il;ilce;mahalle;cadde_sokak;tip;uavt_kodu
ARTVİN;ARDANUÇ;AKARSU - CAMİ;CAMİ KÜME EVLER;sokak;641470
ARTVİN;ARDANUÇ;AKARSU - DERE;DERE KÜME EVLER;sokak;641469
ARTVİN;ARDANUÇ;AKARSU - HARKBAŞI;HARKBAŞI KÜME EVLER;sokak;641473
ARTVİN;ARDANUÇ;AKARSU - KONAKLI YAYLASI;KONAKLI YAYLASI. KÜME EVLER;sokak;641471
ARTVİN;ARDANUÇ;AKARSU - MERKEZ;MERKEZ KÜME EVLER;sokak;641468
ARTVİN;ARDANUÇ;AKARSU - ÜZÜMLÜ;ÜZÜMLÜ KÜME EVLER;sokak;641472
ARTVİN;ARDANUÇ;ANAÇLI NA;ANAÇLI KÜME EVLER;sokak;508572
ARTVİN;ARDANUÇ;AŞAĞIIRMAKLAR - AYVAZLAR;AYVAZLAR KÜME EVLER;sokak;672989
ARTVİN;ARDANUÇ;AŞAĞIIRMAKLAR - CAMİLİ;CAMİLİ KÜME EVLER;sokak;672987
ARTVİN;ARDANUÇ;AŞAĞIIRMAKLAR - MERKEZ;MERKEZ KÜME EVLER;sokak;672990
ARTVİN;ARDANUÇ;AŞIKLAR - AŞAĞI ŞUVAT;AŞAĞI ŞUVAT KÜME EVLER;sokak;34364
ARTVİN;ARDANUÇ;AŞIKLAR - KÜRDEVAN YAYLASI;KÜRDEVAN YAYLASI. KÜME EVLER;sokak;629606
ARTVİN;ARDANUÇ;AŞIKLAR - MERKEZ;MERKEZ KÜME EVLER;sokak;621363
ARTVİN;ARDANUÇ;AŞIKLAR - YUKARI ŞUVAT;YUKARI ŞUVAT KÜME EVLER;sokak;630761
ARTVİN;ARDANUÇ;AVCILAR - ARKİM;ARKİM KÜME EVLER;sokak;81672
ARTVİN;ARDANUÇ;AVCILAR - KIŞLA;KIŞLA KÜME EVLER;sokak;81670
ARTVİN;ARDANUÇ;AVCILAR - VARZELİ;VARZELİ KÜME EVLER;sokak;81671
ARTVİN;ARDANUÇ;AYDINKÖY - AĞAGİLİN;AĞAGİLİN KÜME EVLER;sokak;645300
ARTVİN;ARDANUÇ;AYDINKÖY - AŞAĞI CAMİ;AŞAĞI CAMİ KÜME EVLER;sokak;640108
ARTVİN;ARDANUÇ;AYDINKÖY - AŞAĞI MAĞNAR;AŞAĞI MAĞNAR KÜME EVLER;sokak;109303
ARTVİN;ARDANUÇ;AYDINKÖY - BANTALUĞ;BANTALUĞ KÜME EVLER;sokak;119586
ARTVİN;ARDANUÇ;AYDINKÖY - BORGAMA;BORGAMA KÜME EVLER;sokak;637812
ARTVİN;ARDANUÇ;AYDINKÖY - CAMANDAR;CAMANDAR KÜME EVLER;sokak;109288
ARTVİN;ARDANUÇ;AYDINKÖY - CAMANGELET;CAMANGELET KÜME EVLER;sokak;109302
ARTVİN;ARDANUÇ;AYDINKÖY - GARABAN;GARABAN KÜME EVLER;sokak;644051
ARTVİN;ARDANUÇ;AYDINKÖY - GARBELET;GARBELET KÜME EVLER;sokak;642522
ARTVİN;ARDANUÇ;AYDINKÖY - GİZELT;GİZELT KÜME EVLER;sokak;119609
ARTVİN;ARDANUÇ;AYDINKÖY - GOMOZOR YAYLASI;GOMOZOR YAYLASI KÜME EVLER;sokak;119587
ARTVİN;ARDANUÇ;AYDINKÖY - GÜLÇAYIR;GÜLÇAYIR KÜME EVLER;sokak;637811
ARTVİN;ARDANUÇ;AYDINKÖY - KADIGİL;KADIGİL KÜME EVLER;sokak;645443
ARTVİN;ARDANUÇ;AYDINKÖY - KALTDESE;KALTDESE KÜME EVLER;sokak;640621
ARTVİN;ARDANUÇ;AYDINKÖY - KANALT MEZRASI;KURALT MEZRASI KÜME EVLER;sokak;109305
ARTVİN;ARDANUÇ;AYDINKÖY - KANSALİYA;KANSALİYA KÜME EVLER;sokak;645776
ARTVİN;ARDANUÇ;AYDINKÖY - KARAGÖL YAYLASI;KARAGÖL YAYLASI KÜME EVLER;sokak;119604
ARTVİN;ARDANUÇ;AYDINKÖY - KUZEY;KUZEY KÜME EVLER;sokak;642190
ARTVİN;ARDANUÇ;AYDINKÖY - SANABET;SANABET KÜME EVLER;sokak;645785
ARTVİN;ARDANUÇ;AYDINKÖY - VARKENET;VARKENET KÜME EVLER;sokak;109289
ARTVİN;ARDANUÇ;AYDINKÖY - YUKARI CAMİ;YUKARI CAMİ KÜME EVLER;sokak;644988
ARTVİN;ARDANUÇ;AYDINKÖY - YUKARI MAĞNAR;YUKARI MAĞNAR KÜME EVLER;sokak;109306
ARTVİN;ARDANUÇ;BAĞLICA - AŞAĞI;AŞAĞI KÜME EVLER;sokak;642147
ARTVİN;ARDANUÇ;BAĞLICA - BAĞLAR;BAĞLAR KÜME EVLER;sokak;643458
ARTVİN;ARDANUÇ;BAĞLICA - ÇEVRELİK;ÇEVRELİK KÜME EVLER;sokak;642146
ARTVİN;ARDANUÇ;BAĞLICA - GOZİROT;GOZİROT KÜME EVLER;sokak;642144
ARTVİN;ARDANUÇ;BAĞLICA - İSOT;İSOT KÜME EVLER;sokak;642149
ARTVİN;ARDANUÇ;BAĞLICA - LANPUVAR;LANPUVAR KÜME EVLER;sokak;634920
ARTVİN;ARDANUÇ;BAĞLICA - NANKAR;NANKAR KÜME EVLER;sokak;643465
ARTVİN;ARDANUÇ;BAĞLICA - ORTA;ORTA KÜME EVLER;sokak;634919
ARTVİN;ARDANUÇ;BAĞLICA - OZANLI;OZANLI KÜME EVLER;sokak;643461
ARTVİN;ARDANUÇ;BAĞLICA - YAPRAKLI;YAPRAKLI KÜME EVLER;sokak;643462
ARTVİN;ARDANUÇ;BAĞLICA - YUKARI;YUKARI KÜME EVLER;sokak;642141
ARTVİN;ARDANUÇ;BALLI - AFET EVLERİ;AFET EVLERİ KÜME EVLER;sokak;615034
ARTVİN;ARDANUÇ;BALLI - DİKMEN YAYLASI;DİKMEN YAYLASI KÜME EVLER;sokak;615036
ARTVİN;ARDANUÇ;BALLI - MERKEZ;MERKEZ KÜME EVLER;sokak;606561
ARTVİN;ARDANUÇ;BALLI - TAŞPINAR YAYLASI;TAŞPINAR YAYLASI KÜME EVLER;sokak;615038
ARTVİN;ARDANUÇ;BERATLI NA;BERATLI KÜME EVLER;sokak;603386
ARTVİN;ARDANUÇ;BEREKET - BAYRAMGİL;BAYRAMGİL KÜME EVLER;sokak;270021
ARTVİN;ARDANUÇ;BEREKET - DALAHET YAYLASI;DALAHET YAYLASI KÜME EVLER;sokak;643739
ARTVİN;ARDANUÇ;BEREKET - KOCAGET;KOCAGET KÜME EVLER;sokak;642963
ARTVİN;ARDANUÇ;BEREKET - SALİHAĞA;SALİHAĞA KÜME EVLER;sokak;642965
ARTVİN;ARDANUÇ;BEREKET - ŞATIRGİL;ŞATIRGİL KÜME EVLER;sokak;633161
ARTVİN;ARDANUÇ;BEREKET - TATURGİL;TATURGİL KÜME EVLER;sokak;270030
ARTVİN;ARDANUÇ;BEREKET - TİKMANET;TİKMANET KÜME EVLER;sokak;642953
ARTVİN;ARDANUÇ;BEREKET - YUKARI;YUKARI KÜME EVLER;sokak;633156
ARTVİN;ARDANUÇ;BOYALI - ORTA;ORTA KÜME EVLER;sokak;585595
ARTVİN;ARDANUÇ;BOYALI - SARSOLOT;SARSOLOT KÜME EVLER;sokak;579973
ARTVİN;ARDANUÇ;BOYALI - YUKARI;YUKARI KÜME EVLER;sokak;579977
ARTVİN;ARDANUÇ;BULANIK - KİRAZLI;KİRAZLI KÜME EVLER;sokak;561655
ARTVİN;ARDANUÇ;BULANIK - KUTUL;KUTUL KÜME EVLER;sokak;563158
ARTVİN;ARDANUÇ;BULANIK - LORİ;LORİ KÜME EVLER;sokak;567180
ARTVİN;ARDANUÇ;BULANIK - MERKEZ;MERKEZ KÜME EVLER;sokak;563153
ARTVİN;ARDANUÇ;BULANIK - YAYLALAR;YAYLALAR KÜME EVLER;sokak;557698
ARTVİN;ARDANUÇ;CEVİZLİ - KURUDAT;KURUDAT KÜME EVLER;sokak;246343
ARTVİN;ARDANUÇ;CEVİZLİ - KURUDAT;MERKEZ KÜME EVLER;sokak;533810910
ARTVİN;ARDANUÇ;CEVİZLİ - MERKEZ;MERKEZ KÜME EVLER;sokak;652642
ARTVİN;ARDANUÇ;ÇAKILLAR - CAMİ;CAMİ KÜME EVLER;sokak;641139
ARTVİN;ARDANUÇ;ÇAKILLAR - ÇAKIZAR;ÇAKIZAR KÜME EVLER;sokak;645078
ARTVİN;ARDANUÇ;ÇAKILLAR - DORİK;DORİK KÜME EVLER;sokak;645077
ARTVİN;ARDANUÇ;ÇAKILLAR - DÜZ;DÜZ KÜME EVLER;sokak;646080
ARTVİN;ARDANUÇ;ÇAKILLAR - ORTA;ORTA KÜME EVLER;sokak;645075
ARTVİN;ARDANUÇ;ÇIRALAR - MERKEZ;MERKEZ KÜME EVLER;sokak;582513
ARTVİN;ARDANUÇ;ÇIRALAR - TABZOR;TABZOR KÜME EVLER;sokak;580393
ARTVİN;ARDANUÇ;EKŞİNAR NA;EKŞİNAR KÜME EVLER;sokak;94368
ARTVİN;ARDANUÇ;FERHATLI - BAĞLAR;BAĞLAR KÜME EVLER;sokak;618069
ARTVİN;ARDANUÇ;FERHATLI - BAĞLAR;MERKEZ KÜME EVLER;sokak;472131030
ARTVİN;ARDANUÇ;FERHATLI - MERKEZ;MERKEZ KÜME EVLER;sokak;621848
ARTVİN;ARDANUÇ;GEÇİTLİ - CAMİ;CAMİ KÜME EVLER;sokak;527665
ARTVİN;ARDANUÇ;GEÇİTLİ - MERKEZ;MERKEZ KÜME EVLER;sokak;85892
ARTVİN;ARDANUÇ;GEÇİTLİ - YANIKLAR;YANIKLAR KÜME EVLER;sokak;297108
ARTVİN;ARDANUÇ;GEÇİTLİ - YAYLA;YAYLA KÜME EVLER;sokak;523866
ARTVİN;ARDANUÇ;GÖKÇE - HAMİTGİL;HAMİTGİL KÜME EVLER;sokak;618402
ARTVİN;ARDANUÇ;GÖKÇE - TAYÇALA;TAYAÇALA KÜME EVLER;sokak;618401
ARTVİN;ARDANUÇ;GÜLEŞ - AŞAĞI YAYLA MEVKİİ;AŞAĞI YAYLA MEVKİİ KÜME EVLER;sokak;527274
ARTVİN;ARDANUÇ;GÜLEŞ - BÜYÜK DÜZ;BÜYÜK DÜZ KÜME EVLER;sokak;516466
ARTVİN;ARDANUÇ;GÜLEŞ - KAVLAKLI;KAVLAKLI KÜME EVLER;sokak;516469
ARTVİN;ARDANUÇ;GÜLEŞ - MERKEZ;MERKEZ KÜME EVLER;sokak;515837
ARTVİN;ARDANUÇ;GÜLEŞ - OGEÇE;OGEÇE KÜME EVLER;sokak;516452
ARTVİN;ARDANUÇ;GÜLEŞ - SÖĞÜTLÜK;SÖĞÜTLÜK KÜME EVLER;sokak;516457
ARTVİN;ARDANUÇ;GÜMÜŞHANE - AĞAGİL;AĞAGİL KÜME EVLER;sokak;621790
ARTVİN;ARDANUÇ;GÜMÜŞHANE - ALİAĞAGİL;ALİAĞAGİL KÜME EVLER;sokak;623843
ARTVİN;ARDANUÇ;GÜMÜŞHANE - ALİAĞAGİL;YILDIZELİ KÜME EVLER;sokak;622883780
ARTVİN;ARDANUÇ;GÜMÜŞHANE - ÇINARDİBİ;ÇINARDİBİ KÜME EVLER;sokak;617103
ARTVİN;ARDANUÇ;GÜMÜŞHANE - HACİGİL;HACIGİL KÜME EVLER;sokak;25719
ARTVİN;ARDANUÇ;GÜMÜŞHANE - İMEDEGİL;İMEDEGİL KÜME EVLER;sokak;24155
ARTVİN;ARDANUÇ;GÜMÜŞHANE - TUZLUCA;TUZLUCA KÜME EVLER;sokak;621454
ARTVİN;ARDANUÇ;GÜMÜŞHANE - YILDIZELİ;YILDIZELİ KÜME EVLER;sokak;617108
ARTVİN;ARDANUÇ;HAMURLU - AŞAĞI;AŞAĞI KÜME EVLER;sokak;618690
ARTVİN;ARDANUÇ;HAMURLU - UZUN ÇAYIR YAYLASI;UZUN ÇAYIR YAYLASI KÜME EVLER;sokak;610762
ARTVİN;ARDANUÇ;HAMURLU - YUKARI;YUKARI KÜME EVLER;sokak;617244
ARTVİN;ARDANUÇ;HARMANLI NA;HARMANLI KÜME EVLER;sokak;584201
ARTVİN;ARDANUÇ;HİSARLI NA;HİSARLI KÜME EVLER;sokak;603387
ARTVİN;ARDANUÇ;İNCİLLİ - ALİGİL;ALİGİL KÜME EVLER;sokak;645891
ARTVİN;ARDANUÇ;İNCİLLİ - BADEMLİ;BADEMLİ KÜME EVLER;sokak;645898
ARTVİN;ARDANUÇ;İNCİLLİ - CAMİ;CAMİ KÜME EVLER;sokak;645889
ARTVİN;ARDANUÇ;İNCİLLİ - HOŞATGİL;HOŞATGİL KÜME EVLER;sokak;645894
ARTVİN;ARDANUÇ;İNCİLLİ - KADIGİL;KADIGİL KÜME EVLER;sokak;643254
ARTVİN;ARDANUÇ;İNCİLLİ - KÜRDEVEN İNCİLLİ;KÜRDEVEN İNCİLLİ KÜME EVLER;sokak;643257
ARTVİN;ARDANUÇ;İNCİLLİ - LOMAT;LOMAT KÜME EVLER;sokak;74769
ARTVİN;ARDANUÇ;İNCİLLİ - PİNTİGİL;PİNTİGİL KÜME EVLER;sokak;643256
ARTVİN;ARDANUÇ;İNCİLLİ - SAKATGİL;SAKATGİL KÜME EVLER;sokak;643252
ARTVİN;ARDANUÇ;KAPIKÖY - BAHÇELİEVLER;BAHÇELİEVLER KÜME EVLER;sokak;308416
ARTVİN;ARDANUÇ;KAPIKÖY - MERKEZ;MERKEZ KÜME EVLER;sokak;308419
ARTVİN;ARDANUÇ;KAPIKÖY - MEZRA EVLERİ;MEZRA EVLERİ KÜME EVLER;sokak;308417
ARTVİN;ARDANUÇ;KARLI - AŞAĞI;AŞAĞI KÜME EVLER;sokak;547095
ARTVİN;ARDANUÇ;KARLI - MEZRA EVLERİ;MEZRA EVLERİ KÜME EVLER;sokak;552604
ARTVİN;ARDANUÇ;KARLI - YUKARI;YUKARI KÜME EVLER;sokak;547090
ARTVİN;ARDANUÇ;KAŞIKÇI - MERKEZ;MERKEZ KÜME EVLER;sokak;618320
ARTVİN;ARDANUÇ;KAŞIKÇI - PAŞAAĞAGİLİN;PAŞAAĞAGİLİN KÜME EVLER;sokak;618323
ARTVİN;ARDANUÇ;KIZILCIK - AŞAĞI;AŞAĞI KÜME EVLER;sokak;640626
ARTVİN;ARDANUÇ;KIZILCIK - BAŞAKLAR;BAŞAKLAR KÜME EVLER;sokak;649472
ARTVİN;ARDANUÇ;KIZILCIK - ÇATMALIK YAYLASI;ÇATMALIK YAYLASI KÜME EVLER;sokak;640632
ARTVİN;ARDANUÇ;KIZILCIK - HORHOT;HORHOT KÜME EVLER;sokak;649193
ARTVİN;ARDANUÇ;KIZILCIK - HORHOT;KIZILCIK CADDE;cadde;891044911
ARTVİN;ARDANUÇ;KIZILCIK - KİLLİT MEZRASI;KİLLİT MEZRASI KÜME EVLER;sokak;640634
ARTVİN;ARDANUÇ;KIZILCIK - PAŞALIK YAYLASI;PAŞALIK YAYLASI KÜME EVLER;sokak;640633
ARTVİN;ARDANUÇ;KIZILCIK - SIKA;SIKA KÜME EVLER;sokak;647853
ARTVİN;ARDANUÇ;KIZILCIK - TATLISU;TATLISU KÜME EVLER;sokak;652987
ARTVİN;ARDANUÇ;KONAKLI - BATAK;BATAK KÜME EVLER;sokak;642166
ARTVİN;ARDANUÇ;KONAKLI - CAMİ;CAMİ KÜME EVLER;sokak;633150
ARTVİN;ARDANUÇ;KONAKLI - KONAKLI YAYLASI;KONAKLI YAYLASI KÜME EVLER;sokak;642167
ARTVİN;ARDANUÇ;KONAKLI - MAZMAN;MAZMAN KÜME EVLER;sokak;87328
ARTVİN;ARDANUÇ;KONAKLI - YANIK;YANIK KÜME EVLER;sokak;261530
ARTVİN;ARDANUÇ;KUTLU - BAĞLAR;BAĞLAR KÜME EVLER;sokak;546125
ARTVİN;ARDANUÇ;KUTLU - CAMİ;CAMİ KÜME EVLER;sokak;546127
ARTVİN;ARDANUÇ;KUTLU - CUMHURİYET;CUMHURİYET KÜME EVLER;sokak;322667
ARTVİN;ARDANUÇ;KUTLU - HÜRRİYET;HÜRRİYET KÜME EVLER;sokak;544103
ARTVİN;ARDANUÇ;KUTLU - KAYAGİL;KAYAGİL KÜME EVLER;sokak;546128
ARTVİN;ARDANUÇ;KUTLU - MAHMUTLAR;MAHMUTLAR KÜME EVLER;sokak;546126
ARTVİN;ARDANUÇ;MERKEZ;1. SOKAK;sokak;669884
ARTVİN;ARDANUÇ;MERKEZ;10. SOKAK;sokak;665320
ARTVİN;ARDANUÇ;MERKEZ;11. SOKAK;sokak;890890
ARTVİN;ARDANUÇ;MERKEZ;12. SOKAK;sokak;312696
ARTVİN;ARDANUÇ;MERKEZ;15. SOKAK;sokak;602428
ARTVİN;ARDANUÇ;MERKEZ;17. SOKAK;sokak;26756
ARTVİN;ARDANUÇ;MERKEZ;18. SOKAK;sokak;648749
ARTVİN;ARDANUÇ;MERKEZ;19 EVLER CADDE;cadde;658455
ARTVİN;ARDANUÇ;MERKEZ;19. SOKAK;sokak;669916
ARTVİN;ARDANUÇ;MERKEZ;20. SOKAK;sokak;685125
ARTVİN;ARDANUÇ;MERKEZ;21. SOKAK;sokak;718374
ARTVİN;ARDANUÇ;MERKEZ;22. SOKAK;sokak;278056
ARTVİN;ARDANUÇ;MERKEZ;23 EVLER CADDE;cadde;84535
ARTVİN;ARDANUÇ;MERKEZ;23. SOKAK;sokak;700109
ARTVİN;ARDANUÇ;MERKEZ;25 SOKAK;sokak;598287
ARTVİN;ARDANUÇ;MERKEZ;26. SOKAK;sokak;718365
ARTVİN;ARDANUÇ;MERKEZ;27 EVLER CADDE;cadde;650023
ARTVİN;ARDANUÇ;MERKEZ;27. SOKAK;sokak;357748
ARTVİN;ARDANUÇ;MERKEZ;28. SOKAK;sokak;333889
ARTVİN;ARDANUÇ;MERKEZ;29. SOKAK;sokak;632417
ARTVİN;ARDANUÇ;MERKEZ;31. SOKAK;sokak;841526
ARTVİN;ARDANUÇ;MERKEZ;32. SOKAK;sokak;1083559
ARTVİN;ARDANUÇ;MERKEZ;33 SOKAK;sokak;887486
ARTVİN;ARDANUÇ;MERKEZ;34 SOKAK;sokak;850646
ARTVİN;ARDANUÇ;MERKEZ;35. SOKAK;sokak;1287287
ARTVİN;ARDANUÇ;MERKEZ;36. SOKAK;sokak;1287289
ARTVİN;ARDANUÇ;MERKEZ;37. SOKAK;sokak;1287291
ARTVİN;ARDANUÇ;MERKEZ;6. SOKAK;sokak;681117
ARTVİN;ARDANUÇ;MERKEZ;7 MART CADDE;cadde;89200
ARTVİN;ARDANUÇ;MERKEZ;7. SOKAK;sokak;686583
ARTVİN;ARDANUÇ;MERKEZ;9. SOKAK;sokak;685105
ARTVİN;ARDANUÇ;MERKEZ;ABDİ İPEKCİ CADDE;cadde;628591
ARTVİN;ARDANUÇ;MERKEZ;ADA SOKAK;sokak;632416
ARTVİN;ARDANUÇ;MERKEZ;ADİLE NAŞİT SOKAK;sokak;108661
ARTVİN;ARDANUÇ;MERKEZ;ALİ KAYA CADDE;cadde;693562
ARTVİN;ARDANUÇ;MERKEZ;ALTUNDİŞLER SOKAK;sokak;600632
ARTVİN;ARDANUÇ;MERKEZ;AŞIK EFKARI CADDE;cadde;682253
ARTVİN;ARDANUÇ;MERKEZ;ATATÜRK CADDE;cadde;665837
ARTVİN;ARDANUÇ;MERKEZ;BAŞAK SOKAK;sokak;650258
ARTVİN;ARDANUÇ;MERKEZ;CEHENNEMDERE SOKAK;sokak;671668
ARTVİN;ARDANUÇ;MERKEZ;CÜMBÜŞ SOKAK;sokak;727596
ARTVİN;ARDANUÇ;MERKEZ;DEMOKRASİ SOKAK;sokak;89195
ARTVİN;ARDANUÇ;MERKEZ;DR. VEDAT AKSAKAL CADDE;cadde;683088
ARTVİN;ARDANUÇ;MERKEZ;EFKAR SOKAK;sokak;78872
ARTVİN;ARDANUÇ;MERKEZ;ERDEM AY CADDE;cadde;595837
ARTVİN;ARDANUÇ;MERKEZ;ESENKENT CADDE;cadde;680567
ARTVİN;ARDANUÇ;MERKEZ;ESENTEPE CADDE;cadde;657116
ARTVİN;ARDANUÇ;MERKEZ;FEVZİPAŞA SOKAK;sokak;662804
ARTVİN;ARDANUÇ;MERKEZ;GEVHERLİK CADDE;cadde;627391
ARTVİN;ARDANUÇ;MERKEZ;GÖKHAN ŞİMŞEK SOKAK;sokak;686421
ARTVİN;ARDANUÇ;MERKEZ;GÜL SOKAK;sokak;707990
ARTVİN;ARDANUÇ;MERKEZ;GÜVEN SOKAK;sokak;656405
ARTVİN;ARDANUÇ;MERKEZ;GÜZEL SOKAK;sokak;640294
ARTVİN;ARDANUÇ;MERKEZ;HACI CEVRİ SOKAK;sokak;655317
ARTVİN;ARDANUÇ;MERKEZ;HACI MEHMET ÖZTÜRK CADDE;cadde;654935
ARTVİN;ARDANUÇ;MERKEZ;HALK EĞİTİM SOKAK;sokak;159946
ARTVİN;ARDANUÇ;MERKEZ;HASTAHANE SOKAK;sokak;664627
ARTVİN;ARDANUÇ;MERKEZ;HİLMİ KURT SOKAK;sokak;669890
ARTVİN;ARDANUÇ;MERKEZ;HÜKÜMET CADDE;cadde;83442
ARTVİN;ARDANUÇ;MERKEZ;HÜRRİYET CADDE;cadde;393400
ARTVİN;ARDANUÇ;MERKEZ;İDRİS DEMİREL SOKAK;sokak;89190
ARTVİN;ARDANUÇ;MERKEZ;İNÖNÜ CADDE;cadde;603319
ARTVİN;ARDANUÇ;MERKEZ;İSKANEVLER CADDE;cadde;659633
ARTVİN;ARDANUÇ;MERKEZ;İSKENDER PAŞA CADDE;cadde;89192
ARTVİN;ARDANUÇ;MERKEZ;İSMAİL MURAT SOKAK;sokak;657115
ARTVİN;ARDANUÇ;MERKEZ;İSMAİL UYGUR SOKAK;sokak;76377
ARTVİN;ARDANUÇ;MERKEZ;KARACALAR CADDE;cadde;120808
ARTVİN;ARDANUÇ;MERKEZ;KARANFİL SOKAK;sokak;89194
ARTVİN;ARDANUÇ;MERKEZ;KAYNAR SOKAK;sokak;654936
ARTVİN;ARDANUÇ;MERKEZ;KAZIM KARABEKİR CADDE;cadde;657118
ARTVİN;ARDANUÇ;MERKEZ;KIZILCIK CADDE;cadde;679408
ARTVİN;ARDANUÇ;MERKEZ;KUMLUK SOKAK;sokak;668616
ARTVİN;ARDANUÇ;MERKEZ;KURTULUŞ SOKAK;sokak;357763
ARTVİN;ARDANUÇ;MERKEZ;KÜÇÜK SOKAK;sokak;89201
ARTVİN;ARDANUÇ;MERKEZ;MEHMET GÜNEŞ SOKAK;sokak;357749
ARTVİN;ARDANUÇ;MERKEZ;MENEKŞE SOKAK;sokak;681040
ARTVİN;ARDANUÇ;MERKEZ;NAHİT KÖSE SOKAK;sokak;389593
ARTVİN;ARDANUÇ;MERKEZ;NAZIM HİKMET SOKAK;sokak;83441
ARTVİN;ARDANUÇ;MERKEZ;NESİN SOKAK;sokak;89191
ARTVİN;ARDANUÇ;MERKEZ;OKAY KÖKSAL SOKAK;sokak;178612
ARTVİN;ARDANUÇ;MERKEZ;ORHAN VELİ SOKAK;sokak;657117
ARTVİN;ARDANUÇ;MERKEZ;ORMAN SOKAK;sokak;239624
ARTVİN;ARDANUÇ;MERKEZ;OSMAN AYDIN CADDE;cadde;385835
ARTVİN;ARDANUÇ;MERKEZ;OSMAN GÜRMAN SOKAK;sokak;307032
ARTVİN;ARDANUÇ;MERKEZ;ÖMER ERTEK SOKAK;sokak;686400
ARTVİN;ARDANUÇ;MERKEZ;ÖMER NOYAN SOKAK;sokak;587845
ARTVİN;ARDANUÇ;MERKEZ;ÖZGÜR SOKAK;sokak;89193
ARTVİN;ARDANUÇ;MERKEZ;PİŞKİN SOKAK;sokak;683364
ARTVİN;ARDANUÇ;MERKEZ;REŞAT GENÇ SOKAK;sokak;1249833
ARTVİN;ARDANUÇ;MERKEZ;RÜZGARLI SOKAK;sokak;650025
ARTVİN;ARDANUÇ;MERKEZ;SADRİ ALIŞIK SOKAK;sokak;712440
ARTVİN;ARDANUÇ;MERKEZ;SANAYİ CADDE;cadde;671665
ARTVİN;ARDANUÇ;MERKEZ;SELÇUK SOKAK;sokak;385836
ARTVİN;ARDANUÇ;MERKEZ;SU DEPOSU SOKAK;sokak;422454
ARTVİN;ARDANUÇ;MERKEZ;SÜREYYA AYDIN SOKAK;sokak;673179
ARTVİN;ARDANUÇ;MERKEZ;ŞEHIT BIRKANT BAYRAKTAR SOKAK;sokak;59876
ARTVİN;ARDANUÇ;MERKEZ;ŞEHIT JANDARMA ER FATIH ÇAYBAŞI SOKAK;sokak;595840
ARTVİN;ARDANUÇ;MERKEZ;ŞEHIT TACEDDIN AYDIN SOKAK;sokak;721890
ARTVİN;ARDANUÇ;MERKEZ;ŞEHİT AHMET ORHAN SOKAK;sokak;684499
ARTVİN;ARDANUÇ;MERKEZ;ŞEHİT BİROL KABAR SOKAK;sokak;668377
ARTVİN;ARDANUÇ;MERKEZ;ŞEHİT ERHAN ÖZTÜRK SOKAK;sokak;673180
ARTVİN;ARDANUÇ;MERKEZ;ŞEHİT FATİH KESKİN SOKAK;sokak;648753
ARTVİN;ARDANUÇ;MERKEZ;ŞEHİT JANDARMA UZMAN ÇAVUŞ ÖZEN AKÇAM SOKAK;sokak;687141
ARTVİN;ARDANUÇ;MERKEZ;ŞEHİT POLİS AHMET KAYA SOKAK;sokak;598279
ARTVİN;ARDANUÇ;MERKEZ;ŞEHİT POLİS MURTEZA GENÇ SOKAK;sokak;598283
ARTVİN;ARDANUÇ;MERKEZ;ŞEHİT POLİS YÜKSEL ORAL SOKAK;sokak;671003
ARTVİN;ARDANUÇ;MERKEZ;ŞEHİT RAHİM AKPINAR SOKAK;sokak;681899
ARTVİN;ARDANUÇ;MERKEZ;ŞEHİT SOYDAN YAZICI SOKAK;sokak;77861
ARTVİN;ARDANUÇ;MERKEZ;ŞEHİT SÜREYYA AKSAKAL SOKAK;sokak;393393
ARTVİN;ARDANUÇ;MERKEZ;ŞENER DURMUŞ SOKAK;sokak;834527
ARTVİN;ARDANUÇ;MERKEZ;TUNALAR SOKAK;sokak;1382415
ARTVİN;ARDANUÇ;MERKEZ;UĞUR MUMCU CADDE;cadde;82036
ARTVİN;ARDANUÇ;MERKEZ;VALİ AYHAN ERGİN SOKAK;sokak;700110
ARTVİN;ARDANUÇ;MERKEZ;YEŞİL SOKAK;sokak;652641
ARTVİN;ARDANUÇ;MERKEZ;YILDIRIM KENT CADDE;cadde;629587
ARTVİN;ARDANUÇ;MERKEZ;ZEKİ MEMİOĞLU SOKAK;sokak;650368
ARTVİN;ARDANUÇ;MEŞEKÖY NA;MEŞEKÖY KÜME EVLER;sokak;561995
ARTVİN;ARDANUÇ;MÜEZZİNLER - AFET EVLERİ;AFET EVLERİ KÜME EVLER;sokak;569870
ARTVİN;ARDANUÇ;MÜEZZİNLER - MERKEZ;MERKEZ KÜME EVLER;sokak;576461
ARTVİN;ARDANUÇ;MÜEZZİNLER - YAYLA;YAYLA KÜME EVLER;sokak;570292
ARTVİN;ARDANUÇ;NALDÖKEN - DEREBAĞLAR;DEREBAĞLAR KÜME EVLER;sokak;603385
ARTVİN;ARDANUÇ;NALDÖKEN NA;AFET EVLERİ KÜME EVLER;sokak;1093651
ARTVİN;ARDANUÇ;NALDÖKEN NA;NALDÖKEN KÜME EVLER;sokak;561996
ARTVİN;ARDANUÇ;OVACIK - ÇAVUŞ ALİGİL;ÇAVUŞ ALİGİL KÜME EVLER;sokak;511326
ARTVİN;ARDANUÇ;OVACIK - GÖLBAŞI;GÖLBAŞI KÜME EVLER;sokak;511665
ARTVİN;ARDANUÇ;OVACIK - HAS;HAS KÜME EVLER;sokak;511666
ARTVİN;ARDANUÇ;OVACIK - KADİRAĞAGİL;KADİRAĞAGİL KÜME EVLER;sokak;267460
ARTVİN;ARDANUÇ;OVACIK - KOLBAŞI;KOLBAŞI KÜME EVLER;sokak;511669
ARTVİN;ARDANUÇ;OVACIK - MERKEZ;MERKEZ KÜME EVLER;sokak;120246
ARTVİN;ARDANUÇ;OVACIK - SIK;SIK KÜME EVLER;sokak;528120
ARTVİN;ARDANUÇ;OVACIK - YAYLA;YAYLA KÜME EVLER;sokak;511325
ARTVİN;ARDANUÇ;ÖRTÜLÜ - AŞAĞI;AŞAĞI KÜME EVLER;sokak;579936
ARTVİN;ARDANUÇ;ÖRTÜLÜ - MERKEZ;MERKEZ KÜME EVLER;sokak;580381
ARTVİN;ARDANUÇ;PEYNİRLİ - AHMET KAYAGİL;AHMET KAYAGİL KÜME EVLER;sokak;512947
ARTVİN;ARDANUÇ;PEYNİRLİ - BAŞYİĞİTGİL;BAŞYİĞİTGİL KÜME EVLER;sokak;521166
ARTVİN;ARDANUÇ;PEYNİRLİ - BEKİRGİL;BEKİRGİL KÜME EVLER;sokak;521167
ARTVİN;ARDANUÇ;PEYNİRLİ - BÜYÜK YAYLA;BÜYÜK YAYLA KÜME EVLER;sokak;403208
ARTVİN;ARDANUÇ;PEYNİRLİ - CAMANDAR;CAMANDAR. KÜME EVLER;sokak;521173
ARTVİN;ARDANUÇ;PEYNİRLİ - CAMİ;CAMİ KÜME EVLER;sokak;512953
ARTVİN;ARDANUÇ;PEYNİRLİ - EFEKÖY;EFEKÖY KÜME EVLER;sokak;512949
ARTVİN;ARDANUÇ;PEYNİRLİ - EMİN AĞAGİL;EMİM AĞAGİL KÜME EVLER;sokak;519776
ARTVİN;ARDANUÇ;PEYNİRLİ - HASMENLAT;HASMENLAT KÜME EVLER;sokak;120225
ARTVİN;ARDANUÇ;PEYNİRLİ - KÖPRÜBAŞI;KÖPRÜBAŞI KÜME EVLER;sokak;512951
ARTVİN;ARDANUÇ;PEYNİRLİ - SEDESTPİLİN;SEDESTPİLİN KÜME EVLER;sokak;519774
ARTVİN;ARDANUÇ;PEYNİRLİ - TOPÇULAR;TOPÇULAR KÜME EVLER;sokak;521169
ARTVİN;ARDANUÇ;PEYNİRLİ - YOBAT;YOBAT KÜME EVLER;sokak;521172
ARTVİN;ARDANUÇ;PEYNİRLİ - YUKARI;YUKARI KÜME EVLER;sokak;521168
ARTVİN;ARDANUÇ;SAKARYA - KAYADIBI;KAYADİBİ KÜME EVLER;sokak;611453
ARTVİN;ARDANUÇ;SAKARYA - KÜNYE;KÜNYE KÜME EVLER;sokak;609697
ARTVİN;ARDANUÇ;SAKARYA - MERKEZ;MERKEZ KÜME EVLER;sokak;585272
ARTVİN;ARDANUÇ;SOĞANLI - CUĞO;CUĞO KÜME EVLER;sokak;633984
ARTVİN;ARDANUÇ;SOĞANLI - GONARA;GONARA KÜME EVLER;sokak;633983
ARTVİN;ARDANUÇ;SOĞANLI - GONARA;YOLÜSTÜ KÜME EVLER;sokak;162153031
ARTVİN;ARDANUÇ;SOĞANLI - GORPOTA;GORPOTA KÜME EVLER;sokak;634871
ARTVİN;ARDANUÇ;SOĞANLI - HASBAHÇE;HASBAHÇE KÜME EVLER;sokak;633982
ARTVİN;ARDANUÇ;SOĞANLI - ORTA;ORTA KÜME EVLER;sokak;646078
ARTVİN;ARDANUÇ;SOĞANLI - TEKNOVET İNŞAAT;TEKNOVET İNŞAAT KÜME EVLER;sokak;81673
ARTVİN;ARDANUÇ;TEPEDÜZÜ - ÇAYAĞZI;ÇAYAĞZI KÜME EVLER;sokak;635745
ARTVİN;ARDANUÇ;TEPEDÜZÜ - MERKEZ;MERKEZ KÜME EVLER;sokak;628371
ARTVİN;ARDANUÇ;TORBALI - KAYADIBI;KAYADİBİ KÜME EVLER;sokak;326340
ARTVİN;ARDANUÇ;TORBALI - MERKEZ;MERKEZ KÜME EVLER;sokak;580367
ARTVİN;ARDANUÇ;TOSUNLU - YAYLA;YAYLA KÜME EVLER;sokak;308413
ARTVİN;ARDANUÇ;TOSUNLU NA;TOSUNLU KÜME EVLER;sokak;548664
ARTVİN;ARDANUÇ;TÜTÜNLÜ - MEZRA EVLERİ;MEZRA EVLERİ KÜME EVLER;sokak;307069
ARTVİN;ARDANUÇ;TÜTÜNLÜ NA;TÜTÜNLÜ KÜME EVLER;sokak;546558
ARTVİN;ARDANUÇ;USTALAR NA;USTALAR KÜME EVLER;sokak;94365
ARTVİN;ARDANUÇ;YAYLACIK NA;YAYLACIK KÜME EVLER;sokak;387594
ARTVİN;ARDANUÇ;YOLAĞZI - DEMİRCİ;DEMİRCİ KÜME EVLER;sokak;508174
ARTVİN;ARDANUÇ;YOLAĞZI - MEZRA;MEZRA KÜME EVLER;sokak;508175
ARTVİN;ARDANUÇ;YOLAĞZI NA;KÖYÜN KENDİSİ KÜME EVLER;sokak;519761
ARTVİN;ARDANUÇ;YOLÜSTÜ NA;YOLÜSTÜ KÜME EVLER;sokak;513006
ARTVİN;ARDANUÇ;YUKARIIRMAKLAR NA;YUKARIIRMAKLAR KÜME EVLER;sokak;665830
ARTVİN;ARDANUÇ;ZEKERİYAKÖY - YAYLA;YAYLA KÜME EVLER;sokak;511324
ARTVİN;ARDANUÇ;ZEKERİYAKÖY NA;ZEKERİYAKÖY KÜME EVLER;sokak;120226
ARTVİN;ARHAVİ;ARILI - ISINALİ;ISINALİ KÜME EVLER;sokak;536036
ARTVİN;ARHAVİ;ARILI - KAMİLET;KAMİLET KÜME EVLER;sokak;541791
ARTVİN;ARHAVİ;ARILI - KÖYİÇİ;KÖYİÇİ KÜME EVLER;sokak;540032
ARTVİN;ARHAVİ;ARILI - ÖRNEK;ÖRNEK KÜME EVLER;sokak;545973
ARTVİN;ARHAVİ;AŞAĞI HACILAR;A.HACILAR KÜME EVLER;sokak;589213
ARTVİN;ARHAVİ;AŞAĞI HACILAR;BİLİNMEYEN-996 SOKAK;sokak;890612120
ARTVİN;ARHAVİ;AŞAĞI HACILAR;BİLİNMEYEN2 SOKAK;sokak;520795301
ARTVİN;ARHAVİ;AŞAĞI HACILAR;KARAYOLU BULVAR;sokak;429685030
ARTVİN;ARHAVİ;AŞAĞI HACILAR;SEVİM ÇAPAN ÇARMIKLI CADDE;cadde;598346
ARTVİN;ARHAVİ;AŞAĞI HACILAR;VALİ ASIM BÜYÜKLÜ CADDE;cadde;602384
ARTVİN;ARHAVİ;AŞAĞI HACILAR;YÜKSEL BÜYÜKLÜ CADDE;cadde;463674
ARTVİN;ARHAVİ;AŞAĞIŞAHİNLER NA;AŞAĞIŞAHİNLER KÜME EVLER;sokak;512865
ARTVİN;ARHAVİ;BALIKLI - GÜLTEPE;GÜLTEPE KÜME EVLER;sokak;520491
ARTVİN;ARHAVİ;BALIKLI - GÜNEYCE;GÜNEYCE KÜME EVLER;sokak;528139
ARTVİN;ARHAVİ;BALIKLI - KOZLUCA;KOZLUCA KÜME EVLER;sokak;521259
ARTVİN;ARHAVİ;BAŞKÖY - AŞAĞI MERKEZ;AŞAĞI MERKEZ KÜME EVLER;sokak;116761
ARTVİN;ARHAVİ;BAŞKÖY - ÇAMLICA;ÇAMLICA KÜME EVLER;sokak;527526
ARTVİN;ARHAVİ;BAŞKÖY - MASTAKA;MASTAKA KÜME EVLER;sokak;526076
ARTVİN;ARHAVİ;BAŞKÖY - MEZRA;MEZRA KÜME EVLER;sokak;518174
ARTVİN;ARHAVİ;BAŞKÖY - TAŞPINAR;TAŞPINAR KÜME EVLER;sokak;42149
ARTVİN;ARHAVİ;BAŞKÖY - YUKARI MERKEZ;YUKARI MERKEZ KÜME EVLER;sokak;517801
ARTVİN;ARHAVİ;BOĞAZİÇİ;10 NOLU SOKAK;sokak;510505
ARTVİN;ARHAVİ;BOĞAZİÇİ;1NOLU SOKAK;sokak;511396
ARTVİN;ARHAVİ;BOĞAZİÇİ;2 NOLU SOKAK;sokak;510613
ARTVİN;ARHAVİ;BOĞAZİÇİ;3 NOLU SOKAK;sokak;509828
ARTVİN;ARHAVİ;BOĞAZİÇİ;4 NOLU SOKAK;sokak;500065
ARTVİN;ARHAVİ;BOĞAZİÇİ;5 NOLU SOKAK;sokak;921038
ARTVİN;ARHAVİ;BOĞAZİÇİ;6 NOLU SOKAK;sokak;510206
ARTVİN;ARHAVİ;BOĞAZİÇİ;7 NOLU SOKAK;sokak;516345
ARTVİN;ARHAVİ;BOĞAZİÇİ;8 NOLU SOKAK;sokak;515846
ARTVİN;ARHAVİ;BOĞAZİÇİ;9 NOLU SOKAK;sokak;519424
ARTVİN;ARHAVİ;BOĞAZİÇİ;AHMET EFENDİ CADDE;cadde;700264
ARTVİN;ARHAVİ;BOĞAZİÇİ;ATATÜRK BULVAR;sokak;83464
ARTVİN;ARHAVİ;BOĞAZİÇİ;AY SOKAK;sokak;83469
ARTVİN;ARHAVİ;BOĞAZİÇİ;BİLİNMEYEN 74 SOKAK;sokak;724881170
ARTVİN;ARHAVİ;BOĞAZİÇİ;BİLİNMEYEN 76 SOKAK;sokak;828428241
ARTVİN;ARHAVİ;BOĞAZİÇİ;BİLİNMEYEN 79 SOKAK;sokak;122926291
ARTVİN;ARHAVİ;BOĞAZİÇİ;BİLİNMEYEN 80 SOKAK;sokak;101190711
ARTVİN;ARHAVİ;BOĞAZİÇİ;BİLİNMEYEN 81 SOKAK;sokak;888424141
ARTVİN;ARHAVİ;BOĞAZİÇİ;BİLİNMEYEN 93 SOKAK;sokak;914652031
ARTVİN;ARHAVİ;BOĞAZİÇİ;BİLİNMEYEN 95 SOKAK;sokak;784730300
ARTVİN;ARHAVİ;BOĞAZİÇİ;BİLİNMEYEN SOKAK;sokak;865498701
ARTVİN;ARHAVİ;BOĞAZİÇİ;BİLİNMEYEN72 SOKAK;sokak;434323840
ARTVİN;ARHAVİ;BOĞAZİÇİ;BİNBAŞI NECATİ YURDAER CADDE;cadde;521439
ARTVİN;ARHAVİ;BOĞAZİÇİ;BOĞAZİÇİ1 SOKAK;sokak;501039441
ARTVİN;ARHAVİ;BOĞAZİÇİ;BOĞAZİÇİ10 SOKAK;sokak;721824541
ARTVİN;ARHAVİ;BOĞAZİÇİ;BOĞAZİÇİ2 SOKAK;sokak;166764471
ARTVİN;ARHAVİ;BOĞAZİÇİ;BOĞAZİÇİ3 SOKAK;sokak;430541390
ARTVİN;ARHAVİ;BOĞAZİÇİ;BOĞAZİÇİ4 SOKAK;sokak;369142240
ARTVİN;ARHAVİ;BOĞAZİÇİ;BOĞAZİÇİ5 SOKAK;sokak;536727050
ARTVİN;ARHAVİ;BOĞAZİÇİ;BOĞAZİÇİ7 SOKAK;sokak;523235571
ARTVİN;ARHAVİ;BOĞAZİÇİ;CENGİZ KURDOĞLU CADDE;cadde;1295219
ARTVİN;ARHAVİ;BOĞAZİÇİ;ÇİĞDEM SOKAK;sokak;391974
ARTVİN;ARHAVİ;BOĞAZİÇİ;DR.CEMAL KAZANCI CADDE;cadde;519084
ARTVİN;ARHAVİ;BOĞAZİÇİ;ETİ CADDE;cadde;83465
ARTVİN;ARHAVİ;BOĞAZİÇİ;FEZA SOKAK;sokak;391973
ARTVİN;ARHAVİ;BOĞAZİÇİ;HASAN GALATALI CADDE;cadde;1344209
ARTVİN;ARHAVİ;BOĞAZİÇİ;KANUNİ CADDE;cadde;87750
ARTVİN;ARHAVİ;BOĞAZİÇİ;KARAYOLU BULVAR;sokak;235257770
ARTVİN;ARHAVİ;BOĞAZİÇİ;MÜNEVVER ÇARMIKLI CADDE;cadde;279112
ARTVİN;ARHAVİ;BOĞAZİÇİ;NAFIZ KURDOĞLU CADDE;cadde;700331
ARTVİN;ARHAVİ;BOĞAZİÇİ;NURİ ÖZALTIN CADDE;cadde;68589
ARTVİN;ARHAVİ;BOĞAZİÇİ;PAPATYA SOKAK;sokak;391972
ARTVİN;ARHAVİ;BOĞAZİÇİ;PROF. DR. TEOMAN ŞEŞEN CADDE;cadde;1320075
ARTVİN;ARHAVİ;BOĞAZİÇİ;PROF.DR. KUTLU ZORAL CADDE;cadde;1047932
ARTVİN;ARHAVİ;BOĞAZİÇİ;PROF.SALİH ÖZBAY CADDE;cadde;120669
ARTVİN;ARHAVİ;BOĞAZİÇİ;RAFET BAYRAKTAR CADDE;cadde;391975
ARTVİN;ARHAVİ;BOĞAZİÇİ;RÜSTÜ HATINOĞLU CADDE;cadde;83466
ARTVİN;ARHAVİ;BOĞAZİÇİ;SENATÖR RECAİ KOCAMAN CADDE;cadde;847890
ARTVİN;ARHAVİ;BOĞAZİÇİ;STADYUM CADDE;cadde;942868
ARTVİN;ARHAVİ;BOĞAZİÇİ;ŞEHİT ER NACİ SURAT CADDE;cadde;506946
ARTVİN;ARHAVİ;BOĞAZİÇİ;ŞEHİT ER RECEPALİ TEMEL SOKAK;sokak;509119
ARTVİN;ARHAVİ;BOĞAZİÇİ;TAHSİN ÇARMIKLI CADDE;cadde;519790
ARTVİN;ARHAVİ;BOĞAZİÇİ;TURAN YÜCEL CADDE;cadde;83467
ARTVİN;ARHAVİ;BOĞAZİÇİ;UZAYAN SOKAK;sokak;87752
ARTVİN;ARHAVİ;BOĞAZİÇİ;YAŞAR TURNA CADDE;cadde;92450
ARTVİN;ARHAVİ;BOĞAZİÇİ;YAVUZ SELİM CADDE;cadde;87751
ARTVİN;ARHAVİ;BOĞAZİÇİ;YILDIZ SOKAK;sokak;83470
ARTVİN;ARHAVİ;BOĞAZİÇİ;ZAMBAK SOKAK;sokak;83468
ARTVİN;ARHAVİ;BOYUNCUK NA;BOYUNCUK KÜME EVLER;sokak;499971
ARTVİN;ARHAVİ;CUMHURİYET;12 MART CADDE;cadde;331342
ARTVİN;ARHAVİ;CUMHURİYET;BİLİNMEYEN YOL SOKAK;sokak;452027691
ARTVİN;ARHAVİ;CUMHURİYET;BİLİNMEYEN10 SOKAK;sokak;625163070
ARTVİN;ARHAVİ;CUMHURİYET;BİLİNMEYEN11 SOKAK;sokak;165027180
ARTVİN;ARHAVİ;CUMHURİYET;BİLİNMEYEN13 SOKAK;sokak;675234311
ARTVİN;ARHAVİ;CUMHURİYET;BİLİNMEYEN16 KÜME EVLER;sokak;929530090
ARTVİN;ARHAVİ;CUMHURİYET;BİLİNMEYEN17 SOKAK;sokak;604028721
ARTVİN;ARHAVİ;CUMHURİYET;BİLİNMEYEN55 SOKAK;sokak;573089260
ARTVİN;ARHAVİ;CUMHURİYET;CUMHURİYET CADDE;cadde;661161
ARTVİN;ARHAVİ;CUMHURİYET;CUMHURİYET. KÜME EVLER;sokak;391976
ARTVİN;ARHAVİ;CUMHURİYET;PROF. DR. RAMİZ BANOĞLU CADDE;cadde;962930
ARTVİN;ARHAVİ;CUMHURİYET;SENATÖR RECAİ KOCAMAN CADDE;cadde;635207
ARTVİN;ARHAVİ;CUMHURİYET;ŞEHİT ER FATİH ÇAYIRBAŞI CADDE;cadde;384686660
ARTVİN;ARHAVİ;DERECİK - BÜYÜK;BÜYÜK KÜME EVLER;sokak;542592
ARTVİN;ARHAVİ;DERECİK - HÜRRİYET;HÜRRİYET KÜME EVLER;sokak;534747
ARTVİN;ARHAVİ;DERECİK - İSMAİL ÇAĞ;İSMAİL ÇAĞ KÜME EVLER;sokak;535751
ARTVİN;ARHAVİ;DERECİK - KÜÇÜK;KÜÇÜK KÜME EVLER;sokak;531014
ARTVİN;ARHAVİ;DERECİK - MERKEZ;MERKEZ KÜME EVLER;sokak;530458
ARTVİN;ARHAVİ;DEREÜSTÜ - AŞAĞI;AŞAĞI KÜME EVLER;sokak;85514
ARTVİN;ARHAVİ;DEREÜSTÜ - GÜNAYDIN;GÜNAYDIN KÜME EVLER;sokak;521349
ARTVİN;ARHAVİ;DEREÜSTÜ - ORTA;ORTA KÜME EVLER;sokak;509064
ARTVİN;ARHAVİ;DEREÜSTÜ - SARIBAŞ;SARIBAŞ KÜME EVLER;sokak;523803
ARTVİN;ARHAVİ;DEREÜSTÜ - YUKARI;YUKARI KÜME EVLER;sokak;512489
ARTVİN;ARHAVİ;DİKYAMAÇ - AKINCILAR;AKINCILAR KÜME EVLER;sokak;529327
ARTVİN;ARHAVİ;DİKYAMAÇ - MERKEZ;MERKEZ KÜME EVLER;sokak;535415
ARTVİN;ARHAVİ;DİKYAMAÇ - MEZRA;MEZRA KÜME EVLER;sokak;531860
ARTVİN;ARHAVİ;DİKYAMAÇ - SOĞUKSU;SOĞUKSU KÜME EVLER;sokak;535905
ARTVİN;ARHAVİ;DÜLGERLİ - CENEVİZLER;CENEVİZLER KÜME EVLER;sokak;376841
ARTVİN;ARHAVİ;DÜLGERLİ - DEMİRCİLER;DEMİRCİLER KÜME EVLER;sokak;526956
ARTVİN;ARHAVİ;DÜLGERLİ - ESKUVAT;ESKUVAT KÜME EVLER;sokak;518627
ARTVİN;ARHAVİ;DÜLGERLİ - OMJORE;OMJORE KÜME EVLER;sokak;528424
ARTVİN;ARHAVİ;DÜLGERLİ - PEPERDİHA;PEPERDİHA KÜME EVLER;sokak;68732
ARTVİN;ARHAVİ;DÜLGERLİ - SUCUNA;SUCUNA KÜME EVLER;sokak;84202
ARTVİN;ARHAVİ;DÜLGERLİ - ŞAHİNLER;ŞAHİNLER KÜME EVLER;sokak;517824
ARTVİN;ARHAVİ;GÜNEŞLİ NA;GÜNEŞLİ KÜME EVLER;sokak;522707
ARTVİN;ARHAVİ;GÜNGÖREN NA;GÜNGÖREN KÜME EVLER;sokak;515766
ARTVİN;ARHAVİ;GÜRGENCİK NA;GÜRGENCİK KÜME EVLER;sokak;524312
ARTVİN;ARHAVİ;KALE;ATATÜRK BULVAR;sokak;882244
ARTVİN;ARHAVİ;KALE;BİLİNMEYEN 997 SOKAK;sokak;480516190
ARTVİN;ARHAVİ;KALE;BİLİNMEYEN 998 SOKAK;sokak;266083981
ARTVİN;ARHAVİ;KALE;BİLİNMEYEN 999 SOKAK;sokak;673397881
ARTVİN;ARHAVİ;KALE;KALE KÜME EVLER;sokak;87754
ARTVİN;ARHAVİ;KALE;KARAYOLU BULVAR;sokak;917401750
ARTVİN;ARHAVİ;KALE;M.NAZİF GÜNAL CADDE;cadde;584646
ARTVİN;ARHAVİ;KALE;ORTACALAR CADDE;cadde;26865048
ARTVİN;ARHAVİ;KAVAKKÖY - BERZENE;BERZENE KÜME EVLER;sokak;526235
ARTVİN;ARHAVİ;KAVAKKÖY - KÖROĞLU BÜYÜKLÜ;KÖROĞLU BÜYÜKLÜ KÜME EVLER;sokak;35482
ARTVİN;ARHAVİ;KAVAKKÖY - MERKEZ;MERKEZ KÜME EVLER;sokak;527582
ARTVİN;ARHAVİ;KAVAKKÖY - ORTA;ORTA KÜME EVLER;sokak;526658
ARTVİN;ARHAVİ;KAVAKKÖY - TÜRKMENE;TÜRKMENE KÜME EVLER;sokak;525319
ARTVİN;ARHAVİ;KAVAKKÖY - YUKARI;YUKARI KÜME EVLER;sokak;526292
ARTVİN;ARHAVİ;KEMERKÖPRÜ NA;KEMERKÖPRÜ KÜME EVLER;sokak;535663
ARTVİN;ARHAVİ;KESTANEALAN NA;KESTANEALAN KÜME EVLER;sokak;502611
ARTVİN;ARHAVİ;KİREÇLİK NA;KİREÇLİK KÜME EVLER;sokak;510701
ARTVİN;ARHAVİ;KONAKLI - AŞAĞI;AŞAĞI KÜME EVLER;sokak;378074
ARTVİN;ARHAVİ;KONAKLI - MERKEZ;MERKEZ KÜME EVLER;sokak;530213
ARTVİN;ARHAVİ;KONAKLI - YUKARI;YUKARI KÜME EVLER;sokak;529051
ARTVİN;ARHAVİ;KÜÇÜKKÖY - BIYIKLIOĞLU;BIYIKLIOĞLU KÜME EVLER;sokak;498346
ARTVİN;ARHAVİ;KÜÇÜKKÖY - GÜLLAVAT;GÜLLAVAT KÜME EVLER;sokak;505643
ARTVİN;ARHAVİ;KÜÇÜKKÖY - KAMİLET;KAMİLET KÜME EVLER;sokak;525227
ARTVİN;ARHAVİ;KÜÇÜKKÖY - ORTA;ORTA KÜME EVLER;sokak;507353
ARTVİN;ARHAVİ;MUSAZADE;1 NOLU SOKAK;sokak;87771
ARTVİN;ARHAVİ;MUSAZADE;2 NOLU. SOKAK;sokak;87772
ARTVİN;ARHAVİ;MUSAZADE;3 NOLU. SOKAK;sokak;87755
ARTVİN;ARHAVİ;MUSAZADE;6 NOLU 1 SOKAK;sokak;567213
ARTVİN;ARHAVİ;MUSAZADE;7 NOLU. SOKAK;sokak;565167
ARTVİN;ARHAVİ;MUSAZADE;ARHAVİLİ İSMAİL CADDE;cadde;562908
ARTVİN;ARHAVİ;MUSAZADE;ATATÜRK BULVAR;sokak;87756
ARTVİN;ARHAVİ;MUSAZADE;ATİF TÜZÜN CADDE;cadde;664286
ARTVİN;ARHAVİ;MUSAZADE;BARAT ÇAVUŞ CADDE;cadde;463388
ARTVİN;ARHAVİ;MUSAZADE;BİLİNMEYEN 11 SOKAK;sokak;433408191
ARTVİN;ARHAVİ;MUSAZADE;BİLİNMEYEN 111 SOKAK;sokak;439081930
ARTVİN;ARHAVİ;MUSAZADE;BİLİNMEYEN 12 SOKAK;sokak;399655460
ARTVİN;ARHAVİ;MUSAZADE;BİLİNMEYEN 2 SOKAK;sokak;340371431
ARTVİN;ARHAVİ;MUSAZADE;BİLİNMEYEN 3 SOKAK;sokak;195041171
ARTVİN;ARHAVİ;MUSAZADE;BİLİNMEYEN 4 SOKAK;sokak;598566741
ARTVİN;ARHAVİ;MUSAZADE;BİLİNMEYEN 57 SOKAK;sokak;938640561
ARTVİN;ARHAVİ;MUSAZADE;BİLİNMEYEN 7 SOKAK;sokak;741287861
ARTVİN;ARHAVİ;MUSAZADE;BİLİNMEYEN 8 SOKAK;sokak;280287441
ARTVİN;ARHAVİ;MUSAZADE;BİLİNMEYEN 88 SOKAK;sokak;648771861
ARTVİN;ARHAVİ;MUSAZADE;BİLİNMEYEN 9 SOKAK;sokak;459591451
ARTVİN;ARHAVİ;MUSAZADE;BİLİNMEYEN32 SOKAK;sokak;611261240
ARTVİN;ARHAVİ;MUSAZADE;BİLİNMEYEN55 SOKAK;sokak;842725740
ARTVİN;ARHAVİ;MUSAZADE;BİLİNMEYEN8 SOKAK;sokak;807383050
ARTVİN;ARHAVİ;MUSAZADE;BİLİNMYEN 9 SOKAK;sokak;189076910
ARTVİN;ARHAVİ;MUSAZADE;CEMAL GÜRSEL CADDE;cadde;391978
ARTVİN;ARHAVİ;MUSAZADE;CENGİZ GÜNAL CADDE;cadde;275030
ARTVİN;ARHAVİ;MUSAZADE;CENGİZ TOPEL CADDE;cadde;572214
ARTVİN;ARHAVİ;MUSAZADE;CEVDET PAKSOY CADDE;cadde;867379
ARTVİN;ARHAVİ;MUSAZADE;CUMHURİYET MEYDANI MEYDAN;sokak;87775
ARTVİN;ARHAVİ;MUSAZADE;ÇANAKKALE 57.ALAY SOKAK;sokak;538782
ARTVİN;ARHAVİ;MUSAZADE;DERYA SOKAK;sokak;391981
ARTVİN;ARHAVİ;MUSAZADE;DR. MUSTAFA ÖZGÜL CADDE;cadde;87773
ARTVİN;ARHAVİ;MUSAZADE;ERKAN OCAKLI SOKAK;sokak;1305539
ARTVİN;ARHAVİ;MUSAZADE;EROL ÇARMIKLI CADDE;cadde;621883
ARTVİN;ARHAVİ;MUSAZADE;EROL ERTUĞRUL CADDE;cadde;277174
ARTVİN;ARHAVİ;MUSAZADE;EYÜP ÇARMIKLI CADDE;cadde;162428
ARTVİN;ARHAVİ;MUSAZADE;FEVZİ ÇAKMAK CADDE;cadde;87758
ARTVİN;ARHAVİ;MUSAZADE;HİLMİ EMİRAL CADDE;cadde;579219
ARTVİN;ARHAVİ;MUSAZADE;İNKILAP SOKAK;sokak;823653
ARTVİN;ARHAVİ;MUSAZADE;İNÖNÜ BULVAR;sokak;391983
ARTVİN;ARHAVİ;MUSAZADE;KARAYOLU BULVAR;sokak;749307930
ARTVİN;ARHAVİ;MUSAZADE;KAZIM KARABEKİR CADDE;cadde;391984
ARTVİN;ARHAVİ;MUSAZADE;KAZIM KURDOĞLU CADDE;cadde;161761
ARTVİN;ARHAVİ;MUSAZADE;KIBRIS SOKAK;sokak;551439
ARTVİN;ARHAVİ;MUSAZADE;KUBİLAY CADDE;cadde;87767
ARTVİN;ARHAVİ;MUSAZADE;M.ALİ CORDAN CADDE;cadde;605523
ARTVİN;ARHAVİ;MUSAZADE;MEHMET ÇARMIKLI CADDE;cadde;684566
ARTVİN;ARHAVİ;MUSAZADE;MESUT GÜNEY CADDE;cadde;176907
ARTVİN;ARHAVİ;MUSAZADE;MİTHAT PAŞA CADDE;cadde;87761
ARTVİN;ARHAVİ;MUSAZADE;MUSA ULUTAŞ CADDE;cadde;87774
ARTVİN;ARHAVİ;MUSAZADE;MUZAFFER ÇAVUŞ CADDE;cadde;603365
ARTVİN;ARHAVİ;MUSAZADE;NAMIK KEMAL CADDE;cadde;687570
ARTVİN;ARHAVİ;MUSAZADE;NECATİ BEY CADDE;cadde;1185025
ARTVİN;ARHAVİ;MUSAZADE;NUMAN NUMANOĞLU CADDE;cadde;577905
ARTVİN;ARHAVİ;MUSAZADE;NURETTİN ÇARMIKLI CADDE;cadde;540178
ARTVİN;ARHAVİ;MUSAZADE;OĞUZ ÇARMIKLI CADDE;cadde;1305541
ARTVİN;ARHAVİ;MUSAZADE;ÖNDER ÖZKAZANÇ CADDE;cadde;162292
ARTVİN;ARHAVİ;MUSAZADE;ÖZER ULUŞAN CADDE;cadde;447176
ARTVİN;ARHAVİ;MUSAZADE;PROF.DR. ADİL SURAT CADDE;cadde;547921
ARTVİN;ARHAVİ;MUSAZADE;PROF.DR.MAKSUT COŞKUN CADDE;cadde;684150
ARTVİN;ARHAVİ;MUSAZADE;PROF.NAZIM ÖZKAZANÇ CADDE;cadde;685434
ARTVİN;ARHAVİ;MUSAZADE;SEDAT BATUMOĞLU CADDE;cadde;391979
ARTVİN;ARHAVİ;MUSAZADE;SITKI GÜRKAN CADDE;cadde;87768
ARTVİN;ARHAVİ;MUSAZADE;ŞEHİT ER BARIŞ ÖZTÜR CADDE;cadde;564640
ARTVİN;ARHAVİ;MUSAZADE;ŞEHİT ER MÜRSEL ÖZDEMEK İZMİR PASAJI KÜME EVLER;sokak;391980
ARTVİN;ARHAVİ;MUSAZADE;ŞEHİT ÖMER HALİSDEMİR CADDE;cadde;87765
ARTVİN;ARHAVİ;MUSAZADE;ŞHT. ÜSTĞM. GÖKHAN YAVUZ CADDE;cadde;1243943
ARTVİN;ARHAVİ;MUSAZADE;ŞHT. YÜKSEL YILMAZ CADDE;cadde;391982
ARTVİN;ARHAVİ;MUSAZADE;ŞHT.AST MEHMET ALTANLAR CADDE;cadde;87764
ARTVİN;ARHAVİ;MUSAZADE;TEVFİK FİKRET CADDE;cadde;87769
ARTVİN;ARHAVİ;MUSAZADE;TUNCER KILIÇ PAŞA KÜME EVLER;sokak;685597
ARTVİN;ARHAVİ;MUSAZADE;VASFİ KURDOĞLU CADDE;cadde;623599
ARTVİN;ARHAVİ;MUSAZADE;ZAFER ÇELENK KÜME EVLER;sokak;562913
ARTVİN;ARHAVİ;ORTAKÖY - MERKEZ;MERKEZ KÜME EVLER;sokak;538773
ARTVİN;ARHAVİ;ORTAKÖY - MEZRA;MEZRA KÜME EVLER;sokak;539032
ARTVİN;ARHAVİ;ORTAKÖY - OYMALI;OYMALI KÜME EVLER;sokak;539800
ARTVİN;ARHAVİ;SIRTOBA - ASLANLAR;ASLANLAR KÜME EVLER;sokak;508493
ARTVİN;ARHAVİ;SIRTOBA - MERKEZ;MERKEZ KÜME EVLER;sokak;521059
ARTVİN;ARHAVİ;SIRTOBA - TAŞLIK;TAŞLIK KÜME EVLER;sokak;508871
ARTVİN;ARHAVİ;SOĞUCAK - HACILAR;HACILAR KÜME EVLER;sokak;515970
ARTVİN;ARHAVİ;SOĞUCAK - KÖYİÇİ;KÖYİÇİ KÜME EVLER;sokak;528211
ARTVİN;ARHAVİ;SOĞUCAK - KUSLETA;KUSLETA KÜME EVLER;sokak;516806
ARTVİN;ARHAVİ;SOĞUCAK - NAPLAT;NAPLAT KÜME EVLER;sokak;528720
ARTVİN;ARHAVİ;SOĞUCAK - YENİ;YENİ KÜME EVLER;sokak;522104
ARTVİN;ARHAVİ;ŞENKÖY NA;ŞENKÖY KÜME EVLER;sokak;524180
ARTVİN;ARHAVİ;TEPEYURT - KÖSEOĞLU;KÖSEOĞLU KÜME EVLER;sokak;356189
ARTVİN;ARHAVİ;TEPEYURT - MERKEZ;MERKEZ KÜME EVLER;sokak;499048
ARTVİN;ARHAVİ;ULAŞ NA;ULAŞ KÜME EVLER;sokak;512685
ARTVİN;ARHAVİ;ULUKENT - DEĞİRMENDERE;DEĞİRMENDERE KÜME EVLER;sokak;527718
ARTVİN;ARHAVİ;ULUKENT - YEŞİLLİK;YEŞİLLİK KÜME EVLER;sokak;519021
ARTVİN;ARHAVİ;ULUKENT - YUKARI ULUKENT;YUKARI ULUKENT KÜME EVLER;sokak;521781
ARTVİN;ARHAVİ;ÜÇIRMAK - DERE İÇİ;DERE İÇİ KÜME EVLER;sokak;538200
ARTVİN;ARHAVİ;ÜÇIRMAK - ESKUAT;ESKUAT KÜME EVLER;sokak;531706
ARTVİN;ARHAVİ;ÜÇIRMAK - HATİNOĞLU;HATİNOĞLU KÜME EVLER;sokak;541673
ARTVİN;ARHAVİ;ÜÇIRMAK - KUZEY;KUZEY KÜME EVLER;sokak;539996
ARTVİN;ARHAVİ;ÜÇIRMAK - MERKEZ;MERKEZ KÜME EVLER;sokak;533091
ARTVİN;ARHAVİ;ÜÇIRMAK - ORTA;ORTA KÜME EVLER;sokak;532074
ARTVİN;ARHAVİ;ÜÇLER - ALTILAR;ALTILAR KÜME EVLER;sokak;521973
ARTVİN;ARHAVİ;ÜÇLER - AŞAĞI ÜÇLER;AŞAĞI ÜÇLER KÜME EVLER;sokak;514852
ARTVİN;ARHAVİ;ÜÇLER - KURTULUŞ;KURTULUŞ KÜME EVLER;sokak;521962
ARTVİN;ARHAVİ;ÜÇLER - MERKEZ;MERKEZ KÜME EVLER;sokak;521969
ARTVİN;ARHAVİ;ÜÇLER - YILMAZLAR;YILMAZLAR KÜME EVLER;sokak;516160
ARTVİN;ARHAVİ;YEMİŞLİK;ORTACALAR CADDE;cadde;37821865
ARTVİN;ARHAVİ;YEMİŞLİK;YEMİŞLİK KÜME EVLER;sokak;391985
ARTVİN;ARHAVİ;YILDIZLI NA;YILDIZLI KÜME EVLER;sokak;498142
ARTVİN;ARHAVİ;YOLGEÇEN - MERKEZ;MERKEZ KÜME EVLER;sokak;539481
ARTVİN;ARHAVİ;YOLGEÇEN - NOPİNARE;NOPİNARE KÜME EVLER;sokak;546864
ARTVİN;ARHAVİ;YOLGEÇEN - TÜRKMENE;TÜRKMENE KÜME EVLER;sokak;540131
ARTVİN;ARHAVİ;YUKARI HACILAR;A.RIZA ÇARMIKLI CADDE;cadde;632874
ARTVİN;ARHAVİ;YUKARI HACILAR;ATATÜRK BULVAR;sokak;826947
ARTVİN;ARHAVİ;YUKARI HACILAR;EYÜP ÇARMIKLI CADDE;cadde;828476
ARTVİN;ARHAVİ;YUKARI HACILAR;SEVİM ÇAPAN ÇARMIKLI CADDE;cadde;875850
ARTVİN;ARHAVİ;YUKARI HACILAR;VALİ ASIM BÜYÜKLÜ CADDE;cadde;633479
ARTVİN;ARHAVİ;YUKARI HACILAR;Y. HACILAR KÜME EVLER;sokak;87779
ARTVİN;ARHAVİ;YUKARI HACILAR;YÜKSEL BÜYÜKLÜ CADDE;cadde;826971
ARTVİN;ARHAVİ;YUKARIŞAHİNLER - AYDOĞDU;AYDOĞDU KÜME EVLER;sokak;82929
ARTVİN;ARHAVİ;YUKARIŞAHİNLER - DEREİÇİ 1;DEREİÇİ 1 KÜME EVLER;sokak;519066
ARTVİN;ARHAVİ;YUKARIŞAHİNLER - DEREİÇİ 2;DEREİÇİ 2 KÜME EVLER;sokak;520807
ARTVİN;ARHAVİ;YUKARIŞAHİNLER - GÜNDOĞDU;GÜNDOĞDU KÜME EVLER;sokak;518609
ARTVİN;ARHAVİ;YUKARIŞAHİNLER - YENİYOL;YENİYOL KÜME EVLER;sokak;122699
ARTVİN;BORÇKA;ADAGÜL - ADAGÜL;ADAGÜL YAYLASI KÜME EVLER;sokak;646790
ARTVİN;BORÇKA;ADAGÜL NA;ADAGÜL KÜME EVLER;sokak;636589
ARTVİN;BORÇKA;AKPINAR NA;AKPINAR KÜME EVLER;sokak;193126
ARTVİN;BORÇKA;AKSU;ALACA SOKAK;sokak;87780
ARTVİN;BORÇKA;AKSU;ARKAKÖY SOKAK;sokak;1063173
ARTVİN;BORÇKA;AKSU;ARTVİN YOLU SOKAK;sokak;166342710
ARTVİN;BORÇKA;AKSU;BALCI SOKAK;sokak;391986
ARTVİN;BORÇKA;AKSU;BARAJ SOKAK;sokak;940738891
ARTVİN;BORÇKA;AKSU;BORA SOKAK;sokak;1391233
ARTVİN;BORÇKA;AKSU;DOLUNAY SOKAK;sokak;487961140
ARTVİN;BORÇKA;AKSU;GÜVEN SOKAK;sokak;570961090
ARTVİN;BORÇKA;AKSU;HASTANE CADDE;cadde;1391229
ARTVİN;BORÇKA;AKSU;İBRİKLİ SOKAK;sokak;341583370
ARTVİN;BORÇKA;AKSU;KARANFİL SOKAK;sokak;648848511
ARTVİN;BORÇKA;AKSU;KARS CADDE;cadde;87782
ARTVİN;BORÇKA;AKSU;KAYNARCA SOKAK;sokak;87781
ARTVİN;BORÇKA;AKSU;KÜLTÜR SOKAK;sokak;365973751
ARTVİN;BORÇKA;AKSU;LİSE SOKAK;sokak;485272200
ARTVİN;BORÇKA;AKSU;OTİNGO SOKAK;sokak;786590670
ARTVİN;BORÇKA;AKSU;PİYADE SOKAK;sokak;215375350
ARTVİN;BORÇKA;AKSU;SİGORTA CADDE;cadde;391987
ARTVİN;BORÇKA;AKSU;ŞEHİT JANDARMA ER RAMAZAN KÖSE CADDE;cadde;1063171
ARTVİN;BORÇKA;AKSU;ŞEHİT PİYADE ONBAŞI MUHAMMET AYDEMİR CADDE;cadde;1063177
ARTVİN;BORÇKA;AKSU;ŞENER ÖZBAYRAKLI CADDE;cadde;87783
ARTVİN;BORÇKA;AKSU;TAŞLIK SOKAK;sokak;562250711
ARTVİN;BORÇKA;AKSU;TURAN ŞAHİN SANAYİ CADDE;cadde;1391227
ARTVİN;BORÇKA;AKSU;UĞUR KÜME EVLER;sokak;1391231
ARTVİN;BORÇKA;AKSU;VEHBİ ALPARSLAN CADDE;cadde;709637721
ARTVİN;BORÇKA;AKSU;YANSITICI YOLU SOKAK;sokak;517554451
ARTVİN;BORÇKA;AKSU;YILDIZ SOKAK;sokak;138696231
ARTVİN;BORÇKA;ALACA - ORTADERE;ORTADERE KÜME EVLER;sokak;546321
ARTVİN;BORÇKA;ALACA - YANGIN;YANGIN KÜME EVLER;sokak;538981
ARTVİN;BORÇKA;AMBARLI NA;AMBARLI KÜME EVLER;sokak;642129
ARTVİN;BORÇKA;ARALIK - ARALIK;ARALIK YAYLASI KÜME EVLER;sokak;683521
ARTVİN;BORÇKA;ARALIK - ARALIK MEZRA;ARALIK MEZRA KÜME EVLER;sokak;443625
ARTVİN;BORÇKA;ARALIK NA;ARALIK KÜME EVLER;sokak;503673
ARTVİN;BORÇKA;ARKAKÖY - ARKAKÖY;ARKAKÖY YAYLA KÜME EVLER;sokak;588367
ARTVİN;BORÇKA;ARKAKÖY - YAYLA;ARAKÖY YAYLASI KÜME EVLER;sokak;411313
ARTVİN;BORÇKA;ARKAKÖY NA;ARKAKÖY KÜME EVLER;sokak;551829
ARTVİN;BORÇKA;ATAKÖY - IŞIKLI;IŞIKLI KÜME EVLER;sokak;522373
ARTVİN;BORÇKA;ATAKÖY - ORHAN;ALACA YAYLASI KÜME EVLER;sokak;82063
ARTVİN;BORÇKA;ATAKÖY - ORHAN;MERKEZ KÜME EVLER;sokak;477286
ARTVİN;BORÇKA;ATAKÖY - ORHAN;ORHAN KÜME EVLER;sokak;540753
ARTVİN;BORÇKA;ATAKÖY - ORHAN;ORTADERE KÜME EVLER;sokak;148678160
ARTVİN;BORÇKA;ATANOĞLU - ATANOĞLU;MEZRA KÜME EVLER;sokak;641886
ARTVİN;BORÇKA;ATANOĞLU - ATANOĞLU KÖYÜ;ATANOĞLU YAYLASI 1 KÜME EVLER;sokak;741591381
ARTVİN;BORÇKA;ATANOĞLU - ATANOĞLU KÖYÜ;ATANOĞLU YAYLASI KÜME EVLER;sokak;642127
ARTVİN;BORÇKA;ATANOĞLU NA;ATANOĞLU KÜME EVLER;sokak;635536
ARTVİN;BORÇKA;AVCILAR NA;AVCILAR KÜME EVLER;sokak;616321
ARTVİN;BORÇKA;BALCI - BALCI KÖYÜ;BALCI YAYLASI KÜME EVLER;sokak;656103
ARTVİN;BORÇKA;BALCI NA;BALCI KÜME EVLER;sokak;658467
ARTVİN;BORÇKA;BOĞAZKÖY - AKDİLEK;AKDİLEK KÜME EVLER;sokak;897219
ARTVİN;BORÇKA;BOĞAZKÖY NA;BOĞAZKÖY KÜME EVLER;sokak;897812
ARTVİN;BORÇKA;BOYALI - KÖYÜN KENDİSİ;BOYALI KÜME EVLER;sokak;665279461
ARTVİN;BORÇKA;CAMİLİ - CAMİLİ;BİLİNMEYEN KÜME EVLER;sokak;301643540
ARTVİN;BORÇKA;CAMİLİ - CAMİLİ;CAMİLİ MEZRA KÜME EVLER;sokak;193112
ARTVİN;BORÇKA;CAMİLİ - CAMİLİ KÖYÜ;CAMİLİ LEKOBAN YAYLASI KÜME EVLER;sokak;193125
ARTVİN;BORÇKA;CAMİLİ NA;CAMİLİ KÜME EVLER;sokak;667459
ARTVİN;BORÇKA;CİVAN - CİVAN;CİVAN YAYLASI KÜME EVLER;sokak;611556
ARTVİN;BORÇKA;CİVAN NA;CİVAN KÜME EVLER;sokak;592273
ARTVİN;BORÇKA;ÇAVUŞLU NA;ÇAVUŞLU KÜME EVLER;sokak;653212
ARTVİN;BORÇKA;ÇAYLIKÖY NA;ÇAYLIKÖY KÜME EVLER;sokak;662921
ARTVİN;BORÇKA;ÇİFTEKÖPRÜ NA;ÇİFTEKÖPRÜ KÜME EVLER;sokak;25940
ARTVİN;BORÇKA;DEMİRCİLER NA;DEMİRCİLER KÜME EVLER;sokak;634110
ARTVİN;BORÇKA;DÜZENLİ - DÜZENLİ;DÜZENLİ YAYLASI KÜME EVLER;sokak;26749
ARTVİN;BORÇKA;DÜZENLİ NA;DÜZENLİ KÜME EVLER;sokak;686103
ARTVİN;BORÇKA;DÜZKÖY NA;DÜZKÖY KÜME EVLER;sokak;165723
ARTVİN;BORÇKA;EFELER - MEZRA;EFELER GORGİT MEZRASI KÜME EVLER;sokak;415307
ARTVİN;BORÇKA;EFELER - YAYLA;EFELER YAYLASI KÜME EVLER;sokak;416131
ARTVİN;BORÇKA;EFELER NA;EFELER KÜME EVLER;sokak;597355
ARTVİN;BORÇKA;FINDIKLI NA;FINDIKLI KÜME EVLER;sokak;669424
ARTVİN;BORÇKA;GÜNDOĞDU;ADALET SOKAK;sokak;772017471
ARTVİN;BORÇKA;GÜNDOĞDU;CİVAN SOKAK;sokak;796162310
ARTVİN;BORÇKA;GÜNDOĞDU;EMNİYET CADDE;cadde;87784
ARTVİN;BORÇKA;GÜNDOĞDU;GÖKTÜRK SOKAK;sokak;1391155
ARTVİN;BORÇKA;GÜNDOĞDU;GÖZDE SOKAK;sokak;1391177
ARTVİN;BORÇKA;GÜNDOĞDU;HOCA AHMET YESEVİ CADDE;cadde;87785
ARTVİN;BORÇKA;GÜNDOĞDU;HOPA YOLU CADDE;cadde;87786
ARTVİN;BORÇKA;GÜNDOĞDU;HUZUR CADDE;cadde;87787
ARTVİN;BORÇKA;GÜNDOĞDU;HÜKÜMET CADDE;cadde;87791
ARTVİN;BORÇKA;GÜNDOĞDU;KESKİNLER YOKUŞU SOKAK;sokak;391989
ARTVİN;BORÇKA;GÜNDOĞDU;MURGUL YOLU SOKAK;sokak;636598660
ARTVİN;BORÇKA;GÜNDOĞDU;MUSTAFA VEZİROĞLU SOKAK;sokak;87790
ARTVİN;BORÇKA;GÜNDOĞDU;OSMAN ELLİBEŞ CADDE;cadde;87788
ARTVİN;BORÇKA;GÜNDOĞDU;ÖRNEK SİTE CADDE;cadde;87789
ARTVİN;BORÇKA;GÜNDOĞDU;STURET KÜME EVLER;sokak;1391147
ARTVİN;BORÇKA;GÜNDOĞDU;TÜNEL SOKAK;sokak;837205991
ARTVİN;BORÇKA;GÜNDOĞDU;YENİ CADDE;cadde;391988
ARTVİN;BORÇKA;GÜNDOĞDU;ZORLU SOKAK;sokak;226690140
ARTVİN;BORÇKA;GÜNEŞLİ NA;GÜNEŞLİ KÜME EVLER;sokak;607717
ARTVİN;BORÇKA;GÜREŞEN NA;ÇAYLIKÖY KÜME EVLER;sokak;763332510
ARTVİN;BORÇKA;GÜREŞEN NA;GÜREŞEN KÜME EVLER;sokak;635230
ARTVİN;BORÇKA;GÜZELYURT - BAŞKÖY;BAŞKÖY KÜME EVLER;sokak;654004
ARTVİN;BORÇKA;GÜZELYURT - KAZANAKAPI;KAZANAKAPI KÜME EVLER;sokak;657854
ARTVİN;BORÇKA;GÜZELYURT - LONGANA;LONGANA KÜME EVLER;sokak;657113
ARTVİN;BORÇKA;GÜZELYURT - MERKEZ;MERKEZ KÜME EVLER;sokak;657613
ARTVİN;BORÇKA;GÜZELYURT - UZUNLAR;UZUNLAR KÜME EVLER;sokak;656474
ARTVİN;BORÇKA;İBRİKLİ - ESENTEPE;ESENTEPE KÜME EVLER;sokak;527553
ARTVİN;BORÇKA;İBRİKLİ - İBRİKLİ;İBRİKLİ YAYLASI KÜME EVLER;sokak;566259
ARTVİN;BORÇKA;İBRİKLİ - MERKEZ;MERKEZ KÜME EVLER;sokak;516750
ARTVİN;BORÇKA;KALE - ÇARMAKİT;ÇARMAKİT KÜME EVLER;sokak;532552
ARTVİN;BORÇKA;KALE - DÜZHANLAR;DÜZHANLAR KÜME EVLER;sokak;529492
ARTVİN;BORÇKA;KALE - PETROL;PETROL KÜME EVLER;sokak;542053
ARTVİN;BORÇKA;KALE - TOPÇULAR;TOPÇULAR KÜME EVLER;sokak;531473
ARTVİN;BORÇKA;KARŞIKÖY NA;KARŞIKÖY KÜME EVLER;sokak;562564
ARTVİN;BORÇKA;KAYADİBİ NA;KAYADİBİ KÜME EVLER;sokak;621291
ARTVİN;BORÇKA;KAYALAR - KAYALAR;KAYALAR LEKOBAN YAYLASI KÜME EVLER;sokak;662472
ARTVİN;BORÇKA;KAYALAR NA;KAYALAR KÜME EVLER;sokak;657611
ARTVİN;BORÇKA;KAYNARCA - KAYNARCA;KAYNARCA YAYLASI KÜME EVLER;sokak;608364
ARTVİN;BORÇKA;KAYNARCA NA;KAYNARCA KÜME EVLER;sokak;370237
ARTVİN;BORÇKA;KÜÇÜK KÖY;ARMA SOKAK;sokak;1391163
ARTVİN;BORÇKA;KÜÇÜK KÖY;DAKVARA KÜME EVLER;sokak;1391133
ARTVİN;BORÇKA;KÜÇÜK KÖY;ESKİ HOPA YOLU CADDE;cadde;391995
ARTVİN;BORÇKA;KÜÇÜK KÖY;GÜNEŞ SOKAK;sokak;440650191
ARTVİN;BORÇKA;KÜÇÜK KÖY;HARMANTEPE KÜME EVLER;sokak;87802
ARTVİN;BORÇKA;KÜÇÜK KÖY;HOPA YOLU CADDE;cadde;391994
ARTVİN;BORÇKA;KÜÇÜK KÖY;OSMANLI SOKAK;sokak;1399765
ARTVİN;BORÇKA;KÜÇÜK KÖY;ÖRÜCÜLER SOKAK;sokak;1391189
ARTVİN;BORÇKA;MARALKÖY - MARAL KÖY;- KÖY SOKAĞI;sokak;176478
ARTVİN;BORÇKA;MARALKÖY NA;MARAL KÜME EVLER;sokak;425869
ARTVİN;BORÇKA;MERKEZ;15 TEMMUZ DEMOKRASI MEYDAN;sokak;391990
ARTVİN;BORÇKA;MERKEZ;ACARLAR SOKAK;sokak;391991
ARTVİN;BORÇKA;MERKEZ;ALTAY KÜME EVLER;sokak;1391167
ARTVİN;BORÇKA;MERKEZ;AYDINLAR KÜME EVLER;sokak;87799
ARTVİN;BORÇKA;MERKEZ;BANKALAR CADDE;cadde;87794
ARTVİN;BORÇKA;MERKEZ;BELEDİYE SOKAK;sokak;1391175
ARTVİN;BORÇKA;MERKEZ;CAMİİ CADDE;cadde;87795
ARTVİN;BORÇKA;MERKEZ;CUMHURİYET SOKAK;sokak;301067690
ARTVİN;BORÇKA;MERKEZ;ÇİÇEK SOKAK;sokak;200672520
ARTVİN;BORÇKA;MERKEZ;ÇORUH CADDE;cadde;391992
ARTVİN;BORÇKA;MERKEZ;DEMOKRASİ CADDE;cadde;669745
ARTVİN;BORÇKA;MERKEZ;FABRİKA SOKAK;sokak;271750820
ARTVİN;BORÇKA;MERKEZ;GÖZCÜ SOKAK;sokak;1391165
ARTVİN;BORÇKA;MERKEZ;IHLAMUR SOKAK;sokak;452605100
ARTVİN;BORÇKA;MERKEZ;İSKELE CADDE;cadde;87796
ARTVİN;BORÇKA;MERKEZ;MAVİ ÇARŞI SOKAK;sokak;1391139
ARTVİN;BORÇKA;MERKEZ;MEHMET AKİF ERSOY SOKAK;sokak;286860530
ARTVİN;BORÇKA;MERKEZ;MURATLI CADDE;cadde;87797
ARTVİN;BORÇKA;MERKEZ;NAPAŞVAN KÜME EVLER;sokak;1391173
ARTVİN;BORÇKA;MERKEZ;ORKİDE SOKAK;sokak;183823330
ARTVİN;BORÇKA;MERKEZ;P.T.T CADDE;cadde;87793
ARTVİN;BORÇKA;MERKEZ;SAHİL CADDE;cadde;87792
ARTVİN;BORÇKA;MERKEZ;ŞAN SOKAK;sokak;515471310
ARTVİN;BORÇKA;MERKEZ;ŞEHİT ONBAŞI AHMET UZUN CADDE;cadde;671470
ARTVİN;BORÇKA;MERKEZ;ŞEHİT RAFET KARACAN CADDE;cadde;1150546
ARTVİN;BORÇKA;MERKEZ;ŞEHİT SAVAŞ GEDİK SOKAK;sokak;1391141
ARTVİN;BORÇKA;MERKEZ;TAŞLITARLA KÜME EVLER;sokak;87798
ARTVİN;BORÇKA;MERKEZ;VEHBİ ALPARSLAN CADDE;cadde;391993
ARTVİN;BORÇKA;MERKEZ;ZAMBAK SOKAK;sokak;340372591
ARTVİN;BORÇKA;MURATLI NA;MURATLI KÜME EVLER;sokak;463835
ARTVİN;BORÇKA;ÖRÜCÜLER - ÖRÜCÜLER;ÖRÜCÜLER MEZRASI KÜME EVLER;sokak;612880
ARTVİN;BORÇKA;ÖRÜCÜLER NA;ÖRÜCÜLER KÜME EVLER;sokak;544782840
ARTVİN;BORÇKA;ŞEREFİYE NA;ŞEREFİYE KÜME EVLER;sokak;664979
ARTVİN;BORÇKA;TARAKLI NA;TARAKLI KÜME EVLER;sokak;632349
ARTVİN;BORÇKA;TEKTAŞ - KÖYÜN KENDİSİ;TEKTAŞ KÜME EVLER;sokak;399172810
ARTVİN;BORÇKA;UĞURKÖY - UĞUR;UĞURKÖY YAYLASI KÜME EVLER;sokak;665004
ARTVİN;BORÇKA;UĞURKÖY NA;UĞURKÖY KÜME EVLER;sokak;661020
ARTVİN;BORÇKA;YENİYOL;AVNİ YILMAZ SOKAK;sokak;41350216
ARTVİN;BORÇKA;YENİYOL;AYDIN SOKAK;sokak;981282830
ARTVİN;BORÇKA;YENİYOL;AYHAN ARİFAĞAOĞLU CADDE;cadde;33134305
ARTVİN;BORÇKA;YENİYOL;BAYRAK SOKAK;sokak;95289708
ARTVİN;BORÇKA;YENİYOL;GENÇAĞA KOÇAK SOKAK;sokak;71814289
ARTVİN;BORÇKA;YENİYOL;İSTİKLAL SOKAK;sokak;33136581
ARTVİN;BORÇKA;YENİYOL;KAYABAŞI SOKAK;sokak;87800
ARTVİN;BORÇKA;YENİYOL;KÜÇÜKKÖY SOKAK;sokak;62409743
ARTVİN;BORÇKA;YENİYOL;ÖRÜCÜLER SOKAK;sokak;1391191
ARTVİN;BORÇKA;YENİYOL;PATİKA SOKAK;sokak;413481110
ARTVİN;BORÇKA;YENİYOL;YENİ KONAKLAR SOKAK;sokak;20042867
ARTVİN;BORÇKA;YEŞİLKÖY NA;YEŞİLKÖY KÜME EVLER;sokak;656472
ARTVİN;BORÇKA;ZEDOBAN - KÖYÜN KENDİSİ;ZEDOBAN KÜME EVLER;sokak;1382999
ARTVİN;BORÇKA;ZORLU - ZORLU;ZORLU YAYLASI KÜME EVLER;sokak;608560
ARTVİN;BORÇKA;ZORLU NA;ZORLU KÜME EVLER;sokak;608963
ARTVİN;HOPA;BALIKKÖY NA;BALIK KÜME EVLER;sokak;505259
ARTVİN;HOPA;BAŞKÖY NA;BAŞKÖY KÜME EVLER;sokak;605941
ARTVİN;HOPA;BAŞOBA NA;BAŞOBA KÜME EVLER;sokak;86610
ARTVİN;HOPA;BUCAK;134. SOKAK;sokak;151347600
ARTVİN;HOPA;BUCAK;ORTA CADDE;cadde;875842
ARTVİN;HOPA;BUCAK;SAHİL CADDESİ CADDE;cadde;636754
ARTVİN;HOPA;BUCAK;SANTRAL SOKAK;sokak;215932
ARTVİN;HOPA;BUCAK;TALİKOT SOKAK;sokak;1304299
ARTVİN;HOPA;CUMHURİYET;135. SOKAK;sokak;446506460
ARTVİN;HOPA;CUMHURİYET;136. SOKAK;sokak;318374461
ARTVİN;HOPA;CUMHURİYET;137. SOKAK;sokak;128957691
ARTVİN;HOPA;CUMHURİYET;138. SOKAK;sokak;106624351
ARTVİN;HOPA;CUMHURİYET;139. SOKAK;sokak;691082151
ARTVİN;HOPA;CUMHURİYET;140. SOKAK;sokak;210799911
ARTVİN;HOPA;CUMHURİYET;ARTVİN CADDE;cadde;87808
ARTVİN;HOPA;CUMHURİYET;ATATÜRK CADDE;cadde;679595
ARTVİN;HOPA;CUMHURİYET;FENER SOKAK;sokak;679596
ARTVİN;HOPA;CUMHURİYET;GÜNEŞ SOKAK;sokak;679866
ARTVİN;HOPA;CUMHURİYET;İSTİKLAL CADDE;cadde;322228
ARTVİN;HOPA;CUMHURİYET;KARANFİL SOKAK;sokak;679865
ARTVİN;HOPA;ÇAMLI - ÇARŞI;ÇARŞI KÜME EVLER;sokak;561262
ARTVİN;HOPA;ÇAMLI - HACILAR;HACILAR KÜME EVLER;sokak;549242
ARTVİN;HOPA;ÇAMLI - KARŞI;KARŞI KÜME EVLER;sokak;309617
ARTVİN;HOPA;ÇAMLI - MADENLİ;MADENLİ KÜME EVLER;sokak;570585
ARTVİN;HOPA;ÇAMLI - MISILLET;MISILLET KÜME EVLER;sokak;561090
ARTVİN;HOPA;ÇAMLI - ORTA;ORTA KÜME EVLER;sokak;546522
ARTVİN;HOPA;ÇAVUŞLU NA;ÇAVUŞLU KÜME EVLER;sokak;525013
ARTVİN;HOPA;ÇİMENLİ NA;ÇİMENLİ KÜME EVLER;sokak;585349
ARTVİN;HOPA;ESENKIYI - KOPMUŞ;KOPMUŞ KÜME EVLER;sokak;530332
ARTVİN;HOPA;ESENKIYI - MERKEZ;ESENKIYI KÜME EVLER;sokak;536195
ARTVİN;HOPA;EŞMEKAYA NA;EŞMEKAYA KÜME EVLER;sokak;524559
ARTVİN;HOPA;GÜNEŞLİ NA;GÜNEŞLİ KÜME EVLER;sokak;538239
ARTVİN;HOPA;GÜVERCİNLİ NA;GÜVERCİNLİ KÜME EVLER;sokak;504703
ARTVİN;HOPA;HENDEK NA;101 SOKAK;sokak;677764681
ARTVİN;HOPA;HENDEK NA;HENDEK KÜME EVLER;sokak;518340
ARTVİN;HOPA;KOYUNCULAR NA;KOYUNCULAR KÜME EVLER;sokak;610512
ARTVİN;HOPA;MERKEZ KULEDİBİ;1. CADDE;cadde;675060
ARTVİN;HOPA;MERKEZ KULEDİBİ;11. SOKAK;sokak;679003
ARTVİN;HOPA;MERKEZ KULEDİBİ;12. SOKAK;sokak;675064
ARTVİN;HOPA;MERKEZ KULEDİBİ;128 SOKAK;sokak;589621680
ARTVİN;HOPA;MERKEZ KULEDİBİ;129. SOKAK;sokak;583528321
ARTVİN;HOPA;MERKEZ KULEDİBİ;13. SOKAK;sokak;674839
ARTVİN;HOPA;MERKEZ KULEDİBİ;130 SOKAK;sokak;309296081
ARTVİN;HOPA;MERKEZ KULEDİBİ;131. SOKAK;sokak;256310780
ARTVİN;HOPA;MERKEZ KULEDİBİ;132. SOKAK;sokak;577016251
ARTVİN;HOPA;MERKEZ KULEDİBİ;133. SOKAK;sokak;474313660
ARTVİN;HOPA;MERKEZ KULEDİBİ;14. SOKAK;sokak;679004
ARTVİN;HOPA;MERKEZ KULEDİBİ;15. SOKAK;sokak;679095
ARTVİN;HOPA;MERKEZ KULEDİBİ;16. SOKAK;sokak;75182
ARTVİN;HOPA;MERKEZ KULEDİBİ;18 SOKAK;sokak;940136
ARTVİN;HOPA;MERKEZ KULEDİBİ;CUMHURİYET MEYDANI KÜME EVLER;sokak;120651
ARTVİN;HOPA;MERKEZ KULEDİBİ;DUMLUPINAR CADDE;cadde;87811
ARTVİN;HOPA;MERKEZ KULEDİBİ;İNÖNÜ CADDE;cadde;87816
ARTVİN;HOPA;MERKEZ KULEDİBİ;KARADENİZ CADDE;cadde;661324
ARTVİN;HOPA;MERKEZ KULEDİBİ;KARS CADDE;cadde;391996
ARTVİN;HOPA;MERKEZ KULEDİBİ;PAZAR MEYDANI KÜME EVLER;sokak;391997
ARTVİN;HOPA;MERKEZ KULEDİBİ;SAHİL CADDESİ CADDE;cadde;625289
ARTVİN;HOPA;MERKEZ KULEDİBİ;ŞAHİNTEPESİ CADDE;cadde;700664
ARTVİN;HOPA;MERKEZ KULEDİBİ;TURGAY CİNER CADDE;cadde;87809
ARTVİN;HOPA;ORTAHOPA;112 SOKAK;sokak;929458490
ARTVİN;HOPA;ORTAHOPA;113 SOKAK;sokak;462369311
ARTVİN;HOPA;ORTAHOPA;114 SOKAK;sokak;191480480
ARTVİN;HOPA;ORTAHOPA;115 SOKAK;sokak;50772615
ARTVİN;HOPA;ORTAHOPA;116 SOKAK;sokak;393549641
ARTVİN;HOPA;ORTAHOPA;117 SOKAK;sokak;877528041
ARTVİN;HOPA;ORTAHOPA;118 SOKAK;sokak;528552770
ARTVİN;HOPA;ORTAHOPA;119 SOKAK;sokak;795542671
ARTVİN;HOPA;ORTAHOPA;120 SOKAK;sokak;365332141
ARTVİN;HOPA;ORTAHOPA;121 SOKAK;sokak;505642511
ARTVİN;HOPA;ORTAHOPA;122 SOKAK;sokak;569499281
ARTVİN;HOPA;ORTAHOPA;123 SOKAK;sokak;858453031
ARTVİN;HOPA;ORTAHOPA;124 SOKAK;sokak;356077381
ARTVİN;HOPA;ORTAHOPA;125. SOKAK;sokak;376681260
ARTVİN;HOPA;ORTAHOPA;126 SOKAK;sokak;243358870
ARTVİN;HOPA;ORTAHOPA;127 SOKAK;sokak;498116980
ARTVİN;HOPA;ORTAHOPA;16. SOKAK;sokak;699154
ARTVİN;HOPA;ORTAHOPA;17. SOKAK;sokak;699642
ARTVİN;HOPA;ORTAHOPA;ECZ.RIZA TÜRKER SOKAK;sokak;1352049
ARTVİN;HOPA;ORTAHOPA;ESENTEPE SOKAK;sokak;874755
ARTVİN;HOPA;ORTAHOPA;KA CADDE;cadde;713209
ARTVİN;HOPA;ORTAHOPA;KAVAKDİBİ CADDE;cadde;874723
ARTVİN;HOPA;ORTAHOPA;KULE SOKAK;sokak;1116605
ARTVİN;HOPA;ORTAHOPA;METEOROLOJİ SOKAK;sokak;873902
ARTVİN;HOPA;ORTAHOPA;NEFER SOKAK;sokak;874779
ARTVİN;HOPA;ORTAHOPA;ORTA CADDE;cadde;875306
ARTVİN;HOPA;ORTAHOPA;SAHİL CADDESİ CADDE;cadde;611402
ARTVİN;HOPA;ORTAHOPA;SAZLIK SOKAK;sokak;1116613
ARTVİN;HOPA;ORTAHOPA;TURGAY CİNER CADDE;cadde;88373
ARTVİN;HOPA;ORTAHOPA;ZENİ SOKAK;sokak;1116615
ARTVİN;HOPA;PINARLI NA;PINARLI KÜME EVLER;sokak;297613
ARTVİN;HOPA;SUBAŞI NA;SUBAŞI KÜME EVLER;sokak;502754
ARTVİN;HOPA;SUGÖREN;AKASYA SOKAK;sokak;69011153
ARTVİN;HOPA;SUGÖREN;BALIKÇI SOKAK;sokak;812815860
ARTVİN;HOPA;SUGÖREN;ÇAMLIK SOKAK;sokak;94940129
ARTVİN;HOPA;SUGÖREN;GÜZELYALI SOKAK;sokak;23065188
ARTVİN;HOPA;SUGÖREN;KAZIM KOYUNCU CADDE;cadde;99650376
ARTVİN;HOPA;SUGÖREN;NASENİ CADDE;cadde;26941336
ARTVİN;HOPA;SUGÖREN;NURİ VATAN CADDE;cadde;77744878
ARTVİN;HOPA;SUGÖREN;OKUL SOKAK;sokak;19087295
ARTVİN;HOPA;SUGÖREN;PABİLAT KÜME EVLER;sokak;563240
ARTVİN;HOPA;SUGÖREN;SAHİL CADDE;cadde;564509
ARTVİN;HOPA;SUGÖREN;TEPE SOKAK;sokak;17808791
ARTVİN;HOPA;SUGÖREN;YUKARI SUGÖREN KÜME EVLER;sokak;107121
ARTVİN;HOPA;SUGÖREN;ZENNAT KÜME EVLER;sokak;550159
ARTVİN;HOPA;SUNDURA;105 SOKAK;sokak;336584100
ARTVİN;HOPA;SUNDURA;106 SOKAK;sokak;882338380
ARTVİN;HOPA;SUNDURA;107 SOKAK;sokak;491334161
ARTVİN;HOPA;SUNDURA;108 SOKAK;sokak;326623301
ARTVİN;HOPA;SUNDURA;109 SOKAK;sokak;635302240
ARTVİN;HOPA;SUNDURA;110 SOKAK;sokak;527711771
ARTVİN;HOPA;SUNDURA;111 SOKAK;sokak;639227020
ARTVİN;HOPA;SUNDURA;14 MART CADDE;cadde;686813
ARTVİN;HOPA;SUNDURA;2. CADDE;cadde;674829
ARTVİN;HOPA;SUNDURA;20. SOKAK;sokak;946822
ARTVİN;HOPA;SUNDURA;21. SOKAK;sokak;681972
ARTVİN;HOPA;SUNDURA;22. SOKAK;sokak;683114
ARTVİN;HOPA;SUNDURA;23. SOKAK;sokak;681973
ARTVİN;HOPA;SUNDURA;24. SOKAK;sokak;686451
ARTVİN;HOPA;SUNDURA;25. SOKAK;sokak;686452
ARTVİN;HOPA;SUNDURA;26. SOKAK;sokak;683049
ARTVİN;HOPA;SUNDURA;27. SOKAK;sokak;675580
ARTVİN;HOPA;SUNDURA;28. SOKAK;sokak;674242
ARTVİN;HOPA;SUNDURA;29. SOKAK;sokak;677135
ARTVİN;HOPA;SUNDURA;3. CADDE;cadde;679918
ARTVİN;HOPA;SUNDURA;30. SOKAK;sokak;277200
ARTVİN;HOPA;SUNDURA;31. SOKAK;sokak;277203
ARTVİN;HOPA;SUNDURA;32. SOKAK;sokak;685769
ARTVİN;HOPA;SUNDURA;33. SOKAK;sokak;372321
ARTVİN;HOPA;SUNDURA;34. SOKAK;sokak;372327
ARTVİN;HOPA;SUNDURA;4. CADDE;cadde;675239
ARTVİN;HOPA;SUNDURA;40. SOKAK;sokak;680952
ARTVİN;HOPA;SUNDURA;41. SOKAK;sokak;681966
ARTVİN;HOPA;SUNDURA;42. SOKAK;sokak;681967
ARTVİN;HOPA;SUNDURA;43. SOKAK;sokak;681242
ARTVİN;HOPA;SUNDURA;44. SOKAK;sokak;304257
ARTVİN;HOPA;SUNDURA;47. SOKAK;sokak;683050
ARTVİN;HOPA;SUNDURA;48. SOKAK;sokak;681981
ARTVİN;HOPA;SUNDURA;49. SOKAK;sokak;682302
ARTVİN;HOPA;SUNDURA;5. CADDE;cadde;679919
ARTVİN;HOPA;SUNDURA;50 SOKAK;sokak;688289
ARTVİN;HOPA;SUNDURA;63 SOKAK;sokak;579886441
ARTVİN;HOPA;SUNDURA;64 SOKAK;sokak;512627641
ARTVİN;HOPA;SUNDURA;65 SOKAK;sokak;376267441
ARTVİN;HOPA;SUNDURA;66 SOKAK;sokak;417473951
ARTVİN;HOPA;SUNDURA;67 SOKAK;sokak;509304860
ARTVİN;HOPA;SUNDURA;68 SOKAK;sokak;647069631
ARTVİN;HOPA;SUNDURA;69 SOKAK;sokak;374488261
ARTVİN;HOPA;SUNDURA;70 SOKAK;sokak;304349630
ARTVİN;HOPA;SUNDURA;71 SOKAK;sokak;110348240
ARTVİN;HOPA;SUNDURA;72 SOKAK;sokak;546521280
ARTVİN;HOPA;SUNDURA;73 SOKAK;sokak;571157680
ARTVİN;HOPA;SUNDURA;74 SOKAK;sokak;262581781
ARTVİN;HOPA;SUNDURA;75 SOKAK;sokak;292189220
ARTVİN;HOPA;SUNDURA;76 SOKAK;sokak;118645681
ARTVİN;HOPA;SUNDURA;77 SOKAK;sokak;257861040
ARTVİN;HOPA;SUNDURA;78 SOKAK;sokak;465921920
ARTVİN;HOPA;SUNDURA;79 SOKAK;sokak;297086091
ARTVİN;HOPA;SUNDURA;80 SOKAK;sokak;782880570
ARTVİN;HOPA;SUNDURA;81 SOKAK;sokak;605558101
ARTVİN;HOPA;SUNDURA;82 SOKAK;sokak;466684480
ARTVİN;HOPA;SUNDURA;83 SOKAK;sokak;500950090
ARTVİN;HOPA;SUNDURA;84 SOKAK;sokak;294333561
ARTVİN;HOPA;SUNDURA;85 SOKAK;sokak;236079711
ARTVİN;HOPA;SUNDURA;86 SOKAK;sokak;265121600
ARTVİN;HOPA;SUNDURA;87 SOKAK;sokak;514311611
ARTVİN;HOPA;SUNDURA;88 SOKAK;sokak;581772470
ARTVİN;HOPA;SUNDURA;89 SOKAK;sokak;417578080
ARTVİN;HOPA;SUNDURA;90 SOKAK;sokak;394501431
ARTVİN;HOPA;SUNDURA;91 SOKAK;sokak;253008561
ARTVİN;HOPA;SUNDURA;92 SOKAK;sokak;845817191
ARTVİN;HOPA;SUNDURA;ARTVİN CADDE;cadde;87991
ARTVİN;HOPA;SUNDURA;KÜÇÜK SOKAK;sokak;923831
ARTVİN;HOPA;SUNDURA;LİSE CADDE;cadde;84808
ARTVİN;HOPA;SUNDURA;NASENİ CADDE;cadde;391998
ARTVİN;HOPA;SUNDURA;SAHİL CADDESİ CADDE;cadde;615278
ARTVİN;HOPA;SUNDURA;TAŞKÖPRÜ CADDE;cadde;667924
ARTVİN;HOPA;TAŞKÖPRÜ;100 SOKAK;sokak;848312051
ARTVİN;HOPA;TAŞKÖPRÜ;101 SOKAK;sokak;349611691
ARTVİN;HOPA;TAŞKÖPRÜ;102 SOKAK;sokak;110356560
ARTVİN;HOPA;TAŞKÖPRÜ;103. SOKAK;sokak;820191910
ARTVİN;HOPA;TAŞKÖPRÜ;104 SOKAK;sokak;379248420
ARTVİN;HOPA;TAŞKÖPRÜ;109 SOKAK;sokak;635302241
ARTVİN;HOPA;TAŞKÖPRÜ;45. SOKAK;sokak;680951
ARTVİN;HOPA;TAŞKÖPRÜ;46. SOKAK;sokak;690500
ARTVİN;HOPA;TAŞKÖPRÜ;93 SOKAK;sokak;428387631
ARTVİN;HOPA;TAŞKÖPRÜ;94 SOKAK;sokak;230168191
ARTVİN;HOPA;TAŞKÖPRÜ;95 SOKAK;sokak;365678810
ARTVİN;HOPA;TAŞKÖPRÜ;96 SOKAK;sokak;296026871
ARTVİN;HOPA;TAŞKÖPRÜ;97 SOKAK;sokak;897252610
ARTVİN;HOPA;TAŞKÖPRÜ;98 SOKAK;sokak;363933380
ARTVİN;HOPA;TAŞKÖPRÜ;99 SOKAK;sokak;456210831
ARTVİN;HOPA;TAŞKÖPRÜ;ARTVİN CADDE;cadde;718800581
ARTVİN;HOPA;TAŞKÖPRÜ;LİSE CADDE;cadde;196797600
ARTVİN;HOPA;TAŞKÖPRÜ;TAŞKÖPRÜ CADDE;cadde;602364860
ARTVİN;HOPA;YENİ;51. SOKAK;sokak;691988
ARTVİN;HOPA;YENİ;52. SOKAK;sokak;692466
ARTVİN;HOPA;YENİ;53. SOKAK;sokak;691122
ARTVİN;HOPA;YENİ;54. SOKAK;sokak;266121
ARTVİN;HOPA;YENİ;55. SOKAK;sokak;266159
ARTVİN;HOPA;YENİ;56. SOKAK;sokak;266138
ARTVİN;HOPA;YENİ;57. SOKAK;sokak;691614
ARTVİN;HOPA;YENİ;58. SOKAK;sokak;266131
ARTVİN;HOPA;YENİ;59. SOKAK;sokak;120499
ARTVİN;HOPA;YENİ;60. SOKAK;sokak;120458
ARTVİN;HOPA;YENİ;61 SOKAK;sokak;861025971
ARTVİN;HOPA;YENİ;62 SOKAK;sokak;331344381
ARTVİN;HOPA;YENİ;ARTVİN CADDE;cadde;515328280
ARTVİN;HOPA;YENİ;LİSE CADDE;cadde;721672570
ARTVİN;HOPA;YENİ;MENEKŞE CADDE;cadde;698890
ARTVİN;HOPA;YENİ;NASENİ CADDE;cadde;231283581
ARTVİN;HOPA;YENİ;SAHİL CADDESİ CADDE;cadde;834452880
ARTVİN;HOPA;YENİ;TRAFO CADDE;cadde;87823
ARTVİN;HOPA;YEŞİLKÖY NA;YEŞİLKÖY KÜME EVLER;sokak;558996
ARTVİN;HOPA;YOLDERE - AŞAĞI YOLDERE;AŞAĞI YOLDERE KÜME EVLER;sokak;548049
ARTVİN;HOPA;YOLDERE - YUKARI YOLDERE;YUKARI YOLDERE KÜME EVLER;sokak;564241
ARTVİN;HOPA;YUKARI KULEDİBİ;141. SOKAK;sokak;251688400
ARTVİN;HOPA;YUKARI KULEDİBİ;142. SOKAK;sokak;892468700
ARTVİN;HOPA;YUKARI KULEDİBİ;143. SOKAK;sokak;762016721
ARTVİN;HOPA;YUKARI KULEDİBİ;İSMET ÇAKIR CADDE;cadde;176436
ARTVİN;HOPA;YUKARI KULEDİBİ;KARS CADDE;cadde;581974
ARTVİN;HOPA;YUKARI KULEDİBİ;TATARHAN KÜME EVLER;sokak;106440
ARTVİN;KEMALPAŞA;AKDERE NA;AKDERE KÜME EVLER;sokak;529133
ARTVİN;KEMALPAŞA;CUMHURİYET;14 MART SOKAK;sokak;120905
ARTVİN;KEMALPAŞA;CUMHURİYET;19 MAYIS 1 SOKAK;sokak;829110741
ARTVİN;KEMALPAŞA;CUMHURİYET;19 MAYIS 2 SOKAK;sokak;718706041
ARTVİN;KEMALPAŞA;CUMHURİYET;19 MAYIS SOKAK;sokak;701110
ARTVİN;KEMALPAŞA;CUMHURİYET;ATATÜRK BULVAR;sokak;84816
ARTVİN;KEMALPAŞA;CUMHURİYET;BARIŞ CADDE;cadde;120904
ARTVİN;KEMALPAŞA;CUMHURİYET;BARIŞ1 SOKAK;sokak;440044890
ARTVİN;KEMALPAŞA;CUMHURİYET;BARIŞ2 CADDE;cadde;667184380
ARTVİN;KEMALPAŞA;CUMHURİYET;BARSBAY 1 SOKAK;sokak;384351781
ARTVİN;KEMALPAŞA;CUMHURİYET;BARSBAY SOKAK;sokak;280963
ARTVİN;KEMALPAŞA;CUMHURİYET;BEHİÇ SONBAY SOKAK;sokak;750517971
ARTVİN;KEMALPAŞA;CUMHURİYET;BİLİNMEYEN 10 SOKAK;sokak;148321170
ARTVİN;KEMALPAŞA;CUMHURİYET;BİLİNMEYEN 115 SOKAK;sokak;341262681
ARTVİN;KEMALPAŞA;CUMHURİYET;BİLİNMEYEN 116 SOKAK;sokak;149898910
ARTVİN;KEMALPAŞA;CUMHURİYET;BİLİNMEYEN 117 SOKAK;sokak;428367001
ARTVİN;KEMALPAŞA;CUMHURİYET;BİLİNMEYEN 140 SOKAK;sokak;930465301
ARTVİN;KEMALPAŞA;CUMHURİYET;BİLİNMEYEN 160 SOKAK;sokak;917186430
ARTVİN;KEMALPAŞA;CUMHURİYET;BİLİNMEYEN 166 SOKAK;sokak;437208041
ARTVİN;KEMALPAŞA;CUMHURİYET;BİLİNMEYEN 168 SOKAK;sokak;617288790
ARTVİN;KEMALPAŞA;CUMHURİYET;BİLİNMEYEN 999 SOKAK;sokak;196746390
ARTVİN;KEMALPAŞA;CUMHURİYET;BİLİNMEYEN İNÖNÜ SOKAK;sokak;670371840
ARTVİN;KEMALPAŞA;CUMHURİYET;BİLİNMEYEN Z SOKAK;sokak;368425990
ARTVİN;KEMALPAŞA;CUMHURİYET;CEMİL SONBAY 1 CADDE;cadde;601147660
ARTVİN;KEMALPAŞA;CUMHURİYET;CEMİL SONBAY CADDE;cadde;699955
ARTVİN;KEMALPAŞA;CUMHURİYET;EMEK SOKAK;sokak;701542
ARTVİN;KEMALPAŞA;CUMHURİYET;EMİRLER SOKAK;sokak;705229
ARTVİN;KEMALPAŞA;CUMHURİYET;GÜNEY SOKAK;sokak;84812
ARTVİN;KEMALPAŞA;CUMHURİYET;INÖNÜ3 SOKAK;sokak;545542411
ARTVİN;KEMALPAŞA;CUMHURİYET;IŞIKMAN 1 CADDE;cadde;188307450
ARTVİN;KEMALPAŞA;CUMHURİYET;IŞIKMAN CADDE;cadde;84813
ARTVİN;KEMALPAŞA;CUMHURİYET;İNÖNÜ 3 CADDE;cadde;947948801
ARTVİN;KEMALPAŞA;CUMHURİYET;İNÖNÜ CADDE;cadde;353806
ARTVİN;KEMALPAŞA;CUMHURİYET;İSMET ACAR CADDE;cadde;935683840
ARTVİN;KEMALPAŞA;CUMHURİYET;KÖPRÜCÜ 1 SOKAK;sokak;792681730
ARTVİN;KEMALPAŞA;CUMHURİYET;KÖPRÜCÜ 2 CADDE;cadde;559733411
ARTVİN;KEMALPAŞA;CUMHURİYET;KÖPRÜCÜ 3 CADDE;cadde;745528371
ARTVİN;KEMALPAŞA;CUMHURİYET;KÖPRÜCÜ CADDE;cadde;701027
ARTVİN;KEMALPAŞA;CUMHURİYET;KURTULUŞ SOKAK SOKAK;sokak;764986251
ARTVİN;KEMALPAŞA;CUMHURİYET;MERT OĞLU SOKAK SOKAK;sokak;775203021
ARTVİN;KEMALPAŞA;CUMHURİYET;MUSTAFA KEMAL ATATÜRK CADDE;cadde;647946
ARTVİN;KEMALPAŞA;CUMHURİYET;ÖZGÜR SOKAK;sokak;84815
ARTVİN;KEMALPAŞA;CUMHURİYET;PİRİNÇLİK SOKAK;sokak;701111
ARTVİN;KEMALPAŞA;CUMHURİYET;SONBAY 1 SOKAK;sokak;479977881
ARTVİN;KEMALPAŞA;CUMHURİYET;SONBAY 2 SOKAK;sokak;895551711
ARTVİN;KEMALPAŞA;CUMHURİYET;SONBAY SOKAK;sokak;280961
ARTVİN;KEMALPAŞA;CUMHURİYET;ŞHT. CEVAHIR ÇELIK 1 SOKAK;sokak;643155180
ARTVİN;KEMALPAŞA;CUMHURİYET;ŞHT. CEVAHİR ÇELİK 2 SOKAK;sokak;130497541
ARTVİN;KEMALPAŞA;CUMHURİYET;ŞHT. CEVAHİR ÇELİK SOKAK;sokak;84814
ARTVİN;KEMALPAŞA;CUMHURİYET;YENİGÜN SOKAK;sokak;866025
ARTVİN;KEMALPAŞA;CUMHURİYET;YILMAZ SOKAK;sokak;388695
ARTVİN;KEMALPAŞA;ÇAMURLU NA;ÇAMURLU KÜME EVLER;sokak;570325
ARTVİN;KEMALPAŞA;DEREİÇİ NA;DEREİÇİ KÜME EVLER;sokak;515150
ARTVİN;KEMALPAŞA;GÜMÜŞDERE NA;GÜMÜŞDERE KÜME EVLER;sokak;515455
ARTVİN;KEMALPAŞA;KARAOSMANİYE NA;KARAOSMANİYE KÜME EVLER;sokak;519967
ARTVİN;KEMALPAŞA;KAYAKÖY NA;KAYAKÖY KÜME EVLER;sokak;503178
ARTVİN;KEMALPAŞA;KAZİMİYE NA;KAZİMİYE KÜME EVLER;sokak;397819
ARTVİN;KEMALPAŞA;KÖPRÜCÜ NA;KÖPRÜCÜ KÜME EVLER;sokak;84836
ARTVİN;KEMALPAŞA;LİMAN NA;LİMAN KÜME EVLER;sokak;84828
ARTVİN;KEMALPAŞA;OSMANİYE - KARŞI;KARŞI KÜME EVLER;sokak;585632
ARTVİN;KEMALPAŞA;OSMANİYE - MERKEZ;MERKEZ KÜME EVLER;sokak;584156
ARTVİN;KEMALPAŞA;SARP NA;SARP GÜMRÜK SOKAK;sokak;354433570
ARTVİN;KEMALPAŞA;SARP NA;SARP KÜME EVLER;sokak;522090
ARTVİN;KEMALPAŞA;SELİMİYE;ATATÜRK BULVAR;sokak;543656060
ARTVİN;KEMALPAŞA;SELİMİYE;BARINAK MEVKİİ KÜME EVLER;sokak;637243
ARTVİN;KEMALPAŞA;SELİMİYE;BİLİNMEYEN 101 SOKAK;sokak;578286180
ARTVİN;KEMALPAŞA;SELİMİYE;BİLİNMEYEN 104 SOKAK;sokak;117059281
ARTVİN;KEMALPAŞA;SELİMİYE;BİLİNMEYEN 118 SOKAK;sokak;759177731
ARTVİN;KEMALPAŞA;SELİMİYE;BİLİNMEYEN 135 SOKAK;sokak;943390171
ARTVİN;KEMALPAŞA;SELİMİYE;BİLMEYEN 102 SOKAK;sokak;901426541
ARTVİN;KEMALPAŞA;SELİMİYE;CUMHURİYET MEYDAN;sokak;634251
ARTVİN;KEMALPAŞA;SELİMİYE;DEREİÇİ CADDE;cadde;643202
ARTVİN;KEMALPAŞA;SELİMİYE;GAZETECİ UĞUR MUMCU CADDE;cadde;630432
ARTVİN;KEMALPAŞA;SELİMİYE;SELİMİYE CADDE;cadde;87490
ARTVİN;KEMALPAŞA;UZUNYALI;ATATÜRK BULVAR;sokak;703919
ARTVİN;KEMALPAŞA;UZUNYALI;BAŞAR 1 SOKAK;sokak;180882450
ARTVİN;KEMALPAŞA;UZUNYALI;BAŞAR SOKAK;sokak;239375
ARTVİN;KEMALPAŞA;UZUNYALI;BİLİNMEYEN 103 SOKAK;sokak;367073131
ARTVİN;KEMALPAŞA;UZUNYALI;BİLİNMEYEN 107 SOKAK;sokak;902730791
ARTVİN;KEMALPAŞA;UZUNYALI;BİLİNMEYEN 113 SOKAK;sokak;826923850
ARTVİN;KEMALPAŞA;UZUNYALI;BİLİNMEYEN 114 SOKAK;sokak;339352711
ARTVİN;KEMALPAŞA;UZUNYALI;BİLİNMEYEN 134 SOKAK;sokak;418363961
ARTVİN;KEMALPAŞA;UZUNYALI;BİLİNMEYEN 138 SOKAK;sokak;474177611
ARTVİN;KEMALPAŞA;UZUNYALI;BİLİNMEYEN 70 SOKAK;sokak;654472450
ARTVİN;KEMALPAŞA;UZUNYALI;BİLİNMEYEN 71 SOKAK;sokak;151014130
ARTVİN;KEMALPAŞA;UZUNYALI;BİLİNMEYEN 74 SOKAK;sokak;158507460
ARTVİN;KEMALPAŞA;UZUNYALI;BİLİNMEYEN 75 SOKAK;sokak;170854571
ARTVİN;KEMALPAŞA;UZUNYALI;BİLİNMEYEN 82 CADDE;cadde;681420740
ARTVİN;KEMALPAŞA;UZUNYALI;BİLİNMEYEN123 SOKAK;sokak;484310011
ARTVİN;KEMALPAŞA;UZUNYALI;BİLİNMEYENN SOKAK;sokak;564151280
ARTVİN;KEMALPAŞA;UZUNYALI;BİLİNMEYENY SOKAK;sokak;896141271
ARTVİN;KEMALPAŞA;UZUNYALI;BOĞAZİÇİ SOKAK;sokak;481440001
ARTVİN;KEMALPAŞA;UZUNYALI;ÇAĞDAŞ 1 SOKAK;sokak;521623101
ARTVİN;KEMALPAŞA;UZUNYALI;ÇAĞDAŞ 2 SOKAK;sokak;594500491
ARTVİN;KEMALPAŞA;UZUNYALI;ÇAĞDAŞ SOKAK;sokak;487359
ARTVİN;KEMALPAŞA;UZUNYALI;DENİZ SOKAK;sokak;705032
ARTVİN;KEMALPAŞA;UZUNYALI;DOKTOR ALPER TEMUR 2 CADDE;cadde;530624850
ARTVİN;KEMALPAŞA;UZUNYALI;DOKTOR ALPER TEMUR 3 CADDE;cadde;718816271
ARTVİN;KEMALPAŞA;UZUNYALI;DOKTOR ALPER TEMUR CADDE;cadde;706414
ARTVİN;KEMALPAŞA;UZUNYALI;ESKİ SARP YOLU CADDE;cadde;272905
ARTVİN;KEMALPAŞA;UZUNYALI;GAZİ SOKAK;sokak;272907
ARTVİN;KEMALPAŞA;UZUNYALI;GUL1 SOKAK;sokak;600579811
ARTVİN;KEMALPAŞA;UZUNYALI;GÜL 2 SOKAK;sokak;618203530
ARTVİN;KEMALPAŞA;UZUNYALI;GÜL 3 SOKAK;sokak;757039180
ARTVİN;KEMALPAŞA;UZUNYALI;GÜL 4 SOKAK;sokak;248460320
ARTVİN;KEMALPAŞA;UZUNYALI;GÜL SOKAK;sokak;698128
ARTVİN;KEMALPAŞA;UZUNYALI;HALVAŞİ 2 CADDE;cadde;742104691
ARTVİN;KEMALPAŞA;UZUNYALI;HALVAŞİ 4 CADDE;cadde;775596800
ARTVİN;KEMALPAŞA;UZUNYALI;HALVAŞİ 5 CADDE;cadde;250217831
ARTVİN;KEMALPAŞA;UZUNYALI;HALVAŞİ CADDE;cadde;494173
ARTVİN;KEMALPAŞA;UZUNYALI;İNÖNÜ 1 SOKAK;sokak;512899400
ARTVİN;KEMALPAŞA;UZUNYALI;İNÖNÜ CADDE;cadde;91802
ARTVİN;KEMALPAŞA;UZUNYALI;KARADAĞ SOKAK;sokak;907957090
ARTVİN;KEMALPAŞA;UZUNYALI;KARANFİL SOKAK;sokak;272904
ARTVİN;KEMALPAŞA;UZUNYALI;KEMER SOKAK;sokak;272906
ARTVİN;KEMALPAŞA;UZUNYALI;MENEKŞE 1 SOKAK;sokak;204530980
ARTVİN;KEMALPAŞA;UZUNYALI;MENEKŞE SOKAK;sokak;713611
ARTVİN;KEMALPAŞA;UZUNYALI;OSMAN PAŞA SOKAK;sokak;708561
ARTVİN;KEMALPAŞA;UZUNYALI;ÖZBAY SOKAK;sokak;706811
ARTVİN;KEMALPAŞA;UZUNYALI;PİLAVTEPE 1 SOKAK;sokak;205664440
ARTVİN;KEMALPAŞA;UZUNYALI;PİLAVTEPE 3 SOKAK;sokak;639592741
ARTVİN;KEMALPAŞA;UZUNYALI;PİLAVTEPE 4 SOKAK;sokak;821219711
ARTVİN;KEMALPAŞA;UZUNYALI;PİLAVTEPE SOKAK;sokak;512073
ARTVİN;KEMALPAŞA;UZUNYALI;SAHİL SOKAK;sokak;272909
ARTVİN;KEMALPAŞA;UZUNYALI;YALI SOKAK;sokak;706812
ARTVİN;KEMALPAŞA;ÜÇKARDEŞ NA;ÜÇKARDEŞ KÜME EVLER;sokak;540349
ARTVİN;MERKEZ;AĞILLAR - BAĞLIK;BAĞLIK KÜME EVLER;sokak;527765
ARTVİN;MERKEZ;AĞILLAR - KÖYİÇİ;KÖYİÇİ KÜME EVLER;sokak;515221
ARTVİN;MERKEZ;AĞILLAR - SAYGILI;SAYGILI KÜME EVLER;sokak;516519
ARTVİN;MERKEZ;AHLAT - AHLAT;AHALT YAYLASI KÜME EVLER;sokak;251756
ARTVİN;MERKEZ;AHLAT - AHLAT;AHLAT KÜME EVLER;sokak;690538
ARTVİN;MERKEZ;AHLAT - CAMİ;CAMİ KÜME EVLER;sokak;341366
ARTVİN;MERKEZ;AHLAT - DALİZELER;DALİZELER KÜME EVLER;sokak;682788
ARTVİN;MERKEZ;AHLAT - DİDVAKE;DİDVAKE KÜME EVLER;sokak;686608
ARTVİN;MERKEZ;AHLAT - KAKACAVUR;KAKACAVUR KÜME EVLER;sokak;685545
ARTVİN;MERKEZ;AHLAT - KEŞOĞULLARI;KEŞOĞULLARI KÜME EVLER;sokak;682860
ARTVİN;MERKEZ;AHLAT - VANAT;VANAT KÜME EVLER;sokak;685304
ARTVİN;MERKEZ;ALABALIK - ALABALIK;ALABALIK KÜME EVLER;sokak;536726
ARTVİN;MERKEZ;ALABALIK - BALLI;BALLI KÜME EVLER;sokak;548198
ARTVİN;MERKEZ;ALABALIK - CEVİZLİ;CEVİZLİ KÜME EVLER;sokak;536146
ARTVİN;MERKEZ;ALABALIK - ÇİMENLİ;ÇİMENLİ KÜME EVLER;sokak;298879
ARTVİN;MERKEZ;ALABALIK - DERELER;DERELER KÜME EVLER;sokak;543165
ARTVİN;MERKEZ;ALABALIK - DÜZENLİ;DÜZENLİ KÜME EVLER;sokak;386481
ARTVİN;MERKEZ;ALABALIK - GÜLTEPE;GÜLTEPE KÜME EVLER;sokak;307849
ARTVİN;MERKEZ;ALABALIK - NAKOREV;NAKOREV KÜME EVLER;sokak;540203
ARTVİN;MERKEZ;AŞAĞIMADEN - AGUSET;AGUSET KÜME EVLER;sokak;596039
ARTVİN;MERKEZ;AŞAĞIMADEN - AŞAĞI MADEN;AŞAĞI MADEN YAYLASI KÜME EVLER;sokak;591570
ARTVİN;MERKEZ;AŞAĞIMADEN - AVAZAN;AVAZAN KÜME EVLER;sokak;617309
ARTVİN;MERKEZ;AŞAĞIMADEN - BOLUKLU;BOLUKLU KÜME EVLER;sokak;551812
ARTVİN;MERKEZ;AŞAĞIMADEN - CAMİ;CAMİ KÜME EVLER;sokak;569786
ARTVİN;MERKEZ;AŞAĞIMADEN - CİCOTHEV;CİCOTHEV KÜME EVLER;sokak;581619
ARTVİN;MERKEZ;AŞAĞIMADEN - ÇELİKLER;ÇELİKLER KÜME EVLER;sokak;591000
ARTVİN;MERKEZ;AŞAĞIMADEN - DİNDAROĞLU;DİNDAROĞLU KÜME EVLER;sokak;577835
ARTVİN;MERKEZ;AŞAĞIMADEN - DOLİŞGİL;DOLİŞGİL KÜME EVLER;sokak;583806
ARTVİN;MERKEZ;AŞAĞIMADEN - ĞOYNAR;ĞOYNAR KÜME EVLER;sokak;354083
ARTVİN;MERKEZ;AŞAĞIMADEN - HANS;HANS KÜME EVLER;sokak;591030
ARTVİN;MERKEZ;AŞAĞIMADEN - HAŞUT;HAŞUT KÜME EVLER;sokak;593845
ARTVİN;MERKEZ;AŞAĞIMADEN - HAVNAGARA;HAVNAGARA KÜME EVLER;sokak;546061
ARTVİN;MERKEZ;AŞAĞIMADEN - HOZEGARA;HOZEGARA KÜME EVLER;sokak;563965
ARTVİN;MERKEZ;AŞAĞIMADEN - KATNAGARA;KATNAGARA KÜME EVLER;sokak;550075
ARTVİN;MERKEZ;AŞAĞIMADEN - KAYMAKLI;KAYMAKLI KÜME EVLER;sokak;578581
ARTVİN;MERKEZ;AŞAĞIMADEN - KOYTARLAR;KOYTARLAR KÜME EVLER;sokak;474868
ARTVİN;MERKEZ;AŞAĞIMADEN - KÖPRÜ BAŞI;KÖPRÜBAŞI KÜME EVLER;sokak;590059
ARTVİN;MERKEZ;AŞAĞIMADEN - MERKEZ;MERKEZ KÜME EVLER;sokak;604111
ARTVİN;MERKEZ;AŞAĞIMADEN - MISIRLI;MSIRLI KÜME EVLER;sokak;584981
ARTVİN;MERKEZ;AŞAĞIMADEN - MİRZİGİL;MİRZİGİL KÜME EVLER;sokak;589625
ARTVİN;MERKEZ;AŞAĞIMADEN - MUĞA;MUĞA KÜME EVLER;sokak;591617
ARTVİN;MERKEZ;AŞAĞIMADEN - NUHSAĞARA;NUHSAĞARA KÜME EVLER;sokak;551177
ARTVİN;MERKEZ;AŞAĞIMADEN - OSUT;OSUT KÜME EVLER;sokak;584663
ARTVİN;MERKEZ;AŞAĞIMADEN - SALİCOR;SALİCOR KÜME EVLER;sokak;560413
ARTVİN;MERKEZ;AŞAĞIMADEN - TANRIVERDİ;TANRIVERDİ KÜME EVLER;sokak;588314
ARTVİN;MERKEZ;AŞAĞIMADEN - TANZEK;TANZEK KÜME EVLER;sokak;544030
ARTVİN;MERKEZ;AŞAĞIMADEN - USKUP;USKUP KÜME EVLER;sokak;459447
ARTVİN;MERKEZ;AŞAĞIMADEN - ZOM;ZOM KÜME EVLER;sokak;582841
ARTVİN;MERKEZ;BAĞCILAR - ERDEMLİ;ERDEMLİ KÜME EVLER;sokak;542323
ARTVİN;MERKEZ;BAĞCILAR - KANATLI;KANATLI KÜME EVLER;sokak;534718
ARTVİN;MERKEZ;BAĞCILAR - MERKEZ;MERKEZ KÜME EVLER;sokak;287450
ARTVİN;MERKEZ;BAĞCILAR - MİNYATÜR;MİNYATÜR KÜME EVLER;sokak;545492
ARTVİN;MERKEZ;BAKIRKÖY - ARİF ÇAVUŞ;ARİF ÇAVUŞ KÜME EVLER;sokak;617021
ARTVİN;MERKEZ;BAKIRKÖY - AZİZAĞAOĞLU;AZİZAĞAOĞLU KÜME EVLER;sokak;617317
ARTVİN;MERKEZ;BAKIRKÖY - KOÇOĞLU;KOÇOĞLU KÜME EVLER;sokak;617066
ARTVİN;MERKEZ;BAKIRKÖY - REŞİTOĞLU;REŞİTOĞLU KÜME EVLER;sokak;611229
ARTVİN;MERKEZ;BALCIOĞLU;ALİ RIZA PAŞA CADDE;cadde;391618
ARTVİN;MERKEZ;BALCIOĞLU;BILDIRCIN SOKAK;sokak;91187971
ARTVİN;MERKEZ;BALCIOĞLU;BOĞA SOKAK;sokak;686532110
ARTVİN;MERKEZ;BALCIOĞLU;ÇAMLICA SOKAK;sokak;87422
ARTVİN;MERKEZ;BALCIOĞLU;ÇAYIR SOKAK;sokak;170627
ARTVİN;MERKEZ;BALCIOĞLU;ÇEŞMELİ SOKAK;sokak;167216
ARTVİN;MERKEZ;BALCIOĞLU;ÇİFTLİK SOKAK;sokak;87417
ARTVİN;MERKEZ;BALCIOĞLU;DARMANOĞLU SOKAK;sokak;346884651
ARTVİN;MERKEZ;BALCIOĞLU;KAFKASÖR MESİRE SOKAK;sokak;391620
ARTVİN;MERKEZ;BALCIOĞLU;KAFKASÖR SOKAK;sokak;644983
ARTVİN;MERKEZ;BALCIOĞLU;KÖROSMAN SOKAK;sokak;609613641
ARTVİN;MERKEZ;BALCIOĞLU;KROS SOKAK;sokak;157036710
ARTVİN;MERKEZ;BALCIOĞLU;MANDIRA SOKAK;sokak;391621
ARTVİN;MERKEZ;BALCIOĞLU;MERT SOKAK;sokak;87418
ARTVİN;MERKEZ;BALCIOĞLU;METEOROLOJİ KÜME EVLER;sokak;87416
ARTVİN;MERKEZ;BALCIOĞLU;OLGUN SOKAK;sokak;87419
ARTVİN;MERKEZ;BALCIOĞLU;ÖMER ÇAVUŞ SOKAK;sokak;391619
ARTVİN;MERKEZ;BALCIOĞLU;ÖMER KURU SOKAK;sokak;87420
ARTVİN;MERKEZ;BALCIOĞLU;ÖMER KURU1 SOKAK;sokak;551189540
ARTVİN;MERKEZ;BALCIOĞLU;PANTA SOKAK;sokak;358106621
ARTVİN;MERKEZ;BALCIOĞLU;PINARLI SOKAK;sokak;167217
ARTVİN;MERKEZ;BALCIOĞLU;SARMAŞIK SOKAK;sokak;554194101
ARTVİN;MERKEZ;BALCIOĞLU;SEYİR SOKAK;sokak;787024461
ARTVİN;MERKEZ;BALCIOĞLU;ŞEHİT ÖMER ZEKİ VARAN SOKAK;sokak;87421
ARTVİN;MERKEZ;BALCIOĞLU;YAŞAGÜL SOKAK;sokak;287949231
ARTVİN;MERKEZ;BALCIOĞLU;YAZANLAR CADDE;cadde;87423
ARTVİN;MERKEZ;BALCIOĞLU;YEŞİL SOKAK;sokak;87424
ARTVİN;MERKEZ;BALCIOĞLU;ZELAHO SOKAK;sokak;498009490
ARTVİN;MERKEZ;BALCIOĞLU;ZOKLAN SOKAK;sokak;795966231
ARTVİN;MERKEZ;BALLIÜZÜM - BALLI ÜZÜM;BALLIÜZÜM KÜME EVLER;sokak;525982
ARTVİN;MERKEZ;BEŞAĞIL - AGORA;AGORA KÜME EVLER;sokak;511959
ARTVİN;MERKEZ;BEŞAĞIL - BEŞAĞIL;BEŞAĞIL YAYLASI KÜME EVLER;sokak;89010
ARTVİN;MERKEZ;BEŞAĞIL - SATİBO;SATİBO KÜME EVLER;sokak;493713
ARTVİN;MERKEZ;BEŞAĞIL - SEVAİL;SEVAİL KÜME EVLER;sokak;499099
ARTVİN;MERKEZ;ÇAMLIK;19 MAYIS CADDE;cadde;424241
ARTVİN;MERKEZ;ÇAMLIK;ALİ RIZA PAŞA CADDE;cadde;87425
ARTVİN;MERKEZ;ÇAMLIK;ATAN OĞLU SOKAK;sokak;87431
ARTVİN;MERKEZ;ÇAMLIK;ATAN OĞLU1 SOKAK;sokak;782514770
ARTVİN;MERKEZ;ÇAMLIK;ATMACA SOKAK;sokak;87428
ARTVİN;MERKEZ;ÇAMLIK;BAYIR SOKAK;sokak;244190530
ARTVİN;MERKEZ;ÇAMLIK;BILDIRCIN SOKAK;sokak;829769520
ARTVİN;MERKEZ;ÇAMLIK;ÇAMLIK CADDE;cadde;87429
ARTVİN;MERKEZ;ÇAMLIK;ÇORÇİL SOKAK;sokak;578549450
ARTVİN;MERKEZ;ÇAMLIK;HASTANE CADDE;cadde;87426
ARTVİN;MERKEZ;ÇAMLIK;HAVUZ SOKAK;sokak;925261361
ARTVİN;MERKEZ;ÇAMLIK;HÜR SOKAK;sokak;194692380
ARTVİN;MERKEZ;ÇAMLIK;KAFKASÖR SOKAK;sokak;170628
ARTVİN;MERKEZ;ÇAMLIK;KESKİN SOKAK;sokak;391622
ARTVİN;MERKEZ;ÇAMLIK;KUVAP1 SOKAK;sokak;49138126
ARTVİN;MERKEZ;ÇAMLIK;MEZRA SOKAK;sokak;87433
ARTVİN;MERKEZ;ÇAMLIK;MEZRA1 SOKAK;sokak;868061481
ARTVİN;MERKEZ;ÇAMLIK;MEZRA2 SOKAK;sokak;546738431
ARTVİN;MERKEZ;ÇAMLIK;NARİN SOKAK;sokak;589448021
ARTVİN;MERKEZ;ÇAMLIK;SANDIKÇI SOKAK;sokak;266155671
ARTVİN;MERKEZ;ÇAMLIK;SARMAŞIK SOKAK;sokak;331453010
ARTVİN;MERKEZ;ÇAMLIK;SOBACI SOKAK;sokak;421813051
ARTVİN;MERKEZ;ÇAMLIK;SÜLEYMAN YILMAZ SOKAK;sokak;432820941
ARTVİN;MERKEZ;ÇAMLIK;ŞEHİT KR.PLT.ÜTĞM.REMZİ KAPLAN SOKAK;sokak;861908
ARTVİN;MERKEZ;ÇAMLIK;ŞEHİT KR.PLT.ÜTĞM.REMZİ KAPLAN1 SOKAK;sokak;844252220
ARTVİN;MERKEZ;ÇAMLIK;ŞEHİT ÖMER ZEKİ VARAN SOKAK;sokak;391624
ARTVİN;MERKEZ;ÇAMLIK;TAŞLI SOKAK;sokak;87427
ARTVİN;MERKEZ;ÇAMLIK;TELSİZ SOKAK;sokak;685027491
ARTVİN;MERKEZ;ÇAMLIK;TEPE YOLU SOKAK;sokak;170629
ARTVİN;MERKEZ;ÇAMLIK;ÜMİT SOKAK;sokak;164503300
ARTVİN;MERKEZ;ÇAMLIK;VARAN SOKAK;sokak;822510000
ARTVİN;MERKEZ;ÇAMLIK;YAREN SOKAK;sokak;87432
ARTVİN;MERKEZ;ÇAMLIK;YEŞİLKENT SOKAK;sokak;365109070
ARTVİN;MERKEZ;ÇAMLIK;YILDIZ SOKAK;sokak;391623
ARTVİN;MERKEZ;ÇAMLIK;YOKUŞ SOKAK;sokak;35612308
ARTVİN;MERKEZ;ÇAMLIK;ZİYARET SOKAK;sokak;87430
ARTVİN;MERKEZ;ÇARŞI;19 MAYIS CADDE;cadde;93413
ARTVİN;MERKEZ;ÇARŞI;ABDİ İPEKÇİ CADDE;cadde;170630
ARTVİN;MERKEZ;ÇARŞI;ADLİYE SOKAK;sokak;87435
ARTVİN;MERKEZ;ÇARŞI;ARALIK SOKAK;sokak;93401
ARTVİN;MERKEZ;ÇARŞI;ATATÜRK CADDE;cadde;87442
ARTVİN;MERKEZ;ÇARŞI;BAHRİYE ÜÇOK CADDE;cadde;87436
ARTVİN;MERKEZ;ÇARŞI;BAKİ ÇALOĞLU SOKAK;sokak;93409
ARTVİN;MERKEZ;ÇARŞI;BİNAT SOKAK;sokak;87437
ARTVİN;MERKEZ;ÇARŞI;CAMİ SOKAK;sokak;93421
ARTVİN;MERKEZ;ÇARŞI;CAN SOKAK;sokak;756665030
ARTVİN;MERKEZ;ÇARŞI;CUMHURİYET MEYDAN;sokak;93400
ARTVİN;MERKEZ;ÇARŞI;CUMHURİYET_1 CADDE;cadde;87434
ARTVİN;MERKEZ;ÇARŞI;ÇAĞAL SOKAK;sokak;391626
ARTVİN;MERKEZ;ÇARŞI;ÇAVUŞ SOKAK;sokak;407520
ARTVİN;MERKEZ;ÇARŞI;ÇETİN SOKAK;sokak;93411
ARTVİN;MERKEZ;ÇARŞI;ÇÖZÜM SOKAK;sokak;804456460
ARTVİN;MERKEZ;ÇARŞI;DAR SOKAK;sokak;695549130
ARTVİN;MERKEZ;ÇARŞI;DEMİRCİOĞLU SOKAK;sokak;93410
ARTVİN;MERKEZ;ÇARŞI;DERE ÇIKMAZI KÜME EVLER;sokak;87438
ARTVİN;MERKEZ;ÇARŞI;DERİN ÇEŞME SOKAK;sokak;87439
ARTVİN;MERKEZ;ÇARŞI;DERİN ÇEŞME1 SOKAK;sokak;373755320
ARTVİN;MERKEZ;ÇARŞI;DİK SOKAK;sokak;93422
ARTVİN;MERKEZ;ÇARŞI;DOĞAN SOKAK;sokak;391627
ARTVİN;MERKEZ;ÇARŞI;DOĞUŞ SOKAK;sokak;93406
ARTVİN;MERKEZ;ÇARŞI;DR. MIMAR KADIR TOPBAŞ BULVAR;sokak;226230520
ARTVİN;MERKEZ;ÇARŞI;EMNİYET SOKAK;sokak;93402
ARTVİN;MERKEZ;ÇARŞI;ESENTEPE SOKAK;sokak;93404
ARTVİN;MERKEZ;ÇARŞI;GENYA SOKAK;sokak;87440
ARTVİN;MERKEZ;ÇARŞI;HABAZOĞLU SOKAK;sokak;170293
ARTVİN;MERKEZ;ÇARŞI;HASTANE CADDE;cadde;93426
ARTVİN;MERKEZ;ÇARŞI;İÇ SOKAK;sokak;93408
ARTVİN;MERKEZ;ÇARŞI;İNCE SOKAK;sokak;93414
ARTVİN;MERKEZ;ÇARŞI;İNÖNÜ CADDE;cadde;391628
ARTVİN;MERKEZ;ÇARŞI;İSMET ACAR BULVAR;sokak;750196120
ARTVİN;MERKEZ;ÇARŞI;KADİR HALVAŞİ SOKAK;sokak;87448
ARTVİN;MERKEZ;ÇARŞI;KAFKASÖR FESTİVAL CADDE;cadde;87443
ARTVİN;MERKEZ;ÇARŞI;KAVŞAK SOKAK;sokak;601706100
ARTVİN;MERKEZ;ÇARŞI;KAYA KELEŞ SOKAK;sokak;391631
ARTVİN;MERKEZ;ÇARŞI;KAYA SOKAK;sokak;170294
ARTVİN;MERKEZ;ÇARŞI;KAYABAŞI SOKAK;sokak;93415
ARTVİN;MERKEZ;ÇARŞI;KENAR SOKAK;sokak;93405
ARTVİN;MERKEZ;ÇARŞI;KIRLANGIÇ SOKAK;sokak;93425
ARTVİN;MERKEZ;ÇARŞI;KOZA SOKAK SOKAK;sokak;93416
ARTVİN;MERKEZ;ÇARŞI;LEFTER TURAN SOKAK;sokak;376404480
ARTVİN;MERKEZ;ÇARŞI;MİLLİ İRADE MEYDAN;sokak;1159318
ARTVİN;MERKEZ;ÇARŞI;MİRALAY ŞÜKRÜ BEY CADDE;cadde;93423
ARTVİN;MERKEZ;ÇARŞI;NARİN SOKAK;sokak;73535098
ARTVİN;MERKEZ;ÇARŞI;ORTA YOL SOKAK;sokak;93424
ARTVİN;MERKEZ;ÇARŞI;ORTA YOL1 SOKAK;sokak;644715010
ARTVİN;MERKEZ;ÇARŞI;ÖĞRETMEN SÜLEYMAN YURTTAŞ SOKAK;sokak;93412
ARTVİN;MERKEZ;ÇARŞI;ÖĞRETMEN TALİHA GENÇ SOKAK;sokak;391625
ARTVİN;MERKEZ;ÇARŞI;PTT SOKAK;sokak;605909240
ARTVİN;MERKEZ;ÇARŞI;SABİT OSMAN AVCI HÜRRİYET CADDE;cadde;87449
ARTVİN;MERKEZ;ÇARŞI;SAĞLIK SOKAK;sokak;391629
ARTVİN;MERKEZ;ÇARŞI;SANAYİ SOKAK;sokak;93403
ARTVİN;MERKEZ;ÇARŞI;SELİMİYE SOKAK;sokak;87444
ARTVİN;MERKEZ;ÇARŞI;SELVİ SOKAK;sokak;93418
ARTVİN;MERKEZ;ÇARŞI;SERHAT SOKAK;sokak;93407
ARTVİN;MERKEZ;ÇARŞI;ŞAN SOKAK;sokak;544124
ARTVİN;MERKEZ;ÇARŞI;ŞEHİT DURSUN ACAR CADDE;cadde;87441
ARTVİN;MERKEZ;ÇARŞI;ŞEHİT ÖMER ZEKİ VARAN SOKAK;sokak;87445
ARTVİN;MERKEZ;ÇARŞI;ŞEHİT SOYDAN YAZICI SOKAK;sokak;93417
ARTVİN;MERKEZ;ÇARŞI;ŞÜKRÜ KANATLI SOKAK;sokak;816177551
ARTVİN;MERKEZ;ÇARŞI;TABİB SOKAK;sokak;87446
ARTVİN;MERKEZ;ÇARŞI;TAŞKAN SOKAK;sokak;272316040
ARTVİN;MERKEZ;ÇARŞI;TEKEL SOKAK;sokak;93419
ARTVİN;MERKEZ;ÇARŞI;TİCARET SOKAK;sokak;391630
ARTVİN;MERKEZ;ÇARŞI;TOPRAK SOKAK;sokak;389568
ARTVİN;MERKEZ;ÇARŞI;TÜRK OCAĞI SOKAK;sokak;87447
ARTVİN;MERKEZ;ÇARŞI;YAVUZ SOKAK;sokak;93420
ARTVİN;MERKEZ;ÇARŞI;YEDİ MART SOKAK;sokak;325740710
ARTVİN;MERKEZ;ÇARŞI;YURT SOKAK;sokak;407521
ARTVİN;MERKEZ;ÇAYAĞZI;14 SOKAK;sokak;665742940
ARTVİN;MERKEZ;ÇAYAĞZI;AKADEMİ SOKAK;sokak;588700980
ARTVİN;MERKEZ;ÇAYAĞZI;ALAHANOĞLU SOKAK;sokak;389569
ARTVİN;MERKEZ;ÇAYAĞZI;ATABARI SOKAK;sokak;93428
ARTVİN;MERKEZ;ÇAYAĞZI;CERMİK SOKAK;sokak;93440
ARTVİN;MERKEZ;ÇAYAĞZI;CEVİZLİ SOKAK;sokak;93427
ARTVİN;MERKEZ;ÇAYAĞZI;ÇEVRE SOKAK;sokak;596501351
ARTVİN;MERKEZ;ÇAYAĞZI;ÇORUH SOKAK;sokak;93441
ARTVİN;MERKEZ;ÇAYAĞZI;DİKYAMAÇ SOKAK;sokak;552498900
ARTVİN;MERKEZ;ÇAYAĞZI;ERZURUM CADDE;cadde;93429
ARTVİN;MERKEZ;ÇAYAĞZI;ESER SOKAK;sokak;389570
ARTVİN;MERKEZ;ÇAYAĞZI;ESKİ KÖPRÜBAŞI SOKAK;sokak;859784351
ARTVİN;MERKEZ;ÇAYAĞZI;FEVZİ ÇAKMAK CADDE;cadde;93437
ARTVİN;MERKEZ;ÇAYAĞZI;GARNİZON SOKAK;sokak;405296461
ARTVİN;MERKEZ;ÇAYAĞZI;HASAN ÇITAK SOKAK;sokak;93435
ARTVİN;MERKEZ;ÇAYAĞZI;HAYAL SOKAK;sokak;530728311
ARTVİN;MERKEZ;ÇAYAĞZI;HORON SOKAK;sokak;389575
ARTVİN;MERKEZ;ÇAYAĞZI;KALE SOKAK;sokak;562654651
ARTVİN;MERKEZ;ÇAYAĞZI;KALEDİBİ BİRLİK SOKAK;sokak;93430
ARTVİN;MERKEZ;ÇAYAĞZI;KANARYA SOKAK;sokak;389574
ARTVİN;MERKEZ;ÇAYAĞZI;KARAYOLU1 BULVAR;sokak;300123220
ARTVİN;MERKEZ;ÇAYAĞZI;KAVŞAK SOKAK;sokak;70990296
ARTVİN;MERKEZ;ÇAYAĞZI;KAZIM KARABEKİR CADDE;cadde;93431
ARTVİN;MERKEZ;ÇAYAĞZI;KIŞLA SOKAK;sokak;1294237
ARTVİN;MERKEZ;ÇAYAĞZI;KÜLTÜR SOKAK;sokak;93438
ARTVİN;MERKEZ;ÇAYAĞZI;LİF LEVHA SOKAK;sokak;389571
ARTVİN;MERKEZ;ÇAYAĞZI;MESKEN SOKAK;sokak;93439
ARTVİN;MERKEZ;ÇAYAĞZI;MİRALAY ŞÜKRÜ BEY CADDE;cadde;93432
ARTVİN;MERKEZ;ÇAYAĞZI;MORGÜL SOKAK;sokak;245902261
ARTVİN;MERKEZ;ÇAYAĞZI;ORMAN YOLU SOKAK;sokak;93433
ARTVİN;MERKEZ;ÇAYAĞZI;SALİH BEY SOKAK;sokak;93434
ARTVİN;MERKEZ;ÇAYAĞZI;SERÇE SOKAK;sokak;389572
ARTVİN;MERKEZ;ÇAYAĞZI;TERAS SOKAK;sokak;637497820
ARTVİN;MERKEZ;ÇAYAĞZI;ZEYTİN SOKAK;sokak;93436
ARTVİN;MERKEZ;ÇİMENLİ - ÇİMENLİ;ÇİMENLİ YAYLASI KÜME EVLER;sokak;498800
ARTVİN;MERKEZ;ÇİMENLİ - GÜZELKÖY;GÜZELKÖY KÜME EVLER;sokak;507916
ARTVİN;MERKEZ;ÇİMENLİ - MERKEZ;MERKEZ KÜME EVLER;sokak;507879
ARTVİN;MERKEZ;ÇİMENLİ - MEZRA;MEZRA KÜME EVLER;sokak;498792
ARTVİN;MERKEZ;DERE;14 SOKAK;sokak;665742941
ARTVİN;MERKEZ;DERE;AHMET ÇAVUŞ SOKAK;sokak;89159
ARTVİN;MERKEZ;DERE;ATATÜRK CADDE;cadde;389581
ARTVİN;MERKEZ;DERE;AYDIN SOKAK;sokak;93449
ARTVİN;MERKEZ;DERE;AZİZAĞAOĞLU SOKAK;sokak;89156
ARTVİN;MERKEZ;DERE;BAŞAK SOKAK;sokak;89161
ARTVİN;MERKEZ;DERE;BEREKET SOKAK;sokak;669304700
ARTVİN;MERKEZ;DERE;CANOĞLU SOKAK;sokak;93442
ARTVİN;MERKEZ;DERE;ÇAĞLAYAN SOKAK;sokak;93443
ARTVİN;MERKEZ;DERE;ÇAĞLET SOKAK;sokak;1108679
ARTVİN;MERKEZ;DERE;ÇAKMAKÇILAR SOKAK;sokak;89158
ARTVİN;MERKEZ;DERE;ÇİFTLİK SOKAK;sokak;183607011
ARTVİN;MERKEZ;DERE;DOĞAN SOKAK;sokak;389576
ARTVİN;MERKEZ;DERE;DOĞAN. SOKAK;sokak;47102827
ARTVİN;MERKEZ;DERE;EMİN ÖZGÜN CADDE;cadde;89164
ARTVİN;MERKEZ;DERE;ESKİYOL SOKAK;sokak;89162
ARTVİN;MERKEZ;DERE;GEÇİT SOKAK;sokak;238970930
ARTVİN;MERKEZ;DERE;GÜNDOĞDU SOKAK;sokak;89165
ARTVİN;MERKEZ;DERE;HABAZOĞLU SOKAK;sokak;89163
ARTVİN;MERKEZ;DERE;HADIMOĞLU SOKAK;sokak;389580
ARTVİN;MERKEZ;DERE;HADIMOĞLU1 SOKAK;sokak;653510170
ARTVİN;MERKEZ;DERE;KAYGI SOKAK;sokak;455173801
ARTVİN;MERKEZ;DERE;KILDİYET SOKAK;sokak;93866051
ARTVİN;MERKEZ;DERE;KÖKNAR SOKAK;sokak;93444
ARTVİN;MERKEZ;DERE;OKUL SOKAK;sokak;93445
ARTVİN;MERKEZ;DERE;ÖĞRETMEN HASAN YAVUZ SOKAK;sokak;93446
ARTVİN;MERKEZ;DERE;ÖMER ÇAVUŞ SOKAK;sokak;389582
ARTVİN;MERKEZ;DERE;ÖMER KURU SOKAK;sokak;389579
ARTVİN;MERKEZ;DERE;ÖMER ÖZGÜN SOKAK;sokak;89157
ARTVİN;MERKEZ;DERE;ŞEHİT ÖMER ZEKİ VARAN SOKAK;sokak;389578
ARTVİN;MERKEZ;DERE;TUVATKET SOKAK;sokak;279767030
ARTVİN;MERKEZ;DERE;UMUT SOKAK;sokak;389577
ARTVİN;MERKEZ;DERE;VADİ SOKAK;sokak;797566981
ARTVİN;MERKEZ;DERE;YANYOL SOKAK;sokak;918077680
ARTVİN;MERKEZ;DERE;YURTAŞ SARAÇ CADDE;cadde;89160
ARTVİN;MERKEZ;DERE;ZAMBAK SOKAK;sokak;93447
ARTVİN;MERKEZ;DERE;ZÜMRÜT SOKAK;sokak;93448
ARTVİN;MERKEZ;DERİNKÖY - BADEMLİK;BADEMLİK KÜME EVLER;sokak;627508
ARTVİN;MERKEZ;DERİNKÖY - BÖREKET;BÖREKET KÜME EVLER;sokak;632892
ARTVİN;MERKEZ;DERİNKÖY - ÇERMİK;ÇERMİK KÜME EVLER;sokak;638326
ARTVİN;MERKEZ;DERİNKÖY - KÖY İÇİ;KÖY İÇİ KÜME EVLER;sokak;637337
ARTVİN;MERKEZ;DERİNKÖY - SIRT;SIRT KÜME EVLER;sokak;634980
ARTVİN;MERKEZ;DİKMENLİ - AŞAĞI;AŞAĞI KÜME EVLER;sokak;627054
ARTVİN;MERKEZ;DİKMENLİ - BEYCUR;BEYCUR KÜME EVLER;sokak;468202
ARTVİN;MERKEZ;DİKMENLİ - CİMAK;CİMAK KÜME EVLER;sokak;639443
ARTVİN;MERKEZ;DİKMENLİ - ÇAĞRAKAN;ÇAĞRAKAN KÜME EVLER;sokak;626615
ARTVİN;MERKEZ;DİKMENLİ - ORTA;ORTA KÜME EVLER;sokak;637146
ARTVİN;MERKEZ;DİKMENLİ - YUKARI;YUKARI KÜME EVLER;sokak;627058
ARTVİN;MERKEZ;DOKUZOĞUL - AŞAĞIBAĞLIK;AŞAĞIBAĞLIK KÜME EVLER;sokak;276298
ARTVİN;MERKEZ;DOKUZOĞUL - BAYRAMLI;BAYRAMLI KÜME EVLER;sokak;515394
ARTVİN;MERKEZ;DOKUZOĞUL - ÇAMLIKAYA;ÇAMLIKAYA KÜME EVLER;sokak;510470
ARTVİN;MERKEZ;DOKUZOĞUL - DOĞANLI;DOĞANLI KÜME EVLER;sokak;261624
ARTVİN;MERKEZ;DOKUZOĞUL - KASIKAPI;KASIKAPI KÜME EVLER;sokak;518835
ARTVİN;MERKEZ;DOKUZOĞUL - MUSKOLU;MUSKOLU KÜME EVLER;sokak;513903
ARTVİN;MERKEZ;DOKUZOĞUL - SALAT;SALAT KÜME EVLER;sokak;526874
ARTVİN;MERKEZ;DOKUZOĞUL - SOLMAZ;SOLMAZ KÜME EVLER;sokak;521220
ARTVİN;MERKEZ;DOKUZOĞUL - TUSAKLAR;TUSAKLAR KÜME EVLER;sokak;515218
ARTVİN;MERKEZ;ERENLER - ERENLER;ERENLER YAYLASI KÜME EVLER;sokak;337420
ARTVİN;MERKEZ;ERENLER - ESENTEPE;ESENTEPE KÜME EVLER;sokak;90620
ARTVİN;MERKEZ;ERENLER - HAFIZAĞAOĞLU;HAFIZAĞAOĞLU KÜME EVLER;sokak;118007
ARTVİN;MERKEZ;ERENLER - KUŞLUCA;KUŞLUCA KÜME EVLER;sokak;636921
ARTVİN;MERKEZ;ERENLER - RAHTEVANOĞLU;RAHTEVANOĞLU KÜME EVLER;sokak;626231
ARTVİN;MERKEZ;ERENLER - SALİHOĞLU;SALİHOĞLU KÜME EVLER;sokak;626666
ARTVİN;MERKEZ;FISTIKLI - DOĞANLI;DOĞANLI KÜME EVLER;sokak;520237
ARTVİN;MERKEZ;FISTIKLI - GÜNDOĞDU;GÜNDOĞDU KÜME EVLER;sokak;518756
ARTVİN;MERKEZ;FISTIKLI - KURDİGET;KURDİGET KÜME EVLER;sokak;511615
ARTVİN;MERKEZ;FISTIKLI - MERKEZ;MERKEZ KÜME EVLER;sokak;505403
ARTVİN;MERKEZ;FISTIKLI - YUKARI;YUKARI KÜME EVLER;sokak;518008
ARTVİN;MERKEZ;HAMAMLI - AŞAĞI;AŞAĞI KÜME EVLER;sokak;542607
ARTVİN;MERKEZ;HAMAMLI - CAMİ;CAMİ KÜME EVLER;sokak;533907
ARTVİN;MERKEZ;HAMAMLI - HAMAMLI;HAMAMLI KÜME EVLER;sokak;535729
ARTVİN;MERKEZ;HAMAMLI - ORTA;ORTA KÜME EVLER;sokak;531187
ARTVİN;MERKEZ;HAMAMLI - SIRALAN;SIRALAN KÜME EVLER;sokak;533526
ARTVİN;MERKEZ;HAMAMLI - YUKARI;YUKARI KÜME EVLER;sokak;539944
ARTVİN;MERKEZ;HAMAMLI - ZUVAR;ZUVAR KÜME EVLER;sokak;542596
ARTVİN;MERKEZ;HIZARLI - AŞAĞI;AŞAĞI KÜME EVLER;sokak;527684
ARTVİN;MERKEZ;HIZARLI - AVAZA;AVAZA KÜME EVLER;sokak;117968
ARTVİN;MERKEZ;HIZARLI - CANCAĞ;CANCAĞ KÜME EVLER;sokak;540433
ARTVİN;MERKEZ;HIZARLI - DALAVUT;DALAVUT KÜME EVLER;sokak;98470
ARTVİN;MERKEZ;HIZARLI - ESENBİGİL;ESENBİGİL KÜME EVLER;sokak;539013
ARTVİN;MERKEZ;HIZARLI - GORĞON;ĞORGON KÜME EVLER;sokak;535757
ARTVİN;MERKEZ;HIZARLI - İMAMGİL;İMAMGİL KÜME EVLER;sokak;533491
ARTVİN;MERKEZ;HIZARLI - KOLBET;KOLBET KÜME EVLER;sokak;535759
ARTVİN;MERKEZ;HIZARLI - MEDRESAKO;MEDRESAKO KÜME EVLER;sokak;531328
ARTVİN;MERKEZ;HIZARLI - MERKEZ;MERKEZ KÜME EVLER;sokak;540711
ARTVİN;MERKEZ;HIZARLI - SELVAGET;SELVAGET KÜME EVLER;sokak;519007
ARTVİN;MERKEZ;KALBURLU - CENNET;CENNET KÜME EVLER;sokak;524279
ARTVİN;MERKEZ;KALBURLU - ÇAMLIK;ÇAMLIK KÜME EVLER;sokak;521410
ARTVİN;MERKEZ;KALBURLU - KUSLU;KUSLU KÜME EVLER;sokak;521408
ARTVİN;MERKEZ;KALBURLU - ÜÇPINAR;ÜÇPINAR KÜME EVLER;sokak;521411
ARTVİN;MERKEZ;KÖSELER - DİDVANAK;DİDVANAK KÜME EVLER;sokak;624494
ARTVİN;MERKEZ;KÖSELER - KÖSELER;KÖSELER YAYLASI KÜME EVLER;sokak;622679
ARTVİN;MERKEZ;KÖSELER - MERKEZ;MERKEZ KÜME EVLER;sokak;614590
ARTVİN;MERKEZ;OKUMUŞLAR - BAĞLIK;BAĞLIK KÜME EVLER;sokak;538427
ARTVİN;MERKEZ;OKUMUŞLAR - MERKEZ;MERKEZ KÜME EVLER;sokak;392058
ARTVİN;MERKEZ;ORMANLI - ÇAYAĞZI;ÇAYAĞZI KÜME EVLER;sokak;261967
ARTVİN;MERKEZ;ORMANLI - MERKEZ;MERKEZ KÜME EVLER;sokak;369639
ARTVİN;MERKEZ;ORMANLI - MEZRA;MEZRA KÜME EVLER;sokak;450330
ARTVİN;MERKEZ;ORMANLI - ORMANLI;ORMANLI KÜME EVLER;sokak;462834
ARTVİN;MERKEZ;ORMANLI - TIHNARA;TINHARA KÜME EVLER;sokak;314915
ARTVİN;MERKEZ;ORMANLI - UZUNDERE;UZUNDERE KÜME EVLER;sokak;547517
ARTVİN;MERKEZ;ORTA;ABBAS TORUN SOKAK;sokak;616489
ARTVİN;MERKEZ;ORTA;ACAR SOKAK;sokak;89175
ARTVİN;MERKEZ;ORTA;AKSAKALOĞLU SOKAK;sokak;389587
ARTVİN;MERKEZ;ORTA;ARMAĞAN SOKAK;sokak;89166
ARTVİN;MERKEZ;ORTA;AZİZ GÖKÇEN SOKAK;sokak;1314427
ARTVİN;MERKEZ;ORTA;BİNAT SOKAK;sokak;389585
ARTVİN;MERKEZ;ORTA;CANOĞLU SOKAK;sokak;89176
ARTVİN;MERKEZ;ORTA;CEVİZLİ SOKAK;sokak;89177
ARTVİN;MERKEZ;ORTA;DEMİR SOKAK;sokak;389584
ARTVİN;MERKEZ;ORTA;DEMİR1 SOKAK;sokak;179793290
ARTVİN;MERKEZ;ORTA;DOĞA SOKAK;sokak;557184070
ARTVİN;MERKEZ;ORTA;DOĞUŞ SOKAK;sokak;89173
ARTVİN;MERKEZ;ORTA;Dr. TAHSİN BABA SOKAK;sokak;89181
ARTVİN;MERKEZ;ORTA;HABAZOĞLU SOKAK;sokak;105525520
ARTVİN;MERKEZ;ORTA;HABER SOKAK;sokak;743895860
ARTVİN;MERKEZ;ORTA;IŞIK SOKAK;sokak;89169
ARTVİN;MERKEZ;ORTA;KANARYA SOKAK;sokak;389586
ARTVİN;MERKEZ;ORTA;MESKEN SOKAK;sokak;89174
ARTVİN;MERKEZ;ORTA;MİRALAY ŞÜKRÜ BEY CADDE;cadde;89171
ARTVİN;MERKEZ;ORTA;NARLIK SOKAK;sokak;389583
ARTVİN;MERKEZ;ORTA;NOKTA ÇIKMAZI SOKAK;sokak;89172
ARTVİN;MERKEZ;ORTA;ORTA CAMİİ SOKAK;sokak;1294513
ARTVİN;MERKEZ;ORTA;SAKIP SABANCI SOKAK;sokak;89178
ARTVİN;MERKEZ;ORTA;SALATACI SOKAK;sokak;931004360
ARTVİN;MERKEZ;ORTA;SERÇE SOKAK;sokak;389588
ARTVİN;MERKEZ;ORTA;SİNCAP SOKAK;sokak;566322920
ARTVİN;MERKEZ;ORTA;ŞEN SOKAK;sokak;89179
ARTVİN;MERKEZ;ORTA;ŞÜKRÜ KANATLI SOKAK;sokak;89168
ARTVİN;MERKEZ;ORTA;TURNA SOKAK;sokak;89180
ARTVİN;MERKEZ;ORTA;TURNA1 SOKAK;sokak;465752701
ARTVİN;MERKEZ;ORTA;YEDİ MART SOKAK;sokak;89167
ARTVİN;MERKEZ;ORTA;YENİ SOKAK;sokak;89170
ARTVİN;MERKEZ;ORTAKÖY - AKBUDAK;AKBUDAK KÜME EVLER;sokak;597232
ARTVİN;MERKEZ;ORTAKÖY - ATABEYLAR;ATABEYLAR KÜME EVLER;sokak;537938
ARTVİN;MERKEZ;ORTAKÖY - ATANASUR;ATANASUR KÜME EVLER;sokak;599176
ARTVİN;MERKEZ;ORTAKÖY - BARDAKLI;BARDAKLI KÜME EVLER;sokak;592380
ARTVİN;MERKEZ;ORTAKÖY - BİKİLİLER;BİKİLİLER KÜME EVLER;sokak;514737
ARTVİN;MERKEZ;ORTAKÖY - BÜYÜK YAYLA;BÜYÜK YAYLA KÜME EVLER;sokak;85924
ARTVİN;MERKEZ;ORTAKÖY - ÇAKMAKLI;ÇAKMAKLI KÜME EVLER;sokak;566124
ARTVİN;MERKEZ;ORTAKÖY - ÇALIŞKANLAR;ÇALIŞKANLAR KÜME EVLER;sokak;508667
ARTVİN;MERKEZ;ORTAKÖY - ÇATALCA;ÇATALCA KÜME EVLER;sokak;123799
ARTVİN;MERKEZ;ORTAKÖY - ÇORASA;ÇORASA KÜME EVLER;sokak;267771
ARTVİN;MERKEZ;ORTAKÖY - DUGANALA;DUGANALA KÜME EVLER;sokak;594359
ARTVİN;MERKEZ;ORTAKÖY - GUVERTA BAĞLIĞI;GUVERTA BAĞLIĞI KÜME EVLER;sokak;536608
ARTVİN;MERKEZ;ORTAKÖY - HEKİMOĞULLARI;HEKİMOĞULLARI KÜME EVLER;sokak;607293
ARTVİN;MERKEZ;ORTAKÖY - KALKANLI;KALKANLI KÜME EVLER;sokak;571313
ARTVİN;MERKEZ;ORTAKÖY - KAŞIKLİ;KAŞIKLI KÜME EVLER;sokak;565508
ARTVİN;MERKEZ;ORTAKÖY - KENAHT;KENAHT KÜME EVLER;sokak;596263
ARTVİN;MERKEZ;ORTAKÖY - MERKEZ;MERKEZ KÜME EVLER;sokak;603910
ARTVİN;MERKEZ;ORTAKÖY - OCAKBAŞI;OCAKBAŞI KÜME EVLER;sokak;580908
ARTVİN;MERKEZ;ORTAKÖY - SIRT;SIRT KÜME EVLER;sokak;571285
ARTVİN;MERKEZ;ORTAKÖY - SOYLU;SOYLU KÜME EVLER;sokak;599054
ARTVİN;MERKEZ;ORTAKÖY - TOPLUCA;TOPLUCA KÜME EVLER;sokak;597507
ARTVİN;MERKEZ;ORTAKÖY - TOSUNLU;TOSUNLU KÜME EVLER;sokak;574146
ARTVİN;MERKEZ;ORTAKÖY - USLUFENT;USLUFENT KÜME EVLER;sokak;596282
ARTVİN;MERKEZ;ORTAKÖY - UYANIK;UYANIK KÜME EVLER;sokak;577142
ARTVİN;MERKEZ;ORTAKÖY - YENİCE;YENİCE KÜME EVLER;sokak;593656
ARTVİN;MERKEZ;ORUÇLU - ÜÇDUT;ÜÇDUT KÜME EVLER;sokak;99702
ARTVİN;MERKEZ;ORUÇLU - ÜÇPINAR;ÜÇPINAR KÜME EVLER;sokak;360287
ARTVİN;MERKEZ;PIRNALLI - ÇAVUŞLAR;ÇAVUŞLAR KÜME EVLER;sokak;636128
ARTVİN;MERKEZ;PIRNALLI - ELİKLER;ELİKLER KÜME EVLER;sokak;639351
ARTVİN;MERKEZ;PIRNALLI - HAROT;HAROT KÜME EVLER;sokak;638170
ARTVİN;MERKEZ;PIRNALLI - MERKEZ;MERKEZ KÜME EVLER;sokak;720201181
ARTVİN;MERKEZ;PIRNALLI - PIRNALLI YAYLASI;PIRNALLI YAYLASI KÜME EVLER;sokak;624280
ARTVİN;MERKEZ;PIRNALLI - SABUR;SABUR KÜME EVLER;sokak;614637
ARTVİN;MERKEZ;PIRNALLI - SARIDANA;SARIDANA KÜME EVLER;sokak;630365
ARTVİN;MERKEZ;SAKALAR - BAĞLAR;BAĞLAR KÜME EVLER;sokak;627039
ARTVİN;MERKEZ;SAKALAR - MERKEZ;MERKEZ KÜME EVLER;sokak;39893
ARTVİN;MERKEZ;SAKALAR - ŞAVKAF;ŞAVKAF KÜME EVLER;sokak;637693
ARTVİN;MERKEZ;SALKIMLI - AŞAĞI TOLGUM;AŞAĞI TOLGUM KÜME EVLER;sokak;606764910
ARTVİN;MERKEZ;SALKIMLI - ELMALI;ELMALI KÜME EVLER;sokak;683445
ARTVİN;MERKEZ;SALKIMLI - SAÇINKA;SAÇINKA KÜME EVLER;sokak;461004
ARTVİN;MERKEZ;SALKIMLI - SOBAR;SOBAR KÜME EVLER;sokak;101499
ARTVİN;MERKEZ;SALKIMLI - YUKARI TOLGUM;YUKARI TOLGUM KÜME EVLER;sokak;535747
ARTVİN;MERKEZ;SARIBUDAK - CAMİ;CAMİ KÜME EVLER;sokak;544604
ARTVİN;MERKEZ;SARIBUDAK - ÇISĞILIEV;ÇISĞILIEV KÜME EVLER;sokak;541893
ARTVİN;MERKEZ;SARIBUDAK - DUBE;DUBE KÜME EVLER;sokak;527681
ARTVİN;MERKEZ;SARIBUDAK - GORGOT;GORGOT KÜME EVLER;sokak;530850
ARTVİN;MERKEZ;SARIBUDAK - GURDAZE;GURDAZE KÜME EVLER;sokak;531343
ARTVİN;MERKEZ;SARIBUDAK - GURGANET;GURGANET KÜME EVLER;sokak;529929
ARTVİN;MERKEZ;SARIBUDAK - GÜLDİBİ;GÜLDİBİ KÜME EVLER;sokak;377101
ARTVİN;MERKEZ;SARIBUDAK - HACİGİL;HACIGİL KÜME EVLER;sokak;537897
ARTVİN;MERKEZ;SARIBUDAK - İMNİYET;İMNİYET KÜME EVLER;sokak;541216
ARTVİN;MERKEZ;SARIBUDAK - NAĞMUR;NAĞMUR KÜME EVLER;sokak;533490
ARTVİN;MERKEZ;SARIBUDAK - SARSIHEV;SARSIHEV KÜME EVLER;sokak;518623
ARTVİN;MERKEZ;SARIBUDAK - SİKAŞAR;SİKAŞAR KÜME EVLER;sokak;531490
ARTVİN;MERKEZ;SARIBUDAK - YENİGÜN;YENİGÜN KÜME EVLER;sokak;529850
ARTVİN;MERKEZ;SEYİTLER - AYDOĞAN;AYRANCI SOKAK;sokak;705780
ARTVİN;MERKEZ;SEYİTLER - AYDOĞAN;EMEK SOKAK;sokak;704275
ARTVİN;MERKEZ;SEYİTLER - AYDOĞAN;ERZURUM CADDE;cadde;705425
ARTVİN;MERKEZ;SEYİTLER - AYDOĞAN;FİLİZ SOKAK;sokak;705317
ARTVİN;MERKEZ;SEYİTLER - AYDOĞAN;GEÇİŞ SOKAK;sokak;46455929
ARTVİN;MERKEZ;SEYİTLER - AYDOĞAN;İNCİRLİ SOKAK;sokak;705486
ARTVİN;MERKEZ;SEYİTLER - AYDOĞAN;SERA SOKAK;sokak;703130
ARTVİN;MERKEZ;SEYİTLER - AYDOĞAN;SEYİTLER SOKAK;sokak;708140
ARTVİN;MERKEZ;SEYİTLER - AYDOĞAN;USTA SOKAK;sokak;49749559
ARTVİN;MERKEZ;SEYİTLER - ÇARBİYET;ÇARBİYET KÜME EVLER;sokak;40184
ARTVİN;MERKEZ;SEYİTLER - ÇARBİYET;YOL402 KÜME EVLER;sokak;552361291
ARTVİN;MERKEZ;SEYİTLER - ÇARBİYET;YOL402.1 KÜME EVLER;sokak;449949031
ARTVİN;MERKEZ;SEYİTLER - ÇARBİYET;YOL402.3 KÜME EVLER;sokak;358860351
ARTVİN;MERKEZ;SEYİTLER - FİDANLIK;FİDANLIK KÜME EVLER;sokak;619197
ARTVİN;MERKEZ;SEYİTLER - FİDANLIK;YOL402.2 KÜME EVLER;sokak;262719401
ARTVİN;MERKEZ;SEYİTLER - FİDANLIK;YOL402.4 KÜME EVLER;sokak;609783351
ARTVİN;MERKEZ;SEYİTLER - NIPALA;NIPALA KÜME EVLER;sokak;624951
ARTVİN;MERKEZ;SEYİTLER - SOTİBAR;SOTİBAR KÜME EVLER;sokak;619982
ARTVİN;MERKEZ;SÜMBÜLLÜ - ALTUNBAĞ;ALTUNBAĞ KÜME EVLER;sokak;505025
ARTVİN;MERKEZ;SÜMBÜLLÜ - DÜZ;DÜZ KÜME EVLER;sokak;513330
ARTVİN;MERKEZ;SÜMBÜLLÜ - VAKE;VAKE KÜME EVLER;sokak;502322
ARTVİN;MERKEZ;ŞEHİTLİK - ANÇELOĞLU;ANÇELOĞLU KÜME EVLER;sokak;294098
ARTVİN;MERKEZ;ŞEHİTLİK - BASOT;BASOT KÜME EVLER;sokak;348094
ARTVİN;MERKEZ;ŞEHİTLİK - CAMİ;CAMİ 1 KÜME EVLER;sokak;562883190
ARTVİN;MERKEZ;ŞEHİTLİK - YUKARI ŞEHİTLİK;YUKARI ŞEHİTLİK KÜME EVLER;sokak;557424
ARTVİN;MERKEZ;TAŞLICA - ARIPINAR;ARIPINAR KÜME EVLER;sokak;505152
ARTVİN;MERKEZ;TAŞLICA - CİNEGARA;CİNEGARA KÜME EVLER;sokak;495240
ARTVİN;MERKEZ;TAŞLICA - ÇİĞİYET;ÇİĞİYET KÜME EVLER;sokak;505963
ARTVİN;MERKEZ;TAŞLICA - DANAYAYIMI;DANAYAYIMI KÜME EVLER;sokak;89416
ARTVİN;MERKEZ;TAŞLICA - DANZOTLU;DANZOTLU KÜME EVLER;sokak;499091
ARTVİN;MERKEZ;TAŞLICA - DEMİRCİ;DEMİRCİ KÜME EVLER;sokak;502411
ARTVİN;MERKEZ;TAŞLICA - ERİCEK;ERİCEK KÜME EVLER;sokak;507927
ARTVİN;MERKEZ;TAŞLICA - GÖKÇEYURT;GÖKÇEYURT KÜME EVLER;sokak;494697
ARTVİN;MERKEZ;TAŞLICA - GÖLEHURA;BİLİNMEYEN KÜME EVLER;sokak;178262151
ARTVİN;MERKEZ;TAŞLICA - GÖLEHURA;GOLEHURA KÜME EVLER;sokak;499072
ARTVİN;MERKEZ;TAŞLICA - KILIÇLI;KILIÇLI KÜME EVLER;sokak;507789
ARTVİN;MERKEZ;TAŞLICA - KUVAP;KUVAP KÜME EVLER;sokak;500755
ARTVİN;MERKEZ;TAŞLICA - MERKEZ;MERKEZ KÜME EVLER;sokak;91015
ARTVİN;MERKEZ;TAŞLICA - MOLAS;MOLAS KÜME EVLER;sokak;501478
ARTVİN;MERKEZ;TAŞLICA - NATENGELAV;NATENGELAV KÜME EVLER;sokak;506369
ARTVİN;MERKEZ;TAŞLICA - ÖRENLİ;ÖRENLİ KÜME EVLER;sokak;394906
ARTVİN;MERKEZ;TAŞLICA - VEHNAT;VEHNAT KÜME EVLER;sokak;271180
ARTVİN;MERKEZ;TÜTÜNCÜLER - AŞAĞI;AŞAĞI KÜME EVLER;sokak;552636
ARTVİN;MERKEZ;TÜTÜNCÜLER - MERKEZ;MERKEZ KÜME EVLER;sokak;544070
ARTVİN;MERKEZ;TÜTÜNCÜLER - YUKARI;YUKARI KÜME EVLER;sokak;451518
ARTVİN;MERKEZ;TÜTÜNCÜLER - ZEGONİ;ZEGONİ KÜME EVLER;sokak;358101
ARTVİN;MERKEZ;VARLIK - BERZELER;BERZELER KÜME EVLER;sokak;40128
ARTVİN;MERKEZ;VARLIK - ÇALANT;ÇALANT KÜME EVLER;sokak;626128
ARTVİN;MERKEZ;VARLIK - ÇİTLİK;ÇİTLİK KÜME EVLER;sokak;638799
ARTVİN;MERKEZ;VARLIK - DAVTAVUR;DAVTAVUR KÜME EVLER;sokak;634995
ARTVİN;MERKEZ;VARLIK - DERE;DERE KÜME EVLER;sokak;637339
ARTVİN;MERKEZ;VARLIK - DİDVAKE;DİDVAKE KÜME EVLER;sokak;371198
ARTVİN;MERKEZ;VARLIK - FELENGAUR;FELENGAUR KÜME EVLER;sokak;638590
ARTVİN;MERKEZ;VARLIK - FELENGAUR;KAKIABAR KÜME EVLER;sokak;475947750
ARTVİN;MERKEZ;VARLIK - HARKALTI;HARKALTI KÜME EVLER;sokak;632629
ARTVİN;MERKEZ;VARLIK - HIRHAN;HIRHAN KÜME EVLER;sokak;637611
ARTVİN;MERKEZ;VARLIK - İNEK YAYLASI;İNEK YAYLASI KÜME EVLER;sokak;39876
ARTVİN;MERKEZ;VARLIK - KOMASAGORA;KOMASAGORA KÜME EVLER;sokak;634500
ARTVİN;MERKEZ;VARLIK - NAPETUR;NAPEDUR KÜME EVLER;sokak;371196
ARTVİN;MERKEZ;VARLIK - RUHİGİL;RUHİGİL KÜME EVLER;sokak;294974
ARTVİN;MERKEZ;VARLIK - SUMBATUR;SUMBATUR KÜME EVLER;sokak;637333
ARTVİN;MERKEZ;VARLIK - SÜMETAĞARA;SÜMETAĞARA KÜME EVLER;sokak;38165
ARTVİN;MERKEZ;VEZİRKÖY - BASILAVUR;BASILAVUR KÜME EVLER;sokak;521949
ARTVİN;MERKEZ;VEZİRKÖY - GORAZUL;GORAZUL KÜME EVLER;sokak;521907
ARTVİN;MERKEZ;VEZİRKÖY - İHTİYAROĞLU;İHTİYAROĞLU KÜME EVLER;sokak;345460
ARTVİN;MERKEZ;VEZİRKÖY - KAKIABAR;KAKIABAR KÜME EVLER;sokak;521957
ARTVİN;MERKEZ;VEZİRKÖY - MERKEZ;MERKEZ KÜME EVLER;sokak;514958
ARTVİN;MERKEZ;VEZİRKÖY - VEZİRKÖYYAYLASI;VEZİRKÖY YAYLASI KÜME EVLER;sokak;519133
ARTVİN;MERKEZ;YANIKLI - AŞAĞI BAĞLAR;AŞAĞI BAĞLAR KÜME EVLER;sokak;635149
ARTVİN;MERKEZ;YANIKLI - ÇEŞMELİ;ÇEŞMELİ KÜME EVLER;sokak;639398
ARTVİN;MERKEZ;YANIKLI - DERELER;DERELER KÜME EVLER;sokak;637183
ARTVİN;MERKEZ;YANIKLI - ERİKLİ;ERİKLİ KÜME EVLER;sokak;644860
ARTVİN;MERKEZ;YANIKLI - GÜNEYCE;GÜNEYCE KÜME EVLER;sokak;646054
ARTVİN;MERKEZ;YANIKLI - KEÇENET;KEÇENET KÜME EVLER;sokak;636898
ARTVİN;MERKEZ;YANIKLI - KÖPRÜBAŞI;KÖPRÜBAŞI KÜME EVLER;sokak;371523
ARTVİN;MERKEZ;YANIKLI - LOT;LOT KÜME EVLER;sokak;635297
ARTVİN;MERKEZ;YANIKLI - MERKEZ;MERKEZ KÜME EVLER;sokak;637159
ARTVİN;MERKEZ;YANIKLI - ORTABAĞLAR;ORTA BAĞLAR KÜME EVLER;sokak;645226
ARTVİN;MERKEZ;YANIKLI - SAĞRİYETUL;SAĞRİYETUL KÜME EVLER;sokak;643886
ARTVİN;MERKEZ;YANIKLI - ŞANLİYET;BİLİMMEYEN KÜME EVLER;sokak;295260350
ARTVİN;MERKEZ;YANIKLI - ŞANLİYET;ŞANLİYET KÜME EVLER;sokak;638047
ARTVİN;MERKEZ;YANIKLI - ÜÇPINAR;ÜÇPINAR KÜME EVLER;sokak;644502
ARTVİN;MERKEZ;YANIKLI - YANIKLI;YANIKLI YAYLASI KÜME EVLER;sokak;636607
ARTVİN;MERKEZ;YANIKLI - YAYLALAR;YAYLALAR KÜME EVLER;sokak;643370
ARTVİN;MERKEZ;YENİ;19 MAYIS CADDE;cadde;89183
ARTVİN;MERKEZ;YENİ;AKIN ÇIKMAZI SOKAK;sokak;89187
ARTVİN;MERKEZ;YENİ;ARA YOL SOKAK;sokak;189221380
ARTVİN;MERKEZ;YENİ;BAĞLANTI YOLU SOKAK;sokak;84985977
ARTVİN;MERKEZ;YENİ;BARIŞ SOKAK;sokak;261397090
ARTVİN;MERKEZ;YENİ;CAM TERAS SOKAK;sokak;12396289
ARTVİN;MERKEZ;YENİ;ÇINAR SOKAK;sokak;389591
ARTVİN;MERKEZ;YENİ;EDİP DİNÇ SOKAK;sokak;389592
ARTVİN;MERKEZ;YENİ;FİDAN SOKAK;sokak;242421900
ARTVİN;MERKEZ;YENİ;GAZİ HAYDAR ALTUNTAŞ SOKAK;sokak;89189
ARTVİN;MERKEZ;YENİ;GÜL SOKAK;sokak;89188
ARTVİN;MERKEZ;YENİ;HATİPOĞLU SOKAK;sokak;89184
ARTVİN;MERKEZ;YENİ;KAVŞAK-1 SOKAK;sokak;564390941
ARTVİN;MERKEZ;YENİ;KAYNAR SOKAK;sokak;89186
ARTVİN;MERKEZ;YENİ;KURTULUŞ ÇIKMAZI SOKAK;sokak;89182
ARTVİN;MERKEZ;YENİ;ORMAN YOLU_1 SOKAK;sokak;389589
ARTVİN;MERKEZ;YENİ;ÖZGÜR SOKAK;sokak;787133691
ARTVİN;MERKEZ;YENİ;SPOR SOKAK;sokak;658740420
ARTVİN;MERKEZ;YENİ;STAD SOKAK;sokak;89185
ARTVİN;MERKEZ;YENİ;SÜLEYMAN YAPAR SOKAK;sokak;116129911
ARTVİN;MERKEZ;YENİ;ŞANS SOKAK;sokak;616886770
ARTVİN;MERKEZ;YENİ;ŞİFA SOKAK;sokak;839982451
ARTVİN;MERKEZ;YENİ;TALAT DİNÇ SOKAK;sokak;166015
ARTVİN;MERKEZ;YENİ;TAMİRHANE SOKAK;sokak;414077011
ARTVİN;MERKEZ;YENİ;ZİYARET1 SOKAK;sokak;192663860
ARTVİN;MERKEZ;YUKARIMADEN - AHARŞEN;AHARŞEN KÜME EVLER;sokak;637968
ARTVİN;MERKEZ;YUKARIMADEN - AKTAŞ;AKTAŞ KÜME EVLER;sokak;630694
ARTVİN;MERKEZ;YUKARIMADEN - BABANOĞLU;BABANOĞLU KÜME EVLER;sokak;627174
ARTVİN;MERKEZ;YUKARIMADEN - BAHÇELİ;BAHÇELİ KÜME EVLER;sokak;631411
ARTVİN;MERKEZ;YUKARIMADEN - BEŞAĞAÇ;BEŞAĞAÇ KÜME EVLER;sokak;393661
ARTVİN;MERKEZ;YUKARIMADEN - CANOĞLU;CANOĞLU KÜME EVLER;sokak;627634
ARTVİN;MERKEZ;YUKARIMADEN - CARTİYET;CARTİYET KÜME EVLER;sokak;629147
ARTVİN;MERKEZ;YUKARIMADEN - CARTİYET YAYLASI;CARTİYET YAYLASI KÜME EVLER;sokak;581908
ARTVİN;MERKEZ;YUKARIMADEN - ÇALIKEU;ÇALIKEV KÜME EVLER;sokak;147645
ARTVİN;MERKEZ;YUKARIMADEN - ÇAM;ÇAM KÜME EVLER;sokak;628545
ARTVİN;MERKEZ;YUKARIMADEN - ÇAYIRLI(HOZABİR);ÇAYIRLI KÜME EVLER;sokak;635463
ARTVİN;MERKEZ;YUKARIMADEN - ÇÖMLEKÇİ;ÇÖMLEKÇİ KÜME EVLER;sokak;629486
ARTVİN;MERKEZ;YUKARIMADEN - GÖZELER;GÖZELER KÜME EVLER;sokak;627231
ARTVİN;MERKEZ;YUKARIMADEN - KARACA;KARACA KÜME EVLER;sokak;620304
ARTVİN;MERKEZ;YUKARIMADEN - KAVAKLI;KAVAKLI KÜME EVLER;sokak;628145
ARTVİN;MERKEZ;YUKARIMADEN - MEYDAN;MEYDAN KÜME EVLER;sokak;635219
ARTVİN;MERKEZ;YUKARIMADEN - NAZİGİL;NAZİGİL KÜME EVLER;sokak;635956
ARTVİN;MERKEZ;YUKARIMADEN - PARMAKLI;PARMAKLI KÜME EVLER;sokak;630288
ARTVİN;MERKEZ;YUKARIMADEN - PETRİGİL;PETRİGİL KÜME EVLER;sokak;628954
ARTVİN;MERKEZ;YUKARIMADEN - REM;REM KÜME EVLER;sokak;628550
ARTVİN;MERKEZ;YUKARIMADEN - SOĞUKPINAR;SOĞUKPINAR KÜME EVLER;sokak;577530
ARTVİN;MERKEZ;YUKARIMADEN - TALGUM;TALGUM KÜME EVLER;sokak;628092
ARTVİN;MERKEZ;YUKARIMADEN - TEPEBAŞI;TEPEBAŞI KÜME EVLER;sokak;626861
ARTVİN;MERKEZ;YUKARIMADEN - TEPECİK;TEPECİK KÜME EVLER;sokak;627996
ARTVİN;MERKEZ;YUKARIMADEN - TEPECİK(YESİRGİL);TEPECİK YESİRGİL KÜME EVLER;sokak;579947
ARTVİN;MERKEZ;YUKARIMADEN - TIRAŞGİL;TIRAŞGİL KÜME EVLER;sokak;630692
ARTVİN;MERKEZ;YUKARIMADEN - UĞUR(AŞAĞIMAH);UĞUR AŞAĞIMAH KÜME EVLER;sokak;631891
ARTVİN;MERKEZ;YUKARIMADEN - UĞUR(HEKİMOĞLUMAH);UĞUR HEKİMOĞLUMAH KÜME EVLER;sokak;627639
ARTVİN;MERKEZ;YUKARIMADEN - UĞUR(MİJNABARA);UĞUR MİJNABARA KÜME EVLER;sokak;630983
ARTVİN;MERKEZ;YUKARIMADEN - UĞUR(YUKARIMAH);UĞUR YUKARIMAH KÜME EVLER;sokak;631406
ARTVİN;MERKEZ;YUKARIMADEN - VEZİROĞLU;VEZİROĞLU KÜME EVLER;sokak;628138
ARTVİN;MERKEZ;YUKARIMADEN - YAMAÇLI;YAMAÇLI KÜME EVLER;sokak;633706
ARTVİN;MERKEZ;YUKARIMADEN - YAMAÇLI YAYLASI;YAMAÇLI YAYLASI KÜME EVLER;sokak;313711
ARTVİN;MERKEZ;YUKARIMADEN - YENİŞLİ;YENİŞLİ KÜME EVLER;sokak;631903
ARTVİN;MERKEZ;YUKARIMADEN - ZORLU;ZORLU KÜME EVLER;sokak;626834
ARTVİN;MERKEZ;ZEYTİNLİK - DAGRAK;DAGRAK KÜME EVLER;sokak;625411
ARTVİN;MERKEZ;ZEYTİNLİK - HOKMELA;HOKMELA KÜME EVLER;sokak;620759
ARTVİN;MERKEZ;ZEYTİNLİK - İRGUT;İRGUT KÜME EVLER;sokak;625422
ARTVİN;MERKEZ;ZEYTİNLİK - MAMARNE;MAMARNE KÜME EVLER;sokak;622366
ARTVİN;MERKEZ;ZEYTİNLİK - MERKEZ;MERKEZ KÜME EVLER;sokak;418474190
ARTVİN;MERKEZ;ZEYTİNLİK - YUKARI SADRO;YUKARI SARDO KÜME EVLER;sokak;628716
ARTVİN;MURGUL;AKANTAŞ NA;AKANTAŞ KÜME EVLER;sokak;624924
ARTVİN;MURGUL;ARDIÇLI NA;ARDIÇLI KÜME EVLER;sokak;573002
ARTVİN;MURGUL;BAŞKÖY - A.BALABAN;A.BALABAN KÜME EVLER;sokak;119017
ARTVİN;MURGUL;BAŞKÖY - ARSLANLI;ASLANLI KÜME EVLER;sokak;389641
ARTVİN;MURGUL;BAŞKÖY - GÖNÜLLÜ;GÖNÜLLÜ KÜME EVLER;sokak;632511
ARTVİN;MURGUL;BAŞKÖY - KARŞIYAKA;KARŞIYAKA KÜME EVLER;sokak;636876
ARTVİN;MURGUL;BAŞKÖY - MERKEZ;MERKEZ KÜME EVLER;sokak;628788
ARTVİN;MURGUL;BAŞKÖY - Y.BALABAN;Y.BALABAN KÜME EVLER;sokak;628329
ARTVİN;MURGUL;ÇİMENLİ NA;ÇİMENLİ KÜME EVLER;sokak;619101
ARTVİN;MURGUL;DAMAR;72 EVLER SOKAK;sokak;87865
ARTVİN;MURGUL;DAMAR;72 EVLER1 SOKAK;sokak;87864
ARTVİN;MURGUL;DAMAR;ATATÜRK SOKAK;sokak;87850
ARTVİN;MURGUL;DAMAR;ATATÜRK1 SOKAK;sokak;102381860
ARTVİN;MURGUL;DAMAR;ATATÜRK2 SOKAK;sokak;946881161
ARTVİN;MURGUL;DAMAR;ATATÜRK3 SOKAK;sokak;495986421
ARTVİN;MURGUL;DAMAR;BELEDİYE MEYDANI SOKAK;sokak;390759
ARTVİN;MURGUL;DAMAR;CAMİ SOKAK;sokak;699370
ARTVİN;MURGUL;DAMAR;ÇARKBAŞI SOKAK;sokak;825705
ARTVİN;MURGUL;DAMAR;ÇARKBAŞI1 SOKAK;sokak;945453990
ARTVİN;MURGUL;DAMAR;ÇIKMAZ SOKAK;sokak;622863560
ARTVİN;MURGUL;DAMAR;ÇİMEN SOKAK;sokak;87855
ARTVİN;MURGUL;DAMAR;DAMAR 1 KÜME EVLER;sokak;383705320
ARTVİN;MURGUL;DAMAR;ESKİ SOKAK;sokak;87858
ARTVİN;MURGUL;DAMAR;GÖKTAŞ SOKAK;sokak;87854
ARTVİN;MURGUL;DAMAR;GÖKTAŞ1 SOKAK;sokak;501442291
ARTVİN;MURGUL;DAMAR;GÖKTAŞ2 SOKAK;sokak;485087820
ARTVİN;MURGUL;DAMAR;GÜL SOKAK;sokak;87861
ARTVİN;MURGUL;DAMAR;GÜNEŞLİ SOKAK;sokak;87857
ARTVİN;MURGUL;DAMAR;HAYDAR OSMANÇAVUŞOĞLU SOKAK;sokak;390762
ARTVİN;MURGUL;DAMAR;HAYDAR OSMANÇAVUŞOĞLU- SOKAK;sokak;87853
ARTVİN;MURGUL;DAMAR;HUZUR SOKAK;sokak;390761
ARTVİN;MURGUL;DAMAR;İŞLETME SOKAK;sokak;87849
ARTVİN;MURGUL;DAMAR;KABACA SOKAK;sokak;695556
ARTVİN;MURGUL;DAMAR;MEHMET ALTUNEL SOKAK;sokak;390763
ARTVİN;MURGUL;DAMAR;MEYVELİ SOKAK;sokak;87859
ARTVİN;MURGUL;DAMAR;OKUL SOKAK;sokak;87852
ARTVİN;MURGUL;DAMAR;OKUL1 SOKAK;sokak;693405861
ARTVİN;MURGUL;DAMAR;YENİ 1 SOKAK;sokak;742125981
ARTVİN;MURGUL;DAMAR;YENİ SOKAK;sokak;390764
ARTVİN;MURGUL;DAMAR;YENİ2 SOKAK;sokak;499533181
ARTVİN;MURGUL;DAMAR;YENİ3 SOKAK;sokak;806065440
ARTVİN;MURGUL;DAMAR;YILDIRIM SOKAK;sokak;87862
ARTVİN;MURGUL;DAMAR;YÜZBAŞI SOKAK;sokak;87863
ARTVİN;MURGUL;DAMAR;YÜZBAŞI1 SOKAK;sokak;227089860
ARTVİN;MURGUL;ERENKÖY NA;ERENKÖY KÜME EVLER;sokak;601519
ARTVİN;MURGUL;KABACA - BUDİYET;BUDİYET KÜME EVLER;sokak;629570
ARTVİN;MURGUL;KABACA - EĞRİ SU YAYLASI;EĞRİ SU YAYLASI KÜME EVLER;sokak;638272
ARTVİN;MURGUL;KABACA - KURUÇAY;KURUÇAY KÜME EVLER;sokak;631029
ARTVİN;MURGUL;KABACA - SALKAYA;SALKAYA KÜME EVLER;sokak;626118
ARTVİN;MURGUL;KORUCULAR NA;KORUCULAR KÜME EVLER;sokak;611935
ARTVİN;MURGUL;KÜRE;1 NOLU LOJMAN SOKAK;sokak;87833
ARTVİN;MURGUL;KÜRE;2 NOLU LOJMAN SOKAK;sokak;87497
ARTVİN;MURGUL;KÜRE;3 NOLU LOJMAN SOKAK;sokak;87830
ARTVİN;MURGUL;KÜRE;ANIT CADDE;cadde;87841
ARTVİN;MURGUL;KÜRE;BADEMLİ SOKAK;sokak;1106873
ARTVİN;MURGUL;KÜRE;BALCI SOKAK;sokak;87847
ARTVİN;MURGUL;KÜRE;BASKÖY CADDE;cadde;390438
ARTVİN;MURGUL;KÜRE;BAŞKÖY DERE MEVKİİ SOKAK;sokak;87493
ARTVİN;MURGUL;KÜRE;BELEDİYE SOKAK;sokak;546826871
ARTVİN;MURGUL;KÜRE;BİLİNMEYEN1 SOKAK;sokak;195317061
ARTVİN;MURGUL;KÜRE;BİLİNMEYEN4 SOKAK;sokak;851533361
ARTVİN;MURGUL;KÜRE;BİLİNMEYEN6 SOKAK;sokak;582733501
ARTVİN;MURGUL;KÜRE;BORÇKA CADDE;cadde;87494
ARTVİN;MURGUL;KÜRE;CAMİ CADDE;cadde;390439
ARTVİN;MURGUL;KÜRE;CENGİZLER SOKAK;sokak;87834
ARTVİN;MURGUL;KÜRE;ÇİMENLİ CADDE;cadde;87495
ARTVİN;MURGUL;KÜRE;DALGIÇ CADDE;cadde;87496
ARTVİN;MURGUL;KÜRE;DALGIÇ1 SOKAK;sokak;837086441
ARTVİN;MURGUL;KÜRE;DAMAR CADDE;cadde;87491
ARTVİN;MURGUL;KÜRE;DR. TUNCAY YILDIRIM SOKAK;sokak;403272231
ARTVİN;MURGUL;KÜRE;EMİN GÖRMÜŞ CADDE;cadde;1100104
ARTVİN;MURGUL;KÜRE;FABRİKA CADDE;cadde;87840
ARTVİN;MURGUL;KÜRE;GÖRMÜŞLER SOKAK;sokak;87831
ARTVİN;MURGUL;KÜRE;GÜNEYLER 1 SOKAK;sokak;604860651
ARTVİN;MURGUL;KÜRE;GÜNEYLER SOKAK;sokak;87835
ARTVİN;MURGUL;KÜRE;HASTANE CADDE;cadde;87836
ARTVİN;MURGUL;KÜRE;HİLAL SOKAK;sokak;636811261
ARTVİN;MURGUL;KÜRE;HUZUR SOKAK;sokak;583759810
ARTVİN;MURGUL;KÜRE;İSRAFİL KIŞLA CADDE;cadde;390757
ARTVİN;MURGUL;KÜRE;İSTİKLAL SOKAK;sokak;390755
ARTVİN;MURGUL;KÜRE;İSTİKLAL1 SOKAK;sokak;218360851
ARTVİN;MURGUL;KÜRE;KARŞIYOL 1 CADDE;cadde;758047080
ARTVİN;MURGUL;KÜRE;KARŞIYOL CADDE;cadde;712078
ARTVİN;MURGUL;KÜRE;KÜRE CADDE;cadde;390758
ARTVİN;MURGUL;KÜRE;ORTAOKUL SOKAK;sokak;390440
ARTVİN;MURGUL;KÜRE;PARK CADDE;cadde;87832
ARTVİN;MURGUL;KÜRE;SAĞLIK SOKAK;sokak;87837
ARTVİN;MURGUL;KÜRE;STADYUM SOKAK;sokak;390435
ARTVİN;MURGUL;KÜRE;ŞEHİT ER USTA ALİ OĞLU ALİ SOKAK;sokak;390437
ARTVİN;MURGUL;KÜRE;ŞİRİN SOKAK;sokak;290125721
ARTVİN;MURGUL;KÜRE;TEPECİK SOKAK;sokak;87838
ARTVİN;MURGUL;KÜRE;UZUN SOKAK;sokak;87839
ARTVİN;MURGUL;KÜRE;YAVUZLAR SOKAK;sokak;87845
ARTVİN;MURGUL;KÜRE;ZAFER SOKAK;sokak;390756
ARTVİN;MURGUL;KÜRE;ZAHİT TEMELTAŞ SOKAK;sokak;87492
ARTVİN;MURGUL;KÜRE NA;KÜRE 1 KÜME EVLER;sokak;601540
ARTVİN;MURGUL;OSMANLI NA;ÖZMAL KÜME EVLER;sokak;463385
ARTVİN;MURGUL;PETEK NA;PETEK KÜME EVLER;sokak;622872
ARTVİN;MURGUL;SOĞUKSU - SOĞUKSU;SOĞUKSU CADDE;cadde;708939
ARTVİN;MURGUL;SOĞUKSU - SOĞUKSU;SOĞUKSU1 SOKAK;sokak;415154870
ARTVİN;MURGUL;SOĞUKSU - SOĞUKSU;SOĞUKSU2 SOKAK;sokak;603789650
ARTVİN;ŞAVŞAT;AKDAMLA - AĞAGİL;AĞAGİL KÜME EVLER;sokak;561785
ARTVİN;ŞAVŞAT;AKDAMLA - DEMİRKAPI;DEMİRKAPI KÜME EVLER;sokak;563401
ARTVİN;ŞAVŞAT;AKDAMLA - NAKUŞNEV;NAKUŞNEV KÜME EVLER;sokak;560693
ARTVİN;ŞAVŞAT;AKDAMLA - ORTA;ORTA KÜME EVLER;sokak;567916
ARTVİN;ŞAVŞAT;AKDAMLA - PARUET;PARUET KÜME EVLER;sokak;564562
ARTVİN;ŞAVŞAT;ARMUTLU;AHISKA CADDE;cadde;1399917
ARTVİN;ŞAVŞAT;ARMUTLU;ARDAHAN YOLU CADDE;cadde;133150641
ARTVİN;ŞAVŞAT;ARMUTLU;ARDAHAN YOLU ÜZERİ KÜME EVLER;sokak;390765
ARTVİN;ŞAVŞAT;ARMUTLU;ARMUTLU 2 SOKAK;sokak;559040560
ARTVİN;ŞAVŞAT;ARMUTLU;BOKASA KÜME EVLER;sokak;87866
ARTVİN;ŞAVŞAT;ARMUTLU;ÇEŞMEBAŞI DOĞANLAR KÜME EVLER;sokak;87867
ARTVİN;ŞAVŞAT;ARMUTLU;DAHİRLER SOKAK;sokak;1399915
ARTVİN;ŞAVŞAT;ARMUTLU;P.ONB.ŞEHIT ONUR İLHAN SOKAK;sokak;524451520
ARTVİN;ŞAVŞAT;ARMUTLU;ŞEHİT J. ÇVŞ. DİNÇER DEMİR 2 CADDE;cadde;317399980
ARTVİN;ŞAVŞAT;ARMUTLU;ŞEHİT J.ÇVŞ.DİNÇER DEMİR CADDE;cadde;1399911
ARTVİN;ŞAVŞAT;ARMUTLU;TURANLAR CADDE;cadde;1399909
ARTVİN;ŞAVŞAT;ARPALI - BORAĞAL;BORAĞAL KÜME EVLER;sokak;291741581
ARTVİN;ŞAVŞAT;ARPALI - CAMİ;CAMİ KÜME EVLER;sokak;555429
ARTVİN;ŞAVŞAT;ARPALI - ÇİVO;ÇİVO KÜME EVLER;sokak;563115
ARTVİN;ŞAVŞAT;ARPALI - HAFİZOĞLU;HAFİZOĞLU KÜME EVLER;sokak;550542
ARTVİN;ŞAVŞAT;ARPALI - İBRAHİMOĞLU;İBRAHİMOĞLU KÜME EVLER;sokak;551388
ARTVİN;ŞAVŞAT;ARPALI - KARAGÖL;KARAGÖL YAYLASI KÜME EVLER;sokak;559491
ARTVİN;ŞAVŞAT;ARPALI - MOLLAGİL;MOLLAGİL KÜME EVLER;sokak;555943
ARTVİN;ŞAVŞAT;ARPALI - ORTA;ORTA KÜME EVLER;sokak;550115
ARTVİN;ŞAVŞAT;ARPALI - SARKİSEUL;SARKİSEUL KÜME EVLER;sokak;459431
ARTVİN;ŞAVŞAT;ARPALI - SAVAHİL;SAVAHİL KÜME EVLER;sokak;552525
ARTVİN;ŞAVŞAT;ARPALI - YENKAHOR;YENKAHOR KÜME EVLER;sokak;550171
ARTVİN;ŞAVŞAT;ARPALI - YUKARI;YUKARI KÜME EVLER;sokak;552397
ARTVİN;ŞAVŞAT;ARPALI - ZAMİGİL;ZAMİGİL KÜME EVLER;sokak;551781
ARTVİN;ŞAVŞAT;AŞAĞIKOYUNLU - BUDAKLI;BUDAKLI KÜME EVLER;sokak;644822
ARTVİN;ŞAVŞAT;AŞAĞIKOYUNLU - CAMİ;CAMİ KÜME EVLER;sokak;87335
ARTVİN;ŞAVŞAT;AŞAĞIKOYUNLU - İNKAVAR;İNKAVAR KÜME EVLER;sokak;270381
ARTVİN;ŞAVŞAT;AŞAĞIKOYUNLU - OGEÇE;OGEÇE KÜME EVLER;sokak;641856
ARTVİN;ŞAVŞAT;AŞAĞIKOYUNLU - ORTA;ORTA KÜME EVLER;sokak;635351
ARTVİN;ŞAVŞAT;ATALAR - AGAGİL;AGAGIL KÜME EVLER;sokak;554147
ARTVİN;ŞAVŞAT;ATALAR - AHALGASGİL;AHALGASGIL KÜME EVLER;sokak;561436
ARTVİN;ŞAVŞAT;ATALAR - BAŞAĞAGİL;BAŞAĞAGİL KÜME EVLER;sokak;559915
ARTVİN;ŞAVŞAT;ATALAR - BEREKGİL;BEREKGIL KÜME EVLER;sokak;557369
ARTVİN;ŞAVŞAT;ATALAR - CEDLİGİL;CEDLİGİL KÜME EVLER;sokak;551107
ARTVİN;ŞAVŞAT;ATALAR - DÜKKANLAR;DÜKKANLAR KÜME EVLER;sokak;459140
ARTVİN;ŞAVŞAT;ATALAR - HALİFGİL;HALİFGİL KÜME EVLER;sokak;559909
ARTVİN;ŞAVŞAT;ATALAR - HAZNADAR;HAZNADAR KÜME EVLER;sokak;557383
ARTVİN;ŞAVŞAT;ATALAR - KAHVECİOĞLU;KAHVECİOĞLU KÜME EVLER;sokak;559884
ARTVİN;ŞAVŞAT;ATALAR - KÖKLER;KÖKLER KÜME EVLER;sokak;559890
ARTVİN;ŞAVŞAT;ATALAR - SUBAŞGİL;SUBAŞGİL KÜME EVLER;sokak;312401
ARTVİN;ŞAVŞAT;BALIKLI NA;ACAR SOKAK;sokak;82196
ARTVİN;ŞAVŞAT;BALIKLI NA;BALIKLI KÜME EVLER;sokak;439843351
ARTVİN;ŞAVŞAT;BALIKLI NA;BİLİNMEYEN KÜME EVLER;sokak;182075970
ARTVİN;ŞAVŞAT;BALIKLI NA;CAMİ SOKAK;sokak;512302821
ARTVİN;ŞAVŞAT;BALIKLI NA;ÇİÇEK 1 SOKAK;sokak;359061971
ARTVİN;ŞAVŞAT;BALIKLI NA;ÇİÇEK SOKAK;sokak;87891
ARTVİN;ŞAVŞAT;BALIKLI NA;EKİNCİ SOKAK;sokak;886866051
ARTVİN;ŞAVŞAT;BALIKLI NA;HACILAR SOKAK;sokak;944130851
ARTVİN;ŞAVŞAT;BALIKLI NA;HÜRRİYET SOKAK;sokak;87893
ARTVİN;ŞAVŞAT;BALIKLI NA;KARAYİĞİT 1 SOKAK;sokak;376501401
ARTVİN;ŞAVŞAT;BALIKLI NA;KARAYİĞİT SOKAK;sokak;664978920
ARTVİN;ŞAVŞAT;BALIKLI NA;OKUL SOKAK;sokak;378092580
ARTVİN;ŞAVŞAT;BALIKLI NA;PEHLİVAN SOKAK;sokak;911661081
ARTVİN;ŞAVŞAT;BALIKLI NA;YILMAZ SOKAK;sokak;428598351
ARTVİN;ŞAVŞAT;CEVİZLİ - ARSİYAN;ARSİYAN KÜME EVLER;sokak;649097
ARTVİN;ŞAVŞAT;CEVİZLİ - BEYLER;BEYLER KÜME EVLER;sokak;78754
ARTVİN;ŞAVŞAT;CEVİZLİ - BUÇİGİL;BUÇİGİL KÜME EVLER;sokak;657280
ARTVİN;ŞAVŞAT;CEVİZLİ - BÜYÜK KIŞLA;BÜYÜK KIŞLA KÜME EVLER;sokak;646893
ARTVİN;ŞAVŞAT;CEVİZLİ - CAMİ;CAMİ KÜME EVLER;sokak;646760
ARTVİN;ŞAVŞAT;CEVİZLİ - CİRİGİL;CİRİGİL KÜME EVLER;sokak;659419
ARTVİN;ŞAVŞAT;CEVİZLİ - DEMİRCİGİL;DEMİRCİGİL KÜME EVLER;sokak;654616
ARTVİN;ŞAVŞAT;CEVİZLİ - DEMİRCİLER;DEMİRCİLER KÜME EVLER;sokak;647460
ARTVİN;ŞAVŞAT;CEVİZLİ - DERE;DERE KÜME EVLER;sokak;649422
ARTVİN;ŞAVŞAT;CEVİZLİ - HALOGİL;HALOGİL KÜME EVLER;sokak;657334
ARTVİN;ŞAVŞAT;CEVİZLİ - HAVACIOĞLU;HAVACIOĞLU KÜME EVLER;sokak;653554
ARTVİN;ŞAVŞAT;CEVİZLİ - MAMOGİL;MAMOGİL KÜME EVLER;sokak;657529
ARTVİN;ŞAVŞAT;CEVİZLİ - MERKEZ;MERKEZ KÜME EVLER;sokak;648653
ARTVİN;ŞAVŞAT;CEVİZLİ - ÖZTÜRKLER;ÖZTÜRKLER KÜME EVLER;sokak;648659
ARTVİN;ŞAVŞAT;CEVİZLİ - SAKİOĞLU;SAKİOĞLU KÜME EVLER;sokak;647866
ARTVİN;ŞAVŞAT;CEVİZLİ - TURUTLAR;TURUTLAR KÜME EVLER;sokak;658425
ARTVİN;ŞAVŞAT;CEVİZLİ - ZİYADOĞLU;ZİYADOĞLU KÜME EVLER;sokak;659403
ARTVİN;ŞAVŞAT;CİRİTDÜZÜ - AHAŞEN;AHAŞEN KÜME EVLER;sokak;154880
ARTVİN;ŞAVŞAT;CİRİTDÜZÜ - ARÇİLER;ARÇİLER KÜME EVLER;sokak;703560
ARTVİN;ŞAVŞAT;CİRİTDÜZÜ - BULUNTUGİL;BULUNTUGİL KÜME EVLER;sokak;706184
ARTVİN;ŞAVŞAT;CİRİTDÜZÜ - DAVUTLAR;DAVUTLAR KÜME EVLER;sokak;719959
ARTVİN;ŞAVŞAT;CİRİTDÜZÜ - DEREİÇİ;DEREİÇİ KÜME EVLER;sokak;154835
ARTVİN;ŞAVŞAT;CİRİTDÜZÜ - DEVRİŞLER;DEVRİŞLER KÜME EVLER;sokak;306529
ARTVİN;ŞAVŞAT;CİRİTDÜZÜ - DOĞANLAR;DOĞANLAR KÜME EVLER;sokak;702933
ARTVİN;ŞAVŞAT;CİRİTDÜZÜ - DÜZEBAKAN;DÜZEBAKAN KÜME EVLER;sokak;727708
ARTVİN;ŞAVŞAT;CİRİTDÜZÜ - DÜZEBAKAN;HINZAT CADDE;cadde;618825510
ARTVİN;ŞAVŞAT;CİRİTDÜZÜ - HAZNEDAROĞULLARI;HAZNEDAROĞULLARI KÜME EVLER;sokak;704610
ARTVİN;ŞAVŞAT;CİRİTDÜZÜ - NADIROĞULLARI;NADIROĞULLARI KÜME EVLER;sokak;707629
ARTVİN;ŞAVŞAT;CİRİTDÜZÜ - YENİ;YENİ KÜME EVLER;sokak;705920
ARTVİN;ŞAVŞAT;ÇAĞLIPINAR - CAMİ;CAMİ KÜME EVLER;sokak;46000
ARTVİN;ŞAVŞAT;ÇAĞLIPINAR - ÇAĞLIPINAR;ÇAĞLIPINAR KÜME EVLER;sokak;627686
ARTVİN;ŞAVŞAT;ÇAĞLIPINAR - ÇAĞLIPINAR-2;ÇAĞLIPINAR 2 KÜME EVLER;sokak;627370
ARTVİN;ŞAVŞAT;ÇAĞLIPINAR - ORUÇLU;ORUÇLU KÜME EVLER;sokak;626050
ARTVİN;ŞAVŞAT;ÇAĞLIPINAR - ULUKENT;ULUKENT KÜME EVLER;sokak;623758
ARTVİN;ŞAVŞAT;ÇAĞLIYAN - BAHÇECİK;BAHÇECİK KÜME EVLER;sokak;524876
ARTVİN;ŞAVŞAT;ÇAĞLIYAN - BELTİYET;BELTİYET KÜME EVLER;sokak;523720
ARTVİN;ŞAVŞAT;ÇAĞLIYAN - CAMİ;CAMİ KÜME EVLER;sokak;516393
ARTVİN;ŞAVŞAT;ÇAĞLIYAN - CİMUHLAR;CİMUHLAR KÜME EVLER;sokak;527980
ARTVİN;ŞAVŞAT;ÇAĞLIYAN - ÇAĞLAYAN YAYLASI;ÇAĞLAYAN YAYLASI KÜME EVLER;sokak;522248
ARTVİN;ŞAVŞAT;ÇAĞLIYAN - GÖÇOĞULLARI;GÖÇOĞULLARI KÜME EVLER;sokak;527992
ARTVİN;ŞAVŞAT;ÇAĞLIYAN - MEGRELOĞULLAR;MEGRELOĞULLAR KÜME EVLER;sokak;528446
ARTVİN;ŞAVŞAT;ÇAĞLIYAN - PUKŞALAR;PUKŞALAR KÜME EVLER;sokak;528855
ARTVİN;ŞAVŞAT;ÇAMLICA - AŞAĞI;AŞAĞI KÜME EVLER;sokak;514084
ARTVİN;ŞAVŞAT;ÇAMLICA - AVCALA;AVCALA KÜME EVLER;sokak;506753
ARTVİN;ŞAVŞAT;ÇAMLICA - CAMİ;CAMİ KÜME EVLER;sokak;502169
ARTVİN;ŞAVŞAT;ÇAMLICA - YUKARI;YUKARI KÜME EVLER;sokak;502192
ARTVİN;ŞAVŞAT;ÇAVDARLI - ÇAVDARLI YAYLASI;ÇAVDARLI YAYLASI KÜME EVLER;sokak;629880
ARTVİN;ŞAVŞAT;ÇAVDARLI - DADAŞGİL;DADAŞGİL KÜME EVLER;sokak;511242
ARTVİN;ŞAVŞAT;ÇAVDARLI - DEMİRCİGİL;DEMİRCİGİL KÜME EVLER;sokak;492270690
ARTVİN;ŞAVŞAT;ÇAVDARLI - HOCAGİL;HOCAGİL KÜME EVLER;sokak;507950
ARTVİN;ŞAVŞAT;ÇAVDARLI - HOZANÇAYIR;HOZANÇAYIR KÜME EVLER;sokak;513296
ARTVİN;ŞAVŞAT;ÇAVDARLI - KAYABEGLAR;KAYABEGLER KÜME EVLER;sokak;511696
ARTVİN;ŞAVŞAT;ÇAVDARLI - KODANA;KODANA KÜME EVLER;sokak;513710
ARTVİN;ŞAVŞAT;ÇAVDARLI - KORUNGA;KORUNGA KÜME EVLER;sokak;501675
ARTVİN;ŞAVŞAT;ÇAVDARLI - MAHİGİL;MAHİGİL KÜME EVLER;sokak;508406
ARTVİN;ŞAVŞAT;ÇAVDARLI - MENEMŞE;MENEMŞE KÜME EVLER;sokak;508902
ARTVİN;ŞAVŞAT;ÇAVDARLI - OLUKLAR;OLUKLAR KÜME EVLER;sokak;507065
ARTVİN;ŞAVŞAT;ÇAYAĞZI - ÇAYAĞZI;ÇAYAĞZI KÜME EVLER;sokak;534338
ARTVİN;ŞAVŞAT;ÇAYAĞZI - ÖRENCİK;ÖRENCİK KÜME EVLER;sokak;546811
ARTVİN;ŞAVŞAT;ÇERMİK - CENGELEK;CENGELEK KÜME EVLER;sokak;644593
ARTVİN;ŞAVŞAT;ÇERMİK - DEMİRCİOĞLU;DEMİRCİOĞLU KÜME EVLER;sokak;641721
ARTVİN;ŞAVŞAT;ÇERMİK - KARİSAT;KARİSAT KÜME EVLER;sokak;643103
ARTVİN;ŞAVŞAT;ÇERMİK - ŞEYHOĞLU;ŞEYHOĞLU KÜME EVLER;sokak;644841
ARTVİN;ŞAVŞAT;ÇERMİK - YUKARI;YUKARI KÜME EVLER;sokak;644681
ARTVİN;ŞAVŞAT;ÇİFTLİK - ÇAÇAT;ÇAÇAT KÜME EVLER;sokak;516992
ARTVİN;ŞAVŞAT;ÇİFTLİK - DEDE;DEDE KÜME EVLER;sokak;527787
ARTVİN;ŞAVŞAT;ÇİFTLİK - KAMBATLAR;DEDE KÜME EVLER;sokak;332729800
ARTVİN;ŞAVŞAT;ÇİFTLİK - KAMBATLAR;KAMBATLAR KÜME EVLER;sokak;526403
ARTVİN;ŞAVŞAT;ÇİFTLİK - ORTA;ORTA KÜME EVLER;sokak;527841
ARTVİN;ŞAVŞAT;ÇİFTLİK - YUKARI;YUKARI KÜME EVLER;sokak;526415
ARTVİN;ŞAVŞAT;ÇORAKLI - ÇORAKLI;ÇORAKLI. KÜME EVLER;sokak;508986
ARTVİN;ŞAVŞAT;ÇORAKLI - ÇORAKLI 2;ÇORAKLI 2 KÜME EVLER;sokak;509078
ARTVİN;ŞAVŞAT;ÇORAKLI NA;ÇORAKLI KÜME EVLER;sokak;516671
ARTVİN;ŞAVŞAT;ÇUKUR - AGARA;AGARA KÜME EVLER;sokak;530827
ARTVİN;ŞAVŞAT;ÇUKUR - AGARA MEZRASI;AGARA MEZRASI KÜME EVLER;sokak;541172
ARTVİN;ŞAVŞAT;ÇUKUR - ARDIYASMINDA;ARDIYASMINDA KÜME EVLER;sokak;532103
ARTVİN;ŞAVŞAT;ÇUKUR - AŞAĞI TETRAKET;AŞAĞI TETRAKET KÜME EVLER;sokak;540400
ARTVİN;ŞAVŞAT;ÇUKUR - BERİYET;BERİYET KÜME EVLER;sokak;530482
ARTVİN;ŞAVŞAT;ÇUKUR - ÇUKUR YAYLASI;ÇUKUR YAYLASI KÜME EVLER;sokak;529962
ARTVİN;ŞAVŞAT;ÇUKUR - GIGAZELER;GIGAZELER KÜME EVLER;sokak;535357
ARTVİN;ŞAVŞAT;ÇUKUR - LİBAN;LİBAN KÜME EVLER;sokak;531245
ARTVİN;ŞAVŞAT;ÇUKUR - MERKEZ;MERKEZ KÜME EVLER;sokak;294109
ARTVİN;ŞAVŞAT;ÇUKUR - NAPARNEV YAYLASI;NAPARNEV YAYLASI KÜME EVLER;sokak;531484
ARTVİN;ŞAVŞAT;ÇUKUR - YUKARI TETRAKET;YUKARI TETRAKET KÜME EVLER;sokak;533858
ARTVİN;ŞAVŞAT;DALKIRMAZ - A.ŞİNDOBAN;A.ŞİNDOBAN KÜME EVLER;sokak;342781
ARTVİN;ŞAVŞAT;DALKIRMAZ - MERKEZ;MERKEZ KÜME EVLER;sokak;556239
ARTVİN;ŞAVŞAT;DALKIRMAZ - SIRT;SIRT KÜME EVLER;sokak;551190
ARTVİN;ŞAVŞAT;DALKIRMAZ - Y.ŞİNDOBAN;Y.ŞİNDOBAN KÜME EVLER;sokak;560012
ARTVİN;ŞAVŞAT;DEMİRCİ - ÇAMLITEPE;ÇAMLITEPE KÜME EVLER;sokak;586789
ARTVİN;ŞAVŞAT;DEMİRCİ - DERECİK;DERECİK KÜME EVLER;sokak;591450
ARTVİN;ŞAVŞAT;DEMİRCİ - MERKEZ;MERKEZ KÜME EVLER;sokak;596345
ARTVİN;ŞAVŞAT;DEMİRKAPI - DEMİRKAPI;DEMİRKAPI KÜME EVLER;sokak;501265
ARTVİN;ŞAVŞAT;DEMİRKAPI NA;KÖYÜN KENDİSİ KÜME EVLER;sokak;501245
ARTVİN;ŞAVŞAT;DEREİÇİ - ARDIÇLI;ARDIÇLI KÜME EVLER;sokak;643053
ARTVİN;ŞAVŞAT;DEREİÇİ - BAĞLICA;BAĞLICA KÜME EVLER;sokak;638695
ARTVİN;ŞAVŞAT;DEREİÇİ - BAHÇEKAPI;BAHÇEKAPI KÜME EVLER;sokak;120129
ARTVİN;ŞAVŞAT;DEREİÇİ - CUDES;CUDES KÜME EVLER;sokak;645401
ARTVİN;ŞAVŞAT;DEREİÇİ - DAVLAUR;DAVLAUR KÜME EVLER;sokak;82743
ARTVİN;ŞAVŞAT;DEREİÇİ - KARŞIYAKA;KARŞIYAKA KÜME EVLER;sokak;641715
ARTVİN;ŞAVŞAT;DEREİÇİ - MERKEZ;MERKEZ KÜME EVLER;sokak;641352
ARTVİN;ŞAVŞAT;DEREİÇİ - RABAT;RABAT KÜME EVLER;sokak;304716
ARTVİN;ŞAVŞAT;DUTLU - BAĞBAŞI;BAĞBAŞI KÜME EVLER;sokak;30511
ARTVİN;ŞAVŞAT;DUTLU - CAMİ;CAMİ KÜME EVLER;sokak;590527
ARTVİN;ŞAVŞAT;DUTLU - DİDMERE;DİDMERE KÜME EVLER;sokak;28775
ARTVİN;ŞAVŞAT;DUTLU - DUTLU;DUTLU KÜME EVLER;sokak;590508
ARTVİN;ŞAVŞAT;DUTLU - GÜRSOY;GÜRSOY KÜME EVLER;sokak;597447
ARTVİN;ŞAVŞAT;DUTLU - YAĞMURLU;YAĞMURLU KÜME EVLER;sokak;585728
ARTVİN;ŞAVŞAT;DÜZENLİ - BAŞPINAR;BAŞPINAR KÜME EVLER;sokak;528846
ARTVİN;ŞAVŞAT;DÜZENLİ - CAMİ;CAMİ KÜME EVLER;sokak;349150
ARTVİN;ŞAVŞAT;DÜZENLİ - DÜZENLİ YAYLASI;DÜZENLİ YAYLASI KÜME EVLER;sokak;532809
ARTVİN;ŞAVŞAT;DÜZENLİ - KAYABAŞI;KAYABAŞI KÜME EVLER;sokak;533266
ARTVİN;ŞAVŞAT;ELMALI - AŞAĞI;AŞAĞI KÜME EVLER;sokak;557157
ARTVİN;ŞAVŞAT;ELMALI - AVAZANAT;AVAZANAT KÜME EVLER;sokak;567169
ARTVİN;ŞAVŞAT;ELMALI - BUCAT;BUCAT KÜME EVLER;sokak;85875
ARTVİN;ŞAVŞAT;ELMALI - YUKARI;YUKARI KÜME EVLER;sokak;557139
ARTVİN;ŞAVŞAT;ERİKLİ - AGARA;AGARA KÜME EVLER;sokak;574488
ARTVİN;ŞAVŞAT;ERİKLİ - ÇİÇEKLİ;ÇİÇEKLİ KÜME EVLER;sokak;571456
ARTVİN;ŞAVŞAT;ERİKLİ - ÇİÇEKLİ(KÜTAV);KÜTAV KÜME EVLER;sokak;574974
ARTVİN;ŞAVŞAT;ERİKLİ - EKİNCİLER;EKİNCİLER KÜME EVLER;sokak;583488
ARTVİN;ŞAVŞAT;ERİKLİ - ERİKLİ;ERİKLİ KÜME EVLER;sokak;583470
ARTVİN;ŞAVŞAT;ERİKLİ - SARIÇAYIR;SARIÇAYIR KÜME EVLER;sokak;319647
ARTVİN;ŞAVŞAT;ESKİKALE - AVCILAR;AVCILAR KÜME EVLER;sokak;261862
ARTVİN;ŞAVŞAT;ESKİKALE - BAŞKALE;BAŞKALE KÜME EVLER;sokak;639716
ARTVİN;ŞAVŞAT;ESKİKALE - CAMİ;CAMİ KÜME EVLER;sokak;644054
ARTVİN;ŞAVŞAT;ESKİKALE - ÇİFTEHANLAR;ÇİFTEHANLAR KÜME EVLER;sokak;634240
ARTVİN;ŞAVŞAT;ESKİKALE - ÇUKUR;ÇUKUR KÜME EVLER;sokak;332411
ARTVİN;ŞAVŞAT;ESKİKALE - ÇUKUR 2;ÇUKUR 2 KÜME EVLER;sokak;641035
ARTVİN;ŞAVŞAT;ESKİKALE - ESKİKALE;ESKİKALE KÜME EVLER;sokak;645524
ARTVİN;ŞAVŞAT;ESKİKALE - ESKİYAYLA;ESKİYAYLA KÜME EVLER;sokak;643738
ARTVİN;ŞAVŞAT;ESKİKALE - OKÇULAR;OKÇULAR KÜME EVLER;sokak;635314
ARTVİN;ŞAVŞAT;ESKİKALE - ORTA SAVAYİL;ORTA SAVAYİL KÜME EVLER;sokak;638043
ARTVİN;ŞAVŞAT;HANLI - AŞAĞI;AŞAĞI KÜME EVLER;sokak;632433
ARTVİN;ŞAVŞAT;HANLI - CAMİ;CAMİ KÜME EVLER;sokak;626097
ARTVİN;ŞAVŞAT;HANLI - İKİ SU ARASI;İKİ SU ARASI KÜME EVLER;sokak;454899
ARTVİN;ŞAVŞAT;HANLI - KIŞLA;KIŞLA KÜME EVLER;sokak;626433
ARTVİN;ŞAVŞAT;HANLI - KÖPRÜBAŞI;KÖPRÜBAŞI KÜME EVLER;sokak;630574
ARTVİN;ŞAVŞAT;HANLI - KURUNDERE;KURUDERE KÜME EVLER;sokak;624041
ARTVİN;ŞAVŞAT;HANLI - ÜÇYOL;ÜÇYOL KÜME EVLER;sokak;620434
ARTVİN;ŞAVŞAT;HANLI - YUKARI;YUKARI KÜME EVLER;sokak;625803
ARTVİN;ŞAVŞAT;HANLI - YUKARI YAYLA;YUKARI YAYLA KÜME EVLER;sokak;626832
ARTVİN;ŞAVŞAT;ILICA - ALİGİL;ALİGİL KÜME EVLER;sokak;638476
ARTVİN;ŞAVŞAT;ILICA - ARILAR;ARILAR KÜME EVLER;sokak;640155
ARTVİN;ŞAVŞAT;ILICA - BASAVRA;BASAVRA KÜME EVLER;sokak;632857
ARTVİN;ŞAVŞAT;ILICA - CAMİ;CAMİ KÜME EVLER;sokak;636617
ARTVİN;ŞAVŞAT;ILICA - CENGELEK;CENGELEK KÜME EVLER;sokak;644507
ARTVİN;ŞAVŞAT;ILICA - CEYLANLI;CEYLANLI KÜME EVLER;sokak;644676
ARTVİN;ŞAVŞAT;ILICA - KAYAOĞULLARI;KAYAOĞULLARI KÜME EVLER;sokak;636938
ARTVİN;ŞAVŞAT;ILICA - MANASGİL;MANASGİL KÜME EVLER;sokak;634687
ARTVİN;ŞAVŞAT;ILICA - SARIKAVAK;SARIKAVAK KÜME EVLER;sokak;642486
ARTVİN;ŞAVŞAT;ILICA - SARİKEVLA;SARIKEVLA KÜME EVLER;sokak;118006
ARTVİN;ŞAVŞAT;ILICA - TOPCULAR;TOPCULAR KÜME EVLER;sokak;638098
ARTVİN;ŞAVŞAT;KARAAĞAÇ - AKGÖL;AKGÖL KÜME EVLER;sokak;594904
ARTVİN;ŞAVŞAT;KARAAĞAÇ - AŞAĞI;AŞAĞI KÜME EVLER;sokak;593650
ARTVİN;ŞAVŞAT;KARAAĞAÇ - CAMİ;CAMİ KÜME EVLER;sokak;594214
ARTVİN;ŞAVŞAT;KARAAĞAÇ - ÇİVLİK;AKGÖL1 KÜME EVLER;sokak;598480
ARTVİN;ŞAVŞAT;KARAAĞAÇ - HACILAR;HACILAR KÜME EVLER;sokak;624626
ARTVİN;ŞAVŞAT;KARAAĞAÇ - ŞİRİNAĞAGİL;ŞİRİNAĞAGİL KÜME EVLER;sokak;594521
ARTVİN;ŞAVŞAT;KARAAĞAÇ - TABANOĞULLARI;TABANOĞULLARI KÜME EVLER;sokak;619687
ARTVİN;ŞAVŞAT;KARAAĞAÇ - YEŞİLVADİ;YEŞİLVADİ KÜME EVLER;sokak;625091
ARTVİN;ŞAVŞAT;KARAKÖY - AŞAĞI;AŞAĞI KÜME EVLER;sokak;404903
ARTVİN;ŞAVŞAT;KARAKÖY - ÇARBAŞI;ÇARBAŞI KÜME EVLER;sokak;522275
ARTVİN;ŞAVŞAT;KARAKÖY - KAVAKLIK;KAVAKLIK KÜME EVLER;sokak;522257
ARTVİN;ŞAVŞAT;KARAKÖY - MEZRA;MEZRA KÜME EVLER;sokak;87464
ARTVİN;ŞAVŞAT;KARAKÖY - YUKARI;YUKARI KÜME EVLER;sokak;522835
ARTVİN;ŞAVŞAT;KAYABAŞI NA;KAYABAŞI KÜME EVLER;sokak;107514
ARTVİN;ŞAVŞAT;KAYADİBİ - ARSİYAN YAYLASI;ARSİYAN YAYLASI KÜME EVLER;sokak;537816
ARTVİN;ŞAVŞAT;KAYADİBİ - ASNİGİL;ASNİGİL KÜME EVLER;sokak;541798
ARTVİN;ŞAVŞAT;KAYADİBİ - BAĞCECİ;BAĞCECİ KÜME EVLER;sokak;546354
ARTVİN;ŞAVŞAT;KAYADİBİ - BECİTGİL;BECİTGİL KÜME EVLER;sokak;281679
ARTVİN;ŞAVŞAT;KAYADİBİ - CAMİ;CAMİ KÜME EVLER;sokak;287488
ARTVİN;ŞAVŞAT;KAYADİBİ - CİNŞARLAR;CİNŞARLAR KÜME EVLER;sokak;537573
ARTVİN;ŞAVŞAT;KAYADİBİ - GÜNDOĞDU;GÜNDOĞDU KÜME EVLER;sokak;540025
ARTVİN;ŞAVŞAT;KAYADİBİ - SARAÇOĞLU;SARAÇOĞLU KÜME EVLER;sokak;537812
ARTVİN;ŞAVŞAT;KAYADİBİ - SASONGİL;SASONGİL KÜME EVLER;sokak;34709
ARTVİN;ŞAVŞAT;KAYADİBİ - TEKDİLDE;TEKDİLDE KÜME EVLER;sokak;537037
ARTVİN;ŞAVŞAT;KAYADİBİ - YUKARI CAMİ;YUKARI CAMİ KÜME EVLER;sokak;542993
ARTVİN;ŞAVŞAT;KİRAZLI - BUHAR;BUHAR KÜME EVLER;sokak;591549
ARTVİN;ŞAVŞAT;KİRAZLI - CAMİ;CAMİ KÜME EVLER;sokak;376621
ARTVİN;ŞAVŞAT;KİRAZLI - DÜZ;DÜZ KÜME EVLER;sokak;584793
ARTVİN;ŞAVŞAT;KİRAZLI - GÜVEN;GÜVEN KÜME EVLER;sokak;581139
ARTVİN;ŞAVŞAT;KİRAZLI - PANCARLIK;PANCARLIK KÜME EVLER;sokak;592167
ARTVİN;ŞAVŞAT;KİRAZLI - PINARTARLA;PINARTARLA KÜME EVLER;sokak;588305
ARTVİN;ŞAVŞAT;KİREÇLİ - AŞAĞI CAMİ;AŞAĞI CAMİ KÜME EVLER;sokak;626659
ARTVİN;ŞAVŞAT;KİREÇLİ - BOZTOPRAK;BOZTOPRAK KÜME EVLER;sokak;628328
ARTVİN;ŞAVŞAT;KİREÇLİ - ÇATALKAYA;ÇATALKAYA KÜME EVLER;sokak;22113
ARTVİN;ŞAVŞAT;KİREÇLİ - DEDEAĞA;DEDEAĞA KÜME EVLER;sokak;636359
ARTVİN;ŞAVŞAT;KİREÇLİ - OVACIK;OVACIK KÜME EVLER;sokak;626608
ARTVİN;ŞAVŞAT;KİREÇLİ - YUKARI CAMİ;YUKARI CAMİ KÜME EVLER;sokak;637601
ARTVİN;ŞAVŞAT;KOCABEY - ABDULOĞLU;ABDULOĞLU KÜME EVLER;sokak;504924
ARTVİN;ŞAVŞAT;KOCABEY - ÇAYSALİZE;ÇAYSALİZE KÜME EVLER;sokak;510093
ARTVİN;ŞAVŞAT;KOCABEY - DRANKOĞLU;DRANKOĞLU KÜME EVLER;sokak;514382
ARTVİN;ŞAVŞAT;KOCABEY - GENÇAĞAGİL;GENCAĞAGİL KÜME EVLER;sokak;501270
ARTVİN;ŞAVŞAT;KOCABEY - İSPİROĞLU;İSPİROĞLU KÜME EVLER;sokak;514386
ARTVİN;ŞAVŞAT;KOCABEY - KOCABEY;KOCABEY KÜME EVLER;sokak;541776
ARTVİN;ŞAVŞAT;KOCABEY - MURATOĞLU;MURATOĞLU KÜME EVLER;sokak;502017
ARTVİN;ŞAVŞAT;KOCABEY - SAHARA;SAHARA KÜME EVLER;sokak;516326
ARTVİN;ŞAVŞAT;KOCABEY - SERGİCİ;SERGİCİ KÜME EVLER;sokak;353988
ARTVİN;ŞAVŞAT;KOCABEY - YUKARI;YUKARİ KÜME EVLER;sokak;506618
ARTVİN;ŞAVŞAT;KÖPRÜLÜ - BAĞÇUKUR;BAĞÇUKUR KÜME EVLER;sokak;578289
ARTVİN;ŞAVŞAT;KÖPRÜLÜ - DOĞANDÜZÜ;DOĞANDÜZÜ KÜME EVLER;sokak;580888
ARTVİN;ŞAVŞAT;KÖPRÜLÜ - KIRIK;KIRIK KÜME EVLER;sokak;581455
ARTVİN;ŞAVŞAT;KÖPRÜLÜ - MERKEZ;MERKEZ KÜME EVLER;sokak;571175
ARTVİN;ŞAVŞAT;KÖPRÜYAKA - CARAT;CARAT KÜME EVLER;sokak;639542
ARTVİN;ŞAVŞAT;KÖPRÜYAKA - KARŞI;KARŞI KÜME EVLER;sokak;299279100
ARTVİN;ŞAVŞAT;KÖPRÜYAKA - YAYIKLI;VELİKÖY 1 CADDE;cadde;394105500
ARTVİN;ŞAVŞAT;KÖPRÜYAKA - YAYIKLI;YAYIKLI KÜME EVLER;sokak;86538
ARTVİN;ŞAVŞAT;KURUDERE - AKKIRAÇ;AKKIRAÇ KÜME EVLER;sokak;509413
ARTVİN;ŞAVŞAT;KURUDERE - AKKIRAÇ;AŞAĞI KÜME EVLER;sokak;769978811
ARTVİN;ŞAVŞAT;KURUDERE - AKKIRAÇ;VELİKÖY 1 CADDE;cadde;573020280
ARTVİN;ŞAVŞAT;KURUDERE - AŞAĞI;AŞAĞI KÜME EVLER;sokak;520018
ARTVİN;ŞAVŞAT;KURUDERE - BEŞEVLER;BEŞEVLER KÜME EVLER;sokak;525571
ARTVİN;ŞAVŞAT;KURUDERE - BEŞEVLER;VELİKÖY 1 CADDE;cadde;594326740
ARTVİN;ŞAVŞAT;KURUDERE - BEYLER;BEYLER KÜME EVLER;sokak;516851
ARTVİN;ŞAVŞAT;KURUDERE - CALACALAT;CALACALAT KÜME EVLER;sokak;525601
ARTVİN;ŞAVŞAT;KURUDERE - CALACALAT;VELİKÖY 1 CADDE;cadde;649132621
ARTVİN;ŞAVŞAT;KURUDERE - CAMİ;CAMİ KÜME EVLER;sokak;521221
ARTVİN;ŞAVŞAT;KURUDERE - CAMİ;VELİKÖY 1 CADDE;cadde;293997891
ARTVİN;ŞAVŞAT;KÜPLÜCE - ALTINOLUK;ALTINOLUK KÜME EVLER;sokak;561754
ARTVİN;ŞAVŞAT;KÜPLÜCE - BAHÇECİK;BAHÇECİK KÜME EVLER;sokak;384843
ARTVİN;ŞAVŞAT;KÜPLÜCE - CAMİ;CAMİ KÜME EVLER;sokak;548321
ARTVİN;ŞAVŞAT;KÜPLÜCE - GÖKNİZELER;GÖKNİZELER KÜME EVLER;sokak;543016
ARTVİN;ŞAVŞAT;KÜPLÜCE - SERDALLAR;SERDALLAR KÜME EVLER;sokak;544306
ARTVİN;ŞAVŞAT;KÜPLÜCE - ŞARTUL;ŞARTUL KÜME EVLER;sokak;550872
ARTVİN;ŞAVŞAT;KÜPLÜCE - YUKARI;YUKARI KÜME EVLER;sokak;562330
ARTVİN;ŞAVŞAT;MADEN - AKSU;AKSU KÜME EVLER;sokak;464705
ARTVİN;ŞAVŞAT;MADEN - AŞAĞI;AŞAĞI KÜME EVLER;sokak;573497
ARTVİN;ŞAVŞAT;MADEN - ÇERMİK;ÇERMİK KÜME EVLER;sokak;298052
ARTVİN;ŞAVŞAT;MADEN - YUKARI;YUKARI KÜME EVLER;sokak;573516
ARTVİN;ŞAVŞAT;MEŞELİ - AŞAĞI BAĞLI;AŞAĞI BAĞLI KÜME EVLER;sokak;627043
ARTVİN;ŞAVŞAT;MEŞELİ - BAYRAKTARLAR;BAYRAKTARLAR KÜME EVLER;sokak;611977
ARTVİN;ŞAVŞAT;MEŞELİ - CAMİ;CAMİ KÜME EVLER;sokak;603029
ARTVİN;ŞAVŞAT;MEŞELİ - CİNDAĞI;CİNDAĞI KÜME EVLER;sokak;177510
ARTVİN;ŞAVŞAT;MEŞELİ - ÇAKIRLI;ÇAKIRLI KÜME EVLER;sokak;602139
ARTVİN;ŞAVŞAT;MEŞELİ - ÇAYIRLAR;ÇAYIRLAR KÜME EVLER;sokak;605639
ARTVİN;ŞAVŞAT;MEŞELİ - DEMİRCİLER;DEMİRCİLER KÜME EVLER;sokak;628997
ARTVİN;ŞAVŞAT;MEŞELİ - HALAZELER;HALAZELER KÜME EVLER;sokak;599045
ARTVİN;ŞAVŞAT;MEŞELİ - KARABİBER;KARABİBER KÜME EVLER;sokak;633192
ARTVİN;ŞAVŞAT;MEŞELİ - OKURLAR;OKURLAR KÜME EVLER;sokak;319466
ARTVİN;ŞAVŞAT;MEŞELİ - TOPTAŞ;TOPTAŞ KÜME EVLER;sokak;609399
ARTVİN;ŞAVŞAT;MEŞELİ - YILDIRIM;YILDIRIM KÜME EVLER;sokak;598793
ARTVİN;ŞAVŞAT;MEYDANCIK - MERKEZ;11 SOKAK;sokak;946791561
ARTVİN;ŞAVŞAT;MEYDANCIK - MERKEZ;ALKAN SOKAK;sokak;87899
ARTVİN;ŞAVŞAT;MEYDANCIK - MERKEZ;ALKAN1 SOKAK;sokak;740136731
ARTVİN;ŞAVŞAT;MEYDANCIK - MERKEZ;BELEDİYE SOKAK;sokak;87896
ARTVİN;ŞAVŞAT;MEYDANCIK - MERKEZ;ÇİMEN SOKAK;sokak;87900
ARTVİN;ŞAVŞAT;MEYDANCIK - MERKEZ;EKİN SOKAK;sokak;82197
ARTVİN;ŞAVŞAT;MEYDANCIK - MERKEZ;EKİN1 SOKAK;sokak;344848161
ARTVİN;ŞAVŞAT;MEYDANCIK - MERKEZ;EKİN2 SOKAK;sokak;564274200
ARTVİN;ŞAVŞAT;MEYDANCIK - MERKEZ;EKİN3 SOKAK;sokak;301029820
ARTVİN;ŞAVŞAT;MEYDANCIK - MERKEZ;EKİN4 SOKAK;sokak;916507050
ARTVİN;ŞAVŞAT;MEYDANCIK - MERKEZ;GÜMÜŞ SOKAK;sokak;87901
ARTVİN;ŞAVŞAT;MEYDANCIK - MERKEZ;IŞIK SOKAK;sokak;82199
ARTVİN;ŞAVŞAT;MEYDANCIK - MERKEZ;IŞIK1 SOKAK;sokak;516723920
ARTVİN;ŞAVŞAT;MEYDANCIK - MERKEZ;IŞIK2 SOKAK;sokak;395292841
ARTVİN;ŞAVŞAT;MEYDANCIK - MERKEZ;IŞIK3 SOKAK;sokak;892208340
ARTVİN;ŞAVŞAT;MEYDANCIK - MERKEZ;KUMAŞET SOKAK;sokak;390778
ARTVİN;ŞAVŞAT;MEYDANCIK - MERKEZ;KUMAŞET1 SOKAK;sokak;335095890
ARTVİN;ŞAVŞAT;MEYDANCIK - MERKEZ;LEYMUR SOKAK;sokak;87898
ARTVİN;ŞAVŞAT;MEYDANCIK - MERKEZ;MEHMETÇİK SOKAK;sokak;81601
ARTVİN;ŞAVŞAT;MEYDANCIK - MERKEZ;MEHMETÇİK1 SOKAK;sokak;125985381
ARTVİN;ŞAVŞAT;MEYDANCIK - MERKEZ;MEHMETÇİK2 SOKAK;sokak;893780951
ARTVİN;ŞAVŞAT;MEYDANCIK - MERKEZ;MEHMETÇİK3 SOKAK;sokak;186501431
ARTVİN;ŞAVŞAT;MEYDANCIK - MERKEZ;MEHMETÇİK4 SOKAK;sokak;175898051
ARTVİN;ŞAVŞAT;MEYDANCIK - MERKEZ;MEYDAN SOKAK;sokak;82198
ARTVİN;ŞAVŞAT;MEYDANCIK - MERKEZ;MEYDAN1 SOKAK;sokak;898240561
ARTVİN;ŞAVŞAT;MEYDANCIK - MERKEZ;MEYDAN2 SOKAK;sokak;223642020
ARTVİN;ŞAVŞAT;MEYDANCIK - MERKEZ;MEYDAN3 SOKAK;sokak;347679051
ARTVİN;ŞAVŞAT;MEYDANCIK - MERKEZ;SATAVE SOKAK;sokak;390779
ARTVİN;ŞAVŞAT;MEYDANCIK - MERKEZ;SATAVE1 SOKAK;sokak;527178241
ARTVİN;ŞAVŞAT;MEYDANCIK - MERKEZ;SATAVE2 SOKAK;sokak;841660730
ARTVİN;ŞAVŞAT;MEYDANCIK - MERKEZ;SATAVE3 SOKAK;sokak;689632061
ARTVİN;ŞAVŞAT;MEYDANCIK - MERKEZ;SATAVE4 SOKAK;sokak;854144981
ARTVİN;ŞAVŞAT;MEYDANCIK - MERKEZ;SELİMOĞLU SOKAK;sokak;81602
ARTVİN;ŞAVŞAT;MEYDANCIK - MERKEZ;ŞAHİN SOKAK;sokak;81603
ARTVİN;ŞAVŞAT;MEYDANCIK - MERKEZ;ŞAHİN1 SOKAK;sokak;547237051
ARTVİN;ŞAVŞAT;MEYDANCIK - MERKEZ;USARET SOKAK;sokak;390777
ARTVİN;ŞAVŞAT;MEYDANCIK - MERKEZ;USTALAR SOKAK;sokak;87897
ARTVİN;ŞAVŞAT;MEYDANCIK - MERKEZ;USTALAR1 SOKAK;sokak;302845901
ARTVİN;ŞAVŞAT;MISIRLI NA;BİLİNMEYEN1 SOKAK;sokak;130129190
ARTVİN;ŞAVŞAT;MISIRLI NA;BİLİNMEYEN2 SOKAK;sokak;757081151
ARTVİN;ŞAVŞAT;MISIRLI NA;ÇETİN SOKAK;sokak;106424
ARTVİN;ŞAVŞAT;MISIRLI NA;ÇETİN1 SOKAK;sokak;899219851
ARTVİN;ŞAVŞAT;MISIRLI NA;İSTİKLAL SOKAK;sokak;81604
ARTVİN;ŞAVŞAT;MISIRLI NA;İSTİKLAL1 SOKAK;sokak;840485030
ARTVİN;ŞAVŞAT;MISIRLI NA;İSTİKLAL2 SOKAK;sokak;657929050
ARTVİN;ŞAVŞAT;MISIRLI NA;İSTİKLAL3 SOKAK;sokak;709535180
ARTVİN;ŞAVŞAT;MISIRLI NA;İSTİKLAL4 SOKAK;sokak;754240441
ARTVİN;ŞAVŞAT;MISIRLI NA;İSTİKLAL5 SOKAK;sokak;897882360
ARTVİN;ŞAVŞAT;MISIRLI NA;İSTİKLAL6 SOKAK;sokak;775566451
ARTVİN;ŞAVŞAT;MISIRLI NA;İSTİKLAL7 SOKAK;sokak;648639961
ARTVİN;ŞAVŞAT;MISIRLI NA;İSTİKLAL8 SOKAK;sokak;422133630
ARTVİN;ŞAVŞAT;MISIRLI NA;ÖZCANLAR SOKAK;sokak;81605
ARTVİN;ŞAVŞAT;OBA - ÇİVİZELER;ÇİVİZELER KÜME EVLER;sokak;502880
ARTVİN;ŞAVŞAT;OBA - GORGAZE;GORGAZE KÜME EVLER;sokak;506517
ARTVİN;ŞAVŞAT;OBA - KORTAHAZE;KORTAHAZE KÜME EVLER;sokak;502859
ARTVİN;ŞAVŞAT;OBA - MOLLAOĞLU;MOLLAOĞLU KÜME EVLER;sokak;507302
ARTVİN;ŞAVŞAT;OBA - OBA;OBA KÜME EVLER;sokak;495441
ARTVİN;ŞAVŞAT;OBA - ORTA;ORTA KÜME EVLER;sokak;495706
ARTVİN;ŞAVŞAT;OTLUCA - MERKEZ;MERKEZ KÜME EVLER;sokak;632368
ARTVİN;ŞAVŞAT;PINARLI - ABDULGİL;ABDULGİL KÜME EVLER;sokak;640038
ARTVİN;ŞAVŞAT;PINARLI - ALAGÖZ;ALAGÖZ KÜME EVLER;sokak;292633
ARTVİN;ŞAVŞAT;PINARLI - BASKALLAR;BASKALLAR KÜME EVLER;sokak;652465
ARTVİN;ŞAVŞAT;PINARLI - BÜYÜK KKIŞLA;BÜYÜK KIŞLA KÜME EVLER;sokak;647136
ARTVİN;ŞAVŞAT;PINARLI - CİNDAĞI;CİNDAĞI KÜME EVLER;sokak;642098
ARTVİN;ŞAVŞAT;PINARLI - DEMİRCİGİL;DEMİRCİGİL KÜME EVLER;sokak;648275
ARTVİN;ŞAVŞAT;PINARLI - DEMİRCİLER;DEMİRCİLER KÜME EVLER;sokak;650764
ARTVİN;ŞAVŞAT;PINARLI - DURSUNLAR;DURSUNLAR KÜME EVLER;sokak;640311
ARTVİN;ŞAVŞAT;PINARLI - DÜKKANLAR;DÜKKANLAR KÜME EVLER;sokak;650680
ARTVİN;ŞAVŞAT;PINARLI - GÜRZELLAR;GÜRZELLAR KÜME EVLER;sokak;648459
ARTVİN;ŞAVŞAT;PINARLI - GÜZELCE;GÜZELCE KÜME EVLER;sokak;649700
ARTVİN;ŞAVŞAT;PINARLI - HABERLER;HABERLER KÜME EVLER;sokak;91116
ARTVİN;ŞAVŞAT;PINARLI - HAYTAGİL;HAYTAGİL KÜME EVLER;sokak;653071
ARTVİN;ŞAVŞAT;PINARLI - HOCAGİL;HOCAGİL KÜME EVLER;sokak;633612
ARTVİN;ŞAVŞAT;PINARLI - KADİRGİL;KADİRGİL KÜME EVLER;sokak;653051
ARTVİN;ŞAVŞAT;PINARLI - KUMAŞLAR;KUMAŞLAR KÜME EVLER;sokak;644185
ARTVİN;ŞAVŞAT;PINARLI - KUNELAR;KUNELAR KÜME EVLER;sokak;650685
ARTVİN;ŞAVŞAT;PINARLI - MEYDANLAR;MEYDANLAR KÜME EVLER;sokak;659294
ARTVİN;ŞAVŞAT;PINARLI - ODABAŞLAR;ODABAŞLAR KÜME EVLER;sokak;82950
ARTVİN;ŞAVŞAT;PINARLI - SUSUZ KIŞLA;SUSUZ KIŞLA KÜME EVLER;sokak;325721
ARTVİN;ŞAVŞAT;PINARLI - TAŞLI YAYLA;TAŞLI YAYLA KÜME EVLER;sokak;285074
ARTVİN;ŞAVŞAT;PINARLI - TULAZELAR;TULAZELAR KÜME EVLER;sokak;650905
ARTVİN;ŞAVŞAT;PINARLI - VELAT;VELAT KÜME EVLER;sokak;640848
ARTVİN;ŞAVŞAT;PINARLI - YENİ KIŞLA;YENİ KIŞLA KÜME EVLER;sokak;639569
ARTVİN;ŞAVŞAT;SAVAŞ - YUKARI;YUKARI KÜME EVLER;sokak;507702
ARTVİN;ŞAVŞAT;SAVAŞ NA;SAVAŞ KÜME EVLER;sokak;356230
ARTVİN;ŞAVŞAT;SAYLICA - BİZİNGİL;BİZİNGİL KÜME EVLER;sokak;634797
ARTVİN;ŞAVŞAT;SAYLICA - CAMİ;CAMİ KÜME EVLER;sokak;631722
ARTVİN;ŞAVŞAT;SAYLICA - DERE;DERE KÜME EVLER;sokak;635384
ARTVİN;ŞAVŞAT;SEBZELİ - MERKEZ;MERKEZ KÜME EVLER;sokak;601365
ARTVİN;ŞAVŞAT;SEBZELİ - SEBZELİ;SEBZELİ KÜME EVLER;sokak;594184
ARTVİN;ŞAVŞAT;SEBZELİ - SEBZELİ.;SEBZELİ. KÜME EVLER;sokak;596206
ARTVİN;ŞAVŞAT;SÖĞÜTLÜ;AFET SOKAK;sokak;87875
ARTVİN;ŞAVŞAT;SÖĞÜTLÜ;AHISKA CADDE;cadde;121229250
ARTVİN;ŞAVŞAT;SÖĞÜTLÜ;ALTUNTAŞ SOKAK;sokak;1399945
ARTVİN;ŞAVŞAT;SÖĞÜTLÜ;ANAYOL ÜZERİ KÜME EVLER;sokak;87871
ARTVİN;ŞAVŞAT;SÖĞÜTLÜ;AYDEMİRLER SOKAK SOKAK;sokak;443344560
ARTVİN;ŞAVŞAT;SÖĞÜTLÜ;AYTEKİNLER SOKAK SOKAK;sokak;866308110
ARTVİN;ŞAVŞAT;SÖĞÜTLÜ;ÇIKMAZ SOKAK SOKAK;sokak;885175781
ARTVİN;ŞAVŞAT;SÖĞÜTLÜ;DEĞİRMENDERE SOKAK;sokak;390766
ARTVİN;ŞAVŞAT;SÖĞÜTLÜ;DURMUŞ ÖZKAN SOKAK;sokak;390767
ARTVİN;ŞAVŞAT;SÖĞÜTLÜ;ESKİ CAMİ SOKAK;sokak;87869
ARTVİN;ŞAVŞAT;SÖĞÜTLÜ;FEYZULLAH PEHLİVAN SOKAK;sokak;87872
ARTVİN;ŞAVŞAT;SÖĞÜTLÜ;HAMŞİOĞULLARI SOKAK;sokak;1399947
ARTVİN;ŞAVŞAT;SÖĞÜTLÜ;HAŞİMOĞLU SOKAK;sokak;1399951
ARTVİN;ŞAVŞAT;SÖĞÜTLÜ;HINZAT CADDE;cadde;1399941
ARTVİN;ŞAVŞAT;SÖĞÜTLÜ;IŞIKLAR SOKAK;sokak;87874
ARTVİN;ŞAVŞAT;SÖĞÜTLÜ;İDADİLER SOKAK;sokak;87873
ARTVİN;ŞAVŞAT;SÖĞÜTLÜ;KALEDİBİ SOKAK SOKAK;sokak;459754480
ARTVİN;ŞAVŞAT;SÖĞÜTLÜ;KÖROĞLU SOKAK SOKAK;sokak;545233860
ARTVİN;ŞAVŞAT;SÖĞÜTLÜ;MERMER SOKAK;sokak;87868
ARTVİN;ŞAVŞAT;SÖĞÜTLÜ;MEZARLIK SOKAK;sokak;1399943
ARTVİN;ŞAVŞAT;SÖĞÜTLÜ;SEÇKİNLER SOKAK;sokak;87870
ARTVİN;ŞAVŞAT;SÖĞÜTLÜ;SIRAT KÜME EVLER;sokak;87876
ARTVİN;ŞAVŞAT;SÖĞÜTLÜ;VELİ KÖY CADDE;cadde;390768
ARTVİN;ŞAVŞAT;SÖĞÜTLÜ;VELİKÖY 1 CADDE;cadde;659461050
ARTVİN;ŞAVŞAT;SÖĞÜTLÜ;ZENGİNLER SOKAK;sokak;1399949
ARTVİN;ŞAVŞAT;SUSUZ - AŞAĞI;AŞAĞI KÜME EVLER;sokak;508465
ARTVİN;ŞAVŞAT;SUSUZ - SUSUZ KÖYÜ;SUSUZ YAYLASI KÜME EVLER;sokak;366055
ARTVİN;ŞAVŞAT;SUSUZ - VELTA;VELTA KÜME EVLER;sokak;508464
ARTVİN;ŞAVŞAT;SUSUZ - YUKARI;AŞAĞI KÜME EVLER;sokak;44424372
ARTVİN;ŞAVŞAT;SUSUZ - YUKARI;YUKARI KÜME EVLER;sokak;511559
ARTVİN;ŞAVŞAT;ŞALCI - BAHÇELİ;BAHÇELİ KÜME EVLER;sokak;568930
ARTVİN;ŞAVŞAT;ŞALCI - CAMİ;CAMİ KÜME EVLER;sokak;574844
ARTVİN;ŞAVŞAT;ŞALCI - CENGELEK;CENGELEK KÜME EVLER;sokak;576883
ARTVİN;ŞAVŞAT;ŞALCI - KAVUZOĞLU;KAVUZOĞLU KÜME EVLER;sokak;573895
ARTVİN;ŞAVŞAT;ŞALCI - MARİASMİNDA;MARİASMİNDA KÜME EVLER;sokak;574761
ARTVİN;ŞAVŞAT;ŞALCI - ŞALİKOĞLU;ŞALİKOĞLU KÜME EVLER;sokak;573897
ARTVİN;ŞAVŞAT;ŞENKÖY - MERKEZ;MERKEZ KÜME EVLER;sokak;560418
ARTVİN;ŞAVŞAT;ŞENKÖY - MUTLUCA;MUTLUCA KÜME EVLER;sokak;550231
ARTVİN;ŞAVŞAT;ŞENOCAK - BANA1;BANA1 KÜME EVLER;sokak;573730
ARTVİN;ŞAVŞAT;ŞENOCAK - BANA2;BANA2 KÜME EVLER;sokak;576215
ARTVİN;ŞAVŞAT;ŞENOCAK - CAMİ;CAMİ KÜME EVLER;sokak;571248
ARTVİN;ŞAVŞAT;ŞENOCAK - OKUL;OKUL KÜME EVLER;sokak;579169
ARTVİN;ŞAVŞAT;ŞENOCAK - ORTA;ORTA KÜME EVLER;sokak;91602
ARTVİN;ŞAVŞAT;ŞENOCAK - SAKDAR;SAKDAR KÜME EVLER;sokak;581024
ARTVİN;ŞAVŞAT;ŞENOCAK - SATARBAŞI;SATARBAŞI KÜME EVLER;sokak;386137
ARTVİN;ŞAVŞAT;ŞENOCAK - SUSUZ;SUSUZ KÜME EVLER;sokak;581092
ARTVİN;ŞAVŞAT;ŞENOCAK - ŞENOCAK;ŞENOCAK YAYLASI KÜME EVLER;sokak;571607
ARTVİN;ŞAVŞAT;ŞENOCAK - TARLABAŞI;TARLABAŞI KÜME EVLER;sokak;572861
ARTVİN;ŞAVŞAT;ŞENOCAK - YENİ;YENİ KÜME EVLER;sokak;577546
ARTVİN;ŞAVŞAT;TAŞKÖPRÜ NA;CUMHURİYET SOKAK;sokak;81607
ARTVİN;ŞAVŞAT;TAŞKÖPRÜ NA;ÇELİK SOKAK;sokak;81608
ARTVİN;ŞAVŞAT;TAŞKÖPRÜ NA;REHBER SOKAK;sokak;159003761
ARTVİN;ŞAVŞAT;TAŞKÖPRÜ NA;SUBAŞI SOKAK;sokak;81606
ARTVİN;ŞAVŞAT;TAŞKÖPRÜ NA;ŞEHİT ARİF SOKAK;sokak;148558520
ARTVİN;ŞAVŞAT;TAŞKÖPRÜ NA;TAŞKÖPRÜ 1 KÜME EVLER;sokak;381164300
ARTVİN;ŞAVŞAT;TAŞKÖPRÜ NA;TAŞKÖPRÜ KÜME EVLER;sokak;840382640
ARTVİN;ŞAVŞAT;TEPEBAŞI - AŞAĞI;AŞAĞI KÜME EVLER;sokak;643218
ARTVİN;ŞAVŞAT;TEPEBAŞI - YUKARI;YUKARI KÜME EVLER;sokak;352868
ARTVİN;ŞAVŞAT;TEPEKÖY - ARIŞET;ARIŞET KÜME EVLER;sokak;624113
ARTVİN;ŞAVŞAT;TEPEKÖY - BAHÇECİK;BAHÇECİK KÜME EVLER;sokak;627562
ARTVİN;ŞAVŞAT;TEPEKÖY - BAYIRCA;BAYIRCA KÜME EVLER;sokak;34388
ARTVİN;ŞAVŞAT;TEPEKÖY - CENGELEK;CENGELEK KÜME EVLER;sokak;619824
ARTVİN;ŞAVŞAT;TEPEKÖY - EHERLİ;EHERLİ KÜME EVLER;sokak;624971
ARTVİN;ŞAVŞAT;TEPEKÖY - GOGELET;GOGELET KÜME EVLER;sokak;454939
ARTVİN;ŞAVŞAT;TEPEKÖY - GÖKOVA;GÖKOVA KÜME EVLER;sokak;628285
ARTVİN;ŞAVŞAT;TEPEKÖY - GÖKYUVA;GÖKYUVA KÜME EVLER;sokak;626238
ARTVİN;ŞAVŞAT;TEPEKÖY - KAVACIK;KAVACIK KÜME EVLER;sokak;629890
ARTVİN;ŞAVŞAT;TEPEKÖY - KILDIZİRET;KILDİZİRET KÜME EVLER;sokak;620557
ARTVİN;ŞAVŞAT;TEPEKÖY - KIŞLALAR;KIŞLALAR KÜME EVLER;sokak;623470
ARTVİN;ŞAVŞAT;TEPEKÖY - PAPİYET;PAPİYET KÜME EVLER;sokak;28261
ARTVİN;ŞAVŞAT;TEPEKÖY - SAKİRİYET;SAKİRİYET KÜME EVLER;sokak;625905
ARTVİN;ŞAVŞAT;TEPEKÖY - SAVAYİL;SAVAYİL KÜME EVLER;sokak;623015
ARTVİN;ŞAVŞAT;TEPEKÖY - YAYALAR;YAYALAR KÜME EVLER;sokak;625678
ARTVİN;ŞAVŞAT;ÜZÜMLÜ - AŞAĞI;AŞAĞI KÜME EVLER;sokak;90692
ARTVİN;ŞAVŞAT;ÜZÜMLÜ - BAĞCILAR;BAĞCILAR KÜME EVLER;sokak;513626
ARTVİN;ŞAVŞAT;ÜZÜMLÜ - CAMİ;CAMİ KÜME EVLER;sokak;506676
ARTVİN;ŞAVŞAT;ÜZÜMLÜ - DICALA;DICALA KÜME EVLER;sokak;511521
ARTVİN;ŞAVŞAT;VELİKÖY - AKSAKALLAR;AKSAKALLAR KÜME EVLER;sokak;618310
ARTVİN;ŞAVŞAT;VELİKÖY - CİNOLAR;CİNOLAR KÜME EVLER;sokak;619629
ARTVİN;ŞAVŞAT;VELİKÖY - CİNOLAR;KÖNNAR KÜME EVLER;sokak;457775391
ARTVİN;ŞAVŞAT;VELİKÖY - ESKİ CAMİ;ESKİ CAMİ KÜME EVLER;sokak;612062
ARTVİN;ŞAVŞAT;VELİKÖY - KARTALLAR;KARTALLAR KÜME EVLER;sokak;614377
ARTVİN;ŞAVŞAT;VELİKÖY - KAYABAŞI;KAYABAŞI KÜME EVLER;sokak;24630
ARTVİN;ŞAVŞAT;VELİKÖY - MERKEZ;MERKEZ KÜME EVLER;sokak;26266
ARTVİN;ŞAVŞAT;VELİKÖY - PİRPİZELER;PİRPİZELER KÜME EVLER;sokak;610346
ARTVİN;ŞAVŞAT;VELİKÖY - RECEPHANE;RECEPHANE KÜME EVLER;sokak;22379
ARTVİN;ŞAVŞAT;VELİKÖY - ŞATURLAR;ŞATURLAR KÜME EVLER;sokak;618309
ARTVİN;ŞAVŞAT;VELİKÖY - YEŞİLCE;YEŞİLCE KÜME EVLER;sokak;600538
ARTVİN;ŞAVŞAT;VELİKÖY - YUKARI;YUKARI KÜME EVLER;sokak;618797
ARTVİN;ŞAVŞAT;VELİKÖY - ZİYARET;ZİYARET KÜME EVLER;sokak;607373
ARTVİN;ŞAVŞAT;YAĞLI - CAMİ;CAMİ KÜME EVLER;sokak;516285
ARTVİN;ŞAVŞAT;YAĞLI - ÇAKVRİZELER;ÇAKVRİZELER KÜME EVLER;sokak;517250
ARTVİN;ŞAVŞAT;YAĞLI - DERE;DERE KÜME EVLER;sokak;309301
ARTVİN;ŞAVŞAT;YAĞLI - MİKAZELER;MİKAZELER KÜME EVLER;sokak;522557
ARTVİN;ŞAVŞAT;YAĞLI - ŞOBELALAR;ŞOBELALAR KÜME EVLER;sokak;515677
ARTVİN;ŞAVŞAT;YAĞLI - ÜNYALLAR;ÜNYALLAR KÜME EVLER;sokak;515155
ARTVİN;ŞAVŞAT;YAĞLI - VAKET;VAKET KÜME EVLER;sokak;519410
ARTVİN;ŞAVŞAT;YAĞLI - YAĞLI;YAĞLI KÜME EVLER;sokak;515705
ARTVİN;ŞAVŞAT;YAMAÇLI - BEYLİK;BEYLİK KÜME EVLER;sokak;502130
ARTVİN;ŞAVŞAT;YAMAÇLI - EYİPGİL;EYİPGİL KÜME EVLER;sokak;507574
ARTVİN;ŞAVŞAT;YAMAÇLI - HACİGİL;HACIGİL KÜME EVLER;sokak;502982
ARTVİN;ŞAVŞAT;YAMAÇLI - MAHİGİL;MAHİGİL KÜME EVLER;sokak;507554
ARTVİN;ŞAVŞAT;YAMAÇLI - ORTA;ORTA KÜME EVLER;sokak;502142
ARTVİN;ŞAVŞAT;YAMAÇLI - SOÇLİNDOR;SOÇLİNDOR KÜME EVLER;sokak;501278
ARTVİN;ŞAVŞAT;YAMAÇLI - TURANGİL;TURANGİL KÜME EVLER;sokak;504042
ARTVİN;ŞAVŞAT;YAMAÇLI - YUKARI;YUKARI KÜME EVLER;sokak;502331
ARTVİN;ŞAVŞAT;YAŞAR - AHALDABALILAR;AHALDABALILAR KÜME EVLER;sokak;307550
ARTVİN;ŞAVŞAT;YAŞAR - AŞAĞI;AŞAĞI KÜME EVLER;sokak;534377
ARTVİN;ŞAVŞAT;YAŞAR - MELEKGİL;MELEKGİL KÜME EVLER;sokak;130592
ARTVİN;ŞAVŞAT;YAŞAR - MORTLAZELAR;MORTLAZELAR KÜME EVLER;sokak;538635
ARTVİN;ŞAVŞAT;YAŞAR - YUKARI;YUKARI KÜME EVLER;sokak;542137
ARTVİN;ŞAVŞAT;YAVUZKÖY - AYVAZGİL;AYVAZGİL KÜME EVLER;sokak;546572
ARTVİN;ŞAVŞAT;YAVUZKÖY - BALCILAR;BALCILAR KÜME EVLER;sokak;260475
ARTVİN;ŞAVŞAT;YAVUZKÖY - CAMİ;CAMİ KÜME EVLER;sokak;369557
ARTVİN;ŞAVŞAT;YAVUZKÖY - DUĞABİZE;DUĞABİZE KÜME EVLER;sokak;260140
ARTVİN;ŞAVŞAT;YAVUZKÖY - DÜZ;DÜZ KÜME EVLER;sokak;309001
ARTVİN;ŞAVŞAT;YAVUZKÖY - GÜNKAYA (TOSU);TOSİ KÜME EVLER;sokak;642155
ARTVİN;ŞAVŞAT;YAVUZKÖY - RAMADANGİL;RAMADANGİL KÜME EVLER;sokak;543022
ARTVİN;ŞAVŞAT;YAVUZKÖY - SIRT;SIRT KÜME EVLER;sokak;80690
ARTVİN;ŞAVŞAT;YAVUZKÖY - TAŞBAŞI;TAŞBAŞI KÜME EVLER;sokak;550344
ARTVİN;ŞAVŞAT;YAVUZKÖY - TOPÇULAR;TOPÇULAR KÜME EVLER;sokak;314876
ARTVİN;ŞAVŞAT;YAVUZKÖY - YAVUZKÖY;YAVUZKÖY KÜME EVLER;sokak;550489
ARTVİN;ŞAVŞAT;YENİKÖY;ADİL AYDIN CADDE;cadde;390773
ARTVİN;ŞAVŞAT;YENİKÖY;AĞAÇLI SOKAK;sokak;82446
ARTVİN;ŞAVŞAT;YENİKÖY;AHISKA CADDE;cadde;1403819
ARTVİN;ŞAVŞAT;YENİKÖY;ARDAHAN YOLU CADDE;cadde;87888
ARTVİN;ŞAVŞAT;YENİKÖY;AŞIK KARA SOKAK SOKAK;sokak;411016680
ARTVİN;ŞAVŞAT;YENİKÖY;ATATÜRK 1 CADDE;cadde;115058151
ARTVİN;ŞAVŞAT;YENİKÖY;ATATÜRK CADDE;cadde;390769
ARTVİN;ŞAVŞAT;YENİKÖY;BARIŞ SOKAK;sokak;87877
ARTVİN;ŞAVŞAT;YENİKÖY;BOYALI KÜME EVLER;sokak;390772
ARTVİN;ŞAVŞAT;YENİKÖY;BÜLENT ECEVİT CADDE;cadde;676452
ARTVİN;ŞAVŞAT;YENİKÖY;CUMHURİYET CADDE;cadde;87884
ARTVİN;ŞAVŞAT;YENİKÖY;ÇİÇEK NENE CADDE;cadde;1054524
ARTVİN;ŞAVŞAT;YENİKÖY;DAVUT DEMİRAL SOKAK;sokak;1403821
ARTVİN;ŞAVŞAT;YENİKÖY;DİK SOKAK CADDE;cadde;462307690
ARTVİN;ŞAVŞAT;YENİKÖY;DOĞANLAR CADDE;cadde;87878
ARTVİN;ŞAVŞAT;YENİKÖY;EFKAR TEPE CADDE;cadde;680030
ARTVİN;ŞAVŞAT;YENİKÖY;EMEK CADDE;cadde;1403929
ARTVİN;ŞAVŞAT;YENİKÖY;FAKİR BAYKURT CADDE;cadde;75864
ARTVİN;ŞAVŞAT;YENİKÖY;FATİH CADDE;cadde;87886
ARTVİN;ŞAVŞAT;YENİKÖY;GÜNEŞ SOKAK SOKAK;sokak;475835700
ARTVİN;ŞAVŞAT;YENİKÖY;GÜNEY SOKAK;sokak;296291021
ARTVİN;ŞAVŞAT;YENİKÖY;HASAN EKİNCİ CADDE;cadde;633794
ARTVİN;ŞAVŞAT;YENİKÖY;HÜKÜMET CADDE;cadde;87889
ARTVİN;ŞAVŞAT;YENİKÖY;HÜRRİYET CADDE;cadde;678270
ARTVİN;ŞAVŞAT;YENİKÖY;HÜSEYİN GÖKBAYRAK CADDE;cadde;390770
ARTVİN;ŞAVŞAT;YENİKÖY;HÜSEYİN KÖSE SOKAK;sokak;1403823
ARTVİN;ŞAVŞAT;YENİKÖY;İBRAHİN KARATAŞ CADDE;cadde;681003
ARTVİN;ŞAVŞAT;YENİKÖY;İNÖNÜ CADDE;cadde;87887
ARTVİN;ŞAVŞAT;YENİKÖY;KAPLAN TEKİN TANATABEY CADDE;cadde;681269
ARTVİN;ŞAVŞAT;YENİKÖY;KARAGÖL SOKAK SOKAK;sokak;547827350
ARTVİN;ŞAVŞAT;YENİKÖY;KAZIM KARABEKİR CADDE;cadde;87890
ARTVİN;ŞAVŞAT;YENİKÖY;KURTULUŞ SOKAK SOKAK;sokak;626783881
ARTVİN;ŞAVŞAT;YENİKÖY;MACARELTA KÜME EVLER;sokak;603539
ARTVİN;ŞAVŞAT;YENİKÖY;MEHMET NACİ KÖROĞLU SOKAK SOKAK;sokak;623799121
ARTVİN;ŞAVŞAT;YENİKÖY;MEHMET URAL CADDE;cadde;678752
ARTVİN;ŞAVŞAT;YENİKÖY;NEDRET URAL SOKAK SOKAK;sokak;226288380
ARTVİN;ŞAVŞAT;YENİKÖY;OKULLAR CADDE;cadde;87879
ARTVİN;ŞAVŞAT;YENİKÖY;OSMAN ALTUN SOKAK SOKAK;sokak;782635140
ARTVİN;ŞAVŞAT;YENİKÖY;OSMAN GAZİ SOKAK;sokak;390774
ARTVİN;ŞAVŞAT;YENİKÖY;ÖZYURT SOKAK;sokak;87880
ARTVİN;ŞAVŞAT;YENİKÖY;PROF.HAKKI DURSUN YILDIZ CADDE;cadde;87883
ARTVİN;ŞAVŞAT;YENİKÖY;SAĞLIK CADDE;cadde;390771
ARTVİN;ŞAVŞAT;YENİKÖY;SAHARA CADDE;cadde;87881
ARTVİN;ŞAVŞAT;YENİKÖY;SERHAT 1 SOKAK;sokak;670144
ARTVİN;ŞAVŞAT;YENİKÖY;SERHAT 2 SOKAK;sokak;669272
ARTVİN;ŞAVŞAT;YENİKÖY;SEYİR CADDE;cadde;1399957
ARTVİN;ŞAVŞAT;YENİKÖY;ŞEHİT ER ORHAN TOPÇU CADDE;cadde;87882
ARTVİN;ŞAVŞAT;YENİKÖY;TAŞLI SOKAK;sokak;1399955
ARTVİN;ŞAVŞAT;YENİKÖY;TEMURLAR SOKAK KÜME EVLER;sokak;202364850
ARTVİN;ŞAVŞAT;YENİKÖY;ÜLKÜ ULUSOY CADDE;cadde;1399959
ARTVİN;ŞAVŞAT;YENİKÖY;YAŞAR DOĞU CADDE;cadde;82447
ARTVİN;ŞAVŞAT;YENİKÖY;YAZARLAR SOKAK SOKAK;sokak;568788200
ARTVİN;ŞAVŞAT;YENİKÖY;YENİ CADDE;cadde;87885
ARTVİN;ŞAVŞAT;YENİKÖY;YÜZÜNCÜYIL SOKAK;sokak;564376
ARTVİN;ŞAVŞAT;YEŞİLCE - CENGELEK;SARIÇAYIR YAYLASI KÜME EVLER;sokak;767232121
ARTVİN;ŞAVŞAT;YEŞİLCE - MAÇKADET;MAÇKADET KÜME EVLER;sokak;636432
ARTVİN;ŞAVŞAT;YEŞİLCE - MERKEZ;MERKEZ KÜME EVLER;sokak;451147
ARTVİN;ŞAVŞAT;YONCALI - ARSİYAN;ARSİYAN YAYLASI KÜME EVLER;sokak;550548
ARTVİN;ŞAVŞAT;YONCALI - ÇİMENLİ;ÇİMENLİ KÜME EVLER;sokak;557784
ARTVİN;ŞAVŞAT;YONCALI - MERKEZ;MERKEZ KÜME EVLER;sokak;34934
ARTVİN;ŞAVŞAT;YONCALI - SAKORNİYET;SAKORNİYET KÜME EVLER;sokak;557064
ARTVİN;ŞAVŞAT;YUKARIKOYUNLU - ARKİYET;ARKİYET KÜME EVLER;sokak;625500
ARTVİN;ŞAVŞAT;YUKARIKOYUNLU - AŞAĞI;AŞAĞI KÜME EVLER;sokak;21306
ARTVİN;ŞAVŞAT;YUKARIKOYUNLU - COLA;COLA KÜME EVLER;sokak;618443
ARTVİN;ŞAVŞAT;YUKARIKOYUNLU - ORTA;ORTA KÜME EVLER;sokak;614932
ARTVİN;ŞAVŞAT;YUKARIKOYUNLU - SARIÇİÇEK;SARIÇİÇEK KÜME EVLER;sokak;640595
ARTVİN;ŞAVŞAT;YUKARIKOYUNLU - Y.KOYUNLU;Y.KOYUNLU KÜME EVLER;sokak;619686
ARTVİN;ŞAVŞAT;YUKARIKOYUNLU - YUKARI;YUKARI KÜME EVLER;sokak;46103
ARTVİN;ŞAVŞAT;YUKARIKOYUNLU - ZANTA;ZANTA KÜME EVLER;sokak;622522
ARTVİN;ŞAVŞAT;ZİYARET - CANOĞLU;CANOĞLU KÜME EVLER;sokak;561056
ARTVİN;ŞAVŞAT;ZİYARET - ORTA;ORTA KÜME EVLER;sokak;561191
ARTVİN;ŞAVŞAT;ZİYARET - TOKAZELER;TOKAZELER KÜME EVLER;sokak;570188
ARTVİN;ŞAVŞAT;ZİYARET - YUKARI;YUKARI KÜME EVLER;sokak;86593
ARTVİN;ŞAVŞAT;ZİYARET - ZİYARET;ZİYARET YAYLASI KÜME EVLER;sokak;563701
ARTVİN;YUSUFELİ;ALANBAŞI - ASLANLI;ASLANLI KÜME EVLER;sokak;258606
ARTVİN;YUSUFELİ;ALANBAŞI - HAV BAĞLARI;HAV BAĞLARI KÜME EVLER;sokak;558265
ARTVİN;YUSUFELİ;ALANBAŞI - KANSAS;KANSAS KÜME EVLER;sokak;551891
ARTVİN;YUSUFELİ;ALANBAŞI - ORTA;ORTA KÜME EVLER;sokak;258628
ARTVİN;YUSUFELİ;ALANBAŞI - TİLKİ;TİLKİ KÜME EVLER;sokak;549195
ARTVİN;YUSUFELİ;ALANBAŞI - YUMURTALI;YUMURTALI KÜME EVLER;sokak;86324
ARTVİN;YUSUFELİ;ALTIPARMAK - ABRAMET -KAKRAZEVL;ABRAMET/KAKRAZEVL KÜME EVLER;sokak;400189
ARTVİN;YUSUFELİ;ALTIPARMAK - AMENESKET;AMENESKET KÜME EVLER;sokak;201297
ARTVİN;YUSUFELİ;ALTIPARMAK - BALİYET;BALİYET KÜME EVLER;sokak;462825
ARTVİN;YUSUFELİ;ALTIPARMAK - BEKSLER (DAMLATAŞ);BEKSLER/DAMLATAŞ KÜME EVLER;sokak;664151
ARTVİN;YUSUFELİ;ALTIPARMAK - BOROVAN;BOROVAN KÜME EVLER;sokak;666475
ARTVİN;YUSUFELİ;ALTIPARMAK - BOROVANLAR;BOROVANLAR KÜME EVLER;sokak;668374
ARTVİN;YUSUFELİ;ALTIPARMAK - BÖREKLİ (KÖSEOĞULLAR);BÖREKLİ/KÖSEOĞULLAR KÜME EVLER;sokak;668347
ARTVİN;YUSUFELİ;ALTIPARMAK - CAMİ;CAMİ KÜME EVLER;sokak;670182
ARTVİN;YUSUFELİ;ALTIPARMAK - CARET;CARET KÜME EVLER;sokak;670521
ARTVİN;YUSUFELİ;ALTIPARMAK - CATELLER;CATELLER KÜME EVLER;sokak;158102
ARTVİN;YUSUFELİ;ALTIPARMAK - CATELLER MEZRA;CATELLER MEZRA KÜME EVLER;sokak;171164
ARTVİN;YUSUFELİ;ALTIPARMAK - DELİGİL( CİLVANA);DELİGİL/CİLVANA KÜME EVLER;sokak;673673
ARTVİN;YUSUFELİ;ALTIPARMAK - DEMİRKALEM;DEMİRKALEM KÜME EVLER;sokak;410832
ARTVİN;YUSUFELİ;ALTIPARMAK - DEMİRKALEM MEZRA;DEMİRKALEM MEZRA KÜME EVLER;sokak;163655
ARTVİN;YUSUFELİ;ALTIPARMAK - DEVTİSE;DEVTİSE KÜME EVLER;sokak;672280
ARTVİN;YUSUFELİ;ALTIPARMAK - DOLEYS;DOLEYS KÜME EVLER;sokak;83577
ARTVİN;YUSUFELİ;ALTIPARMAK - ERİSMAN;ERİSMAN KÜME EVLER;sokak;667088
ARTVİN;YUSUFELİ;ALTIPARMAK - HAKVERDİ;HAKVERDİ KÜME EVLER;sokak;669302
ARTVİN;YUSUFELİ;ALTIPARMAK - HANZARAT;HANZARAT KÜME EVLER;sokak;175353
ARTVİN;YUSUFELİ;ALTIPARMAK - KADI KIŞLA;KADI KIŞLA KÜME EVLER;sokak;673576
ARTVİN;YUSUFELİ;ALTIPARMAK - KELENSEV;KELENSEV KÜME EVLER;sokak;669606
ARTVİN;YUSUFELİ;ALTIPARMAK - KEŞOĞLU YAYLA;KEŞOĞLU YAYLA KÜME EVLER;sokak;665001
ARTVİN;YUSUFELİ;ALTIPARMAK - KIŞLA;KIŞLA KÜME EVLER;sokak;672599
ARTVİN;YUSUFELİ;ALTIPARMAK - KOÇALİGİL;KOÇALİGİL KÜME EVLER;sokak;668789
ARTVİN;YUSUFELİ;ALTIPARMAK - KOLETET;KOLETET KÜME EVLER;sokak;166895
ARTVİN;YUSUFELİ;ALTIPARMAK - KUMLU;KUMLU KÜME EVLER;sokak;672285
ARTVİN;YUSUFELİ;ALTIPARMAK - KUMLU MEZRASI;KUMLU MEZRASI KÜME EVLER;sokak;406118
ARTVİN;YUSUFELİ;ALTIPARMAK - KUPRAT;KUPRAT KÜME EVLER;sokak;671615
ARTVİN;YUSUFELİ;ALTIPARMAK - MAÇHETLER;MAÇHETLER KÜME EVLER;sokak;668790
ARTVİN;YUSUFELİ;ALTIPARMAK - MİÇİNGİL;MİÇİNGİL KÜME EVLER;sokak;672067
ARTVİN;YUSUFELİ;ALTIPARMAK - NAVANEV -DALAVAR;NAVANEV/DALAVAR KÜME EVLER;sokak;672282
ARTVİN;YUSUFELİ;ALTIPARMAK - NAZNARA;NAZNARA KÜME EVLER;sokak;409513
ARTVİN;YUSUFELİ;ALTIPARMAK - NUSRET -KURDAT YAYLA;NUSRET/KURDAT YAYLA KÜME EVLER;sokak;664673
ARTVİN;YUSUFELİ;ALTIPARMAK - ÖMERGİL;ÖMERGİL KÜME EVLER;sokak;92311
ARTVİN;YUSUFELİ;ALTIPARMAK - PERSET;PERSET KÜME EVLER;sokak;158103
ARTVİN;YUSUFELİ;ALTIPARMAK - PİŞHANKARA;PİŞANKARA KÜME EVLER;sokak;661028
ARTVİN;YUSUFELİ;ALTIPARMAK - SAMCELİYAT;SAMCELİYAT KÜME EVLER;sokak;661027
ARTVİN;YUSUFELİ;ALTIPARMAK - SIHİYAT;SIHİYAT KÜME EVLER;sokak;171154
ARTVİN;YUSUFELİ;ALTIPARMAK - SÖĞÜTLÜ;SÖĞÜTLÜ KÜME EVLER;sokak;667987
ARTVİN;YUSUFELİ;ALTIPARMAK - SULTANGİL;SULTANGİL KÜME EVLER;sokak;671756
ARTVİN;YUSUFELİ;ALTIPARMAK - SULTANGİL YAYLASI;SULTANGİL YAYLASI KÜME EVLER;sokak;664671
ARTVİN;YUSUFELİ;ALTIPARMAK - ŞABANGİL - ZEKARATLAR;ŞABANGİL/ZEKARATLAR KÜME EVLER;sokak;672278
ARTVİN;YUSUFELİ;ALTIPARMAK - TURNALAR;TURNALAR KÜME EVLER;sokak;668359
ARTVİN;YUSUFELİ;ARPACIK - BAĞLIK (SAĞ);BAĞLIK SAĞ KÜME EVLER;sokak;538187
ARTVİN;YUSUFELİ;ARPACIK - ÇONCUR;ÇONCUR KÜME EVLER;sokak;536440
ARTVİN;YUSUFELİ;ARPACIK - MERKEZ;MERKEZ KÜME EVLER;sokak;540787
ARTVİN;YUSUFELİ;ARPACIK - PİRİNÇLİK(BAĞLIK);PİRİNÇLİK BAĞLIK KÜME EVLER;sokak;541775
ARTVİN;YUSUFELİ;AVCILAR - LAZLAR;LAZLAR KÜME EVLER;sokak;524961
ARTVİN;YUSUFELİ;BADEMKAYA - AHARŞEN;AHARŞEN KÜME EVLER;sokak;671876
ARTVİN;YUSUFELİ;BADEMKAYA - BADEMKAYA YAYLASI;BADEMKAYA YAYLASI KÜME EVLER;sokak;671005
ARTVİN;YUSUFELİ;BADEMKAYA - CONZARET;CONZARET KÜME EVLER;sokak;667499
ARTVİN;YUSUFELİ;BADEMKAYA - ÇELİK;ÇELİK KÜME EVLER;sokak;669894
ARTVİN;YUSUFELİ;BADEMKAYA - KIRAVET;KIRAVET KÜME EVLER;sokak;671080
ARTVİN;YUSUFELİ;BADEMKAYA - MERKEZ;MERKEZ KÜME EVLER;sokak;667502
ARTVİN;YUSUFELİ;BAHÇELİ - ABANOZ;BAHÇELİ KÜME EVLER;sokak;85896
ARTVİN;YUSUFELİ;BAHÇELİ - AŞAĞI;AŞAĞI KÜME EVLER;sokak;50966
ARTVİN;YUSUFELİ;BAHÇELİ - AŞAĞI ÇAMLIK;AŞAĞI ÇAMLIK KÜME EVLER;sokak;565671
ARTVİN;YUSUFELİ;BAHÇELİ - BAUT;BAUT KÜME EVLER;sokak;569419
ARTVİN;YUSUFELİ;BAHÇELİ - CAMİ;CAMİ KÜME EVLER;sokak;563315
ARTVİN;YUSUFELİ;BAHÇELİ - HAVUZBAŞI;HAVUZBAŞI KÜME EVLER;sokak;565878
ARTVİN;YUSUFELİ;BAHÇELİ - YUKARI ÇAMLIK;YUKARI ÇAMLIK KÜME EVLER;sokak;565674
ARTVİN;YUSUFELİ;BAKIRTEPE - BAKIRTEPE YAYLASI;BAKIRTEPE YAYLASI KÜME EVLER;sokak;628806
ARTVİN;YUSUFELİ;BAKIRTEPE - ÇAYIRİÇİ;ÇAYIRİÇİ KÜME EVLER;sokak;627228
ARTVİN;YUSUFELİ;BAKIRTEPE - MERKEZ;MERKEZ KÜME EVLER;sokak;628421
ARTVİN;YUSUFELİ;BALALAN - CAMİ;CAMİ KÜME EVLER;sokak;517946
ARTVİN;YUSUFELİ;BALALAN - GÜNDOĞDU;GÜNDOĞDU KÜME EVLER;sokak;517944
ARTVİN;YUSUFELİ;BALALAN - KADIOĞLU;KADIOĞLU KÜME EVLER;sokak;510053
ARTVİN;YUSUFELİ;BALALAN - KIŞLA;KIŞLA KÜME EVLER;sokak;517963
ARTVİN;YUSUFELİ;BALALAN - KITAVET;KITAVET KÜME EVLER;sokak;510252
ARTVİN;YUSUFELİ;BALALAN - KÖŞEBAŞI;KÖŞEBAŞI KÜME EVLER;sokak;510045
ARTVİN;YUSUFELİ;BALALAN - PINARBAŞI;PINARBAŞI KÜME EVLER;sokak;520660
ARTVİN;YUSUFELİ;BALALAN - SAKAT;SAKAT KÜME EVLER;sokak;511565
ARTVİN;YUSUFELİ;BALALAN - SOĞUKSU;SOĞUKSU KÜME EVLER;sokak;510254
ARTVİN;YUSUFELİ;BALALAN - SOŞT;SOŞT KÜME EVLER;sokak;510251
ARTVİN;YUSUFELİ;BALALAN - TOPALOĞLU;TOPALOĞLU KÜME EVLER;sokak;517968
ARTVİN;YUSUFELİ;BALCILI - BALHIBAR;BALHİBAR KÜME EVLER;sokak;281118
ARTVİN;YUSUFELİ;BALCILI - CAMİLİ;CAMİLİ KÜME EVLER;sokak;551665
ARTVİN;YUSUFELİ;BALCILI - HUNAHATKAR;HUNAHATKAR KÜME EVLER;sokak;449930
ARTVİN;YUSUFELİ;BALCILI - HUSİLLAR;HUSİLLAR KÜME EVLER;sokak;447000
ARTVİN;YUSUFELİ;BALCILI - KAHRAMANLAR;KAHRAMANLAR KÜME EVLER;sokak;555320
ARTVİN;YUSUFELİ;BALCILI - LİTREV;LİTREV KÜME EVLER;sokak;265353
ARTVİN;YUSUFELİ;BALCILI - PEVZALAR;PERVAZLAR KÜME EVLER;sokak;554774
ARTVİN;YUSUFELİ;BALCILI - SAVRİYAT;SAVRİYAT KÜME EVLER;sokak;554770
ARTVİN;YUSUFELİ;BALCILI - YAĞMURÇAY;YAĞMURÇAY KÜME EVLER;sokak;449589
ARTVİN;YUSUFELİ;BIÇAKÇILAR - BOSMİNDA;BOSMİNDA KÜME EVLER;sokak;514043
ARTVİN;YUSUFELİ;BIÇAKÇILAR - BOZKUŞ;BOZKUŞ KÜME EVLER;sokak;512778
ARTVİN;YUSUFELİ;BIÇAKÇILAR - CAMEKAR( CAMİ);CAMEKAR CAMİ KÜME EVLER;sokak;861217791
ARTVİN;YUSUFELİ;BIÇAKÇILAR - CAMİİ;CAMİİ KÜME EVLER;sokak;512344
ARTVİN;YUSUFELİ;BIÇAKÇILAR - ÇAĞLAYAN;ÇAĞLAYAN KÜME EVLER;sokak;503887
ARTVİN;YUSUFELİ;BIÇAKÇILAR - ÇAMOLUK;ÇAMOLUK KÜME EVLER;sokak;514613
ARTVİN;YUSUFELİ;BIÇAKÇILAR - ÇORAHLAKET;ÇORAHLAKET KÜME EVLER;sokak;506701
ARTVİN;YUSUFELİ;BIÇAKÇILAR - DİKMELER;KORYET KÜME EVLER;sokak;502967
ARTVİN;YUSUFELİ;BIÇAKÇILAR - DOLUPINAR;DOLUPINAR KÜME EVLER;sokak;505804
ARTVİN;YUSUFELİ;BIÇAKÇILAR - GÜDASHEV;GÜDASHEV KÜME EVLER;sokak;506707
ARTVİN;YUSUFELİ;BIÇAKÇILAR - KALEDİBİ;KALEDİBİ KÜME EVLER;sokak;514038
ARTVİN;YUSUFELİ;BIÇAKÇILAR - KARTUTAN;KARTUTAN KÜME EVLER;sokak;514056
ARTVİN;YUSUFELİ;BIÇAKÇILAR - KELAZOR;KELAZOR KÜME EVLER;sokak;503003
ARTVİN;YUSUFELİ;BIÇAKÇILAR - KORYET;DİKMELER KÜME EVLER;sokak;502999
ARTVİN;YUSUFELİ;BIÇAKÇILAR - KRAYEKAR (CAMİİ);KRAYEKAR CAMİİ KÜME EVLER;sokak;504061
ARTVİN;YUSUFELİ;BIÇAKÇILAR - KUPRİYET;KUPRİYET KÜME EVLER;sokak;514054
ARTVİN;YUSUFELİ;BIÇAKÇILAR - PİŞNARHEV;PİŞNARHEV KÜME EVLER;sokak;514037
ARTVİN;YUSUFELİ;BIÇAKÇILAR - SADIKHANE;SADIKHANE KÜME EVLER;sokak;512358
ARTVİN;YUSUFELİ;BIÇAKÇILAR - SUSUZAGARA;SUSUZAGARA KÜME EVLER;sokak;514049
ARTVİN;YUSUFELİ;BIÇAKÇILAR - YEŞİLÖZ;YEŞİLÖZ KÜME EVLER;sokak;512773
ARTVİN;YUSUFELİ;BOSTANCI - AHALT;AHALT KÜME EVLER;sokak;310658
ARTVİN;YUSUFELİ;BOSTANCI - ARDIÇLI;ARDIÇLI KÜME EVLER;sokak;593914
ARTVİN;YUSUFELİ;BOSTANCI - ARNUTGE;ARNUTGE KÜME EVLER;sokak;597633
ARTVİN;YUSUFELİ;BOSTANCI - ARUNZE;ARUNZE KÜME EVLER;sokak;591757
ARTVİN;YUSUFELİ;BOSTANCI - BAĞLIK;BAĞLIK KÜME EVLER;sokak;25237
ARTVİN;YUSUFELİ;BOSTANCI - BALEZE;BALEZE KÜME EVLER;sokak;597217
ARTVİN;YUSUFELİ;BOSTANCI - CAMİ;CAMİ KÜME EVLER;sokak;591453
ARTVİN;YUSUFELİ;BOSTANCI - CELİCVAR;CELİCVAR KÜME EVLER;sokak;585889
ARTVİN;YUSUFELİ;BOSTANCI - ÇAYAĞZI;ÇAYAĞZI KÜME EVLER;sokak;594640
ARTVİN;YUSUFELİ;BOSTANCI - DAĞEZE;DAĞEZE KÜME EVLER;sokak;594345
ARTVİN;YUSUFELİ;BOSTANCI - DİDMUĞA;DİDMUĞA KÜME EVLER;sokak;586275
ARTVİN;YUSUFELİ;BOSTANCI - DUTDERE;DUTDERE. KÜME EVLER;sokak;597636
ARTVİN;YUSUFELİ;BOSTANCI - EMETOĞLU;EMETOĞLU KÜME EVLER;sokak;595684
ARTVİN;YUSUFELİ;BOSTANCI - GOMELT;GOMELT KÜME EVLER;sokak;595485
ARTVİN;YUSUFELİ;BOSTANCI - GURGUNZE;GURGUNZE KÜME EVLER;sokak;337029
ARTVİN;YUSUFELİ;BOSTANCI - KALMAĞOT;KALMAĞOT KÜME EVLER;sokak;587216
ARTVİN;YUSUFELİ;BOSTANCI - KIŞLA;KIŞLA KÜME EVLER;sokak;593908
ARTVİN;YUSUFELİ;BOSTANCI - NAKERAV;NAKERAV KÜME EVLER;sokak;585420
ARTVİN;YUSUFELİ;BOSTANCI - ORTAGÜL;ORTAGÜL KÜME EVLER;sokak;595490
ARTVİN;YUSUFELİ;BOSTANCI - PİÇHET;PİÇHET KÜME EVLER;sokak;595497
ARTVİN;YUSUFELİ;BOSTANCI - SOFUOĞLU;SOFUOĞLU KÜME EVLER;sokak;591471
ARTVİN;YUSUFELİ;BOYALI - BAĞCI;BAĞCI KÜME EVLER;sokak;594268
ARTVİN;YUSUFELİ;BOYALI - BAĞCI CAMİ;BAĞCI CAMİ KÜME EVLER;sokak;118611
ARTVİN;YUSUFELİ;BOYALI - ÇALILIK;ÇALILIK KÜME EVLER;sokak;590844
ARTVİN;YUSUFELİ;BOYALI - ÇİNSEGARA;ÇİNSEGARA KÜME EVLER;sokak;595655
ARTVİN;YUSUFELİ;BOYALI - GEVRAKE;GEVRAKE KÜME EVLER;sokak;594533
ARTVİN;YUSUFELİ;BOYALI - HACIOĞLU;HACIOĞLU KÜME EVLER;sokak;586202
ARTVİN;YUSUFELİ;BOYALI - HAKALI;HAKALI KÜME EVLER;sokak;37033
ARTVİN;YUSUFELİ;BOYALI - HIRCİK;HIRCİK KÜME EVLER;sokak;593719
ARTVİN;YUSUFELİ;BOYALI - KARVANA;KARVANA KÜME EVLER;sokak;367977
ARTVİN;YUSUFELİ;BOYALI - LAZOĞLU;LAZOĞLU KÜME EVLER;sokak;30467
ARTVİN;YUSUFELİ;BOYALI - MERKEZ;MERKEZ KÜME EVLER;sokak;597454
ARTVİN;YUSUFELİ;BOYALI - SİPRİYET;SİPRİYET KÜME EVLER;sokak;597808
ARTVİN;YUSUFELİ;BOYALI - TATLIÇAY;TATLIÇAY KÜME EVLER;sokak;367998
ARTVİN;YUSUFELİ;CEVİZLİK - AĞAÇ DİBİ;AĞAÇ DİBİ KÜME EVLER;sokak;514684
ARTVİN;YUSUFELİ;CEVİZLİK - AKMEŞE;AKMEŞE KÜME EVLER;sokak;503449
ARTVİN;YUSUFELİ;CEVİZLİK - AKMEŞE MEZRASI;AKMEŞE MEZRASI KÜME EVLER;sokak;453782
ARTVİN;YUSUFELİ;CEVİZLİK - BAĞLIK;BAĞLIK KÜME EVLER;sokak;504841
ARTVİN;YUSUFELİ;CEVİZLİK - CURET;CURET KÜME EVLER;sokak;501364
ARTVİN;YUSUFELİ;CEVİZLİK - KİDAZOR;KİDAZOR KÜME EVLER;sokak;508830
ARTVİN;YUSUFELİ;CEVİZLİK - KOBALET;KOBALET KÜME EVLER;sokak;513727
ARTVİN;YUSUFELİ;CEVİZLİK - KOÇKET;KOÇKET KÜME EVLER;sokak;507081
ARTVİN;YUSUFELİ;CEVİZLİK - KÖY YANI;KÖY YANI KÜME EVLER;sokak;507982
ARTVİN;YUSUFELİ;CEVİZLİK - MERKEZ;MERKEZ KÜME EVLER;sokak;275824
ARTVİN;YUSUFELİ;CEVİZLİK - VARLIK;VARLIK KÜME EVLER;sokak;509743
ARTVİN;YUSUFELİ;ÇAĞLIYAN - HARAN;HARAN KÜME EVLER;sokak;670783
ARTVİN;YUSUFELİ;ÇAĞLIYAN - KÖPRÜBAŞI;KÖPRÜBAŞI KÜME EVLER;sokak;173450
ARTVİN;YUSUFELİ;ÇAĞLIYAN - MERKEZ OSANBAŞI;MERKEZ OSANBAŞI KÜME EVLER;sokak;667858
ARTVİN;YUSUFELİ;ÇAĞLIYAN - MERKEZ YUKARI;MERKEZ YUKARI KÜME EVLER;sokak;668815
ARTVİN;YUSUFELİ;ÇAMLICA - ÇİTOĞULLARI;ÇİTOĞULLARI KÜME EVLER;sokak;558115
ARTVİN;YUSUFELİ;ÇAMLICA - DERE;DERE KÜME EVLER;sokak;569689
ARTVİN;YUSUFELİ;ÇAMLICA - HOCAGİLLER;HOCAGİLLER KÜME EVLER;sokak;559769
ARTVİN;YUSUFELİ;ÇAMLICA - HOSTAGARA;HOSTAGARA KÜME EVLER;sokak;91754
ARTVİN;YUSUFELİ;ÇAMLICA - HUMETGİL;HUTMEGİL KÜME EVLER;sokak;562929
ARTVİN;YUSUFELİ;ÇAMLICA - KARAGÖZOĞULLARI;KARAGÖZOĞULLARI KÜME EVLER;sokak;560311
ARTVİN;YUSUFELİ;ÇAMLICA - KARAGÖZOĞULLARI MEZRA;KARAGÖZOĞULLARI MEZRA KÜME EVLER;sokak;557743
ARTVİN;YUSUFELİ;ÇAMLICA - KOÇAT;KOÇAT KÜME EVLER;sokak;89046
ARTVİN;YUSUFELİ;ÇAMLICA - MAHMİYOĞLAR;MAHMİYOĞLAR KÜME EVLER;sokak;476578
ARTVİN;YUSUFELİ;ÇAMLICA - POSOVAT;POSOVAT KÜME EVLER;sokak;558912
ARTVİN;YUSUFELİ;ÇAMLICA - USUPGİL;USUPGİL KÜME EVLER;sokak;562966
ARTVİN;YUSUFELİ;ÇAMLICA - UTLETLER;UTLETLER KÜME EVLER;sokak;560246
ARTVİN;YUSUFELİ;ÇELTİKDÜZÜ - ÇINAGARA;ÇINAGARA KÜME EVLER;sokak;637745
ARTVİN;YUSUFELİ;ÇELTİKDÜZÜ - GAVNAR;GAVNAR KÜME EVLER;sokak;634552
ARTVİN;YUSUFELİ;ÇELTİKDÜZÜ - GÜRMAŞIN;GÜRMAŞIN KÜME EVLER;sokak;627897
ARTVİN;YUSUFELİ;ÇELTİKDÜZÜ - HİŞNET;HİŞNET KÜME EVLER;sokak;82550
ARTVİN;YUSUFELİ;ÇELTİKDÜZÜ - MAHİK;MAHİK KÜME EVLER;sokak;638777
ARTVİN;YUSUFELİ;ÇELTİKDÜZÜ - MERKEZ;MERKEZ KÜME EVLER;sokak;633427
ARTVİN;YUSUFELİ;ÇELTİKDÜZÜ - PALSUYU;PALSUYU KÜME EVLER;sokak;640018
ARTVİN;YUSUFELİ;ÇEVRELİ - ADA;ADA KÜME EVLER;sokak;674738
ARTVİN;YUSUFELİ;ÇEVRELİ - AYAZGİL;AYAZGİL KÜME EVLER;sokak;101021
ARTVİN;YUSUFELİ;ÇEVRELİ - BALLIDUT(GİVNAR);BALLIDUT GİVNAR KÜME EVLER;sokak;686201
ARTVİN;YUSUFELİ;ÇEVRELİ - CAMİ KAPISI;CAMİ KAPISI KÜME EVLER;sokak;681708
ARTVİN;YUSUFELİ;ÇEVRELİ - CİHALOR VE SİVANZOR;CİHOLAR VE SİVANZOR KÜME EVLER;sokak;693070
ARTVİN;YUSUFELİ;ÇEVRELİ - CİNNAR;CİNNAR KÜME EVLER;sokak;675368
ARTVİN;YUSUFELİ;ÇEVRELİ - ÇAMLIBEL;ÇAMLIBEL KÜME EVLER;sokak;684043
ARTVİN;YUSUFELİ;ÇEVRELİ - ÇİNTAT;ÇİNTAT KÜME EVLER;sokak;686772
ARTVİN;YUSUFELİ;ÇEVRELİ - ÇUVAR;ÇUVAR KÜME EVLER;sokak;682760
ARTVİN;YUSUFELİ;ÇEVRELİ - GORİYET;GORİYET KÜME EVLER;sokak;685919
ARTVİN;YUSUFELİ;ÇEVRELİ - HIDIROĞLU;HIDIROĞLU KÜME EVLER;sokak;680648
ARTVİN;YUSUFELİ;ÇEVRELİ - KAŞIKÇIGİL;KAŞILÇIGİL KÜME EVLER;sokak;193070
ARTVİN;YUSUFELİ;ÇEVRELİ - KIŞLA;KIŞLA KÜME EVLER;sokak;687216
ARTVİN;YUSUFELİ;ÇEVRELİ - KÖPRÜBAŞI;KÖPRÜBAŞI KÜME EVLER;sokak;677306
ARTVİN;YUSUFELİ;ÇEVRELİ - LAÇİNOĞLU;LAÇİNOĞLU KÜME EVLER;sokak;469140
ARTVİN;YUSUFELİ;ÇEVRELİ - MAĞARA;MAĞARA KÜME EVLER;sokak;684322
ARTVİN;YUSUFELİ;ÇEVRELİ - MARAŞ;MARAŞ KÜME EVLER;sokak;677007
ARTVİN;YUSUFELİ;ÇEVRELİ - MEYDAN;MEYDAN KÜME EVLER;sokak;680827
ARTVİN;YUSUFELİ;ÇEVRELİ - MEYDAN;YENİ YERLEŞİM 1 NOLU SOKAK;sokak;376192850
ARTVİN;YUSUFELİ;ÇEVRELİ - MEYDAN;YENİ YERLEŞİM 2 NOLU SOKAK;sokak;952176000
ARTVİN;YUSUFELİ;ÇEVRELİ - MEYDAN;YENİ YERLEŞİM 3 NOLU SOKAK;sokak;981883600
ARTVİN;YUSUFELİ;ÇEVRELİ - MEYDAN;YENİ YERLEŞİM 4 NOLU SOKAK;sokak;981883780
ARTVİN;YUSUFELİ;ÇEVRELİ - MEYDAN;YENİ YERLEŞİM 5 NOLU SOKAK;sokak;156766380
ARTVİN;YUSUFELİ;ÇEVRELİ - MEYDAN;YENİ YERLEŞİM 6 NOLU SOKAK;sokak;245218900
ARTVİN;YUSUFELİ;ÇEVRELİ - MEYDAN;YENİ YERLEŞİM 7 NOLU SOKAK;sokak;31265028
ARTVİN;YUSUFELİ;ÇEVRELİ - MEYDAN;YENİ YERLEŞİM 8 NOLU SOKAK;sokak;41325077
ARTVİN;YUSUFELİ;ÇEVRELİ - MEZRA;MEZRA KÜME EVLER;sokak;684492
ARTVİN;YUSUFELİ;ÇEVRELİ - OKURDAĞI;OKURDAĞI KÜME EVLER;sokak;342056
ARTVİN;YUSUFELİ;ÇEVRELİ - SIRT;SIRT KÜME EVLER;sokak;193063
ARTVİN;YUSUFELİ;ÇEVRELİ - ŞAPET;ŞAPET KÜME EVLER;sokak;685923
ARTVİN;YUSUFELİ;ÇEVRELİ - ŞEHİTLİK;ŞEHİTLİK KÜME EVLER;sokak;687199
ARTVİN;YUSUFELİ;ÇEVRELİ - YANIK ALUZAR HAKANET;YANIK ALUZER HAKANET KÜME EVLER;sokak;99417
ARTVİN;YUSUFELİ;ÇIRALI - CEVİZLİ;CEVİZLİ KÜME EVLER;sokak;537600
ARTVİN;YUSUFELİ;ÇIRALI - DÜZLER;DÜZLER KÜME EVLER;sokak;542302
ARTVİN;YUSUFELİ;ÇIRALI - KALEDİBİ;KALEDİBİ KÜME EVLER;sokak;548495
ARTVİN;YUSUFELİ;ÇIRALI - KALEDİBİ (KARŞI);KALEDİBİ KARŞI KÜME EVLER;sokak;545927
ARTVİN;YUSUFELİ;ÇIRALI - KEDA;KEDA KÜME EVLER;sokak;309292
ARTVİN;YUSUFELİ;ÇIRALI - MERKEZ;MERKEZ KÜME EVLER;sokak;546337
ARTVİN;YUSUFELİ;ÇIRALI - NESLİGARA;NESLİGARA KÜME EVLER;sokak;536221
ARTVİN;YUSUFELİ;ÇIRALI - SABANET;SABANET KÜME EVLER;sokak;547663
ARTVİN;YUSUFELİ;ÇORUH;15 TEMMUZ ŞEHİTLER CADDE;cadde;803448980
ARTVİN;YUSUFELİ;ÇORUH;ADNAN MENDERES SOKAK;sokak;793419881
ARTVİN;YUSUFELİ;ÇORUH;AHMET YARALI SOKAK;sokak;846086371
ARTVİN;YUSUFELİ;ÇORUH;ALI ARSLAN2 SOKAK;sokak;428478891
ARTVİN;YUSUFELİ;ÇORUH;ALI ERBAŞ SOKAK;sokak;687460981
ARTVİN;YUSUFELİ;ÇORUH;ALPARSLAN TÜRKEŞ CADDE;cadde;710150931
ARTVİN;YUSUFELİ;ÇORUH;AŞIK HUZURİ CADDE;cadde;324825641
ARTVİN;YUSUFELİ;ÇORUH;CEMIL GÜNGÖR SOKAK;sokak;728205901
ARTVİN;YUSUFELİ;ÇORUH;CUMHURIYET CADDE;cadde;572808511
ARTVİN;YUSUFELİ;ÇORUH;DR DEVLET BAHÇELİ CADDE;cadde;201982971
ARTVİN;YUSUFELİ;ÇORUH;DR İSRAFIL KIŞLA CADDE;cadde;833155561
ARTVİN;YUSUFELİ;ÇORUH;DR MIMARKADIR TOPBAŞ CADDE;cadde;238129441
ARTVİN;YUSUFELİ;ÇORUH;ERSIS1 CADDE;cadde;983937541
ARTVİN;YUSUFELİ;ÇORUH;FATIN RÜŞTÜ ZORLU CADDE;cadde;597671521
ARTVİN;YUSUFELİ;ÇORUH;GAZI MEHMET YAZICI SOKAK;sokak;217671571
ARTVİN;YUSUFELİ;ÇORUH;GÜL2 SOKAK;sokak;382082031
ARTVİN;YUSUFELİ;ÇORUH;İSMAIL ZURNACI SOKAK;sokak;291365951
ARTVİN;YUSUFELİ;ÇORUH;MEHMET SOSANOĞLU SOKAK;sokak;348654691
ARTVİN;YUSUFELİ;ÇORUH;MUSTAFA ADIL ÖZDER SOKAK;sokak;932785471
ARTVİN;YUSUFELİ;ÇORUH;MUSTAFA PEHLİVAN SOKAK;sokak;974878701
ARTVİN;YUSUFELİ;ÇORUH;MUSTAFA RONA CADDE;cadde;260783371
ARTVİN;YUSUFELİ;ÇORUH;ÖMER ERBAŞ2 SOKAK;sokak;558733761
ARTVİN;YUSUFELİ;ÇORUH;RECEP TAYYIP ERDOĞAN CADDE;cadde;822189001
ARTVİN;YUSUFELİ;ÇORUH;ŞEHIT ER MÜSLÜM TÜNCİ SOKAK;sokak;194583061
ARTVİN;YUSUFELİ;ÇORUH;ŞEHIT KENAN TÜRKOĞLU SOKAK;sokak;755882691
ARTVİN;YUSUFELİ;ÇORUH;ŞEHIT PÖH EMNIYET MÜDÜRÜ DURSUN ACAR SOKAK;sokak;184556831
ARTVİN;YUSUFELİ;ÇORUH;ŞEHIT PÖH EROL İNCE SOKAK;sokak;211369991
ARTVİN;YUSUFELİ;ÇORUH;ŞEHİT ER DAVUT POLAT SOKAK;sokak;285391461
ARTVİN;YUSUFELİ;ÇORUH;YUSUF İZZETTİN CADDE;cadde;194599241
ARTVİN;YUSUFELİ;DAĞETEĞİ - ATMİK;ATMİK KÜME EVLER;sokak;517486
ARTVİN;YUSUFELİ;DAĞETEĞİ - DAGİR;DAGİR KÜME EVLER;sokak;515146
ARTVİN;YUSUFELİ;DAĞETEĞİ - ENGÜLLÜ;ENGÜLLÜ KÜME EVLER;sokak;518088
ARTVİN;YUSUFELİ;DAĞETEĞİ - HİNZASOR;HİNZASOR KÜME EVLER;sokak;516940
ARTVİN;YUSUFELİ;DAĞETEĞİ - KERVAN TEPE;KERVAN TEPE KÜME EVLER;sokak;519528
ARTVİN;YUSUFELİ;DAĞETEĞİ - MERKEZ;MERKEZ KÜME EVLER;sokak;523872
ARTVİN;YUSUFELİ;DAĞETEĞİ - YANIK;YANIK KÜME EVLER;sokak;517491
ARTVİN;YUSUFELİ;DARICA - AREKE;AREKE KÜME EVLER;sokak;523323
ARTVİN;YUSUFELİ;DARICA - AVAREK;AVAREK KÜME EVLER;sokak;307614
ARTVİN;YUSUFELİ;DARICA - BOĞAZ BAĞLIK;BOĞAZ BAĞLIK KÜME EVLER;sokak;87635
ARTVİN;YUSUFELİ;DARICA - CİRES;CİRES KÜME EVLER;sokak;519033
ARTVİN;YUSUFELİ;DARICA - ÇUKUR;ÇUKUR KÜME EVLER;sokak;516880
ARTVİN;YUSUFELİ;DARICA - ESPEK;ESPEK KÜME EVLER;sokak;522166
ARTVİN;YUSUFELİ;DARICA - KARŞI;KARŞI KÜME EVLER;sokak;523339
ARTVİN;YUSUFELİ;DARICA - TAŞLI (AŞAĞI);TAŞLI AŞAĞI KÜME EVLER;sokak;524741
ARTVİN;YUSUFELİ;DARICA - YUKARI;YUKARI KÜME EVLER;sokak;522521
ARTVİN;YUSUFELİ;DEMİRDÖVEN - AHARŞİN;AHARŞİN KÜME EVLER;sokak;613706
ARTVİN;YUSUFELİ;DEMİRDÖVEN - ALİKOLAT;ALİKOLAT KÜME EVLER;sokak;371194
ARTVİN;YUSUFELİ;DEMİRDÖVEN - BASİLET;BASİLET KÜME EVLER;sokak;613434481
ARTVİN;YUSUFELİ;DEMİRDÖVEN - BUSAKET;BUSAKET KÜME EVLER;sokak;606401
ARTVİN;YUSUFELİ;DEMİRDÖVEN - DİBE;DİBE KÜME EVLER;sokak;618448
ARTVİN;YUSUFELİ;DEMİRDÖVEN - GÜNAYDIN;GÜNAYDIN KÜME EVLER;sokak;605466
ARTVİN;YUSUFELİ;DEMİRDÖVEN - HARAT;HARAT KÜME EVLER;sokak;606292
ARTVİN;YUSUFELİ;DEMİRDÖVEN - KARBASAN;KARBASAN KÜME EVLER;sokak;608082
ARTVİN;YUSUFELİ;DEMİRDÖVEN - KİRAVAT;KİRAVAT KÜME EVLER;sokak;621303
ARTVİN;YUSUFELİ;DEMİRDÖVEN - KORNET;KORNET KÜME EVLER;sokak;607657
ARTVİN;YUSUFELİ;DEMİRDÖVEN - MERKEZ;MERKEZ KÜME EVLER;sokak;611387
ARTVİN;YUSUFELİ;DEMİRDÖVEN - PİŞAR YAYLASI;PİŞAR YAYLASI KÜME EVLER;sokak;28217
ARTVİN;YUSUFELİ;DEMİRDÖVEN - PİŞNAR;PİŞNAR KÜME EVLER;sokak;91678
ARTVİN;YUSUFELİ;DEMİRDÖVEN - SABAHTE;SABAHTE KÜME EVLER;sokak;614587
ARTVİN;YUSUFELİ;DEMİRDÖVEN - SERGAT;SERGAT KÜME EVLER;sokak;611405
ARTVİN;YUSUFELİ;DEMİRDÖVEN - SİLEMİNTA;SİLEMİNTA KÜME EVLER;sokak;620880
ARTVİN;YUSUFELİ;DEMİRDÖVEN - TAŞBAŞI;TAŞBAŞI KÜME EVLER;sokak;608561
ARTVİN;YUSUFELİ;DEMİRDÖVEN - TİBET;TİBET KÜME EVLER;sokak;620869
ARTVİN;YUSUFELİ;DEMİRDÖVEN - TUSPİR;TUSPİR KÜME EVLER;sokak;622198
ARTVİN;YUSUFELİ;DEMİRDÖVEN - VEHNAL;VEHNAL KÜME EVLER;sokak;599633
ARTVİN;YUSUFELİ;DEMİRDÖVEN - ZEKARAT;ZEKARAT KÜME EVLER;sokak;623412
ARTVİN;YUSUFELİ;DEMİRKENT - AŞIK MUHİBBİ;AŞIK MUHİBBİ KÜME EVLER;sokak;691556
ARTVİN;YUSUFELİ;DEMİRKENT - BAŞAKLI;BAŞAKLI KÜME EVLER;sokak;690212
ARTVİN;YUSUFELİ;DEMİRKENT - BELENCİK;KILIÇKAYA KÜME EVLER;sokak;691552
ARTVİN;YUSUFELİ;DEMİRKENT - BEZ;BEZ KÜME EVLER;sokak;688490
ARTVİN;YUSUFELİ;DEMİRKENT - CAMİ;CAMİ KÜME EVLER;sokak;688461
ARTVİN;YUSUFELİ;DEMİRKENT - ÇAĞLAYAN;ÇAĞLAYAN KÜME EVLER;sokak;120632
ARTVİN;YUSUFELİ;DEMİRKENT - ÇOBANSUYU;ÇOBANSUYU KÜME EVLER;sokak;690215
ARTVİN;YUSUFELİ;DEMİRKENT - DURUÇAY;DURUÇAY KÜME EVLER;sokak;691555
ARTVİN;YUSUFELİ;DEMİRKENT - DÜZCE;DÜZCE KÜME EVLER;sokak;696325
ARTVİN;YUSUFELİ;DEMİRKENT - HÜSEYİN HÜSNÜ PAŞA;HÜSEYİN HÜSNÜ PAŞA KÜME EVLER;sokak;690309
ARTVİN;YUSUFELİ;DEMİRKENT - SARIERİK;SARIERİK KÜME EVLER;sokak;693002
ARTVİN;YUSUFELİ;DEMİRKENT - SOĞUKSU;SOĞUKSU KÜME EVLER;sokak;688460
ARTVİN;YUSUFELİ;DEMİRKENT - YAKALI;YAKALI KÜME EVLER;sokak;688175
ARTVİN;YUSUFELİ;DEMİRKÖY - AHMETOĞULLARI;AHMETOĞULLARI KÜME EVLER;sokak;86192
ARTVİN;YUSUFELİ;DEMİRKÖY - CANCAK;CANCAK KÜME EVLER;sokak;534095
ARTVİN;YUSUFELİ;DEMİRKÖY - ÇAYIRLI;ÇAYIRLI KÜME EVLER;sokak;376756
ARTVİN;YUSUFELİ;DEMİRKÖY - ÇAYIRLI (KAHLAR);ÇAYIRLI KAHLAR KÜME EVLER;sokak;526120
ARTVİN;YUSUFELİ;DEMİRKÖY - DEĞİRMENCİK;DEĞİRMENCİK KÜME EVLER;sokak;523261
ARTVİN;YUSUFELİ;DEMİRKÖY - EĞRİTAŞ;EĞRİTAŞ KÜME EVLER;sokak;533264
ARTVİN;YUSUFELİ;DEMİRKÖY - KİRAZLI;KİRAZLI KÜME EVLER;sokak;526140
ARTVİN;YUSUFELİ;DEMİRKÖY - KİRAZLI (YUKARI IRGUT);KİRAZLI YUKARI IRGUT KÜME EVLER;sokak;526155
ARTVİN;YUSUFELİ;DEMİRKÖY - KOLOGİL;KOLOGİL KÜME EVLER;sokak;523516
ARTVİN;YUSUFELİ;DEMİRKÖY - MUSAGİL;MUSAGİL KÜME EVLER;sokak;347719071
ARTVİN;YUSUFELİ;DEMİRKÖY - ORTA;ORTA KÜME EVLER;sokak;529453
ARTVİN;YUSUFELİ;DEMİRKÖY - PARHAT;PARHAT KÜME EVLER;sokak;135857
ARTVİN;YUSUFELİ;DEMİRKÖY - PINARLI;PINARLI KÜME EVLER;sokak;527110
ARTVİN;YUSUFELİ;DEMİRKÖY - PINARLI (KADIYET);PINAR KADIYET KÜME EVLER;sokak;531870
ARTVİN;YUSUFELİ;DEMİRKÖY - YEŞİLYURT;YEŞİLYURT KÜME EVLER;sokak;531534
ARTVİN;YUSUFELİ;DEMİRKÖY - YEŞİLYURT (KURTİKET);YEŞİLYURT KURKİKET KÜME EVLER;sokak;523071
ARTVİN;YUSUFELİ;DEMİRKÖY - YEŞİLYURT(AĞAGİL);YEŞİLİYURT AĞAGİL KÜME EVLER;sokak;293925
ARTVİN;YUSUFELİ;DEMİRKÖY - YONCALIK;YONCALIK KÜME EVLER;sokak;86532
ARTVİN;YUSUFELİ;DEREİÇİ - AŞAĞI;AŞAĞI KÜME EVLER;sokak;501190
ARTVİN;YUSUFELİ;DEREİÇİ - AŞAĞI VARMET( AŞAĞI ÇAĞLAR);AŞAĞI ÇAĞLAR KÜME EVLER;sokak;502087
ARTVİN;YUSUFELİ;DEREİÇİ - BAHTEV(DERECİK);DERECİK KÜME EVLER;sokak;503599
ARTVİN;YUSUFELİ;DEREİÇİ - BURAT(VERİMLİ);VERİMLİ KÜME EVLER;sokak;504497
ARTVİN;YUSUFELİ;DEREİÇİ - CALAT (GÖKCELER);GÖKCELER KÜME EVLER;sokak;507695
ARTVİN;YUSUFELİ;DEREİÇİ - DEREKAPI;DEREKAPI KÜME EVLER;sokak;505165
ARTVİN;YUSUFELİ;DEREİÇİ - GABANDİBİ;GABANDİBİ KÜME EVLER;sokak;506864
ARTVİN;YUSUFELİ;DEREİÇİ - İSRET(BAYINDIR);BAYINDIR KÜME EVLER;sokak;503598
ARTVİN;YUSUFELİ;DEREİÇİ - KERAT (YAPICI);YAPICI KÜME EVLER;sokak;503585
ARTVİN;YUSUFELİ;DEREİÇİ - KETKET (AKALAN);AKALAN KÜME EVLER;sokak;507149
ARTVİN;YUSUFELİ;DEREİÇİ - ORTA VARMET (ORTA ÇAĞLAR);ORTA ÇAĞLAR KÜME EVLER;sokak;503038
ARTVİN;YUSUFELİ;DEREİÇİ - SALBET;SALBET KÜME EVLER;sokak;116396
ARTVİN;YUSUFELİ;DEREİÇİ - SASEPEL (YENİCE);YENİCE KÜME EVLER;sokak;116406
ARTVİN;YUSUFELİ;DEREİÇİ - SEKU(TAŞLICA);TAŞLICA KÜME EVLER;sokak;503594
ARTVİN;YUSUFELİ;DEREİÇİ - YUKARI;YUKARI KÜME EVLER;sokak;353996
ARTVİN;YUSUFELİ;DEREİÇİ - YUKARI VARMET (YUKARI ÇAĞLAR);YUKARI ÇAĞLAR KÜME EVLER;sokak;513785
ARTVİN;YUSUFELİ;DOKUMACILAR - CAMİ;CAMİ KÜME EVLER;sokak;577574
ARTVİN;YUSUFELİ;DOKUMACILAR - CANISKALA;CANISKALA KÜME EVLER;sokak;574137
ARTVİN;YUSUFELİ;DOKUMACILAR - ÇUBUKLU;ÇUBUKLU KÜME EVLER;sokak;568595
ARTVİN;YUSUFELİ;DOKUMACILAR - GALDAMAK;GALDAMAK KÜME EVLER;sokak;581347
ARTVİN;YUSUFELİ;DOKUMACILAR - GÖLDERE;GÖLDERE KÜME EVLER;sokak;575443
ARTVİN;YUSUFELİ;DOKUMACILAR - GÖZECİK;GÖZECİK KÜME EVLER;sokak;282686
ARTVİN;YUSUFELİ;DOKUMACILAR - HİLDİSHAV;HİLDİSHAV KÜME EVLER;sokak;576749
ARTVİN;YUSUFELİ;DOKUMACILAR - KAYMAZ;KAYMAZ KÜME EVLER;sokak;571317
ARTVİN;YUSUFELİ;DOKUMACILAR - KAYNARCA;KAYNARCA KÜME EVLER;sokak;580230
ARTVİN;YUSUFELİ;DOKUMACILAR - KEDAS;KEDAS KÜME EVLER;sokak;580011
ARTVİN;YUSUFELİ;DOKUMACILAR - KOŞNAHAL;KOŞNAHAL KÜME EVLER;sokak;72901
ARTVİN;YUSUFELİ;DOKUMACILAR - LAZGİL;LAZGİL KÜME EVLER;sokak;579705
ARTVİN;YUSUFELİ;DOKUMACILAR - LELVAR;LELVAR KÜME EVLER;sokak;573270
ARTVİN;YUSUFELİ;DOKUMACILAR - NARCİVEL;NARCİVEL KÜME EVLER;sokak;582220
ARTVİN;YUSUFELİ;DOKUMACILAR - ORTAKLAR;ORTAKLAR KÜME EVLER;sokak;581256
ARTVİN;YUSUFELİ;DOKUMACILAR - RECEPGİL;RECEPGİL KÜME EVLER;sokak;577084
ARTVİN;YUSUFELİ;DOKUMACILAR - SAMİSAGARA;SAMİSAGARA KÜME EVLER;sokak;581350
ARTVİN;YUSUFELİ;DOKUMACILAR - ŞAVLAK;ŞAVLAK KÜME EVLER;sokak;580610
ARTVİN;YUSUFELİ;DOKUMACILAR - ŞÖTGET;ŞÖTGET KÜME EVLER;sokak;319671
ARTVİN;YUSUFELİ;DOKUMACILAR - TAŞBAŞI;TAŞBAŞI KÜME EVLER;sokak;573041
ARTVİN;YUSUFELİ;DOKUMACILAR - TEPE;TEPE KÜME EVLER;sokak;41882
ARTVİN;YUSUFELİ;DOKUMACILAR - VAÇGET;VAÇGET KÜME EVLER;sokak;581295
ARTVİN;YUSUFELİ;DOKUMACILAR - VEHLAN;VEHLAN KÜME EVLER;sokak;576763
ARTVİN;YUSUFELİ;DOKUMACILAR - YASSIKAYA;YASSIKAYA KÜME EVLER;sokak;579183
ARTVİN;YUSUFELİ;DOKUMACILAR - YUKARI KAYMAZ;YUKARI KAYMAZ KÜME EVLER;sokak;576474
ARTVİN;YUSUFELİ;ERDEMLER;AHALTLILAR CADDE;cadde;196371560
ARTVİN;YUSUFELİ;ERDEMLER;ERDEMLER KÜME EVLER;sokak;81613
ARTVİN;YUSUFELİ;ERDEMLER;ERDEMLİLER CADDE;cadde;342867810
ARTVİN;YUSUFELİ;ERDEMLER;M1 CADDE;cadde;828278741
ARTVİN;YUSUFELİ;ERDEMLER;M101 CADDE;cadde;522606271
ARTVİN;YUSUFELİ;ERDEMLER;S1 CADDE;cadde;633354000
ARTVİN;YUSUFELİ;ERDEMLER;S2 SOKAK;sokak;369237200
ARTVİN;YUSUFELİ;ERDEMLER;S3 CADDE;cadde;299264331
ARTVİN;YUSUFELİ;ERENKÖY - AKNEZOR;AKNEZOR KÜME EVLER;sokak;112127
ARTVİN;YUSUFELİ;ERENKÖY - ATAMAN;ATAMAN KÜME EVLER;sokak;587371
ARTVİN;YUSUFELİ;ERENKÖY - BAĞLIK;BAĞLIK KÜME EVLER;sokak;572408
ARTVİN;YUSUFELİ;ERENKÖY - BALCIGİL;BALCIGİL KÜME EVLER;sokak;579267
ARTVİN;YUSUFELİ;ERENKÖY - ÇAKMAK;ÇAKMAK KÜME EVLER;sokak;584560
ARTVİN;YUSUFELİ;ERENKÖY - ÇİLKOSET;ÇİLKOSET KÜME EVLER;sokak;587784
ARTVİN;YUSUFELİ;ERENKÖY - ESKİ CAMİ;ESKİ CAMİ KÜME EVLER;sokak;589522
ARTVİN;YUSUFELİ;ERENKÖY - GÜLOĞLU;GÜLOĞLU KÜME EVLER;sokak;572822
ARTVİN;YUSUFELİ;ERENKÖY - HACIGİL;HACIGİL KÜME EVLER;sokak;588704
ARTVİN;YUSUFELİ;ERENKÖY - HOTMARA;HOTMARA KÜME EVLER;sokak;579170
ARTVİN;YUSUFELİ;ERENKÖY - KAHRAMANGİL;KAHRAMANGİL KÜME EVLER;sokak;589517
ARTVİN;YUSUFELİ;ERENKÖY - KELEŞ;KELEŞ KÜME EVLER;sokak;588206
ARTVİN;YUSUFELİ;ERENKÖY - KIVRAK;KIVRAK KÜME EVLER;sokak;575793
ARTVİN;YUSUFELİ;ERENKÖY - KOCA AĞA (ŞİRİN);KOCA AĞA ŞİRİN KÜME EVLER;sokak;576811
ARTVİN;YUSUFELİ;ERENKÖY - ORTA CAMİ;ORTA CAMİ KÜME EVLER;sokak;578866
ARTVİN;YUSUFELİ;ERENKÖY - TARPOGİL;TARPOGİL KÜME EVLER;sokak;91128
ARTVİN;YUSUFELİ;ESENDAL - CORNAK;CORNAK KÜME EVLER;sokak;533653
ARTVİN;YUSUFELİ;ESENDAL - DEMİRCİGİL;DEMİRCİGİL KÜME EVLER;sokak;40851
ARTVİN;YUSUFELİ;ESENDAL - HACIGİL;ESENDAL KÜME EVLER;sokak;524374
ARTVİN;YUSUFELİ;ESENDAL - HINZIHOV;HINZIHOV KÜME EVLER;sokak;87462
ARTVİN;YUSUFELİ;ESENDAL - KATVANA;KATVANA KÜME EVLER;sokak;533759
ARTVİN;YUSUFELİ;ESENDAL - KIRMA;KIRMA KÜME EVLER;sokak;40922
ARTVİN;YUSUFELİ;ESENDAL - KOLORTA;KOLORTA KÜME EVLER;sokak;375013
ARTVİN;YUSUFELİ;ESENDAL - KONNİYET;KONNİYET KÜME EVLER;sokak;40806
ARTVİN;YUSUFELİ;ESENDAL - OGEÇA;OGEÇA KÜME EVLER;sokak;112623
ARTVİN;YUSUFELİ;ESENDAL - VAKE;VAKE KÜME EVLER;sokak;40608
ARTVİN;YUSUFELİ;ESENDAL - VERNEŞ;VERNEŞ KÜME EVLER;sokak;36448
ARTVİN;YUSUFELİ;ESENDAL - ZOYBAR;ZOYBAR KÜME EVLER;sokak;528021
ARTVİN;YUSUFELİ;ESENYAKA - BARIŞ (ÇUMAT);BARIŞ ÇUMAT KÜME EVLER;sokak;617812
ARTVİN;YUSUFELİ;ESENYAKA - BAYRAKTARGİL - VEYİSOĞLU;BAYRAKTARGİL VEYSİOĞLU KÜME EVLER;sokak;614927
ARTVİN;YUSUFELİ;ESENYAKA - BAYRAKTAROĞLU;BAYRAKTAROĞLU KÜME EVLER;sokak;615230
ARTVİN;YUSUFELİ;ESENYAKA - CAMİ VE İHTİYAROĞLU;CAMİ VE İHTİYAROĞLU KÜME EVLER;sokak;624606
ARTVİN;YUSUFELİ;ESENYAKA - ÇAVUŞGİL;ÇAVUŞGİL KÜME EVLER;sokak;606767
ARTVİN;YUSUFELİ;ESENYAKA - DİB;DİB KÜME EVLER;sokak;618813
ARTVİN;YUSUFELİ;ESENYAKA - KARACAOĞLAN ( POLİSTAV);KARACAOĞLAN POLİSTAV KÜME EVLER;sokak;612437
ARTVİN;YUSUFELİ;ESENYAKA - KEREMOĞLU;KEREMOĞLU KÜME EVLER;sokak;90078
ARTVİN;YUSUFELİ;ESENYAKA - KÖPRÜBAŞI;KÖPRÜBAŞI KÜME EVLER;sokak;28436
ARTVİN;YUSUFELİ;ESENYAKA - KUZEY;KUZEY KÜME EVLER;sokak;612957
ARTVİN;YUSUFELİ;ESENYAKA - KUZEY (BABUTOĞLU);KUZEY BABUTOĞLU KÜME EVLER;sokak;609980
ARTVİN;YUSUFELİ;ESENYAKA - MERKEZ;MERKEZ KÜME EVLER;sokak;600347
ARTVİN;YUSUFELİ;ESENYAKA - SIRT;SIRT KÜME EVLER;sokak;606994
ARTVİN;YUSUFELİ;ESENYAKA - ŞATIROĞLU;ŞATIROĞLU KÜME EVLER;sokak;612042
ARTVİN;YUSUFELİ;ESENYAKA - VANAT-GEDEVNET-LAŞET;VANAT GEDEVET LAŞET KÜME EVLER;sokak;613309
ARTVİN;YUSUFELİ;ESENYAKA - YOKUŞBAŞI (NAHNEP);YOKUŞBAŞI NAHNEP KÜME EVLER;sokak;625099
ARTVİN;YUSUFELİ;ESENYAKA - YONCALIK (KOT- NATELT);YONCALI KOT NATELT KÜME EVLER;sokak;612465
ARTVİN;YUSUFELİ;ESENYAKA - YUVACIK ( MANTAGARA);YUVACIK MANTAGARA KÜME EVLER;sokak;616463
ARTVİN;YUSUFELİ;GÜMÜŞÖZÜ - ÇUKUR;ÇUKUR KÜME EVLER;sokak;667494
ARTVİN;YUSUFELİ;GÜMÜŞÖZÜ - KAĞLIK;KAĞLIK KÜME EVLER;sokak;671839
ARTVİN;YUSUFELİ;GÜMÜŞÖZÜ - MERKEZ;MERKEZ KÜME EVLER;sokak;676894
ARTVİN;YUSUFELİ;GÜNYAYLA - BAĞLIK;BAĞLIK KÜME EVLER;sokak;326938
ARTVİN;YUSUFELİ;GÜNYAYLA - EKUTER;EKUTER KÜME EVLER;sokak;553481
ARTVİN;YUSUFELİ;GÜNYAYLA - GEZLOR;GEZLOR KÜME EVLER;sokak;553561
ARTVİN;YUSUFELİ;GÜNYAYLA - GOCOĞET;COCOĞET KÜME EVLER;sokak;555290
ARTVİN;YUSUFELİ;GÜNYAYLA - KİRTİYİT;KİRTİYİT KÜME EVLER;sokak;307516
ARTVİN;YUSUFELİ;GÜNYAYLA - LUKASET;LUKASET KÜME EVLER;sokak;554813
ARTVİN;YUSUFELİ;GÜNYAYLA - MERKEZ;MERKEZ KÜME EVLER;sokak;546273
ARTVİN;YUSUFELİ;GÜNYAYLA - SANİKOR;SANİKOR KÜME EVLER;sokak;35414
ARTVİN;YUSUFELİ;GÜNYAYLA - TAHNAGARA;TAHNAGARA KÜME EVLER;sokak;307113
ARTVİN;YUSUFELİ;HAVUZLU - AHALT;AHALT KÜME EVLER;sokak;116490
ARTVİN;YUSUFELİ;HAVUZLU - AŞAĞI;AŞAĞI KÜME EVLER;sokak;521720
ARTVİN;YUSUFELİ;HAVUZLU - CARKANA;CARKANA KÜME EVLER;sokak;116499
ARTVİN;YUSUFELİ;HAVUZLU - HATAGARA;HATAGARA KÜME EVLER;sokak;518163
ARTVİN;YUSUFELİ;HAVUZLU - ORTA;ORTA KÜME EVLER;sokak;116657
ARTVİN;YUSUFELİ;HAVUZLU - PUSAGARA;PUSAGARA KÜME EVLER;sokak;520969
ARTVİN;YUSUFELİ;HAVUZLU - SAATOL;SAATOL KÜME EVLER;sokak;518260
ARTVİN;YUSUFELİ;HAVUZLU - YUKARI;YUKARI KÜME EVLER;sokak;520918
ARTVİN;YUSUFELİ;IRMAKYANI - ADA;ADA KÜME EVLER;sokak;520545
ARTVİN;YUSUFELİ;IRMAKYANI - BODURLAR;BODURLAR KÜME EVLER;sokak;519407
ARTVİN;YUSUFELİ;IRMAKYANI - CİNAGARA;CİNAGARA KÜME EVLER;sokak;510489
ARTVİN;YUSUFELİ;IRMAKYANI - CİNAGARA;M100 KÜME EVLER;sokak;180229620
ARTVİN;YUSUFELİ;IRMAKYANI - CİNAGARA;M2 KÜME EVLER;sokak;318784400
ARTVİN;YUSUFELİ;IRMAKYANI - CİNAGARA;M3 KÜME EVLER;sokak;811727770
ARTVİN;YUSUFELİ;IRMAKYANI - ESENTEPE;ESENTEPE KÜME EVLER;sokak;510460
ARTVİN;YUSUFELİ;IRMAKYANI - İKİZKAYA;İKİZKAYA KÜME EVLER;sokak;513896
ARTVİN;YUSUFELİ;IRMAKYANI - KÖPRÜBAŞI;KÖPRÜBAŞI KÜME EVLER;sokak;511676
ARTVİN;YUSUFELİ;IRMAKYANI - PAŞALAR;PAŞALAR KÜME EVLER;sokak;508486
ARTVİN;YUSUFELİ;IRMAKYANI - TAŞBAŞI;TAŞBAŞI KÜME EVLER;sokak;511683
ARTVİN;YUSUFELİ;IRMAKYANI - ZANGELLER;ZANGELLER KÜME EVLER;sokak;520562
ARTVİN;YUSUFELİ;İNANLI - MERKEZ;MERKEZ KÜME EVLER;sokak;174156
ARTVİN;YUSUFELİ;İŞHAN - AĞAGİL;AĞAGİL KÜME EVLER;sokak;686051
ARTVİN;YUSUFELİ;İŞHAN - ALLOS;ALLOS KÜME EVLER;sokak;692857
ARTVİN;YUSUFELİ;İŞHAN - ARAPGİL;ARAPGİL KÜME EVLER;sokak;680711
ARTVİN;YUSUFELİ;İŞHAN - AŞAĞI MİSUR;AŞAĞI MİSUR KÜME EVLER;sokak;37731
ARTVİN;YUSUFELİ;İŞHAN - AVREK;AVREK KÜME EVLER;sokak;21761
ARTVİN;YUSUFELİ;İŞHAN - AVRES;AVRES KÜME EVLER;sokak;98971
ARTVİN;YUSUFELİ;İŞHAN - BAÇUT;BAÇUT KÜME EVLER;sokak;350891
ARTVİN;YUSUFELİ;İŞHAN - CAMİ;CAMİ KÜME EVLER;sokak;684228
ARTVİN;YUSUFELİ;İŞHAN - ÇARŞI;ÇARŞI KÜME EVLER;sokak;687349
ARTVİN;YUSUFELİ;İŞHAN - ÇUKUR;ÇUKUR KÜME EVLER;sokak;444665
ARTVİN;YUSUFELİ;İŞHAN - DARNUÇ;DARNUÇ KÜME EVLER;sokak;26739
ARTVİN;YUSUFELİ;İŞHAN - DEDEHAL;DEDEHAL KÜME EVLER;sokak;100083
ARTVİN;YUSUFELİ;İŞHAN - DERE;DERE KÜME EVLER;sokak;682684
ARTVİN;YUSUFELİ;İŞHAN - EYGAR;EYGAR KÜME EVLER;sokak;239250
ARTVİN;YUSUFELİ;İŞHAN - GEVLET;GEVLET KÜME EVLER;sokak;21763
ARTVİN;YUSUFELİ;İŞHAN - İSPANDİK;İSPANDİK KÜME EVLER;sokak;106108
ARTVİN;YUSUFELİ;İŞHAN - KURTGİL;KURTGİL KÜME EVLER;sokak;685785
ARTVİN;YUSUFELİ;İŞHAN - MEREKLER;MEREKLER KÜME EVLER;sokak;21762
ARTVİN;YUSUFELİ;İŞHAN - PAMUKLUK;1 NOLU SOKAK;sokak;24393902
ARTVİN;YUSUFELİ;İŞHAN - PAMUKLUK;2 NOLU SOKAK;sokak;620064320
ARTVİN;YUSUFELİ;İŞHAN - PAMUKLUK;3 NOLU SOKAK;sokak;521565020
ARTVİN;YUSUFELİ;İŞHAN - PAMUKLUK;4 NOLU SOKAK;sokak;174094590
ARTVİN;YUSUFELİ;İŞHAN - PAMUKLUK;5 NOLU SOKAK;sokak;32991929
ARTVİN;YUSUFELİ;İŞHAN - PAMUKLUK;6 NOLU SOKAK;sokak;62009238
ARTVİN;YUSUFELİ;İŞHAN - PAMUKLUK;7 NOLU SOKAK;sokak;353749820
ARTVİN;YUSUFELİ;İŞHAN - PAMUKLUK;8 NOLU SOKAK;sokak;833403560
ARTVİN;YUSUFELİ;İŞHAN - PAMUKLUK;PAMUKLUK KÜME EVLER;sokak;392567
ARTVİN;YUSUFELİ;İŞHAN - SIRT;SIRT KÜME EVLER;sokak;389331
ARTVİN;YUSUFELİ;İŞHAN - SUBABARA;SUBABARA KÜME EVLER;sokak;688367
ARTVİN;YUSUFELİ;İŞHAN - SUHPEÇ;SUHPEÇ KÜME EVLER;sokak;682924
ARTVİN;YUSUFELİ;İŞHAN - TAŞKENT;TAŞKENT KÜME EVLER;sokak;105521
ARTVİN;YUSUFELİ;İŞHAN - URUMGİL;URUMGİL KÜME EVLER;sokak;680910
ARTVİN;YUSUFELİ;İŞHAN - YAYIGİL;YAYIGİL KÜME EVLER;sokak;683744
ARTVİN;YUSUFELİ;İŞHAN - YUKARI MISUR;YUKARI MİSUR KÜME EVLER;sokak;692858
ARTVİN;YUSUFELİ;KAÇKAR;BELEDIYE MECLISI SOKAK;sokak;616844110
ARTVİN;YUSUFELİ;KAÇKAR;FARUK ÇELİK CADDE;cadde;324332291
ARTVİN;YUSUFELİ;KAÇKAR;KAZIM KARABEKİR2 CADDE;cadde;409261231
ARTVİN;YUSUFELİ;KAÇKAR;MEHMET AKIF ERSOY CADDE;cadde;471737781
ARTVİN;YUSUFELİ;KAÇKAR;PROF DR NECMETTIN ERBAKAN CADDE;cadde;922721451
ARTVİN;YUSUFELİ;KAÇKAR;ŞEHIT AYKUT KÖROĞLU SOKAK;sokak;343241291
ARTVİN;YUSUFELİ;KAÇKAR;ŞEHIT ER AHMET EYZAMAN SOKAK;sokak;315582990
ARTVİN;YUSUFELİ;KAÇKAR;ŞEHIT ER CUMHUR ÖZEN SOKAK;sokak;428773321
ARTVİN;YUSUFELİ;KAÇKAR;ŞEHIT ER MUAMMER ERGEN SOKAK;sokak;368352541
ARTVİN;YUSUFELİ;KAÇKAR;ŞEHIT ER MUSTAFA KAHVECİ SOKAK;sokak;292383830
ARTVİN;YUSUFELİ;KAÇKAR;ŞEHIT ER RECEP GÜLTAŞ SOKAK;sokak;195048441
ARTVİN;YUSUFELİ;KAÇKAR;ŞEHIT MUVAZZAF ASTSUBAY ERSIN ÇAKAL SOKAK;sokak;927090211
ARTVİN;YUSUFELİ;KAÇKAR;ŞEHIT MUVAZZAF ASTSUBAY RAMAZAN KALYONCU SOKAK;sokak;454339760
ARTVİN;YUSUFELİ;KAÇKAR;ŞEHIT ONBAŞI SONER ATEŞSAÇAN SOKAK;sokak;291287661
ARTVİN;YUSUFELİ;KAÇKAR;ŞEHIT ONBAŞI TAMER POLAT SOKAK;sokak;549934310
ARTVİN;YUSUFELİ;KAÇKAR;ŞEHIT PÖH ZEYNEP SAĞIR SOKAK;sokak;709812121
ARTVİN;YUSUFELİ;KAÇKAR;ŞEHIT ÜST TEĞMEN AYKUT KÖROĞLU SOKAK;sokak;446724260
ARTVİN;YUSUFELİ;KAÇKAR;YD CADDE;cadde;599943921
ARTVİN;YUSUFELİ;KILIÇKAYA - MERKEZ;ALI OSMAN SOKAK;sokak;28252
ARTVİN;YUSUFELİ;KILIÇKAYA - MERKEZ;ALİ OSMAN ERGÜLER SOKAK;sokak;401620420
ARTVİN;YUSUFELİ;KILIÇKAYA - MERKEZ;ARKUN HES SAHASI SOKAK;sokak;938266
ARTVİN;YUSUFELİ;KILIÇKAYA - MERKEZ;AŞAĞI MEZRA-1 KÜME EVLER;sokak;824160
ARTVİN;YUSUFELİ;KILIÇKAYA - MERKEZ;AŞAĞI MEZRA-2 SOKAK;sokak;825360
ARTVİN;YUSUFELİ;KILIÇKAYA - MERKEZ;BAYRAKTAR CİZİLMEMİŞ SOKAK;sokak;81638
ARTVİN;YUSUFELİ;KILIÇKAYA - MERKEZ;BAYRAKTAR SOKAK;sokak;541604941
ARTVİN;YUSUFELİ;KILIÇKAYA - MERKEZ;BİLİNMEYEN KÜME EVLER;sokak;240264780
ARTVİN;YUSUFELİ;KILIÇKAYA - MERKEZ;CEZNAR SOKAK;sokak;234073230
ARTVİN;YUSUFELİ;KILIÇKAYA - MERKEZ;CİCİOĞLU SOKAK;sokak;765072431
ARTVİN;YUSUFELİ;KILIÇKAYA - MERKEZ;CİCİOĞLU-1 SOKAK;sokak;649346491
ARTVİN;YUSUFELİ;KILIÇKAYA - MERKEZ;CURAT SOKAK;sokak;24106
ARTVİN;YUSUFELİ;KILIÇKAYA - MERKEZ;DR.MİMAR KADİR TOPBAŞ SOKAK;sokak;225309681
ARTVİN;YUSUFELİ;KILIÇKAYA - MERKEZ;GENÇLER SOKAK;sokak;246368621
ARTVİN;YUSUFELİ;KILIÇKAYA - MERKEZ;GENÇLER- SOKAK;sokak;81634
ARTVİN;YUSUFELİ;KILIÇKAYA - MERKEZ;GÖLLÜ MEZRA KÜME EVLER;sokak;632010
ARTVİN;YUSUFELİ;KILIÇKAYA - MERKEZ;HASAN ZÖHRE PEHLİVAN SOKAK;sokak;956303
ARTVİN;YUSUFELİ;KILIÇKAYA - MERKEZ;HİKMET KÖKSAL 1 SOKAK;sokak;796531010
ARTVİN;YUSUFELİ;KILIÇKAYA - MERKEZ;KIŞLA SOKAK;sokak;81636
ARTVİN;YUSUFELİ;KILIÇKAYA - MERKEZ;KIŞLA-1 SOKAK;sokak;459794731
ARTVİN;YUSUFELİ;KILIÇKAYA - MERKEZ;KIŞLA-2 SOKAK;sokak;943221041
ARTVİN;YUSUFELİ;KILIÇKAYA - MERKEZ;KOP SOKAK;sokak;645863810
ARTVİN;YUSUFELİ;KILIÇKAYA - MERKEZ;MEHTAP SOKAK;sokak;81642
ARTVİN;YUSUFELİ;KILIÇKAYA - MERKEZ;MEHTAP-1 SOKAK;sokak;629642
ARTVİN;YUSUFELİ;KILIÇKAYA - MERKEZ;MUSTAFA KURU SOKAK;sokak;392011161
ARTVİN;YUSUFELİ;KILIÇKAYA - MERKEZ;MUSTAFA KURU_1 SOKAK;sokak;28258
ARTVİN;YUSUFELİ;KILIÇKAYA - MERKEZ;ORG.HİKMET KÖKSAL SOKAK;sokak;433742710
ARTVİN;YUSUFELİ;KILIÇKAYA - MERKEZ;ORG.HİKMET KÖKSAL- SOKAK;sokak;81637
ARTVİN;YUSUFELİ;KILIÇKAYA - MERKEZ;RIFAT KOÇAK 1 SOKAK;sokak;491608800
ARTVİN;YUSUFELİ;KILIÇKAYA - MERKEZ;RIFAT KOÇAK SOKAK;sokak;247784251
ARTVİN;YUSUFELİ;KILIÇKAYA - MERKEZ;SAĞLIK SOKAK;sokak;260280
ARTVİN;YUSUFELİ;KILIÇKAYA - MERKEZ;SELAHATTİN TURHAN 1 SOKAK;sokak;639812031
ARTVİN;YUSUFELİ;KILIÇKAYA - MERKEZ;SELAHATTİN TURHAN 2 SOKAK;sokak;649252170
ARTVİN;YUSUFELİ;KILIÇKAYA - MERKEZ;SELAHATTİN TURHAN SOKAK;sokak;572366551
ARTVİN;YUSUFELİ;KILIÇKAYA - MERKEZ;SÖLVEREK SOKAK;sokak;600721701
ARTVİN;YUSUFELİ;KILIÇKAYA - MERKEZ;ŞEHİT ALBAY CEVAT ERTEN SOKAK;sokak;566772
ARTVİN;YUSUFELİ;KILIÇKAYA - MERKEZ;ŞEHİT POLİS MUSTAFA SEMERCİ 1 SOKAK;sokak;632371011
ARTVİN;YUSUFELİ;KILIÇKAYA - MERKEZ;ŞEHİT POLİS MUSTAFA SEMERCİ SOKAK;sokak;357539530
ARTVİN;YUSUFELİ;KILIÇKAYA - MERKEZ;ŞEHİT UZM. ÇVŞ MUAMMER TAMAS-1 SOKAK;sokak;536242431
ARTVİN;YUSUFELİ;KILIÇKAYA - MERKEZ;ŞHT.UZM.ÇVŞ.MUAMMER TAMAS SOKAK;sokak;372330871
ARTVİN;YUSUFELİ;KILIÇKAYA - MERKEZ;TUNCAY ÖZASLAN SOKAK;sokak;339376730
ARTVİN;YUSUFELİ;KILIÇKAYA - MERKEZ;TÜNCAY ÖZASLAN SOKAK;sokak;81632
ARTVİN;YUSUFELİ;KILIÇKAYA - MERKEZ;UFUK SOKAK;sokak;897574391
ARTVİN;YUSUFELİ;KILIÇKAYA - MERKEZ;YAĞMURALAN SOKAK;sokak;352455540
ARTVİN;YUSUFELİ;KILIÇKAYA - MERKEZ;YASIN PEHLEVAN SOKAK;sokak;390263
ARTVİN;YUSUFELİ;KILIÇKAYA - MERKEZ;YASİN PEHLİVAN SOKAK;sokak;537926101
ARTVİN;YUSUFELİ;KILIÇKAYA - MERKEZ;YAŞAR BABACAN SOKAK;sokak;617975770
ARTVİN;YUSUFELİ;KILIÇKAYA - MERKEZ;YAŞAR BABACAN- SOKAK;sokak;622601
ARTVİN;YUSUFELİ;KINALIÇAM - BAĞLAR;BAĞLAR KÜME EVLER;sokak;539510
ARTVİN;YUSUFELİ;KINALIÇAM - GÖRGÜLÜ;GÖRGÜLÜ KÜME EVLER;sokak;536696
ARTVİN;YUSUFELİ;KINALIÇAM - KARMUSÖR;KARMUSÖR KÜME EVLER;sokak;115848
ARTVİN;YUSUFELİ;KİRAZALAN - ÇALIŞKANLAR;ÇALIŞKANLAR KÜME EVLER;sokak;658621
ARTVİN;YUSUFELİ;KİRAZALAN - DEREİÇİ;DEREİÇİ KÜME EVLER;sokak;658622
ARTVİN;YUSUFELİ;KİRAZALAN - DİDVAKE;DİDVAKE KÜME EVLER;sokak;657161
ARTVİN;YUSUFELİ;KİRAZALAN - KAYMAKLI;KAYMAKLI KÜME EVLER;sokak;658619
ARTVİN;YUSUFELİ;KİRAZALAN - UCAR;UCAR KÜME EVLER;sokak;656419
ARTVİN;YUSUFELİ;KÖMÜRLÜ - AHUT;AHUT KÜME EVLER;sokak;523575
ARTVİN;YUSUFELİ;KÖMÜRLÜ - ASKENT;ASKENT KÜME EVLER;sokak;232059091
ARTVİN;YUSUFELİ;KÖMÜRLÜ - ASLANOBA(GETHANE);ASLANOBA GETHANE KÜME EVLER;sokak;523614
ARTVİN;YUSUFELİ;KÖMÜRLÜ - AŞAĞI;AŞAĞI KÜME EVLER;sokak;535443
ARTVİN;YUSUFELİ;KÖMÜRLÜ - ATAN(COGARA);ATAN COGARA KÜME EVLER;sokak;458058841
ARTVİN;YUSUFELİ;KÖMÜRLÜ - CİSELET;CİSELET KÜME EVLER;sokak;714139750
ARTVİN;YUSUFELİ;KÖMÜRLÜ - DARTAV;DARTAV KÜME EVLER;sokak;226959281
ARTVİN;YUSUFELİ;KÖMÜRLÜ - HANTAL;HANTAL KÜME EVLER;sokak;808317200
ARTVİN;YUSUFELİ;KÖMÜRLÜ - İNCETEPE;İNCETEPE KÜME EVLER;sokak;532482
ARTVİN;YUSUFELİ;KÖMÜRLÜ - KAMNEGARA;KAMNEGARA KÜME EVLER;sokak;526239981
ARTVİN;YUSUFELİ;KÖMÜRLÜ - MISTAFAGİL;MISTAFAGİL KÜME EVLER;sokak;531904
ARTVİN;YUSUFELİ;KÖMÜRLÜ - SETHET;SETHET KÜME EVLER;sokak;507983470
ARTVİN;YUSUFELİ;KÖMÜRLÜ - SÜTLÜPINAR(CANİYET);SÜTLÜPINAR CANİYET KÜME EVLER;sokak;528890
ARTVİN;YUSUFELİ;KÖPRÜGÖREN - CAMİ;CAMİ KÜME EVLER;sokak;608402
ARTVİN;YUSUFELİ;KÖPRÜGÖREN - ÇARŞI;ÇARŞI KÜME EVLER;sokak;603856
ARTVİN;YUSUFELİ;KÖPRÜGÖREN - KARZEL;KARZEL KÜME EVLER;sokak;600919
ARTVİN;YUSUFELİ;KÖPRÜGÖREN - KIR;KIR KÜME EVLER;sokak;85248
ARTVİN;YUSUFELİ;KÖPRÜGÖREN - KÖYBAŞI;KÖYBAŞI KÜME EVLER;sokak;605875
ARTVİN;YUSUFELİ;KÖPRÜGÖREN - ORTA;ORTA KÜME EVLER;sokak;609130
ARTVİN;YUSUFELİ;KÜPLÜCE - BAŞ;BAŞ KÜME EVLER;sokak;524372
ARTVİN;YUSUFELİ;KÜPLÜCE - CAMİ;CAMİ KÜME EVLER;sokak;524365
ARTVİN;YUSUFELİ;KÜPLÜCE - DUTDERE;DUTDERE KÜME EVLER;sokak;763621
ARTVİN;YUSUFELİ;KÜPLÜCE - KARAYİĞİT;KARAYİĞİT KÜME EVLER;sokak;116990
ARTVİN;YUSUFELİ;KÜPLÜCE - MERKEZ;MERKEZ KÜME EVLER;sokak;535981
ARTVİN;YUSUFELİ;KÜPLÜCE - ORMANDİBİ;ORMANDİBİ KÜME EVLER;sokak;535100
ARTVİN;YUSUFELİ;KÜPLÜCE - ORTA;ORTA KÜME EVLER;sokak;533642
ARTVİN;YUSUFELİ;KÜPLÜCE - PINARLI;PINARLI KÜME EVLER;sokak;516039
ARTVİN;YUSUFELİ;KÜPLÜCE - PİKALTAY;PİKALTAY KÜME EVLER;sokak;518630
ARTVİN;YUSUFELİ;KÜPLÜCE - POSO;POSO KÜME EVLER;sokak;528853
ARTVİN;YUSUFELİ;KÜPLÜCE - PUÇ;PUÇ KÜME EVLER;sokak;533632
ARTVİN;YUSUFELİ;KÜPLÜCE - SALKANA;SALKANA KÜME EVLER;sokak;529304
ARTVİN;YUSUFELİ;KÜPLÜCE - SARGÜLE;SARGÜLE KÜME EVLER;sokak;526649
ARTVİN;YUSUFELİ;KÜPLÜCE - SERİNTEPE;SERİNTEPE KÜME EVLER;sokak;519939
ARTVİN;YUSUFELİ;KÜPLÜCE - YARBAŞI;YARBAŞI KÜME EVLER;sokak;533637
ARTVİN;YUSUFELİ;LİVANE;AHALT CADDE;cadde;392037731
ARTVİN;YUSUFELİ;LİVANE;ALİ ARSLAN SOKAK;sokak;1050568
ARTVİN;YUSUFELİ;LİVANE;ALİ ERBAŞ KÜME EVLER;sokak;81627
ARTVİN;YUSUFELİ;LİVANE;ARIKLI KÜME EVLER;sokak;568698
ARTVİN;YUSUFELİ;LİVANE;ARTVİN CADDE;cadde;81614
ARTVİN;YUSUFELİ;LİVANE;ATÖLYECİLER CADDE;cadde;917027
ARTVİN;YUSUFELİ;LİVANE;BAĞÖZÜ KÜME EVLER;sokak;557819
ARTVİN;YUSUFELİ;LİVANE;BELEDİYE SOKAK;sokak;1050590
ARTVİN;YUSUFELİ;LİVANE;BİLİNMEYEN 2 SOKAK;sokak;275843171
ARTVİN;YUSUFELİ;LİVANE;CEMİL GÜNGÖR SOKAK;sokak;1050594
ARTVİN;YUSUFELİ;LİVANE;ÇAKALOĞLU KÜME EVLER;sokak;390261
ARTVİN;YUSUFELİ;LİVANE;ÇAKALOĞLU1 SOKAK;sokak;626242420
ARTVİN;YUSUFELİ;LİVANE;ÇAKALOĞLU4 CADDE;cadde;368414761
ARTVİN;YUSUFELİ;LİVANE;ÇARKI DERE KÜME EVLER;sokak;81628
ARTVİN;YUSUFELİ;LİVANE;ÇORUH CADDE;cadde;81618
ARTVİN;YUSUFELİ;LİVANE;D1 CADDE;cadde;442233941
ARTVİN;YUSUFELİ;LİVANE;DEMİRÇUBUK KÜME EVLER;sokak;568699
ARTVİN;YUSUFELİ;LİVANE;ENVER PAŞA CADDE;cadde;81630
ARTVİN;YUSUFELİ;LİVANE;ERKINISLI LÜTFİHOCA SOKAK;sokak;466054571
ARTVİN;YUSUFELİ;LİVANE;ERSİS CADDE;cadde;81619
ARTVİN;YUSUFELİ;LİVANE;FATIH SULTAN MEHMET CADDE;cadde;810452391
ARTVİN;YUSUFELİ;LİVANE;FEVZİ ÇAKMAK CADDE;cadde;81629
ARTVİN;YUSUFELİ;LİVANE;GÜL SOKAK;sokak;81625
ARTVİN;YUSUFELİ;LİVANE;HALİT PAŞA CADDE;cadde;81620
ARTVİN;YUSUFELİ;LİVANE;HALK EĞİTİM SOKAK;sokak;1050596
ARTVİN;YUSUFELİ;LİVANE;HASANAĞA KÜME EVLER;sokak;81615
ARTVİN;YUSUFELİ;LİVANE;HASTANE CADDE;cadde;81621
ARTVİN;YUSUFELİ;LİVANE;HASTANE1 SOKAK;sokak;323077611
ARTVİN;YUSUFELİ;LİVANE;İNÖNÜ CADDE;cadde;492331
ARTVİN;YUSUFELİ;LİVANE;KANANET CADDE;cadde;190377951
ARTVİN;YUSUFELİ;LİVANE;KAZAHORA CADDE;cadde;291892221
ARTVİN;YUSUFELİ;LİVANE;KAZIM KARABEKİR KÜME EVLER;sokak;81616
ARTVİN;YUSUFELİ;LİVANE;KOLİK CADDE;cadde;645218831
ARTVİN;YUSUFELİ;LİVANE;KOLİK1 SOKAK;sokak;266221001
ARTVİN;YUSUFELİ;LİVANE;MEHMETÇİK SOKAK;sokak;81622
ARTVİN;YUSUFELİ;LİVANE;MUSTAFA KEMAL ATATÜRK CADDE;cadde;329594701
ARTVİN;YUSUFELİ;LİVANE;MUSTAFA KEMAL CADDE;cadde;81623
ARTVİN;YUSUFELİ;LİVANE;NEHIR SOKAK;sokak;238663121
ARTVİN;YUSUFELİ;LİVANE;ÖMER ERBAŞ SOKAK;sokak;1050580
ARTVİN;YUSUFELİ;LİVANE;SANAYİ CADDE;cadde;917026
ARTVİN;YUSUFELİ;LİVANE;SARIGÖL CADDE;cadde;81624
ARTVİN;YUSUFELİ;LİVANE;SARIGÖL1 CADDE;cadde;291741821
ARTVİN;YUSUFELİ;LİVANE;SERİNDERE KÜME EVLER;sokak;554102
ARTVİN;YUSUFELİ;LİVANE;SN1 SOKAK;sokak;527034931
ARTVİN;YUSUFELİ;LİVANE;SN2 SOKAK;sokak;213285391
ARTVİN;YUSUFELİ;LİVANE;SN3 SOKAK;sokak;487575611
ARTVİN;YUSUFELİ;LİVANE;SN4 SOKAK;sokak;220151351
ARTVİN;YUSUFELİ;LİVANE;SN5 SOKAK;sokak;425385611
ARTVİN;YUSUFELİ;LİVANE;ŞEHIR ERBAŞ CENGIZ POYRAZ CADDE;cadde;791244591
ARTVİN;YUSUFELİ;LİVANE;ŞEHIT ALBAY CEVAT ERTEN SOKAK;sokak;465363891
ARTVİN;YUSUFELİ;LİVANE;ŞEHIT ER CEVDET ÜNEŞ SOKAK;sokak;570833051
ARTVİN;YUSUFELİ;LİVANE;ŞEHIT ER KADIR ÇAVUŞOĞLU SOKAK;sokak;639006091
ARTVİN;YUSUFELİ;LİVANE;ŞEHIT ER MEHMET EĞİLMEZ SOKAK;sokak;930617941
ARTVİN;YUSUFELİ;LİVANE;ŞEHIT ER MUSTAFA ÇINAR SOKAK;sokak;323968061
ARTVİN;YUSUFELİ;LİVANE;ŞEHIT POLIS MUSTAFA SEMERCİ SOKAK;sokak;867365681
ARTVİN;YUSUFELİ;LİVANE;ŞEHIT UZMAN ÇAVUŞ MUAMMER TAMAS SOKAK;sokak;342973411
ARTVİN;YUSUFELİ;LİVANE;ŞEHIT UZMAN ÇAVUŞ ORHAN BOZ SOKAK;sokak;867939651
ARTVİN;YUSUFELİ;LİVANE;ŞEHİT DAVUT POLAT SOKAK;sokak;917030
ARTVİN;YUSUFELİ;LİVANE;ŞEHİT MUAMMER ERGEN SOKAK;sokak;390260
ARTVİN;YUSUFELİ;LİVANE;ŞEHİT MUAMMER TAMAS SOKAK;sokak;917022
ARTVİN;YUSUFELİ;LİVANE;ŞEHİT MÜSLİM TUNÇİ SOKAK;sokak;917024
ARTVİN;YUSUFELİ;LİVANE;ŞEHİT ORHANBOZ SOKAK;sokak;81626
ARTVİN;YUSUFELİ;LİVANE;ŞEHİT TAMER POLAT SOKAK;sokak;917029
ARTVİN;YUSUFELİ;LİVANE;ŞERAFETTİN USLU SOKAK;sokak;1050574
ARTVİN;YUSUFELİ;LİVANE;ŞHT.MURAT İSPİRLİ 1 SOKAK;sokak;575584620
ARTVİN;YUSUFELİ;LİVANE;ŞHT.MURAT İSPİRLİ CADDE;cadde;879339820
ARTVİN;YUSUFELİ;LİVANE;VECANGET CADDE;cadde;180166341
ARTVİN;YUSUFELİ;MEŞECİK NA;1NOLU SOKAK;sokak;562359710
ARTVİN;YUSUFELİ;MEŞECİK NA;2NOLU SOKAK;sokak;860648050
ARTVİN;YUSUFELİ;MEŞECİK NA;3NOLU SOKAK;sokak;611443090
ARTVİN;YUSUFELİ;MEŞECİK NA;4NOLU SOKAK;sokak;192664510
ARTVİN;YUSUFELİ;MEŞECİK NA;5NOLU SOKAK;sokak;161772140
ARTVİN;YUSUFELİ;MEŞECİK NA;6NOLU SOKAK;sokak;132198780
ARTVİN;YUSUFELİ;MEŞECİK NA;7NOLU SOKAK;sokak;722090340
ARTVİN;YUSUFELİ;MEŞECİK NA;8NOLU SOKAK;sokak;264786850
ARTVİN;YUSUFELİ;MEŞECİK NA;9NOLU SOKAK;sokak;361965660
ARTVİN;YUSUFELİ;MEŞECİK NA;MEŞECİK KÜME EVLER;sokak;627652
ARTVİN;YUSUFELİ;MORKAYA - DEREBAŞI;DEREBAŞI KÜME EVLER;sokak;649654
ARTVİN;YUSUFELİ;MORKAYA - KUZEY;KUZEY KÜME EVLER;sokak;640060
ARTVİN;YUSUFELİ;MORKAYA - ORTA;ORTA KÜME EVLER;sokak;644370
ARTVİN;YUSUFELİ;MORKAYA - VİNK BAĞLIĞI;VİNK BALIĞI KÜME EVLER;sokak;649394
ARTVİN;YUSUFELİ;MUTLUGÜN - BAŞKERET;BAŞKERET KÜME EVLER;sokak;595963
ARTVİN;YUSUFELİ;MUTLUGÜN - ÇAYAĞZI;ÇAYAĞZI KÜME EVLER;sokak;36331
ARTVİN;YUSUFELİ;MUTLUGÜN - GEDİKLİ TAŞ;GEDİKLİ TAŞ KÜME EVLER;sokak;589853
ARTVİN;YUSUFELİ;MUTLUGÜN - GÖKÇESU;GÖKÇESU KÜME EVLER;sokak;584821
ARTVİN;YUSUFELİ;MUTLUGÜN - HASET;HASET KÜME EVLER;sokak;596365
ARTVİN;YUSUFELİ;MUTLUGÜN - MERKEZ;MERKEZ KÜME EVLER;sokak;578931
ARTVİN;YUSUFELİ;MUTLUGÜN - UYSALLAR;UYSALLAR KÜME EVLER;sokak;591532
ARTVİN;YUSUFELİ;NARLIK - ALİGİL;ALİGİL KÜME EVLER;sokak;694307
ARTVİN;YUSUFELİ;NARLIK - BİRADİYET;BİRADİYET KÜME EVLER;sokak;692892
ARTVİN;YUSUFELİ;NARLIK - ÇAMDİBİ;ÇAMDİBİ KÜME EVLER;sokak;694325
ARTVİN;YUSUFELİ;NARLIK - DÜĞÜNLÜ;DÜĞÜNLÜ KÜME EVLER;sokak;533779
ARTVİN;YUSUFELİ;NARLIK - HARŞİGİL;HARŞİGİL KÜME EVLER;sokak;690340
ARTVİN;YUSUFELİ;NARLIK - KANATLI;KÖY KÜME EVLER;sokak;962067
ARTVİN;YUSUFELİ;NARLIK - KİRAZLI;KİRAZLI KÜME EVLER;sokak;692977
ARTVİN;YUSUFELİ;NARLIK - KÖYBAŞI;KÖYBAŞI KÜME EVLER;sokak;690341
ARTVİN;YUSUFELİ;NARLIK - NAHSİT;NAHSİT KÜME EVLER;sokak;523038
ARTVİN;YUSUFELİ;NARLIK - SIRTÜSTÜ;SIRTÜSTÜ KÜME EVLER;sokak;690347
ARTVİN;YUSUFELİ;NARLIK - SULUOVA;SULUOVA KÜME EVLER;sokak;690343
ARTVİN;YUSUFELİ;NARLIK - SUVAK;SUVAK KÜME EVLER;sokak;689961
ARTVİN;YUSUFELİ;NARLIK - YARBAŞI;YARBAŞI KÜME EVLER;sokak;353535
ARTVİN;YUSUFELİ;NARLIK - ZİYARET;ZİYARET KÜME EVLER;sokak;302515
ARTVİN;YUSUFELİ;ORMANDİBİ - MERKEZ;ORMANDİBİ KÜME EVLER;sokak;584581
ARTVİN;YUSUFELİ;ÖĞDEM - ÇATALELMA;ÇATALELMA KÜME EVLER;sokak;321218
ARTVİN;YUSUFELİ;ÖĞDEM - DOĞANKARA;DOĞANKARA KÜME EVLER;sokak;694202
ARTVİN;YUSUFELİ;ÖĞDEM - DUTLUPINAR;DUTLUPINAR KÜME EVLER;sokak;391958
ARTVİN;YUSUFELİ;ÖĞDEM - KANNET;KANNET KÜME EVLER;sokak;688309
ARTVİN;YUSUFELİ;ÖĞDEM - KAVAKLIDERE;KAVAKLIDERE KÜME EVLER;sokak;210580
ARTVİN;YUSUFELİ;ÖĞDEM - KÜÇÜK ÇATALELMA;KÜÇÜK ÇATALELMA KÜME EVLER;sokak;21156
ARTVİN;YUSUFELİ;ÖĞDEM - KÜÇÜK KAVAKLIDERE;KÜÇÜK KAVAKLIDERE KÜME EVLER;sokak;111024
ARTVİN;YUSUFELİ;ÖĞDEM - MERKEZ;MERKEZ KÜME EVLER;sokak;685991
ARTVİN;YUSUFELİ;ÖĞDEM - MEVLA;MEVLA KÜME EVLER;sokak;688670
ARTVİN;YUSUFELİ;ÖĞDEM - SOĞUK OLUK;SOĞUK OLUK KÜME EVLER;sokak;686378
ARTVİN;YUSUFELİ;ÖĞDEM - SÖĞÜTÖNÜ;SÖĞÜTÖNÜ KÜME EVLER;sokak;693777
ARTVİN;YUSUFELİ;ÖĞDEM - TAŞBAŞI;TAŞBAŞI KÜME EVLER;sokak;350907
ARTVİN;YUSUFELİ;ÖĞDEM - TAŞDELEN;TAŞDELEN KÜME EVLER;sokak;469527
ARTVİN;YUSUFELİ;ÖZGÜVEN - MERKEZ;MERKEZ KÜME EVLER;sokak;524253
ARTVİN;YUSUFELİ;PAMUKÇULAR - BAĞLIK;BAĞLIK KÜME EVLER;sokak;598358
ARTVİN;YUSUFELİ;PAMUKÇULAR - ÇOLAKOĞLU;ÇOLAKOĞLU KÜME EVLER;sokak;602887
ARTVİN;YUSUFELİ;PAMUKÇULAR - GÜNEY;GÜNEY KÜME EVLER;sokak;604850
ARTVİN;YUSUFELİ;PAMUKÇULAR - MERKEZ;MERKEZ KÜME EVLER;sokak;599452
ARTVİN;YUSUFELİ;PAMUKÇULAR - NİYART;NİYART KÜME EVLER;sokak;598614
ARTVİN;YUSUFELİ;PAMUKÇULAR - ORTA;ORTA KÜME EVLER;sokak;600306
ARTVİN;YUSUFELİ;PAMUKÇULAR - PAŞA;PAŞA KÜME EVLER;sokak;598654
ARTVİN;YUSUFELİ;PAMUKÇULAR - SANDIKLI;SANDIKLI KÜME EVLER;sokak;592715
ARTVİN;YUSUFELİ;PAMUKÇULAR - TAŞBAŞI;TAŞBAŞI KÜME EVLER;sokak;603670
ARTVİN;YUSUFELİ;PAMUKÇULAR - TAŞDİBİ;TAŞDİBİ KÜME EVLER;sokak;594051
ARTVİN;YUSUFELİ;SANCAK;ALI OSMAN ASLAN SOKAK;sokak;390673681
ARTVİN;YUSUFELİ;SANCAK;ENVER PAŞA . CADDE;cadde;343654781
ARTVİN;YUSUFELİ;SANCAK;ERTUNÇ ERKAN BALTA CADDE;cadde;391390761
ARTVİN;YUSUFELİ;SANCAK;FEVZİ ÇAKMAK . SOKAK;sokak;707321100
ARTVİN;YUSUFELİ;SANCAK;HALITPAŞA CADDE;cadde;721346791
ARTVİN;YUSUFELİ;SANCAK;HAMZET CADDE;cadde;168629221
ARTVİN;YUSUFELİ;SANCAK;SAPANET SOKAK;sokak;301460541
ARTVİN;YUSUFELİ;SANCAK;ŞEHIR ER MUAMMER TOPAL SOKAK;sokak;518914631
ARTVİN;YUSUFELİ;SANCAK;ŞEHIT POLIS SALIH HÜSEYIN PARÇA SOKAK;sokak;527211801
ARTVİN;YUSUFELİ;SANCAK;ŞEHİT ER MURAT İSPİRLİ SOKAK;sokak;834660110
ARTVİN;YUSUFELİ;SANCAK;ŞERAFETTIN USLU SOKAK;sokak;615978451
ARTVİN;YUSUFELİ;SEBZECİLER - İMEN ÇİMEN;İMEN ÇİMEN KÜME EVLER;sokak;625403
ARTVİN;YUSUFELİ;SEBZECİLER - VELİGİL;VELİGİL KÜME EVLER;sokak;632034
ARTVİN;YUSUFELİ;SERİNSU - AĞARA;AĞARA KÜME EVLER;sokak;528075
ARTVİN;YUSUFELİ;SERİNSU - M.CAMİ;M.CAMİ KÜME EVLER;sokak;517166
ARTVİN;YUSUFELİ;SERİNSU - SARIKOÇ;SARIKOÇ KÜME EVLER;sokak;518569
ARTVİN;YUSUFELİ;SERİNSU - UZUN;UZUN KÜME EVLER;sokak;522899
ARTVİN;YUSUFELİ;SÜTLÜCE - SÜTLÜCE (KÖY MERKEZİ);SÜTLÜCE KÖY MERKEZİ KÜME EVLER;sokak;251048601
ARTVİN;YUSUFELİ;TARAKÇILAR - CAMİ;CAMİ KÜME EVLER;sokak;276303
ARTVİN;YUSUFELİ;TARAKÇILAR - KUZLUCA;KUZLUCA KÜME EVLER;sokak;523365
ARTVİN;YUSUFELİ;TARAKÇILAR - PİSİGARA;PİSİGARA KÜME EVLER;sokak;357900
ARTVİN;YUSUFELİ;TAŞKIRAN - AKAKET;AKAKET KÜME EVLER;sokak;396576
ARTVİN;YUSUFELİ;TAŞKIRAN - AŞAĞI UBAN;AŞAĞI UBAN KÜME EVLER;sokak;690284
ARTVİN;YUSUFELİ;TAŞKIRAN - BENARA;BENARA KÜME EVLER;sokak;691958
ARTVİN;YUSUFELİ;TAŞKIRAN - BOROVAN;BOROVAN KÜME EVLER;sokak;702011
ARTVİN;YUSUFELİ;TAŞKIRAN - CANOL;CANOL KÜME EVLER;sokak;693000
ARTVİN;YUSUFELİ;TAŞKIRAN - ÇARMANET;ÇARMANET KÜME EVLER;sokak;471778
ARTVİN;YUSUFELİ;TAŞKIRAN - ÇİLLİKET;ÇİLLİKET KÜME EVLER;sokak;691725
ARTVİN;YUSUFELİ;TAŞKIRAN - DELİGİL;DELİGİL KÜME EVLER;sokak;690283
ARTVİN;YUSUFELİ;TAŞKIRAN - DÜZYOL(KACOL);DÜZYOL/KACOL KÜME EVLER;sokak;697377
ARTVİN;YUSUFELİ;TAŞKIRAN - ESKİYAYLA;ESKİYAYLA KÜME EVLER;sokak;697204
ARTVİN;YUSUFELİ;TAŞKIRAN - GASMALİKET;GASMALİKET KÜME EVLER;sokak;691563
ARTVİN;YUSUFELİ;TAŞKIRAN - GAVRANZOR;GAVRANZOR KÜME EVLER;sokak;693158
ARTVİN;YUSUFELİ;TAŞKIRAN - GOSTAGARA;GOSTAGARA KÜME EVLER;sokak;693821
ARTVİN;YUSUFELİ;TAŞKIRAN - GUYRET;GUYRET KÜME EVLER;sokak;690278
ARTVİN;YUSUFELİ;TAŞKIRAN - HACIOĞULLARI;HACIOĞULLARI KÜME EVLER;sokak;687668
ARTVİN;YUSUFELİ;TAŞKIRAN - HACIOSMANGİL;HACIOSMANGİL KÜME EVLER;sokak;690179
ARTVİN;YUSUFELİ;TAŞKIRAN - HACOĞLAR;HACOĞLAR KÜME EVLER;sokak;410561
ARTVİN;YUSUFELİ;TAŞKIRAN - HORK;HORK KÜME EVLER;sokak;691726
ARTVİN;YUSUFELİ;TAŞKIRAN - HOSİLET;HOSİLET KÜME EVLER;sokak;687882
ARTVİN;YUSUFELİ;TAŞKIRAN - KARAHANLAR;KARAHANLAR KÜME EVLER;sokak;697728
ARTVİN;YUSUFELİ;TAŞKIRAN - KATOLİK;KATOLİK KÜME EVLER;sokak;690282
ARTVİN;YUSUFELİ;TAŞKIRAN - KERTİCİLER;KERTİCİLER KÜME EVLER;sokak;151119
ARTVİN;YUSUFELİ;TAŞKIRAN - KESBERLER;KESBERLER KÜME EVLER;sokak;151121
ARTVİN;YUSUFELİ;TAŞKIRAN - KOŞUYOLU(KOZANET);KOŞUYOLU/KOZANET KÜME EVLER;sokak;417085
ARTVİN;YUSUFELİ;TAŞKIRAN - NÖBETKET;NÖBETKET KÜME EVLER;sokak;695455
ARTVİN;YUSUFELİ;TAŞKIRAN - ÖZENLİ(ŞAĞVALET);ÖZENLİ/ŞAĞVALET KÜME EVLER;sokak;694396
ARTVİN;YUSUFELİ;TAŞKIRAN - PATRİKARA;PATİKARA KÜME EVLER;sokak;690277
ARTVİN;YUSUFELİ;TAŞKIRAN - SABZUVAN;SABZUVAN KÜME EVLER;sokak;690272
ARTVİN;YUSUFELİ;TAŞKIRAN - SARIGÖL;SARIGÖL KÜME EVLER;sokak;700300
ARTVİN;YUSUFELİ;TAŞKIRAN - SATİBE;SATİBE KÜME EVLER;sokak;696311
ARTVİN;YUSUFELİ;TAŞKIRAN - SEPEGARA;SEPEGARA KÜME EVLER;sokak;151112
ARTVİN;YUSUFELİ;TAŞKIRAN - SİMAĞET;SİMAĞET KÜME EVLER;sokak;689688
ARTVİN;YUSUFELİ;TAŞKIRAN - SURA;SURA KÜME EVLER;sokak;59534
ARTVİN;YUSUFELİ;TAŞKIRAN - TAŞKÖPRÜ(CONET);TAŞKÖPRÜ/CONET KÜME EVLER;sokak;696910
ARTVİN;YUSUFELİ;TAŞKIRAN - TOKAT(TALIÇAYIR);TOKAT/TATLIÇAYIR KÜME EVLER;sokak;452512
ARTVİN;YUSUFELİ;TAŞKIRAN - VAKET;VAKET KÜME EVLER;sokak;699980
ARTVİN;YUSUFELİ;TAŞKIRAN - VAN(GÜRSU);VAN/GÜRSU KÜME EVLER;sokak;696336
ARTVİN;YUSUFELİ;TAŞKIRAN - YUKARI UBAN;YUKARI UBAN KÜME EVLER;sokak;688609
ARTVİN;YUSUFELİ;TEKKALE - AHANGİL;AHANGİL KÜME EVLER;sokak;676567
ARTVİN;YUSUFELİ;TEKKALE - AHET;AHET KÜME EVLER;sokak;673016
ARTVİN;YUSUFELİ;TEKKALE - AŞAĞI GÜNEY;AŞAĞI GÜNEY KÜME EVLER;sokak;672697
ARTVİN;YUSUFELİ;TEKKALE - AŞAĞI GÜP;AŞAĞI GÜP KÜME EVLER;sokak;60563
ARTVİN;YUSUFELİ;TEKKALE - BAMBACIGİL;BAMBACIGİL KÜME EVLER;sokak;680078
ARTVİN;YUSUFELİ;TEKKALE - BÖLÜKBAŞI;BÖLÜKBAŞI KÜME EVLER;sokak;85670
ARTVİN;YUSUFELİ;TEKKALE - BÖLÜKBAŞI MEZRASI;BÖLÜKBAŞI MEZRASI KÜME EVLER;sokak;675534
ARTVİN;YUSUFELİ;TEKKALE - ÇAMLIK;ÇAMLIK KÜME EVLER;sokak;679126
ARTVİN;YUSUFELİ;TEKKALE - ÇINARLI;ÇINARLI KÜME EVLER;sokak;676566
ARTVİN;YUSUFELİ;TEKKALE - ÇİÇALA;ÇİÇALA KÜME EVLER;sokak;676901
ARTVİN;YUSUFELİ;TEKKALE - DÜZLER;DÜZLER KÜME EVLER;sokak;679168
ARTVİN;YUSUFELİ;TEKKALE - GÜNEY;GÜNEY KÜME EVLER;sokak;276837
ARTVİN;YUSUFELİ;TEKKALE - GÜNGÖRMEZ;GÜNGÖRMEZ KÜME EVLER;sokak;679127
ARTVİN;YUSUFELİ;TEKKALE - HURŞİTGİL;HURŞİTGİL KÜME EVLER;sokak;676564
ARTVİN;YUSUFELİ;TEKKALE - İMAMGİL;İMAMGİL KÜME EVLER;sokak;669949
ARTVİN;YUSUFELİ;TEKKALE - KALEDİBİ;1 NOLU SOKAK;sokak;500711250
ARTVİN;YUSUFELİ;TEKKALE - KALEDİBİ;2 NOLU SOKAK;sokak;130286260
ARTVİN;YUSUFELİ;TEKKALE - KALEDİBİ;A/1 YOLU SOKAK;sokak;745363840
ARTVİN;YUSUFELİ;TEKKALE - KALEDİBİ;A/2 YOLU SOKAK;sokak;696072320
ARTVİN;YUSUFELİ;TEKKALE - KALEDİBİ;B-2 YOLU SOKAK;sokak;723988520
ARTVİN;YUSUFELİ;TEKKALE - KALEDİBİ;B/1 YOLU SOKAK;sokak;458516230
ARTVİN;YUSUFELİ;TEKKALE - KALEDİBİ;B/3 YOLU SOKAK;sokak;204919650
ARTVİN;YUSUFELİ;TEKKALE - KALEDİBİ;B/4 YOLU SOKAK;sokak;839582150
ARTVİN;YUSUFELİ;TEKKALE - KALEDİBİ;B/5 YOLU SOKAK;sokak;524584860
ARTVİN;YUSUFELİ;TEKKALE - KALEDİBİ;B/6 YOLU SOKAK;sokak;264763740
ARTVİN;YUSUFELİ;TEKKALE - KALEDİBİ;C/1 YOLU SOKAK;sokak;361890740
ARTVİN;YUSUFELİ;TEKKALE - KALEDİBİ;C/2 YOLU SOKAK;sokak;205754940
ARTVİN;YUSUFELİ;TEKKALE - KALEDİBİ;C/3 YOLU SOKAK;sokak;399914840
ARTVİN;YUSUFELİ;TEKKALE - KALEDİBİ;C/4 YOLU SOKAK;sokak;284520920
ARTVİN;YUSUFELİ;TEKKALE - KALEDİBİ;C/5 YOLU SOKAK;sokak;381785540
ARTVİN;YUSUFELİ;TEKKALE - KALEDİBİ;C/6 YOLU SOKAK;sokak;399626910
ARTVİN;YUSUFELİ;TEKKALE - KALEDİBİ;C/7 YOLU SOKAK;sokak;511646710
ARTVİN;YUSUFELİ;TEKKALE - KALEDİBİ;C/8 YOLU SOKAK;sokak;380835800
ARTVİN;YUSUFELİ;TEKKALE - KALEDİBİ;D/1 YOLU SOKAK;sokak;399836550
ARTVİN;YUSUFELİ;TEKKALE - KALEDİBİ;D/2 YOLU SOKAK;sokak;859707700
ARTVİN;YUSUFELİ;TEKKALE - KALEDİBİ;D/3 YOLU SOKAK;sokak;883466970
ARTVİN;YUSUFELİ;TEKKALE - KALEDİBİ;D/4 YOLU SOKAK;sokak;188257860
ARTVİN;YUSUFELİ;TEKKALE - KALEDİBİ;D/5 YOLU SOKAK;sokak;542100420
ARTVİN;YUSUFELİ;TEKKALE - KALEDİBİ;D/6 YOLU SOKAK;sokak;483384610
ARTVİN;YUSUFELİ;TEKKALE - KALEDİBİ;D/7 YOLU SOKAK;sokak;579332280
ARTVİN;YUSUFELİ;TEKKALE - KALEDİBİ;E/1 YOLU SOKAK;sokak;632344470
ARTVİN;YUSUFELİ;TEKKALE - KALEDİBİ;F/1 YOLU SOKAK;sokak;228906690
ARTVİN;YUSUFELİ;TEKKALE - KALEDİBİ;F/2 YOLU SOKAK;sokak;874552750
ARTVİN;YUSUFELİ;TEKKALE - KALEDİBİ;F/3 YOLU SOKAK;sokak;770434120
ARTVİN;YUSUFELİ;TEKKALE - KALEDİBİ;KALEDİBİ KÜME EVLER;sokak;671662
ARTVİN;YUSUFELİ;TEKKALE - KAYAGİL;KAYAGİL KÜME EVLER;sokak;671663
ARTVİN;YUSUFELİ;TEKKALE - MOLLA ÖMER;MOLLA ÖMER KÜME EVLER;sokak;669951
ARTVİN;YUSUFELİ;TEKKALE - MURHAÇGİL (DUTLUK);MURHAÇGİL DUTLUK KÜME EVLER;sokak;679166
ARTVİN;YUSUFELİ;TEKKALE - ORMAN AĞZI;ORMAN AĞZI KÜME EVLER;sokak;679169
ARTVİN;YUSUFELİ;TEKKALE - SAKUT - NATO;SAKUT NATO KÜME EVLER;sokak;679129
ARTVİN;YUSUFELİ;TEKKALE - TAŞDİBİ;TAŞDİBİ KÜME EVLER;sokak;679124
ARTVİN;YUSUFELİ;TEKKALE - YAKARI ÇAMLIK;YAKARI ÇAMLIK KÜME EVLER;sokak;679157
ARTVİN;YUSUFELİ;TEKKALE - YENİ MAH -TAŞBAŞI;YENİ MAH TAŞBAŞI KÜME EVLER;sokak;669918
ARTVİN;YUSUFELİ;TEKKALE - YUKARI BÖLÜKBAŞI;YUKARI BÖLÜKBAŞI KÜME EVLER;sokak;679125
ARTVİN;YUSUFELİ;TEKKALE - YUKARI GÜP;YUKARI GÜP KÜME EVLER;sokak;678640
ARTVİN;YUSUFELİ;TEKKALE - YUKARI KAYAGİL;YUKARI KAYAGİL KÜME EVLER;sokak;676903
ARTVİN;YUSUFELİ;YAĞCILAR - BAŞ;BAŞ KÜME EVLER;sokak;529845
ARTVİN;YUSUFELİ;YAĞCILAR - CAMİ;CAMİ KÜME EVLER;sokak;539559
ARTVİN;YUSUFELİ;YAĞCILAR - HACIGİL;HACIGİL KÜME EVLER;sokak;541689
ARTVİN;YUSUFELİ;YAĞCILAR - HOCAGİL;HOCAGİL KÜME EVLER;sokak;533558
ARTVİN;YUSUFELİ;YAĞCILAR - MEZRA;MEZRA KÜME EVLER;sokak;539064
ARTVİN;YUSUFELİ;YAĞCILAR - MISIROĞULLARI;MISIROĞULLARI KÜME EVLER;sokak;529617
ARTVİN;YUSUFELİ;YAĞCILAR - MOŞNAR-GİMNAR;MOŞNAR GİMNAR KÜME EVLER;sokak;534773
ARTVİN;YUSUFELİ;YAĞCILAR - NAKORT-SAKISDELA;NAKORT SAKİSDELA KÜME EVLER;sokak;531020
ARTVİN;YUSUFELİ;YAĞCILAR - SURHAN-TEREK OĞULLARI;SURHAN TEREK OĞULLARI KÜME EVLER;sokak;534749
ARTVİN;YUSUFELİ;YAĞCILAR - YENİ;YENİ KÜME EVLER;sokak;532714
ARTVİN;YUSUFELİ;YAĞCILAR - ZEYTİNLİK;ZEYTİNLİK KÜME EVLER;sokak;541215
ARTVİN;YUSUFELİ;YAĞCILAR - ZUVARE;ZUVARE KÜME EVLER;sokak;531021
ARTVİN;YUSUFELİ;YAMAÇÜSTÜ - ÇÖRGENS;ÇÖRGENS KÜME EVLER;sokak;513056
ARTVİN;YUSUFELİ;YAMAÇÜSTÜ - DERE;DERE KÜME EVLER;sokak;518474
ARTVİN;YUSUFELİ;YAMAÇÜSTÜ - KARAMEZRA;KARAMEZRA KÜME EVLER;sokak;518898
ARTVİN;YUSUFELİ;YAMAÇÜSTÜ - KARŞIKÖY (CAMİ);CAMİ KÜME EVLER;sokak;522038
ARTVİN;YUSUFELİ;YAMAÇÜSTÜ - MİYLES;MİYLES KÜME EVLER;sokak;736280670
ARTVİN;YUSUFELİ;YAMAÇÜSTÜ - MUŞABES;MUŞABES KÜME EVLER;sokak;520617
ARTVİN;YUSUFELİ;YAMAÇÜSTÜ - SAKUT;SAKUT KÜME EVLER;sokak;369878
ARTVİN;YUSUFELİ;YAMAÇÜSTÜ - SERİNTEPE;SERİNTEPE KÜME EVLER;sokak;468180
ARTVİN;YUSUFELİ;YAMAÇÜSTÜ - YUVARLI;YUVARLI KÜME EVLER;sokak;514404
ARTVİN;YUSUFELİ;YARBAŞI - BASELET-ZUVARE;BASELET/ZUVARE KÜME EVLER;sokak;566277
ARTVİN;YUSUFELİ;YARBAŞI - KİLETKAR;KİLETKAR KÜME EVLER;sokak;391442
ARTVİN;YUSUFELİ;YARBAŞI - MERKEZ;MERKEZ KÜME EVLER;sokak;566995
ARTVİN;YUSUFELİ;YARBAŞI - MEZARLIK;MEZARLIK KÜME EVLER;sokak;562386
ARTVİN;YUSUFELİ;YARBAŞI - SEPEGAR;SEPEGAR KÜME EVLER;sokak;561488
ARTVİN;YUSUFELİ;YARBAŞI - ZELİYET;ZELİYET KÜME EVLER;sokak;568434
ARTVİN;YUSUFELİ;YARBAŞI - ZEYTİNLİK;ZEYTİNLİK KÜME EVLER;sokak;569304
ARTVİN;YUSUFELİ;YAYLALAR - ADATEPE;ADATEPE KÜME EVLER;sokak;631839
ARTVİN;YUSUFELİ;YAYLALAR - AKÇAY;AKÇAY KÜME EVLER;sokak;622438
ARTVİN;YUSUFELİ;YAYLALAR - CAMİ;CAMİ KÜME EVLER;sokak;624119
ARTVİN;YUSUFELİ;YAYLALAR - ÇAM YUVA;ÇAM YUVA KÜME EVLER;sokak;620119
ARTVİN;YUSUFELİ;YAYLALAR - KAYABAŞI;KAYABAŞI KÜME EVLER;sokak;628507
ARTVİN;YUSUFELİ;YAYLALAR - KÖRAHMET;KÖRAHMET KÜME EVLER;sokak;629787
ARTVİN;YUSUFELİ;YAYLALAR - MODUT;MODUT KÜME EVLER;sokak;632011
ARTVİN;YUSUFELİ;YAYLALAR - OLGUNLAR;OLGUNLAR KÜME EVLER;sokak;626554
ARTVİN;YUSUFELİ;YAYLALAR - SAKURA;SAKURA KÜME EVLER;sokak;624497
ARTVİN;YUSUFELİ;YAYLALAR - YUKARI SAKURA;YUKARI SAKURA KÜME EVLER;sokak;624170
ARTVİN;YUSUFELİ;YENİKÖY - BAĞLIK;BAĞLIK KÜME EVLER;sokak;542197
ARTVİN;YUSUFELİ;YENİKÖY - KARAMEŞE;KARAMEŞE KÜME EVLER;sokak;536851
ARTVİN;YUSUFELİ;YENİKÖY - MERKEZ;1-NOLU SOKAK;sokak;732946131
ARTVİN;YUSUFELİ;YENİKÖY - MERKEZ;2-NOLU SOKAK;sokak;358048141
ARTVİN;YUSUFELİ;YENİKÖY - MERKEZ;3-NOLU SOKAK;sokak;801148791
ARTVİN;YUSUFELİ;YENİKÖY - MERKEZ;MERKEZ KÜME EVLER;sokak;534633
ARTVİN;YUSUFELİ;YENİKÖY - ODUN DEPOSU;ODUN DEPOSU KÜME EVLER;sokak;534821
ARTVİN;YUSUFELİ;YENİKÖY - TANDIRKAYA;TANDIRKAYA KÜME EVLER;sokak;530171
ARTVİN;YUSUFELİ;YOKUŞLU - AKÇİÇEK;AKÇİÇEK KÜME EVLER;sokak;510732
ARTVİN;YUSUFELİ;YOKUŞLU - BAĞLIK;BAĞLIK KÜME EVLER;sokak;510705
ARTVİN;YUSUFELİ;YOKUŞLU - KARAMANLAR;KARAMANLAR KÜME EVLER;sokak;518884
ARTVİN;YUSUFELİ;YOKUŞLU - MERKEZ;MERKEZ KÜME EVLER;sokak;510789
ARTVİN;YUSUFELİ;YÜKSEKOBA - AŞAĞI;AŞAĞI KÜME EVLER;sokak;108385
ARTVİN;YUSUFELİ;YÜKSEKOBA - GÜNEY;GÜNEY KÜME EVLER;sokak;525991
ARTVİN;YUSUFELİ;YÜKSEKOBA - KETKET;KETKET KÜME EVLER;sokak;521809
ARTVİN;YUSUFELİ;YÜKSEKOBA - KÜÇÜK;KÜÇÜK KÜME EVLER;sokak;455353
ARTVİN;YUSUFELİ;YÜKSEKOBA - LEKNAR;LEKNAR KÜME EVLER;sokak;516731
ARTVİN;YUSUFELİ;YÜKSEKOBA - YUKARI;YUKARI KÜME EVLER;sokak;509435
ARTVİN;YUSUFELİ;YÜKSEKOBA - YUKARI LEKNAR;YUKARI LEKNAR KÜME EVLER;sokak;516736
ARTVİN;YUSUFELİ;YÜKSEKOBA - ZOLAĞARA;ZOLAĞARA KÜME EVLER;sokak;520472
ARTVİN;YUSUFELİ;YÜNCÜLER - ADA;ADA KÜME EVLER;sokak;659393
ARTVİN;YUSUFELİ;YÜNCÜLER - AYVALI;AYVALI KÜME EVLER;sokak;650180
ARTVİN;YUSUFELİ;YÜNCÜLER - BEŞKAVAK;BEŞKAVAK KÜME EVLER;sokak;285073
ARTVİN;YUSUFELİ;YÜNCÜLER - ÇAMLICA;ÇAMLICA KÜME EVLER;sokak;652121
ARTVİN;YUSUFELİ;YÜNCÜLER - DAMLACIK;DAMLACIK KÜME EVLER;sokak;463422
ARTVİN;YUSUFELİ;YÜNCÜLER - DEREİÇİ;DEREİÇİ KÜME EVLER;sokak;647064
ARTVİN;YUSUFELİ;YÜNCÜLER - GÜNDÜZ;GÜNDÜZ KÜME EVLER;sokak;647733
ARTVİN;YUSUFELİ;YÜNCÜLER - HACERET;HACERET KÜME EVLER;sokak;653020
ARTVİN;YUSUFELİ;YÜNCÜLER - IRMAKYANI;IRMAKYANI KÜME EVLER;sokak;82979
ARTVİN;YUSUFELİ;YÜNCÜLER - KAYABAŞI;KAYABAŞI KÜME EVLER;sokak;647145
ARTVİN;YUSUFELİ;YÜNCÜLER - KİRAZLI;KİRAZLI KÜME EVLER;sokak;646890
ARTVİN;YUSUFELİ;YÜNCÜLER - KOÇAKLAR;KOÇAKLAR KÜME EVLER;sokak;653317
ARTVİN;YUSUFELİ;YÜNCÜLER - ORTA;ORTA KÜME EVLER;sokak;648423
ARTVİN;YUSUFELİ;YÜNCÜLER - PINARBAŞI;PINARBAŞI KÜME EVLER;sokak;646652
ARTVİN;YUSUFELİ;YÜNCÜLER - ÜZÜMLÜ;ÜZÜMLÜ KÜME EVLER;sokak;650158
ARTVİN;YUSUFELİ;YÜNCÜLER - YENİ;YENİ KÜME EVLER;sokak;419420
ARTVİN;YUSUFELİ;YÜNCÜLER - YOLBAŞI;YOLBAŞI KÜME EVLER;sokak;650823
ARTVİN;YUSUFELİ;ZEYTİNCİK - AKARŞEN;AKARŞEN KÜME EVLER;sokak;519370
ARTVİN;YUSUFELİ;ZEYTİNCİK - ATBAŞI;ATBAŞI KÜME EVLER;sokak;279074
ARTVİN;YUSUFELİ;ZEYTİNCİK - DART;DART KÜME EVLER;sokak;513099
ARTVİN;YUSUFELİ;ZEYTİNCİK - DİYAKEN (GÖKÇALA);DİYAKEN GÖKÇALA KÜME EVLER;sokak;279107
ARTVİN;YUSUFELİ;ZEYTİNCİK - DİZANOT;DİZANOT KÜME EVLER;sokak;513492
ARTVİN;YUSUFELİ;ZEYTİNCİK - GÖTEYARA;GÖTEYARA KÜME EVLER;sokak;279116
ARTVİN;YUSUFELİ;ZEYTİNCİK - MERKEZ;MERKEZ KÜME EVLER;sokak;513494
