il;ilce;mahalle;cadde_sokak;tip;uavt_kodu
BAYBURT;AYDINTEPE;AHMET YESEVİ;15 TEMMUZ SOKAK;sokak;903620540
BAYBURT;AYDINTEPE;AHMET YESEVİ;ABBASOĞLU SOKAK;sokak;113615320
BAYBURT;AYDINTEPE;AHMET YESEVİ;ACISU SOKAK;sokak;434828
BAYBURT;AYDINTEPE;AHMET YESEVİ;ADNAN MENDERES SOKAK;sokak;1312621
BAYBURT;AYDINTEPE;AHMET YESEVİ;ARAKLI SOKAK;sokak;124175
BAYBURT;AYDINTEPE;AHMET YESEVİ;AYDINKENT SOKAK;sokak;780191141
BAYBURT;AYDINTEPE;AHMET YESEVİ;AZİZ SANCAR SOKAK;sokak;651653001
BAYBURT;AYDINTEPE;AHMET YESEVİ;BABİL SOKAK;sokak;123542391
BAYBURT;AYDINTEPE;AHMET YESEVİ;BADEM SOKAK;sokak;981459311
BAYBURT;AYDINTEPE;AHMET YESEVİ;BEYZAMİ ZENGİN SOKAK;sokak;630327670
BAYBURT;AYDINTEPE;AHMET YESEVİ;BİRLİK SOKAK;sokak;456756911
BAYBURT;AYDINTEPE;AHMET YESEVİ;BİRUNİ SOKAK;sokak;548432141
BAYBURT;AYDINTEPE;AHMET YESEVİ;BUHARA SOKAK;sokak;873213780
BAYBURT;AYDINTEPE;AHMET YESEVİ;CACABEY SOKAK;sokak;952607581
BAYBURT;AYDINTEPE;AHMET YESEVİ;CANAN SERTOĞLU SOKAK;sokak;124177
BAYBURT;AYDINTEPE;AHMET YESEVİ;ÇAYKARA 1. SOKAK;sokak;410792110
BAYBURT;AYDINTEPE;AHMET YESEVİ;ÇAYKARA 2. SOKAK;sokak;805909790
BAYBURT;AYDINTEPE;AHMET YESEVİ;ÇAYKARA 3. SOKAK;sokak;891144580
BAYBURT;AYDINTEPE;AHMET YESEVİ;ÇAYKARA 4. SOKAK;sokak;180693931
BAYBURT;AYDINTEPE;AHMET YESEVİ;ÇAYKARA 5. SOKAK;sokak;907047010
BAYBURT;AYDINTEPE;AHMET YESEVİ;ÇAYKARA 7. SOKAK;sokak;126063560
BAYBURT;AYDINTEPE;AHMET YESEVİ;ÇAYKARA CADDE;cadde;124174
BAYBURT;AYDINTEPE;AHMET YESEVİ;DEDEKORKUT SOKAK;sokak;905630650
BAYBURT;AYDINTEPE;AHMET YESEVİ;DEFNE SOKAK;sokak;457914981
BAYBURT;AYDINTEPE;AHMET YESEVİ;DERE SOKAK;sokak;435098011
BAYBURT;AYDINTEPE;AHMET YESEVİ;DUMLU SOKAK;sokak;124179
BAYBURT;AYDINTEPE;AHMET YESEVİ;EVLİYALAR KÜME EVLER;sokak;877045320
BAYBURT;AYDINTEPE;AHMET YESEVİ;F.SULTAN MEHMET SOKAK;sokak;214861390
BAYBURT;AYDINTEPE;AHMET YESEVİ;FARUK ÖZAK SOKAK;sokak;402992401
BAYBURT;AYDINTEPE;AHMET YESEVİ;FUZULİ SOKAK;sokak;624423141
BAYBURT;AYDINTEPE;AHMET YESEVİ;HACI EŞREF SOKAK;sokak;427536
BAYBURT;AYDINTEPE;AHMET YESEVİ;HACI OSMAN SOKAK;sokak;124180
BAYBURT;AYDINTEPE;AHMET YESEVİ;IRMAK SOKAK;sokak;510660580
BAYBURT;AYDINTEPE;AHMET YESEVİ;İPEK SOKAK;sokak;568771940
BAYBURT;AYDINTEPE;AHMET YESEVİ;KESTANE SOKAK;sokak;123662171
BAYBURT;AYDINTEPE;AHMET YESEVİ;KIZIL ELMA SOKAK;sokak;488259131
BAYBURT;AYDINTEPE;AHMET YESEVİ;KÖKNAR SOKAK;sokak;758965971
BAYBURT;AYDINTEPE;AHMET YESEVİ;KÖSEOĞLU SOKAK;sokak;649269751
BAYBURT;AYDINTEPE;AHMET YESEVİ;LEVENT KÜME EVLER;sokak;947277080
BAYBURT;AYDINTEPE;AHMET YESEVİ;MELİKŞAH SOKAK;sokak;233459781
BAYBURT;AYDINTEPE;AHMET YESEVİ;MİMAR SİNAN SOKAK;sokak;790026550
BAYBURT;AYDINTEPE;AHMET YESEVİ;MUHSİN YAZICIOĞLU SOKAK;sokak;370958901
BAYBURT;AYDINTEPE;AHMET YESEVİ;NEBİOĞLU SOKAK;sokak;659356860
BAYBURT;AYDINTEPE;AHMET YESEVİ;NECMETTİN ERBAKAN SOKAK;sokak;508643960
BAYBURT;AYDINTEPE;AHMET YESEVİ;NENE HATUN SOKAK;sokak;106380210
BAYBURT;AYDINTEPE;AHMET YESEVİ;OSMANLI SOKAK;sokak;116731750
BAYBURT;AYDINTEPE;AHMET YESEVİ;PAPATYA SOKAK;sokak;147852401
BAYBURT;AYDINTEPE;AHMET YESEVİ;PİRİ REİS SOKAK;sokak;800117861
BAYBURT;AYDINTEPE;AHMET YESEVİ;RONZA SOKAK;sokak;232032010
BAYBURT;AYDINTEPE;AHMET YESEVİ;SAATÇİ SOKAK;sokak;460830770
BAYBURT;AYDINTEPE;AHMET YESEVİ;SOFUOĞLU SOKAK;sokak;125860
BAYBURT;AYDINTEPE;AHMET YESEVİ;SÜLEYMAN ZENGİN CADDE;cadde;813106661
BAYBURT;AYDINTEPE;AHMET YESEVİ;ŞEHİT OKTAY SOKAK;sokak;170794680
BAYBURT;AYDINTEPE;AHMET YESEVİ;ŞENLİK SOKAK;sokak;304742741
BAYBURT;AYDINTEPE;AHMET YESEVİ;TEPEBAŞI KÜME EVLER;sokak;197265950
BAYBURT;AYDINTEPE;AHMET YESEVİ;TOPDAĞI SOKAK;sokak;711298601
BAYBURT;AYDINTEPE;AHMET YESEVİ;TOPLU KONUT SOKAK;sokak;785836551
BAYBURT;AYDINTEPE;AHMET YESEVİ;UYGUR SOKAK;sokak;899047421
BAYBURT;AYDINTEPE;AHMET YESEVİ;UZUN SOKAK;sokak;494285500
BAYBURT;AYDINTEPE;AHMET YESEVİ;YAŞARDOĞU SOKAK;sokak;124176
BAYBURT;AYDINTEPE;AHMET YESEVİ;YAYLA SOKAK;sokak;125519
BAYBURT;AYDINTEPE;AHMET YESEVİ;YUNUS EMRE SOKAK;sokak;435441540
BAYBURT;AYDINTEPE;AHMET YESEVİ;ZEYTİNDALI SOKAK;sokak;124178
BAYBURT;AYDINTEPE;AKBULUT NA;AKBULUT KÜME EVLER;sokak;587030
BAYBURT;AYDINTEPE;AKBULUT NA;ÇAYKARA BULVAR;sokak;208374640
BAYBURT;AYDINTEPE;ALACA NA;ALACA KÜME EVLER;sokak;278439
BAYBURT;AYDINTEPE;ALACA NA;MENGE YAYLASI KÜME EVLER;sokak;201331610
BAYBURT;AYDINTEPE;AŞAĞIKIRZI NA;AŞAĞIKIRZI KÜME EVLER;sokak;469625
BAYBURT;AYDINTEPE;AYDINTEPE YAYLASI;AYDINTEPE YAYLASI KÜME EVLER;sokak;387511
BAYBURT;AYDINTEPE;BAŞPINAR NA;BAŞPINAR KÜME EVLER;sokak;597957
BAYBURT;AYDINTEPE;ÇATIKSU NA;ÇATIKSU KÜME EVLER;sokak;588170
BAYBURT;AYDINTEPE;ÇAYIRKÖPRÜ NA;ÇAYIRKÖPRÜ KÜME EVLER;sokak;587781
BAYBURT;AYDINTEPE;ÇİĞDEMLİK NA;ÇAYKARA BULVAR;sokak;133114360
BAYBURT;AYDINTEPE;ÇİĞDEMLİK NA;ÇİĞDEMLİK KÜME EVLER;sokak;586658
BAYBURT;AYDINTEPE;ÇİĞDEMLİK NA;ÇİĞDEMLİK YAYLASI KÜME EVLER;sokak;803611990
BAYBURT;AYDINTEPE;DUMLU NA;ÇAYKARA BULVAR;sokak;705209370
BAYBURT;AYDINTEPE;DUMLU NA;DUMLU KÜME EVLER;sokak;591430
BAYBURT;AYDINTEPE;DUMLU NA;DUMLU YAYLASI KÜME EVLER;sokak;384445921
BAYBURT;AYDINTEPE;DUMLU NA;SEYDİYAKUP YAYLASI KÜME EVLER;sokak;499211821
BAYBURT;AYDINTEPE;ERİKDİBİ NA;ÇAYKARA BULVAR;sokak;114947700
BAYBURT;AYDINTEPE;ERİKDİBİ NA;ERİKDİBİ KÜME EVLER;sokak;583703
BAYBURT;AYDINTEPE;ERİKDİBİ NA;ERİKDİBİ YAYLASI KÜME EVLER;sokak;803573530
BAYBURT;AYDINTEPE;GÜMÜŞDAMLA - GÜMÜŞDAMLA;GÜMÜŞDAMLA KÜME EVLER;sokak;599025
BAYBURT;AYDINTEPE;GÜMÜŞDAMLA - KOŞMER;KOŞMER KÜME EVLER;sokak;600663
BAYBURT;AYDINTEPE;GÜMÜŞDAMLA - MERKEZ;GÜMÜŞDAMLA MERKEZ KÜME EVLER;sokak;604441
BAYBURT;AYDINTEPE;GÜNBULDU NA;GÜNBULDU KÜME EVLER;sokak;594976
BAYBURT;AYDINTEPE;HACI ALİ EFENDİ;ABBASOĞLU SOKAK;sokak;125862
BAYBURT;AYDINTEPE;HACI ALİ EFENDİ;ADNAN MENDERES SOKAK;sokak;125863
BAYBURT;AYDINTEPE;HACI ALİ EFENDİ;ATATÜRK CADDE;cadde;125867
BAYBURT;AYDINTEPE;HACI ALİ EFENDİ;BEŞBAŞLI SOKAK;sokak;125865
BAYBURT;AYDINTEPE;HACI ALİ EFENDİ;DEĞİRMENDERE SOKAK;sokak;434490
BAYBURT;AYDINTEPE;HACI ALİ EFENDİ;DUMANLI SOKAK;sokak;324057710
BAYBURT;AYDINTEPE;HACI ALİ EFENDİ;F.YILMAZ ÇAKIR SOKAK;sokak;852426590
BAYBURT;AYDINTEPE;HACI ALİ EFENDİ;FEHİM BOSTANCI SOKAK;sokak;125866
BAYBURT;AYDINTEPE;HACI ALİ EFENDİ;GÖLLER SOKAK;sokak;13827514
BAYBURT;AYDINTEPE;HACI ALİ EFENDİ;GÜZİN KÜME EVLER;sokak;787890960
BAYBURT;AYDINTEPE;HACI ALİ EFENDİ;HATİP SOKAK;sokak;581143490
BAYBURT;AYDINTEPE;HACI ALİ EFENDİ;İĞDELER SOKAK;sokak;125861
BAYBURT;AYDINTEPE;HACI ALİ EFENDİ;İMAMLI SOKAK;sokak;222655320
BAYBURT;AYDINTEPE;HACI ALİ EFENDİ;LİSE SOKAK;sokak;125868
BAYBURT;AYDINTEPE;HACI ALİ EFENDİ;OĞUZ SOKAK;sokak;312310790
BAYBURT;AYDINTEPE;HACI ALİ EFENDİ;OKUL SOKAK;sokak;596735580
BAYBURT;AYDINTEPE;HACI ALİ EFENDİ;Ö. HALİS DEMİR SOKAK;sokak;546312540
BAYBURT;AYDINTEPE;HACI ALİ EFENDİ;SOFUOĞLU SOKAK;sokak;125869
BAYBURT;AYDINTEPE;HACI ALİ EFENDİ;SUSUZLAR KÜME EVLER;sokak;947160080
BAYBURT;AYDINTEPE;HACI ALİ EFENDİ;TERZİOĞLU SOKAK;sokak;125870
BAYBURT;AYDINTEPE;HACI ALİ EFENDİ;UFUK KÜME EVLER;sokak;800659980
BAYBURT;AYDINTEPE;HACI ALİ EFENDİ;VADİ KÜME EVLER;sokak;125864
BAYBURT;AYDINTEPE;HACI ALİ EFENDİ;YILDIRIM SOKAK;sokak;903985950
BAYBURT;AYDINTEPE;HACI ALİ EFENDİ;YILDIZ SOKAK;sokak;590354850
BAYBURT;AYDINTEPE;HACI ALİ EFENDİ;ZAFER SOKAK;sokak;347622940
BAYBURT;AYDINTEPE;İNCİLİ NA;İNCİLİ KÜME EVLER;sokak;587262
BAYBURT;AYDINTEPE;KALE;A. TÜRKEŞ SOKAK;sokak;138685180
BAYBURT;AYDINTEPE;KALE;ABBASOĞLU SOKAK;sokak;1312681
BAYBURT;AYDINTEPE;KALE;ABDUL HAMİT HAN SOKAK;sokak;463301710
BAYBURT;AYDINTEPE;KALE;AHMET GÜNAY SOKAK;sokak;827323890
BAYBURT;AYDINTEPE;KALE;ARAKLI SOKAK;sokak;125871
BAYBURT;AYDINTEPE;KALE;ARAPOĞLU SOKAK;sokak;1312623
BAYBURT;AYDINTEPE;KALE;ARİF NİHAT ASYA SOKAK;sokak;829500231
BAYBURT;AYDINTEPE;KALE;ATATÜRK CADDE;cadde;125876
BAYBURT;AYDINTEPE;KALE;AYVALIK SOKAK;sokak;884719821
BAYBURT;AYDINTEPE;KALE;BAYBURT CADDE;cadde;721959
BAYBURT;AYDINTEPE;KALE;BEKİR ÇEBİOĞLU SOKAK;sokak;752691
BAYBURT;AYDINTEPE;KALE;BEKİROĞLU SOKAK;sokak;125873
BAYBURT;AYDINTEPE;KALE;CENGİZ TOPEL SOKAK;sokak;830218571
BAYBURT;AYDINTEPE;KALE;CİHAN SOKAK;sokak;121560060
BAYBURT;AYDINTEPE;KALE;CUMHURİYET MEYDAN;sokak;125874
BAYBURT;AYDINTEPE;KALE;ÇAYIR SOKAK;sokak;730036
BAYBURT;AYDINTEPE;KALE;ÇAYKARA CADDE;cadde;727185
BAYBURT;AYDINTEPE;KALE;ÇİFTLİK KÜME EVLER;sokak;849514740
BAYBURT;AYDINTEPE;KALE;ÇİĞDEM SOKAK;sokak;125878
BAYBURT;AYDINTEPE;KALE;DUMLU SOKAK;sokak;578574430
BAYBURT;AYDINTEPE;KALE;EMRİ ARSLAN SOKAK;sokak;579306200
BAYBURT;AYDINTEPE;KALE;EROL YAVUZ SOKAK;sokak;290521231
BAYBURT;AYDINTEPE;KALE;FEHİM BOSTANCI SOKAK;sokak;125875
BAYBURT;AYDINTEPE;KALE;FLORYA KÜME EVLER;sokak;360204360
BAYBURT;AYDINTEPE;KALE;GAZİ SOKAK;sokak;354089880
BAYBURT;AYDINTEPE;KALE;GELİNCİK SOKAK;sokak;670587760
BAYBURT;AYDINTEPE;KALE;GENÇ OSMAN SOKAK;sokak;740602521
BAYBURT;AYDINTEPE;KALE;GÜNEŞ SOKAK;sokak;522094590
BAYBURT;AYDINTEPE;KALE;GÜNGÖREN SOKAK;sokak;125877
BAYBURT;AYDINTEPE;KALE;GÜRGEN SOKAK;sokak;712490491
BAYBURT;AYDINTEPE;KALE;HACI HASAN SOKAK;sokak;405869
BAYBURT;AYDINTEPE;KALE;HALİT ŞENTÜRK SOKAK;sokak;405870
BAYBURT;AYDINTEPE;KALE;HASAN ALİ YÜCEL SOKAK;sokak;185676851
BAYBURT;AYDINTEPE;KALE;HİTİT SOKAK;sokak;634141221
BAYBURT;AYDINTEPE;KALE;HOCA HAYRETTİN SOKAK;sokak;497222340
BAYBURT;AYDINTEPE;KALE;HOCA HÜSNÜ SOKAK;sokak;319385740
BAYBURT;AYDINTEPE;KALE;HURŞİTAĞA SOKAK;sokak;125879
BAYBURT;AYDINTEPE;KALE;HÜSEYİN NİHAL ATSIZ SOKAK;sokak;575613421
BAYBURT;AYDINTEPE;KALE;KALE YAMAÇ SOKAK;sokak;735087
BAYBURT;AYDINTEPE;KALE;KARANFİL KÜME EVLER;sokak;513393150
BAYBURT;AYDINTEPE;KALE;KARDEŞ SOKAK;sokak;939780700
BAYBURT;AYDINTEPE;KALE;KAZIM KARABEKİR CADDE;cadde;848821741
BAYBURT;AYDINTEPE;KALE;KEMER KÜME EVLER;sokak;353987000
BAYBURT;AYDINTEPE;KALE;KUŞBURNU SOKAK;sokak;104053301
BAYBURT;AYDINTEPE;KALE;LALE SOKAK;sokak;198169820
BAYBURT;AYDINTEPE;KALE;LEYLAK SOKAK;sokak;125872
BAYBURT;AYDINTEPE;KALE;MAHMUT OLTAN SUNGURLU CADDE;cadde;125882
BAYBURT;AYDINTEPE;KALE;MAREŞAL FEVZİ ÇAKMAK CADDE;cadde;217797801
BAYBURT;AYDINTEPE;KALE;MEHMET AKİF ERSOY SOKAK;sokak;336812551
BAYBURT;AYDINTEPE;KALE;MEHMETÇİK SOKAK;sokak;562527030
BAYBURT;AYDINTEPE;KALE;MENEKŞE SOKAK;sokak;742880770
BAYBURT;AYDINTEPE;KALE;MEŞE SOKAK;sokak;991486031
BAYBURT;AYDINTEPE;KALE;MEVLANA SOKAK;sokak;709374950
BAYBURT;AYDINTEPE;KALE;NEHİR KÜME EVLER;sokak;713121020
BAYBURT;AYDINTEPE;KALE;PINAR SOKAK;sokak;199312110
BAYBURT;AYDINTEPE;KALE;SEYRAN KÜME EVLER;sokak;904808640
BAYBURT;AYDINTEPE;KALE;SOFUOĞLU SOKAK;sokak;125880
BAYBURT;AYDINTEPE;KALE;SULH SOKAK;sokak;409694040
BAYBURT;AYDINTEPE;KALE;SÜLEYMANBEY SOKAK;sokak;125881
BAYBURT;AYDINTEPE;KALE;SÜMBÜL KÜME EVLER;sokak;288450710
BAYBURT;AYDINTEPE;KALE;ŞAHAP KAVCIOĞLU SOKAK;sokak;182633270
BAYBURT;AYDINTEPE;KALE;ŞİMAL SOKAK;sokak;691900801
BAYBURT;AYDINTEPE;KALE;TARHUN SOKAK;sokak;137951821
BAYBURT;AYDINTEPE;KALE;TOPALOĞLU SOKAK;sokak;405871
BAYBURT;AYDINTEPE;KALE;TRABZON CADDE;cadde;721913
BAYBURT;AYDINTEPE;KALE;TURGUT ÖZAL SOKAK;sokak;321252470
BAYBURT;AYDINTEPE;KALE;Y. SULTAN SELİM SOKAK;sokak;728587150
BAYBURT;AYDINTEPE;KALE;YAĞMUR SOKAK;sokak;592840910
BAYBURT;AYDINTEPE;KALE;YALVAÇ SOKAK;sokak;947681990
BAYBURT;AYDINTEPE;KALE;YAŞARDOĞU SOKAK;sokak;725194
BAYBURT;AYDINTEPE;KALE;YEŞİLOVA CADDE;cadde;959624
BAYBURT;AYDINTEPE;KALE;YURT SOKAK;sokak;942463940
BAYBURT;AYDINTEPE;KALE;ZEYTİNDALI SOKAK;sokak;503474910
BAYBURT;AYDINTEPE;KALE;ZİYA GÖKALP SOKAK;sokak;829756811
BAYBURT;AYDINTEPE;KAVLATAN NA;KAVLATAN KÜME EVLER;sokak;580307
BAYBURT;AYDINTEPE;KAVLATAN NA;KAVLATAN YAYLA KÜME EVLER;sokak;471693540
BAYBURT;AYDINTEPE;KILIÇKAYA - ÇEMÇÜL YAYLA;ÇAYKARA BULVAR;sokak;822991080
BAYBURT;AYDINTEPE;KILIÇKAYA - ÇEMÇÜL YAYLA;ÇEMÇÜL YAYLA 1 KÜME EVLER;sokak;696475500
BAYBURT;AYDINTEPE;KILIÇKAYA - ÇEMÇÜL YAYLA;ÇEMÇÜL YAYLA KÜME EVLER;sokak;601603
BAYBURT;AYDINTEPE;KILIÇKAYA - MERKEZ;ÇAYKARA BULVAR;sokak;648743810
BAYBURT;AYDINTEPE;KILIÇKAYA - MERKEZ;KILIÇKAYA KÜME EVLER;sokak;591891
BAYBURT;AYDINTEPE;PINARGÖZÜ NA;PINARGÖZÜ KÜME EVLER;sokak;469662
BAYBURT;AYDINTEPE;SIRATAŞLAR NA;ÇAYKARA BULVAR;sokak;352202760
BAYBURT;AYDINTEPE;SIRATAŞLAR NA;SIRATAŞLAR KÜME EVLER;sokak;597797
BAYBURT;AYDINTEPE;SIRATAŞLAR NA;SIRATAŞLAR YAYLASI KÜME EVLER;sokak;525846040
BAYBURT;AYDINTEPE;SORKUNLU NA;AŞAĞI MEZRA KÜME EVLER;sokak;194377550
BAYBURT;AYDINTEPE;SORKUNLU NA;ÇAVDAR YAYLASI KÜME EVLER;sokak;770740290
BAYBURT;AYDINTEPE;SORKUNLU NA;ÇİÇEKLİ YAYLASI KÜME EVLER;sokak;128704650
BAYBURT;AYDINTEPE;SORKUNLU NA;KARAKAYA YAYLASI KÜME EVLER;sokak;198061811
BAYBURT;AYDINTEPE;SORKUNLU NA;SOMAROVA YAYLASI KÜME EVLER;sokak;251079390
BAYBURT;AYDINTEPE;SORKUNLU NA;SORKUNLU KÜME EVLER;sokak;594254
BAYBURT;AYDINTEPE;SORKUNLU NA;TORNAVİ YAYLASI KÜME EVLER;sokak;760402861
BAYBURT;AYDINTEPE;SORKUNLU NA;YUKARI MEZRA KÜME EVLER;sokak;428505940
BAYBURT;AYDINTEPE;SULUDERE NA;AKKOYUN YAYLASI KÜME EVLER;sokak;268246151
BAYBURT;AYDINTEPE;SULUDERE NA;SOLGARİ YAYLASI KÜME EVLER;sokak;700541840
BAYBURT;AYDINTEPE;SULUDERE NA;SULUDERE KÜME EVLER;sokak;589709
BAYBURT;AYDINTEPE;ŞALCILAR NA;ŞALCILAR KÜME EVLER;sokak;82388
BAYBURT;AYDINTEPE;YAKUDİYE;ARAPOĞLU SOKAK;sokak;125883
BAYBURT;AYDINTEPE;YAKUDİYE;ATATÜRK CADDE;cadde;125885
BAYBURT;AYDINTEPE;YAKUDİYE;BAŞAK SOKAK;sokak;435407230
BAYBURT;AYDINTEPE;YAKUDİYE;BAYBURT CADDE;cadde;604512590
BAYBURT;AYDINTEPE;YAKUDİYE;BEŞBAŞLI SOKAK;sokak;405872
BAYBURT;AYDINTEPE;YAKUDİYE;BÜLBÜL KÜME EVLER;sokak;789357070
BAYBURT;AYDINTEPE;YAKUDİYE;CEVDET BİRGÜL SOKAK;sokak;125884
BAYBURT;AYDINTEPE;YAKUDİYE;ÇAĞLAYAN KÜME EVLER;sokak;694577290
BAYBURT;AYDINTEPE;YAKUDİYE;ÇAYIR SOKAK;sokak;276097910
BAYBURT;AYDINTEPE;YAKUDİYE;ÇELİK SOKAK;sokak;147347760
BAYBURT;AYDINTEPE;YAKUDİYE;ÇINARLI KÜME EVLER;sokak;154798680
BAYBURT;AYDINTEPE;YAKUDİYE;DEĞİRMENDERE SOKAK;sokak;229948
BAYBURT;AYDINTEPE;YAKUDİYE;DIŞZİYARETİ SOKAK;sokak;732912470
BAYBURT;AYDINTEPE;YAKUDİYE;GÖKKUŞAĞI KÜME EVLER;sokak;742481050
BAYBURT;AYDINTEPE;YAKUDİYE;GÜNALAN KÜME EVLER;sokak;337391780
BAYBURT;AYDINTEPE;YAKUDİYE;HİLAL KÜME EVLER;sokak;477656490
BAYBURT;AYDINTEPE;YAKUDİYE;HÜRRİYET CADDE;cadde;125886
BAYBURT;AYDINTEPE;YAKUDİYE;İĞDELER SOKAK;sokak;125890
BAYBURT;AYDINTEPE;YAKUDİYE;İSHAKOĞLU CADDE;cadde;225530
BAYBURT;AYDINTEPE;YAKUDİYE;İSTİKLAL CADDE;cadde;125889
BAYBURT;AYDINTEPE;YAKUDİYE;KIZILLAR KÜME EVLER;sokak;801211140
BAYBURT;AYDINTEPE;YAKUDİYE;LİSE SOKAK;sokak;405873
BAYBURT;AYDINTEPE;YAKUDİYE;MANOLYA KÜME EVLER;sokak;605344190
BAYBURT;AYDINTEPE;YAKUDİYE;MOLLA HALİL SOKAK;sokak;125887
BAYBURT;AYDINTEPE;YAKUDİYE;NERGİS SOKAK;sokak;405874
BAYBURT;AYDINTEPE;YAKUDİYE;OKUMUŞLAR SOKAK;sokak;603079640
BAYBURT;AYDINTEPE;YAKUDİYE;PARK SOKAK;sokak;426203280
BAYBURT;AYDINTEPE;YAKUDİYE;RÜZGARLI SOKAK;sokak;435216
BAYBURT;AYDINTEPE;YAKUDİYE;SAĞLIK OCAĞI CADDE;cadde;125888
BAYBURT;AYDINTEPE;YAKUDİYE;SELÇUKLU SOKAK;sokak;572186531
BAYBURT;AYDINTEPE;YAKUDİYE;SELVİ KÜME EVLER;sokak;836600920
BAYBURT;AYDINTEPE;YAKUDİYE;SÖĞÜT SOKAK;sokak;708060881
BAYBURT;AYDINTEPE;YAKUDİYE;ŞAFAK KÜME EVLER;sokak;163206990
BAYBURT;AYDINTEPE;YAKUDİYE;UĞURLU SOKAK;sokak;452724080
BAYBURT;AYDINTEPE;YAKUDİYE;YENİ SOKAK;sokak;959596
BAYBURT;AYDINTEPE;YANOBA NA;YANOBA KÜME EVLER;sokak;581956
BAYBURT;AYDINTEPE;YAPRACIK NA;YAPRACIK KÜME EVLER;sokak;76217
BAYBURT;AYDINTEPE;YAZLIK NA;ŞALCILAR KÜME EVLER;sokak;469746890
BAYBURT;AYDINTEPE;YAZLIK NA;YAZLIK KÜME EVLER;sokak;574520
BAYBURT;AYDINTEPE;YUKARIKIRZI NA;YUKARIKIRZI KÜME EVLER;sokak;588172
BAYBURT;DEMİRÖZÜ;AKYAKA NA;AKYAKA KÜME EVLER;sokak;538138
BAYBURT;DEMİRÖZÜ;BAYRAMPAŞA NA;BAYRAMPAŞA KÜME EVLER;sokak;545471
BAYBURT;DEMİRÖZÜ;BAYRAMPAŞA NA;GÖKÇEDERE DEMİRÖZÜ BULVAR;sokak;764865471
BAYBURT;DEMİRÖZÜ;BEŞPINAR - ESENYURT;AKTAN SOKAK;sokak;125922
BAYBURT;DEMİRÖZÜ;BEŞPINAR - ESENYURT;CUMHURİYET SOKAK;sokak;125923
BAYBURT;DEMİRÖZÜ;BEŞPINAR - ESENYURT;ÇORAK DÜZÜ KÜME EVLER;sokak;938108
BAYBURT;DEMİRÖZÜ;BEŞPINAR - ESENYURT;EDİP KAHRAMAN SOKAK;sokak;405875
BAYBURT;DEMİRÖZÜ;BEŞPINAR - ESENYURT;HASTANE KÜME EVLER;sokak;125924
BAYBURT;DEMİRÖZÜ;BEŞPINAR - ESENYURT;İSMAİL ÇAVUŞ SOKAK;sokak;405877
BAYBURT;DEMİRÖZÜ;BEŞPINAR - ESENYURT;KALECİK YOLU SOKAK;sokak;938107
BAYBURT;DEMİRÖZÜ;BEŞPINAR - ESENYURT;OKUL SOKAK;sokak;125925
BAYBURT;DEMİRÖZÜ;BEŞPINAR - ESENYURT;VURAL SOKAK;sokak;405876
BAYBURT;DEMİRÖZÜ;BEŞPINAR - ESENYURT;YAKUT SOKAK;sokak;125926
BAYBURT;DEMİRÖZÜ;BEŞPINAR - ESENYURT;YAVUZ SOKAK;sokak;125927
BAYBURT;DEMİRÖZÜ;BEŞPINAR - ESENYURT;YILDIRIM SOKAK;sokak;125928
BAYBURT;DEMİRÖZÜ;BEŞPINAR - YEŞİLYURT;AKYAKA SOKAK;sokak;125929
BAYBURT;DEMİRÖZÜ;BEŞPINAR - YEŞİLYURT;BENT SOKAK;sokak;125930
BAYBURT;DEMİRÖZÜ;BEŞPINAR - YEŞİLYURT;CUMHURİYET SOKAK;sokak;405878
BAYBURT;DEMİRÖZÜ;BEŞPINAR - YEŞİLYURT;DEĞİRMEN SOKAK;sokak;125932
BAYBURT;DEMİRÖZÜ;BEŞPINAR - YEŞİLYURT;DENİZ SOKAK;sokak;125931
BAYBURT;DEMİRÖZÜ;BEŞPINAR - YEŞİLYURT;GÜL SOKAK;sokak;125933
BAYBURT;DEMİRÖZÜ;BEŞPINAR - YEŞİLYURT;HASTANE KÜME EVLER;sokak;249363610
BAYBURT;DEMİRÖZÜ;BEŞPINAR - YEŞİLYURT;KALECİK YOLU SOKAK;sokak;600065330
BAYBURT;DEMİRÖZÜ;BEŞPINAR - YEŞİLYURT;KIRANOĞLU SOKAK;sokak;405879
BAYBURT;DEMİRÖZÜ;BEŞPINAR - YEŞİLYURT;NEHİR SOKAK;sokak;125934
BAYBURT;DEMİRÖZÜ;BEŞPINAR - YEŞİLYURT;OTLUKBELİ 2 KÜME EVLER;sokak;742489230
BAYBURT;DEMİRÖZÜ;BEŞPINAR - YEŞİLYURT;OTLUKBELİ 3 KÜME EVLER;sokak;381063810
BAYBURT;DEMİRÖZÜ;BEŞPINAR - YEŞİLYURT;OTLUKBELİ SOKAK;sokak;125935
BAYBURT;DEMİRÖZÜ;BEŞPINAR - YEŞİLYURT;OTLUKBELİ1 KÜME EVLER;sokak;405774881
BAYBURT;DEMİRÖZÜ;BEŞPINAR - YEŞİLYURT;PINAR 1 KÜME EVLER;sokak;123303790
BAYBURT;DEMİRÖZÜ;BEŞPINAR - YEŞİLYURT;PINAR SOKAK;sokak;405880
BAYBURT;DEMİRÖZÜ;BEŞPINAR - YEŞİLYURT;PINARBAŞI 1 SOKAK;sokak;495982611
BAYBURT;DEMİRÖZÜ;BEŞPINAR - YEŞİLYURT;PINARBAŞI SOKAK;sokak;125936
BAYBURT;DEMİRÖZÜ;BEŞPINAR - YEŞİLYURT;ŞEHİT GÜRCAN YAVUZ SOKAK;sokak;125939
BAYBURT;DEMİRÖZÜ;BEŞPINAR - YEŞİLYURT;TORUNOĞLU SOKAK;sokak;125937
BAYBURT;DEMİRÖZÜ;BEŞPINAR - YEŞİLYURT;TURAN SOKAK;sokak;125938
BAYBURT;DEMİRÖZÜ;BEŞPINAR - YEŞİLYURT;TÜKENMEZ SOKAK;sokak;405881
BAYBURT;DEMİRÖZÜ;ÇAĞILLI NA;CAĞILLI KÜME EVLER;sokak;196112760
BAYBURT;DEMİRÖZÜ;ÇAĞILLI NA;ÇAĞILLI KÜME EVLER;sokak;545114
BAYBURT;DEMİRÖZÜ;ÇAKIRÖZ NA;ÇAKIRÖZÜ KÜME EVLER;sokak;543783
BAYBURT;DEMİRÖZÜ;ÇATALÇEŞME NA;ÇATALÇEŞME KÜME EVLER;sokak;544761
BAYBURT;DEMİRÖZÜ;ÇİFTETAŞ;2000 SOKAK;sokak;391874551
BAYBURT;DEMİRÖZÜ;ÇİFTETAŞ;2001 SOKAK;sokak;518668611
BAYBURT;DEMİRÖZÜ;ÇİFTETAŞ;2002 SOKAK;sokak;195050981
BAYBURT;DEMİRÖZÜ;ÇİFTETAŞ;2003 SOKAK;sokak;734300841
BAYBURT;DEMİRÖZÜ;ÇİFTETAŞ;2004 SOKAK;sokak;552470351
BAYBURT;DEMİRÖZÜ;ÇİFTETAŞ;2005 SOKAK;sokak;688251241
BAYBURT;DEMİRÖZÜ;ÇİFTETAŞ;2006 SOKAK;sokak;390415791
BAYBURT;DEMİRÖZÜ;ÇİFTETAŞ;2007 SOKAK;sokak;958799381
BAYBURT;DEMİRÖZÜ;ÇİFTETAŞ;2008 SOKAK;sokak;551765311
BAYBURT;DEMİRÖZÜ;ÇİFTETAŞ;2009 SOKAK;sokak;439735931
BAYBURT;DEMİRÖZÜ;ÇİFTETAŞ;AKASYA SOKAK;sokak;722250710
BAYBURT;DEMİRÖZÜ;ÇİFTETAŞ;ÇAKIRÖZÜ KÖYÜ BULVAR;sokak;642892420
BAYBURT;DEMİRÖZÜ;ÇİFTETAŞ;ÇAYIRYOLU KÖYÜ KÜME EVLER;sokak;322094470
BAYBURT;DEMİRÖZÜ;ÇİFTETAŞ;ÇİFTETAŞ SOKAK;sokak;556156
BAYBURT;DEMİRÖZÜ;ÇİFTETAŞ;DEMİRÖZÜ BULVAR;sokak;754323100
BAYBURT;DEMİRÖZÜ;ÇİFTETAŞ;GÜNDOĞDU SOKAK;sokak;1368511
BAYBURT;DEMİRÖZÜ;ÇİFTETAŞ;GÜNEŞ SOKAK;sokak;848688
BAYBURT;DEMİRÖZÜ;ÇİFTETAŞ;HOŞGÖRÜ SOKAK;sokak;366468260
BAYBURT;DEMİRÖZÜ;ÇİFTETAŞ;İPEK SOKAK;sokak;848687
BAYBURT;DEMİRÖZÜ;ÇİFTETAŞ;PINAR SOKAK;sokak;618092730
BAYBURT;DEMİRÖZÜ;ÇİFTETAŞ;PİYADE ER OSMAN AYDOĞDU SOKAK;sokak;848685
BAYBURT;DEMİRÖZÜ;ÇİFTETAŞ;VALI SALIH AYHAN BULVARI BULVAR;sokak;623925761
BAYBURT;DEMİRÖZÜ;ÇİFTETAŞ;YEŞİLYURT SOKAK;sokak;848690
BAYBURT;DEMİRÖZÜ;ÇİFTETAŞ;YILDIZ SOKAK;sokak;848689
BAYBURT;DEMİRÖZÜ;ÇİMENTEPE NA;ÇİMENTEPE KÜME EVLER;sokak;543211
BAYBURT;DEMİRÖZÜ;DAMLICA NA;DAMLICA KÜME EVLER;sokak;548258
BAYBURT;DEMİRÖZÜ;DEVETAŞI NA;DEVETAŞI KÜME EVLER;sokak;462819
BAYBURT;DEMİRÖZÜ;DİKMETAŞ NA;DİKMETAŞ KÜME EVLER;sokak;546043
BAYBURT;DEMİRÖZÜ;DİKMETAŞ NA;KALECİK YOLU SOKAK;sokak;237292541
BAYBURT;DEMİRÖZÜ;ELMALI NA;ELMALI KÜME EVLER;sokak;554265
BAYBURT;DEMİRÖZÜ;ESENTEPE;1013 SOKAK;sokak;427791081
BAYBURT;DEMİRÖZÜ;ESENTEPE;1014 SOKAK;sokak;528752831
BAYBURT;DEMİRÖZÜ;ESENTEPE;1015 SOKAK;sokak;150196071
BAYBURT;DEMİRÖZÜ;ESENTEPE;1016 SOKAK;sokak;155821411
BAYBURT;DEMİRÖZÜ;ESENTEPE;1017 SOKAK;sokak;925816511
BAYBURT;DEMİRÖZÜ;ESENTEPE;1018 SOKAK;sokak;270558621
BAYBURT;DEMİRÖZÜ;ESENTEPE;1019 SOKAK;sokak;549664781
BAYBURT;DEMİRÖZÜ;ESENTEPE;1020 SOKAK;sokak;687748501
BAYBURT;DEMİRÖZÜ;ESENTEPE;1021 SOKAK;sokak;780487821
BAYBURT;DEMİRÖZÜ;ESENTEPE;1022 SOKAK;sokak;867866131
BAYBURT;DEMİRÖZÜ;ESENTEPE;1023 SOKAK;sokak;662255741
BAYBURT;DEMİRÖZÜ;ESENTEPE;1024 SOKAK;sokak;365964351
BAYBURT;DEMİRÖZÜ;ESENTEPE;1027 SOKAK;sokak;368095641
BAYBURT;DEMİRÖZÜ;ESENTEPE;15 TEMMUZ SOKAK;sokak;597130400
BAYBURT;DEMİRÖZÜ;ESENTEPE;ASMALI SOKAK;sokak;880071330
BAYBURT;DEMİRÖZÜ;ESENTEPE;AŞIK VEYSEL SOKAK;sokak;698108
BAYBURT;DEMİRÖZÜ;ESENTEPE;BAHA SOKAK;sokak;729346
BAYBURT;DEMİRÖZÜ;ESENTEPE;BAYRAMPAŞA KÖYÜ BULVAR;sokak;218833350
BAYBURT;DEMİRÖZÜ;ESENTEPE;BİLGE SOKAK;sokak;513822080
BAYBURT;DEMİRÖZÜ;ESENTEPE;BİNALİ SALMAN SOKAK;sokak;265316810
BAYBURT;DEMİRÖZÜ;ESENTEPE;BUHARA SOKAK;sokak;120670
BAYBURT;DEMİRÖZÜ;ESENTEPE;BULUT SOKAK;sokak;633096860
BAYBURT;DEMİRÖZÜ;ESENTEPE;BURAK SOKAK;sokak;729008
BAYBURT;DEMİRÖZÜ;ESENTEPE;CAMİ SOKAK;sokak;394509290
BAYBURT;DEMİRÖZÜ;ESENTEPE;ÇİMEN SOKAK;sokak;592908820
BAYBURT;DEMİRÖZÜ;ESENTEPE;DEDE PAŞA CADDE;cadde;733331
BAYBURT;DEMİRÖZÜ;ESENTEPE;FATİH SULTAN MEHMET CADDE;cadde;838404
BAYBURT;DEMİRÖZÜ;ESENTEPE;GAZİ GÖKHAN AÇIKGÖZ CADDE;cadde;168257
BAYBURT;DEMİRÖZÜ;ESENTEPE;GONCA SOKAK;sokak;698118
BAYBURT;DEMİRÖZÜ;ESENTEPE;GÜLTEPE CADDE;cadde;363349691
BAYBURT;DEMİRÖZÜ;ESENTEPE;GÜNGÖREN SOKAK;sokak;417075
BAYBURT;DEMİRÖZÜ;ESENTEPE;GÜZİN SOKAK;sokak;297851
BAYBURT;DEMİRÖZÜ;ESENTEPE;HİLAL SOKAK;sokak;280930
BAYBURT;DEMİRÖZÜ;ESENTEPE;KARAKAYA SOKAK;sokak;698202
BAYBURT;DEMİRÖZÜ;ESENTEPE;KENAN ÖNER SOKAK;sokak;722647
BAYBURT;DEMİRÖZÜ;ESENTEPE;LOKMAN HEKİM SOKAK;sokak;353083
BAYBURT;DEMİRÖZÜ;ESENTEPE;MARAŞAL FEVZİ ÇAKMAK CADDE;cadde;417068
BAYBURT;DEMİRÖZÜ;ESENTEPE;MEHMET AKİF ERSOY CADDE;cadde;698964
BAYBURT;DEMİRÖZÜ;ESENTEPE;NENEHATUN SOKAK;sokak;168272
BAYBURT;DEMİRÖZÜ;ESENTEPE;NİLÜFER SOKAK;sokak;694645
BAYBURT;DEMİRÖZÜ;ESENTEPE;ORGENERAL YAŞAR GÜLER CADDE;cadde;848741140
BAYBURT;DEMİRÖZÜ;ESENTEPE;SAKARYA SOKAK;sokak;555283350
BAYBURT;DEMİRÖZÜ;ESENTEPE;SELVİ SOKAK;sokak;417070
BAYBURT;DEMİRÖZÜ;ESENTEPE;SERİNTEPE SOKAK;sokak;753455870
BAYBURT;DEMİRÖZÜ;ESENTEPE;ŞEHİT JANDARMA KOMANDO ER HAKAN ÖNER CADDE;cadde;848837
BAYBURT;DEMİRÖZÜ;ESENTEPE;ŞEHİT JANDARMA UZMAN ÇAVUŞ FIRAT KILIÇ CADDE;cadde;849656
BAYBURT;DEMİRÖZÜ;ESENTEPE;ŞEHİT SALİH AY BULVAR;sokak;774273001
BAYBURT;DEMİRÖZÜ;ESENTEPE;TURAN SOKAK;sokak;694652
BAYBURT;DEMİRÖZÜ;ESENTEPE;VALI SALIH AYHAN BULVARI BULVAR;sokak;623925760
BAYBURT;DEMİRÖZÜ;ESENTEPE;VATAN SOKAK;sokak;159796360
BAYBURT;DEMİRÖZÜ;ESENTEPE;VEFA SOKAK;sokak;616268750
BAYBURT;DEMİRÖZÜ;ESENTEPE;YAMAÇ SOKAK;sokak;694658
BAYBURT;DEMİRÖZÜ;ESENTEPE;YEŞİL SOKAK;sokak;766005011
BAYBURT;DEMİRÖZÜ;ESENTEPE;YILDIRIM SOKAK;sokak;698795
BAYBURT;DEMİRÖZÜ;ESENTEPE;YUNUS EMRE CADDE;cadde;694662
BAYBURT;DEMİRÖZÜ;ESENTEPE;ZAFER SOKAK;sokak;698200
BAYBURT;DEMİRÖZÜ;ESENTEPE;ZEYTİN DALI SOKAK;sokak;512688860
BAYBURT;DEMİRÖZÜ;EYMÜR NA;EYMÜR KÜME EVLER;sokak;556183
BAYBURT;DEMİRÖZÜ;EYMÜR NA;GÖKÇEDERE DEMİRÖZÜ BULVAR;sokak;696854770
BAYBURT;DEMİRÖZÜ;GÖKÇEDERE - KARŞIYAKA;AÇIKGÖZ SOKAK;sokak;779618520
BAYBURT;DEMİRÖZÜ;GÖKÇEDERE - KARŞIYAKA;AHU SOKAK;sokak;385995
BAYBURT;DEMİRÖZÜ;GÖKÇEDERE - KARŞIYAKA;ALPARSLAN TÜRKEŞ CADDE;cadde;717451
BAYBURT;DEMİRÖZÜ;GÖKÇEDERE - KARŞIYAKA;AYDIN KÜME EVLER;sokak;711430360
BAYBURT;DEMİRÖZÜ;GÖKÇEDERE - KARŞIYAKA;BAĞLAR SOKAK;sokak;724297
BAYBURT;DEMİRÖZÜ;GÖKÇEDERE - KARŞIYAKA;BAHÇE SOKAK;sokak;47001
BAYBURT;DEMİRÖZÜ;GÖKÇEDERE - KARŞIYAKA;BAYBURT CADDE;cadde;721523
BAYBURT;DEMİRÖZÜ;GÖKÇEDERE - KARŞIYAKA;CEMAL KÜME EVLER;sokak;646116350
BAYBURT;DEMİRÖZÜ;GÖKÇEDERE - KARŞIYAKA;ÇAĞRI SOKAK;sokak;203579680
BAYBURT;DEMİRÖZÜ;GÖKÇEDERE - KARŞIYAKA;ÇAYKARA SOKAK;sokak;405883
BAYBURT;DEMİRÖZÜ;GÖKÇEDERE - KARŞIYAKA;ÇİMEN SOKAK;sokak;237844
BAYBURT;DEMİRÖZÜ;GÖKÇEDERE - KARŞIYAKA;DEVETAŞI KÖYÜ KÜME EVLER;sokak;205166960
BAYBURT;DEMİRÖZÜ;GÖKÇEDERE - KARŞIYAKA;DİKMETAŞ 1 KÜME EVLER;sokak;729744050
BAYBURT;DEMİRÖZÜ;GÖKÇEDERE - KARŞIYAKA;ERZİNCAN CADDE;cadde;125943
BAYBURT;DEMİRÖZÜ;GÖKÇEDERE - KARŞIYAKA;GARİP SOKAK;sokak;125944
BAYBURT;DEMİRÖZÜ;GÖKÇEDERE - KARŞIYAKA;GÖKÇEDERE DEMİRÖZÜ BULVAR;sokak;357910030
BAYBURT;DEMİRÖZÜ;GÖKÇEDERE - KARŞIYAKA;KALE ÇIKMAZI SOKAK;sokak;125940
BAYBURT;DEMİRÖZÜ;GÖKÇEDERE - KARŞIYAKA;KALE SOKAK;sokak;125945
BAYBURT;DEMİRÖZÜ;GÖKÇEDERE - KARŞIYAKA;KIR KÜME EVLER;sokak;383103550
BAYBURT;DEMİRÖZÜ;GÖKÇEDERE - KARŞIYAKA;KIRLANGIÇ KÜME EVLER;sokak;227171020
BAYBURT;DEMİRÖZÜ;GÖKÇEDERE - KARŞIYAKA;KUTUP 5 KÜME EVLER;sokak;886950850
BAYBURT;DEMİRÖZÜ;GÖKÇEDERE - KARŞIYAKA;KUTUP CADDE;cadde;237843
BAYBURT;DEMİRÖZÜ;GÖKÇEDERE - KARŞIYAKA;NAR SOKAK;sokak;405882
BAYBURT;DEMİRÖZÜ;GÖKÇEDERE - KARŞIYAKA;ÖZDEMİR KÜME EVLER;sokak;584565590
BAYBURT;DEMİRÖZÜ;GÖKÇEDERE - KARŞIYAKA;REİS KÜME EVLER;sokak;355045470
BAYBURT;DEMİRÖZÜ;GÖKÇEDERE - KARŞIYAKA;SEYRAN SOKAK;sokak;125941
BAYBURT;DEMİRÖZÜ;GÖKÇEDERE - KARŞIYAKA;TURGUT ÖZAL CADDE;cadde;125942
BAYBURT;DEMİRÖZÜ;GÖKÇEDERE - KARŞIYAKA;YILMAZ KÜME EVLER;sokak;115794550
BAYBURT;DEMİRÖZÜ;GÖKÇEDERE - PINARBAŞI;AHSEN KÜME EVLER;sokak;648186930
BAYBURT;DEMİRÖZÜ;GÖKÇEDERE - PINARBAŞI;AKDUMAN SOKAK;sokak;668411150
BAYBURT;DEMİRÖZÜ;GÖKÇEDERE - PINARBAŞI;AKMEŞE SOKAK;sokak;734505
BAYBURT;DEMİRÖZÜ;GÖKÇEDERE - PINARBAŞI;ARZU KÜME EVLER;sokak;829884370
BAYBURT;DEMİRÖZÜ;GÖKÇEDERE - PINARBAŞI;AY SOKAK;sokak;728855
BAYBURT;DEMİRÖZÜ;GÖKÇEDERE - PINARBAŞI;AYVA SOKAK;sokak;405884
BAYBURT;DEMİRÖZÜ;GÖKÇEDERE - PINARBAŞI;BAHAR KÜME EVLER;sokak;874426610
BAYBURT;DEMİRÖZÜ;GÖKÇEDERE - PINARBAŞI;BAŞARAN KÜME EVLER;sokak;269717390
BAYBURT;DEMİRÖZÜ;GÖKÇEDERE - PINARBAŞI;BAYIR SOKAK;sokak;437628
BAYBURT;DEMİRÖZÜ;GÖKÇEDERE - PINARBAŞI;BAYRAMPAŞA YOLU KÜME EVLER;sokak;661021120
BAYBURT;DEMİRÖZÜ;GÖKÇEDERE - PINARBAŞI;BULUT KÜME EVLER;sokak;169457840
BAYBURT;DEMİRÖZÜ;GÖKÇEDERE - PINARBAŞI;BULVAR SOKAK;sokak;125946
BAYBURT;DEMİRÖZÜ;GÖKÇEDERE - PINARBAŞI;ÇARDAK SOKAK;sokak;125959
BAYBURT;DEMİRÖZÜ;GÖKÇEDERE - PINARBAŞI;ÇİÇEK SOKAK;sokak;238010
BAYBURT;DEMİRÖZÜ;GÖKÇEDERE - PINARBAŞI;ÇÖMLEK SOKAK;sokak;405890
BAYBURT;DEMİRÖZÜ;GÖKÇEDERE - PINARBAŞI;DAHİ SOKAK;sokak;125947
BAYBURT;DEMİRÖZÜ;GÖKÇEDERE - PINARBAŞI;DERE SOKAK;sokak;405885
BAYBURT;DEMİRÖZÜ;GÖKÇEDERE - PINARBAŞI;EREN SOKAK;sokak;238006
BAYBURT;DEMİRÖZÜ;GÖKÇEDERE - PINARBAŞI;FATİH CADDE;cadde;125948
BAYBURT;DEMİRÖZÜ;GÖKÇEDERE - PINARBAŞI;FİDANLIK SOKAK;sokak;729810
BAYBURT;DEMİRÖZÜ;GÖKÇEDERE - PINARBAŞI;GAZİ SOKAK;sokak;629941400
BAYBURT;DEMİRÖZÜ;GÖKÇEDERE - PINARBAŞI;GELİNCİK SOKAK;sokak;125955
BAYBURT;DEMİRÖZÜ;GÖKÇEDERE - PINARBAŞI;GÜMÜŞ SOKAK;sokak;136521
BAYBURT;DEMİRÖZÜ;GÖKÇEDERE - PINARBAŞI;GÜNEŞ SOKAK;sokak;405886
BAYBURT;DEMİRÖZÜ;GÖKÇEDERE - PINARBAŞI;HAKİMİYET CADDE;cadde;156206
BAYBURT;DEMİRÖZÜ;GÖKÇEDERE - PINARBAŞI;HİLAL SOKAK;sokak;238007
BAYBURT;DEMİRÖZÜ;GÖKÇEDERE - PINARBAŞI;IŞIK ÇIKMAZI SOKAK;sokak;125951
BAYBURT;DEMİRÖZÜ;GÖKÇEDERE - PINARBAŞI;KADİFE SOKAK;sokak;125952
BAYBURT;DEMİRÖZÜ;GÖKÇEDERE - PINARBAŞI;KANARYA SOKAK;sokak;405887
BAYBURT;DEMİRÖZÜ;GÖKÇEDERE - PINARBAŞI;KARDEŞLER KÜME EVLER;sokak;229905350
BAYBURT;DEMİRÖZÜ;GÖKÇEDERE - PINARBAŞI;KARTEPE KÜME EVLER;sokak;258648930
BAYBURT;DEMİRÖZÜ;GÖKÇEDERE - PINARBAŞI;KELKİT GÖKÇEDERE BULVAR;sokak;907257630
BAYBURT;DEMİRÖZÜ;GÖKÇEDERE - PINARBAŞI;KORUCU SOKAK;sokak;125953
BAYBURT;DEMİRÖZÜ;GÖKÇEDERE - PINARBAŞI;KÖSEYOLU SOKAK;sokak;444319
BAYBURT;DEMİRÖZÜ;GÖKÇEDERE - PINARBAŞI;MAHSUN SOKAK;sokak;100373640
BAYBURT;DEMİRÖZÜ;GÖKÇEDERE - PINARBAŞI;MARAŞAL FEVZİ ÇAKMAK CADDE;cadde;405888
BAYBURT;DEMİRÖZÜ;GÖKÇEDERE - PINARBAŞI;MENEKŞE SOKAK;sokak;125957
BAYBURT;DEMİRÖZÜ;GÖKÇEDERE - PINARBAŞI;MEŞRUTİYET CADDE;cadde;125954
BAYBURT;DEMİRÖZÜ;GÖKÇEDERE - PINARBAŞI;PINAR SOKAK;sokak;238008
BAYBURT;DEMİRÖZÜ;GÖKÇEDERE - PINARBAŞI;RÜZGAR SOKAK;sokak;125956
BAYBURT;DEMİRÖZÜ;GÖKÇEDERE - PINARBAŞI;SINIKÇI SOKAK;sokak;405889
BAYBURT;DEMİRÖZÜ;GÖKÇEDERE - PINARBAŞI;ŞEKER SOKAK;sokak;342452330
BAYBURT;DEMİRÖZÜ;GÖKÇEDERE - PINARBAŞI;ŞENYURT SOKAK;sokak;790217700
BAYBURT;DEMİRÖZÜ;GÖKÇEDERE - PINARBAŞI;VATAN CADDE;cadde;125950
BAYBURT;DEMİRÖZÜ;GÖKÇEDERE - PINARBAŞI;YAĞMUR SOKAK;sokak;238009
BAYBURT;DEMİRÖZÜ;GÖKÇEDERE - PINARBAŞI;YILDIZ SOKAK;sokak;125958
BAYBURT;DEMİRÖZÜ;GÖKÇEDERE - YEŞİLYURT;ACAR SOKAK;sokak;693065460
BAYBURT;DEMİRÖZÜ;GÖKÇEDERE - YEŞİLYURT;AKGÜN SOKAK;sokak;877810350
BAYBURT;DEMİRÖZÜ;GÖKÇEDERE - YEŞİLYURT;ALBAY SOKAK;sokak;405891
BAYBURT;DEMİRÖZÜ;GÖKÇEDERE - YEŞİLYURT;ARALIK SOKAK;sokak;125960
BAYBURT;DEMİRÖZÜ;GÖKÇEDERE - YEŞİLYURT;AŞKIN ÇIKMAZI SOKAK;sokak;125962
BAYBURT;DEMİRÖZÜ;GÖKÇEDERE - YEŞİLYURT;AŞUT SOKAK;sokak;549494740
BAYBURT;DEMİRÖZÜ;GÖKÇEDERE - YEŞİLYURT;ATİK SOKAK;sokak;125961
BAYBURT;DEMİRÖZÜ;GÖKÇEDERE - YEŞİLYURT;BAYRAM SOKAK;sokak;458487360
BAYBURT;DEMİRÖZÜ;GÖKÇEDERE - YEŞİLYURT;CUMHURİYET MEYDAN;sokak;244216
BAYBURT;DEMİRÖZÜ;GÖKÇEDERE - YEŞİLYURT;DAVUT KÜME EVLER;sokak;865168950
BAYBURT;DEMİRÖZÜ;GÖKÇEDERE - YEŞİLYURT;DEMİRCİ SOKAK;sokak;125963
BAYBURT;DEMİRÖZÜ;GÖKÇEDERE - YEŞİLYURT;FATİH CADDE;cadde;125964
BAYBURT;DEMİRÖZÜ;GÖKÇEDERE - YEŞİLYURT;GÜL SOKAK;sokak;402566
BAYBURT;DEMİRÖZÜ;GÖKÇEDERE - YEŞİLYURT;HARMAN SOKAK;sokak;125965
BAYBURT;DEMİRÖZÜ;GÖKÇEDERE - YEŞİLYURT;IRMAK SOKAK;sokak;125966
BAYBURT;DEMİRÖZÜ;GÖKÇEDERE - YEŞİLYURT;İLKOKUL SOKAK;sokak;118906
BAYBURT;DEMİRÖZÜ;GÖKÇEDERE - YEŞİLYURT;İSTİKLAL CADDE;cadde;118907
BAYBURT;DEMİRÖZÜ;GÖKÇEDERE - YEŞİLYURT;İSTİKLAL ÇIKMAZI SOKAK;sokak;118908
BAYBURT;DEMİRÖZÜ;GÖKÇEDERE - YEŞİLYURT;KARANFİL SOKAK;sokak;402567
BAYBURT;DEMİRÖZÜ;GÖKÇEDERE - YEŞİLYURT;KAZIM KARABEKİR CADDE;cadde;124714
BAYBURT;DEMİRÖZÜ;GÖKÇEDERE - YEŞİLYURT;KUMRU SOKAK;sokak;124715
BAYBURT;DEMİRÖZÜ;GÖKÇEDERE - YEŞİLYURT;LALE SOKAK;sokak;124716
BAYBURT;DEMİRÖZÜ;GÖKÇEDERE - YEŞİLYURT;LEYLEK SOKAK;sokak;689894410
BAYBURT;DEMİRÖZÜ;GÖKÇEDERE - YEŞİLYURT;MAHSUN SOKAK;sokak;124717
BAYBURT;DEMİRÖZÜ;GÖKÇEDERE - YEŞİLYURT;MEDRESELER CADDE;cadde;124718
BAYBURT;DEMİRÖZÜ;GÖKÇEDERE - YEŞİLYURT;NANE SOKAK;sokak;124719
BAYBURT;DEMİRÖZÜ;GÖKÇEDERE - YEŞİLYURT;NEŞE SOKAK;sokak;118898
BAYBURT;DEMİRÖZÜ;GÖKÇEDERE - YEŞİLYURT;NUR SOKAK;sokak;118899
BAYBURT;DEMİRÖZÜ;GÖKÇEDERE - YEŞİLYURT;RECEP TAYYİP ERDOĞAN CADDE;cadde;436336
BAYBURT;DEMİRÖZÜ;GÖKÇEDERE - YEŞİLYURT;SELÇUK SOKAK;sokak;118900
BAYBURT;DEMİRÖZÜ;GÖKÇEDERE - YEŞİLYURT;SERÇE SOKAK;sokak;118901
BAYBURT;DEMİRÖZÜ;GÖKÇEDERE - YEŞİLYURT;ŞİRİN SOKAK;sokak;118909
BAYBURT;DEMİRÖZÜ;GÖKÇEDERE - YEŞİLYURT;ULUCAMİ SOKAK;sokak;118902
BAYBURT;DEMİRÖZÜ;GÖKÇEDERE - YEŞİLYURT;YENİ CAMİİ CADDE;cadde;118903
BAYBURT;DEMİRÖZÜ;GÖKÇEDERE - YEŞİLYURT;YONCA SOKAK;sokak;118904
BAYBURT;DEMİRÖZÜ;GÜÇLÜ NA;GÜÇLÜ KÜME EVLER;sokak;556672
BAYBURT;DEMİRÖZÜ;GÜNEŞLİ;AKAY SOKAK;sokak;848474
BAYBURT;DEMİRÖZÜ;GÜNEŞLİ;ATATÜRK CADDE;cadde;848467
BAYBURT;DEMİRÖZÜ;GÜNEŞLİ;BARAJ YOLU SOKAK;sokak;848477
BAYBURT;DEMİRÖZÜ;GÜNEŞLİ;ÇEŞME SOKAK;sokak;848476
BAYBURT;DEMİRÖZÜ;GÜNEŞLİ;DEFNE SOKAK;sokak;156737180
BAYBURT;DEMİRÖZÜ;GÜNEŞLİ;DEMİRÖZÜ BULVAR;sokak;522287980
BAYBURT;DEMİRÖZÜ;GÜNEŞLİ;DEPO SOKAK;sokak;1368509
BAYBURT;DEMİRÖZÜ;GÜNEŞLİ;GÜNEŞLİ SOKAK;sokak;35419
BAYBURT;DEMİRÖZÜ;GÜNEŞLİ;HÜRRİYET SOKAK;sokak;848479
BAYBURT;DEMİRÖZÜ;GÜNEŞLİ;KARAYAŞMAK KÜME EVLER;sokak;838144750
BAYBURT;DEMİRÖZÜ;GÜNEŞLİ;ŞİRİNLER SOKAK;sokak;848473
BAYBURT;DEMİRÖZÜ;GÜNEŞLİ;ŞİRİNTEPE SOKAK;sokak;756695491
BAYBURT;DEMİRÖZÜ;GÜNEŞLİ;YAĞMUR SOKAK;sokak;848472
BAYBURT;DEMİRÖZÜ;GÜVERCİNDERE NA;GÜVERCİNDERE KÜME EVLER;sokak;136655
BAYBURT;DEMİRÖZÜ;IŞIKOVA NA;IŞIKOVA KÜME EVLER;sokak;555779
BAYBURT;DEMİRÖZÜ;KALECİK NA;KALECİK KÜME EVLER;sokak;554345
BAYBURT;DEMİRÖZÜ;KARAYAŞMAK NA;KARAYAŞMAK KÜME EVLER;sokak;555783
BAYBURT;DEMİRÖZÜ;KAVAKLI NA;KAVAKLI KÜME EVLER;sokak;544863
BAYBURT;DEMİRÖZÜ;OTLUKBELİ NA;OTLUKBELİ KÜME EVLER;sokak;545710
BAYBURT;DEMİRÖZÜ;PETEKLİ NA;PETEKLİ KÜME EVLER;sokak;553444
BAYBURT;DEMİRÖZÜ;PINARCIK NA;PINARCIK KÜME EVLER;sokak;552966
BAYBURT;DEMİRÖZÜ;SERENLİ NA;SERENLİ KÜME EVLER;sokak;547819
BAYBURT;DEMİRÖZÜ;ŞİRİN;1000 SOKAK;sokak;291682591
BAYBURT;DEMİRÖZÜ;ŞİRİN;1001 SOKAK;sokak;550989171
BAYBURT;DEMİRÖZÜ;ŞİRİN;1002 SOKAK;sokak;169106971
BAYBURT;DEMİRÖZÜ;ŞİRİN;1003 SOKAK;sokak;709802891
BAYBURT;DEMİRÖZÜ;ŞİRİN;1004 SOKAK;sokak;466329311
BAYBURT;DEMİRÖZÜ;ŞİRİN;1005 SOKAK;sokak;368205951
BAYBURT;DEMİRÖZÜ;ŞİRİN;1006 SOKAK;sokak;291916081
BAYBURT;DEMİRÖZÜ;ŞİRİN;1007 SOKAK;sokak;236939061
BAYBURT;DEMİRÖZÜ;ŞİRİN;1008 SOKAK;sokak;529164181
BAYBURT;DEMİRÖZÜ;ŞİRİN;1009 SOKAK;sokak;249629381
BAYBURT;DEMİRÖZÜ;ŞİRİN;1010 SOKAK;sokak;780160291
BAYBURT;DEMİRÖZÜ;ŞİRİN;1011 SOKAK;sokak;168892891
BAYBURT;DEMİRÖZÜ;ŞİRİN;1012 SOKAK;sokak;168478401
BAYBURT;DEMİRÖZÜ;ŞİRİN;30 AĞUSTOS SOKAK;sokak;30172
BAYBURT;DEMİRÖZÜ;ŞİRİN;ABBAS GÖKTAŞ SOKAK;sokak;235666490
BAYBURT;DEMİRÖZÜ;ŞİRİN;AKASYA SOKAK;sokak;580807480
BAYBURT;DEMİRÖZÜ;ŞİRİN;AKTEPE KÜME EVLER;sokak;442497460
BAYBURT;DEMİRÖZÜ;ŞİRİN;BAĞLAR SOKAK;sokak;168290
BAYBURT;DEMİRÖZÜ;ŞİRİN;BAĞLIK SOKAK;sokak;851293440
BAYBURT;DEMİRÖZÜ;ŞİRİN;BAHAR ÖZÜ SOKAK;sokak;947378630
BAYBURT;DEMİRÖZÜ;ŞİRİN;BAHÇELER SOKAK;sokak;697084
BAYBURT;DEMİRÖZÜ;ŞİRİN;BARBAROS KÖSEOĞLU SOKAK;sokak;30170
BAYBURT;DEMİRÖZÜ;ŞİRİN;BİLİM SOKAK;sokak;421081000
BAYBURT;DEMİRÖZÜ;ŞİRİN;BUĞDAYLI SOKAK;sokak;684141840
BAYBURT;DEMİRÖZÜ;ŞİRİN;CAMİ SOKAK;sokak;120924
BAYBURT;DEMİRÖZÜ;ŞİRİN;CEMRE SOKAK;sokak;949266070
BAYBURT;DEMİRÖZÜ;ŞİRİN;ÇAĞLA SOKAK;sokak;841030350
BAYBURT;DEMİRÖZÜ;ŞİRİN;DEDE PAŞA CADDE;cadde;324023560
BAYBURT;DEMİRÖZÜ;ŞİRİN;DEMİRÖZÜ BULVAR;sokak;859278040
BAYBURT;DEMİRÖZÜ;ŞİRİN;DERMAN SOKAK;sokak;317890500
BAYBURT;DEMİRÖZÜ;ŞİRİN;DESTAN SOKAK;sokak;571099510
BAYBURT;DEMİRÖZÜ;ŞİRİN;DOĞANLAR SOKAK;sokak;128738400
BAYBURT;DEMİRÖZÜ;ŞİRİN;DR.ÜLKÜ GÜNEY CADDE;cadde;694611
BAYBURT;DEMİRÖZÜ;ŞİRİN;DUMLUPINAR SOKAK;sokak;119683
BAYBURT;DEMİRÖZÜ;ŞİRİN;ENGİN SOKAK;sokak;696607
BAYBURT;DEMİRÖZÜ;ŞİRİN;ERENLER SOKAK;sokak;696604
BAYBURT;DEMİRÖZÜ;ŞİRİN;ESENTEPE 1 KÜME EVLER;sokak;798072440
BAYBURT;DEMİRÖZÜ;ŞİRİN;ESRA SOKAK;sokak;722802
BAYBURT;DEMİRÖZÜ;ŞİRİN;EYMÜR KÖYÜ KÜME EVLER;sokak;916267470
BAYBURT;DEMİRÖZÜ;ŞİRİN;EZGİ SOKAK;sokak;507535400
BAYBURT;DEMİRÖZÜ;ŞİRİN;FATİH SULTAN MEHMET CADDE;cadde;30177
BAYBURT;DEMİRÖZÜ;ŞİRİN;GÜL SOKAK;sokak;30181
BAYBURT;DEMİRÖZÜ;ŞİRİN;GÜLTEPE CADDE;cadde;363349690
BAYBURT;DEMİRÖZÜ;ŞİRİN;GÜNEY SOKAK;sokak;30184
BAYBURT;DEMİRÖZÜ;ŞİRİN;GÜNGÖREN SOKAK;sokak;926514621
BAYBURT;DEMİRÖZÜ;ŞİRİN;HAKİKAT SOKAK;sokak;595895560
BAYBURT;DEMİRÖZÜ;ŞİRİN;HUZUR SOKAK;sokak;615531780
BAYBURT;DEMİRÖZÜ;ŞİRİN;İHSAN OCAKLI SOKAK;sokak;30183
BAYBURT;DEMİRÖZÜ;ŞİRİN;İMAR SOKAK;sokak;764064120
BAYBURT;DEMİRÖZÜ;ŞİRİN;İNCİ SOKAK;sokak;944555160
BAYBURT;DEMİRÖZÜ;ŞİRİN;İPEKYOLU SOKAK;sokak;116472110
BAYBURT;DEMİRÖZÜ;ŞİRİN;İSTİKBAL SOKAK;sokak;667078370
BAYBURT;DEMİRÖZÜ;ŞİRİN;KANUNİ SOKAK;sokak;565935690
BAYBURT;DEMİRÖZÜ;ŞİRİN;KARANFİL SOKAK;sokak;120918
BAYBURT;DEMİRÖZÜ;ŞİRİN;LALE SOKAK;sokak;491999
BAYBURT;DEMİRÖZÜ;ŞİRİN;MANOLYA SOKAK;sokak;30186
BAYBURT;DEMİRÖZÜ;ŞİRİN;MENEKŞE SOKAK;sokak;417087
BAYBURT;DEMİRÖZÜ;ŞİRİN;MERCAN SOKAK;sokak;970647450
BAYBURT;DEMİRÖZÜ;ŞİRİN;MUSTAFA KÖSEOĞLU CADDE;cadde;168281
BAYBURT;DEMİRÖZÜ;ŞİRİN;NAZAR SOKAK;sokak;229149150
BAYBURT;DEMİRÖZÜ;ŞİRİN;NEHİR KÜME EVLER;sokak;284065930
BAYBURT;DEMİRÖZÜ;ŞİRİN;NERGİZ SOKAK;sokak;492012
BAYBURT;DEMİRÖZÜ;ŞİRİN;NUSRET OCAKLI SOKAK;sokak;632703260
BAYBURT;DEMİRÖZÜ;ŞİRİN;OKUL CADDE;cadde;696606
BAYBURT;DEMİRÖZÜ;ŞİRİN;ORGENERAL YAŞAR GÜLER CADDE;cadde;30180
BAYBURT;DEMİRÖZÜ;ŞİRİN;PAZAR SOKAK;sokak;111873580
BAYBURT;DEMİRÖZÜ;ŞİRİN;REYHAN SOKAK;sokak;120915
BAYBURT;DEMİRÖZÜ;ŞİRİN;SAKARYA SOKAK;sokak;81435
BAYBURT;DEMİRÖZÜ;ŞİRİN;SALKIM SOKAK;sokak;255085810
BAYBURT;DEMİRÖZÜ;ŞİRİN;SAYDAM SOKAK;sokak;895913740
BAYBURT;DEMİRÖZÜ;ŞİRİN;SEVİNÇ SOKAK;sokak;269862160
BAYBURT;DEMİRÖZÜ;ŞİRİN;ŞEHİT JANDARMA KOMANDO ER HAKAN ÖNER CADDE;cadde;30179
BAYBURT;DEMİRÖZÜ;ŞİRİN;ŞEHİT JANDARMA KOMANDO ER SAMET AKDENİZ SOKAK;sokak;417091
BAYBURT;DEMİRÖZÜ;ŞİRİN;ŞEHİT JANDARMA UZMAN ÇAVUŞ FIRAT KILIÇ CADDE;cadde;492014
BAYBURT;DEMİRÖZÜ;ŞİRİN;ŞEHİT P. UZMAN ÇAVUŞ MUHAMMED EMİN ÖNK BULVARI BULVAR;sokak;852158950
BAYBURT;DEMİRÖZÜ;ŞİRİN;ŞEHİT POLİS GÜRCAN YAVUZ CADDE;cadde;695436
BAYBURT;DEMİRÖZÜ;ŞİRİN;ŞEHİT SALİH AY BULVAR;sokak;774273000
BAYBURT;DEMİRÖZÜ;ŞİRİN;ŞEHİT UZMAN ÇAVUŞ HALİL KARAKUŞOĞLU SOKAK;sokak;697082
BAYBURT;DEMİRÖZÜ;ŞİRİN;TÜRKİSTAN SOKAK;sokak;168293
BAYBURT;DEMİRÖZÜ;ŞİRİN;ÜMİT SOKAK;sokak;240283180
BAYBURT;DEMİRÖZÜ;ŞİRİN;VALI SALIH AYHAN BULVARI BULVAR;sokak;429826450
BAYBURT;DEMİRÖZÜ;ŞİRİN;VARLIK SOKAK;sokak;480076780
BAYBURT;DEMİRÖZÜ;ŞİRİN;YAREN SOKAK;sokak;147260610
BAYBURT;DEMİRÖZÜ;ŞİRİN;YAYLACIK KÜME EVLER;sokak;198375330
BAYBURT;DEMİRÖZÜ;ŞİRİN;YENİ SOKAK;sokak;696605
BAYBURT;DEMİRÖZÜ;ŞİRİN;YEŞİL SOKAK;sokak;492016
BAYBURT;DEMİRÖZÜ;ŞİRİN;YEŞİLTEPE SOKAK;sokak;351719820
BAYBURT;DEMİRÖZÜ;ŞİRİN;YILDIRIM BEYAZIT CADDE;cadde;168291
BAYBURT;DEMİRÖZÜ;ŞİRİN;YİĞİTLER SOKAK;sokak;507629130
BAYBURT;DEMİRÖZÜ;ŞİRİN;YÖRE SOKAK;sokak;338362480
BAYBURT;DEMİRÖZÜ;ŞİRİN;YÜZYIL SOKAK;sokak;969623370
BAYBURT;DEMİRÖZÜ;YAKUPABDAL NA;YAKUPABDAL KÜME EVLER;sokak;556729
BAYBURT;DEMİRÖZÜ;YAZIBAŞI NA;YAZIBAŞI KÜME EVLER;sokak;548235
BAYBURT;DEMİRÖZÜ;YELPINAR NA;DEMİRÖZÜ BULVAR;sokak;870998181
BAYBURT;DEMİRÖZÜ;YELPINAR NA;YELPINAR KÜME EVLER;sokak;547811
BAYBURT;DEMİRÖZÜ;YUKARIPINARLI NA;YUKARIPINARLI KÜME EVLER;sokak;554864
BAYBURT;MERKEZ;ADABAŞI NA;ADABAŞI KÜME EVLER;sokak;620578
BAYBURT;MERKEZ;ADABAŞI NA;İSPİR YOLU BULVAR;sokak;536381280
BAYBURT;MERKEZ;AĞÖREN NA;AĞÖREN KÜME EVLER;sokak;638756
BAYBURT;MERKEZ;AKÇAKUZU NA;AKÇAKUZU KÜME EVLER;sokak;583396
BAYBURT;MERKEZ;AKDURAN NA;AKDURAN KÜME EVLER;sokak;659131
BAYBURT;MERKEZ;AKSAÇLI NA;AKSAÇLI KÜME EVLER;sokak;612287
BAYBURT;MERKEZ;AKŞAR - ESENTEPE;AKŞAR 1 SOKAK;sokak;508220551
BAYBURT;MERKEZ;AKŞAR - ESENTEPE;AKŞAR 10 SOKAK;sokak;182631601
BAYBURT;MERKEZ;AKŞAR - ESENTEPE;AKŞAR 11 SOKAK;sokak;699217160
BAYBURT;MERKEZ;AKŞAR - ESENTEPE;AKŞAR 2 SOKAK;sokak;559167461
BAYBURT;MERKEZ;AKŞAR - ESENTEPE;AKŞAR 3 SOKAK;sokak;855504991
BAYBURT;MERKEZ;AKŞAR - ESENTEPE;AKŞAR 4 SOKAK;sokak;750160481
BAYBURT;MERKEZ;AKŞAR - ESENTEPE;AKŞAR 5 SOKAK;sokak;948674540
BAYBURT;MERKEZ;AKŞAR - ESENTEPE;AKŞAR 6 SOKAK;sokak;404786201
BAYBURT;MERKEZ;AKŞAR - ESENTEPE;AKŞAR 7 SOKAK;sokak;408347311
BAYBURT;MERKEZ;AKŞAR - ESENTEPE;AKŞAR 8 SOKAK;sokak;823928041
BAYBURT;MERKEZ;AKŞAR - ESENTEPE;AKŞAR 9 SOKAK;sokak;465074061
BAYBURT;MERKEZ;AKŞAR - ESENTEPE;AKŞAR KÜMEEVLERİ 10 KÜME EVLER;sokak;464981841
BAYBURT;MERKEZ;AKŞAR - ESENTEPE;AKŞAR KÜMEEVLERİ 12 KÜME EVLER;sokak;671582951
BAYBURT;MERKEZ;AKŞAR - ESENTEPE;AKŞAR KÜMEEVLERİ 4 KÜME EVLER;sokak;547695420
BAYBURT;MERKEZ;AKŞAR - ESENTEPE;AKŞAR KÜMEEVLERİ 5 KÜME EVLER;sokak;722455740
BAYBURT;MERKEZ;AKŞAR - ESENTEPE;AKŞAR KÜMEEVLERİ 7 KÜME EVLER;sokak;216248871
BAYBURT;MERKEZ;AKŞAR - ESENTEPE;AKŞAR KÜMEEVLERİ 8 KÜME EVLER;sokak;700531781
BAYBURT;MERKEZ;AKŞAR - ESENTEPE;AKŞAR KÜMEEVLERİ 9 KÜME EVLER;sokak;476910680
BAYBURT;MERKEZ;AKŞAR - ESENTEPE;AŞAĞI CAMİİ 1 SOKAK;sokak;454966430
BAYBURT;MERKEZ;AKŞAR - ESENTEPE;AŞAĞI CAMİİ 2 SOKAK;sokak;610724271
BAYBURT;MERKEZ;AKŞAR - ESENTEPE;AŞAĞI CAMİİ 3 SOKAK;sokak;245437611
BAYBURT;MERKEZ;AKŞAR - ESENTEPE;AŞAĞI CAMİİ SOKAK;sokak;125370
BAYBURT;MERKEZ;AKŞAR - ESENTEPE;BELEDİYE AKŞAR 1 SOKAK;sokak;230863091
BAYBURT;MERKEZ;AKŞAR - ESENTEPE;BELEDİYE AKŞAR 2 SOKAK;sokak;725620851
BAYBURT;MERKEZ;AKŞAR - ESENTEPE;BELEDİYE AKŞAR 3 SOKAK;sokak;106470711
BAYBURT;MERKEZ;AKŞAR - ESENTEPE;BELEDİYE SOKAK;sokak;402805
BAYBURT;MERKEZ;AKŞAR - ESENTEPE;DİK SOKAK;sokak;125371
BAYBURT;MERKEZ;AKŞAR - ESENTEPE;FATİH SOKAK;sokak;125372
BAYBURT;MERKEZ;AKŞAR - ESENTEPE;GENÇ OSMAN SOKAK;sokak;402806
BAYBURT;MERKEZ;AKŞAR - ESENTEPE;GÜMÜŞHANE BULVAR;sokak;446340611
BAYBURT;MERKEZ;AKŞAR - ESENTEPE;KIRKPINAR KÜMEVLERİ 1 KÜME EVLER;sokak;348488121
BAYBURT;MERKEZ;AKŞAR - ESENTEPE;KIRKPINAR KÜMEVLERİ 2 KÜME EVLER;sokak;825859510
BAYBURT;MERKEZ;AKŞAR - ESENTEPE;KÜLTÜR SOKAK;sokak;125373
BAYBURT;MERKEZ;AKŞAR - ESENTEPE;SAĞLIK SOKAK;sokak;125374
BAYBURT;MERKEZ;AKŞAR - ESENTEPE;ŞEHİRYOLU SOKAK;sokak;622175421
BAYBURT;MERKEZ;AKŞAR - ESENTEPE;UZUN SOKAK;sokak;125375
BAYBURT;MERKEZ;AKŞAR - ESENTEPE;YAVUZ SELİM 1 SOKAK;sokak;367129741
BAYBURT;MERKEZ;AKŞAR - ESENTEPE;YAVUZ SELİM SOKAK;sokak;711964
BAYBURT;MERKEZ;AKŞAR - GÜLTEPE;AKŞAR KÜMEEVLER 1 KÜME EVLER;sokak;421265240
BAYBURT;MERKEZ;AKŞAR - GÜLTEPE;AKŞAR KÜMEEVLER 2 KÜME EVLER;sokak;722478770
BAYBURT;MERKEZ;AKŞAR - GÜLTEPE;AKŞAR KÜMEEVLER 3 KÜME EVLER;sokak;552985740
BAYBURT;MERKEZ;AKŞAR - GÜLTEPE;AKŞAR KÜMEEVLER 4 KÜME EVLER;sokak;351981831
BAYBURT;MERKEZ;AKŞAR - GÜLTEPE;AKŞAR KÜMEEVLERİ 11 KÜME EVLER;sokak;366166621
BAYBURT;MERKEZ;AKŞAR - GÜLTEPE;BELEDİYE AKŞAR 1 SOKAK;sokak;545407031
BAYBURT;MERKEZ;AKŞAR - GÜLTEPE;CAMİİ KEBİR 2 SOKAK;sokak;364465570
BAYBURT;MERKEZ;AKŞAR - GÜLTEPE;CAMİİ KEBİR SOKAK;sokak;125376
BAYBURT;MERKEZ;AKŞAR - GÜLTEPE;CAMİKEBİR AKŞAR 1 SOKAK;sokak;542767381
BAYBURT;MERKEZ;AKŞAR - GÜLTEPE;CAMİKEBİR AKŞAR 3 SOKAK;sokak;134939030
BAYBURT;MERKEZ;AKŞAR - GÜLTEPE;CAMİKEBİR AKŞAR 4 SOKAK;sokak;353816230
BAYBURT;MERKEZ;AKŞAR - GÜLTEPE;CAMİKEBİR AKŞAR 5 SOKAK;sokak;258156141
BAYBURT;MERKEZ;AKŞAR - GÜLTEPE;CAMİKEBİR AKŞAR 6 SOKAK;sokak;309890240
BAYBURT;MERKEZ;AKŞAR - GÜLTEPE;CUMHURİYET 2 SOKAK;sokak;918577890
BAYBURT;MERKEZ;AKŞAR - GÜLTEPE;CUMHURİYET 3 SOKAK;sokak;606289550
BAYBURT;MERKEZ;AKŞAR - GÜLTEPE;CUMHURİYET SOKAK;sokak;232071
BAYBURT;MERKEZ;AKŞAR - GÜLTEPE;ÇIKMAZ SOKAK;sokak;125382
BAYBURT;MERKEZ;AKŞAR - GÜLTEPE;DEĞİRMEN SOKAK;sokak;402807
BAYBURT;MERKEZ;AKŞAR - GÜLTEPE;GAZİ SOKAK;sokak;125377
BAYBURT;MERKEZ;AKŞAR - GÜLTEPE;GÜMÜŞHANE BULVAR;sokak;492851411
BAYBURT;MERKEZ;AKŞAR - GÜLTEPE;HOCA AHMET YESEVİ SOKAK;sokak;125378
BAYBURT;MERKEZ;AKŞAR - GÜLTEPE;MANAS SOKAK;sokak;125379
BAYBURT;MERKEZ;AKŞAR - GÜLTEPE;OKUL 1 SOKAK;sokak;392618701
BAYBURT;MERKEZ;AKŞAR - GÜLTEPE;OKUL SOKAK;sokak;125380
BAYBURT;MERKEZ;AKŞAR - GÜLTEPE;OSLU HOCA SOKAK;sokak;402808
BAYBURT;MERKEZ;AKŞAR - GÜLTEPE;ŞEHİRYOLU SOKAK;sokak;402809
BAYBURT;MERKEZ;AKŞAR - GÜLTEPE;VATAN SOKAK;sokak;125381
BAYBURT;MERKEZ;ALAPELİT NA;ALAPELİT KÜME EVLER;sokak;628451
BAYBURT;MERKEZ;ALIÇLIK NA;ALIÇLIK KÜME EVLER;sokak;636354
BAYBURT;MERKEZ;ARDIÇGÖZE NA;ARDIÇGÖZE KÜME EVLER;sokak;605359
BAYBURT;MERKEZ;ARMUTLU NA;ARMUTLU KÜME EVLER;sokak;295510
BAYBURT;MERKEZ;ARPALI - CUMHURİYET;1001 SOKAK;sokak;226192250
BAYBURT;MERKEZ;ARPALI - CUMHURİYET;1002 SOKAK;sokak;914981880
BAYBURT;MERKEZ;ARPALI - CUMHURİYET;1003 SOKAK;sokak;731228550
BAYBURT;MERKEZ;ARPALI - CUMHURİYET;1004 SOKAK;sokak;106123640
BAYBURT;MERKEZ;ARPALI - CUMHURİYET;1005 SOKAK;sokak;349592700
BAYBURT;MERKEZ;ARPALI - CUMHURİYET;1006 SOKAK;sokak;226900280
BAYBURT;MERKEZ;ARPALI - CUMHURİYET;1007 SOKAK;sokak;427168940
BAYBURT;MERKEZ;ARPALI - CUMHURİYET;1008 SOKAK;sokak;154132550
BAYBURT;MERKEZ;ARPALI - CUMHURİYET;1009 SOKAK;sokak;396943510
BAYBURT;MERKEZ;ARPALI - CUMHURİYET;1010 SOKAK;sokak;586868410
BAYBURT;MERKEZ;ARPALI - CUMHURİYET;1011 SOKAK;sokak;906370260
BAYBURT;MERKEZ;ARPALI - CUMHURİYET;1012 SOKAK;sokak;247242620
BAYBURT;MERKEZ;ARPALI - CUMHURİYET;1013 SOKAK;sokak;565586460
BAYBURT;MERKEZ;ARPALI - CUMHURİYET;1014 SOKAK;sokak;108142590
BAYBURT;MERKEZ;ARPALI - CUMHURİYET;1015 SOKAK;sokak;550612610
BAYBURT;MERKEZ;ARPALI - CUMHURİYET;1016 SOKAK;sokak;332049420
BAYBURT;MERKEZ;ARPALI - CUMHURİYET;1017 SOKAK;sokak;416447820
BAYBURT;MERKEZ;ARPALI - CUMHURİYET;1018 SOKAK;sokak;740547760
BAYBURT;MERKEZ;ARPALI - CUMHURİYET;1019 SOKAK;sokak;668080490
BAYBURT;MERKEZ;ARPALI - CUMHURİYET;1020 SOKAK;sokak;225458260
BAYBURT;MERKEZ;ARPALI - CUMHURİYET;1021 SOKAK;sokak;266558600
BAYBURT;MERKEZ;ARPALI - CUMHURİYET;1022 SOKAK;sokak;746995470
BAYBURT;MERKEZ;ARPALI - CUMHURİYET;1023 SOKAK;sokak;775193950
BAYBURT;MERKEZ;ARPALI - CUMHURİYET;1024 SOKAK;sokak;110473620
BAYBURT;MERKEZ;ARPALI - CUMHURİYET;1025 SOKAK;sokak;932782240
BAYBURT;MERKEZ;ARPALI - CUMHURİYET;1026 SOKAK;sokak;353558660
BAYBURT;MERKEZ;ARPALI - CUMHURİYET;1027 SOKAK;sokak;838103660
BAYBURT;MERKEZ;ARPALI - CUMHURİYET;1028 SOKAK;sokak;142421920
BAYBURT;MERKEZ;ARPALI - CUMHURİYET;1029 SOKAK;sokak;650067690
BAYBURT;MERKEZ;ARPALI - CUMHURİYET;1030 SOKAK;sokak;329006800
BAYBURT;MERKEZ;ARPALI - CUMHURİYET;1031 SOKAK;sokak;122901020
BAYBURT;MERKEZ;ARPALI - CUMHURİYET;1032 SOKAK;sokak;894053280
BAYBURT;MERKEZ;ARPALI - CUMHURİYET;1033 SOKAK;sokak;577375120
BAYBURT;MERKEZ;ARPALI - CUMHURİYET;1034 SOKAK;sokak;433568150
BAYBURT;MERKEZ;ARPALI - CUMHURİYET;1035 SOKAK;sokak;600369850
BAYBURT;MERKEZ;ARPALI - CUMHURİYET;1036 SOKAK;sokak;487371340
BAYBURT;MERKEZ;ARPALI - CUMHURİYET;1037 SOKAK;sokak;191054690
BAYBURT;MERKEZ;ARPALI - CUMHURİYET;1038 SOKAK;sokak;106932080
BAYBURT;MERKEZ;ARPALI - CUMHURİYET;1039 SOKAK;sokak;880723010
BAYBURT;MERKEZ;ARPALI - CUMHURİYET;1040 SOKAK;sokak;145223610
BAYBURT;MERKEZ;ARPALI - CUMHURİYET;1041 SOKAK;sokak;762564290
BAYBURT;MERKEZ;ARPALI - CUMHURİYET;1042 SOKAK;sokak;366992130
BAYBURT;MERKEZ;ARPALI - CUMHURİYET;1043 SOKAK;sokak;840129620
BAYBURT;MERKEZ;ARPALI - CUMHURİYET;1044 SOKAK;sokak;946506520
BAYBURT;MERKEZ;ARPALI - CUMHURİYET;1045 SOKAK;sokak;648504070
BAYBURT;MERKEZ;ARPALI - CUMHURİYET;1046 SOKAK;sokak;819082870
BAYBURT;MERKEZ;ARPALI - CUMHURİYET;1047 SOKAK;sokak;699471580
BAYBURT;MERKEZ;ARPALI - CUMHURİYET;1048 SOKAK;sokak;447575650
BAYBURT;MERKEZ;ARPALI - CUMHURİYET;1049 SOKAK;sokak;899613460
BAYBURT;MERKEZ;ARPALI - CUMHURİYET;1050 SOKAK;sokak;807490880
BAYBURT;MERKEZ;ARPALI - CUMHURİYET;1051 SOKAK;sokak;636834600
BAYBURT;MERKEZ;ARPALI - CUMHURİYET;1052 SOKAK;sokak;562356250
BAYBURT;MERKEZ;ARPALI - CUMHURİYET;1053 SOKAK;sokak;496647250
BAYBURT;MERKEZ;ARPALI - CUMHURİYET;1054 SOKAK;sokak;452830740
BAYBURT;MERKEZ;ARPALI - CUMHURİYET;1055 SOKAK;sokak;380466110
BAYBURT;MERKEZ;ARPALI - CUMHURİYET;1056 SOKAK;sokak;476674800
BAYBURT;MERKEZ;ARPALI - CUMHURİYET;1057 SOKAK;sokak;322607130
BAYBURT;MERKEZ;ARPALI - CUMHURİYET;1058 SOKAK;sokak;768515750
BAYBURT;MERKEZ;ARPALI - CUMHURİYET;1059 SOKAK;sokak;554704390
BAYBURT;MERKEZ;ARPALI - CUMHURİYET;1060 SOKAK;sokak;249678200
BAYBURT;MERKEZ;ARPALI - CUMHURİYET;1061 SOKAK;sokak;544468280
BAYBURT;MERKEZ;ARPALI - CUMHURİYET;1062 SOKAK;sokak;111360330
BAYBURT;MERKEZ;ARPALI - CUMHURİYET;1063 SOKAK;sokak;459066090
BAYBURT;MERKEZ;ARPALI - CUMHURİYET;1064 SOKAK;sokak;257907180
BAYBURT;MERKEZ;ARPALI - CUMHURİYET;1065 SOKAK;sokak;494346570
BAYBURT;MERKEZ;ARPALI - CUMHURİYET;1066 SOKAK;sokak;104150810
BAYBURT;MERKEZ;ARPALI - CUMHURİYET;1067 SOKAK;sokak;257933080
BAYBURT;MERKEZ;ARPALI - CUMHURİYET;1068 SOKAK;sokak;601973160
BAYBURT;MERKEZ;ARPALI - CUMHURİYET;1069 SOKAK;sokak;946966970
BAYBURT;MERKEZ;ARPALI - CUMHURİYET;1070 SOKAK;sokak;250842860
BAYBURT;MERKEZ;ARPALI - CUMHURİYET;1071 SOKAK;sokak;740644940
BAYBURT;MERKEZ;ARPALI - CUMHURİYET;1072 SOKAK;sokak;408555610
BAYBURT;MERKEZ;ARPALI - CUMHURİYET;1073 SOKAK;sokak;836557380
BAYBURT;MERKEZ;ARPALI - CUMHURİYET;1074 SOKAK;sokak;267111500
BAYBURT;MERKEZ;ARPALI - CUMHURİYET;1075 SOKAK;sokak;472375160
BAYBURT;MERKEZ;ARPALI - CUMHURİYET;1076 SOKAK;sokak;581790290
BAYBURT;MERKEZ;ARPALI - CUMHURİYET;1077 SOKAK;sokak;478282150
BAYBURT;MERKEZ;ARPALI - CUMHURİYET;1078 SOKAK;sokak;884959160
BAYBURT;MERKEZ;ARPALI - CUMHURİYET;1079 SOKAK;sokak;185925920
BAYBURT;MERKEZ;ARPALI - CUMHURİYET;1080 SOKAK;sokak;883544440
BAYBURT;MERKEZ;ARPALI - CUMHURİYET;1081 SOKAK;sokak;398219620
BAYBURT;MERKEZ;ARPALI - CUMHURİYET;1082 SOKAK;sokak;558113500
BAYBURT;MERKEZ;ARPALI - CUMHURİYET;1083 SOKAK;sokak;788247450
BAYBURT;MERKEZ;ARPALI - CUMHURİYET;1084 SOKAK;sokak;662295840
BAYBURT;MERKEZ;ARPALI - CUMHURİYET;1085 SOKAK;sokak;175406910
BAYBURT;MERKEZ;ARPALI - CUMHURİYET;1086 SOKAK;sokak;126480770
BAYBURT;MERKEZ;ARPALI - CUMHURİYET;15 TEMMUZ CADDE;cadde;637008840
BAYBURT;MERKEZ;ARPALI - CUMHURİYET;BAHÇECİK SOKAK;sokak;125383
BAYBURT;MERKEZ;ARPALI - CUMHURİYET;BELEDİYE CADDE;cadde;125384
BAYBURT;MERKEZ;ARPALI - CUMHURİYET;CUMHURİYET 1 KÜME EVLER;sokak;432926630
BAYBURT;MERKEZ;ARPALI - CUMHURİYET;CUMHURİYET 2 KÜME EVLER;sokak;446868140
BAYBURT;MERKEZ;ARPALI - CUMHURİYET;CUMHURİYET 3 KÜME EVLER;sokak;535781260
BAYBURT;MERKEZ;ARPALI - CUMHURİYET;CUMHURİYET 4 KÜME EVLER;sokak;675181000
BAYBURT;MERKEZ;ARPALI - CUMHURİYET;CUMHURİYET 5 KÜME EVLER;sokak;849071120
BAYBURT;MERKEZ;ARPALI - CUMHURİYET;DEĞİRMEN SOKAK;sokak;402810
BAYBURT;MERKEZ;ARPALI - CUMHURİYET;FATİH SULTAN MEHMET CADDE;cadde;125386
BAYBURT;MERKEZ;ARPALI - CUMHURİYET;GÜMÜŞHANE BULVAR;sokak;122867200
BAYBURT;MERKEZ;ARPALI - CUMHURİYET;HOCA AHMET YESEVİ CADDE;cadde;125387
BAYBURT;MERKEZ;ARPALI - CUMHURİYET;SAAT KULE MEYDAN;sokak;369205360
BAYBURT;MERKEZ;ARPALI - CUMHURİYET;TOKİ CADDE;cadde;785844630
BAYBURT;MERKEZ;ARPALI - CUMHURİYET;YÜCE TEPE CADDE;cadde;125391
BAYBURT;MERKEZ;ARPALI - ÇİÇEKLİ;3001 SOKAK;sokak;163795620
BAYBURT;MERKEZ;ARPALI - ÇİÇEKLİ;3002 SOKAK;sokak;924196390
BAYBURT;MERKEZ;ARPALI - ÇİÇEKLİ;3003 SOKAK;sokak;247226470
BAYBURT;MERKEZ;ARPALI - ÇİÇEKLİ;3004 SOKAK;sokak;510463160
BAYBURT;MERKEZ;ARPALI - ÇİÇEKLİ;3005 SOKAK;sokak;309417360
BAYBURT;MERKEZ;ARPALI - ÇİÇEKLİ;3006 SOKAK;sokak;899578150
BAYBURT;MERKEZ;ARPALI - ÇİÇEKLİ;3007 SOKAK;sokak;520296420
BAYBURT;MERKEZ;ARPALI - ÇİÇEKLİ;3008 SOKAK;sokak;648288330
BAYBURT;MERKEZ;ARPALI - ÇİÇEKLİ;3009 SOKAK;sokak;535990070
BAYBURT;MERKEZ;ARPALI - ÇİÇEKLİ;3010 SOKAK;sokak;188372110
BAYBURT;MERKEZ;ARPALI - ÇİÇEKLİ;3011 SOKAK;sokak;409900870
BAYBURT;MERKEZ;ARPALI - ÇİÇEKLİ;3012 SOKAK;sokak;639148730
BAYBURT;MERKEZ;ARPALI - ÇİÇEKLİ;3013 SOKAK;sokak;438092350
BAYBURT;MERKEZ;ARPALI - ÇİÇEKLİ;FATİH SULTAN MEHMET CADDE;cadde;270720160
BAYBURT;MERKEZ;ARPALI - ÇİÇEKLİ;GÜMÜŞHANE BULVAR;sokak;260356420
BAYBURT;MERKEZ;ARPALI - ÇİÇEKLİ;MERKEZ SOKAK;sokak;624224
BAYBURT;MERKEZ;ARPALI - HÜRRİYET;15 TEMMUZ CADDE;cadde;502178680
BAYBURT;MERKEZ;ARPALI - HÜRRİYET;2001 SOKAK;sokak;375704210
BAYBURT;MERKEZ;ARPALI - HÜRRİYET;2002 SOKAK;sokak;945202510
BAYBURT;MERKEZ;ARPALI - HÜRRİYET;2003 SOKAK;sokak;569949730
BAYBURT;MERKEZ;ARPALI - HÜRRİYET;2004 SOKAK;sokak;861365200
BAYBURT;MERKEZ;ARPALI - HÜRRİYET;2005 SOKAK;sokak;680073500
BAYBURT;MERKEZ;ARPALI - HÜRRİYET;2006 SOKAK;sokak;917530870
BAYBURT;MERKEZ;ARPALI - HÜRRİYET;2007 SOKAK;sokak;288170960
BAYBURT;MERKEZ;ARPALI - HÜRRİYET;2008 SOKAK;sokak;784062530
BAYBURT;MERKEZ;ARPALI - HÜRRİYET;2009 SOKAK;sokak;279155520
BAYBURT;MERKEZ;ARPALI - HÜRRİYET;2010 SOKAK;sokak;215578060
BAYBURT;MERKEZ;ARPALI - HÜRRİYET;2011 SOKAK;sokak;206314040
BAYBURT;MERKEZ;ARPALI - HÜRRİYET;2012 SOKAK;sokak;787768040
BAYBURT;MERKEZ;ARPALI - HÜRRİYET;2013 SOKAK;sokak;161943000
BAYBURT;MERKEZ;ARPALI - HÜRRİYET;2014 SOKAK;sokak;289503010
BAYBURT;MERKEZ;ARPALI - HÜRRİYET;2015 SOKAK;sokak;437621520
BAYBURT;MERKEZ;ARPALI - HÜRRİYET;2016 SOKAK;sokak;391148480
BAYBURT;MERKEZ;ARPALI - HÜRRİYET;2017 SOKAK;sokak;508214610
BAYBURT;MERKEZ;ARPALI - HÜRRİYET;2018 SOKAK;sokak;572850170
BAYBURT;MERKEZ;ARPALI - HÜRRİYET;2019 SOKAK;sokak;748628480
BAYBURT;MERKEZ;ARPALI - HÜRRİYET;2020 SOKAK;sokak;874111040
BAYBURT;MERKEZ;ARPALI - HÜRRİYET;2021 SOKAK;sokak;702762900
BAYBURT;MERKEZ;ARPALI - HÜRRİYET;2022 SOKAK;sokak;484158140
BAYBURT;MERKEZ;ARPALI - HÜRRİYET;2023 SOKAK;sokak;520428350
BAYBURT;MERKEZ;ARPALI - HÜRRİYET;2024 SOKAK;sokak;146174350
BAYBURT;MERKEZ;ARPALI - HÜRRİYET;2025 SOKAK;sokak;243122250
BAYBURT;MERKEZ;ARPALI - HÜRRİYET;2026 SOKAK;sokak;503639850
BAYBURT;MERKEZ;ARPALI - HÜRRİYET;2027 SOKAK;sokak;267862930
BAYBURT;MERKEZ;ARPALI - HÜRRİYET;2028 SOKAK;sokak;214299230
BAYBURT;MERKEZ;ARPALI - HÜRRİYET;2029 SOKAK;sokak;692313970
BAYBURT;MERKEZ;ARPALI - HÜRRİYET;2030 SOKAK;sokak;824542650
BAYBURT;MERKEZ;ARPALI - HÜRRİYET;2031 SOKAK;sokak;403046020
BAYBURT;MERKEZ;ARPALI - HÜRRİYET;2032 SOKAK;sokak;626478700
BAYBURT;MERKEZ;ARPALI - HÜRRİYET;2033 SOKAK;sokak;839813990
BAYBURT;MERKEZ;ARPALI - HÜRRİYET;2034 SOKAK;sokak;204224240
BAYBURT;MERKEZ;ARPALI - HÜRRİYET;2035 SOKAK;sokak;142679830
BAYBURT;MERKEZ;ARPALI - HÜRRİYET;2036 SOKAK;sokak;931323140
BAYBURT;MERKEZ;ARPALI - HÜRRİYET;2037 SOKAK;sokak;762161830
BAYBURT;MERKEZ;ARPALI - HÜRRİYET;2038 SOKAK;sokak;367463780
BAYBURT;MERKEZ;ARPALI - HÜRRİYET;2039 SOKAK;sokak;885965720
BAYBURT;MERKEZ;ARPALI - HÜRRİYET;2040 SOKAK;sokak;339170630
BAYBURT;MERKEZ;ARPALI - HÜRRİYET;2041 SOKAK;sokak;862511470
BAYBURT;MERKEZ;ARPALI - HÜRRİYET;2042 SOKAK;sokak;476957470
BAYBURT;MERKEZ;ARPALI - HÜRRİYET;2043 SOKAK;sokak;507981150
BAYBURT;MERKEZ;ARPALI - HÜRRİYET;2044 SOKAK;sokak;565179980
BAYBURT;MERKEZ;ARPALI - HÜRRİYET;2045 SOKAK;sokak;291877470
BAYBURT;MERKEZ;ARPALI - HÜRRİYET;2046 SOKAK;sokak;591145380
BAYBURT;MERKEZ;ARPALI - HÜRRİYET;2047 SOKAK;sokak;211848090
BAYBURT;MERKEZ;ARPALI - HÜRRİYET;2048 SOKAK;sokak;346651090
BAYBURT;MERKEZ;ARPALI - HÜRRİYET;2049 SOKAK;sokak;722861150
BAYBURT;MERKEZ;ARPALI - HÜRRİYET;2050 SOKAK;sokak;497889200
BAYBURT;MERKEZ;ARPALI - HÜRRİYET;2051 SOKAK;sokak;233709760
BAYBURT;MERKEZ;ARPALI - HÜRRİYET;2052 SOKAK;sokak;163460330
BAYBURT;MERKEZ;ARPALI - HÜRRİYET;2053 SOKAK;sokak;937493800
BAYBURT;MERKEZ;ARPALI - HÜRRİYET;2054 SOKAK;sokak;388979300
BAYBURT;MERKEZ;ARPALI - HÜRRİYET;2055 SOKAK;sokak;880677150
BAYBURT;MERKEZ;ARPALI - HÜRRİYET;2056 SOKAK;sokak;105947860
BAYBURT;MERKEZ;ARPALI - HÜRRİYET;2057 SOKAK;sokak;428296480
BAYBURT;MERKEZ;ARPALI - HÜRRİYET;2058 SOKAK;sokak;597194350
BAYBURT;MERKEZ;ARPALI - HÜRRİYET;2059 SOKAK;sokak;542666220
BAYBURT;MERKEZ;ARPALI - HÜRRİYET;2060 SOKAK;sokak;441554480
BAYBURT;MERKEZ;ARPALI - HÜRRİYET;2061 SOKAK;sokak;876352560
BAYBURT;MERKEZ;ARPALI - HÜRRİYET;2062 SOKAK;sokak;843963990
BAYBURT;MERKEZ;ARPALI - HÜRRİYET;2063 SOKAK;sokak;797348930
BAYBURT;MERKEZ;ARPALI - HÜRRİYET;2064 SOKAK;sokak;457494390
BAYBURT;MERKEZ;ARPALI - HÜRRİYET;2065 SOKAK;sokak;142268980
BAYBURT;MERKEZ;ARPALI - HÜRRİYET;2066 SOKAK;sokak;407646230
BAYBURT;MERKEZ;ARPALI - HÜRRİYET;2067 SOKAK;sokak;375173310
BAYBURT;MERKEZ;ARPALI - HÜRRİYET;2068 SOKAK;sokak;406164190
BAYBURT;MERKEZ;ARPALI - HÜRRİYET;2069 SOKAK;sokak;541009200
BAYBURT;MERKEZ;ARPALI - HÜRRİYET;2070 SOKAK;sokak;899382030
BAYBURT;MERKEZ;ARPALI - HÜRRİYET;2071 SOKAK;sokak;891559980
BAYBURT;MERKEZ;ARPALI - HÜRRİYET;2072 SOKAK;sokak;581223420
BAYBURT;MERKEZ;ARPALI - HÜRRİYET;2073 SOKAK;sokak;447278160
BAYBURT;MERKEZ;ARPALI - HÜRRİYET;2074 SOKAK;sokak;421937300
BAYBURT;MERKEZ;ARPALI - HÜRRİYET;2075 SOKAK;sokak;388765120
BAYBURT;MERKEZ;ARPALI - HÜRRİYET;2076 SOKAK;sokak;723694400
BAYBURT;MERKEZ;ARPALI - HÜRRİYET;2077 SOKAK;sokak;685666520
BAYBURT;MERKEZ;ARPALI - HÜRRİYET;ARAKLI CADDE;cadde;168442760
BAYBURT;MERKEZ;ARPALI - HÜRRİYET;BELEDİYE CADDE;cadde;125392
BAYBURT;MERKEZ;ARPALI - HÜRRİYET;BEZİRHANE SOKAK;sokak;125393
BAYBURT;MERKEZ;ARPALI - HÜRRİYET;ÇORUH CADDE;cadde;402816
BAYBURT;MERKEZ;ARPALI - HÜRRİYET;ELMALI SOKAK;sokak;402814
BAYBURT;MERKEZ;ARPALI - HÜRRİYET;ESEN SOKAK;sokak;125385
BAYBURT;MERKEZ;ARPALI - HÜRRİYET;ESENTEPE KÜME EVLER;sokak;708747
BAYBURT;MERKEZ;ARPALI - HÜRRİYET;FIRIN SOKAK;sokak;402811
BAYBURT;MERKEZ;ARPALI - HÜRRİYET;HÜRRİYET 1 KÜME EVLER;sokak;184530760
BAYBURT;MERKEZ;ARPALI - HÜRRİYET;HÜRRİYET 2 KÜME EVLER;sokak;158995520
BAYBURT;MERKEZ;ARPALI - HÜRRİYET;HÜRRİYET 3 KÜME EVLER;sokak;571464660
BAYBURT;MERKEZ;ARPALI - HÜRRİYET;KISA SOKAK;sokak;125394
BAYBURT;MERKEZ;ARPALI - HÜRRİYET;MEZARLIK SOKAK;sokak;304882580
BAYBURT;MERKEZ;ARPALI - HÜRRİYET;MUHTAR SOKAK;sokak;125388
BAYBURT;MERKEZ;ARPALI - HÜRRİYET;NARLI SOKAK;sokak;125389
BAYBURT;MERKEZ;ARPALI - HÜRRİYET;NİŞANTAŞI KÖYÜ BULVAR;sokak;166111700
BAYBURT;MERKEZ;ARPALI - HÜRRİYET;OKUL SOKAK;sokak;402812
BAYBURT;MERKEZ;ARPALI - HÜRRİYET;RÜZGARLI SOKAK;sokak;125395
BAYBURT;MERKEZ;ARPALI - HÜRRİYET;SIĞIR YERİ MEYDAN;sokak;580845750
BAYBURT;MERKEZ;ARPALI - HÜRRİYET;YUKARI KIRZI CADDE;cadde;125396
BAYBURT;MERKEZ;ARPALI - HÜRRİYET;YÜCE TEPE CADDE;cadde;251039870
BAYBURT;MERKEZ;ARPALI - HÜRRİYET;ZÜBEYDE HANIM CADDE;cadde;402813
BAYBURT;MERKEZ;ARSLANDEDE NA;ARSLANDEDE KÜME EVLER;sokak;643905
BAYBURT;MERKEZ;ARSLANDEDE NA;İSPİR YOLU BULVAR;sokak;763805181
BAYBURT;MERKEZ;AŞAĞIÇİMAĞIL - MERKEZ;AŞAĞIÇIMAĞIL KÜME EVLER;sokak;637357
BAYBURT;MERKEZ;AŞAĞIÇİMAĞIL - MERKEZ;TAŞINDİBİ KÜME EVLER;sokak;754975290
BAYBURT;MERKEZ;AŞAĞIÇİMAĞIL - TAŞIN DİBİ;TAŞINDİBİ KÜME EVLER;sokak;637304
BAYBURT;MERKEZ;AŞAĞIKIŞLAK NA;AŞAĞIKIŞLAK KÜME EVLER;sokak;620895
BAYBURT;MERKEZ;AŞAĞIPINARLI NA;AŞAĞIPINARLI KÜME EVLER;sokak;612503
BAYBURT;MERKEZ;AYDINCIK NA;AYDINCIK KÜME EVLER;sokak;620249
BAYBURT;MERKEZ;BALCA NA;BALCA KÜME EVLER;sokak;639441
BAYBURT;MERKEZ;BALKAYNAK NA;BALKAYNAK KÜME EVLER;sokak;606929
BAYBURT;MERKEZ;BALKAYNAK NA;GÜMÜŞHANE BULVAR;sokak;302172931
BAYBURT;MERKEZ;BALLIKAYA NA;BALLIKAYA KÜME EVLER;sokak;594814
BAYBURT;MERKEZ;BALLIKAYA NA;İSPİR YOLU BULVAR;sokak;675619851
BAYBURT;MERKEZ;BAŞÇİMAĞIL - DEREÇIMAĞIL;DEREÇIMAĞIL KÜME EVLER;sokak;651159
BAYBURT;MERKEZ;BAŞÇİMAĞIL - MERKEZ;BAŞÇIMAĞIL KÜME EVLER;sokak;652175
BAYBURT;MERKEZ;BAYIRTEPE NA;BAYIRTEPE KÜME EVLER;sokak;634173
BAYBURT;MERKEZ;BAYRAKTAR NA;BAYRAKTAR KÜME EVLER;sokak;628780
BAYBURT;MERKEZ;BUĞDAYLI NA;BUĞDAYLI KÜME EVLER;sokak;637636
BAYBURT;MERKEZ;CAMİİKEBİR;AYBERK SOKAK;sokak;547288521
BAYBURT;MERKEZ;CAMİİKEBİR;BATTAL GAZİ SOKAK;sokak;420897141
BAYBURT;MERKEZ;CAMİİKEBİR;ÇAKIR SOKAK;sokak;118840
BAYBURT;MERKEZ;CAMİİKEBİR;GAZİOĞLU SOKAK;sokak;846864
BAYBURT;MERKEZ;CAMİİKEBİR;GÜZEL CADDE;cadde;118829
BAYBURT;MERKEZ;CAMİİKEBİR;HAFIZ OSMAN CADDE;cadde;404259
BAYBURT;MERKEZ;CAMİİKEBİR;HAPAN CADDE;cadde;118831
BAYBURT;MERKEZ;CAMİİKEBİR;HAYDAR HAN CADDE;cadde;118832
BAYBURT;MERKEZ;CAMİİKEBİR;HOCA AHMET YESEVİ CADDE;cadde;118830
BAYBURT;MERKEZ;CAMİİKEBİR;KAZIM KÖKLÜ CADDE;cadde;404260
BAYBURT;MERKEZ;CAMİİKEBİR;KURA SOKAK;sokak;81407
BAYBURT;MERKEZ;CAMİİKEBİR;KURTULUŞ CADDE;cadde;118833
BAYBURT;MERKEZ;CAMİİKEBİR;KUYUBAŞI CADDE;cadde;118834
BAYBURT;MERKEZ;CAMİİKEBİR;MEHMETÇİK SOKAK;sokak;657408391
BAYBURT;MERKEZ;CAMİİKEBİR;NALBANDİLER CADDE;cadde;118835
BAYBURT;MERKEZ;CAMİİKEBİR;SAATHANA MEYDAN;sokak;404261
BAYBURT;MERKEZ;CAMİİKEBİR;SEMERCİLER CADDE;cadde;118836
BAYBURT;MERKEZ;CAMİİKEBİR;TAŞHAN CADDE;cadde;118837
BAYBURT;MERKEZ;CAMİİKEBİR;ULU CAMİİ CADDE;cadde;247606
BAYBURT;MERKEZ;CAMİİKEBİR;YILDIZ GARAJI CADDE;cadde;118838
BAYBURT;MERKEZ;CAMİİKEBİR;ZAFER YOKUŞU SOKAK;sokak;404262
BAYBURT;MERKEZ;CAMİİKEBİR;ZAHİRE HAL CADDE;cadde;118839
BAYBURT;MERKEZ;ÇAKIRBAĞ NA;ÇAKIRBAĞ KÜME EVLER;sokak;629726
BAYBURT;MERKEZ;ÇAKIRBAĞ NA;İSPİR YOLU BULVAR;sokak;586766510
BAYBURT;MERKEZ;ÇALIDERE - ÇALIDERE HANLARI;ÇALIDERE HANLARI KÜME EVLER;sokak;633385
BAYBURT;MERKEZ;ÇALIDERE - ÇALIDERE HANLARI;ERZURUM YOLU BULVAR;sokak;597747600
BAYBURT;MERKEZ;ÇALIDERE - MERKEZ;ÇALIDERE KÜME EVLER;sokak;106373
BAYBURT;MERKEZ;ÇAMDERE NA;ÇAMDERE KÜME EVLER;sokak;601849
BAYBURT;MERKEZ;ÇAMLIKOZ NA;ÇAMLIKOZ KÜME EVLER;sokak;642217
BAYBURT;MERKEZ;ÇAYIRÖZÜ NA;ÇAYIRÖZÜ KÜME EVLER;sokak;627476
BAYBURT;MERKEZ;ÇAYIRYOLU - KUTLUBEY;1 NOLU CUMHURİYET SOKAK;sokak;725210
BAYBURT;MERKEZ;ÇAYIRYOLU - KUTLUBEY;1.COŞKUN SOKAK;sokak;402820
BAYBURT;MERKEZ;ÇAYIRYOLU - KUTLUBEY;2 NOLU CUMHURİYET SOKAK;sokak;125398
BAYBURT;MERKEZ;ÇAYIRYOLU - KUTLUBEY;2.COŞKUN SOKAK;sokak;722427
BAYBURT;MERKEZ;ÇAYIRYOLU - KUTLUBEY;AKTAŞ SOKAK;sokak;402817
BAYBURT;MERKEZ;ÇAYIRYOLU - KUTLUBEY;ARA SOKAK;sokak;125399
BAYBURT;MERKEZ;ÇAYIRYOLU - KUTLUBEY;AVŞAR SOKAK;sokak;125400
BAYBURT;MERKEZ;ÇAYIRYOLU - KUTLUBEY;BAĞLANTI2 KÜME EVLER;sokak;455154181
BAYBURT;MERKEZ;ÇAYIRYOLU - KUTLUBEY;BAYRAMOĞLU SOKAK;sokak;125401
BAYBURT;MERKEZ;ÇAYIRYOLU - KUTLUBEY;ÇATALBAŞ SOKAK;sokak;125408
BAYBURT;MERKEZ;ÇAYIRYOLU - KUTLUBEY;ÇAYIRYOLU KÜME EVLER;sokak;406437690
BAYBURT;MERKEZ;ÇAYIRYOLU - KUTLUBEY;ERZİNCAN 2 KÜMEEVLER KÜME EVLER;sokak;825715630
BAYBURT;MERKEZ;ÇAYIRYOLU - KUTLUBEY;ERZİNCAN BULVAR;sokak;425558050
BAYBURT;MERKEZ;ÇAYIRYOLU - KUTLUBEY;ERZİNCAN KÜMEVLERİ 1 KÜME EVLER;sokak;251443381
BAYBURT;MERKEZ;ÇAYIRYOLU - KUTLUBEY;KADIOĞLU SOKAK;sokak;125402
BAYBURT;MERKEZ;ÇAYIRYOLU - KUTLUBEY;KÖROĞLU SOKAK;sokak;125403
BAYBURT;MERKEZ;ÇAYIRYOLU - KUTLUBEY;METEBEY SOKAK;sokak;402818
BAYBURT;MERKEZ;ÇAYIRYOLU - KUTLUBEY;OKUL SOKAK;sokak;125404
BAYBURT;MERKEZ;ÇAYIRYOLU - KUTLUBEY;ÖZDOĞAN SOKAK;sokak;125409
BAYBURT;MERKEZ;ÇAYIRYOLU - KUTLUBEY;SAVAŞ SOKAK;sokak;125405
BAYBURT;MERKEZ;ÇAYIRYOLU - KUTLUBEY;ÜLKÜ GÖKALP GÜNEY SOKAK;sokak;125410
BAYBURT;MERKEZ;ÇAYIRYOLU - KUTLUBEY;VATAN SOKAK;sokak;724830
BAYBURT;MERKEZ;ÇAYIRYOLU - KUTLUBEY;YAYLA SOKAK;sokak;125406
BAYBURT;MERKEZ;ÇAYIRYOLU - KUTLUBEY;YILDIRIM SOKAK;sokak;402819
BAYBURT;MERKEZ;ÇAYIRYOLU - KUTLUBEY;YURTTAŞ SOKAK;sokak;125407
BAYBURT;MERKEZ;ÇAYIRYOLU - ŞEHİT METE;1 NOLU CUMHURİYET SOKAK;sokak;125397
BAYBURT;MERKEZ;ÇAYIRYOLU - ŞEHİT METE;2 NOLU CUMHURİYET SOKAK;sokak;725211
BAYBURT;MERKEZ;ÇAYIRYOLU - ŞEHİT METE;ATATÜRK SOKAK;sokak;402821
BAYBURT;MERKEZ;ÇAYIRYOLU - ŞEHİT METE;BAĞLANTI2 KÜME EVLER;sokak;324771500
BAYBURT;MERKEZ;ÇAYIRYOLU - ŞEHİT METE;ÇAYIRYOLU KÖYÜ KÜME EVLER;sokak;433674080
BAYBURT;MERKEZ;ÇAYIRYOLU - ŞEHİT METE;DUMLUPINAR SOKAK;sokak;712866
BAYBURT;MERKEZ;ÇAYIRYOLU - ŞEHİT METE;ERZİNCAN BULVAR;sokak;842433690
BAYBURT;MERKEZ;ÇAYIRYOLU - ŞEHİT METE;FATİH SULTAN MEHMET SOKAK;sokak;715024
BAYBURT;MERKEZ;ÇAYIRYOLU - ŞEHİT METE;GÜL SOKAK;sokak;125748
BAYBURT;MERKEZ;ÇAYIRYOLU - ŞEHİT METE;KOCATEPE SOKAK;sokak;402822
BAYBURT;MERKEZ;ÇAYIRYOLU - ŞEHİT METE;MERCAN SOKAK;sokak;125749
BAYBURT;MERKEZ;ÇAYIRYOLU - ŞEHİT METE;OKUR SOKAK;sokak;125750
BAYBURT;MERKEZ;ÇAYIRYOLU - ŞEHİT METE;TÜKENMEZ SOKAK;sokak;251131
BAYBURT;MERKEZ;ÇAYIRYOLU - ŞEHİT METE;UĞURLU MEHMET BEY SOKAK;sokak;724827
BAYBURT;MERKEZ;ÇAYIRYOLU - ŞEHİT METE;VALİ ALİ HAYDAR ÖNER SOKAK;sokak;712863
BAYBURT;MERKEZ;ÇAYIRYOLU - ŞEHİT METE;VATAN SOKAK;sokak;402823
BAYBURT;MERKEZ;ÇAYIRYOLU - ŞEHİT METE;VELİBEY SOKAK;sokak;125751
BAYBURT;MERKEZ;ÇAYIRYOLU - ŞEHİT METE;YAVUZ SULTAN SELİM SOKAK;sokak;125752
BAYBURT;MERKEZ;ÇERÇİKÖY - MERKEZ;ÇERÇİ KÜME EVLER;sokak;656384
BAYBURT;MERKEZ;ÇERÇİKÖY - MERKEZ;GÜMÜŞHANE BULVAR;sokak;219267950
BAYBURT;MERKEZ;ÇERÇİKÖY - MERKEZ;YUKARI ÇERÇİ KÜME EVLER;sokak;938047221
BAYBURT;MERKEZ;ÇERÇİKÖY - Y.ÇERÇİ;GÜMÜŞHANE BULVAR;sokak;574621031
BAYBURT;MERKEZ;ÇERÇİKÖY - Y.ÇERÇİ;YUKARI ÇERÇİ KÜME EVLER;sokak;657804
BAYBURT;MERKEZ;ÇİĞDEMTEPE NA;ÇİĞDEMTEPE KÜME EVLER;sokak;652878
BAYBURT;MERKEZ;ÇİĞDEMTEPE NA;UĞRAK KÜME EVLER;sokak;418095911
BAYBURT;MERKEZ;ÇORAK NA;ÇORAK KÜME EVLER;sokak;615871
BAYBURT;MERKEZ;ÇORAK NA;ERZİNCAN BULVAR;sokak;649337240
BAYBURT;MERKEZ;DAĞÇATI NA;DAĞÇATI KÜME EVLER;sokak;392689
BAYBURT;MERKEZ;DAĞTARLA NA;DAĞTARLA KÜME EVLER;sokak;638634
BAYBURT;MERKEZ;DANİŞMENT NA;DANIŞMENT KÜME EVLER;sokak;628239
BAYBURT;MERKEZ;DANİŞMENT NA;ERZİNCAN BULVAR;sokak;520857351
BAYBURT;MERKEZ;DARICA - MERKEZ;DARICA KÜME EVLER;sokak;639442
BAYBURT;MERKEZ;DARICA - YUKARI DARICA;YUKARI DARICA KÜME EVLER;sokak;637151
BAYBURT;MERKEZ;DEĞİRMENCİK NA;BAĞLANTI 1 KÜME EVLER;sokak;699157420
BAYBURT;MERKEZ;DEĞİRMENCİK NA;ÇAYKARA BULVAR;sokak;701266770
BAYBURT;MERKEZ;DEĞİRMENCİK NA;DEĞİRMENCİK KÜME EVLER;sokak;627029
BAYBURT;MERKEZ;DEMİRIŞIK NA;DEMİRIŞIK KÜME EVLER;sokak;594678
BAYBURT;MERKEZ;DEMİRKAŞ NA;DEMİRKAŞ KÜME EVLER;sokak;636665
BAYBURT;MERKEZ;DİKMETAŞ NA;DİKMETAŞ KÜME EVLER;sokak;594987
BAYBURT;MERKEZ;DİKMETAŞ NA;İSPİR YOLU BULVAR;sokak;412015340
BAYBURT;MERKEZ;DÖVMEKAYA NA;DÖVMEKAYA KÜME EVLER;sokak;647989
BAYBURT;MERKEZ;ERENLİ NA;BAKÜ 3 SOKAK;sokak;491501390
BAYBURT;MERKEZ;ERENLİ NA;BAKÜ 4 SOKAK;sokak;636358090
BAYBURT;MERKEZ;ERENLİ NA;BAKÜ 5 SOKAK;sokak;357233290
BAYBURT;MERKEZ;ERENLİ NA;BAKÜ SOKAK;sokak;674230530
BAYBURT;MERKEZ;ERENLİ NA;ERENLİ KÜME EVLER;sokak;657313
BAYBURT;MERKEZ;ERENLİ NA;ÖTÜĞEN 1 SOKAK;sokak;500763300
BAYBURT;MERKEZ;ESENTEPE;ABDULVAHHAB GAZİ CADDE;cadde;406776191
BAYBURT;MERKEZ;ESENTEPE;AÇELYA SOKAK;sokak;870238591
BAYBURT;MERKEZ;ESENTEPE;AHİR SOKAK;sokak;469260771
BAYBURT;MERKEZ;ESENTEPE;AHSEN SOKAK;sokak;920153871
BAYBURT;MERKEZ;ESENTEPE;AHU SOKAK;sokak;546673160
BAYBURT;MERKEZ;ESENTEPE;ALEMDAR CADDE;cadde;227595
BAYBURT;MERKEZ;ESENTEPE;ARMAĞAN SOKAK;sokak;435207
BAYBURT;MERKEZ;ESENTEPE;ASLI SOKAK;sokak;229874
BAYBURT;MERKEZ;ESENTEPE;ASRİ SOKAK;sokak;230414
BAYBURT;MERKEZ;ESENTEPE;AYBÜKE SOKAK;sokak;238912
BAYBURT;MERKEZ;ESENTEPE;BAYEZİD CADDE;cadde;229386
BAYBURT;MERKEZ;ESENTEPE;BEŞİR SOKAK;sokak;404586
BAYBURT;MERKEZ;ESENTEPE;BEYBÖYREK CADDE;cadde;118862
BAYBURT;MERKEZ;ESENTEPE;BORAN SOKAK;sokak;742575
BAYBURT;MERKEZ;ESENTEPE;BUHARA SOKAK;sokak;118863
BAYBURT;MERKEZ;ESENTEPE;BURAK CADDE;cadde;435959
BAYBURT;MERKEZ;ESENTEPE;BURHAN SOKAK;sokak;118864
BAYBURT;MERKEZ;ESENTEPE;BÜYÜK İRŞADİ BABA CADDE;cadde;118861
BAYBURT;MERKEZ;ESENTEPE;ÇAĞRI SOKAK;sokak;226214
BAYBURT;MERKEZ;ESENTEPE;ÇEÇENİSTAN CADDE;cadde;118853
BAYBURT;MERKEZ;ESENTEPE;ÇINARLI SOKAK;sokak;1300295
BAYBURT;MERKEZ;ESENTEPE;ÇİCEKLİ SOKAK;sokak;244101
BAYBURT;MERKEZ;ESENTEPE;DAMAT ALİ EFENDİ CADDE;cadde;118865
BAYBURT;MERKEZ;ESENTEPE;DEVRAN SOKAK;sokak;177824
BAYBURT;MERKEZ;ESENTEPE;DİRSEHAN SOKAK;sokak;229176
BAYBURT;MERKEZ;ESENTEPE;EDEBALİ CADDE;cadde;437046
BAYBURT;MERKEZ;ESENTEPE;ENDER SOKAK;sokak;227286
BAYBURT;MERKEZ;ESENTEPE;ENSAR SOKAK;sokak;118866
BAYBURT;MERKEZ;ESENTEPE;FERAH SOKAK;sokak;436667
BAYBURT;MERKEZ;ESENTEPE;GARİPLER CADDE;cadde;118867
BAYBURT;MERKEZ;ESENTEPE;GAZİLER SOKAK;sokak;404588
BAYBURT;MERKEZ;ESENTEPE;GÜLENDAM SOKAK;sokak;227594
BAYBURT;MERKEZ;ESENTEPE;GÜNEŞLİ SOKAK;sokak;118841
BAYBURT;MERKEZ;ESENTEPE;GÜNEYLİ SOKAK;sokak;404263
BAYBURT;MERKEZ;ESENTEPE;HELVA SOKAK;sokak;118842
BAYBURT;MERKEZ;ESENTEPE;HİCRET SOKAK;sokak;413449
BAYBURT;MERKEZ;ESENTEPE;HİÇRANI TAŞTAN CADDE;cadde;442995
BAYBURT;MERKEZ;ESENTEPE;HİLAL SOKAK;sokak;118843
BAYBURT;MERKEZ;ESENTEPE;İHVAN SOKAK;sokak;230311
BAYBURT;MERKEZ;ESENTEPE;İPEK SOKAK;sokak;118854
BAYBURT;MERKEZ;ESENTEPE;KARANFİL SOKAK;sokak;227285
BAYBURT;MERKEZ;ESENTEPE;KARDEŞ SOKAK;sokak;230306
BAYBURT;MERKEZ;ESENTEPE;KEŞMİR CADDE;cadde;404264
BAYBURT;MERKEZ;ESENTEPE;KEVSER SOKAK;sokak;118844
BAYBURT;MERKEZ;ESENTEPE;KIVANÇ SOKAK;sokak;218461
BAYBURT;MERKEZ;ESENTEPE;LALEZAR SOKAK;sokak;434536
BAYBURT;MERKEZ;ESENTEPE;LOJMANLAR CADDE;cadde;118845
BAYBURT;MERKEZ;ESENTEPE;M.AKİF ERSOY CADDE;cadde;404265
BAYBURT;MERKEZ;ESENTEPE;METEHAN SOKAK;sokak;439983270
BAYBURT;MERKEZ;ESENTEPE;MUHACİR SOKAK;sokak;244098
BAYBURT;MERKEZ;ESENTEPE;N.FAZIL KISAKÜREK CADDE;cadde;118846
BAYBURT;MERKEZ;ESENTEPE;OSMANLI CADDE;cadde;247607
BAYBURT;MERKEZ;ESENTEPE;ÖZLEM SOKAK;sokak;428293
BAYBURT;MERKEZ;ESENTEPE;POYRAZ SOKAK;sokak;413800
BAYBURT;MERKEZ;ESENTEPE;REYHAN SOKAK;sokak;118847
BAYBURT;MERKEZ;ESENTEPE;SAKARYA CADDE;cadde;404266
BAYBURT;MERKEZ;ESENTEPE;SARAY BOSNA CADDE;cadde;244099
BAYBURT;MERKEZ;ESENTEPE;SEMERKANT SOKAK;sokak;118848
BAYBURT;MERKEZ;ESENTEPE;SU ÇIKAN CADDE;cadde;118849
BAYBURT;MERKEZ;ESENTEPE;SULTAN ALPARSLAN SOKAK;sokak;404267
BAYBURT;MERKEZ;ESENTEPE;ŞEHİT BEKİR BAYRAM SOKAK;sokak;118856
BAYBURT;MERKEZ;ESENTEPE;ŞEHİT BÜLENT ALTINSOY CADDE;cadde;404583
BAYBURT;MERKEZ;ESENTEPE;ŞEHİT BÜNYAMİN KARAMEMİŞ SOKAK;sokak;529823031
BAYBURT;MERKEZ;ESENTEPE;ŞEHİT ÇAĞLAYAN IRMAK SOKAK;sokak;819969931
BAYBURT;MERKEZ;ESENTEPE;ŞEHİT DURSUN BOZKURT CADDE;cadde;238910
BAYBURT;MERKEZ;ESENTEPE;ŞEHİT ERDAL ERASLAN CADDE;cadde;227669
BAYBURT;MERKEZ;ESENTEPE;ŞEHİT ERDİNÇ AYDIN SOKAK;sokak;907411251
BAYBURT;MERKEZ;ESENTEPE;ŞEHİT ERTAŞ DAĞLAR SOKAK;sokak;851566361
BAYBURT;MERKEZ;ESENTEPE;ŞEHİT FATİH KOSTIK CADDE;cadde;118857
BAYBURT;MERKEZ;ESENTEPE;ŞEHİT GÜRCAN YAVUZ CADDE;cadde;118858
BAYBURT;MERKEZ;ESENTEPE;ŞEHİT HAKAN ÖNER SOKAK;sokak;118855
BAYBURT;MERKEZ;ESENTEPE;ŞEHİT HALİL TÜRKOĞLU SOKAK;sokak;865409940
BAYBURT;MERKEZ;ESENTEPE;ŞEHİT HAMİT ŞAHİN SOKAK;sokak;281231980
BAYBURT;MERKEZ;ESENTEPE;ŞEHİT HÜSEYİN BAHADIR SOKAK;sokak;645377800
BAYBURT;MERKEZ;ESENTEPE;ŞEHİT HÜSEYİN IŞIK SOKAK;sokak;763396540
BAYBURT;MERKEZ;ESENTEPE;ŞEHİT İDRİS KARAKAŞOĞLU SOKAK;sokak;147951241
BAYBURT;MERKEZ;ESENTEPE;ŞEHİT İHSAN ÇELİK SOKAK;sokak;746596161
BAYBURT;MERKEZ;ESENTEPE;ŞEHİT KADİR DEMİR SOKAK;sokak;413798
BAYBURT;MERKEZ;ESENTEPE;ŞEHİT KAZIM YAZICI CADDE;cadde;404584
BAYBURT;MERKEZ;ESENTEPE;ŞEHİT METE OKUR SOKAK;sokak;118859
BAYBURT;MERKEZ;ESENTEPE;ŞEHİT MUAMMER GÜN SOKAK;sokak;238911
BAYBURT;MERKEZ;ESENTEPE;ŞEHİT MUSTAFA KIR SOKAK;sokak;118860
BAYBURT;MERKEZ;ESENTEPE;ŞEHİT NEVZAT KAYA SOKAK;sokak;413811
BAYBURT;MERKEZ;ESENTEPE;ŞEHİT OKTAY ALTINTAŞ SOKAK;sokak;404585
BAYBURT;MERKEZ;ESENTEPE;ŞEHİT OKTAY KARAKELLE SOKAK;sokak;363208281
BAYBURT;MERKEZ;ESENTEPE;ŞEHİT OSMAN AYDOĞDU SOKAK;sokak;733733180
BAYBURT;MERKEZ;ESENTEPE;ŞEHİT OSMAN BEKTAŞ SOKAK;sokak;560595610
BAYBURT;MERKEZ;ESENTEPE;ŞEHİT ÖMÜR ERBAY SOKAK;sokak;588312311
BAYBURT;MERKEZ;ESENTEPE;ŞEHİT RECEP ALİ TEMEL SOKAK;sokak;454073190
BAYBURT;MERKEZ;ESENTEPE;ŞEHİT RECEP TOPALOĞLU SOKAK;sokak;336527850
BAYBURT;MERKEZ;ESENTEPE;ŞEHİT SABAHATTİN TÜRKOĞLU SOKAK;sokak;436229
BAYBURT;MERKEZ;ESENTEPE;ŞEHİT SALİM TEMEL SOKAK;sokak;487473561
BAYBURT;MERKEZ;ESENTEPE;ŞEHİT SALİM TURAN CADDE;cadde;404582
BAYBURT;MERKEZ;ESENTEPE;ŞEHİT SAMET AKDENİZ SOKAK;sokak;260309650
BAYBURT;MERKEZ;ESENTEPE;ŞEHİT SERKAN SAKA SOKAK;sokak;536765571
BAYBURT;MERKEZ;ESENTEPE;ŞEHİT TACETTİN AKYÜZ SOKAK;sokak;913013660
BAYBURT;MERKEZ;ESENTEPE;ŞEHİT ZEKİ BURAK OKAY CADDE;cadde;326278
BAYBURT;MERKEZ;ESENTEPE;ŞEHİTLER CADDE;cadde;435958
BAYBURT;MERKEZ;ESENTEPE;TANYELİ SOKAK;sokak;422915341
BAYBURT;MERKEZ;ESENTEPE;TEMAŞA SOKAK;sokak;229481
BAYBURT;MERKEZ;ESENTEPE;TUBA SOKAK;sokak;427484
BAYBURT;MERKEZ;ESENTEPE;TUNAHAN CADDE;cadde;118850
BAYBURT;MERKEZ;ESENTEPE;TURGUT ÖZAL BULVAR;sokak;244100
BAYBURT;MERKEZ;ESENTEPE;TURNA SOKAK;sokak;435672
BAYBURT;MERKEZ;ESENTEPE;YAĞMUR SOKAK;sokak;118851
BAYBURT;MERKEZ;ESENTEPE;YONCA SOKAK;sokak;180436121
BAYBURT;MERKEZ;ESENTEPE;YUNUS EMRE CADDE;cadde;118852
BAYBURT;MERKEZ;ESENTEPE;YURT CADDE;cadde;404581
BAYBURT;MERKEZ;ESENTEPE;ZAHİR SOKAK;sokak;747183
BAYBURT;MERKEZ;ESENTEPE;ZARİF SOKAK;sokak;226262
BAYBURT;MERKEZ;GENÇOSMAN;1 NOLU SOKAK;sokak;724378
BAYBURT;MERKEZ;GENÇOSMAN;10 NOLU SOKAK;sokak;720985
BAYBURT;MERKEZ;GENÇOSMAN;11 NOLU SOKAK;sokak;721491
BAYBURT;MERKEZ;GENÇOSMAN;12 NOLU SOKAK;sokak;720984
BAYBURT;MERKEZ;GENÇOSMAN;13 NOLU SOKAK;sokak;725910
BAYBURT;MERKEZ;GENÇOSMAN;14 NOLU SOKAK;sokak;719674
BAYBURT;MERKEZ;GENÇOSMAN;15 NOLU SOKAK;sokak;723863
BAYBURT;MERKEZ;GENÇOSMAN;2 NOLU CADDE;cadde;726723
BAYBURT;MERKEZ;GENÇOSMAN;21 ŞUBAT CADDE;cadde;270996
BAYBURT;MERKEZ;GENÇOSMAN;3 NOLU SOKAK;sokak;46616
BAYBURT;MERKEZ;GENÇOSMAN;4 NOLU CADDE;cadde;721432
BAYBURT;MERKEZ;GENÇOSMAN;5 NOLU SOKAK;sokak;81423
BAYBURT;MERKEZ;GENÇOSMAN;6 NOLU CADDE;cadde;317900
BAYBURT;MERKEZ;GENÇOSMAN;7 NOLU SOKAK;sokak;724287
BAYBURT;MERKEZ;GENÇOSMAN;8 NOLU SOKAK;sokak;724490
BAYBURT;MERKEZ;GENÇOSMAN;9 NOLU SOKAK;sokak;721494
BAYBURT;MERKEZ;GENÇOSMAN;AĞLAR BABA SOKAK;sokak;403394
BAYBURT;MERKEZ;GENÇOSMAN;AKİF İNAN CADDE;cadde;715077
BAYBURT;MERKEZ;GENÇOSMAN;AKŞEMSETTİN CADDE;cadde;704575
BAYBURT;MERKEZ;GENÇOSMAN;ALPEREN SOKAK;sokak;317893
BAYBURT;MERKEZ;GENÇOSMAN;ALTIN SOKAK;sokak;721332
BAYBURT;MERKEZ;GENÇOSMAN;ALTINTAŞ SOKAK;sokak;93106
BAYBURT;MERKEZ;GENÇOSMAN;ARKADAŞ SOKAK;sokak;728266
BAYBURT;MERKEZ;GENÇOSMAN;ASLANDAĞI SOKAK;sokak;197006810
BAYBURT;MERKEZ;GENÇOSMAN;BAĞLANTI BULVAR;sokak;840138871
BAYBURT;MERKEZ;GENÇOSMAN;BAĞLARBAŞI SOKAK;sokak;722243
BAYBURT;MERKEZ;GENÇOSMAN;BİLGEHAN SOKAK;sokak;719287
BAYBURT;MERKEZ;GENÇOSMAN;BİLGİN SOKAK;sokak;724273
BAYBURT;MERKEZ;GENÇOSMAN;BURLA HATUN SOKAK;sokak;270558
BAYBURT;MERKEZ;GENÇOSMAN;CEVHER DUDAYEV CADDE;cadde;709494
BAYBURT;MERKEZ;GENÇOSMAN;CEYLAN SOKAK;sokak;403410
BAYBURT;MERKEZ;GENÇOSMAN;CİHANGİR SOKAK;sokak;721984
BAYBURT;MERKEZ;GENÇOSMAN;CUMHURİYET CADDE;cadde;678637950
BAYBURT;MERKEZ;GENÇOSMAN;ÇALIŞKAN SOKAK;sokak;715758
BAYBURT;MERKEZ;GENÇOSMAN;ÇINAR SOKAK;sokak;719667
BAYBURT;MERKEZ;GENÇOSMAN;ÇINARLI SOKAK;sokak;732480
BAYBURT;MERKEZ;GENÇOSMAN;DEDE PAŞA CADDE;cadde;313001
BAYBURT;MERKEZ;GENÇOSMAN;DEĞERLİ SOKAK;sokak;725689
BAYBURT;MERKEZ;GENÇOSMAN;DERGAH SOKAK;sokak;93099
BAYBURT;MERKEZ;GENÇOSMAN;DESTAN SOKAK;sokak;456915
BAYBURT;MERKEZ;GENÇOSMAN;DEVA SOKAK;sokak;725690
BAYBURT;MERKEZ;GENÇOSMAN;EKMELETTİN BAYBURDİ SOKAK;sokak;705504
BAYBURT;MERKEZ;GENÇOSMAN;ERGÜN SOKAK;sokak;365593001
BAYBURT;MERKEZ;GENÇOSMAN;ESTERGON CADDE;cadde;720813
BAYBURT;MERKEZ;GENÇOSMAN;GENÇLİK SOKAK;sokak;76953
BAYBURT;MERKEZ;GENÇOSMAN;GÖRKEM SOKAK;sokak;303361
BAYBURT;MERKEZ;GENÇOSMAN;GURUR SOKAK;sokak;76978
BAYBURT;MERKEZ;GENÇOSMAN;GÜNEYLİ SOKAK;sokak;581142651
BAYBURT;MERKEZ;GENÇOSMAN;GÜNGÖREN SOKAK;sokak;324820
BAYBURT;MERKEZ;GENÇOSMAN;GÜVEN SOKAK;sokak;726943
BAYBURT;MERKEZ;GENÇOSMAN;GÜZİDE SOKAK;sokak;303287
BAYBURT;MERKEZ;GENÇOSMAN;HANEDAN SOKAK;sokak;81223
BAYBURT;MERKEZ;GENÇOSMAN;HASRET SOKAK;sokak;712873
BAYBURT;MERKEZ;GENÇOSMAN;HEYBETLİ SOKAK;sokak;717189
BAYBURT;MERKEZ;GENÇOSMAN;KADER SOKAK;sokak;131772
BAYBURT;MERKEZ;GENÇOSMAN;KAFKAS SOKAK;sokak;270993
BAYBURT;MERKEZ;GENÇOSMAN;KANUNİ CADDE;cadde;401935
BAYBURT;MERKEZ;GENÇOSMAN;KAZAN SOKAK;sokak;721605
BAYBURT;MERKEZ;GENÇOSMAN;KERKÜK CADDE;cadde;317117
BAYBURT;MERKEZ;GENÇOSMAN;KORUK CADDE;cadde;732532
BAYBURT;MERKEZ;GENÇOSMAN;LEYLAK SOKAK;sokak;721952
BAYBURT;MERKEZ;GENÇOSMAN;MAHSUN SOKAK;sokak;574638610
BAYBURT;MERKEZ;GENÇOSMAN;MANOLYA SOKAK;sokak;843845021
BAYBURT;MERKEZ;GENÇOSMAN;MİLLET CADDE;cadde;727493
BAYBURT;MERKEZ;GENÇOSMAN;MOHAÇ SOKAK;sokak;349440
BAYBURT;MERKEZ;GENÇOSMAN;MUSTAFA TURGUT SOKAK;sokak;723244
BAYBURT;MERKEZ;GENÇOSMAN;MUTEBER SOKAK;sokak;705360
BAYBURT;MERKEZ;GENÇOSMAN;MÜCAHİT SOKAK;sokak;236844260
BAYBURT;MERKEZ;GENÇOSMAN;MÜMTAZ SOKAK;sokak;116478980
BAYBURT;MERKEZ;GENÇOSMAN;OBA SOKAK;sokak;425727190
BAYBURT;MERKEZ;GENÇOSMAN;ORHUN SOKAK;sokak;715597
BAYBURT;MERKEZ;GENÇOSMAN;OSLU BABA CADDE;cadde;716059
BAYBURT;MERKEZ;GENÇOSMAN;ÖYKÜ SOKAK;sokak;487485860
BAYBURT;MERKEZ;GENÇOSMAN;PADİŞAH SOKAK;sokak;676416880
BAYBURT;MERKEZ;GENÇOSMAN;REİS SOKAK;sokak;621870341
BAYBURT;MERKEZ;GENÇOSMAN;RÜÇHAN SOKAK;sokak;750293631
BAYBURT;MERKEZ;GENÇOSMAN;SAHABE SOKAK;sokak;703887980
BAYBURT;MERKEZ;GENÇOSMAN;SAZAK SOKAK;sokak;415559880
BAYBURT;MERKEZ;GENÇOSMAN;SERİN SOKAK;sokak;721285
BAYBURT;MERKEZ;GENÇOSMAN;SEYRANİ CADDE;cadde;67482
BAYBURT;MERKEZ;GENÇOSMAN;SUSAM SOKAK;sokak;732506
BAYBURT;MERKEZ;GENÇOSMAN;SÜMBÜL SOKAK;sokak;382306
BAYBURT;MERKEZ;GENÇOSMAN;ŞAHMETTİN KARAMAN SOKAK;sokak;721950
BAYBURT;MERKEZ;GENÇOSMAN;TANYELİ SOKAK;sokak;207930221
BAYBURT;MERKEZ;GENÇOSMAN;TAŞKÖPRÜ SOKAK;sokak;165759461
BAYBURT;MERKEZ;GENÇOSMAN;TECELLİ SOKAK;sokak;365370661
BAYBURT;MERKEZ;GENÇOSMAN;TEMİZ SOKAK;sokak;842139170
BAYBURT;MERKEZ;GENÇOSMAN;TURGUT ÖZAL BULVAR;sokak;715918
BAYBURT;MERKEZ;GENÇOSMAN;VATAN CADDE;cadde;721881
BAYBURT;MERKEZ;GENÇOSMAN - A.GENÇOSMAN;A.GENÇOSMAN KÜME EVLER;sokak;647014
BAYBURT;MERKEZ;GENÇOSMAN - MERKEZ;GENÇOSMAN KÜME EVLER;sokak;641618
BAYBURT;MERKEZ;GEZKÖY - AŞAĞI GEZ;AŞAĞI GEZ KÜME EVLER;sokak;603811
BAYBURT;MERKEZ;GEZKÖY - AŞAĞI GEZ;ERZURUM YOLU BULVAR;sokak;568380631
BAYBURT;MERKEZ;GEZKÖY - YUKARI GEZ;YUKARI GEZ KÜME EVLER;sokak;606784
BAYBURT;MERKEZ;GÖKÇELİ NA;GÖKÇELİ KÜME EVLER;sokak;597561
BAYBURT;MERKEZ;GÖKLER NA;GÖKLER KÜME EVLER;sokak;615992
BAYBURT;MERKEZ;GÖKPINAR NA;GÖKPINAR KÜME EVLER;sokak;598385
BAYBURT;MERKEZ;GÖLDERE NA;GÖLDERE KÜME EVLER;sokak;323315
BAYBURT;MERKEZ;GÖLOBA - MERKEZ;GÖLOBA KÜME EVLER;sokak;599955
BAYBURT;MERKEZ;GÖLOBA - YAYLA EVLERİ;YAYLA EVLERİ KÜME EVLER;sokak;611942
BAYBURT;MERKEZ;GÜDER NA;GÜDER KÜME EVLER;sokak;586860
BAYBURT;MERKEZ;GÜLLÜCE NA;GÜLLÜCE KÜME EVLER;sokak;618981
BAYBURT;MERKEZ;GÜMÜŞSU - AŞAĞI GÜMÜŞSU;AŞAĞI GÜMÜŞSU KÜME EVLER;sokak;372329
BAYBURT;MERKEZ;GÜMÜŞSU - AŞAĞI GÜMÜŞSU;ERZURUM YOLU BULVAR;sokak;366079351
BAYBURT;MERKEZ;GÜMÜŞSU - MERKEZ;MERKEZ KÜME EVLER;sokak;612017520
BAYBURT;MERKEZ;GÜNEYDERE - ERENLER;ERENLER KÜME EVLER;sokak;600111
BAYBURT;MERKEZ;GÜNEYDERE - ERENLER;GÜMÜŞHANE BULVAR;sokak;403320251
BAYBURT;MERKEZ;GÜNEYDERE - ERENLER;GÜNEYDERE KÜME EVLER;sokak;790173231
BAYBURT;MERKEZ;GÜNEYDERE - MERKEZ;GÜNEYDERE KÜME EVLER;sokak;609663
BAYBURT;MERKEZ;GÜZELCE NA;GÜZELCE KÜME EVLER;sokak;617404
BAYBURT;MERKEZ;HACIOĞLU NA;HACIOĞLU KÜME EVLER;sokak;320723
BAYBURT;MERKEZ;HALFİKALE (KALEARDI);ARZU SOKAK;sokak;728317
BAYBURT;MERKEZ;HALFİKALE (KALEARDI);ASUDE SOKAK;sokak;776043791
BAYBURT;MERKEZ;HALFİKALE (KALEARDI);AYDINLAR SOKAK;sokak;732558
BAYBURT;MERKEZ;HALFİKALE (KALEARDI);BAHADIR SOKAK;sokak;732560
BAYBURT;MERKEZ;HALFİKALE (KALEARDI);BARIŞ SOKAK;sokak;732551
BAYBURT;MERKEZ;HALFİKALE (KALEARDI);BEREKET SOKAK;sokak;22230
BAYBURT;MERKEZ;HALFİKALE (KALEARDI);BİLGE SOKAK;sokak;732535
BAYBURT;MERKEZ;HALFİKALE (KALEARDI);BOYLU SOKAK;sokak;124315
BAYBURT;MERKEZ;HALFİKALE (KALEARDI);BURÇ SOKAK;sokak;689306010
BAYBURT;MERKEZ;HALFİKALE (KALEARDI);BÜLBÜL SOKAK;sokak;732529
BAYBURT;MERKEZ;HALFİKALE (KALEARDI);ÇAĞLA SOKAK;sokak;365832
BAYBURT;MERKEZ;HALFİKALE (KALEARDI);ÇAYKARA YOLU CADDE;cadde;162834591
BAYBURT;MERKEZ;HALFİKALE (KALEARDI);ÇIKMAZ SOKAK;sokak;731673
BAYBURT;MERKEZ;HALFİKALE (KALEARDI);ÇORUH SOKAK;sokak;563965911
BAYBURT;MERKEZ;HALFİKALE (KALEARDI);DİLBER SOKAK;sokak;22282
BAYBURT;MERKEZ;HALFİKALE (KALEARDI);DİLEK SOKAK;sokak;365829
BAYBURT;MERKEZ;HALFİKALE (KALEARDI);DOĞA SOKAK;sokak;369056
BAYBURT;MERKEZ;HALFİKALE (KALEARDI);DOĞU SOKAK;sokak;365827
BAYBURT;MERKEZ;HALFİKALE (KALEARDI);DOLUNAY SOKAK;sokak;720835
BAYBURT;MERKEZ;HALFİKALE (KALEARDI);ELİF SOKAK;sokak;728312
BAYBURT;MERKEZ;HALFİKALE (KALEARDI);ERENLER SOKAK;sokak;728313
BAYBURT;MERKEZ;HALFİKALE (KALEARDI);FİRUZE SOKAK;sokak;731684
BAYBURT;MERKEZ;HALFİKALE (KALEARDI);GONCA SOKAK;sokak;22229
BAYBURT;MERKEZ;HALFİKALE (KALEARDI);HARMANLAR SOKAK;sokak;842692161
BAYBURT;MERKEZ;HALFİKALE (KALEARDI);HUZUR SOKAK;sokak;124316
BAYBURT;MERKEZ;HALFİKALE (KALEARDI);IŞIK SOKAK;sokak;732537
BAYBURT;MERKEZ;HALFİKALE (KALEARDI);IŞIL SOKAK;sokak;731700
BAYBURT;MERKEZ;HALFİKALE (KALEARDI);İMAM HATİP YOLU CADDE;cadde;479210691
BAYBURT;MERKEZ;HALFİKALE (KALEARDI);İSPİR YOLU CADDE;cadde;385679
BAYBURT;MERKEZ;HALFİKALE (KALEARDI);İSTİKBAL SOKAK;sokak;732562
BAYBURT;MERKEZ;HALFİKALE (KALEARDI);KALEDİBİ SOKAK;sokak;124317
BAYBURT;MERKEZ;HALFİKALE (KALEARDI);KARABAĞ SOKAK;sokak;732543
BAYBURT;MERKEZ;HALFİKALE (KALEARDI);KONURSU SOKAK;sokak;731679
BAYBURT;MERKEZ;HALFİKALE (KALEARDI);LALE SOKAK;sokak;732520
BAYBURT;MERKEZ;HALFİKALE (KALEARDI);METİNKALE SOKAK;sokak;124318
BAYBURT;MERKEZ;HALFİKALE (KALEARDI);NARKAZANI SOKAK;sokak;124319
BAYBURT;MERKEZ;HALFİKALE (KALEARDI);NERGİS SOKAK;sokak;728303
BAYBURT;MERKEZ;HALFİKALE (KALEARDI);OĞUZLAR CADDE;cadde;365833
BAYBURT;MERKEZ;HALFİKALE (KALEARDI);ONUR SOKAK;sokak;731705
BAYBURT;MERKEZ;HALFİKALE (KALEARDI);OZAN SOKAK;sokak;728335
BAYBURT;MERKEZ;HALFİKALE (KALEARDI);ÖZGÜR SOKAK;sokak;732545
BAYBURT;MERKEZ;HALFİKALE (KALEARDI);PAPATYA SOKAK;sokak;732544
BAYBURT;MERKEZ;HALFİKALE (KALEARDI);RÜZGAR SOKAK;sokak;728320
BAYBURT;MERKEZ;HALFİKALE (KALEARDI);SAVAŞ SOKAK;sokak;447930990
BAYBURT;MERKEZ;HALFİKALE (KALEARDI);SAYGI SOKAK;sokak;732561
BAYBURT;MERKEZ;HALFİKALE (KALEARDI);SEÇKİN SOKAK;sokak;49960
BAYBURT;MERKEZ;HALFİKALE (KALEARDI);SEVİNÇ SOKAK;sokak;732549
BAYBURT;MERKEZ;HALFİKALE (KALEARDI);SOYLU SOKAK;sokak;732564
BAYBURT;MERKEZ;HALFİKALE (KALEARDI);SULTAN SOKAK;sokak;369046
BAYBURT;MERKEZ;HALFİKALE (KALEARDI);SÜLEYMANİYE CADDE;cadde;49944
BAYBURT;MERKEZ;HALFİKALE (KALEARDI);ŞİNGAH KALEARDI BULVAR;sokak;509890371
BAYBURT;MERKEZ;HALFİKALE (KALEARDI);ŞİRİN SOKAK;sokak;732527
BAYBURT;MERKEZ;HALFİKALE (KALEARDI);TEPEBAŞI SOKAK;sokak;124320
BAYBURT;MERKEZ;HALFİKALE (KALEARDI);TEPETARLA YOLU BULVAR;sokak;386831161
BAYBURT;MERKEZ;HALFİKALE (KALEARDI);UYGUN SOKAK;sokak;124321
BAYBURT;MERKEZ;HALFİKALE (KALEARDI);ÜLKÜ SOKAK;sokak;753466841
BAYBURT;MERKEZ;HALFİKALE (KALEARDI);ÜNLÜ SOKAK;sokak;421035311
BAYBURT;MERKEZ;HALFİKALE (KALEARDI);VAHDET SOKAK;sokak;684775460
BAYBURT;MERKEZ;HARMANÖZÜ NA;AFET KONUTLARI KÜME EVLER;sokak;836225
BAYBURT;MERKEZ;HARMANÖZÜ NA;ENERJİSANTRALİ KÜME EVLER;sokak;858056
BAYBURT;MERKEZ;HARMANÖZÜ NA;HARMANÖZÜ KÜME EVLER;sokak;631726
BAYBURT;MERKEZ;HELVAKÖY NA;HELVA KÜME EVLER;sokak;628504
BAYBURT;MERKEZ;HELVAKÖY NA;MASAT KÜME EVLER;sokak;193501490
BAYBURT;MERKEZ;HEYBETEPE NA;HEYBETEPE KÜME EVLER;sokak;613313
BAYBURT;MERKEZ;İĞDİR NA;IĞDIR KÜME EVLER;sokak;459632
BAYBURT;MERKEZ;KABAÇAYIR NA;KABAÇAYIR KÜME EVLER;sokak;640829
BAYBURT;MERKEZ;KADIZADE;AKASYA SOKAK;sokak;1300429
BAYBURT;MERKEZ;KADIZADE;AKÇA SOKAK;sokak;519749701
BAYBURT;MERKEZ;KADIZADE;AKSA SOKAK;sokak;890314881
BAYBURT;MERKEZ;KADIZADE;ALPARSLAN SOKAK;sokak;124322
BAYBURT;MERKEZ;KADIZADE;BURÇ SOKAK;sokak;720662
BAYBURT;MERKEZ;KADIZADE;CAMİ SOKAK;sokak;124323
BAYBURT;MERKEZ;KADIZADE;ÇEŞME SOKAK;sokak;125668
BAYBURT;MERKEZ;KADIZADE;ÇİĞDEM SOKAK;sokak;722424
BAYBURT;MERKEZ;KADIZADE;FABRİKA CADDE;cadde;709302
BAYBURT;MERKEZ;KADIZADE;HAL SOKAK;sokak;124325
BAYBURT;MERKEZ;KADIZADE;HAZAL SOKAK;sokak;587975231
BAYBURT;MERKEZ;KADIZADE;HÜRMET SOKAK;sokak;528262600
BAYBURT;MERKEZ;KADIZADE;İRŞADİ BABA SOKAK;sokak;457728861
BAYBURT;MERKEZ;KADIZADE;KALEBOYNU SOKAK;sokak;124327
BAYBURT;MERKEZ;KADIZADE;KASAPLAR ÇARŞISI SOKAK;sokak;124328
BAYBURT;MERKEZ;KADIZADE;KAVCI SOKAK;sokak;719975
BAYBURT;MERKEZ;KADIZADE;KISA SOKAK;sokak;81403
BAYBURT;MERKEZ;KADIZADE;KOÇOĞLU ÇARŞISI SOKAK;sokak;124329
BAYBURT;MERKEZ;KADIZADE;KULOĞLU SOKAK;sokak;124330
BAYBURT;MERKEZ;KADIZADE;KUYUBAŞI CADDE;cadde;124331
BAYBURT;MERKEZ;KADIZADE;KUZGUN SOKAK;sokak;385176861
BAYBURT;MERKEZ;KADIZADE;MÜFTÜ SOKAK;sokak;125664
BAYBURT;MERKEZ;KADIZADE;NEHİR SOKAK;sokak;724390
BAYBURT;MERKEZ;KADIZADE;NEVZAT KARAOĞLU CADDE;cadde;125665
BAYBURT;MERKEZ;KADIZADE;OKUL SOKAK;sokak;125677
BAYBURT;MERKEZ;KADIZADE;PİLAVEFENDİ SOKAK;sokak;125666
BAYBURT;MERKEZ;KADIZADE;SAATHANA MEYDAN;sokak;399622
BAYBURT;MERKEZ;KADIZADE;SEMERCİLER CADDE;cadde;125667
BAYBURT;MERKEZ;KADIZADE;SENCER SOKAK;sokak;255440991
BAYBURT;MERKEZ;KADIZADE;UNUTULMAZ CADDE;cadde;327793990
BAYBURT;MERKEZ;KADIZADE;YAŞAR GÜLER SOKAK;sokak;124326
BAYBURT;MERKEZ;KARASAKAL;BELLİ SOKAK;sokak;546943510
BAYBURT;MERKEZ;KARASAKAL;BENT CADDE;cadde;724517
BAYBURT;MERKEZ;KARASAKAL;CİNCİ SOKAK;sokak;772717730
BAYBURT;MERKEZ;KARASAKAL;DİK SOKAK;sokak;125669
BAYBURT;MERKEZ;KARASAKAL;ECRİN SOKAK;sokak;935485840
BAYBURT;MERKEZ;KARASAKAL;ESEN SOKAK;sokak;125670
BAYBURT;MERKEZ;KARASAKAL;FURKAN SOKAK;sokak;494108480
BAYBURT;MERKEZ;KARASAKAL;HAPİSHANE YOLU SOKAK;sokak;1307269
BAYBURT;MERKEZ;KARASAKAL;İMAMOĞLU SOKAK;sokak;399623
BAYBURT;MERKEZ;KARASAKAL;KALEALTI CADDE;cadde;125671
BAYBURT;MERKEZ;KARASAKAL;MEKTEP SOKAK;sokak;399624
BAYBURT;MERKEZ;KARASAKAL;MİRAÇ SOKAK;sokak;468131350
BAYBURT;MERKEZ;KARASAKAL;NEVZAT KARAOĞLU CADDE;cadde;186610330
BAYBURT;MERKEZ;KARASAKAL;SAATÇİ SOKAK;sokak;125672
BAYBURT;MERKEZ;KARASAKAL;UNUTULMAZ CADDE;cadde;125673
BAYBURT;MERKEZ;KARASAKAL;VEYSEL KARANİ SOKAK;sokak;278636871
BAYBURT;MERKEZ;KARLICA NA;KARLICA KÜME EVLER;sokak;602624
BAYBURT;MERKEZ;KARLICA NA;KARLICA YAYLASI KÜME EVLER;sokak;142303461
BAYBURT;MERKEZ;KARŞIGEÇİT NA;İSPİR YOLU BULVAR;sokak;201730351
BAYBURT;MERKEZ;KARŞIGEÇİT NA;KARŞIGEÇİT KÜME EVLER;sokak;647387
BAYBURT;MERKEZ;KAVACIK NA;KAVACIK KÜME EVLER;sokak;679652
BAYBURT;MERKEZ;KAVAKYANI NA;KAVAKYANI KÜME EVLER;sokak;671012
BAYBURT;MERKEZ;KEMERTAŞ NA;KEMERTAŞ KÜME EVLER;sokak;717228
BAYBURT;MERKEZ;KIRATLI - AŞAĞI KIRATLI;AŞAĞI KIRATLI KÜME EVLER;sokak;617879
BAYBURT;MERKEZ;KIRATLI - MERKEZ;KIRATLI KÜME EVLER;sokak;616554
BAYBURT;MERKEZ;KIRKPINAR NA;ERZİNCAN BULVAR;sokak;759217420
BAYBURT;MERKEZ;KIRKPINAR NA;KIRKPINAR KÜME EVLER;sokak;634963
BAYBURT;MERKEZ;KİTRE - MERKEZ;KİTRE KÜME EVLER;sokak;604268
BAYBURT;MERKEZ;KİTRE - UĞUR;UĞUR KÜME EVLER;sokak;609647
BAYBURT;MERKEZ;KOÇBAYIR NA;KOÇBAYIR KÜME EVLER;sokak;471591
BAYBURT;MERKEZ;KONURSU - FATİH;ADNAN MENDERES SOKAK;sokak;989565
BAYBURT;MERKEZ;KONURSU - FATİH;ALİBEY SOKAK;sokak;125753
BAYBURT;MERKEZ;KONURSU - FATİH;ARİF NEVZAT KARAOĞLU SOKAK;sokak;125768
BAYBURT;MERKEZ;KONURSU - FATİH;ARK SOKAK;sokak;422433370
BAYBURT;MERKEZ;KONURSU - FATİH;ASIM PAŞA SOKAK;sokak;402824
BAYBURT;MERKEZ;KONURSU - FATİH;BAĞLANTI 1 KÜME EVLER;sokak;465589610
BAYBURT;MERKEZ;KONURSU - FATİH;BAĞLANTI1 KÜME EVLER;sokak;334329230
BAYBURT;MERKEZ;KONURSU - FATİH;BAYIR SOKAK;sokak;731800360
BAYBURT;MERKEZ;KONURSU - FATİH;CAMİİKEBİR SOKAK;sokak;125754
BAYBURT;MERKEZ;KONURSU - FATİH;CUMHURİYET SOKAK;sokak;125755
BAYBURT;MERKEZ;KONURSU - FATİH;ÇATALKAYA SOKAK;sokak;381247640
BAYBURT;MERKEZ;KONURSU - FATİH;ÇAYKARA BULVAR;sokak;726308410
BAYBURT;MERKEZ;KONURSU - FATİH;ÇİFLİK KÜMEEVLER 1 KÜME EVLER;sokak;399647390
BAYBURT;MERKEZ;KONURSU - FATİH;ÇİFTLİK SOKAK;sokak;125767
BAYBURT;MERKEZ;KONURSU - FATİH;DEĞİRMEN SOKAK;sokak;402825
BAYBURT;MERKEZ;KONURSU - FATİH;DİKMEN SOKAK;sokak;444299
BAYBURT;MERKEZ;KONURSU - FATİH;DURSUNBEY SOKAK;sokak;468943580
BAYBURT;MERKEZ;KONURSU - FATİH;ELBEYİ SOKAK;sokak;125756
BAYBURT;MERKEZ;KONURSU - FATİH;ESAT HAFIZ SOKAK;sokak;125772
BAYBURT;MERKEZ;KONURSU - FATİH;ESEN SOKAK;sokak;125758
BAYBURT;MERKEZ;KONURSU - FATİH;FİKRİBEY SOKAK;sokak;232761
BAYBURT;MERKEZ;KONURSU - FATİH;GÜL SOKAK;sokak;402826
BAYBURT;MERKEZ;KONURSU - FATİH;HAFIZ ENVER SOKAK;sokak;125759
BAYBURT;MERKEZ;KONURSU - FATİH;HARMAN 1 SOKAK;sokak;889159540
BAYBURT;MERKEZ;KONURSU - FATİH;HARMAN SOKAK;sokak;125760
BAYBURT;MERKEZ;KONURSU - FATİH;HİKMET EFENDİ SOKAK;sokak;402827
BAYBURT;MERKEZ;KONURSU - FATİH;HOCA AHMET YESEVİ1 SOKAK;sokak;883073350
BAYBURT;MERKEZ;KONURSU - FATİH;HOCAAHMETYESEVİ KÜME 1 KÜME EVLER;sokak;850160530
BAYBURT;MERKEZ;KONURSU - FATİH;HOCAAHMETYESEVİ KÜME 2 KÜME EVLER;sokak;419620280
BAYBURT;MERKEZ;KONURSU - FATİH;İBRAHİM EFENDİ SOKAK;sokak;240364
BAYBURT;MERKEZ;KONURSU - FATİH;İMDATEFENDİ SOKAK;sokak;402830
BAYBURT;MERKEZ;KONURSU - FATİH;KAYA SOKAK;sokak;125761
BAYBURT;MERKEZ;KONURSU - FATİH;KONURSU KÜMEVLERİ 1 KÜME EVLER;sokak;884476690
BAYBURT;MERKEZ;KONURSU - FATİH;KUYU SOKAK;sokak;232762
BAYBURT;MERKEZ;KONURSU - FATİH;MANAS SOKAK;sokak;125762
BAYBURT;MERKEZ;KONURSU - FATİH;OSMANGAZİ SOKAK;sokak;402828
BAYBURT;MERKEZ;KONURSU - FATİH;SÜLEYMAN EFENDİ 1 SOKAK;sokak;515624030
BAYBURT;MERKEZ;KONURSU - FATİH;SÜLEYMAN EFENDİ SOKAK;sokak;125763
BAYBURT;MERKEZ;KONURSU - FATİH;TAŞDİBİ SOKAK;sokak;232763
BAYBURT;MERKEZ;KONURSU - FATİH;TEPE SOKAK;sokak;125764
BAYBURT;MERKEZ;KONURSU - FATİH;ZİYARETYOLU SOKAK;sokak;402829
BAYBURT;MERKEZ;KONURSU - FATİH;ZÜBEYDE HANIM KÜMEVLERİ 1 KÜME EVLER;sokak;176323240
BAYBURT;MERKEZ;KONURSU - FATİH;ZÜBEYDE HANIM SOKAK;sokak;240367
BAYBURT;MERKEZ;KONURSU - YAVUZ;AHBUN SOKAK;sokak;125769
BAYBURT;MERKEZ;KONURSU - YAVUZ;ASLANBEY SOKAK;sokak;125774
BAYBURT;MERKEZ;KONURSU - YAVUZ;BAĞLANTI KÜME EVLER;sokak;734186910
BAYBURT;MERKEZ;KONURSU - YAVUZ;BAYIR SOKAK;sokak;559805020
BAYBURT;MERKEZ;KONURSU - YAVUZ;CAMİİALTI SOKAK;sokak;690985
BAYBURT;MERKEZ;KONURSU - YAVUZ;CAMİİKEBİR SOKAK;sokak;343971411
BAYBURT;MERKEZ;KONURSU - YAVUZ;CUMHURİYET 1 SOKAK;sokak;300738030
BAYBURT;MERKEZ;KONURSU - YAVUZ;CUMHURİYET SOKAK;sokak;402831
BAYBURT;MERKEZ;KONURSU - YAVUZ;ÇAYIR SOKAK;sokak;402835
BAYBURT;MERKEZ;KONURSU - YAVUZ;ÇAYKARA BULVAR;sokak;306106200
BAYBURT;MERKEZ;KONURSU - YAVUZ;DERE SOKAK;sokak;698450
BAYBURT;MERKEZ;KONURSU - YAVUZ;DOĞU SOKAK;sokak;698449
BAYBURT;MERKEZ;KONURSU - YAVUZ;DURSUNBEY SOKAK;sokak;423882560
BAYBURT;MERKEZ;KONURSU - YAVUZ;ESAT HAFIZ SOKAK;sokak;125757
BAYBURT;MERKEZ;KONURSU - YAVUZ;ESENTEPE SOKAK;sokak;402832
BAYBURT;MERKEZ;KONURSU - YAVUZ;GÖKSAY SOKAK;sokak;690984
BAYBURT;MERKEZ;KONURSU - YAVUZ;GÜNALAN SOKAK;sokak;689338
BAYBURT;MERKEZ;KONURSU - YAVUZ;HACI OSMAN SOKAK;sokak;125773
BAYBURT;MERKEZ;KONURSU - YAVUZ;HAFIZ ENVER SOKAK;sokak;882624801
BAYBURT;MERKEZ;KONURSU - YAVUZ;KAMİL EFENDİ SOKAK;sokak;402833
BAYBURT;MERKEZ;KONURSU - YAVUZ;KAZAN SOKAK;sokak;125775
BAYBURT;MERKEZ;KONURSU - YAVUZ;KONURSU KÜMEVLERİ 1 KÜME EVLER;sokak;838311640
BAYBURT;MERKEZ;KONURSU - YAVUZ;MAHMUT EFENDİ SOKAK;sokak;125776
BAYBURT;MERKEZ;KONURSU - YAVUZ;MERA SOKAK;sokak;689337
BAYBURT;MERKEZ;KONURSU - YAVUZ;MEZARLIK ÜSTÜ SOKAK;sokak;240366
BAYBURT;MERKEZ;KONURSU - YAVUZ;ÖĞRETMEN İNANÇ SOKAK;sokak;125782
BAYBURT;MERKEZ;KONURSU - YAVUZ;PİLAVEFENDİ SOKAK;sokak;125777
BAYBURT;MERKEZ;KONURSU - YAVUZ;SAADET SOKAK;sokak;402834
BAYBURT;MERKEZ;KONURSU - YAVUZ;ŞEVKETEFENDİ SOKAK;sokak;124173
BAYBURT;MERKEZ;KONURSU - YAVUZ;UFUK SOKAK;sokak;125778
BAYBURT;MERKEZ;KONURSU - YAVUZ;YARBAŞLARI SOKAK;sokak;25809
BAYBURT;MERKEZ;KONURSU - YAVUZ;YENİ CAMİİ SOKAK;sokak;125779
BAYBURT;MERKEZ;KONURSU - YAVUZ;YORGUN SOKAK;sokak;125780
BAYBURT;MERKEZ;KONURSU - YAVUZ;ZÜBEYDE HANIM SOKAK;sokak;125765
BAYBURT;MERKEZ;KOPKÖY - MERKEZ;ERZURUM YOLU BULVAR;sokak;905093321
BAYBURT;MERKEZ;KOPKÖY - MERKEZ;KOP KÜME EVLER;sokak;629480
BAYBURT;MERKEZ;KOPKÖY - ORTAKOP;ERZURUM YOLU BULVAR;sokak;393953890
BAYBURT;MERKEZ;KOPKÖY - ORTAKOP;ORTA KOP KÜME EVLER;sokak;626547
BAYBURT;MERKEZ;KOPKÖY - ŞEHİTLİK;ERZURUM YOLU BULVAR;sokak;363390670
BAYBURT;MERKEZ;KOPKÖY - ŞEHİTLİK;ŞEHİTLİK KÜME EVLER;sokak;632219
BAYBURT;MERKEZ;KOPKÖY - YUKARI KOP;YUKARI KOP KÜME EVLER;sokak;629951
BAYBURT;MERKEZ;KOPUZ NA;KOPUZ KÜME EVLER;sokak;593781
BAYBURT;MERKEZ;KOZLUK NA;KOZLUK KÜME EVLER;sokak;619192
BAYBURT;MERKEZ;KURBANPINARI NA;KURBANPINAR KÜME EVLER;sokak;632062
BAYBURT;MERKEZ;KURUGÜNEY NA;KURUGÜNEY KÜME EVLER;sokak;594700
BAYBURT;MERKEZ;MADEN NA;ERZURUM YOLU BULVAR;sokak;267616011
BAYBURT;MERKEZ;MADEN NA;MADEN KÜME EVLER;sokak;654169
BAYBURT;MERKEZ;MANAS NA;MANAS KÜME EVLER;sokak;136689
BAYBURT;MERKEZ;MASAT - MERKEZ;MASAT KÜME EVLER;sokak;650294
BAYBURT;MERKEZ;MASAT - YUKARI MASAT;MASAT KÜME EVLER;sokak;330478041
BAYBURT;MERKEZ;MASAT - YUKARI MASAT;YUKARI MASAT KÜME EVLER;sokak;655707
BAYBURT;MERKEZ;MEHMET ÇELEBİ;AKASYA SOKAK;sokak;399625
BAYBURT;MERKEZ;MEHMET ÇELEBİ;ALPARSLAN SOKAK;sokak;187946361
BAYBURT;MERKEZ;MEHMET ÇELEBİ;AVCI SOKAK;sokak;125674
BAYBURT;MERKEZ;MEHMET ÇELEBİ;BEŞİKÇİ SOKAK;sokak;125675
BAYBURT;MERKEZ;MEHMET ÇELEBİ;BURÇ SOKAK;sokak;725380
BAYBURT;MERKEZ;MEHMET ÇELEBİ;CİRİT SOKAK;sokak;664828781
BAYBURT;MERKEZ;MEHMET ÇELEBİ;ÇORUH SOKAK;sokak;311997711
BAYBURT;MERKEZ;MEHMET ÇELEBİ;ERTUĞRUL GAZİ SOKAK;sokak;515872511
BAYBURT;MERKEZ;MEHMET ÇELEBİ;HİSAR SOKAK;sokak;233387
BAYBURT;MERKEZ;MEHMET ÇELEBİ;KALE ÇIKMAZI SOKAK;sokak;399626
BAYBURT;MERKEZ;MEHMET ÇELEBİ;KALEARDI YOLU CADDE;cadde;125676
BAYBURT;MERKEZ;MEHMET ÇELEBİ;KAVCI SOKAK;sokak;722645
BAYBURT;MERKEZ;MEHMET ÇELEBİ;KAYALIK SOKAK;sokak;272264141
BAYBURT;MERKEZ;MEHMET ÇELEBİ;KISMET SOKAK;sokak;151420
BAYBURT;MERKEZ;MEHMET ÇELEBİ;KURTULUŞ CADDE;cadde;726319
BAYBURT;MERKEZ;MEHMET ÇELEBİ;KUZGUN SOKAK;sokak;399627
BAYBURT;MERKEZ;MEHMET ÇELEBİ;OKUL SOKAK;sokak;1300409
BAYBURT;MERKEZ;MEHMET ÇELEBİ;RAVZA SOKAK;sokak;813741421
BAYBURT;MERKEZ;MEHMET ÇELEBİ;SARAYDÜZÜ SOKAK;sokak;125678
BAYBURT;MERKEZ;MEHMET ÇELEBİ;SAVAŞ SOKAK;sokak;399628
BAYBURT;MERKEZ;MEHMET ÇELEBİ;SENCER SOKAK;sokak;255440990
BAYBURT;MERKEZ;MEHMET ÇELEBİ;SOBACI SOKAK;sokak;125679
BAYBURT;MERKEZ;MEHMET ÇELEBİ;TUĞRA SOKAK;sokak;159208041
BAYBURT;MERKEZ;MEHMET ÇELEBİ;YAKUP BİN UBADE SOKAK;sokak;396913401
BAYBURT;MERKEZ;MEHMET ÇELEBİ;ZİHNİ SOKAK;sokak;453574720
BAYBURT;MERKEZ;MUTLU NA;ERZİNCAN BULVAR;sokak;739752450
BAYBURT;MERKEZ;MUTLU NA;MUTLU KÜME EVLER;sokak;651666
BAYBURT;MERKEZ;NİŞANTAŞI - KARŞIYAKA;KARŞIYAKA KÜME EVLER;sokak;625325
BAYBURT;MERKEZ;NİŞANTAŞI - MERKEZ;GÜMÜŞHANE BULVAR;sokak;534946621
BAYBURT;MERKEZ;NİŞANTAŞI - MERKEZ;NİŞANTAŞI KÜME EVLER;sokak;624770
BAYBURT;MERKEZ;ORTAÇİMAĞIL NA;ORTAÇIMAĞIL KÜME EVLER;sokak;635767
BAYBURT;MERKEZ;ORUÇBEYLİ NA;ERZİNCAN BULVAR;sokak;598555770
BAYBURT;MERKEZ;ORUÇBEYLİ NA;ORUÇBEYLİ KÜME EVLER;sokak;625981
BAYBURT;MERKEZ;OZANSU NA;OZANSU KÜME EVLER;sokak;628124
BAYBURT;MERKEZ;ÖRENCE - A.ÖRENCE HANLARI;A.ÖRENCE HANLARI KÜME EVLER;sokak;391587
BAYBURT;MERKEZ;ÖRENCE - A.ÖRENCE HANLARI;ERZURUM YOLU BULVAR;sokak;181556891
BAYBURT;MERKEZ;ÖRENCE - KALEBOYNU;ERZURUM YOLU BULVAR;sokak;895134930
BAYBURT;MERKEZ;ÖRENCE - KALEBOYNU;KALEBOYNU KÜME EVLER;sokak;575490
BAYBURT;MERKEZ;ÖRENCE - MERKEZ;ERZURUM YOLU BULVAR;sokak;263036851
BAYBURT;MERKEZ;ÖRENCE - MERKEZ;ÖRENCE KÜME EVLER;sokak;322542
BAYBURT;MERKEZ;ÖRENCE - TAŞIN DİBİ;ERZURUM YOLU BULVAR;sokak;467064870
BAYBURT;MERKEZ;ÖRENCE - TAŞIN DİBİ;TAŞIN DİBİ KÜME EVLER;sokak;176421
BAYBURT;MERKEZ;PAMUKTAŞ NA;ÇUKURYAYLASI KÜME EVLER;sokak;850665951
BAYBURT;MERKEZ;PAMUKTAŞ NA;PAMUKTAŞ KÜME EVLER;sokak;171140
BAYBURT;MERKEZ;PELİTLİ NA;PELİTLİ KÜME EVLER;sokak;463689
BAYBURT;MERKEZ;PETEKKAYA NA;PETEKKAYA KÜME EVLER;sokak;591145
BAYBURT;MERKEZ;POLATLI NA;POLATLI KÜME EVLER;sokak;612147
BAYBURT;MERKEZ;RÜŞTÜKÖY NA;RÜŞTÜ KÜME EVLER;sokak;621954
BAYBURT;MERKEZ;SAKIZLI NA;DEMİRÖZÜ BULVAR;sokak;507936030
BAYBURT;MERKEZ;SAKIZLI NA;SAKIZLI KÜME EVLER;sokak;632272
BAYBURT;MERKEZ;SALKIMSU NA;SALKIMSU KÜME EVLER;sokak;592024
BAYBURT;MERKEZ;SANCAKTEPE - ÇATILAR;ÇATILAR KÜME EVLER;sokak;650943
BAYBURT;MERKEZ;SANCAKTEPE - MERKEZ;SANCAKTEPE KÜME EVLER;sokak;644931
BAYBURT;MERKEZ;SARAYCIK NA;SARAYCIK KÜME EVLER;sokak;377174
BAYBURT;MERKEZ;SARIHAN NA;SARIHAN KÜME EVLER;sokak;388408
BAYBURT;MERKEZ;SARIMEŞE NA;SARIMEŞE KÜME EVLER;sokak;636554
BAYBURT;MERKEZ;SEYDİYAKUP NA;SEYDİYAKUP KÜME EVLER;sokak;584792
BAYBURT;MERKEZ;SIĞIRCI NA;SIĞIRCI KÜME EVLER;sokak;656441
BAYBURT;MERKEZ;SIRAKAYALAR NA;SIRAKAYALAR KÜME EVLER;sokak;626491
BAYBURT;MERKEZ;SOĞUKGÖZE NA;SOĞUKGÖZE KÜME EVLER;sokak;102759
BAYBURT;MERKEZ;SÖĞÜTLÜ NA;DEMİRÖZÜ BULVAR;sokak;704683191
BAYBURT;MERKEZ;SÖĞÜTLÜ NA;ERZİNCAN BULVAR;sokak;506549790
BAYBURT;MERKEZ;SÖĞÜTLÜ NA;SÖĞÜTLÜ KÜME EVLER;sokak;582291
BAYBURT;MERKEZ;ŞEYHHAYRAN;AHMET İ ZENCANİ SOKAK;sokak;327195
BAYBURT;MERKEZ;ŞEYHHAYRAN;AZİZ MAHMUT HÜDAİ SOKAK;sokak;605103771
BAYBURT;MERKEZ;ŞEYHHAYRAN;BACANAKLAR SOKAK;sokak;1307387
BAYBURT;MERKEZ;ŞEYHHAYRAN;BALABAN SOKAK;sokak;125680
BAYBURT;MERKEZ;ŞEYHHAYRAN;BELEDİYE KÖPRÜ SOKAK;sokak;361156650
BAYBURT;MERKEZ;ŞEYHHAYRAN;BESTE SOKAK;sokak;599076181
BAYBURT;MERKEZ;ŞEYHHAYRAN;CUMHURİYET CADDE;cadde;399629
BAYBURT;MERKEZ;ŞEYHHAYRAN;DEDEKORKUT CADDE;cadde;125681
BAYBURT;MERKEZ;ŞEYHHAYRAN;GAZİOĞLU SOKAK;sokak;702172
BAYBURT;MERKEZ;ŞEYHHAYRAN;HASTAHANE CADDE;cadde;399630
BAYBURT;MERKEZ;ŞEYHHAYRAN;HOCA AHMET YESEVİ CADDE;cadde;125682
BAYBURT;MERKEZ;ŞEYHHAYRAN;HÜKÜMET MEYDAN;sokak;825721
BAYBURT;MERKEZ;ŞEYHHAYRAN;İKİZLER SOKAK;sokak;125690
BAYBURT;MERKEZ;ŞEYHHAYRAN;KADİFE SOKAK;sokak;704293
BAYBURT;MERKEZ;ŞEYHHAYRAN;KAZANCILIK SOKAK;sokak;125683
BAYBURT;MERKEZ;ŞEYHHAYRAN;MERT SOKAK;sokak;705344
BAYBURT;MERKEZ;ŞEYHHAYRAN;ORDU CADDE;cadde;125684
BAYBURT;MERKEZ;ŞEYHHAYRAN;OSMAN OKUTMUŞ CADDE;cadde;399631
BAYBURT;MERKEZ;ŞEYHHAYRAN;RIHTIM CADDE;cadde;125685
BAYBURT;MERKEZ;ŞEYHHAYRAN;SAATHANA MEYDAN;sokak;1307457
BAYBURT;MERKEZ;ŞEYHHAYRAN;SEBAHATTİN SAVACI CADDE;cadde;125686
BAYBURT;MERKEZ;ŞEYHHAYRAN;SEDEF SOKAK;sokak;1307459
BAYBURT;MERKEZ;ŞEYHHAYRAN;SITKI ÖZER CADDE;cadde;125687
BAYBURT;MERKEZ;ŞEYHHAYRAN;SULTAN ABDÜLHAMİT SOKAK;sokak;132519210
BAYBURT;MERKEZ;ŞEYHHAYRAN;ŞAİR CELALİ CADDE;cadde;711095
BAYBURT;MERKEZ;ŞEYHHAYRAN;ŞAİR ZİHNİ CADDE;cadde;125691
BAYBURT;MERKEZ;ŞEYHHAYRAN;ŞEHİT OSMAN SOKAK;sokak;269542480
BAYBURT;MERKEZ;ŞEYHHAYRAN;TORUN SOKAK;sokak;399632
BAYBURT;MERKEZ;ŞEYHHAYRAN;TURAN CADDE;cadde;125688
BAYBURT;MERKEZ;ŞEYHHAYRAN;TÜRKİSTAN CADDE;cadde;125689
BAYBURT;MERKEZ;ŞEYHHAYRAN;UNUTULMAZ CADDE;cadde;327793991
BAYBURT;MERKEZ;ŞEYHHAYRAN;UYGAR SOKAK;sokak;270896
BAYBURT;MERKEZ;ŞEYHHAYRAN;VEFA SOKAK;sokak;703154
BAYBURT;MERKEZ;ŞEYHHAYRAN;VELİ ŞABAN CADDE;cadde;630698011
BAYBURT;MERKEZ;ŞEYHHAYRAN;ZİNCİRLİ KUYU CADDE;cadde;399633
BAYBURT;MERKEZ;ŞİNGAH;ADIGÜZEL SOKAK;sokak;811069811
BAYBURT;MERKEZ;ŞİNGAH;AĞA SOKAK;sokak;207737
BAYBURT;MERKEZ;ŞİNGAH;AK SOKAK;sokak;810322
BAYBURT;MERKEZ;ŞİNGAH;ALBAYRAK SOKAK;sokak;893059571
BAYBURT;MERKEZ;ŞİNGAH;ALPARSLAN TÜRKEŞ BULVAR;sokak;71809206
BAYBURT;MERKEZ;ŞİNGAH;ANADOLU SOKAK;sokak;270535
BAYBURT;MERKEZ;ŞİNGAH;ANIL SOKAK;sokak;911206
BAYBURT;MERKEZ;ŞİNGAH;APAK SOKAK;sokak;644994031
BAYBURT;MERKEZ;ŞİNGAH;ARIKAN SOKAK;sokak;229320160
BAYBURT;MERKEZ;ŞİNGAH;ASALET SOKAK;sokak;47716
BAYBURT;MERKEZ;ŞİNGAH;ASENA SOKAK;sokak;882106121
BAYBURT;MERKEZ;ŞİNGAH;ASIL SOKAK;sokak;288043590
BAYBURT;MERKEZ;ŞİNGAH;ASIRLIK SOKAK;sokak;477523
BAYBURT;MERKEZ;ŞİNGAH;ASİL SOKAK;sokak;129254260
BAYBURT;MERKEZ;ŞİNGAH;ASUDE SOKAK;sokak;741211
BAYBURT;MERKEZ;ŞİNGAH;AŞIK SOKAK;sokak;421312431
BAYBURT;MERKEZ;ŞİNGAH;AŞİYAN CADDE;cadde;896817
BAYBURT;MERKEZ;ŞİNGAH;AY SOKAK;sokak;949599701
BAYBURT;MERKEZ;ŞİNGAH;AYDINTEPE CADDE;cadde;444347
BAYBURT;MERKEZ;ŞİNGAH;AYDOĞAN SOKAK;sokak;283627131
BAYBURT;MERKEZ;ŞİNGAH;AYIŞIĞI SOKAK;sokak;741187
BAYBURT;MERKEZ;ŞİNGAH;AZİZ SOKAK;sokak;245004311
BAYBURT;MERKEZ;ŞİNGAH;BABACAN SOKAK;sokak;364033920
BAYBURT;MERKEZ;ŞİNGAH;BABAYİĞİT SOKAK;sokak;565857970
BAYBURT;MERKEZ;ŞİNGAH;BADEM SOKAK;sokak;200151
BAYBURT;MERKEZ;ŞİNGAH;BAĞDAT CADDE;cadde;472513
BAYBURT;MERKEZ;ŞİNGAH;BAHA CADDE;cadde;699838071
BAYBURT;MERKEZ;ŞİNGAH;BAHAR SOKAK;sokak;736119
BAYBURT;MERKEZ;ŞİNGAH;BAHÇELERBAŞI SOKAK;sokak;437907160
BAYBURT;MERKEZ;ŞİNGAH;BAHTİYAR SOKAK;sokak;378942500
BAYBURT;MERKEZ;ŞİNGAH;BALA SOKAK;sokak;201108210
BAYBURT;MERKEZ;ŞİNGAH;BALAMİR SOKAK;sokak;922392761
BAYBURT;MERKEZ;ŞİNGAH;BALÖZÜ SOKAK;sokak;203332
BAYBURT;MERKEZ;ŞİNGAH;BARBAROS CADDE;cadde;270211
BAYBURT;MERKEZ;ŞİNGAH;BAYIR SOKAK;sokak;125695
BAYBURT;MERKEZ;ŞİNGAH;BAYRAK SOKAK;sokak;444349
BAYBURT;MERKEZ;ŞİNGAH;BERAT SOKAK;sokak;162509200
BAYBURT;MERKEZ;ŞİNGAH;BEŞPINAR SOKAK;sokak;462356691
BAYBURT;MERKEZ;ŞİNGAH;BİLGİÇ SOKAK;sokak;125696
BAYBURT;MERKEZ;ŞİNGAH;BİLLUR SOKAK;sokak;135737531
BAYBURT;MERKEZ;ŞİNGAH;BİZİM SOKAK;sokak;246535110
BAYBURT;MERKEZ;ŞİNGAH;BOĞAÇHAN SOKAK;sokak;938972620
BAYBURT;MERKEZ;ŞİNGAH;BURHANETTİN VELİ SOKAK;sokak;516279660
BAYBURT;MERKEZ;ŞİNGAH;CENNET SOKAK;sokak;257019210
BAYBURT;MERKEZ;ŞİNGAH;CENUP SOKAK;sokak;828035941
BAYBURT;MERKEZ;ŞİNGAH;ÇABA CADDE;cadde;737249
BAYBURT;MERKEZ;ŞİNGAH;ÇAYKARA YOLU CADDE;cadde;745244
BAYBURT;MERKEZ;ŞİNGAH;ÇELEBİ SOKAK;sokak;125692
BAYBURT;MERKEZ;ŞİNGAH;ÇİNİMAÇİN SOKAK;sokak;350609611
BAYBURT;MERKEZ;ŞİNGAH;ÇOBANOĞLU CADDE;cadde;911213
BAYBURT;MERKEZ;ŞİNGAH;ÇORUH SOKAK;sokak;125693
BAYBURT;MERKEZ;ŞİNGAH;DARICA SOKAK;sokak;807515220
BAYBURT;MERKEZ;ŞİNGAH;DİLSİZ SOKAK;sokak;125697
BAYBURT;MERKEZ;ŞİNGAH;DOĞAN SOKAK;sokak;399635
BAYBURT;MERKEZ;ŞİNGAH;DORUK SOKAK;sokak;911210
BAYBURT;MERKEZ;ŞİNGAH;DOST SOKAK;sokak;472516
BAYBURT;MERKEZ;ŞİNGAH;DUMLUPINAR SOKAK;sokak;203251
BAYBURT;MERKEZ;ŞİNGAH;EMİN SOKAK;sokak;141800
BAYBURT;MERKEZ;ŞİNGAH;ERDEMLİ SOKAK;sokak;940201120
BAYBURT;MERKEZ;ŞİNGAH;ERTUĞRUL GAZİ SOKAK;sokak;269434721
BAYBURT;MERKEZ;ŞİNGAH;EVLİYA ÇELEBİ SOKAK;sokak;454429770
BAYBURT;MERKEZ;ŞİNGAH;FETİH SOKAK;sokak;339421940
BAYBURT;MERKEZ;ŞİNGAH;FEVZİ ÇAKMAK SOKAK;sokak;467771080
BAYBURT;MERKEZ;ŞİNGAH;FİRDEVS SOKAK;sokak;295028531
BAYBURT;MERKEZ;ŞİNGAH;GAMLI SOKAK;sokak;431456
BAYBURT;MERKEZ;ŞİNGAH;GARP SOKAK;sokak;621842470
BAYBURT;MERKEZ;ŞİNGAH;GAZİ SOKAK;sokak;438239
BAYBURT;MERKEZ;ŞİNGAH;GENCER SOKAK;sokak;295544331
BAYBURT;MERKEZ;ŞİNGAH;GONCA SOKAK;sokak;124114680
BAYBURT;MERKEZ;ŞİNGAH;GÖKBÖRÜ SOKAK;sokak;968202531
BAYBURT;MERKEZ;ŞİNGAH;GÜL SOKAK;sokak;161079
BAYBURT;MERKEZ;ŞİNGAH;GÜLİSTAN SOKAK;sokak;741180
BAYBURT;MERKEZ;ŞİNGAH;HALİDE EDİP ADIVAR CADDE;cadde;452136
BAYBURT;MERKEZ;ŞİNGAH;HALK SOKAK;sokak;461227430
BAYBURT;MERKEZ;ŞİNGAH;HAMURKESEN SOKAK;sokak;434854401
BAYBURT;MERKEZ;ŞİNGAH;HARMANLAR SOKAK;sokak;848481911
BAYBURT;MERKEZ;ŞİNGAH;HAYAT SOKAK;sokak;293188
BAYBURT;MERKEZ;ŞİNGAH;HİDAYET SOKAK;sokak;198281
BAYBURT;MERKEZ;ŞİNGAH;IHLAMUR SOKAK;sokak;202777
BAYBURT;MERKEZ;ŞİNGAH;İBN-İ SİNA CADDE;cadde;268951
BAYBURT;MERKEZ;ŞİNGAH;İHRAMCI SOKAK;sokak;125694
BAYBURT;MERKEZ;ŞİNGAH;İHTİŞAM SOKAK;sokak;824525901
BAYBURT;MERKEZ;ŞİNGAH;İKBAL SOKAK;sokak;113653350
BAYBURT;MERKEZ;ŞİNGAH;İMAM HATİP YOLU CADDE;cadde;399634
BAYBURT;MERKEZ;ŞİNGAH;İNCEYOL SOKAK;sokak;141456
BAYBURT;MERKEZ;ŞİNGAH;KADİM SOKAK;sokak;113294711
BAYBURT;MERKEZ;ŞİNGAH;KALEARDI YOLU CADDE;cadde;940181240
BAYBURT;MERKEZ;ŞİNGAH;KANARYA SOKAK;sokak;202691
BAYBURT;MERKEZ;ŞİNGAH;KARLI KÜME EVLER;sokak;166852160
BAYBURT;MERKEZ;ŞİNGAH;KAYABAŞI SOKAK;sokak;456690900
BAYBURT;MERKEZ;ŞİNGAH;KAYALIK ÇIKMAZI SOKAK;sokak;125699
BAYBURT;MERKEZ;ŞİNGAH;KAYALIK SOKAK;sokak;125698
BAYBURT;MERKEZ;ŞİNGAH;KAYIŞKIRAN SOKAK;sokak;613153541
BAYBURT;MERKEZ;ŞİNGAH;KELEBEK SOKAK;sokak;203263
BAYBURT;MERKEZ;ŞİNGAH;KILIÇARSLAN SOKAK;sokak;445052610
BAYBURT;MERKEZ;ŞİNGAH;KINALI SOKAK;sokak;807108821
BAYBURT;MERKEZ;ŞİNGAH;KIZILDAĞ SOKAK;sokak;689525891
BAYBURT;MERKEZ;ŞİNGAH;KİTAPSIZ MUSTAFA EFENDİ SOKAK;sokak;110249570
BAYBURT;MERKEZ;ŞİNGAH;KÖROĞLU CADDE;cadde;449827
BAYBURT;MERKEZ;ŞİNGAH;KÖSE SOKAK;sokak;125700
BAYBURT;MERKEZ;ŞİNGAH;KUMRU SOKAK;sokak;911208
BAYBURT;MERKEZ;ŞİNGAH;KURTULUŞ CADDE;cadde;399637
BAYBURT;MERKEZ;ŞİNGAH;KÜLTÜR SOKAK;sokak;200106
BAYBURT;MERKEZ;ŞİNGAH;MEDENİ SOKAK;sokak;523424411
BAYBURT;MERKEZ;ŞİNGAH;MEHTAP SOKAK;sokak;744701
BAYBURT;MERKEZ;ŞİNGAH;MELTEM SOKAK;sokak;737789
BAYBURT;MERKEZ;ŞİNGAH;MENEKŞE SOKAK;sokak;744827
BAYBURT;MERKEZ;ŞİNGAH;MEZARLIK YOLU SOKAK;sokak;125701
BAYBURT;MERKEZ;ŞİNGAH;NADİDE SOKAK;sokak;260900
BAYBURT;MERKEZ;ŞİNGAH;NARİN SOKAK;sokak;253949
BAYBURT;MERKEZ;ŞİNGAH;NAZLI SOKAK;sokak;736620
BAYBURT;MERKEZ;ŞİNGAH;NEZİH SOKAK;sokak;911207
BAYBURT;MERKEZ;ŞİNGAH;OĞUZLAR CADDE;cadde;685665120
BAYBURT;MERKEZ;ŞİNGAH;PAŞA CADDE;cadde;444655
BAYBURT;MERKEZ;ŞİNGAH;PEHLİVAN SOKAK;sokak;125702
BAYBURT;MERKEZ;ŞİNGAH;PİRE SOKAK;sokak;385164231
BAYBURT;MERKEZ;ŞİNGAH;PİRİ REİS CADDE;cadde;736107
BAYBURT;MERKEZ;ŞİNGAH;SAMYELİ SOKAK;sokak;289536361
BAYBURT;MERKEZ;ŞİNGAH;SEDİR SOKAK;sokak;724137190
BAYBURT;MERKEZ;ŞİNGAH;SEFA SOKAK;sokak;137915200
BAYBURT;MERKEZ;ŞİNGAH;SELAMLIK SOKAK;sokak;810357840
BAYBURT;MERKEZ;ŞİNGAH;SELÇUKLU SOKAK;sokak;863801511
BAYBURT;MERKEZ;ŞİNGAH;SELVİ SOKAK;sokak;199981
BAYBURT;MERKEZ;ŞİNGAH;SEVGİ SOKAK;sokak;738215
BAYBURT;MERKEZ;ŞİNGAH;SEVİMLİ SOKAK;sokak;603715561
BAYBURT;MERKEZ;ŞİNGAH;SİMGE SOKAK;sokak;744820
BAYBURT;MERKEZ;ŞİNGAH;SOFA SOKAK;sokak;627151801
BAYBURT;MERKEZ;ŞİNGAH;SOĞUKSU SOKAK;sokak;717553831
BAYBURT;MERKEZ;ŞİNGAH;SUR SOKAK;sokak;350927170
BAYBURT;MERKEZ;ŞİNGAH;ŞANLI SOKAK;sokak;394124570
BAYBURT;MERKEZ;ŞİNGAH;ŞARK SOKAK;sokak;753715831
BAYBURT;MERKEZ;ŞİNGAH;ŞEHİT OKTAY KARAKELLE SOKAK;sokak;1086884
BAYBURT;MERKEZ;ŞİNGAH;ŞEHİT SAMET AKDENİZ SOKAK;sokak;1090841
BAYBURT;MERKEZ;ŞİNGAH;ŞEHİT SAMET AKDENİZ1 SOKAK;sokak;469337921
BAYBURT;MERKEZ;ŞİNGAH;ŞEHİT YÜZBAŞI AGAH CADDE;cadde;300606
BAYBURT;MERKEZ;ŞİNGAH;ŞEHİTARDI SOKAK;sokak;116510800
BAYBURT;MERKEZ;ŞİNGAH;ŞERİF UĞURLU SOKAK;sokak;731536
BAYBURT;MERKEZ;ŞİNGAH;ŞİMAL SOKAK;sokak;900746181
BAYBURT;MERKEZ;ŞİNGAH;ŞİNGAH KALEARDI BULVAR;sokak;198238971
BAYBURT;MERKEZ;ŞİNGAH;TAŞ MERDİVEN SOKAK;sokak;125703
BAYBURT;MERKEZ;ŞİNGAH;TAYFA SOKAK;sokak;797434720
BAYBURT;MERKEZ;ŞİNGAH;TİVZİZLER SOKAK;sokak;382481671
BAYBURT;MERKEZ;ŞİNGAH;TOKİ KÜME EVLER KÜME EVLER;sokak;256141241
BAYBURT;MERKEZ;ŞİNGAH;TOKİ YOLU CADDE;cadde;379755
BAYBURT;MERKEZ;ŞİNGAH;TOZLU SOKAK;sokak;125704
BAYBURT;MERKEZ;ŞİNGAH;TURGUT ÖZAL BULVAR;sokak;399638
BAYBURT;MERKEZ;ŞİNGAH;UĞURLU SOKAK;sokak;616573421
BAYBURT;MERKEZ;ŞİNGAH;UHUT SOKAK;sokak;672303180
BAYBURT;MERKEZ;ŞİNGAH;ÜSTÜN KÜME EVLER;sokak;919253620
BAYBURT;MERKEZ;ŞİNGAH;VALİ NİHAT ÜÇYILDIZ CADDE;cadde;303585761
BAYBURT;MERKEZ;ŞİNGAH;YAHYA AKENGİN SOKAK;sokak;1414413
BAYBURT;MERKEZ;ŞİNGAH;YAKUP BİN ENSARİ KÜME EVLER;sokak;446092381
BAYBURT;MERKEZ;ŞİNGAH;YAMAN SOKAK;sokak;139372710
BAYBURT;MERKEZ;ŞİNGAH;YAREN SOKAK;sokak;732776
BAYBURT;MERKEZ;ŞİNGAH;YAZICI SOKAK;sokak;125705
BAYBURT;MERKEZ;ŞİNGAH;YILDIZ CADDE;cadde;452088
BAYBURT;MERKEZ;ŞİNGAH;YİĞİT SOKAK;sokak;736492
BAYBURT;MERKEZ;ŞİNGAH;YUDUM SOKAK;sokak;736069
BAYBURT;MERKEZ;ŞİNGAH;ZAHİDİ GEYLANİ SOKAK;sokak;272841161
BAYBURT;MERKEZ;ŞİNGAH;ZAMBAK SOKAK;sokak;741965850
BAYBURT;MERKEZ;ŞİNGAH;ZİRVE SOKAK;sokak;911209
BAYBURT;MERKEZ;ŞİNGAH;ZİYADE SOKAK;sokak;266428190
BAYBURT;MERKEZ;ŞİNGAH;ZİYNET SOKAK;sokak;195392611
BAYBURT;MERKEZ;ŞİNGAH;ZÜMRÜT SOKAK;sokak;740662
BAYBURT;MERKEZ;TAHTKÖY NA;TAHT KÜME EVLER;sokak;620419
BAYBURT;MERKEZ;TAŞBURUN NA;İSPİR YOLU BULVAR;sokak;774171781
BAYBURT;MERKEZ;TAŞBURUN NA;TAŞBURUN KÜME EVLER;sokak;592085
BAYBURT;MERKEZ;TAŞÇILAR NA;TAŞÇILAR KÜME EVLER;sokak;592665
BAYBURT;MERKEZ;TAŞKESEN NA;TAŞKESEN KÜME EVLER;sokak;86537
BAYBURT;MERKEZ;TAŞOCAĞI - AŞAĞI TAŞOCAĞI;AŞAĞI TAŞOCAĞI KÜME EVLER;sokak;652421
BAYBURT;MERKEZ;TAŞOCAĞI - AŞAĞI TAŞOCAĞI;TAŞOCAĞI KÜME EVLER;sokak;841765020
BAYBURT;MERKEZ;TAŞOCAĞI - MERKEZ;TAŞOCAĞI KÜME EVLER;sokak;649766
BAYBURT;MERKEZ;TEPETARLA NA;TEPETARLA KÜME EVLER;sokak;600449
BAYBURT;MERKEZ;TOMLACIK NA;TOMLACIK KÜME EVLER;sokak;631818
BAYBURT;MERKEZ;TUZCUZADE;AHİ EVRAN SOKAK;sokak;928537871
BAYBURT;MERKEZ;TUZCUZADE;AKÇAKUZU SOKAK;sokak;721389
BAYBURT;MERKEZ;TUZCUZADE;AKGÖZ SOKAK;sokak;125706
BAYBURT;MERKEZ;TUZCUZADE;AKINCI SOKAK;sokak;723104
BAYBURT;MERKEZ;TUZCUZADE;ALP SOKAK;sokak;722158
BAYBURT;MERKEZ;TUZCUZADE;ALSANCAK SOKAK;sokak;333082220
BAYBURT;MERKEZ;TUZCUZADE;ANIT SOKAK;sokak;125707
BAYBURT;MERKEZ;TUZCUZADE;ASUMAN SOKAK;sokak;731291
BAYBURT;MERKEZ;TUZCUZADE;AY SOKAK;sokak;205221320
BAYBURT;MERKEZ;TUZCUZADE;AZAMET SOKAK;sokak;132943841
BAYBURT;MERKEZ;TUZCUZADE;BACANAKLAR SOKAK;sokak;76017
BAYBURT;MERKEZ;TUZCUZADE;BAĞLANTI BULVAR;sokak;871604790
BAYBURT;MERKEZ;TUZCUZADE;BARBAROS CADDE;cadde;867451
BAYBURT;MERKEZ;TUZCUZADE;BOZKURT SOKAK;sokak;225749090
BAYBURT;MERKEZ;TUZCUZADE;BUĞLEM SOKAK;sokak;622197950
BAYBURT;MERKEZ;TUZCUZADE;CANDAN SOKAK;sokak;736001320
BAYBURT;MERKEZ;TUZCUZADE;CANFEDA SOKAK;sokak;844339290
BAYBURT;MERKEZ;TUZCUZADE;CİHANNUMA SOKAK;sokak;46618
BAYBURT;MERKEZ;TUZCUZADE;CUMHURİYET CADDE;cadde;125708
BAYBURT;MERKEZ;TUZCUZADE;ÇAYKARA YOLU CADDE;cadde;154765
BAYBURT;MERKEZ;TUZCUZADE;DAĞHAN SOKAK;sokak;723951
BAYBURT;MERKEZ;TUZCUZADE;DANIŞMENDİLER CADDE;cadde;125709
BAYBURT;MERKEZ;TUZCUZADE;DARGUN SOKAK;sokak;181075320
BAYBURT;MERKEZ;TUZCUZADE;DR. DEVLET BAHÇELİ CADDE;cadde;732195
BAYBURT;MERKEZ;TUZCUZADE;DUMRUL SOKAK;sokak;855947781
BAYBURT;MERKEZ;TUZCUZADE;EBABİL SOKAK;sokak;502502240
BAYBURT;MERKEZ;TUZCUZADE;ECDAD SOKAK;sokak;536436070
BAYBURT;MERKEZ;TUZCUZADE;EDİP PAŞA SOKAK;sokak;183613450
BAYBURT;MERKEZ;TUZCUZADE;EGEMEN SOKAK;sokak;712770241
BAYBURT;MERKEZ;TUZCUZADE;ELMAS SOKAK;sokak;314441441
BAYBURT;MERKEZ;TUZCUZADE;ELZEM SOKAK;sokak;214230661
BAYBURT;MERKEZ;TUZCUZADE;ERDEMLİ SOKAK;sokak;940201121
BAYBURT;MERKEZ;TUZCUZADE;ERDOĞAN SOKAK;sokak;721380
BAYBURT;MERKEZ;TUZCUZADE;ESMA SOKAK;sokak;622832130
BAYBURT;MERKEZ;TUZCUZADE;EYMEN SOKAK;sokak;544843730
BAYBURT;MERKEZ;TUZCUZADE;FATİH SULTAN MEHMET CADDE;cadde;673937691
BAYBURT;MERKEZ;TUZCUZADE;FERASET SOKAK;sokak;658014741
BAYBURT;MERKEZ;TUZCUZADE;FERHAT SOKAK;sokak;535450591
BAYBURT;MERKEZ;TUZCUZADE;FİRDEVS SOKAK;sokak;81413
BAYBURT;MERKEZ;TUZCUZADE;GAZİ SELMANİ TERZİ CADDE;cadde;660677941
BAYBURT;MERKEZ;TUZCUZADE;GAZZE SOKAK;sokak;582296420
BAYBURT;MERKEZ;TUZCUZADE;GÖKÇE SOKAK;sokak;914961251
BAYBURT;MERKEZ;TUZCUZADE;GÖKTÜRK BEY SOKAK;sokak;1300305
BAYBURT;MERKEZ;TUZCUZADE;GÖKTÜRK SOKAK;sokak;839602450
BAYBURT;MERKEZ;TUZCUZADE;GURBET SOKAK;sokak;151698
BAYBURT;MERKEZ;TUZCUZADE;GÜÇLÜ SOKAK;sokak;756634011
BAYBURT;MERKEZ;TUZCUZADE;GÜLSUYU SOKAK;sokak;923645461
BAYBURT;MERKEZ;TUZCUZADE;GÜRKAN ÖĞÜT SOKAK;sokak;708185
BAYBURT;MERKEZ;TUZCUZADE;HACI BEKTAŞİ VELİ CADDE;cadde;857729601
BAYBURT;MERKEZ;TUZCUZADE;HARİKA SOKAK;sokak;412796211
BAYBURT;MERKEZ;TUZCUZADE;HASTAHANE CADDE;cadde;279359980
BAYBURT;MERKEZ;TUZCUZADE;HATIRA SOKAK;sokak;677639461
BAYBURT;MERKEZ;TUZCUZADE;HÜSEYİN NİHAL ATSIZ CADDE;cadde;579122061
BAYBURT;MERKEZ;TUZCUZADE;İCABET SOKAK;sokak;439570340
BAYBURT;MERKEZ;TUZCUZADE;İMARET SOKAK;sokak;125716
BAYBURT;MERKEZ;TUZCUZADE;İNTİBA CADDE;cadde;267749010
BAYBURT;MERKEZ;TUZCUZADE;İTİBAR SOKAK;sokak;457460620
BAYBURT;MERKEZ;TUZCUZADE;KORKUSUZ SOKAK;sokak;125710
BAYBURT;MERKEZ;TUZCUZADE;KÖROĞLU CADDE;cadde;727129
BAYBURT;MERKEZ;TUZCUZADE;KUDRET SOKAK;sokak;501941251
BAYBURT;MERKEZ;TUZCUZADE;KUĞU SOKAK;sokak;137194630
BAYBURT;MERKEZ;TUZCUZADE;KURDAL SOKAK;sokak;125711
BAYBURT;MERKEZ;TUZCUZADE;KUTALMIŞ SOKAK;sokak;357849331
BAYBURT;MERKEZ;TUZCUZADE;LAÇİN SOKAK;sokak;901024681
BAYBURT;MERKEZ;TUZCUZADE;LİSE SOKAK;sokak;399639
BAYBURT;MERKEZ;TUZCUZADE;LOJMANLAR CADDE;cadde;287857560
BAYBURT;MERKEZ;TUZCUZADE;MERVE SOKAK;sokak;570467650
BAYBURT;MERKEZ;TUZCUZADE;MİMAR SİNAN CADDE;cadde;335498170
BAYBURT;MERKEZ;TUZCUZADE;MUSTAFA KEMAL ATATÜRK CADDE;cadde;589009371
BAYBURT;MERKEZ;TUZCUZADE;MÜŞTAK SOKAK;sokak;294643930
BAYBURT;MERKEZ;TUZCUZADE;MÜTENASİP SOKAK;sokak;799365631
BAYBURT;MERKEZ;TUZCUZADE;NAZAR SOKAK;sokak;741606151
BAYBURT;MERKEZ;TUZCUZADE;NAZENİN SOKAK;sokak;229644310
BAYBURT;MERKEZ;TUZCUZADE;NUREFŞAN SOKAK;sokak;731761
BAYBURT;MERKEZ;TUZCUZADE;ORHAN SOKAK;sokak;125712
BAYBURT;MERKEZ;TUZCUZADE;ÖMER SEYFETTİN CADDE;cadde;274781141
BAYBURT;MERKEZ;TUZCUZADE;PAŞAOĞLU SOKAK;sokak;712894
BAYBURT;MERKEZ;TUZCUZADE;PEYAMİ SAFA SOKAK;sokak;734686701
BAYBURT;MERKEZ;TUZCUZADE;PLEVNE SOKAK;sokak;190241651
BAYBURT;MERKEZ;TUZCUZADE;PÖNSEREK SOKAK;sokak;709447
BAYBURT;MERKEZ;TUZCUZADE;PROF. DR. AZİZ SANCAR CADDE;cadde;205348971
BAYBURT;MERKEZ;TUZCUZADE;PROF. DR. CAHİT ARF SOKAK;sokak;264159761
BAYBURT;MERKEZ;TUZCUZADE;PROF.DR.OKTAY SİNANOĞLU SOKAK;sokak;904597511
BAYBURT;MERKEZ;TUZCUZADE;PULUR SOKAK;sokak;125713
BAYBURT;MERKEZ;TUZCUZADE;SAADET SOKAK;sokak;188397530
BAYBURT;MERKEZ;TUZCUZADE;SANCAK SOKAK;sokak;601098321
BAYBURT;MERKEZ;TUZCUZADE;SEDEF SOKAK;sokak;76374
BAYBURT;MERKEZ;TUZCUZADE;SEMA KÜME EVLER;sokak;369197770
BAYBURT;MERKEZ;TUZCUZADE;SEVDE SOKAK;sokak;128409141
BAYBURT;MERKEZ;TUZCUZADE;SILA SOKAK;sokak;723035
BAYBURT;MERKEZ;TUZCUZADE;ŞAHİKA SOKAK;sokak;497858761
BAYBURT;MERKEZ;TUZCUZADE;ŞAHİN SOKAK;sokak;288995160
BAYBURT;MERKEZ;TUZCUZADE;ŞEHIT ÖMER HALIS DEMİR CADDE;cadde;892697811
BAYBURT;MERKEZ;TUZCUZADE;ŞEHİT AYBÜKE YALÇIN CADDE;cadde;527623251
BAYBURT;MERKEZ;TUZCUZADE;ŞEHİT FIRAT ÇAKIROĞLU CADDE;cadde;732550851
BAYBURT;MERKEZ;TUZCUZADE;ŞEHİT MUAMMER ATEŞ CADDE;cadde;108417651
BAYBURT;MERKEZ;TUZCUZADE;ŞEHİT OSMAN SOKAK;sokak;125717
BAYBURT;MERKEZ;TUZCUZADE;ŞEHİT OSMAN TÜRBE YOLU SOKAK;sokak;677693490
BAYBURT;MERKEZ;TUZCUZADE;TARIK SOKAK;sokak;366675821
BAYBURT;MERKEZ;TUZCUZADE;TAŞKÖPRÜ SOKAK;sokak;165759460
BAYBURT;MERKEZ;TUZCUZADE;TENHA SOKAK;sokak;174773161
BAYBURT;MERKEZ;TUZCUZADE;TUĞRUL BEY SOKAK;sokak;1058836
BAYBURT;MERKEZ;TUZCUZADE;TURGUT ÖZAL BULVAR;sokak;125714
BAYBURT;MERKEZ;TUZCUZADE;TÜRKİSTAN CADDE;cadde;709311
BAYBURT;MERKEZ;TUZCUZADE;ÜFTADE SOKAK;sokak;721385
BAYBURT;MERKEZ;TUZCUZADE;ÜNİVERSİTE CADDE;cadde;143996121
BAYBURT;MERKEZ;TUZCUZADE;VALİ NİHAT ÜÇYILDIZ CADDE;cadde;399640
BAYBURT;MERKEZ;TUZCUZADE;VATAN CADDE;cadde;687597781
BAYBURT;MERKEZ;TUZCUZADE;VİLAYET ORMAN YOLU SOKAK;sokak;830803170
BAYBURT;MERKEZ;TUZCUZADE;VUSLAT SOKAK;sokak;1307361
BAYBURT;MERKEZ;TUZCUZADE;YADİGAR SOKAK;sokak;722575
BAYBURT;MERKEZ;TUZCUZADE;YAĞIZ SOKAK;sokak;303351
BAYBURT;MERKEZ;TUZCUZADE;YILDIRIM SOKAK;sokak;125715
BAYBURT;MERKEZ;TUZCUZADE;YUSUF HAS HACİP SOKAK;sokak;776410581
BAYBURT;MERKEZ;TUZCUZADE;ZAFER SOKAK;sokak;722898
BAYBURT;MERKEZ;TUZCUZADE;ZİYA GÖKALP CADDE;cadde;864074591
BAYBURT;MERKEZ;TUZCUZADE;ZÜLFİKAR KÜME EVLER;sokak;934039541
BAYBURT;MERKEZ;UĞRAK - MERKEZ;GÜMÜŞHANE BULVAR;sokak;474289581
BAYBURT;MERKEZ;UĞRAK - MERKEZ;UĞRAK KÜME EVLER;sokak;642885
BAYBURT;MERKEZ;UĞRAK - YUKARI UĞRAK;GÜMÜŞHANE BULVAR;sokak;227735191
BAYBURT;MERKEZ;UĞRAK - YUKARI UĞRAK;YUKARI UĞRAK KÜME EVLER;sokak;643916
BAYBURT;MERKEZ;UĞURGELDİ NA;UĞURGELDİ KÜME EVLER;sokak;600348
BAYBURT;MERKEZ;ULUÇAYIR - GÜNLÜCE;GÜNLÜCE KÜME EVLER;sokak;605334
BAYBURT;MERKEZ;ULUÇAYIR - MERKEZ;ULUÇAYIR KÜME EVLER;sokak;602632
BAYBURT;MERKEZ;UZUNGAZİ;AĞA SOKAK;sokak;708076
BAYBURT;MERKEZ;UZUNGAZİ;BAYRAKTAR SOKAK;sokak;125718
BAYBURT;MERKEZ;UZUNGAZİ;BELDE SOKAK;sokak;708821
BAYBURT;MERKEZ;UZUNGAZİ;BİLGİÇ SOKAK;sokak;125719
BAYBURT;MERKEZ;UZUNGAZİ;DİKÇE SOKAK;sokak;242446
BAYBURT;MERKEZ;UZUNGAZİ;GAZİOĞLU SOKAK;sokak;399641
BAYBURT;MERKEZ;UZUNGAZİ;KALENDER SOKAK;sokak;707553
BAYBURT;MERKEZ;UZUNGAZİ;KAYADİBİ SOKAK;sokak;125720
BAYBURT;MERKEZ;UZUNGAZİ;KAYI SOKAK;sokak;1297917
BAYBURT;MERKEZ;UZUNGAZİ;KAZMACI SOKAK;sokak;125721
BAYBURT;MERKEZ;UZUNGAZİ;KOCABEY SOKAK;sokak;399642
BAYBURT;MERKEZ;UZUNGAZİ;KOVANCI SOKAK;sokak;709349
BAYBURT;MERKEZ;UZUNGAZİ;KURA SOKAK;sokak;243358
BAYBURT;MERKEZ;UZUNGAZİ;KURTULUŞ CADDE;cadde;125722
BAYBURT;MERKEZ;UZUNGAZİ;LATİF SOKAK;sokak;704228
BAYBURT;MERKEZ;UZUNGAZİ;MAKBUL SOKAK;sokak;360060961
BAYBURT;MERKEZ;UZUNGAZİ;MERT SOKAK;sokak;710473
BAYBURT;MERKEZ;UZUNGAZİ;MESUT SOKAK;sokak;709351
BAYBURT;MERKEZ;UZUNGAZİ;MİRAY SOKAK;sokak;388511190
BAYBURT;MERKEZ;UZUNGAZİ;MUKADDES SOKAK;sokak;415077241
BAYBURT;MERKEZ;UZUNGAZİ;MUKİM SOKAK;sokak;176778990
BAYBURT;MERKEZ;UZUNGAZİ;MUTLU SOKAK;sokak;1298021
BAYBURT;MERKEZ;UZUNGAZİ;PİRE SOKAK;sokak;125723
BAYBURT;MERKEZ;UZUNGAZİ;SAKİN SOKAK;sokak;709104
BAYBURT;MERKEZ;UZUNGAZİ;SEFA SOKAK;sokak;1298023
BAYBURT;MERKEZ;UZUNGAZİ;ŞAFAK SOKAK;sokak;708663
BAYBURT;MERKEZ;UZUNGAZİ;UYGAR SOKAK;sokak;707874
BAYBURT;MERKEZ;UZUNGAZİ;VUSLAT SOKAK;sokak;708667
BAYBURT;MERKEZ;UZUNGAZİ;ZAFER YOKUŞU SOKAK;sokak;857400
BAYBURT;MERKEZ;ÜZENGİLİ - MERKEZ;ÜZENGİLİ KÜME EVLER;sokak;24236
BAYBURT;MERKEZ;ÜZENGİLİ - YAYLA EVLERİ;YAYLA EVLERİ KÜME EVLER;sokak;21282
BAYBURT;MERKEZ;VELİŞABAN;ARKÜSTÜ SOKAK;sokak;125725
BAYBURT;MERKEZ;VELİŞABAN;BELEDİYE KÖPRÜ SOKAK;sokak;855972191
BAYBURT;MERKEZ;VELİŞABAN;CİNCİ SOKAK;sokak;823652
BAYBURT;MERKEZ;VELİŞABAN;DAMLA SOKAK;sokak;399643
BAYBURT;MERKEZ;VELİŞABAN;DİK SOKAK;sokak;722074
BAYBURT;MERKEZ;VELİŞABAN;DÜZ SOKAK;sokak;358712
BAYBURT;MERKEZ;VELİŞABAN;ERZURUM CADDE;cadde;243359
BAYBURT;MERKEZ;VELİŞABAN;İFFET SOKAK;sokak;310540671
BAYBURT;MERKEZ;VELİŞABAN;İZZETLİ CADDE;cadde;100833681
BAYBURT;MERKEZ;VELİŞABAN;KAHRAMAN SOKAK;sokak;308628741
BAYBURT;MERKEZ;VELİŞABAN;MEHMET EFENDİ SOKAK;sokak;399644
BAYBURT;MERKEZ;VELİŞABAN;MİRAÇ SOKAK;sokak;468131351
BAYBURT;MERKEZ;VELİŞABAN;OZULU CADDE;cadde;125726
BAYBURT;MERKEZ;VELİŞABAN;SAATÇİ SOKAK;sokak;720187
BAYBURT;MERKEZ;VELİŞABAN;UNUTULMAZ CADDE;cadde;432880
BAYBURT;MERKEZ;VELİŞABAN;VELİ ŞABAN CADDE;cadde;125727
BAYBURT;MERKEZ;VELİŞABAN;YAVUZ SELİM CADDE;cadde;125728
BAYBURT;MERKEZ;VEYSEL;ASHAB SOKAK;sokak;492619510
BAYBURT;MERKEZ;VEYSEL;AŞİNA SOKAK;sokak;710736
BAYBURT;MERKEZ;VEYSEL;ATMACA SOKAK;sokak;712519
BAYBURT;MERKEZ;VEYSEL;BACI SOKAK;sokak;108663741
BAYBURT;MERKEZ;VEYSEL;BELLİ SOKAK;sokak;399645
BAYBURT;MERKEZ;VEYSEL;BERRAK SOKAK;sokak;313565871
BAYBURT;MERKEZ;VEYSEL;BİRLİK SOKAK;sokak;709516
BAYBURT;MERKEZ;VEYSEL;BUSE SOKAK;sokak;349198601
BAYBURT;MERKEZ;VEYSEL;CEMRE SOKAK;sokak;318970
BAYBURT;MERKEZ;VEYSEL;CESUR SOKAK;sokak;716545
BAYBURT;MERKEZ;VEYSEL;CİNCİ SOKAK;sokak;125729
BAYBURT;MERKEZ;VEYSEL;DEFNE SOKAK;sokak;725241
BAYBURT;MERKEZ;VEYSEL;DİK SOKAK;sokak;506026551
BAYBURT;MERKEZ;VEYSEL;DİKMERDİVEN SOKAK;sokak;400909
BAYBURT;MERKEZ;VEYSEL;DUDUZAR YOLU CADDE;cadde;243360
BAYBURT;MERKEZ;VEYSEL;DUYGULU SOKAK;sokak;717210
BAYBURT;MERKEZ;VEYSEL;DÜRÜST SOKAK;sokak;688542310
BAYBURT;MERKEZ;VEYSEL;EFE SOKAK;sokak;725242
BAYBURT;MERKEZ;VEYSEL;EKE SOKAK;sokak;414057960
BAYBURT;MERKEZ;VEYSEL;ESEN SOKAK;sokak;885054330
BAYBURT;MERKEZ;VEYSEL;EZE SOKAK;sokak;834522681
BAYBURT;MERKEZ;VEYSEL;GAMZE SOKAK;sokak;713495751
BAYBURT;MERKEZ;VEYSEL;GÖZDE SOKAK;sokak;578086361
BAYBURT;MERKEZ;VEYSEL;GÜLŞEN SOKAK;sokak;526489531
BAYBURT;MERKEZ;VEYSEL;HAPİSHANE YOLU SOKAK;sokak;716919
BAYBURT;MERKEZ;VEYSEL;ISSIZ SOKAK;sokak;125730
BAYBURT;MERKEZ;VEYSEL;ITIR SOKAK;sokak;320353130
BAYBURT;MERKEZ;VEYSEL;KALEALTI CADDE;cadde;406352110
BAYBURT;MERKEZ;VEYSEL;KAMER SOKAK;sokak;725239
BAYBURT;MERKEZ;VEYSEL;MEKTEP SOKAK;sokak;826046041
BAYBURT;MERKEZ;VEYSEL;SUDEPOSU SOKAK;sokak;125731
BAYBURT;MERKEZ;VEYSEL;YALÇINKAYA SOKAK;sokak;125732
BAYBURT;MERKEZ;VEYSEL;YAMAÇ SOKAK;sokak;400910
BAYBURT;MERKEZ;VEYSEL;YIĞINAK SOKAK;sokak;125733
BAYBURT;MERKEZ;YANIKÇAM NA;YANIKÇAM KÜME EVLER;sokak;34412
BAYBURT;MERKEZ;YAYLALAR NA;YAYLALAR KÜME EVLER;sokak;644231
BAYBURT;MERKEZ;YAYLAPINAR - DURUSU;DURUSU KÜME EVLER;sokak;644551
BAYBURT;MERKEZ;YAYLAPINAR - KUZULAR;KUZULAR KÜME EVLER;sokak;644530
BAYBURT;MERKEZ;YAYLAPINAR - MERKEZ;YAYLAPINAR KÜME EVLER;sokak;640892
BAYBURT;MERKEZ;YAZYURDU - MERKEZ;AŞAĞI ÇATALDERE YAYLASI KÜME EVLER;sokak;316957451
BAYBURT;MERKEZ;YAZYURDU - MERKEZ;AYITAŞI YAYLASI KÜME EVLER;sokak;121669301
BAYBURT;MERKEZ;YAZYURDU - MERKEZ;BEYLER YAYLASI KÜME EVLER;sokak;203322430
BAYBURT;MERKEZ;YAZYURDU - MERKEZ;KAZBURNU YAYLASI KÜME EVLER;sokak;902262911
BAYBURT;MERKEZ;YAZYURDU - MERKEZ;PENCERE PUARI YAYLASI KÜME EVLER;sokak;494167611
BAYBURT;MERKEZ;YAZYURDU - MERKEZ;YAZYURDU KÜME EVLER;sokak;671702
BAYBURT;MERKEZ;YAZYURDU - MERKEZ;YUKARI ÇATALDERE YAYLASI KÜME EVLER;sokak;144111510
BAYBURT;MERKEZ;YAZYURDU - YAMALI YAYLASI;YAMALI YAYLASI KÜME EVLER;sokak;322254
BAYBURT;MERKEZ;YEDİGÖZE NA;İSPİR YOLU BULVAR;sokak;538541471
BAYBURT;MERKEZ;YEDİGÖZE NA;YEDİGÖZE KÜME EVLER;sokak;95132
BAYBURT;MERKEZ;YENİKÖY NA;YENİKÖY KÜME EVLER;sokak;677197
BAYBURT;MERKEZ;YERLİCE - KIZILCAÖREN;KIZILCAÖREN KÜME EVLER;sokak;601811
BAYBURT;MERKEZ;YERLİCE - MERKEZ;YERLİCE KÜME EVLER;sokak;597535
BAYBURT;MERKEZ;YEŞİLYURT - KURCAKOL;KURCAKOL KÜME EVLER;sokak;816115
BAYBURT;MERKEZ;YEŞİLYURT NA;YEŞİLYURT KÜME EVLER;sokak;658470
BAYBURT;MERKEZ;YOLALTI - YOLALTI OSB;1 NOLU SOKAK;sokak;1033644
BAYBURT;MERKEZ;YOLALTI - YOLALTI OSB;10 NOLU SOKAK;sokak;1033723
BAYBURT;MERKEZ;YOLALTI - YOLALTI OSB;11 NOLU SOKAK;sokak;1033725
BAYBURT;MERKEZ;YOLALTI - YOLALTI OSB;12 NOLU SOKAK;sokak;1033727
BAYBURT;MERKEZ;YOLALTI - YOLALTI OSB;2 NOLU SOKAK;sokak;1033697
BAYBURT;MERKEZ;YOLALTI - YOLALTI OSB;3 NOLU SOKAK;sokak;1033705
BAYBURT;MERKEZ;YOLALTI - YOLALTI OSB;4 NOLU SOKAK;sokak;1033707
BAYBURT;MERKEZ;YOLALTI - YOLALTI OSB;5 NOLU SOKAK;sokak;1033711
BAYBURT;MERKEZ;YOLALTI - YOLALTI OSB;6 NOLU SOKAK;sokak;1033715
BAYBURT;MERKEZ;YOLALTI - YOLALTI OSB;7 NOLU SOKAK;sokak;1033717
BAYBURT;MERKEZ;YOLALTI - YOLALTI OSB;8 NOLU SOKAK;sokak;1033719
BAYBURT;MERKEZ;YOLALTI - YOLALTI OSB;9 NOLU SOKAK;sokak;1033721
BAYBURT;MERKEZ;YOLALTI NA;15 TEMMUZ SOKAK;sokak;1193789
BAYBURT;MERKEZ;YOLALTI NA;GÜMÜŞHANE BULVAR;sokak;916437830
BAYBURT;MERKEZ;YOLALTI NA;ŞEHİT BÜLENT ALTINSOY SOKAK;sokak;1223469
BAYBURT;MERKEZ;YOLALTI NA;ŞEHİT HALİL TÜRKOĞLU SOKAK;sokak;1223455
BAYBURT;MERKEZ;YOLALTI NA;ŞEHİT OKAN ÖNER SOKAK;sokak;1200199
BAYBURT;MERKEZ;YOLALTI NA;ŞEHİT OKTAY ALTUNTAŞ SOKAK;sokak;1223459
BAYBURT;MERKEZ;YOLALTI NA;ŞEHİT ÖMER ERBAY SOKAK;sokak;1223457
BAYBURT;MERKEZ;YOLALTI NA;ŞEHİT SAMET AKDENİZ SOKAK;sokak;1223461
BAYBURT;MERKEZ;YOLALTI NA;ŞEHİT SEBAHATTİN TÜRKOĞLU SOKAK;sokak;1223465
BAYBURT;MERKEZ;YOLALTI NA;YOLALTI KÜME EVLER;sokak;633341
BAYBURT;MERKEZ;YONCALI - AŞAĞI YONCALI;AŞAĞI YONCALI KÜME EVLER;sokak;656123
BAYBURT;MERKEZ;YONCALI - AŞAĞI YONCALI;MEZRA KÜME EVLER;sokak;146225750
BAYBURT;MERKEZ;YONCALI - MERKEZ;PANPUNLİ YAYLASI KÜME EVLER;sokak;898628250
BAYBURT;MERKEZ;YONCALI - MERKEZ;TAP YAYLASI KÜME EVLER;sokak;139798510
BAYBURT;MERKEZ;YONCALI - MERKEZ;YONCALI KÜME EVLER;sokak;24088
BAYBURT;MERKEZ;YONCALI - MERKEZ;YONCALI YAYLASI KÜME EVLER;sokak;879007671
BAYBURT;MERKEZ;YUKARIKIŞLAK NA;YUKARIKIŞLAK KÜME EVLER;sokak;618574
BAYBURT;MERKEZ;ZAHİT;1 NOLU 21 ŞUBAT SANAYİ CADDE;cadde;125359
BAYBURT;MERKEZ;ZAHİT;10 NOLU 21 ŞUBAT SANAYİ CADDE;cadde;760149841
BAYBURT;MERKEZ;ZAHİT;11 NOLU 21 ŞUBAT SANAYİ CADDE;cadde;839015951
BAYBURT;MERKEZ;ZAHİT;12 NOLU 21 ŞUBAT SANAYİ CADDE;cadde;904781241
BAYBURT;MERKEZ;ZAHİT;13 NOLU 21 ŞUBAT SANAYİ CADDE;cadde;387207851
BAYBURT;MERKEZ;ZAHİT;14 NOLU 21 ŞUBAT SANAYİ CADDE;cadde;516078931
BAYBURT;MERKEZ;ZAHİT;15 NOLU 21 ŞUBAT SANAYİ CADDE;cadde;237144961
BAYBURT;MERKEZ;ZAHİT;16 NOLU 21 ŞUBAT SANAYİ CADDE;cadde;987105511
BAYBURT;MERKEZ;ZAHİT;17 NOLU 21 ŞUBAT SANAYİ CADDE;cadde;699102061
BAYBURT;MERKEZ;ZAHİT;18 NOLU 21 ŞUBAT SANAYİ CADDE;cadde;695301031
BAYBURT;MERKEZ;ZAHİT;19 NOLU 21 ŞUBAT SANAYİ CADDE;cadde;557729251
BAYBURT;MERKEZ;ZAHİT;2 NOLU 21 ŞUBAT SANAYİ CADDE;cadde;729526
BAYBURT;MERKEZ;ZAHİT;20 NOLU 21 ŞUBAT SANAYİ CADDE;cadde;981700461
BAYBURT;MERKEZ;ZAHİT;21 NOLU 21 ŞUBAT SANAYİ CADDE;cadde;274274831
BAYBURT;MERKEZ;ZAHİT;22 NOLU 21 ŞUBAT SANAYİ CADDE;cadde;718431971
BAYBURT;MERKEZ;ZAHİT;23 NOLU 21 ŞUBAT SANAYİ CADDE;cadde;105852711
BAYBURT;MERKEZ;ZAHİT;24 NOLU 21 ŞUBAT SANAYİ CADDE;cadde;447841481
BAYBURT;MERKEZ;ZAHİT;25 NOLU 21 ŞUBAT SANAYİ CADDE;cadde;814135441
BAYBURT;MERKEZ;ZAHİT;26 NOLU 21 ŞUBAT SANAYİ CADDE;cadde;813621961
BAYBURT;MERKEZ;ZAHİT;27 NOLU 21 ŞUBAT SANAYİ SOKAK;sokak;248278001
BAYBURT;MERKEZ;ZAHİT;28 NOLU 21 ŞUBAT SANAYİ CADDE;cadde;700157711
BAYBURT;MERKEZ;ZAHİT;29 NOLU 21 ŞUBAT SANAYİ CADDE;cadde;713391051
BAYBURT;MERKEZ;ZAHİT;3 NOLU 21 ŞUBAT SANAYİ CADDE;cadde;402803
BAYBURT;MERKEZ;ZAHİT;4 NOLU 21 ŞUBAT SANAYİ CADDE;cadde;125366
BAYBURT;MERKEZ;ZAHİT;5 NOLU 21 ŞUBAT SANAYİ CADDE;cadde;125365
BAYBURT;MERKEZ;ZAHİT;6 NOLU 21 ŞUBAT SANAYİ CADDE;cadde;125367
BAYBURT;MERKEZ;ZAHİT;7 NOLU 21 ŞUBAT SANAYİ CADDE;cadde;402804
BAYBURT;MERKEZ;ZAHİT;8 NOLU 21 ŞUBAT SANAYİ CADDE;cadde;125368
BAYBURT;MERKEZ;ZAHİT;9 NOLU 21 ŞUBAT SANAYİ CADDE;cadde;125369
BAYBURT;MERKEZ;ZAHİT;ADNAN MENDERES CADDE;cadde;125364
BAYBURT;MERKEZ;ZAHİT;AKABE SOKAK;sokak;723509
BAYBURT;MERKEZ;ZAHİT;ARI SOKAK;sokak;125734
BAYBURT;MERKEZ;ZAHİT;ARKÜSTÜ SOKAK;sokak;1307353
BAYBURT;MERKEZ;ZAHİT;ARYA SOKAK;sokak;173094361
BAYBURT;MERKEZ;ZAHİT;AŞİNA SOKAK;sokak;721915
BAYBURT;MERKEZ;ZAHİT;ATABEY SOKAK;sokak;731379
BAYBURT;MERKEZ;ZAHİT;ATKAYASI SOKAK;sokak;730506
BAYBURT;MERKEZ;ZAHİT;AY YILDIZ CADDE;cadde;390661
BAYBURT;MERKEZ;ZAHİT;BADE SOKAK;sokak;323528091
BAYBURT;MERKEZ;ZAHİT;BAĞLANTI BULVAR;sokak;330780150
BAYBURT;MERKEZ;ZAHİT;BAHÇELİ SOKAK;sokak;243486
BAYBURT;MERKEZ;ZAHİT;BAKİ SOKAK;sokak;723498
BAYBURT;MERKEZ;ZAHİT;BAKÜ 5 SOKAK;sokak;357233291
BAYBURT;MERKEZ;ZAHİT;BAKÜ SOKAK;sokak;723511
BAYBURT;MERKEZ;ZAHİT;BAŞAK SOKAK;sokak;726299
BAYBURT;MERKEZ;ZAHİT;BAYINDIR CADDE;cadde;400911
BAYBURT;MERKEZ;ZAHİT;BAYKENT SOKAK;sokak;125735
BAYBURT;MERKEZ;ZAHİT;CANA SOKAK;sokak;524840521
BAYBURT;MERKEZ;ZAHİT;CEMRE SOKAK;sokak;347030330
BAYBURT;MERKEZ;ZAHİT;CEREN SOKAK;sokak;361495400
BAYBURT;MERKEZ;ZAHİT;CEVAHİR SOKAK;sokak;467855151
BAYBURT;MERKEZ;ZAHİT;CEVHER SOKAK;sokak;507282371
BAYBURT;MERKEZ;ZAHİT;CİHAN SOKAK;sokak;733389
BAYBURT;MERKEZ;ZAHİT;CİHANŞAH SOKAK;sokak;723482
BAYBURT;MERKEZ;ZAHİT;CİNCİ SOKAK;sokak;125736
BAYBURT;MERKEZ;ZAHİT;ÇAĞLAYAN SOKAK;sokak;240074
BAYBURT;MERKEZ;ZAHİT;ÇALIKUŞU SOKAK;sokak;219136940
BAYBURT;MERKEZ;ZAHİT;ÇAY SOKAK;sokak;297703851
BAYBURT;MERKEZ;ZAHİT;ÇİFTEPINAR SOKAK;sokak;124047
BAYBURT;MERKEZ;ZAHİT;ÇİLÇİL SOKAK;sokak;314599770
BAYBURT;MERKEZ;ZAHİT;ÇİMENLİ SOKAK;sokak;125355
BAYBURT;MERKEZ;ZAHİT;ÇİZMECİ SOKAK;sokak;125356
BAYBURT;MERKEZ;ZAHİT;ÇOBAN VAHİT SOKAK;sokak;81474
BAYBURT;MERKEZ;ZAHİT;ÇOLPAN SOKAK;sokak;490062571
BAYBURT;MERKEZ;ZAHİT;ÇORUH ÇIKMAZ SOKAK;sokak;124046
BAYBURT;MERKEZ;ZAHİT;DUDUZAR YOLU CADDE;cadde;400912
BAYBURT;MERKEZ;ZAHİT;DURGUN SOKAK;sokak;125737
BAYBURT;MERKEZ;ZAHİT;EBRU SOKAK;sokak;787170891
BAYBURT;MERKEZ;ZAHİT;ERGENEKON CADDE;cadde;731369
BAYBURT;MERKEZ;ZAHİT;FAHRETTİN KUMBASAR CADDE;cadde;125738
BAYBURT;MERKEZ;ZAHİT;FARABİ CADDE;cadde;731364
BAYBURT;MERKEZ;ZAHİT;FAZİLET SOKAK;sokak;682792640
BAYBURT;MERKEZ;ZAHİT;FUZULİ CADDE;cadde;730042
BAYBURT;MERKEZ;ZAHİT;GENÇ OSMAN SOKAK;sokak;438901
BAYBURT;MERKEZ;ZAHİT;GÜLCİHAN SOKAK;sokak;241266
BAYBURT;MERKEZ;ZAHİT;GÜLER SOKAK;sokak;727681
BAYBURT;MERKEZ;ZAHİT;GÜLİZAR SOKAK;sokak;43339
BAYBURT;MERKEZ;ZAHİT;GÜLNİHAL SOKAK;sokak;780554980
BAYBURT;MERKEZ;ZAHİT;GÜNDOĞDU SOKAK;sokak;240080
BAYBURT;MERKEZ;ZAHİT;HAFIZ SÜLEYMAN SOKAK;sokak;723479
BAYBURT;MERKEZ;ZAHİT;HASAN TAHSİN SOKAK;sokak;723481
BAYBURT;MERKEZ;ZAHİT;HASLET SOKAK;sokak;935694321
BAYBURT;MERKEZ;ZAHİT;HAYAL SOKAK;sokak;139346250
BAYBURT;MERKEZ;ZAHİT;HAZAN SOKAK;sokak;730041
BAYBURT;MERKEZ;ZAHİT;ILGIN SOKAK;sokak;494292361
BAYBURT;MERKEZ;ZAHİT;İFTİHAR SOKAK;sokak;731373
BAYBURT;MERKEZ;ZAHİT;İNCİ SOKAK;sokak;723495
BAYBURT;MERKEZ;ZAHİT;İREM SOKAK;sokak;731337
BAYBURT;MERKEZ;ZAHİT;İRFANİ SOKAK;sokak;723477
BAYBURT;MERKEZ;ZAHİT;KAMİL ALP SOKAK;sokak;400913
BAYBURT;MERKEZ;ZAHİT;KARDELEN SOKAK;sokak;125739
BAYBURT;MERKEZ;ZAHİT;KEÇİ SOKAK;sokak;243488
BAYBURT;MERKEZ;ZAHİT;KEKİK SOKAK;sokak;240065
BAYBURT;MERKEZ;ZAHİT;KEMAL KUTLU SOKAK;sokak;400914
BAYBURT;MERKEZ;ZAHİT;KİBAR SOKAK;sokak;909623661
BAYBURT;MERKEZ;ZAHİT;KOKOÇ SOKAK;sokak;741801831
BAYBURT;MERKEZ;ZAHİT;KOMBİNA CADDE;cadde;731382
BAYBURT;MERKEZ;ZAHİT;KORKUTATA CADDE;cadde;726307
BAYBURT;MERKEZ;ZAHİT;KÖŞKAYAĞI SOKAK;sokak;862090201
BAYBURT;MERKEZ;ZAHİT;KUDRET SOKAK;sokak;240059
BAYBURT;MERKEZ;ZAHİT;KUDÜS SOKAK;sokak;409399281
BAYBURT;MERKEZ;ZAHİT;KURTDERESİ SOKAK;sokak;125740
BAYBURT;MERKEZ;ZAHİT;KUŞBURNU SOKAK;sokak;605084700
BAYBURT;MERKEZ;ZAHİT;KUTLU BEY SOKAK;sokak;411566
BAYBURT;MERKEZ;ZAHİT;KUYTU SOKAK;sokak;331726931
BAYBURT;MERKEZ;ZAHİT;KÜÇÜK SOKAK;sokak;159753600
BAYBURT;MERKEZ;ZAHİT;MAMUR SOKAK;sokak;277726981
BAYBURT;MERKEZ;ZAHİT;MANOLYA SOKAK;sokak;650661281
BAYBURT;MERKEZ;ZAHİT;MEHMET OLTULU CADDE;cadde;400915
BAYBURT;MERKEZ;ZAHİT;MEVLANA CADDE;cadde;723515
BAYBURT;MERKEZ;ZAHİT;MUHTEŞEM CADDE;cadde;925189921
BAYBURT;MERKEZ;ZAHİT;MUKADDERAT SOKAK;sokak;573722291
BAYBURT;MERKEZ;ZAHİT;MÜNEVVER SOKAK;sokak;189722651
BAYBURT;MERKEZ;ZAHİT;MÜSTESNA SOKAK;sokak;738149561
BAYBURT;MERKEZ;ZAHİT;MÜŞFİK SOKAK;sokak;746535771
BAYBURT;MERKEZ;ZAHİT;NAİF SOKAK;sokak;210895370
BAYBURT;MERKEZ;ZAHİT;NAZENDE SOKAK;sokak;303931510
BAYBURT;MERKEZ;ZAHİT;NECATİ ALP SOKAK;sokak;125741
BAYBURT;MERKEZ;ZAHİT;NEVZAT ŞENSOY SOKAK;sokak;400916
BAYBURT;MERKEZ;ZAHİT;ORHANGAZİ CADDE;cadde;725175
BAYBURT;MERKEZ;ZAHİT;ORTA PINAR SOKAK;sokak;124038
BAYBURT;MERKEZ;ZAHİT;OSMANGAZİ CADDE;cadde;731380
BAYBURT;MERKEZ;ZAHİT;ÖRNEK SOKAK;sokak;723476
BAYBURT;MERKEZ;ZAHİT;ÖTÜĞEN 1 SOKAK;sokak;451921270
BAYBURT;MERKEZ;ZAHİT;ÖTÜĞEN SOKAK;sokak;723514
BAYBURT;MERKEZ;ZAHİT;ÖTÜKEN SOKAK;sokak;1300503
BAYBURT;MERKEZ;ZAHİT;PARK SOKAK;sokak;190356
BAYBURT;MERKEZ;ZAHİT;PAYİDAR SOKAK;sokak;268750880
BAYBURT;MERKEZ;ZAHİT;PİLOT SOKAK;sokak;727685
BAYBURT;MERKEZ;ZAHİT;RECEP TAYYİP ERDOĞAN BULVAR;sokak;240083
BAYBURT;MERKEZ;ZAHİT;SAHİLYOLU SOKAK;sokak;726298
BAYBURT;MERKEZ;ZAHİT;SANCAKTAR SOKAK;sokak;730514
BAYBURT;MERKEZ;ZAHİT;SELAM SOKAK;sokak;238048830
BAYBURT;MERKEZ;ZAHİT;SELAMET SOKAK;sokak;881708240
BAYBURT;MERKEZ;ZAHİT;SERDENGEÇTİ SOKAK;sokak;240077
BAYBURT;MERKEZ;ZAHİT;SERGÜZEŞT SOKAK;sokak;869628341
BAYBURT;MERKEZ;ZAHİT;SIRDAŞ SOKAK;sokak;397930620
BAYBURT;MERKEZ;ZAHİT;SÖĞÜT SOKAK;sokak;734284
BAYBURT;MERKEZ;ZAHİT;SULTAN FAHRİYE SOKAK;sokak;124040
BAYBURT;MERKEZ;ZAHİT;SULTAN VAHDETTİN SOKAK;sokak;940092301
BAYBURT;MERKEZ;ZAHİT;ŞAHANE SOKAK;sokak;730044
BAYBURT;MERKEZ;ZAHİT;ŞEHİT ÇAĞLAYAN IRMAK CADDE;cadde;1115085
BAYBURT;MERKEZ;ZAHİT;ŞEHİT SERKAN SAKA SOKAK;sokak;1097129
BAYBURT;MERKEZ;ZAHİT;ŞEHZADE SOKAK;sokak;240057
BAYBURT;MERKEZ;ZAHİT;TAŞKÖPRÜ SOKAK;sokak;244137750
BAYBURT;MERKEZ;ZAHİT;TEBESSÜM SOKAK;sokak;884652991
BAYBURT;MERKEZ;ZAHİT;TEPECİK SOKAK;sokak;124042
BAYBURT;MERKEZ;ZAHİT;TESBİH SOKAK;sokak;349188210
BAYBURT;MERKEZ;ZAHİT;TEVHİT ÇORUH CADDE;cadde;124043
BAYBURT;MERKEZ;ZAHİT;TÖRE SOKAK;sokak;849432161
BAYBURT;MERKEZ;ZAHİT;TUNA SOKAK;sokak;240062
BAYBURT;MERKEZ;ZAHİT;TURGUT ÖZAL BULVAR;sokak;235045820
BAYBURT;MERKEZ;ZAHİT;TURGUT SOKAK;sokak;124044
BAYBURT;MERKEZ;ZAHİT;TÜRKMEN SOKAK;sokak;843726551
BAYBURT;MERKEZ;ZAHİT;TÜRKOĞLU SOKAK;sokak;723483
BAYBURT;MERKEZ;ZAHİT;TÜRKÜ SOKAK;sokak;845090170
BAYBURT;MERKEZ;ZAHİT;ULUS SOKAK;sokak;731620
BAYBURT;MERKEZ;ZAHİT;ULVİ SOKAK;sokak;481950280
BAYBURT;MERKEZ;ZAHİT;UYGUR SOKAK;sokak;240078
BAYBURT;MERKEZ;ZAHİT;UZUN SOKAK;sokak;723516
BAYBURT;MERKEZ;ZAHİT;ÜLKEM CADDE;cadde;730039
BAYBURT;MERKEZ;ZAHİT;VELİ ŞABAN CADDE;cadde;1307373
BAYBURT;MERKEZ;ZAHİT;YAYLA SOKAK;sokak;124045
BAYBURT;MERKEZ;ZAHİT;YAZGI SOKAK;sokak;723488
BAYBURT;MERKEZ;ZAHİT;YIĞINAK SOKAK;sokak;1307385
BAYBURT;MERKEZ;ZAHİT;YURDUM SOKAK;sokak;321499160
BAYBURT;MERKEZ;ZAHİT;YÜREKLİ SOKAK;sokak;204568850
BAYBURT;MERKEZ;ZAHİT;ZERAFET SOKAK;sokak;922172311
BAYBURT;MERKEZ;ZAHİT;ZEVAHİR SOKAK;sokak;745601290
BAYBURT;MERKEZ;ZAHİT;ZÜMRE SOKAK;sokak;939710591
