il;ilce;mahalle;cadde_sokak;tip;uavt_kodu
DÜZCE;AKÇAKOCA;AKKAYA - MÜCAVİR;1026 SOKAK;sokak;1325797
DÜZCE;AKÇAKOCA;AKKAYA - MÜCAVİR;1027 SOKAK;sokak;1397805
DÜZCE;AKÇAKOCA;AKKAYA - MÜCAVİR;1028 SOKAK;sokak;1325787
DÜZCE;AKÇAKOCA;AKKAYA - MÜCAVİR;1029 SOKAK;sokak;1325789
DÜZCE;AKÇAKOCA;AKKAYA - MÜCAVİR;5 NOLU SOKAK;sokak;970295
DÜZCE;AKÇAKOCA;AKKAYA NA;AKKAYA KÜME EVLER;sokak;503699
DÜZCE;AKÇAKOCA;AKTAŞ NA;AKTAŞ KÜME EVLER;sokak;515419
DÜZCE;AKÇAKOCA;AKTAŞ NA;HEMŞİN KÜME EVLER;sokak;702070220
DÜZCE;AKÇAKOCA;ALTINÇAY NA;AKKAYA KÜME EVLER;sokak;768184671
DÜZCE;AKÇAKOCA;ALTINÇAY NA;ALTUNÇAY KÜME EVLER;sokak;512275
DÜZCE;AKÇAKOCA;ALTINÇAY NA;DİBEKTAŞ MERKEZ KÜME EVLER;sokak;907395171
DÜZCE;AKÇAKOCA;ALTINÇAY NA;ELMAS KÜME EVLER;sokak;938985421
DÜZCE;AKÇAKOCA;ALTINÇAY NA;KURUCA KÜME EVLER;sokak;537887090
DÜZCE;AKÇAKOCA;ALTINÇAY NA;KUZEY KÜME EVLER;sokak;238603151
DÜZCE;AKÇAKOCA;ALTINÇAY NA;TONYALI KÜME EVLER;sokak;696645480
DÜZCE;AKÇAKOCA;ALTINÇAY NA;YENİYER MERKEZ KÜME EVLER;sokak;569928780
DÜZCE;AKÇAKOCA;ARABACI NA;ARABACI KÜME EVLER;sokak;512610
DÜZCE;AKÇAKOCA;ARABACI NA;KOÇULLU KÜME EVLER;sokak;491803751
DÜZCE;AKÇAKOCA;AYAZLI;1000 SOKAK;sokak;1295179
DÜZCE;AKÇAKOCA;AYAZLI;1002 SOKAK;sokak;1295183
DÜZCE;AKÇAKOCA;AYAZLI;1003 SOKAK;sokak;1295215
DÜZCE;AKÇAKOCA;AYAZLI;1004 SOKAK;sokak;1295185
DÜZCE;AKÇAKOCA;AYAZLI;1005 SOKAK;sokak;1295187
DÜZCE;AKÇAKOCA;AYAZLI;1010 SOKAK;sokak;1295197
DÜZCE;AKÇAKOCA;AYAZLI;1020 SOKAK;sokak;1304377
DÜZCE;AKÇAKOCA;AYAZLI;1021 SOKAK;sokak;1304317
DÜZCE;AKÇAKOCA;AYAZLI;1033 SOKAK;sokak;1334611
DÜZCE;AKÇAKOCA;AYAZLI;1034 SOKAK;sokak;1379613
DÜZCE;AKÇAKOCA;AYAZLI;ADA SOKAK;sokak;882143
DÜZCE;AKÇAKOCA;AYAZLI;AĞIR SOKAK;sokak;879710
DÜZCE;AKÇAKOCA;AYAZLI;AKAR SOKAK;sokak;410132
DÜZCE;AKÇAKOCA;AYAZLI;AKÇAKOCABEY BULVAR;sokak;879924
DÜZCE;AKÇAKOCA;AYAZLI;ARYA SOKAK;sokak;882142
DÜZCE;AKÇAKOCA;AYAZLI;ASLI SOKAK;sokak;867458
DÜZCE;AKÇAKOCA;AYAZLI;AŞİNA SOKAK;sokak;425431571
DÜZCE;AKÇAKOCA;AYAZLI;ATA SOKAK;sokak;882137
DÜZCE;AKÇAKOCA;AYAZLI;ATAR SOKAK;sokak;260633701
DÜZCE;AKÇAKOCA;AYAZLI;AZRA SOKAK;sokak;772749831
DÜZCE;AKÇAKOCA;AYAZLI;BADEM 2 SOKAK;sokak;161737
DÜZCE;AKÇAKOCA;AYAZLI;BAĞLAR SOKAK;sokak;652800
DÜZCE;AKÇAKOCA;AYAZLI;BAHAR SOKAK;sokak;161738
DÜZCE;AKÇAKOCA;AYAZLI;BAHÇE SOKAK;sokak;1263359
DÜZCE;AKÇAKOCA;AYAZLI;BAŞARAN SOKAK;sokak;1051958
DÜZCE;AKÇAKOCA;AYAZLI;BAYRAK SOKAK;sokak;867459
DÜZCE;AKÇAKOCA;AYAZLI;BEŞEVLER SOKAK;sokak;161739
DÜZCE;AKÇAKOCA;AYAZLI;BİRLİK SOKAK;sokak;879715
DÜZCE;AKÇAKOCA;AYAZLI;BORA SOKAK;sokak;881370
DÜZCE;AKÇAKOCA;AYAZLI;BUKET SOKAK;sokak;888474
DÜZCE;AKÇAKOCA;AYAZLI;BURÇAK SOKAK;sokak;161740
DÜZCE;AKÇAKOCA;AYAZLI;CANSU SOKAK;sokak;882141
DÜZCE;AKÇAKOCA;AYAZLI;CEYDA SOKAK;sokak;410133
DÜZCE;AKÇAKOCA;AYAZLI;CEYLAN SOKAK;sokak;161741
DÜZCE;AKÇAKOCA;AYAZLI;ÇAĞDAŞ SOKAK;sokak;909036
DÜZCE;AKÇAKOCA;AYAZLI;ÇAĞRI SOKAK;sokak;163057
DÜZCE;AKÇAKOCA;AYAZLI;ÇELİK SOKAK;sokak;163058
DÜZCE;AKÇAKOCA;AYAZLI;ÇİĞDEM SOKAK;sokak;410431
DÜZCE;AKÇAKOCA;AYAZLI;ÇUHALI CADDE;cadde;482619600
DÜZCE;AKÇAKOCA;AYAZLI;DEFNE SOKAK;sokak;163033
DÜZCE;AKÇAKOCA;AYAZLI;DEMİR SOKAK;sokak;652760
DÜZCE;AKÇAKOCA;AYAZLI;DENİZ SOKAK;sokak;163034
DÜZCE;AKÇAKOCA;AYAZLI;DERVİŞOĞLU SOKAK;sokak;410137
DÜZCE;AKÇAKOCA;AYAZLI;DOĞAN SOKAK;sokak;410134
DÜZCE;AKÇAKOCA;AYAZLI;DÖNGELLİ CADDE;cadde;163036
DÜZCE;AKÇAKOCA;AYAZLI;DUMLUPINAR CADDE;cadde;163035
DÜZCE;AKÇAKOCA;AYAZLI;DÜZCE CADDE;cadde;867457
DÜZCE;AKÇAKOCA;AYAZLI;EFE SOKAK;sokak;969359
DÜZCE;AKÇAKOCA;AYAZLI;EKİN SOKAK;sokak;109313
DÜZCE;AKÇAKOCA;AYAZLI;EMNİYET SOKAK;sokak;1304297
DÜZCE;AKÇAKOCA;AYAZLI;EMRAH SOKAK;sokak;410135
DÜZCE;AKÇAKOCA;AYAZLI;EREĞLİ CADDE;cadde;163037
DÜZCE;AKÇAKOCA;AYAZLI;ERSOY SOKAK;sokak;267071741
DÜZCE;AKÇAKOCA;AYAZLI;ERVA SOKAK;sokak;607092191
DÜZCE;AKÇAKOCA;AYAZLI;ESRA SOKAK;sokak;549076051
DÜZCE;AKÇAKOCA;AYAZLI;FOTO HÜSEYİN SOKAK;sokak;879714
DÜZCE;AKÇAKOCA;AYAZLI;GAZİ SOKAK;sokak;163038
DÜZCE;AKÇAKOCA;AYAZLI;GÖKNUR SOKAK;sokak;879713
DÜZCE;AKÇAKOCA;AYAZLI;GÜLİSTAN CADDE;cadde;882140
DÜZCE;AKÇAKOCA;AYAZLI;GÜNEY SOKAK;sokak;410136
DÜZCE;AKÇAKOCA;AYAZLI;GÜVEN KESKİN CADDE;cadde;879711
DÜZCE;AKÇAKOCA;AYAZLI;GÜZEL SOKAK;sokak;910905
DÜZCE;AKÇAKOCA;AYAZLI;HACI YAKUP KALAYCI CADDE;cadde;869334
DÜZCE;AKÇAKOCA;AYAZLI;HACITAŞ CADDE;cadde;286730100
DÜZCE;AKÇAKOCA;AYAZLI;HAMZA DENİZ SOKAK;sokak;1008879
DÜZCE;AKÇAKOCA;AYAZLI;HAZER SOKAK;sokak;879718
DÜZCE;AKÇAKOCA;AYAZLI;HEDEF SOKAK;sokak;163039
DÜZCE;AKÇAKOCA;AYAZLI;HİCİZ SOKAK;sokak;902040
DÜZCE;AKÇAKOCA;AYAZLI;HİLAL SOKAK;sokak;879712
DÜZCE;AKÇAKOCA;AYAZLI;HÜNER SOKAK;sokak;879716
DÜZCE;AKÇAKOCA;AYAZLI;ILGIN SOKAK;sokak;882138
DÜZCE;AKÇAKOCA;AYAZLI;İLKAY SOKAK;sokak;879720
DÜZCE;AKÇAKOCA;AYAZLI;İZCİ SOKAK;sokak;1295195
DÜZCE;AKÇAKOCA;AYAZLI;İZGİ SOKAK;sokak;869564
DÜZCE;AKÇAKOCA;AYAZLI;KABASAKAL SOKAK;sokak;361198
DÜZCE;AKÇAKOCA;AYAZLI;KADİFE SOKAK;sokak;163040
DÜZCE;AKÇAKOCA;AYAZLI;KAPTAN TURGUT BORA SOKAK;sokak;163061
DÜZCE;AKÇAKOCA;AYAZLI;KARACA SOKAK;sokak;163041
DÜZCE;AKÇAKOCA;AYAZLI;KARMEN SOKAK;sokak;879707
DÜZCE;AKÇAKOCA;AYAZLI;KAYABAŞI CADDE;cadde;163042
DÜZCE;AKÇAKOCA;AYAZLI;KAYALI SOKAK;sokak;361199
DÜZCE;AKÇAKOCA;AYAZLI;KAYRA SOKAK;sokak;879929
DÜZCE;AKÇAKOCA;AYAZLI;KELEBEK SOKAK;sokak;1383697
DÜZCE;AKÇAKOCA;AYAZLI;KÖKNAR SOKAK;sokak;163044
DÜZCE;AKÇAKOCA;AYAZLI;KÖROĞLU SOKAK;sokak;410138
DÜZCE;AKÇAKOCA;AYAZLI;KUMLUK SOKAK;sokak;163043
DÜZCE;AKÇAKOCA;AYAZLI;KUMSAL SOKAK;sokak;1404975
DÜZCE;AKÇAKOCA;AYAZLI;KUYU SOKAK;sokak;388081760
DÜZCE;AKÇAKOCA;AYAZLI;KÜLTÜR SOKAK;sokak;163045
DÜZCE;AKÇAKOCA;AYAZLI;LEMAN SOKAK;sokak;879719
DÜZCE;AKÇAKOCA;AYAZLI;LİMANCIK SOKAK;sokak;163046
DÜZCE;AKÇAKOCA;AYAZLI;MEHTAP SOKAK;sokak;361200
DÜZCE;AKÇAKOCA;AYAZLI;MELİH SOKAK;sokak;410139
DÜZCE;AKÇAKOCA;AYAZLI;MELİS SOKAK;sokak;879925
DÜZCE;AKÇAKOCA;AYAZLI;MİRAÇ SOKAK;sokak;431596071
DÜZCE;AKÇAKOCA;AYAZLI;MUAMMER AKSOY CADDE;cadde;163047
DÜZCE;AKÇAKOCA;AYAZLI;NAZENDE SOKAK;sokak;879717
DÜZCE;AKÇAKOCA;AYAZLI;NEVRA SOKAK;sokak;879709
DÜZCE;AKÇAKOCA;AYAZLI;NİLÜFER SOKAK;sokak;163048
DÜZCE;AKÇAKOCA;AYAZLI;ORKİDE SOKAK;sokak;361201
DÜZCE;AKÇAKOCA;AYAZLI;OSB 2. CADDE;cadde;768158281
DÜZCE;AKÇAKOCA;AYAZLI;OSB 7. SOKAK;sokak;997012031
DÜZCE;AKÇAKOCA;AYAZLI;PALMİYE SOKAK;sokak;649112
DÜZCE;AKÇAKOCA;AYAZLI;PAŞA SOKAK;sokak;706144
DÜZCE;AKÇAKOCA;AYAZLI;POYRAZ SOKAK;sokak;889424
DÜZCE;AKÇAKOCA;AYAZLI;PÜREN SOKAK;sokak;879926
DÜZCE;AKÇAKOCA;AYAZLI;RÜZGAR SOKAK;sokak;410140
DÜZCE;AKÇAKOCA;AYAZLI;SALKIM SOKAK;sokak;163049
DÜZCE;AKÇAKOCA;AYAZLI;SALYANCI CADDE;cadde;163050
DÜZCE;AKÇAKOCA;AYAZLI;SANAYİ 1 SOKAK;sokak;163051
DÜZCE;AKÇAKOCA;AYAZLI;SANAYİ 2 SOKAK;sokak;361202
DÜZCE;AKÇAKOCA;AYAZLI;SANAYİ 3 SOKAK;sokak;410428
DÜZCE;AKÇAKOCA;AYAZLI;SANAYİ 4 SOKAK;sokak;872890
DÜZCE;AKÇAKOCA;AYAZLI;SARAYLI SOKAK;sokak;869525
DÜZCE;AKÇAKOCA;AYAZLI;SARIOĞLU SOKAK;sokak;163052
DÜZCE;AKÇAKOCA;AYAZLI;SERRA SOKAK;sokak;879927
DÜZCE;AKÇAKOCA;AYAZLI;SERVA SOKAK;sokak;879928
DÜZCE;AKÇAKOCA;AYAZLI;SEVGİ SOKAK;sokak;1263357
DÜZCE;AKÇAKOCA;AYAZLI;SEYMEN SOKAK;sokak;879923
DÜZCE;AKÇAKOCA;AYAZLI;SILA SOKAK;sokak;1295191
DÜZCE;AKÇAKOCA;AYAZLI;SULTAN SOKAK;sokak;869335
DÜZCE;AKÇAKOCA;AYAZLI;SÜLÜN SOKAK;sokak;163053
DÜZCE;AKÇAKOCA;AYAZLI;ŞABAN KALAYCI SOKAK;sokak;555730910
DÜZCE;AKÇAKOCA;AYAZLI;ŞAHİN SOKAK;sokak;163060
DÜZCE;AKÇAKOCA;AYAZLI;ŞEBNEM SOKAK;sokak;645133
DÜZCE;AKÇAKOCA;AYAZLI;ŞEHNAZ SOKAK;sokak;878840
DÜZCE;AKÇAKOCA;AYAZLI;ŞİMŞEK SOKAK;sokak;869336
DÜZCE;AKÇAKOCA;AYAZLI;TEKİN SOKAK;sokak;645135
DÜZCE;AKÇAKOCA;AYAZLI;TEKİR SOKAK;sokak;410429
DÜZCE;AKÇAKOCA;AYAZLI;TEPELİ SOKAK;sokak;361203
DÜZCE;AKÇAKOCA;AYAZLI;TERMİNAL CADDE;cadde;959345
DÜZCE;AKÇAKOCA;AYAZLI;TİLBE SOKAK;sokak;882135
DÜZCE;AKÇAKOCA;AYAZLI;TUNA SOKAK;sokak;163054
DÜZCE;AKÇAKOCA;AYAZLI;UMUT SOKAK;sokak;1008284
DÜZCE;AKÇAKOCA;AYAZLI;ÜMRAN SOKAK;sokak;163059
DÜZCE;AKÇAKOCA;AYAZLI;VADİ SOKAK;sokak;1319985
DÜZCE;AKÇAKOCA;AYAZLI;YAKIT SOKAK;sokak;163055
DÜZCE;AKÇAKOCA;AYAZLI;YAMANLAR SOKAK;sokak;410430
DÜZCE;AKÇAKOCA;AYAZLI;YAZLIK SOKAK;sokak;163056
DÜZCE;AKÇAKOCA;AYAZLI;YILMAZ SOKAK;sokak;907108
DÜZCE;AKÇAKOCA;AYAZLI;YUKARI AYAZLI CADDE;cadde;361204
DÜZCE;AKÇAKOCA;AYAZLI;ZAFER SOKAK;sokak;410432
DÜZCE;AKÇAKOCA;AYAZLI;ZEYTİN SOKAK;sokak;1090300
DÜZCE;AKÇAKOCA;BALATLI NA;BALATLI KÜME EVLER;sokak;520399
DÜZCE;AKÇAKOCA;BALATLI NA;BEYÖREN KÜME EVLER;sokak;506901890
DÜZCE;AKÇAKOCA;BALATLI NA;DEREDİBİ KÜME EVLER;sokak;153760231
DÜZCE;AKÇAKOCA;BAYHANLI - MÜCAVİR;1025 SOKAK;sokak;1325779
DÜZCE;AKÇAKOCA;BAYHANLI - MÜCAVİR;1026 SOKAK;sokak;1325775
DÜZCE;AKÇAKOCA;BAYHANLI - MÜCAVİR;122 SOKAK;sokak;910784
DÜZCE;AKÇAKOCA;BAYHANLI - MÜCAVİR;123 SOKAK;sokak;682021
DÜZCE;AKÇAKOCA;BAYHANLI - MÜCAVİR;124 SOKAK;sokak;396771
DÜZCE;AKÇAKOCA;BAYHANLI - MÜCAVİR;125 SOKAK;sokak;910782
DÜZCE;AKÇAKOCA;BAYHANLI - MÜCAVİR;126 SOKAK;sokak;910778
DÜZCE;AKÇAKOCA;BAYHANLI - MÜCAVİR;127 SOKAK;sokak;396772
DÜZCE;AKÇAKOCA;BAYHANLI - MÜCAVİR;128 SOKAK;sokak;683776
DÜZCE;AKÇAKOCA;BAYHANLI - MÜCAVİR;129 SOKAK;sokak;1053501
DÜZCE;AKÇAKOCA;BAYHANLI - MÜCAVİR;130 SOKAK;sokak;1140810
DÜZCE;AKÇAKOCA;BAYHANLI - MÜCAVİR;5 NOLU SOKAK;sokak;1273757
DÜZCE;AKÇAKOCA;BAYHANLI - MÜCAVİR;ZAFER 1 SOKAK;sokak;104985
DÜZCE;AKÇAKOCA;BAYHANLI - YALI;YALI KÜME EVLER;sokak;601796
DÜZCE;AKÇAKOCA;BAYHANLI NA;BEYHANLI KÜME EVLER;sokak;516503
DÜZCE;AKÇAKOCA;BEYÖREN NA;ACARA KÜME EVLER;sokak;544558030
DÜZCE;AKÇAKOCA;BEYÖREN NA;BEYÖREN KÜME EVLER;sokak;562024
DÜZCE;AKÇAKOCA;CUMHURİYET;1012 SOKAK;sokak;1295203
DÜZCE;AKÇAKOCA;CUMHURİYET;ALİ ÇAVUŞ SOKAK;sokak;361205
DÜZCE;AKÇAKOCA;CUMHURİYET;BAKİ ÇELEBİ SOKAK;sokak;877990
DÜZCE;AKÇAKOCA;CUMHURİYET;BATUR SOKAK;sokak;888573
DÜZCE;AKÇAKOCA;CUMHURİYET;BERKER KESER SOKAK;sokak;152351611
DÜZCE;AKÇAKOCA;CUMHURİYET;CUMHURİYET CADDE;cadde;163062
DÜZCE;AKÇAKOCA;CUMHURİYET;DEMET SOKAK;sokak;163063
DÜZCE;AKÇAKOCA;CUMHURİYET;DERELİ RIDVAN SOKAK;sokak;191997101
DÜZCE;AKÇAKOCA;CUMHURİYET;GARDENYA SOKAK;sokak;313897861
DÜZCE;AKÇAKOCA;CUMHURİYET;HACI HAFIZ 2 SOKAK;sokak;410433
DÜZCE;AKÇAKOCA;CUMHURİYET;HACI MOLLA SOKAK;sokak;163064
DÜZCE;AKÇAKOCA;CUMHURİYET;HACI OSMANLAR SOKAK;sokak;163065
DÜZCE;AKÇAKOCA;CUMHURİYET;IHLAMUR SOKAK;sokak;361206
DÜZCE;AKÇAKOCA;CUMHURİYET;İLLA CADDE;cadde;837942
DÜZCE;AKÇAKOCA;CUMHURİYET;İMRAHOR SOKAK;sokak;163072
DÜZCE;AKÇAKOCA;CUMHURİYET;İNANÇ SOKAK;sokak;163413
DÜZCE;AKÇAKOCA;CUMHURİYET;İSTANBUL CADDE;cadde;410437
DÜZCE;AKÇAKOCA;CUMHURİYET;KAMER SOKAK;sokak;1395617
DÜZCE;AKÇAKOCA;CUMHURİYET;KAPAÇLAR SOKAK;sokak;410434
DÜZCE;AKÇAKOCA;CUMHURİYET;KOCA HALİT SOKAK;sokak;1053499
DÜZCE;AKÇAKOCA;CUMHURİYET;MESCİT SOKAK;sokak;163066
DÜZCE;AKÇAKOCA;CUMHURİYET;MÜGE SOKAK;sokak;229645710
DÜZCE;AKÇAKOCA;CUMHURİYET;ORHAN GAZİ CADDE;cadde;163067
DÜZCE;AKÇAKOCA;CUMHURİYET;ORTANCA SOKAK;sokak;163068
DÜZCE;AKÇAKOCA;CUMHURİYET;PARK CADDE;cadde;361207
DÜZCE;AKÇAKOCA;CUMHURİYET;PINAR YANI SOKAK;sokak;410435
DÜZCE;AKÇAKOCA;CUMHURİYET;SEDİR SOKAK;sokak;163069
DÜZCE;AKÇAKOCA;CUMHURİYET;SELVİ SOKAK;sokak;163070
DÜZCE;AKÇAKOCA;CUMHURİYET;SIHHAT SOKAK;sokak;1047852
DÜZCE;AKÇAKOCA;CUMHURİYET;ŞAFAK SOKAK;sokak;361209
DÜZCE;AKÇAKOCA;CUMHURİYET;TERZİ EMİNLER SOKAK;sokak;361208
DÜZCE;AKÇAKOCA;CUMHURİYET;YANMAZ SOKAK;sokak;418785
DÜZCE;AKÇAKOCA;CUMHURİYET;YARENLER SOKAK;sokak;163071
DÜZCE;AKÇAKOCA;CUMHURİYET;YEŞİL SOKAK;sokak;163077
DÜZCE;AKÇAKOCA;CUMHURİYET;YEŞİLKENT SOKAK;sokak;163078
DÜZCE;AKÇAKOCA;ÇAYAĞZI - KİRAZYANI;EREĞLİ CADDE;cadde;542482811
DÜZCE;AKÇAKOCA;ÇAYAĞZI - KİRAZYANI;KİRAZYANI KÜME EVLER;sokak;112385320
DÜZCE;AKÇAKOCA;ÇAYAĞZI - KUMPINAR;EREĞLİ CADDE;cadde;615087270
DÜZCE;AKÇAKOCA;ÇAYAĞZI - KUMPINAR;KUMPINAR KÜME EVLER;sokak;619651
DÜZCE;AKÇAKOCA;ÇAYAĞZI NA;1025 SOKAK;sokak;905650601
DÜZCE;AKÇAKOCA;ÇAYAĞZI NA;ÇAYAĞZI KÜME EVLER;sokak;534434
DÜZCE;AKÇAKOCA;ÇAYAĞZI NA;EREĞLİ CADDE;cadde;144326601
DÜZCE;AKÇAKOCA;ÇİÇEKPINAR NA;BEYÖREN KÜME EVLER;sokak;777160091
DÜZCE;AKÇAKOCA;ÇİÇEKPINAR NA;ÇİÇEKPINAR KÜME EVLER;sokak;553798
DÜZCE;AKÇAKOCA;ÇİÇEKPINAR NA;DADALI KÜME EVLER;sokak;693867531
DÜZCE;AKÇAKOCA;ÇİÇEKPINAR NA;DÜZCE/AKÇAKOCA YOLU BULVAR;sokak;947112490
DÜZCE;AKÇAKOCA;DADALI NA;DADALI KÜME EVLER;sokak;598991
DÜZCE;AKÇAKOCA;DADALI NA;DÜZCE/AKÇAKOCA YOLU BULVAR;sokak;196662470
DÜZCE;AKÇAKOCA;DADALI NA;KİRAZYANI KÜME EVLER;sokak;160904411
DÜZCE;AKÇAKOCA;DADALI NA;OSB 1. CADDE;cadde;215501811
DÜZCE;AKÇAKOCA;DAVUTAĞA NA;DAVUTAĞA KÜME EVLER;sokak;523721
DÜZCE;AKÇAKOCA;DAVUTAĞA NA;DİLAVER KÜME EVLER;sokak;114358981
DÜZCE;AKÇAKOCA;DEREDİBİ NA;DEREDİBİ KÜME EVLER;sokak;546153
DÜZCE;AKÇAKOCA;DEREDİBİ NA;DÜZCE/AKÇAKOCA YOLU BULVAR;sokak;476646771
DÜZCE;AKÇAKOCA;DEREKÖY NA;ALTUNÇAY KÜME EVLER;sokak;791130641
DÜZCE;AKÇAKOCA;DEREKÖY NA;DEREKÖY KÜME EVLER;sokak;551815
DÜZCE;AKÇAKOCA;DİLAVER NA;DİLAVER KÜME EVLER;sokak;541220
DÜZCE;AKÇAKOCA;DOĞANCILAR - ACARA;ACARA KÜME EVLER;sokak;611325
DÜZCE;AKÇAKOCA;DOĞANCILAR - ACARA;DOĞANCILAR KÜME EVLER;sokak;250160721
DÜZCE;AKÇAKOCA;DOĞANCILAR - ACARA;ORTANCA KÜME EVLER;sokak;508287551
DÜZCE;AKÇAKOCA;DOĞANCILAR - DOĞANCILAR;DOĞANCILAR KÜME EVLER;sokak;604180
DÜZCE;AKÇAKOCA;DOĞANCILAR - DOĞANCILAR;GİRESUNLULAR KÜME EVLER;sokak;765715121
DÜZCE;AKÇAKOCA;DOĞANCILAR - GİRESUNLULAR;DOĞANCILAR KÜME EVLER;sokak;631404121
DÜZCE;AKÇAKOCA;DOĞANCILAR - GİRESUNLULAR;GİRESUNLULAR KÜME EVLER;sokak;607647
DÜZCE;AKÇAKOCA;DÖNGELLİ - DÖNGELLİ MÜCAVİR;NEVRA SOKAK;sokak;1342873
DÜZCE;AKÇAKOCA;DÖNGELLİ NA;1003 SOKAK;sokak;786786791
DÜZCE;AKÇAKOCA;DÖNGELLİ NA;DÖNGELLİ KÜME EVLER;sokak;591468
DÜZCE;AKÇAKOCA;DÖNGELLİ NA;DÜZCE/AKÇAKOCA YOLU BULVAR;sokak;864438681
DÜZCE;AKÇAKOCA;DÖNGELLİ NA;GÖKNUR SOKAK;sokak;171687661
DÜZCE;AKÇAKOCA;DÖNGELLİ NA;OSB 1. CADDE;cadde;293047631
DÜZCE;AKÇAKOCA;DÖNGELLİ NA;OSB 2. CADDE;cadde;734201011
DÜZCE;AKÇAKOCA;DÖNGELLİ NA;OSB 3. SOKAK;sokak;563579811
DÜZCE;AKÇAKOCA;DÖNGELLİ NA;OSB 5. SOKAK;sokak;700557441
DÜZCE;AKÇAKOCA;DÖNGELLİ NA;OSB 6. SOKAK;sokak;462882621
DÜZCE;AKÇAKOCA;EDİLLİ - EDİLLİ AĞZI;7 NOLU SOKAK;sokak;970301
DÜZCE;AKÇAKOCA;EDİLLİ - EDİLLİ AĞZI;MESEN 1 SOKAK;sokak;1057966
DÜZCE;AKÇAKOCA;EDİLLİ NA;EDİLLİ. KÜME EVLER;sokak;578177
DÜZCE;AKÇAKOCA;EDİLLİ NA;KARASU CADDE;cadde;937807320
DÜZCE;AKÇAKOCA;EDİLLİ NA;MESEN SOKAK;sokak;321309570
DÜZCE;AKÇAKOCA;ESMAHANIM NA;DİLAVER KÜME EVLER;sokak;308136460
DÜZCE;AKÇAKOCA;ESMAHANIM NA;ESMAHANIM KÜME EVLER;sokak;523604
DÜZCE;AKÇAKOCA;FAKILLI NA;FAKILLI KÜME EVLER;sokak;539523
DÜZCE;AKÇAKOCA;GÖKTEPE NA;GÖKTEPE KÜME EVLER;sokak;330241
DÜZCE;AKÇAKOCA;GÖKTEPE NA;KİRAZLI KÜME EVLER;sokak;422096011
DÜZCE;AKÇAKOCA;HACI YUSUFLAR;1013 SOKAK;sokak;1302845
DÜZCE;AKÇAKOCA;HACI YUSUFLAR;1014 SOKAK;sokak;1302847
DÜZCE;AKÇAKOCA;HACI YUSUFLAR;1015 SOKAK;sokak;1302849
DÜZCE;AKÇAKOCA;HACI YUSUFLAR;1016 SOKAK;sokak;1302851
DÜZCE;AKÇAKOCA;HACI YUSUFLAR;1022 SOKAK;sokak;1304319
DÜZCE;AKÇAKOCA;HACI YUSUFLAR;1030 SOKAK;sokak;1325765
DÜZCE;AKÇAKOCA;HACI YUSUFLAR;1031 SOKAK;sokak;1325767
DÜZCE;AKÇAKOCA;HACI YUSUFLAR;AKASYA SOKAK;sokak;162714
DÜZCE;AKÇAKOCA;HACI YUSUFLAR;AKAY SOKAK;sokak;162715
DÜZCE;AKÇAKOCA;HACI YUSUFLAR;ANIT SOKAK;sokak;162717
DÜZCE;AKÇAKOCA;HACI YUSUFLAR;AVCI SOKAK;sokak;166040271
DÜZCE;AKÇAKOCA;HACI YUSUFLAR;BAKİ ÇELEBİ SOKAK;sokak;162718
DÜZCE;AKÇAKOCA;HACI YUSUFLAR;BARIŞ SOKAK;sokak;162719
DÜZCE;AKÇAKOCA;HACI YUSUFLAR;BARLAS SOKAK;sokak;700012
DÜZCE;AKÇAKOCA;HACI YUSUFLAR;BERKİN SOKAK;sokak;869664
DÜZCE;AKÇAKOCA;HACI YUSUFLAR;BEYZA SOKAK;sokak;879944
DÜZCE;AKÇAKOCA;HACI YUSUFLAR;BURCU SOKAK;sokak;163087
DÜZCE;AKÇAKOCA;HACI YUSUFLAR;BÜLBÜL SOKAK;sokak;162720
DÜZCE;AKÇAKOCA;HACI YUSUFLAR;CENEVİZ SOKAK;sokak;957422841
DÜZCE;AKÇAKOCA;HACI YUSUFLAR;ÇERÇİLER SOKAK;sokak;163079
DÜZCE;AKÇAKOCA;HACI YUSUFLAR;DERE SOKAK;sokak;862362
DÜZCE;AKÇAKOCA;HACI YUSUFLAR;DOLUNAY SOKAK;sokak;910900
DÜZCE;AKÇAKOCA;HACI YUSUFLAR;EBRU SOKAK;sokak;163083
DÜZCE;AKÇAKOCA;HACI YUSUFLAR;EGE SOKAK;sokak;408584821
DÜZCE;AKÇAKOCA;HACI YUSUFLAR;EGEMEN SOKAK;sokak;910901
DÜZCE;AKÇAKOCA;HACI YUSUFLAR;ELFİN SOKAK;sokak;1430515
DÜZCE;AKÇAKOCA;HACI YUSUFLAR;EMİNOĞLU SOKAK;sokak;162723
DÜZCE;AKÇAKOCA;HACI YUSUFLAR;EMRE SOKAK;sokak;162722
DÜZCE;AKÇAKOCA;HACI YUSUFLAR;ERGUVAN SOKAK;sokak;1090302
DÜZCE;AKÇAKOCA;HACI YUSUFLAR;ERTUNA SOKAK;sokak;162724
DÜZCE;AKÇAKOCA;HACI YUSUFLAR;ESEN SOKAK;sokak;869667
DÜZCE;AKÇAKOCA;HACI YUSUFLAR;EYLÜL SOKAK;sokak;115297731
DÜZCE;AKÇAKOCA;HACI YUSUFLAR;FATİH SOKAK;sokak;910903
DÜZCE;AKÇAKOCA;HACI YUSUFLAR;FENER SOKAK;sokak;162725
DÜZCE;AKÇAKOCA;HACI YUSUFLAR;GÖRAL SOKAK;sokak;875405
DÜZCE;AKÇAKOCA;HACI YUSUFLAR;GÜMÜŞ SOKAK;sokak;162726
DÜZCE;AKÇAKOCA;HACI YUSUFLAR;GÜNBATIMI SOKAK;sokak;581836330
DÜZCE;AKÇAKOCA;HACI YUSUFLAR;GÜNDOĞDU SOKAK;sokak;738657841
DÜZCE;AKÇAKOCA;HACI YUSUFLAR;GÜNEŞ SOKAK;sokak;162727
DÜZCE;AKÇAKOCA;HACI YUSUFLAR;HACI AĞALAR SOKAK;sokak;162728
DÜZCE;AKÇAKOCA;HACI YUSUFLAR;HACI OSMANLAR SOKAK;sokak;162729
DÜZCE;AKÇAKOCA;HACI YUSUFLAR;HASRET SOKAK;sokak;877993
DÜZCE;AKÇAKOCA;HACI YUSUFLAR;HAYALİM SOKAK;sokak;869666
DÜZCE;AKÇAKOCA;HACI YUSUFLAR;HAYDAR EFENDİ SOKAK;sokak;162730
DÜZCE;AKÇAKOCA;HACI YUSUFLAR;HÜRRİYET CADDE;cadde;162731
DÜZCE;AKÇAKOCA;HACI YUSUFLAR;HÜSNÜ GONCA CADDE;cadde;162732
DÜZCE;AKÇAKOCA;HACI YUSUFLAR;İLLA CADDE;cadde;163080
DÜZCE;AKÇAKOCA;HACI YUSUFLAR;İREM SOKAK;sokak;605038
DÜZCE;AKÇAKOCA;HACI YUSUFLAR;İSTANBUL CADDE;cadde;163081
DÜZCE;AKÇAKOCA;HACI YUSUFLAR;KARASU CADDE;cadde;599830
DÜZCE;AKÇAKOCA;HACI YUSUFLAR;KERVAN 2 SOKAK;sokak;163086
DÜZCE;AKÇAKOCA;HACI YUSUFLAR;KOCA HALİT SOKAK;sokak;162734
DÜZCE;AKÇAKOCA;HACI YUSUFLAR;KOCATEPE SOKAK;sokak;162735
DÜZCE;AKÇAKOCA;HACI YUSUFLAR;KOKURDAN CADDE;cadde;162736
DÜZCE;AKÇAKOCA;HACI YUSUFLAR;KORU SOKAK;sokak;162737
DÜZCE;AKÇAKOCA;HACI YUSUFLAR;KÖY AĞALAR SOKAK;sokak;162738
DÜZCE;AKÇAKOCA;HACI YUSUFLAR;KUĞU SOKAK;sokak;163082
DÜZCE;AKÇAKOCA;HACI YUSUFLAR;MEHMET ALİ TURHAN CADDE;cadde;162739
DÜZCE;AKÇAKOCA;HACI YUSUFLAR;MESEN SOKAK;sokak;604600
DÜZCE;AKÇAKOCA;HACI YUSUFLAR;MEYDAN SOKAK;sokak;162740
DÜZCE;AKÇAKOCA;HACI YUSUFLAR;MİMOZA SOKAK;sokak;418788
DÜZCE;AKÇAKOCA;HACI YUSUFLAR;MUTLU SOKAK;sokak;1275019
DÜZCE;AKÇAKOCA;HACI YUSUFLAR;NARİN SOKAK;sokak;162741
DÜZCE;AKÇAKOCA;HACI YUSUFLAR;NESİL SOKAK;sokak;1100437
DÜZCE;AKÇAKOCA;HACI YUSUFLAR;NEVA SOKAK;sokak;207913721
DÜZCE;AKÇAKOCA;HACI YUSUFLAR;NİGAR SOKAK;sokak;879942
DÜZCE;AKÇAKOCA;HACI YUSUFLAR;OĞUZ SOKAK;sokak;162742
DÜZCE;AKÇAKOCA;HACI YUSUFLAR;PINAR YANI SOKAK;sokak;418782
DÜZCE;AKÇAKOCA;HACI YUSUFLAR;SADIK REİS SOKAK;sokak;835929
DÜZCE;AKÇAKOCA;HACI YUSUFLAR;SADIKOĞLU SOKAK;sokak;162743
DÜZCE;AKÇAKOCA;HACI YUSUFLAR;SARMAŞIK SOKAK;sokak;1094528
DÜZCE;AKÇAKOCA;HACI YUSUFLAR;SEDEF SOKAK;sokak;162744
DÜZCE;AKÇAKOCA;HACI YUSUFLAR;SELİN SOKAK;sokak;783996
DÜZCE;AKÇAKOCA;HACI YUSUFLAR;SİMGE SOKAK;sokak;605303
DÜZCE;AKÇAKOCA;HACI YUSUFLAR;SİNEM SOKAK;sokak;163085
DÜZCE;AKÇAKOCA;HACI YUSUFLAR;SİTE SOKAK;sokak;163074
DÜZCE;AKÇAKOCA;HACI YUSUFLAR;SOĞUKSU SOKAK;sokak;418783
DÜZCE;AKÇAKOCA;HACI YUSUFLAR;SUMRU SOKAK;sokak;162745
DÜZCE;AKÇAKOCA;HACI YUSUFLAR;SUSAM SOKAK;sokak;163073
DÜZCE;AKÇAKOCA;HACI YUSUFLAR;ŞAŞMAZ SOKAK;sokak;1430517
DÜZCE;AKÇAKOCA;HACI YUSUFLAR;TEKKE SOKAK;sokak;418784
DÜZCE;AKÇAKOCA;HACI YUSUFLAR;TURNA SOKAK;sokak;163075
DÜZCE;AKÇAKOCA;HACI YUSUFLAR;YAKAMOZ SOKAK;sokak;163076
DÜZCE;AKÇAKOCA;HACI YUSUFLAR;ZİYA KAPTAN SOKAK;sokak;936100791
DÜZCE;AKÇAKOCA;HASANÇAVUŞ - KARABURUN;100 SOKAK;sokak;884563
DÜZCE;AKÇAKOCA;HASANÇAVUŞ - KARABURUN;101 SOKAK;sokak;884564
DÜZCE;AKÇAKOCA;HASANÇAVUŞ - KARABURUN;102 SOKAK;sokak;884565
DÜZCE;AKÇAKOCA;HASANÇAVUŞ - KARABURUN;103 SOKAK;sokak;884605
DÜZCE;AKÇAKOCA;HASANÇAVUŞ - KARABURUN;104 SOKAK;sokak;970303
DÜZCE;AKÇAKOCA;HASANÇAVUŞ - KARABURUN;2 SOKAK;sokak;909798
DÜZCE;AKÇAKOCA;HASANÇAVUŞ - KARABURUN;200 SOKAK;sokak;884608
DÜZCE;AKÇAKOCA;HASANÇAVUŞ - KARABURUN;201 SOKAK;sokak;884609
DÜZCE;AKÇAKOCA;HASANÇAVUŞ - KARABURUN;202 SOKAK;sokak;1418503
DÜZCE;AKÇAKOCA;HASANÇAVUŞ - KARABURUN;204 SOKAK;sokak;969805451
DÜZCE;AKÇAKOCA;HASANÇAVUŞ - KARABURUN;HASANÇAVUŞ SOKAK;sokak;823277841
DÜZCE;AKÇAKOCA;HASANÇAVUŞ - KARABURUN 2;KARABURUN 2 KÜME EVLER;sokak;683007
DÜZCE;AKÇAKOCA;HASANÇAVUŞ - KÖYİÇİ;KÖYİÇİ KÜME EVLER;sokak;557131
DÜZCE;AKÇAKOCA;HASANÇAVUŞ - KÖYİÇİ;MELENAĞZI KÜME EVLER;sokak;283195720
DÜZCE;AKÇAKOCA;HEMŞİN NA;AKTAŞ KÜME EVLER;sokak;434875601
DÜZCE;AKÇAKOCA;HEMŞİN NA;HEMŞİN KÜME EVLER;sokak;535684
DÜZCE;AKÇAKOCA;HEMŞİN NA;YENİCE KÜME EVLER;sokak;902666021
DÜZCE;AKÇAKOCA;KALKIN - MÜCAVİR;8 SOKAK;sokak;970305
DÜZCE;AKÇAKOCA;KALKIN - MÜCAVİR;KÖY İÇİ SOKAK;sokak;1053505
DÜZCE;AKÇAKOCA;KALKIN NA;HEMŞİN KÜME EVLER;sokak;897234230
DÜZCE;AKÇAKOCA;KALKIN NA;KALKIN KÜME EVLER;sokak;369308
DÜZCE;AKÇAKOCA;KARATAVUK - BATTALLAR;BATTALLAR KÜME EVLER;sokak;577612
DÜZCE;AKÇAKOCA;KARATAVUK - KAYADİBİ;KAYADİBİ KÜME EVLER;sokak;598667
DÜZCE;AKÇAKOCA;KARATAVUK - KAYADİBİ;KURUKAVAK KÜME EVLER;sokak;232137620
DÜZCE;AKÇAKOCA;KARATAVUK - KÖYİÇİ;KÖYİÇİ KÜME EVLER;sokak;597918
DÜZCE;AKÇAKOCA;KARATAVUK - MERKEZ;MERKEZ KÜME EVLER;sokak;147270441
DÜZCE;AKÇAKOCA;KEPENÇ NA;1017 SOKAK;sokak;880711130
DÜZCE;AKÇAKOCA;KEPENÇ NA;AKÇAKOCABEY BULVAR;sokak;897570170
DÜZCE;AKÇAKOCA;KEPENÇ NA;GÖKTEPE SOKAK;sokak;797342650
DÜZCE;AKÇAKOCA;KEPENÇ NA;KEPENÇ KÜME EVLER;sokak;320228
DÜZCE;AKÇAKOCA;KEPENÇ NA;MEHMET AKİF CADDE;cadde;199574890
DÜZCE;AKÇAKOCA;KINIK NA;KINIK KÜME EVLER;sokak;585585
DÜZCE;AKÇAKOCA;KİRAZLI NA;KINIK KÜME EVLER;sokak;342687220
DÜZCE;AKÇAKOCA;KİRAZLI NA;KİRAZLI KÜME EVLER;sokak;545704
DÜZCE;AKÇAKOCA;KİRAZLI NA;YEŞİLKÖY KÜME EVLER;sokak;180697731
DÜZCE;AKÇAKOCA;KOÇAR NA;KOÇAR KÜME EVLER;sokak;261632
DÜZCE;AKÇAKOCA;KOÇAR NA;KURUGÖL KÜME EVLER;sokak;899844621
DÜZCE;AKÇAKOCA;KOÇULLU NA;KOÇULLU KÜME EVLER;sokak;517857
DÜZCE;AKÇAKOCA;KURUGÖL NA;ERDEMLİ KÜME EVLER;sokak;323027880
DÜZCE;AKÇAKOCA;KURUGÖL NA;KARAÖMER KÜME EVLER;sokak;453574800
DÜZCE;AKÇAKOCA;KURUGÖL NA;KURUGÖL KÜME EVLER;sokak;36537
DÜZCE;AKÇAKOCA;KURUKAVAK - BEYLİK AĞACI;BEYLİK AĞACI KÜME EVLER;sokak;609522
DÜZCE;AKÇAKOCA;KURUKAVAK - BEYLİK AĞACI;KURUKAVAK KÜME EVLER;sokak;299182080
DÜZCE;AKÇAKOCA;KURUKAVAK - BEYLİK AĞACI;KÜPLER KÜME EVLER;sokak;774461691
DÜZCE;AKÇAKOCA;KURUKAVAK - KURUKAVAK;KAYADİBİ KÜME EVLER;sokak;438199861
DÜZCE;AKÇAKOCA;KURUKAVAK - KURUKAVAK;KURUKAVAK KÜME EVLER;sokak;611200
DÜZCE;AKÇAKOCA;KÜPLER NA;KÜPLER KÜME EVLER;sokak;538815
DÜZCE;AKÇAKOCA;KÜPLER NA;YUKARIKÖY KÜME EVLER;sokak;622696180
DÜZCE;AKÇAKOCA;MELENAĞZI - MÜCAVİR;1023 SOKAK;sokak;1325781
DÜZCE;AKÇAKOCA;MELENAĞZI - MÜCAVİR;1024 SOKAK;sokak;1325783
DÜZCE;AKÇAKOCA;MELENAĞZI - MÜCAVİR;105 SOKAK;sokak;675810
DÜZCE;AKÇAKOCA;MELENAĞZI - MÜCAVİR;106 SOKAK;sokak;884172
DÜZCE;AKÇAKOCA;MELENAĞZI - MÜCAVİR;107 SOKAK;sokak;909962
DÜZCE;AKÇAKOCA;MELENAĞZI - MÜCAVİR;109 SOKAK;sokak;909963
DÜZCE;AKÇAKOCA;MELENAĞZI - MÜCAVİR;110 SOKAK;sokak;909964
DÜZCE;AKÇAKOCA;MELENAĞZI - MÜCAVİR;111 SOKAK;sokak;909965
DÜZCE;AKÇAKOCA;MELENAĞZI - MÜCAVİR;112 SOKAK;sokak;909966
DÜZCE;AKÇAKOCA;MELENAĞZI - MÜCAVİR;113 SOKAK;sokak;909967
DÜZCE;AKÇAKOCA;MELENAĞZI - MÜCAVİR;115 SOKAK;sokak;909969
DÜZCE;AKÇAKOCA;MELENAĞZI - MÜCAVİR;116 SOKAK;sokak;909970
DÜZCE;AKÇAKOCA;MELENAĞZI - MÜCAVİR;117 SOKAK;sokak;909971
DÜZCE;AKÇAKOCA;MELENAĞZI - MÜCAVİR;118 SOKAK;sokak;909972
DÜZCE;AKÇAKOCA;MELENAĞZI - MÜCAVİR;119 SOKAK;sokak;909973
DÜZCE;AKÇAKOCA;MELENAĞZI - MÜCAVİR;120 SOKAK;sokak;1053507
DÜZCE;AKÇAKOCA;MELENAĞZI - MÜCAVİR;2 SOKAK;sokak;882716
DÜZCE;AKÇAKOCA;MELENAĞZI NA;112 SOKAK;sokak;644681350
DÜZCE;AKÇAKOCA;MELENAĞZI NA;117 SOKAK;sokak;347024720
DÜZCE;AKÇAKOCA;MELENAĞZI NA;120 SOKAK;sokak;882266001
DÜZCE;AKÇAKOCA;MELENAĞZI NA;MELENAĞZI KÜME EVLER;sokak;459636
DÜZCE;AKÇAKOCA;NAZIMBEY NA;NAZIMBEY KÜME EVLER;sokak;528244
DÜZCE;AKÇAKOCA;ORHANGAZİ;1017 SOKAK;sokak;1303087
DÜZCE;AKÇAKOCA;ORHANGAZİ;1019 SOKAK;sokak;1303091
DÜZCE;AKÇAKOCA;ORHANGAZİ;AKÇAKOCABEY BULVAR;sokak;887010
DÜZCE;AKÇAKOCA;ORHANGAZİ;AKÇAM SOKAK;sokak;163102
DÜZCE;AKÇAKOCA;ORHANGAZİ;ALİ SERVET SOKAK;sokak;163101
DÜZCE;AKÇAKOCA;ORHANGAZİ;ALPEREN SOKAK;sokak;564149
DÜZCE;AKÇAKOCA;ORHANGAZİ;ARDIÇ SOKAK;sokak;910885
DÜZCE;AKÇAKOCA;ORHANGAZİ;BADEM 1 SOKAK;sokak;418795
DÜZCE;AKÇAKOCA;ORHANGAZİ;BAŞAK SOKAK;sokak;163103
DÜZCE;AKÇAKOCA;ORHANGAZİ;BEKTAŞ SOKAK;sokak;562431
DÜZCE;AKÇAKOCA;ORHANGAZİ;ÇİMEN SOKAK;sokak;163100
DÜZCE;AKÇAKOCA;ORHANGAZİ;DÖNMEZ SOKAK;sokak;163104
DÜZCE;AKÇAKOCA;ORHANGAZİ;ERENLER SOKAK;sokak;418796
DÜZCE;AKÇAKOCA;ORHANGAZİ;FAN DERESİ SOKAK;sokak;163105
DÜZCE;AKÇAKOCA;ORHANGAZİ;FİRUZE SOKAK;sokak;558575
DÜZCE;AKÇAKOCA;ORHANGAZİ;HACIHAFIZ1 SOKAK;sokak;418797
DÜZCE;AKÇAKOCA;ORHANGAZİ;HAMAM SOKAK;sokak;163107
DÜZCE;AKÇAKOCA;ORHANGAZİ;HAZAN SOKAK;sokak;879938
DÜZCE;AKÇAKOCA;ORHANGAZİ;HOCA AHMET YESEVİ CADDE;cadde;163108
DÜZCE;AKÇAKOCA;ORHANGAZİ;İNCİ SOKAK;sokak;834104
DÜZCE;AKÇAKOCA;ORHANGAZİ;KANARYA SOKAK;sokak;163088
DÜZCE;AKÇAKOCA;ORHANGAZİ;KAYA SOKAK;sokak;418789
DÜZCE;AKÇAKOCA;ORHANGAZİ;KAYI SOKAK;sokak;1354143
DÜZCE;AKÇAKOCA;ORHANGAZİ;KESME SOKAK;sokak;163089
DÜZCE;AKÇAKOCA;ORHANGAZİ;KETMENLİ CADDE;cadde;870779
DÜZCE;AKÇAKOCA;ORHANGAZİ;KIRLANGIÇ SOKAK;sokak;163090
DÜZCE;AKÇAKOCA;ORHANGAZİ;KIZILAY SOKAK;sokak;878043
DÜZCE;AKÇAKOCA;ORHANGAZİ;KIZLAR AĞASI SOKAK;sokak;418790
DÜZCE;AKÇAKOCA;ORHANGAZİ;KOÇBABA SOKAK;sokak;163091
DÜZCE;AKÇAKOCA;ORHANGAZİ;MENEKŞE SOKAK;sokak;163092
DÜZCE;AKÇAKOCA;ORHANGAZİ;NEVAL SOKAK;sokak;879937
DÜZCE;AKÇAKOCA;ORHANGAZİ;NUR SOKAK;sokak;567031
DÜZCE;AKÇAKOCA;ORHANGAZİ;OKUL SOKAK;sokak;163093
DÜZCE;AKÇAKOCA;ORHANGAZİ;ORHAN GAZİ CADDE;cadde;418791
DÜZCE;AKÇAKOCA;ORHANGAZİ;OSMANLI SOKAK;sokak;1275065
DÜZCE;AKÇAKOCA;ORHANGAZİ;ÖZGÜR SOKAK;sokak;911163
DÜZCE;AKÇAKOCA;ORHANGAZİ;PINAR SOKAK;sokak;163094
DÜZCE;AKÇAKOCA;ORHANGAZİ;RIFAT ILGAZ CADDE;cadde;163095
DÜZCE;AKÇAKOCA;ORHANGAZİ;SAKA SOKAK;sokak;418792
DÜZCE;AKÇAKOCA;ORHANGAZİ;SAKİN SOKAK;sokak;557662
DÜZCE;AKÇAKOCA;ORHANGAZİ;SAMANYOLU SOKAK;sokak;879939
DÜZCE;AKÇAKOCA;ORHANGAZİ;SARICA SOKAK;sokak;163097
DÜZCE;AKÇAKOCA;ORHANGAZİ;SARIGÜL SOKAK;sokak;418793
DÜZCE;AKÇAKOCA;ORHANGAZİ;SEHER SOKAK;sokak;702776450
DÜZCE;AKÇAKOCA;ORHANGAZİ;SENA SOKAK;sokak;882155
DÜZCE;AKÇAKOCA;ORHANGAZİ;ŞEHİT TURGUT KÜLÜNK CADDE;cadde;163096
DÜZCE;AKÇAKOCA;ORHANGAZİ;TÜRBE SOKAK;sokak;163098
DÜZCE;AKÇAKOCA;ORHANGAZİ;UYSAL SOKAK;sokak;561803
DÜZCE;AKÇAKOCA;ORHANGAZİ;ÜSTÜNER SOKAK;sokak;1354145
DÜZCE;AKÇAKOCA;ORHANGAZİ;VEYSEL SOKAK;sokak;889415
DÜZCE;AKÇAKOCA;ORHANGAZİ;VUSLAT SOKAK;sokak;879941
DÜZCE;AKÇAKOCA;ORHANGAZİ;YAĞMUR SOKAK;sokak;1045889
DÜZCE;AKÇAKOCA;ORHANGAZİ;YAŞAM SOKAK;sokak;1094530
DÜZCE;AKÇAKOCA;ORHANGAZİ;YILDIZ SOKAK;sokak;163099
DÜZCE;AKÇAKOCA;ORHANGAZİ;YOSUN SOKAK;sokak;91542
DÜZCE;AKÇAKOCA;ORHANGAZİ;ZAMBAK SOKAK;sokak;418794
DÜZCE;AKÇAKOCA;ORHANGAZİ;ZÜMRÜT SOKAK;sokak;155402
DÜZCE;AKÇAKOCA;ORTANCA NA;KINIK KÜME EVLER;sokak;815297030
DÜZCE;AKÇAKOCA;ORTANCA NA;ORTANCA KÜME EVLER;sokak;93814
DÜZCE;AKÇAKOCA;OSMANİYE;1040 SOKAK;sokak;1349585
DÜZCE;AKÇAKOCA;OSMANİYE;1054 SOKAK;sokak;1398023
DÜZCE;AKÇAKOCA;OSMANİYE;ACAR SOKAK;sokak;160948
DÜZCE;AKÇAKOCA;OSMANİYE;ACUN SOKAK;sokak;1001030
DÜZCE;AKÇAKOCA;OSMANİYE;AÇELYA SOKAK;sokak;160954
DÜZCE;AKÇAKOCA;OSMANİYE;AĞIT SOKAK;sokak;879916
DÜZCE;AKÇAKOCA;OSMANİYE;AKÇAKOCABEY BULVAR;sokak;886983
DÜZCE;AKÇAKOCA;OSMANİYE;AKIN SOKAK;sokak;452059450
DÜZCE;AKÇAKOCA;OSMANİYE;AKKAYA/1 SOKAK;sokak;626696681
DÜZCE;AKÇAKOCA;OSMANİYE;ALACA SOKAK;sokak;1001080
DÜZCE;AKÇAKOCA;OSMANİYE;ALİ AĞA SOKAK;sokak;160949
DÜZCE;AKÇAKOCA;OSMANİYE;ALİ VASFİ SOKAK;sokak;160950
DÜZCE;AKÇAKOCA;OSMANİYE;ALPER SOKAK;sokak;841470160
DÜZCE;AKÇAKOCA;OSMANİYE;ANKARA CADDE;cadde;418803
DÜZCE;AKÇAKOCA;OSMANİYE;ARİF BEY CADDE;cadde;160951
DÜZCE;AKÇAKOCA;OSMANİYE;ARSLAN SOKAK;sokak;449518790
DÜZCE;AKÇAKOCA;OSMANİYE;ASALET SOKAK;sokak;910886
DÜZCE;AKÇAKOCA;OSMANİYE;ASİYE SULTAN SOKAK;sokak;353715821
DÜZCE;AKÇAKOCA;OSMANİYE;ASMA SOKAK;sokak;160952
DÜZCE;AKÇAKOCA;OSMANİYE;ASYA SOKAK;sokak;534396750
DÜZCE;AKÇAKOCA;OSMANİYE;ATAÇ SOKAK;sokak;880039
DÜZCE;AKÇAKOCA;OSMANİYE;ATATÜRK CADDE;cadde;418804
DÜZCE;AKÇAKOCA;OSMANİYE;ATİK SOKAK;sokak;835738
DÜZCE;AKÇAKOCA;OSMANİYE;AVŞAR SOKAK;sokak;1001078
DÜZCE;AKÇAKOCA;OSMANİYE;AYAZ SOKAK;sokak;512098151
DÜZCE;AKÇAKOCA;OSMANİYE;AYBÜKE SOKAK;sokak;892006
DÜZCE;AKÇAKOCA;OSMANİYE;AYDOĞAN SOKAK;sokak;160953
DÜZCE;AKÇAKOCA;OSMANİYE;AYLA SOKAK;sokak;1001126
DÜZCE;AKÇAKOCA;OSMANİYE;BADE SOKAK;sokak;879909
DÜZCE;AKÇAKOCA;OSMANİYE;BAKIŞ SOKAK;sokak;1001096
DÜZCE;AKÇAKOCA;OSMANİYE;BALABAN SOKAK;sokak;1001108
DÜZCE;AKÇAKOCA;OSMANİYE;BALKAN SOKAK;sokak;1001116
DÜZCE;AKÇAKOCA;OSMANİYE;BAŞAR CADDE;cadde;418805
DÜZCE;AKÇAKOCA;OSMANİYE;BAYRAM SOKAK;sokak;160955
DÜZCE;AKÇAKOCA;OSMANİYE;BELEN SOKAK;sokak;879908
DÜZCE;AKÇAKOCA;OSMANİYE;BERGÜZAR SOKAK;sokak;879914
DÜZCE;AKÇAKOCA;OSMANİYE;BURÇ SOKAK;sokak;865539
DÜZCE;AKÇAKOCA;OSMANİYE;CAMİİ 2 SOKAK;sokak;160956
DÜZCE;AKÇAKOCA;OSMANİYE;CEMRE SOKAK;sokak;160983
DÜZCE;AKÇAKOCA;OSMANİYE;CENGİZ LOKUMCU SOKAK;sokak;370416701
DÜZCE;AKÇAKOCA;OSMANİYE;CEZAEVİ SOKAK;sokak;160957
DÜZCE;AKÇAKOCA;OSMANİYE;CUMHUR AKIN SOKAK;sokak;145590741
DÜZCE;AKÇAKOCA;OSMANİYE;ÇAĞ SOKAK;sokak;118634121
DÜZCE;AKÇAKOCA;OSMANİYE;ÇAMLIK SOKAK;sokak;869646
DÜZCE;AKÇAKOCA;OSMANİYE;ÇAY SOKAK;sokak;359182
DÜZCE;AKÇAKOCA;OSMANİYE;ÇEŞME SOKAK;sokak;1001132
DÜZCE;AKÇAKOCA;OSMANİYE;ÇETİN AYDOĞAN CADDE;cadde;418800
DÜZCE;AKÇAKOCA;OSMANİYE;ÇINAR SOKAK;sokak;160979
DÜZCE;AKÇAKOCA;OSMANİYE;ÇUHA SOKAK;sokak;879913
DÜZCE;AKÇAKOCA;OSMANİYE;ÇUHALI CADDE;cadde;1398021
DÜZCE;AKÇAKOCA;OSMANİYE;DAMLA SOKAK;sokak;418806
DÜZCE;AKÇAKOCA;OSMANİYE;DEĞİRMEN SOKAK;sokak;879915
DÜZCE;AKÇAKOCA;OSMANİYE;DELTA SOKAK;sokak;910892
DÜZCE;AKÇAKOCA;OSMANİYE;DERVİŞ HASAN SOKAK;sokak;160958
DÜZCE;AKÇAKOCA;OSMANİYE;DERYA SOKAK;sokak;163109
DÜZCE;AKÇAKOCA;OSMANİYE;DESEN SOKAK;sokak;879919
DÜZCE;AKÇAKOCA;OSMANİYE;DEVRAN SOKAK;sokak;997533
DÜZCE;AKÇAKOCA;OSMANİYE;DİLEK SOKAK;sokak;620362
DÜZCE;AKÇAKOCA;OSMANİYE;DİRİLİŞ SOKAK;sokak;1311789
DÜZCE;AKÇAKOCA;OSMANİYE;DOĞA SOKAK;sokak;1001128
DÜZCE;AKÇAKOCA;OSMANİYE;DOĞANCILAR CADDE;cadde;997143
DÜZCE;AKÇAKOCA;OSMANİYE;DORUK SOKAK;sokak;418798
DÜZCE;AKÇAKOCA;OSMANİYE;ELÇİN SOKAK;sokak;879910
DÜZCE;AKÇAKOCA;OSMANİYE;ELİF SOKAK;sokak;163110
DÜZCE;AKÇAKOCA;OSMANİYE;ELİT SOKAK;sokak;1001114
DÜZCE;AKÇAKOCA;OSMANİYE;EMEK SOKAK;sokak;1342441
DÜZCE;AKÇAKOCA;OSMANİYE;EMİRLER CADDE;cadde;163111
DÜZCE;AKÇAKOCA;OSMANİYE;ENDER SOKAK;sokak;1001134
DÜZCE;AKÇAKOCA;OSMANİYE;ENGİN SOKAK;sokak;513048221
DÜZCE;AKÇAKOCA;OSMANİYE;EREN SOKAK;sokak;818806921
DÜZCE;AKÇAKOCA;OSMANİYE;ERİŞ SOKAK;sokak;879895
DÜZCE;AKÇAKOCA;OSMANİYE;ESAT HOCA SOKAK;sokak;418799
DÜZCE;AKÇAKOCA;OSMANİYE;ESER SOKAK;sokak;163112
DÜZCE;AKÇAKOCA;OSMANİYE;EVRİM SOKAK;sokak;880388
DÜZCE;AKÇAKOCA;OSMANİYE;FIRAT YILMAZ ÇAKIROĞLU CADDE;cadde;103625150
DÜZCE;AKÇAKOCA;OSMANİYE;GENÇLİK SOKAK;sokak;163114
DÜZCE;AKÇAKOCA;OSMANİYE;GİZEM SOKAK;sokak;1001120
DÜZCE;AKÇAKOCA;OSMANİYE;GÖKNAR SOKAK;sokak;879918
DÜZCE;AKÇAKOCA;OSMANİYE;GÜL SOKAK;sokak;163115
DÜZCE;AKÇAKOCA;OSMANİYE;GÜVEN SOKAK;sokak;163116
DÜZCE;AKÇAKOCA;OSMANİYE;GÜZEL ALİ SOKAK;sokak;418801
DÜZCE;AKÇAKOCA;OSMANİYE;GÜZEL SOKAK;sokak;910904
DÜZCE;AKÇAKOCA;OSMANİYE;GÜZİDE SOKAK;sokak;595709
DÜZCE;AKÇAKOCA;OSMANİYE;HACIOĞLU CADDE;cadde;163117
DÜZCE;AKÇAKOCA;OSMANİYE;HALİLOĞLU CADDE;cadde;163118
DÜZCE;AKÇAKOCA;OSMANİYE;HARMAN SOKAK;sokak;1144921
DÜZCE;AKÇAKOCA;OSMANİYE;HASAN EFENDİ SOKAK;sokak;418802
DÜZCE;AKÇAKOCA;OSMANİYE;HASAN KAPTAN SOKAK;sokak;160959
DÜZCE;AKÇAKOCA;OSMANİYE;HASAN TAHSİN SOKAK;sokak;892401
DÜZCE;AKÇAKOCA;OSMANİYE;HİCİZ SOKAK;sokak;879698
DÜZCE;AKÇAKOCA;OSMANİYE;HİSAR SOKAK;sokak;160961
DÜZCE;AKÇAKOCA;OSMANİYE;HOROZ SOKAK;sokak;1311791
DÜZCE;AKÇAKOCA;OSMANİYE;HUZUR SOKAK;sokak;1116976
DÜZCE;AKÇAKOCA;OSMANİYE;HÜSEYİN ORHAN SOKAK;sokak;160960
DÜZCE;AKÇAKOCA;OSMANİYE;HÜSEYİN YANMAZ CADDE;cadde;419121
DÜZCE;AKÇAKOCA;OSMANİYE;IRMAK SOKAK;sokak;160962
DÜZCE;AKÇAKOCA;OSMANİYE;İĞDE SOKAK;sokak;879912
DÜZCE;AKÇAKOCA;OSMANİYE;İLERİ SOKAK;sokak;160980
DÜZCE;AKÇAKOCA;OSMANİYE;İLHAN SOKAK;sokak;868827
DÜZCE;AKÇAKOCA;OSMANİYE;İLKEM SOKAK;sokak;879691
DÜZCE;AKÇAKOCA;OSMANİYE;İSMAİL KAPTAN SOKAK;sokak;419130
DÜZCE;AKÇAKOCA;OSMANİYE;İSTİKLAL CADDE;cadde;359183
DÜZCE;AKÇAKOCA;OSMANİYE;İŞ GÖREN CADDE;cadde;823555
DÜZCE;AKÇAKOCA;OSMANİYE;İTFAİYE SOKAK;sokak;1245357
DÜZCE;AKÇAKOCA;OSMANİYE;KADİFE SOKAK;sokak;885962
DÜZCE;AKÇAKOCA;OSMANİYE;KALYONCU SOKAK;sokak;419122
DÜZCE;AKÇAKOCA;OSMANİYE;KARABEKİR CADDE;cadde;359177
DÜZCE;AKÇAKOCA;OSMANİYE;KARAGÖZ SOKAK;sokak;160963
DÜZCE;AKÇAKOCA;OSMANİYE;KARAYAVUZ SOKAK;sokak;463022460
DÜZCE;AKÇAKOCA;OSMANİYE;KARDELEN SOKAK;sokak;879920
DÜZCE;AKÇAKOCA;OSMANİYE;KARTAL SOKAK;sokak;1001094
DÜZCE;AKÇAKOCA;OSMANİYE;KERVAN 1 SOKAK;sokak;160964
DÜZCE;AKÇAKOCA;OSMANİYE;KESKİN SOKAK;sokak;160965
DÜZCE;AKÇAKOCA;OSMANİYE;KEVSER SOKAK;sokak;1001130
DÜZCE;AKÇAKOCA;OSMANİYE;KIŞLA SOKAK;sokak;875789
DÜZCE;AKÇAKOCA;OSMANİYE;KUMLUK SOKAK;sokak;419123
DÜZCE;AKÇAKOCA;OSMANİYE;KUZGUN SOKAK;sokak;1001082
DÜZCE;AKÇAKOCA;OSMANİYE;LALE SOKAK;sokak;160966
DÜZCE;AKÇAKOCA;OSMANİYE;LOKUMCU SOKAK;sokak;594393721
DÜZCE;AKÇAKOCA;OSMANİYE;MANOLYA SOKAK;sokak;359178
DÜZCE;AKÇAKOCA;OSMANİYE;MARTI SOKAK;sokak;879917
DÜZCE;AKÇAKOCA;OSMANİYE;MEHMET HOCA SOKAK;sokak;160967
DÜZCE;AKÇAKOCA;OSMANİYE;MEHMET ÜNNÜ SOKAK;sokak;452381
DÜZCE;AKÇAKOCA;OSMANİYE;MEHMETÇİK SOKAK;sokak;1079269
DÜZCE;AKÇAKOCA;OSMANİYE;MELTEM SOKAK;sokak;102992461
DÜZCE;AKÇAKOCA;OSMANİYE;MERİÇ SOKAK;sokak;160968
DÜZCE;AKÇAKOCA;OSMANİYE;MERT SOKAK;sokak;419124
DÜZCE;AKÇAKOCA;OSMANİYE;MERVE SOKAK;sokak;627283
DÜZCE;AKÇAKOCA;OSMANİYE;METİN SOKAK;sokak;417982991
DÜZCE;AKÇAKOCA;OSMANİYE;MEVSİM SOKAK;sokak;1311785
DÜZCE;AKÇAKOCA;OSMANİYE;MURATLAR SOKAK;sokak;160969
DÜZCE;AKÇAKOCA;OSMANİYE;NERGİZ SOKAK;sokak;892402
DÜZCE;AKÇAKOCA;OSMANİYE;OKTAY SOKAK;sokak;359179
DÜZCE;AKÇAKOCA;OSMANİYE;ONUR SOKAK;sokak;419131
DÜZCE;AKÇAKOCA;OSMANİYE;OSMANİYE CADDE;cadde;419125
DÜZCE;AKÇAKOCA;OSMANİYE;OZAN SOKAK;sokak;160970
DÜZCE;AKÇAKOCA;OSMANİYE;ÖMER CİHAT SOKAK;sokak;1311787
DÜZCE;AKÇAKOCA;OSMANİYE;ÖNDER SOKAK;sokak;91085
DÜZCE;AKÇAKOCA;OSMANİYE;ÖYKÜ SOKAK;sokak;879911
DÜZCE;AKÇAKOCA;OSMANİYE;ÖZKÖK SOKAK;sokak;879695
DÜZCE;AKÇAKOCA;OSMANİYE;RESUL EFENDİ SOKAK;sokak;160971
DÜZCE;AKÇAKOCA;OSMANİYE;RIHTIM SOKAK;sokak;1001112
DÜZCE;AKÇAKOCA;OSMANİYE;SAMİ SOKAK;sokak;449848130
DÜZCE;AKÇAKOCA;OSMANİYE;SANAYİ 10 SOKAK;sokak;643565871
DÜZCE;AKÇAKOCA;OSMANİYE;SANAYİ 11 SOKAK;sokak;904825221
DÜZCE;AKÇAKOCA;OSMANİYE;SANAYİ 12 SOKAK;sokak;264202401
DÜZCE;AKÇAKOCA;OSMANİYE;SANAYİ 13 SOKAK;sokak;806323261
DÜZCE;AKÇAKOCA;OSMANİYE;SANAYİ 5 SOKAK;sokak;395220
DÜZCE;AKÇAKOCA;OSMANİYE;SANAYİ 6 SOKAK;sokak;395221
DÜZCE;AKÇAKOCA;OSMANİYE;SANAYİ 7 SOKAK;sokak;395225
DÜZCE;AKÇAKOCA;OSMANİYE;SANAYİ 8 SOKAK;sokak;120760
DÜZCE;AKÇAKOCA;OSMANİYE;SANAYİ 9 SOKAK;sokak;569642321
DÜZCE;AKÇAKOCA;OSMANİYE;SARAY SOKAK;sokak;631039
DÜZCE;AKÇAKOCA;OSMANİYE;SEDA SOKAK;sokak;419126
DÜZCE;AKÇAKOCA;OSMANİYE;SEFER AKIN SOKAK;sokak;359180
DÜZCE;AKÇAKOCA;OSMANİYE;SERÇE SOKAK;sokak;160972
DÜZCE;AKÇAKOCA;OSMANİYE;SEVİM SOKAK;sokak;416427860
DÜZCE;AKÇAKOCA;OSMANİYE;SÖĞÜT SOKAK;sokak;160973
DÜZCE;AKÇAKOCA;OSMANİYE;SPOR SOKAK;sokak;1245359
DÜZCE;AKÇAKOCA;OSMANİYE;SUNA SOKAK;sokak;1427137
DÜZCE;AKÇAKOCA;OSMANİYE;SÜMBÜL SOKAK;sokak;419127
DÜZCE;AKÇAKOCA;OSMANİYE;ŞEHİT MEHMET EFENDİ SOKAK;sokak;879907
DÜZCE;AKÇAKOCA;OSMANİYE;ŞEHİT SADIK SOKAK;sokak;879921
DÜZCE;AKÇAKOCA;OSMANİYE;ŞEN SOKAK;sokak;160981
DÜZCE;AKÇAKOCA;OSMANİYE;ŞENOĞLU SOKAK;sokak;866734
DÜZCE;AKÇAKOCA;OSMANİYE;ŞEYDA SOKAK;sokak;30519
DÜZCE;AKÇAKOCA;OSMANİYE;ŞİFA SOKAK;sokak;160982
DÜZCE;AKÇAKOCA;OSMANİYE;ŞİRİN SOKAK;sokak;668019
DÜZCE;AKÇAKOCA;OSMANİYE;ŞİRİNOĞLU SOKAK;sokak;160974
DÜZCE;AKÇAKOCA;OSMANİYE;TAÇNUR SOKAK;sokak;879689
DÜZCE;AKÇAKOCA;OSMANİYE;TALEBE SOKAK;sokak;993385351
DÜZCE;AKÇAKOCA;OSMANİYE;TEVFİK İLERİ CADDE;cadde;160975
DÜZCE;AKÇAKOCA;OSMANİYE;TUVA SOKAK;sokak;781476181
DÜZCE;AKÇAKOCA;OSMANİYE;TUZCUOĞLU SOKAK;sokak;359181
DÜZCE;AKÇAKOCA;OSMANİYE;UFUK SOKAK;sokak;669184
DÜZCE;AKÇAKOCA;OSMANİYE;YAKUT SOKAK;sokak;1001110
DÜZCE;AKÇAKOCA;OSMANİYE;YALIN SOKAK;sokak;160976
DÜZCE;AKÇAKOCA;OSMANİYE;YASEMİN SOKAK;sokak;213023690
DÜZCE;AKÇAKOCA;OSMANİYE;YAVUZ SOKAK;sokak;419128
DÜZCE;AKÇAKOCA;OSMANİYE;YAYLA SOKAK;sokak;160977
DÜZCE;AKÇAKOCA;OSMANİYE;YEŞİL VADİ SOKAK;sokak;108109921
DÜZCE;AKÇAKOCA;OSMANİYE;YEŞİM SOKAK;sokak;160978
DÜZCE;AKÇAKOCA;OSMANİYE;ZENNUR SOKAK;sokak;879690
DÜZCE;AKÇAKOCA;OSMANİYE;ZEYNEP SOKAK;sokak;940158721
DÜZCE;AKÇAKOCA;OSMANİYE;ZİRVE SOKAK;sokak;879700
DÜZCE;AKÇAKOCA;PAŞALAR - KEÇİKAYA;102 SOKAK;sokak;739916481
DÜZCE;AKÇAKOCA;PAŞALAR - KEÇİKAYA;1050 SOKAK;sokak;852903
DÜZCE;AKÇAKOCA;PAŞALAR - KEÇİKAYA;1051 SOKAK;sokak;1349717
DÜZCE;AKÇAKOCA;PAŞALAR - KEÇİKAYA;8. SOKAK;sokak;987061
DÜZCE;AKÇAKOCA;PAŞALAR NA;203 SOKAK;sokak;240577621
DÜZCE;AKÇAKOCA;PAŞALAR NA;KALKIN KÜME EVLER;sokak;838991531
DÜZCE;AKÇAKOCA;PAŞALAR NA;PAŞALAR KÜME EVLER;sokak;527845
DÜZCE;AKÇAKOCA;SARIYAYLA NA;KURUGÖL KÜME EVLER;sokak;665302391
DÜZCE;AKÇAKOCA;SARIYAYLA NA;SARIYAYLA KÜME EVLER;sokak;608556
DÜZCE;AKÇAKOCA;SUBAŞI NA;DÜZCE/AKÇAKOCA YOLU BULVAR;sokak;738783401
DÜZCE;AKÇAKOCA;SUBAŞI NA;SUBAŞI KÜME EVLER;sokak;563010
DÜZCE;AKÇAKOCA;TAHİRLİ - AHMETDAĞI;1055 SOKAK;sokak;1399513
DÜZCE;AKÇAKOCA;TAHİRLİ NA;EDİLLİ. KÜME EVLER;sokak;911753801
DÜZCE;AKÇAKOCA;TAHİRLİ NA;KALKIN KÜME EVLER;sokak;700918481
DÜZCE;AKÇAKOCA;TAHİRLİ NA;TAHİRLİ KÜME EVLER;sokak;543863
DÜZCE;AKÇAKOCA;TEPEKÖY NA;DÜZCE/AKÇAKOCA YOLU BULVAR;sokak;420206101
DÜZCE;AKÇAKOCA;TEPEKÖY NA;TEPEKÖY KÜME EVLER;sokak;94487
DÜZCE;AKÇAKOCA;UĞURLU NA;KÖYİÇİ KÜME EVLER;sokak;899667410
DÜZCE;AKÇAKOCA;UĞURLU NA;UĞURLU KÜME EVLER;sokak;94292
DÜZCE;AKÇAKOCA;UĞURLU NA;YENİCE KÜME EVLER;sokak;147359301
DÜZCE;AKÇAKOCA;YALI;1011 SOKAK;sokak;1295201
DÜZCE;AKÇAKOCA;YALI;ALİ SERVET SOKAK;sokak;160985
DÜZCE;AKÇAKOCA;YALI;ATATÜRK CADDE;cadde;419132
DÜZCE;AKÇAKOCA;YALI;ATILGAN SOKAK;sokak;910888
DÜZCE;AKÇAKOCA;YALI;ATİK SOKAK;sokak;826424
DÜZCE;AKÇAKOCA;YALI;AYDIN SOKAK;sokak;194449261
DÜZCE;AKÇAKOCA;YALI;AYLİN SOKAK;sokak;910889
DÜZCE;AKÇAKOCA;YALI;BAHADIR YALÇIN CADDE;cadde;359185
DÜZCE;AKÇAKOCA;YALI;BEBEK SOKAK;sokak;160987
DÜZCE;AKÇAKOCA;YALI;BERRAK SOKAK;sokak;887212
DÜZCE;AKÇAKOCA;YALI;ÇİVİ SOKAK;sokak;869638
DÜZCE;AKÇAKOCA;YALI;DEREN SOKAK;sokak;866074
DÜZCE;AKÇAKOCA;YALI;FAN DERESİ SOKAK;sokak;160989
DÜZCE;AKÇAKOCA;YALI;FINDIK SOKAK;sokak;160990
DÜZCE;AKÇAKOCA;YALI;HASAN KAHYA SOKAK;sokak;359186
DÜZCE;AKÇAKOCA;YALI;HÜSEYİN YANMAZ CADDE;cadde;419134
DÜZCE;AKÇAKOCA;YALI;İNÖNÜ CADDE;cadde;155387
DÜZCE;AKÇAKOCA;YALI;İSKELE SOKAK;sokak;155388
DÜZCE;AKÇAKOCA;YALI;İSTANBUL CADDE;cadde;359184
DÜZCE;AKÇAKOCA;YALI;İŞ GÖREN CADDE;cadde;160984
DÜZCE;AKÇAKOCA;YALI;KARANFİL SOKAK;sokak;160991
DÜZCE;AKÇAKOCA;YALI;KIZILAY SOKAK;sokak;160992
DÜZCE;AKÇAKOCA;YALI;KONAK SOKAK;sokak;160993
DÜZCE;AKÇAKOCA;YALI;LİMAN SOKAK;sokak;155372
DÜZCE;AKÇAKOCA;YALI;LİSE SOKAK;sokak;155373
DÜZCE;AKÇAKOCA;YALI;M.SERVET BİLGE SOKAK;sokak;155374
DÜZCE;AKÇAKOCA;YALI;MERKEZ CUMHURİYET MEYDAN;sokak;419133
DÜZCE;AKÇAKOCA;YALI;MİSAFİR SOKAK;sokak;155375
DÜZCE;AKÇAKOCA;YALI;ORHAN GAZİ CADDE;cadde;155376
DÜZCE;AKÇAKOCA;YALI;OSMANİYE CADDE;cadde;155377
DÜZCE;AKÇAKOCA;YALI;OTO SOKAK;sokak;155378
DÜZCE;AKÇAKOCA;YALI;PAZAR SOKAK;sokak;155379
DÜZCE;AKÇAKOCA;YALI;PLAJ SOKAK;sokak;155380
DÜZCE;AKÇAKOCA;YALI;POSTA SOKAK;sokak;155381
DÜZCE;AKÇAKOCA;YALI;SAĞLIK SOKAK;sokak;155384
DÜZCE;AKÇAKOCA;YALI;SAİM SOKAK;sokak;853747001
DÜZCE;AKÇAKOCA;YALI;SANDAL SOKAK;sokak;155382
DÜZCE;AKÇAKOCA;YALI;SEFERREİS SOKAK;sokak;155385
DÜZCE;AKÇAKOCA;YALI;ŞEHİT TURGUT KÜLÜNK CADDE;cadde;155383
DÜZCE;AKÇAKOCA;YALI;TANER SOKAK;sokak;155386
DÜZCE;AKÇAKOCA;YALI;TÜRKER SOKAK;sokak;452942791
DÜZCE;AKÇAKOCA;YALI;ZİYA KAPTAN SOKAK;sokak;160988
DÜZCE;AKÇAKOCA;YENİ;1018 SOKAK;sokak;1303089
DÜZCE;AKÇAKOCA;YENİ;1032 SOKAK;sokak;1325773
DÜZCE;AKÇAKOCA;YENİ;1047 SOKAK;sokak;1349565
DÜZCE;AKÇAKOCA;YENİ;AKÇAKOCABEY BULVAR;sokak;1053509
DÜZCE;AKÇAKOCA;YENİ;AKSU SOKAK;sokak;1094526
DÜZCE;AKÇAKOCA;YENİ;ALPER SOKAK;sokak;817332300
DÜZCE;AKÇAKOCA;YENİ;ASENA SOKAK;sokak;882156
DÜZCE;AKÇAKOCA;YENİ;BAHADIR YALÇIN CADDE;cadde;155389
DÜZCE;AKÇAKOCA;YENİ;BAYTAR AHMET SOKAK;sokak;155390
DÜZCE;AKÇAKOCA;YENİ;BEGONYA SOKAK;sokak;155391
DÜZCE;AKÇAKOCA;YENİ;ÇAĞLAYAN SOKAK;sokak;406699
DÜZCE;AKÇAKOCA;YENİ;ÇIKMAZ 2 SOKAK;sokak;833333
DÜZCE;AKÇAKOCA;YENİ;ÇOTANAK SOKAK;sokak;796819041
DÜZCE;AKÇAKOCA;YENİ;DEREN SOKAK;sokak;866075
DÜZCE;AKÇAKOCA;YENİ;EMEK SOKAK;sokak;877310
DÜZCE;AKÇAKOCA;YENİ;FAN DERESİ SOKAK;sokak;155392
DÜZCE;AKÇAKOCA;YENİ;GELİNCİK SOKAK;sokak;675783
DÜZCE;AKÇAKOCA;YENİ;GÖDE SOKAK;sokak;155393
DÜZCE;AKÇAKOCA;YENİ;HÜSEYİN YANMAZ CADDE;cadde;1053511
DÜZCE;AKÇAKOCA;YENİ;KAYA SOKAK;sokak;155395
DÜZCE;AKÇAKOCA;YENİ;KETMENLİ CADDE;cadde;155396
DÜZCE;AKÇAKOCA;YENİ;KIRAÇ SOKAK;sokak;155398
DÜZCE;AKÇAKOCA;YENİ;KİRAZ SOKAK;sokak;406697
DÜZCE;AKÇAKOCA;YENİ;MİRAY SOKAK;sokak;674448
DÜZCE;AKÇAKOCA;YENİ;NEHİR SOKAK;sokak;393574
DÜZCE;AKÇAKOCA;YENİ;NURÇİN SOKAK;sokak;879946
DÜZCE;AKÇAKOCA;YENİ;ÖZGE SOKAK;sokak;879945
DÜZCE;AKÇAKOCA;YENİ;PAPATYA SOKAK;sokak;155399
DÜZCE;AKÇAKOCA;YENİ;PAZARCIK SOKAK;sokak;155400
DÜZCE;AKÇAKOCA;YENİ;SARICA SOKAK;sokak;406698
DÜZCE;AKÇAKOCA;YENİ;ŞAHİNKAYA SOKAK;sokak;155404
DÜZCE;AKÇAKOCA;YENİ;ÜÇDERE SOKAK;sokak;155403
DÜZCE;AKÇAKOCA;YENİ;YAY SOKAK;sokak;155401
DÜZCE;AKÇAKOCA;YENİ;YÜCE SOKAK;sokak;1143575
DÜZCE;AKÇAKOCA;YENİ;ZÜMRÜT SOKAK;sokak;854081
DÜZCE;AKÇAKOCA;YENİCE NA;HEMŞİN KÜME EVLER;sokak;699148690
DÜZCE;AKÇAKOCA;YENİCE NA;YENİCE KÜME EVLER;sokak;535421
DÜZCE;AKÇAKOCA;YEŞİLKÖY NA;KİRAZLI KÜME EVLER;sokak;194104891
DÜZCE;AKÇAKOCA;YEŞİLKÖY NA;KURUGÖL KÜME EVLER;sokak;322519100
DÜZCE;AKÇAKOCA;YEŞİLKÖY NA;YEŞİLKÖY KÜME EVLER;sokak;515718
DÜZCE;AKÇAKOCA;YUKARI;1048 SOKAK;sokak;1349567
DÜZCE;AKÇAKOCA;YUKARI;ABİDE SOKAK;sokak;888486
DÜZCE;AKÇAKOCA;YUKARI;AKÇA SOKAK;sokak;879947
DÜZCE;AKÇAKOCA;YUKARI;AKÇAKOCABEY BULVAR;sokak;887012
DÜZCE;AKÇAKOCA;YUKARI;BAKİ ÇELEBİ SOKAK;sokak;155405
DÜZCE;AKÇAKOCA;YUKARI;BAYRAKTAR SOKAK;sokak;406700
DÜZCE;AKÇAKOCA;YUKARI;BEYLİK SOKAK;sokak;1124195
DÜZCE;AKÇAKOCA;YUKARI;CAMİİ 1 SOKAK;sokak;155406
DÜZCE;AKÇAKOCA;YUKARI;CEVAHİR SOKAK;sokak;887072
DÜZCE;AKÇAKOCA;YUKARI;CUMHURİYET CADDE;cadde;155407
DÜZCE;AKÇAKOCA;YUKARI;ÇAĞLA SOKAK;sokak;1124193
DÜZCE;AKÇAKOCA;YUKARI;ÇAVLAN SOKAK;sokak;887073
DÜZCE;AKÇAKOCA;YUKARI;DERE SOKAK;sokak;1325791
DÜZCE;AKÇAKOCA;YUKARI;DERELİ SOKAK;sokak;133675781
DÜZCE;AKÇAKOCA;YUKARI;DERVİŞ AHMET SOKAK;sokak;406992
DÜZCE;AKÇAKOCA;YUKARI;DESTAN SOKAK;sokak;888478
DÜZCE;AKÇAKOCA;YUKARI;DİZDAR SOKAK;sokak;888462
DÜZCE;AKÇAKOCA;YUKARI;EDİLLİ CADDE;cadde;155408
DÜZCE;AKÇAKOCA;YUKARI;EGEMEN SOKAK;sokak;910902
DÜZCE;AKÇAKOCA;YUKARI;FEVZİ PAŞA SOKAK;sokak;155409
DÜZCE;AKÇAKOCA;YUKARI;FEYYAZ SOKAK;sokak;888463
DÜZCE;AKÇAKOCA;YUKARI;FEYZULLAH SOKAK;sokak;155410
DÜZCE;AKÇAKOCA;YUKARI;GÖKTEPE SOKAK;sokak;646545
DÜZCE;AKÇAKOCA;YUKARI;GÖREN CADDE;cadde;406993
DÜZCE;AKÇAKOCA;YUKARI;HACI ALİ OSMAN SOKAK;sokak;155411
DÜZCE;AKÇAKOCA;YUKARI;HACI HAFIZ 2 SOKAK;sokak;155412
DÜZCE;AKÇAKOCA;YUKARI;HACI HASAN SOKAK;sokak;406994
DÜZCE;AKÇAKOCA;YUKARI;HACI MEHMET SOKAK;sokak;155413
DÜZCE;AKÇAKOCA;YUKARI;HACI ŞAKİR SOKAK;sokak;155414
DÜZCE;AKÇAKOCA;YUKARI;HASRET SOKAK;sokak;587388
DÜZCE;AKÇAKOCA;YUKARI;HIZIR CAN SOKAK;sokak;1349569
DÜZCE;AKÇAKOCA;YUKARI;HÜRRİYET CADDE;cadde;837927
DÜZCE;AKÇAKOCA;YUKARI;İKBAL SOKAK;sokak;888496
DÜZCE;AKÇAKOCA;YUKARI;İNCİ SOKAK;sokak;877991
DÜZCE;AKÇAKOCA;YUKARI;İREM SOKAK;sokak;862525
DÜZCE;AKÇAKOCA;YUKARI;İSTANBUL CADDE;cadde;837860
DÜZCE;AKÇAKOCA;YUKARI;KABADAYI SOKAK;sokak;155415
DÜZCE;AKÇAKOCA;YUKARI;KARA AHMET SOKAK;sokak;406995
DÜZCE;AKÇAKOCA;YUKARI;KARADUT SOKAK;sokak;882150
DÜZCE;AKÇAKOCA;YUKARI;KARASU CADDE;cadde;580920
DÜZCE;AKÇAKOCA;YUKARI;KUMRU SOKAK;sokak;155416
DÜZCE;AKÇAKOCA;YUKARI;LERZAN SOKAK;sokak;882148
DÜZCE;AKÇAKOCA;YUKARI;MEHMET AKİF CADDE;cadde;888465
DÜZCE;AKÇAKOCA;YUKARI;MEHMET ALİ TURHAN CADDE;cadde;155417
DÜZCE;AKÇAKOCA;YUKARI;MEYDAN SOKAK;sokak;406996
DÜZCE;AKÇAKOCA;YUKARI;MISRA SOKAK;sokak;879949
DÜZCE;AKÇAKOCA;YUKARI;MUALİM AZİZ SOKAK;sokak;155418
DÜZCE;AKÇAKOCA;YUKARI;OSMAN NABİ SOKAK;sokak;155419
DÜZCE;AKÇAKOCA;YUKARI;ÖZER SOKAK;sokak;882146
DÜZCE;AKÇAKOCA;YUKARI;RACİL SOKAK;sokak;155735
DÜZCE;AKÇAKOCA;YUKARI;RIFAT ILGAZ CADDE;cadde;406997
DÜZCE;AKÇAKOCA;YUKARI;SADIK REİS SOKAK;sokak;155736
DÜZCE;AKÇAKOCA;YUKARI;SANCAK SOKAK;sokak;650709
DÜZCE;AKÇAKOCA;YUKARI;SELMİN SOKAK;sokak;882145
DÜZCE;AKÇAKOCA;YUKARI;SEMA SOKAK;sokak;647069
DÜZCE;AKÇAKOCA;YUKARI;TALAT UĞUR CADDE;cadde;155737
DÜZCE;AKÇAKOCA;YUKARI;TEKKE SOKAK;sokak;155738
DÜZCE;AKÇAKOCA;YUKARI;TERZİOĞLU SOKAK;sokak;313671880
DÜZCE;AKÇAKOCA;YUKARI;TUNCA SOKAK;sokak;879948
DÜZCE;AKÇAKOCA;YUKARI;VATAN SOKAK;sokak;1124191
DÜZCE;AKÇAKOCA;YUKARI;YAĞMUR SOKAK;sokak;551480
DÜZCE;AKÇAKOCA;YUKARI;YAKALI SOKAK;sokak;406998
DÜZCE;AKÇAKOCA;YUKARI;YONCA SOKAK;sokak;155739
DÜZCE;CUMAYERİ;AKPINAR NA;AKPINAR KÜME EVLER;sokak;22293
DÜZCE;CUMAYERİ;AKPINAR NA;DEĞİRMEN KÜME EVLER;sokak;699073190
DÜZCE;CUMAYERİ;AVLAYAN - KABAÇAYIR;KABAÇAYIR KÜME EVLER;sokak;748291
DÜZCE;CUMAYERİ;AVLAYAN - KOZLAR;KOZLAR KÜME EVLER;sokak;748198
DÜZCE;CUMAYERİ;AVLAYAN - MERKEZ;MERKEZ KÜME EVLER;sokak;748199
DÜZCE;CUMAYERİ;AVLAYAN - OSMANCIK;OSMANCIK KÜME EVLER;sokak;748277
DÜZCE;CUMAYERİ;BÜYÜKMELEN - MERKEZ;MERKEZ KÜME EVLER;sokak;757217
DÜZCE;CUMAYERİ;BÜYÜKMELEN - SÜLEYMAN HANCI;SÜLEYMAN HANCI KÜME EVLER;sokak;753624
DÜZCE;CUMAYERİ;ÇAMLIPINAR NA;ÇAMLIPINAR KÜME EVLER;sokak;637486
DÜZCE;CUMAYERİ;ÇELİKDERE - ALİ USTA;ALİ USTA KÜME EVLER;sokak;417109
DÜZCE;CUMAYERİ;ÇELİKDERE - ALT;ALT KÜME EVLER;sokak;721792
DÜZCE;CUMAYERİ;ÇELİKDERE - KIRAN;KIRAN KÜME EVLER;sokak;722254
DÜZCE;CUMAYERİ;ÇELİKDERE - KIRAN;KIZILÜZÜM SOKAK;sokak;127627201
DÜZCE;CUMAYERİ;ÇELİKDERE - MERKEZ;KIZILÜZÜM SOKAK;sokak;227695331
DÜZCE;CUMAYERİ;ÇELİKDERE - MERKEZ;MERKEZ KÜME EVLER;sokak;718200
DÜZCE;CUMAYERİ;ÇELİKDERE - ÖRENİÇİ;KIZILÜZÜM SOKAK;sokak;577709011
DÜZCE;CUMAYERİ;ÇELİKDERE - ÖRENİÇİ;ÖRENİÇİ KÜME EVLER;sokak;726731
DÜZCE;CUMAYERİ;ÇEVRİK;121. SOKAK;sokak;1032332
DÜZCE;CUMAYERİ;ÇEVRİK;122. SOKAK;sokak;879086
DÜZCE;CUMAYERİ;ÇEVRİK;123. SOKAK;sokak;879091
DÜZCE;CUMAYERİ;ÇEVRİK;124. SOKAK;sokak;879095
DÜZCE;CUMAYERİ;ÇEVRİK;125. SOKAK;sokak;1361705
DÜZCE;CUMAYERİ;ÇEVRİK;126. SOKAK;sokak;930148
DÜZCE;CUMAYERİ;ÇEVRİK;127. SOKAK;sokak;883617
DÜZCE;CUMAYERİ;ÇEVRİK;128. SOKAK;sokak;1312243
DÜZCE;CUMAYERİ;ÇEVRİK;129. SOKAK;sokak;884185
DÜZCE;CUMAYERİ;ÇEVRİK;130. SOKAK;sokak;884050
DÜZCE;CUMAYERİ;ÇEVRİK;133. SOKAK;sokak;879211
DÜZCE;CUMAYERİ;ÇEVRİK;134. SOKAK;sokak;879605
DÜZCE;CUMAYERİ;ÇEVRİK;136. SOKAK;sokak;1278643
DÜZCE;CUMAYERİ;ÇEVRİK;137. SOKAK;sokak;1278645
DÜZCE;CUMAYERİ;ÇEVRİK;138. SOKAK;sokak;1278647
DÜZCE;CUMAYERİ;ÇEVRİK;139. SOKAK;sokak;878346
DÜZCE;CUMAYERİ;ÇEVRİK;140. SOKAK;sokak;1278649
DÜZCE;CUMAYERİ;ÇEVRİK;141. SOKAK;sokak;1085202
DÜZCE;CUMAYERİ;ÇEVRİK;142. SOKAK;sokak;1278651
DÜZCE;CUMAYERİ;ÇEVRİK;143. SOKAK;sokak;879264
DÜZCE;CUMAYERİ;ÇEVRİK;145. SOKAK;sokak;588056491
DÜZCE;CUMAYERİ;ÇEVRİK;146. SOKAK;sokak;879333
DÜZCE;CUMAYERİ;ÇEVRİK;148. SOKAK;sokak;891666
DÜZCE;CUMAYERİ;ÇEVRİK;149. SOKAK;sokak;879659
DÜZCE;CUMAYERİ;ÇEVRİK;150. SOKAK;sokak;862994
DÜZCE;CUMAYERİ;ÇEVRİK;151. SOKAK;sokak;879658
DÜZCE;CUMAYERİ;ÇEVRİK;152. SOKAK;sokak;1138574
DÜZCE;CUMAYERİ;ÇEVRİK;153. SOKAK;sokak;1312241
DÜZCE;CUMAYERİ;ÇEVRİK;154. SOKAK;sokak;1361461
DÜZCE;CUMAYERİ;ÇEVRİK;155. SOKAK;sokak;367337071
DÜZCE;CUMAYERİ;ÇEVRİK;159. SOKAK;sokak;823727
DÜZCE;CUMAYERİ;ÇEVRİK;161. SOKAK;sokak;118561920
DÜZCE;CUMAYERİ;ÇEVRİK;162. SOKAK;sokak;998423
DÜZCE;CUMAYERİ;ÇEVRİK;164. SOKAK;sokak;849648
DÜZCE;CUMAYERİ;ÇEVRİK;165. SOKAK;sokak;846022
DÜZCE;CUMAYERİ;ÇEVRİK;166. SOKAK;sokak;891668
DÜZCE;CUMAYERİ;ÇEVRİK;167. SOKAK;sokak;891669
DÜZCE;CUMAYERİ;ÇEVRİK;168. SOKAK;sokak;849774
DÜZCE;CUMAYERİ;ÇEVRİK;172. SOKAK;sokak;863130
DÜZCE;CUMAYERİ;ÇEVRİK;173. SOKAK;sokak;887121
DÜZCE;CUMAYERİ;ÇEVRİK;174. SOKAK;sokak;878552
DÜZCE;CUMAYERİ;ÇEVRİK;175. SOKAK;sokak;891670
DÜZCE;CUMAYERİ;ÇEVRİK;177. SOKAK;sokak;891672
DÜZCE;CUMAYERİ;ÇEVRİK;178. SOKAK;sokak;866710
DÜZCE;CUMAYERİ;ÇEVRİK;179. SOKAK;sokak;878432
DÜZCE;CUMAYERİ;ÇEVRİK;180. SOKAK;sokak;155749
DÜZCE;CUMAYERİ;ÇEVRİK;181. SOKAK;sokak;880622
DÜZCE;CUMAYERİ;ÇEVRİK;182. SOKAK;sokak;878471
DÜZCE;CUMAYERİ;ÇEVRİK;183. SOKAK;sokak;1278653
DÜZCE;CUMAYERİ;ÇEVRİK;184. SOKAK;sokak;1278655
DÜZCE;CUMAYERİ;ÇEVRİK;185. SOKAK;sokak;932917
DÜZCE;CUMAYERİ;ÇEVRİK;186. SOKAK;sokak;548178
DÜZCE;CUMAYERİ;ÇEVRİK;187 SOKAK;sokak;596450850
DÜZCE;CUMAYERİ;ÇEVRİK;ACAR SOKAK;sokak;155740
DÜZCE;CUMAYERİ;ÇEVRİK;ALİBEY MANGAN SOKAK;sokak;1312219
DÜZCE;CUMAYERİ;ÇEVRİK;CUMHURİYET CADDE;cadde;260381
DÜZCE;CUMAYERİ;ÇEVRİK;ÇAKIROĞLU SOKAK;sokak;522287
DÜZCE;CUMAYERİ;ÇEVRİK;ÇAM SOKAK;sokak;155754
DÜZCE;CUMAYERİ;ÇEVRİK;DR.SADIK AHMET SOKAK;sokak;155742
DÜZCE;CUMAYERİ;ÇEVRİK;ERDOĞAN SOKAK;sokak;510158
DÜZCE;CUMAYERİ;ÇEVRİK;ERTUĞRUL SOKAK;sokak;540983
DÜZCE;CUMAYERİ;ÇEVRİK;ESNAF SOKAK;sokak;406999
DÜZCE;CUMAYERİ;ÇEVRİK;HAFIZ AHMET CADDE;cadde;155743
DÜZCE;CUMAYERİ;ÇEVRİK;HÜRRİYET SOKAK;sokak;155744
DÜZCE;CUMAYERİ;ÇEVRİK;IŞIK SOKAK;sokak;537139
DÜZCE;CUMAYERİ;ÇEVRİK;İSTİKLAL CADDE;cadde;155741
DÜZCE;CUMAYERİ;ÇEVRİK;KARANFİL SOKAK;sokak;155745
DÜZCE;CUMAYERİ;ÇEVRİK;KONURALP SOKAK;sokak;878390
DÜZCE;CUMAYERİ;ÇEVRİK;KORU SOKAK;sokak;155746
DÜZCE;CUMAYERİ;ÇEVRİK;KÖKSAL SOKAK;sokak;155747
DÜZCE;CUMAYERİ;ÇEVRİK;MEVLANA CADDE;cadde;523443
DÜZCE;CUMAYERİ;ÇEVRİK;MÜDERRİS SOKAK;sokak;407001
DÜZCE;CUMAYERİ;ÇEVRİK;ORMAN SOKAK;sokak;155748
DÜZCE;CUMAYERİ;ÇEVRİK;ÖZSOY SOKAK;sokak;517854
DÜZCE;CUMAYERİ;ÇEVRİK;PAKMAYA SOKAK;sokak;221158
DÜZCE;CUMAYERİ;ÇEVRİK;PARLAK SOKAK;sokak;510249
DÜZCE;CUMAYERİ;ÇEVRİK;SAĞLIK CADDE;cadde;407002
DÜZCE;CUMAYERİ;ÇEVRİK;SEÇKİN SOKAK;sokak;155750
DÜZCE;CUMAYERİ;ÇEVRİK;ŞEHİR MEYDAN;sokak;954357
DÜZCE;CUMAYERİ;ÇEVRİK;ŞEHİT MESUT KIROĞLU CADDE;cadde;878289
DÜZCE;CUMAYERİ;ÇEVRİK;ŞEN SOKAK;sokak;407004
DÜZCE;CUMAYERİ;ÇEVRİK;ŞİFA SOKAK;sokak;510160
DÜZCE;CUMAYERİ;ÇEVRİK;TRAFO SOKAK;sokak;155751
DÜZCE;CUMAYERİ;ÇEVRİK;YAĞMUR SOKAK;sokak;407003
DÜZCE;CUMAYERİ;ÇEVRİK;YILDIRIM SOKAK;sokak;155752
DÜZCE;CUMAYERİ;ÇEVRİK;YILMAZ SOKAK;sokak;155753
DÜZCE;CUMAYERİ;DOKUZDEĞİRMEN - KORAZOĞLU;KORAZOĞLU KÜME EVLER;sokak;451907
DÜZCE;CUMAYERİ;DOKUZDEĞİRMEN - MERKEZ;DEĞİRMEN KÜME EVLER;sokak;929042671
DÜZCE;CUMAYERİ;DOKUZDEĞİRMEN - MERKEZ;MERKEZ KÜME EVLER;sokak;76886
DÜZCE;CUMAYERİ;ESENTEPE NA;ESENTEPE KÜME EVLER;sokak;697591
DÜZCE;CUMAYERİ;HAMASCIK - İMRİZ;İMRİZ KÜME EVLER;sokak;355658
DÜZCE;CUMAYERİ;HAMASCIK - MERKEZ;MERKEZ KÜME EVLER;sokak;196025
DÜZCE;CUMAYERİ;HAMASCIK - TOMAS;DAVUTAĞA KÜME EVLER;sokak;677416940
DÜZCE;CUMAYERİ;HAMASCIK - TOMAS;TOMAS KÜME EVLER;sokak;355659
DÜZCE;CUMAYERİ;HARMANKAYA NA;HARMANKAYA KÜME EVLER;sokak;689001
DÜZCE;CUMAYERİ;IĞDIR NA;IĞDIR KÜME EVLER;sokak;503581
DÜZCE;CUMAYERİ;KIZILÜZÜM - DERE;DERE KÜME EVLER;sokak;554890
DÜZCE;CUMAYERİ;KIZILÜZÜM - DERE;PAZARCIK KÜME EVLER;sokak;349583630
DÜZCE;CUMAYERİ;KIZILÜZÜM - HATİPOĞLU;HATİPOĞLU KÜME EVLER;sokak;541084
DÜZCE;CUMAYERİ;KIZILÜZÜM - KURU ALİ;KIZILÜZÜM SOKAK;sokak;825331750
DÜZCE;CUMAYERİ;KIZILÜZÜM - KURU ALİ;KURUALİ KÜME EVLER;sokak;545920
DÜZCE;CUMAYERİ;KIZILÜZÜM - MERKEZ;KIZILÜZÜM SOKAK;sokak;271888951
DÜZCE;CUMAYERİ;KIZILÜZÜM - MERKEZ;MERKEZ KÜME EVLER;sokak;554894
DÜZCE;CUMAYERİ;MEHMET AKİF;230. SOKAK;sokak;873880
DÜZCE;CUMAYERİ;MEHMET AKİF;233. SOKAK;sokak;1056020
DÜZCE;CUMAYERİ;MEHMET AKİF;234. SOKAK;sokak;855297
DÜZCE;CUMAYERİ;MEHMET AKİF;236. SOKAK;sokak;883236
DÜZCE;CUMAYERİ;MEHMET AKİF;237. SOKAK;sokak;877718
DÜZCE;CUMAYERİ;MEHMET AKİF;238. SOKAK;sokak;883224
DÜZCE;CUMAYERİ;MEHMET AKİF;239. SOKAK;sokak;810561941
DÜZCE;CUMAYERİ;MEHMET AKİF;240. SOKAK;sokak;883017
DÜZCE;CUMAYERİ;MEHMET AKİF;242. SOKAK;sokak;1258891
DÜZCE;CUMAYERİ;MEHMET AKİF;243. SOKAK;sokak;836079
DÜZCE;CUMAYERİ;MEHMET AKİF;244. SOKAK;sokak;822872
DÜZCE;CUMAYERİ;MEHMET AKİF;245. SOKAK;sokak;883250
DÜZCE;CUMAYERİ;MEHMET AKİF;247. SOKAK;sokak;645509811
DÜZCE;CUMAYERİ;MEHMET AKİF;253. SOKAK;sokak;882485
DÜZCE;CUMAYERİ;MEHMET AKİF;270. SOKAK;sokak;882483
DÜZCE;CUMAYERİ;MEHMET AKİF;280. SOKAK;sokak;1321971
DÜZCE;CUMAYERİ;MEHMET AKİF;281. SOKAK;sokak;1321973
DÜZCE;CUMAYERİ;MEHMET AKİF;282. SOKAK;sokak;1278631
DÜZCE;CUMAYERİ;MEHMET AKİF;283. SOKAK;sokak;1278633
DÜZCE;CUMAYERİ;MEHMET AKİF;288. SOKAK;sokak;985580
DÜZCE;CUMAYERİ;MEHMET AKİF;290. SOKAK;sokak;985584
DÜZCE;CUMAYERİ;MEHMET AKİF;291. SOKAK;sokak;823533
DÜZCE;CUMAYERİ;MEHMET AKİF;292. SOKAK;sokak;882497
DÜZCE;CUMAYERİ;MEHMET AKİF;302. SOKAK;sokak;1361501
DÜZCE;CUMAYERİ;MEHMET AKİF;303. SOKAK;sokak;1278637
DÜZCE;CUMAYERİ;MEHMET AKİF;304. SOKAK;sokak;956356
DÜZCE;CUMAYERİ;MEHMET AKİF;305. SOKAK;sokak;1278639
DÜZCE;CUMAYERİ;MEHMET AKİF;306. SOKAK;sokak;1278641
DÜZCE;CUMAYERİ;MEHMET AKİF;308. SOKAK;sokak;1093692
DÜZCE;CUMAYERİ;MEHMET AKİF;310. SOKAK;sokak;928292
DÜZCE;CUMAYERİ;MEHMET AKİF;311. SOKAK;sokak;827248
DÜZCE;CUMAYERİ;MEHMET AKİF;312. SOKAK;sokak;883028
DÜZCE;CUMAYERİ;MEHMET AKİF;313. SOKAK;sokak;883029
DÜZCE;CUMAYERİ;MEHMET AKİF;315. SOKAK;sokak;882602
DÜZCE;CUMAYERİ;MEHMET AKİF;316. SOKAK;sokak;882597
DÜZCE;CUMAYERİ;MEHMET AKİF;317. SOKAK;sokak;883065
DÜZCE;CUMAYERİ;MEHMET AKİF;ADNAN MENDERES CADDE;cadde;155755
DÜZCE;CUMAYERİ;MEHMET AKİF;COŞAR SOKAK;sokak;1322043
DÜZCE;CUMAYERİ;MEHMET AKİF;CUMHURİYET CADDE;cadde;155756
DÜZCE;CUMAYERİ;MEHMET AKİF;ÇELİK SOKAK;sokak;407007
DÜZCE;CUMAYERİ;MEHMET AKİF;ELMACI SOKAK;sokak;598737
DÜZCE;CUMAYERİ;MEHMET AKİF;FEVZİ ÇAKMAK CADDE;cadde;407005
DÜZCE;CUMAYERİ;MEHMET AKİF;GÜL SOKAK;sokak;155757
DÜZCE;CUMAYERİ;MEHMET AKİF;GÜMÜŞ SOKAK;sokak;155758
DÜZCE;CUMAYERİ;MEHMET AKİF;HİTİT SOKAK;sokak;605792
DÜZCE;CUMAYERİ;MEHMET AKİF;KELEŞ SOKAK;sokak;603774
DÜZCE;CUMAYERİ;MEHMET AKİF;MUŞTU SOKAK;sokak;599201
DÜZCE;CUMAYERİ;MEHMET AKİF;PAK SOKAK;sokak;407006
DÜZCE;CUMAYERİ;MEHMET AKİF;POLAT SOKAK;sokak;611298
DÜZCE;CUMAYERİ;MEHMET AKİF;ŞEHİT EYÜP KELEŞ SOKAK;sokak;155761
DÜZCE;CUMAYERİ;MEHMET AKİF;ŞEHİT NUSRET AKAR CADDE;cadde;78836
DÜZCE;CUMAYERİ;MEHMET AKİF;ŞEHİT TURGUT DUMAN CADDE;cadde;26748
DÜZCE;CUMAYERİ;MEHMET AKİF;TÜREDİ SOKAK;sokak;155759
DÜZCE;CUMAYERİ;MEHMET AKİF;YILDIZ SOKAK;sokak;155760
DÜZCE;CUMAYERİ;MISIRLIK NA;KARAÇÖRTLEN KÜME EVLER;sokak;247379000
DÜZCE;CUMAYERİ;MISIRLIK NA;MERKEZ KÜME EVLER;sokak;168416450
DÜZCE;CUMAYERİ;MISIRLIK NA;MISIRLIK KÜME EVLER;sokak;699620
DÜZCE;CUMAYERİ;ORDULUKARADERE - FIRINYANI;FIRINYANI KÜME EVLER;sokak;730962
DÜZCE;CUMAYERİ;ORDULUKARADERE - GÜNEY;GÜNEY KÜME EVLER;sokak;355653
DÜZCE;CUMAYERİ;ORDULUKARADERE - KUZ;KUZ KÜME EVLER;sokak;731283
DÜZCE;CUMAYERİ;ORDULUKARADERE - MERKEZ;MERKEZ KÜME EVLER;sokak;196845
DÜZCE;CUMAYERİ;ORDULUKARADERE - OKUL;OKUL KÜME EVLER;sokak;355644
DÜZCE;CUMAYERİ;ORDULUKARADERE - ŞAKİR;ŞAKİR KÜME EVLER;sokak;730961
DÜZCE;CUMAYERİ;ORTA;1. SOKAK;sokak;883655
DÜZCE;CUMAYERİ;ORTA;10. SOKAK;sokak;917579
DÜZCE;CUMAYERİ;ORTA;111. SOKAK;sokak;155763
DÜZCE;CUMAYERİ;ORTA;12. SOKAK;sokak;915212
DÜZCE;CUMAYERİ;ORTA;14. SOKAK;sokak;1312075
DÜZCE;CUMAYERİ;ORTA;15. SOKAK;sokak;1312077
DÜZCE;CUMAYERİ;ORTA;18. SOKAK;sokak;1312119
DÜZCE;CUMAYERİ;ORTA;19. SOKAK;sokak;859106
DÜZCE;CUMAYERİ;ORTA;2. SOKAK;sokak;926349
DÜZCE;CUMAYERİ;ORTA;20. SOKAK;sokak;861201
DÜZCE;CUMAYERİ;ORTA;21. SOKAK;sokak;883862
DÜZCE;CUMAYERİ;ORTA;23. SOKAK;sokak;177057
DÜZCE;CUMAYERİ;ORTA;24. SOKAK;sokak;1278663
DÜZCE;CUMAYERİ;ORTA;25. SOKAK;sokak;884136
DÜZCE;CUMAYERİ;ORTA;26. SOKAK;sokak;884076
DÜZCE;CUMAYERİ;ORTA;28. SOKAK;sokak;884137
DÜZCE;CUMAYERİ;ORTA;29. SOKAK;sokak;446381201
DÜZCE;CUMAYERİ;ORTA;3. SOKAK;sokak;883867
DÜZCE;CUMAYERİ;ORTA;30. SOKAK;sokak;337540370
DÜZCE;CUMAYERİ;ORTA;33. SOKAK;sokak;882481
DÜZCE;CUMAYERİ;ORTA;35. SOKAK;sokak;882475
DÜZCE;CUMAYERİ;ORTA;36 SOKAK;sokak;984078441
DÜZCE;CUMAYERİ;ORTA;38. SOKAK;sokak;784281091
DÜZCE;CUMAYERİ;ORTA;39. SOKAK;sokak;1312115
DÜZCE;CUMAYERİ;ORTA;4. SOKAK;sokak;842347
DÜZCE;CUMAYERİ;ORTA;47. SOKAK;sokak;504057781
DÜZCE;CUMAYERİ;ORTA;5. SOKAK;sokak;895764
DÜZCE;CUMAYERİ;ORTA;54. SOKAK;sokak;1312073
DÜZCE;CUMAYERİ;ORTA;55. SOKAK;sokak;915010
DÜZCE;CUMAYERİ;ORTA;57. SOKAK;sokak;917659741
DÜZCE;CUMAYERİ;ORTA;60. SOKAK;sokak;989625
DÜZCE;CUMAYERİ;ORTA;62. SOKAK;sokak;884606
DÜZCE;CUMAYERİ;ORTA;65. SOKAK;sokak;915006
DÜZCE;CUMAYERİ;ORTA;66. SOKAK;sokak;886016
DÜZCE;CUMAYERİ;ORTA;67. SOKAK;sokak;854681
DÜZCE;CUMAYERİ;ORTA;70. SOKAK;sokak;842950
DÜZCE;CUMAYERİ;ORTA;71. SOKAK;sokak;883258
DÜZCE;CUMAYERİ;ORTA;72. SOKAK;sokak;883608
DÜZCE;CUMAYERİ;ORTA;73. SOKAK;sokak;1278665
DÜZCE;CUMAYERİ;ORTA;74. SOKAK;sokak;857031
DÜZCE;CUMAYERİ;ORTA;75. SOKAK;sokak;883344
DÜZCE;CUMAYERİ;ORTA;76. SOKAK;sokak;883020
DÜZCE;CUMAYERİ;ORTA;77. SOKAK;sokak;883019
DÜZCE;CUMAYERİ;ORTA;78. SOKAK;sokak;1086137
DÜZCE;CUMAYERİ;ORTA;79. SOKAK;sokak;1059162
DÜZCE;CUMAYERİ;ORTA;8. SOKAK;sokak;915209
DÜZCE;CUMAYERİ;ORTA;80. SOKAK;sokak;883022
DÜZCE;CUMAYERİ;ORTA;81. SOKAK;sokak;1005391
DÜZCE;CUMAYERİ;ORTA;82. SOKAK;sokak;1312117
DÜZCE;CUMAYERİ;ORTA;86. SOKAK;sokak;885947
DÜZCE;CUMAYERİ;ORTA;88. SOKAK;sokak;885948
DÜZCE;CUMAYERİ;ORTA;9. SOKAK;sokak;915211
DÜZCE;CUMAYERİ;ORTA;92. SOKAK;sokak;885982
DÜZCE;CUMAYERİ;ORTA;93. SOKAK;sokak;1322155
DÜZCE;CUMAYERİ;ORTA;94. SOKAK;sokak;1278667
DÜZCE;CUMAYERİ;ORTA;95. SOKAK;sokak;882478
DÜZCE;CUMAYERİ;ORTA;ATATÜRK BULVAR;sokak;155762
DÜZCE;CUMAYERİ;ORTA;ATMACA SOKAK;sokak;211734
DÜZCE;CUMAYERİ;ORTA;AYDIN SOKAK;sokak;155764
DÜZCE;CUMAYERİ;ORTA;BAKIRCILAR SOKAK;sokak;407008
DÜZCE;CUMAYERİ;ORTA;CUMHURİYET CADDE;cadde;695903
DÜZCE;CUMAYERİ;ORTA;DERYA SOKAK;sokak;584123
DÜZCE;CUMAYERİ;ORTA;ERBAŞ SOKAK;sokak;162713
DÜZCE;CUMAYERİ;ORTA;EROL SOKAK;sokak;155766
DÜZCE;CUMAYERİ;ORTA;GAZİ SOKAK;sokak;584128
DÜZCE;CUMAYERİ;ORTA;İSTİKLAL CADDE;cadde;155765
DÜZCE;CUMAYERİ;ORTA;KILIÇ SOKAK;sokak;584091
DÜZCE;CUMAYERİ;ORTA;KİBAR SOKAK;sokak;578039
DÜZCE;CUMAYERİ;ORTA;MERİÇ SOKAK;sokak;155767
DÜZCE;CUMAYERİ;ORTA;METİN SOKAK;sokak;418781
DÜZCE;CUMAYERİ;ORTA;MOLLA AHMET SOKAK;sokak;155768
DÜZCE;CUMAYERİ;ORTA;MUALLİM SOKAK;sokak;580379
DÜZCE;CUMAYERİ;ORTA;NALBANT SOKAK;sokak;407009
DÜZCE;CUMAYERİ;ORTA;NAZLI SOKAK;sokak;585554
DÜZCE;CUMAYERİ;ORTA;ONUR SOKAK;sokak;585551
DÜZCE;CUMAYERİ;ORTA;ÖZ SOKAK;sokak;155772
DÜZCE;CUMAYERİ;ORTA;ÖZBEK SOKAK;sokak;590233
DÜZCE;CUMAYERİ;ORTA;ÖZKAN SOKAK;sokak;155769
DÜZCE;CUMAYERİ;ORTA;ÖZTÜRK SOKAK;sokak;407011
DÜZCE;CUMAYERİ;ORTA;PAZAR SOKAK;sokak;155770
DÜZCE;CUMAYERİ;ORTA;PİRDAL SOKAK;sokak;584258
DÜZCE;CUMAYERİ;ORTA;POYRAZ SOKAK;sokak;407010
DÜZCE;CUMAYERİ;ORTA;SAKİN SOKAK;sokak;162813
DÜZCE;CUMAYERİ;ORTA;SPOR SOKAK;sokak;155771
DÜZCE;CUMAYERİ;ORTA;ŞAFAK SOKAK;sokak;885989
DÜZCE;CUMAYERİ;ORTA;ŞEHİR MEYDAN;sokak;954355
DÜZCE;CUMAYERİ;ORTA;ŞEHİT NUSRET AKAR CADDE;cadde;656438
DÜZCE;CUMAYERİ;ORTA;ŞEHİT TURGUT DUMAN CADDE;cadde;589648
DÜZCE;CUMAYERİ;ORTA;TRABZON SOKAK;sokak;574502
DÜZCE;CUMAYERİ;ORTA;YAVUZ SOKAK;sokak;579963
DÜZCE;CUMAYERİ;ORTA;YAYLA SOKAK;sokak;162814
DÜZCE;CUMAYERİ;ÖREN NA;ÖREN KÜME EVLER;sokak;753623
DÜZCE;CUMAYERİ;ÖREN NA;TAŞLIK KÜME EVLER;sokak;101478660
DÜZCE;CUMAYERİ;SIRTPINAR - MERKEZ;IĞDIR KÜME EVLER;sokak;784316650
DÜZCE;CUMAYERİ;SIRTPINAR - MERKEZ;MERKEZ KÜME EVLER;sokak;80634
DÜZCE;CUMAYERİ;SIRTPINAR - ÖREN;ÖREN1 KÜME EVLER;sokak;240915
DÜZCE;CUMAYERİ;SUBAŞI - CAMİ;CAMİ KÜME EVLER;sokak;639331
DÜZCE;CUMAYERİ;SUBAŞI - DEĞİRMEN;DEĞİRMEN KÜME EVLER;sokak;635604
DÜZCE;CUMAYERİ;TAŞLIK NA;ARİF KÜME EVLER;sokak;766116720
DÜZCE;CUMAYERİ;TAŞLIK NA;TAŞLIK KÜME EVLER;sokak;263986
DÜZCE;CUMAYERİ;ÜVEZBELİ - ARİF;ARİF KÜME EVLER;sokak;723995
DÜZCE;CUMAYERİ;ÜVEZBELİ - KAŞALTI;KAŞALTI KÜME EVLER;sokak;586731
DÜZCE;CUMAYERİ;ÜVEZBELİ - KERSEN DÜZÜ;KAŞALTI KÜME EVLER;sokak;770941750
DÜZCE;CUMAYERİ;ÜVEZBELİ - KERSEN DÜZÜ;KERSEN DÜZÜ KÜME EVLER;sokak;716409
DÜZCE;CUMAYERİ;ÜVEZBELİ - KIRAN;KIRAN KÜME EVLER;sokak;726147
DÜZCE;CUMAYERİ;ÜVEZBELİ - KIRAN;KÜREKLİK KÜME EVLER;sokak;388825511
DÜZCE;CUMAYERİ;ÜVEZBELİ - KÜREKLİK;KÜREKLİK KÜME EVLER;sokak;726144
DÜZCE;CUMAYERİ;ÜVEZBELİ - MERKEZ;MERKEZ KÜME EVLER;sokak;723998
DÜZCE;CUMAYERİ;ÜVEZBELİ - SIVAZOĞLU;SIVAZOĞLU KÜME EVLER;sokak;723994
DÜZCE;CUMAYERİ;YAKA;303. SOKAK;sokak;996929
DÜZCE;CUMAYERİ;YAKA;304. SOKAK;sokak;1279061
DÜZCE;CUMAYERİ;YAKA;331. SOKAK;sokak;1312211
DÜZCE;CUMAYERİ;YAKA;332. SOKAK;sokak;831428
DÜZCE;CUMAYERİ;YAKA;335. SOKAK;sokak;881226
DÜZCE;CUMAYERİ;YAKA;336. SOKAK;sokak;881441
DÜZCE;CUMAYERİ;YAKA;340. SOKAK;sokak;882558
DÜZCE;CUMAYERİ;YAKA;341. SOKAK;sokak;828474
DÜZCE;CUMAYERİ;YAKA;342. SOKAK;sokak;830005
DÜZCE;CUMAYERİ;YAKA;343. SOKAK;sokak;844570
DÜZCE;CUMAYERİ;YAKA;344. SOKAK;sokak;1278659
DÜZCE;CUMAYERİ;YAKA;345. SOKAK;sokak;841193
DÜZCE;CUMAYERİ;YAKA;346. SOKAK;sokak;1278661
DÜZCE;CUMAYERİ;YAKA;347. SOKAK;sokak;1312213
DÜZCE;CUMAYERİ;YAKA;348. SOKAK;sokak;1088969
DÜZCE;CUMAYERİ;YAKA;349. SOKAK;sokak;826479
DÜZCE;CUMAYERİ;YAKA;353. SOKAK;sokak;881744
DÜZCE;CUMAYERİ;YAKA;356. SOKAK;sokak;881629
DÜZCE;CUMAYERİ;YAKA;357. SOKAK;sokak;686144
DÜZCE;CUMAYERİ;YAKA;358. SOKAK;sokak;882111
DÜZCE;CUMAYERİ;YAKA;359. SOKAK;sokak;231807
DÜZCE;CUMAYERİ;YAKA;361. SOKAK;sokak;1332939
DÜZCE;CUMAYERİ;YAKA;362. SOKAK;sokak;1039837
DÜZCE;CUMAYERİ;YAKA;363. SOKAK;sokak;1312209
DÜZCE;CUMAYERİ;YAKA;364. SOKAK;sokak;915007
DÜZCE;CUMAYERİ;YAKA;365. SOKAK;sokak;1312207
DÜZCE;CUMAYERİ;YAKA;366. SOKAK;sokak;1312205
DÜZCE;CUMAYERİ;YAKA;367. SOKAK;sokak;882347
DÜZCE;CUMAYERİ;YAKA;380. SOKAK;sokak;882341
DÜZCE;CUMAYERİ;YAKA;382. SOKAK;sokak;625191291
DÜZCE;CUMAYERİ;YAKA;383. SOKAK;sokak;850565
DÜZCE;CUMAYERİ;YAKA;387. SOKAK;sokak;882342
DÜZCE;CUMAYERİ;YAKA;390. SOKAK;sokak;1362821
DÜZCE;CUMAYERİ;YAKA;401. SOKAK;sokak;869330
DÜZCE;CUMAYERİ;YAKA;403. SOKAK;sokak;892937
DÜZCE;CUMAYERİ;YAKA;ADNAN MENDERES CADDE;cadde;99492
DÜZCE;CUMAYERİ;YAKA;AK SOKAK;sokak;823363
DÜZCE;CUMAYERİ;YAKA;BARBAROS CADDE;cadde;155780
DÜZCE;CUMAYERİ;YAKA;BULUT SOKAK;sokak;155773
DÜZCE;CUMAYERİ;YAKA;CAMİ SOKAK;sokak;155774
DÜZCE;CUMAYERİ;YAKA;COŞAR SOKAK;sokak;407014
DÜZCE;CUMAYERİ;YAKA;CUMHURİYET CADDE;cadde;162815
DÜZCE;CUMAYERİ;YAKA;ÇİÇEK SOKAK;sokak;155779
DÜZCE;CUMAYERİ;YAKA;DERVİŞ SOKAK;sokak;155775
DÜZCE;CUMAYERİ;YAKA;EMNİYET SOKAK;sokak;627101
DÜZCE;CUMAYERİ;YAKA;GÜNEY SOKAK;sokak;407012
DÜZCE;CUMAYERİ;YAKA;GÜR SOKAK;sokak;155776
DÜZCE;CUMAYERİ;YAKA;IHLAMUR SOKAK;sokak;623288
DÜZCE;CUMAYERİ;YAKA;LALE SOKAK;sokak;155777
DÜZCE;CUMAYERİ;YAKA;ŞEHİT MESUT KIROĞLU CADDE;cadde;238019
DÜZCE;CUMAYERİ;YAKA;ŞEHİT NUSRET AKAR CADDE;cadde;822791
DÜZCE;CUMAYERİ;YAKA;TUNA SOKAK;sokak;414328
DÜZCE;CUMAYERİ;YAKA;YENİ SOKAK;sokak;407013
DÜZCE;CUMAYERİ;YAKA;YEŞİL SOKAK;sokak;155778
DÜZCE;CUMAYERİ;YAKA;YUNUS EMRE SOKAK;sokak;643148
DÜZCE;CUMAYERİ;YAKA;ZAMBAK SOKAK;sokak;621173
DÜZCE;CUMAYERİ;YENİ;191. SOKAK;sokak;874286
DÜZCE;CUMAYERİ;YENİ;192. SOKAK;sokak;115410
DÜZCE;CUMAYERİ;YENİ;193. SOKAK;sokak;877957
DÜZCE;CUMAYERİ;YENİ;194. SOKAK;sokak;922170
DÜZCE;CUMAYERİ;YENİ;196. SOKAK;sokak;922146
DÜZCE;CUMAYERİ;YENİ;197. SOKAK;sokak;706648911
DÜZCE;CUMAYERİ;YENİ;199. SOKAK;sokak;877764
DÜZCE;CUMAYERİ;YENİ;200. SOKAK;sokak;231480
DÜZCE;CUMAYERİ;YENİ;201. SOKAK;sokak;177067
DÜZCE;CUMAYERİ;YENİ;203. SOKAK;sokak;938197
DÜZCE;CUMAYERİ;YENİ;204. SOKAK;sokak;873531
DÜZCE;CUMAYERİ;YENİ;210. SOKAK;sokak;1312215
DÜZCE;CUMAYERİ;YENİ;211. SOKAK;sokak;938245
DÜZCE;CUMAYERİ;YENİ;212. SOKAK;sokak;878208
DÜZCE;CUMAYERİ;YENİ;214. SOKAK;sokak;878205
DÜZCE;CUMAYERİ;YENİ;215. SOKAK;sokak;106134
DÜZCE;CUMAYERİ;YENİ;216. SOKAK;sokak;877994
DÜZCE;CUMAYERİ;YENİ;218. SOKAK;sokak;1322059
DÜZCE;CUMAYERİ;YENİ;222. SOKAK;sokak;1070601
DÜZCE;CUMAYERİ;YENİ;224. SOKAK;sokak;891710
DÜZCE;CUMAYERİ;YENİ;353. SOKAK;sokak;657990
DÜZCE;CUMAYERİ;YENİ;AK SOKAK;sokak;155781
DÜZCE;CUMAYERİ;YENİ;AKÇAY SOKAK;sokak;407015
DÜZCE;CUMAYERİ;YENİ;AKOĞLU SOKAK;sokak;162816
DÜZCE;CUMAYERİ;YENİ;CAN SOKAK;sokak;656491
DÜZCE;CUMAYERİ;YENİ;CUMHURİYET CADDE;cadde;155782
DÜZCE;CUMAYERİ;YENİ;ÇOLAK SOKAK;sokak;155784
DÜZCE;CUMAYERİ;YENİ;KAYA SOKAK;sokak;155783
DÜZCE;CUMAYERİ;YENİ;KUZEY SOKAK;sokak;872419
DÜZCE;CUMAYERİ;YENİ;KÜLTÜR SOKAK;sokak;407016
DÜZCE;CUMAYERİ;YENİ;SARAY SOKAK;sokak;162817
DÜZCE;CUMAYERİ;YENİ;ŞAHİN SOKAK;sokak;407017
DÜZCE;CUMAYERİ;YENİ;ŞEHİT MESUT KIROĞLU CADDE;cadde;665521
DÜZCE;CUMAYERİ;YENİTEPE - DERE;DERE KÜME EVLER;sokak;718112
DÜZCE;CUMAYERİ;YENİTEPE - MERKEZ;DEĞİRMEN KÜME EVLER;sokak;584575160
DÜZCE;CUMAYERİ;YENİTEPE - MERKEZ;MERKEZ KÜME EVLER;sokak;573125
DÜZCE;CUMAYERİ;YEŞİLTEPE - ELMALIDERE;ELMALIDERE KÜME EVLER;sokak;387142
DÜZCE;CUMAYERİ;YEŞİLTEPE - ESKİOĞLU;ESENTEPE KÜME EVLER;sokak;899906911
DÜZCE;CUMAYERİ;YEŞİLTEPE - ESKİOĞLU;ESKİOĞLU KÜME EVLER;sokak;162969
DÜZCE;CUMAYERİ;YEŞİLTEPE - KIRAN;KIRAN KÜME EVLER;sokak;700365
DÜZCE;CUMAYERİ;YEŞİLTEPE - ORTA;ORTA KÜME EVLER;sokak;539348
DÜZCE;CUMAYERİ;YUKARIAVLAYAN NA;KOZLAR KÜME EVLER;sokak;166057270
DÜZCE;CUMAYERİ;YUKARIAVLAYAN NA;YUKARIAVLAYAN KÜME EVLER;sokak;754182
DÜZCE;ÇİLİMLİ;ALACAMESCİT - MERKEZ;ALACAMESCİT MERKEZ KÜME EVLER;sokak;561508
DÜZCE;ÇİLİMLİ;ALACAMESCİT - MERKEZ;DİKMELİ MERKEZ KÜME EVLER;sokak;807992650
DÜZCE;ÇİLİMLİ;ALACAMESCİT - MERKEZ;İSHAKLAR KÜME EVLER;sokak;134844980
DÜZCE;ÇİLİMLİ;ALACAMESCİT - ORMAN;ORMAN KÜME EVLER;sokak;563889
DÜZCE;ÇİLİMLİ;ALACAMESCİT - ORMAN MÜCAVİR;16087_1 SOKAK;sokak;950633
DÜZCE;ÇİLİMLİ;ALACAMESCİT - ORMAN MÜCAVİR;DİKMELİ MERKEZ KÜME EVLER;sokak;767380790
DÜZCE;ÇİLİMLİ;ARABACI;701. SOKAK;sokak;1238529
DÜZCE;ÇİLİMLİ;ARABACI;702. SOKAK;sokak;1238531
DÜZCE;ÇİLİMLİ;ARABACI;703. SOKAK;sokak;1238533
DÜZCE;ÇİLİMLİ;ARABACI;704. SOKAK;sokak;1238535
DÜZCE;ÇİLİMLİ;ARABACI;705. SOKAK;sokak;1238537
DÜZCE;ÇİLİMLİ;ARABACI;706. SOKAK;sokak;1238539
DÜZCE;ÇİLİMLİ;ARABACI;707. SOKAK;sokak;1238541
DÜZCE;ÇİLİMLİ;ARABACI;708. SOKAK;sokak;1238543
DÜZCE;ÇİLİMLİ;ARABACI;709. SOKAK;sokak;1238545
DÜZCE;ÇİLİMLİ;ARABACI;710. SOKAK;sokak;1238547
DÜZCE;ÇİLİMLİ;ARABACI;711. SOKAK;sokak;1238549
DÜZCE;ÇİLİMLİ;ARABACI;712. SOKAK;sokak;1238551
DÜZCE;ÇİLİMLİ;ARABACI;713. SOKAK;sokak;1238553
DÜZCE;ÇİLİMLİ;ARABACI;714. SOKAK;sokak;1238555
DÜZCE;ÇİLİMLİ;ARABACI;715. SOKAK;sokak;1376613
DÜZCE;ÇİLİMLİ;ARABACI;717 SOKAK;sokak;731688251
DÜZCE;ÇİLİMLİ;ARABACI;718 SOKAK;sokak;205860041
DÜZCE;ÇİLİMLİ;ARABACI;719 SOKAK;sokak;976038721
DÜZCE;ÇİLİMLİ;ARABACI;720 SOKAK;sokak;163261911
DÜZCE;ÇİLİMLİ;ARABACI;721 SOKAK;sokak;570275911
DÜZCE;ÇİLİMLİ;ARABACI;722 SOKAK;sokak;699091251
DÜZCE;ÇİLİMLİ;ARABACI;723 SOKAK;sokak;223462741
DÜZCE;ÇİLİMLİ;ARABACI;724 SOKAK;sokak;572759351
DÜZCE;ÇİLİMLİ;ARABACI;725 SOKAK;sokak;969299061
DÜZCE;ÇİLİMLİ;ARABACI;726 SOKAK;sokak;543211121
DÜZCE;ÇİLİMLİ;ARABACI;727 SOKAK;sokak;796751461
DÜZCE;ÇİLİMLİ;ARABACI;728 SOKAK;sokak;490329071
DÜZCE;ÇİLİMLİ;ARABACI;729 SOKAK;sokak;810934941
DÜZCE;ÇİLİMLİ;ARABACI;730 SOKAK;sokak;116351411
DÜZCE;ÇİLİMLİ;ARABACI;731 SOKAK;sokak;974119791
DÜZCE;ÇİLİMLİ;ARABACI;732 SOKAK;sokak;763083781
DÜZCE;ÇİLİMLİ;ARABACI;733 SOKAK;sokak;974726741
DÜZCE;ÇİLİMLİ;ARABACI;734 SOKAK;sokak;304373051
DÜZCE;ÇİLİMLİ;ARABACI;735 SOKAK;sokak;164557761
DÜZCE;ÇİLİMLİ;ARABACI;736 SOKAK;sokak;249849571
DÜZCE;ÇİLİMLİ;ARABACI;741 SOKAK;sokak;880497701
DÜZCE;ÇİLİMLİ;ARABACI;742 SOKAK;sokak;665349591
DÜZCE;ÇİLİMLİ;ARABACI;743 SOKAK;sokak;425808291
DÜZCE;ÇİLİMLİ;ARABACI;744 SOKAK;sokak;171315331
DÜZCE;ÇİLİMLİ;ARABACI;ANADOLU OTOYOLU DÜZCE BAĞLANTISI BULVAR;sokak;226516991
DÜZCE;ÇİLİMLİ;ARABACI;ÇİLİMLİ CADDE;cadde;532307
DÜZCE;ÇİLİMLİ;ARABACI;D 100 KARAYOLU CADDE;cadde;1239873
DÜZCE;ÇİLİMLİ;ARABACI;DÜZCE CADDE;cadde;92747
DÜZCE;ÇİLİMLİ;ARABACI;İLKÖĞRETİM CADDE;cadde;1239875
DÜZCE;ÇİLİMLİ;BIÇKIBAŞI NA;BIÇKIBAŞI KÜME EVLER;sokak;520403
DÜZCE;ÇİLİMLİ;BIÇKIBAŞI NA;HIZARDERE KÜME EVLER;sokak;638471560
DÜZCE;ÇİLİMLİ;ÇALILIK NA;ÇALILIK KÜME EVLER;sokak;404891
DÜZCE;ÇİLİMLİ;ÇALILIK NA;ESENLİ KÜME EVLER;sokak;332699030
DÜZCE;ÇİLİMLİ;DİKMELİ - DİKMELİ MÜCAVİR;16080 SOKAK;sokak;1333581
DÜZCE;ÇİLİMLİ;DİKMELİ - DİKMELİ MÜCAVİR;16087 SOKAK;sokak;1382687
DÜZCE;ÇİLİMLİ;DİKMELİ - DİKMELİ MÜCAVİR;623. SOKAK;sokak;1333621
DÜZCE;ÇİLİMLİ;DİKMELİ - DİKMELİ MÜCAVİR;902. SOKAK;sokak;1333589
DÜZCE;ÇİLİMLİ;DİKMELİ - DİKMELİ MÜCAVİR;903 SOKAK;sokak;950635
DÜZCE;ÇİLİMLİ;DİKMELİ - DİKMELİ MÜCAVİR;904. SOKAK;sokak;1333593
DÜZCE;ÇİLİMLİ;DİKMELİ - DİKMELİ MÜCAVİR;905. SOKAK;sokak;1333595
DÜZCE;ÇİLİMLİ;DİKMELİ - DİKMELİ MÜCAVİR;906. SOKAK;sokak;1333617
DÜZCE;ÇİLİMLİ;DİKMELİ - DİKMELİ MÜCAVİR;907. SOKAK;sokak;1333619
DÜZCE;ÇİLİMLİ;DİKMELİ - DİKMELİ MÜCAVİR;908 SOKAK;sokak;454432801
DÜZCE;ÇİLİMLİ;DİKMELİ - DİKMELİ MÜCAVİR;909 SOKAK;sokak;460380481
DÜZCE;ÇİLİMLİ;DİKMELİ - DİKMELİ MÜCAVİR;D 100 KARAYOLU CADDE;cadde;950639
DÜZCE;ÇİLİMLİ;DİKMELİ - GÜLEBELER;GÜLEBELER KÜME EVLER;sokak;459446
DÜZCE;ÇİLİMLİ;DİKMELİ - MERKEZ;DİKMELİ MERKEZ KÜME EVLER;sokak;550254
DÜZCE;ÇİLİMLİ;DÖNGELLİ;1001 SOKAK;sokak;972403860
DÜZCE;ÇİLİMLİ;DÖNGELLİ;1002 SOKAK;sokak;953374160
DÜZCE;ÇİLİMLİ;DÖNGELLİ;1003 SOKAK;sokak;680035570
DÜZCE;ÇİLİMLİ;DÖNGELLİ;1004 SOKAK;sokak;581278200
DÜZCE;ÇİLİMLİ;DÖNGELLİ;1005 SOKAK;sokak;410056120
DÜZCE;ÇİLİMLİ;DÖNGELLİ;1006 SOKAK;sokak;515525110
DÜZCE;ÇİLİMLİ;DÖNGELLİ;1007 SOKAK;sokak;221115610
DÜZCE;ÇİLİMLİ;DÖNGELLİ;1008 SOKAK;sokak;673770360
DÜZCE;ÇİLİMLİ;DÖNGELLİ;1009 SOKAK;sokak;428646520
DÜZCE;ÇİLİMLİ;DÖNGELLİ;1010 SOKAK;sokak;510373800
DÜZCE;ÇİLİMLİ;DÖNGELLİ;1011 SOKAK;sokak;608883280
DÜZCE;ÇİLİMLİ;DÖNGELLİ;1012 SOKAK;sokak;988221330
DÜZCE;ÇİLİMLİ;DÖNGELLİ;1013 SOKAK;sokak;692102680
DÜZCE;ÇİLİMLİ;DÖNGELLİ;1014 SOKAK;sokak;255831700
DÜZCE;ÇİLİMLİ;DÖNGELLİ;1015 SOKAK;sokak;952111080
DÜZCE;ÇİLİMLİ;DÖNGELLİ;1016 SOKAK;sokak;316006461
DÜZCE;ÇİLİMLİ;DÖNGELLİ;1017 SOKAK;sokak;933864151
DÜZCE;ÇİLİMLİ;DÖNGELLİ;1018 SOKAK;sokak;950766341
DÜZCE;ÇİLİMLİ;DÖNGELLİ;1019 SOKAK;sokak;870510331
DÜZCE;ÇİLİMLİ;DÖNGELLİ;1020 SOKAK;sokak;119137381
DÜZCE;ÇİLİMLİ;DÖNGELLİ;1021 SOKAK;sokak;865399211
DÜZCE;ÇİLİMLİ;DÖNGELLİ;1022 SOKAK;sokak;580745271
DÜZCE;ÇİLİMLİ;DÖNGELLİ;1023 SOKAK;sokak;512160591
DÜZCE;ÇİLİMLİ;DÖNGELLİ;1024 SOKAK;sokak;165120301
DÜZCE;ÇİLİMLİ;DÖNGELLİ;1025 SOKAK;sokak;905942191
DÜZCE;ÇİLİMLİ;DÖNGELLİ;D 100 KARAYOLU CADDE;cadde;219928131
DÜZCE;ÇİLİMLİ;DÖNGELLİ;DONGELLI SOKAK;sokak;566286
DÜZCE;ÇİLİMLİ;ESENLİ NA;ESENLİ KÜME EVLER;sokak;524569
DÜZCE;ÇİLİMLİ;HIZARDERE NA;HIZARDERE KÜME EVLER;sokak;520416
DÜZCE;ÇİLİMLİ;İSHAKLAR NA;ESENLİ KÜME EVLER;sokak;533461930
DÜZCE;ÇİLİMLİ;İSHAKLAR NA;İSHAKLAR KÜME EVLER;sokak;542327
DÜZCE;ÇİLİMLİ;KAFYAYLA NA;KAFYAYLA KÜME EVLER;sokak;526317
DÜZCE;ÇİLİMLİ;KARAÇÖRTLEN NA;KARAÇÖRTLEN KÜME EVLER;sokak;518109
DÜZCE;ÇİLİMLİ;KIRKHARMAN - KAVAKLIK;KAVAKLIK KÜME EVLER;sokak;553538
DÜZCE;ÇİLİMLİ;KIRKHARMAN - MERKEZ;MERKEZ KÜME EVLER;sokak;546066
DÜZCE;ÇİLİMLİ;KIRKHARMAN - MERKEZ;MISIRLIK KÜME EVLER;sokak;262577091
DÜZCE;ÇİLİMLİ;KIRKHARMAN - YUKARIKÖY;KÜPLER KÜME EVLER;sokak;136571430
DÜZCE;ÇİLİMLİ;KIRKHARMAN - YUKARIKÖY;YUKARIKÖY KÜME EVLER;sokak;310516
DÜZCE;ÇİLİMLİ;KİRAZTARLA NA;KİRAZTARLA KÜME EVLER;sokak;40870
DÜZCE;ÇİLİMLİ;KUŞOĞLU NA;ÇALILIK KÜME EVLER;sokak;774082190
DÜZCE;ÇİLİMLİ;KUŞOĞLU NA;KİRAZTARLA KÜME EVLER;sokak;127035180
DÜZCE;ÇİLİMLİ;KUŞOĞLU NA;KUŞOĞLU KÜME EVLER;sokak;538795
DÜZCE;ÇİLİMLİ;MAHİRAĞA;501 SOKAK;sokak;573611230
DÜZCE;ÇİLİMLİ;MAHİRAĞA;502 SOKAK;sokak;542545860
DÜZCE;ÇİLİMLİ;MAHİRAĞA;503 SOKAK;sokak;874396420
DÜZCE;ÇİLİMLİ;MAHİRAĞA;504 SOKAK;sokak;569513040
DÜZCE;ÇİLİMLİ;MAHİRAĞA;505 SOKAK;sokak;356054840
DÜZCE;ÇİLİMLİ;MAHİRAĞA;506 SOKAK;sokak;298608060
DÜZCE;ÇİLİMLİ;MAHİRAĞA;507 SOKAK;sokak;111311900
DÜZCE;ÇİLİMLİ;MAHİRAĞA;508 SOKAK;sokak;453061720
DÜZCE;ÇİLİMLİ;MAHİRAĞA;509 SOKAK;sokak;690603580
DÜZCE;ÇİLİMLİ;MAHİRAĞA;510 SOKAK;sokak;804541680
DÜZCE;ÇİLİMLİ;MAHİRAĞA;511 SOKAK;sokak;477693440
DÜZCE;ÇİLİMLİ;MAHİRAĞA;512 SOKAK;sokak;286004351
DÜZCE;ÇİLİMLİ;MAHİRAĞA;513 SOKAK;sokak;241212201
DÜZCE;ÇİLİMLİ;MAHİRAĞA;514 SOKAK;sokak;750323591
DÜZCE;ÇİLİMLİ;MAHİRAĞA;515 SOKAK;sokak;958636501
DÜZCE;ÇİLİMLİ;MAHİRAĞA;516 SOKAK;sokak;428030641
DÜZCE;ÇİLİMLİ;MAHİRAĞA;517 SOKAK;sokak;318928051
DÜZCE;ÇİLİMLİ;MAHİRAĞA;518 SOKAK;sokak;728637231
DÜZCE;ÇİLİMLİ;MAHİRAĞA;519 SOKAK;sokak;443464681
DÜZCE;ÇİLİMLİ;MAHİRAĞA;520 SOKAK;sokak;535759321
DÜZCE;ÇİLİMLİ;MAHİRAĞA;521 SOKAK;sokak;658366031
DÜZCE;ÇİLİMLİ;MAHİRAĞA;522 SOKAK;sokak;417734821
DÜZCE;ÇİLİMLİ;MAHİRAĞA;523 SOKAK;sokak;696201021
DÜZCE;ÇİLİMLİ;MAHİRAĞA;524 SOKAK;sokak;170005551
DÜZCE;ÇİLİMLİ;MAHİRAĞA;527 SOKAK;sokak;379865511
DÜZCE;ÇİLİMLİ;MAHİRAĞA;536 SOKAK;sokak;787313201
DÜZCE;ÇİLİMLİ;MAHİRAĞA;537 SOKAK;sokak;517029751
DÜZCE;ÇİLİMLİ;MAHİRAĞA;540 SOKAK;sokak;419474821
DÜZCE;ÇİLİMLİ;MAHİRAĞA;541 SOKAK;sokak;702397771
DÜZCE;ÇİLİMLİ;MAHİRAĞA;543 SOKAK;sokak;169761441
DÜZCE;ÇİLİMLİ;MAHİRAĞA;545 SOKAK;sokak;250612681
DÜZCE;ÇİLİMLİ;MAHİRAĞA;546 SOKAK;sokak;586727001
DÜZCE;ÇİLİMLİ;MAHİRAĞA;827. SOKAK;sokak;1314859
DÜZCE;ÇİLİMLİ;MAHİRAĞA;ACAR SOKAK;sokak;867763
DÜZCE;ÇİLİMLİ;MAHİRAĞA;AHMET ÇAVUŞ SOKAK;sokak;642550
DÜZCE;ÇİLİMLİ;MAHİRAĞA;ÇİLİMLİ KUZEY CADDE;cadde;1239929
DÜZCE;ÇİLİMLİ;MAHİRAĞA;DÜZCE CADDE;cadde;26077
DÜZCE;ÇİLİMLİ;MAHİRAĞA;HALİL ARSLAN CADDE;cadde;867771
DÜZCE;ÇİLİMLİ;MAHİRAĞA;HASAN AYDIN SOKAK;sokak;867759
DÜZCE;ÇİLİMLİ;MAHİRAĞA;HASAN ÇELEBİ SOKAK;sokak;867765
DÜZCE;ÇİLİMLİ;MAHİRAĞA;HÜSEYİN AYDIN SOKAK;sokak;867755
DÜZCE;ÇİLİMLİ;MAHİRAĞA;İ. HAKKI ÇELEBİ SOKAK;sokak;867766
DÜZCE;ÇİLİMLİ;MAHİRAĞA;KANAL 2 SOKAK;sokak;26078
DÜZCE;ÇİLİMLİ;MAHİRAĞA;KANAL CADDE;cadde;961505
DÜZCE;ÇİLİMLİ;MAHİRAĞA;MEHMET ACAR CADDE;cadde;26079
DÜZCE;ÇİLİMLİ;MAHİRAĞA;MEZBAHANE CADDE;cadde;1239927
DÜZCE;ÇİLİMLİ;MAHİRAĞA;MUSTAFA YAVUZ SOKAK;sokak;867773
DÜZCE;ÇİLİMLİ;MAHİRAĞA;PARK SOKAK;sokak;867775
DÜZCE;ÇİLİMLİ;MAHİRAĞA;SALİH YAĞMUR SOKAK;sokak;867757
DÜZCE;ÇİLİMLİ;MAHİRAĞA;ŞAHİN SOKAK;sokak;867753
DÜZCE;ÇİLİMLİ;MAHİRAĞA;TÜRBE CADDE;cadde;867768
DÜZCE;ÇİLİMLİ;MAHİRAĞA;YAŞAR YAVUZ CADDE;cadde;867761
DÜZCE;ÇİLİMLİ;PIRPIR - ALİMLER;ALİMLER KÜME EVLER;sokak;309370
DÜZCE;ÇİLİMLİ;PIRPIR - ALİMLER;YUKARIKARAKÖY KÜME EVLER;sokak;386752290
DÜZCE;ÇİLİMLİ;PIRPIR - ÇAKALLAR;ÇAKALLAR KÜME EVLER;sokak;552989
DÜZCE;ÇİLİMLİ;PIRPIR - ÇAKALLAR;YUKARIKARAKÖY KÜME EVLER;sokak;218097100
DÜZCE;ÇİLİMLİ;PIRPIR - KANAL;KANAL KÜME EVLER;sokak;265282
DÜZCE;ÇİLİMLİ;PIRPIR - KOCAVELİLER;KOCAVELİLER KÜME EVLER;sokak;545571
DÜZCE;ÇİLİMLİ;PIRPIR - KOCAVELİLER;YUKARIKARAKÖY KÜME EVLER;sokak;611941630
DÜZCE;ÇİLİMLİ;PIRPIR - KÜLTÜR;KÜLTÜR KÜME EVLER;sokak;543871
DÜZCE;ÇİLİMLİ;PIRPIR - ORTA;ORTA KÜME EVLER;sokak;478796
DÜZCE;ÇİLİMLİ;PIRPIR - ORTA;YUKARIKARAKÖY KÜME EVLER;sokak;937928280
DÜZCE;ÇİLİMLİ;PIRPIR - ÖMERCİKLER;ÖMERCİKLER KÜME EVLER;sokak;325474
DÜZCE;ÇİLİMLİ;SARIMEŞE NA;AKÇAKOCA CADDE;cadde;763455290
DÜZCE;ÇİLİMLİ;SARIMEŞE NA;SARIMEŞE KÜME EVLER;sokak;536136
DÜZCE;ÇİLİMLİ;SÖĞÜTLÜ - ÇİLİMLİ OSB;1. SOKAK;sokak;125935471
DÜZCE;ÇİLİMLİ;SÖĞÜTLÜ - ÇİLİMLİ OSB;804. SOKAK;sokak;778650951
DÜZCE;ÇİLİMLİ;SÖĞÜTLÜ - ÇİLİMLİ OSB;ÇOSB 1. CADDE;cadde;422601331
DÜZCE;ÇİLİMLİ;SÖĞÜTLÜ - ÇİLİMLİ OSB;ÇOSB 2. CADDE;cadde;285960881
DÜZCE;ÇİLİMLİ;SÖĞÜTLÜ - ÇİLİMLİ OSB;ÇOSB 3. CADDE;cadde;873262031
DÜZCE;ÇİLİMLİ;SÖĞÜTLÜ - ÇİLİMLİ OSB;ÇOSB 4. CADDE;cadde;470209121
DÜZCE;ÇİLİMLİ;SÖĞÜTLÜ - SÖĞÜTLÜ;801. SOKAK;sokak;1238575
DÜZCE;ÇİLİMLİ;SÖĞÜTLÜ - SÖĞÜTLÜ;802 SOKAK;sokak;669301650
DÜZCE;ÇİLİMLİ;SÖĞÜTLÜ - SÖĞÜTLÜ;803. SOKAK;sokak;1238579
DÜZCE;ÇİLİMLİ;SÖĞÜTLÜ - SÖĞÜTLÜ;804. SOKAK;sokak;1238581
DÜZCE;ÇİLİMLİ;SÖĞÜTLÜ - SÖĞÜTLÜ;805. SOKAK;sokak;1238583
DÜZCE;ÇİLİMLİ;SÖĞÜTLÜ - SÖĞÜTLÜ;806. SOKAK;sokak;1238585
DÜZCE;ÇİLİMLİ;SÖĞÜTLÜ - SÖĞÜTLÜ;807. SOKAK;sokak;1238587
DÜZCE;ÇİLİMLİ;SÖĞÜTLÜ - SÖĞÜTLÜ;808. SOKAK;sokak;1238589
DÜZCE;ÇİLİMLİ;SÖĞÜTLÜ - SÖĞÜTLÜ;809. SOKAK;sokak;1238591
DÜZCE;ÇİLİMLİ;SÖĞÜTLÜ - SÖĞÜTLÜ;810. SOKAK;sokak;1238593
DÜZCE;ÇİLİMLİ;SÖĞÜTLÜ - SÖĞÜTLÜ;811. SOKAK;sokak;1238615
DÜZCE;ÇİLİMLİ;SÖĞÜTLÜ - SÖĞÜTLÜ;812. SOKAK;sokak;1238655
DÜZCE;ÇİLİMLİ;SÖĞÜTLÜ - SÖĞÜTLÜ;813. SOKAK;sokak;1238621
DÜZCE;ÇİLİMLİ;SÖĞÜTLÜ - SÖĞÜTLÜ;814. SOKAK;sokak;1238623
DÜZCE;ÇİLİMLİ;SÖĞÜTLÜ - SÖĞÜTLÜ;815. SOKAK;sokak;1238657
DÜZCE;ÇİLİMLİ;SÖĞÜTLÜ - SÖĞÜTLÜ;816. SOKAK;sokak;1238625
DÜZCE;ÇİLİMLİ;SÖĞÜTLÜ - SÖĞÜTLÜ;817. SOKAK;sokak;1238627
DÜZCE;ÇİLİMLİ;SÖĞÜTLÜ - SÖĞÜTLÜ;818. SOKAK;sokak;1238629
DÜZCE;ÇİLİMLİ;SÖĞÜTLÜ - SÖĞÜTLÜ;819. SOKAK;sokak;1238631
DÜZCE;ÇİLİMLİ;SÖĞÜTLÜ - SÖĞÜTLÜ;820. SOKAK;sokak;1238633
DÜZCE;ÇİLİMLİ;SÖĞÜTLÜ - SÖĞÜTLÜ;821. SOKAK;sokak;1238659
DÜZCE;ÇİLİMLİ;SÖĞÜTLÜ - SÖĞÜTLÜ;822. SOKAK;sokak;1238661
DÜZCE;ÇİLİMLİ;SÖĞÜTLÜ - SÖĞÜTLÜ;823. SOKAK;sokak;1238663
DÜZCE;ÇİLİMLİ;SÖĞÜTLÜ - SÖĞÜTLÜ;824. SOKAK;sokak;1238665
DÜZCE;ÇİLİMLİ;SÖĞÜTLÜ - SÖĞÜTLÜ;825. SOKAK;sokak;1238667
DÜZCE;ÇİLİMLİ;SÖĞÜTLÜ - SÖĞÜTLÜ;826. SOKAK;sokak;1238669
DÜZCE;ÇİLİMLİ;SÖĞÜTLÜ - SÖĞÜTLÜ;827. SOKAK;sokak;1314881
DÜZCE;ÇİLİMLİ;SÖĞÜTLÜ - SÖĞÜTLÜ;828. SOKAK;sokak;1238673
DÜZCE;ÇİLİMLİ;SÖĞÜTLÜ - SÖĞÜTLÜ;829 SOKAK;sokak;318531950
DÜZCE;ÇİLİMLİ;SÖĞÜTLÜ - SÖĞÜTLÜ;830 SOKAK;sokak;567208730
DÜZCE;ÇİLİMLİ;SÖĞÜTLÜ - SÖĞÜTLÜ;831 SOKAK;sokak;507974060
DÜZCE;ÇİLİMLİ;SÖĞÜTLÜ - SÖĞÜTLÜ;832 SOKAK;sokak;630921420
DÜZCE;ÇİLİMLİ;SÖĞÜTLÜ - SÖĞÜTLÜ;833 SOKAK;sokak;948033270
DÜZCE;ÇİLİMLİ;SÖĞÜTLÜ - SÖĞÜTLÜ;834 SOKAK;sokak;676979530
DÜZCE;ÇİLİMLİ;SÖĞÜTLÜ - SÖĞÜTLÜ;835 SOKAK;sokak;981000011
DÜZCE;ÇİLİMLİ;SÖĞÜTLÜ - SÖĞÜTLÜ;836 SOKAK;sokak;447685471
DÜZCE;ÇİLİMLİ;SÖĞÜTLÜ - SÖĞÜTLÜ;837 SOKAK;sokak;472277071
DÜZCE;ÇİLİMLİ;SÖĞÜTLÜ - SÖĞÜTLÜ;838 SOKAK;sokak;747323061
DÜZCE;ÇİLİMLİ;SÖĞÜTLÜ - SÖĞÜTLÜ;839 SOKAK;sokak;207609551
DÜZCE;ÇİLİMLİ;SÖĞÜTLÜ - SÖĞÜTLÜ;840 SOKAK;sokak;578293921
DÜZCE;ÇİLİMLİ;SÖĞÜTLÜ - SÖĞÜTLÜ;841 SOKAK;sokak;611415371
DÜZCE;ÇİLİMLİ;SÖĞÜTLÜ - SÖĞÜTLÜ;842 SOKAK;sokak;727820891
DÜZCE;ÇİLİMLİ;SÖĞÜTLÜ - SÖĞÜTLÜ;843 SOKAK;sokak;943577201
DÜZCE;ÇİLİMLİ;SÖĞÜTLÜ - SÖĞÜTLÜ;844 SOKAK;sokak;699846641
DÜZCE;ÇİLİMLİ;SÖĞÜTLÜ - SÖĞÜTLÜ;845 SOKAK;sokak;931347571
DÜZCE;ÇİLİMLİ;SÖĞÜTLÜ - SÖĞÜTLÜ;846 SOKAK;sokak;267432861
DÜZCE;ÇİLİMLİ;SÖĞÜTLÜ - SÖĞÜTLÜ;847 SOKAK;sokak;119086471
DÜZCE;ÇİLİMLİ;SÖĞÜTLÜ - SÖĞÜTLÜ;848 SOKAK;sokak;553097931
DÜZCE;ÇİLİMLİ;SÖĞÜTLÜ - SÖĞÜTLÜ;849 SOKAK;sokak;952349021
DÜZCE;ÇİLİMLİ;SÖĞÜTLÜ - SÖĞÜTLÜ;850 SOKAK;sokak;190923031
DÜZCE;ÇİLİMLİ;SÖĞÜTLÜ - SÖĞÜTLÜ;851 SOKAK;sokak;226187061
DÜZCE;ÇİLİMLİ;SÖĞÜTLÜ - SÖĞÜTLÜ;852 SOKAK;sokak;193606271
DÜZCE;ÇİLİMLİ;SÖĞÜTLÜ - SÖĞÜTLÜ;853 SOKAK;sokak;448249441
DÜZCE;ÇİLİMLİ;SÖĞÜTLÜ - SÖĞÜTLÜ;854 SOKAK;sokak;796227261
DÜZCE;ÇİLİMLİ;SÖĞÜTLÜ - SÖĞÜTLÜ;855 SOKAK;sokak;819250911
DÜZCE;ÇİLİMLİ;SÖĞÜTLÜ - SÖĞÜTLÜ;856 SOKAK;sokak;930724371
DÜZCE;ÇİLİMLİ;SÖĞÜTLÜ - SÖĞÜTLÜ;857 SOKAK;sokak;915704571
DÜZCE;ÇİLİMLİ;SÖĞÜTLÜ - SÖĞÜTLÜ;AKÇAKOCA CADDE;cadde;1239945
DÜZCE;ÇİLİMLİ;SÖĞÜTLÜ - SÖĞÜTLÜ;BAHAR SOKAK;sokak;356537
DÜZCE;ÇİLİMLİ;SÖĞÜTLÜ - SÖĞÜTLÜ;DERE SOKAK;sokak;503120
DÜZCE;ÇİLİMLİ;SÖĞÜTLÜ - SÖĞÜTLÜ;DÜZCE CADDE;cadde;371392840
DÜZCE;ÇİLİMLİ;SÖĞÜTLÜ - SÖĞÜTLÜ;MEHMET ACAR CADDE;cadde;1240781
DÜZCE;ÇİLİMLİ;SÖĞÜTLÜ - SÖĞÜTLÜ;SÖĞÜTLÜ CADDE;cadde;504917
DÜZCE;ÇİLİMLİ;ŞEREFİYE;1. CADDE;cadde;1239887
DÜZCE;ÇİLİMLİ;ŞEREFİYE;1. KANAL CADDE;cadde;946410
DÜZCE;ÇİLİMLİ;ŞEREFİYE;159. SOKAK;sokak;1239893
DÜZCE;ÇİLİMLİ;ŞEREFİYE;160. SOKAK;sokak;1239895
DÜZCE;ÇİLİMLİ;ŞEREFİYE;161. SOKAK;sokak;1239897
DÜZCE;ÇİLİMLİ;ŞEREFİYE;173. SOKAK;sokak;1239899
DÜZCE;ÇİLİMLİ;ŞEREFİYE;174. SOKAK;sokak;1239901
DÜZCE;ÇİLİMLİ;ŞEREFİYE;2. KANAL CADDE;cadde;946412
DÜZCE;ÇİLİMLİ;ŞEREFİYE;3. CADDE;cadde;1239889
DÜZCE;ÇİLİMLİ;ŞEREFİYE;4. CADDE;cadde;1239891
DÜZCE;ÇİLİMLİ;ŞEREFİYE;401. SOKAK;sokak;1238033
DÜZCE;ÇİLİMLİ;ŞEREFİYE;402. SOKAK;sokak;1238035
DÜZCE;ÇİLİMLİ;ŞEREFİYE;403. SOKAK;sokak;1238037
DÜZCE;ÇİLİMLİ;ŞEREFİYE;404. SOKAK;sokak;1238039
DÜZCE;ÇİLİMLİ;ŞEREFİYE;405. SOKAK;sokak;1238041
DÜZCE;ÇİLİMLİ;ŞEREFİYE;406. SOKAK;sokak;1238043
DÜZCE;ÇİLİMLİ;ŞEREFİYE;407. SOKAK;sokak;1238045
DÜZCE;ÇİLİMLİ;ŞEREFİYE;408. SOKAK;sokak;1238047
DÜZCE;ÇİLİMLİ;ŞEREFİYE;409. SOKAK;sokak;1238049
DÜZCE;ÇİLİMLİ;ŞEREFİYE;410. SOKAK;sokak;1238051
DÜZCE;ÇİLİMLİ;ŞEREFİYE;411. SOKAK;sokak;1238053
DÜZCE;ÇİLİMLİ;ŞEREFİYE;412. SOKAK;sokak;1238055
DÜZCE;ÇİLİMLİ;ŞEREFİYE;413. SOKAK;sokak;1238057
DÜZCE;ÇİLİMLİ;ŞEREFİYE;414. SOKAK;sokak;1238059
DÜZCE;ÇİLİMLİ;ŞEREFİYE;415 SOKAK;sokak;966639501
DÜZCE;ÇİLİMLİ;ŞEREFİYE;417 SOKAK;sokak;619670221
DÜZCE;ÇİLİMLİ;ŞEREFİYE;418 SOKAK;sokak;639997420
DÜZCE;ÇİLİMLİ;ŞEREFİYE;419 SOKAK;sokak;701714590
DÜZCE;ÇİLİMLİ;ŞEREFİYE;420 SOKAK;sokak;611092290
DÜZCE;ÇİLİMLİ;ŞEREFİYE;421 SOKAK;sokak;337847370
DÜZCE;ÇİLİMLİ;ŞEREFİYE;422 SOKAK;sokak;699679661
DÜZCE;ÇİLİMLİ;ŞEREFİYE;423 SOKAK;sokak;533615721
DÜZCE;ÇİLİMLİ;ŞEREFİYE;424 SOKAK;sokak;760785341
DÜZCE;ÇİLİMLİ;ŞEREFİYE;425 SOKAK;sokak;493244601
DÜZCE;ÇİLİMLİ;ŞEREFİYE;426 SOKAK;sokak;118443541
DÜZCE;ÇİLİMLİ;ŞEREFİYE;427 SOKAK;sokak;198791471
DÜZCE;ÇİLİMLİ;ŞEREFİYE;428 SOKAK;sokak;592976711
DÜZCE;ÇİLİMLİ;ŞEREFİYE;429 SOKAK;sokak;765642771
DÜZCE;ÇİLİMLİ;ŞEREFİYE;430 SOKAK;sokak;989763841
DÜZCE;ÇİLİMLİ;ŞEREFİYE;431 SOKAK;sokak;272198561
DÜZCE;ÇİLİMLİ;ŞEREFİYE;432 SOKAK;sokak;545916801
DÜZCE;ÇİLİMLİ;ŞEREFİYE;433 SOKAK;sokak;837089091
DÜZCE;ÇİLİMLİ;ŞEREFİYE;434 SOKAK;sokak;591229371
DÜZCE;ÇİLİMLİ;ŞEREFİYE;435 SOKAK;sokak;227583381
DÜZCE;ÇİLİMLİ;ŞEREFİYE;436 SOKAK;sokak;830966771
DÜZCE;ÇİLİMLİ;ŞEREFİYE;437 SOKAK;sokak;425758291
DÜZCE;ÇİLİMLİ;ŞEREFİYE;438 SOKAK;sokak;641110731
DÜZCE;ÇİLİMLİ;ŞEREFİYE;439 SOKAK;sokak;221811271
DÜZCE;ÇİLİMLİ;ŞEREFİYE;440 SOKAK;sokak;135265791
DÜZCE;ÇİLİMLİ;ŞEREFİYE;441 SOKAK;sokak;711383331
DÜZCE;ÇİLİMLİ;ŞEREFİYE;442 SOKAK;sokak;541340281
DÜZCE;ÇİLİMLİ;ŞEREFİYE;443 SOKAK;sokak;365440471
DÜZCE;ÇİLİMLİ;ŞEREFİYE;AKDERE 2 SOKAK;sokak;1239907
DÜZCE;ÇİLİMLİ;ŞEREFİYE;AKDERE SOKAK;sokak;946416
DÜZCE;ÇİLİMLİ;ŞEREFİYE;BAĞDAT CADDE;cadde;412729
DÜZCE;ÇİLİMLİ;ŞEREFİYE;BATI SOKAK;sokak;155092
DÜZCE;ÇİLİMLİ;ŞEREFİYE;BİRLİK SOKAK;sokak;155786
DÜZCE;ÇİLİMLİ;ŞEREFİYE;BODUR SOKAK;sokak;155785
DÜZCE;ÇİLİMLİ;ŞEREFİYE;ÇELİK SOKAK;sokak;287832981
DÜZCE;ÇİLİMLİ;ŞEREFİYE;DERE 2 SOKAK;sokak;946432
DÜZCE;ÇİLİMLİ;ŞEREFİYE;DÜZCE CADDE;cadde;407018
DÜZCE;ÇİLİMLİ;ŞEREFİYE;HACI HASAN SOKAK;sokak;946438
DÜZCE;ÇİLİMLİ;ŞEREFİYE;HACI OSMAN BEY SOKAK;sokak;946436
DÜZCE;ÇİLİMLİ;ŞEREFİYE;HENDEK SOKAK;sokak;946426
DÜZCE;ÇİLİMLİ;ŞEREFİYE;HORUZ SOKAK;sokak;946420
DÜZCE;ÇİLİMLİ;ŞEREFİYE;KALYON SOKAK;sokak;946422
DÜZCE;ÇİLİMLİ;ŞEREFİYE;LÜTFÜOĞLU SOKAK;sokak;946446
DÜZCE;ÇİLİMLİ;ŞEREFİYE;MEZBAHANE CADDE;cadde;946414
DÜZCE;ÇİLİMLİ;ŞEREFİYE;OKUL 2 SOKAK;sokak;946418
DÜZCE;ÇİLİMLİ;ŞEREFİYE;ORTA. SOKAK;sokak;155787
DÜZCE;ÇİLİMLİ;ŞEREFİYE;ÖZBAL SOKAK;sokak;946442
DÜZCE;ÇİLİMLİ;ŞEREFİYE;PIRPIR CADDE;cadde;155788
DÜZCE;ÇİLİMLİ;ŞEREFİYE;TOK SOKAK;sokak;946430
DÜZCE;ÇİLİMLİ;ŞEREFİYE;UYANIK SOKAK;sokak;896749231
DÜZCE;ÇİLİMLİ;ŞEREFİYE;UYSAL SOKAK;sokak;946444
DÜZCE;ÇİLİMLİ;ŞEREFİYE;VAROL SOKAK;sokak;946440
DÜZCE;ÇİLİMLİ;ŞEREFİYE;YANGIN SOKAK;sokak;946434
DÜZCE;ÇİLİMLİ;ŞEREFİYE;YILMAZ SOKAK;sokak;155789
DÜZCE;ÇİLİMLİ;TEPEKÖY NA;TEPEKÖY KÜME EVLER;sokak;532663
DÜZCE;ÇİLİMLİ;TOPÇULAR;1601 SOKAK;sokak;821991831
DÜZCE;ÇİLİMLİ;TOPÇULAR;1602 SOKAK;sokak;668047411
DÜZCE;ÇİLİMLİ;TOPÇULAR;1603 SOKAK;sokak;629813521
DÜZCE;ÇİLİMLİ;TOPÇULAR;1604 SOKAK;sokak;702020561
DÜZCE;ÇİLİMLİ;TOPÇULAR;1605 SOKAK;sokak;625881081
DÜZCE;ÇİLİMLİ;TOPÇULAR;1606 SOKAK;sokak;371025221
DÜZCE;ÇİLİMLİ;TOPÇULAR;1607 SOKAK;sokak;737788051
DÜZCE;ÇİLİMLİ;TOPÇULAR;1608 SOKAK;sokak;114631631
DÜZCE;ÇİLİMLİ;TOPÇULAR;1609 SOKAK;sokak;887400631
DÜZCE;ÇİLİMLİ;TOPÇULAR;1610 SOKAK;sokak;645225191
DÜZCE;ÇİLİMLİ;TOPÇULAR;1611 SOKAK;sokak;858295131
DÜZCE;ÇİLİMLİ;TOPÇULAR;1612 SOKAK;sokak;177388811
DÜZCE;ÇİLİMLİ;TOPÇULAR;1613 SOKAK;sokak;601727981
DÜZCE;ÇİLİMLİ;TOPÇULAR;601. SOKAK;sokak;1238353
DÜZCE;ÇİLİMLİ;TOPÇULAR;602. SOKAK;sokak;1238355
DÜZCE;ÇİLİMLİ;TOPÇULAR;603. SOKAK;sokak;1238357
DÜZCE;ÇİLİMLİ;TOPÇULAR;604. SOKAK;sokak;1238359
DÜZCE;ÇİLİMLİ;TOPÇULAR;605. SOKAK;sokak;213381
DÜZCE;ÇİLİMLİ;TOPÇULAR;606. SOKAK;sokak;1238361
DÜZCE;ÇİLİMLİ;TOPÇULAR;607. SOKAK;sokak;1238363
DÜZCE;ÇİLİMLİ;TOPÇULAR;608. SOKAK;sokak;1238365
DÜZCE;ÇİLİMLİ;TOPÇULAR;609. SOKAK;sokak;1238367
DÜZCE;ÇİLİMLİ;TOPÇULAR;610. SOKAK;sokak;1238369
DÜZCE;ÇİLİMLİ;TOPÇULAR;611. SOKAK;sokak;1238371
DÜZCE;ÇİLİMLİ;TOPÇULAR;612. SOKAK;sokak;1238373
DÜZCE;ÇİLİMLİ;TOPÇULAR;613. SOKAK;sokak;1238375
DÜZCE;ÇİLİMLİ;TOPÇULAR;614. SOKAK;sokak;1238377
DÜZCE;ÇİLİMLİ;TOPÇULAR;615. SOKAK;sokak;1238379
DÜZCE;ÇİLİMLİ;TOPÇULAR;616. SOKAK;sokak;1238381
DÜZCE;ÇİLİMLİ;TOPÇULAR;617. SOKAK;sokak;1238383
DÜZCE;ÇİLİMLİ;TOPÇULAR;618. SOKAK;sokak;1238385
DÜZCE;ÇİLİMLİ;TOPÇULAR;619. SOKAK;sokak;1238387
DÜZCE;ÇİLİMLİ;TOPÇULAR;620. SOKAK;sokak;1238389
DÜZCE;ÇİLİMLİ;TOPÇULAR;621. SOKAK;sokak;1238391
DÜZCE;ÇİLİMLİ;TOPÇULAR;622. SOKAK;sokak;1238393
DÜZCE;ÇİLİMLİ;TOPÇULAR;623. SOKAK;sokak;1238395
DÜZCE;ÇİLİMLİ;TOPÇULAR;624. SOKAK;sokak;1238397
DÜZCE;ÇİLİMLİ;TOPÇULAR;625. SOKAK;sokak;1238399
DÜZCE;ÇİLİMLİ;TOPÇULAR;626. SOKAK;sokak;1238401
DÜZCE;ÇİLİMLİ;TOPÇULAR;627. SOKAK;sokak;1238403
DÜZCE;ÇİLİMLİ;TOPÇULAR;628 SOKAK;sokak;347086691
DÜZCE;ÇİLİMLİ;TOPÇULAR;629 SOKAK;sokak;195378100
DÜZCE;ÇİLİMLİ;TOPÇULAR;630 SOKAK;sokak;544522630
DÜZCE;ÇİLİMLİ;TOPÇULAR;631 SOKAK;sokak;648942310
DÜZCE;ÇİLİMLİ;TOPÇULAR;632 SOKAK;sokak;349023870
DÜZCE;ÇİLİMLİ;TOPÇULAR;633 SOKAK;sokak;854685360
DÜZCE;ÇİLİMLİ;TOPÇULAR;634 SOKAK;sokak;705066880
DÜZCE;ÇİLİMLİ;TOPÇULAR;635 SOKAK;sokak;615133130
DÜZCE;ÇİLİMLİ;TOPÇULAR;636 SOKAK;sokak;371742650
DÜZCE;ÇİLİMLİ;TOPÇULAR;637 SOKAK;sokak;574748680
DÜZCE;ÇİLİMLİ;TOPÇULAR;638 SOKAK;sokak;614152120
DÜZCE;ÇİLİMLİ;TOPÇULAR;639 SOKAK;sokak;927634650
DÜZCE;ÇİLİMLİ;TOPÇULAR;640 SOKAK;sokak;649230630
DÜZCE;ÇİLİMLİ;TOPÇULAR;641 SOKAK;sokak;434532400
DÜZCE;ÇİLİMLİ;TOPÇULAR;642 SOKAK;sokak;267457450
DÜZCE;ÇİLİMLİ;TOPÇULAR;643 SOKAK;sokak;723782010
DÜZCE;ÇİLİMLİ;TOPÇULAR;644 SOKAK;sokak;724340951
DÜZCE;ÇİLİMLİ;TOPÇULAR;645 SOKAK;sokak;396770910
DÜZCE;ÇİLİMLİ;TOPÇULAR;646 SOKAK;sokak;235097300
DÜZCE;ÇİLİMLİ;TOPÇULAR;647 SOKAK;sokak;205790250
DÜZCE;ÇİLİMLİ;TOPÇULAR;648 SOKAK;sokak;145745600
DÜZCE;ÇİLİMLİ;TOPÇULAR;651 SOKAK;sokak;801807551
DÜZCE;ÇİLİMLİ;TOPÇULAR;652 SOKAK;sokak;338219011
DÜZCE;ÇİLİMLİ;TOPÇULAR;653 SOKAK;sokak;454065761
DÜZCE;ÇİLİMLİ;TOPÇULAR;654 SOKAK;sokak;827007171
DÜZCE;ÇİLİMLİ;TOPÇULAR;657 SOKAK;sokak;529886231
DÜZCE;ÇİLİMLİ;TOPÇULAR;659 SOKAK;sokak;479733911
DÜZCE;ÇİLİMLİ;TOPÇULAR;660 SOKAK;sokak;923463601
DÜZCE;ÇİLİMLİ;TOPÇULAR;661 SOKAK;sokak;580759951
DÜZCE;ÇİLİMLİ;TOPÇULAR;664 SOKAK;sokak;822630391
DÜZCE;ÇİLİMLİ;TOPÇULAR;665 SOKAK;sokak;907005351
DÜZCE;ÇİLİMLİ;TOPÇULAR;666 SOKAK;sokak;937983041
DÜZCE;ÇİLİMLİ;TOPÇULAR;667 SOKAK;sokak;498825901
DÜZCE;ÇİLİMLİ;TOPÇULAR;668 SOKAK;sokak;737732441
DÜZCE;ÇİLİMLİ;TOPÇULAR;669 SOKAK;sokak;563292041
DÜZCE;ÇİLİMLİ;TOPÇULAR;670 SOKAK;sokak;976569871
DÜZCE;ÇİLİMLİ;TOPÇULAR;679 SOKAK;sokak;970762021
DÜZCE;ÇİLİMLİ;TOPÇULAR;680 SOKAK;sokak;609019151
DÜZCE;ÇİLİMLİ;TOPÇULAR;681 SOKAK;sokak;547026341
DÜZCE;ÇİLİMLİ;TOPÇULAR;682 SOKAK;sokak;977769341
DÜZCE;ÇİLİMLİ;TOPÇULAR;683 SOKAK;sokak;302340411
DÜZCE;ÇİLİMLİ;TOPÇULAR;684 SOKAK;sokak;595302041
DÜZCE;ÇİLİMLİ;TOPÇULAR;687 SOKAK;sokak;366650401
DÜZCE;ÇİLİMLİ;TOPÇULAR;690 SOKAK;sokak;373140021
DÜZCE;ÇİLİMLİ;TOPÇULAR;691 SOKAK;sokak;781938691
DÜZCE;ÇİLİMLİ;TOPÇULAR;692 SOKAK;sokak;316594691
DÜZCE;ÇİLİMLİ;TOPÇULAR;693 SOKAK;sokak;650036001
DÜZCE;ÇİLİMLİ;TOPÇULAR;694 SOKAK;sokak;814999801
DÜZCE;ÇİLİMLİ;TOPÇULAR;695 SOKAK;sokak;345073501
DÜZCE;ÇİLİMLİ;TOPÇULAR;696 SOKAK;sokak;713762551
DÜZCE;ÇİLİMLİ;TOPÇULAR;697 SOKAK;sokak;294031101
DÜZCE;ÇİLİMLİ;TOPÇULAR;698 SOKAK;sokak;236500961
DÜZCE;ÇİLİMLİ;TOPÇULAR;699 SOKAK;sokak;382351491
DÜZCE;ÇİLİMLİ;TOPÇULAR;AHMETÇİLER SOKAK;sokak;517289
DÜZCE;ÇİLİMLİ;TOPÇULAR;CAMİ CADDE;cadde;537986
DÜZCE;ÇİLİMLİ;TOPÇULAR;ÇIKMAZ SOKAK;sokak;545266
DÜZCE;ÇİLİMLİ;TOPÇULAR;ÇİLİMLİ KUZEY CADDE;cadde;541157
DÜZCE;ÇİLİMLİ;TOPÇULAR;D 100 KARAYOLU CADDE;cadde;1238349
DÜZCE;ÇİLİMLİ;TOPÇULAR;DÜZCE CADDE;cadde;489622
DÜZCE;ÇİLİMLİ;TOPÇULAR;ELMALI SOKAK;sokak;316707
DÜZCE;ÇİLİMLİ;TOPÇULAR;İLKÖĞRETİM CADDE;cadde;531180
DÜZCE;ÇİLİMLİ;TOPÇULAR;KOCAKAVAK CADDE;cadde;1238351
DÜZCE;ÇİLİMLİ;TOPÇULAR;NECİP SOKAK;sokak;541382
DÜZCE;ÇİLİMLİ;TOPÇULAR;OKUL CADDE;cadde;538586
DÜZCE;ÇİLİMLİ;TOPÇULAR;YILDIZ SOKAK;sokak;370954
DÜZCE;ÇİLİMLİ;ULUCAMİ;1. CADDE;cadde;1239435
DÜZCE;ÇİLİMLİ;ULUCAMİ;101. SOKAK;sokak;961836
DÜZCE;ÇİLİMLİ;ULUCAMİ;102. SOKAK;sokak;961605
DÜZCE;ÇİLİMLİ;ULUCAMİ;103. SOKAK;sokak;961603
DÜZCE;ÇİLİMLİ;ULUCAMİ;104. SOKAK;sokak;1240815
DÜZCE;ÇİLİMLİ;ULUCAMİ;105. SOKAK;sokak;1238121
DÜZCE;ÇİLİMLİ;ULUCAMİ;106. SOKAK;sokak;1238197
DÜZCE;ÇİLİMLİ;ULUCAMİ;107. SOKAK;sokak;1238199
DÜZCE;ÇİLİMLİ;ULUCAMİ;108. SOKAK;sokak;1238201
DÜZCE;ÇİLİMLİ;ULUCAMİ;109. SOKAK;sokak;1238203
DÜZCE;ÇİLİMLİ;ULUCAMİ;110. SOKAK;sokak;1238205
DÜZCE;ÇİLİMLİ;ULUCAMİ;1103 SOKAK;sokak;634997351
DÜZCE;ÇİLİMLİ;ULUCAMİ;1104 SOKAK;sokak;509449901
DÜZCE;ÇİLİMLİ;ULUCAMİ;1105 SOKAK;sokak;453913721
DÜZCE;ÇİLİMLİ;ULUCAMİ;1106 SOKAK;sokak;734155231
DÜZCE;ÇİLİMLİ;ULUCAMİ;1108 SOKAK;sokak;749834121
DÜZCE;ÇİLİMLİ;ULUCAMİ;1109 SOKAK;sokak;973640951
DÜZCE;ÇİLİMLİ;ULUCAMİ;111. SOKAK;sokak;1238207
DÜZCE;ÇİLİMLİ;ULUCAMİ;1110 SOKAK;sokak;954476861
DÜZCE;ÇİLİMLİ;ULUCAMİ;1111 SOKAK;sokak;461466681
DÜZCE;ÇİLİMLİ;ULUCAMİ;1112 SOKAK;sokak;658669641
DÜZCE;ÇİLİMLİ;ULUCAMİ;1113 SOKAK;sokak;653441861
DÜZCE;ÇİLİMLİ;ULUCAMİ;1114 SOKAK;sokak;904083111
DÜZCE;ÇİLİMLİ;ULUCAMİ;1115 SOKAK;sokak;874802991
DÜZCE;ÇİLİMLİ;ULUCAMİ;1116 SOKAK;sokak;371854691
DÜZCE;ÇİLİMLİ;ULUCAMİ;1117 SOKAK;sokak;282325931
DÜZCE;ÇİLİMLİ;ULUCAMİ;1118 SOKAK;sokak;249979751
DÜZCE;ÇİLİMLİ;ULUCAMİ;1119 SOKAK;sokak;973883671
DÜZCE;ÇİLİMLİ;ULUCAMİ;112. SOKAK;sokak;1238209
DÜZCE;ÇİLİMLİ;ULUCAMİ;1120 SOKAK;sokak;382043431
DÜZCE;ÇİLİMLİ;ULUCAMİ;1121 SOKAK;sokak;372083111
DÜZCE;ÇİLİMLİ;ULUCAMİ;1122 SOKAK;sokak;110586741
DÜZCE;ÇİLİMLİ;ULUCAMİ;1123 SOKAK;sokak;496909771
DÜZCE;ÇİLİMLİ;ULUCAMİ;1124 SOKAK;sokak;879807441
DÜZCE;ÇİLİMLİ;ULUCAMİ;1125 SOKAK;sokak;180604341
DÜZCE;ÇİLİMLİ;ULUCAMİ;1126 SOKAK;sokak;179355291
DÜZCE;ÇİLİMLİ;ULUCAMİ;1127 SOKAK;sokak;725219331
DÜZCE;ÇİLİMLİ;ULUCAMİ;1128 SOKAK;sokak;636104301
DÜZCE;ÇİLİMLİ;ULUCAMİ;1129 SOKAK;sokak;665337121
DÜZCE;ÇİLİMLİ;ULUCAMİ;113. SOKAK;sokak;1238211
DÜZCE;ÇİLİMLİ;ULUCAMİ;1130 SOKAK;sokak;591344521
DÜZCE;ÇİLİMLİ;ULUCAMİ;1131 SOKAK;sokak;258935871
DÜZCE;ÇİLİMLİ;ULUCAMİ;1132 SOKAK;sokak;772583741
DÜZCE;ÇİLİMLİ;ULUCAMİ;1136 SOKAK;sokak;385392841
DÜZCE;ÇİLİMLİ;ULUCAMİ;1137 SOKAK;sokak;250569461
DÜZCE;ÇİLİMLİ;ULUCAMİ;1138 SOKAK;sokak;860299491
DÜZCE;ÇİLİMLİ;ULUCAMİ;114. SOKAK;sokak;1238213
DÜZCE;ÇİLİMLİ;ULUCAMİ;115. SOKAK;sokak;1238215
DÜZCE;ÇİLİMLİ;ULUCAMİ;116. SOKAK;sokak;1238219
DÜZCE;ÇİLİMLİ;ULUCAMİ;117. SOKAK;sokak;1238217
DÜZCE;ÇİLİMLİ;ULUCAMİ;118. SOKAK;sokak;1238221
DÜZCE;ÇİLİMLİ;ULUCAMİ;119. SOKAK;sokak;1238231
DÜZCE;ÇİLİMLİ;ULUCAMİ;120. SOKAK;sokak;1238233
DÜZCE;ÇİLİMLİ;ULUCAMİ;121. SOKAK;sokak;1238235
DÜZCE;ÇİLİMLİ;ULUCAMİ;122. SOKAK;sokak;1238237
DÜZCE;ÇİLİMLİ;ULUCAMİ;123. SOKAK;sokak;1238239
DÜZCE;ÇİLİMLİ;ULUCAMİ;124. SOKAK;sokak;1238241
DÜZCE;ÇİLİMLİ;ULUCAMİ;125. SOKAK;sokak;1238243
DÜZCE;ÇİLİMLİ;ULUCAMİ;126. SOKAK;sokak;1238245
DÜZCE;ÇİLİMLİ;ULUCAMİ;127. SOKAK;sokak;1238247
DÜZCE;ÇİLİMLİ;ULUCAMİ;129 SOKAK;sokak;340192401
DÜZCE;ÇİLİMLİ;ULUCAMİ;130. SOKAK;sokak;1238253
DÜZCE;ÇİLİMLİ;ULUCAMİ;131. SOKAK;sokak;1238255
DÜZCE;ÇİLİMLİ;ULUCAMİ;132. SOKAK;sokak;1238257
DÜZCE;ÇİLİMLİ;ULUCAMİ;133. SOKAK;sokak;1238259
DÜZCE;ÇİLİMLİ;ULUCAMİ;134. SOKAK;sokak;1238261
DÜZCE;ÇİLİMLİ;ULUCAMİ;135. SOKAK;sokak;1238263
DÜZCE;ÇİLİMLİ;ULUCAMİ;136. SOKAK;sokak;1238265
DÜZCE;ÇİLİMLİ;ULUCAMİ;137. SOKAK;sokak;1238267
DÜZCE;ÇİLİMLİ;ULUCAMİ;138. SOKAK;sokak;1238269
DÜZCE;ÇİLİMLİ;ULUCAMİ;139. SOKAK;sokak;1238271
DÜZCE;ÇİLİMLİ;ULUCAMİ;140. SOKAK;sokak;1238273
DÜZCE;ÇİLİMLİ;ULUCAMİ;141. SOKAK;sokak;1238275
DÜZCE;ÇİLİMLİ;ULUCAMİ;142. SOKAK;sokak;1238277
DÜZCE;ÇİLİMLİ;ULUCAMİ;143. SOKAK;sokak;1238279
DÜZCE;ÇİLİMLİ;ULUCAMİ;144. SOKAK;sokak;1238281
DÜZCE;ÇİLİMLİ;ULUCAMİ;145. SOKAK;sokak;1238283
DÜZCE;ÇİLİMLİ;ULUCAMİ;146. SOKAK;sokak;1238285
DÜZCE;ÇİLİMLİ;ULUCAMİ;147. SOKAK;sokak;1238287
DÜZCE;ÇİLİMLİ;ULUCAMİ;148. SOKAK;sokak;1238289
DÜZCE;ÇİLİMLİ;ULUCAMİ;149. SOKAK;sokak;1238291
DÜZCE;ÇİLİMLİ;ULUCAMİ;150. SOKAK;sokak;1238293
DÜZCE;ÇİLİMLİ;ULUCAMİ;151. SOKAK;sokak;1238333
DÜZCE;ÇİLİMLİ;ULUCAMİ;152. SOKAK;sokak;1238335
DÜZCE;ÇİLİMLİ;ULUCAMİ;153. SOKAK;sokak;1238337
DÜZCE;ÇİLİMLİ;ULUCAMİ;154. SOKAK;sokak;1238339
DÜZCE;ÇİLİMLİ;ULUCAMİ;155. SOKAK;sokak;1238341
DÜZCE;ÇİLİMLİ;ULUCAMİ;156. SOKAK;sokak;1238343
DÜZCE;ÇİLİMLİ;ULUCAMİ;157. SOKAK;sokak;1238345
DÜZCE;ÇİLİMLİ;ULUCAMİ;158. SOKAK;sokak;1238347
DÜZCE;ÇİLİMLİ;ULUCAMİ;159. SOKAK;sokak;1238475
DÜZCE;ÇİLİMLİ;ULUCAMİ;160. SOKAK;sokak;1238477
DÜZCE;ÇİLİMLİ;ULUCAMİ;161. SOKAK;sokak;1238479
DÜZCE;ÇİLİMLİ;ULUCAMİ;162. SOKAK;sokak;1238435
DÜZCE;ÇİLİMLİ;ULUCAMİ;163. SOKAK;sokak;1238437
DÜZCE;ÇİLİMLİ;ULUCAMİ;164. SOKAK;sokak;1238439
DÜZCE;ÇİLİMLİ;ULUCAMİ;165. SOKAK;sokak;1238441
DÜZCE;ÇİLİMLİ;ULUCAMİ;166. SOKAK;sokak;1238443
DÜZCE;ÇİLİMLİ;ULUCAMİ;167. SOKAK;sokak;1238445
DÜZCE;ÇİLİMLİ;ULUCAMİ;168. SOKAK;sokak;1238447
DÜZCE;ÇİLİMLİ;ULUCAMİ;169. SOKAK;sokak;1238449
DÜZCE;ÇİLİMLİ;ULUCAMİ;170. SOKAK;sokak;1238451
DÜZCE;ÇİLİMLİ;ULUCAMİ;171. SOKAK;sokak;1238453
DÜZCE;ÇİLİMLİ;ULUCAMİ;172. SOKAK;sokak;1238455
DÜZCE;ÇİLİMLİ;ULUCAMİ;173. SOKAK;sokak;1238487
DÜZCE;ÇİLİMLİ;ULUCAMİ;174. SOKAK;sokak;1238489
DÜZCE;ÇİLİMLİ;ULUCAMİ;175. SOKAK;sokak;1238491
DÜZCE;ÇİLİMLİ;ULUCAMİ;178. SOKAK;sokak;407020
DÜZCE;ÇİLİMLİ;ULUCAMİ;179 SOKAK;sokak;330251150
DÜZCE;ÇİLİMLİ;ULUCAMİ;180 SOKAK;sokak;346333620
DÜZCE;ÇİLİMLİ;ULUCAMİ;181 SOKAK;sokak;445921600
DÜZCE;ÇİLİMLİ;ULUCAMİ;182 SOKAK;sokak;847631270
DÜZCE;ÇİLİMLİ;ULUCAMİ;183 SOKAK;sokak;195466050
DÜZCE;ÇİLİMLİ;ULUCAMİ;184 SOKAK;sokak;478509950
DÜZCE;ÇİLİMLİ;ULUCAMİ;185 SOKAK;sokak;361429660
DÜZCE;ÇİLİMLİ;ULUCAMİ;186 SOKAK;sokak;881883390
DÜZCE;ÇİLİMLİ;ULUCAMİ;187 SOKAK;sokak;436741670
DÜZCE;ÇİLİMLİ;ULUCAMİ;188 SOKAK;sokak;999679370
DÜZCE;ÇİLİMLİ;ULUCAMİ;189 SOKAK;sokak;970557760
DÜZCE;ÇİLİMLİ;ULUCAMİ;190 SOKAK;sokak;724464950
DÜZCE;ÇİLİMLİ;ULUCAMİ;191 SOKAK;sokak;643619000
DÜZCE;ÇİLİMLİ;ULUCAMİ;192 SOKAK;sokak;863880970
DÜZCE;ÇİLİMLİ;ULUCAMİ;193 SOKAK;sokak;186862530
DÜZCE;ÇİLİMLİ;ULUCAMİ;194 SOKAK;sokak;282314540
DÜZCE;ÇİLİMLİ;ULUCAMİ;2. CADDE;cadde;1239437
DÜZCE;ÇİLİMLİ;ULUCAMİ;208. SOKAK;sokak;1382715
DÜZCE;ÇİLİMLİ;ULUCAMİ;3. CADDE;cadde;1239439
DÜZCE;ÇİLİMLİ;ULUCAMİ;4. CADDE;cadde;1239441
DÜZCE;ÇİLİMLİ;ULUCAMİ;AHMET USLU SOKAK;sokak;961888
DÜZCE;ÇİLİMLİ;ULUCAMİ;AKÇAKOCA CADDE;cadde;1239299
DÜZCE;ÇİLİMLİ;ULUCAMİ;AKDERE 2 SOKAK;sokak;1238111
DÜZCE;ÇİLİMLİ;ULUCAMİ;AKDERE 3 SOKAK;sokak;1238119
DÜZCE;ÇİLİMLİ;ULUCAMİ;AKDERE SOKAK;sokak;961557
DÜZCE;ÇİLİMLİ;ULUCAMİ;AKSOY SOKAK;sokak;961599
DÜZCE;ÇİLİMLİ;ULUCAMİ;AKSU SOKAK;sokak;961852
DÜZCE;ÇİLİMLİ;ULUCAMİ;ANAOKUL SOKAK;sokak;961886
DÜZCE;ÇİLİMLİ;ULUCAMİ;ARABACI SOKAK;sokak;407019
DÜZCE;ÇİLİMLİ;ULUCAMİ;ARABACIOĞLU SOKAK;sokak;961587
DÜZCE;ÇİLİMLİ;ULUCAMİ;AYDIN SOKAK;sokak;961856
DÜZCE;ÇİLİMLİ;ULUCAMİ;BAĞDAT CADDE;cadde;614192
DÜZCE;ÇİLİMLİ;ULUCAMİ;BAYRAK SOKAK;sokak;961894
DÜZCE;ÇİLİMLİ;ULUCAMİ;BULANCAK SOKAK;sokak;961870
DÜZCE;ÇİLİMLİ;ULUCAMİ;CAN SOKAK;sokak;961601
DÜZCE;ÇİLİMLİ;ULUCAMİ;COŞKUN SOKAK;sokak;961848
DÜZCE;ÇİLİMLİ;ULUCAMİ;CUMHURİYET 2 SOKAK;sokak;840397261
DÜZCE;ÇİLİMLİ;ULUCAMİ;CUMHURİYET SOKAK;sokak;258569981
DÜZCE;ÇİLİMLİ;ULUCAMİ;ÇELEBİ SOKAK;sokak;961583
DÜZCE;ÇİLİMLİ;ULUCAMİ;ÇİMEN SOKAK;sokak;961585
DÜZCE;ÇİLİMLİ;ULUCAMİ;DEMİRCİLER SOKAK;sokak;151701
DÜZCE;ÇİLİMLİ;ULUCAMİ;DEMİRCİLER1 SOKAK;sokak;816954391
DÜZCE;ÇİLİMLİ;ULUCAMİ;DÜZCE CADDE;cadde;265512
DÜZCE;ÇİLİMLİ;ULUCAMİ;EMEK SOKAK;sokak;961611
DÜZCE;ÇİLİMLİ;ULUCAMİ;FİSKOBİRLİK SOKAK;sokak;961864
DÜZCE;ÇİLİMLİ;ULUCAMİ;GİRESUN CADDE;cadde;961868
DÜZCE;ÇİLİMLİ;ULUCAMİ;GÜNEŞ SOKAK;sokak;961878
DÜZCE;ÇİLİMLİ;ULUCAMİ;GÜNEY SOKAK;sokak;961866
DÜZCE;ÇİLİMLİ;ULUCAMİ;GÜVEN SOKAK;sokak;961854
DÜZCE;ÇİLİMLİ;ULUCAMİ;GÜVEN/1 SOKAK;sokak;677537150
DÜZCE;ÇİLİMLİ;ULUCAMİ;HORUZ SOKAK;sokak;961559
DÜZCE;ÇİLİMLİ;ULUCAMİ;İLHAN SOKAK;sokak;961579
DÜZCE;ÇİLİMLİ;ULUCAMİ;İRFAN ÖZTÜRK CADDE;cadde;857591
DÜZCE;ÇİLİMLİ;ULUCAMİ;KALYON 2 SOKAK;sokak;961840
DÜZCE;ÇİLİMLİ;ULUCAMİ;KANAL CADDE;cadde;961555
DÜZCE;ÇİLİMLİ;ULUCAMİ;KARADENİZ SOKAK;sokak;961876
DÜZCE;ÇİLİMLİ;ULUCAMİ;KARALAR SOKAK;sokak;151703
DÜZCE;ÇİLİMLİ;ULUCAMİ;KARANFİL SOKAK;sokak;961595
DÜZCE;ÇİLİMLİ;ULUCAMİ;KARSLIOĞLU SOKAK;sokak;700229341
DÜZCE;ÇİLİMLİ;ULUCAMİ;KOCABEY SOKAK;sokak;961872
DÜZCE;ÇİLİMLİ;ULUCAMİ;KONURALP SOKAK;sokak;961591
DÜZCE;ÇİLİMLİ;ULUCAMİ;LİSE SOKAK;sokak;961880
DÜZCE;ÇİLİMLİ;ULUCAMİ;MEHMET ACAR CADDE;cadde;918961421
DÜZCE;ÇİLİMLİ;ULUCAMİ;MERCAN SOKAK;sokak;961862
DÜZCE;ÇİLİMLİ;ULUCAMİ;MEZARLIK SOKAK;sokak;961890
DÜZCE;ÇİLİMLİ;ULUCAMİ;MEZBAHANE CADDE;cadde;961563
DÜZCE;ÇİLİMLİ;ULUCAMİ;MUHSİN SAK SOKAK;sokak;271768091
DÜZCE;ÇİLİMLİ;ULUCAMİ;MUSTAFA KURTKAYA CADDE;cadde;857590
DÜZCE;ÇİLİMLİ;ULUCAMİ;NUMANLAR SOKAK;sokak;155094
DÜZCE;ÇİLİMLİ;ULUCAMİ;OKUL 2 SOKAK;sokak;961561
DÜZCE;ÇİLİMLİ;ULUCAMİ;OKUL. SOKAK;sokak;305417591
DÜZCE;ÇİLİMLİ;ULUCAMİ;ORHAN SOKAK;sokak;961884
DÜZCE;ÇİLİMLİ;ULUCAMİ;ORTA CADDE;cadde;151705
DÜZCE;ÇİLİMLİ;ULUCAMİ;ÖZCAN SOKAK;sokak;961896
DÜZCE;ÇİLİMLİ;ULUCAMİ;ÖZKAN SOKAK;sokak;961607
DÜZCE;ÇİLİMLİ;ULUCAMİ;ÖZTÜRK SOKAK;sokak;412730
DÜZCE;ÇİLİMLİ;ULUCAMİ;PARK 2 SOKAK;sokak;570944191
DÜZCE;ÇİLİMLİ;ULUCAMİ;PAŞALAR SOKAK;sokak;961609
DÜZCE;ÇİLİMLİ;ULUCAMİ;PAŞAOĞLU SOKAK;sokak;857596
DÜZCE;ÇİLİMLİ;ULUCAMİ;PAZARYERİ SOKAK;sokak;965626
DÜZCE;ÇİLİMLİ;ULUCAMİ;SADIK HOŞVER SOKAK;sokak;857595
DÜZCE;ÇİLİMLİ;ULUCAMİ;SAĞLIK OCAĞI SOKAK;sokak;961858
DÜZCE;ÇİLİMLİ;ULUCAMİ;SARI SOKAK;sokak;961898
DÜZCE;ÇİLİMLİ;ULUCAMİ;SEZER SOKAK;sokak;965624
DÜZCE;ÇİLİMLİ;ULUCAMİ;SPOR SOKAK;sokak;961577
DÜZCE;ÇİLİMLİ;ULUCAMİ;SURATOĞLU SOKAK;sokak;961838
DÜZCE;ÇİLİMLİ;ULUCAMİ;SÜMER SOKAK;sokak;961846
DÜZCE;ÇİLİMLİ;ULUCAMİ;ŞAHİN 2 SOKAK;sokak;961597
DÜZCE;ÇİLİMLİ;ULUCAMİ;ŞANDA SOKAK;sokak;155097
DÜZCE;ÇİLİMLİ;ULUCAMİ;ŞEHİT FİKRİ ÖZTÜRK CADDE;cadde;155098
DÜZCE;ÇİLİMLİ;ULUCAMİ;ŞEHİT İSA CEYLAN CADDE;cadde;155099
DÜZCE;ÇİLİMLİ;ULUCAMİ;ŞEHİT ÖMER HALİSDEMİR CADDE;cadde;155095
DÜZCE;ÇİLİMLİ;ULUCAMİ;ŞEN SOKAK;sokak;961842
DÜZCE;ÇİLİMLİ;ULUCAMİ;ŞİFA SOKAK;sokak;961860
DÜZCE;ÇİLİMLİ;ULUCAMİ;TUFAN SOKAK;sokak;151706
DÜZCE;ÇİLİMLİ;ULUCAMİ;TURAN SOKAK;sokak;961613
DÜZCE;ÇİLİMLİ;ULUCAMİ;UĞURLU CADDE;cadde;151707
DÜZCE;ÇİLİMLİ;ULUCAMİ;YAVUZ 2 SOKAK;sokak;262604890
DÜZCE;ÇİLİMLİ;ULUCAMİ;YAVUZ SOKAK;sokak;961615
DÜZCE;ÇİLİMLİ;ULUCAMİ;YENİ CADDE;cadde;407022
DÜZCE;ÇİLİMLİ;YENİKÖY NA;YENİKÖY KÜME EVLER;sokak;366736
DÜZCE;ÇİLİMLİ;YENİVAKIF - MERKEZ;MERKEZ KÜME EVLER;sokak;309033
DÜZCE;ÇİLİMLİ;YENİVAKIF - YENİ;YENİ KÜME EVLER;sokak;558092
DÜZCE;ÇİLİMLİ;YEŞİL;104. SOKAK;sokak;1240823
DÜZCE;ÇİLİMLİ;YEŞİL;15 TEMMUZ CADDE;cadde;1238161
DÜZCE;ÇİLİMLİ;YEŞİL;301. SOKAK;sokak;1238165
DÜZCE;ÇİLİMLİ;YEŞİL;302. SOKAK;sokak;1238167
DÜZCE;ÇİLİMLİ;YEŞİL;303. SOKAK;sokak;1238169
DÜZCE;ÇİLİMLİ;YEŞİL;304. SOKAK;sokak;1238171
DÜZCE;ÇİLİMLİ;YEŞİL;305. SOKAK;sokak;1238173
DÜZCE;ÇİLİMLİ;YEŞİL;306. SOKAK;sokak;1238175
DÜZCE;ÇİLİMLİ;YEŞİL;307. SOKAK;sokak;1238177
DÜZCE;ÇİLİMLİ;YEŞİL;308. SOKAK;sokak;1238179
DÜZCE;ÇİLİMLİ;YEŞİL;309. SOKAK;sokak;1238181
DÜZCE;ÇİLİMLİ;YEŞİL;310. SOKAK;sokak;1238183
DÜZCE;ÇİLİMLİ;YEŞİL;311. SOKAK;sokak;1238185
DÜZCE;ÇİLİMLİ;YEŞİL;312. SOKAK;sokak;1238187
DÜZCE;ÇİLİMLİ;YEŞİL;313. SOKAK;sokak;1238189
DÜZCE;ÇİLİMLİ;YEŞİL;314. SOKAK;sokak;1238191
DÜZCE;ÇİLİMLİ;YEŞİL;315. SOKAK;sokak;1238193
DÜZCE;ÇİLİMLİ;YEŞİL;316 SOKAK;sokak;860785400
DÜZCE;ÇİLİMLİ;YEŞİL;317 SOKAK;sokak;920731210
DÜZCE;ÇİLİMLİ;YEŞİL;318 SOKAK;sokak;265023440
DÜZCE;ÇİLİMLİ;YEŞİL;319 SOKAK;sokak;880358370
DÜZCE;ÇİLİMLİ;YEŞİL;320 SOKAK;sokak;194356010
DÜZCE;ÇİLİMLİ;YEŞİL;321 SOKAK;sokak;807086621
DÜZCE;ÇİLİMLİ;YEŞİL;322 SOKAK;sokak;126847341
DÜZCE;ÇİLİMLİ;YEŞİL;323 SOKAK;sokak;953438691
DÜZCE;ÇİLİMLİ;YEŞİL;324 SOKAK;sokak;185665471
DÜZCE;ÇİLİMLİ;YEŞİL;325 SOKAK;sokak;352045101
DÜZCE;ÇİLİMLİ;YEŞİL;326 SOKAK;sokak;982872531
DÜZCE;ÇİLİMLİ;YEŞİL;327 SOKAK;sokak;169053171
DÜZCE;ÇİLİMLİ;YEŞİL;328 SOKAK;sokak;955098161
DÜZCE;ÇİLİMLİ;YEŞİL;329 SOKAK;sokak;208091331
DÜZCE;ÇİLİMLİ;YEŞİL;330 SOKAK;sokak;422347081
DÜZCE;ÇİLİMLİ;YEŞİL;331 SOKAK;sokak;208649631
DÜZCE;ÇİLİMLİ;YEŞİL;332 SOKAK;sokak;688871081
DÜZCE;ÇİLİMLİ;YEŞİL;333 SOKAK;sokak;915973281
DÜZCE;ÇİLİMLİ;YEŞİL;334 SOKAK;sokak;501509451
DÜZCE;ÇİLİMLİ;YEŞİL;335 SOKAK;sokak;253542831
DÜZCE;ÇİLİMLİ;YEŞİL;HIZARDERE CADDE;cadde;1239385
DÜZCE;ÇİLİMLİ;YEŞİL;ÖZDEMİR SOKAK;sokak;155102
DÜZCE;ÇİLİMLİ;YEŞİL;SPOR SOKAK;sokak;1239879
DÜZCE;ÇİLİMLİ;YEŞİL;ŞEHİT İSA CEYLAN CADDE;cadde;155103
DÜZCE;ÇİLİMLİ;YEŞİL;ULCAY SOKAK;sokak;155100
DÜZCE;ÇİLİMLİ;YEŞİL;YEŞİLMAHALLE CADDE;cadde;155101
DÜZCE;ÇİLİMLİ;YEŞİLTEPE;104. SOKAK;sokak;267581770
DÜZCE;ÇİLİMLİ;YEŞİLTEPE;201. SOKAK;sokak;1238091
DÜZCE;ÇİLİMLİ;YEŞİLTEPE;202. SOKAK;sokak;1238093
DÜZCE;ÇİLİMLİ;YEŞİLTEPE;203. SOKAK;sokak;1238095
DÜZCE;ÇİLİMLİ;YEŞİLTEPE;204. SOKAK;sokak;1238097
DÜZCE;ÇİLİMLİ;YEŞİLTEPE;205. SOKAK;sokak;1238099
DÜZCE;ÇİLİMLİ;YEŞİLTEPE;206. SOKAK;sokak;1238101
DÜZCE;ÇİLİMLİ;YEŞİLTEPE;207. SOKAK;sokak;1238103
DÜZCE;ÇİLİMLİ;YEŞİLTEPE;208. SOKAK;sokak;1382713
DÜZCE;ÇİLİMLİ;YEŞİLTEPE;209. SOKAK;sokak;1376567
DÜZCE;ÇİLİMLİ;YEŞİLTEPE;210. SOKAK;sokak;1376569
DÜZCE;ÇİLİMLİ;YEŞİLTEPE;211 SOKAK;sokak;540388070
DÜZCE;ÇİLİMLİ;YEŞİLTEPE;212 SOKAK;sokak;260252880
DÜZCE;ÇİLİMLİ;YEŞİLTEPE;213 SOKAK;sokak;418798670
DÜZCE;ÇİLİMLİ;YEŞİLTEPE;214 SOKAK;sokak;433325431
DÜZCE;ÇİLİMLİ;YEŞİLTEPE;215 SOKAK;sokak;502462221
DÜZCE;ÇİLİMLİ;YEŞİLTEPE;216 SOKAK;sokak;463509141
DÜZCE;ÇİLİMLİ;YEŞİLTEPE;217 SOKAK;sokak;765925001
DÜZCE;ÇİLİMLİ;YEŞİLTEPE;218 SOKAK;sokak;120677651
DÜZCE;ÇİLİMLİ;YEŞİLTEPE;219 SOKAK;sokak;318074561
DÜZCE;ÇİLİMLİ;YEŞİLTEPE;220 SOKAK;sokak;237648141
DÜZCE;ÇİLİMLİ;YEŞİLTEPE;221 SOKAK;sokak;888641861
DÜZCE;ÇİLİMLİ;YEŞİLTEPE;222 SOKAK;sokak;111243021
DÜZCE;ÇİLİMLİ;YEŞİLTEPE;223 SOKAK;sokak;280759431
DÜZCE;ÇİLİMLİ;YEŞİLTEPE;224 SOKAK;sokak;784006601
DÜZCE;ÇİLİMLİ;YEŞİLTEPE;225 SOKAK;sokak;841689881
DÜZCE;ÇİLİMLİ;YEŞİLTEPE;226 SOKAK;sokak;514295871
DÜZCE;ÇİLİMLİ;YEŞİLTEPE;227 SOKAK;sokak;964642921
DÜZCE;ÇİLİMLİ;YEŞİLTEPE;AKAR SOKAK;sokak;26080
DÜZCE;ÇİLİMLİ;YEŞİLTEPE;DÖNMEZ SOKAK;sokak;1238107
DÜZCE;ÇİLİMLİ;YEŞİLTEPE;ESAT SOKAK;sokak;630571
DÜZCE;ÇİLİMLİ;YEŞİLTEPE;HACI FAHRETTİN SOKAK;sokak;1238077
DÜZCE;ÇİLİMLİ;YEŞİLTEPE;HARUN ŞAHİN SOKAK;sokak;1238079
DÜZCE;ÇİLİMLİ;YEŞİLTEPE;HIZARDERE CADDE;cadde;1239871
DÜZCE;ÇİLİMLİ;YEŞİLTEPE;HÜSEYİN EFENDİ SOKAK;sokak;26081
DÜZCE;ÇİLİMLİ;YEŞİLTEPE;İPSİZ SOKAK;sokak;1238081
DÜZCE;ÇİLİMLİ;YEŞİLTEPE;MEYDAN SOKAK;sokak;1238083
DÜZCE;ÇİLİMLİ;YEŞİLTEPE;NURİ ŞAHİN SOKAK;sokak;1238085
DÜZCE;ÇİLİMLİ;YEŞİLTEPE;ORTA CADDE;cadde;26082
DÜZCE;ÇİLİMLİ;YEŞİLTEPE;SU DEPOSU SOKAK;sokak;26083
DÜZCE;ÇİLİMLİ;YEŞİLTEPE;ŞEHİT RAMAZAN GEL SOKAK;sokak;1238105
DÜZCE;ÇİLİMLİ;YEŞİLTEPE;TINAZ SOKAK;sokak;1238089
DÜZCE;ÇİLİMLİ;YEŞİLTEPE;UĞURLU CADDE;cadde;26084
DÜZCE;ÇİLİMLİ;YUKARIKARAKÖY NA;KOZLAR KÜME EVLER;sokak;613949950
DÜZCE;ÇİLİMLİ;YUKARIKARAKÖY NA;MERKEZ KÜME EVLER;sokak;798996621
DÜZCE;ÇİLİMLİ;YUKARIKARAKÖY NA;YENİKÖY KÜME EVLER;sokak;538231260
DÜZCE;ÇİLİMLİ;YUKARIKARAKÖY NA;YUKARIKARAKÖY KÜME EVLER;sokak;575295
DÜZCE;GÖLYAKA;AÇMA;103. SOKAK;sokak;1341133
DÜZCE;GÖLYAKA;AÇMA;71. CADDE;cadde;875403
DÜZCE;GÖLYAKA;AÇMA;71/1 SOKAK;sokak;879813610
DÜZCE;GÖLYAKA;AÇMA;801. SOKAK;sokak;619820
DÜZCE;GÖLYAKA;AÇMA;802. SOKAK;sokak;638614
DÜZCE;GÖLYAKA;AÇMA;803 SOKAK;sokak;844175
DÜZCE;GÖLYAKA;AÇMA;804. SOKAK;sokak;854178
DÜZCE;GÖLYAKA;AÇMA;805. SOKAK;sokak;863450
DÜZCE;GÖLYAKA;AÇMA;806. SOKAK;sokak;894226
DÜZCE;GÖLYAKA;AÇMA;807. SOKAK;sokak;894243
DÜZCE;GÖLYAKA;AÇMA;808. SOKAK;sokak;915137
DÜZCE;GÖLYAKA;AÇMA;809 SOKAK;sokak;928537
DÜZCE;GÖLYAKA;AÇMA;811 SOKAK;sokak;949014
DÜZCE;GÖLYAKA;AÇMA;812 SOKAK;sokak;952371
DÜZCE;GÖLYAKA;AÇMA;813. SOKAK;sokak;988030
DÜZCE;GÖLYAKA;AÇMA;814. SOKAK;sokak;1001755
DÜZCE;GÖLYAKA;AÇMA;815. SOKAK;sokak;1002284
DÜZCE;GÖLYAKA;AÇMA;816. SOKAK;sokak;1050907
DÜZCE;GÖLYAKA;AÇMA;817. SOKAK;sokak;1050909
DÜZCE;GÖLYAKA;AÇMA;818. SOKAK;sokak;1057087
DÜZCE;GÖLYAKA;AÇMA;819. SOKAK;sokak;1095039
DÜZCE;GÖLYAKA;AÇMA;820 SOKAK;sokak;1095043
DÜZCE;GÖLYAKA;AÇMA;821. SOKAK;sokak;1117160
DÜZCE;GÖLYAKA;AÇMA;822. SOKAK;sokak;1127573
DÜZCE;GÖLYAKA;AÇMA;823. SOKAK;sokak;338702620
DÜZCE;GÖLYAKA;AÇMA;824. SOKAK;sokak;178880741
DÜZCE;GÖLYAKA;AÇMA;825. SOKAK;sokak;474209300
DÜZCE;GÖLYAKA;AÇMA;AĞA SOKAK;sokak;155104
DÜZCE;GÖLYAKA;AÇMA;AŞIK VEYSEL SOKAK;sokak;155105
DÜZCE;GÖLYAKA;AÇMA;ÇAYIR SOKAK;sokak;155421
DÜZCE;GÖLYAKA;AÇMA;ÇOBANOĞLU SOKAK;sokak;155106
DÜZCE;GÖLYAKA;AÇMA;GÖL SOKAK;sokak;638613
DÜZCE;GÖLYAKA;AÇMA;HARMAN ÇAYIR SOKAK;sokak;628777
DÜZCE;GÖLYAKA;AÇMA;İPEK SOKAK;sokak;1129385
DÜZCE;GÖLYAKA;AÇMA;KARACAOĞLAN SOKAK;sokak;155107
DÜZCE;GÖLYAKA;AÇMA;NECİP FAZIL CADDE;cadde;155108
DÜZCE;GÖLYAKA;AÇMA;NECMETTİN ERBAKAN CADDE;cadde;625952
DÜZCE;GÖLYAKA;AÇMA;OKUL SOKAK;sokak;627221
DÜZCE;GÖLYAKA;AÇMA;SAHİL SOKAK;sokak;632790
DÜZCE;GÖLYAKA;AÇMA;ŞİŞÇİOĞLU SOKAK;sokak;155422
DÜZCE;GÖLYAKA;AÇMA;TAHİR EFENDİ SOKAK;sokak;633745
DÜZCE;GÖLYAKA;AÇMA;VEYSEL KARANİ SOKAK;sokak;155109
DÜZCE;GÖLYAKA;AÇMA;YUNUS EMRE BULVAR;sokak;155420
DÜZCE;GÖLYAKA;AKSU NA;AKSU KÜME EVLER;sokak;394491
DÜZCE;GÖLYAKA;BAKACAK NA;BAKACAK KÜME EVLER;sokak;578061
DÜZCE;GÖLYAKA;BAKACAK NA;CIRCIR KÜME EVLER;sokak;46415006
DÜZCE;GÖLYAKA;BAKACAK NA;KİRAZLI DÜZ KÜME EVLER;sokak;76818665
DÜZCE;GÖLYAKA;BAKACAK NA;KOVANCI SOKAK;sokak;58691155
DÜZCE;GÖLYAKA;BAKACAK NA;MERKEZ SOKAK KÜME EVLER;sokak;64265234
DÜZCE;GÖLYAKA;BAKACAK NA;ÖTEKÖY SOKAK;sokak;99626210
DÜZCE;GÖLYAKA;BAKACAK NA;PIYADE UZMANÇAVUŞ SERHAT BAL SOKAK;sokak;32396681
DÜZCE;GÖLYAKA;BEKİROĞLU - ALT;ALT KÜME EVLER;sokak;539490
DÜZCE;GÖLYAKA;BEKİROĞLU - HACIOĞLU;HACIOĞLU KÜME EVLER;sokak;531364
DÜZCE;GÖLYAKA;BEKİROĞLU - KUM;KUM KÜME EVLER;sokak;538688
DÜZCE;GÖLYAKA;BEKİROĞLU - KUM;ZEKERİYA KÜME EVLER;sokak;625443741
DÜZCE;GÖLYAKA;BEKİROĞLU - MERKEZ;MERKEZ KÜME EVLER;sokak;540884
DÜZCE;GÖLYAKA;BEKİROĞLU - MERKEZ;YEŞİLYAYLA KÜME EVLER;sokak;317988380
DÜZCE;GÖLYAKA;CUMAKIRI;204. SOKAK;sokak;1005167
DÜZCE;GÖLYAKA;CUMAKIRI;901. SOKAK;sokak;651601
DÜZCE;GÖLYAKA;CUMAKIRI;902. SOKAK;sokak;649381
DÜZCE;GÖLYAKA;CUMAKIRI;903. SOKAK;sokak;652709
DÜZCE;GÖLYAKA;CUMAKIRI;904. SOKAK;sokak;646594
DÜZCE;GÖLYAKA;CUMAKIRI;905. SOKAK;sokak;650951
DÜZCE;GÖLYAKA;CUMAKIRI;906. SOKAK;sokak;119379
DÜZCE;GÖLYAKA;CUMAKIRI;907. SOKAK;sokak;863104
DÜZCE;GÖLYAKA;CUMAKIRI;908. SOKAK;sokak;1414259
DÜZCE;GÖLYAKA;CUMAKIRI;ÇOBANOĞLU SOKAK;sokak;354567220
DÜZCE;GÖLYAKA;CUMAKIRI;GÖL SOKAK;sokak;729092371
DÜZCE;GÖLYAKA;CUMAKIRI;GÜMÜŞHANE SOKAK;sokak;647441
DÜZCE;GÖLYAKA;CUMAKIRI;ORG.RASİM BETİR CADDE;cadde;649644
DÜZCE;GÖLYAKA;CUMAKIRI;SAHİL SOKAK;sokak;828552970
DÜZCE;GÖLYAKA;ÇAMLIBEL - DERE;DERE KÜME EVLER;sokak;582532
DÜZCE;GÖLYAKA;ÇAMLIBEL - KARACA;KARACA KÜME EVLER;sokak;582306
DÜZCE;GÖLYAKA;ÇAMLIBEL - MERKEZ;MERKEZ KÜME EVLER;sokak;582529
DÜZCE;GÖLYAKA;ÇAYKÖY NA;AKSU KÜME EVLER;sokak;785663201
DÜZCE;GÖLYAKA;ÇAYKÖY NA;ÇAY KÜME EVLER;sokak;30349
DÜZCE;GÖLYAKA;ÇAYKÖY NA;HACISÜLEYMANBEY KÜME EVLER;sokak;426377100
DÜZCE;GÖLYAKA;DEĞİRMENTEPE - DELİHÜSEYİN;DELİHÜSEYİN KÜME EVLER;sokak;592443
DÜZCE;GÖLYAKA;DEĞİRMENTEPE - DURSUNLU;DURSUNLU KÜME EVLER;sokak;592379
DÜZCE;GÖLYAKA;DEĞİRMENTEPE - DURSUNLU;HACIOĞLU KÜME EVLER;sokak;859030370
DÜZCE;GÖLYAKA;DEĞİRMENTEPE - KIZILCIK;KIZILCIK KÜME EVLER;sokak;592784
DÜZCE;GÖLYAKA;DEĞİRMENTEPE - MERKEZ;MERKEZ KÜME EVLER;sokak;595411
DÜZCE;GÖLYAKA;ESEN;412. SOKAK;sokak;933724
DÜZCE;GÖLYAKA;ESEN;421. SOKAK;sokak;1373077
DÜZCE;GÖLYAKA;ESEN;501. SOKAK;sokak;641537
DÜZCE;GÖLYAKA;ESEN;502. SOKAK;sokak;641539
DÜZCE;GÖLYAKA;ESEN;503. SOKAK;sokak;641540
DÜZCE;GÖLYAKA;ESEN;504. SOKAK;sokak;641542
DÜZCE;GÖLYAKA;ESEN;505. SOKAK;sokak;641543
DÜZCE;GÖLYAKA;ESEN;506. SOKAK;sokak;641544
DÜZCE;GÖLYAKA;ESEN;507. SOKAK;sokak;641545
DÜZCE;GÖLYAKA;ESEN;508. SOKAK;sokak;643247
DÜZCE;GÖLYAKA;ESEN;509. SOKAK;sokak;643249
DÜZCE;GÖLYAKA;ESEN;510. SOKAK;sokak;642590
DÜZCE;GÖLYAKA;ESEN;511. SOKAK;sokak;642135
DÜZCE;GÖLYAKA;ESEN;512. SOKAK;sokak;74414
DÜZCE;GÖLYAKA;ESEN;513. SOKAK;sokak;641532
DÜZCE;GÖLYAKA;ESEN;514. SOKAK;sokak;641534
DÜZCE;GÖLYAKA;ESEN;515. SOKAK;sokak;866858
DÜZCE;GÖLYAKA;ESEN;516. SOKAK;sokak;866917
DÜZCE;GÖLYAKA;ESEN;517. SOKAK;sokak;894859
DÜZCE;GÖLYAKA;ESEN;518. SOKAK;sokak;983313
DÜZCE;GÖLYAKA;ESEN;519. SOKAK;sokak;1046078
DÜZCE;GÖLYAKA;ESEN;520. SOKAK;sokak;1050917
DÜZCE;GÖLYAKA;ESEN;521. SOKAK;sokak;1050919
DÜZCE;GÖLYAKA;ESEN;522. SOKAK;sokak;1349859
DÜZCE;GÖLYAKA;ESEN;523. SOKAK;sokak;1399753
DÜZCE;GÖLYAKA;ESEN;61. CADDE;cadde;183003010
DÜZCE;GÖLYAKA;ESEN;612. SOKAK;sokak;1089286
DÜZCE;GÖLYAKA;ESEN;614. SOKAK;sokak;1399747
DÜZCE;GÖLYAKA;ESEN;CUMHURİYET CADDE;cadde;74412
DÜZCE;GÖLYAKA;ESEN;ÇINARLI CADDE;cadde;74413
DÜZCE;GÖLYAKA;ESEN;İLİM SOKAK;sokak;1399749
DÜZCE;GÖLYAKA;ESEN;MEHMET AKİF CADDE;cadde;849689
DÜZCE;GÖLYAKA;ESEN;POSTACI HALİL DÜZENLİ SOKAK;sokak;74415
DÜZCE;GÖLYAKA;ESEN;SAKARYA SOKAK;sokak;1399751
DÜZCE;GÖLYAKA;FATİH;701. SOKAK;sokak;622491
DÜZCE;GÖLYAKA;FATİH;702. SOKAK;sokak;155429
DÜZCE;GÖLYAKA;FATİH;703. SOKAK;sokak;623473
DÜZCE;GÖLYAKA;FATİH;704. SOKAK;sokak;628877
DÜZCE;GÖLYAKA;FATİH;705. SOKAK;sokak;631875
DÜZCE;GÖLYAKA;FATİH;706. SOKAK;sokak;632354
DÜZCE;GÖLYAKA;FATİH;707. SOKAK;sokak;144613
DÜZCE;GÖLYAKA;FATİH;708. SOKAK;sokak;626273
DÜZCE;GÖLYAKA;FATİH;709. SOKAK;sokak;351688
DÜZCE;GÖLYAKA;FATİH;71. CADDE;cadde;875402
DÜZCE;GÖLYAKA;FATİH;710. SOKAK;sokak;623212
DÜZCE;GÖLYAKA;FATİH;711. SOKAK;sokak;632338
DÜZCE;GÖLYAKA;FATİH;712. SOKAK;sokak;626259
DÜZCE;GÖLYAKA;FATİH;713. SOKAK;sokak;754486
DÜZCE;GÖLYAKA;FATİH;714. SOKAK;sokak;829780
DÜZCE;GÖLYAKA;FATİH;715. SOKAK;sokak;860933
DÜZCE;GÖLYAKA;FATİH;716 SOKAK;sokak;894881
DÜZCE;GÖLYAKA;FATİH;717 SOKAK;sokak;912924
DÜZCE;GÖLYAKA;FATİH;718 SOKAK;sokak;924767
DÜZCE;GÖLYAKA;FATİH;719. SOKAK;sokak;970079
DÜZCE;GÖLYAKA;FATİH;720. SOKAK;sokak;1026185
DÜZCE;GÖLYAKA;FATİH;721. SOKAK;sokak;1033321
DÜZCE;GÖLYAKA;FATİH;722. SOKAK;sokak;1039528
DÜZCE;GÖLYAKA;FATİH;723. SOKAK;sokak;1050897
DÜZCE;GÖLYAKA;FATİH;724. SOKAK;sokak;1050901
DÜZCE;GÖLYAKA;FATİH;725. SOKAK;sokak;1050903
DÜZCE;GÖLYAKA;FATİH;726. SOKAK;sokak;1050905
DÜZCE;GÖLYAKA;FATİH;727. SOKAK;sokak;1235093
DÜZCE;GÖLYAKA;FATİH;728. SOKAK;sokak;1409271
DÜZCE;GÖLYAKA;FATİH;AKŞEMSEDDİN SOKAK;sokak;626430
DÜZCE;GÖLYAKA;FATİH;ALSANCAK SOKAK;sokak;388516
DÜZCE;GÖLYAKA;FATİH;BATTAL GAZİ SOKAK;sokak;155423
DÜZCE;GÖLYAKA;FATİH;BAYRAK SOKAK;sokak;28263
DÜZCE;GÖLYAKA;FATİH;BÜYÜK MELEN SOKAK;sokak;859164
DÜZCE;GÖLYAKA;FATİH;ÇEŞMELİ SOKAK;sokak;412731
DÜZCE;GÖLYAKA;FATİH;FEHMİ COŞKUN CADDE;cadde;721860
DÜZCE;GÖLYAKA;FATİH;HASAN TAHSİN SOKAK;sokak;155424
DÜZCE;GÖLYAKA;FATİH;HİLAL SOKAK;sokak;623942
DÜZCE;GÖLYAKA;FATİH;İPEK SOKAK;sokak;155430
DÜZCE;GÖLYAKA;FATİH;İSMET PAŞA SOKAK;sokak;623035
DÜZCE;GÖLYAKA;FATİH;KANUNİ CADDE;cadde;155425
DÜZCE;GÖLYAKA;FATİH;KİBAR SOKAK;sokak;630355
DÜZCE;GÖLYAKA;FATİH;KÖROĞLU SOKAK;sokak;155426
DÜZCE;GÖLYAKA;FATİH;MİMAR SOKAK;sokak;621734
DÜZCE;GÖLYAKA;FATİH;NARİN SOKAK;sokak;155427
DÜZCE;GÖLYAKA;FATİH;NAZIR SOKAK;sokak;632692
DÜZCE;GÖLYAKA;FATİH;ŞAHİN SOKAK;sokak;155431
DÜZCE;GÖLYAKA;FATİH;VEZİR SOKAK;sokak;624406
DÜZCE;GÖLYAKA;FATİH;YEŞİL SOKAK;sokak;260302
DÜZCE;GÖLYAKA;FATİH;YUNUS EMRE BULVAR;sokak;155428
DÜZCE;GÖLYAKA;GÖKÇEDERE NA;AÇMA KÜME EVLER;sokak;570558
DÜZCE;GÖLYAKA;GÜZELDERE - DELİ MEHMET;DELİ MEHMET KÜME EVLER;sokak;542616
DÜZCE;GÖLYAKA;GÜZELDERE NA;GÜZELDERE KÜME EVLER;sokak;533598
DÜZCE;GÖLYAKA;HACISÜLEYMANBEY NA;ALT KÜME EVLER;sokak;272266870
DÜZCE;GÖLYAKA;HACISÜLEYMANBEY NA;HACISÜLEYMANBEY KÜME EVLER;sokak;536496
DÜZCE;GÖLYAKA;HACISÜLEYMANBEY NA;YEŞİLOVA KÜME EVLER;sokak;356476840
DÜZCE;GÖLYAKA;HACIYAKUP NA;AÇMA KÜME EVLER;sokak;687666251
DÜZCE;GÖLYAKA;HACIYAKUP NA;HACIYAKUP KÜME EVLER;sokak;541850
DÜZCE;GÖLYAKA;HAMAMÜSTÜ - CEVİZLİK;CEVİZLİK KÜME EVLER;sokak;536266
DÜZCE;GÖLYAKA;HAMAMÜSTÜ - DERE;DERE 2 SOKAK;sokak;967304451
DÜZCE;GÖLYAKA;HAMAMÜSTÜ - DERE;DERE KÜME EVLER;sokak;545120
DÜZCE;GÖLYAKA;HAMAMÜSTÜ - DERE;GÜZELDERE1 SOKAK;sokak;513598591
DÜZCE;GÖLYAKA;HAMAMÜSTÜ - GÖLCÜK;GÖLCÜK KÜME EVLER;sokak;302765
DÜZCE;GÖLYAKA;HAMAMÜSTÜ - GÖLCÜK;KARACA KÜME EVLER;sokak;292817631
DÜZCE;GÖLYAKA;HAMAMÜSTÜ - MERKEZ;MERKEZ KÜME EVLER;sokak;309607
DÜZCE;GÖLYAKA;HAMAMÜSTÜ - ORTA;ORTA KÜME EVLER;sokak;309551
DÜZCE;GÖLYAKA;İÇMELER;DÜZCE / GÖLYAKA YOLU BULVAR;sokak;353957301
DÜZCE;GÖLYAKA;İÇMELER;İÇMELER KÜME EVLER;sokak;567136
DÜZCE;GÖLYAKA;İMAMLAR;502. SOKAK;sokak;471603
DÜZCE;GÖLYAKA;İMAMLAR;601. SOKAK;sokak;575816
DÜZCE;GÖLYAKA;İMAMLAR;602. SOKAK;sokak;625731
DÜZCE;GÖLYAKA;İMAMLAR;603. SOKAK;sokak;846968
DÜZCE;GÖLYAKA;İMAMLAR;604. SOKAK;sokak;851871
DÜZCE;GÖLYAKA;İMAMLAR;605. SOKAK;sokak;866809
DÜZCE;GÖLYAKA;İMAMLAR;606. SOKAK;sokak;918847
DÜZCE;GÖLYAKA;İMAMLAR;607. SOKAK;sokak;949550
DÜZCE;GÖLYAKA;İMAMLAR;608 SOKAK;sokak;952369
DÜZCE;GÖLYAKA;İMAMLAR;609. SOKAK;sokak;987055
DÜZCE;GÖLYAKA;İMAMLAR;61. CADDE;cadde;875570
DÜZCE;GÖLYAKA;İMAMLAR;610. SOKAK;sokak;1004392
DÜZCE;GÖLYAKA;İMAMLAR;611. SOKAK;sokak;1040294
DÜZCE;GÖLYAKA;İMAMLAR;612. SOKAK;sokak;1089276
DÜZCE;GÖLYAKA;İMAMLAR;613. SOKAK;sokak;1108180
DÜZCE;GÖLYAKA;İMAMLAR;614. SOKAK;sokak;1311853
DÜZCE;GÖLYAKA;İMAMLAR;615. SOKAK;sokak;1313221
DÜZCE;GÖLYAKA;İMAMLAR;616. SOKAK;sokak;1395893
DÜZCE;GÖLYAKA;İMAMLAR;617. SOKAK;sokak;1412783
DÜZCE;GÖLYAKA;İMAMLAR;619. SOKAK;sokak;1429857
DÜZCE;GÖLYAKA;İMAMLAR;62. CADDE;cadde;1001868
DÜZCE;GÖLYAKA;İMAMLAR;ATATÜRK SOKAK;sokak;155432
DÜZCE;GÖLYAKA;İMAMLAR;ATLAS SOKAK;sokak;583984
DÜZCE;GÖLYAKA;İMAMLAR;AYDIN SOKAK;sokak;412732
DÜZCE;GÖLYAKA;İMAMLAR;BAHAR SOKAK;sokak;155433
DÜZCE;GÖLYAKA;İMAMLAR;BARIŞ SOKAK;sokak;155434
DÜZCE;GÖLYAKA;İMAMLAR;BAYRAM ŞENGÜL SOKAK;sokak;412733
DÜZCE;GÖLYAKA;İMAMLAR;CAN SOKAK;sokak;155435
DÜZCE;GÖLYAKA;İMAMLAR;CUMHURİYET CADDE;cadde;579331
DÜZCE;GÖLYAKA;İMAMLAR;ÇEVİK SOKAK;sokak;173805
DÜZCE;GÖLYAKA;İMAMLAR;ESNAF 1 SOKAK;sokak;412734
DÜZCE;GÖLYAKA;İMAMLAR;ESNAF 2 SOKAK;sokak;155439
DÜZCE;GÖLYAKA;İMAMLAR;FABRİKA SOKAK;sokak;155436
DÜZCE;GÖLYAKA;İMAMLAR;FEHMİ COŞKUN CADDE;cadde;412738
DÜZCE;GÖLYAKA;İMAMLAR;HASAN ÇAVUŞ SOKAK;sokak;155437
DÜZCE;GÖLYAKA;İMAMLAR;IŞIK SOKAK;sokak;578375
DÜZCE;GÖLYAKA;İMAMLAR;İLİM SOKAK;sokak;155447
DÜZCE;GÖLYAKA;İMAMLAR;İSMET PAŞA SOKAK;sokak;155448
DÜZCE;GÖLYAKA;İMAMLAR;K.BÜYÜKKANBER SOKAK;sokak;584071
DÜZCE;GÖLYAKA;İMAMLAR;KANUNİ CADDE;cadde;155446
DÜZCE;GÖLYAKA;İMAMLAR;KELEŞOĞLU SOKAK;sokak;155438
DÜZCE;GÖLYAKA;İMAMLAR;KÖROĞLU SOKAK;sokak;1399815
DÜZCE;GÖLYAKA;İMAMLAR;KÜLTÜR SOKAK;sokak;412735
DÜZCE;GÖLYAKA;İMAMLAR;MİLLET SOKAK;sokak;583987
DÜZCE;GÖLYAKA;İMAMLAR;MİMAR SOKAK;sokak;412739
DÜZCE;GÖLYAKA;İMAMLAR;OFİS SOKAK;sokak;155440
DÜZCE;GÖLYAKA;İMAMLAR;PAZAR SOKAK;sokak;412736
DÜZCE;GÖLYAKA;İMAMLAR;SAKARYA SOKAK;sokak;155441
DÜZCE;GÖLYAKA;İMAMLAR;SANAYİ 1 SOKAK;sokak;155442
DÜZCE;GÖLYAKA;İMAMLAR;SANAYİ 2 SOKAK;sokak;155443
DÜZCE;GÖLYAKA;İMAMLAR;SANAYİ 3 SOKAK;sokak;412737
DÜZCE;GÖLYAKA;İMAMLAR;SEHER SOKAK;sokak;575409
DÜZCE;GÖLYAKA;İMAMLAR;ŞAFAK SOKAK;sokak;574957
DÜZCE;GÖLYAKA;İMAMLAR;TÜRKSEVEN SOKAK;sokak;155444
DÜZCE;GÖLYAKA;İMAMLAR;VOLKAN SOKAK;sokak;155445
DÜZCE;GÖLYAKA;İMAMLAR;YILDIRIM SOKAK;sokak;582321
DÜZCE;GÖLYAKA;KEMERYANI NA;KEMERYANI KÜME EVLER;sokak;555850
DÜZCE;GÖLYAKA;KUYUDÜZÜ;1001. SOKAK;sokak;833615
DÜZCE;GÖLYAKA;KUYUDÜZÜ;1002. SOKAK;sokak;833656
DÜZCE;GÖLYAKA;KUYUDÜZÜ;1003. SOKAK;sokak;833769
DÜZCE;GÖLYAKA;KUYUDÜZÜ;1004. SOKAK;sokak;833770
DÜZCE;GÖLYAKA;KUYUDÜZÜ;1005. SOKAK;sokak;833771
DÜZCE;GÖLYAKA;KUYUDÜZÜ;1006. SOKAK;sokak;833772
DÜZCE;GÖLYAKA;KUYUDÜZÜ;1007. SOKAK;sokak;833773
DÜZCE;GÖLYAKA;KUYUDÜZÜ;1008. SOKAK;sokak;833774
DÜZCE;GÖLYAKA;KUYUDÜZÜ;1009 SOKAK;sokak;886792
DÜZCE;GÖLYAKA;KUYUDÜZÜ;1010 SOKAK;sokak;948030
DÜZCE;GÖLYAKA;KUYUDÜZÜ;1011 SOKAK;sokak;938630
DÜZCE;GÖLYAKA;KUYUDÜZÜ;1012. SOKAK;sokak;1000324
DÜZCE;GÖLYAKA;KUYUDÜZÜ;1013. SOKAK;sokak;1050921
DÜZCE;GÖLYAKA;KUYUDÜZÜ;1015. SOKAK;sokak;432107561
DÜZCE;GÖLYAKA;KUYUDÜZÜ;1016. SOKAK;sokak;801117011
DÜZCE;GÖLYAKA;KUYUDÜZÜ;1018. SOKAK;sokak;490252651
DÜZCE;GÖLYAKA;KUYUDÜZÜ;1019. SOKAK;sokak;620036520
DÜZCE;GÖLYAKA;KUYUDÜZÜ;1020. SOKAK;sokak;425728591
DÜZCE;GÖLYAKA;KUYUDÜZÜ;1021. SOKAK;sokak;932217781
DÜZCE;GÖLYAKA;KUYUDÜZÜ;1022. SOKAK;sokak;845244610
DÜZCE;GÖLYAKA;KUYUDÜZÜ;411. SOKAK;sokak;833775
DÜZCE;GÖLYAKA;KUYUDÜZÜ;KALICI KONUTLAR CADDE;cadde;833779
DÜZCE;GÖLYAKA;KUYUDÜZÜ;KIRAN MEYDAN;sokak;833777
DÜZCE;GÖLYAKA;KUYUDÜZÜ;KUYUDÜZÜ 3 SOKAK;sokak;921220501
DÜZCE;GÖLYAKA;KUYUDÜZÜ;KUYUDÜZÜ/6 SOKAK;sokak;843519641
DÜZCE;GÖLYAKA;KÜLTÜR;101. SOKAK;sokak;601062
DÜZCE;GÖLYAKA;KÜLTÜR;102 SOKAK;sokak;599843
DÜZCE;GÖLYAKA;KÜLTÜR;103. SOKAK;sokak;602815
DÜZCE;GÖLYAKA;KÜLTÜR;104. SOKAK;sokak;625766
DÜZCE;GÖLYAKA;KÜLTÜR;105. SOKAK;sokak;822308
DÜZCE;GÖLYAKA;KÜLTÜR;106. SOKAK;sokak;1368203
DÜZCE;GÖLYAKA;KÜLTÜR;107. SOKAK;sokak;1412939
DÜZCE;GÖLYAKA;KÜLTÜR;AHMET KABAKLI SOKAK;sokak;596954
DÜZCE;GÖLYAKA;KÜLTÜR;AHMET NİYAZİ TONYA SOKAK;sokak;155458
DÜZCE;GÖLYAKA;KÜLTÜR;AKBULUT SOKAK;sokak;588616
DÜZCE;GÖLYAKA;KÜLTÜR;ARAPKİRLİ SOKAK;sokak;586674
DÜZCE;GÖLYAKA;KÜLTÜR;BALAY SOKAK;sokak;155456
DÜZCE;GÖLYAKA;KÜLTÜR;BARBAROS CADDE;cadde;563385
DÜZCE;GÖLYAKA;KÜLTÜR;BEYAZIT SOKAK;sokak;412740
DÜZCE;GÖLYAKA;KÜLTÜR;CENGİZ TOPEL SOKAK;sokak;155451
DÜZCE;GÖLYAKA;KÜLTÜR;COŞKUN SOKAK;sokak;155450
DÜZCE;GÖLYAKA;KÜLTÜR;CUMHURİYET CADDE;cadde;557788
DÜZCE;GÖLYAKA;KÜLTÜR;ÇINAR SOKAK;sokak;155449
DÜZCE;GÖLYAKA;KÜLTÜR;FATİH CADDE;cadde;412741
DÜZCE;GÖLYAKA;KÜLTÜR;FİSKO SOKAK;sokak;567080
DÜZCE;GÖLYAKA;KÜLTÜR;GARAJ SOKAK;sokak;597661
DÜZCE;GÖLYAKA;KÜLTÜR;GAZİ OSMANPAŞA SOKAK;sokak;155452
DÜZCE;GÖLYAKA;KÜLTÜR;GÜL SOKAK;sokak;567074
DÜZCE;GÖLYAKA;KÜLTÜR;GÜNEY SOKAK;sokak;155453
DÜZCE;GÖLYAKA;KÜLTÜR;HAFIZ MUSA SOKAK;sokak;567193
DÜZCE;GÖLYAKA;KÜLTÜR;HASTANE SOKAK;sokak;509297
DÜZCE;GÖLYAKA;KÜLTÜR;HUZUR SOKAK;sokak;567191
DÜZCE;GÖLYAKA;KÜLTÜR;HÜRRİYET SOKAK;sokak;155454
DÜZCE;GÖLYAKA;KÜLTÜR;İNCİ SOKAK;sokak;567501
DÜZCE;GÖLYAKA;KÜLTÜR;İPEK SOKAK;sokak;586866
DÜZCE;GÖLYAKA;KÜLTÜR;KURS SOKAK;sokak;155455
DÜZCE;GÖLYAKA;KÜLTÜR;KURTULUŞ SOKAK;sokak;569708
DÜZCE;GÖLYAKA;KÜLTÜR;MEHMET AKİF CADDE;cadde;412742
DÜZCE;GÖLYAKA;KÜLTÜR;MEHMET ALİ ATASOY SOKAK;sokak;560235
DÜZCE;GÖLYAKA;KÜLTÜR;METİN SÖNMEZ SOKAK;sokak;557730
DÜZCE;GÖLYAKA;KÜLTÜR;NECMETTİN ERBAKAN CADDE;cadde;558879
DÜZCE;GÖLYAKA;KÜLTÜR;OKUL SOKAK;sokak;562973
DÜZCE;GÖLYAKA;KÜLTÜR;ORG.RASİM BETİR CADDE;cadde;595011
DÜZCE;GÖLYAKA;KÜLTÜR;PARLAK SOKAK;sokak;155457
DÜZCE;GÖLYAKA;KÜLTÜR;SİVİLOĞLU SOKAK;sokak;559499
DÜZCE;GÖLYAKA;KÜLTÜR;SULTAN SOKAK;sokak;563772
DÜZCE;GÖLYAKA;KÜLTÜR;ŞENTÜRK SOKAK;sokak;567497
DÜZCE;GÖLYAKA;KÜLTÜR;YAVUZ SOKAK;sokak;563390
DÜZCE;GÖLYAKA;KÜLTÜR;YAVUZSELİM SOKAK;sokak;567502
DÜZCE;GÖLYAKA;MUHAPDEDE NA;13529 SOKAK;sokak;522533821
DÜZCE;GÖLYAKA;MUHAPDEDE NA;13531 SOKAK;sokak;246110300
DÜZCE;GÖLYAKA;MUHAPDEDE NA;MUHAPDEDE KÜME EVLER;sokak;502668
DÜZCE;GÖLYAKA;SAÇMALIPINAR - ALBAYRAK;ALBAYRAK KÜME EVLER;sokak;566058
DÜZCE;GÖLYAKA;SAÇMALIPINAR - ALBAYRAK;ORTA KÜME EVLER;sokak;154124140
DÜZCE;GÖLYAKA;SAÇMALIPINAR - BALKAYA;BALKAYA KÜME EVLER;sokak;326336
DÜZCE;GÖLYAKA;SAÇMALIPINAR - BIÇKI;BIÇKI KÜME EVLER;sokak;466641
DÜZCE;GÖLYAKA;SAÇMALIPINAR - GÜNEY;GÜNEY KÜME EVLER;sokak;85900
DÜZCE;GÖLYAKA;SAÇMALIPINAR - KARAMAHMUT;KARAMAHMUT KÜME EVLER;sokak;559390
DÜZCE;GÖLYAKA;SAÇMALIPINAR - KIRAN;KIRAN KÜME EVLER;sokak;564532
DÜZCE;GÖLYAKA;SAÇMALIPINAR - KURTDÜZÜ;KURTDÜZÜ KÜME EVLER;sokak;569898
DÜZCE;GÖLYAKA;SAÇMALIPINAR - ORTA;ALBAYRAK KÜME EVLER;sokak;587057731
DÜZCE;GÖLYAKA;SAÇMALIPINAR - ORTA;KIRAN KÜME EVLER;sokak;242995471
DÜZCE;GÖLYAKA;SAÇMALIPINAR - ORTA;ORTA KÜME EVLER;sokak;577403
DÜZCE;GÖLYAKA;SAÇMALIPINAR - ŞİMŞİRLİTEPE;ORTA KÜME EVLER;sokak;295179680
DÜZCE;GÖLYAKA;SAÇMALIPINAR - ŞİMŞİRLİTEPE;ŞİMŞİRLİTEPE KÜME EVLER;sokak;117184
DÜZCE;GÖLYAKA;SAÇMALIPINAR - YANIK 1;YANIK 1 KÜME EVLER;sokak;568156
DÜZCE;GÖLYAKA;SAÇMALIPINAR - YANIK 2;YANIK 2 KÜME EVLER;sokak;568160
DÜZCE;GÖLYAKA;SAÇMALIPINAR - YENİ;YENİ KÜME EVLER;sokak;569878
DÜZCE;GÖLYAKA;SARIDERE NA;MERKEZ KÜME EVLER;sokak;322251460
DÜZCE;GÖLYAKA;SARIDERE NA;SARIDERE KÜME EVLER;sokak;549615
DÜZCE;GÖLYAKA;TAŞLIK NA;TAŞLIK KÜME EVLER;sokak;271904
DÜZCE;GÖLYAKA;YAZIPINAR;1014. KÜME EVLER;sokak;555500650
DÜZCE;GÖLYAKA;YAZIPINAR;401. SOKAK;sokak;643424
DÜZCE;GÖLYAKA;YAZIPINAR;402. SOKAK;sokak;643425
DÜZCE;GÖLYAKA;YAZIPINAR;403. SOKAK;sokak;449153
DÜZCE;GÖLYAKA;YAZIPINAR;404. SOKAK;sokak;449155
DÜZCE;GÖLYAKA;YAZIPINAR;405. SOKAK;sokak;449156
DÜZCE;GÖLYAKA;YAZIPINAR;406. SOKAK;sokak;449481
DÜZCE;GÖLYAKA;YAZIPINAR;407. SOKAK;sokak;643869
DÜZCE;GÖLYAKA;YAZIPINAR;408. SOKAK;sokak;643870
DÜZCE;GÖLYAKA;YAZIPINAR;409. SOKAK;sokak;643871
DÜZCE;GÖLYAKA;YAZIPINAR;41. CADDE;cadde;984706
DÜZCE;GÖLYAKA;YAZIPINAR;410. SOKAK;sokak;643427
DÜZCE;GÖLYAKA;YAZIPINAR;411. SOKAK;sokak;643428
DÜZCE;GÖLYAKA;YAZIPINAR;412. SOKAK;sokak;643430
DÜZCE;GÖLYAKA;YAZIPINAR;413. SOKAK;sokak;449483
DÜZCE;GÖLYAKA;YAZIPINAR;415. SOKAK;sokak;643426
DÜZCE;GÖLYAKA;YAZIPINAR;416. SOKAK;sokak;860312
DÜZCE;GÖLYAKA;YAZIPINAR;417. SOKAK;sokak;864840
DÜZCE;GÖLYAKA;YAZIPINAR;418. SOKAK;sokak;881293
DÜZCE;GÖLYAKA;YAZIPINAR;419. SOKAK;sokak;882886
DÜZCE;GÖLYAKA;YAZIPINAR;420. SOKAK;sokak;914569
DÜZCE;GÖLYAKA;YAZIPINAR;421. SOKAK;sokak;933760
DÜZCE;GÖLYAKA;YAZIPINAR;422 SOKAK;sokak;959925
DÜZCE;GÖLYAKA;YAZIPINAR;423. SOKAK;sokak;1038933
DÜZCE;GÖLYAKA;YAZIPINAR;424. SOKAK;sokak;1050923
DÜZCE;GÖLYAKA;YAZIPINAR;425. SOKAK;sokak;1109221
DÜZCE;GÖLYAKA;YAZIPINAR;426. SOKAK;sokak;1233087
DÜZCE;GÖLYAKA;YAZIPINAR;427. SOKAK;sokak;1289095
DÜZCE;GÖLYAKA;YAZIPINAR;428. SOKAK;sokak;1406677
DÜZCE;GÖLYAKA;YAZIPINAR;429. SOKAK;sokak;1412861
DÜZCE;GÖLYAKA;YAZIPINAR;430. SOKAK;sokak;1414261
DÜZCE;GÖLYAKA;YAZIPINAR;431. SOKAK;sokak;499360240
DÜZCE;GÖLYAKA;YAZIPINAR;432. SOKAK;sokak;228055841
DÜZCE;GÖLYAKA;YAZIPINAR;513. SOKAK;sokak;1399817
DÜZCE;GÖLYAKA;YAZIPINAR;BAĞLANTI YOLU CADDE;cadde;940275
DÜZCE;GÖLYAKA;YAZIPINAR;CUMHURİYET CADDE;cadde;643423
DÜZCE;GÖLYAKA;YAZIPINAR;ÇINARLI CADDE;cadde;449150
DÜZCE;GÖLYAKA;YAZIPINAR;GENÇ SOKAK;sokak;643872
DÜZCE;GÖLYAKA;YAZIPINAR;KALICI KONUTLAR_1 KÜME EVLER;sokak;643429
DÜZCE;GÖLYAKA;YAZIPINAR;ŞEHİT ERCAN CADDE;cadde;449149
DÜZCE;GÖLYAKA;YAZIPINAR;ŞİRİN SOKAK;sokak;449482
DÜZCE;GÖLYAKA;YAZIPINAR;YAZLIK SOKAK;sokak;1032773
DÜZCE;GÖLYAKA;YAZIPINAR;ZEKİ ERGEZEN BULVAR;sokak;859867
DÜZCE;GÖLYAKA;YAZLIK;41. CADDE;cadde;644948590
DÜZCE;GÖLYAKA;YAZLIK;419. SOKAK;sokak;319242281
DÜZCE;GÖLYAKA;YAZLIK;YAZLIK SOKAK;sokak;922627
DÜZCE;GÖLYAKA;YAZLIK;YAZLIK. KÜME EVLER;sokak;86932
DÜZCE;GÖLYAKA;YENİ;301. SOKAK;sokak;654189
DÜZCE;GÖLYAKA;YENİ;302. SOKAK;sokak;647675
DÜZCE;GÖLYAKA;YENİ;303. SOKAK;sokak;826646
DÜZCE;GÖLYAKA;YENİ;304. SOKAK;sokak;836706
DÜZCE;GÖLYAKA;YENİ;305. SOKAK;sokak;851899
DÜZCE;GÖLYAKA;YENİ;306. SOKAK;sokak;872964
DÜZCE;GÖLYAKA;YENİ;307. SOKAK;sokak;943972
DÜZCE;GÖLYAKA;YENİ;308. SOKAK;sokak;1035348
DÜZCE;GÖLYAKA;YENİ;309. SOKAK;sokak;1101982
DÜZCE;GÖLYAKA;YENİ;310. SOKAK;sokak;1322959
DÜZCE;GÖLYAKA;YENİ;311. SOKAK;sokak;1344521
DÜZCE;GÖLYAKA;YENİ;312. SOKAK;sokak;817542280
DÜZCE;GÖLYAKA;YENİ;41. CADDE;cadde;1399823
DÜZCE;GÖLYAKA;YENİ;515. SOKAK;sokak;1399819
DÜZCE;GÖLYAKA;YENİ;519. SOKAK;sokak;1399821
DÜZCE;GÖLYAKA;YENİ;AHMET KABAKLI SOKAK;sokak;660229
DÜZCE;GÖLYAKA;YENİ;BALAY SOKAK;sokak;155462
DÜZCE;GÖLYAKA;YENİ;BARBAROS CADDE;cadde;659496
DÜZCE;GÖLYAKA;YENİ;CUMHURİYET CADDE;cadde;155459
DÜZCE;GÖLYAKA;YENİ;DİDEM SOKAK;sokak;859868
DÜZCE;GÖLYAKA;YENİ;GAZİ OSMANPAŞA SOKAK;sokak;155460
DÜZCE;GÖLYAKA;YENİ;GENÇ SOKAK;sokak;658789
DÜZCE;GÖLYAKA;YENİ;GÜL SOKAK;sokak;823140
DÜZCE;GÖLYAKA;YENİ;HAFIZ MUSA SOKAK;sokak;659690
DÜZCE;GÖLYAKA;YENİ;HASTANE SOKAK;sokak;412743
DÜZCE;GÖLYAKA;YENİ;İNCİ SOKAK;sokak;919250
DÜZCE;GÖLYAKA;YENİ;KARANFİL SOKAK;sokak;657411
DÜZCE;GÖLYAKA;YENİ;LALE SOKAK;sokak;657598
DÜZCE;GÖLYAKA;YENİ;MEHMET AKİF CADDE;cadde;412744
DÜZCE;GÖLYAKA;YENİ;PROF.DR.AYKUT BARKA SOKAK;sokak;656967
DÜZCE;GÖLYAKA;YENİ;YAVUZ SOKAK;sokak;654188
DÜZCE;GÖLYAKA;YENİ;YAZLIK SOKAK;sokak;155461
DÜZCE;GÖLYAKA;YENİ;ZAFER ÇIKMAZI SOKAK;sokak;660231
DÜZCE;GÖLYAKA;YEŞİL;201. SOKAK;sokak;132982
DÜZCE;GÖLYAKA;YEŞİL;202. SOKAK;sokak;625486
DÜZCE;GÖLYAKA;YEŞİL;203. SOKAK;sokak;612450
DÜZCE;GÖLYAKA;YEŞİL;204. SOKAK;sokak;612451
DÜZCE;GÖLYAKA;YEŞİL;205. SOKAK;sokak;722987
DÜZCE;GÖLYAKA;YEŞİL;206. SOKAK;sokak;848500
DÜZCE;GÖLYAKA;YEŞİL;207. SOKAK;sokak;855544
DÜZCE;GÖLYAKA;YEŞİL;208. SOKAK;sokak;915746
DÜZCE;GÖLYAKA;YEŞİL;209. SOKAK;sokak;957863
DÜZCE;GÖLYAKA;YEŞİL;210. SOKAK;sokak;973713
DÜZCE;GÖLYAKA;YEŞİL;211. SOKAK;sokak;996273
DÜZCE;GÖLYAKA;YEŞİL;212. SOKAK;sokak;1079170
DÜZCE;GÖLYAKA;YEŞİL;213. SOKAK;sokak;1136659
DÜZCE;GÖLYAKA;YEŞİL;214. SOKAK;sokak;1345837
DÜZCE;GÖLYAKA;YEŞİL;215. SOKAK;sokak;1401523
DÜZCE;GÖLYAKA;YEŞİL;216. SOKAK;sokak;1412695
DÜZCE;GÖLYAKA;YEŞİL;821. SOKAK;sokak;1399827
DÜZCE;GÖLYAKA;YEŞİL;AKINCI SOKAK;sokak;412747
DÜZCE;GÖLYAKA;YEŞİL;AŞIK VEYSEL SOKAK;sokak;624268
DÜZCE;GÖLYAKA;YEŞİL;BAŞAK SOKAK;sokak;27011
DÜZCE;GÖLYAKA;YEŞİL;CAMİ SOKAK;sokak;613766
DÜZCE;GÖLYAKA;YEŞİL;DEĞİRMEN SOKAK;sokak;412745
DÜZCE;GÖLYAKA;YEŞİL;GARAJ SOKAK;sokak;621255
DÜZCE;GÖLYAKA;YEŞİL;GEDİK SOKAK;sokak;623419
DÜZCE;GÖLYAKA;YEŞİL;GÖK SOKAK;sokak;155463
DÜZCE;GÖLYAKA;YEŞİL;GÜMÜŞHANE SOKAK;sokak;155464
DÜZCE;GÖLYAKA;YEŞİL;HÜRRİYET SOKAK;sokak;38566
DÜZCE;GÖLYAKA;YEŞİL;KURS SOKAK;sokak;470420310
DÜZCE;GÖLYAKA;YEŞİL;MEHMET AKİF CADDE;cadde;412746
DÜZCE;GÖLYAKA;YEŞİL;NECİP FAZIL CADDE;cadde;22003
DÜZCE;GÖLYAKA;YEŞİL;NECMETTİN ERBAKAN CADDE;cadde;155466
DÜZCE;GÖLYAKA;YEŞİL;ORG.RASİM BETİR CADDE;cadde;471616
DÜZCE;GÖLYAKA;YEŞİL;TUFAN SOKAK;sokak;22374
DÜZCE;GÖLYAKA;YEŞİL;UMUT SOKAK;sokak;620817
DÜZCE;GÖLYAKA;YEŞİL;YAZLIK SOKAK;sokak;766887
DÜZCE;GÖLYAKA;YEŞİL;YENİYOL SOKAK;sokak;155465
DÜZCE;GÖLYAKA;YEŞİLOVA NA;HACISÜLEYMANBEY KÜME EVLER;sokak;370693170
DÜZCE;GÖLYAKA;YEŞİLOVA NA;YAZLIK. KÜME EVLER;sokak;226574800
DÜZCE;GÖLYAKA;YEŞİLOVA NA;YEŞİLOVA KÜME EVLER;sokak;535230
DÜZCE;GÖLYAKA;YUNUSEFENDİ - CİNO;CİNO KÜME EVLER;sokak;93331
DÜZCE;GÖLYAKA;YUNUSEFENDİ - MERKEZ;MERKEZ KÜME EVLER;sokak;646526
DÜZCE;GÖLYAKA;ZEKERİYAKÖY NA;ZEKERİYA KÜME EVLER;sokak;542588
DÜZCE;GÜMÜŞOVA;ADAKÖY - ADAKÖYÜ;802 SOKAK;sokak;428637
DÜZCE;GÜMÜŞOVA;ADAKÖY - ADAKÖYÜ;900 SOKAK;sokak;1296639
DÜZCE;GÜMÜŞOVA;ADAKÖY - ADAKÖYÜ;901 SOKAK;sokak;1340185
DÜZCE;GÜMÜŞOVA;ADAKÖY - ADAKÖYÜ;931 SOKAK;sokak;1343527
DÜZCE;GÜMÜŞOVA;ADAKÖY - ADAKÖYÜ;932 SOKAK;sokak;1343529
DÜZCE;GÜMÜŞOVA;ADAKÖY - ADAKÖYÜ;933 SOKAK;sokak;1343531
DÜZCE;GÜMÜŞOVA;ADAKÖY - ADAKÖYÜ;934 SOKAK;sokak;1343533
DÜZCE;GÜMÜŞOVA;ADAKÖY - ADAKÖYÜ;935 SOKAK;sokak;1343535
DÜZCE;GÜMÜŞOVA;ADAKÖY - ADAKÖYÜ;936 SOKAK;sokak;1343537
DÜZCE;GÜMÜŞOVA;ADAKÖY - ADAKÖYÜ;937 SOKAK;sokak;1343539
DÜZCE;GÜMÜŞOVA;ADAKÖY - ADAKÖYÜ;938 SOKAK;sokak;1343541
DÜZCE;GÜMÜŞOVA;ADAKÖY - ADAKÖYÜ;939 SOKAK;sokak;1343543
DÜZCE;GÜMÜŞOVA;ADAKÖY - ADAKÖYÜ;940 SOKAK;sokak;1343545
DÜZCE;GÜMÜŞOVA;ADAKÖY - ADAKÖYÜ;941 SOKAK;sokak;1343547
DÜZCE;GÜMÜŞOVA;ADAKÖY - ADAKÖYÜ;942 SOKAK;sokak;1343549
DÜZCE;GÜMÜŞOVA;ADAKÖY - ADAKÖYÜ;943 SOKAK;sokak;1343551
DÜZCE;GÜMÜŞOVA;ADAKÖY - ADAKÖYÜ;944 SOKAK;sokak;1343553
DÜZCE;GÜMÜŞOVA;ADAKÖY - ADAKÖYÜ;ANKARA SOKAK;sokak;456083
DÜZCE;GÜMÜŞOVA;ADAKÖY - ADAKÖYÜ;YUNUS EMRE SOKAK;sokak;736142
DÜZCE;GÜMÜŞOVA;ADAKÖY NA;ADAKÖY KÜME EVLER;sokak;511444
DÜZCE;GÜMÜŞOVA;ADAKÖY NA;YUNUS EMRE SOKAK;sokak;265070871
DÜZCE;GÜMÜŞOVA;ARDIÇDİBİ NA;ARDIÇDİBİ KÜME EVLER;sokak;509721
DÜZCE;GÜMÜŞOVA;ARDIÇDİBİ NA;KUYUDÜZÜ 3 SOKAK;sokak;721420290
DÜZCE;GÜMÜŞOVA;ÇAYBÜKÜ - ÇAYBÜKÜ;730 SOKAK;sokak;1343597
DÜZCE;GÜMÜŞOVA;ÇAYBÜKÜ - ÇAYBÜKÜ;737 SOKAK;sokak;1343599
DÜZCE;GÜMÜŞOVA;ÇAYBÜKÜ - ÇAYBÜKÜ;770 SOKAK;sokak;1343601
DÜZCE;GÜMÜŞOVA;ÇAYBÜKÜ - ÇAYBÜKÜ;771 SOKAK;sokak;1343603
DÜZCE;GÜMÜŞOVA;ÇAYBÜKÜ - ÇAYBÜKÜ;772 SOKAK;sokak;1343605
DÜZCE;GÜMÜŞOVA;ÇAYBÜKÜ - ÇAYBÜKÜ;773 SOKAK;sokak;1343607
DÜZCE;GÜMÜŞOVA;ÇAYBÜKÜ - ÇAYBÜKÜ;774 SOKAK;sokak;1343609
DÜZCE;GÜMÜŞOVA;ÇAYBÜKÜ - ÇAYBÜKÜ;775 SOKAK;sokak;1343611
DÜZCE;GÜMÜŞOVA;ÇAYBÜKÜ - ÇAYBÜKÜ;776 SOKAK;sokak;1343613
DÜZCE;GÜMÜŞOVA;ÇAYBÜKÜ - ÇAYBÜKÜ;777 SOKAK;sokak;959144461
DÜZCE;GÜMÜŞOVA;ÇAYBÜKÜ - ÇAYBÜKÜ;779 SOKAK;sokak;1343619
DÜZCE;GÜMÜŞOVA;ÇAYBÜKÜ - ÇAYBÜKÜ;780 SOKAK;sokak;1343621
DÜZCE;GÜMÜŞOVA;ÇAYBÜKÜ - ÇAYBÜKÜ;781 SOKAK;sokak;1343623
DÜZCE;GÜMÜŞOVA;ÇAYBÜKÜ - ÇAYBÜKÜ;782 SOKAK;sokak;1343625
DÜZCE;GÜMÜŞOVA;ÇAYBÜKÜ - ÇAYBÜKÜ;783 SOKAK;sokak;1343627
DÜZCE;GÜMÜŞOVA;ÇAYBÜKÜ - ÇAYBÜKÜ;784 SOKAK;sokak;1343629
DÜZCE;GÜMÜŞOVA;ÇAYBÜKÜ - ÇAYBÜKÜ;791 SOKAK;sokak;542466321
DÜZCE;GÜMÜŞOVA;ÇAYBÜKÜ - ÇAYBÜKÜ;793 SOKAK;sokak;320017521
DÜZCE;GÜMÜŞOVA;ÇAYBÜKÜ - ÇAYBÜKÜ;801 SOKAK;sokak;227713
DÜZCE;GÜMÜŞOVA;ÇAYBÜKÜ - ÇAYBÜKÜ;930 SOKAK;sokak;1343631
DÜZCE;GÜMÜŞOVA;ÇAYBÜKÜ - ÇAYBÜKÜ;931 SOKAK;sokak;1343633
DÜZCE;GÜMÜŞOVA;ÇAYBÜKÜ - ÇAYBÜKÜ;ANKARA SOKAK;sokak;426525
DÜZCE;GÜMÜŞOVA;ÇAYBÜKÜ - ÇAYBÜKÜ;BÜYÜK MELEN SOKAK;sokak;314807421
DÜZCE;GÜMÜŞOVA;ÇAYBÜKÜ - ÇAYBÜKÜ;ERENLER SOKAK;sokak;809454
DÜZCE;GÜMÜŞOVA;ÇAYBÜKÜ - ÇAYBÜKÜ;GÜMÜŞABAD SOKAK;sokak;996165
DÜZCE;GÜMÜŞOVA;ÇAYBÜKÜ NA;801 SOKAK;sokak;223114191
DÜZCE;GÜMÜŞOVA;ÇAYBÜKÜ NA;ADAKÖY KÜME EVLER;sokak;204262191
DÜZCE;GÜMÜŞOVA;ÇAYBÜKÜ NA;ÇAYBÜKÜ KÜME EVLER;sokak;512588
DÜZCE;GÜMÜŞOVA;DEDEDÜZÜ NA;DEDEDÜZÜ KÜME EVLER;sokak;504090
DÜZCE;GÜMÜŞOVA;DEREKÖY NA;DEREKÖY KÜME EVLER;sokak;511564
DÜZCE;GÜMÜŞOVA;ELMACIK NA;ANADOLU OTOYOLU BULVAR;sokak;498345000
DÜZCE;GÜMÜŞOVA;ELMACIK NA;MERKEZ KÜME EVLER;sokak;23720
DÜZCE;GÜMÜŞOVA;ELMACIK NA;SARIDERE KÜME EVLER;sokak;412618760
DÜZCE;GÜMÜŞOVA;ELMACIK NA;YILDIZTEPE KÜME EVLER;sokak;910272010
DÜZCE;GÜMÜŞOVA;FATİH;101 SOKAK;sokak;412748
DÜZCE;GÜMÜŞOVA;FATİH;102 SOKAK;sokak;155467
DÜZCE;GÜMÜŞOVA;FATİH;103 SOKAK;sokak;155468
DÜZCE;GÜMÜŞOVA;FATİH;104 SOKAK;sokak;155469
DÜZCE;GÜMÜŞOVA;FATİH;105 SOKAK;sokak;412749
DÜZCE;GÜMÜŞOVA;FATİH;106 SOKAK;sokak;155470
DÜZCE;GÜMÜŞOVA;FATİH;107 SOKAK;sokak;155471
DÜZCE;GÜMÜŞOVA;FATİH;108 SOKAK;sokak;412750
DÜZCE;GÜMÜŞOVA;FATİH;109 SOKAK;sokak;155472
DÜZCE;GÜMÜŞOVA;FATİH;110 SOKAK;sokak;155473
DÜZCE;GÜMÜŞOVA;FATİH;111 SOKAK;sokak;174582410
DÜZCE;GÜMÜŞOVA;FATİH;112 SOKAK;sokak;155474
DÜZCE;GÜMÜŞOVA;FATİH;113 SOKAK;sokak;156117
DÜZCE;GÜMÜŞOVA;FATİH;115 SOKAK;sokak;412752
DÜZCE;GÜMÜŞOVA;FATİH;116 SOKAK;sokak;155476
DÜZCE;GÜMÜŞOVA;FATİH;117 SOKAK;sokak;155477
DÜZCE;GÜMÜŞOVA;FATİH;118 SOKAK;sokak;401017
DÜZCE;GÜMÜŞOVA;FATİH;119 SOKAK;sokak;412753
DÜZCE;GÜMÜŞOVA;FATİH;120 SOKAK;sokak;649579
DÜZCE;GÜMÜŞOVA;FATİH;121 SOKAK;sokak;653309
DÜZCE;GÜMÜŞOVA;FATİH;122 SOKAK;sokak;649587
DÜZCE;GÜMÜŞOVA;FATİH;123 SOKAK;sokak;649923
DÜZCE;GÜMÜŞOVA;FATİH;124 SOKAK;sokak;646283
DÜZCE;GÜMÜŞOVA;FATİH;125 SOKAK;sokak;829950
DÜZCE;GÜMÜŞOVA;FATİH;126 SOKAK;sokak;938581
DÜZCE;GÜMÜŞOVA;FATİH;127 SOKAK;sokak;993938
DÜZCE;GÜMÜŞOVA;FATİH;128 SOKAK;sokak;887926
DÜZCE;GÜMÜŞOVA;FATİH;129 SOKAK;sokak;855979
DÜZCE;GÜMÜŞOVA;FATİH;130 SOKAK;sokak;855977
DÜZCE;GÜMÜŞOVA;FATİH;131 SOKAK;sokak;975614
DÜZCE;GÜMÜŞOVA;FATİH;132 SOKAK;sokak;1340069
DÜZCE;GÜMÜŞOVA;FATİH;133 SOKAK;sokak;1340071
DÜZCE;GÜMÜŞOVA;FATİH;134 SOKAK;sokak;1340073
DÜZCE;GÜMÜŞOVA;FATİH;135 SOKAK;sokak;1286167
DÜZCE;GÜMÜŞOVA;FATİH;136 SOKAK;sokak;1228063
DÜZCE;GÜMÜŞOVA;FATİH;137 SOKAK;sokak;1283637
DÜZCE;GÜMÜŞOVA;FATİH;138 SOKAK;sokak;860702
DÜZCE;GÜMÜŞOVA;FATİH;139 SOKAK;sokak;1286171
DÜZCE;GÜMÜŞOVA;FATİH;140 SOKAK;sokak;1286173
DÜZCE;GÜMÜŞOVA;FATİH;141 SOKAK;sokak;886602
DÜZCE;GÜMÜŞOVA;FATİH;142 SOKAK;sokak;1286169
DÜZCE;GÜMÜŞOVA;FATİH;143 SOKAK;sokak;1286177
DÜZCE;GÜMÜŞOVA;FATİH;144 SOKAK;sokak;1286175
DÜZCE;GÜMÜŞOVA;FATİH;145 SOKAK;sokak;1286181
DÜZCE;GÜMÜŞOVA;FATİH;146 SOKAK;sokak;1286179
DÜZCE;GÜMÜŞOVA;FATİH;147 SOKAK;sokak;1286183
DÜZCE;GÜMÜŞOVA;FATİH;148 SOKAK;sokak;1286185
DÜZCE;GÜMÜŞOVA;FATİH;149 SOKAK;sokak;1286187
DÜZCE;GÜMÜŞOVA;FATİH;150 SOKAK;sokak;1286189
DÜZCE;GÜMÜŞOVA;FATİH;151 SOKAK;sokak;1340075
DÜZCE;GÜMÜŞOVA;FATİH;152 SOKAK;sokak;1286191
DÜZCE;GÜMÜŞOVA;FATİH;153 SOKAK;sokak;1340097
DÜZCE;GÜMÜŞOVA;FATİH;154 SOKAK;sokak;1127697
DÜZCE;GÜMÜŞOVA;FATİH;155 SOKAK;sokak;1340099
DÜZCE;GÜMÜŞOVA;FATİH;156 SOKAK;sokak;1274979
DÜZCE;GÜMÜŞOVA;FATİH;157 SOKAK;sokak;996616
DÜZCE;GÜMÜŞOVA;FATİH;158 SOKAK;sokak;1286195
DÜZCE;GÜMÜŞOVA;FATİH;159 SOKAK;sokak;1286997
DÜZCE;GÜMÜŞOVA;FATİH;160 SOKAK;sokak;1286995
DÜZCE;GÜMÜŞOVA;FATİH;161 SOKAK;sokak;1286999
DÜZCE;GÜMÜŞOVA;FATİH;162 SOKAK;sokak;1287001
DÜZCE;GÜMÜŞOVA;FATİH;163 SOKAK;sokak;1287003
DÜZCE;GÜMÜŞOVA;FATİH;164 SOKAK;sokak;1272939
DÜZCE;GÜMÜŞOVA;FATİH;165 SOKAK;sokak;963251
DÜZCE;GÜMÜŞOVA;FATİH;166 SOKAK;sokak;1287007
DÜZCE;GÜMÜŞOVA;FATİH;167 SOKAK;sokak;1287009
DÜZCE;GÜMÜŞOVA;FATİH;168 SOKAK;sokak;1287011
DÜZCE;GÜMÜŞOVA;FATİH;169 SOKAK;sokak;1033268
DÜZCE;GÜMÜŞOVA;FATİH;17 AĞUSTOS CADDE;cadde;155478
DÜZCE;GÜMÜŞOVA;FATİH;17 AĞUSTOS1 SOKAK;sokak;293539681
DÜZCE;GÜMÜŞOVA;FATİH;170 SOKAK;sokak;1287005
DÜZCE;GÜMÜŞOVA;FATİH;171 SOKAK;sokak;1099956
DÜZCE;GÜMÜŞOVA;FATİH;172 SOKAK;sokak;1287019
DÜZCE;GÜMÜŞOVA;FATİH;173 SOKAK;sokak;1287021
DÜZCE;GÜMÜŞOVA;FATİH;174 SOKAK;sokak;1287023
DÜZCE;GÜMÜŞOVA;FATİH;175 SOKAK;sokak;1287025
DÜZCE;GÜMÜŞOVA;FATİH;176 SOKAK;sokak;1287027
DÜZCE;GÜMÜŞOVA;FATİH;177 SOKAK;sokak;1287029
DÜZCE;GÜMÜŞOVA;FATİH;178 SOKAK;sokak;1286193
DÜZCE;GÜMÜŞOVA;FATİH;179 SOKAK;sokak;1286213
DÜZCE;GÜMÜŞOVA;FATİH;180 SOKAK;sokak;1286215
DÜZCE;GÜMÜŞOVA;FATİH;181 SOKAK;sokak;1286217
DÜZCE;GÜMÜŞOVA;FATİH;182 SOKAK;sokak;1343895
DÜZCE;GÜMÜŞOVA;FATİH;184 SOKAK;sokak;1343919
DÜZCE;GÜMÜŞOVA;FATİH;185 SOKAK;sokak;1343921
DÜZCE;GÜMÜŞOVA;FATİH;186 SOKAK;sokak;1343923
DÜZCE;GÜMÜŞOVA;FATİH;187 SOKAK;sokak;623214841
DÜZCE;GÜMÜŞOVA;FATİH;188 SOKAK;sokak;785640101
DÜZCE;GÜMÜŞOVA;FATİH;189 SOKAK;sokak;1343929
DÜZCE;GÜMÜŞOVA;FATİH;190 SOKAK;sokak;1343931
DÜZCE;GÜMÜŞOVA;FATİH;191 SOKAK;sokak;1343933
DÜZCE;GÜMÜŞOVA;FATİH;192 SOKAK;sokak;1343935
DÜZCE;GÜMÜŞOVA;FATİH;193 SOKAK;sokak;1343901
DÜZCE;GÜMÜŞOVA;FATİH;194 SOKAK;sokak;197997581
DÜZCE;GÜMÜŞOVA;FATİH;195 SOKAK;sokak;648781351
DÜZCE;GÜMÜŞOVA;FATİH;196 SOKAK;sokak;760156011
DÜZCE;GÜMÜŞOVA;FATİH;197 SOKAK;sokak;703600111
DÜZCE;GÜMÜŞOVA;FATİH;198 SOKAK;sokak;994624261
DÜZCE;GÜMÜŞOVA;FATİH;213 SOKAK;sokak;1343945
DÜZCE;GÜMÜŞOVA;FATİH;229 SOKAK;sokak;1343947
DÜZCE;GÜMÜŞOVA;FATİH;328 SOKAK;sokak;1343949
DÜZCE;GÜMÜŞOVA;FATİH;558 SOKAK;sokak;1343951
DÜZCE;GÜMÜŞOVA;FATİH;701 SOKAK;sokak;1343955
DÜZCE;GÜMÜŞOVA;FATİH;ATATÜRK CADDE;cadde;155479
DÜZCE;GÜMÜŞOVA;FATİH;BAĞDAT CADDE;cadde;412754
DÜZCE;GÜMÜŞOVA;FATİH;BAĞDAT1 SOKAK;sokak;351090811
DÜZCE;GÜMÜŞOVA;FATİH;DELİCE DERE SOKAK;sokak;1343957
DÜZCE;GÜMÜŞOVA;FATİH;HASTANE CADDE;cadde;1286219
DÜZCE;GÜMÜŞOVA;FATİH;HÜRRİYET CADDE;cadde;156118
DÜZCE;GÜMÜŞOVA;FATİH;İSMET PAŞA CADDE;cadde;155480
DÜZCE;GÜMÜŞOVA;FATİH;İSTANBUL CADDE;cadde;155481
DÜZCE;GÜMÜŞOVA;FATİH;MENDERES CADDE;cadde;1343959
DÜZCE;GÜMÜŞOVA;FATİH;NAMIK KEMAL CADDE;cadde;1147123
DÜZCE;GÜMÜŞOVA;FATİH;PİRİ REİS CADDE;cadde;1286245
DÜZCE;GÜMÜŞOVA;FATİH;ŞEHİT ŞEHABETTİN ARSLAN CADDE;cadde;659404
DÜZCE;GÜMÜŞOVA;FATİH;VATAN CADDE;cadde;1286221
DÜZCE;GÜMÜŞOVA;HACIKADİRLER - HACIKADİRLER;803 SOKAK;sokak;434291
DÜZCE;GÜMÜŞOVA;HACIKADİRLER - HACIKADİRLER;804 SOKAK;sokak;985994
DÜZCE;GÜMÜŞOVA;HACIKADİRLER - HACIKADİRLER;806 SOKAK;sokak;975145
DÜZCE;GÜMÜŞOVA;HACIKADİRLER - HACIKADİRLER;807 SOKAK;sokak;1039741
DÜZCE;GÜMÜŞOVA;HACIKADİRLER - HACIKADİRLER;808 SOKAK;sokak;1080559
DÜZCE;GÜMÜŞOVA;HACIKADİRLER - HACIKADİRLER;809 SOKAK;sokak;1340065
DÜZCE;GÜMÜŞOVA;HACIKADİRLER - HACIKADİRLER;810 SOKAK;sokak;1049219
DÜZCE;GÜMÜŞOVA;HACIKADİRLER - HACIKADİRLER;811 SOKAK;sokak;1340067
DÜZCE;GÜMÜŞOVA;HACIKADİRLER - HACIKADİRLER;812 SOKAK;sokak;1343881
DÜZCE;GÜMÜŞOVA;HACIKADİRLER - HACIKADİRLER;813 SOKAK;sokak;1343883
DÜZCE;GÜMÜŞOVA;HACIKADİRLER - HACIKADİRLER;814 SOKAK;sokak;1343885
DÜZCE;GÜMÜŞOVA;HACIKADİRLER - HACIKADİRLER;815 SOKAK;sokak;1343887
DÜZCE;GÜMÜŞOVA;HACIKADİRLER - HACIKADİRLER;901 SOKAK;sokak;1340187
DÜZCE;GÜMÜŞOVA;HACIKADİRLER - HACIKADİRLER;902 SOKAK;sokak;1343889
DÜZCE;GÜMÜŞOVA;HACIKADİRLER - HACIKADİRLER;903 SOKAK;sokak;1343891
DÜZCE;GÜMÜŞOVA;HACIKADİRLER - HACIKADİRLER;AKDERE SOKAK;sokak;436488
DÜZCE;GÜMÜŞOVA;HACIKADİRLER - HACIKADİRLER;ANKARA SOKAK;sokak;426523
DÜZCE;GÜMÜŞOVA;HACIKADİRLER - HACIKADİRLER;ÇINARCIK SOKAK;sokak;436489
DÜZCE;GÜMÜŞOVA;HACIKADİRLER - HACIKADİRLER;KANAL BOYU SOKAK;sokak;427055
DÜZCE;GÜMÜŞOVA;HACIKADİRLER - HACIKADİRLER;OSMAN GAZİ SOKAK;sokak;1100315
DÜZCE;GÜMÜŞOVA;HACIKADİRLER NA;ANADOLU OTOYOLU BULVAR;sokak;141839090
DÜZCE;GÜMÜŞOVA;HACIKADİRLER NA;ANKARA SOKAK;sokak;131329640
DÜZCE;GÜMÜŞOVA;HACIKADİRLER NA;HACIKADİRLER KÜME EVLER;sokak;510687
DÜZCE;GÜMÜŞOVA;HACIKADİRLER NA;OSMAN GAZİ SOKAK;sokak;106253171
DÜZCE;GÜMÜŞOVA;HACIKADİRLER NA;YAYAKBAŞI KÜME EVLER;sokak;203650861
DÜZCE;GÜMÜŞOVA;HACILAR;537 SOKAK;sokak;1342645
DÜZCE;GÜMÜŞOVA;HACILAR;550 SOKAK;sokak;1342663
DÜZCE;GÜMÜŞOVA;HACILAR;551 SOKAK;sokak;1342647
DÜZCE;GÜMÜŞOVA;HACILAR;552 SOKAK;sokak;1342649
DÜZCE;GÜMÜŞOVA;HACILAR;553 SOKAK;sokak;1342651
DÜZCE;GÜMÜŞOVA;HACILAR;558 SOKAK;sokak;1342653
DÜZCE;GÜMÜŞOVA;HACILAR;559 SOKAK;sokak;1342655
DÜZCE;GÜMÜŞOVA;HACILAR;601 SOKAK;sokak;155482
DÜZCE;GÜMÜŞOVA;HACILAR;602 SOKAK;sokak;407364
DÜZCE;GÜMÜŞOVA;HACILAR;603 SOKAK;sokak;412755
DÜZCE;GÜMÜŞOVA;HACILAR;604 SOKAK;sokak;155483
DÜZCE;GÜMÜŞOVA;HACILAR;605 SOKAK;sokak;155484
DÜZCE;GÜMÜŞOVA;HACILAR;606 SOKAK;sokak;155876
DÜZCE;GÜMÜŞOVA;HACILAR;607 SOKAK;sokak;1095029
DÜZCE;GÜMÜŞOVA;HACILAR;608 SOKAK;sokak;1286611
DÜZCE;GÜMÜŞOVA;HACILAR;609 SOKAK;sokak;1286613
DÜZCE;GÜMÜŞOVA;HACILAR;610 SOKAK;sokak;1286615
DÜZCE;GÜMÜŞOVA;HACILAR;611 CADDE;cadde;1286623
DÜZCE;GÜMÜŞOVA;HACILAR;612 SOKAK;sokak;1286625
DÜZCE;GÜMÜŞOVA;HACILAR;613 SOKAK;sokak;1286627
DÜZCE;GÜMÜŞOVA;HACILAR;614 SOKAK;sokak;1342677
DÜZCE;GÜMÜŞOVA;HACILAR;615 SOKAK;sokak;1286629
DÜZCE;GÜMÜŞOVA;HACILAR;616 SOKAK;sokak;1342665
DÜZCE;GÜMÜŞOVA;HACILAR;617 SOKAK;sokak;1342679
DÜZCE;GÜMÜŞOVA;HACILAR;618 SOKAK;sokak;1342681
DÜZCE;GÜMÜŞOVA;HACILAR;619 SOKAK;sokak;1342683
DÜZCE;GÜMÜŞOVA;HACILAR;620 SOKAK;sokak;1286631
DÜZCE;GÜMÜŞOVA;HACILAR;621 SOKAK;sokak;1286633
DÜZCE;GÜMÜŞOVA;HACILAR;622 SOKAK;sokak;1286637
DÜZCE;GÜMÜŞOVA;HACILAR;623 SOKAK;sokak;1286635
DÜZCE;GÜMÜŞOVA;HACILAR;624 SOKAK;sokak;1286639
DÜZCE;GÜMÜŞOVA;HACILAR;625 SOKAK;sokak;1340109
DÜZCE;GÜMÜŞOVA;HACILAR;632 SOKAK;sokak;1286719
DÜZCE;GÜMÜŞOVA;HACILAR;633 SOKAK;sokak;1286721
DÜZCE;GÜMÜŞOVA;HACILAR;634 SOKAK;sokak;1286723
DÜZCE;GÜMÜŞOVA;HACILAR;635 SOKAK;sokak;1286725
DÜZCE;GÜMÜŞOVA;HACILAR;636 SOKAK;sokak;1029405
DÜZCE;GÜMÜŞOVA;HACILAR;637 SOKAK;sokak;1028024
DÜZCE;GÜMÜŞOVA;HACILAR;638 SOKAK;sokak;1263273
DÜZCE;GÜMÜŞOVA;HACILAR;639 SOKAK;sokak;1286641
DÜZCE;GÜMÜŞOVA;HACILAR;640 SOKAK;sokak;1286643
DÜZCE;GÜMÜŞOVA;HACILAR;641 SOKAK;sokak;1286645
DÜZCE;GÜMÜŞOVA;HACILAR;642 SOKAK;sokak;1286713
DÜZCE;GÜMÜŞOVA;HACILAR;643 SOKAK;sokak;1286715
DÜZCE;GÜMÜŞOVA;HACILAR;644 SOKAK;sokak;1286717
DÜZCE;GÜMÜŞOVA;HACILAR;645 SOKAK;sokak;1342667
DÜZCE;GÜMÜŞOVA;HACILAR;646 SOKAK;sokak;1342669
DÜZCE;GÜMÜŞOVA;HACILAR;647 SOKAK;sokak;1342671
DÜZCE;GÜMÜŞOVA;HACILAR;648 SOKAK;sokak;1342673
DÜZCE;GÜMÜŞOVA;HACILAR;649 SOKAK;sokak;1342675
DÜZCE;GÜMÜŞOVA;HACILAR;650 SOKAK;sokak;1342697
DÜZCE;GÜMÜŞOVA;HACILAR;651 SOKAK;sokak;1342685
DÜZCE;GÜMÜŞOVA;HACILAR;652 SOKAK;sokak;1342687
DÜZCE;GÜMÜŞOVA;HACILAR;653 SOKAK;sokak;1342689
DÜZCE;GÜMÜŞOVA;HACILAR;654 SOKAK;sokak;1342691
DÜZCE;GÜMÜŞOVA;HACILAR;655 SOKAK;sokak;1342693
DÜZCE;GÜMÜŞOVA;HACILAR;656 SOKAK;sokak;1342695
DÜZCE;GÜMÜŞOVA;HACILAR;657 SOKAK;sokak;1342717
DÜZCE;GÜMÜŞOVA;HACILAR;658 SOKAK;sokak;1342719
DÜZCE;GÜMÜŞOVA;HACILAR;659 SOKAK;sokak;1342721
DÜZCE;GÜMÜŞOVA;HACILAR;660 SOKAK;sokak;1342723
DÜZCE;GÜMÜŞOVA;HACILAR;661 SOKAK;sokak;1342725
DÜZCE;GÜMÜŞOVA;HACILAR;662 SOKAK;sokak;1342727
DÜZCE;GÜMÜŞOVA;HACILAR;663 SOKAK;sokak;1342729
DÜZCE;GÜMÜŞOVA;HACILAR;664 SOKAK;sokak;1342731
DÜZCE;GÜMÜŞOVA;HACILAR;CUMHURİYET CADDE;cadde;155485
DÜZCE;GÜMÜŞOVA;HACILAR;ERTUĞRUL GAZİ CADDE;cadde;1342733
DÜZCE;GÜMÜŞOVA;HACILAR;KOCAGÖZ DERE SOKAK;sokak;1342735
DÜZCE;GÜMÜŞOVA;HACILAR;ÖREN YOLU CADDE;cadde;1342743
DÜZCE;GÜMÜŞOVA;HACILAR;ÖZGÜRLÜK CADDE;cadde;155877
DÜZCE;GÜMÜŞOVA;HACILAR;SOĞUKSU YOLU CADDE;cadde;155486
DÜZCE;GÜMÜŞOVA;HACILAR;YAVUZ SULTAN SELİM CADDE;cadde;1286619
DÜZCE;GÜMÜŞOVA;HALİLBEY NA;HALİLBEY KÜME EVLER;sokak;514888
DÜZCE;GÜMÜŞOVA;KAHVELERYANI - KAHVELERYANI;900 SOKAK;sokak;1296655
DÜZCE;GÜMÜŞOVA;KAHVELERYANI - KAHVELERYANI;901 SOKAK;sokak;1340183
DÜZCE;GÜMÜŞOVA;KAHVELERYANI - KAHVELERYANI;904 SOKAK;sokak;1343657
DÜZCE;GÜMÜŞOVA;KAHVELERYANI - KAHVELERYANI;905 SOKAK;sokak;1343659
DÜZCE;GÜMÜŞOVA;KAHVELERYANI - KAHVELERYANI;906 SOKAK;sokak;1343661
DÜZCE;GÜMÜŞOVA;KAHVELERYANI - KAHVELERYANI;907 SOKAK;sokak;1343663
DÜZCE;GÜMÜŞOVA;KAHVELERYANI - KAHVELERYANI;908 SOKAK;sokak;1343665
DÜZCE;GÜMÜŞOVA;KAHVELERYANI - KAHVELERYANI;OSMAN GAZİ SOKAK;sokak;106253170
DÜZCE;GÜMÜŞOVA;KAHVELERYANI NA;KAHVELERYANI KÜME EVLER;sokak;292623
DÜZCE;GÜMÜŞOVA;KIŞLA;1000 SOKAK;sokak;1342703
DÜZCE;GÜMÜŞOVA;KIŞLA;1001 SOKAK;sokak;1342705
DÜZCE;GÜMÜŞOVA;KIŞLA;1002 SOKAK;sokak;1342707
DÜZCE;GÜMÜŞOVA;KIŞLA;1003 SOKAK;sokak;1342709
DÜZCE;GÜMÜŞOVA;KIŞLA;1004 SOKAK;sokak;1342711
DÜZCE;GÜMÜŞOVA;KIŞLA;1005 SOKAK;sokak;1342713
DÜZCE;GÜMÜŞOVA;KIŞLA;1006 SOKAK;sokak;1342715
DÜZCE;GÜMÜŞOVA;KIŞLA;1007 SOKAK;sokak;1342759
DÜZCE;GÜMÜŞOVA;KIŞLA;1008 SOKAK;sokak;1342761
DÜZCE;GÜMÜŞOVA;KIŞLA;1009 SOKAK;sokak;1342763
DÜZCE;GÜMÜŞOVA;KIŞLA;1010 SOKAK;sokak;1342765
DÜZCE;GÜMÜŞOVA;KIŞLA;1011 SOKAK;sokak;1342805
DÜZCE;GÜMÜŞOVA;KIŞLA;1012 SOKAK;sokak;1342807
DÜZCE;GÜMÜŞOVA;KIŞLA;1013 SOKAK;sokak;1342809
DÜZCE;GÜMÜŞOVA;KIŞLA;1014 SOKAK;sokak;1342811
DÜZCE;GÜMÜŞOVA;KIŞLA;1015 SOKAK;sokak;1342815
DÜZCE;GÜMÜŞOVA;KIŞLA;1016 SOKAK;sokak;1342817
DÜZCE;GÜMÜŞOVA;KIŞLA;1017 SOKAK;sokak;1342819
DÜZCE;GÜMÜŞOVA;KIŞLA;1018 SOKAK;sokak;1342821
DÜZCE;GÜMÜŞOVA;KIŞLA;1019 SOKAK;sokak;1342823
DÜZCE;GÜMÜŞOVA;KIŞLA;1020 SOKAK;sokak;1342825
DÜZCE;GÜMÜŞOVA;KIŞLA;1021 SOKAK;sokak;1342827
DÜZCE;GÜMÜŞOVA;KIŞLA;1022 SOKAK;sokak;1342829
DÜZCE;GÜMÜŞOVA;KIŞLA;1023 SOKAK;sokak;1342831
DÜZCE;GÜMÜŞOVA;KIŞLA;1024 SOKAK;sokak;1342833
DÜZCE;GÜMÜŞOVA;KIŞLA;1025 SOKAK;sokak;1342835
DÜZCE;GÜMÜŞOVA;KIŞLA;1026 SOKAK;sokak;1342837
DÜZCE;GÜMÜŞOVA;KIŞLA;118 SOKAK;sokak;1342767
DÜZCE;GÜMÜŞOVA;KIŞLA;12 KASIM CADDE;cadde;412759
DÜZCE;GÜMÜŞOVA;KIŞLA;313 SOKAK;sokak;1154045
DÜZCE;GÜMÜŞOVA;KIŞLA;321 SOKAK;sokak;1342769
DÜZCE;GÜMÜŞOVA;KIŞLA;323 SOKAK;sokak;349787591
DÜZCE;GÜMÜŞOVA;KIŞLA;421 SOKAK;sokak;150605
DÜZCE;GÜMÜŞOVA;KIŞLA;501 SOKAK;sokak;155878
DÜZCE;GÜMÜŞOVA;KIŞLA;501/1 SOKAK;sokak;871931321
DÜZCE;GÜMÜŞOVA;KIŞLA;502 SOKAK;sokak;155492
DÜZCE;GÜMÜŞOVA;KIŞLA;503 SOKAK;sokak;155493
DÜZCE;GÜMÜŞOVA;KIŞLA;504 SOKAK;sokak;155494
DÜZCE;GÜMÜŞOVA;KIŞLA;505 SOKAK;sokak;412757
DÜZCE;GÜMÜŞOVA;KIŞLA;506 SOKAK;sokak;155487
DÜZCE;GÜMÜŞOVA;KIŞLA;507 SOKAK;sokak;155488
DÜZCE;GÜMÜŞOVA;KIŞLA;508 SOKAK;sokak;155489
DÜZCE;GÜMÜŞOVA;KIŞLA;509 SOKAK;sokak;856862
DÜZCE;GÜMÜŞOVA;KIŞLA;510 SOKAK;sokak;943506
DÜZCE;GÜMÜŞOVA;KIŞLA;511 SOKAK;sokak;1286225
DÜZCE;GÜMÜŞOVA;KIŞLA;512 SOKAK;sokak;1037576
DÜZCE;GÜMÜŞOVA;KIŞLA;513 SOKAK;sokak;1286227
DÜZCE;GÜMÜŞOVA;KIŞLA;514 SOKAK;sokak;1286229
DÜZCE;GÜMÜŞOVA;KIŞLA;515 SOKAK;sokak;1286379
DÜZCE;GÜMÜŞOVA;KIŞLA;516 SOKAK;sokak;1342771
DÜZCE;GÜMÜŞOVA;KIŞLA;517 SOKAK;sokak;1342773
DÜZCE;GÜMÜŞOVA;KIŞLA;518 SOKAK;sokak;1342775
DÜZCE;GÜMÜŞOVA;KIŞLA;519 SOKAK;sokak;1342857
DÜZCE;GÜMÜŞOVA;KIŞLA;520 SOKAK;sokak;1286787
DÜZCE;GÜMÜŞOVA;KIŞLA;521 SOKAK;sokak;1286779
DÜZCE;GÜMÜŞOVA;KIŞLA;522 SOKAK;sokak;1286781
DÜZCE;GÜMÜŞOVA;KIŞLA;523 SOKAK;sokak;1286783
DÜZCE;GÜMÜŞOVA;KIŞLA;524 SOKAK;sokak;1286785
DÜZCE;GÜMÜŞOVA;KIŞLA;525 SOKAK;sokak;1047944
DÜZCE;GÜMÜŞOVA;KIŞLA;526 SOKAK;sokak;1286933
DÜZCE;GÜMÜŞOVA;KIŞLA;527 SOKAK;sokak;1286935
DÜZCE;GÜMÜŞOVA;KIŞLA;528 SOKAK;sokak;1286937
DÜZCE;GÜMÜŞOVA;KIŞLA;529 SOKAK;sokak;1286939
DÜZCE;GÜMÜŞOVA;KIŞLA;531 SOKAK;sokak;1286791
DÜZCE;GÜMÜŞOVA;KIŞLA;532 SOKAK;sokak;1286793
DÜZCE;GÜMÜŞOVA;KIŞLA;533 SOKAK;sokak;1286795
DÜZCE;GÜMÜŞOVA;KIŞLA;534 SOKAK;sokak;1286797
DÜZCE;GÜMÜŞOVA;KIŞLA;535 SOKAK;sokak;1286799
DÜZCE;GÜMÜŞOVA;KIŞLA;537 SOKAK;sokak;1286925
DÜZCE;GÜMÜŞOVA;KIŞLA;538 SOKAK;sokak;1286929
DÜZCE;GÜMÜŞOVA;KIŞLA;539 SOKAK;sokak;1286931
DÜZCE;GÜMÜŞOVA;KIŞLA;540 SOKAK;sokak;1286801
DÜZCE;GÜMÜŞOVA;KIŞLA;541 SOKAK;sokak;1286803
DÜZCE;GÜMÜŞOVA;KIŞLA;542 SOKAK;sokak;1286807
DÜZCE;GÜMÜŞOVA;KIŞLA;543 SOKAK;sokak;1286853
DÜZCE;GÜMÜŞOVA;KIŞLA;544 SOKAK;sokak;1286847
DÜZCE;GÜMÜŞOVA;KIŞLA;545 SOKAK;sokak;1286851
DÜZCE;GÜMÜŞOVA;KIŞLA;546 SOKAK;sokak;1286849
DÜZCE;GÜMÜŞOVA;KIŞLA;547 SOKAK;sokak;1286855
DÜZCE;GÜMÜŞOVA;KIŞLA;548 SOKAK;sokak;1286857
DÜZCE;GÜMÜŞOVA;KIŞLA;549 SOKAK;sokak;1286901
DÜZCE;GÜMÜŞOVA;KIŞLA;550 SOKAK;sokak;1286859
DÜZCE;GÜMÜŞOVA;KIŞLA;551 SOKAK;sokak;1286861
DÜZCE;GÜMÜŞOVA;KIŞLA;552 SOKAK;sokak;1286863
DÜZCE;GÜMÜŞOVA;KIŞLA;553 SOKAK;sokak;537510120
DÜZCE;GÜMÜŞOVA;KIŞLA;554 SOKAK;sokak;1286867
DÜZCE;GÜMÜŞOVA;KIŞLA;555 SOKAK;sokak;1286869
DÜZCE;GÜMÜŞOVA;KIŞLA;556 SOKAK;sokak;1286871
DÜZCE;GÜMÜŞOVA;KIŞLA;557 SOKAK;sokak;1274985
DÜZCE;GÜMÜŞOVA;KIŞLA;558 SOKAK;sokak;1286233
DÜZCE;GÜMÜŞOVA;KIŞLA;559 SOKAK;sokak;1286235
DÜZCE;GÜMÜŞOVA;KIŞLA;560 SOKAK;sokak;1286231
DÜZCE;GÜMÜŞOVA;KIŞLA;561 SOKAK;sokak;1274987
DÜZCE;GÜMÜŞOVA;KIŞLA;562 SOKAK;sokak;1286873
DÜZCE;GÜMÜŞOVA;KIŞLA;563 SOKAK;sokak;1286875
DÜZCE;GÜMÜŞOVA;KIŞLA;565 SOKAK;sokak;1286879
DÜZCE;GÜMÜŞOVA;KIŞLA;566 SOKAK;sokak;1286881
DÜZCE;GÜMÜŞOVA;KIŞLA;567 SOKAK;sokak;1286883
DÜZCE;GÜMÜŞOVA;KIŞLA;568 SOKAK;sokak;1286885
DÜZCE;GÜMÜŞOVA;KIŞLA;569 SOKAK;sokak;1286887
DÜZCE;GÜMÜŞOVA;KIŞLA;570 SOKAK;sokak;1286889
DÜZCE;GÜMÜŞOVA;KIŞLA;571 SOKAK;sokak;1286891
DÜZCE;GÜMÜŞOVA;KIŞLA;572 SOKAK;sokak;1286893
DÜZCE;GÜMÜŞOVA;KIŞLA;573 SOKAK;sokak;1286895
DÜZCE;GÜMÜŞOVA;KIŞLA;574 SOKAK;sokak;846136291
DÜZCE;GÜMÜŞOVA;KIŞLA;575 SOKAK;sokak;1286899
DÜZCE;GÜMÜŞOVA;KIŞLA;576 SOKAK;sokak;1342859
DÜZCE;GÜMÜŞOVA;KIŞLA;577 SOKAK;sokak;1342861
DÜZCE;GÜMÜŞOVA;KIŞLA;578 SOKAK;sokak;1342863
DÜZCE;GÜMÜŞOVA;KIŞLA;579 SOKAK;sokak;1342865
DÜZCE;GÜMÜŞOVA;KIŞLA;580 SOKAK;sokak;1342867
DÜZCE;GÜMÜŞOVA;KIŞLA;581 SOKAK;sokak;1342869
DÜZCE;GÜMÜŞOVA;KIŞLA;582 SOKAK;sokak;1342871
DÜZCE;GÜMÜŞOVA;KIŞLA;583 SOKAK;sokak;1343307
DÜZCE;GÜMÜŞOVA;KIŞLA;584 SOKAK;sokak;1343309
DÜZCE;GÜMÜŞOVA;KIŞLA;585 SOKAK;sokak;1343311
DÜZCE;GÜMÜŞOVA;KIŞLA;586 SOKAK;sokak;1343313
DÜZCE;GÜMÜŞOVA;KIŞLA;587 SOKAK;sokak;1343315
DÜZCE;GÜMÜŞOVA;KIŞLA;588 SOKAK;sokak;1343357
DÜZCE;GÜMÜŞOVA;KIŞLA;589 SOKAK;sokak;1343359
DÜZCE;GÜMÜŞOVA;KIŞLA;590 SOKAK;sokak;1343361
DÜZCE;GÜMÜŞOVA;KIŞLA;591 SOKAK;sokak;1343363
DÜZCE;GÜMÜŞOVA;KIŞLA;592 SOKAK;sokak;1343365
DÜZCE;GÜMÜŞOVA;KIŞLA;593 SOKAK;sokak;1343367
DÜZCE;GÜMÜŞOVA;KIŞLA;594 SOKAK;sokak;1343369
DÜZCE;GÜMÜŞOVA;KIŞLA;595 SOKAK;sokak;1343371
DÜZCE;GÜMÜŞOVA;KIŞLA;596 SOKAK;sokak;1343373
DÜZCE;GÜMÜŞOVA;KIŞLA;597 SOKAK;sokak;1343375
DÜZCE;GÜMÜŞOVA;KIŞLA;598 SOKAK;sokak;1343377
DÜZCE;GÜMÜŞOVA;KIŞLA;599 SOKAK;sokak;1343379
DÜZCE;GÜMÜŞOVA;KIŞLA;626 SOKAK;sokak;1343381
DÜZCE;GÜMÜŞOVA;KIŞLA;627 SOKAK;sokak;1343385
DÜZCE;GÜMÜŞOVA;KIŞLA;628 SOKAK;sokak;1343387
DÜZCE;GÜMÜŞOVA;KIŞLA;629 SOKAK;sokak;1343389
DÜZCE;GÜMÜŞOVA;KIŞLA;630 SOKAK;sokak;1343391
DÜZCE;GÜMÜŞOVA;KIŞLA;631 SOKAK;sokak;1343393
DÜZCE;GÜMÜŞOVA;KIŞLA;CUMHURİYET CADDE;cadde;413917
DÜZCE;GÜMÜŞOVA;KIŞLA;ERTUĞRUL GAZİ CADDE;cadde;1300875
DÜZCE;GÜMÜŞOVA;KIŞLA;HASAN TAHSİN CADDE;cadde;1286383
DÜZCE;GÜMÜŞOVA;KIŞLA;KOCAGÖZ DERE SOKAK;sokak;1342699
DÜZCE;GÜMÜŞOVA;KIŞLA;OKULLAR CADDE;cadde;155490
DÜZCE;GÜMÜŞOVA;KIŞLA;ÖREN YOLU CADDE;cadde;155491
DÜZCE;GÜMÜŞOVA;KIŞLA;ÖZGÜRLÜK CADDE;cadde;1343395
DÜZCE;GÜMÜŞOVA;KIŞLA;PİRİ REİS CADDE;cadde;1343399
DÜZCE;GÜMÜŞOVA;KIŞLA;ŞHT.ALİ RAİF ÖZBEK CADDE;cadde;1331255
DÜZCE;GÜMÜŞOVA;KIŞLA;YILDIRIM BEYAZIT CADDE;cadde;1286381
DÜZCE;GÜMÜŞOVA;KIYIKÖY NA;KIYIKÖY KÜME EVLER;sokak;522989
DÜZCE;GÜMÜŞOVA;KÜLTÜR;181 SOKAK;sokak;1343343
DÜZCE;GÜMÜŞOVA;KÜLTÜR;301 SOKAK;sokak;412760
DÜZCE;GÜMÜŞOVA;KÜLTÜR;302 SOKAK;sokak;155879
DÜZCE;GÜMÜŞOVA;KÜLTÜR;302/1 SOKAK;sokak;893606140
DÜZCE;GÜMÜŞOVA;KÜLTÜR;303 SOKAK;sokak;155495
DÜZCE;GÜMÜŞOVA;KÜLTÜR;304 SOKAK;sokak;155496
DÜZCE;GÜMÜŞOVA;KÜLTÜR;305 SOKAK;sokak;412761
DÜZCE;GÜMÜŞOVA;KÜLTÜR;306 SOKAK;sokak;155830
DÜZCE;GÜMÜŞOVA;KÜLTÜR;307 SOKAK;sokak;155497
DÜZCE;GÜMÜŞOVA;KÜLTÜR;308 SOKAK;sokak;155498
DÜZCE;GÜMÜŞOVA;KÜLTÜR;309 SOKAK;sokak;412762
DÜZCE;GÜMÜŞOVA;KÜLTÜR;310 SOKAK;sokak;155499
DÜZCE;GÜMÜŞOVA;KÜLTÜR;311 SOKAK;sokak;155831
DÜZCE;GÜMÜŞOVA;KÜLTÜR;312 SOKAK;sokak;155500
DÜZCE;GÜMÜŞOVA;KÜLTÜR;313 SOKAK;sokak;412763
DÜZCE;GÜMÜŞOVA;KÜLTÜR;314 SOKAK;sokak;151833
DÜZCE;GÜMÜŞOVA;KÜLTÜR;315 SOKAK;sokak;155832
DÜZCE;GÜMÜŞOVA;KÜLTÜR;316 SOKAK;sokak;151834
DÜZCE;GÜMÜŞOVA;KÜLTÜR;317 SOKAK;sokak;694528
DÜZCE;GÜMÜŞOVA;KÜLTÜR;318 SOKAK;sokak;895048
DÜZCE;GÜMÜŞOVA;KÜLTÜR;319 SOKAK;sokak;895058
DÜZCE;GÜMÜŞOVA;KÜLTÜR;320 SOKAK;sokak;917135
DÜZCE;GÜMÜŞOVA;KÜLTÜR;321 SOKAK;sokak;909739
DÜZCE;GÜMÜŞOVA;KÜLTÜR;322 SOKAK;sokak;909740
DÜZCE;GÜMÜŞOVA;KÜLTÜR;323 SOKAK;sokak;1102475
DÜZCE;GÜMÜŞOVA;KÜLTÜR;325 SOKAK;sokak;1343345
DÜZCE;GÜMÜŞOVA;KÜLTÜR;326 SOKAK;sokak;1343347
DÜZCE;GÜMÜŞOVA;KÜLTÜR;327 SOKAK;sokak;1095033
DÜZCE;GÜMÜŞOVA;KÜLTÜR;328 SOKAK;sokak;1343349
DÜZCE;GÜMÜŞOVA;KÜLTÜR;329 SOKAK;sokak;1343351
DÜZCE;GÜMÜŞOVA;KÜLTÜR;330 SOKAK;sokak;1343353
DÜZCE;GÜMÜŞOVA;KÜLTÜR;331 SOKAK;sokak;1343355
DÜZCE;GÜMÜŞOVA;KÜLTÜR;332 SOKAK;sokak;1343437
DÜZCE;GÜMÜŞOVA;KÜLTÜR;501 SOKAK;sokak;1343439
DÜZCE;GÜMÜŞOVA;KÜLTÜR;CUMHURİYET CADDE;cadde;412764
DÜZCE;GÜMÜŞOVA;KÜLTÜR;HÜRRİYET CADDE;cadde;151835
DÜZCE;GÜMÜŞOVA;KÜLTÜR;İSTANBUL CADDE;cadde;412765
DÜZCE;GÜMÜŞOVA;KÜLTÜR;NAMIK KEMAL CADDE;cadde;151836
DÜZCE;GÜMÜŞOVA;KÜLTÜR;OKULLAR CADDE;cadde;407365
DÜZCE;GÜMÜŞOVA;KÜLTÜR;SAĞLIK OCAĞI CADDE;cadde;151837
DÜZCE;GÜMÜŞOVA;MERKEZ;19. SOK. SOKAK;sokak;823432
DÜZCE;GÜMÜŞOVA;MERKEZ;20. SOK SOKAK;sokak;809704
DÜZCE;GÜMÜŞOVA;MERKEZ;201 SOKAK;sokak;151838
DÜZCE;GÜMÜŞOVA;MERKEZ;202 SOKAK;sokak;155833
DÜZCE;GÜMÜŞOVA;MERKEZ;203 SOKAK;sokak;151839
DÜZCE;GÜMÜŞOVA;MERKEZ;204 SOKAK;sokak;412766
DÜZCE;GÜMÜŞOVA;MERKEZ;205 SOKAK;sokak;151840
DÜZCE;GÜMÜŞOVA;MERKEZ;206 SOKAK;sokak;151841
DÜZCE;GÜMÜŞOVA;MERKEZ;207 SOKAK;sokak;155834
DÜZCE;GÜMÜŞOVA;MERKEZ;208 SOKAK;sokak;319599501
DÜZCE;GÜMÜŞOVA;MERKEZ;209 SOKAK;sokak;151842
DÜZCE;GÜMÜŞOVA;MERKEZ;211 SOKAK;sokak;682555
DÜZCE;GÜMÜŞOVA;MERKEZ;212 SOKAK;sokak;852919
DÜZCE;GÜMÜŞOVA;MERKEZ;213 SOKAK;sokak;912736
DÜZCE;GÜMÜŞOVA;MERKEZ;214 SOKAK;sokak;939759
DÜZCE;GÜMÜŞOVA;MERKEZ;216 SOKAK;sokak;939761
DÜZCE;GÜMÜŞOVA;MERKEZ;217 CADDE;cadde;1287143
DÜZCE;GÜMÜŞOVA;MERKEZ;218 SOKAK;sokak;1287145
DÜZCE;GÜMÜŞOVA;MERKEZ;219 SOKAK;sokak;1272683
DÜZCE;GÜMÜŞOVA;MERKEZ;220 SOKAK;sokak;1287147
DÜZCE;GÜMÜŞOVA;MERKEZ;221 SOKAK;sokak;1287149
DÜZCE;GÜMÜŞOVA;MERKEZ;222 SOKAK;sokak;1287151
DÜZCE;GÜMÜŞOVA;MERKEZ;223 SOKAK;sokak;1287153
DÜZCE;GÜMÜŞOVA;MERKEZ;224 SOKAK;sokak;1287155
DÜZCE;GÜMÜŞOVA;MERKEZ;225 SOKAK;sokak;1287157
DÜZCE;GÜMÜŞOVA;MERKEZ;226 SOKAK;sokak;1287159
DÜZCE;GÜMÜŞOVA;MERKEZ;228 SOKAK;sokak;1287163
DÜZCE;GÜMÜŞOVA;MERKEZ;229 SOKAK;sokak;1287165
DÜZCE;GÜMÜŞOVA;MERKEZ;230 SOKAK;sokak;1287167
DÜZCE;GÜMÜŞOVA;MERKEZ;231 SOKAK;sokak;451806010
DÜZCE;GÜMÜŞOVA;MERKEZ;232 SOKAK;sokak;1343429
DÜZCE;GÜMÜŞOVA;MERKEZ;233 SOKAK;sokak;1343431
DÜZCE;GÜMÜŞOVA;MERKEZ;235 SOKAK;sokak;1343435
DÜZCE;GÜMÜŞOVA;MERKEZ;236 SOKAK;sokak;1343457
DÜZCE;GÜMÜŞOVA;MERKEZ;237 SOKAK;sokak;1343459
DÜZCE;GÜMÜŞOVA;MERKEZ;238 SOKAK;sokak;1343461
DÜZCE;GÜMÜŞOVA;MERKEZ;239 SOKAK;sokak;1343463
DÜZCE;GÜMÜŞOVA;MERKEZ;240 SOKAK;sokak;1343465
DÜZCE;GÜMÜŞOVA;MERKEZ;ANADOLU OTOYOLU BULVAR;sokak;308100551
DÜZCE;GÜMÜŞOVA;MERKEZ;DELİCE DERE SOKAK;sokak;1343473
DÜZCE;GÜMÜŞOVA;MERKEZ;GOSB 33 SOKAK;sokak;671473221
DÜZCE;GÜMÜŞOVA;MERKEZ;GOSB81 SOKAK;sokak;188627061
DÜZCE;GÜMÜŞOVA;MERKEZ;İSMET PAŞA CADDE;cadde;412768
DÜZCE;GÜMÜŞOVA;MERKEZ;İSTANBUL CADDE;cadde;150584
DÜZCE;GÜMÜŞOVA;MERKEZ;KUMBAŞI OSB CADDE;cadde;1441827
DÜZCE;GÜMÜŞOVA;MERKEZ;KUZUAÇMA SOKAK;sokak;1352501
DÜZCE;GÜMÜŞOVA;MERKEZ;MENDERES CADDE;cadde;151844
DÜZCE;GÜMÜŞOVA;MERKEZ;MENDERES/1 SOKAK;sokak;855290140
DÜZCE;GÜMÜŞOVA;MERKEZ;OSB SOKAK;sokak;1441849
DÜZCE;GÜMÜŞOVA;MERKEZ;SIFALI SU SOKAK;sokak;809703
DÜZCE;GÜMÜŞOVA;MERKEZ;ŞİFALI SU(OSB) CADDE;cadde;1405445
DÜZCE;GÜMÜŞOVA;MERKEZ;ŞİFALI SU1 SOKAK;sokak;769057850
DÜZCE;GÜMÜŞOVA;MERKEZ;YENİYOL 1 SOKAK;sokak;733799430
DÜZCE;GÜMÜŞOVA;MERKEZ;YENİYOL SOKAK;sokak;516125621
DÜZCE;GÜMÜŞOVA;MERKEZ;YILDIZTEPE CADDE;cadde;809705
DÜZCE;GÜMÜŞOVA;MERKEZ;ZAFER OSB CADDE;cadde;1441653
DÜZCE;GÜMÜŞOVA;PAZARCIK NA;PAZARCIK KÜME EVLER;sokak;491060
DÜZCE;GÜMÜŞOVA;SELAMLAR - SELAMLAR;2. CADDE SOKAK;cadde;1262895
DÜZCE;GÜMÜŞOVA;SELAMLAR - SELAMLAR;3. OSB SOKAK;sokak;293301151
DÜZCE;GÜMÜŞOVA;SELAMLAR - SELAMLAR;37. GOSB SOKAK;sokak;619766351
DÜZCE;GÜMÜŞOVA;SELAMLAR - SELAMLAR;4. OSB SOKAK;sokak;707944171
DÜZCE;GÜMÜŞOVA;SELAMLAR - SELAMLAR;701 SOKAK;sokak;385680
DÜZCE;GÜMÜŞOVA;SELAMLAR - SELAMLAR;702 SOKAK;sokak;76477
DÜZCE;GÜMÜŞOVA;SELAMLAR - SELAMLAR;703 SOKAK;sokak;76478
DÜZCE;GÜMÜŞOVA;SELAMLAR - SELAMLAR;704 SOKAK;sokak;76479
DÜZCE;GÜMÜŞOVA;SELAMLAR - SELAMLAR;705 SOKAK;sokak;76475
DÜZCE;GÜMÜŞOVA;SELAMLAR - SELAMLAR;706 SOKAK;sokak;23945
DÜZCE;GÜMÜŞOVA;SELAMLAR - SELAMLAR;707 SOKAK;sokak;76481
DÜZCE;GÜMÜŞOVA;SELAMLAR - SELAMLAR;708 SOKAK;sokak;23946
DÜZCE;GÜMÜŞOVA;SELAMLAR - SELAMLAR;709 SOKAK;sokak;1340035
DÜZCE;GÜMÜŞOVA;SELAMLAR - SELAMLAR;710 SOKAK;sokak;1340037
DÜZCE;GÜMÜŞOVA;SELAMLAR - SELAMLAR;711 SOKAK;sokak;1340039
DÜZCE;GÜMÜŞOVA;SELAMLAR - SELAMLAR;712 SOKAK;sokak;1340041
DÜZCE;GÜMÜŞOVA;SELAMLAR - SELAMLAR;713 SOKAK;sokak;1340043
DÜZCE;GÜMÜŞOVA;SELAMLAR - SELAMLAR;714 SOKAK;sokak;1340045
DÜZCE;GÜMÜŞOVA;SELAMLAR - SELAMLAR;715 SOKAK;sokak;1295281
DÜZCE;GÜMÜŞOVA;SELAMLAR - SELAMLAR;716 SOKAK;sokak;1340009
DÜZCE;GÜMÜŞOVA;SELAMLAR - SELAMLAR;718 SOKAK;sokak;1274189
DÜZCE;GÜMÜŞOVA;SELAMLAR - SELAMLAR;719 SOKAK;sokak;1340011
DÜZCE;GÜMÜŞOVA;SELAMLAR - SELAMLAR;723 SOKAK;sokak;1343721
DÜZCE;GÜMÜŞOVA;SELAMLAR - SELAMLAR;724 SOKAK;sokak;1343723
DÜZCE;GÜMÜŞOVA;SELAMLAR - SELAMLAR;725 SOKAK;sokak;1343725
DÜZCE;GÜMÜŞOVA;SELAMLAR - SELAMLAR;726 SOKAK;sokak;1343727
DÜZCE;GÜMÜŞOVA;SELAMLAR - SELAMLAR;727 SOKAK;sokak;1343729
DÜZCE;GÜMÜŞOVA;SELAMLAR - SELAMLAR;728 SOKAK;sokak;1343731
DÜZCE;GÜMÜŞOVA;SELAMLAR - SELAMLAR;729 SOKAK;sokak;1343733
DÜZCE;GÜMÜŞOVA;SELAMLAR - SELAMLAR;730 SOKAK;sokak;1343735
DÜZCE;GÜMÜŞOVA;SELAMLAR - SELAMLAR;731 SOKAK;sokak;1343737
DÜZCE;GÜMÜŞOVA;SELAMLAR - SELAMLAR;733 SOKAK;sokak;1343741
DÜZCE;GÜMÜŞOVA;SELAMLAR - SELAMLAR;734 SOKAK;sokak;1343743
DÜZCE;GÜMÜŞOVA;SELAMLAR - SELAMLAR;735 SOKAK;sokak;1343745
DÜZCE;GÜMÜŞOVA;SELAMLAR - SELAMLAR;736 SOKAK;sokak;1343747
DÜZCE;GÜMÜŞOVA;SELAMLAR - SELAMLAR;737 SOKAK;sokak;1343749
DÜZCE;GÜMÜŞOVA;SELAMLAR - SELAMLAR;738 SOKAK;sokak;1343751
DÜZCE;GÜMÜŞOVA;SELAMLAR - SELAMLAR;739 SOKAK;sokak;1343753
DÜZCE;GÜMÜŞOVA;SELAMLAR - SELAMLAR;740 SOKAK;sokak;1343755
DÜZCE;GÜMÜŞOVA;SELAMLAR - SELAMLAR;741 SOKAK;sokak;1343757
DÜZCE;GÜMÜŞOVA;SELAMLAR - SELAMLAR;742 SOKAK;sokak;1343759
DÜZCE;GÜMÜŞOVA;SELAMLAR - SELAMLAR;743 SOKAK;sokak;1343761
DÜZCE;GÜMÜŞOVA;SELAMLAR - SELAMLAR;744 SOKAK;sokak;1343763
DÜZCE;GÜMÜŞOVA;SELAMLAR - SELAMLAR;745 SOKAK;sokak;1341225
DÜZCE;GÜMÜŞOVA;SELAMLAR - SELAMLAR;746 SOKAK;sokak;1343773
DÜZCE;GÜMÜŞOVA;SELAMLAR - SELAMLAR;747 SOKAK;sokak;1343775
DÜZCE;GÜMÜŞOVA;SELAMLAR - SELAMLAR;748 SOKAK;sokak;1343777
DÜZCE;GÜMÜŞOVA;SELAMLAR - SELAMLAR;749 SOKAK;sokak;1343779
DÜZCE;GÜMÜŞOVA;SELAMLAR - SELAMLAR;750 SOKAK;sokak;1343781
DÜZCE;GÜMÜŞOVA;SELAMLAR - SELAMLAR;751 SOKAK;sokak;1343783
DÜZCE;GÜMÜŞOVA;SELAMLAR - SELAMLAR;858 SOKAK;sokak;587286271
DÜZCE;GÜMÜŞOVA;SELAMLAR - SELAMLAR;ANKARA SOKAK;sokak;385678
DÜZCE;GÜMÜŞOVA;SELAMLAR - SELAMLAR;ATATÜRK SOKAK;sokak;76476
DÜZCE;GÜMÜŞOVA;SELAMLAR - SELAMLAR;GOSB 12. SOKAK;sokak;133162941
DÜZCE;GÜMÜŞOVA;SELAMLAR - SELAMLAR;GOSB 8. SOKAK;sokak;897568451
DÜZCE;GÜMÜŞOVA;SELAMLAR - SELAMLAR;GÜMÜŞOVA OSB_1 SOKAK;sokak;1378705
DÜZCE;GÜMÜŞOVA;SELAMLAR - SELAMLAR;PARK SOKAK;sokak;1120538
DÜZCE;GÜMÜŞOVA;SOĞUKSU NA;SOĞUKSU KÜME EVLER;sokak;513380
DÜZCE;GÜMÜŞOVA;SULTANİYE NA;ANADOLU OTOYOLU BULVAR;sokak;122888660
DÜZCE;GÜMÜŞOVA;SULTANİYE NA;MERKEZ KÜME EVLER;sokak;283072620
DÜZCE;GÜMÜŞOVA;SULTANİYE NA;SULTANİYE KÜME EVLER;sokak;391458
DÜZCE;GÜMÜŞOVA;SULTANİYE NA;YAKABAŞI KÜME EVLER;sokak;284161391
DÜZCE;GÜMÜŞOVA;YAKABAŞI - YAKABAŞI;1. CADDE SOKAK;cadde;427056
DÜZCE;GÜMÜŞOVA;YAKABAŞI - YAKABAŞI;25. GOSB SOKAK;sokak;225260991
DÜZCE;GÜMÜŞOVA;YAKABAŞI - YAKABAŞI;37. OSB SOKAK;sokak;344134681
DÜZCE;GÜMÜŞOVA;YAKABAŞI - YAKABAŞI;7. GOSB SOKAK;sokak;545259931
DÜZCE;GÜMÜŞOVA;YAKABAŞI - YAKABAŞI;737 SOKAK;sokak;1343843
DÜZCE;GÜMÜŞOVA;YAKABAŞI - YAKABAŞI;774 SOKAK;sokak;1343845
DÜZCE;GÜMÜŞOVA;YAKABAŞI - YAKABAŞI;776 SOKAK;sokak;1343847
DÜZCE;GÜMÜŞOVA;YAKABAŞI - YAKABAŞI;778 SOKAK;sokak;190848961
DÜZCE;GÜMÜŞOVA;YAKABAŞI - YAKABAŞI;779 SOKAK;sokak;1343853
DÜZCE;GÜMÜŞOVA;YAKABAŞI - YAKABAŞI;780 SOKAK;sokak;428378311
DÜZCE;GÜMÜŞOVA;YAKABAŞI - YAKABAŞI;791 SOKAK;sokak;710104901
DÜZCE;GÜMÜŞOVA;YAKABAŞI - YAKABAŞI;796 SOKAK;sokak;981250321
DÜZCE;GÜMÜŞOVA;YAKABAŞI - YAKABAŞI;850 SOKAK;sokak;1343855
DÜZCE;GÜMÜŞOVA;YAKABAŞI - YAKABAŞI;851 SOKAK;sokak;1343857
DÜZCE;GÜMÜŞOVA;YAKABAŞI - YAKABAŞI;852 SOKAK;sokak;1343859
DÜZCE;GÜMÜŞOVA;YAKABAŞI - YAKABAŞI;853 SOKAK;sokak;1343861
DÜZCE;GÜMÜŞOVA;YAKABAŞI - YAKABAŞI;854 SOKAK;sokak;1343863
DÜZCE;GÜMÜŞOVA;YAKABAŞI - YAKABAŞI;856 SOKAK;sokak;1343867
DÜZCE;GÜMÜŞOVA;YAKABAŞI - YAKABAŞI;857 SOKAK;sokak;1343869
DÜZCE;GÜMÜŞOVA;YAKABAŞI - YAKABAŞI;859 SOKAK;sokak;1343873
DÜZCE;GÜMÜŞOVA;YAKABAŞI - YAKABAŞI;860 SOKAK;sokak;1343875
DÜZCE;GÜMÜŞOVA;YAKABAŞI - YAKABAŞI;861 SOKAK;sokak;1343877
DÜZCE;GÜMÜŞOVA;YAKABAŞI - YAKABAŞI;ANKARA SOKAK;sokak;444334
DÜZCE;GÜMÜŞOVA;YAKABAŞI - YAKABAŞI;BÜYÜK MELEN 1 SOKAK;sokak;911720150
DÜZCE;GÜMÜŞOVA;YAKABAŞI - YAKABAŞI;BÜYÜK MELEN 2 SOKAK;sokak;863892101
DÜZCE;GÜMÜŞOVA;YAKABAŞI - YAKABAŞI;BÜYÜK MELEN SOKAK;sokak;229478
DÜZCE;GÜMÜŞOVA;YAKABAŞI - YAKABAŞI;GÜMÜŞOVA OSB SOKAK;sokak;1441651
DÜZCE;GÜMÜŞOVA;YAKABAŞI - YAKABAŞI;PAŞAZADE SOKAK;sokak;1036724
DÜZCE;GÜMÜŞOVA;YAKABAŞI NA;ANADOLU OTOYOLU BULVAR;sokak;228567930
DÜZCE;GÜMÜŞOVA;YAKABAŞI NA;GÜMÜŞOVA OSB SOKAK;sokak;278173450
DÜZCE;GÜMÜŞOVA;YAKABAŞI NA;MERKEZ KÜME EVLER;sokak;199532490
DÜZCE;GÜMÜŞOVA;YAKABAŞI NA;NEMA SOKAK;sokak;582873921
DÜZCE;GÜMÜŞOVA;YAKABAŞI NA;YAKABAŞI 1 SOKAK;sokak;433509741
DÜZCE;GÜMÜŞOVA;YAKABAŞI NA;YAKABAŞI KÜME EVLER;sokak;502018
DÜZCE;GÜMÜŞOVA;YENİ;401 SOKAK;sokak;150585
DÜZCE;GÜMÜŞOVA;YENİ;402 SOKAK;sokak;150586
DÜZCE;GÜMÜŞOVA;YENİ;403 SOKAK;sokak;150587
DÜZCE;GÜMÜŞOVA;YENİ;404 SOKAK;sokak;150588
DÜZCE;GÜMÜŞOVA;YENİ;405 SOKAK;sokak;150589
DÜZCE;GÜMÜŞOVA;YENİ;406 SOKAK;sokak;150590
DÜZCE;GÜMÜŞOVA;YENİ;407 SOKAK;sokak;150591
DÜZCE;GÜMÜŞOVA;YENİ;408 SOKAK;sokak;150592
DÜZCE;GÜMÜŞOVA;YENİ;409 SOKAK;sokak;150593
DÜZCE;GÜMÜŞOVA;YENİ;410 SOKAK;sokak;150594
DÜZCE;GÜMÜŞOVA;YENİ;411 SOKAK;sokak;150595
DÜZCE;GÜMÜŞOVA;YENİ;412 SOKAK;sokak;150596
DÜZCE;GÜMÜŞOVA;YENİ;413 SOKAK;sokak;150597
DÜZCE;GÜMÜŞOVA;YENİ;414 SOKAK;sokak;150598
DÜZCE;GÜMÜŞOVA;YENİ;415 SOKAK;sokak;150599
DÜZCE;GÜMÜŞOVA;YENİ;416 SOKAK;sokak;150600
DÜZCE;GÜMÜŞOVA;YENİ;417 SOKAK;sokak;150601
DÜZCE;GÜMÜŞOVA;YENİ;418 SOKAK;sokak;150602
DÜZCE;GÜMÜŞOVA;YENİ;419 SOKAK;sokak;150603
DÜZCE;GÜMÜŞOVA;YENİ;420 SOKAK;sokak;150604
DÜZCE;GÜMÜŞOVA;YENİ;422 SOKAK;sokak;150606
DÜZCE;GÜMÜŞOVA;YENİ;424 SOKAK;sokak;859697
DÜZCE;GÜMÜŞOVA;YENİ;425 SOKAK;sokak;925892
DÜZCE;GÜMÜŞOVA;YENİ;426 SOKAK;sokak;1045899
DÜZCE;GÜMÜŞOVA;YENİ;427 SOKAK;sokak;1286385
DÜZCE;GÜMÜŞOVA;YENİ;428 SOKAK;sokak;1243753
DÜZCE;GÜMÜŞOVA;YENİ;430 SOKAK;sokak;1286389
DÜZCE;GÜMÜŞOVA;YENİ;431 SOKAK;sokak;1126265
DÜZCE;GÜMÜŞOVA;YENİ;432 SOKAK;sokak;1286391
DÜZCE;GÜMÜŞOVA;YENİ;433 SOKAK;sokak;1286393
DÜZCE;GÜMÜŞOVA;YENİ;434 SOKAK;sokak;1340101
DÜZCE;GÜMÜŞOVA;YENİ;435 SOKAK;sokak;1340103
DÜZCE;GÜMÜŞOVA;YENİ;436 SOKAK;sokak;1340105
DÜZCE;GÜMÜŞOVA;YENİ;437 SOKAK;sokak;1340107
DÜZCE;GÜMÜŞOVA;YENİ;438 SOKAK;sokak;1093028
DÜZCE;GÜMÜŞOVA;YENİ;439 SOKAK;sokak;1272449
DÜZCE;GÜMÜŞOVA;YENİ;440 SOKAK;sokak;1286395
DÜZCE;GÜMÜŞOVA;YENİ;441 SOKAK;sokak;1283653
DÜZCE;GÜMÜŞOVA;YENİ;442 SOKAK;sokak;1280853
DÜZCE;GÜMÜŞOVA;YENİ;443 SOKAK;sokak;1283649
DÜZCE;GÜMÜŞOVA;YENİ;444 SOKAK;sokak;1283651
DÜZCE;GÜMÜŞOVA;YENİ;445 SOKAK;sokak;1343481
DÜZCE;GÜMÜŞOVA;YENİ;446 SOKAK;sokak;1343483
DÜZCE;GÜMÜŞOVA;YENİ;447 SOKAK;sokak;1343485
DÜZCE;GÜMÜŞOVA;YENİ;448 SOKAK;sokak;1343487
DÜZCE;GÜMÜŞOVA;YENİ;449 SOKAK;sokak;1343489
DÜZCE;GÜMÜŞOVA;YENİ;450 SOKAK;sokak;1343491
DÜZCE;GÜMÜŞOVA;YENİ;451 SOKAK;sokak;1343493
DÜZCE;GÜMÜŞOVA;YENİ;453 SOKAK;sokak;1343517
DÜZCE;GÜMÜŞOVA;YENİ;454 SOKAK;sokak;1343519
DÜZCE;GÜMÜŞOVA;YENİ;628 SOKAK;sokak;1343521
DÜZCE;GÜMÜŞOVA;YENİ;ALKAN KÜME EVLER;sokak;150608
DÜZCE;GÜMÜŞOVA;YENİ;CUMHURİYET CADDE;cadde;150609
DÜZCE;GÜMÜŞOVA;YENİ;DUMLUPINAR CADDE;cadde;411082
DÜZCE;GÜMÜŞOVA;YENİ;HÜRRİYET CADDE;cadde;150610
DÜZCE;GÜMÜŞOVA;YENİ;İSTANBUL CADDE;cadde;411083
DÜZCE;GÜMÜŞOVA;YENİ;KARLIK SOKAK;sokak;1343523
DÜZCE;GÜMÜŞOVA;YENİ;KİLİSE SOKAK;sokak;1279809
DÜZCE;GÜMÜŞOVA;YENİ;MEHMET AKİF ERSOY CADDE;cadde;150611
DÜZCE;GÜMÜŞOVA;YENİ;ŞEHİT RAMAZAN GÖNÜL CADDE;cadde;83429373
DÜZCE;GÜMÜŞOVA;YENİ;ŞHT. BURHAN BEDİR CADDE;cadde;150612
DÜZCE;GÜMÜŞOVA;YENİ;ŞHT.ALİ RAİF ÖZBEK CADDE;cadde;150613
DÜZCE;GÜMÜŞOVA;YEŞİLYAYLA NA;ANADOLU OTOYOLU BULVAR;sokak;114573890
DÜZCE;GÜMÜŞOVA;YEŞİLYAYLA NA;YEŞİLYAYLA KÜME EVLER;sokak;521089
DÜZCE;GÜMÜŞOVA;YILDIZTEPE NA;ARDIÇDİBİ KÜME EVLER;sokak;301941200
DÜZCE;GÜMÜŞOVA;YILDIZTEPE NA;MERKEZ KÜME EVLER;sokak;378657061
DÜZCE;GÜMÜŞOVA;YILDIZTEPE NA;YILDIZTEPE KÜME EVLER;sokak;520161
DÜZCE;GÜMÜŞOVA;YONGALIK NA;ANADOLU OTOYOLU BULVAR;sokak;148411910
DÜZCE;GÜMÜŞOVA;YONGALIK NA;YENİYOL 1 SOKAK;sokak;730909381
DÜZCE;GÜMÜŞOVA;YONGALIK NA;YENİYOL SOKAK;sokak;500758370
DÜZCE;GÜMÜŞOVA;YONGALIK NA;YONGALIK KÜME EVLER;sokak;521446
DÜZCE;KAYNAŞLI;ALTUNKÖY - MERKEZ;MERKEZ KARABURUN KÜME EVLER;sokak;521783
DÜZCE;KAYNAŞLI;ALTUNKÖY - MERKEZYAYLA;MERKEZYAYLA KÜME EVLER;sokak;731539
DÜZCE;KAYNAŞLI;ALTUNKÖY - OFLU;OFLU KÜME EVLER;sokak;307605
DÜZCE;KAYNAŞLI;BIÇKIYANI - BEKTAŞLI;BEKTAŞLI KÜME EVLER;sokak;632049
DÜZCE;KAYNAŞLI;BIÇKIYANI - HAMZALI;SERKAN ACAR KÜME EVLER;sokak;624540
DÜZCE;KAYNAŞLI;BIÇKIYANI - KUZUMLU;KUZUMLU KÜME EVLER;sokak;624576
DÜZCE;KAYNAŞLI;BIÇKIYANI - MERKEZ;MERKEZ KÜME EVLER;sokak;621271
DÜZCE;KAYNAŞLI;ÇAKIRSAYVAN - SİNEKLİ;SİNEKLİ KÜME EVLER;sokak;535194
DÜZCE;KAYNAŞLI;ÇAKIRSAYVAN NA;ÇAKIRSAYVAN KÜME EVLER;sokak;355882
DÜZCE;KAYNAŞLI;ÇAMLICA - DERE;DERE KÜME EVLER;sokak;601255
DÜZCE;KAYNAŞLI;ÇAMLICA - KOYTAKLI;KOYTAKLI KÜME EVLER;sokak;611545
DÜZCE;KAYNAŞLI;ÇAMLICA - MERKEZ;MERKEZ KÜME EVLER;sokak;120348
DÜZCE;KAYNAŞLI;ÇAMOLUK - BÜLBÜLDERE;BÜLBÜLDERE KÜME EVLER;sokak;542817
DÜZCE;KAYNAŞLI;ÇAMOLUK - MERKEZ;ÇAMOLUK MERKEZ KÜME EVLER;sokak;524628
DÜZCE;KAYNAŞLI;ÇATALÇAM - ALT;ALT KÜME EVLER;sokak;535343
DÜZCE;KAYNAŞLI;ÇATALÇAM - ALT;ÜST KÜME EVLER;sokak;709860390
DÜZCE;KAYNAŞLI;ÇATALÇAM - ÇAMLIK;ÇAMLIK KÜME EVLER;sokak;531787
DÜZCE;KAYNAŞLI;ÇATALÇAM - FINDIKLI;FINDIKLI KÜME EVLER;sokak;540837
DÜZCE;KAYNAŞLI;ÇATALÇAM - MERKEZ;MERKEZ KÜME EVLER;sokak;530321
DÜZCE;KAYNAŞLI;ÇATALÇAM - ÜST;ÜST KÜME EVLER;sokak;542178
DÜZCE;KAYNAŞLI;ÇELE;1. SOKAK;sokak;415315
DÜZCE;KAYNAŞLI;ÇELE;2. SOKAK;sokak;274162
DÜZCE;KAYNAŞLI;ÇELE;205. SOKAK;sokak;1313919
DÜZCE;KAYNAŞLI;ÇELE;3. SOKAK;sokak;203044
DÜZCE;KAYNAŞLI;ÇELE;315 SOKAK;sokak;825477791
DÜZCE;KAYNAŞLI;ÇELE;316 SOKAK;sokak;692008061
DÜZCE;KAYNAŞLI;ÇELE;317 SOKAK;sokak;331258321
DÜZCE;KAYNAŞLI;ÇELE;38. SOKAK;sokak;324010101
DÜZCE;KAYNAŞLI;ÇELE;4. SOKAK;sokak;203045
DÜZCE;KAYNAŞLI;ÇELE;42. SOKAK;sokak;723292
DÜZCE;KAYNAŞLI;ÇELE;44. SOKAK;sokak;360040
DÜZCE;KAYNAŞLI;ÇELE;45. SOKAK;sokak;717039
DÜZCE;KAYNAŞLI;ÇELE;46. SOKAK;sokak;718135
DÜZCE;KAYNAŞLI;ÇELE;47. SOKAK;sokak;718136
DÜZCE;KAYNAŞLI;ÇELE;48. SOKAK;sokak;360044
DÜZCE;KAYNAŞLI;ÇELE;5. SOKAK;sokak;203046
DÜZCE;KAYNAŞLI;ÇELE;50. SOKAK;sokak;715128
DÜZCE;KAYNAŞLI;ÇELE;51. SOKAK;sokak;715689
DÜZCE;KAYNAŞLI;ÇELE;52. SOKAK;sokak;863131940
DÜZCE;KAYNAŞLI;ÇELE;53. SOKAK;sokak;1015956
DÜZCE;KAYNAŞLI;ÇELE;54. SOKAK;sokak;1036534
DÜZCE;KAYNAŞLI;ÇELE;57. SOKAK;sokak;1036526
DÜZCE;KAYNAŞLI;ÇELE;6. SOKAK;sokak;201013
DÜZCE;KAYNAŞLI;ÇELE;64. SOKAK;sokak;1314809
DÜZCE;KAYNAŞLI;ÇELE;67. SOKAK;sokak;661423731
DÜZCE;KAYNAŞLI;ÇELE;68. SOKAK;sokak;891210571
DÜZCE;KAYNAŞLI;ÇELE;7. SOKAK;sokak;955841
DÜZCE;KAYNAŞLI;ÇELE;8. SOKAK;sokak;955843
DÜZCE;KAYNAŞLI;ÇELE;81. SOKAK;sokak;929244970
DÜZCE;KAYNAŞLI;ÇELE;9. SOKAK;sokak;1320539
DÜZCE;KAYNAŞLI;ÇELE;ADNAN MENDERES CADDE;cadde;717041
DÜZCE;KAYNAŞLI;ÇELE;ARAPOĞLU SOKAK;sokak;1320545
DÜZCE;KAYNAŞLI;ÇELE;CANDAN SOKAK;sokak;150617
DÜZCE;KAYNAŞLI;ÇELE;DİKMEN SOKAK;sokak;150615
DÜZCE;KAYNAŞLI;ÇELE;DOĞAN SOKAK;sokak;150614
DÜZCE;KAYNAŞLI;ÇELE;DÜZCE CADDE;cadde;411084
DÜZCE;KAYNAŞLI;ÇELE;ESENTEPE SOKAK;sokak;150616
DÜZCE;KAYNAŞLI;ÇELE;FAZİLET SOKAK;sokak;411085
DÜZCE;KAYNAŞLI;ÇELE;GEYİK SOKAK;sokak;78635745
DÜZCE;KAYNAŞLI;ÇELE;GÜVERCİN SOKAK;sokak;150618
DÜZCE;KAYNAŞLI;ÇELE;KARTAL SOKAK;sokak;411086
DÜZCE;KAYNAŞLI;ÇELE;NEZİ SOKAK;sokak;1320543
DÜZCE;KAYNAŞLI;ÇELE;ÖZTÜRK SOKAK;sokak;723293
DÜZCE;KAYNAŞLI;ÇELE;SAĞLAM SOKAK;sokak;814385
DÜZCE;KAYNAŞLI;ÇELE;TURNA SOKAK;sokak;150620
DÜZCE;KAYNAŞLI;ÇELE;TÜRK SOKAK;sokak;1320541
DÜZCE;KAYNAŞLI;ÇELE;VİLLA SOKAK;sokak;150621
DÜZCE;KAYNAŞLI;DARIYERİ BAKACAK - BAŞYAZICIOĞLU DAĞ EVLERİ;KÖKNAR KÜME EVLER;sokak;308979
DÜZCE;KAYNAŞLI;DARIYERİ BAKACAK - D-100 BOLUDAĞI KARAYOLU;D-100 KARAYOLU KÜME EVLER;sokak;824638
DÜZCE;KAYNAŞLI;DARIYERİ BAKACAK - MERKEZ;MERKEZ KÜME EVLER;sokak;559974
DÜZCE;KAYNAŞLI;DARIYERİ HASANBEY - D-100 KARAYOLU;BOLU DAĞI KÜME EVLER;sokak;629304
DÜZCE;KAYNAŞLI;DARIYERİ HASANBEY - D-100 KARAYOLU;DÜZCE/BOLU YOLU BULVAR;sokak;484523040
DÜZCE;KAYNAŞLI;DARIYERİ HASANBEY - DEREBOYU;ANADOLU OTOYOLU BULVAR;sokak;210407790
DÜZCE;KAYNAŞLI;DARIYERİ HASANBEY - DEREBOYU;DEREBOYU KÜME EVLER;sokak;631011
DÜZCE;KAYNAŞLI;DARIYERİ HASANBEY - DİP;ANADOLU OTOYOLU BULVAR;sokak;606724170
DÜZCE;KAYNAŞLI;DARIYERİ HASANBEY - DİP;DİP KÜME EVLER;sokak;400113
DÜZCE;KAYNAŞLI;DARIYERİ HASANBEY - DİP;DÜZCE/BOLU YOLU BULVAR;sokak;875263720
DÜZCE;KAYNAŞLI;DARIYERİ HASANBEY - ELMALI;DÜZCE/BOLU YOLU BULVAR;sokak;915909921
DÜZCE;KAYNAŞLI;DARIYERİ HASANBEY - ELMALI;ELMALI KÜME EVLER;sokak;630192
DÜZCE;KAYNAŞLI;DARIYERİ HASANBEY - ELMALI;GARAJ SOKAK;sokak;745604341
DÜZCE;KAYNAŞLI;DARIYERİ HASANBEY - ELMALI;HÜRRİYET CADDE;cadde;172214251
DÜZCE;KAYNAŞLI;DARIYERİ HASANBEY - ELMALI;SINIR SOKAK;sokak;631598180
DÜZCE;KAYNAŞLI;DARIYERİ HASANBEY - ELMALI;YAVUZ SELİM SOKAK;sokak;181760570
DÜZCE;KAYNAŞLI;DARIYERİ HASANBEY - GÜLDERE;DÜZCE/BOLU YOLU BULVAR;sokak;825339280
DÜZCE;KAYNAŞLI;DARIYERİ HASANBEY - GÜLDERE;GÜLDERE KÜME EVLER;sokak;622604
DÜZCE;KAYNAŞLI;DARIYERİ HASANBEY - HENDANOĞLU;DÜZCE/BOLU YOLU BULVAR;sokak;643191220
DÜZCE;KAYNAŞLI;DARIYERİ HASANBEY - HENDANOĞLU;HENDANOĞLU KÜME EVLER;sokak;618926
DÜZCE;KAYNAŞLI;DARIYERİ HASANBEY - KULUBEYANI;ANADOLU OTOYOLU BULVAR;sokak;172250040
DÜZCE;KAYNAŞLI;DARIYERİ HASANBEY - KULUBEYANI;D-100 KARAYOLU KÜME EVLER;sokak;451214720
DÜZCE;KAYNAŞLI;DARIYERİ HASANBEY - KULUBEYANI;DÜZCE/BOLU YOLU BULVAR;sokak;509970220
DÜZCE;KAYNAŞLI;DARIYERİ HASANBEY - KULUBEYANI;KULUBEYANI KÜME EVLER;sokak;355324
DÜZCE;KAYNAŞLI;DARIYERİ HASANBEY - MERKEZ;DÜZCE/BOLU YOLU BULVAR;sokak;125951201
DÜZCE;KAYNAŞLI;DARIYERİ HASANBEY - MERKEZ;ELMALI KÜME EVLER;sokak;419372020
DÜZCE;KAYNAŞLI;DARIYERİ HASANBEY - MERKEZ;MERKEZ KÜME EVLER;sokak;632346
DÜZCE;KAYNAŞLI;DARIYERİ HASANBEY - MEŞELİK;ANADOLU OTOYOLU BULVAR;sokak;519184561
DÜZCE;KAYNAŞLI;DARIYERİ HASANBEY - MEŞELİK;MEŞELİK KÜME EVLER;sokak;666427
DÜZCE;KAYNAŞLI;DARIYERİ HASANBEY - MEŞELİK;ŞİRİNEVLER KÜME EVLER;sokak;653450191
DÜZCE;KAYNAŞLI;DARIYERİ HASANBEY - ŞEVKİ;ŞEVKİ KÜME EVLER;sokak;40186
DÜZCE;KAYNAŞLI;DARIYERİ HASANBEY - ŞEVKİ;YAĞCILAR BİLAL KÜME EVLER;sokak;537878751
DÜZCE;KAYNAŞLI;DARIYERİ HASANBEY - ŞİRİNEVLER;ANADOLU OTOYOLU BULVAR;sokak;717415991
DÜZCE;KAYNAŞLI;DARIYERİ HASANBEY - ŞİRİNEVLER;GARAJ SOKAK;sokak;290428501
DÜZCE;KAYNAŞLI;DARIYERİ HASANBEY - ŞİRİNEVLER;ŞİRİNEVLER KÜME EVLER;sokak;160527
DÜZCE;KAYNAŞLI;DARIYERİ HASANBEY - TAŞALTI;DÜZCE/BOLU YOLU BULVAR;sokak;498438081
DÜZCE;KAYNAŞLI;DARIYERİ HASANBEY - TAŞALTI;TAŞALTI KÜME EVLER;sokak;624452
DÜZCE;KAYNAŞLI;DARIYERİ MENGENCİK - HACIMEHMET;HACIMEHMET KÜME EVLER;sokak;573605
DÜZCE;KAYNAŞLI;DARIYERİ MENGENCİK - KAHVECİ;KAHVECİ KÜME EVLER;sokak;569935
DÜZCE;KAYNAŞLI;DARIYERİ MENGENCİK - MERKEZ;ANADOLU OTOYOLU BULVAR;sokak;551809130
DÜZCE;KAYNAŞLI;DARIYERİ MENGENCİK - MERKEZ;MERKEZ KÜME EVLER;sokak;572284
DÜZCE;KAYNAŞLI;DARIYERİ YÖRÜKLER - 28 EVLER;141. SOKAK;sokak;507986281
DÜZCE;KAYNAŞLI;DARIYERİ YÖRÜKLER - 28 EVLER;28 EVLER KÜME EVLER;sokak;89892
DÜZCE;KAYNAŞLI;DARIYERİ YÖRÜKLER - 28 EVLER;ANADOLU OTOYOLU BULVAR;sokak;438537951
DÜZCE;KAYNAŞLI;DARIYERİ YÖRÜKLER - 28 EVLER;DÜZCE ÇEVRE YOLU CADDE;cadde;137493121
DÜZCE;KAYNAŞLI;DARIYERİ YÖRÜKLER - 28 EVLER;KAYNAŞLI BAĞLANTISI BULVAR;sokak;103496370
DÜZCE;KAYNAŞLI;DARIYERİ YÖRÜKLER - MERKEZ;ANADOLU OTOYOLU BULVAR;sokak;645277080
DÜZCE;KAYNAŞLI;DARIYERİ YÖRÜKLER - MERKEZ;KAYNAŞLI BAĞLANTISI BULVAR;sokak;370651580
DÜZCE;KAYNAŞLI;DARIYERİ YÖRÜKLER - MERKEZ;MERKEZ KÜME EVLER;sokak;539641
DÜZCE;KAYNAŞLI;DARIYERİ YÖRÜKLER - MERKEZ;PROF.DR.AHMET AKYÜREK CADDE;cadde;750110490
DÜZCE;KAYNAŞLI;DARIYERİ YÖRÜKLER - MERKEZ;YAVUZ GÜVENDİ SOKAK;sokak;190933011
DÜZCE;KAYNAŞLI;DİPSİZGÖL - DERE;DERE KÜME EVLER;sokak;610315
DÜZCE;KAYNAŞLI;DİPSİZGÖL - DOĞANTEPE;DOĞANTEPE KÜME EVLER;sokak;609984
DÜZCE;KAYNAŞLI;DİPSİZGÖL - KÜLTÜR;KÜLTÜR KÜME EVLER;sokak;616568
DÜZCE;KAYNAŞLI;DİPSİZGÖL - MERKEZ;MERKEZ KÜME EVLER;sokak;618558
DÜZCE;KAYNAŞLI;DİPSİZGÖL - ORTA;KÜLTÜR KÜME EVLER;sokak;746260030
DÜZCE;KAYNAŞLI;DİPSİZGÖL - ORTA;ORTA KÜME EVLER;sokak;613521
DÜZCE;KAYNAŞLI;DİPSİZGÖL - SAĞLIK;SAĞLIK KÜME EVLER;sokak;612661
DÜZCE;KAYNAŞLI;DİPSİZGÖL - TEKİRSU;TEKİRSU KÜME EVLER;sokak;616367
DÜZCE;KAYNAŞLI;ESKİKÖY;49. SOKAK;sokak;114606801
DÜZCE;KAYNAŞLI;ESKİKÖY;AĞASAR SOKAK;sokak;205382370
DÜZCE;KAYNAŞLI;ESKİKÖY;ATMACA SOKAK;sokak;411087
DÜZCE;KAYNAŞLI;ESKİKÖY;GÜNEŞ SOKAK;sokak;150622
DÜZCE;KAYNAŞLI;ESKİKÖY;KUZGUN SOKAK;sokak;1314063
DÜZCE;KAYNAŞLI;ESKİKÖY;ORHAN ŞİŞMAN SOKAK;sokak;1314067
DÜZCE;KAYNAŞLI;ESKİKÖY;PALMİYE SOKAK;sokak;150623
DÜZCE;KAYNAŞLI;ESKİKÖY;SARDUNYA SOKAK;sokak;411088
DÜZCE;KAYNAŞLI;ESKİKÖY;ŞİMŞEK SOKAK;sokak;1314039
DÜZCE;KAYNAŞLI;ESKİKÖY;TUTA SOKAK;sokak;1314061
DÜZCE;KAYNAŞLI;ESKİKÖY;TÜRBE SOKAK;sokak;150624
DÜZCE;KAYNAŞLI;ESKİKÖY;YUNUS EMRE SOKAK;sokak;1314065
DÜZCE;KAYNAŞLI;FINDIKLI - KÖYÜN KENDİSİ;FINDIKLI SOKAK;sokak;346086950
DÜZCE;KAYNAŞLI;FINDIKLI - KÖYÜN KENDİSİ;KÖYÜN KENDİSİ KÜME EVLER;sokak;299351
DÜZCE;KAYNAŞLI;FINDIKLI - KÖYÜN KENDİSİ;YILDIZ SOKAK;sokak;864310610
DÜZCE;KAYNAŞLI;HACIAZİZLER - ALT;ALT KÜME EVLER;sokak;356915
DÜZCE;KAYNAŞLI;HACIAZİZLER - MERKEZ;MERKEZ KÜME EVLER;sokak;521406
DÜZCE;KAYNAŞLI;HACIAZİZLER - ORTA;ORTA KÜME EVLER;sokak;74008
DÜZCE;KAYNAŞLI;KARAÇALI;1. SANAYİ SİTESİ KÜME EVLER;sokak;150642
DÜZCE;KAYNAŞLI;KARAÇALI;2. SANAYİ SİTESİ KÜME EVLER;sokak;411096
DÜZCE;KAYNAŞLI;KARAÇALI;22. SOKAK;sokak;717423
DÜZCE;KAYNAŞLI;KARAÇALI;23. SOKAK;sokak;333891
DÜZCE;KAYNAŞLI;KARAÇALI;24. SOKAK;sokak;333895
DÜZCE;KAYNAŞLI;KARAÇALI;25. SOKAK;sokak;333917
DÜZCE;KAYNAŞLI;KARAÇALI;26. SOKAK;sokak;333918
DÜZCE;KAYNAŞLI;KARAÇALI;27. SOKAK;sokak;1314337
DÜZCE;KAYNAŞLI;KARAÇALI;28. SOKAK;sokak;334251
DÜZCE;KAYNAŞLI;KARAÇALI;29. SOKAK;sokak;707855
DÜZCE;KAYNAŞLI;KARAÇALI;3. SANAYİ SİTESİ KÜME EVLER;sokak;150643
DÜZCE;KAYNAŞLI;KARAÇALI;30. SOKAK;sokak;712560
DÜZCE;KAYNAŞLI;KARAÇALI;302 SOKAK;sokak;295643741
DÜZCE;KAYNAŞLI;KARAÇALI;303 SOKAK;sokak;419992851
DÜZCE;KAYNAŞLI;KARAÇALI;304 SOKAK;sokak;241075911
DÜZCE;KAYNAŞLI;KARAÇALI;305 SOKAK;sokak;805571681
DÜZCE;KAYNAŞLI;KARAÇALI;31. SOKAK;sokak;1314361
DÜZCE;KAYNAŞLI;KARAÇALI;33. SOKAK;sokak;712565
DÜZCE;KAYNAŞLI;KARAÇALI;34. SOKAK;sokak;939705
DÜZCE;KAYNAŞLI;KARAÇALI;35. SOKAK;sokak;986743
DÜZCE;KAYNAŞLI;KARAÇALI;36. SOKAK;sokak;707980
DÜZCE;KAYNAŞLI;KARAÇALI;37. SOKAK;sokak;707982
DÜZCE;KAYNAŞLI;KARAÇALI;39. SOKAK;sokak;707986
DÜZCE;KAYNAŞLI;KARAÇALI;4. SANAYİ SİTESİ KÜME EVLER;sokak;150644
DÜZCE;KAYNAŞLI;KARAÇALI;40. SOKAK;sokak;707994
DÜZCE;KAYNAŞLI;KARAÇALI;41. SOKAK;sokak;808365
DÜZCE;KAYNAŞLI;KARAÇALI;5. SANAYİ SİTESİ KÜME EVLER;sokak;935542
DÜZCE;KAYNAŞLI;KARAÇALI;59. SOKAK;sokak;1036528
DÜZCE;KAYNAŞLI;KARAÇALI;6. SANAYİ SİTESİ SOKAK;sokak;495804590
DÜZCE;KAYNAŞLI;KARAÇALI;60. SOKAK;sokak;1036530
DÜZCE;KAYNAŞLI;KARAÇALI;61. SOKAK;sokak;1314343
DÜZCE;KAYNAŞLI;KARAÇALI;62. SOKAK;sokak;411089
DÜZCE;KAYNAŞLI;KARAÇALI;63. SOKAK;sokak;1314335
DÜZCE;KAYNAŞLI;KARAÇALI;65. SOKAK;sokak;1314349
DÜZCE;KAYNAŞLI;KARAÇALI;66. SOKAK;sokak;1314345
DÜZCE;KAYNAŞLI;KARAÇALI;69. SOKAK;sokak;319461301
DÜZCE;KAYNAŞLI;KARAÇALI;71. SOKAK;sokak;717645001
DÜZCE;KAYNAŞLI;KARAÇALI;72. SOKAK;sokak;430195380
DÜZCE;KAYNAŞLI;KARAÇALI;ADNAN MENDERES CADDE;cadde;411094
DÜZCE;KAYNAŞLI;KARAÇALI;AĞIRTAŞ SOKAK;sokak;1314353
DÜZCE;KAYNAŞLI;KARAÇALI;AKASYA SOKAK;sokak;150645
DÜZCE;KAYNAŞLI;KARAÇALI;ALTIN SOKAK;sokak;411097
DÜZCE;KAYNAŞLI;KARAÇALI;BAĞLAR SOKAK;sokak;150647
DÜZCE;KAYNAŞLI;KARAÇALI;BAHAR SOKAK;sokak;150646
DÜZCE;KAYNAŞLI;KARAÇALI;BİROL SAKAOĞLU SOKAK;sokak;1314341
DÜZCE;KAYNAŞLI;KARAÇALI;BOLU CADDE;cadde;411098
DÜZCE;KAYNAŞLI;KARAÇALI;BÜLBÜL SOKAK;sokak;150648
DÜZCE;KAYNAŞLI;KARAÇALI;ÇEŞME SOKAK;sokak;150639
DÜZCE;KAYNAŞLI;KARAÇALI;ÇİÇEK SOKAK;sokak;411095
DÜZCE;KAYNAŞLI;KARAÇALI;DEFNE SOKAK;sokak;150625
DÜZCE;KAYNAŞLI;KARAÇALI;DEMİR KARAMANCI CADDE;cadde;404147811
DÜZCE;KAYNAŞLI;KARAÇALI;DOĞAN SOKAK;sokak;150626
DÜZCE;KAYNAŞLI;KARAÇALI;DÜZCE CADDE;cadde;150627
DÜZCE;KAYNAŞLI;KARAÇALI;FATİH KARAMANCI SOKAK;sokak;488614211
DÜZCE;KAYNAŞLI;KARAÇALI;FATİH SOKAK;sokak;150628
DÜZCE;KAYNAŞLI;KARAÇALI;GÜLBAHAR SOKAK;sokak;803056
DÜZCE;KAYNAŞLI;KARAÇALI;GÜRSU SOKAK;sokak;150629
DÜZCE;KAYNAŞLI;KARAÇALI;GÜVEN SOKAK;sokak;150630
DÜZCE;KAYNAŞLI;KARAÇALI;KAHRAMAN SOKAK;sokak;712564
DÜZCE;KAYNAŞLI;KARAÇALI;KARACA SOKAK;sokak;411091
DÜZCE;KAYNAŞLI;KARAÇALI;KAZIM KARABEKİR SOKAK;sokak;150631
DÜZCE;KAYNAŞLI;KARAÇALI;KENT SOKAK;sokak;150632
DÜZCE;KAYNAŞLI;KARAÇALI;KURTULUŞ SOKAK;sokak;411092
DÜZCE;KAYNAŞLI;KARAÇALI;MELTEM SOKAK;sokak;150633
DÜZCE;KAYNAŞLI;KARAÇALI;MİLLET CADDE;cadde;150634
DÜZCE;KAYNAŞLI;KARAÇALI;NARİN SOKAK;sokak;150635
DÜZCE;KAYNAŞLI;KARAÇALI;OĞUZ SOKAK;sokak;950697
DÜZCE;KAYNAŞLI;KARAÇALI;ÖMER HALİSDEMİR SOKAK;sokak;967259
DÜZCE;KAYNAŞLI;KARAÇALI;ÖMÜR SOKAK;sokak;150640
DÜZCE;KAYNAŞLI;KARAÇALI;PETEKLİ SOKAK;sokak;707974
DÜZCE;KAYNAŞLI;KARAÇALI;PROF.DR.AHMET AKYÜREK CADDE;cadde;411090
DÜZCE;KAYNAŞLI;KARAÇALI;RÜZGAR SOKAK;sokak;913134370
DÜZCE;KAYNAŞLI;KARAÇALI;SABRİ KIROĞLU CADDE;cadde;526005741
DÜZCE;KAYNAŞLI;KARAÇALI;SABRİ ÜNAL SOKAK;sokak;707984
DÜZCE;KAYNAŞLI;KARAÇALI;SAKA SOKAK;sokak;1314339
DÜZCE;KAYNAŞLI;KARAÇALI;SEHER SOKAK;sokak;859094
DÜZCE;KAYNAŞLI;KARAÇALI;SERHAT SOKAK;sokak;411093
DÜZCE;KAYNAŞLI;KARAÇALI;ŞEKERCİ SOKAK;sokak;150641
DÜZCE;KAYNAŞLI;KARAÇALI;TAVAK KÖYÜ YOLU SOKAK;sokak;1314351
DÜZCE;KAYNAŞLI;KARAÇALI;TEPELİ SOKAK;sokak;1289423
DÜZCE;KAYNAŞLI;KARAÇALI;TİMUR SOKAK;sokak;150636
DÜZCE;KAYNAŞLI;KARAÇALI;TURNA SOKAK;sokak;1314347
DÜZCE;KAYNAŞLI;KARAÇALI;TÜRKOĞLU SOKAK;sokak;849717871
DÜZCE;KAYNAŞLI;KARAÇALI;YAVUZ GÜVENDİ SOKAK;sokak;333923
DÜZCE;KAYNAŞLI;KARAÇALI;YAVUZ SOKAK;sokak;150637
DÜZCE;KAYNAŞLI;KARAÇALI;YENİ SOKAK;sokak;844647
DÜZCE;KAYNAŞLI;KARAÇALI;YİĞİT SOKAK;sokak;72548803
DÜZCE;KAYNAŞLI;KARAÇALI;ZÜMRÜT SOKAK;sokak;150638
DÜZCE;KAYNAŞLI;KUMLUCA;11. SOKAK;sokak;623250
DÜZCE;KAYNAŞLI;KUMLUCA;12. SOKAK;sokak;331611
DÜZCE;KAYNAŞLI;KUMLUCA;73. SOKAK;sokak;388208171
DÜZCE;KAYNAŞLI;KUMLUCA;74. SOKAK;sokak;858165511
DÜZCE;KAYNAŞLI;KUMLUCA;75. SOKAK;sokak;609753151
DÜZCE;KAYNAŞLI;KUMLUCA;ACAR SOKAK;sokak;193288061
DÜZCE;KAYNAŞLI;KUMLUCA;ANKARA CADDE;cadde;150649
DÜZCE;KAYNAŞLI;KUMLUCA;BAYRAK SOKAK;sokak;1320567
DÜZCE;KAYNAŞLI;KUMLUCA;BEKTAŞ SOKAK;sokak;1313575
DÜZCE;KAYNAŞLI;KUMLUCA;BÜYÜKDERE SOKAK;sokak;411099
DÜZCE;KAYNAŞLI;KUMLUCA;CEVİZ SOKAK;sokak;609645
DÜZCE;KAYNAŞLI;KUMLUCA;DAMLA SOKAK;sokak;150650
DÜZCE;KAYNAŞLI;KUMLUCA;FULYA SOKAK;sokak;609648
DÜZCE;KAYNAŞLI;KUMLUCA;GARAJ SOKAK;sokak;1313569
DÜZCE;KAYNAŞLI;KUMLUCA;GÖKSEL DİK SOKAK;sokak;1313573
DÜZCE;KAYNAŞLI;KUMLUCA;GÜNER SOKAK;sokak;1313567
DÜZCE;KAYNAŞLI;KUMLUCA;HACI AZİZLER SOKAK;sokak;602146
DÜZCE;KAYNAŞLI;KUMLUCA;HAFIZ SOKAK;sokak;955647
DÜZCE;KAYNAŞLI;KUMLUCA;HANCI SOKAK;sokak;1313581
DÜZCE;KAYNAŞLI;KUMLUCA;HİLMİ ÇİÇEK SOKAK;sokak;45999
DÜZCE;KAYNAŞLI;KUMLUCA;HÜRRİYET CADDE;cadde;150651
DÜZCE;KAYNAŞLI;KUMLUCA;İSMET PAŞA CADDE;cadde;150659
DÜZCE;KAYNAŞLI;KUMLUCA;KAYALAR SOKAK;sokak;835395
DÜZCE;KAYNAŞLI;KUMLUCA;KUMLU SOKAK;sokak;1313565
DÜZCE;KAYNAŞLI;KUMLUCA;KUMRU SOKAK;sokak;150652
DÜZCE;KAYNAŞLI;KUMLUCA;MANOLYA SOKAK;sokak;411100
DÜZCE;KAYNAŞLI;KUMLUCA;MEVLANA SOKAK;sokak;150653
DÜZCE;KAYNAŞLI;KUMLUCA;MEZARLIK SOKAK;sokak;150654
DÜZCE;KAYNAŞLI;KUMLUCA;NUR SOKAK;sokak;912428
DÜZCE;KAYNAŞLI;KUMLUCA;PINAR SOKAK;sokak;411101
DÜZCE;KAYNAŞLI;KUMLUCA;SINIR SOKAK;sokak;1313577
DÜZCE;KAYNAŞLI;KUMLUCA;ŞEHİT KAZIM ÇİLLİOĞLU SOKAK;sokak;1313579
DÜZCE;KAYNAŞLI;KUMLUCA;ŞEHİTLİK SOKAK;sokak;1313571
DÜZCE;KAYNAŞLI;KUMLUCA;TURGUT ÖZAL CADDE;cadde;41102690
DÜZCE;KAYNAŞLI;KUMLUCA;UÇAR SOKAK;sokak;18059717
DÜZCE;KAYNAŞLI;KUMLUCA;UFUK SOKAK;sokak;150655
DÜZCE;KAYNAŞLI;KUMLUCA;ÜZÜM SOKAK;sokak;603356
DÜZCE;KAYNAŞLI;KUMLUCA;YAMAN SOKAK;sokak;150657
DÜZCE;KAYNAŞLI;KUMLUCA;YAVUZ SELİM SOKAK;sokak;411102
DÜZCE;KAYNAŞLI;KUMLUCA;YILDIRIM BEYAZIT SOKAK;sokak;150656
DÜZCE;KAYNAŞLI;KUMLUCA;YILDIRIM SOKAK;sokak;860615
DÜZCE;KAYNAŞLI;KUMLUCA;ZAMBAK SOKAK;sokak;150658
DÜZCE;KAYNAŞLI;MERKEZ;14. SOKAK;sokak;626372
DÜZCE;KAYNAŞLI;MERKEZ;15 TEMMUZ ŞEHİTLER CADDE;cadde;1314135
DÜZCE;KAYNAŞLI;MERKEZ;15. SOKAK;sokak;664230
DÜZCE;KAYNAŞLI;MERKEZ;16. SOKAK;sokak;838371
DÜZCE;KAYNAŞLI;MERKEZ;300 SOKAK;sokak;803497641
DÜZCE;KAYNAŞLI;MERKEZ;301 SOKAK;sokak;380148411
DÜZCE;KAYNAŞLI;MERKEZ;313 SOKAK;sokak;532739831
DÜZCE;KAYNAŞLI;MERKEZ;314 SOKAK;sokak;933257021
DÜZCE;KAYNAŞLI;MERKEZ;70. SOKAK;sokak;590752000
DÜZCE;KAYNAŞLI;MERKEZ;77. SOKAK;sokak;727132171
DÜZCE;KAYNAŞLI;MERKEZ;78. SOKAK;sokak;426972760
DÜZCE;KAYNAŞLI;MERKEZ;79. SOKAK;sokak;246063600
DÜZCE;KAYNAŞLI;MERKEZ;80. SOKAK;sokak;129526280
DÜZCE;KAYNAŞLI;MERKEZ;82. SOKAK;sokak;793552691
DÜZCE;KAYNAŞLI;MERKEZ;83. SOKAK;sokak;583552640
DÜZCE;KAYNAŞLI;MERKEZ;84. SOKAK;sokak;594880980
DÜZCE;KAYNAŞLI;MERKEZ;97. SOKAK;sokak;291873740
DÜZCE;KAYNAŞLI;MERKEZ;98. SOKAK;sokak;804523780
DÜZCE;KAYNAŞLI;MERKEZ;AKYÜZ SOKAK;sokak;69218
DÜZCE;KAYNAŞLI;MERKEZ;ANKARA CADDE;cadde;411103
DÜZCE;KAYNAŞLI;MERKEZ;ATATÜRK CADDE;cadde;150660
DÜZCE;KAYNAŞLI;MERKEZ;BARIŞ SOKAK;sokak;1314153
DÜZCE;KAYNAŞLI;MERKEZ;BEGONYA SOKAK;sokak;150661
DÜZCE;KAYNAŞLI;MERKEZ;BULVAR CADDE;cadde;411104
DÜZCE;KAYNAŞLI;MERKEZ;CEVİZ SOKAK;sokak;1314139
DÜZCE;KAYNAŞLI;MERKEZ;ÇİĞDEM SOKAK;sokak;411108
DÜZCE;KAYNAŞLI;MERKEZ;ÇİLLİOĞLU SOKAK;sokak;928602
DÜZCE;KAYNAŞLI;MERKEZ;DUMAN SOKAK;sokak;1324977
DÜZCE;KAYNAŞLI;MERKEZ;ELBİSTAN SOKAK;sokak;663418351
DÜZCE;KAYNAŞLI;MERKEZ;ESKİ BELEDİYE MEYDAN;sokak;150662
DÜZCE;KAYNAŞLI;MERKEZ;FETHİ SEKİN SOKAK;sokak;1312037
DÜZCE;KAYNAŞLI;MERKEZ;GARAJ SOKAK;sokak;1330639
DÜZCE;KAYNAŞLI;MERKEZ;GAZİ CADDE;cadde;150664
DÜZCE;KAYNAŞLI;MERKEZ;GAZİOĞLU SOKAK;sokak;183234851
DÜZCE;KAYNAŞLI;MERKEZ;GEREDELİ SOKAK;sokak;1314133
DÜZCE;KAYNAŞLI;MERKEZ;GÜL SOKAK;sokak;411105
DÜZCE;KAYNAŞLI;MERKEZ;GÜLŞEN SOKAK;sokak;150665
DÜZCE;KAYNAŞLI;MERKEZ;GÜRSU SOKAK;sokak;1314145
DÜZCE;KAYNAŞLI;MERKEZ;HÜRRİYET CADDE;cadde;236169
DÜZCE;KAYNAŞLI;MERKEZ;IŞIK SOKAK;sokak;150997
DÜZCE;KAYNAŞLI;MERKEZ;İSMET PAŞA CADDE;cadde;151005
DÜZCE;KAYNAŞLI;MERKEZ;İSTANBUL CADDE;cadde;236172
DÜZCE;KAYNAŞLI;MERKEZ;KANARYA SOKAK;sokak;411106
DÜZCE;KAYNAŞLI;MERKEZ;KARADENİZ SOKAK;sokak;1314151
DÜZCE;KAYNAŞLI;MERKEZ;KARANFİL SOKAK;sokak;150998
DÜZCE;KAYNAŞLI;MERKEZ;KAYA SOKAK;sokak;932529
DÜZCE;KAYNAŞLI;MERKEZ;KEKLİK SOKAK;sokak;236170
DÜZCE;KAYNAŞLI;MERKEZ;KÜLTÜR CADDE;cadde;150999
DÜZCE;KAYNAŞLI;MERKEZ;LALE SOKAK;sokak;411107
DÜZCE;KAYNAŞLI;MERKEZ;MARTI SOKAK;sokak;1314155
DÜZCE;KAYNAŞLI;MERKEZ;MAVİ SOKAK;sokak;151000
DÜZCE;KAYNAŞLI;MERKEZ;MEHMET ONBAŞI SOKAK;sokak;89202675
DÜZCE;KAYNAŞLI;MERKEZ;MENEKŞE SOKAK;sokak;151001
DÜZCE;KAYNAŞLI;MERKEZ;MUHSİN YAZICIOĞLU CADDE;cadde;1314143
DÜZCE;KAYNAŞLI;MERKEZ;NECLA CEYHAN SOKAK;sokak;150663
DÜZCE;KAYNAŞLI;MERKEZ;NECMETTİN ERBAKAN CADDE;cadde;1271729
DÜZCE;KAYNAŞLI;MERKEZ;ÖMÜR SOKAK;sokak;1330715
DÜZCE;KAYNAŞLI;MERKEZ;ÖZER SOKAK;sokak;1314149
DÜZCE;KAYNAŞLI;MERKEZ;PAPATYA SOKAK;sokak;236171
DÜZCE;KAYNAŞLI;MERKEZ;PROF.DR.AHMET AKYÜREK CADDE;cadde;1314141
DÜZCE;KAYNAŞLI;MERKEZ;SAĞLIK SOKAK;sokak;151002
DÜZCE;KAYNAŞLI;MERKEZ;SAYAR SOKAK;sokak;1314137
DÜZCE;KAYNAŞLI;MERKEZ;SİTE SOKAK;sokak;438936
DÜZCE;KAYNAŞLI;MERKEZ;SÜMBÜL SOKAK;sokak;151003
DÜZCE;KAYNAŞLI;MERKEZ;ŞİRİN SOKAK;sokak;151006
DÜZCE;KAYNAŞLI;MERKEZ;TURGUT ÖZAL CADDE;cadde;36670321
DÜZCE;KAYNAŞLI;MERKEZ;VATAN CADDE;cadde;151004
DÜZCE;KAYNAŞLI;MERKEZ;YONCALIK SOKAK;sokak;672474
DÜZCE;KAYNAŞLI;MURATBEY - MERKEZ;MERKEZ KÜME EVLER;sokak;525796
DÜZCE;KAYNAŞLI;MURATBEY - MERKEZ;VEYSELUSTA KÜME EVLER;sokak;227796491
DÜZCE;KAYNAŞLI;MURATBEY - VELİOĞLU ALİOSMAN;VELİOĞLU ALİOSMAN KÜME EVLER;sokak;525763
DÜZCE;KAYNAŞLI;MURATBEY - VELİOĞLU ALİOSMAN;VEYSELUSTA KÜME EVLER;sokak;515395341
DÜZCE;KAYNAŞLI;MURATBEY - YAĞCILAR BİLAL;YAĞCILAR BİLAL KÜME EVLER;sokak;528004
DÜZCE;KAYNAŞLI;SARIÇÖKEK - ÇİLLİOĞLU;ANADOLU OTOYOLU BULVAR;sokak;1333605
DÜZCE;KAYNAŞLI;SARIÇÖKEK - ÇİLLİOĞLU;SARIÇÖKEK SOKAK;sokak;1333635
DÜZCE;KAYNAŞLI;SARIÇÖKEK - DEGİRMENYANI;DEĞİRMENYANI KÜME EVLER;sokak;617086
DÜZCE;KAYNAŞLI;SARIÇÖKEK - DÜZORMANI;ANADOLU OTOYOLU BULVAR;sokak;236502451
DÜZCE;KAYNAŞLI;SARIÇÖKEK - DÜZORMANI;TAHTALIK KÜME EVLER;sokak;328531
DÜZCE;KAYNAŞLI;SARIÇÖKEK - MERKEZ;ANADOLU OTOYOLU BULVAR;sokak;647354831
DÜZCE;KAYNAŞLI;SARIÇÖKEK - MERKEZ;MERKEZ KÜME EVLER;sokak;595449
DÜZCE;KAYNAŞLI;SARIÇÖKEK - TAHTALIK;ANADOLU OTOYOLU BULVAR;sokak;532772650
DÜZCE;KAYNAŞLI;SARIÇÖKEK - TAHTALIK;DÜZORMAN KÜME EVLER;sokak;617176
DÜZCE;KAYNAŞLI;SARIÇÖKEK - TAHTALIK;MERKEZ KÜME EVLER;sokak;672129361
DÜZCE;KAYNAŞLI;SARIYER;15 TEMMUZ ŞEHİTLER CADDE;cadde;411113
DÜZCE;KAYNAŞLI;SARIYER;17. SOKAK;sokak;654901
DÜZCE;KAYNAŞLI;SARIYER;18. SOKAK;sokak;654903
DÜZCE;KAYNAŞLI;SARIYER;19. SOKAK;sokak;399791
DÜZCE;KAYNAŞLI;SARIYER;20. SOKAK;sokak;654907
DÜZCE;KAYNAŞLI;SARIYER;21. SOKAK;sokak;399792
DÜZCE;KAYNAŞLI;SARIYER;311 SOKAK;sokak;830129891
DÜZCE;KAYNAŞLI;SARIYER;312 SOKAK;sokak;964090321
DÜZCE;KAYNAŞLI;SARIYER;55. SOKAK;sokak;1036536
DÜZCE;KAYNAŞLI;SARIYER;56. SOKAK;sokak;1036538
DÜZCE;KAYNAŞLI;SARIYER;85. SOKAK;sokak;742750581
DÜZCE;KAYNAŞLI;SARIYER;86. SOKAK;sokak;671780791
DÜZCE;KAYNAŞLI;SARIYER;87. SOKAK;sokak;449255350
DÜZCE;KAYNAŞLI;SARIYER;88. SOKAK;sokak;930634440
DÜZCE;KAYNAŞLI;SARIYER;89. SOKAK;sokak;676441610
DÜZCE;KAYNAŞLI;SARIYER;90. SOKAK;sokak;926858410
DÜZCE;KAYNAŞLI;SARIYER;ARSLAN SOKAK;sokak;151007
DÜZCE;KAYNAŞLI;SARIYER;AYDIN SOKAK;sokak;151008
DÜZCE;KAYNAŞLI;SARIYER;BAHÇELİ SOKAK;sokak;234530
DÜZCE;KAYNAŞLI;SARIYER;ÇAĞLAYAN SOKAK;sokak;151016
DÜZCE;KAYNAŞLI;SARIYER;DERYA SOKAK;sokak;151009
DÜZCE;KAYNAŞLI;SARIYER;ERTUĞRULGAZİ SOKAK;sokak;227148850
DÜZCE;KAYNAŞLI;SARIYER;FINDIK SOKAK;sokak;411110
DÜZCE;KAYNAŞLI;SARIYER;GÜVENDİ SOKAK;sokak;1328037
DÜZCE;KAYNAŞLI;SARIYER;HUZUR SOKAK;sokak;151010
DÜZCE;KAYNAŞLI;SARIYER;IHLAMUR SOKAK;sokak;151011
DÜZCE;KAYNAŞLI;SARIYER;IRMAK SOKAK;sokak;866400
DÜZCE;KAYNAŞLI;SARIYER;İSTANBUL CADDE;cadde;151017
DÜZCE;KAYNAŞLI;SARIYER;KAPLAN SOKAK;sokak;441254
DÜZCE;KAYNAŞLI;SARIYER;KAYA SOKAK;sokak;1271721
DÜZCE;KAYNAŞLI;SARIYER;KORKMAZ SOKAK;sokak;1328013
DÜZCE;KAYNAŞLI;SARIYER;KÖROĞLU SOKAK;sokak;411111
DÜZCE;KAYNAŞLI;SARIYER;KÜLTÜR CADDE;cadde;151012
DÜZCE;KAYNAŞLI;SARIYER;LALE SOKAK;sokak;1328015
DÜZCE;KAYNAŞLI;SARIYER;MİMAR SİNAN SOKAK;sokak;151013
DÜZCE;KAYNAŞLI;SARIYER;SAĞLIK SOKAK;sokak;234531
DÜZCE;KAYNAŞLI;SARIYER;SALİH SOKAK;sokak;1316081
DÜZCE;KAYNAŞLI;SARIYER;SERÇE SOKAK;sokak;411112
DÜZCE;KAYNAŞLI;SARIYER;SONGÜL SOKAK;sokak;151014
DÜZCE;KAYNAŞLI;SARIYER;ŞAHİN SOKAK;sokak;411109
DÜZCE;KAYNAŞLI;SARIYER;TAVAK KÖYÜ YOLU SOKAK;sokak;1314833
DÜZCE;KAYNAŞLI;SARIYER;TOKİ SOKAK;sokak;924393
DÜZCE;KAYNAŞLI;SARIYER;ÜMİT DÜNDAR SOKAK;sokak;1271719
DÜZCE;KAYNAŞLI;SARIYER;ZAFER SOKAK;sokak;151015
DÜZCE;KAYNAŞLI;SARIYER;ZEYBEK SOKAK;sokak;234532
DÜZCE;KAYNAŞLI;SAZKÖY - GÜNEY;GÜNEY KÜME EVLER;sokak;594604
DÜZCE;KAYNAŞLI;SAZKÖY - MERKEZ;MERKEZ KÜME EVLER;sokak;35971
DÜZCE;KAYNAŞLI;ŞİMŞİR;200. SOKAK;sokak;1328043
DÜZCE;KAYNAŞLI;ŞİMŞİR;201. SOKAK;sokak;589503
DÜZCE;KAYNAŞLI;ŞİMŞİR;202. SOKAK;sokak;589505
DÜZCE;KAYNAŞLI;ŞİMŞİR;203. SOKAK;sokak;589506
DÜZCE;KAYNAŞLI;ŞİMŞİR;204. SOKAK;sokak;589504
DÜZCE;KAYNAŞLI;ŞİMŞİR;205. SOKAK;sokak;589507
DÜZCE;KAYNAŞLI;ŞİMŞİR;206. SOKAK;sokak;589508
DÜZCE;KAYNAŞLI;ŞİMŞİR;207. SOKAK;sokak;589509
DÜZCE;KAYNAŞLI;ŞİMŞİR;208. SOKAK;sokak;589510
DÜZCE;KAYNAŞLI;ŞİMŞİR;209. SOKAK;sokak;589511
DÜZCE;KAYNAŞLI;ŞİMŞİR;210. SOKAK;sokak;589512
DÜZCE;KAYNAŞLI;ŞİMŞİR;306 SOKAK;sokak;132259411
DÜZCE;KAYNAŞLI;ŞİMŞİR;46. SOKAK;sokak;1328041
DÜZCE;KAYNAŞLI;ŞİMŞİR;58. SOKAK;sokak;1077121
DÜZCE;KAYNAŞLI;ŞİMŞİR;91. SOKAK;sokak;607308191
DÜZCE;KAYNAŞLI;ŞİMŞİR;93. SOKAK;sokak;293415340
DÜZCE;KAYNAŞLI;ŞİMŞİR;94. SOKAK;sokak;117424910
DÜZCE;KAYNAŞLI;ŞİMŞİR;95. SOKAK;sokak;660805400
DÜZCE;KAYNAŞLI;ŞİMŞİR;96. SOKAK;sokak;770547321
DÜZCE;KAYNAŞLI;ŞİMŞİR;ANADOLU OTOYOLU BULVAR;sokak;1328049
DÜZCE;KAYNAŞLI;ŞİMŞİR;ASAR SOKAK;sokak;589502
DÜZCE;KAYNAŞLI;ŞİMŞİR;BATI SOKAK;sokak;152312
DÜZCE;KAYNAŞLI;ŞİMŞİR;CEYLAN SOKAK;sokak;365962940
DÜZCE;KAYNAŞLI;ŞİMŞİR;CUMHURİYET CADDE;cadde;234533
DÜZCE;KAYNAŞLI;ŞİMŞİR;DOĞU SOKAK;sokak;411114
DÜZCE;KAYNAŞLI;ŞİMŞİR;DÜZCE CADDE;cadde;152313
DÜZCE;KAYNAŞLI;ŞİMŞİR;FATİH SULTAN MEHMET CADDE;cadde;483179781
DÜZCE;KAYNAŞLI;ŞİMŞİR;FINDIKLI SOKAK;sokak;152314
DÜZCE;KAYNAŞLI;ŞİMŞİR;GÜRCÜLER SOKAK;sokak;1328045
DÜZCE;KAYNAŞLI;ŞİMŞİR;GÜRSEL SOKAK;sokak;234534
DÜZCE;KAYNAŞLI;ŞİMŞİR;HATAY SOKAK;sokak;304769231
DÜZCE;KAYNAŞLI;ŞİMŞİR;KAYNAŞLI BAĞLANTISI BULVAR;sokak;1328047
DÜZCE;KAYNAŞLI;ŞİMŞİR;OKUL SOKAK;sokak;152315
DÜZCE;KAYNAŞLI;ŞİMŞİR;PETEKLİ SOKAK;sokak;589499
DÜZCE;KAYNAŞLI;ŞİMŞİR;TERZİLER SOKAK;sokak;589501
DÜZCE;KAYNAŞLI;ŞİMŞİR;YÖRÜKLERKÖYÜYOLU SOKAK;sokak;589500
DÜZCE;KAYNAŞLI;ŞİMŞİR;ZÜBEYDE HANIM SOKAK;sokak;411115
DÜZCE;KAYNAŞLI;TAVAK - ÇİMENLİKORULUK;ÇİMENLİKORULUK KÜME EVLER;sokak;540584
DÜZCE;KAYNAŞLI;TAVAK - MERKEZ;MERKEZ KÜME EVLER;sokak;542001
DÜZCE;KAYNAŞLI;TAVAK - ONBAŞI;ONBAŞI KÜME EVLER;sokak;536193
DÜZCE;KAYNAŞLI;TAVAK - OSMANÇAVUŞ;OSMANÇAVUŞ KÜME EVLER;sokak;540581
DÜZCE;KAYNAŞLI;TAVAK - VEYSELUSTA;VEYSELUSTA KÜME EVLER;sokak;536189
DÜZCE;KAYNAŞLI;ÜÇKÖPRÜ - FATİH;102. SOKAK;sokak;1315101
DÜZCE;KAYNAŞLI;ÜÇKÖPRÜ - FATİH;108. SOKAK;sokak;724275
DÜZCE;KAYNAŞLI;ÜÇKÖPRÜ - FATİH;109. SOKAK;sokak;722238
DÜZCE;KAYNAŞLI;ÜÇKÖPRÜ - FATİH;110. SOKAK;sokak;151468
DÜZCE;KAYNAŞLI;ÜÇKÖPRÜ - FATİH;111. SOKAK;sokak;723837
DÜZCE;KAYNAŞLI;ÜÇKÖPRÜ - FATİH;112. SOKAK;sokak;724749
DÜZCE;KAYNAŞLI;ÜÇKÖPRÜ - FATİH;113. SOKAK;sokak;151472
DÜZCE;KAYNAŞLI;ÜÇKÖPRÜ - FATİH;142. SOKAK;sokak;963056
DÜZCE;KAYNAŞLI;ÜÇKÖPRÜ - FATİH;143. SOKAK;sokak;406674610
DÜZCE;KAYNAŞLI;ÜÇKÖPRÜ - FATİH;144. SOKAK;sokak;842979440
DÜZCE;KAYNAŞLI;ÜÇKÖPRÜ - FATİH;307 SOKAK;sokak;336979131
DÜZCE;KAYNAŞLI;ÜÇKÖPRÜ - FATİH;ANADOLU OTOYOLU BULVAR;sokak;1328283
DÜZCE;KAYNAŞLI;ÜÇKÖPRÜ - FATİH;FINDIKLI SOKAK;sokak;1315105
DÜZCE;KAYNAŞLI;ÜÇKÖPRÜ - FATİH;GÜRCÜLER SOKAK;sokak;348675560
DÜZCE;KAYNAŞLI;ÜÇKÖPRÜ - FATİH;YILDIZ SOKAK;sokak;1315103
DÜZCE;KAYNAŞLI;ÜÇKÖPRÜ - FENERBAHÇE;130. SOKAK;sokak;1315107
DÜZCE;KAYNAŞLI;ÜÇKÖPRÜ - FENERBAHÇE;145. SOKAK;sokak;343056150
DÜZCE;KAYNAŞLI;ÜÇKÖPRÜ - FENERBAHÇE;ANADOLU OTOYOLU BULVAR;sokak;1328285
DÜZCE;KAYNAŞLI;ÜÇKÖPRÜ - FENERBAHÇE;D100 KENARI SOKAK;sokak;156393
DÜZCE;KAYNAŞLI;ÜÇKÖPRÜ - FENERBAHÇE;FENER SOKAK;sokak;417101
DÜZCE;KAYNAŞLI;ÜÇKÖPRÜ - ŞAFAK;130. SOKAK;sokak;725556
DÜZCE;KAYNAŞLI;ÜÇKÖPRÜ - ŞAFAK;131. SOKAK;sokak;49141
DÜZCE;KAYNAŞLI;ÜÇKÖPRÜ - ŞAFAK;132. SOKAK;sokak;723838
DÜZCE;KAYNAŞLI;ÜÇKÖPRÜ - ŞAFAK;133. SOKAK;sokak;151412
DÜZCE;KAYNAŞLI;ÜÇKÖPRÜ - ŞAFAK;134. SOKAK;sokak;1383411
DÜZCE;KAYNAŞLI;ÜÇKÖPRÜ - ŞAFAK;136. SOKAK;sokak;725559
DÜZCE;KAYNAŞLI;ÜÇKÖPRÜ - ŞAFAK;138. SOKAK;sokak;725561
DÜZCE;KAYNAŞLI;ÜÇKÖPRÜ - ŞAFAK;139. SOKAK;sokak;387761
DÜZCE;KAYNAŞLI;ÜÇKÖPRÜ - ŞAFAK;140. SOKAK;sokak;151421
DÜZCE;KAYNAŞLI;ÜÇKÖPRÜ - ŞAFAK;141. SOKAK;sokak;733582
DÜZCE;KAYNAŞLI;ÜÇKÖPRÜ - ŞAFAK;146. SOKAK;sokak;466305960
DÜZCE;KAYNAŞLI;ÜÇKÖPRÜ - ŞAFAK;DÜZCE ÇEVRE YOLU CADDE;cadde;1328333
DÜZCE;KAYNAŞLI;ÜÇKÖPRÜ - UFUK;101. SOKAK;sokak;233386
DÜZCE;KAYNAŞLI;ÜÇKÖPRÜ - UFUK;102. SOKAK;sokak;417115
DÜZCE;KAYNAŞLI;ÜÇKÖPRÜ - UFUK;103. SOKAK;sokak;733825
DÜZCE;KAYNAŞLI;ÜÇKÖPRÜ - UFUK;104. SOKAK;sokak;732955
DÜZCE;KAYNAŞLI;ÜÇKÖPRÜ - UFUK;105. SOKAK;sokak;151037
DÜZCE;KAYNAŞLI;ÜÇKÖPRÜ - UFUK;106. SOKAK;sokak;151462
DÜZCE;KAYNAŞLI;ÜÇKÖPRÜ - UFUK;107. SOKAK;sokak;151454
DÜZCE;KAYNAŞLI;ÜÇKÖPRÜ - UFUK;110. SOKAK;sokak;1315171
DÜZCE;KAYNAŞLI;ÜÇKÖPRÜ - UFUK;147. SOKAK;sokak;785901550
DÜZCE;KAYNAŞLI;ÜÇKÖPRÜ - UFUK;148. SOKAK;sokak;585641621
DÜZCE;KAYNAŞLI;ÜÇKÖPRÜ - UFUK;149. SOKAK;sokak;176836650
DÜZCE;KAYNAŞLI;ÜÇKÖPRÜ - UFUK;150. SOKAK;sokak;739999711
DÜZCE;KAYNAŞLI;ÜÇKÖPRÜ - UFUK;151. SOKAK;sokak;800395710
DÜZCE;KAYNAŞLI;ÜÇKÖPRÜ - UFUK;308 SOKAK;sokak;678751121
DÜZCE;KAYNAŞLI;ÜÇKÖPRÜ - UFUK;309 SOKAK;sokak;782981141
DÜZCE;KAYNAŞLI;ÜÇKÖPRÜ - UFUK;310 SOKAK;sokak;303807451
DÜZCE;KAYNAŞLI;ÜÇKÖPRÜ - UFUK;ANADOLU OTOYOLU BULVAR;sokak;1328287
DÜZCE;KAYNAŞLI;ÜÇKÖPRÜ - UFUK;ARKA SOKAK;sokak;151022
DÜZCE;KAYNAŞLI;ÜÇKÖPRÜ - UFUK;ASMA SOKAK;sokak;705818220
DÜZCE;KAYNAŞLI;ÜÇKÖPRÜ - UFUK;DERE SOKAK;sokak;1315169
DÜZCE;KAYNAŞLI;ÜÇKÖPRÜ - UFUK;DÜZCE ÇEVRE YOLU CADDE;cadde;1328357
DÜZCE;KAYNAŞLI;ÜÇKÖPRÜ - UFUK;ZİRAATCI MEHMET SOKAK;sokak;151031
DÜZCE;KAYNAŞLI;ÜÇKÖPRÜ - YENİDOĞAN;114. SOKAK;sokak;451874
DÜZCE;KAYNAŞLI;ÜÇKÖPRÜ - YENİDOĞAN;115. SOKAK;sokak;151473
DÜZCE;KAYNAŞLI;ÜÇKÖPRÜ - YENİDOĞAN;116. SOKAK;sokak;451878
DÜZCE;KAYNAŞLI;ÜÇKÖPRÜ - YENİDOĞAN;117. SOKAK;sokak;451879
DÜZCE;KAYNAŞLI;ÜÇKÖPRÜ - YENİDOĞAN;118. SOKAK;sokak;724753
DÜZCE;KAYNAŞLI;ÜÇKÖPRÜ - YENİDOĞAN;119. SOKAK;sokak;294683
DÜZCE;KAYNAŞLI;ÜÇKÖPRÜ - YENİDOĞAN;120. SOKAK;sokak;294684
DÜZCE;KAYNAŞLI;ÜÇKÖPRÜ - YENİDOĞAN;121. SOKAK;sokak;46256400
DÜZCE;KAYNAŞLI;ÜÇKÖPRÜ - YENİDOĞAN;122. SOKAK;sokak;451908
DÜZCE;KAYNAŞLI;ÜÇKÖPRÜ - YENİDOĞAN;123. SOKAK;sokak;451910
DÜZCE;KAYNAŞLI;ÜÇKÖPRÜ - YENİDOĞAN;124. SOKAK;sokak;442856
DÜZCE;KAYNAŞLI;ÜÇKÖPRÜ - YENİDOĞAN;125. SOKAK;sokak;151408
DÜZCE;KAYNAŞLI;ÜÇKÖPRÜ - YENİDOĞAN;126. SOKAK;sokak;411517
DÜZCE;KAYNAŞLI;ÜÇKÖPRÜ - YENİDOĞAN;127. SOKAK;sokak;724754
DÜZCE;KAYNAŞLI;ÜÇKÖPRÜ - YENİDOĞAN;128. SOKAK;sokak;444365
DÜZCE;KAYNAŞLI;ÜÇKÖPRÜ - YENİDOĞAN;129. SOKAK;sokak;452265
DÜZCE;KAYNAŞLI;ÜÇKÖPRÜ - YENİDOĞAN;137. SOKAK;sokak;1315183
DÜZCE;KAYNAŞLI;ÜÇKÖPRÜ - YENİDOĞAN;141. SOKAK;sokak;1315185
DÜZCE;KAYNAŞLI;ÜÇKÖPRÜ - YENİDOĞAN;152. SOKAK;sokak;195159150
DÜZCE;KAYNAŞLI;ÜÇKÖPRÜ - YENİDOĞAN;153. SOKAK;sokak;911584690
DÜZCE;KAYNAŞLI;ÜÇKÖPRÜ - YENİDOĞAN;154. SOKAK;sokak;104453280
DÜZCE;KAYNAŞLI;ÜÇKÖPRÜ - YENİDOĞAN;DÜZCE ÇEVRE YOLU CADDE;cadde;1328335
DÜZCE;KAYNAŞLI;ÜÇKÖPRÜ - YENİDOĞAN;YENİ EVLER SOKAK;sokak;911152
DÜZCE;KAYNAŞLI;YENİYURT - DÜZGÖSTEK;DÜZGÖSTEK KÜME EVLER;sokak;351686
DÜZCE;KAYNAŞLI;YENİYURT - EĞRELTİLİ;EĞRELTİLİ KÜME EVLER;sokak;623918
DÜZCE;KAYNAŞLI;YENİYURT - İLHANLI;İLHANLI KÜME EVLER;sokak;621319
DÜZCE;KAYNAŞLI;YENİYURT - KARŞI;KARŞI KÜME EVLER;sokak;460111
DÜZCE;KAYNAŞLI;YENİYURT - MEHMETPINAR;MEHMETPINAR KÜME EVLER;sokak;630654
DÜZCE;KAYNAŞLI;YENİYURT - MERKEZ;MERKEZ KÜME EVLER;sokak;616214
DÜZCE;KAYNAŞLI;YENİYURT - TÜTEKYATAK;TÜTEKYATAK KÜME EVLER;sokak;626822
DÜZCE;KAYNAŞLI;YEŞİLTEPE - ÇAYKARA;ÇAYKARA KÜME EVLER;sokak;570866
DÜZCE;KAYNAŞLI;YEŞİLTEPE - MERKEZ;MERKEZ KÜME EVLER;sokak;399346
DÜZCE;KAYNAŞLI;YEŞİLTEPE - SOĞUKSU;MERKEZ KÜME EVLER;sokak;244956811
DÜZCE;KAYNAŞLI;YEŞİLTEPE - SOĞUKSU;SAĞLIK KÜME EVLER;sokak;442233780
DÜZCE;KAYNAŞLI;YEŞİLTEPE - SOĞUKSU;SOĞUKSU KÜME EVLER;sokak;584402
DÜZCE;MERKEZ;AĞAKÖYÜ;1950. CADDE;cadde;727354
DÜZCE;MERKEZ;AĞAKÖYÜ;1951. SOKAK;sokak;716281
DÜZCE;MERKEZ;AĞAKÖYÜ;1952. SOKAK;sokak;272603
DÜZCE;MERKEZ;AĞAKÖYÜ;1953. SOKAK;sokak;702336
DÜZCE;MERKEZ;AĞAKÖYÜ;1955. SOKAK;sokak;270791
DÜZCE;MERKEZ;AĞAKÖYÜ;1956. SOKAK;sokak;701810
DÜZCE;MERKEZ;AĞAKÖYÜ;1957. SOKAK;sokak;713684
DÜZCE;MERKEZ;AĞAKÖYÜ;1958. SOKAK;sokak;703815
DÜZCE;MERKEZ;AĞAKÖYÜ;1959. SOKAK;sokak;708530
DÜZCE;MERKEZ;AĞAKÖYÜ;1960. SOKAK;sokak;705761
DÜZCE;MERKEZ;AĞAKÖYÜ;1961. SOKAK;sokak;711083
DÜZCE;MERKEZ;AĞAKÖYÜ;1962. SOKAK;sokak;701427
DÜZCE;MERKEZ;AĞAKÖYÜ;1963. SOKAK;sokak;711086
DÜZCE;MERKEZ;AĞAKÖYÜ;1964. SOKAK;sokak;703744
DÜZCE;MERKEZ;AĞAKÖYÜ;1966. SOKAK;sokak;47615
DÜZCE;MERKEZ;AĞAKÖYÜ;1967. SOKAK;sokak;713644
DÜZCE;MERKEZ;AĞAKÖYÜ;1971. SOKAK;sokak;713643
DÜZCE;MERKEZ;AĞAKÖYÜ;1972. SOKAK;sokak;701219
DÜZCE;MERKEZ;AĞAKÖYÜ;1973. SOKAK;sokak;702718
DÜZCE;MERKEZ;AĞAKÖYÜ;1974. SOKAK;sokak;703781
DÜZCE;MERKEZ;AĞAKÖYÜ;1975. SOKAK;sokak;708126
DÜZCE;MERKEZ;AĞAKÖYÜ;1976. SOKAK;sokak;706765
DÜZCE;MERKEZ;AĞAKÖYÜ;1977. SOKAK;sokak;85041
DÜZCE;MERKEZ;AĞAKÖYÜ;1978. SOKAK;sokak;706392
DÜZCE;MERKEZ;AĞAKÖYÜ;1979. SOKAK;sokak;703491
DÜZCE;MERKEZ;AĞAKÖYÜ;1980. SOKAK;sokak;701426
DÜZCE;MERKEZ;AĞAKÖYÜ;1981. SOKAK;sokak;706320
DÜZCE;MERKEZ;AĞAKÖYÜ;1982. SOKAK;sokak;702222
DÜZCE;MERKEZ;AĞAKÖYÜ;1983. SOKAK;sokak;701757
DÜZCE;MERKEZ;AĞAKÖYÜ;1984. SOKAK;sokak;702895
DÜZCE;MERKEZ;AĞAKÖYÜ;1985. SOKAK;sokak;713975
DÜZCE;MERKEZ;AĞAKÖYÜ;1986. SOKAK;sokak;704696
DÜZCE;MERKEZ;AĞAKÖYÜ;1987. SOKAK;sokak;710841
DÜZCE;MERKEZ;AĞAKÖYÜ;1988. SOKAK;sokak;687725080
DÜZCE;MERKEZ;AĞAKÖYÜ;1989. SOKAK;sokak;715781
DÜZCE;MERKEZ;AĞAKÖYÜ;1990. SOKAK;sokak;719685
DÜZCE;MERKEZ;AĞAKÖYÜ;1991. SOKAK;sokak;713534
DÜZCE;MERKEZ;AĞAKÖYÜ;1992. SOKAK;sokak;724841
DÜZCE;MERKEZ;AĞAKÖYÜ;1993. SOKAK;sokak;711322
DÜZCE;MERKEZ;AĞAKÖYÜ;1994. SOKAK;sokak;81235
DÜZCE;MERKEZ;AĞAKÖYÜ;1995. SOKAK;sokak;713908
DÜZCE;MERKEZ;AĞAKÖYÜ;1996. SOKAK;sokak;724072
DÜZCE;MERKEZ;AĞAKÖYÜ;1997. SOKAK;sokak;720171
DÜZCE;MERKEZ;AĞAKÖYÜ;1998. SOKAK;sokak;718244
DÜZCE;MERKEZ;AĞAKÖYÜ;1999. SOKAK;sokak;718055
DÜZCE;MERKEZ;AĞAKÖYÜ;2000. SOKAK;sokak;935666
DÜZCE;MERKEZ;AĞAKÖYÜ;2001. SOKAK;sokak;718397
DÜZCE;MERKEZ;AĞAKÖYÜ;2002. SOKAK;sokak;725244
DÜZCE;MERKEZ;AĞAKÖYÜ;2004. SOKAK;sokak;220558
DÜZCE;MERKEZ;AĞAKÖYÜ;2005. SOKAK;sokak;861122
DÜZCE;MERKEZ;AĞAKÖYÜ;2006. SOKAK;sokak;716371
DÜZCE;MERKEZ;AĞAKÖYÜ;2008. SOKAK;sokak;726949
DÜZCE;MERKEZ;AĞAKÖYÜ;2010. SOKAK;sokak;720364
DÜZCE;MERKEZ;AĞAKÖYÜ;2012. SOKAK;sokak;718882
DÜZCE;MERKEZ;AĞAKÖYÜ;2014. SOKAK;sokak;720375
DÜZCE;MERKEZ;AĞAKÖYÜ;2015. SOKAK;sokak;587356711
DÜZCE;MERKEZ;AĞAKÖYÜ;2017. SOKAK;sokak;714658
DÜZCE;MERKEZ;AĞAKÖYÜ;2018. SOKAK;sokak;837575
DÜZCE;MERKEZ;AĞAKÖYÜ;2019. SOKAK;sokak;852096
DÜZCE;MERKEZ;AĞAKÖYÜ;2020. SOKAK;sokak;935667
DÜZCE;MERKEZ;AĞAKÖYÜ;2021. SOKAK;sokak;852247
DÜZCE;MERKEZ;AĞAKÖYÜ;2025. SOKAK;sokak;230821591
DÜZCE;MERKEZ;AĞAKÖYÜ;2028. SOKAK;sokak;497974751
DÜZCE;MERKEZ;AĞAKÖYÜ;2031. CADDE;cadde;856353731
DÜZCE;MERKEZ;AĞAKÖYÜ;2032. SOKAK;sokak;655473821
DÜZCE;MERKEZ;AĞAKÖYÜ;2033. SOKAK;sokak;283643961
DÜZCE;MERKEZ;AĞAKÖYÜ;2044. SOKAK;sokak;469336021
DÜZCE;MERKEZ;AĞAKÖYÜ;2045. SOKAK;sokak;790686721
DÜZCE;MERKEZ;AĞAKÖYÜ;2049. SOKAK;sokak;926602
DÜZCE;MERKEZ;AĞAKÖYÜ;2050. SOKAK;sokak;229050121
DÜZCE;MERKEZ;AĞAKÖYÜ;2052. SOKAK;sokak;259292900
DÜZCE;MERKEZ;AĞAKÖYÜ;2059. SOKAK;sokak;895100691
DÜZCE;MERKEZ;AĞAKÖYÜ;2060. SOKAK;sokak;504710361
DÜZCE;MERKEZ;AĞAKÖYÜ;2061. SOKAK;sokak;900335151
DÜZCE;MERKEZ;AĞAKÖYÜ;2062. SOKAK;sokak;161336391
DÜZCE;MERKEZ;AĞAKÖYÜ;2068. SOKAK;sokak;594099871
DÜZCE;MERKEZ;AĞAKÖYÜ;2070. SOKAK;sokak;588390510
DÜZCE;MERKEZ;AĞAKÖYÜ;2072. SOKAK;sokak;558101131
DÜZCE;MERKEZ;AĞAKÖYÜ;2075. SOKAK;sokak;261368460
DÜZCE;MERKEZ;AĞAKÖYÜ;2098. SOKAK;sokak;444599151
DÜZCE;MERKEZ;AĞAKÖYÜ;2101. SOKAK;sokak;935845971
DÜZCE;MERKEZ;AĞAKÖYÜ;605. SOKAK;sokak;938073
DÜZCE;MERKEZ;AĞAKÖYÜ;AĞALAR SOKAK;sokak;850704
DÜZCE;MERKEZ;AĞAKÖYÜ;URAL SOKAK;sokak;866288231
DÜZCE;MERKEZ;AKBIYIKLAR NA;3.DÜZCE BULVAR;sokak;426351100
DÜZCE;MERKEZ;AKBIYIKLAR NA;AKBIYIKLAR KÜME EVLER;sokak;522220
DÜZCE;MERKEZ;AKINLAR;1374. SOKAK;sokak;919328
DÜZCE;MERKEZ;AKINLAR;16130. SOKAK;sokak;710869951
DÜZCE;MERKEZ;AKINLAR;2553. SOKAK;sokak;852343
DÜZCE;MERKEZ;AKINLAR;2554. SOKAK;sokak;852349
DÜZCE;MERKEZ;AKINLAR;2555. SOKAK;sokak;852345
DÜZCE;MERKEZ;AKINLAR;2557. SOKAK;sokak;852344
DÜZCE;MERKEZ;AKINLAR;2558. SOKAK;sokak;852347
DÜZCE;MERKEZ;AKINLAR;2567. SOKAK;sokak;852348
DÜZCE;MERKEZ;AKINLAR;2570. SOKAK;sokak;454267151
DÜZCE;MERKEZ;AKINLAR;2572. SOKAK;sokak;935697
DÜZCE;MERKEZ;AKINLAR;2573. SOKAK;sokak;817397321
DÜZCE;MERKEZ;AKINLAR;2577. CADDE;cadde;860165
DÜZCE;MERKEZ;AKINLAR;2580. CADDE;cadde;105445911
DÜZCE;MERKEZ;AKINLAR;2582. SOKAK;sokak;620671780
DÜZCE;MERKEZ;AKINLAR;2584. SOKAK;sokak;839851
DÜZCE;MERKEZ;AKINLAR;2585. SOKAK;sokak;637133581
DÜZCE;MERKEZ;AKINLAR;2586. SOKAK;sokak;482406591
DÜZCE;MERKEZ;AKINLAR;2587. SOKAK;sokak;839855
DÜZCE;MERKEZ;AKINLAR;2590. SOKAK;sokak;839921
DÜZCE;MERKEZ;AKINLAR;2595. CADDE;cadde;840177
DÜZCE;MERKEZ;AKINLAR;2596. SOKAK;sokak;935698
DÜZCE;MERKEZ;AKINLAR;2598. SOKAK;sokak;836753970
DÜZCE;MERKEZ;AKINLAR;2599. SOKAK;sokak;840302
DÜZCE;MERKEZ;AKINLAR;2600. CADDE;cadde;840693501
DÜZCE;MERKEZ;AKINLAR;2601. SOKAK;sokak;134590450
DÜZCE;MERKEZ;AKINLAR;2602. SOKAK;sokak;839257190
DÜZCE;MERKEZ;AKINLAR;2603. SOKAK;sokak;948618
DÜZCE;MERKEZ;AKINLAR;2605. SOKAK;sokak;863618
DÜZCE;MERKEZ;AKINLAR;2606. SOKAK;sokak;142158000
DÜZCE;MERKEZ;AKINLAR;2609. SOKAK;sokak;840369
DÜZCE;MERKEZ;AKINLAR;2612. SOKAK;sokak;935699
DÜZCE;MERKEZ;AKINLAR;2613. SOKAK;sokak;840893
DÜZCE;MERKEZ;AKINLAR;2615. SOKAK;sokak;841097
DÜZCE;MERKEZ;AKINLAR;2616. SOKAK;sokak;641672401
DÜZCE;MERKEZ;AKINLAR;2620. SOKAK;sokak;850308641
DÜZCE;MERKEZ;AKINLAR;2622. SOKAK;sokak;839850
DÜZCE;MERKEZ;AKINLAR;2623. SOKAK;sokak;863617
DÜZCE;MERKEZ;AKINLAR;2628. SOKAK;sokak;703778580
DÜZCE;MERKEZ;AKINLAR;2629. SOKAK;sokak;229696871
DÜZCE;MERKEZ;AKINLAR;2630. SOKAK;sokak;852341
DÜZCE;MERKEZ;AKINLAR;2631. SOKAK;sokak;852342
DÜZCE;MERKEZ;AKINLAR;2634. SOKAK;sokak;571996711
DÜZCE;MERKEZ;AKINLAR;2635. SOKAK;sokak;190798131
DÜZCE;MERKEZ;AKINLAR;2637. SOKAK;sokak;782985021
DÜZCE;MERKEZ;AKINLAR;2638. SOKAK;sokak;191085471
DÜZCE;MERKEZ;AKINLAR;2641. SOKAK;sokak;852324
DÜZCE;MERKEZ;AKINLAR;2644. CADDE;cadde;852322
DÜZCE;MERKEZ;AKINLAR;2645. SOKAK;sokak;100327790
DÜZCE;MERKEZ;AKINLAR;2646. SOKAK;sokak;356970771
DÜZCE;MERKEZ;AKINLAR;2648. SOKAK;sokak;757403321
DÜZCE;MERKEZ;AKINLAR;2653. SOKAK;sokak;362729460
DÜZCE;MERKEZ;AKINLAR;2654. SOKAK;sokak;852319
DÜZCE;MERKEZ;AKINLAR;2656. SOKAK;sokak;852318
DÜZCE;MERKEZ;AKINLAR;2657. SOKAK;sokak;852315
DÜZCE;MERKEZ;AKINLAR;2658. SOKAK;sokak;852314
DÜZCE;MERKEZ;AKINLAR;2659. SOKAK;sokak;852310
DÜZCE;MERKEZ;AKINLAR;2660. SOKAK;sokak;852312
DÜZCE;MERKEZ;AKINLAR;2661. SOKAK;sokak;852311
DÜZCE;MERKEZ;AKINLAR;2664. SOKAK;sokak;688464681
DÜZCE;MERKEZ;AKINLAR;2665. SOKAK;sokak;842983
DÜZCE;MERKEZ;AKINLAR;2666. SOKAK;sokak;852313
DÜZCE;MERKEZ;AKINLAR;2667. SOKAK;sokak;852321
DÜZCE;MERKEZ;AKINLAR;2668. SOKAK;sokak;183649190
DÜZCE;MERKEZ;AKINLAR;2670. SOKAK;sokak;864543
DÜZCE;MERKEZ;AKINLAR;2671. SOKAK;sokak;852338
DÜZCE;MERKEZ;AKINLAR;2675. CADDE;cadde;852325
DÜZCE;MERKEZ;AKINLAR;2676. SOKAK;sokak;852340
DÜZCE;MERKEZ;AKINLAR;2679. SOKAK;sokak;852339
DÜZCE;MERKEZ;AKINLAR;2680. SOKAK;sokak;458978161
DÜZCE;MERKEZ;AKINLAR;2681. SOKAK;sokak;303034810
DÜZCE;MERKEZ;AKINLAR;2683. SOKAK;sokak;561311051
DÜZCE;MERKEZ;AKINLAR;2685. SOKAK;sokak;230290690
DÜZCE;MERKEZ;AKINLAR;2686. SOKAK;sokak;485368901
DÜZCE;MERKEZ;AKINLAR;2687. SOKAK;sokak;531278581
DÜZCE;MERKEZ;AKINLAR;2689. SOKAK;sokak;684485471
DÜZCE;MERKEZ;AKINLAR;2690. SOKAK;sokak;528979150
DÜZCE;MERKEZ;AKINLAR;2691. SOKAK;sokak;200280800
DÜZCE;MERKEZ;AKINLAR;2693. SOKAK;sokak;881190601
DÜZCE;MERKEZ;AKINLAR;2694. SOKAK;sokak;352617421
DÜZCE;MERKEZ;AKINLAR;2696. SOKAK;sokak;874906520
DÜZCE;MERKEZ;AKINLAR;2697. SOKAK;sokak;373416820
DÜZCE;MERKEZ;AKINLAR;2698. SOKAK;sokak;852326
DÜZCE;MERKEZ;AKINLAR;2699. SOKAK;sokak;852327
DÜZCE;MERKEZ;AKINLAR;2700. SOKAK;sokak;344400240
DÜZCE;MERKEZ;AKINLAR;2702. SOKAK;sokak;234073311
DÜZCE;MERKEZ;AKINLAR;2703. SOKAK;sokak;864485
DÜZCE;MERKEZ;AKINLAR;2704. SOKAK;sokak;974892311
DÜZCE;MERKEZ;AKINLAR;2707. SOKAK;sokak;852329
DÜZCE;MERKEZ;AKINLAR;2709. SOKAK;sokak;689403781
DÜZCE;MERKEZ;AKINLAR;2712. SOKAK;sokak;873625620
DÜZCE;MERKEZ;AKINLAR;2714. SOKAK;sokak;956419571
DÜZCE;MERKEZ;AKINLAR;2729. SOKAK;sokak;991397760
DÜZCE;MERKEZ;AKINLAR;2760. CADDE;cadde;107243340
DÜZCE;MERKEZ;AKINLAR;2895. CADDE;cadde;333369590
DÜZCE;MERKEZ;AKINLAR;2909. SOKAK;sokak;153133231
DÜZCE;MERKEZ;AKINLAR;2910. SOKAK;sokak;857683
DÜZCE;MERKEZ;AKINLAR;2914. SOKAK;sokak;326992091
DÜZCE;MERKEZ;AKINLAR;2917. SOKAK;sokak;429869760
DÜZCE;MERKEZ;AKINLAR;3052. CADDE;cadde;816061961
DÜZCE;MERKEZ;AKINLAR;D 100 KARAYOLU CADDE;cadde;854822
DÜZCE;MERKEZ;AKINLAR;ERENLER SOKAK;sokak;938269
DÜZCE;MERKEZ;AKINLAR;SERVET BUCURGAT CADDE;cadde;852309
DÜZCE;MERKEZ;AKPINAR;1826. SOKAK;sokak;679835361
DÜZCE;MERKEZ;AKPINAR;1900. SOKAK;sokak;368209750
DÜZCE;MERKEZ;AKPINAR;1914. SOKAK;sokak;869147
DÜZCE;MERKEZ;AKPINAR;5392. SOKAK;sokak;586971370
DÜZCE;MERKEZ;AKPINAR;5393. SOKAK;sokak;729610550
DÜZCE;MERKEZ;AKPINAR;5394. SOKAK;sokak;256062520
DÜZCE;MERKEZ;AKPINAR;5397. SOKAK;sokak;501467
DÜZCE;MERKEZ;AKPINAR;5400. SOKAK;sokak;497363
DÜZCE;MERKEZ;AKPINAR;5402. SOKAK;sokak;887339770
DÜZCE;MERKEZ;AKPINAR;5403. SOKAK;sokak;870943300
DÜZCE;MERKEZ;AKPINAR;D 100 KARAYOLU CADDE;cadde;495080
DÜZCE;MERKEZ;AKPINAR;TÜTÜNCÜ CADDE;cadde;938279
DÜZCE;MERKEZ;AKTARLA NA;AKTARLA KÜME EVLER;sokak;308672
DÜZCE;MERKEZ;AKYAZI;12300. SOKAK;sokak;980731661
DÜZCE;MERKEZ;AKYAZI;12305. SOKAK;sokak;474362251
DÜZCE;MERKEZ;AKYAZI;12310. SOKAK;sokak;143834671
DÜZCE;MERKEZ;AKYAZI;12330. SOKAK;sokak;718045871
DÜZCE;MERKEZ;AKYAZI;12335. SOKAK;sokak;420234321
DÜZCE;MERKEZ;AKYAZI;12340. SOKAK;sokak;255820811
DÜZCE;MERKEZ;AKYAZI;12350. SOKAK;sokak;363030481
DÜZCE;MERKEZ;AKYAZI;12355. SOKAK;sokak;424977271
DÜZCE;MERKEZ;AKYAZI;12360. SOKAK;sokak;325746341
DÜZCE;MERKEZ;AKYAZI;12365. SOKAK;sokak;358611291
DÜZCE;MERKEZ;AKYAZI;12370. SOKAK;sokak;607080881
DÜZCE;MERKEZ;AKYAZI;12375. SOKAK;sokak;135992041
DÜZCE;MERKEZ;AKYAZI;12380. SOKAK;sokak;317743421
DÜZCE;MERKEZ;AKYAZI;12381. SOKAK;sokak;305567571
DÜZCE;MERKEZ;AKYAZI;12390. SOKAK;sokak;110030351
DÜZCE;MERKEZ;AKYAZI;12410. SOKAK;sokak;947120491
DÜZCE;MERKEZ;AKYAZI;12415. SOKAK;sokak;331435041
DÜZCE;MERKEZ;AKYAZI;12430. SOKAK;sokak;448819021
DÜZCE;MERKEZ;AKYAZI;12431. SOKAK;sokak;591045471
DÜZCE;MERKEZ;AKYAZI;12432. SOKAK;sokak;395609741
DÜZCE;MERKEZ;AKYAZI;12440. SOKAK;sokak;168926711
DÜZCE;MERKEZ;AKYAZI;12450. SOKAK;sokak;396954570
DÜZCE;MERKEZ;AKYAZI;3218. BULVAR;sokak;837271801
DÜZCE;MERKEZ;ALTINPINAR NA;9200. SOKAK;sokak;929437780
DÜZCE;MERKEZ;ALTINPINAR NA;9500. SOKAK;sokak;779632130
DÜZCE;MERKEZ;ALTINPINAR NA;9501. SOKAK;sokak;845596730
DÜZCE;MERKEZ;ALTINPINAR NA;9519. SOKAK;sokak;206318181
DÜZCE;MERKEZ;ALTINPINAR NA;9520. SOKAK;sokak;292763670
DÜZCE;MERKEZ;ALTINPINAR NA;9521. SOKAK;sokak;787015700
DÜZCE;MERKEZ;ALTINPINAR NA;9525. SOKAK;sokak;903224050
DÜZCE;MERKEZ;ALTINPINAR NA;9526. SOKAK;sokak;355701830
DÜZCE;MERKEZ;ALTINPINAR NA;9530. SOKAK;sokak;411187530
DÜZCE;MERKEZ;ALTINPINAR NA;9531. SOKAK;sokak;407156580
DÜZCE;MERKEZ;ALTINPINAR NA;9535. SOKAK;sokak;324013330
DÜZCE;MERKEZ;ALTINPINAR NA;9536. SOKAK;sokak;590502600
DÜZCE;MERKEZ;ALTINPINAR NA;9545. SOKAK;sokak;387937410
DÜZCE;MERKEZ;ALTINPINAR NA;9546. SOKAK;sokak;725597760
DÜZCE;MERKEZ;ALTINPINAR NA;9547. SOKAK;sokak;142327630
DÜZCE;MERKEZ;ALTINPINAR NA;9548. SOKAK;sokak;414127350
DÜZCE;MERKEZ;ALTINPINAR NA;9549. SOKAK;sokak;291600740
DÜZCE;MERKEZ;ALTINPINAR NA;9550. SOKAK;sokak;803193380
DÜZCE;MERKEZ;ALTINPINAR NA;9556. SOKAK;sokak;190538590
DÜZCE;MERKEZ;ALTINPINAR NA;9557. SOKAK;sokak;342935711
DÜZCE;MERKEZ;ALTINPINAR NA;9558. SOKAK;sokak;818915660
DÜZCE;MERKEZ;ALTINPINAR NA;9560. SOKAK;sokak;306882950
DÜZCE;MERKEZ;ALTINPINAR NA;9575. SOKAK;sokak;472339860
DÜZCE;MERKEZ;ALTINPINAR NA;9590. SOKAK;sokak;566073930
DÜZCE;MERKEZ;ALTINPINAR NA;9593. SOKAK;sokak;960443751
DÜZCE;MERKEZ;ALTINPINAR NA;9595. SOKAK;sokak;577291620
DÜZCE;MERKEZ;ALTINPINAR NA;9598. SOKAK;sokak;892090350
DÜZCE;MERKEZ;ALTINPINAR NA;9615. SOKAK;sokak;198633231
DÜZCE;MERKEZ;ARAPÇİFTLİĞİ;1412. SOKAK;sokak;843126
DÜZCE;MERKEZ;ARAPÇİFTLİĞİ;1424. SOKAK;sokak;408964170
DÜZCE;MERKEZ;ARAPÇİFTLİĞİ;1425. SOKAK;sokak;853124860
DÜZCE;MERKEZ;ARAPÇİFTLİĞİ;1426. SOKAK;sokak;425143490
DÜZCE;MERKEZ;ARAPÇİFTLİĞİ;1427. SOKAK;sokak;253163571
DÜZCE;MERKEZ;ARAPÇİFTLİĞİ;1428. SOKAK;sokak;802243061
DÜZCE;MERKEZ;ARAPÇİFTLİĞİ;1429. SOKAK;sokak;292849810
DÜZCE;MERKEZ;ARAPÇİFTLİĞİ;1439. CADDE;cadde;519510101
DÜZCE;MERKEZ;ARAPÇİFTLİĞİ;1465. CADDE;cadde;574038750
DÜZCE;MERKEZ;ARAPÇİFTLİĞİ;1468. SOKAK;sokak;858343
DÜZCE;MERKEZ;ARAPÇİFTLİĞİ;1493. CADDE;cadde;938137
DÜZCE;MERKEZ;ARAPÇİFTLİĞİ;1551. SOKAK;sokak;938145
DÜZCE;MERKEZ;ARAPÇİFTLİĞİ;1552. SOKAK;sokak;135272701
DÜZCE;MERKEZ;ARAPÇİFTLİĞİ;2730. CADDE;cadde;843048
DÜZCE;MERKEZ;ARAPÇİFTLİĞİ;2760. CADDE;cadde;622154130
DÜZCE;MERKEZ;ARAPÇİFTLİĞİ;2820. CADDE;cadde;928725
DÜZCE;MERKEZ;ARAPÇİFTLİĞİ;2863. SOKAK;sokak;379970870
DÜZCE;MERKEZ;ARAPÇİFTLİĞİ;2868. SOKAK;sokak;711595521
DÜZCE;MERKEZ;ARAPÇİFTLİĞİ;2869. SOKAK;sokak;913262
DÜZCE;MERKEZ;ARAPÇİFTLİĞİ;2870. SOKAK;sokak;843225
DÜZCE;MERKEZ;ARAPÇİFTLİĞİ;2871. SOKAK;sokak;915782
DÜZCE;MERKEZ;ARAPÇİFTLİĞİ;2881. SOKAK;sokak;829314110
DÜZCE;MERKEZ;ARAPÇİFTLİĞİ;2883. SOKAK;sokak;160812001
DÜZCE;MERKEZ;ARAPÇİFTLİĞİ;2886. SOKAK;sokak;522034601
DÜZCE;MERKEZ;ARAPÇİFTLİĞİ;2887. SOKAK;sokak;843224
DÜZCE;MERKEZ;ARAPÇİFTLİĞİ;2889. SOKAK;sokak;842976
DÜZCE;MERKEZ;ARAPÇİFTLİĞİ;2890. CADDE;cadde;842977
DÜZCE;MERKEZ;ARAPÇİFTLİĞİ;2891. SOKAK;sokak;737322731
DÜZCE;MERKEZ;ARAPÇİFTLİĞİ;2892. SOKAK;sokak;903189810
DÜZCE;MERKEZ;ARAPÇİFTLİĞİ;2893. SOKAK;sokak;842978
DÜZCE;MERKEZ;ARAPÇİFTLİĞİ;2894. SOKAK;sokak;843223
DÜZCE;MERKEZ;ARAPÇİFTLİĞİ;2895. CADDE;cadde;866094
DÜZCE;MERKEZ;ARAPÇİFTLİĞİ;2897. SOKAK;sokak;895044
DÜZCE;MERKEZ;ARAPÇİFTLİĞİ;2898. SOKAK;sokak;145071560
DÜZCE;MERKEZ;ARAPÇİFTLİĞİ;2900. SOKAK;sokak;894209
DÜZCE;MERKEZ;ARAPÇİFTLİĞİ;2901. SOKAK;sokak;843222
DÜZCE;MERKEZ;ARAPÇİFTLİĞİ;2902. SOKAK;sokak;843221
DÜZCE;MERKEZ;ARAPÇİFTLİĞİ;2903. SOKAK;sokak;895043
DÜZCE;MERKEZ;ARAPÇİFTLİĞİ;2904. SOKAK;sokak;843220
DÜZCE;MERKEZ;ARAPÇİFTLİĞİ;2905. SOKAK;sokak;147770560
DÜZCE;MERKEZ;ARAPÇİFTLİĞİ;2906. SOKAK;sokak;842979
DÜZCE;MERKEZ;ARAPÇİFTLİĞİ;2907. SOKAK;sokak;842980
DÜZCE;MERKEZ;ARAPÇİFTLİĞİ;2909. SOKAK;sokak;240605431
DÜZCE;MERKEZ;ARAPÇİFTLİĞİ;2910. SOKAK;sokak;842981
DÜZCE;MERKEZ;ARAPÇİFTLİĞİ;2914. SOKAK;sokak;399484270
DÜZCE;MERKEZ;ARAPÇİFTLİĞİ;2915. SOKAK;sokak;783484220
DÜZCE;MERKEZ;ARAPÇİFTLİĞİ;2916. SOKAK;sokak;848631411
DÜZCE;MERKEZ;ARAPÇİFTLİĞİ;2917. SOKAK;sokak;221559310
DÜZCE;MERKEZ;ARAPÇİFTLİĞİ;2918. SOKAK;sokak;570056471
DÜZCE;MERKEZ;ARAPÇİFTLİĞİ;2921. SOKAK;sokak;842985
DÜZCE;MERKEZ;ARAPÇİFTLİĞİ;2922. SOKAK;sokak;842986
DÜZCE;MERKEZ;ARAPÇİFTLİĞİ;2923. SOKAK;sokak;753051770
DÜZCE;MERKEZ;ARAPÇİFTLİĞİ;2925. SOKAK;sokak;504137560
DÜZCE;MERKEZ;ARAPÇİFTLİĞİ;2926. SOKAK;sokak;151996230
DÜZCE;MERKEZ;ARAPÇİFTLİĞİ;2930. SOKAK;sokak;842987
DÜZCE;MERKEZ;ARAPÇİFTLİĞİ;2931. SOKAK;sokak;420518210
DÜZCE;MERKEZ;ARAPÇİFTLİĞİ;2932. SOKAK;sokak;842991
DÜZCE;MERKEZ;ARAPÇİFTLİĞİ;2933. SOKAK;sokak;921157
DÜZCE;MERKEZ;ARAPÇİFTLİĞİ;2934. SOKAK;sokak;278155881
DÜZCE;MERKEZ;ARAPÇİFTLİĞİ;2935. SOKAK;sokak;921158
DÜZCE;MERKEZ;ARAPÇİFTLİĞİ;2936. SOKAK;sokak;842992
DÜZCE;MERKEZ;ARAPÇİFTLİĞİ;2937. SOKAK;sokak;387432580
DÜZCE;MERKEZ;ARAPÇİFTLİĞİ;2938. SOKAK;sokak;935682
DÜZCE;MERKEZ;ARAPÇİFTLİĞİ;2939. SOKAK;sokak;842994
DÜZCE;MERKEZ;ARAPÇİFTLİĞİ;2940. SOKAK;sokak;909617
DÜZCE;MERKEZ;ARAPÇİFTLİĞİ;2941. SOKAK;sokak;246081680
DÜZCE;MERKEZ;ARAPÇİFTLİĞİ;2942. SOKAK;sokak;261097020
DÜZCE;MERKEZ;ARAPÇİFTLİĞİ;2943. SOKAK;sokak;763266850
DÜZCE;MERKEZ;ARAPÇİFTLİĞİ;2944. SOKAK;sokak;209538651
DÜZCE;MERKEZ;ARAPÇİFTLİĞİ;2945. SOKAK;sokak;842995
DÜZCE;MERKEZ;ARAPÇİFTLİĞİ;2946. SOKAK;sokak;842996
DÜZCE;MERKEZ;ARAPÇİFTLİĞİ;2948. CADDE;cadde;842961
DÜZCE;MERKEZ;ARAPÇİFTLİĞİ;2949. SOKAK;sokak;842962
DÜZCE;MERKEZ;ARAPÇİFTLİĞİ;2950. SOKAK;sokak;879075721
DÜZCE;MERKEZ;ARAPÇİFTLİĞİ;2951. SOKAK;sokak;802064280
DÜZCE;MERKEZ;ARAPÇİFTLİĞİ;2952. SOKAK;sokak;773393640
DÜZCE;MERKEZ;ARAPÇİFTLİĞİ;2953. SOKAK;sokak;813830280
DÜZCE;MERKEZ;ARAPÇİFTLİĞİ;2954. SOKAK;sokak;836806600
DÜZCE;MERKEZ;ARAPÇİFTLİĞİ;2955. SOKAK;sokak;707049781
DÜZCE;MERKEZ;ARAPÇİFTLİĞİ;2956. SOKAK;sokak;211023140
DÜZCE;MERKEZ;ARAPÇİFTLİĞİ;2957 SOKAK;sokak;963043400
DÜZCE;MERKEZ;ARAPÇİFTLİĞİ;2958. SOKAK;sokak;478266070
DÜZCE;MERKEZ;ARAPÇİFTLİĞİ;2960. SOKAK;sokak;430031281
DÜZCE;MERKEZ;ARAPÇİFTLİĞİ;2961. SOKAK;sokak;846181
DÜZCE;MERKEZ;ARAPÇİFTLİĞİ;2962. SOKAK;sokak;842998
DÜZCE;MERKEZ;ARAPÇİFTLİĞİ;2963. SOKAK;sokak;778956051
DÜZCE;MERKEZ;ARAPÇİFTLİĞİ;2964. SOKAK;sokak;842999
DÜZCE;MERKEZ;ARAPÇİFTLİĞİ;2965. SOKAK;sokak;843000
DÜZCE;MERKEZ;ARAPÇİFTLİĞİ;2966. SOKAK;sokak;581496341
DÜZCE;MERKEZ;ARAPÇİFTLİĞİ;2967. SOKAK;sokak;526720781
DÜZCE;MERKEZ;ARAPÇİFTLİĞİ;2968. SOKAK;sokak;843001
DÜZCE;MERKEZ;ARAPÇİFTLİĞİ;2969. SOKAK;sokak;870442440
DÜZCE;MERKEZ;ARAPÇİFTLİĞİ;2971. CADDE;cadde;843003
DÜZCE;MERKEZ;ARAPÇİFTLİĞİ;2972. SOKAK;sokak;727064190
DÜZCE;MERKEZ;ARAPÇİFTLİĞİ;2974. SOKAK;sokak;337801310
DÜZCE;MERKEZ;ARAPÇİFTLİĞİ;2975. SOKAK;sokak;519087211
DÜZCE;MERKEZ;ARAPÇİFTLİĞİ;2976. CADDE;cadde;675575951
DÜZCE;MERKEZ;ARAPÇİFTLİĞİ;2977. SOKAK;sokak;843004
DÜZCE;MERKEZ;ARAPÇİFTLİĞİ;2978. SOKAK;sokak;781719311
DÜZCE;MERKEZ;ARAPÇİFTLİĞİ;2979. SOKAK;sokak;843005
DÜZCE;MERKEZ;ARAPÇİFTLİĞİ;2980. SOKAK;sokak;843006
DÜZCE;MERKEZ;ARAPÇİFTLİĞİ;2981. SOKAK;sokak;866093
DÜZCE;MERKEZ;ARAPÇİFTLİĞİ;2983. SOKAK;sokak;493827241
DÜZCE;MERKEZ;ARAPÇİFTLİĞİ;2984. SOKAK;sokak;866092
DÜZCE;MERKEZ;ARAPÇİFTLİĞİ;2985. SOKAK;sokak;144997270
DÜZCE;MERKEZ;ARAPÇİFTLİĞİ;2986. SOKAK;sokak;843082
DÜZCE;MERKEZ;ARAPÇİFTLİĞİ;2987. SOKAK;sokak;745560510
DÜZCE;MERKEZ;ARAPÇİFTLİĞİ;2988. SOKAK;sokak;843007
DÜZCE;MERKEZ;ARAPÇİFTLİĞİ;2989. SOKAK;sokak;521533270
DÜZCE;MERKEZ;ARAPÇİFTLİĞİ;2990. SOKAK;sokak;843008
DÜZCE;MERKEZ;ARAPÇİFTLİĞİ;2991. SOKAK;sokak;906030021
DÜZCE;MERKEZ;ARAPÇİFTLİĞİ;2992. SOKAK;sokak;136399271
DÜZCE;MERKEZ;ARAPÇİFTLİĞİ;2997. SOKAK;sokak;828951781
DÜZCE;MERKEZ;ARAPÇİFTLİĞİ;3000. SOKAK;sokak;843097
DÜZCE;MERKEZ;ARAPÇİFTLİĞİ;3002. SOKAK;sokak;578377421
DÜZCE;MERKEZ;ARAPÇİFTLİĞİ;3003. SOKAK;sokak;509735101
DÜZCE;MERKEZ;ARAPÇİFTLİĞİ;3004. SOKAK;sokak;416797540
DÜZCE;MERKEZ;ARAPÇİFTLİĞİ;3005. SOKAK;sokak;616355791
DÜZCE;MERKEZ;ARAPÇİFTLİĞİ;3006. SOKAK;sokak;843009
DÜZCE;MERKEZ;ARAPÇİFTLİĞİ;3007. SOKAK;sokak;862537
DÜZCE;MERKEZ;ARAPÇİFTLİĞİ;3008. SOKAK;sokak;847586
DÜZCE;MERKEZ;ARAPÇİFTLİĞİ;3009. SOKAK;sokak;865601
DÜZCE;MERKEZ;ARAPÇİFTLİĞİ;3010. SOKAK;sokak;865600
DÜZCE;MERKEZ;ARAPÇİFTLİĞİ;3011. SOKAK;sokak;862536
DÜZCE;MERKEZ;ARAPÇİFTLİĞİ;3012. SOKAK;sokak;843010
DÜZCE;MERKEZ;ARAPÇİFTLİĞİ;3013. SOKAK;sokak;843092
DÜZCE;MERKEZ;ARAPÇİFTLİĞİ;3014. SOKAK;sokak;865658
DÜZCE;MERKEZ;ARAPÇİFTLİĞİ;3015. SOKAK;sokak;865668
DÜZCE;MERKEZ;ARAPÇİFTLİĞİ;3016. SOKAK;sokak;866024
DÜZCE;MERKEZ;ARAPÇİFTLİĞİ;3017. SOKAK;sokak;865981
DÜZCE;MERKEZ;ARAPÇİFTLİĞİ;3018. SOKAK;sokak;843011
DÜZCE;MERKEZ;ARAPÇİFTLİĞİ;3019. SOKAK;sokak;843119
DÜZCE;MERKEZ;ARAPÇİFTLİĞİ;3020. SOKAK;sokak;843012
DÜZCE;MERKEZ;ARAPÇİFTLİĞİ;3021. SOKAK;sokak;866090
DÜZCE;MERKEZ;ARAPÇİFTLİĞİ;3022. SOKAK;sokak;843093
DÜZCE;MERKEZ;ARAPÇİFTLİĞİ;3023. SOKAK;sokak;866091
DÜZCE;MERKEZ;ARAPÇİFTLİĞİ;3025. SOKAK;sokak;866089
DÜZCE;MERKEZ;ARAPÇİFTLİĞİ;3026. SOKAK;sokak;866086
DÜZCE;MERKEZ;ARAPÇİFTLİĞİ;3027. SOKAK;sokak;866030
DÜZCE;MERKEZ;ARAPÇİFTLİĞİ;3028. SOKAK;sokak;866085
DÜZCE;MERKEZ;ARAPÇİFTLİĞİ;3029. SOKAK;sokak;866084
DÜZCE;MERKEZ;ARAPÇİFTLİĞİ;3030. SOKAK;sokak;592315890
DÜZCE;MERKEZ;ARAPÇİFTLİĞİ;3032. SOKAK;sokak;778644031
DÜZCE;MERKEZ;ARAPÇİFTLİĞİ;3035. SOKAK;sokak;909014551
DÜZCE;MERKEZ;ARAPÇİFTLİĞİ;3036. SOKAK;sokak;631501481
DÜZCE;MERKEZ;ARAPÇİFTLİĞİ;3038. SOKAK;sokak;958839300
DÜZCE;MERKEZ;ARAPÇİFTLİĞİ;3039. SOKAK;sokak;898309
DÜZCE;MERKEZ;ARAPÇİFTLİĞİ;3040. SOKAK;sokak;843015
DÜZCE;MERKEZ;ARAPÇİFTLİĞİ;3041. SOKAK;sokak;464869991
DÜZCE;MERKEZ;ARAPÇİFTLİĞİ;3042. SOKAK;sokak;843016
DÜZCE;MERKEZ;ARAPÇİFTLİĞİ;3043. SOKAK;sokak;843121
DÜZCE;MERKEZ;ARAPÇİFTLİĞİ;3044. SOKAK;sokak;843017
DÜZCE;MERKEZ;ARAPÇİFTLİĞİ;3048. SOKAK;sokak;853868861
DÜZCE;MERKEZ;ARAPÇİFTLİĞİ;3049. SOKAK;sokak;810587370
DÜZCE;MERKEZ;ARAPÇİFTLİĞİ;3051. SOKAK;sokak;843019
DÜZCE;MERKEZ;ARAPÇİFTLİĞİ;3056. SOKAK;sokak;673819880
DÜZCE;MERKEZ;ARAPÇİFTLİĞİ;3057. SOKAK;sokak;710185190
DÜZCE;MERKEZ;ARAPÇİFTLİĞİ;3059. SOKAK;sokak;642284711
DÜZCE;MERKEZ;ARAPÇİFTLİĞİ;3062. SOKAK;sokak;843029
DÜZCE;MERKEZ;ARAPÇİFTLİĞİ;3066. SOKAK;sokak;843033
DÜZCE;MERKEZ;ARAPÇİFTLİĞİ;3069. SOKAK;sokak;913601491
DÜZCE;MERKEZ;ARAPÇİFTLİĞİ;3075. SOKAK;sokak;348529391
DÜZCE;MERKEZ;ARAPÇİFTLİĞİ;3084. SOKAK;sokak;858041361
DÜZCE;MERKEZ;ARAPÇİFTLİĞİ;3089. SOKAK;sokak;274385711
DÜZCE;MERKEZ;ARAPÇİFTLİĞİ;3101. SOKAK;sokak;938221
DÜZCE;MERKEZ;ASAR - AÇMALAR;AÇMALAR KÜME EVLER;sokak;541597
DÜZCE;MERKEZ;ASAR - DEMİRCİLER;DEMİRCİLER KÜME EVLER;sokak;535168
DÜZCE;MERKEZ;ASAR - MERKEZ;AKBIYIKLAR KÜME EVLER;sokak;496873201
DÜZCE;MERKEZ;ASAR - MERKEZ;MERKEZ KÜME EVLER;sokak;39689
DÜZCE;MERKEZ;AYBAŞI - HAMZA;HAMZA KÜME EVLER;sokak;569165
DÜZCE;MERKEZ;AYBAŞI - MERKEZ;KARAÖMER KÜME EVLER;sokak;225011341
DÜZCE;MERKEZ;AYBAŞI - MERKEZ;MERKEZ KÜME EVLER;sokak;565162
DÜZCE;MERKEZ;AYDINPINAR - CUMA;CUMA KÜME EVLER;sokak;539207
DÜZCE;MERKEZ;AYDINPINAR - CUMA;NAS SOKAK;sokak;694153390
DÜZCE;MERKEZ;AYDINPINAR - HAKKI HOCA;YAYLAKAPI KÜME EVLER;sokak;308397
DÜZCE;MERKEZ;AYDINPINAR - MERKEZ;MERKEZ KÜME EVLER;sokak;545683
DÜZCE;MERKEZ;AYDINPINAR - MERKEZ;NAS SOKAK;sokak;174508000
DÜZCE;MERKEZ;AYDINPINAR - SANTRAL;SANTRAL KÜME EVLER;sokak;312821
DÜZCE;MERKEZ;AYDINPINAR - ŞOSE ALTI;ŞOSE ALTI KÜME EVLER;sokak;422487
DÜZCE;MERKEZ;AYDINPINAR - YAYLAKAPI;HAKKI HOCA KÜME EVLER;sokak;552931
DÜZCE;MERKEZ;AYDINPINAR - YEŞİL;YAYLAKAPI KÜME EVLER;sokak;855934320
DÜZCE;MERKEZ;AYDINPINAR - YEŞİL;YEŞİL KÜME EVLER;sokak;538364
DÜZCE;MERKEZ;AYDINPINAR - YILANKAYA;YILANKAYA KÜME EVLER;sokak;71413
DÜZCE;MERKEZ;AYNALI NA;AYNALI KÜME EVLER;sokak;532432
DÜZCE;MERKEZ;AYNALI NA;KONURALP ÇİLİMLİ CADDE;cadde;75822122
DÜZCE;MERKEZ;AZİZİYE;1001. SOKAK;sokak;236598
DÜZCE;MERKEZ;AZİZİYE;1005. SOKAK;sokak;982949371
DÜZCE;MERKEZ;AZİZİYE;1007. SOKAK;sokak;236600
DÜZCE;MERKEZ;AZİZİYE;1008. SOKAK;sokak;840933
DÜZCE;MERKEZ;AZİZİYE;1012. BULVAR;sokak;387307351
DÜZCE;MERKEZ;AZİZİYE;1013. SOKAK;sokak;536936770
DÜZCE;MERKEZ;AZİZİYE;1014. SOKAK;sokak;719571610
DÜZCE;MERKEZ;AZİZİYE;1015. SOKAK;sokak;545952361
DÜZCE;MERKEZ;AZİZİYE;1016. SOKAK;sokak;840966
DÜZCE;MERKEZ;AZİZİYE;1017. SOKAK;sokak;589751
DÜZCE;MERKEZ;AZİZİYE;1018. SOKAK;sokak;694954631
DÜZCE;MERKEZ;AZİZİYE;1019. SOKAK;sokak;311502460
DÜZCE;MERKEZ;AZİZİYE;1021. SOKAK;sokak;836016
DÜZCE;MERKEZ;AZİZİYE;1022. SOKAK;sokak;829949
DÜZCE;MERKEZ;AZİZİYE;1023. SOKAK;sokak;840965
DÜZCE;MERKEZ;AZİZİYE;1027. SOKAK;sokak;725323361
DÜZCE;MERKEZ;AZİZİYE;1028. SOKAK;sokak;875673
DÜZCE;MERKEZ;AZİZİYE;1029. CADDE;cadde;809887850
DÜZCE;MERKEZ;AZİZİYE;1030. BULVAR;sokak;588673
DÜZCE;MERKEZ;AZİZİYE;1050. BULVAR;sokak;629241
DÜZCE;MERKEZ;AZİZİYE;1051. SOKAK;sokak;629654
DÜZCE;MERKEZ;AZİZİYE;1052. SOKAK;sokak;601169
DÜZCE;MERKEZ;AZİZİYE;1053. SOKAK;sokak;453734
DÜZCE;MERKEZ;AZİZİYE;1054. SOKAK;sokak;151664
DÜZCE;MERKEZ;AZİZİYE;1055. SOKAK;sokak;624589
DÜZCE;MERKEZ;AZİZİYE;1056. SOKAK;sokak;628669
DÜZCE;MERKEZ;AZİZİYE;1058. SOKAK;sokak;632430
DÜZCE;MERKEZ;AZİZİYE;1060. SOKAK;sokak;83295
DÜZCE;MERKEZ;AZİZİYE;1061. SOKAK;sokak;628732
DÜZCE;MERKEZ;AZİZİYE;1062. SOKAK;sokak;629510
DÜZCE;MERKEZ;AZİZİYE;1064. SOKAK;sokak;619454
DÜZCE;MERKEZ;AZİZİYE;1069. SOKAK;sokak;151679
DÜZCE;MERKEZ;AZİZİYE;1077. SOKAK;sokak;952686
DÜZCE;MERKEZ;AZİZİYE;1078. SOKAK;sokak;624579
DÜZCE;MERKEZ;AZİZİYE;1079. SOKAK;sokak;603257
DÜZCE;MERKEZ;AZİZİYE;1080. SOKAK;sokak;756152450
DÜZCE;MERKEZ;AZİZİYE;1081. SOKAK;sokak;477285890
DÜZCE;MERKEZ;AZİZİYE;877. SOKAK;sokak;603619
DÜZCE;MERKEZ;AZİZİYE;878. SOKAK;sokak;638449
DÜZCE;MERKEZ;AZİZİYE;879. SOKAK;sokak;239287810
DÜZCE;MERKEZ;AZİZİYE;880. SOKAK;sokak;637998
DÜZCE;MERKEZ;AZİZİYE;881. SOKAK;sokak;639210
DÜZCE;MERKEZ;AZİZİYE;883. SOKAK;sokak;637976
DÜZCE;MERKEZ;AZİZİYE;884. SOKAK;sokak;628456
DÜZCE;MERKEZ;AZİZİYE;885. SOKAK;sokak;626511
DÜZCE;MERKEZ;AZİZİYE;886. SOKAK;sokak;627831
DÜZCE;MERKEZ;AZİZİYE;887. SOKAK;sokak;629662
DÜZCE;MERKEZ;AZİZİYE;888. SOKAK;sokak;858296
DÜZCE;MERKEZ;AZİZİYE;889. SOKAK;sokak;626091
DÜZCE;MERKEZ;AZİZİYE;890. SOKAK;sokak;151665
DÜZCE;MERKEZ;AZİZİYE;891. SOKAK;sokak;625021
DÜZCE;MERKEZ;AZİZİYE;892. SOKAK;sokak;286139580
DÜZCE;MERKEZ;AZİZİYE;893. SOKAK;sokak;835007
DÜZCE;MERKEZ;AZİZİYE;894. SOKAK;sokak;623297
DÜZCE;MERKEZ;AZİZİYE;895. SOKAK;sokak;991125750
DÜZCE;MERKEZ;AZİZİYE;896. SOKAK;sokak;465006
DÜZCE;MERKEZ;AZİZİYE;900. SOKAK;sokak;477874940
DÜZCE;MERKEZ;AZİZİYE;903. SOKAK;sokak;30540
DÜZCE;MERKEZ;AZİZİYE;904. SOKAK;sokak;328216
DÜZCE;MERKEZ;AZİZİYE;905. SOKAK;sokak;236599
DÜZCE;MERKEZ;AZİZİYE;906. SOKAK;sokak;151668
DÜZCE;MERKEZ;AZİZİYE;907. SOKAK;sokak;151667
DÜZCE;MERKEZ;AZİZİYE;908. SOKAK;sokak;417679
DÜZCE;MERKEZ;AZİZİYE;913. SOKAK;sokak;151659
DÜZCE;MERKEZ;AZİZİYE;919. SOKAK;sokak;935733
DÜZCE;MERKEZ;AZİZİYE;923. SOKAK;sokak;935734
DÜZCE;MERKEZ;AZİZİYE;930. SOKAK;sokak;133751910
DÜZCE;MERKEZ;AZİZİYE;932. SOKAK;sokak;586305
DÜZCE;MERKEZ;AZİZİYE;933. SOKAK;sokak;389069
DÜZCE;MERKEZ;AZİZİYE;934. SOKAK;sokak;506433940
DÜZCE;MERKEZ;AZİZİYE;938. SOKAK;sokak;595453
DÜZCE;MERKEZ;AZİZİYE;939. SOKAK;sokak;595454
DÜZCE;MERKEZ;AZİZİYE;941. SOKAK;sokak;719687880
DÜZCE;MERKEZ;AZİZİYE;945. SOKAK;sokak;780910630
DÜZCE;MERKEZ;AZİZİYE;946. SOKAK;sokak;769820400
DÜZCE;MERKEZ;AZİZİYE;947. SOKAK;sokak;151745
DÜZCE;MERKEZ;AZİZİYE;948. SOKAK;sokak;436993
DÜZCE;MERKEZ;AZİZİYE;949. SOKAK;sokak;396245
DÜZCE;MERKEZ;AZİZİYE;950. SOKAK;sokak;578296
DÜZCE;MERKEZ;AZİZİYE;951. SOKAK;sokak;41906
DÜZCE;MERKEZ;AZİZİYE;955. SOKAK;sokak;591562
DÜZCE;MERKEZ;AZİZİYE;956. SOKAK;sokak;459637
DÜZCE;MERKEZ;AZİZİYE;964. SOKAK;sokak;592175
DÜZCE;MERKEZ;AZİZİYE;968. SOKAK;sokak;592174
DÜZCE;MERKEZ;AZİZİYE;971. SOKAK;sokak;597683
DÜZCE;MERKEZ;AZİZİYE;974. SOKAK;sokak;236601
DÜZCE;MERKEZ;AZİZİYE;975. SOKAK;sokak;151418
DÜZCE;MERKEZ;AZİZİYE;979. SOKAK;sokak;836124
DÜZCE;MERKEZ;AZİZİYE;980. SOKAK;sokak;835741
DÜZCE;MERKEZ;AZİZİYE;982. SOKAK;sokak;573738
DÜZCE;MERKEZ;AZİZİYE;983. SOKAK;sokak;578816
DÜZCE;MERKEZ;AZİZİYE;984. SOKAK;sokak;575802
DÜZCE;MERKEZ;AZİZİYE;985. SOKAK;sokak;588699
DÜZCE;MERKEZ;AZİZİYE;986. SOKAK;sokak;579153
DÜZCE;MERKEZ;AZİZİYE;987. SOKAK;sokak;571967
DÜZCE;MERKEZ;AZİZİYE;988. SOKAK;sokak;151417
DÜZCE;MERKEZ;AZİZİYE;989. SOKAK;sokak;581457
DÜZCE;MERKEZ;AZİZİYE;990. SOKAK;sokak;93266
DÜZCE;MERKEZ;AZİZİYE;991. SOKAK;sokak;205108630
DÜZCE;MERKEZ;AZİZİYE;992. SOKAK;sokak;96834
DÜZCE;MERKEZ;AZİZİYE;993. SOKAK;sokak;151677
DÜZCE;MERKEZ;AZİZİYE;994. SOKAK;sokak;580722
DÜZCE;MERKEZ;AZİZİYE;996. SOKAK;sokak;578735
DÜZCE;MERKEZ;AZİZİYE;997. SOKAK;sokak;174583321
DÜZCE;MERKEZ;AZİZİYE;998. SOKAK;sokak;553974261
DÜZCE;MERKEZ;AZİZİYE;999. SOKAK;sokak;308134970
DÜZCE;MERKEZ;AZİZİYE;ARSLAN SOKAK;sokak;151656
DÜZCE;MERKEZ;AZİZİYE;BÜLBÜL SOKAK;sokak;417675
DÜZCE;MERKEZ;AZİZİYE;CAN SOKAK;sokak;434273
DÜZCE;MERKEZ;AZİZİYE;ÇETİN SOKAK;sokak;151678
DÜZCE;MERKEZ;AZİZİYE;ÇİFTLİK SOKAK;sokak;156780
DÜZCE;MERKEZ;AZİZİYE;D 100 KARAYOLU CADDE;cadde;151658
DÜZCE;MERKEZ;AZİZİYE;DURU SOKAK;sokak;630631
DÜZCE;MERKEZ;AZİZİYE;ESKİ BAĞDAT CADDE;cadde;151660
DÜZCE;MERKEZ;AZİZİYE;FAZİLET SOKAK;sokak;236597
DÜZCE;MERKEZ;AZİZİYE;GENÇ SOKAK;sokak;417676
DÜZCE;MERKEZ;AZİZİYE;HACI HİLMİ SOKAK;sokak;151661
DÜZCE;MERKEZ;AZİZİYE;HIDIRELLEZ SOKAK;sokak;151662
DÜZCE;MERKEZ;AZİZİYE;HUZUR SOKAK;sokak;471091
DÜZCE;MERKEZ;AZİZİYE;İLYAS SOKAK;sokak;151406
DÜZCE;MERKEZ;AZİZİYE;İSTANBUL CADDE;cadde;151410
DÜZCE;MERKEZ;AZİZİYE;KEMER SOKAK;sokak;417677
DÜZCE;MERKEZ;AZİZİYE;KIRKPINAR SOKAK;sokak;151663
DÜZCE;MERKEZ;AZİZİYE;KİLİM SOKAK;sokak;417678
DÜZCE;MERKEZ;AZİZİYE;KORKMAZ SOKAK;sokak;637352
DÜZCE;MERKEZ;AZİZİYE;MARTI SOKAK;sokak;434274
DÜZCE;MERKEZ;AZİZİYE;MEYDANLAR SOKAK;sokak;151666
DÜZCE;MERKEZ;AZİZİYE;MIHÇI SOKAK;sokak;151669
DÜZCE;MERKEZ;AZİZİYE;MUTLU SOKAK;sokak;417680
DÜZCE;MERKEZ;AZİZİYE;NEZİH TÜTÜNCÜOĞLU BULVAR;sokak;582196
DÜZCE;MERKEZ;AZİZİYE;OĞUZ SOKAK;sokak;151671
DÜZCE;MERKEZ;AZİZİYE;ONUR SOKAK;sokak;151670
DÜZCE;MERKEZ;AZİZİYE;ÖNCÜ SOKAK;sokak;156781
DÜZCE;MERKEZ;AZİZİYE;ÖZBEK SOKAK;sokak;389061
DÜZCE;MERKEZ;AZİZİYE;ÖZGÜR SOKAK;sokak;156782
DÜZCE;MERKEZ;AZİZİYE;ÖZMEN SOKAK;sokak;156783
DÜZCE;MERKEZ;AZİZİYE;ÖZTÜRK SOKAK;sokak;156784
DÜZCE;MERKEZ;AZİZİYE;PAZARYERİ İŞYERLERİ KÜME EVLER;sokak;830278
DÜZCE;MERKEZ;AZİZİYE;SANCAK SOKAK;sokak;418972
DÜZCE;MERKEZ;AZİZİYE;SEYYAR SOKAK;sokak;151672
DÜZCE;MERKEZ;AZİZİYE;SEZGİN SOKAK;sokak;151673
DÜZCE;MERKEZ;AZİZİYE;SIRÇALI SOKAK;sokak;418973
DÜZCE;MERKEZ;AZİZİYE;SÖĞÜT SOKAK;sokak;236504
DÜZCE;MERKEZ;AZİZİYE;SUNA SOKAK;sokak;151674
DÜZCE;MERKEZ;AZİZİYE;ŞAHİN SOKAK;sokak;151413
DÜZCE;MERKEZ;AZİZİYE;ŞEHİT METİN UYANIK CADDE;cadde;352312160
DÜZCE;MERKEZ;AZİZİYE;ŞEHİT RAMAZAN GEL CADDE;cadde;599689
DÜZCE;MERKEZ;AZİZİYE;ŞEREFİYE SOKAK;sokak;151415
DÜZCE;MERKEZ;AZİZİYE;TOLGA SOKAK;sokak;151675
DÜZCE;MERKEZ;AZİZİYE;TURAN SOKAK;sokak;151676
DÜZCE;MERKEZ;AZİZİYE;YEŞİL SOKAK;sokak;438415
DÜZCE;MERKEZ;AZMİMİLLİ;405. SOKAK;sokak;513017
DÜZCE;MERKEZ;AZMİMİLLİ;413. SOKAK;sokak;520631
DÜZCE;MERKEZ;AZMİMİLLİ;425. SOKAK;sokak;752313160
DÜZCE;MERKEZ;AZMİMİLLİ;428. SOKAK;sokak;917450
DÜZCE;MERKEZ;AZMİMİLLİ;431. SOKAK;sokak;529477
DÜZCE;MERKEZ;AZMİMİLLİ;433. SOKAK;sokak;151774
DÜZCE;MERKEZ;AZMİMİLLİ;436. SOKAK;sokak;39289
DÜZCE;MERKEZ;AZMİMİLLİ;437. SOKAK;sokak;538614
DÜZCE;MERKEZ;AZMİMİLLİ;443. SOKAK;sokak;577779971
DÜZCE;MERKEZ;AZMİMİLLİ;444. SOKAK;sokak;172895960
DÜZCE;MERKEZ;AZMİMİLLİ;446. CADDE;cadde;531348
DÜZCE;MERKEZ;AZMİMİLLİ;447. SOKAK;sokak;103851360
DÜZCE;MERKEZ;AZMİMİLLİ;448. SOKAK;sokak;845588
DÜZCE;MERKEZ;AZMİMİLLİ;458. SOKAK;sokak;538632
DÜZCE;MERKEZ;AZMİMİLLİ;459. SOKAK;sokak;261714
DÜZCE;MERKEZ;AZMİMİLLİ;461. SOKAK;sokak;840902
DÜZCE;MERKEZ;AZMİMİLLİ;462. SOKAK;sokak;531380
DÜZCE;MERKEZ;AZMİMİLLİ;463. SOKAK;sokak;725251400
DÜZCE;MERKEZ;AZMİMİLLİ;464. SOKAK;sokak;938236
DÜZCE;MERKEZ;AZMİMİLLİ;465. SOKAK;sokak;151777
DÜZCE;MERKEZ;AZMİMİLLİ;473. SOKAK;sokak;338711
DÜZCE;MERKEZ;AZMİMİLLİ;474. SOKAK;sokak;151790
DÜZCE;MERKEZ;AZMİMİLLİ;475. SOKAK;sokak;411606
DÜZCE;MERKEZ;AZMİMİLLİ;479. SOKAK;sokak;539693
DÜZCE;MERKEZ;AZMİMİLLİ;481. SOKAK;sokak;731762
DÜZCE;MERKEZ;AZMİMİLLİ;484. SOKAK;sokak;858015
DÜZCE;MERKEZ;AZMİMİLLİ;487. SOKAK;sokak;527578
DÜZCE;MERKEZ;AZMİMİLLİ;488. SOKAK;sokak;541856
DÜZCE;MERKEZ;AZMİMİLLİ;489. SOKAK;sokak;547143
DÜZCE;MERKEZ;AZMİMİLLİ;490. SOKAK;sokak;845915
DÜZCE;MERKEZ;AZMİMİLLİ;491. SOKAK;sokak;935320
DÜZCE;MERKEZ;AZMİMİLLİ;492. SOKAK;sokak;30834
DÜZCE;MERKEZ;AZMİMİLLİ;493. SOKAK;sokak;94293
DÜZCE;MERKEZ;AZMİMİLLİ;499. SOKAK;sokak;841229
DÜZCE;MERKEZ;AZMİMİLLİ;500. SOKAK;sokak;938248
DÜZCE;MERKEZ;AZMİMİLLİ;502. SOKAK;sokak;515525
DÜZCE;MERKEZ;AZMİMİLLİ;504. SOKAK;sokak;515519
DÜZCE;MERKEZ;AZMİMİLLİ;511. SOKAK;sokak;525002
DÜZCE;MERKEZ;AZMİMİLLİ;512. SOKAK;sokak;841349
DÜZCE;MERKEZ;AZMİMİLLİ;515. SOKAK;sokak;938250
DÜZCE;MERKEZ;AZMİMİLLİ;ARKA SOKAK;sokak;539099
DÜZCE;MERKEZ;AZMİMİLLİ;ARSAL SOKAK;sokak;151749
DÜZCE;MERKEZ;AZMİMİLLİ;AYDINPINAR CADDE;cadde;411597
DÜZCE;MERKEZ;AZMİMİLLİ;AZİM SOKAK;sokak;151751
DÜZCE;MERKEZ;AZMİMİLLİ;AZMİMİLLİ SOKAK;sokak;151750
DÜZCE;MERKEZ;AZMİMİLLİ;BARIŞ SOKAK;sokak;411598
DÜZCE;MERKEZ;AZMİMİLLİ;BATUMLU AHMET SOKAK;sokak;151753
DÜZCE;MERKEZ;AZMİMİLLİ;BAYRAK CADDE;cadde;411599
DÜZCE;MERKEZ;AZMİMİLLİ;BAYRAKTARBAŞI SOKAK;sokak;532630
DÜZCE;MERKEZ;AZMİMİLLİ;BOYACI SOKAK;sokak;151755
DÜZCE;MERKEZ;AZMİMİLLİ;CAVİT AYIŞIK SOKAK;sokak;151756
DÜZCE;MERKEZ;AZMİMİLLİ;CELAL KASAPOĞLU CADDE;cadde;951957
DÜZCE;MERKEZ;AZMİMİLLİ;CEMAL HIZAL SOKAK;sokak;523809
DÜZCE;MERKEZ;AZMİMİLLİ;CEVDET KOMİT CADDE;cadde;151758
DÜZCE;MERKEZ;AZMİMİLLİ;ÇAKMAKÇI SOKAK;sokak;151789
DÜZCE;MERKEZ;AZMİMİLLİ;ÇALDIRAN SOKAK;sokak;411946
DÜZCE;MERKEZ;AZMİMİLLİ;ÇINAR SOKAK;sokak;151791
DÜZCE;MERKEZ;AZMİMİLLİ;DAMLA SOKAK;sokak;411600
DÜZCE;MERKEZ;AZMİMİLLİ;DARICI SOKAK;sokak;151759
DÜZCE;MERKEZ;AZMİMİLLİ;DARIYERLİ SOKAK;sokak;345451
DÜZCE;MERKEZ;AZMİMİLLİ;DÜLGER SOKAK;sokak;151760
DÜZCE;MERKEZ;AZMİMİLLİ;EMEL SOKAK;sokak;151761
DÜZCE;MERKEZ;AZMİMİLLİ;ENGİN SOKAK;sokak;151762
DÜZCE;MERKEZ;AZMİMİLLİ;ERCİYES SOKAK;sokak;151763
DÜZCE;MERKEZ;AZMİMİLLİ;ERDEM SOKAK;sokak;411601
DÜZCE;MERKEZ;AZMİMİLLİ;FABRİKA SOKAK;sokak;151764
DÜZCE;MERKEZ;AZMİMİLLİ;GAZHANE CADDE;cadde;411602
DÜZCE;MERKEZ;AZMİMİLLİ;GİRNE SOKAK;sokak;151766
DÜZCE;MERKEZ;AZMİMİLLİ;HALİL ÖZ SOKAK;sokak;411603
DÜZCE;MERKEZ;AZMİMİLLİ;HANIMELİ SOKAK;sokak;151768
DÜZCE;MERKEZ;AZMİMİLLİ;HASAN TÜFEKÇİ SOKAK;sokak;151769
DÜZCE;MERKEZ;AZMİMİLLİ;HATİP SOKAK;sokak;411604
DÜZCE;MERKEZ;AZMİMİLLİ;HAYDAR GÖSTERİŞLİ SOKAK;sokak;151767
DÜZCE;MERKEZ;AZMİMİLLİ;HÜSEYİN SENA SOKAK;sokak;35503
DÜZCE;MERKEZ;AZMİMİLLİ;İSMAİL ÇAKMAN SOKAK;sokak;411947
DÜZCE;MERKEZ;AZMİMİLLİ;KADIOĞLU ALİ SOKAK;sokak;525557
DÜZCE;MERKEZ;AZMİMİLLİ;KARAYAKA SOKAK;sokak;411605
DÜZCE;MERKEZ;AZMİMİLLİ;KARTAL SOKAK;sokak;530034
DÜZCE;MERKEZ;AZMİMİLLİ;KEFELİ SOKAK;sokak;151775
DÜZCE;MERKEZ;AZMİMİLLİ;KEMAL ÇITLAK SOKAK;sokak;151771
DÜZCE;MERKEZ;AZMİMİLLİ;KILIÇ SOKAK;sokak;151776
DÜZCE;MERKEZ;AZMİMİLLİ;MERİÇ SOKAK;sokak;411607
DÜZCE;MERKEZ;AZMİMİLLİ;MEZARLIK ARKASI MEVKİİ KÜME EVLER;sokak;423734
DÜZCE;MERKEZ;AZMİMİLLİ;MUALLİM SOKAK;sokak;411608
DÜZCE;MERKEZ;AZMİMİLLİ;OĞUZHAN SOKAK;sokak;151781
DÜZCE;MERKEZ;AZMİMİLLİ;ORÇUN SOKAK;sokak;151779
DÜZCE;MERKEZ;AZMİMİLLİ;OSMAN NURİ SOKAK;sokak;151780
DÜZCE;MERKEZ;AZMİMİLLİ;PINAR SOKAK;sokak;411609
DÜZCE;MERKEZ;AZMİMİLLİ;SABIR SOKAK;sokak;511575
DÜZCE;MERKEZ;AZMİMİLLİ;SAKİN SOKAK;sokak;151782
DÜZCE;MERKEZ;AZMİMİLLİ;SALİM UĞURLU SOKAK;sokak;411610
DÜZCE;MERKEZ;AZMİMİLLİ;SERHAT SOKAK;sokak;151783
DÜZCE;MERKEZ;AZMİMİLLİ;SÖNMEZ SOKAK;sokak;151784
DÜZCE;MERKEZ;AZMİMİLLİ;ŞAFAK SOKAK;sokak;151792
DÜZCE;MERKEZ;AZMİMİLLİ;ŞEHİT YILMAZ ÖZGÜNER SOKAK;sokak;524602
DÜZCE;MERKEZ;AZMİMİLLİ;ŞEVKİ HIZAL SOKAK;sokak;151793
DÜZCE;MERKEZ;AZMİMİLLİ;ŞÜKRÜ KOMİT SOKAK;sokak;151794
DÜZCE;MERKEZ;AZMİMİLLİ;TATLICI SOKAK;sokak;151785
DÜZCE;MERKEZ;AZMİMİLLİ;TESLİM SOKAK;sokak;411611
DÜZCE;MERKEZ;AZMİMİLLİ;TÖRE SOKAK;sokak;151787
DÜZCE;MERKEZ;AZMİMİLLİ;TUNA SOKAK;sokak;151786
DÜZCE;MERKEZ;AZMİMİLLİ;UZAY SOKAK;sokak;411945
DÜZCE;MERKEZ;AZMİMİLLİ;YAĞMUR SOKAK;sokak;151788
DÜZCE;MERKEZ;BAHÇEKÖY - MERKEZ;ANADOLU OTOYOLU BULVAR;sokak;104497180
DÜZCE;MERKEZ;BAHÇEKÖY - MERKEZ;MERKEZ KÜME EVLER;sokak;339394
DÜZCE;MERKEZ;BAHÇEKÖY - YENİ;ANADOLU OTOYOLU BULVAR;sokak;552578101
DÜZCE;MERKEZ;BAHÇEKÖY - YENİ;YENİ KÜME EVLER;sokak;558208
DÜZCE;MERKEZ;BAHÇELİEVLER;1.BAHÇELİEVLER CADDE;cadde;889587
DÜZCE;MERKEZ;BAHÇELİEVLER;1.DÜZCE BULVAR;sokak;889578
DÜZCE;MERKEZ;BAHÇELİEVLER;2.BAHÇELİEVLER CADDE;cadde;889588
DÜZCE;MERKEZ;BAHÇELİEVLER;2.DÜZCE BULVAR;sokak;889579
DÜZCE;MERKEZ;BAHÇELİEVLER;25. SOKAK;sokak;889590
DÜZCE;MERKEZ;BAHÇELİEVLER;26. SOKAK;sokak;889592
DÜZCE;MERKEZ;BAHÇELİEVLER;27. SOKAK;sokak;889593
DÜZCE;MERKEZ;BAHÇELİEVLER;28. SOKAK;sokak;935693
DÜZCE;MERKEZ;BAHÇELİEVLER;29. SOKAK;sokak;889594
DÜZCE;MERKEZ;BAHÇELİEVLER;3.BAHÇELİEVLER CADDE;cadde;889589
DÜZCE;MERKEZ;BAHÇELİEVLER;3.DÜZCE BULVAR;sokak;889580
DÜZCE;MERKEZ;BAHÇELİEVLER;30. SOKAK;sokak;889595
DÜZCE;MERKEZ;BAHÇELİEVLER;31. SOKAK;sokak;889596
DÜZCE;MERKEZ;BAHÇELİEVLER;32. SOKAK;sokak;889597
DÜZCE;MERKEZ;BAHÇELİEVLER;33. SOKAK;sokak;889598
DÜZCE;MERKEZ;BAHÇELİEVLER;34. SOKAK;sokak;889599
DÜZCE;MERKEZ;BAHÇELİEVLER;35. SOKAK;sokak;889600
DÜZCE;MERKEZ;BAHÇELİEVLER;36. SOKAK;sokak;889601
DÜZCE;MERKEZ;BAHÇELİEVLER;37. SOKAK;sokak;889602
DÜZCE;MERKEZ;BAHÇELİEVLER;38. SOKAK;sokak;889603
DÜZCE;MERKEZ;BAHÇELİEVLER;39. SOKAK;sokak;889604
DÜZCE;MERKEZ;BAHÇELİEVLER;4.DÜZCE BULVAR;sokak;889582
DÜZCE;MERKEZ;BAHÇELİEVLER;40. SOKAK;sokak;889605
DÜZCE;MERKEZ;BAHÇELİEVLER;41. SOKAK;sokak;889606
DÜZCE;MERKEZ;BAHÇELİEVLER;42. SOKAK;sokak;889607
DÜZCE;MERKEZ;BAHÇELİEVLER;43. SOKAK;sokak;889608
DÜZCE;MERKEZ;BAHÇELİEVLER;44. SOKAK;sokak;889609
DÜZCE;MERKEZ;BAHÇELİEVLER;45. SOKAK;sokak;889610
DÜZCE;MERKEZ;BAHÇELİEVLER;46. SOKAK;sokak;889611
DÜZCE;MERKEZ;BAHÇELİEVLER;47. SOKAK;sokak;889613
DÜZCE;MERKEZ;BAHÇELİEVLER;48. SOKAK;sokak;889614
DÜZCE;MERKEZ;BAHÇELİEVLER;49. SOKAK;sokak;889615
DÜZCE;MERKEZ;BAHÇELİEVLER;49/1. SOKAK;sokak;918461051
DÜZCE;MERKEZ;BAHÇELİEVLER;5.DÜZCE BULVAR;sokak;889583
DÜZCE;MERKEZ;BAHÇELİEVLER;50. SOKAK;sokak;889616
DÜZCE;MERKEZ;BAHÇELİEVLER;50/1. SOKAK;sokak;524643441
DÜZCE;MERKEZ;BAHÇELİEVLER;50/2. SOKAK;sokak;396182691
DÜZCE;MERKEZ;BAHÇELİEVLER;50/3. SOKAK;sokak;452110751
DÜZCE;MERKEZ;BAHÇELİEVLER;51. SOKAK;sokak;889617
DÜZCE;MERKEZ;BAHÇELİEVLER;6.DÜZCE BULVAR;sokak;889584
DÜZCE;MERKEZ;BAHÇELİEVLER;7.DÜZCE BULVAR;sokak;889585
DÜZCE;MERKEZ;BAHÇELİEVLER;8.DÜZCE BULVAR;sokak;889586
DÜZCE;MERKEZ;BALLICA - KÜRT;KÜRT KÜME EVLER;sokak;561092
DÜZCE;MERKEZ;BALLICA - MERKEZ;MERKEZ KÜME EVLER;sokak;570182
DÜZCE;MERKEZ;BATAKLIÇİFTLİK NA;19850. SOKAK;sokak;118198361
DÜZCE;MERKEZ;BATAKLIÇİFTLİK NA;19851. SOKAK;sokak;1257943
DÜZCE;MERKEZ;BATAKLIÇİFTLİK NA;ANADOLU OTOYOLU BULVAR;sokak;286139900
DÜZCE;MERKEZ;BATAKLIÇİFTLİK NA;BATAKLI ÇİFTLİK KÜME EVLER;sokak;510875
DÜZCE;MERKEZ;BEÇİ - AŞAĞI;11730. SOKAK;sokak;688225921
DÜZCE;MERKEZ;BEÇİ - AŞAĞI;11740. SOKAK;sokak;839042011
DÜZCE;MERKEZ;BEÇİ - AŞAĞI;11742. SOKAK;sokak;706885691
DÜZCE;MERKEZ;BEÇİ - AŞAĞI;11749. SOKAK;sokak;469858671
DÜZCE;MERKEZ;BEÇİ - AŞAĞI;11750. SOKAK;sokak;966829681
DÜZCE;MERKEZ;BEÇİ - AŞAĞI;11756. SOKAK;sokak;418292011
DÜZCE;MERKEZ;BEÇİ - AŞAĞI;11759. SOKAK;sokak;672598951
DÜZCE;MERKEZ;BEÇİ - AŞAĞI;11761. SOKAK;sokak;753614101
DÜZCE;MERKEZ;BEÇİ - AŞAĞI;12440. SOKAK;sokak;625132961
DÜZCE;MERKEZ;BEÇİ - AŞAĞI;12450. SOKAK;sokak;260884351
DÜZCE;MERKEZ;BEÇİ - MERKEZ;11700. SOKAK;sokak;963899111
DÜZCE;MERKEZ;BEÇİ - MERKEZ;11711. SOKAK;sokak;348952271
DÜZCE;MERKEZ;BEÇİ - MERKEZ;11712. SOKAK;sokak;462754000
DÜZCE;MERKEZ;BEÇİ - MERKEZ;11730. SOKAK;sokak;511144941
DÜZCE;MERKEZ;BEÇİ - MERKEZ;11739. SOKAK;sokak;950328191
DÜZCE;MERKEZ;BEÇİ - MERKEZ;11740. SOKAK;sokak;978294361
DÜZCE;MERKEZ;BEÇİ - MERKEZ;11742. SOKAK;sokak;162666521
DÜZCE;MERKEZ;BEÇİ - MERKEZ;11743. SOKAK;sokak;958263841
DÜZCE;MERKEZ;BEÇİ - MERKEZ;3218. BULVAR;sokak;742878971
DÜZCE;MERKEZ;BEÇİ - MERKEZ;3227. SOKAK;sokak;752260430
DÜZCE;MERKEZ;BEÇİ - MERKEZ;KONURALP 500. CADDE;cadde;401507241
DÜZCE;MERKEZ;BEÇİ - MERKEZ;KONURALP 560. SOKAK;sokak;486851681
DÜZCE;MERKEZ;BEÇİ - MERKEZ;KONURALP 575. SOKAK;sokak;802652341
DÜZCE;MERKEZ;BEÇİ - MERKEZ;KONURALP 585. SOKAK;sokak;109045300
DÜZCE;MERKEZ;BEÇİ - YUKARI;11700. SOKAK;sokak;293791791
DÜZCE;MERKEZ;BEÇİ - YUKARI;11712. SOKAK;sokak;462754001
DÜZCE;MERKEZ;BEÇİ - YUKARI;11713. SOKAK;sokak;705058541
DÜZCE;MERKEZ;BEÇİ - YUKARI;11732. SOKAK;sokak;461353721
DÜZCE;MERKEZ;BEÇİ - YUKARI;11739. SOKAK;sokak;231416091
DÜZCE;MERKEZ;BEYCİLER;1559. SOKAK;sokak;853260490
DÜZCE;MERKEZ;BEYCİLER;1561. CADDE;cadde;697442
DÜZCE;MERKEZ;BEYCİLER;1562. SOKAK;sokak;697797
DÜZCE;MERKEZ;BEYCİLER;1563. SOKAK;sokak;700643
DÜZCE;MERKEZ;BEYCİLER;1564. SOKAK;sokak;694816
DÜZCE;MERKEZ;BEYCİLER;1566. SOKAK;sokak;697443
DÜZCE;MERKEZ;BEYCİLER;1567. SOKAK;sokak;697789
DÜZCE;MERKEZ;BEYCİLER;1568. SOKAK;sokak;696116
DÜZCE;MERKEZ;BEYCİLER;1569. SOKAK;sokak;697791
DÜZCE;MERKEZ;BEYCİLER;1570. SOKAK;sokak;696115
DÜZCE;MERKEZ;BEYCİLER;1571. SOKAK;sokak;700204
DÜZCE;MERKEZ;BEYCİLER;1572. SOKAK;sokak;700901
DÜZCE;MERKEZ;BEYCİLER;1573. SOKAK;sokak;272341
DÜZCE;MERKEZ;BEYCİLER;1575. SOKAK;sokak;854168
DÜZCE;MERKEZ;BEYCİLER;1576. SOKAK;sokak;864874
DÜZCE;MERKEZ;BEYCİLER;1577. SOKAK;sokak;696254
DÜZCE;MERKEZ;BEYCİLER;1578. SOKAK;sokak;697531
DÜZCE;MERKEZ;BEYCİLER;1579. SOKAK;sokak;701755
DÜZCE;MERKEZ;BEYCİLER;1582. SOKAK;sokak;700206
DÜZCE;MERKEZ;BEYCİLER;1583. SOKAK;sokak;695901
DÜZCE;MERKEZ;BEYCİLER;1584. SOKAK;sokak;843966
DÜZCE;MERKEZ;BEYCİLER;1586. SOKAK;sokak;917185
DÜZCE;MERKEZ;BEYCİLER;1587. SOKAK;sokak;831946
DÜZCE;MERKEZ;BEYCİLER;1588. SOKAK;sokak;694814
DÜZCE;MERKEZ;BEYCİLER;1589. SOKAK;sokak;477922
DÜZCE;MERKEZ;BEYCİLER;1590. SOKAK;sokak;699870
DÜZCE;MERKEZ;BEYCİLER;1591. SOKAK;sokak;477923
DÜZCE;MERKEZ;BEYCİLER;1592. SOKAK;sokak;701137
DÜZCE;MERKEZ;BEYCİLER;1593. SOKAK;sokak;697700
DÜZCE;MERKEZ;BEYCİLER;1594. SOKAK;sokak;272328
DÜZCE;MERKEZ;BEYCİLER;1595. SOKAK;sokak;272330
DÜZCE;MERKEZ;BEYCİLER;1596. CADDE;cadde;697699
DÜZCE;MERKEZ;BEYCİLER;1597. SOKAK;sokak;703984
DÜZCE;MERKEZ;BEYCİLER;1598. SOKAK;sokak;529284390
DÜZCE;MERKEZ;BEYCİLER;1599. SOKAK;sokak;930022
DÜZCE;MERKEZ;BEYCİLER;1601. SOKAK;sokak;703983
DÜZCE;MERKEZ;BEYCİLER;1602. SOKAK;sokak;482558
DÜZCE;MERKEZ;BEYCİLER;1603. SOKAK;sokak;23194
DÜZCE;MERKEZ;BEYCİLER;1605. SOKAK;sokak;935662
DÜZCE;MERKEZ;BEYCİLER;1606. SOKAK;sokak;746700760
DÜZCE;MERKEZ;BEYCİLER;1607. SOKAK;sokak;451452810
DÜZCE;MERKEZ;BEYCİLER;1608. SOKAK;sokak;803436191
DÜZCE;MERKEZ;BEYCİLER;1609. SOKAK;sokak;582946460
DÜZCE;MERKEZ;BEYCİLER;1610. SOKAK;sokak;324753520
DÜZCE;MERKEZ;BEYCİLER;1611. SOKAK;sokak;719116140
DÜZCE;MERKEZ;BEYCİLER;1612. SOKAK;sokak;520467601
DÜZCE;MERKEZ;BEYCİLER;1614. SOKAK;sokak;700709
DÜZCE;MERKEZ;BEYCİLER;1615. CADDE;cadde;701136
DÜZCE;MERKEZ;BEYCİLER;1616. SOKAK;sokak;701135
DÜZCE;MERKEZ;BEYCİLER;1617. SOKAK;sokak;701134
DÜZCE;MERKEZ;BEYCİLER;1618. SOKAK;sokak;695005
DÜZCE;MERKEZ;BEYCİLER;1622. SOKAK;sokak;388506
DÜZCE;MERKEZ;BEYCİLER;1623. SOKAK;sokak;442564021
DÜZCE;MERKEZ;BEYCİLER;1624. SOKAK;sokak;995105210
DÜZCE;MERKEZ;BEYCİLER;1625. SOKAK;sokak;135480110
DÜZCE;MERKEZ;BEYCİLER;1626. SOKAK;sokak;101569
DÜZCE;MERKEZ;BEYCİLER;1628. SOKAK;sokak;324904840
DÜZCE;MERKEZ;BEYCİLER;1629. SOKAK;sokak;388503
DÜZCE;MERKEZ;BEYCİLER;1630. SOKAK;sokak;388505
DÜZCE;MERKEZ;BEYCİLER;1631. SOKAK;sokak;700707
DÜZCE;MERKEZ;BEYCİLER;1632. SOKAK;sokak;700749
DÜZCE;MERKEZ;BEYCİLER;1633. SOKAK;sokak;881663920
DÜZCE;MERKEZ;BEYCİLER;1634. SOKAK;sokak;253200940
DÜZCE;MERKEZ;BEYCİLER;1636. SOKAK;sokak;689399
DÜZCE;MERKEZ;BEYCİLER;1639. SOKAK;sokak;864531
DÜZCE;MERKEZ;BEYCİLER;1641. SOKAK;sokak;401836341
DÜZCE;MERKEZ;BEYCİLER;1642. SOKAK;sokak;864518
DÜZCE;MERKEZ;BEYCİLER;1643. SOKAK;sokak;945893630
DÜZCE;MERKEZ;BEYCİLER;1644. SOKAK;sokak;847890801
DÜZCE;MERKEZ;BEYCİLER;1645. SOKAK;sokak;620393421
DÜZCE;MERKEZ;BEYCİLER;1646. SOKAK;sokak;895249040
DÜZCE;MERKEZ;BEYCİLER;1647. SOKAK;sokak;690564711
DÜZCE;MERKEZ;BEYCİLER;1648. SOKAK;sokak;436087281
DÜZCE;MERKEZ;BEYCİLER;1649. SOKAK;sokak;193706831
DÜZCE;MERKEZ;BEYCİLER;1650. SOKAK;sokak;689416
DÜZCE;MERKEZ;BEYCİLER;1652. SOKAK;sokak;697530
DÜZCE;MERKEZ;BEYCİLER;1653. SOKAK;sokak;216341911
DÜZCE;MERKEZ;BEYCİLER;1654. SOKAK;sokak;909810
DÜZCE;MERKEZ;BEYCİLER;1656. SOKAK;sokak;126733490
DÜZCE;MERKEZ;BEYCİLER;1659. SOKAK;sokak;539921290
DÜZCE;MERKEZ;BEYCİLER;1660. CADDE;cadde;923985021
DÜZCE;MERKEZ;BEYCİLER;1662. CADDE;cadde;896262950
DÜZCE;MERKEZ;BEYCİLER;1665. SOKAK;sokak;324404550
DÜZCE;MERKEZ;BEYCİLER;1667. SOKAK;sokak;865407
DÜZCE;MERKEZ;BEYCİLER;1669. SOKAK;sokak;909811
DÜZCE;MERKEZ;BEYCİLER;1670. SOKAK;sokak;832416
DÜZCE;MERKEZ;BEYCİLER;1671. SOKAK;sokak;865413
DÜZCE;MERKEZ;BEYCİLER;1673. SOKAK;sokak;689415
DÜZCE;MERKEZ;BEYCİLER;1675. SOKAK;sokak;865396
DÜZCE;MERKEZ;BEYCİLER;1676. SOKAK;sokak;865389
DÜZCE;MERKEZ;BEYCİLER;1677. SOKAK;sokak;841734911
DÜZCE;MERKEZ;BEYCİLER;1679. SOKAK;sokak;687681831
DÜZCE;MERKEZ;BEYCİLER;1682. SOKAK;sokak;929199
DÜZCE;MERKEZ;BEYCİLER;1686. SOKAK;sokak;265741
DÜZCE;MERKEZ;BEYCİLER;1698. CADDE;cadde;907958
DÜZCE;MERKEZ;BEYCİLER;1699. SOKAK;sokak;638357140
DÜZCE;MERKEZ;BEYCİLER;1703. SOKAK;sokak;702461450
DÜZCE;MERKEZ;BEYCİLER;1704. SOKAK;sokak;731405430
DÜZCE;MERKEZ;BEYCİLER;1705. SOKAK;sokak;460112430
DÜZCE;MERKEZ;BEYCİLER;1706. SOKAK;sokak;477804080
DÜZCE;MERKEZ;BEYCİLER;1707. CADDE;cadde;322883180
DÜZCE;MERKEZ;BEYCİLER;1708. SOKAK;sokak;841633
DÜZCE;MERKEZ;BEYCİLER;1709. SOKAK;sokak;909179
DÜZCE;MERKEZ;BEYCİLER;1710. SOKAK;sokak;23193
DÜZCE;MERKEZ;BEYCİLER;1711. SOKAK;sokak;935703
DÜZCE;MERKEZ;BEYCİLER;1713. SOKAK;sokak;648383
DÜZCE;MERKEZ;BEYCİLER;1714. SOKAK;sokak;212540161
DÜZCE;MERKEZ;BEYCİLER;1715. SOKAK;sokak;477325810
DÜZCE;MERKEZ;BEYCİLER;1717. SOKAK;sokak;917173710
DÜZCE;MERKEZ;BEYCİLER;1718. SOKAK;sokak;270371340
DÜZCE;MERKEZ;BEYCİLER;1719. SOKAK;sokak;579296060
DÜZCE;MERKEZ;BEYCİLER;1721. SOKAK;sokak;488488
DÜZCE;MERKEZ;BEYCİLER;1722. SOKAK;sokak;991359231
DÜZCE;MERKEZ;BEYCİLER;1723. SOKAK;sokak;23192
DÜZCE;MERKEZ;BEYCİLER;1725. SOKAK;sokak;496850680
DÜZCE;MERKEZ;BEYCİLER;1726. SOKAK;sokak;405025851
DÜZCE;MERKEZ;BEYCİLER;1728. SOKAK;sokak;321752420
DÜZCE;MERKEZ;BEYCİLER;1731. SOKAK;sokak;911593
DÜZCE;MERKEZ;BEYCİLER;1733. SOKAK;sokak;616667490
DÜZCE;MERKEZ;BEYCİLER;1734. SOKAK;sokak;126977021
DÜZCE;MERKEZ;BEYCİLER;1735. SOKAK;sokak;636099941
DÜZCE;MERKEZ;BEYCİLER;1736. SOKAK;sokak;497717361
DÜZCE;MERKEZ;BEYCİLER;1737. SOKAK;sokak;908016061
DÜZCE;MERKEZ;BEYCİLER;1738. SOKAK;sokak;147430661
DÜZCE;MERKEZ;BEYCİLER;1739. SOKAK;sokak;291984961
DÜZCE;MERKEZ;BEYCİLER;1740. SOKAK;sokak;330824621
DÜZCE;MERKEZ;BEYCİLER;1741. SOKAK;sokak;779924510
DÜZCE;MERKEZ;BEYCİLER;1743. SOKAK;sokak;696256
DÜZCE;MERKEZ;BEYCİLER;1745. SOKAK;sokak;437582671
DÜZCE;MERKEZ;BEYCİLER;1746. SOKAK;sokak;722732381
DÜZCE;MERKEZ;BEYCİLER;1747. SOKAK;sokak;503819381
DÜZCE;MERKEZ;BEYCİLER;1748. SOKAK;sokak;778070061
DÜZCE;MERKEZ;BEYCİLER;1749. SOKAK;sokak;421488901
DÜZCE;MERKEZ;BEYCİLER;1750. SOKAK;sokak;872771411
DÜZCE;MERKEZ;BEYCİLER;1751. SOKAK;sokak;945811391
DÜZCE;MERKEZ;BEYCİLER;1752. CADDE;cadde;696255
DÜZCE;MERKEZ;BEYCİLER;1753. SOKAK;sokak;701228
DÜZCE;MERKEZ;BEYCİLER;1754. SOKAK;sokak;709426
DÜZCE;MERKEZ;BEYCİLER;1755. SOKAK;sokak;709427
DÜZCE;MERKEZ;BEYCİLER;1756. SOKAK;sokak;703279
DÜZCE;MERKEZ;BEYCİLER;1757. SOKAK;sokak;703278
DÜZCE;MERKEZ;BEYCİLER;1758. SOKAK;sokak;705419
DÜZCE;MERKEZ;BEYCİLER;1759. SOKAK;sokak;426370661
DÜZCE;MERKEZ;BEYCİLER;1760. SOKAK;sokak;729600811
DÜZCE;MERKEZ;BEYCİLER;1761. SOKAK;sokak;318464470
DÜZCE;MERKEZ;BEYCİLER;1762. SOKAK;sokak;995844500
DÜZCE;MERKEZ;BEYCİLER;1763. SOKAK;sokak;948706
DÜZCE;MERKEZ;BEYCİLER;1767. SOKAK;sokak;705420
DÜZCE;MERKEZ;BEYCİLER;1768. SOKAK;sokak;886060
DÜZCE;MERKEZ;BEYCİLER;1769. SOKAK;sokak;908608
DÜZCE;MERKEZ;BEYCİLER;1770. SOKAK;sokak;823516361
DÜZCE;MERKEZ;BEYCİLER;1771. SOKAK;sokak;742560
DÜZCE;MERKEZ;BEYCİLER;1772. SOKAK;sokak;742966
DÜZCE;MERKEZ;BEYCİLER;1781. SOKAK;sokak;848589841
DÜZCE;MERKEZ;BEYCİLER;1782. SOKAK;sokak;522006231
DÜZCE;MERKEZ;BEYCİLER;1783. SOKAK;sokak;837216
DÜZCE;MERKEZ;BEYCİLER;1784. SOKAK;sokak;845844
DÜZCE;MERKEZ;BEYCİLER;1790. SOKAK;sokak;865103
DÜZCE;MERKEZ;BEYCİLER;1791. SOKAK;sokak;856250020
DÜZCE;MERKEZ;BEYCİLER;1792. CADDE;cadde;792580750
DÜZCE;MERKEZ;BEYCİLER;1793. SOKAK;sokak;898415481
DÜZCE;MERKEZ;BEYCİLER;3410. SOKAK;sokak;800826391
DÜZCE;MERKEZ;BEYCİLER;4960. SOKAK;sokak;896040
DÜZCE;MERKEZ;BEYCİLER;4961. SOKAK;sokak;919878
DÜZCE;MERKEZ;BEYCİLER;4962. SOKAK;sokak;276315060
DÜZCE;MERKEZ;BEYCİLER;4963. SOKAK;sokak;136557250
DÜZCE;MERKEZ;BEYCİLER;4965. SOKAK;sokak;224468011
DÜZCE;MERKEZ;BEYCİLER;4972. SOKAK;sokak;895290
DÜZCE;MERKEZ;BEYCİLER;4973. SOKAK;sokak;976435301
DÜZCE;MERKEZ;BEYCİLER;4975. SOKAK;sokak;845383961
DÜZCE;MERKEZ;BEYCİLER;AKÇAKOCA KARAYOLU CADDE;cadde;266599
DÜZCE;MERKEZ;BEYKÖY - BEYTEPE;1. CADDE;cadde;906800
DÜZCE;MERKEZ;BEYKÖY - BEYTEPE;101. SOKAK;sokak;956979
DÜZCE;MERKEZ;BEYKÖY - BEYTEPE;103. SOKAK;sokak;956981
DÜZCE;MERKEZ;BEYKÖY - BEYTEPE;105. SOKAK;sokak;329314040
DÜZCE;MERKEZ;BEYKÖY - BEYTEPE;107. SOKAK;sokak;956985
DÜZCE;MERKEZ;BEYKÖY - BEYTEPE;109. SOKAK;sokak;819878
DÜZCE;MERKEZ;BEYKÖY - BEYTEPE;11. CADDE;cadde;906798
DÜZCE;MERKEZ;BEYKÖY - BEYTEPE;1107. SOKAK;sokak;957021
DÜZCE;MERKEZ;BEYKÖY - BEYTEPE;1109. SOKAK;sokak;153283
DÜZCE;MERKEZ;BEYKÖY - BEYTEPE;111. SOKAK;sokak;956987
DÜZCE;MERKEZ;BEYKÖY - BEYTEPE;1113. SOKAK;sokak;957025
DÜZCE;MERKEZ;BEYKÖY - BEYTEPE;113. SOKAK;sokak;802905
DÜZCE;MERKEZ;BEYKÖY - BEYTEPE;115. SOKAK;sokak;956991
DÜZCE;MERKEZ;BEYKÖY - BEYTEPE;117. SOKAK;sokak;1098520
DÜZCE;MERKEZ;BEYKÖY - BEYTEPE;119. SOKAK;sokak;1098522
DÜZCE;MERKEZ;BEYKÖY - BEYTEPE;1201. SOKAK;sokak;1098528
DÜZCE;MERKEZ;BEYKÖY - BEYTEPE;121. SOKAK;sokak;1098524
DÜZCE;MERKEZ;BEYKÖY - BEYTEPE;123. SOKAK;sokak;311298930
DÜZCE;MERKEZ;BEYKÖY - BEYTEPE;125. SOKAK;sokak;157738490
DÜZCE;MERKEZ;BEYKÖY - BEYTEPE;127. SOKAK;sokak;281274050
DÜZCE;MERKEZ;BEYKÖY - BEYTEPE;129. SOKAK;sokak;446134380
DÜZCE;MERKEZ;BEYKÖY - BEYTEPE;13. CADDE;cadde;849151
DÜZCE;MERKEZ;BEYKÖY - BEYTEPE;1302. SOKAK;sokak;849157
DÜZCE;MERKEZ;BEYKÖY - BEYTEPE;1303. SOKAK;sokak;1098532
DÜZCE;MERKEZ;BEYKÖY - BEYTEPE;1305. SOKAK;sokak;1098534
DÜZCE;MERKEZ;BEYKÖY - BEYTEPE;14. CADDE;cadde;849152
DÜZCE;MERKEZ;BEYKÖY - BEYTEPE;1401. SOKAK;sokak;1376559
DÜZCE;MERKEZ;BEYKÖY - BEYTEPE;1402. SOKAK;sokak;849154
DÜZCE;MERKEZ;BEYKÖY - BEYTEPE;1403. SOKAK;sokak;849155
DÜZCE;MERKEZ;BEYKÖY - BEYTEPE;15. CADDE;cadde;1098526
DÜZCE;MERKEZ;BEYKÖY - BEYTEPE;2007. SOKAK;sokak;1306523
DÜZCE;MERKEZ;BEYKÖY - BEYTEPE;3_1 SOKAK;sokak;774275400
DÜZCE;MERKEZ;BEYKÖY - BEYTEPE;3. CADDE;cadde;153285
DÜZCE;MERKEZ;BEYKÖY - BEYTEPE;301. SOKAK;sokak;956993
DÜZCE;MERKEZ;BEYKÖY - BEYTEPE;302. SOKAK;sokak;857006070
DÜZCE;MERKEZ;BEYKÖY - BEYTEPE;303. SOKAK;sokak;956997
DÜZCE;MERKEZ;BEYKÖY - BEYTEPE;305. SOKAK;sokak;921230
DÜZCE;MERKEZ;BEYKÖY - BEYTEPE;307. SOKAK;sokak;866281
DÜZCE;MERKEZ;BEYKÖY - BEYTEPE;308. SOKAK;sokak;957003
DÜZCE;MERKEZ;BEYKÖY - BEYTEPE;309. SOKAK;sokak;826879
DÜZCE;MERKEZ;BEYKÖY - BEYTEPE;310. SOKAK;sokak;957005
DÜZCE;MERKEZ;BEYKÖY - BEYTEPE;311. SOKAK;sokak;957007
DÜZCE;MERKEZ;BEYKÖY - BEYTEPE;312. SOKAK;sokak;621443320
DÜZCE;MERKEZ;BEYKÖY - BEYTEPE;313. SOKAK;sokak;957009
DÜZCE;MERKEZ;BEYKÖY - BEYTEPE;315. SOKAK;sokak;1098538
DÜZCE;MERKEZ;BEYKÖY - BEYTEPE;316. SOKAK;sokak;787748330
DÜZCE;MERKEZ;BEYKÖY - BEYTEPE;317. SOKAK;sokak;1098542
DÜZCE;MERKEZ;BEYKÖY - BEYTEPE;319. SOKAK;sokak;1098544
DÜZCE;MERKEZ;BEYKÖY - BEYTEPE;320. SOKAK;sokak;314222560
DÜZCE;MERKEZ;BEYKÖY - BEYTEPE;321. SOKAK;sokak;1098548
DÜZCE;MERKEZ;BEYKÖY - BEYTEPE;322. SOKAK;sokak;1379553
DÜZCE;MERKEZ;BEYKÖY - BEYTEPE;323. SOKAK;sokak;1098550
DÜZCE;MERKEZ;BEYKÖY - BEYTEPE;324. SOKAK;sokak;1379555
DÜZCE;MERKEZ;BEYKÖY - BEYTEPE;325. SOKAK;sokak;1098556
DÜZCE;MERKEZ;BEYKÖY - BEYTEPE;327. SOKAK;sokak;1098564
DÜZCE;MERKEZ;BEYKÖY - BEYTEPE;329. SOKAK;sokak;1098566
DÜZCE;MERKEZ;BEYKÖY - BEYTEPE;5. CADDE;cadde;39563
DÜZCE;MERKEZ;BEYKÖY - BEYTEPE;500. SOKAK;sokak;1379619
DÜZCE;MERKEZ;BEYKÖY - BEYTEPE;501. SOKAK;sokak;957011
DÜZCE;MERKEZ;BEYKÖY - BEYTEPE;503. SOKAK;sokak;957015
DÜZCE;MERKEZ;BEYKÖY - BEYTEPE;505. SOKAK;sokak;957017
DÜZCE;MERKEZ;BEYKÖY - BEYTEPE;507. SOKAK;sokak;957019
DÜZCE;MERKEZ;BEYKÖY - BEYTEPE;513 SOKAK;sokak;148515131
DÜZCE;MERKEZ;BEYKÖY - BEYTEPE;7. CADDE;cadde;1381557
DÜZCE;MERKEZ;BEYKÖY - CUMHURİYET;1. CADDE;cadde;153276
DÜZCE;MERKEZ;BEYKÖY - CUMHURİYET;11. CADDE;cadde;956787
DÜZCE;MERKEZ;BEYKÖY - CUMHURİYET;1101. SOKAK;sokak;846329
DÜZCE;MERKEZ;BEYKÖY - CUMHURİYET;1103. SOKAK;sokak;875369
DÜZCE;MERKEZ;BEYKÖY - CUMHURİYET;1105. SOKAK;sokak;956827
DÜZCE;MERKEZ;BEYKÖY - CUMHURİYET;122. SOKAK;sokak;153278
DÜZCE;MERKEZ;BEYKÖY - CUMHURİYET;126_1 SOKAK;sokak;956789
DÜZCE;MERKEZ;BEYKÖY - CUMHURİYET;128. SOKAK;sokak;361162
DÜZCE;MERKEZ;BEYKÖY - CUMHURİYET;177. SOKAK;sokak;797390
DÜZCE;MERKEZ;BEYKÖY - CUMHURİYET;179 SOKAK;sokak;924901
DÜZCE;MERKEZ;BEYKÖY - CUMHURİYET;2. CADDE;cadde;413460
DÜZCE;MERKEZ;BEYKÖY - CUMHURİYET;201. SOKAK;sokak;153277
DÜZCE;MERKEZ;BEYKÖY - CUMHURİYET;203. SOKAK;sokak;956793
DÜZCE;MERKEZ;BEYKÖY - CUMHURİYET;205. SOKAK;sokak;956799
DÜZCE;MERKEZ;BEYKÖY - CUMHURİYET;207. SOKAK;sokak;870033
DÜZCE;MERKEZ;BEYKÖY - CUMHURİYET;209. SOKAK;sokak;956803
DÜZCE;MERKEZ;BEYKÖY - CUMHURİYET;211. SOKAK;sokak;553977
DÜZCE;MERKEZ;BEYKÖY - CUMHURİYET;215. SOKAK;sokak;905174
DÜZCE;MERKEZ;BEYKÖY - CUMHURİYET;218. SOKAK;sokak;469527680
DÜZCE;MERKEZ;BEYKÖY - CUMHURİYET;5. CADDE;cadde;413794
DÜZCE;MERKEZ;BEYKÖY - CUMHURİYET;500. SOKAK;sokak;1379615
DÜZCE;MERKEZ;BEYKÖY - CUMHURİYET;502. SOKAK;sokak;553979
DÜZCE;MERKEZ;BEYKÖY - CUMHURİYET;504. SOKAK;sokak;956811
DÜZCE;MERKEZ;BEYKÖY - CUMHURİYET;506. SOKAK;sokak;956813
DÜZCE;MERKEZ;BEYKÖY - CUMHURİYET;6 . CADDE;cadde;582766
DÜZCE;MERKEZ;BEYKÖY - CUMHURİYET;602. SOKAK;sokak;956815
DÜZCE;MERKEZ;BEYKÖY - CUMHURİYET;604. SOKAK;sokak;1377325
DÜZCE;MERKEZ;BEYKÖY - CUMHURİYET;7. CADDE;cadde;153274
DÜZCE;MERKEZ;BEYKÖY - CUMHURİYET;701. SOKAK;sokak;431694
DÜZCE;MERKEZ;BEYKÖY - CUMHURİYET;702. SOKAK;sokak;956817
DÜZCE;MERKEZ;BEYKÖY - CUMHURİYET;703. SOKAK;sokak;956819
DÜZCE;MERKEZ;BEYKÖY - CUMHURİYET;704. SOKAK;sokak;553505
DÜZCE;MERKEZ;BEYKÖY - CUMHURİYET;706. SOKAK;sokak;1306421
DÜZCE;MERKEZ;BEYKÖY - CUMHURİYET;708. SOKAK;sokak;151176580
DÜZCE;MERKEZ;BEYKÖY - CUMHURİYET;9. CADDE;cadde;361161
DÜZCE;MERKEZ;BEYKÖY - CUMHURİYET;901. SOKAK;sokak;956823
DÜZCE;MERKEZ;BEYKÖY - CUMHURİYET;903. SOKAK;sokak;956825
DÜZCE;MERKEZ;BEYKÖY - CUMHURİYET;905. SOKAK;sokak;873831
DÜZCE;MERKEZ;BEYKÖY - CUMHURİYET;907. SOKAK;sokak;1308643
DÜZCE;MERKEZ;BEYKÖY - CUMHURİYET;909. SOKAK;sokak;1379393
DÜZCE;MERKEZ;BEYKÖY - CUMHURİYET;911. SOKAK;sokak;525790420
DÜZCE;MERKEZ;BEYKÖY - CUMHURİYET;CUMHURİYET ÇIKMAZI SOKAK;sokak;553974
DÜZCE;MERKEZ;BEYKÖY - CUMHURİYET;ÇIKMAZ SOKAK;sokak;548309
DÜZCE;MERKEZ;BEYKÖY - CUMHURİYET OSB2;1 CADDE;cadde;44733533
DÜZCE;MERKEZ;BEYKÖY - CUMHURİYET OSB2;1. SOKAK;sokak;820023
DÜZCE;MERKEZ;BEYKÖY - CUMHURİYET OSB2;2 CADDE;cadde;820022
DÜZCE;MERKEZ;BEYKÖY - CUMHURİYET OSB2;2_1 SOKAK;sokak;820024
DÜZCE;MERKEZ;BEYKÖY - CUMHURİYET OSB2;3 SOKAK;sokak;820025
DÜZCE;MERKEZ;BEYKÖY - CUMHURİYET OSB2;4 SOKAK;sokak;179886920
DÜZCE;MERKEZ;BEYKÖY - CUMHURİYET OSB2;5 SOKAK;sokak;568263990
DÜZCE;MERKEZ;BEYKÖY - CUMHURİYET OSB2;KÖY SOKAK;sokak;820021
DÜZCE;MERKEZ;BEYKÖY - CUMHURİYET OSB2;MERKEZ/1 SOKAK;sokak;306483151
DÜZCE;MERKEZ;BEYKÖY - CUMHURİYET OSB2;YILDIZ SOKAK;sokak;943478
DÜZCE;MERKEZ;BEYKÖY - DEĞİRMENBAŞI;7. CADDE;cadde;201689851
DÜZCE;MERKEZ;BEYKÖY - DEĞİRMENBAŞI;9. CADDE;cadde;918222210
DÜZCE;MERKEZ;BEYKÖY - DEĞİRMENBAŞI;DEĞIRMENBAŞI SOKAK;sokak;528151
DÜZCE;MERKEZ;BEYKÖY - İSTİKLAL;10. CADDE;cadde;1308737
DÜZCE;MERKEZ;BEYKÖY - İSTİKLAL;12. CADDE;cadde;153281
DÜZCE;MERKEZ;BEYKÖY - İSTİKLAL;122. SOKAK;sokak;891304
DÜZCE;MERKEZ;BEYKÖY - İSTİKLAL;16 . CADDE;cadde;838215610
DÜZCE;MERKEZ;BEYKÖY - İSTİKLAL;165. SOKAK;sokak;810390340
DÜZCE;MERKEZ;BEYKÖY - İSTİKLAL;167. SOKAK;sokak;259979660
DÜZCE;MERKEZ;BEYKÖY - İSTİKLAL;169. SOKAK;sokak;1306507
DÜZCE;MERKEZ;BEYKÖY - İSTİKLAL;171. SOKAK;sokak;1377375
DÜZCE;MERKEZ;BEYKÖY - İSTİKLAL;173. SOKAK;sokak;1306511
DÜZCE;MERKEZ;BEYKÖY - İSTİKLAL;175. SOKAK;sokak;810351490
DÜZCE;MERKEZ;BEYKÖY - İSTİKLAL;176. SOKAK;sokak;259943690
DÜZCE;MERKEZ;BEYKÖY - İSTİKLAL;181. SOKAK;sokak;307238520
DÜZCE;MERKEZ;BEYKÖY - İSTİKLAL;183. SOKAK;sokak;333600740
DÜZCE;MERKEZ;BEYKÖY - İSTİKLAL;185. SOKAK;sokak;333118120
DÜZCE;MERKEZ;BEYKÖY - İSTİKLAL;187. SOKAK;sokak;155072880
DÜZCE;MERKEZ;BEYKÖY - İSTİKLAL;189. SOKAK;sokak;580128400
DÜZCE;MERKEZ;BEYKÖY - İSTİKLAL;190. SOKAK;sokak;396070150
DÜZCE;MERKEZ;BEYKÖY - İSTİKLAL;191. SOKAK;sokak;76610674
DÜZCE;MERKEZ;BEYKÖY - İSTİKLAL;193. SOKAK;sokak;260637190
DÜZCE;MERKEZ;BEYKÖY - İSTİKLAL;6 . CADDE;cadde;361163
DÜZCE;MERKEZ;BEYKÖY - İSTİKLAL;600. SOKAK;sokak;1382401
DÜZCE;MERKEZ;BEYKÖY - İSTİKLAL;607. SOKAK;sokak;153279
DÜZCE;MERKEZ;BEYKÖY - İSTİKLAL;609. SOKAK;sokak;153282
DÜZCE;MERKEZ;BEYKÖY - İSTİKLAL;610. SOKAK;sokak;413796
DÜZCE;MERKEZ;BEYKÖY - İSTİKLAL;611. SOKAK;sokak;956947
DÜZCE;MERKEZ;BEYKÖY - İSTİKLAL;612. SOKAK;sokak;956949
DÜZCE;MERKEZ;BEYKÖY - İSTİKLAL;613. SOKAK;sokak;331577
DÜZCE;MERKEZ;BEYKÖY - İSTİKLAL;614. SOKAK;sokak;956951
DÜZCE;MERKEZ;BEYKÖY - İSTİKLAL;615. SOKAK;sokak;956953
DÜZCE;MERKEZ;BEYKÖY - İSTİKLAL;616. SOKAK;sokak;956955
DÜZCE;MERKEZ;BEYKÖY - İSTİKLAL;617. SOKAK;sokak;413795
DÜZCE;MERKEZ;BEYKÖY - İSTİKLAL;618. SOKAK;sokak;716693110
DÜZCE;MERKEZ;BEYKÖY - İSTİKLAL;619. SOKAK;sokak;956959
DÜZCE;MERKEZ;BEYKÖY - İSTİKLAL;620. SOKAK;sokak;956961
DÜZCE;MERKEZ;BEYKÖY - İSTİKLAL;622. SOKAK;sokak;153280
DÜZCE;MERKEZ;BEYKÖY - İSTİKLAL;624. SOKAK;sokak;956967
DÜZCE;MERKEZ;BEYKÖY - İSTİKLAL;626. SOKAK;sokak;956969
DÜZCE;MERKEZ;BEYKÖY - İSTİKLAL;627. SOKAK;sokak;1379717
DÜZCE;MERKEZ;BEYKÖY - İSTİKLAL;628. SOKAK;sokak;956971
DÜZCE;MERKEZ;BEYKÖY - İSTİKLAL;630. SOKAK;sokak;956973
DÜZCE;MERKEZ;BEYKÖY - İSTİKLAL;631. SOKAK;sokak;1401085
DÜZCE;MERKEZ;BEYKÖY - İSTİKLAL;632. SOKAK;sokak;621146240
DÜZCE;MERKEZ;BEYKÖY - İSTİKLAL;633. SOKAK;sokak;176105770
DÜZCE;MERKEZ;BEYKÖY - İSTİKLAL;634. SOKAK;sokak;356940820
DÜZCE;MERKEZ;BEYKÖY - İSTİKLAL;636. SOKAK;sokak;932012670
DÜZCE;MERKEZ;BEYKÖY - İSTİKLAL;638. SOKAK;sokak;811029150
DÜZCE;MERKEZ;BEYKÖY - İSTİKLAL OSB1;1 CADDE;cadde;810328
DÜZCE;MERKEZ;BEYKÖY - İSTİKLAL OSB1;1. SOKAK;sokak;278114
DÜZCE;MERKEZ;BEYKÖY - İSTİKLAL OSB1;1/1 CADDE;cadde;382295481
DÜZCE;MERKEZ;BEYKÖY - İSTİKLAL OSB1;10. SOKAK;sokak;810728
DÜZCE;MERKEZ;BEYKÖY - İSTİKLAL OSB1;11. SOKAK;sokak;820019
DÜZCE;MERKEZ;BEYKÖY - İSTİKLAL OSB1;12. SOKAK;sokak;820020
DÜZCE;MERKEZ;BEYKÖY - İSTİKLAL OSB1;2 CADDE;cadde;816469
DÜZCE;MERKEZ;BEYKÖY - İSTİKLAL OSB1;2. SOKAK;sokak;810720
DÜZCE;MERKEZ;BEYKÖY - İSTİKLAL OSB1;3 CADDE;cadde;810685
DÜZCE;MERKEZ;BEYKÖY - İSTİKLAL OSB1;3. SOKAK;sokak;810721
DÜZCE;MERKEZ;BEYKÖY - İSTİKLAL OSB1;4 CADDE;cadde;819995
DÜZCE;MERKEZ;BEYKÖY - İSTİKLAL OSB1;4. SOKAK;sokak;810722
DÜZCE;MERKEZ;BEYKÖY - İSTİKLAL OSB1;5 CADDE;cadde;820015
DÜZCE;MERKEZ;BEYKÖY - İSTİKLAL OSB1;5. SOKAK;sokak;810723
DÜZCE;MERKEZ;BEYKÖY - İSTİKLAL OSB1;5/1 SOKAK;sokak;769767860
DÜZCE;MERKEZ;BEYKÖY - İSTİKLAL OSB1;5/3 SOKAK;sokak;866999491
DÜZCE;MERKEZ;BEYKÖY - İSTİKLAL OSB1;6 CADDE;cadde;820016
DÜZCE;MERKEZ;BEYKÖY - İSTİKLAL OSB1;6. SOKAK;sokak;810724
DÜZCE;MERKEZ;BEYKÖY - İSTİKLAL OSB1;6/1 SOKAK;sokak;655696910
DÜZCE;MERKEZ;BEYKÖY - İSTİKLAL OSB1;7 CADDE;cadde;820017
DÜZCE;MERKEZ;BEYKÖY - İSTİKLAL OSB1;7. SOKAK;sokak;810725
DÜZCE;MERKEZ;BEYKÖY - İSTİKLAL OSB1;8 CADDE;cadde;820018
DÜZCE;MERKEZ;BEYKÖY - İSTİKLAL OSB1;8. SOKAK;sokak;810726
DÜZCE;MERKEZ;BEYKÖY - İSTİKLAL OSB1;9. SOKAK;sokak;810727
DÜZCE;MERKEZ;BEYKÖY - İSTİKLAL OSB1;DURAKLAR KÜME EVLER;sokak;118926921
DÜZCE;MERKEZ;BEYKÖY - KÜLTÜR;10. CADDE;cadde;547793
DÜZCE;MERKEZ;BEYKÖY - KÜLTÜR;1000. SOKAK;sokak;177967070
DÜZCE;MERKEZ;BEYKÖY - KÜLTÜR;1001. SOKAK;sokak;525766
DÜZCE;MERKEZ;BEYKÖY - KÜLTÜR;1002. SOKAK;sokak;1308659
DÜZCE;MERKEZ;BEYKÖY - KÜLTÜR;1003. SOKAK;sokak;956861
DÜZCE;MERKEZ;BEYKÖY - KÜLTÜR;1005. SOKAK;sokak;1308661
DÜZCE;MERKEZ;BEYKÖY - KÜLTÜR;12. CADDE;cadde;868983
DÜZCE;MERKEZ;BEYKÖY - KÜLTÜR;122. SOKAK;sokak;891402
DÜZCE;MERKEZ;BEYKÖY - KÜLTÜR;163. SOKAK;sokak;241852330
DÜZCE;MERKEZ;BEYKÖY - KÜLTÜR;173. SOKAK;sokak;808419010
DÜZCE;MERKEZ;BEYKÖY - KÜLTÜR;2. CADDE;cadde;527563
DÜZCE;MERKEZ;BEYKÖY - KÜLTÜR;202. SOKAK;sokak;526664
DÜZCE;MERKEZ;BEYKÖY - KÜLTÜR;204. SOKAK;sokak;546015
DÜZCE;MERKEZ;BEYKÖY - KÜLTÜR;206. SOKAK;sokak;1308647
DÜZCE;MERKEZ;BEYKÖY - KÜLTÜR;208. SOKAK;sokak;846333
DÜZCE;MERKEZ;BEYKÖY - KÜLTÜR;210. SOKAK;sokak;191756780
DÜZCE;MERKEZ;BEYKÖY - KÜLTÜR;212. SOKAK;sokak;205162580
DÜZCE;MERKEZ;BEYKÖY - KÜLTÜR;214. SOKAK;sokak;381719550
DÜZCE;MERKEZ;BEYKÖY - KÜLTÜR;216. SOKAK;sokak;398935650
DÜZCE;MERKEZ;BEYKÖY - KÜLTÜR;218. SOKAK;sokak;814114490
DÜZCE;MERKEZ;BEYKÖY - KÜLTÜR;6 . CADDE;cadde;525764
DÜZCE;MERKEZ;BEYKÖY - KÜLTÜR;600. SOKAK;sokak;1382399
DÜZCE;MERKEZ;BEYKÖY - KÜLTÜR;601. SOKAK;sokak;528001
DÜZCE;MERKEZ;BEYKÖY - KÜLTÜR;603. SOKAK;sokak;525768
DÜZCE;MERKEZ;BEYKÖY - KÜLTÜR;604. SOKAK;sokak;956851
DÜZCE;MERKEZ;BEYKÖY - KÜLTÜR;605. SOKAK;sokak;956853
DÜZCE;MERKEZ;BEYKÖY - KÜLTÜR;606. SOKAK;sokak;1379337
DÜZCE;MERKEZ;BEYKÖY - KÜLTÜR;608. SOKAK;sokak;956857
DÜZCE;MERKEZ;BEYKÖY - KÜLTÜR;8. CADDE;cadde;547794
DÜZCE;MERKEZ;BEYKÖY - KÜLTÜR;802. SOKAK;sokak;956859
DÜZCE;MERKEZ;BEYKÖY - KÜLTÜR;804. SOKAK;sokak;527998
DÜZCE;MERKEZ;BEYKÖY - YENİ;1. CADDE;cadde;413797
DÜZCE;MERKEZ;BEYKÖY - YENİ;102. SOKAK;sokak;956737
DÜZCE;MERKEZ;BEYKÖY - YENİ;104. SOKAK;sokak;956741
DÜZCE;MERKEZ;BEYKÖY - YENİ;106. SOKAK;sokak;153284
DÜZCE;MERKEZ;BEYKÖY - YENİ;108. SOKAK;sokak;956743
DÜZCE;MERKEZ;BEYKÖY - YENİ;110. SOKAK;sokak;849599
DÜZCE;MERKEZ;BEYKÖY - YENİ;112. SOKAK;sokak;153286
DÜZCE;MERKEZ;BEYKÖY - YENİ;114. SOKAK;sokak;956755
DÜZCE;MERKEZ;BEYKÖY - YENİ;116. SOKAK;sokak;956757
DÜZCE;MERKEZ;BEYKÖY - YENİ;118. SOKAK;sokak;956759
DÜZCE;MERKEZ;BEYKÖY - YENİ;120. SOKAK;sokak;543390
DÜZCE;MERKEZ;BEYKÖY - YENİ;122. SOKAK;sokak;153287
DÜZCE;MERKEZ;BEYKÖY - YENİ;124. SOKAK;sokak;326661
DÜZCE;MERKEZ;BEYKÖY - YENİ;126 SOKAK;sokak;1306515
DÜZCE;MERKEZ;BEYKÖY - YENİ;128_1 SOKAK;sokak;1306517
DÜZCE;MERKEZ;BEYKÖY - YENİ;130. SOKAK;sokak;1306519
DÜZCE;MERKEZ;BEYKÖY - YENİ;140 SOKAK;sokak;394215321
DÜZCE;MERKEZ;BEYKÖY - YENİ;16 . CADDE;cadde;200517510
DÜZCE;MERKEZ;BEYKÖY - YENİ;160. SOKAK;sokak;452291430
DÜZCE;MERKEZ;BEYKÖY - YENİ;161. SOKAK;sokak;584269170
DÜZCE;MERKEZ;BEYKÖY - YENİ;162. SOKAK;sokak;836428760
DÜZCE;MERKEZ;BEYKÖY - YENİ;164. SOKAK;sokak;1306521
DÜZCE;MERKEZ;BEYKÖY - YENİ;166. SOKAK;sokak;126163630
DÜZCE;MERKEZ;BEYKÖY - YENİ;168. SOKAK;sokak;281353820
DÜZCE;MERKEZ;BEYKÖY - YENİ;170. SOKAK;sokak;430212030
DÜZCE;MERKEZ;BEYKÖY - YENİ;172. SOKAK;sokak;471129660
DÜZCE;MERKEZ;BEYKÖY - YENİ;174. SOKAK;sokak;126354050
DÜZCE;MERKEZ;BEYKÖY - YENİ;178. SOKAK;sokak;857323940
DÜZCE;MERKEZ;BEYKÖY - YENİ;180. SOKAK;sokak;296543990
DÜZCE;MERKEZ;BEYKÖY - YENİ;182. SOKAK;sokak;870164990
DÜZCE;MERKEZ;BEYKÖY - YENİ;184. SOKAK;sokak;247825260
DÜZCE;MERKEZ;BEYKÖY - YENİ;186. SOKAK;sokak;157414810
DÜZCE;MERKEZ;BEYKÖY - YENİ;190. SOKAK;sokak;246268220
DÜZCE;MERKEZ;BEYKÖY - YENİ;195. SOKAK;sokak;810431270
DÜZCE;MERKEZ;BEYKÖY - YENİ;197. SOKAK;sokak;925940350
DÜZCE;MERKEZ;BEYKÖY - YENİ;4. CADDE;cadde;39568
DÜZCE;MERKEZ;BEYKÖY - YENİ;401. SOKAK;sokak;956763
DÜZCE;MERKEZ;BEYKÖY - YENİ;402. SOKAK;sokak;956765
DÜZCE;MERKEZ;BEYKÖY - YENİ;403. SOKAK;sokak;956767
DÜZCE;MERKEZ;BEYKÖY - YENİ;404. SOKAK;sokak;956773
DÜZCE;MERKEZ;BEYKÖY - YENİ;405. SOKAK;sokak;956775
DÜZCE;MERKEZ;BEYKÖY - YENİ;406. SOKAK;sokak;848985
DÜZCE;MERKEZ;BEYKÖY - YENİ;407. SOKAK;sokak;956777
DÜZCE;MERKEZ;BEYKÖY - YENİ;408. SOKAK;sokak;1306513
DÜZCE;MERKEZ;BEYKÖY - YENİ;409. SOKAK;sokak;956779
DÜZCE;MERKEZ;BEYKÖY - YENİ;626. SOKAK;sokak;125830840
DÜZCE;MERKEZ;BEYKÖY - YENİ;630. SOKAK;sokak;1399649
DÜZCE;MERKEZ;BOĞAZİÇİ - BALLAR;200 CADDE;cadde;1335791
DÜZCE;MERKEZ;BOĞAZİÇİ - BALLAR;300 CADDE;cadde;410123
DÜZCE;MERKEZ;BOĞAZİÇİ - BALLAR;307 SOKAK;sokak;748311651
DÜZCE;MERKEZ;BOĞAZİÇİ - BALLAR;501 SOKAK;sokak;161712
DÜZCE;MERKEZ;BOĞAZİÇİ - BALLAR;502 SOKAK;sokak;161710
DÜZCE;MERKEZ;BOĞAZİÇİ - BALLAR;503 SOKAK;sokak;161711
DÜZCE;MERKEZ;BOĞAZİÇİ - BALLAR;504 SOKAK;sokak;410122
DÜZCE;MERKEZ;BOĞAZİÇİ - BALLAR;505 SOKAK;sokak;1335695
DÜZCE;MERKEZ;BOĞAZİÇİ - BALLAR;506 SOKAK;sokak;1335797
DÜZCE;MERKEZ;BOĞAZİÇİ - BALLAR;611 SOKAK;sokak;444651691
DÜZCE;MERKEZ;BOĞAZİÇİ - ÇAYIRTARLA;300 CADDE;cadde;695116
DÜZCE;MERKEZ;BOĞAZİÇİ - ÇAYIRTARLA;502 SOKAK;sokak;1335737
DÜZCE;MERKEZ;BOĞAZİÇİ - ÇAYIRTARLA;504 SOKAK;sokak;1335717
DÜZCE;MERKEZ;BOĞAZİÇİ - ÇAYIRTARLA;601 SOKAK;sokak;161715
DÜZCE;MERKEZ;BOĞAZİÇİ - ÇAYIRTARLA;602 SOKAK;sokak;161716
DÜZCE;MERKEZ;BOĞAZİÇİ - ÇAYIRTARLA;603 SOKAK;sokak;161714
DÜZCE;MERKEZ;BOĞAZİÇİ - ÇAYIRTARLA;604 SOKAK;sokak;161713
DÜZCE;MERKEZ;BOĞAZİÇİ - ÇAYIRTARLA;605 SOKAK;sokak;358231
DÜZCE;MERKEZ;BOĞAZİÇİ - ÇAYIRTARLA;606 SOKAK;sokak;696249
DÜZCE;MERKEZ;BOĞAZİÇİ - ÇAYIRTARLA;607 SOKAK;sokak;410124
DÜZCE;MERKEZ;BOĞAZİÇİ - ÇAYIRTARLA;608 SOKAK;sokak;1335719
DÜZCE;MERKEZ;BOĞAZİÇİ - ÇAYIRTARLA;609 SOKAK;sokak;1335721
DÜZCE;MERKEZ;BOĞAZİÇİ - ÇAYIRTARLA;610 SOKAK;sokak;1335731
DÜZCE;MERKEZ;BOĞAZİÇİ - ÇAYIRTARLA;611 SOKAK;sokak;423545481
DÜZCE;MERKEZ;BOĞAZİÇİ - ÇAYIRTARLA;612 SOKAK;sokak;968766931
DÜZCE;MERKEZ;BOĞAZİÇİ - ÇAYIRTARLA;613 SOKAK;sokak;214924751
DÜZCE;MERKEZ;BOĞAZİÇİ - ÇAYIRTARLA;ŞEKERPINAR2 SOKAK;sokak;588577310
DÜZCE;MERKEZ;BOĞAZİÇİ - DOKUZPINAR;101 CADDE;cadde;410125
DÜZCE;MERKEZ;BOĞAZİÇİ - DOKUZPINAR;401 SOKAK;sokak;161717
DÜZCE;MERKEZ;BOĞAZİÇİ - DOKUZPINAR;402 SOKAK;sokak;546058
DÜZCE;MERKEZ;BOĞAZİÇİ - DOKUZPINAR;403 SOKAK;sokak;115868
DÜZCE;MERKEZ;BOĞAZİÇİ - DOKUZPINAR;404- SOKAK;sokak;733281
DÜZCE;MERKEZ;BOĞAZİÇİ - DOKUZPINAR;DOKUZPINAR1 SOKAK;sokak;380900491
DÜZCE;MERKEZ;BOĞAZİÇİ - DOKUZPINAR;DOKUZPINAR3 SOKAK;sokak;638125490
DÜZCE;MERKEZ;BOĞAZİÇİ - DOKUZPINAR;DUMLUPINAR2 SOKAK;sokak;706357761
DÜZCE;MERKEZ;BOĞAZİÇİ - DOKUZPINAR;ŞEKERPINAR3 SOKAK;sokak;505254840
DÜZCE;MERKEZ;BOĞAZİÇİ - KABALAK;101 CADDE;cadde;122623580
DÜZCE;MERKEZ;BOĞAZİÇİ - KABALAK;404 SOKAK;sokak;167051211
DÜZCE;MERKEZ;BOĞAZİÇİ - KABALAK;405 SOKAK;sokak;789490700
DÜZCE;MERKEZ;BOĞAZİÇİ - KABALAK;700 CADDE;cadde;574291
DÜZCE;MERKEZ;BOĞAZİÇİ - KABALAK;701 CADDE;cadde;575284
DÜZCE;MERKEZ;BOĞAZİÇİ - KABALAK;702 CADDE;cadde;571396
DÜZCE;MERKEZ;BOĞAZİÇİ - KABALAK;703 SOKAK;sokak;577809
DÜZCE;MERKEZ;BOĞAZİÇİ - KABALAK;704 SOKAK;sokak;85821
DÜZCE;MERKEZ;BOĞAZİÇİ - KABALAK;ŞEHIT BEŞİR BAYRAKTAR CADDE;cadde;576071
DÜZCE;MERKEZ;BOĞAZİÇİ - ŞEKERPINAR;101 CADDE;cadde;161719
DÜZCE;MERKEZ;BOĞAZİÇİ - ŞEKERPINAR;103 SOKAK;sokak;161720
DÜZCE;MERKEZ;BOĞAZİÇİ - ŞEKERPINAR;113 SOKAK;sokak;852300
DÜZCE;MERKEZ;BOĞAZİÇİ - ŞEKERPINAR;200 CADDE;cadde;161721
DÜZCE;MERKEZ;BOĞAZİÇİ - ŞEKERPINAR;201 SOKAK;sokak;161718
DÜZCE;MERKEZ;BOĞAZİÇİ - ŞEKERPINAR;202 SOKAK;sokak;410127
DÜZCE;MERKEZ;BOĞAZİÇİ - ŞEKERPINAR;204 SOKAK;sokak;161722
DÜZCE;MERKEZ;BOĞAZİÇİ - ŞEKERPINAR;205 SOKAK;sokak;410126
DÜZCE;MERKEZ;BOĞAZİÇİ - ŞEKERPINAR;206 SOKAK;sokak;161723
DÜZCE;MERKEZ;BOĞAZİÇİ - ŞEKERPINAR;207 SOKAK;sokak;668615
DÜZCE;MERKEZ;BOĞAZİÇİ - ŞEKERPINAR;208. SOKAK;sokak;887224
DÜZCE;MERKEZ;BOĞAZİÇİ - ŞEKERPINAR;209 SOKAK;sokak;806559961
DÜZCE;MERKEZ;BOĞAZİÇİ - ŞEKERPINAR;210 SOKAK;sokak;502549031
DÜZCE;MERKEZ;BOĞAZİÇİ - ŞEKERPINAR;211 SOKAK;sokak;582042721
DÜZCE;MERKEZ;BOĞAZİÇİ - ŞEKERPINAR;212 SOKAK;sokak;478527441
DÜZCE;MERKEZ;BOĞAZİÇİ - ŞEKERPINAR;308 CADDE;cadde;213730141
DÜZCE;MERKEZ;BOĞAZİÇİ - ŞEKERPINAR;502 SOKAK;sokak;1335795
DÜZCE;MERKEZ;BOĞAZİÇİ - ŞEKERPINAR;ŞEKERPINAR1 SOKAK;sokak;386430781
DÜZCE;MERKEZ;BOĞAZİÇİ - ŞEKERPINAR;ŞEKERPINAR2 SOKAK;sokak;121743631
DÜZCE;MERKEZ;BOĞAZİÇİ - ŞEKERPINAR;ŞEKERPINAR3 SOKAK;sokak;601556290
DÜZCE;MERKEZ;BOĞAZİÇİ - ŞEKERPINAR;ŞEKERPINAR4 SOKAK;sokak;316798141
DÜZCE;MERKEZ;BOĞAZİÇİ - YAZLIK;100 CADDE;cadde;1335751
DÜZCE;MERKEZ;BOĞAZİÇİ - YAZLIK;101 CADDE;cadde;161724
DÜZCE;MERKEZ;BOĞAZİÇİ - YAZLIK;102 CADDE;cadde;161731
DÜZCE;MERKEZ;BOĞAZİÇİ - YAZLIK;103 SOKAK;sokak;161726
DÜZCE;MERKEZ;BOĞAZİÇİ - YAZLIK;104 SOKAK;sokak;161732
DÜZCE;MERKEZ;BOĞAZİÇİ - YAZLIK;105 SOKAK;sokak;161727
DÜZCE;MERKEZ;BOĞAZİÇİ - YAZLIK;106 SOKAK;sokak;631939
DÜZCE;MERKEZ;BOĞAZİÇİ - YAZLIK;107 SOKAK;sokak;161729
DÜZCE;MERKEZ;BOĞAZİÇİ - YAZLIK;108 SOKAK;sokak;161728
DÜZCE;MERKEZ;BOĞAZİÇİ - YAZLIK;109 SOKAK;sokak;161730
DÜZCE;MERKEZ;BOĞAZİÇİ - YAZLIK;110 SOKAK;sokak;410128
DÜZCE;MERKEZ;BOĞAZİÇİ - YAZLIK;111 SOKAK;sokak;464464
DÜZCE;MERKEZ;BOĞAZİÇİ - YAZLIK;112 SOKAK;sokak;410129
DÜZCE;MERKEZ;BOĞAZİÇİ - YAZLIK;113 SOKAK;sokak;161725
DÜZCE;MERKEZ;BOĞAZİÇİ - YAZLIK;114 SOKAK;sokak;410130
DÜZCE;MERKEZ;BOĞAZİÇİ - YAZLIK;115 SOKAK;sokak;1084546
DÜZCE;MERKEZ;BOĞAZİÇİ - YAZLIK;116 SOKAK;sokak;1322025
DÜZCE;MERKEZ;BOĞAZİÇİ - YAZLIK;117 SOKAK;sokak;1322005
DÜZCE;MERKEZ;BOĞAZİÇİ - YAZLIK;119 SOKAK;sokak;1335711
DÜZCE;MERKEZ;BOĞAZİÇİ - YAZLIK;120 SOKAK;sokak;1335713
DÜZCE;MERKEZ;BOĞAZİÇİ - YAZLIK;200 CADDE;cadde;1032329
DÜZCE;MERKEZ;BOĞAZİÇİ - YAZLIK;300 CADDE;cadde;727256411
DÜZCE;MERKEZ;BOĞAZİÇİ - YAZLIK;308 CADDE;cadde;791468251
DÜZCE;MERKEZ;BOĞAZİÇİ - YAZLIK;311 CADDE;cadde;245339031
DÜZCE;MERKEZ;BOĞAZİÇİ - YAZLIK;704 SOKAK;sokak;873463591
DÜZCE;MERKEZ;BOĞAZİÇİ - YAZLIK;TURAN KURT SOKAK;sokak;1335715
DÜZCE;MERKEZ;BOĞAZİÇİ - YEŞİLKÖY;101 CADDE;cadde;246348
DÜZCE;MERKEZ;BOĞAZİÇİ - YEŞİLKÖY;114 SOKAK;sokak;1335823
DÜZCE;MERKEZ;BOĞAZİÇİ - YEŞİLKÖY;300 CADDE;cadde;410131
DÜZCE;MERKEZ;BOĞAZİÇİ - YEŞİLKÖY;301 SOKAK;sokak;246350
DÜZCE;MERKEZ;BOĞAZİÇİ - YEŞİLKÖY;302 SOKAK;sokak;161734
DÜZCE;MERKEZ;BOĞAZİÇİ - YEŞİLKÖY;303 SOKAK;sokak;246351
DÜZCE;MERKEZ;BOĞAZİÇİ - YEŞİLKÖY;304 SOKAK;sokak;161733
DÜZCE;MERKEZ;BOĞAZİÇİ - YEŞİLKÖY;305 SOKAK;sokak;161735
DÜZCE;MERKEZ;BOĞAZİÇİ - YEŞİLKÖY;306 SOKAK;sokak;161736
DÜZCE;MERKEZ;BOĞAZİÇİ - YEŞİLKÖY;307 SOKAK;sokak;1335821
DÜZCE;MERKEZ;BOĞAZİÇİ - YEŞİLKÖY;308 CADDE;cadde;374902081
DÜZCE;MERKEZ;BOĞAZİÇİ - YEŞİLKÖY;309 CADDE;cadde;910870801
DÜZCE;MERKEZ;BOĞAZİÇİ - YEŞİLKÖY;310 CADDE;cadde;555807571
DÜZCE;MERKEZ;BOĞAZİÇİ - YEŞİLKÖY;311 CADDE;cadde;350403361
DÜZCE;MERKEZ;BOĞAZİÇİ - YEŞİLKÖY;312 SOKAK;sokak;341869321
DÜZCE;MERKEZ;BOĞAZİÇİ - YEŞİLKÖY;313 SOKAK;sokak;787658561
DÜZCE;MERKEZ;BOĞAZİÇİ - YEŞİLKÖY;314 SOKAK;sokak;798375221
DÜZCE;MERKEZ;BOĞAZİÇİ - YEŞİLKÖY;TURAN KURT SOKAK;sokak;1335825
DÜZCE;MERKEZ;BOSTANLIK NA;ANADOLU OTOYOLU BULVAR;sokak;264731320
DÜZCE;MERKEZ;BOSTANLIK NA;BOSTANLIK KÜME EVLER;sokak;527691
DÜZCE;MERKEZ;BOSTANLIK NA;HÜRRİYET KÜME EVLER;sokak;507251750
DÜZCE;MERKEZ;BURHANİYE;264. SOKAK;sokak;727458
DÜZCE;MERKEZ;BURHANİYE;265. SOKAK;sokak;370905
DÜZCE;MERKEZ;BURHANİYE;266. SOKAK;sokak;935702
DÜZCE;MERKEZ;BURHANİYE;267. SOKAK;sokak;370916
DÜZCE;MERKEZ;BURHANİYE;280. SOKAK;sokak;838966
DÜZCE;MERKEZ;BURHANİYE;283. BULVAR;sokak;652313
DÜZCE;MERKEZ;BURHANİYE;284. SOKAK;sokak;132809041
DÜZCE;MERKEZ;BURHANİYE;290. SOKAK;sokak;835036
DÜZCE;MERKEZ;BURHANİYE;AFYON SOKAK;sokak;154545
DÜZCE;MERKEZ;BURHANİYE;ATATÜRK BULVAR;sokak;154546
DÜZCE;MERKEZ;BURHANİYE;BAKLA SOKAK;sokak;154547
DÜZCE;MERKEZ;BURHANİYE;BOLU CADDE;cadde;154548
DÜZCE;MERKEZ;BURHANİYE;D 100 KARAYOLU CADDE;cadde;154550
DÜZCE;MERKEZ;BURHANİYE;DUMLUPINAR SOKAK;sokak;641201
DÜZCE;MERKEZ;BURHANİYE;DÜZ SOKAK;sokak;154552
DÜZCE;MERKEZ;BURHANİYE;ERDOĞMUŞ SOKAK;sokak;154553
DÜZCE;MERKEZ;BURHANİYE;FİDANCI SOKAK;sokak;154554
DÜZCE;MERKEZ;BURHANİYE;GENERAL KAZIM SOKAK;sokak;154555
DÜZCE;MERKEZ;BURHANİYE;İSTİKLAL CADDE;cadde;154565
DÜZCE;MERKEZ;BURHANİYE;KİRAZ SOKAK;sokak;154556
DÜZCE;MERKEZ;BURHANİYE;METEK SOKAK;sokak;154557
DÜZCE;MERKEZ;BURHANİYE;NECMETTİN TAYHAN SOKAK;sokak;564038
DÜZCE;MERKEZ;BURHANİYE;SIHHİYE SOKAK;sokak;154560
DÜZCE;MERKEZ;BURHANİYE;ŞEHİT PİYADE ER TUNCAY AYDIN SOKAK;sokak;407452
DÜZCE;MERKEZ;BURHANİYE;ŞEHİT RUHSAR CADDE;cadde;154566
DÜZCE;MERKEZ;BURHANİYE;ŞENGÜL SOKAK;sokak;354708
DÜZCE;MERKEZ;BURHANİYE;T. TAYHAN SOKAK;sokak;154562
DÜZCE;MERKEZ;BURHANİYE;TAVUS SOKAK;sokak;154563
DÜZCE;MERKEZ;BÜYÜKAÇMA NA;1. SOKAK;sokak;90142
DÜZCE;MERKEZ;BÜYÜKAÇMA NA;10. SOKAK;sokak;1352735
DÜZCE;MERKEZ;BÜYÜKAÇMA NA;11. SOKAK;sokak;1352737
DÜZCE;MERKEZ;BÜYÜKAÇMA NA;12. SOKAK;sokak;1352739
DÜZCE;MERKEZ;BÜYÜKAÇMA NA;13. SOKAK;sokak;1352743
DÜZCE;MERKEZ;BÜYÜKAÇMA NA;14. SOKAK;sokak;1352741
DÜZCE;MERKEZ;BÜYÜKAÇMA NA;15. SOKAK;sokak;1352745
DÜZCE;MERKEZ;BÜYÜKAÇMA NA;16. SOKAK;sokak;1352747
DÜZCE;MERKEZ;BÜYÜKAÇMA NA;17. SOKAK;sokak;1352749
DÜZCE;MERKEZ;BÜYÜKAÇMA NA;2. SOKAK;sokak;560196
DÜZCE;MERKEZ;BÜYÜKAÇMA NA;3. SOKAK;sokak;560197
DÜZCE;MERKEZ;BÜYÜKAÇMA NA;4. SOKAK;sokak;560198
DÜZCE;MERKEZ;BÜYÜKAÇMA NA;5. SOKAK;sokak;264197
DÜZCE;MERKEZ;BÜYÜKAÇMA NA;6. SOKAK;sokak;569296
DÜZCE;MERKEZ;BÜYÜKAÇMA NA;7. SOKAK;sokak;90146
DÜZCE;MERKEZ;BÜYÜKAÇMA NA;8. SOKAK;sokak;1352707
DÜZCE;MERKEZ;BÜYÜKAÇMA NA;9. SOKAK;sokak;1352733
DÜZCE;MERKEZ;BÜYÜKAÇMA NA;ANADOLU OTOYOLU BULVAR;sokak;398219701
DÜZCE;MERKEZ;BÜYÜKAÇMA NA;KÖY SOKAK;sokak;487941
DÜZCE;MERKEZ;CAMİKEBİR;657. SOKAK;sokak;407456
DÜZCE;MERKEZ;CAMİKEBİR;659. BULVAR;sokak;154574
DÜZCE;MERKEZ;CAMİKEBİR;ALEMDAR SOKAK;sokak;154567
DÜZCE;MERKEZ;CAMİKEBİR;CEVAT ŞAHİN SOKAK;sokak;407453
DÜZCE;MERKEZ;CAMİKEBİR;GÜN SOKAK;sokak;154569
DÜZCE;MERKEZ;CAMİKEBİR;GÜNEY SOKAK;sokak;154570
DÜZCE;MERKEZ;CAMİKEBİR;HAFIZ HASAN EFENDİ CADDE;cadde;407454
DÜZCE;MERKEZ;CAMİKEBİR;İSTANBUL CADDE;cadde;154899
DÜZCE;MERKEZ;CAMİKEBİR;KONURALP SOKAK;sokak;407455
DÜZCE;MERKEZ;CAMİKEBİR;KUYUMCUZADE BULVAR;sokak;675656
DÜZCE;MERKEZ;CAMİKEBİR;MAREŞAL FEVZİ ÇAKMAK SOKAK;sokak;154575
DÜZCE;MERKEZ;CAMİKEBİR;MEHMET GÖSTERİŞLİ SOKAK;sokak;154896
DÜZCE;MERKEZ;CAMİKEBİR;MURAT REİS SOKAK;sokak;154897
DÜZCE;MERKEZ;CAMİKEBİR;NURETTİN ZAFER SOKAK;sokak;407457
DÜZCE;MERKEZ;CAMİKEBİR;RIHTIM CADDE;cadde;407458
DÜZCE;MERKEZ;CAMİKEBİR;SANTRAL SOKAK;sokak;154898
DÜZCE;MERKEZ;CAMİKEBİR;ŞEN SOKAK;sokak;154900
DÜZCE;MERKEZ;CEDİDİYE;348. SOKAK;sokak;838703
DÜZCE;MERKEZ;CEDİDİYE;353. SOKAK;sokak;321219
DÜZCE;MERKEZ;CEDİDİYE;365. SOKAK;sokak;935722
DÜZCE;MERKEZ;CEDİDİYE;374. SOKAK;sokak;154903
DÜZCE;MERKEZ;CEDİDİYE;5468. SOKAK;sokak;485201420
DÜZCE;MERKEZ;CEDİDİYE;AYNA SOKAK;sokak;154919
DÜZCE;MERKEZ;CEDİDİYE;BAYAN SANİYE SOKAK;sokak;154920
DÜZCE;MERKEZ;CEDİDİYE;BAYRAK CADDE;cadde;346325960
DÜZCE;MERKEZ;CEDİDİYE;BAYRAKTAR SOKAK;sokak;407470
DÜZCE;MERKEZ;CEDİDİYE;BELEDİYE SOKAK;sokak;154921
DÜZCE;MERKEZ;CEDİDİYE;BİLGE SOKAK;sokak;154923
DÜZCE;MERKEZ;CEDİDİYE;BOLU CADDE;cadde;154922
DÜZCE;MERKEZ;CEDİDİYE;CELAL KASAPOĞLU CADDE;cadde;154924
DÜZCE;MERKEZ;CEDİDİYE;DERE SOKAK;sokak;154925
DÜZCE;MERKEZ;CEDİDİYE;DÖNENCE SOKAK;sokak;407472
DÜZCE;MERKEZ;CEDİDİYE;FATİH SOKAK;sokak;154926
DÜZCE;MERKEZ;CEDİDİYE;FERAH SOKAK;sokak;154901
DÜZCE;MERKEZ;CEDİDİYE;FETTAH SOKAK;sokak;407460
DÜZCE;MERKEZ;CEDİDİYE;FİRUZE SOKAK;sokak;894934
DÜZCE;MERKEZ;CEDİDİYE;GENERAL MİTHAT SOKAK;sokak;407467
DÜZCE;MERKEZ;CEDİDİYE;GÖKSEL SOKAK;sokak;407461
DÜZCE;MERKEZ;CEDİDİYE;GÜNDOĞDU SOKAK;sokak;154904
DÜZCE;MERKEZ;CEDİDİYE;HACI HAMDİ SOKAK;sokak;407462
DÜZCE;MERKEZ;CEDİDİYE;HACI HAYDAR GÖRDEBİL BULVAR;sokak;99471
DÜZCE;MERKEZ;CEDİDİYE;HACI YAVER SOKAK;sokak;154905
DÜZCE;MERKEZ;CEDİDİYE;HAFIZ HASAN EFENDİ CADDE;cadde;154906
DÜZCE;MERKEZ;CEDİDİYE;HÜKÜMET CADDE;cadde;407463
DÜZCE;MERKEZ;CEDİDİYE;İSTANBUL CADDE;cadde;154916
DÜZCE;MERKEZ;CEDİDİYE;KAVAKLI SOKAK;sokak;154907
DÜZCE;MERKEZ;CEDİDİYE;KAZIM DEMİR SOKAK;sokak;154908
DÜZCE;MERKEZ;CEDİDİYE;KIZILAY SOKAK;sokak;407464
DÜZCE;MERKEZ;CEDİDİYE;KUNDURACILAR SOKAK;sokak;154909
DÜZCE;MERKEZ;CEDİDİYE;MEYDAN SOKAK;sokak;154911
DÜZCE;MERKEZ;CEDİDİYE;MİHRİBAN SOKAK;sokak;154912
DÜZCE;MERKEZ;CEDİDİYE;MİMAR SİNAN CADDE;cadde;154913
DÜZCE;MERKEZ;CEDİDİYE;MUHAMMED ZAHİD EL KEVSERİ SOKAK;sokak;154910
DÜZCE;MERKEZ;CEDİDİYE;MURAT CENGİZ SOKAK;sokak;407469
DÜZCE;MERKEZ;CEDİDİYE;NABİ SOKAK;sokak;407466
DÜZCE;MERKEZ;CEDİDİYE;NECİP GÜNEY SOKAK;sokak;154914
DÜZCE;MERKEZ;CEDİDİYE;ÖMÜR SOKAK;sokak;407468
DÜZCE;MERKEZ;CEDİDİYE;ŞEHİT MUHTAR SOKAK;sokak;154917
DÜZCE;MERKEZ;CEDİDİYE;ŞEHİT YALÇIN GÜZELER SOKAK;sokak;154918
DÜZCE;MERKEZ;CEDİDİYE;TAYFUN SOKAK;sokak;683507
DÜZCE;MERKEZ;CEDİDİYE;ZAFERİ MİLLİ SOKAK;sokak;154902
DÜZCE;MERKEZ;CEDİDİYE;ZİNCİRLİKUYU SOKAK;sokak;154915
DÜZCE;MERKEZ;CUMHURİYET;182. SOKAK;sokak;154938
DÜZCE;MERKEZ;CUMHURİYET;183. SOKAK;sokak;669378
DÜZCE;MERKEZ;CUMHURİYET;184. SOKAK;sokak;668811
DÜZCE;MERKEZ;CUMHURİYET;185. SOKAK;sokak;667480
DÜZCE;MERKEZ;CUMHURİYET;186. SOKAK;sokak;912227
DÜZCE;MERKEZ;CUMHURİYET;1862. SOKAK;sokak;392932200
DÜZCE;MERKEZ;CUMHURİYET;1921. SOKAK;sokak;767029
DÜZCE;MERKEZ;CUMHURİYET;1922. SOKAK;sokak;772076
DÜZCE;MERKEZ;CUMHURİYET;1923. SOKAK;sokak;767030
DÜZCE;MERKEZ;CUMHURİYET;1925. SOKAK;sokak;772079
DÜZCE;MERKEZ;CUMHURİYET;1927. SOKAK;sokak;772077
DÜZCE;MERKEZ;CUMHURİYET;1928. SOKAK;sokak;935756
DÜZCE;MERKEZ;CUMHURİYET;1929. SOKAK;sokak;767027
DÜZCE;MERKEZ;CUMHURİYET;1930. SOKAK;sokak;392118591
DÜZCE;MERKEZ;CUMHURİYET;1931. SOKAK;sokak;313055350
DÜZCE;MERKEZ;CUMHURİYET;1933. SOKAK;sokak;381547040
DÜZCE;MERKEZ;CUMHURİYET;1934. SOKAK;sokak;767032
DÜZCE;MERKEZ;CUMHURİYET;1935. SOKAK;sokak;772081
DÜZCE;MERKEZ;CUMHURİYET;1936. SOKAK;sokak;767033
DÜZCE;MERKEZ;CUMHURİYET;1937. SOKAK;sokak;772082
DÜZCE;MERKEZ;CUMHURİYET;1938. SOKAK;sokak;772083
DÜZCE;MERKEZ;CUMHURİYET;1939. SOKAK;sokak;772084
DÜZCE;MERKEZ;CUMHURİYET;1940. SOKAK;sokak;895606500
DÜZCE;MERKEZ;CUMHURİYET;1944. SOKAK;sokak;938166
DÜZCE;MERKEZ;CUMHURİYET;195. SOKAK;sokak;918138
DÜZCE;MERKEZ;CUMHURİYET;198. SOKAK;sokak;154931
DÜZCE;MERKEZ;CUMHURİYET;199. SOKAK;sokak;477783860
DÜZCE;MERKEZ;CUMHURİYET;200. SOKAK;sokak;862988
DÜZCE;MERKEZ;CUMHURİYET;201. SOKAK;sokak;672703
DÜZCE;MERKEZ;CUMHURİYET;202. SOKAK;sokak;677894
DÜZCE;MERKEZ;CUMHURİYET;203. SOKAK;sokak;668813
DÜZCE;MERKEZ;CUMHURİYET;204. SOKAK;sokak;669388
DÜZCE;MERKEZ;CUMHURİYET;207. SOKAK;sokak;154930
DÜZCE;MERKEZ;CUMHURİYET;208. SOKAK;sokak;668812
DÜZCE;MERKEZ;CUMHURİYET;211. SOKAK;sokak;935668
DÜZCE;MERKEZ;CUMHURİYET;212. SOKAK;sokak;938297
DÜZCE;MERKEZ;CUMHURİYET;ABDULLAH KARABACAK SOKAK;sokak;154927
DÜZCE;MERKEZ;CUMHURİYET;ADİL SEVEN SOKAK;sokak;154936
DÜZCE;MERKEZ;CUMHURİYET;BAYKUL SOKAK;sokak;772073
DÜZCE;MERKEZ;CUMHURİYET;BİLİR SOKAK;sokak;767026
DÜZCE;MERKEZ;CUMHURİYET;D 100 KARAYOLU CADDE;cadde;154928
DÜZCE;MERKEZ;CUMHURİYET;DEMİR SOKAK;sokak;772075
DÜZCE;MERKEZ;CUMHURİYET;DOĞU SOKAK;sokak;276774
DÜZCE;MERKEZ;CUMHURİYET;GÖRGÜLÜ SOKAK;sokak;772078
DÜZCE;MERKEZ;CUMHURİYET;HACI MEVLÜT SİVRİOĞLU CADDE;cadde;667842
DÜZCE;MERKEZ;CUMHURİYET;HAMDİ ARIKAN SOKAK;sokak;154932
DÜZCE;MERKEZ;CUMHURİYET;ISIBANK SOKAK;sokak;154933
DÜZCE;MERKEZ;CUMHURİYET;KAMÇIOĞLU SOKAK;sokak;407477
DÜZCE;MERKEZ;CUMHURİYET;ÖMER SEYİS SOKAK;sokak;360573
DÜZCE;MERKEZ;CUMHURİYET;PALA KEMAL SOKAK;sokak;672320
DÜZCE;MERKEZ;CUMHURİYET;SİNAN SOKAK;sokak;154937
DÜZCE;MERKEZ;CUMHURİYET;ŞEHİT ÖMER HALİSDEMİR CADDE;cadde;681214090
DÜZCE;MERKEZ;CUMHURİYET;TÜTÜNCÜ CADDE;cadde;407855
DÜZCE;MERKEZ;CUMHURİYET;ZAHİD KEVSERİ BULVAR;sokak;859860
DÜZCE;MERKEZ;ÇAKIRHACIİBRAHİM NA;ÇAKIRHACI İBRAHİM KÜME EVLER;sokak;534074
DÜZCE;MERKEZ;ÇAKIRLAR;11460. CADDE;cadde;976426800
DÜZCE;MERKEZ;ÇAKIRLAR;12450. SOKAK;sokak;977623221
DÜZCE;MERKEZ;ÇAKIRLAR;3218. BULVAR;sokak;838803020
DÜZCE;MERKEZ;ÇAKIRLAR;3489. SOKAK;sokak;623332240
DÜZCE;MERKEZ;ÇAKIRLAR;3506. SOKAK;sokak;341011050
DÜZCE;MERKEZ;ÇAKIRLAR;3642. SOKAK;sokak;304766180
DÜZCE;MERKEZ;ÇAKIRLAR;3653. SOKAK;sokak;799303920
DÜZCE;MERKEZ;ÇAKIRLAR;3660. SOKAK;sokak;184785450
DÜZCE;MERKEZ;ÇAKIRLAR;3662. SOKAK;sokak;569715590
DÜZCE;MERKEZ;ÇAKIRLAR;3665. CADDE;cadde;702185650
DÜZCE;MERKEZ;ÇAKIRLAR;3672. SOKAK;sokak;400854820
DÜZCE;MERKEZ;ÇAKIRLAR;3673. SOKAK;sokak;537013060
DÜZCE;MERKEZ;ÇAKIRLAR;3674. SOKAK;sokak;382489100
DÜZCE;MERKEZ;ÇAKIRLAR;3679. SOKAK;sokak;813894540
DÜZCE;MERKEZ;ÇAKIRLAR;3681. SOKAK;sokak;621000371
DÜZCE;MERKEZ;ÇAKIRLAR;3685. SOKAK;sokak;377233920
DÜZCE;MERKEZ;ÇAKIRLAR;3695. SOKAK;sokak;660402210
DÜZCE;MERKEZ;ÇAKIRLAR;3696. CADDE;cadde;869660250
DÜZCE;MERKEZ;ÇAKIRLAR;3697. SOKAK;sokak;156650940
DÜZCE;MERKEZ;ÇAKIRLAR;3708. SOKAK;sokak;497825270
DÜZCE;MERKEZ;ÇAKIRLAR;3712. SOKAK;sokak;375690840
DÜZCE;MERKEZ;ÇAKIRLAR;3715. CADDE;cadde;480678700
DÜZCE;MERKEZ;ÇAKIRLAR;3716. CADDE;cadde;702018680
DÜZCE;MERKEZ;ÇAKIRLAR;3718. SOKAK;sokak;321374810
DÜZCE;MERKEZ;ÇAKIRLAR;3720. SOKAK;sokak;437662520
DÜZCE;MERKEZ;ÇAKIRLAR;3723. SOKAK;sokak;578682671
DÜZCE;MERKEZ;ÇAKIRLAR;3736. SOKAK;sokak;482991270
DÜZCE;MERKEZ;ÇAKIRLAR;3740. CADDE;cadde;904847000
DÜZCE;MERKEZ;ÇAKIRLAR;3742. SOKAK;sokak;715712510
DÜZCE;MERKEZ;ÇAKIRLAR;3744. SOKAK;sokak;237599540
DÜZCE;MERKEZ;ÇAKIRLAR;3745. SOKAK;sokak;937148970
DÜZCE;MERKEZ;ÇAKIRLAR;3750. SOKAK;sokak;740799971
DÜZCE;MERKEZ;ÇAKIRLAR;3752. SOKAK;sokak;515194030
DÜZCE;MERKEZ;ÇAKIRLAR;3753. SOKAK;sokak;366765420
DÜZCE;MERKEZ;ÇAKIRLAR;3754. SOKAK;sokak;235341001
DÜZCE;MERKEZ;ÇAKIRLAR;3755. SOKAK;sokak;778967931
DÜZCE;MERKEZ;ÇAKIRLAR;3756. SOKAK;sokak;246914041
DÜZCE;MERKEZ;ÇAKIRLAR;3759. SOKAK;sokak;203885751
DÜZCE;MERKEZ;ÇAKIRLAR;3760. SOKAK;sokak;559384010
DÜZCE;MERKEZ;ÇAKIRLAR;3762. SOKAK;sokak;719483840
DÜZCE;MERKEZ;ÇAKIRLAR;3764. SOKAK;sokak;622804250
DÜZCE;MERKEZ;ÇAKIRLAR;3766. SOKAK;sokak;200183470
DÜZCE;MERKEZ;ÇAKIRLAR;3767. SOKAK;sokak;333025300
DÜZCE;MERKEZ;ÇAKIRLAR;3768. SOKAK;sokak;251877901
DÜZCE;MERKEZ;ÇAKIRLAR;3770. SOKAK;sokak;297159840
DÜZCE;MERKEZ;ÇAKIRLAR;3772. SOKAK;sokak;161287040
DÜZCE;MERKEZ;ÇAKIRLAR;3773. SOKAK;sokak;172297821
DÜZCE;MERKEZ;ÇAKIRLAR;3774. SOKAK;sokak;481189211
DÜZCE;MERKEZ;ÇAKIRLAR;3775. SOKAK;sokak;673886601
DÜZCE;MERKEZ;ÇAKIRLAR;3777. SOKAK;sokak;258985110
DÜZCE;MERKEZ;ÇAKIRLAR;3778. SOKAK;sokak;646392221
DÜZCE;MERKEZ;ÇAKIRLAR;3780. SOKAK;sokak;695082401
DÜZCE;MERKEZ;ÇAKIRLAR;3783. SOKAK;sokak;790818650
DÜZCE;MERKEZ;ÇAKIRLAR;3784. SOKAK;sokak;466845281
DÜZCE;MERKEZ;ÇAKIRLAR;3785. SOKAK;sokak;428047320
DÜZCE;MERKEZ;ÇAKIRLAR;3786. SOKAK;sokak;613157010
DÜZCE;MERKEZ;ÇAKIRLAR;3794. SOKAK;sokak;983255331
DÜZCE;MERKEZ;ÇAKIRLAR;3802. SOKAK;sokak;832081321
DÜZCE;MERKEZ;ÇAKIRLAR;3805. SOKAK;sokak;886501481
DÜZCE;MERKEZ;ÇAKIRLAR;3806. SOKAK;sokak;503205221
DÜZCE;MERKEZ;ÇAKIRLAR;ÇELİKLER SOKAK;sokak;864735501
DÜZCE;MERKEZ;ÇAKIRLAR;YIĞILCA CADDE;cadde;552517890
DÜZCE;MERKEZ;ÇALICUMA NA;1 SOKAK;sokak;574846
DÜZCE;MERKEZ;ÇALICUMA NA;1_1 SOKAK;sokak;136754420
DÜZCE;MERKEZ;ÇALICUMA NA;1_2 SOKAK;sokak;107765081
DÜZCE;MERKEZ;ÇALICUMA NA;1. CADDE;cadde;899175531
DÜZCE;MERKEZ;ÇALICUMA NA;102. SOKAK;sokak;428669131
DÜZCE;MERKEZ;ÇALICUMA NA;121. SOKAK;sokak;1382413
DÜZCE;MERKEZ;ÇALICUMA NA;2 SOKAK;sokak;574849
DÜZCE;MERKEZ;ÇALICUMA NA;2_1 SOKAK;sokak;204626770
DÜZCE;MERKEZ;ÇALICUMA NA;3_1 SOKAK;sokak;190983671
DÜZCE;MERKEZ;ÇALICUMA NA;3. SOKAK;sokak;1352891
DÜZCE;MERKEZ;ÇALICUMA NA;4_1 SOKAK;sokak;826411500
DÜZCE;MERKEZ;ÇALICUMA NA;4. SOKAK;sokak;1352889
DÜZCE;MERKEZ;ÇALICUMA NA;404. SOKAK;sokak;517033790
DÜZCE;MERKEZ;ÇALICUMA NA;409. SOKAK;sokak;750635941
DÜZCE;MERKEZ;ÇALICUMA NA;5. SOKAK;sokak;1352893
DÜZCE;MERKEZ;ÇALICUMA NA;ANADOLU OTOYOLU BULVAR;sokak;309969530
DÜZCE;MERKEZ;ÇALICUMA NA;CAMİ. SOKAK;sokak;574848
DÜZCE;MERKEZ;ÇALICUMA NA;KANAL SOKAK;sokak;568738
DÜZCE;MERKEZ;ÇALICUMA NA;KÖY SOKAK;sokak;498491
DÜZCE;MERKEZ;ÇALICUMA NA;MUHTARIN ÇIKMAZI SOKAK;sokak;566481
DÜZCE;MERKEZ;ÇAMKÖY;1439. CADDE;cadde;801769691
DÜZCE;MERKEZ;ÇAMKÖY;3004. SOKAK;sokak;195350531
DÜZCE;MERKEZ;ÇAMKÖY;3005. SOKAK;sokak;521198721
DÜZCE;MERKEZ;ÇAMKÖY;3006. SOKAK;sokak;938187
DÜZCE;MERKEZ;ÇAMKÖY;3020. SOKAK;sokak;854726
DÜZCE;MERKEZ;ÇAMKÖY;3048. SOKAK;sokak;427526340
DÜZCE;MERKEZ;ÇAMKÖY;3081. SOKAK;sokak;727750590
DÜZCE;MERKEZ;ÇAMKÖY;3082. SOKAK;sokak;940761970
DÜZCE;MERKEZ;ÇAMKÖY;3083. SOKAK;sokak;459450110
DÜZCE;MERKEZ;ÇAMKÖY;3084. SOKAK;sokak;270506081
DÜZCE;MERKEZ;ÇAMKÖY;3087. SOKAK;sokak;935685
DÜZCE;MERKEZ;ÇAMKÖY;3088. SOKAK;sokak;938192
DÜZCE;MERKEZ;ÇAMKÖY;3089. SOKAK;sokak;274385710
DÜZCE;MERKEZ;ÇAMKÖY;3101. SOKAK;sokak;929319
DÜZCE;MERKEZ;ÇAMKÖY;3102. SOKAK;sokak;787966871
DÜZCE;MERKEZ;ÇAMKÖY;3103. SOKAK;sokak;935686
DÜZCE;MERKEZ;ÇAMKÖY;3106. SOKAK;sokak;909174
DÜZCE;MERKEZ;ÇAMKÖY;3110. SOKAK;sokak;382219411
DÜZCE;MERKEZ;ÇAMKÖY;3113. SOKAK;sokak;383609051
DÜZCE;MERKEZ;ÇAMKÖY;3114. SOKAK;sokak;430585930
DÜZCE;MERKEZ;ÇAMKÖY;3117. SOKAK;sokak;922731501
DÜZCE;MERKEZ;ÇAMKÖY;3118. SOKAK;sokak;909175
DÜZCE;MERKEZ;ÇAMKÖY;3120. SOKAK;sokak;919107520
DÜZCE;MERKEZ;ÇAMKÖY;3122. SOKAK;sokak;145146991
DÜZCE;MERKEZ;ÇAMKÖY;3123. SOKAK;sokak;247933821
DÜZCE;MERKEZ;ÇAMKÖY;3129. SOKAK;sokak;854799
DÜZCE;MERKEZ;ÇAMKÖY;3145. SOKAK;sokak;854752
DÜZCE;MERKEZ;ÇAMKÖY;3147. SOKAK;sokak;972744351
DÜZCE;MERKEZ;ÇAMKÖY;3149. SOKAK;sokak;519166331
DÜZCE;MERKEZ;ÇAMKÖY;3151. SOKAK;sokak;709880351
DÜZCE;MERKEZ;ÇAMKÖY;3152. SOKAK;sokak;813798281
DÜZCE;MERKEZ;ÇAMKÖY;3154. SOKAK;sokak;945745551
DÜZCE;MERKEZ;ÇAMKÖY;3155. SOKAK;sokak;818950051
DÜZCE;MERKEZ;ÇAMKÖY;3156. SOKAK;sokak;823524770
DÜZCE;MERKEZ;ÇAMKÖY;3158. SOKAK;sokak;462082601
DÜZCE;MERKEZ;ÇAMKÖY;3159. SOKAK;sokak;938227
DÜZCE;MERKEZ;ÇAMKÖY;3160. SOKAK;sokak;906008591
DÜZCE;MERKEZ;ÇAMKÖY;3161. SOKAK;sokak;365206090
DÜZCE;MERKEZ;ÇAMKÖY;3162. CADDE;cadde;938230
DÜZCE;MERKEZ;ÇAMKÖY;3163. SOKAK;sokak;751858011
DÜZCE;MERKEZ;ÇAMKÖY;3170. CADDE;cadde;436529241
DÜZCE;MERKEZ;ÇAMKÖY;3171. SOKAK;sokak;197284271
DÜZCE;MERKEZ;ÇAMKÖY;3172. SOKAK;sokak;854720
DÜZCE;MERKEZ;ÇAMKÖY;3176. SOKAK;sokak;252044471
DÜZCE;MERKEZ;ÇAMKÖY;3177. SOKAK;sokak;677432600
DÜZCE;MERKEZ;ÇAMKÖY;3178. SOKAK;sokak;888278
DÜZCE;MERKEZ;ÇAMKÖY;3187. SOKAK;sokak;854701
DÜZCE;MERKEZ;ÇAMKÖY;3188. SOKAK;sokak;854718
DÜZCE;MERKEZ;ÇAMKÖY;3189. SOKAK;sokak;854703
DÜZCE;MERKEZ;ÇAMKÖY;3190. SOKAK;sokak;854700
DÜZCE;MERKEZ;ÇAMKÖY;3192. SOKAK;sokak;134742671
DÜZCE;MERKEZ;ÇAMKÖY;3194. SOKAK;sokak;872016
DÜZCE;MERKEZ;ÇAMKÖY;3196. SOKAK;sokak;935691
DÜZCE;MERKEZ;ÇAMKÖY;3198. SOKAK;sokak;854694
DÜZCE;MERKEZ;ÇAMKÖY;3204. SOKAK;sokak;935692
DÜZCE;MERKEZ;ÇAMKÖY;3206. SOKAK;sokak;854522
DÜZCE;MERKEZ;ÇAMKÖY;3218. BULVAR;sokak;262759740
DÜZCE;MERKEZ;ÇAMKÖY;3221. SOKAK;sokak;935712
DÜZCE;MERKEZ;ÇAMKÖY;3235. SOKAK;sokak;854636
DÜZCE;MERKEZ;ÇAMKÖY;3247. SOKAK;sokak;714654471
DÜZCE;MERKEZ;ÇAMKÖY;3255. SOKAK;sokak;854549
DÜZCE;MERKEZ;ÇAMKÖY;3259. SOKAK;sokak;575385141
DÜZCE;MERKEZ;ÇAMKÖY;3261. SOKAK;sokak;854554
DÜZCE;MERKEZ;ÇAMKÖY;3262. SOKAK;sokak;890206220
DÜZCE;MERKEZ;ÇAMKÖY;3266. SOKAK;sokak;869490
DÜZCE;MERKEZ;ÇAMKÖY;3268. SOKAK;sokak;869484
DÜZCE;MERKEZ;ÇAMKÖY;3269. SOKAK;sokak;869488
DÜZCE;MERKEZ;ÇAMKÖY;3270. SOKAK;sokak;869480
DÜZCE;MERKEZ;ÇAMKÖY;3271. SOKAK;sokak;869478
DÜZCE;MERKEZ;ÇAMKÖY;3272. SOKAK;sokak;869352
DÜZCE;MERKEZ;ÇAMKÖY;3273. SOKAK;sokak;869472
DÜZCE;MERKEZ;ÇAMKÖY;3274. SOKAK;sokak;854533
DÜZCE;MERKEZ;ÇAMKÖY;3281. SOKAK;sokak;308050220
DÜZCE;MERKEZ;ÇAMKÖY;AKÇAKOCA KARAYOLU CADDE;cadde;854490
DÜZCE;MERKEZ;ÇAMKÖY;ESKİ AKÇAKOCA CADDE;cadde;854804
DÜZCE;MERKEZ;ÇAMKÖY;MELEN CADDE;cadde;854628
DÜZCE;MERKEZ;ÇAMKÖY;YIĞILCA CADDE;cadde;854505
DÜZCE;MERKEZ;ÇAMLIEVLER;1. SOKAK;sokak;889551
DÜZCE;MERKEZ;ÇAMLIEVLER;1.ÇAMLIEVLER CADDE;cadde;889534
DÜZCE;MERKEZ;ÇAMLIEVLER;1.DÜZCE BULVAR;sokak;889531
DÜZCE;MERKEZ;ÇAMLIEVLER;10. SOKAK;sokak;889562
DÜZCE;MERKEZ;ÇAMLIEVLER;11. SOKAK;sokak;889563
DÜZCE;MERKEZ;ÇAMLIEVLER;12. SOKAK;sokak;889564
DÜZCE;MERKEZ;ÇAMLIEVLER;13. SOKAK;sokak;889565
DÜZCE;MERKEZ;ÇAMLIEVLER;14. SOKAK;sokak;889566
DÜZCE;MERKEZ;ÇAMLIEVLER;15. SOKAK;sokak;889567
DÜZCE;MERKEZ;ÇAMLIEVLER;16. SOKAK;sokak;889568
DÜZCE;MERKEZ;ÇAMLIEVLER;17. SOKAK;sokak;889569
DÜZCE;MERKEZ;ÇAMLIEVLER;18. SOKAK;sokak;889570
DÜZCE;MERKEZ;ÇAMLIEVLER;19. SOKAK;sokak;889571
DÜZCE;MERKEZ;ÇAMLIEVLER;2. SOKAK;sokak;889553
DÜZCE;MERKEZ;ÇAMLIEVLER;2.ÇAMLIEVLER CADDE;cadde;889535
DÜZCE;MERKEZ;ÇAMLIEVLER;2.DÜZCE BULVAR;sokak;889532
DÜZCE;MERKEZ;ÇAMLIEVLER;20. SOKAK;sokak;889572
DÜZCE;MERKEZ;ÇAMLIEVLER;21. SOKAK;sokak;889573
DÜZCE;MERKEZ;ÇAMLIEVLER;22. SOKAK;sokak;889574
DÜZCE;MERKEZ;ÇAMLIEVLER;23. SOKAK;sokak;889575
DÜZCE;MERKEZ;ÇAMLIEVLER;24. SOKAK;sokak;889577
DÜZCE;MERKEZ;ÇAMLIEVLER;3. SOKAK;sokak;889554
DÜZCE;MERKEZ;ÇAMLIEVLER;3.ÇAMLIEVLER CADDE;cadde;889536
DÜZCE;MERKEZ;ÇAMLIEVLER;3.DEMETEVLER CADDE;cadde;889533
DÜZCE;MERKEZ;ÇAMLIEVLER;3.DÜZCE BULVAR;sokak;938185
DÜZCE;MERKEZ;ÇAMLIEVLER;4. SOKAK;sokak;889555
DÜZCE;MERKEZ;ÇAMLIEVLER;5. SOKAK;sokak;889556
DÜZCE;MERKEZ;ÇAMLIEVLER;6. SOKAK;sokak;889557
DÜZCE;MERKEZ;ÇAMLIEVLER;7. SOKAK;sokak;889559
DÜZCE;MERKEZ;ÇAMLIEVLER;8. SOKAK;sokak;889560
DÜZCE;MERKEZ;ÇAMLIEVLER;9. SOKAK;sokak;889561
DÜZCE;MERKEZ;ÇAMLISU NA;ÇAMLISU KÜME EVLER;sokak;531830
DÜZCE;MERKEZ;ÇAMLISU NA;MERKEZ KÜME EVLER;sokak;813166301
DÜZCE;MERKEZ;ÇAVUŞLAR;1698. CADDE;cadde;860112
DÜZCE;MERKEZ;ÇAVUŞLAR;1728. SOKAK;sokak;321752421
DÜZCE;MERKEZ;ÇAVUŞLAR;1730. SOKAK;sokak;330945740
DÜZCE;MERKEZ;ÇAVUŞLAR;1752. CADDE;cadde;938148
DÜZCE;MERKEZ;ÇAVUŞLAR;1763. SOKAK;sokak;948708
DÜZCE;MERKEZ;ÇAVUŞLAR;1771. SOKAK;sokak;939784
DÜZCE;MERKEZ;ÇAVUŞLAR;1792. CADDE;cadde;132654260
DÜZCE;MERKEZ;ÇAVUŞLAR;3302. SOKAK;sokak;854520
DÜZCE;MERKEZ;ÇAVUŞLAR;3303. SOKAK;sokak;854519
DÜZCE;MERKEZ;ÇAVUŞLAR;3304. SOKAK;sokak;854508
DÜZCE;MERKEZ;ÇAVUŞLAR;3321. SOKAK;sokak;650672740
DÜZCE;MERKEZ;ÇAVUŞLAR;3330. SOKAK;sokak;856002
DÜZCE;MERKEZ;ÇAVUŞLAR;3338. SOKAK;sokak;855998
DÜZCE;MERKEZ;ÇAVUŞLAR;3341. SOKAK;sokak;855997
DÜZCE;MERKEZ;ÇAVUŞLAR;3345. SOKAK;sokak;855996
DÜZCE;MERKEZ;ÇAVUŞLAR;3346. SOKAK;sokak;935713
DÜZCE;MERKEZ;ÇAVUŞLAR;3351. SOKAK;sokak;650630340
DÜZCE;MERKEZ;ÇAVUŞLAR;3355. SOKAK;sokak;679409650
DÜZCE;MERKEZ;ÇAVUŞLAR;3356. SOKAK;sokak;999526401
DÜZCE;MERKEZ;ÇAVUŞLAR;3357. SOKAK;sokak;855994
DÜZCE;MERKEZ;ÇAVUŞLAR;3358. SOKAK;sokak;951533000
DÜZCE;MERKEZ;ÇAVUŞLAR;3359. SOKAK;sokak;870443
DÜZCE;MERKEZ;ÇAVUŞLAR;3360. SOKAK;sokak;133247100
DÜZCE;MERKEZ;ÇAVUŞLAR;3362. SOKAK;sokak;238374201
DÜZCE;MERKEZ;ÇAVUŞLAR;3363. SOKAK;sokak;272834310
DÜZCE;MERKEZ;ÇAVUŞLAR;3364. SOKAK;sokak;575012230
DÜZCE;MERKEZ;ÇAVUŞLAR;3365. SOKAK;sokak;195574610
DÜZCE;MERKEZ;ÇAVUŞLAR;3367. SOKAK;sokak;358333911
DÜZCE;MERKEZ;ÇAVUŞLAR;3368. SOKAK;sokak;642757610
DÜZCE;MERKEZ;ÇAVUŞLAR;3373. SOKAK;sokak;613202891
DÜZCE;MERKEZ;ÇAVUŞLAR;3378. SOKAK;sokak;855992
DÜZCE;MERKEZ;ÇAVUŞLAR;3384. SOKAK;sokak;868148
DÜZCE;MERKEZ;ÇAVUŞLAR;3400. SOKAK;sokak;908609
DÜZCE;MERKEZ;ÇAVUŞLAR;3402. SOKAK;sokak;908611
DÜZCE;MERKEZ;ÇAVUŞLAR;3403. SOKAK;sokak;908610
DÜZCE;MERKEZ;ÇAVUŞLAR;3409. SOKAK;sokak;456580691
DÜZCE;MERKEZ;ÇAVUŞLAR;3410. SOKAK;sokak;800826390
DÜZCE;MERKEZ;ÇAVUŞLAR;3412. SOKAK;sokak;856003
DÜZCE;MERKEZ;ÇAVUŞLAR;3413. SOKAK;sokak;465893391
DÜZCE;MERKEZ;ÇAVUŞLAR;3414. SOKAK;sokak;856005
DÜZCE;MERKEZ;ÇAVUŞLAR;3415. SOKAK;sokak;856004
DÜZCE;MERKEZ;ÇAVUŞLAR;3417. SOKAK;sokak;935717
DÜZCE;MERKEZ;ÇAVUŞLAR;3418. SOKAK;sokak;935718
DÜZCE;MERKEZ;ÇAVUŞLAR;3421. SOKAK;sokak;856001
DÜZCE;MERKEZ;ÇAVUŞLAR;3428. SOKAK;sokak;909482
DÜZCE;MERKEZ;ÇAVUŞLAR;3432. SOKAK;sokak;471541331
DÜZCE;MERKEZ;ÇAVUŞLAR;3434. SOKAK;sokak;946241601
DÜZCE;MERKEZ;ÇAVUŞLAR;3436. SOKAK;sokak;461688941
DÜZCE;MERKEZ;ÇAVUŞLAR;3438. SOKAK;sokak;394688551
DÜZCE;MERKEZ;ÇAVUŞLAR;3530. CADDE;cadde;568636401
DÜZCE;MERKEZ;ÇAVUŞLAR;AKÇAKOCA KARAYOLU CADDE;cadde;856093
DÜZCE;MERKEZ;ÇAVUŞLAR;YIĞILCA CADDE;cadde;855999
DÜZCE;MERKEZ;ÇAY;2102. SOKAK;sokak;217580571
DÜZCE;MERKEZ;ÇAY;2103. SOKAK;sokak;882477
DÜZCE;MERKEZ;ÇAY;2104. SOKAK;sokak;774894
DÜZCE;MERKEZ;ÇAY;2106. SOKAK;sokak;751989940
DÜZCE;MERKEZ;ÇAY;2110. CADDE;cadde;719411241
DÜZCE;MERKEZ;ÇAY;517. SOKAK;sokak;306419631
DÜZCE;MERKEZ;ÇAY;522. SOKAK;sokak;668329
DÜZCE;MERKEZ;ÇAY;533. SOKAK;sokak;969429170
DÜZCE;MERKEZ;ÇAY;537. SOKAK;sokak;891626630
DÜZCE;MERKEZ;ÇAY;541. SOKAK;sokak;706593
DÜZCE;MERKEZ;ÇAY;549. SOKAK;sokak;456337
DÜZCE;MERKEZ;ÇAY;550. SOKAK;sokak;846536
DÜZCE;MERKEZ;ÇAY;553. SOKAK;sokak;699939
DÜZCE;MERKEZ;ÇAY;558. SOKAK;sokak;648835
DÜZCE;MERKEZ;ÇAY;559. SOKAK;sokak;407861
DÜZCE;MERKEZ;ÇAY;560. SOKAK;sokak;154250
DÜZCE;MERKEZ;ÇAY;561. SOKAK;sokak;717562
DÜZCE;MERKEZ;ÇAY;564. SOKAK;sokak;711105971
DÜZCE;MERKEZ;ÇAY;565. SOKAK;sokak;700307
DÜZCE;MERKEZ;ÇAY;567. SOKAK;sokak;858381
DÜZCE;MERKEZ;ÇAY;569. SOKAK;sokak;681222
DÜZCE;MERKEZ;ÇAY;570. SOKAK;sokak;681290
DÜZCE;MERKEZ;ÇAY;575. SOKAK;sokak;846230
DÜZCE;MERKEZ;ÇAY;577. BULVAR;sokak;144614460
DÜZCE;MERKEZ;ÇAY;578. SOKAK;sokak;683548
DÜZCE;MERKEZ;ÇAY;579. SOKAK;sokak;679590
DÜZCE;MERKEZ;ÇAY;580. SOKAK;sokak;672731
DÜZCE;MERKEZ;ÇAY;581. SOKAK;sokak;679214
DÜZCE;MERKEZ;ÇAY;583. CADDE;cadde;671884
DÜZCE;MERKEZ;ÇAY;585. SOKAK;sokak;154256
DÜZCE;MERKEZ;ÇAY;586. SOKAK;sokak;154260
DÜZCE;MERKEZ;ÇAY;589. SOKAK;sokak;849693
DÜZCE;MERKEZ;ÇAY;591. SOKAK;sokak;989090881
DÜZCE;MERKEZ;ÇAY;595. SOKAK;sokak;667775
DÜZCE;MERKEZ;ÇAY;596. SOKAK;sokak;672352
DÜZCE;MERKEZ;ÇAY;597. SOKAK;sokak;661671
DÜZCE;MERKEZ;ÇAY;598. SOKAK;sokak;668086
DÜZCE;MERKEZ;ÇAY;599. SOKAK;sokak;902875
DÜZCE;MERKEZ;ÇAY;600. SOKAK;sokak;849771
DÜZCE;MERKEZ;ÇAY;601. SOKAK;sokak;667101
DÜZCE;MERKEZ;ÇAY;602. SOKAK;sokak;850249
DÜZCE;MERKEZ;ÇAY;603. SOKAK;sokak;830478
DÜZCE;MERKEZ;ÇAY;604. SOKAK;sokak;850311
DÜZCE;MERKEZ;ÇAY;605. SOKAK;sokak;835533
DÜZCE;MERKEZ;ÇAY;606. SOKAK;sokak;850128
DÜZCE;MERKEZ;ÇAY;607. SOKAK;sokak;403216971
DÜZCE;MERKEZ;ÇAY;608. SOKAK;sokak;850129
DÜZCE;MERKEZ;ÇAY;609. SOKAK;sokak;850865
DÜZCE;MERKEZ;ÇAY;610. SOKAK;sokak;647783
DÜZCE;MERKEZ;ÇAY;611. SOKAK;sokak;948812
DÜZCE;MERKEZ;ÇAY;612. SOKAK;sokak;649584
DÜZCE;MERKEZ;ÇAY;613. SOKAK;sokak;639852
DÜZCE;MERKEZ;ÇAY;614. SOKAK;sokak;713554
DÜZCE;MERKEZ;ÇAY;615. SOKAK;sokak;671653
DÜZCE;MERKEZ;ÇAY;616. SOKAK;sokak;671654
DÜZCE;MERKEZ;ÇAY;617. SOKAK;sokak;130046920
DÜZCE;MERKEZ;ÇAY;618. SOKAK;sokak;670777
DÜZCE;MERKEZ;ÇAY;619. SOKAK;sokak;670244
DÜZCE;MERKEZ;ÇAY;620. SOKAK;sokak;670826
DÜZCE;MERKEZ;ÇAY;623. SOKAK;sokak;849791
DÜZCE;MERKEZ;ÇAY;626. SOKAK;sokak;648955
DÜZCE;MERKEZ;ÇAY;634. SOKAK;sokak;157392
DÜZCE;MERKEZ;ÇAY;635. SOKAK;sokak;647188
DÜZCE;MERKEZ;ÇAY;636. SOKAK;sokak;660959
DÜZCE;MERKEZ;ÇAY;637. SOKAK;sokak;666090
DÜZCE;MERKEZ;ÇAY;638. SOKAK;sokak;829275591
DÜZCE;MERKEZ;ÇAY;640. SOKAK;sokak;664945
DÜZCE;MERKEZ;ÇAY;642. SOKAK;sokak;79162
DÜZCE;MERKEZ;ÇAY;644. SOKAK;sokak;653240
DÜZCE;MERKEZ;ÇAY;645. SOKAK;sokak;647739
DÜZCE;MERKEZ;ÇAY;646. SOKAK;sokak;652756
DÜZCE;MERKEZ;ÇAY;648. SOKAK;sokak;714391
DÜZCE;MERKEZ;ÇAY;650. SOKAK;sokak;923754
DÜZCE;MERKEZ;ÇAY;AĞALAR SOKAK;sokak;409169
DÜZCE;MERKEZ;ÇAY;ALEV SOKAK;sokak;154581
DÜZCE;MERKEZ;ÇAY;ARABACI SOKAK;sokak;409168
DÜZCE;MERKEZ;ÇAY;AYDIN GÜNEY SOKAK;sokak;154584
DÜZCE;MERKEZ;ÇAY;AYDIN SOKAK;sokak;154583
DÜZCE;MERKEZ;ÇAY;AYDINPINAR CADDE;cadde;154585
DÜZCE;MERKEZ;ÇAY;BAKIR SOKAK;sokak;154586
DÜZCE;MERKEZ;ÇAY;BARBAROS SOKAK;sokak;671651
DÜZCE;MERKEZ;ÇAY;BARTIN SOKAK;sokak;409170
DÜZCE;MERKEZ;ÇAY;BATI SOKAK;sokak;154588
DÜZCE;MERKEZ;ÇAY;BEZMEN SOKAK;sokak;154589
DÜZCE;MERKEZ;ÇAY;BOZKURT SOKAK;sokak;409171
DÜZCE;MERKEZ;ÇAY;ÇAY SOKAK;sokak;156233
DÜZCE;MERKEZ;ÇAY;ÇELEBİ SOKAK;sokak;154247
DÜZCE;MERKEZ;ÇAY;ÇELİK SOKAK;sokak;154248
DÜZCE;MERKEZ;ÇAY;DAR SOKAK;sokak;154590
DÜZCE;MERKEZ;ÇAY;DEMİRCİ SOKAK;sokak;154591
DÜZCE;MERKEZ;ÇAY;DERİCİ SOKAK;sokak;409172
DÜZCE;MERKEZ;ÇAY;DERYA SOKAK;sokak;154592
DÜZCE;MERKEZ;ÇAY;ELA BAHRİYE ORAL BULVAR;sokak;674835
DÜZCE;MERKEZ;ÇAY;ELMA SOKAK;sokak;154594
DÜZCE;MERKEZ;ÇAY;EMNİYET SOKAK;sokak;111007
DÜZCE;MERKEZ;ÇAY;EMRE SOKAK;sokak;229158
DÜZCE;MERKEZ;ÇAY;GENERAL SAMİ SOKAK;sokak;154596
DÜZCE;MERKEZ;ÇAY;GÜNDÜZ SOKAK;sokak;670987
DÜZCE;MERKEZ;ÇAY;HALE SOKAK;sokak;409173
DÜZCE;MERKEZ;ÇAY;İNANIR SOKAK;sokak;154251
DÜZCE;MERKEZ;ÇAY;KAZIM ORBAY SOKAK;sokak;154598
DÜZCE;MERKEZ;ÇAY;KEFLİ SOKAK;sokak;154599
DÜZCE;MERKEZ;ÇAY;KİREMİT SOKAK;sokak;154600
DÜZCE;MERKEZ;ÇAY;KUZEY SOKAK;sokak;409174
DÜZCE;MERKEZ;ÇAY;MELTEM SOKAK;sokak;99091
DÜZCE;MERKEZ;ÇAY;MESİRE SOKAK;sokak;154602
DÜZCE;MERKEZ;ÇAY;NARİN SOKAK;sokak;690469
DÜZCE;MERKEZ;ÇAY;NEMLİ SOKAK;sokak;670974
DÜZCE;MERKEZ;ÇAY;NURİ ÖZKASAP CADDE;cadde;154947
DÜZCE;MERKEZ;ÇAY;OCAK SOKAK;sokak;154948
DÜZCE;MERKEZ;ÇAY;ÖNER SOKAK;sokak;661783
DÜZCE;MERKEZ;ÇAY;POYRAZ SOKAK;sokak;154949
DÜZCE;MERKEZ;ÇAY;SAATÇİGİL CADDE;cadde;407862
DÜZCE;MERKEZ;ÇAY;SAİM TUT SOKAK;sokak;360578
DÜZCE;MERKEZ;ÇAY;SEYHAN CADDE;cadde;342991
DÜZCE;MERKEZ;ÇAY;ŞAİR NEDİM SOKAK;sokak;154252
DÜZCE;MERKEZ;ÇAY;ŞEHİT MAHMUT NEDİM SOKAK;sokak;154253
DÜZCE;MERKEZ;ÇAY;ŞEHİT MUSTAFA BAZNA SOKAK;sokak;219878471
DÜZCE;MERKEZ;ÇAY;TABAK SOKAK;sokak;407863
DÜZCE;MERKEZ;ÇAY;TÜFEKÇİ SOKAK;sokak;716256
DÜZCE;MERKEZ;ÇAY;ULUS SOKAK;sokak;154950
DÜZCE;MERKEZ;ÇAY;URAL SOKAK;sokak;866288230
DÜZCE;MERKEZ;ÇAY;YALÇIN SOKAK;sokak;156229
DÜZCE;MERKEZ;ÇAY;YAPRAK SOKAK;sokak;407864
DÜZCE;MERKEZ;ÇAY;YAVUZ SOKAK;sokak;156230
DÜZCE;MERKEZ;ÇAY;YEŞİM SOKAK;sokak;708745
DÜZCE;MERKEZ;ÇAY;YILDIZ SOKAK;sokak;670988
DÜZCE;MERKEZ;ÇAY;YILMAZ SOKAK;sokak;156231
DÜZCE;MERKEZ;ÇAY;YONCA SOKAK;sokak;407865
DÜZCE;MERKEZ;ÇAY;YUNUS EMRE SOKAK;sokak;156232
DÜZCE;MERKEZ;ÇINARDÜZÜ - BÜK;12. CADDE;cadde;380006590
DÜZCE;MERKEZ;ÇINARDÜZÜ - BÜK;2. CADDE;cadde;725326661
DÜZCE;MERKEZ;ÇINARDÜZÜ - BÜK;BÜK KÜME EVLER;sokak;27219
DÜZCE;MERKEZ;ÇINARDÜZÜ - KURULUK;KURULUK KÜME EVLER;sokak;330238
DÜZCE;MERKEZ;ÇINARDÜZÜ - MERKEZ;MERKEZ KÜME EVLER;sokak;288119
DÜZCE;MERKEZ;ÇINARDÜZÜ - SARIÇAM;SARIÇAM KÜME EVLER;sokak;601989
DÜZCE;MERKEZ;ÇINARLI NA;ÇINARLI KÜME EVLER;sokak;549619
DÜZCE;MERKEZ;ÇİFTEPINARLAR;KONURALP 10. SOKAK;sokak;929492
DÜZCE;MERKEZ;ÇİFTEPINARLAR;KONURALP 100. SOKAK;sokak;468144550
DÜZCE;MERKEZ;ÇİFTEPINARLAR;KONURALP 15. SOKAK;sokak;186416960
DÜZCE;MERKEZ;ÇİFTEPINARLAR;KONURALP 18. SOKAK;sokak;199071610
DÜZCE;MERKEZ;ÇİFTEPINARLAR;KONURALP 28. SOKAK;sokak;179444141
DÜZCE;MERKEZ;ÇİFTEPINARLAR;KONURALP 32. SOKAK;sokak;994416511
DÜZCE;MERKEZ;ÇİFTEPINARLAR;KONURALP 39. SOKAK;sokak;872785
DÜZCE;MERKEZ;ÇİFTEPINARLAR;KONURALP 5. SOKAK;sokak;1004141
DÜZCE;MERKEZ;ÇİFTEPINARLAR;KONURALP 56. SOKAK;sokak;660805080
DÜZCE;MERKEZ;ÇİFTEPINARLAR;KONURALP 57. SOKAK;sokak;323536090
DÜZCE;MERKEZ;ÇİFTEPINARLAR;KONURALP 631. SOKAK;sokak;645926940
DÜZCE;MERKEZ;ÇİFTEPINARLAR;KONURALP 85. SOKAK;sokak;865710
DÜZCE;MERKEZ;ÇİFTEPINARLAR;KONURALP 97. SOKAK;sokak;870865
DÜZCE;MERKEZ;ÇİFTEPINARLAR;KONURALP AKÇAKOCA CADDE;cadde;865543
DÜZCE;MERKEZ;ÇİFTEPINARLAR;KONURALP ALİ HAMZA SOKAK;sokak;161668
DÜZCE;MERKEZ;ÇİFTEPINARLAR;KONURALP BAĞLIK SOKAK;sokak;161669
DÜZCE;MERKEZ;ÇİFTEPINARLAR;KONURALP BAĞLIK YOKUŞU SOKAK;sokak;824113
DÜZCE;MERKEZ;ÇİFTEPINARLAR;KONURALP BAŞOL SOKAK;sokak;161670
DÜZCE;MERKEZ;ÇİFTEPINARLAR;KONURALP CAMİİ SOKAK;sokak;161671
DÜZCE;MERKEZ;ÇİFTEPINARLAR;KONURALP CUMHURİYET CADDE;cadde;161673
DÜZCE;MERKEZ;ÇİFTEPINARLAR;KONURALP DÜZCE CADDE;cadde;1005334
DÜZCE;MERKEZ;ÇİFTEPINARLAR;KONURALP ESER SOKAK;sokak;161674
DÜZCE;MERKEZ;ÇİFTEPINARLAR;KONURALP HACI SALİH SOKAK;sokak;161675
DÜZCE;MERKEZ;ÇİFTEPINARLAR;KONURALP HAN AĞASI SOKAK;sokak;161676
DÜZCE;MERKEZ;ÇİFTEPINARLAR;KONURALP HASTAHANE ALTI SOKAK;sokak;161677
DÜZCE;MERKEZ;ÇİFTEPINARLAR;KONURALP HİLMİ SÖNMEZ CADDE;cadde;584089
DÜZCE;MERKEZ;ÇİFTEPINARLAR;KONURALP HÜRRİYET CADDE;cadde;161679
DÜZCE;MERKEZ;ÇİFTEPINARLAR;KONURALP KALELER SOKAK;sokak;161681
DÜZCE;MERKEZ;ÇİFTEPINARLAR;KONURALP KÜÇÜK SOKAK;sokak;361164
DÜZCE;MERKEZ;ÇİFTEPINARLAR;KONURALP SEVİNDİK SOKAK;sokak;153288
DÜZCE;MERKEZ;ÇİFTEPINARLAR;KONURALP TAŞLI SOKAK;sokak;865629
DÜZCE;MERKEZ;ÇİFTEPINARLAR;KONURALP TOPÇU SOKAK;sokak;153289
DÜZCE;MERKEZ;ÇİFTEPINARLAR;KONURALP TÜRBE SOKAK;sokak;361165
DÜZCE;MERKEZ;ÇİFTEPINARLAR;KONURALP ÜSKÜBÜ CADDE;cadde;161682
DÜZCE;MERKEZ;ÇİFTEPINARLAR;KONURALP ÜSTÜNDAĞ SOKAK;sokak;161667
DÜZCE;MERKEZ;ÇİFTEPINARLAR;KONURALP YILDIZ SOKAK;sokak;153290
DÜZCE;MERKEZ;ÇİFTLİKKÖY - KÖYÜN KENDİSİ;11460. CADDE;cadde;562088950
DÜZCE;MERKEZ;ÇİFTLİKKÖY - KÖYÜN KENDİSİ;11471. SOKAK;sokak;285673600
DÜZCE;MERKEZ;ÇİFTLİKKÖY - KÖYÜN KENDİSİ;11480. CADDE;cadde;125966230
DÜZCE;MERKEZ;ÇİFTLİKKÖY - KÖYÜN KENDİSİ;11481. SOKAK;sokak;981007610
DÜZCE;MERKEZ;ÇİFTLİKKÖY - KÖYÜN KENDİSİ;11482. SOKAK;sokak;582096510
DÜZCE;MERKEZ;ÇİFTLİKKÖY - KÖYÜN KENDİSİ;11484. SOKAK;sokak;120403660
DÜZCE;MERKEZ;ÇİFTLİKKÖY - KÖYÜN KENDİSİ;11487. SOKAK;sokak;260379370
DÜZCE;MERKEZ;ÇİFTLİKKÖY - KÖYÜN KENDİSİ;11505. SOKAK;sokak;522100931
DÜZCE;MERKEZ;ÇİFTLİKKÖY - KÖYÜN KENDİSİ;11520. SOKAK;sokak;322643840
DÜZCE;MERKEZ;ÇİFTLİKKÖY - KÖYÜN KENDİSİ;11525. SOKAK;sokak;177195270
DÜZCE;MERKEZ;ÇİFTLİKKÖY - KÖYÜN KENDİSİ;11526. SOKAK;sokak;781547620
DÜZCE;MERKEZ;ÇİFTLİKKÖY - KÖYÜN KENDİSİ;11527. SOKAK;sokak;428201750
DÜZCE;MERKEZ;ÇİFTLİKKÖY - KÖYÜN KENDİSİ;11528. SOKAK;sokak;432826310
DÜZCE;MERKEZ;ÇİFTLİKKÖY - KÖYÜN KENDİSİ;11535. SOKAK;sokak;448728850
DÜZCE;MERKEZ;ÇİFTLİKKÖY - KÖYÜN KENDİSİ;11536. SOKAK;sokak;803674510
DÜZCE;MERKEZ;ÇİFTLİKKÖY - KÖYÜN KENDİSİ;11540. SOKAK;sokak;126451490
DÜZCE;MERKEZ;ÇİFTLİKKÖY - KÖYÜN KENDİSİ;11542. SOKAK;sokak;598662440
DÜZCE;MERKEZ;ÇİFTLİKKÖY - KÖYÜN KENDİSİ;11546. SOKAK;sokak;606883710
DÜZCE;MERKEZ;ÇİFTLİKKÖY - KÖYÜN KENDİSİ;11560. SOKAK;sokak;633787561
DÜZCE;MERKEZ;ÇİFTLİKKÖY - KÖYÜN KENDİSİ;11578. SOKAK;sokak;645820590
DÜZCE;MERKEZ;ÇİFTLİKKÖY - KÖYÜN KENDİSİ;12305. SOKAK;sokak;986293481
DÜZCE;MERKEZ;ÇİFTLİKKÖY - KÖYÜN KENDİSİ;3218. BULVAR;sokak;853618631
DÜZCE;MERKEZ;ÇİFTLİKKÖY - KÖYÜN KENDİSİ;ÇELİKLER SOKAK;sokak;864735500
DÜZCE;MERKEZ;DAĞDİBİ - KURUDERE;KURUDERE KÜME EVLER;sokak;521927
DÜZCE;MERKEZ;DAĞDİBİ - MERKEZ;KÖY SOKAK;sokak;471757080
DÜZCE;MERKEZ;DAĞDİBİ - MERKEZ;MERKEZ KÜME EVLER;sokak;511290
DÜZCE;MERKEZ;DARICI;446. CADDE;cadde;672339990
DÜZCE;MERKEZ;DARICI;459. SOKAK;sokak;938234
DÜZCE;MERKEZ;DARICI;464. SOKAK;sokak;850308
DÜZCE;MERKEZ;DARICI;481. SOKAK;sokak;938237
DÜZCE;MERKEZ;DARICI;484. SOKAK;sokak;644205
DÜZCE;MERKEZ;DARICI;500. SOKAK;sokak;856458
DÜZCE;MERKEZ;DARICI;515. SOKAK;sokak;880052
DÜZCE;MERKEZ;DARICI;5501. SOKAK;sokak;214110201
DÜZCE;MERKEZ;DARICI;5504. SOKAK;sokak;945596
DÜZCE;MERKEZ;DARICI;5505. SOKAK;sokak;608702190
DÜZCE;MERKEZ;DARICI;5517. SOKAK;sokak;886095
DÜZCE;MERKEZ;DARICI;5521. SOKAK;sokak;945594
DÜZCE;MERKEZ;DARICI;5602. SOKAK;sokak;710770691
DÜZCE;MERKEZ;DARICI;5651. SOKAK;sokak;104213110
DÜZCE;MERKEZ;DARICI;5690. SOKAK;sokak;623569280
DÜZCE;MERKEZ;DARICI;5691. SOKAK;sokak;878128
DÜZCE;MERKEZ;DARICI;5692. SOKAK;sokak;878129
DÜZCE;MERKEZ;DARICI;5693. SOKAK;sokak;878130
DÜZCE;MERKEZ;DARICI;5694. SOKAK;sokak;788155110
DÜZCE;MERKEZ;DARICI;5695. SOKAK;sokak;877998
DÜZCE;MERKEZ;DARICI;5696. SOKAK;sokak;878081
DÜZCE;MERKEZ;DARICI;5697. SOKAK;sokak;921619420
DÜZCE;MERKEZ;DARICI;5701. SOKAK;sokak;673062330
DÜZCE;MERKEZ;DARICI;5702. SOKAK;sokak;705119
DÜZCE;MERKEZ;DARICI;5703. SOKAK;sokak;879692
DÜZCE;MERKEZ;DARICI;5704. SOKAK;sokak;390670200
DÜZCE;MERKEZ;DARICI;5705. SOKAK;sokak;707489
DÜZCE;MERKEZ;DARICI;5706. SOKAK;sokak;270808
DÜZCE;MERKEZ;DARICI;5707. SOKAK;sokak;195210040
DÜZCE;MERKEZ;DARICI;5708. SOKAK;sokak;912348
DÜZCE;MERKEZ;DARICI;5709. SOKAK;sokak;146260630
DÜZCE;MERKEZ;DARICI;5710. SOKAK;sokak;912349
DÜZCE;MERKEZ;DARICI;5711. SOKAK;sokak;879353
DÜZCE;MERKEZ;DARICI;5713. SOKAK;sokak;643367
DÜZCE;MERKEZ;DARICI;5715. SOKAK;sokak;672112190
DÜZCE;MERKEZ;DARICI;5717. SOKAK;sokak;792660370
DÜZCE;MERKEZ;DARICI;5719. SOKAK;sokak;378625880
DÜZCE;MERKEZ;DARICI;5721. SOKAK;sokak;332026071
DÜZCE;MERKEZ;DARICI;5726. SOKAK;sokak;879478
DÜZCE;MERKEZ;DARICI;5727. SOKAK;sokak;879479
DÜZCE;MERKEZ;DARICI;5728. SOKAK;sokak;627011
DÜZCE;MERKEZ;DARICI;5729. SOKAK;sokak;953635030
DÜZCE;MERKEZ;DARICI;5731. SOKAK;sokak;750429520
DÜZCE;MERKEZ;DARICI;5733. SOKAK;sokak;693146150
DÜZCE;MERKEZ;DARICI;5734. BULVAR;sokak;841920040
DÜZCE;MERKEZ;DARICI;5736. SOKAK;sokak;858268
DÜZCE;MERKEZ;DARICI;5737. SOKAK;sokak;468333070
DÜZCE;MERKEZ;DARICI;5738. SOKAK;sokak;334170640
DÜZCE;MERKEZ;DARICI;5739. SOKAK;sokak;859125
DÜZCE;MERKEZ;DARICI;5740. SOKAK;sokak;671104520
DÜZCE;MERKEZ;DARICI;5741. SOKAK;sokak;428392820
DÜZCE;MERKEZ;DARICI;5742. SOKAK;sokak;236452291
DÜZCE;MERKEZ;DARICI;5743. SOKAK;sokak;863454361
DÜZCE;MERKEZ;DARICI;5745. SOKAK;sokak;148268790
DÜZCE;MERKEZ;DARICI;5746. SOKAK;sokak;277002851
DÜZCE;MERKEZ;DARICI;5752. CADDE;cadde;652044
DÜZCE;MERKEZ;DARICI;5755. SOKAK;sokak;82720
DÜZCE;MERKEZ;DARICI;5756. SOKAK;sokak;879450
DÜZCE;MERKEZ;DARICI;5758. SOKAK;sokak;879088
DÜZCE;MERKEZ;DARICI;5759. SOKAK;sokak;634292
DÜZCE;MERKEZ;DARICI;5760. SOKAK;sokak;635768
DÜZCE;MERKEZ;DARICI;5761. SOKAK;sokak;634366381
DÜZCE;MERKEZ;DARICI;5762. SOKAK;sokak;770632950
DÜZCE;MERKEZ;DARICI;5764. SOKAK;sokak;850161941
DÜZCE;MERKEZ;DARICI;5767. SOKAK;sokak;879194
DÜZCE;MERKEZ;DARICI;5769. SOKAK;sokak;878486
DÜZCE;MERKEZ;DARICI;5772. SOKAK;sokak;879237
DÜZCE;MERKEZ;DARICI;5773. CADDE;cadde;571148291
DÜZCE;MERKEZ;DARICI;5776. SOKAK;sokak;479892721
DÜZCE;MERKEZ;DARICI;5777. SOKAK;sokak;188104730
DÜZCE;MERKEZ;DARICI;5781. SOKAK;sokak;258693481
DÜZCE;MERKEZ;DARICI;5784. SOKAK;sokak;967499730
DÜZCE;MERKEZ;DARICI;5786. SOKAK;sokak;156471910
DÜZCE;MERKEZ;DARICI;5788. SOKAK;sokak;878241
DÜZCE;MERKEZ;DARICI;5790. SOKAK;sokak;650853
DÜZCE;MERKEZ;DARICI;5791. SOKAK;sokak;639687
DÜZCE;MERKEZ;DARICI;5795. CADDE;cadde;231451620
DÜZCE;MERKEZ;DARICI;5796. SOKAK;sokak;878098
DÜZCE;MERKEZ;DARICI;5798. SOKAK;sokak;352264301
DÜZCE;MERKEZ;DARICI;5799. SOKAK;sokak;878304
DÜZCE;MERKEZ;DARICI;5800. SOKAK;sokak;639974
DÜZCE;MERKEZ;DARICI;5803. SOKAK;sokak;433582741
DÜZCE;MERKEZ;DARICI;5807. CADDE;cadde;416600931
DÜZCE;MERKEZ;DARICI;5810. SOKAK;sokak;619721391
DÜZCE;MERKEZ;DARICI;5814. SOKAK;sokak;320863990
DÜZCE;MERKEZ;DARICI;5815. SOKAK;sokak;709395900
DÜZCE;MERKEZ;DARICI;5818. CADDE;cadde;230769791
DÜZCE;MERKEZ;DARICI;5824. SOKAK;sokak;878748
DÜZCE;MERKEZ;DARICI;5825. SOKAK;sokak;639975
DÜZCE;MERKEZ;DARICI;5828. SOKAK;sokak;432116481
DÜZCE;MERKEZ;DARICI;5830. SOKAK;sokak;401615311
DÜZCE;MERKEZ;DARICI;5844. SOKAK;sokak;880632
DÜZCE;MERKEZ;DARICI;5846. SOKAK;sokak;880674
DÜZCE;MERKEZ;DARICI;5847. SOKAK;sokak;880719
DÜZCE;MERKEZ;DARICI;5850. SOKAK;sokak;310906571
DÜZCE;MERKEZ;DARICI;5851. SOKAK;sokak;810715401
DÜZCE;MERKEZ;DARICI;5854. SOKAK;sokak;384347181
DÜZCE;MERKEZ;DARICI;5856. SOKAK;sokak;851817581
DÜZCE;MERKEZ;DARICI;5858. SOKAK;sokak;641097
DÜZCE;MERKEZ;DARICI;5859. SOKAK;sokak;649069
DÜZCE;MERKEZ;DARICI;5860. SOKAK;sokak;124335871
DÜZCE;MERKEZ;DARICI;5861. SOKAK;sokak;671142231
DÜZCE;MERKEZ;DARICI;5862. SOKAK;sokak;476239881
DÜZCE;MERKEZ;DARICI;5863. SOKAK;sokak;563377770
DÜZCE;MERKEZ;DARICI;5864. CADDE;cadde;653152
DÜZCE;MERKEZ;DARICI;5865. SOKAK;sokak;535708421
DÜZCE;MERKEZ;DARICI;5866. SOKAK;sokak;159574001
DÜZCE;MERKEZ;DARICI;5869. SOKAK;sokak;796750051
DÜZCE;MERKEZ;DARICI;5870. SOKAK;sokak;948800
DÜZCE;MERKEZ;DARICI;5871. SOKAK;sokak;338080231
DÜZCE;MERKEZ;DARICI;5872. SOKAK;sokak;350405421
DÜZCE;MERKEZ;DARICI;5874. SOKAK;sokak;491304951
DÜZCE;MERKEZ;DARICI;5877. SOKAK;sokak;755492950
DÜZCE;MERKEZ;DARICI;5878. SOKAK;sokak;122684961
DÜZCE;MERKEZ;DARICI;5879. SOKAK;sokak;880471
DÜZCE;MERKEZ;DARICI;5880. SOKAK;sokak;880470
DÜZCE;MERKEZ;DARICI;5881. SOKAK;sokak;167992310
DÜZCE;MERKEZ;DARICI;5882. SOKAK;sokak;880497
DÜZCE;MERKEZ;DARICI;5883. SOKAK;sokak;651215
DÜZCE;MERKEZ;DARICI;5884. SOKAK;sokak;342415470
DÜZCE;MERKEZ;DARICI;5885. SOKAK;sokak;572730621
DÜZCE;MERKEZ;DARICI;5886. SOKAK;sokak;630682090
DÜZCE;MERKEZ;DARICI;5887. SOKAK;sokak;143761980
DÜZCE;MERKEZ;DARICI;5893. CADDE;cadde;880447
DÜZCE;MERKEZ;DARICI;5897. SOKAK;sokak;329546790
DÜZCE;MERKEZ;DARICI;5907. SOKAK;sokak;726302471
DÜZCE;MERKEZ;DARICI;5911. SOKAK;sokak;629520230
DÜZCE;MERKEZ;DARICI;5913. SOKAK;sokak;469743661
DÜZCE;MERKEZ;DARICI;5915. SOKAK;sokak;623909500
DÜZCE;MERKEZ;DARICI;5916. SOKAK;sokak;672466860
DÜZCE;MERKEZ;DARICI;5920. SOKAK;sokak;959360431
DÜZCE;MERKEZ;DARICI;5922. SOKAK;sokak;738164311
DÜZCE;MERKEZ;DARICI;5926. SOKAK;sokak;279457730
DÜZCE;MERKEZ;DARICI;5934. SOKAK;sokak;487445441
DÜZCE;MERKEZ;DARICI;5950. CADDE;cadde;952162550
DÜZCE;MERKEZ;DARICI;5955. SOKAK;sokak;598017531
DÜZCE;MERKEZ;DARICI;5956. SOKAK;sokak;512660960
DÜZCE;MERKEZ;DARICI;5957. SOKAK;sokak;213179871
DÜZCE;MERKEZ;DARICI;5959. SOKAK;sokak;805971070
DÜZCE;MERKEZ;DARICI;5960. SOKAK;sokak;930538821
DÜZCE;MERKEZ;DARICI;5961. SOKAK;sokak;975207201
DÜZCE;MERKEZ;DARICI;5963. SOKAK;sokak;608200161
DÜZCE;MERKEZ;DARICI;5976. SOKAK;sokak;350746651
DÜZCE;MERKEZ;DARICI;5979. SOKAK;sokak;327409041
DÜZCE;MERKEZ;DARICI;5981. SOKAK;sokak;509482311
DÜZCE;MERKEZ;DARICI;5982. SOKAK;sokak;244352320
DÜZCE;MERKEZ;DARICI;AYDINPINAR CADDE;cadde;644819
DÜZCE;MERKEZ;DARICI;AZİZ YILDIRIM BULVAR;sokak;247970940
DÜZCE;MERKEZ;DARICI;AZMİMİLLİ SOKAK;sokak;833612790
DÜZCE;MERKEZ;DARICI;BAYRAK CADDE;cadde;186381300
DÜZCE;MERKEZ;DARICI;ÇATAK SOKAK;sokak;650856
DÜZCE;MERKEZ;DARICI;DARICI SOKAK;sokak;638089
DÜZCE;MERKEZ;DARICI;ERDEM SOKAK;sokak;636536
DÜZCE;MERKEZ;DARICI;GAZHANE CADDE;cadde;641222
DÜZCE;MERKEZ;DARICI;HAYDAR GÖSTERİŞLİ SOKAK;sokak;938243
DÜZCE;MERKEZ;DARICI;KARTAL SOKAK;sokak;770907440
DÜZCE;MERKEZ;DEDELER;1841. CADDE;cadde;668747441
DÜZCE;MERKEZ;DEDELER;5246. SOKAK;sokak;921724
DÜZCE;MERKEZ;DEDELER;5247. SOKAK;sokak;921725
DÜZCE;MERKEZ;DEDELER;5248. SOKAK;sokak;921726
DÜZCE;MERKEZ;DEDELER;5249. SOKAK;sokak;921727
DÜZCE;MERKEZ;DEDELER;5250. SOKAK;sokak;921728
DÜZCE;MERKEZ;DEDELER;5251. SOKAK;sokak;921729
DÜZCE;MERKEZ;DEDELER;5252. SOKAK;sokak;921730
DÜZCE;MERKEZ;DEDELER;5254. SOKAK;sokak;921732
DÜZCE;MERKEZ;DEDELER;5290. SOKAK;sokak;616732
DÜZCE;MERKEZ;DEDELER;5291. SOKAK;sokak;368935760
DÜZCE;MERKEZ;DEDELER;5294. SOKAK;sokak;660452790
DÜZCE;MERKEZ;DEDELER;5296. SOKAK;sokak;526312230
DÜZCE;MERKEZ;DEDELER;5298. SOKAK;sokak;441918310
DÜZCE;MERKEZ;DEDELER;5299. SOKAK;sokak;491557160
DÜZCE;MERKEZ;DEDELER;5300. SOKAK;sokak;186334530
DÜZCE;MERKEZ;DEDELER;5306. SOKAK;sokak;440798120
DÜZCE;MERKEZ;DEDELER;5307. SOKAK;sokak;912073080
DÜZCE;MERKEZ;DEDELER;5314. SOKAK;sokak;313516381
DÜZCE;MERKEZ;DEDELER;5319. SOKAK;sokak;806810420
DÜZCE;MERKEZ;DEDELER;5406. CADDE;cadde;543671720
DÜZCE;MERKEZ;DEMETEVLER;1.DEMETEVLER CADDE;cadde;889513
DÜZCE;MERKEZ;DEMETEVLER;1.DÜZCE BULVAR;sokak;879125491
DÜZCE;MERKEZ;DEMETEVLER;2.DEMETEVLER CADDE;cadde;889514
DÜZCE;MERKEZ;DEMETEVLER;3.DEMETEVLER CADDE;cadde;889508
DÜZCE;MERKEZ;DEMETEVLER;3786. SOKAK;sokak;447453961
DÜZCE;MERKEZ;DEMETEVLER;4093. SOKAK;sokak;889521
DÜZCE;MERKEZ;DEMETEVLER;4094. SOKAK;sokak;889520
DÜZCE;MERKEZ;DEMETEVLER;4095. SOKAK;sokak;889522
DÜZCE;MERKEZ;DEMETEVLER;4096. SOKAK;sokak;889518
DÜZCE;MERKEZ;DEMETEVLER;4097. SOKAK;sokak;889517
DÜZCE;MERKEZ;DEMETEVLER;4098. SOKAK;sokak;889519
DÜZCE;MERKEZ;DEMETEVLER;4100. SOKAK;sokak;889516
DÜZCE;MERKEZ;DEMETEVLER;4101. SOKAK;sokak;889515
DÜZCE;MERKEZ;DEMETEVLER;4102. SOKAK;sokak;889841
DÜZCE;MERKEZ;DEMETEVLER;4103. SOKAK;sokak;605686980
DÜZCE;MERKEZ;DEMETEVLER;4106. SOKAK;sokak;889524
DÜZCE;MERKEZ;DEMETEVLER;4107. SOKAK;sokak;889525
DÜZCE;MERKEZ;DEMETEVLER;4108. SOKAK;sokak;889527
DÜZCE;MERKEZ;DEMETEVLER;4112. SOKAK;sokak;889529
DÜZCE;MERKEZ;DEMETEVLER;4115. SOKAK;sokak;889528
DÜZCE;MERKEZ;DEMETEVLER;4116. SOKAK;sokak;890335
DÜZCE;MERKEZ;DEMETEVLER;4117. SOKAK;sokak;890905
DÜZCE;MERKEZ;DEMETEVLER;4130. SOKAK;sokak;250716300
DÜZCE;MERKEZ;DEMETEVLER;4136. SOKAK;sokak;971764081
DÜZCE;MERKEZ;DEMETEVLER;ŞEHİT UFUK BAYSAN SOKAK;sokak;889523
DÜZCE;MERKEZ;DERDİN - ALAÇAM;ALAÇAM KÜME EVLER;sokak;603809
DÜZCE;MERKEZ;DERDİN - BAHÇELİEVLER;BAHÇELİEVLER KÜME EVLER;sokak;609643
DÜZCE;MERKEZ;DERDİN - DERE;DERE KÜME EVLER;sokak;599613
DÜZCE;MERKEZ;DERDİN - DORUK;DORUK KÜME EVLER;sokak;609444
DÜZCE;MERKEZ;DERDİN - FABRİKA;FABRİKA KÜME EVLER;sokak;616966
DÜZCE;MERKEZ;DERDİN - HAMAMDAĞI;HAMAMDAĞI KÜME EVLER;sokak;617052
DÜZCE;MERKEZ;DERDİN - HAMAMÜSTÜ;HAMAMÜSTÜ KÜME EVLER;sokak;85383
DÜZCE;MERKEZ;DERDİN - KARDELEN;KARDELEN KÜME EVLER;sokak;609257
DÜZCE;MERKEZ;DERDİN - TATİL KÖYÜ;TATİL KÖYÜ KÜME EVLER;sokak;605467
DÜZCE;MERKEZ;DERDİN - YANIK;YANIK KÜME EVLER;sokak;608028
DÜZCE;MERKEZ;DERELİTÜTÜNCÜ;1800. SOKAK;sokak;882830491
DÜZCE;MERKEZ;DERELİTÜTÜNCÜ;1802. SOKAK;sokak;926209
DÜZCE;MERKEZ;DERELİTÜTÜNCÜ;1803. SOKAK;sokak;926210
DÜZCE;MERKEZ;DERELİTÜTÜNCÜ;1804. SOKAK;sokak;593727221
DÜZCE;MERKEZ;DERELİTÜTÜNCÜ;1806. SOKAK;sokak;926211
DÜZCE;MERKEZ;DERELİTÜTÜNCÜ;1808. SOKAK;sokak;926212
DÜZCE;MERKEZ;DERELİTÜTÜNCÜ;1810. SOKAK;sokak;926213
DÜZCE;MERKEZ;DERELİTÜTÜNCÜ;1811. SOKAK;sokak;926214
DÜZCE;MERKEZ;DERELİTÜTÜNCÜ;1812. SOKAK;sokak;918727
DÜZCE;MERKEZ;DERELİTÜTÜNCÜ;1813. SOKAK;sokak;926215
DÜZCE;MERKEZ;DERELİTÜTÜNCÜ;1814. SOKAK;sokak;926216
DÜZCE;MERKEZ;DERELİTÜTÜNCÜ;1815. SOKAK;sokak;926217
DÜZCE;MERKEZ;DERELİTÜTÜNCÜ;1816. SOKAK;sokak;564814
DÜZCE;MERKEZ;DERELİTÜTÜNCÜ;1817. SOKAK;sokak;921734
DÜZCE;MERKEZ;DERELİTÜTÜNCÜ;1818. SOKAK;sokak;921735
DÜZCE;MERKEZ;DERELİTÜTÜNCÜ;1819. SOKAK;sokak;921736
DÜZCE;MERKEZ;DERELİTÜTÜNCÜ;1820. SOKAK;sokak;906148010
DÜZCE;MERKEZ;DERELİTÜTÜNCÜ;1822. SOKAK;sokak;862400
DÜZCE;MERKEZ;DERELİTÜTÜNCÜ;1823. SOKAK;sokak;921737
DÜZCE;MERKEZ;DERELİTÜTÜNCÜ;1824. SOKAK;sokak;926218
DÜZCE;MERKEZ;DERELİTÜTÜNCÜ;1825. SOKAK;sokak;436798930
DÜZCE;MERKEZ;DERELİTÜTÜNCÜ;1826. SOKAK;sokak;888533871
DÜZCE;MERKEZ;DERELİTÜTÜNCÜ;1827. SOKAK;sokak;567768
DÜZCE;MERKEZ;DERELİTÜTÜNCÜ;1828. SOKAK;sokak;577415551
DÜZCE;MERKEZ;DERELİTÜTÜNCÜ;1829. SOKAK;sokak;921738
DÜZCE;MERKEZ;DERELİTÜTÜNCÜ;1832. SOKAK;sokak;188900950
DÜZCE;MERKEZ;DERELİTÜTÜNCÜ;1834. SOKAK;sokak;921739
DÜZCE;MERKEZ;DERELİTÜTÜNCÜ;1839. SOKAK;sokak;859880
DÜZCE;MERKEZ;DERELİTÜTÜNCÜ;1841. CADDE;cadde;921740
DÜZCE;MERKEZ;DERELİTÜTÜNCÜ;1842. SOKAK;sokak;862632
DÜZCE;MERKEZ;DERELİTÜTÜNCÜ;1843. SOKAK;sokak;833066
DÜZCE;MERKEZ;DERELİTÜTÜNCÜ;1844. SOKAK;sokak;833068
DÜZCE;MERKEZ;DERELİTÜTÜNCÜ;1845. SOKAK;sokak;833067
DÜZCE;MERKEZ;DERELİTÜTÜNCÜ;1846. SOKAK;sokak;833065
DÜZCE;MERKEZ;DERELİTÜTÜNCÜ;1847. SOKAK;sokak;506786970
DÜZCE;MERKEZ;DERELİTÜTÜNCÜ;1848. SOKAK;sokak;927881571
DÜZCE;MERKEZ;DERELİTÜTÜNCÜ;1849. SOKAK;sokak;880884480
DÜZCE;MERKEZ;DERELİTÜTÜNCÜ;1850. SOKAK;sokak;904980310
DÜZCE;MERKEZ;DERELİTÜTÜNCÜ;1851. SOKAK;sokak;552365741
DÜZCE;MERKEZ;DERELİTÜTÜNCÜ;1853. SOKAK;sokak;921741
DÜZCE;MERKEZ;DERELİTÜTÜNCÜ;1855. SOKAK;sokak;862710
DÜZCE;MERKEZ;DERELİTÜTÜNCÜ;1856. SOKAK;sokak;533912980
DÜZCE;MERKEZ;DERELİTÜTÜNCÜ;1857. SOKAK;sokak;338524191
DÜZCE;MERKEZ;DERELİTÜTÜNCÜ;1859. SOKAK;sokak;569842
DÜZCE;MERKEZ;DERELİTÜTÜNCÜ;1860. SOKAK;sokak;848575
DÜZCE;MERKEZ;DERELİTÜTÜNCÜ;1861. SOKAK;sokak;834459
DÜZCE;MERKEZ;DERELİTÜTÜNCÜ;1862. SOKAK;sokak;392932201
DÜZCE;MERKEZ;DERELİTÜTÜNCÜ;1864. SOKAK;sokak;835124
DÜZCE;MERKEZ;DERELİTÜTÜNCÜ;1865. SOKAK;sokak;564856
DÜZCE;MERKEZ;DERELİTÜTÜNCÜ;1867. SOKAK;sokak;564853
DÜZCE;MERKEZ;DERELİTÜTÜNCÜ;1868. SOKAK;sokak;576875
DÜZCE;MERKEZ;DERELİTÜTÜNCÜ;1869. SOKAK;sokak;564852
DÜZCE;MERKEZ;DERELİTÜTÜNCÜ;1870. SOKAK;sokak;562364
DÜZCE;MERKEZ;DERELİTÜTÜNCÜ;1873. SOKAK;sokak;387473
DÜZCE;MERKEZ;DERELİTÜTÜNCÜ;1874. SOKAK;sokak;565497
DÜZCE;MERKEZ;DERELİTÜTÜNCÜ;1877. SOKAK;sokak;586210791
DÜZCE;MERKEZ;DERELİTÜTÜNCÜ;1879. SOKAK;sokak;407991321
DÜZCE;MERKEZ;DERELİTÜTÜNCÜ;1880. SOKAK;sokak;834089221
DÜZCE;MERKEZ;DERELİTÜTÜNCÜ;1882. SOKAK;sokak;575729
DÜZCE;MERKEZ;DERELİTÜTÜNCÜ;1883. SOKAK;sokak;787468980
DÜZCE;MERKEZ;DERELİTÜTÜNCÜ;1884. SOKAK;sokak;778041510
DÜZCE;MERKEZ;DERELİTÜTÜNCÜ;1885. SOKAK;sokak;568885
DÜZCE;MERKEZ;DERELİTÜTÜNCÜ;1886. SOKAK;sokak;560566
DÜZCE;MERKEZ;DERELİTÜTÜNCÜ;1892. SOKAK;sokak;869152
DÜZCE;MERKEZ;DERELİTÜTÜNCÜ;1893. SOKAK;sokak;564860
DÜZCE;MERKEZ;DERELİTÜTÜNCÜ;1895. SOKAK;sokak;862417
DÜZCE;MERKEZ;DERELİTÜTÜNCÜ;1896. SOKAK;sokak;869153
DÜZCE;MERKEZ;DERELİTÜTÜNCÜ;1898. SOKAK;sokak;869151
DÜZCE;MERKEZ;DERELİTÜTÜNCÜ;1900. SOKAK;sokak;370679980
DÜZCE;MERKEZ;DERELİTÜTÜNCÜ;1903. SOKAK;sokak;564873
DÜZCE;MERKEZ;DERELİTÜTÜNCÜ;1904. SOKAK;sokak;686347
DÜZCE;MERKEZ;DERELİTÜTÜNCÜ;1906. SOKAK;sokak;558955
DÜZCE;MERKEZ;DERELİTÜTÜNCÜ;1907. SOKAK;sokak;890975961
DÜZCE;MERKEZ;DERELİTÜTÜNCÜ;1908. SOKAK;sokak;565799
DÜZCE;MERKEZ;DERELİTÜTÜNCÜ;1909. SOKAK;sokak;577334
DÜZCE;MERKEZ;DERELİTÜTÜNCÜ;1910. SOKAK;sokak;564872
DÜZCE;MERKEZ;DERELİTÜTÜNCÜ;1914. SOKAK;sokak;869149
DÜZCE;MERKEZ;DERELİTÜTÜNCÜ;1927. SOKAK;sokak;863219
DÜZCE;MERKEZ;DERELİTÜTÜNCÜ;1944. SOKAK;sokak;850735
DÜZCE;MERKEZ;DERELİTÜTÜNCÜ;2211. SOKAK;sokak;217216671
DÜZCE;MERKEZ;DERELİTÜTÜNCÜ;2216. SOKAK;sokak;532585210
DÜZCE;MERKEZ;DERELİTÜTÜNCÜ;2217. SOKAK;sokak;484266881
DÜZCE;MERKEZ;DERELİTÜTÜNCÜ;2218. SOKAK;sokak;915123
DÜZCE;MERKEZ;DERELİTÜTÜNCÜ;2219. SOKAK;sokak;915127
DÜZCE;MERKEZ;DERELİTÜTÜNCÜ;2227. SOKAK;sokak;719806270
DÜZCE;MERKEZ;DERELİTÜTÜNCÜ;2277. SOKAK;sokak;349015871
DÜZCE;MERKEZ;DERELİTÜTÜNCÜ;2302. SOKAK;sokak;387009021
DÜZCE;MERKEZ;DERELİTÜTÜNCÜ;5329. SOKAK;sokak;767615270
DÜZCE;MERKEZ;DERELİTÜTÜNCÜ;ACAR SOKAK;sokak;564869
DÜZCE;MERKEZ;DERELİTÜTÜNCÜ;AKGÜN SOKAK;sokak;576984
DÜZCE;MERKEZ;DERELİTÜTÜNCÜ;ALİ ÇİL SOKAK;sokak;461755
DÜZCE;MERKEZ;DERELİTÜTÜNCÜ;ALİ DAYI SOKAK;sokak;564728
DÜZCE;MERKEZ;DERELİTÜTÜNCÜ;ALİ GÜNAL SOKAK;sokak;573802
DÜZCE;MERKEZ;DERELİTÜTÜNCÜ;AYDIN DEMİR SOKAK;sokak;570539
DÜZCE;MERKEZ;DERELİTÜTÜNCÜ;CEYLAN SOKAK;sokak;561537
DÜZCE;MERKEZ;DERELİTÜTÜNCÜ;DEDELER CADDE;cadde;566648
DÜZCE;MERKEZ;DERELİTÜTÜNCÜ;DEMİR SOKAK;sokak;683340
DÜZCE;MERKEZ;DERELİTÜTÜNCÜ;FERDA SEVEN SOKAK;sokak;569099
DÜZCE;MERKEZ;DERELİTÜTÜNCÜ;GÖRGÜLÜ SOKAK;sokak;938270
DÜZCE;MERKEZ;DERELİTÜTÜNCÜ;HASAN MERT SOKAK;sokak;569734
DÜZCE;MERKEZ;DERELİTÜTÜNCÜ;HÜSNÜ MERT SOKAK;sokak;561615
DÜZCE;MERKEZ;DERELİTÜTÜNCÜ;İNANOĞLU SOKAK;sokak;564867
DÜZCE;MERKEZ;DERELİTÜTÜNCÜ;İSHAK GÜNAL SOKAK;sokak;566588
DÜZCE;MERKEZ;DERELİTÜTÜNCÜ;KAZIM SİVRİOĞLU SOKAK;sokak;563794
DÜZCE;MERKEZ;DERELİTÜTÜNCÜ;KÖŞE SOKAK;sokak;565830
DÜZCE;MERKEZ;DERELİTÜTÜNCÜ;KÜÇÜK SOKAK;sokak;566214
DÜZCE;MERKEZ;DERELİTÜTÜNCÜ;LATİFOĞLU SOKAK;sokak;565737
DÜZCE;MERKEZ;DERELİTÜTÜNCÜ;OSMAN ÜSTÜNEL SOKAK;sokak;574802
DÜZCE;MERKEZ;DERELİTÜTÜNCÜ;SEVEN SOKAK;sokak;575599
DÜZCE;MERKEZ;DERELİTÜTÜNCÜ;ŞEHİT ÖMER HALİSDEMİR CADDE;cadde;204064270
DÜZCE;MERKEZ;DERELİTÜTÜNCÜ;TEMEL SOKAK;sokak;72891
DÜZCE;MERKEZ;DERELİTÜTÜNCÜ;TÜTÜNCÜ CADDE;cadde;565063
DÜZCE;MERKEZ;DEVELİ BESNİ NA;DEVELİ BESNİ KÜME EVLER;sokak;522593
DÜZCE;MERKEZ;DOĞANLI NA;9100. SOKAK;sokak;1230815
DÜZCE;MERKEZ;DOĞANLI NA;9101. SOKAK;sokak;1230817
DÜZCE;MERKEZ;DOĞANLI NA;9104. SOKAK;sokak;529230911
DÜZCE;MERKEZ;DOĞANLI NA;9110. SOKAK;sokak;1230819
DÜZCE;MERKEZ;DOĞANLI NA;9120. SOKAK;sokak;1230821
DÜZCE;MERKEZ;DOĞANLI NA;9121. SOKAK;sokak;1230823
DÜZCE;MERKEZ;DOĞANLI NA;9122 SOKAK;sokak;1230825
DÜZCE;MERKEZ;DOĞANLI NA;9123. SOKAK;sokak;1230827
DÜZCE;MERKEZ;DOĞANLI NA;9124. SOKAK;sokak;1230829
DÜZCE;MERKEZ;DOĞANLI NA;9125. SOKAK;sokak;1230831
DÜZCE;MERKEZ;DOĞANLI NA;9126. SOKAK;sokak;1230833
DÜZCE;MERKEZ;DOĞANLI NA;9127 SOKAK;sokak;1230835
DÜZCE;MERKEZ;DOĞANLI NA;9128. SOKAK;sokak;1230837
DÜZCE;MERKEZ;DOĞANLI NA;9129. SOKAK;sokak;1230839
DÜZCE;MERKEZ;DOĞANLI NA;9130. SOKAK;sokak;1230841
DÜZCE;MERKEZ;DOĞANLI NA;9139. SOKAK;sokak;1230847
DÜZCE;MERKEZ;DOĞANLI NA;9150. SOKAK;sokak;1230845
DÜZCE;MERKEZ;DOĞANLI NA;9164. SOKAK;sokak;1230843
DÜZCE;MERKEZ;DOĞANLI NA;9170. SOKAK;sokak;318141891
DÜZCE;MERKEZ;DOĞANLI NA;9175. SOKAK;sokak;524705491
DÜZCE;MERKEZ;DOĞANLI NA;9200. SOKAK;sokak;411687090
DÜZCE;MERKEZ;DOĞANLI NA;9204. SOKAK;sokak;653961520
DÜZCE;MERKEZ;DOĞANLI NA;9210. SOKAK;sokak;620500670
DÜZCE;MERKEZ;DOĞANLI NA;9211. SOKAK;sokak;922707760
DÜZCE;MERKEZ;DOĞANLI NA;9212. SOKAK;sokak;934710500
DÜZCE;MERKEZ;DOĞANLI NA;9213. SOKAK;sokak;378446510
DÜZCE;MERKEZ;DOĞANLI NA;9215. SOKAK;sokak;316487360
DÜZCE;MERKEZ;DOĞANLI NA;9216. SOKAK;sokak;622989971
DÜZCE;MERKEZ;DOĞANLI NA;9220. SOKAK;sokak;936738460
DÜZCE;MERKEZ;DOĞANLI NA;9222. SOKAK;sokak;185711900
DÜZCE;MERKEZ;DOĞANLI NA;9223. SOKAK;sokak;147747490
DÜZCE;MERKEZ;DOĞANLI NA;9224. SOKAK;sokak;186870951
DÜZCE;MERKEZ;DOĞANLI NA;9225. SOKAK;sokak;854482150
DÜZCE;MERKEZ;DOĞANLI NA;9226. SOKAK;sokak;496419210
DÜZCE;MERKEZ;DOĞANLI NA;9234. SOKAK;sokak;843032880
DÜZCE;MERKEZ;DOĞANLI NA;9235. SOKAK;sokak;937396620
DÜZCE;MERKEZ;DOĞANLI NA;9237. SOKAK;sokak;871753371
DÜZCE;MERKEZ;DOĞANLI NA;9238. SOKAK;sokak;883233400
DÜZCE;MERKEZ;DOĞANLI NA;9239. SOKAK;sokak;309648860
DÜZCE;MERKEZ;DOĞANLI NA;9240. SOKAK;sokak;216641720
DÜZCE;MERKEZ;DOĞANLI NA;9242. SOKAK;sokak;851167880
DÜZCE;MERKEZ;DOĞANLI NA;9251. SOKAK;sokak;415150240
DÜZCE;MERKEZ;DOĞANLI NA;9252. SOKAK;sokak;137821230
DÜZCE;MERKEZ;DOĞANLI NA;D-100 KARAYOLU SOKAK;sokak;1230813
DÜZCE;MERKEZ;DURAKLAR NA;1/1 CADDE;cadde;382295480
DÜZCE;MERKEZ;DURAKLAR NA;20640. SOKAK;sokak;309575911
DÜZCE;MERKEZ;DURAKLAR NA;5/1 SOKAK;sokak;906978221
DÜZCE;MERKEZ;DURAKLAR NA;5/3 SOKAK;sokak;866999490
DÜZCE;MERKEZ;DURAKLAR NA;DURAKLAR KÜME EVLER;sokak;508926
DÜZCE;MERKEZ;DÜVERDÜZÜ - KARAÖMER;KARAÖMER KÜME EVLER;sokak;601100
DÜZCE;MERKEZ;DÜVERDÜZÜ - KARAÖMER;MERKEZ KÜME EVLER;sokak;265141251
DÜZCE;MERKEZ;DÜVERDÜZÜ - MERKEZ;MERKEZ KÜME EVLER;sokak;602175
DÜZCE;MERKEZ;DÜZKÖY - MERKEZ;DÜZCE/AKÇAKOCA YOLU BULVAR;sokak;425368130
DÜZCE;MERKEZ;DÜZKÖY - MERKEZ;ESER KÜME EVLER;sokak;1025171
DÜZCE;MERKEZ;DÜZKÖY - MERKEZ;KONURALP 631. SOKAK;sokak;188581260
DÜZCE;MERKEZ;DÜZKÖY - MERKEZ;MERKEZ KÜME EVLER;sokak;523105
DÜZCE;MERKEZ;EMİNAÇMA NA;EMİNAÇMA KÜME EVLER;sokak;535207
DÜZCE;MERKEZ;EMİNAÇMA NA;TANTAN KUYU KÜME EVLER;sokak;787552870
DÜZCE;MERKEZ;ERDEMLİ NA;ERDEMLİ KÜME EVLER;sokak;484826
DÜZCE;MERKEZ;ESENÇAM - HECİNLER;HECİNLER KÜME EVLER;sokak;484377
DÜZCE;MERKEZ;ESENÇAM - MERKEZ;ESENTEPE KÜME EVLER;sokak;468050650
DÜZCE;MERKEZ;ESENÇAM - MERKEZ;MERKEZ KÜME EVLER;sokak;632782
DÜZCE;MERKEZ;ESENÇAM - ÜÇKESE;DEMİRCİLER KÜME EVLER;sokak;240335811
DÜZCE;MERKEZ;ESENÇAM - ÜÇKESE;GÜNEY KÜME EVLER;sokak;932937101
DÜZCE;MERKEZ;ESENÇAM - ÜÇKESE;ÜÇKESE KÜME EVLER;sokak;630399
DÜZCE;MERKEZ;ESENTEPE;1.ESENTEPE CADDE;cadde;889680
DÜZCE;MERKEZ;ESENTEPE;100. SOKAK;sokak;889700
DÜZCE;MERKEZ;ESENTEPE;3.DÜZCE BULVAR;sokak;889676
DÜZCE;MERKEZ;ESENTEPE;7.DÜZCE BULVAR;sokak;889677
DÜZCE;MERKEZ;ESENTEPE;8.DÜZCE BULVAR;sokak;889678
DÜZCE;MERKEZ;ESENTEPE;81. SOKAK;sokak;889681
DÜZCE;MERKEZ;ESENTEPE;83. SOKAK;sokak;889682
DÜZCE;MERKEZ;ESENTEPE;84. SOKAK;sokak;889683
DÜZCE;MERKEZ;ESENTEPE;85. SOKAK;sokak;889684
DÜZCE;MERKEZ;ESENTEPE;86. SOKAK;sokak;889686
DÜZCE;MERKEZ;ESENTEPE;87. SOKAK;sokak;889687
DÜZCE;MERKEZ;ESENTEPE;88. SOKAK;sokak;889688
DÜZCE;MERKEZ;ESENTEPE;89. SOKAK;sokak;889689
DÜZCE;MERKEZ;ESENTEPE;9.DÜZCE BULVAR;sokak;889679
DÜZCE;MERKEZ;ESENTEPE;90. SOKAK;sokak;889690
DÜZCE;MERKEZ;ESENTEPE;91. SOKAK;sokak;889691
DÜZCE;MERKEZ;ESENTEPE;92. SOKAK;sokak;889692
DÜZCE;MERKEZ;ESENTEPE;93. SOKAK;sokak;889693
DÜZCE;MERKEZ;ESENTEPE;94. SOKAK;sokak;889694
DÜZCE;MERKEZ;ESENTEPE;95. SOKAK;sokak;889695
DÜZCE;MERKEZ;ESENTEPE;96. SOKAK;sokak;889696
DÜZCE;MERKEZ;ESENTEPE;97. SOKAK;sokak;889697
DÜZCE;MERKEZ;ESENTEPE;98. SOKAK;sokak;889698
DÜZCE;MERKEZ;ESENTEPE;99. SOKAK;sokak;889699
DÜZCE;MERKEZ;ESENTEPE NA;3786. SOKAK;sokak;783156860
DÜZCE;MERKEZ;ESENTEPE NA;ESENTEPE KÜME EVLER;sokak;526341
DÜZCE;MERKEZ;ESKİ MENGENCİK - ÇAM;7156. SOKAK;sokak;419831150
DÜZCE;MERKEZ;ESKİ MENGENCİK - ÇAM;7400. SOKAK;sokak;547423901
DÜZCE;MERKEZ;ESKİ MENGENCİK - ÇAM;8500. SOKAK;sokak;299878310
DÜZCE;MERKEZ;ESKİ MENGENCİK - ÇAM;ANADOLU OTOYOLU BULVAR;sokak;763911431
DÜZCE;MERKEZ;ESKİ MENGENCİK - ÇAM;ÇAM KÜME EVLER;sokak;462836
DÜZCE;MERKEZ;ESKİ MENGENCİK - MERKEZ;4. SOKAK;sokak;241907120
DÜZCE;MERKEZ;ESKİ MENGENCİK - MERKEZ;KÖY SOKAK;sokak;888282490
DÜZCE;MERKEZ;ESKİ MENGENCİK - MERKEZ;MERKEZ KÜME EVLER;sokak;549217
DÜZCE;MERKEZ;FATİH;1086. SOKAK;sokak;859266
DÜZCE;MERKEZ;FATİH;1096. SOKAK;sokak;657388
DÜZCE;MERKEZ;FATİH;1107. SOKAK;sokak;654765
DÜZCE;MERKEZ;FATİH;1109. SOKAK;sokak;655635
DÜZCE;MERKEZ;FATİH;1111. SOKAK;sokak;655753
DÜZCE;MERKEZ;FATİH;1112. SOKAK;sokak;658638
DÜZCE;MERKEZ;FATİH;1113. SOKAK;sokak;660029
DÜZCE;MERKEZ;FATİH;1114. SOKAK;sokak;653612
DÜZCE;MERKEZ;FATİH;1117. SOKAK;sokak;653608
DÜZCE;MERKEZ;FATİH;1118. SOKAK;sokak;655203
DÜZCE;MERKEZ;FATİH;1119. SOKAK;sokak;657082
DÜZCE;MERKEZ;FATİH;1121. SOKAK;sokak;646661
DÜZCE;MERKEZ;FATİH;1122. SOKAK;sokak;650742
DÜZCE;MERKEZ;FATİH;1123. SOKAK;sokak;653338
DÜZCE;MERKEZ;FATİH;1128. SOKAK;sokak;929742940
DÜZCE;MERKEZ;FATİH;2577. CADDE;cadde;860166
DÜZCE;MERKEZ;FATİH;BAHAR SOKAK;sokak;154622
DÜZCE;MERKEZ;FATİH;ÇAĞLAR SOKAK;sokak;409180
DÜZCE;MERKEZ;FATİH;D 100 KARAYOLU CADDE;cadde;409181
DÜZCE;MERKEZ;FATİH;DADAŞ SOKAK;sokak;657486
DÜZCE;MERKEZ;FATİH;FEHMİ ÖNEY SOKAK;sokak;154620
DÜZCE;MERKEZ;FATİH;GÜMRÜK SOKAK;sokak;154621
DÜZCE;MERKEZ;FATİH;GÜNAYDIN SOKAK;sokak;648696
DÜZCE;MERKEZ;FATİH;RUHİ KURNAZ CADDE;cadde;930835250
DÜZCE;MERKEZ;FATİH;RUMELİ SOKAK;sokak;651482
DÜZCE;MERKEZ;FATİH;ŞEHİT HAKAN DİLER SOKAK;sokak;154618
DÜZCE;MERKEZ;FATİH;TARAKÇI SOKAK;sokak;650813
DÜZCE;MERKEZ;FEVZİÇAKMAK;123. SOKAK;sokak;935655
DÜZCE;MERKEZ;FEVZİÇAKMAK;124. SOKAK;sokak;379219390
DÜZCE;MERKEZ;FEVZİÇAKMAK;125. SOKAK;sokak;935656
DÜZCE;MERKEZ;FEVZİÇAKMAK;128. SOKAK;sokak;435721141
DÜZCE;MERKEZ;FEVZİÇAKMAK;130. SOKAK;sokak;830934011
DÜZCE;MERKEZ;FEVZİÇAKMAK;131. SOKAK;sokak;172321411
DÜZCE;MERKEZ;FEVZİÇAKMAK;137. CADDE;cadde;233309541
DÜZCE;MERKEZ;FEVZİÇAKMAK;139. SOKAK;sokak;864951
DÜZCE;MERKEZ;FEVZİÇAKMAK;141. SOKAK;sokak;727289
DÜZCE;MERKEZ;FEVZİÇAKMAK;142. SOKAK;sokak;154631
DÜZCE;MERKEZ;FEVZİÇAKMAK;145. SOKAK;sokak;917303660
DÜZCE;MERKEZ;FEVZİÇAKMAK;146. SOKAK;sokak;857473
DÜZCE;MERKEZ;FEVZİÇAKMAK;149. SOKAK;sokak;686698030
DÜZCE;MERKEZ;FEVZİÇAKMAK;150. SOKAK;sokak;501990
DÜZCE;MERKEZ;FEVZİÇAKMAK;151. SOKAK;sokak;443416910
DÜZCE;MERKEZ;FEVZİÇAKMAK;155. SOKAK;sokak;505636
DÜZCE;MERKEZ;FEVZİÇAKMAK;156. SOKAK;sokak;721581
DÜZCE;MERKEZ;FEVZİÇAKMAK;161. SOKAK;sokak;409182
DÜZCE;MERKEZ;FEVZİÇAKMAK;163. SOKAK;sokak;843604
DÜZCE;MERKEZ;FEVZİÇAKMAK;165. SOKAK;sokak;812384
DÜZCE;MERKEZ;FEVZİÇAKMAK;166. SOKAK;sokak;512846
DÜZCE;MERKEZ;FEVZİÇAKMAK;167. SOKAK;sokak;503846
DÜZCE;MERKEZ;FEVZİÇAKMAK;168. SOKAK;sokak;523889230
DÜZCE;MERKEZ;FEVZİÇAKMAK;170. SOKAK;sokak;502634
DÜZCE;MERKEZ;FEVZİÇAKMAK;173. SOKAK;sokak;501771
DÜZCE;MERKEZ;FEVZİÇAKMAK;5468. SOKAK;sokak;781498610
DÜZCE;MERKEZ;FEVZİÇAKMAK;5474. SOKAK;sokak;949126801
DÜZCE;MERKEZ;FEVZİÇAKMAK;5475. SOKAK;sokak;264373501
DÜZCE;MERKEZ;FEVZİÇAKMAK;5477. SOKAK;sokak;371509271
DÜZCE;MERKEZ;FEVZİÇAKMAK;5485. SOKAK;sokak;838601891
DÜZCE;MERKEZ;FEVZİÇAKMAK;5490. SOKAK;sokak;998464041
DÜZCE;MERKEZ;FEVZİÇAKMAK;ASAR SOKAK;sokak;154624
DÜZCE;MERKEZ;FEVZİÇAKMAK;BOLU CADDE;cadde;511006
DÜZCE;MERKEZ;FEVZİÇAKMAK;ÇELTİK SOKAK;sokak;869479
DÜZCE;MERKEZ;FEVZİÇAKMAK;ÇİFTECEVİZLER SOKAK;sokak;154638
DÜZCE;MERKEZ;FEVZİÇAKMAK;D 100 KARAYOLU CADDE;cadde;154625
DÜZCE;MERKEZ;FEVZİÇAKMAK;DERE SOKAK;sokak;154626
DÜZCE;MERKEZ;FEVZİÇAKMAK;DUROĞLU SOKAK;sokak;154627
DÜZCE;MERKEZ;FEVZİÇAKMAK;DÜZENLİ SOKAK;sokak;938268
DÜZCE;MERKEZ;FEVZİÇAKMAK;EREL SOKAK;sokak;154628
DÜZCE;MERKEZ;FEVZİÇAKMAK;FAZIL KÜÇÜK SOKAK;sokak;504708
DÜZCE;MERKEZ;FEVZİÇAKMAK;GÖZDE SOKAK;sokak;830030381
DÜZCE;MERKEZ;FEVZİÇAKMAK;HÜSEYİN REMZİ SOKAK;sokak;154632
DÜZCE;MERKEZ;FEVZİÇAKMAK;KEMAL KURU SOKAK;sokak;909017
DÜZCE;MERKEZ;FEVZİÇAKMAK;KUMRU SOKAK;sokak;154633
DÜZCE;MERKEZ;FEVZİÇAKMAK;KUTLU SOKAK;sokak;154634
DÜZCE;MERKEZ;FEVZİÇAKMAK;KÜÇÜKLER SOKAK;sokak;505211
DÜZCE;MERKEZ;FEVZİÇAKMAK;MİMAR SİNAN CADDE;cadde;490074
DÜZCE;MERKEZ;FEVZİÇAKMAK;MUSA SOKAK;sokak;935759
DÜZCE;MERKEZ;FEVZİÇAKMAK;PARS SOKAK;sokak;154635
DÜZCE;MERKEZ;FEVZİÇAKMAK;PULCU SOKAK;sokak;409183
DÜZCE;MERKEZ;FEVZİÇAKMAK;SAATÇİ SOKAK;sokak;154636
DÜZCE;MERKEZ;FEVZİÇAKMAK;SİVRİKAYA SOKAK;sokak;363491
DÜZCE;MERKEZ;FEVZİÇAKMAK;ŞEHİT MURAT UZUN SOKAK;sokak;268430110
DÜZCE;MERKEZ;FEVZİÇAKMAK;ŞEHİT SADIK SOKAK;sokak;154639
DÜZCE;MERKEZ;FEVZİÇAKMAK;ŞEHİT SELİM KİRAZ SOKAK;sokak;486891450
DÜZCE;MERKEZ;FEVZİÇAKMAK;TEVFİK DEMİR SOKAK;sokak;154637
DÜZCE;MERKEZ;FEVZİÇAKMAK;VELİOĞLU SOKAK;sokak;506079
DÜZCE;MERKEZ;FEVZİÇAKMAK;VURAL SOKAK;sokak;409184
DÜZCE;MERKEZ;FINDIKLIAKSU NA;FINDIKLI AKSU KÜME EVLER;sokak;508940
DÜZCE;MERKEZ;GÖKÇE;5485. SOKAK;sokak;838601890
DÜZCE;MERKEZ;GÖKÇE;5575. SOKAK;sokak;919302550
DÜZCE;MERKEZ;GÖKÇE;5600. CADDE;cadde;888645
DÜZCE;MERKEZ;GÖKÇE;7300. SOKAK;sokak;1257465
DÜZCE;MERKEZ;GÖKÇE;7330. SOKAK;sokak;1257093
DÜZCE;MERKEZ;GÖKÇE;7505. SOKAK;sokak;1223041
DÜZCE;MERKEZ;GÖKÇE;7512. SOKAK;sokak;1223043
DÜZCE;MERKEZ;GÖKÇE;7517. SOKAK;sokak;1223051
DÜZCE;MERKEZ;GÖKÇE;7530. SOKAK;sokak;234622941
DÜZCE;MERKEZ;GÖKÇE;7550. SOKAK;sokak;1223045
DÜZCE;MERKEZ;GÖKÇE;7555. SOKAK;sokak;1223053
DÜZCE;MERKEZ;GÖKÇE;7556. SOKAK;sokak;1223055
DÜZCE;MERKEZ;GÖKÇE;7560. SOKAK;sokak;1223057
DÜZCE;MERKEZ;GÖKÇE;7565. SOKAK;sokak;1223059
DÜZCE;MERKEZ;GÖKÇE;7570. SOKAK;sokak;1223061
DÜZCE;MERKEZ;GÖKÇE;7576. SOKAK;sokak;390239081
DÜZCE;MERKEZ;GÖKÇE;7580. SOKAK;sokak;1223063
DÜZCE;MERKEZ;GÖKÇE;7586. SOKAK;sokak;708691690
DÜZCE;MERKEZ;GÖKÇE;7700. SOKAK;sokak;1223047
DÜZCE;MERKEZ;GÖKÇE;7701. SOKAK;sokak;638425611
DÜZCE;MERKEZ;GÖKÇE;7702. SOKAK;sokak;198969351
DÜZCE;MERKEZ;GÖKÇE;D-100 KARAYOLU SOKAK;sokak;1225985
DÜZCE;MERKEZ;GÖLORMANI - DEĞİRMEN;DEĞİRMEN KÜME EVLER;sokak;578273
DÜZCE;MERKEZ;GÖLORMANI - DEĞİRMEN;MERKEZ KÜME EVLER;sokak;106971591
DÜZCE;MERKEZ;GÖLORMANI - DEPO;DEPO KÜME EVLER;sokak;582990
DÜZCE;MERKEZ;GÖLORMANI - KALYONCU;KALYONCU KÜME EVLER;sokak;574365
DÜZCE;MERKEZ;GÖLORMANI - KARAÇAVUŞ;KARAÇAVUŞ KÜME EVLER;sokak;569064
DÜZCE;MERKEZ;GÖLORMANI - KARASAKAL;KARASAKAL KÜME EVLER;sokak;566864
DÜZCE;MERKEZ;GÖLORMANI - MERKEZ;MERKEZ KÜME EVLER;sokak;591558
DÜZCE;MERKEZ;GÖLORMANI - NUSRET YILMAZ;MERKEZ KÜME EVLER;sokak;215157961
DÜZCE;MERKEZ;GÖLORMANI - NUSRET YILMAZ;NUSRET YILMAZ KÜME EVLER;sokak;569404
DÜZCE;MERKEZ;GÖLORMANI - UZUNALİ;UZUNALİ KÜME EVLER;sokak;24454
DÜZCE;MERKEZ;GÜLDERE NA;GÜLDERE KÜME EVLER;sokak;502787
DÜZCE;MERKEZ;GÜMÜŞPINAR NA;10550. SOKAK;sokak;999311230
DÜZCE;MERKEZ;GÜMÜŞPINAR NA;9500. SOKAK;sokak;633949100
DÜZCE;MERKEZ;GÜMÜŞPINAR NA;9590. SOKAK;sokak;495716310
DÜZCE;MERKEZ;GÜMÜŞPINAR NA;9595. SOKAK;sokak;771564040
DÜZCE;MERKEZ;GÜMÜŞPINAR NA;9657. SOKAK;sokak;475901790
DÜZCE;MERKEZ;GÜMÜŞPINAR NA;9659. SOKAK;sokak;561948890
DÜZCE;MERKEZ;GÜMÜŞPINAR NA;9660. SOKAK;sokak;580594110
DÜZCE;MERKEZ;GÜMÜŞPINAR NA;9663. SOKAK;sokak;296511630
DÜZCE;MERKEZ;GÜMÜŞPINAR NA;9670. SOKAK;sokak;663124631
DÜZCE;MERKEZ;GÜMÜŞPINAR NA;9675. SOKAK;sokak;270045970
DÜZCE;MERKEZ;GÜMÜŞPINAR NA;9680. SOKAK;sokak;809372790
DÜZCE;MERKEZ;GÜMÜŞPINAR NA;9685. SOKAK;sokak;468176310
DÜZCE;MERKEZ;GÜMÜŞPINAR NA;9688. SOKAK;sokak;820054060
DÜZCE;MERKEZ;GÜMÜŞPINAR NA;9690. SOKAK;sokak;473587261
DÜZCE;MERKEZ;GÜMÜŞPINAR NA;9696. SOKAK;sokak;421883670
DÜZCE;MERKEZ;GÜMÜŞPINAR NA;9702. SOKAK;sokak;261242551
DÜZCE;MERKEZ;GÜMÜŞPINAR NA;9703. SOKAK;sokak;815264850
DÜZCE;MERKEZ;GÜMÜŞPINAR NA;9707. SOKAK;sokak;369408800
DÜZCE;MERKEZ;GÜMÜŞPINAR NA;9730. SOKAK;sokak;267014660
DÜZCE;MERKEZ;GÜNBAŞI - GÜNBAŞI MÜCAVİR;MERKEZ GÜNBAŞI SOKAK;sokak;1003298
DÜZCE;MERKEZ;GÜNBAŞI - KARA AĞAÇ;KARA AĞAÇ KÜME EVLER;sokak;513481
DÜZCE;MERKEZ;GÜNBAŞI - MERKEZ;10895. SOKAK;sokak;653008991
DÜZCE;MERKEZ;GÜNBAŞI - MERKEZ;MERKEZ KÜME EVLER;sokak;125541
DÜZCE;MERKEZ;GÜNBAŞI - POYRAZ;POYRAZ KÜME EVLER;sokak;526381
DÜZCE;MERKEZ;GÜNBAŞI - YUKARI;YUKARI KÜME EVLER;sokak;279075
DÜZCE;MERKEZ;GÜNDOLAMASI NA;10050. SOKAK;sokak;350794411
DÜZCE;MERKEZ;GÜNDOLAMASI NA;10053. SOKAK;sokak;140645540
DÜZCE;MERKEZ;GÜNDOLAMASI NA;10054. SOKAK;sokak;760680480
DÜZCE;MERKEZ;GÜNDOLAMASI NA;10055. SOKAK;sokak;637216820
DÜZCE;MERKEZ;GÜNDOLAMASI NA;10060. SOKAK;sokak;437651060
DÜZCE;MERKEZ;GÜNDOLAMASI NA;10062. SOKAK;sokak;247655540
DÜZCE;MERKEZ;GÜNDOLAMASI NA;10070. SOKAK;sokak;456757900
DÜZCE;MERKEZ;GÜNDOLAMASI NA;10076. SOKAK;sokak;183469240
DÜZCE;MERKEZ;GÜNDOLAMASI NA;10078. SOKAK;sokak;287758070
DÜZCE;MERKEZ;GÜNDOLAMASI NA;10079. SOKAK;sokak;802189510
DÜZCE;MERKEZ;GÜNDOLAMASI NA;10080. SOKAK;sokak;578773340
DÜZCE;MERKEZ;GÜNDOLAMASI NA;10081. SOKAK;sokak;715791300
DÜZCE;MERKEZ;GÜNDOLAMASI NA;10085. SOKAK;sokak;910767290
DÜZCE;MERKEZ;GÜNDOLAMASI NA;10090. SOKAK;sokak;175956200
DÜZCE;MERKEZ;GÜNDOLAMASI NA;10200. SOKAK;sokak;46864948
DÜZCE;MERKEZ;GÜNDOLAMASI NA;10204. SOKAK;sokak;418969860
DÜZCE;MERKEZ;GÜNDOLAMASI NA;10240. SOKAK;sokak;924635380
DÜZCE;MERKEZ;GÜNDOLAMASI NA;4773. SOKAK;sokak;435486270
DÜZCE;MERKEZ;GÜNDOLAMASI NA;5367. SOKAK;sokak;439207431
DÜZCE;MERKEZ;GÜNDOLAMASI NA;5400. SOKAK;sokak;514963470
DÜZCE;MERKEZ;GÜNDOLAMASI NA;5730. SOKAK;sokak;878701500
DÜZCE;MERKEZ;GÜNDOLAMASI NA;9888. SOKAK;sokak;894280491
DÜZCE;MERKEZ;GÜNDOLAMASI NA;9889. SOKAK;sokak;459006020
DÜZCE;MERKEZ;GÜNDOLAMASI NA;9890. SOKAK;sokak;832453080
DÜZCE;MERKEZ;GÜNDOLAMASI NA;9892. SOKAK;sokak;603128810
DÜZCE;MERKEZ;GÜNDOLAMASI NA;9950. SOKAK;sokak;405590641
DÜZCE;MERKEZ;GÜNDOLAMASI NA;9972. SOKAK;sokak;429811340
DÜZCE;MERKEZ;GÜNDOLAMASI NA;9980. SOKAK;sokak;249160820
DÜZCE;MERKEZ;GÜNDOLAMASI NA;9981. SOKAK;sokak;473081920
DÜZCE;MERKEZ;GÜNDOLAMASI NA;GÜNDOLAMASIKÜME KÜME EVLER;sokak;731706231
DÜZCE;MERKEZ;GÜVEN - KIRKACAK;BÜK KÜME EVLER;sokak;327886220
DÜZCE;MERKEZ;GÜVEN - KIRKACAK;KIRKACAK KÜME EVLER;sokak;527156
DÜZCE;MERKEZ;GÜVEN - KİREÇKUYUSU;BÜK KÜME EVLER;sokak;547558550
DÜZCE;MERKEZ;GÜVEN - KİREÇKUYUSU;KIRKACAK KÜME EVLER;sokak;798555080
DÜZCE;MERKEZ;GÜVEN - KİREÇKUYUSU;KİREÇKUYUSU KÜME EVLER;sokak;526618
DÜZCE;MERKEZ;GÜVEN - KİREÇKUYUSU;SARIÇAM KÜME EVLER;sokak;466440760
DÜZCE;MERKEZ;GÜVEN - MERKEZ;MERKEZ KÜME EVLER;sokak;522768
DÜZCE;MERKEZ;GÜVEN - TEPE ALTI;TEPE ALTI KÜME EVLER;sokak;533359
DÜZCE;MERKEZ;GÜZELBAHÇE;1.GÜZELBAHÇE CADDE;cadde;889640
DÜZCE;MERKEZ;GÜZELBAHÇE;2.GÜZELBAHÇE CADDE;cadde;889641
DÜZCE;MERKEZ;GÜZELBAHÇE;3.GÜZELBAHÇE CADDE;cadde;889642
DÜZCE;MERKEZ;GÜZELBAHÇE;4.DÜZCE BULVAR;sokak;889636
DÜZCE;MERKEZ;GÜZELBAHÇE;4.GÜZELBAHÇE CADDE;cadde;891106
DÜZCE;MERKEZ;GÜZELBAHÇE;5.DÜZCE BULVAR;sokak;889637
DÜZCE;MERKEZ;GÜZELBAHÇE;52. SOKAK;sokak;889643
DÜZCE;MERKEZ;GÜZELBAHÇE;52/1. SOKAK;sokak;246468611
DÜZCE;MERKEZ;GÜZELBAHÇE;52/2. SOKAK;sokak;118751921
DÜZCE;MERKEZ;GÜZELBAHÇE;52/3. SOKAK;sokak;712367981
DÜZCE;MERKEZ;GÜZELBAHÇE;52/4. SOKAK;sokak;979674261
DÜZCE;MERKEZ;GÜZELBAHÇE;53. SOKAK;sokak;889644
DÜZCE;MERKEZ;GÜZELBAHÇE;53/1. SOKAK;sokak;969698111
DÜZCE;MERKEZ;GÜZELBAHÇE;53/2. SOKAK;sokak;301223781
DÜZCE;MERKEZ;GÜZELBAHÇE;53/3. SOKAK;sokak;561282831
DÜZCE;MERKEZ;GÜZELBAHÇE;53/4. SOKAK;sokak;647243621
DÜZCE;MERKEZ;GÜZELBAHÇE;53/5. SOKAK;sokak;113948891
DÜZCE;MERKEZ;GÜZELBAHÇE;53/6. SOKAK;sokak;808453991
DÜZCE;MERKEZ;GÜZELBAHÇE;53/7. SOKAK;sokak;458534391
DÜZCE;MERKEZ;GÜZELBAHÇE;54. SOKAK;sokak;889645
DÜZCE;MERKEZ;GÜZELBAHÇE;55. SOKAK;sokak;889646
DÜZCE;MERKEZ;GÜZELBAHÇE;56. SOKAK;sokak;889647
DÜZCE;MERKEZ;GÜZELBAHÇE;57. SOKAK;sokak;889648
DÜZCE;MERKEZ;GÜZELBAHÇE;58. SOKAK;sokak;889650
DÜZCE;MERKEZ;GÜZELBAHÇE;59. SOKAK;sokak;889651
DÜZCE;MERKEZ;GÜZELBAHÇE;6.DÜZCE BULVAR;sokak;889638
DÜZCE;MERKEZ;GÜZELBAHÇE;60. SOKAK;sokak;889652
DÜZCE;MERKEZ;GÜZELBAHÇE;61. SOKAK;sokak;889653
DÜZCE;MERKEZ;GÜZELBAHÇE;62. SOKAK;sokak;889654
DÜZCE;MERKEZ;GÜZELBAHÇE;63. SOKAK;sokak;889655
DÜZCE;MERKEZ;GÜZELBAHÇE;64. SOKAK;sokak;889656
DÜZCE;MERKEZ;GÜZELBAHÇE;65. SOKAK;sokak;889657
DÜZCE;MERKEZ;GÜZELBAHÇE;66. SOKAK;sokak;889658
DÜZCE;MERKEZ;GÜZELBAHÇE;67. SOKAK;sokak;889659
DÜZCE;MERKEZ;GÜZELBAHÇE;68. SOKAK;sokak;889660
DÜZCE;MERKEZ;GÜZELBAHÇE;69. SOKAK;sokak;889661
DÜZCE;MERKEZ;GÜZELBAHÇE;70. SOKAK;sokak;889662
DÜZCE;MERKEZ;GÜZELBAHÇE;71. SOKAK;sokak;496626041
DÜZCE;MERKEZ;GÜZELBAHÇE;72. SOKAK;sokak;889664
DÜZCE;MERKEZ;GÜZELBAHÇE;73. SOKAK;sokak;889665
DÜZCE;MERKEZ;GÜZELBAHÇE;74. SOKAK;sokak;889666
DÜZCE;MERKEZ;GÜZELBAHÇE;75. SOKAK;sokak;889667
DÜZCE;MERKEZ;GÜZELBAHÇE;76. SOKAK;sokak;889668
DÜZCE;MERKEZ;GÜZELBAHÇE;77. SOKAK;sokak;580512441
DÜZCE;MERKEZ;GÜZELBAHÇE;78. SOKAK;sokak;889670
DÜZCE;MERKEZ;GÜZELBAHÇE;79. SOKAK;sokak;889671
DÜZCE;MERKEZ;GÜZELBAHÇE;8.DÜZCE BULVAR;sokak;889639
DÜZCE;MERKEZ;GÜZELBAHÇE;80. SOKAK;sokak;889672
DÜZCE;MERKEZ;GÜZELBAHÇE;81. SOKAK;sokak;895454
DÜZCE;MERKEZ;GÜZELBAHÇE;82. SOKAK;sokak;471718891
DÜZCE;MERKEZ;GÜZELBAHÇE;83. SOKAK;sokak;889674
DÜZCE;MERKEZ;HACIAHMETLER - DEVELİ;20600. SOKAK;sokak;718020370
DÜZCE;MERKEZ;HACIAHMETLER - DEVELİ;21000. SOKAK;sokak;1249169
DÜZCE;MERKEZ;HACIAHMETLER - DEVELİ;21050. SOKAK;sokak;758091031
DÜZCE;MERKEZ;HACIAHMETLER - DEVELİ;21070. SOKAK;sokak;1249179
DÜZCE;MERKEZ;HACIAHMETLER - DEVELİ;21100. SOKAK;sokak;385260670
DÜZCE;MERKEZ;HACIAHMETLER - DEVELİ;21150. SOKAK;sokak;1249183
DÜZCE;MERKEZ;HACIAHMETLER - DEVELİ;21404. SOKAK;sokak;521695051
DÜZCE;MERKEZ;HACIAHMETLER - DEVELİ;221402. SOKAK;sokak;786788690
DÜZCE;MERKEZ;HACIAHMETLER - DEVELİ;DEVELİ KÜME EVLER;sokak;268142930
DÜZCE;MERKEZ;HACIAHMETLER - MERKEZ;21000. SOKAK;sokak;164354061
DÜZCE;MERKEZ;HACIAHMETLER - MERKEZ;21300. SOKAK;sokak;1249171
DÜZCE;MERKEZ;HACIAHMETLER - MERKEZ;21310. SOKAK;sokak;1249185
DÜZCE;MERKEZ;HACIAHMETLER - MERKEZ;21320. SOKAK;sokak;1249187
DÜZCE;MERKEZ;HACIAHMETLER - MERKEZ;21350. SOKAK;sokak;1249173
DÜZCE;MERKEZ;HACIAHMETLER - MERKEZ;21370. SOKAK;sokak;1249189
DÜZCE;MERKEZ;HACIAHMETLER - MERKEZ;21400. SOKAK;sokak;1249175
DÜZCE;MERKEZ;HACIAHMETLER - MERKEZ;21402. SOKAK;sokak;631862170
DÜZCE;MERKEZ;HACIAHMETLER - MERKEZ;21404./1 SOKAK;sokak;616770840
DÜZCE;MERKEZ;HACIAHMETLER - MERKEZ;ANADOLU OTOYOLU BULVAR;sokak;786909061
DÜZCE;MERKEZ;HACIALİLER NA;1900. SOKAK;sokak;201834891
DÜZCE;MERKEZ;HACIALİLER NA;5360. SOKAK;sokak;274649730
DÜZCE;MERKEZ;HACIALİLER NA;5400. SOKAK;sokak;272097580
DÜZCE;MERKEZ;HACIALİLER NA;5435. SOKAK;sokak;176118230
DÜZCE;MERKEZ;HACIALİLER NA;9670. SOKAK;sokak;690061951
DÜZCE;MERKEZ;HACIALİLER NA;9680. SOKAK;sokak;766134701
DÜZCE;MERKEZ;HACIALİLER NA;9800. SOKAK;sokak;617515740
DÜZCE;MERKEZ;HACIALİLER NA;9805. SOKAK;sokak;658002450
DÜZCE;MERKEZ;HACIALİLER NA;9835. SOKAK;sokak;884865920
DÜZCE;MERKEZ;HACIALİLER NA;9840. SOKAK;sokak;766862030
DÜZCE;MERKEZ;HACIALİLER NA;9854. SOKAK;sokak;650957390
DÜZCE;MERKEZ;HACIALİLER NA;9856. SOKAK;sokak;475696290
DÜZCE;MERKEZ;HACIALİLER NA;9860. SOKAK;sokak;854855970
DÜZCE;MERKEZ;HACIALİLER NA;9880. SOKAK;sokak;208624960
DÜZCE;MERKEZ;HACIALİLER NA;9885. SOKAK;sokak;944524550
DÜZCE;MERKEZ;HACIALİLER NA;9886. SOKAK;sokak;271869070
DÜZCE;MERKEZ;HACIALİLER NA;9887. SOKAK;sokak;601718320
DÜZCE;MERKEZ;HACIALİLER NA;9888. SOKAK;sokak;900457660
DÜZCE;MERKEZ;HACIALİLER NA;9892. SOKAK;sokak;603128811
DÜZCE;MERKEZ;HAMİDİYE;1172. SOKAK;sokak;181419781
DÜZCE;MERKEZ;HAMİDİYE;1174. SOKAK;sokak;194321520
DÜZCE;MERKEZ;HAMİDİYE;1188. SOKAK;sokak;563796
DÜZCE;MERKEZ;HAMİDİYE;1189. SOKAK;sokak;409193
DÜZCE;MERKEZ;HAMİDİYE;1193. SOKAK;sokak;546683
DÜZCE;MERKEZ;HAMİDİYE;1196. SOKAK;sokak;537438
DÜZCE;MERKEZ;HAMİDİYE;1197. SOKAK;sokak;541355
DÜZCE;MERKEZ;HAMİDİYE;1199. SOKAK;sokak;561774
DÜZCE;MERKEZ;HAMİDİYE;1207. SOKAK;sokak;320203
DÜZCE;MERKEZ;HAMİDİYE;1208. SOKAK;sokak;409195
DÜZCE;MERKEZ;HAMİDİYE;1209. SOKAK;sokak;312766
DÜZCE;MERKEZ;HAMİDİYE;1210. SOKAK;sokak;563629
DÜZCE;MERKEZ;HAMİDİYE;1213. SOKAK;sokak;312751
DÜZCE;MERKEZ;HAMİDİYE;1214. SOKAK;sokak;131176
DÜZCE;MERKEZ;HAMİDİYE;1215. SOKAK;sokak;267492
DÜZCE;MERKEZ;HAMİDİYE;1217. SOKAK;sokak;316729
DÜZCE;MERKEZ;HAMİDİYE;1218. SOKAK;sokak;154648
DÜZCE;MERKEZ;HAMİDİYE;1221. SOKAK;sokak;154649
DÜZCE;MERKEZ;HAMİDİYE;1224. SOKAK;sokak;397430
DÜZCE;MERKEZ;HAMİDİYE;1225. SOKAK;sokak;154652
DÜZCE;MERKEZ;HAMİDİYE;1226. SOKAK;sokak;851816
DÜZCE;MERKEZ;HAMİDİYE;1229. SOKAK;sokak;569350
DÜZCE;MERKEZ;HAMİDİYE;1231. SOKAK;sokak;539175
DÜZCE;MERKEZ;HAMİDİYE;1233. SOKAK;sokak;448723560
DÜZCE;MERKEZ;HAMİDİYE;1234. SOKAK;sokak;320201
DÜZCE;MERKEZ;HAMİDİYE;1235. SOKAK;sokak;155938
DÜZCE;MERKEZ;HAMİDİYE;1236. SOKAK;sokak;362787
DÜZCE;MERKEZ;HAMİDİYE;1237. SOKAK;sokak;554009
DÜZCE;MERKEZ;HAMİDİYE;1241. SOKAK;sokak;553600
DÜZCE;MERKEZ;HAMİDİYE;1242. SOKAK;sokak;362789
DÜZCE;MERKEZ;HAMİDİYE;1243. SOKAK;sokak;545276
DÜZCE;MERKEZ;HAMİDİYE;1244. SOKAK;sokak;155939
DÜZCE;MERKEZ;HAMİDİYE;1245. SOKAK;sokak;267257
DÜZCE;MERKEZ;HAMİDİYE;1247. SOKAK;sokak;809222
DÜZCE;MERKEZ;HAMİDİYE;1250. SOKAK;sokak;547684
DÜZCE;MERKEZ;HAMİDİYE;1251. SOKAK;sokak;540211
DÜZCE;MERKEZ;HAMİDİYE;1252. SOKAK;sokak;855702
DÜZCE;MERKEZ;HAMİDİYE;1254. SOKAK;sokak;453635
DÜZCE;MERKEZ;HAMİDİYE;1255. SOKAK;sokak;566225
DÜZCE;MERKEZ;HAMİDİYE;1256. SOKAK;sokak;544868
DÜZCE;MERKEZ;HAMİDİYE;1257. SOKAK;sokak;466117
DÜZCE;MERKEZ;HAMİDİYE;1258. SOKAK;sokak;860330
DÜZCE;MERKEZ;HAMİDİYE;1259. SOKAK;sokak;327567
DÜZCE;MERKEZ;HAMİDİYE;1261. SOKAK;sokak;327144
DÜZCE;MERKEZ;HAMİDİYE;1262. SOKAK;sokak;252252771
DÜZCE;MERKEZ;HAMİDİYE;1264. SOKAK;sokak;548994
DÜZCE;MERKEZ;HAMİDİYE;1266. SOKAK;sokak;35422
DÜZCE;MERKEZ;HAMİDİYE;1267. SOKAK;sokak;794994890
DÜZCE;MERKEZ;HAMİDİYE;1268. SOKAK;sokak;935657
DÜZCE;MERKEZ;HAMİDİYE;1271. SOKAK;sokak;852924
DÜZCE;MERKEZ;HAMİDİYE;1274. SOKAK;sokak;155931
DÜZCE;MERKEZ;HAMİDİYE;1275. SOKAK;sokak;575735
DÜZCE;MERKEZ;HAMİDİYE;1276. SOKAK;sokak;935658
DÜZCE;MERKEZ;HAMİDİYE;1283. SOKAK;sokak;534268
DÜZCE;MERKEZ;HAMİDİYE;1285. SOKAK;sokak;155935
DÜZCE;MERKEZ;HAMİDİYE;AKÇAKOCA KARAYOLU CADDE;cadde;534022
DÜZCE;MERKEZ;HAMİDİYE;ARA SOKAK;sokak;154650
DÜZCE;MERKEZ;HAMİDİYE;ATICI SOKAK;sokak;362783
DÜZCE;MERKEZ;HAMİDİYE;ÇETEK SOKAK;sokak;409189
DÜZCE;MERKEZ;HAMİDİYE;ÇOBAN SOKAK;sokak;362782
DÜZCE;MERKEZ;HAMİDİYE;D 100 KARAYOLU CADDE;cadde;154651
DÜZCE;MERKEZ;HAMİDİYE;DEĞİRMEN SOKAK;sokak;261893
DÜZCE;MERKEZ;HAMİDİYE;ELİF SOKAK;sokak;546254
DÜZCE;MERKEZ;HAMİDİYE;EMİRAL SOKAK;sokak;362784
DÜZCE;MERKEZ;HAMİDİYE;ESER SOKAK;sokak;413456
DÜZCE;MERKEZ;HAMİDİYE;ESKİ AKÇAKOCA CADDE;cadde;544870
DÜZCE;MERKEZ;HAMİDİYE;EVLİYA ÇELEBİ SOKAK;sokak;409190
DÜZCE;MERKEZ;HAMİDİYE;GAZİ OSMAN SOKAK;sokak;362785
DÜZCE;MERKEZ;HAMİDİYE;GÜL SOKAK;sokak;154653
DÜZCE;MERKEZ;HAMİDİYE;HAMİDİYE CADDE;cadde;409191
DÜZCE;MERKEZ;HAMİDİYE;HARMAN SOKAK;sokak;155932
DÜZCE;MERKEZ;HAMİDİYE;KANAL SOKAK;sokak;819782
DÜZCE;MERKEZ;HAMİDİYE;KARACA SOKAK;sokak;362786
DÜZCE;MERKEZ;HAMİDİYE;KASIM SOKAK;sokak;155933
DÜZCE;MERKEZ;HAMİDİYE;KATİP ÇELEBİ SOKAK;sokak;409192
DÜZCE;MERKEZ;HAMİDİYE;KAVALA SOKAK;sokak;155934
DÜZCE;MERKEZ;HAMİDİYE;KEMAL KUYUMCU SOKAK;sokak;89902
DÜZCE;MERKEZ;HAMİDİYE;KIRLANGIÇ SOKAK;sokak;155936
DÜZCE;MERKEZ;HAMİDİYE;KIVILCIM SOKAK;sokak;362788
DÜZCE;MERKEZ;HAMİDİYE;KÖSE SOKAK;sokak;155937
DÜZCE;MERKEZ;HAMİDİYE;MANOLYA SOKAK;sokak;409194
DÜZCE;MERKEZ;HAMİDİYE;NERGİS SOKAK;sokak;563703
DÜZCE;MERKEZ;HAMİDİYE;ORKİDE SOKAK;sokak;155940
DÜZCE;MERKEZ;HAMİDİYE;PLEVNE SOKAK;sokak;155941
DÜZCE;MERKEZ;HAMİDİYE;TÜFEK SOKAK;sokak;732979
DÜZCE;MERKEZ;HAMİDİYE;UMUT SOKAK;sokak;409196
DÜZCE;MERKEZ;HAMİDİYE;YURT SOKAK;sokak;362790
DÜZCE;MERKEZ;HASANLAR NA;HASANLAR KÜME EVLER;sokak;510076
DÜZCE;MERKEZ;HASANLAR NA;İSMAİLÇAYIRI KÜME EVLER;sokak;125049161
DÜZCE;MERKEZ;HATİPLİKETENCİLER - HATİPLİ;12000. SOKAK;sokak;809751211
DÜZCE;MERKEZ;HATİPLİKETENCİLER - HATİPLİ;12001. SOKAK;sokak;593422461
DÜZCE;MERKEZ;HATİPLİKETENCİLER - HATİPLİ;12076. SOKAK;sokak;368965611
DÜZCE;MERKEZ;HATİPLİKETENCİLER - HATİPLİ;12078. SOKAK;sokak;869362751
DÜZCE;MERKEZ;HATİPLİKETENCİLER - HATİPLİ;KONURALP 395. SOKAK;sokak;343244671
DÜZCE;MERKEZ;HATİPLİKETENCİLER - KETENCİLER;12000. SOKAK;sokak;634037521
DÜZCE;MERKEZ;HATİPLİKETENCİLER - KETENCİLER;12030. SOKAK;sokak;102818301
DÜZCE;MERKEZ;HATİPLİKETENCİLER - KETENCİLER;12033. SOKAK;sokak;166704651
DÜZCE;MERKEZ;HATİPLİKETENCİLER - KETENCİLER;12034. SOKAK;sokak;978039281
DÜZCE;MERKEZ;HATİPLİKETENCİLER - KETENCİLER;12036. SOKAK;sokak;108466811
DÜZCE;MERKEZ;HATİPLİKETENCİLER - KETENCİLER;12037. SOKAK;sokak;999347211
DÜZCE;MERKEZ;HATİPLİKETENCİLER - KETENCİLER;12052. SOKAK;sokak;686579311
DÜZCE;MERKEZ;HATİPLİKETENCİLER - KETENCİLER;12053. SOKAK;sokak;909227251
DÜZCE;MERKEZ;HATİPLİKETENCİLER - KETENCİLER;12054. SOKAK;sokak;654382691
DÜZCE;MERKEZ;HATİPLİKETENCİLER - KETENCİLER;12057. SOKAK;sokak;635455861
DÜZCE;MERKEZ;HATİPLİKETENCİLER - KETENCİLER;12059. SOKAK;sokak;760597811
DÜZCE;MERKEZ;HATİPLİKETENCİLER - KETENCİLER;12060. SOKAK;sokak;312800761
DÜZCE;MERKEZ;HATİPLİKETENCİLER - KETENCİLER;12070. SOKAK;sokak;197478151
DÜZCE;MERKEZ;HOCAOĞLU - EFENDİ;EFENDİ KÜME EVLER;sokak;372370
DÜZCE;MERKEZ;HOCAOĞLU - MERKEZ;MERKEZ KÜME EVLER;sokak;452370
DÜZCE;MERKEZ;İHSANİYE NA;903 SOKAK;sokak;637710001
DÜZCE;MERKEZ;İHSANİYE NA;D 100 KARAYOLU CADDE;cadde;437994441
DÜZCE;MERKEZ;İHSANİYE NA;İHSANİYE KÜME EVLER;sokak;521319
DÜZCE;MERKEZ;İHSANİYE NA;İHSANİYEE KÜME EVLER;sokak;927023150
DÜZCE;MERKEZ;İSLAHİYE - İSLAHİYE MÜCAVİR;İSLAHİYE DORÜS SOKAK;sokak;866794
DÜZCE;MERKEZ;İSLAHİYE NA;ANADOLU OTOYOLU BULVAR;sokak;859273580
DÜZCE;MERKEZ;İSLAHİYE NA;ANADOLU OTOYOLU DÜZCE BAĞLANTISI BULVAR;sokak;921458611
DÜZCE;MERKEZ;İSLAHİYE NA;D 100 KARAYOLU CADDE;cadde;926967980
DÜZCE;MERKEZ;İSLAHİYE NA;İSLAHİYE KÜME EVLER;sokak;527754
DÜZCE;MERKEZ;İSTİLLİ - ÇİÇEK;17015. SOKAK;sokak;1168205
DÜZCE;MERKEZ;İSTİLLİ - ÇİÇEK;17055. SOKAK;sokak;1168207
DÜZCE;MERKEZ;İSTİLLİ - ÇİÇEK;D 100 KARAYOLU CADDE;cadde;1168193
DÜZCE;MERKEZ;İSTİLLİ - ÇİÇEK;MERKEZ KÜME EVLER;sokak;898261680
DÜZCE;MERKEZ;İSTİLLİ - MERKEZ;BOSTANLIK KÜME EVLER;sokak;339114211
DÜZCE;MERKEZ;İSTİLLİ - MERKEZ;MERKEZ KÜME EVLER;sokak;532547
DÜZCE;MERKEZ;İSTİLLİ - YAMALI;YAMALI KÜME EVLER;sokak;530173
DÜZCE;MERKEZ;KADIOĞLU NA;15541. SOKAK;sokak;1232441
DÜZCE;MERKEZ;KADIOĞLU NA;15545. 1 SOKAK;sokak;777959200
DÜZCE;MERKEZ;KADIOĞLU NA;15545. SOKAK;sokak;1232439
DÜZCE;MERKEZ;KADIOĞLU NA;15560. SOKAK;sokak;1232443
DÜZCE;MERKEZ;KADIOĞLU NA;15561. SOKAK;sokak;1232445
DÜZCE;MERKEZ;KADIOĞLU NA;15562. SOKAK;sokak;1232447
DÜZCE;MERKEZ;KADIOĞLU NA;15565. SOKAK;sokak;1232449
DÜZCE;MERKEZ;KADIOĞLU NA;15566. SOKAK;sokak;1232451
DÜZCE;MERKEZ;KADIOĞLU NA;15570. SOKAK;sokak;1232453
DÜZCE;MERKEZ;KADIOĞLU NA;15571. SOKAK;sokak;1232455
DÜZCE;MERKEZ;KADIOĞLU NA;15571./1 SOKAK;sokak;124776911
DÜZCE;MERKEZ;KADIOĞLU NA;15572. SOKAK;sokak;106426681
DÜZCE;MERKEZ;KADIOĞLU NA;15574. SOKAK;sokak;460455711
DÜZCE;MERKEZ;KADIOĞLU NA;15576. SOKAK;sokak;144491280
DÜZCE;MERKEZ;KADIOĞLU NA;16502. SOKAK;sokak;741676360
DÜZCE;MERKEZ;KADIOĞLU NA;2853. SOKAK;sokak;473573711
DÜZCE;MERKEZ;KALEDİBİ NA;12. CADDE;cadde;286955910
DÜZCE;MERKEZ;KALEDİBİ NA;KALEDİBİ KÜME EVLER;sokak;514956
DÜZCE;MERKEZ;KARACA;1294. SOKAK;sokak;850836
DÜZCE;MERKEZ;KARACA;1295. SOKAK;sokak;523195
DÜZCE;MERKEZ;KARACA;1296. SOKAK;sokak;949760650
DÜZCE;MERKEZ;KARACA;1301. SOKAK;sokak;515273
DÜZCE;MERKEZ;KARACA;1302. SOKAK;sokak;515979
DÜZCE;MERKEZ;KARACA;1303. SOKAK;sokak;535724
DÜZCE;MERKEZ;KARACA;1307. SOKAK;sokak;539004
DÜZCE;MERKEZ;KARACA;1311. SOKAK;sokak;533115
DÜZCE;MERKEZ;KARACA;1330. SOKAK;sokak;818755
DÜZCE;MERKEZ;KARACA;1335. SOKAK;sokak;154738
DÜZCE;MERKEZ;KARACA;1338. SOKAK;sokak;527715
DÜZCE;MERKEZ;KARACA;1342. SOKAK;sokak;855601
DÜZCE;MERKEZ;KARACA;1348. CADDE;cadde;154745
DÜZCE;MERKEZ;KARACA;1349. SOKAK;sokak;782126511
DÜZCE;MERKEZ;KARACA;AKÇAKOCA KARAYOLU CADDE;cadde;524313
DÜZCE;MERKEZ;KARACA;ATAK SOKAK;sokak;154725
DÜZCE;MERKEZ;KARACA;AZİZ YÜKSEL SOKAK;sokak;154726
DÜZCE;MERKEZ;KARACA;BİLİM SOKAK;sokak;154740
DÜZCE;MERKEZ;KARACA;ÇİLELİ SOKAK;sokak;408414
DÜZCE;MERKEZ;KARACA;D 100 KARAYOLU CADDE;cadde;154727
DÜZCE;MERKEZ;KARACA;DESTE SOKAK;sokak;154728
DÜZCE;MERKEZ;KARACA;EMEK SOKAK;sokak;537775
DÜZCE;MERKEZ;KARACA;FAZLI YALÇIN SOKAK;sokak;154746
DÜZCE;MERKEZ;KARACA;GÜDEN SOKAK;sokak;517741
DÜZCE;MERKEZ;KARACA;GÜDÜ SOKAK;sokak;154729
DÜZCE;MERKEZ;KARACA;IŞIK SOKAK;sokak;154730
DÜZCE;MERKEZ;KARACA;KARANFİL SOKAK;sokak;154731
DÜZCE;MERKEZ;KARACA;KAVAK SOKAK;sokak;154732
DÜZCE;MERKEZ;KARACA;KURT SOKAK;sokak;935758
DÜZCE;MERKEZ;KARACA;KÜBA CAMİİ SOKAK;sokak;154733
DÜZCE;MERKEZ;KARACA;MEHTAP SOKAK;sokak;154734
DÜZCE;MERKEZ;KARACA;MISIR SOKAK;sokak;154735
DÜZCE;MERKEZ;KARACA;MİS SOKAK;sokak;154736
DÜZCE;MERKEZ;KARACA;NİL SOKAK;sokak;154737
DÜZCE;MERKEZ;KARACA;PAPATYA SOKAK;sokak;154739
DÜZCE;MERKEZ;KARACA;RECEP KÖROĞLU SOKAK;sokak;515981
DÜZCE;MERKEZ;KARACA;RÜYA SOKAK;sokak;807763
DÜZCE;MERKEZ;KARACA;SAHİL SOKAK;sokak;90601
DÜZCE;MERKEZ;KARACA;SALKIM SOKAK;sokak;154741
DÜZCE;MERKEZ;KARACA;SANAT SOKAK;sokak;408410
DÜZCE;MERKEZ;KARACA;SON SOKAK;sokak;154742
DÜZCE;MERKEZ;KARACA;SÜMBÜL SOKAK;sokak;154743
DÜZCE;MERKEZ;KARACA;ŞANTİYE SOKAK;sokak;154748
DÜZCE;MERKEZ;KARACA;TAN SOKAK;sokak;408411
DÜZCE;MERKEZ;KARACA;TEKNİK SOKAK;sokak;519879
DÜZCE;MERKEZ;KARACA;TEL SOKAK;sokak;154744
DÜZCE;MERKEZ;KARACA;TRAFO SOKAK;sokak;526713
DÜZCE;MERKEZ;KARACA;VOLKAN SOKAK;sokak;408413
DÜZCE;MERKEZ;KARACA;YARIM SOKAK;sokak;154747
DÜZCE;MERKEZ;KARACA HACIMUSA;1356. SOKAK;sokak;682830
DÜZCE;MERKEZ;KARACA HACIMUSA;1357. SOKAK;sokak;216735201
DÜZCE;MERKEZ;KARACA HACIMUSA;1360. SOKAK;sokak;405077580
DÜZCE;MERKEZ;KARACA HACIMUSA;1363. SOKAK;sokak;447162
DÜZCE;MERKEZ;KARACA HACIMUSA;1367. SOKAK;sokak;584544060
DÜZCE;MERKEZ;KARACA HACIMUSA;1368. SOKAK;sokak;646780
DÜZCE;MERKEZ;KARACA HACIMUSA;1369. SOKAK;sokak;836376
DÜZCE;MERKEZ;KARACA HACIMUSA;1370. SOKAK;sokak;649110
DÜZCE;MERKEZ;KARACA HACIMUSA;1371. SOKAK;sokak;633888050
DÜZCE;MERKEZ;KARACA HACIMUSA;1372. SOKAK;sokak;944488420
DÜZCE;MERKEZ;KARACA HACIMUSA;1374. SOKAK;sokak;919323
DÜZCE;MERKEZ;KARACA HACIMUSA;1376. SOKAK;sokak;761699940
DÜZCE;MERKEZ;KARACA HACIMUSA;1377. SOKAK;sokak;683879
DÜZCE;MERKEZ;KARACA HACIMUSA;1378. SOKAK;sokak;686060
DÜZCE;MERKEZ;KARACA HACIMUSA;1379. SOKAK;sokak;683443
DÜZCE;MERKEZ;KARACA HACIMUSA;1380. SOKAK;sokak;658718810
DÜZCE;MERKEZ;KARACA HACIMUSA;1381. SOKAK;sokak;807322410
DÜZCE;MERKEZ;KARACA HACIMUSA;1382. SOKAK;sokak;900311470
DÜZCE;MERKEZ;KARACA HACIMUSA;1384. SOKAK;sokak;591468941
DÜZCE;MERKEZ;KARACA HACIMUSA;1385. SOKAK;sokak;230373360
DÜZCE;MERKEZ;KARACA HACIMUSA;1386. SOKAK;sokak;890631
DÜZCE;MERKEZ;KARACA HACIMUSA;1387. SOKAK;sokak;275150970
DÜZCE;MERKEZ;KARACA HACIMUSA;1388. SOKAK;sokak;680139
DÜZCE;MERKEZ;KARACA HACIMUSA;1389. SOKAK;sokak;868172
DÜZCE;MERKEZ;KARACA HACIMUSA;1390. SOKAK;sokak;271702
DÜZCE;MERKEZ;KARACA HACIMUSA;1391. SOKAK;sokak;868203
DÜZCE;MERKEZ;KARACA HACIMUSA;1392. SOKAK;sokak;685182
DÜZCE;MERKEZ;KARACA HACIMUSA;1393. SOKAK;sokak;677102
DÜZCE;MERKEZ;KARACA HACIMUSA;1394. SOKAK;sokak;948698
DÜZCE;MERKEZ;KARACA HACIMUSA;1395. SOKAK;sokak;495417250
DÜZCE;MERKEZ;KARACA HACIMUSA;1396. SOKAK;sokak;820117681
DÜZCE;MERKEZ;KARACA HACIMUSA;1397. SOKAK;sokak;722253521
DÜZCE;MERKEZ;KARACA HACIMUSA;1398. SOKAK;sokak;766769151
DÜZCE;MERKEZ;KARACA HACIMUSA;1402. SOKAK;sokak;180099441
DÜZCE;MERKEZ;KARACA HACIMUSA;1406. SOKAK;sokak;239401331
DÜZCE;MERKEZ;KARACA HACIMUSA;1407. SOKAK;sokak;141953091
DÜZCE;MERKEZ;KARACA HACIMUSA;1409. SOKAK;sokak;308274480
DÜZCE;MERKEZ;KARACA HACIMUSA;1411. SOKAK;sokak;870772280
DÜZCE;MERKEZ;KARACA HACIMUSA;1412. SOKAK;sokak;833689
DÜZCE;MERKEZ;KARACA HACIMUSA;1413. SOKAK;sokak;938129
DÜZCE;MERKEZ;KARACA HACIMUSA;1417. SOKAK;sokak;869058
DÜZCE;MERKEZ;KARACA HACIMUSA;1418. SOKAK;sokak;482484621
DÜZCE;MERKEZ;KARACA HACIMUSA;1419. SOKAK;sokak;791643490
DÜZCE;MERKEZ;KARACA HACIMUSA;1437. SOKAK;sokak;938131
DÜZCE;MERKEZ;KARACA HACIMUSA;2644. CADDE;cadde;938180
DÜZCE;MERKEZ;KARACA HACIMUSA;ERENLER SOKAK;sokak;154724
DÜZCE;MERKEZ;KARACA HACIMUSA;PINARLAR CADDE;cadde;642030
DÜZCE;MERKEZ;KARACA HACIMUSA;RUHİ KURNAZ CADDE;cadde;343384750
DÜZCE;MERKEZ;KARACA HACIMUSA;SERVET BUCURGAT CADDE;cadde;685288
DÜZCE;MERKEZ;KARADERE NA;KARADERE HASANAĞA KÜME EVLER;sokak;512202
DÜZCE;MERKEZ;KARADERE NA;MERKEZ KÜME EVLER;sokak;230799240
DÜZCE;MERKEZ;KAVAKBIÇKI NA;KAVAKBIÇKI KÜME EVLER;sokak;542281
DÜZCE;MERKEZ;KAYMAKÇI - ÇORAK;ÇORAK KÜME EVLER;sokak;574893
DÜZCE;MERKEZ;KAYMAKÇI - MERKEZ;ÇORAK KÜME EVLER;sokak;179039561
DÜZCE;MERKEZ;KAYMAKÇI - MERKEZ;MERKEZ KÜME EVLER;sokak;582345
DÜZCE;MERKEZ;KAZUKOĞLU;3506. SOKAK;sokak;900052160
DÜZCE;MERKEZ;KAZUKOĞLU;3511. SOKAK;sokak;346591771
DÜZCE;MERKEZ;KAZUKOĞLU;3530. CADDE;cadde;467609550
DÜZCE;MERKEZ;KAZUKOĞLU;3786. SOKAK;sokak;428182030
DÜZCE;MERKEZ;KAZUKOĞLU;3845. SOKAK;sokak;353979830
DÜZCE;MERKEZ;KAZUKOĞLU;3846. SOKAK;sokak;959560091
DÜZCE;MERKEZ;KAZUKOĞLU;3850. SOKAK;sokak;822030680
DÜZCE;MERKEZ;KAZUKOĞLU;3851. SOKAK;sokak;138612810
DÜZCE;MERKEZ;KAZUKOĞLU;3859. SOKAK;sokak;476266350
DÜZCE;MERKEZ;KAZUKOĞLU;3860. SOKAK;sokak;374320021
DÜZCE;MERKEZ;KAZUKOĞLU;3861. SOKAK;sokak;726721651
DÜZCE;MERKEZ;KAZUKOĞLU;3863. SOKAK;sokak;322535020
DÜZCE;MERKEZ;KAZUKOĞLU;3864. SOKAK;sokak;930684430
DÜZCE;MERKEZ;KAZUKOĞLU;3865. SOKAK;sokak;547836180
DÜZCE;MERKEZ;KAZUKOĞLU;3866. SOKAK;sokak;883876340
DÜZCE;MERKEZ;KAZUKOĞLU;3868. SOKAK;sokak;929634380
DÜZCE;MERKEZ;KAZUKOĞLU;3869. SOKAK;sokak;455436181
DÜZCE;MERKEZ;KAZUKOĞLU;3870. SOKAK;sokak;467835690
DÜZCE;MERKEZ;KAZUKOĞLU;3871. SOKAK;sokak;240941121
DÜZCE;MERKEZ;KAZUKOĞLU;3873. SOKAK;sokak;310881980
DÜZCE;MERKEZ;KAZUKOĞLU;3875. SOKAK;sokak;323259460
DÜZCE;MERKEZ;KAZUKOĞLU;3877. SOKAK;sokak;570383821
DÜZCE;MERKEZ;KAZUKOĞLU;3878. SOKAK;sokak;980439200
DÜZCE;MERKEZ;KAZUKOĞLU;3879. SOKAK;sokak;879210370
DÜZCE;MERKEZ;KAZUKOĞLU;3880. SOKAK;sokak;737765511
DÜZCE;MERKEZ;KAZUKOĞLU;3882. SOKAK;sokak;536989730
DÜZCE;MERKEZ;KAZUKOĞLU;3883. SOKAK;sokak;754643541
DÜZCE;MERKEZ;KAZUKOĞLU;3884. SOKAK;sokak;951656191
DÜZCE;MERKEZ;KAZUKOĞLU;3886. SOKAK;sokak;831368950
DÜZCE;MERKEZ;KAZUKOĞLU;3887. SOKAK;sokak;785391450
DÜZCE;MERKEZ;KAZUKOĞLU;3888. SOKAK;sokak;188255210
DÜZCE;MERKEZ;KAZUKOĞLU;3889. SOKAK;sokak;954613980
DÜZCE;MERKEZ;KAZUKOĞLU;3890. SOKAK;sokak;230359750
DÜZCE;MERKEZ;KAZUKOĞLU;3892. SOKAK;sokak;914290681
DÜZCE;MERKEZ;KAZUKOĞLU;3893. SOKAK;sokak;701995590
DÜZCE;MERKEZ;KAZUKOĞLU;3894. SOKAK;sokak;401282580
DÜZCE;MERKEZ;KAZUKOĞLU;3895. SOKAK;sokak;264520780
DÜZCE;MERKEZ;KAZUKOĞLU;3896. SOKAK;sokak;723564210
DÜZCE;MERKEZ;KAZUKOĞLU;3897. SOKAK;sokak;503182030
DÜZCE;MERKEZ;KAZUKOĞLU;3898. SOKAK;sokak;100631620
DÜZCE;MERKEZ;KAZUKOĞLU;3899. SOKAK;sokak;960069780
DÜZCE;MERKEZ;KAZUKOĞLU;3900. SOKAK;sokak;883233240
DÜZCE;MERKEZ;KAZUKOĞLU;3901. SOKAK;sokak;507960930
DÜZCE;MERKEZ;KAZUKOĞLU;3902. SOKAK;sokak;497077220
DÜZCE;MERKEZ;KAZUKOĞLU;3904. SOKAK;sokak;492507070
DÜZCE;MERKEZ;KAZUKOĞLU;3905. SOKAK;sokak;544083230
DÜZCE;MERKEZ;KAZUKOĞLU;3906. SOKAK;sokak;140937850
DÜZCE;MERKEZ;KAZUKOĞLU;3908. SOKAK;sokak;435539811
DÜZCE;MERKEZ;KAZUKOĞLU;3909. SOKAK;sokak;364613821
DÜZCE;MERKEZ;KAZUKOĞLU;3910. SOKAK;sokak;855921520
DÜZCE;MERKEZ;KAZUKOĞLU;3911. SOKAK;sokak;332645400
DÜZCE;MERKEZ;KAZUKOĞLU;3913. SOKAK;sokak;355918250
DÜZCE;MERKEZ;KAZUKOĞLU;3914. SOKAK;sokak;559783320
DÜZCE;MERKEZ;KAZUKOĞLU;3917. SOKAK;sokak;917459431
DÜZCE;MERKEZ;KAZUKOĞLU;3920. SOKAK;sokak;160053320
DÜZCE;MERKEZ;KAZUKOĞLU;3921. SOKAK;sokak;402427860
DÜZCE;MERKEZ;KAZUKOĞLU;3922. SOKAK;sokak;809065970
DÜZCE;MERKEZ;KAZUKOĞLU;3923. SOKAK;sokak;719913841
DÜZCE;MERKEZ;KAZUKOĞLU;3924. SOKAK;sokak;845324230
DÜZCE;MERKEZ;KAZUKOĞLU;3925. SOKAK;sokak;416103790
DÜZCE;MERKEZ;KAZUKOĞLU;3927. SOKAK;sokak;448123780
DÜZCE;MERKEZ;KAZUKOĞLU;3928. SOKAK;sokak;275628910
DÜZCE;MERKEZ;KAZUKOĞLU;3929. SOKAK;sokak;436281300
DÜZCE;MERKEZ;KAZUKOĞLU;3930. SOKAK;sokak;606829110
DÜZCE;MERKEZ;KAZUKOĞLU;3931. SOKAK;sokak;898246010
DÜZCE;MERKEZ;KAZUKOĞLU;3932. SOKAK;sokak;193630430
DÜZCE;MERKEZ;KAZUKOĞLU;3933. SOKAK;sokak;933046990
DÜZCE;MERKEZ;KAZUKOĞLU;3934. SOKAK;sokak;346551830
DÜZCE;MERKEZ;KAZUKOĞLU;3935. SOKAK;sokak;497814610
DÜZCE;MERKEZ;KAZUKOĞLU;3940. SOKAK;sokak;752938940
DÜZCE;MERKEZ;KAZUKOĞLU;3941. SOKAK;sokak;353465430
DÜZCE;MERKEZ;KAZUKOĞLU;3942. SOKAK;sokak;303910070
DÜZCE;MERKEZ;KAZUKOĞLU;3947. SOKAK;sokak;872773070
DÜZCE;MERKEZ;KAZUKOĞLU;3949. SOKAK;sokak;781857170
DÜZCE;MERKEZ;KAZUKOĞLU;3960. SOKAK;sokak;734273200
DÜZCE;MERKEZ;KAZUKOĞLU;3970. SOKAK;sokak;880222560
DÜZCE;MERKEZ;KAZUKOĞLU;3973. SOKAK;sokak;883017180
DÜZCE;MERKEZ;KAZUKOĞLU;3975. SOKAK;sokak;354501210
DÜZCE;MERKEZ;KAZUKOĞLU;3976. SOKAK;sokak;617179630
DÜZCE;MERKEZ;KAZUKOĞLU;3978. SOKAK;sokak;175011720
DÜZCE;MERKEZ;KAZUKOĞLU;3979. SOKAK;sokak;458447761
DÜZCE;MERKEZ;KAZUKOĞLU;3980. SOKAK;sokak;551467400
DÜZCE;MERKEZ;KAZUKOĞLU;3982. SOKAK;sokak;718618190
DÜZCE;MERKEZ;KAZUKOĞLU;3989. SOKAK;sokak;379882920
DÜZCE;MERKEZ;KAZUKOĞLU;3991. SOKAK;sokak;510144621
DÜZCE;MERKEZ;KAZUKOĞLU;4214. SOKAK;sokak;578119781
DÜZCE;MERKEZ;KAZUKOĞLU;ZAHİD KEVSERİ BULVAR;sokak;859863
DÜZCE;MERKEZ;KEMERKASIM - KASIM;KASIM KÜME EVLER;sokak;579351
DÜZCE;MERKEZ;KEMERKASIM - KEMER;KEMER KÜME EVLER;sokak;575343
DÜZCE;MERKEZ;KEMERKASIM - YUNUSLAR;YUNUSLAR KÜME EVLER;sokak;583985
DÜZCE;MERKEZ;KIZILCIK NA;KIZILCIK KÜME EVLER;sokak;518440
DÜZCE;MERKEZ;KİRAZLI;7330. SOKAK;sokak;1257105
DÜZCE;MERKEZ;KİRAZLI;7350. SOKAK;sokak;1257453
DÜZCE;MERKEZ;KİRAZLI;7530. SOKAK;sokak;709292521
DÜZCE;MERKEZ;KİRAZLI;7701. SOKAK;sokak;436489061
DÜZCE;MERKEZ;KİRAZLI;8005. SOKAK;sokak;1226471
DÜZCE;MERKEZ;KİRAZLI;8009. SOKAK;sokak;1226473
DÜZCE;MERKEZ;KİRAZLI;8010. SOKAK;sokak;814906251
DÜZCE;MERKEZ;KİRAZLI;8017 SOKAK;sokak;1340725
DÜZCE;MERKEZ;KİRAZLI;8018 SOKAK;sokak;1399615
DÜZCE;MERKEZ;KİRAZLI;8027. SOKAK;sokak;1226475
DÜZCE;MERKEZ;KİRAZLI;8028. SOKAK;sokak;1226477
DÜZCE;MERKEZ;KİRAZLI;8031. SOKAK;sokak;1226479
DÜZCE;MERKEZ;KİRAZLI;8032. SOKAK;sokak;1226481
DÜZCE;MERKEZ;KİRAZLI;8033. SOKAK;sokak;1226483
DÜZCE;MERKEZ;KİRAZLI;8034. SOKAK;sokak;808702720
DÜZCE;MERKEZ;KİRAZLI;8036. SOKAK;sokak;1226487
DÜZCE;MERKEZ;KİRAZLI;8042. SOKAK;sokak;1226489
DÜZCE;MERKEZ;KİRAZLI;8090. SOKAK;sokak;1226491
DÜZCE;MERKEZ;KİRAZLI;8092. SOKAK;sokak;1226493
DÜZCE;MERKEZ;KİRAZLI;8093. SOKAK;sokak;1226495
DÜZCE;MERKEZ;KİRAZLI;8094. SOKAK;sokak;1226497
DÜZCE;MERKEZ;KİRAZLI;8095. SOKAK;sokak;1226499
DÜZCE;MERKEZ;KİRAZLI;8096. SOKAK;sokak;1226501
DÜZCE;MERKEZ;KİRAZLI;8097. SOKAK;sokak;1226503
DÜZCE;MERKEZ;KİRAZLI;8098. SOKAK;sokak;1226507
DÜZCE;MERKEZ;KİRAZLI;8099. SOKAK;sokak;1226505
DÜZCE;MERKEZ;KİRAZLI;9130. SOKAK;sokak;293540571
DÜZCE;MERKEZ;KİRAZLI;9131. SOKAK;sokak;691119040
DÜZCE;MERKEZ;KİRAZLI;9132. SOKAK;sokak;437328410
DÜZCE;MERKEZ;KİRAZLI;9133. SOKAK;sokak;405921721
DÜZCE;MERKEZ;KİRAZLI;9134. SOKAK;sokak;694654901
DÜZCE;MERKEZ;KİRAZLI;D-100 KARAYOLU SOKAK;sokak;1226513
DÜZCE;MERKEZ;KİREMİTOCAĞI;1003. CADDE;cadde;588255
DÜZCE;MERKEZ;KİREMİTOCAĞI;1007. SOKAK;sokak;895851
DÜZCE;MERKEZ;KİREMİTOCAĞI;1010. SOKAK;sokak;586392
DÜZCE;MERKEZ;KİREMİTOCAĞI;1011. SOKAK;sokak;589830
DÜZCE;MERKEZ;KİREMİTOCAĞI;1012. BULVAR;sokak;387307350
DÜZCE;MERKEZ;KİREMİTOCAĞI;676. SOKAK;sokak;859219
DÜZCE;MERKEZ;KİREMİTOCAĞI;677. SOKAK;sokak;268795
DÜZCE;MERKEZ;KİREMİTOCAĞI;679. SOKAK;sokak;556650
DÜZCE;MERKEZ;KİREMİTOCAĞI;686. SOKAK;sokak;836757
DÜZCE;MERKEZ;KİREMİTOCAĞI;687. SOKAK;sokak;547050
DÜZCE;MERKEZ;KİREMİTOCAĞI;688. SOKAK;sokak;154757
DÜZCE;MERKEZ;KİREMİTOCAĞI;690. SOKAK;sokak;536507
DÜZCE;MERKEZ;KİREMİTOCAĞI;691. SOKAK;sokak;408417
DÜZCE;MERKEZ;KİREMİTOCAĞI;693. SOKAK;sokak;543752
DÜZCE;MERKEZ;KİREMİTOCAĞI;696. SOKAK;sokak;836879
DÜZCE;MERKEZ;KİREMİTOCAĞI;698. SOKAK;sokak;548088
DÜZCE;MERKEZ;KİREMİTOCAĞI;701. SOKAK;sokak;836762
DÜZCE;MERKEZ;KİREMİTOCAĞI;702. SOKAK;sokak;936200780
DÜZCE;MERKEZ;KİREMİTOCAĞI;712. SOKAK;sokak;838363
DÜZCE;MERKEZ;KİREMİTOCAĞI;972. SOKAK;sokak;836122
DÜZCE;MERKEZ;KİREMİTOCAĞI;ÇAPA SOKAK;sokak;82538
DÜZCE;MERKEZ;KİREMİTOCAĞI;ESKİ BAĞDAT CADDE;cadde;154756
DÜZCE;MERKEZ;KİREMİTOCAĞI;ESKİ TEKAVİL SOKAK;sokak;408418
DÜZCE;MERKEZ;KİREMİTOCAĞI;FORSA SOKAK;sokak;94222
DÜZCE;MERKEZ;KİREMİTOCAĞI;GÜNEL SOKAK;sokak;154758
DÜZCE;MERKEZ;KİREMİTOCAĞI;HACI BİLAL SOKAK;sokak;571174
DÜZCE;MERKEZ;KİREMİTOCAĞI;HASTANE SOKAK;sokak;154759
DÜZCE;MERKEZ;KİREMİTOCAĞI;İSTANBUL CADDE;cadde;304886
DÜZCE;MERKEZ;KİREMİTOCAĞI;KADER SOKAK;sokak;408415
DÜZCE;MERKEZ;KİREMİTOCAĞI;KADIRGA SOKAK;sokak;154749
DÜZCE;MERKEZ;KİREMİTOCAĞI;KALYON SOKAK;sokak;408416
DÜZCE;MERKEZ;KİREMİTOCAĞI;KUYUMCUZADE BULVAR;sokak;386480
DÜZCE;MERKEZ;KİREMİTOCAĞI;LEVENT SOKAK;sokak;154750
DÜZCE;MERKEZ;KİREMİTOCAĞI;MARMARA SOKAK;sokak;154751
DÜZCE;MERKEZ;KİREMİTOCAĞI;OFİS SOKAK;sokak;546508
DÜZCE;MERKEZ;KİREMİTOCAĞI;PALACI AHMET SOKAK;sokak;154752
DÜZCE;MERKEZ;KİREMİTOCAĞI;ŞAHİN SOKAK;sokak;895852
DÜZCE;MERKEZ;KİREMİTOCAĞI;TALİH SOKAK;sokak;154753
DÜZCE;MERKEZ;KİREMİTOCAĞI;ULUBAT SOKAK;sokak;154754
DÜZCE;MERKEZ;KİREMİTOCAĞI;URAL SOKAK;sokak;836291
DÜZCE;MERKEZ;KİREMİTOCAĞI;YELKEN SOKAK;sokak;154755
DÜZCE;MERKEZ;KOÇYAZI;1348. CADDE;cadde;850319
DÜZCE;MERKEZ;KOÇYAZI;1840. CADDE;cadde;441590851
DÜZCE;MERKEZ;KOÇYAZI;1848. SOKAK;sokak;654547530
DÜZCE;MERKEZ;KOÇYAZI;1851. SOKAK;sokak;805479610
DÜZCE;MERKEZ;KOÇYAZI;2210. SOKAK;sokak;855983
DÜZCE;MERKEZ;KOÇYAZI;2212. SOKAK;sokak;656817
DÜZCE;MERKEZ;KOÇYAZI;2213. SOKAK;sokak;158080170
DÜZCE;MERKEZ;KOÇYAZI;2214. SOKAK;sokak;245396370
DÜZCE;MERKEZ;KOÇYAZI;2215. SOKAK;sokak;327953531
DÜZCE;MERKEZ;KOÇYAZI;2217. SOKAK;sokak;457334581
DÜZCE;MERKEZ;KOÇYAZI;2218. SOKAK;sokak;982151141
DÜZCE;MERKEZ;KOÇYAZI;2219. SOKAK;sokak;314859151
DÜZCE;MERKEZ;KOÇYAZI;2220. SOKAK;sokak;653474
DÜZCE;MERKEZ;KOÇYAZI;2221. SOKAK;sokak;926694
DÜZCE;MERKEZ;KOÇYAZI;2222. SOKAK;sokak;926695
DÜZCE;MERKEZ;KOÇYAZI;2223. SOKAK;sokak;926696
DÜZCE;MERKEZ;KOÇYAZI;2224. SOKAK;sokak;790679480
DÜZCE;MERKEZ;KOÇYAZI;2225. SOKAK;sokak;926697
DÜZCE;MERKEZ;KOÇYAZI;2226. SOKAK;sokak;926698
DÜZCE;MERKEZ;KOÇYAZI;2227. SOKAK;sokak;926699
DÜZCE;MERKEZ;KOÇYAZI;2228. SOKAK;sokak;658942
DÜZCE;MERKEZ;KOÇYAZI;2229. SOKAK;sokak;356765920
DÜZCE;MERKEZ;KOÇYAZI;2230. SOKAK;sokak;656816
DÜZCE;MERKEZ;KOÇYAZI;2231. SOKAK;sokak;850325
DÜZCE;MERKEZ;KOÇYAZI;2232. SOKAK;sokak;926700
DÜZCE;MERKEZ;KOÇYAZI;2233. SOKAK;sokak;926702
DÜZCE;MERKEZ;KOÇYAZI;2234. SOKAK;sokak;926703
DÜZCE;MERKEZ;KOÇYAZI;2236. SOKAK;sokak;926704
DÜZCE;MERKEZ;KOÇYAZI;2238. SOKAK;sokak;926706
DÜZCE;MERKEZ;KOÇYAZI;2239. SOKAK;sokak;926707
DÜZCE;MERKEZ;KOÇYAZI;2240. SOKAK;sokak;652172
DÜZCE;MERKEZ;KOÇYAZI;2241. SOKAK;sokak;926708
DÜZCE;MERKEZ;KOÇYAZI;2242. SOKAK;sokak;926709
DÜZCE;MERKEZ;KOÇYAZI;2243. SOKAK;sokak;926710
DÜZCE;MERKEZ;KOÇYAZI;2245. SOKAK;sokak;644827
DÜZCE;MERKEZ;KOÇYAZI;2246. SOKAK;sokak;642441
DÜZCE;MERKEZ;KOÇYAZI;2247. SOKAK;sokak;934091
DÜZCE;MERKEZ;KOÇYAZI;2249. SOKAK;sokak;642440
DÜZCE;MERKEZ;KOÇYAZI;2252. SOKAK;sokak;405020640
DÜZCE;MERKEZ;KOÇYAZI;2260. SOKAK;sokak;642442
DÜZCE;MERKEZ;KOÇYAZI;2261. SOKAK;sokak;935672
DÜZCE;MERKEZ;KOÇYAZI;2262. SOKAK;sokak;926372
DÜZCE;MERKEZ;KOÇYAZI;2263. SOKAK;sokak;171713560
DÜZCE;MERKEZ;KOÇYAZI;2264. SOKAK;sokak;880171
DÜZCE;MERKEZ;KOÇYAZI;2266. SOKAK;sokak;431386761
DÜZCE;MERKEZ;KOÇYAZI;2267. SOKAK;sokak;642445
DÜZCE;MERKEZ;KOÇYAZI;2268. SOKAK;sokak;642444
DÜZCE;MERKEZ;KOÇYAZI;2277. SOKAK;sokak;855985
DÜZCE;MERKEZ;KOÇYAZI;2285. SOKAK;sokak;871304
DÜZCE;MERKEZ;KOÇYAZI;2287. SOKAK;sokak;387808
DÜZCE;MERKEZ;KOÇYAZI;2289. SOKAK;sokak;935673
DÜZCE;MERKEZ;KOÇYAZI;2291. SOKAK;sokak;849626
DÜZCE;MERKEZ;KOÇYAZI;2293. SOKAK;sokak;833997330
DÜZCE;MERKEZ;KOÇYAZI;2294. SOKAK;sokak;763290100
DÜZCE;MERKEZ;KOÇYAZI;2295. SOKAK;sokak;513207600
DÜZCE;MERKEZ;KOÇYAZI;2296. SOKAK;sokak;920881
DÜZCE;MERKEZ;KOÇYAZI;2297. SOKAK;sokak;419528130
DÜZCE;MERKEZ;KOÇYAZI;2299. SOKAK;sokak;354676610
DÜZCE;MERKEZ;KOÇYAZI;2300. SOKAK;sokak;279536451
DÜZCE;MERKEZ;KOÇYAZI;2302. SOKAK;sokak;719709170
DÜZCE;MERKEZ;KOÇYAZI;2305. SOKAK;sokak;850555
DÜZCE;MERKEZ;KOÇYAZI;2306. SOKAK;sokak;850556
DÜZCE;MERKEZ;KOÇYAZI;2307. SOKAK;sokak;388186
DÜZCE;MERKEZ;KOÇYAZI;2308. SOKAK;sokak;935674
DÜZCE;MERKEZ;KOÇYAZI;2309. SOKAK;sokak;441542
DÜZCE;MERKEZ;KOÇYAZI;2310. SOKAK;sokak;711220300
DÜZCE;MERKEZ;KOÇYAZI;2311. SOKAK;sokak;850557
DÜZCE;MERKEZ;KOÇYAZI;2312. SOKAK;sokak;94957
DÜZCE;MERKEZ;KOÇYAZI;2316. SOKAK;sokak;813219
DÜZCE;MERKEZ;KOÇYAZI;2317. SOKAK;sokak;651084
DÜZCE;MERKEZ;KOÇYAZI;2318. SOKAK;sokak;849963
DÜZCE;MERKEZ;KOÇYAZI;2322. SOKAK;sokak;655558
DÜZCE;MERKEZ;KOÇYAZI;2327. SOKAK;sokak;935675
DÜZCE;MERKEZ;KOÇYAZI;2328. SOKAK;sokak;642322
DÜZCE;MERKEZ;KOÇYAZI;2329. SOKAK;sokak;176940
DÜZCE;MERKEZ;KOÇYAZI;2330. SOKAK;sokak;862391
DÜZCE;MERKEZ;KOÇYAZI;2331. SOKAK;sokak;935676
DÜZCE;MERKEZ;KOÇYAZI;2332. SOKAK;sokak;935677
DÜZCE;MERKEZ;KOÇYAZI;2333. SOKAK;sokak;342152281
DÜZCE;MERKEZ;KOÇYAZI;2334. SOKAK;sokak;611491831
DÜZCE;MERKEZ;KOÇYAZI;2335. SOKAK;sokak;439897480
DÜZCE;MERKEZ;KOÇYAZI;2336. SOKAK;sokak;669842
DÜZCE;MERKEZ;KOÇYAZI;2338. SOKAK;sokak;716565730
DÜZCE;MERKEZ;KOÇYAZI;2339. SOKAK;sokak;862392
DÜZCE;MERKEZ;KOÇYAZI;2341. SOKAK;sokak;962316
DÜZCE;MERKEZ;KOÇYAZI;2342. SOKAK;sokak;926711
DÜZCE;MERKEZ;KOÇYAZI;2343. SOKAK;sokak;926712
DÜZCE;MERKEZ;KOÇYAZI;2344. SOKAK;sokak;436733341
DÜZCE;MERKEZ;KOÇYAZI;2345. SOKAK;sokak;938298
DÜZCE;MERKEZ;KOÇYAZI;2350. SOKAK;sokak;374373990
DÜZCE;MERKEZ;KOÇYAZI;2351. SOKAK;sokak;862203
DÜZCE;MERKEZ;KOÇYAZI;2352. SOKAK;sokak;155181941
DÜZCE;MERKEZ;KOÇYAZI;2353. SOKAK;sokak;790889931
DÜZCE;MERKEZ;KOÇYAZI;2354. SOKAK;sokak;374395280
DÜZCE;MERKEZ;KOÇYAZI;2360. SOKAK;sokak;849990
DÜZCE;MERKEZ;KOÇYAZI;2361. SOKAK;sokak;658941
DÜZCE;MERKEZ;KOÇYAZI;2364. SOKAK;sokak;771478660
DÜZCE;MERKEZ;KOÇYAZI;2367. SOKAK;sokak;850008
DÜZCE;MERKEZ;KOÇYAZI;2368. SOKAK;sokak;850558
DÜZCE;MERKEZ;KOÇYAZI;2369. SOKAK;sokak;850559
DÜZCE;MERKEZ;KOÇYAZI;2370. SOKAK;sokak;850337
DÜZCE;MERKEZ;KOÇYAZI;2371. SOKAK;sokak;850753
DÜZCE;MERKEZ;KOÇYAZI;2373. SOKAK;sokak;850560
DÜZCE;MERKEZ;KOÇYAZI;2374. SOKAK;sokak;848396
DÜZCE;MERKEZ;KOÇYAZI;2376. SOKAK;sokak;542026500
DÜZCE;MERKEZ;KOÇYAZI;2377. SOKAK;sokak;684555670
DÜZCE;MERKEZ;KOÇYAZI;2378. SOKAK;sokak;293966521
DÜZCE;MERKEZ;KOÇYAZI;2379. SOKAK;sokak;850334
DÜZCE;MERKEZ;KOÇYAZI;2381. SOKAK;sokak;233407060
DÜZCE;MERKEZ;KOÇYAZI;2382. SOKAK;sokak;273417421
DÜZCE;MERKEZ;KOÇYAZI;2384. SOKAK;sokak;850328
DÜZCE;MERKEZ;KOÇYAZI;2386. SOKAK;sokak;279739240
DÜZCE;MERKEZ;KOÇYAZI;2387. SOKAK;sokak;651087
DÜZCE;MERKEZ;KOÇYAZI;2390. SOKAK;sokak;505609780
DÜZCE;MERKEZ;KOÇYAZI;2391. SOKAK;sokak;742503090
DÜZCE;MERKEZ;KOÇYAZI;2397. SOKAK;sokak;850320
DÜZCE;MERKEZ;KOÇYAZI;2398. SOKAK;sokak;488913370
DÜZCE;MERKEZ;KOÇYAZI;2399. SOKAK;sokak;862390
DÜZCE;MERKEZ;KOÇYAZI;2400. SOKAK;sokak;862388
DÜZCE;MERKEZ;KOÇYAZI;2401. SOKAK;sokak;862389
DÜZCE;MERKEZ;KOÇYAZI;2402. CADDE;cadde;191869150
DÜZCE;MERKEZ;KOÇYAZI;2406. SOKAK;sokak;916280400
DÜZCE;MERKEZ;KOÇYAZI;2407. SOKAK;sokak;266147920
DÜZCE;MERKEZ;KOÇYAZI;2409. SOKAK;sokak;574282291
DÜZCE;MERKEZ;KOÇYAZI;2414. SOKAK;sokak;187226520
DÜZCE;MERKEZ;KOÇYAZI;2415. SOKAK;sokak;922793
DÜZCE;MERKEZ;KOÇYAZI;ADALI SOKAK;sokak;642443
DÜZCE;MERKEZ;KOÇYAZI;AKTÜRK SOKAK;sokak;642095
DÜZCE;MERKEZ;KOÇYAZI;ATA CADDE;cadde;643600
DÜZCE;MERKEZ;KOÇYAZI;ATASOY SOKAK;sokak;94941
DÜZCE;MERKEZ;KOÇYAZI;AYDOĞAN SOKAK;sokak;651083
DÜZCE;MERKEZ;KOÇYAZI;BİLİR SOKAK;sokak;860682
DÜZCE;MERKEZ;KOÇYAZI;BULUT SOKAK;sokak;849613
DÜZCE;MERKEZ;KOÇYAZI;D 100 KARAYOLU CADDE;cadde;642320
DÜZCE;MERKEZ;KOÇYAZI;GAZİ CADDE;cadde;642321
DÜZCE;MERKEZ;KOÇYAZI;GÖZÜKARA SOKAK;sokak;651826
DÜZCE;MERKEZ;KOÇYAZI;GÜDÜ SOKAK;sokak;938271
DÜZCE;MERKEZ;KOÇYAZI;İŞCAN SOKAK;sokak;441548
DÜZCE;MERKEZ;KOÇYAZI;KARATAŞ SOKAK;sokak;388182
DÜZCE;MERKEZ;KOÇYAZI;KAVİSLİ SOKAK;sokak;642315
DÜZCE;MERKEZ;KOÇYAZI;MUHSİN YAZICIOĞLU CADDE;cadde;926705
DÜZCE;MERKEZ;KOÇYAZI;NOTER SOKAK;sokak;642097
DÜZCE;MERKEZ;KOÇYAZI;OVALI SOKAK;sokak;642318
DÜZCE;MERKEZ;KOÇYAZI;ÖZATA SOKAK;sokak;647485
DÜZCE;MERKEZ;KOÇYAZI;SON SOKAK;sokak;938272
DÜZCE;MERKEZ;KOÇYAZI;ŞEHİT ÖMER HALİSDEMİR CADDE;cadde;876082200
DÜZCE;MERKEZ;KOÇYAZI;TERZİOĞLU CADDE;cadde;849571
DÜZCE;MERKEZ;KOÇYAZI;TRAFO SOKAK;sokak;652499
DÜZCE;MERKEZ;KOÇYAZI;TÜRKAN SOKAK;sokak;652494
DÜZCE;MERKEZ;KOÇYAZI;ZAHİD KEVSERİ BULVAR;sokak;859859
DÜZCE;MERKEZ;KONAKLI NA;DURAKLAR KÜME EVLER;sokak;407686810
DÜZCE;MERKEZ;KONAKLI NA;KONAKLI KÜME EVLER;sokak;309742
DÜZCE;MERKEZ;KONAKLI NA;MERKEZ KÜME EVLER;sokak;763310400
DÜZCE;MERKEZ;KOZLUK NA;KOZLUK KÜME EVLER;sokak;535906
DÜZCE;MERKEZ;KÖPRÜBAŞI NA;ANADOLU OTOYOLU BULVAR;sokak;473816941
DÜZCE;MERKEZ;KÖPRÜBAŞI NA;ANADOLU OTOYOLU DÜZCE BAĞLANTISI BULVAR;sokak;156688330
DÜZCE;MERKEZ;KÖPRÜBAŞI NA;DÜZCE / GÖLYAKA YOLU BULVAR;sokak;240731401
DÜZCE;MERKEZ;KÖPRÜBAŞI NA;KÖPRÜBAŞI KÜME EVLER;sokak;555562
DÜZCE;MERKEZ;KÖPRÜBAŞI NA;PAŞAKONAĞI KÜME EVLER;sokak;131149541
DÜZCE;MERKEZ;KÖPRÜBAŞI NA;YAYAKBAŞI KÜME EVLER;sokak;818578980
DÜZCE;MERKEZ;KÖRPEŞLER;1402. SOKAK;sokak;954414241
DÜZCE;MERKEZ;KÖRPEŞLER;1408. SOKAK;sokak;681080590
DÜZCE;MERKEZ;KÖRPEŞLER;1409. SOKAK;sokak;102411070
DÜZCE;MERKEZ;KÖRPEŞLER;1412. SOKAK;sokak;852697
DÜZCE;MERKEZ;KÖRPEŞLER;1413. SOKAK;sokak;852707
DÜZCE;MERKEZ;KÖRPEŞLER;1418. SOKAK;sokak;285744990
DÜZCE;MERKEZ;KÖRPEŞLER;1420. SOKAK;sokak;177459850
DÜZCE;MERKEZ;KÖRPEŞLER;1421. SOKAK;sokak;584776130
DÜZCE;MERKEZ;KÖRPEŞLER;1422. SOKAK;sokak;298502110
DÜZCE;MERKEZ;KÖRPEŞLER;1423. SOKAK;sokak;506064250
DÜZCE;MERKEZ;KÖRPEŞLER;1424. SOKAK;sokak;864046880
DÜZCE;MERKEZ;KÖRPEŞLER;1425. SOKAK;sokak;291432860
DÜZCE;MERKEZ;KÖRPEŞLER;1426. SOKAK;sokak;882099780
DÜZCE;MERKEZ;KÖRPEŞLER;1428. SOKAK;sokak;552142250
DÜZCE;MERKEZ;KÖRPEŞLER;1431. SOKAK;sokak;869225
DÜZCE;MERKEZ;KÖRPEŞLER;1432. SOKAK;sokak;908636481
DÜZCE;MERKEZ;KÖRPEŞLER;1435. SOKAK;sokak;408118200
DÜZCE;MERKEZ;KÖRPEŞLER;1436. SOKAK;sokak;855340890
DÜZCE;MERKEZ;KÖRPEŞLER;1437. SOKAK;sokak;885845
DÜZCE;MERKEZ;KÖRPEŞLER;1438. SOKAK;sokak;385941
DÜZCE;MERKEZ;KÖRPEŞLER;1439. CADDE;cadde;919830800
DÜZCE;MERKEZ;KÖRPEŞLER;1440. SOKAK;sokak;680971
DÜZCE;MERKEZ;KÖRPEŞLER;1441. SOKAK;sokak;682651
DÜZCE;MERKEZ;KÖRPEŞLER;1442. SOKAK;sokak;336810
DÜZCE;MERKEZ;KÖRPEŞLER;1443. SOKAK;sokak;866134
DÜZCE;MERKEZ;KÖRPEŞLER;1447. SOKAK;sokak;126612860
DÜZCE;MERKEZ;KÖRPEŞLER;1448. SOKAK;sokak;153597480
DÜZCE;MERKEZ;KÖRPEŞLER;1450. SOKAK;sokak;682332
DÜZCE;MERKEZ;KÖRPEŞLER;1451. SOKAK;sokak;506452740
DÜZCE;MERKEZ;KÖRPEŞLER;1452. SOKAK;sokak;279386120
DÜZCE;MERKEZ;KÖRPEŞLER;1453. SOKAK;sokak;290301290
DÜZCE;MERKEZ;KÖRPEŞLER;1455. SOKAK;sokak;868503
DÜZCE;MERKEZ;KÖRPEŞLER;1456. SOKAK;sokak;868499
DÜZCE;MERKEZ;KÖRPEŞLER;1457. SOKAK;sokak;687118
DÜZCE;MERKEZ;KÖRPEŞLER;1458. SOKAK;sokak;758646451
DÜZCE;MERKEZ;KÖRPEŞLER;1460. SOKAK;sokak;517088990
DÜZCE;MERKEZ;KÖRPEŞLER;1461. SOKAK;sokak;239606
DÜZCE;MERKEZ;KÖRPEŞLER;1462. SOKAK;sokak;686791
DÜZCE;MERKEZ;KÖRPEŞLER;1463. SOKAK;sokak;868501
DÜZCE;MERKEZ;KÖRPEŞLER;1464. SOKAK;sokak;682446
DÜZCE;MERKEZ;KÖRPEŞLER;1465. CADDE;cadde;689867440
DÜZCE;MERKEZ;KÖRPEŞLER;1467. SOKAK;sokak;690496
DÜZCE;MERKEZ;KÖRPEŞLER;1468. SOKAK;sokak;221598
DÜZCE;MERKEZ;KÖRPEŞLER;1474. SOKAK;sokak;99537
DÜZCE;MERKEZ;KÖRPEŞLER;1475. SOKAK;sokak;687417
DÜZCE;MERKEZ;KÖRPEŞLER;1476. SOKAK;sokak;868052
DÜZCE;MERKEZ;KÖRPEŞLER;1477. SOKAK;sokak;846854
DÜZCE;MERKEZ;KÖRPEŞLER;1478. SOKAK;sokak;219345001
DÜZCE;MERKEZ;KÖRPEŞLER;1479. SOKAK;sokak;339492561
DÜZCE;MERKEZ;KÖRPEŞLER;1480. SOKAK;sokak;681990
DÜZCE;MERKEZ;KÖRPEŞLER;1482. SOKAK;sokak;610175881
DÜZCE;MERKEZ;KÖRPEŞLER;1483. SOKAK;sokak;101000
DÜZCE;MERKEZ;KÖRPEŞLER;1484. SOKAK;sokak;115431
DÜZCE;MERKEZ;KÖRPEŞLER;1485. SOKAK;sokak;385940
DÜZCE;MERKEZ;KÖRPEŞLER;1486. SOKAK;sokak;684531
DÜZCE;MERKEZ;KÖRPEŞLER;1487. SOKAK;sokak;693124
DÜZCE;MERKEZ;KÖRPEŞLER;1488. SOKAK;sokak;651872470
DÜZCE;MERKEZ;KÖRPEŞLER;1489. SOKAK;sokak;828353721
DÜZCE;MERKEZ;KÖRPEŞLER;1490. CADDE;cadde;282569
DÜZCE;MERKEZ;KÖRPEŞLER;1493. CADDE;cadde;694115
DÜZCE;MERKEZ;KÖRPEŞLER;1494. CADDE;cadde;469929
DÜZCE;MERKEZ;KÖRPEŞLER;1495. SOKAK;sokak;866481
DÜZCE;MERKEZ;KÖRPEŞLER;1496. SOKAK;sokak;682952
DÜZCE;MERKEZ;KÖRPEŞLER;1497. SOKAK;sokak;928732
DÜZCE;MERKEZ;KÖRPEŞLER;1498. SOKAK;sokak;682899
DÜZCE;MERKEZ;KÖRPEŞLER;1499. SOKAK;sokak;821979
DÜZCE;MERKEZ;KÖRPEŞLER;1501. SOKAK;sokak;336809
DÜZCE;MERKEZ;KÖRPEŞLER;1502. SOKAK;sokak;237882
DÜZCE;MERKEZ;KÖRPEŞLER;1503. SOKAK;sokak;829216
DÜZCE;MERKEZ;KÖRPEŞLER;1505. SOKAK;sokak;844082
DÜZCE;MERKEZ;KÖRPEŞLER;1506. SOKAK;sokak;823092
DÜZCE;MERKEZ;KÖRPEŞLER;1507. SOKAK;sokak;389663
DÜZCE;MERKEZ;KÖRPEŞLER;1508. SOKAK;sokak;946231391
DÜZCE;MERKEZ;KÖRPEŞLER;1509. SOKAK;sokak;237881
DÜZCE;MERKEZ;KÖRPEŞLER;1510. SOKAK;sokak;26741
DÜZCE;MERKEZ;KÖRPEŞLER;1512. SOKAK;sokak;99461
DÜZCE;MERKEZ;KÖRPEŞLER;1513. SOKAK;sokak;690937
DÜZCE;MERKEZ;KÖRPEŞLER;1514. SOKAK;sokak;686842
DÜZCE;MERKEZ;KÖRPEŞLER;1515. SOKAK;sokak;111167
DÜZCE;MERKEZ;KÖRPEŞLER;1516. SOKAK;sokak;438520
DÜZCE;MERKEZ;KÖRPEŞLER;1517. SOKAK;sokak;111168
DÜZCE;MERKEZ;KÖRPEŞLER;1522. SOKAK;sokak;846855
DÜZCE;MERKEZ;KÖRPEŞLER;1524. SOKAK;sokak;846861
DÜZCE;MERKEZ;KÖRPEŞLER;1525. SOKAK;sokak;846860
DÜZCE;MERKEZ;KÖRPEŞLER;1526. SOKAK;sokak;846856
DÜZCE;MERKEZ;KÖRPEŞLER;1527. SOKAK;sokak;462810281
DÜZCE;MERKEZ;KÖRPEŞLER;1528. SOKAK;sokak;846858
DÜZCE;MERKEZ;KÖRPEŞLER;1529. SOKAK;sokak;846857
DÜZCE;MERKEZ;KÖRPEŞLER;1530. SOKAK;sokak;846859
DÜZCE;MERKEZ;KÖRPEŞLER;1531. SOKAK;sokak;574112170
DÜZCE;MERKEZ;KÖRPEŞLER;1533. SOKAK;sokak;315530350
DÜZCE;MERKEZ;KÖRPEŞLER;1535. SOKAK;sokak;305990701
DÜZCE;MERKEZ;KÖRPEŞLER;1539. SOKAK;sokak;658116971
DÜZCE;MERKEZ;KÖRPEŞLER;1541. SOKAK;sokak;617498831
DÜZCE;MERKEZ;KÖRPEŞLER;1542 SOKAK;sokak;819381851
DÜZCE;MERKEZ;KÖRPEŞLER;1543. SOKAK;sokak;939623
DÜZCE;MERKEZ;KÖRPEŞLER;1544. SOKAK;sokak;682356
DÜZCE;MERKEZ;KÖRPEŞLER;1545. SOKAK;sokak;399883241
DÜZCE;MERKEZ;KÖRPEŞLER;1547. SOKAK;sokak;115435
DÜZCE;MERKEZ;KÖRPEŞLER;1549. SOKAK;sokak;866354
DÜZCE;MERKEZ;KÖRPEŞLER;1551. SOKAK;sokak;935660
DÜZCE;MERKEZ;KÖRPEŞLER;1552. SOKAK;sokak;140505791
DÜZCE;MERKEZ;KÖRPEŞLER;1554. SOKAK;sokak;416156
DÜZCE;MERKEZ;KÖRPEŞLER;1558. SOKAK;sokak;273052341
DÜZCE;MERKEZ;KÖRPEŞLER;2423. CADDE;cadde;392128990
DÜZCE;MERKEZ;KÖRPEŞLER;2449. CADDE;cadde;973066581
DÜZCE;MERKEZ;KÖRPEŞLER;2506. SOKAK;sokak;846862
DÜZCE;MERKEZ;KÖRPEŞLER;2530. CADDE;cadde;415681551
DÜZCE;MERKEZ;KÖRPEŞLER;2929. SOKAK;sokak;309063901
DÜZCE;MERKEZ;KÖRPEŞLER;2934. SOKAK;sokak;278155880
DÜZCE;MERKEZ;KÖRPEŞLER;2935. SOKAK;sokak;935757
DÜZCE;MERKEZ;KÖRPEŞLER;2936. SOKAK;sokak;858345
DÜZCE;MERKEZ;KÖRPEŞLER;2957 SOKAK;sokak;709932410
DÜZCE;MERKEZ;KÖRPEŞLER;ÇİLİNGİR SOKAK;sokak;108188881
DÜZCE;MERKEZ;KÖRPEŞLER;HÜRRİYET CADDE;cadde;277641171
DÜZCE;MERKEZ;KÖRPEŞLER;KUYUMCU CADDE;cadde;938303
DÜZCE;MERKEZ;KÖRPEŞLER;SERVET BUCURGAT CADDE;cadde;860150
DÜZCE;MERKEZ;KURTSUYU - DERE;DERE KÜME EVLER;sokak;532959
DÜZCE;MERKEZ;KURTSUYU - MERKEZ;KURTSUYU MERKEZ KÜME EVLER;sokak;373017
DÜZCE;MERKEZ;KURTSUYU - OTLAKLAR;OTLAKLAR KÜME EVLER;sokak;541424
DÜZCE;MERKEZ;KURTSUYU - PETEKLİ;PETEKLİ KÜME EVLER;sokak;536527
DÜZCE;MERKEZ;KURTSUYU - TANTAN KUYU;TANTAN KUYU KÜME EVLER;sokak;539131
DÜZCE;MERKEZ;KURTSUYU - TONYALI;DERE KÜME EVLER;sokak;109926750
DÜZCE;MERKEZ;KURTSUYU - TONYALI;TONYALI KÜME EVLER;sokak;542046
DÜZCE;MERKEZ;KUŞAÇMASI NA;KUŞAÇMASI KÜME EVLER;sokak;550846
DÜZCE;MERKEZ;KUTLU NA;KUTLU KÜME EVLER;sokak;524182
DÜZCE;MERKEZ;KUYUMCUHACIALİ;3920. SOKAK;sokak;632316
DÜZCE;MERKEZ;KUYUMCUHACIALİ;3935. SOKAK;sokak;842982230
DÜZCE;MERKEZ;KUYUMCUHACIALİ;3938. SOKAK;sokak;343648691
DÜZCE;MERKEZ;KUYUMCUHACIALİ;3947. SOKAK;sokak;311750370
DÜZCE;MERKEZ;KUYUMCUHACIALİ;3960. SOKAK;sokak;734273201
DÜZCE;MERKEZ;KUYUMCUHACIALİ;3987. SOKAK;sokak;374742361
DÜZCE;MERKEZ;KUYUMCUHACIALİ;3988. SOKAK;sokak;791916981
DÜZCE;MERKEZ;KUYUMCUHACIALİ;3991. SOKAK;sokak;923790801
DÜZCE;MERKEZ;KUYUMCUHACIALİ;4151. SOKAK;sokak;649268270
DÜZCE;MERKEZ;KUYUMCUHACIALİ;4152. SOKAK;sokak;857753770
DÜZCE;MERKEZ;KUYUMCUHACIALİ;4155. SOKAK;sokak;384074660
DÜZCE;MERKEZ;KUYUMCUHACIALİ;4156. SOKAK;sokak;473925271
DÜZCE;MERKEZ;KUYUMCUHACIALİ;4158. SOKAK;sokak;341617031
DÜZCE;MERKEZ;KUYUMCUHACIALİ;4159. SOKAK;sokak;881169341
DÜZCE;MERKEZ;KUYUMCUHACIALİ;4160. SOKAK;sokak;197339221
DÜZCE;MERKEZ;KUYUMCUHACIALİ;4161. SOKAK;sokak;259688921
DÜZCE;MERKEZ;KUYUMCUHACIALİ;4164. SOKAK;sokak;365120360
DÜZCE;MERKEZ;KUYUMCUHACIALİ;4166. SOKAK;sokak;350812490
DÜZCE;MERKEZ;KUYUMCUHACIALİ;4168. SOKAK;sokak;557298000
DÜZCE;MERKEZ;KUYUMCUHACIALİ;4169. SOKAK;sokak;299744330
DÜZCE;MERKEZ;KUYUMCUHACIALİ;4170. SOKAK;sokak;119861890
DÜZCE;MERKEZ;KUYUMCUHACIALİ;4171. SOKAK;sokak;100350120
DÜZCE;MERKEZ;KUYUMCUHACIALİ;4172. SOKAK;sokak;693940390
DÜZCE;MERKEZ;KUYUMCUHACIALİ;4173. SOKAK;sokak;511096350
DÜZCE;MERKEZ;KUYUMCUHACIALİ;4175. SOKAK;sokak;558348650
DÜZCE;MERKEZ;KUYUMCUHACIALİ;4177. SOKAK;sokak;232865290
DÜZCE;MERKEZ;KUYUMCUHACIALİ;4178. SOKAK;sokak;508671670
DÜZCE;MERKEZ;KUYUMCUHACIALİ;4179. SOKAK;sokak;735395791
DÜZCE;MERKEZ;KUYUMCUHACIALİ;4180. SOKAK;sokak;784030030
DÜZCE;MERKEZ;KUYUMCUHACIALİ;4181. SOKAK;sokak;926974990
DÜZCE;MERKEZ;KUYUMCUHACIALİ;4182. SOKAK;sokak;707069990
DÜZCE;MERKEZ;KUYUMCUHACIALİ;4183. SOKAK;sokak;464853710
DÜZCE;MERKEZ;KUYUMCUHACIALİ;4186. SOKAK;sokak;176469511
DÜZCE;MERKEZ;KUYUMCUHACIALİ;4188. SOKAK;sokak;141890130
DÜZCE;MERKEZ;KUYUMCUHACIALİ;4189. SOKAK;sokak;981912650
DÜZCE;MERKEZ;KUYUMCUHACIALİ;4190. SOKAK;sokak;654700560
DÜZCE;MERKEZ;KUYUMCUHACIALİ;4191. SOKAK;sokak;451372881
DÜZCE;MERKEZ;KUYUMCUHACIALİ;4192. SOKAK;sokak;837657500
DÜZCE;MERKEZ;KUYUMCUHACIALİ;4193. SOKAK;sokak;645140370
DÜZCE;MERKEZ;KUYUMCUHACIALİ;4194. SOKAK;sokak;178782571
DÜZCE;MERKEZ;KUYUMCUHACIALİ;4195. SOKAK;sokak;184119180
DÜZCE;MERKEZ;KUYUMCUHACIALİ;4196. SOKAK;sokak;179465590
DÜZCE;MERKEZ;KUYUMCUHACIALİ;4197. SOKAK;sokak;642864120
DÜZCE;MERKEZ;KUYUMCUHACIALİ;4199. SOKAK;sokak;943933600
DÜZCE;MERKEZ;KUYUMCUHACIALİ;4200. SOKAK;sokak;537096061
DÜZCE;MERKEZ;KUYUMCUHACIALİ;4214. SOKAK;sokak;408775241
DÜZCE;MERKEZ;KUYUMCUHACIALİ;4235. SOKAK;sokak;558757930
DÜZCE;MERKEZ;KUYUMCUHACIALİ;ZAHİD KEVSERİ BULVAR;sokak;859862
DÜZCE;MERKEZ;KÜÇÜK AHMET NA;20510. SOKAK;sokak;1246353
DÜZCE;MERKEZ;KÜÇÜK AHMET NA;20530. SOKAK;sokak;1246345
DÜZCE;MERKEZ;KÜÇÜK AHMET NA;20550. SOKAK;sokak;1246347
DÜZCE;MERKEZ;KÜÇÜK AHMET NA;20580. SOKAK;sokak;1246355
DÜZCE;MERKEZ;KÜÇÜK AHMET NA;20600. SOKAK;sokak;1246349
DÜZCE;MERKEZ;KÜÇÜK AHMET NA;20630. SOKAK;sokak;1246357
DÜZCE;MERKEZ;KÜÇÜK AHMET NA;20635. SOKAK;sokak;1246359
DÜZCE;MERKEZ;KÜÇÜK AHMET NA;20640. SOKAK;sokak;1246361
DÜZCE;MERKEZ;KÜÇÜK AHMET NA;20645. SOKAK;sokak;1246363
DÜZCE;MERKEZ;KÜÇÜK AHMET NA;20700. SOKAK;sokak;1246351
DÜZCE;MERKEZ;KÜÇÜK AHMET NA;20710. SOKAK;sokak;1246365
DÜZCE;MERKEZ;KÜÇÜK AHMET NA;AYDINPINAR SOKAK;sokak;1246343
DÜZCE;MERKEZ;KÜÇÜK MEHMET NA;20050. SOKAK;sokak;1243279
DÜZCE;MERKEZ;KÜÇÜK MEHMET NA;20100. SOKAK;sokak;1243281
DÜZCE;MERKEZ;KÜÇÜK MEHMET NA;20110. SOKAK;sokak;1243283
DÜZCE;MERKEZ;KÜÇÜK MEHMET NA;20125. SOKAK;sokak;1243285
DÜZCE;MERKEZ;KÜÇÜK MEHMET NA;20150. SOKAK;sokak;1243287
DÜZCE;MERKEZ;KÜÇÜK MEHMET NA;20155. SOKAK;sokak;1243289
DÜZCE;MERKEZ;KÜÇÜK MEHMET NA;20160. SOKAK;sokak;1243291
DÜZCE;MERKEZ;KÜÇÜK MEHMET NA;20161. SOKAK;sokak;1243293
DÜZCE;MERKEZ;KÜÇÜK MEHMET NA;20162. SOKAK;sokak;1243295
DÜZCE;MERKEZ;KÜÇÜK MEHMET NA;20163. SOKAK;sokak;1243297
DÜZCE;MERKEZ;KÜÇÜK MEHMET NA;20164. SOKAK;sokak;1243299
DÜZCE;MERKEZ;KÜÇÜK MEHMET NA;20170. SOKAK;sokak;1243301
DÜZCE;MERKEZ;KÜÇÜK MEHMET NA;20510. SOKAK;sokak;1243303
DÜZCE;MERKEZ;KÜÇÜK MEHMET NA;20511. SOKAK;sokak;294891921
DÜZCE;MERKEZ;KÜÇÜK MEHMET NA;ANADOLU OTOYOLU BULVAR;sokak;154712531
DÜZCE;MERKEZ;KÜÇÜK MEHMET NA;AYDINPINAR SOKAK;sokak;1242101
DÜZCE;MERKEZ;KÜLTÜR;716. SOKAK;sokak;867535061
DÜZCE;MERKEZ;KÜLTÜR;718. SOKAK;sokak;832993
DÜZCE;MERKEZ;KÜLTÜR;719. SOKAK;sokak;839104
DÜZCE;MERKEZ;KÜLTÜR;720. SOKAK;sokak;842129
DÜZCE;MERKEZ;KÜLTÜR;721. SOKAK;sokak;842128
DÜZCE;MERKEZ;KÜLTÜR;722. SOKAK;sokak;826439
DÜZCE;MERKEZ;KÜLTÜR;723. SOKAK;sokak;860514140
DÜZCE;MERKEZ;KÜLTÜR;724. SOKAK;sokak;935725
DÜZCE;MERKEZ;KÜLTÜR;725. SOKAK;sokak;575340
DÜZCE;MERKEZ;KÜLTÜR;733. SOKAK;sokak;618376
DÜZCE;MERKEZ;KÜLTÜR;734. SOKAK;sokak;606420
DÜZCE;MERKEZ;KÜLTÜR;735. SOKAK;sokak;77770
DÜZCE;MERKEZ;KÜLTÜR;737. CADDE;cadde;611142
DÜZCE;MERKEZ;KÜLTÜR;746. SOKAK;sokak;935727
DÜZCE;MERKEZ;KÜLTÜR;765. SOKAK;sokak;935728
DÜZCE;MERKEZ;KÜLTÜR;768. SOKAK;sokak;935730
DÜZCE;MERKEZ;KÜLTÜR;769. SOKAK;sokak;935731
DÜZCE;MERKEZ;KÜLTÜR;773. SOKAK;sokak;408436
DÜZCE;MERKEZ;KÜLTÜR;775. SOKAK;sokak;156398
DÜZCE;MERKEZ;KÜLTÜR;780. SOKAK;sokak;793613740
DÜZCE;MERKEZ;KÜLTÜR;781. SOKAK;sokak;935732
DÜZCE;MERKEZ;KÜLTÜR;790. SOKAK;sokak;584067
DÜZCE;MERKEZ;KÜLTÜR;791. SOKAK;sokak;154786
DÜZCE;MERKEZ;KÜLTÜR;792. SOKAK;sokak;362302
DÜZCE;MERKEZ;KÜLTÜR;793. SOKAK;sokak;730490
DÜZCE;MERKEZ;KÜLTÜR;794. SOKAK;sokak;569938
DÜZCE;MERKEZ;KÜLTÜR;AKASYA SOKAK;sokak;154787
DÜZCE;MERKEZ;KÜLTÜR;AKÇAM SOKAK;sokak;154788
DÜZCE;MERKEZ;KÜLTÜR;ALAN SOKAK;sokak;582672
DÜZCE;MERKEZ;KÜLTÜR;ALİ ŞİRNEVAİ SOKAK;sokak;362303
DÜZCE;MERKEZ;KÜLTÜR;ARICILAR SOKAK;sokak;408433
DÜZCE;MERKEZ;KÜLTÜR;ASRI SOKAK;sokak;154789
DÜZCE;MERKEZ;KÜLTÜR;BAKAN SOKAK;sokak;155110
DÜZCE;MERKEZ;KÜLTÜR;BANKALAR SOKAK;sokak;408434
DÜZCE;MERKEZ;KÜLTÜR;BAYAN EMİNE SOKAK;sokak;362304
DÜZCE;MERKEZ;KÜLTÜR;BEDRETTİN MARADİT SOKAK;sokak;408439
DÜZCE;MERKEZ;KÜLTÜR;BELGEN SOKAK;sokak;155111
DÜZCE;MERKEZ;KÜLTÜR;BLOK EVLER SOKAK;sokak;155112
DÜZCE;MERKEZ;KÜLTÜR;CANDAR SOKAK;sokak;85403
DÜZCE;MERKEZ;KÜLTÜR;CELAL NALBANTOĞLU SOKAK;sokak;362307
DÜZCE;MERKEZ;KÜLTÜR;ÇAĞLA SOKAK;sokak;362310
DÜZCE;MERKEZ;KÜLTÜR;ÇAĞRI SOKAK;sokak;408441
DÜZCE;MERKEZ;KÜLTÜR;ÇAMLI SOKAK;sokak;602079
DÜZCE;MERKEZ;KÜLTÜR;ÇARDAK SOKAK;sokak;569131
DÜZCE;MERKEZ;KÜLTÜR;ÇEVRE SOKAK;sokak;156413
DÜZCE;MERKEZ;KÜLTÜR;D 100 KARAYOLU CADDE;cadde;362305
DÜZCE;MERKEZ;KÜLTÜR;EĞRİ SOKAK;sokak;156396
DÜZCE;MERKEZ;KÜLTÜR;FIRIN SOKAK;sokak;408435
DÜZCE;MERKEZ;KÜLTÜR;GÜVEN SOKAK;sokak;156397
DÜZCE;MERKEZ;KÜLTÜR;HAMİT KAPLAN SOKAK;sokak;604296
DÜZCE;MERKEZ;KÜLTÜR;İBRAHİM MÜTEFERİKA SOKAK;sokak;151600
DÜZCE;MERKEZ;KÜLTÜR;İSTANBUL CADDE;cadde;151601
DÜZCE;MERKEZ;KÜLTÜR;KAMİL KUYUMCU SOKAK;sokak;362306
DÜZCE;MERKEZ;KÜLTÜR;KANUNİ SOKAK;sokak;156399
DÜZCE;MERKEZ;KÜLTÜR;KATİP SOKAK;sokak;156400
DÜZCE;MERKEZ;KÜLTÜR;KONAK SOKAK;sokak;156401
DÜZCE;MERKEZ;KÜLTÜR;KÖKNAR SOKAK;sokak;839103
DÜZCE;MERKEZ;KÜLTÜR;KUYUMCUZADE BULVAR;sokak;156402
DÜZCE;MERKEZ;KÜLTÜR;KÜLTÜR SOKAK;sokak;156403
DÜZCE;MERKEZ;KÜLTÜR;LALE SOKAK;sokak;156404
DÜZCE;MERKEZ;KÜLTÜR;LÜTFÜ AKAR STADYUM SOKAK;sokak;362308
DÜZCE;MERKEZ;KÜLTÜR;MANSUR BAYRAM CADDE;cadde;623044
DÜZCE;MERKEZ;KÜLTÜR;MAZHAR OSMAN SOKAK;sokak;156405
DÜZCE;MERKEZ;KÜLTÜR;MEHMET AKİF CADDE;cadde;156406
DÜZCE;MERKEZ;KÜLTÜR;MEHMET AKİF ERSOY SOKAK;sokak;156407
DÜZCE;MERKEZ;KÜLTÜR;MEHMET NAZIM SOKAK;sokak;408437
DÜZCE;MERKEZ;KÜLTÜR;MURATBEY SOKAK;sokak;408438
DÜZCE;MERKEZ;KÜLTÜR;MUSTAFA ABDÜLCEMİL KIRIMOĞLU SOKAK;sokak;753688
DÜZCE;MERKEZ;KÜLTÜR;NAMIK KEMAL SOKAK;sokak;156408
DÜZCE;MERKEZ;KÜLTÜR;NEZİH TÜTÜNCÜOĞLU BULVAR;sokak;611856
DÜZCE;MERKEZ;KÜLTÜR;NEZİRLER SOKAK;sokak;607831
DÜZCE;MERKEZ;KÜLTÜR;ÖMER SEYFETTİN SOKAK;sokak;362311
DÜZCE;MERKEZ;KÜLTÜR;ÖZ SOKAK;sokak;151599
DÜZCE;MERKEZ;KÜLTÜR;RASİM BETİR PAŞA BULVAR;sokak;408629
DÜZCE;MERKEZ;KÜLTÜR;SAĞLIK SOKAK;sokak;935761
DÜZCE;MERKEZ;KÜLTÜR;SPOR SOKAK;sokak;156409
DÜZCE;MERKEZ;KÜLTÜR;SÜLEYMAN KUYUMCU CADDE;cadde;408440
DÜZCE;MERKEZ;KÜLTÜR;TAHİR ALTIN SOKAK;sokak;156410
DÜZCE;MERKEZ;KÜLTÜR;UZUNMUSTAFA CADDE;cadde;322732
DÜZCE;MERKEZ;KÜLTÜR;VARDAR SOKAK;sokak;362309
DÜZCE;MERKEZ;KÜLTÜR;YILDIRIM SOKAK;sokak;156412
DÜZCE;MERKEZ;MAMURE;16500. SOKAK;sokak;1168123
DÜZCE;MERKEZ;MAMURE;16501. SOKAK;sokak;438759131
DÜZCE;MERKEZ;MAMURE;16504. SOKAK;sokak;1168127
DÜZCE;MERKEZ;MAMURE;16505. SOKAK;sokak;114962051
DÜZCE;MERKEZ;MAMURE;16507. SOKAK;sokak;1168129
DÜZCE;MERKEZ;MAMURE;16514. SOKAK;sokak;1168131
DÜZCE;MERKEZ;MAMURE;16524. SOKAK;sokak;1168185
DÜZCE;MERKEZ;MAMURE;16525. SOKAK;sokak;761341701
DÜZCE;MERKEZ;MAMURE;16526. SOKAK;sokak;359451041
DÜZCE;MERKEZ;MAMURE;16527. SOKAK;sokak;473031851
DÜZCE;MERKEZ;MAMURE;16528. SOKAK;sokak;720954091
DÜZCE;MERKEZ;MAMURE;16531. SOKAK;sokak;475044931
DÜZCE;MERKEZ;MAMURE;16532. SOKAK;sokak;990811501
DÜZCE;MERKEZ;MAMURE;17015. SOKAK;sokak;884183710
DÜZCE;MERKEZ;MAMURE;2130. CADDE;cadde;952144091
DÜZCE;MERKEZ;MAMURE;2132. SOKAK;sokak;422125551
DÜZCE;MERKEZ;MAMURE;D 100 KARAYOLU CADDE;cadde;994023070
DÜZCE;MERKEZ;MERGİÇ;1030. BULVAR;sokak;857653
DÜZCE;MERKEZ;MERGİÇ;1037. SOKAK;sokak;157406160
DÜZCE;MERKEZ;MERGİÇ;1038. SOKAK;sokak;836223
DÜZCE;MERKEZ;MERGİÇ;1039. SOKAK;sokak;868959
DÜZCE;MERKEZ;MERGİÇ;1041. SOKAK;sokak;836222
DÜZCE;MERKEZ;MERGİÇ;1042. SOKAK;sokak;836221
DÜZCE;MERKEZ;MERGİÇ;1046. SOKAK;sokak;586811
DÜZCE;MERKEZ;MERGİÇ;1047. SOKAK;sokak;586507
DÜZCE;MERKEZ;MERGİÇ;1049. SOKAK;sokak;586515
DÜZCE;MERKEZ;MERGİÇ;1050. BULVAR;sokak;627851
DÜZCE;MERKEZ;MERGİÇ;12500. CADDE;cadde;402710581
DÜZCE;MERKEZ;MERGİÇ;12501. SOKAK;sokak;996491211
DÜZCE;MERKEZ;MERGİÇ;2130. CADDE;cadde;850818
DÜZCE;MERKEZ;MERGİÇ;2132. SOKAK;sokak;372783550
DÜZCE;MERKEZ;MERGİÇ;2152. SOKAK;sokak;865125
DÜZCE;MERKEZ;MERGİÇ;2154. SOKAK;sokak;865130
DÜZCE;MERKEZ;MERGİÇ;2155. SOKAK;sokak;864306
DÜZCE;MERKEZ;MERGİÇ;2157. SOKAK;sokak;770779231
DÜZCE;MERKEZ;MERGİÇ;2158. SOKAK;sokak;925720640
DÜZCE;MERKEZ;MERGİÇ;2169. SOKAK;sokak;620318
DÜZCE;MERKEZ;MERGİÇ;2177. CADDE;cadde;628618
DÜZCE;MERKEZ;MERGİÇ;2179. SOKAK;sokak;935670
DÜZCE;MERKEZ;MERGİÇ;2180. CADDE;cadde;629342
DÜZCE;MERKEZ;MERGİÇ;2184. SOKAK;sokak;722561340
DÜZCE;MERKEZ;MERGİÇ;2185. SOKAK;sokak;342846530
DÜZCE;MERKEZ;MERGİÇ;877. SOKAK;sokak;836220
DÜZCE;MERKEZ;MERGİÇ;893. SOKAK;sokak;836219
DÜZCE;MERKEZ;MERGİÇ;D 100 KARAYOLU CADDE;cadde;625951
DÜZCE;MERKEZ;MERGİÇ;İSTANBUL CADDE;cadde;627382
DÜZCE;MERKEZ;MERGİÇ;ÖZDEMİR SOKAK;sokak;630984
DÜZCE;MERKEZ;MERGİÇ;SAKAOĞLU SOKAK;sokak;620320
DÜZCE;MERKEZ;MUNCURLU - MERKEZ;10550. SOKAK;sokak;999311231
DÜZCE;MERKEZ;MUNCURLU - MERKEZ;10830. SOKAK;sokak;880017300
DÜZCE;MERKEZ;MUNCURLU - MERKEZ;10850. SOKAK;sokak;539294440
DÜZCE;MERKEZ;MUNCURLU - MERKEZ;10905. SOKAK;sokak;762405140
DÜZCE;MERKEZ;MUNCURLU - MERKEZ;10910. SOKAK;sokak;506267460
DÜZCE;MERKEZ;MUNCURLU - MERKEZ;10915. SOKAK;sokak;481061400
DÜZCE;MERKEZ;MUNCURLU - MERKEZ;10917. SOKAK;sokak;933453200
DÜZCE;MERKEZ;MUNCURLU - MERKEZ;10925. SOKAK;sokak;908569490
DÜZCE;MERKEZ;MUNCURLU - MERKEZ;10930. SOKAK;sokak;196924170
DÜZCE;MERKEZ;MUNCURLU - MERKEZ;10970. SOKAK;sokak;612896820
DÜZCE;MERKEZ;MUNCURLU - MERKEZ;10975. SOKAK;sokak;558002470
DÜZCE;MERKEZ;MUNCURLU - MERKEZ;10978. SOKAK;sokak;353613511
DÜZCE;MERKEZ;MUNCURLU - MERKEZ;10980. SOKAK;sokak;921008900
DÜZCE;MERKEZ;MUNCURLU - MERKEZ;10981. SOKAK;sokak;746655141
DÜZCE;MERKEZ;MUNCURLU - MERKEZ;10982. SOKAK;sokak;477919261
DÜZCE;MERKEZ;MUNCURLU - MERKEZ;10990. SOKAK;sokak;573653550
DÜZCE;MERKEZ;MUNCURLU - MERKEZ;10991. SOKAK;sokak;737187101
DÜZCE;MERKEZ;MUNCURLU - MERKEZ;11020. SOKAK;sokak;829450310
DÜZCE;MERKEZ;MUNCURLU - MERKEZ;11025. SOKAK;sokak;369530400
DÜZCE;MERKEZ;MUNCURLU - MERKEZ;11030. KÜME EVLER;sokak;854024770
DÜZCE;MERKEZ;MUNCURLU - MERKEZ;11031. SOKAK;sokak;858055210
DÜZCE;MERKEZ;MUNCURLU - MERKEZ;11040. SOKAK;sokak;680521410
DÜZCE;MERKEZ;MUNCURLU - MERKEZ;11050. SOKAK;sokak;795562540
DÜZCE;MERKEZ;MUNCURLU - MERKEZ;11055. SOKAK;sokak;771914350
DÜZCE;MERKEZ;MUNCURLU - MERKEZ;11060. SOKAK;sokak;524363910
DÜZCE;MERKEZ;MUNCURLU - MERKEZ;11070. SOKAK;sokak;497131000
DÜZCE;MERKEZ;MUNCURLU - MERKEZ;11075. SOKAK;sokak;317251790
DÜZCE;MERKEZ;MUNCURLU - MERKEZ;11076. SOKAK;sokak;752373880
DÜZCE;MERKEZ;MUNCURLU - MERKEZ;11078. SOKAK;sokak;581058420
DÜZCE;MERKEZ;MUNCURLU - MERKEZ;11080. SOKAK;sokak;815345470
DÜZCE;MERKEZ;MUNCURLU - MERKEZ;11085. SOKAK;sokak;433726970
DÜZCE;MERKEZ;MUNCURLU - MERKEZ;11090. SOKAK;sokak;154462970
DÜZCE;MERKEZ;MUNCURLU - MERKEZ;11100. SOKAK;sokak;885674740
DÜZCE;MERKEZ;MUNCURLU - MERKEZ;11110. SOKAK;sokak;515823280
DÜZCE;MERKEZ;MUNCURLU - MERKEZ;11115. SOKAK;sokak;484562140
DÜZCE;MERKEZ;MUNCURLU - MERKEZ;11125. SOKAK;sokak;998101291
DÜZCE;MERKEZ;MUNCURLU - MERKEZ;11126. SOKAK;sokak;477496761
DÜZCE;MERKEZ;MUNCURLU - MERKEZ;11135. SOKAK;sokak;249856990
DÜZCE;MERKEZ;MUNCURLU - MERKEZ;11137. SOKAK;sokak;494299961
DÜZCE;MERKEZ;MUNCURLU - MERKEZ;11138. SOKAK;sokak;820902341
DÜZCE;MERKEZ;MUNCURLU - MERKEZ;11140. SOKAK;sokak;592565860
DÜZCE;MERKEZ;MUNCURLU - MERKEZ;11145. SOKAK;sokak;543652591
DÜZCE;MERKEZ;MUNCURLU - MERKEZ;11150. SOKAK;sokak;170784781
DÜZCE;MERKEZ;MUNCURLU - MERKEZ;11155. SOKAK;sokak;249692551
DÜZCE;MERKEZ;MUNCURLU - MERKEZ;11160. SOKAK;sokak;308699451
DÜZCE;MERKEZ;MUNCURLU - MERKEZ;11165. SOKAK;sokak;168154581
DÜZCE;MERKEZ;MUNCURLU - MERKEZ;11170. SOKAK;sokak;913324371
DÜZCE;MERKEZ;MUNCURLU - MERKEZ;11171. SOKAK;sokak;918473921
DÜZCE;MERKEZ;MUNCURLU - MERKEZ;11173. SOKAK;sokak;683324021
DÜZCE;MERKEZ;MUNCURLU - MERKEZ;11175. SOKAK;sokak;363557581
DÜZCE;MERKEZ;MUNCURLU - MERKEZ;11180. SOKAK;sokak;839662001
DÜZCE;MERKEZ;MUNCURLU - MERKEZ;11183. SOKAK;sokak;233195441
DÜZCE;MERKEZ;MUNCURLU - MERKEZ;11185. SOKAK;sokak;331929981
DÜZCE;MERKEZ;MUNCURLU - MERKEZ;11189. SOKAK;sokak;101895791
DÜZCE;MERKEZ;MUNCURLU - MERKEZ;11190. SOKAK;sokak;974200791
DÜZCE;MERKEZ;MUNCURLU - MERKEZ;11200. SOKAK;sokak;731790120
DÜZCE;MERKEZ;MUNCURLU - MERKEZ;11210. SOKAK;sokak;844450060
DÜZCE;MERKEZ;MUNCURLU - MERKEZ;11220. SOKAK;sokak;134538570
DÜZCE;MERKEZ;MUNCURLU - MERKEZ;11225. SOKAK;sokak;940764030
DÜZCE;MERKEZ;MUNCURLU - MERKEZ;11250. SOKAK;sokak;287959871
DÜZCE;MERKEZ;MUNCURLU - MERKEZ;11330. SOKAK;sokak;771551171
DÜZCE;MERKEZ;MUNCURLU - MERKEZ;9204. SOKAK;sokak;594375820
DÜZCE;MERKEZ;MUNCURLU - MERKEZ;9215. SOKAK;sokak;409577971
DÜZCE;MERKEZ;MUNCURLU - MERKEZ;9730. SOKAK;sokak;582744571
DÜZCE;MERKEZ;MURADİYEMENGENCİK NA;1. SOKAK;sokak;1352901
DÜZCE;MERKEZ;MURADİYEMENGENCİK NA;2. SOKAK;sokak;1352903
DÜZCE;MERKEZ;MURADİYEMENGENCİK NA;3. SOKAK;sokak;1352905
DÜZCE;MERKEZ;MURADİYEMENGENCİK NA;6. SOKAK;sokak;178212240
DÜZCE;MERKEZ;MURADİYEMENGENCİK NA;ANADOLU OTOYOLU BULVAR;sokak;267152680
DÜZCE;MERKEZ;MURADİYEMENGENCİK NA;CAMİ SOKAK;sokak;570352
DÜZCE;MERKEZ;MURADİYEMENGENCİK NA;KÖY SOKAK;sokak;512979
DÜZCE;MERKEZ;MUSABABA NA;10210. SOKAK;sokak;883522990
DÜZCE;MERKEZ;MUSABABA NA;10230. SOKAK;sokak;767582260
DÜZCE;MERKEZ;MUSABABA NA;10550. SOKAK;sokak;973394850
DÜZCE;MERKEZ;MUSABABA NA;10560. SOKAK;sokak;466879760
DÜZCE;MERKEZ;MUSABABA NA;10600. SOKAK;sokak;106725090
DÜZCE;MERKEZ;MUSABABA NA;10630. SOKAK;sokak;205988270
DÜZCE;MERKEZ;MUSABABA NA;10635. SOKAK;sokak;282106230
DÜZCE;MERKEZ;MUSABABA NA;10660. SOKAK;sokak;238381130
DÜZCE;MERKEZ;MUSABABA NA;10700. SOKAK;sokak;523615400
DÜZCE;MERKEZ;MUSABABA NA;10710. SOKAK;sokak;803127540
DÜZCE;MERKEZ;MUSABABA NA;10730. SOKAK;sokak;945291200
DÜZCE;MERKEZ;MUSABABA NA;10735. SOKAK;sokak;138507480
DÜZCE;MERKEZ;MUSABABA NA;10740. SOKAK;sokak;293676120
DÜZCE;MERKEZ;MUSABABA NA;10742. SOKAK;sokak;440618280
DÜZCE;MERKEZ;MUSABABA NA;10770. SOKAK;sokak;618223000
DÜZCE;MERKEZ;MUSABABA NA;10775. SOKAK;sokak;521308530
DÜZCE;MERKEZ;MUSABABA NA;10795. SOKAK;sokak;234393910
DÜZCE;MERKEZ;MUSABABA NA;10800. SOKAK;sokak;350848700
DÜZCE;MERKEZ;MUSABABA NA;10810. SOKAK;sokak;878495350
DÜZCE;MERKEZ;MUSABABA NA;10825. SOKAK;sokak;369132420
DÜZCE;MERKEZ;MUSABABA NA;10830. SOKAK;sokak;156717040
DÜZCE;MERKEZ;MUSABABA NA;10835. SOKAK;sokak;383157840
DÜZCE;MERKEZ;MUSABABA NA;10836. SOKAK;sokak;492980781
DÜZCE;MERKEZ;MUSABABA NA;10837. SOKAK;sokak;264976101
DÜZCE;MERKEZ;MUSABABA NA;10838. SOKAK;sokak;443003901
DÜZCE;MERKEZ;MUSABABA NA;10845. SOKAK;sokak;400824221
DÜZCE;MERKEZ;MUSABABA NA;10846. SOKAK;sokak;698272101
DÜZCE;MERKEZ;MUSABABA NA;10847. SOKAK;sokak;435254431
DÜZCE;MERKEZ;MUSABABA NA;10848. SOKAK;sokak;152136141
DÜZCE;MERKEZ;MUSABABA NA;10849. SOKAK;sokak;976723721
DÜZCE;MERKEZ;MUSABABA NA;10850. SOKAK;sokak;246442880
DÜZCE;MERKEZ;MUSABABA NA;10851. SOKAK;sokak;509210711
DÜZCE;MERKEZ;MUSABABA NA;10852. SOKAK;sokak;937785461
DÜZCE;MERKEZ;MUSABABA NA;10853. SOKAK;sokak;948168401
DÜZCE;MERKEZ;MUSABABA NA;10855. SOKAK;sokak;915869171
DÜZCE;MERKEZ;MUSABABA NA;10856. SOKAK;sokak;506773921
DÜZCE;MERKEZ;MUSABABA NA;10860. SOKAK;sokak;130618091
DÜZCE;MERKEZ;MUSABABA NA;10865. SOKAK;sokak;664352491
DÜZCE;MERKEZ;MUSABABA NA;10870. SOKAK;sokak;922118381
DÜZCE;MERKEZ;MUSABABA NA;10875. SOKAK;sokak;999484081
DÜZCE;MERKEZ;MUSABABA NA;10890. SOKAK;sokak;584268751
DÜZCE;MERKEZ;MUSABABA NA;10895. SOKAK;sokak;352301921
DÜZCE;MERKEZ;MUSABABA NA;11060. SOKAK;sokak;903167460
DÜZCE;MERKEZ;MUSABABA NA;9702. SOKAK;sokak;261242550
DÜZCE;MERKEZ;MUSABABA NA;9981. SOKAK;sokak;120577170
DÜZCE;MERKEZ;NALBANTOĞLU;1.BAHÇELİEVLER CADDE;cadde;938018
DÜZCE;MERKEZ;NALBANTOĞLU;1.DÜZCE BULVAR;sokak;879125490
DÜZCE;MERKEZ;NALBANTOĞLU;1.GÜZELBAHÇE CADDE;cadde;938019
DÜZCE;MERKEZ;NALBANTOĞLU;2.DÜZCE BULVAR;sokak;938168
DÜZCE;MERKEZ;NALBANTOĞLU;29. SOKAK;sokak;938182
DÜZCE;MERKEZ;NALBANTOĞLU;3980. SOKAK;sokak;456858150
DÜZCE;MERKEZ;NALBANTOĞLU;4350. SOKAK;sokak;317841760
DÜZCE;MERKEZ;NALBANTOĞLU;4352. SOKAK;sokak;711415841
DÜZCE;MERKEZ;NALBANTOĞLU;4353. SOKAK;sokak;805306290
DÜZCE;MERKEZ;NALBANTOĞLU;4354. SOKAK;sokak;554549381
DÜZCE;MERKEZ;NALBANTOĞLU;4355. SOKAK;sokak;868423250
DÜZCE;MERKEZ;NALBANTOĞLU;4366. SOKAK;sokak;620615770
DÜZCE;MERKEZ;NALBANTOĞLU;4368. SOKAK;sokak;186068550
DÜZCE;MERKEZ;NALBANTOĞLU;4369. SOKAK;sokak;303385030
DÜZCE;MERKEZ;NALBANTOĞLU;4371. SOKAK;sokak;250265350
DÜZCE;MERKEZ;NALBANTOĞLU;4373. SOKAK;sokak;821305350
DÜZCE;MERKEZ;NALBANTOĞLU;4378. SOKAK;sokak;711966461
DÜZCE;MERKEZ;NALBANTOĞLU;4379. SOKAK;sokak;522681411
DÜZCE;MERKEZ;NALBANTOĞLU;4380. SOKAK;sokak;208447000
DÜZCE;MERKEZ;NALBANTOĞLU;4381. SOKAK;sokak;167832920
DÜZCE;MERKEZ;NALBANTOĞLU;4382. SOKAK;sokak;833134370
DÜZCE;MERKEZ;NALBANTOĞLU;4383. SOKAK;sokak;185423811
DÜZCE;MERKEZ;NALBANTOĞLU;4384. SOKAK;sokak;264232020
DÜZCE;MERKEZ;NALBANTOĞLU;4390. SOKAK;sokak;646946150
DÜZCE;MERKEZ;NALBANTOĞLU;4392. SOKAK;sokak;141167920
DÜZCE;MERKEZ;NALBANTOĞLU;4393. SOKAK;sokak;360381640
DÜZCE;MERKEZ;NALBANTOĞLU;4394. SOKAK;sokak;230827790
DÜZCE;MERKEZ;NALBANTOĞLU;4396. SOKAK;sokak;427763280
DÜZCE;MERKEZ;NALBANTOĞLU;4398. SOKAK;sokak;122184910
DÜZCE;MERKEZ;NALBANTOĞLU;4400. SOKAK;sokak;236764630
DÜZCE;MERKEZ;NALBANTOĞLU;4402. SOKAK;sokak;151078161
DÜZCE;MERKEZ;NALBANTOĞLU;4420. SOKAK;sokak;540803381
DÜZCE;MERKEZ;NALBANTOĞLU;4424. SOKAK;sokak;558406801
DÜZCE;MERKEZ;NALBANTOĞLU;4431. SOKAK;sokak;928596281
DÜZCE;MERKEZ;NALBANTOĞLU;4432. SOKAK;sokak;988774001
DÜZCE;MERKEZ;NALBANTOĞLU;4434. SOKAK;sokak;212950681
DÜZCE;MERKEZ;NALBANTOĞLU;4435. SOKAK;sokak;979843971
DÜZCE;MERKEZ;NALBANTOĞLU;4775. SOKAK;sokak;637143070
DÜZCE;MERKEZ;NALBANTOĞLU;4779. SOKAK;sokak;793468391
DÜZCE;MERKEZ;NALBANTOĞLU;5.DÜZCE BULVAR;sokak;938246
DÜZCE;MERKEZ;NASIRLI - ÇAYIRBAŞI;ÇAYIRBAŞI KÜME EVLER;sokak;811986
DÜZCE;MERKEZ;NASIRLI - MERKEZ;KOZLUK KÜME EVLER;sokak;508242750
DÜZCE;MERKEZ;NASIRLI - MERKEZ;MERKEZ KÜME EVLER;sokak;122791
DÜZCE;MERKEZ;NASIRLI - NUHLAR;NUHLAR KÜME EVLER;sokak;1076061
DÜZCE;MERKEZ;NASIRLI - SARIKASIM;3218. BULVAR;sokak;412435361
DÜZCE;MERKEZ;NASIRLI - SARIKASIM;SARIKASIM KÜME EVLER;sokak;556546
DÜZCE;MERKEZ;NASIRLI - TOKMAKTARLA;TOKMAKTARLA KÜME EVLER;sokak;818040
DÜZCE;MERKEZ;NUHLAR - NUHLAR;NUHLAR KÜME EVLER;sokak;127447
DÜZCE;MERKEZ;NUSRETTİN;216. SOKAK;sokak;935669
DÜZCE;MERKEZ;NUSRETTİN;219. SOKAK;sokak;830996
DÜZCE;MERKEZ;NUSRETTİN;220. SOKAK;sokak;151607
DÜZCE;MERKEZ;NUSRETTİN;223. SOKAK;sokak;561374
DÜZCE;MERKEZ;NUSRETTİN;224. SOKAK;sokak;151608
DÜZCE;MERKEZ;NUSRETTİN;231. SOKAK;sokak;836162
DÜZCE;MERKEZ;NUSRETTİN;238. SOKAK;sokak;314472120
DÜZCE;MERKEZ;NUSRETTİN;249. SOKAK;sokak;550614
DÜZCE;MERKEZ;NUSRETTİN;259. SOKAK;sokak;938295
DÜZCE;MERKEZ;NUSRETTİN;260. SOKAK;sokak;938296
DÜZCE;MERKEZ;NUSRETTİN;283. BULVAR;sokak;831014
DÜZCE;MERKEZ;NUSRETTİN;ABDULHAK HAMİT SOKAK;sokak;559983
DÜZCE;MERKEZ;NUSRETTİN;AHMET MİTHAT SOKAK;sokak;151602
DÜZCE;MERKEZ;NUSRETTİN;ATİLLA SOKAK;sokak;151603
DÜZCE;MERKEZ;NUSRETTİN;BARBAROS HAYRETTİN SOKAK;sokak;151604
DÜZCE;MERKEZ;NUSRETTİN;BOLU CADDE;cadde;151605
DÜZCE;MERKEZ;NUSRETTİN;BURAK SOKAK;sokak;151606
DÜZCE;MERKEZ;NUSRETTİN;ÇİFTÇİOĞLU SOKAK;sokak;151623
DÜZCE;MERKEZ;NUSRETTİN;D 100 KARAYOLU CADDE;cadde;266831
DÜZCE;MERKEZ;NUSRETTİN;DİLBEROĞLU SOKAK;sokak;151609
DÜZCE;MERKEZ;NUSRETTİN;FETİBEY SOKAK;sokak;151610
DÜZCE;MERKEZ;NUSRETTİN;GENERAL ZİYA SOKAK;sokak;151611
DÜZCE;MERKEZ;NUSRETTİN;GENİŞ SOKAK;sokak;151612
DÜZCE;MERKEZ;NUSRETTİN;HÜSEYİN REMZİ SOKAK;sokak;151613
DÜZCE;MERKEZ;NUSRETTİN;İLİM SOKAK;sokak;151624
DÜZCE;MERKEZ;NUSRETTİN;İNKILAP SOKAK;sokak;151625
DÜZCE;MERKEZ;NUSRETTİN;İSKENDER SOKAK;sokak;555215
DÜZCE;MERKEZ;NUSRETTİN;İSTİKLAL CADDE;cadde;418903
DÜZCE;MERKEZ;NUSRETTİN;KAVLAKOĞLU SOKAK;sokak;314900
DÜZCE;MERKEZ;NUSRETTİN;LÜTUFKAR SOKAK;sokak;151614
DÜZCE;MERKEZ;NUSRETTİN;NUSRETTİN SOKAK;sokak;151615
DÜZCE;MERKEZ;NUSRETTİN;OSMAN KUYUMCU SOKAK;sokak;869360
DÜZCE;MERKEZ;NUSRETTİN;PERKKAYA SOKAK;sokak;151616
DÜZCE;MERKEZ;NUSRETTİN;SELVİLİ SOKAK;sokak;151617
DÜZCE;MERKEZ;NUSRETTİN;SÜLEYMAN NAFİZ SOKAK;sokak;563958
DÜZCE;MERKEZ;NUSRETTİN;TEVFİK FİKRET SOKAK;sokak;151618
DÜZCE;MERKEZ;NUSRETTİN;TURGUT REİS SOKAK;sokak;151619
DÜZCE;MERKEZ;NUSRETTİN;YAŞAR TÜTÜNCÜOĞLU SOKAK;sokak;263441
DÜZCE;MERKEZ;NUSRETTİN;YAYLA SOKAK;sokak;151621
DÜZCE;MERKEZ;NUSRETTİN;ZAHİD KEVSERİ BULVAR;sokak;859864
DÜZCE;MERKEZ;NUSRETTİN;ZİYA GÖKALP SOKAK;sokak;151622
DÜZCE;MERKEZ;ORHANGAZİ;12000. SOKAK;sokak;809751210
DÜZCE;MERKEZ;ORHANGAZİ;12001. SOKAK;sokak;306112891
DÜZCE;MERKEZ;ORHANGAZİ;12076. SOKAK;sokak;724937600
DÜZCE;MERKEZ;ORHANGAZİ;12078. SOKAK;sokak;869362750
DÜZCE;MERKEZ;ORHANGAZİ;KONURALP 280. SOKAK;sokak;437063571
DÜZCE;MERKEZ;ORHANGAZİ;KONURALP 392. SOKAK;sokak;456229171
DÜZCE;MERKEZ;ORHANGAZİ;KONURALP 394. SOKAK;sokak;970766081
DÜZCE;MERKEZ;ORHANGAZİ;KONURALP 395. SOKAK;sokak;902680381
DÜZCE;MERKEZ;ORHANGAZİ;KONURALP 408. SOKAK;sokak;956364370
DÜZCE;MERKEZ;ORHANGAZİ;KONURALP 410. SOKAK;sokak;765333550
DÜZCE;MERKEZ;ORHANGAZİ;KONURALP 420. SOKAK;sokak;537996070
DÜZCE;MERKEZ;ORHANGAZİ;KONURALP 421. SOKAK;sokak;333906420
DÜZCE;MERKEZ;ORHANGAZİ;KONURALP 425. SOKAK;sokak;854455911
DÜZCE;MERKEZ;ORHANGAZİ;KONURALP 426. SOKAK;sokak;462934030
DÜZCE;MERKEZ;ORHANGAZİ;KONURALP 428. SOKAK;sokak;812014280
DÜZCE;MERKEZ;ORHANGAZİ;KONURALP 430. SOKAK;sokak;865408530
DÜZCE;MERKEZ;ORHANGAZİ;KONURALP 431. SOKAK;sokak;825239
DÜZCE;MERKEZ;ORHANGAZİ;KONURALP 432. SOKAK;sokak;692929690
DÜZCE;MERKEZ;ORHANGAZİ;KONURALP 433. SOKAK;sokak;709927141
DÜZCE;MERKEZ;ORHANGAZİ;KONURALP 435. SOKAK;sokak;999780
DÜZCE;MERKEZ;ORHANGAZİ;KONURALP 436. SOKAK;sokak;578484830
DÜZCE;MERKEZ;ORHANGAZİ;KONURALP 437. SOKAK;sokak;744475090
DÜZCE;MERKEZ;ORHANGAZİ;KONURALP 439. SOKAK;sokak;475316290
DÜZCE;MERKEZ;ORHANGAZİ;KONURALP 442. SOKAK;sokak;944217080
DÜZCE;MERKEZ;ORHANGAZİ;KONURALP 443. SOKAK;sokak;385962190
DÜZCE;MERKEZ;ORHANGAZİ;KONURALP 446. SOKAK;sokak;246976090
DÜZCE;MERKEZ;ORHANGAZİ;KONURALP 447. SOKAK;sokak;854301970
DÜZCE;MERKEZ;ORHANGAZİ;KONURALP 448. SOKAK;sokak;516935470
DÜZCE;MERKEZ;ORHANGAZİ;KONURALP 450. BULVAR;sokak;608740390
DÜZCE;MERKEZ;ORHANGAZİ;KONURALP 451. BULVAR;sokak;824761850
DÜZCE;MERKEZ;ORHANGAZİ;KONURALP 452. BULVAR;sokak;694846570
DÜZCE;MERKEZ;ORHANGAZİ;KONURALP 453. CADDE;cadde;238470310
DÜZCE;MERKEZ;ORHANGAZİ;KONURALP 454. SOKAK;sokak;858875030
DÜZCE;MERKEZ;ORHANGAZİ;KONURALP 455. SOKAK;sokak;699102710
DÜZCE;MERKEZ;ORHANGAZİ;KONURALP 456. SOKAK;sokak;231135740
DÜZCE;MERKEZ;ORHANGAZİ;KONURALP 457. SOKAK;sokak;553354750
DÜZCE;MERKEZ;ORHANGAZİ;KONURALP 460. SOKAK;sokak;493990660
DÜZCE;MERKEZ;ORHANGAZİ;KONURALP 470. CADDE;cadde;138668270
DÜZCE;MERKEZ;ORHANGAZİ;KONURALP 471. CADDE;cadde;407420410
DÜZCE;MERKEZ;ORHANGAZİ;KONURALP 472. CADDE;cadde;621954090
DÜZCE;MERKEZ;ORHANGAZİ;KONURALP 473. SOKAK;sokak;472126590
DÜZCE;MERKEZ;ORHANGAZİ;KONURALP 474. SOKAK;sokak;234975890
DÜZCE;MERKEZ;ORHANGAZİ;KONURALP 475. SOKAK;sokak;421302290
DÜZCE;MERKEZ;ORHANGAZİ;KONURALP 476. SOKAK;sokak;858731720
DÜZCE;MERKEZ;ORHANGAZİ;KONURALP 477. SOKAK;sokak;430891350
DÜZCE;MERKEZ;ORHANGAZİ;KONURALP 478. SOKAK;sokak;318822930
DÜZCE;MERKEZ;ORHANGAZİ;KONURALP 479. SOKAK;sokak;167315800
DÜZCE;MERKEZ;ORHANGAZİ;KONURALP 480. SOKAK;sokak;812474210
DÜZCE;MERKEZ;ORHANGAZİ;KONURALP 495. SOKAK;sokak;878911
DÜZCE;MERKEZ;ORHANGAZİ;KONURALP 500. CADDE;cadde;825228
DÜZCE;MERKEZ;ORHANGAZİ;KONURALP 502. SOKAK;sokak;704521980
DÜZCE;MERKEZ;ORHANGAZİ;KONURALP 503. SOKAK;sokak;283613681
DÜZCE;MERKEZ;ORHANGAZİ;KONURALP 504. SOKAK;sokak;136008870
DÜZCE;MERKEZ;ORHANGAZİ;KONURALP 505. SOKAK;sokak;297440830
DÜZCE;MERKEZ;ORHANGAZİ;KONURALP 506. SOKAK;sokak;825238
DÜZCE;MERKEZ;ORHANGAZİ;KONURALP 507. SOKAK;sokak;976135
DÜZCE;MERKEZ;ORHANGAZİ;KONURALP 508. SOKAK;sokak;934163601
DÜZCE;MERKEZ;ORHANGAZİ;KONURALP 509. SOKAK;sokak;753363541
DÜZCE;MERKEZ;ORHANGAZİ;KONURALP 511. SOKAK;sokak;408286340
DÜZCE;MERKEZ;ORHANGAZİ;KONURALP 512. SOKAK;sokak;888839880
DÜZCE;MERKEZ;ORHANGAZİ;KONURALP 514. SOKAK;sokak;824664
DÜZCE;MERKEZ;ORHANGAZİ;KONURALP 515. SOKAK;sokak;883746571
DÜZCE;MERKEZ;ORHANGAZİ;KONURALP 519. SOKAK;sokak;738587890
DÜZCE;MERKEZ;ORHANGAZİ;KONURALP 520. SOKAK;sokak;508563430
DÜZCE;MERKEZ;ORHANGAZİ;KONURALP 521. SOKAK;sokak;825118
DÜZCE;MERKEZ;ORHANGAZİ;KONURALP 525. SOKAK;sokak;825233
DÜZCE;MERKEZ;ORHANGAZİ;KONURALP 532. SOKAK;sokak;868599
DÜZCE;MERKEZ;ORHANGAZİ;KONURALP 533. SOKAK;sokak;825200
DÜZCE;MERKEZ;ORHANGAZİ;KONURALP 534. SOKAK;sokak;825198
DÜZCE;MERKEZ;ORHANGAZİ;KONURALP 535. SOKAK;sokak;825227
DÜZCE;MERKEZ;ORHANGAZİ;KONURALP 536. SOKAK;sokak;825271
DÜZCE;MERKEZ;ORHANGAZİ;KONURALP 537. SOKAK;sokak;548211110
DÜZCE;MERKEZ;ORHANGAZİ;KONURALP 542. SOKAK;sokak;842830681
DÜZCE;MERKEZ;ORHANGAZİ;KONURALP 546. SOKAK;sokak;561508570
DÜZCE;MERKEZ;ORHANGAZİ;KONURALP 547. SOKAK;sokak;487677680
DÜZCE;MERKEZ;ORHANGAZİ;KONURALP 548. SOKAK;sokak;356407960
DÜZCE;MERKEZ;ORHANGAZİ;KONURALP 549. SOKAK;sokak;459550360
DÜZCE;MERKEZ;ORHANGAZİ;KONURALP 550. SOKAK;sokak;825197
DÜZCE;MERKEZ;ORHANGAZİ;KONURALP 553. SOKAK;sokak;691868800
DÜZCE;MERKEZ;ORHANGAZİ;KONURALP 554. SOKAK;sokak;345530570
DÜZCE;MERKEZ;ORHANGAZİ;KONURALP 555. SOKAK;sokak;670020060
DÜZCE;MERKEZ;ORHANGAZİ;KONURALP 556. SOKAK;sokak;392381590
DÜZCE;MERKEZ;ORHANGAZİ;KONURALP 557. SOKAK;sokak;687015560
DÜZCE;MERKEZ;ORHANGAZİ;KONURALP 558. SOKAK;sokak;475195820
DÜZCE;MERKEZ;ORHANGAZİ;KONURALP 560. SOKAK;sokak;825269
DÜZCE;MERKEZ;ORHANGAZİ;KONURALP 569. SOKAK;sokak;399043621
DÜZCE;MERKEZ;ORHANGAZİ;KONURALP 575. SOKAK;sokak;778236981
DÜZCE;MERKEZ;ORHANGAZİ;KONURALP 585. SOKAK;sokak;109045301
DÜZCE;MERKEZ;ORHANGAZİ;KONURALP 7. KÜME EVLER;sokak;600647
DÜZCE;MERKEZ;ORHANGAZİ;KONURALP DÜZCE CADDE;cadde;868478
DÜZCE;MERKEZ;ORHANGAZİ;NECMİ HOŞVER CADDE;cadde;986116
DÜZCE;MERKEZ;ORHANGAZİ;PROF.DR. FUNDA SİVRİKAYA ŞERİFOĞLU BULVAR;sokak;787963560
DÜZCE;MERKEZ;ORHANGAZİ;PROF.DR.NECMETTİN ERBAKAN CADDE;cadde;892874
DÜZCE;MERKEZ;ORHANGAZİ;TEKNOPARK CADDE;cadde;868616
DÜZCE;MERKEZ;OSMANCA NA;DÜZCE/AKÇAKOCA YOLU BULVAR;sokak;748471530
DÜZCE;MERKEZ;OSMANCA NA;ERDEMLİ KÜME EVLER;sokak;850669670
DÜZCE;MERKEZ;OSMANCA NA;MERKEZ KÜME EVLER;sokak;183831740
DÜZCE;MERKEZ;OSMANCA NA;OSMANCA KÜME EVLER;sokak;568335
DÜZCE;MERKEZ;OTLUOĞLU;18021 SOKAK;sokak;932989091
DÜZCE;MERKEZ;OTLUOĞLU;18505. SOKAK;sokak;705523691
DÜZCE;MERKEZ;OTLUOĞLU;19010. SOKAK;sokak;1235591
DÜZCE;MERKEZ;OTLUOĞLU;19011. SOKAK;sokak;1235593
DÜZCE;MERKEZ;OTLUOĞLU;19025. SOKAK;sokak;1250597
DÜZCE;MERKEZ;OTLUOĞLU;19050. SOKAK;sokak;1235595
DÜZCE;MERKEZ;OTLUOĞLU;19055. SOKAK;sokak;1235597
DÜZCE;MERKEZ;OTLUOĞLU;19100 SOKAK;sokak;1235599
DÜZCE;MERKEZ;OTLUOĞLU;19110. SOKAK;sokak;1235601
DÜZCE;MERKEZ;OTLUOĞLU;19111. SOKAK;sokak;1235603
DÜZCE;MERKEZ;OTLUOĞLU;19112. SOKAK;sokak;1235605
DÜZCE;MERKEZ;OTLUOĞLU;19113. SOKAK;sokak;1235607
DÜZCE;MERKEZ;OTLUOĞLU;19115. SOKAK;sokak;1235609
DÜZCE;MERKEZ;OTLUOĞLU;19116. SOKAK;sokak;1235611
DÜZCE;MERKEZ;OTLUOĞLU;19117. SOKAK;sokak;1235613
DÜZCE;MERKEZ;OTLUOĞLU;19118. SOKAK;sokak;1235615
DÜZCE;MERKEZ;OTLUOĞLU;19120. SOKAK;sokak;1235617
DÜZCE;MERKEZ;OTLUOĞLU;19125. SOKAK;sokak;1235619
DÜZCE;MERKEZ;OTLUOĞLU;19150. SOKAK;sokak;146005710
DÜZCE;MERKEZ;OTLUOĞLU;19155. SOKAK;sokak;870447490
DÜZCE;MERKEZ;OTLUOĞLU;19157. SOKAK;sokak;824371611
DÜZCE;MERKEZ;OTLUOĞLU;19158. SOKAK;sokak;237970790
DÜZCE;MERKEZ;OTLUOĞLU;19170. SOKAK;sokak;466474421
DÜZCE;MERKEZ;OTLUOĞLU;19171. SOKAK;sokak;591579410
DÜZCE;MERKEZ;OTLUOĞLU;19172. SOKAK;sokak;825730560
DÜZCE;MERKEZ;OTLUOĞLU;19174. SOKAK;sokak;563673781
DÜZCE;MERKEZ;OTLUOĞLU;19180. SOKAK;sokak;449578761
DÜZCE;MERKEZ;OTLUOĞLU;19200. SOKAK;sokak;439081360
DÜZCE;MERKEZ;OTLUOĞLU;19210. SOKAK;sokak;932279081
DÜZCE;MERKEZ;OTLUOĞLU;19215. SOKAK;sokak;474819160
DÜZCE;MERKEZ;OTLUOĞLU;19220. SOKAK;sokak;366461561
DÜZCE;MERKEZ;OTLUOĞLU;19225. SOKAK;sokak;1235653
DÜZCE;MERKEZ;OTLUOĞLU;19226. SOKAK;sokak;741474301
DÜZCE;MERKEZ;OTLUOĞLU;19240. SOKAK;sokak;204133240
DÜZCE;MERKEZ;OTLUOĞLU;19241. SOKAK;sokak;692297481
DÜZCE;MERKEZ;OTLUOĞLU;19250. SOKAK;sokak;198511381
DÜZCE;MERKEZ;OTLUOĞLU;19300. SOKAK;sokak;146167831
DÜZCE;MERKEZ;OTLUOĞLU;19301. SOKAK;sokak;337394421
DÜZCE;MERKEZ;OTLUOĞLU;19302. SOKAK;sokak;171303521
DÜZCE;MERKEZ;OTLUOĞLU;19303. SOKAK;sokak;774472410
DÜZCE;MERKEZ;OTLUOĞLU;19305. SOKAK;sokak;743790330
DÜZCE;MERKEZ;OTLUOĞLU;19307. SOKAK;sokak;1235671
DÜZCE;MERKEZ;OTLUOĞLU;19308. SOKAK;sokak;421429501
DÜZCE;MERKEZ;OTLUOĞLU;19330. SOKAK;sokak;895583241
DÜZCE;MERKEZ;OTLUOĞLU;19335. SOKAK;sokak;577057660
DÜZCE;MERKEZ;OTLUOĞLU;19340. SOKAK;sokak;838290280
DÜZCE;MERKEZ;OTLUOĞLU;19341. SOKAK;sokak;632801500
DÜZCE;MERKEZ;OTLUOĞLU;19342. SOKAK;sokak;722150721
DÜZCE;MERKEZ;OTLUOĞLU;19343. SOKAK;sokak;640482671
DÜZCE;MERKEZ;OTLUOĞLU;19344. SOKAK;sokak;156390650
DÜZCE;MERKEZ;OTLUOĞLU;19345. SOKAK;sokak;304622530
DÜZCE;MERKEZ;OTLUOĞLU;1988. SOKAK;sokak;687725081
DÜZCE;MERKEZ;OTLUOĞLU;2015. SOKAK;sokak;587356710
DÜZCE;MERKEZ;OTLUOĞLU;2016. SOKAK;sokak;735050591
DÜZCE;MERKEZ;OTLUOĞLU;AYDINPINAR CADDE;cadde;771339161
DÜZCE;MERKEZ;OVAPINAR NA;1 SOKAK;sokak;574271
DÜZCE;MERKEZ;OVAPINAR NA;2. SOKAK;sokak;1352925
DÜZCE;MERKEZ;OVAPINAR NA;3. SOKAK;sokak;1352927
DÜZCE;MERKEZ;OVAPINAR NA;4. SOKAK;sokak;1352929
DÜZCE;MERKEZ;OVAPINAR NA;5. SOKAK;sokak;1352931
DÜZCE;MERKEZ;OVAPINAR NA;6. SOKAK;sokak;1352933
DÜZCE;MERKEZ;OVAPINAR NA;7. SOKAK;sokak;1399641
DÜZCE;MERKEZ;OVAPINAR NA;8. SOKAK;sokak;748138741
DÜZCE;MERKEZ;OVAPINAR NA;ANADOLU OTOYOLU BULVAR;sokak;361797861
DÜZCE;MERKEZ;OVAPINAR NA;KÖY SOKAK;sokak;512971
DÜZCE;MERKEZ;OVAPINAR NA;MERKEZ/1 SOKAK;sokak;306483150
DÜZCE;MERKEZ;OZANLAR;18147. SOKAK;sokak;1244993
DÜZCE;MERKEZ;OZANLAR;18175. SOKAK;sokak;1244995
DÜZCE;MERKEZ;OZANLAR;18201. SOKAK;sokak;1248575
DÜZCE;MERKEZ;OZANLAR;18203 KÜME EVLER;sokak;307053701
DÜZCE;MERKEZ;OZANLAR;18500. SOKAK;sokak;1246531
DÜZCE;MERKEZ;OZANLAR;18505. SOKAK;sokak;705523690
DÜZCE;MERKEZ;OZANLAR;18520. SOKAK;sokak;731910901
DÜZCE;MERKEZ;OZANLAR;18530. SOKAK;sokak;466152661
DÜZCE;MERKEZ;OZANLAR;18531. SOKAK;sokak;585001660
DÜZCE;MERKEZ;OZANLAR;18540. SOKAK;sokak;194603281
DÜZCE;MERKEZ;OZANLAR;18600. SOKAK;sokak;1246533
DÜZCE;MERKEZ;OZANLAR;18605. SOKAK;sokak;1246497
DÜZCE;MERKEZ;OZANLAR;18609. SOKAK;sokak;1246499
DÜZCE;MERKEZ;OZANLAR;18610. SOKAK;sokak;1246501
DÜZCE;MERKEZ;OZANLAR;18611. SOKAK;sokak;1246503
DÜZCE;MERKEZ;OZANLAR;18612. SOKAK;sokak;1246505
DÜZCE;MERKEZ;OZANLAR;18613. SOKAK;sokak;1246507
DÜZCE;MERKEZ;OZANLAR;18615. SOKAK;sokak;1246509
DÜZCE;MERKEZ;OZANLAR;18620. SOKAK;sokak;215084030
DÜZCE;MERKEZ;OZANLAR;18640. SOKAK;sokak;190220290
DÜZCE;MERKEZ;OZANLAR;18641. SOKAK;sokak;825711000
DÜZCE;MERKEZ;OZANLAR;18642. SOKAK;sokak;696390371
DÜZCE;MERKEZ;OZANLAR;18645. SOKAK;sokak;414771421
DÜZCE;MERKEZ;OZANLAR;18670. SOKAK;sokak;1246521
DÜZCE;MERKEZ;OZANLAR;18680. SOKAK;sokak;1246523
DÜZCE;MERKEZ;OZANLAR;18690. SOKAK;sokak;117715650
DÜZCE;MERKEZ;OZANLAR;18700. SOKAK;sokak;1245075
DÜZCE;MERKEZ;OZANLAR;19225. SOKAK;sokak;1246527
DÜZCE;MERKEZ;OZANLAR;19241. SOKAK;sokak;692297480
DÜZCE;MERKEZ;OZANLAR;ANADOLU OTOYOLU BULVAR;sokak;135353070
DÜZCE;MERKEZ;OZANLAR;MOLLAOĞLU KÜME EVLER;sokak;439010991
DÜZCE;MERKEZ;ÖZYANIK NA;ÖZYANIK KÜME EVLER;sokak;520188
DÜZCE;MERKEZ;PAŞAKONAĞI NA;PAŞAKONAĞI KÜME EVLER;sokak;511259
DÜZCE;MERKEZ;PAŞAKONAĞI NA;YENİ KÜME EVLER;sokak;845656621
DÜZCE;MERKEZ;PAŞAORMANI NA;5600. CADDE;cadde;1256009
DÜZCE;MERKEZ;PAŞAORMANI NA;7000. SOKAK;sokak;1256083
DÜZCE;MERKEZ;PAŞAORMANI NA;7001. SOKAK;sokak;1256097
DÜZCE;MERKEZ;PAŞAORMANI NA;7002. SOKAK;sokak;1256099
DÜZCE;MERKEZ;PAŞAORMANI NA;7010. SOKAK;sokak;1256101
DÜZCE;MERKEZ;PAŞAORMANI NA;7010/1 SOKAK;sokak;523659131
DÜZCE;MERKEZ;PAŞAORMANI NA;7100. SOKAK;sokak;1256085
DÜZCE;MERKEZ;PAŞAORMANI NA;7150. SOKAK;sokak;1256103
DÜZCE;MERKEZ;PAŞAORMANI NA;7151. SOKAK;sokak;1256105
DÜZCE;MERKEZ;PAŞAORMANI NA;7155. SOKAK;sokak;1256107
DÜZCE;MERKEZ;PAŞAORMANI NA;7156. SOKAK;sokak;1256109
DÜZCE;MERKEZ;PAŞAORMANI NA;7160. SOKAK;sokak;1256111
DÜZCE;MERKEZ;PAŞAORMANI NA;7170. SOKAK;sokak;1256087
DÜZCE;MERKEZ;PAŞAORMANI NA;7300. SOKAK;sokak;1256089
DÜZCE;MERKEZ;PAŞAORMANI NA;7330. SOKAK;sokak;1257103
DÜZCE;MERKEZ;PAŞAORMANI NA;7350. SOKAK;sokak;1256091
DÜZCE;MERKEZ;PAŞAORMANI NA;7360. SOKAK;sokak;1256115
DÜZCE;MERKEZ;PAŞAORMANI NA;7390. SOKAK;sokak;1256117
DÜZCE;MERKEZ;PAŞAORMANI NA;7400. SOKAK;sokak;1256093
DÜZCE;MERKEZ;PAŞAORMANI NA;7410. SOKAK;sokak;1256113
DÜZCE;MERKEZ;PAŞAORMANI NA;7700. SOKAK;sokak;1256095
DÜZCE;MERKEZ;PAŞAORMANI NA;ANADOLU OTOYOLU BULVAR;sokak;272091470
DÜZCE;MERKEZ;PINARLAR NA;5893. SOKAK;sokak;1235551
DÜZCE;MERKEZ;PINARLAR NA;6450. SOKAK;sokak;1235553
DÜZCE;MERKEZ;PINARLAR NA;6450./1 SOKAK;sokak;462687510
DÜZCE;MERKEZ;PINARLAR NA;6450./2 SOKAK;sokak;615126121
DÜZCE;MERKEZ;PINARLAR NA;6500. SOKAK;sokak;1235559
DÜZCE;MERKEZ;PINARLAR NA;6510. SOKAK;sokak;1235557
DÜZCE;MERKEZ;PINARLAR NA;6549 SOKAK;sokak;1377625
DÜZCE;MERKEZ;PINARLAR NA;6550. SOKAK;sokak;1235567
DÜZCE;MERKEZ;PINARLAR NA;6560. SOKAK;sokak;1235569
DÜZCE;MERKEZ;PINARLAR NA;6600. SOKAK;sokak;1235561
DÜZCE;MERKEZ;PINARLAR NA;6650. SOKAK;sokak;1235555
DÜZCE;MERKEZ;PINARLAR NA;6700. SOKAK;sokak;1235563
DÜZCE;MERKEZ;PINARLAR NA;6750. SOKAK;sokak;1235565
DÜZCE;MERKEZ;PINARLAR NA;7000. SOKAK;sokak;1235549
DÜZCE;MERKEZ;PINARLAR NA;7010. SOKAK;sokak;1257615
DÜZCE;MERKEZ;PINARLAR NA;ANADOLU OTOYOLU BULVAR;sokak;295068620
DÜZCE;MERKEZ;SALLAR;101. SOKAK;sokak;938031
DÜZCE;MERKEZ;SALLAR;103. SOKAK;sokak;938085
DÜZCE;MERKEZ;SALLAR;104. SOKAK;sokak;939259
DÜZCE;MERKEZ;SALLAR;106. SOKAK;sokak;938117
DÜZCE;MERKEZ;SALLAR;4551. SOKAK;sokak;132119741
DÜZCE;MERKEZ;SALLAR;4554. SOKAK;sokak;760289011
DÜZCE;MERKEZ;SALLAR;4555. SOKAK;sokak;898595811
DÜZCE;MERKEZ;SALLAR;4556. SOKAK;sokak;154260261
DÜZCE;MERKEZ;SALLAR;4557. SOKAK;sokak;175707630
DÜZCE;MERKEZ;SALLAR;4559. SOKAK;sokak;394260511
DÜZCE;MERKEZ;SALLAR;4560. BULVAR;sokak;455130820
DÜZCE;MERKEZ;SALLAR;4561. CADDE;cadde;276968970
DÜZCE;MERKEZ;SALLAR;4562. SOKAK;sokak;375464471
DÜZCE;MERKEZ;SALLAR;4564. SOKAK;sokak;531271221
DÜZCE;MERKEZ;SALLAR;4565. SOKAK;sokak;437765411
DÜZCE;MERKEZ;SALLAR;4566. SOKAK;sokak;722226070
DÜZCE;MERKEZ;SALLAR;4568. SOKAK;sokak;135892700
DÜZCE;MERKEZ;SALLAR;4569. SOKAK;sokak;674898640
DÜZCE;MERKEZ;SALLAR;4570. SOKAK;sokak;866722840
DÜZCE;MERKEZ;SALLAR;4572. SOKAK;sokak;783570431
DÜZCE;MERKEZ;SALLAR;4575. SOKAK;sokak;465512971
DÜZCE;MERKEZ;SALLAR;4580. SOKAK;sokak;904367751
DÜZCE;MERKEZ;SALLAR;4590. SOKAK;sokak;515624860
DÜZCE;MERKEZ;SALLAR;4602. SOKAK;sokak;495766301
DÜZCE;MERKEZ;SALLAR;4603. SOKAK;sokak;536393160
DÜZCE;MERKEZ;SALLAR;4604. SOKAK;sokak;461418670
DÜZCE;MERKEZ;SALLAR;4606. SOKAK;sokak;113959930
DÜZCE;MERKEZ;SALLAR;4607. SOKAK;sokak;828179580
DÜZCE;MERKEZ;SALLAR;4609. SOKAK;sokak;275971520
DÜZCE;MERKEZ;SALLAR;4610. SOKAK;sokak;543956110
DÜZCE;MERKEZ;SALLAR;4612. SOKAK;sokak;680007850
DÜZCE;MERKEZ;SALLAR;4616. SOKAK;sokak;160391660
DÜZCE;MERKEZ;SALLAR;4617. SOKAK;sokak;789824100
DÜZCE;MERKEZ;SALLAR;4619. SOKAK;sokak;395688521
DÜZCE;MERKEZ;SALLAR;4620. SOKAK;sokak;374365650
DÜZCE;MERKEZ;SALLAR;4621. SOKAK;sokak;292116790
DÜZCE;MERKEZ;SALLAR;4622. SOKAK;sokak;578850480
DÜZCE;MERKEZ;SALLAR;4623. SOKAK;sokak;775273490
DÜZCE;MERKEZ;SALLAR;4626. SOKAK;sokak;162044970
DÜZCE;MERKEZ;SALLAR;4629. SOKAK;sokak;360659770
DÜZCE;MERKEZ;SALLAR;71. SOKAK;sokak;496626040
DÜZCE;MERKEZ;SALLAR;77. SOKAK;sokak;580512440
DÜZCE;MERKEZ;SALLAR;78. SOKAK;sokak;938862
DÜZCE;MERKEZ;SALLAR;81. SOKAK;sokak;938071
DÜZCE;MERKEZ;SALLAR;9.DÜZCE BULVAR;sokak;938265
DÜZCE;MERKEZ;SAMANDERE - BUCAKKURULU;BUCAKKURULU KÜME EVLER;sokak;85926
DÜZCE;MERKEZ;SAMANDERE - DEĞİRMENÜSTÜ;DEĞİRMENÜSTÜ KÜME EVLER;sokak;567163
DÜZCE;MERKEZ;SAMANDERE - HACIMUSTAFADÜZÜ;HACIMUSTAFADÜZÜ KÜME EVLER;sokak;560608
DÜZCE;MERKEZ;SAMANDERE - HACIYATAĞI;HACIYATAĞI. KÜME EVLER;sokak;565399
DÜZCE;MERKEZ;SAMANDERE - HACIYATAĞI;SADIK KÜME EVLER;sokak;648122581
DÜZCE;MERKEZ;SAMANDERE - KOCAYAYLA;KOCAYAYLA KÜME EVLER;sokak;560580
DÜZCE;MERKEZ;SAMANDERE - KUŞYUVASI;KUŞYUVASI KÜME EVLER;sokak;560600
DÜZCE;MERKEZ;SAMANDERE - MERKEZ;ÇAMLIK KÜME EVLER;sokak;515768821
DÜZCE;MERKEZ;SAMANDERE - MERKEZ;MERKEZ KÜME EVLER;sokak;564303
DÜZCE;MERKEZ;SAMANDERE - SADIK;SADIK KÜME EVLER;sokak;557162
DÜZCE;MERKEZ;SAMANDERE - TÜTÜNLÜK;TÜTÜNLÜK KÜME EVLER;sokak;562406
DÜZCE;MERKEZ;SANCAKDERE NA;SANCAKDERE KÜME EVLER;sokak;522877
DÜZCE;MERKEZ;SANCAKLAR;1439. CADDE;cadde;572430990
DÜZCE;MERKEZ;SANCAKLAR;1494. CADDE;cadde;618368
DÜZCE;MERKEZ;SANCAKLAR;1510. SOKAK;sokak;938140
DÜZCE;MERKEZ;SANCAKLAR;1525. SOKAK;sokak;895190
DÜZCE;MERKEZ;SANCAKLAR;1528. SOKAK;sokak;895186
DÜZCE;MERKEZ;SANCAKLAR;1529. SOKAK;sokak;895187
DÜZCE;MERKEZ;SANCAKLAR;1530. SOKAK;sokak;895930
DÜZCE;MERKEZ;SANCAKLAR;1532. SOKAK;sokak;957710101
DÜZCE;MERKEZ;SANCAKLAR;1536. SOKAK;sokak;895938
DÜZCE;MERKEZ;SANCAKLAR;1538. SOKAK;sokak;186793
DÜZCE;MERKEZ;SANCAKLAR;1551. SOKAK;sokak;935661
DÜZCE;MERKEZ;SANCAKLAR;2423. CADDE;cadde;664118690
DÜZCE;MERKEZ;SANCAKLAR;2424. SOKAK;sokak;607722
DÜZCE;MERKEZ;SANCAKLAR;2425. SOKAK;sokak;320654920
DÜZCE;MERKEZ;SANCAKLAR;2426. SOKAK;sokak;844064
DÜZCE;MERKEZ;SANCAKLAR;2427. SOKAK;sokak;868279
DÜZCE;MERKEZ;SANCAKLAR;2428. SOKAK;sokak;606927
DÜZCE;MERKEZ;SANCAKLAR;2429. SOKAK;sokak;612050
DÜZCE;MERKEZ;SANCAKLAR;2430. SOKAK;sokak;612636
DÜZCE;MERKEZ;SANCAKLAR;2431. SOKAK;sokak;606525
DÜZCE;MERKEZ;SANCAKLAR;2434. SOKAK;sokak;389926160
DÜZCE;MERKEZ;SANCAKLAR;2436. SOKAK;sokak;489885050
DÜZCE;MERKEZ;SANCAKLAR;2438. SOKAK;sokak;240505101
DÜZCE;MERKEZ;SANCAKLAR;2441. SOKAK;sokak;699494850
DÜZCE;MERKEZ;SANCAKLAR;2446. SOKAK;sokak;340842440
DÜZCE;MERKEZ;SANCAKLAR;2449. CADDE;cadde;973730880
DÜZCE;MERKEZ;SANCAKLAR;2454. SOKAK;sokak;606263
DÜZCE;MERKEZ;SANCAKLAR;2456. SOKAK;sokak;601278
DÜZCE;MERKEZ;SANCAKLAR;2458. SOKAK;sokak;605146
DÜZCE;MERKEZ;SANCAKLAR;2459. SOKAK;sokak;935695
DÜZCE;MERKEZ;SANCAKLAR;2461. SOKAK;sokak;615096
DÜZCE;MERKEZ;SANCAKLAR;2462. SOKAK;sokak;136691
DÜZCE;MERKEZ;SANCAKLAR;2465. SOKAK;sokak;866374
DÜZCE;MERKEZ;SANCAKLAR;2466. SOKAK;sokak;90234
DÜZCE;MERKEZ;SANCAKLAR;2467. SOKAK;sokak;90244
DÜZCE;MERKEZ;SANCAKLAR;2470. SOKAK;sokak;395916
DÜZCE;MERKEZ;SANCAKLAR;2478. SOKAK;sokak;935696
DÜZCE;MERKEZ;SANCAKLAR;2486. SOKAK;sokak;365687151
DÜZCE;MERKEZ;SANCAKLAR;2487. SOKAK;sokak;896901761
DÜZCE;MERKEZ;SANCAKLAR;2490. SOKAK;sokak;206309270
DÜZCE;MERKEZ;SANCAKLAR;2494. SOKAK;sokak;934520501
DÜZCE;MERKEZ;SANCAKLAR;2495. SOKAK;sokak;991524721
DÜZCE;MERKEZ;SANCAKLAR;2496. SOKAK;sokak;126870421
DÜZCE;MERKEZ;SANCAKLAR;2497. SOKAK;sokak;562772211
DÜZCE;MERKEZ;SANCAKLAR;2498. SOKAK;sokak;83270
DÜZCE;MERKEZ;SANCAKLAR;2500. SOKAK;sokak;606050
DÜZCE;MERKEZ;SANCAKLAR;2502. SOKAK;sokak;594853001
DÜZCE;MERKEZ;SANCAKLAR;2503. SOKAK;sokak;905023291
DÜZCE;MERKEZ;SANCAKLAR;2504. SOKAK;sokak;765966341
DÜZCE;MERKEZ;SANCAKLAR;2505. SOKAK;sokak;980904001
DÜZCE;MERKEZ;SANCAKLAR;2506. SOKAK;sokak;609858
DÜZCE;MERKEZ;SANCAKLAR;2507. SOKAK;sokak;295185031
DÜZCE;MERKEZ;SANCAKLAR;2512. SOKAK;sokak;922983220
DÜZCE;MERKEZ;SANCAKLAR;2514. SOKAK;sokak;608499
DÜZCE;MERKEZ;SANCAKLAR;2515. SOKAK;sokak;329151
DÜZCE;MERKEZ;SANCAKLAR;2516. SOKAK;sokak;599586
DÜZCE;MERKEZ;SANCAKLAR;2518. SOKAK;sokak;618373
DÜZCE;MERKEZ;SANCAKLAR;2519. SOKAK;sokak;851003
DÜZCE;MERKEZ;SANCAKLAR;2520. SOKAK;sokak;610874
DÜZCE;MERKEZ;SANCAKLAR;2523. SOKAK;sokak;436527591
DÜZCE;MERKEZ;SANCAKLAR;2526. SOKAK;sokak;897045971
DÜZCE;MERKEZ;SANCAKLAR;2527. SOKAK;sokak;378567
DÜZCE;MERKEZ;SANCAKLAR;2528. SOKAK;sokak;610405
DÜZCE;MERKEZ;SANCAKLAR;2529. SOKAK;sokak;851000
DÜZCE;MERKEZ;SANCAKLAR;2530. CADDE;cadde;415681550
DÜZCE;MERKEZ;SANCAKLAR;2531. SOKAK;sokak;714670050
DÜZCE;MERKEZ;SANCAKLAR;2532. SOKAK;sokak;612750
DÜZCE;MERKEZ;SANCAKLAR;2534. SOKAK;sokak;163767330
DÜZCE;MERKEZ;SANCAKLAR;2540. SOKAK;sokak;987569191
DÜZCE;MERKEZ;SANCAKLAR;2543. SOKAK;sokak;930121
DÜZCE;MERKEZ;SANCAKLAR;3170. CADDE;cadde;252413161
DÜZCE;MERKEZ;SANCAKLAR;3176. SOKAK;sokak;689478111
DÜZCE;MERKEZ;SANCAKLAR;AKÇAKOCA KARAYOLU CADDE;cadde;612958
DÜZCE;MERKEZ;SANCAKLAR;ATASEVEN SOKAK;sokak;617957
DÜZCE;MERKEZ;SANCAKLAR;ÇİLİNGİR SOKAK;sokak;612017
DÜZCE;MERKEZ;SANCAKLAR;ESKİ AKÇAKOCA CADDE;cadde;90373
DÜZCE;MERKEZ;SANCAKLAR;KALMAK SOKAK;sokak;599602
DÜZCE;MERKEZ;SANCAKLAR;KARADENİZ SOKAK;sokak;471662
DÜZCE;MERKEZ;SANCAKLAR;KARAKUŞ SOKAK;sokak;615997
DÜZCE;MERKEZ;SANCAKLAR;KOÇLAR SOKAK;sokak;610606
DÜZCE;MERKEZ;SANCAKLAR;KUYUMCU CADDE;cadde;599903
DÜZCE;MERKEZ;SANCAKLAR;NEŞET KUYUMCU CADDE;cadde;860147
DÜZCE;MERKEZ;SANCAKLAR;TORLAK SOKAK;sokak;598735
DÜZCE;MERKEZ;SARAYYERİ;15575. SOKAK;sokak;524489171
DÜZCE;MERKEZ;SARAYYERİ;2685. SOKAK;sokak;230290691
DÜZCE;MERKEZ;SARAYYERİ;2686. SOKAK;sokak;286783811
DÜZCE;MERKEZ;SARAYYERİ;2690. SOKAK;sokak;528979151
DÜZCE;MERKEZ;SARAYYERİ;2696. SOKAK;sokak;330042271
DÜZCE;MERKEZ;SARAYYERİ;2729. SOKAK;sokak;991397761
DÜZCE;MERKEZ;SARAYYERİ;2730. CADDE;cadde;853083
DÜZCE;MERKEZ;SARAYYERİ;2731. SOKAK;sokak;400587370
DÜZCE;MERKEZ;SARAYYERİ;2734. SOKAK;sokak;853087
DÜZCE;MERKEZ;SARAYYERİ;2738. SOKAK;sokak;582470240
DÜZCE;MERKEZ;SARAYYERİ;2740. SOKAK;sokak;440777741
DÜZCE;MERKEZ;SARAYYERİ;2741. SOKAK;sokak;872954
DÜZCE;MERKEZ;SARAYYERİ;2743. SOKAK;sokak;968480231
DÜZCE;MERKEZ;SARAYYERİ;2744. SOKAK;sokak;231871641
DÜZCE;MERKEZ;SARAYYERİ;2745. SOKAK;sokak;128509210
DÜZCE;MERKEZ;SARAYYERİ;2746. SOKAK;sokak;353842700
DÜZCE;MERKEZ;SARAYYERİ;2747. SOKAK;sokak;912963760
DÜZCE;MERKEZ;SARAYYERİ;2748. SOKAK;sokak;938181
DÜZCE;MERKEZ;SARAYYERİ;2749. SOKAK;sokak;468863471
DÜZCE;MERKEZ;SARAYYERİ;2750. SOKAK;sokak;853088
DÜZCE;MERKEZ;SARAYYERİ;2751. SOKAK;sokak;935706
DÜZCE;MERKEZ;SARAYYERİ;2752. SOKAK;sokak;353900121
DÜZCE;MERKEZ;SARAYYERİ;2753. SOKAK;sokak;220117201
DÜZCE;MERKEZ;SARAYYERİ;2754. SOKAK;sokak;115609761
DÜZCE;MERKEZ;SARAYYERİ;2759. SOKAK;sokak;957145801
DÜZCE;MERKEZ;SARAYYERİ;2760. CADDE;cadde;155041031
DÜZCE;MERKEZ;SARAYYERİ;2766. SOKAK;sokak;935704
DÜZCE;MERKEZ;SARAYYERİ;2767. SOKAK;sokak;855111
DÜZCE;MERKEZ;SARAYYERİ;2770. SOKAK;sokak;935705
DÜZCE;MERKEZ;SARAYYERİ;2780. SOKAK;sokak;917827
DÜZCE;MERKEZ;SARAYYERİ;2798. SOKAK;sokak;233010211
DÜZCE;MERKEZ;SARAYYERİ;2799. SOKAK;sokak;691387411
DÜZCE;MERKEZ;SARAYYERİ;2804. SOKAK;sokak;413462480
DÜZCE;MERKEZ;SARAYYERİ;2806. SOKAK;sokak;624073330
DÜZCE;MERKEZ;SARAYYERİ;2810. SOKAK;sokak;730775390
DÜZCE;MERKEZ;SARAYYERİ;2811. SOKAK;sokak;783847650
DÜZCE;MERKEZ;SARAYYERİ;2812. SOKAK;sokak;962543470
DÜZCE;MERKEZ;SARAYYERİ;2813. SOKAK;sokak;943238
DÜZCE;MERKEZ;SARAYYERİ;2820. CADDE;cadde;853084
DÜZCE;MERKEZ;SARAYYERİ;2821. SOKAK;sokak;853089
DÜZCE;MERKEZ;SARAYYERİ;2823. SOKAK;sokak;853090
DÜZCE;MERKEZ;SARAYYERİ;2824. SOKAK;sokak;806429941
DÜZCE;MERKEZ;SARAYYERİ;2826. SOKAK;sokak;853208
DÜZCE;MERKEZ;SARAYYERİ;2830. SOKAK;sokak;853091
DÜZCE;MERKEZ;SARAYYERİ;2833. SOKAK;sokak;971385491
DÜZCE;MERKEZ;SARAYYERİ;2835. SOKAK;sokak;511962440
DÜZCE;MERKEZ;SARAYYERİ;2836. SOKAK;sokak;853092
DÜZCE;MERKEZ;SARAYYERİ;2839. SOKAK;sokak;185103881
DÜZCE;MERKEZ;SARAYYERİ;2840. SOKAK;sokak;171476041
DÜZCE;MERKEZ;SARAYYERİ;2843. SOKAK;sokak;919054
DÜZCE;MERKEZ;SARAYYERİ;2861. SOKAK;sokak;828312231
DÜZCE;MERKEZ;SARAYYERİ;2863. SOKAK;sokak;528992001
DÜZCE;MERKEZ;SARAYYERİ;2864. SOKAK;sokak;853093
DÜZCE;MERKEZ;SARAYYERİ;2868. SOKAK;sokak;941973810
DÜZCE;MERKEZ;SARAYYERİ;2870. SOKAK;sokak;865253
DÜZCE;MERKEZ;SARAYYERİ;2872. SOKAK;sokak;477828591
DÜZCE;MERKEZ;SARAYYERİ;2873. SOKAK;sokak;453875521
DÜZCE;MERKEZ;SARAYYERİ;2875. SOKAK;sokak;750412020
DÜZCE;MERKEZ;SARAYYERİ;2881. SOKAK;sokak;829314111
DÜZCE;MERKEZ;SARAYYERİ;2889. SOKAK;sokak;858335
DÜZCE;MERKEZ;SARAYYERİ;2971. CADDE;cadde;853086
DÜZCE;MERKEZ;SARAYYERİ;3052. CADDE;cadde;718997281
DÜZCE;MERKEZ;SİNİRCİ - ÇAKMANLAR;6150. SOKAK;sokak;479743081
DÜZCE;MERKEZ;SİNİRCİ - ÇAKMANLAR;6300. SOKAK;sokak;516936950
DÜZCE;MERKEZ;SİNİRCİ - ÇAKMANLAR;6320. SOKAK;sokak;110007180
DÜZCE;MERKEZ;SİNİRCİ - ÇAKMANLAR;6325. SOKAK;sokak;518593791
DÜZCE;MERKEZ;SİNİRCİ - ÇAKMANLAR;ANADOLU OTOYOLU BULVAR;sokak;398764201
DÜZCE;MERKEZ;SİNİRCİ - HATIPLAR;19025. SOKAK;sokak;822913941
DÜZCE;MERKEZ;SİNİRCİ - HATIPLAR;19800. SOKAK;sokak;402023190
DÜZCE;MERKEZ;SİNİRCİ - HATIPLAR;6000. SOKAK;sokak;367229990
DÜZCE;MERKEZ;SİNİRCİ - HATIPLAR;6050. SOKAK;sokak;476333340
DÜZCE;MERKEZ;SİNİRCİ - HATIPLAR;6055. SOKAK;sokak;575925450
DÜZCE;MERKEZ;SİNİRCİ - HATIPLAR;6100. SOKAK;sokak;311091921
DÜZCE;MERKEZ;SİNİRCİ - HATIPLAR;6150. SOKAK;sokak;331696160
DÜZCE;MERKEZ;SİNİRCİ - KAVAKLAR;5886. SOKAK;sokak;742281151
DÜZCE;MERKEZ;SİNİRCİ - KAVAKLAR;6400. SOKAK;sokak;133481311
DÜZCE;MERKEZ;SİNİRCİ - KAVAKLAR;6430. SOKAK;sokak;230642071
DÜZCE;MERKEZ;SİNİRCİ - KAVAKLAR;GAZHANE CADDE;cadde;827386751
DÜZCE;MERKEZ;SİNİRCİ - KAVAKLAR;KAVAKLAR KÜME EVLER;sokak;597262
DÜZCE;MERKEZ;SİNİRCİ - MERKEZ;6150. SOKAK;sokak;1250569
DÜZCE;MERKEZ;SİNİRCİ - MERKEZ;6200. SOKAK;sokak;1250571
DÜZCE;MERKEZ;SİNİRCİ - MERKEZ;6210. SOKAK;sokak;1250579
DÜZCE;MERKEZ;SİNİRCİ - MERKEZ;6211. SOKAK;sokak;1250581
DÜZCE;MERKEZ;SİNİRCİ - MERKEZ;6215. SOKAK;sokak;1250583
DÜZCE;MERKEZ;SİNİRCİ - MERKEZ;6220. SOKAK;sokak;1250585
DÜZCE;MERKEZ;SİNİRCİ - MERKEZ;6230. SOKAK;sokak;1250587
DÜZCE;MERKEZ;SOĞUKPINAR;1824. SOKAK;sokak;743650650
DÜZCE;MERKEZ;SOĞUKPINAR;1841. CADDE;cadde;216190020
DÜZCE;MERKEZ;SOĞUKPINAR;1900. SOKAK;sokak;370679981
DÜZCE;MERKEZ;SOĞUKPINAR;5247. SOKAK;sokak;131014491
DÜZCE;MERKEZ;SOĞUKPINAR;5329. SOKAK;sokak;480281950
DÜZCE;MERKEZ;SOĞUKPINAR;5330. CADDE;cadde;357205070
DÜZCE;MERKEZ;SOĞUKPINAR;5331. SOKAK;sokak;748186420
DÜZCE;MERKEZ;SOĞUKPINAR;5340. SOKAK;sokak;486070710
DÜZCE;MERKEZ;SOĞUKPINAR;5345. SOKAK;sokak;265866360
DÜZCE;MERKEZ;SOĞUKPINAR;5359. SOKAK;sokak;374069070
DÜZCE;MERKEZ;SOĞUKPINAR;5360. SOKAK;sokak;585775520
DÜZCE;MERKEZ;SOĞUKPINAR;5362. SOKAK;sokak;142297690
DÜZCE;MERKEZ;SOĞUKPINAR;5367. SOKAK;sokak;429735450
DÜZCE;MERKEZ;SOĞUKPINAR;5369. SOKAK;sokak;312719270
DÜZCE;MERKEZ;SOĞUKPINAR;5372. SOKAK;sokak;849287040
DÜZCE;MERKEZ;SOĞUKPINAR;5375. SOKAK;sokak;110751160
DÜZCE;MERKEZ;SOĞUKPINAR;5400. SOKAK;sokak;403867570
DÜZCE;MERKEZ;SOĞUKPINAR;5406. CADDE;cadde;477978730
DÜZCE;MERKEZ;SOĞUKPINAR;5435. SOKAK;sokak;176118231
DÜZCE;MERKEZ;SOĞUKPINAR;5730. SOKAK;sokak;485960680
DÜZCE;MERKEZ;SOĞUKPINAR;DEDELER CADDE;cadde;904554520
DÜZCE;MERKEZ;SUNCUK NA;ERDEMLİ KÜME EVLER;sokak;681732281
DÜZCE;MERKEZ;SUNCUK NA;SANCAKDERE KÜME EVLER;sokak;933860010
DÜZCE;MERKEZ;SUNCUK NA;SUNCUK KÜME EVLER;sokak;537149
DÜZCE;MERKEZ;ŞAZİYEKÖY NA;627. SOKAK;sokak;853076191
DÜZCE;MERKEZ;ŞAZİYEKÖY NA;ANADOLU OTOYOLU DÜZCE BAĞLANTISI BULVAR;sokak;618051641
DÜZCE;MERKEZ;ŞAZİYEKÖY NA;D 100 KARAYOLU CADDE;cadde;745362361
DÜZCE;MERKEZ;ŞAZİYEKÖY NA;ŞAZİYE KÜME EVLER;sokak;533968
DÜZCE;MERKEZ;ŞEHİT BAYRAM GÖKMEN;KONURALP 230. SOKAK;sokak;866394
DÜZCE;MERKEZ;ŞEHİT BAYRAM GÖKMEN;KONURALP 233. SOKAK;sokak;824630
DÜZCE;MERKEZ;ŞEHİT BAYRAM GÖKMEN;KONURALP 234. SOKAK;sokak;824283
DÜZCE;MERKEZ;ŞEHİT BAYRAM GÖKMEN;KONURALP 235. SOKAK;sokak;824570
DÜZCE;MERKEZ;ŞEHİT BAYRAM GÖKMEN;KONURALP 236. SOKAK;sokak;824597
DÜZCE;MERKEZ;ŞEHİT BAYRAM GÖKMEN;KONURALP 237. SOKAK;sokak;824596
DÜZCE;MERKEZ;ŞEHİT BAYRAM GÖKMEN;KONURALP 238. SOKAK;sokak;824631
DÜZCE;MERKEZ;ŞEHİT BAYRAM GÖKMEN;KONURALP 247. SOKAK;sokak;782732160
DÜZCE;MERKEZ;ŞEHİT BAYRAM GÖKMEN;KONURALP 252. SOKAK;sokak;432492180
DÜZCE;MERKEZ;ŞEHİT BAYRAM GÖKMEN;KONURALP 253. SOKAK;sokak;824629
DÜZCE;MERKEZ;ŞEHİT BAYRAM GÖKMEN;KONURALP 261. SOKAK;sokak;824628
DÜZCE;MERKEZ;ŞEHİT BAYRAM GÖKMEN;KONURALP 263. SOKAK;sokak;920235140
DÜZCE;MERKEZ;ŞEHİT BAYRAM GÖKMEN;KONURALP 264. SOKAK;sokak;958278120
DÜZCE;MERKEZ;ŞEHİT BAYRAM GÖKMEN;KONURALP 265. SOKAK;sokak;454262280
DÜZCE;MERKEZ;ŞEHİT BAYRAM GÖKMEN;KONURALP AKÇAKOCA CADDE;cadde;866282
DÜZCE;MERKEZ;ŞEHİT BAYRAM GÖKMEN;KONURALP BAYRAK SOKAK;sokak;611551
DÜZCE;MERKEZ;ŞEHİT BAYRAM GÖKMEN;KONURALP DÜZCE CADDE;cadde;588115
DÜZCE;MERKEZ;ŞEHİT BAYRAM GÖKMEN;KONURALP ŞANTİYE SOKAK;sokak;585637
DÜZCE;MERKEZ;ŞEHİT BAYRAM GÖKMEN;KONURALP TAŞLIK SOKAK;sokak;588114
DÜZCE;MERKEZ;ŞEHİT HÜSEYİN KIL;KONURALP 171. SOKAK;sokak;904654
DÜZCE;MERKEZ;ŞEHİT HÜSEYİN KIL;KONURALP 173. SOKAK;sokak;481623250
DÜZCE;MERKEZ;ŞEHİT HÜSEYİN KIL;KONURALP 208. SOKAK;sokak;651608060
DÜZCE;MERKEZ;ŞEHİT HÜSEYİN KIL;KONURALP 213. SOKAK;sokak;143303510
DÜZCE;MERKEZ;ŞEHİT HÜSEYİN KIL;KONURALP 217. SOKAK;sokak;143360100
DÜZCE;MERKEZ;ŞEHİT HÜSEYİN KIL;KONURALP 218. SOKAK;sokak;306891031
DÜZCE;MERKEZ;ŞEHİT HÜSEYİN KIL;KONURALP 219. SOKAK;sokak;796895190
DÜZCE;MERKEZ;ŞEHİT HÜSEYİN KIL;KONURALP 641. SOKAK;sokak;246689231
DÜZCE;MERKEZ;ŞEHİT HÜSEYİN KIL;KONURALP 649. SOKAK;sokak;691067141
DÜZCE;MERKEZ;ŞEHİT HÜSEYİN KIL;KONURALP 650. SOKAK;sokak;111516770
DÜZCE;MERKEZ;ŞEHİT HÜSEYİN KIL;KONURALP AKÇAKOCA CADDE;cadde;161683
DÜZCE;MERKEZ;ŞEHİT HÜSEYİN KIL;KONURALP ÇİLİMLİ CADDE;cadde;161688
DÜZCE;MERKEZ;ŞEHİT HÜSEYİN KIL;KONURALP GÜLDAL SOKAK;sokak;161684
DÜZCE;MERKEZ;ŞEHİT HÜSEYİN KIL;KONURALP MUHACİRLER SOKAK;sokak;161685
DÜZCE;MERKEZ;ŞEHİT HÜSEYİN KIL;KONURALP ŞANTİYE SOKAK;sokak;825420
DÜZCE;MERKEZ;ŞEHİT HÜSEYİN KIL;KONURALP TABAKHANE SOKAK;sokak;34390
DÜZCE;MERKEZ;ŞEHİT HÜSEYİN KIL;KONURALP TEPECİK SOKAK;sokak;161686
DÜZCE;MERKEZ;ŞEHİT KEMAL IŞILDAK;KONURALP 150. SOKAK;sokak;305911921
DÜZCE;MERKEZ;ŞEHİT KEMAL IŞILDAK;KONURALP 164. SOKAK;sokak;753746780
DÜZCE;MERKEZ;ŞEHİT KEMAL IŞILDAK;KONURALP 170. SOKAK;sokak;440244530
DÜZCE;MERKEZ;ŞEHİT KEMAL IŞILDAK;KONURALP 621. SOKAK;sokak;785542351
DÜZCE;MERKEZ;ŞEHİT KEMAL IŞILDAK;KONURALP 628. SOKAK;sokak;352755281
DÜZCE;MERKEZ;ŞEHİT KEMAL IŞILDAK;KONURALP 629. SOKAK;sokak;863560370
DÜZCE;MERKEZ;ŞEHİT KEMAL IŞILDAK;KONURALP 631. SOKAK;sokak;379176550
DÜZCE;MERKEZ;ŞEHİT KEMAL IŞILDAK;KONURALP AKÇAKOCA CADDE;cadde;161689
DÜZCE;MERKEZ;ŞEHİT KEMAL IŞILDAK;KONURALP ÇİLİMLİ CADDE;cadde;825359
DÜZCE;MERKEZ;ŞEHİT KEMAL IŞILDAK;KONURALP VEZİROĞLU SOKAK;sokak;620664
DÜZCE;MERKEZ;ŞEHİT KEMAL IŞILDAK;KONURALP YAKA SOKAK;sokak;161692
DÜZCE;MERKEZ;ŞEHİT KEMAL IŞILDAK;YUSUF ERCAN SOKAK;sokak;952519971
DÜZCE;MERKEZ;ŞEHİT MURAT DEMİR;KEMAL GÜNAYDIN SOKAK;sokak;410115
DÜZCE;MERKEZ;ŞEHİT MURAT DEMİR;KONURALP 104. SOKAK;sokak;867470
DÜZCE;MERKEZ;ŞEHİT MURAT DEMİR;KONURALP 272. SOKAK;sokak;114219140
DÜZCE;MERKEZ;ŞEHİT MURAT DEMİR;KONURALP 274. SOKAK;sokak;734584401
DÜZCE;MERKEZ;ŞEHİT MURAT DEMİR;KONURALP 276. SOKAK;sokak;294708041
DÜZCE;MERKEZ;ŞEHİT MURAT DEMİR;KONURALP 277. SOKAK;sokak;782846351
DÜZCE;MERKEZ;ŞEHİT MURAT DEMİR;KONURALP 281. SOKAK;sokak;913857400
DÜZCE;MERKEZ;ŞEHİT MURAT DEMİR;KONURALP 282. SOKAK;sokak;665172360
DÜZCE;MERKEZ;ŞEHİT MURAT DEMİR;KONURALP 283. SOKAK;sokak;132350980
DÜZCE;MERKEZ;ŞEHİT MURAT DEMİR;KONURALP 284. SOKAK;sokak;411660000
DÜZCE;MERKEZ;ŞEHİT MURAT DEMİR;KONURALP 286. SOKAK;sokak;428680751
DÜZCE;MERKEZ;ŞEHİT MURAT DEMİR;KONURALP 288. SOKAK;sokak;438552611
DÜZCE;MERKEZ;ŞEHİT MURAT DEMİR;KONURALP 289. SOKAK;sokak;437536151
DÜZCE;MERKEZ;ŞEHİT MURAT DEMİR;KONURALP 290. SOKAK;sokak;867242
DÜZCE;MERKEZ;ŞEHİT MURAT DEMİR;KONURALP 291. SOKAK;sokak;367497110
DÜZCE;MERKEZ;ŞEHİT MURAT DEMİR;KONURALP 292. SOKAK;sokak;574896191
DÜZCE;MERKEZ;ŞEHİT MURAT DEMİR;KONURALP 295. SOKAK;sokak;358820591
DÜZCE;MERKEZ;ŞEHİT MURAT DEMİR;KONURALP 296. SOKAK;sokak;867245
DÜZCE;MERKEZ;ŞEHİT MURAT DEMİR;KONURALP 298. SOKAK;sokak;675084571
DÜZCE;MERKEZ;ŞEHİT MURAT DEMİR;KONURALP 300. SOKAK;sokak;784477781
DÜZCE;MERKEZ;ŞEHİT MURAT DEMİR;KONURALP 301. SOKAK;sokak;867258
DÜZCE;MERKEZ;ŞEHİT MURAT DEMİR;KONURALP 302. SOKAK;sokak;627415660
DÜZCE;MERKEZ;ŞEHİT MURAT DEMİR;KONURALP 303. SOKAK;sokak;482876501
DÜZCE;MERKEZ;ŞEHİT MURAT DEMİR;KONURALP 317. SOKAK;sokak;243283530
DÜZCE;MERKEZ;ŞEHİT MURAT DEMİR;KONURALP 318. SOKAK;sokak;365621970
DÜZCE;MERKEZ;ŞEHİT MURAT DEMİR;KONURALP 319. SOKAK;sokak;391943030
DÜZCE;MERKEZ;ŞEHİT MURAT DEMİR;KONURALP 322. SOKAK;sokak;490182290
DÜZCE;MERKEZ;ŞEHİT MURAT DEMİR;KONURALP 323. SOKAK;sokak;298621170
DÜZCE;MERKEZ;ŞEHİT MURAT DEMİR;KONURALP 324. SOKAK;sokak;607218420
DÜZCE;MERKEZ;ŞEHİT MURAT DEMİR;KONURALP 325. SOKAK;sokak;108443060
DÜZCE;MERKEZ;ŞEHİT MURAT DEMİR;KONURALP 329. SOKAK;sokak;867298
DÜZCE;MERKEZ;ŞEHİT MURAT DEMİR;KONURALP 333. SOKAK;sokak;991200730
DÜZCE;MERKEZ;ŞEHİT MURAT DEMİR;KONURALP 334. SOKAK;sokak;148330730
DÜZCE;MERKEZ;ŞEHİT MURAT DEMİR;KONURALP 336. SOKAK;sokak;672855101
DÜZCE;MERKEZ;ŞEHİT MURAT DEMİR;KONURALP 343. SOKAK;sokak;286640760
DÜZCE;MERKEZ;ŞEHİT MURAT DEMİR;KONURALP 351. SOKAK;sokak;867514
DÜZCE;MERKEZ;ŞEHİT MURAT DEMİR;KONURALP 353. SOKAK;sokak;282048320
DÜZCE;MERKEZ;ŞEHİT MURAT DEMİR;KONURALP 354. SOKAK;sokak;420685021
DÜZCE;MERKEZ;ŞEHİT MURAT DEMİR;KONURALP 355. SOKAK;sokak;669386300
DÜZCE;MERKEZ;ŞEHİT MURAT DEMİR;KONURALP 357. SOKAK;sokak;161693
DÜZCE;MERKEZ;ŞEHİT MURAT DEMİR;KONURALP 358. SOKAK;sokak;161694
DÜZCE;MERKEZ;ŞEHİT MURAT DEMİR;KONURALP 361. SOKAK;sokak;161695
DÜZCE;MERKEZ;ŞEHİT MURAT DEMİR;KONURALP 362. SOKAK;sokak;161696
DÜZCE;MERKEZ;ŞEHİT MURAT DEMİR;KONURALP 376. SOKAK;sokak;502916990
DÜZCE;MERKEZ;ŞEHİT MURAT DEMİR;KONURALP 399. SOKAK;sokak;914814570
DÜZCE;MERKEZ;ŞEHİT MURAT DEMİR;KONURALP 431. SOKAK;sokak;1006363
DÜZCE;MERKEZ;ŞEHİT MURAT DEMİR;KONURALP 5. SOKAK;sokak;1004041
DÜZCE;MERKEZ;ŞEHİT MURAT DEMİR;KONURALP 550. SOKAK;sokak;1000098
DÜZCE;MERKEZ;ŞEHİT MURAT DEMİR;KONURALP AKTEPE SOKAK;sokak;161697
DÜZCE;MERKEZ;ŞEHİT MURAT DEMİR;KONURALP BAĞLIK YOKUŞU SOKAK;sokak;841677
DÜZCE;MERKEZ;ŞEHİT MURAT DEMİR;KONURALP CUMHURİYET CADDE;cadde;1004277
DÜZCE;MERKEZ;ŞEHİT MURAT DEMİR;KONURALP DÜZCE CADDE;cadde;825336
DÜZCE;MERKEZ;ŞEHİT MURAT DEMİR;KONURALP GÖLCÜKBAŞI SOKAK;sokak;867238
DÜZCE;MERKEZ;ŞEHİT MURAT DEMİR;KONURALP HİLMİ SÖNMEZ CADDE;cadde;161698
DÜZCE;MERKEZ;ŞEHİT MURAT DEMİR;KONURALP TAŞLI SOKAK;sokak;609327
DÜZCE;MERKEZ;ŞEHİT MURAT DEMİR;NECMİ HOŞVER CADDE;cadde;1004239
DÜZCE;MERKEZ;ŞEHİT MURAT DEMİR;PROF.DR.NECMETTİN ERBAKAN CADDE;cadde;410116
DÜZCE;MERKEZ;ŞEREFİYE;314. SOKAK;sokak;935694
DÜZCE;MERKEZ;ŞEREFİYE;319. SOKAK;sokak;76193
DÜZCE;MERKEZ;ŞEREFİYE;321. SOKAK;sokak;108913150
DÜZCE;MERKEZ;ŞEREFİYE;324. SOKAK;sokak;659992
DÜZCE;MERKEZ;ŞEREFİYE;325. SOKAK;sokak;646841
DÜZCE;MERKEZ;ŞEREFİYE;332. SOKAK;sokak;827236
DÜZCE;MERKEZ;ŞEREFİYE;334. SOKAK;sokak;671887
DÜZCE;MERKEZ;ŞEREFİYE;337. SOKAK;sokak;879664
DÜZCE;MERKEZ;ŞEREFİYE;AHMET TEMİZ SOKAK;sokak;151626
DÜZCE;MERKEZ;ŞEREFİYE;ALİ RIZA ŞAHİNLER SOKAK;sokak;151627
DÜZCE;MERKEZ;ŞEREFİYE;ASMALI SOKAK;sokak;418904
DÜZCE;MERKEZ;ŞEREFİYE;ATATÜRK BULVAR;sokak;151628
DÜZCE;MERKEZ;ŞEREFİYE;CENGİZ TOPEL SOKAK;sokak;151629
DÜZCE;MERKEZ;ŞEREFİYE;CUMHURİYET SOKAK;sokak;418905
DÜZCE;MERKEZ;ŞEREFİYE;ÇAKMAN AHMET SOKAK;sokak;151965
DÜZCE;MERKEZ;ŞEREFİYE;ÇAYIR SOKAK;sokak;418911
DÜZCE;MERKEZ;ŞEREFİYE;ÇINARLI SOKAK;sokak;151966
DÜZCE;MERKEZ;ŞEREFİYE;ÇINLAR SOKAK;sokak;151967
DÜZCE;MERKEZ;ŞEREFİYE;ÇİMEN SOKAK;sokak;151968
DÜZCE;MERKEZ;ŞEREFİYE;D 100 KARAYOLU CADDE;cadde;151630
DÜZCE;MERKEZ;ŞEREFİYE;DEPO SOKAK;sokak;151631
DÜZCE;MERKEZ;ŞEREFİYE;EKİN SOKAK;sokak;151632
DÜZCE;MERKEZ;ŞEREFİYE;FETHİ OKYAR SOKAK;sokak;418906
DÜZCE;MERKEZ;ŞEREFİYE;GAZEL SOKAK;sokak;151633
DÜZCE;MERKEZ;ŞEREFİYE;GAZİANTEP CADDE;cadde;151956
DÜZCE;MERKEZ;ŞEREFİYE;HAKKI GÖZAYDIN SOKAK;sokak;151957
DÜZCE;MERKEZ;ŞEREFİYE;IHLAMUR SOKAK;sokak;644385
DÜZCE;MERKEZ;ŞEREFİYE;İNÖNÜ SOKAK;sokak;151969
DÜZCE;MERKEZ;ŞEREFİYE;İSTANBUL CADDE;cadde;151970
DÜZCE;MERKEZ;ŞEREFİYE;KAPALIÇARŞI SOKAK;sokak;151958
DÜZCE;MERKEZ;ŞEREFİYE;KIBRIS SOKAK;sokak;418908
DÜZCE;MERKEZ;ŞEREFİYE;KONUT SOKAK;sokak;151959
DÜZCE;MERKEZ;ŞEREFİYE;NECATİBEY SOKAK;sokak;151960
DÜZCE;MERKEZ;ŞEREFİYE;ORTA SOKAK;sokak;418909
DÜZCE;MERKEZ;ŞEREFİYE;PAZAR SOKAK;sokak;151961
DÜZCE;MERKEZ;ŞEREFİYE;RASİM BETİR PAŞA BULVAR;sokak;418907
DÜZCE;MERKEZ;ŞEREFİYE;SERÇE SOKAK;sokak;151962
DÜZCE;MERKEZ;ŞEREFİYE;SİNEM SOKAK;sokak;433608
DÜZCE;MERKEZ;ŞEREFİYE;SÜLEYMAN KUYUMCU CADDE;cadde;151963
DÜZCE;MERKEZ;ŞEREFİYE;ŞEHİT RUHSAR CADDE;cadde;417072
DÜZCE;MERKEZ;ŞEREFİYE;TİRYAKİ SOKAK;sokak;84587
DÜZCE;MERKEZ;ŞEREFİYE;UZUNZADE SOKAK;sokak;418910
DÜZCE;MERKEZ;ŞEREFİYE;ÜMİT SOKAK;sokak;418912
DÜZCE;MERKEZ;ŞEREFİYE;ZÜBEYDE HANIM SOKAK;sokak;151964
DÜZCE;MERKEZ;ŞIRALIK;5500. CADDE;cadde;885882
DÜZCE;MERKEZ;ŞIRALIK;5503. SOKAK;sokak;885883
DÜZCE;MERKEZ;ŞIRALIK;5505. SOKAK;sokak;608702191
DÜZCE;MERKEZ;ŞIRALIK;5507. SOKAK;sokak;910878660
DÜZCE;MERKEZ;ŞIRALIK;5509. SOKAK;sokak;885885
DÜZCE;MERKEZ;ŞIRALIK;5511. SOKAK;sokak;885886
DÜZCE;MERKEZ;ŞIRALIK;5512. SOKAK;sokak;224138920
DÜZCE;MERKEZ;ŞIRALIK;5513. SOKAK;sokak;885887
DÜZCE;MERKEZ;ŞIRALIK;5514. SOKAK;sokak;885888
DÜZCE;MERKEZ;ŞIRALIK;5515. SOKAK;sokak;885889
DÜZCE;MERKEZ;ŞIRALIK;5516. SOKAK;sokak;885890
DÜZCE;MERKEZ;ŞIRALIK;5517. SOKAK;sokak;885891
DÜZCE;MERKEZ;ŞIRALIK;5520. SOKAK;sokak;359484540
DÜZCE;MERKEZ;ŞIRALIK;5521. SOKAK;sokak;945592
DÜZCE;MERKEZ;ŞIRALIK;5523. SOKAK;sokak;743842151
DÜZCE;MERKEZ;ŞIRALIK;5525. SOKAK;sokak;697715740
DÜZCE;MERKEZ;ŞIRALIK;5529. SOKAK;sokak;900813
DÜZCE;MERKEZ;ŞIRALIK;5530. SOKAK;sokak;885892
DÜZCE;MERKEZ;ŞIRALIK;5534. SOKAK;sokak;885893
DÜZCE;MERKEZ;ŞIRALIK;5536. CADDE;cadde;885894
DÜZCE;MERKEZ;ŞIRALIK;5537. SOKAK;sokak;885895
DÜZCE;MERKEZ;ŞIRALIK;5538. SOKAK;sokak;885896
DÜZCE;MERKEZ;ŞIRALIK;5539. SOKAK;sokak;885897
DÜZCE;MERKEZ;ŞIRALIK;5540. SOKAK;sokak;256403351
DÜZCE;MERKEZ;ŞIRALIK;5542. SOKAK;sokak;354064460
DÜZCE;MERKEZ;ŞIRALIK;5550. CADDE;cadde;755418130
DÜZCE;MERKEZ;ŞIRALIK;5551. SOKAK;sokak;935723
DÜZCE;MERKEZ;ŞIRALIK;5553. SOKAK;sokak;885898
DÜZCE;MERKEZ;ŞIRALIK;5554. SOKAK;sokak;885899
DÜZCE;MERKEZ;ŞIRALIK;5556. SOKAK;sokak;885900
DÜZCE;MERKEZ;ŞIRALIK;5557. SOKAK;sokak;883855
DÜZCE;MERKEZ;ŞIRALIK;5558. SOKAK;sokak;883856
DÜZCE;MERKEZ;ŞIRALIK;5559. SOKAK;sokak;459147021
DÜZCE;MERKEZ;ŞIRALIK;5560. SOKAK;sokak;885901
DÜZCE;MERKEZ;ŞIRALIK;5562. SOKAK;sokak;885902
DÜZCE;MERKEZ;ŞIRALIK;5563. CADDE;cadde;885903
DÜZCE;MERKEZ;ŞIRALIK;5565. SOKAK;sokak;885904
DÜZCE;MERKEZ;ŞIRALIK;5566. SOKAK;sokak;885905
DÜZCE;MERKEZ;ŞIRALIK;5570. SOKAK;sokak;885906
DÜZCE;MERKEZ;ŞIRALIK;5571. SOKAK;sokak;486890461
DÜZCE;MERKEZ;ŞIRALIK;5574. SOKAK;sokak;885907
DÜZCE;MERKEZ;ŞIRALIK;5575. SOKAK;sokak;885908
DÜZCE;MERKEZ;ŞIRALIK;5576. SOKAK;sokak;216606001
DÜZCE;MERKEZ;ŞIRALIK;5577. SOKAK;sokak;885909
DÜZCE;MERKEZ;ŞIRALIK;5578. SOKAK;sokak;885910
DÜZCE;MERKEZ;ŞIRALIK;5579. SOKAK;sokak;682709741
DÜZCE;MERKEZ;ŞIRALIK;5580. SOKAK;sokak;782527310
DÜZCE;MERKEZ;ŞIRALIK;5581. SOKAK;sokak;453056381
DÜZCE;MERKEZ;ŞIRALIK;5582. SOKAK;sokak;885911
DÜZCE;MERKEZ;ŞIRALIK;5583. SOKAK;sokak;885912
DÜZCE;MERKEZ;ŞIRALIK;5586. SOKAK;sokak;559732911
DÜZCE;MERKEZ;ŞIRALIK;5589. SOKAK;sokak;328594561
DÜZCE;MERKEZ;ŞIRALIK;5590. SOKAK;sokak;560134100
DÜZCE;MERKEZ;ŞIRALIK;5591. SOKAK;sokak;294048860
DÜZCE;MERKEZ;ŞIRALIK;5592. SOKAK;sokak;216395210
DÜZCE;MERKEZ;ŞIRALIK;5593. SOKAK;sokak;135278331
DÜZCE;MERKEZ;ŞIRALIK;5594. SOKAK;sokak;959580470
DÜZCE;MERKEZ;ŞIRALIK;5596. SOKAK;sokak;265739231
DÜZCE;MERKEZ;ŞIRALIK;5597. SOKAK;sokak;765872860
DÜZCE;MERKEZ;ŞIRALIK;5598. SOKAK;sokak;331827830
DÜZCE;MERKEZ;ŞIRALIK;5600. CADDE;cadde;885913
DÜZCE;MERKEZ;ŞIRALIK;5602. SOKAK;sokak;981012071
DÜZCE;MERKEZ;ŞIRALIK;5604. SOKAK;sokak;702785360
DÜZCE;MERKEZ;ŞIRALIK;5605. SOKAK;sokak;885915
DÜZCE;MERKEZ;ŞIRALIK;5606. SOKAK;sokak;746375880
DÜZCE;MERKEZ;ŞIRALIK;5608. SOKAK;sokak;306432331
DÜZCE;MERKEZ;ŞIRALIK;5613. SOKAK;sokak;486900360
DÜZCE;MERKEZ;ŞIRALIK;5614. SOKAK;sokak;695728810
DÜZCE;MERKEZ;ŞIRALIK;5615. CADDE;cadde;885916
DÜZCE;MERKEZ;ŞIRALIK;5616. SOKAK;sokak;384654310
DÜZCE;MERKEZ;ŞIRALIK;5617. CADDE;cadde;683077350
DÜZCE;MERKEZ;ŞIRALIK;5620. SOKAK;sokak;171130851
DÜZCE;MERKEZ;ŞIRALIK;5621. SOKAK;sokak;344898151
DÜZCE;MERKEZ;ŞIRALIK;5622. SOKAK;sokak;885917
DÜZCE;MERKEZ;ŞIRALIK;5623. SOKAK;sokak;889004
DÜZCE;MERKEZ;ŞIRALIK;5624. SOKAK;sokak;810656900
DÜZCE;MERKEZ;ŞIRALIK;5628. CADDE;cadde;169991610
DÜZCE;MERKEZ;ŞIRALIK;5632. SOKAK;sokak;885918
DÜZCE;MERKEZ;ŞIRALIK;5633. SOKAK;sokak;973640041
DÜZCE;MERKEZ;ŞIRALIK;5636. SOKAK;sokak;478993071
DÜZCE;MERKEZ;ŞIRALIK;5637. SOKAK;sokak;834542721
DÜZCE;MERKEZ;ŞIRALIK;5638. SOKAK;sokak;425317231
DÜZCE;MERKEZ;ŞIRALIK;5639. SOKAK;sokak;458853401
DÜZCE;MERKEZ;ŞIRALIK;5640. SOKAK;sokak;885919
DÜZCE;MERKEZ;ŞIRALIK;5641. SOKAK;sokak;885920
DÜZCE;MERKEZ;ŞIRALIK;5642. SOKAK;sokak;429881050
DÜZCE;MERKEZ;ŞIRALIK;5643. SOKAK;sokak;157324640
DÜZCE;MERKEZ;ŞIRALIK;5645. SOKAK;sokak;961099620
DÜZCE;MERKEZ;ŞIRALIK;5646. SOKAK;sokak;280983090
DÜZCE;MERKEZ;ŞIRALIK;5647. SOKAK;sokak;702778760
DÜZCE;MERKEZ;ŞIRALIK;5649. SOKAK;sokak;452940551
DÜZCE;MERKEZ;ŞIRALIK;5651. SOKAK;sokak;961415510
DÜZCE;MERKEZ;ŞIRALIK;5658. SOKAK;sokak;358094581
DÜZCE;MERKEZ;ŞIRALIK;5660. SOKAK;sokak;511597960
DÜZCE;MERKEZ;ŞIRALIK;5661. SOKAK;sokak;101886391
DÜZCE;MERKEZ;ŞIRALIK;5864. CADDE;cadde;885923
DÜZCE;MERKEZ;ŞIRALIK;5883. SOKAK;sokak;938050
DÜZCE;MERKEZ;ŞIRALIK;5888. SOKAK;sokak;812557390
DÜZCE;MERKEZ;ŞIRALIK;5893. CADDE;cadde;885924
DÜZCE;MERKEZ;ŞIRALIK;5896. SOKAK;sokak;409939091
DÜZCE;MERKEZ;ŞIRALIK;5897. SOKAK;sokak;565161071
DÜZCE;MERKEZ;ŞIRALIK;5899. SOKAK;sokak;933437211
DÜZCE;MERKEZ;ŞIRALIK;5908. SOKAK;sokak;454805301
DÜZCE;MERKEZ;ŞIRALIK;5959. SOKAK;sokak;472587020
DÜZCE;MERKEZ;TAŞKÖPRÜ;16021. SOKAK;sokak;1161551
DÜZCE;MERKEZ;TAŞKÖPRÜ;16022. SOKAK;sokak;155851101
DÜZCE;MERKEZ;TAŞKÖPRÜ;16023. SOKAK;sokak;450475451
DÜZCE;MERKEZ;TAŞKÖPRÜ;16044. SOKAK;sokak;1161553
DÜZCE;MERKEZ;TAŞKÖPRÜ;16050. SOKAK;sokak;1251995
DÜZCE;MERKEZ;TAŞKÖPRÜ;16051. SOKAK;sokak;1251997
DÜZCE;MERKEZ;TAŞKÖPRÜ;16052. SOKAK;sokak;1251999
DÜZCE;MERKEZ;TAŞKÖPRÜ;16065. SOKAK;sokak;1161555
DÜZCE;MERKEZ;TAŞKÖPRÜ;16068 SOKAK;sokak;489254991
DÜZCE;MERKEZ;TAŞKÖPRÜ;16080 SOKAK;sokak;1161561
DÜZCE;MERKEZ;TAŞKÖPRÜ;16090. SOKAK;sokak;1252001
DÜZCE;MERKEZ;TAŞKÖPRÜ;16091. SOKAK;sokak;1252003
DÜZCE;MERKEZ;TAŞKÖPRÜ;16092. SOKAK;sokak;1252005
DÜZCE;MERKEZ;TAŞKÖPRÜ;16100. SOKAK;sokak;1252007
DÜZCE;MERKEZ;TAŞKÖPRÜ;16101. SOKAK;sokak;1252009
DÜZCE;MERKEZ;TAŞKÖPRÜ;16102. SOKAK;sokak;1252011
DÜZCE;MERKEZ;TAŞKÖPRÜ;16110. SOKAK;sokak;1252013
DÜZCE;MERKEZ;TAŞKÖPRÜ;16111. SOKAK;sokak;1252015
DÜZCE;MERKEZ;TAŞKÖPRÜ;16115. SOKAK;sokak;1252017
DÜZCE;MERKEZ;TAŞKÖPRÜ;16116. SOKAK;sokak;1252019
DÜZCE;MERKEZ;TAŞKÖPRÜ;16117. SOKAK;sokak;1252021
DÜZCE;MERKEZ;TAŞKÖPRÜ;16125. SOKAK;sokak;1252025
DÜZCE;MERKEZ;TAŞKÖPRÜ;16126. SOKAK;sokak;1252027
DÜZCE;MERKEZ;TAŞKÖPRÜ;16130. SOKAK;sokak;710869950
DÜZCE;MERKEZ;TAŞKÖPRÜ;16150. SOKAK;sokak;1252031
DÜZCE;MERKEZ;TAŞKÖPRÜ;16151. SOKAK;sokak;1252033
DÜZCE;MERKEZ;TAŞKÖPRÜ;16160. SOKAK;sokak;1252035
DÜZCE;MERKEZ;TAŞKÖPRÜ;16165. SOKAK;sokak;1252037
DÜZCE;MERKEZ;TAŞKÖPRÜ;16166. SOKAK;sokak;1252039
DÜZCE;MERKEZ;TAŞKÖPRÜ;16167. SOKAK;sokak;1252041
DÜZCE;MERKEZ;TAŞKÖPRÜ;16168. SOKAK;sokak;1252043
DÜZCE;MERKEZ;TAŞKÖPRÜ;16169. SOKAK;sokak;1252045
DÜZCE;MERKEZ;TAŞKÖPRÜ;16170. SOKAK;sokak;1252047
DÜZCE;MERKEZ;TAŞKÖPRÜ;16175. SOKAK;sokak;1252049
DÜZCE;MERKEZ;TAŞKÖPRÜ;16176. SOKAK;sokak;1252051
DÜZCE;MERKEZ;TAŞKÖPRÜ;16177. SOKAK;sokak;1252053
DÜZCE;MERKEZ;TAŞKÖPRÜ;16180. SOKAK;sokak;1256119
DÜZCE;MERKEZ;TAŞKÖPRÜ;16502. SOKAK;sokak;741676361
DÜZCE;MERKEZ;TAŞKÖPRÜ;2616. SOKAK;sokak;818671520
DÜZCE;MERKEZ;TAŞKÖPRÜ;2620. SOKAK;sokak;850308640
DÜZCE;MERKEZ;TAŞKÖPRÜ;D 100 KARAYOLU CADDE;cadde;812358971
DÜZCE;MERKEZ;TERZİALİLER;KONURALP 118. SOKAK;sokak;332282300
DÜZCE;MERKEZ;TERZİALİLER;KONURALP AKÇAKOCA CADDE;cadde;865851
DÜZCE;MERKEZ;TERZİALİLER;KONURALP CUMHURİYET CADDE;cadde;1004323
DÜZCE;MERKEZ;TERZİALİLER;KONURALP ÇARŞI İÇİ CADDE;cadde;161705
DÜZCE;MERKEZ;TERZİALİLER;KONURALP ÇEŞME SOKAK;sokak;410120
DÜZCE;MERKEZ;TERZİALİLER;KONURALP FIRIN SOKAK;sokak;161699
DÜZCE;MERKEZ;TERZİALİLER;KONURALP GÜNEY SOKAK;sokak;161700
DÜZCE;MERKEZ;TERZİALİLER;KONURALP GÜREL SOKAK;sokak;825365
DÜZCE;MERKEZ;TERZİALİLER;KONURALP GÜVEN SOKAK;sokak;410118
DÜZCE;MERKEZ;TERZİALİLER;KONURALP HACI SALİH SOKAK;sokak;1004275
DÜZCE;MERKEZ;TERZİALİLER;KONURALP HAMAM SOKAK;sokak;161701
DÜZCE;MERKEZ;TERZİALİLER;KONURALP İNAN SOKAK;sokak;161708
DÜZCE;MERKEZ;TERZİALİLER;KONURALP İŞLER SOKAK;sokak;161709
DÜZCE;MERKEZ;TERZİALİLER;KONURALP KARAKOL SOKAK;sokak;618114
DÜZCE;MERKEZ;TERZİALİLER;KONURALP OKUL SOKAK;sokak;161703
DÜZCE;MERKEZ;TERZİALİLER;KONURALP ÖMÜR SOKAK;sokak;161706
DÜZCE;MERKEZ;TERZİALİLER;KONURALP ÜSKÜBÜ CADDE;cadde;161702
DÜZCE;MERKEZ;TERZİALİLER;KONURALP ÜSTÜNDAĞ SOKAK;sokak;410121
DÜZCE;MERKEZ;TERZİALİLER;KONURALP YEŞİLYURT SOKAK;sokak;161704
DÜZCE;MERKEZ;TOKUŞLAR;3218. BULVAR;sokak;639675820
DÜZCE;MERKEZ;TOKUŞLAR;3434. SOKAK;sokak;993214321
DÜZCE;MERKEZ;TOKUŞLAR;3438. SOKAK;sokak;694009921
DÜZCE;MERKEZ;TOKUŞLAR;3455. SOKAK;sokak;149622860
DÜZCE;MERKEZ;TOKUŞLAR;3459. SOKAK;sokak;622971300
DÜZCE;MERKEZ;TOKUŞLAR;3470. SOKAK;sokak;395181
DÜZCE;MERKEZ;TOKUŞLAR;3473. SOKAK;sokak;299079380
DÜZCE;MERKEZ;TOKUŞLAR;3475. SOKAK;sokak;279403290
DÜZCE;MERKEZ;TOKUŞLAR;3479. SOKAK;sokak;705522860
DÜZCE;MERKEZ;TOKUŞLAR;3480. SOKAK;sokak;523373340
DÜZCE;MERKEZ;TOKUŞLAR;3489. SOKAK;sokak;646990360
DÜZCE;MERKEZ;TOKUŞLAR;3505. SOKAK;sokak;319684560
DÜZCE;MERKEZ;TOKUŞLAR;3506. SOKAK;sokak;732049920
DÜZCE;MERKEZ;TOKUŞLAR;3511. SOKAK;sokak;725970080
DÜZCE;MERKEZ;TOKUŞLAR;3516. SOKAK;sokak;364412020
DÜZCE;MERKEZ;TOKUŞLAR;3517-1 SOKAK;sokak;960543411
DÜZCE;MERKEZ;TOKUŞLAR;3517. SOKAK;sokak;576002230
DÜZCE;MERKEZ;TOKUŞLAR;3521. SOKAK;sokak;715974470
DÜZCE;MERKEZ;TOKUŞLAR;3660. SOKAK;sokak;929205371
DÜZCE;MERKEZ;TOKUŞLAR;3772. SOKAK;sokak;238031820
DÜZCE;MERKEZ;TOKUŞLAR;3783. SOKAK;sokak;229621460
DÜZCE;MERKEZ;TOKUŞLAR;3784. SOKAK;sokak;535144281
DÜZCE;MERKEZ;TOKUŞLAR;3785. SOKAK;sokak;745595350
DÜZCE;MERKEZ;TOKUŞLAR;YIĞILCA CADDE;cadde;859118
DÜZCE;MERKEZ;TURAPLAR NA;19307. SOKAK;sokak;1258131
DÜZCE;MERKEZ;TURAPLAR NA;19342. SOKAK;sokak;722150720
DÜZCE;MERKEZ;TURAPLAR NA;19500. SOKAK;sokak;1232673
DÜZCE;MERKEZ;TURAPLAR NA;19505. SOKAK;sokak;1232679
DÜZCE;MERKEZ;TURAPLAR NA;19530. SOKAK;sokak;1232675
DÜZCE;MERKEZ;TURAPLAR NA;19540. SOKAK;sokak;1232677
DÜZCE;MERKEZ;TURAPLAR NA;19560. SOKAK;sokak;1232681
DÜZCE;MERKEZ;TURAPLAR NA;19570. SOKAK;sokak;1232683
DÜZCE;MERKEZ;TURAPLAR NA;19580. SOKAK;sokak;1232685
DÜZCE;MERKEZ;TURAPLAR NA;19800. SOKAK;sokak;1232689
DÜZCE;MERKEZ;TURAPLAR NA;19850. SOKAK;sokak;1232687
DÜZCE;MERKEZ;TURAPLAR NA;19900. SOKAK;sokak;1232691
DÜZCE;MERKEZ;TURAPLAR NA;19901. SOKAK;sokak;819886510
DÜZCE;MERKEZ;TURAPLAR NA;19902. SOKAK;sokak;230329800
DÜZCE;MERKEZ;TURAPLAR NA;ANADOLU OTOYOLU BULVAR;sokak;395030730
DÜZCE;MERKEZ;TURAPLAR NA;AYDINPINAR SOKAK;sokak;1232671
DÜZCE;MERKEZ;UĞURKÖY - ÇAMLIK;ÇAMLIK KÜME EVLER;sokak;541260
DÜZCE;MERKEZ;UĞURKÖY - ÇORAK;ÇORAK KÜME EVLER;sokak;538140
DÜZCE;MERKEZ;UĞURKÖY - FINDIKÇUKURU;FINDIKÇUKURU KÜME EVLER;sokak;546837
DÜZCE;MERKEZ;UĞURKÖY - MERKEZ;MERKEZ KÜME EVLER;sokak;537898
DÜZCE;MERKEZ;UĞURKÖY - UÇUK;UÇUK KÜME EVLER;sokak;540886
DÜZCE;MERKEZ;UZUNMUSTAFA;737. CADDE;cadde;151989
DÜZCE;MERKEZ;UZUNMUSTAFA;810. SOKAK;sokak;601426
DÜZCE;MERKEZ;UZUNMUSTAFA;811. SOKAK;sokak;602324
DÜZCE;MERKEZ;UZUNMUSTAFA;812. SOKAK;sokak;419238
DÜZCE;MERKEZ;UZUNMUSTAFA;813. SOKAK;sokak;151978
DÜZCE;MERKEZ;UZUNMUSTAFA;814. SOKAK;sokak;151977
DÜZCE;MERKEZ;UZUNMUSTAFA;815. SOKAK;sokak;419237
DÜZCE;MERKEZ;UZUNMUSTAFA;817. SOKAK;sokak;151975
DÜZCE;MERKEZ;UZUNMUSTAFA;818. SOKAK;sokak;418914
DÜZCE;MERKEZ;UZUNMUSTAFA;821. SOKAK;sokak;604787
DÜZCE;MERKEZ;UZUNMUSTAFA;822. SOKAK;sokak;599281
DÜZCE;MERKEZ;UZUNMUSTAFA;823. SOKAK;sokak;151980
DÜZCE;MERKEZ;UZUNMUSTAFA;824. SOKAK;sokak;151976
DÜZCE;MERKEZ;UZUNMUSTAFA;825. SOKAK;sokak;151974
DÜZCE;MERKEZ;UZUNMUSTAFA;827. SOKAK;sokak;151981
DÜZCE;MERKEZ;UZUNMUSTAFA;828. SOKAK;sokak;583728
DÜZCE;MERKEZ;UZUNMUSTAFA;831. SOKAK;sokak;728756
DÜZCE;MERKEZ;UZUNMUSTAFA;832. SOKAK;sokak;151982
DÜZCE;MERKEZ;UZUNMUSTAFA;833. SOKAK;sokak;151983
DÜZCE;MERKEZ;UZUNMUSTAFA;834. SOKAK;sokak;413448
DÜZCE;MERKEZ;UZUNMUSTAFA;835. SOKAK;sokak;579328
DÜZCE;MERKEZ;UZUNMUSTAFA;836. SOKAK;sokak;151979
DÜZCE;MERKEZ;UZUNMUSTAFA;837. SOKAK;sokak;573833
DÜZCE;MERKEZ;UZUNMUSTAFA;838. SOKAK;sokak;352284
DÜZCE;MERKEZ;UZUNMUSTAFA;839. SOKAK;sokak;151971
DÜZCE;MERKEZ;UZUNMUSTAFA;841. SOKAK;sokak;573780
DÜZCE;MERKEZ;UZUNMUSTAFA;842. SOKAK;sokak;567276
DÜZCE;MERKEZ;UZUNMUSTAFA;843. SOKAK;sokak;834386
DÜZCE;MERKEZ;UZUNMUSTAFA;845. SOKAK;sokak;569085
DÜZCE;MERKEZ;UZUNMUSTAFA;847. SOKAK;sokak;567348
DÜZCE;MERKEZ;UZUNMUSTAFA;848. SOKAK;sokak;577027
DÜZCE;MERKEZ;UZUNMUSTAFA;849. SOKAK;sokak;834277
DÜZCE;MERKEZ;UZUNMUSTAFA;850. SOKAK;sokak;834276
DÜZCE;MERKEZ;UZUNMUSTAFA;851. SOKAK;sokak;925561
DÜZCE;MERKEZ;UZUNMUSTAFA;852. SOKAK;sokak;418913
DÜZCE;MERKEZ;UZUNMUSTAFA;857. SOKAK;sokak;151972
DÜZCE;MERKEZ;UZUNMUSTAFA;858. SOKAK;sokak;413451
DÜZCE;MERKEZ;UZUNMUSTAFA;859. SOKAK;sokak;151973
DÜZCE;MERKEZ;UZUNMUSTAFA;860. SOKAK;sokak;582558
DÜZCE;MERKEZ;UZUNMUSTAFA;861. SOKAK;sokak;577092
DÜZCE;MERKEZ;UZUNMUSTAFA;865. SOKAK;sokak;571172
DÜZCE;MERKEZ;UZUNMUSTAFA;ALPARSLAN TÜRKEŞ BULVAR;sokak;30751
DÜZCE;MERKEZ;UZUNMUSTAFA;BİZİM SOKAK;sokak;151984
DÜZCE;MERKEZ;UZUNMUSTAFA;D 100 KARAYOLU CADDE;cadde;567762
DÜZCE;MERKEZ;UZUNMUSTAFA;DOĞAN SOKAK;sokak;574499
DÜZCE;MERKEZ;UZUNMUSTAFA;KAYIŞOĞLU SOKAK;sokak;593144
DÜZCE;MERKEZ;UZUNMUSTAFA;KUYUMCUZADE BULVAR;sokak;151985
DÜZCE;MERKEZ;UZUNMUSTAFA;NEZİH TÜTÜNCÜOĞLU BULVAR;sokak;151986
DÜZCE;MERKEZ;UZUNMUSTAFA;OVA SOKAK;sokak;413450
DÜZCE;MERKEZ;UZUNMUSTAFA;RUHİYE ÜNER SOKAK;sokak;151987
DÜZCE;MERKEZ;UZUNMUSTAFA;TANIŞ SOKAK;sokak;151988
DÜZCE;MERKEZ;UZUNMUSTAFA;TEKNİKER SOKAK;sokak;843866970
DÜZCE;MERKEZ;UZUNMUSTAFA;UFUK SOKAK;sokak;571165
DÜZCE;MERKEZ;UZUNMUSTAFA;UZUNMUSTAFA CADDE;cadde;321892
DÜZCE;MERKEZ;UZUNMUSTAFA;YAMAÇ SOKAK;sokak;413452
DÜZCE;MERKEZ;ÜÇYOL - CUMHURİYET;CUMHURİYET KÜME EVLER;sokak;38209
DÜZCE;MERKEZ;ÜÇYOL - HÜRRİYET;ANADOLU OTOYOLU BULVAR;sokak;356085790
DÜZCE;MERKEZ;ÜÇYOL - HÜRRİYET;BOSTANLIK KÜME EVLER;sokak;649166611
DÜZCE;MERKEZ;ÜÇYOL - HÜRRİYET;CUMHURİYET KÜME EVLER;sokak;571312111
DÜZCE;MERKEZ;ÜÇYOL - HÜRRİYET;HÜRRİYET KÜME EVLER;sokak;623112
DÜZCE;MERKEZ;ÜÇYOL - HÜRRİYET;PAŞAKONAĞI KÜME EVLER;sokak;265643691
DÜZCE;MERKEZ;ÜÇYOL - İSTİKLAL;CUMHURİYET KÜME EVLER;sokak;263182790
DÜZCE;MERKEZ;ÜÇYOL - İSTİKLAL;İSTİKLAL KÜME EVLER;sokak;612364
DÜZCE;MERKEZ;ÜÇYOL - MERKEZ;ANADOLU OTOYOLU BULVAR;sokak;569495221
DÜZCE;MERKEZ;ÜÇYOL - MERKEZ;ANADOLU OTOYOLU DÜZCE BAĞLANTISI BULVAR;sokak;346950641
DÜZCE;MERKEZ;ÜÇYOL - MERKEZ;DÜZCE / GÖLYAKA YOLU BULVAR;sokak;331991180
DÜZCE;MERKEZ;ÜÇYOL - MERKEZ;MERKEZ KÜME EVLER;sokak;621284
DÜZCE;MERKEZ;YAHYALAR;1840. CADDE;cadde;441590850
DÜZCE;MERKEZ;YAHYALAR;2261. SOKAK;sokak;935671
DÜZCE;MERKEZ;YAHYALAR;2398. SOKAK;sokak;768119590
DÜZCE;MERKEZ;YAHYALAR;2400. SOKAK;sokak;938178
DÜZCE;MERKEZ;YAHYALAR;2402. CADDE;cadde;807751091
DÜZCE;MERKEZ;YAHYALAR;2406. SOKAK;sokak;463114520
DÜZCE;MERKEZ;YAHYALAR;2407. SOKAK;sokak;266147921
DÜZCE;MERKEZ;YAHYALAR;4240. SOKAK;sokak;214940261
DÜZCE;MERKEZ;YAHYALAR;4766. SOKAK;sokak;840179120
DÜZCE;MERKEZ;YAHYALAR;4990. SOKAK;sokak;706554690
DÜZCE;MERKEZ;YAHYALAR;4991. SOKAK;sokak;423496621
DÜZCE;MERKEZ;YAHYALAR;4993. SOKAK;sokak;585635370
DÜZCE;MERKEZ;YAHYALAR;4996. SOKAK;sokak;956909881
DÜZCE;MERKEZ;YAHYALAR;4997. SOKAK;sokak;304948680
DÜZCE;MERKEZ;YAHYALAR;4998. SOKAK;sokak;292457760
DÜZCE;MERKEZ;YAHYALAR;5011. SOKAK;sokak;847924231
DÜZCE;MERKEZ;YAHYALAR;5012. SOKAK;sokak;328187180
DÜZCE;MERKEZ;YAHYALAR;5013. SOKAK;sokak;187782170
DÜZCE;MERKEZ;YAHYALAR;5015. SOKAK;sokak;757722021
DÜZCE;MERKEZ;YAHYALAR;5018. SOKAK;sokak;598805340
DÜZCE;MERKEZ;YAHYALAR;5019. SOKAK;sokak;748286250
DÜZCE;MERKEZ;YAHYALAR;5020. SOKAK;sokak;928729690
DÜZCE;MERKEZ;YAHYALAR;5021. SOKAK;sokak;161247110
DÜZCE;MERKEZ;YAHYALAR;5022. SOKAK;sokak;407629991
DÜZCE;MERKEZ;YAHYALAR;5024. SOKAK;sokak;475827391
DÜZCE;MERKEZ;YAHYALAR;5055. SOKAK;sokak;290521720
DÜZCE;MERKEZ;YAHYALAR;5058. SOKAK;sokak;202361620
DÜZCE;MERKEZ;YAHYALAR;5059. SOKAK;sokak;495374180
DÜZCE;MERKEZ;YAHYALAR;5060. SOKAK;sokak;104667530
DÜZCE;MERKEZ;YAHYALAR;5063. SOKAK;sokak;386162800
DÜZCE;MERKEZ;YAHYALAR;5064. SOKAK;sokak;239258600
DÜZCE;MERKEZ;YAHYALAR;5081. CADDE;cadde;241874031
DÜZCE;MERKEZ;YAHYALAR;5082. SOKAK;sokak;821667521
DÜZCE;MERKEZ;YAHYALAR;5084. SOKAK;sokak;488078380
DÜZCE;MERKEZ;YAHYALAR;5085. SOKAK;sokak;748628631
DÜZCE;MERKEZ;YAHYALAR;5089. SOKAK;sokak;598885371
DÜZCE;MERKEZ;YAHYALAR;5094. SOKAK;sokak;736834431
DÜZCE;MERKEZ;YAHYALAR;5099. BULVAR;sokak;723960050
DÜZCE;MERKEZ;YAHYALAR;5114. SOKAK;sokak;354090100
DÜZCE;MERKEZ;YAHYALAR;5115. SOKAK;sokak;434008290
DÜZCE;MERKEZ;YAHYALAR;5117. SOKAK;sokak;231366580
DÜZCE;MERKEZ;YAHYALAR;5119. SOKAK;sokak;562734690
DÜZCE;MERKEZ;YAHYALAR;5121. SOKAK;sokak;441659910
DÜZCE;MERKEZ;YAHYALAR;5123. SOKAK;sokak;378752340
DÜZCE;MERKEZ;YAHYALAR;5126. SOKAK;sokak;169659640
DÜZCE;MERKEZ;YAHYALAR;5127. SOKAK;sokak;290511900
DÜZCE;MERKEZ;YAHYALAR;5128. SOKAK;sokak;695983320
DÜZCE;MERKEZ;YAHYALAR;5129. SOKAK;sokak;835171440
DÜZCE;MERKEZ;YAHYALAR;5130. SOKAK;sokak;369877330
DÜZCE;MERKEZ;YAHYALAR;5132. SOKAK;sokak;558837061
DÜZCE;MERKEZ;YAHYALAR;5133. SOKAK;sokak;871602060
DÜZCE;MERKEZ;YAHYALAR;5134. SOKAK;sokak;679806980
DÜZCE;MERKEZ;YAHYALAR;5137. SOKAK;sokak;968950161
DÜZCE;MERKEZ;YAHYALAR;5143. SOKAK;sokak;426268530
DÜZCE;MERKEZ;YAHYALAR;5148. SOKAK;sokak;196568590
DÜZCE;MERKEZ;YAHYALAR;5149. SOKAK;sokak;854248850
DÜZCE;MERKEZ;YAHYALAR;5150. SOKAK;sokak;766743400
DÜZCE;MERKEZ;YAHYALAR;5151. SOKAK;sokak;793763150
DÜZCE;MERKEZ;YAHYALAR;5152. SOKAK;sokak;279350550
DÜZCE;MERKEZ;YAHYALAR;5153. SOKAK;sokak;777193671
DÜZCE;MERKEZ;YAHYALAR;5154. SOKAK;sokak;582358130
DÜZCE;MERKEZ;YAHYALAR;5155. SOKAK;sokak;141505361
DÜZCE;MERKEZ;YAHYALAR;5157. SOKAK;sokak;595740791
DÜZCE;MERKEZ;YAHYALAR;5161. SOKAK;sokak;339522681
DÜZCE;MERKEZ;YAHYALAR;5162. SOKAK;sokak;696767731
DÜZCE;MERKEZ;YAHYALAR;5163. SOKAK;sokak;370337430
DÜZCE;MERKEZ;YAHYALAR;5164. SOKAK;sokak;991869421
DÜZCE;MERKEZ;YAHYALAR;5165. SOKAK;sokak;768610201
DÜZCE;MERKEZ;YAHYALAR;ZAHİD KEVSERİ BULVAR;sokak;859861
DÜZCE;MERKEZ;YAKAKÖY NA;DÜZCE/AKÇAKOCA YOLU BULVAR;sokak;875419591
DÜZCE;MERKEZ;YAKAKÖY NA;MERKEZ KÜME EVLER;sokak;732598890
DÜZCE;MERKEZ;YAKAKÖY NA;YAKA KÜME EVLER;sokak;68691
DÜZCE;MERKEZ;YAYAKBAŞI NA;ANADOLU OTOYOLU BULVAR;sokak;434736441
DÜZCE;MERKEZ;YAYAKBAŞI NA;YAYAKBAŞI KÜME EVLER;sokak;524691
DÜZCE;MERKEZ;YAYLA NA;YAYLA KÜME EVLER;sokak;523542
DÜZCE;MERKEZ;YENİ;1122. SOKAK;sokak;611100290
DÜZCE;MERKEZ;YENİ;1146. SOKAK;sokak;645583
DÜZCE;MERKEZ;YENİ;1149. SOKAK;sokak;153265
DÜZCE;MERKEZ;YENİ;1150. SOKAK;sokak;361154
DÜZCE;MERKEZ;YENİ;1151. SOKAK;sokak;637790
DÜZCE;MERKEZ;YENİ;1154. SOKAK;sokak;646581
DÜZCE;MERKEZ;YENİ;1156. SOKAK;sokak;652819
DÜZCE;MERKEZ;YENİ;1161. SOKAK;sokak;153263
DÜZCE;MERKEZ;YENİ;1162. SOKAK;sokak;912877
DÜZCE;MERKEZ;YENİ;1163. SOKAK;sokak;912879
DÜZCE;MERKEZ;YENİ;1164. SOKAK;sokak;912880
DÜZCE;MERKEZ;YENİ;1166. SOKAK;sokak;912882
DÜZCE;MERKEZ;YENİ;1167. SOKAK;sokak;912883
DÜZCE;MERKEZ;YENİ;1170. SOKAK;sokak;935653
DÜZCE;MERKEZ;YENİ;1172. SOKAK;sokak;178693220
DÜZCE;MERKEZ;YENİ;1174. SOKAK;sokak;495367660
DÜZCE;MERKEZ;YENİ;1179. SOKAK;sokak;642325
DÜZCE;MERKEZ;YENİ;ÇENGEL SOKAK;sokak;153262
DÜZCE;MERKEZ;YENİ;D 100 KARAYOLU CADDE;cadde;153264
DÜZCE;MERKEZ;YENİ;ESER SOKAK;sokak;926689
DÜZCE;MERKEZ;YENİ;HALİL ÜSTÜNEL SOKAK;sokak;361156
DÜZCE;MERKEZ;YENİ;HÜRRİYET CADDE;cadde;866986
DÜZCE;MERKEZ;YENİ;KANAL SOKAK;sokak;653519
DÜZCE;MERKEZ;YENİ;KIRKLAR SOKAK;sokak;413453
DÜZCE;MERKEZ;YENİ;KURS SOKAK;sokak;151990
DÜZCE;MERKEZ;YENİ;MENEKŞE SOKAK;sokak;151991
DÜZCE;MERKEZ;YENİ;PALAS SOKAK;sokak;151992
DÜZCE;MERKEZ;YENİ;RUHİ KURNAZ CADDE;cadde;928852920
DÜZCE;MERKEZ;YENİ;RUMELİ SOKAK;sokak;413454
DÜZCE;MERKEZ;YENİ;SAKA SOKAK;sokak;151993
DÜZCE;MERKEZ;YENİ;TARAKÇI SOKAK;sokak;510300880
DÜZCE;MERKEZ;YENİ;TEPE SOKAK;sokak;153261
DÜZCE;MERKEZ;YENİ;TÜFEK SOKAK;sokak;973133731
DÜZCE;MERKEZ;YENİ;YENİ SOKAK;sokak;361155
DÜZCE;MERKEZ;YENİ AYNALI - AFANOĞLU;AFANOĞLU KÜME EVLER;sokak;287495
DÜZCE;MERKEZ;YENİ AYNALI - ÇOBANOĞLU;ÇOBANOĞLU KÜME EVLER;sokak;539785
DÜZCE;MERKEZ;YENİ AYNALI - MERKEZ;MERKEZ KÜME EVLER;sokak;538805
DÜZCE;MERKEZ;YENİ AYNALI - ORTA;ORTA KÜME EVLER;sokak;549524
DÜZCE;MERKEZ;YENİ AYNALI - OVA;OVA KÜME EVLER;sokak;538780
DÜZCE;MERKEZ;YENİ KARAKÖY NA;2.SOKAK SOKAK;sokak;120594991
DÜZCE;MERKEZ;YENİ KARAKÖY NA;3. SOKAK SOKAK;sokak;805833131
DÜZCE;MERKEZ;YENİ KARAKÖY NA;4. SOKAK SOKAK;sokak;220731671
DÜZCE;MERKEZ;YENİ KARAKÖY NA;5. SOKAK SOKAK;sokak;470962011
DÜZCE;MERKEZ;YENİ KARAKÖY NA;DURAKLAR KÜME EVLER;sokak;575299921
DÜZCE;MERKEZ;YENİ KARAKÖY NA;MERKEZ KÜME EVLER;sokak;608045981
DÜZCE;MERKEZ;YENİ KARAKÖY NA;YENİ KARAKÖY KÜME EVLER;sokak;534766
DÜZCE;MERKEZ;YENİ TAŞKÖPRÜ - ÇİMEN;18055. SOKAK;sokak;178418001
DÜZCE;MERKEZ;YENİ TAŞKÖPRÜ - ÇİMEN;18125. SOKAK;sokak;229951611
DÜZCE;MERKEZ;YENİ TAŞKÖPRÜ - ÇİMEN;18130. SOKAK;sokak;439182000
DÜZCE;MERKEZ;YENİ TAŞKÖPRÜ - ÇİMEN;18140. SOKAK;sokak;338170400
DÜZCE;MERKEZ;YENİ TAŞKÖPRÜ - ÇİMEN;18141. SOKAK;sokak;201843961
DÜZCE;MERKEZ;YENİ TAŞKÖPRÜ - ÇİMEN;18142. SOKAK;sokak;588320151
DÜZCE;MERKEZ;YENİ TAŞKÖPRÜ - ÇİMEN;18143. SOKAK;sokak;701008050
DÜZCE;MERKEZ;YENİ TAŞKÖPRÜ - ÇİMEN;18144. SOKAK;sokak;905476050
DÜZCE;MERKEZ;YENİ TAŞKÖPRÜ - ÇİMEN;18145. SOKAK;sokak;388007020
DÜZCE;MERKEZ;YENİ TAŞKÖPRÜ - ÇİMEN;18146. SOKAK;sokak;627427130
DÜZCE;MERKEZ;YENİ TAŞKÖPRÜ - ÇİMEN;18147. SOKAK;sokak;526613450
DÜZCE;MERKEZ;YENİ TAŞKÖPRÜ - ÇİMEN;18160. SOKAK;sokak;162859750
DÜZCE;MERKEZ;YENİ TAŞKÖPRÜ - ÇİMEN;18161. SOKAK;sokak;693978420
DÜZCE;MERKEZ;YENİ TAŞKÖPRÜ - ÇİMEN;18162. SOKAK;sokak;296256390
DÜZCE;MERKEZ;YENİ TAŞKÖPRÜ - ÇİMEN;18163. SOKAK;sokak;187053350
DÜZCE;MERKEZ;YENİ TAŞKÖPRÜ - ÇİMEN;18170. SOKAK;sokak;330239610
DÜZCE;MERKEZ;YENİ TAŞKÖPRÜ - ÇİMEN;18175. SOKAK;sokak;327038030
DÜZCE;MERKEZ;YENİ TAŞKÖPRÜ - MERKEZ;18019. SOKAK;sokak;1240851
DÜZCE;MERKEZ;YENİ TAŞKÖPRÜ - MERKEZ;18020. SOKAK;sokak;1240849
DÜZCE;MERKEZ;YENİ TAŞKÖPRÜ - MERKEZ;18021 SOKAK;sokak;570130620
DÜZCE;MERKEZ;YENİ TAŞKÖPRÜ - MERKEZ;18022 SOKAK;sokak;149469581
DÜZCE;MERKEZ;YENİ TAŞKÖPRÜ - MERKEZ;18023 SOKAK;sokak;114641610
DÜZCE;MERKEZ;YENİ TAŞKÖPRÜ - MERKEZ;18040. SOKAK;sokak;1240853
DÜZCE;MERKEZ;YENİ TAŞKÖPRÜ - MERKEZ;18055. SOKAK;sokak;1240855
DÜZCE;MERKEZ;YENİ TAŞKÖPRÜ - MERKEZ;18060. SOKAK;sokak;1240857
DÜZCE;MERKEZ;YENİ TAŞKÖPRÜ - MERKEZ;18061. SOKAK;sokak;1240859
DÜZCE;MERKEZ;YENİ TAŞKÖPRÜ - MERKEZ;18062 SOKAK;sokak;471279560
DÜZCE;MERKEZ;YENİ TAŞKÖPRÜ - MERKEZ;18063 SOKAK;sokak;538560921
DÜZCE;MERKEZ;YENİ TAŞKÖPRÜ - MERKEZ;18070. SOKAK;sokak;1240861
DÜZCE;MERKEZ;YENİ TAŞKÖPRÜ - MERKEZ;18071. SOKAK;sokak;1240863
DÜZCE;MERKEZ;YENİ TAŞKÖPRÜ - MERKEZ;18072. SOKAK;sokak;1240865
DÜZCE;MERKEZ;YENİ TAŞKÖPRÜ - MERKEZ;18073. SOKAK;sokak;1240867
DÜZCE;MERKEZ;YENİ TAŞKÖPRÜ - MERKEZ;18080. SOKAK;sokak;1240869
DÜZCE;MERKEZ;YENİ TAŞKÖPRÜ - MERKEZ;18081. SOKAK;sokak;1240871
DÜZCE;MERKEZ;YENİ TAŞKÖPRÜ - MERKEZ;18082. SOKAK;sokak;1240873
DÜZCE;MERKEZ;YENİ TAŞKÖPRÜ - MERKEZ;18083. SOKAK;sokak;1240875
DÜZCE;MERKEZ;YENİ TAŞKÖPRÜ - MERKEZ;18084. SOKAK;sokak;1240877
DÜZCE;MERKEZ;YENİ TAŞKÖPRÜ - MERKEZ;18100. SOKAK;sokak;1240879
DÜZCE;MERKEZ;YENİ TAŞKÖPRÜ - MERKEZ;18101. SOKAK;sokak;1240881
DÜZCE;MERKEZ;YENİ TAŞKÖPRÜ - MERKEZ;18102. SOKAK;sokak;1240883
DÜZCE;MERKEZ;YENİ TAŞKÖPRÜ - MERKEZ;18103. SOKAK;sokak;1240885
DÜZCE;MERKEZ;YENİ TAŞKÖPRÜ - MERKEZ;18104. SOKAK;sokak;1240887
DÜZCE;MERKEZ;YENİ TAŞKÖPRÜ - MERKEZ;18120. SOKAK;sokak;1240889
DÜZCE;MERKEZ;YENİ TAŞKÖPRÜ - MERKEZ;18125. SOKAK;sokak;1240891
DÜZCE;MERKEZ;YENİ TAŞKÖPRÜ - MERKEZ;2130. SOKAK;sokak;1240847
DÜZCE;MERKEZ;YENİ TAŞKÖPRÜ - TINAZ;18175. SOKAK;sokak;327038031
DÜZCE;MERKEZ;YENİ TAŞKÖPRÜ - TINAZ;18180. SOKAK;sokak;851264801
DÜZCE;MERKEZ;YENİ TAŞKÖPRÜ - TINAZ;18190. SOKAK;sokak;490288891
DÜZCE;MERKEZ;YENİ TAŞKÖPRÜ - TINAZ;18191. SOKAK;sokak;510978890
DÜZCE;MERKEZ;YENİ TAŞKÖPRÜ - TINAZ;18195. SOKAK;sokak;263113571
DÜZCE;MERKEZ;YENİ TAŞKÖPRÜ - TINAZ;18200. SOKAK;sokak;828108540
DÜZCE;MERKEZ;YENİ TAŞKÖPRÜ - TINAZ;18201. SOKAK;sokak;454048521
DÜZCE;MERKEZ;YENİ TAŞKÖPRÜ - TINAZ;18202. SOKAK;sokak;499169190
DÜZCE;MERKEZ;YENİ TAŞKÖPRÜ - TINAZ;18203 KÜME EVLER;sokak;240382670
DÜZCE;MERKEZ;YENİ TAŞKÖPRÜ - TINAZ;ANADOLU OTOYOLU BULVAR;sokak;239241861
DÜZCE;MERKEZ;YEŞİLÇAM NA;11250. SOKAK;sokak;287959870
DÜZCE;MERKEZ;YEŞİLÇAM NA;11270. SOKAK;sokak;227513410
DÜZCE;MERKEZ;YEŞİLÇAM NA;11275. SOKAK;sokak;777351990
DÜZCE;MERKEZ;YEŞİLÇAM NA;11300. SOKAK;sokak;221083850
DÜZCE;MERKEZ;YEŞİLÇAM NA;11310. SOKAK;sokak;546563500
DÜZCE;MERKEZ;YEŞİLÇAM NA;11325. SOKAK;sokak;719940990
DÜZCE;MERKEZ;YEŞİLÇAM NA;11330. SOKAK;sokak;974294351
DÜZCE;MERKEZ;YEŞİLÇAM NA;11340. SOKAK;sokak;858209260
DÜZCE;MERKEZ;YEŞİLÇAM NA;11345. SOKAK;sokak;685000400
DÜZCE;MERKEZ;YEŞİLÇAM NA;11350. SOKAK;sokak;412927981
DÜZCE;MERKEZ;YEŞİLÇAM NA;11355. SOKAK;sokak;175991841
DÜZCE;MERKEZ;YEŞİLÇAM NA;11360. SOKAK;sokak;580906551
DÜZCE;MERKEZ;YEŞİLÇAM NA;11365. SOKAK;sokak;807797391
DÜZCE;MERKEZ;YEŞİLÇAM NA;11370. SOKAK;sokak;128854891
DÜZCE;MERKEZ;YEŞİLÇAM NA;11380. SOKAK;sokak;433588291
DÜZCE;MERKEZ;YEŞİLÇAM NA;11385. SOKAK;sokak;600793991
DÜZCE;MERKEZ;YEŞİLÇAM NA;11390. SOKAK;sokak;775139431
DÜZCE;MERKEZ;YEŞİLÇAM NA;11400. SOKAK;sokak;649544641
DÜZCE;MERKEZ;YEŞİLÇAM NA;11420. SOKAK;sokak;103345711
DÜZCE;MERKEZ;YEŞİLÇAM NA;120. SOKAK;sokak;767319340
DÜZCE;MERKEZ;YEŞİLÇAM NA;9215. SOKAK;sokak;926545080
DÜZCE;MERKEZ;YEŞİLÇAM NA;9237. SOKAK;sokak;871753370
DÜZCE;MERKEZ;YEŞİLÇİMEN NA;10200. SOKAK;sokak;28390110
DÜZCE;MERKEZ;YEŞİLÇİMEN NA;10204. SOKAK;sokak;256702250
DÜZCE;MERKEZ;YEŞİLÇİMEN NA;10210. SOKAK;sokak;213735010
DÜZCE;MERKEZ;YEŞİLÇİMEN NA;10215. SOKAK;sokak;583426350
DÜZCE;MERKEZ;YEŞİLÇİMEN NA;10220. SOKAK;sokak;481772730
DÜZCE;MERKEZ;YEŞİLÇİMEN NA;10225. SOKAK;sokak;543011220
DÜZCE;MERKEZ;YEŞİLÇİMEN NA;10230. SOKAK;sokak;410459230
DÜZCE;MERKEZ;YEŞİLÇİMEN NA;10231. SOKAK;sokak;550274030
DÜZCE;MERKEZ;YEŞİLÇİMEN NA;10240. SOKAK;sokak;152989040
DÜZCE;MERKEZ;YEŞİLÇİMEN NA;10245. SOKAK;sokak;352532360
DÜZCE;MERKEZ;YEŞİLÇİMEN NA;10246. SOKAK;sokak;106025480
DÜZCE;MERKEZ;YEŞİLÇİMEN NA;10247. SOKAK;sokak;745463750
DÜZCE;MERKEZ;YEŞİLÇİMEN NA;9888. SOKAK;sokak;894280490
DÜZCE;MERKEZ;YEŞİLÇİMEN NA;9950. SOKAK;sokak;405590640
DÜZCE;MERKEZ;YEŞİLTEPE;1.YEŞİLTEPE CADDE;cadde;889707
DÜZCE;MERKEZ;YEŞİLTEPE;101. SOKAK;sokak;889709
DÜZCE;MERKEZ;YEŞİLTEPE;102. SOKAK;sokak;889710
DÜZCE;MERKEZ;YEŞİLTEPE;103. SOKAK;sokak;889711
DÜZCE;MERKEZ;YEŞİLTEPE;104. SOKAK;sokak;889713
DÜZCE;MERKEZ;YEŞİLTEPE;105. SOKAK;sokak;889714
DÜZCE;MERKEZ;YEŞİLTEPE;106. SOKAK;sokak;889715
DÜZCE;MERKEZ;YEŞİLTEPE;107. SOKAK;sokak;889716
DÜZCE;MERKEZ;YEŞİLTEPE;108. SOKAK;sokak;889717
DÜZCE;MERKEZ;YEŞİLTEPE;109. SOKAK;sokak;889718
DÜZCE;MERKEZ;YEŞİLTEPE;110. SOKAK;sokak;889719
DÜZCE;MERKEZ;YEŞİLTEPE;111. SOKAK;sokak;889720
DÜZCE;MERKEZ;YEŞİLTEPE;112. SOKAK;sokak;889722
DÜZCE;MERKEZ;YEŞİLTEPE;113. SOKAK;sokak;889723
DÜZCE;MERKEZ;YEŞİLTEPE;114. SOKAK;sokak;889724
DÜZCE;MERKEZ;YEŞİLTEPE;115. SOKAK;sokak;889725
DÜZCE;MERKEZ;YEŞİLTEPE;116. SOKAK;sokak;889726
DÜZCE;MERKEZ;YEŞİLTEPE;117. SOKAK;sokak;889728
DÜZCE;MERKEZ;YEŞİLTEPE;118. SOKAK;sokak;889729
DÜZCE;MERKEZ;YEŞİLTEPE;119. SOKAK;sokak;889730
DÜZCE;MERKEZ;YEŞİLTEPE;2.YEŞİLTEPE CADDE;cadde;889708
DÜZCE;MERKEZ;YEŞİLTEPE;9.DÜZCE BULVAR;sokak;889706
DÜZCE;MERKEZ;YUKARI YAHYALAR;4750-1 SOKAK;sokak;687004001
DÜZCE;MERKEZ;YUKARI YAHYALAR;4750. SOKAK;sokak;875362720
DÜZCE;MERKEZ;YUKARI YAHYALAR;4751. SOKAK;sokak;481525811
DÜZCE;MERKEZ;YUKARI YAHYALAR;4752. SOKAK;sokak;547055040
DÜZCE;MERKEZ;YUKARI YAHYALAR;4753. SOKAK;sokak;149893880
DÜZCE;MERKEZ;YUKARI YAHYALAR;4756. SOKAK;sokak;270836170
DÜZCE;MERKEZ;YUKARI YAHYALAR;4757. SOKAK;sokak;764933600
DÜZCE;MERKEZ;YUKARI YAHYALAR;4759. SOKAK;sokak;147926340
DÜZCE;MERKEZ;YUKARI YAHYALAR;4760. SOKAK;sokak;206589360
DÜZCE;MERKEZ;YUKARI YAHYALAR;4761. SOKAK;sokak;909107120
DÜZCE;MERKEZ;YUKARI YAHYALAR;4762. SOKAK;sokak;751468450
DÜZCE;MERKEZ;YUKARI YAHYALAR;4765. SOKAK;sokak;634114580
DÜZCE;MERKEZ;YUKARI YAHYALAR;4766. SOKAK;sokak;908644060
DÜZCE;MERKEZ;YUKARI YAHYALAR;4769. SOKAK;sokak;872010260
DÜZCE;MERKEZ;YUKARI YAHYALAR;4771. SOKAK;sokak;770437010
DÜZCE;MERKEZ;YUKARI YAHYALAR;4773. SOKAK;sokak;722471090
DÜZCE;MERKEZ;YUKARI YAHYALAR;4774. SOKAK;sokak;622875450
DÜZCE;MERKEZ;YUKARI YAHYALAR;4775. SOKAK;sokak;331391550
DÜZCE;MERKEZ;YUKARI YAHYALAR;4779. SOKAK;sokak;793468390
DÜZCE;MERKEZ;YUKARI YAHYALAR;5163. SOKAK;sokak;858516990
DÜZCE;MERKEZ;YUKARI YAHYALAR;5165. SOKAK;sokak;140718231
DÜZCE;YIĞILCA;AHMETÇİLER;AHMETÇİLER 2 SOKAK;sokak;920039040
DÜZCE;YIĞILCA;AHMETÇİLER;AHMETÇİLER/1 SOKAK;sokak;305275500
DÜZCE;YIĞILCA;AHMETÇİLER;ALACAPINAR 1 NOLU SOKAK;sokak;559099721
DÜZCE;YIĞILCA;AHMETÇİLER;ALACAPINAR SOKAK;sokak;152317
DÜZCE;YIĞILCA;AHMETÇİLER;ALAPLI YOLU 1 NOLU SOKAK;sokak;758953750
DÜZCE;YIĞILCA;AHMETÇİLER;ALAPLI YOLU SOKAK;sokak;441255
DÜZCE;YIĞILCA;AHMETÇİLER;DR. DEVLET BAHÇELİ CADDE;cadde;152316
DÜZCE;YIĞILCA;AHMETÇİLER;HARMANYOLU KÜME EVLER;sokak;411116
DÜZCE;YIĞILCA;AHMETÇİLER;HEBELER YOLU SOKAK;sokak;152318
DÜZCE;YIĞILCA;AHMETÇİLER;KALICI KONUTLAR KÜME EVLER;sokak;543009
DÜZCE;YIĞILCA;AHMETÇİLER;YENİYOL SOKAK;sokak;623439
DÜZCE;YIĞILCA;AHMETÇİLER;ZİYA GÖKALP 1 SOKAK;sokak;522451560
DÜZCE;YIĞILCA;AHMETÇİLER;ZİYA GÖKALP SOKAK;sokak;152319
DÜZCE;YIĞILCA;AKÇAÖREN - İSMAİLÇAYIRI;HASANLAR KÜME EVLER;sokak;949267300
DÜZCE;YIĞILCA;AKÇAÖREN - İSMAİLÇAYIRI;İSMAİLÇAYIRI KÜME EVLER;sokak;671672
DÜZCE;YIĞILCA;AKÇAÖREN - İSMAİLÇAYIRI;MERKEZ KÜME EVLER;sokak;225649000
DÜZCE;YIĞILCA;AKÇAÖREN - MERKEZ;İSMAİLÇAYIRI KÜME EVLER;sokak;101295831
DÜZCE;YIĞILCA;AKÇAÖREN - MERKEZ;MERKEZ KÜME EVLER;sokak;671009
DÜZCE;YIĞILCA;AKÇAÖREN - TURNACILAR;İSMAİLÇAYIRI KÜME EVLER;sokak;467317411
DÜZCE;YIĞILCA;AKÇAÖREN - TURNACILAR;TURNACILAR KÜME EVLER;sokak;671674
DÜZCE;YIĞILCA;AKSAKLAR - ÇIRNIK;ÇIRNIK KÜME EVLER;sokak;546972
DÜZCE;YIĞILCA;AKSAKLAR - ÇIRNIK;ORTA KÜME EVLER;sokak;577251600
DÜZCE;YIĞILCA;AKSAKLAR - MEHMETKÖY;MEHMETKÖY KÜME EVLER;sokak;545185
DÜZCE;YIĞILCA;AKSAKLAR - ORTA;ÇIRNIK KÜME EVLER;sokak;451339640
DÜZCE;YIĞILCA;AKSAKLAR - ORTA;ORTA KÜME EVLER;sokak;545197
DÜZCE;YIĞILCA;ASAR NA;ASAR KÜME EVLER;sokak;615410
DÜZCE;YIĞILCA;ATATÜRK;1 NOLU SOKAK;sokak;1395497
DÜZCE;YIĞILCA;ATATÜRK;ATATÜRK 3 SOKAK;sokak;776065151
DÜZCE;YIĞILCA;ATATÜRK;ATATÜRK 4 SOKAK;sokak;722898121
DÜZCE;YIĞILCA;ATATÜRK;ATATÜRK 5 SOKAK;sokak;552168730
DÜZCE;YIĞILCA;ATATÜRK;ATATÜRK 6 SOKAK;sokak;820217911
DÜZCE;YIĞILCA;ATATÜRK;ATATÜRK 7 SOKAK;sokak;493988600
DÜZCE;YIĞILCA;ATATÜRK;ATATÜRK CADDE;cadde;411117
DÜZCE;YIĞILCA;ATATÜRK;ATATÜRK/1 SOKAK;sokak;901663490
DÜZCE;YIĞILCA;ATATÜRK;ATATÜRK/2 SOKAK;sokak;758844451
DÜZCE;YIĞILCA;ATATÜRK;AZİZLER 1 SOKAK;sokak;816090910
DÜZCE;YIĞILCA;ATATÜRK;AZİZLER CADDE;cadde;560835
DÜZCE;YIĞILCA;ATATÜRK;CAMİİ SOKAK;sokak;152321
DÜZCE;YIĞILCA;ATATÜRK;DİBEKTARLA SOKAK;sokak;152322
DÜZCE;YIĞILCA;ATATÜRK;DR. DEVLET BAHÇELİ CADDE;cadde;363834121
DÜZCE;YIĞILCA;ATATÜRK;EĞİTİM SOKAK;sokak;633341631
DÜZCE;YIĞILCA;ATATÜRK;GÜL SOKAK;sokak;549706780
DÜZCE;YIĞILCA;ATATÜRK;HACI ASIM 1 SOKAK;sokak;857382760
DÜZCE;YIĞILCA;ATATÜRK;HACI ASIM 2 SOKAK;sokak;220219350
DÜZCE;YIĞILCA;ATATÜRK;HACI ASIM SOKAK;sokak;888198
DÜZCE;YIĞILCA;ATATÜRK;HÜRRİYET SOKAK;sokak;123813
DÜZCE;YIĞILCA;ATATÜRK;KARANFİL SOKAK;sokak;327321171
DÜZCE;YIĞILCA;ATATÜRK;LALE SOKAK;sokak;308470990
DÜZCE;YIĞILCA;ATATÜRK;MİLLİ EGEMENLİK CADDE;cadde;234536
DÜZCE;YIĞILCA;ATATÜRK;MİLLİ EGEMENLİK1 SOKAK;sokak;385013261
DÜZCE;YIĞILCA;ATATÜRK;MİMAR SİNAN SOKAK;sokak;152323
DÜZCE;YIĞILCA;ATATÜRK;MOLLA HASAN SOKAK;sokak;362837780
DÜZCE;YIĞILCA;ATATÜRK;PAPATYA SOKAK;sokak;152320
DÜZCE;YIĞILCA;ATATÜRK;RIDVAN ALTUN SOKAK;sokak;234535
DÜZCE;YIĞILCA;ATATÜRK;RIDVAN ALTUN1 SOKAK;sokak;285769991
DÜZCE;YIĞILCA;AYDINYAYLA NA;AYDINYAYLA KÜME EVLER;sokak;555718
DÜZCE;YIĞILCA;AYDINYAYLA NA;ÇİFTLİK KÜME EVLER;sokak;612790300
DÜZCE;YIĞILCA;BEKİRLER - ÇORAK;ÇORAK KÜME EVLER;sokak;665835
DÜZCE;YIĞILCA;BEKİRLER - MELEN KIYISI;ÇORAK KÜME EVLER;sokak;298085241
DÜZCE;YIĞILCA;BEKİRLER - MELEN KIYISI;DOKUZ KÜME EVLER;sokak;600877231
DÜZCE;YIĞILCA;BEKİRLER - MELEN KIYISI;MELEN KIYISI KÜME EVLER;sokak;665315
DÜZCE;YIĞILCA;BEKİRLER - MERKEZ;ÇORAK KÜME EVLER;sokak;555811691
DÜZCE;YIĞILCA;BEKİRLER - MERKEZ;MERKEZ KÜME EVLER;sokak;666543
DÜZCE;YIĞILCA;ÇAMLI - GÜNEY;GÜNEY KÜME EVLER;sokak;678565
DÜZCE;YIĞILCA;ÇAMLI - KUZEY;KUZEY KÜME EVLER;sokak;679435
DÜZCE;YIĞILCA;ÇAMLI - TAVUKPINARI;TAVUKPINARI KÜME EVLER;sokak;464214
DÜZCE;YIĞILCA;ÇAMLI - TAVUKPINARI;YUKARI1 KÜME EVLER;sokak;827466600
DÜZCE;YIĞILCA;ÇAMLI - YUKARI;YUKARI1 KÜME EVLER;sokak;272444
DÜZCE;YIĞILCA;ÇİFTLİKKÖY NA;ÇİFTLİK KÜME EVLER;sokak;614849
DÜZCE;YIĞILCA;ÇUKURÖREN - MERKEZ;MERKEZ KÜME EVLER;sokak;669955
DÜZCE;YIĞILCA;ÇUKURÖREN - RESULLER;RESULLER KÜME EVLER;sokak;671664
DÜZCE;YIĞILCA;DİBEKTAŞ - AVUTLUK;AVUTLUK KÜME EVLER;sokak;680518
DÜZCE;YIĞILCA;DİBEKTAŞ - ELMAS;ELMAS KÜME EVLER;sokak;453065
DÜZCE;YIĞILCA;DİBEKTAŞ - KURUHÜSEYİN;KURUHÜSEYİN KÜME EVLER;sokak;679237
DÜZCE;YIĞILCA;DİBEKTAŞ - MERKEZ;DİBEKTAŞ MERKEZ KÜME EVLER;sokak;331085
DÜZCE;YIĞILCA;DOĞANLAR - MERKEZ;MEHMETKÖY KÜME EVLER;sokak;866107630
DÜZCE;YIĞILCA;DOĞANLAR - MERKEZ;MERKEZ KÜME EVLER;sokak;201230
DÜZCE;YIĞILCA;DOĞANLAR - VAYISLAR;VAYISLAR KÜME EVLER;sokak;201214
DÜZCE;YIĞILCA;DUTLAR - AYDIN;AYDIN KÜME EVLER;sokak;315219
DÜZCE;YIĞILCA;DUTLAR - MERKEZ;DUTLAR MERKEZ KÜME EVLER;sokak;586499
DÜZCE;YIĞILCA;GAZİLER NA;GAZİLER KÜME EVLER;sokak;612471
DÜZCE;YIĞILCA;GELENÖZ NA;GELENÖZ KÜME EVLER;sokak;92546
DÜZCE;YIĞILCA;GERİŞ - GÜNEY;GÜNEY KÜME EVLER;sokak;655319
DÜZCE;YIĞILCA;GERİŞ - MERKEZ;MERKEZ KÜME EVLER;sokak;667189
DÜZCE;YIĞILCA;GERİŞ - MERKEZ;SETLİK KÜME EVLER;sokak;368141010
DÜZCE;YIĞILCA;GERİŞ - SETLİK;MERKEZ KÜME EVLER;sokak;931300780
DÜZCE;YIĞILCA;GERİŞ - SETLİK;SETLİK KÜME EVLER;sokak;670070
DÜZCE;YIĞILCA;GÖKÇEAĞAÇ - KAZAKLAR;KAZAKLAR KÜME EVLER;sokak;672326
DÜZCE;YIĞILCA;GÖKÇEAĞAÇ - MERKEZ;MERKEZ KÜME EVLER;sokak;178619
DÜZCE;YIĞILCA;GÖKÇEAĞAÇ - MERKEZ;SARIKAYA KÜME EVLER;sokak;761883090
DÜZCE;YIĞILCA;GÖKÇEAĞAÇ - ŞABAN;ŞABAN KÜME EVLER;sokak;670828
DÜZCE;YIĞILCA;GÖKÇEAĞAÇ - ŞABANLAR;ŞABANLAR KÜME EVLER;sokak;669211
DÜZCE;YIĞILCA;GÖKÇEAĞAÇ - YÖRÜKLER;YÖRÜKLER KÜME EVLER;sokak;671862
DÜZCE;YIĞILCA;GÜNEY - GÜNEYALTI;SANAYİ SOKAK;sokak;835122
DÜZCE;YIĞILCA;GÜNEY - GÜNEYALTI;YIĞILCA KÜME EVLER;sokak;842690
DÜZCE;YIĞILCA;GÜNEY NA;GÜNEY KÜME EVLER;sokak;608311
DÜZCE;YIĞILCA;HACILAR - AŞAĞI;AŞAĞI KÜME EVLER;sokak;661048
DÜZCE;YIĞILCA;HACILAR - AŞAĞI;VAYISLAR KÜME EVLER;sokak;477431900
DÜZCE;YIĞILCA;HACILAR - YUKARI;YUKARI KÜME EVLER;sokak;664285
DÜZCE;YIĞILCA;HACIYERİ - DOKUZ;DOKUZ KÜME EVLER;sokak;551847
DÜZCE;YIĞILCA;HACIYERİ - MERKEZ;MERKEZ KÜME EVLER;sokak;39901
DÜZCE;YIĞILCA;HEBELER NA;HEBELER KÜME EVLER;sokak;658889
DÜZCE;YIĞILCA;HEBELER NA;KÖSELER KÜME EVLER;sokak;686367290
DÜZCE;YIĞILCA;HEBELER NA;TÖNGELTARLA KÜME EVLER;sokak;106742081
DÜZCE;YIĞILCA;HOCAKÖY - ORTA;ORTA KÜME EVLER;sokak;669222
DÜZCE;YIĞILCA;HOCAKÖY - ORTA;YAPLAR KÜME EVLER;sokak;838465270
DÜZCE;YIĞILCA;HOCAKÖY - ORTA;YUKARI KÜME EVLER;sokak;889584340
DÜZCE;YIĞILCA;HOCAKÖY - YUKARI;MENGEN KÜME EVLER;sokak;667268290
DÜZCE;YIĞILCA;HOCAKÖY - YUKARI;YUKARI KÜME EVLER;sokak;671875
DÜZCE;YIĞILCA;HOCATMAN - BELEN;BELEN KÜME EVLER;sokak;563160
DÜZCE;YIĞILCA;HOCATMAN - KİRSEYANI;KİRSEYANI KÜME EVLER;sokak;563159
DÜZCE;YIĞILCA;HOCATMAN - MERKEZ;MERKEZ KÜME EVLER;sokak;322656
DÜZCE;YIĞILCA;HOŞAFOĞLU - AKSU;AKSU KÜME EVLER;sokak;668376
DÜZCE;YIĞILCA;HOŞAFOĞLU - MERKEZ;MERKEZ KÜME EVLER;sokak;676882
DÜZCE;YIĞILCA;İĞNELER NA;İĞNELER KÜME EVLER;sokak;672760
DÜZCE;YIĞILCA;KARAKAŞ - MERKEZ;MERKEZ KÜME EVLER;sokak;271964
DÜZCE;YIĞILCA;KARAKAŞ - MERKEZ;RESULLER KÜME EVLER;sokak;191429590
DÜZCE;YIĞILCA;KARAKAŞ - MERKEZ;YOĞUNPELİT KÜME EVLER;sokak;158776241
DÜZCE;YIĞILCA;KARAKAŞ - YAPLAR;YAPLAR KÜME EVLER;sokak;679494
DÜZCE;YIĞILCA;KIRIK - ÇAYIRCIK;ÇAYIRCIK KÜME EVLER;sokak;670717
DÜZCE;YIĞILCA;KIRIK - KARAKİRAZ;KARAKİRAZ KÜME EVLER;sokak;673715
DÜZCE;YIĞILCA;KIRIK - MERKEZ;MERKEZ KÜME EVLER;sokak;673011
DÜZCE;YIĞILCA;KIRIK - SALAVAT;SALAVAT KÜME EVLER;sokak;667145
DÜZCE;YIĞILCA;KOCAOĞLU - MERKEZ;MERKEZ KÜME EVLER;sokak;50811
DÜZCE;YIĞILCA;KOCAOĞLU - MERKEZ;TAVUKPINARI KÜME EVLER;sokak;498011111
DÜZCE;YIĞILCA;KOCAOĞLU - MERKEZ;YUKARI AKÇAÖREN KÜME EVLER;sokak;771941731
DÜZCE;YIĞILCA;KOCAOĞLU - PINARCIK;PETEKLİ KÜME EVLER;sokak;282177430
DÜZCE;YIĞILCA;KOCAOĞLU - PINARCIK;PINARCIK KÜME EVLER;sokak;453757
DÜZCE;YIĞILCA;KOCAOĞLU - PINARCIK;TANTAN KUYU KÜME EVLER;sokak;238843720
DÜZCE;YIĞILCA;KOCAOĞLU - YUKARI AKÇAÖREN;TUĞRUL KÜME EVLER;sokak;121051850
DÜZCE;YIĞILCA;KOCAOĞLU - YUKARI AKÇAÖREN;YUKARI AKÇAÖREN KÜME EVLER;sokak;592865
DÜZCE;YIĞILCA;KÖSELER NA;KÖSELER KÜME EVLER;sokak;630697
DÜZCE;YIĞILCA;KÖSELER NA;MEHMETKÖY KÜME EVLER;sokak;576939131
DÜZCE;YIĞILCA;MAREŞAL FEVZİ ÇAKMAK;AHMET YESEVİ SOKAK;sokak;411118
DÜZCE;YIĞILCA;MAREŞAL FEVZİ ÇAKMAK;ÇAMYUVA KÜMEEVLERİ KÜME EVLER;sokak;235086
DÜZCE;YIĞILCA;MAREŞAL FEVZİ ÇAKMAK;GÖKÇE AĞAÇ CADDE;cadde;152324
DÜZCE;YIĞILCA;MAREŞAL FEVZİ ÇAKMAK;HARMANTEPE YOLU SOKAK;sokak;592589050
DÜZCE;YIĞILCA;MAREŞAL FEVZİ ÇAKMAK;İNCİRLER KÜME EVLER;sokak;411119
DÜZCE;YIĞILCA;MAREŞAL FEVZİ ÇAKMAK;MAREŞAL FEVZİ ÇAKMAK 1 SOKAK;sokak;425391140
DÜZCE;YIĞILCA;MAREŞAL FEVZİ ÇAKMAK;MAREŞAL FEVZİ ÇAKMAK 2 SOKAK;sokak;488475861
DÜZCE;YIĞILCA;MAREŞAL FEVZİ ÇAKMAK;MAREŞAL FEVZİ ÇAKMAK 3 SOKAK;sokak;661157591
DÜZCE;YIĞILCA;MENGEN NA;MENGEN KÜME EVLER;sokak;321905
DÜZCE;YIĞILCA;MENGEN NA;ORTA KÜME EVLER;sokak;274750521
DÜZCE;YIĞILCA;MENGEN NA;YUKARI KÜME EVLER;sokak;635938911
DÜZCE;YIĞILCA;NAŞLAR - MERKEZ;MERKEZ KÜME EVLER;sokak;620286
DÜZCE;YIĞILCA;NAŞLAR - ŞERENALTI;ŞERENALTI KÜME EVLER;sokak;619838
DÜZCE;YIĞILCA;ORHANGAZİ;ATATÜRK CADDE;cadde;152326
DÜZCE;YIĞILCA;ORHANGAZİ;CUMHURİYET CADDE;cadde;152327
DÜZCE;YIĞILCA;ORHANGAZİ;DR. DEVLET BAHÇELİ CADDE;cadde;156124
DÜZCE;YIĞILCA;ORHANGAZİ;ERENLER CADDE;cadde;235087
DÜZCE;YIĞILCA;ORHANGAZİ;GAZİLER SOKAK;sokak;156119
DÜZCE;YIĞILCA;ORHANGAZİ;HASAN ÇAMLI SOKAK;sokak;401018
DÜZCE;YIĞILCA;ORHANGAZİ;KEDİ PINAR 1 SOKAK;sokak;746481060
DÜZCE;YIĞILCA;ORHANGAZİ;KEDİ PINAR 2 SOKAK;sokak;293956621
DÜZCE;YIĞILCA;ORHANGAZİ;KEDİ PINAR 3 SOKAK;sokak;441086370
DÜZCE;YIĞILCA;ORHANGAZİ;KEDİ PINAR 4 SOKAK;sokak;546040040
DÜZCE;YIĞILCA;ORHANGAZİ;KEDİ PINAR CADDE;cadde;156120
DÜZCE;YIĞILCA;ORHANGAZİ;KEDİ PINAR5 SOKAK;sokak;462972551
DÜZCE;YIĞILCA;ORHANGAZİ;MENEKŞE SOKAK;sokak;156121
DÜZCE;YIĞILCA;ORHANGAZİ;MERT1 KÜME EVLER;sokak;835121
DÜZCE;YIĞILCA;ORHANGAZİ;ORHAN GAZİ SOKAK;sokak;156122
DÜZCE;YIĞILCA;ORHANGAZİ;ORHANGAZİ/2 SOKAK;sokak;907721951
DÜZCE;YIĞILCA;ORHANGAZİ;ORHANGAZİ/3 SOKAK;sokak;379191311
DÜZCE;YIĞILCA;ORHANGAZİ;ORHANGAZİ/4 SOKAK;sokak;497362830
DÜZCE;YIĞILCA;ORHANGAZİ;ORHANGAZİ/5 SOKAK;sokak;498469341
DÜZCE;YIĞILCA;ORHANGAZİ;RECEP TAYYİP ERDOĞAN CADDE;cadde;152328
DÜZCE;YIĞILCA;ORHANGAZİ;RECEP TEMİZEL SOKAK;sokak;401019
DÜZCE;YIĞILCA;ORHANGAZİ;STAD SOKAK;sokak;156123
DÜZCE;YIĞILCA;ORHANGAZİ NA;ORHANGAZİ KÜME EVLER;sokak;617784
DÜZCE;YIĞILCA;REDİFLER - DOĞANCILAR;DOĞANCILAR KÜME EVLER;sokak;569591
DÜZCE;YIĞILCA;REDİFLER - MERKEZ;MERKEZ KÜME EVLER;sokak;563161
DÜZCE;YIĞILCA;REDİFLER - MERKEZ;YAĞCILAR KÜME EVLER;sokak;696961851
DÜZCE;YIĞILCA;SARIKAYA NA;AKSU KÜME EVLER;sokak;493242961
DÜZCE;YIĞILCA;SARIKAYA NA;SARIKAYA KÜME EVLER;sokak;654759
DÜZCE;YIĞILCA;TIRAŞLAR - DAĞ;ALAPLI YOLU SOKAK;sokak;665136
DÜZCE;YIĞILCA;TIRAŞLAR - DAĞ;ERENLER KÜME EVLER;sokak;661806
DÜZCE;YIĞILCA;TIRAŞLAR - ERENLER;ALAPLI YOLU SOKAK;sokak;915181421
DÜZCE;YIĞILCA;TIRAŞLAR - ERENLER;ERENLER KÜME EVLER;sokak;733616020
DÜZCE;YIĞILCA;TIRAŞLAR - ERENLER;YUKARI KÜME EVLER;sokak;740969751
DÜZCE;YIĞILCA;TIRAŞLAR - MERKEZ;MERKEZ KÜME EVLER;sokak;664643
DÜZCE;YIĞILCA;TUĞRUL NA;ASAR KÜME EVLER;sokak;583373870
DÜZCE;YIĞILCA;TUĞRUL NA;TUĞRUL KÜME EVLER;sokak;617787
DÜZCE;YIĞILCA;YAĞCILAR NA;MERKEZ KÜME EVLER;sokak;398941830
DÜZCE;YIĞILCA;YAĞCILAR NA;YAĞCILAR KÜME EVLER;sokak;665310
DÜZCE;YIĞILCA;YAYLATEPE NA;YAYLATEPE KÜME EVLER;sokak;73637
DÜZCE;YIĞILCA;YENİYER - KURUCA;KURUCA KÜME EVLER;sokak;259877
DÜZCE;YIĞILCA;YENİYER - MERKEZ;YENİYER MERKEZ KÜME EVLER;sokak;81570
DÜZCE;YIĞILCA;YILGI - AŞAĞI;AŞAĞI KÜME EVLER;sokak;542395
DÜZCE;YIĞILCA;YILGI - DEREİÇİ;DEREİÇİ KÜME EVLER;sokak;556124
DÜZCE;YIĞILCA;YILGI - DEREİÇİ;MERKEZ KÜME EVLER;sokak;731487850
DÜZCE;YIĞILCA;YILGI - OSMANCIK;OSMANCIK KÜME EVLER;sokak;556122
DÜZCE;YIĞILCA;YILGI - YUKARI;YUKARI KÜME EVLER;sokak;549601
DÜZCE;YIĞILCA;YOĞUNPELİT NA;YOĞUNPELİT KÜME EVLER;sokak;676732
