il;ilce;mahalle;cadde_sokak;tip;uavt_kodu
ERZURUM;AŞKALE;ABDALCIK;ABDALCIK KÜME EVLER;sokak;538301
ERZURUM;AŞKALE;AKÖREN;AKÖREN KÜME EVLER;sokak;464797
ERZURUM;AŞKALE;ALTINTAŞ;ALTINTAŞ KÜME EVLER;sokak;760963
ERZURUM;AŞKALE;ALTINTAŞ;ARDIÇLAYLA KÜME EVLER;sokak;161030200
ERZURUM;AŞKALE;ALTINTAŞ;DUMANLIOĞLU KÜME EVLER;sokak;750482
ERZURUM;AŞKALE;BAHÇELİEVLER;1 NOLU BAHÇELİ SOKAK;sokak;710165
ERZURUM;AŞKALE;BAHÇELİEVLER;1 NOLU ÇAY SOKAK;sokak;363825131
ERZURUM;AŞKALE;BAHÇELİEVLER;1.BEKİREFENDİ SOKAK;sokak;497238281
ERZURUM;AŞKALE;BAHÇELİEVLER;1.KARASU SOKAK;sokak;579982961
ERZURUM;AŞKALE;BAHÇELİEVLER;1.PAMUKANA SOKAK;sokak;598640900
ERZURUM;AŞKALE;BAHÇELİEVLER;1.SERDAR SOKAK;sokak;720786451
ERZURUM;AŞKALE;BAHÇELİEVLER;1.YEŞİLLİ SOKAK;sokak;423521530
ERZURUM;AŞKALE;BAHÇELİEVLER;2.BEKİREFENDİ SOKAK;sokak;654095260
ERZURUM;AŞKALE;BAHÇELİEVLER;2.KARASU SOKAK;sokak;536233280
ERZURUM;AŞKALE;BAHÇELİEVLER;3.KARASU SOKAK;sokak;331592860
ERZURUM;AŞKALE;BAHÇELİEVLER;46 EVLER 1 NOLU SOKAK;sokak;704398
ERZURUM;AŞKALE;BAHÇELİEVLER;46 EVLER 2 NOLU SOKAK;sokak;704399
ERZURUM;AŞKALE;BAHÇELİEVLER;46 EVLER 3 NOLU SOKAK;sokak;704400
ERZURUM;AŞKALE;BAHÇELİEVLER;46 EVLER 4 NOLU SOKAK;sokak;869702901
ERZURUM;AŞKALE;BAHÇELİEVLER;BAHÇELİ SOKAK;sokak;697242
ERZURUM;AŞKALE;BAHÇELİEVLER;BEKİR EFENDİ SOKAK;sokak;937751
ERZURUM;AŞKALE;BAHÇELİEVLER;ÇAY 1 SOKAK;sokak;289597320
ERZURUM;AŞKALE;BAHÇELİEVLER;ÇAY SOKAK;sokak;697237
ERZURUM;AŞKALE;BAHÇELİEVLER;ERZİNCAN CADDE;cadde;106557361
ERZURUM;AŞKALE;BAHÇELİEVLER;ERZURUM CADDE;cadde;697243
ERZURUM;AŞKALE;BAHÇELİEVLER;FETİH SOKAK;sokak;711041371
ERZURUM;AŞKALE;BAHÇELİEVLER;HAMAMÖNÜ 1 NOLU SOKAK;sokak;695936
ERZURUM;AŞKALE;BAHÇELİEVLER;HAMAMÖNÜ 2 NOLU SOKAK;sokak;782623341
ERZURUM;AŞKALE;BAHÇELİEVLER;HAMAMÖNÜ 3 NOLU SOKAK;sokak;473446350
ERZURUM;AŞKALE;BAHÇELİEVLER;HAMAMÖNÜ SOKAK;sokak;704401
ERZURUM;AŞKALE;BAHÇELİEVLER;MİTHAT BEY KÜME EVLER;sokak;697244
ERZURUM;AŞKALE;BAHÇELİEVLER;NENEHATUN SOKAK;sokak;695937
ERZURUM;AŞKALE;BAHÇELİEVLER;OVA SOKAK;sokak;530852960
ERZURUM;AŞKALE;BAHÇELİEVLER;PAMUKANA SOKAK;sokak;695935
ERZURUM;AŞKALE;BAHÇELİEVLER;SERDAR SOKAK;sokak;697238
ERZURUM;AŞKALE;BAHÇELİEVLER;TRABZON CADDE;cadde;322438000
ERZURUM;AŞKALE;BAHÇELİEVLER;YEŞİLLİ SOKAK;sokak;697241
ERZURUM;AŞKALE;BAHÇELİEVLER;YEŞİLLİ/2 SOKAK;sokak;363483241
ERZURUM;AŞKALE;BAHÇELİEVLER;YEŞİLLİ/3 SOKAK;sokak;327880690
ERZURUM;AŞKALE;BALLITAŞ;BALLITAŞ KÜME EVLER;sokak;574461
ERZURUM;AŞKALE;BOZBURUN;BOZBURUN KÜME EVLER;sokak;25931
ERZURUM;AŞKALE;BÜYÜKGEÇİT;BÜYÜKGEÇİT KÜME EVLER;sokak;88615
ERZURUM;AŞKALE;CAHİT AYBAR;ÇAĞLAYAN SOKAK;sokak;704405
ERZURUM;AŞKALE;CAHİT AYBAR;İSTANBUL CADDE;cadde;697245
ERZURUM;AŞKALE;CAHİT AYBAR;MEHMET AKİF ERSOY CADDE;cadde;695938
ERZURUM;AŞKALE;CAHİT AYBAR;ORBAY SOKAK;sokak;704404
ERZURUM;AŞKALE;CAHİT AYBAR;POSTAHANE CADDE;cadde;704406
ERZURUM;AŞKALE;CAHİT AYBAR;TUZLA CADDE;cadde;485068
ERZURUM;AŞKALE;ÇARŞI;1 NOLU BATTALOĞLU SOKAK;sokak;419942371
ERZURUM;AŞKALE;ÇARŞI;1 NOLU BAYRAMOĞLU SOKAK;sokak;662894481
ERZURUM;AŞKALE;ÇARŞI;1 NOLU HACIBEY SOKAK;sokak;784564150
ERZURUM;AŞKALE;ÇARŞI;1 NOLU MEVLANA SOKAK;sokak;872479790
ERZURUM;AŞKALE;ÇARŞI;1 NOLU MUHTAROĞLU SOKAK;sokak;836261270
ERZURUM;AŞKALE;ÇARŞI;1 NOLU ŞEHİT ADEM TAMRAK SOKAK;sokak;644869621
ERZURUM;AŞKALE;ÇARŞI;1. SOKAK;sokak;291285270
ERZURUM;AŞKALE;ÇARŞI;2 NOLU BAYRAMOĞLU SOKAK;sokak;925709690
ERZURUM;AŞKALE;ÇARŞI;2 NOLU HACIBEY SOKAK SOKAK;sokak;899090221
ERZURUM;AŞKALE;ÇARŞI;2 NOLU MEVLANA SOKAK;sokak;175243230
ERZURUM;AŞKALE;ÇARŞI;3 NOLU HACIBEY SOKAK;sokak;307194701
ERZURUM;AŞKALE;ÇARŞI;AKATAY SOKAK;sokak;452988
ERZURUM;AŞKALE;ÇARŞI;BATTALOĞLU SOKAK;sokak;267710
ERZURUM;AŞKALE;ÇARŞI;BAYRAMOĞLU SOKAK;sokak;688953
ERZURUM;AŞKALE;ÇARŞI;ÇARŞI2 SOKAK;sokak;869003700
ERZURUM;AŞKALE;ÇARŞI;ERZURUM CADDE;cadde;242767
ERZURUM;AŞKALE;ÇARŞI;ERZURUM1 SOKAK;sokak;837550900
ERZURUM;AŞKALE;ÇARŞI;ERZURUM2 SOKAK;sokak;369935741
ERZURUM;AŞKALE;ÇARŞI;ERZURUM3 SOKAK;sokak;372235341
ERZURUM;AŞKALE;ÇARŞI;ERZURUM4 SOKAK;sokak;667676410
ERZURUM;AŞKALE;ÇARŞI;ERZURUM5 SOKAK;sokak;668039740
ERZURUM;AŞKALE;ÇARŞI;GARAJ CADDE;cadde;688948
ERZURUM;AŞKALE;ÇARŞI;HACIBEY SOKAK;sokak;112919
ERZURUM;AŞKALE;ÇARŞI;İSTANBUL CADDE;cadde;697165
ERZURUM;AŞKALE;ÇARŞI;KARAHASAN9 SOKAK;sokak;112927
ERZURUM;AŞKALE;ÇARŞI;MEVLANA SOKAK;sokak;242774
ERZURUM;AŞKALE;ÇARŞI;MUHTAROĞLU CADDE;cadde;688947
ERZURUM;AŞKALE;ÇARŞI;ÖĞRETMEN EVİ SOKAK;sokak;242768
ERZURUM;AŞKALE;ÇARŞI;ŞEHİT ADEM TAMRAK SOKAK;sokak;112926
ERZURUM;AŞKALE;ÇARŞI;ŞEHİT SEMİH GÜVEN CADDE;cadde;884319451
ERZURUM;AŞKALE;ÇARŞI;YENİ SOKAK;sokak;687935
ERZURUM;AŞKALE;ÇATALBAYIR;ÇATALBAYIR KÜME EVLER;sokak;307560
ERZURUM;AŞKALE;ÇATALBAYIR;ERZİNCAN CADDE;cadde;158325461
ERZURUM;AŞKALE;ÇATÖREN;ÇİFTLİK BUCAĞI ÇATÖREN KÜME EVLER;sokak;619293
ERZURUM;AŞKALE;ÇAYKÖY;ÇAYKÖY 1 NOLU SOKAK;sokak;184524251
ERZURUM;AŞKALE;ÇAYKÖY;ÇAYKÖY 10 NOLU SOKAK;sokak;190179381
ERZURUM;AŞKALE;ÇAYKÖY;ÇAYKÖY 11 NOLU SOKAK;sokak;727801170
ERZURUM;AŞKALE;ÇAYKÖY;ÇAYKÖY 12 NOLU SOKAK;sokak;316456901
ERZURUM;AŞKALE;ÇAYKÖY;ÇAYKÖY 13 NOLU SOKAK;sokak;923258691
ERZURUM;AŞKALE;ÇAYKÖY;ÇAYKÖY 14 NOLU SOKAK;sokak;165023201
ERZURUM;AŞKALE;ÇAYKÖY;ÇAYKÖY 15 NOLU SOKAK;sokak;903186921
ERZURUM;AŞKALE;ÇAYKÖY;ÇAYKÖY 16 NOLU SOKAK;sokak;635896910
ERZURUM;AŞKALE;ÇAYKÖY;ÇAYKÖY 17 NOLU SOKAK;sokak;688795010
ERZURUM;AŞKALE;ÇAYKÖY;ÇAYKÖY 18 NOLU SOKAK;sokak;247701900
ERZURUM;AŞKALE;ÇAYKÖY;ÇAYKÖY 19 NOLU SOKAK;sokak;470222230
ERZURUM;AŞKALE;ÇAYKÖY;ÇAYKÖY 2 NOLU SOKAK;sokak;525576590
ERZURUM;AŞKALE;ÇAYKÖY;ÇAYKÖY 20 NOLU SOKAK;sokak;203300801
ERZURUM;AŞKALE;ÇAYKÖY;ÇAYKÖY 21 NOLU SOKAK;sokak;922049321
ERZURUM;AŞKALE;ÇAYKÖY;ÇAYKÖY 3 NOLU SOKAK;sokak;726943181
ERZURUM;AŞKALE;ÇAYKÖY;ÇAYKÖY 4 NOLU SOKAK;sokak;673877381
ERZURUM;AŞKALE;ÇAYKÖY;ÇAYKÖY 5 NOLU SOKAK;sokak;267901961
ERZURUM;AŞKALE;ÇAYKÖY;ÇAYKÖY 6 NOLU SOKAK;sokak;928567801
ERZURUM;AŞKALE;ÇAYKÖY;ÇAYKÖY 7 NOLU SOKAK;sokak;565872560
ERZURUM;AŞKALE;ÇAYKÖY;ÇAYKÖY 8 NOLU SOKAK;sokak;936445240
ERZURUM;AŞKALE;ÇAYKÖY;ÇAYKÖY 9 NOLU SOKAK;sokak;729088581
ERZURUM;AŞKALE;ÇAYKÖY;ÇAYKÖY KÜME EVLER;sokak;563067
ERZURUM;AŞKALE;ÇAYKÖY;ERZURUM CADDE;cadde;925361351
ERZURUM;AŞKALE;ÇAYKÖY;GÖKÇEBÜK KÜME EVLER;sokak;119792750
ERZURUM;AŞKALE;ÇİFTLİK;ÇİFTLİK KÜME EVLER;sokak;122241
ERZURUM;AŞKALE;DAĞYURDU;DAĞYURDU KÜME EVLER;sokak;621778
ERZURUM;AŞKALE;DALLI;DALLI KÜME EVLER;sokak;601533
ERZURUM;AŞKALE;DEMİRKIRAN;ÇOMOĞLU KÜME EVLER;sokak;416153
ERZURUM;AŞKALE;DEMİRKIRAN;DEMİRKIRAN KÜME EVLER;sokak;600430
ERZURUM;AŞKALE;DEMİRKIRAN;HARAMİDERE MEVKİ KÜME EVLER;sokak;217905710
ERZURUM;AŞKALE;DEREKÖY;DEREKÖY KÜME EVLER;sokak;614188
ERZURUM;AŞKALE;DEREKÖY;YENİDEREKÖY KÜME EVLER;sokak;616652
ERZURUM;AŞKALE;DÜZYURT;DÜZYURT KÜME EVLER;sokak;316354
ERZURUM;AŞKALE;EMEK;1 NOLU HAPİSHANE SOKAK;sokak;852955410
ERZURUM;AŞKALE;EMEK;2 NOLU HAPİSHANE SOKAK;sokak;90710
ERZURUM;AŞKALE;EMEK;2 NOLU HAPİSHANE/1 SOKAK;sokak;240130960
ERZURUM;AŞKALE;EMEK;3 MART SOKAK;sokak;692529
ERZURUM;AŞKALE;EMEK;3 NOLU HAPİSHANE SOKAK;sokak;531901200
ERZURUM;AŞKALE;EMEK;4 NOLU HAPİSHANE SOKAK;sokak;542296121
ERZURUM;AŞKALE;EMEK;ÇUKUROVA SOKAK;sokak;90698
ERZURUM;AŞKALE;EMEK;EMEK SOKAK;sokak;633705630
ERZURUM;AŞKALE;EMEK;ERZİNCAN CADDE;cadde;688325
ERZURUM;AŞKALE;EMEK;ERZİNCAN1 SOKAK;sokak;226328301
ERZURUM;AŞKALE;EMEK;ERZİNCAN2 SOKAK;sokak;852110431
ERZURUM;AŞKALE;EMEK;HAPİSHANE ARKASI SOKAK;sokak;90713
ERZURUM;AŞKALE;EMEK;TRABZON CADDE;cadde;90711
ERZURUM;AŞKALE;EMEK;TUZLA CADDE;cadde;90706
ERZURUM;AŞKALE;EMEK;TUZLA1 SOKAK;sokak;628555801
ERZURUM;AŞKALE;ESENTEPE;BAĞIRSAK KÜME EVLER;sokak;614021
ERZURUM;AŞKALE;ESENTEPE;KAVURMAÇUKURU KÜME EVLER;sokak;793398831
ERZURUM;AŞKALE;EYÜPOĞLU;EYÜPOĞLU KÜME EVLER;sokak;582595
ERZURUM;AŞKALE;GÖKÇEBÜK;GÖKÇEBÜK KÜME EVLER;sokak;209628821
ERZURUM;AŞKALE;GÖLÖREN;NAHİYE GÖLÖREN KÜME EVLER;sokak;624742
ERZURUM;AŞKALE;GÜLLÜDERE;GÜLLÜDERE KÜME EVLER;sokak;25722
ERZURUM;AŞKALE;GÜMÜŞSEREN;ERZİNCAN CADDE;cadde;261418201
ERZURUM;AŞKALE;GÜMÜŞSEREN;GÜMÜŞSEREN KÜME EVLER;sokak;264219
ERZURUM;AŞKALE;GÜNEYÇAM;GÜNEYÇAM KÜME EVLER;sokak;523471
ERZURUM;AŞKALE;GÜNEYÇAM;YAYLIMLI KÜME EVLER;sokak;817170190
ERZURUM;AŞKALE;GÜRKAYNAK;GÜRKAYNAK KÜME EVLER;sokak;330260
ERZURUM;AŞKALE;HACIBEKİR;HACIBEKİR KÜME EVLER;sokak;610266
ERZURUM;AŞKALE;HACIHAMZA;ERZİNCAN CADDE;cadde;472115781
ERZURUM;AŞKALE;HACIHAMZA;HACIHAMZA KÜME EVLER;sokak;577616
ERZURUM;AŞKALE;HACIHAMZA;SARIBABA1 SOKAK;sokak;489243361
ERZURUM;AŞKALE;HACIMAHMUT;HACIMAHMUT KÜME EVLER;sokak;607418
ERZURUM;AŞKALE;HATUNCUK;1.KÜMEEVLER KÜME EVLER;sokak;853636040
ERZURUM;AŞKALE;HATUNCUK;ÇİFTLİK KÜME EVLER;sokak;130152760
ERZURUM;AŞKALE;HATUNCUK;HATUNCUK KÜME EVLER;sokak;25346
ERZURUM;AŞKALE;HAYDARHACI;HAYDARHACI KÜME EVLER;sokak;320707
ERZURUM;AŞKALE;İSTASYON;1 NOLU DÖNER SOKAK;sokak;697247
ERZURUM;AŞKALE;İSTASYON;2 NOLU DÖNER SOKAK;sokak;704407
ERZURUM;AŞKALE;İSTASYON;5 NOLU DEMİRKIRAN SOKAK;sokak;411648231
ERZURUM;AŞKALE;İSTASYON;ASTSUBAY LOJMANLARI SOKAK;sokak;291841240
ERZURUM;AŞKALE;İSTASYON;GAR SOKAK;sokak;535865
ERZURUM;AŞKALE;İSTASYON;HARAMİDERE MEVKİ KÜME EVLER;sokak;535875
ERZURUM;AŞKALE;İSTASYON;HARAMİDERE SOKAK;sokak;697246
ERZURUM;AŞKALE;İSTASYON;PARK SOKAK;sokak;704408
ERZURUM;AŞKALE;İSTASYON;PARK/1 SOKAK;sokak;429970230
ERZURUM;AŞKALE;İSTASYON;POSTAHANE CADDE;cadde;938614580
ERZURUM;AŞKALE;İSTASYON;TUGAY CADDE;cadde;535864
ERZURUM;AŞKALE;İSTASYON;TUGAY1 CADDE;cadde;740483640
ERZURUM;AŞKALE;İSTASYON;TUGAY10 SOKAK;sokak;816500531
ERZURUM;AŞKALE;İSTASYON;TUGAY11 SOKAK;sokak;201575091
ERZURUM;AŞKALE;İSTASYON;TUGAY12 SOKAK;sokak;268384251
ERZURUM;AŞKALE;İSTASYON;TUGAY13 SOKAK;sokak;697235670
ERZURUM;AŞKALE;İSTASYON;TUGAY14 SOKAK;sokak;826486010
ERZURUM;AŞKALE;İSTASYON;TUGAY2 CADDE;cadde;662630961
ERZURUM;AŞKALE;İSTASYON;TUGAY3 CADDE;cadde;763517090
ERZURUM;AŞKALE;İSTASYON;TUGAY4 SOKAK;sokak;557893820
ERZURUM;AŞKALE;İSTASYON;TUGAY6 SOKAK;sokak;582124570
ERZURUM;AŞKALE;İSTASYON;TUGAY7 SOKAK;sokak;445516610
ERZURUM;AŞKALE;İSTASYON;TUGAY8 SOKAK;sokak;945581600
ERZURUM;AŞKALE;KANDİLLİ;AHMET YASEVİ CADDE;cadde;698895
ERZURUM;AŞKALE;KANDİLLİ;DAR SOKAK;sokak;698896
ERZURUM;AŞKALE;KANDİLLİ;DAR/1 SOKAK;sokak;356937381
ERZURUM;AŞKALE;KANDİLLİ;DAR/2 SOKAK;sokak;843197061
ERZURUM;AŞKALE;KANDİLLİ;DAR/3 SOKAK;sokak;295960380
ERZURUM;AŞKALE;KANDİLLİ;DR TAYYİP CİNİSLİ CADDE;cadde;688320
ERZURUM;AŞKALE;KANDİLLİ;DR TAYYİP CİNİSLİ/1 SOKAK;sokak;278549830
ERZURUM;AŞKALE;KANDİLLİ;DR TAYYİP CİNİSLİ/2 SOKAK;sokak;348743391
ERZURUM;AŞKALE;KANDİLLİ;ERZURUM CADDE;cadde;551361620
ERZURUM;AŞKALE;KANDİLLİ;FATİH SULTAN SOKAK;sokak;688321
ERZURUM;AŞKALE;KANDİLLİ;KANDİLLİ İSTASYON CADDE;cadde;276703
ERZURUM;AŞKALE;KANDİLLİ;KANDİLLİ İSTASYON/1 SOKAK;sokak;939763890
ERZURUM;AŞKALE;KANDİLLİ;KANDİLLİ İSTASYON/2 SOKAK;sokak;942759301
ERZURUM;AŞKALE;KANDİLLİ;KANDİLLİ İSTASYON/3 SOKAK;sokak;453056611
ERZURUM;AŞKALE;KANDİLLİ;KANDİLLİ İSTASYON/4 SOKAK;sokak;494467010
ERZURUM;AŞKALE;KANDİLLİ;KARABIYIK KÜME EVLER;sokak;688319
ERZURUM;AŞKALE;KANDİLLİ;KIZIL SOKAK;sokak;865694641
ERZURUM;AŞKALE;KANDİLLİ;ORTABAHÇE KÜME EVLER;sokak;623091
ERZURUM;AŞKALE;KANDİLLİ;TAZEGÜL KÜME EVLER;sokak;689794
ERZURUM;AŞKALE;KANDİLLİ;TÜRKER KÜME EVLER;sokak;692781
ERZURUM;AŞKALE;KANDİLLİ;TÜRKER/1 SOKAK;sokak;137150811
ERZURUM;AŞKALE;KANDİLLİ;TÜRKER/10 SOKAK;sokak;323879951
ERZURUM;AŞKALE;KANDİLLİ;TÜRKER/11 SOKAK;sokak;928881480
ERZURUM;AŞKALE;KANDİLLİ;TÜRKER/12 SOKAK;sokak;136447780
ERZURUM;AŞKALE;KANDİLLİ;TÜRKER/13 SOKAK;sokak;183694540
ERZURUM;AŞKALE;KANDİLLİ;TÜRKER/14 SOKAK;sokak;339686520
ERZURUM;AŞKALE;KANDİLLİ;TÜRKER/2 SOKAK;sokak;246099681
ERZURUM;AŞKALE;KANDİLLİ;TÜRKER/3 SOKAK;sokak;237796481
ERZURUM;AŞKALE;KANDİLLİ;TÜRKER/4 SOKAK;sokak;642437021
ERZURUM;AŞKALE;KANDİLLİ;TÜRKER/5 SOKAK;sokak;438701461
ERZURUM;AŞKALE;KANDİLLİ;TÜRKER/6 SOKAK;sokak;525261911
ERZURUM;AŞKALE;KANDİLLİ;TÜRKER/7 SOKAK;sokak;921768090
ERZURUM;AŞKALE;KANDİLLİ;TÜRKER/8 SOKAK;sokak;587554480
ERZURUM;AŞKALE;KANDİLLİ;TÜRKER/9 SOKAK;sokak;764640150
ERZURUM;AŞKALE;KANDİLLİ;TÜRKER15 SOKAK;sokak;876253801
ERZURUM;AŞKALE;KAPIKALE;KAPIKALE KÜME EVLER;sokak;25641
ERZURUM;AŞKALE;KARAHASAN;KARAHASAN KÜME EVLER;sokak;21342
ERZURUM;AŞKALE;KARASU;ARDIÇYAYLA KÜME EVLER;sokak;914088
ERZURUM;AŞKALE;KARASU;KARASU KÜME EVLER;sokak;595836
ERZURUM;AŞKALE;KAVURMAÇUKURU;KAVURMAÇUKURU KÜME EVLER;sokak;585846
ERZURUM;AŞKALE;KIBRIS;1 NOLU DEMİRKIRAN SOKAK;sokak;695929
ERZURUM;AŞKALE;KIBRIS;1 NOLU DEREBAŞI SOKAK;sokak;215416441
ERZURUM;AŞKALE;KIBRIS;1 NOLU GAZİLER SOKAK;sokak;847522780
ERZURUM;AŞKALE;KIBRIS;1 NOLU MENEKŞE SOKAK;sokak;541446880
ERZURUM;AŞKALE;KIBRIS;1 NOLU ORHANGAZİ SOKAK;sokak;523130460
ERZURUM;AŞKALE;KIBRIS;1 NOLU YUNUSEMRE SOKAK;sokak;733985960
ERZURUM;AŞKALE;KIBRIS;2 NOLU DEMİRKIRAN SOKAK;sokak;741139781
ERZURUM;AŞKALE;KIBRIS;2 NOLU DEREBAŞI SOKAK;sokak;465316121
ERZURUM;AŞKALE;KIBRIS;2 NOLU GAZİLER SOKAK;sokak;799200051
ERZURUM;AŞKALE;KIBRIS;2 NOLU ORHANGAZİ SOKAK;sokak;769472090
ERZURUM;AŞKALE;KIBRIS;2 NOLU PARLAK SOKAK;sokak;815918850
ERZURUM;AŞKALE;KIBRIS;2 NOLU YUNUSEMRE SOKAK;sokak;410659880
ERZURUM;AŞKALE;KIBRIS;3 NOLU DEMİRKIRAN SOKAK;sokak;830809940
ERZURUM;AŞKALE;KIBRIS;3 NOLU ORHANGAZİ SOKAK;sokak;914235090
ERZURUM;AŞKALE;KIBRIS;3 NOLU PARLAK SOKAK;sokak;368409161
ERZURUM;AŞKALE;KIBRIS;3 NOLU YUNUSEMRE SOKAK;sokak;389258891
ERZURUM;AŞKALE;KIBRIS;4 NOLU YUNUSEMRE SOKAK;sokak;669442810
ERZURUM;AŞKALE;KIBRIS;5 NOLU DEMİRKIRAN SOKAK;sokak;730088311
ERZURUM;AŞKALE;KIBRIS;5 NOLU YUNUSEMRE SOKAK;sokak;534654801
ERZURUM;AŞKALE;KIBRIS;ASTSUBAY LOJMANLARI SOKAK;sokak;695931
ERZURUM;AŞKALE;KIBRIS;DEREBAŞI SOKAK;sokak;704392
ERZURUM;AŞKALE;KIBRIS;GAZİLER SOKAK;sokak;283907
ERZURUM;AŞKALE;KIBRIS;KARAHASAN KÜME EVLER;sokak;716342570
ERZURUM;AŞKALE;KIBRIS;MENEKŞE SOKAK;sokak;695933
ERZURUM;AŞKALE;KIBRIS;ORHANGAZİ SOKAK;sokak;697230
ERZURUM;AŞKALE;KIBRIS;PARLAK SOKAK;sokak;695607
ERZURUM;AŞKALE;KIBRIS;POSTAHANE CADDE;cadde;938614581
ERZURUM;AŞKALE;KIBRIS;TUGAY4 SOKAK;sokak;557893821
ERZURUM;AŞKALE;KIBRIS;YUNUS EMRE SOKAK;sokak;695934
ERZURUM;AŞKALE;KOÇBABA;KOÇBABA KÜME EVLER;sokak;623865
ERZURUM;AŞKALE;KOŞAPINAR;KOŞAPINAR KÜME EVLER;sokak;309639
ERZURUM;AŞKALE;KURTMAHMUT;ABİDİN OĞLU KÜME EVLER;sokak;692078
ERZURUM;AŞKALE;KURTMAHMUT;KURTMAHMUT KÜME EVLER;sokak;546959
ERZURUM;AŞKALE;KURTMAHMUT;SELİM HAYDAR KÜME EVLER;sokak;692079
ERZURUM;AŞKALE;KÜÇÜKGEÇİT;ERZURUM CADDE;cadde;317167561
ERZURUM;AŞKALE;KÜÇÜKGEÇİT;KÜÇÜKGEÇİT KÜME EVLER;sokak;416407
ERZURUM;AŞKALE;KÜÇÜKOVA;KÜÇÜKOVA KÜME EVLER;sokak;37044
ERZURUM;AŞKALE;KÜKÜRTLÜ;ERZİNCAN CADDE;cadde;807197761
ERZURUM;AŞKALE;KÜKÜRTLÜ;HACIHAMZA KÜME EVLER;sokak;851874821
ERZURUM;AŞKALE;KÜKÜRTLÜ;KÜKÜRTLÜ KÜME EVLER;sokak;330257
ERZURUM;AŞKALE;KÜKÜRTLÜ;MADEN KÜME EVLER;sokak;371254
ERZURUM;AŞKALE;KÜKÜRTLÜ;SARIBABA1 SOKAK;sokak;876560701
ERZURUM;AŞKALE;MERDİVENKÖY;MERDİVENKÖY KÜME EVLER;sokak;614508
ERZURUM;AŞKALE;MERDİVENKÖY;MERDİVENKÖY MÜCAVİR KÜME EVLER;sokak;992468
ERZURUM;AŞKALE;MERKEZ ÇATÖREN;MERKEZ BUCAĞI ÇATÖREN KÜME EVLER;sokak;613643
ERZURUM;AŞKALE;MERKEZ GÖLÖREN;MERKEZ BUCAĞI GÖLÖREN KÜME EVLER;sokak;567638
ERZURUM;AŞKALE;MEYDAN;1 NOLU AHMET BEY SOKAK;sokak;353213970
ERZURUM;AŞKALE;MEYDAN;1 NOLU ÇOBANOĞLU SOKAK;sokak;656321920
ERZURUM;AŞKALE;MEYDAN;1 NOLU KALEDİBİ SOKAK;sokak;365846620
ERZURUM;AŞKALE;MEYDAN;1 NOLU SOKAK;sokak;704389
ERZURUM;AŞKALE;MEYDAN;1 NOLU YENİŞEHİR KÜME EVLER;sokak;435706541
ERZURUM;AŞKALE;MEYDAN;2 NOLU ÇOBANOĞLU SOKAK;sokak;406566541
ERZURUM;AŞKALE;MEYDAN;2 NOLU SOKAK;sokak;704390
ERZURUM;AŞKALE;MEYDAN;3 NOLU SOKAK;sokak;697226
ERZURUM;AŞKALE;MEYDAN;AHMET BEY SOKAK;sokak;704387
ERZURUM;AŞKALE;MEYDAN;ÇOBANOĞLU SOKAK;sokak;697221
ERZURUM;AŞKALE;MEYDAN;DEĞİRMEN SOKAK;sokak;697228
ERZURUM;AŞKALE;MEYDAN;ERZURUM CADDE;cadde;283898
ERZURUM;AŞKALE;MEYDAN;KALEDİBİ SOKAK;sokak;697229
ERZURUM;AŞKALE;MEYDAN;KOÇUBEYOĞLU SOKAK;sokak;697227
ERZURUM;AŞKALE;MEYDAN;NECİP FAZIL KISAKÜREK SOKAK;sokak;697224
ERZURUM;AŞKALE;MEYDAN;SUBAŞI SOKAK;sokak;704391
ERZURUM;AŞKALE;MEYDAN;SUBAŞI1 SOKAK;sokak;424472921
ERZURUM;AŞKALE;MEYDAN;YENİŞEHİR KÜME EVLER;sokak;941016
ERZURUM;AŞKALE;MEZREA;MEZREA KÜME EVLER;sokak;132978
ERZURUM;AŞKALE;MUSATANIŞMAN;MUSATANIŞMAN KÜME EVLER;sokak;370839
ERZURUM;AŞKALE;OCAKLI;OCAKLI KÜME EVLER;sokak;39175
ERZURUM;AŞKALE;OVACIK;OVACIK KÜME EVLER;sokak;21260
ERZURUM;AŞKALE;ÖZLER;ÖZLER KÜME EVLER;sokak;591401
ERZURUM;AŞKALE;PIRNAKABAN;HÜSEYİN EFENDİ KOMU KÜME EVLER;sokak;1411701
ERZURUM;AŞKALE;PIRNAKABAN;KOPDAĞI KÜME EVLER;sokak;937390011
ERZURUM;AŞKALE;PIRNAKABAN;PIRNAKABAN KÜME EVLER;sokak;562580
ERZURUM;AŞKALE;SAPTIRAN;SAPTIRAN KÜME EVLER;sokak;531569
ERZURUM;AŞKALE;SARIBABA;SARIBABA KÜME EVLER;sokak;618270
ERZURUM;AŞKALE;SAZLI;SAPTIRAN KÜME EVLER;sokak;760296511
ERZURUM;AŞKALE;SAZLI;SAZLI KÜME EVLER;sokak;34780
ERZURUM;AŞKALE;ŞAFAK;1 NOLU ÇAĞLAR SOKAK;sokak;688563
ERZURUM;AŞKALE;ŞAFAK;1 NOLU DADAŞ SOKAK;sokak;858522261
ERZURUM;AŞKALE;ŞAFAK;1 NOLU ESENTEPE SOKAK;sokak;273765401
ERZURUM;AŞKALE;ŞAFAK;1 NOLU KILIÇ SOKAK;sokak;298407900
ERZURUM;AŞKALE;ŞAFAK;1 NOLU MİLLET SOKAK;sokak;688799491
ERZURUM;AŞKALE;ŞAFAK;1 NOLU PINAR SOKAK;sokak;783872220
ERZURUM;AŞKALE;ŞAFAK;2 NOLU ÇAĞLAR SOKAK;sokak;690761
ERZURUM;AŞKALE;ŞAFAK;2 NOLU ESENTEPE SOKAK;sokak;399798510
ERZURUM;AŞKALE;ŞAFAK;2 NOLU GANİ SOKAK;sokak;497923441
ERZURUM;AŞKALE;ŞAFAK;2 NOLU MİLLET SOKAK;sokak;759149520
ERZURUM;AŞKALE;ŞAFAK;3 NOLU KILIÇ SOKAK;sokak;445468930
ERZURUM;AŞKALE;ŞAFAK;3 NOLU MİLLET SOKAK;sokak;610214241
ERZURUM;AŞKALE;ŞAFAK;BAYRAMOĞLU SOKAK;sokak;1324209
ERZURUM;AŞKALE;ŞAFAK;ÇAĞLAR SOKAK;sokak;691443
ERZURUM;AŞKALE;ŞAFAK;ÇİMEN SOKAK;sokak;692952
ERZURUM;AŞKALE;ŞAFAK;DADAŞ CADDE;cadde;697602
ERZURUM;AŞKALE;ŞAFAK;DADAŞ/2 SOKAK;sokak;726973940
ERZURUM;AŞKALE;ŞAFAK;ESEN SOKAK;sokak;697603
ERZURUM;AŞKALE;ŞAFAK;ESENTEPE SOKAK;sokak;692951
ERZURUM;AŞKALE;ŞAFAK;GANİ SOKAK;sokak;693233
ERZURUM;AŞKALE;ŞAFAK;KILIÇ SOKAK;sokak;697601
ERZURUM;AŞKALE;ŞAFAK;MİLLET SOKAK;sokak;688736
ERZURUM;AŞKALE;ŞAFAK;MUTLU SOKAK;sokak;688735
ERZURUM;AŞKALE;ŞAFAK;PINAR SOKAK;sokak;697604
ERZURUM;AŞKALE;ŞAFAK;PINAR1 SOKAK;sokak;738027871
ERZURUM;AŞKALE;ŞAFAK;PLEVNE SOKAK;sokak;689119
ERZURUM;AŞKALE;TAŞAĞIL;TAŞAĞIL KÜME EVLER;sokak;325336
ERZURUM;AŞKALE;TAŞLIÇAYIR;TAŞLIÇAYIR KÜME EVLER;sokak;582731
ERZURUM;AŞKALE;TECER;TECER KÜME EVLER;sokak;601862
ERZURUM;AŞKALE;TEPSİCİK;TEPSİCİK KÜME EVLER;sokak;328496
ERZURUM;AŞKALE;TOKÇA;TOKÇA KÜME EVLER;sokak;594599
ERZURUM;AŞKALE;TOPALÇAVUŞ;OCAKLI KÜME EVLER;sokak;658349621
ERZURUM;AŞKALE;TOPALÇAVUŞ;TOPALÇAVUŞ KÜME EVLER;sokak;26292
ERZURUM;AŞKALE;TOSUNLU;TOSUNLU KÜME EVLER;sokak;604839
ERZURUM;AŞKALE;TOZLUCA;TOZLUCA KÜME EVLER;sokak;92260
ERZURUM;AŞKALE;TURAÇ;TURAÇ KÜME EVLER;sokak;598528
ERZURUM;AŞKALE;ÜÇ MART;İSTASYON SOKAK;sokak;365443511
ERZURUM;AŞKALE;ÜÇ MART;TOKİ SOKAK;sokak;850761
ERZURUM;AŞKALE;YAYLAKÖY;YAYLAKÖY KÜME EVLER;sokak;605924
ERZURUM;AŞKALE;YAYLAYOLU;YAYLAYOLU KÜME EVLER;sokak;551248
ERZURUM;AŞKALE;YAYLIMLI;GÜNEYÇAM KÜME EVLER;sokak;617082931
ERZURUM;AŞKALE;YAYLIMLI;YAYLIMLI KÜME EVLER;sokak;321812
ERZURUM;AŞKALE;YENİ;1 NOLU DEMİR SOKAK;sokak;283084
ERZURUM;AŞKALE;YENİ;1 NOLU REHBER SOKAK;sokak;181250210
ERZURUM;AŞKALE;YENİ;1.CAMİ SOKAK;sokak;497646240
ERZURUM;AŞKALE;YENİ;1.LİSE SOKAK;sokak;442753370
ERZURUM;AŞKALE;YENİ;1.ŞEHİT HAMİT YILDIZ SOKAK;sokak;452893521
ERZURUM;AŞKALE;YENİ;1.TOKALP SOKAK;sokak;756659840
ERZURUM;AŞKALE;YENİ;1.YAZICIOĞLU SOKAK;sokak;345979220
ERZURUM;AŞKALE;YENİ;2.LİSE SOKAK;sokak;948363501
ERZURUM;AŞKALE;YENİ;2.TOKALP SOKAK;sokak;710721931
ERZURUM;AŞKALE;YENİ;2.YAZICIOĞLU SOKAK;sokak;794987051
ERZURUM;AŞKALE;YENİ;CAHİTBAYAR SOKAK;sokak;704823
ERZURUM;AŞKALE;YENİ;CAMİ SOKAK;sokak;275763
ERZURUM;AŞKALE;YENİ;ÇIKMAZ SOKAK;sokak;283083
ERZURUM;AŞKALE;YENİ;DEMİR SOKAK;sokak;283085
ERZURUM;AŞKALE;YENİ;ERZURUM CADDE;cadde;283158
ERZURUM;AŞKALE;YENİ;İSTANBUL CADDE;cadde;481999
ERZURUM;AŞKALE;YENİ;KARAKOL SOKAK;sokak;275767
ERZURUM;AŞKALE;YENİ;KAYSERİLİOĞLU SOKAK;sokak;695203
ERZURUM;AŞKALE;YENİ;KUŞÇULU SOKAK;sokak;694691
ERZURUM;AŞKALE;YENİ;LİSE SOKAK;sokak;283082
ERZURUM;AŞKALE;YENİ;METEBEY SOKAK;sokak;275764
ERZURUM;AŞKALE;YENİ;MEYVE HOŞLAR ÇARŞISI SOKAK;sokak;120857
ERZURUM;AŞKALE;YENİ;OKULLAR SOKAK;sokak;283086
ERZURUM;AŞKALE;YENİ;POSTAHANE CADDE;cadde;283894
ERZURUM;AŞKALE;YENİ;REHBER SOKAK;sokak;283080
ERZURUM;AŞKALE;YENİ;ŞEHİT HAMİT YILDIZ SOKAK;sokak;694690
ERZURUM;AŞKALE;YENİ;ŞEHİT SEMİH GÜVEN CADDE;cadde;884319450
ERZURUM;AŞKALE;YENİ;TOKALP SOKAK;sokak;704820
ERZURUM;AŞKALE;YENİ;TUZLA CADDE;cadde;281882741
ERZURUM;AŞKALE;YENİ;TUZLA1 SOKAK;sokak;628555800
ERZURUM;AŞKALE;YENİ;YAZICIOĞLU SOKAK;sokak;694692
ERZURUM;AŞKALE;YENİKÖY HALİTPAŞA;1.KÜMEEVLER KÜME EVLER;sokak;163741
ERZURUM;AŞKALE;YENİKÖY HALİTPAŞA;10. KÜME EVLER;sokak;90509
ERZURUM;AŞKALE;YENİKÖY HALİTPAŞA;11. KÜME EVLER;sokak;43394
ERZURUM;AŞKALE;YENİKÖY HALİTPAŞA;12. KÜME EVLER;sokak;43395
ERZURUM;AŞKALE;YENİKÖY HALİTPAŞA;2. KÜME EVLER;sokak;43396
ERZURUM;AŞKALE;YENİKÖY HALİTPAŞA;3. KÜME EVLER;sokak;90510
ERZURUM;AŞKALE;YENİKÖY HALİTPAŞA;4. KÜME EVLER;sokak;43397
ERZURUM;AŞKALE;YENİKÖY HALİTPAŞA;5. KÜME EVLER;sokak;368243
ERZURUM;AŞKALE;YENİKÖY HALİTPAŞA;6. KÜME EVLER;sokak;43398
ERZURUM;AŞKALE;YENİKÖY HALİTPAŞA;7. KÜME EVLER;sokak;90614
ERZURUM;AŞKALE;YENİKÖY HALİTPAŞA;8. KÜME EVLER;sokak;43399
ERZURUM;AŞKALE;YENİKÖY HALİTPAŞA;9. KÜME EVLER;sokak;368244
ERZURUM;AŞKALE;YEŞİLOVA;1 NOLU FABRİKA SOKAK;sokak;704410
ERZURUM;AŞKALE;YEŞİLOVA;ÇİMENTO FABRİKASI KÜME EVLER;sokak;697251
ERZURUM;AŞKALE;YEŞİLOVA;ERZİNCAN1 SOKAK;sokak;226328300
ERZURUM;AŞKALE;YEŞİLOVA;FABRİKA SOKAK;sokak;704411
ERZURUM;AŞKALE;YEŞİLOVA;İSTASYON SOKAK;sokak;697250
ERZURUM;AŞKALE;YEŞİLOVA;TAŞAĞIL KÜME EVLER;sokak;866806591
ERZURUM;AŞKALE;YEŞİLOVA;TRABZON CADDE;cadde;697249
ERZURUM;AŞKALE;YEŞİLOVA;TUZLA CADDE;cadde;697248
ERZURUM;AŞKALE;YEŞİLOVA;YEŞİLOVA2 SOKAK;sokak;728272231
ERZURUM;AŞKALE;YUMRUVEREN;YUMRUVEREN KÜME EVLER;sokak;620190
ERZURUM;AZİZİYE;ADAÇAY;ADAÇAY KÜME EVLER;sokak;356469
ERZURUM;AZİZİYE;AĞCAKENT;AĞCAKENT KÜME EVLER;sokak;34655
ERZURUM;AZİZİYE;AĞCAKENT;RİZEKENT KÜME EVLER;sokak;327522970
ERZURUM;AZİZİYE;AĞÖREN;AĞÖREN KÜME EVLER;sokak;753139
ERZURUM;AZİZİYE;AĞÖREN;AĞÖREN1 SOKAK;sokak;317371820
ERZURUM;AZİZİYE;AĞÖREN;AĞÖREN2 SOKAK;sokak;199913060
ERZURUM;AZİZİYE;AĞÖREN;AĞÖREN3 SOKAK;sokak;181272740
ERZURUM;AZİZİYE;AĞÖREN;AĞÖREN4 SOKAK;sokak;224456960
ERZURUM;AZİZİYE;AĞÖREN;AĞÖREN5 SOKAK;sokak;828763010
ERZURUM;AZİZİYE;AĞÖREN;ÖMERTEPE KÜME EVLER;sokak;350212520
ERZURUM;AZİZİYE;AHIRCIK;AHIRCIK KÜME EVLER;sokak;539806
ERZURUM;AZİZİYE;AKDAĞ;AKDAĞ KÜME EVLER;sokak;540207
ERZURUM;AZİZİYE;AKYAZI;AKYAZI KÜME EVLER;sokak;560248
ERZURUM;AZİZİYE;AKYAZI;AŞAĞI KÜME EVLER;sokak;559498
ERZURUM;AZİZİYE;ALACA;ALACA KÜME EVLER;sokak;378055
ERZURUM;AZİZİYE;ALACA;ATLIKONAK KÜME EVLER;sokak;163831351
ERZURUM;AZİZİYE;ALACA;E 80 BULVAR;sokak;190887560
ERZURUM;AZİZİYE;ALAYBEYİ;ALAYBEYİ KÜME EVLER;sokak;189232
ERZURUM;AZİZİYE;AŞAĞI YENİCE;YENİCE KÜME EVLER;sokak;353356
ERZURUM;AZİZİYE;AŞAĞICANÖREN;AŞAĞICANÖREN KÜME EVLER;sokak;534967
ERZURUM;AZİZİYE;ATLIKONAK;ATLIKONAK KÜME EVLER;sokak;260958
ERZURUM;AZİZİYE;AYNALIKALE;AYNALIKALE KÜME EVLER;sokak;523048
ERZURUM;AZİZİYE;BAŞÇAKMAK;BAŞÇAKMAK KÜME EVLER;sokak;558022
ERZURUM;AZİZİYE;BAŞÇAKMAK;ESKİ KÜME EVLER;sokak;91737
ERZURUM;AZİZİYE;BAŞÇAKMAK;GELİNKAYA 2 KÜME EVLER;sokak;682129351
ERZURUM;AZİZİYE;BAŞKENT;BAŞKENT KÜME EVLER;sokak;536847
ERZURUM;AZİZİYE;BAŞKURTDERE;BAŞKURTDERE KÜME EVLER;sokak;575372
ERZURUM;AZİZİYE;BAŞOVACIK;BAŞOVACIK KÜME EVLER;sokak;535389
ERZURUM;AZİZİYE;BEYPINARI;BEYPINARI KÜME EVLER;sokak;755885
ERZURUM;AZİZİYE;BEYPINARI;ÇEVRE YOLU BULVAR;sokak;455917080
ERZURUM;AZİZİYE;BİNGÖZE;BİNGÖZE KÜME EVLER;sokak;523948
ERZURUM;AZİZİYE;ÇAMLICA;ÇAMLICA KÜME EVLER;sokak;536178
ERZURUM;AZİZİYE;ÇATAK;ÇATAK KÜME EVLER;sokak;541328
ERZURUM;AZİZİYE;ÇAVDARLI;ÇAVDARLI KÜME EVLER;sokak;530409
ERZURUM;AZİZİYE;ÇAVDARLI;ÇAVDARLI/1 KÜME EVLER;sokak;301219900
ERZURUM;AZİZİYE;ÇAVDARLI;HALİLKAYA KÜME EVLER;sokak;189214780
ERZURUM;AZİZİYE;ÇAVUŞOĞLU;ÇAVUŞOĞLU KÜME EVLER;sokak;537762
ERZURUM;AZİZİYE;ÇAVUŞOĞLU;OVACIK SÖĞÜTLÜ KÜME EVLER;sokak;200854371
ERZURUM;AZİZİYE;ÇIKRIKLI;ÇIKRIKLI KÜME EVLER;sokak;527913
ERZURUM;AZİZİYE;ÇİĞDEMLİ;ÇİĞDEMLİ KÜME EVLER;sokak;506613
ERZURUM;AZİZİYE;ÇİĞDEMLİ;ÇİĞDEMLİ1 SOKAK;sokak;105419930
ERZURUM;AZİZİYE;ÇİĞDEMLİ;ÇİĞDEMLİ2 SOKAK;sokak;243286010
ERZURUM;AZİZİYE;ÇİĞDEMLİ;ÇİĞDEMLİ3 SOKAK;sokak;310070990
ERZURUM;AZİZİYE;ÇİĞDEMLİ;ÇİĞDEMLİ4 SOKAK;sokak;618377200
ERZURUM;AZİZİYE;ÇİĞDEMLİ;ÇİĞDEMLİ5 SOKAK;sokak;401565310
ERZURUM;AZİZİYE;ÇİĞDEMLİ;E 80 BULVAR;sokak;1059539
ERZURUM;AZİZİYE;DAĞDAGÜL;DAĞDAGÜL KÜME EVLER;sokak;539168
ERZURUM;AZİZİYE;DEMİRGEÇİT;DEMİRGEÇİT KÜME EVLER;sokak;757983
ERZURUM;AZİZİYE;DÜZTOPRAK;DÜZTOPRAK KÜME EVLER;sokak;751426
ERZURUM;AZİZİYE;EĞERTİ;EĞERTİ KÜME EVLER;sokak;539511
ERZURUM;AZİZİYE;ELMALI;ELMALI KÜME EVLER;sokak;465337
ERZURUM;AZİZİYE;EMRECİK;EMRECİK KÜME EVLER;sokak;376776
ERZURUM;AZİZİYE;EMRECİK;EMRECİK1 SOKAK;sokak;203690880
ERZURUM;AZİZİYE;EMRECİK;EMRECİK2 SOKAK;sokak;323886960
ERZURUM;AZİZİYE;EMRECİK;PAŞAYURDU KÜME EVLER;sokak;503089721
ERZURUM;AZİZİYE;ESKİPOLAT;ESKİPOLAT KÜME EVLER;sokak;536325
ERZURUM;AZİZİYE;ESKİPOLAT;SORKUNLU KÜME EVLER;sokak;503044840
ERZURUM;AZİZİYE;EŞKİNKAYA;EŞKİNKAYA KÜME EVLER;sokak;42141
ERZURUM;AZİZİYE;GELİNKAYA;BAŞÇAKMAK KÜME EVLER;sokak;644022170
ERZURUM;AZİZİYE;GELİNKAYA;E 80 BULVAR;sokak;101598120
ERZURUM;AZİZİYE;GELİNKAYA;GELİNKAYA 2 KÜME EVLER;sokak;574821
ERZURUM;AZİZİYE;GELİNKAYA;GELİNKAYA KÜME EVLER;sokak;564820
ERZURUM;AZİZİYE;GEYİK;GEYİK KÜME EVLER;sokak;525805
ERZURUM;AZİZİYE;GEYİK;TAŞPINAR KÜME EVLER;sokak;820811671
ERZURUM;AZİZİYE;GEZ KÖYÜOSB;1. SOKAK;sokak;59163
ERZURUM;AZİZİYE;GEZ KÖYÜOSB;1. YÖNETİM SOKAK;sokak;880719800
ERZURUM;AZİZİYE;GEZ KÖYÜOSB;1.SANAYİ CADDE;cadde;1063498
ERZURUM;AZİZİYE;GEZ KÖYÜOSB;2. SOKAK;sokak;644563
ERZURUM;AZİZİYE;GEZ KÖYÜOSB;2.SANAYİ CADDE;cadde;813600
ERZURUM;AZİZİYE;GEZ KÖYÜOSB;3. SOKAK;sokak;59164
ERZURUM;AZİZİYE;GEZ KÖYÜOSB;3.SANAYİ CADDE;cadde;830718
ERZURUM;AZİZİYE;GEZ KÖYÜOSB;4.SANAYİ SOKAK;sokak;813599
ERZURUM;AZİZİYE;GEZ KÖYÜOSB;5.SANAYİ SOKAK;sokak;810195
ERZURUM;AZİZİYE;GEZ KÖYÜOSB;6.SANAYİ SOKAK;sokak;816555
ERZURUM;AZİZİYE;GEZ KÖYÜOSB;EK OSB KÜME EVLER;sokak;910625
ERZURUM;AZİZİYE;GEZ KÖYÜOSB;EK OSB/1 SOKAK;sokak;540007570
ERZURUM;AZİZİYE;GEZ KÖYÜOSB;ORGANİZE CAMİİ SOKAK;sokak;820680
ERZURUM;AZİZİYE;GEZ KÖYÜOSB;YÖNETİM CADDE;cadde;895760
ERZURUM;AZİZİYE;GEZKÖY;1. CAMİ SOKAK;sokak;487626450
ERZURUM;AZİZİYE;GEZKÖY;1. GEZ SANAYİ KÜME EVLER;sokak;816492
ERZURUM;AZİZİYE;GEZKÖY;1. SANAYİ SOKAK;sokak;704586580
ERZURUM;AZİZİYE;GEZKÖY;10. SANAYİ SOKAK;sokak;298461770
ERZURUM;AZİZİYE;GEZKÖY;11. SANAYİ SOKAK;sokak;565651460
ERZURUM;AZİZİYE;GEZKÖY;12. SANAYİ SOKAK;sokak;605137360
ERZURUM;AZİZİYE;GEZKÖY;13. SANAYİ SOKAK;sokak;932442420
ERZURUM;AZİZİYE;GEZKÖY;14. SANAYİ SOKAK;sokak;709385190
ERZURUM;AZİZİYE;GEZKÖY;15. SANAYİ SOKAK;sokak;392956130
ERZURUM;AZİZİYE;GEZKÖY;16. SANAYİ SOKAK;sokak;555536550
ERZURUM;AZİZİYE;GEZKÖY;17. SANAYİ SOKAK;sokak;121179660
ERZURUM;AZİZİYE;GEZKÖY;18. SANAYİ SOKAK;sokak;628648630
ERZURUM;AZİZİYE;GEZKÖY;19. SANAYİ SOKAK;sokak;666804550
ERZURUM;AZİZİYE;GEZKÖY;2. GEZ SANAYİ KÜME EVLER;sokak;974141
ERZURUM;AZİZİYE;GEZKÖY;2. SANAYİ SOKAK;sokak;334548280
ERZURUM;AZİZİYE;GEZKÖY;20. SANAYİ SOKAK;sokak;919071960
ERZURUM;AZİZİYE;GEZKÖY;21. SANAYİ SOKAK;sokak;214278770
ERZURUM;AZİZİYE;GEZKÖY;22. SANAYİ SOKAK;sokak;667871850
ERZURUM;AZİZİYE;GEZKÖY;23. SANAYİ SOKAK;sokak;816722710
ERZURUM;AZİZİYE;GEZKÖY;24. SANAYİ SOKAK;sokak;106066480
ERZURUM;AZİZİYE;GEZKÖY;25. SANAYİ SOKAK;sokak;757321490
ERZURUM;AZİZİYE;GEZKÖY;26. SANAYİ SOKAK;sokak;941205990
ERZURUM;AZİZİYE;GEZKÖY;27. SANAYİ SOKAK;sokak;589505850
ERZURUM;AZİZİYE;GEZKÖY;3. GEZ SANAYİ SOKAK;sokak;1064718
ERZURUM;AZİZİYE;GEZKÖY;3. SANAYİ SOKAK;sokak;873047540
ERZURUM;AZİZİYE;GEZKÖY;3.SANAYİ CADDE;cadde;83878660
ERZURUM;AZİZİYE;GEZKÖY;4. SANAYİ SOKAK;sokak;409829510
ERZURUM;AZİZİYE;GEZKÖY;5. SANAYİ SOKAK;sokak;331927250
ERZURUM;AZİZİYE;GEZKÖY;6. SANAYİ SOKAK;sokak;485777040
ERZURUM;AZİZİYE;GEZKÖY;7. SANAYİ SOKAK;sokak;442772260
ERZURUM;AZİZİYE;GEZKÖY;8. SANAYİ SOKAK;sokak;876307290
ERZURUM;AZİZİYE;GEZKÖY;9. SANAYİ SOKAK;sokak;876654930
ERZURUM;AZİZİYE;GEZKÖY;ADNAN MENDERES CADDE;cadde;701820500
ERZURUM;AZİZİYE;GEZKÖY;AHİ CADDE;cadde;389645810
ERZURUM;AZİZİYE;GEZKÖY;BABİL SOKAK;sokak;344863650
ERZURUM;AZİZİYE;GEZKÖY;CAHAR DUDAYEV CADDE;cadde;230282771
ERZURUM;AZİZİYE;GEZKÖY;ÇİÇEKLİDAĞ SOKAK;sokak;711932050
ERZURUM;AZİZİYE;GEZKÖY;E 80 BULVAR;sokak;275483
ERZURUM;AZİZİYE;GEZKÖY;HASRET SOKAK;sokak;391764250
ERZURUM;AZİZİYE;GEZKÖY;HURDACILAR SOKAK;sokak;826149830
ERZURUM;AZİZİYE;GEZKÖY;NAKLİYECİLER SOKAK;sokak;699538830
ERZURUM;AZİZİYE;GEZKÖY;PAYE SOKAK;sokak;764182840
ERZURUM;AZİZİYE;GEZKÖY;PROF. DR. NECMETTİN ERBAKAN BULVAR;sokak;106997750
ERZURUM;AZİZİYE;GEZKÖY;REFAH SOKAK;sokak;648133220
ERZURUM;AZİZİYE;GEZKÖY;SAĞLIK SOKAK;sokak;756653
ERZURUM;AZİZİYE;GEZKÖY;TEDRİSAT CADDE;cadde;601638881
ERZURUM;AZİZİYE;GEZKÖY;TÜMAY SOKAK;sokak;996621990
ERZURUM;AZİZİYE;GEZKÖY;ÜCRA SOKAK;sokak;471240110
ERZURUM;AZİZİYE;GEZKÖY;YENİ SEBZE HALİ CADDE;cadde;754500
ERZURUM;AZİZİYE;GÜLLÜCE;GÜLLÜCE KÜME EVLER;sokak;542244
ERZURUM;AZİZİYE;HALİLKAYA;HALİLKAYA KÜME EVLER;sokak;558421
ERZURUM;AZİZİYE;HALİLKAYA;HAN KÜME EVLER;sokak;557125
ERZURUM;AZİZİYE;ILICA;1. SANCAK SOKAK;sokak;433676
ERZURUM;AZİZİYE;ILICA;1.CBS SOKAK;sokak;829053081
ERZURUM;AZİZİYE;ILICA;1.SANAYİ CADDE CADDE;cadde;849837661
ERZURUM;AZİZİYE;ILICA;11 MART SOKAK;sokak;227385
ERZURUM;AZİZİYE;ILICA;12 MART SOKAK;sokak;219038
ERZURUM;AZİZİYE;ILICA;18 MART SOKAK;sokak;219062
ERZURUM;AZİZİYE;ILICA;2. BEYPINAR SOKAK;sokak;66640
ERZURUM;AZİZİYE;ILICA;2. CAMİ SOKAK;sokak;229044
ERZURUM;AZİZİYE;ILICA;2. NENE HATUN SOKAK;sokak;229052
ERZURUM;AZİZİYE;ILICA;2. OSMAN GAZİ CADDE;cadde;433652
ERZURUM;AZİZİYE;ILICA;201 EVLER SOKAK;sokak;66289
ERZURUM;AZİZİYE;ILICA;30 AĞUSTOS SOKAK;sokak;427496
ERZURUM;AZİZİYE;ILICA;ACEM SOKAK;sokak;767133460
ERZURUM;AZİZİYE;ILICA;AGAH HOCA SOKAK;sokak;229040
ERZURUM;AZİZİYE;ILICA;AĞDERE SOKAK;sokak;161672070
ERZURUM;AZİZİYE;ILICA;ALİ KEMALİ PAŞA SOKAK;sokak;686154000
ERZURUM;AZİZİYE;ILICA;ALVARLI MUHAMMET LÜTFÜ EFENDİ CADDE;cadde;433326
ERZURUM;AZİZİYE;ILICA;AŞIK ERBABİ SOKAK;sokak;337827310
ERZURUM;AZİZİYE;ILICA;AŞIK MEVLÜT İHSANİ CADDE;cadde;594078900
ERZURUM;AZİZİYE;ILICA;AŞIK NİHANİ SOKAK;sokak;410312610
ERZURUM;AZİZİYE;ILICA;AŞIK NUSRET TORUNİ SOKAK;sokak;613238120
ERZURUM;AZİZİYE;ILICA;AŞIK REYHANİ SOKAK;sokak;433695
ERZURUM;AZİZİYE;ILICA;AŞIK RUHANİ SOKAK;sokak;809168020
ERZURUM;AZİZİYE;ILICA;AŞIK SÜMMANİ SOKAK;sokak;229055
ERZURUM;AZİZİYE;ILICA;AYIŞIĞI SOKAK;sokak;451952450
ERZURUM;AZİZİYE;ILICA;AZİZİYE CADDE;cadde;433690
ERZURUM;AZİZİYE;ILICA;AZİZİYELİLER SOKAK;sokak;219061
ERZURUM;AZİZİYE;ILICA;BAHTİYAR VAHAPZADE SOKAK;sokak;957037650
ERZURUM;AZİZİYE;ILICA;BAYRAK SOKAK;sokak;227386
ERZURUM;AZİZİYE;ILICA;BORALTAN SOKAK;sokak;442844120
ERZURUM;AZİZİYE;ILICA;CAMİ 3- SOKAK;sokak;433671
ERZURUM;AZİZİYE;ILICA;CEBRAİL SOKAK;sokak;955760700
ERZURUM;AZİZİYE;ILICA;CEVDET DURSUNOĞLU- KÜME EVLER;sokak;433663
ERZURUM;AZİZİYE;ILICA;CEVDET ILICALI SOKAK;sokak;433322
ERZURUM;AZİZİYE;ILICA;CEVİZLİ SOKAK;sokak;427497
ERZURUM;AZİZİYE;ILICA;CİHAT GÜNGÖR SOKAK;sokak;433696
ERZURUM;AZİZİYE;ILICA;ÇANAKKALE SOKAK;sokak;433674
ERZURUM;AZİZİYE;ILICA;ÇAY SOKAK;sokak;433325
ERZURUM;AZİZİYE;ILICA;ÇEVRE YOLU BULVAR;sokak;1012934
ERZURUM;AZİZİYE;ILICA;ÇİĞDEM SOKAK;sokak;219068
ERZURUM;AZİZİYE;ILICA;ÇİMEN SOKAK;sokak;219067
ERZURUM;AZİZİYE;ILICA;DEĞİRMEN SOKAK;sokak;229038
ERZURUM;AZİZİYE;ILICA;DEMİRGEÇİT YOLU KÜME EVLER;sokak;433920911
ERZURUM;AZİZİYE;ILICA;DERE SOKAK;sokak;230250
ERZURUM;AZİZİYE;ILICA;DUMLUPINAR SOKAK;sokak;219063
ERZURUM;AZİZİYE;ILICA;E 80 BULVAR;sokak;227379
ERZURUM;AZİZİYE;ILICA;ELÇİBEY SOKAK;sokak;403929380
ERZURUM;AZİZİYE;ILICA;EMİN- SOKAK;sokak;433654
ERZURUM;AZİZİYE;ILICA;ERTUĞRUL GAZİ SOKAK;sokak;229056
ERZURUM;AZİZİYE;ILICA;ERZURUMLU EMRAH SOKAK;sokak;427492
ERZURUM;AZİZİYE;ILICA;ERZURUMLU RAHMİ SOKAK;sokak;497981430
ERZURUM;AZİZİYE;ILICA;ERZURUMLU ZİHNİ SOKAK;sokak;718884990
ERZURUM;AZİZİYE;ILICA;ESMANİ BEY SOKAK;sokak;433655
ERZURUM;AZİZİYE;ILICA;EVLİYA ÇELEBİ CADDE;cadde;326269
ERZURUM;AZİZİYE;ILICA;FATİH SULTAN MEHMET SOKAK;sokak;227381
ERZURUM;AZİZİYE;ILICA;FENNİ EFENDİ SOKAK;sokak;250839730
ERZURUM;AZİZİYE;ILICA;FERAH CAMİ SOKAK;sokak;219066
ERZURUM;AZİZİYE;ILICA;FERYADİ SOKAK;sokak;840212860
ERZURUM;AZİZİYE;ILICA;GAR SOKAK;sokak;229050
ERZURUM;AZİZİYE;ILICA;GÖK KUBBE SOKAK;sokak;960018210
ERZURUM;AZİZİYE;ILICA;GÜL SOKAK;sokak;427489
ERZURUM;AZİZİYE;ILICA;GÜLERYÜZ SOKAK;sokak;637875010
ERZURUM;AZİZİYE;ILICA;GÜLİSTAN- SOKAK;sokak;229036
ERZURUM;AZİZİYE;ILICA;GÜMÜŞ SOKAK;sokak;433675
ERZURUM;AZİZİYE;ILICA;HALUK GÜÇLÜ SOKAK;sokak;685262190
ERZURUM;AZİZİYE;ILICA;HANKENDİ SOKAK;sokak;644335760
ERZURUM;AZİZİYE;ILICA;HOCA AHMET YESEVİ CADDE;cadde;326268
ERZURUM;AZİZİYE;ILICA;HOCALI SOKAK;sokak;477346110
ERZURUM;AZİZİYE;ILICA;HOCAVEND SOKAK;sokak;706914800
ERZURUM;AZİZİYE;ILICA;HORHOR SOKAK;sokak;931677320
ERZURUM;AZİZİYE;ILICA;İLMİ EFENDİ SOKAK;sokak;218155190
ERZURUM;AZİZİYE;ILICA;İSMAİL GÜRCAN SOKAK;sokak;229035
ERZURUM;AZİZİYE;ILICA;KAHRAMAN SOKAK;sokak;219069
ERZURUM;AZİZİYE;ILICA;KARABAĞ SOKAK;sokak;189022470
ERZURUM;AZİZİYE;ILICA;KARANFİL SOKAK;sokak;433667
ERZURUM;AZİZİYE;ILICA;KAVAKLI SOKAK;sokak;229039
ERZURUM;AZİZİYE;ILICA;KAZIM KARABEKİR CADDE;cadde;433666
ERZURUM;AZİZİYE;ILICA;KEMAL MÜHÜRDAROĞLU SOKAK;sokak;229045
ERZURUM;AZİZİYE;ILICA;KEMALİ EFENDİ SOKAK;sokak;757714930
ERZURUM;AZİZİYE;ILICA;KENAN TUNA SOKAK;sokak;693494880
ERZURUM;AZİZİYE;ILICA;KIBRIS SOKAK;sokak;227387
ERZURUM;AZİZİYE;ILICA;KILIÇ SOKAK;sokak;433651
ERZURUM;AZİZİYE;ILICA;KIYI SOKAK;sokak;229047
ERZURUM;AZİZİYE;ILICA;KURBAN- SOKAK;sokak;433653
ERZURUM;AZİZİYE;ILICA;LAÇİN SOKAK;sokak;260236630
ERZURUM;AZİZİYE;ILICA;LALE SOKAK;sokak;229049
ERZURUM;AZİZİYE;ILICA;MAHUR SOKAK;sokak;977284970
ERZURUM;AZİZİYE;ILICA;MALAZGİRT SOKAK;sokak;427493
ERZURUM;AZİZİYE;ILICA;MEHMET AKİF ERSOY SOKAK;sokak;230295
ERZURUM;AZİZİYE;ILICA;MEHMET EMİN RESULZADE SOKAK;sokak;229366
ERZURUM;AZİZİYE;ILICA;MEHTER SOKAK;sokak;326281
ERZURUM;AZİZİYE;ILICA;MELTEM SOKAK;sokak;227382
ERZURUM;AZİZİYE;ILICA;MENEKŞE SOKAK;sokak;229037
ERZURUM;AZİZİYE;ILICA;MENSUR HOCA SOKAK;sokak;229043
ERZURUM;AZİZİYE;ILICA;MESİRE 1- SOKAK;sokak;433669
ERZURUM;AZİZİYE;ILICA;MESİRE SOKAK;sokak;433327
ERZURUM;AZİZİYE;ILICA;MEZAR ARKALI MEVLÜT SOKAK;sokak;433688
ERZURUM;AZİZİYE;ILICA;MURTAZA HOCA SOKAK;sokak;433658
ERZURUM;AZİZİYE;ILICA;NAFİZ BEY CADDE;cadde;433648
ERZURUM;AZİZİYE;ILICA;NAFİZ KOTAN SOKAK;sokak;230592
ERZURUM;AZİZİYE;ILICA;NARE SOKAK;sokak;928283750
ERZURUM;AZİZİYE;ILICA;NAZİF KURAN SOKAK;sokak;433321
ERZURUM;AZİZİYE;ILICA;NECATİ YILDIRGAN SOKAK;sokak;433683
ERZURUM;AZİZİYE;ILICA;NECİP FAZIL KISAKÜREK SOKAK;sokak;433323
ERZURUM;AZİZİYE;ILICA;NEFİ SOKAK;sokak;239092780
ERZURUM;AZİZİYE;ILICA;NİHAT GEMALMAZ SOKAK;sokak;230593
ERZURUM;AZİZİYE;ILICA;NİHAT KABANLI SOKAK;sokak;433324
ERZURUM;AZİZİYE;ILICA;NOKSANİ BABA SOKAK;sokak;944769830
ERZURUM;AZİZİYE;ILICA;OKUL YOLU SOKAK;sokak;433686
ERZURUM;AZİZİYE;ILICA;ORGANİZE SANAYİ 1.SOKAK SOKAK;sokak;215754931
ERZURUM;AZİZİYE;ILICA;ORGANİZE SANAYİ 2.SOKAK SOKAK;sokak;348139071
ERZURUM;AZİZİYE;ILICA;ORGANİZE SANAYİ 3.SOKAK SOKAK;sokak;424723651
ERZURUM;AZİZİYE;ILICA;ORGANİZE SANAYİ 4.SOKAK SOKAK;sokak;158096681
ERZURUM;AZİZİYE;ILICA;ORGANİZE SANAYİ 5.SOKAK SOKAK;sokak;313341391
ERZURUM;AZİZİYE;ILICA;ORGANİZE SANAYİ 6. SOKAK SOKAK;sokak;308674281
ERZURUM;AZİZİYE;ILICA;ORHAN BEY SOKAK;sokak;433698
ERZURUM;AZİZİYE;ILICA;OSMANLI SOKAK;sokak;433673
ERZURUM;AZİZİYE;ILICA;ÖMER NASUHİ BİLMEN CADDE;cadde;433692
ERZURUM;AZİZİYE;ILICA;PALANDÖKEN SOKAK;sokak;229365
ERZURUM;AZİZİYE;ILICA;PİRALİ BABA SOKAK;sokak;229041
ERZURUM;AZİZİYE;ILICA;PİRAYE SOKAK;sokak;374499230
ERZURUM;AZİZİYE;ILICA;PULUR ÇAYI SOKAK;sokak;433682
ERZURUM;AZİZİYE;ILICA;REFİK DURBAŞ SOKAK;sokak;399737300
ERZURUM;AZİZİYE;ILICA;REŞİT KARABACAK SOKAK;sokak;229051
ERZURUM;AZİZİYE;ILICA;SALİH ALAK- SOKAK;sokak;433659
ERZURUM;AZİZİYE;ILICA;SAMİ TEKİN SOKAK;sokak;834695440
ERZURUM;AZİZİYE;ILICA;SANAYİ CADDE;cadde;229367
ERZURUM;AZİZİYE;ILICA;SEDEF SOKAK;sokak;66632
ERZURUM;AZİZİYE;ILICA;SELAMİ KARAKELLE SOKAK;sokak;439169
ERZURUM;AZİZİYE;ILICA;SOLAKZADE SOKAK;sokak;230296
ERZURUM;AZİZİYE;ILICA;SÖĞÜT SOKAK;sokak;427490
ERZURUM;AZİZİYE;ILICA;ŞAİR NECCARİ SOKAK;sokak;607132860
ERZURUM;AZİZİYE;ILICA;ŞAİR NEFİ SOKAK;sokak;229053
ERZURUM;AZİZİYE;ILICA;ŞAİR SERMET SOKAK;sokak;542008110
ERZURUM;AZİZİYE;ILICA;ŞAİR ŞEFİKCAN SOKAK;sokak;807926330
ERZURUM;AZİZİYE;ILICA;ŞAİR ZİKRİ SOKAK;sokak;280990000
ERZURUM;AZİZİYE;ILICA;ŞARİ SİRACİ SOKAK;sokak;267224540
ERZURUM;AZİZİYE;ILICA;ŞEHİT ADEM GEZER SOKAK;sokak;126252160
ERZURUM;AZİZİYE;ILICA;ŞEHİT ÇAVUŞ TAMER ALAK SOKAK;sokak;433661
ERZURUM;AZİZİYE;ILICA;ŞEHİT JANDARMA ER AHMET KUNDAKÇI- SOKAK;sokak;433664
ERZURUM;AZİZİYE;ILICA;ŞEHİT JANDARMA ER HANEFİ AYDIN SOKAK;sokak;227384
ERZURUM;AZİZİYE;ILICA;ŞEHİT JANDARMA ER KURBAN HATUN- SOKAK;sokak;433656
ERZURUM;AZİZİYE;ILICA;ŞEHİT JANDARMA KIDEMLİ ÜSTEĞMEN EROL KARADAĞ CADDE;cadde;229048
ERZURUM;AZİZİYE;ILICA;ŞEHİT JANDARMA KOMANDO ER İBRAHİM AŞIKOĞLU SOKAK;sokak;66271
ERZURUM;AZİZİYE;ILICA;ŞEHİT NURETTİN TOKYÜREK SOKAK;sokak;870146681
ERZURUM;AZİZİYE;ILICA;ŞEHİT PİYADE ÇAVUŞ SERHAT ÖNDER SOKAK;sokak;230247
ERZURUM;AZİZİYE;ILICA;ŞEHİT PİYADE KOMANDO ER MUSTAFA MUTLU SOKAK;sokak;433685
ERZURUM;AZİZİYE;ILICA;ŞEHİT PİYADE KOMANDO ER RÜSTEM KOÇ SOKAK;sokak;433687
ERZURUM;AZİZİYE;ILICA;ŞEHİT POLİS ERCAN YILMAZ SOKAK;sokak;439166
ERZURUM;AZİZİYE;ILICA;ŞEHİT SEDAT SORGUN SOKAK;sokak;542200660
ERZURUM;AZİZİYE;ILICA;ŞEYH EDEBALİ SOKAK;sokak;66282
ERZURUM;AZİZİYE;ILICA;ŞUŞA SOKAK;sokak;556775460
ERZURUM;AZİZİYE;ILICA;TABYA SOKAK;sokak;219039
ERZURUM;AZİZİYE;ILICA;TERMAL CADDE;cadde;219065
ERZURUM;AZİZİYE;ILICA;TRAFO SOKAK;sokak;227380
ERZURUM;AZİZİYE;ILICA;TREN YOLU SOKAK;sokak;433670
ERZURUM;AZİZİYE;ILICA;TUĞRA SOKAK;sokak;722658
ERZURUM;AZİZİYE;ILICA;VEYSEL ÜNÜVAR PAŞA SOKAK;sokak;638314160
ERZURUM;AZİZİYE;ILICA;YAVUZ SELİM CADDE;cadde;433691
ERZURUM;AZİZİYE;ILICA;YEŞİL CAMİ SOKAK;sokak;230249
ERZURUM;AZİZİYE;ILICA;YUNUS EMRE SOKAK;sokak;433693
ERZURUM;AZİZİYE;ILICA;YUSUF ZİYA PAŞA SOKAK;sokak;300938010
ERZURUM;AZİZİYE;ILICA;ZİYA PAŞA SOKAK;sokak;433694
ERZURUM;AZİZİYE;ILICA;ZÜMRÜT SOKAK;sokak;66635
ERZURUM;AZİZİYE;KABAKTEPE;KABAKTEPE KÜME EVLER;sokak;526674
ERZURUM;AZİZİYE;KAHRAMANLAR;ÇEVRE YOLU BULVAR;sokak;278347870
ERZURUM;AZİZİYE;KAHRAMANLAR;KAHRAMANLAR KÜME EVLER;sokak;755886
ERZURUM;AZİZİYE;KAPULU;KAPULU KÜME EVLER;sokak;522649
ERZURUM;AZİZİYE;KARAKALE;KARAKALE KÜME EVLER;sokak;526611
ERZURUM;AZİZİYE;KARAKALE;ÜÇKÖŞE B.M KÜME EVLER;sokak;386350581
ERZURUM;AZİZİYE;KAVAKLIDERE;KAVAKLIDERE KÜME EVLER;sokak;566872
ERZURUM;AZİZİYE;KAYAPA;ÇEVRE YOLU BULVAR;sokak;123588590
ERZURUM;AZİZİYE;KAYAPA;E 80 BULVAR;sokak;237541380
ERZURUM;AZİZİYE;KAYAPA;KAYAPA KÜME EVLER;sokak;757982
ERZURUM;AZİZİYE;KIZILKALE;BAŞKURTDERE KÜME EVLER;sokak;390377341
ERZURUM;AZİZİYE;KIZILKALE;KIZILKALE KÜME EVLER;sokak;546276
ERZURUM;AZİZİYE;KUMLUYAZI;KUMLUYAZI KÜME EVLER;sokak;189234
ERZURUM;AZİZİYE;KUŞÇU;ÇEVRE YOLU BULVAR;sokak;189435630
ERZURUM;AZİZİYE;KUŞÇU;KUŞÇU KÜME EVLER;sokak;751427
ERZURUM;AZİZİYE;KUZGUN;KUZGUN KÜME EVLER;sokak;557199
ERZURUM;AZİZİYE;KUZULUK;KUZULUK KÜME EVLER;sokak;532990
ERZURUM;AZİZİYE;OCAK;OCAK KÜME EVLER;sokak;529603
ERZURUM;AZİZİYE;ÖMERTEPE;DİLİMLİ KÜME EVLER;sokak;753330
ERZURUM;AZİZİYE;ÖMERTEPE;ÖMERTEPE KÜME EVLER;sokak;751428
ERZURUM;AZİZİYE;ÖZBEK;ÖZBEK KÜME EVLER;sokak;356470
ERZURUM;AZİZİYE;ÖZBİLEN;KAHRAMANLAR KÜME EVLER;sokak;479277101
ERZURUM;AZİZİYE;ÖZBİLEN;ÖZBİLEN KÜME EVLER;sokak;751190
ERZURUM;AZİZİYE;ÖZBİLEN;SARIYAYLA KÜME EVLER;sokak;826412910
ERZURUM;AZİZİYE;PAŞAYURDU;E 80 BULVAR;sokak;675138950
ERZURUM;AZİZİYE;PAŞAYURDU;PAŞAYURDU 1. KÜME EVLER;sokak;265964370
ERZURUM;AZİZİYE;PAŞAYURDU;PAŞAYURDU KÜME EVLER;sokak;554311
ERZURUM;AZİZİYE;PAŞAYURDU;PAŞAYURDU1 SOKAK;sokak;300778200
ERZURUM;AZİZİYE;PAŞAYURDU;PAŞAYURDU2 SOKAK;sokak;274609630
ERZURUM;AZİZİYE;PAŞAYURDU;PAŞAYURDU3 SOKAK;sokak;515602330
ERZURUM;AZİZİYE;PAŞAYURDU;PAŞAYURDU4 SOKAK;sokak;354468630
ERZURUM;AZİZİYE;PAŞAYURDU;PAŞAYURDU5 SOKAK;sokak;698866460
ERZURUM;AZİZİYE;PAŞAYURDU;PAŞAYURDU6 SOKAK;sokak;832499790
ERZURUM;AZİZİYE;RİZEKENT;RİZEKENT KÜME EVLER;sokak;542566
ERZURUM;AZİZİYE;SAKALIKESİK;SAKAL KÜME EVLER;sokak;722948
ERZURUM;AZİZİYE;SALTUKLU;1. EĞRİÇINAR SOKAK;sokak;569473771
ERZURUM;AZİZİYE;SALTUKLU;1. HALİKARNAS SOKAK;sokak;950390461
ERZURUM;AZİZİYE;SALTUKLU;1. SÜRMELİ SOKAK;sokak;717009181
ERZURUM;AZİZİYE;SALTUKLU;1. ZAFER SOKAK;sokak;942259191
ERZURUM;AZİZİYE;SALTUKLU;18. SOKAK;sokak;930254
ERZURUM;AZİZİYE;SALTUKLU;2. EĞRİÇINAR SOKAK;sokak;183464031
ERZURUM;AZİZİYE;SALTUKLU;27. SOKAK;sokak;973571
ERZURUM;AZİZİYE;SALTUKLU;3. SELİM CADDE;cadde;757979510
ERZURUM;AZİZİYE;SALTUKLU;30. SOKAK;sokak;1062903
ERZURUM;AZİZİYE;SALTUKLU;35. SOKAK;sokak;629280640
ERZURUM;AZİZİYE;SALTUKLU;4. MURAT CADDE;cadde;882316
ERZURUM;AZİZİYE;SALTUKLU;ADNAN MENDERES CADDE;cadde;1079125
ERZURUM;AZİZİYE;SALTUKLU;AKABE SOKAK;sokak;770095
ERZURUM;AZİZİYE;SALTUKLU;AKAR SOKAK;sokak;878107
ERZURUM;AZİZİYE;SALTUKLU;AKASYALI SOKAK;sokak;433340100
ERZURUM;AZİZİYE;SALTUKLU;AKIN SOKAK;sokak;829958
ERZURUM;AZİZİYE;SALTUKLU;AKSU SOKAK;sokak;665797151
ERZURUM;AZİZİYE;SALTUKLU;ALİN SOKAK;sokak;265337291
ERZURUM;AZİZİYE;SALTUKLU;ALİYA İZZET BEGOVİÇ CADDE;cadde;770097
ERZURUM;AZİZİYE;SALTUKLU;ALPARSLAN SOKAK;sokak;845808850
ERZURUM;AZİZİYE;SALTUKLU;ALPTEKİN SOKAK;sokak;684831710
ERZURUM;AZİZİYE;SALTUKLU;ALSANCAK SOKAK;sokak;605955350
ERZURUM;AZİZİYE;SALTUKLU;ASMA SALKIM SOKAK;sokak;533198770
ERZURUM;AZİZİYE;SALTUKLU;ASUDE SOKAK;sokak;557313351
ERZURUM;AZİZİYE;SALTUKLU;ASYA SOKAK;sokak;333161421
ERZURUM;AZİZİYE;SALTUKLU;ATALAY CADDE;cadde;60603
ERZURUM;AZİZİYE;SALTUKLU;ATATÜRK CADDE;cadde;842637
ERZURUM;AZİZİYE;SALTUKLU;AYNALI SOKAK;sokak;191896951
ERZURUM;AZİZİYE;SALTUKLU;AYYILDIZ CADDE;cadde;429803
ERZURUM;AZİZİYE;SALTUKLU;BABÜR CADDE;cadde;842936
ERZURUM;AZİZİYE;SALTUKLU;BAHAR SOKAK;sokak;826827
ERZURUM;AZİZİYE;SALTUKLU;BAHTİYAR SOKAK;sokak;849410
ERZURUM;AZİZİYE;SALTUKLU;BALÇİÇEĞİ SOKAK;sokak;843071070
ERZURUM;AZİZİYE;SALTUKLU;BEYAZ KARANFİL SOKAK;sokak;726387940
ERZURUM;AZİZİYE;SALTUKLU;BİLGE SOKAK;sokak;883233
ERZURUM;AZİZİYE;SALTUKLU;BOYALIKÖŞK SOKAK;sokak;910195700
ERZURUM;AZİZİYE;SALTUKLU;CAHAR DUDAYEV CADDE;cadde;759612
ERZURUM;AZİZİYE;SALTUKLU;CANISI SOKAK;sokak;861590270
ERZURUM;AZİZİYE;SALTUKLU;ÇAKABEY SOKAK;sokak;321668520
ERZURUM;AZİZİYE;SALTUKLU;ÇEŞMİZADE SOKAK;sokak;143934900
ERZURUM;AZİZİYE;SALTUKLU;ÇİÇEKLİYALI SOKAK;sokak;489803950
ERZURUM;AZİZİYE;SALTUKLU;DADAŞ CADDE;cadde;429815
ERZURUM;AZİZİYE;SALTUKLU;DEDE MAHMUT SOKAK;sokak;379014510
ERZURUM;AZİZİYE;SALTUKLU;DİLDADE SOKAK;sokak;437971170
ERZURUM;AZİZİYE;SALTUKLU;EBUBEKİR EFENDİ SOKAK;sokak;502839020
ERZURUM;AZİZİYE;SALTUKLU;EFE SOKAK;sokak;815583970
ERZURUM;AZİZİYE;SALTUKLU;EFTELYA SOKAK;sokak;573283120
ERZURUM;AZİZİYE;SALTUKLU;EĞRİÇINAR SOKAK;sokak;776302590
ERZURUM;AZİZİYE;SALTUKLU;EMİRŞEYH CADDE;cadde;429794
ERZURUM;AZİZİYE;SALTUKLU;ERENLER SOKAK;sokak;753950
ERZURUM;AZİZİYE;SALTUKLU;ERZURUMLU KADI DARİR SOKAK;sokak;686399050
ERZURUM;AZİZİYE;SALTUKLU;ESİLA SOKAK;sokak;201770361
ERZURUM;AZİZİYE;SALTUKLU;ESMA SOKAK;sokak;697344320
ERZURUM;AZİZİYE;SALTUKLU;ETHEMBABA CADDE;cadde;414847
ERZURUM;AZİZİYE;SALTUKLU;FECİR SOKAK;sokak;429801
ERZURUM;AZİZİYE;SALTUKLU;FURKAN SOKAK;sokak;808361331
ERZURUM;AZİZİYE;SALTUKLU;GARDENYA SOKAK;sokak;362664760
ERZURUM;AZİZİYE;SALTUKLU;GAZEL SOKAK;sokak;487046470
ERZURUM;AZİZİYE;SALTUKLU;GAZİ AHMET ABDULKERİM AĞGÖN SOKAK;sokak;625920270
ERZURUM;AZİZİYE;SALTUKLU;GAZİ HALİL ELMALI SOKAK;sokak;763135
ERZURUM;AZİZİYE;SALTUKLU;GAZİ LÜTFÜ SONER SOKAK;sokak;429800
ERZURUM;AZİZİYE;SALTUKLU;GAZİ MÜCAHİT AKARSU SOKAK;sokak;721847730
ERZURUM;AZİZİYE;SALTUKLU;GAZİ SADRETTİN ÖZCAN SOKAK;sokak;770101
ERZURUM;AZİZİYE;SALTUKLU;GEZ KÖY KÜME EVLER;sokak;111150600
ERZURUM;AZİZİYE;SALTUKLU;GÜNDOĞDU SOKAK;sokak;258699000
ERZURUM;AZİZİYE;SALTUKLU;GÜNDÜZBEY SOKAK;sokak;512322130
ERZURUM;AZİZİYE;SALTUKLU;GÜZELBAHÇE SOKAK;sokak;881307
ERZURUM;AZİZİYE;SALTUKLU;HABİPBABA CADDE;cadde;429797
ERZURUM;AZİZİYE;SALTUKLU;HACI HÜSEYİN EFENDİ CADDE;cadde;770093
ERZURUM;AZİZİYE;SALTUKLU;HAFIZ HAMİT EFENDİ SOKAK;sokak;808532450
ERZURUM;AZİZİYE;SALTUKLU;HAKTAN SOKAK;sokak;842672
ERZURUM;AZİZİYE;SALTUKLU;HALİFE MANSUR SOKAK;sokak;429657490
ERZURUM;AZİZİYE;SALTUKLU;HALİKARNAS SOKAK;sokak;260864700
ERZURUM;AZİZİYE;SALTUKLU;HATUNİYE SOKAK;sokak;987857
ERZURUM;AZİZİYE;SALTUKLU;HIZIR REİS SOKAK;sokak;752276110
ERZURUM;AZİZİYE;SALTUKLU;IHLAMUR ÇİÇEĞİ SOKAK;sokak;781419910
ERZURUM;AZİZİYE;SALTUKLU;İBRAHİM ERKAL SOKAK;sokak;206219910
ERZURUM;AZİZİYE;SALTUKLU;İBRAHİM HAKKI CADDE;cadde;822651
ERZURUM;AZİZİYE;SALTUKLU;İHVAN SOKAK;sokak;730352550
ERZURUM;AZİZİYE;SALTUKLU;İKBAL SOKAK;sokak;753910
ERZURUM;AZİZİYE;SALTUKLU;İNCİ SOKAK;sokak;482209900
ERZURUM;AZİZİYE;SALTUKLU;İSTİKLAL CADDE;cadde;770091
ERZURUM;AZİZİYE;SALTUKLU;İZZEDDİN SALTUK BEY SOKAK;sokak;395417840
ERZURUM;AZİZİYE;SALTUKLU;KASIMPATI SOKAK;sokak;708734190
ERZURUM;AZİZİYE;SALTUKLU;KAYI SOKAK;sokak;190961060
ERZURUM;AZİZİYE;SALTUKLU;KETEN KUŞU SOKAK;sokak;820716060
ERZURUM;AZİZİYE;SALTUKLU;KETENCİZADE SOKAK;sokak;957288870
ERZURUM;AZİZİYE;SALTUKLU;KILIÇARSLAN SOKAK;sokak;712286050
ERZURUM;AZİZİYE;SALTUKLU;KIR ÇİÇEĞİM SOKAK;sokak;657484100
ERZURUM;AZİZİYE;SALTUKLU;KIRLANGIÇ SOKAK;sokak;626260981
ERZURUM;AZİZİYE;SALTUKLU;KIYMET SOKAK;sokak;794781520
ERZURUM;AZİZİYE;SALTUKLU;KOKULU BAHAR SOKAK;sokak;643738480
ERZURUM;AZİZİYE;SALTUKLU;KÖŞKLÜ SOKAK;sokak;457424830
ERZURUM;AZİZİYE;SALTUKLU;KUMRU SOKAK;sokak;872199940
ERZURUM;AZİZİYE;SALTUKLU;KUTALMIŞ SOKAK;sokak;769843680
ERZURUM;AZİZİYE;SALTUKLU;KÜME EVLER SOKAK;sokak;211372
ERZURUM;AZİZİYE;SALTUKLU;LAVİNYA SOKAK;sokak;291283600
ERZURUM;AZİZİYE;SALTUKLU;LEVENT SOKAK;sokak;466881720
ERZURUM;AZİZİYE;SALTUKLU;MAMAHATUN SOKAK;sokak;935951
ERZURUM;AZİZİYE;SALTUKLU;MAREŞAL FEVZİ ÇAKMAK CADDE;cadde;866169
ERZURUM;AZİZİYE;SALTUKLU;MAZİ SOKAK;sokak;842613
ERZURUM;AZİZİYE;SALTUKLU;MEHMET GÜRGÜR HOCA SOKAK;sokak;517134510
ERZURUM;AZİZİYE;SALTUKLU;MEHPARE SOKAK;sokak;637078550
ERZURUM;AZİZİYE;SALTUKLU;MEKTEPLİ SOKAK;sokak;225831320
ERZURUM;AZİZİYE;SALTUKLU;MELEK SOKAK;sokak;431733430
ERZURUM;AZİZİYE;SALTUKLU;MELİKŞAH SOKAK;sokak;894796
ERZURUM;AZİZİYE;SALTUKLU;MELODİ SOKAK;sokak;673668310
ERZURUM;AZİZİYE;SALTUKLU;MİNELİ BAHÇE SOKAK;sokak;189127740
ERZURUM;AZİZİYE;SALTUKLU;MÜFTÜ HALİS EMEK SOKAK;sokak;866085690
ERZURUM;AZİZİYE;SALTUKLU;MÜMTAZ TURHAN SOKAK;sokak;542367400
ERZURUM;AZİZİYE;SALTUKLU;NENEHATUN CADDE;cadde;858145
ERZURUM;AZİZİYE;SALTUKLU;NOSTALJİ SOKAK;sokak;145871740
ERZURUM;AZİZİYE;SALTUKLU;NUR SOKAK;sokak;770100
ERZURUM;AZİZİYE;SALTUKLU;OKUMUŞ SOKAK;sokak;818402
ERZURUM;AZİZİYE;SALTUKLU;ORKİDE SOKAK;sokak;830385
ERZURUM;AZİZİYE;SALTUKLU;OSMAN BEKTAŞ SOKAK;sokak;472564330
ERZURUM;AZİZİYE;SALTUKLU;OSMANZADE SOKAK;sokak;620576410
ERZURUM;AZİZİYE;SALTUKLU;ÖZDEN SOKAK;sokak;735070301
ERZURUM;AZİZİYE;SALTUKLU;ÖZLEMLİ SOKAK;sokak;456379720
ERZURUM;AZİZİYE;SALTUKLU;PAYİDAR SOKAK;sokak;124950240
ERZURUM;AZİZİYE;SALTUKLU;PROF. DR. HAYATİ DOĞANAY SOKAK;sokak;750907870
ERZURUM;AZİZİYE;SALTUKLU;PROF. DR. NECMETTİN ERBAKAN BULVAR;sokak;853151
ERZURUM;AZİZİYE;SALTUKLU;PROF. DR. SIRRI ERİNÇ SOKAK;sokak;444076580
ERZURUM;AZİZİYE;SALTUKLU;RIZA SOKAK;sokak;770098
ERZURUM;AZİZİYE;SALTUKLU;RÜVEYDA SOKAK;sokak;351502590
ERZURUM;AZİZİYE;SALTUKLU;SAKARYA CADDE;cadde;852059
ERZURUM;AZİZİYE;SALTUKLU;SALKIM SÖĞÜT SOKAK;sokak;814085850
ERZURUM;AZİZİYE;SALTUKLU;SALTUKBEY SOKAK;sokak;741834430
ERZURUM;AZİZİYE;SALTUKLU;SAMYELİ SOKAK;sokak;127846410
ERZURUM;AZİZİYE;SALTUKLU;SANCAK CADDE;cadde;770094
ERZURUM;AZİZİYE;SALTUKLU;SARI GELİN SOKAK;sokak;608058430
ERZURUM;AZİZİYE;SALTUKLU;SELVİLER SOKAK;sokak;717764210
ERZURUM;AZİZİYE;SALTUKLU;SERGÜZEŞT SOKAK;sokak;923401570
ERZURUM;AZİZİYE;SALTUKLU;SERİNCE SOKAK;sokak;842887
ERZURUM;AZİZİYE;SALTUKLU;SEVDALI SOKAK;sokak;623076080
ERZURUM;AZİZİYE;SALTUKLU;SEVİL SOKAK;sokak;727865100
ERZURUM;AZİZİYE;SALTUKLU;SITKI DURSUNOĞLU SOKAK;sokak;630227760
ERZURUM;AZİZİYE;SALTUKLU;SÜMBÜL SOKAK;sokak;666998510
ERZURUM;AZİZİYE;SALTUKLU;SÜRMELİ SOKAK;sokak;264697260
ERZURUM;AZİZİYE;SALTUKLU;ŞEHİT ASTSUBAY ÖMER HALİS DEMİR CADDE;cadde;429799
ERZURUM;AZİZİYE;SALTUKLU;ŞEHİT HALİM ÇİMEN SOKAK;sokak;973569
ERZURUM;AZİZİYE;SALTUKLU;ŞEHİT İSHAK ÇELİK SOKAK;sokak;865437660
ERZURUM;AZİZİYE;SALTUKLU;ŞEHİT MEHMET GÜNDÜZ SOKAK;sokak;490868120
ERZURUM;AZİZİYE;SALTUKLU;ŞEHİT ONBAŞI ÖMER BUDAK CADDE;cadde;429798
ERZURUM;AZİZİYE;SALTUKLU;ŞEHİT ÖZGÜR TOK SOKAK;sokak;665321440
ERZURUM;AZİZİYE;SALTUKLU;ŞEHİT POLİS FETHİ SEKİN CADDE;cadde;918329490
ERZURUM;AZİZİYE;SALTUKLU;ŞEHİT UZMAN ÇAVUŞ ŞENER ALDEMİR SOKAK;sokak;770096
ERZURUM;AZİZİYE;SALTUKLU;ŞEHİT ÜSTEĞMEN EROL KARADAĞ SOKAK;sokak;770099
ERZURUM;AZİZİYE;SALTUKLU;TEDRİSAT CADDE;cadde;296081141
ERZURUM;AZİZİYE;SALTUKLU;TERS LALE SOKAK;sokak;318992971
ERZURUM;AZİZİYE;SALTUKLU;TRANSİT- SOKAK;sokak;749719
ERZURUM;AZİZİYE;SALTUKLU;TUĞRUL ŞAH SOKAK;sokak;365424700
ERZURUM;AZİZİYE;SALTUKLU;TUTKU SOKAK;sokak;431904120
ERZURUM;AZİZİYE;SALTUKLU;VANİLYA SOKAK;sokak;271371400
ERZURUM;AZİZİYE;SALTUKLU;YAKUT SOKAK;sokak;842871
ERZURUM;AZİZİYE;SALTUKLU;YALI SOKAK;sokak;685644830
ERZURUM;AZİZİYE;SALTUKLU;YASEMİN SOKAK;sokak;980207
ERZURUM;AZİZİYE;SALTUKLU;YEŞİLPINAR SOKAK;sokak;449910730
ERZURUM;AZİZİYE;SALTUKLU;YILDIRIM SOKAK;sokak;352507860
ERZURUM;AZİZİYE;SALTUKLU;YILDIZÇİÇEĞİ SOKAK;sokak;291120180
ERZURUM;AZİZİYE;SALTUKLU;YUNUS SOKAK;sokak;842535
ERZURUM;AZİZİYE;SALTUKLU;ZAFER SOKAK;sokak;712700450
ERZURUM;AZİZİYE;SALTUKLU;ZAMBAKLI SOKAK;sokak;549823760
ERZURUM;AZİZİYE;SARIYAYLA;SARIYAYLA KÜME EVLER;sokak;755883
ERZURUM;AZİZİYE;SELÇUKLU;1. HİCAZKAR SOKAK;sokak;836743251
ERZURUM;AZİZİYE;SELÇUKLU;1. OLİMPİYAT SOKAK;sokak;496559471
ERZURUM;AZİZİYE;SELÇUKLU;1. SUSAM SOKAK;sokak;777245241
ERZURUM;AZİZİYE;SELÇUKLU;10. SOKAK;sokak;211369
ERZURUM;AZİZİYE;SELÇUKLU;11. SOKAK;sokak;774387
ERZURUM;AZİZİYE;SELÇUKLU;12. SOKAK;sokak;211368
ERZURUM;AZİZİYE;SELÇUKLU;13. SOKAK;sokak;211366
ERZURUM;AZİZİYE;SELÇUKLU;14. SOKAK;sokak;751160
ERZURUM;AZİZİYE;SELÇUKLU;15 TEMMUZ ŞEHİTLER CADDE;cadde;264706410
ERZURUM;AZİZİYE;SELÇUKLU;15. SOKAK;sokak;856423
ERZURUM;AZİZİYE;SELÇUKLU;2. HİCAZKAR SOKAK;sokak;675528931
ERZURUM;AZİZİYE;SELÇUKLU;2. OLİMPİYAT SOKAK;sokak;243832341
ERZURUM;AZİZİYE;SELÇUKLU;24. SOKAK;sokak;940050
ERZURUM;AZİZİYE;SELÇUKLU;25. SOKAK;sokak;942196
ERZURUM;AZİZİYE;SELÇUKLU;70.YIL CADDE;cadde;55916
ERZURUM;AZİZİYE;SELÇUKLU;8. SOKAK;sokak;211373
ERZURUM;AZİZİYE;SELÇUKLU;AKASYA SOKAK;sokak;914190
ERZURUM;AZİZİYE;SELÇUKLU;ARTUKBEY SOKAK;sokak;521437160
ERZURUM;AZİZİYE;SELÇUKLU;ASMAALTI SOKAK;sokak;303178790
ERZURUM;AZİZİYE;SELÇUKLU;AYDEMİR CADDE;cadde;817232
ERZURUM;AZİZİYE;SELÇUKLU;BAHADIR SOKAK;sokak;912091
ERZURUM;AZİZİYE;SELÇUKLU;BAKAÇ SOKAK;sokak;62614383
ERZURUM;AZİZİYE;SELÇUKLU;BAŞAK SOKAK;sokak;826375
ERZURUM;AZİZİYE;SELÇUKLU;BELEDİYE SOKAK;sokak;294169
ERZURUM;AZİZİYE;SELÇUKLU;BESTENİGAR SOKAK;sokak;761941820
ERZURUM;AZİZİYE;SELÇUKLU;BEYLERBEYİ ALİ PAŞA SOKAK;sokak;277314130
ERZURUM;AZİZİYE;SELÇUKLU;BİLAL SOKAK;sokak;842910
ERZURUM;AZİZİYE;SELÇUKLU;BUHARA SOKAK;sokak;729406
ERZURUM;AZİZİYE;SELÇUKLU;CAHAR DUDAYEV CADDE;cadde;769060
ERZURUM;AZİZİYE;SELÇUKLU;CEMİL KIRIMOĞLU SOKAK;sokak;294168
ERZURUM;AZİZİYE;SELÇUKLU;ÇANÇİÇEĞİ SOKAK;sokak;600539310
ERZURUM;AZİZİYE;SELÇUKLU;ÇELEBİ CADDE;cadde;219743
ERZURUM;AZİZİYE;SELÇUKLU;ÇÖĞENDERLİ HACI SALİH SOKAK;sokak;938491560
ERZURUM;AZİZİYE;SELÇUKLU;DADAŞ CADDE;cadde;220806
ERZURUM;AZİZİYE;SELÇUKLU;DENİZ CADDE;cadde;55915
ERZURUM;AZİZİYE;SELÇUKLU;DENİZ FENERİ CADDE;cadde;222478
ERZURUM;AZİZİYE;SELÇUKLU;DERYA SOKAK;sokak;294171
ERZURUM;AZİZİYE;SELÇUKLU;DİYANET SOKAK;sokak;76195
ERZURUM;AZİZİYE;SELÇUKLU;E 80 BULVAR;sokak;842702
ERZURUM;AZİZİYE;SELÇUKLU;E 80- BULVAR;sokak;842708
ERZURUM;AZİZİYE;SELÇUKLU;EMİR HACI TOGAY SOKAK;sokak;473730060
ERZURUM;AZİZİYE;SELÇUKLU;EMİRŞEYH CADDE;cadde;294174
ERZURUM;AZİZİYE;SELÇUKLU;ESER SOKAK;sokak;26164
ERZURUM;AZİZİYE;SELÇUKLU;ETHEMBABA CADDE;cadde;773445
ERZURUM;AZİZİYE;SELÇUKLU;FAHRİ FINDIKOĞLU SOKAK;sokak;557424310
ERZURUM;AZİZİYE;SELÇUKLU;FAZİLET SOKAK;sokak;296122
ERZURUM;AZİZİYE;SELÇUKLU;FERAHNAK SOKAK;sokak;473676100
ERZURUM;AZİZİYE;SELÇUKLU;FETTAH SOKAK;sokak;398637250
ERZURUM;AZİZİYE;SELÇUKLU;FİNCANCI SOKAK;sokak;356701650
ERZURUM;AZİZİYE;SELÇUKLU;GAMZE SOKAK;sokak;435165
ERZURUM;AZİZİYE;SELÇUKLU;GAZİ AHMET ALPAĞUZ SOKAK;sokak;774390
ERZURUM;AZİZİYE;SELÇUKLU;GAZİ FERİT IŞIK SOKAK;sokak;310170640
ERZURUM;AZİZİYE;SELÇUKLU;GAZİ FUAT AKGÜL SOKAK;sokak;139257
ERZURUM;AZİZİYE;SELÇUKLU;GÜLÜM SOKAK;sokak;913489
ERZURUM;AZİZİYE;SELÇUKLU;GÜLYAKUT SOKAK;sokak;193943
ERZURUM;AZİZİYE;SELÇUKLU;GÜNEY SOKAK;sokak;435162
ERZURUM;AZİZİYE;SELÇUKLU;GÜVENLİK ARKASI SOKAK;sokak;363841
ERZURUM;AZİZİYE;SELÇUKLU;HABİPBABA CADDE;cadde;296124
ERZURUM;AZİZİYE;SELÇUKLU;HACI MEVLÜT BABA SOKAK;sokak;294172
ERZURUM;AZİZİYE;SELÇUKLU;HACI MUSTAFA BAKAN SOKAK;sokak;769063
ERZURUM;AZİZİYE;SELÇUKLU;HAKİKAT SOKAK;sokak;764540811
ERZURUM;AZİZİYE;SELÇUKLU;HAKKI MEZARARKALI SOKAK;sokak;319162570
ERZURUM;AZİZİYE;SELÇUKLU;HATTAT HALİT EFENDİ SOKAK;sokak;870578400
ERZURUM;AZİZİYE;SELÇUKLU;HERCAİ SOKAK;sokak;595273580
ERZURUM;AZİZİYE;SELÇUKLU;HİCAZKAR SOKAK;sokak;430842840
ERZURUM;AZİZİYE;SELÇUKLU;HİKMET SOKAK;sokak;464900
ERZURUM;AZİZİYE;SELÇUKLU;HİLAL SOKAK;sokak;775821
ERZURUM;AZİZİYE;SELÇUKLU;HÜSAMETTİN CEYLAN SOKAK;sokak;328188331
ERZURUM;AZİZİYE;SELÇUKLU;HÜZZAM SOKAK;sokak;950312660
ERZURUM;AZİZİYE;SELÇUKLU;IHLAMUR SOKAK;sokak;848682
ERZURUM;AZİZİYE;SELÇUKLU;IŞIK SOKAK;sokak;237529591
ERZURUM;AZİZİYE;SELÇUKLU;İSA YUSUF ALPTEKİN CADDE;cadde;139265
ERZURUM;AZİZİYE;SELÇUKLU;İSMAİL SAİB SENCER SOKAK;sokak;324016480
ERZURUM;AZİZİYE;SELÇUKLU;İSTİKLAL CADDE;cadde;139256
ERZURUM;AZİZİYE;SELÇUKLU;KANARYA CADDE;cadde;912092
ERZURUM;AZİZİYE;SELÇUKLU;KINALIBAĞ SOKAK;sokak;312339920
ERZURUM;AZİZİYE;SELÇUKLU;KIVANÇ SOKAK;sokak;606563520
ERZURUM;AZİZİYE;SELÇUKLU;KİRAZ ÇİÇEĞİ SOKAK;sokak;824714340
ERZURUM;AZİZİYE;SELÇUKLU;KOCA MÜFTÜ SOKAK;sokak;778762410
ERZURUM;AZİZİYE;SELÇUKLU;KÜLHANİ BABA SOKAK;sokak;394543350
ERZURUM;AZİZİYE;SELÇUKLU;LAHZA SOKAK;sokak;645563350
ERZURUM;AZİZİYE;SELÇUKLU;LOŞBAHÇE SOKAK;sokak;974373960
ERZURUM;AZİZİYE;SELÇUKLU;MASAL SOKAK;sokak;510696720
ERZURUM;AZİZİYE;SELÇUKLU;MEHİR SOKAK;sokak;136794850
ERZURUM;AZİZİYE;SELÇUKLU;MEHMET HAZIK EFENDİ SOKAK;sokak;869159230
ERZURUM;AZİZİYE;SELÇUKLU;MEHMET RÜŞTÜ PAŞA SOKAK;sokak;173533920
ERZURUM;AZİZİYE;SELÇUKLU;MEHMET SAİT PAŞA SOKAK;sokak;637671310
ERZURUM;AZİZİYE;SELÇUKLU;MENZİL SOKAK;sokak;76197
ERZURUM;AZİZİYE;SELÇUKLU;MİMOZA SOKAK;sokak;405695270
ERZURUM;AZİZİYE;SELÇUKLU;MUHAYYER SOKAK;sokak;588555860
ERZURUM;AZİZİYE;SELÇUKLU;MÜRSEL BAKÜ SOKAK;sokak;714944700
ERZURUM;AZİZİYE;SELÇUKLU;NEVA SOKAK;sokak;430813550
ERZURUM;AZİZİYE;SELÇUKLU;NEYZEN SOKAK;sokak;387835770
ERZURUM;AZİZİYE;SELÇUKLU;NİYAZİ MISRİ SOKAK;sokak;218801820
ERZURUM;AZİZİYE;SELÇUKLU;OĞUZ SOKAK;sokak;435163
ERZURUM;AZİZİYE;SELÇUKLU;OLİMPİYAT CADDE;cadde;309063330
ERZURUM;AZİZİYE;SELÇUKLU;OSMANGAZİ CADDE;cadde;873533
ERZURUM;AZİZİYE;SELÇUKLU;ÖNDER SOKAK;sokak;904682
ERZURUM;AZİZİYE;SELÇUKLU;ÖYKÜ SOKAK;sokak;332132570
ERZURUM;AZİZİYE;SELÇUKLU;PAŞA SOKAK;sokak;343442340
ERZURUM;AZİZİYE;SELÇUKLU;PAŞAZADE SOKAK;sokak;488640780
ERZURUM;AZİZİYE;SELÇUKLU;PINAR SOKAK;sokak;769064
ERZURUM;AZİZİYE;SELÇUKLU;PROF. DR. NECMETTİN ERBAKAN BULVAR;sokak;20120267
ERZURUM;AZİZİYE;SELÇUKLU;RAUF ORBAY PAŞA SOKAK;sokak;173545230
ERZURUM;AZİZİYE;SELÇUKLU;SABA SOKAK;sokak;870938860
ERZURUM;AZİZİYE;SELÇUKLU;SADİ SOKAK;sokak;543544850
ERZURUM;AZİZİYE;SELÇUKLU;SAFRAN SOKAK;sokak;411231750
ERZURUM;AZİZİYE;SELÇUKLU;SANCAK CADDE;cadde;766829
ERZURUM;AZİZİYE;SELÇUKLU;SEGAH SOKAK;sokak;277319830
ERZURUM;AZİZİYE;SELÇUKLU;SEHER SOKAK;sokak;421501
ERZURUM;AZİZİYE;SELÇUKLU;SEHERYILDIZI SOKAK;sokak;847498450
ERZURUM;AZİZİYE;SELÇUKLU;SEMERKANT SOKAK;sokak;296126
ERZURUM;AZİZİYE;SELÇUKLU;SERDENGEÇTİ SOKAK;sokak;615399610
ERZURUM;AZİZİYE;SELÇUKLU;SERVİ SOKAK;sokak;833092600
ERZURUM;AZİZİYE;SELÇUKLU;SEVGİ EVLER SOKAK;sokak;565355940
ERZURUM;AZİZİYE;SELÇUKLU;SULTAN MURAT CADDE;cadde;850891
ERZURUM;AZİZİYE;SELÇUKLU;SUNGURBEY SOKAK;sokak;416418380
ERZURUM;AZİZİYE;SELÇUKLU;SUSAM SOKAK;sokak;868771
ERZURUM;AZİZİYE;SELÇUKLU;SUZİDİL SOKAK;sokak;761922770
ERZURUM;AZİZİYE;SELÇUKLU;ŞEHİT BAŞÇAVUŞ TAHSİN YORGUN SOKAK;sokak;774389
ERZURUM;AZİZİYE;SELÇUKLU;ŞEHİT ÇAVUŞ EKREM ÖZMEN SOKAK;sokak;55862
ERZURUM;AZİZİYE;SELÇUKLU;ŞEHİT ÇAVUŞ İLHAMİ TOPÇU SOKAK;sokak;774388
ERZURUM;AZİZİYE;SELÇUKLU;ŞEHİT ÇAVUŞ NEJDET DİLER SOKAK;sokak;211367
ERZURUM;AZİZİYE;SELÇUKLU;ŞEHİT ER OSMAN ERHAN SOKAK;sokak;774467
ERZURUM;AZİZİYE;SELÇUKLU;ŞEHİT ER TEYMUR TARI SOKAK;sokak;211365
ERZURUM;AZİZİYE;SELÇUKLU;ŞEHİT EREN BÜLBÜL CADDE;cadde;294176
ERZURUM;AZİZİYE;SELÇUKLU;ŞEHİT FİKRET SÖĞÜTLER CADDE;cadde;769065
ERZURUM;AZİZİYE;SELÇUKLU;ŞEHİT MEVLÜT GENÇOĞLU SOKAK;sokak;296120
ERZURUM;AZİZİYE;SELÇUKLU;ŞEHİT ONBAŞI GÜLTEKİN SANAL CADDE;cadde;193942
ERZURUM;AZİZİYE;SELÇUKLU;ŞEHİT ONBAŞI ÖMER BUDAK CADDE;cadde;193941
ERZURUM;AZİZİYE;SELÇUKLU;ŞEHİT OSMAN OKTAY CADDE;cadde;769714
ERZURUM;AZİZİYE;SELÇUKLU;ŞEHİT PİYADE UZMAN ONBAŞI PEHLÜL ORUK SOKAK;sokak;294175
ERZURUM;AZİZİYE;SELÇUKLU;ŞEHİT RECEP BAĞCI CADDE;cadde;296130
ERZURUM;AZİZİYE;SELÇUKLU;ŞEHİT UZMAN ÇAVUŞ KADİR KAYVENİ CADDE;cadde;193940
ERZURUM;AZİZİYE;SELÇUKLU;ŞEHNAZ SOKAK;sokak;956686610
ERZURUM;AZİZİYE;SELÇUKLU;TARIMSAL ARAŞTIRMA- SOKAK;sokak;187065
ERZURUM;AZİZİYE;SELÇUKLU;TAŞKENT SOKAK;sokak;769061
ERZURUM;AZİZİYE;SELÇUKLU;TAŞKESENLİ SOKAK;sokak;768515
ERZURUM;AZİZİYE;SELÇUKLU;TAVLAŞOĞLU SOKAK;sokak;110533
ERZURUM;AZİZİYE;SELÇUKLU;TİMURLENK SOKAK;sokak;588596950
ERZURUM;AZİZİYE;SELÇUKLU;UFUK SOKAK;sokak;294166
ERZURUM;AZİZİYE;SELÇUKLU;USVE SOKAK;sokak;26217
ERZURUM;AZİZİYE;SELÇUKLU;ÜSTÜN DÖKMEN SOKAK;sokak;694196040
ERZURUM;AZİZİYE;SELÇUKLU;YAKUT GAZANİ SOKAK;sokak;173542420
ERZURUM;AZİZİYE;SELÇUKLU;YAVİ SOKAK;sokak;271498
ERZURUM;AZİZİYE;SELÇUKLU;YEGAH SOKAK;sokak;220500330
ERZURUM;AZİZİYE;SELÇUKLU;YEŞERTİ SOKAK;sokak;532023960
ERZURUM;AZİZİYE;SELÇUKLU;YILDIRIM BEYAZIT CADDE;cadde;294170
ERZURUM;AZİZİYE;SELÇUKLU;YİĞİTLER SOKAK;sokak;219679
ERZURUM;AZİZİYE;SELÇUKLU;ZEYBEK SOKAK;sokak;722419040
ERZURUM;AZİZİYE;SIRLI;SIRLI KÜME EVLER;sokak;537211
ERZURUM;AZİZİYE;SORKUNLU;SORKUNLU KÜME EVLER;sokak;525686
ERZURUM;AZİZİYE;SÖĞÜTLÜ;ÖMERTEPE KÜME EVLER;sokak;530940820
ERZURUM;AZİZİYE;SÖĞÜTLÜ;SAKAL KÜME EVLER;sokak;731447011
ERZURUM;AZİZİYE;SÖĞÜTLÜ;SÖĞÜTLÜ KÜME EVLER;sokak;755887
ERZURUM;AZİZİYE;SÖĞÜTLÜ (OVACIK);OVACIK SÖĞÜTLÜ KÜME EVLER;sokak;523221
ERZURUM;AZİZİYE;TAŞPINAR;GEYİK KÜME EVLER;sokak;470863431
ERZURUM;AZİZİYE;TAŞPINAR;TAŞPINAR KÜME EVLER;sokak;516027
ERZURUM;AZİZİYE;TEBRİZCİK;TEBRİZCİK KÜME EVLER;sokak;755884
ERZURUM;AZİZİYE;TINAZLI;TINAZLI KÜME EVLER;sokak;768905
ERZURUM;AZİZİYE;TOPRAKKALE;TOPRAKKALE KÜME EVLER;sokak;530825
ERZURUM;AZİZİYE;ÜÇKÖŞE;ÜÇKÖŞE B.M KÜME EVLER;sokak;551244
ERZURUM;AZİZİYE;YARIMCA;1. KARDELEN SOKAK;sokak;900786011
ERZURUM;AZİZİYE;YARIMCA;16. SOKAK;sokak;926998
ERZURUM;AZİZİYE;YARIMCA;17. SOKAK;sokak;929065
ERZURUM;AZİZİYE;YARIMCA;18. SOKAK;sokak;284333810
ERZURUM;AZİZİYE;YARIMCA;20. SOKAK;sokak;933764
ERZURUM;AZİZİYE;YARIMCA;21. SOKAK;sokak;868526700
ERZURUM;AZİZİYE;YARIMCA;23. SOKAK;sokak;938772
ERZURUM;AZİZİYE;YARIMCA;28. SOKAK;sokak;1063544
ERZURUM;AZİZİYE;YARIMCA;29. SOKAK;sokak;1063546
ERZURUM;AZİZİYE;YARIMCA;3. SELİM CADDE;cadde;16152050
ERZURUM;AZİZİYE;YARIMCA;4. MURAT CADDE;cadde;256052880
ERZURUM;AZİZİYE;YARIMCA;ASYA SOKAK;sokak;539231571
ERZURUM;AZİZİYE;YARIMCA;ATALAY CADDE;cadde;75744151
ERZURUM;AZİZİYE;YARIMCA;AYYILDIZ CADDE;cadde;20987525
ERZURUM;AZİZİYE;YARIMCA;BUĞRAHAN SOKAK;sokak;1035625
ERZURUM;AZİZİYE;YARIMCA;CİMCİME HATUN SOKAK;sokak;883211
ERZURUM;AZİZİYE;YARIMCA;ÇALI KUŞU SOKAK;sokak;670783860
ERZURUM;AZİZİYE;YARIMCA;ÇAMLICA EVLER SOKAK;sokak;222462
ERZURUM;AZİZİYE;YARIMCA;ÇATALHÖYÜK SOKAK;sokak;425727760
ERZURUM;AZİZİYE;YARIMCA;ÇİTLEMBİK SOKAK;sokak;342271570
ERZURUM;AZİZİYE;YARIMCA;EMPATİ SOKAK;sokak;227078970
ERZURUM;AZİZİYE;YARIMCA;FİRUZE SOKAK;sokak;967900840
ERZURUM;AZİZİYE;YARIMCA;FURKAN SOKAK;sokak;811175820
ERZURUM;AZİZİYE;YARIMCA;GÖKNAR SOKAK;sokak;184643210
ERZURUM;AZİZİYE;YARIMCA;GÜLBAHÇE SOKAK;sokak;662534690
ERZURUM;AZİZİYE;YARIMCA;HÜSEYNİK SOKAK;sokak;578478990
ERZURUM;AZİZİYE;YARIMCA;İBRAHİM HAKKI CADDE;cadde;42293035
ERZURUM;AZİZİYE;YARIMCA;İSFAHAN SOKAK;sokak;695597060
ERZURUM;AZİZİYE;YARIMCA;KARDELEN SOKAK;sokak;842874
ERZURUM;AZİZİYE;YARIMCA;KIRÇİÇEĞİ SOKAK;sokak;182632280
ERZURUM;AZİZİYE;YARIMCA;KIŞ BAHÇELERİ SOKAK;sokak;953557800
ERZURUM;AZİZİYE;YARIMCA;LADİN SOKAK;sokak;974408610
ERZURUM;AZİZİYE;YARIMCA;MEHMET KIRKINCI SOKAK;sokak;214379910
ERZURUM;AZİZİYE;YARIMCA;MEŞE SOKAK;sokak;466684221
ERZURUM;AZİZİYE;YARIMCA;MİNELİ BAHÇE SOKAK;sokak;189127741
ERZURUM;AZİZİYE;YARIMCA;MORMENEKŞE SOKAK;sokak;992312270
ERZURUM;AZİZİYE;YARIMCA;NENEHATUN CADDE;cadde;1049388
ERZURUM;AZİZİYE;YARIMCA;NURETTİN TOPÇU SOKAK;sokak;485200680
ERZURUM;AZİZİYE;YARIMCA;ORHANGAZİ SOKAK;sokak;826092800
ERZURUM;AZİZİYE;YARIMCA;ÖZDEN SOKAK;sokak;735070300
ERZURUM;AZİZİYE;YARIMCA;PALMİYE SOKAK;sokak;528010810
ERZURUM;AZİZİYE;YARIMCA;PAPATYA SOKAK;sokak;842923
ERZURUM;AZİZİYE;YARIMCA;PETUNYA SOKAK;sokak;902342200
ERZURUM;AZİZİYE;YARIMCA;PROF. DR. ENVER KONUKÇU SOKAK;sokak;732381640
ERZURUM;AZİZİYE;YARIMCA;PROF. DR. NECMETTİN ERBAKAN BULVAR;sokak;37598299
ERZURUM;AZİZİYE;YARIMCA;PROF. DR. ZEKİ BAŞAR SOKAK;sokak;995431340
ERZURUM;AZİZİYE;YARIMCA;SALKIM SOKAK;sokak;201795111
ERZURUM;AZİZİYE;YARIMCA;SARMAŞIK SOKAK;sokak;934192810
ERZURUM;AZİZİYE;YARIMCA;SEMPATİ SOKAK;sokak;900180370
ERZURUM;AZİZİYE;YARIMCA;VATAN CADDE;cadde;854532
ERZURUM;AZİZİYE;YARIMCA;YARIMCA KÜME EVLER;sokak;26134
ERZURUM;AZİZİYE;YARIMCA;YAZGÜLÜ SOKAK;sokak;426528830
ERZURUM;AZİZİYE;YARIMCA;YENİ BAHÇE SOKAK;sokak;612870741
ERZURUM;AZİZİYE;YARIMCA;YILDIZ BOSTANI SOKAK;sokak;798269210
ERZURUM;AZİZİYE;YEŞİLOVA;YEŞİLOVA KÜME EVLER;sokak;573269
ERZURUM;AZİZİYE;YEŞİLVADİ;YEŞİLVADİ KÜME EVLER;sokak;581667
ERZURUM;AZİZİYE;YONCALIK;YONCALIK KÜME EVLER;sokak;536248
ERZURUM;AZİZİYE;YUKARICANÖREN;SUSUZLAR KÜME EVLER;sokak;582545
ERZURUM;AZİZİYE;YUKARICANÖREN;YUKARICANÖREN KÜME EVLER;sokak;147706
ERZURUM;ÇAT;AĞAKÖY;AĞAKÖY KÜME EVLER;sokak;595901
ERZURUM;ÇAT;AŞAĞIÇAT;AŞAĞIÇAT KÜME EVLER;sokak;171157
ERZURUM;ÇAT;BABADERESİ;BABADERESİ KÜME EVLER;sokak;528977
ERZURUM;ÇAT;BAĞLICA;BAĞLICA KÜME EVLER;sokak;287475
ERZURUM;ÇAT;BARDAKÇI;BARDAKÇI KÜME EVLER;sokak;107144
ERZURUM;ÇAT;BARDAKÇI;POLİKAN MEZRASI KÜME EVLER;sokak;575965
ERZURUM;ÇAT;BARDAKÇI;VENEDİK MEZRASI KÜME EVLER;sokak;570370
ERZURUM;ÇAT;BARDAKÇI;YENİKÖY MEZRASI KÜME EVLER;sokak;569922
ERZURUM;ÇAT;BAŞKÖY;BAŞKÖY KÜME EVLER;sokak;569654
ERZURUM;ÇAT;BAYINDIR;BAYINDIR KÜME EVLER;sokak;543329
ERZURUM;ÇAT;BAYINDIR;BAYINDIR1 KÜME EVLER;sokak;160526980
ERZURUM;ÇAT;BOZYAZI;BOZYAZI KONUTLARI KÜME EVLER;sokak;141015701
ERZURUM;ÇAT;BOZYAZI;BOZYAZI KÜME EVLER;sokak;539022
ERZURUM;ÇAT;BUDAKLAR;BUDAKLAR KÜME EVLER;sokak;36466
ERZURUM;ÇAT;BUDAKLAR;SÖĞÜTLÜ KÜME EVLER;sokak;529712
ERZURUM;ÇAT;ÇAYIRTEPE;ÇAYIRTEPE KÜME EVLER;sokak;537427
ERZURUM;ÇAT;ÇİMENÖZÜ;ÇİMENÖZÜ KÜME EVLER;sokak;536903
ERZURUM;ÇAT;ÇİMENÖZÜ;DELİKTAŞ KÜME EVLER;sokak;534455
ERZURUM;ÇAT;ÇİMENÖZÜ;KÜTÜKLÜ KÜME EVLER;sokak;542595
ERZURUM;ÇAT;ÇİMENÖZÜ;YUVAKLI KÜME EVLER;sokak;594194321
ERZURUM;ÇAT;ÇİRİŞLİ;ÇİRİŞLİ KÜME EVLER;sokak;540373
ERZURUM;ÇAT;ÇUKURÇAYIR;ÇUKURÇAYIR KÜME EVLER;sokak;591794
ERZURUM;ÇAT;DEĞİRMENLİ;ALİBEY KÜME EVLER;sokak;606755
ERZURUM;ÇAT;DEĞİRMENLİ;DEĞİRMENLİ KONUTLARI KÜME EVLER;sokak;415463911
ERZURUM;ÇAT;DEĞİRMENLİ;DEĞİRMENLİ KÜME EVLER;sokak;453747
ERZURUM;ÇAT;DEĞİRMENLİ;KEKİ MEZRASI SOKAK;sokak;601695
ERZURUM;ÇAT;ELMAPINAR;BUTKAN MEZRASI KÜME EVLER;sokak;40167
ERZURUM;ÇAT;ELMAPINAR;ELMAPINAR KÜME EVLER;sokak;583164
ERZURUM;ÇAT;ELMAPINAR;KELEŞKOMU MEZRASI SOKAK;sokak;322532
ERZURUM;ÇAT;ELMAPINAR;KERİKAN MEZRASI SOKAK;sokak;576788
ERZURUM;ÇAT;ELMAPINAR;YIKILHAN MEZRASI SOKAK;sokak;575874
ERZURUM;ÇAT;ELMAPINAR;YOĞUNPETEK MEZRASI KÜME EVLER;sokak;571179
ERZURUM;ÇAT;GÖBEKÖREN;GÖBEKÖREN KÜME EVLER;sokak;529696
ERZURUM;ÇAT;GÖKÇEŞEYH;GÖKÇEŞEYH KONUTLARI KÜME EVLER;sokak;232351120
ERZURUM;ÇAT;GÖKÇEŞEYH;GÖKÇEŞEYH KÜME EVLER;sokak;542339
ERZURUM;ÇAT;GÖLKÖY;GÖLKÖY KÜME EVLER;sokak;536978
ERZURUM;ÇAT;HATUNKÖY;HATUNKÖY KÜME EVLER;sokak;536061
ERZURUM;ÇAT;İŞKİNLİ;HIRHAL KÜME EVLER;sokak;39571
ERZURUM;ÇAT;İŞKİNLİ;İŞKİNLİ KÜME EVLER;sokak;534003
ERZURUM;ÇAT;KAPLICA;HACI YUSUF MEZRASI KÜME EVLER;sokak;549145
ERZURUM;ÇAT;KAPLICA;KAPLICA KÜME EVLER;sokak;537675
ERZURUM;ÇAT;KAPLICA;YENİ KONUTLAR KÜME EVLER;sokak;1039812
ERZURUM;ÇAT;KARABEY;KARABEY KÜME EVLER;sokak;538576
ERZURUM;ÇAT;KARABEY;KARABEY1 KÜME EVLER;sokak;667926311
ERZURUM;ÇAT;KARACA;AKPINAR KÜME EVLER;sokak;94312
ERZURUM;ÇAT;KARACA;DONO KÜME EVLER;sokak;547762
ERZURUM;ÇAT;KARACA;KARACA KÜME EVLER;sokak;542679
ERZURUM;ÇAT;KARACA;KILIÇDERESİ KÜME EVLER;sokak;543326
ERZURUM;ÇAT;KARACA;SELAMET SOKAK;sokak;94309
ERZURUM;ÇAT;KARACA;TEPE KÜME EVLER;sokak;543325
ERZURUM;ÇAT;KARACA;YONCALIK KÜME EVLER;sokak;547760
ERZURUM;ÇAT;KARAŞEYH;ÇERMELER KÜME EVLER;sokak;584400
ERZURUM;ÇAT;KARAŞEYH;KARAŞEYH KONUTLARI KÜME EVLER;sokak;409804681
ERZURUM;ÇAT;KARAŞEYH;KARAŞEYH KÜME EVLER;sokak;566314
ERZURUM;ÇAT;KARAŞEYH;KARAŞEYH/20 SOKAK;sokak;480915990
ERZURUM;ÇAT;KARAŞEYH;MELEKAĞA KÜME EVLER;sokak;1084361
ERZURUM;ÇAT;KIZILCA;1. KIZILCA SOKAK;sokak;292023630
ERZURUM;ÇAT;KIZILCA;1. USANMAZ SOKAK;sokak;532383171
ERZURUM;ÇAT;KIZILCA;2. KIZILCA SOKAK;sokak;276411251
ERZURUM;ÇAT;KIZILCA;3. SOKAK SOKAK;sokak;823717170
ERZURUM;ÇAT;KIZILCA;4. SOKAK SOKAK;sokak;215018121
ERZURUM;ÇAT;KIZILCA;5. KIZILCA SOKAK;sokak;437407110
ERZURUM;ÇAT;KIZILCA;7. KIZILCA SOKAK;sokak;423434260
ERZURUM;ÇAT;KIZILCA;BİLİNMEYEN4 SOKAK;sokak;813517440
ERZURUM;ÇAT;KIZILCA;CAMİİ SOKAK;sokak;386917
ERZURUM;ÇAT;KIZILCA;ÇIRIK SOKAK;sokak;368249
ERZURUM;ÇAT;KIZILCA;ÇİMENLER SOKAK;sokak;368245
ERZURUM;ÇAT;KIZILCA;DERE SOKAK;sokak;43406
ERZURUM;ÇAT;KIZILCA;DİKİCİ SOKAK;sokak;368246
ERZURUM;ÇAT;KIZILCA;DURSUNOĞLU SOKAK;sokak;43407
ERZURUM;ÇAT;KIZILCA;ERZURUM BİNGÖL CADDE;cadde;858059010
ERZURUM;ÇAT;KIZILCA;HACI İBRAHİM SOKAK;sokak;90615
ERZURUM;ÇAT;KIZILCA;HASTANE- CADDE;cadde;1414981
ERZURUM;ÇAT;KIZILCA;KIZILCA MEZARLIK SOKAK;sokak;43410
ERZURUM;ÇAT;KIZILCA;KIZILCA ŞEHİTLER SOKAK;sokak;43405
ERZURUM;ÇAT;KIZILCA;LALOĞLU SOKAK;sokak;43408
ERZURUM;ÇAT;KIZILCA;MEVLÜT SOKAK;sokak;368247
ERZURUM;ÇAT;KIZILCA;OKUL SOKAK;sokak;90616
ERZURUM;ÇAT;KIZILCA;TEMO SOKAK;sokak;43411
ERZURUM;ÇAT;KIZILCA;TURGUT ÖZAL CADDE;cadde;43412
ERZURUM;ÇAT;KIZILCA;TÜZÜN SOKAK;sokak;368248
ERZURUM;ÇAT;KIZILCA;USANMAZ SOKAK;sokak;723665
ERZURUM;ÇAT;KIZILCA;YAMAÇ SOKAK;sokak;90617
ERZURUM;ÇAT;KIZILCA;YAVUZ SULTAN SELİM- CADDE;cadde;43414
ERZURUM;ÇAT;KÖSELER;KÖSELER AFET KONUTLARI KÜME EVLER;sokak;41879
ERZURUM;ÇAT;KÖSELER;KÖSELER KÜME EVLER;sokak;579240
ERZURUM;ÇAT;KUMAŞLI;AŞAĞI KUMAŞLI KÜME EVLER;sokak;529714
ERZURUM;ÇAT;KUMAŞLI;KUMAŞLI KÜME EVLER;sokak;534735
ERZURUM;ÇAT;KURBANLI;KURBANLI KONUTLARI KÜME EVLER;sokak;287352800
ERZURUM;ÇAT;KURBANLI;KURBANLI KÜME EVLER;sokak;542999
ERZURUM;ÇAT;MOLLAÖMER;DAL KÜME EVLER;sokak;606965
ERZURUM;ÇAT;MOLLAÖMER;DEMİRTAŞ KÜME EVLER;sokak;607825
ERZURUM;ÇAT;MOLLAÖMER;HASERE KÜME EVLER;sokak;613061
ERZURUM;ÇAT;MOLLAÖMER;KOLAN KÜME EVLER;sokak;613046
ERZURUM;ÇAT;MOLLAÖMER;MOLLAÖMER KÜME EVLER;sokak;466742
ERZURUM;ÇAT;MURATÇAYIRI;AKDAĞ SOKAK;sokak;591374
ERZURUM;ÇAT;MURATÇAYIRI;BEYKOMU KÜME EVLER;sokak;590050
ERZURUM;ÇAT;MURATÇAYIRI;EKİNLİ KÜME EVLER;sokak;591371
ERZURUM;ÇAT;MURATÇAYIRI;MURATÇAYIRI KÜME EVLER;sokak;586508
ERZURUM;ÇAT;MURATÇAYIRI;SAL KÜME EVLER;sokak;585394
ERZURUM;ÇAT;MURATÇAYIRI;TAZEKOM KÜME EVLER;sokak;319481
ERZURUM;ÇAT;MURATÇAYIRI;YUKARI MURATÇAYIRI KÜME EVLER;sokak;84250
ERZURUM;ÇAT;OYUKLU;1. KONUTLAR SOKAK;sokak;261022020
ERZURUM;ÇAT;OYUKLU;1. OYUKLU SOKAK;sokak;336871041
ERZURUM;ÇAT;OYUKLU;10. OYUKLU SOKAK;sokak;404691401
ERZURUM;ÇAT;OYUKLU;10. SOKAK SOKAK;sokak;564053761
ERZURUM;ÇAT;OYUKLU;11. OYUKLU SOKAK;sokak;354720421
ERZURUM;ÇAT;OYUKLU;11. SOKAK SOKAK;sokak;301407011
ERZURUM;ÇAT;OYUKLU;12. OYUKLU SOKAK;sokak;246060891
ERZURUM;ÇAT;OYUKLU;13. OYUKLU SOKAK;sokak;442859551
ERZURUM;ÇAT;OYUKLU;13. SOKAK SOKAK;sokak;104398341
ERZURUM;ÇAT;OYUKLU;14. OYUKLU SOKAK;sokak;174176011
ERZURUM;ÇAT;OYUKLU;14. SOKAK SOKAK;sokak;691001131
ERZURUM;ÇAT;OYUKLU;15. OYUKLU SOKAK;sokak;362676801
ERZURUM;ÇAT;OYUKLU;16. OYUKLU SOKAK;sokak;454792351
ERZURUM;ÇAT;OYUKLU;17. OYUKLU SOKAK;sokak;720551631
ERZURUM;ÇAT;OYUKLU;18. OYUKLU SOKAK;sokak;305089311
ERZURUM;ÇAT;OYUKLU;19. OYUKLU SOKAK;sokak;404724581
ERZURUM;ÇAT;OYUKLU;19.SOKAK SOKAK;sokak;601543410
ERZURUM;ÇAT;OYUKLU;2. OYUKLU SOKAK;sokak;181520581
ERZURUM;ÇAT;OYUKLU;20. OYUKLU SOKAK;sokak;940525601
ERZURUM;ÇAT;OYUKLU;20.SOKAK SOKAK;sokak;440602911
ERZURUM;ÇAT;OYUKLU;21 SOKAK SOKAK;sokak;132292240
ERZURUM;ÇAT;OYUKLU;21. OYUKLU SOKAK;sokak;858822150
ERZURUM;ÇAT;OYUKLU;22. OYUKLU SOKAK;sokak;826888471
ERZURUM;ÇAT;OYUKLU;22. SOKAK SOKAK;sokak;617380501
ERZURUM;ÇAT;OYUKLU;23. OYUKLU SOKAK;sokak;174267921
ERZURUM;ÇAT;OYUKLU;23. SOKAK SOKAK;sokak;543750761
ERZURUM;ÇAT;OYUKLU;24. OYUKLU SOKAK;sokak;825445291
ERZURUM;ÇAT;OYUKLU;25. OYUKLU SOKAK;sokak;59496737
ERZURUM;ÇAT;OYUKLU;26. OYUKLU SOKAK;sokak;458852821
ERZURUM;ÇAT;OYUKLU;28. OYUKLU SOKAK;sokak;43964
ERZURUM;ÇAT;OYUKLU;29. OYUKLU SOKAK;sokak;806440161
ERZURUM;ÇAT;OYUKLU;3. OYUKLU SOKAK;sokak;960679701
ERZURUM;ÇAT;OYUKLU;30. OYUKLU SOKAK;sokak;236930541
ERZURUM;ÇAT;OYUKLU;31. OYUKLU SOKAK;sokak;880088001
ERZURUM;ÇAT;OYUKLU;32. OYUKLU SOKAK;sokak;478920621
ERZURUM;ÇAT;OYUKLU;33. OYUKLU SOKAK;sokak;42193
ERZURUM;ÇAT;OYUKLU;34. OYUKLU SOKAK;sokak;973500861
ERZURUM;ÇAT;OYUKLU;35. OYUKLU SOKAK;sokak;710575821
ERZURUM;ÇAT;OYUKLU;36. OYUKLU SOKAK;sokak;102578481
ERZURUM;ÇAT;OYUKLU;38. OYUKLU SOKAK;sokak;827502411
ERZURUM;ÇAT;OYUKLU;4. OYUKLU SOKAK;sokak;135711201
ERZURUM;ÇAT;OYUKLU;40. OYUKLU SOKAK;sokak;790821861
ERZURUM;ÇAT;OYUKLU;41. OYUKLU SOKAK;sokak;119249411
ERZURUM;ÇAT;OYUKLU;43. OYUKLU SOKAK;sokak;101986791
ERZURUM;ÇAT;OYUKLU;44. OYUKLU SOKAK;sokak;199098601
ERZURUM;ÇAT;OYUKLU;45. OYUKLU SOKAK;sokak;465733901
ERZURUM;ÇAT;OYUKLU;46. OYUKLU SOKAK;sokak;416942741
ERZURUM;ÇAT;OYUKLU;47. OYUKLU SOKAK;sokak;881679451
ERZURUM;ÇAT;OYUKLU;48. OYUKLU SOKAK;sokak;738763441
ERZURUM;ÇAT;OYUKLU;49. OYUKLU SOKAK;sokak;252905861
ERZURUM;ÇAT;OYUKLU;5. OYUKLU SOKAK;sokak;889115081
ERZURUM;ÇAT;OYUKLU;50. OYUKLU SOKAK;sokak;159954751
ERZURUM;ÇAT;OYUKLU;51. OYUKLU SOKAK;sokak;177453401
ERZURUM;ÇAT;OYUKLU;52. OYUKLU SOKAK;sokak;992209561
ERZURUM;ÇAT;OYUKLU;53. OYUKLU SOKAK;sokak;548571981
ERZURUM;ÇAT;OYUKLU;54. OYUKLU SOKAK;sokak;244561391
ERZURUM;ÇAT;OYUKLU;55. OYUKLU SOKAK;sokak;543247771
ERZURUM;ÇAT;OYUKLU;57. OYUKLU SOKAK;sokak;513666491
ERZURUM;ÇAT;OYUKLU;58. OYUKLU SOKAK;sokak;994136841
ERZURUM;ÇAT;OYUKLU;59. OYUKLU SOKAK;sokak;742854461
ERZURUM;ÇAT;OYUKLU;6. OYUKLU SOKAK;sokak;963121521
ERZURUM;ÇAT;OYUKLU;60. OYUKLU SOKAK;sokak;953430751
ERZURUM;ÇAT;OYUKLU;61. OYUKLU SOKAK;sokak;663068951
ERZURUM;ÇAT;OYUKLU;62. OYUKLU SOKAK;sokak;711838181
ERZURUM;ÇAT;OYUKLU;63. OYUKLU SOKAK;sokak;407655881
ERZURUM;ÇAT;OYUKLU;64. OYUKLU SOKAK;sokak;916173571
ERZURUM;ÇAT;OYUKLU;65. OYUKLU SOKAK;sokak;718015911
ERZURUM;ÇAT;OYUKLU;66. OYUKLU SOKAK;sokak;752131401
ERZURUM;ÇAT;OYUKLU;67. OYUKLU SOKAK;sokak;401790121
ERZURUM;ÇAT;OYUKLU;68. OYUKLU SOKAK;sokak;403459441
ERZURUM;ÇAT;OYUKLU;7. OYUKLU SOKAK;sokak;770469441
ERZURUM;ÇAT;OYUKLU;7. SOKA SOKAK;sokak;495022890
ERZURUM;ÇAT;OYUKLU;70. OYUKLU SOKAK;sokak;806875441
ERZURUM;ÇAT;OYUKLU;72. OYUKLU SOKAK;sokak;706515261
ERZURUM;ÇAT;OYUKLU;73. OYUKLU SOKAK;sokak;513578201
ERZURUM;ÇAT;OYUKLU;74. OYUKLU SOKAK;sokak;785446571
ERZURUM;ÇAT;OYUKLU;75. OYUKLU SOKAK;sokak;625981801
ERZURUM;ÇAT;OYUKLU;76. OYUKLU SOKAK;sokak;566691381
ERZURUM;ÇAT;OYUKLU;77. OYUKLU SOKAK;sokak;158918230
ERZURUM;ÇAT;OYUKLU;78. OYUKLU SOKAK;sokak;564623690
ERZURUM;ÇAT;OYUKLU;79. OYUKLU SOKAK;sokak;531828871
ERZURUM;ÇAT;OYUKLU;8. OYUKLU SOKAK;sokak;423722271
ERZURUM;ÇAT;OYUKLU;8. SOKAK SOKAK;sokak;434152560
ERZURUM;ÇAT;OYUKLU;80. OYUKLU SOKAK;sokak;206108531
ERZURUM;ÇAT;OYUKLU;9. OYUKLU SOKAK;sokak;980865801
ERZURUM;ÇAT;OYUKLU;ADLİYE SOKAK;sokak;43415
ERZURUM;ÇAT;OYUKLU;BABADERELİ AHMET EFENDİ SOKAK;sokak;304274131
ERZURUM;ÇAT;OYUKLU;BANKA SOKAK;sokak;695724
ERZURUM;ÇAT;OYUKLU;BELEDİYE GARAJ SOKAK;sokak;43417
ERZURUM;ÇAT;OYUKLU;BİLİNMEYEN26 SOKAK;sokak;419894011
ERZURUM;ÇAT;OYUKLU;BİLİNMEYEN33 SOKAK;sokak;761969220
ERZURUM;ÇAT;OYUKLU;CUMHURİYET CADDE;cadde;43967
ERZURUM;ÇAT;OYUKLU;EFENDİ SOKAK;sokak;367631
ERZURUM;ÇAT;OYUKLU;EĞİTİM SOKAK;sokak;42184
ERZURUM;ÇAT;OYUKLU;EMNİYET CADDE;cadde;696073
ERZURUM;ÇAT;OYUKLU;ERZURUM BİNGÖL CADDE;cadde;174355530
ERZURUM;ÇAT;OYUKLU;ERZURUM CADDE;cadde;368906
ERZURUM;ÇAT;OYUKLU;ESKİ MAHALLE SOKAK;sokak;42183
ERZURUM;ÇAT;OYUKLU;FATİH CADDE;cadde;42185
ERZURUM;ÇAT;OYUKLU;GAZİ SOKAK;sokak;331889211
ERZURUM;ÇAT;OYUKLU;GELGEÇ SOKAK;sokak;368908
ERZURUM;ÇAT;OYUKLU;H.BURHANETTİN CADDE;cadde;42186
ERZURUM;ÇAT;OYUKLU;HACI İDRİS SOKAK;sokak;42187
ERZURUM;ÇAT;OYUKLU;HACIRESUL SOKAK;sokak;368907
ERZURUM;ÇAT;OYUKLU;HASTANE CADDE;cadde;42182
ERZURUM;ÇAT;OYUKLU;İSMİZAİR SOKAK;sokak;43965
ERZURUM;ÇAT;OYUKLU;JANDARMA SOKAK;sokak;42188
ERZURUM;ÇAT;OYUKLU;KAHRAMAN SOKAK;sokak;368909
ERZURUM;ÇAT;OYUKLU;KATIRCI SOKAK;sokak;42189
ERZURUM;ÇAT;OYUKLU;MEZARLIK SOKAK;sokak;42190
ERZURUM;ÇAT;OYUKLU;MUSTAFA SOKAK;sokak;368910
ERZURUM;ÇAT;OYUKLU;OSMAN GÜLMEZ SOKAK;sokak;739464851
ERZURUM;ÇAT;OYUKLU;REHME SOKAK;sokak;42191
ERZURUM;ÇAT;OYUKLU;ŞABAN SOKAK;sokak;368912
ERZURUM;ÇAT;OYUKLU;ŞALTO SOKAK;sokak;707920
ERZURUM;ÇAT;OYUKLU;ŞEHİT OSMAN GÜLMEZ CADDE;cadde;810517571
ERZURUM;ÇAT;OYUKLU;ŞEHİT YÜZBAŞI YUNUS ÇELEBİ SOKAK;sokak;191813461
ERZURUM;ÇAT;OYUKLU;TARIM SOKAK;sokak;42192
ERZURUM;ÇAT;OYUKLU;UMUT SOKAK;sokak;954604
ERZURUM;ÇAT;OYUKLU;URFANİ- SOKAK;sokak;368911
ERZURUM;ÇAT;OYUKLU;YAN SOKAK;sokak;985650471
ERZURUM;ÇAT;OYUKLU;ZİYARET CADDE;cadde;698755
ERZURUM;ÇAT;OYUKLU;ZULAM SOKAK;sokak;43963
ERZURUM;ÇAT;PARMAKSIZ;AFET KONUTLARI 1 KÜME EVLER;sokak;669366
ERZURUM;ÇAT;PARMAKSIZ;AFET KONUTLARI 2 KÜME EVLER;sokak;159543
ERZURUM;ÇAT;PARMAKSIZ;ERZURUM BİNGÖL CADDE;cadde;187572030
ERZURUM;ÇAT;PARMAKSIZ;HIŞTO MEZRASI KÜME EVLER;sokak;621500
ERZURUM;ÇAT;PARMAKSIZ;IŞIKLAR KÜME EVLER;sokak;106350681
ERZURUM;ÇAT;PARMAKSIZ;MUZAFFER MEZRASI KÜME EVLER;sokak;621502
ERZURUM;ÇAT;PARMAKSIZ;PARMAKSIZ KÜME EVLER;sokak;617832
ERZURUM;ÇAT;SALTAŞ;SALTAŞ KÜME EVLER;sokak;30534
ERZURUM;ÇAT;SALTAŞ;SAVCAK KÜME EVLER;sokak;595119
ERZURUM;ÇAT;SALTAŞ;TİRŞO KÜME EVLER;sokak;595122
ERZURUM;ÇAT;SARIKAŞIK;BAYRAMLAR KÜME EVLER;sokak;563241
ERZURUM;ÇAT;SARIKAŞIK;ÇOBANTEPE MEZRASI KÜME EVLER;sokak;563864
ERZURUM;ÇAT;SARIKAŞIK;SARIKAŞIK KÜME EVLER;sokak;556406
ERZURUM;ÇAT;SARIKAYA;ÇOBURLU KÜME EVLER;sokak;538455
ERZURUM;ÇAT;SARIKAYA;SARIGÜL- SOKAK;sokak;538902
ERZURUM;ÇAT;SARIKAYA;SARIKAYA KÜME EVLER;sokak;546677
ERZURUM;ÇAT;SOĞUKPINAR;SOĞUKPINAR KONUTLARI KÜME EVLER;sokak;713039450
ERZURUM;ÇAT;SOĞUKPINAR;SOĞUKPINAR KÜME EVLER;sokak;531375
ERZURUM;ÇAT;SÖBEÇAYIR;CİBO MEZRASI KÜME EVLER;sokak;321760
ERZURUM;ÇAT;SÖBEÇAYIR;DARABİ MEZRASI KÜME EVLER;sokak;596161
ERZURUM;ÇAT;SÖBEÇAYIR;HAS MEZRASI KÜME EVLER;sokak;26284
ERZURUM;ÇAT;SÖBEÇAYIR;NURETTİN MEZRASI KÜME EVLER;sokak;615821
ERZURUM;ÇAT;SÖBEÇAYIR;SÖBEÇAYIR KÜME EVLER;sokak;321753
ERZURUM;ÇAT;ŞEYHHASAN;ERZURUM BİNGÖL CADDE;cadde;748593151
ERZURUM;ÇAT;ŞEYHHASAN;ŞEYHHASAN AFET KONUTLARI KÜME EVLER;sokak;589843
ERZURUM;ÇAT;ŞEYHHASAN;ŞEYHHASAN KÜME EVLER;sokak;571235
ERZURUM;ÇAT;TAŞAĞIL;TAŞAĞIL KÜME EVLER;sokak;88707
ERZURUM;ÇAT;TUZLATAŞI;TUZLATAŞI KÜME EVLER;sokak;549400
ERZURUM;ÇAT;TUZLUCA;1. CAMİ SOKAK;sokak;43969
ERZURUM;ÇAT;TUZLUCA;1. FATİH SOKAK;sokak;43971
ERZURUM;ÇAT;TUZLUCA;1. TUZLUCA SOKAK;sokak;640644540
ERZURUM;ÇAT;TUZLUCA;2. TUZLUCA SOKAK;sokak;800862261
ERZURUM;ÇAT;TUZLUCA;3. TUZLUCA SOKAK;sokak;780473960
ERZURUM;ÇAT;TUZLUCA;4. TUZLUCA SOKAK;sokak;196229190
ERZURUM;ÇAT;TUZLUCA;5. TUZLUCA SOKAK;sokak;426405401
ERZURUM;ÇAT;TUZLUCA;ADİL BEY SOKAK;sokak;368913
ERZURUM;ÇAT;TUZLUCA;AFET EVLERİ KÜME EVLER;sokak;809332521
ERZURUM;ÇAT;TUZLUCA;AKTAŞ SOKAK;sokak;43968
ERZURUM;ÇAT;TUZLUCA;AYGÜN SOKAK;sokak;512458
ERZURUM;ÇAT;TUZLUCA;BİLİNMEYEN42 SOKAK;sokak;669947081
ERZURUM;ÇAT;TUZLUCA;CULFA SOKAK;sokak;43970
ERZURUM;ÇAT;TUZLUCA;ÇEŞME SOKAK;sokak;511163
ERZURUM;ÇAT;TUZLUCA;ÇÖĞENDER SOKAK;sokak;45426897
ERZURUM;ÇAT;TUZLUCA;DEĞİRMEN SOKAK;sokak;368914
ERZURUM;ÇAT;TUZLUCA;DERE 1 SOKAK;sokak;513048
ERZURUM;ÇAT;TUZLUCA;GÜLMEZ SOKAK;sokak;43972
ERZURUM;ÇAT;TUZLUCA;GÜLMEZ1 SOKAK;sokak;452032880
ERZURUM;ÇAT;TUZLUCA;H.ZİYA SOKAK;sokak;368915
ERZURUM;ÇAT;TUZLUCA;HACI BEY SOKAK;sokak;43974
ERZURUM;ÇAT;TUZLUCA;HACI FAİK SOKAK;sokak;43973
ERZURUM;ÇAT;TUZLUCA;HACI NURİ SOKAK;sokak;43975
ERZURUM;ÇAT;TUZLUCA;KURTOĞLU SOKAK;sokak;368916
ERZURUM;ÇAT;TUZLUCA;MENDERES CADDE;cadde;43976
ERZURUM;ÇAT;TUZLUCA;MEZARLIK 2 SOKAK;sokak;695581
ERZURUM;ÇAT;TUZLUCA;MOLLA SOKAK;sokak;43977
ERZURUM;ÇAT;TUZLUCA;MURTAZA SOKAK;sokak;368917
ERZURUM;ÇAT;TUZLUCA;OKUL 1 SOKAK;sokak;696437
ERZURUM;ÇAT;TUZLUCA;OYUKTEPE SOKAK;sokak;43978
ERZURUM;ÇAT;TUZLUCA;ŞAMAŞURT SOKAK;sokak;368919
ERZURUM;ÇAT;TUZLUCA;TUZLA SOKAK;sokak;368918
ERZURUM;ÇAT;TUZLUCA;YAŞAR SOKAK;sokak;43979
ERZURUM;ÇAT;TUZLUCA;YENİŞ SOKAK;sokak;43980
ERZURUM;ÇAT;TUZLUCA;YETER SOKAK;sokak;513050
ERZURUM;ÇAT;YARMAK;GÖLYUSUF KÜME EVLER;sokak;593860
ERZURUM;ÇAT;YARMAK;YARMAK KÜME EVLER;sokak;590149
ERZURUM;ÇAT;YARMAK;ZEYNELBEY SOKAK;sokak;592639
ERZURUM;ÇAT;YAVİ;1. KÜME EVLER;sokak;190667
ERZURUM;ÇAT;YAVİ;2. KÜME EVLER;sokak;748470
ERZURUM;ÇAT;YAVİ;3. KÜME EVLER;sokak;748585
ERZURUM;ÇAT;YAVİ;32. ŞEHİTLER KÜME EVLER;sokak;359070
ERZURUM;ÇAT;YAVİ;4. KÜME EVLER;sokak;190668
ERZURUM;ÇAT;YAVİ;5. KÜME EVLER;sokak;748582
ERZURUM;ÇAT;YAVİ;6. KÜME EVLER;sokak;748583
ERZURUM;ÇAT;YAVİ;7. KÜME EVLER;sokak;748584
ERZURUM;ÇAT;YAVİ;BARBAROS KÜME EVLER;sokak;43986
ERZURUM;ÇAT;YAVİ;EMİR KÜME EVLER;sokak;44309
ERZURUM;ÇAT;YAVİ;ERENLER KÜME EVLER;sokak;43987
ERZURUM;ÇAT;YAVİ;İMAM OĞLU KÜME EVLER;sokak;359069
ERZURUM;ÇAT;YAVİ;MEHMET AKİF KÜME EVLER;sokak;44310
ERZURUM;ÇAT;YAVİ;MEYDAN KÜME EVLER;sokak;748581
ERZURUM;ÇAT;YAVİ;OKUL1 KÜME EVLER;sokak;348781650
ERZURUM;ÇAT;YAVİ;ÖZLEM KÜME EVLER;sokak;748586
ERZURUM;ÇAT;YAVİ;SADRAZAM KÜME EVLER;sokak;43984
ERZURUM;ÇAT;YAVİ;ŞEHİTLER KÜME EVLER;sokak;748580
ERZURUM;ÇAT;YAVİ;TİRYAKİ KÜME EVLER;sokak;43985
ERZURUM;ÇAT;YAVİ;YAVİ DERE KÜME EVLER;sokak;748588
ERZURUM;ÇAT;YAVİ;YAVİ ERZURUM KÜME EVLER;sokak;43983
ERZURUM;ÇAT;YAVİ;YAVİ OKUL KÜME EVLER;sokak;748579
ERZURUM;ÇAT;YAVİ;YAVUZ KÜME EVLER;sokak;368925
ERZURUM;ÇAT;YAYLASUYU;AHMET 1 SOKAK;sokak;331592371
ERZURUM;ÇAT;YAYLASUYU;AHMET SOKAK;sokak;547750
ERZURUM;ÇAT;YAYLASUYU;HACI DURSUN 1 SOKAK;sokak;639474510
ERZURUM;ÇAT;YAYLASUYU;HACI DURSUN SOKAK;sokak;540998
ERZURUM;ÇAT;YAYLASUYU;YAYLASUYU KÜME EVLER;sokak;549808
ERZURUM;ÇAT;YUKARIÇAT;YUKARIÇAT KÜME EVLER;sokak;605695
ERZURUM;HINIS;ACARKÖY;ACARKÖY KÜME EVLER;sokak;1138719
ERZURUM;HINIS;AKBAYIR;AKBAYIR KÜME EVLER;sokak;1129295
ERZURUM;HINIS;AKBAYIR;AKÖREN KÜME EVLER;sokak;434848491
ERZURUM;HINIS;AKBAYIR;KAVAKLIK KÜME EVLER;sokak;536878
ERZURUM;HINIS;AKÇAMELİK;7501 SOKAK;sokak;1128509
ERZURUM;HINIS;AKÇAMELİK;7502 SOKAK;sokak;1128511
ERZURUM;HINIS;AKÇAMELİK;7503 SOKAK;sokak;1128513
ERZURUM;HINIS;AKÇAMELİK;AKÇAMELİK KÜME EVLER;sokak;278794
ERZURUM;HINIS;AKÇAMELİK;GIYAS MEZRASI KÜME EVLER;sokak;1128517
ERZURUM;HINIS;AKÇAMELİK;ZEKİ MEZRASI KÜME EVLER;sokak;1128515
ERZURUM;HINIS;AKGELİN;AKGELİN KÜME EVLER;sokak;529203
ERZURUM;HINIS;AKGELİN;BİLİNMEYEN 1008 KÜME EVLER;sokak;930357720
ERZURUM;HINIS;AKGELİN;DEMİRCİ KÜME EVLER;sokak;812035561
ERZURUM;HINIS;AKGELİN;HACI ŞÜKRÜ KÜME EVLER;sokak;530874
ERZURUM;HINIS;AKGELİN;SEYFETTİN KÜME EVLER;sokak;539091
ERZURUM;HINIS;AKGÖZE;AKGÖZE KÜME EVLER;sokak;1144303
ERZURUM;HINIS;AKGÖZE;İBRAHİM KÜME EVLER;sokak;549968
ERZURUM;HINIS;AKÖREN;AKÖREN KÜME EVLER;sokak;1129205
ERZURUM;HINIS;AKÖREN;BİNDARI KÜME EVLER;sokak;535808
ERZURUM;HINIS;AKÖREN;SIĞIRLI KÜME EVLER;sokak;542117
ERZURUM;HINIS;ALACA;ALACA BİLİNMEYEN KÜME EVLER;sokak;600471721
ERZURUM;HINIS;ALACA;ALACA KÜME EVLER;sokak;1144729
ERZURUM;HINIS;ALAGÖZ;ALAGÖZ DEPREM KONUTLARI KÜME EVLER;sokak;1144753
ERZURUM;HINIS;ALAGÖZ;ALAGÖZ KÜME EVLER;sokak;1144597
ERZURUM;HINIS;ALAGÖZ;ÇERMİK KÜME EVLER;sokak;1144751
ERZURUM;HINIS;ALINTERİ;ALINTERİ KÜME EVLER;sokak;1144741
ERZURUM;HINIS;ALINTERİ;GÜNAYDIN KÜME EVLER;sokak;845297001
ERZURUM;HINIS;ALINTERİ;MEMİŞ KÜME EVLER;sokak;1144743
ERZURUM;HINIS;ALİKIRI ABDALAN;ALİKIRI KÜME EVLER;sokak;1132519
ERZURUM;HINIS;ALTINPINAR;ALTINPINAR KÜME EVLER KÜME EVLER;sokak;1144603
ERZURUM;HINIS;ALTINPINAR;AŞAĞI BEZİRHAN KÜME EVLER;sokak;539402
ERZURUM;HINIS;ALTINPINAR;İSİMSİZ YOL KÜME EVLER;sokak;790692331
ERZURUM;HINIS;ALTINPINAR;SABRİ SOKAK;sokak;541139
ERZURUM;HINIS;ALTINPINAR;ŞEYH SOKAK;sokak;278773
ERZURUM;HINIS;ALTINPINAR;TEPELİ KÜME EVLER;sokak;531176
ERZURUM;HINIS;ALTINPINAR;YUKARI BEZİRHAN KÜME EVLER;sokak;535644
ERZURUM;HINIS;ALTINPINAR;YUKARI MEZRA(FEFE)- KÜME EVLER;sokak;1144763
ERZURUM;HINIS;ARPADERESİ;ARPADERESİ KÜME EVLER;sokak;1144873
ERZURUM;HINIS;ARPADERESİ;DİVANHÜSEYİN KÜME EVLER;sokak;104865461
ERZURUM;HINIS;AŞAĞIKAYABAŞI;1.PTT CADDE;cadde;1132348
ERZURUM;HINIS;AŞAĞIKAYABAŞI;2.KAYAÜSTÜ SOKAK;sokak;730216691
ERZURUM;HINIS;AŞAĞIKAYABAŞI;2.PTT CADDE;cadde;1132507
ERZURUM;HINIS;AŞAĞIKAYABAŞI;501 SOKAK;sokak;1132007
ERZURUM;HINIS;AŞAĞIKAYABAŞI;502 SOKAK;sokak;1132009
ERZURUM;HINIS;AŞAĞIKAYABAŞI;504 SOKAK;sokak;1126625
ERZURUM;HINIS;AŞAĞIKAYABAŞI;505 SOKAK;sokak;1132013
ERZURUM;HINIS;AŞAĞIKAYABAŞI;506 SOKAK;sokak;1126615
ERZURUM;HINIS;AŞAĞIKAYABAŞI;507- SOKAK;sokak;1132511
ERZURUM;HINIS;AŞAĞIKAYABAŞI;508- SOKAK;sokak;1132513
ERZURUM;HINIS;AŞAĞIKAYABAŞI;509 SOKAK;sokak;1127655
ERZURUM;HINIS;AŞAĞIKAYABAŞI;510 SOKAK;sokak;1127657
ERZURUM;HINIS;AŞAĞIKAYABAŞI;511 SOKAK;sokak;1132015
ERZURUM;HINIS;AŞAĞIKAYABAŞI;512 SOKAK;sokak;1144761
ERZURUM;HINIS;AŞAĞIKAYABAŞI;513 SOKAK;sokak;1132017
ERZURUM;HINIS;AŞAĞIKAYABAŞI;514 SOKAK;sokak;1132019
ERZURUM;HINIS;AŞAĞIKAYABAŞI;515 SOKAK;sokak;1132515
ERZURUM;HINIS;AŞAĞIKAYABAŞI;516 SOKAK;sokak;1132021
ERZURUM;HINIS;AŞAĞIKAYABAŞI;517 SOKAK;sokak;1132023
ERZURUM;HINIS;AŞAĞIKAYABAŞI;520 SOKAK;sokak;1132025
ERZURUM;HINIS;AŞAĞIKAYABAŞI;521 SOKAK;sokak;1132027
ERZURUM;HINIS;AŞAĞIKAYABAŞI;522 SOKAK;sokak;1132029
ERZURUM;HINIS;AŞAĞIKAYABAŞI;522/1 SOKAK;sokak;702178720
ERZURUM;HINIS;AŞAĞIKAYABAŞI;523 SOKAK;sokak;1131143
ERZURUM;HINIS;AŞAĞIKAYABAŞI;525 SOKAK;sokak;1132031
ERZURUM;HINIS;AŞAĞIKAYABAŞI;526 SOKAK;sokak;1131141
ERZURUM;HINIS;AŞAĞIKAYABAŞI;527 SOKAK;sokak;1132033
ERZURUM;HINIS;AŞAĞIKAYABAŞI;528 SOKAK;sokak;1132035
ERZURUM;HINIS;AŞAĞIKAYABAŞI;529 SOKAK;sokak;1132037
ERZURUM;HINIS;AŞAĞIKAYABAŞI;530 SOKAK;sokak;1132039
ERZURUM;HINIS;AŞAĞIKAYABAŞI;532 SOKAK;sokak;1132041
ERZURUM;HINIS;AŞAĞIKAYABAŞI;533 SOKAK;sokak;1132043
ERZURUM;HINIS;AŞAĞIKAYABAŞI;534 SOKAK;sokak;1132045
ERZURUM;HINIS;AŞAĞIKAYABAŞI;536 SOKAK;sokak;1132047
ERZURUM;HINIS;AŞAĞIKAYABAŞI;537 SOKAK;sokak;1132049
ERZURUM;HINIS;AŞAĞIKAYABAŞI;538 SOKAK;sokak;1132517
ERZURUM;HINIS;AŞAĞIKAYABAŞI;AŞAĞI KAYABAŞI BİLİNMEYEN SOKAK;sokak;138148010
ERZURUM;HINIS;AŞAĞIKAYABAŞI;BİLİNMEYEN YOL 1 SOKAK;sokak;308602741
ERZURUM;HINIS;AŞAĞIKAYABAŞI;BİLİNMEYEN YOL1 SOKAK;sokak;880918551
ERZURUM;HINIS;AŞAĞIKAYABAŞI;CUMHURİYET CADDE;cadde;277707
ERZURUM;HINIS;AŞAĞIKAYABAŞI;YÜZÜNCÜ YIL CADDE;cadde;268622431
ERZURUM;HINIS;AVCILAR;AVCILAR KÜME EVLER;sokak;1134535
ERZURUM;HINIS;BAHÇE;401 SOKAK;sokak;1131370
ERZURUM;HINIS;BAHÇE;402 SOKAK;sokak;1131372
ERZURUM;HINIS;BAHÇE;403 SOKAK;sokak;1131374
ERZURUM;HINIS;BAHÇE;403/1 SOKAK;sokak;728163250
ERZURUM;HINIS;BAHÇE;403/2 SOKAK;sokak;312605990
ERZURUM;HINIS;BAHÇE;404 SOKAK;sokak;1131376
ERZURUM;HINIS;BAHÇE;405 SOKAK;sokak;1131378
ERZURUM;HINIS;BAHÇE;406 SOKAK;sokak;1131380
ERZURUM;HINIS;BAHÇE;406/1 SOKAK;sokak;245424661
ERZURUM;HINIS;BAHÇE;407 SOKAK;sokak;1131382
ERZURUM;HINIS;BAHÇE;408 SOKAK;sokak;1131384
ERZURUM;HINIS;BAHÇE;409 SOKAK;sokak;44329
ERZURUM;HINIS;BAHÇE;MİSRİK KÜME EVLER;sokak;44330
ERZURUM;HINIS;BAHÇE;YÜZÜNCÜ YIL CADDE;cadde;407765100
ERZURUM;HINIS;BAŞKÖY;BAŞKÖY AFET KONUTLARI KÜME EVLER;sokak;1144599
ERZURUM;HINIS;BAŞKÖY;BAŞKÖY KÜME EVLERİ KÜME EVLER;sokak;562318
ERZURUM;HINIS;BAYIRKÖY;BAYIRKÖY KÜME EVLER;sokak;523579
ERZURUM;HINIS;BELLİTAŞ;BELLİTAŞ KONUTLARI KÜME EVLER;sokak;1144759
ERZURUM;HINIS;BELLİTAŞ;BELLİTAŞ SOKAK;sokak;532496
ERZURUM;HINIS;BELLİTAŞ;BELLİTAŞ/1 SOKAK;sokak;809473931
ERZURUM;HINIS;BELLİTAŞ;BURHANKÖY KÜME EVLER;sokak;683106220
ERZURUM;HINIS;BELLİTAŞ;YOLALTI KÜMESİ KÜME EVLER;sokak;1144769
ERZURUM;HINIS;BELLİTAŞ;YOLÜSTÜ KÜMESİ KÜME EVLER;sokak;1144765
ERZURUM;HINIS;BEYYURDU;BEYYURDU KÜME EVLER;sokak;1144739
ERZURUM;HINIS;BEYYURDU;TELLİTEPE KÜME EVLER KÜME EVLER;sokak;107253230
ERZURUM;HINIS;BEYYURDU;YEŞİLDERE KÜME EVLER;sokak;591256
ERZURUM;HINIS;BURHANKÖY;2701 KÜME EVLER;sokak;1129337
ERZURUM;HINIS;BURHANKÖY;BURHANKÖY KÜME EVLER;sokak;1129335
ERZURUM;HINIS;BURHANKÖY;DEDEÖREN KÜME EVLER;sokak;135125871
ERZURUM;HINIS;BURHANKÖY;KARMIŞ 1 SOKAK;sokak;488116811
ERZURUM;HINIS;BURHANKÖY;ŞERİF KÜME EVLER;sokak;580371
ERZURUM;HINIS;ÇAKMAK;2801 KÜME EVLER;sokak;1131418
ERZURUM;HINIS;ÇAKMAK;2802 SOKAK;sokak;1131420
ERZURUM;HINIS;ÇAKMAK;2803 SOKAK;sokak;1131422
ERZURUM;HINIS;ÇAKMAK;2804 KÜME EVLER;sokak;1131424
ERZURUM;HINIS;ÇAKMAK;2805 SOKAK;sokak;1131426
ERZURUM;HINIS;ÇAKMAK;2806 SOKAK;sokak;1131428
ERZURUM;HINIS;ÇAKMAK;2807 SOKAK;sokak;533164
ERZURUM;HINIS;ÇAKMAK;ÇAKMAK KÜME EVLER;sokak;1131430
ERZURUM;HINIS;ÇAMURLU;2902 KÜME EVLER;sokak;1131390
ERZURUM;HINIS;ÇAMURLU;2903 KÜME EVLER;sokak;536287
ERZURUM;HINIS;ÇAMURLU;ÇAMURLU KÜME EVLER;sokak;1131388
ERZURUM;HINIS;ÇATAK;AĞMAN KÜME EVLER;sokak;580382
ERZURUM;HINIS;ÇATAK;ÇATAK KÜME EVLER;sokak;1131108
ERZURUM;HINIS;ÇİLLİGÖL;ÇİLLİGÖL BİLİNMEYEN KÜME EVLER;sokak;464319790
ERZURUM;HINIS;ÇİLLİGÖL;ÇİLLİGÖL KÜME EVLER;sokak;1134219
ERZURUM;HINIS;ÇİLLİGÖL;DOLMABAHÇE MEZRASI KÜME EVLER;sokak;1323297
ERZURUM;HINIS;ÇİLLİGÖL;KAVAKLIDERE KÜME EVLER;sokak;591273
ERZURUM;HINIS;DAĞÇAYIRI;DAĞÇAYIRI KÜME EVLER;sokak;1134217
ERZURUM;HINIS;DEMİRCİ;DEMİRCİ KONUTLARI KÜME EVLER;sokak;1144573
ERZURUM;HINIS;DEMİRCİ;DEMİRCİ KÜME EVLER;sokak;1132381
ERZURUM;HINIS;DEMİRCİ;HAMZABEG KÜME EVLER;sokak;213208
ERZURUM;HINIS;DEMİRCİ;SOĞUKPINAR KÜME EVLER;sokak;530058
ERZURUM;HINIS;DERİNCE;DERİNCE KÜME EVLER;sokak;1144737
ERZURUM;HINIS;DERVİŞALİ;DERVİŞALİ KONUTLARI KÜME EVLER;sokak;1133081
ERZURUM;HINIS;DERVİŞALİ;DERVİŞALİ SOKAK;sokak;1133079
ERZURUM;HINIS;DİBEKLİ;ÇULAK KÜME EVLER;sokak;1129311
ERZURUM;HINIS;DİBEKLİ;DİBEKLİ KÜME EVLER;sokak;1129309
ERZURUM;HINIS;DİKİLİ;DİKİLİ KÜME EVLER KÜME EVLER;sokak;1136237
ERZURUM;HINIS;DİVANHÜSEYİN;DİVANHÜSEYİN KÜME EVLER;sokak;1132521
ERZURUM;HINIS;DİVANHÜSEYİN;ELMADALI KÜME EVLER;sokak;805188480
ERZURUM;HINIS;DİVANHÜSEYİN;ŞAHVERDİ KÜMEEVLER KÜME EVLER;sokak;466915800
ERZURUM;HINIS;DİVANHÜSEYİN;ZORO SOKAK;sokak;1144571
ERZURUM;HINIS;ELMADALI;ELMADALI KÜME EVLER;sokak;1131441
ERZURUM;HINIS;ERBEYLİ;ERBEYLİ KÜME EVLER;sokak;1134221
ERZURUM;HINIS;ERBEYLİ;PİRBAĞ KÜME EVLER;sokak;1144575
ERZURUM;HINIS;ERDURAN;ERDURAN BİLİNMEYEN KÜME EVLER;sokak;283688271
ERZURUM;HINIS;ERDURAN;ERDURAN KONUTLARI KÜME EVLER;sokak;1129319
ERZURUM;HINIS;ERDURAN;ERDURAN KÜME EVLER;sokak;1129317
ERZURUM;HINIS;ERDURAN;KULUK KÜME EVLER;sokak;1129321
ERZURUM;HINIS;ERENCE;3301 SOKAK;sokak;1144679
ERZURUM;HINIS;ERENCE;3302 KÜME EVLER;sokak;1144681
ERZURUM;HINIS;ERENCE;3303 SOKAK;sokak;1144683
ERZURUM;HINIS;ERENCE;3304 SOKAK;sokak;1144685
ERZURUM;HINIS;ERENCE;3305 SOKAK;sokak;1144687
ERZURUM;HINIS;ERENCE;ERENCE BİLİNMEYEN 1 KÜME EVLER;sokak;450811631
ERZURUM;HINIS;ERENCE;ERENCE BİLİNMEYEN KÜME EVLER;sokak;649731671
ERZURUM;HINIS;ERENCE;ERENCE CADDESİ KÜME EVLER;cadde;1144755
ERZURUM;HINIS;ERENCE;ERENCE SOKAK;sokak;530694
ERZURUM;HINIS;ESENLİ;BİLİNMEYEN 1007 KÜME EVLER;sokak;470739600
ERZURUM;HINIS;ESENLİ;ESENLİ KÜME EVLER;sokak;1132765
ERZURUM;HINIS;GÖLLER;GÖLLER KÜME EVLER KÜME EVLER;sokak;1136204
ERZURUM;HINIS;GÜLİSTAN;901 SOKAK;sokak;1136430
ERZURUM;HINIS;GÜLİSTAN;902 SOKAK;sokak;1136432
ERZURUM;HINIS;GÜLİSTAN;903 SOKAK;sokak;1136434
ERZURUM;HINIS;GÜLİSTAN;904 SOKAK;sokak;1136436
ERZURUM;HINIS;GÜLİSTAN;905 SOKAK;sokak;1136438
ERZURUM;HINIS;GÜLİSTAN;906 SOKAK;sokak;1136440
ERZURUM;HINIS;GÜLİSTAN;906_1 SOKAK;sokak;103528961
ERZURUM;HINIS;GÜLİSTAN;907 SOKAK;sokak;1136442
ERZURUM;HINIS;GÜLİSTAN;908 SOKAK;sokak;1136444
ERZURUM;HINIS;GÜLİSTAN;909 SOKAK;sokak;1136446
ERZURUM;HINIS;GÜLİSTAN;910 SOKAK;sokak;1136448
ERZURUM;HINIS;GÜLİSTAN;912 SOKAK;sokak;1136452
ERZURUM;HINIS;GÜLİSTAN;913 SOKAK;sokak;1136454
ERZURUM;HINIS;GÜLİSTAN;913_1 SOKAK;sokak;895724650
ERZURUM;HINIS;GÜLİSTAN;914 SOKAK;sokak;1136456
ERZURUM;HINIS;GÜLİSTAN;915 SOKAK;sokak;1136458
ERZURUM;HINIS;GÜLİSTAN;916 SOKAK;sokak;1136460
ERZURUM;HINIS;GÜLİSTAN;917 SOKAK;sokak;1136462
ERZURUM;HINIS;GÜLİSTAN;918 SOKAK;sokak;1136464
ERZURUM;HINIS;GÜLİSTAN;918_1 SOKAK;sokak;239418001
ERZURUM;HINIS;GÜLİSTAN;919 SOKAK;sokak;1136466
ERZURUM;HINIS;GÜLİSTAN;AHMET KARA CADDE;cadde;91476
ERZURUM;HINIS;GÜLİSTAN;CUMHURİYET CADDE;cadde;310706670
ERZURUM;HINIS;GÜLİSTAN;CUMHURİYET1 SOKAK;sokak;680995630
ERZURUM;HINIS;GÜLİSTAN;ÇEVRE YOLU CADDE;cadde;926553981
ERZURUM;HINIS;GÜLİSTAN;HACI CAFER EREN CADDE;cadde;1136495
ERZURUM;HINIS;GÜLİSTAN;PEYIK SOKAK;sokak;44336
ERZURUM;HINIS;GÜLİSTAN;PEYK CADDE;cadde;44338
ERZURUM;HINIS;GÜLİSTAN;TOKİ BULVAR;sokak;760580
ERZURUM;HINIS;GÜLLÜÇİMEN;GÜLLÜÇİMEN KOMU SOKAK;sokak;579092
ERZURUM;HINIS;GÜLLÜÇİMEN;GÜLLÜÇİMEN KÜME EVLER;sokak;580748
ERZURUM;HINIS;GÜRÇAYIR;GÜRÇAYIR KÜME EVLER;sokak;1129331
ERZURUM;HINIS;GÜZELDERE;GÜZELDERE KÜME EVLER KÜME EVLER;sokak;1144699
ERZURUM;HINIS;HALİLÇAVUŞ;GÜLTEPE KÜME EVLER;sokak;775291
ERZURUM;HINIS;HALİLÇAVUŞ;HALİLÇAVUŞ KÜME EVLER KÜME EVLER;sokak;1135536
ERZURUM;HINIS;HALİLÇAVUŞ;OGUZVEREN KÜME EVLER;sokak;819211
ERZURUM;HINIS;HALİLÇAVUŞ;YEŞİLOVA KÜME EVLER;sokak;420645
ERZURUM;HINIS;HAYRAN;ÇİÇEKLİ KÜME EVLER;sokak;1144717
ERZURUM;HINIS;HAYRAN;DİKME KÜME EVLER;sokak;1144715
ERZURUM;HINIS;HAYRAN;HAYRAN AFET KONUTLARI KÜME EVLER;sokak;1144713
ERZURUM;HINIS;HAYRAN;HAYRAN KÜME EVLER;sokak;1144711
ERZURUM;HINIS;ILICAKÖY;AFET KONUTLARI KÜME EVLER;sokak;1029334
ERZURUM;HINIS;ILICAKÖY;ILICAKÖY KÜME EVLER;sokak;1144705
ERZURUM;HINIS;İSMAİL;3901 KÜME EVLER;sokak;1131432
ERZURUM;HINIS;İSMAİL;3902 KÜME EVLER;sokak;1131434
ERZURUM;HINIS;İSMAİL;3903 KÜME EVLER;sokak;1131436
ERZURUM;HINIS;İSMAİL;AKBAYIR KÜME EVLER;sokak;685660410
ERZURUM;HINIS;İSMAİL;ÇAKMAK KÜME EVLER;sokak;672966160
ERZURUM;HINIS;İSMAİL;İSMAİL KÜME EVLER;sokak;1131438
ERZURUM;HINIS;KALECİK;AFET KONUTLARI KÜME EVLER KÜME EVLER;sokak;1144703
ERZURUM;HINIS;KALECİK;KALECİK SK KÜME EVLER;sokak;1144701
ERZURUM;HINIS;KARAAĞAÇ;GÜNAYDIN KÜME EVLER;sokak;556134
ERZURUM;HINIS;KARAAĞAÇ;KARAAĞAÇ KÜME EVLER;sokak;1129467
ERZURUM;HINIS;KARABUDAK;KARABUDAK KÜME EVLER;sokak;1129333
ERZURUM;HINIS;KARABUDAK;OVAÇEVİRME KÜME EVLER;sokak;404205310
ERZURUM;HINIS;KARABUDAK;YENİKÖY KÜME EVLER;sokak;668439130
ERZURUM;HINIS;KARAKULA;1102/1 SOKAK;sokak;803419100
ERZURUM;HINIS;KARAKULA;1102/2 SOKAK;sokak;564797690
ERZURUM;HINIS;KARAKULA;1103 SOKAK;sokak;113873211
ERZURUM;HINIS;KARAKULA;301 SOKAK;sokak;1134490
ERZURUM;HINIS;KARAKULA;301/1 SOKAK;sokak;589201820
ERZURUM;HINIS;KARAKULA;302 SOKAK;sokak;1134492
ERZURUM;HINIS;KARAKULA;302/1 CADDE;cadde;655640801
ERZURUM;HINIS;KARAKULA;303 SOKAK;sokak;1134494
ERZURUM;HINIS;KARAKULA;303/1 SOKAK;sokak;201350590
ERZURUM;HINIS;KARAKULA;304 SOKAK;sokak;1134496
ERZURUM;HINIS;KARAKULA;KARAKULA CADDE;cadde;1134498
ERZURUM;HINIS;KARAKULA;KARAKULA1 KÜME EVLER;sokak;856840331
ERZURUM;HINIS;KARAMOLLA;KARAMOLLA KONUTLARI KÜME EVLER;sokak;1144581
ERZURUM;HINIS;KARAMOLLA;KARAMOLLA KÜME EVLER;sokak;1134531
ERZURUM;HINIS;KAZANCI;HIRDICAN KOMU KÜME EVLER;sokak;1144721
ERZURUM;HINIS;KAZANCI;KAZANCI AFET KONUTLARI KÜME EVLER;sokak;1144723
ERZURUM;HINIS;KAZANCI;KAZANCI KÜME EVLER;sokak;1144719
ERZURUM;HINIS;KETENCİ;DİLO KOMU KÜME EVLER;sokak;1144593
ERZURUM;HINIS;KETENCİ;KETENCİ KÜME EVLER KÜME EVLER;sokak;1134500
ERZURUM;HINIS;KETENCİ;MEMİŞ KOMU KÜME EVLER;sokak;1144591
ERZURUM;HINIS;KETENCİ;YILMAZ MEZRASI KÜME EVLER;sokak;1144595
ERZURUM;HINIS;KISIK;HAMİT SOKAK;sokak;1144745
ERZURUM;HINIS;KISIK;KISIK KÜME EVLER;sokak;1144749
ERZURUM;HINIS;KISIK;M.ATİK KÜME EVLER;sokak;1144747
ERZURUM;HINIS;KIZILAHMET;KIZILAHMET KÜMEEVLER KÜME EVLER;sokak;1144560
ERZURUM;HINIS;KIZMUSA;GÜLLÜÇİMEN KÜME EVLER;sokak;206850460
ERZURUM;HINIS;KIZMUSA;KIZMUSA KÜME EVLER;sokak;1131386
ERZURUM;HINIS;KOLHİSAR;11.KÜME EVLER KÜME EVLER;sokak;44341
ERZURUM;HINIS;KOLHİSAR;602 SOKAK;sokak;403510170
ERZURUM;HINIS;KOLHİSAR;KARAAĞAÇ KÜME EVLER;sokak;406169711
ERZURUM;HINIS;KOLHİSAR;KOLHİSAR 1 SOKAK;sokak;844968500
ERZURUM;HINIS;KOLHİSAR;KOLHİSAR SOKAK;sokak;1129575
ERZURUM;HINIS;KONGUR;KONGUR KÜMEEVLER KÜME EVLER;sokak;1144587
ERZURUM;HINIS;KONGUR;YUSUF KÜME EVLER;sokak;316372
ERZURUM;HINIS;KÖPRÜBAŞI;1. KÜME EVLERİ SOKAK;sokak;350028230
ERZURUM;HINIS;KÖPRÜBAŞI;102 SOKAK;sokak;1135480
ERZURUM;HINIS;KÖPRÜBAŞI;103 SOKAK;sokak;1135482
ERZURUM;HINIS;KÖPRÜBAŞI;104 SOKAK;sokak;1135484
ERZURUM;HINIS;KÖPRÜBAŞI;104/1 SOKAK;sokak;531591900
ERZURUM;HINIS;KÖPRÜBAŞI;120 SOKAK;sokak;1129185
ERZURUM;HINIS;KÖPRÜBAŞI;121 SOKAK;sokak;1129187
ERZURUM;HINIS;KÖPRÜBAŞI;122 SOKAK;sokak;1129189
ERZURUM;HINIS;KÖPRÜBAŞI;130 SOKAK;sokak;1129191
ERZURUM;HINIS;KÖPRÜBAŞI;132 SOKAK;sokak;1129193
ERZURUM;HINIS;KÖPRÜBAŞI;KÖPRÜBAŞI BİLİNMEYEN 1 SOKAK;sokak;112721761
ERZURUM;HINIS;KÖPRÜBAŞI;KÖPRÜBAŞI BİLİNMEYEN SOKAK;sokak;420016020
ERZURUM;HINIS;KÖPRÜBAŞI;KÖPRÜBAŞI1 SOKAK;sokak;362028931
ERZURUM;HINIS;KÖPRÜBAŞI;KÖPRÜBAŞI2 SOKAK;sokak;342895040
ERZURUM;HINIS;KÖPRÜBAŞI;KÖPRÜBAŞI3 SOKAK;sokak;706116290
ERZURUM;HINIS;KÖPRÜBAŞI;KÖPRÜBAŞI4 SOKAK;sokak;229362641
ERZURUM;HINIS;KÖPRÜBAŞI;KÖPRÜBAŞI5 SOKAK;sokak;881519150
ERZURUM;HINIS;KÖPRÜBAŞI;KÖPRÜBAŞI6 SOKAK;sokak;127268080
ERZURUM;HINIS;KÖPRÜBAŞI;KÖPRÜBAŞI7 SOKAK;sokak;320789091
ERZURUM;HINIS;KÖPRÜBAŞI;METEOROLOJİ CADDE;cadde;1135486
ERZURUM;HINIS;KÖPRÜBAŞI;YILDIRIM AKBULUT CADDE;cadde;1156968
ERZURUM;HINIS;MEYDANKÖY;GÜZELDERE KÜME EVLER KÜME EVLER;sokak;422773921
ERZURUM;HINIS;MEYDANKÖY;MEYDANKÖY KÜME EVLER KÜME EVLER;sokak;1144709
ERZURUM;HINIS;MEZRA;MEZRA KÜME EVLER;sokak;1134533
ERZURUM;HINIS;MOLLACELİL;MOLLACELİL KÜME EVLER KÜME EVLER;sokak;1132763
ERZURUM;HINIS;MOLLAKULAÇ;ALİ SOKAK;sokak;533602
ERZURUM;HINIS;MOLLAKULAÇ;KASIM KÜME EVLER;sokak;92539
ERZURUM;HINIS;MOLLAKULAÇ;MOLLAKULAÇ KÜME EVLER;sokak;530454
ERZURUM;HINIS;MOLLAKULAÇ;TAHİR KÜME EVLER;sokak;1218001
ERZURUM;HINIS;MUTLUCA;MUTLUCA KÜME EVLER;sokak;1144733
ERZURUM;HINIS;ORTAKÖY;ORTAKÖY KÜME EVLER KÜME EVLER;sokak;1144601
ERZURUM;HINIS;ORTAKÖY;YENİ ORTAKÖY KÜME EVLER;sokak;547228
ERZURUM;HINIS;OVAÇEVİRME;5202 SOKAK;sokak;1128468
ERZURUM;HINIS;OVAÇEVİRME;5203 SOKAK;sokak;1128470
ERZURUM;HINIS;OVAÇEVİRME;5204 SOKAK;sokak;1128472
ERZURUM;HINIS;OVAÇEVİRME;5205 SOKAK;sokak;1128474
ERZURUM;HINIS;OVAÇEVİRME;5206 SOKAK;sokak;1128476
ERZURUM;HINIS;OVAÇEVİRME;5207 KÜME EVLER;sokak;1128478
ERZURUM;HINIS;OVAÇEVİRME;5208 KÜME EVLER;sokak;529541
ERZURUM;HINIS;OVAÇEVİRME;OVAÇEVİRME KÜME EVLER;sokak;1128480
ERZURUM;HINIS;OVAKOZLU;5301 SOKAK;sokak;1133069
ERZURUM;HINIS;OVAKOZLU;5302 KÜME EVLER;sokak;1133067
ERZURUM;HINIS;OVAKOZLU;5303 SOKAK;sokak;1133071
ERZURUM;HINIS;OVAKOZLU;5304 SOKAK;sokak;1133073
ERZURUM;HINIS;OVAKOZLU;5305 SOKAK;sokak;1144691
ERZURUM;HINIS;OVAKOZLU;5306 SOKAK;sokak;1144693
ERZURUM;HINIS;OVAKOZLU;5307 SOKAK;sokak;1144695
ERZURUM;HINIS;OVAKOZLU;5308 KÜME EVLER;sokak;1144697
ERZURUM;HINIS;OVAKOZLU;OVAKOZLU CADDESİ KÜME EVLER;cadde;1144757
ERZURUM;HINIS;OVAKOZLU;OVAKOZLU KÜME EVLER;sokak;530551
ERZURUM;HINIS;PARMAKSIZ;5401 SOKAK;sokak;1128519
ERZURUM;HINIS;PARMAKSIZ;5402 SOKAK;sokak;1128521
ERZURUM;HINIS;PARMAKSIZ;5402/1 KÜME EVLER;sokak;204498801
ERZURUM;HINIS;PARMAKSIZ;5403 SOKAK;sokak;1128523
ERZURUM;HINIS;PARMAKSIZ;5404 SOKAK;sokak;1128525
ERZURUM;HINIS;PARMAKSIZ;5405 SOKAK;sokak;1128527
ERZURUM;HINIS;PARMAKSIZ;5406 SOKAK;sokak;1128529
ERZURUM;HINIS;PARMAKSIZ;5407 SOKAK;sokak;1128531
ERZURUM;HINIS;PARMAKSIZ;5408 SOKAK;sokak;1128533
ERZURUM;HINIS;PARMAKSIZ;5409 SOKAK;sokak;1128535
ERZURUM;HINIS;PARMAKSIZ;5420 SOKAK;sokak;1128537
ERZURUM;HINIS;PARMAKSIZ;5421 KÜME EVLER;sokak;1128539
ERZURUM;HINIS;PARMAKSIZ;5421/1 SOKAK;sokak;527179800
ERZURUM;HINIS;PARMAKSIZ;5422- SOKAK;sokak;1128541
ERZURUM;HINIS;PARMAKSIZ;5425 KÜME EVLER;sokak;1128543
ERZURUM;HINIS;PARMAKSIZ;AŞAĞI PARMAKSIZ KÜME EVLER;sokak;1128545
ERZURUM;HINIS;PARMAKSIZ;KISIK KÜME EVLER;sokak;227558700
ERZURUM;HINIS;PARMAKSIZ;NECDET KÜME EVLER;sokak;1223973
ERZURUM;HINIS;PARMAKSIZ;PARMAKSIZ BİLİNMEYEN 1 KÜME EVLER;sokak;930574530
ERZURUM;HINIS;PARMAKSIZ;PARMAKSIZ BİLİNMEYEN 2 KÜME EVLER;sokak;365115900
ERZURUM;HINIS;PARMAKSIZ;PARMAKSIZ BİLİNMEYEN SOKAK;sokak;687919121
ERZURUM;HINIS;PARMAKSIZ;PARMAKSIZ BİLİNMEYEN1 KÜME EVLER;sokak;127347451
ERZURUM;HINIS;PARMAKSIZ;PARMAKSIZ CADDE;cadde;782755000
ERZURUM;HINIS;PINARBAŞI;12.KÜME EVLER KÜME EVLER;sokak;147125660
ERZURUM;HINIS;PINARBAŞI;801 SOKAK;sokak;1131145
ERZURUM;HINIS;PINARBAŞI;802 SOKAK;sokak;1131147
ERZURUM;HINIS;PINARBAŞI;804 SOKAK;sokak;1131149
ERZURUM;HINIS;PINARBAŞI;804_1 SOKAK;sokak;136703690
ERZURUM;HINIS;PINARBAŞI;806 SOKAK;sokak;1131151
ERZURUM;HINIS;PINARBAŞI;807- SOKAK;sokak;44343
ERZURUM;HINIS;PINARBAŞI;BİLİNMEYEN 1005 SOKAK;sokak;335293711
ERZURUM;HINIS;PINARBAŞI;CUMHURİYET CADDE;cadde;809741650
ERZURUM;HINIS;PINARBAŞI;ÇEVRE YOLU CADDE;cadde;752939691
ERZURUM;HINIS;PINARKÖY;GOLAN KÜME EVLER;sokak;550490
ERZURUM;HINIS;PINARKÖY;HARABE KÜME EVLER;sokak;331597
ERZURUM;HINIS;PINARKÖY;PINARKÖY KÜME EVLER;sokak;533878
ERZURUM;HINIS;PINARKÖY;PINARKÖY KÜME EVLER KÜME EVLER;sokak;1134160
ERZURUM;HINIS;PINARKÖY;TALHA MEZRASI KÜME EVLER;sokak;1393081
ERZURUM;HINIS;SALTEPE;SALTEPE KÜME EVLER;sokak;1144707
ERZURUM;HINIS;SANAYİ;13.KÜME EVLER KÜME EVLER;sokak;598316931
ERZURUM;HINIS;SANAYİ;1301 SOKAK;sokak;1135490
ERZURUM;HINIS;SANAYİ;1302 SOKAK;sokak;1135492
ERZURUM;HINIS;SANAYİ;1305 SOKAK;sokak;1135498
ERZURUM;HINIS;SANAYİ;1305/2 SOKAK;sokak;475731260
ERZURUM;HINIS;SANAYİ;1306 SOKAK;sokak;91477
ERZURUM;HINIS;SANAYİ;1307 SOKAK;sokak;1135502
ERZURUM;HINIS;SANAYİ;1308 SOKAK;sokak;1135504
ERZURUM;HINIS;SANAYİ;1309 SOKAK;sokak;1135506
ERZURUM;HINIS;SANAYİ;1310 SOKAK;sokak;1135508
ERZURUM;HINIS;SANAYİ;1311 SOKAK;sokak;913486561
ERZURUM;HINIS;SANAYİ;1315 SOKAK;sokak;1135518
ERZURUM;HINIS;SANAYİ;1316 SOKAK;sokak;1135520
ERZURUM;HINIS;SANAYİ;1317 SOKAK;sokak;1135522
ERZURUM;HINIS;SANAYİ;1318 SOKAK;sokak;1135524
ERZURUM;HINIS;SANAYİ;1320 SOKAK;sokak;1135528
ERZURUM;HINIS;SANAYİ;1321 SOKAK;sokak;1135530
ERZURUM;HINIS;SANAYİ;1322 SOKAK;sokak;1135532
ERZURUM;HINIS;SANAYİ;ALİBEY KÜME EVLERİ KÜME EVLER;sokak;886948641
ERZURUM;HINIS;SANAYİ;ÇEVRE YOLU CADDE;cadde;752939690
ERZURUM;HINIS;SANAYİ;GÜLÇİMEN YOLU CADDE;cadde;205856260
ERZURUM;HINIS;SANAYİ;İMAR YOLU 1 SOKAK;sokak;379460191
ERZURUM;HINIS;SANAYİ;İMAR YOLU 2 SOKAK;sokak;450669821
ERZURUM;HINIS;SANAYİ;İMAR YOLU 3 SOKAK;sokak;795699271
ERZURUM;HINIS;SANAYİ;İMAR YOLU 4 SOKAK;sokak;693153491
ERZURUM;HINIS;SANAYİ;İMAR YOLU 5 SOKAK;sokak;898903211
ERZURUM;HINIS;SANAYİ;İMAR YOLU 6 SOKAK;sokak;579259351
ERZURUM;HINIS;SANAYİ;SANAYİ BİLİNMEYEN 1 SOKAK;sokak;854958690
ERZURUM;HINIS;SANAYİ;SANAYİ BİLİNMEYEN SOKAK;sokak;175661910
ERZURUM;HINIS;SANAYİ;SANAYİ KONUTLARİ- KÜME EVLER;sokak;1154970
ERZURUM;HINIS;SANAYİ;SANAYİ SİTESİ SOKAK;sokak;1147440
ERZURUM;HINIS;SANAYİ;TAHSİN EFENDİ KÜME EVLERİ KÜME EVLER;sokak;381900470
ERZURUM;HINIS;SARILI;10.KÜME EVLER KÜME EVLER;sokak;397041920
ERZURUM;HINIS;SARILI;602 SOKAK;sokak;1131155
ERZURUM;HINIS;SARILI;603- SOKAK;sokak;1131157
ERZURUM;HINIS;SARILI;604 SOKAK;sokak;1131159
ERZURUM;HINIS;SARILI;605- SOKAK;sokak;1131161
ERZURUM;HINIS;SARILI;606 SOKAK;sokak;1131163
ERZURUM;HINIS;SARILI;607 SOKAK;sokak;1131165
ERZURUM;HINIS;SARILI;608 SOKAK;sokak;1131167
ERZURUM;HINIS;SARILI;609 SOKAK;sokak;1131169
ERZURUM;HINIS;SARILI;610 KÜME EVLER;sokak;1131171
ERZURUM;HINIS;SARILI;611 SOKAK;sokak;1131173
ERZURUM;HINIS;SARILI;612 SOKAK;sokak;1131175
ERZURUM;HINIS;SARILI;613- SOKAK;sokak;91545
ERZURUM;HINIS;SARILI;CUMHURİYET CADDE;cadde;629331971
ERZURUM;HINIS;SARILI;MOLLA FAHRETTİN BÜYÜKYILDIZ SOKAK;sokak;1131153
ERZURUM;HINIS;SARILI;SARILI1 SOKAK;sokak;317716031
ERZURUM;HINIS;SARILI;SARILI2 SOKAK;sokak;560581181
ERZURUM;HINIS;SILDIZ;ESENLER KÜME EVLER;sokak;537515
ERZURUM;HINIS;SILDIZ;HANEK SOKAK;sokak;548125
ERZURUM;HINIS;SILDIZ;KETENCİ KÜME EVLER KÜME EVLER;sokak;109838801
ERZURUM;HINIS;SILDIZ;SILDIZ KÜME EVLER;sokak;1133077
ERZURUM;HINIS;SILDIZ;VELI UZUN KÜME EVLER;sokak;1404423
ERZURUM;HINIS;SÖĞÜTLÜ;5803- SOKAK;sokak;1131404
ERZURUM;HINIS;SÖĞÜTLÜ;5805- SOKAK;sokak;1131408
ERZURUM;HINIS;SÖĞÜTLÜ;5806- SOKAK;sokak;539884
ERZURUM;HINIS;SÖĞÜTLÜ;SÖĞÜTLÜ KÜME EVLER;sokak;1131410
ERZURUM;HINIS;SULTANLI;SULTANLI KÜME EVLER;sokak;1144731
ERZURUM;HINIS;SUVARAN;SUVARAN KÜME EVLER;sokak;1144727
ERZURUM;HINIS;ŞAHABETTİNKÖY;6101 SOKAK;sokak;1128430
ERZURUM;HINIS;ŞAHABETTİNKÖY;6102 SOKAK;sokak;1128432
ERZURUM;HINIS;ŞAHABETTİNKÖY;6102/1 SOKAK;sokak;769801761
ERZURUM;HINIS;ŞAHABETTİNKÖY;6103 SOKAK;sokak;1128434
ERZURUM;HINIS;ŞAHABETTİNKÖY;ŞAHABETTİNKÖY KÜME EVLER;sokak;1128436
ERZURUM;HINIS;ŞAHVERDİ;ŞAHVERDİ KÜMEEVLER KÜME EVLER;sokak;1131443
ERZURUM;HINIS;ŞALGAMKÖY;2. KÜME EVLERİ KÜME EVLER;sokak;1139964
ERZURUM;HINIS;ŞALGAMKÖY;ŞALGAMKÖY KONUTLAR KÜME EVLER;sokak;1143778
ERZURUM;HINIS;ŞALGAMKÖY;ŞALGAMKÖY KÜMEEVLER KÜME EVLER;sokak;1131439
ERZURUM;HINIS;TANIR;HAN MEZRASI SOKAK;sokak;543957
ERZURUM;HINIS;TANIR;TANIR KONUTLAR KÜME EVLER;sokak;1129361
ERZURUM;HINIS;TANIR;TANIR KÜME EVLER;sokak;1129341
ERZURUM;HINIS;TAPUKÖY;TAPUKÖY KÜME EVLER;sokak;555786
ERZURUM;HINIS;TAŞBUDAK;TAŞBUDAK KONUTLARI KÜME EVLER;sokak;1146073
ERZURUM;HINIS;TAŞBUDAK;TAŞBUDAK KÜME EVLER KÜME EVLER;sokak;1138721
ERZURUM;HINIS;TELLİTEPE;ÇATAK KÜME EVLER;sokak;495421860
ERZURUM;HINIS;TELLİTEPE;TELLİTEPE KÜME EVLER KÜME EVLER;sokak;1133075
ERZURUM;HINIS;TİPİDERESİ;BİLİNMEYEN 1007 KÜME EVLER;sokak;760472731
ERZURUM;HINIS;TİPİDERESİ;KUREBEŞİK KÜME EVLER;sokak;538003
ERZURUM;HINIS;TİPİDERESİ;TİPİDERESİ KÜMEEVLER KÜME EVLER;sokak;1132523
ERZURUM;HINIS;TOPRAKKALE;6601 SOKAK;sokak;1131394
ERZURUM;HINIS;TOPRAKKALE;6602 KÜME EVLER;sokak;1131396
ERZURUM;HINIS;TOPRAKKALE;6603 KÜME EVLER;sokak;1131398
ERZURUM;HINIS;TOPRAKKALE;6604 SOKAK;sokak;460724
ERZURUM;HINIS;TOPRAKKALE;TOPRAKKALE KÜME EVLER;sokak;1131392
ERZURUM;HINIS;TORAMAN;DİVANHÜSEYİN KÜME EVLER;sokak;253486320
ERZURUM;HINIS;TORAMAN;HACI ŞÜKRÜ KÜME EVLER;sokak;179254620
ERZURUM;HINIS;TORAMAN;TORAMAN KÜME EVLER;sokak;1132767
ERZURUM;HINIS;ULUÇAYIR;GÜLTEPE MEZRASI KÜME EVLER;sokak;1144579
ERZURUM;HINIS;ULUÇAYIR;ULUÇAYIR KÜME EVLER KÜME EVLER;sokak;1134529
ERZURUM;HINIS;ULUÇAYIR;YAŞAR MEZRASI KÜME EVLER;sokak;1325105
ERZURUM;HINIS;UYANIK;UYANIK KÜME EVLER;sokak;1144725
ERZURUM;HINIS;ÜNLÜCE;HACI ŞÜKRÜ KÜME EVLER;sokak;441984481
ERZURUM;HINIS;ÜNLÜCE;ÜNLÜCE KÜME EVLER;sokak;1132525
ERZURUM;HINIS;YAMANLAR;İSİMSİZ YOL KÜME EVLER;sokak;342557860
ERZURUM;HINIS;YAMANLAR;İSİMSİZ YOL1 KÜME EVLER;sokak;215632831
ERZURUM;HINIS;YAMANLAR;ONBAŞILAR SOKAK;sokak;456867
ERZURUM;HINIS;YAMANLAR;ŞEYHNADİR SOKAK;sokak;545187
ERZURUM;HINIS;YAMANLAR;YAMANLAR KÜME EVLER;sokak;1134156
ERZURUM;HINIS;YAYLAKONAK;YAYLAKONAK AFET KONUTLARI KÜME EVLER;sokak;1144735
ERZURUM;HINIS;YAYLAKONAK;YAYLAKONAK KÜME EVLER;sokak;1133056
ERZURUM;HINIS;YELPİZ;7002 KÜME EVLER;sokak;1127770
ERZURUM;HINIS;YELPİZ;7003 KÜME EVLER;sokak;1127772
ERZURUM;HINIS;YELPİZ;7004 KÜME EVLER;sokak;1127774
ERZURUM;HINIS;YELPİZ;7005 KÜME EVLER;sokak;1127776
ERZURUM;HINIS;YELPİZ;7006 KÜME EVLER;sokak;1127778
ERZURUM;HINIS;YELPİZ;7006/1 KÜME EVLER;sokak;795723500
ERZURUM;HINIS;YELPİZ;7006/2 KÜME EVLER;sokak;673715260
ERZURUM;HINIS;YELPİZ;7007 KÜME EVLER;sokak;44184
ERZURUM;HINIS;YELPİZ;OVAÇEVİRME KÜME EVLER;sokak;897370500
ERZURUM;HINIS;YELPİZ;TOPLU KONUTLAR KÜME EVLER;sokak;1128040
ERZURUM;HINIS;YELPİZ;YELPİZ KÜME EVLER;sokak;1128070
ERZURUM;HINIS;YENİKENT;1101 SOKAK;sokak;1131934
ERZURUM;HINIS;YENİKENT;1102 SOKAK;sokak;1131936
ERZURUM;HINIS;YENİKENT;1103/1 SOKAK;sokak;572364080
ERZURUM;HINIS;YENİKENT;1104 SOKAK;sokak;1131940
ERZURUM;HINIS;YENİKENT;1105 SOKAK;sokak;1131944
ERZURUM;HINIS;YENİKENT;1106 SOKAK;sokak;1131946
ERZURUM;HINIS;YENİKENT;1107 SOKAK;sokak;1131948
ERZURUM;HINIS;YENİKENT;1108 SOKAK;sokak;1131950
ERZURUM;HINIS;YENİKENT;1109 SOKAK;sokak;1131952
ERZURUM;HINIS;YENİKENT;1111 SOKAK;sokak;1158576
ERZURUM;HINIS;YENİKENT;1112 SOKAK;sokak;1131956
ERZURUM;HINIS;YENİKENT;1117- SOKAK;sokak;91546
ERZURUM;HINIS;YENİKENT;AHMET KARA CADDE;cadde;1136501
ERZURUM;HINIS;YENİKENT;ATABEY KÜME EVLERİ KÜME EVLER;sokak;794903300
ERZURUM;HINIS;YENİKENT;CUMHURİYET CADDE;cadde;368938
ERZURUM;HINIS;YENİKENT;HACI CAFER EREN CADDE;cadde;1136499
ERZURUM;HINIS;YENİKENT;İNÖNÜ CADDE;cadde;44350
ERZURUM;HINIS;YENİKENT;LİSELER CADDE;cadde;44347
ERZURUM;HINIS;YENİKENT;RÜSTEM KÜME EVLERİ KÜME EVLER;sokak;812070600
ERZURUM;HINIS;YENİKENT;YENİ YOL10 SOKAK;sokak;197021411
ERZURUM;HINIS;YENİKENT;YENİ YOL11 SOKAK;sokak;242859341
ERZURUM;HINIS;YENİKENT;YENİ YOL5 SOKAK;sokak;342620220
ERZURUM;HINIS;YENİKENT;YENİ YOL6 SOKAK;sokak;257038691
ERZURUM;HINIS;YENİKENT;YENİ YOL7 SOKAK;sokak;329423361
ERZURUM;HINIS;YENİKENT;YENİ YOL8 SOKAK;sokak;540509921
ERZURUM;HINIS;YENİKENT;YENİ YOL9 SOKAK;sokak;709587491
ERZURUM;HINIS;YENİKENT;YENİKENT1 SOKAK;sokak;499186910
ERZURUM;HINIS;YENİKENT;YILDIRIM AKBULUT CADDE;cadde;44349
ERZURUM;HINIS;YENİKÖY;YENİKÖY KÜME EVLER;sokak;1129327
ERZURUM;HINIS;YEŞİLBAHÇE;1001 SOKAK;sokak;751533
ERZURUM;HINIS;YEŞİLBAHÇE;1002 SOKAK;sokak;1136178
ERZURUM;HINIS;YEŞİLBAHÇE;1003 SOKAK;sokak;1136180
ERZURUM;HINIS;YEŞİLBAHÇE;1004 SOKAK;sokak;1136188
ERZURUM;HINIS;YEŞİLBAHÇE;1005 SOKAK;sokak;1136182
ERZURUM;HINIS;YEŞİLBAHÇE;1007- SOKAK;sokak;1136184
ERZURUM;HINIS;YEŞİLBAHÇE;1008 SOKAK;sokak;1136186
ERZURUM;HINIS;YEŞİLBAHÇE;1009 SOKAK;sokak;1136190
ERZURUM;HINIS;YEŞİLBAHÇE;1010 SOKAK;sokak;1136192
ERZURUM;HINIS;YEŞİLBAHÇE;1011 SOKAK;sokak;1136194
ERZURUM;HINIS;YEŞİLBAHÇE;1012 SOKAK;sokak;1136196
ERZURUM;HINIS;YEŞİLBAHÇE;1015 SOKAK;sokak;1136200
ERZURUM;HINIS;YEŞİLBAHÇE;1016 SOKAK;sokak;1136176
ERZURUM;HINIS;YEŞİLBAHÇE;1017 SOKAK;sokak;1136202
ERZURUM;HINIS;YEŞİLBAHÇE;1018 SOKAK;sokak;44351
ERZURUM;HINIS;YEŞİLBAHÇE;1050 SOKAK;sokak;1144773
ERZURUM;HINIS;YEŞİLBAHÇE;1101 SOKAK;sokak;1131930
ERZURUM;HINIS;YEŞİLBAHÇE;2.NÜVE KONUTLAR- CADDE;cadde;755306
ERZURUM;HINIS;YEŞİLBAHÇE;8. SOKAK;sokak;880733821
ERZURUM;HINIS;YEŞİLBAHÇE;AHMET KARA CADDE;cadde;1136206
ERZURUM;HINIS;YEŞİLBAHÇE;BİLİNMEYEN 1 SOKAK;sokak;546109930
ERZURUM;HINIS;YEŞİLBAHÇE;BİLİNMEYEN1 SOKAK;sokak;766608100
ERZURUM;HINIS;YEŞİLBAHÇE;CENGİZAL- CADDE;cadde;764219
ERZURUM;HINIS;YEŞİLBAHÇE;CENGİZAL1 SOKAK;sokak;887955391
ERZURUM;HINIS;YEŞİLBAHÇE;CUMHURİYET CADDE;cadde;368941
ERZURUM;HINIS;YEŞİLBAHÇE;HACI CAFER EREN CADDE;cadde;1146162
ERZURUM;HINIS;YEŞİLBAHÇE;İNÖNÜ CADDE;cadde;368942
ERZURUM;HINIS;YEŞİLBAHÇE;NÜVE CADDESİ CADDE;cadde;44355
ERZURUM;HINIS;YEŞİLBAHÇE;PETROL CADDE;cadde;764220
ERZURUM;HINIS;YEŞİLBAHÇE;PEYK CADDE;cadde;1136208
ERZURUM;HINIS;YEŞİLBAHÇE;YEŞİLBAHÇE BİLİNMEYEN 1 SOKAK;sokak;726158750
ERZURUM;HINIS;YEŞİLBAHÇE;YEŞİLBAHÇE BİLİNMEYEN SOKAK;sokak;925213270
ERZURUM;HINIS;YEŞİLBAHÇE;YILDIRIM AKBULUT CADDE;cadde;1150183
ERZURUM;HINIS;YEŞİLBAHÇE;YILDIRIM AKBULUT1 SOKAK;sokak;279070050
ERZURUM;HINIS;YEŞİLBAHÇE;YILDIRIM AKBULUT2 SOKAK;sokak;824830741
ERZURUM;HINIS;YEŞİLYAZI;1- SOKAK;sokak;532087
ERZURUM;HINIS;YEŞİLYAZI;SOFİ MEZRASI SOKAK;sokak;532207
ERZURUM;HINIS;YEŞİLYAZI;YEŞİLYAZI KÜME EVLER;sokak;1129583
ERZURUM;HINIS;YOLÜSTÜ;7201 SOKAK;sokak;1064261
ERZURUM;HINIS;YOLÜSTÜ;7202 SOKAK;sokak;1131440
ERZURUM;HINIS;YOLÜSTÜ;7203 SOKAK;sokak;1131442
ERZURUM;HINIS;YOLÜSTÜ;7204 SOKAK;sokak;1131444
ERZURUM;HINIS;YOLÜSTÜ;7205 SOKAK;sokak;1131446
ERZURUM;HINIS;YOLÜSTÜ;7206 SOKAK;sokak;1131448
ERZURUM;HINIS;YOLÜSTÜ;7207 SOKAK;sokak;534359
ERZURUM;HINIS;YOLÜSTÜ;BİLİNMEYEN 1001 SOKAK;sokak;709822931
ERZURUM;HINIS;YOLÜSTÜ;BİLİNMEYEN 1002 SOKAK;sokak;637077230
ERZURUM;HINIS;YOLÜSTÜ;BİLİNMEYEN 1003 SOKAK;sokak;936833991
ERZURUM;HINIS;YOLÜSTÜ;BİLİNMEYEN 1004 SOKAK;sokak;136322600
ERZURUM;HINIS;YOLÜSTÜ;ÇATAK KÜME EVLER;sokak;424998550
ERZURUM;HINIS;YOLÜSTÜ;MOLLAKULAÇ KÜME EVLER;sokak;387457821
ERZURUM;HINIS;YOLÜSTÜ;YENİ YOL 1 SOKAK;sokak;408112910
ERZURUM;HINIS;YOLÜSTÜ;YENİ YOL 10 SOKAK;sokak;468370760
ERZURUM;HINIS;YOLÜSTÜ;YENİ YOL 11 SOKAK;sokak;401151640
ERZURUM;HINIS;YOLÜSTÜ;YENİ YOL 12 SOKAK;sokak;320226000
ERZURUM;HINIS;YOLÜSTÜ;YENİ YOL 13 SOKAK;sokak;799757931
ERZURUM;HINIS;YOLÜSTÜ;YENİ YOL 14 SOKAK;sokak;745800020
ERZURUM;HINIS;YOLÜSTÜ;YENİ YOL 15 SOKAK;sokak;733734820
ERZURUM;HINIS;YOLÜSTÜ;YENİ YOL 16 SOKAK;sokak;520914931
ERZURUM;HINIS;YOLÜSTÜ;YENİ YOL 17 SOKAK;sokak;516780500
ERZURUM;HINIS;YOLÜSTÜ;YENİ YOL 18 SOKAK;sokak;490150760
ERZURUM;HINIS;YOLÜSTÜ;YENİ YOL 19 SOKAK;sokak;739245401
ERZURUM;HINIS;YOLÜSTÜ;YENİ YOL 2 SOKAK;sokak;673843701
ERZURUM;HINIS;YOLÜSTÜ;YENİ YOL 20 SOKAK;sokak;301922980
ERZURUM;HINIS;YOLÜSTÜ;YENİ YOL 21 SOKAK;sokak;376626240
ERZURUM;HINIS;YOLÜSTÜ;YENİ YOL 22 SOKAK;sokak;757296730
ERZURUM;HINIS;YOLÜSTÜ;YENİ YOL 23 SOKAK;sokak;100904211
ERZURUM;HINIS;YOLÜSTÜ;YENİ YOL 3 SOKAK;sokak;729911441
ERZURUM;HINIS;YOLÜSTÜ;YENİ YOL 4 SOKAK;sokak;393718020
ERZURUM;HINIS;YOLÜSTÜ;YENİ YOL 5 SOKAK;sokak;942245321
ERZURUM;HINIS;YOLÜSTÜ;YENİ YOL 6 SOKAK;sokak;392724481
ERZURUM;HINIS;YOLÜSTÜ;YENİ YOL 8 SOKAK;sokak;328203420
ERZURUM;HINIS;YOLÜSTÜ;YENİ YOL 9 SOKAK;sokak;480147650
ERZURUM;HINIS;YOLÜSTÜ;YOLÜSTÜ TOPLU KONUTLAR SOKAK;sokak;1131924
ERZURUM;HINIS;YUKARIKAYABAŞI;1.PTT CADDE;cadde;44358
ERZURUM;HINIS;YUKARIKAYABAŞI;2 SOKAK;sokak;890826061
ERZURUM;HINIS;YUKARIKAYABAŞI;201 SOKAK;sokak;208257410
ERZURUM;HINIS;YUKARIKAYABAŞI;201/1 SOKAK;sokak;164659570
ERZURUM;HINIS;YUKARIKAYABAŞI;202 SOKAK;sokak;1131989
ERZURUM;HINIS;YUKARIKAYABAŞI;203 SOKAK;sokak;1131991
ERZURUM;HINIS;YUKARIKAYABAŞI;204 SOKAK;sokak;91281
ERZURUM;HINIS;YUKARIKAYABAŞI;205 SOKAK;sokak;44364
ERZURUM;HINIS;YUKARIKAYABAŞI;208- SOKAK;sokak;1131995
ERZURUM;HINIS;YUKARIKAYABAŞI;209 SOKAK;sokak;1131993
ERZURUM;HINIS;YUKARIKAYABAŞI;210 SOKAK;sokak;1131999
ERZURUM;HINIS;YUKARIKAYABAŞI;211 SOKAK;sokak;1132001
ERZURUM;HINIS;YUKARIKAYABAŞI;212 SOKAK;sokak;1131997
ERZURUM;HINIS;YUKARIKAYABAŞI;220 SOKAK;sokak;1131139
ERZURUM;HINIS;YUKARIKAYABAŞI;225 SOKAK;sokak;1132005
ERZURUM;HINIS;YUKARIKAYABAŞI;226- SOKAK;sokak;1153805
ERZURUM;HINIS;YUKARIKAYABAŞI;250 SOKAK;sokak;1131137
ERZURUM;HINIS;YUKARIKAYABAŞI;BİLİNMEYEN 1006 CADDE;cadde;808390380
ERZURUM;HINIS;YUKARIKAYABAŞI;CUMHURİYET CADDE;cadde;1146004
ERZURUM;HINIS;YUKARIKAYABAŞI;İNÖNÜ CADDE;cadde;46909
ERZURUM;HINIS;YUKARIKAYABAŞI;KARAKULA CADDE;cadde;1135488
ERZURUM;HINIS;YUKARIKAYABAŞI;METEOROLOJİ CADDE;cadde;1132003
ERZURUM;HINIS;YUKARIKAYABAŞI;METEOROLOJİ/1 SOKAK;sokak;449261941
ERZURUM;HINIS;YUKARIKAYABAŞI;YENİ YOL1 SOKAK;sokak;914533571
ERZURUM;HINIS;YUKARIKAYABAŞI;YENİ YOL2 SOKAK;sokak;923784701
ERZURUM;HINIS;YUKARIKAYABAŞI;YENİ YOL3 SOKAK;sokak;524784761
ERZURUM;HINIS;YUKARIKAYABAŞI;YENİKENT BİLİNMEYEN SOKAK;sokak;826857510
ERZURUM;HINIS;YUKARIKAYABAŞI;YUKARIKAYABASI BİLİNMEYEN 1 SOKAK;sokak;830488351
ERZURUM;HINIS;YUKARIKAYABAŞI;YÜZÜNCÜ YIL CADDE;cadde;46908
ERZURUM;HORASAN;ADNAN MENDERES;1 SANAYİ SOKAK;sokak;279688170
ERZURUM;HORASAN;ADNAN MENDERES;1. FATİH SOKAK;sokak;754764810
ERZURUM;HORASAN;ADNAN MENDERES;1. SOKAK;sokak;766553
ERZURUM;HORASAN;ADNAN MENDERES;1.GARAJ SOKAK;sokak;505267710
ERZURUM;HORASAN;ADNAN MENDERES;1.IŞIK SOKAK;sokak;348547110
ERZURUM;HORASAN;ADNAN MENDERES;1.MERT SOKAK;sokak;886909
ERZURUM;HORASAN;ADNAN MENDERES;1.ORHANGAZİ SOKAK;sokak;886156
ERZURUM;HORASAN;ADNAN MENDERES;1.YENİ KUYU SOKAK;sokak;886146
ERZURUM;HORASAN;ADNAN MENDERES;10. SOKAK;sokak;122788260
ERZURUM;HORASAN;ADNAN MENDERES;11. SOKAK;sokak;992065
ERZURUM;HORASAN;ADNAN MENDERES;12. SOKAK;sokak;658015400
ERZURUM;HORASAN;ADNAN MENDERES;13. ÇIKMAZ SOKAK;sokak;376778791
ERZURUM;HORASAN;ADNAN MENDERES;13. SOKAK;sokak;417560990
ERZURUM;HORASAN;ADNAN MENDERES;14. SOKAK;sokak;418348
ERZURUM;HORASAN;ADNAN MENDERES;15 TEMMUZ ŞEHİTLER CADDE;cadde;896168900
ERZURUM;HORASAN;ADNAN MENDERES;15. SOKAK;sokak;130825571
ERZURUM;HORASAN;ADNAN MENDERES;15.ÇIKMAZ SOKAK;sokak;793490981
ERZURUM;HORASAN;ADNAN MENDERES;16. SOKAK;sokak;652687401
ERZURUM;HORASAN;ADNAN MENDERES;17. SOKAK;sokak;766557
ERZURUM;HORASAN;ADNAN MENDERES;18. SOKAK;sokak;391136420
ERZURUM;HORASAN;ADNAN MENDERES;19. SOKAK;sokak;702575550
ERZURUM;HORASAN;ADNAN MENDERES;2 SANAYİ SOKAK;sokak;286651070
ERZURUM;HORASAN;ADNAN MENDERES;2. COŞKUN SOKAK;sokak;358272370
ERZURUM;HORASAN;ADNAN MENDERES;2. ÇUKURLAR SOKAK;sokak;891448510
ERZURUM;HORASAN;ADNAN MENDERES;2. DEĞİRMEN SOKAK;sokak;697162310
ERZURUM;HORASAN;ADNAN MENDERES;2. MERT SOKAK;sokak;436076700
ERZURUM;HORASAN;ADNAN MENDERES;2. SOKAK;sokak;418344
ERZURUM;HORASAN;ADNAN MENDERES;2.ÇIKMAZ SOKAK;sokak;587732760
ERZURUM;HORASAN;ADNAN MENDERES;2.FATİH SOKAK;sokak;922199
ERZURUM;HORASAN;ADNAN MENDERES;2.GARAJ SOKAK;sokak;690019980
ERZURUM;HORASAN;ADNAN MENDERES;2.MENEKŞE SOKAK;sokak;388313841
ERZURUM;HORASAN;ADNAN MENDERES;2.TRAFİK SOKAK;sokak;882608640
ERZURUM;HORASAN;ADNAN MENDERES;2.YENİ KUYU SOKAK;sokak;562489251
ERZURUM;HORASAN;ADNAN MENDERES;20. SOKAK;sokak;430648561
ERZURUM;HORASAN;ADNAN MENDERES;21. SOKAK;sokak;129714381
ERZURUM;HORASAN;ADNAN MENDERES;22. SOKAK;sokak;573803621
ERZURUM;HORASAN;ADNAN MENDERES;23. SOKAK;sokak;567466050
ERZURUM;HORASAN;ADNAN MENDERES;24. SOKAK;sokak;265697980
ERZURUM;HORASAN;ADNAN MENDERES;25. SOKAK;sokak;104800690
ERZURUM;HORASAN;ADNAN MENDERES;26. SOKAK;sokak;753100521
ERZURUM;HORASAN;ADNAN MENDERES;27. SOKAK;sokak;841137940
ERZURUM;HORASAN;ADNAN MENDERES;28. SOKAK;sokak;322441621
ERZURUM;HORASAN;ADNAN MENDERES;29. SOKAK;sokak;816543780
ERZURUM;HORASAN;ADNAN MENDERES;3 SANAYİ SOKAK;sokak;321676110
ERZURUM;HORASAN;ADNAN MENDERES;3. MERT SOKAK;sokak;922267
ERZURUM;HORASAN;ADNAN MENDERES;3. SOKAK;sokak;418345
ERZURUM;HORASAN;ADNAN MENDERES;3.TRAFİK SOKAK;sokak;617084181
ERZURUM;HORASAN;ADNAN MENDERES;30. SOKAK;sokak;720683310
ERZURUM;HORASAN;ADNAN MENDERES;31. SOKAK;sokak;418655360
ERZURUM;HORASAN;ADNAN MENDERES;32. SOKAK;sokak;517961591
ERZURUM;HORASAN;ADNAN MENDERES;33. SOKAK;sokak;880110281
ERZURUM;HORASAN;ADNAN MENDERES;34. SOKAK;sokak;627394870
ERZURUM;HORASAN;ADNAN MENDERES;35. SOKAK;sokak;472252711
ERZURUM;HORASAN;ADNAN MENDERES;36. SOKAK;sokak;521198490
ERZURUM;HORASAN;ADNAN MENDERES;37. SOKAK;sokak;651664070
ERZURUM;HORASAN;ADNAN MENDERES;38. SOKAK;sokak;431045790
ERZURUM;HORASAN;ADNAN MENDERES;4 SANAYİ SOKAK;sokak;200617430
ERZURUM;HORASAN;ADNAN MENDERES;4. MERT SOKAK;sokak;484672520
ERZURUM;HORASAN;ADNAN MENDERES;4. SOKAK;sokak;766562
ERZURUM;HORASAN;ADNAN MENDERES;5 SANAYİ SOKAK;sokak;845525120
ERZURUM;HORASAN;ADNAN MENDERES;5. SOKAK;sokak;766563
ERZURUM;HORASAN;ADNAN MENDERES;6. SOKAK;sokak;418346
ERZURUM;HORASAN;ADNAN MENDERES;60. SOKAK;sokak;859214430
ERZURUM;HORASAN;ADNAN MENDERES;62. SOKAK;sokak;400096231
ERZURUM;HORASAN;ADNAN MENDERES;63. SOKAK;sokak;884070930
ERZURUM;HORASAN;ADNAN MENDERES;64. SOKAK;sokak;544116320
ERZURUM;HORASAN;ADNAN MENDERES;65. SOKAK;sokak;293220701
ERZURUM;HORASAN;ADNAN MENDERES;66. SOKAK;sokak;893684191
ERZURUM;HORASAN;ADNAN MENDERES;67. SOKAK;sokak;867544541
ERZURUM;HORASAN;ADNAN MENDERES;68. SOKAK;sokak;536752861
ERZURUM;HORASAN;ADNAN MENDERES;69. SOKAK;sokak;436600261
ERZURUM;HORASAN;ADNAN MENDERES;7. SOKAK;sokak;418347
ERZURUM;HORASAN;ADNAN MENDERES;70. SOKAK;sokak;844733621
ERZURUM;HORASAN;ADNAN MENDERES;71. SOKAK;sokak;524941191
ERZURUM;HORASAN;ADNAN MENDERES;72. SOKAK;sokak;562099351
ERZURUM;HORASAN;ADNAN MENDERES;73. SOKAK;sokak;889835070
ERZURUM;HORASAN;ADNAN MENDERES;74. SOKAK;sokak;687470470
ERZURUM;HORASAN;ADNAN MENDERES;75. SOKAK;sokak;676451840
ERZURUM;HORASAN;ADNAN MENDERES;76. SOKAK;sokak;174474591
ERZURUM;HORASAN;ADNAN MENDERES;77. SOKAK;sokak;243677161
ERZURUM;HORASAN;ADNAN MENDERES;78. SOKAK;sokak;246325800
ERZURUM;HORASAN;ADNAN MENDERES;79. SOKAK;sokak;874202200
ERZURUM;HORASAN;ADNAN MENDERES;8. SOKAK;sokak;766564
ERZURUM;HORASAN;ADNAN MENDERES;80. SOKAK;sokak;595747070
ERZURUM;HORASAN;ADNAN MENDERES;81. SOKAK;sokak;450246760
ERZURUM;HORASAN;ADNAN MENDERES;82. SOKAK;sokak;434066021
ERZURUM;HORASAN;ADNAN MENDERES;83. SOKAK;sokak;879193871
ERZURUM;HORASAN;ADNAN MENDERES;84. SOKAK;sokak;165747171
ERZURUM;HORASAN;ADNAN MENDERES;85. SOKAK;sokak;947185581
ERZURUM;HORASAN;ADNAN MENDERES;86. SOKAK;sokak;587056581
ERZURUM;HORASAN;ADNAN MENDERES;87. SOKAK;sokak;160100431
ERZURUM;HORASAN;ADNAN MENDERES;88. SOKAK;sokak;405917110
ERZURUM;HORASAN;ADNAN MENDERES;89. SOKAK;sokak;125652631
ERZURUM;HORASAN;ADNAN MENDERES;9. SOKAK;sokak;212059681
ERZURUM;HORASAN;ADNAN MENDERES;90. SOKAK;sokak;535495150
ERZURUM;HORASAN;ADNAN MENDERES;91. SOKAK;sokak;433466180
ERZURUM;HORASAN;ADNAN MENDERES;92. SOKAK;sokak;853319650
ERZURUM;HORASAN;ADNAN MENDERES;ABDURRAHMAN GAZİ SOKAK;sokak;869707611
ERZURUM;HORASAN;ADNAN MENDERES;AĞRI CADDE;cadde;766552
ERZURUM;HORASAN;ADNAN MENDERES;ALPA SOKAK;sokak;766571
ERZURUM;HORASAN;ADNAN MENDERES;AVNİ ÇOLAK SOKAK;sokak;259670191
ERZURUM;HORASAN;ADNAN MENDERES;AYDEMİR SOKAK;sokak;735050421
ERZURUM;HORASAN;ADNAN MENDERES;BİRLİK SOKAK;sokak;573741590
ERZURUM;HORASAN;ADNAN MENDERES;COŞKUN SOKAK;sokak;766570
ERZURUM;HORASAN;ADNAN MENDERES;ÇAKIL SOKAK;sokak;769358811
ERZURUM;HORASAN;ADNAN MENDERES;ÇAKIR SOKAK;sokak;525907261
ERZURUM;HORASAN;ADNAN MENDERES;ÇETİNKAYA SOKAK;sokak;747301280
ERZURUM;HORASAN;ADNAN MENDERES;ÇİLEK SOKAK;sokak;839199931
ERZURUM;HORASAN;ADNAN MENDERES;ÇİMEN SOKAK;sokak;766559
ERZURUM;HORASAN;ADNAN MENDERES;ÇOĞUN SOKAK;sokak;892881
ERZURUM;HORASAN;ADNAN MENDERES;ÇUKURLAR SOKAK;sokak;418352
ERZURUM;HORASAN;ADNAN MENDERES;DEĞİRMEN SOKAK;sokak;766554
ERZURUM;HORASAN;ADNAN MENDERES;DOLUNAY SOKAK;sokak;369243300
ERZURUM;HORASAN;ADNAN MENDERES;EMİRHAN SOKAK;sokak;886151
ERZURUM;HORASAN;ADNAN MENDERES;EROL SOKAK;sokak;473292631
ERZURUM;HORASAN;ADNAN MENDERES;ERTUĞRUL GAZİ SOKAK;sokak;782073390
ERZURUM;HORASAN;ADNAN MENDERES;ERZURUM CADDE;cadde;418338
ERZURUM;HORASAN;ADNAN MENDERES;ESER SOKAK;sokak;490692630
ERZURUM;HORASAN;ADNAN MENDERES;FATİH SOKAK;sokak;766565
ERZURUM;HORASAN;ADNAN MENDERES;FERİT SOKAK;sokak;418343
ERZURUM;HORASAN;ADNAN MENDERES;FİDANLIK SOKAK;sokak;766560
ERZURUM;HORASAN;ADNAN MENDERES;GONCA SOKAK;sokak;337920030
ERZURUM;HORASAN;ADNAN MENDERES;GÖKTAŞ SOKAK;sokak;418350
ERZURUM;HORASAN;ADNAN MENDERES;GÜL SOKAK;sokak;157891591
ERZURUM;HORASAN;ADNAN MENDERES;HABİB SOKAK;sokak;766567
ERZURUM;HORASAN;ADNAN MENDERES;HAYAT SOKAK;sokak;118543041
ERZURUM;HORASAN;ADNAN MENDERES;HAYDARLI SOKAK;sokak;766568
ERZURUM;HORASAN;ADNAN MENDERES;IŞIK SOKAK;sokak;418342
ERZURUM;HORASAN;ADNAN MENDERES;İLHAN SOKAK;sokak;766555
ERZURUM;HORASAN;ADNAN MENDERES;KADİFE SOKAK;sokak;727666521
ERZURUM;HORASAN;ADNAN MENDERES;KARADENİZ SOKAK;sokak;985493
ERZURUM;HORASAN;ADNAN MENDERES;KARAKAŞ SOKAK;sokak;274382251
ERZURUM;HORASAN;ADNAN MENDERES;KILIÇ SOKAK;sokak;752161761
ERZURUM;HORASAN;ADNAN MENDERES;KILINÇ SOKAK;sokak;766566
ERZURUM;HORASAN;ADNAN MENDERES;KIRIK YOLU CADDE;cadde;418339
ERZURUM;HORASAN;ADNAN MENDERES;KIZILAY SOKAK;sokak;418349
ERZURUM;HORASAN;ADNAN MENDERES;MANOLYA SOKAK;sokak;882113880
ERZURUM;HORASAN;ADNAN MENDERES;MENEKŞE SOKAK;sokak;766569
ERZURUM;HORASAN;ADNAN MENDERES;MEYDAN SOKAK;sokak;905125
ERZURUM;HORASAN;ADNAN MENDERES;NARİN SOKAK;sokak;750535461
ERZURUM;HORASAN;ADNAN MENDERES;NUR SOKAK;sokak;886159
ERZURUM;HORASAN;ADNAN MENDERES;ORHANGAZİ SOKAK;sokak;886155
ERZURUM;HORASAN;ADNAN MENDERES;PETROL SOKAK;sokak;930138
ERZURUM;HORASAN;ADNAN MENDERES;PROF.DR. RECEP AKDAĞ CADDE;cadde;886154
ERZURUM;HORASAN;ADNAN MENDERES;SELVİ SOKAK;sokak;766561
ERZURUM;HORASAN;ADNAN MENDERES;SEVEN SOKAK;sokak;626462111
ERZURUM;HORASAN;ADNAN MENDERES;SÜMBÜL SOKAK;sokak;886149
ERZURUM;HORASAN;ADNAN MENDERES;ŞAHİN SOKAK;sokak;650778691
ERZURUM;HORASAN;ADNAN MENDERES;ŞEHİT BİNBAŞI LÜTFÜ CEYLAN CADDE;cadde;177491100
ERZURUM;HORASAN;ADNAN MENDERES;ŞEHİT ER HANİFİ DEMİR SOKAK;sokak;921682
ERZURUM;HORASAN;ADNAN MENDERES;ŞEHİT METİN BAKIŞ SOKAK;sokak;129593261
ERZURUM;HORASAN;ADNAN MENDERES;ŞEHİT POLİS FETHİ SEKİN CADDE;cadde;905563740
ERZURUM;HORASAN;ADNAN MENDERES;ŞEHİT SEZAİ EKŞİOĞLU CADDE;cadde;742917171
ERZURUM;HORASAN;ADNAN MENDERES;ŞEHİT VEDAT ULUSOY SOKAK;sokak;335392140
ERZURUM;HORASAN;ADNAN MENDERES;TAŞÇI SOKAK;sokak;766556
ERZURUM;HORASAN;ADNAN MENDERES;TRAFİK SOKAK;sokak;886160
ERZURUM;HORASAN;ADNAN MENDERES;TURAN SOKAK;sokak;766558
ERZURUM;HORASAN;ADNAN MENDERES;ÜÇ YOL AĞRI CADDE;cadde;418353
ERZURUM;HORASAN;ADNAN MENDERES;YAKUT SOKAK;sokak;743531371
ERZURUM;HORASAN;ADNAN MENDERES;YAŞAR SOKAK;sokak;114336870
ERZURUM;HORASAN;ADNAN MENDERES;YILDIRIM BEYAZIT SOKAK;sokak;418340
ERZURUM;HORASAN;ADNAN MENDERES;YUNUS EMRE SOKAK;sokak;893810
ERZURUM;HORASAN;ADNAN MENDERES;ZAHİDE ÖZAY SOKAK;sokak;418341
ERZURUM;HORASAN;ADNAN MENDERES;ZARİF SOKAK;sokak;666677910
ERZURUM;HORASAN;ADNAN MENDERES;ZÜMRÜT SOKAK;sokak;102655441
ERZURUM;HORASAN;AĞILLI;AĞILLI KÜME EVLER;sokak;643513
ERZURUM;HORASAN;AKÇATAŞ;AKÇATAŞ KÜME EVLER;sokak;590751
ERZURUM;HORASAN;AKÇATAŞ;AKÇATAŞ/1 SOKAK;sokak;143969310
ERZURUM;HORASAN;AKÇATAŞ;AKÇATAŞ/10 SOKAK;sokak;764136081
ERZURUM;HORASAN;AKÇATAŞ;AKÇATAŞ/11 SOKAK;sokak;357584990
ERZURUM;HORASAN;AKÇATAŞ;AKÇATAŞ/2 SOKAK;sokak;785597621
ERZURUM;HORASAN;AKÇATAŞ;AKÇATAŞ/3 SOKAK;sokak;674211801
ERZURUM;HORASAN;AKÇATAŞ;AKÇATAŞ/4 SOKAK;sokak;339899551
ERZURUM;HORASAN;AKÇATAŞ;AKÇATAŞ/5 SOKAK;sokak;947373760
ERZURUM;HORASAN;AKÇATAŞ;AKÇATAŞ/6 SOKAK;sokak;235867871
ERZURUM;HORASAN;AKÇATAŞ;AKÇATAŞ/7 SOKAK;sokak;826617520
ERZURUM;HORASAN;AKÇATAŞ;AKÇATAŞ/8 SOKAK;sokak;468628761
ERZURUM;HORASAN;AKÇATAŞ;AKÇATAŞ/9 SOKAK;sokak;862945681
ERZURUM;HORASAN;AKÇATAŞ;AKÇATAŞ12 SOKAK;sokak;574046910
ERZURUM;HORASAN;AKÇATOPRAK;AKÇABONCUK SOKAK;sokak;629096
ERZURUM;HORASAN;AKÇATOPRAK;AKÇATOPRAK KÜME EVLER;sokak;543290
ERZURUM;HORASAN;ALAGÖZ;ALAGÖZ KÜME EVLER;sokak;82699
ERZURUM;HORASAN;ALAGÖZ;DİKİLİ KÜME EVLER;sokak;156708541
ERZURUM;HORASAN;ALİÇEYREK;ALİÇEYREK KÜME EVLER;sokak;675429
ERZURUM;HORASAN;ARAS;ARAS B.M KÜME EVLER;sokak;630445
ERZURUM;HORASAN;ARAS;KEMERLİ KÜME EVLER;sokak;899211590
ERZURUM;HORASAN;ARDI;ARDI KÜME EVLER;sokak;604547
ERZURUM;HORASAN;ARPAÇAYIR;ARPAÇAYIR KÜME EVLER;sokak;623776
ERZURUM;HORASAN;AŞAĞIAKTAŞ;AŞAĞI AKTAŞ MERKEZ KÜME EVLER;sokak;636924
ERZURUM;HORASAN;AŞAĞIAKTAŞ;AŞAĞI AKTAŞ MERKEZ/1 SOKAK;sokak;239364531
ERZURUM;HORASAN;AŞAĞIAKTAŞ;AŞAĞI AKTAŞ MERKEZ/2 SOKAK;sokak;112609990
ERZURUM;HORASAN;AŞAĞIAKTAŞ;AŞAĞI AKTAŞ MERKEZ/3 SOKAK;sokak;153220501
ERZURUM;HORASAN;AŞAĞIAKTAŞ;AŞAĞI AKTAŞ MERKEZ/4 SOKAK;sokak;881022491
ERZURUM;HORASAN;AŞAĞIAKTAŞ;YUKARI AKTAŞ KÜME EVLER;sokak;627464
ERZURUM;HORASAN;AŞAĞIBADEMÖZÜ;AŞAĞIBADEMÖZÜ SOKAK;sokak;537102
ERZURUM;HORASAN;AŞAĞIBADEMÖZÜ;AŞAĞIBADEMÖZÜ/1 SOKAK;sokak;607080621
ERZURUM;HORASAN;AŞAĞIBADEMÖZÜ;AŞAĞIBADEMÖZÜ/2 SOKAK;sokak;537059760
ERZURUM;HORASAN;AŞAĞIBADEMÖZÜ;AŞAĞIBADEMÖZÜ/3 SOKAK;sokak;234283290
ERZURUM;HORASAN;AŞAĞIBADEMÖZÜ;AŞAĞIBADEMÖZÜ/4 SOKAK;sokak;719558840
ERZURUM;HORASAN;AŞAĞIBADEMÖZÜ;AŞAĞIBADEMÖZÜ/5 SOKAK;sokak;732578180
ERZURUM;HORASAN;AŞAĞIBADEMÖZÜ;AŞAĞIBADEMÖZÜ/6 SOKAK;sokak;397908371
ERZURUM;HORASAN;AŞAĞIBADEMÖZÜ;AŞAĞIBADEMÖZÜ/8 SOKAK;sokak;724549521
ERZURUM;HORASAN;AZAP;AZAP MERKEZ SOKAK;sokak;325727
ERZURUM;HORASAN;AZAP;AZAP MERKEZ1 SOKAK;sokak;405498830
ERZURUM;HORASAN;AZAP;AZAP MERKEZ10 SOKAK;sokak;858571590
ERZURUM;HORASAN;AZAP;AZAP MERKEZ11 SOKAK;sokak;129866750
ERZURUM;HORASAN;AZAP;AZAP MERKEZ12 SOKAK;sokak;896111800
ERZURUM;HORASAN;AZAP;AZAP MERKEZ13 SOKAK;sokak;544351441
ERZURUM;HORASAN;AZAP;AZAP MERKEZ14 SOKAK;sokak;449007510
ERZURUM;HORASAN;AZAP;AZAP MERKEZ15 SOKAK;sokak;703130850
ERZURUM;HORASAN;AZAP;AZAP MERKEZ16 SOKAK;sokak;504372350
ERZURUM;HORASAN;AZAP;AZAP MERKEZ17 SOKAK;sokak;910753090
ERZURUM;HORASAN;AZAP;AZAP MERKEZ18 SOKAK;sokak;495624081
ERZURUM;HORASAN;AZAP;AZAP MERKEZ19 SOKAK;sokak;592438401
ERZURUM;HORASAN;AZAP;AZAP MERKEZ2 SOKAK;sokak;209700260
ERZURUM;HORASAN;AZAP;AZAP MERKEZ20 SOKAK;sokak;928305531
ERZURUM;HORASAN;AZAP;AZAP MERKEZ3 SOKAK;sokak;374478440
ERZURUM;HORASAN;AZAP;AZAP MERKEZ4 SOKAK;sokak;119181091
ERZURUM;HORASAN;AZAP;AZAP MERKEZ5 SOKAK;sokak;304203350
ERZURUM;HORASAN;AZAP;AZAP MERKEZ6 SOKAK;sokak;391021650
ERZURUM;HORASAN;AZAP;AZAP MERKEZ7 SOKAK;sokak;496093730
ERZURUM;HORASAN;AZAP;AZAP MERKEZ8 SOKAK;sokak;592695631
ERZURUM;HORASAN;AZAP;AZAP MERKEZ9 SOKAK;sokak;151902341
ERZURUM;HORASAN;AZAP;AZAP SUYU KÜME EVLER;sokak;456564
ERZURUM;HORASAN;AZAP;DALBAŞI KÜME EVLER;sokak;920673881
ERZURUM;HORASAN;AZAP;YEŞİLDERE KÜME EVLER;sokak;583424110
ERZURUM;HORASAN;BAHÇE;BAHÇE SOKAK;sokak;605592
ERZURUM;HORASAN;BAHÇE;BAHÇE/1 SOKAK;sokak;291261581
ERZURUM;HORASAN;BAHÇE;BAHÇE/2 SOKAK;sokak;368492220
ERZURUM;HORASAN;BAHÇE;BAHÇE/3 SOKAK;sokak;283402060
ERZURUM;HORASAN;BAHÇE;BAHÇE/4 SOKAK;sokak;792821741
ERZURUM;HORASAN;BAHÇE;BAHÇE/5 SOKAK;sokak;873787411
ERZURUM;HORASAN;BAHÇE;BAHÇE/6 SOKAK;sokak;674712271
ERZURUM;HORASAN;BAHÇE;BAHÇE/7 SOKAK;sokak;528108761
ERZURUM;HORASAN;BULGURLU;BILINMEYEN1 SOKAK;sokak;717036721
ERZURUM;HORASAN;BULGURLU;BULGURLU MERKEZ KÜME EVLER;sokak;92071
ERZURUM;HORASAN;BULGURLU;BULGURLU MERKEZ/1 SOKAK;sokak;494817321
ERZURUM;HORASAN;BULGURLU;BULGURLU MERKEZ/2 SOKAK;sokak;560171970
ERZURUM;HORASAN;BULGURLU;BULGURLU MERKEZ/3 SOKAK;sokak;465200521
ERZURUM;HORASAN;BULGURLU;BULGURLU MERKEZ/4 SOKAK;sokak;822319781
ERZURUM;HORASAN;BULGURLU;TAŞKESEN KÜME EVLER;sokak;120437
ERZURUM;HORASAN;CAMİİ KEBİR;7. ÇIKMAZ SOKAK;sokak;430190331
ERZURUM;HORASAN;CAMİİ KEBİR;8. ÇIKMAZ SOKAK;sokak;350694420
ERZURUM;HORASAN;CAMİİ KEBİR;9.ÇIKMAZ SOKAK;sokak;198114701
ERZURUM;HORASAN;CAMİİ KEBİR;96. SOKAK;sokak;532674231
ERZURUM;HORASAN;CAMİİ KEBİR;97. KÜME EVLER;sokak;420125000
ERZURUM;HORASAN;CAMİİ KEBİR;AKÇATAŞ KÜME EVLER;sokak;173745471
ERZURUM;HORASAN;CAMİİ KEBİR;ARAZ SOKAK;sokak;751151
ERZURUM;HORASAN;CAMİİ KEBİR;AŞAĞIBADEMÖZÜ SOKAK;sokak;915253521
ERZURUM;HORASAN;CAMİİ KEBİR;CAMİİ SOKAK;sokak;190345
ERZURUM;HORASAN;CAMİİ KEBİR;ÇINAR SOKAK;sokak;919824470
ERZURUM;HORASAN;CAMİİ KEBİR;ÇİFTLİK KÜME EVLER;sokak;773467731
ERZURUM;HORASAN;CAMİİ KEBİR;DALBAŞI KÜME EVLER;sokak;677498201
ERZURUM;HORASAN;CAMİİ KEBİR;DEĞİRMENLER KÜME EVLER;sokak;142822631
ERZURUM;HORASAN;CAMİİ KEBİR;DEMİRYOLU SOKAK;sokak;190352
ERZURUM;HORASAN;CAMİİ KEBİR;DERE SOKAK;sokak;751150
ERZURUM;HORASAN;CAMİİ KEBİR;DUMAN SOKAK;sokak;751152
ERZURUM;HORASAN;CAMİİ KEBİR;ESKİ KARS CADDE;cadde;887192401
ERZURUM;HORASAN;CAMİİ KEBİR;HÜNKAR SOKAK;sokak;940899010
ERZURUM;HORASAN;CAMİİ KEBİR;KANDİ SOKAK;sokak;190350
ERZURUM;HORASAN;CAMİİ KEBİR;KAPLAN SOKAK;sokak;190347
ERZURUM;HORASAN;CAMİİ KEBİR;KEMER SOKAK;sokak;190353
ERZURUM;HORASAN;CAMİİ KEBİR;KÖYİÇİ SOKAK;sokak;190348
ERZURUM;HORASAN;CAMİİ KEBİR;KUYUCAK SOKAK;sokak;190346
ERZURUM;HORASAN;CAMİİ KEBİR;MURAT SOKAK;sokak;190349
ERZURUM;HORASAN;CAMİİ KEBİR;ÖZDEMİR SOKAK;sokak;224153011
ERZURUM;HORASAN;CAMİİ KEBİR;TANIŞMAN SOKAK;sokak;190354
ERZURUM;HORASAN;CAMİİ KEBİR;TÜRBE SOKAK;sokak;190351
ERZURUM;HORASAN;CAMİİ KEBİR;YENİ KARS CADDE;cadde;190355
ERZURUM;HORASAN;ÇAMLIKALE;ÇAMLIKALE KÜME EVLER;sokak;541319
ERZURUM;HORASAN;ÇAMLIKALE;ÇAMLIKALE/1 SOKAK;sokak;292781321
ERZURUM;HORASAN;ÇAMLIKALE;ÇAMLIKALE/10 SOKAK;sokak;119845071
ERZURUM;HORASAN;ÇAMLIKALE;ÇAMLIKALE/11 SOKAK;sokak;786456520
ERZURUM;HORASAN;ÇAMLIKALE;ÇAMLIKALE/12 SOKAK;sokak;494946100
ERZURUM;HORASAN;ÇAMLIKALE;ÇAMLIKALE/13 SOKAK;sokak;307113291
ERZURUM;HORASAN;ÇAMLIKALE;ÇAMLIKALE/15 SOKAK;sokak;685839961
ERZURUM;HORASAN;ÇAMLIKALE;ÇAMLIKALE/16 SOKAK;sokak;353982211
ERZURUM;HORASAN;ÇAMLIKALE;ÇAMLIKALE/17 SOKAK;sokak;696439890
ERZURUM;HORASAN;ÇAMLIKALE;ÇAMLIKALE/18 SOKAK;sokak;869858010
ERZURUM;HORASAN;ÇAMLIKALE;ÇAMLIKALE/19 SOKAK;sokak;855140810
ERZURUM;HORASAN;ÇAMLIKALE;ÇAMLIKALE/2 SOKAK;sokak;718324220
ERZURUM;HORASAN;ÇAMLIKALE;ÇAMLIKALE/20 SOKAK;sokak;710067950
ERZURUM;HORASAN;ÇAMLIKALE;ÇAMLIKALE/21 SOKAK;sokak;947263120
ERZURUM;HORASAN;ÇAMLIKALE;ÇAMLIKALE/22 SOKAK;sokak;217263851
ERZURUM;HORASAN;ÇAMLIKALE;ÇAMLIKALE/23 SOKAK;sokak;402265160
ERZURUM;HORASAN;ÇAMLIKALE;ÇAMLIKALE/24 SOKAK;sokak;648978381
ERZURUM;HORASAN;ÇAMLIKALE;ÇAMLIKALE/25 SOKAK;sokak;771421800
ERZURUM;HORASAN;ÇAMLIKALE;ÇAMLIKALE/26 SOKAK;sokak;291539960
ERZURUM;HORASAN;ÇAMLIKALE;ÇAMLIKALE/27 SOKAK;sokak;485230540
ERZURUM;HORASAN;ÇAMLIKALE;ÇAMLIKALE/28 SOKAK;sokak;319642080
ERZURUM;HORASAN;ÇAMLIKALE;ÇAMLIKALE/29 SOKAK;sokak;215288640
ERZURUM;HORASAN;ÇAMLIKALE;ÇAMLIKALE/3 SOKAK;sokak;879121010
ERZURUM;HORASAN;ÇAMLIKALE;ÇAMLIKALE/4 SOKAK;sokak;731364340
ERZURUM;HORASAN;ÇAMLIKALE;ÇAMLIKALE/5 SOKAK;sokak;460300371
ERZURUM;HORASAN;ÇAMLIKALE;ÇAMLIKALE/6 SOKAK;sokak;415122290
ERZURUM;HORASAN;ÇAMLIKALE;ÇAMLIKALE/7 SOKAK;sokak;307355000
ERZURUM;HORASAN;ÇAMLIKALE;ÇAMLIKALE/8 SOKAK;sokak;423004420
ERZURUM;HORASAN;ÇAMLIKALE;ÇAMLIKALE/9 SOKAK;sokak;900312530
ERZURUM;HORASAN;ÇAMURLU;ÇAMURLU KÜME EVLER;sokak;613681
ERZURUM;HORASAN;ÇAYIRDÜZÜ;ÇAYIRDÜZÜ KÜME EVLER;sokak;612571
ERZURUM;HORASAN;ÇİFTLİK;ÇİFTLİK KÜME EVLER;sokak;102196
ERZURUM;HORASAN;DALBAŞI;DALBAŞI KÜME EVLER;sokak;550696
ERZURUM;HORASAN;DALBAŞI;DEĞİRMENLER KÜME EVLER;sokak;467132931
ERZURUM;HORASAN;DANİŞMENT;DANİŞMENT KÜME EVLER;sokak;544801
ERZURUM;HORASAN;DANİŞMENT;KIRKLAR KÜME EVLER;sokak;167267960
ERZURUM;HORASAN;DEĞİRMENLER;DEĞİRMENLER KÜME EVLER;sokak;536721
ERZURUM;HORASAN;DİKİLİ;DİKİLİ KÜME EVLER;sokak;615356
ERZURUM;HORASAN;DİKİLİ;GÜNDEĞER KÜME EVLER;sokak;273438701
ERZURUM;HORASAN;DÖLLEK;DÖLLEK KÜME EVLER;sokak;393801
ERZURUM;HORASAN;DÖNERTAŞ;DÖNERTAŞ KÜME EVLER;sokak;467996
ERZURUM;HORASAN;DÖNERTAŞ;DÖNERTAŞ1 SOKAK;sokak;664916970
ERZURUM;HORASAN;DÖNERTAŞ;DÖNERTAŞ2 SOKAK;sokak;226307271
ERZURUM;HORASAN;DÖNERTAŞ;DÖNERTAŞ3 SOKAK;sokak;875705110
ERZURUM;HORASAN;DÖNERTAŞ;DÖNERTAŞ4 SOKAK;sokak;344063890
ERZURUM;HORASAN;DÖNERTAŞ;DÖNERTAŞ5 SOKAK;sokak;431341540
ERZURUM;HORASAN;DÖNERTAŞ;DÖNERTAŞ6 SOKAK;sokak;274017850
ERZURUM;HORASAN;DÖNERTAŞ;DÖNERTAŞ7 SOKAK;sokak;591853300
ERZURUM;HORASAN;DÖNERTAŞ;DÖNERTAŞ8 SOKAK;sokak;393227550
ERZURUM;HORASAN;DÖNERTAŞ;DÖNERTAŞ9 SOKAK;sokak;296397620
ERZURUM;HORASAN;EĞERTAŞLAR;1 KÜME EVLER;sokak;914509
ERZURUM;HORASAN;EĞERTAŞLAR;YUKARI EĞERTAŞ KÜME EVLER;sokak;633017
ERZURUM;HORASAN;ESENTEPE;1.DAR SOKAK;sokak;234426271
ERZURUM;HORASAN;ESENTEPE;2.DAR SOKAK;sokak;252056260
ERZURUM;HORASAN;ESENTEPE;ARAS SOKAK;sokak;763548
ERZURUM;HORASAN;ESENTEPE;ÇAY SOKAK;sokak;310591
ERZURUM;HORASAN;ESENTEPE;ÇIKMAZ SOKAK;sokak;310579
ERZURUM;HORASAN;ESENTEPE;EĞİTİM CADDE;cadde;810730900
ERZURUM;HORASAN;ESENTEPE;ERZURUM CADDE;cadde;365507210
ERZURUM;HORASAN;ESENTEPE;HİLAL SOKAK;sokak;310590
ERZURUM;HORASAN;ESENTEPE;İKBAL SOKAK;sokak;763547
ERZURUM;HORASAN;ESENTEPE;İNCİ SOKAK;sokak;657176391
ERZURUM;HORASAN;ESENTEPE;İSTASYON SOKAK;sokak;310589
ERZURUM;HORASAN;ESENTEPE;KUMLU DAĞ SOKAK;sokak;310580
ERZURUM;HORASAN;ESENTEPE;PAPATYA SOKAK;sokak;771161351
ERZURUM;HORASAN;ESENTEPE;ŞEHİT AHMET AKTEPE CADDE;cadde;763549
ERZURUM;HORASAN;ESENTEPE;ŞEHİT HARUN LAL CADDE;cadde;310577
ERZURUM;HORASAN;ESENTEPE;ŞEHİT MEHMET GÖK CADDE;cadde;901838720
ERZURUM;HORASAN;ESENTEPE;TEMELLİ PALAS SOKAK;sokak;763546
ERZURUM;HORASAN;ESENTEPE;TRAFO SOKAK;sokak;84957
ERZURUM;HORASAN;ESENTEPE;YILDIRIM SOKAK;sokak;748247
ERZURUM;HORASAN;FATİH SULTAN MEHMET;1.KARDELEN SOKAK;sokak;741794901
ERZURUM;HORASAN;FATİH SULTAN MEHMET;1.PASİN SOKAK;sokak;145926610
ERZURUM;HORASAN;FATİH SULTAN MEHMET;101. SOKAK;sokak;899997830
ERZURUM;HORASAN;FATİH SULTAN MEHMET;102. SOKAK;sokak;943013891
ERZURUM;HORASAN;FATİH SULTAN MEHMET;104. SOKAK;sokak;669927511
ERZURUM;HORASAN;FATİH SULTAN MEHMET;12.ÇIKMAZ SOKAK;sokak;839523660
ERZURUM;HORASAN;FATİH SULTAN MEHMET;15. ÇIKMAZ SOKAK;sokak;275027311
ERZURUM;HORASAN;FATİH SULTAN MEHMET;2.KARDELEN SOKAK;sokak;356373391
ERZURUM;HORASAN;FATİH SULTAN MEHMET;2.PASİN SOKAK;sokak;291687621
ERZURUM;HORASAN;FATİH SULTAN MEHMET;3.KARDELEN SOKAK;sokak;373824211
ERZURUM;HORASAN;FATİH SULTAN MEHMET;4.KARDELEN SOKAK;sokak;514059260
ERZURUM;HORASAN;FATİH SULTAN MEHMET;40. SOKAK;sokak;446961691
ERZURUM;HORASAN;FATİH SULTAN MEHMET;41. SOKAK;sokak;544571890
ERZURUM;HORASAN;FATİH SULTAN MEHMET;42. SOKAK;sokak;804446641
ERZURUM;HORASAN;FATİH SULTAN MEHMET;43. SOKAK;sokak;117374341
ERZURUM;HORASAN;FATİH SULTAN MEHMET;44. SOKAK;sokak;613138391
ERZURUM;HORASAN;FATİH SULTAN MEHMET;45. SOKAK;sokak;495341830
ERZURUM;HORASAN;FATİH SULTAN MEHMET;46. SOKAK;sokak;677266951
ERZURUM;HORASAN;FATİH SULTAN MEHMET;47. SOKAK;sokak;724344181
ERZURUM;HORASAN;FATİH SULTAN MEHMET;48. SOKAK;sokak;607497510
ERZURUM;HORASAN;FATİH SULTAN MEHMET;49. SOKAK;sokak;510864860
ERZURUM;HORASAN;FATİH SULTAN MEHMET;5.KARDELEN SOKAK;sokak;801706811
ERZURUM;HORASAN;FATİH SULTAN MEHMET;50. SOKAK;sokak;244531690
ERZURUM;HORASAN;FATİH SULTAN MEHMET;51. SOKAK;sokak;343387070
ERZURUM;HORASAN;FATİH SULTAN MEHMET;52. SOKAK;sokak;802756880
ERZURUM;HORASAN;FATİH SULTAN MEHMET;53. SOKAK;sokak;276183960
ERZURUM;HORASAN;FATİH SULTAN MEHMET;54. SOKAK;sokak;489336750
ERZURUM;HORASAN;FATİH SULTAN MEHMET;55. SOKAK;sokak;113543470
ERZURUM;HORASAN;FATİH SULTAN MEHMET;56. SOKAK;sokak;308657290
ERZURUM;HORASAN;FATİH SULTAN MEHMET;57. SOKAK;sokak;314263071
ERZURUM;HORASAN;FATİH SULTAN MEHMET;58. SOKAK;sokak;798974351
ERZURUM;HORASAN;FATİH SULTAN MEHMET;59. SOKAK;sokak;677336181
ERZURUM;HORASAN;FATİH SULTAN MEHMET;6.KARDELEN SOKAK;sokak;451191120
ERZURUM;HORASAN;FATİH SULTAN MEHMET;AĞRI CADDE;cadde;166630
ERZURUM;HORASAN;FATİH SULTAN MEHMET;ARSLAN SOKAK;sokak;166644
ERZURUM;HORASAN;FATİH SULTAN MEHMET;AY SOKAK;sokak;619209711
ERZURUM;HORASAN;FATİH SULTAN MEHMET;BEŞ EVLER SOKAK;sokak;466639021
ERZURUM;HORASAN;FATİH SULTAN MEHMET;BİLGİ EVİ SOKAK;sokak;86363686
ERZURUM;HORASAN;FATİH SULTAN MEHMET;CEMİL ÇOLAK SOKAK;sokak;166640
ERZURUM;HORASAN;FATİH SULTAN MEHMET;CENNET ÇEŞME SOKAK;sokak;166632
ERZURUM;HORASAN;FATİH SULTAN MEHMET;ÇAM SOKAK;sokak;432300850
ERZURUM;HORASAN;FATİH SULTAN MEHMET;ÇAYIR SOKAK;sokak;166659
ERZURUM;HORASAN;FATİH SULTAN MEHMET;DADAŞ SOKAK;sokak;166662
ERZURUM;HORASAN;FATİH SULTAN MEHMET;DİP ÇAYIR SOKAK;sokak;166645
ERZURUM;HORASAN;FATİH SULTAN MEHMET;EFE SOKAK;sokak;28712040
ERZURUM;HORASAN;FATİH SULTAN MEHMET;ENDER SOKAK;sokak;334931560
ERZURUM;HORASAN;FATİH SULTAN MEHMET;EREN SOKAK;sokak;421788
ERZURUM;HORASAN;FATİH SULTAN MEHMET;GÖÇMEN SOKAK;sokak;166641
ERZURUM;HORASAN;FATİH SULTAN MEHMET;HATİCE GÜNEY SOKAK;sokak;424522
ERZURUM;HORASAN;FATİH SULTAN MEHMET;İKİNCİ ARSLAN SOKAK;sokak;915064
ERZURUM;HORASAN;FATİH SULTAN MEHMET;İKİNCİ EREN SOKAK;sokak;942432
ERZURUM;HORASAN;FATİH SULTAN MEHMET;İMAM PINAR SOKAK;sokak;166642
ERZURUM;HORASAN;FATİH SULTAN MEHMET;KAMELYA SOKAK;sokak;499504391
ERZURUM;HORASAN;FATİH SULTAN MEHMET;KARACA SOKAK;sokak;409105231
ERZURUM;HORASAN;FATİH SULTAN MEHMET;KOŞUM SOKAK;sokak;357020181
ERZURUM;HORASAN;FATİH SULTAN MEHMET;MESİRE SOKAK;sokak;344697001
ERZURUM;HORASAN;FATİH SULTAN MEHMET;METEOROLOJİ SOKAK;sokak;424523
ERZURUM;HORASAN;FATİH SULTAN MEHMET;ŞEHİT ÖMER HALİS DEMİR CADDE;cadde;152201710
ERZURUM;HORASAN;FATİH SULTAN MEHMET;ŞEHİT UĞUR GÜLMEZ CADDE;cadde;241374810
ERZURUM;HORASAN;FATİH SULTAN MEHMET;TELLİ SOKAK;sokak;424521
ERZURUM;HORASAN;FATİH SULTAN MEHMET;ÜÇ YOL AĞRI CADDE;cadde;389104441
ERZURUM;HORASAN;FATİH SULTAN MEHMET;YENİ KARS CADDE;cadde;424535
ERZURUM;HORASAN;GEREK;GEREK SOKAK;sokak;619185
ERZURUM;HORASAN;GEREK;GEREK1 SOKAK;sokak;628964851
ERZURUM;HORASAN;GEREK;GEREK10 SOKAK;sokak;519070041
ERZURUM;HORASAN;GEREK;GEREK11 SOKAK;sokak;152668510
ERZURUM;HORASAN;GEREK;GEREK12 SOKAK;sokak;837832170
ERZURUM;HORASAN;GEREK;GEREK13 SOKAK;sokak;886663341
ERZURUM;HORASAN;GEREK;GEREK14 SOKAK;sokak;338424441
ERZURUM;HORASAN;GEREK;GEREK15 SOKAK;sokak;127041440
ERZURUM;HORASAN;GEREK;GEREK16 SOKAK;sokak;271188271
ERZURUM;HORASAN;GEREK;GEREK17 SOKAK;sokak;265922791
ERZURUM;HORASAN;GEREK;GEREK2 SOKAK;sokak;326009910
ERZURUM;HORASAN;GEREK;GEREK3 SOKAK;sokak;706445880
ERZURUM;HORASAN;GEREK;GEREK4 SOKAK;sokak;779166411
ERZURUM;HORASAN;GEREK;GEREK5 SOKAK;sokak;899991890
ERZURUM;HORASAN;GEREK;GEREK6 SOKAK;sokak;807130350
ERZURUM;HORASAN;GEREK;GEREK8 SOKAK;sokak;190271430
ERZURUM;HORASAN;GEREK;GEREK9 SOKAK;sokak;712991841
ERZURUM;HORASAN;GÜNDEĞER;GÜNDEĞER KÜME EVLER;sokak;403282
ERZURUM;HORASAN;GÜZELYAYLA;GÜZELYAYLA KÜME EVLER;sokak;591922
ERZURUM;HORASAN;GÜZELYAYLA;GÜZELYAYLA1 SOKAK;sokak;523703920
ERZURUM;HORASAN;GÜZELYAYLA;GÜZELYAYLA2 SOKAK;sokak;118418630
ERZURUM;HORASAN;GÜZELYAYLA;GÜZELYAYLA3 SOKAK;sokak;395741810
ERZURUM;HORASAN;HACIAHMET;HACIAHMET KÜME EVLER;sokak;628271
ERZURUM;HORASAN;HACIAHMET;HACIAHMET/1 SOKAK;sokak;835944161
ERZURUM;HORASAN;HACIAHMET;HACIAHMET/10 SOKAK;sokak;353041870
ERZURUM;HORASAN;HACIAHMET;HACIAHMET/11 SOKAK;sokak;179906800
ERZURUM;HORASAN;HACIAHMET;HACIAHMET/12 SOKAK;sokak;450497230
ERZURUM;HORASAN;HACIAHMET;HACIAHMET/13 SOKAK;sokak;684073781
ERZURUM;HORASAN;HACIAHMET;HACIAHMET/14 SOKAK;sokak;563679641
ERZURUM;HORASAN;HACIAHMET;HACIAHMET/2 SOKAK;sokak;596157240
ERZURUM;HORASAN;HACIAHMET;HACIAHMET/3 SOKAK;sokak;172013440
ERZURUM;HORASAN;HACIAHMET;HACIAHMET/4 SOKAK;sokak;596123331
ERZURUM;HORASAN;HACIAHMET;HACIAHMET/5 SOKAK;sokak;698035181
ERZURUM;HORASAN;HACIAHMET;HACIAHMET/6 SOKAK;sokak;253050611
ERZURUM;HORASAN;HACIAHMET;HACIAHMET/7 SOKAK;sokak;694467631
ERZURUM;HORASAN;HACIAHMET;HACIAHMET/8 SOKAK;sokak;156402120
ERZURUM;HORASAN;HACIAHMET;HACIAHMET/9 SOKAK;sokak;205327840
ERZURUM;HORASAN;HACIHALİL;HACIHALİL DEĞİRMENLER KÜME EVLER;sokak;627102
ERZURUM;HORASAN;HACIHALİL;HACIHALİL MERKEZ KÜME EVLER;sokak;615768
ERZURUM;HORASAN;HARÇLI;HARÇLI KÜME EVLER;sokak;539289
ERZURUM;HORASAN;HARÇLI;KÜKÜRTLÜ KÜME EVLER;sokak;347006251
ERZURUM;HORASAN;HASANBABA;1.GAZAMBAR SOKAK;sokak;345377871
ERZURUM;HORASAN;HASANBABA;3.ÇIKMAZ SOKAK;sokak;102896011
ERZURUM;HORASAN;HASANBABA;4.ÇIKMAZ SOKAK;sokak;294624881
ERZURUM;HORASAN;HASANBABA;5.ÇIKMAZ SOKAK;sokak;142984260
ERZURUM;HORASAN;HASANBABA;6.ÇIKMAZ SOKAK;sokak;658658420
ERZURUM;HORASAN;HASANBABA;BADEM SOKAK;sokak;578039261
ERZURUM;HORASAN;HASANBABA;BULUT SOKAK;sokak;433513
ERZURUM;HORASAN;HASANBABA;ESKİ KARAKOL SOKAK;sokak;477185
ERZURUM;HORASAN;HASANBABA;ESKİ KARS CADDE;cadde;887192400
ERZURUM;HORASAN;HASANBABA;FEHMİ BİLGE SOKAK;sokak;318017
ERZURUM;HORASAN;HASANBABA;KARATAŞ SOKAK;sokak;433514
ERZURUM;HORASAN;HASANBABA;KAVAK SOKAK;sokak;719151931
ERZURUM;HORASAN;HASANBABA;MEZARLIK 1 SOKAK;sokak;234800980
ERZURUM;HORASAN;HASANBABA;MEZARLIK 2 SOKAK;sokak;614757371
ERZURUM;HORASAN;HASANBABA;MEZARLIK 3 SOKAK;sokak;726133910
ERZURUM;HORASAN;HASANBABA;MEZARLIK SOKAK;sokak;318016
ERZURUM;HORASAN;HASANBABA;NAR SOKAK;sokak;388411931
ERZURUM;HORASAN;HASANBABA;OFİS SOKAK;sokak;433511
ERZURUM;HORASAN;HASANBABA;OKUL SOKAK;sokak;893997030
ERZURUM;HORASAN;HASANBABA;ŞEHİT MEHMET GÖK CADDE;cadde;477184
ERZURUM;HORASAN;HASANBABA;ŞEREFİYE CAMİİ SOKAK;sokak;318018
ERZURUM;HORASAN;HASANBABA;TÜNEL SOKAK;sokak;398030851
ERZURUM;HORASAN;HASANBABA;UYKUR SOKAK;sokak;433515
ERZURUM;HORASAN;HASANBEY;HASANBEY KÜME EVLER;sokak;610229
ERZURUM;HORASAN;HAYDARLI;HAKİ KOM KÜME EVLER;sokak;602633
ERZURUM;HORASAN;HAYDARLI;HAYDARLI KÜME EVLER;sokak;584875
ERZURUM;HORASAN;HAYDARLI;YAYLACIK KÜME EVLER;sokak;556444961
ERZURUM;HORASAN;HIZARDERE;HIZARDERE KÜME EVLER;sokak;610464
ERZURUM;HORASAN;HIZIRİLYAS;GÖKÇE- SOKAK;sokak;693285
ERZURUM;HORASAN;HIZIRİLYAS;HIZIRİLYAS GÖKÇE KÜME EVLER;sokak;96973854
ERZURUM;HORASAN;HIZIRİLYAS;HIZIRİLYAS MERKEZ KÜME EVLER;sokak;688357
ERZURUM;HORASAN;HIZIRİLYAS;KAPLICA KÜME EVLER;sokak;36287217
ERZURUM;HORASAN;HIZIRİLYAS;KAPLICA- SOKAK;sokak;687893
ERZURUM;HORASAN;HIZIRİLYAS;OKÇULAR KÜME EVLER;sokak;121855
ERZURUM;HORASAN;IĞIRBIĞIR;YEŞİLYURT KÜME EVLER;sokak;401143
ERZURUM;HORASAN;İĞDELİ;ARAS B.M KÜME EVLER;sokak;917544161
ERZURUM;HORASAN;İĞDELİ;AŞAĞI İĞDELİ KÜME EVLER;sokak;104683
ERZURUM;HORASAN;İĞDELİ;İĞDELİ KÜME EVLER;sokak;614746
ERZURUM;HORASAN;İNCESU;İNCESU KÜME EVLER;sokak;626577
ERZURUM;HORASAN;İNÖNÜ;1.GAZAMBAR SOKAK;sokak;345377870
ERZURUM;HORASAN;İNÖNÜ;14.ÇIKMAZ SOKAK;sokak;869558791
ERZURUM;HORASAN;İNÖNÜ;2.YOKUŞ SOKAK;sokak;887413760
ERZURUM;HORASAN;İNÖNÜ;AKTAŞ SOKAK;sokak;574897830
ERZURUM;HORASAN;İNÖNÜ;BANKA SOKAK;sokak;794161
ERZURUM;HORASAN;İNÖNÜ;BAYRAK SOKAK;sokak;790085
ERZURUM;HORASAN;İNÖNÜ;BAYRAKTAR SOKAK;sokak;71623
ERZURUM;HORASAN;İNÖNÜ;CEZAEVİ SOKAK;sokak;71622
ERZURUM;HORASAN;İNÖNÜ;ÇİNİCİ SOKAK;sokak;790088
ERZURUM;HORASAN;İNÖNÜ;DEPO SOKAK;sokak;818351421
ERZURUM;HORASAN;İNÖNÜ;DURGUN SOKAK;sokak;706946410
ERZURUM;HORASAN;İNÖNÜ;FIRAT SOKAK;sokak;914965210
ERZURUM;HORASAN;İNÖNÜ;GAZ AMBAR SOKAK;sokak;790087
ERZURUM;HORASAN;İNÖNÜ;GÜNEŞ SOKAK;sokak;790086
ERZURUM;HORASAN;İNÖNÜ;İNCE YOL SOKAK;sokak;450831
ERZURUM;HORASAN;İNÖNÜ;KESAT SOKAK;sokak;790083
ERZURUM;HORASAN;İNÖNÜ;KULE SOKAK;sokak;364544
ERZURUM;HORASAN;İNÖNÜ;OFİS SOKAK;sokak;423135280
ERZURUM;HORASAN;İNÖNÜ;ŞEHİT MEHMET GÖK CADDE;cadde;790082
ERZURUM;HORASAN;İNÖNÜ;TRAFO SOKAK;sokak;71625
ERZURUM;HORASAN;İNÖNÜ;UĞUR SOKAK;sokak;71624
ERZURUM;HORASAN;İNÖNÜ;YAMAÇ SOKAK;sokak;790084
ERZURUM;HORASAN;İNÖNÜ;YOKUŞ SOKAK;sokak;121242691
ERZURUM;HORASAN;KADICELAL;AĞCA BONCUK SOKAK;sokak;192513470
ERZURUM;HORASAN;KADICELAL;ÇAYANYURDU KÜME EVLER;sokak;271956
ERZURUM;HORASAN;KADICELAL;KADICELAL MERKEZ KÜME EVLER;sokak;668141
ERZURUM;HORASAN;KALENDER;KALENDER KÜME EVLER;sokak;597373
ERZURUM;HORASAN;KARABIYIK;KARABIYIK SOKAK;sokak;278760
ERZURUM;HORASAN;KARABIYIK;KARABIYIK1 SOKAK;sokak;132226581
ERZURUM;HORASAN;KARABIYIK;KARABIYIK2 SOKAK;sokak;181812711
ERZURUM;HORASAN;KARABIYIK;KARABIYIK3 SOKAK;sokak;132717391
ERZURUM;HORASAN;KARABIYIK;KARABIYIK4 SOKAK;sokak;508755090
ERZURUM;HORASAN;KARABIYIK;KARABIYIK5 SOKAK;sokak;688191350
ERZURUM;HORASAN;KARABIYIK;KARABIYIK6 SOKAK;sokak;207035341
ERZURUM;HORASAN;KARABIYIK;KARABIYIK7 SOKAK;sokak;800164211
ERZURUM;HORASAN;KARABIYIK;KARABIYIK8 SOKAK;sokak;354491071
ERZURUM;HORASAN;KARACAÖREN;KARACAÖREN KÜME EVLER;sokak;630491
ERZURUM;HORASAN;KARAÇUHA;KARAÇUHA KÜME EVLER;sokak;539743
ERZURUM;HORASAN;KARAÇUHA;KIRKDİKME KÜME EVLER;sokak;399959561
ERZURUM;HORASAN;KARAPINAR;KARAPINAR KÜME EVLER;sokak;638474
ERZURUM;HORASAN;KAYNARCA;KAYNARCA KÜME EVLER;sokak;613498
ERZURUM;HORASAN;KAZIM KARABEKİR;1.BULUT SOKAK;sokak;185360521
ERZURUM;HORASAN;KAZIM KARABEKİR;16.ÇIKMAZ SOKAK;sokak;303043310
ERZURUM;HORASAN;KAZIM KARABEKİR;ATİLLA SOKAK;sokak;753456
ERZURUM;HORASAN;KAZIM KARABEKİR;BAHAR SOKAK;sokak;756766
ERZURUM;HORASAN;KAZIM KARABEKİR;BAŞER SOKAK;sokak;172051881
ERZURUM;HORASAN;KAZIM KARABEKİR;EMNİYET SOKAK;sokak;269580
ERZURUM;HORASAN;KAZIM KARABEKİR;ERTUĞRUL SOKAK;sokak;269645
ERZURUM;HORASAN;KAZIM KARABEKİR;KAZIM KARABEKİR SOKAK;sokak;756768
ERZURUM;HORASAN;KAZIM KARABEKİR;KURTULUŞ CADDE;cadde;754370
ERZURUM;HORASAN;KAZIM KARABEKİR;LİSE SOKAK;sokak;754368
ERZURUM;HORASAN;KAZIM KARABEKİR;MERKEZ CAMİİ SOKAK;sokak;754366
ERZURUM;HORASAN;KAZIM KARABEKİR;NENEHATUN CADDE;cadde;269578
ERZURUM;HORASAN;KAZIM KARABEKİR;ÖZCAN SOKAK;sokak;756767
ERZURUM;HORASAN;KAZIM KARABEKİR;ÖZER SOKAK;sokak;269584
ERZURUM;HORASAN;KAZIM KARABEKİR;ŞEHİT GAFFAR OKKAN CADDE;cadde;754365
ERZURUM;HORASAN;KAZIM KARABEKİR;ŞEHİT İSAK SİGA CADDE;cadde;748207
ERZURUM;HORASAN;KAZIM KARABEKİR;ŞEHİT ONB.NİHAT KARA CADDE;cadde;753455
ERZURUM;HORASAN;KAZIM KARABEKİR;TOPRAK SOKAK;sokak;544351851
ERZURUM;HORASAN;KAZIM KARABEKİR;URAL SOKAK;sokak;756765
ERZURUM;HORASAN;KAZIM KARABEKİR;ÜÇGEN SOKAK;sokak;754367
ERZURUM;HORASAN;KAZIM KARABEKİR;YAVUZ SELİM CADDE;cadde;269576
ERZURUM;HORASAN;KAZIM KARABEKİR;YENİ KARS CADDE;cadde;754371
ERZURUM;HORASAN;KAZIM KARABEKİR;YÜK SOKAK;sokak;754369
ERZURUM;HORASAN;KEMERLİ;KEMERLİ KÜME EVLER;sokak;587895
ERZURUM;HORASAN;KEPENEK;KEPENEK KÜME EVLER;sokak;125160
ERZURUM;HORASAN;KIRIK;KIRIK KÜME EVLER;sokak;644209
ERZURUM;HORASAN;KIRIK;YUKARITAHİRHOCA KÜME EVLER;sokak;325996720
ERZURUM;HORASAN;KIRKDİKME;KIRKDİKME KÜME EVLER;sokak;613389
ERZURUM;HORASAN;KIRKDİKME;KIRKDİKME/2 SOKAK;sokak;401485380
ERZURUM;HORASAN;KIRKDİKME;KIRKDİKME/3 SOKAK;sokak;393100240
ERZURUM;HORASAN;KIRKDİKME;KIRKDİKME/4 SOKAK;sokak;115444671
ERZURUM;HORASAN;KIRKDİKME;KIRKDİKME/5 SOKAK;sokak;473889210
ERZURUM;HORASAN;KIRKGÖZELER;KIRKGÖZELER KÜME EVLER;sokak;636192
ERZURUM;HORASAN;KIRKLAR;KIRKLAR KÜME EVLER;sokak;168766
ERZURUM;HORASAN;KIZILCA;KIZILCA KÜME EVLER;sokak;603421
ERZURUM;HORASAN;KIZLARKALE;KIZLARKALE SOKAK;sokak;88588
ERZURUM;HORASAN;KIZLARKALE;KIZLARKALE1 SOKAK;sokak;523261961
ERZURUM;HORASAN;KIZLARKALE;KIZLARKALE10 SOKAK;sokak;641664651
ERZURUM;HORASAN;KIZLARKALE;KIZLARKALE11 SOKAK;sokak;689477611
ERZURUM;HORASAN;KIZLARKALE;KIZLARKALE12 SOKAK;sokak;620634741
ERZURUM;HORASAN;KIZLARKALE;KIZLARKALE13 SOKAK;sokak;906100721
ERZURUM;HORASAN;KIZLARKALE;KIZLARKALE2 SOKAK;sokak;796320140
ERZURUM;HORASAN;KIZLARKALE;KIZLARKALE3 SOKAK;sokak;744483171
ERZURUM;HORASAN;KIZLARKALE;KIZLARKALE5 SOKAK;sokak;717631631
ERZURUM;HORASAN;KIZLARKALE;KIZLARKALE6 SOKAK;sokak;166506731
ERZURUM;HORASAN;KIZLARKALE;KIZLARKALE7 SOKAK;sokak;286400921
ERZURUM;HORASAN;KIZLARKALE;KIZLARKALE8 SOKAK;sokak;119463811
ERZURUM;HORASAN;KIZLARKALE;KIZLARKALE9 SOKAK;sokak;651499810
ERZURUM;HORASAN;KÜÇÜKKONAK;KÜÇÜKKONAK KÜME EVLER;sokak;597872
ERZURUM;HORASAN;KÜÇÜKKONAK;YÜRÜKATLI SOKAK;sokak;420427470
ERZURUM;HORASAN;KÜKÜRTLÜ;KÜKÜRTLÜ KÜME EVLER;sokak;616350
ERZURUM;HORASAN;MOLLAAHMET;MOLLAAHMET KÜME EVLER;sokak;131053
ERZURUM;HORASAN;MOLLAMELİK;MOLLAMELİK KÜME EVLER;sokak;307552
ERZURUM;HORASAN;MURATBAĞI;KIZLARKALE SOKAK;sokak;714622950
ERZURUM;HORASAN;MURATBAĞI;MURATBAĞI SOKAK;sokak;598554
ERZURUM;HORASAN;MURATBAĞI;MURATBAĞI/1 SOKAK;sokak;654422870
ERZURUM;HORASAN;MURATBAĞI;MURATBAĞI/10 SOKAK;sokak;656792431
ERZURUM;HORASAN;MURATBAĞI;MURATBAĞI/11 SOKAK;sokak;581083900
ERZURUM;HORASAN;MURATBAĞI;MURATBAĞI/12 SOKAK;sokak;644937601
ERZURUM;HORASAN;MURATBAĞI;MURATBAĞI/13 SOKAK;sokak;328830271
ERZURUM;HORASAN;MURATBAĞI;MURATBAĞI/14 SOKAK;sokak;600302850
ERZURUM;HORASAN;MURATBAĞI;MURATBAĞI/15 SOKAK;sokak;208073430
ERZURUM;HORASAN;MURATBAĞI;MURATBAĞI/16 SOKAK;sokak;642642370
ERZURUM;HORASAN;MURATBAĞI;MURATBAĞI/17 SOKAK;sokak;505675851
ERZURUM;HORASAN;MURATBAĞI;MURATBAĞI/18 SOKAK;sokak;693600481
ERZURUM;HORASAN;MURATBAĞI;MURATBAĞI/19 SOKAK;sokak;200852541
ERZURUM;HORASAN;MURATBAĞI;MURATBAĞI/2 SOKAK;sokak;314218781
ERZURUM;HORASAN;MURATBAĞI;MURATBAĞI/20 SOKAK;sokak;125492341
ERZURUM;HORASAN;MURATBAĞI;MURATBAĞI/21 SOKAK;sokak;387447851
ERZURUM;HORASAN;MURATBAĞI;MURATBAĞI/22 SOKAK;sokak;640386640
ERZURUM;HORASAN;MURATBAĞI;MURATBAĞI/23 SOKAK;sokak;460815761
ERZURUM;HORASAN;MURATBAĞI;MURATBAĞI/3 SOKAK;sokak;562770070
ERZURUM;HORASAN;MURATBAĞI;MURATBAĞI/4 SOKAK;sokak;278148621
ERZURUM;HORASAN;MURATBAĞI;MURATBAĞI/5 SOKAK;sokak;567797961
ERZURUM;HORASAN;MURATBAĞI;MURATBAĞI/6 SOKAK;sokak;786943201
ERZURUM;HORASAN;MURATBAĞI;MURATBAĞI/7 SOKAK;sokak;786191861
ERZURUM;HORASAN;MURATBAĞI;MURATBAĞI/8 SOKAK;sokak;267330300
ERZURUM;HORASAN;MURATBAĞI;MURATBAĞI/9 SOKAK;sokak;264429211
ERZURUM;HORASAN;MÜMTAZ TURAN;3.İNCİR SOKAK;sokak;280127970
ERZURUM;HORASAN;MÜMTAZ TURAN;AYDIN SOKAK;sokak;443285650
ERZURUM;HORASAN;MÜMTAZ TURAN;AYDINLAR SOKAK;sokak;762572
ERZURUM;HORASAN;MÜMTAZ TURAN;DEMİR SOKAK;sokak;1495351
ERZURUM;HORASAN;MÜMTAZ TURAN;EDALI SOKAK;sokak;62423
ERZURUM;HORASAN;MÜMTAZ TURAN;EĞİTİM CADDE;cadde;62424
ERZURUM;HORASAN;MÜMTAZ TURAN;ERZURUM CADDE;cadde;194886911
ERZURUM;HORASAN;MÜMTAZ TURAN;İNCİR SOKAK;sokak;916031911
ERZURUM;HORASAN;MÜMTAZ TURAN;KANARYA SOKAK;sokak;762573
ERZURUM;HORASAN;MÜMTAZ TURAN;KAYI SOKAK;sokak;425187041
ERZURUM;HORASAN;MÜMTAZ TURAN;MERCAN SOKAK;sokak;676136380
ERZURUM;HORASAN;MÜMTAZ TURAN;SAYGI SOKAK;sokak;62422
ERZURUM;HORASAN;MÜMTAZ TURAN;SOLAK SOKAK;sokak;452964641
ERZURUM;HORASAN;MÜMTAZ TURAN;STAD SOKAK;sokak;762571
ERZURUM;HORASAN;MÜMTAZ TURAN;TEMBİH SOKAK;sokak;901946220
ERZURUM;HORASAN;MÜMTAZ TURAN;TUNÇ SOKAK;sokak;710322130
ERZURUM;HORASAN;MÜMTAZ TURAN;TÜTÜN SOKAK;sokak;129990091
ERZURUM;HORASAN;MÜMTAZ TURAN;YILDIZ SOKAK;sokak;1418799
ERZURUM;HORASAN;MÜMTAZ TURAN;YILMAZ SOKAK;sokak;62421
ERZURUM;HORASAN;PİNARLİ;PINAR KÜME EVLER;sokak;601631
ERZURUM;HORASAN;PİNARLİ;PINAR1 SOKAK;sokak;310310400
ERZURUM;HORASAN;PİNARLİ;PINAR2 SOKAK;sokak;281343931
ERZURUM;HORASAN;PİRALİ;AKKERAN KÜME EVLER;sokak;474441
ERZURUM;HORASAN;PİRALİ;AKPINAR KÜME EVLER;sokak;820059
ERZURUM;HORASAN;PİRALİ;BILINMEYEN68 SOKAK;sokak;154090711
ERZURUM;HORASAN;PİRALİ;PİRALİ MERKEZ KÜME EVLER;sokak;606278
ERZURUM;HORASAN;PİRHASAN;PİRHASAN KÜME EVLER;sokak;323076
ERZURUM;HORASAN;RECEP TAYYİP ERDOĞAN;1.ÇIKMAZ SOKAK;sokak;710553471
ERZURUM;HORASAN;RECEP TAYYİP ERDOĞAN;ALPER SOKAK;sokak;199497
ERZURUM;HORASAN;RECEP TAYYİP ERDOĞAN;ALTUN SOKAK;sokak;199493
ERZURUM;HORASAN;RECEP TAYYİP ERDOĞAN;BARIŞ SOKAK;sokak;763083
ERZURUM;HORASAN;RECEP TAYYİP ERDOĞAN;BAYRAM CADDE;cadde;763087
ERZURUM;HORASAN;RECEP TAYYİP ERDOĞAN;ÇİÇEK SOKAK;sokak;199496
ERZURUM;HORASAN;RECEP TAYYİP ERDOĞAN;ÇOLAKOĞLU SOKAK;sokak;763086
ERZURUM;HORASAN;RECEP TAYYİP ERDOĞAN;DAR SOKAK;sokak;763084
ERZURUM;HORASAN;RECEP TAYYİP ERDOĞAN;ERZURUM CADDE;cadde;763091
ERZURUM;HORASAN;RECEP TAYYİP ERDOĞAN;GÖKÇE SOKAK;sokak;199492
ERZURUM;HORASAN;RECEP TAYYİP ERDOĞAN;GÜVEN SOKAK;sokak;199499
ERZURUM;HORASAN;RECEP TAYYİP ERDOĞAN;IHLAMUR SOKAK;sokak;290795630
ERZURUM;HORASAN;RECEP TAYYİP ERDOĞAN;İSTASYON SOKAK;sokak;94919
ERZURUM;HORASAN;RECEP TAYYİP ERDOĞAN;KARANFİL SOKAK;sokak;199498
ERZURUM;HORASAN;RECEP TAYYİP ERDOĞAN;KAYA SOKAK;sokak;763085
ERZURUM;HORASAN;RECEP TAYYİP ERDOĞAN;LALE SOKAK;sokak;763082
ERZURUM;HORASAN;RECEP TAYYİP ERDOĞAN;NİSA SOKAK;sokak;469707601
ERZURUM;HORASAN;RECEP TAYYİP ERDOĞAN;ÖRNEK SOKAK;sokak;199490
ERZURUM;HORASAN;RECEP TAYYİP ERDOĞAN;POLAT SOKAK;sokak;763089
ERZURUM;HORASAN;RECEP TAYYİP ERDOĞAN;SERHAT SOKAK;sokak;199491
ERZURUM;HORASAN;RECEP TAYYİP ERDOĞAN;ŞEHİT AHMET AKTEPE CADDE;cadde;677954430
ERZURUM;HORASAN;RECEP TAYYİP ERDOĞAN;ŞEHİT BAHATTİN USLU CADDE;cadde;199500
ERZURUM;HORASAN;RECEP TAYYİP ERDOĞAN;ŞEHİT İLHAMİ ÇETİNDERE SOKAK;sokak;763090
ERZURUM;HORASAN;RECEP TAYYİP ERDOĞAN;ŞİMŞEK SOKAK;sokak;199494
ERZURUM;HORASAN;RECEP TAYYİP ERDOĞAN;TUBA SOKAK;sokak;199495
ERZURUM;HORASAN;RECEP TAYYİP ERDOĞAN;ÜMİT SOKAK;sokak;483291630
ERZURUM;HORASAN;RECEP TAYYİP ERDOĞAN;YAVUZ SELİM CADDE;cadde;763081
ERZURUM;HORASAN;RECEP TAYYİP ERDOĞAN;ZAMBAK SOKAK;sokak;345397911
ERZURUM;HORASAN;SAÇLIK;KARACIK KÜME EVLER;sokak;630699
ERZURUM;HORASAN;SAÇLIK;SAÇLIK KÜME EVLER;sokak;532190
ERZURUM;HORASAN;SEKMAN;SEKMAN KÜME EVLER;sokak;599950
ERZURUM;HORASAN;ŞEREFİYE;10.ÇIKMAZ SOKAK;sokak;486956471
ERZURUM;HORASAN;ŞEREFİYE;11.ÇIKMAZ SOKAK;sokak;658908081
ERZURUM;HORASAN;ŞEREFİYE;16 MART CADDE;cadde;330141
ERZURUM;HORASAN;ŞEREFİYE;BAYRAM SOKAK;sokak;300009
ERZURUM;HORASAN;ŞEREFİYE;CAMİİ SOKAK;sokak;227727920
ERZURUM;HORASAN;ŞEREFİYE;ÇEŞME SOKAK;sokak;330140
ERZURUM;HORASAN;ŞEREFİYE;DERE SOKAK;sokak;335372
ERZURUM;HORASAN;ŞEREFİYE;HASTAHANE CADDE;cadde;300011
ERZURUM;HORASAN;ŞEREFİYE;HÜNKAR SOKAK;sokak;595180
ERZURUM;HORASAN;ŞEREFİYE;KESTANE SOKAK;sokak;461712860
ERZURUM;HORASAN;ŞEREFİYE;KURTULUŞ CADDE;cadde;746530
ERZURUM;HORASAN;ŞEREFİYE;KÜMBET SOKAK;sokak;746531
ERZURUM;HORASAN;ŞEREFİYE;ŞEREFİYE SOKAK;sokak;330142
ERZURUM;HORASAN;ŞEREFİYE;TÜNEL SOKAK;sokak;335373
ERZURUM;HORASAN;ŞEREFİYE;YENİ KARS CADDE;cadde;330143
ERZURUM;HORASAN;ŞEYHYUSUF;ŞEYHYUSUF KÜME EVLER;sokak;623585
ERZURUM;HORASAN;TAHİRHOCA;KIRIK KÜME EVLER;sokak;943549660
ERZURUM;HORASAN;TAHİRHOCA;TAHİRHOCA KÜME EVLER;sokak;641576
ERZURUM;HORASAN;TAVŞANCIK;KANTARKAYA KÜME EVLER;sokak;680415
ERZURUM;HORASAN;TAVŞANCIK;KARAAYVAT KÜME EVLER;sokak;684142
ERZURUM;HORASAN;TAVŞANCIK;SÖĞÜTLÜ KÜME EVLER;sokak;680245
ERZURUM;HORASAN;TAVŞANCIK;TAVŞANCIK MERKEZ KÜME EVLER;sokak;92033
ERZURUM;HORASAN;TEKNECİK;ARPAÇAYIR KÜME EVLER;sokak;266917090
ERZURUM;HORASAN;TEKNECİK;MAĞARACIK KÜME EVLER;sokak;620340
ERZURUM;HORASAN;TEKNECİK;TEKNECİK KÜME EVLER;sokak;598917
ERZURUM;HORASAN;YARBOĞAZ;YARBOĞAZ KÜME EVLER;sokak;638664
ERZURUM;HORASAN;YAYLACIK;YAYLACIK KÜME EVLER;sokak;606793
ERZURUM;HORASAN;YAZILITAŞ;ÇIĞILLI KÜME EVLER;sokak;646002
ERZURUM;HORASAN;YAZILITAŞ;YAZILITAŞ MERKEZ KÜME EVLER;sokak;633386
ERZURUM;HORASAN;YAZILITAŞ;YILDIZLI KÜME EVLER;sokak;643906
ERZURUM;HORASAN;YAZILITAŞ;YONCALI SOKAK;sokak;645648
ERZURUM;HORASAN;YEŞİLDERE;YEŞİLDERE KÜME EVLER;sokak;566145
ERZURUM;HORASAN;YEŞİLÖZ;DELLAL KÜME EVLER;sokak;754173
ERZURUM;HORASAN;YEŞİLÖZ;YEŞİLÖZ KÜME EVLER;sokak;760415
ERZURUM;HORASAN;YILDIRAN;YILDIRAN KÜME EVLER;sokak;697999
ERZURUM;HORASAN;YILDIRAN;YILDIRAN1 SOKAK;sokak;560862911
ERZURUM;HORASAN;YUKARIBADEMÖZÜ;YUKARIBADEMÖZÜ KÜME EVLER;sokak;325186
ERZURUM;HORASAN;YUKARIBADEMÖZÜ;YUKARIBADEMÖZÜ1 SOKAK;sokak;440003700
ERZURUM;HORASAN;YUKARIBADEMÖZÜ;YUKARIBADEMÖZÜ2 SOKAK;sokak;614055361
ERZURUM;HORASAN;YUKARIBADEMÖZÜ;YUKARIBADEMÖZÜ3 SOKAK;sokak;352315130
ERZURUM;HORASAN;YUKARIBADEMÖZÜ;YUKARIBADEMÖZÜ4 SOKAK;sokak;798717370
ERZURUM;HORASAN;YUKARIBADEMÖZÜ;YUKARIBADEMÖZÜ5 SOKAK;sokak;446299621
ERZURUM;HORASAN;YUKARIBADEMÖZÜ;YUKARIBADEMÖZÜ6 SOKAK;sokak;198048551
ERZURUM;HORASAN;YUKARIHORUM;AŞAĞI HORUM SOKAK;sokak;754843
ERZURUM;HORASAN;YUKARIHORUM;AŞAĞI HORUM1 SOKAK;sokak;221990610
ERZURUM;HORASAN;YUKARIHORUM;YUKARI HORUM MERKEZ KÜME EVLER;sokak;754835
ERZURUM;HORASAN;YUKARIHORUM;YUKARI HORUM MERKEZ1 SOKAK;sokak;270226070
ERZURUM;HORASAN;YUKARIHORUM;YUKARI HORUM MERKEZ2 SOKAK;sokak;457670430
ERZURUM;HORASAN;YUKARIHORUM;YUKARI HORUM MERKEZ4 SOKAK;sokak;464942251
ERZURUM;HORASAN;YUKARIHORUM;YUKARI HORUM MERKEZ5 SOKAK;sokak;815553770
ERZURUM;HORASAN;YUKARIHORUM;YUKARI HORUM MERKEZ6 SOKAK;sokak;876753100
ERZURUM;HORASAN;YUKARITAHİRHOCA;TAHİRHOCA KÜME EVLER;sokak;702789731
ERZURUM;HORASAN;YUKARITAHİRHOCA;YUKARITAHİRHOCA KÜME EVLER;sokak;622998
ERZURUM;HORASAN;YÜRÜKATLI;YÜRÜKATLI SOKAK;sokak;546021
ERZURUM;HORASAN;YÜRÜKATLI;YÜRÜKATLI1 SOKAK;sokak;378032021
ERZURUM;HORASAN;YÜRÜKATLI;YÜRÜKATLI10 SOKAK;sokak;697243591
ERZURUM;HORASAN;YÜRÜKATLI;YÜRÜKATLI11 SOKAK;sokak;872538031
ERZURUM;HORASAN;YÜRÜKATLI;YÜRÜKATLI12 SOKAK;sokak;645904581
ERZURUM;HORASAN;YÜRÜKATLI;YÜRÜKATLI13 SOKAK;sokak;290418781
ERZURUM;HORASAN;YÜRÜKATLI;YÜRÜKATLI14 SOKAK;sokak;582053031
ERZURUM;HORASAN;YÜRÜKATLI;YÜRÜKATLI15 SOKAK;sokak;395129910
ERZURUM;HORASAN;YÜRÜKATLI;YÜRÜKATLI16 SOKAK;sokak;665459710
ERZURUM;HORASAN;YÜRÜKATLI;YÜRÜKATLI17 SOKAK;sokak;369310040
ERZURUM;HORASAN;YÜRÜKATLI;YÜRÜKATLI17/1 SOKAK;sokak;617140771
ERZURUM;HORASAN;YÜRÜKATLI;YÜRÜKATLI2 SOKAK;sokak;901290080
ERZURUM;HORASAN;YÜRÜKATLI;YÜRÜKATLI3 SOKAK;sokak;416674781
ERZURUM;HORASAN;YÜRÜKATLI;YÜRÜKATLI4 SOKAK;sokak;747338330
ERZURUM;HORASAN;YÜRÜKATLI;YÜRÜKATLI5 SOKAK;sokak;415298431
ERZURUM;HORASAN;YÜRÜKATLI;YÜRÜKATLI6 SOKAK;sokak;772088581
ERZURUM;HORASAN;YÜRÜKATLI;YÜRÜKATLI7 SOKAK;sokak;796976450
ERZURUM;HORASAN;YÜRÜKATLI;YÜRÜKATLI8 SOKAK;sokak;424745930
ERZURUM;HORASAN;YÜRÜKATLI;YÜRÜKATLI9 SOKAK;sokak;630395151
ERZURUM;HORASAN;YÜZÖREN;DÖLLEK KÜME EVLER;sokak;377772160
ERZURUM;HORASAN;YÜZÖREN;YÜZÖREN KÜME EVLER;sokak;589309
ERZURUM;HORASAN;YÜZÖREN;YÜZÖREN1 SOKAK;sokak;609293790
ERZURUM;HORASAN;YÜZÖREN;YÜZÖREN2 SOKAK;sokak;438029170
ERZURUM;İSPİR;AHLATLI;AHLATLI MERKEZ KÜME EVLER;sokak;649073
ERZURUM;İSPİR;AKGÜNEY;AKGÜNEY MERKEZ KÜME EVLER;sokak;314390
ERZURUM;İSPİR;AKGÜNEY;ÇAYDERE KÜME EVLER;sokak;919334650
ERZURUM;İSPİR;AKPINAR;AKPINAR KÜME EVLER;sokak;598362
ERZURUM;İSPİR;AKSEKİ;AKSEKİ KÜME EVLER;sokak;611115
ERZURUM;İSPİR;AKSU;BİRİCİK KÜME EVLER;sokak;626184
ERZURUM;İSPİR;AKSU;ÇAKMAKLI MERKEZ KÜME EVLER;sokak;232212781
ERZURUM;İSPİR;AKSU;DEREAĞZI KÜME EVLER;sokak;623694
ERZURUM;İSPİR;AKSU;KADIBAĞI KÜME EVLER;sokak;624567
ERZURUM;İSPİR;AKSU;KÖKLÜCE SOKAK;sokak;659020
ERZURUM;İSPİR;AKSU;KUŞDİLİ KÜME EVLER;sokak;636283
ERZURUM;İSPİR;AKSU;MEZRA/11 KÜME EVLER;sokak;839167
ERZURUM;İSPİR;AKSU;OTLUCA KÜME EVLER;sokak;627657
ERZURUM;İSPİR;AKSU;ŞENTEPE KÜME EVLER;sokak;636284
ERZURUM;İSPİR;AKSU;YILDIZTEPE KÜME EVLER;sokak;367303491
ERZURUM;İSPİR;AKTAŞ;AKTAŞ KÜME EVLER;sokak;546111
ERZURUM;İSPİR;AKTAŞ;AKTAŞ1 KÜME EVLER;sokak;244265531
ERZURUM;İSPİR;AKTAŞ;BOSTANCI KÜME EVLER;sokak;665584610
ERZURUM;İSPİR;AKTAŞ;GÜNDOĞDU2 SOKAK;sokak;476589191
ERZURUM;İSPİR;ALACABÜK;ALACABÜK MERKEZ KÜME EVLER;sokak;615019
ERZURUM;İSPİR;ALACABÜK;GÜNEY B.M KÜME EVLER;sokak;306562680
ERZURUM;İSPİR;ALACABÜK;KAZANCIK KÜME EVLER;sokak;615022
ERZURUM;İSPİR;ALACABÜK;YENI KÜME EVLER;sokak;165210
ERZURUM;İSPİR;ALACABÜK;ZEYREK KÜME EVLER;sokak;900288791
ERZURUM;İSPİR;ARAKÖY;ARAKÖY MERKEZ KÜME EVLER;sokak;615017
ERZURUM;İSPİR;ARAKÖY;ARAKÖY MERKEZ1 KÜME EVLER;sokak;315310721
ERZURUM;İSPİR;ARAKÖY;ARAKÖY MERKEZ2 KÜME EVLER;sokak;913729201
ERZURUM;İSPİR;ARAKÖY;ARAKÖY MERKEZ3 KÜME EVLER;sokak;320764081
ERZURUM;İSPİR;ARAKÖY;ARAKÖY MERKEZ4 KÜME EVLER;sokak;904732240
ERZURUM;İSPİR;ARDIÇLI;ARDIÇLI KÜME EVLER;sokak;304717
ERZURUM;İSPİR;ARMUTLU;ARMUTLU KÜME EVLER;sokak;622822
ERZURUM;İSPİR;AŞAĞI FINDIKLI;AŞAĞI FINDIKLI KÜME EVLER;sokak;623434
ERZURUM;İSPİR;AŞAĞI ÖZBAĞ;AŞAĞI ÖZBAĞ MERKEZ /3 SOKAK;sokak;935851720
ERZURUM;İSPİR;AŞAĞI ÖZBAĞ;AŞAĞI ÖZBAĞ MERKEZ /4 SOKAK;sokak;212112891
ERZURUM;İSPİR;AŞAĞI ÖZBAĞ;AŞAĞI ÖZBAĞ MERKEZ /6 SOKAK;sokak;221139480
ERZURUM;İSPİR;AŞAĞI ÖZBAĞ;AŞAĞI ÖZBAĞ MERKEZ 5 SOKAK;sokak;352379571
ERZURUM;İSPİR;AŞAĞI ÖZBAĞ;AŞAĞI ÖZBAĞ MERKEZ 8 SOKAK;sokak;525255731
ERZURUM;İSPİR;AŞAĞI ÖZBAĞ;AŞAĞI ÖZBAĞ MERKEZ CADDE;cadde;45907
ERZURUM;İSPİR;AŞAĞI ÖZBAĞ;AŞAĞI ÖZBAĞ MERKEZ/1 KÜME EVLER;sokak;149490100
ERZURUM;İSPİR;AŞAĞI ÖZBAĞ;AŞAĞI ÖZBAĞ MERKEZ/7 SOKAK;sokak;345643850
ERZURUM;İSPİR;AŞAĞI ÖZBAĞ;BAĞLARBAŞI KÜME EVLER;sokak;374956
ERZURUM;İSPİR;AŞAĞI ÖZBAĞ;BAĞLARBAŞI/1 SOKAK;sokak;513406510
ERZURUM;İSPİR;AŞAĞI ÖZBAĞ;BAĞLARBAŞI/2 SOKAK;sokak;277579621
ERZURUM;İSPİR;AŞAĞI ÖZBAĞ;BAĞLARBAŞI/3 SOKAK;sokak;187891561
ERZURUM;İSPİR;AŞAĞI ÖZBAĞ;GAZİLER KÜME EVLER;sokak;827005431
ERZURUM;İSPİR;AŞAĞI ÖZBAĞ;GAZİLER/1 SOKAK;sokak;112403970
ERZURUM;İSPİR;AŞAĞI ÖZBAĞ;KÖPRÜBAŞI KÜME EVLER;sokak;45908
ERZURUM;İSPİR;AŞAĞI ÖZBAĞ;YENİYOL KÜME EVLER;sokak;502748361
ERZURUM;İSPİR;ATÜRKÜTEN;ATÜRKÜTEN MERKEZ KÜME EVLER;sokak;354821
ERZURUM;İSPİR;AVCIKÖY;AVCIKÖY KÜME EVLER;sokak;618318
ERZURUM;İSPİR;BADEMLİ;BADEMLİ KÜME EVLER;sokak;602924
ERZURUM;İSPİR;BAHÇELİ;BAHÇELİ KÜME EVLER;sokak;652292
ERZURUM;İSPİR;BAHÇELİ;YEDİGÖZE SOKAK;sokak;356250291
ERZURUM;İSPİR;BAŞÇEŞME;BAŞÇEŞME KÜME EVLER;sokak;623690
ERZURUM;İSPİR;BAŞÇEŞME;SOĞUKSU KÜME EVLER;sokak;229295171
ERZURUM;İSPİR;BAŞKÖY;BAHÇELİ KÜME EVLER;sokak;519874020
ERZURUM;İSPİR;BAŞKÖY;BALLI KÜME EVLER;sokak;635361
ERZURUM;İSPİR;BAŞKÖY;BAŞ KÜME EVLER;sokak;641336
ERZURUM;İSPİR;BAŞKÖY;ÇERMİK KÜME EVLER;sokak;643073
ERZURUM;İSPİR;BAŞKÖY;ÇİÇEKLİ1 KÜME EVLER;sokak;120122
ERZURUM;İSPİR;BAŞKÖY;GÜLTEPE KÜME EVLER;sokak;642188
ERZURUM;İSPİR;BAŞKÖY;KAŞIKLI KÜME EVLER;sokak;637806
ERZURUM;İSPİR;BAŞKÖY;ORTA2 KÜME EVLER;sokak;83095
ERZURUM;İSPİR;BAŞKÖY;SÜTLÜCE KÜME EVLER;sokak;644980
ERZURUM;İSPİR;BAŞKÖY;YELESER KÜME EVLER;sokak;642451
ERZURUM;İSPİR;BAŞPINAR;BAŞPINAR KÜME EVLER;sokak;631886
ERZURUM;İSPİR;BAŞPINAR;CANKURTARAN KÜME EVLER;sokak;779887231
ERZURUM;İSPİR;BOSTANCI;AKTAŞ KÜME EVLER;sokak;475502150
ERZURUM;İSPİR;BOSTANCI;BOSTANCI KÜME EVLER;sokak;610932
ERZURUM;İSPİR;BOZAN;BOZAN KÜME EVLER;sokak;103785
ERZURUM;İSPİR;CANKURTARAN;CANKURTARAN KÜME EVLER;sokak;28774
ERZURUM;İSPİR;CİBALİ;CİBALİ KÜME EVLER;sokak;648056
ERZURUM;İSPİR;ÇAKMAKLI;ÇAKMAKLI MERKEZ KÜME EVLER;sokak;644891
ERZURUM;İSPİR;ÇAKMAKLI;ÇAKMAKLI/1 KÜME EVLER;sokak;646171
ERZURUM;İSPİR;ÇAMLICA;ÇAMLICA KÜME EVLER;sokak;89369
ERZURUM;İSPİR;ÇAMLIKAYA;ARABLI YOLU KÜME EVLER;sokak;446854280
ERZURUM;İSPİR;ÇAMLIKAYA;ARAPLI- KÜME EVLER;sokak;330048
ERZURUM;İSPİR;ÇAMLIKAYA;AŞAĞI (MERKEZ) KÜME EVLER;sokak;330814
ERZURUM;İSPİR;ÇAMLIKAYA;AŞAĞI KÜME EVLER;sokak;754664
ERZURUM;İSPİR;ÇAMLIKAYA;BALIKLI- KÜME EVLER;sokak;330050
ERZURUM;İSPİR;ÇAMLIKAYA;BAYRAKTAR KÜME EVLER;sokak;330044
ERZURUM;İSPİR;ÇAMLIKAYA;BİLİNMEYEN 2 KÜME EVLER;sokak;434572251
ERZURUM;İSPİR;ÇAMLIKAYA;BİLİNMEYEN 3 KÜME EVLER;sokak;722622150
ERZURUM;İSPİR;ÇAMLIKAYA;BİLİNMEYEN 5 KÜME EVLER;sokak;661123431
ERZURUM;İSPİR;ÇAMLIKAYA;BİLİNMEYEN 7 KÜME EVLER;sokak;686303831
ERZURUM;İSPİR;ÇAMLIKAYA;BİLİNMEYEN2 KÜME EVLER;sokak;725397521
ERZURUM;İSPİR;ÇAMLIKAYA;CAMİİ BOYNU KÜME EVLER;sokak;854826440
ERZURUM;İSPİR;ÇAMLIKAYA;CEBECİLİ KÜME EVLER;sokak;330047
ERZURUM;İSPİR;ÇAMLIKAYA;ÇAMLIKAYA KÜME EVLER;sokak;420519
ERZURUM;İSPİR;ÇAMLIKAYA;ÇAMLIKAYA1 KÜME EVLER;sokak;184948641
ERZURUM;İSPİR;ÇAMLIKAYA;ÇAVUŞLAR KÜME EVLER;sokak;753310
ERZURUM;İSPİR;ÇAMLIKAYA;ÇERMANS KÜME EVLER;sokak;420524
ERZURUM;İSPİR;ÇAMLIKAYA;DABAKLI KÜME EVLER;sokak;330051
ERZURUM;İSPİR;ÇAMLIKAYA;DÜZTEPE KÜME EVLER;sokak;20098422
ERZURUM;İSPİR;ÇAMLIKAYA;EMİNELİ- KÜME EVLER;sokak;330045
ERZURUM;İSPİR;ÇAMLIKAYA;ERAHMUT KÜME EVLER;sokak;420525
ERZURUM;İSPİR;ÇAMLIKAYA;ESKİVAN- KÜME EVLER;sokak;753112
ERZURUM;İSPİR;ÇAMLIKAYA;GAÇ KÜME EVLER;sokak;758797
ERZURUM;İSPİR;ÇAMLIKAYA;GÖÇ MERKEZ KÜME EVLER;sokak;520651411
ERZURUM;İSPİR;ÇAMLIKAYA;GÜRCÜOĞLU KÜME EVLER;sokak;638493431
ERZURUM;İSPİR;ÇAMLIKAYA;GÜRCÜOĞLU- KÜME EVLER;sokak;330809
ERZURUM;İSPİR;ÇAMLIKAYA;HALVER- KÜME EVLER;sokak;465804
ERZURUM;İSPİR;ÇAMLIKAYA;HANZAR KÜME EVLER;sokak;365490
ERZURUM;İSPİR;ÇAMLIKAYA;HANZARLI- KÜME EVLER;sokak;330810
ERZURUM;İSPİR;ÇAMLIKAYA;IŞKINLININ MANGUT KÜME EVLER;sokak;699847301
ERZURUM;İSPİR;ÇAMLIKAYA;KARZER- KÜME EVLER;sokak;330811
ERZURUM;İSPİR;ÇAMLIKAYA;MERKEZ (YAVUZLAR) KÜME EVLER;sokak;758792
ERZURUM;İSPİR;ÇAMLIKAYA;MERKEZZ KÜME EVLER;sokak;758793
ERZURUM;İSPİR;ÇAMLIKAYA;ORTA KÜME EVLER;sokak;758790
ERZURUM;İSPİR;ÇAMLIKAYA;PALOŞLU KÜME EVLER;sokak;334509
ERZURUM;İSPİR;ÇAMLIKAYA;PIÇAKÇI KÜME EVLER;sokak;330812
ERZURUM;İSPİR;ÇAMLIKAYA;SOSTANLI SOKAK;sokak;672187680
ERZURUM;İSPİR;ÇAMLIKAYA;ŞAVLAK- KÜME EVLER;sokak;754668
ERZURUM;İSPİR;ÇAMLIKAYA;TELLİGİLİN MANGUT KÜME EVLER;sokak;753321
ERZURUM;İSPİR;ÇAMLIKAYA;VANK KÜME EVLER;sokak;758791
ERZURUM;İSPİR;ÇATAKKAYA;ÇATAKKAYA MERKEZ SOKAK;sokak;663130
ERZURUM;İSPİR;ÇATAKKAYA;ZORNİ SOKAK;sokak;664445
ERZURUM;İSPİR;ÇAYIRBAŞI;ÇAYIRBAŞI KÜME EVLER;sokak;390802
ERZURUM;İSPİR;ÇAYIRÖZÜ;ÇAYIRÖZÜ KÜME EVLER;sokak;640610
ERZURUM;İSPİR;ÇAYIRÖZÜ;ULUTAŞ KÜME EVLER;sokak;890272130
ERZURUM;İSPİR;ÇİÇEKLİ;ARMUTLU KÜME EVLER;sokak;565384401
ERZURUM;İSPİR;ÇİÇEKLİ;ÇİÇEKLİ KÜME EVLER;sokak;45909
ERZURUM;İSPİR;ÇİÇEKLİ;HALİLPAŞA KÜME EVLER;sokak;226551870
ERZURUM;İSPİR;DEĞİRMENDERE;DEĞİRMENDERE KÜME EVLER;sokak;612320
ERZURUM;İSPİR;DEĞİRMENLİ;ARMUTLU KÜME EVLER;sokak;230014640
ERZURUM;İSPİR;DEĞİRMENLİ;DEĞİRMENLİ KÜME EVLER;sokak;643630
ERZURUM;İSPİR;DEĞİRMENLİ;ÖZTOPRAK KÜME EVLER;sokak;396692051
ERZURUM;İSPİR;DEMİRBİLEK;DEMİRBİLEK KÜME EVLER;sokak;587502
ERZURUM;İSPİR;DEMİRKAYA;DEMİRKAYA KÜME EVLER;sokak;599089
ERZURUM;İSPİR;DEMİRKAYA;TAŞBAŞI MERKEZ KÜME EVLER;sokak;408897351
ERZURUM;İSPİR;DEVEDAĞI;ARAKÖY MERKEZ2 KÜME EVLER;sokak;913729200
ERZURUM;İSPİR;DEVEDAĞI;ARAKÖY MERKEZ3 KÜME EVLER;sokak;320764080
ERZURUM;İSPİR;DEVEDAĞI;ARAKÖY MERKEZ4 KÜME EVLER;sokak;141747591
ERZURUM;İSPİR;DEVEDAĞI;DEVEDAĞI MERKEZ KÜME EVLER;sokak;648042
ERZURUM;İSPİR;DEVEDAĞI;MEZRA KÜME EVLER;sokak;356963
ERZURUM;İSPİR;DURUKÖY;DURUKÖY KÜME EVLER;sokak;654373
ERZURUM;İSPİR;DÜZKÖY;DÜZKÖY KÜME EVLER;sokak;647205
ERZURUM;İSPİR;ELMALI;AFET EVLER/1 SOKAK;sokak;723214171
ERZURUM;İSPİR;ELMALI;AFET EVLER/10 SOKAK;sokak;632029560
ERZURUM;İSPİR;ELMALI;AFET EVLER/11 SOKAK;sokak;147834500
ERZURUM;İSPİR;ELMALI;AFET EVLER/12 SOKAK;sokak;162417471
ERZURUM;İSPİR;ELMALI;AFET EVLER/14 SOKAK;sokak;620930590
ERZURUM;İSPİR;ELMALI;AFET EVLER/2 SOKAK;sokak;903869051
ERZURUM;İSPİR;ELMALI;AFET EVLER/3 SOKAK;sokak;663420801
ERZURUM;İSPİR;ELMALI;AFET EVLER/4 SOKAK;sokak;472427970
ERZURUM;İSPİR;ELMALI;AFET EVLER/7 SOKAK;sokak;728771111
ERZURUM;İSPİR;ELMALI;AFET EVLER/8 SOKAK;sokak;923288630
ERZURUM;İSPİR;ELMALI;AFET EVLER/9 SOKAK;sokak;651976830
ERZURUM;İSPİR;ELMALI;AFET EVLERİ- KÜME EVLER;sokak;200434
ERZURUM;İSPİR;ELMALI;BAĞLAR KÜME EVLER;sokak;42365
ERZURUM;İSPİR;ELMALI;ELMALI KÜME EVLER;sokak;42366
ERZURUM;İSPİR;ELMALI;ELMALI. CADDE;cadde;416963290
ERZURUM;İSPİR;ELMALI;ELMALI/1 SOKAK;sokak;149604540
ERZURUM;İSPİR;ELMALI;ELMALI/2 SOKAK;sokak;356636991
ERZURUM;İSPİR;ELMALI;ELMALI/3 SOKAK;sokak;228570640
ERZURUM;İSPİR;ELMALI;ELMALI/4 SOKAK;sokak;320017110
ERZURUM;İSPİR;ELMALI;ELMALI/5 SOKAK;sokak;835880791
ERZURUM;İSPİR;ELMALI;ELMALI/6 SOKAK;sokak;326562740
ERZURUM;İSPİR;ELMALI;ELMALI/7 SOKAK;sokak;439636850
ERZURUM;İSPİR;ELMALI;ULUBEL MERKEZ KÜME EVLER;sokak;422378911
ERZURUM;İSPİR;ELMALI;ÜZÜMLÜK SOKAK;sokak;382652
ERZURUM;İSPİR;GAZİLER;GAZİLER KÜME EVLER;sokak;45910
ERZURUM;İSPİR;GAZİLER;GAZİLER MERKEZ CADDE;cadde;607223520
ERZURUM;İSPİR;GAZİLER;GAZİLER/1 SOKAK;sokak;112403971
ERZURUM;İSPİR;GAZİLER;GAZİLER1 SOKAK;sokak;727117321
ERZURUM;İSPİR;GAZİLER;GAZİLER2 SOKAK;sokak;102984611
ERZURUM;İSPİR;GAZİLER;GAZİLER3 SOKAK;sokak;761445751
ERZURUM;İSPİR;GAZİLER;GAZİLER4 SOKAK;sokak;797644601
ERZURUM;İSPİR;GEÇİTAĞZI;GEÇİTAĞZI KÜME EVLER;sokak;616026
ERZURUM;İSPİR;GEÇİTAĞZI;GEÇİTAĞZI MERKEZ KÜME EVLER;sokak;618117
ERZURUM;İSPİR;GEÇİTAĞZI;KARŞI SOKAK;sokak;618118
ERZURUM;İSPİR;GEÇİTAĞZI;YUKARI KÜME EVLER;sokak;618119
ERZURUM;İSPİR;GÖÇKÖY;GÖÇ BAĞLARI KÜME EVLER;sokak;657857
ERZURUM;İSPİR;GÖÇKÖY;GÖÇ MERKEZ KÜME EVLER;sokak;656268
ERZURUM;İSPİR;GÖLYURT;GÖLYURT KÜME EVLER;sokak;605486
ERZURUM;İSPİR;GÜLHAS;GÜLHAS KÜME EVLER;sokak;374957
ERZURUM;İSPİR;GÜLHAS;GÜLHAS MERKEZ CADDE;cadde;213336040
ERZURUM;İSPİR;GÜLHAS;GÜLHAS/2 SOKAK;sokak;870102451
ERZURUM;İSPİR;GÜLHAS;GÜLHAS/3 SOKAK;sokak;466283191
ERZURUM;İSPİR;GÜLHAS;GÜLHAS/4 SOKAK;sokak;152580721
ERZURUM;İSPİR;GÜLHAS;GÜLHAS/5 SOKAK;sokak;736277880
ERZURUM;İSPİR;GÜLHAS;GÜLHAS/6 SOKAK;sokak;315142010
ERZURUM;İSPİR;GÜLHAS;GÜLHAS/7 SOKAK;sokak;253131231
ERZURUM;İSPİR;GÜLHAS;GÜLHAS/8 SOKAK;sokak;670668290
ERZURUM;İSPİR;GÜLHAS;GÜLHAS/9 SOKAK;sokak;947250170
ERZURUM;İSPİR;GÜLLÜBAĞ;GÜLLÜBAĞ KÜME EVLER;sokak;44646
ERZURUM;İSPİR;GÜNDOĞDU;GÜNDOĞDU SOKAK;sokak;545311
ERZURUM;İSPİR;GÜNDOĞDU;GÜNDOĞDU1 SOKAK;sokak;770258311
ERZURUM;İSPİR;GÜNDOĞDU;GÜNDOĞDU2 SOKAK;sokak;775377441
ERZURUM;İSPİR;GÜNDOĞDU;GÜNDOĞDU3 SOKAK;sokak;217483480
ERZURUM;İSPİR;GÜNDOĞDU;GÜNDOĞDU4 SOKAK;sokak;751563641
ERZURUM;İSPİR;GÜNEY;GÜNEY B.M KÜME EVLER;sokak;604304
ERZURUM;İSPİR;GÜNEY;MÜLKKÖY KÜME EVLER;sokak;592757500
ERZURUM;İSPİR;HALİLPAŞA;HALİLPAŞA KÜME EVLER;sokak;653743
ERZURUM;İSPİR;HALİLPAŞA;PINARLI 4 SOKAK;sokak;338200771
ERZURUM;İSPİR;HALİLPAŞA;PINARLI SOKAK;sokak;443272111
ERZURUM;İSPİR;IRMAKKÖY;BAYRAK KÜME EVLER;sokak;699009
ERZURUM;İSPİR;IRMAKKÖY;DEĞİRMENLİ KÜME EVLER;sokak;940723940
ERZURUM;İSPİR;IRMAKKÖY;IRMAK MERKEZ KÜME EVLER;sokak;611054
ERZURUM;İSPİR;İKİSU;GÜLHAS KÜME EVLER;sokak;743641910
ERZURUM;İSPİR;İKİSU;İKİSU KÜME EVLER;sokak;44647
ERZURUM;İSPİR;İNCESU;İNCESU KÜME EVLER;sokak;622823
ERZURUM;İSPİR;İYİDERE;İYİDERE KÜME EVLER;sokak;626185
ERZURUM;İSPİR;KARAHAN;KARAHAN KÜME EVLER;sokak;623693
ERZURUM;İSPİR;KARAKALE;BAGLIK KÜME EVLER;sokak;643642
ERZURUM;İSPİR;KARAKALE;KARAKALE MERKEZ KÜME EVLER;sokak;639099
ERZURUM;İSPİR;KARAKAMIŞ;KARAKAMIŞ KÜME EVLER;sokak;630696
ERZURUM;İSPİR;KARAKAMIŞ;SARIÇAY KÜME EVLER;sokak;246247
ERZURUM;İSPİR;KARAKAYA;KARAKAYA KÜME EVLER;sokak;329969
ERZURUM;İSPİR;KARASEYDİ;KARASEYDİ KÜME EVLER;sokak;599646
ERZURUM;İSPİR;KARŞIYAKA;1.ÇİÇEKLİ SOKAK;sokak;176558870
ERZURUM;İSPİR;KARŞIYAKA;1.FATİH SOKAK;sokak;629653630
ERZURUM;İSPİR;KARŞIYAKA;1.İNAYETİN OSMAN SOKAK;sokak;640582250
ERZURUM;İSPİR;KARŞIYAKA;1.İNÖNÜ SOKAK;sokak;910535200
ERZURUM;İSPİR;KARŞIYAKA;1.İZMİTLİ SOKAK;sokak;626674150
ERZURUM;İSPİR;KARŞIYAKA;1.KALE SOKAK;sokak;627639411
ERZURUM;İSPİR;KARŞIYAKA;1.KAVAKLI KÜME EVLER;sokak;157309710
ERZURUM;İSPİR;KARŞIYAKA;1.ŞEHİT ABDULKERİM TURHAN SOKAK;sokak;622166190
ERZURUM;İSPİR;KARŞIYAKA;1.ZİYA PAŞA SOKAK;sokak;268634560
ERZURUM;İSPİR;KARŞIYAKA;2.İNAYETİN OSMAN SOKAK;sokak;489093860
ERZURUM;İSPİR;KARŞIYAKA;2.İZMİTLİ SOKAK;sokak;709372631
ERZURUM;İSPİR;KARŞIYAKA;2.KALE SOKAK;sokak;675656890
ERZURUM;İSPİR;KARŞIYAKA;2.ŞEHİT ABDULKERİM TURHAN SOKAK;sokak;687273531
ERZURUM;İSPİR;KARŞIYAKA;25 ŞUBAT CADDE;cadde;749811
ERZURUM;İSPİR;KARŞIYAKA;3.ŞEHİT ABDULKERİM TURHAN SOKAK;sokak;667818990
ERZURUM;İSPİR;KARŞIYAKA;AHIRLAR BÖLGESİ KÜME EVLER;sokak;1498839
ERZURUM;İSPİR;KARŞIYAKA;ATATÜRK CADDE;cadde;749813
ERZURUM;İSPİR;KARŞIYAKA;BİLİNMEYEN3 KÜME EVLER;sokak;820226660
ERZURUM;İSPİR;KARŞIYAKA;CUMHURİYET CADDE;cadde;749810
ERZURUM;İSPİR;KARŞIYAKA;ÇAMLICA KÜME EVLER;sokak;637414331
ERZURUM;İSPİR;KARŞIYAKA;ÇİÇEKLİ KÜME EVLER;sokak;452844781
ERZURUM;İSPİR;KARŞIYAKA;FALGEDİĞİ KÜME EVLER;sokak;241292491
ERZURUM;İSPİR;KARŞIYAKA;FATİH CADDE;cadde;833694051
ERZURUM;İSPİR;KARŞIYAKA;GÜLLÜBAĞ KÜME EVLER;sokak;578634411
ERZURUM;İSPİR;KARŞIYAKA;HALİLPAŞA-AHLATLI-AKSU AFET KONUTLARI SOKAK;sokak;364051081
ERZURUM;İSPİR;KARŞIYAKA;HÜKÜMET CADDE;cadde;757685
ERZURUM;İSPİR;KARŞIYAKA;İNAYETİN OSMAN CADDE;cadde;757684
ERZURUM;İSPİR;KARŞIYAKA;İNÖNÜ CADDE;cadde;913363700
ERZURUM;İSPİR;KARŞIYAKA;İNÖNÜ- CADDE;cadde;757681
ERZURUM;İSPİR;KARŞIYAKA;İZMİTLİ SOKAK;sokak;757680
ERZURUM;İSPİR;KARŞIYAKA;KADIOĞLU SOKAK;sokak;757679
ERZURUM;İSPİR;KARŞIYAKA;KALE SOKAK;sokak;749819
ERZURUM;İSPİR;KARŞIYAKA;KÜMBET- SOKAK;sokak;757682
ERZURUM;İSPİR;KARŞIYAKA;MEHMET CİMİLLİ SOKAK;sokak;749814
ERZURUM;İSPİR;KARŞIYAKA;MENEMŞE KÜME EVLER;sokak;653159540
ERZURUM;İSPİR;KARŞIYAKA;MUSTAFA ÇAVUŞ CADDE;cadde;757683
ERZURUM;İSPİR;KARŞIYAKA;MÜFTÜ BAŞKAPAN CADDE;cadde;749817
ERZURUM;İSPİR;KARŞIYAKA;SÖGÜTLÜDERE SOKAK;sokak;749815
ERZURUM;İSPİR;KARŞIYAKA;ŞEHİT ABDULKERİM TURHAN CADDE;cadde;749820
ERZURUM;İSPİR;KARŞIYAKA;YUKARI1 KÖY SOKAĞI;sokak;482873461
ERZURUM;İSPİR;KARŞIYAKA;ZİYA PAŞA CADDE;cadde;749816
ERZURUM;İSPİR;KAVAKLI;1.KAVAKLI KÜME EVLER;sokak;157309711
ERZURUM;İSPİR;KAVAKLI;ÇAMLICA KÜME EVLER;sokak;670547750
ERZURUM;İSPİR;KAVAKLI;HALİLPAŞA KÜME EVLER;sokak;506216301
ERZURUM;İSPİR;KAVAKLI;KAVAKLI 2 KÜME EVLER;sokak;615018
ERZURUM;İSPİR;KAYNAKBAŞI;KAYNAKBAŞI KÜME EVLER;sokak;611090
ERZURUM;İSPİR;KIRIK;KIRIK KÜME EVLER;sokak;613972
ERZURUM;İSPİR;KIZILHASAN;KIZILHASAN KÜME EVLER;sokak;599850
ERZURUM;İSPİR;KİRAZLI;KİRAZLI KÜME EVLER;sokak;616438
ERZURUM;İSPİR;KİRAZLI;KİRAZLI/1 KÜME EVLER;sokak;168519250
ERZURUM;İSPİR;KİRAZLI;KİRAZLI/2 KÜME EVLER;sokak;656402031
ERZURUM;İSPİR;KOÇ;ARMUTLU KÜME EVLER;sokak;437067611
ERZURUM;İSPİR;KOÇ;BAYRAK KÜME EVLER;sokak;485303721
ERZURUM;İSPİR;KOÇ;GÜNDOĞDU2 SOKAK;sokak;775377440
ERZURUM;İSPİR;KOÇ;GÜNDOĞDU4 SOKAK;sokak;716885270
ERZURUM;İSPİR;KOÇ;KOÇ KÜME EVLER;sokak;644163
ERZURUM;İSPİR;KÖPRÜKÖY;1.KAVAKLI KÜME EVLER;sokak;712204950
ERZURUM;İSPİR;KÖPRÜKÖY;AŞAĞI ÖZBAĞ MERKEZ/1 KÜME EVLER;sokak;842887860
ERZURUM;İSPİR;KÖPRÜKÖY;ÇAMLICA KÜME EVLER;sokak;930113281
ERZURUM;İSPİR;KÖPRÜKÖY;DERE- SOKAK;sokak;656036
ERZURUM;İSPİR;KÖPRÜKÖY;DERE1 KÜME EVLER;sokak;410335151
ERZURUM;İSPİR;KÖPRÜKÖY;ELMADERE KÜME EVLER;sokak;654232
ERZURUM;İSPİR;KÖPRÜKÖY;ESKİKÖY KÜME EVLER;sokak;645610
ERZURUM;İSPİR;KÖPRÜKÖY;KARŞI/1 KÜME EVLER;sokak;642193
ERZURUM;İSPİR;KÖPRÜKÖY;KÖPRÜKÖY KÖY SOKAĞI;sokak;197369170
ERZURUM;İSPİR;KÖPRÜKÖY;KUYULAR KÜME EVLER;sokak;655685
ERZURUM;İSPİR;KÖPRÜKÖY;SAMIŞLIK KÜME EVLER;sokak;656035
ERZURUM;İSPİR;KÜMETAŞ;KÜMETAŞ KÜME EVLER;sokak;546105
ERZURUM;İSPİR;KÜMETAŞ;PINARLI SOKAK;sokak;443272110
ERZURUM;İSPİR;LEYLEKKÖY;LEYLEKKÖY KÜME EVLER;sokak;609305
ERZURUM;İSPİR;MADENKÖPRÜBAŞI;BAYBURT CADDE;cadde;42367
ERZURUM;İSPİR;MADENKÖPRÜBAŞI;ÇAYDERE KÜME EVLER;sokak;42374
ERZURUM;İSPİR;MADENKÖPRÜBAŞI;İSPİR CADDE;cadde;42368
ERZURUM;İSPİR;MADENKÖPRÜBAŞI;İSPİR/1 SOKAK;sokak;107504380
ERZURUM;İSPİR;MADENKÖPRÜBAŞI;İSPİR/2 SOKAK;sokak;822343370
ERZURUM;İSPİR;MADENKÖPRÜBAŞI;MADEN KÜME EVLER;sokak;373620
ERZURUM;İSPİR;MADENKÖPRÜBAŞI;MADEN/1 SOKAK;sokak;933708150
ERZURUM;İSPİR;MADENKÖPRÜBAŞI;YENİ KÜME EVLER;sokak;42372
ERZURUM;İSPİR;MESCİTLİ;MESCİTLİ KÜME EVLER;sokak;608717
ERZURUM;İSPİR;MEYDANLI;AFET EVLER/1 SOKAK;sokak;723214170
ERZURUM;İSPİR;MEYDANLI;BAĞLAR KÜME EVLER;sokak;447736121
ERZURUM;İSPİR;MEYDANLI;BAHÇECİK KÜME EVLER;sokak;373621
ERZURUM;İSPİR;MEYDANLI;CEVİZLİ KÜME EVLER;sokak;42369
ERZURUM;İSPİR;MEYDANLI;ÇATAK KÜME EVLER;sokak;42373
ERZURUM;İSPİR;MEYDANLI;ÇAYDERE KÜME EVLER;sokak;758742061
ERZURUM;İSPİR;MEYDANLI;KAĞARİK KÜME EVLER;sokak;42370
ERZURUM;İSPİR;MEYDANLI;KUZULUK KÜME EVLER;sokak;42371
ERZURUM;İSPİR;MEYDANLI;MADENKÖPRÜBAŞI SOKAK;sokak;359177720
ERZURUM;İSPİR;MEYDANLI;MEYDANLI KÜME EVLER;sokak;373622
ERZURUM;İSPİR;MEYDANLI;YENİ KÜME EVLER;sokak;429216921
ERZURUM;İSPİR;MEYDANLI;YENİ1 KÜME EVLER;sokak;473316651
ERZURUM;İSPİR;MORYAYLA;MORYAYLA KÜME EVLER;sokak;638265
ERZURUM;İSPİR;MÜLKKÖY;MÜLKKÖY KÜME EVLER;sokak;598902
ERZURUM;İSPİR;NUMANPAŞA;AKKOYUN KÜME EVLER;sokak;467836010
ERZURUM;İSPİR;NUMANPAŞA;GODLAR KÜME EVLER;sokak;1232753
ERZURUM;İSPİR;NUMANPAŞA;NUMANPAŞA KÜME EVLER;sokak;625452
ERZURUM;İSPİR;ORTAKÖY;ORTAKÖY KÜME EVLER;sokak;622841
ERZURUM;İSPİR;ORTAÖREN;ORTAÖREN KÜME EVLER;sokak;649446
ERZURUM;İSPİR;ÖZLÜCE;ÖZLÜCE KÜME EVLER;sokak;610137
ERZURUM;İSPİR;ÖZTOPRAK;AKKOYUN KÜME EVLER;sokak;937183101
ERZURUM;İSPİR;ÖZTOPRAK;ÖZTOPRAK KÜME EVLER;sokak;633165
ERZURUM;İSPİR;ÖZTOPRAK;TEKPINAR MERKEZ KÜME EVLER;sokak;745735280
ERZURUM;İSPİR;PETEKLİ;BİLİNMEYEN1 SOKAK;sokak;685952710
ERZURUM;İSPİR;PETEKLİ;PETEKLİ KÜME EVLER;sokak;268755
ERZURUM;İSPİR;PINARLI;AKTAŞ1 KÜME EVLER;sokak;149774091
ERZURUM;İSPİR;PINARLI;PINARLI 1 SOKAK;sokak;230328571
ERZURUM;İSPİR;PINARLI;PINARLI 2 SOKAK;sokak;782066871
ERZURUM;İSPİR;PINARLI;PINARLI 4 SOKAK;sokak;921315230
ERZURUM;İSPİR;PINARLI;PINARLI SOKAK;sokak;546109
ERZURUM;İSPİR;SANDIKLI;SANDIKLI MERKEZ KÜME EVLER;sokak;600426
ERZURUM;İSPİR;SIRAKONAK;AKBAŞ SOKAK;sokak;613063
ERZURUM;İSPİR;SIRAKONAK;ALTINTAŞ KÜME EVLER;sokak;605670
ERZURUM;İSPİR;SIRAKONAK;ARAKİ SOKAK;sokak;618719
ERZURUM;İSPİR;SIRAKONAK;BALCI- SOKAK;sokak;615014
ERZURUM;İSPİR;SIRAKONAK;CÜCEBAĞI SOKAK;sokak;613065
ERZURUM;İSPİR;SIRAKONAK;ÇAVUŞLAR1 SOKAK;sokak;613062
ERZURUM;İSPİR;SIRAKONAK;DALLICA SOKAK;sokak;615291
ERZURUM;İSPİR;SIRAKONAK;GÜNEŞLİ SOKAK;sokak;615292
ERZURUM;İSPİR;SIRAKONAK;İNCİLİ SOKAK;sokak;605673
ERZURUM;İSPİR;SIRAKONAK;KARAKALE MERKEZ KÜME EVLER;sokak;667640101
ERZURUM;İSPİR;SIRAKONAK;KİSAR- SOKAK;sokak;618716
ERZURUM;İSPİR;SIRAKONAK;MASURAS KÜME EVLER;sokak;572194380
ERZURUM;İSPİR;SIRAKONAK;OCAKLI SOKAK;sokak;605668
ERZURUM;İSPİR;SIRAKONAK;SOĞUCAK KÜME EVLER;sokak;480717730
ERZURUM;İSPİR;SIRAKONAK;SOĞUCAK/1 KÜME EVLER;sokak;194755731
ERZURUM;İSPİR;SIRAKONAK;SUNGURLU SOKAK;sokak;605675
ERZURUM;İSPİR;SIRAKONAK;TAŞBAŞI KÜME EVLER;sokak;854028161
ERZURUM;İSPİR;SIRAKONAK;ÜÇKARDEŞ SOKAK;sokak;605667
ERZURUM;İSPİR;SIRAKONAK;YONCALI SOKAK;sokak;618750
ERZURUM;İSPİR;SIRAKONAK;YUMURCA KÜME EVLER;sokak;505081181
ERZURUM;İSPİR;SIRAKONAK;YUMURCA- SOKAK;sokak;613064
ERZURUM;İSPİR;SOĞUKSU;SOĞUKSU KÜME EVLER;sokak;656295
ERZURUM;İSPİR;ŞENKÖY;ŞENKÖY KÜME EVLER;sokak;616028
ERZURUM;İSPİR;TAŞBAŞI;ORTAKÖY KÜME EVLER;sokak;424073791
ERZURUM;İSPİR;TAŞBAŞI;TAŞBAŞI MERKEZ KÜME EVLER;sokak;602582
ERZURUM;İSPİR;TAŞLICA;TAŞLICA KÜME EVLER;sokak;610118
ERZURUM;İSPİR;TEKPINAR;AKKOYUN KÜME EVLER;sokak;610291
ERZURUM;İSPİR;TEKPINAR;ÖZTOPRAK KÜME EVLER;sokak;915081761
ERZURUM;İSPİR;TEKPINAR;TEKPINAR MERKEZ KÜME EVLER;sokak;611119
ERZURUM;İSPİR;TEPECİK;TEPECİK KÜME EVLER;sokak;626510
ERZURUM;İSPİR;ULUBEL;ULUBEL MERKEZ KÜME EVLER;sokak;643626
ERZURUM;İSPİR;ULUTAŞ;ULUTAŞ KÜME EVLER;sokak;120057570
ERZURUM;İSPİR;ULUTAŞ;ULUTAŞ- SOKAK;sokak;612076
ERZURUM;İSPİR;ÜZÜMBAĞI;ÇAMLIK KÜME EVLER;sokak;625075
ERZURUM;İSPİR;ÜZÜMBAĞI;ÇILDIR KÜME EVLER;sokak;624875
ERZURUM;İSPİR;ÜZÜMBAĞI;SEYRANBAĞI KÜME EVLER;sokak;616258
ERZURUM;İSPİR;ÜZÜMBAĞI;SİVRİ ALTI KÜME EVLER;sokak;617185
ERZURUM;İSPİR;ÜZÜMBAĞI;ÜZÜMBAĞI MERKEZ KÜME EVLER;sokak;25709
ERZURUM;İSPİR;ÜZÜMBAĞI;VERENBAĞI KÜME EVLER;sokak;615369
ERZURUM;İSPİR;YAĞLI;CANKURTARAN KÜME EVLER;sokak;825294700
ERZURUM;İSPİR;YAĞLI;YAĞLI KÜME EVLER;sokak;627597
ERZURUM;İSPİR;YAYLACIK;YAĞLI KÜME EVLER;sokak;840473980
ERZURUM;İSPİR;YAYLACIK;YAYLACIK KÜME EVLER;sokak;644161
ERZURUM;İSPİR;YEDİGÖL;YEDİGÖL MERKEZ KÜME EVLER;sokak;656960
ERZURUM;İSPİR;YEDİGÖL;YOLBİLEN KÜME EVLER;sokak;649021
ERZURUM;İSPİR;YEDİGÖZE;YEDİGÖZE SOKAK;sokak;554796
ERZURUM;İSPİR;YEDİGÖZE;YEDİGÖZE/1 SOKAK;sokak;263374100
ERZURUM;İSPİR;YEDİGÖZE;YEDİGÖZE/2 SOKAK;sokak;336357491
ERZURUM;İSPİR;YEDİGÖZE;YEDİGÖZE/3 SOKAK;sokak;893604241
ERZURUM;İSPİR;YEDİGÖZE;YEDİGÖZE/4 SOKAK;sokak;238830510
ERZURUM;İSPİR;YEDİGÖZE;YEDİGÖZE/5 SOKAK;sokak;306817530
ERZURUM;İSPİR;YEŞİLTEPE;YEŞİLTEPE KÜME EVLER;sokak;307198
ERZURUM;İSPİR;YEŞİLYURT;BAĞLAR/1 KÜME EVLER;sokak;661495
ERZURUM;İSPİR;YEŞİLYURT;KUŞLU KÜME EVLER;sokak;663124
ERZURUM;İSPİR;YEŞİLYURT;YEŞİLYURT MERKEZ KÜME EVLER;sokak;664447
ERZURUM;İSPİR;YILDIZTEPE;BİRİCİK KÜME EVLER;sokak;731128801
ERZURUM;İSPİR;YILDIZTEPE;YILDIZTEPE KÜME EVLER;sokak;610728
ERZURUM;İSPİR;YUKARI;1. 25 ŞUBAT SOKAK;sokak;152791281
ERZURUM;İSPİR;YUKARI;1.ÇORUH SOKAK;sokak;581154110
ERZURUM;İSPİR;YUKARI;1.ESENTEPE SOKAK;sokak;794355251
ERZURUM;İSPİR;YUKARI;1.ETAP TOKİ SOKAK;sokak;328175380
ERZURUM;İSPİR;YUKARI;1.GÜNEY SOKAK;sokak;177423540
ERZURUM;İSPİR;YUKARI;1.HASTANE CADDE;cadde;902151460
ERZURUM;İSPİR;YUKARI;1.KAVAKLI AFET KONUTLARI SOKAK;sokak;333010941
ERZURUM;İSPİR;YUKARI;1.KIRMIZIBAYIR SOKAK;sokak;873564400
ERZURUM;İSPİR;YUKARI;1.ORTA SOKAK;sokak;757673
ERZURUM;İSPİR;YUKARI;1.ŞEHİTLİK SOKAK;sokak;270928320
ERZURUM;İSPİR;YUKARI;1.TAŞLICA-TEKPINAR AFET KONUTLARI SOKAK;sokak;555252401
ERZURUM;İSPİR;YUKARI;2. ETAP TOKİ AŞAĞI SOKAK;sokak;940918401
ERZURUM;İSPİR;YUKARI;2. ETAP TOKİ YUKARI SOKAK;sokak;200958990
ERZURUM;İSPİR;YUKARI;2.ESENTEPE SOKAK;sokak;344836691
ERZURUM;İSPİR;YUKARI;2.KAVAKLI AFET KONUTLARI SOKAK;sokak;757278421
ERZURUM;İSPİR;YUKARI;2.ŞEHİTLİK SOKAK;sokak;211464511
ERZURUM;İSPİR;YUKARI;2.TAŞLICA-TEKPINAR AFET KONUTLARI SOKAK;sokak;417344761
ERZURUM;İSPİR;YUKARI;25 ŞUBAT CADDE;cadde;757672
ERZURUM;İSPİR;YUKARI;3.ESENTEPE SOKAK;sokak;267575911
ERZURUM;İSPİR;YUKARI;3.KAVAKLI AFET KONUTLARI SOKAK;sokak;840094480
ERZURUM;İSPİR;YUKARI;3.TAŞLICA-TEKPINAR AFET KONUTLARI SOKAK;sokak;331147861
ERZURUM;İSPİR;YUKARI;4.ESENTEPE SOKAK;sokak;300734071
ERZURUM;İSPİR;YUKARI;ANAOKULU-GÜNEY SOKAK;sokak;484387411
ERZURUM;İSPİR;YUKARI;AYDIN SOKAK;sokak;749804
ERZURUM;İSPİR;YUKARI;BERBER SOKAK;sokak;757671
ERZURUM;İSPİR;YUKARI;CUMHURİYET CADDE;cadde;749803
ERZURUM;İSPİR;YUKARI;ÇARŞIBAŞI SOKAK;sokak;749805
ERZURUM;İSPİR;YUKARI;ÇORUH SOKAK;sokak;757674
ERZURUM;İSPİR;YUKARI;ESENTEPE SOKAK;sokak;749806
ERZURUM;İSPİR;YUKARI;FATİH CADDE;cadde;940072421
ERZURUM;İSPİR;YUKARI;GÜLLÜBAĞ KÜME EVLER;sokak;578634410
ERZURUM;İSPİR;YUKARI;GÜNEY SOKAK;sokak;549779881
ERZURUM;İSPİR;YUKARI;HALİTPAŞA SOKAK;sokak;757676
ERZURUM;İSPİR;YUKARI;HASTANE CADDE;cadde;749809
ERZURUM;İSPİR;YUKARI;İSPİR TRAFO MERKEZİ SOKAK;sokak;126734060
ERZURUM;İSPİR;YUKARI;KALE SOKAK;sokak;661071600
ERZURUM;İSPİR;YUKARI;KAVAKLI SOKAK;sokak;749807
ERZURUM;İSPİR;YUKARI;KIRMIZIBAYIR SOKAK;sokak;757675
ERZURUM;İSPİR;YUKARI;MALTEPE SOKAK;sokak;757677
ERZURUM;İSPİR;YUKARI;OKULLAR-GÜNEY SOKAK;sokak;588376831
ERZURUM;İSPİR;YUKARI;ŞEHİTLİK CADDE;cadde;749808
ERZURUM;İSPİR;YUKARI;TAŞLICA-TEKPINAR AFET KONUTLARI SOKAK;sokak;757678
ERZURUM;İSPİR;YUKARI;YUKARI1 KÖY SOKAĞI;sokak;260594851
ERZURUM;İSPİR;YUKARI FINDIKLI;YUKARI FINDIKLI KÜME EVLER;sokak;625461
ERZURUM;İSPİR;YUKARI ÖZBAĞ;AŞAĞI ÖZBAĞ MERKEZ CADDE;cadde;182382201
ERZURUM;İSPİR;YUKARI ÖZBAĞ;BAĞLARBAŞI KÜME EVLER;sokak;601737960
ERZURUM;İSPİR;YUKARI ÖZBAĞ;BAĞLARBAŞI/3 SOKAK;sokak;187891560
ERZURUM;İSPİR;YUKARI ÖZBAĞ;GAZİLER KÜME EVLER;sokak;326201890
ERZURUM;İSPİR;YUKARI ÖZBAĞ;HASBAĞ KÜME EVLER;sokak;755086
ERZURUM;İSPİR;YUKARI ÖZBAĞ;HASBAĞ/1 SOKAK;sokak;786121731
ERZURUM;İSPİR;YUKARI ÖZBAĞ;MERKEZ KÜME EVLER;sokak;758800
ERZURUM;İSPİR;YUKARI ÖZBAĞ;MERKEZ/1 SOKAK;sokak;475597940
ERZURUM;İSPİR;YUKARI ÖZBAĞ;MERKEZ/2 SOKAK;sokak;355826261
ERZURUM;İSPİR;YUKARI ÖZBAĞ;YUKARI ÖZBAĞ CADDE;cadde;703388500
ERZURUM;İSPİR;YUNUSKÖY;YUNUSKÖY KÜME EVLER;sokak;338578
ERZURUM;İSPİR;ZEYREK;ZEYREK KÜME EVLER;sokak;643032
ERZURUM;KARAÇOBAN;AKKAVAK;AKKAVAK KÜME EVLER;sokak;523001
ERZURUM;KARAÇOBAN;AKKAVAK;ZÜBEYİR MEZRASI KÜME EVLER;sokak;635358840
ERZURUM;KARAÇOBAN;BAĞLAR;1 BAĞLAR SOKAK;sokak;748524
ERZURUM;KARAÇOBAN;BAĞLAR;1.ÇIKMAZ- SOKAK;sokak;266648
ERZURUM;KARAÇOBAN;BAĞLAR;10 SOKAK;sokak;266645
ERZURUM;KARAÇOBAN;BAĞLAR;11 SOKAK;sokak;748527
ERZURUM;KARAÇOBAN;BAĞLAR;12 SOKAK;sokak;748528
ERZURUM;KARAÇOBAN;BAĞLAR;13 SOKAK;sokak;266647
ERZURUM;KARAÇOBAN;BAĞLAR;14 SOKAK;sokak;748529
ERZURUM;KARAÇOBAN;BAĞLAR;15 SOKAK;sokak;748530
ERZURUM;KARAÇOBAN;BAĞLAR;16 SOKAK;sokak;748531
ERZURUM;KARAÇOBAN;BAĞLAR;17 SOKAK;sokak;748532
ERZURUM;KARAÇOBAN;BAĞLAR;2 SOKAK;sokak;266649
ERZURUM;KARAÇOBAN;BAĞLAR;2.ÇIKMAZ SOKAK;sokak;266640
ERZURUM;KARAÇOBAN;BAĞLAR;3 SOKAK;sokak;748525
ERZURUM;KARAÇOBAN;BAĞLAR;3.ÇIKMAZ SOKAK;sokak;266650
ERZURUM;KARAÇOBAN;BAĞLAR;4 SOKAK;sokak;266641
ERZURUM;KARAÇOBAN;BAĞLAR;4.ÇIKMAZ SOKAK;sokak;266651
ERZURUM;KARAÇOBAN;BAĞLAR;5 SOKAK;sokak;266642
ERZURUM;KARAÇOBAN;BAĞLAR;5.ÇIKMAZ SOKAK;sokak;748533
ERZURUM;KARAÇOBAN;BAĞLAR;6 SOKAK;sokak;748523
ERZURUM;KARAÇOBAN;BAĞLAR;6.ÇIKMAZ SOKAK;sokak;748534
ERZURUM;KARAÇOBAN;BAĞLAR;7 SOKAK;sokak;748526
ERZURUM;KARAÇOBAN;BAĞLAR;7.ÇIKMAZ SOKAK;sokak;748536
ERZURUM;KARAÇOBAN;BAĞLAR;8 SOKAK;sokak;266643
ERZURUM;KARAÇOBAN;BAĞLAR;8.ÇIKMAZ SOKAK;sokak;266652
ERZURUM;KARAÇOBAN;BAĞLAR;9.ÇIKMAZ SOKAK;sokak;266653
ERZURUM;KARAÇOBAN;BAĞLAR;ASRI MEZARLIK CADDE;cadde;742982
ERZURUM;KARAÇOBAN;BAĞLAR;BILINMEYEN 81 SOKAK;sokak;367049060
ERZURUM;KARAÇOBAN;BAĞLAR;BILINMEYEN 82 SOKAK;sokak;754401070
ERZURUM;KARAÇOBAN;BAĞLAR;BILINMEYEN64 SOKAK;sokak;435545341
ERZURUM;KARAÇOBAN;BAĞLAR;BILINMEYEN66 SOKAK;sokak;414234921
ERZURUM;KARAÇOBAN;BAĞLAR;BILINMEYEN69 SOKAK;sokak;429404290
ERZURUM;KARAÇOBAN;BAĞLAR;BILINMEYEN70 SOKAK;sokak;533182670
ERZURUM;KARAÇOBAN;BAĞLAR;BILINMEYEN71 SOKAK;sokak;642021791
ERZURUM;KARAÇOBAN;BAĞLAR;BILINMEYEN77 SOKAK;sokak;302689651
ERZURUM;KARAÇOBAN;BAĞLAR;BILINMEYEN79 SOKAK;sokak;395385661
ERZURUM;KARAÇOBAN;BAĞLAR;BILINMEYEN84 SOKAK;sokak;350659371
ERZURUM;KARAÇOBAN;BAĞLAR;BILINMEYEN85 SOKAK;sokak;828741320
ERZURUM;KARAÇOBAN;BAĞLAR;BILINMEYEN86 SOKAK;sokak;488070280
ERZURUM;KARAÇOBAN;BAĞLAR;BILINMEYEN87 SOKAK;sokak;631692540
ERZURUM;KARAÇOBAN;BAĞLAR;BILINMEYEN88 SOKAK;sokak;923295311
ERZURUM;KARAÇOBAN;BAĞLAR;BILINMEYEN89 SOKAK;sokak;431102950
ERZURUM;KARAÇOBAN;BAĞLAR;BİNPINAR KÜME EVLER;sokak;288683131
ERZURUM;KARAÇOBAN;BAĞLAR;BİNPINAR/1 CADDE;cadde;742981
ERZURUM;KARAÇOBAN;BAĞLAR;CUMHURİYET CADDE;cadde;373633
ERZURUM;KARAÇOBAN;BAĞLAR;CUMHURİYET2 SOKAK;sokak;904681090
ERZURUM;KARAÇOBAN;BAĞLAR;ÇEVRE SOKAK;sokak;295964671
ERZURUM;KARAÇOBAN;BAĞLAR;ÇEVREYOLU CADDE;cadde;757482
ERZURUM;KARAÇOBAN;BAĞLAR;DEDO KOMU KÜME EVLER;sokak;745827
ERZURUM;KARAÇOBAN;BAĞLAR;DEFNE SOKAK;sokak;249535310
ERZURUM;KARAÇOBAN;BAĞLAR;ERENLER CADDE;cadde;745824
ERZURUM;KARAÇOBAN;BAĞLAR;HAKKI PEHLİVAN CADDE;cadde;742983
ERZURUM;KARAÇOBAN;BAĞLAR;KAPLAN SOKAK;sokak;364936250
ERZURUM;KARAÇOBAN;BAĞLAR;KARÇIKAN YOLU SOKAK;sokak;315228
ERZURUM;KARAÇOBAN;BAĞLAR;MENEKŞE SOKAK;sokak;407080000
ERZURUM;KARAÇOBAN;BAĞLAR;OKUL YOLU SOKAK;sokak;757481
ERZURUM;KARAÇOBAN;BAĞLAR;TEBRİZ SOKAK;sokak;606199700
ERZURUM;KARAÇOBAN;BAĞLAR;TUZLA CADDE;cadde;301711
ERZURUM;KARAÇOBAN;BAĞLAR;VUSLAT SOKAK;sokak;677606861
ERZURUM;KARAÇOBAN;BAĞLAR;YILDIZ SOKAK;sokak;102376591
ERZURUM;KARAÇOBAN;BAĞLAR;YİBO 1 SOKAK;sokak;704456710
ERZURUM;KARAÇOBAN;BAĞLAR;YİBO 2 SOKAK;sokak;798992740
ERZURUM;KARAÇOBAN;BAĞLAR;YİBO 3 SOKAK;sokak;815319230
ERZURUM;KARAÇOBAN;BAĞLAR;YİBO CADDE;cadde;745825
ERZURUM;KARAÇOBAN;BAĞLAR;ZÜBEYİR MEZRASI KÜME EVLER;sokak;742984
ERZURUM;KARAÇOBAN;BAHÇELİ;50 SOKAK;sokak;138185
ERZURUM;KARAÇOBAN;BAHÇELİ;51 SOKAK;sokak;750639
ERZURUM;KARAÇOBAN;BAHÇELİ;52 SOKAK;sokak;138186
ERZURUM;KARAÇOBAN;BAHÇELİ;53 SOKAK;sokak;748090
ERZURUM;KARAÇOBAN;BAHÇELİ;54 SOKAK;sokak;748091
ERZURUM;KARAÇOBAN;BAHÇELİ;55 SOKAK;sokak;760178
ERZURUM;KARAÇOBAN;BAHÇELİ;56 SOKAK;sokak;448201
ERZURUM;KARAÇOBAN;BAHÇELİ;57 SOKAK;sokak;748092
ERZURUM;KARAÇOBAN;BAHÇELİ;58 SOKAK;sokak;448202
ERZURUM;KARAÇOBAN;BAHÇELİ;59 SOKAK;sokak;446958
ERZURUM;KARAÇOBAN;BAHÇELİ;60 SOKAK;sokak;448203
ERZURUM;KARAÇOBAN;BAHÇELİ;80.ÇIKMAZ SOKAK;sokak;448204
ERZURUM;KARAÇOBAN;BAHÇELİ;81.ÇIKMAZ SOKAK;sokak;448205
ERZURUM;KARAÇOBAN;BAHÇELİ;82.ÇIKMAZ SOKAK;sokak;748093
ERZURUM;KARAÇOBAN;BAHÇELİ;83.ÇIKMAZ SOKAK;sokak;446959
ERZURUM;KARAÇOBAN;BAHÇELİ;84.ÇIKMAZ SOKAK;sokak;446960
ERZURUM;KARAÇOBAN;BAHÇELİ;AÇELYA SOKAK;sokak;686601580
ERZURUM;KARAÇOBAN;BAHÇELİ;BILINMEYEN27 SOKAK;sokak;151271520
ERZURUM;KARAÇOBAN;BAHÇELİ;BILINMEYEN28 SOKAK;sokak;553912701
ERZURUM;KARAÇOBAN;BAHÇELİ;BILINMEYEN29 SOKAK;sokak;900132930
ERZURUM;KARAÇOBAN;BAHÇELİ;BILINMEYEN34 SOKAK;sokak;815223770
ERZURUM;KARAÇOBAN;BAHÇELİ;BILINMEYEN35 SOKAK;sokak;640613280
ERZURUM;KARAÇOBAN;BAHÇELİ;BILINMEYEN42 SOKAK;sokak;223190400
ERZURUM;KARAÇOBAN;BAHÇELİ;CUMHURİYET CADDE;cadde;93025
ERZURUM;KARAÇOBAN;BAHÇELİ;ÇEVREYOLU CADDE;cadde;448207
ERZURUM;KARAÇOBAN;BAHÇELİ;DERE CADDE;cadde;748089
ERZURUM;KARAÇOBAN;BAHÇELİ;ENSAR 1 SOKAK;sokak;741883431
ERZURUM;KARAÇOBAN;BAHÇELİ;ENSAR SOKAK;sokak;479939930
ERZURUM;KARAÇOBAN;BAHÇELİ;EZEL 1 SOKAK;sokak;641227401
ERZURUM;KARAÇOBAN;BAHÇELİ;EZEL SOKAK;sokak;668764421
ERZURUM;KARAÇOBAN;BAHÇELİ;FESLEĞEN SOKAK;sokak;223440711
ERZURUM;KARAÇOBAN;BAHÇELİ;İHLAS SOKAK;sokak;615439300
ERZURUM;KARAÇOBAN;BAHÇELİ;KADİFE SOKAK;sokak;468146120
ERZURUM;KARAÇOBAN;BAHÇELİ;KARANFİL SOKAK;sokak;677083881
ERZURUM;KARAÇOBAN;BAHÇELİ;KEVSER SOKAK;sokak;742589221
ERZURUM;KARAÇOBAN;BAHÇELİ;KIRIMKAYA YOLU SOKAK;sokak;751464
ERZURUM;KARAÇOBAN;BAHÇELİ;KIRIMKAYA YOLU1 SOKAK;sokak;659608580
ERZURUM;KARAÇOBAN;BAHÇELİ;MERGEŞİN CADDE;cadde;138184
ERZURUM;KARAÇOBAN;BAHÇELİ;NUSRET SOKAK;sokak;784152211
ERZURUM;KARAÇOBAN;BAHÇELİ;ORKİDE SOKAK;sokak;918386980
ERZURUM;KARAÇOBAN;BAHÇELİ;RIZGO KOMU KÜME EVLER;sokak;250058280
ERZURUM;KARAÇOBAN;BAHÇELİ;RIZGO KOMU/1 KÜME EVLER;sokak;448206
ERZURUM;KARAÇOBAN;BAHÇELİ;SAADET SOKAK;sokak;598431931
ERZURUM;KARAÇOBAN;BAHÇELİ;SARI YAYLA KÜME EVLER;sokak;249167850
ERZURUM;KARAÇOBAN;BAHÇELİ;SARIVELİ 1 SOKAK;sokak;177803390
ERZURUM;KARAÇOBAN;BAHÇELİ;SARIVELİ CADDE;cadde;748088
ERZURUM;KARAÇOBAN;BAHÇELİ;SEMA SOKAK;sokak;218732111
ERZURUM;KARAÇOBAN;BAHÇELİ;SEVDA SOKAK;sokak;750779661
ERZURUM;KARAÇOBAN;BAHÇELİ;SIRAT SOKAK;sokak;113931960
ERZURUM;KARAÇOBAN;BAHÇELİ;UMUT SOKAK;sokak;543374231
ERZURUM;KARAÇOBAN;BAHÇELİ;YENİYOL SOKAK;sokak;280632461
ERZURUM;KARAÇOBAN;BİNPINAR;BİNPINAR KÜME EVLER;sokak;540353
ERZURUM;KARAÇOBAN;BİNPINAR;BURNAZ KÜME EVLER;sokak;515585751
ERZURUM;KARAÇOBAN;BİNPINAR;KÖŞK KÜME EVLER;sokak;545679
ERZURUM;KARAÇOBAN;BOZYAR;BOZYAR 1 SOKAK;sokak;380390611
ERZURUM;KARAÇOBAN;BOZYAR;BOZYAR 2 SOKAK;sokak;875591260
ERZURUM;KARAÇOBAN;BOZYAR;BOZYAR SOKAK;sokak;530573
ERZURUM;KARAÇOBAN;BOZYAR;SEYRANTEPE SOKAK;sokak;542478
ERZURUM;KARAÇOBAN;BOZYAR;TUNGAL KÜME EVLER;sokak;533086
ERZURUM;KARAÇOBAN;BUDAKLI;KOLUMAKSUT KÜME EVLER;sokak;397433
ERZURUM;KARAÇOBAN;BUDAKLI;MERKEZ KÜME EVLER;sokak;562632
ERZURUM;KARAÇOBAN;BUDAKLI;ÜÇEVLER SOKAK;sokak;397440
ERZURUM;KARAÇOBAN;BUDAKLI;ZÜBEYİR MEZRASI KÜME EVLER;sokak;212598331
ERZURUM;KARAÇOBAN;BURNAZ;BURNAZ KÜME EVLER;sokak;262108
ERZURUM;KARAÇOBAN;BURNAZ;KARAKÖPRÜ B.M KÜME EVLER;sokak;191097841
ERZURUM;KARAÇOBAN;BURNAZ;KÖŞK KÜME EVLER;sokak;328264970
ERZURUM;KARAÇOBAN;BURNAZ;OVAYONCALI KÜME EVLER;sokak;163692410
ERZURUM;KARAÇOBAN;ÇATALGÜL;ÇATALGÜL KÜME EVLER;sokak;534566
ERZURUM;KARAÇOBAN;ÇATALGÜL;FETULLAH MEZRASI SOKAK;sokak;529150
ERZURUM;KARAÇOBAN;ÇATALGÜL;HACI NEZİR MEZRASI SOKAK;sokak;539028
ERZURUM;KARAÇOBAN;ÇATALGÜL;SALKIM MEZRASI KÜME EVLER;sokak;532265
ERZURUM;KARAÇOBAN;DEDEÖREN;DEDEÖREN KÜME EVLER;sokak;532061
ERZURUM;KARAÇOBAN;DEDEÖREN;OVAYONCALI KÜME EVLER;sokak;378860250
ERZURUM;KARAÇOBAN;DOĞANBEY;BILINMEYEN80 SOKAK;sokak;762747861
ERZURUM;KARAÇOBAN;DOĞANBEY;FAKİ ŞAKİR MEZRASI KÜME EVLER;sokak;307112
ERZURUM;KARAÇOBAN;DOĞANBEY;HATEM SOKAK;sokak;861187750
ERZURUM;KARAÇOBAN;DOĞANBEY;HURİ KOMU KÜME EVLER;sokak;265515
ERZURUM;KARAÇOBAN;DOĞANBEY;MERKEZ KARAÇOBAN KÜME EVLER;sokak;316598
ERZURUM;KARAÇOBAN;DUMAN;DUMAN KÜME EVLER;sokak;537259
ERZURUM;KARAÇOBAN;ERENLER;AKÇALI 1 SOKAK;sokak;355911140
ERZURUM;KARAÇOBAN;ERENLER;AKÇALI 2 SOKAK;sokak;741597810
ERZURUM;KARAÇOBAN;ERENLER;AKÇALI 3 SOKAK;sokak;820123600
ERZURUM;KARAÇOBAN;ERENLER;AKÇALI 4 SOKAK;sokak;484041980
ERZURUM;KARAÇOBAN;ERENLER;AKÇALI SOKAK;sokak;554331
ERZURUM;KARAÇOBAN;ERENLER;CİBRİL 1 SOKAK;sokak;228435851
ERZURUM;KARAÇOBAN;ERENLER;CİBRİL 2 SOKAK;sokak;193468240
ERZURUM;KARAÇOBAN;ERENLER;CİBRİL 3 SOKAK;sokak;414572191
ERZURUM;KARAÇOBAN;ERENLER;CİBRİL SOKAK;sokak;554334
ERZURUM;KARAÇOBAN;ERENLER;ERENLER MERKEZ KÜME EVLER;sokak;40641
ERZURUM;KARAÇOBAN;ERENLER;FEYZULLUH KOMU SOKAK;sokak;546501
ERZURUM;KARAÇOBAN;ERENLER;HACI AHMET KOMU SOKAK;sokak;546494
ERZURUM;KARAÇOBAN;ERENLER;HACI REŞİT KOMU SOKAK;sokak;533289
ERZURUM;KARAÇOBAN;ERENLER;HAMZA KOMU 1 SOKAK;sokak;626010421
ERZURUM;KARAÇOBAN;ERENLER;HAMZA KOMU 2 SOKAK;sokak;577484281
ERZURUM;KARAÇOBAN;ERENLER;HAMZA KOMU SOKAK;sokak;554328
ERZURUM;KARAÇOBAN;ERHANLAR;42 SOKAK;sokak;752762
ERZURUM;KARAÇOBAN;ERHANLAR;43 SOKAK;sokak;760227
ERZURUM;KARAÇOBAN;ERHANLAR;44 SOKAK;sokak;760228
ERZURUM;KARAÇOBAN;ERHANLAR;45 SOKAK;sokak;752763
ERZURUM;KARAÇOBAN;ERHANLAR;46 SOKAK;sokak;760229
ERZURUM;KARAÇOBAN;ERHANLAR;48 SOKAK;sokak;752764
ERZURUM;KARAÇOBAN;ERHANLAR;49 SOKAK;sokak;760231
ERZURUM;KARAÇOBAN;ERHANLAR;65.ÇIKMAZ SOKAK;sokak;448732300
ERZURUM;KARAÇOBAN;ERHANLAR;68.ÇIKMAZ SOKAK;sokak;760233
ERZURUM;KARAÇOBAN;ERHANLAR;71.ÇIKMAZ SOKAK;sokak;760234
ERZURUM;KARAÇOBAN;ERHANLAR;72.ÇIKMAZ SOKAK;sokak;760235
ERZURUM;KARAÇOBAN;ERHANLAR;74.ÇIKMAZ SOKAK;sokak;752773
ERZURUM;KARAÇOBAN;ERHANLAR;75.ÇIKMAZ SOKAK;sokak;752774
ERZURUM;KARAÇOBAN;ERHANLAR;76.ÇIKMAZ SOKAK;sokak;760236
ERZURUM;KARAÇOBAN;ERHANLAR;77.ÇIKMAZ SOKAK;sokak;752775
ERZURUM;KARAÇOBAN;ERHANLAR;AKASYA SOKAK;sokak;872027761
ERZURUM;KARAÇOBAN;ERHANLAR;AŞAĞI CADDE;cadde;132197381
ERZURUM;KARAÇOBAN;ERHANLAR;BERRAK SOKAK;sokak;149713291
ERZURUM;KARAÇOBAN;ERHANLAR;BILINMEYEN56 SOKAK;sokak;464060051
ERZURUM;KARAÇOBAN;ERHANLAR;BİLİNMEYEN63 SOKAK;sokak;473217080
ERZURUM;KARAÇOBAN;ERHANLAR;CUMHURİYET CADDE;cadde;42714
ERZURUM;KARAÇOBAN;ERHANLAR;FAKİ ŞEKİR KÜME EVLER;sokak;452246
ERZURUM;KARAÇOBAN;ERHANLAR;FINDIKLI KOMU-1 KÜME EVLER;sokak;752778
ERZURUM;KARAÇOBAN;ERHANLAR;FINDIKLI KOMU-2 KÜME EVLER;sokak;752779
ERZURUM;KARAÇOBAN;ERHANLAR;GELİNCİK SOKAK;sokak;908726151
ERZURUM;KARAÇOBAN;ERHANLAR;HAYRAT SOKAK;sokak;797169160
ERZURUM;KARAÇOBAN;ERHANLAR;İRFAN SOKAK;sokak;606918390
ERZURUM;KARAÇOBAN;ERHANLAR;KIRIMKAYA YOLU SOKAK;sokak;452244
ERZURUM;KARAÇOBAN;ERHANLAR;KURAN KURSU CADDE;cadde;752767
ERZURUM;KARAÇOBAN;ERHANLAR;KUŞKONMAZ SOKAK;sokak;843590410
ERZURUM;KARAÇOBAN;ERHANLAR;LALE SOKAK;sokak;288385971
ERZURUM;KARAÇOBAN;ERHANLAR;MALAZGİRT YOLU SOKAK;sokak;452245
ERZURUM;KARAÇOBAN;ERHANLAR;OKUL CADDE;cadde;752766
ERZURUM;KARAÇOBAN;ERHANLAR;PAPATYA SOKAK;sokak;106042050
ERZURUM;KARAÇOBAN;ERHANLAR;RIZGO KOMU/1 KÜME EVLER;sokak;545399110
ERZURUM;KARAÇOBAN;ERHANLAR;SAĞLIK CADDE;cadde;752765
ERZURUM;KARAÇOBAN;GÜNDÜZ;GÜNDÜZ/1 KÜME EVLER;sokak;536725
ERZURUM;KARAÇOBAN;GÜNDÜZ;İBO KOMU KÜME EVLER;sokak;547304
ERZURUM;KARAÇOBAN;HACILAR;10.ÇIKMAZ- SOKAK;sokak;753539
ERZURUM;KARAÇOBAN;HACILAR;11.ÇIKMAZ SOKAK;sokak;756112
ERZURUM;KARAÇOBAN;HACILAR;12.ÇIKMAZ SOKAK;sokak;753540
ERZURUM;KARAÇOBAN;HACILAR;13.ÇIKMAZ SOKAK;sokak;755926
ERZURUM;KARAÇOBAN;HACILAR;14.ÇIKMAZ SOKAK;sokak;185835
ERZURUM;KARAÇOBAN;HACILAR;15.ÇIKMAZ SOKAK;sokak;751168
ERZURUM;KARAÇOBAN;HACILAR;16.ÇIKMAZ SOKAK;sokak;755927
ERZURUM;KARAÇOBAN;HACILAR;17.ÇIKMAZ SOKAK;sokak;185836
ERZURUM;KARAÇOBAN;HACILAR;18 SOKAK;sokak;753528
ERZURUM;KARAÇOBAN;HACILAR;18.ÇIKMAZ SOKAK;sokak;755928
ERZURUM;KARAÇOBAN;HACILAR;19 SOKAK;sokak;753529
ERZURUM;KARAÇOBAN;HACILAR;19.ÇIKMAZ SOKAK;sokak;753541
ERZURUM;KARAÇOBAN;HACILAR;2.TUZLA CADDE;cadde;751167
ERZURUM;KARAÇOBAN;HACILAR;2.TUZLA/1 SOKAK;sokak;811060490
ERZURUM;KARAÇOBAN;HACILAR;20 SOKAK;sokak;753530
ERZURUM;KARAÇOBAN;HACILAR;20.ÇIKMAZ SOKAK;sokak;751169
ERZURUM;KARAÇOBAN;HACILAR;21 SOKAK;sokak;753531
ERZURUM;KARAÇOBAN;HACILAR;21.ÇIKMAZ SOKAK;sokak;753542
ERZURUM;KARAÇOBAN;HACILAR;22 SOKAK;sokak;755923
ERZURUM;KARAÇOBAN;HACILAR;22.ÇIKMAZ SOKAK;sokak;753543
ERZURUM;KARAÇOBAN;HACILAR;23 SOKAK;sokak;755924
ERZURUM;KARAÇOBAN;HACILAR;23.ÇIKMAZ SOKAK;sokak;753544
ERZURUM;KARAÇOBAN;HACILAR;24 SOKAK;sokak;753532
ERZURUM;KARAÇOBAN;HACILAR;24.ÇIKMAZ SOKAK;sokak;753545
ERZURUM;KARAÇOBAN;HACILAR;25 SOKAK;sokak;190048
ERZURUM;KARAÇOBAN;HACILAR;25.ÇIKMAZ SOKAK;sokak;756113
ERZURUM;KARAÇOBAN;HACILAR;26 SOKAK;sokak;755925
ERZURUM;KARAÇOBAN;HACILAR;26.ÇIKMAZ SOKAK;sokak;753546
ERZURUM;KARAÇOBAN;HACILAR;27 SOKAK;sokak;753536
ERZURUM;KARAÇOBAN;HACILAR;27. ÇIKMAZ SOKAK;sokak;753547
ERZURUM;KARAÇOBAN;HACILAR;28 SOKAK;sokak;753538
ERZURUM;KARAÇOBAN;HACILAR;28.ÇIKMAZ SOKAK;sokak;756114
ERZURUM;KARAÇOBAN;HACILAR;29 SOKAK;sokak;756111
ERZURUM;KARAÇOBAN;HACILAR;29.ÇIKMAZ SOKAK;sokak;753548
ERZURUM;KARAÇOBAN;HACILAR;3-TUZLA CADDE;cadde;823758821
ERZURUM;KARAÇOBAN;HACILAR;30 SOKAK;sokak;185834
ERZURUM;KARAÇOBAN;HACILAR;30.ÇIKMAZ SOKAK;sokak;753549
ERZURUM;KARAÇOBAN;HACILAR;31 SOKAK;sokak;866996
ERZURUM;KARAÇOBAN;HACILAR;31.ÇIKMAZ SOKAK;sokak;753550
ERZURUM;KARAÇOBAN;HACILAR;32. ÇIKMAZ SOKAK;sokak;185837
ERZURUM;KARAÇOBAN;HACILAR;33.ÇIKMAZ SOKAK;sokak;753551
ERZURUM;KARAÇOBAN;HACILAR;34.ÇIKMAZ SOKAK;sokak;753554
ERZURUM;KARAÇOBAN;HACILAR;35.ÇIKMAZ SOKAK;sokak;753555
ERZURUM;KARAÇOBAN;HACILAR;36.ÇIKMAZ SOKAK;sokak;755930
ERZURUM;KARAÇOBAN;HACILAR;37 SOKAK;sokak;330741700
ERZURUM;KARAÇOBAN;HACILAR;37.ÇIKMAZ SOKAK;sokak;185838
ERZURUM;KARAÇOBAN;HACILAR;38.ÇIKMAZ- SOKAK;sokak;753556
ERZURUM;KARAÇOBAN;HACILAR;39.ÇIKMAZ SOKAK;sokak;751170
ERZURUM;KARAÇOBAN;HACILAR;40 SOKAK;sokak;645395211
ERZURUM;KARAÇOBAN;HACILAR;40.ÇIKMAZ SOKAK;sokak;185839
ERZURUM;KARAÇOBAN;HACILAR;41.ÇIKMAZ SOKAK;sokak;185840
ERZURUM;KARAÇOBAN;HACILAR;43.ÇIKMAZ SOKAK;sokak;274125500
ERZURUM;KARAÇOBAN;HACILAR;BILINMEYEN105 SOKAK;sokak;820895900
ERZURUM;KARAÇOBAN;HACILAR;BILINMEYEN13 SOKAK;sokak;889517361
ERZURUM;KARAÇOBAN;HACILAR;BILINMEYEN14 CADDE;cadde;870893550
ERZURUM;KARAÇOBAN;HACILAR;BILINMEYEN15 CADDE;cadde;317268051
ERZURUM;KARAÇOBAN;HACILAR;BILINMEYEN17 SOKAK;sokak;907399051
ERZURUM;KARAÇOBAN;HACILAR;BILINMEYEN63 SOKAK;sokak;185497411
ERZURUM;KARAÇOBAN;HACILAR;BILINMEYEN73 SOKAK;sokak;751838550
ERZURUM;KARAÇOBAN;HACILAR;BILINMEYEN75 SOKAK;sokak;507441681
ERZURUM;KARAÇOBAN;HACILAR;BILINMEYEN77 SOKAK;sokak;302689650
ERZURUM;KARAÇOBAN;HACILAR;BILINMEYEN90 SOKAK;sokak;645988730
ERZURUM;KARAÇOBAN;HACILAR;BİLİNMEYEN55 SOKAK;sokak;918526651
ERZURUM;KARAÇOBAN;HACILAR;BİNPINAR/1 CADDE;cadde;190483
ERZURUM;KARAÇOBAN;HACILAR;CUMHURİYET CADDE;cadde;751116
ERZURUM;KARAÇOBAN;HACILAR;ÇEVREYOLU CADDE;cadde;758410
ERZURUM;KARAÇOBAN;HACILAR;ÇİĞDEM SOKAK;sokak;529836321
ERZURUM;KARAÇOBAN;HACILAR;DEFNE SOKAK;sokak;249535311
ERZURUM;KARAÇOBAN;HACILAR;ERENLER CADDE;cadde;190484
ERZURUM;KARAÇOBAN;HACILAR;GÜNDÜZ CADDE;cadde;753527
ERZURUM;KARAÇOBAN;HACILAR;GÜNDÜZ1 SOKAK;sokak;756552901
ERZURUM;KARAÇOBAN;HACILAR;HASTAHANE CADDE;cadde;755922
ERZURUM;KARAÇOBAN;HACILAR;HATEM SOKAK;sokak;355404671
ERZURUM;KARAÇOBAN;HACILAR;MANOLYA SOKAK;sokak;456479550
ERZURUM;KARAÇOBAN;HACILAR;NİMET SOKAK;sokak;335138541
ERZURUM;KARAÇOBAN;HACILAR;TUZLA CADDE;cadde;190481
ERZURUM;KARAÇOBAN;HACILAR;VELO KOMU-1 KÜME EVLER;sokak;758411
ERZURUM;KARAÇOBAN;HACILAR;VELO KOMU-2 KÜME EVLER;sokak;753341
ERZURUM;KARAÇOBAN;HACILAR;VELO KOMU-3 KÜME EVLER;sokak;753342
ERZURUM;KARAÇOBAN;HACILAR;VUSLAT SOKAK;sokak;654640340
ERZURUM;KARAÇOBAN;HACILAR;YASEMİN SOKAK;sokak;324793620
ERZURUM;KARAÇOBAN;HACILAR;ZÜBEYİR MEZRASI KÜME EVLER;sokak;212598330
ERZURUM;KARAÇOBAN;KARAGÖZ;KARAGÖZ KÜME EVLER;sokak;540712
ERZURUM;KARAÇOBAN;KARAKÖPRÜ;KARAKÖPRÜ B.M KÜME EVLER;sokak;531900
ERZURUM;KARAÇOBAN;KARAKÖPRÜ;KARMIŞ 5 SOKAK;sokak;373827281
ERZURUM;KARAÇOBAN;KARMIŞ;DEDEÖREN KÜME EVLER;sokak;203424650
ERZURUM;KARAÇOBAN;KARMIŞ;KARMIŞ 1 SOKAK;sokak;233181081
ERZURUM;KARAÇOBAN;KARMIŞ;KARMIŞ 2 SOKAK;sokak;107429220
ERZURUM;KARAÇOBAN;KARMIŞ;KARMIŞ 4 SOKAK;sokak;101680520
ERZURUM;KARAÇOBAN;KARMIŞ;KARMIŞ 5 SOKAK;sokak;373827280
ERZURUM;KARAÇOBAN;KARMIŞ;KARMIŞ SOKAK;sokak;94036
ERZURUM;KARAÇOBAN;KARMIŞ;KARMIŞ/7 SOKAK;sokak;881078181
ERZURUM;KARAÇOBAN;KAVAKLI;3-TUZLA CADDE;cadde;213285
ERZURUM;KARAÇOBAN;KAVAKLI;31 SOKAK;sokak;605055
ERZURUM;KARAÇOBAN;KAVAKLI;31_1 SOKAK;sokak;879860220
ERZURUM;KARAÇOBAN;KAVAKLI;32 SOKAK;sokak;605057
ERZURUM;KARAÇOBAN;KAVAKLI;33 SOKAK;sokak;748963
ERZURUM;KARAÇOBAN;KAVAKLI;34 SOKAK;sokak;754856
ERZURUM;KARAÇOBAN;KAVAKLI;35 SOKAK;sokak;605058
ERZURUM;KARAÇOBAN;KAVAKLI;36 SOKAK;sokak;748964
ERZURUM;KARAÇOBAN;KAVAKLI;37 SOKAK;sokak;213260
ERZURUM;KARAÇOBAN;KAVAKLI;38 SOKAK;sokak;213261
ERZURUM;KARAÇOBAN;KAVAKLI;38_1 SOKAK;sokak;100651000
ERZURUM;KARAÇOBAN;KAVAKLI;38_2 SOKAK;sokak;733959720
ERZURUM;KARAÇOBAN;KAVAKLI;38_3 SOKAK;sokak;390874400
ERZURUM;KARAÇOBAN;KAVAKLI;38_4 SOKAK;sokak;423853361
ERZURUM;KARAÇOBAN;KAVAKLI;38_5 SOKAK;sokak;649841150
ERZURUM;KARAÇOBAN;KAVAKLI;38_6 SOKAK;sokak;832253261
ERZURUM;KARAÇOBAN;KAVAKLI;38_7 SOKAK;sokak;423159371
ERZURUM;KARAÇOBAN;KAVAKLI;38_8 SOKAK;sokak;276525931
ERZURUM;KARAÇOBAN;KAVAKLI;38_9 SOKAK;sokak;754926600
ERZURUM;KARAÇOBAN;KAVAKLI;39 SOKAK;sokak;213262
ERZURUM;KARAÇOBAN;KAVAKLI;40 SOKAK;sokak;213263
ERZURUM;KARAÇOBAN;KAVAKLI;40_1 SOKAK;sokak;856329250
ERZURUM;KARAÇOBAN;KAVAKLI;41 SOKAK;sokak;754855
ERZURUM;KARAÇOBAN;KAVAKLI;42.ÇIKMAZ SOKAK;sokak;754857
ERZURUM;KARAÇOBAN;KAVAKLI;43.ÇIKMAZ SOKAK;sokak;754858
ERZURUM;KARAÇOBAN;KAVAKLI;44.ÇIKMAZ SOKAK;sokak;605065
ERZURUM;KARAÇOBAN;KAVAKLI;45.ÇIKMAZ SOKAK;sokak;754859
ERZURUM;KARAÇOBAN;KAVAKLI;46.ÇIKMAZ SOKAK;sokak;754860
ERZURUM;KARAÇOBAN;KAVAKLI;47. ÇIKMAZ SOKAK;sokak;754861
ERZURUM;KARAÇOBAN;KAVAKLI;48.ÇIKMAZ SOKAK;sokak;754862
ERZURUM;KARAÇOBAN;KAVAKLI;49.ÇIKMAZ SOKAK;sokak;213265
ERZURUM;KARAÇOBAN;KAVAKLI;50.ÇIKMAZ SOKAK;sokak;213266
ERZURUM;KARAÇOBAN;KAVAKLI;58.ÇIKMAZ SOKAK;sokak;748966
ERZURUM;KARAÇOBAN;KAVAKLI;59.ÇIKMAZ- SOKAK;sokak;748967
ERZURUM;KARAÇOBAN;KAVAKLI;60.ÇIKMAZ SOKAK;sokak;605067
ERZURUM;KARAÇOBAN;KAVAKLI;62.ÇIKMAZ SOKAK;sokak;748968
ERZURUM;KARAÇOBAN;KAVAKLI;63.ÇIKMAZ SOKAK;sokak;605069
ERZURUM;KARAÇOBAN;KAVAKLI;65.ÇIKMAZ SOKAK;sokak;748969
ERZURUM;KARAÇOBAN;KAVAKLI;AMED SOKAK;sokak;876982
ERZURUM;KARAÇOBAN;KAVAKLI;AŞAĞI CADDE;cadde;605090
ERZURUM;KARAÇOBAN;KAVAKLI;AŞAĞI1 SOKAK;sokak;740249770
ERZURUM;KARAÇOBAN;KAVAKLI;BILINMEYEN10 SOKAK;sokak;277639940
ERZURUM;KARAÇOBAN;KAVAKLI;BILINMEYEN19 SOKAK;sokak;938959511
ERZURUM;KARAÇOBAN;KAVAKLI;BILINMEYEN22 SOKAK;sokak;744199460
ERZURUM;KARAÇOBAN;KAVAKLI;BILINMEYEN23 SOKAK;sokak;903039911
ERZURUM;KARAÇOBAN;KAVAKLI;BILINMEYEN24 SOKAK;sokak;682429240
ERZURUM;KARAÇOBAN;KAVAKLI;BILINMEYEN25 SOKAK;sokak;414351081
ERZURUM;KARAÇOBAN;KAVAKLI;BILINMEYEN51 SOKAK;sokak;878134321
ERZURUM;KARAÇOBAN;KAVAKLI;BILINMEYEN52 SOKAK;sokak;924494461
ERZURUM;KARAÇOBAN;KAVAKLI;BILINMEYEN80 SOKAK;sokak;762747860
ERZURUM;KARAÇOBAN;KAVAKLI;BİLİNMEYEN4 CADDE;cadde;915346280
ERZURUM;KARAÇOBAN;KAVAKLI;BİLİNMEYEN55 SOKAK;sokak;918526650
ERZURUM;KARAÇOBAN;KAVAKLI;CUMHURİYET CADDE;cadde;605071
ERZURUM;KARAÇOBAN;KAVAKLI;ÇEVREYOLU CADDE;cadde;754738
ERZURUM;KARAÇOBAN;KAVAKLI;ÇINAR SOKAK;sokak;943461370
ERZURUM;KARAÇOBAN;KAVAKLI;DERE CADDE;cadde;754865
ERZURUM;KARAÇOBAN;KAVAKLI;GÜL SOKAK;sokak;347512300
ERZURUM;KARAÇOBAN;KAVAKLI;HASTAHANE CADDE;cadde;213271
ERZURUM;KARAÇOBAN;KAVAKLI;HATEM SOKAK;sokak;208967000
ERZURUM;KARAÇOBAN;KAVAKLI;KAVAKLI YENİ 1 SOKAK;sokak;225826050
ERZURUM;KARAÇOBAN;KAVAKLI;KURAN KURSU CADDE;cadde;213273
ERZURUM;KARAÇOBAN;KAVAKLI;KUŞKONMAZ SOKAK;sokak;843590411
ERZURUM;KARAÇOBAN;KAVAKLI;KUTU DERE CADDE;cadde;605072
ERZURUM;KARAÇOBAN;KAVAKLI;LEYLAK SOKAK;sokak;419747261
ERZURUM;KARAÇOBAN;KAVAKLI;REYHAN SOKAK;sokak;811935000
ERZURUM;KARAÇOBAN;KAVAKLI;YOKUŞ CADDE;cadde;754866
ERZURUM;KARAÇOBAN;KIRIMKAYA;BİZYA SOKAK;sokak;545508
ERZURUM;KARAÇOBAN;KIRIMKAYA;GÜZELBABA SOKAK;sokak;540051
ERZURUM;KARAÇOBAN;KIRIMKAYA;KIRIMKAYA MERKEZ KÜME EVLER;sokak;122231
ERZURUM;KARAÇOBAN;KOPAL;1 KÜME EVLER;sokak;42007
ERZURUM;KARAÇOBAN;KOPAL;1_1 KÜME EVLER;sokak;253589120
ERZURUM;KARAÇOBAN;KOPAL;1_2 KÜME EVLER;sokak;493007260
ERZURUM;KARAÇOBAN;KOPAL;AHMET KAPLAN CADDE;cadde;765245
ERZURUM;KARAÇOBAN;KOPAL;AHMET KAPLAN1 SOKAK;sokak;669160650
ERZURUM;KARAÇOBAN;KOPAL;AHMET KAPLAN2 SOKAK;sokak;861396721
ERZURUM;KARAÇOBAN;KOPAL;AHMET KAPLAN3 SOKAK;sokak;496799881
ERZURUM;KARAÇOBAN;KOPAL;AKARSU KÜME EVLER;sokak;42008
ERZURUM;KARAÇOBAN;KOPAL;BILINMEYEN1001 SOKAK;sokak;550273040
ERZURUM;KARAÇOBAN;KOPAL;BILINMEYEN1002 SOKAK;sokak;898532380
ERZURUM;KARAÇOBAN;KOPAL;BILINMEYEN102 SOKAK;sokak;464221841
ERZURUM;KARAÇOBAN;KOPAL;BILINMEYEN103 SOKAK;sokak;140419170
ERZURUM;KARAÇOBAN;KOPAL;GEDİK KÜME EVLER;sokak;444335220
ERZURUM;KARAÇOBAN;KOPAL;İMAM SOKAK;sokak;291483
ERZURUM;KARAÇOBAN;KOPAL;İMAM1 SOKAK;sokak;683204560
ERZURUM;KARAÇOBAN;KOPAL;İMAM2 SOKAK;sokak;567920540
ERZURUM;KARAÇOBAN;KOPAL;KARAÇOBAN YOLU CADDE;cadde;765244
ERZURUM;KARAÇOBAN;KOPAL;KARAÇOBAN YOLU1 SOKAK;sokak;377253971
ERZURUM;KARAÇOBAN;KOPAL;KARAÇOBAN YOLU2 SOKAK;sokak;498789941
ERZURUM;KARAÇOBAN;KOPAL;NECERAN KÜME EVLER;sokak;813404
ERZURUM;KARAÇOBAN;KOPAL;OKULLAR CADDE;cadde;291482
ERZURUM;KARAÇOBAN;KOPAL;OKULLAR1 SOKAK;sokak;421629901
ERZURUM;KARAÇOBAN;KOPAL;OKULLAR10 SOKAK;sokak;161548330
ERZURUM;KARAÇOBAN;KOPAL;OKULLAR11 SOKAK;sokak;215986440
ERZURUM;KARAÇOBAN;KOPAL;OKULLAR2 SOKAK;sokak;773330111
ERZURUM;KARAÇOBAN;KOPAL;OKULLAR3 SOKAK;sokak;177224480
ERZURUM;KARAÇOBAN;KOPAL;OKULLAR4 SOKAK;sokak;377357501
ERZURUM;KARAÇOBAN;KOPAL;OKULLAR5 SOKAK;sokak;795366781
ERZURUM;KARAÇOBAN;KOPAL;OKULLAR6 SOKAK;sokak;225181791
ERZURUM;KARAÇOBAN;KOPAL;OKULLAR7 SOKAK;sokak;432757671
ERZURUM;KARAÇOBAN;KOPAL;OKULLAR8 SOKAK;sokak;540859310
ERZURUM;KARAÇOBAN;KOPAL;OKULLAR9 SOKAK;sokak;374655720
ERZURUM;KARAÇOBAN;KOPAL;SAĞLIK/1 KÜME EVLER;sokak;765129
ERZURUM;KARAÇOBAN;KOPAL;ŞEVO YOLU KÜME EVLER;sokak;291394
ERZURUM;KARAÇOBAN;KUŞLUCA;KUŞLUCA KÜME EVLER;sokak;540163
ERZURUM;KARAÇOBAN;MARUF;MARUF KÜME EVLER;sokak;472416
ERZURUM;KARAÇOBAN;MOLLADAVUT;ALİŞEYH SOKAK;sokak;262107
ERZURUM;KARAÇOBAN;MOLLADAVUT;DUMAN KÜME EVLER;sokak;406726281
ERZURUM;KARAÇOBAN;MOLLADAVUT;GÜNEŞLİ SOKAK;sokak;269216
ERZURUM;KARAÇOBAN;MOLLADAVUT;MOLLADAVUT MERKEZ KÜME EVLER;sokak;550852
ERZURUM;KARAÇOBAN;MOLLADAVUT;SURENLER KÜME EVLER;sokak;271637
ERZURUM;KARAÇOBAN;OVAYONCALI;KARMIŞ 5 SOKAK;sokak;570750611
ERZURUM;KARAÇOBAN;OVAYONCALI;OVAYONCALI KÜME EVLER;sokak;452478
ERZURUM;KARAÇOBAN;SARIVELİ;1. KÜME EVLER;sokak;47824
ERZURUM;KARAÇOBAN;SARIVELİ;1/1 KÜME EVLER;sokak;460620710
ERZURUM;KARAÇOBAN;SARIVELİ;2/1 KÜME EVLER;sokak;41995
ERZURUM;KARAÇOBAN;SARIVELİ;3/1 KÜME EVLER;sokak;41997
ERZURUM;KARAÇOBAN;SARIVELİ;4/1 KÜME EVLER;sokak;374036
ERZURUM;KARAÇOBAN;SARIVELİ;5. KÜME EVLER;sokak;41998
ERZURUM;KARAÇOBAN;SARIVELİ;6. KÜME EVLER;sokak;41999
ERZURUM;KARAÇOBAN;SARIVELİ;60 SOKAK;sokak;367136670
ERZURUM;KARAÇOBAN;SARIVELİ;7. KÜME EVLER;sokak;374037
ERZURUM;KARAÇOBAN;SARIVELİ;8. KÜME EVLER;sokak;42000
ERZURUM;KARAÇOBAN;SARIVELİ;9. KÜME EVLER;sokak;42001
ERZURUM;KARAÇOBAN;SARIVELİ;ÇEVREYOLU CADDE;cadde;573873830
ERZURUM;KARAÇOBAN;SARIVELİ;KADİFE SOKAK;sokak;468146121
ERZURUM;KARAÇOBAN;SARIVELİ;SARI YAYLA KÜME EVLER;sokak;216662
ERZURUM;KARAÇOBAN;SEYHAN;1. KÜME EVLER;sokak;42002
ERZURUM;KARAÇOBAN;SEYHAN;2. KÜME EVLER;sokak;374038
ERZURUM;KARAÇOBAN;SEYHAN;3. KÜME EVLER;sokak;42003
ERZURUM;KARAÇOBAN;SEYHAN;4. KÜME EVLER;sokak;42004
ERZURUM;KARAYAZI;ABDURRAHMANKÖY;ABDURRAHMANKÖY KÜME EVLER;sokak;537369
ERZURUM;KARAYAZI;ABDURRAHMANKÖY;DARAGUT KÜME EVLER;sokak;565927
ERZURUM;KARAYAZI;AĞAÇLI;AĞAÇLI KÜME EVLER;sokak;567203
ERZURUM;KARAYAZI;AKARSU;AKARSU KÜME EVLER;sokak;517663
ERZURUM;KARAYAZI;AKARSU;AKDAĞ1 KÜME EVLER;sokak;57323248
ERZURUM;KARAYAZI;AKARSU;DIRBAZ KOMU KÜME EVLER;sokak;575079
ERZURUM;KARAYAZI;AKARSU;SELİM KOMU KÜME EVLER;sokak;517672
ERZURUM;KARAYAZI;AKARSU;UĞURLU KOMU- SOKAK;sokak;574962
ERZURUM;KARAYAZI;AKPINAR;AKPINAR KÜME EVLER;sokak;576843
ERZURUM;KARAYAZI;ALEMDAĞI;ALEMDAĞI KÜME EVLER;sokak;93517
ERZURUM;KARAYAZI;ALEMDAĞI;HALİT KOMU KÜME EVLER;sokak;582354
ERZURUM;KARAYAZI;ALEMDAĞI;MAHMUT KOMU KÜME EVLER;sokak;578046
ERZURUM;KARAYAZI;ALEMDAĞI;NAİL MEZRASI KÜME EVLER;sokak;93528
ERZURUM;KARAYAZI;ALEMDAĞI;ŞERİF KOMU KÜME EVLER;sokak;389813
ERZURUM;KARAYAZI;ALEMDAĞI;TAŞKESEN KOMU KÜME EVLER;sokak;587313
ERZURUM;KARAYAZI;ALEMDAĞI;YUSUF KOMU KÜME EVLER;sokak;579387
ERZURUM;KARAYAZI;ALİKÜLLEK;ALİKÜLLEK KÜME EVLER;sokak;580289
ERZURUM;KARAYAZI;ANITLI;ANITLI KÜME EVLER;sokak;134215
ERZURUM;KARAYAZI;AŞAĞIİNCESU;AŞAĞIİNCESU KÜME EVLER;sokak;573415
ERZURUM;KARAYAZI;AŞAĞISÖYLEMEZ;ABİŞ MEZRASI KÜME EVLER;sokak;566826
ERZURUM;KARAYAZI;AŞAĞISÖYLEMEZ;AŞAĞISÖYLEMEZ KÜME EVLER;sokak;567223
ERZURUM;KARAYAZI;AŞAĞISÖYLEMEZ;HANİK MEZRASI KÜME EVLER;sokak;564370
ERZURUM;KARAYAZI;AŞAĞISÖYLEMEZ;HÜSEYİN MEZRASI KÜME EVLER;sokak;574050
ERZURUM;KARAYAZI;AŞAĞISÖYLEMEZ;KAMİL KOMU KÜME EVLER;sokak;566791
ERZURUM;KARAYAZI;AŞAĞISÖYLEMEZ;OSMAN MEZRASI KÜME EVLER;sokak;569905
ERZURUM;KARAYAZI;AŞAĞISÖYLEMEZ;ZÜBEYİR MEZRASI KÜME EVLER;sokak;573837
ERZURUM;KARAYAZI;AYDINSU;AYDINSU KÜME EVLER;sokak;577949
ERZURUM;KARAYAZI;AYDINSU;GÜLTEPE KÜME EVLER;sokak;940500690
ERZURUM;KARAYAZI;AYDINSU;GÜLTEPE- SOKAK;sokak;571221
ERZURUM;KARAYAZI;BAYRAKTAR;1. ÇİMEN SOKAK;sokak;452671
ERZURUM;KARAYAZI;BAYRAKTAR;100. SOKAK;sokak;180396360
ERZURUM;KARAYAZI;BAYRAKTAR;101. SOKAK;sokak;919594030
ERZURUM;KARAYAZI;BAYRAKTAR;102. SOKAK;sokak;946977780
ERZURUM;KARAYAZI;BAYRAKTAR;103. SOKAK;sokak;185507310
ERZURUM;KARAYAZI;BAYRAKTAR;104. SOKAK;sokak;113970310
ERZURUM;KARAYAZI;BAYRAKTAR;105. SOKAK;sokak;738506530
ERZURUM;KARAYAZI;BAYRAKTAR;106. CADDE;cadde;953594280
ERZURUM;KARAYAZI;BAYRAKTAR;107. SOKAK;sokak;786140700
ERZURUM;KARAYAZI;BAYRAKTAR;108. SOKAK;sokak;710890560
ERZURUM;KARAYAZI;BAYRAKTAR;109. SOKAK;sokak;673691080
ERZURUM;KARAYAZI;BAYRAKTAR;110. SOKAK;sokak;362275510
ERZURUM;KARAYAZI;BAYRAKTAR;111. SOKAK;sokak;849120540
ERZURUM;KARAYAZI;BAYRAKTAR;112. SOKAK;sokak;245571670
ERZURUM;KARAYAZI;BAYRAKTAR;113. SOKAK;sokak;706224690
ERZURUM;KARAYAZI;BAYRAKTAR;114. SOKAK;sokak;213164500
ERZURUM;KARAYAZI;BAYRAKTAR;115. SOKAK;sokak;966929670
ERZURUM;KARAYAZI;BAYRAKTAR;116. SOKAK;sokak;898067800
ERZURUM;KARAYAZI;BAYRAKTAR;117. SOKAK;sokak;149980250
ERZURUM;KARAYAZI;BAYRAKTAR;118. SOKAK;sokak;518893430
ERZURUM;KARAYAZI;BAYRAKTAR;119. SOKAK;sokak;161268800
ERZURUM;KARAYAZI;BAYRAKTAR;120. SOKAK;sokak;685831860
ERZURUM;KARAYAZI;BAYRAKTAR;121. SOKAK;sokak;729098230
ERZURUM;KARAYAZI;BAYRAKTAR;122. SOKAK;sokak;961370210
ERZURUM;KARAYAZI;BAYRAKTAR;123. SOKAK;sokak;626328490
ERZURUM;KARAYAZI;BAYRAKTAR;127. SOKAK;sokak;164794610
ERZURUM;KARAYAZI;BAYRAKTAR;128. SOKAK;sokak;966418650
ERZURUM;KARAYAZI;BAYRAKTAR;129. SOKAK;sokak;795254400
ERZURUM;KARAYAZI;BAYRAKTAR;130. SOKAK;sokak;681477920
ERZURUM;KARAYAZI;BAYRAKTAR;131. CADDE;cadde;11672045
ERZURUM;KARAYAZI;BAYRAKTAR;132. SOKAK;sokak;192459500
ERZURUM;KARAYAZI;BAYRAKTAR;133. SOKAK;sokak;823393340
ERZURUM;KARAYAZI;BAYRAKTAR;134. SOKAK;sokak;453782390
ERZURUM;KARAYAZI;BAYRAKTAR;135. SOKAK;sokak;687834630
ERZURUM;KARAYAZI;BAYRAKTAR;137. CADDE;cadde;70735097
ERZURUM;KARAYAZI;BAYRAKTAR;138. SOKAK;sokak;753382510
ERZURUM;KARAYAZI;BAYRAKTAR;139. SOKAK;sokak;167954860
ERZURUM;KARAYAZI;BAYRAKTAR;141. SOKAK;sokak;848709300
ERZURUM;KARAYAZI;BAYRAKTAR;142. CADDE;cadde;30216410
ERZURUM;KARAYAZI;BAYRAKTAR;143. SOKAK;sokak;636508240
ERZURUM;KARAYAZI;BAYRAKTAR;144. SOKAK;sokak;145308510
ERZURUM;KARAYAZI;BAYRAKTAR;145. SOKAK;sokak;190668770
ERZURUM;KARAYAZI;BAYRAKTAR;146. SOKAK;sokak;144681280
ERZURUM;KARAYAZI;BAYRAKTAR;147. SOKAK;sokak;436470490
ERZURUM;KARAYAZI;BAYRAKTAR;148. SOKAK;sokak;265538420
ERZURUM;KARAYAZI;BAYRAKTAR;149. SOKAK;sokak;436350770
ERZURUM;KARAYAZI;BAYRAKTAR;150. SOKAK;sokak;592338090
ERZURUM;KARAYAZI;BAYRAKTAR;151. SOKAK;sokak;912532520
ERZURUM;KARAYAZI;BAYRAKTAR;152. SOKAK;sokak;49266323
ERZURUM;KARAYAZI;BAYRAKTAR;156. CADDE;cadde;56982283
ERZURUM;KARAYAZI;BAYRAKTAR;157. SOKAK;sokak;128824520
ERZURUM;KARAYAZI;BAYRAKTAR;158. SOKAK;sokak;380342520
ERZURUM;KARAYAZI;BAYRAKTAR;159. SOKAK;sokak;810577620
ERZURUM;KARAYAZI;BAYRAKTAR;160. SOKAK;sokak;30213433
ERZURUM;KARAYAZI;BAYRAKTAR;34. SOKAK;sokak;54733860
ERZURUM;KARAYAZI;BAYRAKTAR;46. CADDE;cadde;23811268
ERZURUM;KARAYAZI;BAYRAKTAR;63. CADDE;cadde;551321460
ERZURUM;KARAYAZI;BAYRAKTAR;64. SOKAK;sokak;763781160
ERZURUM;KARAYAZI;BAYRAKTAR;65. SOKAK;sokak;213346771
ERZURUM;KARAYAZI;BAYRAKTAR;66. SOKAK;sokak;409363040
ERZURUM;KARAYAZI;BAYRAKTAR;67. SOKAK;sokak;929297280
ERZURUM;KARAYAZI;BAYRAKTAR;68. SOKAK;sokak;301929671
ERZURUM;KARAYAZI;BAYRAKTAR;69. SOKAK;sokak;790673441
ERZURUM;KARAYAZI;BAYRAKTAR;70. SOKAK;sokak;425059410
ERZURUM;KARAYAZI;BAYRAKTAR;71. SOKAK;sokak;426922690
ERZURUM;KARAYAZI;BAYRAKTAR;72. SOKAK;sokak;859605571
ERZURUM;KARAYAZI;BAYRAKTAR;73. CADDE;cadde;479064660
ERZURUM;KARAYAZI;BAYRAKTAR;74. SOKAK;sokak;356257300
ERZURUM;KARAYAZI;BAYRAKTAR;75. SOKAK;sokak;553063280
ERZURUM;KARAYAZI;BAYRAKTAR;77. SOKAK;sokak;371807670
ERZURUM;KARAYAZI;BAYRAKTAR;78. SOKAK;sokak;522772820
ERZURUM;KARAYAZI;BAYRAKTAR;79. SOKAK;sokak;131140790
ERZURUM;KARAYAZI;BAYRAKTAR;80. SOKAK;sokak;702922220
ERZURUM;KARAYAZI;BAYRAKTAR;81. SOKAK;sokak;477021210
ERZURUM;KARAYAZI;BAYRAKTAR;82. SOKAK;sokak;696675170
ERZURUM;KARAYAZI;BAYRAKTAR;83. SOKAK;sokak;692490840
ERZURUM;KARAYAZI;BAYRAKTAR;84. SOKAK;sokak;645132370
ERZURUM;KARAYAZI;BAYRAKTAR;85. SOKAK;sokak;165151570
ERZURUM;KARAYAZI;BAYRAKTAR;86. SOKAK;sokak;730231940
ERZURUM;KARAYAZI;BAYRAKTAR;87. SOKAK;sokak;594918600
ERZURUM;KARAYAZI;BAYRAKTAR;88. SOKAK;sokak;751329440
ERZURUM;KARAYAZI;BAYRAKTAR;89. SOKAK;sokak;434164600
ERZURUM;KARAYAZI;BAYRAKTAR;90. SOKAK;sokak;671834590
ERZURUM;KARAYAZI;BAYRAKTAR;91. SOKAK;sokak;496160710
ERZURUM;KARAYAZI;BAYRAKTAR;92. SOKAK;sokak;751135300
ERZURUM;KARAYAZI;BAYRAKTAR;93. SOKAK;sokak;801957040
ERZURUM;KARAYAZI;BAYRAKTAR;94. SOKAK;sokak;117263870
ERZURUM;KARAYAZI;BAYRAKTAR;95. SOKAK;sokak;689873530
ERZURUM;KARAYAZI;BAYRAKTAR;96. SOKAK;sokak;798561420
ERZURUM;KARAYAZI;BAYRAKTAR;97. SOKAK;sokak;968208320
ERZURUM;KARAYAZI;BAYRAKTAR;98. SOKAK;sokak;965659810
ERZURUM;KARAYAZI;BAYRAKTAR;99. SOKAK;sokak;696201440
ERZURUM;KARAYAZI;BAYRAKTAR;CUMHURİYET CADDE;cadde;749792
ERZURUM;KARAYAZI;BAYRAKTAR;ÇABAKÇURLU SOKAK;sokak;749789
ERZURUM;KARAYAZI;BAYRAKTAR;ÇEVRE YOLU CADDE;cadde;770543360
ERZURUM;KARAYAZI;BAYRAKTAR;ÇİĞDEM SOKAK;sokak;452670
ERZURUM;KARAYAZI;BAYRAKTAR;ÇİMEN SOKAK;sokak;749791
ERZURUM;KARAYAZI;BAYRAKTAR;KÖYCEĞİZ KÜME EVLER;sokak;162860491
ERZURUM;KARAYAZI;BAYRAKTAR;OKULLAR CADDE;cadde;452673
ERZURUM;KARAYAZI;BAYRAKTAR;OVA CADDE;cadde;905157271
ERZURUM;KARAYAZI;BAYRAKTAR;SANCAKTAR CADDE;cadde;200106820
ERZURUM;KARAYAZI;BAYRAKTAR;TUTAK YOLU CADDE;cadde;452672
ERZURUM;KARAYAZI;BAYRAKTAR;YOL217 SOKAK;sokak;966930310
ERZURUM;KARAYAZI;BAYRAKTAR;YÜCELİK YOLU CADDE;cadde;749790
ERZURUM;KARAYAZI;BEZİRHANE;BEZİRHANE KÜME EVLER;sokak;293119
ERZURUM;KARAYAZI;BEZİRHANE;GÜZTEPE KÜME EVLER;sokak;559481
ERZURUM;KARAYAZI;ÇAKMAKÖZÜ;ÇAKMAKÖZÜ KÜME EVLER;sokak;563371
ERZURUM;KARAYAZI;ÇALIŞKAN;ÇALIŞKAN KÜME EVLER;sokak;295785
ERZURUM;KARAYAZI;ÇALTILI;ÇALTILI KÜME EVLER;sokak;560337
ERZURUM;KARAYAZI;ÇATALÖREN;ÇATALÖREN KÜME EVLER;sokak;90951
ERZURUM;KARAYAZI;ÇAVUŞKÖY;ÇAVUŞ GÜLLÜ KÜME EVLER;sokak;70981
ERZURUM;KARAYAZI;ÇAVUŞKÖY;ÇAVUŞKÖY KÜME EVLER;sokak;460739
ERZURUM;KARAYAZI;ÇAYIRBEYLİ;ÇAYIRBEYLİ KÜME EVLER;sokak;319557
ERZURUM;KARAYAZI;ÇELİKLİ;ÇELİKLİ KÜME EVLER;sokak;259287
ERZURUM;KARAYAZI;ÇEPİ;ÇEPİ KÜME EVLER;sokak;90925
ERZURUM;KARAYAZI;ÇEPİ;GOLAN MEZRASI KÜME EVLER;sokak;652933001
ERZURUM;KARAYAZI;DEĞİRMENKAYA;DEĞİRMENKAYA KÜME EVLER;sokak;132619
ERZURUM;KARAYAZI;DEĞİRMENKAYA;KEJO KOMU KÜME EVLER;sokak;582351
ERZURUM;KARAYAZI;DORUCA;DORUCA KÜME EVLER;sokak;572554
ERZURUM;KARAYAZI;DÖRTPINAR;DÖRTPINAR KÜME EVLER;sokak;387939
ERZURUM;KARAYAZI;DURUCA;DURUCA KÜME EVLER;sokak;453106
ERZURUM;KARAYAZI;DÜNDAR;DÜNDAR KÜME EVLER;sokak;581166
ERZURUM;KARAYAZI;DÜNDAR;DÜZCE KOMU KÜME EVLER;sokak;588451
ERZURUM;KARAYAZI;DÜNDAR;İBO KÜME EVLER;sokak;582349
ERZURUM;KARAYAZI;ELMAAĞAÇ;AĞAÇ KÜME EVLER;sokak;42017
ERZURUM;KARAYAZI;ELMAAĞAÇ;GOLAN MEZRASI KÜME EVLER;sokak;374044
ERZURUM;KARAYAZI;ELMAAĞAÇ;GÜLTEPE MEZRASI KÜME EVLER;sokak;42019
ERZURUM;KARAYAZI;GEVENTEPE;GEVENTEPE KÜME EVLER;sokak;572555
ERZURUM;KARAYAZI;GÖKSU;AŞAĞI DENGİZ KÜME EVLER;sokak;85286
ERZURUM;KARAYAZI;GÖKSU;GÖKSÜ B.M KÜME EVLER;sokak;537626
ERZURUM;KARAYAZI;GÖKSU;OLGUNLAR KÜME EVLER;sokak;302749
ERZURUM;KARAYAZI;GÖKSU;YUKARI DENGİZ KÜME EVLER;sokak;85290
ERZURUM;KARAYAZI;GÖKTEPE;GÖKTEPE KÜME EVLER;sokak;572586
ERZURUM;KARAYAZI;GÜLLÜ;ÇETİ KÜME EVLER;sokak;588452
ERZURUM;KARAYAZI;GÜLLÜ;GÜLLÜ KÜME EVLER;sokak;582350
ERZURUM;KARAYAZI;HACIBAYRAM;HACIBAYRAM KÜME EVLER;sokak;556223
ERZURUM;KARAYAZI;HASANOVA;ALTINTAHT MEZRASI KÜME EVLER;sokak;565081
ERZURUM;KARAYAZI;HASANOVA;HASANOVA KÜME EVLER;sokak;566734
ERZURUM;KARAYAZI;KAPANLI;KAPANLI KÜME EVLER;sokak;558694
ERZURUM;KARAYAZI;KAPANLI;ŞEYH HASAN KOMU KÜME EVLER;sokak;554738
ERZURUM;KARAYAZI;KARAAĞIL;KARAAĞIL KÜME EVLER;sokak;565459
ERZURUM;KARAYAZI;KARABEY;GEGE MEZRASI KÜME EVLER;sokak;575300
ERZURUM;KARAYAZI;KARABEY;KARABEY KÜME EVLER;sokak;87308
ERZURUM;KARAYAZI;KARAKALE;ELDİK MEZRASI KÜME EVLER;sokak;40501
ERZURUM;KARAYAZI;KARAKALE;HACI HAKKI MEZRASI KÜME EVLER;sokak;575576
ERZURUM;KARAYAZI;KARAKALE;KARAKALE KÜME EVLER;sokak;85829
ERZURUM;KARAYAZI;KARAKALE;YUKARIÇIĞILGAN KÜME EVLER;sokak;166213771
ERZURUM;KARAYAZI;KARAKAYA;A.DİLEDİZ MEZRASI KÜME EVLER;sokak;561034
ERZURUM;KARAYAZI;KARAKAYA;A.SİNİ MEZRASI KÜME EVLER;sokak;566764
ERZURUM;KARAYAZI;KARAKAYA;KARAKAYA KÜME EVLER;sokak;565923
ERZURUM;KARAYAZI;KARAKAYA;Y.SİNİ MEZRASI KÜME EVLER;sokak;566721
ERZURUM;KARAYAZI;KARASU;BUDAK MEZRASI KÜME EVLER;sokak;565022
ERZURUM;KARAYAZI;KARASU;KARASU KÜME EVLER;sokak;562758
ERZURUM;KARAYAZI;KARASU;KIRGINDERE KÜME EVLER;sokak;296279080
ERZURUM;KARAYAZI;KARŞIYAKA;YAKA KÜME EVLER;sokak;213520
ERZURUM;KARAYAZI;KAYALAR;KAYALAR KÜME EVLER;sokak;89022
ERZURUM;KARAYAZI;KAZBEL;KAŞ MEZRASI KÜME EVLER;sokak;580494
ERZURUM;KARAYAZI;KAZBEL;KAZBEL KÜME EVLER;sokak;572153
ERZURUM;KARAYAZI;KIRGINDERE;HAŞİM MEZRASI SOKAK;sokak;572298
ERZURUM;KARAYAZI;KIRGINDERE;KIRGINDERE KÜME EVLER;sokak;569539
ERZURUM;KARAYAZI;KIRGINDERE;TECO MEZRASI KÜME EVLER;sokak;569562
ERZURUM;KARAYAZI;KIRKPINAR;KIRIKPINAR KÜME EVLER;sokak;573562
ERZURUM;KARAYAZI;KÖSEHASAN;ABDO AĞA MEZRASI KÜME EVLER;sokak;319395
ERZURUM;KARAYAZI;KÖSEHASAN;ESENLER MEZRASI KÜME EVLER;sokak;326649
ERZURUM;KARAYAZI;KÖSEHASAN;GÜRCO MEZRASI KÜME EVLER;sokak;545581
ERZURUM;KARAYAZI;KÖSEHASAN;KÖSEHASAN KÜME EVLER;sokak;555735
ERZURUM;KARAYAZI;KÖYCEĞİZ;KIRNAK KÜME EVLER;sokak;550251
ERZURUM;KARAYAZI;KÖYCEĞİZ;KÖYCEĞİZ KÜME EVLER;sokak;378085
ERZURUM;KARAYAZI;KURUPINAR;KURUPINAR KÜME EVLER;sokak;563580
ERZURUM;KARAYAZI;MOLLA OSMAN;MOLLA OSMAN B.M KÜME EVLER;sokak;553917
ERZURUM;KARAYAZI;MOLLABEKİR;MOLLABEKİR KÜME EVLER;sokak;85902
ERZURUM;KARAYAZI;MURATLI;MURATLI KÜME EVLER;sokak;560883
ERZURUM;KARAYAZI;PAYVEREN;KAVAK KÜME EVLER;sokak;575296
ERZURUM;KARAYAZI;PAYVEREN;MAHMUT KÜME EVLER;sokak;383167
ERZURUM;KARAYAZI;PAYVEREN;PAYVEREN KÜME EVLER;sokak;565877
ERZURUM;KARAYAZI;SALYAMAÇ;BAHTİYAR KÜME EVLER;sokak;260131
ERZURUM;KARAYAZI;SALYAMAÇ;POLAT KÜME EVLER;sokak;265195
ERZURUM;KARAYAZI;SALYAMAÇ;SALYAMAÇ KÜME EVLER;sokak;330639
ERZURUM;KARAYAZI;SALYAMAÇ;YUKARI İNCESU KÜME EVLER;sokak;265159
ERZURUM;KARAYAZI;SANCAKTAR;MAKSUT KÜME EVLER;sokak;553911
ERZURUM;KARAYAZI;SANCAKTAR;SANCAKTAR1 KÜME EVLER;sokak;552182
ERZURUM;KARAYAZI;SARIÇİÇEK;SARIÇİÇEK KÜME EVLER;sokak;117965
ERZURUM;KARAYAZI;SELENLİ;SELENLİ KÜME EVLER;sokak;543831
ERZURUM;KARAYAZI;SUKONAK;SUKONAK KÜME EVLER;sokak;262620
ERZURUM;KARAYAZI;SULUTAŞ;SULUTAŞ KÜME EVLER;sokak;265172
ERZURUM;KARAYAZI;ŞAKİRKÖY;ÇİÇEK KÜME EVLER;sokak;545317
ERZURUM;KARAYAZI;ŞAKİRKÖY;ÇORAPKAÇIRAN KÜME EVLER;sokak;79374435
ERZURUM;KARAYAZI;ŞAKİRKÖY;HAYDAR KÜME EVLER;sokak;547853
ERZURUM;KARAYAZI;ŞAKİRKÖY;ŞAKİRKÖY KÜME EVLER;sokak;548661
ERZURUM;KARAYAZI;ŞAKİRKÖY;YEKMAL KÜME EVLER;sokak;543996
ERZURUM;KARAYAZI;TAŞAN;NİMET KOMU KÜME EVLER;sokak;555181
ERZURUM;KARAYAZI;TAŞAN;TAŞAN KÜME EVLER;sokak;546116
ERZURUM;KARAYAZI;TOSUNLU;KAVAK MEZRASI KÜME EVLER;sokak;563182
ERZURUM;KARAYAZI;TOSUNLU;TOSUNLU KÜME EVLER;sokak;555194
ERZURUM;KARAYAZI;TOSUNLU;YUSUFELİ MEZRASI KÜME EVLER;sokak;90050
ERZURUM;KARAYAZI;TURNAGÖL;ÇİÇEKLİ MEZRASI KÜME EVLER;sokak;559509
ERZURUM;KARAYAZI;TURNAGÖL;GÜCÜR MEZRASI KÜME EVLER;sokak;559502
ERZURUM;KARAYAZI;TURNAGÖL;GÜLLİÇİMEN MEZRASI KÜME EVLER;sokak;565414
ERZURUM;KARAYAZI;TURNAGÖL;TURNAGÖL KÜME EVLER;sokak;390486
ERZURUM;KARAYAZI;UĞURDALI;UĞURDALI KÜME EVLER;sokak;568497
ERZURUM;KARAYAZI;ULUCANLAR;HACI EMİN KOMU KÜME EVLER;sokak;573408
ERZURUM;KARAYAZI;ULUCANLAR;HAYDAR KOMU KÜME EVLER;sokak;573410
ERZURUM;KARAYAZI;ULUCANLAR;MAKSİ MEZRASI KÜME EVLER;sokak;577631
ERZURUM;KARAYAZI;ULUCANLAR;ULUCANLAR KÜME EVLER;sokak;567641
ERZURUM;KARAYAZI;ÜZENGİLİ;ÜZENGİLİ KÜME EVLER;sokak;577906
ERZURUM;KARAYAZI;YAHYAKÖY;EFENDİ YAVUZ KÜME EVLER;sokak;315047
ERZURUM;KARAYAZI;YAHYAKÖY;YAHYAKÖY KÜME EVLER;sokak;83018
ERZURUM;KARAYAZI;YALINDAL;NARLIDERE KÜME EVLER;sokak;854181760
ERZURUM;KARAYAZI;YALINDAL;YALINDAL KÜME EVLER;sokak;555321
ERZURUM;KARAYAZI;YENİ;1. CADDE;cadde;368707641
ERZURUM;KARAYAZI;YENİ;1. ÇEŞME SOKAK;sokak;549160440
ERZURUM;KARAYAZI;YENİ;1. KARDELEN SOKAK;sokak;585274821
ERZURUM;KARAYAZI;YENİ;1. NAMIK SOKAK;sokak;485820921
ERZURUM;KARAYAZI;YENİ;10. CADDE;cadde;159776140
ERZURUM;KARAYAZI;YENİ;11. SOKAK;sokak;438087320
ERZURUM;KARAYAZI;YENİ;12. SOKAK;sokak;549447720
ERZURUM;KARAYAZI;YENİ;124. SOKAK;sokak;594078820
ERZURUM;KARAYAZI;YENİ;125. SOKAK;sokak;537000430
ERZURUM;KARAYAZI;YENİ;13. SOKAK;sokak;402629330
ERZURUM;KARAYAZI;YENİ;131. CADDE;cadde;921487170
ERZURUM;KARAYAZI;YENİ;136. SOKAK;sokak;577488730
ERZURUM;KARAYAZI;YENİ;137. CADDE;cadde;509813801
ERZURUM;KARAYAZI;YENİ;14. SOKAK;sokak;220166530
ERZURUM;KARAYAZI;YENİ;140. CADDE;cadde;786586970
ERZURUM;KARAYAZI;YENİ;142. CADDE;cadde;560450730
ERZURUM;KARAYAZI;YENİ;15. SOKAK;sokak;126774641
ERZURUM;KARAYAZI;YENİ;152. SOKAK;sokak;579056140
ERZURUM;KARAYAZI;YENİ;153. SOKAK;sokak;431594900
ERZURUM;KARAYAZI;YENİ;154. SOKAK;sokak;513687020
ERZURUM;KARAYAZI;YENİ;155. SOKAK;sokak;992684680
ERZURUM;KARAYAZI;YENİ;156. CADDE;cadde;529539240
ERZURUM;KARAYAZI;YENİ;16. SOKAK;sokak;714164241
ERZURUM;KARAYAZI;YENİ;160. SOKAK;sokak;179867460
ERZURUM;KARAYAZI;YENİ;161. CADDE;cadde;887306270
ERZURUM;KARAYAZI;YENİ;162. SOKAK;sokak;613358401
ERZURUM;KARAYAZI;YENİ;163. SOKAK;sokak;724789691
ERZURUM;KARAYAZI;YENİ;164. SOKAK;sokak;865599031
ERZURUM;KARAYAZI;YENİ;165. SOKAK;sokak;380817330
ERZURUM;KARAYAZI;YENİ;166. SOKAK;sokak;806350220
ERZURUM;KARAYAZI;YENİ;167. SOKAK;sokak;955282950
ERZURUM;KARAYAZI;YENİ;168. SOKAK;sokak;427534340
ERZURUM;KARAYAZI;YENİ;169. SOKAK;sokak;966090860
ERZURUM;KARAYAZI;YENİ;17. SOKAK;sokak;193233360
ERZURUM;KARAYAZI;YENİ;170. SOKAK;sokak;942694120
ERZURUM;KARAYAZI;YENİ;171. CADDE;cadde;908436080
ERZURUM;KARAYAZI;YENİ;172. SOKAK;sokak;897523150
ERZURUM;KARAYAZI;YENİ;173. SOKAK;sokak;687737460
ERZURUM;KARAYAZI;YENİ;174. SOKAK;sokak;441893140
ERZURUM;KARAYAZI;YENİ;175. SOKAK;sokak;468941350
ERZURUM;KARAYAZI;YENİ;176. SOKAK;sokak;189996720
ERZURUM;KARAYAZI;YENİ;177. SOKAK;sokak;974056410
ERZURUM;KARAYAZI;YENİ;179. SOKAK;sokak;570866700
ERZURUM;KARAYAZI;YENİ;18 MART CADDE;cadde;752461
ERZURUM;KARAYAZI;YENİ;18. SOKAK;sokak;246083580
ERZURUM;KARAYAZI;YENİ;180. SOKAK;sokak;850998280
ERZURUM;KARAYAZI;YENİ;181. SOKAK;sokak;361661480
ERZURUM;KARAYAZI;YENİ;182. SOKAK;sokak;175549240
ERZURUM;KARAYAZI;YENİ;183. SOKAK;sokak;701455110
ERZURUM;KARAYAZI;YENİ;184. SOKAK;sokak;833613520
ERZURUM;KARAYAZI;YENİ;185. SOKAK;sokak;362432850
ERZURUM;KARAYAZI;YENİ;186. SOKAK;sokak;327347820
ERZURUM;KARAYAZI;YENİ;187. SOKAK;sokak;544564470
ERZURUM;KARAYAZI;YENİ;188. SOKAK;sokak;122687440
ERZURUM;KARAYAZI;YENİ;189. SOKAK;sokak;228786800
ERZURUM;KARAYAZI;YENİ;19. SOKAK;sokak;495364850
ERZURUM;KARAYAZI;YENİ;190. SOKAK;sokak;772517340
ERZURUM;KARAYAZI;YENİ;191. SOKAK;sokak;177378670
ERZURUM;KARAYAZI;YENİ;192. SOKAK;sokak;142293480
ERZURUM;KARAYAZI;YENİ;193. SOKAK;sokak;638460910
ERZURUM;KARAYAZI;YENİ;194. SOKAK;sokak;706653770
ERZURUM;KARAYAZI;YENİ;2. CADDE;cadde;868069571
ERZURUM;KARAYAZI;YENİ;2. KARDELEN SOKAK;sokak;317025091
ERZURUM;KARAYAZI;YENİ;20. SOKAK;sokak;116319341
ERZURUM;KARAYAZI;YENİ;21. SOKAK;sokak;555221890
ERZURUM;KARAYAZI;YENİ;22. SOKAK;sokak;591189271
ERZURUM;KARAYAZI;YENİ;23. SOKAK;sokak;734879930
ERZURUM;KARAYAZI;YENİ;24. SOKAK;sokak;770962790
ERZURUM;KARAYAZI;YENİ;26. SOKAK;sokak;386222050
ERZURUM;KARAYAZI;YENİ;27. SOKAK;sokak;466162230
ERZURUM;KARAYAZI;YENİ;28. SOKAK;sokak;674039980
ERZURUM;KARAYAZI;YENİ;29. SOKAK;sokak;709312090
ERZURUM;KARAYAZI;YENİ;3. CADDE;cadde;694774610
ERZURUM;KARAYAZI;YENİ;30. SOKAK;sokak;975706670
ERZURUM;KARAYAZI;YENİ;31. SOKAK;sokak;713834340
ERZURUM;KARAYAZI;YENİ;32. SOKAK;sokak;414273110
ERZURUM;KARAYAZI;YENİ;33. SOKAK;sokak;789717930
ERZURUM;KARAYAZI;YENİ;34. SOKAK;sokak;449973851
ERZURUM;KARAYAZI;YENİ;35. SOKAK;sokak;249899490
ERZURUM;KARAYAZI;YENİ;36. SOKAK;sokak;310520380
ERZURUM;KARAYAZI;YENİ;37. SOKAK;sokak;235454450
ERZURUM;KARAYAZI;YENİ;38. SOKAK;sokak;943472181
ERZURUM;KARAYAZI;YENİ;39. SOKAK;sokak;952186240
ERZURUM;KARAYAZI;YENİ;4. SOKAK;sokak;948809860
ERZURUM;KARAYAZI;YENİ;40. SOKAK;sokak;337255400
ERZURUM;KARAYAZI;YENİ;41. SOKAK;sokak;119824930
ERZURUM;KARAYAZI;YENİ;42. SOKAK;sokak;704121840
ERZURUM;KARAYAZI;YENİ;43. SOKAK;sokak;762506790
ERZURUM;KARAYAZI;YENİ;44. SOKAK;sokak;120458030
ERZURUM;KARAYAZI;YENİ;45. SOKAK;sokak;596571970
ERZURUM;KARAYAZI;YENİ;46. CADDE;cadde;568837700
ERZURUM;KARAYAZI;YENİ;47. SOKAK;sokak;937684300
ERZURUM;KARAYAZI;YENİ;48. SOKAK;sokak;884032250
ERZURUM;KARAYAZI;YENİ;49. SOKAK;sokak;171039610
ERZURUM;KARAYAZI;YENİ;5. SOKAK;sokak;706140780
ERZURUM;KARAYAZI;YENİ;50. SOKAK;sokak;199039540
ERZURUM;KARAYAZI;YENİ;51. SOKAK;sokak;669189210
ERZURUM;KARAYAZI;YENİ;52. SOKAK;sokak;894899590
ERZURUM;KARAYAZI;YENİ;53. SOKAK;sokak;960191040
ERZURUM;KARAYAZI;YENİ;54. SOKAK;sokak;133458970
ERZURUM;KARAYAZI;YENİ;55. SOKAK;sokak;759540650
ERZURUM;KARAYAZI;YENİ;56. SOKAK;sokak;596120100
ERZURUM;KARAYAZI;YENİ;57. SOKAK;sokak;657289820
ERZURUM;KARAYAZI;YENİ;58. SOKAK;sokak;988250520
ERZURUM;KARAYAZI;YENİ;59. SOKAK;sokak;388109820
ERZURUM;KARAYAZI;YENİ;6. SOKAK;sokak;306408660
ERZURUM;KARAYAZI;YENİ;60. SOKAK;sokak;948456820
ERZURUM;KARAYAZI;YENİ;61. SOKAK;sokak;884465050
ERZURUM;KARAYAZI;YENİ;62. SOKAK;sokak;897721490
ERZURUM;KARAYAZI;YENİ;7. SOKAK;sokak;498079360
ERZURUM;KARAYAZI;YENİ;8. SOKAK;sokak;401732130
ERZURUM;KARAYAZI;YENİ;9. SOKAK;sokak;303764120
ERZURUM;KARAYAZI;YENİ;AKTUR SOKAK;sokak;754740
ERZURUM;KARAYAZI;YENİ;BAHAR SOKAK;sokak;448190
ERZURUM;KARAYAZI;YENİ;BATUR SOKAK;sokak;749785
ERZURUM;KARAYAZI;YENİ;BERFİN SOKAK;sokak;291699
ERZURUM;KARAYAZI;YENİ;CUMHURİYET CADDE;cadde;755216
ERZURUM;KARAYAZI;YENİ;ÇAKMAK SOKAK;sokak;754745
ERZURUM;KARAYAZI;YENİ;ÇEŞME SOKAK;sokak;752049
ERZURUM;KARAYAZI;YENİ;ÇEVRE YOLU CADDE;cadde;770543361
ERZURUM;KARAYAZI;YENİ;DAR SOKAK;sokak;752453
ERZURUM;KARAYAZI;YENİ;EVREN SOKAK;sokak;754746
ERZURUM;KARAYAZI;YENİ;GÖKSU YOLU CADDE;cadde;760991
ERZURUM;KARAYAZI;YENİ;GÜRSEL SOKAK;sokak;752050
ERZURUM;KARAYAZI;YENİ;HAMAM SOKAK;sokak;749774
ERZURUM;KARAYAZI;YENİ;HASTANE ÜSTÜ EVLERİ SOKAK;sokak;752458
ERZURUM;KARAYAZI;YENİ;İŞHANI SOKAK;sokak;757718
ERZURUM;KARAYAZI;YENİ;KARDELEN SOKAK;sokak;626956631
ERZURUM;KARAYAZI;YENİ;KAVAKLI SOKAK;sokak;291797
ERZURUM;KARAYAZI;YENİ;KIYMIK SOKAK;sokak;749775
ERZURUM;KARAYAZI;YENİ;MALİYE LOJMANLARI SOKAK;sokak;752457
ERZURUM;KARAYAZI;YENİ;NAMIK SOKAK;sokak;650533
ERZURUM;KARAYAZI;YENİ;OKULLAR CADDE;cadde;577656871
ERZURUM;KARAYAZI;YENİ;RENGİN SOKAK;sokak;757717
ERZURUM;KARAYAZI;YENİ;SALYAMAÇ YOLU CADDE;cadde;711135910
ERZURUM;KARAYAZI;YENİ;SELVİ SOKAK;sokak;754741
ERZURUM;KARAYAZI;YENİ;SIHHİYE CADDE;cadde;754744
ERZURUM;KARAYAZI;YENİ;YOL135 SOKAK;sokak;770962530
ERZURUM;KARAYAZI;YENİ;YOL140 SOKAK;sokak;786648930
ERZURUM;KARAYAZI;YENİ;YOL144 SOKAK;sokak;335034000
ERZURUM;KARAYAZI;YENİ;YOL23 SOKAK;sokak;168334930
ERZURUM;KARAYAZI;YENİ;YÜCELİK YOLU CADDE;cadde;490042290
ERZURUM;KARAYAZI;YENİKÖY;YENİKÖY KÜME EVLER;sokak;545658
ERZURUM;KARAYAZI;YEŞİLOVA;YEŞİLOVA KÜME EVLER;sokak;390512
ERZURUM;KARAYAZI;YEŞİLYURT;YEŞİLYURT KÜME EVLER;sokak;546101
ERZURUM;KARAYAZI;YİĞİTYOLU;YİĞİTYOLU KÜME EVLER;sokak;549709
ERZURUM;KARAYAZI;YOLGÖREN;BEKİR BABA KÜME EVLER;sokak;544853
ERZURUM;KARAYAZI;YOLGÖREN;ŞORUK KÜME EVLER;sokak;548225
ERZURUM;KARAYAZI;YOLGÖREN;YEMLİHAN KÜME EVLER;sokak;544499
ERZURUM;KARAYAZI;YOLGÖREN;YOLGÖREN KÜME EVLER;sokak;556101
ERZURUM;KARAYAZI;YUKARICİHANBEY;YUKARICİHANBEY KÜME EVLER;sokak;559972
ERZURUM;KARAYAZI;YUKARIÇIĞILGAN;A.ÇIKILĞAN MEZRASI KÜME EVLER;sokak;107132
ERZURUM;KARAYAZI;YUKARIÇIĞILGAN;HAMİT MEZRASI KÜME EVLER;sokak;393619
ERZURUM;KARAYAZI;YUKARIÇIĞILGAN;YUKARIÇIĞILGAN KÜME EVLER;sokak;107155
ERZURUM;KARAYAZI;YUKARISÖYLEMEZ;AKDAĞ SOKAK;sokak;184065460
ERZURUM;KARAYAZI;YUKARISÖYLEMEZ;EŞREF KÜME EVLER;sokak;460797
ERZURUM;KARAYAZI;YUKARISÖYLEMEZ;NİMET KÜME EVLER;sokak;316388
ERZURUM;KARAYAZI;YUKARISÖYLEMEZ;ŞERİF KÜME EVLER;sokak;554780
ERZURUM;KARAYAZI;YUKARISÖYLEMEZ;YUKARISÖYLEMEZ KÜME EVLER;sokak;264402
ERZURUM;KARAYAZI;YÜCELİK;GÜZELDERE KÜME EVLER;sokak;538322
ERZURUM;KARAYAZI;YÜCELİK;TAHTIREVAN KÜME EVLER;sokak;538850
ERZURUM;KARAYAZI;YÜCELİK;TERSLALE KÜME EVLER;sokak;549021
ERZURUM;KARAYAZI;YÜCELİK;YÜCELİK KÜME EVLER;sokak;541349
ERZURUM;KÖPRÜKÖY;AĞCAŞAR;AĞCAŞAR KÜME EVLER;sokak;552917
ERZURUM;KÖPRÜKÖY;AKÇAM;AKÇAM KÜME EVLER;sokak;82812
ERZURUM;KÖPRÜKÖY;ALACA;ALACA KÜME EVLER;sokak;540092
ERZURUM;KÖPRÜKÖY;ALACA;GÖKÇEHARMAN KÜME EVLER;sokak;554100
ERZURUM;KÖPRÜKÖY;AŞAĞIÇAKMAK;AŞAĞIÇAKMAK KÜME EVLER;sokak;556602
ERZURUM;KÖPRÜKÖY;AŞAĞIKIZILKALE;AŞAĞIKIZILKALE KÜME EVLER;sokak;553019
ERZURUM;KÖPRÜKÖY;ATAKÖY;ATAKÖY KÜME EVLER;sokak;532628
ERZURUM;KÖPRÜKÖY;BUĞDAYLI;BUĞDAYLI KÜME EVLER;sokak;307512
ERZURUM;KÖPRÜKÖY;CAMİKEBİR;AYDINLAR SOKAK;sokak;755867
ERZURUM;KÖPRÜKÖY;CAMİKEBİR;BEKİRBEY SOKAK;sokak;755866
ERZURUM;KÖPRÜKÖY;CAMİKEBİR;CAMİ SOKAK;sokak;755869
ERZURUM;KÖPRÜKÖY;CAMİKEBİR;ÇAY SOKAK;sokak;522608411
ERZURUM;KÖPRÜKÖY;CAMİKEBİR;İBRAHİM EFE CADDE;cadde;752700
ERZURUM;KÖPRÜKÖY;CAMİKEBİR;İSAÇAVUŞ SOKAK;sokak;753603
ERZURUM;KÖPRÜKÖY;CAMİKEBİR;KAPLICALAR CADDE;cadde;748280
ERZURUM;KÖPRÜKÖY;CAMİKEBİR;KAPLICALAR TESİSİ KÜME EVLER;sokak;755870
ERZURUM;KÖPRÜKÖY;CAMİKEBİR;MEYDAN SOKAK;sokak;187782
ERZURUM;KÖPRÜKÖY;CAMİKEBİR;SUDEPOSU KÜME EVLER;sokak;786566181
ERZURUM;KÖPRÜKÖY;ÇULLU;ÇULLU KÜME EVLER;sokak;564349
ERZURUM;KÖPRÜKÖY;ÇULLU;DİŞLİKAYA KÜME EVLER;sokak;572077
ERZURUM;KÖPRÜKÖY;DEREBAŞI;DEREBAŞI KÜME EVLER;sokak;549342
ERZURUM;KÖPRÜKÖY;DİLEK;DİLEK KÜME EVLER;sokak;309554
ERZURUM;KÖPRÜKÖY;DUATEPE;DUATEPE KÜME EVLER;sokak;544764
ERZURUM;KÖPRÜKÖY;DUATEPE;KARAKOÇ KÜME EVLER;sokak;461084
ERZURUM;KÖPRÜKÖY;DUATEPE;KINDAUT KÜME EVLER;sokak;545722
ERZURUM;KÖPRÜKÖY;DUATEPE;ŞİRİN KOMU KÜME EVLER;sokak;545726
ERZURUM;KÖPRÜKÖY;DUMANKAYA;DUMANKAYA KÜME EVLER;sokak;568331
ERZURUM;KÖPRÜKÖY;EĞİRMEZ;EĞİRMEZ KÜME EVLER;sokak;306103
ERZURUM;KÖPRÜKÖY;EMRE;EMRE KÜME EVLER;sokak;554352
ERZURUM;KÖPRÜKÖY;EYÜPLER;AĞAKOM KÜME EVLER;sokak;555260
ERZURUM;KÖPRÜKÖY;EYÜPLER;EYÜPLER KÜME EVLER;sokak;532958
ERZURUM;KÖPRÜKÖY;GEYİKLİ;GEYİKLİ KÜME EVLER;sokak;544163
ERZURUM;KÖPRÜKÖY;GÖLÇAYIR;GÖLÇAYIR KÜME EVLER;sokak;86245
ERZURUM;KÖPRÜKÖY;GÖLÇAYIR;GÖLÇAYIR1 KÜME EVLER;sokak;238307891
ERZURUM;KÖPRÜKÖY;GÜZELHİSAR;GÜZELHİSAR MAHALLESİ KÜME EVLER;sokak;530317
ERZURUM;KÖPRÜKÖY;ILICASU;ILICASU KÜME EVLER;sokak;451643
ERZURUM;KÖPRÜKÖY;KARATAŞLAR;KARATAŞLAR KÜME EVLER;sokak;552126
ERZURUM;KÖPRÜKÖY;KAYABAŞI;AKBABA KÜME EVLER;sokak;545127
ERZURUM;KÖPRÜKÖY;KAYABAŞI;KARAPINAR KÜME EVLER;sokak;544813
ERZURUM;KÖPRÜKÖY;KAYABAŞI;KAYABAŞI KÜME EVLER;sokak;454958
ERZURUM;KÖPRÜKÖY;KIYIKONAK;KIYIKONAK KÜME EVLER;sokak;302803
ERZURUM;KÖPRÜKÖY;MARİFET;MARİFET KÜME EVLER;sokak;538585
ERZURUM;KÖPRÜKÖY;MESCİTLİ;HASAN KÜME EVLER;sokak;565853
ERZURUM;KÖPRÜKÖY;MESCİTLİ;KANATLI KÜME EVLER;sokak;561184
ERZURUM;KÖPRÜKÖY;MESCİTLİ;MESCİTLİ B.M KÜME EVLER;sokak;546994
ERZURUM;KÖPRÜKÖY;ORTAKLAR;ORTAKLAR KÜME EVLER;sokak;472420
ERZURUM;KÖPRÜKÖY;ÖRENTAŞ;ÖRENTAŞ KÜME EVLER;sokak;549109
ERZURUM;KÖPRÜKÖY;PEKECİK;PEKECİK KÜME EVLER;sokak;462306
ERZURUM;KÖPRÜKÖY;SARITAŞ;SARITAŞ KÜME EVLER;sokak;35416
ERZURUM;KÖPRÜKÖY;SAVATLI;SAVATLI KÜME EVLER;sokak;294105
ERZURUM;KÖPRÜKÖY;SOĞUKSU;SOĞUKSU KÜME EVLER;sokak;112166
ERZURUM;KÖPRÜKÖY;ŞEHİTLER;23 TEMMUZ SOKAK;sokak;901016500
ERZURUM;KÖPRÜKÖY;ŞEHİTLER;BAHATTİN KARASU CADDE;cadde;435436
ERZURUM;KÖPRÜKÖY;ŞEHİTLER;CENNET SOKAK;sokak;418270
ERZURUM;KÖPRÜKÖY;ŞEHİTLER;CUMHURİYET CADDE;cadde;748272
ERZURUM;KÖPRÜKÖY;ŞEHİTLER;ÇAYKARA SOKAK;sokak;682953020
ERZURUM;KÖPRÜKÖY;ŞEHİTLER;ERZURUM KARS KARAYOLU CADDE;cadde;824254
ERZURUM;KÖPRÜKÖY;ŞEHİTLER;İBNİ SİNA CADDE;cadde;230483
ERZURUM;KÖPRÜKÖY;ŞEHİTLER;İBRAHİM EFE CADDE;cadde;418272
ERZURUM;KÖPRÜKÖY;ŞEHİTLER;İSTASYON SOKAK;sokak;480814830
ERZURUM;KÖPRÜKÖY;ŞEHİTLER;KAPLICALAR CADDE;cadde;418267
ERZURUM;KÖPRÜKÖY;ŞEHİTLER;KAR SOKAK;sokak;760498811
ERZURUM;KÖPRÜKÖY;ŞEHİTLER;KÖŞE SOKAK;sokak;322668501
ERZURUM;KÖPRÜKÖY;ŞEHİTLER;MANSIRAĞA SOKAK;sokak;189229
ERZURUM;KÖPRÜKÖY;ŞEHİTLER;MEZARLIK1 CADDE;cadde;418269
ERZURUM;KÖPRÜKÖY;ŞEHİTLER;NECATİ ERER CADDE;cadde;1104180
ERZURUM;KÖPRÜKÖY;ŞEHİTLER;RESULOĞLU SOKAK;sokak;820790961
ERZURUM;KÖPRÜKÖY;ŞEHİTLER;SANAYİ CADDE;cadde;748273
ERZURUM;KÖPRÜKÖY;ŞEHİTLER;SÖĞÜTLÜ CADDE;cadde;754247
ERZURUM;KÖPRÜKÖY;ŞEHİTLER;ŞEHİT İBRAHİM HAKKI SÖNMEZ CADDE;cadde;185562
ERZURUM;KÖPRÜKÖY;ŞEHİTLER;TABYA SOKAK;sokak;889719321
ERZURUM;KÖPRÜKÖY;ŞEHİTLER;YİĞİT SOKAK;sokak;351981340
ERZURUM;KÖPRÜKÖY;ŞEHİTLER;YURTTAŞ SOKAK;sokak;418271
ERZURUM;KÖPRÜKÖY;TOPÇU;TOPÇU KÜME EVLER;sokak;531030
ERZURUM;KÖPRÜKÖY;YAĞAN;AĞCAŞAR YOLU KÜME EVLER;sokak;874386
ERZURUM;KÖPRÜKÖY;YAĞAN;AKGÜL SOKAK;sokak;303640870
ERZURUM;KÖPRÜKÖY;YAĞAN;ARDIÇ SOKAK;sokak;409497781
ERZURUM;KÖPRÜKÖY;YAĞAN;BAHÇE SOKAK;sokak;183204651
ERZURUM;KÖPRÜKÖY;YAĞAN;BAMYA SOKAK;sokak;412177381
ERZURUM;KÖPRÜKÖY;YAĞAN;BELEDİYE SOKAK;sokak;874380
ERZURUM;KÖPRÜKÖY;YAĞAN;CEYHUN SOKAK;sokak;874395
ERZURUM;KÖPRÜKÖY;YAĞAN;CEYLAN SOKAK;sokak;435149181
ERZURUM;KÖPRÜKÖY;YAĞAN;ÇİÇEK SOKAK;sokak;846553981
ERZURUM;KÖPRÜKÖY;YAĞAN;DAĞISTAN SOKAK;sokak;119267891
ERZURUM;KÖPRÜKÖY;YAĞAN;DELİOĞLU SOKAK;sokak;620054750
ERZURUM;KÖPRÜKÖY;YAĞAN;DERE SOKAK;sokak;385077031
ERZURUM;KÖPRÜKÖY;YAĞAN;DUMAN SOKAK;sokak;198906800
ERZURUM;KÖPRÜKÖY;YAĞAN;EVLİYA SOKAK;sokak;874402
ERZURUM;KÖPRÜKÖY;YAĞAN;GONCA SOKAK;sokak;533683200
ERZURUM;KÖPRÜKÖY;YAĞAN;GÖNÜL SOKAK;sokak;784485520
ERZURUM;KÖPRÜKÖY;YAĞAN;GÜLŞEN SOKAK;sokak;822322731
ERZURUM;KÖPRÜKÖY;YAĞAN;GÜNALP SOKAK;sokak;703077311
ERZURUM;KÖPRÜKÖY;YAĞAN;GÜNEŞ SOKAK;sokak;223621640
ERZURUM;KÖPRÜKÖY;YAĞAN;GÜNGÖREN SOKAK;sokak;746190650
ERZURUM;KÖPRÜKÖY;YAĞAN;GÜVEN SOKAK;sokak;874394
ERZURUM;KÖPRÜKÖY;YAĞAN;GÜZELHİSAR SOKAK;sokak;874398
ERZURUM;KÖPRÜKÖY;YAĞAN;HALİL İBRAHİM SOKAK;sokak;628145200
ERZURUM;KÖPRÜKÖY;YAĞAN;HINIS CADDE;cadde;873138
ERZURUM;KÖPRÜKÖY;YAĞAN;KARADUMAN SOKAK;sokak;789926660
ERZURUM;KÖPRÜKÖY;YAĞAN;KARTAL SOKAK;sokak;269497011
ERZURUM;KÖPRÜKÖY;YAĞAN;MEDRESE SOKAK;sokak;874401
ERZURUM;KÖPRÜKÖY;YAĞAN;MEZARLIK KÜME EVLER;sokak;874384
ERZURUM;KÖPRÜKÖY;YAĞAN;NEHİR KÜME EVLER;sokak;718167630
ERZURUM;KÖPRÜKÖY;YAĞAN;NENEHATUN SOKAK;sokak;874393
ERZURUM;KÖPRÜKÖY;YAĞAN;NENEHATUN ŞEHİTLER- SOKAK;sokak;874387
ERZURUM;KÖPRÜKÖY;YAĞAN;NİSAN SOKAK;sokak;291060510
ERZURUM;KÖPRÜKÖY;YAĞAN;ONÜÇMART KÜME EVLER;sokak;874400
ERZURUM;KÖPRÜKÖY;YAĞAN;ÖZDEMİR SOKAK;sokak;406313011
ERZURUM;KÖPRÜKÖY;YAĞAN;PAPATYA SOKAK;sokak;915377201
ERZURUM;KÖPRÜKÖY;YAĞAN;RECEPKONUK SOKAK;sokak;874391
ERZURUM;KÖPRÜKÖY;YAĞAN;SANCAK SOKAK;sokak;360476371
ERZURUM;KÖPRÜKÖY;YAĞAN;SEL EVLER SOKAK;sokak;875040
ERZURUM;KÖPRÜKÖY;YAĞAN;ŞAHİN SOKAK;sokak;271894481
ERZURUM;KÖPRÜKÖY;YAĞAN;YAĞAN CADDE;cadde;873141
ERZURUM;KÖPRÜKÖY;YAĞAN;YAĞANBABA KÜME EVLER;sokak;874382
ERZURUM;KÖPRÜKÖY;YAĞAN;YAĞMUR SOKAK;sokak;869726350
ERZURUM;KÖPRÜKÖY;YAĞAN;YAMAÇ KÜME EVLER;sokak;874396
ERZURUM;KÖPRÜKÖY;YAĞAN;YAPRAK SOKAK;sokak;587211011
ERZURUM;KÖPRÜKÖY;YAĞAN;YAREN SOKAK;sokak;546025450
ERZURUM;KÖPRÜKÖY;YAĞAN;YAVUZ SOKAK;sokak;874399
ERZURUM;KÖPRÜKÖY;YAĞAN;YENİMAHALLE SOKAK;sokak;874389
ERZURUM;KÖPRÜKÖY;YAĞAN;YILDIRIM SOKAK;sokak;510443031
ERZURUM;KÖPRÜKÖY;YAĞAN;YILDIZ SOKAK;sokak;141939811
ERZURUM;KÖPRÜKÖY;YAĞAN;YILMAZ SOKAK;sokak;253042391
ERZURUM;KÖPRÜKÖY;YAPAĞILI;ERZURUM KARS KARAYOLU CADDE;cadde;211506021
ERZURUM;KÖPRÜKÖY;YAPAĞILI;YAPAĞILI KÜME EVLER;sokak;549877
ERZURUM;KÖPRÜKÖY;YEMLİK;YEMLİK KÜME EVLER;sokak;537160
ERZURUM;KÖPRÜKÖY;YEMLİK;YEMLİK1 KÜME EVLER;sokak;412028211
ERZURUM;KÖPRÜKÖY;YEŞİLÖZ;YEŞİLÖZ KÜME EVLER;sokak;540467
ERZURUM;KÖPRÜKÖY;YILANLI;GAZİ KÜME EVLER;sokak;552943
ERZURUM;KÖPRÜKÖY;YILANLI;KONAK GÖRMEZ KÜME EVLER;sokak;555267
ERZURUM;KÖPRÜKÖY;YILANLI;YILANLI KÜME EVLER;sokak;132307
ERZURUM;KÖPRÜKÖY;YILANLI;YILANLI1 KÜME EVLER;sokak;301780160
ERZURUM;KÖPRÜKÖY;YUKARIKIZILCA;YUKARIKIZILCA KÜME EVLER;sokak;543478
ERZURUM;KÖPRÜKÖY;YUKARIKIZILKALE;ERENCİK KÜME EVLER;sokak;553867
ERZURUM;KÖPRÜKÖY;YUKARIKIZILKALE;YUKARIKIZILKALE KÜME EVLER;sokak;553795
ERZURUM;KÖPRÜKÖY;YUKARISÖĞÜTLÜ;ERZURUM KARS KARAYOLU CADDE;cadde;526110680
ERZURUM;KÖPRÜKÖY;YUKARISÖĞÜTLÜ;YUKARISÖĞÜTLÜ KÜME EVLER;sokak;85295
ERZURUM;KÖPRÜKÖY;ZİYARET;ARAS CADDE;cadde;753953
ERZURUM;KÖPRÜKÖY;ZİYARET;AYDINLAR SOKAK;sokak;751421
ERZURUM;KÖPRÜKÖY;ZİYARET;BELLİ SOKAK;sokak;187779
ERZURUM;KÖPRÜKÖY;ZİYARET;ÇOBAN DEDE SOKAK;sokak;190728
ERZURUM;KÖPRÜKÖY;ZİYARET;DERE SOKAK;sokak;518397930
ERZURUM;KÖPRÜKÖY;ZİYARET;ERZURUM KARS KARAYOLU CADDE;cadde;707054470
ERZURUM;KÖPRÜKÖY;ZİYARET;HALİL DEDE SOKAK;sokak;752705
ERZURUM;KÖPRÜKÖY;ZİYARET;İBNİSİNA CADDE;cadde;754244
ERZURUM;KÖPRÜKÖY;ZİYARET;İSTİKLAL CADDE;cadde;185752
ERZURUM;KÖPRÜKÖY;ZİYARET;KARANFİL SOKAK;sokak;297243660
ERZURUM;KÖPRÜKÖY;ZİYARET;KARASU CADDE;cadde;757208
ERZURUM;KÖPRÜKÖY;ZİYARET;KILIÇ SOKAK;sokak;752846
ERZURUM;KÖPRÜKÖY;ZİYARET;MANSIRAĞA SOKAK;sokak;757210
ERZURUM;KÖPRÜKÖY;ZİYARET;MEMET AĞA SOKAK;sokak;751420
ERZURUM;KÖPRÜKÖY;ZİYARET;PAŞALAR SOKAK;sokak;190609
ERZURUM;KÖPRÜKÖY;ZİYARET;SÖĞÜTLÜ CADDE;cadde;189228
ERZURUM;KÖPRÜKÖY;ZİYARET;ŞEHİT MÜKREMİN TURAN CADDE;cadde;754245
ERZURUM;KÖPRÜKÖY;ZİYARET;YAĞMUR SOKAK;sokak;910692600
ERZURUM;KÖPRÜKÖY;ZİYARET;YILLAR SOKAK;sokak;757209
ERZURUM;KÖPRÜKÖY;ZİYARET;YUNUS EMRE SOKAK;sokak;754246
ERZURUM;KÖPRÜKÖY;ZİYARET;YURDAKUL SOKAK;sokak;752707
ERZURUM;NARMAN;ALABALIK;ALABALIK KÜME EVLER;sokak;493819
ERZURUM;NARMAN;ALACAYAR;60 EVLER SOKAK;sokak;545506
ERZURUM;NARMAN;ALACAYAR;60 EVLER/1 SOKAK;sokak;198720191
ERZURUM;NARMAN;ALACAYAR;60 EVLER/10 SOKAK;sokak;435497650
ERZURUM;NARMAN;ALACAYAR;60 EVLER/2 SOKAK;sokak;676049671
ERZURUM;NARMAN;ALACAYAR;60 EVLER/3 SOKAK;sokak;337852880
ERZURUM;NARMAN;ALACAYAR;60 EVLER/4 SOKAK;sokak;332781771
ERZURUM;NARMAN;ALACAYAR;60 EVLER/5 SOKAK;sokak;866272960
ERZURUM;NARMAN;ALACAYAR;60 EVLER/6 SOKAK;sokak;728547141
ERZURUM;NARMAN;ALACAYAR;60 EVLER/7 SOKAK;sokak;636986251
ERZURUM;NARMAN;ALACAYAR;60 EVLER/8 SOKAK;sokak;285848940
ERZURUM;NARMAN;ALACAYAR;60 EVLER/9 SOKAK;sokak;854920490
ERZURUM;NARMAN;ALACAYAR;ALACAYAR MERKEZ KÜME EVLER;sokak;542674
ERZURUM;NARMAN;ALACAYAR;PERİ BACALARI CADDE;cadde;311274180
ERZURUM;NARMAN;ARAKÖY;ARAKÖY MERKEZ KÜME EVLER;sokak;525888
ERZURUM;NARMAN;ARAKÖY;ARAKÖY MERKEZ/1 SOKAK;sokak;242490700
ERZURUM;NARMAN;ARAKÖY;ARAKÖY MERKEZ/11 SOKAK;sokak;106284771
ERZURUM;NARMAN;ARAKÖY;ARAKÖY MERKEZ/2 SOKAK;sokak;309980171
ERZURUM;NARMAN;ARAKÖY;ARAKÖY MERKEZ/4 SOKAK;sokak;905333400
ERZURUM;NARMAN;ARAKÖY;ARAKÖY MERKEZ/5 SOKAK;sokak;822240311
ERZURUM;NARMAN;ARAKÖY;KURUÇALI KÜME EVLER;sokak;626505931
ERZURUM;NARMAN;ARAKÖY;MEHENK SOKAK;sokak;395979010
ERZURUM;NARMAN;ARAKÖY;NECİPBEY ÇİFLİĞİ SOKAK;sokak;520935
ERZURUM;NARMAN;AŞAĞIYAYLA;AŞAĞIYAYLA KÜME EVLER;sokak;516549
ERZURUM;NARMAN;AŞAĞIYAYLA;SÜLÜKLÜ/4 SOKAK;sokak;330960741
ERZURUM;NARMAN;BAŞKALE;BAŞKALE KÜME EVLER;sokak;378057
ERZURUM;NARMAN;BEYLER;BEYLER MERKEZ KÜME EVLER;sokak;541639
ERZURUM;NARMAN;BEYLER;BEYLER MERKEZ/1 SOKAK;sokak;392770581
ERZURUM;NARMAN;BEYLER;BEYLER MERKEZ/2 SOKAK;sokak;909982040
ERZURUM;NARMAN;BEYLER;BEYLER MERKEZ/3 SOKAK;sokak;922259941
ERZURUM;NARMAN;BEYLER;BULUTLU SOKAK;sokak;542006
ERZURUM;NARMAN;BEYLER;KAMIŞÖZÜ SOKAK;sokak;904542811
ERZURUM;NARMAN;BOĞAKALE;BOĞAKALE KÜME EVLER;sokak;523264
ERZURUM;NARMAN;CAMİİKEBİR;1. DEVEHAN DERE SOKAK;sokak;759635
ERZURUM;NARMAN;CAMİİKEBİR;1. MÜFTÜ EFENDİ SOKAK;sokak;134677900
ERZURUM;NARMAN;CAMİİKEBİR;2. DEVEHAN DERE SOKAK;sokak;416555800
ERZURUM;NARMAN;CAMİİKEBİR;2. ERZURUM SOKAK;sokak;446022901
ERZURUM;NARMAN;CAMİİKEBİR;3. DEVEHAN DERE SOKAK;sokak;378004
ERZURUM;NARMAN;CAMİİKEBİR;3. ERZURUM SOKAK;sokak;770920540
ERZURUM;NARMAN;CAMİİKEBİR;4. DEVEHAN DERE SOKAK;sokak;672469260
ERZURUM;NARMAN;CAMİİKEBİR;4. MÜFTÜ EFENDİ SOKAK;sokak;155339040
ERZURUM;NARMAN;CAMİİKEBİR;40 EVLER ŞEHİTLER SOKAK;sokak;759637
ERZURUM;NARMAN;CAMİİKEBİR;5. DEVEHAN DERE SOKAK;sokak;378003
ERZURUM;NARMAN;CAMİİKEBİR;6. DEVEHAN DERE SOKAK;sokak;197208951
ERZURUM;NARMAN;CAMİİKEBİR;7. DEVEHAN DERE SOKAK;sokak;155505850
ERZURUM;NARMAN;CAMİİKEBİR;8. DEVEHAN DERE SOKAK;sokak;267166130
ERZURUM;NARMAN;CAMİİKEBİR;9. DEVEHAN DERE SOKAK;sokak;440969490
ERZURUM;NARMAN;CAMİİKEBİR;ARİF AĞA SOKAK;sokak;378002
ERZURUM;NARMAN;CAMİİKEBİR;ARİF AĞA/1 SOKAK;sokak;418521121
ERZURUM;NARMAN;CAMİİKEBİR;ARSLAN SOKAK;sokak;227836900
ERZURUM;NARMAN;CAMİİKEBİR;ASLAN PAŞA SOKAK;sokak;42061
ERZURUM;NARMAN;CAMİİKEBİR;ASLAN PAŞA/1 SOKAK;sokak;769753901
ERZURUM;NARMAN;CAMİİKEBİR;AVNİ FEYZİOĞLU CADDE;cadde;88878
ERZURUM;NARMAN;CAMİİKEBİR;BAHÇELİ SOKAK;sokak;42062
ERZURUM;NARMAN;CAMİİKEBİR;CANISI SOKAK;sokak;289493110
ERZURUM;NARMAN;CAMİİKEBİR;DAĞ YOLU SOKAK;sokak;625550160
ERZURUM;NARMAN;CAMİİKEBİR;DEVEHAN DERE SOKAK;sokak;88877
ERZURUM;NARMAN;CAMİİKEBİR;ERZURUM CADDE;cadde;42063
ERZURUM;NARMAN;CAMİİKEBİR;FIRAT BİNİCİ SOKAK;sokak;606636480
ERZURUM;NARMAN;CAMİİKEBİR;GAZHANE SOKAK;sokak;42064
ERZURUM;NARMAN;CAMİİKEBİR;İBRAHİM ERKAL SOKAK;sokak;407651
ERZURUM;NARMAN;CAMİİKEBİR;KADI SOKAK;sokak;42065
ERZURUM;NARMAN;CAMİİKEBİR;KAMIŞÖZÜ SOKAK;sokak;328586151
ERZURUM;NARMAN;CAMİİKEBİR;KIŞLA SOKAK;sokak;1276071
ERZURUM;NARMAN;CAMİİKEBİR;RESSAM HALİL AKKURT CADDE;cadde;887811901
ERZURUM;NARMAN;CAMİİKEBİR;SARI GELİN SOKAK;sokak;760038960
ERZURUM;NARMAN;CAMİİKEBİR;SELAMİ ALTINOK CADDE;cadde;42376
ERZURUM;NARMAN;CAMİİKEBİR;ŞEHİT ENGİN DÜZAVCI CADDE;cadde;748184
ERZURUM;NARMAN;CAMİİKEBİR;ŞEHİT MUSTAFA ÖZBEK SOKAK;sokak;759636
ERZURUM;NARMAN;CAMİİKEBİR;TUTKU SOKAK;sokak;653191131
ERZURUM;NARMAN;CAMİİKEBİR;YAYLA KÜME EVLER;sokak;1276205
ERZURUM;NARMAN;CAMİİKEBİR;YILDIZ SOKAK;sokak;862018031
ERZURUM;NARMAN;CAMİİSAĞIR;1. ÇAYBAŞI SOKAK;sokak;609648061
ERZURUM;NARMAN;CAMİİSAĞIR;1. DEDE HOCA SOKAK;sokak;564095431
ERZURUM;NARMAN;CAMİİSAĞIR;1. ETHEM BABA SOKAK;sokak;130326931
ERZURUM;NARMAN;CAMİİSAĞIR;1. RECEP AKYOL SOKAK;sokak;819896260
ERZURUM;NARMAN;CAMİİSAĞIR;1/1 SOKAK;sokak;669086330
ERZURUM;NARMAN;CAMİİSAĞIR;101 EVLER 10 NOLU SOKAK;sokak;42379
ERZURUM;NARMAN;CAMİİSAĞIR;101 EVLER 10 NOLU/1 SOKAK;sokak;787093000
ERZURUM;NARMAN;CAMİİSAĞIR;101 EVLER 10 NOLU/2 SOKAK;sokak;102120250
ERZURUM;NARMAN;CAMİİSAĞIR;101 EVLER 4 NOLU SOKAK;sokak;42381
ERZURUM;NARMAN;CAMİİSAĞIR;101 EVLER 5 NOLU SOKAK;sokak;378006
ERZURUM;NARMAN;CAMİİSAĞIR;101 EVLER 6 NOLU SOKAK;sokak;88964
ERZURUM;NARMAN;CAMİİSAĞIR;101 EVLER 7 NOLU/1 SOKAK;sokak;939120791
ERZURUM;NARMAN;CAMİİSAĞIR;101 EVLER 8 NOLU SOKAK;sokak;42383
ERZURUM;NARMAN;CAMİİSAĞIR;101 EVLER 9 NOLU SOKAK;sokak;88879
ERZURUM;NARMAN;CAMİİSAĞIR;101 EVLER SOKAK;sokak;619557951
ERZURUM;NARMAN;CAMİİSAĞIR;2. ÇAYBAŞI SOKAK;sokak;385166210
ERZURUM;NARMAN;CAMİİSAĞIR;2. RECEP AKYOL SOKAK;sokak;709570550
ERZURUM;NARMAN;CAMİİSAĞIR;3. ÇAYBAŞI SOKAK;sokak;206430291
ERZURUM;NARMAN;CAMİİSAĞIR;ARAP SOKAK;sokak;42384
ERZURUM;NARMAN;CAMİİSAĞIR;ATATÜRK 1/1 SOKAK;sokak;144339570
ERZURUM;NARMAN;CAMİİSAĞIR;ATATÜRK CADDE;cadde;378008
ERZURUM;NARMAN;CAMİİSAĞIR;AVNİ FEYZİOĞLU CADDE;cadde;1276075
ERZURUM;NARMAN;CAMİİSAĞIR;BİLİNMEYEN3 SOKAK;sokak;134117490
ERZURUM;NARMAN;CAMİİSAĞIR;BİLİNMEYEN31 SOKAK;sokak;337737300
ERZURUM;NARMAN;CAMİİSAĞIR;BİLİNMEYEN76 SOKAK;sokak;605813030
ERZURUM;NARMAN;CAMİİSAĞIR;BURHANETTİN ESER CADDE;cadde;42378
ERZURUM;NARMAN;CAMİİSAĞIR;BURHANETTİN ESER/1 SOKAK;sokak;707419391
ERZURUM;NARMAN;CAMİİSAĞIR;CUMHURİYET CADDE;cadde;42385
ERZURUM;NARMAN;CAMİİSAĞIR;ÇAĞLAYAN SOKAK;sokak;42393
ERZURUM;NARMAN;CAMİİSAĞIR;ÇAYBAŞI SOKAK;sokak;88966
ERZURUM;NARMAN;CAMİİSAĞIR;DEDE HOCA SOKAK;sokak;378007
ERZURUM;NARMAN;CAMİİSAĞIR;EKİN SOKAK;sokak;480734981
ERZURUM;NARMAN;CAMİİSAĞIR;ETHEM BABA SOKAK;sokak;88965
ERZURUM;NARMAN;CAMİİSAĞIR;HACI VAKKAS CADDE;cadde;378005
ERZURUM;NARMAN;CAMİİSAĞIR;HACI VAKKAS/1 SOKAK;sokak;280920960
ERZURUM;NARMAN;CAMİİSAĞIR;HAKAN TURAN SOKAK;sokak;117488941
ERZURUM;NARMAN;CAMİİSAĞIR;HUMA KUŞU SOKAK;sokak;509512350
ERZURUM;NARMAN;CAMİİSAĞIR;İBRAHİM ERKAL SOKAK;sokak;34358432
ERZURUM;NARMAN;CAMİİSAĞIR;İHSAN ERDEM CADDE;cadde;42386
ERZURUM;NARMAN;CAMİİSAĞIR;İHSAN ERDEM/1 SOKAK;sokak;539248411
ERZURUM;NARMAN;CAMİİSAĞIR;KAZIM KARABEKİR CADDE;cadde;42389
ERZURUM;NARMAN;CAMİİSAĞIR;KIŞLA SOKAK;sokak;42387
ERZURUM;NARMAN;CAMİİSAĞIR;KIŞLA/5 SOKAK;sokak;549548390
ERZURUM;NARMAN;CAMİİSAĞIR;KIŞLA/6 SOKAK;sokak;807046951
ERZURUM;NARMAN;CAMİİSAĞIR;MAHMUT ALTAY CADDE;cadde;42380
ERZURUM;NARMAN;CAMİİSAĞIR;MAHMUTÇAVUŞ KÜME EVLER;sokak;756915681
ERZURUM;NARMAN;CAMİİSAĞIR;MEHENK SOKAK;sokak;269395381
ERZURUM;NARMAN;CAMİİSAĞIR;MUHTAR MAHMUT ÖZCAN SOKAK;sokak;42382
ERZURUM;NARMAN;CAMİİSAĞIR;OKUMUŞ SOKAK;sokak;42388
ERZURUM;NARMAN;CAMİİSAĞIR;PERİ BACALARI CADDE;cadde;328742320
ERZURUM;NARMAN;CAMİİSAĞIR;PERİ EVLER 1. SOKAK;sokak;761573951
ERZURUM;NARMAN;CAMİİSAĞIR;PERİ EVLER 2. SOKAK;sokak;863933521
ERZURUM;NARMAN;CAMİİSAĞIR;PERİ EVLER 3. SOKAK;sokak;719749011
ERZURUM;NARMAN;CAMİİSAĞIR;RECEP AKYOL SOKAK;sokak;378010
ERZURUM;NARMAN;CAMİİSAĞIR;SALİH ZEKİ DİLEK CADDE;cadde;266974580
ERZURUM;NARMAN;CAMİİSAĞIR;SALİH ZEKİ DİLEK/2 SOKAK;sokak;839815890
ERZURUM;NARMAN;CAMİİSAĞIR;SALİH ZEKİ DİLEK/3 SOKAK;sokak;144265140
ERZURUM;NARMAN;CAMİİSAĞIR;SÖĞÜT SOKAK;sokak;863401301
ERZURUM;NARMAN;CAMİİSAĞIR;SÜMMANİ CADDE;cadde;42390
ERZURUM;NARMAN;CAMİİSAĞIR;ŞEHİT FAHRİ DEMİR CADDE;cadde;392062
ERZURUM;NARMAN;CAMİİSAĞIR;UFUK SOKAK;sokak;378009
ERZURUM;NARMAN;CAMİİSAĞIR;YATILI İLKÖĞRETİM OKULU KÜME EVLER;sokak;42391
ERZURUM;NARMAN;CAMİİSAĞIR;YENİ1 CADDE;cadde;42392
ERZURUM;NARMAN;CAMİİSAĞIR;YENİİ1/1 SOKAK;sokak;514217091
ERZURUM;NARMAN;ÇAMLIYAYLA;ÇAMLIYAYLA KÜME EVLER;sokak;527519
ERZURUM;NARMAN;ÇİMENLİ;AĞAÇLI SOKAK;sokak;549362
ERZURUM;NARMAN;ÇİMENLİ;AĞAÇLI/1 SOKAK;sokak;227191570
ERZURUM;NARMAN;ÇİMENLİ;AĞAÇLI/2 SOKAK;sokak;498131991
ERZURUM;NARMAN;ÇİMENLİ;AĞAÇLI/3 SOKAK;sokak;285409950
ERZURUM;NARMAN;ÇİMENLİ;AĞAÇLI/4 SOKAK;sokak;926593581
ERZURUM;NARMAN;ÇİMENLİ;AĞAÇLI/5 SOKAK;sokak;366687391
ERZURUM;NARMAN;ÇİMENLİ;AĞAÇLI/6 SOKAK;sokak;877055540
ERZURUM;NARMAN;ÇİMENLİ;AĞAÇLI5 SOKAK;sokak;639676240
ERZURUM;NARMAN;ÇİMENLİ;ÇİMENLİ MERKEZ SOKAK;sokak;540396
ERZURUM;NARMAN;ÇİMENLİ;ÇİMENLİ MERKEZ/1 SOKAK;sokak;218109241
ERZURUM;NARMAN;ÇİMENLİ;ÇİMENLİ MERKEZ/2 SOKAK;sokak;925829800
ERZURUM;NARMAN;ÇİMENLİ;ÇİMENLİ MERKEZ/3 SOKAK;sokak;842804290
ERZURUM;NARMAN;ÇİMENLİ;ÇİMENLİ MERKEZ/4 SOKAK;sokak;891782551
ERZURUM;NARMAN;ÇİMENLİ;ÇİMENLİ MERKEZ/5 SOKAK;sokak;811269141
ERZURUM;NARMAN;ÇİMENLİ;ÇİMENLİ MERKEZ/6 SOKAK;sokak;107211731
ERZURUM;NARMAN;ÇİMENLİ;ÇİMENLİ MERKEZ/7 SOKAK;sokak;480054170
ERZURUM;NARMAN;ÇİMENLİ;TOYGARLI KÜME EVLER;sokak;401200571
ERZURUM;NARMAN;DAĞYOLU;DAĞYOLU KÜME EVLER;sokak;523599
ERZURUM;NARMAN;DEMİRDAĞ;DEMİRDAĞ KÜME EVLER;sokak;528895
ERZURUM;NARMAN;DEMİRDAĞ;KARAPINAR KÜME EVLER;sokak;764532080
ERZURUM;NARMAN;ERGAZİ;ERGAZİ KÜME EVLER;sokak;523646
ERZURUM;NARMAN;GÖKDAĞ;GÖKDAĞ SOKAK;sokak;531688
ERZURUM;NARMAN;GÖKDAĞ;GÖKDAĞ/1 SOKAK;sokak;621784700
ERZURUM;NARMAN;GÖKDAĞ;GÖKDAĞ/10 SOKAK;sokak;757233461
ERZURUM;NARMAN;GÖKDAĞ;GÖKDAĞ/2 SOKAK;sokak;769457401
ERZURUM;NARMAN;GÖKDAĞ;GÖKDAĞ/3 SOKAK;sokak;715349780
ERZURUM;NARMAN;GÖKDAĞ;GÖKDAĞ/4 SOKAK;sokak;308192701
ERZURUM;NARMAN;GÖKDAĞ;GÖKDAĞ/5 SOKAK;sokak;917286000
ERZURUM;NARMAN;GÖKDAĞ;GÖKDAĞ/6 SOKAK;sokak;119449150
ERZURUM;NARMAN;GÖKDAĞ;GÖKDAĞ/7 SOKAK;sokak;560155060
ERZURUM;NARMAN;GÖKDAĞ;GÖKDAĞ/8 SOKAK;sokak;150466001
ERZURUM;NARMAN;GÖKDAĞ;GÖKDAĞ/9 SOKAK;sokak;709670051
ERZURUM;NARMAN;GÖLLÜ;GÖLLÜ SOKAK;sokak;530440
ERZURUM;NARMAN;GÖLLÜ;GÖLLÜ/1 SOKAK;sokak;725841541
ERZURUM;NARMAN;GÖLLÜ;GÖLLÜ/10 SOKAK;sokak;276896291
ERZURUM;NARMAN;GÖLLÜ;GÖLLÜ/11 SOKAK;sokak;392773971
ERZURUM;NARMAN;GÖLLÜ;GÖLLÜ/12 SOKAK;sokak;571493950
ERZURUM;NARMAN;GÖLLÜ;GÖLLÜ/13 SOKAK;sokak;178750221
ERZURUM;NARMAN;GÖLLÜ;GÖLLÜ/14 SOKAK;sokak;177096500
ERZURUM;NARMAN;GÖLLÜ;GÖLLÜ/15 SOKAK;sokak;451832661
ERZURUM;NARMAN;GÖLLÜ;GÖLLÜ/16 SOKAK;sokak;751090820
ERZURUM;NARMAN;GÖLLÜ;GÖLLÜ/17 SOKAK;sokak;335301140
ERZURUM;NARMAN;GÖLLÜ;GÖLLÜ/18 SOKAK;sokak;243775581
ERZURUM;NARMAN;GÖLLÜ;GÖLLÜ/19 SOKAK;sokak;374451781
ERZURUM;NARMAN;GÖLLÜ;GÖLLÜ/2 SOKAK;sokak;367845771
ERZURUM;NARMAN;GÖLLÜ;GÖLLÜ/20 SOKAK;sokak;172940001
ERZURUM;NARMAN;GÖLLÜ;GÖLLÜ/21 SOKAK;sokak;306141680
ERZURUM;NARMAN;GÖLLÜ;GÖLLÜ/22 SOKAK;sokak;899884970
ERZURUM;NARMAN;GÖLLÜ;GÖLLÜ/23 SOKAK;sokak;250613340
ERZURUM;NARMAN;GÖLLÜ;GÖLLÜ/24 SOKAK;sokak;921077131
ERZURUM;NARMAN;GÖLLÜ;GÖLLÜ/3 SOKAK;sokak;511369841
ERZURUM;NARMAN;GÖLLÜ;GÖLLÜ/4 SOKAK;sokak;225330381
ERZURUM;NARMAN;GÖLLÜ;GÖLLÜ/5 SOKAK;sokak;857236251
ERZURUM;NARMAN;GÖLLÜ;GÖLLÜ/6 SOKAK;sokak;837774170
ERZURUM;NARMAN;GÖLLÜ;GÖLLÜ/7 SOKAK;sokak;928119910
ERZURUM;NARMAN;GÖLLÜ;GÖLLÜ/8 SOKAK;sokak;837176290
ERZURUM;NARMAN;GÖLLÜ;GÖLLÜ/9 SOKAK;sokak;762478401
ERZURUM;NARMAN;GÜLLÜDAĞ;GÜLLÜDAĞ SOKAK;sokak;533122
ERZURUM;NARMAN;GÜVENLİK;GÜVENLİK MERKEZ KÜME EVLER;sokak;548133
ERZURUM;NARMAN;GÜVENLİK;YAYLA EVİ KÜME EVLER;sokak;566700
ERZURUM;NARMAN;KAMIŞÖZÜ;KAMIŞÖZÜ SOKAK;sokak;537590
ERZURUM;NARMAN;KAMIŞÖZÜ;KAMIŞÖZÜ/1 SOKAK;sokak;807538170
ERZURUM;NARMAN;KAMIŞÖZÜ;KAMIŞÖZÜ/10 SOKAK;sokak;800263390
ERZURUM;NARMAN;KAMIŞÖZÜ;KAMIŞÖZÜ/11 SOKAK;sokak;201273611
ERZURUM;NARMAN;KAMIŞÖZÜ;KAMIŞÖZÜ/12 SOKAK;sokak;686648120
ERZURUM;NARMAN;KAMIŞÖZÜ;KAMIŞÖZÜ/13 SOKAK;sokak;350155021
ERZURUM;NARMAN;KAMIŞÖZÜ;KAMIŞÖZÜ/2 SOKAK;sokak;875888020
ERZURUM;NARMAN;KAMIŞÖZÜ;KAMIŞÖZÜ/3 SOKAK;sokak;917163731
ERZURUM;NARMAN;KAMIŞÖZÜ;KAMIŞÖZÜ/4 SOKAK;sokak;771116561
ERZURUM;NARMAN;KAMIŞÖZÜ;KAMIŞÖZÜ/5 SOKAK;sokak;292346480
ERZURUM;NARMAN;KAMIŞÖZÜ;KAMIŞÖZÜ/6 SOKAK;sokak;464311361
ERZURUM;NARMAN;KAMIŞÖZÜ;KAMIŞÖZÜ/7 SOKAK;sokak;779340240
ERZURUM;NARMAN;KAMIŞÖZÜ;KAMIŞÖZÜ/8 SOKAK;sokak;269555180
ERZURUM;NARMAN;KAMIŞÖZÜ;KAMIŞÖZÜ/9 SOKAK;sokak;163746540
ERZURUM;NARMAN;KAMIŞÖZÜ;SÜLÜKLÜ/4 SOKAK;sokak;511464701
ERZURUM;NARMAN;KAMIŞÖZÜ;YATILI İLKÖĞRETİM OKULU KÜME EVLER;sokak;496443961
ERZURUM;NARMAN;KARADAĞ;KAMIŞÖZÜ SOKAK;sokak;312248681
ERZURUM;NARMAN;KARADAĞ;KARADAĞ KÜME EVLER;sokak;537306
ERZURUM;NARMAN;KARADAĞ;KARADAĞ/1 SOKAK;sokak;447396881
ERZURUM;NARMAN;KARADAĞ;KARADAĞ/2 SOKAK;sokak;880120910
ERZURUM;NARMAN;KARADAĞ;KARADAĞ/3 SOKAK;sokak;282735061
ERZURUM;NARMAN;KARAPINAR;KARAPINAR KÜME EVLER;sokak;531636
ERZURUM;NARMAN;KIŞLAKÖY;KIŞLA - SOKAK;sokak;542397
ERZURUM;NARMAN;KIŞLAKÖY;KIŞLA/10 SOKAK;sokak;325766391
ERZURUM;NARMAN;KIŞLAKÖY;KIŞLA/11 SOKAK;sokak;625745200
ERZURUM;NARMAN;KIŞLAKÖY;KIŞLA/12 SOKAK;sokak;143812221
ERZURUM;NARMAN;KIŞLAKÖY;KIŞLA/13 SOKAK;sokak;653464051
ERZURUM;NARMAN;KIŞLAKÖY;KIŞLA/14 SOKAK;sokak;755796490
ERZURUM;NARMAN;KIŞLAKÖY;KIŞLA/2 SOKAK;sokak;600966660
ERZURUM;NARMAN;KIŞLAKÖY;KIŞLA/7 SOKAK;sokak;148226131
ERZURUM;NARMAN;KIŞLAKÖY;KIŞLA/8 SOKAK;sokak;345064771
ERZURUM;NARMAN;KIŞLAKÖY;KIŞLA/9 SOKAK;sokak;101990400
ERZURUM;NARMAN;KIŞLAKÖY;KIŞLA1/1 KÜME EVLER;sokak;325962800
ERZURUM;NARMAN;KIŞLAKÖY;KIŞLAKÖY MERKEZ KÜME EVLER;sokak;547207
ERZURUM;NARMAN;KİLİMLİ;KİLİMLİ KÜME EVLER;sokak;542752
ERZURUM;NARMAN;KOÇKAYA;ARAKÖY MERKEZ KÜME EVLER;sokak;825866111
ERZURUM;NARMAN;KOÇKAYA;KOÇKAYA KÜME EVLER;sokak;541932
ERZURUM;NARMAN;KOÇKAYA;KURUÇALI KÜME EVLER;sokak;381549771
ERZURUM;NARMAN;KOYUNÖREN;KOYUNÖREN KÜME EVLER;sokak;547752
ERZURUM;NARMAN;KOYUNÖREN;KOYUNÖREN/10 SOKAK;sokak;631621921
ERZURUM;NARMAN;KOYUNÖREN;KOYUNÖREN/12 SOKAK;sokak;418729201
ERZURUM;NARMAN;KOYUNÖREN;KOYUNÖREN/13 SOKAK;sokak;786390441
ERZURUM;NARMAN;KOYUNÖREN;KOYUNÖREN/14 SOKAK;sokak;815542481
ERZURUM;NARMAN;KOYUNÖREN;KOYUNÖREN/15 SOKAK;sokak;173851210
ERZURUM;NARMAN;KOYUNÖREN;KOYUNÖREN/2 SOKAK;sokak;733331551
ERZURUM;NARMAN;KOYUNÖREN;KOYUNÖREN/3 SOKAK;sokak;114515151
ERZURUM;NARMAN;KOYUNÖREN;KOYUNÖREN/4 SOKAK;sokak;295628811
ERZURUM;NARMAN;KOYUNÖREN;KOYUNÖREN/5 SOKAK;sokak;298707220
ERZURUM;NARMAN;KOYUNÖREN;KOYUNÖREN/6 SOKAK;sokak;759468141
ERZURUM;NARMAN;KOYUNÖREN;KOYUNÖREN/7 SOKAK;sokak;519175240
ERZURUM;NARMAN;KOYUNÖREN;KOYUNÖREN/8 SOKAK;sokak;920444291
ERZURUM;NARMAN;KOYUNÖREN;KOYUNÖREN/9 SOKAK;sokak;434804820
ERZURUM;NARMAN;KURUÇALI;KURUÇALI KÜME EVLER;sokak;278758
ERZURUM;NARMAN;MAHMUTÇAVUŞ;MAHMUTÇAVUŞ KÜME EVLER;sokak;542140
ERZURUM;NARMAN;MAHMUTÇAVUŞ;MAHMUTÇAVUŞ/1 SOKAK;sokak;766799921
ERZURUM;NARMAN;MAHMUTÇAVUŞ;MAHMUTÇAVUŞ/2 SOKAK;sokak;514354690
ERZURUM;NARMAN;MAHMUTÇAVUŞ;MAHMUTÇAVUŞ/3 SOKAK;sokak;133412190
ERZURUM;NARMAN;MAHMUTÇAVUŞ;MAHMUTÇAVUŞ/4 SOKAK;sokak;338510720
ERZURUM;NARMAN;MAHMUTÇAVUŞ;MAHMUTÇAVUŞ/5 SOKAK;sokak;489521390
ERZURUM;NARMAN;MERCİMEKLİ;MERCİMEKLİ KÜME EVLER;sokak;537171
ERZURUM;NARMAN;OTLUTEPE;OTLUTEPE KÜME EVLER;sokak;545931
ERZURUM;NARMAN;OTLUTEPE;OTLUTEPE/1 SOKAK;sokak;801854241
ERZURUM;NARMAN;OTLUTEPE;OTLUTEPE/10 SOKAK;sokak;791993291
ERZURUM;NARMAN;OTLUTEPE;OTLUTEPE/11 SOKAK;sokak;498579800
ERZURUM;NARMAN;OTLUTEPE;OTLUTEPE/2 SOKAK;sokak;712081511
ERZURUM;NARMAN;OTLUTEPE;OTLUTEPE/3 SOKAK;sokak;184132781
ERZURUM;NARMAN;OTLUTEPE;OTLUTEPE/4 SOKAK;sokak;172472301
ERZURUM;NARMAN;OTLUTEPE;OTLUTEPE/5 SOKAK;sokak;304791661
ERZURUM;NARMAN;OTLUTEPE;OTLUTEPE/6 SOKAK;sokak;740370290
ERZURUM;NARMAN;OTLUTEPE;OTLUTEPE/7 SOKAK;sokak;286546971
ERZURUM;NARMAN;OTLUTEPE;OTLUTEPE/8 SOKAK;sokak;468026820
ERZURUM;NARMAN;OTLUTEPE;OTLUTEPE/9 SOKAK;sokak;506490291
ERZURUM;NARMAN;PINARYOLU;PINARYOLU SOKAK;sokak;326808
ERZURUM;NARMAN;PINARYOLU;PINARYOLU/1 SOKAK;sokak;848930070
ERZURUM;NARMAN;PINARYOLU;PINARYOLU/2 SOKAK;sokak;199274661
ERZURUM;NARMAN;PINARYOLU;PINARYOLU/3 SOKAK;sokak;389538160
ERZURUM;NARMAN;PINARYOLU;PINARYOLU/4 SOKAK;sokak;523521270
ERZURUM;NARMAN;PINARYOLU;PINARYOLU/5 SOKAK;sokak;543744591
ERZURUM;NARMAN;PINARYOLU;PINARYOLU/6 SOKAK;sokak;494685310
ERZURUM;NARMAN;PINARYOLU;PINARYOLU/7 SOKAK;sokak;476930641
ERZURUM;NARMAN;PINARYOLU;PINARYOLU/8 SOKAK;sokak;819508421
ERZURUM;NARMAN;PINARYOLU;PINARYOLU/9 SOKAK;sokak;519664550
ERZURUM;NARMAN;SAMİKALE;SAMİKALE KÜME EVLER;sokak;546597
ERZURUM;NARMAN;SAPANLI;SAPANLI KÜME EVLER;sokak;543827
ERZURUM;NARMAN;SAVAŞÇILAR;SAVAŞÇILAR KÜME EVLER;sokak;543837
ERZURUM;NARMAN;SERİNSU;SERİNSU KÜME EVLER;sokak;326801
ERZURUM;NARMAN;SERİNSU;SERİNSU/1 SOKAK;sokak;545030080
ERZURUM;NARMAN;SERİNSU;SERİNSU/2 SOKAK;sokak;554564040
ERZURUM;NARMAN;SEYYİD ALİ BABA;TUZTAŞI KÜME EVLER;sokak;548219
ERZURUM;NARMAN;SÜLÜKLÜ;SÜLÜKLÜ KÜME EVLER;sokak;556690
ERZURUM;NARMAN;SÜLÜKLÜ;SÜLÜKLÜ/1 SOKAK;sokak;469510910
ERZURUM;NARMAN;SÜLÜKLÜ;SÜLÜKLÜ/2 SOKAK;sokak;850286111
ERZURUM;NARMAN;SÜLÜKLÜ;SÜLÜKLÜ/3 SOKAK;sokak;789285381
ERZURUM;NARMAN;SÜLÜKLÜ;SÜLÜKLÜ/4 SOKAK;sokak;700973650
ERZURUM;NARMAN;SÜTPINAR;SÜTPINAR KÜME EVLER;sokak;462823
ERZURUM;NARMAN;SÜTPINAR;SÜTPINAR/1 SOKAK;sokak;880500830
ERZURUM;NARMAN;SÜTPINAR;SÜTPINAR/10 SOKAK;sokak;875313490
ERZURUM;NARMAN;SÜTPINAR;SÜTPINAR/2 SOKAK;sokak;268980151
ERZURUM;NARMAN;SÜTPINAR;SÜTPINAR/3 SOKAK;sokak;909815801
ERZURUM;NARMAN;SÜTPINAR;SÜTPINAR/4 SOKAK;sokak;142423411
ERZURUM;NARMAN;SÜTPINAR;SÜTPINAR/5 SOKAK;sokak;346759591
ERZURUM;NARMAN;SÜTPINAR;SÜTPINAR/6 SOKAK;sokak;677563611
ERZURUM;NARMAN;SÜTPINAR;SÜTPINAR/7 SOKAK;sokak;766513140
ERZURUM;NARMAN;SÜTPINAR;SÜTPINAR/8 SOKAK;sokak;857262481
ERZURUM;NARMAN;SÜTPINAR;SÜTPINAR/9 SOKAK;sokak;711589430
ERZURUM;NARMAN;ŞEHİTLER;ŞEHİTLER KÜME EVLER;sokak;446606
ERZURUM;NARMAN;ŞEKERLİ;1. SOKAK;sokak;42086
ERZURUM;NARMAN;ŞEKERLİ;10. SOKAK;sokak;383613
ERZURUM;NARMAN;ŞEKERLİ;101. SOKAK;sokak;42085
ERZURUM;NARMAN;ŞEKERLİ;101./1 SOKAK;sokak;416041741
ERZURUM;NARMAN;ŞEKERLİ;101./10 SOKAK;sokak;650836021
ERZURUM;NARMAN;ŞEKERLİ;101./11 SOKAK;sokak;466137900
ERZURUM;NARMAN;ŞEKERLİ;101./12 SOKAK;sokak;276233471
ERZURUM;NARMAN;ŞEKERLİ;101./13 SOKAK;sokak;488113270
ERZURUM;NARMAN;ŞEKERLİ;101./14 SOKAK;sokak;104428790
ERZURUM;NARMAN;ŞEKERLİ;101./15 SOKAK;sokak;796008541
ERZURUM;NARMAN;ŞEKERLİ;101./16 SOKAK;sokak;313178521
ERZURUM;NARMAN;ŞEKERLİ;101./17 SOKAK;sokak;480699001
ERZURUM;NARMAN;ŞEKERLİ;101./18 SOKAK;sokak;409170640
ERZURUM;NARMAN;ŞEKERLİ;101./19 SOKAK;sokak;386804920
ERZURUM;NARMAN;ŞEKERLİ;101./2 SOKAK;sokak;715318000
ERZURUM;NARMAN;ŞEKERLİ;101./20 SOKAK;sokak;835157260
ERZURUM;NARMAN;ŞEKERLİ;101./21 SOKAK;sokak;826177620
ERZURUM;NARMAN;ŞEKERLİ;101./22 SOKAK;sokak;463694680
ERZURUM;NARMAN;ŞEKERLİ;101./3 SOKAK;sokak;411808291
ERZURUM;NARMAN;ŞEKERLİ;101./4 SOKAK;sokak;801731070
ERZURUM;NARMAN;ŞEKERLİ;101./5 SOKAK;sokak;872072961
ERZURUM;NARMAN;ŞEKERLİ;101./6 SOKAK;sokak;927048570
ERZURUM;NARMAN;ŞEKERLİ;101./7 SOKAK;sokak;770618361
ERZURUM;NARMAN;ŞEKERLİ;101./8 SOKAK;sokak;314388640
ERZURUM;NARMAN;ŞEKERLİ;102. SOKAK;sokak;383616
ERZURUM;NARMAN;ŞEKERLİ;102./1 SOKAK;sokak;409025041
ERZURUM;NARMAN;ŞEKERLİ;102./2 SOKAK;sokak;906899020
ERZURUM;NARMAN;ŞEKERLİ;102./3 SOKAK;sokak;502823591
ERZURUM;NARMAN;ŞEKERLİ;102./4 SOKAK;sokak;339051001
ERZURUM;NARMAN;ŞEKERLİ;102./5 SOKAK;sokak;200782180
ERZURUM;NARMAN;ŞEKERLİ;102./6 SOKAK;sokak;407864100
ERZURUM;NARMAN;ŞEKERLİ;11. SOKAK;sokak;42079
ERZURUM;NARMAN;ŞEKERLİ;12. SOKAK;sokak;42080
ERZURUM;NARMAN;ŞEKERLİ;13. SOKAK;sokak;42081
ERZURUM;NARMAN;ŞEKERLİ;14. SOKAK;sokak;383614
ERZURUM;NARMAN;ŞEKERLİ;15. SOKAK;sokak;42082
ERZURUM;NARMAN;ŞEKERLİ;16. SOKAK;sokak;42083
ERZURUM;NARMAN;ŞEKERLİ;2. SOKAK;sokak;42087
ERZURUM;NARMAN;ŞEKERLİ;3. SOKAK;sokak;42088
ERZURUM;NARMAN;ŞEKERLİ;4. SOKAK;sokak;383617
ERZURUM;NARMAN;ŞEKERLİ;5. SOKAK;sokak;42089
ERZURUM;NARMAN;ŞEKERLİ;6. SOKAK;sokak;42090
ERZURUM;NARMAN;ŞEKERLİ;7. SOKAK;sokak;383618
ERZURUM;NARMAN;ŞEKERLİ;8. SOKAK;sokak;383615
ERZURUM;NARMAN;ŞEKERLİ;9. SOKAK;sokak;42084
ERZURUM;NARMAN;ŞEKERLİ;BILINMEYEN52 SOKAK;sokak;233294100
ERZURUM;NARMAN;ŞEKERLİ;BİLİNMEYEN49 SOKAK;sokak;913729120
ERZURUM;NARMAN;ŞEKERLİ;BİLİNMEYEN50 SOKAK;sokak;611452560
ERZURUM;NARMAN;ŞEKERLİ;BİLİNMEYEN51 SOKAK;sokak;608267811
ERZURUM;NARMAN;ŞEKERLİ;BİLİNMEYEN53 SOKAK;sokak;552721400
ERZURUM;NARMAN;ŞEKERLİ;BİLİNMEYEN54 SOKAK;sokak;238743730
ERZURUM;NARMAN;ŞEKERLİ;BİLİNMEYEN55 SOKAK;sokak;915389340
ERZURUM;NARMAN;ŞEKERLİ;BİLİNMEYEN56 SOKAK;sokak;603910911
ERZURUM;NARMAN;ŞEKERLİ;BİLİNMEYEN62 SOKAK;sokak;763434090
ERZURUM;NARMAN;ŞEKERLİ;SÜTPINAR KÜME EVLER;sokak;349529111
ERZURUM;NARMAN;ŞEKERLİ;ŞEKERLİ KÜME EVLER;sokak;464114431
ERZURUM;NARMAN;TAŞBURUN;TAŞBURUN SOKAK;sokak;441165
ERZURUM;NARMAN;TAŞBURUN;TAŞBURUN/1 SOKAK;sokak;325342990
ERZURUM;NARMAN;TAŞBURUN;TAŞBURUN/10 SOKAK;sokak;437335261
ERZURUM;NARMAN;TAŞBURUN;TAŞBURUN/11 SOKAK;sokak;226214781
ERZURUM;NARMAN;TAŞBURUN;TAŞBURUN/12 SOKAK;sokak;769990510
ERZURUM;NARMAN;TAŞBURUN;TAŞBURUN/2 SOKAK;sokak;839994661
ERZURUM;NARMAN;TAŞBURUN;TAŞBURUN/3 SOKAK;sokak;473669191
ERZURUM;NARMAN;TAŞBURUN;TAŞBURUN/4 SOKAK;sokak;699395021
ERZURUM;NARMAN;TAŞBURUN;TAŞBURUN/5 SOKAK;sokak;627695750
ERZURUM;NARMAN;TAŞBURUN;TAŞBURUN/6 SOKAK;sokak;558000721
ERZURUM;NARMAN;TAŞBURUN;TAŞBURUN/7 SOKAK;sokak;573729300
ERZURUM;NARMAN;TAŞBURUN;TAŞBURUN/8 SOKAK;sokak;673198711
ERZURUM;NARMAN;TAŞBURUN;TAŞBURUN9 SOKAK;sokak;411778411
ERZURUM;NARMAN;TELLİ;ERGAZİ KÜME EVLER;sokak;223717930
ERZURUM;NARMAN;TELLİ;TELLİ KÜME EVLER;sokak;543795
ERZURUM;NARMAN;TOYGARLI;TOYGARLI KÜME EVLER;sokak;86150
ERZURUM;NARMAN;TUZLA;1. CAMİİ SOKAK;sokak;150279070
ERZURUM;NARMAN;TUZLA;1. ÇEŞME SOKAK;sokak;799961120
ERZURUM;NARMAN;TUZLA;1. GALATA SOKAK;sokak;278847820
ERZURUM;NARMAN;TUZLA;1. SİVRİ TEPE SOKAK;sokak;832141141
ERZURUM;NARMAN;TUZLA;2. ÇEŞME SOKAK;sokak;811673221
ERZURUM;NARMAN;TUZLA;2. IŞIKLI PEHLİVAN SOKAK;sokak;455722111
ERZURUM;NARMAN;TUZLA;3. ÇEŞME SOKAK;sokak;308471310
ERZURUM;NARMAN;TUZLA;3. IŞIKLI PEHLİVAN SOKAK;sokak;157122350
ERZURUM;NARMAN;TUZLA;4. ÇEŞME SOKAK;sokak;106056650
ERZURUM;NARMAN;TUZLA;ABLAK TAŞI SOKAK;sokak;702694440
ERZURUM;NARMAN;TUZLA;ARK SOKAK;sokak;42395
ERZURUM;NARMAN;TUZLA;AŞIKLAR YOLU SOKAK;sokak;239132470
ERZURUM;NARMAN;TUZLA;ATATÜRK 1/4 SOKAK;sokak;631621841
ERZURUM;NARMAN;TUZLA;ATATÜRK CADDE;cadde;42074
ERZURUM;NARMAN;TUZLA;BİLİNMEYEN101 SOKAK;sokak;514034671
ERZURUM;NARMAN;TUZLA;BİLİNMEYEN42 SOKAK;sokak;748637051
ERZURUM;NARMAN;TUZLA;BİLİNMEYEN74 SOKAK;sokak;592584831
ERZURUM;NARMAN;TUZLA;BİLİNMEYEN78 SOKAK;sokak;794002631
ERZURUM;NARMAN;TUZLA;CAFER AĞA SOKAK;sokak;306990860
ERZURUM;NARMAN;TUZLA;CAMİİ SOKAK;sokak;42396
ERZURUM;NARMAN;TUZLA;CUMHURİYET CADDE;cadde;42070
ERZURUM;NARMAN;TUZLA;ÇEŞME SOKAK;sokak;382319
ERZURUM;NARMAN;TUZLA;ÇEŞME/3 SOKAK;sokak;399112430
ERZURUM;NARMAN;TUZLA;ÇİFTLİK SOKAK;sokak;1278051
ERZURUM;NARMAN;TUZLA;DEMİRCİ SOKAK;sokak;382317
ERZURUM;NARMAN;TUZLA;DEMİRCİ/1 SOKAK;sokak;117764080
ERZURUM;NARMAN;TUZLA;DEVEHAN DERE SOKAK;sokak;377199861
ERZURUM;NARMAN;TUZLA;ERZURUM CADDE;cadde;713542601
ERZURUM;NARMAN;TUZLA;GALATA SOKAK;sokak;42071
ERZURUM;NARMAN;TUZLA;GÜL PERİ SOKAK;sokak;42076
ERZURUM;NARMAN;TUZLA;HİMMET SOKAK;sokak;42072
ERZURUM;NARMAN;TUZLA;HİMMET/1 SOKAK;sokak;928828851
ERZURUM;NARMAN;TUZLA;HÜMMET SOKAK;sokak;757853110
ERZURUM;NARMAN;TUZLA;IŞIKLI PEHLİVAN SOKAK;sokak;42394
ERZURUM;NARMAN;TUZLA;IŞIKLI PEHLİVAN/2 SOKAK;sokak;661395441
ERZURUM;NARMAN;TUZLA;KARDELEN SOKAK;sokak;854313691
ERZURUM;NARMAN;TUZLA;KERİMOĞLU SOKAK;sokak;42073
ERZURUM;NARMAN;TUZLA;MAHMUT ÇAVUŞ CADDE;cadde;660552450
ERZURUM;NARMAN;TUZLA;MAHMUTÇAVUŞ KÜME EVLER;sokak;704870951
ERZURUM;NARMAN;TUZLA;MEHMET ÇİL CADDE;cadde;155184421
ERZURUM;NARMAN;TUZLA;MOLLA AHMET SOKAK;sokak;382318
ERZURUM;NARMAN;TUZLA;ORHAN DELİGÖZ CADDE;cadde;42078
ERZURUM;NARMAN;TUZLA;SİVRİ TEPE SOKAK;sokak;454593020
ERZURUM;NARMAN;TUZLA;SÜMMANİ CADDE;cadde;42075
ERZURUM;NARMAN;TUZLA;TUZLA1/1 SOKAK;sokak;567221680
ERZURUM;NARMAN;TUZLA;TUZLA1/3 SOKAK;sokak;222358651
ERZURUM;NARMAN;TUZLA;ÜNİVERSİTE/1 SOKAK;sokak;441405310
ERZURUM;NARMAN;TUZLA;ÜNİVERSİTE/10 SOKAK;sokak;376131140
ERZURUM;NARMAN;TUZLA;ÜNİVERSİTE/12 SOKAK;sokak;640582411
ERZURUM;NARMAN;TUZLA;ÜNİVERSİTE/13 SOKAK;sokak;488632601
ERZURUM;NARMAN;TUZLA;ÜNİVERSİTE/14 SOKAK;sokak;863814490
ERZURUM;NARMAN;TUZLA;ÜNİVERSİTE/15 SOKAK;sokak;712798300
ERZURUM;NARMAN;TUZLA;ÜNİVERSİTE/9 SOKAK;sokak;873434300
ERZURUM;NARMAN;TUZLA;YÜCEL AHMET İŞLEYEN CADDE;cadde;339142681
ERZURUM;NARMAN;TUZLA;ZEKİ KINALI CADDE;cadde;42077
ERZURUM;NARMAN;YANIKTAŞ;YANIKTAŞ KÜME EVLER;sokak;315043
ERZURUM;NARMAN;YOLDERE;YOLDERE KÜME EVLER;sokak;553430
ERZURUM;NARMAN;YUKARIYAYLA;YUKARIYAYLA KÜME EVLER;sokak;549233
ERZURUM;OLTU;ALATARLA;ALATARLA KÜME EVLER;sokak;558935
ERZURUM;OLTU;ARITAŞ;ARITAŞ KÜME EVLER;sokak;520695
ERZURUM;OLTU;ARITAŞ;BAĞLAR KÜME EVLER;sokak;520301
ERZURUM;OLTU;ASLANPAŞA;25 MART CADDE;cadde;695435
ERZURUM;OLTU;ASLANPAŞA;50. YIL CADDE;cadde;722652
ERZURUM;OLTU;ASLANPAŞA;ASLANPAŞA CAMİ SOKAK;sokak;74986
ERZURUM;OLTU;ASLANPAŞA;ASLANPAŞA CAMİ1 SOKAK;sokak;434886670
ERZURUM;OLTU;ASLANPAŞA;ATATÜRK CADDE;cadde;724305
ERZURUM;OLTU;ASLANPAŞA;BAŞAK_1 SOKAK;sokak;721953
ERZURUM;OLTU;ASLANPAŞA;BOSTAN ÇIKMAZ SOKAK;sokak;732511
ERZURUM;OLTU;ASLANPAŞA;ÇAKMAK SOKAK;sokak;728774
ERZURUM;OLTU;ASLANPAŞA;ÇAYKARA CADDE;cadde;721412
ERZURUM;OLTU;ASLANPAŞA;ÇAYKARA1 SOKAK;sokak;287692890
ERZURUM;OLTU;ASLANPAŞA;ÇİMEN BESİ KÜME EVLER;sokak;22222
ERZURUM;OLTU;ASLANPAŞA;DEVRAN SOKAK;sokak;726250
ERZURUM;OLTU;ASLANPAŞA;EKİNCİ SOKAK;sokak;725342
ERZURUM;OLTU;ASLANPAŞA;EMİN SOKAK;sokak;725330
ERZURUM;OLTU;ASLANPAŞA;ERDEM SOKAK;sokak;241262
ERZURUM;OLTU;ASLANPAŞA;ERDEM1 SOKAK;sokak;123613821
ERZURUM;OLTU;ASLANPAŞA;EROĞLU SOKAK;sokak;75242
ERZURUM;OLTU;ASLANPAŞA;ESKİ SET ÜSTÜ SOKAK;sokak;724782
ERZURUM;OLTU;ASLANPAŞA;GÖZTEPE CADDE;cadde;721678
ERZURUM;OLTU;ASLANPAŞA;HAMAM SOKAK;sokak;732526
ERZURUM;OLTU;ASLANPAŞA;İBRAHİM BEY KÜME EVLER;sokak;130345
ERZURUM;OLTU;ASLANPAŞA;İĞDELİ_1 KÜME EVLER;sokak;154587
ERZURUM;OLTU;ASLANPAŞA;İNCİ PASAJI SOKAK;sokak;90075
ERZURUM;OLTU;ASLANPAŞA;İYİSOY KÜME EVLER;sokak;734272
ERZURUM;OLTU;ASLANPAŞA;KALE ALTI SOKAK;sokak;154549
ERZURUM;OLTU;ASLANPAŞA;KALE CADDE;cadde;76846
ERZURUM;OLTU;ASLANPAŞA;KALE1 SOKAK;sokak;482802181
ERZURUM;OLTU;ASLANPAŞA;KARABULUT SOKAK;sokak;154767
ERZURUM;OLTU;ASLANPAŞA;KARANFİL ÇIKMAZ SOKAK;sokak;721420
ERZURUM;OLTU;ASLANPAŞA;KIYMET ÇIKMAZ SOKAK;sokak;734287
ERZURUM;OLTU;ASLANPAŞA;MEMET ÇAVUŞ SOKAK;sokak;721344
ERZURUM;OLTU;ASLANPAŞA;MERKEZ SOKAK;sokak;721880
ERZURUM;OLTU;ASLANPAŞA;MUSTAFA COŞKUN SOKAK;sokak;81284
ERZURUM;OLTU;ASLANPAŞA;MUSTAFA COŞKUN1 SOKAK;sokak;645800870
ERZURUM;OLTU;ASLANPAŞA;MÜEZZİN SOKAK;sokak;725018
ERZURUM;OLTU;ASLANPAŞA;MÜJDE SOKAK;sokak;723588
ERZURUM;OLTU;ASLANPAŞA;NAME SOKAK;sokak;46633
ERZURUM;OLTU;ASLANPAŞA;OSMAN AYYILDIZ CADDE;cadde;386002
ERZURUM;OLTU;ASLANPAŞA;OSMANCIK KÜME EVLER;sokak;733392
ERZURUM;OLTU;ASLANPAŞA;PAŞALIK SOKAK;sokak;952117
ERZURUM;OLTU;ASLANPAŞA;RESSAM SOKAK;sokak;22280
ERZURUM;OLTU;ASLANPAŞA;SADAKAT SOKAK;sokak;728265
ERZURUM;OLTU;ASLANPAŞA;SALİH ÇIKMAZ SOKAK;sokak;731790
ERZURUM;OLTU;ASLANPAŞA;SİYAH İNCİ SOKAK;sokak;726404
ERZURUM;OLTU;ASLANPAŞA;ŞEHİT FATİH ALBAYRAK CADDE;cadde;734275
ERZURUM;OLTU;ASLANPAŞA;ŞEHİT HASAN ASLAN CADDE;cadde;30169
ERZURUM;OLTU;ASLANPAŞA;ŞEHİT İLİMDAR ATASOY CADDE;cadde;152999
ERZURUM;OLTU;ASLANPAŞA;ŞEHİT LOKMAN KILIÇ CADDE;cadde;730840
ERZURUM;OLTU;ASLANPAŞA;ŞEHİTLİK SOKAK;sokak;467773971
ERZURUM;OLTU;ASLANPAŞA;ŞİMŞEK SOKAK;sokak;734253
ERZURUM;OLTU;ASLANPAŞA;TAŞKIN KÜME EVLER;sokak;733400
ERZURUM;OLTU;ASLANPAŞA;TOKSOY SOKAK;sokak;721946
ERZURUM;OLTU;ASLANPAŞA;TOPKAYNAK KÜME EVLER;sokak;416861970
ERZURUM;OLTU;ASLANPAŞA;TURNALI KÜME EVLER;sokak;726264
ERZURUM;OLTU;ASLANPAŞA;TÜCCAR SOKAK;sokak;721294
ERZURUM;OLTU;ASLANPAŞA;ULUSOY SOKAK;sokak;731786
ERZURUM;OLTU;ASLANPAŞA;YENİ MEZBAHA CADDE;cadde;721977
ERZURUM;OLTU;ASLANPAŞA;YEŞİL VADİ CADDE;cadde;50165
ERZURUM;OLTU;ASLANPAŞA;ZİYA BEY CADDE;cadde;270520
ERZURUM;OLTU;AŞAĞIÇAMLI;AŞAĞIÇAMLI KÜME EVLER;sokak;117957
ERZURUM;OLTU;AŞAĞIKUMLU;AŞAĞIKUMLU KÜME EVLER;sokak;530541
ERZURUM;OLTU;AŞAĞIKUMLU;DAĞDİBİ KÜME EVLER;sokak;899362560
ERZURUM;OLTU;AŞAĞIKUMLU;GÜLLÜCE1 CADDE;cadde;728091710
ERZURUM;OLTU;AŞAĞIKUMLU;YİĞİTLER KÜME EVLER;sokak;542018
ERZURUM;OLTU;AYVALI;AYVALI KÜME EVLER;sokak;557253
ERZURUM;OLTU;AYVALI;CİVAN KÜME EVLER;sokak;335885
ERZURUM;OLTU;AYVALI;HASANAĞA KÜME EVLER;sokak;565499
ERZURUM;OLTU;AYYILDIZ;AYYILDIZ KÜME EVLER;sokak;161787
ERZURUM;OLTU;BAHÇECİK;BAHÇECİK KÜME EVLER;sokak;515237
ERZURUM;OLTU;BAHÇELİKIŞLA;BAHÇELİKIŞLA KÜME EVLER;sokak;568351
ERZURUM;OLTU;BAHÇELİKIŞLA;ÇEPERLİ KÜME EVLER;sokak;573814
ERZURUM;OLTU;BAHÇELİKIŞLA;KUBAT ÖRÜK KÜME EVLER;sokak;564738
ERZURUM;OLTU;BALLICA;BALLICA KÜME EVLER;sokak;527213
ERZURUM;OLTU;BALLICA;BALLICA1 CADDE;cadde;742087600
ERZURUM;OLTU;BAŞAKLI;BAŞAKLI KÜME EVLER;sokak;551274
ERZURUM;OLTU;BAŞAKLI;BAŞAKLI_1 CADDE;cadde;931680371
ERZURUM;OLTU;BAŞAKLI;GÜLTEPE KÜME EVLER;sokak;557348
ERZURUM;OLTU;BAŞAKLI;KÖPRÜBAŞI KÜME EVLER;sokak;563050
ERZURUM;OLTU;BAŞBAĞLAR;BAŞBAĞLAR KÜME EVLER;sokak;505295
ERZURUM;OLTU;BAŞBAĞLAR;BAŞBAĞLAR1 CADDE;cadde;582645811
ERZURUM;OLTU;CUMHURİYET;51 ŞÜKRÜ SOKAK;sokak;836565041
ERZURUM;OLTU;CUMHURİYET;AKPINAR ÇIKMAZI SOKAK;sokak;714216
ERZURUM;OLTU;CUMHURİYET;AKSU SOKAK;sokak;708043
ERZURUM;OLTU;CUMHURİYET;AKTİF SOKAK;sokak;713999
ERZURUM;OLTU;CUMHURİYET;ALADA SOKAK;sokak;714384
ERZURUM;OLTU;CUMHURİYET;ARAS SOKAK;sokak;408941
ERZURUM;OLTU;CUMHURİYET;ARSLAN ÇIKMAZ SOKAK;sokak;713971
ERZURUM;OLTU;CUMHURİYET;AVCI SOKAK;sokak;401044
ERZURUM;OLTU;CUMHURİYET;AYDOĞDU SOKAK;sokak;711209
ERZURUM;OLTU;CUMHURİYET;AYDOĞDU1 SOKAK;sokak;905402121
ERZURUM;OLTU;CUMHURİYET;BEDİR SOKAK;sokak;478529
ERZURUM;OLTU;CUMHURİYET;BİLGİ EVİ SOKAK;sokak;1259191
ERZURUM;OLTU;CUMHURİYET;BİLGİN_1 SOKAK;sokak;315852
ERZURUM;OLTU;CUMHURİYET;BOZTEPE CADDE;cadde;475856
ERZURUM;OLTU;CUMHURİYET;BÜYÜK HARK CADDE;cadde;711803
ERZURUM;OLTU;CUMHURİYET;CUMHURİYET BULVAR;sokak;696401
ERZURUM;OLTU;CUMHURİYET;ÇAMLICA CADDE;cadde;719223
ERZURUM;OLTU;CUMHURİYET;ÇİÇEK SOKAK;sokak;113679
ERZURUM;OLTU;CUMHURİYET;DEMİRCİ SOKAK;sokak;379595
ERZURUM;OLTU;CUMHURİYET;DERE SOKAK;sokak;710370
ERZURUM;OLTU;CUMHURİYET;ESENEVLER CADDE;cadde;164878861
ERZURUM;OLTU;CUMHURİYET;GÖKÇE KÜME EVLER;sokak;448971
ERZURUM;OLTU;CUMHURİYET;GÜLCÜ ÇIKMAZ SOKAK;sokak;712211
ERZURUM;OLTU;CUMHURİYET;GÜNEŞ CADDE;cadde;708801
ERZURUM;OLTU;CUMHURİYET;GÜNEŞ1 SOKAK;sokak;913182461
ERZURUM;OLTU;CUMHURİYET;GÜRSOY SOKAK;sokak;713995
ERZURUM;OLTU;CUMHURİYET;HASTANE CADDE;cadde;330399
ERZURUM;OLTU;CUMHURİYET;HAYAT CADDE;cadde;448980
ERZURUM;OLTU;CUMHURİYET;HAYIRSEVER SOKAK;sokak;82018
ERZURUM;OLTU;CUMHURİYET;IŞIK CADDE;cadde;714187
ERZURUM;OLTU;CUMHURİYET;İLKÖĞRETİM SOKAK;sokak;710868
ERZURUM;OLTU;CUMHURİYET;İNCE SOKAK;sokak;710474
ERZURUM;OLTU;CUMHURİYET;KAPLAN SOKAK;sokak;713538
ERZURUM;OLTU;CUMHURİYET;KARABAĞ SOKAK;sokak;710966
ERZURUM;OLTU;CUMHURİYET;KARABAĞ1 SOKAK;sokak;940431711
ERZURUM;OLTU;CUMHURİYET;KARABULUT SOKAK;sokak;245474400
ERZURUM;OLTU;CUMHURİYET;KENT PARKI SOKAK;sokak;81611
ERZURUM;OLTU;CUMHURİYET;KESKİN CADDE;cadde;712230
ERZURUM;OLTU;CUMHURİYET;KIZILCIK SOKAK;sokak;264799
ERZURUM;OLTU;CUMHURİYET;KONDU SOKAK;sokak;710481
ERZURUM;OLTU;CUMHURİYET;KORKMAZ SOKAK;sokak;483251
ERZURUM;OLTU;CUMHURİYET;KORKMAZ1 SOKAK;sokak;427128691
ERZURUM;OLTU;CUMHURİYET;KÖSE SOKAK;sokak;712224
ERZURUM;OLTU;CUMHURİYET;KÖŞE SOKAK;sokak;41193
ERZURUM;OLTU;CUMHURİYET;MEHTER CADDE;cadde;720490
ERZURUM;OLTU;CUMHURİYET;MERDİVENLİ SOKAK;sokak;390874
ERZURUM;OLTU;CUMHURİYET;MİNİ SOKAK;sokak;136558
ERZURUM;OLTU;CUMHURİYET;NALBANT SOKAK;sokak;473938
ERZURUM;OLTU;CUMHURİYET;NARMAN CADDE;cadde;729900
ERZURUM;OLTU;CUMHURİYET;NAZAR SOKAK;sokak;709359
ERZURUM;OLTU;CUMHURİYET;NEFER SOKAK;sokak;259005
ERZURUM;OLTU;CUMHURİYET;ÖZTAŞ SOKAK;sokak;710864
ERZURUM;OLTU;CUMHURİYET;POLAT ÇIKMAZ SOKAK;sokak;261540
ERZURUM;OLTU;CUMHURİYET;SAĞDIÇ SOKAK;sokak;81518
ERZURUM;OLTU;CUMHURİYET;SEFERAĞA CADDE;cadde;475864
ERZURUM;OLTU;CUMHURİYET;SEYRAN CADDE;cadde;717612
ERZURUM;OLTU;CUMHURİYET;ŞAHİN KÜME EVLER;sokak;368993
ERZURUM;OLTU;CUMHURİYET;ŞEHİT MUHSİN ÜSTÜN CADDE;cadde;710049
ERZURUM;OLTU;CUMHURİYET;ŞEHİT MUSTAFA SONKAYA CADDE;cadde;710051
ERZURUM;OLTU;CUMHURİYET;ŞEHİT SITKI ŞEN CADDE;cadde;714350
ERZURUM;OLTU;CUMHURİYET;ŞEN SOKAK;sokak;713969
ERZURUM;OLTU;CUMHURİYET;VATAN CADDE;cadde;710871
ERZURUM;OLTU;CUMHURİYET;YENİ_2 SOKAK;sokak;710862
ERZURUM;OLTU;CUMHURİYET;YEŞİL BAĞLAR CADDE;cadde;475835
ERZURUM;OLTU;CUMHURİYET;YILDIRIM SOKAK;sokak;703846
ERZURUM;OLTU;CUMHURİYET;YUNUS EMRE CADDE;cadde;710044
ERZURUM;OLTU;CUMHURİYET;YURTKUR SOKAK;sokak;713542
ERZURUM;OLTU;CUMHURİYET;YÜKSEK SOKAK;sokak;717511
ERZURUM;OLTU;ÇAMLIBEL;ÇAMLIBEL KÜME EVLER;sokak;524639
ERZURUM;OLTU;ÇAMLIBEL;ÇAMLIBEL1 CADDE;cadde;905910410
ERZURUM;OLTU;ÇANAKPINAR;ÇANAKPINAR KÜME EVLER;sokak;543120
ERZURUM;OLTU;ÇATAK;ÇATAK KÜME EVLER;sokak;545821
ERZURUM;OLTU;ÇATAK;HARMANLI KÜME EVLER;sokak;325317
ERZURUM;OLTU;ÇATALSÖĞÜT;ÇATALSÖĞÜT KÜME EVLER;sokak;519549
ERZURUM;OLTU;ÇATALSÖĞÜT;DAMARLITAŞ KÜME EVLER;sokak;918363950
ERZURUM;OLTU;ÇAYÜSTÜ;ÇAYÜSTÜ KÜME EVLER;sokak;525197
ERZURUM;OLTU;ÇENGELLİ;ÇENGELLİ KÜME EVLER;sokak;122719
ERZURUM;OLTU;DAĞDİBİ;DAĞDİBİ KÜME EVLER;sokak;522542
ERZURUM;OLTU;DAĞDİBİ;DAĞDİBİ_2 CADDE;cadde;455407390
ERZURUM;OLTU;DAMARLITAŞ;DAMARLITAŞ KÜME EVLER;sokak;518732
ERZURUM;OLTU;DEMİRTAŞ;DEMİRTAŞ KÜME EVLER;sokak;505296
ERZURUM;OLTU;DEREBAŞI;DEREBAŞI KÜME EVLER;sokak;515761
ERZURUM;OLTU;DEREBAŞI;HAKVER KÜME EVLER;sokak;518302
ERZURUM;OLTU;DOKUZDEĞİRMEN;DOKUZDEĞİRMEN KÜME EVLER;sokak;518875
ERZURUM;OLTU;DURALAR;DURALAR KÜME EVLER;sokak;504780
ERZURUM;OLTU;ELMADÜZÜ;ELMADÜZÜ KÜME EVLER;sokak;533216
ERZURUM;OLTU;ELMADÜZÜ;YAĞLICA KÜME EVLER;sokak;376858
ERZURUM;OLTU;ERDOĞMUŞ;ERDOĞMUŞ KÜME EVLER;sokak;517884
ERZURUM;OLTU;ESENYAMAÇ;ESENYAMAÇ KÜME EVLER;sokak;507097
ERZURUM;OLTU;GÖKÇEDERE;GÖKÇEDERE KÜME EVLER;sokak;86133
ERZURUM;OLTU;GÖKÇEDERE;GÖKÇEDERE1 CADDE;cadde;349243160
ERZURUM;OLTU;GÜNLÜCE;GÜLLÜCE KÜME EVLER;sokak;525482
ERZURUM;OLTU;GÜNLÜCE;GÜLLÜCE1 CADDE;cadde;740433320
ERZURUM;OLTU;GÜRYAPRAK;GÜRYAPRAK KÜME EVLER;sokak;455351
ERZURUM;OLTU;GÜZELSU;GÜZELSU KÖYÜ YENİ MAHALLE SOKAK;sokak;965439
ERZURUM;OLTU;GÜZELSU;GÜZELSU KÖYÜ YENİ MAHALLE/1 SOKAK;sokak;948191170
ERZURUM;OLTU;GÜZELSU;GÜZELSU KÖYÜ YENİ MAHALLE/10 SOKAK;sokak;901597321
ERZURUM;OLTU;GÜZELSU;GÜZELSU KÖYÜ YENİ MAHALLE/11 SOKAK;sokak;483114351
ERZURUM;OLTU;GÜZELSU;GÜZELSU KÖYÜ YENİ MAHALLE/12 SOKAK;sokak;368268321
ERZURUM;OLTU;GÜZELSU;GÜZELSU KÖYÜ YENİ MAHALLE/13 SOKAK;sokak;783106120
ERZURUM;OLTU;GÜZELSU;GÜZELSU KÖYÜ YENİ MAHALLE/14 SOKAK;sokak;699655801
ERZURUM;OLTU;GÜZELSU;GÜZELSU KÖYÜ YENİ MAHALLE/2 SOKAK;sokak;705518901
ERZURUM;OLTU;GÜZELSU;GÜZELSU KÖYÜ YENİ MAHALLE/3 SOKAK;sokak;327652240
ERZURUM;OLTU;GÜZELSU;GÜZELSU KÖYÜ YENİ MAHALLE/4 SOKAK;sokak;479937610
ERZURUM;OLTU;GÜZELSU;GÜZELSU KÖYÜ YENİ MAHALLE/5 SOKAK;sokak;701115881
ERZURUM;OLTU;GÜZELSU;GÜZELSU KÖYÜ YENİ MAHALLE/6 SOKAK;sokak;224858331
ERZURUM;OLTU;GÜZELSU;GÜZELSU KÖYÜ YENİ MAHALLE/7 SOKAK;sokak;439205451
ERZURUM;OLTU;GÜZELSU;GÜZELSU KÖYÜ YENİ MAHALLE/8 SOKAK;sokak;793389190
ERZURUM;OLTU;GÜZELSU;GÜZELSU KÖYÜ YENİ MAHALLE/9 SOKAK;sokak;886518070
ERZURUM;OLTU;GÜZELSU;GÜZELSU KÜME EVLER;sokak;551432
ERZURUM;OLTU;GÜZELSU;GÜZELSU_1 CADDE;cadde;831157330
ERZURUM;OLTU;GÜZELSU;KIŞLA KÜME EVLER;sokak;563777
ERZURUM;OLTU;HALİTPAŞA;25 MART CADDE;cadde;717570
ERZURUM;OLTU;HALİTPAŞA;AK SOKAK;sokak;723721
ERZURUM;OLTU;HALİTPAŞA;AKDAĞ SOKAK;sokak;719814
ERZURUM;OLTU;HALİTPAŞA;ASAN SOKAK;sokak;715519
ERZURUM;OLTU;HALİTPAŞA;ASLAN SOKAK;sokak;707845
ERZURUM;OLTU;HALİTPAŞA;ASLANAĞA SOKAK;sokak;724801
ERZURUM;OLTU;HALİTPAŞA;BAHÇECİK_1 SOKAK;sokak;719215
ERZURUM;OLTU;HALİTPAŞA;BESİ ÇİFTLİĞİ KÜME EVLER;sokak;709143
ERZURUM;OLTU;HALİTPAŞA;BİŞMİŞ SOKAK;sokak;711336
ERZURUM;OLTU;HALİTPAŞA;CENGİZ KÜME EVLER;sokak;713936
ERZURUM;OLTU;HALİTPAŞA;ÇEPER KÜME EVLER;sokak;711333
ERZURUM;OLTU;HALİTPAŞA;ÇERMİK SOKAK;sokak;716791
ERZURUM;OLTU;HALİTPAŞA;ÇİĞDEMLİ SOKAK;sokak;712149
ERZURUM;OLTU;HALİTPAŞA;ÇİMEN BESİ KÜME EVLER;sokak;613078561
ERZURUM;OLTU;HALİTPAŞA;DAĞDİBİ_1 SOKAK;sokak;726481
ERZURUM;OLTU;HALİTPAŞA;DEMİRBAĞ SOKAK;sokak;714840
ERZURUM;OLTU;HALİTPAŞA;GÜVERCİN SOKAK;sokak;359012
ERZURUM;OLTU;HALİTPAŞA;GÜVERCİN1 SOKAK;sokak;238622871
ERZURUM;OLTU;HALİTPAŞA;HALİTPAŞA CADDE;cadde;715841
ERZURUM;OLTU;HALİTPAŞA;HEYELANLI SOKAK;sokak;713338
ERZURUM;OLTU;HALİTPAŞA;HEYELANLI1 SOKAK;sokak;793454350
ERZURUM;OLTU;HALİTPAŞA;KARACA KÜME EVLER;sokak;43329
ERZURUM;OLTU;HALİTPAŞA;KARÇİÇEĞİ SOKAK;sokak;718931
ERZURUM;OLTU;HALİTPAŞA;KARÇİÇEĞİ1 SOKAK;sokak;210500181
ERZURUM;OLTU;HALİTPAŞA;KARTAL YOKUŞU SOKAK;sokak;723744
ERZURUM;OLTU;HALİTPAŞA;KUMLUÇIKMAZI KÜME EVLER;sokak;715549
ERZURUM;OLTU;HALİTPAŞA;KUMLUTEPE SOKAK;sokak;715538
ERZURUM;OLTU;HALİTPAŞA;KÜTÜPHANE SOKAK;sokak;910853
ERZURUM;OLTU;HALİTPAŞA;LALE SOKAK;sokak;318966
ERZURUM;OLTU;HALİTPAŞA;MENFEZ SOKAK;sokak;726059
ERZURUM;OLTU;HALİTPAŞA;MENFEZ1 SOKAK;sokak;172392601
ERZURUM;OLTU;HALİTPAŞA;MISRI ZENNUN CADDE;cadde;717862
ERZURUM;OLTU;HALİTPAŞA;MISRI ZENNUN1 SOKAK;sokak;521758411
ERZURUM;OLTU;HALİTPAŞA;NARMAN CADDE;cadde;728876
ERZURUM;OLTU;HALİTPAŞA;NARMAN2 SOKAK;sokak;539099660
ERZURUM;OLTU;HALİTPAŞA;NARMAN3 SOKAK;sokak;638877640
ERZURUM;OLTU;HALİTPAŞA;NARMAN4 SOKAK;sokak;123261870
ERZURUM;OLTU;HALİTPAŞA;NARMAN5 SOKAK;sokak;440632610
ERZURUM;OLTU;HALİTPAŞA;PALA YOKUŞU SOKAK;sokak;724063
ERZURUM;OLTU;HALİTPAŞA;SEDEF SOKAK;sokak;713938
ERZURUM;OLTU;HALİTPAŞA;SİTARE SOKAK;sokak;712570
ERZURUM;OLTU;HALİTPAŞA;SU DEPOSU SOKAK;sokak;713691
ERZURUM;OLTU;HALİTPAŞA;ŞEHİT FATİH ALBAYRAK CADDE;cadde;26845
ERZURUM;OLTU;HALİTPAŞA;TOKSOY SOKAK;sokak;595357731
ERZURUM;OLTU;HALİTPAŞA;TÜRBE KÜME EVLER;sokak;709780
ERZURUM;OLTU;HALİTPAŞA;YAYLA SOKAK;sokak;24047
ERZURUM;OLTU;HALİTPAŞA;YURT1 SOKAK;sokak;629098410
ERZURUM;OLTU;HALİTPAŞA;YURT2 SOKAK;sokak;815457251
ERZURUM;OLTU;İĞDELİ;İĞDELİ KÜME EVLER;sokak;85574
ERZURUM;OLTU;İNANMIŞ;İNANMIŞ KÜME EVLER;sokak;526279
ERZURUM;OLTU;İNANMIŞ;İNANMIŞ1 CADDE;cadde;795848921
ERZURUM;OLTU;İNCİ;İNCİ KÜME EVLER;sokak;527614
ERZURUM;OLTU;İPEKÇAYIRI;İPEKÇAYIR KÜME EVLER;sokak;536786
ERZURUM;OLTU;İRİAĞAÇ;İRİAĞAÇ KÜME EVLER;sokak;471815
ERZURUM;OLTU;KALEBOĞAZI;ERDOĞMUŞ KÜME EVLER;sokak;826429761
ERZURUM;OLTU;KALEBOĞAZI;KALEBOĞAZ KÜME EVLER;sokak;298888
ERZURUM;OLTU;KALEBOĞAZI;KALEBOĞAZI CADDE;cadde;494378091
ERZURUM;OLTU;KARABEKİR;ACAR SOKAK;sokak;526426
ERZURUM;OLTU;KARABEKİR;AĞA KONAĞI SOKAK;sokak;80970
ERZURUM;OLTU;KARABEKİR;ALINTERİ SOKAK;sokak;317909
ERZURUM;OLTU;KARABEKİR;ARDIÇ SOKAK;sokak;719452
ERZURUM;OLTU;KARABEKİR;ATATÜRK CADDE;cadde;901865111
ERZURUM;OLTU;KARABEKİR;AY ÇIKMAZ SOKAK;sokak;82689
ERZURUM;OLTU;KARABEKİR;AYDIN SOKAK;sokak;725059
ERZURUM;OLTU;KARABEKİR;BAĞLI SOKAK;sokak;715996
ERZURUM;OLTU;KARABEKİR;BEKÇİ KÜME EVLER;sokak;436566
ERZURUM;OLTU;KARABEKİR;BİÇİM SOKAK;sokak;727355
ERZURUM;OLTU;KARABEKİR;BOZTEPE CADDE;cadde;733793
ERZURUM;OLTU;KARABEKİR;CEMİYET SOKAK;sokak;716388
ERZURUM;OLTU;KARABEKİR;CENK SOKAK;sokak;720796
ERZURUM;OLTU;KARABEKİR;CEYLAN SOKAK;sokak;723945
ERZURUM;OLTU;KARABEKİR;COŞKUNLAR CADDE;cadde;717254
ERZURUM;OLTU;KARABEKİR;CUMA SOKAK;sokak;442279
ERZURUM;OLTU;KARABEKİR;CUMA1 SOKAK;sokak;131811931
ERZURUM;OLTU;KARABEKİR;CUMHURİYET BULVAR;sokak;701048
ERZURUM;OLTU;KARABEKİR;ÇAĞLA SOKAK;sokak;75789
ERZURUM;OLTU;KARABEKİR;ÇAKIR SOKAK;sokak;473501
ERZURUM;OLTU;KARABEKİR;ÇAMLICA CADDE;cadde;733790
ERZURUM;OLTU;KARABEKİR;ÇAVUŞ SOKAK;sokak;719125
ERZURUM;OLTU;KARABEKİR;ÇELEBİ SOKAK;sokak;290903050
ERZURUM;OLTU;KARABEKİR;ÇEVRE YOLU CADDE;cadde;783451541
ERZURUM;OLTU;KARABEKİR;ÇEVRE YOLU1 SOKAK;sokak;538112380
ERZURUM;OLTU;KARABEKİR;ÇINAR SOKAK;sokak;75180
ERZURUM;OLTU;KARABEKİR;ÇİT SOKAK;sokak;725617
ERZURUM;OLTU;KARABEKİR;DEMİR SOKAK;sokak;726852
ERZURUM;OLTU;KARABEKİR;DURMUŞ ÇEVİK SOKAK;sokak;717702
ERZURUM;OLTU;KARABEKİR;ECZACI SOKAK;sokak;714653
ERZURUM;OLTU;KARABEKİR;ELİBOL SOKAK;sokak;136586
ERZURUM;OLTU;KARABEKİR;EREN SOKAK;sokak;716172
ERZURUM;OLTU;KARABEKİR;ETİ SOKAK;sokak;722578
ERZURUM;OLTU;KARABEKİR;GENÇLİK SOKAK;sokak;727142
ERZURUM;OLTU;KARABEKİR;GÖKÇE KÜME EVLER;sokak;381792221
ERZURUM;OLTU;KARABEKİR;GÜLHAN SOKAK;sokak;726724
ERZURUM;OLTU;KARABEKİR;GÜNEŞ1 SOKAK;sokak;307427120
ERZURUM;OLTU;KARABEKİR;HALKEĞİTİM SOKAK;sokak;717704
ERZURUM;OLTU;KARABEKİR;HANEDAN SOKAK;sokak;75794
ERZURUM;OLTU;KARABEKİR;HAYAT CADDE;cadde;714710
ERZURUM;OLTU;KARABEKİR;HAYIRSEVER SOKAK;sokak;723529
ERZURUM;OLTU;KARABEKİR;IŞIK CADDE;cadde;506076051
ERZURUM;OLTU;KARABEKİR;İHSAN SOKAK;sokak;723854
ERZURUM;OLTU;KARABEKİR;İPEK CADDE;cadde;723530
ERZURUM;OLTU;KARABEKİR;KALAYCI FAHRİ SOKAK;sokak;44029
ERZURUM;OLTU;KARABEKİR;KARABEKİR CADDE;cadde;720355
ERZURUM;OLTU;KARABEKİR;KAYA SOKAK;sokak;75763
ERZURUM;OLTU;KARABEKİR;KEHRİBAR SOKAK;sokak;711489
ERZURUM;OLTU;KARABEKİR;KELEŞ_1 SOKAK;sokak;722152
ERZURUM;OLTU;KARABEKİR;KILIÇ SOKAK;sokak;725061
ERZURUM;OLTU;KARABEKİR;KOÇAK SOKAK;sokak;716117
ERZURUM;OLTU;KARABEKİR;KOMSER SOKAK;sokak;725664
ERZURUM;OLTU;KARABEKİR;KURAL SOKAK;sokak;725051
ERZURUM;OLTU;KARABEKİR;MENEKŞE SOKAK;sokak;719471
ERZURUM;OLTU;KARABEKİR;MUHABBET SOKAK;sokak;718892
ERZURUM;OLTU;KARABEKİR;NADİDE SOKAK;sokak;75765
ERZURUM;OLTU;KARABEKİR;NOTER SOKAK;sokak;726851
ERZURUM;OLTU;KARABEKİR;ÖCAL SOKAK;sokak;715374
ERZURUM;OLTU;KARABEKİR;ÖZGÜR SOKAK;sokak;153439
ERZURUM;OLTU;KARABEKİR;ÖZKAR SOKAK;sokak;726848
ERZURUM;OLTU;KARABEKİR;PAPATYA SOKAK;sokak;720706
ERZURUM;OLTU;KARABEKİR;POLAT SOKAK;sokak;717750
ERZURUM;OLTU;KARABEKİR;RABATLAR CADDE;cadde;723661
ERZURUM;OLTU;KARABEKİR;SAĞLAM SOKAK;sokak;317904
ERZURUM;OLTU;KARABEKİR;SEFER ÇIKMAZ SOKAK;sokak;393471171
ERZURUM;OLTU;KARABEKİR;SEFERAĞA CADDE;cadde;88232
ERZURUM;OLTU;KARABEKİR;SEYFİ ILGAR SOKAK;sokak;726139
ERZURUM;OLTU;KARABEKİR;SEYRAN CADDE;cadde;714756
ERZURUM;OLTU;KARABEKİR;SÜMBÜL SOKAK;sokak;726053
ERZURUM;OLTU;KARABEKİR;ŞAH ÇIKMAZ SOKAK;sokak;723101
ERZURUM;OLTU;KARABEKİR;ŞAİR SOKAK;sokak;719048
ERZURUM;OLTU;KARABEKİR;ŞEHİT AYHAN DEMİR CADDE;cadde;719761
ERZURUM;OLTU;KARABEKİR;ŞEHİT ERHAN BABACAN CADDE;cadde;725230
ERZURUM;OLTU;KARABEKİR;ŞENDURAK_1 CADDE;cadde;358999
ERZURUM;OLTU;KARABEKİR;ŞÖLEN SOKAK;sokak;151071
ERZURUM;OLTU;KARABEKİR;TABUR YOLU SOKAK;sokak;717732
ERZURUM;OLTU;KARABEKİR;TAŞTEKİN SOKAK;sokak;473510
ERZURUM;OLTU;KARABEKİR;UÇAR SOKAK;sokak;720993
ERZURUM;OLTU;KARABEKİR;ÜREKLİ SOKAK;sokak;723535
ERZURUM;OLTU;KARABEKİR;VATAN CADDE;cadde;726134
ERZURUM;OLTU;KARABEKİR;VEZİR SOKAK;sokak;726204
ERZURUM;OLTU;KARABEKİR;VİŞNELİ_2 SOKAK;sokak;716180
ERZURUM;OLTU;KARABEKİR;YABAN ÇIKMAZ SOKAK;sokak;727690
ERZURUM;OLTU;KARABEKİR;YARIŞ SOKAK;sokak;727144
ERZURUM;OLTU;KARABEKİR;YEŞİL BAĞLAR CADDE;cadde;211998640
ERZURUM;OLTU;KARABEKİR;YEŞİL VADİ CADDE;cadde;721916
ERZURUM;OLTU;KARABEKİR;YILDIZ SOKAK;sokak;718124
ERZURUM;OLTU;KARABEKİR;ZAHİR ÇIKMAZ SOKAK;sokak;719725
ERZURUM;OLTU;KARABEKİR;ZİYA BEY CADDE;cadde;723232
ERZURUM;OLTU;KARATAŞ;KARATAŞ KÜME EVLER;sokak;535096
ERZURUM;OLTU;KAYAALTI;KAYAALTI KÜME EVLER;sokak;518224
ERZURUM;OLTU;KEMERKAYA;KEMERKAYA KÜME EVLER;sokak;497378
ERZURUM;OLTU;KONUKSEVEN;KONUKSEVEN KÜME EVLER;sokak;512661
ERZURUM;OLTU;KÜÇÜKORUCUK;KÜÇÜKORCUK KÜME EVLER;sokak;518293
ERZURUM;OLTU;NÜĞÜRCÜK;NÜĞÜRCÜK KÜME EVLER;sokak;552279
ERZURUM;OLTU;OBAYAYLA;OBAYAYLA KÜME EVLER;sokak;525965
ERZURUM;OLTU;OBAYAYLA;TOPRAKKALE KÜME EVLER;sokak;487030860
ERZURUM;OLTU;ORUCUK;13 EVLER KÜME EVLER;sokak;449939
ERZURUM;OLTU;ORUCUK;ORUCUK KÜME EVLER;sokak;325334
ERZURUM;OLTU;ORUCUK;ORUCUK_1 CADDE;cadde;676050971
ERZURUM;OLTU;ORUCUK;VAHİT KARTAL SOKAK;sokak;846695
ERZURUM;OLTU;ÖZDERE;ÖZDERE KÜME EVLER;sokak;265511
ERZURUM;OLTU;ÖZDERE;YUKARI KÜME EVLER;sokak;71416
ERZURUM;OLTU;SAĞLICAK;SAĞLICAK KÜME EVLER;sokak;531401
ERZURUM;OLTU;SARISAZ;SARISAZ KÜME EVLER;sokak;130556
ERZURUM;OLTU;SARISAZ;SARISAZ_1 CADDE;cadde;698204700
ERZURUM;OLTU;SUBATUK;SUBATUK KÜME EVLER;sokak;517562
ERZURUM;OLTU;SUBATUK;SUBATUK_1 CADDE;cadde;447486141
ERZURUM;OLTU;SÜLEYMANLI;SÜLEYMANLI KÜME EVLER;sokak;504403
ERZURUM;OLTU;SÜLÜNKAYA;SÜLÜNKAYA KÜME EVLER;sokak;540844
ERZURUM;OLTU;ŞEHİTLER;AHMETÇAVUŞ SOKAK;sokak;50522
ERZURUM;OLTU;ŞEHİTLER;AYYILDIZ_1 SOKAK;sokak;721471
ERZURUM;OLTU;ŞEHİTLER;BESİ ÇİFTLİĞİ KÜME EVLER;sokak;114217570
ERZURUM;OLTU;ŞEHİTLER;CEBECİ KÜME EVLER;sokak;452149
ERZURUM;OLTU;ŞEHİTLER;ÇİFTLİK SOKAK;sokak;848560
ERZURUM;OLTU;ŞEHİTLER;DEDEOĞLU SOKAK;sokak;721469
ERZURUM;OLTU;ŞEHİTLER;DEMİREL SOKAK;sokak;732960
ERZURUM;OLTU;ŞEHİTLER;DEVRAN SOKAK;sokak;666559521
ERZURUM;OLTU;ŞEHİTLER;DOĞA SOKAK;sokak;859231
ERZURUM;OLTU;ŞEHİTLER;DÖRTYOL CADDE;cadde;778846740
ERZURUM;OLTU;ŞEHİTLER;DURGUN ÇIKMAZ SOKAK;sokak;721733
ERZURUM;OLTU;ŞEHİTLER;ELMALI SOKAK;sokak;722767
ERZURUM;OLTU;ŞEHİTLER;GÖNEN CADDE;cadde;154539
ERZURUM;OLTU;ŞEHİTLER;GÜL_1 SOKAK;sokak;722769
ERZURUM;OLTU;ŞEHİTLER;HALİTPAŞA CADDE;cadde;398285
ERZURUM;OLTU;ŞEHİTLER;HUZUR SOKAK;sokak;965150
ERZURUM;OLTU;ŞEHİTLER;HÜSEYİN AĞA SOKAK;sokak;721878
ERZURUM;OLTU;ŞEHİTLER;HÜSEYİN AĞA1 SOKAK;sokak;823431040
ERZURUM;OLTU;ŞEHİTLER;KALE CADDE;cadde;722157
ERZURUM;OLTU;ŞEHİTLER;KALE1 SOKAK;sokak;482802180
ERZURUM;OLTU;ŞEHİTLER;KALE2 SOKAK;sokak;654483001
ERZURUM;OLTU;ŞEHİTLER;KAR SOKAK;sokak;1435177
ERZURUM;OLTU;ŞEHİTLER;MALKOÇOĞLU SOKAK;sokak;727496
ERZURUM;OLTU;ŞEHİTLER;MISRI ZENNUN CADDE;cadde;81416
ERZURUM;OLTU;ŞEHİTLER;MUZAFFER ÇAVUŞ SOKAK;sokak;721904
ERZURUM;OLTU;ŞEHİTLER;NARMAN CADDE;cadde;728864
ERZURUM;OLTU;ŞEHİTLER;NARMAN1 SOKAK;sokak;344001760
ERZURUM;OLTU;ŞEHİTLER;NİSAN SOKAK;sokak;1475549
ERZURUM;OLTU;ŞEHİTLER;OSMAN AYYILDIZ CADDE;cadde;809277
ERZURUM;OLTU;ŞEHİTLER;ÖĞRETMEN SOKAK;sokak;722776
ERZURUM;OLTU;ŞEHİTLER;ÖZDOĞDU ÇIKMAZ SOKAK;sokak;721470
ERZURUM;OLTU;ŞEHİTLER;PALA ÇIKMAZ SOKAK;sokak;723345
ERZURUM;OLTU;ŞEHİTLER;PEHLİVAN ÇEŞME CADDE;cadde;154780
ERZURUM;OLTU;ŞEHİTLER;SABİT SOKAK;sokak;22312
ERZURUM;OLTU;ŞEHİTLER;SABİT1 SOKAK;sokak;857181461
ERZURUM;OLTU;ŞEHİTLER;SAĞLIK SOKAK;sokak;721472
ERZURUM;OLTU;ŞEHİTLER;SARIKAYA CADDE;cadde;733421
ERZURUM;OLTU;ŞEHİTLER;SARISAZ1 SOKAK;sokak;247633021
ERZURUM;OLTU;ŞEHİTLER;SERHAT SOKAK;sokak;721281
ERZURUM;OLTU;ŞEHİTLER;SOYSAL KÜME EVLER;sokak;726237
ERZURUM;OLTU;ŞEHİTLER;ŞEHİT EMRE TAŞÇI CADDE;cadde;270549
ERZURUM;OLTU;ŞEHİTLER;ŞEHİT EMRE TAŞÇI1 SOKAK;sokak;734397961
ERZURUM;OLTU;ŞEHİTLER;ŞEHİT SELAMİ VURAL CADDE;cadde;722220
ERZURUM;OLTU;ŞEHİTLER;ŞEHİT SELAMİ VURAL1 SOKAK;sokak;515612490
ERZURUM;OLTU;ŞEHİTLER;TAŞÇI KÜME EVLER;sokak;387765
ERZURUM;OLTU;ŞEHİTLER;TERMİNAL SOKAK;sokak;894130
ERZURUM;OLTU;ŞEHİTLER;YURT SOKAK;sokak;722759
ERZURUM;OLTU;ŞEHİTLER;YURT1 SOKAK;sokak;283916961
ERZURUM;OLTU;ŞEHİTLER;YURT2 SOKAK;sokak;815457250
ERZURUM;OLTU;ŞEHİTLER;ZENGİN SOKAK;sokak;732957
ERZURUM;OLTU;ŞENDURAK;ÇEVRE YOLU CADDE;cadde;237632790
ERZURUM;OLTU;ŞENDURAK;PROF. DR. TAHSİN PARLAK BULVARI SOKAK;sokak;1498835
ERZURUM;OLTU;ŞENDURAK;ŞENDURAK KÜME EVLER;sokak;510312
ERZURUM;OLTU;TEKELİ;TEKELİ KÜME EVLER;sokak;518299
ERZURUM;OLTU;TOKLU;KEÇİKOM KÜME EVLER;sokak;545885
ERZURUM;OLTU;TOKLU;TOKLU KÜME EVLER;sokak;539164
ERZURUM;OLTU;TOPKAYNAK;ÇENGELLİ KÜME EVLER;sokak;779921540
ERZURUM;OLTU;TOPKAYNAK;TOPKAYNAK KÜME EVLER;sokak;511838
ERZURUM;OLTU;TOPKAYNAK;YENİ_1 KÜME EVLER;sokak;1285887
ERZURUM;OLTU;TOPRAKKALE;TOPRAKKALE KÜME EVLER;sokak;510132
ERZURUM;OLTU;TUTLU;BEDENKIŞLA KÜME EVLER;sokak;567299
ERZURUM;OLTU;TUTLU;HANKAS KÜME EVLER;sokak;564466
ERZURUM;OLTU;TUTLU;İBRAHİM BEDİR SOKAK;sokak;862966
ERZURUM;OLTU;TUTLU;KOÇAKLAR KÜME EVLER;sokak;573861
ERZURUM;OLTU;TUTLU;TUTLU KÜME EVLER;sokak;574292
ERZURUM;OLTU;TUTLU;TUTLU1 CADDE;cadde;703189691
ERZURUM;OLTU;TUTLU;VİŞNELİ KÜME EVLER;sokak;840313350
ERZURUM;OLTU;TUTLU;YENİ KÜME EVLER;sokak;319581
ERZURUM;OLTU;TUTLU;YENİ/10 SOKAK;sokak;741720651
ERZURUM;OLTU;TUTLU;YENİ/12 SOKAK;sokak;632363500
ERZURUM;OLTU;TUTLU;YENİ/13 SOKAK;sokak;505058251
ERZURUM;OLTU;TUTLU;YENİ/14 SOKAK;sokak;941571531
ERZURUM;OLTU;TUTLU;YENİ/4 SOKAK;sokak;571642200
ERZURUM;OLTU;TUTLU;YENİ/5 SOKAK;sokak;866865160
ERZURUM;OLTU;TUTLU;YENİ/6 SOKAK;sokak;482663730
ERZURUM;OLTU;TUTLU;YENİ/7 SOKAK;sokak;800552880
ERZURUM;OLTU;TUTLU;YENİ/8 SOKAK;sokak;604911490
ERZURUM;OLTU;TUTLU;YENİ/9 SOKAK;sokak;523194310
ERZURUM;OLTU;TUTLU;YİĞİTLER KÜME EVLER;sokak;310120160
ERZURUM;OLTU;TUTMAÇ;TUTMAÇ KÜME EVLER;sokak;543245
ERZURUM;OLTU;TUZLA;AŞAĞI KÜME EVLER;sokak;499268
ERZURUM;OLTU;TUZLA;TUZLA1 CADDE;cadde;397330010
ERZURUM;OLTU;TUZLA;YENİ YERLEŞİM KÜME EVLER;sokak;498277
ERZURUM;OLTU;TUZLA;YENİ YERLEŞİM/1 SOKAK;sokak;914006140
ERZURUM;OLTU;TUZLA;YENİ YERLEŞİM/10 SOKAK;sokak;446047670
ERZURUM;OLTU;TUZLA;YENİ YERLEŞİM/11 SOKAK;sokak;885339631
ERZURUM;OLTU;TUZLA;YENİ YERLEŞİM/2 SOKAK;sokak;192314141
ERZURUM;OLTU;TUZLA;YENİ YERLEŞİM/3 SOKAK;sokak;237014020
ERZURUM;OLTU;TUZLA;YENİ YERLEŞİM/4 SOKAK;sokak;391540341
ERZURUM;OLTU;TUZLA;YENİ YERLEŞİM/5 SOKAK;sokak;916168701
ERZURUM;OLTU;TUZLA;YENİ YERLEŞİM/6 SOKAK;sokak;449677840
ERZURUM;OLTU;TUZLA;YENİ YERLEŞİM/7 SOKAK;sokak;206291920
ERZURUM;OLTU;TUZLA;YENİ YERLEŞİM/8 SOKAK;sokak;327254671
ERZURUM;OLTU;TUZLA;YENİ YERLEŞİM/9 SOKAK;sokak;184720351
ERZURUM;OLTU;ÜNLÜKAYA;KESİK KÖPRÜ KÜME EVLER;sokak;707670
ERZURUM;OLTU;ÜNLÜKAYA;NARMAN CADDE;cadde;680238940
ERZURUM;OLTU;ÜNLÜKAYA;ÜNLÜKAYA KÜME EVLER;sokak;545495
ERZURUM;OLTU;VİŞNELİ;KARAKABAN KÜME EVLER;sokak;521488
ERZURUM;OLTU;VİŞNELİ;VİŞNELİ KÜME EVLER;sokak;513279
ERZURUM;OLTU;VİŞNELİ;VİŞNELİ_1 CADDE;cadde;214117640
ERZURUM;OLTU;YARBAŞI;YARBAŞI KÜME EVLER;sokak;518484
ERZURUM;OLTU;YASİN HAŞİMOĞLU;AHMET YESEVİ CADDE;cadde;713559
ERZURUM;OLTU;YASİN HAŞİMOĞLU;AKÇE ÇIKMAZ SOKAK;sokak;322477
ERZURUM;OLTU;YASİN HAŞİMOĞLU;AKIN SOKAK;sokak;708026
ERZURUM;OLTU;YASİN HAŞİMOĞLU;ALTUN SOKAK;sokak;702533
ERZURUM;OLTU;YASİN HAŞİMOĞLU;ALTUNAY SOKAK;sokak;81309
ERZURUM;OLTU;YASİN HAŞİMOĞLU;ARDA SOKAK;sokak;703055
ERZURUM;OLTU;YASİN HAŞİMOĞLU;BAHAR SOKAK;sokak;1398791
ERZURUM;OLTU;YASİN HAŞİMOĞLU;BAŞAK SOKAK;sokak;34575
ERZURUM;OLTU;YASİN HAŞİMOĞLU;BİLGE SOKAK;sokak;856724
ERZURUM;OLTU;YASİN HAŞİMOĞLU;CAMİ SOKAK;sokak;701716
ERZURUM;OLTU;YASİN HAŞİMOĞLU;CAN SOKAK;sokak;708403
ERZURUM;OLTU;YASİN HAŞİMOĞLU;CANDAN SOKAK;sokak;713994
ERZURUM;OLTU;YASİN HAŞİMOĞLU;CEFA ÇIKMAZ SOKAK;sokak;704177
ERZURUM;OLTU;YASİN HAŞİMOĞLU;COŞKUN SOKAK;sokak;714042
ERZURUM;OLTU;YASİN HAŞİMOĞLU;CUMHURİYET BULVAR;sokak;284647
ERZURUM;OLTU;YASİN HAŞİMOĞLU;CUMHURİYET1 SOKAK;sokak;570149120
ERZURUM;OLTU;YASİN HAŞİMOĞLU;CUMHURİYET2 SOKAK;sokak;110995380
ERZURUM;OLTU;YASİN HAŞİMOĞLU;CUMHURİYET3 SOKAK;sokak;565483731
ERZURUM;OLTU;YASİN HAŞİMOĞLU;ÇALIŞKAN SOKAK;sokak;379911
ERZURUM;OLTU;YASİN HAŞİMOĞLU;ÇALIŞKAN1 SOKAK;sokak;257236930
ERZURUM;OLTU;YASİN HAŞİMOĞLU;ÇELİK SOKAK;sokak;711366
ERZURUM;OLTU;YASİN HAŞİMOĞLU;ÇEVRE CADDE;cadde;863331
ERZURUM;OLTU;YASİN HAŞİMOĞLU;ÇEVRE1 SOKAK;sokak;730799801
ERZURUM;OLTU;YASİN HAŞİMOĞLU;ÇİFTLİĞİN DERE KÜME EVLER;sokak;912462
ERZURUM;OLTU;YASİN HAŞİMOĞLU;ÇİĞDEM SOKAK;sokak;240744
ERZURUM;OLTU;YASİN HAŞİMOĞLU;ÇOLAK KÜME EVLER;sokak;714520
ERZURUM;OLTU;YASİN HAŞİMOĞLU;DERMAN SOKAK;sokak;701798
ERZURUM;OLTU;YASİN HAŞİMOĞLU;DESEN SOKAK;sokak;713610
ERZURUM;OLTU;YASİN HAŞİMOĞLU;DEVECİ CADDE;cadde;704201
ERZURUM;OLTU;YASİN HAŞİMOĞLU;DİK SOKAK;sokak;86693
ERZURUM;OLTU;YASİN HAŞİMOĞLU;DÖNDÜ SOKAK;sokak;707263
ERZURUM;OLTU;YASİN HAŞİMOĞLU;DÖRTYOL CADDE;cadde;919498
ERZURUM;OLTU;YASİN HAŞİMOĞLU;DÖRTYOL1 SOKAK;sokak;175856211
ERZURUM;OLTU;YASİN HAŞİMOĞLU;DÖRTYOL2 SOKAK;sokak;890061420
ERZURUM;OLTU;YASİN HAŞİMOĞLU;DURSUN SOKAK;sokak;822794
ERZURUM;OLTU;YASİN HAŞİMOĞLU;DURUCA CADDE;cadde;710054
ERZURUM;OLTU;YASİN HAŞİMOĞLU;DÜZEN SOKAK;sokak;703850
ERZURUM;OLTU;YASİN HAŞİMOĞLU;ESEN SOKAK;sokak;240764
ERZURUM;OLTU;YASİN HAŞİMOĞLU;ESENEVLER CADDE;cadde;707465
ERZURUM;OLTU;YASİN HAŞİMOĞLU;GEVENLİ SOKAK;sokak;703532
ERZURUM;OLTU;YASİN HAŞİMOĞLU;GİZEM SOKAK;sokak;710576
ERZURUM;OLTU;YASİN HAŞİMOĞLU;GÜL SOKAK;sokak;164258
ERZURUM;OLTU;YASİN HAŞİMOĞLU;GÜLLÜK CADDE;cadde;703060
ERZURUM;OLTU;YASİN HAŞİMOĞLU;GÜR SOKAK;sokak;708031
ERZURUM;OLTU;YASİN HAŞİMOĞLU;HAFIZ SOKAK;sokak;708751
ERZURUM;OLTU;YASİN HAŞİMOĞLU;HASTANE CADDE;cadde;702411
ERZURUM;OLTU;YASİN HAŞİMOĞLU;HASTANE1 SOKAK;sokak;224745710
ERZURUM;OLTU;YASİN HAŞİMOĞLU;İMDAT SOKAK;sokak;862569
ERZURUM;OLTU;YASİN HAŞİMOĞLU;İPEK_1 SOKAK;sokak;712817
ERZURUM;OLTU;YASİN HAŞİMOĞLU;KADER SOKAK;sokak;711910
ERZURUM;OLTU;YASİN HAŞİMOĞLU;KARAYILAN KÜME EVLER;sokak;707707
ERZURUM;OLTU;YASİN HAŞİMOĞLU;KARAYOLLARI SOKAK;sokak;710859
ERZURUM;OLTU;YASİN HAŞİMOĞLU;KARDEŞLER SOKAK;sokak;714313
ERZURUM;OLTU;YASİN HAŞİMOĞLU;KARŞIYAKA CADDE;cadde;702132
ERZURUM;OLTU;YASİN HAŞİMOĞLU;KELEŞ SOKAK;sokak;706209
ERZURUM;OLTU;YASİN HAŞİMOĞLU;KESİK SOKAK;sokak;701725
ERZURUM;OLTU;YASİN HAŞİMOĞLU;KIRIK SOKAK;sokak;713553
ERZURUM;OLTU;YASİN HAŞİMOĞLU;KIRIK1 SOKAK;sokak;150560961
ERZURUM;OLTU;YASİN HAŞİMOĞLU;KIZILCIK SOKAK;sokak;232485
ERZURUM;OLTU;YASİN HAŞİMOĞLU;KİLLİ SOKAK;sokak;92127
ERZURUM;OLTU;YASİN HAŞİMOĞLU;KİRAZLI SOKAK;sokak;707533
ERZURUM;OLTU;YASİN HAŞİMOĞLU;KONAK SOKAK;sokak;705546
ERZURUM;OLTU;YASİN HAŞİMOĞLU;KOOPERATİF CADDE;cadde;701756
ERZURUM;OLTU;YASİN HAŞİMOĞLU;KOOPERATİF1 SOKAK;sokak;481950101
ERZURUM;OLTU;YASİN HAŞİMOĞLU;KORUCU SOKAK;sokak;705524
ERZURUM;OLTU;YASİN HAŞİMOĞLU;KOVANLI SOKAK;sokak;705542
ERZURUM;OLTU;YASİN HAŞİMOĞLU;KURTLAR SOKAK;sokak;706216
ERZURUM;OLTU;YASİN HAŞİMOĞLU;KUYULU SOKAK;sokak;714524
ERZURUM;OLTU;YASİN HAŞİMOĞLU;LALEZAR SOKAK;sokak;710568
ERZURUM;OLTU;YASİN HAŞİMOĞLU;MERCAN SOKAK;sokak;912279
ERZURUM;OLTU;YASİN HAŞİMOĞLU;MEVSİM SOKAK;sokak;1395703
ERZURUM;OLTU;YASİN HAŞİMOĞLU;NARMAN CADDE;cadde;729904
ERZURUM;OLTU;YASİN HAŞİMOĞLU;NAZLI SOKAK;sokak;988032
ERZURUM;OLTU;YASİN HAŞİMOĞLU;NİLÜFER SOKAK;sokak;725071
ERZURUM;OLTU;YASİN HAŞİMOĞLU;NİSA ÇIKMAZ SOKAK;sokak;322460
ERZURUM;OLTU;YASİN HAŞİMOĞLU;OKTAY SOKAK;sokak;449219
ERZURUM;OLTU;YASİN HAŞİMOĞLU;ÖMÜR SOKAK;sokak;320094
ERZURUM;OLTU;YASİN HAŞİMOĞLU;ÖZLEM SOKAK;sokak;704200
ERZURUM;OLTU;YASİN HAŞİMOĞLU;PEHLİVAN SOKAK;sokak;272913
ERZURUM;OLTU;YASİN HAŞİMOĞLU;PROF. DR. TAHSİN PARLAK SOKAK;sokak;713019
ERZURUM;OLTU;YASİN HAŞİMOĞLU;SAKİN SOKAK;sokak;639216881
ERZURUM;OLTU;YASİN HAŞİMOĞLU;SEDİREVLER SOKAK;sokak;878135
ERZURUM;OLTU;YASİN HAŞİMOĞLU;SILA SOKAK;sokak;846303
ERZURUM;OLTU;YASİN HAŞİMOĞLU;SİTELER SOKAK;sokak;916272
ERZURUM;OLTU;YASİN HAŞİMOĞLU;SİVRİDERE CADDE;cadde;714053
ERZURUM;OLTU;YASİN HAŞİMOĞLU;SUBATUK_2 SOKAK;sokak;844286970
ERZURUM;OLTU;YASİN HAŞİMOĞLU;ŞAFAK SOKAK;sokak;322473
ERZURUM;OLTU;YASİN HAŞİMOĞLU;ŞAKAR SOKAK;sokak;702147
ERZURUM;OLTU;YASİN HAŞİMOĞLU;ŞEHİT MUSTAFA SONKAYA CADDE;cadde;710837
ERZURUM;OLTU;YASİN HAŞİMOĞLU;ŞEHİT SELAMİ ASLAN CADDE;cadde;714382
ERZURUM;OLTU;YASİN HAŞİMOĞLU;ŞEKER SOKAK;sokak;712383
ERZURUM;OLTU;YASİN HAŞİMOĞLU;ŞÜKÜR SOKAK;sokak;716708
ERZURUM;OLTU;YASİN HAŞİMOĞLU;TAŞ ÇIKMAZ SOKAK;sokak;701806
ERZURUM;OLTU;YASİN HAŞİMOĞLU;TAVŞANTEPE SOKAK;sokak;1002296
ERZURUM;OLTU;YASİN HAŞİMOĞLU;TEMİZ SOKAK;sokak;270648
ERZURUM;OLTU;YASİN HAŞİMOĞLU;TİLKİ TAŞI SOKAK;sokak;452996
ERZURUM;OLTU;YASİN HAŞİMOĞLU;TİLKİ TAŞI1 SOKAK;sokak;160381841
ERZURUM;OLTU;YASİN HAŞİMOĞLU;TUFAN SOKAK;sokak;943502120
ERZURUM;OLTU;YASİN HAŞİMOĞLU;TUNA SOKAK;sokak;702180
ERZURUM;OLTU;YASİN HAŞİMOĞLU;TURAN SOKAK;sokak;714390
ERZURUM;OLTU;YASİN HAŞİMOĞLU;ÜNİVERSİTE CADDE;cadde;704085
ERZURUM;OLTU;YASİN HAŞİMOĞLU;VİLLA SOKAK;sokak;707552
ERZURUM;OLTU;YASİN HAŞİMOĞLU;YALDIZ SOKAK;sokak;702415
ERZURUM;OLTU;YASİN HAŞİMOĞLU;YALDIZ1 SOKAK;sokak;466665331
ERZURUM;OLTU;YASİN HAŞİMOĞLU;YAVUZ SOKAK;sokak;707216
ERZURUM;OLTU;YASİN HAŞİMOĞLU;YENİKENT CADDE;cadde;706349
ERZURUM;OLTU;YASİN HAŞİMOĞLU;YENİKENT1 SOKAK;sokak;544984721
ERZURUM;OLTU;YASİN HAŞİMOĞLU;YEŞİLEVLER CADDE;cadde;928626
ERZURUM;OLTU;YASİN HAŞİMOĞLU;YILDIRIM SOKAK;sokak;917671
ERZURUM;OLTU;YASİN HAŞİMOĞLU;YONCALIK SOKAK;sokak;703405
ERZURUM;OLTU;YASİN HAŞİMOĞLU;YONCALIK1 SOKAK;sokak;462216100
ERZURUM;OLTU;YASİN HAŞİMOĞLU;YÜCE SOKAK;sokak;703855
ERZURUM;OLTU;YASİN HAŞİMOĞLU;YÜKSEL SOKAK;sokak;272901
ERZURUM;OLTU;YASİN HAŞİMOĞLU;ZİRVE SOKAK;sokak;703534
ERZURUM;OLTU;YASİN HAŞİMOĞLU;ZÜMRÜT SOKAK;sokak;707020
ERZURUM;OLTU;YAYLAÇAYIR;YAYLAÇAYIR KÜME EVLER;sokak;524200
ERZURUM;OLTU;YOLBOYU;BILINMEYEN75 SOKAK;sokak;604377041
ERZURUM;OLTU;YOLBOYU;YENİ YERLEŞİM KÜME EVLER;sokak;766159131
ERZURUM;OLTU;YOLBOYU;YOLBOYU KÜME EVLER;sokak;510463
ERZURUM;OLTU;YOLBOYU;YOLBOYU1 CADDE;cadde;524244211
ERZURUM;OLTU;YUKARIÇAMLI;YUKARIÇAMLI KÜME EVLER;sokak;521040
ERZURUM;OLTU;YUKARIKUMLU;YUKARIKUMLU KÜME EVLER;sokak;510316
ERZURUM;OLTU;YUSUF ZİYABEY;AKÇAY SOKAK;sokak;936130
ERZURUM;OLTU;YUSUF ZİYABEY;AKYÜZ SOKAK;sokak;717158
ERZURUM;OLTU;YUSUF ZİYABEY;ALTAŞ SOKAK;sokak;708625
ERZURUM;OLTU;YUSUF ZİYABEY;ANADOLU SOKAK;sokak;910399
ERZURUM;OLTU;YUSUF ZİYABEY;ANADOLU1 SOKAK;sokak;781900710
ERZURUM;OLTU;YUSUF ZİYABEY;ARIK ÇIKMAZ SOKAK;sokak;719566
ERZURUM;OLTU;YUSUF ZİYABEY;ASMALI ÇIKMAZ SOKAK;sokak;710679
ERZURUM;OLTU;YUSUF ZİYABEY;AYAZ ÇIKMAZ SOKAK;sokak;709442
ERZURUM;OLTU;YUSUF ZİYABEY;AZİZ SOKAK;sokak;920859
ERZURUM;OLTU;YUSUF ZİYABEY;BABACAN SOKAK;sokak;713333
ERZURUM;OLTU;YUSUF ZİYABEY;BAHÇE SOKAK;sokak;719172
ERZURUM;OLTU;YUSUF ZİYABEY;BİLGİN SOKAK;sokak;1472309
ERZURUM;OLTU;YUSUF ZİYABEY;BULUT SOKAK;sokak;303363
ERZURUM;OLTU;YUSUF ZİYABEY;BURUK SOKAK;sokak;80897
ERZURUM;OLTU;YUSUF ZİYABEY;CEMRE SOKAK;sokak;333893
ERZURUM;OLTU;YUSUF ZİYABEY;CUMHURİYET BULVAR;sokak;695019
ERZURUM;OLTU;YUSUF ZİYABEY;ÇAMLIK ÇIKMAZ SOKAK;sokak;712187
ERZURUM;OLTU;YUSUF ZİYABEY;ÇAY SOKAK;sokak;886927
ERZURUM;OLTU;YUSUF ZİYABEY;ÇAY1 SOKAK;sokak;222759450
ERZURUM;OLTU;YUSUF ZİYABEY;ÇAY2 SOKAK;sokak;789943160
ERZURUM;OLTU;YUSUF ZİYABEY;ÇELEBİ SOKAK;sokak;717157
ERZURUM;OLTU;YUSUF ZİYABEY;ÇEŞME SOKAK;sokak;714175
ERZURUM;OLTU;YUSUF ZİYABEY;ÇEVİK SOKAK;sokak;712526
ERZURUM;OLTU;YUSUF ZİYABEY;ÇEVRE YOLU CADDE;cadde;920844
ERZURUM;OLTU;YUSUF ZİYABEY;ÇEVRE_1 SOKAK;sokak;1313401
ERZURUM;OLTU;YUSUF ZİYABEY;DALMIŞ SOKAK;sokak;711187
ERZURUM;OLTU;YUSUF ZİYABEY;DEĞİRMEN SOKAK;sokak;1308409
ERZURUM;OLTU;YUSUF ZİYABEY;DELİKLİTAŞ SOKAK;sokak;1376725
ERZURUM;OLTU;YUSUF ZİYABEY;DERYA SOKAK;sokak;707523
ERZURUM;OLTU;YUSUF ZİYABEY;DİLEK SOKAK;sokak;91833
ERZURUM;OLTU;YUSUF ZİYABEY;DOĞUTAŞ CADDE;cadde;273270
ERZURUM;OLTU;YUSUF ZİYABEY;DOĞUTAŞ1 SOKAK;sokak;477484130
ERZURUM;OLTU;YUSUF ZİYABEY;DOĞUTAŞ10 SOKAK;sokak;593549020
ERZURUM;OLTU;YUSUF ZİYABEY;DOĞUTAŞ11 SOKAK;sokak;180835500
ERZURUM;OLTU;YUSUF ZİYABEY;DOĞUTAŞ12 SOKAK;sokak;288984920
ERZURUM;OLTU;YUSUF ZİYABEY;DOĞUTAŞ13 SOKAK;sokak;212487450
ERZURUM;OLTU;YUSUF ZİYABEY;DOĞUTAŞ14 SOKAK;sokak;400436480
ERZURUM;OLTU;YUSUF ZİYABEY;DOĞUTAŞ15 SOKAK;sokak;880239320
ERZURUM;OLTU;YUSUF ZİYABEY;DOĞUTAŞ16 SOKAK;sokak;612414511
ERZURUM;OLTU;YUSUF ZİYABEY;DOĞUTAŞ2 SOKAK;sokak;750963880
ERZURUM;OLTU;YUSUF ZİYABEY;DOĞUTAŞ3 SOKAK;sokak;714613390
ERZURUM;OLTU;YUSUF ZİYABEY;DOĞUTAŞ4 SOKAK;sokak;874271421
ERZURUM;OLTU;YUSUF ZİYABEY;DOĞUTAŞ5 SOKAK;sokak;601605950
ERZURUM;OLTU;YUSUF ZİYABEY;DOĞUTAŞ6 SOKAK;sokak;667156991
ERZURUM;OLTU;YUSUF ZİYABEY;DOĞUTAŞ7 SOKAK;sokak;580268320
ERZURUM;OLTU;YUSUF ZİYABEY;DOĞUTAŞ8 SOKAK;sokak;258633740
ERZURUM;OLTU;YUSUF ZİYABEY;DOĞUTAŞ9 SOKAK;sokak;384649391
ERZURUM;OLTU;YUSUF ZİYABEY;ENDÜSTRİ SOKAK;sokak;865857
ERZURUM;OLTU;YUSUF ZİYABEY;ENSAR SOKAK;sokak;719579
ERZURUM;OLTU;YUSUF ZİYABEY;ERDEMLİ SOKAK;sokak;82066
ERZURUM;OLTU;YUSUF ZİYABEY;ERDOĞAN SOKAK;sokak;710964
ERZURUM;OLTU;YUSUF ZİYABEY;ERZURUM ARDAHAN YOLU BULVAR;sokak;888043070
ERZURUM;OLTU;YUSUF ZİYABEY;GEÇİT SOKAK;sokak;90685
ERZURUM;OLTU;YUSUF ZİYABEY;GONCA SOKAK;sokak;706387
ERZURUM;OLTU;YUSUF ZİYABEY;GÖKÇEDERE KÜME EVLER;sokak;486185160
ERZURUM;OLTU;YUSUF ZİYABEY;GÜZİDE SOKAK;sokak;707758
ERZURUM;OLTU;YUSUF ZİYABEY;HÜRMET SOKAK;sokak;709826
ERZURUM;OLTU;YUSUF ZİYABEY;HÜSNÜ KÜME EVLER;sokak;708339
ERZURUM;OLTU;YUSUF ZİYABEY;IŞIL SOKAK;sokak;720006
ERZURUM;OLTU;YUSUF ZİYABEY;İLHAM SOKAK;sokak;713326
ERZURUM;OLTU;YUSUF ZİYABEY;İMRAN SOKAK;sokak;714971
ERZURUM;OLTU;YUSUF ZİYABEY;KAMELYA SOKAK;sokak;717179
ERZURUM;OLTU;YUSUF ZİYABEY;KAMİL SOKAK;sokak;90678
ERZURUM;OLTU;YUSUF ZİYABEY;KANAT SOKAK;sokak;713344
ERZURUM;OLTU;YUSUF ZİYABEY;KANDİL SOKAK;sokak;713436
ERZURUM;OLTU;YUSUF ZİYABEY;KİLLİ TEPE SOKAK;sokak;80925
ERZURUM;OLTU;YUSUF ZİYABEY;KOBAZLAR SOKAK;sokak;1323443
ERZURUM;OLTU;YUSUF ZİYABEY;KÖPRÜBAŞI_1 SOKAK;sokak;707927000
ERZURUM;OLTU;YUSUF ZİYABEY;KURUDERE SOKAK;sokak;1315411
ERZURUM;OLTU;YUSUF ZİYABEY;KUŞLU SOKAK;sokak;150546
ERZURUM;OLTU;YUSUF ZİYABEY;LEYLAK SOKAK;sokak;708875
ERZURUM;OLTU;YUSUF ZİYABEY;LEYLAK1 SOKAK;sokak;471462120
ERZURUM;OLTU;YUSUF ZİYABEY;MADEN CAMİ SOKAK;sokak;704128
ERZURUM;OLTU;YUSUF ZİYABEY;MAKBER SOKAK;sokak;318956
ERZURUM;OLTU;YUSUF ZİYABEY;MERMER SOKAK;sokak;1006732
ERZURUM;OLTU;YUSUF ZİYABEY;MESUT SOKAK;sokak;318946
ERZURUM;OLTU;YUSUF ZİYABEY;METEOROLOJİ SOKAK;sokak;719791
ERZURUM;OLTU;YUSUF ZİYABEY;MEVLANA SOKAK;sokak;1009137
ERZURUM;OLTU;YUSUF ZİYABEY;NASİP SOKAK;sokak;860780
ERZURUM;OLTU;YUSUF ZİYABEY;NERGİZ SOKAK;sokak;708852
ERZURUM;OLTU;YUSUF ZİYABEY;OSMAN BEY SOKAK;sokak;714645
ERZURUM;OLTU;YUSUF ZİYABEY;PIRLANTA SOKAK;sokak;836128
ERZURUM;OLTU;YUSUF ZİYABEY;RÜZGARLI SOKAK;sokak;719577
ERZURUM;OLTU;YUSUF ZİYABEY;SANAYİ CADDE;cadde;702630
ERZURUM;OLTU;YUSUF ZİYABEY;SANAYİ1 CADDE;cadde;781302260
ERZURUM;OLTU;YUSUF ZİYABEY;SEHER SOKAK;sokak;719592
ERZURUM;OLTU;YUSUF ZİYABEY;SEMA SOKAK;sokak;719573
ERZURUM;OLTU;YUSUF ZİYABEY;ŞEHİT AYHAN DEMİR CADDE;cadde;714827
ERZURUM;OLTU;YUSUF ZİYABEY;ŞEHİT ERHAN BABACAN CADDE;cadde;716882
ERZURUM;OLTU;YUSUF ZİYABEY;ŞEHİT HURŞİT YEŞİLYURT CADDE;cadde;719783
ERZURUM;OLTU;YUSUF ZİYABEY;ŞEHİT YUNUS DURAN CADDE;cadde;711867
ERZURUM;OLTU;YUSUF ZİYABEY;ŞORAKLI SOKAK;sokak;709316
ERZURUM;OLTU;YUSUF ZİYABEY;TALİH SOKAK;sokak;714148
ERZURUM;OLTU;YUSUF ZİYABEY;TOKİ SOKAK;sokak;875581
ERZURUM;OLTU;YUSUF ZİYABEY;TORTUM YOLU CADDE;cadde;729322050
ERZURUM;OLTU;YUSUF ZİYABEY;UĞUR SOKAK;sokak;713038
ERZURUM;OLTU;YUSUF ZİYABEY;UNCU SOKAK;sokak;273262
ERZURUM;OLTU;YUSUF ZİYABEY;ÜNLÜ SOKAK;sokak;351281
ERZURUM;OLTU;YUSUF ZİYABEY;VELİ SOKAK;sokak;712137
ERZURUM;OLTU;YUSUF ZİYABEY;YABAN GÜLÜ SOKAK;sokak;724798
ERZURUM;OLTU;YUSUF ZİYABEY;YAĞANBABA SOKAK;sokak;73552
ERZURUM;OLTU;YUSUF ZİYABEY;YEŞİL VADİ CADDE;cadde;722806
ERZURUM;OLTU;YUSUF ZİYABEY;YİBO SOKAK;sokak;709295
ERZURUM;OLTU;YUSUF ZİYABEY;YİBO1 SOKAK;sokak;266594250
ERZURUM;OLTU;YUSUF ZİYABEY;YOĞUN SOKAK;sokak;720045
ERZURUM;OLTU;YUSUF ZİYABEY;ZAFER SOKAK;sokak;857283
ERZURUM;OLTU;YUSUF ZİYABEY;ZURNACI SOKAK;sokak;717181
ERZURUM;OLUR;AKBAYIR;AKBAYIR KÜME EVLER;sokak;269171
ERZURUM;OLUR;AKTEPE;1. ATATÜRK PARK SOKAK;sokak;527826200
ERZURUM;OLUR;AKTEPE;2. ATATÜRK PARKI SOKAK;sokak;707788080
ERZURUM;OLUR;AKTEPE;ADİL ATABAY SOKAK;sokak;845839
ERZURUM;OLUR;AKTEPE;ARTVİN YOLU CADDE;cadde;44118917
ERZURUM;OLUR;AKTEPE;ESKİ ERZURUM CADDE;cadde;868809
ERZURUM;OLUR;AKTEPE;GAZİ CADDE;cadde;868804
ERZURUM;OLUR;AKTEPE;GÜZEL BAHÇE SOKAK;sokak;969399961
ERZURUM;OLUR;AKTEPE;KANAL YOLU SOKAK;sokak;828700150
ERZURUM;OLUR;AKTEPE;ŞEHİT BURHANETTİN ERGÜN SOKAK;sokak;356048831
ERZURUM;OLUR;ALTUNKAYA;ALTUNKAYA KÜME EVLER;sokak;394489
ERZURUM;OLUR;ALTUNKAYA;TAŞGEÇİT KÜME EVLER;sokak;496349830
ERZURUM;OLUR;AŞAĞIÇAYIRLI;AŞAĞIÇAYIRLI KÜME EVLER;sokak;388838
ERZURUM;OLUR;AŞAĞIÇAYIRLI;AŞAĞIÇAYIRLI1 KÜME EVLER;sokak;295471140
ERZURUM;OLUR;AŞAĞIÇAYIRLI;SOĞUKGÖZE KÜME EVLER;sokak;237777901
ERZURUM;OLUR;AŞAĞIKARACASU;AŞAĞIKARACASU KÜME EVLER;sokak;393806
ERZURUM;OLUR;ATLI;ARDEŞE KÜME EVLER;sokak;537449
ERZURUM;OLUR;ATLI;ÇİÇEKLİ KÜME EVLER;sokak;536280
ERZURUM;OLUR;ATLI;DERE KÜME EVLER;sokak;539214
ERZURUM;OLUR;ATLI;ORTA/1 KÜME EVLER;sokak;89306
ERZURUM;OLUR;BEĞENDİK;BEĞENDİK KÜME EVLER;sokak;531638
ERZURUM;OLUR;BEŞKAYA;BEŞKAYA KÜME EVLER;sokak;542922
ERZURUM;OLUR;BEŞKAYA;KESÖR KÜME EVLER;sokak;285267961
ERZURUM;OLUR;BOĞAZGÖREN;BOĞAZGÖREN KÜME EVLER;sokak;531160
ERZURUM;OLUR;BOZDOĞAN;BOZDOĞAN KÜME EVLER;sokak;531129
ERZURUM;OLUR;BOZDOĞAN;BOZDOĞAN1 KÜME EVLER;sokak;162611331
ERZURUM;OLUR;COŞKUNLAR;GÜVENLİK KÜME EVLER;sokak;525268
ERZURUM;OLUR;COŞKUNLAR;MERKEZ KÜME EVLER;sokak;524758
ERZURUM;OLUR;ÇATAKSU;ÇİFTLİK KÜME EVLER;sokak;533846
ERZURUM;OLUR;ÇATAKSU;ÇUKUR KÜME EVLER;sokak;92538
ERZURUM;OLUR;ÇATAKSU;GÜMÜŞ KÜME EVLER;sokak;541987
ERZURUM;OLUR;ÇATAKSU;GÜNEY KÜME EVLER;sokak;541802
ERZURUM;OLUR;ÇATAKSU;KAZIMKARABEKİR KÜME EVLER;sokak;260601
ERZURUM;OLUR;ÇATAKSU;KESÖR KÜME EVLER;sokak;287448
ERZURUM;OLUR;EĞLEK;AKBAYIR YOLU KÜME EVLER;sokak;560928440
ERZURUM;OLUR;EĞLEK;EĞLEK KÜME EVLER;sokak;565058
ERZURUM;OLUR;EKİNLİK;EKİNLİK KÜME EVLER;sokak;546003
ERZURUM;OLUR;FİLİZLİ;FİLİZLİ KÜME EVLER;sokak;535950
ERZURUM;OLUR;GÜNGÖRÜNDÜ;GÜNGÖRÜNDÜ KÜME EVLER;sokak;534441
ERZURUM;OLUR;GÜNGÖRÜNDÜ;GÜNGÖRÜNDÜ1 KÜME EVLER;sokak;792968360
ERZURUM;OLUR;HÜKKAM;AŞAĞI KÜME EVLER;sokak;549181
ERZURUM;OLUR;HÜKKAM;DEREAĞZI KÜME EVLER;sokak;547723
ERZURUM;OLUR;HÜKKAM;HAFIZAĞA- SOKAK;sokak;117152
ERZURUM;OLUR;HÜKKAM;YAYLALI KÜME EVLER;sokak;544966
ERZURUM;OLUR;HÜKKAM;YUKARI CAMİ KÜME EVLER;sokak;308381
ERZURUM;OLUR;ILIKAYNAK;ILIKAYNAK KÜME EVLER;sokak;547936
ERZURUM;OLUR;ILIKAYNAK;YAYLABAŞI KÜME EVLER;sokak;773080540
ERZURUM;OLUR;KABAN;KABAN KÜME EVLER;sokak;533441
ERZURUM;OLUR;KALEDİBİ;DURACIK KÜME EVLER;sokak;86085
ERZURUM;OLUR;KALEDİBİ;KALEDİBİ MERKEZ KÜME EVLER;sokak;535527
ERZURUM;OLUR;KALEDİBİ;KUTLU KÜME EVLER;sokak;540011
ERZURUM;OLUR;KALEDİBİ;UĞRAK KÜME EVLER;sokak;535046
ERZURUM;OLUR;KARAKOÇLAR;KARAKOÇLAR KÜME EVLER;sokak;532811
ERZURUM;OLUR;KEÇİLİ;1. KEÇİLİ KÜME EVLER;sokak;761305820
ERZURUM;OLUR;KEÇİLİ;KEÇİLİ KÜME EVLER;sokak;530445
ERZURUM;OLUR;KEKİKLİ;KEKİKLİ MERKEZ KÜME EVLER;sokak;122836
ERZURUM;OLUR;KEKİKLİ;SALT KÜME EVLER;sokak;556102
ERZURUM;OLUR;KEKİKLİ;SUMAT KÜME EVLER;sokak;549594
ERZURUM;OLUR;KÖPRÜBAŞI;KÖPRÜBAŞI KÜME EVLER;sokak;541116
ERZURUM;OLUR;MERKEZ;1. GÜRSEL BEY SOKAK;sokak;80115017
ERZURUM;OLUR;MERKEZ;1. HÜRRİYET SOKAK;sokak;15136864
ERZURUM;OLUR;MERKEZ;1. ILGINLIK SOKAK;sokak;852245250
ERZURUM;OLUR;MERKEZ;2. ILGINLIK SOKAK;sokak;619478911
ERZURUM;OLUR;MERKEZ;AHMET YESEVİ SOKAK;sokak;382625
ERZURUM;OLUR;MERKEZ;ATATÜRK CADDE;cadde;42215
ERZURUM;OLUR;MERKEZ;CUMHURİYET CADDE;cadde;381269
ERZURUM;OLUR;MERKEZ;ESKİ ERZURUM CADDE;cadde;42220
ERZURUM;OLUR;MERKEZ;GAZİ CADDE;cadde;42221
ERZURUM;OLUR;MERKEZ;GÜRSEL BEY SOKAK;sokak;86732237
ERZURUM;OLUR;MERKEZ;GÜZEL BAHÇE SOKAK;sokak;986983760
ERZURUM;OLUR;MERKEZ;HÜRRİYET CADDE;cadde;42222
ERZURUM;OLUR;MERKEZ;İNKILAP SOKAK;sokak;382627
ERZURUM;OLUR;MERKEZ;KARANFİL SOKAK;sokak;138914110
ERZURUM;OLUR;MERKEZ;KÜLTÜR SOKAK;sokak;637191
ERZURUM;OLUR;MERKEZ;LALE SOKAK;sokak;576588820
ERZURUM;OLUR;MERKEZ;LEYLAK SOKAK;sokak;37215761
ERZURUM;OLUR;MERKEZ;MENEKŞE SOKAK;sokak;382626
ERZURUM;OLUR;MERKEZ;OKUL YOLU SOKAK;sokak;49309347
ERZURUM;OLUR;MERKEZ;OSMAN EFENDİ SOKAK;sokak;382624
ERZURUM;OLUR;MERKEZ;PAPATYA SOKAK;sokak;296096741
ERZURUM;OLUR;MERKEZ;SAĞLIK SOKAK;sokak;613247
ERZURUM;OLUR;MERKEZ;SÜMBÜL SOKAK;sokak;42218
ERZURUM;OLUR;MERKEZ;ŞEHİT BURHANETTİN ERGÜN SOKAK;sokak;42214
ERZURUM;OLUR;MERKEZ;ŞEHİT BÜLENT ÇALIŞKAN SOKAK;sokak;42217
ERZURUM;OLUR;MERKEZ;ŞEHİT FEVZİ KAPLAN SOKAK;sokak;637196
ERZURUM;OLUR;MERKEZ;ŞEHİT İLYAS ACAR SOKAK;sokak;42210
ERZURUM;OLUR;MERKEZ;ŞEHİT JANDARMA ER TURGUT AKYÜZ SOKAK;sokak;637460
ERZURUM;OLUR;MERKEZ;ŞEHİT NEJDET KAYAN SOKAK;sokak;42213
ERZURUM;OLUR;MERKEZ;ŞEHİT ONBAŞI TANER ÇİÇEK CADDE;cadde;42209
ERZURUM;OLUR;MERKEZ;ŞEHİT POLİS HÜSEYİN KALKAN SOKAK;sokak;382628
ERZURUM;OLUR;MERKEZ;ŞEHİT POLİS TUNAY AYDEMİR CADDE;cadde;475164
ERZURUM;OLUR;MERKEZ;ŞEHİT POLİS TURGUT KOÇAK SOKAK;sokak;42212
ERZURUM;OLUR;MERKEZ;ŞEHİT POSTACI MESUT ARSLAN SOKAK;sokak;637960
ERZURUM;OLUR;MERKEZ;ŞEHİT SABRİ KARTAL SOKAK;sokak;637194
ERZURUM;OLUR;MERKEZ YEŞİLBAĞLAR;BOYALI KÜME EVLER;sokak;42223
ERZURUM;OLUR;MERKEZ YEŞİLBAĞLAR;KALO KÜME EVLER;sokak;42224
ERZURUM;OLUR;MERKEZ YEŞİLBAĞLAR;KERMASOR KÜME EVLER;sokak;42225
ERZURUM;OLUR;OĞUZKENT;OĞUZKENT KÜME EVLER;sokak;404207
ERZURUM;OLUR;OLGUN;OLGUN KÜME EVLER;sokak;542287
ERZURUM;OLUR;OLURDERE;OLURDERE KÜME EVLER;sokak;534171
ERZURUM;OLUR;ORMANAĞZI;1. BAĞLAR KÜME EVLER;sokak;295027130
ERZURUM;OLUR;ORMANAĞZI;BAĞLAR KÜME EVLER;sokak;529917
ERZURUM;OLUR;ORMANAĞZI;BUZLUCA KÜME EVLER;sokak;530191
ERZURUM;OLUR;ORMANAĞZI;ORMANAĞZI MERKEZ KÜME EVLER;sokak;533434
ERZURUM;OLUR;SARIBAŞAK;SARIBAŞAK KÜME EVLER;sokak;390496
ERZURUM;OLUR;SOĞUKGÖZE;SOĞUKGÖZE KÜME EVLER;sokak;542155
ERZURUM;OLUR;SÜNGÜBAYIR;SÜNGÜBAYIR KÜME EVLER;sokak;394484
ERZURUM;OLUR;ŞALPAZARI;AŞAĞI 1 KÜME EVLER;sokak;547989
ERZURUM;OLUR;ŞALPAZARI;ORTA KÜME EVLER;sokak;554792
ERZURUM;OLUR;ŞALPAZARI;YUKARI KÜME EVLER;sokak;117127
ERZURUM;OLUR;TAŞGEÇİT;TAŞGEÇİT KÜME EVLER;sokak;546953
ERZURUM;OLUR;UZUNHARMAN;ILIKAYNAK KÜME EVLER;sokak;717246371
ERZURUM;OLUR;UZUNHARMAN;UZUNHARMAN KÜME EVLER;sokak;532116
ERZURUM;OLUR;UZUNHARMAN;UZUNHARMAN1 KÜME EVLER;sokak;258753291
ERZURUM;OLUR;UZUNHARMAN;YAYLABAŞI KÜME EVLER;sokak;497485280
ERZURUM;OLUR;ÜRÜNLÜ;ÜRÜNLÜ KÜME EVLER;sokak;536073
ERZURUM;OLUR;YAYLABAŞI;ILIKAYNAK KÜME EVLER;sokak;135611471
ERZURUM;OLUR;YAYLABAŞI;YAYLABAŞI KÜME EVLER;sokak;524598
ERZURUM;OLUR;YEŞİLBAĞLAR;BILINMEYEN53 SOKAK;sokak;798210130
ERZURUM;OLUR;YEŞİLBAĞLAR;KÖPRÜBAŞI KÜME EVLER;sokak;370411831
ERZURUM;OLUR;YEŞİLBAĞLAR;YEŞİLBAĞLAR KÜME EVLER;sokak;533595
ERZURUM;OLUR;YILDIZKAYA;YILDIZKAYA KÜME EVLER;sokak;545906
ERZURUM;OLUR;YOLGÖZLER;YOLGÖZLER KÜME EVLER;sokak;540891
ERZURUM;OLUR;YUKARIÇAYIRLI;YUKARIÇAYIRLI KÜME EVLER;sokak;538680
ERZURUM;OLUR;YUKARIKARACASU;YUKARIKARACASU KÜME EVLER;sokak;534145
ERZURUM;PALANDÖKEN;ABDURRAHMAN GAZİ;1. BALABAN SOKAK;sokak;815729840
ERZURUM;PALANDÖKEN;ABDURRAHMAN GAZİ;1. CANAN SOKAK;sokak;614400530
ERZURUM;PALANDÖKEN;ABDURRAHMAN GAZİ;1. DEPO ALTI SOKAK;sokak;212368
ERZURUM;PALANDÖKEN;ABDURRAHMAN GAZİ;1. ELİF SOKAK;sokak;942005730
ERZURUM;PALANDÖKEN;ABDURRAHMAN GAZİ;1. KAYA SOKAK;sokak;791162160
ERZURUM;PALANDÖKEN;ABDURRAHMAN GAZİ;1. MANDIRA SOKAK;sokak;28038
ERZURUM;PALANDÖKEN;ABDURRAHMAN GAZİ;1. ÜÇGEN SOKAK;sokak;127837
ERZURUM;PALANDÖKEN;ABDURRAHMAN GAZİ;1.BAHÇE SOKAK;sokak;782627
ERZURUM;PALANDÖKEN;ABDURRAHMAN GAZİ;1.BİLGİN SOKAK;sokak;816814
ERZURUM;PALANDÖKEN;ABDURRAHMAN GAZİ;1.ÇİMEN SOKAK;sokak;212371
ERZURUM;PALANDÖKEN;ABDURRAHMAN GAZİ;1.DADAŞ SOKAK;sokak;235769
ERZURUM;PALANDÖKEN;ABDURRAHMAN GAZİ;1.DEĞİRMİ SOKAK;sokak;225733
ERZURUM;PALANDÖKEN;ABDURRAHMAN GAZİ;1.DERE SOKAK;sokak;428001
ERZURUM;PALANDÖKEN;ABDURRAHMAN GAZİ;1.GAZİ SOKAK;sokak;764485
ERZURUM;PALANDÖKEN;ABDURRAHMAN GAZİ;1.GÜL SOKAK;sokak;837082
ERZURUM;PALANDÖKEN;ABDURRAHMAN GAZİ;1.GÜNEY SOKAK;sokak;792717
ERZURUM;PALANDÖKEN;ABDURRAHMAN GAZİ;1.KANDİL SOKAK;sokak;220247
ERZURUM;PALANDÖKEN;ABDURRAHMAN GAZİ;1.KOOPERATİF SOKAK;sokak;244654
ERZURUM;PALANDÖKEN;ABDURRAHMAN GAZİ;1.OKUL SOKAK;sokak;412658
ERZURUM;PALANDÖKEN;ABDURRAHMAN GAZİ;1.ŞAHİN SOKAK;sokak;420944
ERZURUM;PALANDÖKEN;ABDURRAHMAN GAZİ;1.VARAN SOKAK;sokak;817563
ERZURUM;PALANDÖKEN;ABDURRAHMAN GAZİ;1.YAĞMUR SOKAK;sokak;274990
ERZURUM;PALANDÖKEN;ABDURRAHMAN GAZİ;1.YAZICI SOKAK;sokak;415835
ERZURUM;PALANDÖKEN;ABDURRAHMAN GAZİ;1.YILDIZ SOKAK;sokak;423972
ERZURUM;PALANDÖKEN;ABDURRAHMAN GAZİ;100.YIL CADDE;cadde;77695
ERZURUM;PALANDÖKEN;ABDURRAHMAN GAZİ;2. CANAN SOKAK;sokak;231344060
ERZURUM;PALANDÖKEN;ABDURRAHMAN GAZİ;2. DEPO ALTI SOKAK;sokak;43446
ERZURUM;PALANDÖKEN;ABDURRAHMAN GAZİ;2. KAYA SOKAK;sokak;829756160
ERZURUM;PALANDÖKEN;ABDURRAHMAN GAZİ;2. MANDIRA SOKAK;sokak;600602410
ERZURUM;PALANDÖKEN;ABDURRAHMAN GAZİ;2. YAZICI SOKAK;sokak;55023
ERZURUM;PALANDÖKEN;ABDURRAHMAN GAZİ;2.BAHÇE SOKAK;sokak;792718
ERZURUM;PALANDÖKEN;ABDURRAHMAN GAZİ;2.ÇİMEN SOKAK;sokak;228281
ERZURUM;PALANDÖKEN;ABDURRAHMAN GAZİ;2.DADAŞ SOKAK;sokak;142248
ERZURUM;PALANDÖKEN;ABDURRAHMAN GAZİ;2.GAZİ SOKAK;sokak;359481
ERZURUM;PALANDÖKEN;ABDURRAHMAN GAZİ;2.GÜNEY SOKAK;sokak;411351
ERZURUM;PALANDÖKEN;ABDURRAHMAN GAZİ;2.KANDİL SOKAK;sokak;476133
ERZURUM;PALANDÖKEN;ABDURRAHMAN GAZİ;2.KOOPARATİF SOKAK;sokak;777505
ERZURUM;PALANDÖKEN;ABDURRAHMAN GAZİ;2.VARAN SOKAK;sokak;809833
ERZURUM;PALANDÖKEN;ABDURRAHMAN GAZİ;2.YILDIZ SOKAK;sokak;506365
ERZURUM;PALANDÖKEN;ABDURRAHMAN GAZİ;3. CANAN SOKAK;sokak;498704620
ERZURUM;PALANDÖKEN;ABDURRAHMAN GAZİ;3.BAHÇE SOKAK;sokak;228280
ERZURUM;PALANDÖKEN;ABDURRAHMAN GAZİ;3.ÇİMEN SOKAK;sokak;384877
ERZURUM;PALANDÖKEN;ABDURRAHMAN GAZİ;3.DADAŞ SOKAK;sokak;69135
ERZURUM;PALANDÖKEN;ABDURRAHMAN GAZİ;3.GAZİ SOKAK;sokak;283588
ERZURUM;PALANDÖKEN;ABDURRAHMAN GAZİ;3.MANDIRA SOKAK;sokak;77690
ERZURUM;PALANDÖKEN;ABDURRAHMAN GAZİ;4. CANAN SOKAK;sokak;347333600
ERZURUM;PALANDÖKEN;ABDURRAHMAN GAZİ;4.ÇİMEN SOKAK;sokak;187311
ERZURUM;PALANDÖKEN;ABDURRAHMAN GAZİ;4.DADAŞ SOKAK;sokak;205533
ERZURUM;PALANDÖKEN;ABDURRAHMAN GAZİ;4.GAZİ SOKAK;sokak;158139
ERZURUM;PALANDÖKEN;ABDURRAHMAN GAZİ;4.MANDIRA SOKAK;sokak;777499
ERZURUM;PALANDÖKEN;ABDURRAHMAN GAZİ;5. CANAN SOKAK;sokak;736850910
ERZURUM;PALANDÖKEN;ABDURRAHMAN GAZİ;5. DADAŞ SOKAK;sokak;1036759
ERZURUM;PALANDÖKEN;ABDURRAHMAN GAZİ;5.ÇİMEN SOKAK;sokak;187314
ERZURUM;PALANDÖKEN;ABDURRAHMAN GAZİ;6. CANAN SOKAK;sokak;657344020
ERZURUM;PALANDÖKEN;ABDURRAHMAN GAZİ;6. DADAŞ SOKAK;sokak;900022880
ERZURUM;PALANDÖKEN;ABDURRAHMAN GAZİ;6.ÇİMEN SOKAK;sokak;764482
ERZURUM;PALANDÖKEN;ABDURRAHMAN GAZİ;6.MANDIRA- SOKAK;sokak;423975
ERZURUM;PALANDÖKEN;ABDURRAHMAN GAZİ;ACAR SOKAK;sokak;691644810
ERZURUM;PALANDÖKEN;ABDURRAHMAN GAZİ;ADAK SOKAK;sokak;384876
ERZURUM;PALANDÖKEN;ABDURRAHMAN GAZİ;ADEM SOKAK;sokak;181853060
ERZURUM;PALANDÖKEN;ABDURRAHMAN GAZİ;ADİL SOKAK;sokak;342880500
ERZURUM;PALANDÖKEN;ABDURRAHMAN GAZİ;AFŞAR SOKAK;sokak;336931020
ERZURUM;PALANDÖKEN;ABDURRAHMAN GAZİ;ALKIR SOKAK;sokak;221245
ERZURUM;PALANDÖKEN;ABDURRAHMAN GAZİ;ARAFAT SOKAK;sokak;476156
ERZURUM;PALANDÖKEN;ABDURRAHMAN GAZİ;ARAS SOKAK;sokak;212448
ERZURUM;PALANDÖKEN;ABDURRAHMAN GAZİ;ARKA SOKAK;sokak;419709
ERZURUM;PALANDÖKEN;ABDURRAHMAN GAZİ;ASLANLAR SOKAK;sokak;365217
ERZURUM;PALANDÖKEN;ABDURRAHMAN GAZİ;ATMACA SOKAK;sokak;236211
ERZURUM;PALANDÖKEN;ABDURRAHMAN GAZİ;BABA DERELİ SOKAK;sokak;764483
ERZURUM;PALANDÖKEN;ABDURRAHMAN GAZİ;BADEGÜL SOKAK;sokak;225734
ERZURUM;PALANDÖKEN;ABDURRAHMAN GAZİ;BAHÇELİ EVLER SOKAK;sokak;777259
ERZURUM;PALANDÖKEN;ABDURRAHMAN GAZİ;BAKIR SOKAK;sokak;678759630
ERZURUM;PALANDÖKEN;ABDURRAHMAN GAZİ;BAKİ SOKAK;sokak;513873890
ERZURUM;PALANDÖKEN;ABDURRAHMAN GAZİ;BALABAN SOKAK;sokak;212365
ERZURUM;PALANDÖKEN;ABDURRAHMAN GAZİ;BATI SOKAK;sokak;697007890
ERZURUM;PALANDÖKEN;ABDURRAHMAN GAZİ;BEDİR SOKAK;sokak;419707
ERZURUM;PALANDÖKEN;ABDURRAHMAN GAZİ;BEGÜM SOKAK;sokak;200895950
ERZURUM;PALANDÖKEN;ABDURRAHMAN GAZİ;BİLGİN SOKAK;sokak;77693
ERZURUM;PALANDÖKEN;ABDURRAHMAN GAZİ;BOZ SOKAK;sokak;211677
ERZURUM;PALANDÖKEN;ABDURRAHMAN GAZİ;BOZKUŞ SOKAK;sokak;226084
ERZURUM;PALANDÖKEN;ABDURRAHMAN GAZİ;CAMİ ALTI SOKAK;sokak;182729
ERZURUM;PALANDÖKEN;ABDURRAHMAN GAZİ;CAN SOKAK;sokak;809343
ERZURUM;PALANDÖKEN;ABDURRAHMAN GAZİ;CANAN SOKAK;sokak;397564240
ERZURUM;PALANDÖKEN;ABDURRAHMAN GAZİ;CENGİZLER SOKAK;sokak;365215
ERZURUM;PALANDÖKEN;ABDURRAHMAN GAZİ;CENNET SOKAK;sokak;784259560
ERZURUM;PALANDÖKEN;ABDURRAHMAN GAZİ;CEYHAN SOKAK;sokak;476140
ERZURUM;PALANDÖKEN;ABDURRAHMAN GAZİ;CEYLAN SOKAK;sokak;420903
ERZURUM;PALANDÖKEN;ABDURRAHMAN GAZİ;CİHAT SOKAK;sokak;69130
ERZURUM;PALANDÖKEN;ABDURRAHMAN GAZİ;ÇAĞATAY SOKAK;sokak;180257
ERZURUM;PALANDÖKEN;ABDURRAHMAN GAZİ;ÇARŞI SOKAK;sokak;423974
ERZURUM;PALANDÖKEN;ABDURRAHMAN GAZİ;ÇAVDAR SOKAK;sokak;768417900
ERZURUM;PALANDÖKEN;ABDURRAHMAN GAZİ;ÇETİN SOKAK;sokak;180792
ERZURUM;PALANDÖKEN;ABDURRAHMAN GAZİ;ÇİMEN SOKAK;sokak;211676
ERZURUM;PALANDÖKEN;ABDURRAHMAN GAZİ;ÇORUH SOKAK;sokak;420420
ERZURUM;PALANDÖKEN;ABDURRAHMAN GAZİ;DEMİRCİ SOKAK;sokak;252874340
ERZURUM;PALANDÖKEN;ABDURRAHMAN GAZİ;DEPO ALTI SOKAK;sokak;372860
ERZURUM;PALANDÖKEN;ABDURRAHMAN GAZİ;DERE SOKAK;sokak;818806
ERZURUM;PALANDÖKEN;ABDURRAHMAN GAZİ;DİCLE SOKAK;sokak;228240
ERZURUM;PALANDÖKEN;ABDURRAHMAN GAZİ;DİDEM SOKAK;sokak;561589750
ERZURUM;PALANDÖKEN;ABDURRAHMAN GAZİ;DİLŞAH SOKAK;sokak;212364
ERZURUM;PALANDÖKEN;ABDURRAHMAN GAZİ;DİVAN SOKAK;sokak;318781430
ERZURUM;PALANDÖKEN;ABDURRAHMAN GAZİ;DOĞRU SOKAK;sokak;228284
ERZURUM;PALANDÖKEN;ABDURRAHMAN GAZİ;DOĞU SOKAK;sokak;420962
ERZURUM;PALANDÖKEN;ABDURRAHMAN GAZİ;DOLAŞIK SOKAK;sokak;420893
ERZURUM;PALANDÖKEN;ABDURRAHMAN GAZİ;DUMLU KÜME EVLER;sokak;274993
ERZURUM;PALANDÖKEN;ABDURRAHMAN GAZİ;DÜZ SOKAK;sokak;212372
ERZURUM;PALANDÖKEN;ABDURRAHMAN GAZİ;ELİF SOKAK;sokak;212369
ERZURUM;PALANDÖKEN;ABDURRAHMAN GAZİ;ERDEM SOKAK;sokak;125571530
ERZURUM;PALANDÖKEN;ABDURRAHMAN GAZİ;FABRİKA SOKAK;sokak;255989960
ERZURUM;PALANDÖKEN;ABDURRAHMAN GAZİ;FAHRİ SOKAK;sokak;251971120
ERZURUM;PALANDÖKEN;ABDURRAHMAN GAZİ;FATİH SULTAN MEHMET BULVAR;sokak;411349
ERZURUM;PALANDÖKEN;ABDURRAHMAN GAZİ;FİDAN SOKAK;sokak;783594
ERZURUM;PALANDÖKEN;ABDURRAHMAN GAZİ;GAZİ SOKAK;sokak;191590
ERZURUM;PALANDÖKEN;ABDURRAHMAN GAZİ;GEDİZ SOKAK;sokak;419705
ERZURUM;PALANDÖKEN;ABDURRAHMAN GAZİ;GÜL SOKAK;sokak;420948
ERZURUM;PALANDÖKEN;ABDURRAHMAN GAZİ;GÜLŞAH 2 SOKAK;sokak;726857
ERZURUM;PALANDÖKEN;ABDURRAHMAN GAZİ;GÜNEŞ SOKAK;sokak;384867
ERZURUM;PALANDÖKEN;ABDURRAHMAN GAZİ;GÜNEY SOKAK;sokak;419283
ERZURUM;PALANDÖKEN;ABDURRAHMAN GAZİ;HANÇER SOKAK;sokak;448437950
ERZURUM;PALANDÖKEN;ABDURRAHMAN GAZİ;HARUN SOKAK;sokak;761783420
ERZURUM;PALANDÖKEN;ABDURRAHMAN GAZİ;HİDAYET SOKAK;sokak;663070340
ERZURUM;PALANDÖKEN;ABDURRAHMAN GAZİ;HİRA SOKAK;sokak;555980640
ERZURUM;PALANDÖKEN;ABDURRAHMAN GAZİ;KANDİL SOKAK;sokak;422427
ERZURUM;PALANDÖKEN;ABDURRAHMAN GAZİ;KARADAĞ SOKAK;sokak;627146960
ERZURUM;PALANDÖKEN;ABDURRAHMAN GAZİ;KARANFİL SOKAK;sokak;220249
ERZURUM;PALANDÖKEN;ABDURRAHMAN GAZİ;KAYA SOKAK;sokak;810227
ERZURUM;PALANDÖKEN;ABDURRAHMAN GAZİ;KEBİR SOKAK;sokak;182721
ERZURUM;PALANDÖKEN;ABDURRAHMAN GAZİ;KIRIM SOKAK;sokak;274999
ERZURUM;PALANDÖKEN;ABDURRAHMAN GAZİ;KISA SOKAK;sokak;180223
ERZURUM;PALANDÖKEN;ABDURRAHMAN GAZİ;KIZILCIK SOKAK;sokak;353084690
ERZURUM;PALANDÖKEN;ABDURRAHMAN GAZİ;KORUCU SOKAK;sokak;809284
ERZURUM;PALANDÖKEN;ABDURRAHMAN GAZİ;KOŞA PINAR SOKAK;sokak;817191
ERZURUM;PALANDÖKEN;ABDURRAHMAN GAZİ;KÖROĞLU SOKAK;sokak;812459
ERZURUM;PALANDÖKEN;ABDURRAHMAN GAZİ;MAKSAT SOKAK;sokak;438618
ERZURUM;PALANDÖKEN;ABDURRAHMAN GAZİ;MANDIRA SOKAK;sokak;415469
ERZURUM;PALANDÖKEN;ABDURRAHMAN GAZİ;MANOLYA SOKAK;sokak;927171150
ERZURUM;PALANDÖKEN;ABDURRAHMAN GAZİ;MANSUR SOKAK;sokak;136264780
ERZURUM;PALANDÖKEN;ABDURRAHMAN GAZİ;MEKTEP SOKAK;sokak;415292
ERZURUM;PALANDÖKEN;ABDURRAHMAN GAZİ;MENDERES SOKAK;sokak;274996
ERZURUM;PALANDÖKEN;ABDURRAHMAN GAZİ;MENEKŞE SOKAK;sokak;435421820
ERZURUM;PALANDÖKEN;ABDURRAHMAN GAZİ;MEZARLIK ALTI SOKAK;sokak;204104600
ERZURUM;PALANDÖKEN;ABDURRAHMAN GAZİ;MİNARE SOKAK;sokak;777503
ERZURUM;PALANDÖKEN;ABDURRAHMAN GAZİ;NERGİS SOKAK;sokak;435326
ERZURUM;PALANDÖKEN;ABDURRAHMAN GAZİ;NİSA SOKAK;sokak;777504
ERZURUM;PALANDÖKEN;ABDURRAHMAN GAZİ;NURDAN SOKAK;sokak;411345
ERZURUM;PALANDÖKEN;ABDURRAHMAN GAZİ;OBA SOKAK;sokak;775594
ERZURUM;PALANDÖKEN;ABDURRAHMAN GAZİ;OBANLAR SOKAK;sokak;69023
ERZURUM;PALANDÖKEN;ABDURRAHMAN GAZİ;OKUL SOKAK;sokak;307895150
ERZURUM;PALANDÖKEN;ABDURRAHMAN GAZİ;ORKİDE SOKAK;sokak;812521240
ERZURUM;PALANDÖKEN;ABDURRAHMAN GAZİ;ORTA SOKAK;sokak;180200
ERZURUM;PALANDÖKEN;ABDURRAHMAN GAZİ;OZAN SOKAK;sokak;384880
ERZURUM;PALANDÖKEN;ABDURRAHMAN GAZİ;PALAN SOKAK;sokak;212366
ERZURUM;PALANDÖKEN;ABDURRAHMAN GAZİ;PARK SOKAK;sokak;201528
ERZURUM;PALANDÖKEN;ABDURRAHMAN GAZİ;PINAR SOKAK;sokak;422473
ERZURUM;PALANDÖKEN;ABDURRAHMAN GAZİ;POLATLAR SOKAK;sokak;476165
ERZURUM;PALANDÖKEN;ABDURRAHMAN GAZİ;RAVZA SOKAK;sokak;765313420
ERZURUM;PALANDÖKEN;ABDURRAHMAN GAZİ;SAKIP EFENDİ CADDE;cadde;201553
ERZURUM;PALANDÖKEN;ABDURRAHMAN GAZİ;SALTUK SOKAK;sokak;274991
ERZURUM;PALANDÖKEN;ABDURRAHMAN GAZİ;SARIASMA SOKAK;sokak;274989
ERZURUM;PALANDÖKEN;ABDURRAHMAN GAZİ;SARIÇAM SOKAK;sokak;419704
ERZURUM;PALANDÖKEN;ABDURRAHMAN GAZİ;SAVCI SOKAK;sokak;203388100
ERZURUM;PALANDÖKEN;ABDURRAHMAN GAZİ;SEDİR SOKAK;sokak;476132
ERZURUM;PALANDÖKEN;ABDURRAHMAN GAZİ;SERT SOKAK;sokak;740443550
ERZURUM;PALANDÖKEN;ABDURRAHMAN GAZİ;SULTAN ALPARSLAN CADDE;cadde;210277
ERZURUM;PALANDÖKEN;ABDURRAHMAN GAZİ;SÜRME SOKAK;sokak;420428
ERZURUM;PALANDÖKEN;ABDURRAHMAN GAZİ;ŞAHİNLER SOKAK;sokak;391227
ERZURUM;PALANDÖKEN;ABDURRAHMAN GAZİ;ŞAİR NEDİM SOKAK;sokak;433102260
ERZURUM;PALANDÖKEN;ABDURRAHMAN GAZİ;ŞEHİT CİHAT DUMLUDAĞ SOKAK;sokak;210287
ERZURUM;PALANDÖKEN;ABDURRAHMAN GAZİ;ŞEHİT ERDAL PİŞKEN CADDE;cadde;777511
ERZURUM;PALANDÖKEN;ABDURRAHMAN GAZİ;ŞEHİT TUNCAY YURDAGÜL CADDE;cadde;332626
ERZURUM;PALANDÖKEN;ABDURRAHMAN GAZİ;ŞEVKET ARI CADDE;cadde;777501
ERZURUM;PALANDÖKEN;ABDURRAHMAN GAZİ;TRAFİK ŞUBE ARKA CADDE SOKAK;cadde;730135000
ERZURUM;PALANDÖKEN;ABDURRAHMAN GAZİ;TUBA EVLER SOKAK;sokak;411347
ERZURUM;PALANDÖKEN;ABDURRAHMAN GAZİ;TUĞÇE SOKAK;sokak;275000
ERZURUM;PALANDÖKEN;ABDURRAHMAN GAZİ;TÜRBE YOLU CADDE;cadde;225731
ERZURUM;PALANDÖKEN;ABDURRAHMAN GAZİ;UZUN SOKAK;sokak;74172
ERZURUM;PALANDÖKEN;ABDURRAHMAN GAZİ;ÜÇGEN SOKAK;sokak;271546
ERZURUM;PALANDÖKEN;ABDURRAHMAN GAZİ;VARAN SOKAK;sokak;226608
ERZURUM;PALANDÖKEN;ABDURRAHMAN GAZİ;YAĞAN SOKAK;sokak;456542900
ERZURUM;PALANDÖKEN;ABDURRAHMAN GAZİ;YAĞMUR SOKAK;sokak;777891
ERZURUM;PALANDÖKEN;ABDURRAHMAN GAZİ;YAKUT SOKAK;sokak;212361
ERZURUM;PALANDÖKEN;ABDURRAHMAN GAZİ;YAMAN SOKAK;sokak;274995
ERZURUM;PALANDÖKEN;ABDURRAHMAN GAZİ;YAYLA YOLU CADDE;cadde;435134
ERZURUM;PALANDÖKEN;ABDURRAHMAN GAZİ;YAZICI SOKAK;sokak;274998
ERZURUM;PALANDÖKEN;ABDURRAHMAN GAZİ;YEKTA SOKAK;sokak;348465011
ERZURUM;PALANDÖKEN;ABDURRAHMAN GAZİ;YENİ SOKAK;sokak;339874390
ERZURUM;PALANDÖKEN;ABDURRAHMAN GAZİ;YEŞİL HARK CADDE;cadde;777495
ERZURUM;PALANDÖKEN;ABDURRAHMAN GAZİ;YİĞİT SOKAK;sokak;182720
ERZURUM;PALANDÖKEN;ABDURRAHMAN GAZİ;ZAMBAK SOKAK;sokak;435336
ERZURUM;PALANDÖKEN;ADNAN MENDERES;1. DEPO SOKAK;sokak;212458
ERZURUM;PALANDÖKEN;ADNAN MENDERES;1. GENÇLİK SOKAK;sokak;249399100
ERZURUM;PALANDÖKEN;ADNAN MENDERES;1.ÇARŞI SOKAK;sokak;219766
ERZURUM;PALANDÖKEN;ADNAN MENDERES;1.ÇEVİRME SOKAK;sokak;228267
ERZURUM;PALANDÖKEN;ADNAN MENDERES;1.KİREMİTLİK SOKAK;sokak;219684
ERZURUM;PALANDÖKEN;ADNAN MENDERES;1.MALAZGİRT SOKAK;sokak;220029
ERZURUM;PALANDÖKEN;ADNAN MENDERES;1.ŞEKER SOKAK;sokak;281394
ERZURUM;PALANDÖKEN;ADNAN MENDERES;10. ARA SOKAK;sokak;425431
ERZURUM;PALANDÖKEN;ADNAN MENDERES;10. ÇARŞI SOKAK;sokak;247196
ERZURUM;PALANDÖKEN;ADNAN MENDERES;11. ÇARŞI SOKAK;sokak;298225
ERZURUM;PALANDÖKEN;ADNAN MENDERES;12 MART CADDE;cadde;218688
ERZURUM;PALANDÖKEN;ADNAN MENDERES;12. ÇARŞI SOKAK;sokak;430958
ERZURUM;PALANDÖKEN;ADNAN MENDERES;15 TEMMUZ ŞEHİTLER CADDESİ CADDE;cadde;281393
ERZURUM;PALANDÖKEN;ADNAN MENDERES;2. CADDE;cadde;995468
ERZURUM;PALANDÖKEN;ADNAN MENDERES;2.ÇARŞI SOKAK;sokak;282041
ERZURUM;PALANDÖKEN;ADNAN MENDERES;2.ÇEVİRME SOKAK;sokak;228775
ERZURUM;PALANDÖKEN;ADNAN MENDERES;2.DEPO SOKAK;sokak;220846
ERZURUM;PALANDÖKEN;ADNAN MENDERES;2.KİREMİTLİK SOKAK;sokak;219685
ERZURUM;PALANDÖKEN;ADNAN MENDERES;2.MALAZGİRT SOKAK;sokak;220032
ERZURUM;PALANDÖKEN;ADNAN MENDERES;3.ÇARŞI SOKAK;sokak;247209
ERZURUM;PALANDÖKEN;ADNAN MENDERES;3.ÇEVİRME SOKAK;sokak;86792
ERZURUM;PALANDÖKEN;ADNAN MENDERES;3.KİREMİTLİK SOKAK;sokak;418659
ERZURUM;PALANDÖKEN;ADNAN MENDERES;3.MALAZGİRT SOKAK;sokak;220160
ERZURUM;PALANDÖKEN;ADNAN MENDERES;4.ÇARŞI SOKAK;sokak;303443
ERZURUM;PALANDÖKEN;ADNAN MENDERES;4.KİREMİTLİK SOKAK;sokak;216037
ERZURUM;PALANDÖKEN;ADNAN MENDERES;41. SOKAK;sokak;290726
ERZURUM;PALANDÖKEN;ADNAN MENDERES;43. SOKAK;sokak;362493
ERZURUM;PALANDÖKEN;ADNAN MENDERES;45. SOKAK;sokak;421534
ERZURUM;PALANDÖKEN;ADNAN MENDERES;49. SOKAK;sokak;219762
ERZURUM;PALANDÖKEN;ADNAN MENDERES;5. SOKAK;sokak;182719
ERZURUM;PALANDÖKEN;ADNAN MENDERES;5.ÇARŞI SOKAK;sokak;303444
ERZURUM;PALANDÖKEN;ADNAN MENDERES;5.KİREMİTLİK SOKAK;sokak;816601
ERZURUM;PALANDÖKEN;ADNAN MENDERES;50. SOKAK;sokak;362511
ERZURUM;PALANDÖKEN;ADNAN MENDERES;51. SOKAK;sokak;422231
ERZURUM;PALANDÖKEN;ADNAN MENDERES;52. SOKAK;sokak;422230
ERZURUM;PALANDÖKEN;ADNAN MENDERES;53. SOKAK;sokak;298201
ERZURUM;PALANDÖKEN;ADNAN MENDERES;54. SOKAK;sokak;219758
ERZURUM;PALANDÖKEN;ADNAN MENDERES;56. SOKAK;sokak;193741
ERZURUM;PALANDÖKEN;ADNAN MENDERES;57. SOKAK;sokak;449767
ERZURUM;PALANDÖKEN;ADNAN MENDERES;59. SOKAK;sokak;228275
ERZURUM;PALANDÖKEN;ADNAN MENDERES;6. ARA SOKAK;sokak;191323
ERZURUM;PALANDÖKEN;ADNAN MENDERES;6. SOKAK;sokak;777485
ERZURUM;PALANDÖKEN;ADNAN MENDERES;6.ÇARŞI SOKAK;sokak;282042
ERZURUM;PALANDÖKEN;ADNAN MENDERES;60. SOKAK;sokak;422233
ERZURUM;PALANDÖKEN;ADNAN MENDERES;61. SOKAK;sokak;57356
ERZURUM;PALANDÖKEN;ADNAN MENDERES;62. SOKAK;sokak;228277
ERZURUM;PALANDÖKEN;ADNAN MENDERES;63. SOKAK;sokak;422234
ERZURUM;PALANDÖKEN;ADNAN MENDERES;64. SOKAK;sokak;422232
ERZURUM;PALANDÖKEN;ADNAN MENDERES;65. SOKAK;sokak;421533
ERZURUM;PALANDÖKEN;ADNAN MENDERES;66. SOKAK;sokak;221327
ERZURUM;PALANDÖKEN;ADNAN MENDERES;68. SOKAK;sokak;221326
ERZURUM;PALANDÖKEN;ADNAN MENDERES;69. SOKAK;sokak;69021
ERZURUM;PALANDÖKEN;ADNAN MENDERES;7. ARA SOKAK;sokak;418664
ERZURUM;PALANDÖKEN;ADNAN MENDERES;7. ÇARŞI SOKAK;sokak;364498
ERZURUM;PALANDÖKEN;ADNAN MENDERES;70. SOKAK;sokak;218696
ERZURUM;PALANDÖKEN;ADNAN MENDERES;71. SOKAK;sokak;214228
ERZURUM;PALANDÖKEN;ADNAN MENDERES;72. SOKAK;sokak;214126
ERZURUM;PALANDÖKEN;ADNAN MENDERES;73. SOKAK;sokak;214227
ERZURUM;PALANDÖKEN;ADNAN MENDERES;8. ARA SOKAK;sokak;432820
ERZURUM;PALANDÖKEN;ADNAN MENDERES;8. ÇARŞI SOKAK;sokak;420426
ERZURUM;PALANDÖKEN;ADNAN MENDERES;82. SOKAK;sokak;223681
ERZURUM;PALANDÖKEN;ADNAN MENDERES;83. SOKAK;sokak;212144
ERZURUM;PALANDÖKEN;ADNAN MENDERES;84. SOKAK;sokak;221370
ERZURUM;PALANDÖKEN;ADNAN MENDERES;89. SOKAK;sokak;196957
ERZURUM;PALANDÖKEN;ADNAN MENDERES;9. ÇARŞI SOKAK;sokak;430173
ERZURUM;PALANDÖKEN;ADNAN MENDERES;9.ARA SOKAK;sokak;57355
ERZURUM;PALANDÖKEN;ADNAN MENDERES;90. SOKAK;sokak;775830
ERZURUM;PALANDÖKEN;ADNAN MENDERES;91. SOKAK;sokak;775298
ERZURUM;PALANDÖKEN;ADNAN MENDERES;92. SOKAK;sokak;57583
ERZURUM;PALANDÖKEN;ADNAN MENDERES;93. SOKAK;sokak;465310
ERZURUM;PALANDÖKEN;ADNAN MENDERES;94. SOKAK;sokak;221367
ERZURUM;PALANDÖKEN;ADNAN MENDERES;95. SOKAK;sokak;157728
ERZURUM;PALANDÖKEN;ADNAN MENDERES;AKABE SOKAK;sokak;823976
ERZURUM;PALANDÖKEN;ADNAN MENDERES;AKAN SOKAK;sokak;422205
ERZURUM;PALANDÖKEN;ADNAN MENDERES;AKASYA SOKAK;sokak;733157310
ERZURUM;PALANDÖKEN;ADNAN MENDERES;AKPINAR SOKAK;sokak;289489
ERZURUM;PALANDÖKEN;ADNAN MENDERES;AKSU SOKAK;sokak;822682
ERZURUM;PALANDÖKEN;ADNAN MENDERES;ALPARSLAN TÜRKEŞ BULVAR;sokak;438611
ERZURUM;PALANDÖKEN;ADNAN MENDERES;ALPER SOKAK;sokak;907741420
ERZURUM;PALANDÖKEN;ADNAN MENDERES;ALVARLI MUHAMMED LÜTFÜ EFENDİ CADDE;cadde;303429
ERZURUM;PALANDÖKEN;ADNAN MENDERES;ARAL SOKAK;sokak;422226
ERZURUM;PALANDÖKEN;ADNAN MENDERES;ATATÜRK BULVAR;sokak;110558
ERZURUM;PALANDÖKEN;ADNAN MENDERES;AYDIN SOKAK;sokak;685698390
ERZURUM;PALANDÖKEN;ADNAN MENDERES;AYGÜL SOKAK;sokak;420436
ERZURUM;PALANDÖKEN;ADNAN MENDERES;AYTEKİN SOKAK;sokak;816975000
ERZURUM;PALANDÖKEN;ADNAN MENDERES;BABACAN SOKAK;sokak;803392110
ERZURUM;PALANDÖKEN;ADNAN MENDERES;BAHÇE SOKAK;sokak;281392
ERZURUM;PALANDÖKEN;ADNAN MENDERES;BEYOĞLU SOKAK;sokak;545424930
ERZURUM;PALANDÖKEN;ADNAN MENDERES;BUKET 2. SOKAK;sokak;420900
ERZURUM;PALANDÖKEN;ADNAN MENDERES;BULUT SOKAK;sokak;628477690
ERZURUM;PALANDÖKEN;ADNAN MENDERES;BURAK SOKAK;sokak;218689
ERZURUM;PALANDÖKEN;ADNAN MENDERES;CANGÜL SOKAK;sokak;850174400
ERZURUM;PALANDÖKEN;ADNAN MENDERES;CÜNEYT SOKAK;sokak;228264
ERZURUM;PALANDÖKEN;ADNAN MENDERES;ÇAT YOLU CADDE;cadde;93800
ERZURUM;PALANDÖKEN;ADNAN MENDERES;ÇEVRE SOKAK;sokak;428029
ERZURUM;PALANDÖKEN;ADNAN MENDERES;ÇİÇEKÇİ SOKAK;sokak;801400980
ERZURUM;PALANDÖKEN;ADNAN MENDERES;DEPO SOKAK;sokak;443098
ERZURUM;PALANDÖKEN;ADNAN MENDERES;DİLEK SOKAK;sokak;284222360
ERZURUM;PALANDÖKEN;ADNAN MENDERES;DR. REFİK SAYDAM CADDE;cadde;824622
ERZURUM;PALANDÖKEN;ADNAN MENDERES;EBU İSHAK CADDE;cadde;437059
ERZURUM;PALANDÖKEN;ADNAN MENDERES;EĞİTİM CADDE;cadde;909118
ERZURUM;PALANDÖKEN;ADNAN MENDERES;ELMALI SOKAK;sokak;455852
ERZURUM;PALANDÖKEN;ADNAN MENDERES;EMİRHAN SOKAK;sokak;180774
ERZURUM;PALANDÖKEN;ADNAN MENDERES;EMRE SOKAK;sokak;321331830
ERZURUM;PALANDÖKEN;ADNAN MENDERES;ERVA SOKAK;sokak;946661200
ERZURUM;PALANDÖKEN;ADNAN MENDERES;ESMA SOKAK;sokak;251545190
ERZURUM;PALANDÖKEN;ADNAN MENDERES;FATİH SULTAN MEHMET BULVAR;sokak;212360
ERZURUM;PALANDÖKEN;ADNAN MENDERES;FERİT SOKAK;sokak;522500240
ERZURUM;PALANDÖKEN;ADNAN MENDERES;FULYA SOKAK;sokak;419570
ERZURUM;PALANDÖKEN;ADNAN MENDERES;FUNDA SOKAK;sokak;265350960
ERZURUM;PALANDÖKEN;ADNAN MENDERES;GENÇLİK CADDE;cadde;430175
ERZURUM;PALANDÖKEN;ADNAN MENDERES;GÖKÇE SOKAK;sokak;281747
ERZURUM;PALANDÖKEN;ADNAN MENDERES;GÜLŞAH SOKAK;sokak;28951
ERZURUM;PALANDÖKEN;ADNAN MENDERES;HALİL ÇAVUŞ- SOKAK;sokak;438609
ERZURUM;PALANDÖKEN;ADNAN MENDERES;HARPUT DERE CADDE;cadde;218898
ERZURUM;PALANDÖKEN;ADNAN MENDERES;HİLAL SOKAK;sokak;215770930
ERZURUM;PALANDÖKEN;ADNAN MENDERES;İBRAHİM HAKKI CADDE;cadde;848125
ERZURUM;PALANDÖKEN;ADNAN MENDERES;İKİZLER SOKAK;sokak;863863230
ERZURUM;PALANDÖKEN;ADNAN MENDERES;İSTİKLAL CADDE;cadde;422235
ERZURUM;PALANDÖKEN;ADNAN MENDERES;KARASU SOKAK;sokak;86796
ERZURUM;PALANDÖKEN;ADNAN MENDERES;KİREMİTLİK SOKAK;sokak;475773
ERZURUM;PALANDÖKEN;ADNAN MENDERES;KOSOVA CADDE;cadde;995466
ERZURUM;PALANDÖKEN;ADNAN MENDERES;KÖPRÜLÜ SOKAK;sokak;780579
ERZURUM;PALANDÖKEN;ADNAN MENDERES;KÖŞK ARKASI SOKAK;sokak;281395
ERZURUM;PALANDÖKEN;ADNAN MENDERES;KUMRU SOKAK;sokak;501813950
ERZURUM;PALANDÖKEN;ADNAN MENDERES;KÜRŞAT SOKAK;sokak;285564
ERZURUM;PALANDÖKEN;ADNAN MENDERES;MALAZGİRT SOKAK;sokak;220030
ERZURUM;PALANDÖKEN;ADNAN MENDERES;MAVİ YILDIZ SOKAK;sokak;732905950
ERZURUM;PALANDÖKEN;ADNAN MENDERES;MELEK SOKAK;sokak;454547
ERZURUM;PALANDÖKEN;ADNAN MENDERES;MERAL SOKAK;sokak;439866940
ERZURUM;PALANDÖKEN;ADNAN MENDERES;MERT SOKAK;sokak;480875220
ERZURUM;PALANDÖKEN;ADNAN MENDERES;MEŞRUTİYET CADDE;cadde;298204
ERZURUM;PALANDÖKEN;ADNAN MENDERES;METEHAN SOKAK;sokak;421606
ERZURUM;PALANDÖKEN;ADNAN MENDERES;MEVLANA CADDE;cadde;228538
ERZURUM;PALANDÖKEN;ADNAN MENDERES;MOR SOKAK;sokak;544375610
ERZURUM;PALANDÖKEN;ADNAN MENDERES;NESLİHAN SOKAK;sokak;392099600
ERZURUM;PALANDÖKEN;ADNAN MENDERES;NESRİN SOKAK;sokak;632248770
ERZURUM;PALANDÖKEN;ADNAN MENDERES;NİL SOKAK;sokak;180188
ERZURUM;PALANDÖKEN;ADNAN MENDERES;OKTAY SOKAK;sokak;584962580
ERZURUM;PALANDÖKEN;ADNAN MENDERES;ORD. PROF. DR. AYDIN SAYILI CADDE;cadde;761335371
ERZURUM;PALANDÖKEN;ADNAN MENDERES;PETEK SOKAK;sokak;642785180
ERZURUM;PALANDÖKEN;ADNAN MENDERES;RABİA SOKAK;sokak;212154700
ERZURUM;PALANDÖKEN;ADNAN MENDERES;SABIR SOKAK;sokak;26241
ERZURUM;PALANDÖKEN;ADNAN MENDERES;SAKA SOKAK;sokak;435345
ERZURUM;PALANDÖKEN;ADNAN MENDERES;SAKIZ SOKAK;sokak;337203840
ERZURUM;PALANDÖKEN;ADNAN MENDERES;SEDAT SOKAK;sokak;778375
ERZURUM;PALANDÖKEN;ADNAN MENDERES;SEFA SOKAK;sokak;431488990
ERZURUM;PALANDÖKEN;ADNAN MENDERES;SELÇUK SOKAK;sokak;820073
ERZURUM;PALANDÖKEN;ADNAN MENDERES;SERHAT SOKAK;sokak;782619
ERZURUM;PALANDÖKEN;ADNAN MENDERES;SEYDA SOKAK;sokak;180191
ERZURUM;PALANDÖKEN;ADNAN MENDERES;SU DEPOSU SOKAK;sokak;218548
ERZURUM;PALANDÖKEN;ADNAN MENDERES;ŞAİR NEFİ CADDE;cadde;228278
ERZURUM;PALANDÖKEN;ADNAN MENDERES;ŞEHİT BURAK KARAKUŞ SOKAK;sokak;609899770
ERZURUM;PALANDÖKEN;ADNAN MENDERES;ŞEHİT İLHAN KESEKLER SOKAK;sokak;266003
ERZURUM;PALANDÖKEN;ADNAN MENDERES;ŞEHİT OĞUZHAN KARACA SOKAK;sokak;189616070
ERZURUM;PALANDÖKEN;ADNAN MENDERES;ŞEHİT OĞUZHAN YAŞAR SOKAK;sokak;203553010
ERZURUM;PALANDÖKEN;ADNAN MENDERES;ŞEHİT POLİS YAKUP SÜRÜCÜ SOKAK;sokak;786137590
ERZURUM;PALANDÖKEN;ADNAN MENDERES;ŞEHİT UZMAN ÇAVUŞ SEDAT ATALAY SOKAK;sokak;731070130
ERZURUM;PALANDÖKEN;ADNAN MENDERES;ŞEKER SOKAK;sokak;281403
ERZURUM;PALANDÖKEN;ADNAN MENDERES;ŞİRİN SOKAK;sokak;817539640
ERZURUM;PALANDÖKEN;ADNAN MENDERES;TAVUS SOKAK;sokak;290878
ERZURUM;PALANDÖKEN;ADNAN MENDERES;TEPE SOKAK;sokak;220897
ERZURUM;PALANDÖKEN;ADNAN MENDERES;TRT LOJMANLARI SOKAK;sokak;794172
ERZURUM;PALANDÖKEN;ADNAN MENDERES;YASEMİN SOKAK;sokak;191322
ERZURUM;PALANDÖKEN;ADNAN MENDERES;YAVUZ SULTAN SELİM BULVAR;sokak;274987
ERZURUM;PALANDÖKEN;ADNAN MENDERES;YUNUS SOKAK;sokak;259360
ERZURUM;PALANDÖKEN;ADNAN MENDERES;YÜKSEL SOKAK;sokak;658762030
ERZURUM;PALANDÖKEN;ADNAN MENDERES;ZEHRA SOKAK;sokak;190564560
ERZURUM;PALANDÖKEN;ADNAN MENDERES;ZEYNEP SOKAK;sokak;412651
ERZURUM;PALANDÖKEN;ADNAN MENDERES;ZÜBEYDE HANIM CADDE;cadde;161565
ERZURUM;PALANDÖKEN;ADNAN MENDERES;ZÜMRE SOKAK;sokak;610232140
ERZURUM;PALANDÖKEN;ALİ BEZİRGAN;HANLAR KÜME EVLER;sokak;426721
ERZURUM;PALANDÖKEN;AZİZİYE;KARAKIŞ KÜME EVLER;sokak;209236
ERZURUM;PALANDÖKEN;AZİZİYE;TEKMAN SERVİS YOLU CADDE;cadde;332237850
ERZURUM;PALANDÖKEN;BÖREKLİ;BÖREKLİ KÜME EVLER;sokak;792626
ERZURUM;PALANDÖKEN;ÇEPERLİ;BAYRAK KÜME EVLER;sokak;274975
ERZURUM;PALANDÖKEN;ÇEPERLİ;TEKMAN SERVİS YOLU CADDE;cadde;214950980
ERZURUM;PALANDÖKEN;DEREBOĞAZI;AŞAĞI KÜME EVLER;sokak;120395
ERZURUM;PALANDÖKEN;DEREBOĞAZI;CAMİ SOKAK;sokak;603502
ERZURUM;PALANDÖKEN;DEREBOĞAZI;DEREBOĞAZI SAĞLIK KÜME EVLER;sokak;608916
ERZURUM;PALANDÖKEN;DEREBOĞAZI;EMİNPAŞA KÜME EVLER;sokak;598843
ERZURUM;PALANDÖKEN;DEREBOĞAZI;İSAK MAHALLESİ KÜME EVLER;sokak;853777
ERZURUM;PALANDÖKEN;DEREBOĞAZI;KALECİK KÜME EVLER;sokak;565217270
ERZURUM;PALANDÖKEN;DEREBOĞAZI;YUKARI KÜME EVLER;sokak;603682
ERZURUM;PALANDÖKEN;GÜLLÜ;GÜLŞEN KÜME EVLER;sokak;27572
ERZURUM;PALANDÖKEN;GÜLLÜ;HACIAĞA KÜME EVLER;sokak;196471550
ERZURUM;PALANDÖKEN;GÜLLÜ;TEKMAN SERVİS YOLU CADDE;cadde;269751360
ERZURUM;PALANDÖKEN;GÜZELYURT;GÜZELYURT KÜME EVLER;sokak;537131
ERZURUM;PALANDÖKEN;HANCIĞAZ;AHMET KÜME EVLER;sokak;235382420
ERZURUM;PALANDÖKEN;HANCIĞAZ;HACIAĞA KÜME EVLER;sokak;415387
ERZURUM;PALANDÖKEN;HANCIĞAZ;TEKMAN SERVİS YOLU CADDE;cadde;234950700
ERZURUM;PALANDÖKEN;HANCIĞAZ;TOPRAK KÜME EVLER;sokak;693414850
ERZURUM;PALANDÖKEN;HÜSEYİN AVNİ ULAŞ;1. KAĞAN SOKAK;sokak;231889230
ERZURUM;PALANDÖKEN;HÜSEYİN AVNİ ULAŞ;1. TUZCU KÜME EVLER;sokak;112641240
ERZURUM;PALANDÖKEN;HÜSEYİN AVNİ ULAŞ;100. SOKAK;sokak;372273
ERZURUM;PALANDÖKEN;HÜSEYİN AVNİ ULAŞ;103. SOKAK;sokak;474437
ERZURUM;PALANDÖKEN;HÜSEYİN AVNİ ULAŞ;104. SOKAK;sokak;328274
ERZURUM;PALANDÖKEN;HÜSEYİN AVNİ ULAŞ;11.ARA SOKAK;sokak;450832
ERZURUM;PALANDÖKEN;HÜSEYİN AVNİ ULAŞ;12.ARA SOKAK;sokak;283066
ERZURUM;PALANDÖKEN;HÜSEYİN AVNİ ULAŞ;14.ARA SOKAK;sokak;228291
ERZURUM;PALANDÖKEN;HÜSEYİN AVNİ ULAŞ;16.ARA SOKAK;sokak;225722
ERZURUM;PALANDÖKEN;HÜSEYİN AVNİ ULAŞ;17.ARA SOKAK;sokak;792624
ERZURUM;PALANDÖKEN;HÜSEYİN AVNİ ULAŞ;18.ARA SOKAK;sokak;782874
ERZURUM;PALANDÖKEN;HÜSEYİN AVNİ ULAŞ;2. TUZCU KÜME EVLER;sokak;793526
ERZURUM;PALANDÖKEN;HÜSEYİN AVNİ ULAŞ;200. CADDE;cadde;197878
ERZURUM;PALANDÖKEN;HÜSEYİN AVNİ ULAŞ;201. SOKAK;sokak;354668
ERZURUM;PALANDÖKEN;HÜSEYİN AVNİ ULAŞ;202. SOKAK;sokak;197879
ERZURUM;PALANDÖKEN;HÜSEYİN AVNİ ULAŞ;210. SOKAK;sokak;790317
ERZURUM;PALANDÖKEN;HÜSEYİN AVNİ ULAŞ;212. SOKAK;sokak;794224
ERZURUM;PALANDÖKEN;HÜSEYİN AVNİ ULAŞ;213. SOKAK;sokak;75751
ERZURUM;PALANDÖKEN;HÜSEYİN AVNİ ULAŞ;214. SOKAK;sokak;450461
ERZURUM;PALANDÖKEN;HÜSEYİN AVNİ ULAŞ;215. SOKAK;sokak;28034
ERZURUM;PALANDÖKEN;HÜSEYİN AVNİ ULAŞ;220. SOKAK;sokak;790316
ERZURUM;PALANDÖKEN;HÜSEYİN AVNİ ULAŞ;230. SOKAK;sokak;793793
ERZURUM;PALANDÖKEN;HÜSEYİN AVNİ ULAŞ;231. SOKAK;sokak;450835
ERZURUM;PALANDÖKEN;HÜSEYİN AVNİ ULAŞ;232. SOKAK;sokak;790318
ERZURUM;PALANDÖKEN;HÜSEYİN AVNİ ULAŞ;233. SOKAK;sokak;450459
ERZURUM;PALANDÖKEN;HÜSEYİN AVNİ ULAŞ;250. SOKAK;sokak;450460
ERZURUM;PALANDÖKEN;HÜSEYİN AVNİ ULAŞ;251. SOKAK;sokak;75750
ERZURUM;PALANDÖKEN;HÜSEYİN AVNİ ULAŞ;3.ARA SOKAK;sokak;362489
ERZURUM;PALANDÖKEN;HÜSEYİN AVNİ ULAŞ;4. SOKAK;sokak;478339
ERZURUM;PALANDÖKEN;HÜSEYİN AVNİ ULAŞ;400. SOKAK;sokak;201559
ERZURUM;PALANDÖKEN;HÜSEYİN AVNİ ULAŞ;402. SOKAK;sokak;212451
ERZURUM;PALANDÖKEN;HÜSEYİN AVNİ ULAŞ;403. SOKAK;sokak;364542
ERZURUM;PALANDÖKEN;HÜSEYİN AVNİ ULAŞ;5. ARA SOKAK;sokak;782666
ERZURUM;PALANDÖKEN;HÜSEYİN AVNİ ULAŞ;501. SOKAK;sokak;198004
ERZURUM;PALANDÖKEN;HÜSEYİN AVNİ ULAŞ;502. SOKAK;sokak;786055
ERZURUM;PALANDÖKEN;HÜSEYİN AVNİ ULAŞ;74. SOKAK;sokak;198196
ERZURUM;PALANDÖKEN;HÜSEYİN AVNİ ULAŞ;75. SOKAK;sokak;201550
ERZURUM;PALANDÖKEN;HÜSEYİN AVNİ ULAŞ;76. SOKAK;sokak;160643
ERZURUM;PALANDÖKEN;HÜSEYİN AVNİ ULAŞ;77. SOKAK;sokak;419872
ERZURUM;PALANDÖKEN;HÜSEYİN AVNİ ULAŞ;88. SOKAK;sokak;225724
ERZURUM;PALANDÖKEN;HÜSEYİN AVNİ ULAŞ;98. SOKAK;sokak;364148
ERZURUM;PALANDÖKEN;HÜSEYİN AVNİ ULAŞ;AHİ TOMAN BABA CADDE;cadde;419806320
ERZURUM;PALANDÖKEN;HÜSEYİN AVNİ ULAŞ;AKGÜL SOKAK;sokak;103372690
ERZURUM;PALANDÖKEN;HÜSEYİN AVNİ ULAŞ;ALADAĞ SOKAK;sokak;415536110
ERZURUM;PALANDÖKEN;HÜSEYİN AVNİ ULAŞ;ALEM SOKAK;sokak;105440130
ERZURUM;PALANDÖKEN;HÜSEYİN AVNİ ULAŞ;ALP SOKAK;sokak;197995
ERZURUM;PALANDÖKEN;HÜSEYİN AVNİ ULAŞ;ALPARSLAN TÜRKEŞ BULVAR;sokak;364153
ERZURUM;PALANDÖKEN;HÜSEYİN AVNİ ULAŞ;ALTIPARMAK SOKAK;sokak;838727390
ERZURUM;PALANDÖKEN;HÜSEYİN AVNİ ULAŞ;ARDIÇ SOKAK;sokak;362090210
ERZURUM;PALANDÖKEN;HÜSEYİN AVNİ ULAŞ;ASAF SOKAK;sokak;703923940
ERZURUM;PALANDÖKEN;HÜSEYİN AVNİ ULAŞ;AYŞE HATUN SOKAK;sokak;790612
ERZURUM;PALANDÖKEN;HÜSEYİN AVNİ ULAŞ;AYYILDIZ SOKAK;sokak;253334360
ERZURUM;PALANDÖKEN;HÜSEYİN AVNİ ULAŞ;BAHRİYE SOKAK;sokak;220900
ERZURUM;PALANDÖKEN;HÜSEYİN AVNİ ULAŞ;ÇAKILTAŞI SOKAK;sokak;478636000
ERZURUM;PALANDÖKEN;HÜSEYİN AVNİ ULAŞ;ÇAT YOLU CADDE;cadde;166613
ERZURUM;PALANDÖKEN;HÜSEYİN AVNİ ULAŞ;ÇİNİ SOKAK;sokak;170269560
ERZURUM;PALANDÖKEN;HÜSEYİN AVNİ ULAŞ;ÇOBAN YILDIZI SOKAK;sokak;726132680
ERZURUM;PALANDÖKEN;HÜSEYİN AVNİ ULAŞ;DİRİLİŞ SOKAK;sokak;725230460
ERZURUM;PALANDÖKEN;HÜSEYİN AVNİ ULAŞ;EBRULİ SOKAK;sokak;950320580
ERZURUM;PALANDÖKEN;HÜSEYİN AVNİ ULAŞ;EKİN SOKAK;sokak;763434410
ERZURUM;PALANDÖKEN;HÜSEYİN AVNİ ULAŞ;EMNIYET SOKAK;sokak;220895
ERZURUM;PALANDÖKEN;HÜSEYİN AVNİ ULAŞ;EMRAH SOKAK;sokak;728646060
ERZURUM;PALANDÖKEN;HÜSEYİN AVNİ ULAŞ;ERHAYAT SOKAK;sokak;859210
ERZURUM;PALANDÖKEN;HÜSEYİN AVNİ ULAŞ;ERZURUMLU EMRAH CADDE;cadde;181244460
ERZURUM;PALANDÖKEN;HÜSEYİN AVNİ ULAŞ;ESAT SOKAK;sokak;784023
ERZURUM;PALANDÖKEN;HÜSEYİN AVNİ ULAŞ;FURKAN SOKAK;sokak;784022
ERZURUM;PALANDÖKEN;HÜSEYİN AVNİ ULAŞ;GAZİ ALBAY FEYZULLAH TÜZÜNALP CADDE;cadde;622622250
ERZURUM;PALANDÖKEN;HÜSEYİN AVNİ ULAŞ;GAZİ NECMETTİN UYGUR CADDE;cadde;442296720
ERZURUM;PALANDÖKEN;HÜSEYİN AVNİ ULAŞ;GÖKDENİZ SOKAK;sokak;794170
ERZURUM;PALANDÖKEN;HÜSEYİN AVNİ ULAŞ;GÖKKUŞAĞI SOKAK;sokak;826128390
ERZURUM;PALANDÖKEN;HÜSEYİN AVNİ ULAŞ;GÖKTÜRK SOKAK;sokak;520542280
ERZURUM;PALANDÖKEN;HÜSEYİN AVNİ ULAŞ;GÜLBAHÇE SOKAK;sokak;737782010
ERZURUM;PALANDÖKEN;HÜSEYİN AVNİ ULAŞ;GÜLCAN SOKAK;sokak;319426830
ERZURUM;PALANDÖKEN;HÜSEYİN AVNİ ULAŞ;GÜVERCİN SOKAK;sokak;435799
ERZURUM;PALANDÖKEN;HÜSEYİN AVNİ ULAŞ;HAFIZ FARUK KALELİ SOKAK;sokak;993406140
ERZURUM;PALANDÖKEN;HÜSEYİN AVNİ ULAŞ;HANEDAN SOKAK;sokak;223428510
ERZURUM;PALANDÖKEN;HÜSEYİN AVNİ ULAŞ;HARDAL SOKAK;sokak;400799230
ERZURUM;PALANDÖKEN;HÜSEYİN AVNİ ULAŞ;HAZİNE SOKAK;sokak;438003410
ERZURUM;PALANDÖKEN;HÜSEYİN AVNİ ULAŞ;HAZNEDAR CADDE;cadde;790613
ERZURUM;PALANDÖKEN;HÜSEYİN AVNİ ULAŞ;HİKMET SOKAK;sokak;848013150
ERZURUM;PALANDÖKEN;HÜSEYİN AVNİ ULAŞ;HUMA KUŞU CADDE;cadde;420278700
ERZURUM;PALANDÖKEN;HÜSEYİN AVNİ ULAŞ;İLHAN SOKAK;sokak;673173470
ERZURUM;PALANDÖKEN;HÜSEYİN AVNİ ULAŞ;KAĞAN SOKAK;sokak;515004940
ERZURUM;PALANDÖKEN;HÜSEYİN AVNİ ULAŞ;KANARYA SOKAK;sokak;262728980
ERZURUM;PALANDÖKEN;HÜSEYİN AVNİ ULAŞ;KAYNAK SOKAK;sokak;277516
ERZURUM;PALANDÖKEN;HÜSEYİN AVNİ ULAŞ;KERVAN SOKAK;sokak;509760180
ERZURUM;PALANDÖKEN;HÜSEYİN AVNİ ULAŞ;KÖSE SOKAK;sokak;225725
ERZURUM;PALANDÖKEN;HÜSEYİN AVNİ ULAŞ;KÜBRANUR SOKAK;sokak;809959
ERZURUM;PALANDÖKEN;HÜSEYİN AVNİ ULAŞ;MARKET ALTI- SOKAK;sokak;450834
ERZURUM;PALANDÖKEN;HÜSEYİN AVNİ ULAŞ;MARKET SOKAK;sokak;416098
ERZURUM;PALANDÖKEN;HÜSEYİN AVNİ ULAŞ;MELİH SOKAK;sokak;251870140
ERZURUM;PALANDÖKEN;HÜSEYİN AVNİ ULAŞ;MELİS SOKAK;sokak;766880270
ERZURUM;PALANDÖKEN;HÜSEYİN AVNİ ULAŞ;MERVE SOKAK;sokak;228293
ERZURUM;PALANDÖKEN;HÜSEYİN AVNİ ULAŞ;MİMARBAŞI SOKAK;sokak;590393390
ERZURUM;PALANDÖKEN;HÜSEYİN AVNİ ULAŞ;MÜCELLA SOKAK;sokak;621500160
ERZURUM;PALANDÖKEN;HÜSEYİN AVNİ ULAŞ;NAKKAŞ SOKAK;sokak;230952920
ERZURUM;PALANDÖKEN;HÜSEYİN AVNİ ULAŞ;NECİP FAZIL KISAKÜREK CADDE;cadde;415289
ERZURUM;PALANDÖKEN;HÜSEYİN AVNİ ULAŞ;NEŞELİ SOKAK;sokak;452449690
ERZURUM;PALANDÖKEN;HÜSEYİN AVNİ ULAŞ;OYA ÇİÇEĞİ SOKAK;sokak;102515440
ERZURUM;PALANDÖKEN;HÜSEYİN AVNİ ULAŞ;ÖMER SOKAK;sokak;228290
ERZURUM;PALANDÖKEN;HÜSEYİN AVNİ ULAŞ;ÖZKAN SOKAK;sokak;450833
ERZURUM;PALANDÖKEN;HÜSEYİN AVNİ ULAŞ;PUYA ÇİÇEĞİ SOKAK;sokak;776418350
ERZURUM;PALANDÖKEN;HÜSEYİN AVNİ ULAŞ;SABUNCU SOKAK;sokak;593152000
ERZURUM;PALANDÖKEN;HÜSEYİN AVNİ ULAŞ;SELÇUKLU SOKAK;sokak;378852
ERZURUM;PALANDÖKEN;HÜSEYİN AVNİ ULAŞ;SELİMİYE CAMİ SOKAK;sokak;935873350
ERZURUM;PALANDÖKEN;HÜSEYİN AVNİ ULAŞ;SİBEL SOKAK;sokak;228292
ERZURUM;PALANDÖKEN;HÜSEYİN AVNİ ULAŞ;SOMUNCU SOKAK;sokak;256743420
ERZURUM;PALANDÖKEN;HÜSEYİN AVNİ ULAŞ;SÖĞÜT SOKAK;sokak;784627280
ERZURUM;PALANDÖKEN;HÜSEYİN AVNİ ULAŞ;SU NAZIRI SOKAK;sokak;951277180
ERZURUM;PALANDÖKEN;HÜSEYİN AVNİ ULAŞ;ŞAİR FUZULİ SOKAK;sokak;160978000
ERZURUM;PALANDÖKEN;HÜSEYİN AVNİ ULAŞ;ŞEHİT MÜSLİM AKBULUT SOKAK;sokak;337405311
ERZURUM;PALANDÖKEN;HÜSEYİN AVNİ ULAŞ;ŞEHİT POLİS ABDULKADİR GÜNGÖR BULVAR;sokak;790624
ERZURUM;PALANDÖKEN;HÜSEYİN AVNİ ULAŞ;ŞEHİT POLİS MURAT ELLİK BULVAR;sokak;447928690
ERZURUM;PALANDÖKEN;HÜSEYİN AVNİ ULAŞ;ŞEHİT RAHMİ KAYA SOKAK;sokak;231651030
ERZURUM;PALANDÖKEN;HÜSEYİN AVNİ ULAŞ;ŞEHİT UMUT ÖZNÜTEPE SOKAK;sokak;156794000
ERZURUM;PALANDÖKEN;HÜSEYİN AVNİ ULAŞ;ŞEHİT ZAFER ŞEKER SOKAK;sokak;374931290
ERZURUM;PALANDÖKEN;HÜSEYİN AVNİ ULAŞ;TAHA SOKAK;sokak;415395
ERZURUM;PALANDÖKEN;HÜSEYİN AVNİ ULAŞ;TOKİ 2 SOKAK;sokak;840295
ERZURUM;PALANDÖKEN;HÜSEYİN AVNİ ULAŞ;TUNA SOKAK;sokak;80858
ERZURUM;PALANDÖKEN;HÜSEYİN AVNİ ULAŞ;TÜRKELİ SOKAK;sokak;899718160
ERZURUM;PALANDÖKEN;HÜSEYİN AVNİ ULAŞ;UĞUR BÖCEĞİ SOKAK;sokak;411903640
ERZURUM;PALANDÖKEN;HÜSEYİN AVNİ ULAŞ;UTKU SOKAK;sokak;794245
ERZURUM;PALANDÖKEN;HÜSEYİN AVNİ ULAŞ;ÜMİT SOKAK;sokak;353702
ERZURUM;PALANDÖKEN;HÜSEYİN AVNİ ULAŞ;VEFALI SOKAK;sokak;817620310
ERZURUM;PALANDÖKEN;HÜSEYİN AVNİ ULAŞ;YALI BÜLBÜLÜ SOKAK;sokak;13795125
ERZURUM;PALANDÖKEN;HÜSEYİN AVNİ ULAŞ;YAN SOKAK;sokak;793026
ERZURUM;PALANDÖKEN;KONAKLI;KONAKLI KÜME EVLER;sokak;792625
ERZURUM;PALANDÖKEN;KÜMBET;DAMLA KÜME EVLER;sokak;661144630
ERZURUM;PALANDÖKEN;KÜMBET;SIRMA KÜME EVLER;sokak;235211
ERZURUM;PALANDÖKEN;MÜFTÜ SOLAKZADE;1. CADDE;cadde;420941
ERZURUM;PALANDÖKEN;MÜFTÜ SOLAKZADE;1.ARA SOKAK;sokak;180794
ERZURUM;PALANDÖKEN;MÜFTÜ SOLAKZADE;1.PAZAR SOKAK;sokak;826062
ERZURUM;PALANDÖKEN;MÜFTÜ SOLAKZADE;10. SOKAK;sokak;354654
ERZURUM;PALANDÖKEN;MÜFTÜ SOLAKZADE;11. SOKAK;sokak;69019
ERZURUM;PALANDÖKEN;MÜFTÜ SOLAKZADE;12 MART CADDE;cadde;384870
ERZURUM;PALANDÖKEN;MÜFTÜ SOLAKZADE;12. SOKAK;sokak;228624
ERZURUM;PALANDÖKEN;MÜFTÜ SOLAKZADE;13. SOKAK;sokak;436605
ERZURUM;PALANDÖKEN;MÜFTÜ SOLAKZADE;13.ÇARŞI SOKAK;sokak;782644
ERZURUM;PALANDÖKEN;MÜFTÜ SOLAKZADE;14. SOKAK;sokak;436604
ERZURUM;PALANDÖKEN;MÜFTÜ SOLAKZADE;14.ÇARŞI SOKAK;sokak;782634
ERZURUM;PALANDÖKEN;MÜFTÜ SOLAKZADE;15. SOKAK;sokak;77694
ERZURUM;PALANDÖKEN;MÜFTÜ SOLAKZADE;15.ÇARŞI SOKAK;sokak;782633
ERZURUM;PALANDÖKEN;MÜFTÜ SOLAKZADE;17. SOKAK;sokak;362262
ERZURUM;PALANDÖKEN;MÜFTÜ SOLAKZADE;18. SOKAK;sokak;69016
ERZURUM;PALANDÖKEN;MÜFTÜ SOLAKZADE;19. SOKAK;sokak;69110
ERZURUM;PALANDÖKEN;MÜFTÜ SOLAKZADE;2. ARA SOKAK;sokak;694833
ERZURUM;PALANDÖKEN;MÜFTÜ SOLAKZADE;2. CADDE;cadde;290885
ERZURUM;PALANDÖKEN;MÜFTÜ SOLAKZADE;20. SOKAK;sokak;53482
ERZURUM;PALANDÖKEN;MÜFTÜ SOLAKZADE;21. SOKAK;sokak;384874
ERZURUM;PALANDÖKEN;MÜFTÜ SOLAKZADE;22. SOKAK;sokak;384868
ERZURUM;PALANDÖKEN;MÜFTÜ SOLAKZADE;23. SOKAK;sokak;420934
ERZURUM;PALANDÖKEN;MÜFTÜ SOLAKZADE;24. SOKAK;sokak;436608
ERZURUM;PALANDÖKEN;MÜFTÜ SOLAKZADE;25. SOKAK;sokak;214691
ERZURUM;PALANDÖKEN;MÜFTÜ SOLAKZADE;26. SOKAK;sokak;219785
ERZURUM;PALANDÖKEN;MÜFTÜ SOLAKZADE;27. SOKAK;sokak;220898
ERZURUM;PALANDÖKEN;MÜFTÜ SOLAKZADE;28. SOKAK;sokak;420926
ERZURUM;PALANDÖKEN;MÜFTÜ SOLAKZADE;29. SOKAK;sokak;420929
ERZURUM;PALANDÖKEN;MÜFTÜ SOLAKZADE;30. SOKAK;sokak;793739
ERZURUM;PALANDÖKEN;MÜFTÜ SOLAKZADE;31. SOKAK;sokak;86789
ERZURUM;PALANDÖKEN;MÜFTÜ SOLAKZADE;32. SOKAK;sokak;764527
ERZURUM;PALANDÖKEN;MÜFTÜ SOLAKZADE;33. SOKAK;sokak;220901
ERZURUM;PALANDÖKEN;MÜFTÜ SOLAKZADE;34. SOKAK;sokak;384873
ERZURUM;PALANDÖKEN;MÜFTÜ SOLAKZADE;37. SOKAK;sokak;86797
ERZURUM;PALANDÖKEN;MÜFTÜ SOLAKZADE;38. SOKAK;sokak;86790
ERZURUM;PALANDÖKEN;MÜFTÜ SOLAKZADE;39. SOKAK;sokak;420932
ERZURUM;PALANDÖKEN;MÜFTÜ SOLAKZADE;40. SOKAK;sokak;420931
ERZURUM;PALANDÖKEN;MÜFTÜ SOLAKZADE;7. SOKAK;sokak;782628
ERZURUM;PALANDÖKEN;MÜFTÜ SOLAKZADE;74. SOKAK;sokak;218690
ERZURUM;PALANDÖKEN;MÜFTÜ SOLAKZADE;75. SOKAK;sokak;365192
ERZURUM;PALANDÖKEN;MÜFTÜ SOLAKZADE;76. SOKAK;sokak;422229
ERZURUM;PALANDÖKEN;MÜFTÜ SOLAKZADE;77. SOKAK;sokak;415199
ERZURUM;PALANDÖKEN;MÜFTÜ SOLAKZADE;78. SOKAK;sokak;425386
ERZURUM;PALANDÖKEN;MÜFTÜ SOLAKZADE;79. SOKAK;sokak;453961
ERZURUM;PALANDÖKEN;MÜFTÜ SOLAKZADE;8. SOKAK;sokak;415304
ERZURUM;PALANDÖKEN;MÜFTÜ SOLAKZADE;80. SOKAK;sokak;775822
ERZURUM;PALANDÖKEN;MÜFTÜ SOLAKZADE;81. SOKAK;sokak;425969
ERZURUM;PALANDÖKEN;MÜFTÜ SOLAKZADE;85. SOKAK;sokak;221368
ERZURUM;PALANDÖKEN;MÜFTÜ SOLAKZADE;86. SOKAK;sokak;262123
ERZURUM;PALANDÖKEN;MÜFTÜ SOLAKZADE;87. SOKAK;sokak;210412
ERZURUM;PALANDÖKEN;MÜFTÜ SOLAKZADE;9. SOKAK;sokak;69017
ERZURUM;PALANDÖKEN;MÜFTÜ SOLAKZADE;ADİLE SOKAK;sokak;571383640
ERZURUM;PALANDÖKEN;MÜFTÜ SOLAKZADE;ALPARSLAN TÜRKEŞ BULVAR;sokak;995444
ERZURUM;PALANDÖKEN;MÜFTÜ SOLAKZADE;ALVARLI MUHAMMED LÜTFÜ EFENDİ CADDE;cadde;415305
ERZURUM;PALANDÖKEN;MÜFTÜ SOLAKZADE;ATATÜRK BULVAR;sokak;195452
ERZURUM;PALANDÖKEN;MÜFTÜ SOLAKZADE;AYDINLIK SOKAK;sokak;165244720
ERZURUM;PALANDÖKEN;MÜFTÜ SOLAKZADE;AYHAN SOKAK;sokak;793738
ERZURUM;PALANDÖKEN;MÜFTÜ SOLAKZADE;BOSTANCI SOKAK;sokak;260934270
ERZURUM;PALANDÖKEN;MÜFTÜ SOLAKZADE;BÖĞÜRTLEN SOKAK;sokak;894056660
ERZURUM;PALANDÖKEN;MÜFTÜ SOLAKZADE;BUDAK SOKAK;sokak;726863
ERZURUM;PALANDÖKEN;MÜFTÜ SOLAKZADE;BUĞDAY SOKAK;sokak;787573660
ERZURUM;PALANDÖKEN;MÜFTÜ SOLAKZADE;CEVHER SOKAK;sokak;431842250
ERZURUM;PALANDÖKEN;MÜFTÜ SOLAKZADE;CİMİLLİ SOKAK;sokak;804314
ERZURUM;PALANDÖKEN;MÜFTÜ SOLAKZADE;ÇAĞLAYAN SOKAK;sokak;401757050
ERZURUM;PALANDÖKEN;MÜFTÜ SOLAKZADE;DAĞLARCA SOKAK;sokak;453963
ERZURUM;PALANDÖKEN;MÜFTÜ SOLAKZADE;EBUBEKİR SOKAK;sokak;767220080
ERZURUM;PALANDÖKEN;MÜFTÜ SOLAKZADE;ELMADAĞ SOKAK;sokak;420928
ERZURUM;PALANDÖKEN;MÜFTÜ SOLAKZADE;EMİN SOKAK;sokak;182744
ERZURUM;PALANDÖKEN;MÜFTÜ SOLAKZADE;ENES SOKAK;sokak;212149
ERZURUM;PALANDÖKEN;MÜFTÜ SOLAKZADE;ENSAR SOKAK;sokak;916759670
ERZURUM;PALANDÖKEN;MÜFTÜ SOLAKZADE;ERGUVAN SOKAK;sokak;147934000
ERZURUM;PALANDÖKEN;MÜFTÜ SOLAKZADE;GAMZE SOKAK;sokak;598926530
ERZURUM;PALANDÖKEN;MÜFTÜ SOLAKZADE;GİZEM SOKAK;sokak;437945
ERZURUM;PALANDÖKEN;MÜFTÜ SOLAKZADE;GÖKTUĞ SOKAK;sokak;384869
ERZURUM;PALANDÖKEN;MÜFTÜ SOLAKZADE;GÜLDEN SOKAK;sokak;792103570
ERZURUM;PALANDÖKEN;MÜFTÜ SOLAKZADE;GÜLSÜM SOKAK;sokak;298582630
ERZURUM;PALANDÖKEN;MÜFTÜ SOLAKZADE;HASAN SOKAK;sokak;804313
ERZURUM;PALANDÖKEN;MÜFTÜ SOLAKZADE;HİCRET SOKAK;sokak;559236190
ERZURUM;PALANDÖKEN;MÜFTÜ SOLAKZADE;HİSAR SOKAK;sokak;361034
ERZURUM;PALANDÖKEN;MÜFTÜ SOLAKZADE;İBRAHİM POLAT CADDE;cadde;109348910
ERZURUM;PALANDÖKEN;MÜFTÜ SOLAKZADE;İSTİKLAL CADDE;cadde;420937
ERZURUM;PALANDÖKEN;MÜFTÜ SOLAKZADE;KAFTAN SOKAK;sokak;53392411
ERZURUM;PALANDÖKEN;MÜFTÜ SOLAKZADE;KARAHAN SOKAK;sokak;995460
ERZURUM;PALANDÖKEN;MÜFTÜ SOLAKZADE;KINA ÇİÇEĞİ SOKAK;sokak;207788410
ERZURUM;PALANDÖKEN;MÜFTÜ SOLAKZADE;KİRAZLI SOKAK;sokak;404826970
ERZURUM;PALANDÖKEN;MÜFTÜ SOLAKZADE;KOSOVA CADDE;cadde;361848
ERZURUM;PALANDÖKEN;MÜFTÜ SOLAKZADE;KÜÇÜK- SOKAK;sokak;136349
ERZURUM;PALANDÖKEN;MÜFTÜ SOLAKZADE;KÜLTÜR SOKAK;sokak;922893
ERZURUM;PALANDÖKEN;MÜFTÜ SOLAKZADE;MAREŞAL FEVZİ ÇAKMAK CADDE;cadde;474414
ERZURUM;PALANDÖKEN;MÜFTÜ SOLAKZADE;MAVİ SOKAK;sokak;420936
ERZURUM;PALANDÖKEN;MÜFTÜ SOLAKZADE;MEŞRUTİYET CADDE;cadde;69018
ERZURUM;PALANDÖKEN;MÜFTÜ SOLAKZADE;METİN SOKAK;sokak;473744
ERZURUM;PALANDÖKEN;MÜFTÜ SOLAKZADE;MEVLANA CADDE;cadde;438156
ERZURUM;PALANDÖKEN;MÜFTÜ SOLAKZADE;MİMAR SİNAN CADDE;cadde;359474
ERZURUM;PALANDÖKEN;MÜFTÜ SOLAKZADE;MOR SALKIMLI SOKAK;sokak;974748520
ERZURUM;PALANDÖKEN;MÜFTÜ SOLAKZADE;NİHAVEND SOKAK;sokak;842464040
ERZURUM;PALANDÖKEN;MÜFTÜ SOLAKZADE;OSMAN SOKAK;sokak;420892
ERZURUM;PALANDÖKEN;MÜFTÜ SOLAKZADE;SAĞLIK SOKAK;sokak;812668
ERZURUM;PALANDÖKEN;MÜFTÜ SOLAKZADE;SALKIM SOKAK;sokak;964250790
ERZURUM;PALANDÖKEN;MÜFTÜ SOLAKZADE;SARAÇLAR SOKAK;sokak;420927
ERZURUM;PALANDÖKEN;MÜFTÜ SOLAKZADE;ŞAFAK SOKAK;sokak;412661
ERZURUM;PALANDÖKEN;MÜFTÜ SOLAKZADE;ŞAİR NEFİ CADDE;cadde;384875
ERZURUM;PALANDÖKEN;MÜFTÜ SOLAKZADE;ŞEHİT POLİS ABDULKADİR GÜNGÖR BULVAR;sokak;391206700
ERZURUM;PALANDÖKEN;MÜFTÜ SOLAKZADE;ŞEKERCİZADE SOKAK;sokak;187339310
ERZURUM;PALANDÖKEN;MÜFTÜ SOLAKZADE;ŞİFA SOKAK;sokak;228760
ERZURUM;PALANDÖKEN;MÜFTÜ SOLAKZADE;TANPINAR SOKAK;sokak;799461
ERZURUM;PALANDÖKEN;MÜFTÜ SOLAKZADE;TAVŞANLI SOKAK;sokak;995470
ERZURUM;PALANDÖKEN;MÜFTÜ SOLAKZADE;TUĞRA SOKAK;sokak;717090750
ERZURUM;PALANDÖKEN;MÜFTÜ SOLAKZADE;TURAN SOKAK;sokak;420935
ERZURUM;PALANDÖKEN;MÜFTÜ SOLAKZADE;ULAK SOKAK;sokak;133894570
ERZURUM;PALANDÖKEN;MÜFTÜ SOLAKZADE;YAREN SOKAK;sokak;286053
ERZURUM;PALANDÖKEN;MÜFTÜ SOLAKZADE;YAVUZ SULTAN SELİM BULVAR;sokak;220899
ERZURUM;PALANDÖKEN;MÜFTÜ SOLAKZADE;YENİŞEHİR SOKAK;sokak;354516240
ERZURUM;PALANDÖKEN;MÜFTÜ SOLAKZADE;YUSUF SOKAK;sokak;810460540
ERZURUM;PALANDÖKEN;MÜFTÜ SOLAKZADE;ZARAFET SOKAK;sokak;587442280
ERZURUM;PALANDÖKEN;MÜFTÜ SOLAKZADE;ZÜBEYDE HANIM CADDE;cadde;220890
ERZURUM;PALANDÖKEN;NENE HATUN;FATİH SULTAN MEHMET BULVAR;sokak;257424610
ERZURUM;PALANDÖKEN;NENE HATUN;HATUN KÜME EVLER;sokak;27573
ERZURUM;PALANDÖKEN;NENE HATUN;ŞEHİTLER1 SOKAK;sokak;211791890
ERZURUM;PALANDÖKEN;NENE HATUN;TEKMAN SERVİS YOLU CADDE;cadde;201952020
ERZURUM;PALANDÖKEN;SIĞIRLI;GÜLŞEN KÜME EVLER;sokak;311687680
ERZURUM;PALANDÖKEN;SIĞIRLI;UFUK KÜME EVLER;sokak;274973
ERZURUM;PALANDÖKEN;ŞEHİTLER;1.SANAYİ CADDE;cadde;341450290
ERZURUM;PALANDÖKEN;ŞEHİTLER;2.SANAYİ CADDE;cadde;141486130
ERZURUM;PALANDÖKEN;ŞEHİTLER;3.SANAYİ CADDE;cadde;858442560
ERZURUM;PALANDÖKEN;ŞEHİTLER;4.SANAYİ CADDE;cadde;683506690
ERZURUM;PALANDÖKEN;ŞEHİTLER;4.SANAYİ- CADDE;cadde;285024900
ERZURUM;PALANDÖKEN;ŞEHİTLER;ELVAN KÜME EVLER;sokak;75727
ERZURUM;PALANDÖKEN;ŞEHİTLER;FATİH SULTAN MEHMET BULVAR;sokak;340840120
ERZURUM;PALANDÖKEN;ŞEHİTLER;OSB 1. SOKAK;sokak;192351750
ERZURUM;PALANDÖKEN;ŞEHİTLER;OSB 2. SOKAK;sokak;702421360
ERZURUM;PALANDÖKEN;ŞEHİTLER;OSB 3. SOKAK;sokak;216888820
ERZURUM;PALANDÖKEN;ŞEHİTLER;OSB 4. SOKAK;sokak;910513830
ERZURUM;PALANDÖKEN;ŞEHİTLER;OSB 5. SOKAK;sokak;860897940
ERZURUM;PALANDÖKEN;ŞEHİTLER;OSB 6. SOKAK;sokak;690239010
ERZURUM;PALANDÖKEN;ŞEHİTLER;OSB 7. SOKAK;sokak;891987250
ERZURUM;PALANDÖKEN;ŞEHİTLER;OSB 8. SOKAK;sokak;918847420
ERZURUM;PALANDÖKEN;ŞEHİTLER;OSB 9. SOKAK;sokak;775989930
ERZURUM;PALANDÖKEN;ŞEHİTLER;ŞEHİTLER1 SOKAK;sokak;221136330
ERZURUM;PALANDÖKEN;ŞEHİTLER;TEKMAN SERVİS YOLU CADDE;cadde;530500760
ERZURUM;PALANDÖKEN;TAŞLIGÜNEY;GÜNEYLİ KÜME EVLER;sokak;30831
ERZURUM;PALANDÖKEN;TAŞLIGÜNEY;TEK KÜME EVLER;sokak;412560581
ERZURUM;PALANDÖKEN;TEKKEDERESİ;TEK KÜME EVLER;sokak;38344
ERZURUM;PALANDÖKEN;TEPEKÖY;ZİRVE KÜME EVLER;sokak;794554
ERZURUM;PALANDÖKEN;TOPARLAK;FATİH SULTAN MEHMET BULVAR;sokak;181446420
ERZURUM;PALANDÖKEN;TOPARLAK;TEKMAN SERVİS YOLU CADDE;cadde;269751361
ERZURUM;PALANDÖKEN;TOPARLAK;TOPRAK KÜME EVLER;sokak;27569
ERZURUM;PALANDÖKEN;UZUN AHMET;AHMET KÜME EVLER;sokak;274976
ERZURUM;PALANDÖKEN;UZUN AHMET;TEKMAN SERVİS YOLU CADDE;cadde;795948000
ERZURUM;PALANDÖKEN;YAĞMURCUK;DAMLA KÜME EVLER;sokak;38457
ERZURUM;PALANDÖKEN;YAĞMURCUK;ESENDERE MEZ.KARAKAYA 1 KÜME EVLER;sokak;817049
ERZURUM;PALANDÖKEN;YAĞMURCUK;ESENDERE MEZRASI KARAKAYA 2. KÜME EVLER;sokak;817050
ERZURUM;PALANDÖKEN;YIKILGAN;TEKMAN SERVİS YOLU CADDE;cadde;214950981
ERZURUM;PALANDÖKEN;YIKILGAN;YIKILHAN KÜME EVLER;sokak;415386
ERZURUM;PALANDÖKEN;YUKARIYENİCE;GEDİK KÜME EVLER;sokak;381556
ERZURUM;PALANDÖKEN;YUKARIYENİCE;YUKARIYENİCE KÜME EVLER;sokak;68597
ERZURUM;PALANDÖKEN;YUNUSEMRE;1. AKDOĞAN SOKAK;sokak;415625050
ERZURUM;PALANDÖKEN;YUNUSEMRE;1. ASAYİŞ SOKAK;sokak;133480080
ERZURUM;PALANDÖKEN;YUNUSEMRE;1. AYCAN SOKAK;sokak;550147730
ERZURUM;PALANDÖKEN;YUNUSEMRE;1. BAYRAKTAR SOKAK;sokak;430162
ERZURUM;PALANDÖKEN;YUNUSEMRE;1. BÜKLÜM SOKAK;sokak;301054800
ERZURUM;PALANDÖKEN;YUNUSEMRE;1. CENK SOKAK;sokak;260599230
ERZURUM;PALANDÖKEN;YUNUSEMRE;1. ÇOBAN SOKAK;sokak;190968660
ERZURUM;PALANDÖKEN;YUNUSEMRE;1. FATİH SOKAK;sokak;867219170
ERZURUM;PALANDÖKEN;YUNUSEMRE;1. HÜRMET SOKAK;sokak;583054750
ERZURUM;PALANDÖKEN;YUNUSEMRE;1. HÜRRİYET SOKAK;sokak;628097440
ERZURUM;PALANDÖKEN;YUNUSEMRE;1. HÜSEYİN BEY SOKAK;sokak;433561610
ERZURUM;PALANDÖKEN;YUNUSEMRE;1. IŞIK SOKAK;sokak;942224290
ERZURUM;PALANDÖKEN;YUNUSEMRE;1. KIŞ TURİZM SOKAK;sokak;932435900
ERZURUM;PALANDÖKEN;YUNUSEMRE;1. KOCASİNAN SOKAK;sokak;191780
ERZURUM;PALANDÖKEN;YUNUSEMRE;1. LİMON SOKAK;sokak;136356280
ERZURUM;PALANDÖKEN;YUNUSEMRE;1. MASLAK SOKAK;sokak;212367
ERZURUM;PALANDÖKEN;YUNUSEMRE;1. NAZİK SOKAK;sokak;374794170
ERZURUM;PALANDÖKEN;YUNUSEMRE;1. SANCAK SOKAK;sokak;109131
ERZURUM;PALANDÖKEN;YUNUSEMRE;1. SELVİ SOKAK;sokak;587195760
ERZURUM;PALANDÖKEN;YUNUSEMRE;1. SERÇE SOKAK;sokak;199671400
ERZURUM;PALANDÖKEN;YUNUSEMRE;1. TUNALI SOKAK;sokak;226120140
ERZURUM;PALANDÖKEN;YUNUSEMRE;1. ULAŞ SOKAK;sokak;208883680
ERZURUM;PALANDÖKEN;YUNUSEMRE;1. ZERDA SOKAK;sokak;354018680
ERZURUM;PALANDÖKEN;YUNUSEMRE;1. ZİYA PAŞA SOKAK;sokak;898915190
ERZURUM;PALANDÖKEN;YUNUSEMRE;1.ÇIKMAZ SOKAK;sokak;250489
ERZURUM;PALANDÖKEN;YUNUSEMRE;1.NENEHATUN SOKAK;sokak;535522950
ERZURUM;PALANDÖKEN;YUNUSEMRE;1.NEŞE SOKAK;sokak;436606
ERZURUM;PALANDÖKEN;YUNUSEMRE;1.SAMSUN SOKAK;sokak;437404
ERZURUM;PALANDÖKEN;YUNUSEMRE;100.YIL CADDE;cadde;53480
ERZURUM;PALANDÖKEN;YUNUSEMRE;19 MAYIS SOKAK;sokak;282811
ERZURUM;PALANDÖKEN;YUNUSEMRE;2. AYCAN SOKAK;sokak;170221460
ERZURUM;PALANDÖKEN;YUNUSEMRE;2. BÜKLÜM SOKAK;sokak;292180700
ERZURUM;PALANDÖKEN;YUNUSEMRE;2. CENK SOKAK;sokak;531500660
ERZURUM;PALANDÖKEN;YUNUSEMRE;2. ÇOBAN SOKAK;sokak;829763250
ERZURUM;PALANDÖKEN;YUNUSEMRE;2. FATİH SOKAK;sokak;551969500
ERZURUM;PALANDÖKEN;YUNUSEMRE;2. HÜRMET SOKAK;sokak;214133560
ERZURUM;PALANDÖKEN;YUNUSEMRE;2. IŞIK SOKAK;sokak;225696100
ERZURUM;PALANDÖKEN;YUNUSEMRE;2. KAYAK TESİSLERİ SOKAK;sokak;684417320
ERZURUM;PALANDÖKEN;YUNUSEMRE;2. KIŞ TURİZM CADDE;cadde;399985470
ERZURUM;PALANDÖKEN;YUNUSEMRE;2. LİMON SOKAK;sokak;879176540
ERZURUM;PALANDÖKEN;YUNUSEMRE;2. NAZİK SOKAK;sokak;309091050
ERZURUM;PALANDÖKEN;YUNUSEMRE;2. SANCAK SOKAK;sokak;139739530
ERZURUM;PALANDÖKEN;YUNUSEMRE;2. SELVİ SOKAK;sokak;803613140
ERZURUM;PALANDÖKEN;YUNUSEMRE;2. TUNALI SOKAK;sokak;392569040
ERZURUM;PALANDÖKEN;YUNUSEMRE;2. ULAŞ SOKAK;sokak;944122020
ERZURUM;PALANDÖKEN;YUNUSEMRE;2. ZERDA SOKAK;sokak;314198070
ERZURUM;PALANDÖKEN;YUNUSEMRE;2. ZİYA PAŞA SOKAK;sokak;732645330
ERZURUM;PALANDÖKEN;YUNUSEMRE;2.CAMİ SOKAK;sokak;475756
ERZURUM;PALANDÖKEN;YUNUSEMRE;2.ÇUKUR SOKAK;sokak;303408
ERZURUM;PALANDÖKEN;YUNUSEMRE;2.KOCA SİNAN SOKAK;sokak;298658
ERZURUM;PALANDÖKEN;YUNUSEMRE;2.MASLAK SOKAK;sokak;780569
ERZURUM;PALANDÖKEN;YUNUSEMRE;2.NENEHATUN SOKAK;sokak;574838930
ERZURUM;PALANDÖKEN;YUNUSEMRE;2.NEŞE SOKAK;sokak;193829
ERZURUM;PALANDÖKEN;YUNUSEMRE;3. BÜKLÜM SOKAK;sokak;334153240
ERZURUM;PALANDÖKEN;YUNUSEMRE;3. CENK SOKAK;sokak;141377150
ERZURUM;PALANDÖKEN;YUNUSEMRE;3. FATİH SOKAK;sokak;786112900
ERZURUM;PALANDÖKEN;YUNUSEMRE;3. HÜRMET SOKAK;sokak;457670760
ERZURUM;PALANDÖKEN;YUNUSEMRE;3. IŞIK SOKAK;sokak;347920690
ERZURUM;PALANDÖKEN;YUNUSEMRE;3. KAYAK TESİSLERİ SOKAK;sokak;849766040
ERZURUM;PALANDÖKEN;YUNUSEMRE;3. KIŞ TURİZM SOKAK;sokak;864156010
ERZURUM;PALANDÖKEN;YUNUSEMRE;3. LİMON SOKAK;sokak;648585410
ERZURUM;PALANDÖKEN;YUNUSEMRE;3. NAZİK SOKAK;sokak;610238590
ERZURUM;PALANDÖKEN;YUNUSEMRE;3. SELVİ SOKAK;sokak;297040380
ERZURUM;PALANDÖKEN;YUNUSEMRE;3. ZERDA SOKAK;sokak;843650220
ERZURUM;PALANDÖKEN;YUNUSEMRE;3. ZİYA PAŞA SOKAK;sokak;839483230
ERZURUM;PALANDÖKEN;YUNUSEMRE;3.ÇUKUR SOKAK;sokak;262381
ERZURUM;PALANDÖKEN;YUNUSEMRE;3.MASLAK SOKAK;sokak;295576
ERZURUM;PALANDÖKEN;YUNUSEMRE;3.NEŞE SOKAK;sokak;219639
ERZURUM;PALANDÖKEN;YUNUSEMRE;4. BÜKLÜM SOKAK;sokak;530652070
ERZURUM;PALANDÖKEN;YUNUSEMRE;4. CENK SOKAK;sokak;687056070
ERZURUM;PALANDÖKEN;YUNUSEMRE;4. HÜRMET SOKAK;sokak;900291580
ERZURUM;PALANDÖKEN;YUNUSEMRE;4. IŞIK SOKAK;sokak;450394840
ERZURUM;PALANDÖKEN;YUNUSEMRE;4. KIŞ TURİZM SOKAK;sokak;918852280
ERZURUM;PALANDÖKEN;YUNUSEMRE;4. LİMON SOKAK;sokak;871615190
ERZURUM;PALANDÖKEN;YUNUSEMRE;4. NAZİK SOKAK;sokak;806321690
ERZURUM;PALANDÖKEN;YUNUSEMRE;4. SELVİ SOKAK;sokak;705687790
ERZURUM;PALANDÖKEN;YUNUSEMRE;4. ZERDA SOKAK;sokak;166620
ERZURUM;PALANDÖKEN;YUNUSEMRE;4. ZİYA PAŞA SOKAK;sokak;830841520
ERZURUM;PALANDÖKEN;YUNUSEMRE;4.ÇUKUR SOKAK;sokak;303401
ERZURUM;PALANDÖKEN;YUNUSEMRE;4.MASLAK SOKAK;sokak;451825
ERZURUM;PALANDÖKEN;YUNUSEMRE;5. BÜKLÜM SOKAK;sokak;526714010
ERZURUM;PALANDÖKEN;YUNUSEMRE;5. HÜRMET SOKAK;sokak;539432390
ERZURUM;PALANDÖKEN;YUNUSEMRE;5. IŞIK SOKAK;sokak;423751130
ERZURUM;PALANDÖKEN;YUNUSEMRE;5. LİMON SOKAK;sokak;161168650
ERZURUM;PALANDÖKEN;YUNUSEMRE;5. NAZİK SOKAK;sokak;485885600
ERZURUM;PALANDÖKEN;YUNUSEMRE;5. ZİYA PAŞA SOKAK;sokak;307793420
ERZURUM;PALANDÖKEN;YUNUSEMRE;5.ÇUKUR SOKAK;sokak;222626
ERZURUM;PALANDÖKEN;YUNUSEMRE;6. BÜKLÜM SOKAK;sokak;145801200
ERZURUM;PALANDÖKEN;YUNUSEMRE;6. LİMON SOKAK;sokak;894881180
ERZURUM;PALANDÖKEN;YUNUSEMRE;6. ZİYA PAŞA SOKAK;sokak;801758540
ERZURUM;PALANDÖKEN;YUNUSEMRE;7. ZİYA PAŞA SOKAK;sokak;654544720
ERZURUM;PALANDÖKEN;YUNUSEMRE;ABACI SOKAK;sokak;212363
ERZURUM;PALANDÖKEN;YUNUSEMRE;ABDULGAFFUR HAS CADDE;cadde;218899
ERZURUM;PALANDÖKEN;YUNUSEMRE;AKDOĞAN SOKAK;sokak;281750
ERZURUM;PALANDÖKEN;YUNUSEMRE;AKKUŞ SOKAK;sokak;193836
ERZURUM;PALANDÖKEN;YUNUSEMRE;AKŞAM SEFASI SOKAK;sokak;788150570
ERZURUM;PALANDÖKEN;YUNUSEMRE;ALAÇAM SOKAK;sokak;56109
ERZURUM;PALANDÖKEN;YUNUSEMRE;ASAYİŞ SOKAK;sokak;172279840
ERZURUM;PALANDÖKEN;YUNUSEMRE;AŞİYAN SOKAK;sokak;489882160
ERZURUM;PALANDÖKEN;YUNUSEMRE;ATAŞEHİR SOKAK;sokak;236416
ERZURUM;PALANDÖKEN;YUNUSEMRE;ATATÜRK BULVAR;sokak;192422
ERZURUM;PALANDÖKEN;YUNUSEMRE;AVCI SOKAK;sokak;429098
ERZURUM;PALANDÖKEN;YUNUSEMRE;AYAZ SOKAK;sokak;455850
ERZURUM;PALANDÖKEN;YUNUSEMRE;AYCAN SOKAK;sokak;289651500
ERZURUM;PALANDÖKEN;YUNUSEMRE;AYDAN SOKAK;sokak;50358
ERZURUM;PALANDÖKEN;YUNUSEMRE;AYŞENUR SOKAK;sokak;392573400
ERZURUM;PALANDÖKEN;YUNUSEMRE;AZİZ SOKAK;sokak;110331
ERZURUM;PALANDÖKEN;YUNUSEMRE;BAHADIR SOKAK;sokak;453962
ERZURUM;PALANDÖKEN;YUNUSEMRE;BALA SOKAK;sokak;228525
ERZURUM;PALANDÖKEN;YUNUSEMRE;BAŞBUĞ SOKAK;sokak;775808
ERZURUM;PALANDÖKEN;YUNUSEMRE;BAYRAKTAR SOKAK;sokak;866079
ERZURUM;PALANDÖKEN;YUNUSEMRE;BERAT SOKAK;sokak;909558810
ERZURUM;PALANDÖKEN;YUNUSEMRE;BEREKETLİ SOKAK;sokak;764452
ERZURUM;PALANDÖKEN;YUNUSEMRE;BİLAL SOKAK;sokak;317504410
ERZURUM;PALANDÖKEN;YUNUSEMRE;BİLGE SOKAK;sokak;775593
ERZURUM;PALANDÖKEN;YUNUSEMRE;BUKET SOKAK;sokak;809950
ERZURUM;PALANDÖKEN;YUNUSEMRE;BÜKLÜM SOKAK;sokak;687197490
ERZURUM;PALANDÖKEN;YUNUSEMRE;BÜNYAMİN SOKAK;sokak;175887650
ERZURUM;PALANDÖKEN;YUNUSEMRE;CAMİ ARKASI SOKAK;sokak;298771
ERZURUM;PALANDÖKEN;YUNUSEMRE;CENK CADDE;cadde;908722760
ERZURUM;PALANDÖKEN;YUNUSEMRE;ÇAĞAN SOKAK;sokak;398473890
ERZURUM;PALANDÖKEN;YUNUSEMRE;ÇAVDAR SOKAK;sokak;327890340
ERZURUM;PALANDÖKEN;YUNUSEMRE;ÇIKMAZ SOKAK;sokak;274988
ERZURUM;PALANDÖKEN;YUNUSEMRE;ÇINAR SOKAK;sokak;459029
ERZURUM;PALANDÖKEN;YUNUSEMRE;ÇİÇEKLİ SOKAK;sokak;775927
ERZURUM;PALANDÖKEN;YUNUSEMRE;ÇİLEK SOKAK;sokak;132975770
ERZURUM;PALANDÖKEN;YUNUSEMRE;ÇOBAN SOKAK;sokak;504140510
ERZURUM;PALANDÖKEN;YUNUSEMRE;ÇUKUR SOKAK;sokak;208495
ERZURUM;PALANDÖKEN;YUNUSEMRE;DAR SOKAK;sokak;161561
ERZURUM;PALANDÖKEN;YUNUSEMRE;DİVAN SOKAK;sokak;601142380
ERZURUM;PALANDÖKEN;YUNUSEMRE;DÜZGÜN SOKAK;sokak;775592
ERZURUM;PALANDÖKEN;YUNUSEMRE;EFE SOKAK;sokak;206939660
ERZURUM;PALANDÖKEN;YUNUSEMRE;ELÇİ SOKAK;sokak;360604
ERZURUM;PALANDÖKEN;YUNUSEMRE;ENGİN SOKAK;sokak;191168
ERZURUM;PALANDÖKEN;YUNUSEMRE;ERDAL SOKAK;sokak;263040550
ERZURUM;PALANDÖKEN;YUNUSEMRE;EREN SOKAK;sokak;421509
ERZURUM;PALANDÖKEN;YUNUSEMRE;ERENLER SOKAK;sokak;220903
ERZURUM;PALANDÖKEN;YUNUSEMRE;ERTUĞRUL CADDE;cadde;193204
ERZURUM;PALANDÖKEN;YUNUSEMRE;ERTUĞRUL GAZİ SOKAK;sokak;462116780
ERZURUM;PALANDÖKEN;YUNUSEMRE;ERTUNA SOKAK;sokak;465276
ERZURUM;PALANDÖKEN;YUNUSEMRE;ERZURUM SOKAK;sokak;689746820
ERZURUM;PALANDÖKEN;YUNUSEMRE;FATİH SOKAK;sokak;222582
ERZURUM;PALANDÖKEN;YUNUSEMRE;FATİH SULTAN MEHMET BULVAR;sokak;221379
ERZURUM;PALANDÖKEN;YUNUSEMRE;FIRAT SOKAK;sokak;79106
ERZURUM;PALANDÖKEN;YUNUSEMRE;GAZİ EYYUP PALANCİOĞLU SOKAK;sokak;252672610
ERZURUM;PALANDÖKEN;YUNUSEMRE;GEÇİT SOKAK;sokak;495629110
ERZURUM;PALANDÖKEN;YUNUSEMRE;GÜLER SOKAK;sokak;430609
ERZURUM;PALANDÖKEN;YUNUSEMRE;GÜLİSTAN SOKAK;sokak;461039660
ERZURUM;PALANDÖKEN;YUNUSEMRE;GÜNEBAKAN SOKAK;sokak;185991670
ERZURUM;PALANDÖKEN;YUNUSEMRE;GÜNGÖR SOKAK;sokak;809949
ERZURUM;PALANDÖKEN;YUNUSEMRE;GÜRCAN CADDE;cadde;50359
ERZURUM;PALANDÖKEN;YUNUSEMRE;HALİT PAŞA CADDE;cadde;298659
ERZURUM;PALANDÖKEN;YUNUSEMRE;HAN SOKAK;sokak;427517
ERZURUM;PALANDÖKEN;YUNUSEMRE;HASTAHANE SOKAK;sokak;780567
ERZURUM;PALANDÖKEN;YUNUSEMRE;HAYATİ SOKAK;sokak;271968150
ERZURUM;PALANDÖKEN;YUNUSEMRE;HAZAL SOKAK;sokak;517067860
ERZURUM;PALANDÖKEN;YUNUSEMRE;HAZAR SOKAK;sokak;262373
ERZURUM;PALANDÖKEN;YUNUSEMRE;HÜRMET SOKAK;sokak;359959
ERZURUM;PALANDÖKEN;YUNUSEMRE;HÜRRİYET SOKAK;sokak;161828180
ERZURUM;PALANDÖKEN;YUNUSEMRE;HÜSEYİNBEY SOKAK;sokak;222985580
ERZURUM;PALANDÖKEN;YUNUSEMRE;IŞIK SOKAK;sokak;883385120
ERZURUM;PALANDÖKEN;YUNUSEMRE;İBRAHİM POLAT CADDE;cadde;441619
ERZURUM;PALANDÖKEN;YUNUSEMRE;İLKOKUL SOKAK;sokak;360602
ERZURUM;PALANDÖKEN;YUNUSEMRE;İPEK SOKAK;sokak;220896
ERZURUM;PALANDÖKEN;YUNUSEMRE;İSMAİL GÜRCAN CADDE;cadde;751246280
ERZURUM;PALANDÖKEN;YUNUSEMRE;KARAÇAM SOKAK;sokak;219640
ERZURUM;PALANDÖKEN;YUNUSEMRE;KARAYOLLARI LOJMANLARI SOKAK;sokak;301769
ERZURUM;PALANDÖKEN;YUNUSEMRE;KARDELEN SOKAK;sokak;781062
ERZURUM;PALANDÖKEN;YUNUSEMRE;KARTAL SOKAK;sokak;214449710
ERZURUM;PALANDÖKEN;YUNUSEMRE;KAYAK TESİSLERİ SOKAK;sokak;448577
ERZURUM;PALANDÖKEN;YUNUSEMRE;KAYAKYOLU CADDE;cadde;224953
ERZURUM;PALANDÖKEN;YUNUSEMRE;KEKİK SOKAK;sokak;420422
ERZURUM;PALANDÖKEN;YUNUSEMRE;KIRLANGIÇ SOKAK;sokak;672585330
ERZURUM;PALANDÖKEN;YUNUSEMRE;KIŞ TURİZM CADDE;cadde;121186260
ERZURUM;PALANDÖKEN;YUNUSEMRE;KİBAR SOKAK;sokak;772371960
ERZURUM;PALANDÖKEN;YUNUSEMRE;KORKMAZ SOKAK;sokak;260809
ERZURUM;PALANDÖKEN;YUNUSEMRE;KORKMAZ ÜSTÜ SOKAK;sokak;191898
ERZURUM;PALANDÖKEN;YUNUSEMRE;KURBAN SOKAK;sokak;69020
ERZURUM;PALANDÖKEN;YUNUSEMRE;LALEZAR SOKAK;sokak;922865330
ERZURUM;PALANDÖKEN;YUNUSEMRE;LEYLAK SOKAK;sokak;921252100
ERZURUM;PALANDÖKEN;YUNUSEMRE;LİMON SOKAK;sokak;780002540
ERZURUM;PALANDÖKEN;YUNUSEMRE;LİSE SOKAK;sokak;408134040
ERZURUM;PALANDÖKEN;YUNUSEMRE;LÜTFÜ YALIN CADDE;cadde;435196
ERZURUM;PALANDÖKEN;YUNUSEMRE;M.SAMİ RAMAZANOĞLU SOKAK;sokak;775595
ERZURUM;PALANDÖKEN;YUNUSEMRE;MEHTAP SOKAK;sokak;631006710
ERZURUM;PALANDÖKEN;YUNUSEMRE;MİLLİYET SOKAK;sokak;551248950
ERZURUM;PALANDÖKEN;YUNUSEMRE;MİNA SOKAK;sokak;777583
ERZURUM;PALANDÖKEN;YUNUSEMRE;MÜFTÜ YAŞAR İŞCAN SOKAK;sokak;236417
ERZURUM;PALANDÖKEN;YUNUSEMRE;NAZIR SOKAK;sokak;425949
ERZURUM;PALANDÖKEN;YUNUSEMRE;NAZİK SOKAK;sokak;681591440
ERZURUM;PALANDÖKEN;YUNUSEMRE;NENEHATUN SOKAK;sokak;356714
ERZURUM;PALANDÖKEN;YUNUSEMRE;NEŞE SOKAK;sokak;296711
ERZURUM;PALANDÖKEN;YUNUSEMRE;NUR SOKAK;sokak;218723
ERZURUM;PALANDÖKEN;YUNUSEMRE;OĞUZ SOKAK;sokak;298218
ERZURUM;PALANDÖKEN;YUNUSEMRE;OĞUZHAN SOKAK;sokak;560214390
ERZURUM;PALANDÖKEN;YUNUSEMRE;ORHAN GAZİ SOKAK;sokak;685129120
ERZURUM;PALANDÖKEN;YUNUSEMRE;OSMANBEY SOKAK;sokak;348081050
ERZURUM;PALANDÖKEN;YUNUSEMRE;ÖVGÜ SOKAK;sokak;262071
ERZURUM;PALANDÖKEN;YUNUSEMRE;ÖZ YUNUS CADDE;cadde;428000
ERZURUM;PALANDÖKEN;YUNUSEMRE;ÖZGE SOKAK;sokak;641490990
ERZURUM;PALANDÖKEN;YUNUSEMRE;ÖZGENÇ SOKAK;sokak;221384
ERZURUM;PALANDÖKEN;YUNUSEMRE;ÖZGÜR SOKAK;sokak;289492
ERZURUM;PALANDÖKEN;YUNUSEMRE;ÖZMERAL CADDE;cadde;456384
ERZURUM;PALANDÖKEN;YUNUSEMRE;PAPATYA SOKAK;sokak;864452280
ERZURUM;PALANDÖKEN;YUNUSEMRE;REŞAT SOKAK;sokak;696008800
ERZURUM;PALANDÖKEN;YUNUSEMRE;RIDVAN SOKAK;sokak;221386
ERZURUM;PALANDÖKEN;YUNUSEMRE;SAKIP EFENDİ CADDE;cadde;228529
ERZURUM;PALANDÖKEN;YUNUSEMRE;SALİM ALTUĞ ARKA SOKAK;sokak;244625
ERZURUM;PALANDÖKEN;YUNUSEMRE;SALİM ALTUĞ CADDE;cadde;421532
ERZURUM;PALANDÖKEN;YUNUSEMRE;SAMSUN CADDE;cadde;430172
ERZURUM;PALANDÖKEN;YUNUSEMRE;SANCAK CADDE;cadde;221333
ERZURUM;PALANDÖKEN;YUNUSEMRE;SEBİL SOKAK;sokak;421537340
ERZURUM;PALANDÖKEN;YUNUSEMRE;SEKİLİ SOKAK;sokak;281746
ERZURUM;PALANDÖKEN;YUNUSEMRE;SELİN SOKAK;sokak;69132
ERZURUM;PALANDÖKEN;YUNUSEMRE;SELVİ SOKAK;sokak;179124860
ERZURUM;PALANDÖKEN;YUNUSEMRE;SERCAN SOKAK;sokak;820032
ERZURUM;PALANDÖKEN;YUNUSEMRE;SERÇE SOKAK;sokak;899842490
ERZURUM;PALANDÖKEN;YUNUSEMRE;SERDAŞ SOKAK;sokak;21252
ERZURUM;PALANDÖKEN;YUNUSEMRE;SİNA SOKAK;sokak;362261
ERZURUM;PALANDÖKEN;YUNUSEMRE;SUDE SOKAK;sokak;425937
ERZURUM;PALANDÖKEN;YUNUSEMRE;SULTAN ALPARSLAN CADDE;cadde;193837
ERZURUM;PALANDÖKEN;YUNUSEMRE;SULTAN SOKAK;sokak;220080
ERZURUM;PALANDÖKEN;YUNUSEMRE;SUR SOKAK;sokak;572740
ERZURUM;PALANDÖKEN;YUNUSEMRE;SUSAM SOKAK;sokak;564731920
ERZURUM;PALANDÖKEN;YUNUSEMRE;SÜMBÜL SOKAK;sokak;104900190
ERZURUM;PALANDÖKEN;YUNUSEMRE;ŞAİR NEDİM SOKAK;sokak;298189940
ERZURUM;PALANDÖKEN;YUNUSEMRE;ŞEHİT ALİ RAHMANİ SOKAK;sokak;380879
ERZURUM;PALANDÖKEN;YUNUSEMRE;ŞEHİT HAKAN ALTUNDAĞ CADDE;cadde;298217
ERZURUM;PALANDÖKEN;YUNUSEMRE;ŞEHİT İBRAHİM SULAK CADDE;cadde;359960
ERZURUM;PALANDÖKEN;YUNUSEMRE;ŞEHİT KADİR KILCI CADDE;cadde;364175
ERZURUM;PALANDÖKEN;YUNUSEMRE;ŞEHİT KUBİLAY KARAMAN SOKAK;sokak;920240900
ERZURUM;PALANDÖKEN;YUNUSEMRE;ŞEHİT MUHAMMET ÇAĞRI TOPPUZ SOKAK;sokak;372810
ERZURUM;PALANDÖKEN;YUNUSEMRE;ŞEHİT ORGENERAL EŞREF BİTLİS CADDE;cadde;191884
ERZURUM;PALANDÖKEN;YUNUSEMRE;ŞEHİT TAHSİN DOĞRU CADDE;cadde;223505
ERZURUM;PALANDÖKEN;YUNUSEMRE;ŞENGÜL SOKAK;sokak;700879370
ERZURUM;PALANDÖKEN;YUNUSEMRE;ŞENPINAR SOKAK;sokak;427526
ERZURUM;PALANDÖKEN;YUNUSEMRE;TALHA SOKAK;sokak;425407
ERZURUM;PALANDÖKEN;YUNUSEMRE;TİMUR SOKAK;sokak;228524
ERZURUM;PALANDÖKEN;YUNUSEMRE;TOMURCUK SOKAK;sokak;294302
ERZURUM;PALANDÖKEN;YUNUSEMRE;TUFAN SOKAK;sokak;193833
ERZURUM;PALANDÖKEN;YUNUSEMRE;TUĞRUL BEY SOKAK;sokak;756005280
ERZURUM;PALANDÖKEN;YUNUSEMRE;TUNALI SOKAK;sokak;653743650
ERZURUM;PALANDÖKEN;YUNUSEMRE;TURGUT SOKAK;sokak;260830
ERZURUM;PALANDÖKEN;YUNUSEMRE;TURNA SOKAK;sokak;818368
ERZURUM;PALANDÖKEN;YUNUSEMRE;UĞURLU SOKAK;sokak;207988
ERZURUM;PALANDÖKEN;YUNUSEMRE;UHUT SOKAK;sokak;274986
ERZURUM;PALANDÖKEN;YUNUSEMRE;ULAŞ CADDE;cadde;810376
ERZURUM;PALANDÖKEN;YUNUSEMRE;ULUBATLI HASAN SOKAK;sokak;374467
ERZURUM;PALANDÖKEN;YUNUSEMRE;UMUT SOKAK;sokak;425408
ERZURUM;PALANDÖKEN;YUNUSEMRE;UZUN MEHMET SOKAK;sokak;637924100
ERZURUM;PALANDÖKEN;YUNUSEMRE;VURAL SOKAK;sokak;260829
ERZURUM;PALANDÖKEN;YUNUSEMRE;YAKUTLAR SOKAK;sokak;422862
ERZURUM;PALANDÖKEN;YUNUSEMRE;YALÇIN EVLER SOKAK;sokak;436607
ERZURUM;PALANDÖKEN;YUNUSEMRE;YAVUZ SOKAK;sokak;194790
ERZURUM;PALANDÖKEN;YUNUSEMRE;YEŞİLÇAM SOKAK;sokak;194786
ERZURUM;PALANDÖKEN;YUNUSEMRE;YILDIRIM SOKAK;sokak;180193
ERZURUM;PALANDÖKEN;YUNUSEMRE;YONCA SOKAK;sokak;180222
ERZURUM;PALANDÖKEN;YUNUSEMRE;YUDUM SOKAK;sokak;758474910
ERZURUM;PALANDÖKEN;YUNUSEMRE;YUNUSEMRE CAMİ SOKAK;sokak;20083036
ERZURUM;PALANDÖKEN;YUNUSEMRE;YURT SOKAK;sokak;180189
ERZURUM;PALANDÖKEN;YUNUSEMRE;ZAHİDE ÖZAY CADDE;cadde;36045888
ERZURUM;PALANDÖKEN;YUNUSEMRE;ZEMBİL SOKAK;sokak;719243930
ERZURUM;PALANDÖKEN;YUNUSEMRE;ZENCEFİL SOKAK;sokak;219687
ERZURUM;PALANDÖKEN;YUNUSEMRE;ZİYA PAŞA CADDE;cadde;190334480
ERZURUM;PASİNLER;ACI;ACI KÜME EVLER;sokak;264399
ERZURUM;PASİNLER;AĞAÇMİNARE;ASLANAĞA SOKAK;sokak;382954
ERZURUM;PASİNLER;AĞAÇMİNARE;AVUKLU SOKAK;sokak;943380760
ERZURUM;PASİNLER;AĞAÇMİNARE;BABA EFENDİ SOKAK;sokak;10795128
ERZURUM;PASİNLER;AĞAÇMİNARE;CAMİİ SOKAK;sokak;42226
ERZURUM;PASİNLER;AĞAÇMİNARE;ÇAĞLAYAN SOKAK;sokak;42231
ERZURUM;PASİNLER;AĞAÇMİNARE;ÇINAR SOKAK;sokak;382956
ERZURUM;PASİNLER;AĞAÇMİNARE;ÇİĞDEM SOKAK;sokak;42232
ERZURUM;PASİNLER;AĞAÇMİNARE;DAĞYOLU SOKAK;sokak;42227
ERZURUM;PASİNLER;AĞAÇMİNARE;ERZİNCANLI SOKAK;sokak;42228
ERZURUM;PASİNLER;AĞAÇMİNARE;HACI KADİR SOKAK;sokak;135286580
ERZURUM;PASİNLER;AĞAÇMİNARE;HASBİ GÖÇKER SOKAK;sokak;295417031
ERZURUM;PASİNLER;AĞAÇMİNARE;HÜKÜMET SOKAK;sokak;382955
ERZURUM;PASİNLER;AĞAÇMİNARE;HÜSEYİN KAVUT SOKAK;sokak;42233
ERZURUM;PASİNLER;AĞAÇMİNARE;İMAM HATİP SOKAK;sokak;817990
ERZURUM;PASİNLER;AĞAÇMİNARE;İPEKOĞLU SOKAK;sokak;382957
ERZURUM;PASİNLER;AĞAÇMİNARE;KİŞİOĞLU SOKAK;sokak;42230
ERZURUM;PASİNLER;AĞAÇMİNARE;KURNUŞLU ÇEŞME SOKAK;sokak;42229
ERZURUM;PASİNLER;AĞAÇMİNARE;MAHMUT ŞANCI SOKAK;sokak;811008850
ERZURUM;PASİNLER;AĞAÇMİNARE;OSMAN AĞA SOKAK;sokak;220193760
ERZURUM;PASİNLER;AĞAÇMİNARE;YASİN YAĞAR SOKAK;sokak;390609000
ERZURUM;PASİNLER;AĞAÇMİNARE;YUSUF KOÇAK SOKAK;sokak;291578561
ERZURUM;PASİNLER;AĞCALAR;AĞCALAR KÜME EVLER;sokak;287452
ERZURUM;PASİNLER;ALTINBAŞAK;ALTINBAŞAK KÜME EVLER;sokak;245698
ERZURUM;PASİNLER;ALTINBAŞAK;ALTINBAŞAK1 SOKAK;sokak;485523191
ERZURUM;PASİNLER;ALTINBAŞAK;ALTINBAŞAK10 SOKAK;sokak;392701031
ERZURUM;PASİNLER;ALTINBAŞAK;ALTINBAŞAK11 SOKAK;sokak;752561980
ERZURUM;PASİNLER;ALTINBAŞAK;ALTINBAŞAK12 SOKAK;sokak;517228660
ERZURUM;PASİNLER;ALTINBAŞAK;ALTINBAŞAK13 SOKAK;sokak;381980730
ERZURUM;PASİNLER;ALTINBAŞAK;ALTINBAŞAK14 SOKAK;sokak;566787740
ERZURUM;PASİNLER;ALTINBAŞAK;ALTINBAŞAK15 SOKAK;sokak;889016081
ERZURUM;PASİNLER;ALTINBAŞAK;ALTINBAŞAK16 SOKAK;sokak;343730270
ERZURUM;PASİNLER;ALTINBAŞAK;ALTINBAŞAK17 SOKAK;sokak;884377850
ERZURUM;PASİNLER;ALTINBAŞAK;ALTINBAŞAK18 SOKAK;sokak;159071320
ERZURUM;PASİNLER;ALTINBAŞAK;ALTINBAŞAK19 SOKAK;sokak;924618210
ERZURUM;PASİNLER;ALTINBAŞAK;ALTINBAŞAK2 SOKAK;sokak;607264111
ERZURUM;PASİNLER;ALTINBAŞAK;ALTINBAŞAK20 SOKAK;sokak;514882780
ERZURUM;PASİNLER;ALTINBAŞAK;ALTINBAŞAK21 SOKAK;sokak;215550240
ERZURUM;PASİNLER;ALTINBAŞAK;ALTINBAŞAK22 SOKAK;sokak;463041681
ERZURUM;PASİNLER;ALTINBAŞAK;ALTINBAŞAK23 SOKAK;sokak;150832070
ERZURUM;PASİNLER;ALTINBAŞAK;ALTINBAŞAK24 SOKAK;sokak;584734301
ERZURUM;PASİNLER;ALTINBAŞAK;ALTINBAŞAK25 SOKAK;sokak;436798280
ERZURUM;PASİNLER;ALTINBAŞAK;ALTINBAŞAK26 SOKAK;sokak;496330430
ERZURUM;PASİNLER;ALTINBAŞAK;ALTINBAŞAK27 SOKAK;sokak;111066631
ERZURUM;PASİNLER;ALTINBAŞAK;ALTINBAŞAK29 SOKAK;sokak;710537971
ERZURUM;PASİNLER;ALTINBAŞAK;ALTINBAŞAK3 SOKAK;sokak;209032740
ERZURUM;PASİNLER;ALTINBAŞAK;ALTINBAŞAK30 SOKAK;sokak;121113320
ERZURUM;PASİNLER;ALTINBAŞAK;ALTINBAŞAK31 SOKAK;sokak;473613401
ERZURUM;PASİNLER;ALTINBAŞAK;ALTINBAŞAK32 SOKAK;sokak;563765020
ERZURUM;PASİNLER;ALTINBAŞAK;ALTINBAŞAK33 SOKAK;sokak;154463130
ERZURUM;PASİNLER;ALTINBAŞAK;ALTINBAŞAK4 SOKAK;sokak;384342131
ERZURUM;PASİNLER;ALTINBAŞAK;ALTINBAŞAK5 SOKAK;sokak;112227341
ERZURUM;PASİNLER;ALTINBAŞAK;ALTINBAŞAK6 SOKAK;sokak;946395641
ERZURUM;PASİNLER;ALTINBAŞAK;ALTINBAŞAK7 SOKAK;sokak;503540750
ERZURUM;PASİNLER;ALTINBAŞAK;ALTINBAŞAK8 SOKAK;sokak;706050680
ERZURUM;PASİNLER;ALTINBAŞAK;ALTINBAŞAK9 SOKAK;sokak;612921571
ERZURUM;PASİNLER;ALVAR;1.ÇIKMAZ SOKAK;sokak;686853
ERZURUM;PASİNLER;ALVAR;1.KÜME SOKAK;sokak;687523
ERZURUM;PASİNLER;ALVAR;1.KÜME/1 SOKAK;sokak;797928671
ERZURUM;PASİNLER;ALVAR;2.ÇIKMAZ SOKAK;sokak;686535
ERZURUM;PASİNLER;ALVAR;2.KÜME SOKAK;sokak;687238
ERZURUM;PASİNLER;ALVAR;2.KÜME/1 SOKAK;sokak;923746850
ERZURUM;PASİNLER;ALVAR;2.KÜME/2 SOKAK;sokak;665132841
ERZURUM;PASİNLER;ALVAR;2.KÜME/3 SOKAK;sokak;146954560
ERZURUM;PASİNLER;ALVAR;2.KÜME/4 SOKAK;sokak;194019001
ERZURUM;PASİNLER;ALVAR;3.KÜME SOKAK;sokak;681023
ERZURUM;PASİNLER;ALVAR;3.KÜME/1 SOKAK;sokak;516172641
ERZURUM;PASİNLER;ALVAR;3.KÜME/2 SOKAK;sokak;909837270
ERZURUM;PASİNLER;ALVAR;3.KÜME/3 SOKAK;sokak;896793440
ERZURUM;PASİNLER;ALVAR;75.YIL CADDE;cadde;682859
ERZURUM;PASİNLER;ALVAR;ALPASLAN CADDE;cadde;681018
ERZURUM;PASİNLER;ALVAR;BAHÇELİ EVLER SOKAK;sokak;275219
ERZURUM;PASİNLER;ALVAR;BAHÇELİ EVLER/1 SOKAK;sokak;755793000
ERZURUM;PASİNLER;ALVAR;BAHÇELİ EVLER/2 SOKAK;sokak;333067621
ERZURUM;PASİNLER;ALVAR;BAHÇELİ EVLER/3 SOKAK;sokak;928463100
ERZURUM;PASİNLER;ALVAR;BILINMEYEN100 SOKAK;sokak;572952300
ERZURUM;PASİNLER;ALVAR;BILINMEYEN79 SOKAK;sokak;929365330
ERZURUM;PASİNLER;ALVAR;BILINMEYEN80 SOKAK;sokak;799419851
ERZURUM;PASİNLER;ALVAR;BILINMEYEN81 SOKAK;sokak;135034041
ERZURUM;PASİNLER;ALVAR;BILINMEYEN83 SOKAK;sokak;708112520
ERZURUM;PASİNLER;ALVAR;BILINMEYEN85 SOKAK;sokak;562331820
ERZURUM;PASİNLER;ALVAR;BILINMEYEN86 SOKAK;sokak;518760351
ERZURUM;PASİNLER;ALVAR;BİNALİ GÖNDER CADDE;cadde;202542800
ERZURUM;PASİNLER;ALVAR;CAMİ SOKAK;sokak;681270
ERZURUM;PASİNLER;ALVAR;CUMHURİYET MUHAMMET LÜTFÜ EFENDİ CADDE;cadde;682858
ERZURUM;PASİNLER;ALVAR;CUMHURİYET/1 CADDE;cadde;682428
ERZURUM;PASİNLER;ALVAR;ÇAĞLAYAN/1 SOKAK;sokak;104221
ERZURUM;PASİNLER;ALVAR;ÇAĞLAYAN/2 SOKAK;sokak;146191831
ERZURUM;PASİNLER;ALVAR;ÇAĞLAYAN/3 SOKAK;sokak;741420760
ERZURUM;PASİNLER;ALVAR;ÇİÇEK SOKAK;sokak;682278
ERZURUM;PASİNLER;ALVAR;ÇİÇEK/1 SOKAK;sokak;583291520
ERZURUM;PASİNLER;ALVAR;DEĞİRMEN SOKAK;sokak;683325
ERZURUM;PASİNLER;ALVAR;GÜL SOKAK;sokak;99416
ERZURUM;PASİNLER;ALVAR;IŞIK SOKAK;sokak;683326
ERZURUM;PASİNLER;ALVAR;İNCESU SOKAK;sokak;684062
ERZURUM;PASİNLER;ALVAR;KARANFİL SOKAK;sokak;686936
ERZURUM;PASİNLER;ALVAR;KARAŞEH SOKAK;sokak;682200
ERZURUM;PASİNLER;ALVAR;KARDELEN/1 SOKAK;sokak;276486
ERZURUM;PASİNLER;ALVAR;KAVŞAK- SOKAK;sokak;692186
ERZURUM;PASİNLER;ALVAR;KIRÇİÇEĞİ SOKAK;sokak;793678840
ERZURUM;PASİNLER;ALVAR;LALE SOKAK;sokak;275223
ERZURUM;PASİNLER;ALVAR;MENEKŞE/1 SOKAK;sokak;691320
ERZURUM;PASİNLER;ALVAR;PAPATYA SOKAK;sokak;416292131
ERZURUM;PASİNLER;ALVAR;PAŞALAR CADDE;cadde;686066
ERZURUM;PASİNLER;ALVAR;PAŞALAR LÜTFİ EFENDİ CADDE;cadde;387902
ERZURUM;PASİNLER;ALVAR;SÜMBÜL SOKAK;sokak;275229
ERZURUM;PASİNLER;ALVAR;YUKARIÇAKMAK KÜME EVLER;sokak;134218051
ERZURUM;PASİNLER;ARDIÇLI;ARDIÇLI KÜME EVLER;sokak;530837
ERZURUM;PASİNLER;ARDIÇLI;ÜĞÜMÜ KÜME EVLER;sokak;265743920
ERZURUM;PASİNLER;AŞITLAR;AŞITLAR KÜME EVLER;sokak;532526
ERZURUM;PASİNLER;BAHÇELİEVLER;1. SOKAK;sokak;42234
ERZURUM;PASİNLER;BAHÇELİEVLER;10. SOKAK;sokak;42235
ERZURUM;PASİNLER;BAHÇELİEVLER;11. SOKAK;sokak;382958
ERZURUM;PASİNLER;BAHÇELİEVLER;12. SOKAK;sokak;42236
ERZURUM;PASİNLER;BAHÇELİEVLER;13. SOKAK;sokak;42237
ERZURUM;PASİNLER;BAHÇELİEVLER;14. SOKAK;sokak;42238
ERZURUM;PASİNLER;BAHÇELİEVLER;15. SOKAK;sokak;382959
ERZURUM;PASİNLER;BAHÇELİEVLER;16. SOKAK;sokak;42239
ERZURUM;PASİNLER;BAHÇELİEVLER;17. SOKAK;sokak;42240
ERZURUM;PASİNLER;BAHÇELİEVLER;18. SOKAK;sokak;382960
ERZURUM;PASİNLER;BAHÇELİEVLER;19. SOKAK;sokak;42241
ERZURUM;PASİNLER;BAHÇELİEVLER;2. SOKAK;sokak;42242
ERZURUM;PASİNLER;BAHÇELİEVLER;20. SOKAK;sokak;382961
ERZURUM;PASİNLER;BAHÇELİEVLER;21. SOKAK;sokak;42243
ERZURUM;PASİNLER;BAHÇELİEVLER;22. SOKAK;sokak;42244
ERZURUM;PASİNLER;BAHÇELİEVLER;23. SOKAK;sokak;42245
ERZURUM;PASİNLER;BAHÇELİEVLER;24. SOKAK;sokak;382962
ERZURUM;PASİNLER;BAHÇELİEVLER;25. SOKAK;sokak;42246
ERZURUM;PASİNLER;BAHÇELİEVLER;26. SOKAK;sokak;42247
ERZURUM;PASİNLER;BAHÇELİEVLER;27. SOKAK;sokak;200359
ERZURUM;PASİNLER;BAHÇELİEVLER;28. SOKAK;sokak;738100
ERZURUM;PASİNLER;BAHÇELİEVLER;29. SOKAK;sokak;200360
ERZURUM;PASİNLER;BAHÇELİEVLER;3. SOKAK;sokak;382963
ERZURUM;PASİNLER;BAHÇELİEVLER;31. SOKAK;sokak;200361
ERZURUM;PASİNLER;BAHÇELİEVLER;4. SOKAK;sokak;42248
ERZURUM;PASİNLER;BAHÇELİEVLER;5. SOKAK;sokak;42249
ERZURUM;PASİNLER;BAHÇELİEVLER;6. SOKAK;sokak;382964
ERZURUM;PASİNLER;BAHÇELİEVLER;7. SOKAK;sokak;42250
ERZURUM;PASİNLER;BAHÇELİEVLER;8. SOKAK;sokak;42251
ERZURUM;PASİNLER;BAHÇELİEVLER;9. SOKAK;sokak;42252
ERZURUM;PASİNLER;BAHÇELİEVLER;ALİ ÇAVUŞ SOKAK;sokak;398904050
ERZURUM;PASİNLER;BAHÇELİEVLER;ARKIN ARICI SOKAK;sokak;553754060
ERZURUM;PASİNLER;BAHÇELİEVLER;BİNALİ GÖNDER CADDE;cadde;244882491
ERZURUM;PASİNLER;BAHÇELİEVLER;CABBAR PASİN SOKAK;sokak;567975251
ERZURUM;PASİNLER;BAHÇELİEVLER;HASAN ŞİSMAN SOKAK;sokak;720386070
ERZURUM;PASİNLER;BAHÇELİEVLER;İSHAK AYDINOĞLU SOKAK;sokak;268774640
ERZURUM;PASİNLER;BAHÇELİEVLER;KÜME 2 KÜME EVLER;sokak;735777
ERZURUM;PASİNLER;BAHÇELİEVLER;NEJDET ÇINAR SOKAK;sokak;731093081
ERZURUM;PASİNLER;BAHÇELİEVLER;PROF DR.RECEP AKDAĞ CADDE;cadde;817109
ERZURUM;PASİNLER;BAHÇELİEVLER;SANAYİİ ÇARŞISI CADDE;cadde;847564440
ERZURUM;PASİNLER;BAHÇELİEVLER;TRANSİT CADDE;cadde;382965
ERZURUM;PASİNLER;BALDIZI;BALDIZI KÜME EVLER;sokak;265505
ERZURUM;PASİNLER;BAŞÖREN;BAŞÖREN KÜME EVLER;sokak;541602
ERZURUM;PASİNLER;BULKASIM;BULKASIM KÜME EVLER;sokak;533542
ERZURUM;PASİNLER;BULKASIM;TAŞAĞIL KÜME EVLER;sokak;818458511
ERZURUM;PASİNLER;BÜYÜKDERE;ACI KÜME EVLER;sokak;620154741
ERZURUM;PASİNLER;BÜYÜKDERE;BÜYÜKDERE KÜME EVLER;sokak;545547
ERZURUM;PASİNLER;BÜYÜKDERE;BÜYÜKDERE/1 SOKAK;sokak;424056540
ERZURUM;PASİNLER;BÜYÜKDERE;BÜYÜKDERE/10 SOKAK;sokak;693203640
ERZURUM;PASİNLER;BÜYÜKDERE;BÜYÜKDERE/11 SOKAK;sokak;131211081
ERZURUM;PASİNLER;BÜYÜKDERE;BÜYÜKDERE/12 SOKAK;sokak;124791351
ERZURUM;PASİNLER;BÜYÜKDERE;BÜYÜKDERE/13 SOKAK;sokak;874336110
ERZURUM;PASİNLER;BÜYÜKDERE;BÜYÜKDERE/2 SOKAK;sokak;159469650
ERZURUM;PASİNLER;BÜYÜKDERE;BÜYÜKDERE/3 SOKAK;sokak;431455491
ERZURUM;PASİNLER;BÜYÜKDERE;BÜYÜKDERE/4 SOKAK;sokak;340343551
ERZURUM;PASİNLER;BÜYÜKDERE;BÜYÜKDERE/5 SOKAK;sokak;888284541
ERZURUM;PASİNLER;BÜYÜKDERE;BÜYÜKDERE/6 SOKAK;sokak;866477731
ERZURUM;PASİNLER;BÜYÜKDERE;BÜYÜKDERE/7 SOKAK;sokak;508426810
ERZURUM;PASİNLER;BÜYÜKDERE;BÜYÜKDERE/8 SOKAK;sokak;393669841
ERZURUM;PASİNLER;BÜYÜKDERE;BÜYÜKDERE/9 SOKAK;sokak;784826351
ERZURUM;PASİNLER;BÜYÜKDERE;KURBANÇAYIR KÜME EVLER;sokak;463302211
ERZURUM;PASİNLER;BÜYÜKTÜY;BÜYÜKTÜY KÜME EVLER;sokak;89883
ERZURUM;PASİNLER;BÜYÜKTÜY;GÖLCİĞEZ KÜME EVLER;sokak;66455593
ERZURUM;PASİNLER;CAMİKEBİR;ADNAN YILMAZ- CADDE;cadde;42278
ERZURUM;PASİNLER;CAMİKEBİR;AKÇALI PINAR SOKAK;sokak;55127
ERZURUM;PASİNLER;CAMİKEBİR;AVUKLU SOKAK;sokak;943380761
ERZURUM;PASİNLER;CAMİKEBİR;BABAGİL SOKAK;sokak;681111601
ERZURUM;PASİNLER;CAMİKEBİR;CAMİİ SOKAK;sokak;42268
ERZURUM;PASİNLER;CAMİKEBİR;CUMHURİYET CADDE;cadde;382966
ERZURUM;PASİNLER;CAMİKEBİR;DERVİŞ EFENDİ SOKAK;sokak;42269
ERZURUM;PASİNLER;CAMİKEBİR;GELİNCİK SOKAK;sokak;42270
ERZURUM;PASİNLER;CAMİKEBİR;GÜLER SOKAK;sokak;42271
ERZURUM;PASİNLER;CAMİKEBİR;HACI KADİR SOKAK;sokak;135286581
ERZURUM;PASİNLER;CAMİKEBİR;HACI ÖMER SOKAK;sokak;42272
ERZURUM;PASİNLER;CAMİKEBİR;HACI YUSUF SOKAK;sokak;382967
ERZURUM;PASİNLER;CAMİKEBİR;HÜSAMETTIN KADIOĞLU CAD. CADDE;cadde;195609780
ERZURUM;PASİNLER;CAMİKEBİR;İLHAMİ ARAS_1 SOKAK;sokak;914428060
ERZURUM;PASİNLER;CAMİKEBİR;KIRAÇ SOKAK;sokak;42273
ERZURUM;PASİNLER;CAMİKEBİR;KIZILER SOKAK;sokak;598875470
ERZURUM;PASİNLER;CAMİKEBİR;KURNUŞLU ÇEŞME SOKAK;sokak;42274
ERZURUM;PASİNLER;CAMİKEBİR;MÜFTÜ EFENDİ SOKAK;sokak;382968
ERZURUM;PASİNLER;CAMİKEBİR;NARİN SOKAK;sokak;42275
ERZURUM;PASİNLER;CAMİKEBİR;NEFİ SOKAK;sokak;42276
ERZURUM;PASİNLER;CAMİKEBİR;OSMAN AĞA SOKAK;sokak;42277
ERZURUM;PASİNLER;CAMİKEBİR;RIZA BEY SOKAK;sokak;696107491
ERZURUM;PASİNLER;CAMİKEBİR;ŞEREF EFE SOKAK;sokak;231654591
ERZURUM;PASİNLER;CAMİKEBİR;ŞEREF TAKGİL SOKAK;sokak;787011091
ERZURUM;PASİNLER;CAMİKEBİR;TOPHANE SOKAK;sokak;93801
ERZURUM;PASİNLER;CAMİKEBİR;ULU CAMİİ SOKAK;sokak;382969
ERZURUM;PASİNLER;CAMİKEBİR;ZÜMRÜT SOKAK;sokak;42279
ERZURUM;PASİNLER;ÇAKIRTAŞ;ÇAKIRTAŞ KÜME EVLER;sokak;536401
ERZURUM;PASİNLER;ÇALIYAZI;ÇALIYAZI KÜME EVLER;sokak;548100
ERZURUM;PASİNLER;ÇALIYAZI;KARAKALE KÜME EVLER;sokak;239003921
ERZURUM;PASİNLER;ÇAMLICA;ÇAMLICA KÜME EVLER;sokak;540774
ERZURUM;PASİNLER;ÇİÇEKLİ;ÇİÇEKLİ KÜME EVLER;sokak;530924
ERZURUM;PASİNLER;ÇİÇEKLİ;ÇÖĞENDER EVLER KÜME EVLER;sokak;468352110
ERZURUM;PASİNLER;ÇİÇEKLİ;YAVUZLU KÜME EVLER;sokak;503537470
ERZURUM;PASİNLER;ÇÖĞENDER;AĞCALAR KÜME EVLER;sokak;874992241
ERZURUM;PASİNLER;ÇÖĞENDER;BILINMEYEN85 SOKAK;sokak;82325754
ERZURUM;PASİNLER;ÇÖĞENDER;ÇÖĞENDER EVLER KÜME EVLER;sokak;209996
ERZURUM;PASİNLER;ÇÖĞENDER;ÇÖĞENDER KÜME EVLER;sokak;531395
ERZURUM;PASİNLER;ÇÖĞENDER;KORUCU KÜME EVLER;sokak;925936
ERZURUM;PASİNLER;DEMİRDÖVEN;DEMİRDÖVEN KÜME EVLER;sokak;537379
ERZURUM;PASİNLER;DEMİRDÖVEN;TAŞLIGÜNEY KÜME EVLER;sokak;801735031
ERZURUM;PASİNLER;DEMİRDÖVEN;TİMAR KÜME EVLER;sokak;818022820
ERZURUM;PASİNLER;DEMİRDÖVEN;ÜĞÜMÜ KÜME EVLER;sokak;174310810
ERZURUM;PASİNLER;EMİRŞEYH;BABA EFENDİ SOKAK;sokak;379973
ERZURUM;PASİNLER;EMİRŞEYH;ÇİĞDEM SOKAK;sokak;93803
ERZURUM;PASİNLER;EMİRŞEYH;GELİNCİK SOKAK;sokak;42280
ERZURUM;PASİNLER;EMİRŞEYH;HACI HAFIZ SOKAK;sokak;407419021
ERZURUM;PASİNLER;EMİRŞEYH;HACI KADİR SOKAK;sokak;42281
ERZURUM;PASİNLER;EMİRŞEYH;HACI YUSUF SOKAK;sokak;675594681
ERZURUM;PASİNLER;EMİRŞEYH;HACI YUSUF- SOKAK;sokak;42282
ERZURUM;PASİNLER;EMİRŞEYH;İSAK CEVİZ SOKAK;sokak;799414150
ERZURUM;PASİNLER;EMİRŞEYH;KANARYA SOKAK;sokak;382971
ERZURUM;PASİNLER;EMİRŞEYH;KARDELEN SOKAK;sokak;93802
ERZURUM;PASİNLER;EMİRŞEYH;METE HOCA SOKAK;sokak;42283
ERZURUM;PASİNLER;EMİRŞEYH;NARİN SOKAK;sokak;42284
ERZURUM;PASİNLER;EMİRŞEYH;RIZA BEY SOKAK;sokak;809070
ERZURUM;PASİNLER;EMİRŞEYH;TİMUÇİN SOKAK;sokak;382972
ERZURUM;PASİNLER;EPSEMCE;EPSEMCE KÜME EVLER;sokak;582310
ERZURUM;PASİNLER;EPSEMCE;ÜĞÜMÜ KÜME EVLER;sokak;382836690
ERZURUM;PASİNLER;ERZURUMKAPI;ASLANAĞA SOKAK;sokak;42595
ERZURUM;PASİNLER;ERZURUMKAPI;BOZBEY SOKAK;sokak;382973
ERZURUM;PASİNLER;ERZURUMKAPI;CAMİİ SOKAK;sokak;42596
ERZURUM;PASİNLER;ERZURUMKAPI;CEVAT DURSUNOĞLU SOKAK;sokak;93804
ERZURUM;PASİNLER;ERZURUMKAPI;CUMHURİYET CADDE;cadde;42597
ERZURUM;PASİNLER;ERZURUMKAPI;DİSPANSER SOKAK;sokak;382974
ERZURUM;PASİNLER;ERZURUMKAPI;GIYAS KOÇAK SOKAK;sokak;410504690
ERZURUM;PASİNLER;ERZURUMKAPI;HAYDAR EFENDİ SOKAK;sokak;42598
ERZURUM;PASİNLER;ERZURUMKAPI;HÜKÜMET SOKAK;sokak;42599
ERZURUM;PASİNLER;ERZURUMKAPI;İMAM HATİP SOKAK;sokak;42604
ERZURUM;PASİNLER;ERZURUMKAPI;İPEKOĞLU SOKAK;sokak;100424
ERZURUM;PASİNLER;ERZURUMKAPI;KAZIM DÖLEKLİ SOKAK;sokak;941185691
ERZURUM;PASİNLER;ERZURUMKAPI;KİŞİOĞLU SOKAK;sokak;100423
ERZURUM;PASİNLER;ERZURUMKAPI;KULE SOKAK;sokak;382975
ERZURUM;PASİNLER;ERZURUMKAPI;MAHMUT ŞANCI SOKAK;sokak;811008851
ERZURUM;PASİNLER;ERZURUMKAPI;MEHMET TAŞBAŞI CADDE;cadde;838319251
ERZURUM;PASİNLER;ERZURUMKAPI;MENEKŞE SOKAK;sokak;42601
ERZURUM;PASİNLER;ERZURUMKAPI;PASİN SOKAK;sokak;42602
ERZURUM;PASİNLER;ERZURUMKAPI;SAFFAN DÖLEKLİ SOKAK;sokak;421753231
ERZURUM;PASİNLER;ERZURUMKAPI;ŞEFİK SOKAK;sokak;42593
ERZURUM;PASİNLER;ERZURUMKAPI;ŞEHİT YÜZBAŞI KÜLEKÇİOĞLU SOKAK;sokak;42594
ERZURUM;PASİNLER;ERZURUMKAPI;VAHAP BİNGÖL SOKAK;sokak;830977821
ERZURUM;PASİNLER;ERZURUMKAPI;VAKIF SOKAK;sokak;382976
ERZURUM;PASİNLER;ERZURUMKAPI;YÜKSEL SOKAK;sokak;42603
ERZURUM;PASİNLER;ESENDERE;ESENDERE KÜME EVLER;sokak;542501
ERZURUM;PASİNLER;ESENDERE;KIZILÖREN KÜME EVLER;sokak;882671170
ERZURUM;PASİNLER;GERDEKKAYA;GERDEKKAYA KÜME EVLER;sokak;538633
ERZURUM;PASİNLER;GÖLCİĞEZ;GÖLCİĞEZ KÜME EVLER;sokak;455242
ERZURUM;PASİNLER;HANAHMET;HANAHMET KÜME EVLER;sokak;545640
ERZURUM;PASİNLER;HASANDEDE;13 MART SOKAK;sokak;42605
ERZURUM;PASİNLER;HASANDEDE;BAHAR SOKAK;sokak;382977
ERZURUM;PASİNLER;HASANDEDE;FAHRETTİN ERTÜRK SOKAK;sokak;447727621
ERZURUM;PASİNLER;HASANDEDE;GÜNEŞ SOKAK;sokak;42606
ERZURUM;PASİNLER;HASANDEDE;HACI HAFIZ SOKAK;sokak;42607
ERZURUM;PASİNLER;HASANDEDE;HATUNOĞLU SOKAK;sokak;386574
ERZURUM;PASİNLER;HASANDEDE;HAYDAR KURT SOKAK;sokak;382978
ERZURUM;PASİNLER;HASANDEDE;İMAM HATİP SOKAK;sokak;763586
ERZURUM;PASİNLER;HASANDEDE;KADIOĞLU SOKAK;sokak;42608
ERZURUM;PASİNLER;HASANDEDE;KARDELEN SOKAK;sokak;763582
ERZURUM;PASİNLER;HASANDEDE;LEYLAK SOKAK;sokak;42609
ERZURUM;PASİNLER;HASANDEDE;NERGİZ SOKAK;sokak;42610
ERZURUM;PASİNLER;HASANDEDE;NUR SOKAK;sokak;382979
ERZURUM;PASİNLER;HASANDEDE;OSMANLI SOKAK;sokak;38496
ERZURUM;PASİNLER;KAPLICALAR;ALASAKAL SOKAK;sokak;38517
ERZURUM;PASİNLER;KAPLICALAR;ALBAY ABDÜLMENNAN CADDE;cadde;38518
ERZURUM;PASİNLER;KAPLICALAR;ALTIN BAŞAK SOKAK;sokak;38519
ERZURUM;PASİNLER;KAPLICALAR;ALTINBAŞAK KÜME EVLER;sokak;370591360
ERZURUM;PASİNLER;KAPLICALAR;ALTUĞ SOKAK;sokak;38505
ERZURUM;PASİNLER;KAPLICALAR;ARIKAN ŞENYURT SOKAK;sokak;38507
ERZURUM;PASİNLER;KAPLICALAR;BEYLERBEYİ SOKAK;sokak;38498
ERZURUM;PASİNLER;KAPLICALAR;BOZKAYA SOKAK;sokak;38506
ERZURUM;PASİNLER;KAPLICALAR;BULAK SOKAK;sokak;38513
ERZURUM;PASİNLER;KAPLICALAR;CANSIZ SOKAK;sokak;38504
ERZURUM;PASİNLER;KAPLICALAR;ÇEŞME SOKAK;sokak;38530
ERZURUM;PASİNLER;KAPLICALAR;DADAŞ SOKAK;sokak;38508
ERZURUM;PASİNLER;KAPLICALAR;DEDE EFENDİ SOKAK;sokak;38499
ERZURUM;PASİNLER;KAPLICALAR;DERE SOKAK;sokak;38521
ERZURUM;PASİNLER;KAPLICALAR;DOÇ.DR.NEVZAT SAYGILI SOKAK;sokak;38522
ERZURUM;PASİNLER;KAPLICALAR;EFE SOKAK;sokak;38512
ERZURUM;PASİNLER;KAPLICALAR;ENİZ DEĞER SOKAK;sokak;885508350
ERZURUM;PASİNLER;KAPLICALAR;ERNAZ ACAR SOKAK;sokak;921692000
ERZURUM;PASİNLER;KAPLICALAR;GAZİ MAHMUT SOKAK;sokak;377670
ERZURUM;PASİNLER;KAPLICALAR;GIYAM ÇELİK SOKAK;sokak;700483190
ERZURUM;PASİNLER;KAPLICALAR;GIYASETTİN ÇELİK SOKAK;sokak;106572601
ERZURUM;PASİNLER;KAPLICALAR;GÖZTEPE SOKAK;sokak;38523
ERZURUM;PASİNLER;KAPLICALAR;HACI BEHRİ SOKAK;sokak;38524
ERZURUM;PASİNLER;KAPLICALAR;HALİT BUDAK SOKAK;sokak;235467400
ERZURUM;PASİNLER;KAPLICALAR;HINIS SOKAK;sokak;38502
ERZURUM;PASİNLER;KAPLICALAR;HİKMET EFENDİ SOKAK;sokak;38525
ERZURUM;PASİNLER;KAPLICALAR;İLHAMİ ARAS CADDE;cadde;377675
ERZURUM;PASİNLER;KAPLICALAR;KARTAL SOKAK;sokak;377671
ERZURUM;PASİNLER;KAPLICALAR;KAŞIKÇI SOKAK;sokak;38516
ERZURUM;PASİNLER;KAPLICALAR;KAYNARCA SOKAK;sokak;38526
ERZURUM;PASİNLER;KAPLICALAR;KÖKSAL GÜNDÜZ SOKAK;sokak;249095091
ERZURUM;PASİNLER;KAPLICALAR;KÜME EVLER 1 SOKAK;sokak;38520
ERZURUM;PASİNLER;KAPLICALAR;KÜME EVLER 2 SOKAK;sokak;296854011
ERZURUM;PASİNLER;KAPLICALAR;KÜME EVLER 3 SOKAK;sokak;326902651
ERZURUM;PASİNLER;KAPLICALAR;KÜME EVLER 4 SOKAK;sokak;147476121
ERZURUM;PASİNLER;KAPLICALAR;KÜME EVLER 5 SOKAK;sokak;687883710
ERZURUM;PASİNLER;KAPLICALAR;MADEN EVLER SOKAK;sokak;38527
ERZURUM;PASİNLER;KAPLICALAR;MANOLYA SOKAK;sokak;377672
ERZURUM;PASİNLER;KAPLICALAR;ODABAŞI SOKAK;sokak;38500
ERZURUM;PASİNLER;KAPLICALAR;OSMAN ACAR SOKAK;sokak;270954471
ERZURUM;PASİNLER;KAPLICALAR;OVA SOKAK;sokak;38497
ERZURUM;PASİNLER;KAPLICALAR;PENDİK SOKAK;sokak;38528
ERZURUM;PASİNLER;KAPLICALAR;POLAT SOKAK;sokak;38509
ERZURUM;PASİNLER;KAPLICALAR;SALTUK BEY SOKAK;sokak;38501
ERZURUM;PASİNLER;KAPLICALAR;SITKI YARBAŞI SOKAK;sokak;300873320
ERZURUM;PASİNLER;KAPLICALAR;ŞAKAR SOKAK;sokak;38514
ERZURUM;PASİNLER;KAPLICALAR;ŞAMİL AĞA SOKAK;sokak;38537
ERZURUM;PASİNLER;KAPLICALAR;ŞEHİT VEDAT TOPAL CADDE;cadde;38538
ERZURUM;PASİNLER;KAPLICALAR;ŞENYURT/1 SOKAK;sokak;38511
ERZURUM;PASİNLER;KAPLICALAR;ŞERİF YILMAZ SOKAK;sokak;38503
ERZURUM;PASİNLER;KAPLICALAR;ŞİFA SOKAK;sokak;38539
ERZURUM;PASİNLER;KAPLICALAR;YAHYA SAVAŞ SOKAK;sokak;104943911
ERZURUM;PASİNLER;KAPLICALAR;YÜCE SOKAK;sokak;38510
ERZURUM;PASİNLER;KAPLICALAR;ZAFER ALTUĞ SOKAK;sokak;137853080
ERZURUM;PASİNLER;KAPLICALAR;ZAFER ONAT SOKAK;sokak;263303991
ERZURUM;PASİNLER;KAPLICALAR;ZEKİ DEDE SOKAK;sokak;38529
ERZURUM;PASİNLER;KAPLICALAR;ZEKİ ŞAMDAN SOKAK;sokak;696841991
ERZURUM;PASİNLER;KAPLICALAR;ZİHNİ AYDIN SOKAK;sokak;38515
ERZURUM;PASİNLER;KARAKALE;HANAHMET KÜME EVLER;sokak;630106490
ERZURUM;PASİNLER;KARAKALE;KARAKALE KÜME EVLER;sokak;544691
ERZURUM;PASİNLER;KARAKALE;PELİTLİ KÜME EVLER;sokak;629105830
ERZURUM;PASİNLER;KARAPINAR;GÖLCİĞEZ KÜME EVLER;sokak;398230421
ERZURUM;PASİNLER;KARAPINAR;SAKSI KÜME EVLER;sokak;542606
ERZURUM;PASİNLER;KARAVELET;KARAVELET KÜME EVLER;sokak;554897
ERZURUM;PASİNLER;KASIMPAŞA;ADNAN DEMİRCİOĞLU SOKAK;sokak;337531
ERZURUM;PASİNLER;KASIMPAŞA;ADNAN ORAL SOKAK;sokak;670968000
ERZURUM;PASİNLER;KASIMPAŞA;AŞIK GÜLHANİ SOKAK;sokak;271068890
ERZURUM;PASİNLER;KASIMPAŞA;BAĞDİGEN SOKAK;sokak;264146311
ERZURUM;PASİNLER;KASIMPAŞA;CANİP ÖZCAN SOKAK;sokak;405063390
ERZURUM;PASİNLER;KASIMPAŞA;CENNET SOKAK;sokak;277109
ERZURUM;PASİNLER;KASIMPAŞA;ÇİMENLER SOKAK;sokak;767062
ERZURUM;PASİNLER;KASIMPAŞA;İRFAN KILIÇ SOKAK;sokak;767063
ERZURUM;PASİNLER;KASIMPAŞA;İSMAİL SEVİMLİ SOKAK;sokak;410439691
ERZURUM;PASİNLER;KASIMPAŞA;KADİR ALKANAT SOKAK;sokak;168274951
ERZURUM;PASİNLER;KASIMPAŞA;KIRÇİÇEĞİ SOKAK;sokak;793678841
ERZURUM;PASİNLER;KASIMPAŞA;MAZLUMOĞLU SOKAK;sokak;337551
ERZURUM;PASİNLER;KASIMPAŞA;MEHMET AÇA SOKAK;sokak;767064
ERZURUM;PASİNLER;KASIMPAŞA;MEHMET OĞUZ SOKAK;sokak;757475010
ERZURUM;PASİNLER;KASIMPAŞA;MEHTAP SOKAK;sokak;277110
ERZURUM;PASİNLER;KASIMPAŞA;MUZAFFER ARAZ SOKAK;sokak;260869831
ERZURUM;PASİNLER;KASIMPAŞA;MÜFTÜ KAMİL EFENDİ SOKAK;sokak;765847
ERZURUM;PASİNLER;KASIMPAŞA;NİDAİ ORHAN SOKAK;sokak;439125180
ERZURUM;PASİNLER;KASIMPAŞA;NİDAYİ ORHAN SOKAK;sokak;277111
ERZURUM;PASİNLER;KASIMPAŞA;NİLÜFER SOKAK;sokak;277108
ERZURUM;PASİNLER;KASIMPAŞA;NURİ ÖNAL SOKAK;sokak;924379950
ERZURUM;PASİNLER;KASIMPAŞA;OSMAN ACAR SOKAK;sokak;892329120
ERZURUM;PASİNLER;KASIMPAŞA;ÖZDEMİR ŞAHİNER SOKAK;sokak;601611970
ERZURUM;PASİNLER;KASIMPAŞA;PAPATYA SOKAK;sokak;821041590
ERZURUM;PASİNLER;KASIMPAŞA;SEDİ EFENDİ SOKAK;sokak;337520
ERZURUM;PASİNLER;KASIMPAŞA;SIDDIK ÇANAKÇI SOKAK;sokak;546617560
ERZURUM;PASİNLER;KASIMPAŞA;ŞEHİT İSAK ÇELİK CADDE;cadde;767061
ERZURUM;PASİNLER;KASIMPAŞA;ŞEHİT VEDAT TOPAL CADDE;cadde;765850
ERZURUM;PASİNLER;KASIMPAŞA;ŞEVKİ AKGÜL SOKAK;sokak;318422890
ERZURUM;PASİNLER;KASIMPAŞA;ULVİ BİTLİSLİ SOKAK;sokak;848728451
ERZURUM;PASİNLER;KASIMPAŞA;YAŞAR KÜÇÜK SOKAK;sokak;765849
ERZURUM;PASİNLER;KASIMPAŞA;YÜZBAŞI AHMET TONĞ SOKAK;sokak;38544
ERZURUM;PASİNLER;KASIMPAŞA;ZAFER ONAT SOKAK;sokak;263303990
ERZURUM;PASİNLER;KASIMPAŞA;ZAKİR EFENDİ SOKAK;sokak;203437
ERZURUM;PASİNLER;KASIMPAŞA;ZEKİ DEREN SOKAK;sokak;483305260
ERZURUM;PASİNLER;KAVUŞTURAN;KAVUŞTURAN KÜME EVLER;sokak;307858
ERZURUM;PASİNLER;KAVUŞTURAN;SERÇEBOĞAZI KÜME EVLER;sokak;783634961
ERZURUM;PASİNLER;KETHUDA;ABACI OSMAN EFENDİ SOKAK;sokak;475677891
ERZURUM;PASİNLER;KETHUDA;ADNAN DEMİRCİOĞLU CAD. CADDE;cadde;377679
ERZURUM;PASİNLER;KETHUDA;AKASYA SOKAK;sokak;38911
ERZURUM;PASİNLER;KETHUDA;AKÇALI PINAR SOKAK;sokak;377678
ERZURUM;PASİNLER;KETHUDA;ALAY SOKAK;sokak;38912
ERZURUM;PASİNLER;KETHUDA;BAŞAK SOKAK;sokak;38914
ERZURUM;PASİNLER;KETHUDA;BAYOĞLU SOKAK;sokak;38913
ERZURUM;PASİNLER;KETHUDA;CEVİZLİ SOKAK;sokak;38915
ERZURUM;PASİNLER;KETHUDA;CUMHURİYET CADDE;cadde;38916
ERZURUM;PASİNLER;KETHUDA;ÇARIKLIOĞLU SOKAK;sokak;38935
ERZURUM;PASİNLER;KETHUDA;DOÇ.DR.NEVZAT SAYGILIOĞLU SOKAK;sokak;377680
ERZURUM;PASİNLER;KETHUDA;DR.ALPAY PASİNLİ CADDE;cadde;38917
ERZURUM;PASİNLER;KETHUDA;ESKİ HAL ÇARŞISI CADDE;cadde;38919
ERZURUM;PASİNLER;KETHUDA;GÖZELER SOKAK;sokak;38920
ERZURUM;PASİNLER;KETHUDA;GÜNEY SOKAK;sokak;377681
ERZURUM;PASİNLER;KETHUDA;HACI ÖMER SOKAK;sokak;38921
ERZURUM;PASİNLER;KETHUDA;HALİS ÖZDEMİR SOKAK;sokak;287144340
ERZURUM;PASİNLER;KETHUDA;HASAN ATICI SOKAK;sokak;152826921
ERZURUM;PASİNLER;KETHUDA;HAŞİM BEY SOKAK;sokak;38922
ERZURUM;PASİNLER;KETHUDA;HELİM EFENDİ SOKAK;sokak;38923
ERZURUM;PASİNLER;KETHUDA;HÜSAMETTIN KADIOĞLU CAD. CADDE;cadde;38934
ERZURUM;PASİNLER;KETHUDA;İDELİ SOKAK;sokak;38937
ERZURUM;PASİNLER;KETHUDA;İSRAFİL KAVAZ SOKAK;sokak;160380510
ERZURUM;PASİNLER;KETHUDA;İSRAFİL TORAMAN SOKAK;sokak;315765560
ERZURUM;PASİNLER;KETHUDA;KADER ÇIKMAZI SOKAK;sokak;639385260
ERZURUM;PASİNLER;KETHUDA;LÜTFI TOPAL SOKAK;sokak;762371480
ERZURUM;PASİNLER;KETHUDA;MEHMET DOĞAN SOKAK;sokak;321563821
ERZURUM;PASİNLER;KETHUDA;MEHMET SEKMEN CADDE;cadde;377682
ERZURUM;PASİNLER;KETHUDA;MUHSIN YAZICIOĞLU CAD. SOKAK;sokak;38925
ERZURUM;PASİNLER;KETHUDA;MUHSİN BULAK SOKAK;sokak;416302601
ERZURUM;PASİNLER;KETHUDA;MUSTAFA AYIK SOKAK;sokak;904892530
ERZURUM;PASİNLER;KETHUDA;NAZLI BABA CADDE;cadde;38926
ERZURUM;PASİNLER;KETHUDA;NEVZAT DEMİR SOKAK;sokak;562028151
ERZURUM;PASİNLER;KETHUDA;ORG.SELAHATTİN DEMİRCİOĞLU CADDE;cadde;38927
ERZURUM;PASİNLER;KETHUDA;RAHMANLAR SOKAK;sokak;773877
ERZURUM;PASİNLER;KETHUDA;SADRETTİN DEMİRCİOĞLU CADDE;cadde;38930
ERZURUM;PASİNLER;KETHUDA;SALKIM SOKAK;sokak;38928
ERZURUM;PASİNLER;KETHUDA;SANTRAL SOKAK;sokak;38929
ERZURUM;PASİNLER;KETHUDA;SERAP SOKAK;sokak;377683
ERZURUM;PASİNLER;KETHUDA;SIRRI DİNÇ SOKAK;sokak;348679780
ERZURUM;PASİNLER;KETHUDA;SİNEM SOKAK;sokak;38931
ERZURUM;PASİNLER;KETHUDA;ŞAKİR EFENDİ SOKAK;sokak;38910
ERZURUM;PASİNLER;KETHUDA;ŞEHİT MUHAMMET KIR SOKAK;sokak;430614490
ERZURUM;PASİNLER;KETHUDA;TAŞLI SOKAK;sokak;38932
ERZURUM;PASİNLER;KETHUDA;TRANSİT CADDE;cadde;377684
ERZURUM;PASİNLER;KETHUDA;UĞUR BÖCEĞİ SOKAK;sokak;260126740
ERZURUM;PASİNLER;KETHUDA;ULU CAMİİ SOKAK;sokak;38933
ERZURUM;PASİNLER;KETHUDA;ÜĞÜMÜ KÜME EVLER;sokak;489614451
ERZURUM;PASİNLER;KETHUDA;YEŞİL İMAM SOKAK;sokak;505837560
ERZURUM;PASİNLER;KETHUDA;YUKARIDANİŞMENT KÜME EVLER;sokak;859712081
ERZURUM;PASİNLER;KEVENLİK;KEVENLİK KÜME EVLER;sokak;553427
ERZURUM;PASİNLER;KIZILÖREN;KIZILÖREN KÜME EVLER;sokak;542776
ERZURUM;PASİNLER;KOTANDÜZÜ;KOTANDÜZÜ KÜME EVLER;sokak;542037
ERZURUM;PASİNLER;KURBANÇAYIR;KAVUŞTURAN KÜME EVLER;sokak;322584930
ERZURUM;PASİNLER;KURBANÇAYIR;KURBANÇAYIR KÜME EVLER;sokak;545833
ERZURUM;PASİNLER;KURBANÇAYIR;YAYLADAĞ KÜME EVLER;sokak;872918370
ERZURUM;PASİNLER;KURTULUŞ;15. SOKAK;sokak;685373641
ERZURUM;PASİNLER;KURTULUŞ;ADA SOKAK;sokak;38938
ERZURUM;PASİNLER;KURTULUŞ;AHMET ORHAN SOKAK;sokak;124098921
ERZURUM;PASİNLER;KURTULUŞ;AKŞEMSEDDİN SOKAK;sokak;364249271
ERZURUM;PASİNLER;KURTULUŞ;AKŞEMSETTİN SOKAK;sokak;914110
ERZURUM;PASİNLER;KURTULUŞ;BAĞDAT SOKAK;sokak;38940
ERZURUM;PASİNLER;KURTULUŞ;BAKİ HOKKAMLI SOKAK;sokak;139414631
ERZURUM;PASİNLER;KURTULUŞ;BARBAROS SOKAK;sokak;38939
ERZURUM;PASİNLER;KURTULUŞ;CANİP AYDIN SOKAK;sokak;644950050
ERZURUM;PASİNLER;KURTULUŞ;ÇAKICI SOKAK;sokak;499242100
ERZURUM;PASİNLER;KURTULUŞ;DUMLUPINAR SOKAK;sokak;38941
ERZURUM;PASİNLER;KURTULUŞ;FATİH SULTAN SOKAK;sokak;377686
ERZURUM;PASİNLER;KURTULUŞ;FEYRUZ AYBER SOKAK;sokak;38942
ERZURUM;PASİNLER;KURTULUŞ;FUAT PASİN SOKAK;sokak;38943
ERZURUM;PASİNLER;KURTULUŞ;GÜL YUSUF SOKAK;sokak;38944
ERZURUM;PASİNLER;KURTULUŞ;HARMAN SOKAK;sokak;377687
ERZURUM;PASİNLER;KURTULUŞ;HASAN ŞİSMAN SOKAK;sokak;389412901
ERZURUM;PASİNLER;KURTULUŞ;HÜKÜMET SOKAK;sokak;311710020
ERZURUM;PASİNLER;KURTULUŞ;İHSAN TORAMAN CADDE;cadde;38957
ERZURUM;PASİNLER;KURTULUŞ;İNÖNÜ SOKAK;sokak;377692
ERZURUM;PASİNLER;KURTULUŞ;İSHAK AYDINOĞLU SOKAK;sokak;218567110
ERZURUM;PASİNLER;KURTULUŞ;KANUNİ SULTAN SOKAK;sokak;38945
ERZURUM;PASİNLER;KURTULUŞ;KARACAOĞLAN SOKAK;sokak;914111
ERZURUM;PASİNLER;KURTULUŞ;KİŞİOĞLU SOKAK;sokak;38946
ERZURUM;PASİNLER;KURTULUŞ;LİSE SOKAK;sokak;377688
ERZURUM;PASİNLER;KURTULUŞ;MALAZGİRT SOKAK;sokak;38947
ERZURUM;PASİNLER;KURTULUŞ;MEHMET TAŞBAŞI CADDE;cadde;38948
ERZURUM;PASİNLER;KURTULUŞ;METEHAN SOKAK;sokak;228349
ERZURUM;PASİNLER;KURTULUŞ;MEZARLIK SOKAK;sokak;38949
ERZURUM;PASİNLER;KURTULUŞ;MİMAR SİNAN SOKAK;sokak;377689
ERZURUM;PASİNLER;KURTULUŞ;MUSTAFA ÇİFTÇİ SOKAK;sokak;442175450
ERZURUM;PASİNLER;KURTULUŞ;MÜRSEL GÜZEL SOKAK;sokak;709602731
ERZURUM;PASİNLER;KURTULUŞ;OĞUZHAN SOKAK;sokak;38951
ERZURUM;PASİNLER;KURTULUŞ;ORKİDE SOKAK;sokak;38950
ERZURUM;PASİNLER;KURTULUŞ;OSMAN GAZİ SOKAK;sokak;914114
ERZURUM;PASİNLER;KURTULUŞ;PANAMA SOKAK;sokak;38952
ERZURUM;PASİNLER;KURTULUŞ;PİRİ REİS SOKAK;sokak;38953
ERZURUM;PASİNLER;KURTULUŞ;PREVEZE SOKAK;sokak;377690
ERZURUM;PASİNLER;KURTULUŞ;PROF DR.RECEP AKDAĞ CADDE;cadde;817087
ERZURUM;PASİNLER;KURTULUŞ;RAMİZ EFENDİ SOKAK;sokak;914113
ERZURUM;PASİNLER;KURTULUŞ;SAKARYA SOKAK;sokak;38954
ERZURUM;PASİNLER;KURTULUŞ;SANAYİİ ÇARŞISI CADDE;cadde;377691
ERZURUM;PASİNLER;KURTULUŞ;ŞEHİT KEMALOĞLU SOKAK;sokak;38958
ERZURUM;PASİNLER;KURTULUŞ;ŞEHİT SEZAİ DURAK SOKAK;sokak;377685
ERZURUM;PASİNLER;KURTULUŞ;TRANSİT CADDE;cadde;778071880
ERZURUM;PASİNLER;KURTULUŞ;ULUBATLI HASAN SOKAK;sokak;914112
ERZURUM;PASİNLER;KURTULUŞ;YAŞAR DOĞU SOKAK;sokak;914115
ERZURUM;PASİNLER;KURTULUŞ;YAVUZ SELİM SOKAK;sokak;38955
ERZURUM;PASİNLER;KURTULUŞ;YILDIRIM BEYAZIT SOKAK;sokak;38956
ERZURUM;PASİNLER;KÜÇÜKTÜY;KÜÇÜKTÜY KÜME EVLER;sokak;542085
ERZURUM;PASİNLER;OTLUKKAPI;ALTINBAŞAK KÜME EVLER;sokak;143653990
ERZURUM;PASİNLER;OTLUKKAPI;BULKASIM KÜME EVLER;sokak;773166930
ERZURUM;PASİNLER;OTLUKKAPI;OSMAN ACAR SOKAK;sokak;280985640
ERZURUM;PASİNLER;OTLUKKAPI;OTLUKKAPI KÜME EVLER;sokak;585267
ERZURUM;PASİNLER;OTLUKKAPI;PAPATYA SOKAK;sokak;416292130
ERZURUM;PASİNLER;OTLUKKAPI;YASTIKTEPE KÜME EVLER;sokak;200076050
ERZURUM;PASİNLER;OVAKÖY;KORUCUK KÜME EVLER;sokak;276427011
ERZURUM;PASİNLER;OVAKÖY;OVAKÖY KÜME EVLER;sokak;621719
ERZURUM;PASİNLER;ÖVENLER;BILINMEYEN85 SOKAK;sokak;388548161
ERZURUM;PASİNLER;ÖVENLER;KÜME EVLER KÜME EVLER;sokak;534001
ERZURUM;PASİNLER;PAŞABEY;AKALP SOKAK;sokak;573924821
ERZURUM;PASİNLER;PAŞABEY;AYHAN UZUN SOKAK;sokak;38963
ERZURUM;PASİNLER;PAŞABEY;BADEM SOKAK;sokak;216835
ERZURUM;PASİNLER;PAŞABEY;BEYOĞLU SOKAK;sokak;496712661
ERZURUM;PASİNLER;PAŞABEY;BİNALİ GÖNDER CADDE;cadde;750394
ERZURUM;PASİNLER;PAŞABEY;BURCU SOKAK;sokak;377697
ERZURUM;PASİNLER;PAŞABEY;CAHİT ÖZARAS SOKAK;sokak;489970271
ERZURUM;PASİNLER;PAŞABEY;CANİP ALPAY SOKAK;sokak;377693
ERZURUM;PASİNLER;PAŞABEY;CEMALETTİN TÖREN SOKAK;sokak;38961
ERZURUM;PASİNLER;PAŞABEY;ÇAYKARA SOKAK;sokak;45949
ERZURUM;PASİNLER;PAŞABEY;DT NECMETTİN GÜNGÖR SOKAK;sokak;982812
ERZURUM;PASİNLER;PAŞABEY;GANİ KOREL SOKAK;sokak;38964
ERZURUM;PASİNLER;PAŞABEY;HALİS GÜNGÖR SOKAK;sokak;682969791
ERZURUM;PASİNLER;PAŞABEY;HALİS SAMANCI SOKAK;sokak;839495291
ERZURUM;PASİNLER;PAŞABEY;İBRAHİM BÖLÜKBAŞI SOKAK;sokak;982808
ERZURUM;PASİNLER;PAŞABEY;İNCİRLİ SOKAK;sokak;38962
ERZURUM;PASİNLER;PAŞABEY;İSMAİL SEVİMLİ SOKAK;sokak;693541811
ERZURUM;PASİNLER;PAŞABEY;KADER ÇIKMAZI SOKAK;sokak;45947
ERZURUM;PASİNLER;PAŞABEY;KAHRAMAN BEY SOKAK;sokak;45948
ERZURUM;PASİNLER;PAŞABEY;KİZİROĞLU SOKAK;sokak;767039
ERZURUM;PASİNLER;PAŞABEY;LÜTFI TOPAL SOKAK;sokak;690167560
ERZURUM;PASİNLER;PAŞABEY;MAHMUT TURAN SOKAK;sokak;377694
ERZURUM;PASİNLER;PAŞABEY;MEHMET SEKMAN SOKAK;sokak;579852690
ERZURUM;PASİNLER;PAŞABEY;METİN KAĞIZMANLI SOKAK;sokak;377695
ERZURUM;PASİNLER;PAŞABEY;METİN ÖZTÜRK SOKAK;sokak;38965
ERZURUM;PASİNLER;PAŞABEY;MUHSIN YAZICIOĞLU CAD. SOKAK;sokak;209403180
ERZURUM;PASİNLER;PAŞABEY;MURAT ATMACA SOKAK;sokak;982717
ERZURUM;PASİNLER;PAŞABEY;PAŞABEY SOKAK;sokak;38960
ERZURUM;PASİNLER;PAŞABEY;SALİM AYRANCI SOKAK;sokak;982814
ERZURUM;PASİNLER;PAŞABEY;ŞEHİT POLİS AYHAN UZUN SOKAK;sokak;982810
ERZURUM;PASİNLER;PAŞABEY;ŞEVKİ AKGÜL SOKAK;sokak;318422891
ERZURUM;PASİNLER;PAŞABEY;TEYO PEHLİVAN SOKAK;sokak;378590
ERZURUM;PASİNLER;PAŞABEY;TRANSİT CADDE;cadde;127559480
ERZURUM;PASİNLER;PAŞABEY;ÜRPER SOKAK;sokak;106388981
ERZURUM;PASİNLER;PAŞABEY;YAĞAR SOKAK;sokak;38967
ERZURUM;PASİNLER;PAŞABEY;YAZICI SOKAK;sokak;38966
ERZURUM;PASİNLER;PAŞABEY;YENİ HALİ KÜME EVLER;sokak;377698
ERZURUM;PASİNLER;PAŞABEY;YILDIZLAR SOKAK;sokak;377696
ERZURUM;PASİNLER;PELİTLİ;ÇALIYAZI KÜME EVLER;sokak;889339320
ERZURUM;PASİNLER;PELİTLİ;KOTANDÜZÜ KÜME EVLER;sokak;693663340
ERZURUM;PASİNLER;PELİTLİ;PELİTLİ KÜME EVLER;sokak;94311
ERZURUM;PASİNLER;PORSUK;KÜME EVLER KÜME EVLER;sokak;244816810
ERZURUM;PASİNLER;PORSUK;PORSUK KÜME EVLER;sokak;534269
ERZURUM;PASİNLER;PUSUDERE;AHMET KÜME EVLER;sokak;235382421
ERZURUM;PASİNLER;PUSUDERE;KORUCUK KÜME EVLER;sokak;367154800
ERZURUM;PASİNLER;PUSUDERE;PUSUDERE 1- SOKAK;sokak;535601
ERZURUM;PASİNLER;PUSUDERE;PUSUDERE 2- SOKAK;sokak;539515
ERZURUM;PASİNLER;PUSUDERE;PUSUDERE KÜME EVLER;sokak;530841
ERZURUM;PASİNLER;REŞADİYE;ADNAN DEMİRCİOĞLU CAD. CADDE;cadde;46945
ERZURUM;PASİNLER;REŞADİYE;CUMHURİYET CADDE;cadde;367284
ERZURUM;PASİNLER;REŞADİYE;ERTAŞ SOKAK;sokak;46947
ERZURUM;PASİNLER;REŞADİYE;HEDİYE SOKAK;sokak;890589781
ERZURUM;PASİNLER;REŞADİYE;İHSAN TORAMAN CADDE;cadde;46953
ERZURUM;PASİNLER;REŞADİYE;İNHİSAR SOKAK;sokak;348425831
ERZURUM;PASİNLER;REŞADİYE;İNHİSAR- SOKAK;sokak;46954
ERZURUM;PASİNLER;REŞADİYE;KIZILAY CADDE;cadde;46948
ERZURUM;PASİNLER;REŞADİYE;ORG.SELAHATTİN DEMİRCİOĞLU CADDE;cadde;367285
ERZURUM;PASİNLER;REŞADİYE;PARK CADDE;cadde;46949
ERZURUM;PASİNLER;REŞADİYE;PINAR SOKAK;sokak;46950
ERZURUM;PASİNLER;REŞADİYE;PROF.DR.SERDAR SEVİMLİ CADDE;cadde;46951
ERZURUM;PASİNLER;REŞADİYE;RECEP TUŞİK SOKAK;sokak;46946
ERZURUM;PASİNLER;REŞADİYE;SÖĞÜTLÜ BAHÇE SOKAK;sokak;46952
ERZURUM;PASİNLER;REŞADİYE;TRANSİT CADDE;cadde;367286
ERZURUM;PASİNLER;REŞADİYE;ZEKİ DADAŞ SOKAK;sokak;747842240
ERZURUM;PASİNLER;SERÇEBOĞAZI;SERÇEBOĞAZI KÜME EVLER;sokak;331699
ERZURUM;PASİNLER;SİVAS;AŞIK REYHANİ SOKAK;sokak;416262500
ERZURUM;PASİNLER;SİVAS;CAN SOKAK;sokak;46955
ERZURUM;PASİNLER;SİVAS;ÇİĞDEM SOKAK;sokak;628564141
ERZURUM;PASİNLER;SİVAS;ELMALI SOKAK;sokak;367287
ERZURUM;PASİNLER;SİVAS;GELİNCİK SOKAK;sokak;714784401
ERZURUM;PASİNLER;SİVAS;HACI MAHMUT SOKAK;sokak;46957
ERZURUM;PASİNLER;SİVAS;İÇ KALE SOKAK;sokak;46963
ERZURUM;PASİNLER;SİVAS;İSAK CEVİZ SOKAK;sokak;799414151
ERZURUM;PASİNLER;SİVAS;KALE SOKAK;sokak;367288
ERZURUM;PASİNLER;SİVAS;KANARYA SOKAK;sokak;768253141
ERZURUM;PASİNLER;SİVAS;KIRAÇ SOKAK;sokak;46958
ERZURUM;PASİNLER;SİVAS;KUZEY SOKAK;sokak;367289
ERZURUM;PASİNLER;SİVAS;RAHMİ SATICI SOKAK;sokak;265571160
ERZURUM;PASİNLER;SİVAS;RIZA BEY SOKAK;sokak;46960
ERZURUM;PASİNLER;SİVAS;TİMUÇİN SOKAK;sokak;46962
ERZURUM;PASİNLER;SİVAS;TOLGAHAN SOKAK;sokak;46961
ERZURUM;PASİNLER;SUNAK;SUNAK KÜME EVLER;sokak;540811
ERZURUM;PASİNLER;ŞEHİT BURAK KARAKOÇ;AĞCALAR KÜME EVLER;sokak;511297080
ERZURUM;PASİNLER;ŞEHİT BURAK KARAKOÇ;KORUCUK KÜME EVLER;sokak;542608
ERZURUM;PASİNLER;TAŞAĞIL;TAŞAĞIL KÜME EVLER;sokak;548635
ERZURUM;PASİNLER;TAŞKAYNAK;ACI KÜME EVLER;sokak;454558540
ERZURUM;PASİNLER;TAŞKAYNAK;TAŞKAYNAK KÜME EVLER;sokak;566054
ERZURUM;PASİNLER;TAŞLIGÜNEY;ARDIÇLI KÜME EVLER;sokak;617814801
ERZURUM;PASİNLER;TAŞLIGÜNEY;DEMİRDÖVEN KÜME EVLER;sokak;503753691
ERZURUM;PASİNLER;TAŞLIGÜNEY;TAŞLIGÜNEY KÜME EVLER;sokak;545150
ERZURUM;PASİNLER;TAŞLIGÜNEY;TİMAR KÜME EVLER;sokak;726125591
ERZURUM;PASİNLER;TAŞLIYURT;GÖZELER/1 SOKAK;sokak;570692
ERZURUM;PASİNLER;TAŞLIYURT;TAŞLIYURT KÜME EVLER;sokak;543401
ERZURUM;PASİNLER;TAŞLIYURT;YASTIKTEPE KÜME EVLER;sokak;866619230
ERZURUM;PASİNLER;TEPECİK;SUNAK KÜME EVLER;sokak;902077470
ERZURUM;PASİNLER;TEPECİK;TEPECİK KÜME EVLER;sokak;548618
ERZURUM;PASİNLER;TEPECİK;UZUNARK KÜME EVLER;sokak;146820170
ERZURUM;PASİNLER;TİMAR;TİMAR KÜME EVLER;sokak;540250
ERZURUM;PASİNLER;UZUNARK;UZUNARK KÜME EVLER;sokak;599819
ERZURUM;PASİNLER;ÜĞÜMÜ;ÜĞÜMÜ KÜME EVLER;sokak;499665
ERZURUM;PASİNLER;ÜĞÜMÜ;ÜĞÜMÜ1 SOKAK;sokak;764539680
ERZURUM;PASİNLER;ÜĞÜMÜ;ÜĞÜMÜ2 SOKAK;sokak;791220990
ERZURUM;PASİNLER;ÜĞÜMÜ;ÜĞÜMÜ3 SOKAK;sokak;781863270
ERZURUM;PASİNLER;ÜĞÜMÜ;ÜĞÜMÜ4 SOKAK;sokak;728673360
ERZURUM;PASİNLER;ÜĞÜMÜ;ÜĞÜMÜ5 SOKAK;sokak;253465370
ERZURUM;PASİNLER;ÜĞÜMÜ;ÜĞÜMÜ6 SOKAK;sokak;881420540
ERZURUM;PASİNLER;ÜĞÜMÜ;ÜĞÜMÜ7 SOKAK;sokak;670819350
ERZURUM;PASİNLER;ÜĞÜMÜ;ÜĞÜMÜ8 SOKAK;sokak;746644000
ERZURUM;PASİNLER;YAMAÇ;AKÇALI PINAR SOKAK;sokak;46964
ERZURUM;PASİNLER;YAMAÇ;BÜLBÜL SOKAK;sokak;46965
ERZURUM;PASİNLER;YAMAÇ;CİHANGİR SOKAK;sokak;367291
ERZURUM;PASİNLER;YAMAÇ;HACI SIRRI YARBAŞI SOKAK;sokak;46966
ERZURUM;PASİNLER;YAMAÇ;KALE SOKAK;sokak;336507711
ERZURUM;PASİNLER;YAMAÇ;KIRAÇ SOKAK;sokak;46967
ERZURUM;PASİNLER;YAMAÇ;SITKI BEY SOKAK;sokak;367292
ERZURUM;PASİNLER;YAMAÇ;TOPAL SOKAK SOKAK;sokak;927038261
ERZURUM;PASİNLER;YAMAÇ;YARBAŞI SOKAK;sokak;808143
ERZURUM;PASİNLER;YASTIKTEPE;KİREÇLİ KÜME EVLER;sokak;594539
ERZURUM;PASİNLER;YASTIKTEPE;OTLUKKAPI KÜME EVLER;sokak;335271510
ERZURUM;PASİNLER;YASTIKTEPE;TAŞLIYURT KÜME EVLER;sokak;105426521
ERZURUM;PASİNLER;YASTIKTEPE;YASTIKTEPE KÜME EVLER;sokak;574705
ERZURUM;PASİNLER;YAVUZLU;YAVUZLU KÜME EVLER;sokak;535771
ERZURUM;PASİNLER;YAYLA;TİMAR KÜME EVLER;sokak;466001021
ERZURUM;PASİNLER;YAYLA;YAYLA KÜME EVLER;sokak;568169
ERZURUM;PASİNLER;YAYLADAĞ;YAYLADAĞ KÜME EVLER;sokak;569767
ERZURUM;PASİNLER;YENİ;CAN SOKAK;sokak;93159127
ERZURUM;PASİNLER;YENİ;CEZAYİR DEMİR SOKAK;sokak;46969
ERZURUM;PASİNLER;YENİ;DİSPANSER SOKAK;sokak;367293
ERZURUM;PASİNLER;YENİ;DURSUN MİNDİVANLI SOKAK;sokak;115203841
ERZURUM;PASİNLER;YENİ;HÜSAM KADIOĞLU SOKAK;sokak;335008280
ERZURUM;PASİNLER;YENİ;KALE SOKAK;sokak;336507710
ERZURUM;PASİNLER;YENİ;KUZEY SOKAK;sokak;521794881
ERZURUM;PASİNLER;YENİ;KÜRŞAT SOKAK;sokak;837187911
ERZURUM;PASİNLER;YENİ;MEHMET TAŞBAŞI CADDE;cadde;46968
ERZURUM;PASİNLER;YENİ;MUSTAFA TUŞİK SOKAK;sokak;389783911
ERZURUM;PASİNLER;YENİ;PASİN SOKAK;sokak;527652860
ERZURUM;PASİNLER;YENİ;SELAMİ TEYMUR SOKAK;sokak;737314571
ERZURUM;PASİNLER;YENİ;ŞAHİNER SOKAK;sokak;367294
ERZURUM;PASİNLER;YENİ;ŞAMLIOĞLU SOKAK;sokak;383246531
ERZURUM;PASİNLER;YENİ;ŞEHİT İLHAMİ KOÇAK SOKAK;sokak;634327100
ERZURUM;PASİNLER;YENİ;ŞEHİT ZİNNUR ARASOĞLU SOKAK;sokak;286106321
ERZURUM;PASİNLER;YENİ;VAKIF SOKAK;sokak;816224
ERZURUM;PASİNLER;YENİ;ZEKİ AYDIN SOKAK;sokak;139052450
ERZURUM;PASİNLER;YENİ;ZÜHTÜ SOKAK;sokak;46970
ERZURUM;PASİNLER;YENİKÖY;TİMAR KÜME EVLER;sokak;176856110
ERZURUM;PASİNLER;YENİKÖY;YENİKÖY KÜME EVLER;sokak;542332
ERZURUM;PASİNLER;YİĞİTPINARI;ACI KÜME EVLER;sokak;620154740
ERZURUM;PASİNLER;YİĞİTPINARI;TAŞKAYNAK KÜME EVLER;sokak;483452761
ERZURUM;PASİNLER;YİĞİTPINARI;YİĞİTPINARI KÜME EVLER;sokak;534273
ERZURUM;PASİNLER;YİĞİTTAŞI;YİĞİTTAŞI KÜME EVLER;sokak;562648
ERZURUM;PASİNLER;YUKARIÇAKMAK;YUKARIÇAKMAK KÜME EVLER;sokak;550324
ERZURUM;PASİNLER;YUKARIÇAKMAK;YUKARIÇAKMAK/1 SOKAK;sokak;282366100
ERZURUM;PASİNLER;YUKARIÇAKMAK;YUKARIÇAKMAK/2 SOKAK;sokak;916942080
ERZURUM;PASİNLER;YUKARIÇAKMAK;YUKARIÇAKMAK/3 SOKAK;sokak;201069691
ERZURUM;PASİNLER;YUKARIÇAKMAK;YUKARIÇAKMAK/4 SOKAK;sokak;303113100
ERZURUM;PASİNLER;YUKARIÇAKMAK;YUKARIÇAKMAK/5 SOKAK;sokak;295191540
ERZURUM;PASİNLER;YUKARIÇAKMAK;YUKARIÇAKMAK/6 SOKAK;sokak;132760921
ERZURUM;PASİNLER;YUKARIÇAKMAK;YUKARIÇAKMAK/7 SOKAK;sokak;558893490
ERZURUM;PASİNLER;YUKARIÇAKMAK;YUKARIÇAKMAK/8 SOKAK;sokak;806064861
ERZURUM;PASİNLER;YUKARIDANİŞMENT;ÜĞÜMÜ KÜME EVLER;sokak;366679701
ERZURUM;PASİNLER;YUKARIDANİŞMENT;YUKARIDANİŞMENT KÜME EVLER;sokak;531488
ERZURUM;PAZARYOLU;21HAZİRAN;1 SOKAK;sokak;563139
ERZURUM;PAZARYOLU;21HAZİRAN;2 SOKAK;sokak;563140
ERZURUM;PAZARYOLU;21HAZİRAN;21HAZİRAN1 SOKAK;sokak;723032660
ERZURUM;PAZARYOLU;21HAZİRAN;ANKARA CADDE;cadde;367297
ERZURUM;PAZARYOLU;21HAZİRAN;ATATÜRK CADDE;cadde;46457
ERZURUM;PAZARYOLU;21HAZİRAN;BILINMEYEN15 SOKAK;sokak;146857881
ERZURUM;PAZARYOLU;21HAZİRAN;BILINMEYEN20 SOKAK;sokak;530154000
ERZURUM;PAZARYOLU;21HAZİRAN;BILINMEYEN21 SOKAK;sokak;675149011
ERZURUM;PAZARYOLU;21HAZİRAN;BILINMEYEN27 SOKAK;sokak;169882631
ERZURUM;PAZARYOLU;21HAZİRAN;CUMHURİYET MEYDAN;sokak;46458
ERZURUM;PAZARYOLU;21HAZİRAN;ÇIKMAZ SOKAK;sokak;559554
ERZURUM;PAZARYOLU;21HAZİRAN;DEĞİRMENDERE SOKAK;sokak;559555
ERZURUM;PAZARYOLU;21HAZİRAN;İSTİKLAL CADDE;cadde;46460
ERZURUM;PAZARYOLU;21HAZİRAN;MEHMET SEKMEN CADDE;cadde;367603
ERZURUM;PAZARYOLU;21HAZİRAN;MEZARLIK SOKAK;sokak;562793
ERZURUM;PAZARYOLU;21HAZİRAN;PAZARYOLU İSPİR BULVAR;sokak;507884390
ERZURUM;PAZARYOLU;21HAZİRAN;PTT CADDE;cadde;562792
ERZURUM;PAZARYOLU;21HAZİRAN;TURGUT ÖZAL CADDE;cadde;46459
ERZURUM;PAZARYOLU;AKBULUT;BILINMEYEN23 KÜME EVLER;sokak;831721060
ERZURUM;PAZARYOLU;AKBULUT;ERZURUM İSPİR YOLU BULVAR;sokak;937552050
ERZURUM;PAZARYOLU;AKBULUT;GEÇİT KÜME EVLER;sokak;561370
ERZURUM;PAZARYOLU;AKBULUT;GEÇİT/1 KÜME EVLER;sokak;155778771
ERZURUM;PAZARYOLU;AKBULUT;GEÇİT/2 KÜME EVLER;sokak;896411610
ERZURUM;PAZARYOLU;ALIÇLI;BAHÇELER SOKAK;sokak;563135
ERZURUM;PAZARYOLU;ALIÇLI;BILINMEYEN13 SOKAK;sokak;260123101
ERZURUM;PAZARYOLU;ALIÇLI;CAMİİ SOKAK;sokak;766815
ERZURUM;PAZARYOLU;ALIÇLI;HACILAR SOKAK;sokak;563136
ERZURUM;PAZARYOLU;AMBARALAN;AMBARALAN KÜME EVLER;sokak;585147
ERZURUM;PAZARYOLU;AMBARALAN;AMBARALAN YAYLA EVİ KÜME EVLER;sokak;587435
ERZURUM;PAZARYOLU;AYÇUKURU;AYÇUKURU KÜME EVLER;sokak;575293
ERZURUM;PAZARYOLU;BAYINDIR;BAYINDIR KÜME EVLER;sokak;52148
ERZURUM;PAZARYOLU;BURÇAKLI;BÖLÜKEMİN KÜME EVLER;sokak;561369
ERZURUM;PAZARYOLU;BURÇAKLI;BURÇAKLI1 SOKAK;sokak;740034761
ERZURUM;PAZARYOLU;BURÇAKLI;ÇAYIRBAŞI KÜME EVLER;sokak;561368
ERZURUM;PAZARYOLU;BÜYÜKDERE;BÜYÜKDERE KÜME EVLER;sokak;131198
ERZURUM;PAZARYOLU;CENNETPINARI;CENNETPINARI KÜME EVLER;sokak;387986
ERZURUM;PAZARYOLU;CENNETPINARI;CENNETPINARI YAYLA EVİ KÜME EVLER;sokak;581328
ERZURUM;PAZARYOLU;CEVİZLİDERE;CEVİZLİDERE KÜME EVLER;sokak;541390
ERZURUM;PAZARYOLU;ÇATAKBAHÇE;ÇATAKBAHÇE KÜME EVLER;sokak;542814
ERZURUM;PAZARYOLU;ÇATAKBAHÇE;ÇATAKBAHÇE/1 KÜME EVLER;sokak;549312581
ERZURUM;PAZARYOLU;ÇAYDERE;ÇAYDERE KÜME EVLER;sokak;262624
ERZURUM;PAZARYOLU;ÇAYDERE;ÇAYDERE MEZRA KÜME EVLER;sokak;84188
ERZURUM;PAZARYOLU;ÇİFTEPINAR;ÇİFTEPINAR KÜME EVLER;sokak;562794
ERZURUM;PAZARYOLU;ÇİFTEPINAR;ÇİFTEPINAR/2 KÜME EVLER;sokak;539259131
ERZURUM;PAZARYOLU;DELİKTAŞ;BILINMEYEN1 SOKAK;sokak;596815850
ERZURUM;PAZARYOLU;DELİKTAŞ;BILINMEYEN2 SOKAK;sokak;940243121
ERZURUM;PAZARYOLU;DELİKTAŞ;DELİKTAŞ 2 SOKAK;sokak;914635700
ERZURUM;PAZARYOLU;DELİKTAŞ;DELİKTAŞ 3 SOKAK;sokak;634176460
ERZURUM;PAZARYOLU;DELİKTAŞ;ERZURUM İSPİR YOLU BULVAR;sokak;208509960
ERZURUM;PAZARYOLU;DELİKTAŞ;PAZARYOLU İSPİR BULVAR;sokak;694129480
ERZURUM;PAZARYOLU;DELİKTAŞ;SAĞIRTAŞ KÜME EVLER;sokak;765935
ERZURUM;PAZARYOLU;DEMİRGÖZE;DEMİRGÖZE KÜME EVLER;sokak;308402
ERZURUM;PAZARYOLU;DİKMETAŞ;DİKMETAŞ KÜME EVLER;sokak;383162
ERZURUM;PAZARYOLU;ESENYURT;ESENYURT KÜME EVLER;sokak;583476
ERZURUM;PAZARYOLU;ESENYURT;ESENYURT/1 KÜME EVLER;sokak;267917641
ERZURUM;PAZARYOLU;GÖLYANI;GÖLYANI KÜME EVLER;sokak;552730
ERZURUM;PAZARYOLU;GÖZTEPE;GÖZTEPE KÜME EVLER;sokak;574282
ERZURUM;PAZARYOLU;GÖZTEPE;GÖZTEPE YAYLA EVİ KÜME EVLER;sokak;576542
ERZURUM;PAZARYOLU;GÖZTEPE;GÖZTEPE/1 KÜME EVLER;sokak;139095440
ERZURUM;PAZARYOLU;GÜLÇİMEN;GÜLÇİMEN KÜME EVLER;sokak;554687
ERZURUM;PAZARYOLU;GÜNEYSU;GÜNEYSU KÜME EVLER;sokak;238829
ERZURUM;PAZARYOLU;HACILAR;HACILAR_1 KÜME EVLER;sokak;180859
ERZURUM;PAZARYOLU;KARAKOÇ;KARAKOÇ KÜME EVLER;sokak;578659
ERZURUM;PAZARYOLU;KARAKOÇ;KARAKOÇ/1 KÜME EVLER;sokak;246608130
ERZURUM;PAZARYOLU;KARATAŞ;BİLANOS MEZRA KÜME EVLER;sokak;570255
ERZURUM;PAZARYOLU;KARATAŞ;CEMALGÜRSEL KÜME EVLER;sokak;352695
ERZURUM;PAZARYOLU;KARATAŞ;FEVZİÇAKMAK KÜME EVLER;sokak;573803
ERZURUM;PAZARYOLU;KARATAŞ;KARATAS MEZRA KÜME EVLER;sokak;599993
ERZURUM;PAZARYOLU;KARATAŞ;KARATAŞ YAYLA EVİ KÜME EVLER;sokak;132261
ERZURUM;PAZARYOLU;KARATAŞ;NENEHATUN KÜME EVLER;sokak;573477
ERZURUM;PAZARYOLU;KILIÇÇI;KILIÇÇI KÜME EVLER;sokak;466644
ERZURUM;PAZARYOLU;KONAKYERİ;ALTINOLUK KÜME EVLER;sokak;528009
ERZURUM;PAZARYOLU;KONAKYERİ;GÜLPINAR KÜME EVLER;sokak;528056
ERZURUM;PAZARYOLU;KONAKYERİ;İSTİKBAL KÜME EVLER;sokak;524002
ERZURUM;PAZARYOLU;KONAKYERİ;MERKEZ KÜME EVLER;sokak;524557
ERZURUM;PAZARYOLU;KORKUTKÖY;KORKUTKÖY KÜME EVLER;sokak;541567
ERZURUM;PAZARYOLU;KOZLU;KOZLU KÜME EVLER;sokak;542374
ERZURUM;PAZARYOLU;KÖŞEYOLU;KÖŞEYOLU KÜME EVLER;sokak;390238
ERZURUM;PAZARYOLU;KÖŞEYOLU;KÖŞEYOLU/2 KÜME EVLER;sokak;597821511
ERZURUM;PAZARYOLU;KUMAŞKAYA;KUMAŞKAYA SOKAK;sokak;586998
ERZURUM;PAZARYOLU;KUMAŞKAYA;KUMAŞKAYA YAYLA EVİ SOKAK;sokak;580739
ERZURUM;PAZARYOLU;KUYMAKLI;KUYMAKLI KÜME EVLER;sokak;587290
ERZURUM;PAZARYOLU;KUYMAKLI;KUYMAKLI YAYLA EVİ KÜME EVLER;sokak;586053
ERZURUM;PAZARYOLU;KÜMBETTEPE;BILINMEYEN1 SOKAK;sokak;369862630
ERZURUM;PAZARYOLU;KÜMBETTEPE;BILINMEYEN24 SOKAK;sokak;788534960
ERZURUM;PAZARYOLU;KÜMBETTEPE;BILINMEYEN3 SOKAK;sokak;779874770
ERZURUM;PAZARYOLU;KÜMBETTEPE;BILINMEYEN6 SOKAK;sokak;935417380
ERZURUM;PAZARYOLU;KÜMBETTEPE;ÇEŞME SOKAK;sokak;563132
ERZURUM;PAZARYOLU;KÜMBETTEPE;KALE SOKAK;sokak;563133
ERZURUM;PAZARYOLU;KÜMBETTEPE;KÜMBETTEPE/1 SOKAK;sokak;349465740
ERZURUM;PAZARYOLU;KÜMBETTEPE;MEHMET SEKMEN CADDE;cadde;531197150
ERZURUM;PAZARYOLU;LALELİ;LALELİ KÜME EVLER;sokak;530626
ERZURUM;PAZARYOLU;MERKEZ;BILINMEYEN1 SOKAK;sokak;886340350
ERZURUM;PAZARYOLU;MERKEZ;BILINMEYEN2 SOKAK;sokak;701470871
ERZURUM;PAZARYOLU;MERKEZ;BILINMEYEN22 SOKAK;sokak;573983311
ERZURUM;PAZARYOLU;MERKEZ;BILINMEYEN26 SOKAK;sokak;152735921
ERZURUM;PAZARYOLU;MERKEZ;KONAK SOKAK;sokak;562795
ERZURUM;PAZARYOLU;MERKEZ;PAZARYOLU İSPİR BULVAR;sokak;119869160
ERZURUM;PAZARYOLU;MERKEZ;TAŞALTI SOKAK;sokak;563131
ERZURUM;PAZARYOLU;MEŞEBAŞI;MEŞEBAŞI KÜME EVLER;sokak;567863
ERZURUM;PAZARYOLU;PAMUKLUDAĞ;PAMUKLUDAĞ KÜME EVLER;sokak;547456
ERZURUM;PAZARYOLU;SADAKA;SADAKA KÜME EVLER;sokak;245676
ERZURUM;PAZARYOLU;SADAKA;SADAKA YAYLA EVİ SOKAK;sokak;546991
ERZURUM;PAZARYOLU;SERGENKAYA;SERGENKAYA KÜME EVLER;sokak;530386
ERZURUM;PAZARYOLU;SERGENKAYA;SERGENKAYA YAYLA EVİ SOKAK;sokak;608132
ERZURUM;PAZARYOLU;SÜLEYMANBAĞI;BILINMEYEN14 SOKAK;sokak;631786441
ERZURUM;PAZARYOLU;SÜLEYMANBAĞI;BILINMEYEN25 SOKAK;sokak;617049870
ERZURUM;PAZARYOLU;SÜLEYMANBAĞI;BILINMEYEN7 SOKAK;sokak;634477831
ERZURUM;PAZARYOLU;SÜLEYMANBAĞI;MEHMET SEKMEN CADDE;cadde;853985920
ERZURUM;PAZARYOLU;SÜLEYMANBAĞI;ŞEHİT HÜSEYİN GÖKÇİMEN KÜME EVLER;sokak;563137
ERZURUM;PAZARYOLU;SÜLEYMANBAĞI;ŞEHİT HÜSEYİN GÖKÇİMEN/1 KÜME EVLER;sokak;116044931
ERZURUM;PAZARYOLU;ŞEHİTLİK;ŞEHİTLİK KÜME EVLER;sokak;554326
ERZURUM;PAZARYOLU;YAYLALI;YAYLALI KÜME EVLER;sokak;521732
ERZURUM;PAZARYOLU;YAYLAÖZÜ;YAYLAÖZÜ KÜME EVLER;sokak;570685
ERZURUM;PAZARYOLU;YENİ;BEŞEVLER KÜME EVLER;sokak;187158
ERZURUM;PAZARYOLU;YENİ;BEŞEVLER/1 KÜME EVLER;sokak;201484820
ERZURUM;PAZARYOLU;YENİ;BEŞEVLER/2 KÜME EVLER;sokak;698158011
ERZURUM;PAZARYOLU;YENİ;BEŞEVLER/3 KÜME EVLER;sokak;773086170
ERZURUM;PAZARYOLU;YİĞİTBAŞI;YİĞİTBAŞI KÜME EVLER;sokak;533601
ERZURUM;ŞENKAYA;AKŞAR;A KÜME EVLER KÜME EVLER;sokak;133538
ERZURUM;ŞENKAYA;AKŞAR;AKŞAR B.M SOKAK;sokak;473740
ERZURUM;ŞENKAYA;AKŞAR;AKŞAR CADDE;cadde;544192620
ERZURUM;ŞENKAYA;AKŞAR;AKŞAR1 SOKAK;sokak;408177440
ERZURUM;ŞENKAYA;AKŞAR;B KÜME EVLER KÜME EVLER;sokak;616619
ERZURUM;ŞENKAYA;AKŞAR;KOYİÇİ SOKAK;sokak;839328
ERZURUM;ŞENKAYA;AKŞAR;TAHTKÖY KÜME EVLER;sokak;811330500
ERZURUM;ŞENKAYA;AKTAŞ;AKTAŞ KÜME EVLER;sokak;587789
ERZURUM;ŞENKAYA;ALICIK;100.KÜMEEVLER KÜME EVLER;sokak;789794321
ERZURUM;ŞENKAYA;ALICIK;ALICIK KÜME EVLER;sokak;107689
ERZURUM;ŞENKAYA;AŞAĞI;ATATÜRK CADDE;cadde;703785
ERZURUM;ŞENKAYA;AŞAĞI;BARDIZ YOLU 1 SOKAK;sokak;840994151
ERZURUM;ŞENKAYA;AŞAĞI;BARDIZ YOLU SOKAK;sokak;367606
ERZURUM;ŞENKAYA;AŞAĞI;BAŞPINAR 1 SOKAK;sokak;863875291
ERZURUM;ŞENKAYA;AŞAĞI;BAŞPINAR SOKAK;sokak;367604
ERZURUM;ŞENKAYA;AŞAĞI;ÇAKMAK CADDE;cadde;189621
ERZURUM;ŞENKAYA;AŞAĞI;ÇARŞI 1 SOKAK;sokak;395773410
ERZURUM;ŞENKAYA;AŞAĞI;ÇARŞI SOKAK;sokak;46477
ERZURUM;ŞENKAYA;AŞAĞI;ÇİFTÇİ YOLU SOKAK;sokak;46475
ERZURUM;ŞENKAYA;AŞAĞI;DEĞİRMENLER BAŞI SOKAK;sokak;46461
ERZURUM;ŞENKAYA;AŞAĞI;DİK SOKAK;sokak;477393
ERZURUM;ŞENKAYA;AŞAĞI;FETOĞLU SOKAK;sokak;46462
ERZURUM;ŞENKAYA;AŞAĞI;GENÇLİK YOLU SOKAK;sokak;46463
ERZURUM;ŞENKAYA;AŞAĞI;HAMAMÖNÜ YOLU SOKAK;sokak;367605
ERZURUM;ŞENKAYA;AŞAĞI;HAMİŞOĞLU SOKAK;sokak;46464
ERZURUM;ŞENKAYA;AŞAĞI;KÖYCÜ 1 SOKAK;sokak;167128871
ERZURUM;ŞENKAYA;AŞAĞI;KÖYCÜ CADDE;cadde;46466
ERZURUM;ŞENKAYA;AŞAĞI;KURTULUŞ 1 SOKAK;sokak;712816380
ERZURUM;ŞENKAYA;AŞAĞI;KURTULUŞ CADDE;cadde;46465
ERZURUM;ŞENKAYA;AŞAĞI;OK 1 SOKAK;sokak;569172631
ERZURUM;ŞENKAYA;AŞAĞI;OK CADDE;cadde;46467
ERZURUM;ŞENKAYA;AŞAĞI;PARK SOKAK;sokak;711012
ERZURUM;ŞENKAYA;AŞAĞI;RÜZGARLI SOKAK;sokak;477390
ERZURUM;ŞENKAYA;AŞAĞI;SANAYİ YOLU SOKAK;sokak;46468
ERZURUM;ŞENKAYA;AŞAĞI;SOGER 1 SOKAK;sokak;124806381
ERZURUM;ŞENKAYA;AŞAĞI;SOGER SOKAK;sokak;46469
ERZURUM;ŞENKAYA;AŞAĞI;SÜMBÜL SOKAK;sokak;46470
ERZURUM;ŞENKAYA;AŞAĞI;ŞELALE SOKAK;sokak;46476
ERZURUM;ŞENKAYA;AŞAĞI;TARIM 1 SOKAK;sokak;676058731
ERZURUM;ŞENKAYA;AŞAĞI;TARIM CADDE;cadde;46471
ERZURUM;ŞENKAYA;AŞAĞI;TAŞBAŞI SOKAK;sokak;46472
ERZURUM;ŞENKAYA;AŞAĞI;TOPÇU 1 SOKAK;sokak;695498891
ERZURUM;ŞENKAYA;AŞAĞI;TOPÇU 2 SOKAK;sokak;838979831
ERZURUM;ŞENKAYA;AŞAĞI;TOPÇU SOKAK;sokak;367608
ERZURUM;ŞENKAYA;AŞAĞI;VATAN CADDE;cadde;46473
ERZURUM;ŞENKAYA;AŞAĞI;YONCALIK KÜME EVLER;sokak;367607
ERZURUM;ŞENKAYA;AŞAĞI;YÜKSELİŞ CEMİYETİ SOKAK;sokak;367609
ERZURUM;ŞENKAYA;AŞAĞI;YÜKSELİŞ- CADDE;cadde;46474
ERZURUM;ŞENKAYA;AŞAĞIBAKRAÇLI;1.KÜMEEVLER KÜME EVLER;sokak;112481501
ERZURUM;ŞENKAYA;AŞAĞIBAKRAÇLI;AŞAĞIBAKRAÇLI KÜME EVLER;sokak;557738
ERZURUM;ŞENKAYA;AŞAĞIBAKRAÇLI;MERKEZ KÜME EVLER;sokak;438294640
ERZURUM;ŞENKAYA;AŞAĞIBAKRAÇLI;YUKARIBAKRAÇLI KÜME EVLER;sokak;484171581
ERZURUM;ŞENKAYA;ATYOLU;ATYOLU KÜME EVLER;sokak;556112
ERZURUM;ŞENKAYA;ATYOLU;ÇAMLIALAN 1 KÜME EVLER;sokak;877718790
ERZURUM;ŞENKAYA;AYDOĞDU;AYDOĞDU KÜME EVLER;sokak;568781
ERZURUM;ŞENKAYA;AYDOĞDU;AYDOĞDU1 CADDE;cadde;727566951
ERZURUM;ŞENKAYA;AYDOĞDU;AYDOĞDU2 KÜME EVLER;sokak;478096520
ERZURUM;ŞENKAYA;BALKAYA;BALKAYA 1 KÜME EVLER;sokak;614787641
ERZURUM;ŞENKAYA;BALKAYA;BALKAYA KÜME EVLER;sokak;571232
ERZURUM;ŞENKAYA;BEREKETLİ;BEREKETLİ KÜME EVLER;sokak;452474
ERZURUM;ŞENKAYA;BEŞPINARLAR;BEŞPINARLAR KÜME EVLER;sokak;542246
ERZURUM;ŞENKAYA;BEYKAYNAK;BEYKAYNAK KÜME EVLER;sokak;582777
ERZURUM;ŞENKAYA;BEYKAYNAK;KABAN KÜME EVLER;sokak;810945180
ERZURUM;ŞENKAYA;ÇAMLIALAN;AŞAĞI KÖŞK KÜME EVLER;sokak;713072010
ERZURUM;ŞENKAYA;ÇAMLIALAN;ÇAMLIALAN 1 KÜME EVLER;sokak;771844971
ERZURUM;ŞENKAYA;ÇAMLIALAN;ÇAMLIALAN KÜME EVLER;sokak;311056
ERZURUM;ŞENKAYA;ÇAMLIALAN;GÜLVEREN KÜME EVLER;sokak;245580090
ERZURUM;ŞENKAYA;ÇAMLIALAN;MERKEZ. KÜME EVLER;sokak;422937041
ERZURUM;ŞENKAYA;ÇATALELMA;ÇATALELMA KÜME EVLER;sokak;557160
ERZURUM;ŞENKAYA;DEĞİRMENLİDERE;DEĞİRMENLİDERE CADDE;cadde;217532641
ERZURUM;ŞENKAYA;DEĞİRMENLİDERE;DEĞİRMENLİDERE MERKEZ KÜME EVLER;sokak;612361
ERZURUM;ŞENKAYA;DEĞİRMENLİDERE;DEĞİRMENLİDERE MERKEZ1 KÜME EVLER;sokak;370791181
ERZURUM;ŞENKAYA;DEĞİRMENLİDERE;DEĞİRMENLİDERE MERKEZ2 KÜME EVLER;sokak;702755650
ERZURUM;ŞENKAYA;DEĞİRMENLİDERE;DEĞİRMENLİDERE MERKEZ3 KÜME EVLER;sokak;512472860
ERZURUM;ŞENKAYA;DEĞİRMENLİDERE;DEĞİRMENLİDERE1 SOKAK;sokak;854804730
ERZURUM;ŞENKAYA;DEĞİRMENLİDERE;DEĞİRMENLİDERE2 SOKAK;sokak;390149150
ERZURUM;ŞENKAYA;DEĞİRMENLİDERE;KARINCA DÜZÜ KÜME EVLER;sokak;38179
ERZURUM;ŞENKAYA;DELİKTAŞ;DELİKTAŞ KÜME EVLER;sokak;595440
ERZURUM;ŞENKAYA;DOĞANKÖY;DOĞANKÖY KÜME EVLER;sokak;455230
ERZURUM;ŞENKAYA;DOKUZELMA;DOKUZELMA KÜME EVLER;sokak;504290
ERZURUM;ŞENKAYA;DOLUNAY;DOLUNAY KÜME EVLER;sokak;591771
ERZURUM;ŞENKAYA;DOLUNAY;GÜLVEREN KÜME EVLER;sokak;600274630
ERZURUM;ŞENKAYA;DÖRTYOL;DÖRTYOL KÜME EVLER;sokak;331563
ERZURUM;ŞENKAYA;ESENCE;ESENCE KÜME EVLER;sokak;555224
ERZURUM;ŞENKAYA;ESENCE;KÖROĞLU KÜME EVLER;sokak;700854931
ERZURUM;ŞENKAYA;ESENCE;PAGER SOKAK;sokak;36546
ERZURUM;ŞENKAYA;ESENYURT;HARMANLI KÜME EVLER;sokak;572074
ERZURUM;ŞENKAYA;ESENYURT;KİLİSE SOKAK;sokak;551906
ERZURUM;ŞENKAYA;ESENYURT;KİLİSE1 SOKAK;sokak;185358980
ERZURUM;ŞENKAYA;ESENYURT;KİLİSE2 SOKAK;sokak;302816040
ERZURUM;ŞENKAYA;ESENYURT;KİLİSE3 SOKAK;sokak;883520910
ERZURUM;ŞENKAYA;ESENYURT;KİLİSE4 SOKAK;sokak;863609221
ERZURUM;ŞENKAYA;ESENYURT;MERKEZ/1 KÜME EVLER;sokak;438950511
ERZURUM;ŞENKAYA;EVBAKAN;BALKAYA 1 KÜME EVLER;sokak;382259260
ERZURUM;ŞENKAYA;EVBAKAN;BILINMEYEN15 SOKAK;sokak;819261071
ERZURUM;ŞENKAYA;EVBAKAN;BILINMEYEN16 SOKAK;sokak;123238041
ERZURUM;ŞENKAYA;EVBAKAN;EVBAKAN KÜME EVLER;sokak;550586
ERZURUM;ŞENKAYA;EVBAKAN;MERKEZ/7 KÜME EVLER;sokak;743159791
ERZURUM;ŞENKAYA;GAZİLER;ÇATALELMA KÜME EVLER;sokak;847906331
ERZURUM;ŞENKAYA;GAZİLER;GAZİLER B.M KÜME EVLER;sokak;599323
ERZURUM;ŞENKAYA;GEZENEK;GEZENEK KÜME EVLER;sokak;260623
ERZURUM;ŞENKAYA;GÖLLET;BALKAYA 1 KÜME EVLER;sokak;189461780
ERZURUM;ŞENKAYA;GÖLLET;GÖLLET B.M KÜME EVLER;sokak;343480
ERZURUM;ŞENKAYA;GÖLLET;UĞURLU KÜME EVLER;sokak;311988310
ERZURUM;ŞENKAYA;GÖREŞKEN;GÖREŞKEN KÜME EVLER;sokak;539397
ERZURUM;ŞENKAYA;GÖZALAN;GÖZALAN 1 SOKAK;sokak;740775611
ERZURUM;ŞENKAYA;GÖZALAN;GÖZALAN 2. SOKAK;sokak;759785020
ERZURUM;ŞENKAYA;GÖZALAN;GÖZALAN 3 SOKAK;sokak;807517870
ERZURUM;ŞENKAYA;GÖZALAN;GÖZALAN CADDE;cadde;870367520
ERZURUM;ŞENKAYA;GÖZALAN;MERKEZ KÜME EVLER;sokak;579449
ERZURUM;ŞENKAYA;GÖZEBAŞI;GÖZEBAŞI KÜME EVLER;sokak;269151
ERZURUM;ŞENKAYA;GÜLVEREN;ATYOLU KÜME EVLER;sokak;948144070
ERZURUM;ŞENKAYA;GÜLVEREN;GÜLVEREN KÜME EVLER;sokak;568057
ERZURUM;ŞENKAYA;HOŞKÖY;AŞAĞI HOŞ KÜME EVLER;sokak;553878
ERZURUM;ŞENKAYA;HOŞKÖY;HOŞKÖY CADDE;cadde;455020850
ERZURUM;ŞENKAYA;HOŞKÖY;YUKARI HOŞ KÜME EVLER;sokak;545592
ERZURUM;ŞENKAYA;İÇMESU;ÇATALELMA KÜME EVLER;sokak;167883580
ERZURUM;ŞENKAYA;İÇMESU;GÖZEBAŞI KÜME EVLER;sokak;675640621
ERZURUM;ŞENKAYA;İÇMESU;İÇMESU KÜME EVLER;sokak;530815
ERZURUM;ŞENKAYA;İĞDELİ;İĞDELİ KÜME EVLER;sokak;590635
ERZURUM;ŞENKAYA;İKİZPINAR;İKİZPINAR 1 KÜME EVLER;sokak;279611011
ERZURUM;ŞENKAYA;İKİZPINAR;İKİZPINAR KÜME EVLER;sokak;552907
ERZURUM;ŞENKAYA;İKİZPINAR;SINDIRAN KÜME EVLER;sokak;123149690
ERZURUM;ŞENKAYA;İKİZPINAR;TEKETAŞ KÜME EVLER;sokak;752752891
ERZURUM;ŞENKAYA;İNCEÇAY;BEYKAYNAK KÜME EVLER;sokak;331760581
ERZURUM;ŞENKAYA;İNCEÇAY;İNCEÇAY KÜME EVLER;sokak;358238
ERZURUM;ŞENKAYA;KAYALISU;KAYALISU KÜME EVLER;sokak;562059
ERZURUM;ŞENKAYA;KAYALISU;MERKEZ/9 KÜME EVLER;sokak;137856210
ERZURUM;ŞENKAYA;KAYNAK;MERKEZ- SOKAK;sokak;632175
ERZURUM;ŞENKAYA;KAYNAK;MERKEZ/3 KÜME EVLER;sokak;935541600
ERZURUM;ŞENKAYA;KAYNAK;ŞENPINAR KÜME EVLER;sokak;571203391
ERZURUM;ŞENKAYA;KAYNAK;YAYLA KÜME EVLER;sokak;636791
ERZURUM;ŞENKAYA;KİREÇLİ;ÇARDAKLI SOKAK;sokak;552021
ERZURUM;ŞENKAYA;KİREÇLİ;MERKEZ/4 KÜME EVLER;sokak;553193
ERZURUM;ŞENKAYA;KİREÇLİ;TAZEKÖY KÜME EVLER;sokak;204797880
ERZURUM;ŞENKAYA;KÖROĞLU;KÖROĞLU KÜME EVLER;sokak;562350
ERZURUM;ŞENKAYA;KÖŞKKÖY;AŞAĞI KÖŞK KÜME EVLER;sokak;631024
ERZURUM;ŞENKAYA;KÖŞKKÖY;MERKEZ. KÜME EVLER;sokak;626389
ERZURUM;ŞENKAYA;KÜRKÇÜ;KÜRKÇÜ KÜME EVLER;sokak;565164
ERZURUM;ŞENKAYA;NİŞANTAŞI;BAĞLAR- SOKAK;sokak;548237
ERZURUM;ŞENKAYA;NİŞANTAŞI;DOLUNAY KÜME EVLER;sokak;670216831
ERZURUM;ŞENKAYA;NİŞANTAŞI;GÜLVEREN KÜME EVLER;sokak;402812631
ERZURUM;ŞENKAYA;NİŞANTAŞI;KEVENK 1 SOKAK;sokak;194037991
ERZURUM;ŞENKAYA;NİŞANTAŞI;KEVENK 2 SOKAK;sokak;830122861
ERZURUM;ŞENKAYA;NİŞANTAŞI;KEVENK 3 SOKAK;sokak;857834130
ERZURUM;ŞENKAYA;NİŞANTAŞI;KEVENK SOKAK;sokak;556108
ERZURUM;ŞENKAYA;NİŞANTAŞI;KÜME EVLER KÜME EVLER;sokak;875974230
ERZURUM;ŞENKAYA;NİŞANTAŞI;MERKEZ/9 KÜME EVLER;sokak;353108380
ERZURUM;ŞENKAYA;NİŞANTAŞI;NİŞANTAŞI CADDE;cadde;548240
ERZURUM;ŞENKAYA;NİŞANTAŞI;NİŞANTAŞI KÜMEEVLER KÜME EVLER;sokak;697345640
ERZURUM;ŞENKAYA;NİŞANTAŞI;NİŞANTAŞI TETİRKOÇ KÜME EVLER;sokak;253716
ERZURUM;ŞENKAYA;NİŞANTAŞI;SARIKAYALAR1 CADDE;cadde;911214830
ERZURUM;ŞENKAYA;ORMANLI;ALICIK KÜME EVLER;sokak;733043471
ERZURUM;ŞENKAYA;ORMANLI;ORMANLI KÜME EVLER;sokak;574259
ERZURUM;ŞENKAYA;OYUKTAŞ;MERKEZ/1 KÜME EVLER;sokak;601601081
ERZURUM;ŞENKAYA;OYUKTAŞ;OYUKTAŞ KÜME EVLER;sokak;266891
ERZURUM;ŞENKAYA;ÖZYURT;GÜLVEREN KÜME EVLER;sokak;903691411
ERZURUM;ŞENKAYA;ÖZYURT;ÖZYURT KÜME EVLER;sokak;160269
ERZURUM;ŞENKAYA;PAŞALI;1.KÜMEEVLER KÜME EVLER;sokak;689707
ERZURUM;ŞENKAYA;PAŞALI;100.KÜMEEVLER KÜME EVLER;sokak;242705
ERZURUM;ŞENKAYA;PAŞALI;200.KÜMEEVLER KÜME EVLER;sokak;689708
ERZURUM;ŞENKAYA;PAŞALI;MERKEZ KÜME EVLER;sokak;423008710
ERZURUM;ŞENKAYA;PENEK;PENEK KÜME EVLER;sokak;573601
ERZURUM;ŞENKAYA;PENEK;PENEK1 KÜME EVLER;sokak;508360301
ERZURUM;ŞENKAYA;PENEK;YÜNÖREN1 CADDE;cadde;658312991
ERZURUM;ŞENKAYA;SARIKAYALAR;SARIKAYALAR KÜME EVLER;sokak;559392
ERZURUM;ŞENKAYA;SARIKAYALAR;SARIKAYALAR1 CADDE;cadde;780333131
ERZURUM;ŞENKAYA;SARIYAR;SARIYAR SOKAK;sokak;579347
ERZURUM;ŞENKAYA;SARIYAR;SARIYAR1 SOKAK;sokak;808331970
ERZURUM;ŞENKAYA;SARIYAR;SARIYAR2 SOKAK;sokak;270898611
ERZURUM;ŞENKAYA;SARIYAR;SARIYAR3 SOKAK;sokak;897184641
ERZURUM;ŞENKAYA;SARIYAR;SARIYAR4 SOKAK;sokak;382252491
ERZURUM;ŞENKAYA;SINDIRAN;DOĞANKÖY KÜME EVLER;sokak;696857661
ERZURUM;ŞENKAYA;SINDIRAN;İKİZPINAR 1 KÜME EVLER;sokak;388781790
ERZURUM;ŞENKAYA;SINDIRAN;SINDIRAN KÜME EVLER;sokak;547983
ERZURUM;ŞENKAYA;SÖĞÜTLER;SÖĞÜTLER KÜME EVLER;sokak;581012
ERZURUM;ŞENKAYA;SUSUZ;BALKAYA KÜME EVLER;sokak;414298120
ERZURUM;ŞENKAYA;SUSUZ;SUSUZ KÜME EVLER;sokak;536700
ERZURUM;ŞENKAYA;ŞENPINAR;ŞENPINAR KÜME EVLER;sokak;636461
ERZURUM;ŞENKAYA;TAHTKÖY;AKŞAR CADDE;cadde;521794541
ERZURUM;ŞENKAYA;TAHTKÖY;TAHTKÖY KÜME EVLER;sokak;570533
ERZURUM;ŞENKAYA;TAHTKÖY;TEKETAŞ KÜME EVLER;sokak;223635011
ERZURUM;ŞENKAYA;TAZEKÖY;TAZEKÖY KÜME EVLER;sokak;532519
ERZURUM;ŞENKAYA;TEKETAŞ;TEKETAŞ KÜME EVLER;sokak;593331
ERZURUM;ŞENKAYA;TİMURKIŞLA;KOP SOKAK;sokak;553199
ERZURUM;ŞENKAYA;TİMURKIŞLA;KOP1 SOKAK;sokak;247788701
ERZURUM;ŞENKAYA;TİMURKIŞLA;KOP2 SOKAK;sokak;162379010
ERZURUM;ŞENKAYA;TİMURKIŞLA;MERKEZ- SOKAK;sokak;541773
ERZURUM;ŞENKAYA;TİMURKIŞLA;MERKEZ/11 SOKAK;sokak;424681991
ERZURUM;ŞENKAYA;TİMURKIŞLA;MERKEZ/6 1 SOKAK;sokak;741960800
ERZURUM;ŞENKAYA;TİMURKIŞLA;MERKEZ/6 2 SOKAK;sokak;454823121
ERZURUM;ŞENKAYA;TİMURKIŞLA;MERKEZ/6 3 SOKAK;sokak;379448161
ERZURUM;ŞENKAYA;TİMURKIŞLA;MERKEZ/6 4 SOKAK;sokak;530966570
ERZURUM;ŞENKAYA;TİMURKIŞLA;MERKEZ/6 5 SOKAK;sokak;185933271
ERZURUM;ŞENKAYA;TİMURKIŞLA;MERKEZ/6 SOKAK;sokak;251397421
ERZURUM;ŞENKAYA;TİMURKIŞLA;TEKETAŞ KÜME EVLER;sokak;397450960
ERZURUM;ŞENKAYA;TİMURKIŞLA;VENK 1 SOKAK;sokak;625616421
ERZURUM;ŞENKAYA;TİMURKIŞLA;VENK SOKAK;sokak;533991
ERZURUM;ŞENKAYA;TİMURKIŞLA;VENK2 SOKAK;sokak;409233281
ERZURUM;ŞENKAYA;TİMURKIŞLA;VENK3 SOKAK;sokak;913502071
ERZURUM;ŞENKAYA;TURNALI;ÇEVİRME- SOKAK;sokak;627967
ERZURUM;ŞENKAYA;TURNALI;MERKEZ/10 KÜME EVLER;sokak;627580
ERZURUM;ŞENKAYA;TÜTENOCAK;TÜTENOCAK KÜME EVLER;sokak;536871
ERZURUM;ŞENKAYA;UĞURLU;BALKAYA KÜME EVLER;sokak;792623900
ERZURUM;ŞENKAYA;UĞURLU;İNCEÇAY KÜME EVLER;sokak;160924050
ERZURUM;ŞENKAYA;UĞURLU;UĞURLU KÜME EVLER;sokak;582295
ERZURUM;ŞENKAYA;YANIKKAVAL;AŞAĞI YANIKKAVAL 1 SOKAK;sokak;684699561
ERZURUM;ŞENKAYA;YANIKKAVAL;AŞAĞI YANIKKAVAL 2 SOKAK;sokak;498810711
ERZURUM;ŞENKAYA;YANIKKAVAL;AŞAĞI YANIKKAVAL 3 SOKAK;sokak;173535660
ERZURUM;ŞENKAYA;YANIKKAVAL;AŞAĞI YANIKKAVAL 4 SOKAK;sokak;579131130
ERZURUM;ŞENKAYA;YANIKKAVAL;AŞAĞI YANIKKAVAL 5 SOKAK;sokak;606419170
ERZURUM;ŞENKAYA;YANIKKAVAL;AŞAĞI YANIKKAVAL SOKAK;sokak;631883
ERZURUM;ŞENKAYA;YANIKKAVAL;BALKAYA 1 KÜME EVLER;sokak;384259710
ERZURUM;ŞENKAYA;YANIKKAVAL;DELİKTAŞ KÜME EVLER;sokak;467890120
ERZURUM;ŞENKAYA;YANIKKAVAL;MERKEZ/7 KÜME EVLER;sokak;628242
ERZURUM;ŞENKAYA;YAYMEŞE;YAYMEŞE KÜME EVLER;sokak;587422
ERZURUM;ŞENKAYA;YAZILI;YAZILI KÜME EVLER;sokak;542149
ERZURUM;ŞENKAYA;YAZILI;YAZILI1 KÜME EVLER;sokak;184430281
ERZURUM;ŞENKAYA;YELKIRAN;ORMANLI KÜME EVLER;sokak;451411320
ERZURUM;ŞENKAYA;YELKIRAN;YELKIRAN KÜME EVLER;sokak;570529
ERZURUM;ŞENKAYA;YEŞİLDEMET;SARIKAYALAR1 CADDE;cadde;911214831
ERZURUM;ŞENKAYA;YEŞİLDEMET;YEŞİLDEMET KÜME EVLER;sokak;546776
ERZURUM;ŞENKAYA;YEŞİLKAYA;MERKEZ/8 KÜME EVLER;sokak;132293
ERZURUM;ŞENKAYA;YOĞURTÇULAR;GÜLVEREN KÜME EVLER;sokak;600274631
ERZURUM;ŞENKAYA;YOĞURTÇULAR;KÜME EVLER KÜME EVLER;sokak;852574
ERZURUM;ŞENKAYA;YOĞURTÇULAR;YOĞURTÇULAR KÜME EVLER;sokak;595807
ERZURUM;ŞENKAYA;YUKARI;ATATÜRK CADDE;cadde;46478
ERZURUM;ŞENKAYA;YUKARI;ATATÜRK1 SOKAK;sokak;290290300
ERZURUM;ŞENKAYA;YUKARI;BAĞLARBAŞI- KÜME EVLER;sokak;535174
ERZURUM;ŞENKAYA;YUKARI;BAŞBAĞLAR KÜME EVLER;sokak;166907601
ERZURUM;ŞENKAYA;YUKARI;BAŞPINAR SOKAK;sokak;600867331
ERZURUM;ŞENKAYA;YUKARI;BILINMEYEN1 SOKAK;sokak;166267980
ERZURUM;ŞENKAYA;YUKARI;BILINMEYEN2 SOKAK;sokak;417458861
ERZURUM;ŞENKAYA;YUKARI;BILINMEYEN3 SOKAK;sokak;389488401
ERZURUM;ŞENKAYA;YUKARI;BILINMEYEN4 SOKAK;sokak;194161301
ERZURUM;ŞENKAYA;YUKARI;BILINMEYEN5 KÜME EVLER;sokak;680724950
ERZURUM;ŞENKAYA;YUKARI;CAMİİ SOKAK;sokak;367610
ERZURUM;ŞENKAYA;YUKARI;ÇAKMAK CADDE;cadde;367613
ERZURUM;ŞENKAYA;YUKARI;ÇATALKOM KÜME EVLER;sokak;525230
ERZURUM;ŞENKAYA;YUKARI;DOĞANKÖY- SOKAK;sokak;716896
ERZURUM;ŞENKAYA;YUKARI;DOĞANKÖY/1 SOKAK;sokak;816902731
ERZURUM;ŞENKAYA;YUKARI;DOĞANKÖY/11 SOKAK;sokak;437212080
ERZURUM;ŞENKAYA;YUKARI;EMNİYET CADDE;cadde;46479
ERZURUM;ŞENKAYA;YUKARI;İKİZPINAR KÜME EVLER;sokak;903111350
ERZURUM;ŞENKAYA;YUKARI;KALE YOLU SOKAK;sokak;46480
ERZURUM;ŞENKAYA;YUKARI;KARANFİL SOKAK;sokak;729737
ERZURUM;ŞENKAYA;YUKARI;KARANFİL1 SOKAK;sokak;527400571
ERZURUM;ŞENKAYA;YUKARI;KARS YOLU CADDE;cadde;367611
ERZURUM;ŞENKAYA;YUKARI;KARS YOLU1 SOKAK;sokak;784634521
ERZURUM;ŞENKAYA;YUKARI;KARS YOLU11 SOKAK;sokak;359949871
ERZURUM;ŞENKAYA;YUKARI;KARS YOLU2 SOKAK;sokak;691506210
ERZURUM;ŞENKAYA;YUKARI;KARS YOLU3 SOKAK;sokak;352927881
ERZURUM;ŞENKAYA;YUKARI;KARŞIYAKA KÜME EVLER;sokak;46481
ERZURUM;ŞENKAYA;YUKARI;KAYALI SOKAK;sokak;724081
ERZURUM;ŞENKAYA;YUKARI;KAYNAK YOLU SOKAK;sokak;46482
ERZURUM;ŞENKAYA;YUKARI;KÖYCÜ CADDE;cadde;741218490
ERZURUM;ŞENKAYA;YUKARI;OKUL YOLU CADDE;cadde;46483
ERZURUM;ŞENKAYA;YUKARI;PANAYIR YOLU SOKAK;sokak;367612
ERZURUM;ŞENKAYA;YUKARI;PARK SOKAK;sokak;713664
ERZURUM;ŞENKAYA;YUKARI;SALTUNBAŞI KÜME EVLER;sokak;46484
ERZURUM;ŞENKAYA;YUKARI;ŞEHİT VOLKAN KÜLEKÇİ SOKAK;sokak;56602147
ERZURUM;ŞENKAYA;YUKARI;TAŞBAŞI SOKAK;sokak;385865900
ERZURUM;ŞENKAYA;YUKARI;TEKETAŞ KÜME EVLER;sokak;702695011
ERZURUM;ŞENKAYA;YUKARI;UĞUR YOLU CADDE;cadde;46485
ERZURUM;ŞENKAYA;YUKARI;YEDİ NİSAN YOLU CADDE;cadde;46486
ERZURUM;ŞENKAYA;YUKARIBAKRAÇLI;MERKEZ KÜME EVLER;sokak;174501310
ERZURUM;ŞENKAYA;YUKARIBAKRAÇLI;YUKARIBAKRAÇLI KÜME EVLER;sokak;558439
ERZURUM;ŞENKAYA;YÜNÖREN;AKŞAR CADDE;cadde;655842940
ERZURUM;ŞENKAYA;YÜNÖREN;TEKETAŞ KÜME EVLER;sokak;702695010
ERZURUM;ŞENKAYA;YÜNÖREN;YÜNÖREN KÜME EVLER;sokak;535345
ERZURUM;ŞENKAYA;YÜNÖREN;YÜNÖREN1 CADDE;cadde;927152260
ERZURUM;ŞENKAYA;YÜREKLİ;BEŞPINARLAR KÜME EVLER;sokak;592165070
ERZURUM;ŞENKAYA;YÜREKLİ;KÖROĞLU KÜME EVLER;sokak;357400590
ERZURUM;ŞENKAYA;YÜREKLİ;YÜREKLİ KÜME EVLER;sokak;554442
ERZURUM;ŞENKAYA;ZÜMRÜT;ZÜMRÜT KÜME EVLER;sokak;572135
ERZURUM;TEKMAN;AĞCAKOCA;AĞCAKOCA KÜME EVLER;sokak;546596
ERZURUM;TEKMAN;AĞCAKOCA;KILLİ SOKAK;sokak;551771
ERZURUM;TEKMAN;AĞCAKOCA;MUSA KÜME EVLER;sokak;556114
ERZURUM;TEKMAN;AKDAĞ;AKDAĞ1 KÜME EVLER;sokak;533597
ERZURUM;TEKMAN;AKDAMAR;AKDAMAR KÜME EVLER;sokak;548229
ERZURUM;TEKMAN;AKPINAR;AKPINAR KÜME EVLER;sokak;548259
ERZURUM;TEKMAN;AKPINAR;H. MEHMET KÜME EVLER;sokak;548263
ERZURUM;TEKMAN;AKPINAR;MÜMİN KÜME EVLER;sokak;548262
ERZURUM;TEKMAN;AKPINAR;RUTO KÜME EVLER;sokak;548260
ERZURUM;TEKMAN;ALABAYIR;AKDAMAR KÜME EVLER;sokak;251271011
ERZURUM;TEKMAN;ALABAYIR;ALABAYIR KÜME EVLER;sokak;377036
ERZURUM;TEKMAN;ALABAYIR;ALABAYIR/1 KÜME EVLER;sokak;937061091
ERZURUM;TEKMAN;ALABAYIR;TURNAGÖL KÜME EVLER;sokak;526212400
ERZURUM;TEKMAN;AŞAĞIHANBEYİ;AŞAĞIHANBEYİ KÜME EVLER;sokak;36639
ERZURUM;TEKMAN;AŞAĞITEPECİK;AŞAĞITEPECİK KÜME EVLER;sokak;388452
ERZURUM;TEKMAN;AYDINLI;AYDINLI KÜME EVLER;sokak;533648
ERZURUM;TEKMAN;AYDINLIK;1. AYDIN SOKAK;sokak;610311180
ERZURUM;TEKMAN;AYDINLIK;17. SOKAK;sokak;760100241
ERZURUM;TEKMAN;AYDINLIK;18. SOKAK;sokak;829517401
ERZURUM;TEKMAN;AYDINLIK;19. SOKAK;sokak;266499881
ERZURUM;TEKMAN;AYDINLIK;2. AYDIN SOKAK;sokak;116908151
ERZURUM;TEKMAN;AYDINLIK;20. SOKAK;sokak;569457771
ERZURUM;TEKMAN;AYDINLIK;21. SOKAK;sokak;154307391
ERZURUM;TEKMAN;AYDINLIK;22. SOKAK;sokak;967668371
ERZURUM;TEKMAN;AYDINLIK;23. SOKAK;sokak;410104711
ERZURUM;TEKMAN;AYDINLIK;24. SOKAK;sokak;573478411
ERZURUM;TEKMAN;AYDINLIK;25. SOKAK;sokak;469581871
ERZURUM;TEKMAN;AYDINLIK;26. SOKAK;sokak;369709111
ERZURUM;TEKMAN;AYDINLIK;27. SOKAK;sokak;357818061
ERZURUM;TEKMAN;AYDINLIK;28. SOKAK;sokak;303443601
ERZURUM;TEKMAN;AYDINLIK;29. SOKAK;sokak;371925071
ERZURUM;TEKMAN;AYDINLIK;3. AYDIN SOKAK;sokak;389949501
ERZURUM;TEKMAN;AYDINLIK;30. SOKAK;sokak;469909091
ERZURUM;TEKMAN;AYDINLIK;31. SOKAK;sokak;915730631
ERZURUM;TEKMAN;AYDINLIK;32. SOKAK;sokak;690770891
ERZURUM;TEKMAN;AYDINLIK;5. AYDIN SOKAK;sokak;422903041
ERZURUM;TEKMAN;AYDINLIK;6. AYDIN SOKAK;sokak;364117180
ERZURUM;TEKMAN;AYDINLIK;AYDIN SOKAK;sokak;745046
ERZURUM;TEKMAN;AYDINLIK;CUMHURİYET CADDE;cadde;30883466
ERZURUM;TEKMAN;AYDINLIK;DEMİREL CADDE;cadde;207845341
ERZURUM;TEKMAN;AYDINLIK;SIRT SOKAK;sokak;158967640
ERZURUM;TEKMAN;BEŞDERE;BEŞDERE KÜME EVLER;sokak;527029
ERZURUM;TEKMAN;BEYKÖY;AĞA KÜME EVLER;sokak;545686
ERZURUM;TEKMAN;BEYKÖY;BEYKÖY KÜME EVLER;sokak;548264
ERZURUM;TEKMAN;BEYKÖY;DİLAVER KÜME EVLER;sokak;548650
ERZURUM;TEKMAN;CİHAN;1. CİHAN SOKAK;sokak;475881570
ERZURUM;TEKMAN;CİHAN;1. ESKİ CAMİ SOKAK;sokak;347428170
ERZURUM;TEKMAN;CİHAN;15. SOKAK;sokak;690514491
ERZURUM;TEKMAN;CİHAN;2. AYDIN SOKAK;sokak;116908150
ERZURUM;TEKMAN;CİHAN;2. CİHAN SOKAK;sokak;219695480
ERZURUM;TEKMAN;CİHAN;22. SOKAK;sokak;783636031
ERZURUM;TEKMAN;CİHAN;3. CİHAN SOKAK;sokak;415426890
ERZURUM;TEKMAN;CİHAN;4. CİHAN SOKAK;sokak;807116091
ERZURUM;TEKMAN;CİHAN;5. CİHAN SOKAK;sokak;402817431
ERZURUM;TEKMAN;CİHAN;CİHAN KÜME EVLERİ SOKAK;sokak;45231
ERZURUM;TEKMAN;CİHAN;CUMHURİYET CADDE;cadde;18867663
ERZURUM;TEKMAN;ÇAĞLAR;ÇAĞLAR1 KÜME EVLER;sokak;524045
ERZURUM;TEKMAN;ÇATAK;ÇATAK KÜME EVLER;sokak;586997
ERZURUM;TEKMAN;ÇATAK;ELBAŞI KÜME EVLER;sokak;579484
ERZURUM;TEKMAN;ÇATKALE;ÇATKALE KÜME EVLER;sokak;524046
ERZURUM;TEKMAN;ÇAYIRDAĞI;ÇAĞLAR1 KÜME EVLER;sokak;745951170
ERZURUM;TEKMAN;ÇAYIRDAĞI;ÇAYIRDAĞI KÜME EVLER;sokak;555442
ERZURUM;TEKMAN;ÇEVİRME;1. ÇEVİRME SOKAK;sokak;385707841
ERZURUM;TEKMAN;ÇEVİRME;10. ÇEVİRME SOKAK;sokak;441048261
ERZURUM;TEKMAN;ÇEVİRME;11. ÇEVİRME SOKAK;sokak;352144931
ERZURUM;TEKMAN;ÇEVİRME;12. ÇEVİRME SOKAK;sokak;469740691
ERZURUM;TEKMAN;ÇEVİRME;2. ÇEVİRME SOKAK;sokak;330261541
ERZURUM;TEKMAN;ÇEVİRME;3. ÇEVİRME SOKAK;sokak;253740751
ERZURUM;TEKMAN;ÇEVİRME;4. ÇEVİRME SOKAK;sokak;955504551
ERZURUM;TEKMAN;ÇEVİRME;5. ÇEVİRME SOKAK;sokak;870540111
ERZURUM;TEKMAN;ÇEVİRME;6. ÇEVİRME SOKAK;sokak;469016331
ERZURUM;TEKMAN;ÇEVİRME;7. ÇEVİRME SOKAK;sokak;216440831
ERZURUM;TEKMAN;ÇEVİRME;8. ÇEVİRME SOKAK;sokak;928294231
ERZURUM;TEKMAN;ÇEVİRME;9. ÇEVİRME SOKAK;sokak;240419561
ERZURUM;TEKMAN;ÇEVİRME;AĞA KÜME EVLER;sokak;304144451
ERZURUM;TEKMAN;ÇEVİRME;AKARSU KÜME EVLER;sokak;529957
ERZURUM;TEKMAN;ÇEVİRME;ÇEVİRME KÜME EVLER;sokak;535580
ERZURUM;TEKMAN;ÇEVİRME;GEÇİT SOKAK;sokak;540768
ERZURUM;TEKMAN;ÇEVİRME;HANDEKAN KÜME EVLER;sokak;125185
ERZURUM;TEKMAN;ÇEVİRME;KARLICA- SOKAK;sokak;535340
ERZURUM;TEKMAN;ÇEVİRME;TEKTAŞ SOKAK;sokak;531037
ERZURUM;TEKMAN;ÇEVİRME;TORBALI KÜME EVLER;sokak;533593
ERZURUM;TEKMAN;ÇEVİRME;YİĞİTLER KÜME EVLER;sokak;531216
ERZURUM;TEKMAN;ÇİÇEKDAĞI;ÇIRIK KÜME EVLER;sokak;553621
ERZURUM;TEKMAN;ÇİÇEKDAĞI;ÇİÇEKDAĞI KÜME EVLER;sokak;35388
ERZURUM;TEKMAN;ÇİÇEKDAĞI;MUCİN KÜME EVLER;sokak;786615190
ERZURUM;TEKMAN;ÇİÇEKDAĞI;SIĞICIK- SOKAK;sokak;553601
ERZURUM;TEKMAN;ÇİÇEKDAĞI;SOĞUCAK KÜME EVLER;sokak;551371
ERZURUM;TEKMAN;ÇUKURYAYLA;BEŞDERE KÜME EVLER;sokak;516588130
ERZURUM;TEKMAN;ÇUKURYAYLA;ÇUKURYAYLA KÜME EVLER;sokak;566378
ERZURUM;TEKMAN;ÇUKURYAYLA;SAYANLAR KÜME EVLER;sokak;580184
ERZURUM;TEKMAN;ÇUKURYAYLA;ŞEKERLER KÜME EVLER;sokak;580181
ERZURUM;TEKMAN;DALSÖĞÜT;DALSÖĞÜT KÜME EVLER;sokak;590246
ERZURUM;TEKMAN;DALSÖĞÜT;GÖKOĞLAN KÜME EVLER;sokak;926548961
ERZURUM;TEKMAN;DELİLER;DELİLER KÜME EVLER;sokak;531430
ERZURUM;TEKMAN;DENGİZ;DENGİZ KÜME EVLER;sokak;548001
ERZURUM;TEKMAN;DÜZYURT;DÜZYURT KÜME EVLER;sokak;548488
ERZURUM;TEKMAN;DÜZYURT;TAZEKÖY KÜME EVLER;sokak;547460
ERZURUM;TEKMAN;ERENCE;ERENCE KÜME EVLER;sokak;552261
ERZURUM;TEKMAN;GEÇİTKÖY;1. GEÇİTKÖY SOKAK;sokak;712372911
ERZURUM;TEKMAN;GEÇİTKÖY;10. GEÇİTKÖY SOKAK;sokak;687584401
ERZURUM;TEKMAN;GEÇİTKÖY;2. GEÇİTKÖY SOKAK;sokak;308938611
ERZURUM;TEKMAN;GEÇİTKÖY;3.GEÇİTKÖY SOKAK;sokak;871651711
ERZURUM;TEKMAN;GEÇİTKÖY;4. GEÇİTKÖY SOKAK;sokak;438047981
ERZURUM;TEKMAN;GEÇİTKÖY;5. GEÇİTKÖY SOKAK;sokak;153395001
ERZURUM;TEKMAN;GEÇİTKÖY;6. GEÇİTKÖY SOKAK;sokak;217329951
ERZURUM;TEKMAN;GEÇİTKÖY;7. GEÇİTKÖY SOKAK;sokak;370530631
ERZURUM;TEKMAN;GEÇİTKÖY;8. GEÇİTKÖY SOKAK;sokak;197329321
ERZURUM;TEKMAN;GEÇİTKÖY;9.GEÇİTKÖY SOKAK;sokak;497525381
ERZURUM;TEKMAN;GEÇİTKÖY;ÇAKALOK KÜME EVLER;sokak;343489
ERZURUM;TEKMAN;GEÇİTKÖY;GEÇİTKÖY KÜME EVLER;sokak;543041
ERZURUM;TEKMAN;GEÇİTKÖY;HASAN AĞA KÜME EVLER;sokak;469618
ERZURUM;TEKMAN;GEÇİTKÖY;İNCESU KÜME EVLER;sokak;469654
ERZURUM;TEKMAN;GÖKOĞLAN;GÖKOĞLAN KÜME EVLER;sokak;308364
ERZURUM;TEKMAN;GÖKOĞLAN;GÖKOĞLAN1 SOKAK;sokak;645153980
ERZURUM;TEKMAN;GÖKOĞLAN;GÖKOĞLAN2 SOKAK;sokak;737348400
ERZURUM;TEKMAN;GÖKOĞLAN;GÖKOĞLAN3 SOKAK;sokak;158382041
ERZURUM;TEKMAN;GÖKOĞLAN;GÖKOĞLAN4 SOKAK;sokak;589965540
ERZURUM;TEKMAN;GÖKOĞLAN;GÖKOĞLAN5 SOKAK;sokak;595155280
ERZURUM;TEKMAN;GÖZLÜCE;GÖZLÜCE KÜME EVLER;sokak;585924
ERZURUM;TEKMAN;GÜLVEREN;ÇİÇEKDAĞI KÜME EVLER;sokak;633265811
ERZURUM;TEKMAN;GÜLVEREN;GÜLVEREN KÜME EVLER;sokak;589275
ERZURUM;TEKMAN;GÜLVEREN;KÖRSU KÜME EVLER;sokak;239016711
ERZURUM;TEKMAN;GÜLVEREN;TOPÇULAR KÜME EVLER;sokak;591398
ERZURUM;TEKMAN;GÜMÜŞLÜK;1. GÜMÜŞLÜK SOKAK;sokak;556293231
ERZURUM;TEKMAN;GÜMÜŞLÜK;2. GÜMÜŞLÜK SOKAK;sokak;759415421
ERZURUM;TEKMAN;GÜMÜŞLÜK;3. GÜMÜŞLÜK SOKAK;sokak;829694291
ERZURUM;TEKMAN;GÜMÜŞLÜK;4. GÜMÜŞLÜK SOKAK;sokak;737226391
ERZURUM;TEKMAN;GÜMÜŞLÜK;5. GÜMÜŞLÜK SOKAK;sokak;327803481
ERZURUM;TEKMAN;GÜMÜŞLÜK;6. GÜMÜŞLÜK SOKAK;sokak;294221851
ERZURUM;TEKMAN;GÜMÜŞLÜK;7. GÜMÜŞLÜK SOKAK;sokak;352457941
ERZURUM;TEKMAN;GÜMÜŞLÜK;ÇATKALE KÜME EVLER;sokak;178020830
ERZURUM;TEKMAN;GÜMÜŞLÜK;GÜMÜŞLÜK KÜME EVLER;sokak;595082
ERZURUM;TEKMAN;GÜNDAMI;GÜNDAMI KÜME EVLER;sokak;585501
ERZURUM;TEKMAN;GÜNEŞLİ;GÜNEŞLİ KÜME EVLER;sokak;587883
ERZURUM;TEKMAN;GÜRGÜR;GÜRGÜR KÜME EVLER;sokak;595070
ERZURUM;TEKMAN;GÜZELDERE;GÖZLÜCE KÜME EVLER;sokak;534848610
ERZURUM;TEKMAN;GÜZELDERE;GÜZELDERE KÜME EVLER;sokak;598084
ERZURUM;TEKMAN;HACIÖMER;GÜLVEREN KÜME EVLER;sokak;821299410
ERZURUM;TEKMAN;HACIÖMER;HACIÖMER KÜME EVLER;sokak;578521
ERZURUM;TEKMAN;HACIÖMER;İNCETAŞ SOKAK;sokak;595431
ERZURUM;TEKMAN;HAMZALAR;BİLİNMEYEN4 SOKAK;sokak;281949591
ERZURUM;TEKMAN;HAMZALAR;BİLİNMEYEN5 SOKAK;sokak;370584840
ERZURUM;TEKMAN;HAMZALAR;DOĞRUYOL KÜME EVLER;sokak;591443
ERZURUM;TEKMAN;HAMZALAR;HAMZALAR KÜME EVLER;sokak;591434
ERZURUM;TEKMAN;HÜRRİYET;1. SOKAK;sokak;725526230
ERZURUM;TEKMAN;HÜRRİYET;2. SOKAK;sokak;774679911
ERZURUM;TEKMAN;HÜRRİYET;45. SOKAK;sokak;758941541
ERZURUM;TEKMAN;HÜRRİYET;46. SOKAK;sokak;869775191
ERZURUM;TEKMAN;HÜRRİYET;47. SOKAK;sokak;622047971
ERZURUM;TEKMAN;HÜRRİYET;48. SOKAK;sokak;555299861
ERZURUM;TEKMAN;HÜRRİYET;49. SOKAK;sokak;625051021
ERZURUM;TEKMAN;HÜRRİYET;53. SOKAK;sokak;762225951
ERZURUM;TEKMAN;HÜRRİYET;54. SOKAK;sokak;351423711
ERZURUM;TEKMAN;HÜRRİYET;57. SOKAK;sokak;254022231
ERZURUM;TEKMAN;HÜRRİYET;6. AYDIN SOKAK;sokak;269997630
ERZURUM;TEKMAN;HÜRRİYET;60. SOKAK;sokak;495819601
ERZURUM;TEKMAN;HÜRRİYET;62. SOKAK;sokak;216350321
ERZURUM;TEKMAN;HÜRRİYET;63. SOKAK;sokak;253720531
ERZURUM;TEKMAN;HÜRRİYET;64. SOKAK;sokak;804513471
ERZURUM;TEKMAN;HÜRRİYET;66. SOKAK;sokak;737815511
ERZURUM;TEKMAN;HÜRRİYET;68. SOKAK;sokak;437273951
ERZURUM;TEKMAN;HÜRRİYET;69. SOKAK;sokak;253313981
ERZURUM;TEKMAN;HÜRRİYET;7. SOKAK;sokak;106132300
ERZURUM;TEKMAN;HÜRRİYET;70. SOKAK;sokak;657929881
ERZURUM;TEKMAN;HÜRRİYET;71. SOKAK;sokak;370435931
ERZURUM;TEKMAN;HÜRRİYET;BAYINDIRLIK CADDE;cadde;463192651
ERZURUM;TEKMAN;HÜRRİYET;ÇAY MEVKİ KÜME EVLERİ SOKAK;sokak;367614
ERZURUM;TEKMAN;HÜRRİYET;ÇAY MEVKİ KÜME EVLERİ1 SOKAK;sokak;586372651
ERZURUM;TEKMAN;HÜRRİYET;ÇAY MEVKİ KÜME EVLERİ2 SOKAK;sokak;537127740
ERZURUM;TEKMAN;HÜRRİYET;ÇAY MEVKİ KÜME EVLERİ3 SOKAK;sokak;383805560
ERZURUM;TEKMAN;HÜRRİYET;DELİLER KÜME EVLER;sokak;215975880
ERZURUM;TEKMAN;HÜRRİYET;ŞEHİT ÖZGÜR OCAK CADDE;cadde;726987640
ERZURUM;TEKMAN;HÜRRİYET;TUZLA KÜME EVLERİ SOKAK;sokak;45232
ERZURUM;TEKMAN;HÜRRİYET;TUZLA KÜME EVLERİ1 SOKAK;sokak;937354961
ERZURUM;TEKMAN;HÜRRİYET;VALİ DERYA KADIOĞLU CADDE;cadde;612668960
ERZURUM;TEKMAN;HÜRRİYET;Y.İ.B.O KÜME EVLERİ SOKAK;sokak;45233
ERZURUM;TEKMAN;HÜSEYİNAĞA;HÜSEYİNAĞA KÜME EVLER;sokak;591432
ERZURUM;TEKMAN;ILIGÖZE;ÇERMİK KÜME EVLER;sokak;598107
ERZURUM;TEKMAN;ILIGÖZE;ILIGÖZE KÜME EVLER;sokak;591444
ERZURUM;TEKMAN;IŞIKLAR;IŞIKLAR KÜME EVLER;sokak;533761
ERZURUM;TEKMAN;İNCESU;İNCESU1 KÜME EVLER;sokak;547002
ERZURUM;TEKMAN;İSMETPAŞA;1. ESKİ CAMİ SOKAK;sokak;347428171
ERZURUM;TEKMAN;İSMETPAŞA;1. SIRT SOKAK;sokak;753457100
ERZURUM;TEKMAN;İSMETPAŞA;11. CADDE;cadde;48577324
ERZURUM;TEKMAN;İSMETPAŞA;15. SOKAK;sokak;496035901
ERZURUM;TEKMAN;İSMETPAŞA;16. SOKAK;sokak;314699501
ERZURUM;TEKMAN;İSMETPAŞA;2. AYDIN SOKAK;sokak;718134221
ERZURUM;TEKMAN;İSMETPAŞA;2. SIRT SOKAK;sokak;777151260
ERZURUM;TEKMAN;İSMETPAŞA;ATATÜRK CADDE;cadde;45234
ERZURUM;TEKMAN;İSMETPAŞA;AYDIN SOKAK;sokak;22761753
ERZURUM;TEKMAN;İSMETPAŞA;CAMİİ CADDE;cadde;45235
ERZURUM;TEKMAN;İSMETPAŞA;CUMHURİYET CADDE;cadde;45236
ERZURUM;TEKMAN;İSMETPAŞA;ÇAM SOKAK;sokak;662690440
ERZURUM;TEKMAN;İSMETPAŞA;ÇINAR SOKAK;sokak;747402
ERZURUM;TEKMAN;İSMETPAŞA;DEMİRCİLER SOKAK;sokak;744633
ERZURUM;TEKMAN;İSMETPAŞA;DEMİREL CADDE;cadde;237767
ERZURUM;TEKMAN;İSMETPAŞA;ESKİ CAMİİ SOKAK;sokak;744634
ERZURUM;TEKMAN;İSMETPAŞA;GÜLOĞLU SOKAK;sokak;801375160
ERZURUM;TEKMAN;İSMETPAŞA;SIRT SOKAK;sokak;45237
ERZURUM;TEKMAN;İSMETPAŞA;ŞEHİT MEHMET YAĞMUR CADDE;cadde;45238
ERZURUM;TEKMAN;İSMETPAŞA;ŞEHİT ÖZGÜR OCAK CADDE;cadde;45239
ERZURUM;TEKMAN;İSMETPAŞA;VALİ DERYA KADIOĞLU CADDE;cadde;237763
ERZURUM;TEKMAN;KALAYCI;KALAYCI KÜME EVLER;sokak;545373
ERZURUM;TEKMAN;KARAPINAR;KARAPINAR KÜME EVLER;sokak;527623
ERZURUM;TEKMAN;KARATAŞ;KARATAŞ KÜME EVLER;sokak;546495
ERZURUM;TEKMAN;KARATEPE;AŞAĞIHANBEYİ KÜME EVLER;sokak;680286791
ERZURUM;TEKMAN;KARATEPE;IŞIKLAR KÜME EVLER;sokak;576096871
ERZURUM;TEKMAN;KARATEPE;İNCESU1 KÜME EVLER;sokak;948360530
ERZURUM;TEKMAN;KARATEPE;KARATEPE KÜME EVLER;sokak;548236
ERZURUM;TEKMAN;KARLICA;KARLICA KÜME EVLER;sokak;393457
ERZURUM;TEKMAN;KATRANLI;KATRANLI KÜME EVLER;sokak;391719
ERZURUM;TEKMAN;KAYABOĞAZ;KAYABOĞAZ KÜME EVLER;sokak;552075
ERZURUM;TEKMAN;KAZANCIK;ÇAĞLAR1 KÜME EVLER;sokak;904543231
ERZURUM;TEKMAN;KAZANCIK;KAZANCIK KÜME EVLER;sokak;559160
ERZURUM;TEKMAN;KIRIKAN;KIRIKAN B.M KÜME EVLER;sokak;590749
ERZURUM;TEKMAN;KIRIKAN;YAMANLAR KÜME EVLER;sokak;585953
ERZURUM;TEKMAN;KIRIKAN;YÜZBAŞI KÜME EVLER;sokak;585978
ERZURUM;TEKMAN;KOÇYAYLA;BİLEZİK KÜME EVLER;sokak;270942
ERZURUM;TEKMAN;KOÇYAYLA;BİLİNMEYEN12 KÜME EVLER;sokak;128763220
ERZURUM;TEKMAN;KOÇYAYLA;KOÇYAYLA KÜME EVLER;sokak;551940
ERZURUM;TEKMAN;KOÇYAYLA;OYMATAŞ KÜME EVLER;sokak;39919
ERZURUM;TEKMAN;KOÇYAYLA;USLU KÜME EVLER;sokak;401500
ERZURUM;TEKMAN;KÖRSU;ADAKLI SOKAK;sokak;550101
ERZURUM;TEKMAN;KÖRSU;BİLİNMEYEN13 SOKAK;sokak;693566810
ERZURUM;TEKMAN;KÖRSU;DERVİŞ KÜME EVLER;sokak;550103
ERZURUM;TEKMAN;KÖRSU;GÜLVEREN KÜME EVLER;sokak;483144130
ERZURUM;TEKMAN;KÖRSU;İSA KOM KÜME EVLER;sokak;557837
ERZURUM;TEKMAN;KÖRSU;KILLI KÜME EVLER;sokak;392232
ERZURUM;TEKMAN;KÖRSU;KÖRSU KÜME EVLER;sokak;545403
ERZURUM;TEKMAN;KÖRSU;MUCİN KÜME EVLER;sokak;392233
ERZURUM;TEKMAN;KURUCA;KURUCA KÜME EVLER;sokak;531925
ERZURUM;TEKMAN;KÜLLÜ;AİT MEZRASI KÜME EVLER;sokak;557505
ERZURUM;TEKMAN;KÜLLÜ;ÇEVİRME KÜME EVLER;sokak;236517481
ERZURUM;TEKMAN;KÜLLÜ;KÜLLÜ KÜME EVLER;sokak;555189
ERZURUM;TEKMAN;KÜLLÜ;MUSA MEZRASI KÜME EVLER;sokak;348759
ERZURUM;TEKMAN;KÜLLÜ;NECMETTİN- SOKAK;sokak;558383
ERZURUM;TEKMAN;KÜLLÜ;ŞAKŞAK KÜME EVLER;sokak;140759640
ERZURUM;TEKMAN;MESCİTLİ;ERENCE KÜME EVLER;sokak;827809091
ERZURUM;TEKMAN;MESCİTLİ;KALAYCI KÜME EVLER;sokak;136434240
ERZURUM;TEKMAN;MESCİTLİ;MESCİTLİ KÜME EVLER;sokak;531029
ERZURUM;TEKMAN;MESCİTLİ;MESCİTLİ1 SOKAK;sokak;181535361
ERZURUM;TEKMAN;MESCİTLİ;MESCİTLİ2 SOKAK;sokak;114567790
ERZURUM;TEKMAN;MESCİTLİ;MESCİTLİ3 SOKAK;sokak;203973030
ERZURUM;TEKMAN;MOLLAMEHMET;AKPINAR KÜME EVLER;sokak;708140580
ERZURUM;TEKMAN;MOLLAMEHMET;MOLLAMEHMET KÜME EVLER;sokak;539083
ERZURUM;TEKMAN;SUSUZ;ÇATAK KÜME EVLER;sokak;227140181
ERZURUM;TEKMAN;SUSUZ;ÇEVİRME KÜME EVLER;sokak;441183540
ERZURUM;TEKMAN;SUSUZ;MOLLAMEHMET KÜME EVLER;sokak;795328671
ERZURUM;TEKMAN;SUSUZ;SUSUZ KÜME EVLER;sokak;532462
ERZURUM;TEKMAN;ŞAKŞAK;ŞAKŞAK KÜME EVLER;sokak;525810
ERZURUM;TEKMAN;TAŞKESEN;HACIMETER KÜME EVLER;sokak;562782
ERZURUM;TEKMAN;TAŞKESEN;KATRANLI KÜME EVLER;sokak;155479200
ERZURUM;TEKMAN;TAŞKESEN;ŞAHVEKAT KÜME EVLER;sokak;552497
ERZURUM;TEKMAN;TAŞKESEN;TAŞKESEN KÜME EVLER;sokak;538492
ERZURUM;TEKMAN;TOPTEPE;TOPTEPE KÜME EVLER;sokak;562785
ERZURUM;TEKMAN;TURNAGÖL;DALSÖĞÜT KÜME EVLER;sokak;502786701
ERZURUM;TEKMAN;TURNAGÖL;TURNAGÖL KÜME EVLER;sokak;538799
ERZURUM;TEKMAN;VATAN;10. SOKAK;sokak;203167580
ERZURUM;TEKMAN;VATAN;11. CADDE;cadde;985517
ERZURUM;TEKMAN;VATAN;12. SOKAK;sokak;448938570
ERZURUM;TEKMAN;VATAN;13. SOKAK;sokak;825675611
ERZURUM;TEKMAN;VATAN;14. SOKAK;sokak;428701620
ERZURUM;TEKMAN;VATAN;2. SOKAK;sokak;714742411
ERZURUM;TEKMAN;VATAN;2. VATAN SOKAK;sokak;162522641
ERZURUM;TEKMAN;VATAN;3. SOKAK;sokak;318287000
ERZURUM;TEKMAN;VATAN;33. SOKAK;sokak;925977311
ERZURUM;TEKMAN;VATAN;34. SOKAK;sokak;762708751
ERZURUM;TEKMAN;VATAN;35. SOKAK;sokak;594993841
ERZURUM;TEKMAN;VATAN;36. SOKAK;sokak;472580901
ERZURUM;TEKMAN;VATAN;37. SOKAK;sokak;440991661
ERZURUM;TEKMAN;VATAN;38. SOKAK;sokak;326463251
ERZURUM;TEKMAN;VATAN;39. SOKAK;sokak;511723101
ERZURUM;TEKMAN;VATAN;4. SOKAK;sokak;204771961
ERZURUM;TEKMAN;VATAN;4. VATAN SOKAK;sokak;399211760
ERZURUM;TEKMAN;VATAN;40. SOKAK;sokak;784126811
ERZURUM;TEKMAN;VATAN;41. SOKAK;sokak;466538121
ERZURUM;TEKMAN;VATAN;42. SOKAK;sokak;253814841
ERZURUM;TEKMAN;VATAN;43. SOKAK;sokak;955312321
ERZURUM;TEKMAN;VATAN;44. SOKAK;sokak;952374751
ERZURUM;TEKMAN;VATAN;45. SOKAK;sokak;712659461
ERZURUM;TEKMAN;VATAN;5. SOKAK;sokak;881577970
ERZURUM;TEKMAN;VATAN;5. VATAN SOKAK;sokak;305449361
ERZURUM;TEKMAN;VATAN;50. SOKAK;sokak;470553631
ERZURUM;TEKMAN;VATAN;51. SOKAK;sokak;869915361
ERZURUM;TEKMAN;VATAN;52. SOKAK;sokak;758265451
ERZURUM;TEKMAN;VATAN;53. SOKAK;sokak;241137141
ERZURUM;TEKMAN;VATAN;55. SOKAK;sokak;885899401
ERZURUM;TEKMAN;VATAN;56. SOKAK;sokak;275443031
ERZURUM;TEKMAN;VATAN;57. SOKAK;sokak;591028061
ERZURUM;TEKMAN;VATAN;58. SOKAK;sokak;437913591
ERZURUM;TEKMAN;VATAN;59. SOKAK;sokak;350488261
ERZURUM;TEKMAN;VATAN;6. SOKAK;sokak;735257761
ERZURUM;TEKMAN;VATAN;6. VATAN SOKAK;sokak;809766161
ERZURUM;TEKMAN;VATAN;60. SOKAK;sokak;371050041
ERZURUM;TEKMAN;VATAN;61. SOKAK;sokak;678822661
ERZURUM;TEKMAN;VATAN;62. SOKAK;sokak;197217371
ERZURUM;TEKMAN;VATAN;64. SOKAK;sokak;147451371
ERZURUM;TEKMAN;VATAN;65. SOKAK;sokak;437222481
ERZURUM;TEKMAN;VATAN;66. SOKAK;sokak;306906711
ERZURUM;TEKMAN;VATAN;67. SOKAK;sokak;594380281
ERZURUM;TEKMAN;VATAN;68. SOKAK;sokak;175612671
ERZURUM;TEKMAN;VATAN;7. SOKAK;sokak;106132301
ERZURUM;TEKMAN;VATAN;7. VATAN SOKAK;sokak;396490900
ERZURUM;TEKMAN;VATAN;8. SOKAK;sokak;245488931
ERZURUM;TEKMAN;VATAN;8. VATAN SOKAK;sokak;149636230
ERZURUM;TEKMAN;VATAN;9. SOKAK;sokak;567447820
ERZURUM;TEKMAN;VATAN;9. VATAN SOKAK;sokak;406291641
ERZURUM;TEKMAN;VATAN;ATATÜRK CADDE;cadde;198509
ERZURUM;TEKMAN;VATAN;BANKA SOKAK;sokak;743417
ERZURUM;TEKMAN;VATAN;BAYINDIRLIK CADDE;cadde;892517
ERZURUM;TEKMAN;VATAN;BAYINDIRLIK KÜME EVLERİ- KÜME EVLER;sokak;892537
ERZURUM;TEKMAN;VATAN;CEZAEVİ SOKAK;sokak;744635
ERZURUM;TEKMAN;VATAN;ÇİÇEK SOKAK;sokak;875854691
ERZURUM;TEKMAN;VATAN;DEMİRCİLER SOKAK;sokak;744637
ERZURUM;TEKMAN;VATAN;ERENCE KÜME EVLER;sokak;784310460
ERZURUM;TEKMAN;VATAN;GÜLOĞLU SOKAK;sokak;747403
ERZURUM;TEKMAN;VATAN;KARAGÖL SOKAK;sokak;747404
ERZURUM;TEKMAN;VATAN;KARANFİL SOKAK;sokak;747405
ERZURUM;TEKMAN;VATAN;KILIÇ SOKAK;sokak;747724
ERZURUM;TEKMAN;VATAN;MENEKŞE SOKAK;sokak;744638
ERZURUM;TEKMAN;VATAN;P.T.T. SOKAK;sokak;747725
ERZURUM;TEKMAN;VATAN;SADAKAT SOKAK;sokak;747726
ERZURUM;TEKMAN;VATAN;ŞEHİT MEHMET YAĞMUR CADDE;cadde;840029891
ERZURUM;TEKMAN;VATAN;ŞEHİT ÖZGÜR OCAK CADDE;cadde;387782960
ERZURUM;TEKMAN;VATAN;VALİ DERYA KADIOĞLU CADDE;cadde;207723
ERZURUM;TEKMAN;YALINCA;EĞRİ ÇAYIR KÜME EVLER;sokak;591445
ERZURUM;TEKMAN;YALINCA;İNCESU KÜME EVLER;sokak;492814470
ERZURUM;TEKMAN;YALINCA;KAYA KÜME EVLER;sokak;597175
ERZURUM;TEKMAN;YALINCA;YALINCA KÜME EVLER;sokak;598116
ERZURUM;TEKMAN;YERKÖY;AŞAĞITEPECİK KÜME EVLER;sokak;173948341
ERZURUM;TEKMAN;YERKÖY;MOLLAMEHMET KÜME EVLER;sokak;707890860
ERZURUM;TEKMAN;YERKÖY;SUSUZ KÜME EVLER;sokak;816949031
ERZURUM;TEKMAN;YERKÖY;YERKÖY KÜME EVLER;sokak;590126
ERZURUM;TEKMAN;YEŞİLÖREN;SUSUZ KÜME EVLER;sokak;595135230
ERZURUM;TEKMAN;YEŞİLÖREN;YEŞİLÖREN KÜME EVLER;sokak;596410
ERZURUM;TEKMAN;YİĞİTLER;YİĞİTLER1 KÜME EVLER;sokak;590137
ERZURUM;TEKMAN;YONCALI;YONCALI KÜME EVLER;sokak;343459
ERZURUM;TEKMAN;YUKARIHANBEYİ;AŞAĞIHANBEYİ KÜME EVLER;sokak;887601371
ERZURUM;TEKMAN;YUKARIHANBEYİ;YUKARIHANBEYİ KÜME EVLER;sokak;597027
ERZURUM;TEKMAN;YUKARITEPECİK;AŞAĞITEPECİK KÜME EVLER;sokak;330253131
ERZURUM;TEKMAN;YUKARITEPECİK;MÜMİN KÜME EVLER;sokak;406970621
ERZURUM;TEKMAN;YUKARITEPECİK;YUKARITEPECİK KÜME EVLER;sokak;590121
ERZURUM;TEKMAN;YUVAKLI;BİLİNMEYEN4 SOKAK;sokak;880591830
ERZURUM;TEKMAN;YUVAKLI;YEMİŞLİ KÜME EVLER;sokak;586243
ERZURUM;TEKMAN;YUVAKLI;YUVAKLI KÜME EVLER;sokak;586959
ERZURUM;TEKMAN;YÜCEPINAR;ERENCE KÜME EVLER;sokak;864968820
ERZURUM;TEKMAN;YÜCEPINAR;GÜZELDERE KÜME EVLER;sokak;762849910
ERZURUM;TEKMAN;YÜCEPINAR;YÜCEPINAR KÜME EVLER;sokak;317104
ERZURUM;TORTUM;AKBABA;AKBABA KÜME EVLER;sokak;522735
ERZURUM;TORTUM;AKSU;AKSU MERKEZ KÜME EVLER;sokak;562320
ERZURUM;TORTUM;AKSU;AKSU YAYLA KÜME EVLER;sokak;1472737
ERZURUM;TORTUM;AKSU;AŞAĞI MEYDANLAR KÜME EVLER;sokak;257298721
ERZURUM;TORTUM;AKSU;DEVEYATAĞI KÜME EVLER;sokak;552032
ERZURUM;TORTUM;AKTAŞ;AKTAŞ KÜME EVLER;sokak;526268
ERZURUM;TORTUM;AKTAŞ;SÖĞÜT 15 KÜME EVLER;sokak;350825440
ERZURUM;TORTUM;ALAPINAR;ALAPINAR KÜME EVLER;sokak;534650
ERZURUM;TORTUM;ALAPINAR;YAYLA KÜME EVLER;sokak;524074
ERZURUM;TORTUM;ALPARSLAN;1. CAMİ SOKAK;sokak;1472745
ERZURUM;TORTUM;ALPARSLAN;1. ŞEHİTLİK SOKAK;sokak;746776591
ERZURUM;TORTUM;ALPARSLAN;2. CAMİ SOKAK;sokak;1472747
ERZURUM;TORTUM;ALPARSLAN;2. ÇAMLI SOKAK;sokak;852007071
ERZURUM;TORTUM;ALPARSLAN;2. ŞEHİTLİK SOKAK;sokak;382326251
ERZURUM;TORTUM;ALPARSLAN;3. ŞEHİTLİK SOKAK;sokak;328595480
ERZURUM;TORTUM;ALPARSLAN;4. ŞEHİTLİK SOKAK;sokak;654562381
ERZURUM;TORTUM;ALPARSLAN;BEYAZ SOKAK;sokak;210509841
ERZURUM;TORTUM;ALPARSLAN;CAMİİ SOKAK;sokak;686878
ERZURUM;TORTUM;ALPARSLAN;ÇAMLI SOKAK;sokak;682228
ERZURUM;TORTUM;ALPARSLAN;ÇEŞME SOKAK;sokak;1472695
ERZURUM;TORTUM;ALPARSLAN;DERE SOKAK;sokak;497320681
ERZURUM;TORTUM;ALPARSLAN;DURSUN TOSUN SOKAK;sokak;692192
ERZURUM;TORTUM;ALPARSLAN;ERZURUM CADDE;cadde;681765
ERZURUM;TORTUM;ALPARSLAN;İSTİKLAL CADDE;cadde;540143
ERZURUM;TORTUM;ALPARSLAN;KARŞI SOKAK;sokak;1472693
ERZURUM;TORTUM;ALPARSLAN;KIRMIZI SOKAK;sokak;287841550
ERZURUM;TORTUM;ALPARSLAN;MARAŞAL CADDE;cadde;687044
ERZURUM;TORTUM;ALPARSLAN;MAVİ SOKAK;sokak;182750571
ERZURUM;TORTUM;ALPARSLAN;MEBUS OSMAN ALİHOCAGİL CADDE;cadde;687449
ERZURUM;TORTUM;ALPARSLAN;NECMETTİN ERBAKAN SOKAK;sokak;1475419
ERZURUM;TORTUM;ALPARSLAN;ŞEHİT MUSTAFA KARACA SOKAK;sokak;373996980
ERZURUM;TORTUM;ALPARSLAN;ŞEHİT MÜCAHİT DAŞTAN SOKAK;sokak;869208731
ERZURUM;TORTUM;ALPARSLAN;ŞEHİTLİK SOKAK;sokak;690455
ERZURUM;TORTUM;ALPARSLAN;YENİ CAMİİ SOKAK;sokak;537890
ERZURUM;TORTUM;ARILI;ARILI KÜME EVLER;sokak;314886
ERZURUM;TORTUM;AŞAĞI SERDARLI;AĞA KÜME EVLER;sokak;567984
ERZURUM;TORTUM;AŞAĞI SERDARLI;AŞAĞI KÜÇÜKDERE KÜME EVLER;sokak;389240
ERZURUM;TORTUM;AŞAĞI SERDARLI;BAHÇECİK KÜME EVLER;sokak;564549
ERZURUM;TORTUM;AŞAĞI SERDARLI;BÜYÜKBAHÇE KÜME EVLER;sokak;396648
ERZURUM;TORTUM;AŞAĞI SERDARLI;ÇAMLITEPE KÜME EVLER;sokak;562877
ERZURUM;TORTUM;AŞAĞI SERDARLI;ELMALI1 KÜME EVLER;sokak;468169
ERZURUM;TORTUM;AŞAĞI SERDARLI;KALE1 KÜME EVLER;sokak;567962
ERZURUM;TORTUM;AŞAĞI SERDARLI;KALEYANI KÜME EVLER;sokak;570528
ERZURUM;TORTUM;AŞAĞI SERDARLI;KÜÇÜKDERE KÜME EVLER;sokak;560116
ERZURUM;TORTUM;AŞAĞI SERDARLI;ÜZÜMLÜ KÜME EVLER;sokak;561651
ERZURUM;TORTUM;AŞAĞI SERDARLI;YUKARI KÜÇÜKDERE KÜME EVLER;sokak;567471
ERZURUM;TORTUM;BAĞBAŞI;AĞAGİLİN SOKAK;sokak;1472711
ERZURUM;TORTUM;BAĞBAŞI;AKSU CADDE;cadde;546613
ERZURUM;TORTUM;BAĞBAŞI;AKSU/1 SOKAK;sokak;200676171
ERZURUM;TORTUM;BAĞBAŞI;AYVALI SOKAK;sokak;459866
ERZURUM;TORTUM;BAĞBAŞI;AYVAZ SOKAK;sokak;553050
ERZURUM;TORTUM;BAĞBAŞI;BADEM SOKAK;sokak;556179
ERZURUM;TORTUM;BAĞBAŞI;BAĞBAŞI BALLI SOKAK;sokak;547055
ERZURUM;TORTUM;BAĞBAŞI;BAĞBAŞI GÖKDERE SOKAK;sokak;677714
ERZURUM;TORTUM;BAĞBAŞI;BAĞBAŞI MEZARLIK SOKAK;sokak;1472801
ERZURUM;TORTUM;BAĞBAŞI;BAĞBAŞI YAYLA SOKAK;sokak;543364
ERZURUM;TORTUM;BAĞBAŞI;BAĞBAŞI1 SOKAK;sokak;626966791
ERZURUM;TORTUM;BAĞBAŞI;BAĞBAŞI10 SOKAK;sokak;395308861
ERZURUM;TORTUM;BAĞBAŞI;BAĞBAŞI11 SOKAK;sokak;129009161
ERZURUM;TORTUM;BAĞBAŞI;BAĞBAŞI5 SOKAK;sokak;467325330
ERZURUM;TORTUM;BAĞBAŞI;BAĞBAŞI9 SOKAK;sokak;762191530
ERZURUM;TORTUM;BAĞBAŞI;BAĞCILAR SOKAK;sokak;553049
ERZURUM;TORTUM;BAĞBAŞI;BAHÇE SOKAK;sokak;556178
ERZURUM;TORTUM;BAĞBAŞI;BAHÇELİ SOKAK;sokak;459868
ERZURUM;TORTUM;BAĞBAŞI;BİLİNMEYEN11 SOKAK;sokak;406293050
ERZURUM;TORTUM;BAĞBAŞI;BOŞNAK/2 SOKAK;sokak;224391940
ERZURUM;TORTUM;BAĞBAŞI;BOZKIR SOKAK;sokak;459873
ERZURUM;TORTUM;BAĞBAŞI;CAFER SOKAK;sokak;556698
ERZURUM;TORTUM;BAĞBAŞI;CEVİZLİ SOKAK;sokak;459872
ERZURUM;TORTUM;BAĞBAŞI;CUMHURİYET CADDE;cadde;459863
ERZURUM;TORTUM;BAĞBAŞI;ÇAĞLAYAN SOKAK;sokak;556182
ERZURUM;TORTUM;BAĞBAŞI;ÇAĞLAYAN/1 SOKAK;sokak;801216271
ERZURUM;TORTUM;BAĞBAŞI;ÇAVUŞOĞLU SOKAK;sokak;550469
ERZURUM;TORTUM;BAĞBAŞI;ÇİMEN SOKAK;sokak;550004
ERZURUM;TORTUM;BAĞBAŞI;DANZİK SOKAK;sokak;1472701
ERZURUM;TORTUM;BAĞBAŞI;DEĞİRMEN SOKAK;sokak;556692
ERZURUM;TORTUM;BAĞBAŞI;DURAK SOKAK;sokak;556700
ERZURUM;TORTUM;BAĞBAŞI;DURU SOKAK;sokak;553044
ERZURUM;TORTUM;BAĞBAŞI;ELMALI SOKAK;sokak;544077
ERZURUM;TORTUM;BAĞBAŞI;EROĞLULAR SOKAK;sokak;550459
ERZURUM;TORTUM;BAĞBAŞI;ESENTEPE SOKAK;sokak;316716
ERZURUM;TORTUM;BAĞBAŞI;FATİH SULTAN MEHMET CADDE;cadde;550457
ERZURUM;TORTUM;BAĞBAŞI;FATİH SULTAN MEHMET/1 SOKAK;sokak;480818140
ERZURUM;TORTUM;BAĞBAŞI;GÖZE SOKAK;sokak;550460
ERZURUM;TORTUM;BAĞBAŞI;GÜL SOKAK;sokak;555313
ERZURUM;TORTUM;BAĞBAŞI;GÜMÜŞ SOKAK;sokak;543366
ERZURUM;TORTUM;BAĞBAŞI;GÜNDÜZ SOKAK;sokak;547054
ERZURUM;TORTUM;BAĞBAŞI;GÜNEY SOKAK;sokak;546564
ERZURUM;TORTUM;BAĞBAŞI;GÜNEY1 SOKAK;sokak;525870371
ERZURUM;TORTUM;BAĞBAŞI;GÜVEN SOKAK;sokak;867271
ERZURUM;TORTUM;BAĞBAŞI;HACI BEKİR EFENDİ SOKAK;sokak;556699
ERZURUM;TORTUM;BAĞBAŞI;HALİTPAŞA CADDE;cadde;550465
ERZURUM;TORTUM;BAĞBAŞI;HASANAĞA SOKAK;sokak;547057
ERZURUM;TORTUM;BAĞBAŞI;HUZUR SOKAK;sokak;556693
ERZURUM;TORTUM;BAĞBAŞI;HÜSEYİN HOCA SOKAK;sokak;556171
ERZURUM;TORTUM;BAĞBAŞI;İSTİKLAL1 SOKAK;sokak;543359
ERZURUM;TORTUM;BAĞBAŞI;KALE SOKAK;sokak;553046
ERZURUM;TORTUM;BAĞBAŞI;KARATAŞ SOKAK;sokak;287471
ERZURUM;TORTUM;BAĞBAŞI;KARMUŞ SOKAK;sokak;1472803
ERZURUM;TORTUM;BAĞBAŞI;KINALI SOKAK;sokak;553045
ERZURUM;TORTUM;BAĞBAŞI;KIZILCIM SOKAK;sokak;550462
ERZURUM;TORTUM;BAĞBAŞI;MERKEZ SOKAK;sokak;543362
ERZURUM;TORTUM;BAĞBAŞI;MERKEZ/1 SOKAK;sokak;789583371
ERZURUM;TORTUM;BAĞBAŞI;MEYDAN SOKAK;sokak;554373
ERZURUM;TORTUM;BAĞBAŞI;MEYVELİ SOKAK;sokak;546614
ERZURUM;TORTUM;BAĞBAŞI;OSMAN GAZİ CADDE;cadde;554375
ERZURUM;TORTUM;BAĞBAŞI;ÖZLÜ SOKAK;sokak;544074
ERZURUM;TORTUM;BAĞBAŞI;PINARBAŞI SOKAK;sokak;556184
ERZURUM;TORTUM;BAĞBAŞI;PINARBAŞI/1 SOKAK;sokak;842013000
ERZURUM;TORTUM;BAĞBAŞI;SAHİL CADDE;cadde;550464
ERZURUM;TORTUM;BAĞBAŞI;SELVI SOKAK;sokak;547058
ERZURUM;TORTUM;BAĞBAŞI;SUBAŞI SOKAK;sokak;550463
ERZURUM;TORTUM;BAĞBAŞI;SULUDERE SOKAK;sokak;556177
ERZURUM;TORTUM;BAĞBAŞI;SUSAM SOKAK;sokak;550458
ERZURUM;TORTUM;BAĞBAŞI;SUSUZ SOKAK;sokak;546615
ERZURUM;TORTUM;BAĞBAŞI;ŞEHİT MURAT TELCİ CADDE;cadde;419506
ERZURUM;TORTUM;BAĞBAŞI;ŞELALE SOKAK;sokak;556695
ERZURUM;TORTUM;BAĞBAŞI;TAŞKIN SOKAK;sokak;543890
ERZURUM;TORTUM;BAĞBAŞI;TOPÇUOĞLU SOKAK;sokak;546562
ERZURUM;TORTUM;BAĞBAŞI;TUFAN SOKAK;sokak;465490
ERZURUM;TORTUM;BAĞBAŞI;VATAN SOKAK;sokak;1472741
ERZURUM;TORTUM;BAĞBAŞI;YARARDI SOKAK;sokak;459871
ERZURUM;TORTUM;BAĞBAŞI;YUNUSEMRE CADDE;cadde;555698
ERZURUM;TORTUM;BAHÇELİ;BAHÇE 16 KÜME EVLER;sokak;540556
ERZURUM;TORTUM;BAHÇELİ;BAHÇE 17 KÜME EVLER;sokak;538410
ERZURUM;TORTUM;BAHÇELİ;TATLISU KÜME EVLER;sokak;786772261
ERZURUM;TORTUM;BALLI;BALLI KÜME EVLER;sokak;539859
ERZURUM;TORTUM;BALLI;KAPIKAYA KÜME EVLER;sokak;298645430
ERZURUM;TORTUM;CİHANLI;BARBAROS HAYRETTİN CADDE;cadde;667109300
ERZURUM;TORTUM;CİHANLI;CİHANLI KÜME EVLER;sokak;711482
ERZURUM;TORTUM;CİHANLI;CİHANLI YAYLA KÜME EVLER;sokak;1275739
ERZURUM;TORTUM;CİHANLI;GÖKDERE YAYLA KÜME EVLER;sokak;645791960
ERZURUM;TORTUM;CİHANLI;ŞEYH EFENDİ2 SOKAK;sokak;921481540
ERZURUM;TORTUM;ÇAKILLI;ÇAKILLI KÜME EVLER;sokak;529751
ERZURUM;TORTUM;ÇAMLICA;BEYLİKDÜZÜ KÜME EVLER;sokak;1472777
ERZURUM;TORTUM;ÇAMLICA;ÇAM 6 KÜME EVLER;sokak;537913
ERZURUM;TORTUM;ÇAMLICA;ÇAM 7 KÜME EVLER;sokak;537914
ERZURUM;TORTUM;ÇAMLICA;ÇAM 8- KÜME EVLER;sokak;538407
ERZURUM;TORTUM;ÇAMLICA;İNCEDERE KÜME EVLER;sokak;421652901
ERZURUM;TORTUM;ÇARDAKLI;ÇARDAKLI KÜME EVLER;sokak;534113
ERZURUM;TORTUM;ÇARDAKLI;İNCEDERE KÜME EVLER;sokak;347420801
ERZURUM;TORTUM;ÇATALDERE;AŞAĞI KÜME EVLER;sokak;554341
ERZURUM;TORTUM;ÇATALDERE;ÇATALDERE YAYLA KÜME EVLER;sokak;554344
ERZURUM;TORTUM;ÇATALDERE;ORTA KÜME EVLER;sokak;641456910
ERZURUM;TORTUM;ÇATALDERE;ORTA- SOKAK;sokak;555697
ERZURUM;TORTUM;ÇATALDERE;YUKARI KÜME EVLER;sokak;554342
ERZURUM;TORTUM;ÇAYLICA;ÇAYLICA KÜME EVLER;sokak;530002
ERZURUM;TORTUM;ÇİFTLİK;ÇİFTLİK KÖYÜ KÜME EVLER;sokak;519620
ERZURUM;TORTUM;ÇİFTLİK;KONAK 12 KÜME EVLER;sokak;217555331
ERZURUM;TORTUM;ÇİVİLİKAYA;ÇİVİLİKAYA KÜME EVLER;sokak;530791
ERZURUM;TORTUM;DEMİRCİLER;DEMİRCİLER KÜME EVLER;sokak;460274
ERZURUM;TORTUM;DEREKAPI;ASİM BÜLBÜL SOKAK;sokak;1001677
ERZURUM;TORTUM;DEREKAPI;AŞAĞI SIRT SOKAK;sokak;1001669
ERZURUM;TORTUM;DEREKAPI;CAMİİ DEREKAPI SOKAK;sokak;1001663
ERZURUM;TORTUM;DEREKAPI;CAMİİ DEREKAPI1 SOKAK;sokak;669866050
ERZURUM;TORTUM;DEREKAPI;CAMİİ DEREKAPI2 SOKAK;sokak;284556651
ERZURUM;TORTUM;DEREKAPI;CAMİİ DEREKAPI3 SOKAK;sokak;352402581
ERZURUM;TORTUM;DEREKAPI;DEMİR SOKAK;sokak;1472765
ERZURUM;TORTUM;DEREKAPI;DEREKAPI SOKAK;sokak;556548
ERZURUM;TORTUM;DEREKAPI;DEREKAPI1 SOKAK;sokak;444487441
ERZURUM;TORTUM;DEREKAPI;DEREKAPI2 SOKAK;sokak;257191471
ERZURUM;TORTUM;DEREKAPI;DEREKAPI3 SOKAK;sokak;805894500
ERZURUM;TORTUM;DEREKAPI;DEREKAPI4 SOKAK;sokak;157295281
ERZURUM;TORTUM;DEREKAPI;HAN SOKAK;sokak;1001645
ERZURUM;TORTUM;DEREKAPI;HAN1 SOKAK;sokak;768519970
ERZURUM;TORTUM;DEREKAPI;HAN2 SOKAK;sokak;487942911
ERZURUM;TORTUM;DEREKAPI;HAN3 SOKAK;sokak;245984681
ERZURUM;TORTUM;DEREKAPI;HAN4 SOKAK;sokak;613038060
ERZURUM;TORTUM;DEREKAPI;HAN5 SOKAK;sokak;849482800
ERZURUM;TORTUM;DEREKAPI;HAN6 SOKAK;sokak;199130941
ERZURUM;TORTUM;DEREKAPI;HAN7 SOKAK;sokak;378449820
ERZURUM;TORTUM;DEREKAPI;HAN8 SOKAK;sokak;741561340
ERZURUM;TORTUM;DEREKAPI;MADEN SOKAK;sokak;1001651
ERZURUM;TORTUM;DEREKAPI;MADEN1 SOKAK;sokak;157255750
ERZURUM;TORTUM;DEREKAPI;MENSUR SOKAK;sokak;1001659
ERZURUM;TORTUM;DEREKAPI;MEZARLIK SOKAK;sokak;1001653
ERZURUM;TORTUM;DEREKAPI;SANTRAL SOKAK;sokak;1001655
ERZURUM;TORTUM;DEREKAPI;SANTRAL1 SOKAK;sokak;279684860
ERZURUM;TORTUM;DEREKAPI;SANTRAL2 SOKAK;sokak;202516091
ERZURUM;TORTUM;DEREKAPI;YUKARI SIRT SOKAK;sokak;1001667
ERZURUM;TORTUM;DEREKAPI;YUKARI SIRT2 SOKAK;sokak;810193170
ERZURUM;TORTUM;DERİNPINAR;AŞAĞISERDARLI KÜME EVLER;sokak;369216740
ERZURUM;TORTUM;DERİNPINAR;DERİNPINAR MERKEZ KÜME EVLER;sokak;517292
ERZURUM;TORTUM;DERİNPINAR;DERİNPINAR YAYLA KÜME EVLER;sokak;516884
ERZURUM;TORTUM;DERİNPINAR;YENİ1 KÜME EVLER;sokak;518526
ERZURUM;TORTUM;DİKMEN;BAHÇECİK KÜME EVLER;sokak;867266681
ERZURUM;TORTUM;DİKMEN;DİKMEN KÜME EVLER;sokak;563382
ERZURUM;TORTUM;DİKMEN;DİKMEN MERKEZ KÜME EVLER;sokak;563162
ERZURUM;TORTUM;DİKMEN;KÖY MAHALLESİ KÜME EVLER;sokak;357773740
ERZURUM;TORTUM;DİKMEN;SERDARLI YAYLA KÜME EVLER;sokak;214828721
ERZURUM;TORTUM;DİKMEN;VAGAVER KÜME EVLER;sokak;559482
ERZURUM;TORTUM;DORUKLU;ARILI KÜME EVLER;sokak;915047790
ERZURUM;TORTUM;DORUKLU;AŞAĞI MEYDANLAR KÜME EVLER;sokak;559373
ERZURUM;TORTUM;DORUKLU;DORUKLU KÜME EVLER;sokak;522330
ERZURUM;TORTUM;DORUKLU;VİŞNELİ KÜME EVLER;sokak;505482391
ERZURUM;TORTUM;ESENDURAK;ESENDURAK KÜME EVLER;sokak;576893
ERZURUM;TORTUM;GÖKDERE;GÖKDERE KÜME EVLER;sokak;87252
ERZURUM;TORTUM;GÖKDERE;GÖKDERE YAYLA KÜME EVLER;sokak;564273
ERZURUM;TORTUM;HAMİDİYE;HAMİDİYE KÜME EVLER;sokak;528485
ERZURUM;TORTUM;HAMİDİYE;YAMANKAYA KÜME EVLER;sokak;521928611
ERZURUM;TORTUM;İNCEDERE;İNCEDERE KÜME EVLER;sokak;295706
ERZURUM;TORTUM;KALEBOYNU;KALEBOYNU KÜME EVLER;sokak;1244355
ERZURUM;TORTUM;KALEDİBİ;KALE 1 KÜME EVLER;sokak;681251
ERZURUM;TORTUM;KALEDİBİ;KALE 2 KÜME EVLER;sokak;682631
ERZURUM;TORTUM;KAPIKAYA;KAPIKAYA KÜME EVLER;sokak;542822
ERZURUM;TORTUM;KARLI;KARLI KÜME EVLER;sokak;92506
ERZURUM;TORTUM;KAZANDERE;KAZANDERE KÜME EVLER;sokak;288357
ERZURUM;TORTUM;KEMERKAYA;KEMERKAYA KÜME EVLER;sokak;541571
ERZURUM;TORTUM;KEMERKAYA;YAYLA KÜME EVLER;sokak;353480770
ERZURUM;TORTUM;KIRMALI;KAZANDERE KÜME EVLER;sokak;569666821
ERZURUM;TORTUM;KIRMALI;KIRMALI KÜME EVLER;sokak;540710
ERZURUM;TORTUM;KİREÇLİ;KİREÇLİ KÜME EVLER;sokak;94310
ERZURUM;TORTUM;KONAK;KONAK 10 KÜME EVLER;sokak;537899
ERZURUM;TORTUM;KONAK;KONAK 11 KÜME EVLER;sokak;536713
ERZURUM;TORTUM;KONAK;KONAK 12 KÜME EVLER;sokak;536714
ERZURUM;TORTUM;KONAK;KONAK 13 KÜME EVLER;sokak;540118
ERZURUM;TORTUM;MEYDANLAR;YUKARI MEYDANLAR KÜME EVLER;sokak;265214
ERZURUM;TORTUM;PEYNİRLİ;PEYNİRLİ KÜME EVLER;sokak;542520
ERZURUM;TORTUM;SERDARLI;AŞAĞI EVLER KÜME EVLER;sokak;81558
ERZURUM;TORTUM;SERDARLI;BAYRAKTAR KÜME EVLER;sokak;81562
ERZURUM;TORTUM;SERDARLI;ÇUKUREVLER KÜME EVLER;sokak;388449
ERZURUM;TORTUM;SERDARLI;DİKMEN MERKEZ KÜME EVLER;sokak;399099321
ERZURUM;TORTUM;SERDARLI;HACILAR KÜME EVLER;sokak;388442
ERZURUM;TORTUM;SERDARLI;HACİNİS KÜME EVLER;sokak;668163
ERZURUM;TORTUM;SERDARLI;KARAAHMET KÜME EVLER;sokak;81561
ERZURUM;TORTUM;SERDARLI;KÖY MAHALLESİ KÜME EVLER;sokak;667156
ERZURUM;TORTUM;SERDARLI;KULUÇ KÜME EVLER;sokak;81555
ERZURUM;TORTUM;SERDARLI;SALİHLER KÜME EVLER;sokak;668162
ERZURUM;TORTUM;SERDARLI;SERDARLI MENDERES CADDE;cadde;547288
ERZURUM;TORTUM;SERDARLI;SERDARLI YAYLA KÜME EVLER;sokak;1259269
ERZURUM;TORTUM;SERDARLI;SOFUOĞLU KÜME EVLER;sokak;81560
ERZURUM;TORTUM;SERDARLI;ŞEHİT ÖNAY VURUCU KÜME EVLER;sokak;670069
ERZURUM;TORTUM;SERDARLI;TAHTACILAR KÜME EVLER;sokak;388446
ERZURUM;TORTUM;SERDARLI;YUKARI EVLER KÜME EVLER;sokak;81556
ERZURUM;TORTUM;SÖĞÜTLÜ;AKTAŞ KÜME EVLER;sokak;654333770
ERZURUM;TORTUM;SÖĞÜTLÜ;SÖĞÜT 14 KÜME EVLER;sokak;681161
ERZURUM;TORTUM;SÖĞÜTLÜ;SÖĞÜT 15 KÜME EVLER;sokak;687557
ERZURUM;TORTUM;SÖĞÜTLÜ;SÖĞÜT 16 KÜME EVLER;sokak;912814
ERZURUM;TORTUM;SÖĞÜTLÜ;ŞEHİTLİK6 SOKAK;sokak;627991351
ERZURUM;TORTUM;SUYATAĞI;AĞDOS KÜME EVLER;sokak;553650
ERZURUM;TORTUM;SUYATAĞI;SUYATAĞI DEREKAPI KÜME EVLER;sokak;553652
ERZURUM;TORTUM;SUYATAĞI;SUYATAĞI MERKEZ KÜME EVLER;sokak;544005
ERZURUM;TORTUM;ŞENYURT;AHMET YESEVİ CADDE;cadde;276461
ERZURUM;TORTUM;ŞENYURT;AKPINAR SOKAK;sokak;1472689
ERZURUM;TORTUM;ŞENYURT;AKTEPE SOKAK;sokak;1472707
ERZURUM;TORTUM;ŞENYURT;ALPARSLAN SOKAK;sokak;704302
ERZURUM;TORTUM;ŞENYURT;ATATÜRK BULVAR;sokak;694266
ERZURUM;TORTUM;ŞENYURT;BAĞLAR KÜME EVLER;sokak;701644
ERZURUM;TORTUM;ŞENYURT;BARBAROS HAYRETTİN CADDE;cadde;1001617
ERZURUM;TORTUM;ŞENYURT;BARBAROS HAYRETTİN1 SOKAK;sokak;168510570
ERZURUM;TORTUM;ŞENYURT;BARBAROS HAYRETTİN2 SOKAK;sokak;368672991
ERZURUM;TORTUM;ŞENYURT;BARBAROS HAYRETTİN3 SOKAK;sokak;471215381
ERZURUM;TORTUM;ŞENYURT;BELEDİYE MEYDAN;sokak;1001625
ERZURUM;TORTUM;ŞENYURT;CİHANLI YAYLA KÜME EVLER;sokak;878078551
ERZURUM;TORTUM;ŞENYURT;ÇAYIRBAŞI SOKAK;sokak;691169
ERZURUM;TORTUM;ŞENYURT;DEĞİRMENLİ SOKAK;sokak;704301
ERZURUM;TORTUM;ŞENYURT;DERİNPINAR MERKEZ KÜME EVLER;sokak;270637590
ERZURUM;TORTUM;ŞENYURT;EMİREFENDİ SOKAK;sokak;1001609
ERZURUM;TORTUM;ŞENYURT;EYİK SOKAK;sokak;706437
ERZURUM;TORTUM;ŞENYURT;HALİLAĞA SOKAK;sokak;1001611
ERZURUM;TORTUM;ŞENYURT;HASTANELER CADDE;cadde;698763
ERZURUM;TORTUM;ŞENYURT;İMAMOĞLU SOKAK;sokak;704300
ERZURUM;TORTUM;ŞENYURT;KAZIM KARABEKİR CADDE;cadde;691173
ERZURUM;TORTUM;ŞENYURT;KAZIM KARABEKİR1 SOKAK;sokak;613051320
ERZURUM;TORTUM;ŞENYURT;KIR KÜME EVLER;sokak;696093
ERZURUM;TORTUM;ŞENYURT;KONAK SOKAK;sokak;1001607
ERZURUM;TORTUM;ŞENYURT;KOYUNOĞLU CADDE;cadde;707506
ERZURUM;TORTUM;ŞENYURT;LİSE CADDE;cadde;690389
ERZURUM;TORTUM;ŞENYURT;LOKMAN ABUÇ SOKAK;sokak;1001615
ERZURUM;TORTUM;ŞENYURT;MEHMET AKİF ERSOY CADDE;cadde;690034
ERZURUM;TORTUM;ŞENYURT;MUSTAFA TOPCU SOKAK;sokak;711439
ERZURUM;TORTUM;ŞENYURT;OĞUZGÜRSEL CADDE;cadde;690438
ERZURUM;TORTUM;ŞENYURT;OTLAKLAR SOKAK;sokak;698765
ERZURUM;TORTUM;ŞENYURT;PEHLİVAN SOKAK;sokak;396800
ERZURUM;TORTUM;ŞENYURT;PİRİ REİS SOKAK;sokak;1472727
ERZURUM;TORTUM;ŞENYURT;PİRİ REİS1 SOKAK;sokak;330536530
ERZURUM;TORTUM;ŞENYURT;PİRİ REİS2 SOKAK;sokak;904803690
ERZURUM;TORTUM;ŞENYURT;PİRİ REİS3 SOKAK;sokak;883755891
ERZURUM;TORTUM;ŞENYURT;SAĞLIK OCAĞI SOKAK;sokak;1472735
ERZURUM;TORTUM;ŞENYURT;ŞEHİT İSMAİL AKSU CADDE;cadde;276450
ERZURUM;TORTUM;ŞENYURT;ŞENYURT MERKEZ SOKAK;sokak;704303
ERZURUM;TORTUM;ŞENYURT;ŞENYURT OKUL. SOKAK;sokak;1472783
ERZURUM;TORTUM;ŞENYURT;ŞENYURT YAYLA KÜME EVLER;sokak;703714
ERZURUM;TORTUM;ŞENYURT;ŞEYH EFENDİ SOKAK;sokak;686538
ERZURUM;TORTUM;ŞENYURT;ŞEYH EFENDİ1 SOKAK;sokak;702357670
ERZURUM;TORTUM;ŞENYURT;ŞEYH EFENDİ2 SOKAK;sokak;811184731
ERZURUM;TORTUM;ŞENYURT;USTALAR SOKAK;sokak;615549
ERZURUM;TORTUM;ŞENYURT;VEYİS EFENDİ SOKAK;sokak;276457
ERZURUM;TORTUM;ŞENYURT;YENI YOL 3 SOKAK;sokak;417667830
ERZURUM;TORTUM;ŞENYURT;YENİ CAMİ CADDE;cadde;686937
ERZURUM;TORTUM;ŞENYURT;YILDIRIM SOKAK;sokak;683320
ERZURUM;TORTUM;TAŞBAŞI;TAŞBAŞI KÜME EVLER;sokak;378092
ERZURUM;TORTUM;TAŞOLUK;TAŞOLUK KÜME EVLER;sokak;522412
ERZURUM;TORTUM;TAŞOLUK;YAMANKAYA KÜME EVLER;sokak;366015160
ERZURUM;TORTUM;TATLISU;TATLISU KÜME EVLER;sokak;533633
ERZURUM;TORTUM;TİPİLİ;KAPIKAYA KÜME EVLER;sokak;891999051
ERZURUM;TORTUM;TİPİLİ;TİPİLİ KÜME EVLER;sokak;88664
ERZURUM;TORTUM;TİPİLİ;TİPİLİ/1 SOKAK;sokak;570381760
ERZURUM;TORTUM;TİPİLİ;TİPİLİ/2 SOKAK;sokak;352565280
ERZURUM;TORTUM;TİPİLİ;TİPİLİ/3 SOKAK;sokak;660366821
ERZURUM;TORTUM;TİPİLİ;TİPİLİ/4 SOKAK;sokak;278616730
ERZURUM;TORTUM;TİPİLİ;TİPİLİ/5 SOKAK;sokak;140636300
ERZURUM;TORTUM;TİPİLİ;TİPİLİ/6 SOKAK;sokak;193375181
ERZURUM;TORTUM;TORTUMKALE;ESENDURAK KÜME EVLER;sokak;558319781
ERZURUM;TORTUM;TORTUMKALE;TORTUMKALE KÜME EVLER;sokak;261715
ERZURUM;TORTUM;UZUNKAVAK;KALAVAN YAYLASI KÜME EVLER;sokak;563704
ERZURUM;TORTUM;UZUNKAVAK;TAŞLI YAYLASI KÜME EVLER;sokak;563809
ERZURUM;TORTUM;UZUNKAVAK;UZUNKAVAK KÜME EVLER;sokak;553790
ERZURUM;TORTUM;UZUNKAVAK;YENI YOL KÜME EVLER;sokak;207359571
ERZURUM;TORTUM;VİŞNELİ;AŞAĞI MEYDANLAR KÜME EVLER;sokak;877928421
ERZURUM;TORTUM;VİŞNELİ;VİŞNELİ KÜME EVLER;sokak;111776
ERZURUM;TORTUM;VİŞNELİ;VİŞNELİ YAYLA KÜME EVLER;sokak;1276049
ERZURUM;TORTUM;YAĞCILAR;YAĞCILAR KÜME EVLER;sokak;537311
ERZURUM;TORTUM;YAĞCILAR;YAĞCILAR YAYLA KÜME EVLER;sokak;529539
ERZURUM;TORTUM;YAMANKAYA;HAMİDİYE KÜME EVLER;sokak;262989191
ERZURUM;TORTUM;YAMANKAYA;KİREÇLİ KÜME EVLER;sokak;651139950
ERZURUM;TORTUM;YAMANKAYA;YAMANKAYA KÜME EVLER;sokak;533955
ERZURUM;TORTUM;YAVUZ SULTAN SELİM;1. GAZİ SOKAK;sokak;1472725
ERZURUM;TORTUM;YAVUZ SULTAN SELİM;1. TAŞBAŞI SOKAK;sokak;538257
ERZURUM;TORTUM;YAVUZ SULTAN SELİM;1. TAŞDİBİ SOKAK;sokak;847118781
ERZURUM;TORTUM;YAVUZ SULTAN SELİM;2. GAZİ SOKAK;sokak;1475421
ERZURUM;TORTUM;YAVUZ SULTAN SELİM;2. TAŞBAŞI SOKAK;sokak;582888040
ERZURUM;TORTUM;YAVUZ SULTAN SELİM;3. GAZİ SOKAK;sokak;1475423
ERZURUM;TORTUM;YAVUZ SULTAN SELİM;ABDULHAMİT HAN SOKAK;sokak;1472739
ERZURUM;TORTUM;YAVUZ SULTAN SELİM;ABDURRAHMANGAZİ SOKAK;sokak;705611
ERZURUM;TORTUM;YAVUZ SULTAN SELİM;ADALET SOKAK;sokak;1472723
ERZURUM;TORTUM;YAVUZ SULTAN SELİM;BALKAYA 18 KÜME EVLER;sokak;681318
ERZURUM;TORTUM;YAVUZ SULTAN SELİM;DERE SOKAK;sokak;540465
ERZURUM;TORTUM;YAVUZ SULTAN SELİM;GÜNEŞ SOKAK;sokak;1472795
ERZURUM;TORTUM;YAVUZ SULTAN SELİM;İLİM SOKAK;sokak;1472729
ERZURUM;TORTUM;YAVUZ SULTAN SELİM;İSTİKLAL CADDE;cadde;539166
ERZURUM;TORTUM;YAVUZ SULTAN SELİM;KURAN KURSU SOKAK;sokak;1472721
ERZURUM;TORTUM;YAVUZ SULTAN SELİM;MEBUS ABUBEKİR AKAY CADDE;cadde;687397
ERZURUM;TORTUM;YAVUZ SULTAN SELİM;MEBUS OSMAN ALİHOCAGİL CADDE;cadde;687408
ERZURUM;TORTUM;YAVUZ SULTAN SELİM;MENDERES SOKAK;sokak;686565
ERZURUM;TORTUM;YAVUZ SULTAN SELİM;ONUR SOKAK;sokak;1472779
ERZURUM;TORTUM;YAVUZ SULTAN SELİM;SUKULE SOKAK;sokak;541810
ERZURUM;TORTUM;YAVUZ SULTAN SELİM;ŞEHİT ÖZCAN KARACA CADDE;cadde;540466
ERZURUM;TORTUM;YAVUZ SULTAN SELİM;TAŞDİBİ SOKAK;sokak;540035
ERZURUM;TORTUM;YAVUZ SULTAN SELİM;YILDIZ SOKAK;sokak;1472793
ERZURUM;TORTUM;YAZYURDU;AŞAĞISERDARLI KÜME EVLER;sokak;922093941
ERZURUM;TORTUM;YAZYURDU;YAZYURDU KÜME EVLER;sokak;559389
ERZURUM;TORTUM;YELLİTEPE;YAĞCILAR YAYLA KÜME EVLER;sokak;825375070
ERZURUM;TORTUM;YELLİTEPE;YAYLA KÜME EVLER;sokak;151115521
ERZURUM;TORTUM;YELLİTEPE;YELLİTEPE KÜME EVLER;sokak;561136
ERZURUM;TORTUM;YELLİTEPE;YELLİTEPE YAYLA KÜME EVLER;sokak;568425
ERZURUM;TORTUM;YUKARISİVRİ;YUKARI SİVRİ MERKEZ KÜME EVLER;sokak;558424
ERZURUM;TORTUM;YUMAKLI;AKBABA KÜME EVLER;sokak;282969521
ERZURUM;TORTUM;YUMAKLI;YUMAKLI KÜME EVLER;sokak;540140
ERZURUM;TORTUM;ZİYARETLİ;KAPIKAYA KÜME EVLER;sokak;627384890
ERZURUM;TORTUM;ZİYARETLİ;PEYNİRLİ KÜME EVLER;sokak;159405390
ERZURUM;TORTUM;ZİYARETLİ;TİPİLİ KÜME EVLER;sokak;848182101
ERZURUM;TORTUM;ZİYARETLİ;YELLİTEPE KÜME EVLER;sokak;314670381
ERZURUM;TORTUM;ZİYARETLİ;ZİYARET KÜME EVLER;sokak;568758
ERZURUM;TORTUM;ZİYARETLİ;ZİYARETLİ YAYLA KÜME EVLER;sokak;561134
ERZURUM;UZUNDERE;ALTINÇANAK;ALTIN KİRAZ CADDE;cadde;1145087
ERZURUM;UZUNDERE;ALTINÇANAK;BAĞCILAR SOKAK;sokak;1145101
ERZURUM;UZUNDERE;ALTINÇANAK;CAMİ SOKAK;sokak;541305
ERZURUM;UZUNDERE;ALTINÇANAK;GAZİ MUHAMMET ALİ KURT SOKAK;sokak;353064971
ERZURUM;UZUNDERE;ALTINÇANAK;GÜNEY SOKAK;sokak;1145105
ERZURUM;UZUNDERE;ALTINÇANAK;HACILAR SOKAK;sokak;1145095
ERZURUM;UZUNDERE;ALTINÇANAK;İLİM SOKAK;sokak;1145089
ERZURUM;UZUNDERE;ALTINÇANAK;KAMIŞLI SOKAK;sokak;1145091
ERZURUM;UZUNDERE;ALTINÇANAK;KARSI SOKAK;sokak;536458
ERZURUM;UZUNDERE;ALTINÇANAK;KUZUM EFENDİ SOKAK;sokak;1145097
ERZURUM;UZUNDERE;ALTINÇANAK;ORTA SOKAK;sokak;529859
ERZURUM;UZUNDERE;ALTINÇANAK;ÖZLÜ SOKAK;sokak;1145093
ERZURUM;UZUNDERE;ALTINÇANAK;SERACILAR CADDE;cadde;1145099
ERZURUM;UZUNDERE;ALTINÇANAK;SÖNMEZLER SOKAK;sokak;1145103
ERZURUM;UZUNDERE;ALTINÇANAK;ŞEREF YAZICI SOKAK;sokak;501977551
ERZURUM;UZUNDERE;BALIKLI;ARTVİN CADDE;cadde;1145205
ERZURUM;UZUNDERE;BALIKLI;BALIKLI CAMII SOKAK;sokak;541371
ERZURUM;UZUNDERE;BALIKLI;CEVİZLİ VADİ CADDE;cadde;88055272
ERZURUM;UZUNDERE;BALIKLI;ÇAN ÇİÇEĞİ SOKAK;sokak;1401745
ERZURUM;UZUNDERE;BALIKLI;ÇİFTÇİLER CADDE;cadde;1145221
ERZURUM;UZUNDERE;BALIKLI;ÇİFTÇİLER/1 SOKAK;sokak;421098680
ERZURUM;UZUNDERE;BALIKLI;DEMİRCİLER SOKAK;sokak;1145217
ERZURUM;UZUNDERE;BALIKLI;İBRAHİM HOCA SOKAK;sokak;1145213
ERZURUM;UZUNDERE;BALIKLI;İSKELE SOKAK;sokak;1401735
ERZURUM;UZUNDERE;BALIKLI;KAFES KULESİ SOKAK;sokak;1401743
ERZURUM;UZUNDERE;BALIKLI;KONAKLI SOKAK;sokak;1145223
ERZURUM;UZUNDERE;BALIKLI;MAVİ GÖL CADDE;cadde;1145211
ERZURUM;UZUNDERE;BALIKLI;OKUL SOKAK;sokak;278584
ERZURUM;UZUNDERE;BALIKLI;OSMANBALIĞI SOKAK;sokak;1401747
ERZURUM;UZUNDERE;BALIKLI;SAHİL SOKAK;sokak;1145225
ERZURUM;UZUNDERE;BALIKLI;SALUR SOKAK;sokak;1145215
ERZURUM;UZUNDERE;BALIKLI;TAVLI SOKAK;sokak;1145219
ERZURUM;UZUNDERE;BALIKLI;TEYİN SOKAK;sokak;1401063
ERZURUM;UZUNDERE;BALIKLI;TORTUM GÖLÜ CADDE;cadde;1401043
ERZURUM;UZUNDERE;BALIKLI;UR KEKLİĞİ SOKAK;sokak;1401515
ERZURUM;UZUNDERE;BALIKLI;ÜVEZ SOKAK;sokak;1401717
ERZURUM;UZUNDERE;BALIKLI;YARIMADA SOKAK;sokak;1145207
ERZURUM;UZUNDERE;BALIKLI;YARIMADALI CADDE;cadde;1400945
ERZURUM;UZUNDERE;BALIKLI;YEMİŞLİ CADDE;cadde;1145209
ERZURUM;UZUNDERE;CEVİZLİ;ABBAS HOCA SOKAK;sokak;1145319
ERZURUM;UZUNDERE;CEVİZLİ;AGAGILIN SOKAK;sokak;570202
ERZURUM;UZUNDERE;CEVİZLİ;AĞAOĞLU SOKAK;sokak;1145357
ERZURUM;UZUNDERE;CEVİZLİ;ASAGI SOKAK;sokak;540740
ERZURUM;UZUNDERE;CEVİZLİ;BARIŞ SOKAK;sokak;1145331
ERZURUM;UZUNDERE;CEVİZLİ;BİLGİN SOKAK;sokak;1145323
ERZURUM;UZUNDERE;CEVİZLİ;CEVİZLİ VADİ CADDE;cadde;1145303
ERZURUM;UZUNDERE;CEVİZLİ;ÇİTLİ DERE SOKAK;sokak;1145355
ERZURUM;UZUNDERE;CEVİZLİ;GÜNEY BAĞLAR CADDE;cadde;1145337
ERZURUM;UZUNDERE;CEVİZLİ;HAZNEDAR SOKAK;sokak;573164
ERZURUM;UZUNDERE;CEVİZLİ;IBIS SOKAK;sokak;389247
ERZURUM;UZUNDERE;CEVİZLİ;KAVAKLI SOKAK;sokak;1145317
ERZURUM;UZUNDERE;CEVİZLİ;KILISE TARLA SOKAK;sokak;386488
ERZURUM;UZUNDERE;CEVİZLİ;KURT SOKAK;sokak;554048
ERZURUM;UZUNDERE;CEVİZLİ;KÜLLAH SOKAK;sokak;568338
ERZURUM;UZUNDERE;CEVİZLİ;LEYLAK SOKAK;sokak;1145333
ERZURUM;UZUNDERE;CEVİZLİ;MARAL SOKAK;sokak;1145325
ERZURUM;UZUNDERE;CEVİZLİ;MENEKŞE SOKAK;sokak;1145343
ERZURUM;UZUNDERE;CEVİZLİ;NEBİLER SOKAK;sokak;1145327
ERZURUM;UZUNDERE;CEVİZLİ;ÖZCANLAR SOKAK;sokak;1145313
ERZURUM;UZUNDERE;CEVİZLİ;PAPATYA SOKAK;sokak;1145345
ERZURUM;UZUNDERE;CEVİZLİ;PINARBAŞI SOKAK;sokak;1145321
ERZURUM;UZUNDERE;CEVİZLİ;STAD CADDE;cadde;1145335
ERZURUM;UZUNDERE;CEVİZLİ;ŞEHİT MESUR CENGİZ SOKAK;sokak;440473971
ERZURUM;UZUNDERE;CEVİZLİ;TAŞ CAMİİ SOKAK;sokak;1145351
ERZURUM;UZUNDERE;CEVİZLİ;TERZİOĞLU SOKAK;sokak;1145329
ERZURUM;UZUNDERE;CEVİZLİ;UZUNDERE SOKAK;sokak;312395
ERZURUM;UZUNDERE;CEVİZLİ;VİŞNELİ SOKAK;sokak;1145339
ERZURUM;UZUNDERE;CEVİZLİ;YUKARI SOKAK;sokak;569318
ERZURUM;UZUNDERE;CEVİZLİ;ZABINOĞLU SOKAK;sokak;1145311
ERZURUM;UZUNDERE;CEVİZLİ;ZAMBAK SOKAK;sokak;1145349
ERZURUM;UZUNDERE;CÖMERTLER;ABBAS SOKAK;sokak;724925
ERZURUM;UZUNDERE;CÖMERTLER;ARSLAN SOKAK;sokak;718886
ERZURUM;UZUNDERE;CÖMERTLER;ATALAR CADDE;cadde;720329
ERZURUM;UZUNDERE;CÖMERTLER;BAĞBANCI SOKAK;sokak;715352
ERZURUM;UZUNDERE;CÖMERTLER;ÇAPRAZ SOKAK;sokak;717364
ERZURUM;UZUNDERE;CÖMERTLER;DEDEBAĞLARI CADDE;cadde;720335
ERZURUM;UZUNDERE;CÖMERTLER;ERLER SOKAK;sokak;717366
ERZURUM;UZUNDERE;CÖMERTLER;ESENTEPE SOKAK;sokak;715366
ERZURUM;UZUNDERE;CÖMERTLER;EŞİKLİ SOKAK;sokak;717637
ERZURUM;UZUNDERE;CÖMERTLER;HALİS ÖZSOY CADDE;cadde;1497981
ERZURUM;UZUNDERE;CÖMERTLER;MEHMET AKİF ERSOY CADDE;cadde;720333
ERZURUM;UZUNDERE;CÖMERTLER;MENDERES CADDE;cadde;91688440
ERZURUM;UZUNDERE;CÖMERTLER;ŞERİFLER SOKAK;sokak;717367
ERZURUM;UZUNDERE;CÖMERTLER;TAŞÇILAR SOKAK;sokak;717249
ERZURUM;UZUNDERE;ÇAĞLAYAN;ALTIN ÇİLEK CADDE;cadde;1145297
ERZURUM;UZUNDERE;ÇAĞLAYAN;CEVİZLİ VADİ CADDE;cadde;1145279
ERZURUM;UZUNDERE;ÇAĞLAYAN;ÇAGLAYANLI KÖYÜ SOKAK;sokak;549358
ERZURUM;UZUNDERE;ÇAĞLAYAN;ÇAĞLAYANLI CADDE;cadde;1145281
ERZURUM;UZUNDERE;ÇAĞLAYAN;ÇİÇEKLİ SOKAK;sokak;1145299
ERZURUM;UZUNDERE;ÇAĞLAYAN;İNCİRLİ SOKAK;sokak;1145301
ERZURUM;UZUNDERE;ÇAĞLAYAN;LOJMANLAR SOKAK;sokak;1145287
ERZURUM;UZUNDERE;ÇAĞLAYAN;MAKBER CADDE;cadde;1145293
ERZURUM;UZUNDERE;ÇAĞLAYAN;SANTRAL CADDE;cadde;1145285
ERZURUM;UZUNDERE;ÇAĞLAYAN;ŞELALE- SOKAK;sokak;579344
ERZURUM;UZUNDERE;ÇAĞLAYAN;TARIM SOKAK;sokak;1145291
ERZURUM;UZUNDERE;ÇAĞLAYAN;TAŞKIN SOKAK;sokak;1145295
ERZURUM;UZUNDERE;ÇAĞLAYAN;YUSUF AĞA SOKAK;sokak;1145289
ERZURUM;UZUNDERE;ÇAMLIYAMAÇ;ARMUTLU YAYLA CADDE;cadde;1145179
ERZURUM;UZUNDERE;ÇAMLIYAMAÇ;AŞIK ÜMMANİ CAN CADDE;cadde;1145177
ERZURUM;UZUNDERE;ÇAMLIYAMAÇ;BADEMLİ SOKAK;sokak;1145201
ERZURUM;UZUNDERE;ÇAMLIYAMAÇ;CUMAYIN SOKAK;sokak;545818
ERZURUM;UZUNDERE;ÇAMLIYAMAÇ;ÇADIRCI SOKAK;sokak;1145199
ERZURUM;UZUNDERE;ÇAMLIYAMAÇ;ÇUKUR SOKAK;sokak;547724
ERZURUM;UZUNDERE;ÇAMLIYAMAÇ;DENIZBAŞI CADDE;cadde;1145173
ERZURUM;UZUNDERE;ÇAMLIYAMAÇ;ELMALI SOKAK;sokak;1145181
ERZURUM;UZUNDERE;ÇAMLIYAMAÇ;EMRAH SOKAK;sokak;1145187
ERZURUM;UZUNDERE;ÇAMLIYAMAÇ;FINDIK SOKAK;sokak;537803
ERZURUM;UZUNDERE;ÇAMLIYAMAÇ;FINDIKLI SOKAK;sokak;1145183
ERZURUM;UZUNDERE;ÇAMLIYAMAÇ;FINDIKOĞLU SOKAK;sokak;1145185
ERZURUM;UZUNDERE;ÇAMLIYAMAÇ;GAZİLER SOKAK;sokak;1145189
ERZURUM;UZUNDERE;ÇAMLIYAMAÇ;HASAYIN SOKAK;sokak;537558
ERZURUM;UZUNDERE;ÇAMLIYAMAÇ;HÜRMÜZ SOKAK;sokak;327566
ERZURUM;UZUNDERE;ÇAMLIYAMAÇ;KARŞIYAKA SOKAK;sokak;1145175
ERZURUM;UZUNDERE;ÇAMLIYAMAÇ;KÖROĞLU CADDE;cadde;1145191
ERZURUM;UZUNDERE;ÇAMLIYAMAÇ;KÜLTÜR SOKAK;sokak;1145195
ERZURUM;UZUNDERE;ÇAMLIYAMAÇ;REYHAN SOKAK;sokak;1145197
ERZURUM;UZUNDERE;ÇAMLIYAMAÇ;YUKARI SOKAK;sokak;465350
ERZURUM;UZUNDERE;ÇAYBAŞI;ARTVİN CADDE;cadde;717310
ERZURUM;UZUNDERE;ÇAYBAŞI;ATATÜRK CADDE;cadde;692406461
ERZURUM;UZUNDERE;ÇAYBAŞI;GÜNEŞLİ SOKAK;sokak;727069
ERZURUM;UZUNDERE;ÇAYBAŞI;GÜZEL SOKAK;sokak;727068
ERZURUM;UZUNDERE;ÇAYBAŞI;KALAYCI SOKAK;sokak;730864
ERZURUM;UZUNDERE;ÇAYBAŞI;KALYONCU SOKAK;sokak;727067
ERZURUM;UZUNDERE;ÇAYBAŞI;SANAYİ CADDE;cadde;722494
ERZURUM;UZUNDERE;ÇAYBAŞI;ZAKİR DİKİCİ SOKAK;sokak;652633941
ERZURUM;UZUNDERE;DİKYAR;ALAN SOKAK;sokak;1145047
ERZURUM;UZUNDERE;DİKYAR;ANA MERKEZ SOKAK;sokak;1145041
ERZURUM;UZUNDERE;DİKYAR;AŞAĞI CAMİİ SOKAK;sokak;1145015
ERZURUM;UZUNDERE;DİKYAR;ATYOLU SOKAK;sokak;1145035
ERZURUM;UZUNDERE;DİKYAR;AVÜÇGEN SOKAK;sokak;1145053
ERZURUM;UZUNDERE;DİKYAR;BAGLAR SOKAK;sokak;1145051
ERZURUM;UZUNDERE;DİKYAR;BAHÇELİ SOKAK;sokak;76147
ERZURUM;UZUNDERE;DİKYAR;BÜYÜKBAĞ SOKAK;sokak;1145009
ERZURUM;UZUNDERE;DİKYAR;COŞAR SOKAK;sokak;586695
ERZURUM;UZUNDERE;DİKYAR;ÇAVUŞOĞLU SOKAK;sokak;1145013
ERZURUM;UZUNDERE;DİKYAR;ÇELİKLER SOKAK;sokak;1145027
ERZURUM;UZUNDERE;DİKYAR;DİKYAR ANA CADDE;cadde;1144999
ERZURUM;UZUNDERE;DİKYAR;DİKYAR CAMİ SOKAK;sokak;598245
ERZURUM;UZUNDERE;DİKYAR;DİKYAR SOKAK;sokak;876412
ERZURUM;UZUNDERE;DİKYAR;ERTEK SOKAK;sokak;1145033
ERZURUM;UZUNDERE;DİKYAR;ERTEKLER SOKAK;sokak;76151
ERZURUM;UZUNDERE;DİKYAR;ERZURUM CADDE;cadde;598234
ERZURUM;UZUNDERE;DİKYAR;GÜL SOKAK;sokak;1145037
ERZURUM;UZUNDERE;DİKYAR;HALİS ÖZSOY CADDE;cadde;1497983
ERZURUM;UZUNDERE;DİKYAR;KARSI SOKAK;sokak;382878
ERZURUM;UZUNDERE;DİKYAR;KARUT- SOKAK;sokak;594639
ERZURUM;UZUNDERE;DİKYAR;KAYALAR CADDE;cadde;76131
ERZURUM;UZUNDERE;DİKYAR;KAYGUSUZLAR SOKAK;sokak;1145049
ERZURUM;UZUNDERE;DİKYAR;KAYNUT SOKAK;sokak;1145055
ERZURUM;UZUNDERE;DİKYAR;KÖSEDERE CADDE;cadde;1145029
ERZURUM;UZUNDERE;DİKYAR;KURTT SOKAK;sokak;1145045
ERZURUM;UZUNDERE;DİKYAR;KÜÇÜK SOKAK;sokak;1145021
ERZURUM;UZUNDERE;DİKYAR;KÜÇÜKBAĞ SOKAK;sokak;1145011
ERZURUM;UZUNDERE;DİKYAR;MADEN SOKAK;sokak;1145007
ERZURUM;UZUNDERE;DİKYAR;MÜJDECİLER SOKAK;sokak;1145025
ERZURUM;UZUNDERE;DİKYAR;ORGENERAL SİYAMİ TAŞDAN CADDE;cadde;206401570
ERZURUM;UZUNDERE;DİKYAR;ORTA SOKAK;sokak;595884
ERZURUM;UZUNDERE;DİKYAR;SAHİNLER SOKAK;sokak;1145043
ERZURUM;UZUNDERE;DİKYAR;SAKLI BAHÇE SOKAK;sokak;880539
ERZURUM;UZUNDERE;DİKYAR;SERALI SOKAK;sokak;880391
ERZURUM;UZUNDERE;DİKYAR;SIYAMI TASDAN CADDE;cadde;267766
ERZURUM;UZUNDERE;DİKYAR;UZUN ÖMER SOKAK;sokak;1145005
ERZURUM;UZUNDERE;DİKYAR;ÜNLÜ SOKAK;sokak;1145039
ERZURUM;UZUNDERE;DİKYAR;ÜZÜMLÜ SOKAK;sokak;598238
ERZURUM;UZUNDERE;DİKYAR;YEŞİL BAHÇE SOKAK;sokak;1145031
ERZURUM;UZUNDERE;DİKYAR;YUKARI SOKAK;sokak;593021
ERZURUM;UZUNDERE;DİKYAR;ZOYUNTAP SOKAK;sokak;1145057
ERZURUM;UZUNDERE;ERİKLİ;ARLI SOKAK;sokak;724978
ERZURUM;UZUNDERE;ERİKLİ;ATATÜRK CADDE;cadde;66050
ERZURUM;UZUNDERE;ERİKLİ;BAYKAL SOKAK;sokak;66054
ERZURUM;UZUNDERE;ERİKLİ;BOZDEMİR SOKAK;sokak;724976
ERZURUM;UZUNDERE;ERİKLİ;BÜYÜKDERE SOKAK;sokak;66056
ERZURUM;UZUNDERE;ERİKLİ;DOĞANLAR SOKAK;sokak;724980
ERZURUM;UZUNDERE;ERİKLİ;EŞREFOĞLU CADDE;cadde;66055
ERZURUM;UZUNDERE;ERİKLİ;FEVZİ PAŞA CADDE;cadde;724974
ERZURUM;UZUNDERE;ERİKLİ;HALİT PAŞA CADDE;cadde;66051
ERZURUM;UZUNDERE;ERİKLİ;SELVİ SOKAK;sokak;66059
ERZURUM;UZUNDERE;ERİKLİ;ŞAHİNLER SOKAK;sokak;66058
ERZURUM;UZUNDERE;ERİKLİ;ÜZÜMLÜ SOKAK;sokak;724979
ERZURUM;UZUNDERE;GÖLBAŞI;ARTVİN CADDE;cadde;1145133
ERZURUM;UZUNDERE;GÖLBAŞI;ASAGI SOKAK;sokak;94227
ERZURUM;UZUNDERE;GÖLBAŞI;BARAJ SOKAK;sokak;546456
ERZURUM;UZUNDERE;GÖLBAŞI;CAMII SOKAK;sokak;553097
ERZURUM;UZUNDERE;GÖLBAŞI;COŞARLAR SOKAK;sokak;1145139
ERZURUM;UZUNDERE;GÖLBAŞI;DEĞİRMENBAŞI CADDE;cadde;1145165
ERZURUM;UZUNDERE;GÖLBAŞI;DENIZBAŞI CADDE;cadde;1145137
ERZURUM;UZUNDERE;GÖLBAŞI;DENİZBAŞI 1 SOKAK;sokak;1145141
ERZURUM;UZUNDERE;GÖLBAŞI;DENİZBAŞI 2 SOKAK;sokak;1145143
ERZURUM;UZUNDERE;GÖLBAŞI;DENİZBAŞI 3 SOKAK;sokak;1145145
ERZURUM;UZUNDERE;GÖLBAŞI;DENİZBAŞI 4 SOKAK;sokak;1145147
ERZURUM;UZUNDERE;GÖLBAŞI;DENİZBAŞI SOKAK;sokak;813148
ERZURUM;UZUNDERE;GÖLBAŞI;GÜNEY SAHİL CADDE;cadde;1145159
ERZURUM;UZUNDERE;GÖLBAŞI;HACIGİLİN SOKAK;sokak;544043
ERZURUM;UZUNDERE;GÖLBAŞI;İMAMOĞLU SOKAK;sokak;1145153
ERZURUM;UZUNDERE;GÖLBAŞI;KARAMANOĞLU CADDE;cadde;1145155
ERZURUM;UZUNDERE;GÖLBAŞI;KARŞI SOKAK;sokak;543349
ERZURUM;UZUNDERE;GÖLBAŞI;MEZRA SOKAK;sokak;1145151
ERZURUM;UZUNDERE;GÖLBAŞI;ORTA MAHALLE SOKAK;sokak;1145163
ERZURUM;UZUNDERE;GÖLBAŞI;ORTA SOKAK;sokak;94213
ERZURUM;UZUNDERE;GÖLBAŞI;ÖZGÜN SOKAK;sokak;1145157
ERZURUM;UZUNDERE;GÖLBAŞI;PETHAN SOKAK;sokak;554305
ERZURUM;UZUNDERE;GÖLBAŞI;TEPE SOKAK;sokak;555257
ERZURUM;UZUNDERE;GÖLBAŞI;TEPEBAŞI SOKAK;sokak;1145169
ERZURUM;UZUNDERE;GÖLBAŞI;TORUNOĞLU SOKAK;sokak;1145167
ERZURUM;UZUNDERE;GÖLBAŞI;YUSUF TEKİN CADDE;cadde;1145161
ERZURUM;UZUNDERE;KİRAZLI;ALTIN KİRAZ CADDE;cadde;1145107
ERZURUM;UZUNDERE;KİRAZLI;CAMII SOKAK;sokak;444521
ERZURUM;UZUNDERE;KİRAZLI;ÇERME 1 SOKAK;sokak;1145111
ERZURUM;UZUNDERE;KİRAZLI;ÇERME 2 SOKAK;sokak;1145113
ERZURUM;UZUNDERE;KİRAZLI;DERMUSTAG SOKAK;sokak;590445
ERZURUM;UZUNDERE;KİRAZLI;GANİGİLLER SOKAK;sokak;1145121
ERZURUM;UZUNDERE;KİRAZLI;GAZİ SOKAK;sokak;1145123
ERZURUM;UZUNDERE;KİRAZLI;GÖLET SOKAK;sokak;1145129
ERZURUM;UZUNDERE;KİRAZLI;GÜLÜ BAĞDAT CADDE;cadde;1145119
ERZURUM;UZUNDERE;KİRAZLI;GÜZEL BAHÇE SOKAK;sokak;1145115
ERZURUM;UZUNDERE;KİRAZLI;HAFIZ İBRAHİM AYDOĞAN SOKAK;sokak;294933761
ERZURUM;UZUNDERE;KİRAZLI;KARSI SOKAK;sokak;559738
ERZURUM;UZUNDERE;KİRAZLI;KEREM SOKAK;sokak;1145131
ERZURUM;UZUNDERE;KİRAZLI;KERİM SOKAK;sokak;593699
ERZURUM;UZUNDERE;KİRAZLI;NERGİS SOKAK;sokak;1145109
ERZURUM;UZUNDERE;KİRAZLI;NÖRGÜS SOKAK;sokak;572996
ERZURUM;UZUNDERE;KİRAZLI;OGUN SOKAK;sokak;602379
ERZURUM;UZUNDERE;KİRAZLI;SAĞLIK SOKAK;sokak;1145117
ERZURUM;UZUNDERE;KİRAZLI;TASIM SOKAK;sokak;600559
ERZURUM;UZUNDERE;KİRAZLI;VERTAG SOKAK;sokak;160273
ERZURUM;UZUNDERE;KİRAZLI;YUNUS EMRE SOKAK;sokak;1145125
ERZURUM;UZUNDERE;KİRAZLI;ZÜMRÜT SOKAK;sokak;1145127
ERZURUM;UZUNDERE;MERKEZ;AKAR SOKAK;sokak;724639
ERZURUM;UZUNDERE;MERKEZ;AVCILAR SOKAK;sokak;66046
ERZURUM;UZUNDERE;MERKEZ;AYDINLAR SOKAK;sokak;66043
ERZURUM;UZUNDERE;MERKEZ;BAHÇELİ SOKAK;sokak;726979
ERZURUM;UZUNDERE;MERKEZ;CEVRİ ŞEN CADDE;cadde;734302
ERZURUM;UZUNDERE;MERKEZ;CUMHURİYET CADDE;cadde;734295
ERZURUM;UZUNDERE;MERKEZ;DERMAN SOKAK;sokak;76489
ERZURUM;UZUNDERE;MERKEZ;ERZURUM CADDE;cadde;750353
ERZURUM;UZUNDERE;MERKEZ;FIRAT ÇIKMAZ SOKAK;sokak;76499
ERZURUM;UZUNDERE;MERKEZ;HALİS ÖZSOY CADDE;cadde;75247
ERZURUM;UZUNDERE;MERKEZ;HALİT PAŞA CADDE;cadde;76813187
ERZURUM;UZUNDERE;MERKEZ;HAYRULLAH HAN CADDE;cadde;734298
ERZURUM;UZUNDERE;MERKEZ;KABRİSTAN SOKAK;sokak;76487
ERZURUM;UZUNDERE;MERKEZ;KARACA SOKAK;sokak;734307
ERZURUM;UZUNDERE;MERKEZ;KARDAŞ SOKAK;sokak;76508
ERZURUM;UZUNDERE;MERKEZ;KIZILELMA CADDE;cadde;781448700
ERZURUM;UZUNDERE;MERKEZ;KİRAZ SOKAK;sokak;76501
ERZURUM;UZUNDERE;MERKEZ;KOTANLAR SOKAK;sokak;734305
ERZURUM;UZUNDERE;MERKEZ;M.ŞEREF ÖZSOY CADDE;cadde;75244
ERZURUM;UZUNDERE;MERKEZ;MEHMET AKİF ERSOY CADDE;cadde;65639270
ERZURUM;UZUNDERE;MERKEZ;MENDERES CADDE;cadde;76503
ERZURUM;UZUNDERE;MERKEZ;NECATİ AYDIN CADDE;cadde;724640
ERZURUM;UZUNDERE;MERKEZ;ORGENERAL SİYAMİ TAŞDAN CADDE;cadde;726977
ERZURUM;UZUNDERE;MERKEZ;ÖZCAN SOKAK;sokak;76511
ERZURUM;UZUNDERE;MERKEZ;ÖZDEMİR SOKAK;sokak;385685
ERZURUM;UZUNDERE;MERKEZ;ÖZSOY SOKAK;sokak;734304
ERZURUM;UZUNDERE;MERKEZ;PROF. DR. ORHAN BAYKAL CADDE;cadde;23949
ERZURUM;UZUNDERE;MERKEZ;ŞEHİT ADNAN TAŞÇI CADDE;cadde;724631
ERZURUM;UZUNDERE;MERKEZ;UZUNDERELİ CADDE;cadde;734303
ERZURUM;UZUNDERE;MERKEZ;YAVAŞ SOKAK;sokak;66045
ERZURUM;UZUNDERE;MERKEZ;YAZICILAR SOKAK;sokak;734297
ERZURUM;UZUNDERE;MERKEZ;YENİ SAHİL CADDE;cadde;385690
ERZURUM;UZUNDERE;MERKEZ;ZEYTİNDALI CADDE;cadde;1425001
ERZURUM;UZUNDERE;MURATEFENDİ;ALKANLAR SOKAK;sokak;151319
ERZURUM;UZUNDERE;MURATEFENDİ;ÇARDAKLI SOKAK;sokak;391144
ERZURUM;UZUNDERE;MURATEFENDİ;ÇİMENLİ SOKAK;sokak;151320
ERZURUM;UZUNDERE;MURATEFENDİ;DENİZLER SOKAK;sokak;391142
ERZURUM;UZUNDERE;MURATEFENDİ;ERHAN SOKAK;sokak;465813931
ERZURUM;UZUNDERE;MURATEFENDİ;HİKMET ÇİMEN CADDE;cadde;151635
ERZURUM;UZUNDERE;MURATEFENDİ;KOTAN ÇIKMAZ SOKAK;sokak;81000
ERZURUM;UZUNDERE;MURATEFENDİ;ÖZDERE SOKAK;sokak;81003
ERZURUM;UZUNDERE;MURATEFENDİ;RÜSTEM ÇİMEN CADDE;cadde;81002
ERZURUM;UZUNDERE;MURATEFENDİ;ŞEN SOKAK;sokak;151318
ERZURUM;UZUNDERE;MURATEFENDİ;TURAN SOKAK;sokak;151636
ERZURUM;UZUNDERE;MURATEFENDİ;UZUNDERELİ CADDE;cadde;731352
ERZURUM;UZUNDERE;PEHLİVANLI;BEYLİK KÜME EVLER;sokak;687207
ERZURUM;UZUNDERE;PEHLİVANLI;BEYLİK1 KÜME EVLER;sokak;130306481
ERZURUM;UZUNDERE;PEHLİVANLI;BİLİNMEYEN10 SOKAK;sokak;692231700
ERZURUM;UZUNDERE;PEHLİVANLI;BİLİNMEYEN11 SOKAK;sokak;674876781
ERZURUM;UZUNDERE;PEHLİVANLI;BİLİNMEYEN19 SOKAK;sokak;638285600
ERZURUM;UZUNDERE;PEHLİVANLI;BİLİNMEYEN45 KÜME EVLER;sokak;642612820
ERZURUM;UZUNDERE;PEHLİVANLI;BİLİNMEYEN7 SOKAK;sokak;675782521
ERZURUM;UZUNDERE;PEHLİVANLI;BİLİNMEYEN8 SOKAK;sokak;545878031
ERZURUM;UZUNDERE;PEHLİVANLI;BİLİNMEYEN9 SOKAK;sokak;838696360
ERZURUM;UZUNDERE;PEHLİVANLI;BOŞNAK SOKAK;sokak;679655
ERZURUM;UZUNDERE;PEHLİVANLI;BOŞNAK/1 SOKAK;sokak;797150091
ERZURUM;UZUNDERE;PEHLİVANLI;BOŞNAK/2 SOKAK;sokak;927400750
ERZURUM;UZUNDERE;PEHLİVANLI;BOŞNAK1 SOKAK;sokak;591560340
ERZURUM;UZUNDERE;PEHLİVANLI;BOŞNAK2 SOKAK;sokak;928463771
ERZURUM;UZUNDERE;PEHLİVANLI;BOŞNAK3 SOKAK;sokak;855507620
ERZURUM;UZUNDERE;PEHLİVANLI;CAMİ YOLU SOKAK;sokak;1472713
ERZURUM;UZUNDERE;PEHLİVANLI;ÇAVUŞOĞLU1 KÜME EVLER;sokak;671408
ERZURUM;UZUNDERE;PEHLİVANLI;FINDIKLI SOKAK;sokak;415830
ERZURUM;UZUNDERE;PEHLİVANLI;GÜVÜT KAPI SOKAK;sokak;1475399
ERZURUM;UZUNDERE;PEHLİVANLI;HOCAOĞLU KÜME EVLER;sokak;680591
ERZURUM;UZUNDERE;PEHLİVANLI;HÜSEYİN AĞA KÜME EVLER;sokak;667465
ERZURUM;UZUNDERE;PEHLİVANLI;MOLLAÖMER SOKAK;sokak;678519
ERZURUM;UZUNDERE;PEHLİVANLI;MUHTAR SOKAK;sokak;676983
ERZURUM;UZUNDERE;PEHLİVANLI;MÜDERRİS AHMET EFENDİ CADDE;cadde;670752
ERZURUM;UZUNDERE;PEHLİVANLI;MÜDERRİS AHMET EFENDİ1 CADDE;cadde;720101191
ERZURUM;UZUNDERE;PEHLİVANLI;MÜDERRİS AHMET EFENDİ2 CADDE;cadde;672052521
ERZURUM;UZUNDERE;PEHLİVANLI;MÜFTÜ OSMAN- CADDE;cadde;676324
ERZURUM;UZUNDERE;PEHLİVANLI;NURALİ KÜME EVLER;sokak;277173
ERZURUM;UZUNDERE;PEHLİVANLI;OKUL SOKAK;sokak;671407
ERZURUM;UZUNDERE;PEHLİVANLI;OSMANLI CADDE;cadde;679586
ERZURUM;UZUNDERE;PEHLİVANLI;PULUNDİBİ SOKAK;sokak;679864
ERZURUM;UZUNDERE;PEHLİVANLI;SERDEBE SOKAK;sokak;1472715
ERZURUM;UZUNDERE;PEHLİVANLI;SÜMBÜL SOKAK;sokak;277190
ERZURUM;UZUNDERE;PEHLİVANLI;SÜMBÜL1 SOKAK;sokak;615037280
ERZURUM;UZUNDERE;PEHLİVANLI;ŞEHİT MEHMET KESKİN CADDE;cadde;447167
ERZURUM;UZUNDERE;PEHLİVANLI;TERZİLER KÜME EVLER;sokak;693069
ERZURUM;UZUNDERE;PEHLİVANLI;TİLKİTEPESİ KÜME EVLER;sokak;419366
ERZURUM;UZUNDERE;PEHLİVANLI;YENI YOL 1 SOKAK;sokak;540581930
ERZURUM;UZUNDERE;PEHLİVANLI;YENI YOL 2 KÜME EVLER;sokak;329945191
ERZURUM;UZUNDERE;SAPACA;AKBAŞ SOKAK;sokak;1145083
ERZURUM;UZUNDERE;SAPACA;AKGÜN SOKAK;sokak;1145085
ERZURUM;UZUNDERE;SAPACA;ATATÜRK CADDE;cadde;184500491
ERZURUM;UZUNDERE;SAPACA;BİLGEN SOKAK;sokak;1145069
ERZURUM;UZUNDERE;SAPACA;DÜZENLİ SOKAK;sokak;1145061
ERZURUM;UZUNDERE;SAPACA;KALE SOKAK;sokak;1145071
ERZURUM;UZUNDERE;SAPACA;KARAHANLI SOKAK;sokak;1145079
ERZURUM;UZUNDERE;SAPACA;MERAL SOKAK;sokak;1145081
ERZURUM;UZUNDERE;SAPACA;OSMAN EFENDİ SOKAK;sokak;1145075
ERZURUM;UZUNDERE;SAPACA;SAPACA ANA CADDE;cadde;1145059
ERZURUM;UZUNDERE;SAPACA;SAPACA KÖYÜ SOKAK;sokak;477429
ERZURUM;UZUNDERE;SAPACA;SİYAMİ EFENDİ SOKAK;sokak;1145077
ERZURUM;UZUNDERE;SEYİTEFENDİ;ARALI SOKAK;sokak;341670
ERZURUM;UZUNDERE;SEYİTEFENDİ;BAHÇELİ EVLER SOKAK;sokak;151644
ERZURUM;UZUNDERE;SEYİTEFENDİ;ERTEKLER ÇIKMAZ SOKAK;sokak;151649
ERZURUM;UZUNDERE;SEYİTEFENDİ;HANOĞLU SOKAK;sokak;151643
ERZURUM;UZUNDERE;SEYİTEFENDİ;Ş.SİYAMİ AKYÜZ CADDE;cadde;731355
ERZURUM;UZUNDERE;SEYİTEFENDİ;UZUNDERELİ CADDE;cadde;731353
ERZURUM;UZUNDERE;ULUBAĞ;AMBARLI SOKAK;sokak;1145245
ERZURUM;UZUNDERE;ULUBAĞ;ARTVİN CADDE;cadde;1145227
ERZURUM;UZUNDERE;ULUBAĞ;ATATÜRK SOKAK;sokak;262628
ERZURUM;UZUNDERE;ULUBAĞ;BAĞLARBAŞI SOKAK;sokak;1145249
ERZURUM;UZUNDERE;ULUBAĞ;DUTÇULAR SOKAK;sokak;1145243
ERZURUM;UZUNDERE;ULUBAĞ;EMİNOĞLU SOKAK;sokak;1145241
ERZURUM;UZUNDERE;ULUBAĞ;GÖLLER SOKAK;sokak;1145253
ERZURUM;UZUNDERE;ULUBAĞ;HABİPOĞLU SOKAK;sokak;1145237
ERZURUM;UZUNDERE;ULUBAĞ;HÜSEYİN EFENDİ SOKAK;sokak;1145239
ERZURUM;UZUNDERE;ULUBAĞ;İSTANBULLU CADDE;cadde;1145231
ERZURUM;UZUNDERE;ULUBAĞ;KAYABAŞI SOKAK;sokak;1145233
ERZURUM;UZUNDERE;ULUBAĞ;MOLLAOĞLU SOKAK;sokak;1145235
ERZURUM;UZUNDERE;ULUBAĞ;PEHLİVAN SOKAK;sokak;1145275
ERZURUM;UZUNDERE;ULUBAĞ;SANTRAL CADDE;cadde;81266827
ERZURUM;UZUNDERE;ULUBAĞ;SEFEROĞLU SOKAK;sokak;1145247
ERZURUM;UZUNDERE;ULUBAĞ;SİTELER 1 SOKAK;sokak;1145265
ERZURUM;UZUNDERE;ULUBAĞ;SİTELER 2 SOKAK;sokak;1145269
ERZURUM;UZUNDERE;ULUBAĞ;SİTELER 3 SOKAK;sokak;1145271
ERZURUM;UZUNDERE;ULUBAĞ;SİTELER 4 SOKAK;sokak;1145273
ERZURUM;UZUNDERE;ULUBAĞ;SİTELER SOKAK;sokak;1145263
ERZURUM;UZUNDERE;ULUBAĞ;TAŞ NANESİ SOKAK;sokak;1145255
ERZURUM;UZUNDERE;ULUBAĞ;ULUBAG SOKAK;sokak;552914
ERZURUM;UZUNDERE;ULUBAĞ;ULUBAĞLAR CADDE;cadde;1145229
ERZURUM;UZUNDERE;ULUBAĞ;YEDİ GÖLLER CADDE;cadde;1145251
ERZURUM;UZUNDERE;ULUBAĞ;YEŞİL CENNET SOKAK;sokak;1145259
ERZURUM;UZUNDERE;ULUBAĞ;YEŞİL VADİ SOKAK;sokak;1145261
ERZURUM;UZUNDERE;ULUBAĞ;YIKIKLAR SOKAK;sokak;89904
ERZURUM;UZUNDERE;ULUBAĞ;YILDIZ SOKAK;sokak;1145257
ERZURUM;UZUNDERE;UZUNDERE;ALİGİLİN SOKAK;sokak;731336
ERZURUM;UZUNDERE;UZUNDERE;ALTUN ÇIKMAZ SOKAK;sokak;731338
ERZURUM;UZUNDERE;UZUNDERE;ASMALI SOKAK;sokak;731348
ERZURUM;UZUNDERE;UZUNDERE;ÇAKMAKLI ÇIKMAZ SOKAK;sokak;731349
ERZURUM;UZUNDERE;UZUNDERE;ÇELİKOĞLU SOKAK;sokak;721711
ERZURUM;UZUNDERE;UZUNDERE;DARALAN SOKAK;sokak;721705
ERZURUM;UZUNDERE;UZUNDERE;DEMİRCAN SOKAK;sokak;731335
ERZURUM;UZUNDERE;UZUNDERE;DİKMEN SOKAK;sokak;731350
ERZURUM;UZUNDERE;UZUNDERE;ERDEMLER SOKAK;sokak;731343
ERZURUM;UZUNDERE;UZUNDERE;KAZANDERE SOKAK;sokak;731346
ERZURUM;UZUNDERE;UZUNDERE;OKUL CADDE;cadde;731333
ERZURUM;UZUNDERE;UZUNDERE;RAHİMOĞLU SOKAK;sokak;727059
ERZURUM;UZUNDERE;UZUNDERE;UZUNDERELİ CADDE;cadde;731332
ERZURUM;UZUNDERE;YAYLA;AĞAÇLI SOKAK;sokak;342032
ERZURUM;UZUNDERE;YAYLA;ANADOLU CADDE;cadde;342033
ERZURUM;UZUNDERE;YAYLA;CAMİİ SOKAK;sokak;342029
ERZURUM;UZUNDERE;YAYLA;ÇAKIROĞLU SOKAK;sokak;151653
ERZURUM;UZUNDERE;YAYLA;İSTİKLAL CADDE;cadde;342026
ERZURUM;UZUNDERE;YAYLA;OSMANLI CADDE;cadde;727062
ERZURUM;UZUNDERE;YAYLA;ÖZDOĞAN SOKAK;sokak;727064
ERZURUM;UZUNDERE;YAYLA;TEKİN SOKAK;sokak;727063
ERZURUM;UZUNDERE;YAYLA;TUNÇ SOKAK;sokak;151654
ERZURUM;UZUNDERE;YAYLA;UZUNDERELİ CADDE;cadde;290632111
ERZURUM;UZUNDERE;YAYLA;YALÇINLAR ÇIKMAZ SOKAK;sokak;726190
ERZURUM;YAKUTİYE;AKDAĞ;AKDAĞ KÜME EVLER;sokak;611339
ERZURUM;YAKUTİYE;AKDAĞ;TORTUM YOLU CADDE;cadde;153114180
ERZURUM;YAKUTİYE;AKTOPRAK;AKTOPRAK KÜME EVLER;sokak;450827
ERZURUM;YAKUTİYE;ALTINBULAK;ALTINBULAK KÜME EVLER;sokak;790306
ERZURUM;YAKUTİYE;ALTINTEPE;ALTINTEPE KÜME EVLER;sokak;368591
ERZURUM;YAKUTİYE;ARIBAHÇE;ARIBAHÇE KÜME EVLER;sokak;201050
ERZURUM;YAKUTİYE;ÇAYIRCA;ÇAYIRCA KÜME EVLER;sokak;234779
ERZURUM;YAKUTİYE;ÇAYIRTEPE;ÇAYIR KÜME EVLER;sokak;27570
ERZURUM;YAKUTİYE;ÇAYIRTEPE;ÇEVRE YOLU BULVAR;sokak;335049450
ERZURUM;YAKUTİYE;ÇAYIRTEPE;GELİNALAYI SOKAK;sokak;828421541
ERZURUM;YAKUTİYE;ÇAYIRTEPE;HASIR BAHÇE SOKAK;sokak;216400731
ERZURUM;YAKUTİYE;ÇAYIRTEPE;HATTAT SOKAK;sokak;758405791
ERZURUM;YAKUTİYE;ÇAYIRTEPE;İREM SOKAK;sokak;736517881
ERZURUM;YAKUTİYE;ÇAYIRTEPE;İYİNİYET SOKAK;sokak;722186391
ERZURUM;YAKUTİYE;ÇAYIRTEPE;KADER SOKAK;sokak;241570261
ERZURUM;YAKUTİYE;ÇAYIRTEPE;KAFKAS SOKAK;sokak;496260211
ERZURUM;YAKUTİYE;ÇAYIRTEPE;KALAYCI SOKAK;sokak;782770841
ERZURUM;YAKUTİYE;ÇİFTLİK;ARI KÜME EVLER;sokak;790235
ERZURUM;YAKUTİYE;ÇİFTLİK;ASKERİ HAVA MEYDAN LOJMANLARI- KÜME EVLER;sokak;768944
ERZURUM;YAKUTİYE;ÇİFTLİK;ÇEVRE YOLU BULVAR;sokak;444221780
ERZURUM;YAKUTİYE;ÇİFTLİK;ÇİFTLİK 1 KÜME EVLER;sokak;410904160
ERZURUM;YAKUTİYE;ÇİFTLİK;ÇİFTLİK KÜME EVLER;sokak;756240
ERZURUM;YAKUTİYE;ÇİFTLİK;ÇİFTLİK1 KÜME EVLER;sokak;426353340
ERZURUM;YAKUTİYE;ÇİFTLİK;ERZURUM HAVA MEYDAN LOJMANLARI SOKAK;sokak;425314
ERZURUM;YAKUTİYE;ÇİFTLİK;FARABİ BULVAR;sokak;47096813
ERZURUM;YAKUTİYE;ÇİFTLİK;HAVA ALANI YOLU CADDE;cadde;892722
ERZURUM;YAKUTİYE;ÇİFTLİK;HAVA MEYDAN ESKİ GEN.MÜD.- KÜME EVLER;sokak;378156
ERZURUM;YAKUTİYE;ÇİFTLİK;SİVİL HAVA ALANI LOJMANLARI SOKAK;sokak;649019600
ERZURUM;YAKUTİYE;DADAŞKÖY;2. İBRAHİM HAKKI CADDE;cadde;775810
ERZURUM;YAKUTİYE;DADAŞKÖY;2. İBRAHİM HAKKI/1 SOKAK;sokak;503870420
ERZURUM;YAKUTİYE;DADAŞKÖY;2. İBRAHİM HAKKI/2 SOKAK;sokak;359631980
ERZURUM;YAKUTİYE;DADAŞKÖY;2. İBRAHİM HAKKI/3 SOKAK;sokak;837225870
ERZURUM;YAKUTİYE;DADAŞKÖY;AĞIRBAKIM CADDE;cadde;773493
ERZURUM;YAKUTİYE;DADAŞKÖY;AK SOKAK;sokak;21250
ERZURUM;YAKUTİYE;DADAŞKÖY;AK/1 SOKAK;sokak;850333710
ERZURUM;YAKUTİYE;DADAŞKÖY;AK/2 SOKAK;sokak;262434930
ERZURUM;YAKUTİYE;DADAŞKÖY;ALİ KUŞÇU SOKAK;sokak;931379170
ERZURUM;YAKUTİYE;DADAŞKÖY;ATATÜRK CADDE;cadde;363863
ERZURUM;YAKUTİYE;DADAŞKÖY;ATATÜRK/1 SOKAK;sokak;149625590
ERZURUM;YAKUTİYE;DADAŞKÖY;ATATÜRK/2 SOKAK;sokak;211347130
ERZURUM;YAKUTİYE;DADAŞKÖY;ATATÜRK/3 SOKAK;sokak;797865700
ERZURUM;YAKUTİYE;DADAŞKÖY;AY SOKAK;sokak;294293
ERZURUM;YAKUTİYE;DADAŞKÖY;BOSNA CADDE;cadde;448485
ERZURUM;YAKUTİYE;DADAŞKÖY;BOSNA/1 SOKAK;sokak;670283990
ERZURUM;YAKUTİYE;DADAŞKÖY;BOSNA/2 SOKAK;sokak;548377940
ERZURUM;YAKUTİYE;DADAŞKÖY;BOSNA/3 SOKAK;sokak;114477940
ERZURUM;YAKUTİYE;DADAŞKÖY;BUĞRA SOKAK;sokak;666776341
ERZURUM;YAKUTİYE;DADAŞKÖY;CAMİ SOKAK;sokak;378132
ERZURUM;YAKUTİYE;DADAŞKÖY;CAMİ/1 SOKAK;sokak;369517700
ERZURUM;YAKUTİYE;DADAŞKÖY;CAMİ/2 SOKAK;sokak;846032730
ERZURUM;YAKUTİYE;DADAŞKÖY;CAN SOKAK;sokak;408304651
ERZURUM;YAKUTİYE;DADAŞKÖY;ÇALIŞKAN SOKAK;sokak;216281851
ERZURUM;YAKUTİYE;DADAŞKÖY;ÇEVRE YOLU BULVAR;sokak;829510
ERZURUM;YAKUTİYE;DADAŞKÖY;ÇİFTLİK YOLU SOKAK;sokak;590635780
ERZURUM;YAKUTİYE;DADAŞKÖY;DADAŞ KÖYÜ YOLU CADDE;cadde;115161431
ERZURUM;YAKUTİYE;DADAŞKÖY;DADAŞ SOKAK;sokak;259330
ERZURUM;YAKUTİYE;DADAŞKÖY;DADAŞ/1 SOKAK;sokak;159848590
ERZURUM;YAKUTİYE;DADAŞKÖY;DADAŞ/2 SOKAK;sokak;448454440
ERZURUM;YAKUTİYE;DADAŞKÖY;DADAŞKÖY 1.- SOKAK;sokak;444614
ERZURUM;YAKUTİYE;DADAŞKÖY;DADAŞKÖY 1./1 SOKAK;sokak;816359550
ERZURUM;YAKUTİYE;DADAŞKÖY;DADAŞKÖY 2. SOKAK;sokak;444615
ERZURUM;YAKUTİYE;DADAŞKÖY;DADAŞKÖY 3. SOKAK;sokak;193934
ERZURUM;YAKUTİYE;DADAŞKÖY;DADAŞKÖY 4. SOKAK;sokak;773983
ERZURUM;YAKUTİYE;DADAŞKÖY;DADAŞKÖY 5. SOKAK;sokak;193933
ERZURUM;YAKUTİYE;DADAŞKÖY;DADAŞKÖY FATİH CADDE;cadde;193932
ERZURUM;YAKUTİYE;DADAŞKÖY;DADAŞKÖY LOJMANLAR SOKAK;sokak;773489
ERZURUM;YAKUTİYE;DADAŞKÖY;DADAŞKÖY LOJMANLAR/2 SOKAK;sokak;180805560
ERZURUM;YAKUTİYE;DADAŞKÖY;DADAŞKÖY LOJMANLAR/3 SOKAK;sokak;311909600
ERZURUM;YAKUTİYE;DADAŞKÖY;DADAŞKÖY YAVUZ CADDE;cadde;773491
ERZURUM;YAKUTİYE;DADAŞKÖY;DADAŞKÖY YAVUZ/1 SOKAK;sokak;608562910
ERZURUM;YAKUTİYE;DADAŞKÖY;DADAŞKÖY YAVUZ/2 SOKAK;sokak;140226930
ERZURUM;YAKUTİYE;DADAŞKÖY;DADAŞKÖYÜ MENDERES CADDE;cadde;219745
ERZURUM;YAKUTİYE;DADAŞKÖY;DADAŞKÖYÜ MENDERES/1 SOKAK;sokak;226271450
ERZURUM;YAKUTİYE;DADAŞKÖY;DADAŞKÖYÜ MENDERES/2 SOKAK;sokak;610538490
ERZURUM;YAKUTİYE;DADAŞKÖY;DALGIÇ SOKAK;sokak;100726841
ERZURUM;YAKUTİYE;DADAŞKÖY;DAR SOKAK;sokak;220823
ERZURUM;YAKUTİYE;DADAŞKÖY;DAR/1 SOKAK;sokak;576552680
ERZURUM;YAKUTİYE;DADAŞKÖY;ELİF SOKAK;sokak;632666541
ERZURUM;YAKUTİYE;DADAŞKÖY;ERDEM SOKAK;sokak;331314831
ERZURUM;YAKUTİYE;DADAŞKÖY;ESER SOKAK;sokak;980700481
ERZURUM;YAKUTİYE;DADAŞKÖY;FİGEN SOKAK;sokak;440428931
ERZURUM;YAKUTİYE;DADAŞKÖY;GAYRET SOKAK;sokak;423407521
ERZURUM;YAKUTİYE;DADAŞKÖY;İSTİKLAL CADDE;cadde;294301
ERZURUM;YAKUTİYE;DADAŞKÖY;İSTİKLAL/1 SOKAK;sokak;196107320
ERZURUM;YAKUTİYE;DADAŞKÖY;İSTİKLAL/3 SOKAK;sokak;855329190
ERZURUM;YAKUTİYE;DADAŞKÖY;İSTİKLAL/5 SOKAK;sokak;173873820
ERZURUM;YAKUTİYE;DADAŞKÖY;İSTİKLAL/6 SOKAK;sokak;811967430
ERZURUM;YAKUTİYE;DADAŞKÖY;KAMER KÜME EVLER;sokak;220821
ERZURUM;YAKUTİYE;DADAŞKÖY;KAMER/1 SOKAK;sokak;613039700
ERZURUM;YAKUTİYE;DADAŞKÖY;KAMER/2 SOKAK;sokak;681688710
ERZURUM;YAKUTİYE;DADAŞKÖY;KAMER/3 SOKAK;sokak;816148850
ERZURUM;YAKUTİYE;DADAŞKÖY;KARASU CADDE;cadde;426420
ERZURUM;YAKUTİYE;DADAŞKÖY;KARASU/1 SOKAK;sokak;393344610
ERZURUM;YAKUTİYE;DADAŞKÖY;KARASU/2 SOKAK;sokak;827335360
ERZURUM;YAKUTİYE;DADAŞKÖY;KARASU/3 SOKAK;sokak;392653760
ERZURUM;YAKUTİYE;DADAŞKÖY;KIR SOKAK;sokak;218435
ERZURUM;YAKUTİYE;DADAŞKÖY;KOCAVEZİR SOKAK;sokak;435320271
ERZURUM;YAKUTİYE;DADAŞKÖY;KOMBİNA CADDE;cadde;742909091
ERZURUM;YAKUTİYE;DADAŞKÖY;KONUK SOKAK;sokak;390428581
ERZURUM;YAKUTİYE;DADAŞKÖY;KOŞU SOKAK;sokak;576156501
ERZURUM;YAKUTİYE;DADAŞKÖY;MEVLANA SOKAK;sokak;430811
ERZURUM;YAKUTİYE;DADAŞKÖY;MEVLANA/1 SOKAK;sokak;352384010
ERZURUM;YAKUTİYE;DADAŞKÖY;MEVLANA/2 SOKAK;sokak;510437500
ERZURUM;YAKUTİYE;DADAŞKÖY;MEVLANA/3 SOKAK;sokak;907784730
ERZURUM;YAKUTİYE;DADAŞKÖY;MEVSİM SOKAK;sokak;788606571
ERZURUM;YAKUTİYE;DADAŞKÖY;MEZARLIK SOKAK;sokak;296713
ERZURUM;YAKUTİYE;DADAŞKÖY;MİLLET CADDE;cadde;219662
ERZURUM;YAKUTİYE;DADAŞKÖY;MİLLET/1 SOKAK;sokak;463366080
ERZURUM;YAKUTİYE;DADAŞKÖY;NAFİZ KOTAN BULVAR;sokak;242673530
ERZURUM;YAKUTİYE;DADAŞKÖY;OBA KÜME EVLER;sokak;229458
ERZURUM;YAKUTİYE;DADAŞKÖY;OVA KÜME EVLER;sokak;304468
ERZURUM;YAKUTİYE;DADAŞKÖY;OVA/1 KÜME EVLER;sokak;152466300
ERZURUM;YAKUTİYE;DADAŞKÖY;ÖREN SOKAK;sokak;172251371
ERZURUM;YAKUTİYE;DADAŞKÖY;ÖRENCİK SOKAK;sokak;848600481
ERZURUM;YAKUTİYE;DADAŞKÖY;ÖZAL SOKAK;sokak;773490
ERZURUM;YAKUTİYE;DADAŞKÖY;ÖZEN SOKAK;sokak;758135271
ERZURUM;YAKUTİYE;DADAŞKÖY;SELAMİ ALTINOK CADDE;cadde;398686331
ERZURUM;YAKUTİYE;DADAŞKÖY;SÜMBÜL SOKAK;sokak;770528
ERZURUM;YAKUTİYE;DADAŞKÖY;ŞEHİT AHMET ÖGCÜ CADDE;cadde;780220
ERZURUM;YAKUTİYE;DADAŞKÖY;ŞEHİT ALİ BENTOĞLU CADDE;cadde;220858
ERZURUM;YAKUTİYE;DADAŞKÖY;ŞEHİT ALİ BENTOĞLU/1 SOKAK;sokak;440876660
ERZURUM;YAKUTİYE;DADAŞKÖY;ŞEHİT ALİ BENTOĞLU/2 SOKAK;sokak;675523310
ERZURUM;YAKUTİYE;DADAŞKÖY;ŞEHİT ALİ BENTOĞLU/3 SOKAK;sokak;810405450
ERZURUM;YAKUTİYE;DADAŞKÖY;TERFİ MERKEZİ SOKAK;sokak;868500
ERZURUM;YAKUTİYE;DADAŞKÖY;TERMİNAL YOLU SOKAK;sokak;154672440
ERZURUM;YAKUTİYE;DADAŞKÖY;VATAN/1 CADDE;cadde;357071990
ERZURUM;YAKUTİYE;DADAŞKÖY;YAVUZ SULTAN SELİM CADDE;cadde;145350
ERZURUM;YAKUTİYE;DADAŞKÖY;YAVUZ SULTAN SELİM/1 SOKAK;sokak;667423390
ERZURUM;YAKUTİYE;DADAŞKÖY;YUNUSEMRE SOKAK;sokak;157705
ERZURUM;YAKUTİYE;DEĞİRMENLER;DEĞİRMENLER KÜME EVLER;sokak;287190
ERZURUM;YAKUTİYE;DUMLU;1. DUMLU SOKAK;sokak;759671580
ERZURUM;YAKUTİYE;DUMLU;1. HALİTPAŞA SOKAK;sokak;504557810
ERZURUM;YAKUTİYE;DUMLU;1. KARAKOL SOKAK;sokak;559023240
ERZURUM;YAKUTİYE;DUMLU;1. SOKAK;sokak;299306
ERZURUM;YAKUTİYE;DUMLU;1. ŞELALE SOKAK;sokak;522581590
ERZURUM;YAKUTİYE;DUMLU;10. DUMLU SOKAK;sokak;430938630
ERZURUM;YAKUTİYE;DUMLU;11. DUMLU SOKAK;sokak;134922440
ERZURUM;YAKUTİYE;DUMLU;12. DUMLU SOKAK;sokak;491510200
ERZURUM;YAKUTİYE;DUMLU;13. DUMLU SOKAK;sokak;191734670
ERZURUM;YAKUTİYE;DUMLU;14. DUMLU SOKAK;sokak;940561990
ERZURUM;YAKUTİYE;DUMLU;2. DUMLU SOKAK;sokak;676233890
ERZURUM;YAKUTİYE;DUMLU;2. HALİTPAŞA SOKAK;sokak;910100410
ERZURUM;YAKUTİYE;DUMLU;2. ŞELALE SOKAK;sokak;547400140
ERZURUM;YAKUTİYE;DUMLU;2.KÜME SOKAK;sokak;215628
ERZURUM;YAKUTİYE;DUMLU;3. DUMLU SOKAK;sokak;789151620
ERZURUM;YAKUTİYE;DUMLU;3. HALİTPAŞA SOKAK;sokak;390515030
ERZURUM;YAKUTİYE;DUMLU;3. ŞELALE SOKAK;sokak;689370360
ERZURUM;YAKUTİYE;DUMLU;4. DUMLU SOKAK;sokak;932822000
ERZURUM;YAKUTİYE;DUMLU;4. HALİTPAŞA SOKAK;sokak;748608590
ERZURUM;YAKUTİYE;DUMLU;5. DUMLU SOKAK;sokak;423567900
ERZURUM;YAKUTİYE;DUMLU;5. HALİTPAŞA SOKAK;sokak;105761710
ERZURUM;YAKUTİYE;DUMLU;6. DUMLU SOKAK;sokak;871456370
ERZURUM;YAKUTİYE;DUMLU;7. DUMLU SOKAK;sokak;423220080
ERZURUM;YAKUTİYE;DUMLU;8. DUMLU SOKAK;sokak;512655020
ERZURUM;YAKUTİYE;DUMLU;9. DUMLU SOKAK;sokak;412765770
ERZURUM;YAKUTİYE;DUMLU;AYDINLIK ÇEŞME SOKAK;sokak;713988
ERZURUM;YAKUTİYE;DUMLU;AYDINLIK ÇEŞME/2 SOKAK;sokak;265124000
ERZURUM;YAKUTİYE;DUMLU;AYDINLIK HAMAM SOKAK;sokak;414547
ERZURUM;YAKUTİYE;DUMLU;AYDINLIK HAMAM/1 SOKAK;sokak;944942000
ERZURUM;YAKUTİYE;DUMLU;DUMLU HALİTPAŞA CADDE;cadde;710857
ERZURUM;YAKUTİYE;DUMLU;DUMLU KÜME EVLER;sokak;848784200
ERZURUM;YAKUTİYE;DUMLU;DUMLU TORTUMYOLU CADDE;cadde;252255820
ERZURUM;YAKUTİYE;DUMLU;DUMLU TORTUMYOLU- CADDE;cadde;1027514
ERZURUM;YAKUTİYE;DUMLU;HACI NURULLAH SOKAK;sokak;414573
ERZURUM;YAKUTİYE;DUMLU;HAFIZ DAYI SOKAK;sokak;710858
ERZURUM;YAKUTİYE;DUMLU;KARAKOL SOKAK;sokak;710856
ERZURUM;YAKUTİYE;DUMLU;MARAŞAL FEVZİ ÇAKMAK CADDE;cadde;473508
ERZURUM;YAKUTİYE;DUMLU;ŞELALE CADDE;cadde;713535
ERZURUM;YAKUTİYE;DUMLU;TORTUM YOLU CADDE;cadde;497858350
ERZURUM;YAKUTİYE;DUMLU;YUNUS EMRE 2. CADDE;cadde;708059
ERZURUM;YAKUTİYE;GÖKÇEYAMAÇ;GÖKÇEYAMAÇ KÜME EVLER;sokak;536810
ERZURUM;YAKUTİYE;GÜLPINAR;GÜLPINAR KÜME EVLER;sokak;776735
ERZURUM;YAKUTİYE;GÜNGÖRMEZ;GÜNGÖRMEZ KÜME EVLER;sokak;249558
ERZURUM;YAKUTİYE;GÜZELOVA;GÜZELOVA KÜME EVLER;sokak;750392
ERZURUM;YAKUTİYE;GÜZELOVA;GÜZELOVA/1 SOKAK;sokak;643979200
ERZURUM;YAKUTİYE;GÜZELOVA;GÜZELOVA/2 SOKAK;sokak;307581890
ERZURUM;YAKUTİYE;GÜZELOVA;GÜZELOVA/3 SOKAK;sokak;280668920
ERZURUM;YAKUTİYE;GÜZELOVA;GÜZELOVA/4 SOKAK;sokak;186626010
ERZURUM;YAKUTİYE;GÜZELOVA;GÜZELOVA/5 SOKAK;sokak;841916260
ERZURUM;YAKUTİYE;GÜZELOVA;GÜZELOVA1 KÜME EVLER;sokak;581223260
ERZURUM;YAKUTİYE;GÜZELOVA;TORTUM YOLU CADDE;cadde;243685810
ERZURUM;YAKUTİYE;GÜZELYAYLA;GÜZELYAYLA KÜME EVLER;sokak;531506
ERZURUM;YAKUTİYE;GÜZELYAYLA;ŞENYURT KÜME EVLER;sokak;603440740
ERZURUM;YAKUTİYE;GÜZELYAYLA;TORTUM YOLU CADDE;cadde;106481520
ERZURUM;YAKUTİYE;GÜZELYAYLA;YUMAKLI KÜME EVLER;sokak;414276340
ERZURUM;YAKUTİYE;İBRAHİM HAKKI;2.BAHÇELİ SOKAK;sokak;321592
ERZURUM;YAKUTİYE;İBRAHİM HAKKI;2.BAHÇELİ/3 SOKAK;sokak;511155900
ERZURUM;YAKUTİYE;İBRAHİM HAKKI;2.KARASU SOKAK;sokak;327227
ERZURUM;YAKUTİYE;İBRAHİM HAKKI;2.KARASU/1 SOKAK;sokak;860060120
ERZURUM;YAKUTİYE;İBRAHİM HAKKI;7.CAMİ SOKAK;sokak;33138
ERZURUM;YAKUTİYE;İBRAHİM HAKKI;8.CAMİ SOKAK;sokak;390254
ERZURUM;YAKUTİYE;İBRAHİM HAKKI;BADEGÜL SOKAK;sokak;500711
ERZURUM;YAKUTİYE;İBRAHİM HAKKI;BADEGÜL/1 SOKAK;sokak;572216080
ERZURUM;YAKUTİYE;İBRAHİM HAKKI;BADEGÜL/2 SOKAK;sokak;935989100
ERZURUM;YAKUTİYE;İBRAHİM HAKKI;BADEGÜL/3 SOKAK;sokak;445535010
ERZURUM;YAKUTİYE;İBRAHİM HAKKI;ÇEVRE YOLU BULVAR;sokak;829397
ERZURUM;YAKUTİYE;İBRAHİM HAKKI;DAMLA SOKAK;sokak;663505701
ERZURUM;YAKUTİYE;İBRAHİM HAKKI;DURSUN SOKAK;sokak;792721
ERZURUM;YAKUTİYE;İBRAHİM HAKKI;FİLİZ 2.- CADDE;cadde;383244
ERZURUM;YAKUTİYE;İBRAHİM HAKKI;İBRAHİM HAKKI /2 SOKAK;sokak;327327110
ERZURUM;YAKUTİYE;İBRAHİM HAKKI;İBRAHİM HAKKI ÇEŞME SOKAK;sokak;383245
ERZURUM;YAKUTİYE;İBRAHİM HAKKI;İBRAHİM HAKKI ÇEŞME/1 SOKAK;sokak;544647630
ERZURUM;YAKUTİYE;İBRAHİM HAKKI;KIRMIZIGÜL SOKAK;sokak;792722
ERZURUM;YAKUTİYE;İBRAHİM HAKKI;KIRMIZIGÜL/1 SOKAK;sokak;288495780
ERZURUM;YAKUTİYE;İBRAHİM HAKKI;MEYDAN SOKAK;sokak;327964
ERZURUM;YAKUTİYE;İBRAHİM HAKKI;MEYDAN1 SOKAK;sokak;276501000
ERZURUM;YAKUTİYE;İBRAHİM HAKKI;MEYDAN2 SOKAK;sokak;162630550
ERZURUM;YAKUTİYE;İBRAHİM HAKKI;MEYDAN3 SOKAK;sokak;409300910
ERZURUM;YAKUTİYE;İBRAHİM HAKKI;PINAR SOKAK;sokak;338750631
ERZURUM;YAKUTİYE;İBRAHİM HAKKI;ŞIH KÖYÜ CADDE;cadde;467598090
ERZURUM;YAKUTİYE;İBRAHİM HAKKI;TEŞBİH SOKAK;sokak;197068031
ERZURUM;YAKUTİYE;İBRAHİM HAKKI;YENI YOL SOKAK;sokak;566278540
ERZURUM;YAKUTİYE;İBRAHİM HAKKI;YONCA SOKAK;sokak;807977
ERZURUM;YAKUTİYE;İBRAHİM HAKKI;YUNUS AĞA SOKAK;sokak;33142
ERZURUM;YAKUTİYE;İBRAHİM HAKKI;YUNUS AĞA/1 SOKAK;sokak;634273890
ERZURUM;YAKUTİYE;İBRAHİM HAKKI;YUNUS AĞA/2 SOKAK;sokak;757132550
ERZURUM;YAKUTİYE;İBRAHİM HAKKI;YÜSRA SOKAK;sokak;177680291
ERZURUM;YAKUTİYE;KARAGÖBEK;KARAGÖBEK KÜME EVLER;sokak;540817
ERZURUM;YAKUTİYE;KARAGÖBEK;TORTUM YOLU CADDE;cadde;150293170
ERZURUM;YAKUTİYE;KARASU;YOLGEÇTİ KÜME EVLER;sokak;779901
ERZURUM;YAKUTİYE;KAZIM KARABEKİR PAŞA;1. AYAZPAŞA CADDE;cadde;995838
ERZURUM;YAKUTİYE;KAZIM KARABEKİR PAŞA;1. DEMİRCİLER SOKAK;sokak;309081070
ERZURUM;YAKUTİYE;KAZIM KARABEKİR PAŞA;1. ENVERİYE SOKAK;sokak;207995
ERZURUM;YAKUTİYE;KAZIM KARABEKİR PAŞA;1. FETVACIOĞLU SOKAK;sokak;360901
ERZURUM;YAKUTİYE;KAZIM KARABEKİR PAŞA;1. KARANFİL SOKAK;sokak;789388
ERZURUM;YAKUTİYE;KAZIM KARABEKİR PAŞA;1. MOLLA SOKAK;sokak;13788351
ERZURUM;YAKUTİYE;KAZIM KARABEKİR PAŞA;1. NAKLİYE SOKAK;sokak;379651
ERZURUM;YAKUTİYE;KAZIM KARABEKİR PAŞA;1. ÖĞRETMEN SOKAK;sokak;206651
ERZURUM;YAKUTİYE;KAZIM KARABEKİR PAŞA;1. TURAN SOKAK;sokak;430123
ERZURUM;YAKUTİYE;KAZIM KARABEKİR PAŞA;1.TOPDAĞI CIKMAZI SOKAK;sokak;74753
ERZURUM;YAKUTİYE;KAZIM KARABEKİR PAŞA;1.TOPTANCILAR SOKAK;sokak;360906
ERZURUM;YAKUTİYE;KAZIM KARABEKİR PAŞA;2. FETVACIOĞLU SOKAK;sokak;383332
ERZURUM;YAKUTİYE;KAZIM KARABEKİR PAŞA;2. KARS KAPI CADDE;cadde;789396
ERZURUM;YAKUTİYE;KAZIM KARABEKİR PAŞA;2. NAKLİYE SOKAK;sokak;282506
ERZURUM;YAKUTİYE;KAZIM KARABEKİR PAŞA;2. TAMİRHANE SOKAK;sokak;451702
ERZURUM;YAKUTİYE;KAZIM KARABEKİR PAŞA;2. TOPDAĞI ÇIKMAZI SOKAK;sokak;298105
ERZURUM;YAKUTİYE;KAZIM KARABEKİR PAŞA;2. TURAN SOKAK;sokak;416224
ERZURUM;YAKUTİYE;KAZIM KARABEKİR PAŞA;2.TOPTANCILAR SOKAK;sokak;416091
ERZURUM;YAKUTİYE;KAZIM KARABEKİR PAŞA;3. FETVACIOĞLU SOKAK;sokak;197996
ERZURUM;YAKUTİYE;KAZIM KARABEKİR PAŞA;3. NAKLİYE SOKAK;sokak;379650
ERZURUM;YAKUTİYE;KAZIM KARABEKİR PAŞA;3. TAMİRHANE SOKAK;sokak;379652
ERZURUM;YAKUTİYE;KAZIM KARABEKİR PAŞA;3. TURAN SOKAK;sokak;204757
ERZURUM;YAKUTİYE;KAZIM KARABEKİR PAŞA;3.TOPDAĞI CIKMAZI SOKAK;sokak;410647
ERZURUM;YAKUTİYE;KAZIM KARABEKİR PAŞA;3.TOPTANCILAR SOKAK;sokak;360904
ERZURUM;YAKUTİYE;KAZIM KARABEKİR PAŞA;4. TURAN SOKAK;sokak;43911
ERZURUM;YAKUTİYE;KAZIM KARABEKİR PAŞA;4.TOPTANCILAR SOKAK;sokak;157823
ERZURUM;YAKUTİYE;KAZIM KARABEKİR PAŞA;5.TOPTANCILAR SOKAK;sokak;360903
ERZURUM;YAKUTİYE;KAZIM KARABEKİR PAŞA;50.YIL CADDE;cadde;78688
ERZURUM;YAKUTİYE;KAZIM KARABEKİR PAŞA;6.TOPTANCILAR SOKAK;sokak;416090
ERZURUM;YAKUTİYE;KAZIM KARABEKİR PAŞA;ABDURRAHMANAĞA KORUKÇU- SOKAK;sokak;69122
ERZURUM;YAKUTİYE;KAZIM KARABEKİR PAŞA;ABDURRAHMANAĞA SOKAK;sokak;605321650
ERZURUM;YAKUTİYE;KAZIM KARABEKİR PAŞA;AĞIR BAKIM ÖNÜ SOKAK;sokak;415385
ERZURUM;YAKUTİYE;KAZIM KARABEKİR PAŞA;AHMET YESEVİ CADDE;cadde;27565
ERZURUM;YAKUTİYE;KAZIM KARABEKİR PAŞA;AKÇAPINAR SOKAK;sokak;415382
ERZURUM;YAKUTİYE;KAZIM KARABEKİR PAŞA;AKKİRPİK SOKAK;sokak;204750
ERZURUM;YAKUTİYE;KAZIM KARABEKİR PAŞA;ALAFTAR SOKAK;sokak;201051
ERZURUM;YAKUTİYE;KAZIM KARABEKİR PAŞA;ALİ SIRRI SOKAK;sokak;552061480
ERZURUM;YAKUTİYE;KAZIM KARABEKİR PAŞA;ALİPAŞA MOLLAOĞLU SOKAK;sokak;416221
ERZURUM;YAKUTİYE;KAZIM KARABEKİR PAŞA;ARAS SOKAK;sokak;790611
ERZURUM;YAKUTİYE;KAZIM KARABEKİR PAŞA;ARİFİYE SOKAK;sokak;77688
ERZURUM;YAKUTİYE;KAZIM KARABEKİR PAŞA;AŞKALE GARAJI SOKAK;sokak;204753
ERZURUM;YAKUTİYE;KAZIM KARABEKİR PAŞA;BAKIRCILAR SOKAK;sokak;209789
ERZURUM;YAKUTİYE;KAZIM KARABEKİR PAŞA;BALYOZ SOKAK;sokak;789430
ERZURUM;YAKUTİYE;KAZIM KARABEKİR PAŞA;BAŞAK EVLER CAMİ SOKAK;sokak;80761
ERZURUM;YAKUTİYE;KAZIM KARABEKİR PAŞA;BEDENDİBİ SOKAK;sokak;209798
ERZURUM;YAKUTİYE;KAZIM KARABEKİR PAŞA;BEZ ÖLÇEN SOKAK;sokak;472138970
ERZURUM;YAKUTİYE;KAZIM KARABEKİR PAŞA;BORSA KANTARI SOKAK;sokak;791024
ERZURUM;YAKUTİYE;KAZIM KARABEKİR PAŞA;BUZ HOKEYİ SOKAK;sokak;737108651
ERZURUM;YAKUTİYE;KAZIM KARABEKİR PAŞA;BÜYÜK SOKAK;sokak;207994
ERZURUM;YAKUTİYE;KAZIM KARABEKİR PAŞA;CAMİDAR SOKAK;sokak;167361
ERZURUM;YAKUTİYE;KAZIM KARABEKİR PAŞA;CAMİİ ÇIKMAZI- SOKAK;sokak;206650
ERZURUM;YAKUTİYE;KAZIM KARABEKİR PAŞA;CİRİT SOKAK;sokak;421616
ERZURUM;YAKUTİYE;KAZIM KARABEKİR PAŞA;ÇÖPÜRLÜ SOKAK;sokak;789432
ERZURUM;YAKUTİYE;KAZIM KARABEKİR PAŞA;DABAKHANE SOKAK;sokak;43914
ERZURUM;YAKUTİYE;KAZIM KARABEKİR PAŞA;DEMİRAY SOKAK;sokak;274971
ERZURUM;YAKUTİYE;KAZIM KARABEKİR PAŞA;DEMİRCİLER ARKASI SOKAK;sokak;43904
ERZURUM;YAKUTİYE;KAZIM KARABEKİR PAŞA;DEMİRCİLER CADDE;cadde;443104
ERZURUM;YAKUTİYE;KAZIM KARABEKİR PAŞA;DÜZ YOL SOKAK;sokak;880835890
ERZURUM;YAKUTİYE;KAZIM KARABEKİR PAŞA;EFEOĞLU SOKAK;sokak;389514710
ERZURUM;YAKUTİYE;KAZIM KARABEKİR PAŞA;EMİNAĞA SOKAK;sokak;234002
ERZURUM;YAKUTİYE;KAZIM KARABEKİR PAŞA;EMİR SOKAK;sokak;383331
ERZURUM;YAKUTİYE;KAZIM KARABEKİR PAŞA;ENVERİYE SOKAK;sokak;420957
ERZURUM;YAKUTİYE;KAZIM KARABEKİR PAŞA;ESNAF SOKAK;sokak;550392750
ERZURUM;YAKUTİYE;KAZIM KARABEKİR PAŞA;EVLİYA ÇELEBİ CADDE;cadde;220411
ERZURUM;YAKUTİYE;KAZIM KARABEKİR PAŞA;FABRİKA EVLER SOKAK;sokak;432913
ERZURUM;YAKUTİYE;KAZIM KARABEKİR PAŞA;FABRİKA SOKAK;sokak;274970
ERZURUM;YAKUTİYE;KAZIM KARABEKİR PAŞA;FATİH SULTAN MEHMET BULVAR;sokak;859703
ERZURUM;YAKUTİYE;KAZIM KARABEKİR PAŞA;FENER SOKAK;sokak;218029
ERZURUM;YAKUTİYE;KAZIM KARABEKİR PAŞA;FESLİHAN SOKAK;sokak;420959
ERZURUM;YAKUTİYE;KAZIM KARABEKİR PAŞA;FİLİZ SOKAK;sokak;789083
ERZURUM;YAKUTİYE;KAZIM KARABEKİR PAŞA;GAZİNO SOKAK;sokak;168152
ERZURUM;YAKUTİYE;KAZIM KARABEKİR PAŞA;GENÇAĞA SOKAK;sokak;75730
ERZURUM;YAKUTİYE;KAZIM KARABEKİR PAŞA;GEZ ÇARŞISI SOKAK;sokak;416225
ERZURUM;YAKUTİYE;KAZIM KARABEKİR PAŞA;GÖLBAŞI CADDE;cadde;764437
ERZURUM;YAKUTİYE;KAZIM KARABEKİR PAŞA;GÜLAHMET CADDE;cadde;189310
ERZURUM;YAKUTİYE;KAZIM KARABEKİR PAŞA;GÜLRU SOKAK;sokak;325022960
ERZURUM;YAKUTİYE;KAZIM KARABEKİR PAŞA;GÜMRÜK CAMİİ SOKAK;sokak;218052
ERZURUM;YAKUTİYE;KAZIM KARABEKİR PAŞA;GÜMÜŞ MASAT SOKAK;sokak;187853
ERZURUM;YAKUTİYE;KAZIM KARABEKİR PAŞA;GÜMÜŞLÜ KÜMBET SOKAK;sokak;27568
ERZURUM;YAKUTİYE;KAZIM KARABEKİR PAŞA;GÜNDOĞDU SOKAK;sokak;415381
ERZURUM;YAKUTİYE;KAZIM KARABEKİR PAŞA;GÜNEY SOKAK;sokak;353556430
ERZURUM;YAKUTİYE;KAZIM KARABEKİR PAŞA;GÜRCÜKAPI CADDE;cadde;453372
ERZURUM;YAKUTİYE;KAZIM KARABEKİR PAŞA;GÜVEN SOKAK;sokak;75731
ERZURUM;YAKUTİYE;KAZIM KARABEKİR PAŞA;HACI MİRZA SOKAK;sokak;447390
ERZURUM;YAKUTİYE;KAZIM KARABEKİR PAŞA;HACILAR HANI SOKAK;sokak;613206
ERZURUM;YAKUTİYE;KAZIM KARABEKİR PAŞA;HASTANE ÇIKMAZI SOKAK;sokak;789398
ERZURUM;YAKUTİYE;KAZIM KARABEKİR PAŞA;ILICA DURAĞI SOKAK;sokak;201054
ERZURUM;YAKUTİYE;KAZIM KARABEKİR PAŞA;İBAN AĞA SOKAK;sokak;167363
ERZURUM;YAKUTİYE;KAZIM KARABEKİR PAŞA;İHMAL CAMİ SOKAK;sokak;793781
ERZURUM;YAKUTİYE;KAZIM KARABEKİR PAŞA;İKİ GÖBEK HAMAM SOKAK;sokak;167360
ERZURUM;YAKUTİYE;KAZIM KARABEKİR PAŞA;İKİ KAPILI KAHVE SOKAK;sokak;793833
ERZURUM;YAKUTİYE;KAZIM KARABEKİR PAŞA;İSMAİL BEY SOKAK;sokak;209790
ERZURUM;YAKUTİYE;KAZIM KARABEKİR PAŞA;KADI SOKAK;sokak;783582
ERZURUM;YAKUTİYE;KAZIM KARABEKİR PAŞA;KASIMPAŞA CAMİ SOKAK;sokak;199895
ERZURUM;YAKUTİYE;KAZIM KARABEKİR PAŞA;KAVAFLAR CADDE;cadde;790313
ERZURUM;YAKUTİYE;KAZIM KARABEKİR PAŞA;KAVAK CAMİ SOKAK;sokak;807007680
ERZURUM;YAKUTİYE;KAZIM KARABEKİR PAŞA;KAZAZOĞLU SOKAK;sokak;793829
ERZURUM;YAKUTİYE;KAZIM KARABEKİR PAŞA;KINA SOKAK;sokak;27571
ERZURUM;YAKUTİYE;KAZIM KARABEKİR PAŞA;KOCAMAN SOKAK;sokak;77763
ERZURUM;YAKUTİYE;KAZIM KARABEKİR PAŞA;KONGRE ARKASI SOKAK;sokak;829571920
ERZURUM;YAKUTİYE;KAZIM KARABEKİR PAŞA;KONGRE CADDE;cadde;201052
ERZURUM;YAKUTİYE;KAZIM KARABEKİR PAŞA;KÖSE ÖMER ÇIKMAZI SOKAK;sokak;348622680
ERZURUM;YAKUTİYE;KAZIM KARABEKİR PAŞA;KÖSE ÖMER ÇİKMAZI SOKAK;sokak;789428
ERZURUM;YAKUTİYE;KAZIM KARABEKİR PAŞA;KÖSE ÖMERAĞA CADDE;cadde;536779770
ERZURUM;YAKUTİYE;KAZIM KARABEKİR PAŞA;KÖSE ÖMERAĞA CAMİİ- SOKAK;sokak;233697
ERZURUM;YAKUTİYE;KAZIM KARABEKİR PAŞA;KRAL TACI SOKAK;sokak;944747310
ERZURUM;YAKUTİYE;KAZIM KARABEKİR PAŞA;KURU HAPAN SOKAK;sokak;209793
ERZURUM;YAKUTİYE;KAZIM KARABEKİR PAŞA;KÜÇÜKHAMAM SOKAK;sokak;455811
ERZURUM;YAKUTİYE;KAZIM KARABEKİR PAŞA;LAVANTA SOKAK;sokak;489255070
ERZURUM;YAKUTİYE;KAZIM KARABEKİR PAŞA;LİBYA SOKAK;sokak;274972
ERZURUM;YAKUTİYE;KAZIM KARABEKİR PAŞA;MEDİNE CADDE;cadde;450463
ERZURUM;YAKUTİYE;KAZIM KARABEKİR PAŞA;MEHMET EFENDİ SOKAK;sokak;831839620
ERZURUM;YAKUTİYE;KAZIM KARABEKİR PAŞA;MEMİŞAĞA HAN SOKAK;sokak;115751640
ERZURUM;YAKUTİYE;KAZIM KARABEKİR PAŞA;MENDERES CADDE;cadde;1000239
ERZURUM;YAKUTİYE;KAZIM KARABEKİR PAŞA;MESUDİYE SOKAK;sokak;415384
ERZURUM;YAKUTİYE;KAZIM KARABEKİR PAŞA;MUMCU HASAN SOKAK;sokak;669835
ERZURUM;YAKUTİYE;KAZIM KARABEKİR PAŞA;MUSALLA CADDE;cadde;783588
ERZURUM;YAKUTİYE;KAZIM KARABEKİR PAŞA;MÜFTÜ YUNUS KAYA SOKAK;sokak;287538610
ERZURUM;YAKUTİYE;KAZIM KARABEKİR PAŞA;NALBANTLAR SOKAK;sokak;430122
ERZURUM;YAKUTİYE;KAZIM KARABEKİR PAŞA;NAMIK SOKAK;sokak;209787
ERZURUM;YAKUTİYE;KAZIM KARABEKİR PAŞA;NAZİK ÇARŞI CADDE;cadde;448809
ERZURUM;YAKUTİYE;KAZIM KARABEKİR PAŞA;NENE HATUN CADDE;cadde;278093
ERZURUM;YAKUTİYE;KAZIM KARABEKİR PAŞA;NESİL SOKAK;sokak;299995390
ERZURUM;YAKUTİYE;KAZIM KARABEKİR PAŞA;ORHAN ŞERİFSOY CADDE;cadde;78692
ERZURUM;YAKUTİYE;KAZIM KARABEKİR PAŞA;REŞİTAĞA SOKAK;sokak;783589
ERZURUM;YAKUTİYE;KAZIM KARABEKİR PAŞA;SADRETTİN KONEVİ SOKAK;sokak;185400700
ERZURUM;YAKUTİYE;KAZIM KARABEKİR PAŞA;SAKARYA CADDE;cadde;168143
ERZURUM;YAKUTİYE;KAZIM KARABEKİR PAŞA;SALİH KAVAZ SOKAK;sokak;477485
ERZURUM;YAKUTİYE;KAZIM KARABEKİR PAŞA;SANDIKÇI SOKAK;sokak;207184
ERZURUM;YAKUTİYE;KAZIM KARABEKİR PAŞA;SEVİMLİ SOKAK;sokak;616102420
ERZURUM;YAKUTİYE;KAZIM KARABEKİR PAŞA;SUNA SOKAK;sokak;822359200
ERZURUM;YAKUTİYE;KAZIM KARABEKİR PAŞA;SÜMER SOKAK;sokak;651999450
ERZURUM;YAKUTİYE;KAZIM KARABEKİR PAŞA;SÜMER YANI- SOKAK;sokak;201053
ERZURUM;YAKUTİYE;KAZIM KARABEKİR PAŞA;ŞEHİT MURAT KAPTAN SOKAK;sokak;783584
ERZURUM;YAKUTİYE;KAZIM KARABEKİR PAŞA;ŞEHİT POLİS EREN YÜCA SOKAK;sokak;421387270
ERZURUM;YAKUTİYE;KAZIM KARABEKİR PAŞA;ŞEHİT TEVİL ARIK SOKAK;sokak;421108330
ERZURUM;YAKUTİYE;KAZIM KARABEKİR PAŞA;TABYALAR SOKAK;sokak;858868
ERZURUM;YAKUTİYE;KAZIM KARABEKİR PAŞA;TAMİRHANE- SOKAK;sokak;228776
ERZURUM;YAKUTİYE;KAZIM KARABEKİR PAŞA;TARÇIN SOKAK;sokak;416216
ERZURUM;YAKUTİYE;KAZIM KARABEKİR PAŞA;TAŞCI SALİH CADDE;cadde;159654521
ERZURUM;YAKUTİYE;KAZIM KARABEKİR PAŞA;TAŞCI SALİH- CADDE;cadde;783585
ERZURUM;YAKUTİYE;KAZIM KARABEKİR PAŞA;TAŞOĞLU SOKAK;sokak;783591
ERZURUM;YAKUTİYE;KAZIM KARABEKİR PAŞA;TOHUMCU SOKAK;sokak;789386
ERZURUM;YAKUTİYE;KAZIM KARABEKİR PAŞA;TOPDAĞI CADDE;cadde;431161
ERZURUM;YAKUTİYE;KAZIM KARABEKİR PAŞA;TOPHANE SOKAK;sokak;783586
ERZURUM;YAKUTİYE;KAZIM KARABEKİR PAŞA;TORTUM YOLU CADDE;cadde;746349990
ERZURUM;YAKUTİYE;KAZIM KARABEKİR PAŞA;TURAN ÇIKMAZI SOKAK;sokak;189309
ERZURUM;YAKUTİYE;KAZIM KARABEKİR PAŞA;TÜRBE SOKAK;sokak;416223
ERZURUM;YAKUTİYE;KAZIM KARABEKİR PAŞA;UĞUR SOKAK;sokak;741161120
ERZURUM;YAKUTİYE;KAZIM KARABEKİR PAŞA;VETERİNER SOKAK;sokak;43912
ERZURUM;YAKUTİYE;KAZIM KARABEKİR PAŞA;YAĞ HAPANI SOKAK;sokak;168142
ERZURUM;YAKUTİYE;KAZIM KARABEKİR PAŞA;YAKAMOZ SOKAK;sokak;496926430
ERZURUM;YAKUTİYE;KAZIM KARABEKİR PAŞA;YAPRAK SOKAK;sokak;283619050
ERZURUM;YAKUTİYE;KAZIM KARABEKİR PAŞA;YEĞENAĞA CAMİİ SOKAK;sokak;421608
ERZURUM;YAKUTİYE;KAZIM KARABEKİR PAŞA;YEĞENAĞA SOKAK;sokak;610669810
ERZURUM;YAKUTİYE;KAZIM KARABEKİR PAŞA;YETİM HOCA ÇIKMAZI SOKAK;sokak;793831
ERZURUM;YAKUTİYE;KAZIM KARABEKİR PAŞA;YİĞİT SOKAK;sokak;785391030
ERZURUM;YAKUTİYE;KAZIM KARABEKİR PAŞA;ZAFER ÇIKMAZ SOKAK;sokak;162454
ERZURUM;YAKUTİYE;KAZIM KARABEKİR PAŞA;ZAMBAK SOKAK;sokak;274969
ERZURUM;YAKUTİYE;KAZIM KARABEKİR PAŞA;ZEYNEL CAMİ SOKAK;sokak;610765190
ERZURUM;YAKUTİYE;KIRKGÖZE;KIRKGÖZE KÜME EVLER;sokak;580654
ERZURUM;YAKUTİYE;KIRKGÖZE;TORTUM YOLU CADDE;cadde;101003290
ERZURUM;YAKUTİYE;KIRMIZITAŞ;KIRMIZITAŞ KÜME EVLER;sokak;763951
ERZURUM;YAKUTİYE;KÖSE MEHMET;MEHMET KÜME EVLER;sokak;426722
ERZURUM;YAKUTİYE;KÖŞKKÖY;KÖŞKKÖY KÜME EVLER;sokak;565665
ERZURUM;YAKUTİYE;KURTULUŞ;1. ARA SOKAK;sokak;390311
ERZURUM;YAKUTİYE;KURTULUŞ;1. AŞIK EMRAH SOKAK;sokak;358713
ERZURUM;YAKUTİYE;KURTULUŞ;1. BAĞCILAR SOKAK;sokak;212685
ERZURUM;YAKUTİYE;KURTULUŞ;1. BAHÇE SOKAK;sokak;360898
ERZURUM;YAKUTİYE;KURTULUŞ;1. BAŞAK SOKAK;sokak;43440
ERZURUM;YAKUTİYE;KURTULUŞ;1. BEREKET SOKAK;sokak;766840
ERZURUM;YAKUTİYE;KURTULUŞ;1. CAMİ SOKAK;sokak;391087
ERZURUM;YAKUTİYE;KURTULUŞ;1. CİHANGİR SOKAK;sokak;282510
ERZURUM;YAKUTİYE;KURTULUŞ;1. ÇAMLIBEL SOKAK;sokak;294162
ERZURUM;YAKUTİYE;KURTULUŞ;1. ÇERMİK SOKAK;sokak;384534
ERZURUM;YAKUTİYE;KURTULUŞ;1. DAR SOKAK;sokak;767036
ERZURUM;YAKUTİYE;KURTULUŞ;1. EFE SOKAK;sokak;387517
ERZURUM;YAKUTİYE;KURTULUŞ;1. FATİH SOKAK;sokak;384884
ERZURUM;YAKUTİYE;KURTULUŞ;1. GELİNCİK SOKAK;sokak;170490081
ERZURUM;YAKUTİYE;KURTULUŞ;1. HARMAN SOKAK;sokak;770349
ERZURUM;YAKUTİYE;KURTULUŞ;1. HUZUR SOKAK;sokak;766862
ERZURUM;YAKUTİYE;KURTULUŞ;1. MEHTAP SOKAK;sokak;770348
ERZURUM;YAKUTİYE;KURTULUŞ;1. NAKLİYE SOKAK;sokak;447955570
ERZURUM;YAKUTİYE;KURTULUŞ;1. ORTA SOKAK;sokak;611491910
ERZURUM;YAKUTİYE;KURTULUŞ;1. SANAYİ CADDE;cadde;793025
ERZURUM;YAKUTİYE;KURTULUŞ;1. SİTELER CADDE;cadde;369869
ERZURUM;YAKUTİYE;KURTULUŞ;1. SULTANİ SOKAK;sokak;277803
ERZURUM;YAKUTİYE;KURTULUŞ;1. ŞEKER SOKAK;sokak;665642530
ERZURUM;YAKUTİYE;KURTULUŞ;1. TOPTANCILAR SİTESİ SOKAK;sokak;388049510
ERZURUM;YAKUTİYE;KURTULUŞ;1. YAMAÇ SOKAK;sokak;153855940
ERZURUM;YAKUTİYE;KURTULUŞ;1.ÇEVRE YOLU- CADDE;cadde;839044
ERZURUM;YAKUTİYE;KURTULUŞ;1.GAZAMBAR- SOKAK;sokak;774839
ERZURUM;YAKUTİYE;KURTULUŞ;1.ORTA ÇEŞME- SOKAK;sokak;771359
ERZURUM;YAKUTİYE;KURTULUŞ;10. KERESTECİLER SOKAK;sokak;168145
ERZURUM;YAKUTİYE;KURTULUŞ;10. MEHTAP SOKAK;sokak;769596
ERZURUM;YAKUTİYE;KURTULUŞ;10. SANAYİ SOKAK;sokak;385701
ERZURUM;YAKUTİYE;KURTULUŞ;10. TOPTANCILAR SİTESİ SOKAK;sokak;823012760
ERZURUM;YAKUTİYE;KURTULUŞ;10.GAZAMBAR- SOKAK;sokak;331212290
ERZURUM;YAKUTİYE;KURTULUŞ;11. KERESTECİLER CADDE;cadde;789421
ERZURUM;YAKUTİYE;KURTULUŞ;11. SANAYİ SOKAK;sokak;385700
ERZURUM;YAKUTİYE;KURTULUŞ;11. TOPTANCILAR SİTESİ SOKAK;sokak;123658470
ERZURUM;YAKUTİYE;KURTULUŞ;11.GAZAMBAR- SOKAK;sokak;769604
ERZURUM;YAKUTİYE;KURTULUŞ;12 MART CADDE;cadde;784005
ERZURUM;YAKUTİYE;KURTULUŞ;12. KERESTECİLER SOKAK;sokak;789417
ERZURUM;YAKUTİYE;KURTULUŞ;12. SANAYİ SOKAK;sokak;175086800
ERZURUM;YAKUTİYE;KURTULUŞ;12. TOPTANCILAR SİTESİ SOKAK;sokak;596586580
ERZURUM;YAKUTİYE;KURTULUŞ;13. KERESTECİLER SOKAK;sokak;43454
ERZURUM;YAKUTİYE;KURTULUŞ;13. SANAYİ SOKAK;sokak;467262040
ERZURUM;YAKUTİYE;KURTULUŞ;13. TOPTANCILAR SİTESİ SOKAK;sokak;433590580
ERZURUM;YAKUTİYE;KURTULUŞ;14. KERESTECİLER SOKAK;sokak;785924
ERZURUM;YAKUTİYE;KURTULUŞ;14. SANAYİ SOKAK;sokak;494095500
ERZURUM;YAKUTİYE;KURTULUŞ;14. TOPTANCILAR SİTESİ SOKAK;sokak;325668040
ERZURUM;YAKUTİYE;KURTULUŞ;15. KERESTECİLER SOKAK;sokak;36820
ERZURUM;YAKUTİYE;KURTULUŞ;15. SANAYİ SOKAK;sokak;716262870
ERZURUM;YAKUTİYE;KURTULUŞ;15. TOPTANCILAR SİTESİ SOKAK;sokak;373473250
ERZURUM;YAKUTİYE;KURTULUŞ;16. KERESTECİLER SOKAK;sokak;745327550
ERZURUM;YAKUTİYE;KURTULUŞ;16. SANAYİ SOKAK;sokak;360064430
ERZURUM;YAKUTİYE;KURTULUŞ;16. SOKAK;sokak;387513
ERZURUM;YAKUTİYE;KURTULUŞ;16. TOPTANCILAR SİTESİ SOKAK;sokak;562953970
ERZURUM;YAKUTİYE;KURTULUŞ;17. KERESTECİLER SOKAK;sokak;709245350
ERZURUM;YAKUTİYE;KURTULUŞ;17. SANAYİ SOKAK;sokak;922786050
ERZURUM;YAKUTİYE;KURTULUŞ;17. SOKAK;sokak;36828
ERZURUM;YAKUTİYE;KURTULUŞ;17. TOPTANCILAR SİTESİ SOKAK;sokak;154636800
ERZURUM;YAKUTİYE;KURTULUŞ;18 SOKAK;sokak;445833830
ERZURUM;YAKUTİYE;KURTULUŞ;18. KERESTECİLER SOKAK;sokak;452811280
ERZURUM;YAKUTİYE;KURTULUŞ;18. SANAYİ SOKAK;sokak;211718890
ERZURUM;YAKUTİYE;KURTULUŞ;18. SOKAK;sokak;789410
ERZURUM;YAKUTİYE;KURTULUŞ;18. TOPTANCILAR SİTESİ SOKAK;sokak;902636170
ERZURUM;YAKUTİYE;KURTULUŞ;19. SOKAK;sokak;65200
ERZURUM;YAKUTİYE;KURTULUŞ;19. TOPTANCILAR SİTESİ SOKAK;sokak;347318850
ERZURUM;YAKUTİYE;KURTULUŞ;19.SANAYİ SOKAK;sokak;522162310
ERZURUM;YAKUTİYE;KURTULUŞ;2. BAĞCILAR SOKAK;sokak;789707
ERZURUM;YAKUTİYE;KURTULUŞ;2. BAHÇE SOKAK;sokak;836060870
ERZURUM;YAKUTİYE;KURTULUŞ;2. CAMİ SOKAK;sokak;764241
ERZURUM;YAKUTİYE;KURTULUŞ;2. CİHANGİR SOKAK;sokak;391083
ERZURUM;YAKUTİYE;KURTULUŞ;2. ÇAMLIBEL SOKAK;sokak;294165
ERZURUM;YAKUTİYE;KURTULUŞ;2. ÇERMİK SOKAK;sokak;372268
ERZURUM;YAKUTİYE;KURTULUŞ;2. DAR SOKAK;sokak;455752
ERZURUM;YAKUTİYE;KURTULUŞ;2. FATİH SOKAK;sokak;218704
ERZURUM;YAKUTİYE;KURTULUŞ;2. GAZAMBAR SOKAK;sokak;292565
ERZURUM;YAKUTİYE;KURTULUŞ;2. HARMAN SOKAK;sokak;769600
ERZURUM;YAKUTİYE;KURTULUŞ;2. HUZUR SOKAK;sokak;216059
ERZURUM;YAKUTİYE;KURTULUŞ;2. KERESTECİLER SOKAK;sokak;789415
ERZURUM;YAKUTİYE;KURTULUŞ;2. POLAT SOKAK;sokak;765146860
ERZURUM;YAKUTİYE;KURTULUŞ;2. SANAYİ SOKAK;sokak;394056180
ERZURUM;YAKUTİYE;KURTULUŞ;2. SİTELER SOKAK;sokak;119634510
ERZURUM;YAKUTİYE;KURTULUŞ;2. SÜTNİŞAN- CADDE;cadde;225737
ERZURUM;YAKUTİYE;KURTULUŞ;2. ŞEKER SOKAK;sokak;1004293
ERZURUM;YAKUTİYE;KURTULUŞ;2. TOPTANCILAR SİTESİ SOKAK;sokak;119798200
ERZURUM;YAKUTİYE;KURTULUŞ;2. YAMAÇ SOKAK;sokak;477438100
ERZURUM;YAKUTİYE;KURTULUŞ;2.ARA SOKAK;sokak;384476
ERZURUM;YAKUTİYE;KURTULUŞ;2.ORTA ÇEŞME- SOKAK;sokak;780764
ERZURUM;YAKUTİYE;KURTULUŞ;2.SULTAN ÇIKMAZI- SOKAK;sokak;439394
ERZURUM;YAKUTİYE;KURTULUŞ;2.SULTANİ- SOKAK;sokak;439395
ERZURUM;YAKUTİYE;KURTULUŞ;2.YANIK DERE SOKAK;sokak;212355
ERZURUM;YAKUTİYE;KURTULUŞ;20. SOKAK;sokak;78681
ERZURUM;YAKUTİYE;KURTULUŞ;20. TOPTANCILAR SİTESİ SOKAK;sokak;891563010
ERZURUM;YAKUTİYE;KURTULUŞ;21. SOKAK;sokak;789676
ERZURUM;YAKUTİYE;KURTULUŞ;21. TOPTANCILAR SİTESİ SOKAK;sokak;215274370
ERZURUM;YAKUTİYE;KURTULUŞ;22. SOKAK;sokak;43456
ERZURUM;YAKUTİYE;KURTULUŞ;22. TOPTANCILAR SİTESİ SOKAK;sokak;448490160
ERZURUM;YAKUTİYE;KURTULUŞ;25.- SOKAK;sokak;789422
ERZURUM;YAKUTİYE;KURTULUŞ;26. SOKAK;sokak;378768
ERZURUM;YAKUTİYE;KURTULUŞ;27. SOKAK;sokak;378769
ERZURUM;YAKUTİYE;KURTULUŞ;28. SOKAK;sokak;378770
ERZURUM;YAKUTİYE;KURTULUŞ;29.- SOKAK;sokak;78683
ERZURUM;YAKUTİYE;KURTULUŞ;3. BAĞCILAR SOKAK;sokak;735376230
ERZURUM;YAKUTİYE;KURTULUŞ;3. ÇERMİK SOKAK;sokak;915769340
ERZURUM;YAKUTİYE;KURTULUŞ;3. DAR SOKAK;sokak;168246
ERZURUM;YAKUTİYE;KURTULUŞ;3. HARMAN SOKAK;sokak;277798
ERZURUM;YAKUTİYE;KURTULUŞ;3. KERESTECİLER SOKAK;sokak;36821
ERZURUM;YAKUTİYE;KURTULUŞ;3. MEHTAP SOKAK;sokak;682916730
ERZURUM;YAKUTİYE;KURTULUŞ;3. SANAYİ CADDE;cadde;793027
ERZURUM;YAKUTİYE;KURTULUŞ;3. SİTELER SOKAK;sokak;168235
ERZURUM;YAKUTİYE;KURTULUŞ;3. ŞEKER SOKAK;sokak;616328730
ERZURUM;YAKUTİYE;KURTULUŞ;3. TOPTANCILAR SİTESİ SOKAK;sokak;126820760
ERZURUM;YAKUTİYE;KURTULUŞ;3. YAMAÇ SOKAK;sokak;645633640
ERZURUM;YAKUTİYE;KURTULUŞ;3.ARA SOKAK;sokak;384475
ERZURUM;YAKUTİYE;KURTULUŞ;3.BAĞCILAR- SOKAK;sokak;455800
ERZURUM;YAKUTİYE;KURTULUŞ;3.CAMİ- KÜME EVLER;sokak;327949
ERZURUM;YAKUTİYE;KURTULUŞ;30. SOKAK;sokak;168146
ERZURUM;YAKUTİYE;KURTULUŞ;31. SOKAK;sokak;78682
ERZURUM;YAKUTİYE;KURTULUŞ;32. SOKAK;sokak;789405
ERZURUM;YAKUTİYE;KURTULUŞ;33. SOKAK;sokak;363467
ERZURUM;YAKUTİYE;KURTULUŞ;34. SOKAK;sokak;65201
ERZURUM;YAKUTİYE;KURTULUŞ;35. SOKAK;sokak;78677
ERZURUM;YAKUTİYE;KURTULUŞ;36. SOKAK;sokak;422557
ERZURUM;YAKUTİYE;KURTULUŞ;37. SOKAK;sokak;785922
ERZURUM;YAKUTİYE;KURTULUŞ;38. SOKAK;sokak;785720
ERZURUM;YAKUTİYE;KURTULUŞ;39. SOKAK;sokak;785722
ERZURUM;YAKUTİYE;KURTULUŞ;4. ARA SOKAK;sokak;212445
ERZURUM;YAKUTİYE;KURTULUŞ;4. BAĞCILAR SOKAK;sokak;450455
ERZURUM;YAKUTİYE;KURTULUŞ;4. ÇERMİK SOKAK;sokak;813384
ERZURUM;YAKUTİYE;KURTULUŞ;4. DAR SOKAK;sokak;809050
ERZURUM;YAKUTİYE;KURTULUŞ;4. HARMAN SOKAK;sokak;764242
ERZURUM;YAKUTİYE;KURTULUŞ;4. KERESTECİLER SOKAK;sokak;785723
ERZURUM;YAKUTİYE;KURTULUŞ;4. MEHTAP SOKAK;sokak;372266
ERZURUM;YAKUTİYE;KURTULUŞ;4. SANAYİ SOKAK;sokak;788852
ERZURUM;YAKUTİYE;KURTULUŞ;4. SİTELER SOKAK;sokak;75724
ERZURUM;YAKUTİYE;KURTULUŞ;4. TOPTANCILAR SİTESİ SOKAK;sokak;570829500
ERZURUM;YAKUTİYE;KURTULUŞ;4.SİTELER ALTI- SOKAK;sokak;168245
ERZURUM;YAKUTİYE;KURTULUŞ;40. SOKAK;sokak;198005
ERZURUM;YAKUTİYE;KURTULUŞ;41. SOKAK;sokak;785721
ERZURUM;YAKUTİYE;KURTULUŞ;42. SOKAK;sokak;789675
ERZURUM;YAKUTİYE;KURTULUŞ;44. SOKAK;sokak;201558
ERZURUM;YAKUTİYE;KURTULUŞ;45. SOKAK;sokak;198003
ERZURUM;YAKUTİYE;KURTULUŞ;46. SOKAK;sokak;201560
ERZURUM;YAKUTİYE;KURTULUŞ;47. SOKAK;sokak;358719
ERZURUM;YAKUTİYE;KURTULUŞ;48. SOKAK;sokak;422556
ERZURUM;YAKUTİYE;KURTULUŞ;49. SOKAK;sokak;198002
ERZURUM;YAKUTİYE;KURTULUŞ;5. ARA SOKAK;sokak;212351
ERZURUM;YAKUTİYE;KURTULUŞ;5. BAĞCILAR SOKAK;sokak;496921480
ERZURUM;YAKUTİYE;KURTULUŞ;5. ÇERMİK SOKAK;sokak;904514280
ERZURUM;YAKUTİYE;KURTULUŞ;5. KERESTECİLER SOKAK;sokak;785933
ERZURUM;YAKUTİYE;KURTULUŞ;5. MEHTAP SOKAK;sokak;766845
ERZURUM;YAKUTİYE;KURTULUŞ;5. SANAYİ SOKAK;sokak;788853
ERZURUM;YAKUTİYE;KURTULUŞ;5. SİTELER SOKAK;sokak;168237
ERZURUM;YAKUTİYE;KURTULUŞ;5. TOPTANCILAR SİTESİ SOKAK;sokak;392474400
ERZURUM;YAKUTİYE;KURTULUŞ;5.GAZAMBAR- SOKAK;sokak;372267
ERZURUM;YAKUTİYE;KURTULUŞ;50. SOKAK;sokak;789985
ERZURUM;YAKUTİYE;KURTULUŞ;51. SOKAK;sokak;36824
ERZURUM;YAKUTİYE;KURTULUŞ;52. SOKAK;sokak;431626
ERZURUM;YAKUTİYE;KURTULUŞ;53. SOKAK;sokak;43457
ERZURUM;YAKUTİYE;KURTULUŞ;54. SOKAK;sokak;43455
ERZURUM;YAKUTİYE;KURTULUŞ;55. SOKAK;sokak;284001
ERZURUM;YAKUTİYE;KURTULUŞ;56. SOKAK;sokak;789420
ERZURUM;YAKUTİYE;KURTULUŞ;57. SOKAK;sokak;432137
ERZURUM;YAKUTİYE;KURTULUŞ;58. SOKAK;sokak;387514
ERZURUM;YAKUTİYE;KURTULUŞ;6 ÇERMİK- SOKAK;sokak;813385
ERZURUM;YAKUTİYE;KURTULUŞ;6. CAMİ SOKAK;sokak;289021
ERZURUM;YAKUTİYE;KURTULUŞ;6. ÇERMİK SOKAK;sokak;742973420
ERZURUM;YAKUTİYE;KURTULUŞ;6. HARMAN SOKAK;sokak;766856
ERZURUM;YAKUTİYE;KURTULUŞ;6. KERESTECİLER SOKAK;sokak;789491
ERZURUM;YAKUTİYE;KURTULUŞ;6. MEHTAP SOKAK;sokak;221777
ERZURUM;YAKUTİYE;KURTULUŞ;6. SANAYİ SOKAK;sokak;767031
ERZURUM;YAKUTİYE;KURTULUŞ;6. SİTELER SOKAK;sokak;291753040
ERZURUM;YAKUTİYE;KURTULUŞ;6. TOPTANCILAR SİTESİ SOKAK;sokak;670257420
ERZURUM;YAKUTİYE;KURTULUŞ;6.ARA SOKAK;sokak;384474
ERZURUM;YAKUTİYE;KURTULUŞ;6.GAZAMBAR- SOKAK;sokak;269961
ERZURUM;YAKUTİYE;KURTULUŞ;60. SOKAK;sokak;424490
ERZURUM;YAKUTİYE;KURTULUŞ;63. SOKAK;sokak;28045
ERZURUM;YAKUTİYE;KURTULUŞ;64. SOKAK;sokak;793838
ERZURUM;YAKUTİYE;KURTULUŞ;65. SOKAK;sokak;419259
ERZURUM;YAKUTİYE;KURTULUŞ;66. SOKAK;sokak;27560
ERZURUM;YAKUTİYE;KURTULUŞ;67. SOKAK;sokak;27561
ERZURUM;YAKUTİYE;KURTULUŞ;68. SOKAK;sokak;385728
ERZURUM;YAKUTİYE;KURTULUŞ;69. SOKAK;sokak;792354
ERZURUM;YAKUTİYE;KURTULUŞ;7. KERESTECİLER SOKAK;sokak;36823
ERZURUM;YAKUTİYE;KURTULUŞ;7. MEHTAP SOKAK;sokak;372265
ERZURUM;YAKUTİYE;KURTULUŞ;7. SANAYİ SOKAK;sokak;791328
ERZURUM;YAKUTİYE;KURTULUŞ;7. TOPTANCILAR SİTESİ SOKAK;sokak;545353150
ERZURUM;YAKUTİYE;KURTULUŞ;7.HARMAN- SOKAK;sokak;439397
ERZURUM;YAKUTİYE;KURTULUŞ;70. SOKAK;sokak;429240
ERZURUM;YAKUTİYE;KURTULUŞ;71. SOKAK;sokak;194392
ERZURUM;YAKUTİYE;KURTULUŞ;72. SOKAK;sokak;29155
ERZURUM;YAKUTİYE;KURTULUŞ;73. SOKAK;sokak;233706
ERZURUM;YAKUTİYE;KURTULUŞ;74. SOKAK;sokak;80132
ERZURUM;YAKUTİYE;KURTULUŞ;75. SOKAK;sokak;194393
ERZURUM;YAKUTİYE;KURTULUŞ;76. SOKAK;sokak;29154
ERZURUM;YAKUTİYE;KURTULUŞ;77. SOKAK;sokak;419288
ERZURUM;YAKUTİYE;KURTULUŞ;78. SOKAK;sokak;284139
ERZURUM;YAKUTİYE;KURTULUŞ;79. SOKAK;sokak;29156
ERZURUM;YAKUTİYE;KURTULUŞ;8. KERESTECİLER SOKAK;sokak;36822
ERZURUM;YAKUTİYE;KURTULUŞ;8. MEHTAP SOKAK;sokak;453375
ERZURUM;YAKUTİYE;KURTULUŞ;8. SANAYİ SOKAK;sokak;767034
ERZURUM;YAKUTİYE;KURTULUŞ;8. TOPTANCILAR SİTESİ SOKAK;sokak;540815000
ERZURUM;YAKUTİYE;KURTULUŞ;8.GAZAMBAR- SOKAK;sokak;774902
ERZURUM;YAKUTİYE;KURTULUŞ;83. SOKAK;sokak;415392
ERZURUM;YAKUTİYE;KURTULUŞ;9. KERESTECİLER SOKAK;sokak;36825
ERZURUM;YAKUTİYE;KURTULUŞ;9. SANAYİ SOKAK;sokak;791327
ERZURUM;YAKUTİYE;KURTULUŞ;9. TOPTANCILAR SİTESİ SOKAK;sokak;277800710
ERZURUM;YAKUTİYE;KURTULUŞ;9.GAZAMBAR- SOKAK;sokak;766867
ERZURUM;YAKUTİYE;KURTULUŞ;9.MEHTAP- SOKAK;sokak;770347
ERZURUM;YAKUTİYE;KURTULUŞ;AFET KONUTLARI SOKAK;sokak;80445
ERZURUM;YAKUTİYE;KURTULUŞ;AHİ SOKAK;sokak;827659261
ERZURUM;YAKUTİYE;KURTULUŞ;AKASYA SOKAK;sokak;137224340
ERZURUM;YAKUTİYE;KURTULUŞ;AKINCI- SOKAK;sokak;277801
ERZURUM;YAKUTİYE;KURTULUŞ;AKYÜZ SOKAK;sokak;819270
ERZURUM;YAKUTİYE;KURTULUŞ;ALACA SOKAK;sokak;574031981
ERZURUM;YAKUTİYE;KURTULUŞ;ARKENT SOKAK;sokak;384471
ERZURUM;YAKUTİYE;KURTULUŞ;ARKIN SOKAK;sokak;558698201
ERZURUM;YAKUTİYE;KURTULUŞ;ASYA SOKAK;sokak;369868
ERZURUM;YAKUTİYE;KURTULUŞ;AŞÇIBAŞI SOKAK;sokak;681232311
ERZURUM;YAKUTİYE;KURTULUŞ;AŞIK EMRAH CADDE;cadde;429437
ERZURUM;YAKUTİYE;KURTULUŞ;AŞIK REYHANİ SOKAK;sokak;493440700
ERZURUM;YAKUTİYE;KURTULUŞ;AŞIK SÜMMANİ CADDE;cadde;789983
ERZURUM;YAKUTİYE;KURTULUŞ;AŞIK VEYSEL CADDE;cadde;368590
ERZURUM;YAKUTİYE;KURTULUŞ;ATAY SOKAK;sokak;808152
ERZURUM;YAKUTİYE;KURTULUŞ;AYBARS SOKAK;sokak;365547640
ERZURUM;YAKUTİYE;KURTULUŞ;AYCAN SOKAK;sokak;412155
ERZURUM;YAKUTİYE;KURTULUŞ;AYFER- SOKAK;sokak;766872
ERZURUM;YAKUTİYE;KURTULUŞ;AYSUN GÜLTEKİN CADDE;cadde;157420590
ERZURUM;YAKUTİYE;KURTULUŞ;BAĞCILAR SOKAK;sokak;424480
ERZURUM;YAKUTİYE;KURTULUŞ;BAĞDAT- SOKAK;sokak;784006
ERZURUM;YAKUTİYE;KURTULUŞ;BAHADIR SOKAK;sokak;88484
ERZURUM;YAKUTİYE;KURTULUŞ;BAKİ SOKAK;sokak;180963881
ERZURUM;YAKUTİYE;KURTULUŞ;BAKLACI SOKAK;sokak;305884611
ERZURUM;YAKUTİYE;KURTULUŞ;BALÖZÜ SOKAK;sokak;528361780
ERZURUM;YAKUTİYE;KURTULUŞ;BAŞAK SOKAK;sokak;235037
ERZURUM;YAKUTİYE;KURTULUŞ;BATU SOKAK;sokak;630451650
ERZURUM;YAKUTİYE;KURTULUŞ;BAYRAM SOKAK;sokak;553270841
ERZURUM;YAKUTİYE;KURTULUŞ;BEREKETLİ SOKAK;sokak;156301221
ERZURUM;YAKUTİYE;KURTULUŞ;BESTE SOKAK;sokak;126778290
ERZURUM;YAKUTİYE;KURTULUŞ;BEY SOKAK;sokak;324937361
ERZURUM;YAKUTİYE;KURTULUŞ;BEZİRGAN SOKAK;sokak;284140
ERZURUM;YAKUTİYE;KURTULUŞ;BÖREKÇİ SOKAK;sokak;196859991
ERZURUM;YAKUTİYE;KURTULUŞ;CEMAL PAŞA SOKAK;sokak;218699
ERZURUM;YAKUTİYE;KURTULUŞ;CEMRE SOKAK;sokak;28028
ERZURUM;YAKUTİYE;KURTULUŞ;CESUR SOKAK;sokak;171027401
ERZURUM;YAKUTİYE;KURTULUŞ;CİHAN SOKAK;sokak;151113881
ERZURUM;YAKUTİYE;KURTULUŞ;CİHANGİR SOKAK;sokak;401847150
ERZURUM;YAKUTİYE;KURTULUŞ;ÇAKIR SOKAK;sokak;951607011
ERZURUM;YAKUTİYE;KURTULUŞ;ÇAKIRLAR SOKAK;sokak;449586011
ERZURUM;YAKUTİYE;KURTULUŞ;ÇAM SOKAK;sokak;325874611
ERZURUM;YAKUTİYE;KURTULUŞ;ÇAMLIBEL- SOKAK;sokak;294159
ERZURUM;YAKUTİYE;KURTULUŞ;ÇATIKKAŞ SOKAK;sokak;171554901
ERZURUM;YAKUTİYE;KURTULUŞ;ÇERMİK SOKAK;sokak;812403
ERZURUM;YAKUTİYE;KURTULUŞ;ÇEVRE YOLU BULVAR;sokak;327965750
ERZURUM;YAKUTİYE;KURTULUŞ;ÇİÇEK SOKAK;sokak;225738
ERZURUM;YAKUTİYE;KURTULUŞ;ÇİĞDEMLİ SOKAK;sokak;326046541
ERZURUM;YAKUTİYE;KURTULUŞ;ÇİMEN SOKAK;sokak;369864
ERZURUM;YAKUTİYE;KURTULUŞ;DADAŞLAR CADDE;cadde;221776
ERZURUM;YAKUTİYE;KURTULUŞ;DADAŞLAR ÇIKMAZI- SOKAK;sokak;771360
ERZURUM;YAKUTİYE;KURTULUŞ;DAMAT SOKAK;sokak;837859561
ERZURUM;YAKUTİYE;KURTULUŞ;DİKMEN SOKAK;sokak;327315
ERZURUM;YAKUTİYE;KURTULUŞ;DİLEK SOKAK;sokak;241000591
ERZURUM;YAKUTİYE;KURTULUŞ;DOĞRAMACILAR CADDE;cadde;785934
ERZURUM;YAKUTİYE;KURTULUŞ;DÖKÜMCÜ SOKAK;sokak;932143511
ERZURUM;YAKUTİYE;KURTULUŞ;DÜZ SOKAK;sokak;208542200
ERZURUM;YAKUTİYE;KURTULUŞ;EFE CADDE;cadde;80447
ERZURUM;YAKUTİYE;KURTULUŞ;ELMADAĞ SOKAK;sokak;789706
ERZURUM;YAKUTİYE;KURTULUŞ;EMİNOĞLU SOKAK;sokak;817619
ERZURUM;YAKUTİYE;KURTULUŞ;EMİRGAN SOKAK;sokak;411229
ERZURUM;YAKUTİYE;KURTULUŞ;EMRE SOKAK;sokak;789708
ERZURUM;YAKUTİYE;KURTULUŞ;ENDÜSTRİ CADDE;cadde;385703
ERZURUM;YAKUTİYE;KURTULUŞ;ERTUĞRUL GAZİ CADDE;cadde;194397
ERZURUM;YAKUTİYE;KURTULUŞ;ESEN SOKAK;sokak;520307491
ERZURUM;YAKUTİYE;KURTULUŞ;ESENLER SOKAK;sokak;724882571
ERZURUM;YAKUTİYE;KURTULUŞ;ESENTEPE SOKAK;sokak;242945970
ERZURUM;YAKUTİYE;KURTULUŞ;EYMEN SOKAK;sokak;931865750
ERZURUM;YAKUTİYE;KURTULUŞ;EYYÜBİ SOKAK;sokak;736748891
ERZURUM;YAKUTİYE;KURTULUŞ;FABRİKA ÖNÜ SOKAK;sokak;374004
ERZURUM;YAKUTİYE;KURTULUŞ;FABRİKA YANI- SOKAK;sokak;218703
ERZURUM;YAKUTİYE;KURTULUŞ;FAZİLET SOKAK;sokak;828136431
ERZURUM;YAKUTİYE;KURTULUŞ;FENERCİ BABA CADDE;cadde;391088
ERZURUM;YAKUTİYE;KURTULUŞ;FERAH- SOKAK;sokak;194396
ERZURUM;YAKUTİYE;KURTULUŞ;FEVZİ PAŞA SOKAK;sokak;390312
ERZURUM;YAKUTİYE;KURTULUŞ;FİDAN SOKAK;sokak;455799
ERZURUM;YAKUTİYE;KURTULUŞ;FİKRETBEY SOKAK;sokak;373999
ERZURUM;YAKUTİYE;KURTULUŞ;G.A.M.P SOKAK;sokak;225739
ERZURUM;YAKUTİYE;KURTULUŞ;GAZALİ SOKAK;sokak;376436650
ERZURUM;YAKUTİYE;KURTULUŞ;GAZİ AHMET MUHTAR PAŞA CADDE;cadde;134183480
ERZURUM;YAKUTİYE;KURTULUŞ;GAZİ SOKAK;sokak;222419
ERZURUM;YAKUTİYE;KURTULUŞ;GAZİLER BAHÇE SOKAK;sokak;225736
ERZURUM;YAKUTİYE;KURTULUŞ;GAZİLER ÇARŞI SOKAK;sokak;206649
ERZURUM;YAKUTİYE;KURTULUŞ;GAZİLER IŞIK SOKAK;sokak;254838
ERZURUM;YAKUTİYE;KURTULUŞ;GAZİLER TEPE SOKAK;sokak;222417
ERZURUM;YAKUTİYE;KURTULUŞ;GAZİLER YASEMİN SOKAK;sokak;360920
ERZURUM;YAKUTİYE;KURTULUŞ;GELİNALAYI SOKAK;sokak;240295971
ERZURUM;YAKUTİYE;KURTULUŞ;GELİNCİK SOKAK;sokak;272383851
ERZURUM;YAKUTİYE;KURTULUŞ;GÖKÇE SOKAK;sokak;195809191
ERZURUM;YAKUTİYE;KURTULUŞ;GÖKÇELİ SOKAK;sokak;196891811
ERZURUM;YAKUTİYE;KURTULUŞ;GÖKDENİZ CADDE;cadde;194394
ERZURUM;YAKUTİYE;KURTULUŞ;GÖKSU SOKAK;sokak;294149
ERZURUM;YAKUTİYE;KURTULUŞ;GÖNÜL SOKAK;sokak;293676611
ERZURUM;YAKUTİYE;KURTULUŞ;GÜL SOKAK;sokak;372293
ERZURUM;YAKUTİYE;KURTULUŞ;GÜMÜŞ PALA SOKAK;sokak;372301
ERZURUM;YAKUTİYE;KURTULUŞ;GÜMÜŞ SOKAK;sokak;392533721
ERZURUM;YAKUTİYE;KURTULUŞ;GÜNEŞLİ SOKAK;sokak;699447
ERZURUM;YAKUTİYE;KURTULUŞ;GÜREŞÇİ SOKAK;sokak;305154151
ERZURUM;YAKUTİYE;KURTULUŞ;HALİT BEY SOKAK;sokak;426760
ERZURUM;YAKUTİYE;KURTULUŞ;HALİT PAŞA CADDE;cadde;75754
ERZURUM;YAKUTİYE;KURTULUŞ;HAN SOKAK;sokak;572629901
ERZURUM;YAKUTİYE;KURTULUŞ;HANCILAR SOKAK;sokak;240032461
ERZURUM;YAKUTİYE;KURTULUŞ;HANEDAN SOKAK;sokak;293055961
ERZURUM;YAKUTİYE;KURTULUŞ;HANIMEFENDİ SOKAK;sokak;169618491
ERZURUM;YAKUTİYE;KURTULUŞ;HANIMOĞLU SOKAK;sokak;293493541
ERZURUM;YAKUTİYE;KURTULUŞ;HARMAN SOKAK;sokak;769605
ERZURUM;YAKUTİYE;KURTULUŞ;HASBAHÇE SOKAK;sokak;758186901
ERZURUM;YAKUTİYE;KURTULUŞ;HASIR BAHÇE SOKAK;sokak;531520541
ERZURUM;YAKUTİYE;KURTULUŞ;HATMİ SOKAK;sokak;278851360
ERZURUM;YAKUTİYE;KURTULUŞ;HATTAT SOKAK;sokak;693329301
ERZURUM;YAKUTİYE;KURTULUŞ;HAYATİ SOKAK;sokak;352436170
ERZURUM;YAKUTİYE;KURTULUŞ;HAYDAR TELHÜNER SOKAK;sokak;652913530
ERZURUM;YAKUTİYE;KURTULUŞ;HİLALKENT SOKAK;sokak;1080137
ERZURUM;YAKUTİYE;KURTULUŞ;HUN SOKAK;sokak;718020110
ERZURUM;YAKUTİYE;KURTULUŞ;HUZUR- SOKAK;sokak;770346
ERZURUM;YAKUTİYE;KURTULUŞ;HÜRREM SULTAN SOKAK;sokak;278127
ERZURUM;YAKUTİYE;KURTULUŞ;İLBEY SOKAK;sokak;277804
ERZURUM;YAKUTİYE;KURTULUŞ;İYİNİYET SOKAK;sokak;573681101
ERZURUM;YAKUTİYE;KURTULUŞ;KARDELEN SOKAK;sokak;774035
ERZURUM;YAKUTİYE;KURTULUŞ;KARLI SOKAK;sokak;282509
ERZURUM;YAKUTİYE;KURTULUŞ;KASIM PAŞA SOKAK;sokak;372294
ERZURUM;YAKUTİYE;KURTULUŞ;KAŞKAR SOKAK;sokak;709162000
ERZURUM;YAKUTİYE;KURTULUŞ;KAYRA SOKAK;sokak;151531740
ERZURUM;YAKUTİYE;KURTULUŞ;KERESTECİLER CADDE;cadde;421387760
ERZURUM;YAKUTİYE;KURTULUŞ;KERKÜK SOKAK;sokak;294152
ERZURUM;YAKUTİYE;KURTULUŞ;KONURALP SOKAK;sokak;29153
ERZURUM;YAKUTİYE;KURTULUŞ;KUZEY SOKAK;sokak;327950
ERZURUM;YAKUTİYE;KURTULUŞ;KÜÇÜK SOKAK;sokak;88479
ERZURUM;YAKUTİYE;KURTULUŞ;LEYLA SOKAK;sokak;225762
ERZURUM;YAKUTİYE;KURTULUŞ;LEYLAK 2.- KÜME EVLER;sokak;788620
ERZURUM;YAKUTİYE;KURTULUŞ;M. HACI HASAN CAMİ SOKAK;sokak;187529
ERZURUM;YAKUTİYE;KURTULUŞ;MARTI SOKAK;sokak;416086
ERZURUM;YAKUTİYE;KURTULUŞ;MEKTEP SOKAK;sokak;786061
ERZURUM;YAKUTİYE;KURTULUŞ;MELİKŞAH SOKAK;sokak;789090
ERZURUM;YAKUTİYE;KURTULUŞ;MİMOZA SOKAK;sokak;783473170
ERZURUM;YAKUTİYE;KURTULUŞ;MUSALLA CADDE;cadde;786057
ERZURUM;YAKUTİYE;KURTULUŞ;MUTLU SOKAK;sokak;426368
ERZURUM;YAKUTİYE;KURTULUŞ;ORHANGAZİ CADDE;cadde;453373
ERZURUM;YAKUTİYE;KURTULUŞ;ORTA SOKAK;sokak;277469
ERZURUM;YAKUTİYE;KURTULUŞ;ORTAÇEŞME- SOKAK;sokak;271188
ERZURUM;YAKUTİYE;KURTULUŞ;OSMAN PAŞA 2- SOKAK;sokak;28041
ERZURUM;YAKUTİYE;KURTULUŞ;OSMANGAZİ CADDE;cadde;718048
ERZURUM;YAKUTİYE;KURTULUŞ;ÖMÜR SOKAK;sokak;706359820
ERZURUM;YAKUTİYE;KURTULUŞ;ÖRNEK 2.- SOKAK;sokak;225760
ERZURUM;YAKUTİYE;KURTULUŞ;ÖTÜKEN SOKAK;sokak;783988
ERZURUM;YAKUTİYE;KURTULUŞ;ÖZHAN SOKAK;sokak;248822500
ERZURUM;YAKUTİYE;KURTULUŞ;ÖZLEM SOKAK;sokak;43444
ERZURUM;YAKUTİYE;KURTULUŞ;ÖZNUR- KÜME EVLER;sokak;453370
ERZURUM;YAKUTİYE;KURTULUŞ;PALA SOKAK;sokak;820521
ERZURUM;YAKUTİYE;KURTULUŞ;PAPATYA SOKAK;sokak;198001
ERZURUM;YAKUTİYE;KURTULUŞ;PARLAK EVLER SOKAK;sokak;894233
ERZURUM;YAKUTİYE;KURTULUŞ;PEHLİVAN SOKAK;sokak;277735
ERZURUM;YAKUTİYE;KURTULUŞ;POLAT 2- SOKAK;sokak;385709
ERZURUM;YAKUTİYE;KURTULUŞ;POYRAZ SOKAK;sokak;391085
ERZURUM;YAKUTİYE;KURTULUŞ;PTT- SOKAK;sokak;75723
ERZURUM;YAKUTİYE;KURTULUŞ;SAĞLIK SOKAK;sokak;28042
ERZURUM;YAKUTİYE;KURTULUŞ;SAKSI SOKAK;sokak;945446651
ERZURUM;YAKUTİYE;KURTULUŞ;SANAYİ ÇIRÇIR SOKAK;sokak;356486
ERZURUM;YAKUTİYE;KURTULUŞ;SARDUNYA SOKAK;sokak;235038
ERZURUM;YAKUTİYE;KURTULUŞ;SEFİLİ BABA SOKAK;sokak;390316
ERZURUM;YAKUTİYE;KURTULUŞ;SERDAR- SOKAK;sokak;769602
ERZURUM;YAKUTİYE;KURTULUŞ;SEVİLHAN- SOKAK;sokak;358714
ERZURUM;YAKUTİYE;KURTULUŞ;SİNAN EVLER- SOKAK;sokak;824202
ERZURUM;YAKUTİYE;KURTULUŞ;SULTANİ SOKAK;sokak;717982
ERZURUM;YAKUTİYE;KURTULUŞ;SÜTNİŞAN SOKAK;sokak;563723450
ERZURUM;YAKUTİYE;KURTULUŞ;ŞAHMERDAN- SOKAK;sokak;369866
ERZURUM;YAKUTİYE;KURTULUŞ;ŞEHİT BURAK TORTUMLU CADDE;cadde;928762911
ERZURUM;YAKUTİYE;KURTULUŞ;ŞEHİT EDİP ZENGİN SOKAK;sokak;222429
ERZURUM;YAKUTİYE;KURTULUŞ;ŞEHİT FATİH ALBAYRAK CADDE;cadde;103140600
ERZURUM;YAKUTİYE;KURTULUŞ;ŞEHİT İLHAMİ KOÇAK SOKAK;sokak;101496560
ERZURUM;YAKUTİYE;KURTULUŞ;ŞEHİT MUHSİN ÜSTÜN SOKAK;sokak;222607720
ERZURUM;YAKUTİYE;KURTULUŞ;ŞEHİT MURAT KAPTAN SOKAK;sokak;666937220
ERZURUM;YAKUTİYE;KURTULUŞ;ŞEHİT POLİS REŞAT ÇOŞKUN SOKAK;sokak;28044
ERZURUM;YAKUTİYE;KURTULUŞ;ŞEHİT SELAMİ ASLAN SOKAK;sokak;528811900
ERZURUM;YAKUTİYE;KURTULUŞ;ŞEKER SOKAK;sokak;102994020
ERZURUM;YAKUTİYE;KURTULUŞ;ŞEREFİYE ARKASI- SOKAK;sokak;439396
ERZURUM;YAKUTİYE;KURTULUŞ;ŞEREFİYE CADDE;cadde;439398
ERZURUM;YAKUTİYE;KURTULUŞ;ŞEVVAL SOKAK;sokak;235770
ERZURUM;YAKUTİYE;KURTULUŞ;TANZİM SOKAK;sokak;791536
ERZURUM;YAKUTİYE;KURTULUŞ;TAŞCI SALİH CADDE;cadde;159654520
ERZURUM;YAKUTİYE;KURTULUŞ;TAŞÇI SALİH- CADDE;cadde;222461
ERZURUM;YAKUTİYE;KURTULUŞ;TOKİ- CADDE;cadde;928366
ERZURUM;YAKUTİYE;KURTULUŞ;TOPDAĞI CADDE;cadde;623232090
ERZURUM;YAKUTİYE;KURTULUŞ;TOPTANCILAR SİTESİ SOKAK;sokak;840845
ERZURUM;YAKUTİYE;KURTULUŞ;TORTUM AFET KONUTLARI SOKAK;sokak;868675
ERZURUM;YAKUTİYE;KURTULUŞ;TORTUM YOLU CADDE;cadde;791042
ERZURUM;YAKUTİYE;KURTULUŞ;TRAKTÖRCÜLER SİTESİ SOKAK;sokak;791039
ERZURUM;YAKUTİYE;KURTULUŞ;TRENYOLU SOKAK;sokak;222418
ERZURUM;YAKUTİYE;KURTULUŞ;TÜREYİŞ CADDE;cadde;549923340
ERZURUM;YAKUTİYE;KURTULUŞ;TÜRKELİ SOKAK;sokak;75728
ERZURUM;YAKUTİYE;KURTULUŞ;UYGUR SOKAK;sokak;782988330
ERZURUM;YAKUTİYE;KURTULUŞ;ÜÇGEN SOKAK;sokak;30830
ERZURUM;YAKUTİYE;KURTULUŞ;YAMAÇ SOKAK;sokak;769601
ERZURUM;YAKUTİYE;KURTULUŞ;YANIK DERE SOKAK;sokak;338336410
ERZURUM;YAKUTİYE;KURTULUŞ;YARDIM SOKAK;sokak;198000
ERZURUM;YAKUTİYE;KURTULUŞ;YAVUZER SOKAK;sokak;219710
ERZURUM;YAKUTİYE;KURTULUŞ;YELDA SOKAK;sokak;455798
ERZURUM;YAKUTİYE;KURTULUŞ;YETİM HOCA SOKAK;sokak;774038
ERZURUM;YAKUTİYE;KURTULUŞ;YILDIRIM BEYAZIT CAMİ SOKAK;sokak;29152
ERZURUM;YAKUTİYE;LALAPAŞA;1. CAMİİ SOKAK;sokak;233687
ERZURUM;YAKUTİYE;LALAPAŞA;1. CENNET ÇEŞME SOKAK;sokak;794211
ERZURUM;YAKUTİYE;LALAPAŞA;1. ÇAYKARA SOKAK;sokak;277595130
ERZURUM;YAKUTİYE;LALAPAŞA;1. DABAKHANE SOKAK;sokak;278118
ERZURUM;YAKUTİYE;LALAPAŞA;1. HACI ÖMER SOKAK;sokak;446022
ERZURUM;YAKUTİYE;LALAPAŞA;1. HALİT PAŞA SOKAK;sokak;432899
ERZURUM;YAKUTİYE;LALAPAŞA;1. KARANLIK SOKAK;sokak;789091
ERZURUM;YAKUTİYE;LALAPAŞA;1. KAZIM KARABEKİR CADDE;cadde;78690
ERZURUM;YAKUTİYE;LALAPAŞA;1. KORUKÇU SOKAK;sokak;210006
ERZURUM;YAKUTİYE;LALAPAŞA;1. KURT DERESİ SOKAK;sokak;6458208
ERZURUM;YAKUTİYE;LALAPAŞA;1. MİLLET BAHÇE SOKAK;sokak;827956
ERZURUM;YAKUTİYE;LALAPAŞA;1. SARAÇOĞLU SOKAK;sokak;613205
ERZURUM;YAKUTİYE;LALAPAŞA;1. SUBAŞI KURBU SOKAK;sokak;814003
ERZURUM;YAKUTİYE;LALAPAŞA;1. SÜMBÜL SOKAK;sokak;789080
ERZURUM;YAKUTİYE;LALAPAŞA;1.ÇAYKARA- KÜME EVLER;sokak;448812
ERZURUM;YAKUTİYE;LALAPAŞA;100. YIL SOKAK;sokak;401879320
ERZURUM;YAKUTİYE;LALAPAŞA;2. HACI ÖMER SOKAK;sokak;43436
ERZURUM;YAKUTİYE;LALAPAŞA;2. HALİT PAŞA SOKAK;sokak;450841
ERZURUM;YAKUTİYE;LALAPAŞA;2. KORUKÇU SOKAK;sokak;168141
ERZURUM;YAKUTİYE;LALAPAŞA;2. MİLLET BAHÇE SOKAK;sokak;278094
ERZURUM;YAKUTİYE;LALAPAŞA;2. SÜMBÜL SOKAK;sokak;875498200
ERZURUM;YAKUTİYE;LALAPAŞA;2.SARAÇOĞLU SOKAK;sokak;793825
ERZURUM;YAKUTİYE;LALAPAŞA;3. HALİT PAŞA SOKAK;sokak;525837210
ERZURUM;YAKUTİYE;LALAPAŞA;3. MİLLET BAHÇE SOKAK;sokak;278108
ERZURUM;YAKUTİYE;LALAPAŞA;3. SARAÇOĞLU SOKAK;sokak;540404720
ERZURUM;YAKUTİYE;LALAPAŞA;4. SARAÇOĞLU SOKAK;sokak;902822520
ERZURUM;YAKUTİYE;LALAPAŞA;50.YIL CADDE;cadde;225735
ERZURUM;YAKUTİYE;LALAPAŞA;AHMET TEVFİK İLERİ SOKAK;sokak;398674110
ERZURUM;YAKUTİYE;LALAPAŞA;AKİF HOCA SOKAK;sokak;287394
ERZURUM;YAKUTİYE;LALAPAŞA;ALADAĞ SOKAK;sokak;421620
ERZURUM;YAKUTİYE;LALAPAŞA;ALİ AĞA SOKAK;sokak;789069
ERZURUM;YAKUTİYE;LALAPAŞA;ALİ RIZA BEY SOKAK;sokak;793823
ERZURUM;YAKUTİYE;LALAPAŞA;ANKARA SOKAK;sokak;168155
ERZURUM;YAKUTİYE;LALAPAŞA;AŞAĞI MUMCU CAMİİ SOKAK;sokak;386426660
ERZURUM;YAKUTİYE;LALAPAŞA;AŞAĞI MUMCU ÇIKMAZI SOKAK;sokak;88499
ERZURUM;YAKUTİYE;LALAPAŞA;ATATÜRKEVİ CADDE;cadde;161136
ERZURUM;YAKUTİYE;LALAPAŞA;AYDINALP SOKAK;sokak;234008
ERZURUM;YAKUTİYE;LALAPAŞA;BAHÇEGÜL SOKAK;sokak;706527550
ERZURUM;YAKUTİYE;LALAPAŞA;BAHÇELİ SOKAK;sokak;794196
ERZURUM;YAKUTİYE;LALAPAŞA;BAKIRCI MENEKŞE SOKAK;sokak;289020
ERZURUM;YAKUTİYE;LALAPAŞA;BAKIRCI TARÇIN SOKAK;sokak;794210
ERZURUM;YAKUTİYE;LALAPAŞA;BARBAROS SOKAK;sokak;204758
ERZURUM;YAKUTİYE;LALAPAŞA;BİLGE HAN SOKAK;sokak;620691740
ERZURUM;YAKUTİYE;LALAPAŞA;BİLGEHAN- SOKAK;sokak;43910
ERZURUM;YAKUTİYE;LALAPAŞA;BİLİM SOKAK;sokak;612450230
ERZURUM;YAKUTİYE;LALAPAŞA;BOTANİK SOKAK;sokak;738017480
ERZURUM;YAKUTİYE;LALAPAŞA;BOYAHANE CAMİ SOKAK;sokak;789088
ERZURUM;YAKUTİYE;LALAPAŞA;CENGİZ SOKAK;sokak;793839
ERZURUM;YAKUTİYE;LALAPAŞA;CENNET ÇEŞME SOKAK;sokak;455006
ERZURUM;YAKUTİYE;LALAPAŞA;COŞKUN SOKAK;sokak;790614
ERZURUM;YAKUTİYE;LALAPAŞA;CUMHURİYET CADDE;cadde;416146
ERZURUM;YAKUTİYE;LALAPAŞA;ÇAGLAYAN SOKAK;sokak;791025
ERZURUM;YAKUTİYE;LALAPAŞA;ÇAĞDAŞ SOKAK;sokak;133494690
ERZURUM;YAKUTİYE;LALAPAŞA;ÇAYKARA CADDE;cadde;233688
ERZURUM;YAKUTİYE;LALAPAŞA;ÇİFTÇİ ÇIKMAZI- SOKAK;sokak;789373
ERZURUM;YAKUTİYE;LALAPAŞA;ÇİFTLİK ÇIKMAZI SOKAK;sokak;234004
ERZURUM;YAKUTİYE;LALAPAŞA;DAĞISTANLI SOKAK;sokak;88503
ERZURUM;YAKUTİYE;LALAPAŞA;DEMİR YOLU ALTI- SOKAK;sokak;161143
ERZURUM;YAKUTİYE;LALAPAŞA;DOLANGEZ SOKAK;sokak;794203
ERZURUM;YAKUTİYE;LALAPAŞA;DURSUN BEY SOKAK;sokak;287407
ERZURUM;YAKUTİYE;LALAPAŞA;E 80 BULVAR;sokak;363742620
ERZURUM;YAKUTİYE;LALAPAŞA;EFKAN ALA CADDE;cadde;966002181
ERZURUM;YAKUTİYE;LALAPAŞA;EKREM BEY SOKAK;sokak;794180
ERZURUM;YAKUTİYE;LALAPAŞA;ERKUŞ SOKAK;sokak;28047
ERZURUM;YAKUTİYE;LALAPAŞA;FARABİ BULVAR;sokak;74619016
ERZURUM;YAKUTİYE;LALAPAŞA;FUAR YOLU ARKASI- SOKAK;sokak;43907
ERZURUM;YAKUTİYE;LALAPAŞA;FUAR YOLU CADDE;cadde;791026
ERZURUM;YAKUTİYE;LALAPAŞA;GEMALMAZ ÇARŞISI SOKAK;sokak;416145
ERZURUM;YAKUTİYE;LALAPAŞA;GEMALMAZ SOKAK;sokak;469291
ERZURUM;YAKUTİYE;LALAPAŞA;GEZ KIRMIZI ÇEŞME SOKAK;sokak;793822
ERZURUM;YAKUTİYE;LALAPAŞA;GEZ YAVUZ SOKAK;sokak;369871
ERZURUM;YAKUTİYE;LALAPAŞA;GÜNAYDIN SOKAK;sokak;131350250
ERZURUM;YAKUTİYE;LALAPAŞA;GÜVENÇ SOKAK;sokak;421615
ERZURUM;YAKUTİYE;LALAPAŞA;HACI ÖMER SOKAK;sokak;233672
ERZURUM;YAKUTİYE;LALAPAŞA;HACI ÖMER1 SOKAK;sokak;237234970
ERZURUM;YAKUTİYE;LALAPAŞA;HASTANELER CADDE;cadde;794197
ERZURUM;YAKUTİYE;LALAPAŞA;HÜNKAR SOKAK;sokak;43887
ERZURUM;YAKUTİYE;LALAPAŞA;HÜRRİYET SOKAK;sokak;898079520
ERZURUM;YAKUTİYE;LALAPAŞA;İBRAHİM ETHEM SEVEN SOKAK;sokak;168185
ERZURUM;YAKUTİYE;LALAPAŞA;İLAYDA SOKAK;sokak;789068
ERZURUM;YAKUTİYE;LALAPAŞA;İSLAM HOCA SOKAK;sokak;794209
ERZURUM;YAKUTİYE;LALAPAŞA;İSTANBUL KAPI CADDE;cadde;362506
ERZURUM;YAKUTİYE;LALAPAŞA;İZZET PAŞA CADDE;cadde;289019
ERZURUM;YAKUTİYE;LALAPAŞA;KARA VELİ SOKAK;sokak;205636
ERZURUM;YAKUTİYE;LALAPAŞA;KARAKÖSE CAMİ SOKAK;sokak;789384
ERZURUM;YAKUTİYE;LALAPAŞA;KARANLIK SOKAK;sokak;222394
ERZURUM;YAKUTİYE;LALAPAŞA;KAZIM YURDALAN SOKAK;sokak;939118570
ERZURUM;YAKUTİYE;LALAPAŞA;KERİM SOKAK;sokak;790615
ERZURUM;YAKUTİYE;LALAPAŞA;KIŞLA ARKASI SOKAK;sokak;447296
ERZURUM;YAKUTİYE;LALAPAŞA;KOLORDU CADDE;cadde;931756
ERZURUM;YAKUTİYE;LALAPAŞA;MAZİ SOKAK;sokak;233685
ERZURUM;YAKUTİYE;LALAPAŞA;MELİKE MAMA HATUN SOKAK;sokak;515604720
ERZURUM;YAKUTİYE;LALAPAŞA;MENDERES CADDE;cadde;995820
ERZURUM;YAKUTİYE;LALAPAŞA;MENEKŞE SOKAK;sokak;268463
ERZURUM;YAKUTİYE;LALAPAŞA;MİLLET BAHÇE SOKAK;sokak;276050
ERZURUM;YAKUTİYE;LALAPAŞA;MİRA SOKAK;sokak;936254650
ERZURUM;YAKUTİYE;LALAPAŞA;MİRAÇ SOKAK;sokak;872699400
ERZURUM;YAKUTİYE;LALAPAŞA;MUMCU CADDE;cadde;375212
ERZURUM;YAKUTİYE;LALAPAŞA;MÜŞTAK BEY SOKAK;sokak;22010490
ERZURUM;YAKUTİYE;LALAPAŞA;NAFİZ ERGÜN SOKAK;sokak;446020
ERZURUM;YAKUTİYE;LALAPAŞA;ORHAN ŞERİFSOY CADDE;cadde;289005
ERZURUM;YAKUTİYE;LALAPAŞA;ÖMER NASUHİ BİLMEN CADDE;cadde;75746
ERZURUM;YAKUTİYE;LALAPAŞA;ÖRNEK SOKAK;sokak;75747
ERZURUM;YAKUTİYE;LALAPAŞA;PELİT MEYDANI CADDE;cadde;367283
ERZURUM;YAKUTİYE;LALAPAŞA;PELİT MEYDANI/1 CADDE;cadde;873458310
ERZURUM;YAKUTİYE;LALAPAŞA;PİRİ REİS SOKAK;sokak;438393
ERZURUM;YAKUTİYE;LALAPAŞA;POLAT SOKAK;sokak;211679
ERZURUM;YAKUTİYE;LALAPAŞA;PROF. DR. AZİZ SANCAR SOKAK;sokak;645993680
ERZURUM;YAKUTİYE;LALAPAŞA;PROF. DR. YUSUF TEKİN CADDE;cadde;995506
ERZURUM;YAKUTİYE;LALAPAŞA;SALİM SOKAK;sokak;88509
ERZURUM;YAKUTİYE;LALAPAŞA;SAMİH KOBAL CADDE;cadde;794189
ERZURUM;YAKUTİYE;LALAPAŞA;SEVGİ SOKAK;sokak;480139650
ERZURUM;YAKUTİYE;LALAPAŞA;SİTELER ASKERİ LOJMANLARI- KÜME EVLER;sokak;801273
ERZURUM;YAKUTİYE;LALAPAŞA;SUBAŞI KURBU SOKAK;sokak;446023
ERZURUM;YAKUTİYE;LALAPAŞA;SÜSLÜ SOKAK;sokak;416152
ERZURUM;YAKUTİYE;LALAPAŞA;ŞEHİT ABDULLAH TEKMAN SOKAK;sokak;514186140
ERZURUM;YAKUTİYE;LALAPAŞA;ŞEHİT DURSUN ŞAHİN SOKAK;sokak;178867550
ERZURUM;YAKUTİYE;LALAPAŞA;ŞEHİT ERDAL SARIYER SOKAK;sokak;921430640
ERZURUM;YAKUTİYE;LALAPAŞA;ŞEHİT HURŞİT YEŞİLYURT SOKAK;sokak;500875270
ERZURUM;YAKUTİYE;LALAPAŞA;ŞEHİT MUSTAFA ÇALIŞKAN SOKAK;sokak;459960890
ERZURUM;YAKUTİYE;LALAPAŞA;ŞEHİT TUGAY KÖSE SOKAK;sokak;563412660
ERZURUM;YAKUTİYE;LALAPAŞA;ŞEHİT TUGAY KÖSE- SOKAK;sokak;233705
ERZURUM;YAKUTİYE;LALAPAŞA;ŞEHİT YUNUS DURAN SOKAK;sokak;709252190
ERZURUM;YAKUTİYE;LALAPAŞA;ŞEHİT ZİNNUR ARASOĞLU SOKAK;sokak;670493610
ERZURUM;YAKUTİYE;LALAPAŞA;ŞELALE EVLER SOKAK;sokak;289010
ERZURUM;YAKUTİYE;LALAPAŞA;TARIMSAL ARAŞTIRMA SOKAK;sokak;261204020
ERZURUM;YAKUTİYE;LALAPAŞA;TEDAŞ ALTI- SOKAK;sokak;233677
ERZURUM;YAKUTİYE;LALAPAŞA;TERMİNAL CADDE;cadde;477487
ERZURUM;YAKUTİYE;LALAPAŞA;TERMİNAL DEMİRYOLU SOKAK;sokak;161145
ERZURUM;YAKUTİYE;LALAPAŞA;TURHAN BEY SOKAK;sokak;789089
ERZURUM;YAKUTİYE;LALAPAŞA;TÜRKİYE ZİRAAİ DONATIM KURUMU- SOKAK;sokak;792631
ERZURUM;YAKUTİYE;LALAPAŞA;UZUN SOKAK;sokak;225721
ERZURUM;YAKUTİYE;LALAPAŞA;YASEMİN SOKAK;sokak;789078
ERZURUM;YAKUTİYE;MURATGELDİ;MURATGELDİ KÜME EVLER;sokak;767165
ERZURUM;YAKUTİYE;MURATPAŞA;1. ALİ RAVİ SOKAK;sokak;80780
ERZURUM;YAKUTİYE;MURATPAŞA;1. AYDIN SOKAK;sokak;420541
ERZURUM;YAKUTİYE;MURATPAŞA;1. ÇIKMAZ SOKAK;sokak;80784
ERZURUM;YAKUTİYE;MURATPAŞA;1. ÇIRÇIR SOKAK;sokak;133293880
ERZURUM;YAKUTİYE;MURATPAŞA;1. ÇİĞDEM SOKAK;sokak;836239910
ERZURUM;YAKUTİYE;MURATPAŞA;1. FINDIK SOKAK;sokak;793779
ERZURUM;YAKUTİYE;MURATPAŞA;1. KAMİL AĞA SOKAK;sokak;408955830
ERZURUM;YAKUTİYE;MURATPAŞA;1. MURATPAŞA CADDE;cadde;212370
ERZURUM;YAKUTİYE;MURATPAŞA;1. NAİB SOKAK;sokak;415466
ERZURUM;YAKUTİYE;MURATPAŞA;1. ŞEYHLER SOKAK;sokak;367271
ERZURUM;YAKUTİYE;MURATPAŞA;1. VANİEFENDİ CADDE;cadde;415467
ERZURUM;YAKUTİYE;MURATPAŞA;1. YASERİ- SOKAK;sokak;789434
ERZURUM;YAKUTİYE;MURATPAŞA;1.BİCAN- SOKAK;sokak;416218
ERZURUM;YAKUTİYE;MURATPAŞA;2. AYDIN SOKAK;sokak;149669
ERZURUM;YAKUTİYE;MURATPAŞA;2. FINDIK SOKAK;sokak;634242790
ERZURUM;YAKUTİYE;MURATPAŞA;2. KAMİL AĞA SOKAK;sokak;653621880
ERZURUM;YAKUTİYE;MURATPAŞA;2. VANİEFENDİ SOKAK;sokak;266423480
ERZURUM;YAKUTİYE;MURATPAŞA;2.ÇIKMAZ- SOKAK;sokak;423698
ERZURUM;YAKUTİYE;MURATPAŞA;2.ÇUKUR- SOKAK;sokak;212456
ERZURUM;YAKUTİYE;MURATPAŞA;23 TEMMUZ SOKAK;sokak;543980370
ERZURUM;YAKUTİYE;MURATPAŞA;3. HACI AHMET SOKAK;sokak;233695
ERZURUM;YAKUTİYE;MURATPAŞA;3. KAMİL AĞA SOKAK;sokak;352065560
ERZURUM;YAKUTİYE;MURATPAŞA;3. VANİEFENDİ SOKAK;sokak;602153160
ERZURUM;YAKUTİYE;MURATPAŞA;4. KAMİL AĞA SOKAK;sokak;261644340
ERZURUM;YAKUTİYE;MURATPAŞA;4. VANİEFENDİ SOKAK;sokak;382253060
ERZURUM;YAKUTİYE;MURATPAŞA;ADALET CADDE;cadde;612303710
ERZURUM;YAKUTİYE;MURATPAŞA;ALİ RAVİ CADDE;cadde;187852
ERZURUM;YAKUTİYE;MURATPAŞA;ARAPLAR DÜZÜ CADDE;cadde;216036
ERZURUM;YAKUTİYE;MURATPAŞA;ARİF SOKAK;sokak;307146380
ERZURUM;YAKUTİYE;MURATPAŞA;AYDIN SOKAK;sokak;148055680
ERZURUM;YAKUTİYE;MURATPAŞA;BAHÇELER SOKAK;sokak;209237
ERZURUM;YAKUTİYE;MURATPAŞA;BAHÇEVAN- SOKAK;sokak;236111
ERZURUM;YAKUTİYE;MURATPAŞA;BAHÇIVAN SOKAK;sokak;129656460
ERZURUM;YAKUTİYE;MURATPAŞA;BAHRİ HOCA SOKAK;sokak;431281
ERZURUM;YAKUTİYE;MURATPAŞA;BİCAN SOKAK;sokak;416217
ERZURUM;YAKUTİYE;MURATPAŞA;BÜYÜKBAHÇE SOKAK;sokak;279280270
ERZURUM;YAKUTİYE;MURATPAŞA;CEPHANE SOKAK;sokak;423712
ERZURUM;YAKUTİYE;MURATPAŞA;CUMHURİYET CADDE;cadde;415468
ERZURUM;YAKUTİYE;MURATPAŞA;ÇAVUŞOĞLU SOKAK;sokak;287443
ERZURUM;YAKUTİYE;MURATPAŞA;ÇAY SOKAK;sokak;199894
ERZURUM;YAKUTİYE;MURATPAŞA;ÇIRÇIR CAMİ SOKAK;sokak;187508
ERZURUM;YAKUTİYE;MURATPAŞA;ÇIRÇIR DERE SOKAK;sokak;186815
ERZURUM;YAKUTİYE;MURATPAŞA;ÇIRÇIR GÜVEN- SOKAK;sokak;234005
ERZURUM;YAKUTİYE;MURATPAŞA;ÇIRÇIR SOKAK;sokak;189517
ERZURUM;YAKUTİYE;MURATPAŞA;ÇIRÇIR1.KÖŞK- CADDE;cadde;44278
ERZURUM;YAKUTİYE;MURATPAŞA;ÇİĞDEM SOKAK;sokak;234007
ERZURUM;YAKUTİYE;MURATPAŞA;ÇUKUR SOKAK;sokak;494886530
ERZURUM;YAKUTİYE;MURATPAŞA;DR. İSPİRLİOĞLU SOKAK;sokak;447391
ERZURUM;YAKUTİYE;MURATPAŞA;EDİP HOCA SOKAK;sokak;209604
ERZURUM;YAKUTİYE;MURATPAŞA;ERZİNCAN KAPI CADDE;cadde;437148
ERZURUM;YAKUTİYE;MURATPAŞA;FATİH SULTAN MEHMET BULVAR;sokak;80774
ERZURUM;YAKUTİYE;MURATPAŞA;HAKİM SOKAK;sokak;791530
ERZURUM;YAKUTİYE;MURATPAŞA;HAMAM SOKAK;sokak;444252
ERZURUM;YAKUTİYE;MURATPAŞA;HAŞIL EFENDİ CADDE;cadde;921264
ERZURUM;YAKUTİYE;MURATPAŞA;İMAM PINARI SOKAK;sokak;791028
ERZURUM;YAKUTİYE;MURATPAŞA;İSMET PAŞA CADDE;cadde;794171
ERZURUM;YAKUTİYE;MURATPAŞA;İTİBAR SOKAK;sokak;333578070
ERZURUM;YAKUTİYE;MURATPAŞA;KADIOĞLU SOKAK;sokak;78684
ERZURUM;YAKUTİYE;MURATPAŞA;KAMİL AĞA SOKAK;sokak;791066
ERZURUM;YAKUTİYE;MURATPAŞA;KARANFİL SOKAK;sokak;554725260
ERZURUM;YAKUTİYE;MURATPAŞA;KIBRIS SOKAK;sokak;161142
ERZURUM;YAKUTİYE;MURATPAŞA;KORE GAZİSİ CELAL DEMİRTAŞ SOKAK;sokak;219160690
ERZURUM;YAKUTİYE;MURATPAŞA;KÖŞK CADDE;cadde;212457
ERZURUM;YAKUTİYE;MURATPAŞA;KÖŞK YOLU SOKAK;sokak;791528
ERZURUM;YAKUTİYE;MURATPAŞA;KULOĞLU SOKAK;sokak;455808
ERZURUM;YAKUTİYE;MURATPAŞA;MALİYE GECİDİ- SOKAK;sokak;80358
ERZURUM;YAKUTİYE;MURATPAŞA;MERKEZ YÖNETİM CADDE;cadde;80771
ERZURUM;YAKUTİYE;MURATPAŞA;MOLLAOĞLU SOKAK;sokak;454974
ERZURUM;YAKUTİYE;MURATPAŞA;MUHABBET SOKAK;sokak;592537730
ERZURUM;YAKUTİYE;MURATPAŞA;MUHTAR METİN KARADELİ SOKAK;sokak;824006640
ERZURUM;YAKUTİYE;MURATPAŞA;MUHYETTİN AKSAK BULVAR;sokak;406945720
ERZURUM;YAKUTİYE;MURATPAŞA;MUHYİDDİNİ ARABİ CAMİ SOKAK;sokak;595633790
ERZURUM;YAKUTİYE;MURATPAŞA;NAİB GEÇİDİ SOKAK;sokak;274984
ERZURUM;YAKUTİYE;MURATPAŞA;NAİB SOKAK;sokak;28035
ERZURUM;YAKUTİYE;MURATPAŞA;ÖMER NASUHİ BİLMEN CADDE;cadde;144352
ERZURUM;YAKUTİYE;MURATPAŞA;PAŞA KIZI SOKAK;sokak;127899700
ERZURUM;YAKUTİYE;MURATPAŞA;RÜZGAR SOKAK;sokak;199896
ERZURUM;YAKUTİYE;MURATPAŞA;S.S.K. YANI- SOKAK;sokak;43418
ERZURUM;YAKUTİYE;MURATPAŞA;SABUNHANE CADDE;cadde;43908
ERZURUM;YAKUTİYE;MURATPAŞA;SARAYBOSNA CADDE;cadde;791532
ERZURUM;YAKUTİYE;MURATPAŞA;SÜLEYMAN SOKAK;sokak;791531
ERZURUM;YAKUTİYE;MURATPAŞA;SÜTBEYAZ SOKAK;sokak;419285
ERZURUM;YAKUTİYE;MURATPAŞA;ŞEYHLER CAMİ SOKAK;sokak;355385
ERZURUM;YAKUTİYE;MURATPAŞA;TERS LALE SOKAK;sokak;427780840
ERZURUM;YAKUTİYE;MURATPAŞA;YAKUTİYE- BULVAR;sokak;866157
ERZURUM;YAKUTİYE;MURATPAŞA;YENİKAPI CADDE;cadde;793780
ERZURUM;YAKUTİYE;MURATPAŞA;YENİŞEHİR CADDE;cadde;415471
ERZURUM;YAKUTİYE;MURATPAŞA;YONCALIK ASKERİ LOJMANLARI- KÜME EVLER;sokak;446837
ERZURUM;YAKUTİYE;MURATPAŞA;YUNUS EMRE SOKAK;sokak;381946
ERZURUM;YAKUTİYE;MURATPAŞA;ZAKİR BEY CADDE;cadde;789424
ERZURUM;YAKUTİYE;MÜLK;MÜLK KÜME EVLER;sokak;287512
ERZURUM;YAKUTİYE;ORTA DÜZÜ;ORTADÜZÜ KÜME EVLER;sokak;287191
ERZURUM;YAKUTİYE;ORTA DÜZÜ;YEŞİLOVA KÜME EVLER;sokak;879378271
ERZURUM;YAKUTİYE;ÖMER NASUHİ BİLMEN;1 . SOKAK;sokak;822021440
ERZURUM;YAKUTİYE;ÖMER NASUHİ BİLMEN;1. KISA SOKAK;sokak;739469490
ERZURUM;YAKUTİYE;ÖMER NASUHİ BİLMEN;1. KİBAR SOKAK;sokak;928545870
ERZURUM;YAKUTİYE;ÖMER NASUHİ BİLMEN;1. KURT DERESİ SOKAK;sokak;854802
ERZURUM;YAKUTİYE;ÖMER NASUHİ BİLMEN;1. ÜLKÜ SOKAK;sokak;308878060
ERZURUM;YAKUTİYE;ÖMER NASUHİ BİLMEN;10. SOKAK;sokak;447379
ERZURUM;YAKUTİYE;ÖMER NASUHİ BİLMEN;11. SOKAK;sokak;233704
ERZURUM;YAKUTİYE;ÖMER NASUHİ BİLMEN;12. SOKAK;sokak;206654
ERZURUM;YAKUTİYE;ÖMER NASUHİ BİLMEN;13. SOKAK;sokak;447380
ERZURUM;YAKUTİYE;ÖMER NASUHİ BİLMEN;14. SOKAK;sokak;932547460
ERZURUM;YAKUTİYE;ÖMER NASUHİ BİLMEN;2. KISA SOKAK;sokak;169092690
ERZURUM;YAKUTİYE;ÖMER NASUHİ BİLMEN;2. KİBAR SOKAK;sokak;700782660
ERZURUM;YAKUTİYE;ÖMER NASUHİ BİLMEN;2. SOKAK;sokak;613073440
ERZURUM;YAKUTİYE;ÖMER NASUHİ BİLMEN;3. KISA SOKAK;sokak;120778300
ERZURUM;YAKUTİYE;ÖMER NASUHİ BİLMEN;3. KİBAR SOKAK;sokak;304396240
ERZURUM;YAKUTİYE;ÖMER NASUHİ BİLMEN;3. SOKAK;sokak;858139620
ERZURUM;YAKUTİYE;ÖMER NASUHİ BİLMEN;4. KİBAR SOKAK;sokak;822461820
ERZURUM;YAKUTİYE;ÖMER NASUHİ BİLMEN;4. SOKAK;sokak;254094260
ERZURUM;YAKUTİYE;ÖMER NASUHİ BİLMEN;5. KİBAR SOKAK;sokak;452019690
ERZURUM;YAKUTİYE;ÖMER NASUHİ BİLMEN;5. SOKAK;sokak;678731170
ERZURUM;YAKUTİYE;ÖMER NASUHİ BİLMEN;50.YIL CADDE;cadde;422254
ERZURUM;YAKUTİYE;ÖMER NASUHİ BİLMEN;6. KİBAR SOKAK;sokak;240904740
ERZURUM;YAKUTİYE;ÖMER NASUHİ BİLMEN;6. SOKAK;sokak;447309
ERZURUM;YAKUTİYE;ÖMER NASUHİ BİLMEN;7. SOKAK;sokak;447310
ERZURUM;YAKUTİYE;ÖMER NASUHİ BİLMEN;8. SOKAK;sokak;447311
ERZURUM;YAKUTİYE;ÖMER NASUHİ BİLMEN;9. SOKAK;sokak;447378
ERZURUM;YAKUTİYE;ÖMER NASUHİ BİLMEN;ABDURRAHİM ŞERİF BEYGU CADDE;cadde;121489380
ERZURUM;YAKUTİYE;ÖMER NASUHİ BİLMEN;AÇELYA SOKAK;sokak;360047780
ERZURUM;YAKUTİYE;ÖMER NASUHİ BİLMEN;AHMET HAMDİ TANPINAR SOKAK;sokak;119843090
ERZURUM;YAKUTİYE;ÖMER NASUHİ BİLMEN;ANILAR SOKAK;sokak;995476971
ERZURUM;YAKUTİYE;ÖMER NASUHİ BİLMEN;ASLAN SOKAK;sokak;496887990
ERZURUM;YAKUTİYE;ÖMER NASUHİ BİLMEN;ATİLLA İLHAN SOKAK;sokak;186528830
ERZURUM;YAKUTİYE;ÖMER NASUHİ BİLMEN;AZERBAYCAN BULVAR;sokak;456631760
ERZURUM;YAKUTİYE;ÖMER NASUHİ BİLMEN;BEGONYA SOKAK;sokak;786667160
ERZURUM;YAKUTİYE;ÖMER NASUHİ BİLMEN;BULUT SOKAK;sokak;282508
ERZURUM;YAKUTİYE;ÖMER NASUHİ BİLMEN;CEMİL MERİÇ SOKAK;sokak;171363750
ERZURUM;YAKUTİYE;ÖMER NASUHİ BİLMEN;CENGİZ HAN SOKAK;sokak;206655
ERZURUM;YAKUTİYE;ÖMER NASUHİ BİLMEN;CENGİZ TOPEL- CADDE;cadde;422255
ERZURUM;YAKUTİYE;ÖMER NASUHİ BİLMEN;ÇAĞATAY SOKAK;sokak;447307
ERZURUM;YAKUTİYE;ÖMER NASUHİ BİLMEN;ÇİFTLİK YOLU SOKAK;sokak;233703
ERZURUM;YAKUTİYE;ÖMER NASUHİ BİLMEN;DADAŞ KÖYÜ YOLU CADDE;cadde;791040
ERZURUM;YAKUTİYE;ÖMER NASUHİ BİLMEN;DEDE KORKUT SOKAK;sokak;111432030
ERZURUM;YAKUTİYE;ÖMER NASUHİ BİLMEN;DEVLET DEMİRYOLLARI CADDE;cadde;782332
ERZURUM;YAKUTİYE;ÖMER NASUHİ BİLMEN;DR. CANAN DAĞDEVİREN SOKAK;sokak;822799360
ERZURUM;YAKUTİYE;ÖMER NASUHİ BİLMEN;DURU SOKAK;sokak;142108430
ERZURUM;YAKUTİYE;ÖMER NASUHİ BİLMEN;FARABİ BULVAR;sokak;64538606
ERZURUM;YAKUTİYE;ÖMER NASUHİ BİLMEN;GALERİCİLER SOKAK;sokak;474433
ERZURUM;YAKUTİYE;ÖMER NASUHİ BİLMEN;GÜLŞAH SOKAK;sokak;233701
ERZURUM;YAKUTİYE;ÖMER NASUHİ BİLMEN;GÜMRÜK SOKAK;sokak;498739120
ERZURUM;YAKUTİYE;ÖMER NASUHİ BİLMEN;HACEGAN KONAKLARI- SOKAK;sokak;782331
ERZURUM;YAKUTİYE;ÖMER NASUHİ BİLMEN;HAL SOKAK;sokak;253999160
ERZURUM;YAKUTİYE;ÖMER NASUHİ BİLMEN;HAL- CADDE;cadde;782327
ERZURUM;YAKUTİYE;ÖMER NASUHİ BİLMEN;HAVA ALANI YOLU- CADDE;cadde;940082
ERZURUM;YAKUTİYE;ÖMER NASUHİ BİLMEN;HECE SOKAK;sokak;832191961
ERZURUM;YAKUTİYE;ÖMER NASUHİ BİLMEN;İSTANBUL KAPI CADDE;cadde;23223639
ERZURUM;YAKUTİYE;ÖMER NASUHİ BİLMEN;İSTASYON CADDE;cadde;782328
ERZURUM;YAKUTİYE;ÖMER NASUHİ BİLMEN;İSTASYON MENDERES- SOKAK;sokak;782330
ERZURUM;YAKUTİYE;ÖMER NASUHİ BİLMEN;KAPLAN SOKAK;sokak;844083680
ERZURUM;YAKUTİYE;ÖMER NASUHİ BİLMEN;KISA SOKAK;sokak;903520481
ERZURUM;YAKUTİYE;ÖMER NASUHİ BİLMEN;KIYAM SOKAK;sokak;272832091
ERZURUM;YAKUTİYE;ÖMER NASUHİ BİLMEN;KIYI SOKAK;sokak;711009371
ERZURUM;YAKUTİYE;ÖMER NASUHİ BİLMEN;KİRVE SOKAK;sokak;251639571
ERZURUM;YAKUTİYE;ÖMER NASUHİ BİLMEN;KİTABE SOKAK;sokak;990027190
ERZURUM;YAKUTİYE;ÖMER NASUHİ BİLMEN;KOCAVEZİR SOKAK;sokak;390551991
ERZURUM;YAKUTİYE;ÖMER NASUHİ BİLMEN;KOMBİNA CADDE;cadde;474432
ERZURUM;YAKUTİYE;ÖMER NASUHİ BİLMEN;KOMESLI KOCAALI CADDE;cadde;445197001
ERZURUM;YAKUTİYE;ÖMER NASUHİ BİLMEN;KORG. ZEKAİ AKSAKALLI CADDE;cadde;383463420
ERZURUM;YAKUTİYE;ÖMER NASUHİ BİLMEN;KÖK SOKAK;sokak;349590071
ERZURUM;YAKUTİYE;ÖMER NASUHİ BİLMEN;KÖKLÜCE SOKAK;sokak;215274291
ERZURUM;YAKUTİYE;ÖMER NASUHİ BİLMEN;KURT DERESİ SOKAK;sokak;221270
ERZURUM;YAKUTİYE;ÖMER NASUHİ BİLMEN;KÜLTÜR SOKAK;sokak;325153551
ERZURUM;YAKUTİYE;ÖMER NASUHİ BİLMEN;KÜTÜK SOKAK;sokak;215362061
ERZURUM;YAKUTİYE;ÖMER NASUHİ BİLMEN;KÜTÜKLÜ SOKAK;sokak;325329961
ERZURUM;YAKUTİYE;ÖMER NASUHİ BİLMEN;MANGALA SOKAK;sokak;155683060
ERZURUM;YAKUTİYE;ÖMER NASUHİ BİLMEN;MECNUN- KÜME EVLER;sokak;782326
ERZURUM;YAKUTİYE;ÖMER NASUHİ BİLMEN;MEHMED ZAHİT KOTKU SOKAK;sokak;219046930
ERZURUM;YAKUTİYE;ÖMER NASUHİ BİLMEN;MEHMET SEKMEN BULVAR;sokak;117744110
ERZURUM;YAKUTİYE;ÖMER NASUHİ BİLMEN;MERAM SOKAK;sokak;822364561
ERZURUM;YAKUTİYE;ÖMER NASUHİ BİLMEN;METE HAN SOKAK;sokak;561890120
ERZURUM;YAKUTİYE;ÖMER NASUHİ BİLMEN;MİSAFİR SOKAK;sokak;495381271
ERZURUM;YAKUTİYE;ÖMER NASUHİ BİLMEN;MİTHAT TURGUTCAN SOKAK;sokak;120148660
ERZURUM;YAKUTİYE;ÖMER NASUHİ BİLMEN;MUALLİM SOKAK;sokak;411851170
ERZURUM;YAKUTİYE;ÖMER NASUHİ BİLMEN;MUSTAFA DURMAZ PINAR SOKAK;sokak;422251
ERZURUM;YAKUTİYE;ÖMER NASUHİ BİLMEN;MUTEBER SOKAK;sokak;847465931
ERZURUM;YAKUTİYE;ÖMER NASUHİ BİLMEN;MÜKERREM KEMERTAŞ SOKAK;sokak;502433690
ERZURUM;YAKUTİYE;ÖMER NASUHİ BİLMEN;MÜNİR NURETTİN SELÇUK SOKAK;sokak;414147720
ERZURUM;YAKUTİYE;ÖMER NASUHİ BİLMEN;NACAK SOKAK;sokak;151929581
ERZURUM;YAKUTİYE;ÖMER NASUHİ BİLMEN;NAFİZ KOTAN BULVAR;sokak;157410100
ERZURUM;YAKUTİYE;ÖMER NASUHİ BİLMEN;NAİM GÖLLEROĞLU CADDE;cadde;699328790
ERZURUM;YAKUTİYE;ÖMER NASUHİ BİLMEN;NECİP FAZIL KISAKÜREK CADDE;cadde;782653
ERZURUM;YAKUTİYE;ÖMER NASUHİ BİLMEN;NEŞET ERTAŞ SOKAK;sokak;117189210
ERZURUM;YAKUTİYE;ÖMER NASUHİ BİLMEN;NİHAT KİTAPÇI SOKAK;sokak;172735170
ERZURUM;YAKUTİYE;ÖMER NASUHİ BİLMEN;NİLÜFER SOKAK;sokak;531179820
ERZURUM;YAKUTİYE;ÖMER NASUHİ BİLMEN;NURULLAH AKÇAYIR SOKAK;sokak;130281960
ERZURUM;YAKUTİYE;ÖMER NASUHİ BİLMEN;OLİMPİYAT ÇARŞISI- SOKAK;sokak;1009391
ERZURUM;YAKUTİYE;ÖMER NASUHİ BİLMEN;OTAĞ SOKAK;sokak;192216700
ERZURUM;YAKUTİYE;ÖMER NASUHİ BİLMEN;ÖRENCİK SOKAK;sokak;720499271
ERZURUM;YAKUTİYE;ÖMER NASUHİ BİLMEN;ÖZEN SOKAK;sokak;703456651
ERZURUM;YAKUTİYE;ÖMER NASUHİ BİLMEN;ÖZGÜR SOKAK;sokak;146736440
ERZURUM;YAKUTİYE;ÖMER NASUHİ BİLMEN;PROF. DR. HULUSİ BEHÇET SOKAK;sokak;411141900
ERZURUM;YAKUTİYE;ÖMER NASUHİ BİLMEN;PROF. DR. NURULLAH GENÇ SOKAK;sokak;307179950
ERZURUM;YAKUTİYE;ÖMER NASUHİ BİLMEN;PROF. DR. YUSUF TEKİN CADDE;cadde;233702
ERZURUM;YAKUTİYE;ÖMER NASUHİ BİLMEN;SERHAT- SOKAK;sokak;782325
ERZURUM;YAKUTİYE;ÖMER NASUHİ BİLMEN;SPOR SOKAK;sokak;165579280
ERZURUM;YAKUTİYE;ÖMER NASUHİ BİLMEN;ŞAHİN BEY- SOKAK;sokak;782329
ERZURUM;YAKUTİYE;ÖMER NASUHİ BİLMEN;ŞAİR İLHAMİ ÇİÇEK SOKAK;sokak;595381161
ERZURUM;YAKUTİYE;ÖMER NASUHİ BİLMEN;ŞEHİT BATIKAN AVCI CADDE;cadde;573305650
ERZURUM;YAKUTİYE;ÖMER NASUHİ BİLMEN;ŞEHİT ERCAN ATALAY SOKAK;sokak;641064040
ERZURUM;YAKUTİYE;ÖMER NASUHİ BİLMEN;ŞEHİT ERCAN YILMAZ SOKAK;sokak;415308
ERZURUM;YAKUTİYE;ÖMER NASUHİ BİLMEN;ŞEHİT HANİFİ DEMİR SOKAK;sokak;269346950
ERZURUM;YAKUTİYE;ÖMER NASUHİ BİLMEN;ŞEHİT KÜRŞAT GÜNEŞ CADDE;cadde;301974790
ERZURUM;YAKUTİYE;ÖMER NASUHİ BİLMEN;ŞEHİT MEHMET GÖK SOKAK;sokak;410926360
ERZURUM;YAKUTİYE;ÖMER NASUHİ BİLMEN;ŞEHİT MURAT ÖZKAN SOKAK;sokak;165659050
ERZURUM;YAKUTİYE;ÖMER NASUHİ BİLMEN;ŞEHİT NURULLAH DOĞAN SOKAK;sokak;793831210
ERZURUM;YAKUTİYE;ÖMER NASUHİ BİLMEN;ŞEHİT PİLOT CENGİZ TOPEL SOKAK;sokak;527916470
ERZURUM;YAKUTİYE;ÖMER NASUHİ BİLMEN;ŞEHİT POLİS FIRAT BULUT CADDE;cadde;833275360
ERZURUM;YAKUTİYE;ÖMER NASUHİ BİLMEN;ŞEHİT POLİS MURAT YILDIRIM SOKAK;sokak;107638600
ERZURUM;YAKUTİYE;ÖMER NASUHİ BİLMEN;ŞEHİT TEĞMEN MUHAMMED KIR CADDE;cadde;112774070
ERZURUM;YAKUTİYE;ÖMER NASUHİ BİLMEN;ŞEHİT YAVUZ YÜREKSEVER SOKAK;sokak;123753090
ERZURUM;YAKUTİYE;ÖMER NASUHİ BİLMEN;ŞEKER AHMET PAŞA SOKAK;sokak;368497270
ERZURUM;YAKUTİYE;ÖMER NASUHİ BİLMEN;ŞİİR SOKAK;sokak;660378541
ERZURUM;YAKUTİYE;ÖMER NASUHİ BİLMEN;ŞİRİN SOKAK;sokak;467375160
ERZURUM;YAKUTİYE;ÖMER NASUHİ BİLMEN;TEMİNAL ÇIKMAZ- SOKAK;sokak;809448
ERZURUM;YAKUTİYE;ÖMER NASUHİ BİLMEN;TERMİNAL 2 ÇIKMAZI- SOKAK;sokak;461183
ERZURUM;YAKUTİYE;ÖMER NASUHİ BİLMEN;TERMİNAL 2- SOKAK;sokak;760782
ERZURUM;YAKUTİYE;ÖMER NASUHİ BİLMEN;TERMİNAL 2.ARA- SOKAK;sokak;447383
ERZURUM;YAKUTİYE;ÖMER NASUHİ BİLMEN;TERMİNAL 3.- SOKAK;sokak;47097
ERZURUM;YAKUTİYE;ÖMER NASUHİ BİLMEN;TERMİNAL 4.- SOKAK;sokak;447308
ERZURUM;YAKUTİYE;ÖMER NASUHİ BİLMEN;TERMİNAL 5.- SOKAK;sokak;206653
ERZURUM;YAKUTİYE;ÖMER NASUHİ BİLMEN;TERMİNAL DADAŞ- CADDE;cadde;161144
ERZURUM;YAKUTİYE;ÖMER NASUHİ BİLMEN;TOPRAK OFİSİ LOJMANLARI SOKAK;sokak;311330510
ERZURUM;YAKUTİYE;ÖMER NASUHİ BİLMEN;TOYGAR SOKAK;sokak;431980270
ERZURUM;YAKUTİYE;ÖMER NASUHİ BİLMEN;TUNA SOKAK;sokak;838405
ERZURUM;YAKUTİYE;ÖMER NASUHİ BİLMEN;TUZCUAY SOKAK;sokak;615209200
ERZURUM;YAKUTİYE;ÖMER NASUHİ BİLMEN;ULUĞ BEY SOKAK;sokak;304295420
ERZURUM;YAKUTİYE;ÖMER NASUHİ BİLMEN;ÜLGEN SOKAK;sokak;101517770
ERZURUM;YAKUTİYE;ÖMER NASUHİ BİLMEN;YAHYA KEMAL BEYATLI CADDE;cadde;435548150
ERZURUM;YAKUTİYE;RABİA ANA;1 HURŞİT BEY- SOKAK;sokak;233667
ERZURUM;YAKUTİYE;RABİA ANA;1. AYAZPAŞA CADDE;cadde;209792
ERZURUM;YAKUTİYE;RABİA ANA;1. BEŞİKTAŞ SOKAK;sokak;446829
ERZURUM;YAKUTİYE;RABİA ANA;1. ÇAVUŞOĞLU- SOKAK;sokak;217383
ERZURUM;YAKUTİYE;RABİA ANA;1. ÇEŞME SOKAK;sokak;453384
ERZURUM;YAKUTİYE;RABİA ANA;1. DEĞİRMİ SOKAK;sokak;127845180
ERZURUM;YAKUTİYE;RABİA ANA;1. EVLİYA ÇELEBİ SOKAK;sokak;353370
ERZURUM;YAKUTİYE;RABİA ANA;1. HACI AHMET SOKAK;sokak;505353430
ERZURUM;YAKUTİYE;RABİA ANA;1. KURŞUNLU CAMİ SOKAK;sokak;453383
ERZURUM;YAKUTİYE;RABİA ANA;1. KÜLHAN SOKAK;sokak;341740780
ERZURUM;YAKUTİYE;RABİA ANA;1. MAHMUT PAŞA SOKAK;sokak;792665400
ERZURUM;YAKUTİYE;RABİA ANA;1. MEKTEP ARKASI- SOKAK;sokak;416209
ERZURUM;YAKUTİYE;RABİA ANA;1. MEKTEP GEÇİDİ SOKAK;sokak;446826
ERZURUM;YAKUTİYE;RABİA ANA;1. MEYDAN SOKAK;sokak;458375
ERZURUM;YAKUTİYE;RABİA ANA;1. PARK SOKAK;sokak;297915
ERZURUM;YAKUTİYE;RABİA ANA;1. ŞAHBENDER SOKAK;sokak;455804
ERZURUM;YAKUTİYE;RABİA ANA;1. TAHTA CAMİ- SOKAK;sokak;218938
ERZURUM;YAKUTİYE;RABİA ANA;1. TOSYA SOKAK;sokak;317491040
ERZURUM;YAKUTİYE;RABİA ANA;1. VEYİSEFENDİ SOKAK;sokak;537531580
ERZURUM;YAKUTİYE;RABİA ANA;1. YÜZBAŞI SOKAK;sokak;791019
ERZURUM;YAKUTİYE;RABİA ANA;1.BURHAN- SOKAK;sokak;236104
ERZURUM;YAKUTİYE;RABİA ANA;1.HACI KURBAN- SOKAK;sokak;770493
ERZURUM;YAKUTİYE;RABİA ANA;1.HÜSEYİN EFENDİ ÇIKMAZ- SOKAK;sokak;446839
ERZURUM;YAKUTİYE;RABİA ANA;1.MANOLYA- SOKAK;sokak;303428
ERZURUM;YAKUTİYE;RABİA ANA;1.OSMAN PAŞA- SOKAK;sokak;287400
ERZURUM;YAKUTİYE;RABİA ANA;1.ŞEMOBEY- SOKAK;sokak;161141
ERZURUM;YAKUTİYE;RABİA ANA;1.YAVUZER- SOKAK;sokak;384219
ERZURUM;YAKUTİYE;RABİA ANA;1.ZORLU- SOKAK;sokak;88504
ERZURUM;YAKUTİYE;RABİA ANA;12.MART- SOKAK;sokak;189412
ERZURUM;YAKUTİYE;RABİA ANA;2. BEDENDİBİ SOKAK;sokak;616783
ERZURUM;YAKUTİYE;RABİA ANA;2. BEŞİKTAŞ SOKAK;sokak;272354640
ERZURUM;YAKUTİYE;RABİA ANA;2. EVLİYA ÇELEBİ SOKAK;sokak;718653230
ERZURUM;YAKUTİYE;RABİA ANA;2. HACI AHMET- SOKAK;sokak;203253
ERZURUM;YAKUTİYE;RABİA ANA;2. KARS KAPI CADDE;cadde;794564
ERZURUM;YAKUTİYE;RABİA ANA;2. KURŞUNLU CAMİ SOKAK;sokak;384218
ERZURUM;YAKUTİYE;RABİA ANA;2. MAHMUT PAŞA SOKAK;sokak;236106
ERZURUM;YAKUTİYE;RABİA ANA;2. MEKTEP SOKAK;sokak;168187
ERZURUM;YAKUTİYE;RABİA ANA;2. MEYDAN SOKAK;sokak;384215
ERZURUM;YAKUTİYE;RABİA ANA;2. PARK SOKAK;sokak;302645
ERZURUM;YAKUTİYE;RABİA ANA;2. ŞADIRLI SOKAK;sokak;276053
ERZURUM;YAKUTİYE;RABİA ANA;2. ŞAFAK SOKAK;sokak;572709850
ERZURUM;YAKUTİYE;RABİA ANA;2. VEYİSEFENDİ SOKAK;sokak;852540920
ERZURUM;YAKUTİYE;RABİA ANA;2. YÜZBAŞI- CADDE;cadde;188070
ERZURUM;YAKUTİYE;RABİA ANA;2.BURHAN SOKAK;sokak;384214
ERZURUM;YAKUTİYE;RABİA ANA;2.GÜMÜŞ GÖZ- SOKAK;sokak;188325
ERZURUM;YAKUTİYE;RABİA ANA;2.TEMİRAGA- SOKAK;sokak;794235
ERZURUM;YAKUTİYE;RABİA ANA;2.TOSYA- SOKAK;sokak;432914
ERZURUM;YAKUTİYE;RABİA ANA;3. BEŞİKTAŞ SOKAK;sokak;214487170
ERZURUM;YAKUTİYE;RABİA ANA;3. MEYDAN SOKAK;sokak;335475480
ERZURUM;YAKUTİYE;RABİA ANA;3. TOSYA SOKAK;sokak;152026660
ERZURUM;YAKUTİYE;RABİA ANA;3. VEYİSEFENDİ SOKAK;sokak;520247910
ERZURUM;YAKUTİYE;RABİA ANA;3.12 MART- SOKAK;sokak;189413
ERZURUM;YAKUTİYE;RABİA ANA;3.PARK- SOKAK;sokak;290724
ERZURUM;YAKUTİYE;RABİA ANA;4. BEŞİKTAŞ SOKAK;sokak;201077930
ERZURUM;YAKUTİYE;RABİA ANA;4. MEYDAN SOKAK;sokak;443170300
ERZURUM;YAKUTİYE;RABİA ANA;4. TOSYA SOKAK;sokak;787549910
ERZURUM;YAKUTİYE;RABİA ANA;5. BEŞİKTAŞ SOKAK;sokak;496288290
ERZURUM;YAKUTİYE;RABİA ANA;5.PARK- SOKAK;sokak;222620
ERZURUM;YAKUTİYE;RABİA ANA;6. BEŞİKTAŞ SOKAK;sokak;364588420
ERZURUM;YAKUTİYE;RABİA ANA;7. BEŞİKTAŞ SOKAK;sokak;245484890
ERZURUM;YAKUTİYE;RABİA ANA;8. BEŞİKTAŞ SOKAK;sokak;494891560
ERZURUM;YAKUTİYE;RABİA ANA;ABDULLAH HOCA SOKAK;sokak;186658
ERZURUM;YAKUTİYE;RABİA ANA;ABUŞ EFENDİ SOKAK;sokak;287397
ERZURUM;YAKUTİYE;RABİA ANA;AHMET SOKAK;sokak;791094
ERZURUM;YAKUTİYE;RABİA ANA;ALAYEMİN SOKAK;sokak;236101
ERZURUM;YAKUTİYE;RABİA ANA;ALİ RAVİ CADDE;cadde;65136
ERZURUM;YAKUTİYE;RABİA ANA;ALP SOKAK;sokak;794221
ERZURUM;YAKUTİYE;RABİA ANA;ALTAY SOKAK;sokak;43919
ERZURUM;YAKUTİYE;RABİA ANA;AMBAR DİBİ SOKAK;sokak;283170
ERZURUM;YAKUTİYE;RABİA ANA;ATASU SOKAK;sokak;43920
ERZURUM;YAKUTİYE;RABİA ANA;ATATÜRK LİSESİ CADDE;cadde;222405
ERZURUM;YAKUTİYE;RABİA ANA;AYDINLIK SOKAK;sokak;291896
ERZURUM;YAKUTİYE;RABİA ANA;AYDINOĞLU SOKAK;sokak;373599
ERZURUM;YAKUTİYE;RABİA ANA;AYYILDIZ SOKAK;sokak;65133
ERZURUM;YAKUTİYE;RABİA ANA;BAHÇE SOKAK;sokak;384213
ERZURUM;YAKUTİYE;RABİA ANA;BARUT SOKAK;sokak;789427
ERZURUM;YAKUTİYE;RABİA ANA;BEKİR EFENDİ SOKAK;sokak;191150
ERZURUM;YAKUTİYE;RABİA ANA;BERBER SOKAK;sokak;793832
ERZURUM;YAKUTİYE;RABİA ANA;BEŞİKTAŞ CADDE;cadde;78691
ERZURUM;YAKUTİYE;RABİA ANA;BLOKLAR- SOKAK;sokak;219755
ERZURUM;YAKUTİYE;RABİA ANA;BOZKURT- SOKAK;sokak;384217
ERZURUM;YAKUTİYE;RABİA ANA;BURHAN SOKAK;sokak;622414270
ERZURUM;YAKUTİYE;RABİA ANA;BÜYÜK DELİBAŞ- SOKAK;sokak;217375
ERZURUM;YAKUTİYE;RABİA ANA;BÜYÜK MEYDAN SOKAK;sokak;207094
ERZURUM;YAKUTİYE;RABİA ANA;CAFERİYE CAMİ SOKAK;sokak;36831
ERZURUM;YAKUTİYE;RABİA ANA;CAMBAZ- SOKAK;sokak;88494
ERZURUM;YAKUTİYE;RABİA ANA;CAMİ ARKASI- SOKAK;sokak;429703
ERZURUM;YAKUTİYE;RABİA ANA;CANİP BEY SOKAK;sokak;222432
ERZURUM;YAKUTİYE;RABİA ANA;CEBİR KAPI- SOKAK;sokak;421619
ERZURUM;YAKUTİYE;RABİA ANA;CEBİR SOKAK;sokak;610214320
ERZURUM;YAKUTİYE;RABİA ANA;CEDİT CAMİ SOKAK;sokak;791120
ERZURUM;YAKUTİYE;RABİA ANA;CEDİT DERE SOKAK;sokak;36840
ERZURUM;YAKUTİYE;RABİA ANA;CEDİTLER CADDE;cadde;374027
ERZURUM;YAKUTİYE;RABİA ANA;CEMAL BEY- SOKAK;sokak;446777
ERZURUM;YAKUTİYE;RABİA ANA;CENNETZADE SOKAK;sokak;659362620
ERZURUM;YAKUTİYE;RABİA ANA;CEYLANOĞLU SOKAK;sokak;614710090
ERZURUM;YAKUTİYE;RABİA ANA;CUMHURİYET CADDE;cadde;221248
ERZURUM;YAKUTİYE;RABİA ANA;ÇEŞME SOKAK;sokak;240787500
ERZURUM;YAKUTİYE;RABİA ANA;ÇINARDİBİ SOKAK;sokak;932968380
ERZURUM;YAKUTİYE;RABİA ANA;ÇİFTE KARDEŞLER CAMİİ SOKAK;sokak;78687
ERZURUM;YAKUTİYE;RABİA ANA;ÇİFTE MİNARELER CADDE;cadde;416210
ERZURUM;YAKUTİYE;RABİA ANA;DEĞİRMİ1- SOKAK;sokak;149579
ERZURUM;YAKUTİYE;RABİA ANA;DELİ ÖMER SOKAK;sokak;339929590
ERZURUM;YAKUTİYE;RABİA ANA;DELİ ÖMER- CADDE;cadde;220861
ERZURUM;YAKUTİYE;RABİA ANA;DERVİŞ AĞA SOKAK;sokak;489874810
ERZURUM;YAKUTİYE;RABİA ANA;DEVE BOYNU SOKAK;sokak;186786
ERZURUM;YAKUTİYE;RABİA ANA;DEVECİ SOKAK;sokak;209876
ERZURUM;YAKUTİYE;RABİA ANA;DİBEK- SOKAK;sokak;748074
ERZURUM;YAKUTİYE;RABİA ANA;DOLAMBAÇ SOKAK;sokak;199905
ERZURUM;YAKUTİYE;RABİA ANA;DÜZLER- SOKAK;sokak;373628
ERZURUM;YAKUTİYE;RABİA ANA;EBU İSHAK SOKAK;sokak;416212
ERZURUM;YAKUTİYE;RABİA ANA;EDİP EFENDİ SOKAK;sokak;794193
ERZURUM;YAKUTİYE;RABİA ANA;EMİR SALTUK BEY SOKAK;sokak;140570460
ERZURUM;YAKUTİYE;RABİA ANA;EMİRŞEYH DARACIK- SOKAK;sokak;788606
ERZURUM;YAKUTİYE;RABİA ANA;ERGENEKON SOKAK;sokak;257097340
ERZURUM;YAKUTİYE;RABİA ANA;ESAT ÇUHADAR SOKAK;sokak;771872
ERZURUM;YAKUTİYE;RABİA ANA;ESAT PAŞA CAMİ SOKAK;sokak;172724770
ERZURUM;YAKUTİYE;RABİA ANA;ESAT PAŞA YOKUŞU SOKAK;sokak;209794
ERZURUM;YAKUTİYE;RABİA ANA;ESATPAŞA YOKUŞU- SOKAK;sokak;94393
ERZURUM;YAKUTİYE;RABİA ANA;ESEN- SOKAK;sokak;43917
ERZURUM;YAKUTİYE;RABİA ANA;ESVAP EMİN SOKAK;sokak;374017
ERZURUM;YAKUTİYE;RABİA ANA;EVLİYA SOKAK;sokak;161139
ERZURUM;YAKUTİYE;RABİA ANA;EYÜPDÜZÜ- SOKAK;sokak;199899
ERZURUM;YAKUTİYE;RABİA ANA;FATİH SULTAN MEHMET BULVAR;sokak;772960
ERZURUM;YAKUTİYE;RABİA ANA;FAZIL KORKMAZ CADDE;cadde;69138
ERZURUM;YAKUTİYE;RABİA ANA;GAZİ AHMET SOMUNOĞLU SOKAK;sokak;416211
ERZURUM;YAKUTİYE;RABİA ANA;GAZİ OSMAN PAŞA CADDE;cadde;267111680
ERZURUM;YAKUTİYE;RABİA ANA;GÜL BAHÇE SOKAK;sokak;417722370
ERZURUM;YAKUTİYE;RABİA ANA;GÜLAHMET CADDE;cadde;794219
ERZURUM;YAKUTİYE;RABİA ANA;GÜLLÜBEY SOKAK;sokak;287520
ERZURUM;YAKUTİYE;RABİA ANA;GÜMÜŞGÖZ SOKAK;sokak;395269340
ERZURUM;YAKUTİYE;RABİA ANA;HABİPEFENDİ GÜMÜŞLÜ KÜMBET SOKAK;sokak;414340
ERZURUM;YAKUTİYE;RABİA ANA;HACI ABDULLAH SOKAK;sokak;209791
ERZURUM;YAKUTİYE;RABİA ANA;HACI ALİ SOKAK;sokak;793827
ERZURUM;YAKUTİYE;RABİA ANA;HACI CUMA DERE SOKAK;sokak;234024
ERZURUM;YAKUTİYE;RABİA ANA;HACI HALİL SOKAK;sokak;482805
ERZURUM;YAKUTİYE;RABİA ANA;HACI HASAN SOKAK;sokak;790222
ERZURUM;YAKUTİYE;RABİA ANA;HACI KALFA- SOKAK;sokak;283223
ERZURUM;YAKUTİYE;RABİA ANA;HACI KURBAN SOKAK;sokak;343569
ERZURUM;YAKUTİYE;RABİA ANA;HACIAHMET SOKAK;sokak;794220
ERZURUM;YAKUTİYE;RABİA ANA;HACIAHMET/1 SOKAK;sokak;793826020
ERZURUM;YAKUTİYE;RABİA ANA;HAMİDBEY ÇIKMAZI SOKAK;sokak;209363
ERZURUM;YAKUTİYE;RABİA ANA;HANIM HAMAMI SOKAK;sokak;168186
ERZURUM;YAKUTİYE;RABİA ANA;HAŞİM SOKAK;sokak;455014
ERZURUM;YAKUTİYE;RABİA ANA;HAZNEDAR SOKAK;sokak;613220
ERZURUM;YAKUTİYE;RABİA ANA;HİLAL SOKAK;sokak;432910
ERZURUM;YAKUTİYE;RABİA ANA;HÜRREM BEY SOKAK;sokak;209354
ERZURUM;YAKUTİYE;RABİA ANA;HÜSEYİN EFENDİ SOKAK;sokak;447384
ERZURUM;YAKUTİYE;RABİA ANA;IŞIKLI SOKAK;sokak;897990500
ERZURUM;YAKUTİYE;RABİA ANA;KADİR BABA SOKAK;sokak;866320800
ERZURUM;YAKUTİYE;RABİA ANA;KALE ARKASI SOKAK;sokak;384211
ERZURUM;YAKUTİYE;RABİA ANA;KALE CADDE;cadde;78670
ERZURUM;YAKUTİYE;RABİA ANA;KANTARCIOĞLU SOKAK;sokak;794144
ERZURUM;YAKUTİYE;RABİA ANA;KARAGÖZ SOKAK;sokak;43921
ERZURUM;YAKUTİYE;RABİA ANA;KARAKULUKCU- SOKAK;sokak;222415
ERZURUM;YAKUTİYE;RABİA ANA;KARS KAPI CADDE;cadde;278166
ERZURUM;YAKUTİYE;RABİA ANA;KAYA SOKAK;sokak;416150
ERZURUM;YAKUTİYE;RABİA ANA;KEMHAN ÇIKMAZI- SOKAK;sokak;456293
ERZURUM;YAKUTİYE;RABİA ANA;KETECİ SOKAK;sokak;527851
ERZURUM;YAKUTİYE;RABİA ANA;KEVELCİLER CADDE;cadde;791122
ERZURUM;YAKUTİYE;RABİA ANA;KILKIL- SOKAK;sokak;225766
ERZURUM;YAKUTİYE;RABİA ANA;KIRKÇEŞME SOKAK;sokak;790312
ERZURUM;YAKUTİYE;RABİA ANA;KIRMACI DEĞİRMİ SOKAK;sokak;225756
ERZURUM;YAKUTİYE;RABİA ANA;KIRMACI HALİT PAŞA CADDE;cadde;222431
ERZURUM;YAKUTİYE;RABİA ANA;KIRMACI MEZARLIK SOKAK;sokak;80775
ERZURUM;YAKUTİYE;RABİA ANA;KIRMIZI ÇEŞME SOKAK;sokak;233353
ERZURUM;YAKUTİYE;RABİA ANA;KIŞLA SOKAK;sokak;794201
ERZURUM;YAKUTİYE;RABİA ANA;KİBAR SOKAK;sokak;485554030
ERZURUM;YAKUTİYE;RABİA ANA;KORKMAZ- SOKAK;sokak;446825
ERZURUM;YAKUTİYE;RABİA ANA;KUMLU SOKAK;sokak;458376
ERZURUM;YAKUTİYE;RABİA ANA;KURTOĞLU SOKAK;sokak;446830
ERZURUM;YAKUTİYE;RABİA ANA;KÜÇÜK MEYDAN SOKAK;sokak;446775
ERZURUM;YAKUTİYE;RABİA ANA;KÜLHAN SOKAK;sokak;358377310
ERZURUM;YAKUTİYE;RABİA ANA;KÜLHAN- SOKAK;sokak;80769
ERZURUM;YAKUTİYE;RABİA ANA;KÜMBET CADDE;cadde;794233
ERZURUM;YAKUTİYE;RABİA ANA;LALE- SOKAK;sokak;771631
ERZURUM;YAKUTİYE;RABİA ANA;LALELİ SOKAK;sokak;794567
ERZURUM;YAKUTİYE;RABİA ANA;LEYLAK SOKAK;sokak;283236
ERZURUM;YAKUTİYE;RABİA ANA;LİMONLU SOKAK;sokak;384210
ERZURUM;YAKUTİYE;RABİA ANA;MAHMUT PAŞA CADDE;cadde;189612
ERZURUM;YAKUTİYE;RABİA ANA;MARPUTCU SOKAK;sokak;168223
ERZURUM;YAKUTİYE;RABİA ANA;MEHMET ÇALMAŞUR SOKAK;sokak;245383320
ERZURUM;YAKUTİYE;RABİA ANA;MEKTEP ARKASI- SOKAK;sokak;278090
ERZURUM;YAKUTİYE;RABİA ANA;MEKTEP ÇIKMAZI- SOKAK;sokak;65138
ERZURUM;YAKUTİYE;RABİA ANA;MELTEM SOKAK;sokak;190700690
ERZURUM;YAKUTİYE;RABİA ANA;MEMİŞ AĞA SOKAK;sokak;791021
ERZURUM;YAKUTİYE;RABİA ANA;MENDERES CADDE;cadde;168183
ERZURUM;YAKUTİYE;RABİA ANA;MESCİT SOKAK;sokak;790309
ERZURUM;YAKUTİYE;RABİA ANA;MEŞE SOKAK;sokak;110263900
ERZURUM;YAKUTİYE;RABİA ANA;MEYDAN MEZARLIK- SOKAK;sokak;384216
ERZURUM;YAKUTİYE;RABİA ANA;MIRZA MEHMET BEDENDİBİ- SOKAK;sokak;616782
ERZURUM;YAKUTİYE;RABİA ANA;MIRZA MEHMET SOKAK;sokak;694501460
ERZURUM;YAKUTİYE;RABİA ANA;MOLLA AHMET SOKAK;sokak;225757
ERZURUM;YAKUTİYE;RABİA ANA;MOLLA KAYA SOKAK;sokak;168179
ERZURUM;YAKUTİYE;RABİA ANA;MURADİYE SOKAK;sokak;217384
ERZURUM;YAKUTİYE;RABİA ANA;MUSA BEY SOKAK;sokak;790310
ERZURUM;YAKUTİYE;RABİA ANA;MUTU BEY SOKAK;sokak;314338
ERZURUM;YAKUTİYE;RABİA ANA;NARMANLI SOKAK;sokak;128092160
ERZURUM;YAKUTİYE;RABİA ANA;NAZİF KURAN SOKAK;sokak;409066610
ERZURUM;YAKUTİYE;RABİA ANA;NERGİS SOKAK;sokak;597888100
ERZURUM;YAKUTİYE;RABİA ANA;NİHAT KABANLI SOKAK;sokak;111740260
ERZURUM;YAKUTİYE;RABİA ANA;NUMAN SOKAK;sokak;225765
ERZURUM;YAKUTİYE;RABİA ANA;OLTULU SOKAK;sokak;416207
ERZURUM;YAKUTİYE;RABİA ANA;OSMAN PAŞA SOKAK;sokak;78676
ERZURUM;YAKUTİYE;RABİA ANA;ÖĞRETMEN SOKAK;sokak;69136
ERZURUM;YAKUTİYE;RABİA ANA;PALANDÖKEN CADDE;cadde;455007
ERZURUM;YAKUTİYE;RABİA ANA;PALANDÖKEN ÇIKMAZI SOKAK;sokak;849105530
ERZURUM;YAKUTİYE;RABİA ANA;PAMUKÇU SOKAK;sokak;189520
ERZURUM;YAKUTİYE;RABİA ANA;PAPUÇCU ZADE KADI EFENDİ SOKAK;sokak;653502410
ERZURUM;YAKUTİYE;RABİA ANA;PARK SOKAK;sokak;302658
ERZURUM;YAKUTİYE;RABİA ANA;PROF. DR. RECEP AKDAĞ CADDE;cadde;288245220
ERZURUM;YAKUTİYE;RABİA ANA;RABİA ANA SOKAK;sokak;424369
ERZURUM;YAKUTİYE;RABİA ANA;RABİA HATUN CAMİ SOKAK;sokak;789435
ERZURUM;YAKUTİYE;RABİA ANA;RAİF EFENDİ SOKAK;sokak;225753
ERZURUM;YAKUTİYE;RABİA ANA;RIZABEY SOKAK;sokak;787072130
ERZURUM;YAKUTİYE;RABİA ANA;RÜŞTÜ PAŞA CADDE;cadde;788625
ERZURUM;YAKUTİYE;RABİA ANA;SAİT EFENDİ SOKAK;sokak;384175
ERZURUM;YAKUTİYE;RABİA ANA;SAMET BEY SOKAK;sokak;189610
ERZURUM;YAKUTİYE;RABİA ANA;SARAY HAMAMI SOKAK;sokak;222434
ERZURUM;YAKUTİYE;RABİA ANA;SEBAHATTİN BULUT SOKAK;sokak;732926250
ERZURUM;YAKUTİYE;RABİA ANA;SERGENDER SOKAK;sokak;236105
ERZURUM;YAKUTİYE;RABİA ANA;SEYMEN SOKAK;sokak;43922
ERZURUM;YAKUTİYE;RABİA ANA;SILA SOKAK;sokak;355905200
ERZURUM;YAKUTİYE;RABİA ANA;SIVIRCIK SOKAK;sokak;144351
ERZURUM;YAKUTİYE;RABİA ANA;SÖĞÜTLÜ SOKAK;sokak;161140
ERZURUM;YAKUTİYE;RABİA ANA;SU DAMI ÇIKMAZI- SOKAK;sokak;42321
ERZURUM;YAKUTİYE;RABİA ANA;SU SOKAK;sokak;379343460
ERZURUM;YAKUTİYE;RABİA ANA;SÜLEYMAN AĞA SOKAK;sokak;233462
ERZURUM;YAKUTİYE;RABİA ANA;Ş. KOMANDO VEDAT TETİK- SOKAK;sokak;774042
ERZURUM;YAKUTİYE;RABİA ANA;ŞAHİN BEY SOKAK;sokak;419826610
ERZURUM;YAKUTİYE;RABİA ANA;ŞAMİL BEY SOKAK;sokak;771875
ERZURUM;YAKUTİYE;RABİA ANA;ŞEHİT AYDIN ÖZDEMİR SOKAK;sokak;437501
ERZURUM;YAKUTİYE;RABİA ANA;ŞEHİT ÇAVUŞ AYHAN HOCAOĞLU SOKAK;sokak;446835
ERZURUM;YAKUTİYE;RABİA ANA;ŞEHİT MEHMET GÜNDÜZ HEV SOKAK;sokak;283172
ERZURUM;YAKUTİYE;RABİA ANA;ŞEHİT MESUT KAZANÇ SOKAK;sokak;438740150
ERZURUM;YAKUTİYE;RABİA ANA;ŞEHİT SEZAİ DURAK SOKAK;sokak;938801930
ERZURUM;YAKUTİYE;RABİA ANA;ŞEHİT VEDAT TETİK SOKAK;sokak;132069820
ERZURUM;YAKUTİYE;RABİA ANA;ŞERİF EFENDİ CADDE;cadde;424370
ERZURUM;YAKUTİYE;RABİA ANA;ŞEYH ŞAMİL SOKAK;sokak;649575900
ERZURUM;YAKUTİYE;RABİA ANA;TAHTA CAMİ- SOKAK;sokak;222433
ERZURUM;YAKUTİYE;RABİA ANA;TAMİRCİ SOKAK;sokak;618500530
ERZURUM;YAKUTİYE;RABİA ANA;TAŞ AMBARLAR SOKAK;sokak;217345950
ERZURUM;YAKUTİYE;RABİA ANA;TAŞ MESCİT GÜMÜŞLÜ KÜMBET- SOKAK;sokak;233003
ERZURUM;YAKUTİYE;RABİA ANA;TAŞHAN SOKAK;sokak;393935900
ERZURUM;YAKUTİYE;RABİA ANA;TAŞKESEN SOKAK;sokak;186656
ERZURUM;YAKUTİYE;RABİA ANA;TAŞMAĞAZALAR CADDE;cadde;790311
ERZURUM;YAKUTİYE;RABİA ANA;TEBRİZKAPI SOKAK;sokak;602855660
ERZURUM;YAKUTİYE;RABİA ANA;TEBRİZKAPI- CADDE;cadde;188071
ERZURUM;YAKUTİYE;RABİA ANA;TEKMEZAR SOKAK;sokak;356078
ERZURUM;YAKUTİYE;RABİA ANA;TEPE MEZARLIK SOKAK;sokak;447385
ERZURUM;YAKUTİYE;RABİA ANA;TESFİYE SOKAK;sokak;297814570
ERZURUM;YAKUTİYE;RABİA ANA;TOPRAK TABYA SOKAK;sokak;216273
ERZURUM;YAKUTİYE;RABİA ANA;TÜRBE DAR- SOKAK;sokak;188224
ERZURUM;YAKUTİYE;RABİA ANA;ÜÇ KÜMBETLER SOKAK;sokak;937056480
ERZURUM;YAKUTİYE;RABİA ANA;VEYİSEFENDİ CAMİİ SOKAK;sokak;283171
ERZURUM;YAKUTİYE;RABİA ANA;VEYİSEFENDİ FİDAN- SOKAK;sokak;458377
ERZURUM;YAKUTİYE;RABİA ANA;VEYİSEFENDİ KEHRİBAR- SOKAK;sokak;446831
ERZURUM;YAKUTİYE;RABİA ANA;VEYİSEFENDİ SAĞLIK SOKAK;sokak;446828
ERZURUM;YAKUTİYE;RABİA ANA;VEYİSEFENDİ SOKAK;sokak;153130260
ERZURUM;YAKUTİYE;RABİA ANA;YASERİ SOKAK;sokak;790249
ERZURUM;YAKUTİYE;RABİA ANA;YONCALIK DEĞİRMİ- SOKAK;sokak;168225
ERZURUM;YAKUTİYE;RABİA ANA;YÜZBAŞI REŞİT BEY SOKAK;sokak;363464
ERZURUM;YAKUTİYE;RABİA ANA;YÜZBAŞI SOKAK;sokak;362581
ERZURUM;YAKUTİYE;RABİA ANA;ZENCİYE SOKAK;sokak;794237
ERZURUM;YAKUTİYE;RABİA ANA;ZORLU SOKAK;sokak;186801
ERZURUM;YAKUTİYE;SOĞUKÇERMİK;ÇEVRE YOLU BULVAR;sokak;202617560
ERZURUM;YAKUTİYE;SOĞUKÇERMİK;SOĞUCAK KÜME EVLER;sokak;27574
ERZURUM;YAKUTİYE;SOĞUKÇERMİK;TORTUM YOLU CADDE;cadde;228360190
ERZURUM;YAKUTİYE;SÖĞÜTYANI;SÖĞÜTYANI KÜME EVLER;sokak;585808
ERZURUM;YAKUTİYE;SÖĞÜTYANI;TORTUM YOLU CADDE;cadde;391773650
ERZURUM;YAKUTİYE;ŞENYURT;ŞENYURT KÜME EVLER;sokak;587483
ERZURUM;YAKUTİYE;ŞÜKRÜPAŞA;1. ÇİMENLİ SOKAK;sokak;838384
ERZURUM;YAKUTİYE;ŞÜKRÜPAŞA;1. KONAK SOKAK;sokak;786059
ERZURUM;YAKUTİYE;ŞÜKRÜPAŞA;1. SEMT GARAJI SOKAK;sokak;169841711
ERZURUM;YAKUTİYE;ŞÜKRÜPAŞA;1. YEŞİL SOKAK;sokak;362491
ERZURUM;YAKUTİYE;ŞÜKRÜPAŞA;12.CAMİ- SOKAK;sokak;794191
ERZURUM;YAKUTİYE;ŞÜKRÜPAŞA;2. KAVAK KAPI SOKAK;sokak;786058
ERZURUM;YAKUTİYE;ŞÜKRÜPAŞA;2. KONAK SOKAK;sokak;197998
ERZURUM;YAKUTİYE;ŞÜKRÜPAŞA;2. YEŞİL SOKAK;sokak;382543
ERZURUM;YAKUTİYE;ŞÜKRÜPAŞA;2.ÇİMENLİ SOKAK;sokak;838800
ERZURUM;YAKUTİYE;ŞÜKRÜPAŞA;2.ŞAHZADE- SOKAK;sokak;788854
ERZURUM;YAKUTİYE;ŞÜKRÜPAŞA;3. KAVAK KAPI SOKAK;sokak;360915
ERZURUM;YAKUTİYE;ŞÜKRÜPAŞA;3. KONAK SOKAK;sokak;411227
ERZURUM;YAKUTİYE;ŞÜKRÜPAŞA;3. YEŞİL SOKAK;sokak;794176
ERZURUM;YAKUTİYE;ŞÜKRÜPAŞA;3.ŞAHZADE- SOKAK;sokak;36826
ERZURUM;YAKUTİYE;ŞÜKRÜPAŞA;4. KONAK SOKAK;sokak;360919
ERZURUM;YAKUTİYE;ŞÜKRÜPAŞA;4. ŞAHZADE- SOKAK;sokak;968255
ERZURUM;YAKUTİYE;ŞÜKRÜPAŞA;5. KONAK SOKAK;sokak;360907
ERZURUM;YAKUTİYE;ŞÜKRÜPAŞA;50.YIL CADDE;cadde;416092
ERZURUM;YAKUTİYE;ŞÜKRÜPAŞA;50.YIL ORTA OKUL YANI- SOKAK;sokak;360918
ERZURUM;YAKUTİYE;ŞÜKRÜPAŞA;6. KONAK SOKAK;sokak;411228
ERZURUM;YAKUTİYE;ŞÜKRÜPAŞA;7. KONAK SOKAK;sokak;197997
ERZURUM;YAKUTİYE;ŞÜKRÜPAŞA;8.KONAK- SOKAK;sokak;666177
ERZURUM;YAKUTİYE;ŞÜKRÜPAŞA;ABİDE SOKAK;sokak;487252381
ERZURUM;YAKUTİYE;ŞÜKRÜPAŞA;ADEMBABA- SOKAK;sokak;168148
ERZURUM;YAKUTİYE;ŞÜKRÜPAŞA;AKGÜL SOKAK;sokak;385708
ERZURUM;YAKUTİYE;ŞÜKRÜPAŞA;ALİ KUŞÇU SOKAK;sokak;918245240
ERZURUM;YAKUTİYE;ŞÜKRÜPAŞA;ALİM SOKAK;sokak;727291140
ERZURUM;YAKUTİYE;ŞÜKRÜPAŞA;ALPEREN SOKAK;sokak;362486
ERZURUM;YAKUTİYE;ŞÜKRÜPAŞA;ALTUN SOKAK;sokak;447293
ERZURUM;YAKUTİYE;ŞÜKRÜPAŞA;AMBER SOKAK;sokak;152229381
ERZURUM;YAKUTİYE;ŞÜKRÜPAŞA;ARDA SOKAK;sokak;160553
ERZURUM;YAKUTİYE;ŞÜKRÜPAŞA;ATABEY SOKAK;sokak;411225
ERZURUM;YAKUTİYE;ŞÜKRÜPAŞA;AYDAN SOKAK;sokak;792928
ERZURUM;YAKUTİYE;ŞÜKRÜPAŞA;AYDIN- SOKAK;sokak;168151
ERZURUM;YAKUTİYE;ŞÜKRÜPAŞA;AYHİLAL SOKAK;sokak;381495551
ERZURUM;YAKUTİYE;ŞÜKRÜPAŞA;AYŞE HATUN SOKAK;sokak;789067
ERZURUM;YAKUTİYE;ŞÜKRÜPAŞA;AZERBAYCAN BULVAR;sokak;315982950
ERZURUM;YAKUTİYE;ŞÜKRÜPAŞA;BARIŞ SOKAK;sokak;444253
ERZURUM;YAKUTİYE;ŞÜKRÜPAŞA;BAYINDIR SOKAK;sokak;757922830
ERZURUM;YAKUTİYE;ŞÜKRÜPAŞA;BEYZADE SOKAK;sokak;912518430
ERZURUM;YAKUTİYE;ŞÜKRÜPAŞA;BİLİR SOKAK;sokak;196831500
ERZURUM;YAKUTİYE;ŞÜKRÜPAŞA;BİRLİK SOKAK;sokak;292876121
ERZURUM;YAKUTİYE;ŞÜKRÜPAŞA;BİRUNİ SOKAK;sokak;274392980
ERZURUM;YAKUTİYE;ŞÜKRÜPAŞA;BUDAK SOKAK;sokak;43880
ERZURUM;YAKUTİYE;ŞÜKRÜPAŞA;BUHARA SOKAK;sokak;75740
ERZURUM;YAKUTİYE;ŞÜKRÜPAŞA;BURCU SOKAK;sokak;77696
ERZURUM;YAKUTİYE;ŞÜKRÜPAŞA;ÇAMOĞLU SOKAK;sokak;283162
ERZURUM;YAKUTİYE;ŞÜKRÜPAŞA;ÇAYKUR LOJMANLARI- SOKAK;sokak;225727
ERZURUM;YAKUTİYE;ŞÜKRÜPAŞA;ÇEVRE YOLU BULVAR;sokak;161028
ERZURUM;YAKUTİYE;ŞÜKRÜPAŞA;ÇINAR CADDE;cadde;44548
ERZURUM;YAKUTİYE;ŞÜKRÜPAŞA;ÇİMENLİ SOKAK;sokak;794173
ERZURUM;YAKUTİYE;ŞÜKRÜPAŞA;DADAŞ KÖYÜ YOLU CADDE;cadde;794222
ERZURUM;YAKUTİYE;ŞÜKRÜPAŞA;DAMLA SOKAK;sokak;152214501
ERZURUM;YAKUTİYE;ŞÜKRÜPAŞA;DARHAT SOKAK;sokak;789389
ERZURUM;YAKUTİYE;ŞÜKRÜPAŞA;DEFNE SOKAK;sokak;493980680
ERZURUM;YAKUTİYE;ŞÜKRÜPAŞA;DEĞİRMİ SOKAK;sokak;375210
ERZURUM;YAKUTİYE;ŞÜKRÜPAŞA;DEPO SOKAK;sokak;168176
ERZURUM;YAKUTİYE;ŞÜKRÜPAŞA;DERVİŞ SOKAK;sokak;450837
ERZURUM;YAKUTİYE;ŞÜKRÜPAŞA;DESEN SOKAK;sokak;113121881
ERZURUM;YAKUTİYE;ŞÜKRÜPAŞA;DESTAN SOKAK;sokak;170295210
ERZURUM;YAKUTİYE;ŞÜKRÜPAŞA;DİNÇER SOKAK;sokak;970234931
ERZURUM;YAKUTİYE;ŞÜKRÜPAŞA;DOĞA SOKAK;sokak;511179920
ERZURUM;YAKUTİYE;ŞÜKRÜPAŞA;DOĞRAMACILAR CADDE;cadde;221232360
ERZURUM;YAKUTİYE;ŞÜKRÜPAŞA;EFLATUN SOKAK;sokak;208438840
ERZURUM;YAKUTİYE;ŞÜKRÜPAŞA;EMEK SOKAK;sokak;919356761
ERZURUM;YAKUTİYE;ŞÜKRÜPAŞA;ENSAR SOKAK;sokak;450457
ERZURUM;YAKUTİYE;ŞÜKRÜPAŞA;EREN SOKAK;sokak;283161
ERZURUM;YAKUTİYE;ŞÜKRÜPAŞA;FATMA ALİYE SOKAK;sokak;467704591
ERZURUM;YAKUTİYE;ŞÜKRÜPAŞA;FATMA SEHER ERDEN CADDE;cadde;128812720
ERZURUM;YAKUTİYE;ŞÜKRÜPAŞA;FİLİZ 2 SOKAK;sokak;422066800
ERZURUM;YAKUTİYE;ŞÜKRÜPAŞA;GÖZDE SOKAK;sokak;390967
ERZURUM;YAKUTİYE;ŞÜKRÜPAŞA;GÜLCAN SOKAK;sokak;368594
ERZURUM;YAKUTİYE;ŞÜKRÜPAŞA;GÜLÇİÇEK SOKAK;sokak;419280
ERZURUM;YAKUTİYE;ŞÜKRÜPAŞA;GÜLLÜLÜ CADDE;cadde;363754
ERZURUM;YAKUTİYE;ŞÜKRÜPAŞA;HACI İSMAİL FAKİRULLAH BİLGİN SOKAK;sokak;409013320
ERZURUM;YAKUTİYE;ŞÜKRÜPAŞA;HAL SOKAK;sokak;253999161
ERZURUM;YAKUTİYE;ŞÜKRÜPAŞA;HAMİDİYE CAMİİ SOKAK;sokak;746468110
ERZURUM;YAKUTİYE;ŞÜKRÜPAŞA;HAREZMİ SOKAK;sokak;664528220
ERZURUM;YAKUTİYE;ŞÜKRÜPAŞA;HATTAT HASAN ÇELEBİ SOKAK;sokak;222508560
ERZURUM;YAKUTİYE;ŞÜKRÜPAŞA;HAYAT SOKAK;sokak;436493341
ERZURUM;YAKUTİYE;ŞÜKRÜPAŞA;HİKMETLİ SOKAK;sokak;794228
ERZURUM;YAKUTİYE;ŞÜKRÜPAŞA;HİSAR SOKAK;sokak;212359
ERZURUM;YAKUTİYE;ŞÜKRÜPAŞA;HUZURLU SOKAK;sokak;220285
ERZURUM;YAKUTİYE;ŞÜKRÜPAŞA;HÜSEYİN BEY SOKAK;sokak;839802
ERZURUM;YAKUTİYE;ŞÜKRÜPAŞA;IŞIL SOKAK;sokak;530596061
ERZURUM;YAKUTİYE;ŞÜKRÜPAŞA;İLHAM SOKAK;sokak;517151910
ERZURUM;YAKUTİYE;ŞÜKRÜPAŞA;İNCİ SOKAK;sokak;325994661
ERZURUM;YAKUTİYE;ŞÜKRÜPAŞA;İNŞİRAH SOKAK;sokak;317501510
ERZURUM;YAKUTİYE;ŞÜKRÜPAŞA;İPEK SOKAK;sokak;384532
ERZURUM;YAKUTİYE;ŞÜKRÜPAŞA;KADİFE SOKAK;sokak;495860841
ERZURUM;YAKUTİYE;ŞÜKRÜPAŞA;KANYOLU- SOKAK;sokak;375211
ERZURUM;YAKUTİYE;ŞÜKRÜPAŞA;KARAKIŞ SOKAK;sokak;908119510
ERZURUM;YAKUTİYE;ŞÜKRÜPAŞA;KARANFİL- SOKAK;sokak;168149
ERZURUM;YAKUTİYE;ŞÜKRÜPAŞA;KARBEYAZ SOKAK;sokak;170978661
ERZURUM;YAKUTİYE;ŞÜKRÜPAŞA;KAVAK KAPI CADDE;cadde;360916
ERZURUM;YAKUTİYE;ŞÜKRÜPAŞA;KAVAKLI- SOKAK;sokak;420537
ERZURUM;YAKUTİYE;ŞÜKRÜPAŞA;KEHRİBAR SOKAK;sokak;284210
ERZURUM;YAKUTİYE;ŞÜKRÜPAŞA;KERESTECİLER CADDE;cadde;237661240
ERZURUM;YAKUTİYE;ŞÜKRÜPAŞA;KILIÇ SOKAK;sokak;327967
ERZURUM;YAKUTİYE;ŞÜKRÜPAŞA;KOMBİNA ARKASI SOKAK;sokak;411226
ERZURUM;YAKUTİYE;ŞÜKRÜPAŞA;LADİN SOKAK;sokak;918777041
ERZURUM;YAKUTİYE;ŞÜKRÜPAŞA;LALE SOKAK;sokak;106765420
ERZURUM;YAKUTİYE;ŞÜKRÜPAŞA;MANOLYA SOKAK;sokak;884075070
ERZURUM;YAKUTİYE;ŞÜKRÜPAŞA;MARİFET- SOKAK;sokak;80859
ERZURUM;YAKUTİYE;ŞÜKRÜPAŞA;MAVİ SOKAK;sokak;395379980
ERZURUM;YAKUTİYE;ŞÜKRÜPAŞA;MEHMET SEKMEN BULVAR;sokak;198798810
ERZURUM;YAKUTİYE;ŞÜKRÜPAŞA;MEKKE SOKAK;sokak;789425
ERZURUM;YAKUTİYE;ŞÜKRÜPAŞA;MERT SOKAK;sokak;411242
ERZURUM;YAKUTİYE;ŞÜKRÜPAŞA;MERVE SOKAK;sokak;43879
ERZURUM;YAKUTİYE;ŞÜKRÜPAŞA;METE- SOKAK;sokak;814008
ERZURUM;YAKUTİYE;ŞÜKRÜPAŞA;MISRA SOKAK;sokak;839107941
ERZURUM;YAKUTİYE;ŞÜKRÜPAŞA;MUSTAFA ÇELİK CAMİ SOKAK;sokak;411235
ERZURUM;YAKUTİYE;ŞÜKRÜPAŞA;NASİP CADDE;cadde;793782
ERZURUM;YAKUTİYE;ŞÜKRÜPAŞA;NECİP FAZIL KISAKÜREK CADDE;cadde;1059040
ERZURUM;YAKUTİYE;ŞÜKRÜPAŞA;NEHİR SOKAK;sokak;573466600
ERZURUM;YAKUTİYE;ŞÜKRÜPAŞA;NEŞE SOKAK;sokak;274981
ERZURUM;YAKUTİYE;ŞÜKRÜPAŞA;NİDA SOKAK;sokak;293078401
ERZURUM;YAKUTİYE;ŞÜKRÜPAŞA;NİZAM SOKAK;sokak;789070
ERZURUM;YAKUTİYE;ŞÜKRÜPAŞA;OĞUZ KAĞAN SOKAK;sokak;497133570
ERZURUM;YAKUTİYE;ŞÜKRÜPAŞA;OĞUZHAN SOKAK;sokak;794186
ERZURUM;YAKUTİYE;ŞÜKRÜPAŞA;OKULLAR- CADDE;cadde;363795
ERZURUM;YAKUTİYE;ŞÜKRÜPAŞA;ORD. PROF. DR. CAHİT ARF SOKAK;sokak;433847000
ERZURUM;YAKUTİYE;ŞÜKRÜPAŞA;ORHAN BEY SOKAK;sokak;789426
ERZURUM;YAKUTİYE;ŞÜKRÜPAŞA;ORHUN SOKAK;sokak;320402
ERZURUM;YAKUTİYE;ŞÜKRÜPAŞA;OSMAN BEY SOKAK;sokak;372295
ERZURUM;YAKUTİYE;ŞÜKRÜPAŞA;ÖNDER SOKAK;sokak;791526
ERZURUM;YAKUTİYE;ŞÜKRÜPAŞA;ÖZKARACA SOKAK;sokak;798593
ERZURUM;YAKUTİYE;ŞÜKRÜPAŞA;ÖZLER SOKAK;sokak;217711
ERZURUM;YAKUTİYE;ŞÜKRÜPAŞA;PAMUK SOKAK;sokak;983989441
ERZURUM;YAKUTİYE;ŞÜKRÜPAŞA;PETROL ARKASI- KÜME EVLER;sokak;201554
ERZURUM;YAKUTİYE;ŞÜKRÜPAŞA;PINAR SOKAK;sokak;848082941
ERZURUM;YAKUTİYE;ŞÜKRÜPAŞA;PROF. DR. HALİL İNALCIK SOKAK;sokak;687586480
ERZURUM;YAKUTİYE;ŞÜKRÜPAŞA;PROF. DR. OKTAY SİNANOĞLU CADDE;cadde;403086780
ERZURUM;YAKUTİYE;ŞÜKRÜPAŞA;PUSULA SOKAK;sokak;609695320
ERZURUM;YAKUTİYE;ŞÜKRÜPAŞA;RAMAZAN SOKAK;sokak;212446
ERZURUM;YAKUTİYE;ŞÜKRÜPAŞA;SAĞLIKÇILAR SOKAK;sokak;356704
ERZURUM;YAKUTİYE;ŞÜKRÜPAŞA;SAHRA SOKAK;sokak;266632
ERZURUM;YAKUTİYE;ŞÜKRÜPAŞA;SAHUR SOKAK;sokak;802787651
ERZURUM;YAKUTİYE;ŞÜKRÜPAŞA;SANCAK SOKAK;sokak;370771041
ERZURUM;YAKUTİYE;ŞÜKRÜPAŞA;SARIÇAM SOKAK;sokak;197067201
ERZURUM;YAKUTİYE;ŞÜKRÜPAŞA;SAYGIN SOKAK;sokak;440001561
ERZURUM;YAKUTİYE;ŞÜKRÜPAŞA;SEHER SOKAK;sokak;802839891
ERZURUM;YAKUTİYE;ŞÜKRÜPAŞA;SELAMİ ALTINOK CADDE;cadde;254094830
ERZURUM;YAKUTİYE;ŞÜKRÜPAŞA;SELVİ SOKAK;sokak;619348081
ERZURUM;YAKUTİYE;ŞÜKRÜPAŞA;SEMT GARAJI CADDE;cadde;438362
ERZURUM;YAKUTİYE;ŞÜKRÜPAŞA;SEVDA SOKAK;sokak;304962690
ERZURUM;YAKUTİYE;ŞÜKRÜPAŞA;SEVECEN SOKAK;sokak;283118351
ERZURUM;YAKUTİYE;ŞÜKRÜPAŞA;SEVİM SOKAK;sokak;693680411
ERZURUM;YAKUTİYE;ŞÜKRÜPAŞA;SIRAT SOKAK;sokak;495643541
ERZURUM;YAKUTİYE;ŞÜKRÜPAŞA;SİMGE SOKAK;sokak;287949640
ERZURUM;YAKUTİYE;ŞÜKRÜPAŞA;SİVİL SOKAK;sokak;241298841
ERZURUM;YAKUTİYE;ŞÜKRÜPAŞA;SÖĞÜT SOKAK;sokak;218517
ERZURUM;YAKUTİYE;ŞÜKRÜPAŞA;SU DEPOSU- CADDE;cadde;274977
ERZURUM;YAKUTİYE;ŞÜKRÜPAŞA;SUDE SOKAK;sokak;782654
ERZURUM;YAKUTİYE;ŞÜKRÜPAŞA;SUSAM SOKAK;sokak;302276070
ERZURUM;YAKUTİYE;ŞÜKRÜPAŞA;Ş.ALAATTİN C. ARKASI- SOKAK;sokak;416215
ERZURUM;YAKUTİYE;ŞÜKRÜPAŞA;ŞAFAK SOKAK;sokak;450462
ERZURUM;YAKUTİYE;ŞÜKRÜPAŞA;ŞAHİN SOKAK;sokak;305933211
ERZURUM;YAKUTİYE;ŞÜKRÜPAŞA;ŞEHİT ALAATTİN ÇELİK CADDE;cadde;320403
ERZURUM;YAKUTİYE;ŞÜKRÜPAŞA;ŞEHİT AYHAN SARILI SOKAK;sokak;420516
ERZURUM;YAKUTİYE;ŞÜKRÜPAŞA;ŞEHİT BEKİR CÖMERT SOKAK;sokak;847277181
ERZURUM;YAKUTİYE;ŞÜKRÜPAŞA;ŞEHİT EMRE TAŞÇI SOKAK;sokak;867391410
ERZURUM;YAKUTİYE;ŞÜKRÜPAŞA;ŞEHİT ENGİN DÜZAVCI CADDE;cadde;650580340
ERZURUM;YAKUTİYE;ŞÜKRÜPAŞA;ŞEHİT KADİR AKBULUT SOKAK;sokak;119369110
ERZURUM;YAKUTİYE;ŞÜKRÜPAŞA;ŞEHİT KAZIM DOĞAN SOKAK;sokak;196842321
ERZURUM;YAKUTİYE;ŞÜKRÜPAŞA;ŞEHİT MİKAİL SOLAK SOKAK;sokak;160374
ERZURUM;YAKUTİYE;ŞÜKRÜPAŞA;ŞEHİT UMUT GORAL SOKAK;sokak;534968730
ERZURUM;YAKUTİYE;ŞÜKRÜPAŞA;ŞEHZADE SOKAK;sokak;794194
ERZURUM;YAKUTİYE;ŞÜKRÜPAŞA;ŞENOCAK SOKAK;sokak;520394501
ERZURUM;YAKUTİYE;ŞÜKRÜPAŞA;ŞEYDA SOKAK;sokak;360895
ERZURUM;YAKUTİYE;ŞÜKRÜPAŞA;ŞIH KÖYÜ CADDE;cadde;437149
ERZURUM;YAKUTİYE;ŞÜKRÜPAŞA;ŞÜKRÜPAŞA HÜNKAR SOKAK;sokak;225726
ERZURUM;YAKUTİYE;ŞÜKRÜPAŞA;ŞÜKRÜPAŞA MEDİNE- SOKAK;sokak;225768
ERZURUM;YAKUTİYE;ŞÜKRÜPAŞA;ŞÜKRÜPAŞA/YİĞİT SOKAK;sokak;256608380
ERZURUM;YAKUTİYE;ŞÜKRÜPAŞA;TAŞÇI SOKAK;sokak;325197871
ERZURUM;YAKUTİYE;ŞÜKRÜPAŞA;TAŞKENT SOKAK;sokak;792518
ERZURUM;YAKUTİYE;ŞÜKRÜPAŞA;TATLICI SOKAK;sokak;689129711
ERZURUM;YAKUTİYE;ŞÜKRÜPAŞA;TEK LOJMANLARI- SOKAK;sokak;220072
ERZURUM;YAKUTİYE;ŞÜKRÜPAŞA;TEŞBİH SOKAK;sokak;216878681
ERZURUM;YAKUTİYE;ŞÜKRÜPAŞA;TEYYARE SOKAK;sokak;253237341
ERZURUM;YAKUTİYE;ŞÜKRÜPAŞA;TOMRİS HATUN SOKAK;sokak;159989660
ERZURUM;YAKUTİYE;ŞÜKRÜPAŞA;TOPRAK OFİSİ LOJMANLARI SOKAK;sokak;200700
ERZURUM;YAKUTİYE;ŞÜKRÜPAŞA;TORTUM YOLU CADDE;cadde;438363
ERZURUM;YAKUTİYE;ŞÜKRÜPAŞA;TRAFO- CADDE;cadde;411237
ERZURUM;YAKUTİYE;ŞÜKRÜPAŞA;TUFANÇ KARDEŞLER CAMİ SOKAK;sokak;849413840
ERZURUM;YAKUTİYE;ŞÜKRÜPAŞA;TUĞBA SOKAK;sokak;273436981
ERZURUM;YAKUTİYE;ŞÜKRÜPAŞA;TUĞÇE SOKAK;sokak;212450
ERZURUM;YAKUTİYE;ŞÜKRÜPAŞA;TUĞRA SOKAK;sokak;383256
ERZURUM;YAKUTİYE;ŞÜKRÜPAŞA;USLU SOKAK;sokak;436037941
ERZURUM;YAKUTİYE;ŞÜKRÜPAŞA;VALİDE SOKAK;sokak;784002
ERZURUM;YAKUTİYE;ŞÜKRÜPAŞA;VELİ SOKAK;sokak;245412290
ERZURUM;YAKUTİYE;ŞÜKRÜPAŞA;VELİ VELİOĞLU CADDE;cadde;914085260
ERZURUM;YAKUTİYE;ŞÜKRÜPAŞA;VEZİR SOKAK;sokak;471687781
ERZURUM;YAKUTİYE;ŞÜKRÜPAŞA;YAKUT SOKAK;sokak;782658
ERZURUM;YAKUTİYE;ŞÜKRÜPAŞA;YAVUZ SELİM SOKAK;sokak;450839
ERZURUM;YAKUTİYE;ŞÜKRÜPAŞA;YAZICI SOKAK;sokak;75734
ERZURUM;YAKUTİYE;ŞÜKRÜPAŞA;YEĞEN SOKAK;sokak;253040801
ERZURUM;YAKUTİYE;ŞÜKRÜPAŞA;YENİCE SOKAK;sokak;153197181
ERZURUM;YAKUTİYE;ŞÜKRÜPAŞA;YENİDOĞAN SOKAK;sokak;573459931
ERZURUM;YAKUTİYE;ŞÜKRÜPAŞA;YEŞİL SOKAK;sokak;789063
ERZURUM;YAKUTİYE;ŞÜKRÜPAŞA;YILDIZ SOKAK;sokak;684831220
ERZURUM;YAKUTİYE;ŞÜKRÜPAŞA;YİĞİT- SOKAK;sokak;30824
ERZURUM;YAKUTİYE;ŞÜKRÜPAŞA;YÜSRA SOKAK;sokak;216654191
ERZURUM;YAKUTİYE;ŞÜKRÜPAŞA;ZEYTİN SOKAK;sokak;782927861
ERZURUM;YAKUTİYE;ŞÜKRÜPAŞA;ZEYTİNLİ SOKAK;sokak;495097061
ERZURUM;YAKUTİYE;ŞÜKRÜPAŞA;ZÜHAL SOKAK;sokak;435396
ERZURUM;YAKUTİYE;ŞÜKRÜPAŞA;ZÜMRÜT SOKAK;sokak;79775
ERZURUM;YAKUTİYE;UMUDUM;UMUDUM 1. KÜME EVLER;sokak;80772
ERZURUM;YAKUTİYE;UMUDUM;UMUDUM 2. KÜME EVLER;sokak;188222
ERZURUM;YAKUTİYE;UZUNYAYLA;UZUNYAYLA KÜME EVLER;sokak;236110
ERZURUM;YAKUTİYE;ÜNİVERSİTE;1. KORU SOKAK;sokak;553285951
ERZURUM;YAKUTİYE;ÜNİVERSİTE;1. KÖY.HİZ. LOJMANLARI- SOKAK;sokak;447392
ERZURUM;YAKUTİYE;ÜNİVERSİTE;1. ÜNİVERSİTE LOJMANLARI SOKAK;sokak;711963150
ERZURUM;YAKUTİYE;ÜNİVERSİTE;10. KORU SOKAK;sokak;484449541
ERZURUM;YAKUTİYE;ÜNİVERSİTE;11. KORU SOKAK;sokak;828387641
ERZURUM;YAKUTİYE;ÜNİVERSİTE;12. KORU SOKAK;sokak;238879611
ERZURUM;YAKUTİYE;ÜNİVERSİTE;2. KORU SOKAK;sokak;801850441
ERZURUM;YAKUTİYE;ÜNİVERSİTE;2. ÜNİVERSİTE LOJMANLARI SOKAK;sokak;544501430
ERZURUM;YAKUTİYE;ÜNİVERSİTE;3. KORU SOKAK;sokak;504293071
ERZURUM;YAKUTİYE;ÜNİVERSİTE;3. ÜNİVERSİTE LOJMANLARI SOKAK;sokak;763136180
ERZURUM;YAKUTİYE;ÜNİVERSİTE;4. KORU SOKAK;sokak;389728161
ERZURUM;YAKUTİYE;ÜNİVERSİTE;4. ÜNİVERSİTE LOJMANLARI SOKAK;sokak;108531250
ERZURUM;YAKUTİYE;ÜNİVERSİTE;5. KORU SOKAK;sokak;683984451
ERZURUM;YAKUTİYE;ÜNİVERSİTE;5. ÜNİVERSİTE LOJMANLARI SOKAK;sokak;524471170
ERZURUM;YAKUTİYE;ÜNİVERSİTE;6. KORU SOKAK;sokak;272458021
ERZURUM;YAKUTİYE;ÜNİVERSİTE;6. ÜNİVERSİTE LOJMANLARI SOKAK;sokak;122970730
ERZURUM;YAKUTİYE;ÜNİVERSİTE;7. KORU SOKAK;sokak;574405051
ERZURUM;YAKUTİYE;ÜNİVERSİTE;8. KORU SOKAK;sokak;392536951
ERZURUM;YAKUTİYE;ÜNİVERSİTE;9. KORU SOKAK;sokak;770375051
ERZURUM;YAKUTİYE;ÜNİVERSİTE;ATA SOKAK;sokak;203943670
ERZURUM;YAKUTİYE;ÜNİVERSİTE;BATI KAMPÜS SOKAK;sokak;637393950
ERZURUM;YAKUTİYE;ÜNİVERSİTE;ÇAT YOLU CADDE;cadde;850331
ERZURUM;YAKUTİYE;ÜNİVERSİTE;DR.REFİK SAYDAM CADDE;cadde;144350
ERZURUM;YAKUTİYE;ÜNİVERSİTE;E 80 BULVAR;sokak;577399550
ERZURUM;YAKUTİYE;ÜNİVERSİTE;FATİH SULTAN MEHMET BULVAR;sokak;996129
ERZURUM;YAKUTİYE;ÜNİVERSİTE;HATUNİYE SOKAK;sokak;287233510
ERZURUM;YAKUTİYE;ÜNİVERSİTE;İPEKYOLU CADDE;cadde;119411840
ERZURUM;YAKUTİYE;ÜNİVERSİTE;KORU SOKAK;sokak;170553101
ERZURUM;YAKUTİYE;ÜNİVERSİTE;LOKMAN HEKİM SOKAK;sokak;845150550
ERZURUM;YAKUTİYE;ÜNİVERSİTE;ORD. PROF. DR. AYDIN SAYILI CADDE;cadde;529316981
ERZURUM;YAKUTİYE;ÜNİVERSİTE;PROF. DR. AHMET ÖZEL CADDE;cadde;140031490
ERZURUM;YAKUTİYE;ÜNİVERSİTE;PROF. DR. ALİ ERTUĞRUL SOKAK;sokak;356433780
ERZURUM;YAKUTİYE;ÜNİVERSİTE;PROF. DR. EROL ORAL SOKAK;sokak;298230100
ERZURUM;YAKUTİYE;ÜNİVERSİTE;PROF. DR. ESAT KADESTER SOKAK;sokak;760002640
ERZURUM;YAKUTİYE;ÜNİVERSİTE;PROF. DR. EYÜP HIZALAN SOKAK;sokak;520812960
ERZURUM;YAKUTİYE;ÜNİVERSİTE;PROF. DR. HİKMET KOÇAK SOKAK;sokak;350043810
ERZURUM;YAKUTİYE;ÜNİVERSİTE;PROF. DR. HURŞİT ERTUĞRUL SOKAK;sokak;608854490
ERZURUM;YAKUTİYE;ÜNİVERSİTE;PROF. DR. İBRAHİM KARACA SOKAK;sokak;439591960
ERZURUM;YAKUTİYE;ÜNİVERSİTE;PROF. DR. İHSAN DOĞRAMACI BULVAR;sokak;819404
ERZURUM;YAKUTİYE;ÜNİVERSİTE;PROF. DR. KEMAL BIYIKOĞLU CADDE;cadde;168706360
ERZURUM;YAKUTİYE;ÜNİVERSİTE;PROF. DR. LÜTFÜ ÜLKÜMEN SOKAK;sokak;874459610
ERZURUM;YAKUTİYE;ÜNİVERSİTE;PROF. DR. MUHARREM KÖKSAL SOKAK;sokak;446727150
ERZURUM;YAKUTİYE;ÜNİVERSİTE;PROF. DR. OSMAN OKYAR SOKAK;sokak;711005070
ERZURUM;YAKUTİYE;ÜNİVERSİTE;PROF. DR. REŞİT SÖNMEZ SOKAK;sokak;308778800
ERZURUM;YAKUTİYE;ÜNİVERSİTE;PROF. DR. RIFKI SALİM BURÇAK CADDE;cadde;177686720
ERZURUM;YAKUTİYE;ÜNİVERSİTE;PROF. DR. SEBAHATTİN ÖZBEK SOKAK;sokak;838848410
ERZURUM;YAKUTİYE;ÜNİVERSİTE;PROF. DR. YAŞAR SÜTBEYAZ SOKAK;sokak;698025510
ERZURUM;YAKUTİYE;ÜNİVERSİTE;SEYFETTİN ÖZEGE SOKAK;sokak;503440190
ERZURUM;YAKUTİYE;ÜNİVERSİTE;ÜNİVERSİTE LOJMANLARI KÜME EVLER;sokak;791542
ERZURUM;YAKUTİYE;ÜNİVERSİTE;YURT SOKAK;sokak;349340421
ERZURUM;YAKUTİYE;ÜNİVERSİTE;YURTKUR LOJMANLARI- KÜME EVLER;sokak;287396
ERZURUM;YAKUTİYE;YAZI PINARI;YAZI PINARI KÜME EVLER;sokak;438462
ERZURUM;YAKUTİYE;YERLİ SU;YERLİ SU KÜME KÜME EVLER;sokak;201049
ERZURUM;YAKUTİYE;YEŞİLDERE;TORTUM YOLU CADDE;cadde;292589280
ERZURUM;YAKUTİYE;YEŞİLDERE;YEŞİLDERE KÜME EVLER;sokak;86584
ERZURUM;YAKUTİYE;YEŞİLOVA;YEŞİLOVA KÜME EVLER;sokak;429896
ERZURUM;YAKUTİYE;YEŞİLYAYLA;YEŞİLYAYLA KÜME EVLER;sokak;297989
