il;ilce;mahalle;cadde_sokak;tip;uavt_kodu
HAKKARİ;ÇUKURCA;AKKAYA - AŞAĞI AKKAYA KÖYÜ;YUKARI AKKAYA KÜME EVLER;sokak;717015
HAKKARİ;ÇUKURCA;AKKAYA - SARİYER;SARIYER KÜME EVLER;sokak;817415
HAKKARİ;ÇUKURCA;AKKAYA - YUKARIAKKAYA;YUKARI AKKAYA KÜME EVLER;sokak;200370
HAKKARİ;ÇUKURCA;CEVİZLİ - KÖYÜN KENDİSİ;CEVIZLI KÜME EVLER;sokak;440567
HAKKARİ;ÇUKURCA;CUMHURİYET;AFET KONUTLARI BİRİNCİ SOKAK;sokak;494203181
HAKKARİ;ÇUKURCA;CUMHURİYET;AFET KONUTLARI İKİNCİ SOKAK;sokak;977237611
HAKKARİ;ÇUKURCA;CUMHURİYET;CEZAEVI CADDE;cadde;173940
HAKKARİ;ÇUKURCA;CUMHURİYET;CUMHURIYET CADDE;cadde;411327
HAKKARİ;ÇUKURCA;CUMHURİYET;EFKARLAR BİRİNCİ SOKAK;sokak;394855290
HAKKARİ;ÇUKURCA;CUMHURİYET;EFKARLAR CADDE;cadde;173941
HAKKARİ;ÇUKURCA;CUMHURİYET;EVLIYA BEY CADDE;cadde;254194
HAKKARİ;ÇUKURCA;CUMHURİYET;KÖSK CADDE;cadde;411326
HAKKARİ;ÇUKURCA;CUMHURİYET;MEZARLIK CADDE;cadde;143131831
HAKKARİ;ÇUKURCA;CUMHURİYET;SEHITALI CADDE;cadde;253739
HAKKARİ;ÇUKURCA;CUMHURİYET;SÜVARILER CADDE;cadde;685748
HAKKARİ;ÇUKURCA;ÇIĞLI NA;KÖYÜN KENDİSİ KÜME EVLER;sokak;630366
HAKKARİ;ÇUKURCA;EMİRŞABAN;22 EVLER CADDE;cadde;173942
HAKKARİ;ÇUKURCA;EMİRŞABAN;ADALET CADDE;cadde;411329
HAKKARİ;ÇUKURCA;EMİRŞABAN;BELBEL BİRİNCİ SOKAK;sokak;150520201
HAKKARİ;ÇUKURCA;EMİRŞABAN;BELBEL CADDE;cadde;623636
HAKKARİ;ÇUKURCA;EMİRŞABAN;BİLİNMEYEN22 SOKAK;sokak;333009711
HAKKARİ;ÇUKURCA;EMİRŞABAN;CUMHURIYET CADDE;cadde;411328
HAKKARİ;ÇUKURCA;EMİRŞABAN;GÖK CADDE;cadde;254195
HAKKARİ;ÇUKURCA;EMİRŞABAN;GÖK CADDESİ 1.SOKAK SOKAK;cadde;821762311
HAKKARİ;ÇUKURCA;EMİRŞABAN;GÖK İKİNCİ SOKAK;sokak;437198891
HAKKARİ;ÇUKURCA;EMİRŞABAN;HAKKARI CADDE;cadde;680401
HAKKARİ;ÇUKURCA;EMİRŞABAN;HASTAHANE SOKAK;sokak;300922091
HAKKARİ;ÇUKURCA;EMİRŞABAN;HESINKAN BİRİNCİ SOKAK;sokak;861443671
HAKKARİ;ÇUKURCA;EMİRŞABAN;HESINKAN CADDE;cadde;225818961
HAKKARİ;ÇUKURCA;EMİRŞABAN;HESİNKAN DÖRDÜNCÜ SOKAK;sokak;858876691
HAKKARİ;ÇUKURCA;EMİRŞABAN;HESİNKAN İKİNCİ SOKAK;sokak;675376
HAKKARİ;ÇUKURCA;EMİRŞABAN;HESİNKAN ÜÇÜNCÜ SOKAK;sokak;675518
HAKKARİ;ÇUKURCA;EMİRŞABAN;KAYMAKAM NIYAZI ERTEN CADDE;cadde;630667
HAKKARİ;ÇUKURCA;EMİRŞABAN;NARLI KÜME EVLER;sokak;752063751
HAKKARİ;ÇUKURCA;EMİRŞABAN;SİVRİ TEPE BİTİNCİ SOKAK;sokak;159934051
HAKKARİ;ÇUKURCA;EMİRŞABAN;SİVRİ TEPE CADDE;cadde;437905911
HAKKARİ;ÇUKURCA;EMİRŞABAN;SİVRİ TEPE İKİNCİ SOKAK;sokak;773640081
HAKKARİ;ÇUKURCA;EMİRŞABAN;YESIL TEPE CADDE;cadde;173948
HAKKARİ;ÇUKURCA;EMİRŞABAN;YEŞİLTEPE CADDE;cadde;675361
HAKKARİ;ÇUKURCA;GÜNDEŞ - ÇİMENLİ;ÇIMENLI BAĞLISI KÜME EVLER;sokak;627498250
HAKKARİ;ÇUKURCA;GÜNDEŞ - GUZELDERE;GÜZELDERE KÜME EVLER;sokak;758519
HAKKARİ;ÇUKURCA;GÜNDEŞ - KÖPRÜLÜ;KÖPRÜLÜ KÜME EVLER;sokak;752448
HAKKARİ;ÇUKURCA;GÜNDEŞ - ORMANLI;ORMANLI KÜME EVLER;sokak;159645
HAKKARİ;ÇUKURCA;GÜNDEŞ NA;KÖYÜN KENDISI KÜME EVLER;sokak;574215
HAKKARİ;ÇUKURCA;KAYALIK - ÇELTİK;ÇELTİK BAĞLISI KÜME EVLER;sokak;809180
HAKKARİ;ÇUKURCA;KAYALIK - KAYNAK;KAYNAK KÜME EVLER;sokak;809179
HAKKARİ;ÇUKURCA;KAYALIK - KAYNAK;MEŞELI BAĞLISI KÜME EVLER;sokak;136881301
HAKKARİ;ÇUKURCA;KAYALIK - MEŞELİ;MEŞELI BAĞLISI KÜME EVLER;sokak;812747
HAKKARİ;ÇUKURCA;KAYALIK NA;KÖYÜN KENDISI KÜME EVLER;sokak;798263
HAKKARİ;ÇUKURCA;KAZAN - KÖYÜN KENDİSİ;KAZAN KÜME EVLER;sokak;1009344
HAKKARİ;ÇUKURCA;NARLI NA;NARLI KÜME EVLER;sokak;626170
HAKKARİ;ÇUKURCA;ÜZÜMLÜ NA;ÜZÜMLÜ KÜME EVLER;sokak;619199
HAKKARİ;ÇUKURCA;YEŞİL ÇEŞME;AKAR SOKAK;sokak;756037951
HAKKARİ;ÇUKURCA;YEŞİL ÇEŞME;CUMHURIYET CADDE;cadde;840543
HAKKARİ;ÇUKURCA;YEŞİL ÇEŞME;HAKKARI CADDE;cadde;840546
HAKKARİ;ÇUKURCA;YEŞİL ÇEŞME;MOLLA HAYDAR CADDE;cadde;685279
HAKKARİ;ÇUKURCA;YEŞİL ÇEŞME;SAMO CADDE;cadde;173947
HAKKARİ;ÇUKURCA;YEŞİL ÇEŞME;SANAYİ SOKAK;sokak;902950071
HAKKARİ;ÇUKURCA;YEŞİL ÇEŞME;TOKİ CADDE;cadde;250610861
HAKKARİ;ÇUKURCA;YEŞİL ÇEŞME;VATAN CADDE;cadde;411330
HAKKARİ;ÇUKURCA;YEŞİL ÇEŞME;YENIYOL SOKAK;sokak;735777101
HAKKARİ;DERECİK;ANADAĞ - BEŞİKAĞAÇ;BESIKAGAÇ KÜME EVLER;sokak;625919
HAKKARİ;DERECİK;ANADAĞ - BÖLEK;BÖLEK KÜME EVLER;sokak;629324
HAKKARİ;DERECİK;ANADAĞ - GÖKÇETAŞ;GÖKÇETAS KÜME EVLER;sokak;628959
HAKKARİ;DERECİK;ANADAĞ - YEŞİLOVA;YESILOVA KÜME EVLER;sokak;388060
HAKKARİ;DERECİK;BALKAYA;AKDEMIR CADDE;cadde;1344637
HAKKARİ;DERECİK;BALKAYA;CAMI SOKAK;sokak;642050081
HAKKARİ;DERECİK;BALKAYA;DIZGE CADDE;cadde;1344667
HAKKARİ;DERECİK;BALKAYA;GAZİLER CADDE;cadde;173804860
HAKKARİ;DERECİK;BALKAYA;MEZARLIK CADDE;cadde;459951311
HAKKARİ;DERECİK;BALKAYA;ŞEHİT MAHMUT TEKİN SOKAK;sokak;530545731
HAKKARİ;DERECİK;BALKAYA;ŞEHİT MUZAFFER GÜLER CADDE;cadde;68790997
HAKKARİ;DERECİK;BALKAYA;UMURLU CADDE;cadde;1344639
HAKKARİ;DERECİK;BALKAYA;YAYLA CADDE;cadde;12401915
HAKKARİ;DERECİK;GELİŞEN - ARALIK;ARALIK KÜME EVLER;sokak;643188
HAKKARİ;DERECİK;GELİŞEN - ARALIK;SERHAT KALE KÜME EVLER;sokak;392699800
HAKKARİ;DERECİK;GELİŞEN - KARAKOÇ;KARAKOÇ KÜME EVLER;sokak;869839
HAKKARİ;DERECİK;GELİŞEN - KORYÜREK;KORYUREK KÜME EVLER;sokak;651419
HAKKARİ;DERECİK;GELİŞEN - KÜTÜKLÜ;KÜTÜKLÜ KÜME EVLER;sokak;646026
HAKKARİ;DERECİK;GELİŞEN - MORDAĞ;MORDAG KÜME EVLER;sokak;637862
HAKKARİ;DERECİK;GELİŞEN - SERHATKALE;SERHAT KALE KÜME EVLER;sokak;640988
HAKKARİ;DERECİK;GELİŞEN - SU ÇIKTI;SU CIKTI KÜME EVLER;sokak;652716
HAKKARİ;DERECİK;GELİŞEN - TOKLU;SERHAT KALE KÜME EVLER;sokak;702465900
HAKKARİ;DERECİK;GELİŞEN - TOKLU;TOKLU 1 KÜME EVLER;sokak;636524650
HAKKARİ;DERECİK;GELİŞEN - TOKLU;TOKLU KÜME EVLER;sokak;649438
HAKKARİ;DERECİK;GELİŞEN NA;KÖYÜN KENDİSİ KÜME EVLER;sokak;852691
HAKKARİ;DERECİK;GÜNEY;AĞAÇLI CADDE;cadde;1345721
HAKKARİ;DERECİK;GÜNEY;DERERU CADDE;cadde;260026591
HAKKARİ;DERECİK;GÜNEY;GAZİLER CADDE;cadde;793495100
HAKKARİ;DERECİK;GÜNEY;OYLUM CADDE;cadde;1346977
HAKKARİ;DERECİK;GÜNEY;ÖNTEPE CADDE;cadde;1346967
HAKKARİ;DERECİK;GÜNEY;YUKARI OYLUM CADDE;cadde;53687968
HAKKARİ;DERECİK;GÜNEY;YUKARI ÖNTEPE CADDE;cadde;57625766
HAKKARİ;DERECİK;GÜRMEŞE;ABDULLAH GÜL CADDE;cadde;1345831
HAKKARİ;DERECİK;GÜRMEŞE;AKINLAR SOKAK;sokak;481354791
HAKKARİ;DERECİK;GÜRMEŞE;ATATÜRK CADDE;cadde;694332171
HAKKARİ;DERECİK;GÜRMEŞE;DEĞİRMEN CADDE;cadde;1344665
HAKKARİ;DERECİK;GÜRMEŞE;ESKİEVLER SOKAK;sokak;419556341
HAKKARİ;DERECİK;GÜRMEŞE;GAZİLER CADDE;cadde;249416500
HAKKARİ;DERECİK;GÜRMEŞE;KIŞLA CADDE;cadde;1345751
HAKKARİ;DERECİK;GÜRMEŞE;KÖROĞLU CADDE;cadde;516474281
HAKKARİ;DERECİK;GÜRMEŞE;REVEND CADDE;cadde;1077265
HAKKARİ;DERECİK;GÜRMEŞE;SAMİ YUSUF SOKAK;sokak;925268700
HAKKARİ;DERECİK;GÜRMEŞE;SİNAN YARDIM CADDE;cadde;232959751
HAKKARİ;DERECİK;GÜRMEŞE;ŞEHIT YAKUP CADDE;cadde;344875120
HAKKARİ;DERECİK;GÜRMEŞE;TURGUT ÖZAL CADDE;cadde;1344697
HAKKARİ;DERECİK;GÜRMEŞE;YARDIMLAR SOKAK;sokak;381747361
HAKKARİ;DERECİK;GÜRMEŞE;YENİEVLER SOKAK;sokak;513502541
HAKKARİ;DERECİK;HACIBEY;308 SOKAK;sokak;1346477
HAKKARİ;DERECİK;HACIBEY;309 SOKAK;sokak;627466561
HAKKARİ;DERECİK;HACIBEY;310 SOKAK;sokak;1342161
HAKKARİ;DERECİK;HACIBEY;311 SOKAK;sokak;1346265
HAKKARİ;DERECİK;HACIBEY;312 SOKAK;sokak;864525050
HAKKARİ;DERECİK;HACIBEY;313 SOKAK;sokak;409221551
HAKKARİ;DERECİK;HACIBEY;314 SOKAK;sokak;529484371
HAKKARİ;DERECİK;HACIBEY;AYDINLIK CADDE;cadde;1346207
HAKKARİ;DERECİK;HACIBEY;CUMHURIYET CADDE;cadde;1346855
HAKKARİ;DERECİK;HACIBEY;MEHMETÇİK CADDE;cadde;815656811
HAKKARİ;DERECİK;HACIBEY;SAMANLI CADDE;cadde;1346659
HAKKARİ;DERECİK;HACIBEY;SEYYİD ALİ CADDE;cadde;19620210
HAKKARİ;DERECİK;HACIBEY;ŞEHİT MEHMET YALÇİN CADDE;cadde;659921901
HAKKARİ;DERECİK;HACIBEY;YAMANLAR SOKAK;sokak;794087951
HAKKARİ;DERECİK;MERKEZ;203 SOKAK;sokak;1344623
HAKKARİ;DERECİK;MERKEZ;204 SOKAK;sokak;1100230
HAKKARİ;DERECİK;MERKEZ;205 SOKAK;sokak;1352015
HAKKARİ;DERECİK;MERKEZ;206 SOKAK;sokak;1349177
HAKKARİ;DERECİK;MERKEZ;207 SOKAK;sokak;1344461
HAKKARİ;DERECİK;MERKEZ;208 SOKAK;sokak;57280224
HAKKARİ;DERECİK;MERKEZ;209 SOKAK;sokak;1344409
HAKKARİ;DERECİK;MERKEZ;210 SOKAK;sokak;1344329
HAKKARİ;DERECİK;MERKEZ;211 SOKAK;sokak;1344657
HAKKARİ;DERECİK;MERKEZ;212 SOKAK;sokak;322895550
HAKKARİ;DERECİK;MERKEZ;213 SOKAK;sokak;297090940
HAKKARİ;DERECİK;MERKEZ;214 SOKAK;sokak;1344293
HAKKARİ;DERECİK;MERKEZ;215 SOKAK;sokak;407995870
HAKKARİ;DERECİK;MERKEZ;216 SOKAK;sokak;949653320
HAKKARİ;DERECİK;MERKEZ;217 SOKAK;sokak;502436170
HAKKARİ;DERECİK;MERKEZ;223 SOKAK;sokak;1344117
HAKKARİ;DERECİK;MERKEZ;224 SOKAK;sokak;615345330
HAKKARİ;DERECİK;MERKEZ;225 SOKAK;sokak;831919810
HAKKARİ;DERECİK;MERKEZ;226 SOKAK;sokak;492158250
HAKKARİ;DERECİK;MERKEZ;227 SOKAK;sokak;206310650
HAKKARİ;DERECİK;MERKEZ;228 SOKAK;sokak;1076869
HAKKARİ;DERECİK;MERKEZ;229 SOKAK;sokak;82541053
HAKKARİ;DERECİK;MERKEZ;230 SOKAK;sokak;586481970
HAKKARİ;DERECİK;MERKEZ;231 SOKAK;sokak;121124050
HAKKARİ;DERECİK;MERKEZ;232 SOKAK;sokak;997716440
HAKKARİ;DERECİK;MERKEZ;ADNAN MENDERES CADDE;cadde;892941
HAKKARİ;DERECİK;MERKEZ;ATATÜRK CADDE;cadde;850919
HAKKARİ;DERECİK;MERKEZ;CUMHURIYET CADDE;cadde;1344621
HAKKARİ;DERECİK;MERKEZ;DEĞİRMEN CADDE;cadde;978122
HAKKARİ;DERECİK;MERKEZ;DEREBOYU CADDE;cadde;118195620
HAKKARİ;DERECİK;MERKEZ;ENSAR CADDE;cadde;1344505
HAKKARİ;DERECİK;MERKEZ;HASTANE CADDE;cadde;179755170
HAKKARİ;DERECİK;MERKEZ;HIZIR AŞIKKUTLU CADDE;cadde;619147681
HAKKARİ;DERECİK;MERKEZ;İDRİS ARSLAN CADDE;cadde;434569610
HAKKARİ;DERECİK;MERKEZ;KAVAKLIDERE CADDE;cadde;1344427
HAKKARİ;DERECİK;MERKEZ;NANE CADDE;cadde;778810350
HAKKARİ;DERECİK;MERKEZ;RECEP TAYYİP ERDOĞAN CADDE;cadde;1344577
HAKKARİ;DERECİK;MERKEZ;REVEND CADDE;cadde;55542302
HAKKARİ;DERECİK;MERKEZ;SILO CADDE;cadde;983569
HAKKARİ;DERECİK;MERKEZ;SÜLEYMAN SOYLU CADDE;cadde;35417898
HAKKARİ;DERECİK;MERKEZ;ŞEHIT HURŞIT ERK SOKAK;sokak;597908081
HAKKARİ;DERECİK;MERKEZ;ŞEHİT FERMAN OĞUZTÜRK CADDE;cadde;1344581
HAKKARİ;DERECİK;MERKEZ;ULUCAMI SOKAK;sokak;1344597
HAKKARİ;DERECİK;MERKEZ;VATAN CADDE;cadde;658711
HAKKARİ;DERECİK;ORTA;101 SOKAK;sokak;232876420
HAKKARİ;DERECİK;ORTA;102 SOKAK;sokak;218631540
HAKKARİ;DERECİK;ORTA;103 SOKAK;sokak;323115080
HAKKARİ;DERECİK;ORTA;105 SOKAK;sokak;770517041
HAKKARİ;DERECİK;ORTA;109 SOKAK;sokak;191744651
HAKKARİ;DERECİK;ORTA;111 SOKAK;sokak;537668950
HAKKARİ;DERECİK;ORTA;115 SOKAK;sokak;394355240
HAKKARİ;DERECİK;ORTA;116 SOKAK;sokak;550103000
HAKKARİ;DERECİK;ORTA;117 SOKAK;sokak;198311970
HAKKARİ;DERECİK;ORTA;118 SOKAK;sokak;399780360
HAKKARİ;DERECİK;ORTA;119 SOKAK;sokak;288680160
HAKKARİ;DERECİK;ORTA;120 SOKAK;sokak;117149380
HAKKARİ;DERECİK;ORTA;121 SOKAK;sokak;560811510
HAKKARİ;DERECİK;ORTA;ATATÜRK CADDE;cadde;1344359
HAKKARİ;DERECİK;ORTA;BAŞAKLI CADDE;cadde;788453850
HAKKARİ;DERECİK;ORTA;CANLAR SOKAK;sokak;190406581
HAKKARİ;DERECİK;ORTA;CUMHURIYET CADDE;cadde;1163854
HAKKARİ;DERECİK;ORTA;GAZİLER CADDE;cadde;1345741
HAKKARİ;DERECİK;ORTA;GENÇLİK SOKAK;sokak;223975091
HAKKARİ;DERECİK;ORTA;KAHRAMANLAR CADDE;cadde;663122731
HAKKARİ;DERECİK;ORTA;MEDRESE SOKAK;sokak;1077267
HAKKARİ;DERECİK;ORTA;SADİ SEVİM SOKAK;sokak;571967431
HAKKARİ;DERECİK;ORTA;ŞEHİT GAFFAR OKKAN CADDE;cadde;580770820
HAKKARİ;DERECİK;ORTA;ŞEHİT HURŞİT ÜSTÜNDAĞ CADDE;cadde;85262533
HAKKARİ;DERECİK;ORTA;ŞEHİT NEVROZ SEVİK CADDE;cadde;1346805
HAKKARİ;DERECİK;ORTA;ŞEHİT TAHİR SEVİM SOKAK;sokak;319516760
HAKKARİ;DERECİK;ORTAKLAR - ÖRENCİK;ÖRENCİK KÜME EVLER;sokak;624657
HAKKARİ;DERECİK;ORTAKLAR NA;KÖYÜN KENDISI KÜME EVLER;sokak;617179
HAKKARİ;DERECİK;RİZE;DIZGE CADDE;cadde;244641330
HAKKARİ;DERECİK;RİZE;DOLABIRE CADDE;cadde;1352525
HAKKARİ;DERECİK;RİZE;GAZİLER CADDE;cadde;39049630
HAKKARİ;DERECİK;RİZE;YOLGELDİ ŞEHİTLER CADDE;cadde;58538075
HAKKARİ;DERECİK;ULAŞAN NA;KÖYÜN KENDISI KÜME EVLER;sokak;617442310
HAKKARİ;DERECİK;ULAŞAN NA;ULAŞAN KÜME EVLER;sokak;646856
HAKKARİ;DERECİK;USLU - AKÖREN;AKÖREN KÜME EVLER;sokak;174207
HAKKARİ;DERECİK;USLU - TAŞLIÇAY;TAŞLIÇAY KÜME EVLER;sokak;653069
HAKKARİ;DERECİK;USLU NA;KÖYÜN KENDİSİ KÜME EVLER;sokak;644366
HAKKARİ;DERECİK;ÜÇYAN;409 SOKAK;sokak;269441240
HAKKARİ;DERECİK;ÜÇYAN;410 SOKAK;sokak;472662590
HAKKARİ;DERECİK;ÜÇYAN;411 SOKAK;sokak;370813791
HAKKARİ;DERECİK;ÜÇYAN;412 SOKAK;sokak;184191500
HAKKARİ;DERECİK;ÜÇYAN;413 SOKAK;sokak;1344363
HAKKARİ;DERECİK;ÜÇYAN;414 SOKAK;sokak;1344537
HAKKARİ;DERECİK;ÜÇYAN;415 SOKAK;sokak;1344371
HAKKARİ;DERECİK;ÜÇYAN;KOÇYİĞİT CADDE;cadde;1344367
HAKKARİ;DERECİK;ÜÇYAN;YEKDAR CADDE;cadde;604297271
HAKKARİ;DERECİK;VAPURTEPE;HACI AHMET EVİN CADDE;cadde;465122731
HAKKARİ;DERECİK;VAPURTEPE;KIRCA CADDE;cadde;1163856
HAKKARİ;DERECİK;VAPURTEPE;ORMAN CADDE;cadde;519879561
HAKKARİ;DERECİK;VAPURTEPE;ORTAEVLER SOKAK;sokak;356972001
HAKKARİ;DERECİK;VAPURTEPE;SILO CADDE;cadde;617158680
HAKKARİ;DERECİK;VAPURTEPE;YEKDAR CADDE;cadde;12015848
HAKKARİ;MERKEZ;AĞAÇDİBİ - BAHİ;BAHI KÜME EVLER;sokak;636560
HAKKARİ;MERKEZ;AĞAÇDİBİ - BAHİ;ÇUKURCA YOLU CADDE;cadde;391391590
HAKKARİ;MERKEZ;AĞAÇDİBİ - KÖYÜN KENDİSİ;AGAÇDIBI KÜME EVLER;sokak;620041
HAKKARİ;MERKEZ;AKBULUT - DEMİRLİMEZ;DEMİRLİMEZ KÜME EVLER;sokak;614477
HAKKARİ;MERKEZ;AKBULUT - YUMRUKAYA;KÖYÜN KENDİSİ KÜME EVLER;sokak;617435
HAKKARİ;MERKEZ;AKBULUT - YUMRUKAYA;YUMRUKAYA KÜME EVLER;sokak;660440410
HAKKARİ;MERKEZ;AKBULUT NA;KÖYÜN KENDİSİ KÜME EVLER;sokak;617807
HAKKARİ;MERKEZ;AKÇALI - EĞERCİK;AKCALI KÜME EVLER;sokak;763447791
HAKKARİ;MERKEZ;AKÇALI - EĞERCİK;EGERCİK KÜME EVLER;sokak;633392
HAKKARİ;MERKEZ;AKÇALI - KANATLI;AKCALI KÜME EVLER;sokak;395706921
HAKKARİ;MERKEZ;AKÇALI - KANATLI;KANATLI KÜME EVLER;sokak;341075
HAKKARİ;MERKEZ;AKÇALI - KÖYÜN KENDİSİ;KÖYÜN KENDISI KÜME EVLER;sokak;637640
HAKKARİ;MERKEZ;AKÇALI - YENİYOL;AKÇALI KÜME EVLER;sokak;589702860
HAKKARİ;MERKEZ;AKÇALI - YENİYOL;ASAGI KAYACIK KÜME EVLER;sokak;82332
HAKKARİ;MERKEZ;AKÇALI - YENİYOL;YAĞMURLU KÜME EVLER;sokak;747278350
HAKKARİ;MERKEZ;AKÇALI - YENİYOL;YENİYOL 1 KÜME EVLER;sokak;419616730
HAKKARİ;MERKEZ;AKKUŞ - ÇETİNTAŞ;ÇETINTAS KÜME EVLER;sokak;94581
HAKKARİ;MERKEZ;AKKUŞ - KÖYÜN KENDİSİ;KÖYÜN KENDİSİ KÜME EVLER;sokak;669306
HAKKARİ;MERKEZ;AKSU - KÖYÜN KENDİSİ;AKSU KÜME EVLER;sokak;853765
HAKKARİ;MERKEZ;AŞAĞI DERECİK - 1.HARPUT;1.HARPUT KÜME EVLER;sokak;657766
HAKKARİ;MERKEZ;AŞAĞI DERECİK - 2.HARPUT;2.HARPUT KÜME EVLER;sokak;657776
HAKKARİ;MERKEZ;AŞAĞI DERECİK - DEZ;DEZ KÜME EVLER;sokak;654533
HAKKARİ;MERKEZ;AŞAĞI DERECİK - DİKMEN;DİKMEN KÜME EVLER;sokak;656425
HAKKARİ;MERKEZ;AŞAĞI DERECİK - SERANÜS;SERANÜS KÜME EVLER;sokak;666582
HAKKARİ;MERKEZ;AŞAĞI DERECİK - SULAK;SULAK KÜME EVLER;sokak;1080507
HAKKARİ;MERKEZ;AŞAĞI DERECİK - TRAFİK;TRAFİK KÜME EVLER;sokak;905073
HAKKARİ;MERKEZ;AŞAĞI DERECİK - YUKARI DERECİK;YUKARI DERECİK KÜME EVLER;sokak;666379
HAKKARİ;MERKEZ;AŞAĞI DERECİK - YÜCE;YÜCE KÜME EVLER;sokak;1080505
HAKKARİ;MERKEZ;AŞAĞI DERECİK NA;KÖYÜN KENDİSİ KÜME EVLER;sokak;653388
HAKKARİ;MERKEZ;BAĞIŞLI - AŞAĞI KAYACIK;ASAGI KAYACIK KÜME EVLER;sokak;661478
HAKKARİ;MERKEZ;BAĞIŞLI - AŞAĞI KAYACIK;KÖYÜN KENDISI KÜME EVLER;sokak;531592241
HAKKARİ;MERKEZ;BAĞIŞLI - AŞAĞI KAYACIK;YUKARI KAYACIK KÜME EVLER;sokak;847679790
HAKKARİ;MERKEZ;BAĞIŞLI - BUDAKLI;BUDAKLI KÜME EVLER;sokak;157346
HAKKARİ;MERKEZ;BAĞIŞLI - KÖYÜN KENDİSİ;KÖYÜN KENDISI KÜME EVLER;sokak;664006
HAKKARİ;MERKEZ;BAĞIŞLI - MUSAHAN;MUSAHAN KÜME EVLER;sokak;215391
HAKKARİ;MERKEZ;BAĞIŞLI - OĞULCUL;MUSAHAN KÜME EVLER;sokak;676216980
HAKKARİ;MERKEZ;BAĞIŞLI - OĞULCUL;OGULCUL KÜME EVLER;sokak;385391441
HAKKARİ;MERKEZ;BAĞIŞLI - YUKARI KAYACIK;ASAGI KAYACIK KÜME EVLER;sokak;821988390
HAKKARİ;MERKEZ;BAĞIŞLI - YUKARI KAYACIK;YUKARI KAYACIK KÜME EVLER;sokak;664295
HAKKARİ;MERKEZ;BAĞLAR;303 SOKAK;sokak;39584
HAKKARİ;MERKEZ;BAĞLAR;305 SOKAK;sokak;70996
HAKKARİ;MERKEZ;BAĞLAR;306 SOKAK;sokak;595716
HAKKARİ;MERKEZ;BAĞLAR;307 SOKAK;sokak;70626
HAKKARİ;MERKEZ;BAĞLAR;308 SOKAK;sokak;816227
HAKKARİ;MERKEZ;BAĞLAR;309 SOKAK;sokak;39601
HAKKARİ;MERKEZ;BAĞLAR;310 SOKAK;sokak;594321
HAKKARİ;MERKEZ;BAĞLAR;311 SOKAK;sokak;594323
HAKKARİ;MERKEZ;BAĞLAR;312 SOKAK;sokak;752702231
HAKKARİ;MERKEZ;BAĞLAR;313 SOKAK;sokak;70620
HAKKARİ;MERKEZ;BAĞLAR;314 SOKAK;sokak;70618
HAKKARİ;MERKEZ;BAĞLAR;315 SOKAK;sokak;199881950
HAKKARİ;MERKEZ;BAĞLAR;316 SOKAK;sokak;594319
HAKKARİ;MERKEZ;BAĞLAR;317 SOKAK;sokak;468715390
HAKKARİ;MERKEZ;BAĞLAR;318 SOKAK;sokak;135919120
HAKKARİ;MERKEZ;BAĞLAR;319 SOKAK;sokak;935576430
HAKKARİ;MERKEZ;BAĞLAR;320 SOKAK;sokak;809513610
HAKKARİ;MERKEZ;BAĞLAR;321 SOKAK;sokak;776293760
HAKKARİ;MERKEZ;BAĞLAR;322 SOKAK;sokak;718044130
HAKKARİ;MERKEZ;BAĞLAR;323 SOKAK;sokak;842766090
HAKKARİ;MERKEZ;BAĞLAR;324 SOKAK;sokak;888356080
HAKKARİ;MERKEZ;BAĞLAR;325 SOKAK;sokak;183757820
HAKKARİ;MERKEZ;BAĞLAR;326 SOKAK;sokak;273279720
HAKKARİ;MERKEZ;BAĞLAR;327 SOKAK;sokak;131765990
HAKKARİ;MERKEZ;BAĞLAR;328 SOKAK;sokak;150353550
HAKKARİ;MERKEZ;BAĞLAR;329 SOKAK;sokak;334378491
HAKKARİ;MERKEZ;BAĞLAR;330 SOKAK;sokak;449849871
HAKKARİ;MERKEZ;BAĞLAR;331 SOKAK;sokak;740863800
HAKKARİ;MERKEZ;BAĞLAR;332 SOKAK;sokak;407146441
HAKKARİ;MERKEZ;BAĞLAR;333 SOKAK;sokak;734807330
HAKKARİ;MERKEZ;BAĞLAR;334 SOKAK;sokak;184559980
HAKKARİ;MERKEZ;BAĞLAR;335 SOKAK;sokak;830905631
HAKKARİ;MERKEZ;BAĞLAR;336 SOKAK;sokak;256806380
HAKKARİ;MERKEZ;BAĞLAR;337 SOKAK;sokak;411099680
HAKKARİ;MERKEZ;BAĞLAR;338 SOKAK;sokak;511972670
HAKKARİ;MERKEZ;BAĞLAR;339 SOKAK;sokak;552897301
HAKKARİ;MERKEZ;BAĞLAR;340 SOKAK;sokak;496892190
HAKKARİ;MERKEZ;BAĞLAR;341 SOKAK;sokak;353664341
HAKKARİ;MERKEZ;BAĞLAR;342 SOKAK;sokak;797005061
HAKKARİ;MERKEZ;BAĞLAR;343 SOKAK;sokak;810695930
HAKKARİ;MERKEZ;BAĞLAR;344 SOKAK;sokak;476736520
HAKKARİ;MERKEZ;BAĞLAR;345 SOKAK;sokak;258762360
HAKKARİ;MERKEZ;BAĞLAR;346 CADDE;cadde;236928411
HAKKARİ;MERKEZ;BAĞLAR;347 SOKAK;sokak;854821641
HAKKARİ;MERKEZ;BAĞLAR;348 SOKAK;sokak;257585660
HAKKARİ;MERKEZ;BAĞLAR;349 SOKAK;sokak;142677021
HAKKARİ;MERKEZ;BAĞLAR;350 SOKAK;sokak;855642430
HAKKARİ;MERKEZ;BAĞLAR;CAMII CADDE;cadde;32238
HAKKARİ;MERKEZ;BAĞLAR;EGITIM CADDE;cadde;32246
HAKKARİ;MERKEZ;BAĞLAR;MERZAN CADDE;cadde;31857
HAKKARİ;MERKEZ;BAĞLAR;SANAYI CADDE;cadde;32258
HAKKARİ;MERKEZ;BAYKÖY NA;BAYKÖY KÜME EVLER;sokak;614765
HAKKARİ;MERKEZ;BERÇELAN;1304 SOKAK;sokak;675394
HAKKARİ;MERKEZ;BERÇELAN;1305 SOKAK;sokak;678123
HAKKARİ;MERKEZ;BERÇELAN;1307 SOKAK;sokak;183288230
HAKKARİ;MERKEZ;BERÇELAN;1308 SOKAK;sokak;331114
HAKKARİ;MERKEZ;BERÇELAN;1309 SOKAK;sokak;826258801
HAKKARİ;MERKEZ;BERÇELAN;1310 SOKAK;sokak;331117
HAKKARİ;MERKEZ;BERÇELAN;1311 SOKAK;sokak;598952681
HAKKARİ;MERKEZ;BERÇELAN;1312 SOKAK;sokak;331121
HAKKARİ;MERKEZ;BERÇELAN;1313 SOKAK;sokak;809944
HAKKARİ;MERKEZ;BERÇELAN;1314 SOKAK;sokak;905829820
HAKKARİ;MERKEZ;BERÇELAN;1315 SOKAK;sokak;783634050
HAKKARİ;MERKEZ;BERÇELAN;1316 SOKAK;sokak;373591550
HAKKARİ;MERKEZ;BERÇELAN;1317 SOKAK;sokak;465483351
HAKKARİ;MERKEZ;BERÇELAN;BERÇELAN CADDE;cadde;331125
HAKKARİ;MERKEZ;BERÇELAN;CEZAEVI CADDE;cadde;674094
HAKKARİ;MERKEZ;BERÇELAN;SÜMBÜL CADDE;cadde;676386
HAKKARİ;MERKEZ;BERÇELAN;ZÜBEYDE HANIM CADDE;cadde;676387
HAKKARİ;MERKEZ;BİÇER;704 SOKAK;sokak;39008
HAKKARİ;MERKEZ;BİÇER;706 SOKAK;sokak;39009
HAKKARİ;MERKEZ;BİÇER;707 SOKAK;sokak;39010
HAKKARİ;MERKEZ;BİÇER;708 SOKAK;sokak;39011
HAKKARİ;MERKEZ;BİÇER;711 SOKAK;sokak;39012
HAKKARİ;MERKEZ;BİÇER;712 SOKAK;sokak;313304
HAKKARİ;MERKEZ;BİÇER;713 SOKAK;sokak;313305
HAKKARİ;MERKEZ;BİÇER;714 SOKAK;sokak;683412
HAKKARİ;MERKEZ;BİÇER;715 SOKAK;sokak;640334261
HAKKARİ;MERKEZ;BİÇER;716 SOKAK;sokak;734245250
HAKKARİ;MERKEZ;BİÇER;717 SOKAK;sokak;683413
HAKKARİ;MERKEZ;BİÇER;718 SOKAK;sokak;683414
HAKKARİ;MERKEZ;BİÇER;BAYINDIRLIK CADDE;cadde;683416
HAKKARİ;MERKEZ;BİÇER;GÜLÜRES BABA CADDE;cadde;313307
HAKKARİ;MERKEZ;BİÇER;M.SAIT ATAY CADDE;cadde;313306
HAKKARİ;MERKEZ;BİÇER;RECEP TAYYİP ERDOĞAN BULVARI BULVAR;sokak;676386431
HAKKARİ;MERKEZ;BİÇER;SEVGI CADDE;cadde;849181
HAKKARİ;MERKEZ;BİÇER;SEYH M.SELIM CADDE;cadde;683415
HAKKARİ;MERKEZ;BOYBEYİ - DİKİLİTAŞ;DIKILITAS KÜME EVLER;sokak;176128
HAKKARİ;MERKEZ;BOYBEYİ - YEŞİLBULAK;YESIL BULAK KÜME EVLER;sokak;610834
HAKKARİ;MERKEZ;BOYBEYİ NA;KÖYÜN KENDISI KÜME EVLER;sokak;230130060
HAKKARİ;MERKEZ;BULAK;1003 SOKAK;sokak;652431
HAKKARİ;MERKEZ;BULAK;1004 SOKAK;sokak;649675
HAKKARİ;MERKEZ;BULAK;1007 SOKAK;sokak;649674
HAKKARİ;MERKEZ;BULAK;1012 SOKAK;sokak;652433
HAKKARİ;MERKEZ;BULAK;1016 SOKAK;sokak;463859
HAKKARİ;MERKEZ;BULAK;1021 SOKAK;sokak;646710
HAKKARİ;MERKEZ;BULAK;1023 SOKAK;sokak;652435
HAKKARİ;MERKEZ;BULAK;1024 SOKAK;sokak;272805441
HAKKARİ;MERKEZ;BULAK;1025 SOKAK;sokak;449946060
HAKKARİ;MERKEZ;BULAK;1027 SOKAK;sokak;336914861
HAKKARİ;MERKEZ;BULAK;1028 SOKAK;sokak;696812860
HAKKARİ;MERKEZ;BULAK;1030 SOKAK;sokak;652436
HAKKARİ;MERKEZ;BULAK;1032 SOKAK;sokak;652437
HAKKARİ;MERKEZ;BULAK;1034 SOKAK;sokak;831255
HAKKARİ;MERKEZ;BULAK;1107 SOKAK;sokak;734892390
HAKKARİ;MERKEZ;BULAK;1112 SOKAK;sokak;640825481
HAKKARİ;MERKEZ;BULAK;1312 SOKAK;sokak;899847511
HAKKARİ;MERKEZ;BULAK;1313 SOKAK;sokak;317176551
HAKKARİ;MERKEZ;BULAK;1314 SOKAK;sokak;570229490
HAKKARİ;MERKEZ;BULAK;ALTAY CADDE;cadde;394502
HAKKARİ;MERKEZ;BULAK;ATATÜRK CADDE;cadde;173841
HAKKARİ;MERKEZ;BULAK;ATLILAR CADDE;cadde;173846
HAKKARİ;MERKEZ;BULAK;AV.CUMHUR KESKIN CADDE;cadde;652438
HAKKARİ;MERKEZ;BULAK;AV.MUHSIN ZEYDANOGLU CADDE;cadde;649681
HAKKARİ;MERKEZ;BULAK;BULVAR CADDE;cadde;646236
HAKKARİ;MERKEZ;BULAK;CUMHURIYET 1 SOKAK;sokak;586795070
HAKKARİ;MERKEZ;BULAK;CUMHURIYET 2 SOKAK;sokak;227546181
HAKKARİ;MERKEZ;BULAK;CUMHURIYET CADDE;cadde;649680
HAKKARİ;MERKEZ;BULAK;DERVIS YALIM CADDE;cadde;649679
HAKKARİ;MERKEZ;BULAK;ERTUSLAR CADDE;cadde;394507
HAKKARİ;MERKEZ;BULAK;FIDAN HANIM CADDE;cadde;173848
HAKKARİ;MERKEZ;BULAK;GAZZE SOKAK;sokak;652432
HAKKARİ;MERKEZ;BULAK;GENÇLIK CADDE;cadde;646237
HAKKARİ;MERKEZ;BULAK;ISTIKLAL CADDE;cadde;649677
HAKKARİ;MERKEZ;BULAK;KARAYOLLARI SOKAK;sokak;208742021
HAKKARİ;MERKEZ;BULAK;KAYACAN CADDE;cadde;173844
HAKKARİ;MERKEZ;BULAK;KONAK CADDE;cadde;646235
HAKKARİ;MERKEZ;BULAK;KUDÜS SOKAK;sokak;652434
HAKKARİ;MERKEZ;BULAK;MUKADDES AKAR SOKAK;sokak;649676
HAKKARİ;MERKEZ;BULAK;MÜHÜRDAR CADDE;cadde;646711
HAKKARİ;MERKEZ;BULAK;NAMIK ERDOGAN CADDE;cadde;173835
HAKKARİ;MERKEZ;BULAK;ORDU CADDE;cadde;173840
HAKKARİ;MERKEZ;BULAK;ORMAN CADDE;cadde;928195720
HAKKARİ;MERKEZ;BULAK;OTLUCA TUGAY CADDE;cadde;173839
HAKKARİ;MERKEZ;BULAK;PAGAN CADDE;cadde;731332171
HAKKARİ;MERKEZ;BULAK;SHT.MEHMET CEYHAN CADDE;cadde;646234
HAKKARİ;MERKEZ;BULAK;SÜMBÜL CADDE;cadde;652439
HAKKARİ;MERKEZ;BULAK;TSLK SOKAK;sokak;422234790
HAKKARİ;MERKEZ;BULAK;ULU CAMI CADDE;cadde;649678
HAKKARİ;MERKEZ;BULAK;ZÜBEYDE HANIM CADDE;cadde;173837
HAKKARİ;MERKEZ;CEVİZDİBİ - KÖYÜN KENDİSİ;KÖYÜN KENDISI KÜME EVLER;sokak;648160
HAKKARİ;MERKEZ;CEYLANLI - DOĞANLI;DOGANLI KÜME EVLER;sokak;666138
HAKKARİ;MERKEZ;CEYLANLI - GELİNLİ;GELINLI KÜME EVLER;sokak;872489
HAKKARİ;MERKEZ;CEYLANLI - GİPE;GIPE KÜME EVLER;sokak;161764
HAKKARİ;MERKEZ;CEYLANLI - KÖYÜN KENDİSİ;CEYLANLI KÜME EVLER;sokak;216010
HAKKARİ;MERKEZ;CEYLANLI - SÜTÇÜLER;SÜTCÜLER KÜME EVLER;sokak;161766
HAKKARİ;MERKEZ;CEYLANLI - YIĞINLI;YIGINLI KÜME EVLER;sokak;161770
HAKKARİ;MERKEZ;ÇALTIKORU - YUKARI ÇALTIKORU;YUKARI ÇALTIKORU KÜME EVLER;sokak;615934
HAKKARİ;MERKEZ;ÇALTIKORU NA;ÇALTIKORU KÜME EVLER;sokak;619070
HAKKARİ;MERKEZ;ÇALTIKORU NA;KAYMAKLI KÜME EVLER;sokak;426132161
HAKKARİ;MERKEZ;ÇANAKLI NA;ÇANAKLI KÜME EVLER;sokak;330254
HAKKARİ;MERKEZ;ÇİMENLİ - KÖYÜN KENDİSİ;ÇIMENLI KÜME EVLER;sokak;645823
HAKKARİ;MERKEZ;DAĞGÖL;508 SOKAK;sokak;173850
HAKKARİ;MERKEZ;DAĞGÖL;509 SOKAK;sokak;112589511
HAKKARİ;MERKEZ;DAĞGÖL;510 SOKAK;sokak;670040
HAKKARİ;MERKEZ;DAĞGÖL;511 SOKAK;sokak;629743401
HAKKARİ;MERKEZ;DAĞGÖL;512 SOKAK;sokak;930506150
HAKKARİ;MERKEZ;DAĞGÖL;513 SOKAK;sokak;141190440
HAKKARİ;MERKEZ;DAĞGÖL;514 SOKAK;sokak;173856
HAKKARİ;MERKEZ;DAĞGÖL;515 SOKAK;sokak;783760351
HAKKARİ;MERKEZ;DAĞGÖL;517 SOKAK;sokak;209839461
HAKKARİ;MERKEZ;DAĞGÖL;518 SOKAK;sokak;676835
HAKKARİ;MERKEZ;DAĞGÖL;519 SOKAK;sokak;734102271
HAKKARİ;MERKEZ;DAĞGÖL;520 SOKAK;sokak;671209
HAKKARİ;MERKEZ;DAĞGÖL;521 SOKAK;sokak;839729270
HAKKARİ;MERKEZ;DAĞGÖL;522 SOKAK;sokak;671211
HAKKARİ;MERKEZ;DAĞGÖL;523 SOKAK;sokak;831310
HAKKARİ;MERKEZ;DAĞGÖL;524 SOKAK;sokak;671212
HAKKARİ;MERKEZ;DAĞGÖL;525 SOKAK;sokak;497904391
HAKKARİ;MERKEZ;DAĞGÖL;526 SOKAK;sokak;671213
HAKKARİ;MERKEZ;DAĞGÖL;527 SOKAK;sokak;328751631
HAKKARİ;MERKEZ;DAĞGÖL;528 SOKAK;sokak;797235730
HAKKARİ;MERKEZ;DAĞGÖL;529 SOKAK;sokak;325921151
HAKKARİ;MERKEZ;DAĞGÖL;530 SOKAK;sokak;508364691
HAKKARİ;MERKEZ;DAĞGÖL;531 SOKAK;sokak;153333620
HAKKARİ;MERKEZ;DAĞGÖL;532 SOKAK;sokak;417602570
HAKKARİ;MERKEZ;DAĞGÖL;602 SOKAK;sokak;671214
HAKKARİ;MERKEZ;DAĞGÖL;ERTUSLAR CADDE;cadde;669972
HAKKARİ;MERKEZ;DAĞGÖL;FIDAN HANIM CADDE;cadde;668585
HAKKARİ;MERKEZ;DAĞGÖL;GENÇLIK CADDE;cadde;668586
HAKKARİ;MERKEZ;DAĞGÖL;HASTANE CADDE;cadde;796600
HAKKARİ;MERKEZ;DAĞGÖL;PAGAN CADDE;cadde;669973
HAKKARİ;MERKEZ;DAĞGÖL;RECEP TAYYİP ERDOĞAN BULVARI BULVAR;sokak;668588
HAKKARİ;MERKEZ;DAĞGÖL;SAGLIK CADDE;cadde;595380410
HAKKARİ;MERKEZ;DAĞGÖL;SAĞLIK- CADDE;cadde;668584
HAKKARİ;MERKEZ;DAĞGÖL;SERIF AGA SOKAK;sokak;668583
HAKKARİ;MERKEZ;DAĞGÖL;SEYH M.SELIM CADDE;cadde;470712611
HAKKARİ;MERKEZ;DAĞGÖL;SHT.SELAHATTIN CADDE;cadde;668587
HAKKARİ;MERKEZ;DAĞGÖL;YILDIZ CADDE;cadde;891203
HAKKARİ;MERKEZ;DEMİRTAŞ - KÖYÜN KENDİSİ;KÖYÜN KENDİSİ KÜME EVLER;sokak;401381
HAKKARİ;MERKEZ;DEMİRTAŞ - KÖYÜN KENDİSİ;YAĞMURLU KÜME EVLER;sokak;714845210
HAKKARİ;MERKEZ;DEMİRTAŞ - OLUKLU;OLUKLU KÜME EVLER;sokak;759756
HAKKARİ;MERKEZ;DEMİRTAŞ - ÖĞRENCİK;ÖĞRENCİK KÜME EVLER;sokak;760172
HAKKARİ;MERKEZ;DEMİRTAŞ - YAĞMURLU;YAĞMURLU KÜME EVLER;sokak;768004
HAKKARİ;MERKEZ;DOĞANYURT - BAĞLAR;DOĞANYURT KÜME EVLER;sokak;664241
HAKKARİ;MERKEZ;DOĞANYURT - BOĞAZLI;BOGAZLI KÜME EVLER;sokak;662043
HAKKARİ;MERKEZ;DOĞANYURT - KÖYÜN KENDİSİ;DOGANYURT KÜME EVLER;sokak;658398
HAKKARİ;MERKEZ;DOĞANYURT - SU OCAĞI;KÜÇÜK KÖŞK KÜME EVLER;sokak;634487730
HAKKARİ;MERKEZ;DOĞANYURT - SU OCAĞI;OLUKLU KÜME EVLER;sokak;467238541
HAKKARİ;MERKEZ;DOĞANYURT - SU OCAĞI;SU OCAGI KÜME EVLER;sokak;85529
HAKKARİ;MERKEZ;DURANKAYA - BAĞLARBAŞI;ALTIN ÇESME KÜME EVLER;sokak;628377
HAKKARİ;MERKEZ;DURANKAYA - BAĞLARBAŞI;DEREBASI KÜME EVLER;sokak;634059
HAKKARİ;MERKEZ;DURANKAYA - BAĞLARBAŞI;GÜVENİR HACELYAN KÜME EVLER;sokak;920515151
HAKKARİ;MERKEZ;DURANKAYA - BAĞLARBAŞI;KESKINLER KÜME EVLER;sokak;84990
HAKKARİ;MERKEZ;DURANKAYA - BİÇENEK;KESKINLER KÜME EVLER;sokak;434923621
HAKKARİ;MERKEZ;DURANKAYA - BİÇENEK;MERKEZ BIÇENEK KÜME EVLER;sokak;84669
HAKKARİ;MERKEZ;DURANKAYA - BİÇENEK;TARLABASI KÜME EVLER;sokak;84674
HAKKARİ;MERKEZ;DURANKAYA - BİÇENEK;YAYLACIK KÜME EVLER;sokak;84675
HAKKARİ;MERKEZ;DURANKAYA - CUMHURİYET;KASALTI KÜME EVLER;sokak;634464
HAKKARİ;MERKEZ;DURANKAYA - CUMHURİYET;SEYLILAN KÜME EVLER;sokak;93320
HAKKARİ;MERKEZ;DURANKAYA - CUMHURİYET;YILDIZ KÜME EVLER;sokak;634463
HAKKARİ;MERKEZ;DURANKAYA - ÇAYLICA;DAGSU KÜME EVLER;sokak;132266421
HAKKARİ;MERKEZ;DURANKAYA - ÇAYLICA;GÜNGÖREN KÜME EVLER;sokak;638236
HAKKARİ;MERKEZ;DURANKAYA - ÇAYLICA;MOLAHÜSEYIN KÜME EVLER;sokak;634456
HAKKARİ;MERKEZ;DURANKAYA - ÇAYLICA;YENI YOL 1 KÜME EVLER;sokak;653024651
HAKKARİ;MERKEZ;DURANKAYA - ÇAYLICA;ZEVE KÜME EVLER;sokak;634461
HAKKARİ;MERKEZ;DURANKAYA - KÖYİÇİ;KÖY IÇI KÜME EVLER;sokak;646337
HAKKARİ;MERKEZ;DURANKAYA - PINARBAŞI;ASAGI GÜVENIR BELAN KÜME EVLER;sokak;646332
HAKKARİ;MERKEZ;DURANKAYA - PINARBAŞI;ERIJYAN KÜME EVLER;sokak;646328
HAKKARİ;MERKEZ;DURANKAYA - PINARBAŞI;GÜVENİR HACELYAN KÜME EVLER;sokak;640424
HAKKARİ;MERKEZ;DURANKAYA - PINARBAŞI;KÖY IÇI KÜME EVLER;sokak;123178711
HAKKARİ;MERKEZ;DURANKAYA - PINARBAŞI;MAMÜDAN TEKIN KÜME EVLER;sokak;646330
HAKKARİ;MERKEZ;DURANKAYA - PINARBAŞI;PINARBASI1 KÜME EVLER;sokak;114461010
HAKKARİ;MERKEZ;DURANKAYA - PINARBAŞI;SEYLILAN KÜME EVLER;sokak;302148521
HAKKARİ;MERKEZ;DURANKAYA - PINARBAŞI;YILMAZLAR KÜME EVLER;sokak;640426
HAKKARİ;MERKEZ;DURANKAYA - PINARBAŞI;YUKARI GÜVENIR BELAN KÜME EVLER;sokak;646335
HAKKARİ;MERKEZ;DURANKAYA - YENİ;BUDAKLAR KÜME EVLER;sokak;626197
HAKKARİ;MERKEZ;DURANKAYA - YENİ;DAGSU KÜME EVLER;sokak;626199
HAKKARİ;MERKEZ;DURANKAYA - YENİ;GÜRBÜZ KÜME EVLER;sokak;84654
HAKKARİ;MERKEZ;DURANKAYA - YENİ;KARAMAN KÜME EVLER;sokak;626198
HAKKARİ;MERKEZ;DURANKAYA - YENİ;ZEVE KÜME EVLER;sokak;189062550
HAKKARİ;MERKEZ;ELMACIK - KÖYÜN KENDİSİ;ELMACIK KÜME EVLER;sokak;695102
HAKKARİ;MERKEZ;GAZİ;1032 SOKAK;sokak;285029120
HAKKARİ;MERKEZ;GAZİ;1104 SOKAK;sokak;616905
HAKKARİ;MERKEZ;GAZİ;1105 SOKAK;sokak;547669771
HAKKARİ;MERKEZ;GAZİ;1106 SOKAK;sokak;739424190
HAKKARİ;MERKEZ;GAZİ;1107 SOKAK;sokak;612288
HAKKARİ;MERKEZ;GAZİ;1108 SOKAK;sokak;612289
HAKKARİ;MERKEZ;GAZİ;1109 SOKAK;sokak;785571471
HAKKARİ;MERKEZ;GAZİ;1110 SOKAK;sokak;616912
HAKKARİ;MERKEZ;GAZİ;1111 SOKAK;sokak;822142140
HAKKARİ;MERKEZ;GAZİ;1112 SOKAK;sokak;613641
HAKKARİ;MERKEZ;GAZİ;1113 SOKAK;sokak;714947361
HAKKARİ;MERKEZ;GAZİ;1114 SOKAK;sokak;201124961
HAKKARİ;MERKEZ;GAZİ;1115 SOKAK;sokak;333152920
HAKKARİ;MERKEZ;GAZİ;1116 SOKAK;sokak;616930
HAKKARİ;MERKEZ;GAZİ;1117 SOKAK;sokak;376852521
HAKKARİ;MERKEZ;GAZİ;1118 SOKAK;sokak;614006
HAKKARİ;MERKEZ;GAZİ;1119 SOKAK;sokak;916309130
HAKKARİ;MERKEZ;GAZİ;1120 SOKAK;sokak;614008
HAKKARİ;MERKEZ;GAZİ;1121 SOKAK;sokak;717767
HAKKARİ;MERKEZ;GAZİ;1122 SOKAK;sokak;614015
HAKKARİ;MERKEZ;GAZİ;1123 SOKAK;sokak;255560690
HAKKARİ;MERKEZ;GAZİ;1124 SOKAK;sokak;867334
HAKKARİ;MERKEZ;GAZİ;1125 SOKAK;sokak;865198081
HAKKARİ;MERKEZ;GAZİ;1126 SOKAK;sokak;614019
HAKKARİ;MERKEZ;GAZİ;1127 SOKAK;sokak;320985431
HAKKARİ;MERKEZ;GAZİ;1128 SOKAK;sokak;461871260
HAKKARİ;MERKEZ;GAZİ;1402 SOKAK;sokak;232499231
HAKKARİ;MERKEZ;GAZİ;ANADOLU CADDE;cadde;322369
HAKKARİ;MERKEZ;GAZİ;AV.CUMHUR KESKIN CADDE;cadde;620852
HAKKARİ;MERKEZ;GAZİ;AV.MUHSIN ZEYDANOGLU CADDE;cadde;621535
HAKKARİ;MERKEZ;GAZİ;BULVAR CADDE;cadde;471226
HAKKARİ;MERKEZ;GAZİ;ÇÖLEMERIK CADDE;cadde;328484
HAKKARİ;MERKEZ;GAZİ;GÜLTEKINLER CADDE;cadde;370798
HAKKARİ;MERKEZ;GAZİ;ONAYLAR CADDE;cadde;330591
HAKKARİ;MERKEZ;GAZİ;OTLUCA CADDE;cadde;330590
HAKKARİ;MERKEZ;GAZİ;SENLER CADDE;cadde;322372
HAKKARİ;MERKEZ;GAZİ;SÜRME HANIM CADDE;cadde;370802
HAKKARİ;MERKEZ;GAZİ;ŞHT.HASAN CEVHER SOKAK;sokak;616902
HAKKARİ;MERKEZ;GEÇİMLİ - BAHÇELİ;BAHÇELİ KÜME EVLER;sokak;371206
HAKKARİ;MERKEZ;GEÇİMLİ - İNCİR;İNCİR KÜME EVLER;sokak;636166
HAKKARİ;MERKEZ;GEÇİTLİ - KÖYÜN KENDİSİ;GECITLI KÜME EVLER;sokak;626652
HAKKARİ;MERKEZ;HALİFE DERVİŞ;602 SOKAK;sokak;356621
HAKKARİ;MERKEZ;HALİFE DERVİŞ;603 SOKAK;sokak;236548581
HAKKARİ;MERKEZ;HALİFE DERVİŞ;604 CADDE;cadde;869481711
HAKKARİ;MERKEZ;HALİFE DERVİŞ;605 SOKAK;sokak;681047
HAKKARİ;MERKEZ;HALİFE DERVİŞ;606 SOKAK;sokak;101681020
HAKKARİ;MERKEZ;HALİFE DERVİŞ;607 SOKAK;sokak;893373231
HAKKARİ;MERKEZ;HALİFE DERVİŞ;608 SOKAK;sokak;458179621
HAKKARİ;MERKEZ;HALİFE DERVİŞ;610 SOKAK;sokak;680929
HAKKARİ;MERKEZ;HALİFE DERVİŞ;611 SOKAK;sokak;311262041
HAKKARİ;MERKEZ;HALİFE DERVİŞ;614 SOKAK;sokak;680932
HAKKARİ;MERKEZ;HALİFE DERVİŞ;616 SOKAK;sokak;682298
HAKKARİ;MERKEZ;HALİFE DERVİŞ;FIDAN HANIM CADDE;cadde;687447
HAKKARİ;MERKEZ;HALİFE DERVİŞ;M.UBEYDULLAH CADDE;cadde;681158
HAKKARİ;MERKEZ;HALİFE DERVİŞ;RECEP TAYYİP ERDOĞAN BULVARI BULVAR;sokak;686325
HAKKARİ;MERKEZ;HALİFE DERVİŞ;SEYH M.SELIM CADDE;cadde;502884971
HAKKARİ;MERKEZ;IŞIK - KÖYÜN KENDİSİ;KÖYÜN KENDISI KÜME EVLER;sokak;886187
HAKKARİ;MERKEZ;IŞIK - TEPECİK;TEPECIK KÜME EVLER;sokak;886093
HAKKARİ;MERKEZ;IŞIK - YAPRAKLI;YAPRAKLI KÜME EVLER;sokak;685355
HAKKARİ;MERKEZ;IŞIKLAR - ÇAVUŞLU;ÇAVUŞLU KÜME EVLER;sokak;621400
HAKKARİ;MERKEZ;IŞIKLAR - KÜÇÜKKÖŞK;KÜÇÜK KÖŞK KÜME EVLER;sokak;607411
HAKKARİ;MERKEZ;IŞIKLAR NA;KÖYÜN KENDİSİ KÜME EVLER;sokak;388437
HAKKARİ;MERKEZ;KAMIŞLI - KÖYCEYİZ;KÖYCEYİZ KÜME EVLER;sokak;623880
HAKKARİ;MERKEZ;KAMIŞLI - MERKEZ;KAMISLI KÜME EVLER;sokak;366905
HAKKARİ;MERKEZ;KARŞIYAKA;901 SOKAK;sokak;628064
HAKKARİ;MERKEZ;KARŞIYAKA;902 SOKAK;sokak;291682261
HAKKARİ;MERKEZ;KARŞIYAKA;903 SOKAK;sokak;828741650
HAKKARİ;MERKEZ;KARŞIYAKA;904 SOKAK;sokak;945486820
HAKKARİ;MERKEZ;KARŞIYAKA;905 SOKAK;sokak;573170831
HAKKARİ;MERKEZ;KARŞIYAKA;907 SOKAK;sokak;467873540
HAKKARİ;MERKEZ;KARŞIYAKA;908 SOKAK;sokak;626705
HAKKARİ;MERKEZ;KARŞIYAKA;910 SOKAK;sokak;626716
HAKKARİ;MERKEZ;KARŞIYAKA;911 SOKAK;sokak;923049481
HAKKARİ;MERKEZ;KARŞIYAKA;912 SOKAK;sokak;628073
HAKKARİ;MERKEZ;KARŞIYAKA;MERZAN CADDE;cadde;852120661
HAKKARİ;MERKEZ;KARŞIYAKA;OTLUCA CADDE;cadde;610079101
HAKKARİ;MERKEZ;KARŞIYAKA;OTLUCA TUGAY CADDE;cadde;840945
HAKKARİ;MERKEZ;KARŞIYAKA;PIRODAN CADDE;cadde;626726
HAKKARİ;MERKEZ;KARŞIYAKA;SAGLIK CADDE;cadde;385006581
HAKKARİ;MERKEZ;KARŞIYAKA;TASLAKYOL49 SOKAK;sokak;522449851
HAKKARİ;MERKEZ;KARŞIYAKA;ÜNIVERSITE CADDE;cadde;626489
HAKKARİ;MERKEZ;KAVAKLI - ARMUTLU MEZRASI;ARMUTLU KÜME EVLER;sokak;614179
HAKKARİ;MERKEZ;KAVAKLI - ÇELTİK MEZRASI;ÇELTİK MEZRASI KÜME EVLER;sokak;528719
HAKKARİ;MERKEZ;KAVAKLI - KÖYÜN KENDİSİ;KAVAKLI KÜME EVLER;sokak;871523
HAKKARİ;MERKEZ;KAVALKÖY - KÖYÜN KENDİSİ;KÖYÜN KENDİSİ KÜME EVLER;sokak;645175
HAKKARİ;MERKEZ;KAYMAKLI - KOÇLU;KAYMAKLI KÜME EVLER;sokak;766553230
HAKKARİ;MERKEZ;KAYMAKLI - KOÇLU;KOCLU KÜME EVLER;sokak;699157
HAKKARİ;MERKEZ;KAYMAKLI - KÖYÜN KENDİSİ;KAYMAKLI KÜME EVLER;sokak;697465
HAKKARİ;MERKEZ;KAYMAKLI - SÜTLÜCE;KAYMAKLI KÜME EVLER;sokak;797311131
HAKKARİ;MERKEZ;KAYMAKLI - SÜTLÜCE;SÜTLÜCE KÜME EVLER;sokak;701109
HAKKARİ;MERKEZ;KEKLİKPINAR;1204 SOKAK;sokak;193600071
HAKKARİ;MERKEZ;KEKLİKPINAR;1503 SOKAK;sokak;515213910
HAKKARİ;MERKEZ;KEKLİKPINAR;1504 SOKAK;sokak;318081
HAKKARİ;MERKEZ;KEKLİKPINAR;1505 SOKAK;sokak;173894
HAKKARİ;MERKEZ;KEKLİKPINAR;1506 SOKAK;sokak;343891300
HAKKARİ;MERKEZ;KEKLİKPINAR;1507 SOKAK;sokak;318423
HAKKARİ;MERKEZ;KEKLİKPINAR;1508 SOKAK;sokak;462882051
HAKKARİ;MERKEZ;KEKLİKPINAR;1509 SOKAK;sokak;173904
HAKKARİ;MERKEZ;KEKLİKPINAR;1510 SOKAK;sokak;487625531
HAKKARİ;MERKEZ;KEKLİKPINAR;1511 SOKAK;sokak;318424
HAKKARİ;MERKEZ;KEKLİKPINAR;1512 SOKAK;sokak;840563991
HAKKARİ;MERKEZ;KEKLİKPINAR;1513 SOKAK;sokak;318427
HAKKARİ;MERKEZ;KEKLİKPINAR;1514 SOKAK;sokak;309879860
HAKKARİ;MERKEZ;KEKLİKPINAR;1515 SOKAK;sokak;347446560
HAKKARİ;MERKEZ;KEKLİKPINAR;BAYRAM ÇALLI CADDE;cadde;318455
HAKKARİ;MERKEZ;KEKLİKPINAR;HAKKARİ VAN1 SOKAK;sokak;173961
HAKKARİ;MERKEZ;KEKLİKPINAR;KAMPÜS CADDE;cadde;1027325
HAKKARİ;MERKEZ;KEKLİKPINAR;ÖRNEK CADDE;cadde;723431480
HAKKARİ;MERKEZ;KEKLİKPINAR;PINARLAR CADDE;cadde;639798
HAKKARİ;MERKEZ;KEKLİKPINAR;RECEP TAYYİP ERDOĞAN BULVARI BULVAR;sokak;831970
HAKKARİ;MERKEZ;KIRAN;1202 SOKAK;sokak;627886
HAKKARİ;MERKEZ;KIRAN;1203 SOKAK;sokak;627887
HAKKARİ;MERKEZ;KIRAN;1204 SOKAK;sokak;627888
HAKKARİ;MERKEZ;KIRAN;1205 SOKAK;sokak;628319
HAKKARİ;MERKEZ;KIRAN;1206 SOKAK;sokak;638331
HAKKARİ;MERKEZ;KIRAN;1208 SOKAK;sokak;627889
HAKKARİ;MERKEZ;KIRAN;1210 SOKAK;sokak;637668
HAKKARİ;MERKEZ;KIRAN;1211 SOKAK;sokak;636015
HAKKARİ;MERKEZ;KIRAN;1212 SOKAK;sokak;638333
HAKKARİ;MERKEZ;KIRAN;1213 SOKAK;sokak;633304
HAKKARİ;MERKEZ;KIRAN;1214 SOKAK;sokak;816228
HAKKARİ;MERKEZ;KIRAN;1215 SOKAK;sokak;919821
HAKKARİ;MERKEZ;KIRAN;CEZAEVI CADDE;cadde;636632
HAKKARİ;MERKEZ;KIRAN;ÇALLI CADDE;cadde;636841
HAKKARİ;MERKEZ;KIRAN;ÖRNEK CADDE;cadde;636799
HAKKARİ;MERKEZ;KIRAN;RECEP TAYYİP ERDOĞAN BULVARI BULVAR;sokak;544229361
HAKKARİ;MERKEZ;KIRIKDAĞ - AŞAĞIKIRBAŞI;ASAĞIKIRBASI KÜME EVLER;sokak;657136
HAKKARİ;MERKEZ;KIRIKDAĞ - DEREŞABAN;DEREŞABAN KÜME EVLER;sokak;657377
HAKKARİ;MERKEZ;KIRIKDAĞ - KÖYÜN KENDİSİ;KÖYÜN KENDISI KÜME EVLER;sokak;201217
HAKKARİ;MERKEZ;KIRIKDAĞ - REZ;REZ KÜME EVLER;sokak;664190
HAKKARİ;MERKEZ;KIRIKDAĞ - YENİ;YENI KÜME EVLER;sokak;661142
HAKKARİ;MERKEZ;KONAK - ZAVİTE;AYDINLIK KÜME EVLER;sokak;1282879
HAKKARİ;MERKEZ;KONAK - ZAVİTE MEZRASI;AYDINLIK KÜME EVLER;sokak;630394321
HAKKARİ;MERKEZ;KONAK - ZAVİTE MEZRASI;ÇANAKLI KÜME EVLER;sokak;804840330
HAKKARİ;MERKEZ;KONAK - ZAVİTE MEZRASI;KONAK KÖYÜ YOLU KÜME EVLER;sokak;525470
HAKKARİ;MERKEZ;MEDRESE;205 SOKAK;sokak;684877
HAKKARİ;MERKEZ;MEDRESE;206 SOKAK;sokak;100589560
HAKKARİ;MERKEZ;MEDRESE;207 SOKAK;sokak;128764050
HAKKARİ;MERKEZ;MEDRESE;208 SOKAK;sokak;675253
HAKKARİ;MERKEZ;MEDRESE;209 SOKAK;sokak;677425
HAKKARİ;MERKEZ;MEDRESE;210 SOKAK;sokak;677219
HAKKARİ;MERKEZ;MEDRESE;211 SOKAK;sokak;677220
HAKKARİ;MERKEZ;MEDRESE;212 SOKAK;sokak;679113
HAKKARİ;MERKEZ;MEDRESE;213 SOKAK;sokak;677426
HAKKARİ;MERKEZ;MEDRESE;214 SOKAK;sokak;677251
HAKKARİ;MERKEZ;MEDRESE;215 SOKAK;sokak;677252
HAKKARİ;MERKEZ;MEDRESE;216 SOKAK;sokak;675252
HAKKARİ;MERKEZ;MEDRESE;217 SOKAK;sokak;163638481
HAKKARİ;MERKEZ;MEDRESE;718 SOKAK;sokak;676587
HAKKARİ;MERKEZ;MEDRESE;BAHADIRLAR CADDE;cadde;674180
HAKKARİ;MERKEZ;MEDRESE;BAYINDIRLIK CADDE;cadde;678305
HAKKARİ;MERKEZ;MEDRESE;GÜLÜRES BABA CADDE;cadde;1026915
HAKKARİ;MERKEZ;MEDRESE;HISAS CADDE;cadde;677253
HAKKARİ;MERKEZ;MEDRESE;M.SAIT ATAY CADDE;cadde;675254
HAKKARİ;MERKEZ;MEDRESE;RECEP TAYYİP ERDOĞAN BULVARI BULVAR;sokak;678395
HAKKARİ;MERKEZ;MEDRESE;SEVGI CADDE;cadde;675686
HAKKARİ;MERKEZ;MERZAN;402 SOKAK;sokak;656935
HAKKARİ;MERKEZ;MERZAN;403 SOKAK;sokak;654553
HAKKARİ;MERKEZ;MERZAN;404 SOKAK;sokak;654554
HAKKARİ;MERKEZ;MERZAN;405 SOKAK;sokak;656936
HAKKARİ;MERKEZ;MERZAN;406 SOKAK;sokak;862563101
HAKKARİ;MERKEZ;MERZAN;407 SOKAK;sokak;768968510
HAKKARİ;MERKEZ;MERZAN;408 SOKAK;sokak;714544410
HAKKARİ;MERKEZ;MERZAN;409 SOKAK;sokak;665729260
HAKKARİ;MERKEZ;MERZAN;410 SOKAK;sokak;540104001
HAKKARİ;MERKEZ;MERZAN;411 SOKAK;sokak;656937
HAKKARİ;MERKEZ;MERZAN;412 SOKAK;sokak;659569
HAKKARİ;MERKEZ;MERZAN;414 SOKAK;sokak;654555
HAKKARİ;MERKEZ;MERZAN;415 SOKAK;sokak;450024
HAKKARİ;MERKEZ;MERZAN;417 SOKAK;sokak;242190161
HAKKARİ;MERKEZ;MERZAN;418 SOKAK;sokak;450031
HAKKARİ;MERKEZ;MERZAN;419 SOKAK;sokak;369945311
HAKKARİ;MERKEZ;MERZAN;420 SOKAK;sokak;450034
HAKKARİ;MERKEZ;MERZAN;421 SOKAK;sokak;654552
HAKKARİ;MERKEZ;MERZAN;422 SOKAK;sokak;450038
HAKKARİ;MERKEZ;MERZAN;423 SOKAK;sokak;913150851
HAKKARİ;MERKEZ;MERZAN;424 SOKAK;sokak;450043
HAKKARİ;MERKEZ;MERZAN;425 SOKAK;sokak;205182391
HAKKARİ;MERKEZ;MERZAN;426 SOKAK;sokak;389897780
HAKKARİ;MERKEZ;MERZAN;427 SOKAK;sokak;756752640
HAKKARİ;MERKEZ;MERZAN;430 SOKAK;sokak;657416
HAKKARİ;MERKEZ;MERZAN;432 SOKAK;sokak;655249
HAKKARİ;MERKEZ;MERZAN;433 SOKAK;sokak;827165
HAKKARİ;MERKEZ;MERZAN;434 SOKAK;sokak;657415
HAKKARİ;MERKEZ;MERZAN;435 SOKAK;sokak;831372
HAKKARİ;MERKEZ;MERZAN;436 SOKAK;sokak;659568
HAKKARİ;MERKEZ;MERZAN;437 SOKAK;sokak;828929
HAKKARİ;MERKEZ;MERZAN;438 SOKAK;sokak;846865
HAKKARİ;MERKEZ;MERZAN;439 SOKAK;sokak;851947
HAKKARİ;MERKEZ;MERZAN;440 SOKAK;sokak;856345
HAKKARİ;MERKEZ;MERZAN;EMİN SOKAK;sokak;450027
HAKKARİ;MERKEZ;MERZAN;FIRAT CADDE;cadde;654557
HAKKARİ;MERKEZ;MERZAN;GOLAZURYAN CADDE;cadde;654558
HAKKARİ;MERKEZ;MERZAN;MERZAN CADDE;cadde;654556
HAKKARİ;MERKEZ;MERZAN;PIRODAN CADDE;cadde;376008
HAKKARİ;MERKEZ;MERZAN;SANAYI CADDE;cadde;656938
HAKKARİ;MERKEZ;MERZAN;TASLAK12. SOKAK;sokak;511435351
HAKKARİ;MERKEZ;MERZAN;ÜNIVERSITE CADDE;cadde;162333221
HAKKARİ;MERKEZ;OĞUL - AĞAÇSIZ;AĞAÇSIZ KÜME EVLER;sokak;867226
HAKKARİ;MERKEZ;OĞUL - DİLEK;DILEK KÜME EVLER;sokak;613675
HAKKARİ;MERKEZ;OĞUL - GÖZE;GÖZE KÜME EVLER;sokak;617874
HAKKARİ;MERKEZ;OĞUL - ILICA;ILICA KÜME EVLER;sokak;608649
HAKKARİ;MERKEZ;OĞUL - YENİ OĞUL;YENİ OGUL KÜME EVLER;sokak;607284
HAKKARİ;MERKEZ;OLGUNLAR - KÖYÜN KENDİSİ;KÖYÜN KENDİSİ KÜME EVLER;sokak;688659
HAKKARİ;MERKEZ;OLGUNLAR - STOKA;STOKA KÜME EVLER;sokak;692902
HAKKARİ;MERKEZ;OLGUNLAR - YENİ;YENİ KÜME EVLER;sokak;691036
HAKKARİ;MERKEZ;OLGUNLAR - YUKARI DERELİ;YUKARI DERELI KÜME EVLER;sokak;286801
HAKKARİ;MERKEZ;OTLUCA - AŞAĞI OTLUCA;ASAGI OTLUCA KÜME EVLER;sokak;624681
HAKKARİ;MERKEZ;OTLUCA - AŞAĞI OTLUCA;DAG KOMKANDO TUGAYI KÜME EVLER;sokak;420849881
HAKKARİ;MERKEZ;OTLUCA - AŞAĞI OTLUCA;SARIKAYA KÜME EVLER;sokak;935883171
HAKKARİ;MERKEZ;OTLUCA - DAĞ KOMANDO TUGAYI;DAG KOMKANDO TUGAYI KÜME EVLER;sokak;456291
HAKKARİ;MERKEZ;OTLUCA - DEREBOYU;DEREBOYU KÜME EVLER;sokak;26998
HAKKARİ;MERKEZ;OTLUCA - GÜZEL;GÜZEL KÜME EVLER;sokak;623897
HAKKARİ;MERKEZ;OTLUCA - KÖPRÜCÜK;KÖPRÜCÜK KÜME EVLER;sokak;621417
HAKKARİ;MERKEZ;OTLUCA - KÖPRÜCÜK;TÜMSEK KÜME EVLER;sokak;777263541
HAKKARİ;MERKEZ;OTLUCA - OTLUBEL;OTLUBEL KÜME EVLER;sokak;23820
HAKKARİ;MERKEZ;OTLUCA - OTLUCA DAĞ KOMANDO TOGAYI;OTLUCA DAG KOMADO TUGAYI KÜME EVLER;sokak;445388901
HAKKARİ;MERKEZ;OTLUCA - SARIKAYA;SARIKAYA 1 KÜME EVLER;sokak;783080531
HAKKARİ;MERKEZ;OTLUCA - SARIKAYA;SARIKAYA KÜME EVLER;sokak;621413
HAKKARİ;MERKEZ;OTLUCA - TÜMSEK;OTLUCA DAG KOMADO TUGAYI KÜME EVLER;sokak;379802321
HAKKARİ;MERKEZ;OTLUCA - TÜMSEK;TÜMSEK KÜME EVLER;sokak;614219
HAKKARİ;MERKEZ;OTLUCA - UYANIK;UYANIK KÜME EVLER;sokak;21992
HAKKARİ;MERKEZ;OTLUCA - YUKARI OTLUCA;YUKARI OTLUCA KONTROL KÜME EVLER;sokak;22917
HAKKARİ;MERKEZ;ÖRDEKLİ - ESKİ ÖRDEKLİ;ÖRDEKLI KÜME EVLER;sokak;464847
HAKKARİ;MERKEZ;ÖRDEKLİ - ESKİ ÖRDEKLİ;YENI KÜME EVLER;sokak;160730660
HAKKARİ;MERKEZ;ÖRDEKLİ - YENİ;YENI KÜME EVLER;sokak;612865
HAKKARİ;MERKEZ;PEHLİVAN;802 SOKAK;sokak;173923
HAKKARİ;MERKEZ;PEHLİVAN;803 SOKAK;sokak;829360551
HAKKARİ;MERKEZ;PEHLİVAN;804 SOKAK;sokak;176479
HAKKARİ;MERKEZ;PEHLİVAN;805 SOKAK;sokak;312997461
HAKKARİ;MERKEZ;PEHLİVAN;806 SOKAK;sokak;428498510
HAKKARİ;MERKEZ;PEHLİVAN;807 SOKAK;sokak;661089
HAKKARİ;MERKEZ;PEHLİVAN;808 SOKAK;sokak;661090
HAKKARİ;MERKEZ;PEHLİVAN;809 SOKAK;sokak;925694330
HAKKARİ;MERKEZ;PEHLİVAN;810 SOKAK;sokak;176484
HAKKARİ;MERKEZ;PEHLİVAN;811 SOKAK;sokak;176490
HAKKARİ;MERKEZ;PEHLİVAN;812 SOKAK;sokak;162065
HAKKARİ;MERKEZ;PEHLİVAN;813 SOKAK;sokak;666444
HAKKARİ;MERKEZ;PEHLİVAN;814 SOKAK;sokak;661095
HAKKARİ;MERKEZ;PEHLİVAN;815 SOKAK;sokak;162066
HAKKARİ;MERKEZ;PEHLİVAN;816 SOKAK;sokak;176493
HAKKARİ;MERKEZ;PEHLİVAN;817 SOKAK;sokak;162067
HAKKARİ;MERKEZ;PEHLİVAN;818 SOKAK;sokak;161829
HAKKARİ;MERKEZ;PEHLİVAN;819 SOKAK;sokak;174345980
HAKKARİ;MERKEZ;PEHLİVAN;BULVAR CADDE;cadde;176506
HAKKARİ;MERKEZ;PEHLİVAN;ÇÖLEMERIK CADDE;cadde;162071
HAKKARİ;MERKEZ;PEHLİVAN;ITFAIYE CADDE;cadde;662543
HAKKARİ;MERKEZ;PEHLİVAN;KAYACAN CADDE;cadde;260356
HAKKARİ;MERKEZ;PEHLİVAN;MUSA ANTER CADDE;cadde;176503
HAKKARİ;MERKEZ;PEHLİVAN;MÜHÜRDAR CADDE;cadde;176514
HAKKARİ;MERKEZ;PEHLİVAN;OTLUCA CADDE;cadde;610079100
HAKKARİ;MERKEZ;PEHLİVAN;RECEP TAYYİP ERDOĞAN BULVARI BULVAR;sokak;666522
HAKKARİ;MERKEZ;PEHLİVAN;SAGLIK CADDE;cadde;595380411
HAKKARİ;MERKEZ;PEHLİVAN;SAĞLIK- CADDE;cadde;176509
HAKKARİ;MERKEZ;PEHLİVAN;SENLER CADDE;cadde;161835
HAKKARİ;MERKEZ;PEHLİVAN;TSLK SOKAK;sokak;422234791
HAKKARİ;MERKEZ;PINARCA - AYRANLI;AYRANLI KÜME EVLER;sokak;575794920
HAKKARİ;MERKEZ;PINARCA - HENDEK;HENDEK KÜME EVLER;sokak;644882
HAKKARİ;MERKEZ;PINARCA - KÖYÜN KENDİSİ;PINARCA KÜME EVLER;sokak;641568
HAKKARİ;MERKEZ;PINARCA - OĞURLU;UGURLU KÜME EVLER;sokak;642007
HAKKARİ;MERKEZ;PINARCA - SARIGÜL;SARI GÜL KÜME EVLER;sokak;642920
HAKKARİ;MERKEZ;PINARCA - TAŞLICA IŞIK;TASLICA ISIK KÜME EVLER;sokak;642874
HAKKARİ;MERKEZ;PINARCA - TAŞLICA IŞIK;YAPRAKLI KÜME EVLER;sokak;683228411
HAKKARİ;MERKEZ;PINARCA - YENİYOL;YENI YOL KÜME EVLER;sokak;642531
HAKKARİ;MERKEZ;SARITAŞ - KÜRÜM;KÖYÜN KENDISI KÜME EVLER;sokak;230130061
HAKKARİ;MERKEZ;SARITAŞ - KÜRÜM;KÜRÜM KÜME EVLER;sokak;660077
HAKKARİ;MERKEZ;SARITAŞ - MUSAHAN;MUSAHAN KÜME EVLER;sokak;660039
HAKKARİ;MERKEZ;SARITAŞ - SARITAŞ BAĞLISI;SARITAS BAGLISI KÜME EVLER;sokak;76207
HAKKARİ;MERKEZ;SARITAŞ - SARITAŞ BAĞLISI;SARITAŞ KÜME EVLER;sokak;382681990
HAKKARİ;MERKEZ;SÜMBÜL;103 SOKAK;sokak;688124
HAKKARİ;MERKEZ;SÜMBÜL;104 SOKAK;sokak;697159
HAKKARİ;MERKEZ;SÜMBÜL;105 SOKAK;sokak;699313
HAKKARİ;MERKEZ;SÜMBÜL;106 SOKAK;sokak;830084
HAKKARİ;MERKEZ;SÜMBÜL;107 SOKAK;sokak;862519490
HAKKARİ;MERKEZ;SÜMBÜL;108 SOKAK;sokak;309737620
HAKKARİ;MERKEZ;SÜMBÜL;109 SOKAK;sokak;687679
HAKKARİ;MERKEZ;SÜMBÜL;110 SOKAK;sokak;857394980
HAKKARİ;MERKEZ;SÜMBÜL;111 SOKAK;sokak;276718901
HAKKARİ;MERKEZ;SÜMBÜL;112 SOKAK;sokak;733672601
HAKKARİ;MERKEZ;SÜMBÜL;113 SOKAK;sokak;697160
HAKKARİ;MERKEZ;SÜMBÜL;114 SOKAK;sokak;729131221
HAKKARİ;MERKEZ;SÜMBÜL;115 SOKAK;sokak;688128
HAKKARİ;MERKEZ;SÜMBÜL;116 SOKAK;sokak;242374970
HAKKARİ;MERKEZ;SÜMBÜL;117 SOKAK;sokak;882057451
HAKKARİ;MERKEZ;SÜMBÜL;119 SOKAK;sokak;570521281
HAKKARİ;MERKEZ;SÜMBÜL;120 SOKAK;sokak;233968800
HAKKARİ;MERKEZ;SÜMBÜL;121 SOKAK;sokak;346747211
HAKKARİ;MERKEZ;SÜMBÜL;122 SOKAK;sokak;598817301
HAKKARİ;MERKEZ;SÜMBÜL;718 SOKAK;sokak;187509500
HAKKARİ;MERKEZ;SÜMBÜL;BAYINDIRLIK CADDE;cadde;676813
HAKKARİ;MERKEZ;SÜMBÜL;ÇUKURCA YOLU CADDE;cadde;830083
HAKKARİ;MERKEZ;SÜMBÜL;DEPIN CADDE;cadde;830082
HAKKARİ;MERKEZ;SÜMBÜL;HISAS CADDE;cadde;243979
HAKKARİ;MERKEZ;SÜMBÜL;RECEP TAYYİP ERDOĞAN BULVARI BULVAR;sokak;688726
HAKKARİ;MERKEZ;TAŞBAŞI - KÖYÜN KENDİSİ;KÖYÜN KENDİSİ KÜME EVLER;sokak;672846
HAKKARİ;MERKEZ;ÜZÜMCÜ - DEREN;DEREN KÜME EVLER;sokak;638979
HAKKARİ;MERKEZ;ÜZÜMCÜ - DEREÜSTÜ;DEREUSTU KÜME EVLER;sokak;626572
HAKKARİ;MERKEZ;ÜZÜMCÜ - KÖYÜN KENDİSİ;ÜZÜMCÜ KÜME EVLER;sokak;638117
HAKKARİ;MERKEZ;YENİ;1127 SOKAK;sokak;320985430
HAKKARİ;MERKEZ;YENİ;1402 SOKAK;sokak;647142
HAKKARİ;MERKEZ;YENİ;1403 SOKAK;sokak;646253
HAKKARİ;MERKEZ;YENİ;1404 SOKAK;sokak;649739
HAKKARİ;MERKEZ;YENİ;1405 SOKAK;sokak;649740
HAKKARİ;MERKEZ;YENİ;1406 SOKAK;sokak;649741
HAKKARİ;MERKEZ;YENİ;1407 SOKAK;sokak;647157
HAKKARİ;MERKEZ;YENİ;1408 SOKAK;sokak;647162
HAKKARİ;MERKEZ;YENİ;1409 SOKAK;sokak;649743
HAKKARİ;MERKEZ;YENİ;1410 SOKAK;sokak;649491
HAKKARİ;MERKEZ;YENİ;1411 SOKAK;sokak;655587441
HAKKARİ;MERKEZ;YENİ;1412 SOKAK;sokak;805972220
HAKKARİ;MERKEZ;YENİ;1414 SOKAK;sokak;647512
HAKKARİ;MERKEZ;YENİ;1416 SOKAK;sokak;649749
HAKKARİ;MERKEZ;YENİ;1417 SOKAK;sokak;645865
HAKKARİ;MERKEZ;YENİ;1418 SOKAK;sokak;653047
HAKKARİ;MERKEZ;YENİ;1422 SOKAK;sokak;649750
HAKKARİ;MERKEZ;YENİ;1424 SOKAK;sokak;646256
HAKKARİ;MERKEZ;YENİ;1426 SOKAK;sokak;646258
HAKKARİ;MERKEZ;YENİ;1428 SOKAK;sokak;650836
HAKKARİ;MERKEZ;YENİ;1430 SOKAK;sokak;649752
HAKKARİ;MERKEZ;YENİ;1434 SOKAK;sokak;647533
HAKKARİ;MERKEZ;YENİ;GÜLTEKINLER CADDE;cadde;653049
HAKKARİ;MERKEZ;YENİ;OTLUCA TUGAY CADDE;cadde;645866
HAKKARİ;MERKEZ;YENİ;SÜRME HANIM CADDE;cadde;648405
HAKKARİ;MERKEZ;YONCALI - KÖYÜN KENDİSİ;YONCALI KÜME EVLER;sokak;251551771
HAKKARİ;MERKEZ;YONCALI - KÖYÜN KENDİSİ;YONCALI- SOKAK;sokak;853382
HAKKARİ;ŞEMDİNLİ;ALAN NA;ALAN KÜME EVLER;sokak;315204
HAKKARİ;ŞEMDİNLİ;ALTINSU - DEREBOYU;DEREBOYU KÜME EVLER;sokak;655286
HAKKARİ;ŞEMDİNLİ;ALTINSU - ELDE;ELDE KÜME EVLER;sokak;648779
HAKKARİ;ŞEMDİNLİ;ALTINSU - İNCESU;INCESU KÜME EVLER;sokak;654996
HAKKARİ;ŞEMDİNLİ;ALTINSU - MERKEZ;MERKEZ KÜME EVLER;sokak;648879
HAKKARİ;ŞEMDİNLİ;ALTINSU - MEYDAN;BAL KÜME KÜME EVLER;sokak;882666220
HAKKARİ;ŞEMDİNLİ;ALTINSU - MEYDAN;CUMHURIYET CADDE;cadde;133443200
HAKKARİ;ŞEMDİNLİ;ALTINSU - MEYDAN;MEYDAN KÜME EVLER;sokak;654231
HAKKARİ;ŞEMDİNLİ;BAĞLAR - BEYTERA;BEYTERA KÜME EVLER;sokak;77774
HAKKARİ;ŞEMDİNLİ;BAĞLAR - BEYTERA;TUVA KÜME EVLER;sokak;790089181
HAKKARİ;ŞEMDİNLİ;BAĞLAR - ÇAMLICA;ÇAMLICA KÜME EVLER;sokak;622633
HAKKARİ;ŞEMDİNLİ;BAĞLAR - ÇEM;ÇEM KÜME EVLER;sokak;624040
HAKKARİ;ŞEMDİNLİ;BAĞLAR - GÜZELKAYA;GÜZELKAYA KÜME EVLER;sokak;616595
HAKKARİ;ŞEMDİNLİ;BAĞLAR - MEŞELİ;MESELI KÜME EVLER;sokak;617941
HAKKARİ;ŞEMDİNLİ;BAĞLAR - MEŞELİ;YENI YOL 1 KÜME EVLER;sokak;848054800
HAKKARİ;ŞEMDİNLİ;BAĞLAR - MUŞİ;MUSI KÜME EVLER;sokak;889910050
HAKKARİ;ŞEMDİNLİ;BAĞLAR - RÜZGARLI;RÜZGARLI KÜME EVLER;sokak;617953
HAKKARİ;ŞEMDİNLİ;BAĞLAR - TUVA;TUVA KÜME EVLER;sokak;812391391
HAKKARİ;ŞEMDİNLİ;BAĞLAR - TÜRE;MESELI KÜME EVLER;sokak;258790991
HAKKARİ;ŞEMDİNLİ;BAĞLAR - TÜRE;TURE KÜME EVLER;sokak;378568
HAKKARİ;ŞEMDİNLİ;BAĞLAR - ZORGEÇİT;ZORGEÇİT KÜME EVLER;sokak;617943
HAKKARİ;ŞEMDİNLİ;BAĞLAR NA;KÖYÜN KENDISI KÜME EVLER;sokak;612169
HAKKARİ;ŞEMDİNLİ;BAĞLAR NA;YENI YOL 1 KÜME EVLER;sokak;707706640
HAKKARİ;ŞEMDİNLİ;BEŞEVLER;121 SOKAK;sokak;920860991
HAKKARİ;ŞEMDİNLİ;BEŞEVLER;123 SOKAK;sokak;848987
HAKKARİ;ŞEMDİNLİ;BEŞEVLER;125 SOKAK;sokak;484536660
HAKKARİ;ŞEMDİNLİ;BEŞEVLER;126 SOKAK;sokak;532845010
HAKKARİ;ŞEMDİNLİ;BEŞEVLER;141 SOKAK;sokak;620559670
HAKKARİ;ŞEMDİNLİ;BEŞEVLER;A.AZİZ MARMARA SOKAK;sokak;657096
HAKKARİ;ŞEMDİNLİ;BEŞEVLER;A.MECİT YILMAZ SOKAK;sokak;658715
HAKKARİ;ŞEMDİNLİ;BEŞEVLER;ABDULLAH KAYA SOKAK;sokak;658718
HAKKARİ;ŞEMDİNLİ;BEŞEVLER;ABDULLAH KEYFİ SOKAK;sokak;260399
HAKKARİ;ŞEMDİNLİ;BEŞEVLER;AHMET BUDAK SOKAK;sokak;656435
HAKKARİ;ŞEMDİNLİ;BEŞEVLER;BAL KÜME KÜME EVLER;sokak;614000081
HAKKARİ;ŞEMDİNLİ;BEŞEVLER;CUMHURIYET CADDE;cadde;655136
HAKKARİ;ŞEMDİNLİ;BEŞEVLER;HAMO ÖZEL SOKAK;sokak;648969
HAKKARİ;ŞEMDİNLİ;BEŞEVLER;HAMZA YILMAZ SOKAK;sokak;653957
HAKKARİ;ŞEMDİNLİ;BEŞEVLER;İSMAİL ÖZKAN SOKAK;sokak;997375
HAKKARİ;ŞEMDİNLİ;BEŞEVLER;KÜÇÜK SANAYI KOPERATIFI SOKAK;sokak;967249
HAKKARİ;ŞEMDİNLİ;BEŞEVLER;LALE SOKAK;sokak;653956
HAKKARİ;ŞEMDİNLİ;BEŞEVLER;MAHMUT ÖVEÇ SOKAK;sokak;863238
HAKKARİ;ŞEMDİNLİ;BEŞEVLER;MECIT ORUÇ SOKAK;sokak;997373
HAKKARİ;ŞEMDİNLİ;BEŞEVLER;MUSTAFA ÖKTEM CADDE;cadde;658647
HAKKARİ;ŞEMDİNLİ;BEŞEVLER;NEHRİ SOKAK;sokak;660187
HAKKARİ;ŞEMDİNLİ;BEŞEVLER;NERGİS SOKAK;sokak;944400
HAKKARİ;ŞEMDİNLİ;BEŞEVLER;OSMAN ÇİFTÇİ SOKAK;sokak;647648
HAKKARİ;ŞEMDİNLİ;BEŞEVLER;REŞAT KAYA CADDE;cadde;658649
HAKKARİ;ŞEMDİNLİ;BEŞEVLER;SABRİ FIRAT SOKAK;sokak;797227731
HAKKARİ;ŞEMDİNLİ;BEŞEVLER;SELİM BAY SOKAK;sokak;652534
HAKKARİ;ŞEMDİNLİ;BEŞEVLER;SELİM GEZER SOKAK;sokak;184951501
HAKKARİ;ŞEMDİNLİ;BEŞEVLER;SEYIT ABDULLAH CADDE;cadde;647649
HAKKARİ;ŞEMDİNLİ;BEYYURDU NA;KÖYÜN KENDISI KÜME EVLER;sokak;565719
HAKKARİ;ŞEMDİNLİ;BOĞAZKÖY - AŞAĞI KAYACIK;ASAGI KAYACIK KÜME EVLER;sokak;622899
HAKKARİ;ŞEMDİNLİ;BOĞAZKÖY - ÇEM;ÇEM KÜME EVLER;sokak;624617
HAKKARİ;ŞEMDİNLİ;BOĞAZKÖY - YUKARI KAYACIK;YUKARI KAYACIK KÜME EVLER;sokak;619768
HAKKARİ;ŞEMDİNLİ;BOZYAMAÇ - DERAVİ;DERAVI KÜME EVLER;sokak;619333
HAKKARİ;ŞEMDİNLİ;BOZYAMAÇ NA;KÖYÜN KENDİSİ KÜME EVLER;sokak;320720
HAKKARİ;ŞEMDİNLİ;ÇALIŞKANLAR - ÇALIŞKANLAR;ÇALISKANLAR KÜME EVLER;sokak;660221
HAKKARİ;ŞEMDİNLİ;ÇALIŞKANLAR - HAZNE;HAZNE KÜME EVLER;sokak;661081
HAKKARİ;ŞEMDİNLİ;ÇALIŞKANLAR - KEPENEK;KEPENEK KÜME EVLER;sokak;665571
HAKKARİ;ŞEMDİNLİ;ÇALIŞKANLAR - KOÇBAŞI;KOCBASI KÜME EVLER;sokak;162502
HAKKARİ;ŞEMDİNLİ;ÇALIŞKANLAR - SAMANLI;SAMANLI KÜME EVLER;sokak;658335
HAKKARİ;ŞEMDİNLİ;ÇALIŞKANLAR - ÜÇGÖZE;ÜÇGÖZE KÜME EVLER;sokak;659516
HAKKARİ;ŞEMDİNLİ;ÇALIŞKANLAR - VELİKÖY;VELIKÖY KÜME EVLER;sokak;22386
HAKKARİ;ŞEMDİNLİ;ÇALIŞKANLAR - YEŞİLÖZ;YESIL OZ KÜME EVLER;sokak;657055
HAKKARİ;ŞEMDİNLİ;ÇATALCA - ERDEMLİ;ERDEMLİ KÜME EVLER;sokak;622085
HAKKARİ;ŞEMDİNLİ;ÇATALCA - GÜVENLİ;GÜVENLI KÜME EVLER;sokak;611207
HAKKARİ;ŞEMDİNLİ;ÇATALCA - SOĞUKSU;SOGUKSU KÜME EVLER;sokak;616899
HAKKARİ;ŞEMDİNLİ;ÇATALCA NA;KÖYÜN KENDISI KÜME EVLER;sokak;616497
HAKKARİ;ŞEMDİNLİ;ÇUBUKLU - DİNARTE;DINARTE KÜME EVLER;sokak;22908
HAKKARİ;ŞEMDİNLİ;ÇUBUKLU - KOLİTA;KOLITA KÜME EVLER;sokak;321772
HAKKARİ;ŞEMDİNLİ;ÇUBUKLU NA;ASAGI KAYACIK KÜME EVLER;sokak;516748281
HAKKARİ;ŞEMDİNLİ;ÇUBUKLU NA;KÖYÜN KENDİSİ KÜME EVLER;sokak;621540
HAKKARİ;ŞEMDİNLİ;ÇUBUKLU NA;YAYLA PINARI KÜME EVLER;sokak;885009050
HAKKARİ;ŞEMDİNLİ;GÜNYAZI - OLGUNLAR;KÖYÜN KENDISI KÜME EVLER;sokak;438523750
HAKKARİ;ŞEMDİNLİ;GÜNYAZI - OLGUNLAR;OLGUNLAR KÜME EVLER;sokak;665110
HAKKARİ;ŞEMDİNLİ;GÜNYAZI - YENİCELİ;YENICELI KÜME EVLER;sokak;91445
HAKKARİ;ŞEMDİNLİ;GÜNYAZI - YİĞİTLER;YIGITLER KÜME EVLER;sokak;666097
HAKKARİ;ŞEMDİNLİ;GÜNYAZI NA;KÖYÜN KENDISI KÜME EVLER;sokak;666643
HAKKARİ;ŞEMDİNLİ;KARŞIYAKA;503 SOKAK;sokak;662041
HAKKARİ;ŞEMDİNLİ;KARŞIYAKA;505 SOKAK;sokak;665145
HAKKARİ;ŞEMDİNLİ;KARŞIYAKA;506 SOKAK;sokak;21460001
HAKKARİ;ŞEMDİNLİ;KARŞIYAKA;508 SOKAK;sokak;309754520
HAKKARİ;ŞEMDİNLİ;KARŞIYAKA;509 SOKAK;sokak;662045
HAKKARİ;ŞEMDİNLİ;KARŞIYAKA;512 SOKAK;sokak;178856900
HAKKARİ;ŞEMDİNLİ;KARŞIYAKA;BAL SOKAK;sokak;662133
HAKKARİ;ŞEMDİNLİ;KARŞIYAKA;BAY DERESI CADDE;cadde;584754270
HAKKARİ;ŞEMDİNLİ;KARŞIYAKA;CUMHURIYET CADDE;cadde;666387
HAKKARİ;ŞEMDİNLİ;KARŞIYAKA;ÇEVRE CADDE;cadde;660766
HAKKARİ;ŞEMDİNLİ;KARŞIYAKA;DERECIK YOLU SOKAK;sokak;1007262
HAKKARİ;ŞEMDİNLİ;KARŞIYAKA;EFKAR SOKAK;sokak;545457511
HAKKARİ;ŞEMDİNLİ;KARŞIYAKA;FERZENDE UYSAL CADDE;cadde;46583191
HAKKARİ;ŞEMDİNLİ;KARŞIYAKA;HACI MAHMUT ÖZEL SOKAK;sokak;997369
HAKKARİ;ŞEMDİNLİ;KARŞIYAKA;MEDYA SOKAK;sokak;776944871
HAKKARİ;ŞEMDİNLİ;KARŞIYAKA;NEBİ GEZERER SOKAK;sokak;660765
HAKKARİ;ŞEMDİNLİ;KARŞIYAKA;SABAHATTIN ARICI SOKAK;sokak;190930611
HAKKARİ;ŞEMDİNLİ;KARŞIYAKA;SAMET ÖKTEM SOKAK;sokak;665143
HAKKARİ;ŞEMDİNLİ;KARŞIYAKA;SEYİTHAN ŞEN SOKAK;sokak;666715
HAKKARİ;ŞEMDİNLİ;KARŞIYAKA;ŞAHAP GÜNDOĞAN SOKAK;sokak;486969000
HAKKARİ;ŞEMDİNLİ;KARŞIYAKA;ŞEYH KEKİS SOKAK;sokak;663001
HAKKARİ;ŞEMDİNLİ;KARŞIYAKA;TATARHAN GÜNDOĞAN SOKAK;sokak;665148
HAKKARİ;ŞEMDİNLİ;KAYALAR - ERİKLİ;ERIKLI KÜME EVLER;sokak;145006
HAKKARİ;ŞEMDİNLİ;KAYALAR - HUSROVA;HUSROVA KÜME EVLER;sokak;628057
HAKKARİ;ŞEMDİNLİ;KAYALAR - KULE;KULE KÜME EVLER;sokak;626062
HAKKARİ;ŞEMDİNLİ;KAYALAR - MAĞARAÖNÜ;MAGARAÖNÜ KÜME EVLER;sokak;90472
HAKKARİ;ŞEMDİNLİ;KAYALAR - SARICA;SARICA KÜME EVLER;sokak;628742
HAKKARİ;ŞEMDİNLİ;KAYALAR - SEÇKİN;SEÇKIN KÜME EVLER;sokak;626810
HAKKARİ;ŞEMDİNLİ;KAYALAR - YUKARI KAYALAR;YUKARI KAYALAR KÜME EVLER;sokak;630956
HAKKARİ;ŞEMDİNLİ;KAYALAR NA;KÖYÜN KENDISI KÜME EVLER;sokak;180669
HAKKARİ;ŞEMDİNLİ;KONUR - AKTÜTÜN;AKTÜTÜN KÜME EVLER;sokak;605474
HAKKARİ;ŞEMDİNLİ;KONUR - DEREYANI;DEREYANI KÜME EVLER;sokak;606713
HAKKARİ;ŞEMDİNLİ;KONUR NA;KÖYÜN KENDISI KÜME EVLER;sokak;619360
HAKKARİ;ŞEMDİNLİ;KORGAN - AKBAL;AKBAL KÜME EVLER;sokak;627908
HAKKARİ;ŞEMDİNLİ;KORGAN - AKKAVAK;AKKAVAK KÜME EVLER;sokak;638945
HAKKARİ;ŞEMDİNLİ;KORGAN - ALKAVA;ALKAVA KÜME EVLER;sokak;631336
HAKKARİ;ŞEMDİNLİ;KORGAN - AŞAĞI KORGAN;AŞAĞI KORGAN KÜME EVLER;sokak;637841
HAKKARİ;ŞEMDİNLİ;KORGAN - BALOVA;BALOVA KÜME EVLER;sokak;637344
HAKKARİ;ŞEMDİNLİ;KORGAN - ÇEVRE;ÇEVRE KÜME EVLER;sokak;635071
HAKKARİ;ŞEMDİNLİ;KORGAN - DURAK;DURAK KÜME EVLER;sokak;632134
HAKKARİ;ŞEMDİNLİ;KORGAN - GÜZELKONAK;GÜZELKONAK KÜME EVLER;sokak;639032
HAKKARİ;ŞEMDİNLİ;KORGAN - TATLICA;TATLICA KÜME EVLER;sokak;633256
HAKKARİ;ŞEMDİNLİ;KORGAN - ÜZÜMKIRAN KAMPI;ÜZÜMKIRAN KÜME EVLER;sokak;633337
HAKKARİ;ŞEMDİNLİ;KORGAN - YUKARI KORGAN;YUKARI KORGAN KÜME EVLER;sokak;637834
HAKKARİ;ŞEMDİNLİ;KORGAN NA;KÖYÜN KENDİSİ KÜME EVLER;sokak;634089
HAKKARİ;ŞEMDİNLİ;NAVŞAR;404 SOKAK;sokak;205509501
HAKKARİ;ŞEMDİNLİ;NAVŞAR;406 SOKAK;sokak;679243
HAKKARİ;ŞEMDİNLİ;NAVŞAR;407 SOKAK;sokak;323882411
HAKKARİ;ŞEMDİNLİ;NAVŞAR;408 SOKAK;sokak;679147
HAKKARİ;ŞEMDİNLİ;NAVŞAR;409 SOKAK;sokak;674845
HAKKARİ;ŞEMDİNLİ;NAVŞAR;413 SOKAK;sokak;271983
HAKKARİ;ŞEMDİNLİ;NAVŞAR;415 SOKAK;sokak;679758
HAKKARİ;ŞEMDİNLİ;NAVŞAR;417 SOKAK;sokak;1050426
HAKKARİ;ŞEMDİNLİ;NAVŞAR;420 SOKAK;sokak;758646371
HAKKARİ;ŞEMDİNLİ;NAVŞAR;423 SOKAK;sokak;882391
HAKKARİ;ŞEMDİNLİ;NAVŞAR;ABDULLAH EKICI SOKAK;sokak;50151919
HAKKARİ;ŞEMDİNLİ;NAVŞAR;ALI ER SOKAK;sokak;925240
HAKKARİ;ŞEMDİNLİ;NAVŞAR;ASKERI ALAN KÜME EVLER;sokak;952414
HAKKARİ;ŞEMDİNLİ;NAVŞAR;BAY DERESI CADDE;cadde;380852051
HAKKARİ;ŞEMDİNLİ;NAVŞAR;CUMHURIYET CADDE;cadde;679256
HAKKARİ;ŞEMDİNLİ;NAVŞAR;CUMHURIYET1 CADDE;cadde;852951111
HAKKARİ;ŞEMDİNLİ;NAVŞAR;ÇEVRE CADDE;cadde;677132
HAKKARİ;ŞEMDİNLİ;NAVŞAR;DERECIK YOLU SOKAK;sokak;767817560
HAKKARİ;ŞEMDİNLİ;NAVŞAR;FERZENDE UYSAL CADDE;cadde;678869
HAKKARİ;ŞEMDİNLİ;NAVŞAR;KOCAELI CADDE;cadde;679765
HAKKARİ;ŞEMDİNLİ;NAVŞAR;NECATI YURDAKUL SOKAK;sokak;192377831
HAKKARİ;ŞEMDİNLİ;NAVŞAR;NIMET ÖZ CADDE;cadde;100169
HAKKARİ;ŞEMDİNLİ;NAVŞAR;REMZI SAKIN SOKAK;sokak;692573681
HAKKARİ;ŞEMDİNLİ;NAVŞAR;RONAHI SOKAK;sokak;679759
HAKKARİ;ŞEMDİNLİ;NAVŞAR;SAIT ÇIFTÇI SOKAK;sokak;1001821
HAKKARİ;ŞEMDİNLİ;NAVŞAR;SELAHATTIN ÇIFTÇI CADDE;cadde;683605
HAKKARİ;ŞEMDİNLİ;NAVŞAR;SEYFETTİN ÖKTEN SOKAK;sokak;271981
HAKKARİ;ŞEMDİNLİ;NAVŞAR;SEYIT TAHA CADDE;cadde;95936431
HAKKARİ;ŞEMDİNLİ;NAVŞAR;TRABZON CADDE;cadde;677140
HAKKARİ;ŞEMDİNLİ;ÖVEÇ - HARMANLI;HARMANLI KÜME EVLER;sokak;89210
HAKKARİ;ŞEMDİNLİ;ÖVEÇ - KARAAĞAÇ;DEREBOYU KÜME EVLER;sokak;178441500
HAKKARİ;ŞEMDİNLİ;ÖVEÇ - KARAAĞAÇ;KARAAĞAC KÜME EVLER;sokak;569520
HAKKARİ;ŞEMDİNLİ;ÖVEÇ NA;KÖYÜN KENDİSİ KÜME EVLER;sokak;52717
HAKKARİ;ŞEMDİNLİ;TEKELİ - BALIKLI;BALIKLI KÜME EVLER;sokak;658344
HAKKARİ;ŞEMDİNLİ;TEKELİ - OĞLAKLI;OĞLAKLI KÜME EVLER;sokak;661016
HAKKARİ;ŞEMDİNLİ;TEKELİ - TANYOLU;TANYOLU KÜME EVLER;sokak;673228
HAKKARİ;ŞEMDİNLİ;TEKELİ - ÜSTÜNAĞAÇ;ÜSTÜNAGAÇ KÜME EVLER;sokak;653403
HAKKARİ;ŞEMDİNLİ;TEKELİ NA;TEKELİ KÜME EVLER;sokak;658355
HAKKARİ;ŞEMDİNLİ;TÜTÜNLÜ - GÜLEÇ;GÜLEÇ KÜME EVLER;sokak;624349
HAKKARİ;ŞEMDİNLİ;TÜTÜNLÜ NA;KÖYÜN KEDİSİ KÜME EVLER;sokak;626798
HAKKARİ;ŞEMDİNLİ;UĞURAÇAN - YEŞİLBAYIR;YESILBAYIR KÜME EVLER;sokak;586844
HAKKARİ;ŞEMDİNLİ;UĞURAÇAN NA;KÖYÜN KENDISI KÜME EVLER;sokak;587655
HAKKARİ;ŞEMDİNLİ;YAYLA;BAL KÜME KÜME EVLER;sokak;652327
HAKKARİ;ŞEMDİNLİ;YAYLAPINAR NA;YAYLA PINARI KÜME EVLER;sokak;606328
HAKKARİ;ŞEMDİNLİ;YENİ;308 SOKAK;sokak;674602
HAKKARİ;ŞEMDİNLİ;YENİ;310 SOKAK;sokak;677393
HAKKARİ;ŞEMDİNLİ;YENİ;314 SOKAK;sokak;677145
HAKKARİ;ŞEMDİNLİ;YENİ;315 SOKAK;sokak;833556
HAKKARİ;ŞEMDİNLİ;YENİ;320 SOKAK;sokak;678297
HAKKARİ;ŞEMDİNLİ;YENİ;BAĞ SOKAK;sokak;974519
HAKKARİ;ŞEMDİNLİ;YENİ;BAHRI YILMAZ CADDE;cadde;464159
HAKKARİ;ŞEMDİNLİ;YENİ;CUMHURIYET CADDE;cadde;677146
HAKKARİ;ŞEMDİNLİ;YENİ;CUMHURIYET1 CADDE;cadde;852951110
HAKKARİ;ŞEMDİNLİ;YENİ;EKREM BAŞ SOKAK;sokak;676707
HAKKARİ;ŞEMDİNLİ;YENİ;ERSIN KAYA SOKAK;sokak;677391
HAKKARİ;ŞEMDİNLİ;YENİ;MENDERES ÖZER SOKAK;sokak;677946
HAKKARİ;ŞEMDİNLİ;YENİ;SELAHADDIN EYYÜBI CADDE;cadde;464220
HAKKARİ;ŞEMDİNLİ;YENİ;SEYIT ABDULLAH CADDE;cadde;337210
HAKKARİ;ŞEMDİNLİ;YENİ;ÜZÜM SOKAK;sokak;594046650
HAKKARİ;ŞEMDİNLİ;YUFKALI - AŞAĞI TUĞLU;ASAGI TUGLU KÜME EVLER;sokak;629851
HAKKARİ;ŞEMDİNLİ;YUFKALI - BİNAHERE;BINAHERE KÜME EVLER;sokak;632970
HAKKARİ;ŞEMDİNLİ;YUFKALI - ELMALI;ELMALI KÜME EVLER;sokak;634777
HAKKARİ;ŞEMDİNLİ;YUFKALI - KULA;KULA KÜME EVLER;sokak;639027
HAKKARİ;ŞEMDİNLİ;YUFKALI - TUĞLU;TUGLU KÜME EVLER;sokak;631480
HAKKARİ;ŞEMDİNLİ;YUFKALI NA;KÖYÜN KENDİSİ KÜME EVLER;sokak;635620
HAKKARİ;YÜKSEKOVA;ADAKLI NA;ADAKLI KÜME EVLER;sokak;104885
HAKKARİ;YÜKSEKOVA;AKALIN;AKALIN KÜME EVLER;sokak;368818
HAKKARİ;YÜKSEKOVA;AKALIN;ÇEVRE YOLU CADDE;cadde;379945971
HAKKARİ;YÜKSEKOVA;AKALIN;İNANLI KÜME EVLER;sokak;448006210
HAKKARİ;YÜKSEKOVA;AKALIN;KÖYÜN KENDISI KÜME EVLER;sokak;694057101
HAKKARİ;YÜKSEKOVA;AKALIN;SAĞLIK SOKAK;sokak;894779
HAKKARİ;YÜKSEKOVA;AKÇALI NA;AKÇALI KÜME EVLER;sokak;574298
HAKKARİ;YÜKSEKOVA;AKOCAK - A.OLUKBAŞI;A.OLUKBASI KÜME EVLER;sokak;692067
HAKKARİ;YÜKSEKOVA;AKOCAK - KÖŞK;KÖSK KÜME EVLER;sokak;242706
HAKKARİ;YÜKSEKOVA;AKOCAK - SÜLÜK;SÜLÜK KÜME EVLER;sokak;339567
HAKKARİ;YÜKSEKOVA;AKOCAK NA;KÖYÜN KENDISI KÜME EVLER;sokak;687176
HAKKARİ;YÜKSEKOVA;AKPINAR - ALTINBAŞAK;ALTINBASAK KÜME EVLER;sokak;199965
HAKKARİ;YÜKSEKOVA;AKPINAR - BEŞEVLER;BESEVLER KÜME EVLER;sokak;552480
HAKKARİ;YÜKSEKOVA;AKPINAR - DEREİÇİ (BİRDİK);DEREICI KÜME EVLER;sokak;841998
HAKKARİ;YÜKSEKOVA;AKPINAR - DURANLAR;DURANLAR KÜME EVLER;sokak;689203
HAKKARİ;YÜKSEKOVA;AKPINAR - OVAİÇİ;OVAIÇI KÜME EVLER;sokak;312773
HAKKARİ;YÜKSEKOVA;AKPINAR NA;KÖYÜN KENDISI KÜME EVLER;sokak;549789
HAKKARİ;YÜKSEKOVA;AKSU;KÖYÜN KENDISI KÜME EVLER;sokak;93736
HAKKARİ;YÜKSEKOVA;ALTINOLUK;ALTINOLUK KÜME EVLER;sokak;171291
HAKKARİ;YÜKSEKOVA;ARMUTDÜZÜ - AKTOPRAK;AKTOPRAK KÜME EVLER;sokak;389532
HAKKARİ;YÜKSEKOVA;ARMUTDÜZÜ - AKTOPRAK;YUVALI KÜME EVLER;sokak;586762711
HAKKARİ;YÜKSEKOVA;ARMUTDÜZÜ - ARPALI;ARPALI KÜME EVLER;sokak;171573
HAKKARİ;YÜKSEKOVA;ARMUTDÜZÜ - DAMLACIK;DAMLACIK KÜME EVLER;sokak;661078
HAKKARİ;YÜKSEKOVA;ARMUTDÜZÜ - KORNAK;TEPEBAŞI KÜME EVLER;sokak;216031
HAKKARİ;YÜKSEKOVA;ARMUTDÜZÜ - ŞAHİNCE;SAHINCE 1 KÜME EVLER;sokak;260359
HAKKARİ;YÜKSEKOVA;ARMUTDÜZÜ - TEPEBAŞI;TEPEBASI KÜME EVLER;sokak;161837
HAKKARİ;YÜKSEKOVA;ARMUTDÜZÜ - YUVALI;YUVALI KÜME EVLER;sokak;254773
HAKKARİ;YÜKSEKOVA;ARMUTDÜZÜ NA;KÖYÜN KENDISI KÜME EVLER;sokak;160292
HAKKARİ;YÜKSEKOVA;AŞAĞIULUYOL - Y.ULUYOL;Y.ULUYOL KÜME EVLER;sokak;623975
HAKKARİ;YÜKSEKOVA;AŞAĞIULUYOL - YENİKÖY;YENİKÖY KÜME EVLER;sokak;629264
HAKKARİ;YÜKSEKOVA;AŞAĞIULUYOL NA;KÖYÜN KENDISI KÜME EVLER;sokak;280108
HAKKARİ;YÜKSEKOVA;BAĞDAŞ - ERİCİK;ERICIK KÜME EVLER;sokak;716290
HAKKARİ;YÜKSEKOVA;BAĞDAŞ - GEDİKLİ;GEDIKLİ KÜME EVLER;sokak;605851
HAKKARİ;YÜKSEKOVA;BAĞDAŞ - KAYAKONAK;KAYAKONAK KÜME EVLER;sokak;81164
HAKKARİ;YÜKSEKOVA;BAĞDAŞ - TATLICAK;TATLICAK KÜME EVLER;sokak;753734
HAKKARİ;YÜKSEKOVA;BAĞDAŞ NA;KÖYÜN KENDISI KÜME EVLER;sokak;630924
HAKKARİ;YÜKSEKOVA;BATAKLIK NA;BATAKLIK KÜME EVLER;sokak;583174
HAKKARİ;YÜKSEKOVA;BATAKLIK NA;GÜRDERE KÜME EVLER;sokak;219760970
HAKKARİ;YÜKSEKOVA;BEŞATLI - ÇAKIRKAYA;ÇAKIRKAYA KÜME EVLER;sokak;700692
HAKKARİ;YÜKSEKOVA;BEŞATLI - ÇAKMAK;ÇAKMAK KÜME EVLER;sokak;699053
HAKKARİ;YÜKSEKOVA;BEŞATLI NA;BEŞATLI KÜME EVLER;sokak;396430
HAKKARİ;YÜKSEKOVA;BEŞBULAK;KÖYÜN KENDISI KÜME EVLER;sokak;916856281
HAKKARİ;YÜKSEKOVA;BEŞBULAK;KÖYÜN KENDİSİ KÜME EVLER;sokak;633971
HAKKARİ;YÜKSEKOVA;BEŞPINAR - KÖYÜN KENDİSİ;BEŞPINAR KÜME EVLER;sokak;122151
HAKKARİ;YÜKSEKOVA;BEŞPINAR - KÖYÜN KENDİSİ;KARABAĞ KÜME EVLER;sokak;699534
HAKKARİ;YÜKSEKOVA;BEŞPINAR - KÖYÜN KENDİSİ;KILIMLI KÜME EVLER;sokak;697707
HAKKARİ;YÜKSEKOVA;BOSTANCIK NA;BOSTANCIK KÜME EVLER;sokak;654713
HAKKARİ;YÜKSEKOVA;BOSTANCIK NA;CEVİZLİK KÜME EVLER;sokak;515159550
HAKKARİ;YÜKSEKOVA;BÖLÜK;ÇATALKAYA KÜME EVLER;sokak;388359
HAKKARİ;YÜKSEKOVA;BÖLÜK;DILIMLI KÜME EVLER;sokak;703945
HAKKARİ;YÜKSEKOVA;BÖLÜK;KÖYÜN KENDISI KÜME EVLER;sokak;447747
HAKKARİ;YÜKSEKOVA;BULAKLI NA;BULAKLI KÜME EVLER;sokak;684147
HAKKARİ;YÜKSEKOVA;BÜYÜKÇİFTLİK - KEREM ZEYDAN;ZEYDAN KÜME EVLER;sokak;672023
HAKKARİ;YÜKSEKOVA;BÜYÜKÇİFTLİK - MERKEZ;1 SOKAK;sokak;691921
HAKKARİ;YÜKSEKOVA;BÜYÜKÇİFTLİK - MERKEZ;AKASYA CADDE;cadde;239630
HAKKARİ;YÜKSEKOVA;BÜYÜKÇİFTLİK - MERKEZ;CUMHURIYET CADDE;cadde;361050
HAKKARİ;YÜKSEKOVA;BÜYÜKÇİFTLİK - MERKEZ;CUMHURIYET1 SOKAK;sokak;777243001
HAKKARİ;YÜKSEKOVA;BÜYÜKÇİFTLİK - MERKEZ;DERE CADDE;cadde;239634
HAKKARİ;YÜKSEKOVA;BÜYÜKÇİFTLİK - MERKEZ;GAZI CADDE;cadde;239632
HAKKARİ;YÜKSEKOVA;BÜYÜKÇİFTLİK - MERKEZ;GAZI1 SOKAK;sokak;588660621
HAKKARİ;YÜKSEKOVA;BÜYÜKÇİFTLİK - MERKEZ;MERKEZ_1 CADDE;cadde;380275041
HAKKARİ;YÜKSEKOVA;BÜYÜKÇİFTLİK - MERKEZ;MEZRA KÜME EVLER;sokak;239635
HAKKARİ;YÜKSEKOVA;BÜYÜKÇİFTLİK - MERKEZ;ULUS CADDE;cadde;239631
HAKKARİ;YÜKSEKOVA;BÜYÜKÇİFTLİK - MERKEZ;VATAN CADDE;cadde;681192
HAKKARİ;YÜKSEKOVA;BÜYÜKÇİFTLİK - MERKEZ;VATAN1 SOKAK;sokak;240095160
HAKKARİ;YÜKSEKOVA;BÜYÜKÇİFTLİK - MERKEZ;YAYLA1 SOKAK;sokak;427485581
HAKKARİ;YÜKSEKOVA;BÜYÜKÇİFTLİK - MERKEZ;YAYLA2 SOKAK;sokak;224232140
HAKKARİ;YÜKSEKOVA;BÜYÜKÇİFTLİK - MERKEZ;YAYLA3 SOKAK;sokak;146394881
HAKKARİ;YÜKSEKOVA;BÜYÜKÇİFTLİK - MERKEZ;YAYLA4 SOKAK;sokak;490162310
HAKKARİ;YÜKSEKOVA;BÜYÜKÇİFTLİK - MERKEZ;YAYLA8 CADDE;cadde;321250
HAKKARİ;YÜKSEKOVA;BÜYÜKÇİFTLİK - MERKEZ;YESILOVA KÜME EVLER;sokak;188552620
HAKKARİ;YÜKSEKOVA;BÜYÜKÇİFTLİK - MERKEZ;ZEYDAN KÜME EVLER;sokak;377467990
HAKKARİ;YÜKSEKOVA;BÜYÜKÇİFTLİK - YEŞİLOVA;BİLİNMEYEN YOL SOKAK;sokak;896616980
HAKKARİ;YÜKSEKOVA;BÜYÜKÇİFTLİK - YEŞİLOVA;KAMP KÜME EVLER;sokak;99357
HAKKARİ;YÜKSEKOVA;BÜYÜKÇİFTLİK - YEŞİLOVA;KANDILLI KÜME EVLER;sokak;385938
HAKKARİ;YÜKSEKOVA;BÜYÜKÇİFTLİK - YEŞİLOVA;YAYLA KÜME EVLER;sokak;104862
HAKKARİ;YÜKSEKOVA;BÜYÜKÇİFTLİK - YEŞİLOVA;YESILOVA KÜME EVLER;sokak;115429
HAKKARİ;YÜKSEKOVA;BÜYÜKÇİFTLİK - YEŞİLOVA;ZEYNEP KÜME EVLER;sokak;272791
HAKKARİ;YÜKSEKOVA;CUMHURİYET;702 SOKAK;sokak;628816
HAKKARİ;YÜKSEKOVA;CUMHURİYET;703 SOKAK;sokak;631544
HAKKARİ;YÜKSEKOVA;CUMHURİYET;704 SOKAK;sokak;626007
HAKKARİ;YÜKSEKOVA;CUMHURİYET;705 SOKAK;sokak;637282
HAKKARİ;YÜKSEKOVA;CUMHURİYET;706 SOKAK;sokak;633480
HAKKARİ;YÜKSEKOVA;CUMHURİYET;707 SOKAK;sokak;636117
HAKKARİ;YÜKSEKOVA;CUMHURİYET;708 SOKAK;sokak;639474
HAKKARİ;YÜKSEKOVA;CUMHURİYET;709 SOKAK;sokak;388343
HAKKARİ;YÜKSEKOVA;CUMHURİYET;710 SOKAK;sokak;389647
HAKKARİ;YÜKSEKOVA;CUMHURİYET;711 SOKAK;sokak;630437
HAKKARİ;YÜKSEKOVA;CUMHURİYET;712 SOKAK;sokak;88922
HAKKARİ;YÜKSEKOVA;CUMHURİYET;713 SOKAK;sokak;633863
HAKKARİ;YÜKSEKOVA;CUMHURİYET;714 SOKAK;sokak;635391
HAKKARİ;YÜKSEKOVA;CUMHURİYET;715 SOKAK;sokak;635392
HAKKARİ;YÜKSEKOVA;CUMHURİYET;716 SOKAK;sokak;635394
HAKKARİ;YÜKSEKOVA;CUMHURİYET;717 SOKAK;sokak;637318
HAKKARİ;YÜKSEKOVA;CUMHURİYET;718 SOKAK;sokak;638592
HAKKARİ;YÜKSEKOVA;CUMHURİYET;719 SOKAK;sokak;638594
HAKKARİ;YÜKSEKOVA;CUMHURİYET;720 SOKAK;sokak;639067
HAKKARİ;YÜKSEKOVA;CUMHURİYET;721 SOKAK;sokak;341577
HAKKARİ;YÜKSEKOVA;CUMHURİYET;722 SOKAK;sokak;85022
HAKKARİ;YÜKSEKOVA;CUMHURİYET;723 SOKAK;sokak;637599
HAKKARİ;YÜKSEKOVA;CUMHURİYET;724 SOKAK;sokak;341578
HAKKARİ;YÜKSEKOVA;CUMHURİYET;725 SOKAK;sokak;341580
HAKKARİ;YÜKSEKOVA;CUMHURİYET;726 SOKAK;sokak;638547
HAKKARİ;YÜKSEKOVA;CUMHURİYET;727 SOKAK;sokak;844831
HAKKARİ;YÜKSEKOVA;CUMHURİYET;728 SOKAK;sokak;341584
HAKKARİ;YÜKSEKOVA;CUMHURİYET;729 SOKAK;sokak;636515
HAKKARİ;YÜKSEKOVA;CUMHURİYET;730 SOKAK;sokak;459405
HAKKARİ;YÜKSEKOVA;CUMHURİYET;731 SOKAK;sokak;638134
HAKKARİ;YÜKSEKOVA;CUMHURİYET;732 SOKAK;sokak;918978
HAKKARİ;YÜKSEKOVA;CUMHURİYET;733 SOKAK;sokak;628327
HAKKARİ;YÜKSEKOVA;CUMHURİYET;734 SOKAK;sokak;898550
HAKKARİ;YÜKSEKOVA;CUMHURİYET;735 SOKAK;sokak;911969230
HAKKARİ;YÜKSEKOVA;CUMHURİYET;736 SOKAK;sokak;1050290
HAKKARİ;YÜKSEKOVA;CUMHURİYET;737 SOKAK;sokak;634616
HAKKARİ;YÜKSEKOVA;CUMHURİYET;738 SOKAK;sokak;894204
HAKKARİ;YÜKSEKOVA;CUMHURİYET;739 SOKAK;sokak;1130802
HAKKARİ;YÜKSEKOVA;CUMHURİYET;740 SOKAK;sokak;635846
HAKKARİ;YÜKSEKOVA;CUMHURİYET;741 SOKAK;sokak;633013
HAKKARİ;YÜKSEKOVA;CUMHURİYET;742 SOKAK;sokak;740753341
HAKKARİ;YÜKSEKOVA;CUMHURİYET;742- SOKAK;sokak;992075
HAKKARİ;YÜKSEKOVA;CUMHURİYET;743 SOKAK;sokak;634618
HAKKARİ;YÜKSEKOVA;CUMHURİYET;744 SOKAK;sokak;1096370
HAKKARİ;YÜKSEKOVA;CUMHURİYET;745 SOKAK;sokak;866005
HAKKARİ;YÜKSEKOVA;CUMHURİYET;746 SOKAK;sokak;1131550
HAKKARİ;YÜKSEKOVA;CUMHURİYET;747 SOKAK;sokak;1132429
HAKKARİ;YÜKSEKOVA;CUMHURİYET;748 SOKAK;sokak;1134364
HAKKARİ;YÜKSEKOVA;CUMHURİYET;749 SOKAK;sokak;222362931
HAKKARİ;YÜKSEKOVA;CUMHURİYET;749- SOKAK;sokak;1135415
HAKKARİ;YÜKSEKOVA;CUMHURİYET;750 SOKAK;sokak;1138159
HAKKARİ;YÜKSEKOVA;CUMHURİYET;751 SOKAK;sokak;1140812
HAKKARİ;YÜKSEKOVA;CUMHURİYET;752 SOKAK;sokak;1294469
HAKKARİ;YÜKSEKOVA;CUMHURİYET;753 SOKAK;sokak;655865470
HAKKARİ;YÜKSEKOVA;CUMHURİYET;754 SOKAK;sokak;878950411
HAKKARİ;YÜKSEKOVA;CUMHURİYET;755 SOKAK;sokak;561334730
HAKKARİ;YÜKSEKOVA;CUMHURİYET;756 SOKAK;sokak;431294020
HAKKARİ;YÜKSEKOVA;CUMHURİYET;757 SOKAK;sokak;906373311
HAKKARİ;YÜKSEKOVA;CUMHURİYET;758 SOKAK;sokak;811288030
HAKKARİ;YÜKSEKOVA;CUMHURİYET;760 SOKAK;sokak;546170551
HAKKARİ;YÜKSEKOVA;CUMHURİYET;761 SOKAK;sokak;311637771
HAKKARİ;YÜKSEKOVA;CUMHURİYET;762 SOKAK;sokak;727016260
HAKKARİ;YÜKSEKOVA;CUMHURİYET;763 SOKAK;sokak;411990351
HAKKARİ;YÜKSEKOVA;CUMHURİYET;764 SOKAK;sokak;732525041
HAKKARİ;YÜKSEKOVA;CUMHURİYET;765 SOKAK;sokak;425757531
HAKKARİ;YÜKSEKOVA;CUMHURİYET;766 SOKAK;sokak;711162481
HAKKARİ;YÜKSEKOVA;CUMHURİYET;767 SOKAK;sokak;610836140
HAKKARİ;YÜKSEKOVA;CUMHURİYET;768 SOKAK;sokak;700948670
HAKKARİ;YÜKSEKOVA;CUMHURİYET;769 SOKAK;sokak;585541630
HAKKARİ;YÜKSEKOVA;CUMHURİYET;770 SOKAK;sokak;745948540
HAKKARİ;YÜKSEKOVA;CUMHURİYET;771 SOKAK;sokak;682731681
HAKKARİ;YÜKSEKOVA;CUMHURİYET;772 SOKAK;sokak;362931160
HAKKARİ;YÜKSEKOVA;CUMHURİYET;773 SOKAK;sokak;925421900
HAKKARİ;YÜKSEKOVA;CUMHURİYET;774 SOKAK;sokak;534932431
HAKKARİ;YÜKSEKOVA;CUMHURİYET;775 SOKAK;sokak;421353010
HAKKARİ;YÜKSEKOVA;CUMHURİYET;776 SOKAK;sokak;260229621
HAKKARİ;YÜKSEKOVA;CUMHURİYET;801 SOKAK;sokak;692536
HAKKARİ;YÜKSEKOVA;CUMHURİYET;802 SOKAK;sokak;694157
HAKKARİ;YÜKSEKOVA;CUMHURİYET;803 SOKAK;sokak;694158
HAKKARİ;YÜKSEKOVA;CUMHURİYET;804 SOKAK;sokak;699764
HAKKARİ;YÜKSEKOVA;CUMHURİYET;805 SOKAK;sokak;692537
HAKKARİ;YÜKSEKOVA;CUMHURİYET;806 SOKAK;sokak;694159
HAKKARİ;YÜKSEKOVA;CUMHURİYET;807 SOKAK;sokak;694160
HAKKARİ;YÜKSEKOVA;CUMHURİYET;808 SOKAK;sokak;694161
HAKKARİ;YÜKSEKOVA;CUMHURİYET;809 SOKAK;sokak;699765
HAKKARİ;YÜKSEKOVA;CUMHURİYET;810 SOKAK;sokak;692538
HAKKARİ;YÜKSEKOVA;CUMHURİYET;811 SOKAK;sokak;699766
HAKKARİ;YÜKSEKOVA;CUMHURİYET;812 SOKAK;sokak;694162
HAKKARİ;YÜKSEKOVA;CUMHURİYET;813 SOKAK;sokak;694163
HAKKARİ;YÜKSEKOVA;CUMHURİYET;814 SOKAK;sokak;318977
HAKKARİ;YÜKSEKOVA;CUMHURİYET;814- SOKAK;sokak;620723
HAKKARİ;YÜKSEKOVA;CUMHURİYET;815 SOKAK;sokak;692539
HAKKARİ;YÜKSEKOVA;CUMHURİYET;816 SOKAK;sokak;692540
HAKKARİ;YÜKSEKOVA;CUMHURİYET;817 SOKAK;sokak;699767
HAKKARİ;YÜKSEKOVA;CUMHURİYET;818 SOKAK;sokak;925778
HAKKARİ;YÜKSEKOVA;CUMHURİYET;819 SOKAK;sokak;699768
HAKKARİ;YÜKSEKOVA;CUMHURİYET;820 SOKAK;sokak;963768
HAKKARİ;YÜKSEKOVA;CUMHURİYET;821 SOKAK;sokak;692541
HAKKARİ;YÜKSEKOVA;CUMHURİYET;822 SOKAK;sokak;1094505
HAKKARİ;YÜKSEKOVA;CUMHURİYET;823 SOKAK;sokak;1130956
HAKKARİ;YÜKSEKOVA;CUMHURİYET;824 SOKAK;sokak;572292210
HAKKARİ;YÜKSEKOVA;CUMHURİYET;825 SOKAK;sokak;832757500
HAKKARİ;YÜKSEKOVA;CUMHURİYET;826 SOKAK;sokak;422170340
HAKKARİ;YÜKSEKOVA;CUMHURİYET;827 SOKAK;sokak;682898830
HAKKARİ;YÜKSEKOVA;CUMHURİYET;828 SOKAK;sokak;355380401
HAKKARİ;YÜKSEKOVA;CUMHURİYET;829 SOKAK;sokak;146092671
HAKKARİ;YÜKSEKOVA;CUMHURİYET;830 SOKAK;sokak;848244571
HAKKARİ;YÜKSEKOVA;CUMHURİYET;831 SOKAK;sokak;946675991
HAKKARİ;YÜKSEKOVA;CUMHURİYET;832 SOKAK;sokak;211121070
HAKKARİ;YÜKSEKOVA;CUMHURİYET;833 SOKAK;sokak;226086570
HAKKARİ;YÜKSEKOVA;CUMHURİYET;834 CADDE;cadde;160917120
HAKKARİ;YÜKSEKOVA;CUMHURİYET;835 SOKAK;sokak;785474780
HAKKARİ;YÜKSEKOVA;CUMHURİYET;836 SOKAK;sokak;874575601
HAKKARİ;YÜKSEKOVA;CUMHURİYET;837 SOKAK;sokak;341850740
HAKKARİ;YÜKSEKOVA;CUMHURİYET;ÇEVRE YOLU CADDE;cadde;920210541
HAKKARİ;YÜKSEKOVA;CUMHURİYET;GENÇLIK CADDE;cadde;638566
HAKKARİ;YÜKSEKOVA;CUMHURİYET;KANI HAYDAR CADDE;cadde;632113
HAKKARİ;YÜKSEKOVA;CUMHURİYET;KANİHAYDAR- CADDE;cadde;692542
HAKKARİ;YÜKSEKOVA;CUMHURİYET;KURUKÖY CADDE;cadde;694165
HAKKARİ;YÜKSEKOVA;CUMHURİYET;SU DEPOSU CADDE;cadde;694166
HAKKARİ;YÜKSEKOVA;ÇATMA NA;ÇATMA KÜME EVLER;sokak;613491
HAKKARİ;YÜKSEKOVA;ÇUKURCA NA;KÖYÜN KENDISI KÜME EVLER;sokak;46098
HAKKARİ;YÜKSEKOVA;DAĞLICA - AKAR;AKAR KÜME EVLER;sokak;610046
HAKKARİ;YÜKSEKOVA;DAĞLICA - DAGLICA;DAGLICA KÜME EVLER;sokak;707624
HAKKARİ;YÜKSEKOVA;DAĞLICA - İNCİRLİK;INCIRLIK KÜME EVLER;sokak;600040
HAKKARİ;YÜKSEKOVA;DEDELER;KÖYÜN KENDISI KÜME EVLER;sokak;259167
HAKKARİ;YÜKSEKOVA;DEĞERLİ - A.ÖLÇEK;A.ÖLÇEK KÜME EVLER;sokak;622444
HAKKARİ;YÜKSEKOVA;DEĞERLİ - DİŞLİ;DIŞLI KÜME EVLER;sokak;615337
HAKKARİ;YÜKSEKOVA;DEĞERLİ - KÖYCÜK;KOYCUK KÜME EVLER;sokak;97784
HAKKARİ;YÜKSEKOVA;DEĞERLİ - Y.ÖLÇEK;Y.ÖLÇEK KÜME EVLER;sokak;325616
HAKKARİ;YÜKSEKOVA;DEĞERLİ NA;DEGERLI KÜME EVLER;sokak;618048
HAKKARİ;YÜKSEKOVA;DEMİRKONAK - DURAKLI;DURAKLI KÜME EVLER;sokak;578342
HAKKARİ;YÜKSEKOVA;DEMİRKONAK - DURAKLI;KÖYÜN KENDİSİ KÜME EVLER;sokak;154290611
HAKKARİ;YÜKSEKOVA;DEMİRKONAK - YUMRUTAŞ;YUMRUTAS KÜME EVLER;sokak;22614
HAKKARİ;YÜKSEKOVA;DEMİRKONAK NA;KÖYÜN KENDISI KÜME EVLER;sokak;464702
HAKKARİ;YÜKSEKOVA;DİBEKLİ - DALİCE;DALICE KÜME EVLER;sokak;758848
HAKKARİ;YÜKSEKOVA;DİBEKLİ - ODABAŞI;ODABAŞI KÜME EVLER;sokak;348587
HAKKARİ;YÜKSEKOVA;DİBEKLİ NA;DİBEKLİ KÜME EVLER;sokak;616605
HAKKARİ;YÜKSEKOVA;DİLEKLİ NA;DİLEKLİ KÜME EVLER;sokak;253947
HAKKARİ;YÜKSEKOVA;DİLEKLİ YAZILI;1151 SK YAZILI KAMPI SOKAK;sokak;1081369
HAKKARİ;YÜKSEKOVA;DİLEKLİ YAZILI;1152 SK YAZILI KAMPI SOKAK;sokak;1094001
HAKKARİ;YÜKSEKOVA;DİLEKLİ YAZILI;1157 YAZILI KAMPI SOKAK;sokak;945210
HAKKARİ;YÜKSEKOVA;DİLEKLİ YAZILI;1430 SOKAK;sokak;228260361
HAKKARİ;YÜKSEKOVA;DİLEKLİ YAZILI;1431 SOKAK;sokak;469785240
HAKKARİ;YÜKSEKOVA;DİLEKLİ YAZILI;1438 SOKAK;sokak;942040620
HAKKARİ;YÜKSEKOVA;DİLEKLİ YAZILI;1449 SOKAK;sokak;898967651
HAKKARİ;YÜKSEKOVA;DİLEKLİ YAZILI;1450 SOKAK;sokak;332808680
HAKKARİ;YÜKSEKOVA;DİLEKLİ YAZILI;1451 SOKAK;sokak;507284190
HAKKARİ;YÜKSEKOVA;DİLEKLİ YAZILI;1452 SOKAK;sokak;558837971
HAKKARİ;YÜKSEKOVA;DİLEKLİ YAZILI;1453 SOKAK;sokak;774886090
HAKKARİ;YÜKSEKOVA;DİLEKLİ YAZILI;1454 SOKAK;sokak;227076321
HAKKARİ;YÜKSEKOVA;DİLEKLİ YAZILI;1455 SOKAK;sokak;105837301
HAKKARİ;YÜKSEKOVA;DİLEKLİ YAZILI;1456 SOKAK;sokak;517720771
HAKKARİ;YÜKSEKOVA;DİLEKLİ YAZILI;1457 SOKAK;sokak;485374681
HAKKARİ;YÜKSEKOVA;DİLEKLİ YAZILI;1461 SOKAK;sokak;515623381
HAKKARİ;YÜKSEKOVA;DİLEKLİ YAZILI;1462 SOKAK;sokak;252646490
HAKKARİ;YÜKSEKOVA;DİLEKLİ YAZILI;1463 SOKAK;sokak;888688311
HAKKARİ;YÜKSEKOVA;DİLEKLİ YAZILI;1464 SOKAK;sokak;285688550
HAKKARİ;YÜKSEKOVA;DİLEKLİ YAZILI;1465 SOKAK;sokak;753153331
HAKKARİ;YÜKSEKOVA;DİLEKLİ YAZILI;1466 SOKAK;sokak;367803511
HAKKARİ;YÜKSEKOVA;DİLEKLİ YAZILI;1468 SOKAK;sokak;372724320
HAKKARİ;YÜKSEKOVA;DİLEKLİ YAZILI;1470 SOKAK;sokak;552371431
HAKKARİ;YÜKSEKOVA;DİLEKLİ YAZILI;1471 SOKAK;sokak;835429021
HAKKARİ;YÜKSEKOVA;DİLEKLİ YAZILI;1472 SOKAK;sokak;270586840
HAKKARİ;YÜKSEKOVA;DİLEKLİ YAZILI;1473 SOKAK;sokak;652997111
HAKKARİ;YÜKSEKOVA;DİLEKLİ YAZILI;1474 SOKAK;sokak;422197250
HAKKARİ;YÜKSEKOVA;DİLEKLİ YAZILI;1476 SOKAK;sokak;133341640
HAKKARİ;YÜKSEKOVA;DİLEKLİ YAZILI;1477 SOKAK;sokak;907102861
HAKKARİ;YÜKSEKOVA;DİLEKLİ YAZILI;1478 SOKAK;sokak;802951080
HAKKARİ;YÜKSEKOVA;DİLEKLİ YAZILI;1479 SOKAK;sokak;610549870
HAKKARİ;YÜKSEKOVA;DİLEKLİ YAZILI;1480 SOKAK;sokak;633317891
HAKKARİ;YÜKSEKOVA;DİLEKLİ YAZILI;1481 SOKAK;sokak;205153671
HAKKARİ;YÜKSEKOVA;DİLEKLİ YAZILI;1484 SOKAK;sokak;203484540
HAKKARİ;YÜKSEKOVA;DİLEKLİ YAZILI;1485 SOKAK;sokak;285260850
HAKKARİ;YÜKSEKOVA;DİLEKLİ YAZILI;1486 SOKAK;sokak;669467400
HAKKARİ;YÜKSEKOVA;DİLEKLİ YAZILI;1487 SOKAK;sokak;825832461
HAKKARİ;YÜKSEKOVA;DİLEKLİ YAZILI;1488 SOKAK;sokak;547640220
HAKKARİ;YÜKSEKOVA;DİLEKLİ YAZILI;1490 SOKAK;sokak;521302591
HAKKARİ;YÜKSEKOVA;DİLEKLİ YAZILI;1491 SOKAK;sokak;860765440
HAKKARİ;YÜKSEKOVA;DİLEKLİ YAZILI;1492 SOKAK;sokak;424450490
HAKKARİ;YÜKSEKOVA;DİLEKLİ YAZILI;1493 SOKAK;sokak;556012721
HAKKARİ;YÜKSEKOVA;DİLEKLİ YAZILI;DAGLICA YAZILI SOKAK;sokak;850112
HAKKARİ;YÜKSEKOVA;DİLEKLİ YAZILI;DAGLICA YOLU CADDE;cadde;844369061
HAKKARİ;YÜKSEKOVA;DİLEKLİ YAZILI;DIBECIK KAMPI 1167 SK SOKAK;sokak;997305
HAKKARİ;YÜKSEKOVA;DİLEKLİ YAZILI;DIBECIK KAMPI 2 SOKAK;sokak;776322141
HAKKARİ;YÜKSEKOVA;DİLEKLİ YAZILI;DIBECIK KAMPI SOKAK;sokak;852589
HAKKARİ;YÜKSEKOVA;DİLEKLİ YAZILI;DIBECIK KAMPI1 KÜME EVLER;sokak;346180741
HAKKARİ;YÜKSEKOVA;DİLEKLİ YAZILI;DILEKLI KAMPI 1160 SK SOKAK;sokak;946868
HAKKARİ;YÜKSEKOVA;DİLEKLİ YAZILI;DILEKLI KAMPI 1161 SK SOKAK;sokak;995313
HAKKARİ;YÜKSEKOVA;DİLEKLİ YAZILI;DILEKLI KAMPI 1168 SK SOKAK;sokak;1067060
HAKKARİ;YÜKSEKOVA;DİLEKLİ YAZILI;DILEKLI KAMPI KÜME EVLER;sokak;263136
HAKKARİ;YÜKSEKOVA;DİLEKLİ YAZILI;YAZILI KAMPI 1 KÜME EVLER;sokak;852430
HAKKARİ;YÜKSEKOVA;DİLEKTAŞI - ÇALIMLI;ÇALIMLI KÜME EVLER;sokak;758859
HAKKARİ;YÜKSEKOVA;DİLEKTAŞI - DEREİÇİ;DEREİÇİ KÜME EVLER;sokak;757703
HAKKARİ;YÜKSEKOVA;DİLEKTAŞI NA;DİLEKTAŞI KÜME EVLER;sokak;531190
HAKKARİ;YÜKSEKOVA;DİZE;301 SOKAK;sokak;1137879
HAKKARİ;YÜKSEKOVA;DİZE;302 SOKAK;sokak;792968691
HAKKARİ;YÜKSEKOVA;DİZE;303 SOKAK;sokak;386933
HAKKARİ;YÜKSEKOVA;DİZE;304 SOKAK;sokak;90998
HAKKARİ;YÜKSEKOVA;DİZE;305 SOKAK;sokak;90999
HAKKARİ;YÜKSEKOVA;DİZE;306 SOKAK;sokak;91014
HAKKARİ;YÜKSEKOVA;DİZE;307 SOKAK;sokak;638093
HAKKARİ;YÜKSEKOVA;DİZE;308 SOKAK;sokak;181353681
HAKKARİ;YÜKSEKOVA;DİZE;309 SOKAK;sokak;634268
HAKKARİ;YÜKSEKOVA;DİZE;310 SOKAK;sokak;634271
HAKKARİ;YÜKSEKOVA;DİZE;311 SOKAK;sokak;644149
HAKKARİ;YÜKSEKOVA;DİZE;313 SOKAK;sokak;639553
HAKKARİ;YÜKSEKOVA;DİZE;314 SOKAK;sokak;895033
HAKKARİ;YÜKSEKOVA;DİZE;315 SOKAK;sokak;645191
HAKKARİ;YÜKSEKOVA;DİZE;316 SOKAK;sokak;635281
HAKKARİ;YÜKSEKOVA;DİZE;317 SOKAK;sokak;639555
HAKKARİ;YÜKSEKOVA;DİZE;319 SOKAK;sokak;635283
HAKKARİ;YÜKSEKOVA;DİZE;320 SOKAK;sokak;644173
HAKKARİ;YÜKSEKOVA;DİZE;321 SOKAK;sokak;644012
HAKKARİ;YÜKSEKOVA;DİZE;322 SOKAK;sokak;640056
HAKKARİ;YÜKSEKOVA;DİZE;323 SOKAK;sokak;640059
HAKKARİ;YÜKSEKOVA;DİZE;324 SOKAK;sokak;865556951
HAKKARİ;YÜKSEKOVA;DİZE;325 SOKAK;sokak;640061
HAKKARİ;YÜKSEKOVA;DİZE;326 SOKAK;sokak;221961170
HAKKARİ;YÜKSEKOVA;DİZE;327 SOKAK;sokak;640062
HAKKARİ;YÜKSEKOVA;DİZE;328 SOKAK;sokak;547880130
HAKKARİ;YÜKSEKOVA;DİZE;329 SOKAK;sokak;633088
HAKKARİ;YÜKSEKOVA;DİZE;330 SOKAK;sokak;616893110
HAKKARİ;YÜKSEKOVA;DİZE;331 SOKAK;sokak;633089
HAKKARİ;YÜKSEKOVA;DİZE;332 SOKAK;sokak;708186531
HAKKARİ;YÜKSEKOVA;DİZE;333 SOKAK;sokak;125591261
HAKKARİ;YÜKSEKOVA;DİZE;334 SOKAK;sokak;421856600
HAKKARİ;YÜKSEKOVA;DİZE;335 SOKAK;sokak;878976251
HAKKARİ;YÜKSEKOVA;DİZE;336 SOKAK;sokak;352724181
HAKKARİ;YÜKSEKOVA;DİZE;337 SOKAK;sokak;320077750
HAKKARİ;YÜKSEKOVA;DİZE;338 SOKAK;sokak;401355011
HAKKARİ;YÜKSEKOVA;DİZE;339 SOKAK;sokak;212788901
HAKKARİ;YÜKSEKOVA;DİZE;340 SOKAK;sokak;350691601
HAKKARİ;YÜKSEKOVA;DİZE;341 SOKAK;sokak;789144701
HAKKARİ;YÜKSEKOVA;DİZE;342 SOKAK;sokak;496102561
HAKKARİ;YÜKSEKOVA;DİZE;343 SOKAK;sokak;753926211
HAKKARİ;YÜKSEKOVA;DİZE;344 SOKAK;sokak;463677101
HAKKARİ;YÜKSEKOVA;DİZE;345 SOKAK;sokak;647915691
HAKKARİ;YÜKSEKOVA;DİZE;346 SOKAK;sokak;566832041
HAKKARİ;YÜKSEKOVA;DİZE;347 SOKAK;sokak;162404420
HAKKARİ;YÜKSEKOVA;DİZE;404 SOKAK;sokak;640064
HAKKARİ;YÜKSEKOVA;DİZE;415 SOKAK;sokak;764680810
HAKKARİ;YÜKSEKOVA;DİZE;ALAATTIN KESICI CADDE;cadde;90990
HAKKARİ;YÜKSEKOVA;DİZE;ANADOLU CADDE;cadde;642821
HAKKARİ;YÜKSEKOVA;DİZE;CENGIZ TOPEL CADDE;cadde;199752
HAKKARİ;YÜKSEKOVA;DİZE;DEGIRMEN CADDE;cadde;642830
HAKKARİ;YÜKSEKOVA;DİZE;HAMIT KESICI CADDE;cadde;642833
HAKKARİ;YÜKSEKOVA;DİZE;NEDIM ZEYDAN CADDE;cadde;642838
HAKKARİ;YÜKSEKOVA;DİZE;SANTRAL CADDE;cadde;642848
HAKKARİ;YÜKSEKOVA;DİZE;YESILDERE CADDE;cadde;642844
HAKKARİ;YÜKSEKOVA;DOĞANLI NA;DOGANLI KÜME EVLER;sokak;674048
HAKKARİ;YÜKSEKOVA;ESEN YURT;1.BÖLGE 1.ETAP TOKI KONUTLARI KÜME EVLER;sokak;1317779
HAKKARİ;YÜKSEKOVA;ESEN YURT;1202 SOKAK;sokak;692455
HAKKARİ;YÜKSEKOVA;ESEN YURT;1203 SOKAK;sokak;318462
HAKKARİ;YÜKSEKOVA;ESEN YURT;1204 SOKAK;sokak;318463
HAKKARİ;YÜKSEKOVA;ESEN YURT;1205 SOKAK;sokak;318464
HAKKARİ;YÜKSEKOVA;ESEN YURT;1206 SOKAK;sokak;691020
HAKKARİ;YÜKSEKOVA;ESEN YURT;1207 SOKAK;sokak;691021
HAKKARİ;YÜKSEKOVA;ESEN YURT;1208 SOKAK;sokak;1333275
HAKKARİ;YÜKSEKOVA;ESEN YURT;1209 SOKAK;sokak;691022
HAKKARİ;YÜKSEKOVA;ESEN YURT;1210 SOKAK;sokak;318466
HAKKARİ;YÜKSEKOVA;ESEN YURT;1211 SOKAK;sokak;691023
HAKKARİ;YÜKSEKOVA;ESEN YURT;1212 SOKAK;sokak;318467
HAKKARİ;YÜKSEKOVA;ESEN YURT;1213 SOKAK;sokak;691024
HAKKARİ;YÜKSEKOVA;ESEN YURT;1214 SOKAK;sokak;894234
HAKKARİ;YÜKSEKOVA;ESEN YURT;1215 SOKAK;sokak;318468
HAKKARİ;YÜKSEKOVA;ESEN YURT;1216 SOKAK;sokak;805713
HAKKARİ;YÜKSEKOVA;ESEN YURT;1217 SOKAK;sokak;893921
HAKKARİ;YÜKSEKOVA;ESEN YURT;1218 SOKAK;sokak;919703
HAKKARİ;YÜKSEKOVA;ESEN YURT;1219 SOKAK;sokak;891206
HAKKARİ;YÜKSEKOVA;ESEN YURT;1220 CADDE;cadde;1410701
HAKKARİ;YÜKSEKOVA;ESEN YURT;1221 SOKAK;sokak;891279
HAKKARİ;YÜKSEKOVA;ESEN YURT;1222 SOKAK;sokak;949384
HAKKARİ;YÜKSEKOVA;ESEN YURT;1223 SOKAK;sokak;891283
HAKKARİ;YÜKSEKOVA;ESEN YURT;1225 SOKAK;sokak;1036908
HAKKARİ;YÜKSEKOVA;ESEN YURT;1226 SOKAK;sokak;1059096
HAKKARİ;YÜKSEKOVA;ESEN YURT;1227 SOKAK;sokak;1051764
HAKKARİ;YÜKSEKOVA;ESEN YURT;1228 SOKAK;sokak;1135789
HAKKARİ;YÜKSEKOVA;ESEN YURT;1229 SOKAK;sokak;1137769
HAKKARİ;YÜKSEKOVA;ESEN YURT;1230 SOKAK;sokak;895027
HAKKARİ;YÜKSEKOVA;ESEN YURT;1231 SOKAK;sokak;1407467
HAKKARİ;YÜKSEKOVA;ESEN YURT;1232 SOKAK;sokak;402942331
HAKKARİ;YÜKSEKOVA;ESEN YURT;1234 SOKAK;sokak;440483610
HAKKARİ;YÜKSEKOVA;ESEN YURT;1235 SOKAK;sokak;846852960
HAKKARİ;YÜKSEKOVA;ESEN YURT;1236 SOKAK;sokak;912002951
HAKKARİ;YÜKSEKOVA;ESEN YURT;1237 SOKAK;sokak;204625370
HAKKARİ;YÜKSEKOVA;ESEN YURT;1238 SOKAK;sokak;452694610
HAKKARİ;YÜKSEKOVA;ESEN YURT;1239 SOKAK;sokak;421657611
HAKKARİ;YÜKSEKOVA;ESEN YURT;1240 SOKAK;sokak;577528420
HAKKARİ;YÜKSEKOVA;ESEN YURT;1241 SOKAK;sokak;326801420
HAKKARİ;YÜKSEKOVA;ESEN YURT;1242 SOKAK;sokak;786038671
HAKKARİ;YÜKSEKOVA;ESEN YURT;1243 SOKAK;sokak;856460160
HAKKARİ;YÜKSEKOVA;ESEN YURT;1244 SOKAK;sokak;321115361
HAKKARİ;YÜKSEKOVA;ESEN YURT;1245 SOKAK;sokak;298450961
HAKKARİ;YÜKSEKOVA;ESEN YURT;1246 SOKAK;sokak;857766801
HAKKARİ;YÜKSEKOVA;ESEN YURT;1247 SOKAK;sokak;395206221
HAKKARİ;YÜKSEKOVA;ESEN YURT;1248 SOKAK;sokak;834578951
HAKKARİ;YÜKSEKOVA;ESEN YURT;1249 SOKAK;sokak;903859490
HAKKARİ;YÜKSEKOVA;ESEN YURT;1250 SOKAK;sokak;346702320
HAKKARİ;YÜKSEKOVA;ESEN YURT;1313 SOKAK;sokak;153366541
HAKKARİ;YÜKSEKOVA;ESEN YURT;1316(SINIR)- SOKAK;sokak;318471
HAKKARİ;YÜKSEKOVA;ESEN YURT;1317 SOKAK;sokak;154897430
HAKKARİ;YÜKSEKOVA;ESEN YURT;1318 SOKAK;sokak;692456
HAKKARİ;YÜKSEKOVA;ESEN YURT;1321 SOKAK;sokak;656634290
HAKKARİ;YÜKSEKOVA;ESEN YURT;1322 SOKAK;sokak;243307141
HAKKARİ;YÜKSEKOVA;ESEN YURT;3.BÖLGE TOKI KONUTLARI SOKAK;sokak;1386189
HAKKARİ;YÜKSEKOVA;ESEN YURT;AKALIN KÜME EVLER;sokak;228387001
HAKKARİ;YÜKSEKOVA;ESEN YURT;IPEK YOLU CADDE;cadde;318473
HAKKARİ;YÜKSEKOVA;ESEN YURT;KAYACAN CADD CADDE;cadde;286412
HAKKARİ;YÜKSEKOVA;ESEN YURT;ONAY CADD CADDE;cadde;287898
HAKKARİ;YÜKSEKOVA;ESEN YURT;SU DEPOSU CADD CADDE;cadde;287897
HAKKARİ;YÜKSEKOVA;ESEN YURT;YESE CADDE;cadde;286413
HAKKARİ;YÜKSEKOVA;ESENDERE - GÜVENLİ;KAMBER KÜME EVLER;sokak;495595
HAKKARİ;YÜKSEKOVA;ESENDERE - GÜVENLİ;NERMAN KÜME EVLER;sokak;495588
HAKKARİ;YÜKSEKOVA;ESENDERE - GÜVENLİ;PAGENK KÜME EVLER;sokak;495591
HAKKARİ;YÜKSEKOVA;ESENDERE - GÜVENLİ;SAH KÜME EVLER;sokak;174154
HAKKARİ;YÜKSEKOVA;ESENDERE - GÜVENLİ;YEDIVEREN KÜME EVLER;sokak;495596
HAKKARİ;YÜKSEKOVA;ESENDERE - MERKEZ;AKÇADAM KÜME EVLER;sokak;623623
HAKKARİ;YÜKSEKOVA;ESENDERE - MERKEZ;ASAGI SARIYILDIZ KÜME EVLER;sokak;291011101
HAKKARİ;YÜKSEKOVA;ESENDERE - MERKEZ;ESENDERE KÜME EVLER;sokak;622637
HAKKARİ;YÜKSEKOVA;ESENDERE - MERKEZ;GÜMRÜK KÜME EVLER;sokak;623750
HAKKARİ;YÜKSEKOVA;ESENDERE - MERKEZ;KONUKLU KÜME EVLER;sokak;624204
HAKKARİ;YÜKSEKOVA;ESENDERE - SARIYILDIZ;ASAGI SARIYILDIZ KÜME EVLER;sokak;617549
HAKKARİ;YÜKSEKOVA;ESENDERE - SARIYILDIZ;YUKARI SARIYILDIZ KÜME EVLER;sokak;625479
HAKKARİ;YÜKSEKOVA;ESENDERE - YILMAZ;GÜZLÜCE KÜME EVLER;sokak;623609
HAKKARİ;YÜKSEKOVA;ESENDERE - YILMAZ;MORI KÜME EVLER;sokak;40138
HAKKARİ;YÜKSEKOVA;ESENDERE - YILMAZ;SOGANLI KÜME EVLER;sokak;40174
HAKKARİ;YÜKSEKOVA;ESENDERE - YILMAZ;YAMAÇ KÜME EVLER;sokak;40144
HAKKARİ;YÜKSEKOVA;ESENTEPE;1216 SOKAK;sokak;641026431
HAKKARİ;YÜKSEKOVA;ESENTEPE;1237 SOKAK;sokak;966338621
HAKKARİ;YÜKSEKOVA;ESENTEPE;1239 SOKAK;sokak;982176641
HAKKARİ;YÜKSEKOVA;ESENTEPE;1302 SOKAK;sokak;678871
HAKKARİ;YÜKSEKOVA;ESENTEPE;1303 SOKAK;sokak;678170
HAKKARİ;YÜKSEKOVA;ESENTEPE;1304 SOKAK;sokak;678171
HAKKARİ;YÜKSEKOVA;ESENTEPE;1305 SOKAK;sokak;677937
HAKKARİ;YÜKSEKOVA;ESENTEPE;1306 SOKAK;sokak;683932
HAKKARİ;YÜKSEKOVA;ESENTEPE;1307 SOKAK;sokak;674370
HAKKARİ;YÜKSEKOVA;ESENTEPE;1308 SOKAK;sokak;674110
HAKKARİ;YÜKSEKOVA;ESENTEPE;1309 SOKAK;sokak;674112
HAKKARİ;YÜKSEKOVA;ESENTEPE;1310 SOKAK;sokak;680540
HAKKARİ;YÜKSEKOVA;ESENTEPE;1311 SOKAK;sokak;674428
HAKKARİ;YÜKSEKOVA;ESENTEPE;1312 SOKAK;sokak;676544
HAKKARİ;YÜKSEKOVA;ESENTEPE;1313 SOKAK;sokak;677941
HAKKARİ;YÜKSEKOVA;ESENTEPE;1314 SOKAK;sokak;505689301
HAKKARİ;YÜKSEKOVA;ESENTEPE;1315 SOKAK;sokak;1139904
HAKKARİ;YÜKSEKOVA;ESENTEPE;1316 SOKAK;sokak;677383
HAKKARİ;YÜKSEKOVA;ESENTEPE;1317 SOKAK;sokak;524204290
HAKKARİ;YÜKSEKOVA;ESENTEPE;1318 SOKAK;sokak;677384
HAKKARİ;YÜKSEKOVA;ESENTEPE;1319 SOKAK;sokak;1134941
HAKKARİ;YÜKSEKOVA;ESENTEPE;1320 SOKAK;sokak;676546
HAKKARİ;YÜKSEKOVA;ESENTEPE;1321 SOKAK;sokak;336433700
HAKKARİ;YÜKSEKOVA;ESENTEPE;1323 SOKAK;sokak;205701490
HAKKARİ;YÜKSEKOVA;ESENTEPE;1324 SOKAK;sokak;817701741
HAKKARİ;YÜKSEKOVA;ESENTEPE;1325 SOKAK;sokak;631135911
HAKKARİ;YÜKSEKOVA;ESENTEPE;1326 SOKAK;sokak;700216471
HAKKARİ;YÜKSEKOVA;ESENTEPE;2.BÖLGE 1.ETAP KÜME EVLER;sokak;1318653
HAKKARİ;YÜKSEKOVA;ESENTEPE;IPEK YOLU CADDE;cadde;677387
HAKKARİ;YÜKSEKOVA;ESENTEPE;KAYACAN CADD CADDE;cadde;677388
HAKKARİ;YÜKSEKOVA;ESENTEPE;KÖYÜN KENDISI KÜME EVLER;sokak;317613560
HAKKARİ;YÜKSEKOVA;ESENTEPE;SU DEPOSU CADD CADDE;cadde;677942
HAKKARİ;YÜKSEKOVA;ESKİ KIŞLA;309 SOKAK;sokak;225632661
HAKKARİ;YÜKSEKOVA;ESKİ KIŞLA;318 SOKAK;sokak;644172
HAKKARİ;YÜKSEKOVA;ESKİ KIŞLA;328 SOKAK;sokak;547880131
HAKKARİ;YÜKSEKOVA;ESKİ KIŞLA;348 SOKAK;sokak;78842
HAKKARİ;YÜKSEKOVA;ESKİ KIŞLA;401 SOKAK;sokak;379639
HAKKARİ;YÜKSEKOVA;ESKİ KIŞLA;402 SOKAK;sokak;379640
HAKKARİ;YÜKSEKOVA;ESKİ KIŞLA;403 SOKAK;sokak;469570
HAKKARİ;YÜKSEKOVA;ESKİ KIŞLA;405 SOKAK;sokak;341248
HAKKARİ;YÜKSEKOVA;ESKİ KIŞLA;406 SOKAK;sokak;275889
HAKKARİ;YÜKSEKOVA;ESKİ KIŞLA;407 SOKAK;sokak;275890
HAKKARİ;YÜKSEKOVA;ESKİ KIŞLA;408 SOKAK;sokak;341276
HAKKARİ;YÜKSEKOVA;ESKİ KIŞLA;409 SOKAK;sokak;275891
HAKKARİ;YÜKSEKOVA;ESKİ KIŞLA;410 SOKAK;sokak;78844
HAKKARİ;YÜKSEKOVA;ESKİ KIŞLA;411 SOKAK;sokak;469921
HAKKARİ;YÜKSEKOVA;ESKİ KIŞLA;412 SOKAK;sokak;275892
HAKKARİ;YÜKSEKOVA;ESKİ KIŞLA;413 SOKAK;sokak;275893
HAKKARİ;YÜKSEKOVA;ESKİ KIŞLA;414 SOKAK;sokak;106095
HAKKARİ;YÜKSEKOVA;ESKİ KIŞLA;415 SOKAK;sokak;275894
HAKKARİ;YÜKSEKOVA;ESKİ KIŞLA;416 SOKAK;sokak;307046880
HAKKARİ;YÜKSEKOVA;ESKİ KIŞLA;417 SOKAK;sokak;469922
HAKKARİ;YÜKSEKOVA;ESKİ KIŞLA;417- SOKAK;sokak;692561
HAKKARİ;YÜKSEKOVA;ESKİ KIŞLA;418 SOKAK;sokak;106096
HAKKARİ;YÜKSEKOVA;ESKİ KIŞLA;419 SOKAK;sokak;321196
HAKKARİ;YÜKSEKOVA;ESKİ KIŞLA;420 SOKAK;sokak;341277
HAKKARİ;YÜKSEKOVA;ESKİ KIŞLA;421 SOKAK;sokak;126860100
HAKKARİ;YÜKSEKOVA;ESKİ KIŞLA;422 SOKAK;sokak;686383
HAKKARİ;YÜKSEKOVA;ESKİ KIŞLA;423 SOKAK;sokak;826989030
HAKKARİ;YÜKSEKOVA;ESKİ KIŞLA;424 SOKAK;sokak;919934771
HAKKARİ;YÜKSEKOVA;ESKİ KIŞLA;425 SOKAK;sokak;430839551
HAKKARİ;YÜKSEKOVA;ESKİ KIŞLA;426 SOKAK;sokak;341289
HAKKARİ;YÜKSEKOVA;ESKİ KIŞLA;427 SOKAK;sokak;170418230
HAKKARİ;YÜKSEKOVA;ESKİ KIŞLA;428 SOKAK;sokak;26737
HAKKARİ;YÜKSEKOVA;ESKİ KIŞLA;429 SOKAK;sokak;253044450
HAKKARİ;YÜKSEKOVA;ESKİ KIŞLA;430 SOKAK;sokak;130692240
HAKKARİ;YÜKSEKOVA;ESKİ KIŞLA;431 SOKAK;sokak;378507081
HAKKARİ;YÜKSEKOVA;ESKİ KIŞLA;432 SOKAK;sokak;311011320
HAKKARİ;YÜKSEKOVA;ESKİ KIŞLA;433 SOKAK;sokak;519766601
HAKKARİ;YÜKSEKOVA;ESKİ KIŞLA;434 SOKAK;sokak;716242250
HAKKARİ;YÜKSEKOVA;ESKİ KIŞLA;447 SOKAK;sokak;942200191
HAKKARİ;YÜKSEKOVA;ESKİ KIŞLA;448 SOKAK;sokak;253440601
HAKKARİ;YÜKSEKOVA;ESKİ KIŞLA;501 SOKAK;sokak;692548
HAKKARİ;YÜKSEKOVA;ESKİ KIŞLA;502 SOKAK;sokak;692549
HAKKARİ;YÜKSEKOVA;ESKİ KIŞLA;503 SOKAK;sokak;694176
HAKKARİ;YÜKSEKOVA;ESKİ KIŞLA;504 SOKAK;sokak;692550
HAKKARİ;YÜKSEKOVA;ESKİ KIŞLA;506 SOKAK;sokak;694178
HAKKARİ;YÜKSEKOVA;ESKİ KIŞLA;507 SOKAK;sokak;692551
HAKKARİ;YÜKSEKOVA;ESKİ KIŞLA;508 SOKAK;sokak;694179
HAKKARİ;YÜKSEKOVA;ESKİ KIŞLA;509 SOKAK;sokak;692552
HAKKARİ;YÜKSEKOVA;ESKİ KIŞLA;510 SOKAK;sokak;694180
HAKKARİ;YÜKSEKOVA;ESKİ KIŞLA;511 SOKAK;sokak;438788
HAKKARİ;YÜKSEKOVA;ESKİ KIŞLA;512 SOKAK;sokak;694181
HAKKARİ;YÜKSEKOVA;ESKİ KIŞLA;513 SOKAK;sokak;986515
HAKKARİ;YÜKSEKOVA;ESKİ KIŞLA;514 SOKAK;sokak;692554
HAKKARİ;YÜKSEKOVA;ESKİ KIŞLA;515 SOKAK;sokak;1008389
HAKKARİ;YÜKSEKOVA;ESKİ KIŞLA;516 SOKAK;sokak;694183
HAKKARİ;YÜKSEKOVA;ESKİ KIŞLA;517 SOKAK;sokak;1132966
HAKKARİ;YÜKSEKOVA;ESKİ KIŞLA;518 SOKAK;sokak;694184
HAKKARİ;YÜKSEKOVA;ESKİ KIŞLA;519 SOKAK;sokak;1133166
HAKKARİ;YÜKSEKOVA;ESKİ KIŞLA;520 SOKAK;sokak;692557
HAKKARİ;YÜKSEKOVA;ESKİ KIŞLA;521 SOKAK;sokak;181001561
HAKKARİ;YÜKSEKOVA;ESKİ KIŞLA;522 SOKAK;sokak;692559
HAKKARİ;YÜKSEKOVA;ESKİ KIŞLA;523 SOKAK;sokak;1131544
HAKKARİ;YÜKSEKOVA;ESKİ KIŞLA;524 SOKAK;sokak;201910290
HAKKARİ;YÜKSEKOVA;ESKİ KIŞLA;525 SOKAK;sokak;514450470
HAKKARİ;YÜKSEKOVA;ESKİ KIŞLA;526 SOKAK;sokak;501467941
HAKKARİ;YÜKSEKOVA;ESKİ KIŞLA;527 SOKAK;sokak;499744051
HAKKARİ;YÜKSEKOVA;ESKİ KIŞLA;528 SOKAK;sokak;520831361
HAKKARİ;YÜKSEKOVA;ESKİ KIŞLA;529 SOKAK;sokak;806429860
HAKKARİ;YÜKSEKOVA;ESKİ KIŞLA;530 SOKAK;sokak;482475631
HAKKARİ;YÜKSEKOVA;ESKİ KIŞLA;531 SOKAK;sokak;509428530
HAKKARİ;YÜKSEKOVA;ESKİ KIŞLA;532 SOKAK;sokak;306406190
HAKKARİ;YÜKSEKOVA;ESKİ KIŞLA;533 SOKAK;sokak;937136590
HAKKARİ;YÜKSEKOVA;ESKİ KIŞLA;534 SOKAK;sokak;618686181
HAKKARİ;YÜKSEKOVA;ESKİ KIŞLA;535 SOKAK;sokak;508828930
HAKKARİ;YÜKSEKOVA;ESKİ KIŞLA;CENGIZ TOPEL CADDE;cadde;275899
HAKKARİ;YÜKSEKOVA;ESKİ KIŞLA;DEGIRMEN CADDE;cadde;275898
HAKKARİ;YÜKSEKOVA;ESKİ KIŞLA;GENÇLIK CADDE;cadde;212095150
HAKKARİ;YÜKSEKOVA;ESKİ KIŞLA;GÜÇLÜ TOKİ 3 YOLU SOKAK;sokak;961387711
HAKKARİ;YÜKSEKOVA;ESKİ KIŞLA;KISLA CADDE;cadde;275896
HAKKARİ;YÜKSEKOVA;ESKİ KIŞLA;KOCATEPE CADDE;cadde;275895
HAKKARİ;YÜKSEKOVA;ESKİ KIŞLA;ORMAN CADDE;cadde;469925
HAKKARİ;YÜKSEKOVA;GÖKYURT - YEŞİLDERE;YESİLDERE KÜME EVLER;sokak;683196
HAKKARİ;YÜKSEKOVA;GÖKYURT NA;GÖKYURT KÜME EVLER;sokak;320722
HAKKARİ;YÜKSEKOVA;GÜÇLÜ;763 SOKAK;sokak;133068731
HAKKARİ;YÜKSEKOVA;GÜÇLÜ;ÇEVRE YOLU CADDE;cadde;954584851
HAKKARİ;YÜKSEKOVA;GÜÇLÜ;DURAKLI KÜME EVLER;sokak;618777
HAKKARİ;YÜKSEKOVA;GÜÇLÜ;GÜÇLÜ KÜME EVLER;sokak;583466
HAKKARİ;YÜKSEKOVA;GÜÇLÜ;GÜÇLÜ TOKİ 1 SOKAK;sokak;982908771
HAKKARİ;YÜKSEKOVA;GÜÇLÜ;GÜÇLÜ TOKİ 2 SOKAK;sokak;691841171
HAKKARİ;YÜKSEKOVA;GÜÇLÜ;KÖYÜN KENDİSİ KÜME EVLER;sokak;600098591
HAKKARİ;YÜKSEKOVA;GÜLDALI NA;GULDALI KÜME EVLER;sokak;589692
HAKKARİ;YÜKSEKOVA;GÜLLÜCE;123 SOKAK;sokak;594681081
HAKKARİ;YÜKSEKOVA;GÜLLÜCE;127 SOKAK;sokak;738584091
HAKKARİ;YÜKSEKOVA;GÜLLÜCE;150 SOKAK;sokak;648707
HAKKARİ;YÜKSEKOVA;GÜLLÜCE;151 SOKAK;sokak;356741
HAKKARİ;YÜKSEKOVA;GÜLLÜCE;155 SOKAK;sokak;916989691
HAKKARİ;YÜKSEKOVA;GÜLLÜCE;156 SOKAK;sokak;124613310
HAKKARİ;YÜKSEKOVA;GÜLLÜCE;157 SOKAK;sokak;230156701
HAKKARİ;YÜKSEKOVA;GÜLLÜCE;158 SOKAK;sokak;504784031
HAKKARİ;YÜKSEKOVA;GÜLLÜCE;160 SOKAK;sokak;331206351
HAKKARİ;YÜKSEKOVA;GÜLLÜCE;162 SOKAK;sokak;273861191
HAKKARİ;YÜKSEKOVA;GÜLLÜCE;163 SOKAK;sokak;601487490
HAKKARİ;YÜKSEKOVA;GÜLLÜCE;BULGURLU KÜME EVLER;sokak;700807
HAKKARİ;YÜKSEKOVA;GÜLLÜCE;ÇATALKAYA KÜME EVLER;sokak;813915591
HAKKARİ;YÜKSEKOVA;GÜLLÜCE;IPEK YOLU CADDE;cadde;511931911
HAKKARİ;YÜKSEKOVA;GÜLLÜCE;KÖYÜN KENDISI KÜME EVLER;sokak;629918
HAKKARİ;YÜKSEKOVA;GÜNGÖR;1 - SOKAK;sokak;177063
HAKKARİ;YÜKSEKOVA;GÜNGÖR;1001 SOKAK;sokak;136334170
HAKKARİ;YÜKSEKOVA;GÜNGÖR;1002 SOKAK;sokak;655204
HAKKARİ;YÜKSEKOVA;GÜNGÖR;1003 SOKAK;sokak;655205
HAKKARİ;YÜKSEKOVA;GÜNGÖR;1004 SOKAK;sokak;1095621
HAKKARİ;YÜKSEKOVA;GÜNGÖR;1005 SOKAK;sokak;655207
HAKKARİ;YÜKSEKOVA;GÜNGÖR;1006 SOKAK;sokak;655208
HAKKARİ;YÜKSEKOVA;GÜNGÖR;1007 SOKAK;sokak;656420
HAKKARİ;YÜKSEKOVA;GÜNGÖR;1008 SOKAK;sokak;656421
HAKKARİ;YÜKSEKOVA;GÜNGÖR;1009 SOKAK;sokak;658631
HAKKARİ;YÜKSEKOVA;GÜNGÖR;1010 SOKAK;sokak;655209
HAKKARİ;YÜKSEKOVA;GÜNGÖR;1010/1 SOKAK;sokak;780676341
HAKKARİ;YÜKSEKOVA;GÜNGÖR;1011 SOKAK;sokak;655210
HAKKARİ;YÜKSEKOVA;GÜNGÖR;1012 SOKAK;sokak;655211
HAKKARİ;YÜKSEKOVA;GÜNGÖR;1013 SOKAK;sokak;655212
HAKKARİ;YÜKSEKOVA;GÜNGÖR;1014 SOKAK;sokak;102827960
HAKKARİ;YÜKSEKOVA;GÜNGÖR;1015 SOKAK;sokak;655213
HAKKARİ;YÜKSEKOVA;GÜNGÖR;1016 SOKAK;sokak;1039589
HAKKARİ;YÜKSEKOVA;GÜNGÖR;1017 SOKAK;sokak;889445
HAKKARİ;YÜKSEKOVA;GÜNGÖR;1017/1- SOKAK;sokak;1444439
HAKKARİ;YÜKSEKOVA;GÜNGÖR;1018 SOKAK;sokak;1074193
HAKKARİ;YÜKSEKOVA;GÜNGÖR;1019 SOKAK;sokak;658637
HAKKARİ;YÜKSEKOVA;GÜNGÖR;1020 SOKAK;sokak;1141618
HAKKARİ;YÜKSEKOVA;GÜNGÖR;1021 SOKAK;sokak;655214
HAKKARİ;YÜKSEKOVA;GÜNGÖR;1022 SOKAK;sokak;1131121
HAKKARİ;YÜKSEKOVA;GÜNGÖR;1023 SOKAK;sokak;655215
HAKKARİ;YÜKSEKOVA;GÜNGÖR;1024 SOKAK;sokak;206931720
HAKKARİ;YÜKSEKOVA;GÜNGÖR;1025 SOKAK;sokak;658899
HAKKARİ;YÜKSEKOVA;GÜNGÖR;1026 SOKAK;sokak;236306011
HAKKARİ;YÜKSEKOVA;GÜNGÖR;1027 SOKAK;sokak;655216
HAKKARİ;YÜKSEKOVA;GÜNGÖR;1028 SOKAK;sokak;918899
HAKKARİ;YÜKSEKOVA;GÜNGÖR;1029 SOKAK;sokak;1137275
HAKKARİ;YÜKSEKOVA;GÜNGÖR;1030 SOKAK;sokak;1219877
HAKKARİ;YÜKSEKOVA;GÜNGÖR;1031 SOKAK;sokak;1219879
HAKKARİ;YÜKSEKOVA;GÜNGÖR;1032 SOKAK;sokak;1219881
HAKKARİ;YÜKSEKOVA;GÜNGÖR;1033 SOKAK;sokak;1233679
HAKKARİ;YÜKSEKOVA;GÜNGÖR;1034 SOKAK;sokak;426161440
HAKKARİ;YÜKSEKOVA;GÜNGÖR;1035 SOKAK;sokak;853842950
HAKKARİ;YÜKSEKOVA;GÜNGÖR;1036 SOKAK;sokak;866279
HAKKARİ;YÜKSEKOVA;GÜNGÖR;1037 SOKAK;sokak;280058901
HAKKARİ;YÜKSEKOVA;GÜNGÖR;1038 SOKAK;sokak;222484961
HAKKARİ;YÜKSEKOVA;GÜNGÖR;1039 SOKAK;sokak;363803760
HAKKARİ;YÜKSEKOVA;GÜNGÖR;1040 SOKAK;sokak;949941001
HAKKARİ;YÜKSEKOVA;GÜNGÖR;1041 SOKAK;sokak;214227871
HAKKARİ;YÜKSEKOVA;GÜNGÖR;1042 SOKAK;sokak;858009281
HAKKARİ;YÜKSEKOVA;GÜNGÖR;1043 SOKAK;sokak;576299171
HAKKARİ;YÜKSEKOVA;GÜNGÖR;1044 SOKAK;sokak;901955380
HAKKARİ;YÜKSEKOVA;GÜNGÖR;1045 SOKAK;sokak;556336551
HAKKARİ;YÜKSEKOVA;GÜNGÖR;1047 SOKAK;sokak;538322181
HAKKARİ;YÜKSEKOVA;GÜNGÖR;1048 SOKAK;sokak;249948400
HAKKARİ;YÜKSEKOVA;GÜNGÖR;1049 SOKAK;sokak;940041241
HAKKARİ;YÜKSEKOVA;GÜNGÖR;1050 SOKAK;sokak;760390150
HAKKARİ;YÜKSEKOVA;GÜNGÖR;1051 SOKAK;sokak;214678240
HAKKARİ;YÜKSEKOVA;GÜNGÖR;1052 SOKAK;sokak;331138121
HAKKARİ;YÜKSEKOVA;GÜNGÖR;1053 SOKAK;sokak;834242000
HAKKARİ;YÜKSEKOVA;GÜNGÖR;1054 SOKAK;sokak;944717450
HAKKARİ;YÜKSEKOVA;GÜNGÖR;1055 SOKAK;sokak;119949361
HAKKARİ;YÜKSEKOVA;GÜNGÖR;1056 SOKAK;sokak;591533380
HAKKARİ;YÜKSEKOVA;GÜNGÖR;1057 SOKAK;sokak;547846571
HAKKARİ;YÜKSEKOVA;GÜNGÖR;1058 SOKAK;sokak;811381410
HAKKARİ;YÜKSEKOVA;GÜNGÖR;1059 SOKAK;sokak;588024061
HAKKARİ;YÜKSEKOVA;GÜNGÖR;1060 SOKAK;sokak;778735451
HAKKARİ;YÜKSEKOVA;GÜNGÖR;1061 SOKAK;sokak;829624080
HAKKARİ;YÜKSEKOVA;GÜNGÖR;1062 SOKAK;sokak;716230521
HAKKARİ;YÜKSEKOVA;GÜNGÖR;1063 SOKAK;sokak;633271341
HAKKARİ;YÜKSEKOVA;GÜNGÖR;1064 SOKAK;sokak;830729421
HAKKARİ;YÜKSEKOVA;GÜNGÖR;1065 SOKAK;sokak;726015601
HAKKARİ;YÜKSEKOVA;GÜNGÖR;1066 SOKAK;sokak;260630320
HAKKARİ;YÜKSEKOVA;GÜNGÖR;1067 SOKAK;sokak;365867170
HAKKARİ;YÜKSEKOVA;GÜNGÖR;1068 SOKAK;sokak;316425800
HAKKARİ;YÜKSEKOVA;GÜNGÖR;1069 SOKAK;sokak;645964481
HAKKARİ;YÜKSEKOVA;GÜNGÖR;1070 SOKAK;sokak;445493191
HAKKARİ;YÜKSEKOVA;GÜNGÖR;1071 SOKAK;sokak;748222481
HAKKARİ;YÜKSEKOVA;GÜNGÖR;1072 SOKAK;sokak;471639440
HAKKARİ;YÜKSEKOVA;GÜNGÖR;1073 SOKAK;sokak;610442850
HAKKARİ;YÜKSEKOVA;GÜNGÖR;1074 SOKAK;sokak;581892261
HAKKARİ;YÜKSEKOVA;GÜNGÖR;1075 SOKAK;sokak;676895541
HAKKARİ;YÜKSEKOVA;GÜNGÖR;23 NISAN 1 SOKAK;sokak;667563471
HAKKARİ;YÜKSEKOVA;GÜNGÖR;23 NISAN CADDE;cadde;657962
HAKKARİ;YÜKSEKOVA;GÜNGÖR;902 SOKAK;sokak;682491
HAKKARİ;YÜKSEKOVA;GÜNGÖR;902/1 SOKAK;sokak;877564741
HAKKARİ;YÜKSEKOVA;GÜNGÖR;903 SOKAK;sokak;584238720
HAKKARİ;YÜKSEKOVA;GÜNGÖR;904 SOKAK;sokak;381261
HAKKARİ;YÜKSEKOVA;GÜNGÖR;905 SOKAK;sokak;381262
HAKKARİ;YÜKSEKOVA;GÜNGÖR;906 IBRAHIM UZUNKÖPRÜ .SK SOKAK;sokak;381263
HAKKARİ;YÜKSEKOVA;GÜNGÖR;906/1 SOKAK;sokak;335745181
HAKKARİ;YÜKSEKOVA;GÜNGÖR;906/2 SOKAK;sokak;911644591
HAKKARİ;YÜKSEKOVA;GÜNGÖR;906/3 SOKAK;sokak;366930591
HAKKARİ;YÜKSEKOVA;GÜNGÖR;907 SOKAK;sokak;381265
HAKKARİ;YÜKSEKOVA;GÜNGÖR;908 SOKAK;sokak;99705
HAKKARİ;YÜKSEKOVA;GÜNGÖR;909 SOKAK;sokak;381266
HAKKARİ;YÜKSEKOVA;GÜNGÖR;909/1 SOKAK;sokak;480882640
HAKKARİ;YÜKSEKOVA;GÜNGÖR;909/2 SOKAK;sokak;792596931
HAKKARİ;YÜKSEKOVA;GÜNGÖR;909/3 SOKAK;sokak;292176840
HAKKARİ;YÜKSEKOVA;GÜNGÖR;909/4 SOKAK;sokak;302827681
HAKKARİ;YÜKSEKOVA;GÜNGÖR;910 SOKAK;sokak;99706
HAKKARİ;YÜKSEKOVA;GÜNGÖR;911 SOKAK;sokak;381267
HAKKARİ;YÜKSEKOVA;GÜNGÖR;912 SOKAK;sokak;389665
HAKKARİ;YÜKSEKOVA;GÜNGÖR;912/1 SOKAK;sokak;769218990
HAKKARİ;YÜKSEKOVA;GÜNGÖR;912/2 SOKAK;sokak;425819750
HAKKARİ;YÜKSEKOVA;GÜNGÖR;913 SOKAK;sokak;99369
HAKKARİ;YÜKSEKOVA;GÜNGÖR;914 SOKAK;sokak;389666
HAKKARİ;YÜKSEKOVA;GÜNGÖR;915 SOKAK;sokak;381258
HAKKARİ;YÜKSEKOVA;GÜNGÖR;916 SOKAK;sokak;389667
HAKKARİ;YÜKSEKOVA;GÜNGÖR;917 SOKAK;sokak;1033039
HAKKARİ;YÜKSEKOVA;GÜNGÖR;918 SOKAK;sokak;391604
HAKKARİ;YÜKSEKOVA;GÜNGÖR;919 SOKAK;sokak;687576
HAKKARİ;YÜKSEKOVA;GÜNGÖR;920 SOKAK;sokak;99708
HAKKARİ;YÜKSEKOVA;GÜNGÖR;921 SOKAK;sokak;99709
HAKKARİ;YÜKSEKOVA;GÜNGÖR;922 SOKAK;sokak;381256
HAKKARİ;YÜKSEKOVA;GÜNGÖR;923 SOKAK;sokak;686115
HAKKARİ;YÜKSEKOVA;GÜNGÖR;924 SOKAK;sokak;686114
HAKKARİ;YÜKSEKOVA;GÜNGÖR;925 SOKAK;sokak;889357
HAKKARİ;YÜKSEKOVA;GÜNGÖR;926 SOKAK;sokak;177052
HAKKARİ;YÜKSEKOVA;GÜNGÖR;927 SOKAK;sokak;682489
HAKKARİ;YÜKSEKOVA;GÜNGÖR;928 SOKAK;sokak;686116
HAKKARİ;YÜKSEKOVA;GÜNGÖR;929 SOKAK;sokak;391605
HAKKARİ;YÜKSEKOVA;GÜNGÖR;930 SOKAK;sokak;339201
HAKKARİ;YÜKSEKOVA;GÜNGÖR;931 SOKAK;sokak;940126
HAKKARİ;YÜKSEKOVA;GÜNGÖR;932 SOKAK;sokak;391607
HAKKARİ;YÜKSEKOVA;GÜNGÖR;933 SOKAK;sokak;995729
HAKKARİ;YÜKSEKOVA;GÜNGÖR;934 SOKAK;sokak;99711
HAKKARİ;YÜKSEKOVA;GÜNGÖR;935 SOKAK;sokak;1036798
HAKKARİ;YÜKSEKOVA;GÜNGÖR;936 SOKAK;sokak;177061
HAKKARİ;YÜKSEKOVA;GÜNGÖR;936/2 SOKAK;sokak;341243961
HAKKARİ;YÜKSEKOVA;GÜNGÖR;936/3 SOKAK;sokak;800450321
HAKKARİ;YÜKSEKOVA;GÜNGÖR;937 SOKAK;sokak;1047639
HAKKARİ;YÜKSEKOVA;GÜNGÖR;938 SOKAK;sokak;105528
HAKKARİ;YÜKSEKOVA;GÜNGÖR;938/2 SOKAK;sokak;301910920
HAKKARİ;YÜKSEKOVA;GÜNGÖR;939 SOKAK;sokak;1076587
HAKKARİ;YÜKSEKOVA;GÜNGÖR;940 SOKAK;sokak;929935
HAKKARİ;YÜKSEKOVA;GÜNGÖR;941 SOKAK;sokak;1130824
HAKKARİ;YÜKSEKOVA;GÜNGÖR;942 SOKAK;sokak;1137124
HAKKARİ;YÜKSEKOVA;GÜNGÖR;943 SOKAK;sokak;1356523
HAKKARİ;YÜKSEKOVA;GÜNGÖR;944 SOKAK;sokak;1413137
HAKKARİ;YÜKSEKOVA;GÜNGÖR;945 SOKAK;sokak;189024781
HAKKARİ;YÜKSEKOVA;GÜNGÖR;946 SOKAK;sokak;327582371
HAKKARİ;YÜKSEKOVA;GÜNGÖR;947 SOKAK;sokak;1430977
HAKKARİ;YÜKSEKOVA;GÜNGÖR;948 SOKAK;sokak;1326281
HAKKARİ;YÜKSEKOVA;GÜNGÖR;949 SOKAK;sokak;452796761
HAKKARİ;YÜKSEKOVA;GÜNGÖR;950 SOKAK;sokak;99710
HAKKARİ;YÜKSEKOVA;GÜNGÖR;951 SOKAK;sokak;860262421
HAKKARİ;YÜKSEKOVA;GÜNGÖR;952 SOKAK;sokak;237239271
HAKKARİ;YÜKSEKOVA;GÜNGÖR;953 SOKAK;sokak;504505681
HAKKARİ;YÜKSEKOVA;GÜNGÖR;954 SOKAK;sokak;720633161
HAKKARİ;YÜKSEKOVA;GÜNGÖR;955 SOKAK;sokak;608001170
HAKKARİ;YÜKSEKOVA;GÜNGÖR;956 SOKAK;sokak;486253961
HAKKARİ;YÜKSEKOVA;GÜNGÖR;957 SOKAK;sokak;557093231
HAKKARİ;YÜKSEKOVA;GÜNGÖR;958 SOKAK;sokak;313603571
HAKKARİ;YÜKSEKOVA;GÜNGÖR;959 SOKAK;sokak;464642690
HAKKARİ;YÜKSEKOVA;GÜNGÖR;960 SOKAK;sokak;491577531
HAKKARİ;YÜKSEKOVA;GÜNGÖR;961 SOKAK;sokak;392510461
HAKKARİ;YÜKSEKOVA;GÜNGÖR;962 SOKAK;sokak;812222831
HAKKARİ;YÜKSEKOVA;GÜNGÖR;963 SOKAK;sokak;463211210
HAKKARİ;YÜKSEKOVA;GÜNGÖR;964 SOKAK;sokak;918397461
HAKKARİ;YÜKSEKOVA;GÜNGÖR;965 SOKAK;sokak;826352511
HAKKARİ;YÜKSEKOVA;GÜNGÖR;966 SOKAK;sokak;239479630
HAKKARİ;YÜKSEKOVA;GÜNGÖR;967 SOKAK;sokak;845294941
HAKKARİ;YÜKSEKOVA;GÜNGÖR;968 SOKAK;sokak;174918611
HAKKARİ;YÜKSEKOVA;GÜNGÖR;969 SOKAK;sokak;545779370
HAKKARİ;YÜKSEKOVA;GÜNGÖR;970 SOKAK;sokak;132507660
HAKKARİ;YÜKSEKOVA;GÜNGÖR;971 SOKAK;sokak;461668491
HAKKARİ;YÜKSEKOVA;GÜNGÖR;972 SOKAK;sokak;633053200
HAKKARİ;YÜKSEKOVA;GÜNGÖR;973 SOKAK;sokak;396324761
HAKKARİ;YÜKSEKOVA;GÜNGÖR;974 SOKAK;sokak;289940690
HAKKARİ;YÜKSEKOVA;GÜNGÖR;975 SOKAK;sokak;498685321
HAKKARİ;YÜKSEKOVA;GÜNGÖR;976 SOKAK;sokak;426629080
HAKKARİ;YÜKSEKOVA;GÜNGÖR;977 SOKAK;sokak;553860151
HAKKARİ;YÜKSEKOVA;GÜNGÖR;978 SOKAK;sokak;297961410
HAKKARİ;YÜKSEKOVA;GÜNGÖR;979 SOKAK;sokak;667305991
HAKKARİ;YÜKSEKOVA;GÜNGÖR;980 SOKAK;sokak;320242001
HAKKARİ;YÜKSEKOVA;GÜNGÖR;981 SOKAK;sokak;790723511
HAKKARİ;YÜKSEKOVA;GÜNGÖR;982 SOKAK;sokak;323932091
HAKKARİ;YÜKSEKOVA;GÜNGÖR;983 SOKAK;sokak;530391600
HAKKARİ;YÜKSEKOVA;GÜNGÖR;984 SOKAK;sokak;911476031
HAKKARİ;YÜKSEKOVA;GÜNGÖR;985 SOKAK;sokak;320738430
HAKKARİ;YÜKSEKOVA;GÜNGÖR;986 SOKAK;sokak;776029441
HAKKARİ;YÜKSEKOVA;GÜNGÖR;987 SOKAK;sokak;397364180
HAKKARİ;YÜKSEKOVA;GÜNGÖR;988 SOKAK;sokak;210222230
HAKKARİ;YÜKSEKOVA;GÜNGÖR;989 SOKAK;sokak;616309431
HAKKARİ;YÜKSEKOVA;GÜNGÖR;990 SOKAK;sokak;467698241
HAKKARİ;YÜKSEKOVA;GÜNGÖR;991 SOKAK;sokak;796745450
HAKKARİ;YÜKSEKOVA;GÜNGÖR;992 SOKAK;sokak;472565650
HAKKARİ;YÜKSEKOVA;GÜNGÖR;993 SOKAK;sokak;459888211
HAKKARİ;YÜKSEKOVA;GÜNGÖR;994 SOKAK;sokak;822828980
HAKKARİ;YÜKSEKOVA;GÜNGÖR;995 SOKAK;sokak;321827271
HAKKARİ;YÜKSEKOVA;GÜNGÖR;996 SOKAK;sokak;773507830
HAKKARİ;YÜKSEKOVA;GÜNGÖR;AKASYA SK SOKAK;sokak;655206
HAKKARİ;YÜKSEKOVA;GÜNGÖR;ANAFARTALAR CADDE;cadde;655006
HAKKARİ;YÜKSEKOVA;GÜNGÖR;ARYA SK SOKAK;sokak;211919450
HAKKARİ;YÜKSEKOVA;GÜNGÖR;AV.HIKMET GÜNGÖR CADDE;cadde;658635
HAKKARİ;YÜKSEKOVA;GÜNGÖR;CENGIZ TOPEL CADDE;cadde;655012
HAKKARİ;YÜKSEKOVA;GÜNGÖR;ÇEVRE YOLU CADDE;cadde;1387055
HAKKARİ;YÜKSEKOVA;GÜNGÖR;GÜNGÖR CADDE;cadde;653748
HAKKARİ;YÜKSEKOVA;GÜNGÖR;ISIMSIZ 1 SOKAK;sokak;945896941
HAKKARİ;YÜKSEKOVA;GÜNGÖR;KONT 1 SOKAK;sokak;497781521
HAKKARİ;YÜKSEKOVA;GÜNGÖR;KONT SOKAK;sokak;922431380
HAKKARİ;YÜKSEKOVA;GÜNGÖR;KURUKÖY 5 SOKAK;sokak;639384681
HAKKARİ;YÜKSEKOVA;GÜNGÖR;KURUKÖY CADDE;cadde;106064
HAKKARİ;YÜKSEKOVA;GÜNGÖR;KÜLTÜR SANAT 1 SOKAK;sokak;126659071
HAKKARİ;YÜKSEKOVA;GÜNGÖR;KÜLTÜR SANAT 2 SOKAK;sokak;934455260
HAKKARİ;YÜKSEKOVA;GÜNGÖR;KÜLTÜR SANAT 3 SOKAK;sokak;850594671
HAKKARİ;YÜKSEKOVA;GÜNGÖR;KÜLTÜR SANAT 4 SOKAK;sokak;568574280
HAKKARİ;YÜKSEKOVA;GÜNGÖR;KÜLTÜR SANAT 5 SOKAK;sokak;799174560
HAKKARİ;YÜKSEKOVA;GÜNGÖR;KÜLTÜR SANAT CADDE;cadde;655008
HAKKARİ;YÜKSEKOVA;GÜNGÖR;ONAYLAR CAD CADDE;cadde;1091497
HAKKARİ;YÜKSEKOVA;GÜNGÖR;SEN SOKAK;sokak;736656301
HAKKARİ;YÜKSEKOVA;GÜNGÖR;TASLAK 21 SOKAK;sokak;295551661
HAKKARİ;YÜKSEKOVA;GÜNGÖR;TASLAK YOL 8 SOKAK;sokak;206002190
HAKKARİ;YÜKSEKOVA;GÜNGÖR;TASLAKYOL İMAR SOKAK;sokak;670415900
HAKKARİ;YÜKSEKOVA;GÜNGÖR;TASLAKYOL İMAR1 SOKAK;sokak;785762040
HAKKARİ;YÜKSEKOVA;GÜNGÖR;TASLAKYOL00 SOKAK;sokak;681900571
HAKKARİ;YÜKSEKOVA;GÜNGÖR;YENIYOL CADDE;cadde;1266233
HAKKARİ;YÜKSEKOVA;GÜNGÖR;YUNUS EMRE CADDE;cadde;933044261
HAKKARİ;YÜKSEKOVA;GÜRDERE NA;GÜRDERE KÜME EVLER;sokak;642387
HAKKARİ;YÜKSEKOVA;GÜRKAVAK - CEVİZLİK;CEVİZLİK KÜME EVLER;sokak;275063
HAKKARİ;YÜKSEKOVA;GÜRKAVAK - GOVE;GOVE KÜME EVLER;sokak;687384
HAKKARİ;YÜKSEKOVA;GÜRKAVAK - İKİZLER;İKİZLER KÜME EVLER;sokak;686624
HAKKARİ;YÜKSEKOVA;GÜRKAVAK - TOKAĞAÇ;TOKAĞAÇ KÜME EVLER;sokak;685838
HAKKARİ;YÜKSEKOVA;GÜRKAVAK - YEŞİLDERE;YEŞİLDERE KÜME EVLER;sokak;365005
HAKKARİ;YÜKSEKOVA;İNANLI;İNANLI KÜME EVLER;sokak;529993
HAKKARİ;YÜKSEKOVA;İPEK;101 SOKAK;sokak;649222
HAKKARİ;YÜKSEKOVA;İPEK;102 SOKAK;sokak;648257
HAKKARİ;YÜKSEKOVA;İPEK;103 SOKAK;sokak;649227
HAKKARİ;YÜKSEKOVA;İPEK;104 SOKAK;sokak;648258
HAKKARİ;YÜKSEKOVA;İPEK;105 SOKAK;sokak;648259
HAKKARİ;YÜKSEKOVA;İPEK;106 SOKAK;sokak;649683
HAKKARİ;YÜKSEKOVA;İPEK;107 SOKAK;sokak;648260
HAKKARİ;YÜKSEKOVA;İPEK;108 SOKAK;sokak;649684
HAKKARİ;YÜKSEKOVA;İPEK;109 SOKAK;sokak;883143
HAKKARİ;YÜKSEKOVA;İPEK;110 SOKAK;sokak;648262
HAKKARİ;YÜKSEKOVA;İPEK;111 SOKAK;sokak;651015
HAKKARİ;YÜKSEKOVA;İPEK;112 SOKAK;sokak;651016
HAKKARİ;YÜKSEKOVA;İPEK;113 SOKAK;sokak;648263
HAKKARİ;YÜKSEKOVA;İPEK;114 SOKAK;sokak;648661
HAKKARİ;YÜKSEKOVA;İPEK;115 SOKAK;sokak;883146
HAKKARİ;YÜKSEKOVA;İPEK;116 SOKAK;sokak;651662
HAKKARİ;YÜKSEKOVA;İPEK;117 SOKAK;sokak;915732
HAKKARİ;YÜKSEKOVA;İPEK;118 SOKAK;sokak;648662
HAKKARİ;YÜKSEKOVA;İPEK;119 SOKAK;sokak;998983
HAKKARİ;YÜKSEKOVA;İPEK;120 SOKAK;sokak;648663
HAKKARİ;YÜKSEKOVA;İPEK;121 ZAFER SK SOKAK;sokak;1094987
HAKKARİ;YÜKSEKOVA;İPEK;122 ÖMER ÖZATLI SOKAK;sokak;647342
HAKKARİ;YÜKSEKOVA;İPEK;124 SOKAK;sokak;646932
HAKKARİ;YÜKSEKOVA;İPEK;125 SOKAK;sokak;397844831
HAKKARİ;YÜKSEKOVA;İPEK;126 SOKAK;sokak;648770
HAKKARİ;YÜKSEKOVA;İPEK;128 SOKAK;sokak;647345
HAKKARİ;YÜKSEKOVA;İPEK;129 SOKAK;sokak;354183180
HAKKARİ;YÜKSEKOVA;İPEK;130 SOKAK;sokak;650350
HAKKARİ;YÜKSEKOVA;İPEK;1302 SOKAK;sokak;649143
HAKKARİ;YÜKSEKOVA;İPEK;131 SOKAK;sokak;642272910
HAKKARİ;YÜKSEKOVA;İPEK;132 SOKAK;sokak;648774
HAKKARİ;YÜKSEKOVA;İPEK;133 SOKAK;sokak;352091540
HAKKARİ;YÜKSEKOVA;İPEK;134 SOKAK;sokak;648775
HAKKARİ;YÜKSEKOVA;İPEK;135 SOKAK;sokak;936723430
HAKKARİ;YÜKSEKOVA;İPEK;136 SOKAK;sokak;580370
HAKKARİ;YÜKSEKOVA;İPEK;137 SOKAK;sokak;139373130
HAKKARİ;YÜKSEKOVA;İPEK;138 SOKAK;sokak;650560
HAKKARİ;YÜKSEKOVA;İPEK;139 SOKAK;sokak;380264641
HAKKARİ;YÜKSEKOVA;İPEK;140 SOKAK;sokak;238808001
HAKKARİ;YÜKSEKOVA;İPEK;140- SOKAK;sokak;648808
HAKKARİ;YÜKSEKOVA;İPEK;142 SOKAK;sokak;648705
HAKKARİ;YÜKSEKOVA;İPEK;143 SOKAK;sokak;890316
HAKKARİ;YÜKSEKOVA;İPEK;144 SOKAK;sokak;622029161
HAKKARİ;YÜKSEKOVA;İPEK;145 SOKAK;sokak;145318420
HAKKARİ;YÜKSEKOVA;İPEK;146 SOKAK;sokak;129513561
HAKKARİ;YÜKSEKOVA;İPEK;147 SOKAK;sokak;492536511
HAKKARİ;YÜKSEKOVA;İPEK;148 SOKAK;sokak;291964740
HAKKARİ;YÜKSEKOVA;İPEK;149 SOKAK;sokak;641449180
HAKKARİ;YÜKSEKOVA;İPEK;152 SOKAK;sokak;198928680
HAKKARİ;YÜKSEKOVA;İPEK;153 SOKAK;sokak;477357091
HAKKARİ;YÜKSEKOVA;İPEK;154 SOKAK;sokak;154419260
HAKKARİ;YÜKSEKOVA;İPEK;161 SOKAK;sokak;602791631
HAKKARİ;YÜKSEKOVA;İPEK;164 SOKAK;sokak;420357900
HAKKARİ;YÜKSEKOVA;İPEK;165 SOKAK;sokak;865249490
HAKKARİ;YÜKSEKOVA;İPEK;166 SOKAK;sokak;540395321
HAKKARİ;YÜKSEKOVA;İPEK;167 SOKAK;sokak;504910911
HAKKARİ;YÜKSEKOVA;İPEK;168 SOKAK;sokak;668843541
HAKKARİ;YÜKSEKOVA;İPEK;169 SOKAK;sokak;893772040
HAKKARİ;YÜKSEKOVA;İPEK;170 SOKAK;sokak;430318301
HAKKARİ;YÜKSEKOVA;İPEK;2.BÖLGE 1.ETAP KÜME EVLER;sokak;709669651
HAKKARİ;YÜKSEKOVA;İPEK;206 SOKAK;sokak;590149930
HAKKARİ;YÜKSEKOVA;İPEK;341 SOKAK;sokak;789715041
HAKKARİ;YÜKSEKOVA;İPEK;5.ETAP TOKI KONUTLARI KÜME EVLER;sokak;1404109
HAKKARİ;YÜKSEKOVA;İPEK;ANADOLU CADDE;cadde;650580
HAKKARİ;YÜKSEKOVA;İPEK;CENGIZ TOPEL CADDE;cadde;650251
HAKKARİ;YÜKSEKOVA;İPEK;H.ÖMER SABANCI CADDE;cadde;650357
HAKKARİ;YÜKSEKOVA;İPEK;IPEK YOLU CADDE;cadde;650253
HAKKARİ;YÜKSEKOVA;İPEK;KÖYÜN KENDISI KÜME EVLER;sokak;317613561
HAKKARİ;YÜKSEKOVA;KADIKÖY - KALEMLİ;KALEMLİ 1 KÜME EVLER;sokak;695002
HAKKARİ;YÜKSEKOVA;KADIKÖY - MAMAK;MAMAK KÜME EVLER;sokak;167925
HAKKARİ;YÜKSEKOVA;KADIKÖY NA;KADIKÖY KÜME EVLER;sokak;280786
HAKKARİ;YÜKSEKOVA;KAMIŞLI NA;KÖYÜN KENDİSİ KÜME EVLER;sokak;688959
HAKKARİ;YÜKSEKOVA;KARABEY NA;KÖYÜN KENDİSİ KÜME EVLER;sokak;592702
HAKKARİ;YÜKSEKOVA;KARLI - ÇİÇEKÖZÜ;ÇİÇEKÖZÜ KÜME EVLER;sokak;675410
HAKKARİ;YÜKSEKOVA;KARLI - ÇİMENLİ;ÇİMENLİ KÜME EVLER;sokak;272434
HAKKARİ;YÜKSEKOVA;KARLI NA;KÖYÜN KENDİSİ KÜME EVLER;sokak;672584
HAKKARİ;YÜKSEKOVA;KAZAN NA;KAZAN KÜME EVLER;sokak;631386
HAKKARİ;YÜKSEKOVA;KEÇİLİ NA;KEÇİLİ KÜME EVLER;sokak;590179
HAKKARİ;YÜKSEKOVA;KISIKLI - A.GÜVEÇ;A.GUVEÇ KÜME EVLER;sokak;368425
HAKKARİ;YÜKSEKOVA;KISIKLI - PİRBILAN;PİRBILAN KÜME EVLER;sokak;680808
HAKKARİ;YÜKSEKOVA;KISIKLI - SUALTI;KÖYÜN KENDISI KÜME EVLER;sokak;400029170
HAKKARİ;YÜKSEKOVA;KISIKLI - SUALTI;SUALTI KÜME EVLER;sokak;342588
HAKKARİ;YÜKSEKOVA;KISIKLI NA;KISIKLI KÜME EVLER;sokak;469853
HAKKARİ;YÜKSEKOVA;KOLBAŞI - ORMANARASI;ORMANARASI KÜME EVLER;sokak;555402
HAKKARİ;YÜKSEKOVA;KOLBAŞI NA;KÖYÜN KENDİSİ KÜME EVLER;sokak;552185
HAKKARİ;YÜKSEKOVA;KOLBAŞI NA;YUVALI KÜME EVLER;sokak;550577980
HAKKARİ;YÜKSEKOVA;KÖPRÜCÜK NA;KÖPRÜCÜK KÜME EVLER;sokak;684601
HAKKARİ;YÜKSEKOVA;KÖŞKÖNÜ - DAĞDİBİ;DAĞDİBİ KÜME EVLER;sokak;706872
HAKKARİ;YÜKSEKOVA;KÖŞKÖNÜ - DAĞDİBİ;ERBAŞ KÜME EVLER;sokak;267055580
HAKKARİ;YÜKSEKOVA;KÖŞKÖNÜ - ERBAŞ;ERBAŞ KÜME EVLER;sokak;273259
HAKKARİ;YÜKSEKOVA;KÖŞKÖNÜ - KURUCAK;KURUCAK KÜME EVLER;sokak;706869
HAKKARİ;YÜKSEKOVA;KÖŞKÖNÜ NA;KÖŞKÖNÜ KÜME EVLER;sokak;714034
HAKKARİ;YÜKSEKOVA;MEZARLIK;601 SOKAK;sokak;699769
HAKKARİ;YÜKSEKOVA;MEZARLIK;602 SOKAK;sokak;694168
HAKKARİ;YÜKSEKOVA;MEZARLIK;603 SOKAK;sokak;694169
HAKKARİ;YÜKSEKOVA;MEZARLIK;604 SOKAK;sokak;666504330
HAKKARİ;YÜKSEKOVA;MEZARLIK;605 SOKAK;sokak;692543
HAKKARİ;YÜKSEKOVA;MEZARLIK;606 SOKAK;sokak;694170
HAKKARİ;YÜKSEKOVA;MEZARLIK;607 SOKAK;sokak;692545
HAKKARİ;YÜKSEKOVA;MEZARLIK;608 SOKAK;sokak;699770
HAKKARİ;YÜKSEKOVA;MEZARLIK;609 SOKAK;sokak;699771
HAKKARİ;YÜKSEKOVA;MEZARLIK;610 SOKAK;sokak;519322421
HAKKARİ;YÜKSEKOVA;MEZARLIK;611 SOKAK;sokak;692919201
HAKKARİ;YÜKSEKOVA;MEZARLIK;612 SOKAK;sokak;341380811
HAKKARİ;YÜKSEKOVA;MEZARLIK;613 SOKAK;sokak;732736661
HAKKARİ;YÜKSEKOVA;MEZARLIK;614 SOKAK;sokak;694171
HAKKARİ;YÜKSEKOVA;MEZARLIK;615 SOKAK;sokak;626342740
HAKKARİ;YÜKSEKOVA;MEZARLIK;616 SOKAK;sokak;829149950
HAKKARİ;YÜKSEKOVA;MEZARLIK;617 SOKAK;sokak;1131217
HAKKARİ;YÜKSEKOVA;MEZARLIK;618 SOKAK;sokak;694172
HAKKARİ;YÜKSEKOVA;MEZARLIK;619 SOKAK;sokak;299481890
HAKKARİ;YÜKSEKOVA;MEZARLIK;620 SOKAK;sokak;275875831
HAKKARİ;YÜKSEKOVA;MEZARLIK;621 SOKAK;sokak;601949660
HAKKARİ;YÜKSEKOVA;MEZARLIK;622 SOKAK;sokak;193933701
HAKKARİ;YÜKSEKOVA;MEZARLIK;626 SOKAK;sokak;699772
HAKKARİ;YÜKSEKOVA;MEZARLIK;GAZI CADDE;cadde;694173
HAKKARİ;YÜKSEKOVA;MEZARLIK;GENÇLIK CADDE;cadde;692547
HAKKARİ;YÜKSEKOVA;MEZARLIK;ORMAN CADDE;cadde;694174
HAKKARİ;YÜKSEKOVA;ONBAŞILAR - AĞAÇLIK;AGAÇLIK KÜME EVLER;sokak;744111
HAKKARİ;YÜKSEKOVA;ONBAŞILAR - AĞILCIK;AGILCIK KÜME EVLER;sokak;648404
HAKKARİ;YÜKSEKOVA;ONBAŞILAR - ARMUTLU;ARMUTLU KÜME EVLER;sokak;26317
HAKKARİ;YÜKSEKOVA;ONBAŞILAR - ÇAMDALI;ÇAMDALI KÜME EVLER;sokak;657522
HAKKARİ;YÜKSEKOVA;ONBAŞILAR - ÇOBANPINAR;ÇOBANPINAR KÜME EVLER;sokak;655273
HAKKARİ;YÜKSEKOVA;ONBAŞILAR - DEREİÇİ;DEREIÇI KÜME EVLER;sokak;76158
HAKKARİ;YÜKSEKOVA;ONBAŞILAR - SARIKAYA;SARIKAYA KÜME EVLER;sokak;662723
HAKKARİ;YÜKSEKOVA;ONBAŞILAR NA;KÖYÜN KENDISI KÜME EVLER;sokak;90283
HAKKARİ;YÜKSEKOVA;ORTAÇ - GÜMÜŞLÜ;GÜMÜSLÜ KÜME EVLER;sokak;688939
HAKKARİ;YÜKSEKOVA;ORTAÇ - KAPILI;KAPILI KÜME EVLER;sokak;714088
HAKKARİ;YÜKSEKOVA;ORTAÇ - KARGILI;KARGILI KÜME EVLER;sokak;703758
HAKKARİ;YÜKSEKOVA;ORTAÇ - KONAK;KONAK KÜME EVLER;sokak;706104
HAKKARİ;YÜKSEKOVA;ORTAÇ - PİRİNCEYİN;PIRINCEYIN KÜME EVLER;sokak;714444
HAKKARİ;YÜKSEKOVA;ORTAÇ NA;KÖYÜN KENDISI KÜME EVLER;sokak;104464
HAKKARİ;YÜKSEKOVA;ÖRNEKKÖY NA;KÖYÜN KENDİSİ KÜME EVLER;sokak;572158
HAKKARİ;YÜKSEKOVA;PINARGÖZÜ - İNCEYOL;INCEYOL KÜME EVLER;sokak;639274
HAKKARİ;YÜKSEKOVA;PINARGÖZÜ - KIŞLACIK;KISLACIK KÜME EVLER;sokak;632873
HAKKARİ;YÜKSEKOVA;PINARGÖZÜ - YEŞİLCE;YEŞİLDERE KÜME EVLER;sokak;637528
HAKKARİ;YÜKSEKOVA;PINARGÖZÜ NA;KÖYÜN KENDISI KÜME EVLER;sokak;627384
HAKKARİ;YÜKSEKOVA;SALKIMLI - GÜRKAYNAK;GÜRKAYNAK KÜME EVLER;sokak;279800
HAKKARİ;YÜKSEKOVA;SALKIMLI - KÖPRÜBAŞI;KÖPRÜBASI KÜME EVLER;sokak;751663
HAKKARİ;YÜKSEKOVA;SALKIMLI - REŞADİYE;RESADIYE KÜME EVLER;sokak;430571
HAKKARİ;YÜKSEKOVA;SALKIMLI - ŞİMTE;SIMTE KÜME EVLER;sokak;749796
HAKKARİ;YÜKSEKOVA;SALKIMLI NA;SALKIMLI KÜME EVLER;sokak;757065
HAKKARİ;YÜKSEKOVA;SARITAŞ - YEMİŞLİ;YEMISLI KÜME EVLER;sokak;675111
HAKKARİ;YÜKSEKOVA;SARITAŞ NA;KÖYÜN KENDISI KÜME EVLER;sokak;652807
HAKKARİ;YÜKSEKOVA;SERİNDERE - MİRANAVA;MIRANAVA KÜME EVLER;sokak;681063
HAKKARİ;YÜKSEKOVA;SERİNDERE - Y.GÜVEÇ;Y.GÜVEÇ KÜME EVLER;sokak;734093
HAKKARİ;YÜKSEKOVA;SERİNDERE NA;KÖYÜN KENDISI KÜME EVLER;sokak;304256
HAKKARİ;YÜKSEKOVA;SUÜSTÜ NA;SUÜSTÜ KÜME EVLER;sokak;599436
HAKKARİ;YÜKSEKOVA;SÜREKLİ - TARLACIK;TARLACIK KÜME EVLER;sokak;706610
HAKKARİ;YÜKSEKOVA;SÜREKLİ - TAŞYAZI;- KÜME EVLER;sokak;707317
HAKKARİ;YÜKSEKOVA;SÜREKLİ NA;KÖYÜN KENDISI KÜME EVLER;sokak;82108
HAKKARİ;YÜKSEKOVA;TATLI NA;KÖYÜN KENDISI KÜME EVLER;sokak;35492
HAKKARİ;YÜKSEKOVA;TUĞLU - ÇAYIR;ÇAYIR KÜME EVLER;sokak;705477
HAKKARİ;YÜKSEKOVA;TUĞLU - KARATAŞ;KARATAŞ KÜME EVLER;sokak;703139
HAKKARİ;YÜKSEKOVA;TUĞLU NA;KÖYÜN KENDİSİ KÜME EVLER;sokak;708139
HAKKARİ;YÜKSEKOVA;VEZİRLİ;1069 SOKAK;sokak;645964480
HAKKARİ;YÜKSEKOVA;VEZİRLİ;1075 SOKAK;sokak;408419831
HAKKARİ;YÜKSEKOVA;VEZİRLİ;1460 SOKAK;sokak;871751050
HAKKARİ;YÜKSEKOVA;VEZİRLİ;1463 SOKAK;sokak;439381171
HAKKARİ;YÜKSEKOVA;VEZİRLİ;1465 SOKAK;sokak;988384101
HAKKARİ;YÜKSEKOVA;VEZİRLİ;1489 SOKAK;sokak;767154240
HAKKARİ;YÜKSEKOVA;VEZİRLİ;ATIK SU ARITMA TESİSİ SOKAK;sokak;661049691
HAKKARİ;YÜKSEKOVA;VEZİRLİ;DIBECIK KAMPI SOKAK;sokak;200976300
HAKKARİ;YÜKSEKOVA;VEZİRLİ;DILEKLI KAMPI 1160 SK SOKAK;sokak;623650510
HAKKARİ;YÜKSEKOVA;VEZİRLİ;DILEKLI KAMPI 1163 SK SOKAK;sokak;681461580
HAKKARİ;YÜKSEKOVA;VEZİRLİ;KÖYÜN KENDISI KÜME EVLER;sokak;624508
HAKKARİ;YÜKSEKOVA;YAZILI - YAZILI;1 YOL.CAD- CADDE;cadde;814910
HAKKARİ;YÜKSEKOVA;YENİ;1101 SOKAK;sokak;407382
HAKKARİ;YÜKSEKOVA;YENİ;1102 SOKAK;sokak;407384
HAKKARİ;YÜKSEKOVA;YENİ;1103 SOKAK;sokak;664269
HAKKARİ;YÜKSEKOVA;YENİ;1104 SOKAK;sokak;664270
HAKKARİ;YÜKSEKOVA;YENİ;1105 SOKAK;sokak;175332
HAKKARİ;YÜKSEKOVA;YENİ;1106 SOKAK;sokak;271894
HAKKARİ;YÜKSEKOVA;YENİ;1107.H.AHMET KOCA SOKAK;sokak;271908
HAKKARİ;YÜKSEKOVA;YENİ;1108 SOKAK;sokak;878235
HAKKARİ;YÜKSEKOVA;YENİ;1109 SOKAK;sokak;661040
HAKKARİ;YÜKSEKOVA;YENİ;1110 SOKAK;sokak;271912
HAKKARİ;YÜKSEKOVA;YENİ;1111 SOKAK;sokak;271913
HAKKARİ;YÜKSEKOVA;YENİ;1112 SOKAK;sokak;162280
HAKKARİ;YÜKSEKOVA;YENİ;1113 SOKAK;sokak;271920
HAKKARİ;YÜKSEKOVA;YENİ;1114 SOKAK;sokak;661041
HAKKARİ;YÜKSEKOVA;YENİ;1115 SOKAK;sokak;661042
HAKKARİ;YÜKSEKOVA;YENİ;1116 SOKAK;sokak;271923
HAKKARİ;YÜKSEKOVA;YENİ;1117 SOKAK;sokak;271924
HAKKARİ;YÜKSEKOVA;YENİ;1118 SOKAK;sokak;1062292
HAKKARİ;YÜKSEKOVA;YENİ;1119 SOKAK;sokak;155072540
HAKKARİ;YÜKSEKOVA;YENİ;1120 SOKAK;sokak;741313681
HAKKARİ;YÜKSEKOVA;YENİ;1136 SOKAK;sokak;1406401
HAKKARİ;YÜKSEKOVA;YENİ;1139 SOKAK;sokak;661043
HAKKARİ;YÜKSEKOVA;YENİ;1401 SOKAK;sokak;1008385
HAKKARİ;YÜKSEKOVA;YENİ;1402/1 SOKAK;sokak;857906811
HAKKARİ;YÜKSEKOVA;YENİ;1402/2 SOKAK;sokak;711459730
HAKKARİ;YÜKSEKOVA;YENİ;1403 SOKAK;sokak;672191
HAKKARİ;YÜKSEKOVA;YENİ;1404 SOKAK;sokak;668675
HAKKARİ;YÜKSEKOVA;YENİ;1404/1 SOKAK;sokak;796943030
HAKKARİ;YÜKSEKOVA;YENİ;1405 SOKAK;sokak;668676
HAKKARİ;YÜKSEKOVA;YENİ;1406 SOKAK;sokak;668680
HAKKARİ;YÜKSEKOVA;YENİ;1407 SOKAK;sokak;668681
HAKKARİ;YÜKSEKOVA;YENİ;1407/1 SOKAK;sokak;614029471
HAKKARİ;YÜKSEKOVA;YENİ;1408 SOKAK;sokak;672742
HAKKARİ;YÜKSEKOVA;YENİ;1409 SOKAK;sokak;1095951
HAKKARİ;YÜKSEKOVA;YENİ;1410 SOKAK;sokak;668684
HAKKARİ;YÜKSEKOVA;YENİ;1411 SOKAK;sokak;672162
HAKKARİ;YÜKSEKOVA;YENİ;1412 SOKAK;sokak;672743
HAKKARİ;YÜKSEKOVA;YENİ;1412/1 SOKAK;sokak;768792461
HAKKARİ;YÜKSEKOVA;YENİ;1413 SOKAK;sokak;668688
HAKKARİ;YÜKSEKOVA;YENİ;1414 SOKAK;sokak;668689
HAKKARİ;YÜKSEKOVA;YENİ;1415 SOKAK;sokak;668690
HAKKARİ;YÜKSEKOVA;YENİ;1416 SOKAK;sokak;668691
HAKKARİ;YÜKSEKOVA;YENİ;1417 SOKAK;sokak;669391
HAKKARİ;YÜKSEKOVA;YENİ;1418 SOKAK;sokak;669392
HAKKARİ;YÜKSEKOVA;YENİ;1419 SOKAK;sokak;668674
HAKKARİ;YÜKSEKOVA;YENİ;1420 SOKAK;sokak;168162
HAKKARİ;YÜKSEKOVA;YENİ;1421 SOKAK;sokak;669395
HAKKARİ;YÜKSEKOVA;YENİ;1422 SOKAK;sokak;668696
HAKKARİ;YÜKSEKOVA;YENİ;1423 SOKAK;sokak;894886
HAKKARİ;YÜKSEKOVA;YENİ;1424 SOKAK;sokak;900846
HAKKARİ;YÜKSEKOVA;YENİ;1425 SOKAK;sokak;668697
HAKKARİ;YÜKSEKOVA;YENİ;1426 SK SOKAK;sokak;1059383
HAKKARİ;YÜKSEKOVA;YENİ;1427 SOKAK;sokak;672164
HAKKARİ;YÜKSEKOVA;YENİ;1428 SOKAK;sokak;668699
HAKKARİ;YÜKSEKOVA;YENİ;1429 SOKAK;sokak;668701
HAKKARİ;YÜKSEKOVA;YENİ;1432 SOKAK;sokak;668705
HAKKARİ;YÜKSEKOVA;YENİ;1434 SOKAK;sokak;668710
HAKKARİ;YÜKSEKOVA;YENİ;1435 SOKAK;sokak;668712
HAKKARİ;YÜKSEKOVA;YENİ;1436 SOKAK;sokak;668714
HAKKARİ;YÜKSEKOVA;YENİ;1437 SOKAK;sokak;668717
HAKKARİ;YÜKSEKOVA;YENİ;1439 SOKAK;sokak;851488
HAKKARİ;YÜKSEKOVA;YENİ;1440 SOKAK;sokak;917874
HAKKARİ;YÜKSEKOVA;YENİ;1441 SOKAK;sokak;667712
HAKKARİ;YÜKSEKOVA;YENİ;1442 SOKAK;sokak;894238
HAKKARİ;YÜKSEKOVA;YENİ;1443 SOKAK;sokak;890677
HAKKARİ;YÜKSEKOVA;YENİ;1444 SOKAK;sokak;1155082
HAKKARİ;YÜKSEKOVA;YENİ;1445 SOKAK;sokak;920378
HAKKARİ;YÜKSEKOVA;YENİ;1446 SOKAK;sokak;917875
HAKKARİ;YÜKSEKOVA;YENİ;1447 SOKAK;sokak;1434633
HAKKARİ;YÜKSEKOVA;YENİ;1448 SOKAK;sokak;1334005
HAKKARİ;YÜKSEKOVA;YENİ;1452 SOKAK;sokak;558837970
HAKKARİ;YÜKSEKOVA;YENİ;1458 SOKAK;sokak;571120620
HAKKARİ;YÜKSEKOVA;YENİ;1459 SOKAK;sokak;452931640
HAKKARİ;YÜKSEKOVA;YENİ;1459- SOKAK;sokak;670433
HAKKARİ;YÜKSEKOVA;YENİ;1467 SOKAK;sokak;284521420
HAKKARİ;YÜKSEKOVA;YENİ;1469 SOKAK;sokak;456593231
HAKKARİ;YÜKSEKOVA;YENİ;1475 SOKAK;sokak;543413670
HAKKARİ;YÜKSEKOVA;YENİ;1482 SOKAK;sokak;412473620
HAKKARİ;YÜKSEKOVA;YENİ;1483 SOKAK;sokak;254082530
HAKKARİ;YÜKSEKOVA;YENİ;1494 SOKAK;sokak;802685271
HAKKARİ;YÜKSEKOVA;YENİ;1501 SOKAK;sokak;670436
HAKKARİ;YÜKSEKOVA;YENİ;1502 SOKAK;sokak;1413687
HAKKARİ;YÜKSEKOVA;YENİ;1503 SOKAK;sokak;692474
HAKKARİ;YÜKSEKOVA;YENİ;1504 SOKAK;sokak;692473
HAKKARİ;YÜKSEKOVA;YENİ;1505 SOKAK;sokak;989886
HAKKARİ;YÜKSEKOVA;YENİ;1506 SOKAK;sokak;277982
HAKKARİ;YÜKSEKOVA;YENİ;1507 SOKAK;sokak;856695
HAKKARİ;YÜKSEKOVA;YENİ;1508 SOKAK;sokak;277983
HAKKARİ;YÜKSEKOVA;YENİ;1509 SOKAK;sokak;277985
HAKKARİ;YÜKSEKOVA;YENİ;1510 SOKAK;sokak;277987
HAKKARİ;YÜKSEKOVA;YENİ;1510/1 SOKAK;sokak;726652190
HAKKARİ;YÜKSEKOVA;YENİ;1511 SOKAK;sokak;277988
HAKKARİ;YÜKSEKOVA;YENİ;1512 SOKAK;sokak;844174
HAKKARİ;YÜKSEKOVA;YENİ;1513 SOKAK;sokak;918442
HAKKARİ;YÜKSEKOVA;YENİ;1514 SOKAK;sokak;732415151
HAKKARİ;YÜKSEKOVA;YENİ;1515 SOKAK;sokak;277991
HAKKARİ;YÜKSEKOVA;YENİ;1516 SOKAK;sokak;549349061
HAKKARİ;YÜKSEKOVA;YENİ;1516- SOKAK;sokak;277989
HAKKARİ;YÜKSEKOVA;YENİ;1517 SOKAK;sokak;680843910
HAKKARİ;YÜKSEKOVA;YENİ;1517- SOKAK;sokak;169541
HAKKARİ;YÜKSEKOVA;YENİ;1518- SOKAK;sokak;692562
HAKKARİ;YÜKSEKOVA;YENİ;1519 SOKAK;sokak;892751
HAKKARİ;YÜKSEKOVA;YENİ;1520 SOKAK;sokak;812309
HAKKARİ;YÜKSEKOVA;YENİ;1521 SOKAK;sokak;571175901
HAKKARİ;YÜKSEKOVA;YENİ;1523 SOKAK;sokak;871178
HAKKARİ;YÜKSEKOVA;YENİ;1541 SOKAK;sokak;692563
HAKKARİ;YÜKSEKOVA;YENİ;1542 SOKAK;sokak;844533
HAKKARİ;YÜKSEKOVA;YENİ;ALP 1 SOKAK;sokak;98265119
HAKKARİ;YÜKSEKOVA;YENİ;ALP 2 SOKAK;sokak;973706881
HAKKARİ;YÜKSEKOVA;YENİ;CENGIZ TOPEL CADDE;cadde;271930
HAKKARİ;YÜKSEKOVA;YENİ;ÇEVRE YOLU CADDE;cadde;1416581
HAKKARİ;YÜKSEKOVA;YENİ;DAGLICA YOLU CADDE;cadde;271929
HAKKARİ;YÜKSEKOVA;YENİ;DAĞLICA- CADDE;cadde;670441
HAKKARİ;YÜKSEKOVA;YENİ;DİLEKLİ KAMPI 1163 SK- SOKAK;sokak;973920
HAKKARİ;YÜKSEKOVA;YENİ;GÜNGÖR CADDE;cadde;271910
HAKKARİ;YÜKSEKOVA;YENİ;HAL SOKAK;sokak;1426945
HAKKARİ;YÜKSEKOVA;YENİ;HAVALIMANI CADDE;cadde;1404165
HAKKARİ;YÜKSEKOVA;YENİ;HECİ MUSA CADDE;cadde;672733
HAKKARİ;YÜKSEKOVA;YENİ;IPEK YOLU CADDE;cadde;175336
HAKKARİ;YÜKSEKOVA;YENİ;MILLI EGEMENLIK CADDE;cadde;175334
HAKKARİ;YÜKSEKOVA;YENİ;MİLLİ EGEMENLİK1 CADDE;cadde;817008090
HAKKARİ;YÜKSEKOVA;YENİ;TASLAKKYOLL SOKAK;sokak;675836411
HAKKARİ;YÜKSEKOVA;YENİ;YENİYOL SOKAK;sokak;581069720
HAKKARİ;YÜKSEKOVA;YENİIŞIK - ALACIK;ALACIK KÜME EVLER;sokak;634217
HAKKARİ;YÜKSEKOVA;YENİIŞIK - BASAMAK;BASAMAK KÜME EVLER;sokak;650901
HAKKARİ;YÜKSEKOVA;YENİIŞIK - MEZRA;MEZRA KÜME EVLER;sokak;649656
HAKKARİ;YÜKSEKOVA;YENİIŞIK - YUKARI ULUKBAŞI;YUKARI ULUKBASI KÜME EVLER;sokak;337121
HAKKARİ;YÜKSEKOVA;YENİIŞIK NA;KÖYÜN KENDISI KÜME EVLER;sokak;84953
HAKKARİ;YÜKSEKOVA;YEŞİLDERE;2.CAD CADDE;cadde;398050
HAKKARİ;YÜKSEKOVA;YEŞİLDERE;201 SOKAK;sokak;176550
HAKKARİ;YÜKSEKOVA;YEŞİLDERE;202 SOKAK;sokak;176551
HAKKARİ;YÜKSEKOVA;YEŞİLDERE;203 SOKAK;sokak;161856
HAKKARİ;YÜKSEKOVA;YEŞİLDERE;204 SOKAK;sokak;176552
HAKKARİ;YÜKSEKOVA;YEŞİLDERE;205 SOKAK;sokak;176554
HAKKARİ;YÜKSEKOVA;YEŞİLDERE;206 SOKAK;sokak;260604
HAKKARİ;YÜKSEKOVA;YEŞİLDERE;207 SOKAK;sokak;654601070
HAKKARİ;YÜKSEKOVA;YEŞİLDERE;209 CADDE;cadde;483172670
HAKKARİ;YÜKSEKOVA;YEŞİLDERE;210 SOKAK;sokak;260606
HAKKARİ;YÜKSEKOVA;YEŞİLDERE;211 SOKAK;sokak;260607
HAKKARİ;YÜKSEKOVA;YEŞİLDERE;212 SOKAK;sokak;161862
HAKKARİ;YÜKSEKOVA;YEŞİLDERE;213 SOKAK;sokak;1333201
HAKKARİ;YÜKSEKOVA;YEŞİLDERE;214 SOKAK;sokak;260361
HAKKARİ;YÜKSEKOVA;YEŞİLDERE;215 CADDE;cadde;240749570
HAKKARİ;YÜKSEKOVA;YEŞİLDERE;216 SOKAK;sokak;161863
HAKKARİ;YÜKSEKOVA;YEŞİLDERE;217 SOKAK;sokak;143586261
HAKKARİ;YÜKSEKOVA;YEŞİLDERE;218 SOKAK;sokak;260364
HAKKARİ;YÜKSEKOVA;YEŞİLDERE;219 SOKAK;sokak;136689671
HAKKARİ;YÜKSEKOVA;YEŞİLDERE;220 SOKAK;sokak;622375160
HAKKARİ;YÜKSEKOVA;YEŞİLDERE;221 SOKAK;sokak;933102090
HAKKARİ;YÜKSEKOVA;YEŞİLDERE;222 SOKAK;sokak;679596761
HAKKARİ;YÜKSEKOVA;YEŞİLDERE;223 SOKAK;sokak;220326920
HAKKARİ;YÜKSEKOVA;YEŞİLDERE;224 SOKAK;sokak;260605
HAKKARİ;YÜKSEKOVA;YEŞİLDERE;225 SOKAK;sokak;134672611
HAKKARİ;YÜKSEKOVA;YEŞİLDERE;226 SOKAK;sokak;113388371
HAKKARİ;YÜKSEKOVA;YEŞİLDERE;227 SOKAK;sokak;310900201
HAKKARİ;YÜKSEKOVA;YEŞİLDERE;228 SOKAK;sokak;914494471
HAKKARİ;YÜKSEKOVA;YEŞİLDERE;230 SOKAK;sokak;149744140
HAKKARİ;YÜKSEKOVA;YEŞİLDERE;231 SOKAK;sokak;646048871
HAKKARİ;YÜKSEKOVA;YEŞİLDERE;232 SOKAK;sokak;793024770
HAKKARİ;YÜKSEKOVA;YEŞİLDERE;341 SOKAK;sokak;789144700
HAKKARİ;YÜKSEKOVA;YEŞİLDERE;ANADOLU CADDE;cadde;398049
HAKKARİ;YÜKSEKOVA;YEŞİLDERE;CENGIZ TOPEL CADDE;cadde;217357
HAKKARİ;YÜKSEKOVA;YEŞİLDERE;NEDIM ZEYDAN CADDE;cadde;666400
HAKKARİ;YÜKSEKOVA;YEŞİLDERE;TASLAK YOL3 SOKAK;sokak;269648331
HAKKARİ;YÜKSEKOVA;YEŞİLDERE;YESILDERE CADDE;cadde;666395
HAKKARİ;YÜKSEKOVA;YEŞİLTAŞ NA;DARICA KÜME EVLER;sokak;820127091
HAKKARİ;YÜKSEKOVA;YEŞİLTAŞ NA;KÖYÜN KENDİSİ KÜME EVLER;sokak;529994
HAKKARİ;YÜKSEKOVA;YONCALIK;ÇEVRELI KÜME EVLER;sokak;649038
HAKKARİ;YÜKSEKOVA;YONCALIK;KÖYÜN KENDISI KÜME EVLER;sokak;23706
HAKKARİ;YÜKSEKOVA;YÜREKLİ NA;YÜREKLİ KÜME EVLER;sokak;607484
