il;ilce;mahalle;cadde_sokak;tip;uavt_kodu
KASTAMONU;ABANA;AKÇAM - AKÇAM(MACA);AKÇAM MACA KÜME EVLER;sokak;114689
KASTAMONU;ABANA;AKÇAM - ALİ KAHYA;ALİ KAHYA KÜME EVLER;sokak;486035
KASTAMONU;ABANA;AKÇAM - KUZGUN;KUZGUN KÜME EVLER;sokak;486033
KASTAMONU;ABANA;AKÇAM - MÜSELLİM;MÜSELLİM KÜME EVLER;sokak;114709
KASTAMONU;ABANA;AKÇAM - TARAKÇI;TARAKÇI KÜME EVLER;sokak;486032
KASTAMONU;ABANA;AKÇAM - TEPE;TEPE KÜME EVLER;sokak;115448
KASTAMONU;ABANA;AKÇAM - ZİRAATLIK;ZİRAATLIK KÜME EVLER;sokak;486031
KASTAMONU;ABANA;ALTIKULAÇ - ALTIKULAÇ (KADI);ALTIKULAÇ KADI KÜME EVLER;sokak;477678
KASTAMONU;ABANA;ALTIKULAÇ - ÇÖLMEK;ÇÖLMEK KÜME EVLER;sokak;477676
KASTAMONU;ABANA;ALTIKULAÇ - KERİM;KERİM KÜME EVLER;sokak;477680
KASTAMONU;ABANA;ALTIKULAÇ - KIŞLACIK;KIŞLACIK KÜME EVLER;sokak;477677
KASTAMONU;ABANA;ALTIKULAÇ - ORZA;ORZA KÜME EVLER;sokak;477545
KASTAMONU;ABANA;ALTIKULAÇ - PAŞA;PAŞA KÜME EVLER;sokak;474715
KASTAMONU;ABANA;BAĞLIK;1 SOKAK;sokak;530184
KASTAMONU;ABANA;BAĞLIK;1. 1. SOKAK;sokak;719659740
KASTAMONU;ABANA;BAĞLIK;1. CADDE;cadde;518518
KASTAMONU;ABANA;BAĞLIK;10 SOKAK;sokak;118181
KASTAMONU;ABANA;BAĞLIK;11 SOKAK;sokak;530351
KASTAMONU;ABANA;BAĞLIK;12 SOKAK;sokak;529121
KASTAMONU;ABANA;BAĞLIK;13 1. SOKAK;sokak;508568221
KASTAMONU;ABANA;BAĞLIK;13 SOKAK;sokak;529124
KASTAMONU;ABANA;BAĞLIK;14 SOKAK;sokak;541746
KASTAMONU;ABANA;BAĞLIK;15 SOKAK;sokak;530361
KASTAMONU;ABANA;BAĞLIK;16 SOKAK;sokak;535633
KASTAMONU;ABANA;BAĞLIK;17 SOKAK;sokak;518514
KASTAMONU;ABANA;BAĞLIK;18 SOKAK;sokak;519994
KASTAMONU;ABANA;BAĞLIK;19 SOKAK;sokak;519992
KASTAMONU;ABANA;BAĞLIK;2 SOKAK;sokak;527143
KASTAMONU;ABANA;BAĞLIK;2. CADDE;cadde;461728
KASTAMONU;ABANA;BAĞLIK;20 SOKAK;sokak;519991
KASTAMONU;ABANA;BAĞLIK;21 SOKAK;sokak;519984
KASTAMONU;ABANA;BAĞLIK;22 SOKAK;sokak;118180
KASTAMONU;ABANA;BAĞLIK;23. SOKAK;sokak;118178
KASTAMONU;ABANA;BAĞLIK;24 SOKAK;sokak;118179
KASTAMONU;ABANA;BAĞLIK;25 SOKAK;sokak;516006
KASTAMONU;ABANA;BAĞLIK;26 SOKAK;sokak;516008
KASTAMONU;ABANA;BAĞLIK;27 SOKAK;sokak;397411
KASTAMONU;ABANA;BAĞLIK;28 SOKAK;sokak;118305
KASTAMONU;ABANA;BAĞLIK;29 SOKAK;sokak;461712
KASTAMONU;ABANA;BAĞLIK;3 SOKAK;sokak;518517
KASTAMONU;ABANA;BAĞLIK;30 SOKAK;sokak;959534
KASTAMONU;ABANA;BAĞLIK;31 SOKAK;sokak;118306
KASTAMONU;ABANA;BAĞLIK;32 SOKAK;sokak;118308
KASTAMONU;ABANA;BAĞLIK;33 SOKAK;sokak;531057
KASTAMONU;ABANA;BAĞLIK;34 SOKAK;sokak;528971
KASTAMONU;ABANA;BAĞLIK;35 SOKAK;sokak;523977
KASTAMONU;ABANA;BAĞLIK;36 SOKAK;sokak;532498
KASTAMONU;ABANA;BAĞLIK;4 SOKAK;sokak;517716
KASTAMONU;ABANA;BAĞLIK;5 SOKAK;sokak;517717
KASTAMONU;ABANA;BAĞLIK;6 SOKAK;sokak;518516
KASTAMONU;ABANA;BAĞLIK;7 SOKAK;sokak;517715
KASTAMONU;ABANA;BAĞLIK;8 SOKAK;sokak;518515
KASTAMONU;ABANA;BAĞLIK;9 SOKAK;sokak;531681
KASTAMONU;ABANA;BAĞLIK;DÜNDAR ŞENOL SOKAK;sokak;859387511
KASTAMONU;ABANA;BAĞLIK;PEHLİVAN İSMAİL SOKAK;sokak;492446430
KASTAMONU;ABANA;BAĞLIK;ZEKİ ABANA SOKAK;sokak;949871791
KASTAMONU;ABANA;ÇAMPINAR - ÇAMPINAR;ÇAMPINAR KÜME EVLER;sokak;475911
KASTAMONU;ABANA;ÇAMPINAR - KARAHACILAR;KARAHACILAR KÜME EVLER;sokak;486018
KASTAMONU;ABANA;ÇAMPINAR - KOVALAK;KOVALAK KÜME EVLER;sokak;474709
KASTAMONU;ABANA;ÇAMPINAR - MANAV;MANAV KÜME EVLER;sokak;477201
KASTAMONU;ABANA;ÇAYIRCIK;ÇAYIRCIK MERKEZ KÜMESİ KÜME EVLER;sokak;254795
KASTAMONU;ABANA;DENİZBÜKÜ - DENİZBÜKÜ;DENİZBÜKÜ KÜME EVLER;sokak;36983
KASTAMONU;ABANA;DENİZBÜKÜ - KİRENPINARI;KİRENPINARI KÜME EVLER;sokak;484142
KASTAMONU;ABANA;ELMAÇUKURU - AŞÇI;AŞÇI KÜME EVLER;sokak;481928
KASTAMONU;ABANA;ELMAÇUKURU - ELMAÇUKURU;ELMAÇUKURU KÜME EVLER;sokak;474693
KASTAMONU;ABANA;ELMAÇUKURU - ZİYRATLIK;ZİYRATLIK KÜME EVLER;sokak;474698
KASTAMONU;ABANA;GÖYNÜKLER - GÖYNÜKLER;GÖYNÜKLER KÜME EVLER;sokak;478952
KASTAMONU;ABANA;GÖYNÜKLER - GÜLEN;GÜLEN KÜME EVLER;sokak;401289
KASTAMONU;ABANA;GÖYNÜKLER - KALAFAT;KALAFAT KÜME EVLER;sokak;401288
KASTAMONU;ABANA;GÖYNÜKLER - KONAK;KONAK KÜME EVLER;sokak;401283
KASTAMONU;ABANA;GÖYNÜKLER - MACAR;MACAR KÜME EVLER;sokak;401287
KASTAMONU;ABANA;GÖYNÜKLER - MOLLAAHMET;MOLLAAHMET KÜME EVLER;sokak;114643
KASTAMONU;ABANA;GÖYNÜKLER - RECEP;RECEP KÜME EVLER;sokak;401284
KASTAMONU;ABANA;GÖYNÜKLER - TERZİ;TERZİ KÜME EVLER;sokak;114647
KASTAMONU;ABANA;HACIVELİ;ABANA ÇATALZEYTİN YOLU BULVAR;sokak;265003631
KASTAMONU;ABANA;HACIVELİ;AYHAN YORGANCI CADDE;cadde;487060
KASTAMONU;ABANA;HACIVELİ;BAHATTİN YORGANCI 1. SOKAK;sokak;650761350
KASTAMONU;ABANA;HACIVELİ;ÇAYIRCIK MERKEZ KÜMESİ KÜME EVLER;sokak;706109280
KASTAMONU;ABANA;HACIVELİ;MUSTAFA SARI SOKAK;sokak;239935201
KASTAMONU;ABANA;HACIVELİ;ÖMER YORGANCI 1. SOKAK;sokak;427403081
KASTAMONU;ABANA;HACIVELİ;ÖMER YORGANCI 2. SOKAK;sokak;190605080
KASTAMONU;ABANA;HACIVELİ;ÖMER YORGANCI SOKAK;sokak;254796
KASTAMONU;ABANA;KADIYUSUF - KADIYUSUF;KADIYUSUF KÜME EVLER;sokak;474711
KASTAMONU;ABANA;KADIYUSUF - KARTAL;KARTAL KÜME EVLER;sokak;477215
KASTAMONU;ABANA;KADIYUSUF - SOLTU;SOLTU KÜME EVLER;sokak;474713
KASTAMONU;ABANA;KONAKÖREN;ASLAN KARTAL SOKAK;sokak;509586
KASTAMONU;ABANA;KONAKÖREN;AZİME GÜLSEVEN ABANA SOKAK;sokak;468163
KASTAMONU;ABANA;KONAKÖREN;BÜLENT ECEVİT 1. SOKAK;sokak;860905940
KASTAMONU;ABANA;KONAKÖREN;BÜLENT ECEVİT 2. SOKAK;sokak;617469541
KASTAMONU;ABANA;KONAKÖREN;BÜLENT ECEVİT CADDE;cadde;520647
KASTAMONU;ABANA;KONAKÖREN;CEMAL MAKARACI SOKAK;sokak;505294
KASTAMONU;ABANA;KONAKÖREN;ÇÖRÜZ CEMAL SOKAK;sokak;502510
KASTAMONU;ABANA;KONAKÖREN;DİKMENLER SOKAK;sokak;468173
KASTAMONU;ABANA;KONAKÖREN;FUAT ÜNAL SOKAK;sokak;84826
KASTAMONU;ABANA;KONAKÖREN;HAYRİ ŞENGÜL SOKAK;sokak;510916
KASTAMONU;ABANA;KONAKÖREN;HOROZ HİKMET SOKAK;sokak;510090
KASTAMONU;ABANA;KONAKÖREN;İBRAHİM YONAR SOKAK;sokak;513608
KASTAMONU;ABANA;KONAKÖREN;İSMAİL CAN SOKAK;sokak;502522
KASTAMONU;ABANA;KONAKÖREN;KAMİL YAZGAN SOKAK;sokak;510911
KASTAMONU;ABANA;KONAKÖREN;KARTAL SOKAK;sokak;518478
KASTAMONU;ABANA;KONAKÖREN;LÜTFİ AYDINER SOKAK;sokak;510917
KASTAMONU;ABANA;KONAKÖREN;MEHMET ÖZÜMPEK SOKAK;sokak;510920
KASTAMONU;ABANA;KONAKÖREN;MEHMET ŞENGÜL SOKAK;sokak;510919
KASTAMONU;ABANA;KONAKÖREN;METİN YUVARLAK SOKAK;sokak;513629
KASTAMONU;ABANA;KONAKÖREN;MİTHAT ÖZGÜN SOKAK;sokak;505290
KASTAMONU;ABANA;KONAKÖREN;MUSTAFA DİCEL 1. SOKAK;sokak;554238340
KASTAMONU;ABANA;KONAKÖREN;MUSTAFA DİCEL 2. SOKAK;sokak;227210470
KASTAMONU;ABANA;KONAKÖREN;MUSTAFA DİCEL SOKAK;sokak;509238
KASTAMONU;ABANA;KONAKÖREN;MUSTAFA ŞEKERCİ SOKAK;sokak;510109
KASTAMONU;ABANA;KONAKÖREN;MUZAFFER GÜRSOY SOKAK;sokak;513616
KASTAMONU;ABANA;KONAKÖREN;MUZAFFER TIĞLI SOKAK;sokak;500980
KASTAMONU;ABANA;KONAKÖREN;MUZAFFER TUNCER SOKAK;sokak;488119
KASTAMONU;ABANA;KONAKÖREN;NAİM ÖZGÜN SOKAK;sokak;509232
KASTAMONU;ABANA;KONAKÖREN;NECMİ TIĞLI SOKAK;sokak;510918
KASTAMONU;ABANA;KONAKÖREN;NEVZAT AKTAN SOKAK;sokak;521883
KASTAMONU;ABANA;KONAKÖREN;NİHAT KANDEMİR SOKAK;sokak;505298
KASTAMONU;ABANA;KONAKÖREN;ORMANCI MEHMET SOKAK;sokak;509587
KASTAMONU;ABANA;KONAKÖREN;SABRİ KALAFAT CADDE;cadde;443409
KASTAMONU;ABANA;KONAKÖREN;SABRİ TIĞLI CADDE;cadde;256411
KASTAMONU;ABANA;KONAKÖREN;SAMİ ÜNAL SOKAK;sokak;84827
KASTAMONU;ABANA;KONAKÖREN;SEYFETTİN UYANIK CADDE;cadde;393272421
KASTAMONU;ABANA;KONAKÖREN;SÜLEYMAN TATLISÖZ SOKAK;sokak;500966
KASTAMONU;ABANA;KONAKÖREN;TAMER ÖZGÜN SOKAK;sokak;509734
KASTAMONU;ABANA;KONAKÖREN;TORNACI MEHMET SOKAK;sokak;505286
KASTAMONU;ABANA;KONAKÖREN;URFA SOKAK;sokak;500981
KASTAMONU;ABANA;KONAKÖREN;ÜMİT GÜNEYSU 1. SOKAK;sokak;352196740
KASTAMONU;ABANA;KONAKÖREN;ÜMİT GÜNEYSU SOKAK;sokak;508441
KASTAMONU;ABANA;KONAKÖREN;YILDIRIM 1. SOKAK;sokak;154297490
KASTAMONU;ABANA;KONAKÖREN;YILDIRIM SOKAK;sokak;510717
KASTAMONU;ABANA;KONAKÖREN;ZABIT MEHMET SOKAK;sokak;510718
KASTAMONU;ABANA;KONAKÖREN;ZİYA DOĞAN SOKAK;sokak;505283
KASTAMONU;ABANA;KONAKÖREN;ZİYA ŞEN SOKAK;sokak;510914
KASTAMONU;ABANA;MERKEZ;1. CADDE;cadde;367376900
KASTAMONU;ABANA;MERKEZ;2 SOKAK;sokak;661252871
KASTAMONU;ABANA;MERKEZ;2. CADDE;cadde;482273830
KASTAMONU;ABANA;MERKEZ;ABDULLAH SARAÇ SOKAK;sokak;611707
KASTAMONU;ABANA;MERKEZ;AHMET ACAR SOKAK;sokak;490888
KASTAMONU;ABANA;MERKEZ;AHMET ÖMÜR 1. SOKAK;sokak;929853651
KASTAMONU;ABANA;MERKEZ;AHMET ÖMÜR SOKAK;sokak;84468
KASTAMONU;ABANA;MERKEZ;AHMET ŞENGÜL SOKAK;sokak;267449
KASTAMONU;ABANA;MERKEZ;AKKAYA SOKAK;sokak;649952
KASTAMONU;ABANA;MERKEZ;AKTAN SABRİ SOKAK;sokak;348013
KASTAMONU;ABANA;MERKEZ;ALAATTİN OKYAY SOKAK;sokak;488131
KASTAMONU;ABANA;MERKEZ;AZİZ ŞENGÖR SOKAK;sokak;279426
KASTAMONU;ABANA;MERKEZ;BAHATTİN YORGANCI 1. SOKAK;sokak;283961330
KASTAMONU;ABANA;MERKEZ;BAHATTİN YORGANCI 2. SOKAK;sokak;542644290
KASTAMONU;ABANA;MERKEZ;BAHATTİN YORGANCI CADDE;cadde;490478
KASTAMONU;ABANA;MERKEZ;BURHAN SARAÇ SOKAK;sokak;532954
KASTAMONU;ABANA;MERKEZ;CUMHURİYET MEYDAN;sokak;482846
KASTAMONU;ABANA;MERKEZ;ÇAYIRCIK MERKEZ KÜMESİ KÜME EVLER;sokak;786790651
KASTAMONU;ABANA;MERKEZ;ÇETO SOKAK;sokak;527165
KASTAMONU;ABANA;MERKEZ;DEMİRCİ HALİT SOKAK;sokak;490897
KASTAMONU;ABANA;MERKEZ;DIBIL SOKAK;sokak;106417
KASTAMONU;ABANA;MERKEZ;DÜNDAR ŞENOL SOKAK;sokak;527149
KASTAMONU;ABANA;MERKEZ;ESAT YILMAZER SOKAK;sokak;348012
KASTAMONU;ABANA;MERKEZ;FEHMİ YÜCEL SOKAK;sokak;625511
KASTAMONU;ABANA;MERKEZ;FETHİ KEŞEPLİ SOKAK;sokak;125556
KASTAMONU;ABANA;MERKEZ;FIRINCI AHMET SOKAK;sokak;493263
KASTAMONU;ABANA;MERKEZ;FİLİZ MEHMET SOKAK;sokak;527008
KASTAMONU;ABANA;MERKEZ;GALATALI SOKAK;sokak;519441
KASTAMONU;ABANA;MERKEZ;GARİP SOKAK;sokak;536010
KASTAMONU;ABANA;MERKEZ;GAZALİ MUSTAFA SOKAK;sokak;527140
KASTAMONU;ABANA;MERKEZ;GAZİ SOKAK;sokak;471821
KASTAMONU;ABANA;MERKEZ;GÜLSÜM GÖZTÜRK SOKAK;sokak;1309161
KASTAMONU;ABANA;MERKEZ;HADİ SAKA SOKAK;sokak;497738
KASTAMONU;ABANA;MERKEZ;HAMDİ MOĞOL SOKAK;sokak;1309163
KASTAMONU;ABANA;MERKEZ;HAYRİ AYDEMİR SOKAK;sokak;531050
KASTAMONU;ABANA;MERKEZ;HİKMET ŞENGÖR SOKAK;sokak;498030
KASTAMONU;ABANA;MERKEZ;HİLMİ HOCA SOKAK;sokak;497635
KASTAMONU;ABANA;MERKEZ;HİLMİ URAN CADDE;cadde;256414
KASTAMONU;ABANA;MERKEZ;HÜSEYİN ERTÜRK SOKAK;sokak;490905
KASTAMONU;ABANA;MERKEZ;HÜSEYİN ÖZDEN SOKAK;sokak;1309169
KASTAMONU;ABANA;MERKEZ;İBRAHİM TÜLEK SOKAK;sokak;354957
KASTAMONU;ABANA;MERKEZ;İHSAN ABANA SOKAK;sokak;613948
KASTAMONU;ABANA;MERKEZ;İNÖNÜ CADDE;cadde;443411
KASTAMONU;ABANA;MERKEZ;KAMİL DEMİRCİOĞLU 1. SOKAK;sokak;472148951
KASTAMONU;ABANA;MERKEZ;KAMİL DEMİRCİOĞLU CADDE;cadde;256415
KASTAMONU;ABANA;MERKEZ;KARA AHMET SOKAK;sokak;523216
KASTAMONU;ABANA;MERKEZ;KATİP AHMET SOKAK;sokak;490063
KASTAMONU;ABANA;MERKEZ;KAZIM YAZKAN CADDE;cadde;256417
KASTAMONU;ABANA;MERKEZ;KEMAL CAN SOKAK;sokak;489094
KASTAMONU;ABANA;MERKEZ;KIRIK ZİYA SOKAK;sokak;1309171
KASTAMONU;ABANA;MERKEZ;MACİT SÖNMEZ SOKAK;sokak;486751
KASTAMONU;ABANA;MERKEZ;MAHMUT TÜRE ŞEKERCİ CADDE;cadde;443410
KASTAMONU;ABANA;MERKEZ;MEHMET ŞENSOY SOKAK;sokak;497156
KASTAMONU;ABANA;MERKEZ;MESUT YILMAZ SOKAK;sokak;472316
KASTAMONU;ABANA;MERKEZ;MİMOZA SOKAK;sokak;539962291
KASTAMONU;ABANA;MERKEZ;MUSTAFA AYDIN SOKAK;sokak;493677
KASTAMONU;ABANA;MERKEZ;MUSTAFA SARI SOKAK;sokak;494136
KASTAMONU;ABANA;MERKEZ;MUSTAFA SELÇUK SOKAK;sokak;497736
KASTAMONU;ABANA;MERKEZ;NACİYE ERGİN 1. SOKAK;sokak;895812680
KASTAMONU;ABANA;MERKEZ;NACİYE ERGİN SOKAK;sokak;485710
KASTAMONU;ABANA;MERKEZ;NADİ MERİÇ SOKAK;sokak;497150
KASTAMONU;ABANA;MERKEZ;NAİME ŞENOL SOKAK;sokak;932173
KASTAMONU;ABANA;MERKEZ;NAZIM ÖNÜRALP SOKAK;sokak;498993
KASTAMONU;ABANA;MERKEZ;NECATİ ÇAKICI SOKAK;sokak;498989
KASTAMONU;ABANA;MERKEZ;NECATİ YILMAZ SOKAK;sokak;535504
KASTAMONU;ABANA;MERKEZ;NEJDET DENGİZER SOKAK;sokak;1309173
KASTAMONU;ABANA;MERKEZ;NURİNİN AHMET SOKAK;sokak;486752
KASTAMONU;ABANA;MERKEZ;OKSAL YORGANCI SOKAK;sokak;256412
KASTAMONU;ABANA;MERKEZ;OSMAN IŞIK SOKAK;sokak;523931
KASTAMONU;ABANA;MERKEZ;PALA AHMET SOKAK;sokak;267452
KASTAMONU;ABANA;MERKEZ;PEHLİVAN İSMAİL SOKAK;sokak;532944
KASTAMONU;ABANA;MERKEZ;POSTACI MAHİR 1. SOKAK;sokak;749210320
KASTAMONU;ABANA;MERKEZ;POSTACI MAHİR SOKAK;sokak;348014
KASTAMONU;ABANA;MERKEZ;RAFET DEMİRTAŞ SOKAK;sokak;472319
KASTAMONU;ABANA;MERKEZ;RAMİZ AYKIN 1. SOKAK;sokak;297376320
KASTAMONU;ABANA;MERKEZ;RAMİZ AYKIN SOKAK;sokak;256413
KASTAMONU;ABANA;MERKEZ;RASİM KALAYCI SOKAK;sokak;523289
KASTAMONU;ABANA;MERKEZ;RECEP AYGEN SOKAK;sokak;497146
KASTAMONU;ABANA;MERKEZ;RECEP KAYA SOKAK;sokak;1309175
KASTAMONU;ABANA;MERKEZ;RIZA AKIN SOKAK;sokak;348009
KASTAMONU;ABANA;MERKEZ;RIZA ÇELİKBAŞ SOKAK;sokak;26523
KASTAMONU;ABANA;MERKEZ;RUHİ TANER SOKAK;sokak;26484
KASTAMONU;ABANA;MERKEZ;SABAHAT YILMAZ SOKAK;sokak;1092292
KASTAMONU;ABANA;MERKEZ;SABRİ YEĞİN 1. SOKAK;sokak;405713580
KASTAMONU;ABANA;MERKEZ;SABRİ YEĞİN SOKAK;sokak;256416
KASTAMONU;ABANA;MERKEZ;SADETTİN ÖZDEN SOKAK;sokak;534245
KASTAMONU;ABANA;MERKEZ;SAFFET DEMİRTAŞ SOKAK;sokak;256422
KASTAMONU;ABANA;MERKEZ;SALİM GÜRSOY SOKAK;sokak;531049
KASTAMONU;ABANA;MERKEZ;SELAHATTİN KETENCİ 1. SOKAK;sokak;566461510
KASTAMONU;ABANA;MERKEZ;SELAHATTİN KETENCİ SOKAK;sokak;494905
KASTAMONU;ABANA;MERKEZ;SELAHATTİN SOYDAN SOKAK;sokak;106427
KASTAMONU;ABANA;MERKEZ;SEYFETTİN UYANIK CADDE;cadde;526054
KASTAMONU;ABANA;MERKEZ;SOBACI MUHİTTİN SOKAK;sokak;530189
KASTAMONU;ABANA;MERKEZ;SUAT ÇAĞLAR SOKAK;sokak;487810
KASTAMONU;ABANA;MERKEZ;ŞAHAP ŞENOL SOKAK;sokak;497147
KASTAMONU;ABANA;MERKEZ;ŞUAYİP ÇELİKKOL SOKAK;sokak;497153
KASTAMONU;ABANA;MERKEZ;TAHSİN COŞKAN CADDE;cadde;256418
KASTAMONU;ABANA;MERKEZ;TURAN FERİK SOKAK;sokak;472317
KASTAMONU;ABANA;MERKEZ;UĞUR MUMCU BULVAR;sokak;525742
KASTAMONU;ABANA;MERKEZ;VEDAT GÜRSOY SOKAK;sokak;523907
KASTAMONU;ABANA;MERKEZ;VELİ KENAN ŞENER SOKAK;sokak;498999
KASTAMONU;ABANA;MERKEZ;YAŞAR AKIN SOKAK;sokak;523930
KASTAMONU;ABANA;MERKEZ;YURDAKUL ŞENOL SOKAK;sokak;497157
KASTAMONU;ABANA;MERKEZ;YÜCEL TÜRKBEN CADDE;cadde;256419
KASTAMONU;ABANA;MERKEZ;YÜKSEL SOKAK;sokak;256420
KASTAMONU;ABANA;MERKEZ;ZEKAYİ SÜMER SOKAK;sokak;526168
KASTAMONU;ABANA;MERKEZ;ZEKİ ABANA SOKAK;sokak;267450
KASTAMONU;ABANA;MERKEZ;ZEYTİNLİK CADDE;cadde;256421
KASTAMONU;ABANA;MERKEZ;ZİYA SARI SOKAK;sokak;497469
KASTAMONU;ABANA;YAKABAŞI - BADIMANA;BANDIMANA KÜME EVLER;sokak;401279
KASTAMONU;ABANA;YAKABAŞI - KOÇ;KOÇ KÜME EVLER;sokak;477681
KASTAMONU;ABANA;YAKABAŞI - YAKABAŞI(YAYLAS);YAKABAŞI YAYLASI KÜME EVLER;sokak;401277
KASTAMONU;ABANA;YEMENİ - HAMZA;HAMZA KÜME EVLER;sokak;22655
KASTAMONU;ABANA;YEMENİ - KAYIŞ;KAYIŞ KÜME EVLER;sokak;22711
KASTAMONU;ABANA;YEMENİ - KURTLAMA;KURTLAMA KÜME EVLER;sokak;22709
KASTAMONU;ABANA;YEMENİ - YEMENİ;YEMENİ KÜME EVLER;sokak;36994
KASTAMONU;ABANA;YEŞİLYUVA - ALİ ONBAŞI;ALİ ONBAŞI KÜME EVLER;sokak;477551
KASTAMONU;ABANA;YEŞİLYUVA - DELES;DELES KÜME EVLER;sokak;401301
KASTAMONU;ABANA;YEŞİLYUVA - NADAR;MUHAREM YILDIRIM KÜME EVLER;sokak;117223
KASTAMONU;ABANA;YEŞİLYUVA - OLUKYANI;OLUKYANI KÜME EVLER;sokak;475053
KASTAMONU;ABANA;YEŞİLYUVA - YEŞİLYUVA;YEŞİLYUVA KÜME EVLER;sokak;401299
KASTAMONU;AĞLI;ADALAR - MERKEZ;MERKEZ KÜME EVLER;sokak;481833
KASTAMONU;AĞLI;ADALAR - OSMANÇELEBİ;OSMANÇELEBİ KÜME EVLER;sokak;484261
KASTAMONU;AĞLI;AKÇAKESE - BAYRAM GAZİ;BAYRAM GAZİ KÜME EVLER;sokak;479580
KASTAMONU;AĞLI;AKÇAKESE - EVRENLER;EVRENLER KÜME EVLER;sokak;347665
KASTAMONU;AĞLI;AKÇAKESE - KOCABAŞ;KOCABAŞ KÜME EVLER;sokak;31373
KASTAMONU;AĞLI;AKÇAKESE - MERKEZ;MERKEZ KÜME EVLER;sokak;354997
KASTAMONU;AĞLI;AKÇAKESE - MIRLAVAT;MIRLAVAT KÜME EVLER;sokak;354992
KASTAMONU;AĞLI;AKÇAKESE - ÖCÜR;ÖCÜR KÜME EVLER;sokak;485775
KASTAMONU;AĞLI;AKÇAKESE - PAŞAOĞLU;PAŞAOĞLU KÜME EVLER;sokak;479578
KASTAMONU;AĞLI;AKÇAKESE - TAVLIOĞLU;TAVLIOĞLU KÜME EVLER;sokak;470907
KASTAMONU;AĞLI;AKDİVAN - BALCA;BALCA KÜME EVLER;sokak;490896
KASTAMONU;AĞLI;AKDİVAN - KIZILCAELMA;KIZILCAELMA KÜME EVLER;sokak;497148
KASTAMONU;AĞLI;AKDİVAN - KOÇCUĞAZ;KOÇCUĞAZ KÜME EVLER;sokak;492311
KASTAMONU;AĞLI;AKDİVAN - MERKEZ;MERKEZ KÜME EVLER;sokak;489069
KASTAMONU;AĞLI;AKDİVAN - ORNU;ORNU KÜME EVLER;sokak;492319
KASTAMONU;AĞLI;ALINCA;AĞLI SOKAK;sokak;270318550
KASTAMONU;AĞLI;ALINCA;ALINCA KÜME EVLER;sokak;256423
KASTAMONU;AĞLI;ALINCA;İSKENDER KÜME EVLER;sokak;256425
KASTAMONU;AĞLI;ALINCA;KAGİRPINARI KÜME EVLER;sokak;256424
KASTAMONU;AĞLI;BEREKETLİ - CAMİ YANI;CAMİ YANI KÜME EVLER;sokak;490687
KASTAMONU;AĞLI;BEREKETLİ - ÇAPAL;ÇAPAL KÜME EVLER;sokak;490679
KASTAMONU;AĞLI;BEREKETLİ - KAYABAŞI;KAYABAŞI KÜME EVLER;sokak;485303
KASTAMONU;AĞLI;BEREKETLİ - KESİM;KESİM KÜME EVLER;sokak;479628
KASTAMONU;AĞLI;BEREKETLİ - MERKEZ;MERKEZ KÜME EVLER;sokak;483515
KASTAMONU;AĞLI;BEREKETLİ - ŞEYHOĞLU;ŞEYHOĞLU KÜME EVLER;sokak;490645
KASTAMONU;AĞLI;DANACI;AŞAĞIGERİŞ 2 SOKAK;sokak;317788300
KASTAMONU;AĞLI;DANACI;AŞAĞIGERİŞ 3 SOKAK;sokak;855823440
KASTAMONU;AĞLI;DANACI;AŞAĞIGERİŞ 4 SOKAK;sokak;114514320
KASTAMONU;AĞLI;DANACI;AŞAĞIGERİŞ 5 SOKAK;sokak;166953220
KASTAMONU;AĞLI;DANACI;AŞAĞIGERİŞ SOKAK;sokak;256429
KASTAMONU;AĞLI;DANACI;DANACI 1 SOKAK;sokak;781583750
KASTAMONU;AĞLI;DANACI;DANACITEKKE 1 SOKAK;sokak;748600400
KASTAMONU;AĞLI;DANACI;DANACITEKKE SOKAK;sokak;256426
KASTAMONU;AĞLI;DANACI;DEFNE SOKAK;sokak;130201851
KASTAMONU;AĞLI;DANACI;DENİZ SOKAK;sokak;901403931
KASTAMONU;AĞLI;DANACI;ELLES KÜME EVLER;sokak;443412
KASTAMONU;AĞLI;DANACI;EREN SOKAK;sokak;981980541
KASTAMONU;AĞLI;DANACI;ESEN SOKAK;sokak;161490151
KASTAMONU;AĞLI;DANACI;KADIKÖY KÜME EVLER;sokak;364917
KASTAMONU;AĞLI;DANACI;KURAN KURSU SOKAK;sokak;256430
KASTAMONU;AĞLI;DANACI;MUSTAFA YANIKKAYA CADDE;cadde;474775
KASTAMONU;AĞLI;DANACI;NİLÜFER SOKAK;sokak;474776
KASTAMONU;AĞLI;DANACI;SANAYİ SOKAK;sokak;256431
KASTAMONU;AĞLI;DANACI;ULUDAĞ SOKAK;sokak;482064861
KASTAMONU;AĞLI;DANACI;VATAN CADDE;cadde;478922
KASTAMONU;AĞLI;DANACI;YAP KÜME EVLER;sokak;256427
KASTAMONU;AĞLI;DANACI;ZÜĞÜRTOĞLU SOKAK;sokak;256428
KASTAMONU;AĞLI;DİKMEN;BOŞNAK KÜME EVLER;sokak;364918
KASTAMONU;AĞLI;DİKMEN;EMİROĞLU SOKAK;sokak;256432
KASTAMONU;AĞLI;DİKMEN;KAHYAOĞLU KÜME EVLER;sokak;443413
KASTAMONU;AĞLI;DİKMEN;KARŞI KÜME EVLER;sokak;256433
KASTAMONU;AĞLI;DİKMEN;OYRU KÜME EVLER;sokak;364919
KASTAMONU;AĞLI;DİKMEN;TOPALOĞLU KÜME EVLER;sokak;256434
KASTAMONU;AĞLI;FIRINCIK - DELİHASAN;DELİHASAN KÜME EVLER;sokak;490762
KASTAMONU;AĞLI;FIRINCIK - GALTA;GALTA KÜME EVLER;sokak;347658
KASTAMONU;AĞLI;FIRINCIK - HATİP;HATİP KÜME EVLER;sokak;31364
KASTAMONU;AĞLI;FIRINCIK - KARAKÖY;KARAKÖY KÜME EVLER;sokak;31363
KASTAMONU;AĞLI;FIRINCIK - MERKEZ;MERKEZ KÜME EVLER;sokak;490297
KASTAMONU;AĞLI;FIRINCIK - YAYLA;YAYLA KÜME EVLER;sokak;470906
KASTAMONU;AĞLI;GÖLCÜĞEZ - ESE;ESE KÜME EVLER;sokak;504209
KASTAMONU;AĞLI;GÖLCÜĞEZ - EYÜPAĞA;EYÜPAĞA KÜME EVLER;sokak;504211
KASTAMONU;AĞLI;GÖLCÜĞEZ - HASANLI;HASANLI KÜME EVLER;sokak;500109
KASTAMONU;AĞLI;GÖLCÜĞEZ - HÜSEYİNEFENDİ;HÜSEYİNEFENDİ KÜME EVLER;sokak;491419
KASTAMONU;AĞLI;GÖLCÜĞEZ - MERKEZ;MERKEZ KÜME EVLER;sokak;500110
KASTAMONU;AĞLI;GÖLCÜĞEZ - TEPE;TEPE KÜME EVLER;sokak;497972
KASTAMONU;AĞLI;KABACI - HALİL;HALİL KÜME EVLER;sokak;485247
KASTAMONU;AĞLI;KABACI - KARAPINAR;KARAPINAR KÜME EVLER;sokak;485251
KASTAMONU;AĞLI;KABACI - KELLER;KELLER KÜME EVLER;sokak;489459
KASTAMONU;AĞLI;KABACI - MERKEZ;MERKEZ KÜME EVLER;sokak;485246
KASTAMONU;AĞLI;KABACI - MURTAZAOĞLU;MURTAZAOĞLU KÜME EVLER;sokak;485248
KASTAMONU;AĞLI;KETENCİLER;ABDULLAHOĞLU KÜME EVLER;sokak;256435
KASTAMONU;AĞLI;KETENCİLER;AĞLI SOKAK;sokak;720268261
KASTAMONU;AĞLI;KETENCİLER;ÇÖRÜZ KÜME EVLER;sokak;443415
KASTAMONU;AĞLI;KETENCİLER;DOMBAZOĞLU KÜME EVLER;sokak;256436
KASTAMONU;AĞLI;KETENCİLER;KETENCİLER KÜME EVLER;sokak;443414
KASTAMONU;AĞLI;KETENCİLER;KÖMÜRAĞASI KÜME EVLER;sokak;364920
KASTAMONU;AĞLI;KETENCİLER;KURUOĞLU KÜME EVLER;sokak;256437
KASTAMONU;AĞLI;KETENCİLER;NALTOĞLU KÜME EVLER;sokak;256438
KASTAMONU;AĞLI;KETENCİLER;TEKKE KÜME EVLER;sokak;256439
KASTAMONU;AĞLI;KIRLARDERE;AĞLI SOKAK;sokak;628324490
KASTAMONU;AĞLI;KIRLARDERE;AYANOĞLU KÜME EVLER;sokak;256440
KASTAMONU;AĞLI;KIRLARDERE;DALIPOĞLU KÜME EVLER;sokak;105914440
KASTAMONU;AĞLI;KIRLARDERE;HALİLPAŞAOĞLU KÜME EVLER;sokak;364921
KASTAMONU;AĞLI;KIRLARDERE;KIRLARDERE KÜME EVLER;sokak;256441
KASTAMONU;AĞLI;KIRLARDERE;KÖMÜRAĞASI KÜME EVLER;sokak;451731921
KASTAMONU;AĞLI;KIRLARDERE;KURUOĞLU KÜME EVLER;sokak;436732501
KASTAMONU;AĞLI;MERKEZ;AKASYA SOKAK;sokak;256444
KASTAMONU;AĞLI;MERKEZ;AŞAĞIGECCÜĞEZ KÜME EVLER;sokak;256450
KASTAMONU;AĞLI;MERKEZ;ATATÜRK CADDE;cadde;443417
KASTAMONU;AĞLI;MERKEZ;BELEDİYE CADDE;cadde;484516
KASTAMONU;AĞLI;MERKEZ;BUKET SOKAK;sokak;836628661
KASTAMONU;AĞLI;MERKEZ;BÜLBÜL 1 SOKAK;sokak;275702251
KASTAMONU;AĞLI;MERKEZ;BÜLBÜL SOKAK;sokak;256445
KASTAMONU;AĞLI;MERKEZ;CAMİ SOKAK;sokak;256451
KASTAMONU;AĞLI;MERKEZ;CANİP SOKAK;sokak;256452
KASTAMONU;AĞLI;MERKEZ;CUMHURİYET CADDE;cadde;364924
KASTAMONU;AĞLI;MERKEZ;ÇAMLIK SOKAK;sokak;427046761
KASTAMONU;AĞLI;MERKEZ;ÇAYIRBAŞI SOKAK;sokak;364922
KASTAMONU;AĞLI;MERKEZ;ÇINAR SOKAK;sokak;256119
KASTAMONU;AĞLI;MERKEZ;ÇİĞDEM SOKAK;sokak;256443
KASTAMONU;AĞLI;MERKEZ;ÇİMEN SOKAK;sokak;256442
KASTAMONU;AĞLI;MERKEZ;DERE SOKAK;sokak;256447
KASTAMONU;AĞLI;MERKEZ;DOĞA SOKAK;sokak;743285190
KASTAMONU;AĞLI;MERKEZ;EFENDİOĞLU KÜME EVLER;sokak;256453
KASTAMONU;AĞLI;MERKEZ;EMİN SOKAK;sokak;256100
KASTAMONU;AĞLI;MERKEZ;ESKİ PAZAR KÜME EVLER;sokak;256101
KASTAMONU;AĞLI;MERKEZ;GANİOĞLU KÜME EVLER;sokak;256102
KASTAMONU;AĞLI;MERKEZ;GAZİ BULVAR;sokak;256115
KASTAMONU;AĞLI;MERKEZ;GENÇLİK MEYDAN;sokak;481908
KASTAMONU;AĞLI;MERKEZ;GÖKTÜRK SOKAK;sokak;987974341
KASTAMONU;AĞLI;MERKEZ;GÜL SOKAK;sokak;256448
KASTAMONU;AĞLI;MERKEZ;GÜNEŞ SOKAK;sokak;759028580
KASTAMONU;AĞLI;MERKEZ;HACIHASAN 1 SOKAK;sokak;880365461
KASTAMONU;AĞLI;MERKEZ;HACIHASAN SOKAK;sokak;256103
KASTAMONU;AĞLI;MERKEZ;HACIOĞLU 1 SOKAK;sokak;184588441
KASTAMONU;AĞLI;MERKEZ;HACIOĞLU 2 SOKAK;sokak;831909180
KASTAMONU;AĞLI;MERKEZ;HACIOĞLU SOKAK;sokak;256104
KASTAMONU;AĞLI;MERKEZ;HAL 1 SOKAK;sokak;362238651
KASTAMONU;AĞLI;MERKEZ;HAL SOKAK;sokak;256105
KASTAMONU;AĞLI;MERKEZ;HASTANE CADDE;cadde;256106
KASTAMONU;AĞLI;MERKEZ;IRMAK SOKAK;sokak;1304483
KASTAMONU;AĞLI;MERKEZ;İSMETPAŞA CADDE;cadde;256120
KASTAMONU;AĞLI;MERKEZ;İSTİKLAL SOKAK;sokak;524517700
KASTAMONU;AĞLI;MERKEZ;KALE 1 SOKAK;sokak;807789051
KASTAMONU;AĞLI;MERKEZ;KALE CADDE;cadde;256107
KASTAMONU;AĞLI;MERKEZ;KANARYA SOKAK;sokak;256108
KASTAMONU;AĞLI;MERKEZ;KANTAR KÜME EVLER;sokak;476871
KASTAMONU;AĞLI;MERKEZ;KARANFİL SOKAK;sokak;256449
KASTAMONU;AĞLI;MERKEZ;KAYMAKAM MEHMET YAPICI CADDE;cadde;256109
KASTAMONU;AĞLI;MERKEZ;KEBAPÇI KÜME EVLER;sokak;753348210
KASTAMONU;AĞLI;MERKEZ;KISA SOKAK;sokak;743805771
KASTAMONU;AĞLI;MERKEZ;KÖPRÜBAŞI SOKAK;sokak;443416
KASTAMONU;AĞLI;MERKEZ;KURMA KÜME EVLER;sokak;256110
KASTAMONU;AĞLI;MERKEZ;KUYUCU 1 SOKAK;sokak;612375330
KASTAMONU;AĞLI;MERKEZ;KUYUCU KÜME EVLER;sokak;256111
KASTAMONU;AĞLI;MERKEZ;LALE SOKAK;sokak;482365
KASTAMONU;AĞLI;MERKEZ;LEVENT 1 SOKAK;sokak;552023860
KASTAMONU;AĞLI;MERKEZ;LEVENT CADDE;cadde;364923
KASTAMONU;AĞLI;MERKEZ;MANOLYA SOKAK;sokak;482366
KASTAMONU;AĞLI;MERKEZ;MENEKŞE SOKAK;sokak;482367
KASTAMONU;AĞLI;MERKEZ;MUSTAFA YANIKKAYA CADDE;cadde;256446
KASTAMONU;AĞLI;MERKEZ;ORMAN CADDE;cadde;256112
KASTAMONU;AĞLI;MERKEZ;PAPATYA SOKAK;sokak;371955341
KASTAMONU;AĞLI;MERKEZ;POYRAZ SOKAK;sokak;271154011
KASTAMONU;AĞLI;MERKEZ;SAĞLIK SOKAK;sokak;620998170
KASTAMONU;AĞLI;MERKEZ;SANAYİ 1 SOKAK;sokak;326855470
KASTAMONU;AĞLI;MERKEZ;SANAYİİ CADDE;cadde;256113
KASTAMONU;AĞLI;MERKEZ;SÜMBÜL 1 SOKAK;sokak;818970190
KASTAMONU;AĞLI;MERKEZ;SÜMBÜL SOKAK;sokak;482368
KASTAMONU;AĞLI;MERKEZ;ŞİRİN SOKAK;sokak;482369
KASTAMONU;AĞLI;MERKEZ;TABİAT SOKAK;sokak;962553771
KASTAMONU;AĞLI;MERKEZ;TOKİ SOKAK;sokak;812709770
KASTAMONU;AĞLI;MERKEZ;Y.İ.B.O CADDE;cadde;256114
KASTAMONU;AĞLI;MERKEZ;YAĞMUR SOKAK;sokak;741686751
KASTAMONU;AĞLI;MERKEZ;YALÇIN 1 SOKAK;sokak;475946190
KASTAMONU;AĞLI;MERKEZ;YALÇIN SOKAK;sokak;482370
KASTAMONU;AĞLI;MERKEZ;YAVUZ SOKAK;sokak;482371
KASTAMONU;AĞLI;MERKEZ;YENİ CAMİ SOKAK;sokak;482372
KASTAMONU;AĞLI;MERKEZ;YENİHAL SOKAK;sokak;256116
KASTAMONU;AĞLI;MERKEZ;YENİŞEHİR SOKAK;sokak;134623530
KASTAMONU;AĞLI;MERKEZ;YUKARIGECCÜĞEZ KÜME EVLER;sokak;256117
KASTAMONU;AĞLI;MERKEZ;ZAFER SOKAK;sokak;256118
KASTAMONU;AĞLI;MERKEZ;ZAMBAK 1 SOKAK;sokak;363134431
KASTAMONU;AĞLI;MERKEZ;ZAMBAK SOKAK;sokak;482374
KASTAMONU;AĞLI;MÜSELLİMLER - MERKEZ;MERKEZ KÜME EVLER;sokak;480235
KASTAMONU;AĞLI;MÜSELLİMLER - ÖRENCİK;ÖRENCİK KÜME EVLER;sokak;490617
KASTAMONU;AĞLI;OLUKÖZÜ - ARAPOĞLU;ARAPOĞLU KÜME EVLER;sokak;499839
KASTAMONU;AĞLI;OLUKÖZÜ - CİNCİOĞLU;CİNCİOĞLU KÜME EVLER;sokak;499838
KASTAMONU;AĞLI;OLUKÖZÜ - ÇÖPCÜ;ÇÖPCÜ KÜME EVLER;sokak;488143
KASTAMONU;AĞLI;OLUKÖZÜ - DİKELOĞLU;DİKELOĞLU KÜME EVLER;sokak;499840
KASTAMONU;AĞLI;OLUKÖZÜ - İBATOĞLU;İBATOĞLU KÜME EVLER;sokak;487464
KASTAMONU;AĞLI;OLUKÖZÜ - KARAOĞLAN;KARAOĞLAN KÜME EVLER;sokak;487047
KASTAMONU;AĞLI;OLUKÖZÜ - MURATOĞLU;MURATOĞLU KÜME EVLER;sokak;368679
KASTAMONU;AĞLI;OLUKÖZÜ - SELVER;SELVER KÜME EVLER;sokak;499831
KASTAMONU;AĞLI;OLUKÖZÜ - TEPE;TEPE KÜME EVLER;sokak;491057
KASTAMONU;AĞLI;ÖRENCİK;AĞLI SOKAK;sokak;481772811
KASTAMONU;AĞLI;ÖRENCİK;AŞAĞI ÖRENCİK KÜME EVLER;sokak;256125
KASTAMONU;AĞLI;ÖRENCİK;DALIPOĞLU KÜME EVLER;sokak;256126
KASTAMONU;AĞLI;ÖRENCİK;KEÇİ KÜME EVLER;sokak;256121
KASTAMONU;AĞLI;ÖRENCİK;PAYTONCU SOKAK;sokak;256122
KASTAMONU;AĞLI;ÖRENCİK;TİNOĞLU KÜME EVLER;sokak;256123
KASTAMONU;AĞLI;ÖRENCİK;YUKARI ÖRENCİK KÜME EVLER;sokak;256124
KASTAMONU;AĞLI;SELMANLI;AĞLI 1 SOKAK;sokak;940073090
KASTAMONU;AĞLI;SELMANLI;ÇORLAR KÜME EVLER;sokak;256128
KASTAMONU;AĞLI;SELMANLI;ÖREN KÜME EVLER;sokak;256129
KASTAMONU;AĞLI;SELMANLI;SELMANLI KÜME EVLER;sokak;256127
KASTAMONU;AĞLI;SELMANLI - BALOĞLU;BALOĞLU KÜME EVLER;sokak;332960
KASTAMONU;AĞLI;SELMANLI - KADI;KADI KÜME EVLER;sokak;474703
KASTAMONU;AĞLI;SELMANLI - KURU;KURU KÜME EVLER;sokak;36700
KASTAMONU;AĞLI;SELMANLI - MERKEZ;MERKEZ KÜME EVLER;sokak;338532
KASTAMONU;AĞLI;SELMANLI - ŞAHİN;ŞAHİN KÜME EVLER;sokak;370607
KASTAMONU;AĞLI;SELMANLI - TAVLIOĞLU;TAVLIOĞLU KÜME EVLER;sokak;475089
KASTAMONU;AĞLI;SİNAN;AĞLI 1 SOKAK;sokak;872156120
KASTAMONU;AĞLI;SİNAN;EBECE KÜME EVLER;sokak;256130
KASTAMONU;AĞLI;SİNAN;EMİROĞLU SOKAK;sokak;135657670
KASTAMONU;AĞLI;SİNAN;HATİPOĞLU KÜME EVLER;sokak;256131
KASTAMONU;AĞLI;SİNAN;KEBAPÇI KÜME EVLER;sokak;256132
KASTAMONU;AĞLI;SİNAN;KUŞAKÇI KÜME EVLER;sokak;256133
KASTAMONU;AĞLI;SİNAN;SİNAN KÜME EVLER;sokak;256134
KASTAMONU;AĞLI;SİNAN;TOPALOĞLU KÜME EVLER;sokak;410744021
KASTAMONU;AĞLI;TUNUSLAR - KURTDERESİ;KURTDERESİ KÜME EVLER;sokak;483356
KASTAMONU;AĞLI;TUNUSLAR - MERKEZ;MERKEZ KÜME EVLER;sokak;478624
KASTAMONU;AĞLI;TURNACIK - AŞAĞI TURNACIK;AŞAĞI TURNACIK KÜME EVLER;sokak;489216
KASTAMONU;AĞLI;TURNACIK - YUKARI TURNACIK;YUKARI TURNACIK KÜME EVLER;sokak;485694
KASTAMONU;AĞLI;YAĞLICA;AĞLI SOKAK;sokak;701204491
KASTAMONU;AĞLI;YAĞLICA;CIRMAN KÜME EVLER;sokak;445219
KASTAMONU;AĞLI;YAĞLICA;İMAMOĞLU KÜME EVLER;sokak;256138
KASTAMONU;AĞLI;YAĞLICA;KALAYCI KÜME EVLER;sokak;256135
KASTAMONU;AĞLI;YAĞLICA;MÜFTÜOĞLU KÜME EVLER;sokak;256136
KASTAMONU;AĞLI;YAĞLICA;NUHEFENDİ KÜME EVLER;sokak;256137
KASTAMONU;AĞLI;YEŞİLPINAR - ÇAYLI;ÇAYLI KÜME EVLER;sokak;489166
KASTAMONU;AĞLI;YEŞİLPINAR - DANA;DANA KÜME EVLER;sokak;483355
KASTAMONU;AĞLI;YEŞİLPINAR - KABALAR;KABALAR KÜME EVLER;sokak;483351
KASTAMONU;AĞLI;YEŞİLPINAR - MAZAK;MAZAK KÜME EVLER;sokak;489703
KASTAMONU;ARAÇ;AHATLAR - ESKİ;ESKİ KÜME EVLER;sokak;197123
KASTAMONU;ARAÇ;AHATLAR - MERKEZ;MERKEZ KÜME EVLER;sokak;543825
KASTAMONU;ARAÇ;AKGEÇİT - KARASU;KARASU KÜME EVLER;sokak;514070
KASTAMONU;ARAÇ;AKGEÇİT - MERKEZ;MERKEZ KÜME EVLER;sokak;501438
KASTAMONU;ARAÇ;AKINCILAR - MERKEZ;MERKEZ KÜME EVLER;sokak;502316
KASTAMONU;ARAÇ;AKINCILAR - MEZRA;MEZRA KÜME EVLER;sokak;516194
KASTAMONU;ARAÇ;AKSU - MERKEZ;MERKEZ KÜME EVLER;sokak;502791
KASTAMONU;ARAÇ;AKTAŞ - HEPCANLAR;HEPCANLAR KÜME EVLER;sokak;166854
KASTAMONU;ARAÇ;AKTAŞ - İMAM;İMAM KÜME EVLER;sokak;504965
KASTAMONU;ARAÇ;AKTAŞ - KAVACIK;KAVACIK KÜME EVLER;sokak;508037
KASTAMONU;ARAÇ;AKTAŞ - MERKEZ;MERKEZ KÜME EVLER;sokak;511784
KASTAMONU;ARAÇ;AKTAŞ - SARAY;SARAY KÜME EVLER;sokak;504758
KASTAMONU;ARAÇ;ALAKAYA - HALLAR;HALLAR KÜME EVLER;sokak;500686
KASTAMONU;ARAÇ;ALAKAYA - KIŞLA;KIŞLA KÜME EVLER;sokak;513229
KASTAMONU;ARAÇ;ALAKAYA - KONAKLAR;KONAKLAR KÜME EVLER;sokak;495483
KASTAMONU;ARAÇ;ALAKAYA - YAYLA;YAYLA KÜME EVLER;sokak;512696
KASTAMONU;ARAÇ;ALINÖREN - BERBER;BERBER KÜME EVLER;sokak;500964
KASTAMONU;ARAÇ;ALINÖREN - ÇALCA;ÇALCA KÜME EVLER;sokak;502730
KASTAMONU;ARAÇ;ALINÖREN - ÇİFTÇİ;ÇİFTÇİ KÜME EVLER;sokak;507104
KASTAMONU;ARAÇ;ALINÖREN - GEMİCİ;GEMİCİ KÜME EVLER;sokak;351489
KASTAMONU;ARAÇ;ALINÖREN - HIZAR;HIZAR KÜME EVLER;sokak;501347
KASTAMONU;ARAÇ;ALINÖREN - MERKEZ;MERKEZ KÜME EVLER;sokak;500983
KASTAMONU;ARAÇ;ALINÖREN - YONCA;YONCA KÜME EVLER;sokak;508393
KASTAMONU;ARAÇ;AŞAĞIÇOBANÖZÜ - AŞAĞI;AŞAĞI KÜME EVLER;sokak;503477
KASTAMONU;ARAÇ;AŞAĞIÇOBANÖZÜ - ORTA;ORTA KÜME EVLER;sokak;503040
KASTAMONU;ARAÇ;AŞAĞIÇOBANÖZÜ - YUKARI;YUKARI KÜME EVLER;sokak;503380
KASTAMONU;ARAÇ;AŞAĞIILIPINAR - KARAÇAYIR;KARAÇAYIR KÜME EVLER;sokak;495891
KASTAMONU;ARAÇ;AŞAĞIILIPINAR - KÖLEHASAN;KÖLEHASAN KÜME EVLER;sokak;505012
KASTAMONU;ARAÇ;AŞAĞIILIPINAR - MERKEZ;MERKEZ KÜME EVLER;sokak;503646
KASTAMONU;ARAÇ;AŞAĞIİKİZÖREN - MERKEZ;MERKEZ KÜME EVLER;sokak;494240
KASTAMONU;ARAÇ;AŞAĞIİKİZÖREN - TEKEREN;TEKEREN KÜME EVLER;sokak;470388
KASTAMONU;ARAÇ;AŞAĞIOBA - MERKEZ;MERKEZ KÜME EVLER;sokak;508351
KASTAMONU;ARAÇ;AŞAĞIOBA - YAYLA;YAYLA KÜME EVLER;sokak;505672
KASTAMONU;ARAÇ;AŞAĞIYAZI - MERKEZ;MERKEZ KÜME EVLER;sokak;503144
KASTAMONU;ARAÇ;AŞAĞIYAZI - YAYLA;YAYLA KÜME EVLER;sokak;511220
KASTAMONU;ARAÇ;AVLACIK - ÇAKIRIN;ÇAKIRIN KÜME EVLER;sokak;504953
KASTAMONU;ARAÇ;AVLACIK - ESİR;ESİR KÜME EVLER;sokak;511802
KASTAMONU;ARAÇ;AVLACIK - FINDICAK;FINDICAK KÜME EVLER;sokak;166868
KASTAMONU;ARAÇ;AVLACIK - KARANDI;KARANDI KÜME EVLER;sokak;356550
KASTAMONU;ARAÇ;AVLACIK - KARKALMAZ;KARKALMAZ KÜME EVLER;sokak;513593
KASTAMONU;ARAÇ;AVLACIK - MERKEZ;MERKEZ KÜME EVLER;sokak;514257
KASTAMONU;ARAÇ;AVLACIK - ULUALAN;ULUALAN KÜME EVLER;sokak;501802
KASTAMONU;ARAÇ;AVLAĞIÇAYIRI - APDUDOĞU;APDUDOĞDU KÜME EVLER;sokak;512429
KASTAMONU;ARAÇ;AVLAĞIÇAYIRI - AŞAĞIÖREN;AŞAĞIÖREN KÜME EVLER;sokak;512799
KASTAMONU;ARAÇ;AVLAĞIÇAYIRI - ERCEK;ERCEK KÜME EVLER;sokak;511946
KASTAMONU;ARAÇ;AVLAĞIÇAYIRI - MERKEZ;MERKEZ KÜME EVLER;sokak;495840
KASTAMONU;ARAÇ;AVLAĞIÇAYIRI - MIRUSUTTUR;MIRUSUTTUR KÜME EVLER;sokak;511969
KASTAMONU;ARAÇ;AVLAĞIÇAYIRI - YUKARIÖREN;YUKARIÖREN KÜME EVLER;sokak;505777
KASTAMONU;ARAÇ;BAHÇECİK - AKSEKİ;AKSEKİ KÜME EVLER;sokak;90724
KASTAMONU;ARAÇ;BAHÇECİK - AŞAĞI;AŞAĞI KÜME EVLER;sokak;506616
KASTAMONU;ARAÇ;BAHÇECİK - DORUK;DORUK KÜME EVLER;sokak;508435
KASTAMONU;ARAÇ;BAHÇECİK - ORTA;ORTA KÜME EVLER;sokak;511064
KASTAMONU;ARAÇ;BAHÇECİK - SAZAK;SAZAK KÜME EVLER;sokak;504782
KASTAMONU;ARAÇ;BAHÇECİK - YUKARI;YUKARI KÜME EVLER;sokak;507089
KASTAMONU;ARAÇ;BALÇIKHİSAR - MERKEZ;MERKEZ KÜME EVLER;sokak;502136
KASTAMONU;ARAÇ;BALÇIKHİSAR - YENİ OVA;YENİ OVA KÜME EVLER;sokak;636625
KASTAMONU;ARAÇ;BAŞKÖY - MERKEZ;MERKEZ KÜME EVLER;sokak;500939
KASTAMONU;ARAÇ;BEKTÜRE - BEKTÜRE;BEKTÜRE KÜME EVLER;sokak;486144
KASTAMONU;ARAÇ;BEKTÜRE - DELİ HÜSEYİN;DELİ HÜSEYİN KÜME EVLER;sokak;511823
KASTAMONU;ARAÇ;BEKTÜRE - EKİNCİK;EKİNCİK KÜME EVLER;sokak;511060
KASTAMONU;ARAÇ;BEKTÜRE - GÖCENİN KIŞLASI;GÖCENİN KIŞLASI KÜME EVLER;sokak;500987
KASTAMONU;ARAÇ;BEKTÜRE - KAVAK;KAVAK KÜME EVLER;sokak;510898
KASTAMONU;ARAÇ;BEKTÜRE - KINCI;KINCI KÜME EVLER;sokak;509644
KASTAMONU;ARAÇ;BEKTÜRE - KIŞLA;KIŞLA KÜME EVLER;sokak;511062
KASTAMONU;ARAÇ;BEKTÜRE - KÖSEOĞLU;KÖSEOĞLU KÜME EVLER;sokak;480442
KASTAMONU;ARAÇ;BEKTÜRE - ÖMERCİN;ÖMERCİN KÜME EVLER;sokak;356933
KASTAMONU;ARAÇ;BEKTÜRE - SARAÇOĞLU;SARAÇOĞLU KÜME EVLER;sokak;497956
KASTAMONU;ARAÇ;BEKTÜRE - SOFCULAR;SOFCULAR KÜME EVLER;sokak;510902
KASTAMONU;ARAÇ;BELEN - KÜÇÜK BELEN;KÜÇÜK BELEN KÜME EVLER;sokak;501134
KASTAMONU;ARAÇ;BELEN - MERKEZ;MERKEZ KÜME EVLER;sokak;492867
KASTAMONU;ARAÇ;BELKAVAK - GÖÇÇÜN;GÖÇÇÜN KÜME EVLER;sokak;504301
KASTAMONU;ARAÇ;BELKAVAK - PAŞALI;PAŞALI KÜME EVLER;sokak;502264
KASTAMONU;ARAÇ;BELKAVAK - YAKUPOĞLU;YAKUPOĞLU KÜME EVLER;sokak;352835
KASTAMONU;ARAÇ;BUĞDAM - MERKEZ;MERKEZ KÜME EVLER;sokak;508802
KASTAMONU;ARAÇ;BUĞDAM - TEKKE;TEKKE KÜME EVLER;sokak;504776
KASTAMONU;ARAÇ;CELEPLER - DEMİRCİ;DEMİRCİ KÜME EVLER;sokak;510895
KASTAMONU;ARAÇ;CELEPLER - MERKEZ;MERKEZ KÜME EVLER;sokak;500789
KASTAMONU;ARAÇ;CELEPLER - ORUÇBEY;ORUÇBEY KÜME EVLER;sokak;510897
KASTAMONU;ARAÇ;CELEPLER - YENİCE;YENİCE KÜME EVLER;sokak;509718
KASTAMONU;ARAÇ;CEVİZLİK - ASAR;ASAR KÜME EVLER;sokak;94117
KASTAMONU;ARAÇ;CEVİZLİK - HARMANCIK;HARMANCIK KÜME EVLER;sokak;514615
KASTAMONU;ARAÇ;CEVİZLİK - MERKEZ;MERKEZ KÜME EVLER;sokak;513799
KASTAMONU;ARAÇ;ÇALKÖY - ALİBEY;ALİBEY KÜME EVLER;sokak;502978
KASTAMONU;ARAÇ;ÇALKÖY - KAPILLI;KAPILLI KÜME EVLER;sokak;505826
KASTAMONU;ARAÇ;ÇALKÖY - MERKEZ;MERKEZ KÜME EVLER;sokak;505808
KASTAMONU;ARAÇ;ÇALKÖY - TEPE;TEPE KÜME EVLER;sokak;513733
KASTAMONU;ARAÇ;ÇAMALTI - MERKEZ;MERKEZ KÜME EVLER;sokak;502033
KASTAMONU;ARAÇ;ÇAMALTI - MESUTLAR;MESUTLAR KÜME EVLER;sokak;512451
KASTAMONU;ARAÇ;ÇAVUŞKÖY - ÇAVUŞ YAYLASI;ÇAVUŞ YAYLASI KÜME EVLER;sokak;325520
KASTAMONU;ARAÇ;ÇAVUŞKÖY - HATİP;HATİP KÜME EVLER;sokak;545569
KASTAMONU;ARAÇ;ÇAVUŞKÖY - KARACAOLUK;KARACAOLUK KÜME EVLER;sokak;547807
KASTAMONU;ARAÇ;ÇAVUŞKÖY - MERKEZ;MERKEZ KÜME EVLER;sokak;122810
KASTAMONU;ARAÇ;ÇAY;CAMİ SOKAK;sokak;256139
KASTAMONU;ARAÇ;ÇAY;COŞKUN SOKAK;sokak;445220
KASTAMONU;ARAÇ;ÇAY;CUMHURİYET CADDE;cadde;256140
KASTAMONU;ARAÇ;ÇAY;ÇAVUŞ 1 SOKAK;sokak;834036910
KASTAMONU;ARAÇ;ÇAY;ÇAVUŞ SOKAK;sokak;256152
KASTAMONU;ARAÇ;ÇAY;ÇAY 10. SOKAK;sokak;429389280
KASTAMONU;ARAÇ;ÇAY;ÇAY 3. SOKAK;sokak;315523670
KASTAMONU;ARAÇ;ÇAY;ÇAY 4. SOKAK;sokak;811730070
KASTAMONU;ARAÇ;ÇAY;ÇAY 7 SOKAK;sokak;372336991
KASTAMONU;ARAÇ;ÇAY;ÇAY 8. SOKAK;sokak;865803470
KASTAMONU;ARAÇ;ÇAY;ÇAY 9. SOKAK;sokak;749525401
KASTAMONU;ARAÇ;ÇAY;ÇAY SOKAK;sokak;256153
KASTAMONU;ARAÇ;ÇAY;DAR SOKAK;sokak;256141
KASTAMONU;ARAÇ;ÇAY;ERİKLİDERE SOKAK;sokak;256142
KASTAMONU;ARAÇ;ÇAY;GÜLERYÜZ SOKAK;sokak;445221
KASTAMONU;ARAÇ;ÇAY;HAKKI ESİN 1 SOKAK;sokak;468746650
KASTAMONU;ARAÇ;ÇAY;HAKKI ESİN SOKAK;sokak;445224
KASTAMONU;ARAÇ;ÇAY;İNCİ SOKAK;sokak;256154
KASTAMONU;ARAÇ;ÇAY;İPLİKÇİLER SOKAK;sokak;445225
KASTAMONU;ARAÇ;ÇAY;İSMAİL MAHİR EFENDİ SOKAK;sokak;256155
KASTAMONU;ARAÇ;ÇAY;KARAKOL SOKAK;sokak;256144
KASTAMONU;ARAÇ;ÇAY;KASTAMONU CADDE;cadde;256145
KASTAMONU;ARAÇ;ÇAY;KEMAL ÇAPRAZ SOKAK;sokak;256146
KASTAMONU;ARAÇ;ÇAY;MELİKGAZİ 1 SOKAK;sokak;559106810
KASTAMONU;ARAÇ;ÇAY;MELİKGAZİ SOKAK;sokak;445222
KASTAMONU;ARAÇ;ÇAY;REFİK TURAN 1 SOKAK;sokak;259822650
KASTAMONU;ARAÇ;ÇAY;REFİK TURAN SOKAK;sokak;256143
KASTAMONU;ARAÇ;ÇAY;RIFKI PENCERECİ SOKAK;sokak;256147
KASTAMONU;ARAÇ;ÇAY;SANAYİ SİTESİ A BLOK SOKAK;sokak;256148
KASTAMONU;ARAÇ;ÇAY;SANAYİ SİTESİ B BLOK SOKAK;sokak;445223
KASTAMONU;ARAÇ;ÇAY;SANAYİ SİTESİ C BLOK SOKAK;sokak;256149
KASTAMONU;ARAÇ;ÇAY;SANAYİ SİTESİ D BLOK SOKAK;sokak;256150
KASTAMONU;ARAÇ;ÇAY;SANAYİ SİTESİ E BLOK SOKAK;sokak;256151
KASTAMONU;ARAÇ;ÇAY;ŞEHİT ER RASİM KARAKOCA SOKAK;sokak;256156
KASTAMONU;ARAÇ;ÇAY;ŞEHİT ŞERİFE ÖZDEN KALMIŞ SOKAK;sokak;1144345
KASTAMONU;ARAÇ;ÇAY;ŞEKERCİ HACI BEKİR CADDE;cadde;288145070
KASTAMONU;ARAÇ;ÇAY;ŞHT.ER CEMAL DUYGU SOKAK;sokak;256157
KASTAMONU;ARAÇ;ÇAYKAŞI - AŞAĞI;AŞAĞI KÜME EVLER;sokak;513742
KASTAMONU;ARAÇ;ÇAYKAŞI - ENCİBO;ENCİBO KÜME EVLER;sokak;507090
KASTAMONU;ARAÇ;ÇAYKAŞI - HASBEYLER;HASBEYLER KÜME EVLER;sokak;511519
KASTAMONU;ARAÇ;ÇAYKAŞI - KÖŞKLÜ;KÖŞKLÜ KÜME EVLER;sokak;513722
KASTAMONU;ARAÇ;ÇAYKAŞI - MURATOĞLU;MURATOĞLU KÜME EVLER;sokak;507051
KASTAMONU;ARAÇ;ÇAYKAŞI - SOĞANDERE;SOĞANDERE KÜME EVLER;sokak;508423
KASTAMONU;ARAÇ;ÇAYKAŞI - ŞABANLAR;ŞABANLAR KÜME EVLER;sokak;507068
KASTAMONU;ARAÇ;ÇAYKAŞI - TELLİ;TELLİ KÜME EVLER;sokak;511896
KASTAMONU;ARAÇ;ÇERÇİLER - DERE;DERE KÜME EVLER;sokak;501897
KASTAMONU;ARAÇ;ÇERÇİLER - TEPE;TEPE KÜME EVLER;sokak;496161
KASTAMONU;ARAÇ;ÇUBUKLUDERE - MERKEZ;MERKEZ KÜME EVLER;sokak;504506
KASTAMONU;ARAÇ;ÇUKURPELİT - AKSÖĞÜT;AKSÖĞÜT KÜME EVLER;sokak;90737
KASTAMONU;ARAÇ;ÇUKURPELİT - BÜRÜMCEK;BÜRÜMCEK KÜME EVLER;sokak;511089
KASTAMONU;ARAÇ;ÇUKURPELİT - DİPHAN;DİPHAN KÜME EVLER;sokak;502697
KASTAMONU;ARAÇ;ÇUKURPELİT - GÖKCEOĞLU;GÖKCEOĞLU KÜME EVLER;sokak;502478
KASTAMONU;ARAÇ;ÇUKURPELİT - MERKEZ;MERKEZ KÜME EVLER;sokak;511099
KASTAMONU;ARAÇ;ÇUKURPELİT - MÜSLÜMAN;MÜSLÜMAN KÜME EVLER;sokak;509213
KASTAMONU;ARAÇ;ÇUKURPELİT - ÖTEDOMA;ÖTEDOMA KÜME EVLER;sokak;352853
KASTAMONU;ARAÇ;ÇUKURPELİT - ZAİM;ZAİM KÜME EVLER;sokak;502352
KASTAMONU;ARAÇ;DAMLA - MERKEZ;MERKEZ KÜME EVLER;sokak;369793
KASTAMONU;ARAÇ;DEĞİRMENÇAY - MERKEZ;MERKEZ KÜME EVLER;sokak;514150
KASTAMONU;ARAÇ;DEREÇATI - AŞAĞI SİNDİRE;AŞAĞI SİNDİRE KÜME EVLER;sokak;495474
KASTAMONU;ARAÇ;DEREÇATI - KARARECEP;KARARECEP KÜME EVLER;sokak;507386
KASTAMONU;ARAÇ;DEREÇATI - MİRZEK;MİRZEK KÜME EVLER;sokak;90726
KASTAMONU;ARAÇ;DEREÇATI - ŞABANLAR;ŞABANLAR KÜME EVLER;sokak;501636
KASTAMONU;ARAÇ;DEREÇATI - Y.SİNDİRE;Y.SİNDİRE KÜME EVLER;sokak;503858
KASTAMONU;ARAÇ;DEREÇATI - YUVALCA;YUVALCA KÜME EVLER;sokak;514242
KASTAMONU;ARAÇ;DERETEPE - ÇORAK;ÇORAK KÜME EVLER;sokak;623188
KASTAMONU;ARAÇ;DERETEPE - DERE;DERE KÜME EVLER;sokak;392702
KASTAMONU;ARAÇ;DERETEPE - ESELER;ESELER KÜME EVLER;sokak;370804
KASTAMONU;ARAÇ;DERETEPE - KÖPRÜBAŞI;KÖPRÜBAŞI KÜME EVLER;sokak;321805
KASTAMONU;ARAÇ;DERETEPE - MERKEZ;MERKEZ KÜME EVLER;sokak;464343
KASTAMONU;ARAÇ;DOĞANCA - MERKEZ;MERKEZ KÜME EVLER;sokak;82477
KASTAMONU;ARAÇ;DOĞANPINAR - ABDOGİL;ABDOGİL KÜME EVLER;sokak;510878
KASTAMONU;ARAÇ;DOĞANPINAR - AŞAĞI;AŞAĞI KÜME EVLER;sokak;506180
KASTAMONU;ARAÇ;DOĞANPINAR - GERİŞ;GERİŞ KÜME EVLER;sokak;503996
KASTAMONU;ARAÇ;DOĞANPINAR - HATIBOGİL;HATIBOGİL KÜME EVLER;sokak;503097
KASTAMONU;ARAÇ;DOĞANPINAR - HATİPGİL;HATİPGİL KÜME EVLER;sokak;358567
KASTAMONU;ARAÇ;DOĞANPINAR - HÜMMETOĞLU;HÜMMETOĞLU KÜME EVLER;sokak;503092
KASTAMONU;ARAÇ;DOĞANPINAR - SOKAK;SOKAK KÜME EVLER;sokak;511042
KASTAMONU;ARAÇ;DOĞANPINAR - YAYLA;YAYLA KÜME EVLER;sokak;502204
KASTAMONU;ARAÇ;DORUK - MERKEZ;MERKEZ KÜME EVLER;sokak;501217
KASTAMONU;ARAÇ;EKİNÖZÜ - ÇAKILLAR;ÇAKILLAR KÜME EVLER;sokak;94123
KASTAMONU;ARAÇ;EKİNÖZÜ - EYNİBEY;EYNİBEY KÜME EVLER;sokak;502257
KASTAMONU;ARAÇ;EKİNÖZÜ - MERKEZ;MERKEZ KÜME EVLER;sokak;502254
KASTAMONU;ARAÇ;EKİNÖZÜ - SARAYCIK;SARAYCIK KÜME EVLER;sokak;94124
KASTAMONU;ARAÇ;EKİNÖZÜ - SOĞUK SU;SOĞUK SU KÜME EVLER;sokak;507209
KASTAMONU;ARAÇ;EREKLİ - MERKEZ;MERKEZ KÜME EVLER;sokak;620716
KASTAMONU;ARAÇ;EREKLİ - OVA;OVA KÜME EVLER;sokak;454927
KASTAMONU;ARAÇ;EREKLİ NA;- KÖY SOKAĞI;sokak;503406
KASTAMONU;ARAÇ;ESKİİĞDİR - DAYIOĞLU;DAYIOĞLU KÜME EVLER;sokak;496304
KASTAMONU;ARAÇ;ESKİİĞDİR - KÜREKÇİ;KÜREKÇİ KÜME EVLER;sokak;507808
KASTAMONU;ARAÇ;ESKİİĞDİR - YUKARI;YUKARI KÜME EVLER;sokak;506512
KASTAMONU;ARAÇ;FINDIKLI - MERKEZ;MERKEZ KÜME EVLER;sokak;86151
KASTAMONU;ARAÇ;FINDIKLI - YAYLA;YAYLA KÜME EVLER;sokak;352182
KASTAMONU;ARAÇ;GEMİ - KİRECCİK;KİRECCİK KÜME EVLER;sokak;548874
KASTAMONU;ARAÇ;GEMİ - MERKEZ;MERKEZ KÜME EVLER;sokak;549929
KASTAMONU;ARAÇ;GEMİ - MUSALAR;MUSALAR KÜME EVLER;sokak;549910
KASTAMONU;ARAÇ;GEMİ - YENİ;YENİ KÜME EVLER;sokak;545006
KASTAMONU;ARAÇ;GERGEN - MERKEZ;MERKEZ KÜME EVLER;sokak;503498
KASTAMONU;ARAÇ;GÖKÇEÇAT - KIZILÇALAR;KIZILÇALAR KÜME EVLER;sokak;511269
KASTAMONU;ARAÇ;GÖKÇEÇAT - MERKEZ;MERKEZ KÜME EVLER;sokak;512891
KASTAMONU;ARAÇ;GÖKÇESU - AŞAĞI;AŞAĞI KÜME EVLER;sokak;634737
KASTAMONU;ARAÇ;GÖKÇESU - KALAYCIOĞLU;KALAYCIOĞLU KÜME EVLER;sokak;633290
KASTAMONU;ARAÇ;GÖKÇESU - YUKARI;YUKARI KÜME EVLER;sokak;506891
KASTAMONU;ARAÇ;GÖLCÜK - BODUROĞLU;BODUROĞLU KÜME EVLER;sokak;120241
KASTAMONU;ARAÇ;GÖLCÜK - MERKEZ;MERKEZ KÜME EVLER;sokak;507141
KASTAMONU;ARAÇ;GÖLCÜK - YAYLA;YAYLA KÜME EVLER;sokak;626183
KASTAMONU;ARAÇ;GÜLÜKLER - MERKEZ;MERKEZ KÜME EVLER;sokak;503774
KASTAMONU;ARAÇ;GÜZELCE - MERKEZ;MERKEZ KÜME EVLER;sokak;496145
KASTAMONU;ARAÇ;GÜZLÜK - ALAN;ALAN KÜME EVLER;sokak;502194
KASTAMONU;ARAÇ;GÜZLÜK - DEĞİRMEN BAŞI;DEĞİRMEN BAŞI KÜME EVLER;sokak;506259
KASTAMONU;ARAÇ;GÜZLÜK - DERE;DERE KÜME EVLER;sokak;502157
KASTAMONU;ARAÇ;GÜZLÜK - ELMAÇUKURU;ELMAÇUKURU KÜME EVLER;sokak;511500
KASTAMONU;ARAÇ;GÜZLÜK - GÜZLÜK;GÜZLÜK KÜME EVLER;sokak;504941
KASTAMONU;ARAÇ;GÜZLÜK - OKUL ÇEVRESİ;OKUL ÇEVRESİ KÜME EVLER;sokak;507992
KASTAMONU;ARAÇ;HALİLOBA - MERKEZ;MERKEZ KÜME EVLER;sokak;506968
KASTAMONU;ARAÇ;HANÖZÜ - MERKEZ;MERKEZ KÜME EVLER;sokak;297757
KASTAMONU;ARAÇ;HATİPKÖY - CELLER;CELLER KÜME EVLER;sokak;495895
KASTAMONU;ARAÇ;HATİPKÖY - ELMACIK;ELMACIK KÜME EVLER;sokak;500656
KASTAMONU;ARAÇ;HATİPKÖY - FINDICAK;FINDICAK KÜME EVLER;sokak;254747
KASTAMONU;ARAÇ;HATİPKÖY - MERKEZ;MERKEZ KÜME EVLER;sokak;507369
KASTAMONU;ARAÇ;HATİPKÖY - YAYLA;YAYLA KÜME EVLER;sokak;489310
KASTAMONU;ARAÇ;HURUÇÖREN - AŞAĞI DİPHAN;AŞAĞI DİPHAN KÜME EVLER;sokak;88673
KASTAMONU;ARAÇ;HURUÇÖREN - KARAMCAK;KARAMCAK KÜME EVLER;sokak;651048
KASTAMONU;ARAÇ;HURUÇÖREN - MERKEZ;MERKEZ KÜME EVLER;sokak;506387
KASTAMONU;ARAÇ;HURUÇÖREN - ORTA;ORTA KÜME EVLER;sokak;521625
KASTAMONU;ARAÇ;HURUÇÖREN - YUKARI;YUKARI KÜME EVLER;sokak;505610
KASTAMONU;ARAÇ;İĞDİR - MERKEZ;ARPACIK SOKAK;sokak;479768
KASTAMONU;ARAÇ;İĞDİR - MERKEZ;BAYIR SOKAK;sokak;472984
KASTAMONU;ARAÇ;İĞDİR - MERKEZ;CEYLAN ÇIKMAZI SOKAK;sokak;683013
KASTAMONU;ARAÇ;İĞDİR - MERKEZ;ÇAMLIK SOKAK;sokak;85426
KASTAMONU;ARAÇ;İĞDİR - MERKEZ;ÇINAR SOKAK;sokak;110132
KASTAMONU;ARAÇ;İĞDİR - MERKEZ;ÇİĞDEM SOKAK;sokak;478480
KASTAMONU;ARAÇ;İĞDİR - MERKEZ;DEFNE SOKAK;sokak;474392
KASTAMONU;ARAÇ;İĞDİR - MERKEZ;DEMİRCİLER SOKAK;sokak;473911
KASTAMONU;ARAÇ;İĞDİR - MERKEZ;DERYA SOKAK;sokak;85071
KASTAMONU;ARAÇ;İĞDİR - MERKEZ;DORUK ÇIKMAZI SOKAK;sokak;348193
KASTAMONU;ARAÇ;İĞDİR - MERKEZ;ELİF SOKAK;sokak;482275
KASTAMONU;ARAÇ;İĞDİR - MERKEZ;ENGİNAR SOKAK;sokak;485055
KASTAMONU;ARAÇ;İĞDİR - MERKEZ;FATİH SULTAN MEHMET SOKAK;sokak;481506
KASTAMONU;ARAÇ;İĞDİR - MERKEZ;GÜL SOKAK;sokak;475524
KASTAMONU;ARAÇ;İĞDİR - MERKEZ;HAL SOKAK;sokak;473036
KASTAMONU;ARAÇ;İĞDİR - MERKEZ;HARMAN SOKAK;sokak;473376
KASTAMONU;ARAÇ;İĞDİR - MERKEZ;IHLAMUR SOKAK;sokak;472999
KASTAMONU;ARAÇ;İĞDİR - MERKEZ;KAHRAMAN SOKAK;sokak;482789
KASTAMONU;ARAÇ;İĞDİR - MERKEZ;KARANFİL SOKAK;sokak;485881
KASTAMONU;ARAÇ;İĞDİR - MERKEZ;KASAPLAR SOKAK;sokak;473907
KASTAMONU;ARAÇ;İĞDİR - MERKEZ;KATİP SOKAK;sokak;485883
KASTAMONU;ARAÇ;İĞDİR - MERKEZ;KAVAKLIK ÇIKMAZI SOKAK;sokak;473026
KASTAMONU;ARAÇ;İĞDİR - MERKEZ;LALE SOKAK;sokak;475975
KASTAMONU;ARAÇ;İĞDİR - MERKEZ;MANDIRA SOKAK;sokak;483653
KASTAMONU;ARAÇ;İĞDİR - MERKEZ;MENEKŞE SOKAK;sokak;485108
KASTAMONU;ARAÇ;İĞDİR - MERKEZ;ÖZLEM SOKAK;sokak;479794
KASTAMONU;ARAÇ;İĞDİR - MERKEZ;PAPATYA SOKAK;sokak;370588
KASTAMONU;ARAÇ;İĞDİR - MERKEZ;PAZAR SOKAK;sokak;479774
KASTAMONU;ARAÇ;İĞDİR - MERKEZ;PTT SOKAK;sokak;483243
KASTAMONU;ARAÇ;İĞDİR - MERKEZ;SABIR ÇIKMAZI SOKAK;sokak;472584
KASTAMONU;ARAÇ;İĞDİR - MERKEZ;SERAP SOKAK;sokak;485885
KASTAMONU;ARAÇ;İĞDİR - MERKEZ;SILA SOKAK;sokak;477129
KASTAMONU;ARAÇ;İĞDİR - MERKEZ;SÜMBÜL SOKAK;sokak;481122
KASTAMONU;ARAÇ;İĞDİR - MERKEZ;ŞEHİT CEMAL DUYKU SOKAK;sokak;479773
KASTAMONU;ARAÇ;İĞDİR - MERKEZ;ŞEHİT HALİL ÖKTEN SOKAK;sokak;479713
KASTAMONU;ARAÇ;İĞDİR - MERKEZ;ŞEHİT İDRİS HINIK SOKAK;sokak;475977
KASTAMONU;ARAÇ;İĞDİR - MERKEZ;ŞEHİT NURETTİN SEKİ SOKAK;sokak;23152
KASTAMONU;ARAÇ;İĞDİR - MERKEZ;ŞENLİK ÇIKMAZI SOKAK;sokak;348195
KASTAMONU;ARAÇ;İĞDİR - MERKEZ;TEPE SOKAK;sokak;485114
KASTAMONU;ARAÇ;İĞDİR - MERKEZ;YAPRAK ÇIKMAZI SOKAK;sokak;473028
KASTAMONU;ARAÇ;İĞDİR - MERKEZ;YASEMİN SOKAK;sokak;85074
KASTAMONU;ARAÇ;İĞDİR - MERKEZ;YILMAZ SOKAK;sokak;475514
KASTAMONU;ARAÇ;İĞDİR - MERKEZ;ZAMBAK SOKAK;sokak;85428
KASTAMONU;ARAÇ;İĞDİR - MERKEZ;ZÜMRÜT SOKAK;sokak;485110
KASTAMONU;ARAÇ;İĞDİRKIŞLA - KAYADİBİ;KAYADİBİ KÜME EVLER;sokak;549050
KASTAMONU;ARAÇ;İĞDİRKIŞLA - MERKEZ;MERKEZ KÜME EVLER;sokak;552778
KASTAMONU;ARAÇ;İHSANLI - BAHÇECİK;BAHÇECİK KÜME EVLER;sokak;704854
KASTAMONU;ARAÇ;İHSANLI - KARAGÖZ;KARAGÖZ KÜME EVLER;sokak;699340
KASTAMONU;ARAÇ;İHSANLI - MERKEZ;MERKEZ KÜME EVLER;sokak;494981
KASTAMONU;ARAÇ;İHSANLI - OVA;OVA KÜME EVLER;sokak;702010
KASTAMONU;ARAÇ;İNÖNÜ;ADİL ACAR CADDE;cadde;480716
KASTAMONU;ARAÇ;İNÖNÜ;ATATÜRK CADDE;cadde;445226
KASTAMONU;ARAÇ;İNÖNÜ;BATUR SOKAK;sokak;257437
KASTAMONU;ARAÇ;İNÖNÜ;CUMHURİYET CADDE;cadde;257438
KASTAMONU;ARAÇ;İNÖNÜ;ÇİĞDEM SOKAK;sokak;257445
KASTAMONU;ARAÇ;İNÖNÜ;DR.KEMAL SARIŞEN CADDE;cadde;445229
KASTAMONU;ARAÇ;İNÖNÜ;ERİKLİDERE SOKAK;sokak;445227
KASTAMONU;ARAÇ;İNÖNÜ;HİKMET SAYIN SOKAK;sokak;257440
KASTAMONU;ARAÇ;İNÖNÜ;İPLİKÇİLER SOKAK;sokak;664963990
KASTAMONU;ARAÇ;İNÖNÜ;İSMAİL MAHİR EFENDİ SOKAK;sokak;445230
KASTAMONU;ARAÇ;İNÖNÜ;KEBELİOĞLU SOKAK;sokak;257441
KASTAMONU;ARAÇ;İNÖNÜ;MENEKŞE SOKAK;sokak;445228
KASTAMONU;ARAÇ;İNÖNÜ;NERGİZ 1 SOKAK;sokak;822943071
KASTAMONU;ARAÇ;İNÖNÜ;NERGİZ 2 SOKAK;sokak;461575580
KASTAMONU;ARAÇ;İNÖNÜ;NERGİZ SOKAK;sokak;257442
KASTAMONU;ARAÇ;İNÖNÜ;ORMANLIK 1 SOKAK;sokak;745802341
KASTAMONU;ARAÇ;İNÖNÜ;ORMANLIK 2 SOKAK;sokak;658207221
KASTAMONU;ARAÇ;İNÖNÜ;ORMANLIK SOKAK;sokak;257443
KASTAMONU;ARAÇ;İNÖNÜ;ÖĞRETMEN 1. SOKAK;sokak;174808561
KASTAMONU;ARAÇ;İNÖNÜ;ÖĞRETMEN SOKAK;sokak;257446
KASTAMONU;ARAÇ;İNÖNÜ;SABRİ UZUN SOKAK;sokak;257444
KASTAMONU;ARAÇ;İNÖNÜ;ŞEHİT İLHAN KÜÇÜKSOLAK 1 SOKAK;sokak;621533330
KASTAMONU;ARAÇ;İNÖNÜ;ŞEHİT İLHAN KÜÇÜKSOLAK SOKAK;sokak;907200
KASTAMONU;ARAÇ;İNÖNÜ;ŞEKERCİ HACI BEKİR 1 SOKAK;sokak;714045940
KASTAMONU;ARAÇ;İNÖNÜ;ŞEKERCİ HACI BEKİR 2 SOKAK;sokak;127962640
KASTAMONU;ARAÇ;İNÖNÜ;ŞEKERCİ HACI BEKİR 3 SOKAK;sokak;320850781
KASTAMONU;ARAÇ;İNÖNÜ;ŞEKERCİ HACI BEKİR CADDE;cadde;257439
KASTAMONU;ARAÇ;KARACALAR - MERKEZ;MERKEZ KÜME EVLER;sokak;511489
KASTAMONU;ARAÇ;KARACALAR - MUHACİRLER;MUHACİRLER KÜME EVLER;sokak;501362
KASTAMONU;ARAÇ;KARACIK - MERKEZ;MERKEZ KÜME EVLER;sokak;544199
KASTAMONU;ARAÇ;KARAKAYA - MERKEZ;MERKEZ KÜME EVLER;sokak;511429
KASTAMONU;ARAÇ;KARAKAYA - MEZRA;MEZRA KÜME EVLER;sokak;386596
KASTAMONU;ARAÇ;KARAKAYA - ÖRENALTI;ÖRENALTI KÜME EVLER;sokak;507121
KASTAMONU;ARAÇ;KARCILAR - ADO;ADO KÜME EVLER;sokak;501367
KASTAMONU;ARAÇ;KARCILAR - BEKTAŞLAR;BEKTAŞLAR KÜME EVLER;sokak;512455
KASTAMONU;ARAÇ;KARCILAR - ÇALIK;ÇALIK KÜME EVLER;sokak;508746
KASTAMONU;ARAÇ;KARCILAR - GÖDE;GÖDE KÜME EVLER;sokak;506589
KASTAMONU;ARAÇ;KARCILAR - İMREHALAR;İMREHALAR KÜME EVLER;sokak;508401
KASTAMONU;ARAÇ;KARCILAR - KARCI;KARCI KÜME EVLER;sokak;507079
KASTAMONU;ARAÇ;KARCILAR - KONAK;KONAK KÜME EVLER;sokak;508042
KASTAMONU;ARAÇ;KAVACIK - AŞAĞI;AŞAĞI KÜME EVLER;sokak;506898
KASTAMONU;ARAÇ;KAVACIK - SÜNGÜLÜ;SÜNGÜLLÜ KÜME EVLER;sokak;495480
KASTAMONU;ARAÇ;KAVACIK - YUKARI;YUKARI KÜME EVLER;sokak;501985
KASTAMONU;ARAÇ;KAVAK - AŞAĞI;AŞAĞI KÜME EVLER;sokak;508168
KASTAMONU;ARAÇ;KAVAK - YEŞİL;YEŞİL KÜME EVLER;sokak;510068
KASTAMONU;ARAÇ;KAVAK - YUKARI;YUKARI KÜME EVLER;sokak;519756
KASTAMONU;ARAÇ;KAYABAŞI - ÇİFTLİK;ÇİFTLİK KÜME EVLER;sokak;642406
KASTAMONU;ARAÇ;KAYABAŞI - KÖPRÜYANI;KÖPRÜYANI KÜME EVLER;sokak;643312
KASTAMONU;ARAÇ;KAYABAŞI - MERKEZ;MERKEZ KÜME EVLER;sokak;643531
KASTAMONU;ARAÇ;KAYABOĞAZI - MERKEZ;MERKEZ KÜME EVLER;sokak;504933
KASTAMONU;ARAÇ;KAYAÖREN - YENİ;YENİ KÜME EVLER;sokak;94241
KASTAMONU;ARAÇ;KEMERLER - BOYALI;BOYALI KÜME EVLER;sokak;512774
KASTAMONU;ARAÇ;KEMERLER - MERKEZ;MERKEZ KÜME EVLER;sokak;650658
KASTAMONU;ARAÇ;KIŞLAKÖY - İNTAŞ;İNTAŞ KÜME EVLER;sokak;502701
KASTAMONU;ARAÇ;KIŞLAKÖY - KIŞLA;KIŞLA KÜME EVLER;sokak;503472
KASTAMONU;ARAÇ;KIŞLAKÖY - MERKEZ;MERKEZ KÜME EVLER;sokak;510638
KASTAMONU;ARAÇ;KIYAN - EBULEYS;EBULEYS KÜME EVLER;sokak;508842
KASTAMONU;ARAÇ;KIYAN - EBULEYS-OVA;EBULEYS OVA KÜME EVLER;sokak;90166
KASTAMONU;ARAÇ;KIYAN - MERKEZ;MERKEZ KÜME EVLER;sokak;502808
KASTAMONU;ARAÇ;KIYAN - MEZRA;MEZRA KÜME EVLER;sokak;663259
KASTAMONU;ARAÇ;KIYIDİBİ - ALİ GADO;ALİ GADO KÜME EVLER;sokak;151510
KASTAMONU;ARAÇ;KIYIDİBİ - DURMUŞOĞLU;DURMUŞOĞLU KÜME EVLER;sokak;511797
KASTAMONU;ARAÇ;KIYIDİBİ - KAROLO;KARDOLO KÜME EVLER;sokak;501630
KASTAMONU;ARAÇ;KIYIDİBİ - MERKEZ;MERKEZ KÜME EVLER;sokak;504760
KASTAMONU;ARAÇ;KIYIDİBİ - YALNIZOĞLU;YALNIZOĞLU KÜME EVLER;sokak;501632
KASTAMONU;ARAÇ;KIZILÖREN - MERKEZ;ADA2 KÜME EVLER;sokak;88652
KASTAMONU;ARAÇ;KIZILSARAY - HOŞAFCI;HOŞAFÇI KÜME EVLER;sokak;512328
KASTAMONU;ARAÇ;KIZILSARAY - KOÇÇUAZ;KOÇCUĞAZ KÜME EVLER;sokak;506119
KASTAMONU;ARAÇ;KIZILSARAY - MERKEZ;MERKEZ KÜME EVLER;sokak;512449
KASTAMONU;ARAÇ;KIZILSARAY - YUKARI;YUKARI KÜME EVLER;sokak;513198
KASTAMONU;ARAÇ;KİRAZLI - KİRAZLI;KİRAZLI KÜME EVLER;sokak;497374
KASTAMONU;ARAÇ;KİRAZLI - MERKEZ;MERKEZ KÜME EVLER;sokak;88670
KASTAMONU;ARAÇ;KİRAZLI - ÜVEY;ÜVEY KÜME EVLER;sokak;493889
KASTAMONU;ARAÇ;KİRAZLI - YAYLA;YAYLA KÜME EVLER;sokak;1079810
KASTAMONU;ARAÇ;KOVANLI - KIŞLA;KIŞLA KÜME EVLER;sokak;562665
KASTAMONU;ARAÇ;KOVANLI - MERKEZ;MERKEZ KÜME EVLER;sokak;502944
KASTAMONU;ARAÇ;KÖKLÜDERE - AŞAĞI;AŞAĞI KÜME EVLER;sokak;525108
KASTAMONU;ARAÇ;KÖKLÜDERE - ÇAMLI TEPE;ÇAMLITEPE KÜME EVLER;sokak;648454
KASTAMONU;ARAÇ;KÖKLÜDERE - ORTA;ORTA KÜME EVLER;sokak;469644
KASTAMONU;ARAÇ;KÖKLÜDERE - YUKARI;YUKARI KÜME EVLER;sokak;592770
KASTAMONU;ARAÇ;KÖKLÜYURT - MERKEZ;MERKEZ KÜME EVLER;sokak;512781
KASTAMONU;ARAÇ;KÖSEKÖY - BOSTAN;BOSTAN KÜME EVLER;sokak;513298
KASTAMONU;ARAÇ;KÖSEKÖY - IRBATLI;IRBATLI KÜME EVLER;sokak;262281
KASTAMONU;ARAÇ;KÖSEKÖY - MERKEZ;MERKEZ KÜME EVLER;sokak;503768
KASTAMONU;ARAÇ;MESUDİYE;ÇAPRAZ 1 SOKAK;sokak;940263581
KASTAMONU;ARAÇ;MESUDİYE;ÇAPRAZ 3 SOKAK;sokak;683747431
KASTAMONU;ARAÇ;MESUDİYE;ÇAPRAZ SOKAK;sokak;257448
KASTAMONU;ARAÇ;MESUDİYE;HUZU KÜME EVLER;sokak;257447
KASTAMONU;ARAÇ;MESUDİYE;MEHMET VERGİLİ SOKAK;sokak;257450
KASTAMONU;ARAÇ;MESUDİYE;MESUDİYE 1. SOKAK;sokak;197944371
KASTAMONU;ARAÇ;MESUDİYE;MESUDİYE CADDE;cadde;257449
KASTAMONU;ARAÇ;MESUDİYE;NERGİZ 2 SOKAK;sokak;740240351
KASTAMONU;ARAÇ;MESUDİYE;NERGİZ SOKAK;sokak;554966991
KASTAMONU;ARAÇ;MURATLI - ÇORAK;ÇORAK KÜME EVLER;sokak;521910
KASTAMONU;ARAÇ;MURATLI - KELLER;KELLER KÜME EVLER;sokak;514964
KASTAMONU;ARAÇ;MURATLI - KIŞLA;KIŞLA KÜME EVLER;sokak;521644
KASTAMONU;ARAÇ;MURATLI - YESİRLER;YESİRLER KÜME EVLER;sokak;514463
KASTAMONU;ARAÇ;MURATLI - YUSUFAKLAR;YUSUFAKLAR KÜME EVLER;sokak;521649
KASTAMONU;ARAÇ;MÜSLİMLER - MERKEZ;MERKEZ KÜME EVLER;sokak;88666
KASTAMONU;ARAÇ;MÜSLİMLER - ÖZAĞZI;ÖZAĞZI KÜME EVLER;sokak;501987
KASTAMONU;ARAÇ;OKÇULAR - AŞAĞI;AŞAĞI KÜME EVLER;sokak;86744
KASTAMONU;ARAÇ;OKÇULAR - GÜLLÜK;GÜLLÜK KÜME EVLER;sokak;86728
KASTAMONU;ARAÇ;OKÇULAR - TÜRKMENOĞLU;TÜRKMENOĞLU KÜME EVLER;sokak;504044
KASTAMONU;ARAÇ;OKÇULAR - YUKARI;YUKARI KÜME EVLER;sokak;506785
KASTAMONU;ARAÇ;OKLUK - BAKILCAK;BAKILCAK KÜME EVLER;sokak;511800
KASTAMONU;ARAÇ;OKLUK - KARACALIK;KARACALIK KÜME EVLER;sokak;505661
KASTAMONU;ARAÇ;OKLUK - KIŞLA;KIŞLA KÜME EVLER;sokak;502284
KASTAMONU;ARAÇ;OKLUK - MAHMATLAR;MAHMATLAR KÜME EVLER;sokak;504405
KASTAMONU;ARAÇ;OKLUK - UZUN;UZUN KÜME EVLER;sokak;151517
KASTAMONU;ARAÇ;OLUCAK - GÖYNÜK;GÖYNÜK KÜME EVLER;sokak;505669
KASTAMONU;ARAÇ;OLUCAK - KAVURGA;KAVURGA KÜME EVLER;sokak;505658
KASTAMONU;ARAÇ;OLUCAK - MERKEZ;MERKEZ KÜME EVLER;sokak;512788
KASTAMONU;ARAÇ;OLUCAK - SOFUOĞLU;SOFUOĞLU KÜME EVLER;sokak;501629
KASTAMONU;ARAÇ;OYCALI - AŞAĞI;AŞAĞI KÜME EVLER;sokak;495548
KASTAMONU;ARAÇ;OYCALI - OVA;OVA KÜME EVLER;sokak;523362
KASTAMONU;ARAÇ;OYCALI - YAYLA;YAYLA KÜME EVLER;sokak;521368
KASTAMONU;ARAÇ;OYCALI - YUKARI;YUKARI KÜME EVLER;sokak;280365
KASTAMONU;ARAÇ;ÖMERSİN - KAHYA;KAHYA KÜME EVLER;sokak;504401
KASTAMONU;ARAÇ;ÖMERSİN - KARAAĞAÇ;KARAAĞAÇ KÜME EVLER;sokak;504400
KASTAMONU;ARAÇ;ÖMERSİN - KÖSE;KÖSE KÜME EVLER;sokak;501622
KASTAMONU;ARAÇ;ÖMERSİN - MERKEZ;MERKEZ KÜME EVLER;sokak;501614
KASTAMONU;ARAÇ;ÖMERSİN - MIKCI;MIKCI KÜME EVLER;sokak;501625
KASTAMONU;ARAÇ;ÖMERSİN - TÜFEKCİ;TÜFEKCİ KÜME EVLER;sokak;504406
KASTAMONU;ARAÇ;ÖZBEL - MERKEZ;MERKEZ KÜME EVLER;sokak;501970
KASTAMONU;ARAÇ;PALAZLAR - DERE;DERE KÜME EVLER;sokak;502618
KASTAMONU;ARAÇ;PALAZLAR - ERENCİK;ERENCİK KÜME EVLER;sokak;502620
KASTAMONU;ARAÇ;PALAZLAR - GEZTARLA;GEZTARLA KÜME EVLER;sokak;507252
KASTAMONU;ARAÇ;PALAZLAR - MANDRA;MANDRA KÜME EVLER;sokak;512826
KASTAMONU;ARAÇ;PELİTÖREN - KUZLAN;KUZLAN KÜME EVLER;sokak;495233
KASTAMONU;ARAÇ;PELİTÖREN - MERKEZ;MERKEZ KÜME EVLER;sokak;496130
KASTAMONU;ARAÇ;PINARÖREN - MERKEZ;MERKEZ KÜME EVLER;sokak;116400
KASTAMONU;ARAÇ;PINARÖREN - YENİ;YENİ KÜME EVLER;sokak;504416
KASTAMONU;ARAÇ;RECEPBEY - HAYDAROĞLU;HAYDAROĞLU KÜME EVLER;sokak;626476
KASTAMONU;ARAÇ;RECEPBEY - MERKEZ;MERKEZ KÜME EVLER;sokak;626434
KASTAMONU;ARAÇ;RECEPBEY - RAMAZANOĞLU;RAMAZANOĞLU KÜME EVLER;sokak;503497
KASTAMONU;ARAÇ;RECEPBEY - SIHLAR;SIHLAR KÜME EVLER;sokak;626424
KASTAMONU;ARAÇ;SALTUKLU - MERKEZ;MERKEZ KÜME EVLER;sokak;502362
KASTAMONU;ARAÇ;SAMATLAR - ÇORAKDERE;ÇORAKDERE KÜME EVLER;sokak;309618
KASTAMONU;ARAÇ;SAMATLAR - HALAÇLAR;HALAÇLAR KÜME EVLER;sokak;316051
KASTAMONU;ARAÇ;SAMATLAR - KARAÇALILIK;KARAÇALILIK KÜME EVLER;sokak;85279
KASTAMONU;ARAÇ;SAMATLAR - SAMATLAR;SAMATLAR KÜME EVLER;sokak;545002
KASTAMONU;ARAÇ;SARIHACI - KAYAKISIĞI;KAYAKISIĞI KÜME EVLER;sokak;326284
KASTAMONU;ARAÇ;SARIHACI - MERKEZ;MERKEZ KÜME EVLER;sokak;548174
KASTAMONU;ARAÇ;SARIHACI - UĞUR;UĞUR KÜME EVLER;sokak;369766
KASTAMONU;ARAÇ;SARPUN - MEMİŞOĞLU;MEMİŞOĞLU KÜME EVLER;sokak;508436
KASTAMONU;ARAÇ;SARPUN - MERKEZ-ÇOBANOĞLU;MERKEZ ÇOBANOĞLU KÜME EVLER;sokak;509717
KASTAMONU;ARAÇ;SARPUN - SARCILAR;SARCILAR KÜME EVLER;sokak;503198
KASTAMONU;ARAÇ;SARPUN - YENİ;YENİ KÜME EVLER;sokak;502695
KASTAMONU;ARAÇ;SERDAR - ÇORUM;ÇORUM KÜME EVLER;sokak;509231
KASTAMONU;ARAÇ;SERDAR - DEREKIŞLA;DEREKIŞLA KÜME EVLER;sokak;503438
KASTAMONU;ARAÇ;SERDAR - DERYA;DERYA KÜME EVLER;sokak;510144
KASTAMONU;ARAÇ;SERDAR - KADIKÖY;KADIKÖY KÜME EVLER;sokak;504960
KASTAMONU;ARAÇ;SERDAR - SERDAR;SERDAR KÜME EVLER;sokak;620526
KASTAMONU;ARAÇ;SERDAR - TAŞPINAR;TAŞPINAR KÜME EVLER;sokak;502591
KASTAMONU;ARAÇ;SIRAGÖMÜ - MERKEZ;MERKEZ KÜME EVLER;sokak;511018
KASTAMONU;ARAÇ;SIRAGÖMÜ - YAYLA EVLERİ;YAYLA EVLERİ KÜME EVLER;sokak;649646
KASTAMONU;ARAÇ;SOFÇULAR - ECEMLER;ECEMLER KÜME EVLER;sokak;356510
KASTAMONU;ARAÇ;SOFÇULAR - MERKEZ;MERKEZ KÜME EVLER;sokak;512245
KASTAMONU;ARAÇ;SOFÇULAR - MÜSEMLER;MÜSEMLER KÜME EVLER;sokak;510975
KASTAMONU;ARAÇ;SOFÇULAR - OKÇULAR;OKÇULAR KÜME EVLER;sokak;504004
KASTAMONU;ARAÇ;SUSUZ - ESKİ SUSUZ;ESKİ SUSUZ KÜME EVLER;sokak;559964
KASTAMONU;ARAÇ;SUSUZ - GERİŞ-YAYLA EVİ;GERİŞ YAYLA EVİ KÜME EVLER;sokak;88783
KASTAMONU;ARAÇ;SUSUZ - SUSUZ -GERİŞ;SUSUZ GERİŞ KÜME EVLER;sokak;265114
KASTAMONU;ARAÇ;SUSUZ - SUSUZ -ISPALAR;SUSUZ ISPALAR KÜME EVLER;sokak;561376
KASTAMONU;ARAÇ;SUSUZ - SUSUZ YAYLASI;SUSUZ YAYLASI KÜME EVLER;sokak;265154
KASTAMONU;ARAÇ;SUSUZ - SUSUZ-AHLATÇIK;SUSUZ AHLATÇIK KÜME EVLER;sokak;548340
KASTAMONU;ARAÇ;SUSUZ - SUSUZ-TÜRBELİ;SUSUZ TÜRBELİ KÜME EVLER;sokak;560881
KASTAMONU;ARAÇ;SÜMENLER - KARAYOLLARI ALTI;KARAYOLLARI ALTI KÜME EVLER;sokak;511536
KASTAMONU;ARAÇ;ŞEHRİMANLAR - BARITCI;BARITCI KÜME EVLER;sokak;508416
KASTAMONU;ARAÇ;ŞEHRİMANLAR - MERKEZ;MERKEZ KÜME EVLER;sokak;386615
KASTAMONU;ARAÇ;ŞENYURT - MERKEZ;MERKEZ KÜME EVLER;sokak;481713
KASTAMONU;ARAÇ;ŞENYURT - ORUŞLAR;ORUŞLAR KÜME EVLER;sokak;502442
KASTAMONU;ARAÇ;ŞİRİNGÜNEY - MERKEZ;MERKEZ KÜME EVLER;sokak;503062
KASTAMONU;ARAÇ;TAŞPINAR - KÜTÜKOĞLU;KÜTÜKOĞLU KÜME EVLER;sokak;650057
KASTAMONU;ARAÇ;TAŞPINAR - MERKEZ;MERKEZ KÜME EVLER;sokak;503531
KASTAMONU;ARAÇ;TAŞPINAR - MEZRA;MEZRA KÜME EVLER;sokak;503981
KASTAMONU;ARAÇ;TAŞPINAR - ŞEKERCİ;ŞEKERCİ KÜME EVLER;sokak;502335
KASTAMONU;ARAÇ;TATLICA - MERKEZ;MERKEZ KÜME EVLER;sokak;501261
KASTAMONU;ARAÇ;TATLICA - MUHACİRLER;MUHACİRLER KÜME EVLER;sokak;507114
KASTAMONU;ARAÇ;TAVŞANLI - İSPİROĞLU;İSPİROĞLU KÜME EVLER;sokak;546258
KASTAMONU;ARAÇ;TAVŞANLI - MERKEZ;MERKEZ KÜME EVLER;sokak;549947
KASTAMONU;ARAÇ;TAVŞANLI - PİRİNÇ SUYU YAYLA;PİRİNÇ SUYU YAYLA KÜME EVLER;sokak;545467
KASTAMONU;ARAÇ;TAVŞANLI - SARMAŞIK;SARMAŞIK KÜME EVLER;sokak;548596
KASTAMONU;ARAÇ;TAVŞANLI - ŞEYKEMLER YABO;ŞEYKEMLER YABO KÜME EVLER;sokak;537661
KASTAMONU;ARAÇ;TAVŞANLI - TOPUZOĞLU OVA;TOPUZOĞLU OVA KÜME EVLER;sokak;545436
KASTAMONU;ARAÇ;TELLİKOZ - MERKEZ;MERKEZ KÜME EVLER;sokak;506302
KASTAMONU;ARAÇ;TELLİKOZ - VARVAN;VARVAN KÜME EVLER;sokak;513672
KASTAMONU;ARAÇ;TERKE - MERKEZ;MERKEZ KÜME EVLER;sokak;166879
KASTAMONU;ARAÇ;TOKATLI - MERKEZ;MERKEZ KÜME EVLER;sokak;511954
KASTAMONU;ARAÇ;TOKATLI - OVA;OVA KÜME EVLER;sokak;515021
KASTAMONU;ARAÇ;TOYGAÖREN - MERKEZ;MERKEZ KÜME EVLER;sokak;494988
KASTAMONU;ARAÇ;TOYGAÖREN - YUKARI;YUKARI KÜME EVLER;sokak;501989
KASTAMONU;ARAÇ;TUZAKLI - ESKİCİ;ESKİCİ KÜME EVLER;sokak;657946
KASTAMONU;ARAÇ;TUZAKLI - MERKEZ;MERKEZ KÜME EVLER;sokak;503860
KASTAMONU;ARAÇ;UĞURKÖY - AHMETLER;AHMETLER KÜME EVLER;sokak;502332
KASTAMONU;ARAÇ;UĞURKÖY - GÖLLER;GÖLLER KÜME EVLER;sokak;502193
KASTAMONU;ARAÇ;UĞURKÖY - MERKEZ;MERKEZ KÜME EVLER;sokak;39449
KASTAMONU;ARAÇ;ÜÇPINAR - MERKEZ;MERKEZ KÜME EVLER;sokak;496508
KASTAMONU;ARAÇ;YENİ;15 TEMMUZ DEMOKRASİ VE ŞEHİTLER MEYDANI MEYDAN;sokak;1163795
KASTAMONU;ARAÇ;YENİ;ADİL ACAR CADDE;cadde;445231
KASTAMONU;ARAÇ;YENİ;ATATÜRK CADDE;cadde;257451
KASTAMONU;ARAÇ;YENİ;AYANOĞLU 2 SOKAK;sokak;538794411
KASTAMONU;ARAÇ;YENİ;AYANOĞLU SOKAK;sokak;257452
KASTAMONU;ARAÇ;YENİ;BAŞÖĞRETMEN HÜSEYİN BULUT SOKAK;sokak;907201
KASTAMONU;ARAÇ;YENİ;BEKİR SITKI ERTAŞ SOKAK;sokak;257457
KASTAMONU;ARAÇ;YENİ;BÜLENT ECEVİT CADDE;cadde;257453
KASTAMONU;ARAÇ;YENİ;CAMİİ SOKAK;sokak;257454
KASTAMONU;ARAÇ;YENİ;CUMHURİYET CADDE;cadde;445233
KASTAMONU;ARAÇ;YENİ;DR.HAKKI NEVİN CADDE;cadde;257455
KASTAMONU;ARAÇ;YENİ;DR.KEMAL SARIŞEN CADDE;cadde;257791
KASTAMONU;ARAÇ;YENİ;HASTANE CADDE;cadde;445234
KASTAMONU;ARAÇ;YENİ;HİKMET SAYIN SOKAK;sokak;257458
KASTAMONU;ARAÇ;YENİ;İBRAHİM İPLİKÇİOĞLU SOKAK;sokak;257792
KASTAMONU;ARAÇ;YENİ;İDRİS ÇOLPAN SOKAK;sokak;907199
KASTAMONU;ARAÇ;YENİ;KARAKOL SOKAK;sokak;257459
KASTAMONU;ARAÇ;YENİ;KASTAMONU CADDE;cadde;445235
KASTAMONU;ARAÇ;YENİ;KAYMAKAM HİLMİ BEY SOKAK;sokak;257785
KASTAMONU;ARAÇ;YENİ;MACAROĞLU HALİM EFENDİ SOKAK;sokak;257786
KASTAMONU;ARAÇ;YENİ;MESUDİYE 1. SOKAK;sokak;353341760
KASTAMONU;ARAÇ;YENİ;MİLLİ EGEMENLİK CADDE;cadde;445236
KASTAMONU;ARAÇ;YENİ;MUZAFFER ÖZBEK SOKAK;sokak;257787
KASTAMONU;ARAÇ;YENİ;RAFET VERGİLİ CADDE;cadde;445232
KASTAMONU;ARAÇ;YENİ;REFİK TURAN SOKAK;sokak;120751150
KASTAMONU;ARAÇ;YENİ;RIFKI PENCERECİ SOKAK;sokak;823231890
KASTAMONU;ARAÇ;YENİ;SEPETÇİOĞLU SOKAK;sokak;257788
KASTAMONU;ARAÇ;YENİ;ŞEKERCİ HACI BEKİR CADDE;cadde;257456
KASTAMONU;ARAÇ;YENİ;TABAKZADE İSMAİL EFENDİ SOKAK;sokak;257789
KASTAMONU;ARAÇ;YENİ;TÜRBE SOKAK;sokak;257790
KASTAMONU;ARAÇ;YENİ;VENÜS CADDE;cadde;768364360
KASTAMONU;ARAÇ;YENİ;VEZNEDAR SOKAK;sokak;445237
KASTAMONU;ARAÇ;YENİCE - AFET;AFET KÜME EVLER;sokak;356538
KASTAMONU;ARAÇ;YENİCE - DERELER;DERELER KÜME EVLER;sokak;506219
KASTAMONU;ARAÇ;YENİCE - KÖSELER;KÖSELER KÜME EVLER;sokak;514062
KASTAMONU;ARAÇ;YENİCE - SEYRAN;SEYRAN KÜME EVLER;sokak;514051
KASTAMONU;ARAÇ;YENİCE - YAKACIK;YAKACIK KÜME EVLER;sokak;506310
KASTAMONU;ARAÇ;YEŞİL;AŞIK MÜMİN MEYDANİ 1 SOKAK;sokak;532827291
KASTAMONU;ARAÇ;YEŞİL;AŞIK MÜMİN MEYDANİ SOKAK;sokak;365266
KASTAMONU;ARAÇ;YEŞİL;ATATÜRK CADDE;cadde;257796
KASTAMONU;ARAÇ;YEŞİL;ATMACA SOKAK;sokak;257797
KASTAMONU;ARAÇ;YEŞİL;AYANOĞLU_1 SOKAK;sokak;257798
KASTAMONU;ARAÇ;YEŞİL;BÜLENT ECEVİT CADDE;cadde;445240
KASTAMONU;ARAÇ;YEŞİL;CAFER UYANIK SOKAK;sokak;365265
KASTAMONU;ARAÇ;YEŞİL;CAMİİ SOKAK;sokak;257799
KASTAMONU;ARAÇ;YEŞİL;CUMHURİYET CADDE;cadde;257801
KASTAMONU;ARAÇ;YEŞİL;DOĞAN SOKAK;sokak;445241
KASTAMONU;ARAÇ;YEŞİL;DR.KEMAL SARIŞEN CADDE;cadde;257795
KASTAMONU;ARAÇ;YEŞİL;GAZİ ALİ KÜTÜKOĞLU SOKAK;sokak;445245
KASTAMONU;ARAÇ;YEŞİL;KANARYA SOKAK;sokak;365264
KASTAMONU;ARAÇ;YEŞİL;KARTAL SOKAK;sokak;257804
KASTAMONU;ARAÇ;YEŞİL;KASTAMONU 1 SOKAK;sokak;381464370
KASTAMONU;ARAÇ;YEŞİL;KASTAMONU 2 SOKAK;sokak;254821341
KASTAMONU;ARAÇ;YEŞİL;KASTAMONU 4 SOKAK;sokak;608553191
KASTAMONU;ARAÇ;YEŞİL;KASTAMONU 5 SOKAK;sokak;676661311
KASTAMONU;ARAÇ;YEŞİL;KASTAMONU 6 SOKAK;sokak;168718321
KASTAMONU;ARAÇ;YEŞİL;KASTAMONU CADDE;cadde;257805
KASTAMONU;ARAÇ;YEŞİL;KEKLİK SOKAK;sokak;257806
KASTAMONU;ARAÇ;YEŞİL;KOCAMEŞE SOKAK;sokak;445243
KASTAMONU;ARAÇ;YEŞİL;MEHMET ÇAPRAZLI SOKAK;sokak;445239
KASTAMONU;ARAÇ;YEŞİL;MEHMET YETGİN 1 SOKAK;sokak;807201210
KASTAMONU;ARAÇ;YEŞİL;MEHMET YETGİN SOKAK;sokak;257800
KASTAMONU;ARAÇ;YEŞİL;MESUDİYE 1. SOKAK;sokak;353341761
KASTAMONU;ARAÇ;YEŞİL;MESUDİYE CADDE;cadde;257808
KASTAMONU;ARAÇ;YEŞİL;NAMIK ÜN SOKAK;sokak;257802
KASTAMONU;ARAÇ;YEŞİL;OSMAN ZEKİ ÜNGÖR 1 SOKAK;sokak;924074020
KASTAMONU;ARAÇ;YEŞİL;OSMAN ZEKİ ÜNGÖR 10 SOKAK;sokak;509438361
KASTAMONU;ARAÇ;YEŞİL;OSMAN ZEKİ ÜNGÖR 11 SOKAK;sokak;175261200
KASTAMONU;ARAÇ;YEŞİL;OSMAN ZEKİ ÜNGÖR 12 SOKAK;sokak;312901900
KASTAMONU;ARAÇ;YEŞİL;OSMAN ZEKİ ÜNGÖR 13 SOKAK;sokak;947716721
KASTAMONU;ARAÇ;YEŞİL;OSMAN ZEKİ ÜNGÖR 14 SOKAK;sokak;572821390
KASTAMONU;ARAÇ;YEŞİL;OSMAN ZEKİ ÜNGÖR 15 SOKAK;sokak;112365691
KASTAMONU;ARAÇ;YEŞİL;OSMAN ZEKİ ÜNGÖR 16 SOKAK;sokak;866727060
KASTAMONU;ARAÇ;YEŞİL;OSMAN ZEKİ ÜNGÖR 17 SOKAK;sokak;555035361
KASTAMONU;ARAÇ;YEŞİL;OSMAN ZEKİ ÜNGÖR 18 SOKAK;sokak;801421930
KASTAMONU;ARAÇ;YEŞİL;OSMAN ZEKİ ÜNGÖR 19 SOKAK;sokak;794332800
KASTAMONU;ARAÇ;YEŞİL;OSMAN ZEKİ ÜNGÖR 2 SOKAK;sokak;321197451
KASTAMONU;ARAÇ;YEŞİL;OSMAN ZEKİ ÜNGÖR 3 SOKAK;sokak;526839921
KASTAMONU;ARAÇ;YEŞİL;OSMAN ZEKİ ÜNGÖR 4 SOKAK;sokak;476615171
KASTAMONU;ARAÇ;YEŞİL;OSMAN ZEKİ ÜNGÖR 5 SOKAK;sokak;456637050
KASTAMONU;ARAÇ;YEŞİL;OSMAN ZEKİ ÜNGÖR 6 SOKAK;sokak;290922361
KASTAMONU;ARAÇ;YEŞİL;OSMAN ZEKİ ÜNGÖR 7 SOKAK;sokak;526257201
KASTAMONU;ARAÇ;YEŞİL;OSMAN ZEKİ ÜNGÖR 8 SOKAK;sokak;575520771
KASTAMONU;ARAÇ;YEŞİL;OSMAN ZEKİ ÜNGÖR 9 SOKAK;sokak;242986891
KASTAMONU;ARAÇ;YEŞİL;OSMAN ZEKİ ÜNGÖR SOKAK;sokak;257803
KASTAMONU;ARAÇ;YEŞİL;PAPAĞAN SOKAK;sokak;257810
KASTAMONU;ARAÇ;YEŞİL;RADYOCU RASİM KARA CADDE;cadde;356201290
KASTAMONU;ARAÇ;YEŞİL;RAFET VERGİLİ CADDE;cadde;364955
KASTAMONU;ARAÇ;YEŞİL;SAKSAĞAN SOKAK;sokak;257811
KASTAMONU;ARAÇ;YEŞİL;SEHER ÖZTÜRK SOKAK;sokak;257793
KASTAMONU;ARAÇ;YEŞİL;SEPETÇİOĞLU SOKAK;sokak;846386
KASTAMONU;ARAÇ;YEŞİL;ŞEHİT CENGİZ KARCIOĞLU SOKAK;sokak;484042140
KASTAMONU;ARAÇ;YEŞİL;ŞEKERCİ HACI BEKİR CADDE;cadde;445242
KASTAMONU;ARAÇ;YEŞİL;ŞENEL ÇAPRAZ SOKAK;sokak;846974
KASTAMONU;ARAÇ;YEŞİL;ŞEVKİYE SAYIN SOKAK;sokak;846977
KASTAMONU;ARAÇ;YEŞİL;ŞHT.FEVZİYE ŞAHİNÖZ SOKAK;sokak;365263
KASTAMONU;ARAÇ;YEŞİL;YALÇIN SOKAK;sokak;445238
KASTAMONU;ARAÇ;YEŞİL;YEŞİL 10. SOKAK;sokak;947299281
KASTAMONU;ARAÇ;YEŞİL;YEŞİL 11. SOKAK;sokak;251206841
KASTAMONU;ARAÇ;YEŞİL;YEŞİL 2. SOKAK;sokak;531796361
KASTAMONU;ARAÇ;YEŞİL;YEŞİL 7. SOKAK;sokak;896542631
KASTAMONU;ARAÇ;YEŞİL;YEŞİL 9. SOKAK;sokak;538207590
KASTAMONU;ARAÇ;YEŞİLOVA - MERKEZ;MERKEZ KÜME EVLER;sokak;501872
KASTAMONU;ARAÇ;YUKARIARAÇ;ABCA SOKAK;sokak;846971
KASTAMONU;ARAÇ;YUKARIARAÇ;AV. BAHTİYAR YAŞAR SOKAK;sokak;365267
KASTAMONU;ARAÇ;YUKARIARAÇ;BAŞÖĞRETMEN HÜSEYİN BULUT SOKAK;sokak;632636770
KASTAMONU;ARAÇ;YUKARIARAÇ;BESTEKAR EROL SAYAN SOKAK;sokak;1131487
KASTAMONU;ARAÇ;YUKARIARAÇ;CİDALCIZADE AHMET EFENDİ SOKAK;sokak;907284
KASTAMONU;ARAÇ;YUKARIARAÇ;HALİLAMCAOĞLU SOKAK;sokak;846972
KASTAMONU;ARAÇ;YUKARIARAÇ;HAMİT SAVAŞCI SOKAK;sokak;907303
KASTAMONU;ARAÇ;YUKARIARAÇ;HÜSEYİN DOĞAN SOKAK;sokak;1131489
KASTAMONU;ARAÇ;YUKARIARAÇ;İDRİS ÇOLPAN SOKAK;sokak;125197730
KASTAMONU;ARAÇ;YUKARIARAÇ;KARAAĞAÇ 1. SOKAK;sokak;141905081
KASTAMONU;ARAÇ;YUKARIARAÇ;KARABEYOĞLU CADDE;cadde;846969
KASTAMONU;ARAÇ;YUKARIARAÇ;KARADENİZ 1 SOKAK;sokak;152976331
KASTAMONU;ARAÇ;YUKARIARAÇ;KARADENİZ 2 SOKAK;sokak;782817481
KASTAMONU;ARAÇ;YUKARIARAÇ;KARADENİZ 3 SOKAK;sokak;717065431
KASTAMONU;ARAÇ;YUKARIARAÇ;KARADENİZ 4 SOKAK;sokak;169892790
KASTAMONU;ARAÇ;YUKARIARAÇ;KARADENİZ 5 SOKAK;sokak;583197990
KASTAMONU;ARAÇ;YUKARIARAÇ;KARADENİZ SOKAK;sokak;257814
KASTAMONU;ARAÇ;YUKARIARAÇ;KASTAMONU CADDE;cadde;257815
KASTAMONU;ARAÇ;YUKARIARAÇ;MİLLİ EGEMENLİK 2. SOKAK;sokak;788921221
KASTAMONU;ARAÇ;YUKARIARAÇ;MİLLİ EGEMENLİK CADDE;cadde;445246
KASTAMONU;ARAÇ;YUKARIARAÇ;RAFET VERGİLİ CADDE;cadde;257812
KASTAMONU;ARAÇ;YUKARIARAÇ;SAVAŞÇILAR 1. SOKAK;sokak;520304261
KASTAMONU;ARAÇ;YUKARIARAÇ;SAVAŞÇILAR 10 SOKAK;sokak;243977620
KASTAMONU;ARAÇ;YUKARIARAÇ;SAVAŞÇILAR 2. SOKAK;sokak;894738391
KASTAMONU;ARAÇ;YUKARIARAÇ;SAVAŞÇILAR 4. SOKAK;sokak;863043421
KASTAMONU;ARAÇ;YUKARIARAÇ;SAVAŞÇILAR SOKAK;sokak;257816
KASTAMONU;ARAÇ;YUKARIARAÇ;ŞEVKİ KADERLİ 1 SOKAK;sokak;689831471
KASTAMONU;ARAÇ;YUKARIARAÇ;ŞEVKİ KADERLİ SOKAK;sokak;257813
KASTAMONU;ARAÇ;YUKARIARAÇ;ŞHT.ER İDRİS HINIK SOKAK;sokak;365268
KASTAMONU;ARAÇ;YUKARIARAÇ;ŞHT.ER SELAHATTİN TOKAT SOKAK;sokak;257818
KASTAMONU;ARAÇ;YUKARIARAÇ;VENÜS CADDE;cadde;257817
KASTAMONU;ARAÇ;YUKARIARAÇ;YUKARIARAÇ 1. SOKAK;sokak;830806481
KASTAMONU;ARAÇ;YUKARIARAÇ;YUKARIARAÇ 2. SOKAK;sokak;270096611
KASTAMONU;ARAÇ;YUKARIARAÇ;YUKARIARAÇ 4. SOKAK;sokak;900302140
KASTAMONU;ARAÇ;YUKARIARAÇ;YUKARIARAÇ 6. SOKAK;sokak;753808161
KASTAMONU;ARAÇ;YUKARIÇOBANÖZÜ - İĞDİR;İĞDİR KÜME EVLER;sokak;506755
KASTAMONU;ARAÇ;YUKARIGÜNEY - MERKEZ;MERKEZ KÜME EVLER;sokak;500072
KASTAMONU;ARAÇ;YUKARIILIPINAR - AŞAĞI ÖREN;AŞAĞI ÖREN KÜME EVLER;sokak;262611
KASTAMONU;ARAÇ;YUKARIILIPINAR - CANLAR;CANLAR KÜME EVLER;sokak;547343
KASTAMONU;ARAÇ;YUKARIILIPINAR - ÇIKRIKÇI;ÇIKRIKÇI KÜME EVLER;sokak;546049
KASTAMONU;ARAÇ;YUKARIILIPINAR - ÇUKURTARLA;ÇUKURTARLA KÜME EVLER;sokak;316714
KASTAMONU;ARAÇ;YUKARIILIPINAR - DEDECÜK;DEDECÜK KÜME EVLER;sokak;449678
KASTAMONU;ARAÇ;YUKARIILIPINAR - GÜNEY;GÜNEY KÜME EVLER;sokak;449998
KASTAMONU;ARAÇ;YUKARIILIPINAR - KIZAKYOKUŞU;KIZAKYOKUŞU KÜME EVLER;sokak;601256
KASTAMONU;ARAÇ;YUKARIILIPINAR - KÖLEOĞLU;KÖLEOĞLU KÜME EVLER;sokak;555319
KASTAMONU;ARAÇ;YUKARIILIPINAR - KÖYYERİ;KÖYYERİ KÜME EVLER;sokak;361897
KASTAMONU;ARAÇ;YUKARIILIPINAR - MERKEZ;MERKEZ KÜME EVLER;sokak;544847
KASTAMONU;ARAÇ;YUKARIILIPINAR - POYRAZLI;POYRAZLI KÜME EVLER;sokak;46922
KASTAMONU;ARAÇ;YUKARIİKİZÖREN - Y. İKİZÖREN;YUKARI İKİZÖREN KÜME EVLER;sokak;289209
KASTAMONU;ARAÇ;YUKARIOBA - DORUK;DORUK KÜME EVLER;sokak;563035
KASTAMONU;ARAÇ;YUKARIOBA - DURAKLAR;DURAKLAR KÜME EVLER;sokak;501764
KASTAMONU;ARAÇ;YUKARIOBA - MERKEZ;MERKEZ KÜME EVLER;sokak;505258
KASTAMONU;ARAÇ;YUKARIOBA - ORTA;ORTA KÜME EVLER;sokak;503524
KASTAMONU;ARAÇ;YUKARIYAZI - MERKEZ;MERKEZ KÜME EVLER;sokak;500425
KASTAMONU;ARAÇ;YURTTEPE - MERKEZ;MERKEZ KÜME EVLER;sokak;377355
KASTAMONU;AZDAVAY;AHAT - ÇATAK;ÇATAK KÜME EVLER;sokak;493586
KASTAMONU;AZDAVAY;AHAT - ÇİFTLİK;ÇİFTLİK KÜME EVLER;sokak;493596
KASTAMONU;AZDAVAY;AHAT - MERKEZ;MERKEZ KÜME EVLER;sokak;480455
KASTAMONU;AZDAVAY;AHAT - ÖRENCİK;ÖRENCİK KÜME EVLER;sokak;500346
KASTAMONU;AZDAVAY;AKÇAÇAM - MERKEZ;MERKEZ KÜME EVLER;sokak;479966
KASTAMONU;AZDAVAY;AKÇAÇAM - ŞÜKÜROĞLU;ŞÜKÜROĞLU KÜME EVLER;sokak;479993
KASTAMONU;AZDAVAY;AKÇAÇAM - YAVULAR;YAVULAR KÜME EVLER;sokak;491273
KASTAMONU;AZDAVAY;ALACIK - DEMİRCİ;DEMİRCİ KÜME EVLER;sokak;501762
KASTAMONU;AZDAVAY;ALACIK - HACI HASAN;HAZI HASAN KÜME EVLER;sokak;505230
KASTAMONU;AZDAVAY;ALACIK - KİLİM;KİLİM KÜME EVLER;sokak;502106
KASTAMONU;AZDAVAY;ALACIK - KOCAAĞAÇ;KOCAAĞAÇ KÜME EVLER;sokak;502617
KASTAMONU;AZDAVAY;ALACIK - MERKEZ;MERKEZ KÜME EVLER;sokak;497367
KASTAMONU;AZDAVAY;ALACIK - ŞEMŞİ;ŞEMŞİ KÜME EVLER;sokak;507241
KASTAMONU;AZDAVAY;ALACIK - YAYLA;YAYLA KÜME EVLER;sokak;502600
KASTAMONU;AZDAVAY;ALACIK - ZEYFE;ZEYFE KÜME EVLER;sokak;502104
KASTAMONU;AZDAVAY;ALİKÖY - AKTAŞ;AKTAŞ KÜME EVLER;sokak;507162
KASTAMONU;AZDAVAY;ALİKÖY - BEKDEMİR;BEKDEMİR KÜME EVLER;sokak;501597
KASTAMONU;AZDAVAY;ALİKÖY - ESKÖY;ESKÖY KÜME EVLER;sokak;505225
KASTAMONU;AZDAVAY;ALİKÖY - KOCAOĞLU;KOCAOĞLU KÜME EVLER;sokak;512687
KASTAMONU;AZDAVAY;ALİKÖY - KOCCUVAZ;KOCCUVAZ KÜME EVLER;sokak;494255
KASTAMONU;AZDAVAY;ALİKÖY - KÖSE;KÖSE KÜME EVLER;sokak;504518
KASTAMONU;AZDAVAY;ALİKÖY - MERKEZ;MERKEZ KÜME EVLER;sokak;505223
KASTAMONU;AZDAVAY;ALİKÖY - SERKE;SERKE KÜME EVLER;sokak;512835
KASTAMONU;AZDAVAY;ALİKÖY - YUKARIKÖY;YUKARIKÖY KÜME EVLER;sokak;508788
KASTAMONU;AZDAVAY;ARSLANCA - BAŞOĞLU;BAŞOĞLU KÜME EVLER;sokak;353999
KASTAMONU;AZDAVAY;ARSLANCA - KABALAR;KABALAR KÜME EVLER;sokak;506775
KASTAMONU;AZDAVAY;ARSLANCA - MERKEZ;MERKEZ KÜME EVLER;sokak;502101
KASTAMONU;AZDAVAY;ARSLANCA - OKCU;OKÇU KÜME EVLER;sokak;495461
KASTAMONU;AZDAVAY;ARSLANCA - SAKIZOĞLU;SAKIZOĞLU KÜME EVLER;sokak;506096
KASTAMONU;AZDAVAY;ARSLANCA - SARIKAYA;SARIKAYA KÜME EVLER;sokak;502097
KASTAMONU;AZDAVAY;BAHÇELİEVLER;AÇELYA SOKAK;sokak;1372425
KASTAMONU;AZDAVAY;BAHÇELİEVLER;AHMET ŞEN CADDE;cadde;658469251
KASTAMONU;AZDAVAY;BAHÇELİEVLER;AKASYA SOKAK;sokak;889198
KASTAMONU;AZDAVAY;BAHÇELİEVLER;AKÇAY CADDE;cadde;369340
KASTAMONU;AZDAVAY;BAHÇELİEVLER;ALİ MUHTAR SOKAK;sokak;888017
KASTAMONU;AZDAVAY;BAHÇELİEVLER;ARDIÇ SOKAK;sokak;664740990
KASTAMONU;AZDAVAY;BAHÇELİEVLER;ATMACA SOKAK;sokak;684273760
KASTAMONU;AZDAVAY;BAHÇELİEVLER;AYANOĞLU SOKAK;sokak;486180
KASTAMONU;AZDAVAY;BAHÇELİEVLER;BAHAR SOKAK;sokak;889194
KASTAMONU;AZDAVAY;BAHÇELİEVLER;BAKIRCI SOKAK;sokak;488020
KASTAMONU;AZDAVAY;BAHÇELİEVLER;CAMİ SOKAK;sokak;493917
KASTAMONU;AZDAVAY;BAHÇELİEVLER;CEYLAN SOKAK;sokak;889183
KASTAMONU;AZDAVAY;BAHÇELİEVLER;CİVELEK SOKAK;sokak;493921
KASTAMONU;AZDAVAY;BAHÇELİEVLER;CUMHURİYET CADDE;cadde;486179
KASTAMONU;AZDAVAY;BAHÇELİEVLER;ÇAĞLA SOKAK;sokak;889200
KASTAMONU;AZDAVAY;BAHÇELİEVLER;EFEDAĞ SOKAK;sokak;887160
KASTAMONU;AZDAVAY;BAHÇELİEVLER;GÖNÜL SOKAK;sokak;524118
KASTAMONU;AZDAVAY;BAHÇELİEVLER;GÜNEŞ SOKAK;sokak;889196
KASTAMONU;AZDAVAY;BAHÇELİEVLER;HANIMELİ SOKAK;sokak;1372427
KASTAMONU;AZDAVAY;BAHÇELİEVLER;İSMAİL RECAİ ŞANLI CADDE;cadde;889192
KASTAMONU;AZDAVAY;BAHÇELİEVLER;KANARYA SOKAK;sokak;889181
KASTAMONU;AZDAVAY;BAHÇELİEVLER;KANYON CADDE;cadde;493938
KASTAMONU;AZDAVAY;BAHÇELİEVLER;KARACA SOKAK;sokak;889182
KASTAMONU;AZDAVAY;BAHÇELİEVLER;KARAKAŞ SOKAK;sokak;888018
KASTAMONU;AZDAVAY;BAHÇELİEVLER;KARAKUŞLU CADDE;cadde;654104251
KASTAMONU;AZDAVAY;BAHÇELİEVLER;KİBAR SOKAK;sokak;486178
KASTAMONU;AZDAVAY;BAHÇELİEVLER;LEYLEK SOKAK;sokak;129025571
KASTAMONU;AZDAVAY;BAHÇELİEVLER;MENEKŞE SOKAK;sokak;889205
KASTAMONU;AZDAVAY;BAHÇELİEVLER;MEŞE SOKAK;sokak;889199
KASTAMONU;AZDAVAY;BAHÇELİEVLER;ORKİDE SOKAK;sokak;889206
KASTAMONU;AZDAVAY;BAHÇELİEVLER;ORMANGÜLÜ SOKAK;sokak;1372429
KASTAMONU;AZDAVAY;BAHÇELİEVLER;ÖZCAN SOKAK;sokak;889202
KASTAMONU;AZDAVAY;BAHÇELİEVLER;ÖZTÜRK SOKAK;sokak;118313
KASTAMONU;AZDAVAY;BAHÇELİEVLER;SANAYİ SOKAK;sokak;623435531
KASTAMONU;AZDAVAY;BAHÇELİEVLER;SERÇE SOKAK;sokak;366822271
KASTAMONU;AZDAVAY;BAHÇELİEVLER;SITKI AYAN SOKAK;sokak;889203
KASTAMONU;AZDAVAY;BAHÇELİEVLER;SÜMBÜL SOKAK;sokak;889195
KASTAMONU;AZDAVAY;BAHÇELİEVLER;ŞEHİT HURİYE GÜNEY SOKAK;sokak;1325763
KASTAMONU;AZDAVAY;BAHÇELİEVLER;ŞEHİT HURİYE GÜNEY_1 SOKAK;sokak;159999310
KASTAMONU;AZDAVAY;BAHÇELİEVLER;ŞEHİT SELİM DEMİR SOKAK;sokak;493940
KASTAMONU;AZDAVAY;BAHÇELİEVLER;ŞİMŞEK SOKAK;sokak;620657501
KASTAMONU;AZDAVAY;BAHÇELİEVLER;TOKİ 2 SOKAK;sokak;961005991
KASTAMONU;AZDAVAY;BAHÇELİEVLER;TOKİ SOKAK;sokak;709031171
KASTAMONU;AZDAVAY;BAHÇELİEVLER;TURNA SOKAK;sokak;114857291
KASTAMONU;AZDAVAY;BAHÇELİEVLER;YAŞAR TARHAN SOKAK;sokak;889204
KASTAMONU;AZDAVAY;BAHÇELİEVLER;YILDIRIM SOKAK;sokak;486171
KASTAMONU;AZDAVAY;BAKIRCI - GERİŞ;GERİŞ KÜME EVLER;sokak;486612
KASTAMONU;AZDAVAY;BAKIRCI - HOCA;HOCA KÜME EVLER;sokak;491031
KASTAMONU;AZDAVAY;BAKIRCI - KIRAÇ;BILDIRCIN SOKAK;sokak;882359160
KASTAMONU;AZDAVAY;BAKIRCI - KIRAÇ;KIRAÇ KÜME EVLER;sokak;490525
KASTAMONU;AZDAVAY;BAKIRCI - KÖSE KÖYÜ;KÖSE KÖYÜ KÜME EVLER;sokak;487364
KASTAMONU;AZDAVAY;BAKIRCI - MERKEZ;MERKEZ KÜME EVLER;sokak;500409
KASTAMONU;AZDAVAY;BAŞAKÇAY - ALTINTAŞ;ALTINTAŞ KÜME EVLER;sokak;83917
KASTAMONU;AZDAVAY;BAŞAKÇAY - BALLIK;BALLIK KÜME EVLER;sokak;508479
KASTAMONU;AZDAVAY;BAŞAKÇAY - ÇİFTLİK;ÇİFTLİK KÜME EVLER;sokak;91205
KASTAMONU;AZDAVAY;BAŞAKÇAY - DURSUN;DURSUN KÜME EVLER;sokak;83916
KASTAMONU;AZDAVAY;BAŞAKÇAY - GIYAS;GIYAS KÜME EVLER;sokak;508477
KASTAMONU;AZDAVAY;BAŞAKÇAY - İMAM;İMAM KÜME EVLER;sokak;508478
KASTAMONU;AZDAVAY;BAŞAKÇAY - KABALAR;KABALAR KÜME EVLER;sokak;508468
KASTAMONU;AZDAVAY;BAŞAKÇAY - KUZ;KUZ KÜME EVLER;sokak;91204
KASTAMONU;AZDAVAY;BAŞAKÇAY - MERKEZ;MERKEZ KÜME EVLER;sokak;83913
KASTAMONU;AZDAVAY;BAŞÖREN - BOYALCA;BOYALCA KÜME EVLER;sokak;487329
KASTAMONU;AZDAVAY;BAŞÖREN - GÖKTAŞ;GÖKTAŞ KÜME EVLER;sokak;487378
KASTAMONU;AZDAVAY;BAŞÖREN - KASAP;KASAP KÜME EVLER;sokak;490534
KASTAMONU;AZDAVAY;BAŞÖREN - KOCOĞLAR;KOCOĞLAR KÜME EVLER;sokak;487328
KASTAMONU;AZDAVAY;BAŞÖREN - MERKEZ;MERKEZ KÜME EVLER;sokak;488234
KASTAMONU;AZDAVAY;ÇAKIROĞLU - GÜNEY;GÜNEY KÜME EVLER;sokak;487826
KASTAMONU;AZDAVAY;ÇAKIROĞLU - IŞIKLAR;IŞIKLAR KÜME EVLER;sokak;490580
KASTAMONU;AZDAVAY;ÇAKIROĞLU - KUŞ;KUŞ KÜME EVLER;sokak;488753
KASTAMONU;AZDAVAY;ÇAKIROĞLU - SARIÇAM;SARIÇAM KÜME EVLER;sokak;487822
KASTAMONU;AZDAVAY;ÇAMLIBÜK - AŞAGÖREN;AŞAGÖREN KÜME EVLER;sokak;506191
KASTAMONU;AZDAVAY;ÇAMLIBÜK - ÇAMLIBÜK MERKEZ;ÇAMLIBÜK MERKEZ KÜME EVLER;sokak;513349
KASTAMONU;AZDAVAY;ÇAMLIBÜK - ÇIRALI;ÇIRALLI KÜME EVLER;sokak;510628
KASTAMONU;AZDAVAY;ÇAMLIBÜK - EMRE;EMRE KÜME EVLER;sokak;511001
KASTAMONU;AZDAVAY;ÇAMLIBÜK - FİREMÜK;FİREMÜK KÜME EVLER;sokak;510991
KASTAMONU;AZDAVAY;ÇAMLIBÜK - KARACA;KARACA KÜME EVLER;sokak;506199
KASTAMONU;AZDAVAY;ÇAMLIBÜK - OLUKLU;OLUKLU KÜME EVLER;sokak;510637
KASTAMONU;AZDAVAY;ÇAMLIBÜK - TEPEKÖY;TEPEKÖY KÜME EVLER;sokak;511795
KASTAMONU;AZDAVAY;ÇOÇUKÖREN - ÇUKURHARMAN;ÇUKURHARMAN KÜME EVLER;sokak;514249
KASTAMONU;AZDAVAY;ÇOÇUKÖREN - KÖYÜNKENDİSİ;ORTAKÖY KÜME EVLER;sokak;514149
KASTAMONU;AZDAVAY;ÇOÇUKÖREN - MENE;MENE KÜME EVLER;sokak;285218
KASTAMONU;AZDAVAY;ÇOÇUKÖREN - SÜLLER;SÜLLER KÜME EVLER;sokak;501615
KASTAMONU;AZDAVAY;ÇOÇUKÖREN - TEKKE;TEKKE KÜME EVLER;sokak;506144
KASTAMONU;AZDAVAY;ÇÖMLEKTEPE - KARAÇAM;KARAÇAM KÜME EVLER;sokak;498066
KASTAMONU;AZDAVAY;ÇÖMLEKTEPE - MERKEZ;MERKEZ KÜME EVLER;sokak;497472
KASTAMONU;AZDAVAY;ÇÖMLEKTEPE - ÖMER;ÖMER KÜME EVLER;sokak;494732
KASTAMONU;AZDAVAY;DERELİTEKKE - AKCAELMA;AKCAELMA KÜME EVLER;sokak;521639
KASTAMONU;AZDAVAY;DERELİTEKKE - ALİPAŞA;ALİPAŞA KÜME EVLER;sokak;513957
KASTAMONU;AZDAVAY;DERELİTEKKE - BALCA;BALCA KÜME EVLER;sokak;513927
KASTAMONU;AZDAVAY;DERELİTEKKE - HARMANCIK;HARMANCIK KÜME EVLER;sokak;520642
KASTAMONU;AZDAVAY;DERELİTEKKE - İMAM;İMAM KÜME EVLER;sokak;520621
KASTAMONU;AZDAVAY;DERELİTEKKE - MERKEZ;MERKEZ KÜME EVLER;sokak;502511
KASTAMONU;AZDAVAY;DERELİTEKKE - TEKKE;TEKKE KÜME EVLER;sokak;518423
KASTAMONU;AZDAVAY;DEREYÜCEK - ALDAY;ALDAY KÜME EVLER;sokak;487125
KASTAMONU;AZDAVAY;DEREYÜCEK - EKŞİ;EKŞİ KÜME EVLER;sokak;491677
KASTAMONU;AZDAVAY;DEREYÜCEK - İBRAHİM;İBRAHİM KÜME EVLER;sokak;88897
KASTAMONU;AZDAVAY;DEREYÜCEK - KARGALAR;KARGALAR KÜME EVLER;sokak;483078
KASTAMONU;AZDAVAY;DEREYÜCEK - KUZ;KUZ KÜME EVLER;sokak;486149
KASTAMONU;AZDAVAY;DEREYÜCEK - MERKEZ;MERKEZ KÜME EVLER;sokak;493510
KASTAMONU;AZDAVAY;DEREYÜCEK - PELİTVEREN;PELİTVEREN KÜME EVLER;sokak;484405
KASTAMONU;AZDAVAY;DEREYÜCEK - SÖKÜ;SÖKÜ KÜME EVLER;sokak;491707
KASTAMONU;AZDAVAY;EVLEK - ÇALCI;ÇALCI KÜME EVLER;sokak;493850
KASTAMONU;AZDAVAY;EVLEK - ÇANAKÇI;ÇANAKÇI KÜME EVLER;sokak;499240
KASTAMONU;AZDAVAY;EVLEK - ÇERTEK;ÇERTEK KÜME EVLER;sokak;493821
KASTAMONU;AZDAVAY;EVLEK - DERE;DERE KÜME EVLER;sokak;493864
KASTAMONU;AZDAVAY;EVLEK - HACI;HACI KÜME EVLER;sokak;499235
KASTAMONU;AZDAVAY;EVLEK - HECCELİ;HECELİ KÜME EVLER;sokak;499253
KASTAMONU;AZDAVAY;EVLEK - HELVACI;HELVACI KÜME EVLER;sokak;499715
KASTAMONU;AZDAVAY;EVLEK - KADI;KADI KÜME EVLER;sokak;493842
KASTAMONU;AZDAVAY;EVLEK - KÖYÜN KENDİSİ;HAMZALI KÜME EVLER;sokak;499245
KASTAMONU;AZDAVAY;EVLEK - MUĞLAS;MUĞLAS KÜME EVLER;sokak;493820
KASTAMONU;AZDAVAY;EVLEK - ORUÇ;ORUÇ KÜME EVLER;sokak;493823
KASTAMONU;AZDAVAY;EVLEK - YAYLA;YAYLA KÜME EVLER;sokak;502354
KASTAMONU;AZDAVAY;GECEN - ARAPOĞLU;ARAPOĞLU KÜME EVLER;sokak;501045
KASTAMONU;AZDAVAY;GECEN - ÇADIRCI;ÇADIRCI KÜME EVLER;sokak;500058
KASTAMONU;AZDAVAY;GECEN - HÜSEYİNBAŞOĞLU;HÜSEYİNBAŞOĞLU KÜME EVLER;sokak;505984
KASTAMONU;AZDAVAY;GECEN - MERKEZ;MERKEZ KÜME EVLER;sokak;495226
KASTAMONU;AZDAVAY;GECEN - MÜDERRİS;MÜDERRİS KÜME EVLER;sokak;505919
KASTAMONU;AZDAVAY;GECEN - ODABAŞI;ODABAŞI KÜME EVLER;sokak;493716
KASTAMONU;AZDAVAY;GÖKTAŞ - KIZILCATARLA;KIZILCATARLA KÜME EVLER;sokak;520069
KASTAMONU;AZDAVAY;GÖKTAŞ - KÜÇÜK GÖKTAŞ;KÜÇÜK GÖKTAŞ KÜME EVLER;sokak;525879
KASTAMONU;AZDAVAY;GÖKTAŞ - MERKEZ;MERKEZ KÜME EVLER;sokak;517445
KASTAMONU;AZDAVAY;GÖKTAŞ - SARIKAYA;SARIKAYA KÜME EVLER;sokak;525572
KASTAMONU;AZDAVAY;GÖKTAŞ - SÖKÜ;SÖKÜ KÜME EVLER;sokak;525874
KASTAMONU;AZDAVAY;GÖKTAŞ - VALİSİ;VALİSİ KÜME EVLER;sokak;523390
KASTAMONU;AZDAVAY;GÖKTAŞ - YILLATMA;YILLATMA KÜME EVLER;sokak;521255
KASTAMONU;AZDAVAY;GÜLTEPE - GERİŞ;GERİŞ KÜME EVLER;sokak;492403
KASTAMONU;AZDAVAY;GÜLTEPE - KÖYÜN KENDİSİ;GÜNEY KÜME EVLER;sokak;492389
KASTAMONU;AZDAVAY;GÜLTEPE - MERKEZ;MERKEZ KÜME EVLER;sokak;492372
KASTAMONU;AZDAVAY;GÜLTEPE - PELİTÇE;PELİTÇE KÜME EVLER;sokak;499394
KASTAMONU;AZDAVAY;GÜLTEPE - YENİ;YENİ KÜME EVLER;sokak;488309
KASTAMONU;AZDAVAY;GÜMÜRTLER - AHMETBEY;AHMETBEY KÜME EVLER;sokak;511826
KASTAMONU;AZDAVAY;GÜMÜRTLER - ALİMOĞLU;ALİMOĞLU KÜME EVLER;sokak;90656
KASTAMONU;AZDAVAY;GÜMÜRTLER - ALİMOĞLU;ÇİFLİK SOKAK;sokak;683223200
KASTAMONU;AZDAVAY;GÜMÜRTLER - KARAHÜSEYİN;KARAHÜSEYİN KÜME EVLER;sokak;503440
KASTAMONU;AZDAVAY;GÜMÜRTLER - KASIM;KASIM KÜME EVLER;sokak;509214
KASTAMONU;AZDAVAY;GÜMÜRTLER - MERKEZ;MERKEZ KÜME EVLER;sokak;511083
KASTAMONU;AZDAVAY;GÜMÜRTLER - MEYİT;MEYİT KÜME EVLER;sokak;509240
KASTAMONU;AZDAVAY;GÜMÜRTLER - MUSAOĞLU;MUSAOĞLU KÜME EVLER;sokak;510988
KASTAMONU;AZDAVAY;GÜMÜRTLER - SOFUOĞLU;SOFUOĞLU KÜME EVLER;sokak;505666
KASTAMONU;AZDAVAY;HIDIRLAR - ÇALCIÖREN;ÇALCIÖREN KÜME EVLER;sokak;489307
KASTAMONU;AZDAVAY;HIDIRLAR - DACCAK;DACCAK KÜME EVLER;sokak;485617
KASTAMONU;AZDAVAY;HIDIRLAR - DAĞKÖY;DAĞKÖY KÜME EVLER;sokak;481701
KASTAMONU;AZDAVAY;HIDIRLAR - MERKEZ;MERKEZ KÜME EVLER;sokak;483524
KASTAMONU;AZDAVAY;HOCAKÖY - MENTEŞ;MENTEŞ KÜME EVLER;sokak;500284
KASTAMONU;AZDAVAY;HOCAKÖY - MERKEZ;MERKEZ KÜME EVLER;sokak;499910
KASTAMONU;AZDAVAY;HOCAKÖY - YAYLA;YAYLA KÜME EVLER;sokak;489552
KASTAMONU;AZDAVAY;KANLIDAĞ - DİVANDAĞ;DİVANDAĞ KÜME EVLER;sokak;489468
KASTAMONU;AZDAVAY;KANLIDAĞ - KANLI ANIZ;KANLI ANIZ KÜME EVLER;sokak;492807
KASTAMONU;AZDAVAY;KANLIDAĞ - KERVANSARAY;KERVANSARAY KÜME EVLER;sokak;492813
KASTAMONU;AZDAVAY;KANLIDAĞ - MERKEZ;MERKEZ KÜME EVLER;sokak;491408
KASTAMONU;AZDAVAY;KANLIDAĞ - YOKUŞ;YOKUŞ KÜME EVLER;sokak;491307
KASTAMONU;AZDAVAY;KARAHALILILAR - MERKEZ;MERKEZ KÜME EVLER;sokak;507338
KASTAMONU;AZDAVAY;KARAHALILILAR - SARICAOĞLU;SARICAOĞLU KÜME EVLER;sokak;495492
KASTAMONU;AZDAVAY;KARAKUŞLU - AYVAT;AYVAT KÜME EVLER;sokak;520184
KASTAMONU;AZDAVAY;KARAKUŞLU - ÇALDİBİ;ÇALDİBİ KÜME EVLER;sokak;518498
KASTAMONU;AZDAVAY;KARAKUŞLU - KUNDURU;KUNDURU KÜME EVLER;sokak;294451
KASTAMONU;AZDAVAY;KARAKUŞLU - MERKEZ;MERKEZ KÜME EVLER;sokak;513971
KASTAMONU;AZDAVAY;KARAKUŞLU - MUS;MUS KÜME EVLER;sokak;521010
KASTAMONU;AZDAVAY;KARŞIYAKA;AKKAYA SOKAK;sokak;486207
KASTAMONU;AZDAVAY;KARŞIYAKA;AŞIKLAR CADDE;cadde;486204
KASTAMONU;AZDAVAY;KARŞIYAKA;BADEM SOKAK;sokak;889218
KASTAMONU;AZDAVAY;KARŞIYAKA;BAŞESKİOĞLU CADDE;cadde;256229
KASTAMONU;AZDAVAY;KARŞIYAKA;BAŞESKİOĞLU_1 SOKAK;sokak;215716410
KASTAMONU;AZDAVAY;KARŞIYAKA;BOYALICA SOKAK;sokak;497031
KASTAMONU;AZDAVAY;KARŞIYAKA;CEVAT TAŞKAN CADDE;cadde;889211
KASTAMONU;AZDAVAY;KARŞIYAKA;ÇAVUŞOĞLU SOKAK;sokak;488053
KASTAMONU;AZDAVAY;KARŞIYAKA;ÇİĞDEM SOKAK;sokak;889212
KASTAMONU;AZDAVAY;KARŞIYAKA;DOĞANAY SOKAK;sokak;718024331
KASTAMONU;AZDAVAY;KARŞIYAKA;EMRULLAH EFENDİ SOKAK;sokak;489416
KASTAMONU;AZDAVAY;KARŞIYAKA;GÖZKAYA SOKAK;sokak;482096
KASTAMONU;AZDAVAY;KARŞIYAKA;GÜRGEN SOKAK;sokak;909100011
KASTAMONU;AZDAVAY;KARŞIYAKA;IŞIL SOKAK;sokak;488055
KASTAMONU;AZDAVAY;KARŞIYAKA;KARAÇAM SOKAK;sokak;501962371
KASTAMONU;AZDAVAY;KARŞIYAKA;KARADENİZ SOKAK;sokak;496592
KASTAMONU;AZDAVAY;KARŞIYAKA;KÖROĞLU SOKAK;sokak;488054
KASTAMONU;AZDAVAY;KARŞIYAKA;KUZGUN SOKAK;sokak;889214
KASTAMONU;AZDAVAY;KARŞIYAKA;METİN ŞİRİN SOKAK;sokak;889213
KASTAMONU;AZDAVAY;KARŞIYAKA;ODABAŞI SOKAK;sokak;489411
KASTAMONU;AZDAVAY;KARŞIYAKA;PAMİR SOKAK;sokak;889215
KASTAMONU;AZDAVAY;KARŞIYAKA;TARHAN SOKAK;sokak;889216
KASTAMONU;AZDAVAY;KARŞIYAKA;TAŞKAN SOKAK;sokak;256235
KASTAMONU;AZDAVAY;KARŞIYAKA;ÜRE SOKAK;sokak;489409
KASTAMONU;AZDAVAY;KARŞIYAKA;YAMAÇ SOKAK;sokak;115932901
KASTAMONU;AZDAVAY;KARŞIYAKA;YILDIZ SOKAK;sokak;489410
KASTAMONU;AZDAVAY;KARŞIYAKA;ZAMBAK SOKAK;sokak;889217
KASTAMONU;AZDAVAY;KAYABAŞI - ÇELEBİ;ÇELEBİ KÜME EVLER;sokak;254798
KASTAMONU;AZDAVAY;KAYABAŞI - GÜNEY;GÜNEY KÜME EVLER;sokak;254742
KASTAMONU;AZDAVAY;KAYABAŞI - HACULLU;HACULLU KÜME EVLER;sokak;505049
KASTAMONU;AZDAVAY;KAYABAŞI - KEPÇE;KEPÇE KÜME EVLER;sokak;496126
KASTAMONU;AZDAVAY;KAYABAŞI - KIZILCASU;KIZILCASU KÜME EVLER;sokak;500631
KASTAMONU;AZDAVAY;KAYABAŞI - MERKEZ;MERKEZ KÜME EVLER;sokak;496119
KASTAMONU;AZDAVAY;KAYABAŞI - NALBANTOĞLU;NALBANTOĞLU KÜME EVLER;sokak;500625
KASTAMONU;AZDAVAY;KAYABAŞI - SAMA;SAMA KÜME EVLER;sokak;500628
KASTAMONU;AZDAVAY;KAYABAŞI - YAYLAGERİŞİ;YAYLAGERİŞİ KÜME EVLER;sokak;488108
KASTAMONU;AZDAVAY;KAYAOĞLU - DEMİRCİLER;DEMİRCİLER KÜME EVLER;sokak;499860
KASTAMONU;AZDAVAY;KAYAOĞLU - KARAÇAY;KARAÇAY KÜME EVLER;sokak;499891
KASTAMONU;AZDAVAY;KAYAOĞLU - KIŞLACIK;KIŞLACIK KÜME EVLER;sokak;500199
KASTAMONU;AZDAVAY;KAYAOĞLU - MERKEZ;MERKEZ KÜME EVLER;sokak;482172
KASTAMONU;AZDAVAY;KAYAOĞLU - MÜSELLİM;MÜSELLİM KÜME EVLER;sokak;499882
KASTAMONU;AZDAVAY;KAYAOĞLU - SARIBEYOĞLU;SARIBEYOĞLU KÜME EVLER;sokak;349854
KASTAMONU;AZDAVAY;KERPİÇLİK - ÇUHADERESİ;ÇUHADERESİ KÜME EVLER;sokak;498174
KASTAMONU;AZDAVAY;KERPİÇLİK - DEREKÖY;DEREKÖY KÜME EVLER;sokak;496869
KASTAMONU;AZDAVAY;KERPİÇLİK - GÜNEY;GÜNEY KÜME EVLER;sokak;494735
KASTAMONU;AZDAVAY;KERPİÇLİK - KIZILCAPINAR;KIZILCAPINAR KÜME EVLER;sokak;495670
KASTAMONU;AZDAVAY;KERPİÇLİK - MERKEZ;MERKEZ KÜME EVLER;sokak;494737
KASTAMONU;AZDAVAY;KIRCALAR - ÇÖMEZ;ÇÖMEZ KÜME EVLER;sokak;494667
KASTAMONU;AZDAVAY;KIRCALAR - DAĞ;DAĞ KÜME EVLER;sokak;505039
KASTAMONU;AZDAVAY;KIRCALAR - MARUF;MARUF KÜME EVLER;sokak;89008
KASTAMONU;AZDAVAY;KIRCALAR - MERKEZ;MERKEZ KÜME EVLER;sokak;496125
KASTAMONU;AZDAVAY;KIRCALAR - ORTAKÇI;ORTAKÇI KÜME EVLER;sokak;496094
KASTAMONU;AZDAVAY;KIRCALAR - SOFTAOĞLU;SOFTAOĞLU KÜME EVLER;sokak;496140
KASTAMONU;AZDAVAY;KIRMACI - CEBECİ;CEBECİ KÜME EVLER;sokak;487751
KASTAMONU;AZDAVAY;KIRMACI - ÇAMLIK;ÇAMLIK KÜME EVLER;sokak;491299
KASTAMONU;AZDAVAY;KIRMACI - HARAMTANAZ;HARAMTANAZ KÜME EVLER;sokak;491298
KASTAMONU;AZDAVAY;KIRMACI - KAYA;KAYA KÜME EVLER;sokak;491409
KASTAMONU;AZDAVAY;KIRMACI - KEFELİ;KEFELİ KÜME EVLER;sokak;487762
KASTAMONU;AZDAVAY;KIRMACI - KÖYÜN KENDİSİ;HATIP KÜME EVLER;sokak;487947
KASTAMONU;AZDAVAY;KIRMACI - KURUOĞLU;KURUOĞLU KÜME EVLER;sokak;493310
KASTAMONU;AZDAVAY;KIRMACI - KUZ;KUZ KÜME EVLER;sokak;491950
KASTAMONU;AZDAVAY;KIRMACI - PÜRTAŞ;PÜRTAŞ KÜME EVLER;sokak;487391
KASTAMONU;AZDAVAY;KIRMACI - YAHYABAŞ;YAHYABAŞ KÜME EVLER;sokak;492796
KASTAMONU;AZDAVAY;KIRMACI - YAZICIOĞLU;YAZICIOĞLU KÜME EVLER;sokak;491295
KASTAMONU;AZDAVAY;KOLCA - GÖKTEPE;GÖKTEPE KÜME EVLER;sokak;603697
KASTAMONU;AZDAVAY;KOLCA - İSVERE;İSVERE KÜME EVLER;sokak;501389
KASTAMONU;AZDAVAY;KOLCA - MERKEZ;MERKEZ KÜME EVLER;sokak;500286
KASTAMONU;AZDAVAY;KOLCA - ULUAY;ULUAY KÜME EVLER;sokak;507983
KASTAMONU;AZDAVAY;KOZLUÖREN - BAYAT;BAYAT KÜME EVLER;sokak;494565
KASTAMONU;AZDAVAY;KOZLUÖREN - ÇAKILDAK;ÇAKILDAK KÜME EVLER;sokak;498197
KASTAMONU;AZDAVAY;KOZLUÖREN - KUMARI;KUMARI KÜME EVLER;sokak;498178
KASTAMONU;AZDAVAY;KOZLUÖREN - MERKEZ;MERKEZ KÜME EVLER;sokak;497701
KASTAMONU;AZDAVAY;KOZLUÖREN - ÖRCÜN;ÖRCÜN KÜME EVLER;sokak;494564
KASTAMONU;AZDAVAY;KURTÇULAR - HOCA;HOCA KÜME EVLER;sokak;506490
KASTAMONU;AZDAVAY;KURTÇULAR - KARAMEHMETOĞLU;KARAMEHMETOĞLU KÜME EVLER;sokak;506487
KASTAMONU;AZDAVAY;KURTÇULAR - KÖLE;KÖLE KÜME EVLER;sokak;506947
KASTAMONU;AZDAVAY;KURTÇULAR - KUZ;KUZ KÜME EVLER;sokak;505969
KASTAMONU;AZDAVAY;KURTÇULAR - MERKEZ;MERKEZ KÜME EVLER;sokak;503649
KASTAMONU;AZDAVAY;KURTÇULAR - SOFUOĞLU;SOFUOĞLU KÜME EVLER;sokak;498276
KASTAMONU;AZDAVAY;MADEN - BAŞ;BAŞ KÜME EVLER;sokak;505865
KASTAMONU;AZDAVAY;MADEN - CEBECİ;CEBECİ KÜME EVLER;sokak;502488
KASTAMONU;AZDAVAY;MADEN - ÇETİNPINAR;ÇETİNPINAR KÜME EVLER;sokak;508008
KASTAMONU;AZDAVAY;MADEN - KAVAKLI;KAVAKLI KÜME EVLER;sokak;511899
KASTAMONU;AZDAVAY;MADEN - KAYADİBİ;KAYADİBİ KÜME EVLER;sokak;513723
KASTAMONU;AZDAVAY;MADEN - KIZILLI;KIZILLI KÜME EVLER;sokak;511055
KASTAMONU;AZDAVAY;MADEN - KÖFÜNOĞLU;KÖFÜNOĞLU KÜME EVLER;sokak;509188
KASTAMONU;AZDAVAY;MADEN - MERKEZ;MERKEZ KÜME EVLER;sokak;511777
KASTAMONU;AZDAVAY;MADEN - SÖĞÜTÖZÜ;SÖĞÜTÖZÜ KÜME EVLER;sokak;507073
KASTAMONU;AZDAVAY;MADEN - ZAHNA;ZAHNA KÜME EVLER;sokak;511804
KASTAMONU;AZDAVAY;MAKSUTKÖY - BOŞNAK;BOŞNAK KÜME EVLER;sokak;501506
KASTAMONU;AZDAVAY;MAKSUTKÖY - HİMMET;HİMMET KÜME EVLER;sokak;494954
KASTAMONU;AZDAVAY;MAKSUTKÖY - KEŞCİ;KEŞCİ KÜME EVLER;sokak;501131
KASTAMONU;AZDAVAY;MAKSUTKÖY - KURTLAR;KURTLAR KÜME EVLER;sokak;507009
KASTAMONU;AZDAVAY;MAKSUTKÖY - KÜRKÜŞLÜ;KÜRKÜŞLÜ KÜME EVLER;sokak;502401
KASTAMONU;AZDAVAY;MAKSUTKÖY - MERKEZ;MERKEZ KÜME EVLER;sokak;501517
KASTAMONU;AZDAVAY;MAKSUTKÖY - TABAKLI;TABAKLI KÜME EVLER;sokak;506978
KASTAMONU;AZDAVAY;MAKSUTKÖY - YARAN;YARAN KÜME EVLER;sokak;499103
KASTAMONU;AZDAVAY;MEHMETÇELEBİ - ARABACI;ARABACI KÜME EVLER;sokak;255551
KASTAMONU;AZDAVAY;MEHMETÇELEBİ - ÇAY;ÇAY KÜME EVLER;sokak;496292
KASTAMONU;AZDAVAY;MEHMETÇELEBİ - KADI;KADI KÜME EVLER;sokak;486561
KASTAMONU;AZDAVAY;MEHMETÇELEBİ - KALDIR;KALDIR KÜME EVLER;sokak;496294
KASTAMONU;AZDAVAY;MEHMETÇELEBİ - KÖLE;KÖLE KÜME EVLER;sokak;496293
KASTAMONU;AZDAVAY;MEHMETÇELEBİ - KÖSE;KÖSE KÜME EVLER;sokak;488350
KASTAMONU;AZDAVAY;MEHMETÇELEBİ - MEMREMİ;MEMREMİ KÜME EVLER;sokak;493926
KASTAMONU;AZDAVAY;MEHMETÇELEBİ - ÖMÜR;ÖMÜR KÜME EVLER;sokak;496290
KASTAMONU;AZDAVAY;MEHMETÇELEBİ - RECEP;RECEP KÜME EVLER;sokak;496676
KASTAMONU;AZDAVAY;MEHMETÇELEBİ - ŞEYH;ŞEYH KÜME EVLER;sokak;498064
KASTAMONU;AZDAVAY;MEHMETÇELEBİ - TİLKİ;TİLKİ KÜME EVLER;sokak;498061
KASTAMONU;AZDAVAY;MERKEZ;AŞIKLAR CADDE;cadde;924496100
KASTAMONU;AZDAVAY;MERKEZ;ATATÜRK CADDE;cadde;488047
KASTAMONU;AZDAVAY;MERKEZ;BALABAN SOKAK;sokak;844971891
KASTAMONU;AZDAVAY;MERKEZ;BAŞESKİOĞLU CADDE;cadde;196492430
KASTAMONU;AZDAVAY;MERKEZ;CUMHURİYET CADDE;cadde;488046
KASTAMONU;AZDAVAY;MERKEZ;ÇALIKUŞU SOKAK;sokak;259820420
KASTAMONU;AZDAVAY;MERKEZ;ÇARŞI SOKAK;sokak;486164
KASTAMONU;AZDAVAY;MERKEZ;ÇAVUŞ SOKAK;sokak;485826
KASTAMONU;AZDAVAY;MERKEZ;ÇAYBOYU SOKAK;sokak;493558
KASTAMONU;AZDAVAY;MERKEZ;ÇELEBİ SOKAK;sokak;493562
KASTAMONU;AZDAVAY;MERKEZ;DERE SOKAK;sokak;493561
KASTAMONU;AZDAVAY;MERKEZ;DOĞAN SOKAK;sokak;244654521
KASTAMONU;AZDAVAY;MERKEZ;DR. ŞENOL TERZİ CADDE;cadde;491871
KASTAMONU;AZDAVAY;MERKEZ;EBABİL SOKAK;sokak;102583821
KASTAMONU;AZDAVAY;MERKEZ;ELVEREN KÜME EVLER;sokak;488052
KASTAMONU;AZDAVAY;MERKEZ;EMNİYET SOKAK;sokak;382474901
KASTAMONU;AZDAVAY;MERKEZ;HİLMİ GÖKCEN CADDE;cadde;485810
KASTAMONU;AZDAVAY;MERKEZ;HÜKÜMET CADDE;cadde;488049
KASTAMONU;AZDAVAY;MERKEZ;KARANFİL SOKAK;sokak;493563
KASTAMONU;AZDAVAY;MERKEZ;KEŞÇİ SOKAK;sokak;493560
KASTAMONU;AZDAVAY;MERKEZ;KUMRU SOKAK;sokak;840514240
KASTAMONU;AZDAVAY;MERKEZ;KURUOĞLU SOKAK;sokak;486611
KASTAMONU;AZDAVAY;MERKEZ;MARTI SOKAK;sokak;486765970
KASTAMONU;AZDAVAY;MERKEZ;MUHABBET SOKAK;sokak;156138390
KASTAMONU;AZDAVAY;MERKEZ;PELİKAN SOKAK;sokak;360666110
KASTAMONU;AZDAVAY;MERKEZ;PİRCİOĞLU SOKAK;sokak;288568541
KASTAMONU;AZDAVAY;MERKEZ;SAKA SOKAK;sokak;473162781
KASTAMONU;AZDAVAY;MERKEZ;SANAYİ ÇARŞISI SOKAK;sokak;507473
KASTAMONU;AZDAVAY;MERKEZ;TOYGAR SOKAK;sokak;215268920
KASTAMONU;AZDAVAY;MERKEZ;VALAY SOKAK;sokak;489001
KASTAMONU;AZDAVAY;MERKEZ;YILDIZ SOKAK;sokak;812665041
KASTAMONU;AZDAVAY;SABUNCULAR - BÜRÜMÜK;BÜRÜMÜK KÜME EVLER;sokak;489209
KASTAMONU;AZDAVAY;SABUNCULAR - DEĞİRMENCİ;DEĞİRMENCİ KÜME EVLER;sokak;500289
KASTAMONU;AZDAVAY;SABUNCULAR - HACIOĞLU;HACIOĞLU KÜME EVLER;sokak;500288
KASTAMONU;AZDAVAY;SABUNCULAR - KABA;KABA KÜME EVLER;sokak;500291
KASTAMONU;AZDAVAY;SABUNCULAR - KARAŞ;KARAŞ KÜME EVLER;sokak;500290
KASTAMONU;AZDAVAY;SABUNCULAR - KIYGINCIK;KIYGINCIK KÜME EVLER;sokak;495269
KASTAMONU;AZDAVAY;SABUNCULAR - KIZKAYASI;KIZKAYASI KÜME EVLER;sokak;489210
KASTAMONU;AZDAVAY;SABUNCULAR - KÖYÜN KENDİSİ;BAYRAKTAR KÜME EVLER;sokak;486464
KASTAMONU;AZDAVAY;SADA - ARABOĞLU;ARABOĞLU KÜME EVLER;sokak;115337
KASTAMONU;AZDAVAY;SADA - HACILAR;HACILAR KÜME EVLER;sokak;489557
KASTAMONU;AZDAVAY;SADA - HALİMOĞLU;HALİMOĞLU KÜME EVLER;sokak;489556
KASTAMONU;AZDAVAY;SADA - HANİFEOĞLU;HANİFEOĞLU KÜME EVLER;sokak;493636
KASTAMONU;AZDAVAY;SADA - KADIOĞLU;KADIOĞLU KÜME EVLER;sokak;498958
KASTAMONU;AZDAVAY;SADA - KARAÇAM;KARAÇAM KÜME EVLER;sokak;489559
KASTAMONU;AZDAVAY;SADA - KIZKAYASI;KIZKAYASI KÜME EVLER;sokak;500285
KASTAMONU;AZDAVAY;SADA - MERKEZ;MERKEZ KÜME EVLER;sokak;493626
KASTAMONU;AZDAVAY;SADA - ÖMERBEYOĞLU;ÖMERBEYOĞLU KÜME EVLER;sokak;490472
KASTAMONU;AZDAVAY;SADA - ŞABAN FAKI;ŞABAN FAKI KÜME EVLER;sokak;489555
KASTAMONU;AZDAVAY;SADA - YENİ;YENİ KÜME EVLER;sokak;500396
KASTAMONU;AZDAVAY;SAMANCI - BİTELER;BİTELER KÜME EVLER;sokak;500673
KASTAMONU;AZDAVAY;SAMANCI - HACIOĞLU;HACIOĞLU KÜME EVLER;sokak;506024
KASTAMONU;AZDAVAY;SAMANCI - HELVACI;HELVACI KÜME EVLER;sokak;498279
KASTAMONU;AZDAVAY;SAMANCI - İMAMOĞLU;İMAMOĞLU KÜME EVLER;sokak;505497
KASTAMONU;AZDAVAY;SAMANCI - KÜRTOĞLU;KÜRTOĞLU KÜME EVLER;sokak;505503
KASTAMONU;AZDAVAY;SAMANCI - MERKEZ;MERKEZ KÜME EVLER;sokak;501931
KASTAMONU;AZDAVAY;SAMANCI - ORUÇOĞLU;ORUÇOĞLU KÜME EVLER;sokak;498316
KASTAMONU;AZDAVAY;SAMANCI - RIDVAN;RIDVAN KÜME EVLER;sokak;501120
KASTAMONU;AZDAVAY;SAMANCI - SAĞIROĞLU;SAĞIROĞLU KÜME EVLER;sokak;505498
KASTAMONU;AZDAVAY;SAMANCI - TEKKE;TEKKE KÜME EVLER;sokak;507347
KASTAMONU;AZDAVAY;SARAYKÖY - MERKEZ;MERKEZ KÜME EVLER;sokak;492748
KASTAMONU;AZDAVAY;SARNIÇKÖY - BOZARMUT;BOZARMUT KÜME EVLER;sokak;499712
KASTAMONU;AZDAVAY;SARNIÇKÖY - KEREMENLER;ALİ DOĞAN KÜME EVLER;sokak;496073
KASTAMONU;AZDAVAY;SARNIÇKÖY - MERKEZ;MERKEZ KÜME EVLER;sokak;504531
KASTAMONU;AZDAVAY;SARNIÇKÖY - SÖVÜŞLER;SÖVÜŞLER KÜME EVLER;sokak;470386
KASTAMONU;AZDAVAY;SIRAKÖY - ALNEK;ALNEK KÜME EVLER;sokak;509719
KASTAMONU;AZDAVAY;SIRAKÖY - HASANKÖYÜ;HASANKÖYÜ KÜME EVLER;sokak;502308
KASTAMONU;AZDAVAY;SIRAKÖY - KALE;KALE KÜME EVLER;sokak;508004
KASTAMONU;AZDAVAY;SIRAKÖY - MERKEZ;MERKEZ KÜME EVLER;sokak;358576
KASTAMONU;AZDAVAY;SIRAKÖY - SIRA;SIRA KÜME EVLER;sokak;511061
KASTAMONU;AZDAVAY;SIRAKÖY - ŞABANLI;ŞABANLI KÜME EVLER;sokak;356934
KASTAMONU;AZDAVAY;SIRAKÖY - YAKAYER;YAKAYER KÜME EVLER;sokak;508003
KASTAMONU;AZDAVAY;SÖĞÜTPINAR - BAL;BAL KÜME EVLER;sokak;487994
KASTAMONU;AZDAVAY;SÖĞÜTPINAR - HOROZ;HOROZ KÜME EVLER;sokak;493375
KASTAMONU;AZDAVAY;SÖĞÜTPINAR - KAYIKÇI;KAYIKÇI KÜME EVLER;sokak;479549
KASTAMONU;AZDAVAY;SÖĞÜTPINAR - MERKEZ;MERKEZ KÜME EVLER;sokak;488000
KASTAMONU;AZDAVAY;SÖĞÜTPINAR - MUSA;MUSA KÜME EVLER;sokak;493357
KASTAMONU;AZDAVAY;SÖĞÜTPINAR - SOFULAR;SOFULAR KÜME EVLER;sokak;487614
KASTAMONU;AZDAVAY;SÖĞÜTPINAR - YELİYEN;YELİYEN KÜME EVLER;sokak;490361
KASTAMONU;AZDAVAY;TASKÖY - ARMUTEREN;ARMUTEREN KÜME EVLER;sokak;513659
KASTAMONU;AZDAVAY;TASKÖY - ELECE;ELECE KÜME EVLER;sokak;514110
KASTAMONU;AZDAVAY;TASKÖY - IRNA;IRNA KÜME EVLER;sokak;514238
KASTAMONU;AZDAVAY;TASKÖY - SEKÇE;SEKÇE KÜME EVLER;sokak;513350
KASTAMONU;AZDAVAY;TASKÖY - TASKÖY MERKEZ;TASKÖY MERKEZ KÜME EVLER;sokak;503787
KASTAMONU;AZDAVAY;TOMRUKKÖY - BİLALPAŞA;BİLALPAŞA KÜME EVLER;sokak;498128
KASTAMONU;AZDAVAY;TOMRUKKÖY - DOLAY;DOLAY KÜME EVLER;sokak;496049
KASTAMONU;AZDAVAY;TOMRUKKÖY - KAYA;KAYA KÜME EVLER;sokak;494665
KASTAMONU;AZDAVAY;TOMRUKKÖY - MERKEZ;MERKEZ KÜME EVLER;sokak;498738
KASTAMONU;AZDAVAY;TOMRUKKÖY - SAKIZLAR;SAKIZLAR KÜME EVLER;sokak;498761
KASTAMONU;AZDAVAY;TOMRUKKÖY - SUNGURLAR;SUNGURLAR KÜME EVLER;sokak;443407
KASTAMONU;AZDAVAY;TOPUK - ÇADIRCI;ÇADIRCI KÜME EVLER;sokak;493810
KASTAMONU;AZDAVAY;TOPUK - DEMİRCİ;DEMİRCİ KÜME EVLER;sokak;500597
KASTAMONU;AZDAVAY;TOPUK - HACIBEY;HACIBEY KÜME EVLER;sokak;494558
KASTAMONU;AZDAVAY;TOPUK - KADI;KADI KÜME EVLER;sokak;506909
KASTAMONU;AZDAVAY;TOPUK - MANTAROĞLU;MANTAROĞLU KÜME EVLER;sokak;499233
KASTAMONU;AZDAVAY;TOPUK - MERKEZ;MERKEZ KÜME EVLER;sokak;497696
KASTAMONU;AZDAVAY;TOPUK - TERZİ;TERZİ KÜME EVLER;sokak;500603
KASTAMONU;AZDAVAY;TOPUK - TÜTÜNCÜ;TÜTÜNCÜ KÜME EVLER;sokak;504233
KASTAMONU;AZDAVAY;ÜYÜK - BOSTANCI;BOSTANCI KÜME EVLER;sokak;494848
KASTAMONU;AZDAVAY;ÜYÜK - HALAŞLI;HALAŞLI KÜME EVLER;sokak;494925
KASTAMONU;AZDAVAY;ÜYÜK - HIRAKARAMUK;HIRAKARAMUK KÜME EVLER;sokak;487468
KASTAMONU;AZDAVAY;ÜYÜK - KARABÜKLER;KARABÜKLER KÜME EVLER;sokak;489531
KASTAMONU;AZDAVAY;ÜYÜK - KÖLO;KÖLO KÜME EVLER;sokak;496269
KASTAMONU;AZDAVAY;ÜYÜK - MERKEZ;MERKEZ KÜME EVLER;sokak;499887
KASTAMONU;AZDAVAY;ÜYÜK - SARIYAKUP;SARIYAKUP KÜME EVLER;sokak;496526
KASTAMONU;AZDAVAY;ÜYÜK - TEPEÜSTÜ;TEPEÜSTÜ KÜME EVLER;sokak;493241
KASTAMONU;AZDAVAY;ÜYÜK - ZURNACI;ZURNACI KÜME EVLER;sokak;491372
KASTAMONU;AZDAVAY;YENİ;ATATÜRK CADDE;cadde;487832
KASTAMONU;AZDAVAY;YENİ;ATATÜRK_4 SOKAK;sokak;322675441
KASTAMONU;AZDAVAY;YENİ;BAŞESKİOĞLU CADDE;cadde;382468560
KASTAMONU;AZDAVAY;YENİ;BAYKUŞ SOKAK;sokak;863115600
KASTAMONU;AZDAVAY;YENİ;BÜLBÜL SOKAK;sokak;887221
KASTAMONU;AZDAVAY;YENİ;ÇAYLAK SOKAK;sokak;564650991
KASTAMONU;AZDAVAY;YENİ;DEMİRCİ SOKAK;sokak;895146081
KASTAMONU;AZDAVAY;YENİ;DEMİREL SOKAK;sokak;488058
KASTAMONU;AZDAVAY;YENİ;DR.KARAKURAN SOKAK;sokak;480490
KASTAMONU;AZDAVAY;YENİ;GÜNAL SOKAK;sokak;488062
KASTAMONU;AZDAVAY;YENİ;GÜVERCİN SOKAK;sokak;887220
KASTAMONU;AZDAVAY;YENİ;HASAN DEMİRCİ CADDE;cadde;698091431
KASTAMONU;AZDAVAY;YENİ;IHLAMUR CADDE;cadde;499296
KASTAMONU;AZDAVAY;YENİ;İZZET DEMİR CADDE;cadde;888881
KASTAMONU;AZDAVAY;YENİ;KARTAL SOKAK;sokak;888988
KASTAMONU;AZDAVAY;YENİ;KAZAN SOKAK;sokak;496239
KASTAMONU;AZDAVAY;YENİ;KEKLİK SOKAK;sokak;888990
KASTAMONU;AZDAVAY;YENİ;KIRLANGIÇ CADDE;cadde;489366860
KASTAMONU;AZDAVAY;YENİ;KIZILCIK SOKAK;sokak;229050951
KASTAMONU;AZDAVAY;YENİ;KUŞBURNU SOKAK;sokak;268657251
KASTAMONU;AZDAVAY;YENİ;LALE SOKAK;sokak;1372801
KASTAMONU;AZDAVAY;YENİ;MAHİR AŞ SOKAK;sokak;488060
KASTAMONU;AZDAVAY;YENİ;OMAR 1 SOKAK;sokak;752325200
KASTAMONU;AZDAVAY;YENİ;OMAR 2 SOKAK;sokak;804703470
KASTAMONU;AZDAVAY;YENİ;OMAR SOKAK;sokak;488059
KASTAMONU;AZDAVAY;YENİ;PAPAĞAN SOKAK;sokak;222236891
KASTAMONU;AZDAVAY;YENİ;PARK SOKAK;sokak;202978751
KASTAMONU;AZDAVAY;YENİ;SALİH AYHAN CADDE;cadde;836905291
KASTAMONU;AZDAVAY;YENİ;SARMAŞIK SOKAK;sokak;964375611
KASTAMONU;AZDAVAY;YENİ;SIVACIK SOKAK;sokak;355035071
KASTAMONU;AZDAVAY;YENİ;SÜLÜN SOKAK;sokak;888989
KASTAMONU;AZDAVAY;YENİ;ŞAHİN SOKAK;sokak;888987
KASTAMONU;AZDAVAY;YENİ;ŞEHİT SABRİ ÇADIRCI SOKAK;sokak;496240
KASTAMONU;AZDAVAY;YENİ;TUĞRUL GÖKÇEN SOKAK;sokak;889210
KASTAMONU;AZDAVAY;YENİ;TUĞRUL GÖKÇEN_1. SOKAK;sokak;118500470
KASTAMONU;AZDAVAY;YENİ;YEŞİL SOKAK;sokak;314503801
KASTAMONU;AZDAVAY;YENİ;YILMAZ CADDE;cadde;152354920
KASTAMONU;AZDAVAY;YEŞİLKÖY - AMBARLI;AMBARLI KÜME EVLER;sokak;512963
KASTAMONU;AZDAVAY;YEŞİLKÖY - DORNUÇ;DORNUÇ KÜME EVLER;sokak;514712
KASTAMONU;AZDAVAY;YEŞİLKÖY - HOVGA;HOVGA KÜME EVLER;sokak;511814
KASTAMONU;AZDAVAY;YEŞİLKÖY - KÖYÜN KENDİSİ;EGERCİLER KÜME EVLER;sokak;508434
KASTAMONU;AZDAVAY;YEŞİLKÖY - ORTACA;ORTACA KÜME EVLER;sokak;502490
KASTAMONU;AZDAVAY;YEŞİLKÖY - SÖKÜVEREN;SÖKÜVEREN KÜME EVLER;sokak;509883
KASTAMONU;AZDAVAY;YUMACIK - GEYİKÖZÜ;GEYİKÖZÜ KÜME EVLER;sokak;23347
KASTAMONU;AZDAVAY;YUMACIK - HODANCI;HODANCI KÜME EVLER;sokak;490502
KASTAMONU;AZDAVAY;YUMACIK - KARACALAR;KARACALAR KÜME EVLER;sokak;352399
KASTAMONU;AZDAVAY;YUMACIK - MERKEZ;MERKEZ KÜME EVLER;sokak;495281
KASTAMONU;AZDAVAY;YUMACIK - SAKARÖZÜ;SAKARÖZÜ KÜME EVLER;sokak;499420
KASTAMONU;AZDAVAY;YUMACIK - TÜLEK;TÜLEK KÜME EVLER;sokak;499957
KASTAMONU;AZDAVAY;ZÜMRÜT - AĞIT;AĞIT KÜME EVLER;sokak;516628
KASTAMONU;AZDAVAY;ZÜMRÜT - ALI;ALI KÜME EVLER;sokak;510832
KASTAMONU;AZDAVAY;ZÜMRÜT - KARACA;KARACA KÜME EVLER;sokak;521123
KASTAMONU;AZDAVAY;ZÜMRÜT - SARILAR;SARILAR KÜME EVLER;sokak;375735
KASTAMONU;BOZKURT;ALANTEPE - AŞAĞI;AŞAĞI KÜME EVLER;sokak;480602
KASTAMONU;BOZKURT;ALANTEPE - ÇEVİK;ÇEVİK KÜME EVLER;sokak;480552
KASTAMONU;BOZKURT;ALANTEPE - KEÇECİOĞLU;KEÇECİOĞLU KÜME EVLER;sokak;481038
KASTAMONU;BOZKURT;ALANTEPE - TOPÇU;TOPÇU KÜME EVLER;sokak;482829
KASTAMONU;BOZKURT;AMBARCILAR - AKGÜNEY;AKGÜNEY KÜME EVLER;sokak;498119
KASTAMONU;BOZKURT;AMBARCILAR - ARMUTLUYÜZÜ;ARMUTLUYÜZÜ KÜME EVLER;sokak;1306651
KASTAMONU;BOZKURT;AMBARCILAR - ARPALIKBAŞI;ARPALIKBAŞI KÜME EVLER;sokak;476366
KASTAMONU;BOZKURT;AMBARCILAR - ÇUKURTARLA;ÇUKURTARLA KÜME EVLER;sokak;474769
KASTAMONU;BOZKURT;AMBARCILAR - İMAM;İMAM KÜME EVLER;sokak;498113
KASTAMONU;BOZKURT;AMBARCILAR - KÖYYERİ;KÖYYERİ KÜME EVLER;sokak;498122
KASTAMONU;BOZKURT;AMBARCILAR - MERKEZ;MERKEZ KÜME EVLER;sokak;498368
KASTAMONU;BOZKURT;AMBARCILAR - YALNIZÇAM;YALNIZÇAM KÜME EVLER;sokak;498115
KASTAMONU;BOZKURT;AMBARCILAR - ZONYA;ZONYA KÜME EVLER;sokak;498117
KASTAMONU;BOZKURT;BAYRAMGAZİ - AŞAĞIKARAHASAN;AŞAĞIKARAHASAN KÜME EVLER;sokak;486961
KASTAMONU;BOZKURT;BAYRAMGAZİ - BEDBAŞI;BEDBAŞI KÜME EVLER;sokak;491020
KASTAMONU;BOZKURT;BAYRAMGAZİ - BÜYÜKDÜZ;BÜYÜKDÜZ KÜME EVLER;sokak;499812
KASTAMONU;BOZKURT;BAYRAMGAZİ - GÜNEY;GÜNEY KÜME EVLER;sokak;497537
KASTAMONU;BOZKURT;BAYRAMGAZİ - MERKEZ;MERKEZ KÜME EVLER;sokak;491424
KASTAMONU;BOZKURT;BAYRAMGAZİ - MUŞNA;MUŞNA KÜME EVLER;sokak;486956
KASTAMONU;BOZKURT;BAYRAMGAZİ - YARDERE;YARDERE KÜME EVLER;sokak;486959
KASTAMONU;BOZKURT;BAYRAMGAZİ - YILATMA;YILATMA KÜME EVLER;sokak;494393
KASTAMONU;BOZKURT;BAYRAMGAZİ - YUKARIKARAHASAN;YUKARIKARAHASAN KÜME EVLER;sokak;26519
KASTAMONU;BOZKURT;BELDEĞİRMEN - MERKEZ;MERKEZ KÜME EVLER;sokak;481835
KASTAMONU;BOZKURT;ÇİÇEKYAYLA - AHMETLER;AHMETLER KÜME EVLER;sokak;488784
KASTAMONU;BOZKURT;ÇİÇEKYAYLA - BABAKİNİ;BABAKİNİ KÜME EVLER;sokak;488187
KASTAMONU;BOZKURT;ÇİÇEKYAYLA - CAMİ YANI;CAMİ YANI KÜME EVLER;sokak;497465
KASTAMONU;BOZKURT;ÇİÇEKYAYLA - DEREBEYLER;DEREBEYLER KÜME EVLER;sokak;496274
KASTAMONU;BOZKURT;ÇİÇEKYAYLA - ESENTEPE;ESENTEPE KÜME EVLER;sokak;499355
KASTAMONU;BOZKURT;ÇİÇEKYAYLA - KARAPINAR;KARAPINAR KÜME EVLER;sokak;496624
KASTAMONU;BOZKURT;ÇİÇEKYAYLA - TEKKE;TEKKE KÜME EVLER;sokak;496738
KASTAMONU;BOZKURT;DARSU - ANBARLI;ANBARLI KÜME EVLER;sokak;496525
KASTAMONU;BOZKURT;DARSU - HASMİL;HASMİL KÜME EVLER;sokak;491513
KASTAMONU;BOZKURT;DARSU - İSKELEME;İSKELEME KÜME EVLER;sokak;486573
KASTAMONU;BOZKURT;DARSU - KADIOĞLU;KADIOĞLU KÜME EVLER;sokak;488876
KASTAMONU;BOZKURT;DARSU - KÖROĞLU;KÖROĞLU KÜME EVLER;sokak;493262
KASTAMONU;BOZKURT;DARSU - MERKEZ;MERKEZ KÜME EVLER;sokak;491932
KASTAMONU;BOZKURT;DARSU - POYRAZLAR;POYRAZLAR KÜME EVLER;sokak;487486
KASTAMONU;BOZKURT;DARSU - TURNOOĞLU;TURNOOĞLU KÜME EVLER;sokak;488175
KASTAMONU;BOZKURT;DURSUN - EĞRO;EĞRO KÜME EVLER;sokak;487146
KASTAMONU;BOZKURT;DURSUN - GERÇEK;GERÇEK KÜME EVLER;sokak;492978
KASTAMONU;BOZKURT;DURSUN - MERKEZ;MERKEZ KÜME EVLER;sokak;493472
KASTAMONU;BOZKURT;DURSUN - YUKARI;YUKARI KÜME EVLER;sokak;492610
KASTAMONU;BOZKURT;GÖRENTAŞ - ÇANKAYA;ÇANKAYA KÜME EVLER;sokak;482626
KASTAMONU;BOZKURT;GÖRENTAŞ - KEÇECİ HASAN;KEÇECİ HASAN KÜME EVLER;sokak;482599
KASTAMONU;BOZKURT;GÖRENTAŞ - ORTA;ORTA KÜME EVLER;sokak;482230
KASTAMONU;BOZKURT;GÜNGÖREN - MERKEZ;MERKEZ KÜME EVLER;sokak;481822
KASTAMONU;BOZKURT;GÜNVAKTİ - AŞAĞI TEKDAL (HURSU);AŞAĞI TEKDAL KÜME EVLER;sokak;490859
KASTAMONU;BOZKURT;GÜNVAKTİ - KAVAKÇA;KAVAKÇA KÜME EVLER;sokak;485333
KASTAMONU;BOZKURT;GÜNVAKTİ - MERKEZ;MERKEZ KÜME EVLER;sokak;485633
KASTAMONU;BOZKURT;GÜNVAKTİ - YUKARI TEKDAL (HURSU);YUKARI TEKDAL KÜME EVLER;sokak;491757
KASTAMONU;BOZKURT;HAMZA;HAMZA KÜME EVLER;sokak;256249
KASTAMONU;BOZKURT;IŞIĞAN - MERKEZ;MERKEZ KÜME EVLER;sokak;370711
KASTAMONU;BOZKURT;İBRAHİMKÖY - CEDİM;CEDİM KÜME EVLER;sokak;484384
KASTAMONU;BOZKURT;İBRAHİMKÖY - DEFNE;DEFNE KÜME EVLER;sokak;493385
KASTAMONU;BOZKURT;İBRAHİMKÖY - GÜLOZ;GÜLOZ KÜME EVLER;sokak;487589
KASTAMONU;BOZKURT;İLİŞİ - ALİ ÇELEBİ;ALİÇELEBİ KÜME EVLER;sokak;496865
KASTAMONU;BOZKURT;İLİŞİ - BELEN;BELEN KÜME EVLER;sokak;495652
KASTAMONU;BOZKURT;İLİŞİ - BOŞNAK;BOŞNAK KÜME EVLER;sokak;495649
KASTAMONU;BOZKURT;İLİŞİ - CİN;FAZLIOĞLU KÜME EVLER;sokak;504203
KASTAMONU;BOZKURT;İLİŞİ - CİN;MERKEZ KÜME KÜME EVLER;sokak;504205
KASTAMONU;BOZKURT;İLİŞİ - CİN;SAMAT KÜME EVLER;sokak;504207
KASTAMONU;BOZKURT;İLİŞİ - ÇARŞI;ADNAN MENDERES SOKAK;sokak;497966
KASTAMONU;BOZKURT;İLİŞİ - ÇARŞI;ATATÜRK SOKAK;sokak;497090
KASTAMONU;BOZKURT;İLİŞİ - ÇARŞI;HAKKI TURGUT SOKAK;sokak;497967
KASTAMONU;BOZKURT;İLİŞİ - ÇARŞI;MEHMET YILDIRIM EL VE ARASI SOKAK;sokak;497968
KASTAMONU;BOZKURT;İLİŞİ - ÇARŞI;MUSTAFA ÖZCAN CAD, VE BARINAK SOKAK;sokak;495315
KASTAMONU;BOZKURT;İLİŞİ - ÇARŞI;OSMAN AZMİ KARAVELİOĞLU SOKAK;sokak;495321
KASTAMONU;BOZKURT;İLİŞİ - ÇARŞI;VALİ NECDET YALÇIN SOKAK;sokak;499278
KASTAMONU;BOZKURT;İLİŞİ - HACIHASAN;HACIHASAN KÜME EVLER;sokak;496866
KASTAMONU;BOZKURT;İLİŞİ - KÖRAĞA;ABDULLAH VAROL SOKAK;sokak;504216
KASTAMONU;BOZKURT;İLİŞİ - KÖRAĞA;ARKA KÜME EVLER;sokak;504218
KASTAMONU;BOZKURT;İLİŞİ - KÖRAĞA;ESENTEPE KÜME EVLER;sokak;504219
KASTAMONU;BOZKURT;İLİŞİ - KÖRAĞA;KATİB ZABİT MEHMET EROL SOKAK;sokak;504217
KASTAMONU;BOZKURT;İLİŞİ - MAHMUT;MAHMUT KÜME EVLER;sokak;488409
KASTAMONU;BOZKURT;İLİŞİ - UZUNÖMER;UZUN ÖMER KÜME EVLER;sokak;495650
KASTAMONU;BOZKURT;İLİŞİ - YUKARIKÖY-YAMAK-KESEÇUKUR;YUKARIKÖY YAMAK KESEÇUKUR KÜME EVLER;sokak;495651
KASTAMONU;BOZKURT;İNCEYAZI - KIŞLA;KIŞLA KÜME EVLER;sokak;28995
KASTAMONU;BOZKURT;İNCEYAZI - MERKEZ;MERKEZ KÜME EVLER;sokak;481069
KASTAMONU;BOZKURT;İNCEYAZI - TORBA;TORBA KÜME EVLER;sokak;29002
KASTAMONU;BOZKURT;KAYALAR - AŞA KAYA;AŞA KAYA KÜME EVLER;sokak;483105
KASTAMONU;BOZKURT;KAYALAR - BAYRAKTAR;BAYRAKTAR KÜME EVLER;sokak;480372
KASTAMONU;BOZKURT;KAYALAR - ÇARCİNA;ÇARCİNA KÜME EVLER;sokak;488911
KASTAMONU;BOZKURT;KAYALAR - MERKEZ;MERKEZ KÜME EVLER;sokak;487107
KASTAMONU;BOZKURT;KESTANESÖKÜ - MERKEZ;MERKEZ KÜME EVLER;sokak;474739
KASTAMONU;BOZKURT;KESTANESÖKÜ - TEKECİ;TEKECİ KÜME EVLER;sokak;348204
KASTAMONU;BOZKURT;KESTANESÖKÜ - TEKEROĞLU;TEKEROĞLU KÜME EVLER;sokak;479747
KASTAMONU;BOZKURT;KESTANESÖKÜ - YENİ;YENİ KÜME EVLER;sokak;348160
KASTAMONU;BOZKURT;KEŞLİK - ABDİOĞLU;ABDİOĞLU KÜME EVLER;sokak;480966
KASTAMONU;BOZKURT;KEŞLİK - ÇALIVO;ÇALIVO KÜME EVLER;sokak;485160
KASTAMONU;BOZKURT;KEŞLİK - KARIVO;KARIVO KÜME EVLER;sokak;493527
KASTAMONU;BOZKURT;KEŞLİK - MERKEZ;MERKEZ KÜME EVLER;sokak;484728
KASTAMONU;BOZKURT;KEŞLİK - ODURNU AŞA DÜZ;ODURNU AŞAĞII DÜZ KÜME EVLER;sokak;491688
KASTAMONU;BOZKURT;KEŞLİK - ODURNU YUKARI DÜZ;ODURNU YUKARI DÜZ KÜME EVLER;sokak;491214
KASTAMONU;BOZKURT;KEŞLİK - YAYLA;YAYLA KÜME EVLER;sokak;480980
KASTAMONU;BOZKURT;KIZILCAELMA - AŞAĞIDEĞİRMENBAŞI;16 KÜME EVLER;sokak;496582
KASTAMONU;BOZKURT;KIZILCAELMA - GÜDÜLO;GÜDÜLO KÜME EVLER;sokak;488179
KASTAMONU;BOZKURT;KIZILCAELMA - HATIP;HATİP KÜME EVLER;sokak;72245
KASTAMONU;BOZKURT;KIZILCAELMA - İKİDAM;İKİDAM KÜME EVLER;sokak;496586
KASTAMONU;BOZKURT;KIZILCAELMA - KARAKÖY;KARAKÖY KÜME EVLER;sokak;349661
KASTAMONU;BOZKURT;KIZILCAELMA - YEMİŞEN;YEMİŞEN KÜME EVLER;sokak;488322
KASTAMONU;BOZKURT;KIZILCAELMA - YUKARI DEĞİRMENBAŞI;YUKARI DEĞİRMENBAŞI KÜME EVLER;sokak;72265
KASTAMONU;BOZKURT;KİRAZSÖKÜ - MERKEZ;MERKEZ KÜME EVLER;sokak;520815
KASTAMONU;BOZKURT;KOCAÇAM - BALYEMEZ;BALYEMEZ KÜME EVLER;sokak;491304
KASTAMONU;BOZKURT;KOCAÇAM - ÇAYIR MERKEZ;ÇAYIR MERKEZ KÜME EVLER;sokak;497542
KASTAMONU;BOZKURT;KOCAÇAM - GÜZLÜK;26 KÜME EVLER;sokak;487393
KASTAMONU;BOZKURT;KOCAÇAM - KEHYAOĞLU;KEHYAOĞLU KÜME EVLER;sokak;487501
KASTAMONU;BOZKURT;KOCAÇAM - MAHMUTOĞLU;MAHMUTOĞLU KÜME EVLER;sokak;487756
KASTAMONU;BOZKURT;KOŞMAPINAR - AŞAODAY;AŞAODAY KÜME EVLER;sokak;481777
KASTAMONU;BOZKURT;KOŞMAPINAR - CABINA;CABINA KÜME EVLER;sokak;479582
KASTAMONU;BOZKURT;KOŞMAPINAR - CAMİ YANI;CAMİ YANI KÜME EVLER;sokak;480908
KASTAMONU;BOZKURT;KOŞMAPINAR - DEŞDİ ELMA;DEŞDİ ELMA KÜME EVLER;sokak;487597
KASTAMONU;BOZKURT;KOŞMAPINAR - ELMEDÜZÜ;ELMEDÜZÜ KÜME EVLER;sokak;480906
KASTAMONU;BOZKURT;KOŞMAPINAR - ESKÖY;ESKÖY KÜME EVLER;sokak;487600
KASTAMONU;BOZKURT;KOŞMAPINAR - HARMANYAZI;HARMANYAZI KÜME EVLER;sokak;481436
KASTAMONU;BOZKURT;KOŞMAPINAR - HATİP;HATİP KÜME EVLER;sokak;481438
KASTAMONU;BOZKURT;KOŞMAPINAR - KUZ;KUZ KÜME EVLER;sokak;480376
KASTAMONU;BOZKURT;KOŞMAPINAR - YAYLA;YAYLA KÜME EVLER;sokak;489248
KASTAMONU;BOZKURT;KOŞMAPINAR - YUKARI OFAY;YUKARI OFAY KÜME EVLER;sokak;483129
KASTAMONU;BOZKURT;KÖSEALİ - GÖL;GÖL KÜME EVLER;sokak;345480
KASTAMONU;BOZKURT;KÖSEALİ - MERKEZ;MERKEZ KÜME EVLER;sokak;491241
KASTAMONU;BOZKURT;KÖSEALİ - TAŞCI;TAŞCI KÜME EVLER;sokak;30952
KASTAMONU;BOZKURT;KUTLUCA - DAĞ;DAĞ KÜME EVLER;sokak;497943
KASTAMONU;BOZKURT;KUTLUCA - KAZANCI;KAZANCI KÜME EVLER;sokak;492267
KASTAMONU;BOZKURT;KUTLUCA - MERKEZ;MERKEZ KÜME EVLER;sokak;497945
KASTAMONU;BOZKURT;KUTLUCA - SARMAŞIK;SARMAŞIK KÜME EVLER;sokak;497088
KASTAMONU;BOZKURT;MAMATLAR - AŞAĞI;AŞAĞI KÜME EVLER;sokak;515336
KASTAMONU;BOZKURT;MAMATLAR - AŞAĞI HARMAN;AŞAĞI HARMAN KÜME EVLER;sokak;521129
KASTAMONU;BOZKURT;MAMATLAR - AŞAĞI KARŞI;AŞAĞI KARŞI KÜME EVLER;sokak;515355
KASTAMONU;BOZKURT;MAMATLAR - DÜZ GÖYNÜK;DÜZGÖYNÜK KÜME EVLER;sokak;512633
KASTAMONU;BOZKURT;MAMATLAR - ERENCE;ERENCE KÜME EVLER;sokak;512635
KASTAMONU;BOZKURT;MAMATLAR - KÖRÜSTAN YAYLASI;KÖRÜSTAN YAYLASI KÜME EVLER;sokak;512632
KASTAMONU;BOZKURT;MAMATLAR - ORTA;ORTA KÜME EVLER;sokak;511611
KASTAMONU;BOZKURT;MAMATLAR - ÖKÜZ YATAĞI;ÖKÜZ YATAĞI KÜME EVLER;sokak;521126
KASTAMONU;BOZKURT;MAMATLAR - SÖKÜ;SÖKÜ KÜME EVLER;sokak;521125
KASTAMONU;BOZKURT;MAMATLAR - YAYLA;YAYLA KÜME EVLER;sokak;511189
KASTAMONU;BOZKURT;MAMATLAR - YUKARIKARŞI;YUKARI KARŞI KÜME EVLER;sokak;512636
KASTAMONU;BOZKURT;MAMATLAR - YUNDOLUĞU;YUNDOLUĞU KÜME EVLER;sokak;708726
KASTAMONU;BOZKURT;MERKEZ;AKSU SOKAK;sokak;256250
KASTAMONU;BOZKURT;MERKEZ;ALBAY MUAMMER KARAKAŞ SOKAK;sokak;863565
KASTAMONU;BOZKURT;MERKEZ;ALBAY YALÇIN GÖKSEL CADDE;cadde;863564
KASTAMONU;BOZKURT;MERKEZ;ANADOLU CADDE;cadde;256251
KASTAMONU;BOZKURT;MERKEZ;ANADOLU1 SOKAK;sokak;377167840
KASTAMONU;BOZKURT;MERKEZ;ANADOLU2 SOKAK;sokak;145858141
KASTAMONU;BOZKURT;MERKEZ;AŞAĞI GÜLLEP KÜME EVLER;sokak;256252
KASTAMONU;BOZKURT;MERKEZ;AYDINLIK SOKAK;sokak;434722
KASTAMONU;BOZKURT;MERKEZ;BAHÇE KÜME EVLER;sokak;256253
KASTAMONU;BOZKURT;MERKEZ;BAHÇE1 SOKAK;sokak;865789520
KASTAMONU;BOZKURT;MERKEZ;BAŞARAN KÜME EVLER;sokak;870785560
KASTAMONU;BOZKURT;MERKEZ;BOZKURT CADDE;cadde;434723
KASTAMONU;BOZKURT;MERKEZ;BOZKURT MEYDANI MEYDAN;sokak;257556
KASTAMONU;BOZKURT;MERKEZ;BULANYA KÜME EVLER;sokak;256254
KASTAMONU;BOZKURT;MERKEZ;CAMİİ SOKAK;sokak;256255
KASTAMONU;BOZKURT;MERKEZ;CEVAT ŞENGÜL SOKAK;sokak;478604
KASTAMONU;BOZKURT;MERKEZ;CUMHURİYET CADDE;cadde;256256
KASTAMONU;BOZKURT;MERKEZ;ÇAKMAK 1. SOKAK;sokak;314886790
KASTAMONU;BOZKURT;MERKEZ;ÇAKMAK SOKAK;sokak;434735
KASTAMONU;BOZKURT;MERKEZ;ÇAMLI YOL 1. SOKAK;sokak;254191441
KASTAMONU;BOZKURT;MERKEZ;ÇAMLI YOL 2. SOKAK;sokak;300426911
KASTAMONU;BOZKURT;MERKEZ;ÇAMLI YOL CADDE;cadde;257568
KASTAMONU;BOZKURT;MERKEZ;ÇETİN SOKAK;sokak;477308
KASTAMONU;BOZKURT;MERKEZ;DEĞİRMEN SOKAK;sokak;256258
KASTAMONU;BOZKURT;MERKEZ;DEMİRCİLER SOKAK;sokak;256257
KASTAMONU;BOZKURT;MERKEZ;DEVREKANİ BOZKURT BULVAR;sokak;799753220
KASTAMONU;BOZKURT;MERKEZ;DİKMEN 1. SOKAK;sokak;121176690
KASTAMONU;BOZKURT;MERKEZ;DİKMEN KÜME EVLER;sokak;256259
KASTAMONU;BOZKURT;MERKEZ;DİKMEN_1 SOKAK;sokak;478606
KASTAMONU;BOZKURT;MERKEZ;DUMLUPINAR CADDE;cadde;434725
KASTAMONU;BOZKURT;MERKEZ;ENVER PAŞA 1. SOKAK;sokak;608897220
KASTAMONU;BOZKURT;MERKEZ;ENVER PAŞA 2. SOKAK;sokak;865506620
KASTAMONU;BOZKURT;MERKEZ;ENVER PAŞA CADDE;cadde;477310
KASTAMONU;BOZKURT;MERKEZ;ERSİN ATEŞ CADDE;cadde;256260
KASTAMONU;BOZKURT;MERKEZ;ESKİ SANAYİİ 1. SOKAK;sokak;262908091
KASTAMONU;BOZKURT;MERKEZ;ESKİ SANAYİİ 2. SOKAK;sokak;848766481
KASTAMONU;BOZKURT;MERKEZ;ESKİ SANAYİİ 3. SOKAK;sokak;153863941
KASTAMONU;BOZKURT;MERKEZ;ESKİ SANAYİİ 4. SOKAK;sokak;300316451
KASTAMONU;BOZKURT;MERKEZ;ESKİ SANAYİİ SOKAK;sokak;256261
KASTAMONU;BOZKURT;MERKEZ;EZİNE 1. SOKAK;sokak;636138061
KASTAMONU;BOZKURT;MERKEZ;EZİNE CADDE;cadde;434726
KASTAMONU;BOZKURT;MERKEZ;EZİNE CADDESİ 1 NOLU SOKAK;cadde;924923
KASTAMONU;BOZKURT;MERKEZ;EZİNE CADDESİ 2 NOLU SOKAK;cadde;924924
KASTAMONU;BOZKURT;MERKEZ;EZİNE CADDESİ 3 NOLU SOKAK;cadde;924925
KASTAMONU;BOZKURT;MERKEZ;EZİNE CADDESİ 4 NOLU SOKAK;cadde;924926
KASTAMONU;BOZKURT;MERKEZ;EZİNE CADDESİ 5 NOLU SOKAK;cadde;924927
KASTAMONU;BOZKURT;MERKEZ;FATİH 1. SOKAK;sokak;922101861
KASTAMONU;BOZKURT;MERKEZ;FATİH CADDE;cadde;256262
KASTAMONU;BOZKURT;MERKEZ;GEZER SOKAK;sokak;477311
KASTAMONU;BOZKURT;MERKEZ;GÜL SOKAK;sokak;256263
KASTAMONU;BOZKURT;MERKEZ;GÜLSUYU CADDE;cadde;434727
KASTAMONU;BOZKURT;MERKEZ;GÜNDOĞDU SOKAK;sokak;477313
KASTAMONU;BOZKURT;MERKEZ;GÜNEY SOKAK;sokak;483390
KASTAMONU;BOZKURT;MERKEZ;GÜNGÖREN SOKAK;sokak;483394
KASTAMONU;BOZKURT;MERKEZ;H.MUSTAFA KEŞAPLI MEYDAN;sokak;257890
KASTAMONU;BOZKURT;MERKEZ;HAMZA_1 CADDE;cadde;257547
KASTAMONU;BOZKURT;MERKEZ;HASAN ÜNAL SANAYİ SİTESİ SOKAK;sokak;863559
KASTAMONU;BOZKURT;MERKEZ;HASTANE CADDE;cadde;257548
KASTAMONU;BOZKURT;MERKEZ;HAYATİ DEMİRBAŞ CADDE;cadde;1229893
KASTAMONU;BOZKURT;MERKEZ;HİKMET AYDOĞAN SOKAK;sokak;483364
KASTAMONU;BOZKURT;MERKEZ;HOCA MUSTAFA GÖKSEL CADDE;cadde;434728
KASTAMONU;BOZKURT;MERKEZ;HÜRRİYET CADDE;cadde;257550
KASTAMONU;BOZKURT;MERKEZ;KALAYCI 1. SOKAK;sokak;331478361
KASTAMONU;BOZKURT;MERKEZ;KALAYCI 2. SOKAK;sokak;650387621
KASTAMONU;BOZKURT;MERKEZ;KALAYCI 3. SOKAK;sokak;924352471
KASTAMONU;BOZKURT;MERKEZ;KALAYCI SOKAK;sokak;257551
KASTAMONU;BOZKURT;MERKEZ;KARANFİL SOKAK;sokak;547621
KASTAMONU;BOZKURT;MERKEZ;KASTAMONU CADDE;cadde;257552
KASTAMONU;BOZKURT;MERKEZ;KATİP MEHMET EFENDİ SOKAK;sokak;863567
KASTAMONU;BOZKURT;MERKEZ;KAYMAKAM RIFKI BAŞKAYA CADDE;cadde;489233
KASTAMONU;BOZKURT;MERKEZ;KAZIM ÖZCAN CADDE;cadde;434729
KASTAMONU;BOZKURT;MERKEZ;KÖSE KÜME EVLER;sokak;257553
KASTAMONU;BOZKURT;MERKEZ;KUTLUTEPE SOKAK;sokak;483395
KASTAMONU;BOZKURT;MERKEZ;KÜÇÜK SOKAK;sokak;257554
KASTAMONU;BOZKURT;MERKEZ;M.ALİ ERTEKİN CADDE;cadde;434730
KASTAMONU;BOZKURT;MERKEZ;MERKEZ CADDE;cadde;474809001
KASTAMONU;BOZKURT;MERKEZ;MUHTAR KÜÇÜK HASAN SOKAK;sokak;863566
KASTAMONU;BOZKURT;MERKEZ;NAZİK SOKAK;sokak;257555
KASTAMONU;BOZKURT;MERKEZ;NİHAT YAVUZ 1. SOKAK;sokak;784373810
KASTAMONU;BOZKURT;MERKEZ;NİHAT YAVUZ SOKAK;sokak;483366
KASTAMONU;BOZKURT;MERKEZ;ORMAN SOKAK SOKAK;sokak;836228
KASTAMONU;BOZKURT;MERKEZ;OSMAN KOCABAŞOĞLU SOKAK;sokak;483363
KASTAMONU;BOZKURT;MERKEZ;PAZAR SOKAK;sokak;863563
KASTAMONU;BOZKURT;MERKEZ;PROF. DR. SEYİT AYDIN SOKAK;sokak;1229819
KASTAMONU;BOZKURT;MERKEZ;RAHMİ CANBAZ CADDE;cadde;257557
KASTAMONU;BOZKURT;MERKEZ;RAHMİ CANBAZ CADDESİ 1 NOLU SOKAK;cadde;924928
KASTAMONU;BOZKURT;MERKEZ;RUHI BAŞKAYA CADDE;cadde;257549
KASTAMONU;BOZKURT;MERKEZ;SABRİ KALAFAT CADDE;cadde;584772740
KASTAMONU;BOZKURT;MERKEZ;SAKARYA CADDE;cadde;434731
KASTAMONU;BOZKURT;MERKEZ;SAMİ AKKUŞ SANAYİ SİTESİ 1. SOKAK;sokak;128999020
KASTAMONU;BOZKURT;MERKEZ;SAMİ AKKUŞ SANAYİ SİTESİ 2. SOKAK;sokak;845999270
KASTAMONU;BOZKURT;MERKEZ;SAMİ AKKUŞ SANAYİ SİTESİ 3. SOKAK;sokak;567703320
KASTAMONU;BOZKURT;MERKEZ;SAMİ AKKUŞ SANAYİ SİTESİ 4. SOKAK;sokak;116189490
KASTAMONU;BOZKURT;MERKEZ;SAMİ AKKUŞ SANAYİ SİTESİ SOKAK;sokak;434733
KASTAMONU;BOZKURT;MERKEZ;SEYREK SOKAK;sokak;483368
KASTAMONU;BOZKURT;MERKEZ;SINARCIK CADDE;cadde;257558
KASTAMONU;BOZKURT;MERKEZ;SINARCIK_1 KÜME EVLER;sokak;257559
KASTAMONU;BOZKURT;MERKEZ;Ş.ER MURAT GÜLER CADDE;cadde;477316
KASTAMONU;BOZKURT;MERKEZ;Ş.ER SALİM ÇANKAYA CADDE;cadde;478609
KASTAMONU;BOZKURT;MERKEZ;ŞEN KÜME EVLER;sokak;745985251
KASTAMONU;BOZKURT;MERKEZ;ŞHT.ÇAVUŞ BİLAL YAMAN SOKAK;sokak;434736
KASTAMONU;BOZKURT;MERKEZ;TERMİNAL SOKAK;sokak;483370
KASTAMONU;BOZKURT;MERKEZ;TEVFİK KOCABAŞOĞLU SOKAK;sokak;257560
KASTAMONU;BOZKURT;MERKEZ;TİMURTAŞ SOKAK;sokak;434724
KASTAMONU;BOZKURT;MERKEZ;TİRYAKİOĞLU SOKAK;sokak;257561
KASTAMONU;BOZKURT;MERKEZ;TURAN SOKAK;sokak;434732
KASTAMONU;BOZKURT;MERKEZ;UYAR SOKAK;sokak;489877
KASTAMONU;BOZKURT;MERKEZ;VALİ KAŞİF ÜNAL SOK 1. SOKAK;sokak;145851450
KASTAMONU;BOZKURT;MERKEZ;VALİ KAŞİF ÜNAL SOK SOKAK;sokak;863560
KASTAMONU;BOZKURT;MERKEZ;YAVRU SOKAK;sokak;483371
KASTAMONU;BOZKURT;MERKEZ;YENİ SOKAK;sokak;257562
KASTAMONU;BOZKURT;MERKEZ;YILMAZ CADDE;cadde;257563
KASTAMONU;BOZKURT;MERKEZ;YUKARI GÜLLEP KÜME EVLER;sokak;257564
KASTAMONU;BOZKURT;MERKEZ;YUNUS YORULMAZ 1. SOKAK;sokak;119838970
KASTAMONU;BOZKURT;MERKEZ;YUNUS YORULMAZ CADDE;cadde;257565
KASTAMONU;BOZKURT;MERKEZ;YURT SOKAK;sokak;489329
KASTAMONU;BOZKURT;MERKEZ;YÜKSEL CADDE;cadde;434734
KASTAMONU;BOZKURT;MERKEZ;ZİYA ÇINAR CADDE;cadde;257567
KASTAMONU;BOZKURT;MERKEZ;ZİYA TERMEN CADDE;cadde;257566
KASTAMONU;BOZKURT;ORTASÖKÜ - BAKIRCIOĞLAN YAYLASI;BAKIRCIOĞLAN YAYLASI KÜME EVLER;sokak;490026
KASTAMONU;BOZKURT;ORTASÖKÜ - CAMİ YANI;CAMİ YANI KÜME EVLER;sokak;489993
KASTAMONU;BOZKURT;ORTASÖKÜ - ÇAY;ÇAY KÜME EVLER;sokak;490881
KASTAMONU;BOZKURT;ORTASÖKÜ - DÖNGEL PINARI;DÖNGEL PINARI KÜME EVLER;sokak;490868
KASTAMONU;BOZKURT;ORTASÖKÜ - ISIRGANLIK;ISIRGANLIK KÜME EVLER;sokak;504221
KASTAMONU;BOZKURT;ORTASÖKÜ - KARA KESTANE;KARA KESTANE KÜME EVLER;sokak;491781
KASTAMONU;BOZKURT;ORTASÖKÜ - KARŞIYAKA;KARŞIYAKA KÜME EVLER;sokak;349855
KASTAMONU;BOZKURT;ORTASÖKÜ - MUMLAR;MUMLAR KÜME EVLER;sokak;486429
KASTAMONU;BOZKURT;ORTASÖKÜ - PAN AHMET;PAN AHMET KÜME EVLER;sokak;489938
KASTAMONU;BOZKURT;ORTASÖKÜ - SARICI ERİK YAYLASI;SARICA ERİK YAYLASI KÜME EVLER;sokak;486432
KASTAMONU;BOZKURT;ORTASÖKÜ - SUBAŞI;SUBAŞI KÜME EVLER;sokak;491841
KASTAMONU;BOZKURT;SAKIZCILAR - CALAY;CALAY KÜME EVLER;sokak;487607
KASTAMONU;BOZKURT;SAKIZCILAR - GÜBÜCEK;GÜBÜCEK KÜME EVLER;sokak;487611
KASTAMONU;BOZKURT;SAKIZCILAR - MERKEZ DEMİRCİ;MERKEZ DEMİRCİ KÜME EVLER;sokak;484867
KASTAMONU;BOZKURT;SAKIZCILAR - MOLLO;MOLLO KÜME EVLER;sokak;487633
KASTAMONU;BOZKURT;SAKIZCILAR - SAKIZCI;SAKIZCI KÜME EVLER;sokak;489261
KASTAMONU;BOZKURT;SAKIZCILAR - YANIK;YANIK KÜME EVLER;sokak;489258
KASTAMONU;BOZKURT;SARIÇİÇEK - CUFANA;CUFANA KÜME EVLER;sokak;488744
KASTAMONU;BOZKURT;SARIÇİÇEK - KERİMLER;KERİMLER KÜME EVLER;sokak;488706
KASTAMONU;BOZKURT;SARIÇİÇEK - MERKEZ;MERKEZ KÜME EVLER;sokak;499491
KASTAMONU;BOZKURT;SARIÇİÇEK - MESKE;MESKE KÜME EVLER;sokak;499852
KASTAMONU;BOZKURT;SARIÇİÇEK - SAKIZLI;SAKIZLI KÜME EVLER;sokak;488733
KASTAMONU;BOZKURT;ŞEN;DİKMEN KÜME EVLER;sokak;430347350
KASTAMONU;BOZKURT;ŞEN;ŞEN KÜME EVLER;sokak;257891
KASTAMONU;BOZKURT;ŞEYHOĞLU - CEVİZ;CEVİZ KÜME EVLER;sokak;350003
KASTAMONU;BOZKURT;ŞEYHOĞLU - DEREYOL;DEREYOL KÜME EVLER;sokak;481309
KASTAMONU;BOZKURT;ŞEYHOĞLU - FEZMAN;FEZMAN KÜME EVLER;sokak;482692
KASTAMONU;BOZKURT;ŞEYHOĞLU - HACIKÖY;HACIKÖY KÜME EVLER;sokak;349923
KASTAMONU;BOZKURT;ŞEYHOĞLU - KÜLLÜOĞLU;KÜLLÜOĞLU KÜME EVLER;sokak;350071
KASTAMONU;BOZKURT;ŞEYHOĞLU - MADEN;MADEN KÜME EVLER;sokak;481254
KASTAMONU;BOZKURT;ŞEYHOĞLU - MERKEZ;MERKEZ KÜME EVLER;sokak;479526
KASTAMONU;BOZKURT;ŞEYHOĞLU - NASIHOĞLU (AFETEVLER);NASIHOĞLU KÜME EVLER;sokak;480348
KASTAMONU;BOZKURT;TEZCAN - KAYARDI;KAYARDI KÜME EVLER;sokak;490522
KASTAMONU;BOZKURT;TEZCAN - MERKEZ;MERKEZ KÜME EVLER;sokak;487726
KASTAMONU;BOZKURT;ULUKÖY - İNİŞDİBİ;İNİŞDİBİ KÜME EVLER;sokak;495170
KASTAMONU;BOZKURT;ULUKÖY - KESİM;KESİM KÜME EVLER;sokak;495169
KASTAMONU;BOZKURT;ULUKÖY - KOÇCUĞAZ;KOÇCUĞAZ KÜME EVLER;sokak;504222
KASTAMONU;BOZKURT;ULUKÖY - MERKEZ;MERKEZ KÜME EVLER;sokak;496977
KASTAMONU;BOZKURT;YAŞARLI - ALİKADIOĞLU;ALİ KADIOĞLU KÜME EVLER;sokak;491453
KASTAMONU;BOZKURT;YAŞARLI - ANACA;ANACA KÜME EVLER;sokak;489461
KASTAMONU;BOZKURT;YAŞARLI - BAŞSÖKÜ;BAŞSÖKÜ KÜME EVLER;sokak;494389
KASTAMONU;BOZKURT;YAŞARLI - DEMİRCİ;DEMİRCİ KÜME EVLER;sokak;486392
KASTAMONU;BOZKURT;YAŞARLI - HATİPOĞLU;HATİPOĞLU KÜME EVLER;sokak;487310
KASTAMONU;BOZKURT;YAŞARLI - İMAMOĞLU;İMAMOĞLU KÜME EVLER;sokak;491451
KASTAMONU;BOZKURT;YAŞARLI - KAMAK;KAMAK KÜME EVLER;sokak;489464
KASTAMONU;BOZKURT;YAŞARLI - KARAMUK;KARAMUK KÜME EVLER;sokak;487730
KASTAMONU;BOZKURT;YAŞARLI - MARAZ;MARAZ KÜME EVLER;sokak;489467
KASTAMONU;BOZKURT;YAŞARLI - UZUNMUSTAFA;UZUNMUSTAFA KÜME EVLER;sokak;487725
KASTAMONU;BOZKURT;YAYLATEPE - ARZA;ARZA KÜME EVLER;sokak;487025
KASTAMONU;BOZKURT;YAYLATEPE - ARZA YAYLASI;ARZA YAYLASI KÜME EVLER;sokak;489674
KASTAMONU;BOZKURT;YAYLATEPE - ASARBAŞI;ASARBAŞI KÜME EVLER;sokak;490949
KASTAMONU;BOZKURT;YAYLATEPE - AVU OLTUĞU;AVU OLTUĞU KÜME EVLER;sokak;489673
KASTAMONU;BOZKURT;YAYLATEPE - AYDIN;AYDIN KÜME EVLER;sokak;487392
KASTAMONU;BOZKURT;YAYLATEPE - BERÇİ;BERÇİ KÜME EVLER;sokak;486571
KASTAMONU;BOZKURT;YAYLATEPE - ÇUKUR GÖYNÜĞÜ;ÇUKUR GÖYNÜĞÜ KÜME EVLER;sokak;259817
KASTAMONU;BOZKURT;YAYLATEPE - GÜLÜBOL;GÜLÜBOL KÜME EVLER;sokak;487408
KASTAMONU;BOZKURT;YAYLATEPE - GÜLÜBOL YAYLASI;GÜLÜBOL YAYLASI KÜME EVLER;sokak;259473
KASTAMONU;BOZKURT;YAYLATEPE - HARMAN KAYA;HARMAN KAYA KÜME EVLER;sokak;489671
KASTAMONU;BOZKURT;YAYLATEPE - KESNE ALTI;KESNE ALTI KÜME EVLER;sokak;487036
KASTAMONU;BOZKURT;YAYLATEPE - KİRAZLI MAŞA;KİRAZLI MAŞA KÜME EVLER;sokak;259472
KASTAMONU;BOZKURT;YAYLATEPE - KUZ;KUZ KÜME EVLER;sokak;491303
KASTAMONU;BOZKURT;YAYLATEPE - MUSTA GÖYNÜ;MUSTA GÖYNÜ KÜME EVLER;sokak;259485
KASTAMONU;BOZKURT;YAYLATEPE - YENİCE;YENİCE KÜME EVLER;sokak;486569
KASTAMONU;BOZKURT;YAYLATEPE - YUKARI YAYLA;YUKARI YAYLA KÜME EVLER;sokak;259479
KASTAMONU;BOZKURT;YENİ;DEVREKANİ BOZKURT BULVAR;sokak;552400480
KASTAMONU;BOZKURT;YENİ;MİMİR KÜME EVLER;sokak;257892
KASTAMONU;BOZKURT;YENİ;SIRACA KÜME EVLER;sokak;257893
KASTAMONU;BOZKURT;YÜKSEK;BAŞARAN KÜME EVLER;sokak;434737
KASTAMONU;BOZKURT;YÜKSEK;BEŞPINAR KÜME EVLER;sokak;257894
KASTAMONU;BOZKURT;YÜKSEK;KOCA AHMET KÜME EVLER;sokak;257895
KASTAMONU;BOZKURT;YÜKSEK;SINARCIK_1 KÜME EVLER;sokak;907743730
KASTAMONU;BOZKURT;YÜKSEK;YUKARI HENE KÜME EVLER;sokak;257896
KASTAMONU;CİDE;ABDÜLKADİR - ÇALÇA;ÇALÇA KÜME EVLER;sokak;494268
KASTAMONU;CİDE;ABDÜLKADİR - MERKEZ;MERKEZ KÜME EVLER;sokak;494514
KASTAMONU;CİDE;AĞAÇBÜKÜ - ÇALCA;ÇALCA KÜME EVLER;sokak;496414
KASTAMONU;CİDE;AĞAÇBÜKÜ - MERKEZ;MERKEZ KÜME EVLER;sokak;499210
KASTAMONU;CİDE;AĞAÇBÜKÜ - YUKARI;YUKARI KÜME EVLER;sokak;496412
KASTAMONU;CİDE;AKBAYIR - AKBAYIR;AKBAYIR KÜME EVLER;sokak;493141
KASTAMONU;CİDE;AKBAYIR - GÜMÜŞSU;GÜMÜŞSU KÜME EVLER;sokak;492219
KASTAMONU;CİDE;AKBAYIR - SADIKLAR;SADIKLAR KÜME EVLER;sokak;480443
KASTAMONU;CİDE;AKBAYIR - YENİDOĞAN;YENİDOĞAN KÜME EVLER;sokak;482173
KASTAMONU;CİDE;AKÇA - AKÇA;AKÇA KÜME EVLER;sokak;36073
KASTAMONU;CİDE;AKÇA - ÇAVUŞ;ÇAVUŞ KÜME EVLER;sokak;497012
KASTAMONU;CİDE;AKÇA - DIRAN;DIRAN KÜME EVLER;sokak;498392
KASTAMONU;CİDE;AKÇA - İSAKLAR;İSAKLAR KÜME EVLER;sokak;498362
KASTAMONU;CİDE;AKÇA - KÖSE;KÖSE KÜME EVLER;sokak;488401
KASTAMONU;CİDE;AKÇA - NEYİP;NEYİP KÜME EVLER;sokak;506457
KASTAMONU;CİDE;AKÇA - OĞLAKÇA;OĞLAKÇA KÜME EVLER;sokak;498380
KASTAMONU;CİDE;ALAYAZI - ALAYAZI;ALAYAZI KÜME EVLER;sokak;480766
KASTAMONU;CİDE;ALAYÜZ - ALAYÜZ;ALAYÜZ KÜME EVLER;sokak;479512
KASTAMONU;CİDE;ALAYÜZ - ÖRTÜLÜ;ÖRTÜLÜ KÜME EVLER;sokak;485799
KASTAMONU;CİDE;AYDINCIK - AYDINCIK;AYDINCIK KÜME EVLER;sokak;497436
KASTAMONU;CİDE;AYDINCIK - HOCA;HOCA KÜME EVLER;sokak;497434
KASTAMONU;CİDE;AYDINCIK - KOCATAŞ;KOCATAŞ KÜME EVLER;sokak;505427
KASTAMONU;CİDE;BAĞYURDU;18. SOKAK;sokak;609269951
KASTAMONU;CİDE;BAĞYURDU;45 SOKAK;sokak;295431881
KASTAMONU;CİDE;BAĞYURDU;46 SOKAK;sokak;971960261
KASTAMONU;CİDE;BAĞYURDU;47 SOKAK;sokak;253890241
KASTAMONU;CİDE;BAĞYURDU;48 SOKAK;sokak;670295531
KASTAMONU;CİDE;BAĞYURDU;49 SOKAK;sokak;735900851
KASTAMONU;CİDE;BAĞYURDU;50 SOKAK;sokak;763089561
KASTAMONU;CİDE;BAĞYURDU;51 SOKAK;sokak;520115901
KASTAMONU;CİDE;BAĞYURDU;52 SOKAK;sokak;251715391
KASTAMONU;CİDE;BAĞYURDU;53 SOKAK;sokak;764292651
KASTAMONU;CİDE;BAĞYURDU;54 SOKAK;sokak;899077291
KASTAMONU;CİDE;BAĞYURDU;55 SOKAK;sokak;183961191
KASTAMONU;CİDE;BAĞYURDU;56 SOKAK;sokak;373571341
KASTAMONU;CİDE;BAĞYURDU;57 SOKAK;sokak;308470731
KASTAMONU;CİDE;BAĞYURDU;AHMET HAMDI SALCI SOKAK;sokak;160062311
KASTAMONU;CİDE;BAĞYURDU;ÇENGELLİ SOKAK;sokak;137264680
KASTAMONU;CİDE;BAĞYURDU;FATİN BEY CADDE;cadde;783032291
KASTAMONU;CİDE;BAĞYURDU;KARAŞLI SOKAK;sokak;325920
KASTAMONU;CİDE;BAĞYURDU;KULCU SOKAK;sokak;487651
KASTAMONU;CİDE;BAĞYURDU;ÖKSÜZLÜ SOKAK;sokak;492763
KASTAMONU;CİDE;BAĞYURDU;TÜRKMEN SOKAK;sokak;174821751
KASTAMONU;CİDE;BAĞYURDU;YENİ SOKAK;sokak;500403
KASTAMONU;CİDE;BALTACI - DEĞİRMEN ÇAYI;DEĞİRMEN ÇAYI KÜME EVLER;sokak;585634
KASTAMONU;CİDE;BALTACI - DEMİRCİ;DEMİRCİ KÜME EVLER;sokak;588122
KASTAMONU;CİDE;BALTACI - GEDE;GEDE KÜME EVLER;sokak;264293
KASTAMONU;CİDE;BALTACI - MERKEZ;MERKEZ KÜME EVLER;sokak;589514
KASTAMONU;CİDE;BALTACI - MÜDÖRON;MÜDÜRON KÜME EVLER;sokak;588126
KASTAMONU;CİDE;BALTACI - YENİ;YENİ KÜME EVLER;sokak;585636
KASTAMONU;CİDE;BAŞKÖY - AHMETLİ;AHMETLİ KÜME EVLER;sokak;110052
KASTAMONU;CİDE;BAŞKÖY - MERKEZ;MERKEZ KÜME EVLER;sokak;486851
KASTAMONU;CİDE;BAŞKÖY - NASSURA;NASSURA KÜME EVLER;sokak;486609
KASTAMONU;CİDE;BAŞKÖY - PİRE;PİRE KÜME EVLER;sokak;352395
KASTAMONU;CİDE;BELTEPE - BELTEPE;BELTEPE KÜME EVLER;sokak;496776
KASTAMONU;CİDE;BELTEPE - KÜÇÜK BELTEPE;KÜÇÜK BELTEPE KÜME EVLER;sokak;495617
KASTAMONU;CİDE;BEŞEVLER - MERKEZ;MERKEZ KÜME EVLER;sokak;36630
KASTAMONU;CİDE;CUMHURİYET;11 SOKAK;sokak;138699381
KASTAMONU;CİDE;CUMHURİYET;19. SOKAK;sokak;711642711
KASTAMONU;CİDE;CUMHURİYET;20. SOKAK;sokak;461911691
KASTAMONU;CİDE;CUMHURİYET;21. SOKAK;sokak;774517061
KASTAMONU;CİDE;CUMHURİYET;22. SOKAK;sokak;853465001
KASTAMONU;CİDE;CUMHURİYET;23. SOKAK;sokak;800324511
KASTAMONU;CİDE;CUMHURİYET;24. SOKAK;sokak;625910781
KASTAMONU;CİDE;CUMHURİYET;AKYILDIZ SOKAK;sokak;554113
KASTAMONU;CİDE;CUMHURİYET;BEKLİOĞLU SOKAK;sokak;434738
KASTAMONU;CİDE;CUMHURİYET;CIDE 10 SOKAK;sokak;297177090
KASTAMONU;CİDE;CUMHURİYET;CUMHURIYET SOKAK;sokak;707251551
KASTAMONU;CİDE;CUMHURİYET;CUMHURİYET CADDE;cadde;257897
KASTAMONU;CİDE;CUMHURİYET;DOĞRAMACILAR SOKAK;sokak;257906
KASTAMONU;CİDE;CUMHURİYET;GEÇEN SOKAK;sokak;257898
KASTAMONU;CİDE;CUMHURİYET;HOCAOĞLU SOKAK;sokak;257899
KASTAMONU;CİDE;CUMHURİYET;İBRAHIM EREN SOKAK;sokak;520799020
KASTAMONU;CİDE;CUMHURİYET;MAKARACI SOKAK;sokak;257900
KASTAMONU;CİDE;CUMHURİYET;MUZAFFER GÜZELANT CADDE;cadde;257901
KASTAMONU;CİDE;CUMHURİYET;OKURLAR SOKAK;sokak;525481
KASTAMONU;CİDE;CUMHURİYET;RIFAT ILGAZ CADDE;cadde;257902
KASTAMONU;CİDE;CUMHURİYET;SARIOĞLU SOKAK;sokak;257903
KASTAMONU;CİDE;CUMHURİYET;SOKULLU MEHMET PAŞA SOKAK;sokak;257908
KASTAMONU;CİDE;CUMHURİYET;ŞEHİT J.ER AYHAN KAPLAN SOKAK;sokak;560348
KASTAMONU;CİDE;CUMHURİYET;ŞEHİT J.ER MURAT MATUZ SOKAK;sokak;531317441
KASTAMONU;CİDE;CUMHURİYET;ŞEHİT MEHMET ÇAVUŞ SOKAK;sokak;257907
KASTAMONU;CİDE;CUMHURİYET;ŞEHİT ŞEVKİ EREN YATKIN SOKAK;sokak;257904
KASTAMONU;CİDE;CUMHURİYET;ŞHT RASİM CADDE;cadde;257905
KASTAMONU;CİDE;CUMHURİYET;TUĞTEPE SOKAK;sokak;434739
KASTAMONU;CİDE;CUMHURİYET;TÜRBEALTI SOKAK;sokak;507242
KASTAMONU;CİDE;CUMHURİYET;UĞUR MUMCU CADDE;cadde;363316
KASTAMONU;CİDE;ÇAKIRLI - CENGEL;CENGEL KÜME EVLER;sokak;487719
KASTAMONU;CİDE;ÇAKIRLI - ÇAKIRLI;ÇAKIRLI KÜME EVLER;sokak;491387
KASTAMONU;CİDE;ÇAMALTI - AŞAĞI;AŞAĞI KÜME EVLER;sokak;498164
KASTAMONU;CİDE;ÇAMALTI - DEMİRCİ;DEMİRCİ KÜME EVLER;sokak;499203
KASTAMONU;CİDE;ÇAMALTI - MERKEZ;MERKEZ KÜME EVLER;sokak;353029
KASTAMONU;CİDE;ÇAMALTI - ULU;ULU KÜME EVLER;sokak;499207
KASTAMONU;CİDE;ÇAMDİBİ - BİLALLAR;BİLALLAR KÜME EVLER;sokak;495948
KASTAMONU;CİDE;ÇAMDİBİ - ÇAKMAKÇI;ÇAKMAKÇI KÜME EVLER;sokak;498599
KASTAMONU;CİDE;ÇAMDİBİ - ÇAMDİBİ;ÇAMDİBİ KÜME EVLER;sokak;500643
KASTAMONU;CİDE;ÇAMDİBİ - FETTAH;FETTAH KÜME EVLER;sokak;498603
KASTAMONU;CİDE;ÇAMDİBİ - KOÇLAR;KOÇLAR KÜME EVLER;sokak;498607
KASTAMONU;CİDE;ÇAMDİBİ - MERKEZ;MERKEZ KÜME EVLER;sokak;495856
KASTAMONU;CİDE;ÇATALOLUK - MERKEZ;MERKEZ KÜME EVLER;sokak;576161
KASTAMONU;CİDE;ÇAYÜSTÜ - AKAĞAÇ;AKAĞAÇ KÜME EVLER;sokak;497935
KASTAMONU;CİDE;ÇAYÜSTÜ - GÜZELCE;GÜZELCE KÜME EVLER;sokak;498509
KASTAMONU;CİDE;ÇAYÜSTÜ - MERKEZ;MERKEZ KÜME EVLER;sokak;498855
KASTAMONU;CİDE;ÇAYYAKA - MERKEZ;MERKEZ KÜME EVLER;sokak;486201
KASTAMONU;CİDE;ÇAYYAKA - YALI;YALI KÜME EVLER;sokak;490400
KASTAMONU;CİDE;ÇİLEKÇE - ADIYÜZÜ;ADIYÜZÜ KÜME EVLER;sokak;581704
KASTAMONU;CİDE;ÇİLEKÇE - KİRAZTARLA;KİRAZTARLA KÜME EVLER;sokak;496221
KASTAMONU;CİDE;ÇİLEKÇE - MERKEZ;MERKEZ KÜME EVLER;sokak;319540
KASTAMONU;CİDE;ÇİLEKÇE - TAŞPINAR;TAŞPINAR KÜME EVLER;sokak;578904
KASTAMONU;CİDE;ÇUKURÇAL - DAĞ;DAĞ KÜME EVLER;sokak;494273
KASTAMONU;CİDE;ÇUKURÇAL - ECEREN;ECEREN KÜME EVLER;sokak;494275
KASTAMONU;CİDE;ÇUKURÇAL - HAKTANIR;HAKTANIR KÜME EVLER;sokak;494271
KASTAMONU;CİDE;ÇUKURÇAL - MERKEZ;MERKEZ KÜME EVLER;sokak;500091
KASTAMONU;CİDE;DENİZKONAK - DENİZKONAK;DENİZKONAK KÜME EVLER;sokak;499620
KASTAMONU;CİDE;DEREBAĞ - MERKEZ;MERKEZ KÜME EVLER;sokak;567021
KASTAMONU;CİDE;DEREBAĞ - TEPEYURT;TEPEYURT KÜME EVLER;sokak;561118
KASTAMONU;CİDE;DEREBAĞ - YELCE;YELCE KÜME EVLER;sokak;558143
KASTAMONU;CİDE;DEREBAĞ - YEŞİLYURT;YEŞİLYURT KÜME EVLER;sokak;563013
KASTAMONU;CİDE;DEREBUCAĞI - GÜNDOĞDU;GÜNDOĞDU KÜME EVLER;sokak;486676
KASTAMONU;CİDE;DEREBUCAĞI - HAMDİOĞLU;HAMDİOĞLU KÜME EVLER;sokak;480611
KASTAMONU;CİDE;DEREBUCAĞI - ORTA;ORTA KÜME EVLER;sokak;488937
KASTAMONU;CİDE;DOĞANKAYA - KAPAKLI;KAPAKLI KÜME EVLER;sokak;494509
KASTAMONU;CİDE;DOĞANKAYA - MERKEZ;MERKEZ KÜME EVLER;sokak;496874
KASTAMONU;CİDE;DOĞANKAYA - OKLUCA;OKLUCA KÜME EVLER;sokak;497234
KASTAMONU;CİDE;DÖNGELCE - DÖNGELCE;DÖNGELCE KÜME EVLER;sokak;499291
KASTAMONU;CİDE;DÖNGELCE - KİRAZDERE;KİRAZDERE KÜME EVLER;sokak;26511
KASTAMONU;CİDE;DÜZKÖY - DÜZKÖY;DÜZKÖY KÜME EVLER;sokak;481037
KASTAMONU;CİDE;ECE;31 SOKAK;sokak;182569331
KASTAMONU;CİDE;ECE;58. SOKAK;sokak;853193091
KASTAMONU;CİDE;ECE;59. SOKAK;sokak;475505871
KASTAMONU;CİDE;ECE;60. SOKAK;sokak;952031051
KASTAMONU;CİDE;ECE;CAMİ SOKAK;sokak;308677
KASTAMONU;CİDE;ECE;CELAL ECE CADDE;cadde;257909
KASTAMONU;CİDE;ECE;DEĞİRMENYANI SOKAK;sokak;892318
KASTAMONU;CİDE;ECE;DEMİRCİ SOKAK;sokak;475752531
KASTAMONU;CİDE;ECE;ECE SULTAN SOKAK;sokak;255476541
KASTAMONU;CİDE;ECE;EMRE KÖSE SOKAK;sokak;769746821
KASTAMONU;CİDE;ECE;KESİMOĞLU SOKAK;sokak;434740
KASTAMONU;CİDE;ECE;MANDIRBAŞI CADDE;cadde;363317
KASTAMONU;CİDE;ECE;ŞABAN KALYON SOKAK;sokak;257910
KASTAMONU;CİDE;ECE;TÜTÜNCÜ SOKAK;sokak;485702531
KASTAMONU;CİDE;EMİRLER - EMİRLER;EMİRLER KÜME EVLER;sokak;493374
KASTAMONU;CİDE;EMİRLER - MÜSTECİP;MÜSTECİP KÜME EVLER;sokak;481785
KASTAMONU;CİDE;EMİRLER - SOFTA;SOFTA KÜME EVLER;sokak;490616
KASTAMONU;CİDE;GEBEŞ;17. SOKAK;sokak;647879141
KASTAMONU;CİDE;GEBEŞ;26. SOKAK;sokak;202418321
KASTAMONU;CİDE;GEBEŞ;GEBEŞ SOKAK;sokak;491417
KASTAMONU;CİDE;GEBEŞ;GÜVEL SOKAK;sokak;490496
KASTAMONU;CİDE;GEBEŞ;PAZARCIK SOKAK;sokak;490493
KASTAMONU;CİDE;GEBEŞ;SAHİL SOKAK;sokak;571446
KASTAMONU;CİDE;GÖKÇELER - BAYIRLI;BAYIRLI KÜME EVLER;sokak;494142
KASTAMONU;CİDE;GÖKÇELER - İSKELE;İSKELE KÜME EVLER;sokak;496563
KASTAMONU;CİDE;GÖKÇELER - MERKEZ;MERKEZ KÜME EVLER;sokak;490042
KASTAMONU;CİDE;GÖKÇELER - SAMANYOLU;SAMANYOLU KÜME EVLER;sokak;493316
KASTAMONU;CİDE;GÖKÇEÖREN - DİLEK;DİLEK KÜME EVLER;sokak;485308
KASTAMONU;CİDE;GÖKÇEÖREN - GÖKÇEÖREN;GÖKÇEÖREN KÜME EVLER;sokak;485335
KASTAMONU;CİDE;GÖKÇEÖREN - HOCA;HOCA KÜME EVLER;sokak;499742
KASTAMONU;CİDE;GÖKÇEÖREN - KONAKYANI;KONAKYANI KÜME EVLER;sokak;498493
KASTAMONU;CİDE;GÖKÇEÖREN - URGANLI;URGANLI KÜME EVLER;sokak;489149
KASTAMONU;CİDE;GÜNDOĞAN - DANIŞMAN;DANIŞMAN KÜME EVLER;sokak;486425
KASTAMONU;CİDE;GÜNDOĞAN - GÜRGÜNE;GÜRGÜNE KÜME EVLER;sokak;494403
KASTAMONU;CİDE;GÜNDOĞAN - ÖTEGEÇE;ÖTEGEÇE KÜME EVLER;sokak;494399
KASTAMONU;CİDE;GÜNDOĞAN - SAPANÇAYI;SAPANÇAYI KÜME EVLER;sokak;497536
KASTAMONU;CİDE;GÜNDOĞAN - SERDEŞ;SERDEŞ KÜME EVLER;sokak;491873
KASTAMONU;CİDE;GÜNEBAKAN - AHMETLİ;AHMETLİ KÜME EVLER;sokak;581911
KASTAMONU;CİDE;GÜNEBAKAN - BEYKUŞ;BEYKUŞ KÜME EVLER;sokak;577169
KASTAMONU;CİDE;GÜNEBAKAN - KIŞLA;KIŞLA KÜME EVLER;sokak;579636
KASTAMONU;CİDE;GÜNEBAKAN - MERKEZ;MERKEZ KÜME EVLER;sokak;583544
KASTAMONU;CİDE;GÜNEBAKAN - MUTLU;MUTLU KÜME EVLER;sokak;577174
KASTAMONU;CİDE;GÜZELYAYLA - GÜZEL YAYLA;GÜZEL YAYLA KÜME EVLER;sokak;484483
KASTAMONU;CİDE;GÜZELYAYLA - KIZILOVAZ;KIZILOVAZ KÜME EVLER;sokak;493553
KASTAMONU;CİDE;HACIAHMET - HACIAHMET;HACIAHMET KÜME EVLER;sokak;481681
KASTAMONU;CİDE;HACIAHMET - NOSUFLAR;NOSUFLAR KÜME EVLER;sokak;480015
KASTAMONU;CİDE;HAMİTLİ - GÖMEREN;GÖMEREN KÜME EVLER;sokak;484707
KASTAMONU;CİDE;HAMİTLİ - HAMİTLİ;HAMİTLİ KÜME EVLER;sokak;492474
KASTAMONU;CİDE;HAMİTLİ - KOLCA;KOLCA KÜME EVLER;sokak;479907
KASTAMONU;CİDE;HİMMETBEŞE NA;KÖYÜN KENDİSİ KÜME EVLER;sokak;548046
KASTAMONU;CİDE;IRMAK;ASMALI KONAK SOKAK;sokak;627764
KASTAMONU;CİDE;IRMAK;BATLI SOKAK;sokak;634766
KASTAMONU;CİDE;IRMAK;CAMİYANI SOKAK;sokak;92966
KASTAMONU;CİDE;IRMAK;ÇANDIR CADDE;cadde;627430
KASTAMONU;CİDE;IRMAK;KUMYERİ SOKAK;sokak;628986
KASTAMONU;CİDE;IRMAK;MERKEZ (IRMAK) SOKAK;sokak;638611
KASTAMONU;CİDE;IRMAK;MERKEZ SOKAK;sokak;636508
KASTAMONU;CİDE;IRMAK;MURAT YENİGÜN CADDE;cadde;629413
KASTAMONU;CİDE;IRMAK;TAŞ OCAĞI YOLU SOKAK;sokak;628808
KASTAMONU;CİDE;IRMAK;YOKUŞ DİBİ SOKAK;sokak;629421
KASTAMONU;CİDE;İLYASBEY - ARILI;ARILI KÜME EVLER;sokak;496812
KASTAMONU;CİDE;İLYASBEY - İLYASBEY;İLYASBEY KÜME EVLER;sokak;498601
KASTAMONU;CİDE;İSAKÖY - ABBASLAR;ABBASLAR KÜME EVLER;sokak;485254
KASTAMONU;CİDE;İSAKÖY - AŞAĞI KOZAK;AŞAĞI KOZAK KÜME EVLER;sokak;479958
KASTAMONU;CİDE;İSAKÖY - BUKET;BUKET KÜME EVLER;sokak;479922
KASTAMONU;CİDE;İSAKÖY - ESE;ESE KÜME EVLER;sokak;493055
KASTAMONU;CİDE;İSAKÖY - YUKARI KOZAK;YUKARI KOZAK KÜME EVLER;sokak;479912
KASTAMONU;CİDE;İSHAKÇA - AŞAĞI;AŞAĞI KÜME EVLER;sokak;560113
KASTAMONU;CİDE;İSHAKÇA - YENİ;YENİ KÜME EVLER;sokak;570357
KASTAMONU;CİDE;İSHAKÇA - YUKARI;YUKARI KÜME EVLER;sokak;82254
KASTAMONU;CİDE;KALAFAT;CEBECİ SOKAK;sokak;479988
KASTAMONU;CİDE;KALAFAT;GİDEROS SOKAK;sokak;490399
KASTAMONU;CİDE;KALAFAT;KALAFAT SOKAK;sokak;491358
KASTAMONU;CİDE;KALAFAT;OVA SOKAK;sokak;485377
KASTAMONU;CİDE;KALAFAT;TEPE SOKAK;sokak;487641
KASTAMONU;CİDE;KAPISUYU - MERKEZ;MERKEZ KÜME EVLER;sokak;533863
KASTAMONU;CİDE;KARAKADI - AKBULUT;AKBULUT KÜME EVLER;sokak;485225
KASTAMONU;CİDE;KARAKADI - KABALAKLI;KABALAKLI KÜME EVLER;sokak;483121
KASTAMONU;CİDE;KARAKADI - KARABALÇIK;KARABALÇIK KÜME EVLER;sokak;480848
KASTAMONU;CİDE;KARAKADI - KARAKADI;KARAKADI KÜME EVLER;sokak;486093
KASTAMONU;CİDE;KASABA;12 SOKAK;sokak;935003531
KASTAMONU;CİDE;KASABA;14. SOKAK;sokak;319819701
KASTAMONU;CİDE;KASABA;35 SOKAK;sokak;609039451
KASTAMONU;CİDE;KASABA;ABUT HÜSEYİN SOKAK;sokak;124338500
KASTAMONU;CİDE;KASABA;ALI GÜNER SOKAK;sokak;621177670
KASTAMONU;CİDE;KASABA;ALİ EFENDİ SOKAK;sokak;256363
KASTAMONU;CİDE;KASABA;ALİ OSMAN YILMAZ SOKAK;sokak;882732
KASTAMONU;CİDE;KASABA;ATATÜRK CADDE;cadde;257912
KASTAMONU;CİDE;KASABA;AYFER ATAY SOKAK;sokak;257913
KASTAMONU;CİDE;KASABA;BAYRAM ASLAN SOKAK;sokak;296024710
KASTAMONU;CİDE;KASABA;BAYRAM SELÇUK SOKAK;sokak;978493
KASTAMONU;CİDE;KASABA;BAYRAM USTA SOKAK;sokak;552727
KASTAMONU;CİDE;KASABA;BILGIN ORAL SOKAK;sokak;716670590
KASTAMONU;CİDE;KASABA;CIDE 1 SOKAK;sokak;793524640
KASTAMONU;CİDE;KASABA;CIDE 2 SOKAK;sokak;565991860
KASTAMONU;CİDE;KASABA;CIDE 3 SOKAK;sokak;328520060
KASTAMONU;CİDE;KASABA;CIDE 4 SOKAK;sokak;424436140
KASTAMONU;CİDE;KASABA;CIDE 5 SOKAK;sokak;310524750
KASTAMONU;CİDE;KASABA;CIDE 6 SOKAK;sokak;864407400
KASTAMONU;CİDE;KASABA;CIDE 9 SOKAK;sokak;620690180
KASTAMONU;CİDE;KASABA;CIDE SOKAK;sokak;973077630
KASTAMONU;CİDE;KASABA;CİDE BELEDİYESİ CUMHURİYET MEYDAN;sokak;257915
KASTAMONU;CİDE;KASABA;DAMATOĞLU SOKAK;sokak;363318
KASTAMONU;CİDE;KASABA;DEMİRCİ SOKAK;sokak;305471521
KASTAMONU;CİDE;KASABA;EKREM ERGİN SOKAK;sokak;502153
KASTAMONU;CİDE;KASABA;FATİN BEY CADDE;cadde;257917
KASTAMONU;CİDE;KASABA;FETHİBEY CADDE;cadde;434741
KASTAMONU;CİDE;KASABA;FEVZİ PAŞA CADDE;cadde;257918
KASTAMONU;CİDE;KASABA;HAFIZ ŞEVKET SOKAK;sokak;256360
KASTAMONU;CİDE;KASABA;HALİT GENÇ SOKAK;sokak;256362
KASTAMONU;CİDE;KASABA;HASTANE SOKAK;sokak;257919
KASTAMONU;CİDE;KASABA;HÜKÜMET SOKAK;sokak;257920
KASTAMONU;CİDE;KASABA;HÜSAMETTİN SALCI SOKAK;sokak;379653080
KASTAMONU;CİDE;KASABA;İNÖNÜ CADDE;cadde;256358
KASTAMONU;CİDE;KASABA;KARAKOL SOKAK;sokak;257921
KASTAMONU;CİDE;KASABA;KARAMUSTAFAPAŞA SOKAK;sokak;363320
KASTAMONU;CİDE;KASABA;KAYMAKAM SUDİ KOCAİMAMOĞLU SOKAK;sokak;363319
KASTAMONU;CİDE;KASABA;KESOĞLU SOKAK;sokak;189648900
KASTAMONU;CİDE;KASABA;MAKARACI SOKAK;sokak;286007400
KASTAMONU;CİDE;KASABA;MANDIRBAŞI CADDE;cadde;257922
KASTAMONU;CİDE;KASABA;MEHMET KALYONCU SOKAK;sokak;257923
KASTAMONU;CİDE;KASABA;MEMDUH İMER CADDE;cadde;434742
KASTAMONU;CİDE;KASABA;MUAMMER BALTA SOKAK;sokak;257924
KASTAMONU;CİDE;KASABA;MUHTAR ÜNAL MUTLU SOKAK;sokak;257927
KASTAMONU;CİDE;KASABA;MURAT YENİGÜN CADDE;cadde;257925
KASTAMONU;CİDE;KASABA;MÜNEVVER HANIM SOKAK;sokak;256361
KASTAMONU;CİDE;KASABA;NESRIN ŞAHİN SOKAK;sokak;400737440
KASTAMONU;CİDE;KASABA;NEVZAT YÜCEL SOKAK;sokak;503241
KASTAMONU;CİDE;KASABA;OKUL SOKAK;sokak;257926
KASTAMONU;CİDE;KASABA;PENDAZ SOKAK;sokak;257929
KASTAMONU;CİDE;KASABA;PROF.DR.BAHRİ GÖKÇEBAY CADDE;cadde;363321
KASTAMONU;CİDE;KASABA;RECEP AZMİ GÜRSOY SOKAK;sokak;256356
KASTAMONU;CİDE;KASABA;SARAÇLI SOKAK;sokak;257930
KASTAMONU;CİDE;KASABA;SARI RECEP SOKAK;sokak;636403381
KASTAMONU;CİDE;KASABA;SELÇUKLU SOKAK;sokak;434743
KASTAMONU;CİDE;KASABA;SUKES SOKAK;sokak;514628
KASTAMONU;CİDE;KASABA;ŞEHİT J.ER MEVLÜT TEPE SOKAK;sokak;531437
KASTAMONU;CİDE;KASABA;ŞEHİT J.ER YILMAZ GÜNER SOKAK;sokak;257914
KASTAMONU;CİDE;KASABA;ŞEKER AHMET SOKAK;sokak;167328690
KASTAMONU;CİDE;KASABA;ŞHT. RASİM CADDE;cadde;256359
KASTAMONU;CİDE;KASABA;TERMİNAL MEYDAN;sokak;522922
KASTAMONU;CİDE;KASABA;TEVFİK GÜRSOY SOKAK;sokak;521786
KASTAMONU;CİDE;KASABA;UĞUR MUMCU CADDE;cadde;257931
KASTAMONU;CİDE;KASABA;VALİ MURATBEY SOKAK;sokak;257916
KASTAMONU;CİDE;KASABA;YAŞAR ŞAKAR PAZARYERİ MEYDAN;sokak;257928
KASTAMONU;CİDE;KASABA;ZAHİDE HANIM SOKAK;sokak;256357
KASTAMONU;CİDE;KASIM;32 SOKAK;sokak;952210571
KASTAMONU;CİDE;KASIM;33 SOKAK;sokak;933683551
KASTAMONU;CİDE;KASIM;34 SOKAK;sokak;236718291
KASTAMONU;CİDE;KASIM;37 SOKAK;sokak;653251361
KASTAMONU;CİDE;KASIM;38 SOKAK;sokak;336746641
KASTAMONU;CİDE;KASIM;39 SOKAK;sokak;906170101
KASTAMONU;CİDE;KASIM;40 SOKAK;sokak;887780631
KASTAMONU;CİDE;KASIM;41 SOKAK;sokak;829693381
KASTAMONU;CİDE;KASIM;42 SOKAK;sokak;741619281
KASTAMONU;CİDE;KASIM;43 SOKAK;sokak;693142011
KASTAMONU;CİDE;KASIM;44 SOKAK;sokak;194295961
KASTAMONU;CİDE;KASIM;BAYRAKLI SOKAK;sokak;23240
KASTAMONU;CİDE;KASIM;ÇENGELLI-2 SOKAK;sokak;951198971
KASTAMONU;CİDE;KASIM;ÇENGELLİ SOKAK;sokak;483761
KASTAMONU;CİDE;KASIM;EŞME SOKAK;sokak;545630101
KASTAMONU;CİDE;KASIM;KASIM SOKAK;sokak;484147
KASTAMONU;CİDE;KASIM;POSTACI ALI SOKAK;sokak;284459301
KASTAMONU;CİDE;KAYAARDI - GÜVENLİ;GÜVENLİ KÜME EVLER;sokak;555370
KASTAMONU;CİDE;KAYAARDI - KINDIRALIK;KINDIRALIK KÜME EVLER;sokak;547979
KASTAMONU;CİDE;KAYAARDI NA;KÖYÜN KENDİSİ KÜME EVLER;sokak;87104
KASTAMONU;CİDE;KAZANLI - AŞAĞI KÖSELİ;AŞAĞI KÖSELİ KÜME EVLER;sokak;494442
KASTAMONU;CİDE;KAZANLI - DEMİRCİ;DEMİRCİ KÜME EVLER;sokak;496736
KASTAMONU;CİDE;KAZANLI - HIDIRLAR;HIDIRLAR KÜME EVLER;sokak;72252
KASTAMONU;CİDE;KAZANLI - KARASU;KARASU KÜME EVLER;sokak;496680
KASTAMONU;CİDE;KAZANLI - KAZANLI;KAZANLI KÜME EVLER;sokak;494904
KASTAMONU;CİDE;KAZANLI - YUKARI KÖSELİ;YUKARI KÖSELİ KÜME EVLER;sokak;488340
KASTAMONU;CİDE;KEMERLİ;30 SOKAK;sokak;166010311
KASTAMONU;CİDE;KEMERLİ;ALKANLAR SOKAK;sokak;781057311
KASTAMONU;CİDE;KEMERLİ;BEKLİOĞLU SOKAK;sokak;173149980
KASTAMONU;CİDE;KEMERLİ;ÇENGELLİ SOKAK;sokak;346872511
KASTAMONU;CİDE;KEMERLİ;DEMİRCİ SOKAK;sokak;256364
KASTAMONU;CİDE;KEMERLİ;FATİN BEY CADDE;cadde;256365
KASTAMONU;CİDE;KEMERLİ;HÜSAMETTİN SALCI SOKAK;sokak;256367
KASTAMONU;CİDE;KEMERLİ;KEMERLİ SOKAK;sokak;256366
KASTAMONU;CİDE;KEMERLİ;KÖRAĞA SOKAK;sokak;488411260
KASTAMONU;CİDE;KEMERLİ;ŞEHİT J.ER MUHARREM DEMİRTAŞ SOKAK;sokak;502200
KASTAMONU;CİDE;KEMERLİ;ŞEHİT J.ER MURAT MATUZ SOKAK;sokak;483532
KASTAMONU;CİDE;KEMERLİ;ŞEHİT J.ER MUZAFFER ARSLAN SOKAK;sokak;514689
KASTAMONU;CİDE;KEMERLİ;ŞHT.RASİM CADDE;cadde;256368
KASTAMONU;CİDE;KEMERLİ;YUKARI DEMİRCİ SOKAK;sokak;663135
KASTAMONU;CİDE;KETHÜDA - ÇOLAK;ÇOLAK KÜME EVLER;sokak;495955
KASTAMONU;CİDE;KETHÜDA - DELİHASAN;DELİHASAN KÜME EVLER;sokak;494710
KASTAMONU;CİDE;KETHÜDA - FERAH;FERAH KÜME EVLER;sokak;495951
KASTAMONU;CİDE;KETHÜDA - KAHYA;KAHYA KÜME EVLER;sokak;496870
KASTAMONU;CİDE;KETHÜDA - KARGALAR;KARGALAR KÜME EVLER;sokak;496809
KASTAMONU;CİDE;KETHÜDA - KUZLUK;KUZLUK KÜME EVLER;sokak;495953
KASTAMONU;CİDE;KETHÜDA - ORTAMESCİT;ORTAMESCİT KÜME EVLER;sokak;494502
KASTAMONU;CİDE;KETHÜDA - SİVRİCE;SİVRİCE KÜME EVLER;sokak;495949
KASTAMONU;CİDE;KEZAĞZI - KEZAĞZI;KEZAĞZI KÜME EVLER;sokak;484370
KASTAMONU;CİDE;KEZAĞZI - KUZDAĞ;KUZDAĞ KÜME EVLER;sokak;488051
KASTAMONU;CİDE;KEZAĞZI - MİDİLLİ;MİDİLLİ KÜME EVLER;sokak;485797
KASTAMONU;CİDE;KEZAĞZI - ŞAHNALAR;ŞAHNALAR KÜME EVLER;sokak;493371
KASTAMONU;CİDE;KIRANLIKOZ - CENGEL;CENGEL KÜME EVLER;sokak;472598
KASTAMONU;CİDE;KIRANLIKOZ - KIRANLIKOZ;KIRANLIKOZ KÜME EVLER;sokak;23334
KASTAMONU;CİDE;KIRCI;36 SOKAK;sokak;306304951
KASTAMONU;CİDE;KIRCI;GÜLLÜK ÇIKMAZI 1 SOKAK;sokak;318044380
KASTAMONU;CİDE;KIRCI;GÜLLÜK ÇIKMAZI 2 SOKAK;sokak;562976170
KASTAMONU;CİDE;KIRCI;GÜLLÜK ÇIKMAZI 3 SOKAK;sokak;792462940
KASTAMONU;CİDE;KIRCI;GÜLLÜK ÇIKMAZI 4 SOKAK;sokak;747469340
KASTAMONU;CİDE;KIRCI;GÜLLÜK ÇIKMAZI 5 SOKAK;sokak;814786790
KASTAMONU;CİDE;KIRCI;GÜLLÜK SOKAK;sokak;896179140
KASTAMONU;CİDE;KIRCI;KAFAR SOKAK;sokak;572218
KASTAMONU;CİDE;KIRCI;KAVURDU SOKAK;sokak;583473
KASTAMONU;CİDE;KIRCI;KIRCI SOKAK;sokak;573517
KASTAMONU;CİDE;KIRCI;SAZ CADDE;cadde;564423
KASTAMONU;CİDE;KOÇLAR - KÜPLÜCE;KÜPLÜCE KÜME EVLER;sokak;385329
KASTAMONU;CİDE;KOÇLAR - MERKEZ;MERKEZ KÜME EVLER;sokak;558423
KASTAMONU;CİDE;KOÇLAR - YEŞİLCE;YEŞİLCE KÜME EVLER;sokak;568848
KASTAMONU;CİDE;KONUKLAR - ARPALI;ARPALI KÜME EVLER;sokak;492316
KASTAMONU;CİDE;KONUKLAR - ÇITAKLI;ÇITAKLI KÜME EVLER;sokak;496193
KASTAMONU;CİDE;KONUKLAR - KONUKLAR;KONUKLAR KÜME EVLER;sokak;490509
KASTAMONU;CİDE;KONUKLAR - MAMAKLI;MAMAKLI KÜME EVLER;sokak;499325
KASTAMONU;CİDE;KOVANÖREN - AŞAĞI;AŞAĞI KÜME EVLER;sokak;496021
KASTAMONU;CİDE;KOVANÖREN - DEMİRCİ;DEMİRCİ KÜME EVLER;sokak;497752
KASTAMONU;CİDE;KOVANÖREN - KARAMAN;KARAMAN KÜME EVLER;sokak;494631
KASTAMONU;CİDE;KOVANÖREN - MERKEZ;MERKEZ KÜME EVLER;sokak;500000
KASTAMONU;CİDE;KÖSELİ - AŞAĞI;AŞAĞI KÜME EVLER;sokak;473022
KASTAMONU;CİDE;KÖSELİ - KARGACAK;KARGACAK KÜME EVLER;sokak;110148
KASTAMONU;CİDE;KÖSELİ - ORTA;ORTA KÜME EVLER;sokak;484509
KASTAMONU;CİDE;KÖSELİ - ŞAR;ŞAR KÜME EVLER;sokak;479769
KASTAMONU;CİDE;KÖSELİ - YUKARI;YUKARI KÜME EVLER;sokak;473459
KASTAMONU;CİDE;KUMKÖY - ALTINTAŞ;ALTINTAŞ KÜME EVLER;sokak;571399
KASTAMONU;CİDE;KUMKÖY - BELDİBİ;BELDİBİ KÜME EVLER;sokak;571850
KASTAMONU;CİDE;KUMKÖY - ÇINARCIK;ÇINARCIK KÜME EVLER;sokak;82264
KASTAMONU;CİDE;KUMKÖY - GÖZTEPE;GÖZTEPE KÜME EVLER;sokak;288375
KASTAMONU;CİDE;KUMKÖY - HAMZALI;HAMZALI KÜME EVLER;sokak;454063
KASTAMONU;CİDE;KUMKÖY - MERKEZ;MERKEZ KÜME EVLER;sokak;565171
KASTAMONU;CİDE;KUMKÖY - TANHA;TANHA KÜME EVLER;sokak;576566
KASTAMONU;CİDE;KUMLUCA;16. SOKAK;sokak;677162411
KASTAMONU;CİDE;KUMLUCA;BAYLAR SOKAK;sokak;108303050
KASTAMONU;CİDE;KUMLUCA;ÇİFTLİK 1 SOKAK;sokak;888904620
KASTAMONU;CİDE;KUMLUCA;DANACI HAYRI SARI SOKAK CADDE;cadde;562602
KASTAMONU;CİDE;KUMLUCA;GÜL SOKAK;sokak;1304657
KASTAMONU;CİDE;KUMLUCA;HARMAN SOKAK;sokak;181518940
KASTAMONU;CİDE;KUMLUCA;İMAMOĞLU SOKAK;sokak;432074970
KASTAMONU;CİDE;KUMLUCA;KARA MEHMET SOKAK;sokak;397358810
KASTAMONU;CİDE;KUMLUCA;KARAMANLAR SOKAK;sokak;827646220
KASTAMONU;CİDE;KUMLUCA;KAYRAN SOKAK;sokak;552348
KASTAMONU;CİDE;KUMLUCA;KÖSEOĞLU SOKAK;sokak;741091330
KASTAMONU;CİDE;KUMLUCA;MAĞZA CADDE;cadde;555416
KASTAMONU;CİDE;KUMLUCA;MURAT KÖSEOĞLU SOKAK;sokak;1304651
KASTAMONU;CİDE;KUMLUCA;MUSTAFA ECE SOKAK;sokak;1064908
KASTAMONU;CİDE;KUMLUCA;SAĞLIK OCAĞI SOKAK;sokak;673228750
KASTAMONU;CİDE;KUMLUCA;SAHİL (MERKEZ) CADDE;cadde;555420
KASTAMONU;CİDE;KUMLUCA;SAHİL CADDE;cadde;552350
KASTAMONU;CİDE;KUMLUCA;SERKAN ÇAKIR SOKAK;sokak;533066350
KASTAMONU;CİDE;KUMLUCA;TAŞ OCAĞI SOKAK;sokak;281938450
KASTAMONU;CİDE;KUMLUCA;TERSANELER SOKAK;sokak;856516
KASTAMONU;CİDE;KUMLUCA;TÜRBE ALTI SOKAK;sokak;915049510
KASTAMONU;CİDE;KUMLUCA;YAVUZ AYDIN SOKAK;sokak;504346380
KASTAMONU;CİDE;KUŞÇU - GÜLPINAR;GÜLPINAR KÜME EVLER;sokak;496818
KASTAMONU;CİDE;KUŞÇU - KAZALLI;KAZALLI KÜME EVLER;sokak;496814
KASTAMONU;CİDE;KUŞÇU - KUŞÇU;KUŞÇU KÜME EVLER;sokak;496816
KASTAMONU;CİDE;KUŞÇU - YAĞMURLU;YAĞMURLU KÜME EVLER;sokak;495631
KASTAMONU;CİDE;KUŞKAYASI - MERKEZ;MERKEZ KÜME EVLER;sokak;496717
KASTAMONU;CİDE;KUŞKAYASI - MUTÇA;MUTÇA KÜME EVLER;sokak;488325
KASTAMONU;CİDE;MEMİŞ;13. SOKAK;sokak;284768021
KASTAMONU;CİDE;MEMİŞ;15. SOKAK;sokak;784742771
KASTAMONU;CİDE;MEMİŞ;27. SOKAK;sokak;899257881
KASTAMONU;CİDE;MEMİŞ;ARITIM SOKAK;sokak;519559
KASTAMONU;CİDE;MEMİŞ;ÇELIK SOKAK;sokak;534480561
KASTAMONU;CİDE;MEMİŞ;DENİZCİLER CADDE;cadde;256369
KASTAMONU;CİDE;MEMİŞ;GAZI HASAN COŞKUN SOKAK;sokak;890570950
KASTAMONU;CİDE;MEMİŞ;HÜSAMETTİN ÇELEBİ SOKAK;sokak;468015
KASTAMONU;CİDE;MEMİŞ;KAPTANLAR SOKAK;sokak;256370
KASTAMONU;CİDE;MEMİŞ;MEMİŞOĞLU CADDE;cadde;256371
KASTAMONU;CİDE;MEMİŞ;MURAT YENİGÜN CADDE;cadde;256372
KASTAMONU;CİDE;MEMİŞ;NAİM ÖZER SOKAK;sokak;521294
KASTAMONU;CİDE;MEMİŞ;ÖMER KALFA CADDE;cadde;443811
KASTAMONU;CİDE;MEMİŞ;RAHIME KAPTAN SOKAK;sokak;804089741
KASTAMONU;CİDE;MEMİŞ;ŞEHİT J.ER ERKAN GEÇGEL SOKAK;sokak;517776
KASTAMONU;CİDE;MEMİŞ;YILMAZ SOKAK;sokak;256373
KASTAMONU;CİDE;MENCEKLİ - KARACA;KARACA KÜME EVLER;sokak;481334
KASTAMONU;CİDE;MENCEKLİ - MERKEZ;MERKEZ KÜME EVLER;sokak;484824
KASTAMONU;CİDE;MENÜK - MENÜK;MENÜK KÜME EVLER;sokak;500327
KASTAMONU;CİDE;MENÜK - YARIMAGA;YARIMAGA KÜME EVLER;sokak;489572
KASTAMONU;CİDE;MENÜK - YEGENLER;YEGENLER KÜME EVLER;sokak;489924
KASTAMONU;CİDE;MUSAKÖY - AKDEMİR;AKDEMİR KÜME EVLER;sokak;489646
KASTAMONU;CİDE;MUSAKÖY - ALİ;ALİ KÜME EVLER;sokak;490137
KASTAMONU;CİDE;MUSAKÖY - ESENLER;ESENLER KÜME EVLER;sokak;492383
KASTAMONU;CİDE;MUSAKÖY - GÜNEY;GÜNEY KÜME EVLER;sokak;492804
KASTAMONU;CİDE;MUSAKÖY - MUSA;MUSA KÜME EVLER;sokak;492831
KASTAMONU;CİDE;MUSAKÖY - OKÇU;OKÇU KÜME EVLER;sokak;490125
KASTAMONU;CİDE;MUSAKÖY - PEKDEMİR;PEKDEMİR KÜME EVLER;sokak;491405
KASTAMONU;CİDE;MUSAKÖY - SEYRENCİ;SEYRENCİ KÜME EVLER;sokak;490134
KASTAMONU;CİDE;MUSAKÖY - YAZI;YAZI KÜME EVLER;sokak;490148
KASTAMONU;CİDE;NANEPINARI - AŞAĞI;AŞAĞI KÜME EVLER;sokak;491960
KASTAMONU;CİDE;NANEPINARI - YUKARI;YUKARI KÜME EVLER;sokak;493222
KASTAMONU;CİDE;NASUH;25. SOKAK;sokak;904221301
KASTAMONU;CİDE;NASUH;28. SOKAK;sokak;140115971
KASTAMONU;CİDE;NASUH;29 SOKAK;sokak;363462601
KASTAMONU;CİDE;NASUH;BAYRAM ASLAN SOKAK;sokak;256375
KASTAMONU;CİDE;NASUH;CIDE 8 SOKAK;sokak;470393910
KASTAMONU;CİDE;NASUH;CİDE 7 SOKAK;sokak;648941080
KASTAMONU;CİDE;NASUH;DOĞAN GÜREŞ SOKAK;sokak;506056
KASTAMONU;CİDE;NASUH;DUMANOĞLU SOKAK;sokak;513859
KASTAMONU;CİDE;NASUH;DURSUN KAPTAN SOKAK;sokak;568042891
KASTAMONU;CİDE;NASUH;ELMAS HANIM SOKAK;sokak;520761
KASTAMONU;CİDE;NASUH;EŞREF BİTLİS SOKAK;sokak;512804
KASTAMONU;CİDE;NASUH;FETHİ KAYABAL SOKAK;sokak;370881430
KASTAMONU;CİDE;NASUH;GÖKTEPE SOKAK;sokak;256376
KASTAMONU;CİDE;NASUH;HURŞIT DEMİR SOKAK;sokak;312303861
KASTAMONU;CİDE;NASUH;KAYMAKAM SUDİ KOCAİMAMOĞLU SOKAK;sokak;94624
KASTAMONU;CİDE;NASUH;MURAT YENİGÜN CADDE;cadde;256377
KASTAMONU;CİDE;NASUH;MÜEZZİNOĞLU SOKAK;sokak;256378
KASTAMONU;CİDE;NASUH;NASUHOĞULLARI SOKAK;sokak;256379
KASTAMONU;CİDE;NASUH;POSTACI MUSTAFA SOKAK;sokak;502096
KASTAMONU;CİDE;NASUH;RAMAZAN ÇALIM SOKAK;sokak;256382
KASTAMONU;CİDE;NASUH;RIZA BATUR SOKAK;sokak;525479
KASTAMONU;CİDE;NASUH;SALİM ALTIKULAÇ SOKAK;sokak;515670
KASTAMONU;CİDE;NASUH;SARAÇLI SOKAK;sokak;256380
KASTAMONU;CİDE;NASUH;SARI RECEP SOKAK;sokak;443812
KASTAMONU;CİDE;NASUH;ŞEHİT J.ER MURAT KALYONCU SOKAK;sokak;256383
KASTAMONU;CİDE;NASUH;ŞEKER AHMET SOKAK;sokak;40849
KASTAMONU;CİDE;OKÇULAR - KOKURDAN;KOKURDAN KÜME EVLER;sokak;473099
KASTAMONU;CİDE;OKÇULAR - OKÇULAR;OKÇULAR KÜME EVLER;sokak;473064
KASTAMONU;CİDE;OLUCAK - DEVELİ;DEVELİ KÜME EVLER;sokak;491335
KASTAMONU;CİDE;OLUCAK - KARABUDAKLAR;KARABUDAKLAR KÜME EVLER;sokak;491377
KASTAMONU;CİDE;OLUCAK - MERKEZ;MERKEZ KÜME EVLER;sokak;488558
KASTAMONU;CİDE;OLUCAK - ŞABAN;ŞABAN KÜME EVLER;sokak;500389
KASTAMONU;CİDE;ORTACA - DAHALLAR;DAHALLAR KÜME EVLER;sokak;546999
KASTAMONU;CİDE;ORTACA - HALLA;HALLA KÜME EVLER;sokak;547003
KASTAMONU;CİDE;ORTACA - MERKEZ;MERKEZ KÜME EVLER;sokak;546997
KASTAMONU;CİDE;OVACIK - DOĞRUCA;DOĞRUCA KÜME EVLER;sokak;491884
KASTAMONU;CİDE;OVACIK - NAMAZLI;NAMAZLI KÜME EVLER;sokak;490049
KASTAMONU;CİDE;OVACIK - OVACIK;OVACIK KÜME EVLER;sokak;492360
KASTAMONU;CİDE;ÖVEÇLER - ÇERÇİ;ÇERÇİ KÜME EVLER;sokak;489611
KASTAMONU;CİDE;ÖVEÇLER - ÖVEÇLER;ÖVEÇLER KÜME EVLER;sokak;491885
KASTAMONU;CİDE;ÖVEÇLER - TAŞOLUK;TAŞOLUK KÜME EVLER;sokak;493298
KASTAMONU;CİDE;PEHLİVANLI - AŞAĞI ALACA;AŞAĞI ALACA KÜME EVLER;sokak;348253
KASTAMONU;CİDE;PEHLİVANLI - PEHLİVANLI;PEHLİVANLI KÜME EVLER;sokak;478640
KASTAMONU;CİDE;PEHLİVANLI - YUKARI ALACA;YUKARI ALACA KÜME EVLER;sokak;481030
KASTAMONU;CİDE;SAKALLI - KIRAN;KIRAN KÜME EVLER;sokak;482740
KASTAMONU;CİDE;SAKALLI - SAKALLI;SAKALLI KÜME EVLER;sokak;475087
KASTAMONU;CİDE;SAKALLI - YALI;YALI KÜME EVLER;sokak;476883
KASTAMONU;CİDE;SIRAKAYA - AŞAĞI;AŞAĞI KÜME EVLER;sokak;488126
KASTAMONU;CİDE;SIRAKAYA - BEYKÖY;BEYKÖY KÜME EVLER;sokak;490056
KASTAMONU;CİDE;SIRAKAYA - KALAYCI-AŞAĞI;KALAYCIAŞAĞI KÜME EVLER;sokak;489046
KASTAMONU;CİDE;SIRAKAYA - YUKARI;YUKARI KÜME EVLER;sokak;487349
KASTAMONU;CİDE;SİPAHİ;AKSU SOKAK;sokak;485466
KASTAMONU;CİDE;SİPAHİ;ÇOLAK SOKAK;sokak;110145
KASTAMONU;CİDE;SİPAHİ;KEÇCİKÖY SOKAK;sokak;110137
KASTAMONU;CİDE;SİPAHİ;RIDVAN SOKAK;sokak;474403
KASTAMONU;CİDE;SİPAHİ;SİPAHİ SOKAK;sokak;476363
KASTAMONU;CİDE;SİPAHİ;TERZİ SOKAK;sokak;483643
KASTAMONU;CİDE;SİPAHİ;TOPÇU SOKAK;sokak;474405
KASTAMONU;CİDE;SİPAHİ;UZUNOĞLU SOKAK;sokak;482446
KASTAMONU;CİDE;SİPAHİ;VECIHI YÜCEL SOKAK;sokak;107817970
KASTAMONU;CİDE;SOFULAR;DERE SOKAK;sokak;486776
KASTAMONU;CİDE;SOFULAR;ELEKÇİBAĞ SOKAK;sokak;481398
KASTAMONU;CİDE;SOFULAR;HIDIR SOKAK;sokak;492464
KASTAMONU;CİDE;SOFULAR;İSLAMBEY SOKAK;sokak;492600
KASTAMONU;CİDE;SOFULAR;KODAK SOKAK;sokak;481387
KASTAMONU;CİDE;SOFULAR;SOLA SOKAK;sokak;486383
KASTAMONU;CİDE;SOĞUCAK - SOĞUCAK;SOĞUCAK KÜME EVLER;sokak;498581
KASTAMONU;CİDE;ŞENKÖY - SARIÇAM;SARIÇAM KÜME EVLER;sokak;489653
KASTAMONU;CİDE;ŞENKÖY - ŞENKÖY;ŞENKÖY KÜME EVLER;sokak;492402
KASTAMONU;CİDE;TARAKÇI;BUĞDAYCIK SOKAK;sokak;485992
KASTAMONU;CİDE;TARAKÇI;MUSLUBEY SOKAK;sokak;478478
KASTAMONU;CİDE;TARAKÇI;TARAKÇI SOKAK;sokak;485975
KASTAMONU;CİDE;TOYGARLI - KOLCA;KOLCA KÜME EVLER;sokak;488443
KASTAMONU;CİDE;TOYGARLI - MERKEZ;MERKEZ KÜME EVLER;sokak;487357
KASTAMONU;CİDE;TOYGARLI - SOĞUKSU;SOĞUKSU KÜME EVLER;sokak;490467
KASTAMONU;CİDE;TOYGARLI - TOYGARLI;TOYGARLI KÜME EVLER;sokak;1430483
KASTAMONU;CİDE;UĞURLU - KAYADİBİ;KAYADİBİ KÜME EVLER;sokak;480818
KASTAMONU;CİDE;UĞURLU - UĞURLU;UĞURLU KÜME EVLER;sokak;366846
KASTAMONU;CİDE;ÜÇAĞIL - ESENCE;ESENCE KÜME EVLER;sokak;487900
KASTAMONU;CİDE;ÜÇAĞIL - ONBAŞI;ONBAŞI KÜME EVLER;sokak;487899
KASTAMONU;CİDE;ÜÇAĞIL - TATLISU;TATLISU KÜME EVLER;sokak;493303
KASTAMONU;CİDE;ÜÇAĞIL - ÜÇAĞIL;ÜÇAĞIL KÜME EVLER;sokak;487859
KASTAMONU;CİDE;VELİOĞLU - ÇAKAL;ÇAKAL KÜME EVLER;sokak;479533
KASTAMONU;CİDE;VELİOĞLU - GEDİKOĞLU;GEDİKOĞLU KÜME EVLER;sokak;488907
KASTAMONU;CİDE;VELİOĞLU - KALAYCI;KALAYCI KÜME EVLER;sokak;492490
KASTAMONU;CİDE;VELİOĞLU - KELOĞLU;KELOĞLU KÜME EVLER;sokak;487094
KASTAMONU;CİDE;VELİOĞLU - MİDİLLİOĞLU;MİDİLLİOĞLU KÜME EVLER;sokak;491705
KASTAMONU;CİDE;VELİOĞLU - TEKEVELİ;TEKEVELİ KÜME EVLER;sokak;492182
KASTAMONU;CİDE;VELİOĞLU - VELİOĞLU;VELİOĞLU KÜME EVLER;sokak;486638
KASTAMONU;CİDE;YALÇINKÖY - KADIKÖY;KADIKÖY KÜME EVLER;sokak;543458
KASTAMONU;CİDE;YALÇINKÖY - MERKEZ;MERKEZ KÜME EVLER;sokak;545742
KASTAMONU;CİDE;YAYLAKÖY - AŞAĞIYAYLA;AŞAĞIYAYLA KÜME EVLER;sokak;498147
KASTAMONU;CİDE;YAYLAKÖY - CUMAYANI;CUMAYANI KÜME EVLER;sokak;487962
KASTAMONU;CİDE;YAYLAKÖY - KAHYALAR;KAHYALAR KÜME EVLER;sokak;497459
KASTAMONU;CİDE;YAYLAKÖY - YUKARIYAYLA;YUKARIYAYLA KÜME EVLER;sokak;496517
KASTAMONU;CİDE;YENİCE - AYDIN;AYDIN KÜME EVLER;sokak;490757
KASTAMONU;CİDE;YENİCE - GÖKSU;GÖKSU KÜME EVLER;sokak;479556
KASTAMONU;CİDE;YENİCE - HIDIR;HIDIR KÜME EVLER;sokak;484382
KASTAMONU;CİDE;YENİCE - PAPUÇÇU;PAPUÇCU KÜME EVLER;sokak;490861
KASTAMONU;CİDE;YENİKÖY - MERKEZ;MERKEZ KÜME EVLER;sokak;487904
KASTAMONU;CİDE;YENİKÖY - ÖTEGEÇE;ÖTEGEÇE KÜME EVLER;sokak;497232
KASTAMONU;CİDE;YILDIZALAN - ABSALAN;ABSALAN KÜME EVLER;sokak;481675
KASTAMONU;CİDE;YILDIZALAN - ÇINARLAR;ÇINARLAR KÜME EVLER;sokak;479970
KASTAMONU;CİDE;YILDIZALAN - GELÜNNE;GELÜNNE KÜME EVLER;sokak;481863
KASTAMONU;CİDE;YILDIZALAN - KADI;KADI KÜME EVLER;sokak;481792
KASTAMONU;CİDE;YILDIZALAN - YILDIZALAN;YILDIZALAN KÜME EVLER;sokak;491254
KASTAMONU;CİDE;YURTBAŞI - ERENCİK;ERENCİK KÜME EVLER;sokak;490876
KASTAMONU;CİDE;YURTBAŞI - KARDERE;KARDERE KÜME EVLER;sokak;115678
KASTAMONU;CİDE;YURTBAŞI - YURTBAŞI;YURTBAŞI KÜME EVLER;sokak;489946
KASTAMONU;ÇATALZEYTİN;ARICA - ABDULLAH;ABDULLAH KÜME EVLER;sokak;488898
KASTAMONU;ÇATALZEYTİN;ARICA - KALAFAT;KALAFAT KÜME EVLER;sokak;481579
KASTAMONU;ÇATALZEYTİN;ARICA - KAPAN;KAPAN KÜME EVLER;sokak;488892
KASTAMONU;ÇATALZEYTİN;ARICA - KIZILAĞAÇÇUKURU;KIZILAĞAÇÇUKURU KÜME EVLER;sokak;488893
KASTAMONU;ÇATALZEYTİN;ARICA - SAZAK;SAZAK KÜME EVLER;sokak;488894
KASTAMONU;ÇATALZEYTİN;ARICA - TAŞGELİK;TAŞGELİK KÜME EVLER;sokak;488896
KASTAMONU;ÇATALZEYTİN;ARICA - TOPÇU;TOPÇU KÜME EVLER;sokak;488897
KASTAMONU;ÇATALZEYTİN;ARICA - TÜLEK;TÜLEK KÜME EVLER;sokak;481219
KASTAMONU;ÇATALZEYTİN;ARICA - UZUNPOYRA;UZUNPOYRA KÜME EVLER;sokak;481218
KASTAMONU;ÇATALZEYTİN;AŞAĞISÖKÜ NA;KÖYÜN KENDİSİ KÜME EVLER;sokak;475805
KASTAMONU;ÇATALZEYTİN;CANLAR - AŞAĞI;AŞAĞI KÜME EVLER;sokak;490754
KASTAMONU;ÇATALZEYTİN;CANLAR - ORTA;ORTA KÜME EVLER;sokak;370617
KASTAMONU;ÇATALZEYTİN;CANLAR - YUKARI;YUKARI KÜME EVLER;sokak;27313
KASTAMONU;ÇATALZEYTİN;CELALLER - BARDAKLI;BARDAKLI KÜME EVLER;sokak;498979
KASTAMONU;ÇATALZEYTİN;CELALLER - ÇUKURCA;ÇUKURCA KÜME EVLER;sokak;492278
KASTAMONU;ÇATALZEYTİN;CELALLER - GÜNEŞLİ;GÜNEŞLİ KÜME EVLER;sokak;487712
KASTAMONU;ÇATALZEYTİN;CELALLER - MERKEZ;MERKEZ KÜME EVLER;sokak;489532
KASTAMONU;ÇATALZEYTİN;CELALLER - YAYLA;YAYLA KÜME EVLER;sokak;493593
KASTAMONU;ÇATALZEYTİN;ÇAĞLAR - ABLU;ABLU KÜME EVLER;sokak;492647
KASTAMONU;ÇATALZEYTİN;ÇAĞLAR - ÇAMLIK;ÇAMLIK KÜME EVLER;sokak;482049
KASTAMONU;ÇATALZEYTİN;ÇAĞLAR - DEMİRCİ;DEMİRCİ KÜME EVLER;sokak;489887
KASTAMONU;ÇATALZEYTİN;ÇAĞLAR - HATİP;HATİP KÜME EVLER;sokak;354328
KASTAMONU;ÇATALZEYTİN;ÇAĞLAR - KAYABAŞI;KAYABAŞI KÜME EVLER;sokak;486371
KASTAMONU;ÇATALZEYTİN;ÇAĞLAR - ORTA;ORTA KÜME EVLER;sokak;483098
KASTAMONU;ÇATALZEYTİN;ÇAĞLAR - ULU;ULU KÜME EVLER;sokak;487098
KASTAMONU;ÇATALZEYTİN;ÇATAK - ARKA YAYLASI;ARKA YAYLASI KÜME EVLER;sokak;489760
KASTAMONU;ÇATALZEYTİN;ÇATAK - BUTLAR;BUTLAR KÜME EVLER;sokak;486618
KASTAMONU;ÇATALZEYTİN;ÇATAK - ÇAYIR;ÇAYIR KÜME EVLER;sokak;486626
KASTAMONU;ÇATALZEYTİN;ÇATAK - DEĞİRMEN ÖNÜ;DEĞİRMENÖNÜ KÜME EVLER;sokak;487101
KASTAMONU;ÇATALZEYTİN;ÇATAK - FINDICAK;FINDICAK KÜME EVLER;sokak;482611
KASTAMONU;ÇATALZEYTİN;ÇATAK - GÜZLE;GÜZLE KÜME EVLER;sokak;366830
KASTAMONU;ÇATALZEYTİN;ÇATAK - HÖCEK;HÖCEK KÜME EVLER;sokak;486096
KASTAMONU;ÇATALZEYTİN;ÇATAK - KADIOĞLU;KADIOĞLU KÜME EVLER;sokak;491709
KASTAMONU;ÇATALZEYTİN;ÇATAK - KAYIŞÇIOĞLU;KAYIŞÇIOĞLU KÜME EVLER;sokak;21846
KASTAMONU;ÇATALZEYTİN;ÇATAK - KETE;KETE KÜME EVLER;sokak;487182
KASTAMONU;ÇATALZEYTİN;ÇATAK - KORU YAYLASI;KORU YAYLASI KÜME EVLER;sokak;482615
KASTAMONU;ÇATALZEYTİN;ÇATAK - YAYLAOLUĞU YAYLASI;YAYLAOĞLU YAYLASI KÜME EVLER;sokak;489758
KASTAMONU;ÇATALZEYTİN;ÇATAK - YENİ;YENİ KÜME EVLER;sokak;486085
KASTAMONU;ÇATALZEYTİN;ÇELEBİLER;AYVAZ 1 SOKAK;sokak;880025300
KASTAMONU;ÇATALZEYTİN;ÇELEBİLER;AYVAZ 2 SOKAK;sokak;268978191
KASTAMONU;ÇATALZEYTİN;ÇELEBİLER;AYVAZ 3 SOKAK;sokak;497947791
KASTAMONU;ÇATALZEYTİN;ÇELEBİLER;AYVAZ 5 SOKAK;sokak;896521681
KASTAMONU;ÇATALZEYTİN;ÇELEBİLER;AYVAZ SOKAK;sokak;443813
KASTAMONU;ÇATALZEYTİN;ÇELEBİLER;BEŞEVLER CADDE;cadde;280231171
KASTAMONU;ÇATALZEYTİN;ÇELEBİLER;ÇELEBİLER SOKAK;sokak;256387
KASTAMONU;ÇATALZEYTİN;ÇELEBİLER;DİDİ SOKAK;sokak;640927111
KASTAMONU;ÇATALZEYTİN;ÇELEBİLER;İMAMLAR SOKAK;sokak;16117715
KASTAMONU;ÇATALZEYTİN;ÇELEBİLER;KEMAL 1 SOKAK;sokak;843481350
KASTAMONU;ÇATALZEYTİN;ÇELEBİLER;KEMAL 2 SOKAK;sokak;186720970
KASTAMONU;ÇATALZEYTİN;ÇELEBİLER;KEMAL 3 SOKAK;sokak;372575400
KASTAMONU;ÇATALZEYTİN;ÇELEBİLER;KEMAL SOKAK;sokak;256384
KASTAMONU;ÇATALZEYTİN;ÇELEBİLER;MUSAFAKA SOKAK;sokak;256385
KASTAMONU;ÇATALZEYTİN;ÇELEBİLER;NUHLAR 2. SOKAK;sokak;289824780
KASTAMONU;ÇATALZEYTİN;ÇELEBİLER;SALİHAĞA 1 SOKAK;sokak;319867220
KASTAMONU;ÇATALZEYTİN;ÇELEBİLER;SALİHAĞA 2 SOKAK;sokak;374916440
KASTAMONU;ÇATALZEYTİN;ÇELEBİLER;SALİHAĞA SOKAK;sokak;256386
KASTAMONU;ÇATALZEYTİN;ÇELEBİLER;YENİ SANAYİ SİTESİ 2.KISIM 1. SOKAK;sokak;412829061
KASTAMONU;ÇATALZEYTİN;ÇELEBİLER;YENİ SANAYİ SİTESİ 2.KISIM 2. SOKAK;sokak;358663670
KASTAMONU;ÇATALZEYTİN;ÇELEBİLER;YENİ SANAYİ SİTESİ 2.KISIM 3. SOKAK;sokak;200763781
KASTAMONU;ÇATALZEYTİN;ÇELEBİLER;YENİ SANAYİ SİTESİ 2.KISIM 4. SOKAK;sokak;626730251
KASTAMONU;ÇATALZEYTİN;ÇELEBİLER;YENİ SANAYİ SİTESİ 2.KISIM 5. SOKAK;sokak;100723460
KASTAMONU;ÇATALZEYTİN;ÇELEBİLER;YENİ SANAYİ SİTESİ 2.KISIM 6. SOKAK;sokak;656652911
KASTAMONU;ÇATALZEYTİN;ÇELEBİLER;YENİ SANAYİ SİTESİ 2.KISIM 7. SOKAK;sokak;658692651
KASTAMONU;ÇATALZEYTİN;ÇELEBİLER;YENİ SANAYİ SİTESİ 2.KISIM CADDE;cadde;1346029
KASTAMONU;ÇATALZEYTİN;ÇEPNİ - EPÇELİ;EPÇELİ KÜME EVLER;sokak;497221
KASTAMONU;ÇATALZEYTİN;ÇEPNİ - KESECİK;KESECİK KÜME EVLER;sokak;498591
KASTAMONU;ÇATALZEYTİN;ÇEPNİ - MERKEZ TAŞÇI;ÇEPNİ KÜME EVLER;sokak;496867
KASTAMONU;ÇATALZEYTİN;ÇEPNİ - MISIRLIK;MISIRLIK KÜME EVLER;sokak;815619
KASTAMONU;ÇATALZEYTİN;ÇEPNİ - OSMANOĞLU;OSMANOĞLU KÜME EVLER;sokak;504171
KASTAMONU;ÇATALZEYTİN;ÇEPNİ - SİFAN;SİFAN KÜME EVLER;sokak;498631
KASTAMONU;ÇATALZEYTİN;ÇUBUKLU - MERKEZ;MERKEZ KÜME EVLER;sokak;356382
KASTAMONU;ÇATALZEYTİN;ÇUBUKLU - ULUGÜNEY;ULUGÜNEY KÜME EVLER;sokak;492118
KASTAMONU;ÇATALZEYTİN;DAĞKÖY NA;KÖYÜN KENDİSİ KÜME EVLER;sokak;496901
KASTAMONU;ÇATALZEYTİN;DOĞANKÖY - KAYABAŞI;KAYABAŞI KÜME EVLER;sokak;479785
KASTAMONU;ÇATALZEYTİN;DOĞANKÖY - MERKEZ;MERKEZ KÜME EVLER;sokak;473012
KASTAMONU;ÇATALZEYTİN;DURAN - BAŞSÖKÜ;BAŞSÖKÜ KÜME EVLER;sokak;496484
KASTAMONU;ÇATALZEYTİN;DURAN - ÇİFTLİK;ÇİFTLİK KÜME EVLER;sokak;523896
KASTAMONU;ÇATALZEYTİN;DURAN - GEDİKOĞLU;GEDİKOĞLU KÜME EVLER;sokak;496041
KASTAMONU;ÇATALZEYTİN;DURAN - GÖLLER;GÖLLER KÜME EVLER;sokak;36436
KASTAMONU;ÇATALZEYTİN;DURAN - KEPEK;KEPEK KÜME EVLER;sokak;498778
KASTAMONU;ÇATALZEYTİN;DURAN - MERKEZ;MERKEZ KÜME EVLER;sokak;505106
KASTAMONU;ÇATALZEYTİN;DURAN - SÖĞÜÇLER;SÖĞÜÇLER KÜME EVLER;sokak;496097
KASTAMONU;ÇATALZEYTİN;EPÇELER - ÇERÇİ;ÇERÇİ KÜME EVLER;sokak;507854
KASTAMONU;ÇATALZEYTİN;EPÇELER - KAYABAŞI;KAYABAŞI KÜME EVLER;sokak;494571
KASTAMONU;ÇATALZEYTİN;EPÇELER - KILAVUZLAR;KILAVUZLAR KÜME EVLER;sokak;498204
KASTAMONU;ÇATALZEYTİN;EPÇELER - KİRAZBAĞI;KİRAZBAĞI KÜME EVLER;sokak;494299
KASTAMONU;ÇATALZEYTİN;EPÇELER - MERKEZ;MERKEZ KÜME EVLER;sokak;487360
KASTAMONU;ÇATALZEYTİN;EPÇELER - ORTA;ORTA KÜME EVLER;sokak;494195
KASTAMONU;ÇATALZEYTİN;EPÇELER - ŞİŞMANLAR;ŞİŞMANLAR KÜME EVLER;sokak;494192
KASTAMONU;ÇATALZEYTİN;FINDIKLI - KARADAĞLI;KARADAĞLI KÜME EVLER;sokak;479189
KASTAMONU;ÇATALZEYTİN;FINDIKLI - MERKEZ;MERKEZ KÜME EVLER;sokak;479181
KASTAMONU;ÇATALZEYTİN;GÜNEŞLER - BEKİRLER;BEKİRLER KÜME EVLER;sokak;487982
KASTAMONU;ÇATALZEYTİN;GÜNEŞLER - FİTİLLİK;FİTİLLİK KÜME EVLER;sokak;487999
KASTAMONU;ÇATALZEYTİN;GÜNEŞLER - MERKEZ;MERKEZ KÜME EVLER;sokak;493554
KASTAMONU;ÇATALZEYTİN;GÜNEŞLER - YENİKÖY;YENİKÖY KÜME EVLER;sokak;488015
KASTAMONU;ÇATALZEYTİN;HACIREİS - AYI KOVDUK;AYI KOVDUK KÜME EVLER;sokak;487671
KASTAMONU;ÇATALZEYTİN;HACIREİS - BEREKET;BEREKET KÜME EVLER;sokak;495728
KASTAMONU;ÇATALZEYTİN;HACIREİS - CELAL;CELAL KÜME EVLER;sokak;497095
KASTAMONU;ÇATALZEYTİN;HACIREİS - ÇÖREKÇİ;ÇÖREKÇİ KÜME EVLER;sokak;482155
KASTAMONU;ÇATALZEYTİN;HACIREİS - İTOĞLU;İTOĞLU KÜME EVLER;sokak;23747
KASTAMONU;ÇATALZEYTİN;HACIREİS - KIRLANGIÇ;KIRLANGIÇ KÜME EVLER;sokak;497071
KASTAMONU;ÇATALZEYTİN;HACIREİS - MERKEZ;MERKEZ KÜME EVLER;sokak;486057
KASTAMONU;ÇATALZEYTİN;HACIREİS - OSMAN;OSMAN KÜME EVLER;sokak;489218
KASTAMONU;ÇATALZEYTİN;HACIREİS - SOMAYLI YURDU;SOMAYLI YURDU KÜME EVLER;sokak;493116
KASTAMONU;ÇATALZEYTİN;HACIREİS - SOYICAK;SOYICAK KÜME EVLER;sokak;487667
KASTAMONU;ÇATALZEYTİN;HACIREİS - TÜFEKÇİ;TÜFEKÇİ KÜME EVLER;sokak;497077
KASTAMONU;ÇATALZEYTİN;HACIREİSSÖKÜ - BOSTANCI;BOSTANCI KÜME EVLER;sokak;489455
KASTAMONU;ÇATALZEYTİN;HACIREİSSÖKÜ - EMECEN;EMECEN KÜME EVLER;sokak;485325
KASTAMONU;ÇATALZEYTİN;HACIREİSSÖKÜ - GAFAR;GAFAR KÜME EVLER;sokak;480378
KASTAMONU;ÇATALZEYTİN;HACIREİSSÖKÜ - KALAÇ;KALAÇ KÜME EVLER;sokak;480952
KASTAMONU;ÇATALZEYTİN;HACIREİSSÖKÜ - SAATÇİ;SAATÇİ KÜME EVLER;sokak;489457
KASTAMONU;ÇATALZEYTİN;HACIREİSSÖKÜ - SUMAYLI YURDU;SUMAYLI YURDU KÜME EVLER;sokak;489458
KASTAMONU;ÇATALZEYTİN;HAMİDİYE - AT MEYDANI;AT MEYDANI KÜME EVLER;sokak;479002
KASTAMONU;ÇATALZEYTİN;HAMİDİYE - KABALAK DÜZÜ;KABALAK DÜZÜ KÜME EVLER;sokak;473518
KASTAMONU;ÇATALZEYTİN;HAMİDİYE - KATİP;KATİP KÜME EVLER;sokak;474323
KASTAMONU;ÇATALZEYTİN;HAMİDİYE - MEYDANCIK;MEYDANCIK KÜME EVLER;sokak;85042
KASTAMONU;ÇATALZEYTİN;İSMAİLKÖY - ALAHASAN;ALAHASAN KÜME EVLER;sokak;484847
KASTAMONU;ÇATALZEYTİN;İSMAİLKÖY - BÜYÜKDÜZ;BÜYÜKDÜZ KÜME EVLER;sokak;484473
KASTAMONU;ÇATALZEYTİN;İSMAİLKÖY - KADI;KADI KÜME EVLER;sokak;479551
KASTAMONU;ÇATALZEYTİN;İSMAİLKÖY - KESNECİOĞLU;KESTANECİOĞLU KÜME EVLER;sokak;486268
KASTAMONU;ÇATALZEYTİN;İSMAİLKÖY - MERKEZ;MERKEZ KÜME EVLER;sokak;486092
KASTAMONU;ÇATALZEYTİN;İSMAİLKÖY - ÖZLÜ;ÖZLÜ KÜME EVLER;sokak;349944
KASTAMONU;ÇATALZEYTİN;KARACAKAYA - ALI;ALI KÜME EVLER;sokak;494286
KASTAMONU;ÇATALZEYTİN;KARACAKAYA - CAMİ YANI;CAMİ YANI KÜME EVLER;sokak;498605
KASTAMONU;ÇATALZEYTİN;KARACAKAYA - CEBECİ;CEBECİ KÜME EVLER;sokak;496284
KASTAMONU;ÇATALZEYTİN;KARACAKAYA - GÜNEY;GÜNEY KÜME EVLER;sokak;497064
KASTAMONU;ÇATALZEYTİN;KARACAKAYA - HASANPAŞA;HASANPAŞA KÜME EVLER;sokak;496287
KASTAMONU;ÇATALZEYTİN;KARACAKAYA - İTOĞLU YAYLASI;İTOĞLU YAYLASI KÜME EVLER;sokak;496528
KASTAMONU;ÇATALZEYTİN;KARACAKAYA - KAMBUROĞLU;KAMBUROĞLU KÜME EVLER;sokak;496289
KASTAMONU;ÇATALZEYTİN;KARACAKAYA - KAYA;KAYA KÜME EVLER;sokak;498597
KASTAMONU;ÇATALZEYTİN;KARACAKAYA - KÜÇÜKYATAK YAYLASI;KÜÇÜKYATAK YAYLASI KÜME EVLER;sokak;488549
KASTAMONU;ÇATALZEYTİN;KARACAKAYA - KÜTÜKCÜ;KÜTÜKCÜ KÜME EVLER;sokak;495599
KASTAMONU;ÇATALZEYTİN;KARACAKAYA - MURAT;MURAT KÜME EVLER;sokak;488202
KASTAMONU;ÇATALZEYTİN;KARACAKAYA - OBRUK;OBRUK KÜME EVLER;sokak;495603
KASTAMONU;ÇATALZEYTİN;KARACAKAYA - SUÇATI;SUÇATI KÜME EVLER;sokak;493925
KASTAMONU;ÇATALZEYTİN;KARACAKAYA - TEPE YAYLA;TEPE YAYLA KÜME EVLER;sokak;488877
KASTAMONU;ÇATALZEYTİN;KARACAKAYA - TÜCCAR;TÜCCAR KÜME EVLER;sokak;498598
KASTAMONU;ÇATALZEYTİN;KARACAKAYA - YUSUF;YUSUF KÜME EVLER;sokak;488552
KASTAMONU;ÇATALZEYTİN;KAŞLICA - MERKEZ;MERKEZ KÜME EVLER;sokak;490024
KASTAMONU;ÇATALZEYTİN;KAŞLICA - ÜÇEVLER;ÜÇEVLER KÜME EVLER;sokak;319316
KASTAMONU;ÇATALZEYTİN;KAVAKLI - ES KÖPRÜCEK;ES KÖPRÜCEK KÜME EVLER;sokak;499464
KASTAMONU;ÇATALZEYTİN;KAVAKLI - ESKİ BOSTAN;ESKİ BOSTAN KÜME EVLER;sokak;499473
KASTAMONU;ÇATALZEYTİN;KAVAKLI - KÖPRÜCEK;KÖPRÜCEK KÜME EVLER;sokak;487276
KASTAMONU;ÇATALZEYTİN;KAVAKLI - MERKEZ;MERKEZ KÜME EVLER;sokak;352387
KASTAMONU;ÇATALZEYTİN;KAVAKLI - SÖĞÜŞLER;SÖĞÜŞLER KÜME EVLER;sokak;487300
KASTAMONU;ÇATALZEYTİN;KAVAKÖREN - CİNCİOĞLU;CİNCİOĞLU KÜME EVLER;sokak;347677
KASTAMONU;ÇATALZEYTİN;KAVAKÖREN - DANGALAK;DANGALAK KÜME EVLER;sokak;371948
KASTAMONU;ÇATALZEYTİN;KAVAKÖREN - DÜZMAMLAY;DÜZMAMLAY KÜME EVLER;sokak;371943
KASTAMONU;ÇATALZEYTİN;KAVAKÖREN - FEVZİOĞLU;FEVZİOĞLU KÜME EVLER;sokak;352368
KASTAMONU;ÇATALZEYTİN;KAVAKÖREN - HÜSEYİNLER;HÜSEYİNLER KÜME EVLER;sokak;354617
KASTAMONU;ÇATALZEYTİN;KAVAKÖREN - MIDANOĞLU;MIDANOĞLU KÜME EVLER;sokak;347680
KASTAMONU;ÇATALZEYTİN;KAVAKÖREN - TOPÇUOĞLU;TOPÇUOĞLU KÜME EVLER;sokak;31379
KASTAMONU;ÇATALZEYTİN;KAYADİBİ - CULLAR;CULLAR KÜME EVLER;sokak;498970
KASTAMONU;ÇATALZEYTİN;KAYADİBİ - DÜZKÖY;DÜZKÖY KÜME EVLER;sokak;491337
KASTAMONU;ÇATALZEYTİN;KAYADİBİ - EMİRLER;EMİRLER KÜME EVLER;sokak;488629
KASTAMONU;ÇATALZEYTİN;KAYADİBİ - KARAMANLAR;KARAMANLAR KÜME EVLER;sokak;490853
KASTAMONU;ÇATALZEYTİN;KAYADİBİ - MERKEZ;MERKEZ KÜME EVLER;sokak;491308
KASTAMONU;ÇATALZEYTİN;KAYMAZLAR - AKGÜN;AKGÜN KÜME EVLER;sokak;481377
KASTAMONU;ÇATALZEYTİN;KAYMAZLAR - DUMANLAR;DUMANLAR KÜME EVLER;sokak;490832
KASTAMONU;ÇATALZEYTİN;KAYMAZLAR - MERKEZ;MERKEZ KÜME EVLER;sokak;483980
KASTAMONU;ÇATALZEYTİN;KAYMAZLAR - TERZİLER;TERZİLER KÜME EVLER;sokak;481381
KASTAMONU;ÇATALZEYTİN;KIZILCAKAYA - BAĞLARBAŞI;BAĞLARBAŞI KÜME EVLER;sokak;504632
KASTAMONU;ÇATALZEYTİN;KIZILCAKAYA - GÖLHARMANI;GÖLHARMANI KÜME EVLER;sokak;319311
KASTAMONU;ÇATALZEYTİN;KIZILCAKAYA - HASANLAR;HASANLAR KÜME EVLER;sokak;319307
KASTAMONU;ÇATALZEYTİN;KIZILCAKAYA - MERKEZ;MERKEZ KÜME EVLER;sokak;494288
KASTAMONU;ÇATALZEYTİN;KIZILCAKAYA - TİLHAN;TİLHAN KÜME EVLER;sokak;500598
KASTAMONU;ÇATALZEYTİN;KIZILCAKAYA - TÜĞMEN;TÜĞMEN KÜME EVLER;sokak;319288
KASTAMONU;ÇATALZEYTİN;KİRAZLI - DOĞAN YUVASI;DOĞAN YUVASI KÜME EVLER;sokak;495979
KASTAMONU;ÇATALZEYTİN;KİRAZLI - KAPLAK;KAPLAK KÜME EVLER;sokak;500117
KASTAMONU;ÇATALZEYTİN;KİRAZLI - ORTA;ORTA KÜME EVLER;sokak;500118
KASTAMONU;ÇATALZEYTİN;KİRAZLI - PAZAR YERİ;PAZAR YERİ KÜME EVLER;sokak;495980
KASTAMONU;ÇATALZEYTİN;KONAKLI - GİNOLU;DOĞAN MEVKİİ SOKAK;sokak;937585
KASTAMONU;ÇATALZEYTİN;KONAKLI - GİNOLU;GİNOLU_1 KÜME EVLER;sokak;485310
KASTAMONU;ÇATALZEYTİN;KONAKLI - KARAPINAR;KARAPINAR KÜME EVLER;sokak;482875
KASTAMONU;ÇATALZEYTİN;KONAKLI - MERKEZ;MERKEZ KÜME EVLER;sokak;484097
KASTAMONU;ÇATALZEYTİN;KOZSÖKÜ - KIVILLAR;KIVILLAR KÜME EVLER;sokak;489719
KASTAMONU;ÇATALZEYTİN;KOZSÖKÜ - MERKEZ;KUZSÖKÜ KÜME EVLER;sokak;489710
KASTAMONU;ÇATALZEYTİN;KOZSÖKÜ - MURAT;MURAT KÜME EVLER;sokak;492037
KASTAMONU;ÇATALZEYTİN;KÖKLÜCE - AYBARLAR;AYBARLAR KÜME EVLER;sokak;489834
KASTAMONU;ÇATALZEYTİN;KÖKLÜCE - DEMİRCİ;DEMİRCİ KÜME EVLER;sokak;481847
KASTAMONU;ÇATALZEYTİN;KÖKLÜCE - DEMİRCİOĞLU;DEMİRCİOĞLU KÜME EVLER;sokak;485632
KASTAMONU;ÇATALZEYTİN;KÖKLÜCE - UZUNOĞLU;UZUNOĞLU KÜME EVLER;sokak;481695
KASTAMONU;ÇATALZEYTİN;KÖKLÜCE - YENİ;YENİ KÜME EVLER;sokak;481844
KASTAMONU;ÇATALZEYTİN;KÖKLÜCE - YUMRU;YUMRU KÜME EVLER;sokak;483486
KASTAMONU;ÇATALZEYTİN;KUĞUKÖY - AŞAĞI;AŞAĞI KÜME EVLER;sokak;481237
KASTAMONU;ÇATALZEYTİN;KUĞUKÖY - ÇİFTLİK;ÇİFTLİK KÜME EVLER;sokak;366847
KASTAMONU;ÇATALZEYTİN;KUĞUKÖY - YUKARI;YUKARI KÜME EVLER;sokak;482679
KASTAMONU;ÇATALZEYTİN;KULFALLAR NA;KÖYÜN KENDİSİ KÜME EVLER;sokak;485518
KASTAMONU;ÇATALZEYTİN;MERKEZ;1.SK. SOKAK;sokak;256388
KASTAMONU;ÇATALZEYTİN;MERKEZ;10.SK SOKAK;sokak;1352647
KASTAMONU;ÇATALZEYTİN;MERKEZ;11.SK SOKAK;sokak;1352649
KASTAMONU;ÇATALZEYTİN;MERKEZ;2.SK. SOKAK;sokak;256389
KASTAMONU;ÇATALZEYTİN;MERKEZ;3.SK SOKAK;sokak;258001
KASTAMONU;ÇATALZEYTİN;MERKEZ;4.SK SOKAK;sokak;256390
KASTAMONU;ÇATALZEYTİN;MERKEZ;5.SK. SOKAK;sokak;257997
KASTAMONU;ÇATALZEYTİN;MERKEZ;6.SK. SOKAK;sokak;258002
KASTAMONU;ÇATALZEYTİN;MERKEZ;7.SK. SOKAK;sokak;257998
KASTAMONU;ÇATALZEYTİN;MERKEZ;8.SK. SOKAK;sokak;257999
KASTAMONU;ÇATALZEYTİN;MERKEZ;9.SK SOKAK;sokak;1352645
KASTAMONU;ÇATALZEYTİN;MERKEZ;AKYOL 1 SOKAK;sokak;345520590
KASTAMONU;ÇATALZEYTİN;MERKEZ;AKYOL SOKAK;sokak;256392
KASTAMONU;ÇATALZEYTİN;MERKEZ;ALİ KÜTÜK CADDE;cadde;81508251
KASTAMONU;ÇATALZEYTİN;MERKEZ;ALPEREN UĞUR BOZKURT 2 SOKAK;sokak;769162530
KASTAMONU;ÇATALZEYTİN;MERKEZ;ALPEREN UĞUR BOZKURT SOKAK;sokak;506691180
KASTAMONU;ÇATALZEYTİN;MERKEZ;ATATÜRK BULVAR;sokak;443815
KASTAMONU;ÇATALZEYTİN;MERKEZ;BAKACAK SOKAK;sokak;443814
KASTAMONU;ÇATALZEYTİN;MERKEZ;BARBAROS 1. SOKAK;sokak;637483130
KASTAMONU;ÇATALZEYTİN;MERKEZ;BARBAROS SOKAK;sokak;256393
KASTAMONU;ÇATALZEYTİN;MERKEZ;BAYRAM AYDIN SOKAK;sokak;139989840
KASTAMONU;ÇATALZEYTİN;MERKEZ;BEŞEVLER CADDE;cadde;256394
KASTAMONU;ÇATALZEYTİN;MERKEZ;CAMİI BULVAR;sokak;256395
KASTAMONU;ÇATALZEYTİN;MERKEZ;CUMHURİYET MEYDAN;sokak;257661
KASTAMONU;ÇATALZEYTİN;MERKEZ;ÇEŞME SOKAK;sokak;258000
KASTAMONU;ÇATALZEYTİN;MERKEZ;ÇINAR SOKAK;sokak;443819
KASTAMONU;ÇATALZEYTİN;MERKEZ;ÇİMENLİK SOKAK;sokak;257672
KASTAMONU;ÇATALZEYTİN;MERKEZ;DİDİ 1 SOKAK;sokak;658683330
KASTAMONU;ÇATALZEYTİN;MERKEZ;DİDİ SOKAK;sokak;443816
KASTAMONU;ÇATALZEYTİN;MERKEZ;GİNOLU CADDE;cadde;257662
KASTAMONU;ÇATALZEYTİN;MERKEZ;HACI OSMAN SOKAK;sokak;257663
KASTAMONU;ÇATALZEYTİN;MERKEZ;HALİÇİ SOKAK;sokak;257664
KASTAMONU;ÇATALZEYTİN;MERKEZ;HAMAM SOKAK;sokak;257665
KASTAMONU;ÇATALZEYTİN;MERKEZ;HARUN ÜNLÜ SOKAK;sokak;718712710
KASTAMONU;ÇATALZEYTİN;MERKEZ;HASTANE SOKAK;sokak;1347043
KASTAMONU;ÇATALZEYTİN;MERKEZ;HÜSEYİN AVNİ İNCE 1. SOKAK;sokak;583845380
KASTAMONU;ÇATALZEYTİN;MERKEZ;HÜSEYİN AVNİ İNCE CADDE;cadde;443817
KASTAMONU;ÇATALZEYTİN;MERKEZ;İMAMLAR 1 SOKAK;sokak;589944920
KASTAMONU;ÇATALZEYTİN;MERKEZ;İMAMLAR 2 SOKAK;sokak;214118630
KASTAMONU;ÇATALZEYTİN;MERKEZ;İMAMLAR SOKAK;sokak;257673
KASTAMONU;ÇATALZEYTİN;MERKEZ;İSTİKBAL CADDE;cadde;257674
KASTAMONU;ÇATALZEYTİN;MERKEZ;KENAN ACAR SOKAK;sokak;486197870
KASTAMONU;ÇATALZEYTİN;MERKEZ;KULAKSIZLAR SOKAK;sokak;257666
KASTAMONU;ÇATALZEYTİN;MERKEZ;MEHMET DEMİREL SOKAK;sokak;186654970
KASTAMONU;ÇATALZEYTİN;MERKEZ;MEHMET ÜNLÜ CADDE;cadde;70093539
KASTAMONU;ÇATALZEYTİN;MERKEZ;NUHLAR 1. SOKAK;sokak;419108110
KASTAMONU;ÇATALZEYTİN;MERKEZ;NUHLAR 2. SOKAK;sokak;289824781
KASTAMONU;ÇATALZEYTİN;MERKEZ;NUHLAR CADDE;cadde;257667
KASTAMONU;ÇATALZEYTİN;MERKEZ;SEYFETTİN KARAHAN CADDE;cadde;257668
KASTAMONU;ÇATALZEYTİN;MERKEZ;SİTE SOKAK;sokak;257669
KASTAMONU;ÇATALZEYTİN;MERKEZ;ŞEHIT HASAN ÖZDEMIR SOKAK;sokak;786322541
KASTAMONU;ÇATALZEYTİN;MERKEZ;ŞEHİT MEHMET SERKAN MEŞE 1 SOKAK;sokak;443820
KASTAMONU;ÇATALZEYTİN;MERKEZ;ŞEHİT MEHMET SERKAN MEŞE 2 SOKAK;sokak;1352655
KASTAMONU;ÇATALZEYTİN;MERKEZ;TOKİ1 SOKAK;sokak;138175801
KASTAMONU;ÇATALZEYTİN;MERKEZ;TOPÇU SOKAK;sokak;443818
KASTAMONU;ÇATALZEYTİN;MERKEZ;TÜRBE SOKAK;sokak;478549
KASTAMONU;ÇATALZEYTİN;MERKEZ;YENİ EVLER SOKAK;sokak;257670
KASTAMONU;ÇATALZEYTİN;MERKEZ;YENİ SANAYİ SİTESİ CADDE;cadde;257671
KASTAMONU;ÇATALZEYTİN;MERKEZ;ZEYTİN SOKAK;sokak;258003
KASTAMONU;ÇATALZEYTİN;PAŞALI - BALCI KÜME;BALCI KÜME KÜME EVLER;sokak;505068
KASTAMONU;ÇATALZEYTİN;PAŞALI - DEMİROĞLU;DEMİROĞLU KÜME EVLER;sokak;495189
KASTAMONU;ÇATALZEYTİN;PAŞALI - HATİPOĞLU;HATİPOĞLU KÜME EVLER;sokak;503613
KASTAMONU;ÇATALZEYTİN;PAŞALI - KADIKÖY;KADIKÖY KÜME EVLER;sokak;494671
KASTAMONU;ÇATALZEYTİN;PAŞALI - KADIOĞLU KÜME;KADIOĞLU KÜME KÜME EVLER;sokak;505073
KASTAMONU;ÇATALZEYTİN;PAŞALI - KAYAALTI KÜME;KAYAALTI KÜME KÜME EVLER;sokak;505036
KASTAMONU;ÇATALZEYTİN;PAŞALI - MUSTAFAOĞLU;MUSTAFAOĞLU KÜME EVLER;sokak;504074
KASTAMONU;ÇATALZEYTİN;PAŞALI - PAŞAOĞLU;PAŞAOĞLU KÜME EVLER;sokak;500650
KASTAMONU;ÇATALZEYTİN;PAŞALI - PATLADUN;PATLADUN KÜME EVLER;sokak;89290
KASTAMONU;ÇATALZEYTİN;PAŞALI - USTAOĞLU;USTAOĞLU KÜME EVLER;sokak;495179
KASTAMONU;ÇATALZEYTİN;PAŞALI - YABU KÜME;YABU KÜME KÜME EVLER;sokak;505051
KASTAMONU;ÇATALZEYTİN;PİRİ - PÜR;PÜR KÜME EVLER;sokak;356390
KASTAMONU;ÇATALZEYTİN;PİRİ - SAYDAŞ;AHMETAĞA KÜME EVLER;sokak;468471
KASTAMONU;ÇATALZEYTİN;PİRİ - SAYDAŞ;ÇÖREKÇİOĞLU KÜME EVLER;sokak;468469
KASTAMONU;ÇATALZEYTİN;PİRİ - ŞABAN;ŞABAN KÜME EVLER;sokak;356395
KASTAMONU;ÇATALZEYTİN;SAMANCI - KAPIKAYA;KAPIKAYA KÜME EVLER;sokak;23150
KASTAMONU;ÇATALZEYTİN;SAMANCI - MERKEZ;MERKEZ KÜME EVLER;sokak;476435
KASTAMONU;ÇATALZEYTİN;SAMANCI - ULUCUK;ULUCUK KÜME EVLER;sokak;473977
KASTAMONU;ÇATALZEYTİN;SARAÇLAR - AKGÜN;AKGÜN KÜME EVLER;sokak;473537
KASTAMONU;ÇATALZEYTİN;SARAÇLAR - ÇIKIŞLAR;ÇIKIŞLAR KÜME EVLER;sokak;475972
KASTAMONU;ÇATALZEYTİN;SARAÇLAR - KARA SARMAŞIK;KARA SARMAŞIK KÜME EVLER;sokak;276157
KASTAMONU;ÇATALZEYTİN;SARAÇLAR - KÖROĞLU;KÖROĞLU KÜME EVLER;sokak;474407
KASTAMONU;ÇATALZEYTİN;SARAÇLAR - MERKEZ;MERKEZ KÜME EVLER;sokak;480674
KASTAMONU;ÇATALZEYTİN;SARAÇLAR - OBRUK;OBRUK KÜME EVLER;sokak;477986
KASTAMONU;ÇATALZEYTİN;SIRAKONAK - GÜNEYLER;GÜNEYLER KÜME EVLER;sokak;487162
KASTAMONU;ÇATALZEYTİN;SIRAKONAK - GÜNEYOĞLU;GÜNEYOĞLU KÜME EVLER;sokak;493341
KASTAMONU;ÇATALZEYTİN;SIRAKONAK - MERKEZ;MERKEZ KÜME EVLER;sokak;493409
KASTAMONU;ÇATALZEYTİN;SIRAKONAK - TOPRAKÇIOĞLU;TOPRAKÇIOĞLU KÜME EVLER;sokak;491985
KASTAMONU;ÇATALZEYTİN;SIRAKONAK - YAYLA GAVUR PINARI;YAYLA GAVUR PINARI KÜME EVLER;sokak;491986
KASTAMONU;ÇATALZEYTİN;SIRAKONAK - YAZICIOĞLU;YAZICIOĞLU KÜME EVLER;sokak;493344
KASTAMONU;ÇATALZEYTİN;SÖKÜ - BEŞEVLER;BEŞEVLER KÜME EVLER;sokak;110125
KASTAMONU;ÇATALZEYTİN;SÖKÜ - ÇUKURSÖKÜ;ÇUKURSÖKÜ KÜME EVLER;sokak;485416
KASTAMONU;ÇATALZEYTİN;SÖKÜ - KUZ;KUZ KÜME EVLER;sokak;110149
KASTAMONU;ÇATALZEYTİN;SÖKÜ - MAHMUT;MAHMUT KÜME EVLER;sokak;482748
KASTAMONU;ÇATALZEYTİN;SÖKÜ - MERKEZ;MERKEZ KÜME EVLER;sokak;482293
KASTAMONU;ÇATALZEYTİN;SÖKÜ - URLUCA;URLUCA KÜME EVLER;sokak;482790
KASTAMONU;ÇATALZEYTİN;YEMİŞLİ - GÜMÜŞOĞLU;GÜMÜŞOĞLU KÜME EVLER;sokak;485993
KASTAMONU;ÇATALZEYTİN;YEMİŞLİ - MERKEZ;MERKEZ KÜME EVLER;sokak;485514
KASTAMONU;ÇATALZEYTİN;YEMİŞLİ - MOLLAHASAN;MOLLAHASAN KÜME EVLER;sokak;474397
KASTAMONU;ÇATALZEYTİN;YEMİŞLİ - SAĞ;SAĞ KÜME EVLER;sokak;478568
KASTAMONU;ÇATALZEYTİN;YENİBEYLER - GÜNEYSÖKÜ;GÜNEYSÖKÜ KÜME EVLER;sokak;480391
KASTAMONU;ÇATALZEYTİN;YENİBEYLER - MASUTLAR;MASUTLAR KÜME EVLER;sokak;490398
KASTAMONU;ÇATALZEYTİN;YENİBEYLER - MERKEZ;MERKEZ KÜME EVLER;sokak;482653
KASTAMONU;ÇATALZEYTİN;YENİBEYLER - YUKARIGÜNEYSÖKÜ;YUKARI GÜNEYSÖKÜ KÜME EVLER;sokak;484875
KASTAMONU;ÇATALZEYTİN;YUKARISÖKÜ - ASMAKOZ;ASMAKOZ KÜME EVLER;sokak;28986
KASTAMONU;ÇATALZEYTİN;YUKARISÖKÜ - KADILAR YAYLASI;KADILAR YAYLASI KÜME EVLER;sokak;491077
KASTAMONU;ÇATALZEYTİN;YUKARISÖKÜ - MERKEZ;MERKEZ KÜME EVLER;sokak;482769
KASTAMONU;ÇATALZEYTİN;YUKARISÖKÜ - TARAKÇILAR;TARAKÇILAR KÜME EVLER;sokak;353280
KASTAMONU;ÇATALZEYTİN;YUNUSLAR - ATTEPE;ATTEPE KÜME EVLER;sokak;487354
KASTAMONU;ÇATALZEYTİN;YUNUSLAR - CİVAN;CİVAN KÜME EVLER;sokak;486941
KASTAMONU;ÇATALZEYTİN;YUNUSLAR - GECİTLİ;GEÇİTLİ KÜME EVLER;sokak;488120
KASTAMONU;ÇATALZEYTİN;YUNUSLAR - MENTEREK;MENTEREK KÜME EVLER;sokak;488233
KASTAMONU;ÇATALZEYTİN;YUNUSLAR - MERKEZ;MERKEZ KÜME EVLER;sokak;368680
KASTAMONU;ÇATALZEYTİN;YUNUSLAR - TOPCU;TOPCU KÜME EVLER;sokak;498528
KASTAMONU;ÇATALZEYTİN;YUNUSLAR - YANIK;YANIK KÜME EVLER;sokak;486406
KASTAMONU;ÇATALZEYTİN;YUNUSLAR - YUVACIK;YUVACIK KÜME EVLER;sokak;494832
KASTAMONU;DADAY;AKILÇALMAN - BUZAĞIVEREN;BUZAĞIVER KÜME EVLER;sokak;482435
KASTAMONU;DADAY;AKILÇALMAN - BÜYÜKİLİT;BÜYÜKİLİT KÜME EVLER;sokak;474200
KASTAMONU;DADAY;AKILÇALMAN - KIŞLACIK;KIŞLACIK KÜME EVLER;sokak;479050
KASTAMONU;DADAY;AKILÇALMAN - MERKEZ;MERKEZ KÜME EVLER;sokak;482421
KASTAMONU;DADAY;AKILÇALMAN - OLUCAK;OLUCAK KÜME EVLER;sokak;474226
KASTAMONU;DADAY;AKILÇALMAN - SUNGUR;SUNGUR KÜME EVLER;sokak;474223
KASTAMONU;DADAY;AKILÇALMAN - TEPEHARMAN;TEPEHARMAN KÜME EVLER;sokak;474217
KASTAMONU;DADAY;AKPINAR - ALEYBEY;ALEYBEY KÜME EVLER;sokak;479854
KASTAMONU;DADAY;AKPINAR - GÖÇERLER;GÖÇERLER KÜME EVLER;sokak;481004
KASTAMONU;DADAY;AKPINAR - KADI;KADI KÜME EVLER;sokak;478475
KASTAMONU;DADAY;AKPINAR - MERKEZ;MERKEZ KÜME EVLER;sokak;21819
KASTAMONU;DADAY;AKPINAR - SANCI;SANCI KÜME EVLER;sokak;481509
KASTAMONU;DADAY;AKTAŞTEKKE - MERKEZ;MERKEZ KÜME EVLER;sokak;477208
KASTAMONU;DADAY;AKTAŞTEKKE - MEYRE;MEYRE KÜME EVLER;sokak;36973
KASTAMONU;DADAY;ALİPAŞA - MERKEZ;MERKEZ KÜME EVLER;sokak;485994
KASTAMONU;DADAY;ARABACILAR - MERKEZ;MERKEZ KÜME EVLER;sokak;486029
KASTAMONU;DADAY;ARABACILAR - YAKALI;YAKALI KÜME EVLER;sokak;486046
KASTAMONU;DADAY;BAĞIŞLAR - BEYAZLAR;BEYAZLAR KÜME EVLER;sokak;479767
KASTAMONU;DADAY;BAĞIŞLAR - CİV;CİV KÜME EVLER;sokak;479772
KASTAMONU;DADAY;BAĞIŞLAR - ESGİLİ;ESGİLİ KÜME EVLER;sokak;478080
KASTAMONU;DADAY;BAĞIŞLAR - MERKEZ;MERKEZ KÜME EVLER;sokak;473569
KASTAMONU;DADAY;BAĞIŞLAR - SEYDİBEY;SEYDİBEY KÜME EVLER;sokak;473905
KASTAMONU;DADAY;BAĞIŞLAR - YALAKDERESİ;YALAKDERESİ KÜME EVLER;sokak;479756
KASTAMONU;DADAY;BAĞIŞLAR - YENİ;YENİ KÜME EVLER;sokak;483648
KASTAMONU;DADAY;BASTAK - MERKEZ;MERKEZ KÜME EVLER;sokak;347631
KASTAMONU;DADAY;BAYIRKÖY - AŞAĞI;AŞAĞI KÜME EVLER;sokak;493489
KASTAMONU;DADAY;BAYIRKÖY - HACO;HACO KÜME EVLER;sokak;486387
KASTAMONU;DADAY;BAYIRKÖY - ORTA;ORTA KÜME EVLER;sokak;490363
KASTAMONU;DADAY;BAYIRKÖY - YUKARI;YUKARI KÜME EVLER;sokak;489401
KASTAMONU;DADAY;BAYRAMLI - AŞAĞI;AŞAĞI KÜME EVLER;sokak;24517
KASTAMONU;DADAY;BAYRAMLI - HONCATLAR;HONCATLAR KÜME EVLER;sokak;28966
KASTAMONU;DADAY;BAYRAMLI - KARAGÖZ;KARAGÖZ KÜME EVLER;sokak;488959
KASTAMONU;DADAY;BAYRAMLI - MERKEZ;MERKEZ KÜME EVLER;sokak;488966
KASTAMONU;DADAY;BAYRAMLI - ORTA;ORTA KÜME EVLER;sokak;370605
KASTAMONU;DADAY;BEY;ADALET SOKAK;sokak;613934681
KASTAMONU;DADAY;BEY;ASLAN SOKAK;sokak;443821
KASTAMONU;DADAY;BEY;BADEM SOKAK;sokak;258005
KASTAMONU;DADAY;BEY;BEŞEVLER SOKAK;sokak;258007
KASTAMONU;DADAY;BEY;BİLGİ SOKAK;sokak;251345601
KASTAMONU;DADAY;BEY;CEVİZLİ SOKAK;sokak;258004
KASTAMONU;DADAY;BEY;ÇAY SOKAK;sokak;258011
KASTAMONU;DADAY;BEY;ÇİĞDEM SOKAK;sokak;746394100
KASTAMONU;DADAY;BEY;DEĞİRMEN SOKAK;sokak;258008
KASTAMONU;DADAY;BEY;DURU SOKAK;sokak;1033306
KASTAMONU;DADAY;BEY;EFSUN SOKAK;sokak;481177170
KASTAMONU;DADAY;BEY;ELİF SOKAK;sokak;929325081
KASTAMONU;DADAY;BEY;İBRAHİM ETHEM EFENDİ SOKAK;sokak;258010
KASTAMONU;DADAY;BEY;KARAKAŞ SOKAK;sokak;917444741
KASTAMONU;DADAY;BEY;KÖPRÜLÜ SOKAK;sokak;258009
KASTAMONU;DADAY;BEY;MİRAY SOKAK;sokak;739952350
KASTAMONU;DADAY;BEY;PINAR SOKAK;sokak;874598
KASTAMONU;DADAY;BEY;SELVİ SOKAK;sokak;707880621
KASTAMONU;DADAY;BEYKOZ - ÇARŞI;ÇARŞI KÜME EVLER;sokak;497947
KASTAMONU;DADAY;BEYKOZ - KARALAR;KARALAR KÜME EVLER;sokak;503698
KASTAMONU;DADAY;BEYKOZ - KAVAKLI;KAVAKLI KÜME EVLER;sokak;506504
KASTAMONU;DADAY;BEYKOZ - MEMEÖREN;MEMEÖREN KÜME EVLER;sokak;505479
KASTAMONU;DADAY;BEYKOZ - MERKEZ;MERKEZ KÜME EVLER;sokak;501141
KASTAMONU;DADAY;BEYKOZ - ÖTEKIŞLA;ÖTEKIŞLA KÜME EVLER;sokak;496366
KASTAMONU;DADAY;BEZİRGAN - CEBECİR;CEBECİR KÜME EVLER;sokak;478051
KASTAMONU;DADAY;BEZİRGAN - GAZA;GAZA KÜME EVLER;sokak;476306
KASTAMONU;DADAY;BEZİRGAN - HACI;HACI KÜME EVLER;sokak;479380
KASTAMONU;DADAY;BEZİRGAN - KİRET (MEŞELİ);KİRET MEŞELİ KÜME EVLER;sokak;474783
KASTAMONU;DADAY;BEZİRGAN - MADEN;MADEN KÜME EVLER;sokak;485859
KASTAMONU;DADAY;BEZİRGAN - MERKEZ;MERKEZ KÜME EVLER;sokak;476295
KASTAMONU;DADAY;BEZİRGAN - SAREN (GÜLLÜCE);SAREN GÜLLÜCE KÜME EVLER;sokak;472660
KASTAMONU;DADAY;BOLATLAR - CİVLER;CİVLER KÜME EVLER;sokak;493427
KASTAMONU;DADAY;BOLATLAR - DERE;DERE KÜME EVLER;sokak;491975
KASTAMONU;DADAY;BOLATLAR - MERKEZ;MERKEZ KÜME EVLER;sokak;487143
KASTAMONU;DADAY;BOLATLAR - ÖMÜRBEY;ÖMÜRBEY KÜME EVLER;sokak;487142
KASTAMONU;DADAY;BOLATLAR - TABAKLAR;TABAKLAR KÜME EVLER;sokak;493439
KASTAMONU;DADAY;BOLATLAR - TEKKE;TEKKE KÜME EVLER;sokak;490816
KASTAMONU;DADAY;BOYALICA - BOZCAARMUT;BOZCAARMUT KÜME EVLER;sokak;485689
KASTAMONU;DADAY;BOYALICA - ÇALCA;ÇALCA KÜME EVLER;sokak;483497
KASTAMONU;DADAY;BOYALICA - ELVEREN;ELVEREN KÜME EVLER;sokak;490677
KASTAMONU;DADAY;BOYALICA - GÖRÜKÇALI;GÖRÜKÇALI KÜME EVLER;sokak;485353
KASTAMONU;DADAY;BOYALICA - MERKEZ;BOYALICA KÜME EVLER;sokak;488075
KASTAMONU;DADAY;BOYALICA - TEMBELLER;TEMBELLER KÜME EVLER;sokak;479978
KASTAMONU;DADAY;BOYALILAR - MERKEZ;MERKEZ KÜME EVLER;sokak;482204
KASTAMONU;DADAY;BUDAKLI - HASANBEY;HASANBEY KÜME EVLER;sokak;498818
KASTAMONU;DADAY;BUDAKLI - KAZIKLAR;KAZIKLAR KÜME EVLER;sokak;488775
KASTAMONU;DADAY;BUDAKLI - ULU;ULU KÜME EVLER;sokak;488797
KASTAMONU;DADAY;ÇAMKONAK - ÇAMOLUK;ÇAMOLUK KÜME EVLER;sokak;488378
KASTAMONU;DADAY;ÇAMKONAK - ÇIRDAK;ÇIRDAK KÜME EVLER;sokak;500155
KASTAMONU;DADAY;ÇAMKONAK - FINDICAK;FINDICAK KÜME EVLER;sokak;494209
KASTAMONU;DADAY;ÇAMKONAK - MERKEZ;MERKEZ KÜME EVLER;sokak;488412
KASTAMONU;DADAY;ÇAMKONAK - OKÇULAR;OKÇULAR KÜME EVLER;sokak;497636
KASTAMONU;DADAY;ÇAMKONAK - SÖĞÜDEK;SÖĞÜDEK KÜME EVLER;sokak;500151
KASTAMONU;DADAY;ÇAMKONAK - YAYLACIK;YAYLACIK KÜME EVLER;sokak;494199
KASTAMONU;DADAY;ÇAMLIBEL - ÇALCA;ÇALCA KÜME EVLER;sokak;487732
KASTAMONU;DADAY;ÇAMLIBEL - ÇÖPÖREN;ÇÖPÖREN KÜME EVLER;sokak;492292
KASTAMONU;DADAY;ÇAMLIBEL - GÖYNÜK;GÖYNÜK KÜME EVLER;sokak;487750
KASTAMONU;DADAY;ÇAMLIBEL - KIZILİNEK;KIZILİNEK KÜME EVLER;sokak;497962
KASTAMONU;DADAY;ÇAMLIBEL - TURİDİOĞLU;TURİDİOĞLU KÜME EVLER;sokak;486913
KASTAMONU;DADAY;ÇAMLIBEL - YENİ;YENİ KÜME EVLER;sokak;487264
KASTAMONU;DADAY;ÇAVUŞLU - ÇAMOĞLU;ÇAMOĞLU KÜME EVLER;sokak;502123
KASTAMONU;DADAY;ÇAVUŞLU - ÇOMAKLAR;ÇOMAKLAR KÜME EVLER;sokak;513606
KASTAMONU;DADAY;ÇAVUŞLU - ÇUKUR;ÇUKUR KÜME EVLER;sokak;151515
KASTAMONU;DADAY;ÇAVUŞLU - HACOĞLU;HACOĞLU KÜME EVLER;sokak;513596
KASTAMONU;DADAY;ÇAVUŞLU - TEPE;TEPE KÜME EVLER;sokak;511786
KASTAMONU;DADAY;ÇAVUŞLU - YALNIZ;YALNIZ KÜME EVLER;sokak;513601
KASTAMONU;DADAY;ÇAYIRLI - MERKEZ;MERKEZ KÜME EVLER;sokak;514644
KASTAMONU;DADAY;ÇAYIRLI - SELİMOĞLU;SELİMOĞLU KÜME EVLER;sokak;514640
KASTAMONU;DADAY;ÇAYÖZÜ - KARABOĞA;KARABOĞA KÜME EVLER;sokak;497625
KASTAMONU;DADAY;ÇAYÖZÜ - KARACAKESE;KARACAKESE KÜME EVLER;sokak;489088
KASTAMONU;DADAY;ÇAYÖZÜ - KİRAZ;KİRAZ KÜME EVLER;sokak;499851
KASTAMONU;DADAY;ÇAYÖZÜ - MERKEZ;MERKEZ KÜME EVLER;sokak;487789
KASTAMONU;DADAY;ÇAYÖZÜ - SANSAR;SANSAR KÜME EVLER;sokak;486419
KASTAMONU;DADAY;ÇÖMLEKÇİLER - AHATVEREN;AHATVEREN KÜME EVLER;sokak;497629
KASTAMONU;DADAY;ÇÖMLEKÇİLER - AŞAĞI;AŞAĞI KÜME EVLER;sokak;492370
KASTAMONU;DADAY;ÇÖMLEKÇİLER - BÜYÜKDERE;BÜYÜKDERE KÜME EVLER;sokak;499832
KASTAMONU;DADAY;ÇÖMLEKÇİLER - DAVULCU;DAVULCU KÜME EVLER;sokak;493274
KASTAMONU;DADAY;ÇÖMLEKÇİLER - GÖKÇEBEL;GÖKÇEBEL KÜME EVLER;sokak;494079
KASTAMONU;DADAY;ÇÖMLEKÇİLER - MERKEZ;MERKEZ KÜME EVLER;sokak;488742
KASTAMONU;DADAY;ÇÖMLEKÇİLER - NERGİZ;NERGİZ KÜME EVLER;sokak;494139
KASTAMONU;DADAY;DAVUTKÖY - ÇENTEKLER;ÇENTEKLER KÜME EVLER;sokak;504502
KASTAMONU;DADAY;DAVUTKÖY - FERMAN;FERMAN KÜME EVLER;sokak;501213
KASTAMONU;DADAY;DAVUTKÖY - MANAV;MANAV KÜME EVLER;sokak;503523
KASTAMONU;DADAY;DAVUTKÖY - MERKEZ;MERKEZ KÜME EVLER;sokak;506556
KASTAMONU;DADAY;DEĞİRMENCİK - ÇALCA;ÇALCA KÜME EVLER;sokak;504047
KASTAMONU;DADAY;DEĞİRMENCİK - DEMİRHAN;DEMİRHAN KÜME EVLER;sokak;503480
KASTAMONU;DADAY;DEĞİRMENCİK - KERPİÇ;KERPİÇ KÜME EVLER;sokak;39099
KASTAMONU;DADAY;DEĞİRMENCİK - MERKEZ;MERKEZ KÜME EVLER;sokak;504877
KASTAMONU;DADAY;DEĞİRMENCİK - SARICI;SARICI KÜME EVLER;sokak;503848
KASTAMONU;DADAY;DEĞİRMENÖZÜ - ABDİOĞLU;ABDİOĞLU KÜME EVLER;sokak;502051
KASTAMONU;DADAY;DEĞİRMENÖZÜ - ÇERKEZ;ÇERKEZ KÜME EVLER;sokak;507231
KASTAMONU;DADAY;DEĞİRMENÖZÜ - KILIÇLAR;KILIÇLAR KÜME EVLER;sokak;507238
KASTAMONU;DADAY;DEĞİRMENÖZÜ - MUSA;MUSA KÜME EVLER;sokak;502077
KASTAMONU;DADAY;DEĞİRMENÖZÜ - TOPALOĞLU;TOPALOĞLU KÜME EVLER;sokak;507236
KASTAMONU;DADAY;DEMİRCE - AKÇAMEHMET;AKÇAMEHMET KÜME EVLER;sokak;507470
KASTAMONU;DADAY;DEMİRCE - DERE;DERE KÜME EVLER;sokak;495000
KASTAMONU;DADAY;DEMİRCE - ELMACIK;ELMACIK KÜME EVLER;sokak;504726
KASTAMONU;DADAY;DEMİRCE - ESKİ KÖY;ESKİ KÖY KÜME EVLER;sokak;512397
KASTAMONU;DADAY;DEMİRCE - HASAHŞEYH;HASANŞEYH KÜME EVLER;sokak;506559
KASTAMONU;DADAY;DEMİRCE - KANLIÇAYIR;KANLIÇAYIR KÜME EVLER;sokak;495566
KASTAMONU;DADAY;DEMİRCE - KÜLCÜLER;KÜLCÜLER KÜME EVLER;sokak;500736
KASTAMONU;DADAY;DEMİRCE - MERKEZ;MERKEZ KÜME EVLER;sokak;507333
KASTAMONU;DADAY;DEMİRCE - YAYLIMKARA;YAYLIMKARA KÜME EVLER;sokak;500671
KASTAMONU;DADAY;DEREKÖY - GÖÇERLER;GÖÇERLER KÜME EVLER;sokak;498327
KASTAMONU;DADAY;DEREKÖY - MERKEZ;MERKEZ KÜME EVLER;sokak;506514
KASTAMONU;DADAY;DEREÖZÜ - HÖBÜLOĞLU;HÖBÜLOĞLU KÜME EVLER;sokak;501035
KASTAMONU;DADAY;DEREÖZÜ - MERKEZ;MERKEZ KÜME EVLER;sokak;91031
KASTAMONU;DADAY;ELMAYAZI - ÇILLAR;ÇILLAR KÜME EVLER;sokak;505895
KASTAMONU;DADAY;ELMAYAZI - MERKEZ;MERKEZ KÜME EVLER;sokak;499067
KASTAMONU;DADAY;ELMAYAZI - TAŞÇILAR;TAŞÇILAR KÜME EVLER;sokak;501479
KASTAMONU;DADAY;ERTAŞ - BİNBAŞIOĞLU;BİNBAŞIOĞLU KÜME EVLER;sokak;495594
KASTAMONU;DADAY;ERTAŞ - MERKEZ;ERTAŞ KÜME EVLER;sokak;495030
KASTAMONU;DADAY;ERTAŞ - ÜYUCEK;ÜYÜCEK KÜME EVLER;sokak;501850
KASTAMONU;DADAY;FASILLAR - BAYRAM;BAYRAM KÜME EVLER;sokak;504940
KASTAMONU;DADAY;FASILLAR - DEMİRCİ;DEMİRCİ KÜME EVLER;sokak;503014
KASTAMONU;DADAY;FASILLAR - KARAÖMER;KARAÖMER KÜME EVLER;sokak;511848
KASTAMONU;DADAY;FASILLAR - KARAPINAR;KARAPINAR KÜME EVLER;sokak;511851
KASTAMONU;DADAY;FASILLAR - KIŞLA;KIŞLA KÜME EVLER;sokak;503030
KASTAMONU;DADAY;FASILLAR - KÖCEKLER;KÖCEKLER KÜME EVLER;sokak;504466
KASTAMONU;DADAY;FASILLAR - KURUDAŞ;KURUDAŞ KÜME EVLER;sokak;503563
KASTAMONU;DADAY;FASILLAR - ORTA;ORTA KÜME EVLER;sokak;514198
KASTAMONU;DADAY;FASILLAR - YAZI;YAZI KÜME EVLER;sokak;358569
KASTAMONU;DADAY;GÖKÖREN - ALINCA;ALINCA KÜME EVLER;sokak;512754
KASTAMONU;DADAY;GÖKÖREN - ALINCAALTI;ALINCAALTI KÜME EVLER;sokak;116411
KASTAMONU;DADAY;GÖKÖREN - DİKMEN;DİKMEN KÜME EVLER;sokak;507449
KASTAMONU;DADAY;GÖKÖREN - HÜSEYİNÇAMI;HÜSEYİNÇAMI KÜME EVLER;sokak;512438
KASTAMONU;DADAY;GÖKÖREN - MERKEZ;MERKEZ KÜME EVLER;sokak;494992
KASTAMONU;DADAY;GÖKÖREN - SELAM;SELAM KÜME EVLER;sokak;507581
KASTAMONU;DADAY;GÖKÖREN - YALAMA;YALAMA KÜME EVLER;sokak;502043
KASTAMONU;DADAY;GÖKÖREN - YUKARI;YUKARI KÜME EVLER;sokak;507585
KASTAMONU;DADAY;GÖRÜK - ÇUKUR;ÇUKUR KÜME EVLER;sokak;502961
KASTAMONU;DADAY;GÖRÜK - MERKEZ;MERKEZ KÜME EVLER;sokak;501403
KASTAMONU;DADAY;GÖRÜK - YUMURTACI;YUMURTACI KÜME EVLER;sokak;500821
KASTAMONU;DADAY;HASANAĞA - BALTACI;BALTACI KÜME EVLER;sokak;356837
KASTAMONU;DADAY;HASANAĞA - DEYİRMENCİ;DEYİRMENCİ KÜME EVLER;sokak;503400
KASTAMONU;DADAY;HASANAĞA - ERCEK;ERCEK KÜME EVLER;sokak;500850
KASTAMONU;DADAY;HASANAĞA - MERKEZ;MERKEZ KÜME EVLER;sokak;502145
KASTAMONU;DADAY;HASANAĞA - YAYLA;YAYLA KÜME EVLER;sokak;513324
KASTAMONU;DADAY;HASANŞEYH - AKÇİÇEK;AKÇİÇEK KÜME EVLER;sokak;495562
KASTAMONU;DADAY;HASANŞEYH - BİTİGÖZÜ;BİTİGÖZÜ KÜME EVLER;sokak;501932
KASTAMONU;DADAY;HASANŞEYH - EYLEK;EYLEK KÜME EVLER;sokak;507472
KASTAMONU;DADAY;HASANŞEYH - TEKKE;TEKKE KÜME EVLER;sokak;503775
KASTAMONU;DADAY;HASANŞEYH - ZAROĞLU;ZAROĞLU KÜME EVLER;sokak;506539
KASTAMONU;DADAY;İNCİĞEZ - ÇİFTLİK;ÇİFTLİK KÜME EVLER;sokak;495922
KASTAMONU;DADAY;İNCİĞEZ - HÜSEMA;HÜSEMA KÜME EVLER;sokak;495923
KASTAMONU;DADAY;İNCİĞEZ - MERKEZ;MERKEZ KÜME EVLER;sokak;494691
KASTAMONU;DADAY;İNCİĞEZ - MİYAT;MİYAT KÜME EVLER;sokak;501060
KASTAMONU;DADAY;İNCİĞEZ - YESİR;YESİR KÜME EVLER;sokak;495910
KASTAMONU;DADAY;KALEM;BAŞAK SOKAK;sokak;280397580
KASTAMONU;DADAY;KALEM;EFE SOKAK;sokak;410811670
KASTAMONU;DADAY;KALEM;ELVEREN SOKAK;sokak;381109380
KASTAMONU;DADAY;KALEM;EROL SAYAN SOKAK;sokak;597910610
KASTAMONU;DADAY;KALEM;GELİNCİK SOKAK;sokak;800467901
KASTAMONU;DADAY;KALEM;GÖLET SOKAK;sokak;670778911
KASTAMONU;DADAY;KALEM;GÖRÜK KÖYÜ YOLU SOKAK;sokak;500316651
KASTAMONU;DADAY;KALEM;GÜLERYÜZ SOKAK;sokak;388724531
KASTAMONU;DADAY;KALEM;HANIMELİ SOKAK;sokak;221570441
KASTAMONU;DADAY;KALEM;İHSAN OZANOĞLU SOKAK;sokak;852835050
KASTAMONU;DADAY;KALEM;KALE SOKAK;sokak;443822
KASTAMONU;DADAY;KALEM;KALEM SOKAK;sokak;258012
KASTAMONU;DADAY;KALEM;KANAL SOKAK;sokak;916697391
KASTAMONU;DADAY;KALEM;MİLLİ EGEMENLİK CADDE;cadde;432372131
KASTAMONU;DADAY;KALEM;PROF.DR.SIRRI KES CADDE;cadde;282012671
KASTAMONU;DADAY;KALEM;SADIK ATALAY SOKAK;sokak;1058549
KASTAMONU;DADAY;KALEM;SARMAŞIK SOKAK;sokak;141406511
KASTAMONU;DADAY;KALEM;YAMAÇ SOKAK;sokak;367372370
KASTAMONU;DADAY;KALEM;YONCA SOKAK;sokak;1029330
KASTAMONU;DADAY;KALEM;ZAFER SOKAK;sokak;407931760
KASTAMONU;DADAY;KAPAKLI - KAYIMOĞLU;KAYIMOĞLU KÜME EVLER;sokak;501988
KASTAMONU;DADAY;KAPAKLI - KİRAZ;KİRAZ KÜME EVLER;sokak;499596
KASTAMONU;DADAY;KAPAKLI - MERKEZ;MERKEZ KÜME EVLER;sokak;507256
KASTAMONU;DADAY;KAPAKLI - ÖREN;ÖREN KÜME EVLER;sokak;499597
KASTAMONU;DADAY;KARAAĞAÇ - AŞAĞI ÖDEN;AŞAĞI ÖDEN KÜME EVLER;sokak;511812
KASTAMONU;DADAY;KARAAĞAÇ - İLYAS;İLYAS KÜME EVLER;sokak;513637
KASTAMONU;DADAY;KARAAĞAÇ - MERKEZ;MERKEZ KÜME EVLER;sokak;504936
KASTAMONU;DADAY;KARAAĞAÇ - YUKARIÖDEN;YUKARIÖDEN KÜME EVLER;sokak;508818
KASTAMONU;DADAY;KARACAAĞAÇ - BEKİR;BEKİR KÜME EVLER;sokak;483265
KASTAMONU;DADAY;KARACAAĞAÇ - KÖSE;KÖSE KÜME EVLER;sokak;506900
KASTAMONU;DADAY;KARACAAĞAÇ - MERKEZ;MERKEZ KÜME EVLER;sokak;503629
KASTAMONU;DADAY;KARACAAĞAÇ - NECİLER;NECİLER KÜME EVLER;sokak;501046
KASTAMONU;DADAY;KARACAAĞAÇ - TEPEKÖY;TEPEKÖY KÜME EVLER;sokak;506004
KASTAMONU;DADAY;KARACAÖREN - CEŞLER;CEŞLER KÜME EVLER;sokak;497383
KASTAMONU;DADAY;KARACAÖREN - HAN;HAN KÜME EVLER;sokak;497387
KASTAMONU;DADAY;KARACAÖREN - KUZ;KUZ KÜME EVLER;sokak;501057
KASTAMONU;DADAY;KARACAÖREN - MANDIRA;MANDIRA KÜME EVLER;sokak;500488
KASTAMONU;DADAY;KARACAÖREN - MERKEZ;MERKEZ KÜME EVLER;sokak;507022
KASTAMONU;DADAY;KARACAÖREN - ÖRENCİK;ÖRENCİK KÜME EVLER;sokak;504605
KASTAMONU;DADAY;KARAMIK - A.KAYACIK;A. KAYACIK KÜME EVLER;sokak;504145
KASTAMONU;DADAY;KARAMIK - AŞAĞI;AŞAĞI KÜME EVLER;sokak;494236
KASTAMONU;DADAY;KARAMIK - BIYIKLI;BIYIKLI KÜME EVLER;sokak;497748
KASTAMONU;DADAY;KARAMIK - ÇİMKELER;ÇİMKELER KÜME EVLER;sokak;470387
KASTAMONU;DADAY;KARAMIK - Y. KAYACIK;Y. KAYACIK KÜME EVLER;sokak;504139
KASTAMONU;DADAY;KARAMIK - YUKARI;YUKARI KÜME EVLER;sokak;497759
KASTAMONU;DADAY;KAVAKYAYLA - MERKEZ;MERKEZ KÜME EVLER;sokak;499586
KASTAMONU;DADAY;KAVAKYAYLA - MURATOĞLU;MURATOĞLU KÜME EVLER;sokak;505509
KASTAMONU;DADAY;KAVAKYAYLA - SOFULAR;SOFULAR KÜME EVLER;sokak;499588
KASTAMONU;DADAY;KAYABAĞI - BUDAKLAR;BUDAKLAR KÜME EVLER;sokak;481746
KASTAMONU;DADAY;KAYABAĞI - KAHYAR;KAHYAR KÜME EVLER;sokak;488462
KASTAMONU;DADAY;KAYABAĞI - KARŞI;KARŞI KÜME EVLER;sokak;496299
KASTAMONU;DADAY;KAYABAĞI - ORTA;ORTA KÜME EVLER;sokak;356177
KASTAMONU;DADAY;KAYI - DERE;DERE KÜME EVLER;sokak;507904
KASTAMONU;DADAY;KAYI - GÖÇMENLER;GÖÇMENLER KÜME EVLER;sokak;505917
KASTAMONU;DADAY;KAYI - İLYAS;İLYAS KÜME EVLER;sokak;499071
KASTAMONU;DADAY;KAYI - MERKEZ;MERKEZ KÜME EVLER;sokak;496915
KASTAMONU;DADAY;KAYI - TAPOĞLU;TOPOĞLU KÜME EVLER;sokak;506408
KASTAMONU;DADAY;KELEBEK;ÇAKIR SOKAK;sokak;802001731
KASTAMONU;DADAY;KELEBEK;ÇAYIR SOKAK;sokak;258015
KASTAMONU;DADAY;KELEBEK;ÇELEBİ SOKAK;sokak;1409575
KASTAMONU;DADAY;KELEBEK;ÇİMEN SOKAK;sokak;258014
KASTAMONU;DADAY;KELEBEK;İKSİR SOKAK;sokak;733291790
KASTAMONU;DADAY;KELEBEK;KELEBEK ÇIKMAZI SOKAK;sokak;258017
KASTAMONU;DADAY;KELEBEK;PANAYIR SOKAK;sokak;798129391
KASTAMONU;DADAY;KELEBEK;SELVİ SOKAK;sokak;258013
KASTAMONU;DADAY;KELEBEK;SEVGİ SOKAK;sokak;499217111
KASTAMONU;DADAY;KELEBEK;STADYUM SOKAK;sokak;443823
KASTAMONU;DADAY;KELEBEK;TERZİ SOKAK;sokak;351740281
KASTAMONU;DADAY;KELEBEK;YAVUZ SOKAK;sokak;258016
KASTAMONU;DADAY;KIZILÖRENCİK - AFURÖZÜ;AFURÖZÜ KÜME EVLER;sokak;494694
KASTAMONU;DADAY;KIZILÖRENCİK - ÇERÇİLER;ÇERÇİLER KÜME EVLER;sokak;501095
KASTAMONU;DADAY;KIZILÖRENCİK - DÖRTDEĞİRMENLER;DÖRTDEĞİRMENLER KÜME EVLER;sokak;506966
KASTAMONU;DADAY;KIZILÖRENCİK - ERDEMLER;ERDEMLER KÜME EVLER;sokak;500066
KASTAMONU;DADAY;KIZILÖRENCİK - MERKEZ;MERKEZ KÜME EVLER;sokak;295764
KASTAMONU;DADAY;KIZSİNİ - AHMETOĞLU;AHMETOĞLU KÜME EVLER;sokak;505602
KASTAMONU;DADAY;KIZSİNİ - FINDICAK;FINDICAK KÜME EVLER;sokak;493756
KASTAMONU;DADAY;KIZSİNİ - GÜLYAN;GÜLYAN KÜME EVLER;sokak;502048
KASTAMONU;DADAY;KIZSİNİ - KÖSELER;KÖSELER KÜME EVLER;sokak;503757
KASTAMONU;DADAY;KIZSİNİ - MERKEZ;MERKEZ KÜME EVLER;sokak;504685
KASTAMONU;DADAY;KIZSİNİ - PİRDEDE;PİRDEDE KÜME EVLER;sokak;503794
KASTAMONU;DADAY;KIZSİNİ - SÜNNETÇİ;SÜNNETÇİ KÜME EVLER;sokak;504711
KASTAMONU;DADAY;KOÇÇUĞAZ - AKPINAR;AKPINAR KÜME EVLER;sokak;505535
KASTAMONU;DADAY;KOÇÇUĞAZ - GOGO;GOGO KÜME EVLER;sokak;506449
KASTAMONU;DADAY;KOÇÇUĞAZ - HACIMANGİL;HACIMANGİL KÜME EVLER;sokak;506455
KASTAMONU;DADAY;KOÇÇUĞAZ - MERKEZ;MERKEZ KÜME EVLER;sokak;505531
KASTAMONU;DADAY;KOÇÇUĞAZ - YUKARI;YUKARI KÜME EVLER;sokak;506447
KASTAMONU;DADAY;KÖŞELER - MERKEZ;MERKEZ KÜME EVLER;sokak;505592
KASTAMONU;DADAY;KÜTEN - MERKEZ;MERKEZ KÜME EVLER;sokak;356181
KASTAMONU;DADAY;KÜTEN - ŞÜKÜR;ŞÜKÜR KÜME EVLER;sokak;501200
KASTAMONU;DADAY;MERKEZ;AKIN SOKAK;sokak;499294170
KASTAMONU;DADAY;MERKEZ;ASMALI SOKAK;sokak;258018
KASTAMONU;DADAY;MERKEZ;AŞIK YORGANSIZ SOKAK;sokak;545664841
KASTAMONU;DADAY;MERKEZ;ATA SOKAK;sokak;696640841
KASTAMONU;DADAY;MERKEZ;BAHÇELİEVLER SOKAK;sokak;443825
KASTAMONU;DADAY;MERKEZ;BARBAROS SOKAK;sokak;258038
KASTAMONU;DADAY;MERKEZ;BAYIR SOKAK;sokak;443827
KASTAMONU;DADAY;MERKEZ;BEDESTEN SOKAK;sokak;889344270
KASTAMONU;DADAY;MERKEZ;BELEDİYE CADDE;cadde;258043
KASTAMONU;DADAY;MERKEZ;CAN SOKAK;sokak;299117320
KASTAMONU;DADAY;MERKEZ;CEVİZTEPE SOKAK;sokak;794587410
KASTAMONU;DADAY;MERKEZ;CUMHURİYET CADDE;cadde;258044
KASTAMONU;DADAY;MERKEZ;ÇAMLIK SOKAK;sokak;891815491
KASTAMONU;DADAY;MERKEZ;ÇELİK SOKAK;sokak;443826
KASTAMONU;DADAY;MERKEZ;ÇETİN SOKAK;sokak;363346
KASTAMONU;DADAY;MERKEZ;ÇIKMAZ SOKAK;sokak;258053
KASTAMONU;DADAY;MERKEZ;ÇINAR SOKAK;sokak;258030
KASTAMONU;DADAY;MERKEZ;DEFNE SOKAK;sokak;546892371
KASTAMONU;DADAY;MERKEZ;DEMİRCİLER SOKAK;sokak;252770
KASTAMONU;DADAY;MERKEZ;DENİZ SOKAK;sokak;454473981
KASTAMONU;DADAY;MERKEZ;EKİN SOKAK;sokak;159221980
KASTAMONU;DADAY;MERKEZ;EMEK SOKAK;sokak;255789151
KASTAMONU;DADAY;MERKEZ;EMİR SOKAK;sokak;470429651
KASTAMONU;DADAY;MERKEZ;ERDEM SOKAK;sokak;739674080
KASTAMONU;DADAY;MERKEZ;EVRİM SOKAK;sokak;497106351
KASTAMONU;DADAY;MERKEZ;FATİH SOKAK;sokak;258022
KASTAMONU;DADAY;MERKEZ;FENER SOKAK;sokak;761379670
KASTAMONU;DADAY;MERKEZ;GELİŞİM SOKAK;sokak;258019
KASTAMONU;DADAY;MERKEZ;GİRİŞKEN SOKAK;sokak;258020
KASTAMONU;DADAY;MERKEZ;GÖKTEPE SOKAK;sokak;258037
KASTAMONU;DADAY;MERKEZ;GÖRÜK KÖYÜ YOLU SOKAK;sokak;258045
KASTAMONU;DADAY;MERKEZ;GÜL SOKAK;sokak;252771
KASTAMONU;DADAY;MERKEZ;GÜN SOKAK;sokak;671815940
KASTAMONU;DADAY;MERKEZ;GÜNEŞ SOKAK;sokak;258040
KASTAMONU;DADAY;MERKEZ;GÜVEN SOKAK;sokak;258056
KASTAMONU;DADAY;MERKEZ;HALK PAZARI SOKAK;sokak;258026
KASTAMONU;DADAY;MERKEZ;HAYAT SOKAK;sokak;340695911
KASTAMONU;DADAY;MERKEZ;HAYREDDİN EVHAD SOKAK;sokak;443831
KASTAMONU;DADAY;MERKEZ;HIZAR SOKAK;sokak;258039
KASTAMONU;DADAY;MERKEZ;HUZUR SOKAK;sokak;479447801
KASTAMONU;DADAY;MERKEZ;HÜRRİYET SOKAK;sokak;363344
KASTAMONU;DADAY;MERKEZ;IŞIK SOKAK;sokak;258028
KASTAMONU;DADAY;MERKEZ;İBRAHİM ETHEM EFENDİ SOKAK;sokak;915221021
KASTAMONU;DADAY;MERKEZ;İNÖNÜ CADDE;cadde;258054
KASTAMONU;DADAY;MERKEZ;KALEM SOKAK;sokak;681043631
KASTAMONU;DADAY;MERKEZ;KANARYA SOKAK;sokak;690110391
KASTAMONU;DADAY;MERKEZ;KARANFİL SOKAK;sokak;258031
KASTAMONU;DADAY;MERKEZ;KARDELEN SOKAK;sokak;443824
KASTAMONU;DADAY;MERKEZ;KAYI SOKAK;sokak;258033
KASTAMONU;DADAY;MERKEZ;KOLUKARAOĞLU SOKAK;sokak;258046
KASTAMONU;DADAY;MERKEZ;KOOPERATİF EVLERİ SOKAK;sokak;258032
KASTAMONU;DADAY;MERKEZ;KÖMÜRCÜ SOKAK;sokak;258024
KASTAMONU;DADAY;MERKEZ;KÖPRÜ SOKAK;sokak;258047
KASTAMONU;DADAY;MERKEZ;KÖPRÜLÜ SOKAK;sokak;943804580
KASTAMONU;DADAY;MERKEZ;KUMRU SOKAK;sokak;532335731
KASTAMONU;DADAY;MERKEZ;KURTULUŞ SOKAK;sokak;638620490
KASTAMONU;DADAY;MERKEZ;KUYU SOKAK;sokak;443829
KASTAMONU;DADAY;MERKEZ;KÜLTÜR SOKAK;sokak;533997701
KASTAMONU;DADAY;MERKEZ;LALE SOKAK;sokak;443828
KASTAMONU;DADAY;MERKEZ;MİLLİ EGEMENLİK CADDE;cadde;363345
KASTAMONU;DADAY;MERKEZ;MİRALAY HALİT BEY CADDE;cadde;258049
KASTAMONU;DADAY;MERKEZ;MUHACİR SOKAK;sokak;258048
KASTAMONU;DADAY;MERKEZ;NARİN SOKAK;sokak;258023
KASTAMONU;DADAY;MERKEZ;NEFES SOKAK;sokak;902201870
KASTAMONU;DADAY;MERKEZ;OKULLAR SOKAK;sokak;258050
KASTAMONU;DADAY;MERKEZ;ONUR SOKAK;sokak;258041
KASTAMONU;DADAY;MERKEZ;PAZAR YERİ SOKAK;sokak;363342
KASTAMONU;DADAY;MERKEZ;PROF.DR.SIRRI KES CADDE;cadde;258042
KASTAMONU;DADAY;MERKEZ;SELVİ SOKAK;sokak;201528230
KASTAMONU;DADAY;MERKEZ;SOFU SOKAK;sokak;443830
KASTAMONU;DADAY;MERKEZ;STADYUM SOKAK;sokak;496442631
KASTAMONU;DADAY;MERKEZ;SUNGUR SOKAK;sokak;360632870
KASTAMONU;DADAY;MERKEZ;SÜMBÜL SOKAK;sokak;258055
KASTAMONU;DADAY;MERKEZ;ŞEN SOKAK;sokak;258029
KASTAMONU;DADAY;MERKEZ;ŞİMŞEK SOKAK;sokak;258035
KASTAMONU;DADAY;MERKEZ;ŞİRİN SOKAK;sokak;258036
KASTAMONU;DADAY;MERKEZ;UĞUR SOKAK;sokak;258034
KASTAMONU;DADAY;MERKEZ;UMUR SOKAK;sokak;404859710
KASTAMONU;DADAY;MERKEZ;YAĞMUR SOKAK;sokak;258025
KASTAMONU;DADAY;MERKEZ;YENİ SOKAK;sokak;258051
KASTAMONU;DADAY;MERKEZ;YEŞİLTEPE SOKAK;sokak;873556
KASTAMONU;DADAY;MERKEZ;YUKARI KELEBEK KÜME EVLER;sokak;258052
KASTAMONU;DADAY;MERKEZ;YUNUS HOCA SOKAK;sokak;363343
KASTAMONU;DADAY;MERKEZ;ZİYA GÖGEM SOKAK;sokak;258027
KASTAMONU;DADAY;OKLUK - BAHÇELİ;BAHÇELİ KÜME EVLER;sokak;504704
KASTAMONU;DADAY;OKLUK - MERKEZ;OKLUK KÜME EVLER;sokak;507303
KASTAMONU;DADAY;OKLUK - PELİTVEREN;PELİTVEREN KÜME EVLER;sokak;502443
KASTAMONU;DADAY;OKLUK - SARNIÇ;SARNIÇ KÜME EVLER;sokak;506536
KASTAMONU;DADAY;ÖRENCİK - AKBIYIK;AKBIYIK KÜME EVLER;sokak;506734
KASTAMONU;DADAY;ÖRENCİK - ARABACI;ARABACI KÜME EVLER;sokak;506738
KASTAMONU;DADAY;ÖRENCİK - ÇAKAL;ÇAKAL KÜME EVLER;sokak;514090
KASTAMONU;DADAY;ÖRENCİK - ORTAKÇI;ORTAKÇI KÜME EVLER;sokak;514075
KASTAMONU;DADAY;ÖRENCİK - ÖRENCİK;MERKEZ KÜME EVLER;sokak;512389
KASTAMONU;DADAY;ÖRENCİK - ÖRHENE;ÖRHENE KÜME EVLER;sokak;514064
KASTAMONU;DADAY;SARIÇAM - MERKEZ;MERKEZ KÜME EVLER;sokak;512421
KASTAMONU;DADAY;SARIÇAM - SARIMSAKCI;SARIMSAKCI KÜME EVLER;sokak;512745
KASTAMONU;DADAY;SARPUN - BAYRAMOĞLU;BAYRAMOĞLU KÜME EVLER;sokak;507176
KASTAMONU;DADAY;SARPUN - KARABEYLER;KARABEYLER KÜME EVLER;sokak;285201
KASTAMONU;DADAY;SARPUN - MERKEZ;MERKEZ KÜME EVLER;sokak;502615
KASTAMONU;DADAY;SARPUN - SARPUN;SARPUN KÜME EVLER;sokak;501868
KASTAMONU;DADAY;SELALMAZ - CAMİİ;CAMİİ KÜME EVLER;sokak;503001
KASTAMONU;DADAY;SELALMAZ - MOLLAAHMET;MOLLAAHMET KÜME EVLER;sokak;503005
KASTAMONU;DADAY;SELALMAZ - PAZAR;PAZAR KÜME EVLER;sokak;502637
KASTAMONU;DADAY;SİYAHLAR - ESENLER;ESENLER KÜME EVLER;sokak;504269
KASTAMONU;DADAY;SİYAHLAR - GÜMÜŞLÜĞÜ;GÜMÜŞLÜĞÜ KÜME EVLER;sokak;505538
KASTAMONU;DADAY;SİYAHLAR - MERKEZ;SİYAHLAR KÜME EVLER;sokak;499638
KASTAMONU;DADAY;SİYAHLAR - TOHUMLAR;TOHUMLAR KÜME EVLER;sokak;504118
KASTAMONU;DADAY;SORKUN - DEMİRCİ;DEMİRCİ KÜME EVLER;sokak;505541
KASTAMONU;DADAY;SORKUN - FETTAH;FETTAH KÜME EVLER;sokak;507793
KASTAMONU;DADAY;SORKUN - HELVECİ;HELVECİ KÜME EVLER;sokak;496302
KASTAMONU;DADAY;SORKUN - MERKEZ;MERKEZ KÜME EVLER;sokak;485618
KASTAMONU;DADAY;SORKUN - TUZCU;TUZCU KÜME EVLER;sokak;505544
KASTAMONU;DADAY;SORKUNCUK - AĞSAR;AĞSAR KÜME EVLER;sokak;511993
KASTAMONU;DADAY;SORKUNCUK - ÇALCA;ÇALCA KÜME EVLER;sokak;511984
KASTAMONU;DADAY;SORKUNCUK - FINDICAK;FINDICAK KÜME EVLER;sokak;505793
KASTAMONU;DADAY;SORKUNCUK - MERKEZ;MERKEZ KÜME EVLER;sokak;511991
KASTAMONU;DADAY;TÜFEKÇİ - AŞAĞI;AŞAĞI KÜME EVLER;sokak;505192
KASTAMONU;DADAY;TÜFEKÇİ - MERKEZ;MERKEZ KÜME EVLER;sokak;507722
KASTAMONU;DADAY;TÜFEKÇİ - SİPAHİ;SİPAHİ KÜME EVLER;sokak;505163
KASTAMONU;DADAY;UZBANLAR - DEMİRCİLER;DEMİRCİLER KÜME EVLER;sokak;503223
KASTAMONU;DADAY;UZBANLAR - KOZDERE;KOZDERE KÜME EVLER;sokak;503235
KASTAMONU;DADAY;UZBANLAR - MERKEZ;MERKEZ KÜME EVLER;sokak;498641
KASTAMONU;DADAY;UZBANLAR - MUSO;MUSO KÜME EVLER;sokak;505794
KASTAMONU;DADAY;UZBANLAR - SABIRLAR;SABIRLAR KÜME EVLER;sokak;511997
KASTAMONU;DADAY;ÜYÜKÖREN - AŞAĞI;AŞAĞI KÜME EVLER;sokak;507011
KASTAMONU;DADAY;ÜYÜKÖREN - FATMAÖREN;FATMAÖREN KÜME EVLER;sokak;494945
KASTAMONU;DADAY;ÜYÜKÖREN - ORTA;ORTA KÜME EVLER;sokak;487929
KASTAMONU;DADAY;ÜYÜKÖREN - YEŞİL;YEŞİL KÜME EVLER;sokak;505189
KASTAMONU;DADAY;YAZICAMEYDAN - MERKEZ;MERKEZ KÜME EVLER;sokak;500483
KASTAMONU;DADAY;YAZICAMEYDAN - MEYDAN;MEYDAN KÜME EVLER;sokak;496074
KASTAMONU;DEVREKANİ;AHİÇELEBİ;1.BOZKURT CADDE;cadde;301107870
KASTAMONU;DEVREKANİ;AHİÇELEBİ;1.HAL 1 SOKAK;sokak;225003340
KASTAMONU;DEVREKANİ;AHİÇELEBİ;1.HAL 2. SOKAK;sokak;380711301
KASTAMONU;DEVREKANİ;AHİÇELEBİ;1.HAL SOKAK;sokak;253107
KASTAMONU;DEVREKANİ;AHİÇELEBİ;1.KARŞIHARMANLAR 1 SOKAK;sokak;543315661
KASTAMONU;DEVREKANİ;AHİÇELEBİ;1.KARŞIHARMANLAR 2 SOKAK;sokak;852445720
KASTAMONU;DEVREKANİ;AHİÇELEBİ;1.KARŞIHARMANLAR CADDE;cadde;253103
KASTAMONU;DEVREKANİ;AHİÇELEBİ;AKÇA SOKAK;sokak;647746981
KASTAMONU;DEVREKANİ;AHİÇELEBİ;AKÇAY SOKAK;sokak;495258
KASTAMONU;DEVREKANİ;AHİÇELEBİ;ANIT SOKAK;sokak;878455
KASTAMONU;DEVREKANİ;AHİÇELEBİ;BAHÇELİ SOKAK;sokak;253097
KASTAMONU;DEVREKANİ;AHİÇELEBİ;BARIŞ CADDE;cadde;495607
KASTAMONU;DEVREKANİ;AHİÇELEBİ;BOZKOCA CADDE;cadde;253116
KASTAMONU;DEVREKANİ;AHİÇELEBİ;BOZKURT 2. SOKAK;sokak;423533180
KASTAMONU;DEVREKANİ;AHİÇELEBİ;BOZKURT CADDE;cadde;253099
KASTAMONU;DEVREKANİ;AHİÇELEBİ;ÇİĞDEM SOKAK;sokak;494427
KASTAMONU;DEVREKANİ;AHİÇELEBİ;DOĞAN SOKAK;sokak;252772
KASTAMONU;DEVREKANİ;AHİÇELEBİ;DR YÜKSEL SAĞATLİ CADDE;cadde;253115
KASTAMONU;DEVREKANİ;AHİÇELEBİ;EFLATUN SOKAK;sokak;975236
KASTAMONU;DEVREKANİ;AHİÇELEBİ;ENDER SOKAK;sokak;975218
KASTAMONU;DEVREKANİ;AHİÇELEBİ;ERENLER 1 SOKAK;sokak;141765980
KASTAMONU;DEVREKANİ;AHİÇELEBİ;ERENLER CADDE;cadde;253100
KASTAMONU;DEVREKANİ;AHİÇELEBİ;ESEN SOKAK;sokak;495615
KASTAMONU;DEVREKANİ;AHİÇELEBİ;FATİH SOKAK;sokak;914213050
KASTAMONU;DEVREKANİ;AHİÇELEBİ;GÜLİSTAN 1. SOKAK;sokak;630971171
KASTAMONU;DEVREKANİ;AHİÇELEBİ;GÜLİSTAN 2. SOKAK;sokak;635290771
KASTAMONU;DEVREKANİ;AHİÇELEBİ;GÜLİSTAN 3. SOKAK;sokak;853808220
KASTAMONU;DEVREKANİ;AHİÇELEBİ;GÜLİSTAN SOKAK;sokak;253101
KASTAMONU;DEVREKANİ;AHİÇELEBİ;GÜNEBAKAN SOKAK;sokak;486460
KASTAMONU;DEVREKANİ;AHİÇELEBİ;GÜNEY SOKAK;sokak;253102
KASTAMONU;DEVREKANİ;AHİÇELEBİ;HASAN ŞEN CADDE;cadde;676799690
KASTAMONU;DEVREKANİ;AHİÇELEBİ;IŞIL SOKAK;sokak;488282
KASTAMONU;DEVREKANİ;AHİÇELEBİ;İSFENDİYAR CADDE;cadde;253112
KASTAMONU;DEVREKANİ;AHİÇELEBİ;KADİFE SOKAK;sokak;253113
KASTAMONU;DEVREKANİ;AHİÇELEBİ;KALE SOKAK;sokak;1109169
KASTAMONU;DEVREKANİ;AHİÇELEBİ;KARŞIHARMANLAR CADDE;cadde;856423530
KASTAMONU;DEVREKANİ;AHİÇELEBİ;KERVAN CADDE;cadde;488862
KASTAMONU;DEVREKANİ;AHİÇELEBİ;KULAKSIZ SOKAK;sokak;640342670
KASTAMONU;DEVREKANİ;AHİÇELEBİ;KULAKSIZLAR CADDE;cadde;132168331
KASTAMONU;DEVREKANİ;AHİÇELEBİ;KURTCAMİ SOKAK;sokak;486458
KASTAMONU;DEVREKANİ;AHİÇELEBİ;KUŞ TEPESİ 1 SOKAK;sokak;947624990
KASTAMONU;DEVREKANİ;AHİÇELEBİ;KUŞ TEPESİ SOKAK;sokak;253106
KASTAMONU;DEVREKANİ;AHİÇELEBİ;KUZ 2. SOKAK;sokak;257181560
KASTAMONU;DEVREKANİ;AHİÇELEBİ;KUZ 3. SOKAK;sokak;918184681
KASTAMONU;DEVREKANİ;AHİÇELEBİ;KUZ SOKAK;sokak;253104
KASTAMONU;DEVREKANİ;AHİÇELEBİ;KUZEY SOKAK;sokak;253105
KASTAMONU;DEVREKANİ;AHİÇELEBİ;MEHMET NURİ KESKİN CADDE;cadde;253110
KASTAMONU;DEVREKANİ;AHİÇELEBİ;MERİÇ 1. SOKAK;sokak;710886031
KASTAMONU;DEVREKANİ;AHİÇELEBİ;MERİÇ SOKAK;sokak;486463
KASTAMONU;DEVREKANİ;AHİÇELEBİ;MİNE SOKAK;sokak;495262
KASTAMONU;DEVREKANİ;AHİÇELEBİ;ONUR 1. SOKAK;sokak;852400591
KASTAMONU;DEVREKANİ;AHİÇELEBİ;ONUR SOKAK;sokak;496989
KASTAMONU;DEVREKANİ;AHİÇELEBİ;ORUÇOĞLU SOKAK;sokak;1109167
KASTAMONU;DEVREKANİ;AHİÇELEBİ;ÖĞRT.EVLERİ 1 SOKAK;sokak;737461090
KASTAMONU;DEVREKANİ;AHİÇELEBİ;ÖĞRT.EVLERİ CADDE;cadde;211637951
KASTAMONU;DEVREKANİ;AHİÇELEBİ;SEYRAN 1. SOKAK;sokak;215600730
KASTAMONU;DEVREKANİ;AHİÇELEBİ;SEYRAN SOKAK;sokak;878453
KASTAMONU;DEVREKANİ;AHİÇELEBİ;SILA SOKAK;sokak;486462
KASTAMONU;DEVREKANİ;AHİÇELEBİ;ŞEHİT NİHAT ÇENTİK CADDE;cadde;253111
KASTAMONU;DEVREKANİ;AHİÇELEBİ;ŞHT.FATİH ŞALGAM CADDE;cadde;975228
KASTAMONU;DEVREKANİ;AHİÇELEBİ;ŞHT.İRFAN İDRİSOĞLU 1. SOKAK;sokak;679525231
KASTAMONU;DEVREKANİ;AHİÇELEBİ;ŞHT.İRFAN İDRİSOĞLU 2. SOKAK;sokak;678913821
KASTAMONU;DEVREKANİ;AHİÇELEBİ;ŞHT.İRFAN İDRİSOĞLU CADDE;cadde;253114
KASTAMONU;DEVREKANİ;AHİÇELEBİ;ŞHT.NİHAT ODABAŞI CADDE;cadde;445624
KASTAMONU;DEVREKANİ;AHİÇELEBİ;UMUT 1. SOKAK;sokak;792649581
KASTAMONU;DEVREKANİ;AHİÇELEBİ;UMUT SOKAK;sokak;253096
KASTAMONU;DEVREKANİ;AHİÇELEBİ;UZUN 1. SOKAK;sokak;398572630
KASTAMONU;DEVREKANİ;AHİÇELEBİ;UZUN SOKAK;sokak;253108
KASTAMONU;DEVREKANİ;AHİÇELEBİ;YADİGAR 1 SOKAK;sokak;897128220
KASTAMONU;DEVREKANİ;AHİÇELEBİ;YADİGAR SOKAK;sokak;878454
KASTAMONU;DEVREKANİ;AHİÇELEBİ;YALÇIN SOKAK;sokak;1322257
KASTAMONU;DEVREKANİ;AHİÇELEBİ;YALIN SOKAK;sokak;1325417
KASTAMONU;DEVREKANİ;AHİÇELEBİ;YASEMİN SOKAK;sokak;1277659
KASTAMONU;DEVREKANİ;AHİÇELEBİ;YENİDOĞAN SOKAK;sokak;253098
KASTAMONU;DEVREKANİ;AHİÇELEBİ;YONCA SOKAK;sokak;252773
KASTAMONU;DEVREKANİ;AHİÇELEBİ;YUNUS 1. SOKAK;sokak;281635741
KASTAMONU;DEVREKANİ;AHİÇELEBİ;YUNUS SOKAK;sokak;693737510
KASTAMONU;DEVREKANİ;AHİÇELEBİ;YÜKSEL TOPKARAOĞLU 1 SOKAK;sokak;378189370
KASTAMONU;DEVREKANİ;AHİÇELEBİ;YÜKSEL TOPKARAOĞLU CADDE;cadde;253109
KASTAMONU;DEVREKANİ;AHLATÇIK - DERE;DERE KÜME EVLER;sokak;114675
KASTAMONU;DEVREKANİ;AHLATÇIK - HATİPOĞLU;HATİPOĞLU KÜME EVLER;sokak;478959
KASTAMONU;DEVREKANİ;AHLATÇIK - KARACATAŞ;KARACATAŞ KÜME EVLER;sokak;478961
KASTAMONU;DEVREKANİ;AHLATÇIK - MERKEZ;MERKEZ KÜME EVLER;sokak;478957
KASTAMONU;DEVREKANİ;AKÇAPINAR - MERKEZ;MERKEZ KÜME EVLER;sokak;488216
KASTAMONU;DEVREKANİ;AKDOĞAN - GÜNEY;GÜNEY KÜME EVLER;sokak;506892
KASTAMONU;DEVREKANİ;AKDOĞAN - MERKEZ;MERKEZ KÜME EVLER;sokak;499569
KASTAMONU;DEVREKANİ;AKDOĞAN - OĞUZ;OĞUZ KÜME EVLER;sokak;501545
KASTAMONU;DEVREKANİ;AKMESCİT - AŞIKLAR;AŞIKLAR KÜME EVLER;sokak;519543
KASTAMONU;DEVREKANİ;AKMESCİT - DEMİRCİLER;DEMİRCİLER KÜME EVLER;sokak;279059
KASTAMONU;DEVREKANİ;AKMESCİT - İNCİGEZ;İNCİGEZ KÜME EVLER;sokak;509851
KASTAMONU;DEVREKANİ;AKMESCİT - KADIOĞLU;KADIOĞLU KÜME EVLER;sokak;512010
KASTAMONU;DEVREKANİ;AKMESCİT - KÖSTEKÇİ;KÖSTEKÇİ KÜME EVLER;sokak;279082
KASTAMONU;DEVREKANİ;AKMESCİT - MERKEZ;MERKEZ KÜME EVLER;sokak;509381
KASTAMONU;DEVREKANİ;AKMESCİT - SOLAKLAR;SOLAKLAR KÜME EVLER;sokak;523353
KASTAMONU;DEVREKANİ;AKMESCİT - TIRKIŞ;TIRKIŞ KÜME EVLER;sokak;517864
KASTAMONU;DEVREKANİ;AKMESCİT - TOMALAR;TOMALAR KÜME EVLER;sokak;509065
KASTAMONU;DEVREKANİ;AKMESCİT - TOPALLAR;TOPALLAR KÜME EVLER;sokak;521377
KASTAMONU;DEVREKANİ;ALAÇAY - BAYRAMOĞLU;BAYRAMOĞLU KÜME EVLER;sokak;114683
KASTAMONU;DEVREKANİ;ALAÇAY - CİNOĞLU;CİNOĞLU KÜME EVLER;sokak;486024
KASTAMONU;DEVREKANİ;ALAÇAY - KABALAR;KABALAR KÜME EVLER;sokak;114708
KASTAMONU;DEVREKANİ;ALAÇAY - KIZILKESE;KIZILKESE KÜME EVLER;sokak;486030
KASTAMONU;DEVREKANİ;ALÇILAR - MERKEZ;MERKEZ KÜME EVLER;sokak;506983
KASTAMONU;DEVREKANİ;ALINÖREN - DİBEDEN;DİBEDEN KÜME EVLER;sokak;514115
KASTAMONU;DEVREKANİ;ALINÖREN - KARAÇAM;KARAÇAM KÜME EVLER;sokak;509700
KASTAMONU;DEVREKANİ;ALINÖREN - KILCAN;KILCAN KÜME EVLER;sokak;503986
KASTAMONU;DEVREKANİ;ALINÖREN - MERKEZ;MERKEZ KÜME EVLER;sokak;512841
KASTAMONU;DEVREKANİ;ARSLANBEY - BAŞÖREN;BAŞÖREN KÜME EVLER;sokak;487921
KASTAMONU;DEVREKANİ;ARSLANBEY - EMECEN;EMECEN KÜME EVLER;sokak;493323
KASTAMONU;DEVREKANİ;ARSLANBEY - KÜLLÜ;KÜLLÜ KÜME EVLER;sokak;493313
KASTAMONU;DEVREKANİ;ARSLANBEY - MADEN;MADEN KÜME EVLER;sokak;494128
KASTAMONU;DEVREKANİ;ARSLANBEY - SOFU;SOFU KÜME EVLER;sokak;494109
KASTAMONU;DEVREKANİ;ARSLANBEY - SÜRÜCÜ AHMET;SÜRÜCÜ AHMET KÜME EVLER;sokak;493306
KASTAMONU;DEVREKANİ;ARSLANBEY - TÜYSÜZ;TÜYSÜZ KÜME EVLER;sokak;487912
KASTAMONU;DEVREKANİ;ASARCIK - ALİ;ALİ KÜME EVLER;sokak;499721
KASTAMONU;DEVREKANİ;ASARCIK - GÖCEN;GÖCEN KÜME EVLER;sokak;493813
KASTAMONU;DEVREKANİ;ASARCIK - MERKEZ;MERKEZ KÜME EVLER;sokak;504241
KASTAMONU;DEVREKANİ;ASARCIK - ORUÇ;ORUÇ KÜME EVLER;sokak;499234
KASTAMONU;DEVREKANİ;ASARCIK - YAZICI;YAZICI KÜME EVLER;sokak;496449
KASTAMONU;DEVREKANİ;BALABANLAR - ALIÇÇILAR ( ALIÇÇI );ALIÇÇILAR ALIÇÇI KÜME EVLER;sokak;535172
KASTAMONU;DEVREKANİ;BALABANLAR - ALIÇÇILAR ( HACI);ALIÇÇILAR HACI KÜME EVLER;sokak;531668
KASTAMONU;DEVREKANİ;BALABANLAR - ALIÇÇILAR ( YUKARI );ALIÇÇILAR YUKARI KÜME EVLER;sokak;540273
KASTAMONU;DEVREKANİ;BALABANLAR - MERKEZ;MERKEZ KÜME EVLER;sokak;496168
KASTAMONU;DEVREKANİ;BALTICAK - GAFER;GAFER KÜME EVLER;sokak;491632
KASTAMONU;DEVREKANİ;BALTICAK - KEŞ;KEŞ KÜME EVLER;sokak;481853
KASTAMONU;DEVREKANİ;BALTICAK - MERKEZ;MERKEZ KÜME EVLER;sokak;491722
KASTAMONU;DEVREKANİ;BALTICAK - ŞENLİK PAZARYERİ;ŞENLİK PAZARYERİ KÜME EVLER;sokak;481880
KASTAMONU;DEVREKANİ;BAŞAKPINAR - EBREK;EBREK KÜME EVLER;sokak;494221
KASTAMONU;DEVREKANİ;BAŞAKPINAR - KAYLICA;KAYLICA KÜME EVLER;sokak;493686
KASTAMONU;DEVREKANİ;BAŞAKPINAR - MERKEZ;MERKEZ KÜME EVLER;sokak;500432
KASTAMONU;DEVREKANİ;BAŞAKPINARTEPE - KARABEYLER;KARABEYLER KÜME EVLER;sokak;22651
KASTAMONU;DEVREKANİ;BAŞAKPINARTEPE - MERKEZ;MERKEZ KÜME EVLER;sokak;36993
KASTAMONU;DEVREKANİ;BELOVACIK - GÜNEYLİ;GÜNEYLİ KÜME EVLER;sokak;483397
KASTAMONU;DEVREKANİ;BELOVACIK - KARAOĞLAN;MEHMET ALİ KÜME EVLER;sokak;491663
KASTAMONU;DEVREKANİ;BELOVACIK - KAYMAKÇI;KAYMAKÇI KÜME EVLER;sokak;485165
KASTAMONU;DEVREKANİ;BELOVACIK - MERKEZ;MERKEZ KÜME EVLER;sokak;492568
KASTAMONU;DEVREKANİ;BELOVACIK - NAİPOĞLU;NAİPOĞLU KÜME EVLER;sokak;491675
KASTAMONU;DEVREKANİ;BINKILDAYIK - HACI HASAN;HACI HASAN KÜME EVLER;sokak;476224
KASTAMONU;DEVREKANİ;BINKILDAYIK - ORUÇ;ORUÇ KÜME EVLER;sokak;21829
KASTAMONU;DEVREKANİ;BINKILDAYIK - VEFA;VEFA KÜME EVLER;sokak;475085
KASTAMONU;DEVREKANİ;BOZARMUT - ALAGERİŞ;ALAGERİŞ KÜME EVLER;sokak;503645
KASTAMONU;DEVREKANİ;BOZARMUT - AYVACA;AYVACA KÜME EVLER;sokak;505942
KASTAMONU;DEVREKANİ;BOZARMUT - HATAP;HATAP KÜME EVLER;sokak;506478
KASTAMONU;DEVREKANİ;BOZARMUT - KEPEZ;KEPEZ KÜME EVLER;sokak;494690
KASTAMONU;DEVREKANİ;BOZARMUT - MERKEZ;MERKEZ KÜME EVLER;sokak;503648
KASTAMONU;DEVREKANİ;BOZKOCA - ALİUSTAOĞLU;ALİUSTAOĞLU KÜME EVLER;sokak;496514
KASTAMONU;DEVREKANİ;BOZKOCA - ÇAKALLAR;ÇAKALLAR KÜME EVLER;sokak;506849
KASTAMONU;DEVREKANİ;BOZKOCA - MERKEZ;MERKEZ KÜME EVLER;sokak;501523
KASTAMONU;DEVREKANİ;BOZKOCA - OSMANOĞLU;OAMANOĞLU KÜME EVLER;sokak;356173
KASTAMONU;DEVREKANİ;BOZKOCATEPE - BOZKOCATEPE;BOZKOCATEPE KÜME EVLER;sokak;474376
KASTAMONU;DEVREKANİ;BOZKOCATEPE - KAVUNCULAR;KAVUNCULAR KÜME EVLER;sokak;481459
KASTAMONU;DEVREKANİ;BOZKOCATEPE - KURUKAVAK;KURUKAVAK KÜME EVLER;sokak;484596
KASTAMONU;DEVREKANİ;ÇATAK - MERKEZ;MERKEZ KÜME EVLER;sokak;491401
KASTAMONU;DEVREKANİ;ÇATAK - TEPE;TEPE KÜME EVLER;sokak;488654
KASTAMONU;DEVREKANİ;ÇATAK - TOPCU;TOPÇU KÜME EVLER;sokak;492762
KASTAMONU;DEVREKANİ;ÇAVUŞLU - DURALI;DURALI KÜME EVLER;sokak;502950
KASTAMONU;DEVREKANİ;ÇAVUŞLU - KÜP;KÜP KÜME EVLER;sokak;511965
KASTAMONU;DEVREKANİ;ÇAVUŞLU - MERKEZ;MERKEZ KÜME EVLER;sokak;505757
KASTAMONU;DEVREKANİ;ÇAVUŞLU - ÖRENCİK;ÖRENCİK KÜME EVLER;sokak;500805
KASTAMONU;DEVREKANİ;ÇAYIRCIK;1. SOKAK;sokak;254430
KASTAMONU;DEVREKANİ;ÇAYIRCIK;1/1 SOKAK;sokak;159754511
KASTAMONU;DEVREKANİ;ÇAYIRCIK;2. SOKAK;sokak;254431
KASTAMONU;DEVREKANİ;ÇAYIRCIK;3. SOKAK;sokak;254432
KASTAMONU;DEVREKANİ;ÇAYIRCIK;5. SOKAK;sokak;254433
KASTAMONU;DEVREKANİ;ÇAYIRCIK;7. SOKAK;sokak;254434
KASTAMONU;DEVREKANİ;ÇAYIRCIK;ASMALI SOKAK;sokak;480499
KASTAMONU;DEVREKANİ;ÇAYIRCIK;BİLGE SOKAK;sokak;445625
KASTAMONU;DEVREKANİ;ÇAYIRCIK;CAMİ SOKAK;sokak;445627
KASTAMONU;DEVREKANİ;ÇAYIRCIK;EMRE 1. SOKAK;sokak;438558160
KASTAMONU;DEVREKANİ;ÇAYIRCIK;EMRE SOKAK;sokak;489833
KASTAMONU;DEVREKANİ;ÇAYIRCIK;ETÇİ KÜME EVLER;sokak;487645591
KASTAMONU;DEVREKANİ;ÇAYIRCIK;FATİH SULTAN MEHMET 1. SOKAK;sokak;824238641
KASTAMONU;DEVREKANİ;ÇAYIRCIK;FATİH SULTAN MEHMET 2. SOKAK;sokak;401030530
KASTAMONU;DEVREKANİ;ÇAYIRCIK;FATİH SULTAN MEHMET CADDE;cadde;254435
KASTAMONU;DEVREKANİ;ÇAYIRCIK;FINDIK KÜME EVLER;sokak;254436
KASTAMONU;DEVREKANİ;ÇAYIRCIK;HATİCE ALİME HUMA HATUN SOKAK;sokak;445629
KASTAMONU;DEVREKANİ;ÇAYIRCIK;İNCİ SOKAK;sokak;842420
KASTAMONU;DEVREKANİ;ÇAYIRCIK;KASTAMONU CADDE;cadde;445628
KASTAMONU;DEVREKANİ;ÇAYIRCIK;KURTULUŞ 1. SOKAK;sokak;296462051
KASTAMONU;DEVREKANİ;ÇAYIRCIK;KURTULUŞ SOKAK;sokak;253117
KASTAMONU;DEVREKANİ;ÇAYIRCIK;MISIRLI KÜME EVLER;sokak;254437
KASTAMONU;DEVREKANİ;ÇAYIRCIK;VATAN SOKAK;sokak;842446
KASTAMONU;DEVREKANİ;ÇAYIRCIK;YAHNİOĞLU KÜME EVLER;sokak;902736240
KASTAMONU;DEVREKANİ;ÇAYIRCIK;YENİ SANAYİ SİTESİ CADDE;cadde;254438
KASTAMONU;DEVREKANİ;ÇONTAY - CİNİTCİ;CİNİTCİ KÜME EVLER;sokak;110146
KASTAMONU;DEVREKANİ;ÇONTAY - MERKEZ;MERKEZ KÜME EVLER;sokak;479382
KASTAMONU;DEVREKANİ;ÇONTAY - SIPACI;SIPACI KÜME EVLER;sokak;479786
KASTAMONU;DEVREKANİ;ÇORBACI - ALİBEYOĞLU;ALİBEYOĞLU KÜME EVLER;sokak;485445
KASTAMONU;DEVREKANİ;ÇORBACI - GELİNOĞLU;GELİNOĞLU KÜME EVLER;sokak;482462
KASTAMONU;DEVREKANİ;ÇORBACI - MERKEZ;MERKEZ KÜME EVLER;sokak;482830
KASTAMONU;DEVREKANİ;ÇÖREKÇİ - DEMİRCİ;DEMİRCİ KÜME EVLER;sokak;505009
KASTAMONU;DEVREKANİ;ÇÖREKÇİ - ELMALI CAMİ;ELMALI CAMİ KÜME EVLER;sokak;497359
KASTAMONU;DEVREKANİ;ÇÖREKÇİ - KARAŞABAN;KARAŞABAN KÜME EVLER;sokak;500622
KASTAMONU;DEVREKANİ;ÇÖREKÇİ - KAYA ÇUKURU;KAYA ÇUKURU KÜME EVLER;sokak;394907
KASTAMONU;DEVREKANİ;ÇÖREKÇİ - MERKEZ;MERKEZ KÜME EVLER;sokak;88671
KASTAMONU;DEVREKANİ;ÇÖREKÇİ - SAFDAĞ;SAFDAĞ KÜME EVLER;sokak;497356
KASTAMONU;DEVREKANİ;ÇÖREKÇİ - TÜYSÜZ;TÜYSÜZ KÜME EVLER;sokak;496127
KASTAMONU;DEVREKANİ;ÇÖREKÇİ - YENİ;YENİ KÜME EVLER;sokak;496123
KASTAMONU;DEVREKANİ;DOĞUÖRCÜNLER - BAYRAMOĞLU;BAYRAMOĞLU KÜME EVLER;sokak;487020
KASTAMONU;DEVREKANİ;DOĞUÖRCÜNLER - KARAHÜSEYİN;KARAHÜSEYİN KÜME EVLER;sokak;487042
KASTAMONU;DEVREKANİ;DOĞUÖRCÜNLER - KUTUCULAR;KUTUCULAR KÜME EVLER;sokak;487019
KASTAMONU;DEVREKANİ;DOĞUÖRCÜNLER - ÖRCÜNLER;ÖRCÜNLER KÜME EVLER;sokak;493252
KASTAMONU;DEVREKANİ;DOĞUÖRCÜNLER - TOPLAR;TOPLAR KÜME EVLER;sokak;494073
KASTAMONU;DEVREKANİ;ELMALITEKKE - AYDINLAR;AYDINLAR KÜME EVLER;sokak;488751
KASTAMONU;DEVREKANİ;ELMALITEKKE - MERKEZ;MERKEZ KÜME EVLER;sokak;489119
KASTAMONU;DEVREKANİ;ELMALITEKKE - MÜEZZİN;MÜEZZİN KÜME EVLER;sokak;487805
KASTAMONU;DEVREKANİ;ELMALITEKKE - SARI;SARI KÜME EVLER;sokak;487813
KASTAMONU;DEVREKANİ;ELMALITEKKE - TUĞMAN;TUĞMAN KÜME EVLER;sokak;488760
KASTAMONU;DEVREKANİ;ERENLER - ISIRGANLI;ISIRGANLI KÜME EVLER;sokak;490045
KASTAMONU;DEVREKANİ;ERENLER - MERKEZ;MERKEZ KÜME EVLER;sokak;498048
KASTAMONU;DEVREKANİ;ERENLER - SOĞUK;SOĞUK KÜME EVLER;sokak;489679
KASTAMONU;DEVREKANİ;ERENLER - YAYLA;YAYLA KÜME EVLER;sokak;491892
KASTAMONU;DEVREKANİ;ETÇİLER;ASMALI SOKAK;sokak;570805900
KASTAMONU;DEVREKANİ;ETÇİLER;ETÇİ KÜME EVLER;sokak;254440
KASTAMONU;DEVREKANİ;ETÇİLER;YAHNİOĞLU KÜME EVLER;sokak;254439
KASTAMONU;DEVREKANİ;FAKILAR - BEYLER;BEYLER KÜME EVLER;sokak;500595
KASTAMONU;DEVREKANİ;FAKILAR - ÇERÇİ DERESİ;ÇERÇİ DERESİ KÜME EVLER;sokak;504628
KASTAMONU;DEVREKANİ;FAKILAR - ESENTAŞ;ESENTAŞ KÜME EVLER;sokak;504627
KASTAMONU;DEVREKANİ;FAKILAR - MERKEZ;MERKEZ KÜME EVLER;sokak;500591
KASTAMONU;DEVREKANİ;GÖYNÜKÖREN - MERKEZ;MERKEZ KÜME EVLER;sokak;477639
KASTAMONU;DEVREKANİ;HABEŞLİ - AŞAĞI HASANEFENDİ;AŞAĞI HASANEFENDİ KÜME EVLER;sokak;572990
KASTAMONU;DEVREKANİ;HABEŞLİ - DUACI;DUACI KÜME EVLER;sokak;507358
KASTAMONU;DEVREKANİ;HABEŞLİ - KARAKUM;KARAKUM KÜME EVLER;sokak;501205
KASTAMONU;DEVREKANİ;HABEŞLİ - KURTMAHMUT;KURTMAHMUT KÜME EVLER;sokak;507314
KASTAMONU;DEVREKANİ;HABEŞLİ - MERKEZ;MERKEZ KÜME EVLER;sokak;496346
KASTAMONU;DEVREKANİ;HABEŞLİ - TUZCULAR;TUZCULAR KÜME EVLER;sokak;506080
KASTAMONU;DEVREKANİ;HABEŞLİ - YAĞBEY;YAĞBEY KÜME EVLER;sokak;501920
KASTAMONU;DEVREKANİ;HABEŞLİ - YENİ;YENİ KÜME EVLER;sokak;497399
KASTAMONU;DEVREKANİ;HABEŞLİ - YENİKOMŞU;YENİKOMŞU KÜME EVLER;sokak;507280
KASTAMONU;DEVREKANİ;HABEŞLİ - YUKARI HASANEFENDİ;YUKARI HASANEFENDİ KÜME EVLER;sokak;507343
KASTAMONU;DEVREKANİ;HASIRLI - GÜNEY;GÜNEY KÜME EVLER;sokak;494496
KASTAMONU;DEVREKANİ;HASIRLI - MERKEZ;MERKEZ KÜME EVLER;sokak;496632
KASTAMONU;DEVREKANİ;HASIRLI - ŞABANBEYOĞLU;ŞABANBEYOĞLU KÜME EVLER;sokak;494499
KASTAMONU;DEVREKANİ;İNCİĞEZ - AHALAR;AHALAR KÜME EVLER;sokak;496444
KASTAMONU;DEVREKANİ;İNCİĞEZ - KUZGEÇE;KUZGEÇE KÜME EVLER;sokak;496440
KASTAMONU;DEVREKANİ;İNCİĞEZ - MERKEZ;MERKEZ KÜME EVLER;sokak;499631
KASTAMONU;DEVREKANİ;İSMAİLBEY;1.AKSU SOKAK;sokak;476518
KASTAMONU;DEVREKANİ;İSMAİLBEY;AKINCI SOKAK;sokak;254441
KASTAMONU;DEVREKANİ;İSMAİLBEY;ALTINTAŞ 1. SOKAK;sokak;142727850
KASTAMONU;DEVREKANİ;İSMAİLBEY;ALTINTAŞ SOKAK;sokak;885505
KASTAMONU;DEVREKANİ;İSMAİLBEY;ANADOLU 1. SOKAK;sokak;1163261
KASTAMONU;DEVREKANİ;İSMAİLBEY;ANADOLU SOKAK;sokak;488975
KASTAMONU;DEVREKANİ;İSMAİLBEY;AVUKAT HAKKI KÖYLÜ CADDE;cadde;445636
KASTAMONU;DEVREKANİ;İSMAİLBEY;AYDINLIK 1. SOKAK;sokak;265701840
KASTAMONU;DEVREKANİ;İSMAİLBEY;AYDINLIK SOKAK;sokak;445634
KASTAMONU;DEVREKANİ;İSMAİLBEY;BAHAR SOKAK;sokak;254447
KASTAMONU;DEVREKANİ;İSMAİLBEY;BARIŞ 1 SOKAK;sokak;619706200
KASTAMONU;DEVREKANİ;İSMAİLBEY;BARIŞ CADDE;cadde;254449
KASTAMONU;DEVREKANİ;İSMAİLBEY;BESTE SOKAK;sokak;885506
KASTAMONU;DEVREKANİ;İSMAİLBEY;BOZKOCA CADDE;cadde;302223350
KASTAMONU;DEVREKANİ;İSMAİLBEY;BOZKURT CADDE;cadde;452223121
KASTAMONU;DEVREKANİ;İSMAİLBEY;BULUT SOKAK;sokak;254444
KASTAMONU;DEVREKANİ;İSMAİLBEY;CAN SOKAK;sokak;445632
KASTAMONU;DEVREKANİ;İSMAİLBEY;CANLI SOKAK;sokak;823497
KASTAMONU;DEVREKANİ;İSMAİLBEY;CENNET SOKAK;sokak;823312
KASTAMONU;DEVREKANİ;İSMAİLBEY;CUMHURİYET 1. SOKAK;sokak;657719901
KASTAMONU;DEVREKANİ;İSMAİLBEY;CUMHURİYET 2. SOKAK;sokak;503012820
KASTAMONU;DEVREKANİ;İSMAİLBEY;CUMHURİYET 3. SOKAK;sokak;463707630
KASTAMONU;DEVREKANİ;İSMAİLBEY;CUMHURİYET CADDE;cadde;254450
KASTAMONU;DEVREKANİ;İSMAİLBEY;ÇAĞDAŞ 1 SOKAK;sokak;287287721
KASTAMONU;DEVREKANİ;İSMAİLBEY;ÇAĞDAŞ SOKAK;sokak;445631
KASTAMONU;DEVREKANİ;İSMAİLBEY;DERE SOKAK;sokak;1313881
KASTAMONU;DEVREKANİ;İSMAİLBEY;DİKMEN SOKAK;sokak;823278
KASTAMONU;DEVREKANİ;İSMAİLBEY;DURU SOKAK;sokak;254443
KASTAMONU;DEVREKANİ;İSMAİLBEY;EKİN SOKAK;sokak;445630
KASTAMONU;DEVREKANİ;İSMAİLBEY;FATİH SOKAK;sokak;335374571
KASTAMONU;DEVREKANİ;İSMAİLBEY;FATİH SULTAN MEHMET CADDE;cadde;654857991
KASTAMONU;DEVREKANİ;İSMAİLBEY;GÜLBAHAR SOKAK;sokak;823274
KASTAMONU;DEVREKANİ;İSMAİLBEY;GÜLBAHÇE 1 SOKAK;sokak;192234940
KASTAMONU;DEVREKANİ;İSMAİLBEY;GÜLBAHÇE SOKAK;sokak;254442
KASTAMONU;DEVREKANİ;İSMAİLBEY;GÜNEŞTEPE SOKAK;sokak;885500
KASTAMONU;DEVREKANİ;İSMAİLBEY;GÜZİDE SOKAK;sokak;348017
KASTAMONU;DEVREKANİ;İSMAİLBEY;HASAN ŞEN CADDE;cadde;254451
KASTAMONU;DEVREKANİ;İSMAİLBEY;HAYAT 1 SOKAK;sokak;205926971
KASTAMONU;DEVREKANİ;İSMAİLBEY;HAYAT SOKAK;sokak;254445
KASTAMONU;DEVREKANİ;İSMAİLBEY;HAYDAR 1. SOKAK;sokak;372768621
KASTAMONU;DEVREKANİ;İSMAİLBEY;HAYDAR CADDE;cadde;445635
KASTAMONU;DEVREKANİ;İSMAİLBEY;HAZAN SOKAK;sokak;892768
KASTAMONU;DEVREKANİ;İSMAİLBEY;HİLAL SOKAK;sokak;445633
KASTAMONU;DEVREKANİ;İSMAİLBEY;İMREN SOKAK;sokak;254448
KASTAMONU;DEVREKANİ;İSMAİLBEY;KARŞIHARMANLAR 1. SOKAK;sokak;846462491
KASTAMONU;DEVREKANİ;İSMAİLBEY;KARŞIHARMANLAR CADDE;cadde;254452
KASTAMONU;DEVREKANİ;İSMAİLBEY;KIZILBAYIR SOKAK;sokak;823293
KASTAMONU;DEVREKANİ;İSMAİLBEY;KIZILCIK SOKAK;sokak;823375
KASTAMONU;DEVREKANİ;İSMAİLBEY;KORU SOKAK;sokak;885503
KASTAMONU;DEVREKANİ;İSMAİLBEY;KUZEY SOKAK;sokak;126928101
KASTAMONU;DEVREKANİ;İSMAİLBEY;LİSE 1 SOKAK;sokak;921182071
KASTAMONU;DEVREKANİ;İSMAİLBEY;LİSE SOKAK;sokak;1146399
KASTAMONU;DEVREKANİ;İSMAİLBEY;SAHRA SOKAK;sokak;885502
KASTAMONU;DEVREKANİ;İSMAİLBEY;SAMANYOLU SOKAK;sokak;885501
KASTAMONU;DEVREKANİ;İSMAİLBEY;SANCAK SOKAK;sokak;885504
KASTAMONU;DEVREKANİ;İSMAİLBEY;SARDUNYA SOKAK;sokak;823427
KASTAMONU;DEVREKANİ;İSMAİLBEY;SUSAM SOKAK;sokak;823495
KASTAMONU;DEVREKANİ;İSMAİLBEY;ŞAHİN SOKAK;sokak;790069460
KASTAMONU;DEVREKANİ;İSMAİLBEY;ŞEHİT ŞERİFE BACI CADDE;cadde;254453
KASTAMONU;DEVREKANİ;İSMAİLBEY;TEKÇAM SOKAK;sokak;823348
KASTAMONU;DEVREKANİ;İSMAİLBEY;TUNÇ SOKAK;sokak;892767
KASTAMONU;DEVREKANİ;İSMAİLBEY;UFUK 1. SOKAK;sokak;437163640
KASTAMONU;DEVREKANİ;İSMAİLBEY;UFUK 2. SOKAK;sokak;590279121
KASTAMONU;DEVREKANİ;İSMAİLBEY;UFUK 3. SOKAK;sokak;348853760
KASTAMONU;DEVREKANİ;İSMAİLBEY;UFUK SOKAK;sokak;254454
KASTAMONU;DEVREKANİ;İSMAİLBEY;UĞUR 1. SOKAK;sokak;733858900
KASTAMONU;DEVREKANİ;İSMAİLBEY;UĞUR 2. SOKAK;sokak;233715521
KASTAMONU;DEVREKANİ;İSMAİLBEY;UĞUR 3. SOKAK;sokak;525358791
KASTAMONU;DEVREKANİ;İSMAİLBEY;UĞUR SOKAK;sokak;254455
KASTAMONU;DEVREKANİ;İSMAİLBEY;VAKIF CADDE;cadde;254456
KASTAMONU;DEVREKANİ;İSMAİLBEY;YAĞMUR 1. SOKAK;sokak;793531161
KASTAMONU;DEVREKANİ;İSMAİLBEY;YAĞMUR SOKAK;sokak;858576
KASTAMONU;DEVREKANİ;İSMAİLBEY;YAYLA SOKAK;sokak;823290
KASTAMONU;DEVREKANİ;İSMAİLBEY;YENİÇAĞ SOKAK;sokak;445637
KASTAMONU;DEVREKANİ;İSMAİLBEY;YEŞİLTEPE SOKAK;sokak;254446
KASTAMONU;DEVREKANİ;KADIOĞLU - DAVUTOĞLU;DAVUTOĞLU KÜME EVLER;sokak;510850
KASTAMONU;DEVREKANİ;KADIOĞLU - DEMİRCİ;DEMİRCİ KÜME EVLER;sokak;518863
KASTAMONU;DEVREKANİ;KADIOĞLU - HIDIROĞLU;HIDIROĞLU KÜME EVLER;sokak;517558
KASTAMONU;DEVREKANİ;KADIOĞLU - KARAHALİL;KARAHALİL KÜME EVLER;sokak;34432
KASTAMONU;DEVREKANİ;KADIOĞLU - KUZ;KUZ KÜME EVLER;sokak;517533
KASTAMONU;DEVREKANİ;KADIOĞLU - MERKEZ;MERKEZ KÜME EVLER;sokak;522043
KASTAMONU;DEVREKANİ;KADIOĞLU - SOFUOĞLU;SOFUOĞLU KÜME EVLER;sokak;513095
KASTAMONU;DEVREKANİ;KADİRBEY;AHMETOĞLU KÜME EVLER;sokak;254458
KASTAMONU;DEVREKANİ;KADİRBEY;BUĞDÜZ KÜME EVLER;sokak;591366971
KASTAMONU;DEVREKANİ;KADİRBEY;ÇINARLI SOKAK;sokak;254457
KASTAMONU;DEVREKANİ;KADİRBEY;ÇİMKELER 1 SOKAK;sokak;251941190
KASTAMONU;DEVREKANİ;KADİRBEY;ÇİMKELER 2 SOKAK;sokak;720730831
KASTAMONU;DEVREKANİ;KADİRBEY;ÇİMKELER 3 SOKAK;sokak;877933521
KASTAMONU;DEVREKANİ;KADİRBEY;ÇİMKELER 4 SOKAK;sokak;766041721
KASTAMONU;DEVREKANİ;KADİRBEY;ÇİMKELER 5 SOKAK;sokak;336949770
KASTAMONU;DEVREKANİ;KADİRBEY;ÇİMKELER SOKAK;sokak;254460
KASTAMONU;DEVREKANİ;KADİRBEY;DURAN KÜME EVLER;sokak;254459
KASTAMONU;DEVREKANİ;KADİRBEY;İSTİKLAL 1 SOKAK;sokak;104979641
KASTAMONU;DEVREKANİ;KADİRBEY;İSTİKLAL 3 SOKAK;sokak;484284781
KASTAMONU;DEVREKANİ;KADİRBEY;İSTİKLAL 6 SOKAK;sokak;745515991
KASTAMONU;DEVREKANİ;KADİRBEY;İSTİKLAL 7 SOKAK;sokak;808158141
KASTAMONU;DEVREKANİ;KADİRBEY;İSTİKLAL 8 SOKAK;sokak;587379091
KASTAMONU;DEVREKANİ;KADİRBEY;İSTİKLAL CADDE;cadde;445639
KASTAMONU;DEVREKANİ;KADİRBEY;KARLI SOKAK;sokak;445638
KASTAMONU;DEVREKANİ;KADİRBEY;ÜRKÜT SOKAK;sokak;254461
KASTAMONU;DEVREKANİ;KANLIABAT - ARKUTÇA;ARKUTÇA KÜME EVLER;sokak;494379
KASTAMONU;DEVREKANİ;KANLIABAT - GÜNEY;GÜNEY KÜME EVLER;sokak;488723
KASTAMONU;DEVREKANİ;KANLIABAT - KARAKUM;KARAKUM KÜME EVLER;sokak;494377
KASTAMONU;DEVREKANİ;KANLIABAT - MERKEZ;MERKEZ KÜME EVLER;sokak;499466
KASTAMONU;DEVREKANİ;KARAÇAM - KARAVEN;KARAVEN KÜME EVLER;sokak;93819
KASTAMONU;DEVREKANİ;KARAÇAM - ŞENLİK MERKEZ;ŞENLİK MERKEZ KÜME EVLER;sokak;515874
KASTAMONU;DEVREKANİ;KARAÇAM - YUKARI KARAVEN;YUKARI KARAVEN KÜME EVLER;sokak;118065
KASTAMONU;DEVREKANİ;KARAYAZICILAR - HACI AHMET;HACI AHMET KÜME EVLER;sokak;483286
KASTAMONU;DEVREKANİ;KARAYAZICILAR - MERKEZ;MERKEZ KÜME EVLER;sokak;485592
KASTAMONU;DEVREKANİ;KASAPLAR - AŞAĞI;AŞAĞI KÜME EVLER;sokak;496984
KASTAMONU;DEVREKANİ;KASAPLAR - MERKEZ;MERKEZ KÜME EVLER;sokak;496990
KASTAMONU;DEVREKANİ;KASAPLAR - TERZİ;TERZİ KÜME EVLER;sokak;496995
KASTAMONU;DEVREKANİ;KINIK - HACELİ;HACELİ KÜME EVLER;sokak;474708
KASTAMONU;DEVREKANİ;KINIK - İĞDİR;İĞDİR KÜME EVLER;sokak;483771
KASTAMONU;DEVREKANİ;KINIK - KULAKSIZLAR;KULAKSIZLAR KÜME EVLER;sokak;480131
KASTAMONU;DEVREKANİ;KINIK - SAKALLAR;SAKALLAR KÜME EVLER;sokak;479691
KASTAMONU;DEVREKANİ;KINIK - YUKARI KINIK;YUKARI KINIK KÜME EVLER;sokak;22648
KASTAMONU;DEVREKANİ;KIZACIK - MERKEZ;MERKEZ 1 KÜME EVLER;sokak;483554
KASTAMONU;DEVREKANİ;KIZACIK - ORTAKÖY;ORTAKÖY KÜME EVLER;sokak;493587
KASTAMONU;DEVREKANİ;KIZACIK - YANIK;YANIK KÜME EVLER;sokak;498945
KASTAMONU;DEVREKANİ;KIZACIK - YUKARI;YUKARI KÜME EVLER;sokak;480448
KASTAMONU;DEVREKANİ;KURTKÖY - ÇİRİŞ;ÇİRİŞ KÜME EVLER;sokak;513595
KASTAMONU;DEVREKANİ;KURTKÖY - DELİHALİLLER;DELİHALİLLER KÜME EVLER;sokak;513583
KASTAMONU;DEVREKANİ;KURTKÖY - KELES;KELES KÜME EVLER;sokak;501674
KASTAMONU;DEVREKANİ;KURTKÖY - MERKEZ;MERKEZ KÜME EVLER;sokak;501633
KASTAMONU;DEVREKANİ;KURTKÖY - NEBİOĞLU;NEBİOĞLU KÜME EVLER;sokak;511526
KASTAMONU;DEVREKANİ;KURTKÖY - YALIKOĞLU;YALIKOĞLU KÜME EVLER;sokak;511551
KASTAMONU;DEVREKANİ;KURTŞEYH;1. CADDE;cadde;678688931
KASTAMONU;DEVREKANİ;KURTŞEYH;2. CADDE;cadde;837422051
KASTAMONU;DEVREKANİ;KURTŞEYH;3. CADDE;cadde;565651871
KASTAMONU;DEVREKANİ;KURTŞEYH;4 CADDE;cadde;783318401
KASTAMONU;DEVREKANİ;KURTŞEYH;4. CADDE;cadde;311600961
KASTAMONU;DEVREKANİ;KURTŞEYH;5. CADDE;cadde;718626431
KASTAMONU;DEVREKANİ;KURTŞEYH;6. CADDE;cadde;373477391
KASTAMONU;DEVREKANİ;KURTŞEYH;7. CADDE;cadde;762361161
KASTAMONU;DEVREKANİ;KURTŞEYH;8. CADDE;cadde;463733611
KASTAMONU;DEVREKANİ;KURTŞEYH;9. CADDE;cadde;804228921
KASTAMONU;DEVREKANİ;KURTŞEYH;ADA SOKAK;sokak;858794
KASTAMONU;DEVREKANİ;KURTŞEYH;AKASYA SOKAK;sokak;254466
KASTAMONU;DEVREKANİ;KURTŞEYH;AKSU SOKAK;sokak;254463
KASTAMONU;DEVREKANİ;KURTŞEYH;ANAOKULU SOKAK;sokak;860624
KASTAMONU;DEVREKANİ;KURTŞEYH;AVUKAT HAKKI KÖYLÜ CADDE;cadde;330230520
KASTAMONU;DEVREKANİ;KURTŞEYH;BAŞAK SOKAK;sokak;445648
KASTAMONU;DEVREKANİ;KURTŞEYH;BAYRAKLI SOKAK;sokak;254474
KASTAMONU;DEVREKANİ;KURTŞEYH;CEMAL TÜRKMEN 1. SOKAK;sokak;292423021
KASTAMONU;DEVREKANİ;KURTŞEYH;CEMAL TÜRKMEN 2. SOKAK;sokak;731149691
KASTAMONU;DEVREKANİ;KURTŞEYH;CEMAL TÜRKMEN SOKAK;sokak;445651
KASTAMONU;DEVREKANİ;KURTŞEYH;CEMRE SOKAK;sokak;254470
KASTAMONU;DEVREKANİ;KURTŞEYH;ÇALIŞKAN SOKAK;sokak;868146
KASTAMONU;DEVREKANİ;KURTŞEYH;ÇAMLIK 1. SOKAK;sokak;908268190
KASTAMONU;DEVREKANİ;KURTŞEYH;ÇAMLIK SOKAK;sokak;254471
KASTAMONU;DEVREKANİ;KURTŞEYH;ÇAYIR 1 SOKAK;sokak;499292191
KASTAMONU;DEVREKANİ;KURTŞEYH;ÇAYIR SOKAK;sokak;363707
KASTAMONU;DEVREKANİ;KURTŞEYH;ÇEŞME 1 SOKAK;sokak;778036820
KASTAMONU;DEVREKANİ;KURTŞEYH;ÇEŞME 2 SOKAK;sokak;211833221
KASTAMONU;DEVREKANİ;KURTŞEYH;ÇEŞME 3 SOKAK;sokak;659052910
KASTAMONU;DEVREKANİ;KURTŞEYH;ÇEŞME 4 SOKAK;sokak;671073911
KASTAMONU;DEVREKANİ;KURTŞEYH;ÇEŞME SOKAK;sokak;254491
KASTAMONU;DEVREKANİ;KURTŞEYH;DAMLA 1 SOKAK;sokak;899524851
KASTAMONU;DEVREKANİ;KURTŞEYH;DAMLA SOKAK;sokak;445641
KASTAMONU;DEVREKANİ;KURTŞEYH;DEFNE SOKAK;sokak;254479
KASTAMONU;DEVREKANİ;KURTŞEYH;DEĞER SOKAK;sokak;509701
KASTAMONU;DEVREKANİ;KURTŞEYH;DEMET SOKAK;sokak;323951
KASTAMONU;DEVREKANİ;KURTŞEYH;DEMİRCİLER CADDE;cadde;363703
KASTAMONU;DEVREKANİ;KURTŞEYH;DENİZ SOKAK;sokak;861822
KASTAMONU;DEVREKANİ;KURTŞEYH;DERELİ CADDE;cadde;1478839
KASTAMONU;DEVREKANİ;KURTŞEYH;DERMAN SOKAK;sokak;254468
KASTAMONU;DEVREKANİ;KURTŞEYH;DERYA 1 SOKAK;sokak;383291570
KASTAMONU;DEVREKANİ;KURTŞEYH;DERYA 2 SOKAK;sokak;631928501
KASTAMONU;DEVREKANİ;KURTŞEYH;DERYA SOKAK;sokak;254462
KASTAMONU;DEVREKANİ;KURTŞEYH;DOLUNAY CADDE;cadde;952455
KASTAMONU;DEVREKANİ;KURTŞEYH;DORUK SOKAK;sokak;1146421
KASTAMONU;DEVREKANİ;KURTŞEYH;DÜZ 1 SOKAK;sokak;652455651
KASTAMONU;DEVREKANİ;KURTŞEYH;DÜZ CADDE;cadde;445649
KASTAMONU;DEVREKANİ;KURTŞEYH;EMEK SOKAK;sokak;445643
KASTAMONU;DEVREKANİ;KURTŞEYH;EMNİYET SOKAK;sokak;254480
KASTAMONU;DEVREKANİ;KURTŞEYH;FESTİVAL SOKAK;sokak;860622
KASTAMONU;DEVREKANİ;KURTŞEYH;FİDAN SOKAK;sokak;254477
KASTAMONU;DEVREKANİ;KURTŞEYH;FİDANLIK SOKAK;sokak;1478853
KASTAMONU;DEVREKANİ;KURTŞEYH;FUAR SOKAK;sokak;845462
KASTAMONU;DEVREKANİ;KURTŞEYH;GELİNCİK 1 SOKAK;sokak;948470761
KASTAMONU;DEVREKANİ;KURTŞEYH;GELİNCİK 2 SOKAK;sokak;155844850
KASTAMONU;DEVREKANİ;KURTŞEYH;GELİNCİK SOKAK;sokak;810007
KASTAMONU;DEVREKANİ;KURTŞEYH;GONCA SOKAK;sokak;254464
KASTAMONU;DEVREKANİ;KURTŞEYH;GÖKÇE 1 SOKAK;sokak;812584510
KASTAMONU;DEVREKANİ;KURTŞEYH;GÖKÇE 2. SOKAK;sokak;256292881
KASTAMONU;DEVREKANİ;KURTŞEYH;GÖKÇE SOKAK;sokak;386601
KASTAMONU;DEVREKANİ;KURTŞEYH;GÜL 1 SOKAK;sokak;577368290
KASTAMONU;DEVREKANİ;KURTŞEYH;GÜL SOKAK;sokak;254478
KASTAMONU;DEVREKANİ;KURTŞEYH;GÜMÜŞ SOKAK;sokak;952461
KASTAMONU;DEVREKANİ;KURTŞEYH;GÜVENLİK 1 SOKAK;sokak;246077801
KASTAMONU;DEVREKANİ;KURTŞEYH;GÜVENLİK CADDE;cadde;254481
KASTAMONU;DEVREKANİ;KURTŞEYH;HACI MUSTAFA KAYA CADDE;cadde;445650
KASTAMONU;DEVREKANİ;KURTŞEYH;HAKİM NURİ SAĞDIÇ 1 SOKAK;sokak;422919220
KASTAMONU;DEVREKANİ;KURTŞEYH;HAKİM NURİ SAĞDIÇ CADDE;cadde;363704
KASTAMONU;DEVREKANİ;KURTŞEYH;HAL 1 SOKAK;sokak;383916031
KASTAMONU;DEVREKANİ;KURTŞEYH;HAL SOKAK;sokak;254482
KASTAMONU;DEVREKANİ;KURTŞEYH;HİSAR SOKAK;sokak;254475
KASTAMONU;DEVREKANİ;KURTŞEYH;HUZUR SOKAK;sokak;445647
KASTAMONU;DEVREKANİ;KURTŞEYH;IHLAMUR 1 SOKAK;sokak;821095130
KASTAMONU;DEVREKANİ;KURTŞEYH;IHLAMUR 2 SOKAK;sokak;894515530
KASTAMONU;DEVREKANİ;KURTŞEYH;IHLAMUR 3 SOKAK;sokak;156131101
KASTAMONU;DEVREKANİ;KURTŞEYH;IHLAMUR 4 SOKAK;sokak;250039060
KASTAMONU;DEVREKANİ;KURTŞEYH;IHLAMUR 5. SOKAK;sokak;616882710
KASTAMONU;DEVREKANİ;KURTŞEYH;IHLAMUR SOKAK;sokak;445644
KASTAMONU;DEVREKANİ;KURTŞEYH;IŞIK SOKAK;sokak;254467
KASTAMONU;DEVREKANİ;KURTŞEYH;İLİM SOKAK;sokak;514630
KASTAMONU;DEVREKANİ;KURTŞEYH;İREM SOKAK;sokak;858631
KASTAMONU;DEVREKANİ;KURTŞEYH;İSFENDİYAR CADDE;cadde;842638960
KASTAMONU;DEVREKANİ;KURTŞEYH;KABA KÜME EVLER;sokak;254483
KASTAMONU;DEVREKANİ;KURTŞEYH;KARANFİL 1 SOKAK;sokak;567004951
KASTAMONU;DEVREKANİ;KURTŞEYH;KARANFİL 2 SOKAK;sokak;252812880
KASTAMONU;DEVREKANİ;KURTŞEYH;KARANFİL SOKAK;sokak;254476
KASTAMONU;DEVREKANİ;KURTŞEYH;KARDELEN SOKAK;sokak;445646
KASTAMONU;DEVREKANİ;KURTŞEYH;KARTAL SOKAK;sokak;952459
KASTAMONU;DEVREKANİ;KURTŞEYH;KAYA SOKAK;sokak;254465
KASTAMONU;DEVREKANİ;KURTŞEYH;KIRÇİÇEĞİ 1 SOKAK;sokak;122503950
KASTAMONU;DEVREKANİ;KURTŞEYH;KIRÇİÇEĞİ SOKAK;sokak;445640
KASTAMONU;DEVREKANİ;KURTŞEYH;KIRIKKALE 1 SOKAK;sokak;110433951
KASTAMONU;DEVREKANİ;KURTŞEYH;KIRIKKALE 2 SOKAK;sokak;501663210
KASTAMONU;DEVREKANİ;KURTŞEYH;KULAKSIZ 1 SOKAK;sokak;336388910
KASTAMONU;DEVREKANİ;KURTŞEYH;KULAKSIZ 2 SOKAK;sokak;269905230
KASTAMONU;DEVREKANİ;KURTŞEYH;KULAKSIZ SOKAK;sokak;254484
KASTAMONU;DEVREKANİ;KURTŞEYH;KULAKSIZLAR 1 SOKAK;sokak;730690560
KASTAMONU;DEVREKANİ;KURTŞEYH;KULAKSIZLAR CADDE;cadde;254485
KASTAMONU;DEVREKANİ;KURTŞEYH;LALE 1 SOKAK;sokak;934831540
KASTAMONU;DEVREKANİ;KURTŞEYH;LALE SOKAK;sokak;512252
KASTAMONU;DEVREKANİ;KURTŞEYH;MEHMET KİTİROĞLU CADDE;cadde;254486
KASTAMONU;DEVREKANİ;KURTŞEYH;MENEKŞE SOKAK;sokak;445642
KASTAMONU;DEVREKANİ;KURTŞEYH;MERCAN 1 SOKAK;sokak;868422591
KASTAMONU;DEVREKANİ;KURTŞEYH;MERCAN SOKAK;sokak;254472
KASTAMONU;DEVREKANİ;KURTŞEYH;MEYDAN CADDE;cadde;363705
KASTAMONU;DEVREKANİ;KURTŞEYH;MUTLU SOKAK;sokak;494730
KASTAMONU;DEVREKANİ;KURTŞEYH;NAZAR SOKAK;sokak;254469
KASTAMONU;DEVREKANİ;KURTŞEYH;NİSAN SOKAK;sokak;858793
KASTAMONU;DEVREKANİ;KURTŞEYH;PAMUKÇULAR CADDE;cadde;254487
KASTAMONU;DEVREKANİ;KURTŞEYH;PARK SOKAK;sokak;254488
KASTAMONU;DEVREKANİ;KURTŞEYH;PAZAR SOKAK;sokak;445652
KASTAMONU;DEVREKANİ;KURTŞEYH;PINAR SOKAK;sokak;952463
KASTAMONU;DEVREKANİ;KURTŞEYH;REŞADİYE CADDE;cadde;363706
KASTAMONU;DEVREKANİ;KURTŞEYH;SAMİBEY CADDE;cadde;254489
KASTAMONU;DEVREKANİ;KURTŞEYH;STADYUM CADDE;cadde;1478843
KASTAMONU;DEVREKANİ;KURTŞEYH;SUDE SOKAK;sokak;860623
KASTAMONU;DEVREKANİ;KURTŞEYH;SÜLEYMAN DEMİRBİLEK SOKAK;sokak;445645
KASTAMONU;DEVREKANİ;KURTŞEYH;ŞHT.İRFAN İDRİSOĞLU CADDE;cadde;296447051
KASTAMONU;DEVREKANİ;KURTŞEYH;ŞHT.NİHAT ODABAŞI CADDE;cadde;254492
KASTAMONU;DEVREKANİ;KURTŞEYH;ŞHT.ŞEVKİ SAKOĞLU 1 SOKAK;sokak;391677210
KASTAMONU;DEVREKANİ;KURTŞEYH;ŞHT.ŞEVKİ SAKOĞLU 2. SOKAK;sokak;309806430
KASTAMONU;DEVREKANİ;KURTŞEYH;ŞHT.ŞEVKİ SAKOĞLU 3. SOKAK;sokak;455439150
KASTAMONU;DEVREKANİ;KURTŞEYH;ŞHT.ŞEVKİ SAKOĞLU 4. SOKAK;sokak;132175590
KASTAMONU;DEVREKANİ;KURTŞEYH;ŞHT.ŞEVKİ SAKOĞLU CADDE;cadde;363708
KASTAMONU;DEVREKANİ;KURTŞEYH;ŞHT.TEĞMEN CEMAL TEPELİ CADDE;cadde;254493
KASTAMONU;DEVREKANİ;KURTŞEYH;ŞHT.UĞUR BOZACI 1 SOKAK;sokak;467479941
KASTAMONU;DEVREKANİ;KURTŞEYH;ŞHT.UĞUR BOZACI CADDE;cadde;445654
KASTAMONU;DEVREKANİ;KURTŞEYH;ŞHT.YÜKSEL YILMAZ CADDE;cadde;254494
KASTAMONU;DEVREKANİ;KURTŞEYH;ŞİŞMANOĞLU CADDE;cadde;254495
KASTAMONU;DEVREKANİ;KURTŞEYH;TAÇ SOKAK;sokak;513233
KASTAMONU;DEVREKANİ;KURTŞEYH;TEKKE KAYASI 1 SOKAK;sokak;274248600
KASTAMONU;DEVREKANİ;KURTŞEYH;TEKKE KAYASI SOKAK;sokak;386579
KASTAMONU;DEVREKANİ;KURTŞEYH;TEKKE KÜME EVLER;sokak;254490
KASTAMONU;DEVREKANİ;KURTŞEYH;TEMMUZ SOKAK;sokak;861824
KASTAMONU;DEVREKANİ;KURTŞEYH;UTKU SOKAK;sokak;952457
KASTAMONU;DEVREKANİ;KURTŞEYH;YELEKLER KÜME EVLER;sokak;445653
KASTAMONU;DEVREKANİ;KURTŞEYH;YILDIZ SOKAK;sokak;254473
KASTAMONU;DEVREKANİ;KURTŞEYH;YOSUN SOKAK;sokak;861823
KASTAMONU;DEVREKANİ;KUZKÖY - BALIBEY;BALIBEY KÜME EVLER;sokak;483785
KASTAMONU;DEVREKANİ;KUZKÖY - DERESÖKÜ;DERESÖKÜ KÜME EVLER;sokak;485505
KASTAMONU;DEVREKANİ;KUZKÖY - GERİŞ;GERİŞ KÜME EVLER;sokak;484941
KASTAMONU;DEVREKANİ;KUZKÖY - KIRINCIK;KIRINCIK KÜME EVLER;sokak;366850
KASTAMONU;DEVREKANİ;KUZKÖY - KUZ;KUZ KÜME EVLER;sokak;483723
KASTAMONU;DEVREKANİ;KUZKÖY - KUZSÖKÜ;KUZSÖKÜ KÜME EVLER;sokak;485497
KASTAMONU;DEVREKANİ;KUZKÖY - MERKEZ;MERKEZ KÜME EVLER;sokak;485940
KASTAMONU;DEVREKANİ;KUZKÖY - OSMANBEY;OSMANBEY KÜME EVLER;sokak;483304
KASTAMONU;DEVREKANİ;KUZKÖY - YUKARI KUZ;YUKARI KUZ KÜME EVLER;sokak;485509
KASTAMONU;DEVREKANİ;LAÇİN - GUBATLAR;GUBATLAR KÜME EVLER;sokak;514213
KASTAMONU;DEVREKANİ;LAÇİN - MERKEZ;MERKEZ KÜME EVLER;sokak;495547
KASTAMONU;DEVREKANİ;LAÇİN - OSMANBEY;OSMANBEY KÜME EVLER;sokak;493748
KASTAMONU;DEVREKANİ;LAÇİN - SIPACI;EK BİNA KÜME EVLER;sokak;514204
KASTAMONU;DEVREKANİ;MÜTEVELLİ;BUĞDÜZ KÜME EVLER;sokak;445655
KASTAMONU;DEVREKANİ;MÜTEVELLİ;ÇAĞLAYAN 1 SOKAK;sokak;838958470
KASTAMONU;DEVREKANİ;MÜTEVELLİ;ÇAĞLAYAN 2 SOKAK;sokak;481587450
KASTAMONU;DEVREKANİ;MÜTEVELLİ;ÇAĞLAYAN 3 SOKAK;sokak;908826141
KASTAMONU;DEVREKANİ;MÜTEVELLİ;ÇAĞLAYAN CADDE;cadde;254824
KASTAMONU;DEVREKANİ;MÜTEVELLİ;GECENİ KÜME EVLER;sokak;254822
KASTAMONU;DEVREKANİ;MÜTEVELLİ;HAZNEDAR 1 SOKAK;sokak;164963411
KASTAMONU;DEVREKANİ;MÜTEVELLİ;HAZNEDAR 2 SOKAK;sokak;740588010
KASTAMONU;DEVREKANİ;MÜTEVELLİ;HAZNEDAR 3 SOKAK;sokak;688109690
KASTAMONU;DEVREKANİ;MÜTEVELLİ;HAZNEDAR SOKAK;sokak;363709
KASTAMONU;DEVREKANİ;MÜTEVELLİ;HÜNKAR SOKAK;sokak;254496
KASTAMONU;DEVREKANİ;MÜTEVELLİ;KÖSEOĞLU KÜME EVLER;sokak;254823
KASTAMONU;DEVREKANİ;MÜTEVELLİ;MURADİYE KÜME EVLER;sokak;445656
KASTAMONU;DEVREKANİ;MÜTEVELLİ;ÖMEROĞLU KÜME EVLER;sokak;473733
KASTAMONU;DEVREKANİ;MÜTEVELLİ;YEŞİL 1 SOKAK;sokak;114386521
KASTAMONU;DEVREKANİ;MÜTEVELLİ;YEŞİL 2 SOKAK;sokak;306316261
KASTAMONU;DEVREKANİ;MÜTEVELLİ;YEŞİL SOKAK;sokak;254497
KASTAMONU;DEVREKANİ;ÖRENBAŞI - KADIOĞLU;KADIOĞLU KÜME EVLER;sokak;495540
KASTAMONU;DEVREKANİ;ÖRENBAŞI - MERKEZ;MERKEZ KÜME EVLER;sokak;495519
KASTAMONU;DEVREKANİ;PINARÖZÜ - ÇAKIROĞLU;ÇAKIROĞLU KÜME EVLER;sokak;507752
KASTAMONU;DEVREKANİ;PINARÖZÜ - EĞRİÇ;EĞRİÇ KÜME EVLER;sokak;506956
KASTAMONU;DEVREKANİ;PINARÖZÜ - KARAOLUK;KARAOLUK KÜME EVLER;sokak;506571
KASTAMONU;DEVREKANİ;PINARÖZÜ - MERKEZ;MERKEZ KÜME EVLER;sokak;295773
KASTAMONU;DEVREKANİ;PINARÖZÜ - MOLLA;MOLLA KÜME EVLER;sokak;507758
KASTAMONU;DEVREKANİ;PINARÖZÜ - NASIFOĞLU;NASIFOĞLU KÜME EVLER;sokak;495703
KASTAMONU;DEVREKANİ;SARAYDURAK - AŞAĞI;AŞAĞI KÜME EVLER;sokak;28972
KASTAMONU;DEVREKANİ;SARAYDURAK - BÜRÜMCE;BÜRÜMCE KÜME EVLER;sokak;474645
KASTAMONU;DEVREKANİ;SARAYDURAK - ÇAL;ÇAL KÜME EVLER;sokak;474632
KASTAMONU;DEVREKANİ;SARAYDURAK - DEVRENCİK;DEVRENCİK KÜME EVLER;sokak;491063
KASTAMONU;DEVREKANİ;SARAYDURAK - DORA;DORA KÜME EVLER;sokak;370618
KASTAMONU;DEVREKANİ;SARAYDURAK - GINAKAYASI;GINAKAYASI KÜME EVLER;sokak;481368
KASTAMONU;DEVREKANİ;SARAYDURAK - HACI KÖSE;HACI KÖSE KÜME EVLER;sokak;479445
KASTAMONU;DEVREKANİ;SARAYDURAK - SARAY;SARAY KÜME EVLER;sokak;370996
KASTAMONU;DEVREKANİ;SARAYDURAK - ŞEKERCİ;ŞEKERCİ KÜME EVLER;sokak;28962
KASTAMONU;DEVREKANİ;SARIYONCA - AŞAĞI KÜPLER;AŞAĞI KÜPLER SOKAK;sokak;744532830
KASTAMONU;DEVREKANİ;SARIYONCA - AŞAĞI KÜPLER;MUHARREM ÖMEROĞLU KÜME EVLER;sokak;498957
KASTAMONU;DEVREKANİ;SARIYONCA - DÜNDARLAR;DÜNDARLAR KÜME EVLER;sokak;490466
KASTAMONU;DEVREKANİ;SARIYONCA - KADI;KADI KÜME EVLER;sokak;490471
KASTAMONU;DEVREKANİ;SARIYONCA - MERKEZ;MERKEZ KÜME EVLER;sokak;497595
KASTAMONU;DEVREKANİ;SARIYONCA - YOLASIĞMAZ;YOLASIĞMAZ KÜME EVLER;sokak;498964
KASTAMONU;DEVREKANİ;SARIYONCA - YUKARI KÜPLER;YUKARI KÜPLER KÜME EVLER;sokak;110051
KASTAMONU;DEVREKANİ;SARPINALINCA - ALINCA;ALINCA KÜME EVLER;sokak;503657
KASTAMONU;DEVREKANİ;SARPINALINCA - KOKURDAN;KOKURDAN KÜME EVLER;sokak;503668
KASTAMONU;DEVREKANİ;SARPINALINCA - MERKEZ;MERKEZ KÜME EVLER;sokak;506480
KASTAMONU;DEVREKANİ;SAZYAKA;1.BOZKURT CADDE;cadde;836385
KASTAMONU;DEVREKANİ;SAZYAKA;10. SOKAK;sokak;949769
KASTAMONU;DEVREKANİ;SAZYAKA;11. SOKAK;sokak;949781
KASTAMONU;DEVREKANİ;SAZYAKA;FATİH 1 SOKAK;sokak;884221261
KASTAMONU;DEVREKANİ;SAZYAKA;FATİH SOKAK;sokak;491041
KASTAMONU;DEVREKANİ;SAZYAKA;FIRAT 1 SOKAK;sokak;474370821
KASTAMONU;DEVREKANİ;SAZYAKA;FIRAT SOKAK;sokak;254828
KASTAMONU;DEVREKANİ;SAZYAKA;GAZİ SOKAK;sokak;254825
KASTAMONU;DEVREKANİ;SAZYAKA;GÜNEBAKAN SOKAK;sokak;125797770
KASTAMONU;DEVREKANİ;SAZYAKA;HASANBEYOĞLU 1 SOKAK;sokak;484753701
KASTAMONU;DEVREKANİ;SAZYAKA;HASANBEYOĞLU SOKAK;sokak;1343021
KASTAMONU;DEVREKANİ;SAZYAKA;İSİMSİZ 3 SOKAK;sokak;757840900
KASTAMONU;DEVREKANİ;SAZYAKA;KULAKSIZ SOKAK;sokak;913626571
KASTAMONU;DEVREKANİ;SAZYAKA;ÖĞRT.EVLERİ 1 SOKAK;sokak;945742661
KASTAMONU;DEVREKANİ;SAZYAKA;ÖĞRT.EVLERİ CADDE;cadde;363710
KASTAMONU;DEVREKANİ;SAZYAKA;SAZYAKA 1 SOKAK;sokak;708623390
KASTAMONU;DEVREKANİ;SAZYAKA;SAZYAKA KÜME EVLER;sokak;445657
KASTAMONU;DEVREKANİ;SAZYAKA;SILA SOKAK;sokak;428278990
KASTAMONU;DEVREKANİ;SAZYAKA;SÜNNÜOĞLU 1 SOKAK;sokak;718407551
KASTAMONU;DEVREKANİ;SAZYAKA;SÜNNÜOĞLU 2 SOKAK;sokak;265266240
KASTAMONU;DEVREKANİ;SAZYAKA;SÜNNÜOĞLU 3 SOKAK;sokak;187977530
KASTAMONU;DEVREKANİ;SAZYAKA;SÜNNÜOĞLU 5 SOKAK;sokak;845958751
KASTAMONU;DEVREKANİ;SAZYAKA;SÜNNÜOĞLU 6 SOKAK;sokak;833327590
KASTAMONU;DEVREKANİ;SAZYAKA;SÜNNÜOĞLU SOKAK;sokak;254827
KASTAMONU;DEVREKANİ;SAZYAKA;YADİGAR 1 SOKAK;sokak;424091931
KASTAMONU;DEVREKANİ;SAZYAKA;YADİGAR SOKAK;sokak;595546751
KASTAMONU;DEVREKANİ;SAZYAKA;YUNUS SOKAK;sokak;254826
KASTAMONU;DEVREKANİ;SELAHATTİNKÖY - MERKEZ;MERKEZ KÜME EVLER;sokak;27308
KASTAMONU;DEVREKANİ;SELAHATTİNKÖY - SEFER;SEFER KÜME EVLER;sokak;348150
KASTAMONU;DEVREKANİ;SİNANTEKKE - ÇERİBAŞI;ÇERİBAŞI KÜME EVLER;sokak;478627
KASTAMONU;DEVREKANİ;SİNANTEKKE - MERKEZ;MERKEZ KÜME EVLER;sokak;37028
KASTAMONU;DEVREKANİ;ŞENLİK - BEREKETLİ;BEREKETLİ KÜME EVLER;sokak;495486
KASTAMONU;DEVREKANİ;ŞENLİK - DELİ MUSA;DELİ MUSA KÜME EVLER;sokak;503722
KASTAMONU;DEVREKANİ;ŞENLİK - GÜMESİNİ;GÜMESİNİ KÜME EVLER;sokak;505629
KASTAMONU;DEVREKANİ;ŞENLİK - KIRCALAR;KIRCALAR KÜME EVLER;sokak;505565
KASTAMONU;DEVREKANİ;ŞEYHBALİ - BEYLİK;BEYLİK KÜME EVLER;sokak;503593
KASTAMONU;DEVREKANİ;ŞEYHBALİ - ÇALCA;ÇALCA KÜME EVLER;sokak;502235
KASTAMONU;DEVREKANİ;ŞEYHBALİ - MERKEZ;MERKEZ KÜME EVLER;sokak;504036
KASTAMONU;DEVREKANİ;TEKKEKIZILLAR - ÇALKAYA;ÇALKAYA KÜME EVLER;sokak;466031
KASTAMONU;DEVREKANİ;TEKKEKIZILLAR - DAVUTLAR;DAVUTLAR KÜME EVLER;sokak;28999
KASTAMONU;DEVREKANİ;TEKKEKIZILLAR - HIŞIMLAR;HIŞIMLAR KÜME EVLER;sokak;347628
KASTAMONU;DEVREKANİ;TEKKEKIZILLAR - KEMİKLER;KEMİKLER KÜME EVLER;sokak;30953
KASTAMONU;DEVREKANİ;TEKKEKIZILLAR - KIZILLAR;KIZILLAR KÜME EVLER;sokak;24897
KASTAMONU;DEVREKANİ;TEKKEKIZILLAR - KURMALAR;KURMALAR KÜME EVLER;sokak;332966
KASTAMONU;DEVREKANİ;TEKKEKIZILLAR - MERKEZ;MERKEZ KÜME EVLER;sokak;490608
KASTAMONU;DEVREKANİ;ULAMIŞ - BİYO;BİYO KÜME EVLER;sokak;285209
KASTAMONU;DEVREKANİ;ULAMIŞ - MERKEZ;MERKEZ KÜME EVLER;sokak;501257
KASTAMONU;DEVREKANİ;ULAMIŞ - SÖKMEN;SÖKMEN KÜME EVLER;sokak;512378
KASTAMONU;DEVREKANİ;YAZIBELEN - MERKEZ;MERKEZ KÜME EVLER;sokak;22695
KASTAMONU;DEVREKANİ;YAZIHİSAR - AŞAĞI YAZIHİSAR;AŞAĞI YAZIHİSAR KÜME EVLER;sokak;492913
KASTAMONU;DEVREKANİ;YAZIHİSAR - GÖÇERLER;GÖÇERLER KÜME EVLER;sokak;480917
KASTAMONU;DEVREKANİ;YAZIHİSAR - GÖDEŞLER;GÖDEŞLER KÜME EVLER;sokak;492947
KASTAMONU;DEVREKANİ;YAZIHİSAR - KARABAKAL;KARABAKAL KÜME EVLER;sokak;480919
KASTAMONU;DEVREKANİ;YAZIHİSAR - MERKEZ;MERKEZ KÜME EVLER;sokak;488999
KASTAMONU;DEVREKANİ;YAZIHİSAR - YAYLA;YAYLA KÜME EVLER;sokak;480928
KASTAMONU;DOĞANYURT;AKÇABEL - AKPINAR;AKPINAR KÜME EVLER;sokak;485819
KASTAMONU;DOĞANYURT;AKÇABEL - AŞAĞI;AŞAĞI KÜME EVLER;sokak;484394
KASTAMONU;DOĞANYURT;AKÇABEL - ÇUKUR;ÇUKUR KÜME EVLER;sokak;492543
KASTAMONU;DOĞANYURT;AKÇABEL - GÜZLE;GÜZLE KÜME EVLER;sokak;487616
KASTAMONU;DOĞANYURT;AKÇABEL - MERKEZ;MERKEZ KÜME EVLER;sokak;487104
KASTAMONU;DOĞANYURT;AKÇABEL - UYUMLU;UYUMLU KÜME EVLER;sokak;487601
KASTAMONU;DOĞANYURT;AŞAĞIMESCİT - ÇATALANIZ;ÇATALANIZ KÜME EVLER;sokak;485355
KASTAMONU;DOĞANYURT;AŞAĞIMESCİT - ÇELDİRMEZ;ÇELDİRMEZ KÜME EVLER;sokak;480415
KASTAMONU;DOĞANYURT;AŞAĞIMESCİT - MERKEZ;MERKEZ KÜME EVLER;sokak;484910
KASTAMONU;DOĞANYURT;BALDIRAN - ISINDI;ISINDI KÜME EVLER;sokak;486109
KASTAMONU;DOĞANYURT;BALDIRAN - MERKEZ;MERKEZ KÜME EVLER;sokak;484739
KASTAMONU;DOĞANYURT;BAŞKÖY - MERKEZ;MERKEZ KÜME EVLER;sokak;23238
KASTAMONU;DOĞANYURT;BELYAKA - AŞAĞI;AŞAĞI KÜME EVLER;sokak;481795
KASTAMONU;DOĞANYURT;BELYAKA - KARŞI;KARŞI KÜME EVLER;sokak;485725
KASTAMONU;DOĞANYURT;BELYAKA - KURT;KURT KÜME EVLER;sokak;492216
KASTAMONU;DOĞANYURT;BELYAKA - YUKARI;YUKARI KÜME EVLER;sokak;482149
KASTAMONU;DOĞANYURT;BOĞAZCIK - BALLIK;BALLIK KÜME EVLER;sokak;490105
KASTAMONU;DOĞANYURT;BOĞAZCIK - GÖLGELİK;GÖLGELİK KÜME EVLER;sokak;492856
KASTAMONU;DOĞANYURT;BOĞAZCIK - MERKEZ;MERKEZ KÜME EVLER;sokak;492329
KASTAMONU;DOĞANYURT;ÇAKIRLI - EVŞEN;EVŞEN KÜME EVLER;sokak;486424
KASTAMONU;DOĞANYURT;ÇAKIRLI - KUZ;KUZ KÜME EVLER;sokak;488097
KASTAMONU;DOĞANYURT;ÇAKIRLI - MERKEZ;MERKEZ KÜME EVLER;sokak;494391
KASTAMONU;DOĞANYURT;ÇAKIRLI - YÜKSEK;YÜKSEK KÜME EVLER;sokak;487330
KASTAMONU;DOĞANYURT;DANIŞMAN - KARAMAN;KARAMAN KÜME EVLER;sokak;489398
KASTAMONU;DOĞANYURT;DANIŞMAN - MERKEZ;MERKEZ KÜME EVLER;sokak;482221
KASTAMONU;DOĞANYURT;DANIŞMAN - URVANA;URVANA KÜME EVLER;sokak;488027
KASTAMONU;DOĞANYURT;DEMİRCİ - ALİBEY;ALİBEY KÜME EVLER;sokak;487640
KASTAMONU;DOĞANYURT;DEMİRCİ - MERKEZ;MERKEZ KÜME EVLER;sokak;488575
KASTAMONU;DOĞANYURT;DEMİRCİ - MURE;MURE KÜME EVLER;sokak;500395
KASTAMONU;DOĞANYURT;DENİZBÜKÜ - ARMUTLU;ARMUTLU KÜME EVLER;sokak;491365
KASTAMONU;DOĞANYURT;DENİZBÜKÜ - MERKEZ;MERKEZ KÜME EVLER;sokak;489480
KASTAMONU;DOĞANYURT;DENİZGÖRÜLEN - AŞAĞITORAZYA;AŞAĞITORAZYA KÜME EVLER;sokak;488994
KASTAMONU;DOĞANYURT;DENİZGÖRÜLEN - MERKEZ;MERKEZ KÜME EVLER;sokak;370650
KASTAMONU;DOĞANYURT;DENİZGÖRÜLEN - YUKARITORAZYA;YUKARITORAZYA KÜME EVLER;sokak;488990
KASTAMONU;DOĞANYURT;DÜZ - EŞEKCİ KÖYÜ;EŞEKÇİ KÖYÜ KÜME EVLER;sokak;481716
KASTAMONU;DOĞANYURT;DÜZ - ILDIZ(AŞAĞI ILDAY);ILDIZ AŞAĞI ILDAY KÜME EVLER;sokak;483479
KASTAMONU;DOĞANYURT;DÜZ - IŞVANLI(KISIKLI);IŞVANLI KÜME EVLER;sokak;481725
KASTAMONU;DOĞANYURT;DÜZ - KÖYALTI BAŞI;KÖYALTI BAŞI KÜME EVLER;sokak;488474
KASTAMONU;DOĞANYURT;DÜZ - MERKEZ;MERKEZ KÜME EVLER;sokak;479942
KASTAMONU;DOĞANYURT;DÜZ - YAYLA(ILDAY);YAYLA ILDAY KÜME EVLER;sokak;486288
KASTAMONU;DOĞANYURT;DÜZAĞAÇ - EKECEK;EKECEK KÜME EVLER;sokak;493114
KASTAMONU;DOĞANYURT;DÜZAĞAÇ - ERENCİK;ERENCİK KÜME EVLER;sokak;493198
KASTAMONU;DOĞANYURT;DÜZAĞAÇ - KAZIKLI;KAZIKLI KÜME EVLER;sokak;493576
KASTAMONU;DOĞANYURT;DÜZAĞAÇ - KUYUMCA;KUYUMCA KÜME EVLER;sokak;488652
KASTAMONU;DOĞANYURT;DÜZAĞAÇ - MERKEZ;MERKEZ KÜME EVLER;sokak;491383
KASTAMONU;DOĞANYURT;DÜZAĞAÇ - SARIÇİÇEK;SARIÇİÇEK KÜME EVLER;sokak;491403
KASTAMONU;DOĞANYURT;GÖKÇE - KARAMANAĞZI;KARAMANAĞZI KÜME EVLER;sokak;490429
KASTAMONU;DOĞANYURT;GÖKÇE - MERKEZ;MERKEZ KÜME EVLER;sokak;491855
KASTAMONU;DOĞANYURT;GÖKÇE - YUKARI;YUKARI KÜME EVLER;sokak;488426
KASTAMONU;DOĞANYURT;GÖZALAN - ERKÖZ;ERKÖZ KÜME EVLER;sokak;486091
KASTAMONU;DOĞANYURT;GÖZALAN - MERKEZ;MERKEZ KÜME EVLER;sokak;492044
KASTAMONU;DOĞANYURT;GÖZALAN - PANCARLIK;PANCARLIK KÜME EVLER;sokak;486121
KASTAMONU;DOĞANYURT;GÜRMÜDÜ - HATİP;HATİP KÜME EVLER;sokak;350000
KASTAMONU;DOĞANYURT;GÜRMÜDÜ - KIŞLAK;KIŞLAK KÜME EVLER;sokak;491689
KASTAMONU;DOĞANYURT;GÜRMÜDÜ - MERKEZ;MERKEZ KÜME EVLER;sokak;489897
KASTAMONU;DOĞANYURT;HASKAVAK - ÇİFTLİK;ÇİFTLİK KÜME EVLER;sokak;496664
KASTAMONU;DOĞANYURT;HASKAVAK - DERE;DERE KÜME EVLER;sokak;72287
KASTAMONU;DOĞANYURT;HASKAVAK - KOÇÇUKURU;KOÇÇUKURU KÜME EVLER;sokak;35679
KASTAMONU;DOĞANYURT;HASKAVAK - MERKEZ;MERKEZ KÜME EVLER;sokak;487437
KASTAMONU;DOĞANYURT;HOCAKÖYÜ;ARMUTÇA 1 SOKAK;sokak;897985400
KASTAMONU;DOĞANYURT;HOCAKÖYÜ;ARMUTÇA 2 SOKAK;sokak;760087880
KASTAMONU;DOĞANYURT;HOCAKÖYÜ;ARMUTÇA SOKAK;sokak;445658
KASTAMONU;DOĞANYURT;HOCAKÖYÜ;GECİROZ 1 SOKAK;sokak;257576340
KASTAMONU;DOĞANYURT;HOCAKÖYÜ;GECİROZ SOKAK;sokak;254829
KASTAMONU;DOĞANYURT;HOCAKÖYÜ;HOCA 1 SOKAK;sokak;704225301
KASTAMONU;DOĞANYURT;HOCAKÖYÜ;HOCA SOKAK;sokak;254830
KASTAMONU;DOĞANYURT;HOCAKÖYÜ;KAYA 1 SOKAK;sokak;132881130
KASTAMONU;DOĞANYURT;HOCAKÖYÜ;KAYA 2 SOKAK;sokak;254831
KASTAMONU;DOĞANYURT;HOCAKÖYÜ;KAYA 3 SOKAK;sokak;661399241
KASTAMONU;DOĞANYURT;HOCAKÖYÜ;KÖPRÜBAŞI 1 SOKAK;sokak;712922620
KASTAMONU;DOĞANYURT;HOCAKÖYÜ;KÖPRÜBAŞI SOKAK;sokak;363711
KASTAMONU;DOĞANYURT;HOCAKÖYÜ;MAHMUTLAR 1 SOKAK;sokak;330954980
KASTAMONU;DOĞANYURT;HOCAKÖYÜ;MAHMUTLAR 2 SOKAK;sokak;914042100
KASTAMONU;DOĞANYURT;HOCAKÖYÜ;MAHMUTLAR SOKAK;sokak;445659
KASTAMONU;DOĞANYURT;HOCAKÖYÜ;NAMAZLI SOKAK;sokak;254832
KASTAMONU;DOĞANYURT;HOCAKÖYÜ;YAKUP YILDIRAN CADDE;cadde;669746350
KASTAMONU;DOĞANYURT;KAYRAN - MERKEZ;MERKEZ KÜME EVLER;sokak;355660
KASTAMONU;DOĞANYURT;KÖFÜNAMBARI - DERİNDERE;DERİNDERE KÜME EVLER;sokak;480815
KASTAMONU;DOĞANYURT;KÖFÜNAMBARI - MERKEZ;MERKEZ KÜME EVLER;sokak;480810
KASTAMONU;DOĞANYURT;KÖFÜNAMBARI - YAYLA YERİ;YAYLA YERİ KÜME EVLER;sokak;486128
KASTAMONU;DOĞANYURT;KÜÇÜKTEPE - KAYABAŞI;KAYABAŞI KÜME EVLER;sokak;370643
KASTAMONU;DOĞANYURT;KÜÇÜKTEPE - KESECİK 1;KESECİK 1 KÜME EVLER;sokak;473371
KASTAMONU;DOĞANYURT;KÜÇÜKTEPE - KESECİK 2;KESECİK 2 KÜME EVLER;sokak;483668
KASTAMONU;DOĞANYURT;KÜÇÜKTEPE - MERKEZ;MERKEZ KÜME EVLER;sokak;33322
KASTAMONU;DOĞANYURT;KÜÇÜKTEPE - UVAZLI;UVAZLI KÜME EVLER;sokak;110880
KASTAMONU;DOĞANYURT;MERKEZ;15 TEMMUZ MİLLET CADDE;cadde;442344
KASTAMONU;DOĞANYURT;MERKEZ;219.ARA SOKAK;sokak;1348809
KASTAMONU;DOĞANYURT;MERKEZ;222. DİYANET SOKAK;sokak;1348807
KASTAMONU;DOĞANYURT;MERKEZ;224.GÜL SOKAK;sokak;1348805
KASTAMONU;DOĞANYURT;MERKEZ;226. SKT CADDE;cadde;1348803
KASTAMONU;DOĞANYURT;MERKEZ;227. GELİŞİM SOKAK;sokak;1348815
KASTAMONU;DOĞANYURT;MERKEZ;229. MEZARLIK SOKAK;sokak;1348817
KASTAMONU;DOĞANYURT;MERKEZ;230. PARK SOKAK;sokak;1348813
KASTAMONU;DOĞANYURT;MERKEZ;231. PARK SOKAK;sokak;1348811
KASTAMONU;DOĞANYURT;MERKEZ;232.PAZAR CADDE;cadde;1348801
KASTAMONU;DOĞANYURT;MERKEZ;83.YIL CUMHURİYET MEYDANI MEYDAN;sokak;445660
KASTAMONU;DOĞANYURT;MERKEZ;AKASYA SOKAK;sokak;363712
KASTAMONU;DOĞANYURT;MERKEZ;ARMUTÇA 1 SOKAK;sokak;492773460
KASTAMONU;DOĞANYURT;MERKEZ;ATATÜRK CADDE;cadde;254835
KASTAMONU;DOĞANYURT;MERKEZ;CUMHURİYET CADDE;cadde;254836
KASTAMONU;DOĞANYURT;MERKEZ;ÇAĞLAYAN SOKAK;sokak;253261
KASTAMONU;DOĞANYURT;MERKEZ;ÇINAR SOKAK;sokak;253262
KASTAMONU;DOĞANYURT;MERKEZ;ÇİĞDEM SOKAK;sokak;254833
KASTAMONU;DOĞANYURT;MERKEZ;DEFNE SOKAK;sokak;473734
KASTAMONU;DOĞANYURT;MERKEZ;DENİZ SOKAK;sokak;254837
KASTAMONU;DOĞANYURT;MERKEZ;DR ERHAN EROL SOKAK;sokak;253260
KASTAMONU;DOĞANYURT;MERKEZ;GEMZE 1 SOKAK;sokak;523024450
KASTAMONU;DOĞANYURT;MERKEZ;GEMZE SOKAK;sokak;253250
KASTAMONU;DOĞANYURT;MERKEZ;HACI HAKKI BEY CADDE;cadde;442346
KASTAMONU;DOĞANYURT;MERKEZ;HACI SELİM KAYIRAN CADDE;cadde;253251
KASTAMONU;DOĞANYURT;MERKEZ;HOCA SOKAK;sokak;506212830
KASTAMONU;DOĞANYURT;MERKEZ;HOŞALAY 1 SOKAK;sokak;381415941
KASTAMONU;DOĞANYURT;MERKEZ;HOŞALAY 2 SOKAK;sokak;293897491
KASTAMONU;DOĞANYURT;MERKEZ;HOŞALAY 3 SOKAK;sokak;267435671
KASTAMONU;DOĞANYURT;MERKEZ;HOŞALAY CADDE;cadde;253252
KASTAMONU;DOĞANYURT;MERKEZ;İKİDERELİ SOKAK;sokak;254834
KASTAMONU;DOĞANYURT;MERKEZ;KAYA 1 SOKAK;sokak;442343
KASTAMONU;DOĞANYURT;MERKEZ;KAYA 3 SOKAK;sokak;107813671
KASTAMONU;DOĞANYURT;MERKEZ;KAYA SOKAK;sokak;534755130
KASTAMONU;DOĞANYURT;MERKEZ;KEMAL SARUL CADDE;cadde;253253
KASTAMONU;DOĞANYURT;MERKEZ;KİLLİK 1 SOKAK;sokak;186727900
KASTAMONU;DOĞANYURT;MERKEZ;KİLLİK 2 SOKAK;sokak;469701741
KASTAMONU;DOĞANYURT;MERKEZ;KİLLİK SOKAK;sokak;253255
KASTAMONU;DOĞANYURT;MERKEZ;KURTULUŞ CADDE;cadde;253254
KASTAMONU;DOĞANYURT;MERKEZ;MEHMET KILIÇ CADDE;cadde;253256
KASTAMONU;DOĞANYURT;MERKEZ;MENEKŞE SOKAK;sokak;253257
KASTAMONU;DOĞANYURT;MERKEZ;NERGİS SOKAK;sokak;442345
KASTAMONU;DOĞANYURT;MERKEZ;YAKUP YILDIRAN 1 SOKAK;sokak;753527160
KASTAMONU;DOĞANYURT;MERKEZ;YAKUP YILDIRAN CADDE;cadde;253258
KASTAMONU;DOĞANYURT;MERKEZ;YILDIZ SOKAK;sokak;253259
KASTAMONU;DOĞANYURT;ORTABURUN - KÖY YERİ;KÖY YERİ KÜME EVLER;sokak;492597
KASTAMONU;DOĞANYURT;ORTABURUN - MERKEZ;MERKEZ KÜME EVLER;sokak;486761
KASTAMONU;DOĞANYURT;ORTABURUN - SIK;SIK KÜME EVLER;sokak;492622
KASTAMONU;DOĞANYURT;ORTABURUN - YANIKDAĞ;YANIKDAĞ KÜME EVLER;sokak;491540
KASTAMONU;DOĞANYURT;ORTABURUN - YUKARI ORTABURUN;YUKARI ORTABURUN KÜME EVLER;sokak;493481
KASTAMONU;DOĞANYURT;ŞİRİN - MERKEZ;MERKEZ KÜME EVLER;sokak;485800
KASTAMONU;DOĞANYURT;TAŞLIPINAR - ÇÖKME;ÇÖKME KÜME EVLER;sokak;484293
KASTAMONU;DOĞANYURT;TAŞLIPINAR - KARAÇAM;KARAÇAM KÜME EVLER;sokak;22652
KASTAMONU;DOĞANYURT;TAŞLIPINAR - KARAŞLI;KARAŞLI KÜME EVLER;sokak;483510
KASTAMONU;DOĞANYURT;TAŞLIPINAR - KIŞLA;KIŞLA KÜME EVLER;sokak;481726
KASTAMONU;DOĞANYURT;TAŞLIPINAR - MERKEZ;MERKEZ KÜME EVLER;sokak;474621
KASTAMONU;DOĞANYURT;TAŞLIPINAR - ZEYTİNÇUKURU;ZEYTİNÇUKURU KÜME EVLER;sokak;493455
KASTAMONU;DOĞANYURT;YASSIKIŞLA - MERKEZ;MERKEZ KÜME EVLER;sokak;486586
KASTAMONU;DOĞANYURT;YASSIKIŞLA - YUKARI ALİBEY;YUKARI ALİBEY KÜME EVLER;sokak;489669
KASTAMONU;DOĞANYURT;YUKARIMESCİT - KAŞALTI;KAŞALTI KÜME EVLER;sokak;475429
KASTAMONU;DOĞANYURT;YUKARIMESCİT - SOĞANLIK;SOĞANLIK KÜME EVLER;sokak;486430
KASTAMONU;DOĞANYURT;YUKARIMESCİT - UĞAZ DİBİ;UĞAZ DİBİ KÜME EVLER;sokak;475431
KASTAMONU;HANÖNÜ;AKÇASU - AKCASU MERKEZ;AKÇASU MERKEZ KÜME EVLER;sokak;483655
KASTAMONU;HANÖNÜ;AKÇASU - AŞAĞI AKCASU;AŞAĞI AKCASU KÜME EVLER;sokak;485867
KASTAMONU;HANÖNÜ;BAĞDERE - ÇAYAĞAZI;ÇAYAĞAZI KÜME EVLER;sokak;492478
KASTAMONU;HANÖNÜ;BAĞDERE - ÇAYLI;ÇAYLI KÜME EVLER;sokak;490157
KASTAMONU;HANÖNÜ;BAĞDERE - GÖZSÖKÜ;GÖZSÖKÜ KÜME EVLER;sokak;490715
KASTAMONU;HANÖNÜ;BAĞDERE - MERKEZ;MERKEZ KÜME EVLER;sokak;491537
KASTAMONU;HANÖNÜ;BÖLÜKYAZI - ABAZOĞLU;ABAZAOĞLU KÜME EVLER;sokak;479063
KASTAMONU;HANÖNÜ;BÖLÜKYAZI - BAYAMCA;BAYAMCA KÜME EVLER;sokak;479055
KASTAMONU;HANÖNÜ;BÖLÜKYAZI - ÇAY;ÇAY KÜME EVLER;sokak;479054
KASTAMONU;HANÖNÜ;BÖLÜKYAZI - DANACIOĞLU;DANACIOĞLU KÜME EVLER;sokak;479061
KASTAMONU;HANÖNÜ;BÖLÜKYAZI - ESE;ESE KÜME EVLER;sokak;479059
KASTAMONU;HANÖNÜ;BÖLÜKYAZI - GÖZÜKARA;GÖZÜKARA KÜME EVLER;sokak;479062
KASTAMONU;HANÖNÜ;BÖLÜKYAZI - İPEK;İPEK KÜME EVLER;sokak;479057
KASTAMONU;HANÖNÜ;BÖLÜKYAZI - KORUCAK;KORUCAK KÜME EVLER;sokak;479056
KASTAMONU;HANÖNÜ;BÖLÜKYAZI - YOZLU;YOZLU KÜME EVLER;sokak;479058
KASTAMONU;HANÖNÜ;BÖLÜKYAZI - ZEYBEKOĞLU;ZEYBEKOĞLU KÜME EVLER;sokak;479060
KASTAMONU;HANÖNÜ;ÇAKIRÇAY - DANGALAK;DANGALAK KÜME EVLER;sokak;483001
KASTAMONU;HANÖNÜ;ÇAKIRÇAY - GERENCE;GERENCE KÜME EVLER;sokak;483365
KASTAMONU;HANÖNÜ;ÇAKIRÇAY - KARABÜK;KARABÜK KÜME EVLER;sokak;489857
KASTAMONU;HANÖNÜ;ÇAYBAŞI - AĞACIKLI;AĞACIKLI KÜME EVLER;sokak;495267
KASTAMONU;HANÖNÜ;ÇAYBAŞI - BİLAL;BİLAL KÜME EVLER;sokak;489560
KASTAMONU;HANÖNÜ;ÇAYBAŞI - ÇONSUZLAR;ÇONSUZLAR KÜME EVLER;sokak;489932
KASTAMONU;HANÖNÜ;ÇAYBAŞI - DİKMEN;DİKMEN KÜME EVLER;sokak;368688
KASTAMONU;HANÖNÜ;ÇAYBAŞI - DONGUÇ;DONGUÇ KÜME EVLER;sokak;489922
KASTAMONU;HANÖNÜ;ÇAYBAŞI - İFRİTOĞLU;İFRİTOĞLU KÜME EVLER;sokak;491761
KASTAMONU;HANÖNÜ;ÇAYBAŞI - KADI;KADI KÜME EVLER;sokak;485732
KASTAMONU;HANÖNÜ;ÇAYBAŞI - KAYADİBİ;KAYADİBİ KÜME EVLER;sokak;490869
KASTAMONU;HANÖNÜ;ÇAYBAŞI - SAFRAN;SAFRAN KÜME EVLER;sokak;490867
KASTAMONU;HANÖNÜ;ÇAYBAŞI - SARISÖKÜ;SARISÖKÜ KÜME EVLER;sokak;495312
KASTAMONU;HANÖNÜ;ÇAYBAŞI - SERDAROĞLU;SERDAROĞLU KÜME EVLER;sokak;491779
KASTAMONU;HANÖNÜ;ÇAYBAŞI - ÜÇKAYA;ÜÇKAYA KÜME EVLER;sokak;499958
KASTAMONU;HANÖNÜ;DEMİRCİMÜEZZİN - ABDİOĞLU;ABDİOĞLU KÜME EVLER;sokak;496819
KASTAMONU;HANÖNÜ;DEMİRCİMÜEZZİN - ACISU;ACISU KÜME EVLER;sokak;496821
KASTAMONU;HANÖNÜ;DEMİRCİMÜEZZİN - DEMİRCİ;DEMİRCİ KÜME EVLER;sokak;496817
KASTAMONU;HANÖNÜ;DEMİRCİMÜEZZİN - HATİPOĞLU;HATİPOĞLU KÜME EVLER;sokak;481417
KASTAMONU;HANÖNÜ;DEMİRCİMÜEZZİN - KAÇAK;KAÇAK KÜME EVLER;sokak;489436
KASTAMONU;HANÖNÜ;DEMİRCİMÜEZZİN - KİRT;KİRT KÜME EVLER;sokak;481403
KASTAMONU;HANÖNÜ;DEMİRCİMÜEZZİN - KONACIK;KONACIK KÜME EVLER;sokak;481402
KASTAMONU;HANÖNÜ;DEMİRCİMÜEZZİN - MÜEZZİN;MÜEZZİN KÜME EVLER;sokak;496820
KASTAMONU;HANÖNÜ;GELİNBÜKÜ;EKİNSÖKÜ KÜME EVLER;sokak;442347
KASTAMONU;HANÖNÜ;GELİNBÜKÜ;GELİNBÜKÜ MERKEZ KÜME EVLER;sokak;253263
KASTAMONU;HANÖNÜ;GELİNBÜKÜ;KETENLER KÜME EVLER;sokak;253264
KASTAMONU;HANÖNÜ;GÖKBELEN - AŞAĞI SÖKÜ;AŞAĞI SÖKÜ KÜME EVLER;sokak;37213
KASTAMONU;HANÖNÜ;GÖKBELEN - AYVA ÇUKURU;AYVA ÇUKURU KÜME EVLER;sokak;348024
KASTAMONU;HANÖNÜ;GÖKBELEN - BEKİRLİ;BEKİRLİ KÜME EVLER;sokak;480959
KASTAMONU;HANÖNÜ;GÖKBELEN - ÇAKIROĞLU;ÇAKIROĞLU KÜME EVLER;sokak;348021
KASTAMONU;HANÖNÜ;GÖKBELEN - ELMACIK;ELMACIK KÜME EVLER;sokak;484467
KASTAMONU;HANÖNÜ;GÖKBELEN - KAVAK;KAVAK KÜME EVLER;sokak;492434
KASTAMONU;HANÖNÜ;GÖKBELEN - MERKEZ;MERKEZ KÜME EVLER;sokak;353057
KASTAMONU;HANÖNÜ;GÖKBELEN - SARNIÇ;SARNIÇ KÜME EVLER;sokak;348023
KASTAMONU;HANÖNÜ;GÖKBELEN - YUKARI SÖKÜ;YUKARI SÖKÜ KÜME EVLER;sokak;348020
KASTAMONU;HANÖNÜ;GÖKÇEAĞAÇ - ALAGEÇE;ALAGEÇE KÜME EVLER;sokak;478903
KASTAMONU;HANÖNÜ;GÖKÇEAĞAÇ - ALAKAYA;ALAKAYA KÜME EVLER;sokak;478902
KASTAMONU;HANÖNÜ;GÖKÇEAĞAÇ - BALOĞLU;BALOĞLU KÜME EVLER;sokak;478900
KASTAMONU;HANÖNÜ;GÖKÇEAĞAÇ - ÇALTICAK;ÇALTICAK KÜME EVLER;sokak;478899
KASTAMONU;HANÖNÜ;GÖKÇEAĞAÇ - GAVURBAŞI;GAVURBAŞI KÜME EVLER;sokak;478904
KASTAMONU;HANÖNÜ;GÖKÇEAĞAÇ - HACIALİOĞLU;HACIALİOĞLU KÜME EVLER;sokak;483604
KASTAMONU;HANÖNÜ;GÖKÇEAĞAÇ - SARICALI;SARICALI KÜME EVLER;sokak;478901
KASTAMONU;HANÖNÜ;GÖKÇEAĞAÇ - UNCUOĞLU;UNCUOĞLU KÜME EVLER;sokak;478882
KASTAMONU;HANÖNÜ;GÖKÇEAĞAÇ - YUMACIK;YUMACIK KÜME EVLER;sokak;475432
KASTAMONU;HANÖNÜ;HALKABÜK NA;KÖYÜN KENDİSİ KÜME EVLER;sokak;476240
KASTAMONU;HANÖNÜ;HANÖNÜ;ALİ SAKALLI CADDE;cadde;253265
KASTAMONU;HANÖNÜ;HANÖNÜ;ALPARSLAN TÜRKEŞ CADDE;cadde;576743191
KASTAMONU;HANÖNÜ;HANÖNÜ;ATATÜRK MEYDAN;sokak;253266
KASTAMONU;HANÖNÜ;HANÖNÜ;ATEŞ SOKAK;sokak;254569
KASTAMONU;HANÖNÜ;HANÖNÜ;AYANCIK CADDE;cadde;485317
KASTAMONU;HANÖNÜ;HANÖNÜ;BAŞEFENDİ SOKAK;sokak;253267
KASTAMONU;HANÖNÜ;HANÖNÜ;BOYABAT CADDE;cadde;253268
KASTAMONU;HANÖNÜ;HANÖNÜ;BOZBÜK CADDE;cadde;968677911
KASTAMONU;HANÖNÜ;HANÖNÜ;BULUT SOKAK;sokak;485322
KASTAMONU;HANÖNÜ;HANÖNÜ;CEYLAN SOKAK;sokak;442348
KASTAMONU;HANÖNÜ;HANÖNÜ;ÇAMLI SOKAK;sokak;254590
KASTAMONU;HANÖNÜ;HANÖNÜ;ÇAY SOKAK;sokak;254567
KASTAMONU;HANÖNÜ;HANÖNÜ;ÇEŞME SOKAK;sokak;442353
KASTAMONU;HANÖNÜ;HANÖNÜ;ÇIKMAZ SOKAK;sokak;254591
KASTAMONU;HANÖNÜ;HANÖNÜ;ÇİĞDEM SOKAK;sokak;254593
KASTAMONU;HANÖNÜ;HANÖNÜ;ÇİMEN SOKAK;sokak;254592
KASTAMONU;HANÖNÜ;HANÖNÜ;DEĞİRMEN SOKAK;sokak;253271
KASTAMONU;HANÖNÜ;HANÖNÜ;DOĞAN SOKAK;sokak;253272
KASTAMONU;HANÖNÜ;HANÖNÜ;DUMAN SOKAK;sokak;254568
KASTAMONU;HANÖNÜ;HANÖNÜ;GAZİ MUSTAFA KEMAL ATATÜRK CADDE;cadde;441079691
KASTAMONU;HANÖNÜ;HANÖNÜ;GONCA SOKAK;sokak;254589
KASTAMONU;HANÖNÜ;HANÖNÜ;GÖKDERE SOKAK;sokak;253270
KASTAMONU;HANÖNÜ;HANÖNÜ;GÖLLER SOKAK;sokak;253273
KASTAMONU;HANÖNÜ;HANÖNÜ;GÜL SOKAK;sokak;253274
KASTAMONU;HANÖNÜ;HANÖNÜ;GÜNEŞ SOKAK;sokak;253275
KASTAMONU;HANÖNÜ;HANÖNÜ;HAN SOKAK;sokak;442349
KASTAMONU;HANÖNÜ;HANÖNÜ;HARMANCIK SOKAK;sokak;253276
KASTAMONU;HANÖNÜ;HANÖNÜ;HAYAT SOKAK;sokak;254561
KASTAMONU;HANÖNÜ;HANÖNÜ;HULUSİ DOĞAN CADDE;cadde;254562
KASTAMONU;HANÖNÜ;HANÖNÜ;HURİYE GÜNEY CADDE;cadde;589260151
KASTAMONU;HANÖNÜ;HANÖNÜ;HUZUR SOKAK;sokak;254563
KASTAMONU;HANÖNÜ;HANÖNÜ;İMAM SOKAK;sokak;254594
KASTAMONU;HANÖNÜ;HANÖNÜ;İSFENDİYARBEY SOKAK;sokak;1104568
KASTAMONU;HANÖNÜ;HANÖNÜ;KADER SOKAK;sokak;254565
KASTAMONU;HANÖNÜ;HANÖNÜ;KANARYA SOKAK;sokak;442350
KASTAMONU;HANÖNÜ;HANÖNÜ;KARAYAPRAK CADDE;cadde;254566
KASTAMONU;HANÖNÜ;HANÖNÜ;KAVAK CADDE;cadde;254598
KASTAMONU;HANÖNÜ;HANÖNÜ;KAYA SOKAK;sokak;254597
KASTAMONU;HANÖNÜ;HANÖNÜ;KEPEZ CADDE;cadde;254585
KASTAMONU;HANÖNÜ;HANÖNÜ;KİLİM SOKAK;sokak;774328471
KASTAMONU;HANÖNÜ;HANÖNÜ;LALE SOKAK;sokak;254570
KASTAMONU;HANÖNÜ;HANÖNÜ;LEYLAK SOKAK;sokak;485318
KASTAMONU;HANÖNÜ;HANÖNÜ;MANOLYA SOKAK;sokak;485321
KASTAMONU;HANÖNÜ;HANÖNÜ;MEHMET AKİF ERSOY SOKAK;sokak;1104566
KASTAMONU;HANÖNÜ;HANÖNÜ;MEHMET YÜCEL CADDE;cadde;254580
KASTAMONU;HANÖNÜ;HANÖNÜ;MENEKŞE SOKAK;sokak;485319
KASTAMONU;HANÖNÜ;HANÖNÜ;MUTLU SOKAK;sokak;254571
KASTAMONU;HANÖNÜ;HANÖNÜ;OKUL SOKAK;sokak;485323
KASTAMONU;HANÖNÜ;HANÖNÜ;PANAYIR CADDE;cadde;442351
KASTAMONU;HANÖNÜ;HANÖNÜ;PAPATYA SOKAK;sokak;254572
KASTAMONU;HANÖNÜ;HANÖNÜ;PAZARMEYDANI SOKAK;sokak;254573
KASTAMONU;HANÖNÜ;HANÖNÜ;PAZARYERİ SOKAK;sokak;254574
KASTAMONU;HANÖNÜ;HANÖNÜ;SAĞLIK SOKAK;sokak;353270
KASTAMONU;HANÖNÜ;HANÖNÜ;SAKIZAĞACI CADDE;cadde;254575
KASTAMONU;HANÖNÜ;HANÖNÜ;SUSAM SOKAK;sokak;442354
KASTAMONU;HANÖNÜ;HANÖNÜ;ŞAHİN SOKAK;sokak;254595
KASTAMONU;HANÖNÜ;HANÖNÜ;ŞEHIT ERKAN ALABAŞ SOKAK;sokak;747330071
KASTAMONU;HANÖNÜ;HANÖNÜ;ŞEHİT J.ER ERKAN BAKIRCI SOKAK;sokak;254576
KASTAMONU;HANÖNÜ;HANÖNÜ;ŞEYH ŞABAN-I VELİ CADDE;cadde;254596
KASTAMONU;HANÖNÜ;HANÖNÜ;ŞİMŞEK SOKAK;sokak;485320
KASTAMONU;HANÖNÜ;HANÖNÜ;TAŞLI SOKAK;sokak;492056
KASTAMONU;HANÖNÜ;HANÖNÜ;TATLU HATUN SOKAK;sokak;1104564
KASTAMONU;HANÖNÜ;HANÖNÜ;TEPE SOKAK;sokak;254577
KASTAMONU;HANÖNÜ;HANÖNÜ;UĞUR SOKAK;sokak;254578
KASTAMONU;HANÖNÜ;HANÖNÜ;UMUT SOKAK;sokak;485324
KASTAMONU;HANÖNÜ;HANÖNÜ;VAKIF GÖNÜŞ KÜME EVLER;sokak;442352
KASTAMONU;HANÖNÜ;HANÖNÜ;VAKIF KÜME EVLER;sokak;254579
KASTAMONU;HANÖNÜ;HANÖNÜ;YAĞMUR SOKAK;sokak;254582
KASTAMONU;HANÖNÜ;HANÖNÜ;YAPRAK SOKAK;sokak;254581
KASTAMONU;HANÖNÜ;HANÖNÜ;YAVUZ SULTAN SELİM SOKAK;sokak;1104570
KASTAMONU;HANÖNÜ;HANÖNÜ;YENİ CAMİİ SOKAK;sokak;254583
KASTAMONU;HANÖNÜ;HANÖNÜ;YENİKÖY KÜME EVLER;sokak;485314
KASTAMONU;HANÖNÜ;HANÖNÜ;YEŞİL SOKAK;sokak;254584
KASTAMONU;HANÖNÜ;HANÖNÜ;YILANLI KÜME EVLER;sokak;254586
KASTAMONU;HANÖNÜ;HANÖNÜ;YILDIRIM SOKAK;sokak;254587
KASTAMONU;HANÖNÜ;HANÖNÜ;YILMAZ SOKAK;sokak;254588
KASTAMONU;HANÖNÜ;HANÖNÜ;YÜCEL SOKAK;sokak;254564
KASTAMONU;HANÖNÜ;HOCAVAKIF - AYŞEOĞLU;AYŞEOĞLU KÜME EVLER;sokak;479053
KASTAMONU;HANÖNÜ;HOCAVAKIF - COZOĞLU;COZOĞLU KÜME EVLER;sokak;473881
KASTAMONU;HANÖNÜ;HOCAVAKIF - HOCAOĞLU;HOCAOĞLU KÜME EVLER;sokak;474290
KASTAMONU;HANÖNÜ;HOCAVAKIF - KARAOLUK;KARAOLUK KÜME EVLER;sokak;482408
KASTAMONU;HANÖNÜ;HOCAVAKIF - ÖKÜZALTI;ÖKÜZALTI KÜME EVLER;sokak;479052
KASTAMONU;HANÖNÜ;HOCAVAKIF - SEKECEK;SEKECEK KÜME EVLER;sokak;479049
KASTAMONU;HANÖNÜ;HOCAVAKIF - SÖKÜ;SÖKÜ KÜME EVLER;sokak;479043
KASTAMONU;HANÖNÜ;HOCAVAKIF - TEPECİK;TEPECİK KÜME EVLER;sokak;479051
KASTAMONU;HANÖNÜ;KAVAKKÖY - ALIÇ;ALIÇ KÜME EVLER;sokak;496828
KASTAMONU;HANÖNÜ;KAVAKKÖY - ARPACIKAĞZI;ARPACIKAĞZI KÜME EVLER;sokak;496829
KASTAMONU;HANÖNÜ;KAVAKKÖY - AYDERESİ;AYDERESİ KÜME EVLER;sokak;496826
KASTAMONU;HANÖNÜ;KAVAKKÖY - BÜRNÜK;BÜRNÜK KÜME EVLER;sokak;495639
KASTAMONU;HANÖNÜ;KAVAKKÖY - ÇATALOLUK;ÇATALOLUK KÜME EVLER;sokak;495636
KASTAMONU;HANÖNÜ;KAVAKKÖY - ÇAYIRCIK;ÇAYIRCIK KÜME EVLER;sokak;495635
KASTAMONU;HANÖNÜ;KAVAKKÖY - HAYATÖNÜ;HAYATÖNÜ KÜME EVLER;sokak;495638
KASTAMONU;HANÖNÜ;KAVAKKÖY - KARAKOÇ;KARAKOÇ KÜME EVLER;sokak;495633
KASTAMONU;HANÖNÜ;KAVAKKÖY - KARAKOÇ YAYLASI;KARAKOÇ YAYLASI KÜME EVLER;sokak;495637
KASTAMONU;HANÖNÜ;KAVAKKÖY - KAŞHARMAN;KAŞHARMAN KÜME EVLER;sokak;495634
KASTAMONU;HANÖNÜ;KAVAKKÖY - KIZILCAÖREN;KIZILCAÖREN KÜME EVLER;sokak;495642
KASTAMONU;HANÖNÜ;KAVAKKÖY - MERKEZ;MERKEZ KÜME EVLER;sokak;496822
KASTAMONU;HANÖNÜ;KAVAKKÖY - SİNNÖZÜ;SİNÖZÜ KÜME EVLER;sokak;495640
KASTAMONU;HANÖNÜ;KAVAKKÖY - SOYUK;SOYUK KÜME EVLER;sokak;496825
KASTAMONU;HANÖNÜ;KAVAKKÖY - TEPEKÖY;TEPEKÖY KÜME EVLER;sokak;496824
KASTAMONU;HANÖNÜ;KAVAKKÖY - ÜYÜCEK;ÜYÜCEK KÜME EVLER;sokak;496830
KASTAMONU;HANÖNÜ;KAVAKKÖY - YAZLIK;YAZLIK KÜME EVLER;sokak;495641
KASTAMONU;HANÖNÜ;KAYABAŞI - ALIÇ;ALIÇ KÜME EVLER;sokak;479036
KASTAMONU;HANÖNÜ;KAYABAŞI - KAZIKUZU;KAZIKUZU KÜME EVLER;sokak;473878
KASTAMONU;HANÖNÜ;KAYABAŞI - KORKMAZ;KORKMAZ KÜME EVLER;sokak;479039
KASTAMONU;HANÖNÜ;KAYABAŞI - MAHMUTOĞLU;MAHMUTOĞLU KÜME EVLER;sokak;479042
KASTAMONU;HANÖNÜ;KAYABAŞI - MERKEZ;MERKEZ KÜME EVLER;sokak;473870
KASTAMONU;HANÖNÜ;KAYABAŞI - SERÇE;SERÇE KÜME EVLER;sokak;377585210
KASTAMONU;HANÖNÜ;KAYABAŞI - SUSUZ;SUSUZ KÜME EVLER;sokak;473877
KASTAMONU;HANÖNÜ;KAYABAŞI - YAMALI;YAMALI KÜME EVLER;sokak;473876
KASTAMONU;HANÖNÜ;KAYABAŞI - YARKAYA;YARKAYA KÜME EVLER;sokak;473861
KASTAMONU;HANÖNÜ;KÜREÇAYI - AŞAĞI KÜREÇAYI;AŞAĞI KÜREÇAYI KÜME EVLER;sokak;478561
KASTAMONU;HANÖNÜ;KÜREÇAYI - KÜPELİ;KÜPELİ KÜME EVLER;sokak;493486
KASTAMONU;HANÖNÜ;KÜREÇAYI - YUKARI KÜREÇAYI;YUKARI KÜREÇAYI KÜME EVLER;sokak;482993
KASTAMONU;HANÖNÜ;SARIALAN - ÇOTUK;ÇOTUK KÜME EVLER;sokak;478573
KASTAMONU;HANÖNÜ;SARIALAN - MERKEZ;MERKEZ KÜME EVLER;sokak;484948
KASTAMONU;HANÖNÜ;SARIALAN - SİPAHİ;SİPAHİ KÜME EVLER;sokak;484959
KASTAMONU;HANÖNÜ;SARIALAN - TAVUKÇU;TAVUKÇU KÜME EVLER;sokak;114959
KASTAMONU;HANÖNÜ;SİRKEKÖY - AKDÜZEN;AKDÜZEN KÜME EVLER;sokak;476360
KASTAMONU;HANÖNÜ;SİRKEKÖY - BAYAMCA;BAYAMCA KÜME EVLER;sokak;476356
KASTAMONU;HANÖNÜ;SİRKEKÖY - MERKEZ;MERKEZ KÜME EVLER;sokak;478074
KASTAMONU;HANÖNÜ;ŞEYH ŞABAN-I VELİ - AYVACA;AYVACA KÜME EVLER;sokak;482995
KASTAMONU;HANÖNÜ;ŞEYH ŞABAN-I VELİ - BEŞİR;BEŞİR KÜME EVLER;sokak;482999
KASTAMONU;HANÖNÜ;ŞEYH ŞABAN-I VELİ - ÇAKIRÇAY;ÇAKIRÇAY KÜME EVLER;sokak;482994
KASTAMONU;HANÖNÜ;ŞEYH ŞABAN-I VELİ - KAPAN;KAPANB KÜME EVLER;sokak;482996
KASTAMONU;HANÖNÜ;ŞEYH ŞABAN-I VELİ - KAVAKALTI;KAVAKALTI KÜME EVLER;sokak;482997
KASTAMONU;HANÖNÜ;VAKIF GEYMENE;DERE KÜME EVLER;sokak;254922
KASTAMONU;HANÖNÜ;VAKIF GEYMENE;GEYMENE KÜME EVLER;sokak;254923
KASTAMONU;HANÖNÜ;VAKIF GEYMENE;SEPETÇİ KÜME EVLER;sokak;254924
KASTAMONU;HANÖNÜ;YENİBOYUNDURCAK - AKELMA;AKELMA KÜME EVLER;sokak;482992
KASTAMONU;HANÖNÜ;YENİBOYUNDURCAK - DÜVENCİ;DÜVENCİ KÜME EVLER;sokak;482990
KASTAMONU;HANÖNÜ;YENİBOYUNDURCAK - HASAN;HASAN KÜME EVLER;sokak;482989
KASTAMONU;HANÖNÜ;YENİBOYUNDURCAK - İMAMOĞLU;İMAMOĞLU KÜME EVLER;sokak;482988
KASTAMONU;HANÖNÜ;YENİBOYUNDURCAK - KARAALİ;KARAALİ KÜME EVLER;sokak;479892
KASTAMONU;HANÖNÜ;YENİBOYUNDURCAK - SEPETÇİ;SEPETÇİ KÜME EVLER;sokak;482987
KASTAMONU;HANÖNÜ;YENİBOYUNDURCAK - TOP;TOP KÜME EVLER;sokak;482991
KASTAMONU;HANÖNÜ;YENİCE - DAMLACA;DAMLACA KÜME EVLER;sokak;1029782
KASTAMONU;HANÖNÜ;YENİCE - DERE;DERE KÜME EVLER;sokak;486869
KASTAMONU;HANÖNÜ;YENİCE - HIDIRLI;HIDIRLI KÜME EVLER;sokak;490498
KASTAMONU;HANÖNÜ;YENİCE - MERKEZ;MERKEZ KÜME EVLER;sokak;491388
KASTAMONU;HANÖNÜ;YENİCE - TEPE;TEPE KÜME EVLER;sokak;464643
KASTAMONU;HANÖNÜ;YENİKÖY - BOSTANCI;BOSTANCI KÜME EVLER;sokak;482986
KASTAMONU;HANÖNÜ;YENİKÖY - ÇAYIRCIK;ÇAYIRCIK KÜME EVLER;sokak;482985
KASTAMONU;HANÖNÜ;YENİKÖY - FARKUŞA;FARKUŞA KÜME EVLER;sokak;482984
KASTAMONU;HANÖNÜ;YENİKÖY - YÜRÜKÖREN;YÜRÜKÖREN KÜME EVLER;sokak;482982
KASTAMONU;HANÖNÜ;YILANLI - AŞAĞI ÇUKURSÖKÜ;AŞAĞI ÇUKURSÖKÜ KÜME EVLER;sokak;496861
KASTAMONU;HANÖNÜ;YILANLI - ÇALÇI;ÇALCI KÜME EVLER;sokak;495658
KASTAMONU;HANÖNÜ;YILANLI - KUZSÖKÜ;KUZSÖKÜ KÜME EVLER;sokak;496863
KASTAMONU;HANÖNÜ;YILANLI - KUZSÖKÜ MADANLAR;KUZSÖKÜ MADALLAR KÜME EVLER;sokak;495656
KASTAMONU;HANÖNÜ;YILANLI - MERCİMECÜK;MERCİMECÜK KÜME EVLER;sokak;495659
KASTAMONU;HANÖNÜ;YILANLI - TÜRKMEN;TÜRKMEN KÜME EVLER;sokak;496864
KASTAMONU;HANÖNÜ;YILANLI - YALAK DERESİ;YALAK DERESİ KÜME EVLER;sokak;495657
KASTAMONU;HANÖNÜ;YILANLI - YAYLA EVLERİ;YAYLA EVLERİ KÜME EVLER;sokak;495660
KASTAMONU;HANÖNÜ;YILANLI - YUKARI ÇUKURSÖKÜ;YUKARI ÇUKURSÖKÜ KÜME EVLER;sokak;496860
KASTAMONU;İHSANGAZİ;AFŞAR;AVŞAR KÜME EVLER;sokak;254925
KASTAMONU;İHSANGAZİ;AFŞAR;BAHCELIEVLER 2 SOKAK;sokak;513714581
KASTAMONU;İHSANGAZİ;AFŞAR;BAHCELIEVLER SOKAK;sokak;764642541
KASTAMONU;İHSANGAZİ;AFŞAR;HATİP KÜME EVLER;sokak;254926
KASTAMONU;İHSANGAZİ;AFŞAR;KASTAMONU CADDE;cadde;846017070
KASTAMONU;İHSANGAZİ;AKKAYA - AKKAYA;AKKAYA KÜME EVLER;sokak;30727
KASTAMONU;İHSANGAZİ;AKKAYA - AŞAĞI İMİRLER;AŞAĞI İMİRLER KÜME EVLER;sokak;30728
KASTAMONU;İHSANGAZİ;AKKAYA - DEĞİRMENBAŞI;DEĞİRMENBAŞI KÜME EVLER;sokak;30729
KASTAMONU;İHSANGAZİ;AKKAYA - İMİRLER;İMİRLER KÜME EVLER;sokak;367857
KASTAMONU;İHSANGAZİ;AKKAYA - KÖSEOĞLU;KÖSEOĞLU KÜME EVLER;sokak;30731
KASTAMONU;İHSANGAZİ;AKKAYA - KUZGEÇE;KUZGEÇE KÜME EVLER;sokak;30730
KASTAMONU;İHSANGAZİ;AKKAYA - ŞATIR;ŞATIR KÜME EVLER;sokak;30732
KASTAMONU;İHSANGAZİ;AKKİRPİ - BEDO;BEDO KÜME EVLER;sokak;29414
KASTAMONU;İHSANGAZİ;AKKİRPİ - ÇAVUŞ;ÇAVUŞ KÜME EVLER;sokak;29416
KASTAMONU;İHSANGAZİ;AKKİRPİ - KAYALI;KAYALI KÜME EVLER;sokak;29415
KASTAMONU;İHSANGAZİ;AKKİRPİ - MERKEZ;MERKEZ KÜME EVLER;sokak;29412
KASTAMONU;İHSANGAZİ;AKKİRPİ - PELPO;PELPO KÜME EVLER;sokak;29413
KASTAMONU;İHSANGAZİ;AKKİRPİ - YUKARI;YUKARI KÜME EVLER;sokak;367842
KASTAMONU;İHSANGAZİ;BEDİRGERİŞ - BÜYÜK KÖY;BÜYÜK KÖY KÜME EVLER;sokak;29433
KASTAMONU;İHSANGAZİ;BEDİRGERİŞ - GENİŞÇE ORTA;GENİŞÇE ORTA KÜME EVLER;sokak;29434
KASTAMONU;İHSANGAZİ;BEDİRGERİŞ - YENİ YAYLA;YENİ YAYLA KÜME EVLER;sokak;367846
KASTAMONU;İHSANGAZİ;BELENÇAL - BELENÇAL;BELENÇAL KÜME EVLER;sokak;30711
KASTAMONU;İHSANGAZİ;BELENÇAL - ECELER;ECELER KÜME EVLER;sokak;30712
KASTAMONU;İHSANGAZİ;BELENÇAL - GAMİT;GAMİT KÜME EVLER;sokak;30713
KASTAMONU;İHSANGAZİ;BELENÇAL - SEKECEK;SEKECEK KÜME EVLER;sokak;30714
KASTAMONU;İHSANGAZİ;BELENÇAL - SEKECEK KIŞLASI;SEKECEK KIŞLASI KÜME EVLER;sokak;367854
KASTAMONU;İHSANGAZİ;BOZARMUT - ALACA;ALACA KÜME EVLER;sokak;30301
KASTAMONU;İHSANGAZİ;BOZARMUT - ÇÖMEN;ÇÖMEN KÜME EVLER;sokak;30299
KASTAMONU;İHSANGAZİ;BOZARMUT - HALİL;HALİL KÜME EVLER;sokak;29435
KASTAMONU;İHSANGAZİ;BOZARMUT - KANLICA;KANLICA KÜME EVLER;sokak;31007
KASTAMONU;İHSANGAZİ;BOZARMUT - ÖTEGEÇE;ÖTEGEÇE KÜME EVLER;sokak;31006
KASTAMONU;İHSANGAZİ;BOZARMUT - TOKUROĞLU;TOKUROĞLU KÜME EVLER;sokak;30300
KASTAMONU;İHSANGAZİ;BOZARMUT - YUKARISİVAL;YUKARISİVAL KÜME EVLER;sokak;367847
KASTAMONU;İHSANGAZİ;ÇATALYAZI - BUĞDÜZ;BUĞDÜZ KÜME EVLER;sokak;30722
KASTAMONU;İHSANGAZİ;ÇATALYAZI - İMAM;İMAM KÜME EVLER;sokak;367856
KASTAMONU;İHSANGAZİ;ÇATALYAZI - KAYA;KAYA KÜME EVLER;sokak;30723
KASTAMONU;İHSANGAZİ;ÇATALYAZI - KÖSELER;KÖSELER KÜME EVLER;sokak;30724
KASTAMONU;İHSANGAZİ;ÇATALYAZI - SİNDERLER;SİNDERLER KÜME EVLER;sokak;30725
KASTAMONU;İHSANGAZİ;ÇATALYAZI - ŞEYH;ŞEYH KÜME EVLER;sokak;30726
KASTAMONU;İHSANGAZİ;ÇAY;15 TEMMUZ ŞEHİTLER CADDE;cadde;847727890
KASTAMONU;İHSANGAZİ;ÇAY;CUMHURİYET CADDE;cadde;131349111
KASTAMONU;İHSANGAZİ;ÇAY;ÇAKIROĞLU KÜME EVLER;sokak;254929
KASTAMONU;İHSANGAZİ;ÇAY;ÇAY KÜME EVLER;sokak;254930
KASTAMONU;İHSANGAZİ;ÇİÇEKPINAR - GÖKÇE;GÖKÇE KÜME EVLER;sokak;31008
KASTAMONU;İHSANGAZİ;ÇİÇEKPINAR - KUTUCU;KUTUCU KÜME EVLER;sokak;367859
KASTAMONU;İHSANGAZİ;ÇİÇEKPINAR - MERKEZ;MERKEZ KÜME EVLER;sokak;30743
KASTAMONU;İHSANGAZİ;DAĞYOLU - AŞAĞI;AŞAĞI KÜME EVLER;sokak;29417
KASTAMONU;İHSANGAZİ;DAĞYOLU - KANLIGÖL;KANLIGÖL KÜME EVLER;sokak;29419
KASTAMONU;İHSANGAZİ;DAĞYOLU - YENİ;YENİ KÜME EVLER;sokak;29418
KASTAMONU;İHSANGAZİ;DAĞYOLU - YUKARI;YUKARI KÜME EVLER;sokak;367843
KASTAMONU;İHSANGAZİ;ELÇELEBİ;ALİÇELEBİ SOKAK;sokak;442355
KASTAMONU;İHSANGAZİ;ELÇELEBİ;CİĞERCİ KÜME EVLER;sokak;254927
KASTAMONU;İHSANGAZİ;ELÇELEBİ;DEMİREL CADDE;cadde;153984720
KASTAMONU;İHSANGAZİ;ELÇELEBİ;GAZİ KÜME SOKAK;sokak;780552741
KASTAMONU;İHSANGAZİ;ELÇELEBİ;İSALAR CADDE;cadde;936208050
KASTAMONU;İHSANGAZİ;ELÇELEBİ;İSLAMOĞLU CADDE;cadde;373977260
KASTAMONU;İHSANGAZİ;ELÇELEBİ;KADIOĞLU KÜME EVLER;sokak;254928
KASTAMONU;İHSANGAZİ;ELÇELEBİ;KASTAMONU CADDE;cadde;118466151
KASTAMONU;İHSANGAZİ;ENBİYA - ALÇIOĞLU;ALÇIOĞLU KÜME EVLER;sokak;30742
KASTAMONU;İHSANGAZİ;ENBİYA - KARAÇALI;KARAÇALI KÜME EVLER;sokak;30740
KASTAMONU;İHSANGAZİ;ENBİYA - MERKEZ;MERKEZ KÜME EVLER;sokak;367858
KASTAMONU;İHSANGAZİ;ENBİYA - MUTAF;MUTAF KÜME EVLER;sokak;30739
KASTAMONU;İHSANGAZİ;ENBİYA - TERZİ;TERZİ KÜME EVLER;sokak;30738
KASTAMONU;İHSANGAZİ;ENBİYA - UZUNOĞLU;UZUNOĞLU KÜME EVLER;sokak;30741
KASTAMONU;İHSANGAZİ;GÖRPE - ANBARCI;ANBARCI KÜME EVLER;sokak;29403
KASTAMONU;İHSANGAZİ;GÖRPE - AŞAĞI;AŞAĞI KÜME EVLER;sokak;29402
KASTAMONU;İHSANGAZİ;GÖRPE - EMİNEFENDİ;EMİN EFENDİ KÜME EVLER;sokak;367840
KASTAMONU;İHSANGAZİ;GÖRPE - KÖSELER;KÖSELER KÜME EVLER;sokak;29405
KASTAMONU;İHSANGAZİ;GÖRPE - ZEYBEK;ZEYBEK KÜME EVLER;sokak;29404
KASTAMONU;İHSANGAZİ;HAYDARLAR - ÇAKILLAR;ÇAKILLAR KÜME EVLER;sokak;29409
KASTAMONU;İHSANGAZİ;HAYDARLAR - GÜNEY;GÜNEY KÜME EVLER;sokak;29410
KASTAMONU;İHSANGAZİ;HAYDARLAR - HOCA;HOCA KÜME EVLER;sokak;29411
KASTAMONU;İHSANGAZİ;HAYDARLAR - İMAMOĞLU;İMAMOĞLU KÜME EVLER;sokak;29408
KASTAMONU;İHSANGAZİ;HAYDARLAR - KADILAR;KADILAR KÜME EVLER;sokak;29407
KASTAMONU;İHSANGAZİ;HAYDARLAR - KUŞLAR;KUŞLAR KÜME EVLER;sokak;367841
KASTAMONU;İHSANGAZİ;HAYDARLAR - MERKEZ;MERKEZ KÜME EVLER;sokak;29406
KASTAMONU;İHSANGAZİ;HOCAHACİP - AŞAĞI;AŞAĞI KÜME EVLER;sokak;30334
KASTAMONU;İHSANGAZİ;HOCAHACİP - AŞAĞI SÖKÜ;AŞAĞI SÖKÜ KÜME EVLER;sokak;30325
KASTAMONU;İHSANGAZİ;HOCAHACİP - CAMİÖNÜ;CAMİÖNÜ KÜME EVLER;sokak;30328
KASTAMONU;İHSANGAZİ;HOCAHACİP - FATMAOĞLU;FATMAOĞLU KÜME EVLER;sokak;30327
KASTAMONU;İHSANGAZİ;HOCAHACİP - HANÖNÜ;HANÖNÜ KÜME EVLER;sokak;30330
KASTAMONU;İHSANGAZİ;HOCAHACİP - HİMMET;HİMMET KÜME EVLER;sokak;30332
KASTAMONU;İHSANGAZİ;HOCAHACİP - KIRIKOĞLU;KIRIKOĞLU KÜME EVLER;sokak;30329
KASTAMONU;İHSANGAZİ;HOCAHACİP - MUAZZİN;MUAZZİN KÜME EVLER;sokak;30333
KASTAMONU;İHSANGAZİ;HOCAHACİP - SEYRANLI;SEYRANLI KÜME EVLER;sokak;30331
KASTAMONU;İHSANGAZİ;HOCAHACİP - YUKARI SÖKÜ;YUKARI SÖKÜ KÜME EVLER;sokak;30326
KASTAMONU;İHSANGAZİ;İNCİĞEZ - HASANPAŞA;HASANPAŞA KÜME EVLER;sokak;29422
KASTAMONU;İHSANGAZİ;İNCİĞEZ - MANGAZ;MANGAZ KÜME EVLER;sokak;29423
KASTAMONU;İHSANGAZİ;İNCİĞEZ - MERKEZ;MERKEZ KÜME EVLER;sokak;29420
KASTAMONU;İHSANGAZİ;İNCİĞEZ - TARAKÇI;TARAKÇI KÜME EVLER;sokak;367844
KASTAMONU;İHSANGAZİ;İNCİĞEZ - YUKARI BUCAK;YUKARI BUCAK KÜME EVLER;sokak;29421
KASTAMONU;İHSANGAZİ;İSALAR;BAYRAM KÜME EVLER;sokak;254931
KASTAMONU;İHSANGAZİ;İSALAR;BELEDİYE CADDE;cadde;179461790
KASTAMONU;İHSANGAZİ;İSALAR;DEPİŞKEN KÜME EVLER;sokak;674818381
KASTAMONU;İHSANGAZİ;İSALAR;İSALAR 1 KÜME EVLER;sokak;254934
KASTAMONU;İHSANGAZİ;İSALAR;KADIOĞLU KÜME EVLER;sokak;801350491
KASTAMONU;İHSANGAZİ;İSALAR;KIZILÇAM KÜME EVLER;sokak;254932
KASTAMONU;İHSANGAZİ;İSALAR;LEFTER KÜME EVLER;sokak;254933
KASTAMONU;İHSANGAZİ;İSALAR;TEKKE KÜME EVLER;sokak;442356
KASTAMONU;İHSANGAZİ;KALFAT;ALİBEYOĞLU KÜME EVLER;sokak;254935
KASTAMONU;İHSANGAZİ;KALFAT;BELEDİYE CADDE;cadde;502918710
KASTAMONU;İHSANGAZİ;KALFAT;DEMİRCİOĞLU KÜME EVLER;sokak;254936
KASTAMONU;İHSANGAZİ;KALFAT;FEVZİ KÜME EVLER;sokak;254937
KASTAMONU;İHSANGAZİ;KALFAT;KALFAT 1 SOKAK;sokak;290157400
KASTAMONU;İHSANGAZİ;KALFAT;KALFAT 3 SOKAK;sokak;492803731
KASTAMONU;İHSANGAZİ;KALFAT;KALFAT 4 SOKAK;sokak;902975400
KASTAMONU;İHSANGAZİ;KALFAT;ÖMERBAŞOĞLU KÜME EVLER;sokak;254939
KASTAMONU;İHSANGAZİ;KALFAT;TAFRACI KÜME EVLER;sokak;254938
KASTAMONU;İHSANGAZİ;KAPAKLI - MERKEZ;MERKEZ KÜME EVLER;sokak;29399
KASTAMONU;İHSANGAZİ;KAPAKLI - OLÇAK;OLÇAK KÜME EVLER;sokak;29400
KASTAMONU;İHSANGAZİ;KAYAPINAR - HATİP;HATİP KÜME EVLER;sokak;30313
KASTAMONU;İHSANGAZİ;KAYAPINAR - KARABİBER;KARABİBER KÜME EVLER;sokak;30315
KASTAMONU;İHSANGAZİ;KAYAPINAR - KEPENEK;KEPENEK KÜME EVLER;sokak;30316
KASTAMONU;İHSANGAZİ;KAYAPINAR - MERKEZ;MERKEZ KÜME EVLER;sokak;30312
KASTAMONU;İHSANGAZİ;KAYAPINAR - YUSUFOĞLU;YUSUFOĞLU KÜME EVLER;sokak;30314
KASTAMONU;İHSANGAZİ;KIZILELLER - AŞAĞI KAVAK;AŞAĞI KAVAK KÜME EVLER;sokak;30706
KASTAMONU;İHSANGAZİ;KIZILELLER - DERE;DERE KÜME EVLER;sokak;30707
KASTAMONU;İHSANGAZİ;KIZILELLER - MERKEZ;MERKEZ KÜME EVLER;sokak;30708
KASTAMONU;İHSANGAZİ;KIZILELLER - ORTALIK;ORTALIK KÜME EVLER;sokak;30709
KASTAMONU;İHSANGAZİ;KIZILELLER - YUKARI KAVAK;YUKARI KAVAK KÜME EVLER;sokak;30710
KASTAMONU;İHSANGAZİ;KOÇCUĞAZ - ALINCA;ALINCA KÜME EVLER;sokak;30324
KASTAMONU;İHSANGAZİ;KOÇCUĞAZ - KARABALTA;KARABALTA KÜME EVLER;sokak;30322
KASTAMONU;İHSANGAZİ;KOÇCUĞAZ - ORTACA;ORTACA KÜME EVLER;sokak;30321
KASTAMONU;İHSANGAZİ;KOÇCUĞAZ - PİYAL;PİYAL KÜME EVLER;sokak;30320
KASTAMONU;İHSANGAZİ;KOÇCUĞAZ - TEPE;TEPE KÜME EVLER;sokak;30323
KASTAMONU;İHSANGAZİ;KOÇCUĞAZ - YUKARI;YUKARI KÜME EVLER;sokak;30319
KASTAMONU;İHSANGAZİ;KUŞÇULAR;AŞUR KÜME EVLER;sokak;442357
KASTAMONU;İHSANGAZİ;KUŞÇULAR;KIRCAN KÜME EVLER;sokak;254940
KASTAMONU;İHSANGAZİ;KUŞÇULAR;KUŞCULAR KÜME EVLER;sokak;254941
KASTAMONU;İHSANGAZİ;KUŞÇULAR;SEKECEK KÜME EVLER;sokak;254942
KASTAMONU;İHSANGAZİ;OBRUK - AHSAP;AHŞAP KÜME EVLER;sokak;30715
KASTAMONU;İHSANGAZİ;OBRUK - ÇATO;ÇATO KÜME EVLER;sokak;30721
KASTAMONU;İHSANGAZİ;OBRUK - DERE;DERE KÜME EVLER;sokak;30716
KASTAMONU;İHSANGAZİ;OBRUK - KIŞLA;KIŞLA KÜME EVLER;sokak;30717
KASTAMONU;İHSANGAZİ;OBRUK - OBRUK;OBRUK KÜME EVLER;sokak;30718
KASTAMONU;İHSANGAZİ;OBRUK - PARLALIK;PARLALIK KÜME EVLER;sokak;30719
KASTAMONU;İHSANGAZİ;OBRUK - SALAM;SALAM KÜME EVLER;sokak;30720
KASTAMONU;İHSANGAZİ;OBRUK - SIKLIK;SIKLIK KÜME EVLER;sokak;367855
KASTAMONU;İHSANGAZİ;ÖRENCİK - MERKEZ;MERKEZ KÜME EVLER;sokak;29396
KASTAMONU;İHSANGAZİ;ÖRENCİK - ŞAHİNLER;ŞAHİNLER KÜME EVLER;sokak;367839
KASTAMONU;İHSANGAZİ;SARIPINAR - ALUÇ YAYLA;ALUÇ YAYLA KÜME EVLER;sokak;30702
KASTAMONU;İHSANGAZİ;SARIPINAR - AŞAĞI;AŞAĞI KÜME EVLER;sokak;30703
KASTAMONU;İHSANGAZİ;SARIPINAR - ÇATAK YAYLA;ÇATAK YAYLA KÜME EVLER;sokak;30734
KASTAMONU;İHSANGAZİ;SARIPINAR - DORUK YAYLA;DORUK YAYLA KÜME EVLER;sokak;367852
KASTAMONU;İHSANGAZİ;SARIPINAR - YENİ;YENİ KÜME EVLER;sokak;30704
KASTAMONU;İHSANGAZİ;SARIPINAR - YUKARI;YUKARI KÜME EVLER;sokak;30705
KASTAMONU;İHSANGAZİ;SEPETÇİOĞLU - HÜSEMOĞLU;HÜSEMOĞLU KÜME EVLER;sokak;30318
KASTAMONU;İHSANGAZİ;SEPETÇİOĞLU - MERKEZ;MERKEZ KÜME EVLER;sokak;30317
KASTAMONU;İHSANGAZİ;SEVİNDİK;AVŞAR KÜME EVLER;sokak;651039961
KASTAMONU;İHSANGAZİ;SEVİNDİK;KASTAMONU CADDE;cadde;525704210
KASTAMONU;İHSANGAZİ;SEVİNDİK;KICIOĞLU KÜME EVLER;sokak;254943
KASTAMONU;İHSANGAZİ;SEVİNDİK;MEÇİKLİ KÜME EVLER;sokak;254944
KASTAMONU;İHSANGAZİ;SEVİNDİK;NEBİOĞLU KÜME EVLER;sokak;254945
KASTAMONU;İHSANGAZİ;SEVİNDİK;SEVİNDİK 1 SOKAK;sokak;378913481
KASTAMONU;İHSANGAZİ;SİPAHİLER;A.SİPAHİLER KÜME EVLER;sokak;254948
KASTAMONU;İHSANGAZİ;SİPAHİLER;DERE KÜME EVLER;sokak;254949
KASTAMONU;İHSANGAZİ;SİPAHİLER;DORUK KÜME EVLER;sokak;442358
KASTAMONU;İHSANGAZİ;SİPAHİLER;KARAFUR KÜME EVLER;sokak;254946
KASTAMONU;İHSANGAZİ;SİPAHİLER;SİPAHİLER KÜME EVLER;sokak;254947
KASTAMONU;İHSANGAZİ;SÜNLÜK - AŞAĞI SIVAR;AŞAĞI SIVAR KÜME EVLER;sokak;30303
KASTAMONU;İHSANGAZİ;SÜNLÜK - AŞAĞI SÜNLÜK;AŞAĞI SÜNLÜK KÜME EVLER;sokak;30306
KASTAMONU;İHSANGAZİ;SÜNLÜK - GÖPCO;GÖPCO KÜME EVLER;sokak;625164
KASTAMONU;İHSANGAZİ;SÜNLÜK - MERKEZ;MERKEZ KÜME EVLER;sokak;30302
KASTAMONU;İHSANGAZİ;SÜNLÜK - OKLUCA;OKLUCA KÜME EVLER;sokak;30305
KASTAMONU;İHSANGAZİ;SÜNLÜK - YUKARI SÜNLÜK;YUKARI SÜNLÜK KÜME EVLER;sokak;30304
KASTAMONU;İHSANGAZİ;YARIŞLAR - KARAYAPRAK;KARAYAPRAK KÜME EVLER;sokak;29425
KASTAMONU;İHSANGAZİ;YARIŞLAR - MERKEZ;MERKEZ KÜME EVLER;sokak;29424
KASTAMONU;İHSANGAZİ;YENİ;15 TEMMUZ ŞEHİTLER CADDE;cadde;1358723
KASTAMONU;İHSANGAZİ;YENİ;AHMET YASEVİ SOKAK;sokak;254966
KASTAMONU;İHSANGAZİ;YENİ;ALİÇELEBİ SOKAK;sokak;352247400
KASTAMONU;İHSANGAZİ;YENİ;ATATÜRK 1. SOKAK;sokak;655717881
KASTAMONU;İHSANGAZİ;YENİ;ATATÜRK CADDE;cadde;254950
KASTAMONU;İHSANGAZİ;YENİ;BAHÇELİ SOKAK;sokak;254951
KASTAMONU;İHSANGAZİ;YENİ;BALABAN SOKAK;sokak;442359
KASTAMONU;İHSANGAZİ;YENİ;BAŞARAN 1 SOKAK;sokak;656793421
KASTAMONU;İHSANGAZİ;YENİ;BAŞARAN SOKAK;sokak;254952
KASTAMONU;İHSANGAZİ;YENİ;BELEDİYE 1. SOKAK;sokak;551116600
KASTAMONU;İHSANGAZİ;YENİ;BELEDİYE CADDE;cadde;254953
KASTAMONU;İHSANGAZİ;YENİ;CAMİ 1 SOKAK;sokak;161198281
KASTAMONU;İHSANGAZİ;YENİ;CAMİİ SOKAK;sokak;361716
KASTAMONU;İHSANGAZİ;YENİ;CUMHURİYET 1 SOKAK;sokak;891590571
KASTAMONU;İHSANGAZİ;YENİ;CUMHURİYET 2 SOKAK;sokak;735045081
KASTAMONU;İHSANGAZİ;YENİ;CUMHURİYET 3 SOKAK;sokak;634240970
KASTAMONU;İHSANGAZİ;YENİ;CUMHURİYET 4 SOKAK;sokak;278052661
KASTAMONU;İHSANGAZİ;YENİ;CUMHURİYET 5 SOKAK;sokak;385844960
KASTAMONU;İHSANGAZİ;YENİ;CUMHURİYET 6 SOKAK;sokak;670508720
KASTAMONU;İHSANGAZİ;YENİ;CUMHURİYET 7 SOKAK;sokak;279764301
KASTAMONU;İHSANGAZİ;YENİ;CUMHURİYET 8 SOKAK;sokak;169425751
KASTAMONU;İHSANGAZİ;YENİ;CUMHURİYET 9 SOKAK;sokak;655290260
KASTAMONU;İHSANGAZİ;YENİ;CUMHURİYET CADDE;cadde;254954
KASTAMONU;İHSANGAZİ;YENİ;ÇAY KÜME EVLER;sokak;579642641
KASTAMONU;İHSANGAZİ;YENİ;DEMİREL 1. SOKAK;sokak;574458431
KASTAMONU;İHSANGAZİ;YENİ;DEMİREL 3. SOKAK;sokak;928261550
KASTAMONU;İHSANGAZİ;YENİ;DEMİREL 4. SOKAK;sokak;707133180
KASTAMONU;İHSANGAZİ;YENİ;DEMİREL 5. SOKAK;sokak;129157400
KASTAMONU;İHSANGAZİ;YENİ;DEMİREL CADDE;cadde;254955
KASTAMONU;İHSANGAZİ;YENİ;DORUK KÜME EVLER;sokak;879323490
KASTAMONU;İHSANGAZİ;YENİ;GAZİ KÜME SOKAK;sokak;254956
KASTAMONU;İHSANGAZİ;YENİ;HARAÇOĞLU 1 SOKAK;sokak;527783471
KASTAMONU;İHSANGAZİ;YENİ;HARAÇOĞLU 2 SOKAK;sokak;261949361
KASTAMONU;İHSANGAZİ;YENİ;HARAÇOĞLU CADDE;cadde;254957
KASTAMONU;İHSANGAZİ;YENİ;İSALAR 1 KÜME EVLER;sokak;579754191
KASTAMONU;İHSANGAZİ;YENİ;İSALAR CADDE;cadde;1039205
KASTAMONU;İHSANGAZİ;YENİ;İSLAMOĞLU 1 SOKAK;sokak;766745301
KASTAMONU;İHSANGAZİ;YENİ;İSLAMOĞLU CADDE;cadde;254965
KASTAMONU;İHSANGAZİ;YENİ;KASTAMONU CADDE;cadde;254958
KASTAMONU;İHSANGAZİ;YENİ;M.AKİF ERSOY CADDE;cadde;442361
KASTAMONU;İHSANGAZİ;YENİ;MENEKŞE SOKAK;sokak;361717
KASTAMONU;İHSANGAZİ;YENİ;MİTHATPAŞA 1 SOKAK;sokak;593887101
KASTAMONU;İHSANGAZİ;YENİ;MİTHATPAŞA 2 SOKAK;sokak;432234291
KASTAMONU;İHSANGAZİ;YENİ;MİTHATPAŞA CADDE;cadde;442360
KASTAMONU;İHSANGAZİ;YENİ;PINAR SOKAK;sokak;254959
KASTAMONU;İHSANGAZİ;YENİ;PTT SOKAK;sokak;254960
KASTAMONU;İHSANGAZİ;YENİ;ŞEHİT ORHAN KARAÇAM CADDE;cadde;254962
KASTAMONU;İHSANGAZİ;YENİ;TAŞKIN 1 SOKAK;sokak;154358520
KASTAMONU;İHSANGAZİ;YENİ;TAŞKIN 2 SOKAK;sokak;593954420
KASTAMONU;İHSANGAZİ;YENİ;TAŞKIN SOKAK;sokak;361718
KASTAMONU;İHSANGAZİ;YENİ;TEKİNEL CADDE;cadde;254963
KASTAMONU;İHSANGAZİ;YENİ;UZUN SOKAK;sokak;254964
KASTAMONU;İHSANGAZİ;YEŞİL;ARMAĞAN KÜME EVLER;sokak;254967
KASTAMONU;İHSANGAZİ;YEŞİL;BELEDİYE CADDE;cadde;551959520
KASTAMONU;İHSANGAZİ;YEŞİL;DEPİŞKEN KÜME EVLER;sokak;361719
KASTAMONU;İNEBOLU;AKÇAY - HACI;HACI KÜME EVLER;sokak;356379
KASTAMONU;İNEBOLU;AKÇAY - MERKEZ;MERKEZ KÜME EVLER;sokak;479182
KASTAMONU;İNEBOLU;AKGÜNEY - FİDİMSE;FİDİMSE KÜME EVLER;sokak;499995
KASTAMONU;İNEBOLU;AKGÜNEY - MERKEZ;MERKEZ KÜME EVLER;sokak;504574
KASTAMONU;İNEBOLU;AKKONAK - MERKEZ;MERKEZ KÜME EVLER;sokak;491153
KASTAMONU;İNEBOLU;AKTAŞ NA;KÖYÜN KENDİSİ KÜME EVLER;sokak;354996
KASTAMONU;İNEBOLU;ALACA - MERKEZ;MERKEZ KÜME EVLER;sokak;508541
KASTAMONU;İNEBOLU;ALACA - SELAM;SELAM KÜME EVLER;sokak;508222
KASTAMONU;İNEBOLU;AŞAĞIÇAYLI - AŞAĞI;AŞAĞI KÜME EVLER;sokak;484300
KASTAMONU;İNEBOLU;AŞAĞIÇAYLI - ORTA;ORTA KÜME EVLER;sokak;484301
KASTAMONU;İNEBOLU;AŞAĞIÇAYLI - YUKARI;YUKARI KÜME EVLER;sokak;484299
KASTAMONU;İNEBOLU;AŞAĞIHATİPBAĞI;25 AĞUSTOS SOKAK;sokak;757672280
KASTAMONU;İNEBOLU;AŞAĞIHATİPBAĞI;9 HAZIRAN SOKAK;sokak;937274441
KASTAMONU;İNEBOLU;AŞAĞIHATİPBAĞI;ABDURRAHMANPAŞA CADDE;cadde;254968
KASTAMONU;İNEBOLU;AŞAĞIHATİPBAĞI;ADNANKAHVECİ CADDE;cadde;254969
KASTAMONU;İNEBOLU;AŞAĞIHATİPBAĞI;ALTIKULAÇ CADDE;cadde;254970
KASTAMONU;İNEBOLU;AŞAĞIHATİPBAĞI;ARAS SOKAK;sokak;254971
KASTAMONU;İNEBOLU;AŞAĞIHATİPBAĞI;CEBECİ SOKAK;sokak;253372
KASTAMONU;İNEBOLU;AŞAĞIHATİPBAĞI;CUMHURİYET CADDE;cadde;808138
KASTAMONU;İNEBOLU;AŞAĞIHATİPBAĞI;DERE SOKAK;sokak;253373
KASTAMONU;İNEBOLU;AŞAĞIHATİPBAĞI;GALİPDENİZ CADDE;cadde;253374
KASTAMONU;İNEBOLU;AŞAĞIHATİPBAĞI;GÜMRÜK SOKAK;sokak;253375
KASTAMONU;İNEBOLU;AŞAĞIHATİPBAĞI;GÜN SOKAK;sokak;525258960
KASTAMONU;İNEBOLU;AŞAĞIHATİPBAĞI;HACIMEHMETAYDIN CADDE;cadde;253376
KASTAMONU;İNEBOLU;AŞAĞIHATİPBAĞI;HACIZİYAEFENDİ SOKAK;sokak;253377
KASTAMONU;İNEBOLU;AŞAĞIHATİPBAĞI;HÜRKUŞ SOKAK;sokak;667329830
KASTAMONU;İNEBOLU;AŞAĞIHATİPBAĞI;HÜRRİYET CADDE;cadde;448554
KASTAMONU;İNEBOLU;AŞAĞIHATİPBAĞI;İSTİKLAL CADDE;cadde;254702
KASTAMONU;İNEBOLU;AŞAĞIHATİPBAĞI;İTFAİYE CADDE;cadde;254703
KASTAMONU;İNEBOLU;AŞAĞIHATİPBAĞI;KARAGÜLLE CADDE;cadde;253378
KASTAMONU;İNEBOLU;AŞAĞIHATİPBAĞI;KASIMUSTA SOKAK;sokak;253379
KASTAMONU;İNEBOLU;AŞAĞIHATİPBAĞI;KEÇEKÜLAH SOKAK;sokak;253380
KASTAMONU;İNEBOLU;AŞAĞIHATİPBAĞI;MEHMETFETHİYILDIRIM CADDE;cadde;253381
KASTAMONU;İNEBOLU;AŞAĞIHATİPBAĞI;MEYDANCIK CADDE;cadde;346913111
KASTAMONU;İNEBOLU;AŞAĞIHATİPBAĞI;MUSTAFAKEMALPAŞA CADDE;cadde;253382
KASTAMONU;İNEBOLU;AŞAĞIHATİPBAĞI;MUSTAFAŞERBETCİ SOKAK;sokak;918791
KASTAMONU;İNEBOLU;AŞAĞIHATİPBAĞI;ORHANŞAİKGÖKYAY SOKAK;sokak;909546
KASTAMONU;İNEBOLU;AŞAĞIHATİPBAĞI;SEMAHAT CEBECİOĞLU SOKAK;sokak;437408510
KASTAMONU;İNEBOLU;AŞAĞIHATİPBAĞI;SOĞUKSU SOKAK;sokak;213213
KASTAMONU;İNEBOLU;AŞAĞIHATİPBAĞI;STAD SOKAK;sokak;253383
KASTAMONU;İNEBOLU;AŞAĞIHATİPBAĞI;ŞAŞMAZ SOKAK;sokak;254704
KASTAMONU;İNEBOLU;AŞAĞIHATİPBAĞI;ŞEHIT ARIF DEMIREL SOKAK;sokak;566821070
KASTAMONU;İNEBOLU;AŞAĞIHATİPBAĞI;ŞEHIT UZMAN ONBAŞI VEYSEL GÜNAY SOKAK;sokak;978764520
KASTAMONU;İNEBOLU;AŞAĞIHATİPBAĞI;ŞEHİT UZMAN ÇAVUŞ ADEM AKIN SOKAK;sokak;929946150
KASTAMONU;İNEBOLU;AŞAĞIHATİPBAĞI;ŞEHİT UZMAN ONBAŞI EMİN YILDIRIM SOKAK;sokak;363376650
KASTAMONU;İNEBOLU;AŞAĞIHATİPBAĞI;ŞEHİT UZMAN ONBAŞI İBRAHİM TÜZEL SOKAK;sokak;812435860
KASTAMONU;İNEBOLU;AŞAĞIHATİPBAĞI;ŞEHİTERRAHMİYILMAZER CADDE;cadde;678301580
KASTAMONU;İNEBOLU;AŞAĞIHATİPBAĞI;TOPALOĞLU SOKAK;sokak;253384
KASTAMONU;İNEBOLU;AŞAĞIHATİPBAĞI;TURGUT ÖZAKMAN SOKAK;sokak;695120361
KASTAMONU;İNEBOLU;AŞAĞIHATİPBAĞI;UĞURMUMCU CADDE;cadde;253385
KASTAMONU;İNEBOLU;AŞAĞIHATİPBAĞI;ULUĞ BEY SOKAK;sokak;496752000
KASTAMONU;İNEBOLU;AŞAĞIHATİPBAĞI;USTAOĞLU SOKAK;sokak;448555
KASTAMONU;İNEBOLU;AŞAĞIHATİPBAĞI;YENİCAMİ SOKAK;sokak;253387
KASTAMONU;İNEBOLU;AŞAĞIHATİPBAĞI;YENİÇARŞI SOKAK;sokak;253386
KASTAMONU;İNEBOLU;AŞAĞIHATİPBAĞI;ZAFERYOLU CADDE;cadde;1045425
KASTAMONU;İNEBOLU;ATABEYLİ - ÇORAK;ÇORAK KÜME EVLER;sokak;474190
KASTAMONU;İNEBOLU;ATABEYLİ - KARŞI;KARŞI KÜME EVLER;sokak;483708
KASTAMONU;İNEBOLU;ATABEYLİ - MERKEZ;MERKEZ KÜME EVLER;sokak;483789
KASTAMONU;İNEBOLU;AVARA;AY SOKAK;sokak;115970850
KASTAMONU;İNEBOLU;AVARA;CAMİ SOKAK;sokak;254705
KASTAMONU;İNEBOLU;AVARA;CELASİNKARAKOCAOĞLU SOKAK;sokak;918790
KASTAMONU;İNEBOLU;AVARA;DUMAN SOKAK;sokak;664756660
KASTAMONU;İNEBOLU;AVARA;FAKAZLI SOKAK;sokak;449468
KASTAMONU;İNEBOLU;AVARA;GEMİYERİ SOKAK;sokak;925719
KASTAMONU;İNEBOLU;AVARA;HACIYAHYA SOKAK;sokak;1051964
KASTAMONU;İNEBOLU;AVARA;IŞIK SOKAK;sokak;506324880
KASTAMONU;İNEBOLU;AVARA;KARA SOKAK;sokak;834036670
KASTAMONU;İNEBOLU;AVARA;KAŞGARLI MAHMUT SOKAK;sokak;643177040
KASTAMONU;İNEBOLU;AVARA;KUŞÇUBUĞU SOKAK;sokak;828930
KASTAMONU;İNEBOLU;AVARA;MEHMETAKİF CADDE;cadde;254706
KASTAMONU;İNEBOLU;AVARA;MIRMIROĞLU SOKAK;sokak;254707
KASTAMONU;İNEBOLU;AVARA;MIZRAK SOKAK;sokak;404905910
KASTAMONU;İNEBOLU;AVARA;NAMIKKEMAL CADDE;cadde;254708
KASTAMONU;İNEBOLU;AVARA;POYRAZ SOKAK;sokak;828928
KASTAMONU;İNEBOLU;AVARA;SADIK REİS SOKAK;sokak;750652920
KASTAMONU;İNEBOLU;AVARA;SEYMENOĞLU SOKAK;sokak;975470610
KASTAMONU;İNEBOLU;AVARA;SOĞUCAKSU SOKAK;sokak;923677
KASTAMONU;İNEBOLU;AVARA;ŞABAN NALBANT SOKAK;sokak;928532170
KASTAMONU;İNEBOLU;AVARA;ŞEHİT ASTSUBAY BAŞÇAVUŞ ÖMÜR GÜLÜNAY SOKAK;sokak;363524170
KASTAMONU;İNEBOLU;AVARA;ŞEHİT ASTSUBAY ÇAVUŞ MUHARREM ÖĞÜTÇÜ SOKAK;sokak;979806430
KASTAMONU;İNEBOLU;AVARA;ŞEHİT SÖZLEŞMELİ ER CUMA BAĞATUR SOKAK;sokak;556258910
KASTAMONU;İNEBOLU;AVARA;ŞEHİTERRAHMİYILMAZER CADDE;cadde;254709
KASTAMONU;İNEBOLU;AVARA;TEPE SOKAK;sokak;871801880
KASTAMONU;İNEBOLU;AVARA;ULUYAZ SOKAK;sokak;925717
KASTAMONU;İNEBOLU;AVARA;ZENCEFİL SOKAK;sokak;377853420
KASTAMONU;İNEBOLU;AVARA;ZİYAPAŞA CADDE;cadde;254710
KASTAMONU;İNEBOLU;AYVAKÖY NA;KÖYÜN KENDİSİ KÜME EVLER;sokak;479735
KASTAMONU;İNEBOLU;AYVAT - KADIOĞLUM;KADIOĞLUM KÜME EVLER;sokak;496666
KASTAMONU;İNEBOLU;AYVAT - MERKEZ;MERKEZ KÜME EVLER;sokak;494907
KASTAMONU;İNEBOLU;AYVAT - ŞİRVAN;ŞİRVAN KÜME EVLER;sokak;494445
KASTAMONU;İNEBOLU;BAŞKÖY - MERKEZ;MERKEZ KÜME EVLER;sokak;492052
KASTAMONU;İNEBOLU;BAŞKÖY - YENERİ;YENERİ KÜME EVLER;sokak;485785
KASTAMONU;İNEBOLU;BAYIRALAN - DANYA;DANYA KÜME EVLER;sokak;506186
KASTAMONU;İNEBOLU;BAYIRALAN - DEMİR;DEMİR KÜME EVLER;sokak;506184
KASTAMONU;İNEBOLU;BAYIRALAN - KÖPRÜLÜ;KÖPRÜLÜ KÜME EVLER;sokak;510643
KASTAMONU;İNEBOLU;BAYIRALAN - KÜPOĞLU;KÜPOĞLU KÜME EVLER;sokak;510629
KASTAMONU;İNEBOLU;BAYIRALAN - MERKEZ;MERKEZ KÜME EVLER;sokak;513353
KASTAMONU;İNEBOLU;BAYIRALAN - MÜEZZİN;MÜEZZİN KÜME EVLER;sokak;510632
KASTAMONU;İNEBOLU;BAYIRALAN - PAZEN;PAZEN KÜME EVLER;sokak;506177
KASTAMONU;İNEBOLU;BELEN - FADARA;FADARA KÜME EVLER;sokak;468464
KASTAMONU;İNEBOLU;BELEN - MERKEZ;MERKEZ KÜME EVLER;sokak;356383
KASTAMONU;İNEBOLU;BELENCE NA;KÖYÜN KENDİSİ KÜME EVLER;sokak;485396
KASTAMONU;İNEBOLU;BELÖREN - MERKEZ;MERKEZ KÜME EVLER;sokak;356380
KASTAMONU;İNEBOLU;BELÖREN - MOLLA ÖMER;MOLLA ÖMER KÜME EVLER;sokak;356376
KASTAMONU;İNEBOLU;BEYLER - KUŞBURNU;KUŞBURNU KÜME EVLER;sokak;479186
KASTAMONU;İNEBOLU;BEYLER - MERKEZ;MERKEZ KÜME EVLER;sokak;479183
KASTAMONU;İNEBOLU;BEYLER - SELİM;SELİM KÜME EVLER;sokak;354999
KASTAMONU;İNEBOLU;BOYRAN;AFET İNAN SOKAK;sokak;582801810
KASTAMONU;İNEBOLU;BOYRAN;BAL SOKAK;sokak;328406130
KASTAMONU;İNEBOLU;BOYRAN;BALTAÇIKMAZ SOKAK;sokak;254711
KASTAMONU;İNEBOLU;BOYRAN;DERİN SOKAK;sokak;662601260
KASTAMONU;İNEBOLU;BOYRAN;GEMİYERİ SOKAK;sokak;449469
KASTAMONU;İNEBOLU;BOYRAN;HAMDİREİS SOKAK;sokak;255031
KASTAMONU;İNEBOLU;BOYRAN;HAYLAZÇIKMAZ SOKAK;sokak;255032
KASTAMONU;İNEBOLU;BOYRAN;HEYAMOLA SOKAK;sokak;812427780
KASTAMONU;İNEBOLU;BOYRAN;İSMETPAŞA CADDE;cadde;255039
KASTAMONU;İNEBOLU;BOYRAN;KALE SOKAK;sokak;255033
KASTAMONU;İNEBOLU;BOYRAN;KARAKOCAOĞLU SOKAK;sokak;255034
KASTAMONU;İNEBOLU;BOYRAN;KEVSER SOKAK;sokak;827473870
KASTAMONU;İNEBOLU;BOYRAN;KOYUNAĞAÇIKMAZ SOKAK;sokak;255035
KASTAMONU;İNEBOLU;BOYRAN;MEHMETAKİF CADDE;cadde;255036
KASTAMONU;İNEBOLU;BOYRAN;MEYDANCIK CADDE;cadde;255037
KASTAMONU;İNEBOLU;BOYRAN;NAMIKKEMAL CADDE;cadde;955940
KASTAMONU;İNEBOLU;BOYRAN;NASREDDİN HOCA SOKAK;sokak;887697240
KASTAMONU;İNEBOLU;BOYRAN;ÖMERKAPTAN SOKAK;sokak;449470
KASTAMONU;İNEBOLU;BOYRAN;TAN SOKAK;sokak;178676640
KASTAMONU;İNEBOLU;BOYRAN;TOPRAK SOKAK;sokak;122509810
KASTAMONU;İNEBOLU;BOYRAN;ÜTĞM.MUHARREMSÜRAV SOKAK;sokak;255038
KASTAMONU;İNEBOLU;BOYRAN;ZAKKUM SOKAK;sokak;133182250
KASTAMONU;İNEBOLU;CAMİKEBİR;ALB.HULKİYEĞİN SOKAK;sokak;255041
KASTAMONU;İNEBOLU;CAMİKEBİR;ALTIN SOKAK;sokak;429840390
KASTAMONU;İNEBOLU;CAMİKEBİR;AŞI BOYASI SOKAK;sokak;843766490
KASTAMONU;İNEBOLU;CAMİKEBİR;ATİLLA SOKAK;sokak;330062710
KASTAMONU;İNEBOLU;CAMİKEBİR;BATTAL SOKAK;sokak;255040
KASTAMONU;İNEBOLU;CAMİKEBİR;CAMİARKASI SOKAK;sokak;255042
KASTAMONU;İNEBOLU;CAMİKEBİR;CUMHURİYET CADDE;cadde;255043
KASTAMONU;İNEBOLU;CAMİKEBİR;DARICI SOKAK;sokak;255044
KASTAMONU;İNEBOLU;CAMİKEBİR;DR.ATİLLAGÜRSOY CADDE;cadde;449471
KASTAMONU;İNEBOLU;CAMİKEBİR;DR.SALİHOSMANOĞLU CADDE;cadde;255060
KASTAMONU;İNEBOLU;CAMİKEBİR;EBEZEYNEP SOKAK;sokak;255045
KASTAMONU;İNEBOLU;CAMİKEBİR;ECZACI S. AHMET AYGÜN SOKAK;sokak;162049921
KASTAMONU;İNEBOLU;CAMİKEBİR;EMEKLİ ALBAY ATAKAN KÖKSAL SOKAK;sokak;749260310
KASTAMONU;İNEBOLU;CAMİKEBİR;GÜMRÜK SOKAK;sokak;255046
KASTAMONU;İNEBOLU;CAMİKEBİR;GÜVEN SOKAK;sokak;337651990
KASTAMONU;İNEBOLU;CAMİKEBİR;HACIKAZIM SOKAK;sokak;255047
KASTAMONU;İNEBOLU;CAMİKEBİR;HACIMEHMETAYDIN CADDE;cadde;255048
KASTAMONU;İNEBOLU;CAMİKEBİR;HACINUMAN CADDE;cadde;255049
KASTAMONU;İNEBOLU;CAMİKEBİR;HALİL İNALCIK SOKAK;sokak;670137480
KASTAMONU;İNEBOLU;CAMİKEBİR;HASAN KAPTAN SOKAK;sokak;337324390
KASTAMONU;İNEBOLU;CAMİKEBİR;HASAN TAHSİN SOKAK;sokak;915782520
KASTAMONU;İNEBOLU;CAMİKEBİR;HAZİRAN SOKAK;sokak;494916080
KASTAMONU;İNEBOLU;CAMİKEBİR;HÜRRİYET CADDE;cadde;255050
KASTAMONU;İNEBOLU;CAMİKEBİR;İBRAHİM FAKAZLI SOKAK;sokak;942599910
KASTAMONU;İNEBOLU;CAMİKEBİR;İSMETPAŞA CADDE;cadde;290812210
KASTAMONU;İNEBOLU;CAMİKEBİR;İSTİKLAL CADDE;cadde;255067
KASTAMONU;İNEBOLU;CAMİKEBİR;KARACA CADDE;cadde;124312010
KASTAMONU;İNEBOLU;CAMİKEBİR;KARANFİL SOKAK;sokak;449478
KASTAMONU;İNEBOLU;CAMİKEBİR;KARDELEN SOKAK;sokak;255093
KASTAMONU;İNEBOLU;CAMİKEBİR;KAŞİFBEY CADDE;cadde;449472
KASTAMONU;İNEBOLU;CAMİKEBİR;KAZIMKARABEKİR CADDE;cadde;255051
KASTAMONU;İNEBOLU;CAMİKEBİR;KIZILCIK SOKAK;sokak;918909961
KASTAMONU;İNEBOLU;CAMİKEBİR;KÖROĞLU SOKAK;sokak;255052
KASTAMONU;İNEBOLU;CAMİKEBİR;LİMAN SOKAK;sokak;255054
KASTAMONU;İNEBOLU;CAMİKEBİR;M.KADİRKARATAY CADDE;cadde;601118460
KASTAMONU;İNEBOLU;CAMİKEBİR;MEHMETAZİZUZUNYOKUŞU SOKAK;sokak;918862
KASTAMONU;İNEBOLU;CAMİKEBİR;MEHMETSABRİ CADDE;cadde;255055
KASTAMONU;İNEBOLU;CAMİKEBİR;MEHMETŞEVKİ CADDE;cadde;255056
KASTAMONU;İNEBOLU;CAMİKEBİR;MUSTAFAKEMALPAŞA CADDE;cadde;255057
KASTAMONU;İNEBOLU;CAMİKEBİR;MÜEZZİN SOKAK;sokak;255058
KASTAMONU;İNEBOLU;CAMİKEBİR;MÜNİPBEY SOKAK;sokak;449473
KASTAMONU;İNEBOLU;CAMİKEBİR;NUR SOKAK;sokak;710393580
KASTAMONU;İNEBOLU;CAMİKEBİR;OĞUZATAY SOKAK;sokak;918793
KASTAMONU;İNEBOLU;CAMİKEBİR;ORGENERAL AYTAÇ YALMAN SOKAK;sokak;255062
KASTAMONU;İNEBOLU;CAMİKEBİR;RÜŞTÜBEY SOKAK;sokak;255061
KASTAMONU;İNEBOLU;CAMİKEBİR;SADIK SOKAK;sokak;257837700
KASTAMONU;İNEBOLU;CAMİKEBİR;SELİMÇIDAMAL SOKAK;sokak;935780
KASTAMONU;İNEBOLU;CAMİKEBİR;SUYOLU SOKAK;sokak;255063
KASTAMONU;İNEBOLU;CAMİKEBİR;ŞEHİT BİNBAŞI ARSLAN KULAKSIZ SOKAK;sokak;255068
KASTAMONU;İNEBOLU;CAMİKEBİR;ŞEHİT UZMAN ONBAŞI BİRHAN ER SOKAK;sokak;255053
KASTAMONU;İNEBOLU;CAMİKEBİR;ŞEHİT UZMAN ONBAŞI OSMAN AK SOKAK;sokak;255059
KASTAMONU;İNEBOLU;CAMİKEBİR;TOKERORMANLI SOKAK;sokak;255064
KASTAMONU;İNEBOLU;CAMİKEBİR;TUNOĞLUÇIKMAZ SOKAK;sokak;255065
KASTAMONU;İNEBOLU;CAMİKEBİR;UMAY SOKAK;sokak;333286750
KASTAMONU;İNEBOLU;CAMİKEBİR;YAPRAK SOKAK;sokak;534936150
KASTAMONU;İNEBOLU;CAMİKEBİR;YILDIRIMBEYAZIT CADDE;cadde;449474
KASTAMONU;İNEBOLU;CAMİKEBİR;YOSUN SOKAK;sokak;488180660
KASTAMONU;İNEBOLU;CAMİKEBİR;ZAFERYOLU CADDE;cadde;255066
KASTAMONU;İNEBOLU;CÜNÜRYE;AKŞEMSEDDİN SOKAK;sokak;617367240
KASTAMONU;İNEBOLU;CÜNÜRYE;ALİ KUŞÇU SOKAK;sokak;814747510
KASTAMONU;İNEBOLU;CÜNÜRYE;AŞAĞI SOKAK;sokak;255069
KASTAMONU;İNEBOLU;CÜNÜRYE;AŞÇI HÜSEYİN SOKAK;sokak;767836790
KASTAMONU;İNEBOLU;CÜNÜRYE;AZİZ SANCAR SOKAK;sokak;150859050
KASTAMONU;İNEBOLU;CÜNÜRYE;BADEM SOKAK;sokak;162519101
KASTAMONU;İNEBOLU;CÜNÜRYE;BİLGE SOKAK;sokak;588870500
KASTAMONU;İNEBOLU;CÜNÜRYE;CÜNÜRYE CADDE;cadde;255070
KASTAMONU;İNEBOLU;CÜNÜRYE;ÇAY SOKAK;sokak;932558261
KASTAMONU;İNEBOLU;CÜNÜRYE;ÇINARÇIKMAZ SOKAK;sokak;828925
KASTAMONU;İNEBOLU;CÜNÜRYE;ÇİLEK SOKAK;sokak;482194550
KASTAMONU;İNEBOLU;CÜNÜRYE;DEFNE SOKAK;sokak;828927
KASTAMONU;İNEBOLU;CÜNÜRYE;DOĞA SOKAK;sokak;955562540
KASTAMONU;İNEBOLU;CÜNÜRYE;EKİM SOKAK;sokak;976339290
KASTAMONU;İNEBOLU;CÜNÜRYE;ERDAL GÖKÇEN SOKAK;sokak;368859601
KASTAMONU;İNEBOLU;CÜNÜRYE;ERVA SOKAK;sokak;145039650
KASTAMONU;İNEBOLU;CÜNÜRYE;FİKRET İŞERİ SOKAK;sokak;473754230
KASTAMONU;İNEBOLU;CÜNÜRYE;HACIYAHYA SOKAK;sokak;1051966
KASTAMONU;İNEBOLU;CÜNÜRYE;IHLAMUR SOKAK;sokak;241687000
KASTAMONU;İNEBOLU;CÜNÜRYE;ISIRGAN SOKAK;sokak;994159030
KASTAMONU;İNEBOLU;CÜNÜRYE;İSMETPAŞA CADDE;cadde;449475
KASTAMONU;İNEBOLU;CÜNÜRYE;KAĞNI SOKAK;sokak;545983050
KASTAMONU;İNEBOLU;CÜNÜRYE;KISMET SOKAK;sokak;661080440
KASTAMONU;İNEBOLU;CÜNÜRYE;MART SOKAK;sokak;943296120
KASTAMONU;İNEBOLU;CÜNÜRYE;METEHAN SOKAK;sokak;623481640
KASTAMONU;İNEBOLU;CÜNÜRYE;MEVLANA SOKAK;sokak;307617040
KASTAMONU;İNEBOLU;CÜNÜRYE;MUSTAFA AKTAŞ SOKAK;sokak;93868362
KASTAMONU;İNEBOLU;CÜNÜRYE;NAR SOKAK;sokak;395009880
KASTAMONU;İNEBOLU;CÜNÜRYE;ORKİDE SOKAK;sokak;923834050
KASTAMONU;İNEBOLU;CÜNÜRYE;ÖYKÜ SOKAK;sokak;913494640
KASTAMONU;İNEBOLU;CÜNÜRYE;ÖZ SOKAK;sokak;930814870
KASTAMONU;İNEBOLU;CÜNÜRYE;PARLAK SOKAK;sokak;510228610
KASTAMONU;İNEBOLU;CÜNÜRYE;PİLOT ALBAY ŞEREF UĞURİŞ SOKAK;sokak;828926
KASTAMONU;İNEBOLU;CÜNÜRYE;SALKIM SOKAK;sokak;800851940
KASTAMONU;İNEBOLU;CÜNÜRYE;SEHER SOKAK;sokak;609976320
KASTAMONU;İNEBOLU;CÜNÜRYE;SIRMA SOKAK;sokak;203127320
KASTAMONU;İNEBOLU;CÜNÜRYE;SOĞUCAKSU SOKAK;sokak;845870
KASTAMONU;İNEBOLU;CÜNÜRYE;ŞEHİT ASTSUBAY ASÇAVUŞ MEHMET MUHAMMED AKAY SOKAK;sokak;635500730
KASTAMONU;İNEBOLU;CÜNÜRYE;ŞEHİT ASTSUBAY KIDEMLİ ÇAVUŞ AKİF AKÇADAĞ SOKAK;sokak;470341030
KASTAMONU;İNEBOLU;CÜNÜRYE;ŞEHİT TEĞMEN MUSTAFA BAYRAKTAR SOKAK;sokak;240286560
KASTAMONU;İNEBOLU;CÜNÜRYE;ŞEHİT UZMAN ÇAVUŞ HASAN HÜSEYİN ÖZDEMİR SOKAK;sokak;115331480
KASTAMONU;İNEBOLU;CÜNÜRYE;ŞEHİT UZMAN ÇAVUŞ TOLGA CAN YILMAZ SOKAK;sokak;909229070
KASTAMONU;İNEBOLU;CÜNÜRYE;ŞEHİT UZMAN ONBAŞI AHMET ALPARSLAN SOKAK;sokak;383333570
KASTAMONU;İNEBOLU;CÜNÜRYE;ŞEHİT UZMAN ONBAŞI ALİ TAŞÖZ SOKAK;sokak;864375480
KASTAMONU;İNEBOLU;CÜNÜRYE;ŞEHİT UZMAN ONBAŞI MUHAMMED YILMAZ SOKAK;sokak;661212030
KASTAMONU;İNEBOLU;CÜNÜRYE;ŞEHİT UZMAN ONBAŞI SELMAN CANKARA SOKAK;sokak;679873050
KASTAMONU;İNEBOLU;CÜNÜRYE;TARÇIN SOKAK;sokak;626441820
KASTAMONU;İNEBOLU;CÜNÜRYE;TEPE SOKAK;sokak;441996281
KASTAMONU;İNEBOLU;CÜNÜRYE;ULUYAZ SOKAK;sokak;255071
KASTAMONU;İNEBOLU;CÜNÜRYE;YONCA SOKAK;sokak;145173790
KASTAMONU;İNEBOLU;CÜNÜRYE;YUNUS EMRE SOKAK;sokak;539297740
KASTAMONU;İNEBOLU;CÜNÜRYE;ZENCEFİL SOKAK;sokak;443322520
KASTAMONU;İNEBOLU;ÇAMDALI - ARMUTÇA;ARMUTÇA KÜME EVLER;sokak;356409
KASTAMONU;İNEBOLU;ÇAMDALI - KOLCA;KOLCA KÜME EVLER;sokak;356410
KASTAMONU;İNEBOLU;ÇAMDALI - MERKEZ;MERKEZ KÜME EVLER;sokak;468475
KASTAMONU;İNEBOLU;ÇAMLICA;AKASYA SOKAK;sokak;122749241
KASTAMONU;İNEBOLU;ÇAMLICA;ÇAMLICA SOKAK;sokak;29010
KASTAMONU;İNEBOLU;ÇAMLICA;ÇAVUŞOĞLU SOKAK;sokak;37231
KASTAMONU;İNEBOLU;ÇAMLICA;ÇINAR SOKAK;sokak;539367380
KASTAMONU;İNEBOLU;ÇAMLICA;ERGUVAN SOKAK;sokak;204762631
KASTAMONU;İNEBOLU;ÇAMLICA;KAVAK SOKAK;sokak;508190511
KASTAMONU;İNEBOLU;ÇAMLICA;LİMON SOKAK;sokak;130671290
KASTAMONU;İNEBOLU;ÇAMLICA;MANOLYA SOKAK;sokak;863136811
KASTAMONU;İNEBOLU;ÇAMLICA;MEŞE SOKAK;sokak;862459251
KASTAMONU;İNEBOLU;ÇAMLICA;MİMOZA SOKAK;sokak;460837391
KASTAMONU;İNEBOLU;ÇAMLICA;ŞABANTERZİOĞLU SOKAK;sokak;747157490
KASTAMONU;İNEBOLU;ÇAMLICA;YASEMİN SOKAK;sokak;766660231
KASTAMONU;İNEBOLU;ÇAMLICA;ZEYTİN SOKAK;sokak;561702360
KASTAMONU;İNEBOLU;ÇAYDÜZÜ - ÇAKICI;ÇAKICI KÜME EVLER;sokak;513210
KASTAMONU;İNEBOLU;ÇAYDÜZÜ - MERKEZ;MERKEZ KÜME EVLER;sokak;512418
KASTAMONU;İNEBOLU;ÇAYDÜZÜ - YÖRECİK;YÖRECİK KÜME EVLER;sokak;512335
KASTAMONU;İNEBOLU;ÇAYKIYI - MERKEZ;MERKEZ KÜME EVLER;sokak;356420
KASTAMONU;İNEBOLU;ÇİÇEKYAZI - AMBARCIK;AMBARCIK KÜME EVLER;sokak;507792
KASTAMONU;İNEBOLU;ÇİÇEKYAZI - ÇANDIR;ÇANDIR KÜME EVLER;sokak;505948
KASTAMONU;İNEBOLU;ÇİÇEKYAZI - MERKEZ;MERKEZ KÜME EVLER;sokak;89295
KASTAMONU;İNEBOLU;ÇUBUK - HAMDİOĞLU;HAMDİOĞLU KÜME EVLER;sokak;484296
KASTAMONU;İNEBOLU;ÇUBUK - MERKEZ;MERKEZ KÜME EVLER;sokak;476500
KASTAMONU;İNEBOLU;ÇUBUK - ŞEHİT MEHMET ASLAN;ŞEHİT MEHMET ASLAN KÜME EVLER;sokak;348011
KASTAMONU;İNEBOLU;ÇUBUK - TOPAL MUSTAFAOĞLU;TOPAL MUSATAFAOĞLU KÜME EVLER;sokak;354620
KASTAMONU;İNEBOLU;DELİKTAŞ - BEKİROĞLU;BEKİROĞLU KÜME EVLER;sokak;479517
KASTAMONU;İNEBOLU;DELİKTAŞ - KAYIKÇIOĞLU;KAYIKÇIOĞLU KÜME EVLER;sokak;479514
KASTAMONU;İNEBOLU;DELİKTAŞ - KURTOĞLU;KURTOĞLU KÜME EVLER;sokak;483239
KASTAMONU;İNEBOLU;DELİKTAŞ - MERKEZ;MERKEZ KÜME EVLER;sokak;481197
KASTAMONU;İNEBOLU;DELİKTAŞ - YUKARI;HATİP KÜME EVLER;sokak;347995
KASTAMONU;İNEBOLU;DERESÖKÜ - ALİ;ALİ KÜME EVLER;sokak;489854
KASTAMONU;İNEBOLU;DERESÖKÜ - DAĞ;DAĞ KÜME EVLER;sokak;24456
KASTAMONU;İNEBOLU;DERESÖKÜ - GÖL;GÖL KÜME EVLER;sokak;492117
KASTAMONU;İNEBOLU;DERESÖKÜ - MERKEZ;MERKEZ KÜME EVLER;sokak;491555
KASTAMONU;İNEBOLU;DERESÖKÜ - SARIAHMET;SARIAHMET KÜME EVLER;sokak;491560
KASTAMONU;İNEBOLU;DERESÖKÜ - ŞAHNE;ŞAHNE KÜME EVLER;sokak;491553
KASTAMONU;İNEBOLU;DİBEK - BIÇAKÇILAR;BIÇAKÇILAR KÜME EVLER;sokak;479737
KASTAMONU;İNEBOLU;DİBEK - EFENDİOĞLU;EFENDİOĞLU KÜME EVLER;sokak;492873
KASTAMONU;İNEBOLU;DİBEK - HACIEFENDİOĞLU;HACIEFENDİOĞLU KÜME EVLER;sokak;479738
KASTAMONU;İNEBOLU;DİBEK - KABAOĞLU;KABAOĞLU KÜME EVLER;sokak;486539
KASTAMONU;İNEBOLU;DİBEK - KOCAOĞLU;KOCAOĞLU KÜME EVLER;sokak;486537
KASTAMONU;İNEBOLU;DİBEK - MERKEZ;MERKEZ KÜME EVLER;sokak;497581
KASTAMONU;İNEBOLU;DİBEK - ORTACA;ORTACA KÜME EVLER;sokak;490593
KASTAMONU;İNEBOLU;DİKİLİ - KARACAKAYA;KARACAKAYA KÜME EVLER;sokak;494311
KASTAMONU;İNEBOLU;DİKİLİ - MERKEZ;MERKEZ KÜME EVLER;sokak;504236
KASTAMONU;İNEBOLU;DOĞANÖREN - KONAKYANI;KONAKYANI KÜME EVLER;sokak;513222
KASTAMONU;İNEBOLU;DOĞANÖREN - MERKEZ;MERKEZ KÜME EVLER;sokak;513216
KASTAMONU;İNEBOLU;DURUPINAR - MERKEZ;MERKEZ KÜME EVLER;sokak;492051
KASTAMONU;İNEBOLU;DURUPINAR - YUKARI;YUKARI KÜME EVLER;sokak;492053
KASTAMONU;İNEBOLU;ERENYOLU - AŞAĞI;AŞAĞI KÜME EVLER;sokak;496706
KASTAMONU;İNEBOLU;ERENYOLU - KÜLLÜ;KÜLLÜ KÜME EVLER;sokak;500588
KASTAMONU;İNEBOLU;ERENYOLU - SERENLİ;SERENLİ KÜME EVLER;sokak;499221
KASTAMONU;İNEBOLU;ERENYOLU - ŞİŞMAN;ŞİŞMAN KÜME EVLER;sokak;493804
KASTAMONU;İNEBOLU;ERKEKARPA - ERKEKARPA MÜCAVİR;İSMET PAŞA 1 SOKAK;sokak;815145071
KASTAMONU;İNEBOLU;ERKEKARPA - ERKEKARPA MÜCAVİR;İSMETPAŞA SOKAK;sokak;966613
KASTAMONU;İNEBOLU;ERKEKARPA - ERKEKARPA MÜCAVİR;SAİMHIDIR 1 SOKAK;sokak;978822
KASTAMONU;İNEBOLU;ERKEKARPA - GÖLLER;GÖLLER KÜME EVLER;sokak;499052
KASTAMONU;İNEBOLU;ERKEKARPA - MERKEZ;MERKEZ KÜME EVLER;sokak;497178
KASTAMONU;İNEBOLU;ESENYURT - DEMİRCİ;DEMİRCİ KÜME EVLER;sokak;484298
KASTAMONU;İNEBOLU;ESENYURT - MERKEZ;MERKEZ KÜME EVLER;sokak;484297
KASTAMONU;İNEBOLU;EVRENYE - AĞA;OKUL CADDESİ 1. ÇIKMAZ - KÜME EVLER;cadde;824632
KASTAMONU;İNEBOLU;EVRENYE - AĞA;OKUL SOKAK;sokak;545626
KASTAMONU;İNEBOLU;EVRENYE - AYAN;AYAN KÜME EVLER;sokak;268812
KASTAMONU;İNEBOLU;EVRENYE - ELİK;ELİK KÜME EVLER;sokak;264497
KASTAMONU;İNEBOLU;EVRENYE - KARABAŞ;CAMİ_1 SOKAK;sokak;262572
KASTAMONU;İNEBOLU;EVRENYE - KARABAŞ;KARABAŞ SOKAK;sokak;298886
KASTAMONU;İNEBOLU;EVRENYE - KARABAŞ;KERVANSARAY SOKAK;sokak;537970
KASTAMONU;İNEBOLU;EVRENYE - KARABAŞ;OKUL SOKAK;sokak;545806
KASTAMONU;İNEBOLU;EVRENYE - MERKEZ;CAMİ SOKAK;sokak;554694
KASTAMONU;İNEBOLU;EVRENYE - MERKEZ;EVRENYE SOKAK;sokak;523056
KASTAMONU;İNEBOLU;EVRENYE - MERKEZ;FIRIN SOKAK;sokak;316660
KASTAMONU;İNEBOLU;EVRENYE - MERKEZ;LİMAN SOKAK;sokak;264494
KASTAMONU;İNEBOLU;EVRENYE - NAMAZGAH;AKIN SOKAK;sokak;316381
KASTAMONU;İNEBOLU;EVRENYE - NAMAZGAH;MERKEZ SOKAK;sokak;265518
KASTAMONU;İNEBOLU;EVRENYE - NAMAZGAH;MUHTARKÖYÜ SOKAK;sokak;441218
KASTAMONU;İNEBOLU;EVRENYE - NAMAZGAH;ORTAKÖY SOKAK;sokak;314910
KASTAMONU;İNEBOLU;EVRENYE - NAMAZGAH;SUDİ TOPAL SOKAK;sokak;545396
KASTAMONU;İNEBOLU;EVRENYE - NAMAZGAH;TIĞLI SOKAK;sokak;554779
KASTAMONU;İNEBOLU;GÖÇKÜN - KAFA;KAFA KÜME EVLER;sokak;507197
KASTAMONU;İNEBOLU;GÖÇKÜN - MERKEZ;MERKEZ KÜME EVLER;sokak;508795
KASTAMONU;İNEBOLU;GÖÇKÜN - MİKAİL;MİKAİL KÜME EVLER;sokak;502629
KASTAMONU;İNEBOLU;GÖKBEL - BÜYÜK;BÜYÜK KÜME EVLER;sokak;493818
KASTAMONU;İNEBOLU;GÖKBEL - KÜÇÜK;KÜÇÜK KÜME EVLER;sokak;493841
KASTAMONU;İNEBOLU;GÖKBEL - TERZİ;TERZİ KÜME EVLER;sokak;333339
KASTAMONU;İNEBOLU;GÖKÇEVRE NA;KÖYÜN KENDİSİ KÜME EVLER;sokak;501937
KASTAMONU;İNEBOLU;GÜDE - AŞAĞI GÜDE;AŞAĞI GÜDE KÜME EVLER;sokak;356429
KASTAMONU;İNEBOLU;GÜDE - ÇİLOĞLU;ÇİLOĞLU KÜME EVLER;sokak;479500
KASTAMONU;İNEBOLU;GÜDE - YUKARI GÜDE;YUKARI GÜDE KÜME EVLER;sokak;490713
KASTAMONU;İNEBOLU;GÜNEŞLİ - HIZARYANI;HIZARYANI KÜME EVLER;sokak;508917
KASTAMONU;İNEBOLU;GÜNEŞLİ - MERKEZ;MERKEZ KÜME EVLER;sokak;513738
KASTAMONU;İNEBOLU;GÜNEŞLİ - SÖMÖZ;SÖMÖZ KÜME EVLER;sokak;509885
KASTAMONU;İNEBOLU;HACIİBRAHİM - EĞRİOĞLU;EĞRİOĞLU KÜME EVLER;sokak;493013
KASTAMONU;İNEBOLU;HACIİBRAHİM - KARŞI;KARŞI KÜME EVLER;sokak;486835
KASTAMONU;İNEBOLU;HACIİBRAHİM - KÖYÜSTÜ;KÖYÜSTÜ KÜME EVLER;sokak;486837
KASTAMONU;İNEBOLU;HACIİBRAHİM - KUŞ;KUŞ KÜME EVLER;sokak;486838
KASTAMONU;İNEBOLU;HACIİBRAHİM - MERKEZ;MERKEZ KÜME EVLER;sokak;483432
KASTAMONU;İNEBOLU;HACIMEHMET - KÖPRÜLÜ;KÖPRÜLÜ KÜME EVLER;sokak;468474
KASTAMONU;İNEBOLU;HACIMEHMET - MERKEZ;MERKEZ KÜME EVLER;sokak;492055
KASTAMONU;İNEBOLU;HACIMEHMET - SAN;SAN KÜME EVLER;sokak;468466
KASTAMONU;İNEBOLU;HAMİTKÖY - ERİKPINARI;ERİKPINARI KÜME EVLER;sokak;512667
KASTAMONU;İNEBOLU;HAMİTKÖY - MERKEZ;MERKEZ KÜME EVLER;sokak;511749
KASTAMONU;İNEBOLU;HAYRİOĞLU - DANAOĞLU;DANAOĞLU KÜME EVLER;sokak;356403
KASTAMONU;İNEBOLU;HAYRİOĞLU - FATIRIZ;FATIRIZ KÜME EVLER;sokak;356407
KASTAMONU;İNEBOLU;HAYRİOĞLU - MERKEZ;MERKEZ KÜME EVLER;sokak;356396
KASTAMONU;İNEBOLU;HÖRMETLİ - MERKEZ;MERKEZ KÜME EVLER;sokak;151511
KASTAMONU;İNEBOLU;İKİYAKA - AŞAĞI;AŞAĞI KÜME EVLER;sokak;356417
KASTAMONU;İNEBOLU;İKİYAKA - ÇAYIR;ÇAYIR KÜME EVLER;sokak;356414
KASTAMONU;İNEBOLU;İKİYAKA - ŞIH;ŞIH KÜME EVLER;sokak;356412
KASTAMONU;İNEBOLU;İKİYAKA - YUKARI;YUKARI KÜME EVLER;sokak;468476
KASTAMONU;İNEBOLU;İKİZLER - MANASTIR;MANASTIR KÜME EVLER;sokak;499789
KASTAMONU;İNEBOLU;İKİZLER - MERKEZ;MERKEZ KÜME EVLER;sokak;490426
KASTAMONU;İNEBOLU;KABALAR - ARALDI;ARALDI KÜME EVLER;sokak;495489
KASTAMONU;İNEBOLU;KABALAR - KÖK;KÖK KÜME EVLER;sokak;499598
KASTAMONU;İNEBOLU;KABALAR - MERKEZ;MERKEZ KÜME EVLER;sokak;506453
KASTAMONU;İNEBOLU;KABALARSÖKÜ - APTİ;APTİ KÜME EVLER;sokak;504472
KASTAMONU;İNEBOLU;KABALARSÖKÜ - CELİ;CELİ KÜME EVLER;sokak;510979
KASTAMONU;İNEBOLU;KABALARSÖKÜ - MERKEZ;MERKEZ KÜME EVLER;sokak;496815
KASTAMONU;İNEBOLU;KARABEY - AKPINAR;AKPINAR KÜME EVLER;sokak;504845
KASTAMONU;İNEBOLU;KARABEY - MERKEZ;MERKEZ KÜME EVLER;sokak;495005
KASTAMONU;İNEBOLU;KARABEY - MUMRA;MUMRA KÜME EVLER;sokak;512292
KASTAMONU;İNEBOLU;KARACA;BARBAROS SOKAK;sokak;255072
KASTAMONU;İNEBOLU;KARACA;ÇALIKUŞU SOKAK;sokak;742347581
KASTAMONU;İNEBOLU;KARACA;ÇELIK SOKAK;sokak;217312860
KASTAMONU;İNEBOLU;KARACA;DOLUNAY SOKAK;sokak;207475230
KASTAMONU;İNEBOLU;KARACA;GERİŞ SOKAK;sokak;935781
KASTAMONU;İNEBOLU;KARACA;GOYUNGÖZ SOKAK;sokak;870069120
KASTAMONU;İNEBOLU;KARACA;GÖKKUŞAĞI SOKAK;sokak;761538161
KASTAMONU;İNEBOLU;KARACA;GÜÇLÜ SOKAK;sokak;255073
KASTAMONU;İNEBOLU;KARACA;HACIKAZIM SOKAK;sokak;862510
KASTAMONU;İNEBOLU;KARACA;HASANTUNA SOKAK;sokak;425692440
KASTAMONU;İNEBOLU;KARACA;HÜSEYİNAVNİ SOKAK;sokak;918795
KASTAMONU;İNEBOLU;KARACA;ILGAZ SOKAK;sokak;856082550
KASTAMONU;İNEBOLU;KARACA;İMAMTERZİOĞLU SOKAK;sokak;930221
KASTAMONU;İNEBOLU;KARACA;KARACA CADDE;cadde;255075
KASTAMONU;İNEBOLU;KARACA;KARAMEHMETOĞLU CADDE;cadde;255074
KASTAMONU;İNEBOLU;KARACA;KAZIMKARABEKİR CADDE;cadde;316467891
KASTAMONU;İNEBOLU;KARACA;KINACI SOKAK;sokak;255076
KASTAMONU;İNEBOLU;KARACA;KIŞ SOKAK;sokak;395124131
KASTAMONU;İNEBOLU;KARACA;KULAKSIZ SOKAK;sokak;255077
KASTAMONU;İNEBOLU;KARACA;MAVI SOKAK;sokak;704738060
KASTAMONU;İNEBOLU;KARACA;PİRİ REİS SOKAK;sokak;173982070
KASTAMONU;İNEBOLU;KARACA;SADIKEFENDİ SOKAK;sokak;255078
KASTAMONU;İNEBOLU;KARACA;ŞEHIT TEĞMEN BAYRAM OLGUN SOKAK;sokak;134746480
KASTAMONU;İNEBOLU;KARADENİZ;AFİFE JALE SOKAK;sokak;649737381
KASTAMONU;İNEBOLU;KARADENİZ;BAHÇE SOKAK;sokak;820052810
KASTAMONU;İNEBOLU;KARADENİZ;BEYAZ SOKAK;sokak;349509720
KASTAMONU;İNEBOLU;KARADENİZ;CAHİT ARF SOKAK;sokak;560831400
KASTAMONU;İNEBOLU;KARADENİZ;ÇAMLIK SOKAK;sokak;255086
KASTAMONU;İNEBOLU;KARADENİZ;DENİZ SOKAK;sokak;255080
KASTAMONU;İNEBOLU;KARADENİZ;DENK KAYIĞI SOKAK;sokak;993224300
KASTAMONU;İNEBOLU;KARADENİZ;HASANTUNA SOKAK;sokak;255081
KASTAMONU;İNEBOLU;KARADENİZ;KADI SALİH REİS SOKAK;sokak;797714571
KASTAMONU;İNEBOLU;KARADENİZ;KARACA CADDE;cadde;877588
KASTAMONU;İNEBOLU;KARADENİZ;KAYALI SOKAK;sokak;918797
KASTAMONU;İNEBOLU;KARADENİZ;KAZIMKARABEKİR CADDE;cadde;255082
KASTAMONU;İNEBOLU;KARADENİZ;KEMAL ÖRÜKLÜ SOKAK;sokak;602025460
KASTAMONU;İNEBOLU;KARADENİZ;KÖPRÜ SOKAK;sokak;255083
KASTAMONU;İNEBOLU;KARADENİZ;MAVI SOKAK;sokak;743539050
KASTAMONU;İNEBOLU;KARADENİZ;ORHAN VELİ SOKAK;sokak;787140450
KASTAMONU;İNEBOLU;KARADENİZ;ÖMER URGANCI SOKAK;sokak;765486680
KASTAMONU;İNEBOLU;KARADENİZ;SABİHA GÖKÇEN SOKAK;sokak;208206191
KASTAMONU;İNEBOLU;KARADENİZ;SELİMÇIDAMAL SOKAK;sokak;828924
KASTAMONU;İNEBOLU;KARADENİZ;SOĞANGÖZ SOKAK;sokak;255084
KASTAMONU;İNEBOLU;KARADENİZ;ŞAHMERAN SOKAK;sokak;709104010
KASTAMONU;İNEBOLU;KARADENİZ;ŞEHİT YÜZBAŞI SÜLEYMAN ŞAHİN SOKAK;sokak;543914
KASTAMONU;İNEBOLU;KARADENİZ;YALI SOKAK;sokak;255085
KASTAMONU;İNEBOLU;KARADENİZ;ZAFERYOLU CADDE;cadde;449477
KASTAMONU;İNEBOLU;KARADENİZ;ZİYATUNOĞLU SOKAK;sokak;255079
KASTAMONU;İNEBOLU;KARŞIYAKA - ARKUTÇA;ARTUKÇA KÜME EVLER;sokak;476509
KASTAMONU;İNEBOLU;KARŞIYAKA - BAKACAK;BAKACAK KÜME EVLER;sokak;485770
KASTAMONU;İNEBOLU;KARŞIYAKA - GİBORU;GİBORU KÜME EVLER;sokak;485771
KASTAMONU;İNEBOLU;KARŞIYAKA - GÜRGENLİK;GÜRGENLİK KÜME EVLER;sokak;485772
KASTAMONU;İNEBOLU;KARŞIYAKA - SIRÇALIK;SIRÇALIK KÜME EVLER;sokak;485773
KASTAMONU;İNEBOLU;KAYAELMASI - MERKEZ;MERKEZ KÜME EVLER;sokak;487887
KASTAMONU;İNEBOLU;KELOĞLU - AHA;AHA KÜME EVLER;sokak;371947
KASTAMONU;İNEBOLU;KELOĞLU - DEMİRCİ;DEMİRCİ KÜME EVLER;sokak;347663
KASTAMONU;İNEBOLU;KELOĞLU - MERKEZ;MERKEZ KÜME EVLER;sokak;347664
KASTAMONU;İNEBOLU;KELOĞLU - SÜLOĞLU;SÜLOĞLU KÜME EVLER;sokak;347666
KASTAMONU;İNEBOLU;KIZILKARA;ATLAS SOKAK;sokak;915819750
KASTAMONU;İNEBOLU;KIZILKARA;FATİH SOKAK;sokak;583268510
KASTAMONU;İNEBOLU;KIZILKARA;FEVZİ ÇAKMAK SOKAK;sokak;306186310
KASTAMONU;İNEBOLU;KIZILKARA;HACIMEHMET CADDE;cadde;255087
KASTAMONU;İNEBOLU;KIZILKARA;İSMETPAŞA CADDE;cadde;255088
KASTAMONU;İNEBOLU;KIZILKARA;KANUNI SOKAK;sokak;107140460
KASTAMONU;İNEBOLU;KIZILKARA;KATİP ÇELEBİ SOKAK;sokak;209750580
KASTAMONU;İNEBOLU;KIZILKARA;MİMAR KEMALETTİN SOKAK;sokak;120831010
KASTAMONU;İNEBOLU;KIZILKARA;PETEK SOKAK;sokak;956564430
KASTAMONU;İNEBOLU;KIZILKARA;SAİMHIDIR SOKAK;sokak;918719
KASTAMONU;İNEBOLU;KIZILKARA;ŞEHİT UZMAN ONBAŞI NİHAT KARA SOKAK;sokak;276628570
KASTAMONU;İNEBOLU;KIZILKARA;YAVUZ SOKAK;sokak;679951001
KASTAMONU;İNEBOLU;KIZILKARA;YILDIRIM SOKAK;sokak;299054520
KASTAMONU;İNEBOLU;KORUPINAR - ÇORBACI;ÇORBACI KÜME EVLER;sokak;358615
KASTAMONU;İNEBOLU;KORUPINAR - KARŞI;KARŞI KÜME EVLER;sokak;487109
KASTAMONU;İNEBOLU;KORUPINAR - KÖLE;KÖLE KÜME EVLER;sokak;493537
KASTAMONU;İNEBOLU;KORUPINAR - ORTA;ORTA KÜME EVLER;sokak;487382
KASTAMONU;İNEBOLU;KÖROĞLU - KADIRGA;KADIRGA KÜME EVLER;sokak;347675
KASTAMONU;İNEBOLU;KÖROĞLU - MERKEZ;MERKEZ KÜME EVLER;sokak;354613
KASTAMONU;İNEBOLU;KÖSEKÖY - MERKEZ;MERKEZ KÜME EVLER;sokak;496725
KASTAMONU;İNEBOLU;KUZLUK - MERKEZ;MERKEZ KÜME EVLER;sokak;485783
KASTAMONU;İNEBOLU;KUZLUK - ZAMBAK;ZAMBAK KÜME EVLER;sokak;356388
KASTAMONU;İNEBOLU;MUSA;BİNBAŞI MUHİDDİN ORHAN SOKAK;sokak;384546170
KASTAMONU;İNEBOLU;MUSA;DR. ISMAIL HAKKI BEY SOKAK;sokak;29338282
KASTAMONU;İNEBOLU;MUSA;HANCI SOKAK;sokak;499829
KASTAMONU;İNEBOLU;MUSA;İKİÇAY SOKAK;sokak;653159050
KASTAMONU;İNEBOLU;MUSA;KARAYEL SOKAK;sokak;877754820
KASTAMONU;İNEBOLU;MUSA;KURT SOKAK;sokak;496653
KASTAMONU;İNEBOLU;MUSA;KUŞÇUBUĞU SOKAK;sokak;133683861
KASTAMONU;İNEBOLU;MUSA;LODOS SOKAK;sokak;865365130
KASTAMONU;İNEBOLU;MUSA;MEHMET EMİN KURTOĞLU SOKAK;sokak;749668210
KASTAMONU;İNEBOLU;MUSA;MUSA SOKAK;sokak;486593
KASTAMONU;İNEBOLU;MUSA;POYRAZ SOKAK;sokak;849718600
KASTAMONU;İNEBOLU;MUSA;RÜZGAR KÜME EVLER;sokak;426808430
KASTAMONU;İNEBOLU;MUSA;ŞEHİTERRAHMİYILMAZER CADDE;cadde;966617
KASTAMONU;İNEBOLU;MUSA;ŞİRVAN KÜME EVLER;sokak;499342
KASTAMONU;İNEBOLU;MUSA;YILDIZ SOKAK;sokak;684969671
KASTAMONU;İNEBOLU;ÖRTÜLÜ - MERKEZ;MERKEZ KÜME EVLER;sokak;511430
KASTAMONU;İNEBOLU;ÖRTÜLÜ - TOZLUYURT;TOZLUYURT KÜME EVLER;sokak;512231
KASTAMONU;İNEBOLU;ÖZBAŞI - KAYAALTI;KAYAALTI KÜME EVLER;sokak;356389
KASTAMONU;İNEBOLU;ÖZBAŞI - MERKEZ;MERKEZ KÜME EVLER;sokak;485784
KASTAMONU;İNEBOLU;ÖZLÜCE - ATATÜRK;İSTİKLAL SOKAK;sokak;540750
KASTAMONU;İNEBOLU;ÖZLÜCE - ATATÜRK;KAYMAKAM ABDULKADİR YAZICI SOKAK;sokak;533492
KASTAMONU;İNEBOLU;ÖZLÜCE - ATATÜRK;MERKEZ SOKAK;sokak;537713
KASTAMONU;İNEBOLU;ÖZLÜCE - ATATÜRK;POSTA SOKAK;sokak;530501
KASTAMONU;İNEBOLU;ÖZLÜCE - EYRİK;EYRİK SOKAK;sokak;531367
KASTAMONU;İNEBOLU;ÖZLÜCE - EYRİK;İMAMOĞLU SOKAK;sokak;531368
KASTAMONU;İNEBOLU;ÖZLÜCE - EYRİK;YUKARIDAĞ KÜME EVLER;sokak;824415
KASTAMONU;İNEBOLU;ÖZLÜCE - SAĞLIK OCAĞI;İSTİHKAM SOKAK;sokak;524986
KASTAMONU;İNEBOLU;ÖZLÜCE - SAĞLIK OCAĞI;MERKEZ_2 SOKAK;sokak;529463
KASTAMONU;İNEBOLU;ÖZLÜCE - SAĞLIK OCAĞI;ODAYANI 1. ÇIKMAZ SOKAK;sokak;540802
KASTAMONU;İNEBOLU;ÖZLÜCE - SAĞLIK OCAĞI;ODAYANI 2. ÇIKMAZ SOKAK;sokak;533427
KASTAMONU;İNEBOLU;ÖZLÜCE - SAĞLIK OCAĞI;ODAYANI SOKAK;sokak;530101
KASTAMONU;İNEBOLU;ÖZLÜCE - SAĞLIK OCAĞI;TÜRBE SOKAK;sokak;118352
KASTAMONU;İNEBOLU;SAKALAR - BÖCÖKÖYÜ;BÖCÖKÖYÜ KÜME EVLER;sokak;484339
KASTAMONU;İNEBOLU;SAKALAR - ORTAKÖYÜ;ORTAKÖYÜ KÜME EVLER;sokak;492432
KASTAMONU;İNEBOLU;SAKALAR - SAKALAR;SAKALAR KÜME EVLER;sokak;356023
KASTAMONU;İNEBOLU;SALICIOĞLU - ÇANAKÇI;ÇANAKÇI KÜME EVLER;sokak;509687
KASTAMONU;İNEBOLU;SALICIOĞLU - MERKEZ;MERKEZ KÜME EVLER;sokak;513182
KASTAMONU;İNEBOLU;SALICIOĞLU - YAYLA;YAYLA KÜME EVLER;sokak;502513
KASTAMONU;İNEBOLU;SOĞUKPINAR - DERE;DERE KÜME EVLER;sokak;495632
KASTAMONU;İNEBOLU;SOĞUKPINAR - MERKEZ;MERKEZ KÜME EVLER;sokak;479866
KASTAMONU;İNEBOLU;SOĞUKPINAR - MEYDAN;MEYDAN KÜME EVLER;sokak;490581
KASTAMONU;İNEBOLU;SÖKÜ NA;KÖYÜN KENDİSİ KÜME EVLER;sokak;354994
KASTAMONU;İNEBOLU;ŞAMALI - ERCEKOZ;ERCEKOZ KÜME EVLER;sokak;513153
KASTAMONU;İNEBOLU;ŞAMALI - MERKEZ;MERKEZ KÜME EVLER;sokak;502152
KASTAMONU;İNEBOLU;ŞAMALI - SOFTA;SOFTA KÜME EVLER;sokak;507199
KASTAMONU;İNEBOLU;ŞAMAOĞLU - GÖÇENOĞLU;GÖÇENOĞLU KÜME EVLER;sokak;483031
KASTAMONU;İNEBOLU;ŞAMAOĞLU - KAYARDI;KAYARDI KÜME EVLER;sokak;88568
KASTAMONU;İNEBOLU;ŞAMAOĞLU - KİREÇÇİK;KİREÇÇİK KÜME EVLER;sokak;480351
KASTAMONU;İNEBOLU;ŞAMAOĞLU - MERKEL;MERKEL KÜME EVLER;sokak;490813
KASTAMONU;İNEBOLU;ŞEYHÖMER - BUDAK;BUDAK KÜME EVLER;sokak;401282
KASTAMONU;İNEBOLU;ŞEYHÖMER - DAYI;DAYI KÜME EVLER;sokak;401291
KASTAMONU;İNEBOLU;ŞEYHÖMER - İMAM;İMAM KÜME EVLER;sokak;478934
KASTAMONU;İNEBOLU;ŞEYHÖMER - KAHYAOĞLU;KAHYAOĞLU KÜME EVLER;sokak;36996
KASTAMONU;İNEBOLU;ŞEYHÖMER - OSMANOĞLU;OSMANOĞLU KÜME EVLER;sokak;477664
KASTAMONU;İNEBOLU;TAŞBURUN NA;KÖYÜN KENDİSİ KÜME EVLER;sokak;354622
KASTAMONU;İNEBOLU;TAŞOLUK NA;KÖYÜN KENDİSİ KÜME EVLER;sokak;485766
KASTAMONU;İNEBOLU;TOKLUKAYA - ÖZLÜCE;ÖZLÜCE KÜME EVLER;sokak;484803
KASTAMONU;İNEBOLU;TOKLUKAYA - TOKLUKAYA;TOKLUKAYA KÜME EVLER;sokak;484711
KASTAMONU;İNEBOLU;TOKLUKAYA - YELE;YELE KÜME EVLER;sokak;485168
KASTAMONU;İNEBOLU;UĞRAK - İSKİR;İSKİR KÜME EVLER;sokak;499288
KASTAMONU;İNEBOLU;UĞRAK - MERKEZ;MERKEZ KÜME EVLER;sokak;493235
KASTAMONU;İNEBOLU;UĞRAK - MUSRAT;MUSRAT KÜME EVLER;sokak;491427
KASTAMONU;İNEBOLU;ULUKÖY - KARAFAL;KARAFAL KÜME EVLER;sokak;468465
KASTAMONU;İNEBOLU;ULUKÖY - MERKEZ;MERKEZ KÜME EVLER;sokak;348049
KASTAMONU;İNEBOLU;ULUYOL - ÇAKAL;ÇAKAL KÜME EVLER;sokak;488977
KASTAMONU;İNEBOLU;ULUYOL - MERKEZ;MERKEZ KÜME EVLER;sokak;348027
KASTAMONU;İNEBOLU;ULUYOL - SÖKÜCEK;SÖKÜCEK KÜME EVLER;sokak;479187
KASTAMONU;İNEBOLU;ÜÇEVLER - ÜÇEVLER;ÜÇEVLER KÜME EVLER;sokak;504988
KASTAMONU;İNEBOLU;ÜÇLÜCE - BÖREKÇİ;BÖREKÇİ KÜME EVLER;sokak;479180
KASTAMONU;İNEBOLU;ÜÇLÜCE - KABAMDOĞLU;KABAMDOĞLU KÜME EVLER;sokak;479191
KASTAMONU;İNEBOLU;ÜÇLÜCE - KELEŞ;KELEŞ KÜME EVLER;sokak;479192
KASTAMONU;İNEBOLU;ÜÇLÜCE - KELEŞOĞLU;KELEŞOĞLU KÜME EVLER;sokak;479190
KASTAMONU;İNEBOLU;ÜÇLÜCE - TOKATLI;TOKATLI KÜME EVLER;sokak;356374
KASTAMONU;İNEBOLU;YAKABOYU;ADA SOKAK;sokak;538584031
KASTAMONU;İNEBOLU;YAKABOYU;AK SOKAK;sokak;493859900
KASTAMONU;İNEBOLU;YAKABOYU;ALPARSLAN SOKAK;sokak;668512540
KASTAMONU;İNEBOLU;YAKABOYU;DENİZ SOKAK;sokak;501925411
KASTAMONU;İNEBOLU;YAKABOYU;DURMUŞ DÖVEN SOKAK;sokak;345489411
KASTAMONU;İNEBOLU;YAKABOYU;GÖLGE SOKAK;sokak;308618270
KASTAMONU;İNEBOLU;YAKABOYU;GÖNÜL SOKAK;sokak;643136200
KASTAMONU;İNEBOLU;YAKABOYU;GÜL SOKAK;sokak;655916200
KASTAMONU;İNEBOLU;YAKABOYU;HUZUR SOKAK;sokak;713581130
KASTAMONU;İNEBOLU;YAKABOYU;İSKELE SOKAK;sokak;348025
KASTAMONU;İNEBOLU;YAKABOYU;KARINCA SOKAK;sokak;971272600
KASTAMONU;İNEBOLU;YAKABOYU;KUMSAL SOKAK;sokak;181253101
KASTAMONU;İNEBOLU;YAKABOYU;SILA SOKAK;sokak;414193590
KASTAMONU;İNEBOLU;YAKABOYU;SÜTÇÜ İMAM SOKAK;sokak;102339220
KASTAMONU;İNEBOLU;YAKABOYU;ŞEHIT UZMAN ÇAVUŞ ALI TURGUT SOKAK;sokak;125920850
KASTAMONU;İNEBOLU;YAKABOYU;ŞEHİT UZMAN ONBAŞI EMRE BAYSAL SOKAK;sokak;378252700
KASTAMONU;İNEBOLU;YAKABOYU;ŞEHİT UZMAN ONBAŞI MEHMET ORHAN SOKAK;sokak;464387500
KASTAMONU;İNEBOLU;YAKABOYU;ŞEHİT UZMAN ONBAŞI TAYFUN PEKEL SOKAK;sokak;109921540
KASTAMONU;İNEBOLU;YAKABOYU;UNCUK SOKAK;sokak;356370
KASTAMONU;İNEBOLU;YAKABOYU;YAKAMOZ SOKAK;sokak;159814341
KASTAMONU;İNEBOLU;YAKABOYU;ZAFERYOLU CADDE;cadde;958009
KASTAMONU;İNEBOLU;YAMAÇ - MERKEZ;MERKEZ KÜME EVLER;sokak;354619
KASTAMONU;İNEBOLU;YAZTEPE - GERİŞ;GERİŞ KÜME EVLER;sokak;479501
KASTAMONU;İNEBOLU;YAZTEPE - GÜZEL YALI;GÜZEL YALI KÜME EVLER;sokak;495725
KASTAMONU;İNEBOLU;YAZTEPE - MERKEZ;MERKEZ KÜME EVLER;sokak;480933
KASTAMONU;İNEBOLU;YAZTEPE - SÖĞÜTLÜ ÇEŞME;SÖĞÜTLÜ ÇEŞME KÜME EVLER;sokak;88902
KASTAMONU;İNEBOLU;YAZTEPE - TERELİK;TERELİK KÜME EVLER;sokak;495727
KASTAMONU;İNEBOLU;YAZTEPE - YANAR;YANAR KÜME EVLER;sokak;479502
KASTAMONU;İNEBOLU;YAZTEPE - ZEHİ;ZEHİ KÜME EVLER;sokak;484464
KASTAMONU;İNEBOLU;YENİ;ARI SOKAK;sokak;518389100
KASTAMONU;İNEBOLU;YENİ;EVLİYA ÇELEBİ SOKAK;sokak;425053620
KASTAMONU;İNEBOLU;YENİ;FARABİ SOKAK;sokak;677926480
KASTAMONU;İNEBOLU;YENİ;GIRDAP SOKAK;sokak;715484570
KASTAMONU;İNEBOLU;YENİ;HALİME ÇAVUŞ SOKAK;sokak;347045021
KASTAMONU;İNEBOLU;YENİ;HAYAL SOKAK;sokak;871850390
KASTAMONU;İNEBOLU;YENİ;KAHVE SOKAK;sokak;724291520
KASTAMONU;İNEBOLU;YENİ;KAHYAOĞLU SOKAK;sokak;255089
KASTAMONU;İNEBOLU;YENİ;KARACA CADDE;cadde;877590
KASTAMONU;İNEBOLU;YENİ;KAVAKLI SOKAK;sokak;255090
KASTAMONU;İNEBOLU;YENİ;KİRAZ SOKAK;sokak;623565140
KASTAMONU;İNEBOLU;YENİ;KÖMÜR SOKAK;sokak;266489800
KASTAMONU;İNEBOLU;YENİ;MİMAR SİNAN SOKAK;sokak;674796830
KASTAMONU;İNEBOLU;YENİ;MİS SOKAK;sokak;572029700
KASTAMONU;İNEBOLU;YENİ;OCAK SOKAK;sokak;930745400
KASTAMONU;İNEBOLU;YENİ;OSMAN HAMDİ BEY SOKAK;sokak;665319300
KASTAMONU;İNEBOLU;YENİ;ÖMER SEYFETTİN SOKAK;sokak;233655960
KASTAMONU;İNEBOLU;YENİ;RAUF DENKTAŞ SOKAK;sokak;255092
KASTAMONU;İNEBOLU;YENİ;REŞAT NURİ SOKAK;sokak;921015341
KASTAMONU;İNEBOLU;YENİ;RIFAT ILGAZ SOKAK;sokak;307202210
KASTAMONU;İNEBOLU;YENİ;ŞABANTERZİOĞLU SOKAK;sokak;255091
KASTAMONU;İNEBOLU;YENİ;ŞEHIT ASTSUBAY ÇAVUŞ MUHAMMED ALI ÖZER SOKAK;sokak;821182170
KASTAMONU;İNEBOLU;YENİ;ŞEHİT UZMAN ONBAŞI EYÜP GÜLAŞTI SOKAK;sokak;346808350
KASTAMONU;İNEBOLU;YENİ;ŞEHİT UZMAN ONBAŞI RECEP BEKİR SOKAK;sokak;273014560
KASTAMONU;İNEBOLU;YENİ;ŞEHİT UZMAN ONBAŞI SELİM NERGİZ SOKAK;sokak;432381460
KASTAMONU;İNEBOLU;YENİ;ŞERİFE BACI SOKAK;sokak;788294131
KASTAMONU;İNEBOLU;YENİ;ÜZÜM SOKAK;sokak;801776370
KASTAMONU;İNEBOLU;YENİ;ZAFERYOLU CADDE;cadde;886911
KASTAMONU;İNEBOLU;YENİ;ZİYABEKTAŞ SOKAK;sokak;918800
KASTAMONU;İNEBOLU;YEŞİLÖZ;ABDURRAHMANPAŞA CADDE;cadde;966619
KASTAMONU;İNEBOLU;YEŞİLÖZ;AÇELYA SOKAK;sokak;160217191
KASTAMONU;İNEBOLU;YEŞİLÖZ;BAHAR SOKAK;sokak;835069071
KASTAMONU;İNEBOLU;YEŞİLÖZ;ÇAVUŞOĞLU SOKAK;sokak;933596440
KASTAMONU;İNEBOLU;YEŞİLÖZ;EYLÜL SOKAK;sokak;134964681
KASTAMONU;İNEBOLU;YEŞİLÖZ;GÜZ SOKAK;sokak;695708101
KASTAMONU;İNEBOLU;YEŞİLÖZ;İKİÇAY SOKAK;sokak;881404540
KASTAMONU;İNEBOLU;YEŞİLÖZ;KAMELYA SOKAK;sokak;792596021
KASTAMONU;İNEBOLU;YEŞİLÖZ;KANARYA SOKAK;sokak;186713391
KASTAMONU;İNEBOLU;YEŞİLÖZ;KELEBEK SOKAK;sokak;133893250
KASTAMONU;İNEBOLU;YEŞİLÖZ;KIŞ SOKAK;sokak;797404860
KASTAMONU;İNEBOLU;YEŞİLÖZ;MANASTIR SOKAK;sokak;105712891
KASTAMONU;İNEBOLU;YEŞİLÖZ;MENEKŞE SOKAK;sokak;153254830
KASTAMONU;İNEBOLU;YEŞİLÖZ;NİSAN SOKAK;sokak;577736320
KASTAMONU;İNEBOLU;YEŞİLÖZ;PAPATYA SOKAK;sokak;582173571
KASTAMONU;İNEBOLU;YEŞİLÖZ;SANAYİ SOKAK;sokak;193046821
KASTAMONU;İNEBOLU;YEŞİLÖZ;SARDUNYA SOKAK;sokak;123492211
KASTAMONU;İNEBOLU;YEŞİLÖZ;SARMAŞIK SOKAK;sokak;779937071
KASTAMONU;İNEBOLU;YEŞİLÖZ;YAMAÇ SOKAK;sokak;373782540
KASTAMONU;İNEBOLU;YEŞİLÖZ;YAZ SOKAK;sokak;611240121
KASTAMONU;İNEBOLU;YEŞİLÖZ;YEŞİLÖZ SOKAK;sokak;493811
KASTAMONU;İNEBOLU;YOLÜSTÜ - YOLÜSTÜ;YOLÜSTÜ KÜME EVLER;sokak;487184
KASTAMONU;İNEBOLU;YOLÜSTÜ NA;KÖYÜN KENDİSİ KÜME EVLER;sokak;479176
KASTAMONU;İNEBOLU;YUKARIÇAYLI NA;KÖYÜN KENDİSİ KÜME EVLER;sokak;354995
KASTAMONU;İNEBOLU;YUKARIHATİPBAĞI;ALİGÖZLÜK SOKAK;sokak;918792
KASTAMONU;İNEBOLU;YUKARIHATİPBAĞI;BULUT SOKAK;sokak;856860201
KASTAMONU;İNEBOLU;YUKARIHATİPBAĞI;ÇAKA BEY SOKAK;sokak;994901040
KASTAMONU;İNEBOLU;YUKARIHATİPBAĞI;DALYANÇIKMAZ SOKAK;sokak;255094
KASTAMONU;İNEBOLU;YUKARIHATİPBAĞI;DAMLA SOKAK;sokak;471285580
KASTAMONU;İNEBOLU;YUKARIHATİPBAĞI;DORUK SOKAK;sokak;913842300
KASTAMONU;İNEBOLU;YUKARIHATİPBAĞI;DR.ATİLLAGÜRSOY CADDE;cadde;255095
KASTAMONU;İNEBOLU;YUKARIHATİPBAĞI;DUYGU SOKAK;sokak;273251580
KASTAMONU;İNEBOLU;YUKARIHATİPBAĞI;GERİŞ SOKAK;sokak;918794
KASTAMONU;İNEBOLU;YUKARIHATİPBAĞI;HALİDE EDİP SOKAK;sokak;359389011
KASTAMONU;İNEBOLU;YUKARIHATİPBAĞI;ILGAZ SOKAK;sokak;856082551
KASTAMONU;İNEBOLU;YUKARIHATİPBAĞI;KARADUT SOKAK;sokak;197061830
KASTAMONU;İNEBOLU;YUKARIHATİPBAĞI;KARAMEHMETOĞLU CADDE;cadde;255098
KASTAMONU;İNEBOLU;YUKARIHATİPBAĞI;KAŞ SOKAK;sokak;914701380
KASTAMONU;İNEBOLU;YUKARIHATİPBAĞI;KEMANECİ MURAT TUN SOKAK;sokak;255096
KASTAMONU;İNEBOLU;YUKARIHATİPBAĞI;KÖROĞLU SOKAK;sokak;924412
KASTAMONU;İNEBOLU;YUKARIHATİPBAĞI;LAVANTA SOKAK;sokak;113850020
KASTAMONU;İNEBOLU;YUKARIHATİPBAĞI;M.KADİRKARATAY CADDE;cadde;255097
KASTAMONU;İNEBOLU;YUKARIHATİPBAĞI;MEHMETAZİZUZUNYOKUŞU SOKAK;sokak;255099
KASTAMONU;İNEBOLU;YUKARIHATİPBAĞI;MİMAR VEDAT TEK SOKAK;sokak;971789170
KASTAMONU;İNEBOLU;YUKARIHATİPBAĞI;MUSTAFAKEMALPAŞA CADDE;cadde;255100
KASTAMONU;İNEBOLU;YUKARIHATİPBAĞI;MÜFTÜ AHMET EFENDİ SOKAK;sokak;792348290
KASTAMONU;İNEBOLU;YUKARIHATİPBAĞI;SAMANYOLU SOKAK;sokak;770540620
KASTAMONU;İNEBOLU;YUKARIHATİPBAĞI;SANDAL SOKAK;sokak;710640830
KASTAMONU;İNEBOLU;YUKARIHATİPBAĞI;SERÇE SOKAK;sokak;998869540
KASTAMONU;İNEBOLU;YUKARIHATİPBAĞI;SUYOLU SOKAK;sokak;449479
KASTAMONU;İNEBOLU;YUKARIHATİPBAĞI;ŞAPKA SOKAK;sokak;183518250
KASTAMONU;İNEBOLU;YUKARIHATİPBAĞI;ŞEHİT UZMAN ONBAŞI AHMET SAYGILI SOKAK;sokak;879803060
KASTAMONU;İNEBOLU;YUKARIHATİPBAĞI;ŞEHİT UZMAN ONBAŞI BATUHAN TANK SOKAK;sokak;621408680
KASTAMONU;İNEBOLU;YUKARIHATİPBAĞI;ŞEHİT UZMAN ONBAŞI GÜVEN KURTULMUŞ SOKAK;sokak;279465810
KASTAMONU;İNEBOLU;YUKARIHATİPBAĞI;ŞEHİT UZMAN ONBAŞI HALİL ÇANKAYA SOKAK;sokak;703027320
KASTAMONU;İNEBOLU;YUKARIHATİPBAĞI;ŞEHİT UZMAN ONBAŞI HALİL İBRAHİM AKKAYA SOKAK;sokak;253739290
KASTAMONU;İNEBOLU;YUKARIHATİPBAĞI;ŞEHİT UZMAN ONBAŞI TURGUT BURKAY KORKMAZ SOKAK;sokak;337581030
KASTAMONU;İNEBOLU;YUKARIHATİPBAĞI;TAŞLI SOKAK;sokak;255101
KASTAMONU;İNEBOLU;YUKARIHATİPBAĞI;TERZİOĞLU SOKAK;sokak;255102
KASTAMONU;İNEBOLU;YUKARIHATİPBAĞI;TURNA SOKAK;sokak;507436730
KASTAMONU;İNEBOLU;YUKARIHATİPBAĞI;ULU SOKAK;sokak;361751
KASTAMONU;İNEBOLU;YUKARIHATİPBAĞI;YAĞMUR SOKAK;sokak;258033051
KASTAMONU;İNEBOLU;YUKARIHATİPBAĞI;YILDIRIMBEYAZIT CADDE;cadde;255103
KASTAMONU;İNEBOLU;YUKARIKÖY - AŞAĞI;AŞAĞI KÜME EVLER;sokak;509812
KASTAMONU;İNEBOLU;YUKARIKÖY - MERKEZ;MERKEZ KÜME EVLER;sokak;515360
KASTAMONU;İNEBOLU;YUKARIKÖY - SÖRPTARLA;SÖRPTARLA KÜME EVLER;sokak;85180
KASTAMONU;İNEBOLU;YUNUSKÖY - CEVİZLERYANI;CEVİZLERYANI KÜME EVLER;sokak;496613
KASTAMONU;İNEBOLU;YUNUSKÖY - YUNUSKÖY;YUNUSKÖY KÜME EVLER;sokak;493269
KASTAMONU;İNEBOLU;YUVACIK - MERKEZ;MERKEZ KÜME EVLER;sokak;550244
KASTAMONU;KÜRE;AFŞARGÜNEY - ARGI;ARGI KÜME EVLER;sokak;499544
KASTAMONU;KÜRE;AFŞARGÜNEY - AŞAĞI GÜNEY;AŞAĞI GÜNEY KÜME EVLER;sokak;507023
KASTAMONU;KÜRE;AFŞARGÜNEY - HATİP;HATİP KÜME EVLER;sokak;501091
KASTAMONU;KÜRE;AFŞARGÜNEY - KÖR İSMAİLAĞA;KÖR İSMAİLAĞA KÜME EVLER;sokak;506001
KASTAMONU;KÜRE;AFŞARGÜNEY - MURATOĞLU;MURATOĞLU KÜME EVLER;sokak;506963
KASTAMONU;KÜRE;AFŞARGÜNEY - YUKARI GÜNEY;YUKARI GÜNEY KÜME EVLER;sokak;504613
KASTAMONU;KÜRE;AFŞARİMAM - AKPINAR;AKPINAR KÜME EVLER;sokak;502844
KASTAMONU;KÜRE;AFŞARİMAM - ALİAĞA;ALİAĞA KÜME EVLER;sokak;507268
KASTAMONU;KÜRE;AFŞARİMAM - EMİNOĞLU;EMİNOĞLU KÜME EVLER;sokak;356185
KASTAMONU;KÜRE;AFŞARİMAM - İMAM;İMAM KÜME EVLER;sokak;506992
KASTAMONU;KÜRE;AFŞARİMAM - MERKEZ;MERKEZ KÜME EVLER;sokak;507266
KASTAMONU;KÜRE;AFŞARİMAM - SAMUTOĞLU;SAMUTOĞLU KÜME EVLER;sokak;505481
KASTAMONU;KÜRE;AFŞARİMAM - YENİ;YENİ KÜME EVLER;sokak;493785
KASTAMONU;KÜRE;AHMETBEŞE - DİPRECCİ;DİPRECCİ KÜME EVLER;sokak;504387
KASTAMONU;KÜRE;AHMETBEŞE - MERKEZ;MERKEZ KÜME EVLER;sokak;504389
KASTAMONU;KÜRE;AHMETBEŞE - MERKEZ;MUZAFFER ÇIKAR - KÖY SOKAĞI;sokak;1492351
KASTAMONU;KÜRE;AHMETBEŞE - TULUMOĞLU;TULUMOĞLU KÜME EVLER;sokak;504388
KASTAMONU;KÜRE;AHMETBEŞE - VERZİYAN;VEZİRYANI KÜME EVLER;sokak;504391
KASTAMONU;KÜRE;ALACIK - ALİ AĞA;ALİ AĞA KÜME EVLER;sokak;325934
KASTAMONU;KÜRE;ALACIK - ÇOLAK;ÇOLAK KÜME EVLER;sokak;325454
KASTAMONU;KÜRE;ALACIK - KARAGÜRGEN;KARAGÜRGEN KÜME EVLER;sokak;361684
KASTAMONU;KÜRE;ALACIK - MERKEZ;MERKEZ KÜME EVLER;sokak;491355
KASTAMONU;KÜRE;ALACIK - TOPÇU;TOPÇU KÜME EVLER;sokak;464645
KASTAMONU;KÜRE;ALACIK - YUSUF;YUSUF KÜME EVLER;sokak;464652
KASTAMONU;KÜRE;ALACIK - ZEYBEK;ZEYBEK KÜME EVLER;sokak;325440
KASTAMONU;KÜRE;AVCIPINAR - MERKEZ;AVCIPINAR KÜME EVLER;sokak;503878
KASTAMONU;KÜRE;AVCIPINAR - MERKEZ;MEHMET KURU- KÖY SOKAĞI;sokak;1499197
KASTAMONU;KÜRE;BELÖREN - ÇAKILLI;ÇAKILLI KÜME EVLER;sokak;493309
KASTAMONU;KÜRE;BELÖREN - MERKEZ;MERKEZ KÜME EVLER;sokak;488155
KASTAMONU;KÜRE;BELÖREN - SOFUOĞLU;SOFUOĞLU KÜME EVLER;sokak;494901
KASTAMONU;KÜRE;BELÖREN - YAYLA;YAYLA KÜME EVLER;sokak;486588
KASTAMONU;KÜRE;BEŞÖREN - AŞAĞI KIŞLA;AŞAĞI KIŞLA KÜME EVLER;sokak;499523
KASTAMONU;KÜRE;BEŞÖREN - MERKEZ;MERKEZ KÜME EVLER;sokak;506823
KASTAMONU;KÜRE;BEŞÖREN - YUKARI KIŞLA;YUKARI KIŞLA KÜME EVLER;sokak;496044
KASTAMONU;KÜRE;BEYALAN - BOĞAZ;BOĞAZ KÜME EVLER;sokak;494405
KASTAMONU;KÜRE;BEYALAN - ÇAYAN;ÇAYAN KÜME EVLER;sokak;490545
KASTAMONU;KÜRE;BEYALAN - DORUK;DORUK KÜME EVLER;sokak;491456
KASTAMONU;KÜRE;BEYALAN - ÖTEYÜZ;ÖTEYÜZ KÜME EVLER;sokak;491465
KASTAMONU;KÜRE;BEYALAN - SAZAK;SAZAK KÜME EVLER;sokak;490552
KASTAMONU;KÜRE;BÜRÜM - BÜRÜM YAYLA EVLERİ;- KÖY SOKAĞI;sokak;159429
KASTAMONU;KÜRE;BÜRÜM - KIŞLA;- KÖY SOKAĞI;sokak;86710
KASTAMONU;KÜRE;BÜRÜM - MERKEZ;MERKEZ KÜME EVLER;sokak;496062
KASTAMONU;KÜRE;BÜRÜM - SAMANLIKLAR;- KÖY SOKAĞI;sokak;500043
KASTAMONU;KÜRE;CAMBAZ - AKMANOĞLU;AKMANOĞLU KÜME EVLER;sokak;499849
KASTAMONU;KÜRE;CAMBAZ - DİBEK;DİBEK KÜME EVLER;sokak;499501
KASTAMONU;KÜRE;CAMBAZ - HACIÖMER;HACIÖMER KÜME EVLER;sokak;486948
KASTAMONU;KÜRE;CAMBAZ - KAZOĞLU;KAZOĞLU KÜME EVLER;sokak;489038
KASTAMONU;KÜRE;CAMBAZ - ŞALGAMOĞLU;ŞALGAMOĞLU KÜME EVLER;sokak;492577
KASTAMONU;KÜRE;CAMİEVSAT;ALİŞENÇEŞME SOKAK;sokak;255104
KASTAMONU;KÜRE;CAMİEVSAT;ATATÜRK CADDE;cadde;255105
KASTAMONU;KÜRE;CAMİEVSAT;BÜYÜKBAHÇE SOKAK;sokak;395843541
KASTAMONU;KÜRE;CAMİEVSAT;DUMLUPINAR SOKAK;sokak;361752
KASTAMONU;KÜRE;CAMİEVSAT;ER SOKAK;sokak;449480
KASTAMONU;KÜRE;CAMİEVSAT;HASAN DOĞAN SOKAK;sokak;255106
KASTAMONU;KÜRE;CAMİEVSAT;KAYMAKAM YOLU SOKAK;sokak;255107
KASTAMONU;KÜRE;CAMİEVSAT;MADEN SOKAK;sokak;255108
KASTAMONU;KÜRE;CAMİEVSAT;OKUL SOKAK;sokak;255109
KASTAMONU;KÜRE;CAMİEVSAT;ÖZKAN SOKAK;sokak;255110
KASTAMONU;KÜRE;CAMİEVSAT;TABAKLAR SOKAK;sokak;880185931
KASTAMONU;KÜRE;CAMİEVSAT;YUKARIHAMAM SOKAK;sokak;160468490
KASTAMONU;KÜRE;CAMİKEBİR;ARA SOKAK;sokak;253490
KASTAMONU;KÜRE;CAMİKEBİR;ATATÜRK CADDE;cadde;253491
KASTAMONU;KÜRE;CAMİKEBİR;BAHÇELİ SOKAK;sokak;253492
KASTAMONU;KÜRE;CAMİKEBİR;BEDESTEN SOKAK;sokak;253493
KASTAMONU;KÜRE;CAMİKEBİR;BEDESTEN_2 SOKAK;sokak;253494
KASTAMONU;KÜRE;CAMİKEBİR;BÜYÜKBAHÇE SOKAK;sokak;253495
KASTAMONU;KÜRE;CAMİKEBİR;CUMHURİYET MEYDAN;sokak;247017
KASTAMONU;KÜRE;CAMİKEBİR;DEMİRCİLER SOKAK;sokak;247018
KASTAMONU;KÜRE;CAMİKEBİR;FEVZİ ÇAKMAK SOKAK;sokak;247019
KASTAMONU;KÜRE;CAMİKEBİR;GÜL SOKAK;sokak;247020
KASTAMONU;KÜRE;CAMİKEBİR;GÜMRÜK SOKAK;sokak;247021
KASTAMONU;KÜRE;CAMİKEBİR;GÜMÜŞ SOKAK;sokak;255111
KASTAMONU;KÜRE;CAMİKEBİR;İNÖNÜ SOKAK;sokak;255115
KASTAMONU;KÜRE;CAMİKEBİR;İSTİKLAL SOKAK;sokak;361754
KASTAMONU;KÜRE;CAMİKEBİR;KAHVEÖNÜ SOKAK;sokak;361753
KASTAMONU;KÜRE;CAMİKEBİR;KARAABDAL SOKAK;sokak;255112
KASTAMONU;KÜRE;CAMİKEBİR;KARAABDAL_1 SOKAK;sokak;247022
KASTAMONU;KÜRE;CAMİKEBİR;MAĞAZAALTI SOKAK;sokak;450219
KASTAMONU;KÜRE;CAMİKEBİR;MESCİT SOKAK;sokak;255113
KASTAMONU;KÜRE;CAMİKEBİR;TAŞKÖPRÜYOLU SOKAK;sokak;255114
KASTAMONU;KÜRE;CAMİLİ - ESENTEPE;ESENTEPE KÜME EVLER;sokak;492438
KASTAMONU;KÜRE;CAMİLİ - HABİBOĞLU;HABİBOĞLU KÜME EVLER;sokak;491622
KASTAMONU;KÜRE;CAMİLİ - KARADERE;KARADERE KÜME EVLER;sokak;492436
KASTAMONU;KÜRE;CAMİLİ - KARŞI;KARŞI KÜME EVLER;sokak;492427
KASTAMONU;KÜRE;CAMİLİ - MASRUF;MASRUF KÜME EVLER;sokak;486386
KASTAMONU;KÜRE;CAMİLİ - MERKEZ;MERKEZ KÜME EVLER;sokak;356443
KASTAMONU;KÜRE;CAMİLİ - ORTAKÇIOĞLU;ORTAKÇIOĞLU KÜME EVLER;sokak;492918
KASTAMONU;KÜRE;CAMİLİ - SOFTAOĞLU;SOFTAOĞLU KÜME EVLER;sokak;486375
KASTAMONU;KÜRE;CAMİLİ - ŞİŞMANOĞLU;ŞİŞMANOĞLU KÜME EVLER;sokak;481192
KASTAMONU;KÜRE;CAMİLİ - TÜLÜOĞLU;TÜLÜOĞLU KÜME EVLER;sokak;481185
KASTAMONU;KÜRE;ÇATAK - AŞAĞI ÇATAK;AŞAĞI ÇATAK KÜME EVLER;sokak;490149
KASTAMONU;KÜRE;ÇATAK - AŞAĞI ÇATAK;MUZAFFER TUFAN- KÖY SOKAĞI;sokak;1492039
KASTAMONU;KÜRE;ÇATAK - MERKEZ;MERKEZ KÜME EVLER;sokak;470395
KASTAMONU;KÜRE;ÇATAK - YUKARI ÇATAK;YUKARI ÇATAK KÜME EVLER;sokak;494614
KASTAMONU;KÜRE;ÇATKÖY - ABUDA;ABUDA KÜME EVLER;sokak;494406
KASTAMONU;KÜRE;ÇATKÖY - MERKEZ;MERKEZ KÜME EVLER;sokak;493244
KASTAMONU;KÜRE;ÇATKÖY - SIRMA;SIRMA KÜME EVLER;sokak;486977
KASTAMONU;KÜRE;ÇAYBÜKÜ - MERKEZ;MERKEZ KÜME EVLER;sokak;501681
KASTAMONU;KÜRE;ÇAYBÜKÜ - TAŞÇANAK;TAŞÇANAK KÜME EVLER;sokak;504385
KASTAMONU;KÜRE;ÇAYBÜKÜ - UVAZ;UVAZ KÜME EVLER;sokak;504386
KASTAMONU;KÜRE;ÇAYBÜKÜ - YAYLA;YAYLA KÜME EVLER;sokak;511879
KASTAMONU;KÜRE;ÇAYBÜKÜ - YAYLA EVLERİ;YAYLA EVLERİ KÜME EVLER;sokak;501827
KASTAMONU;KÜRE;ERSİZLER - CUMHURİYET;CUMHURİYET KÜME EVLER;sokak;517718
KASTAMONU;KÜRE;ERSİZLER - ÇUKUR;ÇUKUR KÜME EVLER;sokak;461726
KASTAMONU;KÜRE;ERSİZLER - MERKEZ;ERSİZLER KÜME EVLER;sokak;496181
KASTAMONU;KÜRE;ERSİZLERDEDE - İMAM;İMAM KÜME EVLER;sokak;36086
KASTAMONU;KÜRE;ERSİZLERDEDE - İPSİNNE;İPSİNE KÜME EVLER;sokak;72266
KASTAMONU;KÜRE;ERSİZLERDEDE - KARAAHMET;KARAAHMET KÜME EVLER;sokak;496705
KASTAMONU;KÜRE;ERSİZLERDEDE - KARAŞ;KARAŞ KÜME EVLER;sokak;90909
KASTAMONU;KÜRE;ERSİZLERDEDE - MERKEZ;MERKEZ KÜME EVLER;sokak;486596
KASTAMONU;KÜRE;GÜLLÜCE - İLATA;İLATA KÜME EVLER;sokak;506622
KASTAMONU;KÜRE;GÜLLÜCE - MERKEZ;MERKEZ KÜME EVLER;sokak;502567
KASTAMONU;KÜRE;GÜNEYKÖY - KARAGÖZ;KARAGÖZ KÜME EVLER;sokak;492535
KASTAMONU;KÜRE;GÜNEYKÖY - MERKEZ;MERKEZ KÜME EVLER;sokak;481294
KASTAMONU;KÜRE;GÜNEYKÖY - YAHYA;YAHYA KÜME EVLER;sokak;489890
KASTAMONU;KÜRE;İĞDİR - CURALAR;CURALAR KÜME EVLER;sokak;507897
KASTAMONU;KÜRE;İĞDİR - DEREKÖY;DEREKÖY KÜME EVLER;sokak;506619
KASTAMONU;KÜRE;İĞDİR - KUBATOĞLU;KUBATOĞLU KÜME EVLER;sokak;499261
KASTAMONU;KÜRE;İĞDİR - MERKEZ;MERKEZ KÜME EVLER;sokak;498709
KASTAMONU;KÜRE;İĞDİR - TOSYALI;TOSYALI KÜME EVLER;sokak;507895
KASTAMONU;KÜRE;İĞDİR - ULACIK;ULUCAK KÜME EVLER;sokak;494592
KASTAMONU;KÜRE;İĞDİR - YAYLA;YAYLA KÜME EVLER;sokak;506620
KASTAMONU;KÜRE;İKİZCİLER - ABUT;ABUT KÜME EVLER;sokak;511530
KASTAMONU;KÜRE;İKİZCİLER - KADALI;KADALI KÜME EVLER;sokak;297745
KASTAMONU;KÜRE;İKİZCİLER - KOÇCUĞAZ;KOÇCUĞAZ KÜME EVLER;sokak;502346
KASTAMONU;KÜRE;İKİZCİLER - KUŞCA;KUŞCA KÜME EVLER;sokak;506580
KASTAMONU;KÜRE;İKİZCİLER - MERKEZ;MERKEZ KÜME EVLER;sokak;507088
KASTAMONU;KÜRE;İKİZCİLER - SARKÖY;SARKÖY KÜME EVLER;sokak;509723
KASTAMONU;KÜRE;İMRALI - ÇIRAK;ÇIRAK KÜME EVLER;sokak;505119
KASTAMONU;KÜRE;İMRALI - KUZTARLA;KUZTARLA KÜME EVLER;sokak;506497
KASTAMONU;KÜRE;İMRALI - MERKEZ;MERKEZ KÜME EVLER;sokak;498275
KASTAMONU;KÜRE;İMRALI - YAYLA;YAYLA KÜME EVLER;sokak;494684
KASTAMONU;KÜRE;KARADONU - ABDİ;ABDİ KÜME EVLER;sokak;487801
KASTAMONU;KÜRE;KARADONU - ÇELEBİ;ÇELEBİ KÜME EVLER;sokak;26485
KASTAMONU;KÜRE;KARADONU - GERİŞ;GERİŞ KÜME EVLER;sokak;487511
KASTAMONU;KÜRE;KARADONU - KERPİÇ;KERPİÇ KÜME EVLER;sokak;489096
KASTAMONU;KÜRE;KARADONU - KERVANSARAY;KERVANSARAY KÜME EVLER;sokak;492343
KASTAMONU;KÜRE;KARADONU - KURTOĞLU;KURTOĞLU KÜME EVLER;sokak;490895
KASTAMONU;KÜRE;KARADONU - ÖKSÜZLER;ÖKSÜZLER KÜME EVLER;sokak;488319
KASTAMONU;KÜRE;KARADONU - ŞATIR;ŞATIR KÜME EVLER;sokak;497142
KASTAMONU;KÜRE;KARADONU - TEPE;TEPE KÜME EVLER;sokak;490884
KASTAMONU;KÜRE;KARADONU - TOKALAK;TOKALAK KÜME EVLER;sokak;487799
KASTAMONU;KÜRE;KARAMAN - BATTALLAR;BATTALLAR KÜME EVLER;sokak;488167
KASTAMONU;KÜRE;KARAMAN - BEDİROĞLU;BEDİROĞLU KÜME EVLER;sokak;490084
KASTAMONU;KÜRE;KARAMAN - DIRABAN;DIRABAN KÜME EVLER;sokak;492793
KASTAMONU;KÜRE;KARAMAN - KÜME EVLERİ;- KÖY SOKAĞI;sokak;492780
KASTAMONU;KÜRE;KARAMAN - MERKEZ;MERKEZ KÜME EVLER;sokak;490128
KASTAMONU;KÜRE;KARAMAN - YAYLA EVLERİ;YAYLA EVLERİ KÜME EVLER;sokak;492844
KASTAMONU;KÜRE;KAYADİBİ - BİDECİ;BİDECİ KÜME EVLER;sokak;118310
KASTAMONU;KÜRE;KAYADİBİ - BOYACI;BOYACI KÜME EVLER;sokak;400816
KASTAMONU;KÜRE;KAYADİBİ - ÇAKAL;ÇAKAL KÜME EVLER;sokak;521329
KASTAMONU;KÜRE;KAYADİBİ - ÇUHA;ÇUHA KÜME EVLER;sokak;517706
KASTAMONU;KÜRE;KAYADİBİ - KAYA;KAYA KÜME EVLER;sokak;519993
KASTAMONU;KÜRE;KAYADİBİ - KAYA;OKAN SALCIOĞLU- KÖY SOKAĞI;sokak;1502393
KASTAMONU;KÜRE;KAYADİBİ - YUKARI;YUKARI KÜME EVLER;sokak;517713
KASTAMONU;KÜRE;KESEPINAR - MERKEZ;FEHMİ GÜLER- KÖY SOKAĞI;sokak;1494251
KASTAMONU;KÜRE;KESEPINAR - MERKEZ;MERKEZ KÜME EVLER;sokak;493953
KASTAMONU;KÜRE;KOYUNKIRTIK - DEPEYURT;DEPEYURT KÜME EVLER;sokak;325428
KASTAMONU;KÜRE;KOYUNKIRTIK - MERKEZ;MERKEZ KÜME EVLER;sokak;494834
KASTAMONU;KÜRE;KOYUNKIRTIK - MOLLAHASAN;MOLLAHASAN KÜME EVLER;sokak;464667
KASTAMONU;KÜRE;KOYUNKIRTIK - ORTAKÖY;ORTAKÖY KÜME EVLER;sokak;464657
KASTAMONU;KÜRE;KOZKÖY - ABDULLAH;ABDULLAH KÜME EVLER;sokak;490559
KASTAMONU;KÜRE;KOZKÖY - ESKİMEŞE;ESKİMEŞE KÜME EVLER;sokak;487825
KASTAMONU;KÜRE;KOZKÖY - GÜRCÜ;GÜRCÜ KÜME EVLER;sokak;490945
KASTAMONU;KÜRE;KOZKÖY - HARAMLAR;HARAMLAR KÜME EVLER;sokak;489595
KASTAMONU;KÜRE;KOZKÖY - KABAOĞLU;KABAOĞLU KÜME EVLER;sokak;489112
KASTAMONU;KÜRE;KOZKÖY - KIŞLA;KIŞLA KÜME EVLER;sokak;489609
KASTAMONU;KÜRE;KÖSRELİ - AHLATCIK;AHLATCIK KÜME EVLER;sokak;496853
KASTAMONU;KÜRE;KÖSRELİ - ALACIK;ALACIK KÜME EVLER;sokak;75713271
KASTAMONU;KÜRE;KÖSRELİ - ALACIK;EMİN İNCEKAŞ KÜME EVLER;sokak;496856
KASTAMONU;KÜRE;KÖSRELİ - ALİ EFENDİ;ALİ EFENDİ KÜME EVLER;sokak;496854
KASTAMONU;KÜRE;KÖSRELİ - ARABACILAR;ARABACILAR KÜME EVLER;sokak;496855
KASTAMONU;KÜRE;KÖSRELİ - MERKEZ;MERKEZ KÜME EVLER;sokak;496851
KASTAMONU;KÜRE;KÖSRELİ - NAZIR;NAZIR KÜME EVLER;sokak;496850
KASTAMONU;KÜRE;KÖSRELİ - SAKA;SAKA KÜME EVLER;sokak;323930
KASTAMONU;KÜRE;KÖSRELİ - UZUN AHMET;UZUN AHMET KÜME EVLER;sokak;496852
KASTAMONU;KÜRE;KÖSTEKÇİLER - KUŞ;KUŞ KÜME EVLER;sokak;518519
KASTAMONU;KÜRE;KÖSTEKÇİLER - MERKEZ;MERKEZ KÜME EVLER;sokak;500436
KASTAMONU;KÜRE;KÖSTEKÇİLER - SATI;SATI KÜME EVLER;sokak;507899
KASTAMONU;KÜRE;MÜDERRİS;AŞIKÖY SEMTİ SOKAK;sokak;247025
KASTAMONU;KÜRE;MÜDERRİS;ATATÜRK CADDE;cadde;247023
KASTAMONU;KÜRE;MÜDERRİS;AYDIN SOKAK;sokak;247024
KASTAMONU;KÜRE;MÜDERRİS;BEDESTEN_2 SOKAK;sokak;849378530
KASTAMONU;KÜRE;MÜDERRİS;BÜYÜKBAHÇE SOKAK;sokak;247026
KASTAMONU;KÜRE;MÜDERRİS;DEMİRTAŞ SOKAK;sokak;247027
KASTAMONU;KÜRE;MÜDERRİS;ETİBANK SİTESİ KÜME EVLER;sokak;247028
KASTAMONU;KÜRE;MÜDERRİS;FATİH SOKAK;sokak;247029
KASTAMONU;KÜRE;MÜDERRİS;HASTANE SOKAK;sokak;247030
KASTAMONU;KÜRE;MÜDERRİS;KAYMAKAM YOLU SOKAK;sokak;247031
KASTAMONU;KÜRE;MÜDERRİS;TABAKLAR SOKAK;sokak;247032
KASTAMONU;KÜRE;MÜDERRİS;YAYLA SOKAK;sokak;247033
KASTAMONU;KÜRE;MÜDERRİS;YUKARIHAMAM SOKAK;sokak;437703
KASTAMONU;KÜRE;SAMAN;AKSU SOKAK;sokak;247034
KASTAMONU;KÜRE;SAMAN;ATATÜRK CADDE;cadde;247035
KASTAMONU;KÜRE;SAMAN;BAKIR SOKAK;sokak;247036
KASTAMONU;KÜRE;SAMAN;BALIKKÖYÜ SEMTİ SOKAK;sokak;247037
KASTAMONU;KÜRE;SAMAN;ER SOKAK;sokak;114544281
KASTAMONU;KÜRE;SAMAN;HADİ ÇAMAN SOKAK;sokak;247038
KASTAMONU;KÜRE;SAMAN;HÜKÜMET SOKAK;sokak;247039
KASTAMONU;KÜRE;SAMAN;KARABACAK SOKAK;sokak;247040
KASTAMONU;KÜRE;SAMAN;MADEN SOKAK;sokak;128830131
KASTAMONU;KÜRE;SAMAN;ÖZKAN SOKAK;sokak;191282891
KASTAMONU;KÜRE;SAMAN;YENİCEMAHALLE SOKAK;sokak;437704
KASTAMONU;KÜRE;SAMAN;YENİCEMAHALLE_1 KÜME EVLER;sokak;254279
KASTAMONU;KÜRE;SARPUN - AŞAĞI SARPUN;AŞAĞI SARPUN KÜME EVLER;sokak;496286
KASTAMONU;KÜRE;SARPUN - KOCAOĞLU;KOCAOĞLU KÜME EVLER;sokak;493941
KASTAMONU;KÜRE;SARPUN - MERKEZ;MERKEZ KÜME EVLER;sokak;90899
KASTAMONU;KÜRE;SİPAHİLER - BAYDIOĞLU;BAYDIOĞLU KÜME EVLER;sokak;483928
KASTAMONU;KÜRE;SİPAHİLER - ÇAL 1;ÇAL 1 KÜME EVLER;sokak;483955
KASTAMONU;KÜRE;SİPAHİLER - ÇAL 2;ÇAL 2 KÜME EVLER;sokak;483975
KASTAMONU;KÜRE;SİPAHİLER - KUZ;KUZ KÜME EVLER;sokak;483937
KASTAMONU;KÜRE;SİPAHİLER - MERKEZ;MERKEZ KÜME EVLER;sokak;493468
KASTAMONU;KÜRE;SİPAHİLER - ÖDEMİŞ;ÖDEMİŞ KÜME EVLER;sokak;490628
KASTAMONU;KÜRE;TAŞPINAR - DURASANLAR;DURASANLAR KÜME EVLER;sokak;461730
KASTAMONU;KÜRE;TAŞPINAR - HÜSÜN;HÜSÜN KÜME EVLER;sokak;461731
KASTAMONU;KÜRE;TAŞPINAR - KANLICADERE;KANLICADERE KÜME EVLER;sokak;118325
KASTAMONU;KÜRE;TAŞPINAR - MERKEZ;MERKEZ KÜME EVLER;sokak;116986
KASTAMONU;KÜRE;TOPÇU - HOCA USTAOĞLU;HOCA USTAOĞLU KÜME EVLER;sokak;503565
KASTAMONU;KÜRE;TOPÇU - KAYAARKASI;KAYAARKASI KÜME EVLER;sokak;504483
KASTAMONU;KÜRE;TOPÇU - MERKEZ;MERKEZ KÜME EVLER;sokak;507665
KASTAMONU;KÜRE;UZUNÖZ - AMBARLI;AMBARLI KÜME EVLER;sokak;118320
KASTAMONU;KÜRE;UZUNÖZ - AYAZOĞLU;AYAZOĞLU KÜME EVLER;sokak;118319
KASTAMONU;KÜRE;UZUNÖZ - CANBAZOĞLU;CANBAZOĞLU KÜME EVLER;sokak;118322
KASTAMONU;KÜRE;UZUNÖZ - ECEVİT;ECEVİT KÜME EVLER;sokak;37719
KASTAMONU;KÜRE;UZUNÖZ - SATIOĞLU;SATIOĞLU KÜME EVLER;sokak;37718
KASTAMONU;KÜRE;UZUNÖZ - YAYLA;YAYLA KÜME EVLER;sokak;34656
KASTAMONU;KÜRE;UZUNÖZ - YONGACI;YONGACI KÜME EVLER;sokak;118324
KASTAMONU;MERKEZ;AHLATÇIK - AŞAĞI;AŞAĞI KÜME EVLER;sokak;506213
KASTAMONU;MERKEZ;AHLATÇIK - AŞAĞIBUZAĞIVEREN;AŞAĞIBUZAĞIVEREN KÜME EVLER;sokak;507495
KASTAMONU;MERKEZ;AHLATÇIK - BOZACI;BOZACI KÜME EVLER;sokak;500833
KASTAMONU;MERKEZ;AHLATÇIK - DAĞ;DAĞ KÜME EVLER;sokak;503561
KASTAMONU;MERKEZ;AHLATÇIK - GEYCEK;GEYCEK KÜME EVLER;sokak;505236
KASTAMONU;MERKEZ;AHLATÇIK - KARAHACILAR;KARAHACILAR KÜME EVLER;sokak;82303
KASTAMONU;MERKEZ;AHLATÇIK - MERKEZ;MERKEZ KÜME EVLER;sokak;502616
KASTAMONU;MERKEZ;AHLATÇIK - YUKARI;YUKARI KÜME EVLER;sokak;507528
KASTAMONU;MERKEZ;AHLATÇIK - YUKARIBUZAĞIVEREN;YUKARIBUZAĞIVEREN KÜME EVLER;sokak;512851
KASTAMONU;MERKEZ;AHLATKÖY - AHLAT;AHLAT KÜME EVLER;sokak;525204
KASTAMONU;MERKEZ;AHLATKÖY - BENLİ SULTAN;BENLİ SULTAN KÜME EVLER;sokak;534146
KASTAMONU;MERKEZ;AHLATKÖY - HACIBAKLAR;HACIBAKLAR KÜME EVLER;sokak;526617
KASTAMONU;MERKEZ;AHLATKÖY - YUKARI AHLAT;YUKARI AHLAT KÜME EVLER;sokak;527150
KASTAMONU;MERKEZ;AHMETBEY - AHMETBEY;AHMETBEY KÜME EVLER;sokak;511082
KASTAMONU;MERKEZ;AHMETBEY - KABAKTEPESİ;KABAKTEPESİ KÜME EVLER;sokak;815703
KASTAMONU;MERKEZ;AKÇAKESE - AKÇAKESE;AKÇAKESE KÜME EVLER;sokak;531088
KASTAMONU;MERKEZ;AKÇAKESE - DEĞİRMENCİ(HACIMERA);DEĞİRMENCİ KÜME EVLER;sokak;528440
KASTAMONU;MERKEZ;AKÇATAŞ - AKÇATAŞ;AKÇATAŞ KÜME EVLER;sokak;534755
KASTAMONU;MERKEZ;AKÇATAŞ - CİVELEK;CİVELEK KÜME EVLER;sokak;529930
KASTAMONU;MERKEZ;AKÇATAŞ - ÇUKURYURT;ÇUKURYURT KÜME EVLER;sokak;531337
KASTAMONU;MERKEZ;AKÇATAŞ - FIRINCIK;FIRINCIK KÜME EVLER;sokak;535308
KASTAMONU;MERKEZ;AKÇATAŞ - KARADERE;KARADERE KÜME EVLER;sokak;534760
KASTAMONU;MERKEZ;AKÇATAŞ - KİMYOZ;KİMYOZ KÜME EVLER;sokak;534780
KASTAMONU;MERKEZ;AKDOĞAN - AKDOĞAN;AKDOĞAN KÜME EVLER;sokak;319597
KASTAMONU;MERKEZ;AKDOĞAN - SOFULAR;SOFULAR KÜME EVLER;sokak;580573
KASTAMONU;MERKEZ;AKKAYA BUCAĞI İSMAİLLİ - AMBARCILAR;AMBARCILAR KÜME EVLER;sokak;522161
KASTAMONU;MERKEZ;AKKAYA BUCAĞI İSMAİLLİ - CÖCÜLLÜ;CÖCÜLLÜ KÜME EVLER;sokak;519900
KASTAMONU;MERKEZ;AKKAYA BUCAĞI İSMAİLLİ - İSMAİLLİ KİRAZ;İSMAİLLİ KİRAZ KÜME EVLER;sokak;528686
KASTAMONU;MERKEZ;AKKAYA BUCAĞI İSMAİLLİ - KURTDEDE;KURTDEDE KÜME EVLER;sokak;525431
KASTAMONU;MERKEZ;AKMESCİT;ACEMHANI SOKAK;sokak;286416
KASTAMONU;MERKEZ;AKMESCİT;AÇIK MASLAK SOKAK;sokak;286445
KASTAMONU;MERKEZ;AKMESCİT;ARABA PAZARI SOKAK;sokak;290353
KASTAMONU;MERKEZ;AKMESCİT;BALLIK SOKAK;sokak;290382
KASTAMONU;MERKEZ;AKMESCİT;BAŞVEREN SOKAK;sokak;290351
KASTAMONU;MERKEZ;AKMESCİT;BELEDİYE CADDE;cadde;349510121
KASTAMONU;MERKEZ;AKMESCİT;ÇANKIRI SOKAK;sokak;286448
KASTAMONU;MERKEZ;AKMESCİT;ÇATAL MASLAK SOKAK;sokak;690778
KASTAMONU;MERKEZ;AKMESCİT;ÇATLAK KAPI SOKAK;sokak;286432
KASTAMONU;MERKEZ;AKMESCİT;ÇITLAK SOKAK;sokak;690780
KASTAMONU;MERKEZ;AKMESCİT;DEMİR SOKAK;sokak;290350
KASTAMONU;MERKEZ;AKMESCİT;DEMİRCİ SOKAK;sokak;682438
KASTAMONU;MERKEZ;AKMESCİT;DÖNGEL SOKAK;sokak;286450
KASTAMONU;MERKEZ;AKMESCİT;DURMUŞ SOKAK;sokak;434845
KASTAMONU;MERKEZ;AKMESCİT;DUTDİBİ SOKAK;sokak;286435
KASTAMONU;MERKEZ;AKMESCİT;ENGİN ÇEŞME SOKAK;sokak;286427
KASTAMONU;MERKEZ;AKMESCİT;ESKİ ÇEŞME SOKAK;sokak;286437
KASTAMONU;MERKEZ;AKMESCİT;GÖÇMEN EVLERİ SOKAK;sokak;690783
KASTAMONU;MERKEZ;AKMESCİT;GÖKDERE CADDE;cadde;741555
KASTAMONU;MERKEZ;AKMESCİT;HAYAT SOKAK;sokak;229957
KASTAMONU;MERKEZ;AKMESCİT;HONSALAR CADDE;cadde;416932920
KASTAMONU;MERKEZ;AKMESCİT;İBRİKLİ SOKAK;sokak;286420
KASTAMONU;MERKEZ;AKMESCİT;KALE ARKASI SOKAK;sokak;286439
KASTAMONU;MERKEZ;AKMESCİT;KALE ÇIKMAZI SOKAK;sokak;286441
KASTAMONU;MERKEZ;AKMESCİT;KALE HAMAMI SOKAK;sokak;690771
KASTAMONU;MERKEZ;AKMESCİT;KALE SOKAK;sokak;290347
KASTAMONU;MERKEZ;AKMESCİT;KAYMAK ÇEŞME SOKAK;sokak;290349
KASTAMONU;MERKEZ;AKMESCİT;KEFELİ SOKAK;sokak;286415
KASTAMONU;MERKEZ;AKMESCİT;KESİKBAŞ SOKAK;sokak;286444
KASTAMONU;MERKEZ;AKMESCİT;KIRKODALI SOKAK;sokak;290384
KASTAMONU;MERKEZ;AKMESCİT;KIZILBAYIR SOKAK;sokak;690781
KASTAMONU;MERKEZ;AKMESCİT;KOÇ SOKAK;sokak;290386
KASTAMONU;MERKEZ;AKMESCİT;KOYUN AĞZI SOKAK;sokak;434846
KASTAMONU;MERKEZ;AKMESCİT;KOYUNLU ÇEŞME SOKAK;sokak;690779
KASTAMONU;MERKEZ;AKMESCİT;KUZU SOKAK;sokak;690775
KASTAMONU;MERKEZ;AKMESCİT;MAĞARA ÖNÜ SOKAK;sokak;690776
KASTAMONU;MERKEZ;AKMESCİT;OKUL ÖNÜ SOKAK;sokak;286429
KASTAMONU;MERKEZ;AKMESCİT;PAZAR SOKAK;sokak;690772
KASTAMONU;MERKEZ;AKMESCİT;ŞİMŞEK SOKAK;sokak;690774
KASTAMONU;MERKEZ;AKMESCİT;YENİ SOKAK;sokak;286418
KASTAMONU;MERKEZ;AKMESCİT;YUKARI PAZAR SOKAK;sokak;286425
KASTAMONU;MERKEZ;AKSİNİR - AKSİNİROSB;1. SOKAK;sokak;826779
KASTAMONU;MERKEZ;AKSİNİR - AKSİNİROSB;2. SOKAK;sokak;886958
KASTAMONU;MERKEZ;AKSİNİR - AKSİNİROSB;HALİME ÇAVUŞ SOKAK;sokak;826775
KASTAMONU;MERKEZ;AKSİNİR - KAYALI;KAYALI KÜME EVLER;sokak;495847
KASTAMONU;MERKEZ;AKSİNİR - MERKEZ;HALİFE KÜME EVLER;sokak;33332289
KASTAMONU;MERKEZ;AKSİNİR - MERKEZ;MERKEZ KÜME EVLER;sokak;504670
KASTAMONU;MERKEZ;AKTEKKE;23 AĞUSTOS SOKAK;sokak;525752
KASTAMONU;MERKEZ;AKTEKKE;ACISU ÇIKMAZI SOKAK;sokak;541343
KASTAMONU;MERKEZ;AKTEKKE;ACISU SOKAK;sokak;524751
KASTAMONU;MERKEZ;AKTEKKE;AK SOKAK;sokak;536378
KASTAMONU;MERKEZ;AKTEKKE;AKDOĞANLI SOKAK;sokak;541339
KASTAMONU;MERKEZ;AKTEKKE;ARKAYOL SOKAK;sokak;558122
KASTAMONU;MERKEZ;AKTEKKE;AYICILAR SOKAK;sokak;86087
KASTAMONU;MERKEZ;AKTEKKE;BAKIMEVİ CADDE;cadde;523187
KASTAMONU;MERKEZ;AKTEKKE;BARBAROS CADDE;cadde;523190
KASTAMONU;MERKEZ;AKTEKKE;BATI SOKAK;sokak;529501
KASTAMONU;MERKEZ;AKTEKKE;BOLAYIR SOKAK;sokak;533852
KASTAMONU;MERKEZ;AKTEKKE;BÖLEN SOKAK;sokak;533850
KASTAMONU;MERKEZ;AKTEKKE;BÖLÜNMEZ SOKAK;sokak;813804
KASTAMONU;MERKEZ;AKTEKKE;BUDAKTEPESİ SOKAK;sokak;529499
KASTAMONU;MERKEZ;AKTEKKE;CAMİİ SOKAK;sokak;539607
KASTAMONU;MERKEZ;AKTEKKE;CANDOST SOKAK;sokak;533078
KASTAMONU;MERKEZ;AKTEKKE;ÇALIKUŞU SOKAK;sokak;541726
KASTAMONU;MERKEZ;AKTEKKE;ÇENGEL SOKAK;sokak;534118
KASTAMONU;MERKEZ;AKTEKKE;ÇENGELLER CADDE;cadde;523189
KASTAMONU;MERKEZ;AKTEKKE;ÇEVRE SOKAK;sokak;533859
KASTAMONU;MERKEZ;AKTEKKE;ÇEVRİM SOKAK;sokak;541730
KASTAMONU;MERKEZ;AKTEKKE;ÇİFTLİK SOKAK;sokak;535622
KASTAMONU;MERKEZ;AKTEKKE;ÇİNİLİ SOKAK;sokak;533853
KASTAMONU;MERKEZ;AKTEKKE;DEREPINAR SOKAK;sokak;525365
KASTAMONU;MERKEZ;AKTEKKE;DEVECİLER SOKAK;sokak;536377
KASTAMONU;MERKEZ;AKTEKKE;ERTURAN SOKAK;sokak;541728
KASTAMONU;MERKEZ;AKTEKKE;ESTERGON SOKAK;sokak;533856
KASTAMONU;MERKEZ;AKTEKKE;EZGİ CADDE;cadde;533851
KASTAMONU;MERKEZ;AKTEKKE;FAKÜLTE SOKAK;sokak;539077
KASTAMONU;MERKEZ;AKTEKKE;GEÇİTBAŞI_1 SOKAK;sokak;530140
KASTAMONU;MERKEZ;AKTEKKE;GÜDÜL SOKAK;sokak;523923
KASTAMONU;MERKEZ;AKTEKKE;GÜZEL SOKAK;sokak;687290
KASTAMONU;MERKEZ;AKTEKKE;HAMAM SOKAK;sokak;532559
KASTAMONU;MERKEZ;AKTEKKE;HASTANE ÜSTÜ SOKAK;sokak;541729
KASTAMONU;MERKEZ;AKTEKKE;HORUZOĞLU SOKAK;sokak;86125
KASTAMONU;MERKEZ;AKTEKKE;İNCEYOL SOKAK;sokak;541338
KASTAMONU;MERKEZ;AKTEKKE;KAFADAR SOKAK;sokak;541342
KASTAMONU;MERKEZ;AKTEKKE;KARAGÖZ SOKAK;sokak;86088
KASTAMONU;MERKEZ;AKTEKKE;KARAKUM SOKAK;sokak;546669
KASTAMONU;MERKEZ;AKTEKKE;KAYNAK SOKAK;sokak;530139
KASTAMONU;MERKEZ;AKTEKKE;KOÇAK SOKAK;sokak;687219
KASTAMONU;MERKEZ;AKTEKKE;KURNA SOKAK;sokak;536380
KASTAMONU;MERKEZ;AKTEKKE;KUYULU KAVAK SOKAK;sokak;531805
KASTAMONU;MERKEZ;AKTEKKE;OBA SOKAK;sokak;533854
KASTAMONU;MERKEZ;AKTEKKE;OĞUZELİ SOKAK;sokak;530865
KASTAMONU;MERKEZ;AKTEKKE;ÖRGÜ ÇIKMAZI SOKAK;sokak;535177
KASTAMONU;MERKEZ;AKTEKKE;SAFALAN CADDE;cadde;523188
KASTAMONU;MERKEZ;AKTEKKE;SARIKAYA ÇIKMAZI SOKAK;sokak;535620
KASTAMONU;MERKEZ;AKTEKKE;SARIKAYA SOKAK;sokak;533947
KASTAMONU;MERKEZ;AKTEKKE;SARMAŞIK SOKAK;sokak;541727
KASTAMONU;MERKEZ;AKTEKKE;SEHERYELİ SOKAK;sokak;535175
KASTAMONU;MERKEZ;AKTEKKE;SELÇUK SOKAK;sokak;524526
KASTAMONU;MERKEZ;AKTEKKE;SERENLER SOKAK;sokak;303060
KASTAMONU;MERKEZ;AKTEKKE;SOĞUKÇEŞME SOKAK;sokak;523921
KASTAMONU;MERKEZ;AKTEKKE;ŞEHİT ŞERİFE BACI CADDE;cadde;525749
KASTAMONU;MERKEZ;AKTEKKE;ŞEHİTLER SOKAK;sokak;298897
KASTAMONU;MERKEZ;AKTEKKE;ŞENER ÇIKMAZI SOKAK;sokak;533945
KASTAMONU;MERKEZ;AKTEKKE;ŞENKAL ÇIKMAZI SOKAK;sokak;539078
KASTAMONU;MERKEZ;AKTEKKE;TEPE SOKAK;sokak;533860
KASTAMONU;MERKEZ;AKTEKKE;TOSYA CADDE;cadde;537318
KASTAMONU;MERKEZ;AKTEKKE;TUNALI SOKAK;sokak;530866
KASTAMONU;MERKEZ;AKTEKKE;UZUN SOKAK;sokak;313076
KASTAMONU;MERKEZ;AKTEKKE;YALÇIN CADDE;cadde;528937
KASTAMONU;MERKEZ;AKTEKKE;YEŞİLOĞLU SOKAK;sokak;523920
KASTAMONU;MERKEZ;ALÇICILAR - ALÇICILAR;ALÇUCULAR KÜME EVLER;sokak;531296
KASTAMONU;MERKEZ;ALÇICILAR - ÇAY;ÇAY KÜME EVLER;sokak;545491
KASTAMONU;MERKEZ;ALÇICILAR - GÜRLEYİK;GÜRLEYİK KÜME EVLER;sokak;536235
KASTAMONU;MERKEZ;ALÇICILAR - NEBİOĞLU;NEBİOĞLU KÜME EVLER;sokak;533060
KASTAMONU;MERKEZ;ALPAĞUT - ALPAGUT;ALPAGUT KÜME EVLER;sokak;593597
KASTAMONU;MERKEZ;ALPAĞUT - BADEMCE;BADEMCE KÜME EVLER;sokak;610817
KASTAMONU;MERKEZ;ALPAĞUT - GENÇ ALİ;GENÇ ALİ KÜME EVLER;sokak;608666
KASTAMONU;MERKEZ;ALPARSLAN - ALPASLAN;ALPASLAN KÜME EVLER;sokak;485408
KASTAMONU;MERKEZ;ALPARSLAN - ORTA;ORTA KÜME EVLER;sokak;485415
KASTAMONU;MERKEZ;ALPARSLAN - ŞADİOĞLU;ŞADİOĞLU KÜME EVLER;sokak;485418
KASTAMONU;MERKEZ;ALPI - ALPI;ALPI KÜME EVLER;sokak;519026
KASTAMONU;MERKEZ;ARIZ - ABBAS;ABBAS KÜME EVLER;sokak;122261
KASTAMONU;MERKEZ;ARIZ - ARIZ;ARIZ KÜME EVLER;sokak;541133
KASTAMONU;MERKEZ;AŞAĞIAKÇA - ARPAÇ;ARPAÇ KÜME EVLER;sokak;534852
KASTAMONU;MERKEZ;AŞAĞIAKÇA - ÇÖRTÇÜ;ÇÖRTÇÜ KÜME EVLER;sokak;529281
KASTAMONU;MERKEZ;AŞAĞIAKÇA - ÖTAGEÇE;ÖTAGEÇE KÜME EVLER;sokak;529630
KASTAMONU;MERKEZ;AŞAĞIBATAK - AŞAĞI BATAK;AŞAĞI BATAK KÜME EVLER;sokak;391710
KASTAMONU;MERKEZ;AŞAĞIELYAKUT - AŞAĞIELYAKUT;AŞAĞIELYAKUT KÜME EVLER;sokak;36547
KASTAMONU;MERKEZ;AŞAĞIYUVA - ÇİLİNGİR;ÇİLİNGİR KÜME EVLER;sokak;502952
KASTAMONU;MERKEZ;AŞAĞIYUVA - HOZMUR;HOZMUR KÜME EVLER;sokak;512369
KASTAMONU;MERKEZ;AŞAĞIYUVA - MERKEZ;MERKEZ KÜME EVLER;sokak;505799
KASTAMONU;MERKEZ;AŞAĞIYUVA - TIĞLI;TIĞLI KÜME EVLER;sokak;502957
KASTAMONU;MERKEZ;ATABEYGAZİ;ATABEY SOKAK;sokak;263987
KASTAMONU;MERKEZ;ATABEYGAZİ;ATLANBAÇ SOKAK;sokak;263988
KASTAMONU;MERKEZ;ATABEYGAZİ;DEREBAŞI SOKAK;sokak;706537
KASTAMONU;MERKEZ;ATABEYGAZİ;İBNİNECCAR SOKAK;sokak;700805
KASTAMONU;MERKEZ;ATABEYGAZİ;KALE SOKAK;sokak;442225
KASTAMONU;MERKEZ;ATABEYGAZİ;KALE YOLU SOKAK;sokak;211994501
KASTAMONU;MERKEZ;ATABEYGAZİ;KALEALTI SOKAK;sokak;699398
KASTAMONU;MERKEZ;ATABEYGAZİ;KALEHAMAMI SOKAK;sokak;700806
KASTAMONU;MERKEZ;ATABEYGAZİ;KAPLAN SOKAK;sokak;442226
KASTAMONU;MERKEZ;ATABEYGAZİ;KAPLANLI SOKAK;sokak;826309
KASTAMONU;MERKEZ;ATABEYGAZİ;KEFELİ SOKAK;sokak;782663
KASTAMONU;MERKEZ;ATABEYGAZİ;KINALI SOKAK;sokak;699397
KASTAMONU;MERKEZ;ATABEYGAZİ;KIRKKIZLAR SOKAK;sokak;694737
KASTAMONU;MERKEZ;ATABEYGAZİ;PAZARBAŞI SOKAK;sokak;706534
KASTAMONU;MERKEZ;AYVALAR - AYVALAR;AYVALAR KÜME EVLER;sokak;482023
KASTAMONU;MERKEZ;AYVALAR - KOŞANLAR;KOŞANLAR KÜME EVLER;sokak;481175
KASTAMONU;MERKEZ;BAHADIR - ACISU;ACISU KÜME EVLER;sokak;510531
KASTAMONU;MERKEZ;BAHADIR - BAHADIR;BAHADIR KÜME EVLER;sokak;508617
KASTAMONU;MERKEZ;BAHADIR - ÇIRAKOĞLU;ÇIRAKOĞLU KÜME EVLER;sokak;510465
KASTAMONU;MERKEZ;BAHADIR - KARANDI;KARANDI KÜME EVLER;sokak;510503
KASTAMONU;MERKEZ;BAHADIR - KARINCA;KARINCA KÜME EVLER;sokak;397736
KASTAMONU;MERKEZ;BAHADIR - MAŞRABACI;MAŞRABACI KÜME EVLER;sokak;514719
KASTAMONU;MERKEZ;BALLIK - AŞAĞITEPE;AŞAĞITEPE KÜME EVLER;sokak;559926
KASTAMONU;MERKEZ;BALLIK - BALLIK;BALLIK KÜME EVLER;sokak;21401
KASTAMONU;MERKEZ;BALLIK - BEŞDEĞİRMENLER;BAŞDEĞİRMENLER KÜME EVLER;sokak;561430
KASTAMONU;MERKEZ;BALLIK - YUKARITEPE;YUKARITEPE KÜME EVLER;sokak;561777
KASTAMONU;MERKEZ;BALTACI - AKPINAR;AKPINAR KÜME EVLER;sokak;547129
KASTAMONU;MERKEZ;BALTACI - BALTACI;BALTACI KÜME EVLER;sokak;545496
KASTAMONU;MERKEZ;BALTACIKUYUCAĞI - AŞAĞI ÖREN;AŞAĞI ÖREN KÜME EVLER;sokak;530997
KASTAMONU;MERKEZ;BALTACIKUYUCAĞI - ÇUBUKÇU;ÇUBUKÇU KÜME EVLER;sokak;538233
KASTAMONU;MERKEZ;BALTACIKUYUCAĞI - KAYPI;KAYPI KÜME EVLER;sokak;541663
KASTAMONU;MERKEZ;BALTACIKUYUCAĞI - KUYUCAK;KUYUCAK KÜME EVLER;sokak;535227
KASTAMONU;MERKEZ;BALTACIKUYUCAĞI - MOLLA AHMET;MOLLA AHMET KÜME EVLER;sokak;534390
KASTAMONU;MERKEZ;BALTACIKUYUCAĞI - YANIK;YANIK KÜME EVLER;sokak;533419
KASTAMONU;MERKEZ;BAŞKÖY - BAŞKÖY;BAŞKÖY KÜME EVLER;sokak;503359
KASTAMONU;MERKEZ;BAŞÖREN - ERİCEK;ERİCEK KÜME EVLER;sokak;506173
KASTAMONU;MERKEZ;BAŞÖREN - HARMANCIK;HARMANCIK KÜME EVLER;sokak;285216
KASTAMONU;MERKEZ;BAŞÖREN - KAYA(A.KAYA);KAYA KÜME EVLER;sokak;503857
KASTAMONU;MERKEZ;BAŞÖREN - MERKEZ;MERKEZ KÜME EVLER;sokak;506155
KASTAMONU;MERKEZ;BAŞÖREN - ORTACA;ORTACA KÜME EVLER;sokak;503382
KASTAMONU;MERKEZ;BAŞÖREN - SARIOĞLU;SARIOĞLU KÜME EVLER;sokak;504508
KASTAMONU;MERKEZ;BAŞÖREN - YK.KAYA;YK.KAYA KÜME EVLER;sokak;503379
KASTAMONU;MERKEZ;BAYINDIR - AŞAĞI;AŞAĞI KÜME EVLER;sokak;551458
KASTAMONU;MERKEZ;BAYINDIR - AVCI;AVCI KÜME EVLER;sokak;562293
KASTAMONU;MERKEZ;BAYINDIR - YUKARI;YUKARI KÜME EVLER;sokak;557929
KASTAMONU;MERKEZ;BEYÇELEBİ;125.YIL ATATÜRK CADDE;cadde;375665
KASTAMONU;MERKEZ;BEYÇELEBİ;ANKARA CADDE;cadde;501027
KASTAMONU;MERKEZ;BEYÇELEBİ;ARPACIK SOKAK;sokak;191882671
KASTAMONU;MERKEZ;BEYÇELEBİ;BAŞAR SOKAK;sokak;508765
KASTAMONU;MERKEZ;BEYÇELEBİ;CUMHURİYET CADDE;cadde;91439
KASTAMONU;MERKEZ;BEYÇELEBİ;ESKİ ANKARA CADDE;cadde;354000
KASTAMONU;MERKEZ;BEYÇELEBİ;GAYİPLER SOKAK;sokak;497368
KASTAMONU;MERKEZ;BEYÇELEBİ;HACIDEDE SOKAK;sokak;285229
KASTAMONU;MERKEZ;BEYÇELEBİ;HAKKI İNAN CADDE;cadde;495413
KASTAMONU;MERKEZ;BEYÇELEBİ;HOROZOGLU SOKAK;sokak;495204
KASTAMONU;MERKEZ;BEYÇELEBİ;KONAK SOKAK;sokak;503355
KASTAMONU;MERKEZ;BEYÇELEBİ;KUMRU_1 SOKAK;sokak;501529
KASTAMONU;MERKEZ;BEYÇELEBİ;SABAH SOKAK;sokak;501886
KASTAMONU;MERKEZ;BEYÇELEBİ;SATI KAHYA SOKAK;sokak;503393
KASTAMONU;MERKEZ;BEYÇELEBİ;SOFALI SOKAK;sokak;1006691
KASTAMONU;MERKEZ;BEYÇELEBİ;ŞEYH ŞABANI VELİ CADDE;cadde;673423
KASTAMONU;MERKEZ;BEYÇELEBİ;YANKI SOKAK;sokak;508763
KASTAMONU;MERKEZ;BEYÇELEBİ;YONCA SOKAK;sokak;502447
KASTAMONU;MERKEZ;BOSTANKÖY - AŞAĞI TÜFEKÇİ;AŞAĞI TÜFEKÇİ KÜME EVLER;sokak;540008
KASTAMONU;MERKEZ;BOSTANKÖY - BOSTAN;BOSTAN KÜME EVLER;sokak;531211
KASTAMONU;MERKEZ;BOSTANKÖY - GÖZECİK;GÖZECİK KÜME EVLER;sokak;534845
KASTAMONU;MERKEZ;BOSTANKÖY - YUKARI TÜFEKÇİ;YUKARI TÜFEKÇİ KÜME EVLER;sokak;537787
KASTAMONU;MERKEZ;BOZOĞLAK - BOZOĞLAK;BOZOĞLAK KÜME EVLER;sokak;107484
KASTAMONU;MERKEZ;BOZOĞLAK - YENİ;YENİ KÜME EVLER;sokak;525461
KASTAMONU;MERKEZ;BUDAMIŞ;1 SOKAK;sokak;875293
KASTAMONU;MERKEZ;BUDAMIŞ;10 SOKAK;sokak;881172
KASTAMONU;MERKEZ;BUDAMIŞ;2 SOKAK;sokak;967879
KASTAMONU;MERKEZ;BUDAMIŞ;ANKARA YOLU KÜME EVLER;sokak;89511166
KASTAMONU;MERKEZ;BUDAMIŞ;ANKARA. CADDE;cadde;1002055
KASTAMONU;MERKEZ;BUDAMIŞ;ANKARA1 SOKAK;sokak;1001501
KASTAMONU;MERKEZ;BUDAMIŞ;AŞAĞI BUDAMIŞ 1- SOKAK;sokak;931447
KASTAMONU;MERKEZ;BUDAMIŞ;ATALIKLI SOKAK;sokak;180218991
KASTAMONU;MERKEZ;BUDAMIŞ;AYAKBASTI SOKAK;sokak;1229315
KASTAMONU;MERKEZ;BUDAMIŞ;AYIK SOKAK;sokak;1365447
KASTAMONU;MERKEZ;BUDAMIŞ;BEHCET NECATİGİL CADDE;cadde;161441151
KASTAMONU;MERKEZ;BUDAMIŞ;BİLGEHAN SOKAK;sokak;994307
KASTAMONU;MERKEZ;BUDAMIŞ;BUCAK SOKAK;sokak;628186791
KASTAMONU;MERKEZ;BUDAMIŞ;BUDAMIS 3 SOKAK;sokak;887433
KASTAMONU;MERKEZ;BUDAMIŞ;BUDAMIS SOKAK;sokak;512646
KASTAMONU;MERKEZ;BUDAMIŞ;BUDAMIŞ 5- SOKAK;sokak;933876
KASTAMONU;MERKEZ;BUDAMIŞ;BUDAMIŞ3 SOKAK;sokak;951697
KASTAMONU;MERKEZ;BUDAMIŞ;BUDAMIŞ4 SOKAK;sokak;952039
KASTAMONU;MERKEZ;BUDAMIŞ;BUDAMIŞ5 SOKAK;sokak;952041
KASTAMONU;MERKEZ;BUDAMIŞ;CANSOY SOKAK;sokak;903397481
KASTAMONU;MERKEZ;BUDAMIŞ;CENNET SOKAK;sokak;306100261
KASTAMONU;MERKEZ;BUDAMIŞ;CERİTOĞLU CADDE;cadde;133564640
KASTAMONU;MERKEZ;BUDAMIŞ;CEZBELİ SOKAK;sokak;984366
KASTAMONU;MERKEZ;BUDAMIŞ;CİMCİME SOKAK;sokak;164767071
KASTAMONU;MERKEZ;BUDAMIŞ;ÇAMLI SOKAK;sokak;587965171
KASTAMONU;MERKEZ;BUDAMIŞ;DERBENT SOKAK;sokak;945277361
KASTAMONU;MERKEZ;BUDAMIŞ;DEVRAN SOKAK;sokak;891278561
KASTAMONU;MERKEZ;BUDAMIŞ;DİLHAN SOKAK;sokak;462121301
KASTAMONU;MERKEZ;BUDAMIŞ;DOĞA KÜLTÜR KÖYÜ SOKAK;sokak;309749
KASTAMONU;MERKEZ;BUDAMIŞ;DOĞA SOKAK;sokak;822378
KASTAMONU;MERKEZ;BUDAMIŞ;FİDANCIK SOKAK;sokak;294223911
KASTAMONU;MERKEZ;BUDAMIŞ;FUNDA SOKAK;sokak;191258631
KASTAMONU;MERKEZ;BUDAMIŞ;GÜMÜŞTEKİN CADDE;cadde;702978821
KASTAMONU;MERKEZ;BUDAMIŞ;GÜNDÖNDÜ SOKAK;sokak;1218939
KASTAMONU;MERKEZ;BUDAMIŞ;HAYAL SOKAK;sokak;809461141
KASTAMONU;MERKEZ;BUDAMIŞ;HEYBELİ SOKAK;sokak;875564
KASTAMONU;MERKEZ;BUDAMIŞ;IŞILAY SOKAK;sokak;228295431
KASTAMONU;MERKEZ;BUDAMIŞ;KAÇAR SOKAK;sokak;939240
KASTAMONU;MERKEZ;BUDAMIŞ;KİRENLİ SOKAK;sokak;1112913
KASTAMONU;MERKEZ;BUDAMIŞ;KORUCUK SOKAK;sokak;974019
KASTAMONU;MERKEZ;BUDAMIŞ;KUMARI SOKAK;sokak;511213
KASTAMONU;MERKEZ;BUDAMIŞ;OĞUZ ATAY CADDE;cadde;1242451
KASTAMONU;MERKEZ;BUDAMIŞ;SEDİR SOKAK;sokak;198800791
KASTAMONU;MERKEZ;BUDAMIŞ;ŞEHİT YAŞAR BAYRAM SOKAK;sokak;889523201
KASTAMONU;MERKEZ;BUDAMIŞ;TESTTT SOKAK;sokak;642975830
KASTAMONU;MERKEZ;BUDAMIŞ;TURŞUCU SOKAK;sokak;309743
KASTAMONU;MERKEZ;BUDAMIŞ;YEŞİLKENT KÜME EVLER;sokak;83883157
KASTAMONU;MERKEZ;BUDAMIŞ;YUKARI SOKAK;sokak;522044
KASTAMONU;MERKEZ;BULACIK - BAHANA;BAHANA KÜME EVLER;sokak;486558
KASTAMONU;MERKEZ;BULACIK - BULACIK;ANKARA YOLU_1 SOKAK;sokak;1406259
KASTAMONU;MERKEZ;BULACIK - BULACIK;BULACIK KÜME EVLER;sokak;486999
KASTAMONU;MERKEZ;BULACIK - BULACIK;ÇAMKENT KÜME EVLER;sokak;499396
KASTAMONU;MERKEZ;BURHANLI - CAFERLİ;CAFERLİ KÜME EVLER;sokak;501670
KASTAMONU;MERKEZ;BURHANLI - HAMZALI;HAMZALI KÜME EVLER;sokak;512414
KASTAMONU;MERKEZ;BURHANLI - MERKEZ;MERKEZ KÜME EVLER;sokak;495849
KASTAMONU;MERKEZ;BÜKKÖY - BÜKKÖY;BÜKKÖY KÜME EVLER;sokak;528764
KASTAMONU;MERKEZ;BÜKKÖY - ŞEKER;ŞEKER KÜME EVLER;sokak;534067
KASTAMONU;MERKEZ;BÜKKÖY - ÜYÜK;ÜYÜK KÜME EVLER;sokak;525815
KASTAMONU;MERKEZ;BÜRME - BÜRME;BÜRME KÜME EVLER;sokak;325264
KASTAMONU;MERKEZ;BÜRME - GÖKBELEN;GÖKBELEN KÜME EVLER;sokak;316020
KASTAMONU;MERKEZ;BÜRME - KUZÖREN;KUZÖREN KÜME EVLER;sokak;555261
KASTAMONU;MERKEZ;CAMBAZ - AYLICA;AYLICA KÜME EVLER;sokak;515254
KASTAMONU;MERKEZ;CAMBAZ - CAMBAZ;CAMBAZ KÜME EVLER;sokak;515239
KASTAMONU;MERKEZ;CAMBAZ - DELİKOCAOĞLU;DELİKOCAOĞLU KÜME EVLER;sokak;515252
KASTAMONU;MERKEZ;CAMBAZ - TOPÇU;TOPÇU KÜME EVLER;sokak;515250
KASTAMONU;MERKEZ;CANDAROĞULLARI;11. SOKAK;sokak;932596
KASTAMONU;MERKEZ;CANDAROĞULLARI;28._1 SOKAK;sokak;656875681
KASTAMONU;MERKEZ;CANDAROĞULLARI;57.ALAY BULVAR;sokak;865215
KASTAMONU;MERKEZ;CANDAROĞULLARI;ALPARSLAN TÜRKEŞ BULVAR;sokak;679885
KASTAMONU;MERKEZ;CANDAROĞULLARI;BAL SOKAK;sokak;817322
KASTAMONU;MERKEZ;CANDAROĞULLARI;BILDIR SOKAK;sokak;1104230
KASTAMONU;MERKEZ;CANDAROĞULLARI;CIBIR SOKAK;sokak;1414129
KASTAMONU;MERKEZ;CANDAROĞULLARI;ÇALIŞKAN SOKAK;sokak;453069
KASTAMONU;MERKEZ;CANDAROĞULLARI;DURU SOKAK;sokak;1121827
KASTAMONU;MERKEZ;CANDAROĞULLARI;EMEK SOKAK;sokak;677449
KASTAMONU;MERKEZ;CANDAROĞULLARI;İLAYDIN SOKAK;sokak;1335907
KASTAMONU;MERKEZ;CANDAROĞULLARI;MİRALAY HALİT BEY CADDE;cadde;275417
KASTAMONU;MERKEZ;CANDAROĞULLARI;NAKKAŞ SOKAK;sokak;677336
KASTAMONU;MERKEZ;CANDAROĞULLARI;PİYADE SOKAK;sokak;679891
KASTAMONU;MERKEZ;CANDAROĞULLARI;SİPER SOKAK;sokak;275399
KASTAMONU;MERKEZ;CANDAROĞULLARI;ŞEHİT ABDULLAH ÇOBAN SOKAK;sokak;275405
KASTAMONU;MERKEZ;CANDAROĞULLARI;ŞEHİT CEVDET ÜSTÜNDAĞ SOKAK;sokak;677343
KASTAMONU;MERKEZ;CANDAROĞULLARI;ŞEHİT CİHAN GÜLMEZ SOKAK;sokak;677338
KASTAMONU;MERKEZ;CANDAROĞULLARI;ŞEHİT EMİN EMİROĞLU SOKAK;sokak;679887
KASTAMONU;MERKEZ;CANDAROĞULLARI;ŞEHİT ER CİHAN NAMLI SOKAK;sokak;678423
KASTAMONU;MERKEZ;CANDAROĞULLARI;ŞEHİT HAYRETTİN TAŞDELEN SOKAK;sokak;679892
KASTAMONU;MERKEZ;CANDAROĞULLARI;ŞEHİT İDRİS HINIK SOKAK;sokak;677451
KASTAMONU;MERKEZ;CANDAROĞULLARI;ŞEHİT JAND.ULAŞTIRMA ER MUTTALİP ÇEVİK SOKAK;sokak;453388
KASTAMONU;MERKEZ;CANDAROĞULLARI;ŞEHİT JANDARMA ER ADEM AKMAN SOKAK;sokak;275392
KASTAMONU;MERKEZ;CANDAROĞULLARI;ŞEHİT JANDARMA ER FARUK KARAGÖZ SOKAK;sokak;677452
KASTAMONU;MERKEZ;CANDAROĞULLARI;ŞEHİT JANDARMA ER HAKKI ÖZKAN SOKAK;sokak;275394
KASTAMONU;MERKEZ;CANDAROĞULLARI;ŞEHİT JANDARMA ER İRFAN TEKİN SOKAK;sokak;275424
KASTAMONU;MERKEZ;CANDAROĞULLARI;ŞEHİT JANDARMA ER MEHMET ASLAN SOKAK;sokak;275421
KASTAMONU;MERKEZ;CANDAROĞULLARI;ŞEHİT JANDARMA ER MURAT MOTUZ SOKAK;sokak;127598
KASTAMONU;MERKEZ;CANDAROĞULLARI;ŞEHİT JANDARMA ER NİHAT ÇENDİK SOKAK;sokak;275425
KASTAMONU;MERKEZ;CANDAROĞULLARI;ŞEHİT JANDARMA ER RAHMİ YILMAZER SOKAK;sokak;275414
KASTAMONU;MERKEZ;CANDAROĞULLARI;ŞEHİT JANDARMA ER SAİT TEKE SOKAK;sokak;275413
KASTAMONU;MERKEZ;CANDAROĞULLARI;ŞEHİT KEMAL KAHVECİ SOKAK;sokak;275404
KASTAMONU;MERKEZ;CANDAROĞULLARI;ŞEHİT KOMANDO ONBAŞI AHMET BAŞ SOKAK;sokak;453390
KASTAMONU;MERKEZ;CANDAROĞULLARI;ŞEHİT MURAT GÜLER SOKAK;sokak;679882
KASTAMONU;MERKEZ;CANDAROĞULLARI;ŞEHİT MUSTAFA GÜNEŞ SOKAK;sokak;679893
KASTAMONU;MERKEZ;CANDAROĞULLARI;ŞEHİT NECMİ YILDIRIM SOKAK;sokak;275411
KASTAMONU;MERKEZ;CANDAROĞULLARI;ŞEHİT NURETTİN SEKİ SOKAK;sokak;275420
KASTAMONU;MERKEZ;CANDAROĞULLARI;ŞEHİT PİYADE ER AYHAN KAPLAN SOKAK;sokak;275406
KASTAMONU;MERKEZ;CANDAROĞULLARI;ŞEHİT PİYADE ER CEMAL DUYGU SOKAK;sokak;275397
KASTAMONU;MERKEZ;CANDAROĞULLARI;ŞEHİT PİYADE ER ERSİN YENER SOKAK;sokak;679888
KASTAMONU;MERKEZ;CANDAROĞULLARI;ŞEHİT PİYADE ER İRFAN İDRİSOĞLU SOKAK;sokak;453075
KASTAMONU;MERKEZ;CANDAROĞULLARI;ŞEHİT PİYADE ER MAHİR DEMİR SOKAK;sokak;275407
KASTAMONU;MERKEZ;CANDAROĞULLARI;ŞEHİT PİYADE ER ORHAN CENGİZ KARAÇAM SOKAK;sokak;679894
KASTAMONU;MERKEZ;CANDAROĞULLARI;ŞEHİT PİYADE ER YÜKSEL YILMAZ SOKAK;sokak;679896
KASTAMONU;MERKEZ;CANDAROĞULLARI;ŞEHİT PİYADE JANDARMA ER SELAHATTİN TOKAT SOKAK;sokak;677448
KASTAMONU;MERKEZ;CANDAROĞULLARI;ŞEHİT PİYADE KOMANDO ER MUHARREM DEMİRTAŞ SOKAK;sokak;677905
KASTAMONU;MERKEZ;CANDAROĞULLARI;ŞEHİT RAMAZAN AKKAYA SOKAK;sokak;677341
KASTAMONU;MERKEZ;CANDAROĞULLARI;ŞEHİT SABRİ ÇADIRCI SOKAK;sokak;677344
KASTAMONU;MERKEZ;CANDAROĞULLARI;ŞEHİT SATI YANAŞOĞLU SOKAK;sokak;679880
KASTAMONU;MERKEZ;CANDAROĞULLARI;ŞEHİT SERKAN MEŞE SOKAK;sokak;679884
KASTAMONU;MERKEZ;CANDAROĞULLARI;ŞEHİT ŞEVKİ SAKAOĞLU SOKAK;sokak;677342
KASTAMONU;MERKEZ;CANDAROĞULLARI;ŞEHİT TANJU TURHAN SOKAK;sokak;453070
KASTAMONU;MERKEZ;CANDAROĞULLARI;ŞEHİT UĞUR BOZACI SOKAK;sokak;453072
KASTAMONU;MERKEZ;CANDAROĞULLARI;ŞEHİT ZEKİ BAYRAK SOKAK;sokak;677450
KASTAMONU;MERKEZ;CANDAROĞULLARI;ŞEHİT ZEKİ ÖZ SOKAK;sokak;453071
KASTAMONU;MERKEZ;CANDAROĞULLARI;ŞERİTÇİLER SOKAK;sokak;677337
KASTAMONU;MERKEZ;CANDAROĞULLARI;ŞUHEDA SOKAK;sokak;275409
KASTAMONU;MERKEZ;CANDAROĞULLARI;TOPCU SOKAK;sokak;275402
KASTAMONU;MERKEZ;CANDAROĞULLARI;TOPTANCILAR SOKAK;sokak;677335
KASTAMONU;MERKEZ;CANDAROĞULLARI;ULAŞ SOKAK;sokak;275419
KASTAMONU;MERKEZ;CANDAROĞULLARI;ULUBAT SOKAK;sokak;275415
KASTAMONU;MERKEZ;CANDAROĞULLARI;YAYLAGÜL SOKAK;sokak;841244
KASTAMONU;MERKEZ;CANDAROĞULLARI;YEŞİLTEPE SOKAK;sokak;817608
KASTAMONU;MERKEZ;CANDAROĞULLARI;YILDIZTEPE SOKAK;sokak;810493
KASTAMONU;MERKEZ;CEBECİ - AKCA;AKCA KÜME EVLER;sokak;518231
KASTAMONU;MERKEZ;CEBECİ - AŞAĞI;AŞAĞI KÜME EVLER;sokak;517671
KASTAMONU;MERKEZ;CEBECİ - CEBECİ;CEBECİ KÜME EVLER;sokak;518734
KASTAMONU;MERKEZ;CEBECİ - ŞABAN;ŞABAN KÜME EVLER;sokak;527296
KASTAMONU;MERKEZ;CEBRAİL;10.ARALIK CADDE;cadde;120256
KASTAMONU;MERKEZ;CEBRAİL;125.YIL ATATÜRK CADDE;cadde;681743
KASTAMONU;MERKEZ;CEBRAİL;ALBAY OĞUZ YALÇINKAYA CADDE;cadde;519515
KASTAMONU;MERKEZ;CEBRAİL;BARUTÇU SOKAK;sokak;524529
KASTAMONU;MERKEZ;CEBRAİL;BAY SOKAK;sokak;520826
KASTAMONU;MERKEZ;CEBRAİL;CORUK SOKAK;sokak;520833
KASTAMONU;MERKEZ;CEBRAİL;ÇENGELLER CADDE;cadde;518121
KASTAMONU;MERKEZ;CEBRAİL;ÇUHADAR SOKAK;sokak;520854
KASTAMONU;MERKEZ;CEBRAİL;DERVİŞ SOKAK;sokak;216000
KASTAMONU;MERKEZ;CEBRAİL;GÖBELEK SOKAK;sokak;118193
KASTAMONU;MERKEZ;CEBRAİL;GÜLAL SOKAK;sokak;518124
KASTAMONU;MERKEZ;CEBRAİL;GÜLBAHÇESİ SOKAK;sokak;518120
KASTAMONU;MERKEZ;CEBRAİL;GÜLDAMLASI SOKAK;sokak;518127
KASTAMONU;MERKEZ;CEBRAİL;GÜZEL SOKAK;sokak;456888
KASTAMONU;MERKEZ;CEBRAİL;HÜKÜMET CADDE;cadde;520836
KASTAMONU;MERKEZ;CEBRAİL;İHSAN OZANOĞLU SOKAK;sokak;515682
KASTAMONU;MERKEZ;CEBRAİL;İZBE SOKAK;sokak;118192
KASTAMONU;MERKEZ;CEBRAİL;KIRKÇEŞME CADDE;cadde;260609
KASTAMONU;MERKEZ;CEBRAİL;KIRKÇEŞME_1 SOKAK;sokak;260610
KASTAMONU;MERKEZ;CEBRAİL;KORKUT SOKAK;sokak;455813
KASTAMONU;MERKEZ;CEBRAİL;KÖKNAR SOKAK;sokak;524531
KASTAMONU;MERKEZ;CEBRAİL;KULELİ SOKAK;sokak;520839
KASTAMONU;MERKEZ;CEBRAİL;KUYULU SOKAK;sokak;520921
KASTAMONU;MERKEZ;CEBRAİL;PLEVNE CADDE;cadde;260611
KASTAMONU;MERKEZ;CEBRAİL;SARAY CAMİİ SOKAK;sokak;520835
KASTAMONU;MERKEZ;CEBRAİL;SARAY SOKAK;sokak;91983
KASTAMONU;MERKEZ;CEBRAİL;SELÇUK SOKAK;sokak;528933
KASTAMONU;MERKEZ;CEBRAİL;SİMSAR SOKAK;sokak;520814
KASTAMONU;MERKEZ;CEBRAİL;ŞEHİT CEMAL TEPELİ SOKAK;sokak;515680
KASTAMONU;MERKEZ;CEBRAİL;ŞEHİT YAVUZ ÇELİKOĞLU SOKAK;sokak;520820
KASTAMONU;MERKEZ;CEBRAİL;ŞEHİTLER SOKAK;sokak;535348
KASTAMONU;MERKEZ;CEBRAİL;TABAKOĞLU SOKAK;sokak;518126
KASTAMONU;MERKEZ;CEBRAİL;UZUN SOKAK;sokak;304021
KASTAMONU;MERKEZ;CEBRAİL;YARBAY SOKAK;sokak;118194
KASTAMONU;MERKEZ;CEBRAİL;YILDIRIM SOKAK;sokak;520824
KASTAMONU;MERKEZ;CİVCİLER - CİVCİVLER;CİVCİVLER KÜME EVLER;sokak;534826
KASTAMONU;MERKEZ;CİVCİLER - EMİROĞLU;EMİROĞLU KÜME EVLER;sokak;531707
KASTAMONU;MERKEZ;CİVCİLER - İMAM;İMAM KÜME EVLER;sokak;531007
KASTAMONU;MERKEZ;CİVCİLER - KULOĞLU;KULOĞLU KÜME EVLER;sokak;540434
KASTAMONU;MERKEZ;ÇAKILLI - ÇAKILLI;ÇAKILLI KÜME EVLER;sokak;551905
KASTAMONU;MERKEZ;ÇAKILLI - ÇAL;ÇAL KÜME EVLER;sokak;557057
KASTAMONU;MERKEZ;ÇAKILLI - DAMKAÇ;DAMKAÇ KÜME EVLER;sokak;561695
KASTAMONU;MERKEZ;ÇAKILLI - HACIOSMAN;HACIOSMAN KÜME EVLER;sokak;557863
KASTAMONU;MERKEZ;ÇAKILLI - KEDİCİK;KEDİCİK KÜME EVLER;sokak;556964
KASTAMONU;MERKEZ;ÇATALÇAM - KARANDI;KARANDI KÜME EVLER;sokak;497596
KASTAMONU;MERKEZ;ÇATALÇAM - KURUOĞLU;KURUOĞLU KÜME EVLER;sokak;485700
KASTAMONU;MERKEZ;ÇATALÇAM - ŞEKERCİ;ŞEKERCİ KÜME EVLER;sokak;496657
KASTAMONU;MERKEZ;ÇATALÇAM - TAHILLI;TAHILLI KÜME EVLER;sokak;506445
KASTAMONU;MERKEZ;ÇATALÇAM - ÜLYAN;ÜLYAN KÜME EVLER;sokak;492774
KASTAMONU;MERKEZ;ÇATÖREN - ALIÇ;ALIÇ KÜME EVLER;sokak;515233
KASTAMONU;MERKEZ;ÇATÖREN - BOSTAN;BOSTAN KÜME EVLER;sokak;521844
KASTAMONU;MERKEZ;ÇATÖREN - ÇATÖREN;ÇATÖREN KÜME EVLER;sokak;528245
KASTAMONU;MERKEZ;ÇATÖREN - GÜLMEZLER;GÜLMEZLER KÜME EVLER;sokak;528277
KASTAMONU;MERKEZ;ÇATÖREN - İPSİZ;İPSİZ KÜME EVLER;sokak;521855
KASTAMONU;MERKEZ;ÇATÖREN - KARAMUK;KARAMUK KÜME EVLER;sokak;528274
KASTAMONU;MERKEZ;ÇERÇİKÖY - ÇERÇİ;ÇERÇİ KÜME EVLER;sokak;514267
KASTAMONU;MERKEZ;ÇERÇİKÖY - DERE KÖY;DERE KÖY KÜME EVLER;sokak;514357
KASTAMONU;MERKEZ;ÇERÇİKÖY - KADIN SARAYI;KADIN SARAYI KÜME EVLER;sokak;525555
KASTAMONU;MERKEZ;ÇEVRELİ - ALHANLI;ALHANLI KÜME EVLER;sokak;526757
KASTAMONU;MERKEZ;ÇEVRELİ - ÇEVRELİ;ÇEVRELİ KÜME EVLER;sokak;522441
KASTAMONU;MERKEZ;ÇIBANKÖY - ÇIBAN;ÇIBAN KÜME EVLER;sokak;512237
KASTAMONU;MERKEZ;ÇIBANKÖY - ÇİÇEK;ÇİÇEK KÜME EVLER;sokak;502219
KASTAMONU;MERKEZ;ÇIBANKÖY - IŞIKLI;IŞIKLI KÜME EVLER;sokak;502774
KASTAMONU;MERKEZ;ÇİĞİL - BOYABATLI;BOYABATLI KÜME EVLER;sokak;506532
KASTAMONU;MERKEZ;ÇİĞİL - DEĞİRMENÖNÜ;DEĞİRMENÖNÜ KÜME EVLER;sokak;505557
KASTAMONU;MERKEZ;ÇİĞİL - MERKEZ;MERKEZ KÜME EVLER;sokak;507271
KASTAMONU;MERKEZ;ÇORUMLU - MERKEZ;MERKEZ KÜME EVLER;sokak;355903
KASTAMONU;MERKEZ;ÇORUMLU - YEMİŞÇİ;YEMİŞÇİ KÜME EVLER;sokak;505388
KASTAMONU;MERKEZ;DAMLAÇAY - CİVELEK;CİVELEK KÜME EVLER;sokak;501591
KASTAMONU;MERKEZ;DAMLAÇAY - CİVELEK CAMI YANI;CİVELEK CAMI YANI KÜME EVLER;sokak;501249
KASTAMONU;MERKEZ;DAMLAÇAY - MERKEZ;MERKEZ KÜME EVLER;sokak;493741
KASTAMONU;MERKEZ;DAMLAÇAY - TİMZAN;TİMZAN KÜME EVLER;sokak;508783
KASTAMONU;MERKEZ;DARIBÜKÜ - AYVAGÜLLE;AYVAGÜLLE KÜME EVLER;sokak;530943
KASTAMONU;MERKEZ;DARIBÜKÜ - CEBECİ;CEBECİ KÜME EVLER;sokak;531753
KASTAMONU;MERKEZ;DARIBÜKÜ - DARIBÜKÜ;DARIBÜKÜ KÜME EVLER;sokak;530422
KASTAMONU;MERKEZ;DARIBÜKÜ - GÖNCÜLER;GÖNCÜLER KÜME EVLER;sokak;529578
KASTAMONU;MERKEZ;DARIBÜKÜ - HASANPEHLİVAN;HASPEHLİVAN KÜME EVLER;sokak;534383
KASTAMONU;MERKEZ;DARIBÜKÜ - ZALİOĞLU;ZALİOĞLU KÜME EVLER;sokak;536848
KASTAMONU;MERKEZ;DAYILAR - DAYILAR;DAYILAR KÜME EVLER;sokak;562310
KASTAMONU;MERKEZ;DAYILAR - KAMBER;KAMBER KÜME EVLER;sokak;339432
KASTAMONU;MERKEZ;DEMİRCİ - DEMİRCİ;DEMİRCİ KÜME EVLER;sokak;543002
KASTAMONU;MERKEZ;DEMİRCİ - TEPE;TEPE KÜME EVLER;sokak;556058
KASTAMONU;MERKEZ;DEREBERÇİN - AŞAĞI;AŞAĞI KÜME EVLER;sokak;516930
KASTAMONU;MERKEZ;DEREBERÇİN - SUSUZ;SUSUZ KÜME EVLER;sokak;517622
KASTAMONU;MERKEZ;DEREBERÇİN - YUKARI;YUKARI KÜME EVLER;sokak;522549
KASTAMONU;MERKEZ;DEREKÖY - DERE;DERE KÜME EVLER;sokak;546525
KASTAMONU;MERKEZ;DOKUZKAT - MERKEZ;MERKEZ KÜME EVLER;sokak;514156
KASTAMONU;MERKEZ;DOKUZKAT - ÖREN;ÖREN KÜME EVLER;sokak;938092
KASTAMONU;MERKEZ;DURSUNLAR - DERE;DERE KÜME EVLER;sokak;503041
KASTAMONU;MERKEZ;DURSUNLAR - ESENLER;ESENLER KÜME EVLER;sokak;506149
KASTAMONU;MERKEZ;DURSUNLAR - KABALI;KABALI KÜME EVLER;sokak;513800
KASTAMONU;MERKEZ;DURSUNLAR - MERKEZ;MERKEZ KÜME EVLER;sokak;514581
KASTAMONU;MERKEZ;DURSUNLAR - ORTAKÇI;ORTAKÇI KÜME EVLER;sokak;503478
KASTAMONU;MERKEZ;DURSUNLAR - YAĞCI;YAĞCI KÜME EVLER;sokak;506143
KASTAMONU;MERKEZ;DURUÇAY - MERKEZ;MERKEZ KÜME EVLER;sokak;510043
KASTAMONU;MERKEZ;DURUÇAY - TASAK;TASAK KÜME EVLER;sokak;521045
KASTAMONU;MERKEZ;ECEOĞLU - ECEOĞLU;ECEOĞLU KÜME EVLER;sokak;483028
KASTAMONU;MERKEZ;ECEOĞLU - HACI;HACI KÜME EVLER;sokak;486813
KASTAMONU;MERKEZ;ECEOĞLU - TAŞANLAR;TAŞANLAR KÜME EVLER;sokak;493021
KASTAMONU;MERKEZ;ELMAYAKASI - AŞAĞI ELMAYAKASI;AŞAĞI ELMAYAKASI KÜME EVLER;sokak;484892
KASTAMONU;MERKEZ;ELMAYAKASI - ÇAKIROĞLU;ÇAKIROĞLU KÜME EVLER;sokak;484290
KASTAMONU;MERKEZ;ELMAYAKASI - DELİEMİR;DELİEMİR KÜME EVLER;sokak;488465
KASTAMONU;MERKEZ;ELMAYAKASI - DURAK;DURAK KÜME EVLER;sokak;483520
KASTAMONU;MERKEZ;ELMAYAKASI - HACIMAHMUTOĞLU;HACIMAHMUTOĞLU KÜME EVLER;sokak;481703
KASTAMONU;MERKEZ;ELMAYAKASI - KANTAR;KANTAR KÜME EVLER;sokak;481667
KASTAMONU;MERKEZ;ELMAYAKASI - SAYKAL;SAYKAL KÜME EVLER;sokak;481740
KASTAMONU;MERKEZ;EMİRKÖY - BÜRTÜK;BÜRTÜK KÜME EVLER;sokak;577992
KASTAMONU;MERKEZ;EMİRKÖY - EMİR;EMİR KÜME EVLER;sokak;578781
KASTAMONU;MERKEZ;EMİRKÖY - GÖKÇETAŞ;GÖKÇETAŞ KÜME EVLER;sokak;581857
KASTAMONU;MERKEZ;EMİRKÖY - KABUL;KABUL KÜME EVLER;sokak;573423
KASTAMONU;MERKEZ;EMİRLİ - EMİRLİ;EMİRLİ KÜME EVLER;sokak;532694
KASTAMONU;MERKEZ;EMİRLİ - EMİRLİ;KÖY BAĞLANTI YOLU 1 SOKAK;sokak;270048371
KASTAMONU;MERKEZ;EMİRLİ - YAZI;YAZI KÜME EVLER;sokak;531489
KASTAMONU;MERKEZ;ESENLER - ESENLER;ESENLER KÜME EVLER;sokak;518582
KASTAMONU;MERKEZ;ESENLER - EYLENCE;EYLENCE KÜME EVLER;sokak;522147
KASTAMONU;MERKEZ;ESENLER - KAYABAŞI;KAYABAŞI KÜME EVLER;sokak;528097
KASTAMONU;MERKEZ;ESENLER - KURT;KURT KÜME EVLER;sokak;516835
KASTAMONU;MERKEZ;ESENLER - VEZİR;VEZİR KÜME EVLER;sokak;522524
KASTAMONU;MERKEZ;ESENLİ - ALAMASLI;ALAMASLI KÜME EVLER;sokak;502174
KASTAMONU;MERKEZ;ESENLİ - ESENLİ;ESENLİ KÜME EVLER;sokak;504510
KASTAMONU;MERKEZ;ESENLİ - KADİROĞLU;KADİROĞLU KÜME EVLER;sokak;507193
KASTAMONU;MERKEZ;ESENLİ - KÜTÜKOĞLU;KÜTÜKOĞLU KÜME EVLER;sokak;356816
KASTAMONU;MERKEZ;ESENLİ - SARIOĞLU;SARIOĞLU KÜME EVLER;sokak;501877
KASTAMONU;MERKEZ;ESENTEPE;ARK SOKAK;sokak;536480
KASTAMONU;MERKEZ;ESENTEPE;ARMAĞAN SOKAK;sokak;546387
KASTAMONU;MERKEZ;ESENTEPE;ARSLAN AĞZI SOKAK;sokak;537479
KASTAMONU;MERKEZ;ESENTEPE;ARSLAN SOKAK;sokak;545477
KASTAMONU;MERKEZ;ESENTEPE;ARSLANBEY SOKAK;sokak;465345
KASTAMONU;MERKEZ;ESENTEPE;ASYA SOKAK;sokak;537478
KASTAMONU;MERKEZ;ESENTEPE;AŞAN SOKAK;sokak;545440
KASTAMONU;MERKEZ;ESENTEPE;AŞİYAN SOKAK;sokak;537476
KASTAMONU;MERKEZ;ESENTEPE;AŞKIN SOKAK;sokak;82503
KASTAMONU;MERKEZ;ESENTEPE;ATAK SOKAK;sokak;451516
KASTAMONU;MERKEZ;ESENTEPE;ATLAS SOKAK;sokak;545462
KASTAMONU;MERKEZ;ESENTEPE;ATTAR SOKAK;sokak;542546
KASTAMONU;MERKEZ;ESENTEPE;BAHAR SOKAK;sokak;279127
KASTAMONU;MERKEZ;ESENTEPE;BAŞPINAR SOKAK;sokak;934825
KASTAMONU;MERKEZ;ESENTEPE;BURÇAK SOKAK;sokak;309603
KASTAMONU;MERKEZ;ESENTEPE;ÇAĞDAŞ SOKAK;sokak;260615
KASTAMONU;MERKEZ;ESENTEPE;ÇAĞLA SOKAK;sokak;82505
KASTAMONU;MERKEZ;ESENTEPE;ÇAĞLAR SOKAK;sokak;260613
KASTAMONU;MERKEZ;ESENTEPE;ÇAĞRI SOKAK;sokak;542547
KASTAMONU;MERKEZ;ESENTEPE;ÇAKILLI SOKAK;sokak;537660
KASTAMONU;MERKEZ;ESENTEPE;ÇAKMAKLI SOKAK;sokak;261845
KASTAMONU;MERKEZ;ESENTEPE;ÇALI SOKAK;sokak;537982
KASTAMONU;MERKEZ;ESENTEPE;ÇALIM SOKAK;sokak;279126
KASTAMONU;MERKEZ;ESENTEPE;ÇAMKORU SOKAK;sokak;451517
KASTAMONU;MERKEZ;ESENTEPE;ÇAMLICA SOKAK;sokak;451515
KASTAMONU;MERKEZ;ESENTEPE;ÇAPRAZ SOKAK;sokak;537983
KASTAMONU;MERKEZ;ESENTEPE;ÇATALKAYA SOKAK;sokak;451512
KASTAMONU;MERKEZ;ESENTEPE;DESEN SOKAK;sokak;1063365
KASTAMONU;MERKEZ;ESENTEPE;DOLU TESTİ SOKAK;sokak;332718
KASTAMONU;MERKEZ;ESENTEPE;DUMRUL SOKAK;sokak;865589
KASTAMONU;MERKEZ;ESENTEPE;ESENTEPE 1 SOKAK;sokak;932131
KASTAMONU;MERKEZ;ESENTEPE;ESENTEPE 3 SOKAK;sokak;932485
KASTAMONU;MERKEZ;ESENTEPE;ESENTEPE CADDE;cadde;309608
KASTAMONU;MERKEZ;ESENTEPE;EYLÜL SOKAK;sokak;807918
KASTAMONU;MERKEZ;ESENTEPE;HURMA SOKAK;sokak;439777
KASTAMONU;MERKEZ;ESENTEPE;KARAÜZÜM SOKAK;sokak;309606
KASTAMONU;MERKEZ;ESENTEPE;KUŞKONMAZ SOKAK;sokak;537475
KASTAMONU;MERKEZ;ESENTEPE;MEHTAP SOKAK;sokak;824184
KASTAMONU;MERKEZ;ESENTEPE;ÖZLEM SOKAK;sokak;537481
KASTAMONU;MERKEZ;ESENTEPE;SAYGI SOKAK;sokak;537664
KASTAMONU;MERKEZ;ESENTEPE;SEBİL SOKAK;sokak;260612
KASTAMONU;MERKEZ;ESENTEPE;ŞEHİT ŞERİFE BACI CADDE;cadde;548859
KASTAMONU;MERKEZ;ESENTEPE;ŞEREFLİ SOKAK;sokak;537482
KASTAMONU;MERKEZ;ESENTEPE;UZUN SELVİ SOKAK;sokak;82547
KASTAMONU;MERKEZ;ESENTEPE;YILDIRIM BEYAZIT CADDE;cadde;280281
KASTAMONU;MERKEZ;ESENTEPE;ZİNCİRLİ SOKAK;sokak;451513
KASTAMONU;MERKEZ;EŞEN - EŞEN;EŞEN KÜME EVLER;sokak;555265
KASTAMONU;MERKEZ;ETYEMEZ - DAVUTÇA;DAVUTÇA KÜME EVLER;sokak;595661
KASTAMONU;MERKEZ;ETYEMEZ - ETYEMEZ;ETYEMEZ KÜME EVLER;sokak;89519
KASTAMONU;MERKEZ;ETYEMEZ - YENİ;YENİ KÜME EVLER;sokak;30509
KASTAMONU;MERKEZ;EVCİLER - AŞIKKARİP;AŞIKKARİP KÜME EVLER;sokak;488303
KASTAMONU;MERKEZ;EVCİLER - GÖKTEPE;GÖKTEPE KÜME EVLER;sokak;491961
KASTAMONU;MERKEZ;EVCİLER - MERKEZ;MERKEZ KÜME EVLER;sokak;488312
KASTAMONU;MERKEZ;EYMİR - BODUR;BODUR KÜME EVLER;sokak;526406
KASTAMONU;MERKEZ;EYMİR - EYMİR;EYMİR KÜME EVLER;sokak;398135
KASTAMONU;MERKEZ;EYMİR - KAYA;KAYA KÜME EVLER;sokak;525597
KASTAMONU;MERKEZ;EYMİR - YAZI;YAZI KÜME EVLER;sokak;528241
KASTAMONU;MERKEZ;GELİNÖREN - A.TORUMLAR;A.TORUMLAR KÜME EVLER;sokak;499035
KASTAMONU;MERKEZ;GELİNÖREN - GELİNÖREN;GELİNÖREN KÜME EVLER;sokak;487254
KASTAMONU;MERKEZ;GELİNÖREN - KILIÇLI;KILIÇLI KÜME EVLER;sokak;493330
KASTAMONU;MERKEZ;GELİNÖREN - SAĞIRLAR;SAĞIRLAR KÜME EVLER;sokak;486515
KASTAMONU;MERKEZ;GELİNÖREN - Y.TORUMLAR;Y.TORUMLAR KÜME EVLER;sokak;488691
KASTAMONU;MERKEZ;GEYİKLİ - GEYİKLİ;GEYİKLİ KÜME EVLER;sokak;480083
KASTAMONU;MERKEZ;GEYİKLİ - KADIOĞLU;KADIOĞLU KÜME EVLER;sokak;492816
KASTAMONU;MERKEZ;GEYİKLİ - TELLİOĞLU;TELLİOĞLU KÜME EVLER;sokak;490107
KASTAMONU;MERKEZ;GİRDALLI - GİRDALLI;GİRDALLI KÜME EVLER;sokak;563088
KASTAMONU;MERKEZ;GİRDALLI - İMAM;İMAM KÜME EVLER;sokak;557874
KASTAMONU;MERKEZ;GİRDALLI - İNCE;İNCE KÜME EVLER;sokak;551933
KASTAMONU;MERKEZ;GİRDALLI - KEŞKEK;KEŞKEK KÜME EVLER;sokak;555890
KASTAMONU;MERKEZ;GİRDALLI - ŞIHLI;ŞIHLI KÜME EVLER;sokak;563095
KASTAMONU;MERKEZ;GÖCEN - GÖCEN;GÖCEN KÜME EVLER;sokak;488163
KASTAMONU;MERKEZ;GÖDEL - ABASIYANIK;ABASIYANIK KÜME EVLER;sokak;517239
KASTAMONU;MERKEZ;GÖDEL - HACIOĞLU;HACIOĞLU KÜME EVLER;sokak;519537
KASTAMONU;MERKEZ;GÖDEL - HACIÖMER;HACIÖMER KÜME EVLER;sokak;517249
KASTAMONU;MERKEZ;GÖDEL - KARAYILAN;KARAYILAN KÜME EVLER;sokak;303525
KASTAMONU;MERKEZ;GÖDEL - KÜRT;KÜRT KÜME EVLER;sokak;303506
KASTAMONU;MERKEZ;GÖDEL - MUSA;MUSA KÜME EVLER;sokak;517265
KASTAMONU;MERKEZ;GÖDEL - MUSLA;MUSLA KÜME EVLER;sokak;518978
KASTAMONU;MERKEZ;GÖDEL - SİRKELİ;SİRKELİ KÜME EVLER;sokak;303527
KASTAMONU;MERKEZ;GÖKÇEKENT - GÖKÇEKENT;GÖKÇEKENT KÜME EVLER;sokak;493015
KASTAMONU;MERKEZ;GÖKÇEKENT - VARSAK;VARSAT KÜME EVLER;sokak;482041
KASTAMONU;MERKEZ;GÖKÇEKENT - YANIK;YANIK KÜME EVLER;sokak;482024
KASTAMONU;MERKEZ;GÖKÇUKUR - ÇIPINI;ÇIPINI KÜME EVLER;sokak;501413
KASTAMONU;MERKEZ;GÖKÇUKUR - KİREÇ;KİREÇ KÜME EVLER;sokak;503847
KASTAMONU;MERKEZ;GÖKÇUKUR - MERKEZ;MERKEZ KÜME EVLER;sokak;262277
KASTAMONU;MERKEZ;GÖLKÖY - GÖLKÖY;GÖLKÖY KÜME EVLER;sokak;524939
KASTAMONU;MERKEZ;GÖMEÇ - GÖMEÇ;GÖMEÇ KÜME EVLER;sokak;525738
KASTAMONU;MERKEZ;GÖMMECE - GEVREKLİ;GEVREKLİ KÜME EVLER;sokak;500913
KASTAMONU;MERKEZ;GÖMMECE - İBİŞLER;İBİŞLER KÜME EVLER;sokak;503475
KASTAMONU;MERKEZ;GÖMMECE - MERKEZ;MERKEZ KÜME EVLER;sokak;512413
KASTAMONU;MERKEZ;GÜLEF - ADEMELİK;ADEMELİK KÜME EVLER;sokak;510167
KASTAMONU;MERKEZ;GÜLEF - GÖNCÜ;GÖNCÜ KÜME EVLER;sokak;514246
KASTAMONU;MERKEZ;GÜLEF - MERKEZ;MERKEZ KÜME EVLER;sokak;505811
KASTAMONU;MERKEZ;HACIBEY - HACIBEY;HACIBEY KÜME EVLER;sokak;612710
KASTAMONU;MERKEZ;HACIBEY - KARABIYIK;GÜLBOSTAN SOKAK;sokak;614181330
KASTAMONU;MERKEZ;HACIBEY - KARABIYIK;KARABIYIK KÜME EVLER;sokak;618722
KASTAMONU;MERKEZ;HACIBEY - KİREMİT FABRİKASI;KİREMİT FABRİKASI KÜME EVLER;sokak;612127
KASTAMONU;MERKEZ;HACIİLYAS - HACIELLEZ;HACIELLEZ KÜME EVLER;sokak;503833
KASTAMONU;MERKEZ;HACIİLYAS - MERKEZ;MERKEZ KÜME EVLER;sokak;498353
KASTAMONU;MERKEZ;HACIKÖY - GÜRCÜOĞLU;GÜRCÜOĞLU KÜME EVLER;sokak;454056
KASTAMONU;MERKEZ;HACIKÖY - HACI;HACI KÜME EVLER;sokak;569937
KASTAMONU;MERKEZ;HACIKÖY - SAKSAĞANLI;SAKSAĞANLI KÜME EVLER;sokak;574788
KASTAMONU;MERKEZ;HACIMUHARREM - ÇAYIRBAŞI;ÇAYIRBAŞI KÜME EVLER;sokak;506223
KASTAMONU;MERKEZ;HACIMUHARREM - GERİŞ;GERİŞ KÜME EVLER;sokak;39102
KASTAMONU;MERKEZ;HACIMUHARREM - KOZLU;KOZLU KÜME EVLER;sokak;502635
KASTAMONU;MERKEZ;HACIMUHARREM - MEHRAN;MEHRAN KÜME EVLER;sokak;507611
KASTAMONU;MERKEZ;HACIMUHARREM - MERKEZ;MERKEZ KÜME EVLER;sokak;501773
KASTAMONU;MERKEZ;HACIMUHARREM - ZONGALAR;ZONGALAR KÜME EVLER;sokak;507617
KASTAMONU;MERKEZ;HACIŞABAN - KURT;KURT KÜME EVLER;sokak;503772
KASTAMONU;MERKEZ;HACIŞABAN - MERKEZ;MERKEZ KÜME EVLER;sokak;504503
KASTAMONU;MERKEZ;HACIŞABAN - ORTA;ORTA KÜME EVLER;sokak;500891
KASTAMONU;MERKEZ;HACIYUSUF - AŞAĞI;AŞAĞI KÜME EVLER;sokak;561531
KASTAMONU;MERKEZ;HACIYUSUF - DELİAHMET;DELİ AHMET KÜME EVLER;sokak;564994
KASTAMONU;MERKEZ;HACIYUSUF - HACIYUSUF;HACIYUSUF KÜME EVLER;sokak;557230
KASTAMONU;MERKEZ;HALAÇLI - HALAÇLI;HALAÇLI KÜME EVLER;sokak;121920
KASTAMONU;MERKEZ;HALAÇLI - KIZBONCUK;KIZBONCUK KÜME EVLER;sokak;168767
KASTAMONU;MERKEZ;HALAÇLI - TEKKE;TEKKE KÜME EVLER;sokak;168764
KASTAMONU;MERKEZ;HALİFE - HALİFE;HALİFE KÜME EVLER;sokak;559852
KASTAMONU;MERKEZ;HALİFE - HALİFE;HALİFE. KÜME EVLER;sokak;974301440
KASTAMONU;MERKEZ;HALİFE - HALİFEOSB;10. SOKAK;sokak;826797
KASTAMONU;MERKEZ;HALİFE - HALİFEOSB;2.CADDE SOKAK;cadde;826781
KASTAMONU;MERKEZ;HALİFE - HALİFEOSB;3 SOKAK;sokak;826784
KASTAMONU;MERKEZ;HALİFE - HALİFEOSB;4. SOKAK;sokak;826788
KASTAMONU;MERKEZ;HALİFE - HALİFEOSB;5. SOKAK;sokak;826789
KASTAMONU;MERKEZ;HALİFE - HALİFEOSB;7. SOKAK;sokak;826791
KASTAMONU;MERKEZ;HALİFE - HALİFEOSB;8. SOKAK;sokak;826792
KASTAMONU;MERKEZ;HALİFE - HALİFEOSB;9. SOKAK;sokak;826796
KASTAMONU;MERKEZ;HALİFE - HALİFEOSB;HALİME ÇAVUŞ SOKAK;sokak;867949
KASTAMONU;MERKEZ;HALİFEKUYUCAĞI - AŞAĞI;AŞAĞI KÜME EVLER;sokak;515141
KASTAMONU;MERKEZ;HALİFEKUYUCAĞI - ORTA;ORTA KÜME EVLER;sokak;517489
KASTAMONU;MERKEZ;HALİFEKUYUCAĞI - YUKARI;YUKARI KÜME EVLER;sokak;525474
KASTAMONU;MERKEZ;HAMİTKÖY - AŞAĞI;AŞAĞI KÜME EVLER;sokak;108357
KASTAMONU;MERKEZ;HAMİTKÖY - HAMİT;HAMİT KÜME EVLER;sokak;525549
KASTAMONU;MERKEZ;HAMİTKÖY - SARMAŞOĞLU;SARMAŞOĞLU KÜME EVLER;sokak;509411
KASTAMONU;MERKEZ;HASKÖY - HAS;HAS KÜME EVLER;sokak;529551
KASTAMONU;MERKEZ;HATİPKÖY - MERKEZ HATİP;MERKEZ HATİP KÜME EVLER;sokak;531761
KASTAMONU;MERKEZ;HATİPLİ - DEMİRCİ;DEMİRCİ KÜME EVLER;sokak;510196
KASTAMONU;MERKEZ;HATİPLİ - HATİPLİ;HATİPLİ KÜME EVLER;sokak;506257
KASTAMONU;MERKEZ;HATİPLİ - HAYLAMAZ;HAYLAMAZ KÜME EVLER;sokak;512874
KASTAMONU;MERKEZ;HATİPLİ - KEL;KEL KÜME EVLER;sokak;512887
KASTAMONU;MERKEZ;HATİPLİ - TIKIŞ;TIKIŞ KÜME EVLER;sokak;513158
KASTAMONU;MERKEZ;HATİPOĞLU - BALCI;BALCI KÜME EVLER;sokak;506204
KASTAMONU;MERKEZ;HATİPOĞLU - ÇAVUŞOĞLU;ÇAVUŞOĞLU KÜME EVLER;sokak;261827
KASTAMONU;MERKEZ;HATİPOĞLU - DEMİRCİ;DEMİRCİ KÜME EVLER;sokak;501763
KASTAMONU;MERKEZ;HATİPOĞLU - DEMİRKAPI;DEMİRKAPI KÜME EVLER;sokak;503526
KASTAMONU;MERKEZ;HATİPOĞLU - HATİPOĞLU;HATİPOĞLU KÜME EVLER;sokak;512428
KASTAMONU;MERKEZ;HATİPOĞLU - HÜSEYİNOĞLU;HÜSEYİNOĞLU KÜME EVLER;sokak;503529
KASTAMONU;MERKEZ;HATİPOĞLU - KURNAZ;KURNAZ KÜME EVLER;sokak;505231
KASTAMONU;MERKEZ;HAYDARLAR - MERKEZ;MERKEZ KÜME EVLER;sokak;501958
KASTAMONU;MERKEZ;HAYDARLAR - ÖRENCİK;ÖRENCİK KÜME EVLER;sokak;512367
KASTAMONU;MERKEZ;HEPKEBİRLER;75.YIL CUMHURİYET SOKAK;sokak;110623
KASTAMONU;MERKEZ;HEPKEBİRLER;ADALET CADDE;cadde;99690
KASTAMONU;MERKEZ;HEPKEBİRLER;AĞAİMARET SOKAK;sokak;110621
KASTAMONU;MERKEZ;HEPKEBİRLER;AKDELİ SOKAK;sokak;111528
KASTAMONU;MERKEZ;HEPKEBİRLER;AKTARLAR SOKAK;sokak;177049
KASTAMONU;MERKEZ;HEPKEBİRLER;ALACA MESCİT SOKAK;sokak;111002
KASTAMONU;MERKEZ;HEPKEBİRLER;ALACAMESCİT ARALIĞI SOKAK;sokak;104372
KASTAMONU;MERKEZ;HEPKEBİRLER;ATABEY SOKAK;sokak;110626
KASTAMONU;MERKEZ;HEPKEBİRLER;BAKIRCILAR SOKAK;sokak;392545
KASTAMONU;MERKEZ;HEPKEBİRLER;BELEDİYE CADDE;cadde;177050
KASTAMONU;MERKEZ;HEPKEBİRLER;CUMHURİYET CADDE;cadde;110986
KASTAMONU;MERKEZ;HEPKEBİRLER;ÇİFTE HAMAM SOKAK;sokak;99689
KASTAMONU;MERKEZ;HEPKEBİRLER;ÇİLİNGİRLER SOKAK;sokak;111534
KASTAMONU;MERKEZ;HEPKEBİRLER;DEREBAŞI SOKAK;sokak;111003
KASTAMONU;MERKEZ;HEPKEBİRLER;EFLANİLİ SOKAK;sokak;682698
KASTAMONU;MERKEZ;HEPKEBİRLER;ENGEL SOKAK;sokak;110619
KASTAMONU;MERKEZ;HEPKEBİRLER;ERENLER SOKAK;sokak;389330
KASTAMONU;MERKEZ;HEPKEBİRLER;İÇ ARALIK SOKAK;sokak;272032
KASTAMONU;MERKEZ;HEPKEBİRLER;İÇTERZİLER SOKAK;sokak;392532
KASTAMONU;MERKEZ;HEPKEBİRLER;İNÖNÜ CADDE;cadde;111525
KASTAMONU;MERKEZ;HEPKEBİRLER;İPLİKÇİLER SOKAK;sokak;177047
KASTAMONU;MERKEZ;HEPKEBİRLER;KAZANCILAR SOKAK;sokak;392544
KASTAMONU;MERKEZ;HEPKEBİRLER;KEFELİ SOKAK;sokak;392546
KASTAMONU;MERKEZ;HEPKEBİRLER;KEKİK SOKAK;sokak;392535
KASTAMONU;MERKEZ;HEPKEBİRLER;KENDİR HANI SOKAK;sokak;111529
KASTAMONU;MERKEZ;HEPKEBİRLER;KETEN SOKAK;sokak;392549
KASTAMONU;MERKEZ;HEPKEBİRLER;KINALI SOKAK;sokak;110624
KASTAMONU;MERKEZ;HEPKEBİRLER;KÖMÜR PAZARI SOKAK;sokak;392550
KASTAMONU;MERKEZ;HEPKEBİRLER;KÜPCÜGEZ SOKAK;sokak;682699
KASTAMONU;MERKEZ;HEPKEBİRLER;MAHKEME ALTI SOKAK;sokak;681836
KASTAMONU;MERKEZ;HEPKEBİRLER;MAYMUN ÇEŞME SOKAK;sokak;177051
KASTAMONU;MERKEZ;HEPKEBİRLER;MEHMET FEYZİ EFENDİ CADDE;cadde;389323
KASTAMONU;MERKEZ;HEPKEBİRLER;MERKEZ YOL SOKAK;sokak;389324
KASTAMONU;MERKEZ;HEPKEBİRLER;MUTAFLAR ÇARŞISI SOKAK;sokak;389326
KASTAMONU;MERKEZ;HEPKEBİRLER;MÜNİRE SOKAK;sokak;391913
KASTAMONU;MERKEZ;HEPKEBİRLER;NALBURLAR SOKAK;sokak;111530
KASTAMONU;MERKEZ;HEPKEBİRLER;NASRULLAH MEYDAN;sokak;932595
KASTAMONU;MERKEZ;HEPKEBİRLER;OMUZLU SOKAK;sokak;104375
KASTAMONU;MERKEZ;HEPKEBİRLER;OVALI PAZARI SOKAK;sokak;111533
KASTAMONU;MERKEZ;HEPKEBİRLER;PİRİNÇ PAZARI SOKAK;sokak;682697
KASTAMONU;MERKEZ;HEPKEBİRLER;SAKARYA CADDE;cadde;111526
KASTAMONU;MERKEZ;HEPKEBİRLER;SARAÇLAR SOKAK;sokak;389325
KASTAMONU;MERKEZ;HEPKEBİRLER;SARRAFLAR SOKAK;sokak;111531
KASTAMONU;MERKEZ;HEPKEBİRLER;SİNANBEY ÇIKMAZI SOKAK;sokak;104374
KASTAMONU;MERKEZ;HEPKEBİRLER;SİNANBEY SOKAK;sokak;682696
KASTAMONU;MERKEZ;HEPKEBİRLER;ŞAMLIOĞLU SOKAK;sokak;392547
KASTAMONU;MERKEZ;HEPKEBİRLER;ŞEYH ŞABANI VELİ CADDE;cadde;110982
KASTAMONU;MERKEZ;HEPKEBİRLER;TABAN SOKAK;sokak;111527
KASTAMONU;MERKEZ;HEPKEBİRLER;TİCARET ODASI SOKAK;sokak;389327
KASTAMONU;MERKEZ;HEPKEBİRLER;YILANLI SOKAK;sokak;395352
KASTAMONU;MERKEZ;HEPKEBİRLER;YILDIZ SOKAK;sokak;104373
KASTAMONU;MERKEZ;HİSARARDI;ALPARSLAN SOKAK;sokak;681781
KASTAMONU;MERKEZ;HİSARARDI;ASLAN SOKAK;sokak;690962
KASTAMONU;MERKEZ;HİSARARDI;AŞAĞIYOL SOKAK;sokak;395837
KASTAMONU;MERKEZ;HİSARARDI;BOCUTOĞLU SOKAK;sokak;685485
KASTAMONU;MERKEZ;HİSARARDI;CEMRE ÇIKMAZI SOKAK;sokak;686605
KASTAMONU;MERKEZ;HİSARARDI;CEYLAN SOKAK;sokak;686335
KASTAMONU;MERKEZ;HİSARARDI;ÇITLAK SOKAK;sokak;290337
KASTAMONU;MERKEZ;HİSARARDI;DERBENT YOLU SOKAK;sokak;395838
KASTAMONU;MERKEZ;HİSARARDI;DEREÇEŞME YOLU SOKAK;sokak;395832
KASTAMONU;MERKEZ;HİSARARDI;DİREK SOKAK;sokak;681780
KASTAMONU;MERKEZ;HİSARARDI;FELEK SOKAK;sokak;686196
KASTAMONU;MERKEZ;HİSARARDI;GEÇİTBAŞI SOKAK;sokak;685289
KASTAMONU;MERKEZ;HİSARARDI;GÜMÜŞ SOKAK;sokak;686195
KASTAMONU;MERKEZ;HİSARARDI;HİSARARDI HAMAMI SOKAK;sokak;685291
KASTAMONU;MERKEZ;HİSARARDI;İBNİNECCAR SOKAK;sokak;210279
KASTAMONU;MERKEZ;HİSARARDI;KALE YOLU SOKAK;sokak;684171
KASTAMONU;MERKEZ;HİSARARDI;KARGAŞIK SOKAK;sokak;681956
KASTAMONU;MERKEZ;HİSARARDI;KERPİÇLİK SOKAK;sokak;394064
KASTAMONU;MERKEZ;HİSARARDI;KURT SOKAK;sokak;682401
KASTAMONU;MERKEZ;HİSARARDI;KÜLLÜK SOKAK;sokak;691833
KASTAMONU;MERKEZ;HİSARARDI;ODABAŞI SOKAK;sokak;102396
KASTAMONU;MERKEZ;HİSARARDI;ŞAHİN SOKAK;sokak;102407
KASTAMONU;MERKEZ;HİSARARDI;ŞEYH SOKAK;sokak;681779
KASTAMONU;MERKEZ;HİSARARDI;ŞEYH ŞABANI VELİ CADDE;cadde;690961
KASTAMONU;MERKEZ;HİSARARDI;TOP SOKAK;sokak;686925
KASTAMONU;MERKEZ;HİSARARDI;TÜRBE ARALIĞI SOKAK;sokak;682400
KASTAMONU;MERKEZ;HİSARARDI;TÜRBE SOKAK;sokak;680989
KASTAMONU;MERKEZ;HİSARARDI;ULU SOKAK;sokak;684565
KASTAMONU;MERKEZ;HOCAKÖY - MERKEZ;MERKEZ KÜME EVLER;sokak;497597
KASTAMONU;MERKEZ;HONSALAR;AÇIK MASLAK SOKAK;sokak;282125531
KASTAMONU;MERKEZ;HONSALAR;AÇIKBAŞ SOKAK;sokak;704798
KASTAMONU;MERKEZ;HONSALAR;AHLAT SOKAK;sokak;694674
KASTAMONU;MERKEZ;HONSALAR;ARABA PAZARI SOKAK;sokak;743802211
KASTAMONU;MERKEZ;HONSALAR;BELEDİYE CADDE;cadde;389332
KASTAMONU;MERKEZ;HONSALAR;ÇINAR SOKAK;sokak;700493
KASTAMONU;MERKEZ;HONSALAR;DADAY SOKAK;sokak;734771
KASTAMONU;MERKEZ;HONSALAR;DÖĞÜCÜLER SOKAK;sokak;695597
KASTAMONU;MERKEZ;HONSALAR;GÖKDERE CADDE;cadde;742047
KASTAMONU;MERKEZ;HONSALAR;HIZIROĞLU SOKAK;sokak;700504
KASTAMONU;MERKEZ;HONSALAR;HONSALAR CADDE;cadde;695193
KASTAMONU;MERKEZ;HONSALAR;KALE KAPISI SOKAK;sokak;111524
KASTAMONU;MERKEZ;HONSALAR;KEÇECİLER SOKAK;sokak;700498
KASTAMONU;MERKEZ;HONSALAR;KESİKBAŞ SOKAK;sokak;695596
KASTAMONU;MERKEZ;HONSALAR;KÖKLÜ SOKAK;sokak;700495
KASTAMONU;MERKEZ;HONSALAR;KURUOĞLU SOKAK;sokak;737783
KASTAMONU;MERKEZ;HONSALAR;KÜMBET SOKAK;sokak;704813
KASTAMONU;MERKEZ;HONSALAR;KÜPELİ SOKAK;sokak;738559
KASTAMONU;MERKEZ;HONSALAR;MAĞARA SOKAK;sokak;700011
KASTAMONU;MERKEZ;HONSALAR;PÜRE SOKAK;sokak;704809
KASTAMONU;MERKEZ;HONSALAR;SALKIM SOKAK;sokak;216861420
KASTAMONU;MERKEZ;HONSALAR;SAMUR SOKAK;sokak;738103
KASTAMONU;MERKEZ;HONSALAR;ŞANLI SOKAK;sokak;738102
KASTAMONU;MERKEZ;HONSALAR;TARAKÇILAR SOKAK;sokak;704807
KASTAMONU;MERKEZ;HONSALAR;TAŞMEKTEP SOKAK;sokak;695599
KASTAMONU;MERKEZ;HONSALAR;TEVSER SOKAK;sokak;704810
KASTAMONU;MERKEZ;HONSALAR;TOPÇUOĞLU CADDE;cadde;700497
KASTAMONU;MERKEZ;HONSALAR;TUFAN SOKAK;sokak;695187
KASTAMONU;MERKEZ;HONSALAR;TÜRBE YOLU SOKAK;sokak;704806
KASTAMONU;MERKEZ;HONSALAR;TÜYSÜZ SOKAK;sokak;744699
KASTAMONU;MERKEZ;HONSALAR;UYGAR SOKAK;sokak;700501
KASTAMONU;MERKEZ;HONSALAR;YAKAMERCAN SOKAK;sokak;695601
KASTAMONU;MERKEZ;HÜSEYİNLİ - BEŞAHLAT;BEŞAHLAT KÜME EVLER;sokak;514331
KASTAMONU;MERKEZ;HÜSEYİNLİ - MERKEZ;MERKEZ KÜME EVLER;sokak;509150
KASTAMONU;MERKEZ;İBİŞLER - DENGEL;DENGEL KÜME EVLER;sokak;545632
KASTAMONU;MERKEZ;İBİŞLER - İBİŞLER;İBİŞLER KÜME EVLER;sokak;556175
KASTAMONU;MERKEZ;İBİŞLER - KADI;KADI KÜME EVLER;sokak;441217
KASTAMONU;MERKEZ;İBİŞLER - KARALAR;KARALAR KÜME EVLER;sokak;86973
KASTAMONU;MERKEZ;İBİŞLER - KÜTÜKLER;KÜTÜKLER KÜME EVLER;sokak;265499
KASTAMONU;MERKEZ;İBRAHİMLİ - EĞERLİK;EĞERLİK KÜME EVLER;sokak;335871
KASTAMONU;MERKEZ;İBRAHİMLİ - İBRAHİMLİ;İBRAHİMLİ KÜME EVLER;sokak;550232
KASTAMONU;MERKEZ;İBRAHİMLİ - TERZİLİ;TERZİLİ KÜME EVLER;sokak;551643
KASTAMONU;MERKEZ;İMAMKÖY - CIMBAR;CIMBAR KÜME EVLER;sokak;474654
KASTAMONU;MERKEZ;İMAMKÖY - İBEÇ;İBEÇ KÜME EVLER;sokak;474746
KASTAMONU;MERKEZ;İMAMKÖY - İMAM;İMAM KÜME EVLER;sokak;27302
KASTAMONU;MERKEZ;İMAMKÖY - MUSALLAR;MUSALLAR KÜME EVLER;sokak;348152
KASTAMONU;MERKEZ;İMAMKÖY - ORTA;ORTA KÜME EVLER;sokak;482785
KASTAMONU;MERKEZ;İMAMKÖY - SAĞIROĞLU;SAĞIROĞLU KÜME EVLER;sokak;110155
KASTAMONU;MERKEZ;İNCEBOĞAZ - MERKEZ;MERKEZ KÜME EVLER;sokak;520894
KASTAMONU;MERKEZ;İNÖNÜ;1. SOKAK;sokak;621198
KASTAMONU;MERKEZ;İNÖNÜ;10. SOKAK;sokak;672472
KASTAMONU;MERKEZ;İNÖNÜ;11. SOKAK;sokak;626474
KASTAMONU;MERKEZ;İNÖNÜ;12. SOKAK;sokak;632037
KASTAMONU;MERKEZ;İNÖNÜ;14. SOKAK;sokak;294803650
KASTAMONU;MERKEZ;İNÖNÜ;15. SOKAK;sokak;621196
KASTAMONU;MERKEZ;İNÖNÜ;16. SOKAK;sokak;621628
KASTAMONU;MERKEZ;İNÖNÜ;17. SOKAK;sokak;180668
KASTAMONU;MERKEZ;İNÖNÜ;18. SOKAK;sokak;621629
KASTAMONU;MERKEZ;İNÖNÜ;19. SOKAK;sokak;180680
KASTAMONU;MERKEZ;İNÖNÜ;2. SOKAK;sokak;621197
KASTAMONU;MERKEZ;İNÖNÜ;20. SOKAK;sokak;621630
KASTAMONU;MERKEZ;İNÖNÜ;21. SOKAK;sokak;626475
KASTAMONU;MERKEZ;İNÖNÜ;22 SOKAK;sokak;629233
KASTAMONU;MERKEZ;İNÖNÜ;27. SOKAK;sokak;1004388
KASTAMONU;MERKEZ;İNÖNÜ;28._1 SOKAK;sokak;1008681
KASTAMONU;MERKEZ;İNÖNÜ;3. SOKAK;sokak;260284
KASTAMONU;MERKEZ;İNÖNÜ;4. SOKAK;sokak;92104
KASTAMONU;MERKEZ;İNÖNÜ;5. SOKAK;sokak;626070
KASTAMONU;MERKEZ;İNÖNÜ;57.ALAY BULVAR;sokak;786158611
KASTAMONU;MERKEZ;İNÖNÜ;6 SOKAK;sokak;383770080
KASTAMONU;MERKEZ;İNÖNÜ;6. SOKAK;sokak;92099
KASTAMONU;MERKEZ;İNÖNÜ;7. SOKAK;sokak;628857
KASTAMONU;MERKEZ;İNÖNÜ;8. SOKAK;sokak;626073
KASTAMONU;MERKEZ;İNÖNÜ;9. SOKAK;sokak;632036
KASTAMONU;MERKEZ;İNÖNÜ;AFŞİNBEY SOKAK;sokak;626064
KASTAMONU;MERKEZ;İNÖNÜ;AKYOL SOKAK;sokak;854389
KASTAMONU;MERKEZ;İNÖNÜ;ALATAŞ SOKAK;sokak;854403
KASTAMONU;MERKEZ;İNÖNÜ;ALAZ SOKAK;sokak;678427
KASTAMONU;MERKEZ;İNÖNÜ;ALPARSLAN TÜRKEŞ BULVAR;sokak;621204
KASTAMONU;MERKEZ;İNÖNÜ;ALTAY SOKAK;sokak;260292
KASTAMONU;MERKEZ;İNÖNÜ;ARALIK SOKAK;sokak;678426
KASTAMONU;MERKEZ;İNÖNÜ;ARDIÇ SOKAK;sokak;260300
KASTAMONU;MERKEZ;İNÖNÜ;ARNAVUTOĞLU CADDE;cadde;681897
KASTAMONU;MERKEZ;İNÖNÜ;AŞIK YORGANSIZ SOKAK;sokak;621203
KASTAMONU;MERKEZ;İNÖNÜ;AYDIN SOKAK;sokak;145005
KASTAMONU;MERKEZ;İNÖNÜ;BARIŞ SOKAK;sokak;626061
KASTAMONU;MERKEZ;İNÖNÜ;BEREKET SOKAK;sokak;677470
KASTAMONU;MERKEZ;İNÖNÜ;BİLGE SOKAK;sokak;646414
KASTAMONU;MERKEZ;İNÖNÜ;BİNAY SOKAK;sokak;854394
KASTAMONU;MERKEZ;İNÖNÜ;BOĞAÇHAN SOKAK;sokak;260290
KASTAMONU;MERKEZ;İNÖNÜ;BUĞRA SOKAK;sokak;260285
KASTAMONU;MERKEZ;İNÖNÜ;CANDAROĞULLARI SOKAK;sokak;92019
KASTAMONU;MERKEZ;İNÖNÜ;CEVHER SOKAK;sokak;260297
KASTAMONU;MERKEZ;İNÖNÜ;ÇAĞRIBEY SOKAK;sokak;631138
KASTAMONU;MERKEZ;İNÖNÜ;ÇULLUK SOKAK;sokak;854392
KASTAMONU;MERKEZ;İNÖNÜ;DEFNE SOKAK;sokak;679859
KASTAMONU;MERKEZ;İNÖNÜ;DESTAN_1 SOKAK;sokak;1088551
KASTAMONU;MERKEZ;İNÖNÜ;DESTE SOKAK;sokak;621632
KASTAMONU;MERKEZ;İNÖNÜ;DORUK SOKAK;sokak;92013
KASTAMONU;MERKEZ;İNÖNÜ;ECEM SOKAK;sokak;60598
KASTAMONU;MERKEZ;İNÖNÜ;ELÇİN SOKAK;sokak;860366
KASTAMONU;MERKEZ;İNÖNÜ;ERDEMLİ SOKAK;sokak;679856
KASTAMONU;MERKEZ;İNÖNÜ;FARUK NUHOĞLU SOKAK;sokak;626471
KASTAMONU;MERKEZ;İNÖNÜ;FEDAKAR SOKAK;sokak;626468
KASTAMONU;MERKEZ;İNÖNÜ;HACI MUSTAFA KAYA CADDE;cadde;260303
KASTAMONU;MERKEZ;İNÖNÜ;HACI NİMET DARENDE SOKAK;sokak;621633
KASTAMONU;MERKEZ;İNÖNÜ;HALİL RIFAT PAŞA CADDE;cadde;92014
KASTAMONU;MERKEZ;İNÖNÜ;HARMANCIK SOKAK;sokak;620709
KASTAMONU;MERKEZ;İNÖNÜ;HORUZOĞLU SOKAK;sokak;626472
KASTAMONU;MERKEZ;İNÖNÜ;IHLAMUR SOKAK;sokak;854402
KASTAMONU;MERKEZ;İNÖNÜ;ILGAZ SOKAK;sokak;626069
KASTAMONU;MERKEZ;İNÖNÜ;IRMAK SOKAK;sokak;261607
KASTAMONU;MERKEZ;İNÖNÜ;İBRİŞİM SOKAK;sokak;675042
KASTAMONU;MERKEZ;İNÖNÜ;İĞDELİ SOKAK;sokak;676320
KASTAMONU;MERKEZ;İNÖNÜ;İNEBOLU CADDE;cadde;632035
KASTAMONU;MERKEZ;İNÖNÜ;İNÖNÜ548-SAHADA TESPİT SOKAK;sokak;655876020
KASTAMONU;MERKEZ;İNÖNÜ;KELEBEK SOKAK;sokak;854397
KASTAMONU;MERKEZ;İNÖNÜ;KETENOĞLU SOKAK;sokak;916107
KASTAMONU;MERKEZ;İNÖNÜ;KILAVUZ SOKAK;sokak;260287
KASTAMONU;MERKEZ;İNÖNÜ;KÖMÜRKARA SOKAK;sokak;260293
KASTAMONU;MERKEZ;İNÖNÜ;NAİL TAN CADDE;cadde;173640
KASTAMONU;MERKEZ;İNÖNÜ;ONUR SOKAK;sokak;620712
KASTAMONU;MERKEZ;İNÖNÜ;ORHAN ŞAİK GÖKYAY SOKAK;sokak;644182
KASTAMONU;MERKEZ;İNÖNÜ;ORMANCI SOKAK;sokak;144605
KASTAMONU;MERKEZ;İNÖNÜ;ÖĞRETMENEVİ SOKAK;sokak;631137
KASTAMONU;MERKEZ;İNÖNÜ;ÖZEFLANİLİ SOKAK;sokak;811903
KASTAMONU;MERKEZ;İNÖNÜ;RAUF DENKTAŞ CADDE;cadde;643339
KASTAMONU;MERKEZ;İNÖNÜ;SARIÇAM SOKAK;sokak;854391
KASTAMONU;MERKEZ;İNÖNÜ;SERÇE SOKAK;sokak;854396
KASTAMONU;MERKEZ;İNÖNÜ;SILA SOKAK;sokak;854393
KASTAMONU;MERKEZ;İNÖNÜ;SIRMA SOKAK;sokak;626467
KASTAMONU;MERKEZ;İNÖNÜ;SÜRMELİ SOKAK;sokak;621631
KASTAMONU;MERKEZ;İNÖNÜ;ŞEKER EVLERİ SOKAK;sokak;679858
KASTAMONU;MERKEZ;İNÖNÜ;TERECE SOKAK;sokak;620711
KASTAMONU;MERKEZ;İNÖNÜ;VEFA SOKAK;sokak;678131
KASTAMONU;MERKEZ;İNÖNÜ;YABA SOKAK;sokak;260282
KASTAMONU;MERKEZ;İNÖNÜ;YALÇIN CADDE;cadde;682406
KASTAMONU;MERKEZ;İNÖNÜ;YIĞIN SOKAK;sokak;626469
KASTAMONU;MERKEZ;İNÖNÜ;ZAMBAK SOKAK;sokak;621205
KASTAMONU;MERKEZ;İNÖNÜ;ZÜMRÜT SOKAK;sokak;628855
KASTAMONU;MERKEZ;İSFENDİYAR;10.ARALIK CADDE;cadde;521919
KASTAMONU;MERKEZ;İSFENDİYAR;125.YIL ATATÜRK CADDE;cadde;334342
KASTAMONU;MERKEZ;İSFENDİYAR;AKDELİ SOKAK;sokak;354701780
KASTAMONU;MERKEZ;İSFENDİYAR;AVAR SOKAK;sokak;510012
KASTAMONU;MERKEZ;İSFENDİYAR;CORUK SOKAK;sokak;519223
KASTAMONU;MERKEZ;İSFENDİYAR;CUMHURİYET CADDE;cadde;672187
KASTAMONU;MERKEZ;İSFENDİYAR;ÇİMENLİ SOKAK;sokak;519221
KASTAMONU;MERKEZ;İSFENDİYAR;DALGIÇ SOKAK;sokak;687166
KASTAMONU;MERKEZ;İSFENDİYAR;DİKKALDIRIM SOKAK;sokak;510017
KASTAMONU;MERKEZ;İSFENDİYAR;DURAK SOKAK;sokak;511282
KASTAMONU;MERKEZ;İSFENDİYAR;DURSUN SOKAK;sokak;451644
KASTAMONU;MERKEZ;İSFENDİYAR;GAYİPLER SOKAK;sokak;511635
KASTAMONU;MERKEZ;İSFENDİYAR;GÜĞÜMCÜ SOKAK;sokak;508456
KASTAMONU;MERKEZ;İSFENDİYAR;GÜRPINAR SOKAK;sokak;511560
KASTAMONU;MERKEZ;İSFENDİYAR;İBRİKÇİ SOKAK;sokak;510014
KASTAMONU;MERKEZ;İSFENDİYAR;İSFENDİYAR SOKAK;sokak;517856
KASTAMONU;MERKEZ;İSFENDİYAR;KAYBILAR SOKAK;sokak;511636
KASTAMONU;MERKEZ;İSFENDİYAR;KIRLANGIÇ SOKAK;sokak;519220
KASTAMONU;MERKEZ;İSFENDİYAR;KORKUT SOKAK;sokak;521642
KASTAMONU;MERKEZ;İSFENDİYAR;KÖŞELİ SOKAK;sokak;510015
KASTAMONU;MERKEZ;İSFENDİYAR;KÜLCÜ SOKAK;sokak;163711
KASTAMONU;MERKEZ;İSFENDİYAR;MÜZE SOKAK;sokak;511634
KASTAMONU;MERKEZ;İSFENDİYAR;POYRAZ SOKAK;sokak;509305
KASTAMONU;MERKEZ;İSFENDİYAR;SAMANCI SOKAK;sokak;510013
KASTAMONU;MERKEZ;İSFENDİYAR;SARAY HAMAMI SOKAK;sokak;510010
KASTAMONU;MERKEZ;İSFENDİYAR;SEYRAN_1 SOKAK;sokak;508455
KASTAMONU;MERKEZ;İSFENDİYAR;SİNANBEY SOKAK;sokak;261622
KASTAMONU;MERKEZ;İSFENDİYAR;ŞEYH ŞABANI VELİ CADDE;cadde;683057131
KASTAMONU;MERKEZ;İSLAMKÖY - MERKEZ;MERKEZ KÜME EVLER;sokak;550899
KASTAMONU;MERKEZ;İSLAMKÖY - SOFRANLAR;SOFRANLAR KÜME EVLER;sokak;556901
KASTAMONU;MERKEZ;İSMAİLBEY;ALEMDAR SOKAK;sokak;544304
KASTAMONU;MERKEZ;İSMAİLBEY;ALPARSLAN TÜRKEŞ BULVAR;sokak;356685730
KASTAMONU;MERKEZ;İSMAİLBEY;ALPTEKİN SOKAK;sokak;544288
KASTAMONU;MERKEZ;İSMAİLBEY;AŞAĞI İMARET SOKAK;sokak;546436
KASTAMONU;MERKEZ;İSMAİLBEY;BAYRAKTAR SOKAK;sokak;544297
KASTAMONU;MERKEZ;İSMAİLBEY;DARENDE SOKAK;sokak;259774
KASTAMONU;MERKEZ;İSMAİLBEY;DUMLUPINAR CADDE;cadde;544281
KASTAMONU;MERKEZ;İSMAİLBEY;HACI MUSTAFA KAYA CADDE;cadde;552919
KASTAMONU;MERKEZ;İSMAİLBEY;HACI NEDİME KAYA SOKAK;sokak;259739
KASTAMONU;MERKEZ;İSMAİLBEY;HAMAM_1 SOKAK;sokak;270371
KASTAMONU;MERKEZ;İSMAİLBEY;HARMANKAŞI SOKAK;sokak;544400
KASTAMONU;MERKEZ;İSMAİLBEY;HASAT SOKAK;sokak;544292
KASTAMONU;MERKEZ;İSMAİLBEY;İNEBOLU CADDE;cadde;259738
KASTAMONU;MERKEZ;İSMAİLBEY;İZMİTLİ SOKAK;sokak;580977
KASTAMONU;MERKEZ;İSMAİLBEY;KANARYA SOKAK;sokak;838318
KASTAMONU;MERKEZ;İSMAİLBEY;KANDİL SOKAK;sokak;544277
KASTAMONU;MERKEZ;İSMAİLBEY;KIRGIZ SOKAK;sokak;763984
KASTAMONU;MERKEZ;İSMAİLBEY;KIŞLA CADDE;cadde;259776
KASTAMONU;MERKEZ;İSMAİLBEY;KUTLUGÜN SOKAK;sokak;26337
KASTAMONU;MERKEZ;İSMAİLBEY;MAĞARA SOKAK;sokak;544391
KASTAMONU;MERKEZ;İSMAİLBEY;MOLLA HOCA SOKAK;sokak;442797
KASTAMONU;MERKEZ;İSMAİLBEY;NUHOĞLU SOKAK;sokak;259741
KASTAMONU;MERKEZ;İSMAİLBEY;OKMEYDANI SOKAK;sokak;544299
KASTAMONU;MERKEZ;İSMAİLBEY;ORMANCI SOKAK;sokak;719562541
KASTAMONU;MERKEZ;İSMAİLBEY;PETEK SOKAK;sokak;259772
KASTAMONU;MERKEZ;İSMAİLBEY;SAKİN SOKAK;sokak;544520
KASTAMONU;MERKEZ;İSMAİLBEY;SALKIM SOKAK;sokak;556269
KASTAMONU;MERKEZ;İSMAİLBEY;SİLAHTAR SOKAK;sokak;285534
KASTAMONU;MERKEZ;İSMAİLBEY;SİRKECİ SOKAK;sokak;544542
KASTAMONU;MERKEZ;İSMAİLBEY;ŞAN SOKAK;sokak;553537
KASTAMONU;MERKEZ;İSMAİLBEY;ŞEHİT ERTAN SİVRİOĞLU SOKAK;sokak;544519
KASTAMONU;MERKEZ;İSMAİLBEY;ŞEKERAĞA SOKAK;sokak;270367
KASTAMONU;MERKEZ;İSMAİLBEY;TAŞÇEŞME SOKAK;sokak;259773
KASTAMONU;MERKEZ;İSMAİLBEY;TENEKECİ SOKAK;sokak;546093
KASTAMONU;MERKEZ;İSMAİLBEY;UFUK SOKAK;sokak;544394
KASTAMONU;MERKEZ;İSMAİLBEY;ULUBEY SOKAK;sokak;556268
KASTAMONU;MERKEZ;İSMAİLBEY;URGANCI SOKAK;sokak;270369
KASTAMONU;MERKEZ;İSMAİLBEY;UYGAR SOKAK;sokak;381810381
KASTAMONU;MERKEZ;İSMAİLBEY;YAPIT SOKAK;sokak;285524
KASTAMONU;MERKEZ;KADIOĞLU - KADIOĞLU;KADIOĞLU KÜME EVLER;sokak;607026
KASTAMONU;MERKEZ;KADIOĞLU - KİRPİ;KİRPİ KÜME EVLER;sokak;607883
KASTAMONU;MERKEZ;KARAÇOMAK - ÇANDI;ÇANDI KÜME EVLER;sokak;91551
KASTAMONU;MERKEZ;KARAÇOMAK - DEMİRCİ;DEMİRCİ KÜME EVLER;sokak;559878
KASTAMONU;MERKEZ;KARAÇOMAK - ESENLER;ESENLER KÜME EVLER;sokak;552427
KASTAMONU;MERKEZ;KARAÇOMAK - GÖKTAŞ;GÖKTAŞ KÜME EVLER;sokak;91526
KASTAMONU;MERKEZ;KARAÇOMAK - HACILAR;HACILAR KÜME EVLER;sokak;91547
KASTAMONU;MERKEZ;KARAÇOMAK - KARAÇOMAK;KARAÇOMAK KÜME EVLER;sokak;559636
KASTAMONU;MERKEZ;KARAEVLİ - AĞA;AĞA KÜME EVLER;sokak;542136
KASTAMONU;MERKEZ;KARAEVLİ - ÇUHACILAR;ÇUHACILAR KÜME EVLER;sokak;534796
KASTAMONU;MERKEZ;KARAEVLİ - KARAEVLİ;KARAEVLİ KÜME EVLER;sokak;529683
KASTAMONU;MERKEZ;KARAEVLİ - TEPE;TEPE KÜME EVLER;sokak;535159
KASTAMONU;MERKEZ;KARAKUZ - KARAKUZ;KARAKUZ KÜME EVLER;sokak;285197
KASTAMONU;MERKEZ;KARAKUZ - KASIM;KASIM KÜME EVLER;sokak;356545
KASTAMONU;MERKEZ;KARAKUZ - YUKARI KARAKUZ;YUKARI KARAKUZ KÜME EVLER;sokak;510654
KASTAMONU;MERKEZ;KARAMUKMOLLA - ERİKBELİ;ERİKBELİ KÜME EVLER;sokak;489323
KASTAMONU;MERKEZ;KARAMUKMOLLA - KARAMUKMOLLA;KARAMUKMOLLA KÜME EVLER;sokak;491268
KASTAMONU;MERKEZ;KARAMUKMOLLA - KIZILCAÖREN;KIZILCAÖREN KÜME EVLER;sokak;491244
KASTAMONU;MERKEZ;KARAMUKMOLLA - SERENLER;SERENLER KÜME EVLER;sokak;403202
KASTAMONU;MERKEZ;KARAMUKMOLLA - TEKKE;TEKKE KÜME EVLER;sokak;110162
KASTAMONU;MERKEZ;KARAŞ - CAMİ ÖNÜ;CAMİ ÖNÜ KÜME EVLER;sokak;22664
KASTAMONU;MERKEZ;KARAŞ - HEDENLİOĞLU;HEDENLİOĞLU KÜME EVLER;sokak;487653
KASTAMONU;MERKEZ;KARAŞ - KARACILILAR;KARACILILAR KÜME EVLER;sokak;492742
KASTAMONU;MERKEZ;KARAŞ - KARAŞ;KARAŞ KÜME EVLER;sokak;492739
KASTAMONU;MERKEZ;KARAŞ - KUŞ;KUŞ KÜME EVLER;sokak;482201
KASTAMONU;MERKEZ;KARAŞ - MESİN;MESİN KÜME EVLER;sokak;483931
KASTAMONU;MERKEZ;KARAŞ - TÜLEK;TÜLEK KÜME EVLER;sokak;482164
KASTAMONU;MERKEZ;KASABA - KASABA;KASABA KÜME EVLER;sokak;509528
KASTAMONU;MERKEZ;KASABAÖRENCİK - HABU;HABU KÜME EVLER;sokak;518830
KASTAMONU;MERKEZ;KASABAÖRENCİK - KASABAÖRENCİK;KASABAÖRENCİK KÜME EVLER;sokak;508993
KASTAMONU;MERKEZ;KAŞÇILAR - ALAYOĞLU;ALAYOĞLU KÜME EVLER;sokak;503678
KASTAMONU;MERKEZ;KAŞÇILAR - ÇUHADAR;ÇUHADAR KÜME EVLER;sokak;501008
KASTAMONU;MERKEZ;KAŞÇILAR - DEMİRCİLER;DEMİRCİLER KÜME EVLER;sokak;499051
KASTAMONU;MERKEZ;KAŞÇILAR - EMEKSİZ;EMEKSİZ KÜME EVLER;sokak;498737
KASTAMONU;MERKEZ;KAŞÇILAR - İMAM;İMAM KÜME EVLER;sokak;498728
KASTAMONU;MERKEZ;KAŞÇILAR - KAŞÇILAR;KAŞÇILAR KÜME EVLER;sokak;487490
KASTAMONU;MERKEZ;KAVAKKÖY - EYNİHAN;EYNİHAN KÜME EVLER;sokak;516834
KASTAMONU;MERKEZ;KAVAKKÖY - KAVAK;KAVAK KÜME EVLER;sokak;525166
KASTAMONU;MERKEZ;KAVAKKÖY - ORTACA;ORTACA KÜME EVLER;sokak;28873
KASTAMONU;MERKEZ;KAVALCA - KAVALCA;KAVALCA KÜME EVLER;sokak;544941
KASTAMONU;MERKEZ;KAYALI - KAYALI;KAYALI KÜME EVLER;sokak;213215
KASTAMONU;MERKEZ;KAYI - AŞAĞI;AŞAĞI KÜME EVLER;sokak;525795
KASTAMONU;MERKEZ;KAYI - HATİP;HATİP KÜME EVLER;sokak;523169
KASTAMONU;MERKEZ;KAYI - KARA HALLAR;KARA HALLAR KÜME EVLER;sokak;526291
KASTAMONU;MERKEZ;KAYI - KAYI;KAYI KÜME EVLER;sokak;522231
KASTAMONU;MERKEZ;KAYI - PARMAKLI TÜRBE;PARMAKLI TÜRBE KÜME EVLER;sokak;526255
KASTAMONU;MERKEZ;KAYI - SERTİ;SERTİ KÜME EVLER;sokak;35501
KASTAMONU;MERKEZ;KEMERLER - GÖL;GÖL KÜME EVLER;sokak;492666
KASTAMONU;MERKEZ;KEMERLER - KEMERLER;KEMERLER KÜME EVLER;sokak;23746
KASTAMONU;MERKEZ;KEMERLER - SÜTÇÜLER;SÜTÇÜLER KÜME EVLER;sokak;497610
KASTAMONU;MERKEZ;KEREMLİ - ÇİÇEKBAŞLI;ÇİÇEKBAŞLI KÜME EVLER;sokak;404969
KASTAMONU;MERKEZ;KEREMLİ - KEREMLİ;KEREMLİ KÜME EVLER;sokak;608174
KASTAMONU;MERKEZ;KEREMLİ - KINALI;KINALI KÜME EVLER;sokak;404984
KASTAMONU;MERKEZ;KEREMLİ - SAKLAR;SAKLAR KÜME EVLER;sokak;610339
KASTAMONU;MERKEZ;KEREMLİ - TÜRKALİ;TÜRKALİ KÜME EVLER;sokak;615542
KASTAMONU;MERKEZ;KIRCALAR - ACISU;ACISU KÜME EVLER;sokak;326932
KASTAMONU;MERKEZ;KIRCALAR - DURSUN;DURSUN KÜME EVLER;sokak;545112
KASTAMONU;MERKEZ;KIRCALAR - KADI;KADI KÜME EVLER;sokak;556651
KASTAMONU;MERKEZ;KIRCALAR - KIRCALAR;KIRCALAR KÜME EVLER;sokak;325265
KASTAMONU;MERKEZ;KIRCALAR - ORTA;ORTA KÜME EVLER;sokak;546148
KASTAMONU;MERKEZ;KIRIK - AYANOĞLU;AYANOĞLU KÜME EVLER;sokak;479250
KASTAMONU;MERKEZ;KIRIK - BAŞDEĞİRMENLER;BAŞDEĞİRMENLER KÜME EVLER;sokak;556711
KASTAMONU;MERKEZ;KIRIK - KIRIK;KIRIK KÜME EVLER;sokak;316740
KASTAMONU;MERKEZ;KIRIK - TANDIR;TANDIR KÜME EVLER;sokak;316735
KASTAMONU;MERKEZ;KIRIŞOĞLU - KAPAKLI;KAPAKLI KÜME EVLER;sokak;294445
KASTAMONU;MERKEZ;KIRIŞOĞLU - KARACAÖREN;KARACAÖREN KÜME EVLER;sokak;514772
KASTAMONU;MERKEZ;KIRIŞOĞLU - MERKEZ;MERKEZ KÜME EVLER;sokak;521544
KASTAMONU;MERKEZ;KIRIŞOĞLU - PELİTÇİK;PELİTÇİK KÜME EVLER;sokak;516173
KASTAMONU;MERKEZ;KIRKÇEŞME;ACISU SOKAK;sokak;518572
KASTAMONU;MERKEZ;KIRKÇEŞME;BABA SOKAK;sokak;519509
KASTAMONU;MERKEZ;KIRKÇEŞME;BUDAKTEPESİ SOKAK;sokak;508865
KASTAMONU;MERKEZ;KIRKÇEŞME;BÜKLÜM SOKAK;sokak;519510
KASTAMONU;MERKEZ;KIRKÇEŞME;CAMİİ SOKAK;sokak;519031
KASTAMONU;MERKEZ;KIRKÇEŞME;CEVİZLİ SOKAK;sokak;519032
KASTAMONU;MERKEZ;KIRKÇEŞME;ÇARDAK SOKAK;sokak;508874
KASTAMONU;MERKEZ;KIRKÇEŞME;DEREPINAR SOKAK;sokak;516990
KASTAMONU;MERKEZ;KIRKÇEŞME;ESKİ TOSYA YOLU SOKAK;sokak;261623
KASTAMONU;MERKEZ;KIRKÇEŞME;İKİOLUK SOKAK;sokak;519035
KASTAMONU;MERKEZ;KIRKÇEŞME;KARAAĞAÇLIK SOKAK;sokak;516988
KASTAMONU;MERKEZ;KIRKÇEŞME;KAVAKALTI SOKAK;sokak;516989
KASTAMONU;MERKEZ;KIRKÇEŞME;KAVAKLI ÇIKMAZI SOKAK;sokak;524295
KASTAMONU;MERKEZ;KIRKÇEŞME;KIRKÇEŞME CADDE;cadde;518573
KASTAMONU;MERKEZ;KIRKÇEŞME;KİSLİK SOKAK;sokak;519037
KASTAMONU;MERKEZ;KIRKÇEŞME;KÖŞEBAŞI SOKAK;sokak;524297
KASTAMONU;MERKEZ;KIRKÇEŞME;KUYUCAK ÇIKMAZI SOKAK;sokak;518574
KASTAMONU;MERKEZ;KIRKÇEŞME;KUYUCAK SOKAK;sokak;516987
KASTAMONU;MERKEZ;KIRKÇEŞME;KUYULU KAVAK SOKAK;sokak;508860
KASTAMONU;MERKEZ;KIRKÇEŞME;KUYULU SOKAK;sokak;519043
KASTAMONU;MERKEZ;KIRKÇEŞME;MELEK SOKAK;sokak;518567
KASTAMONU;MERKEZ;KIRKÇEŞME;NAKIŞ SOKAK;sokak;261969
KASTAMONU;MERKEZ;KIRKÇEŞME;NİGAR SOKAK;sokak;508875
KASTAMONU;MERKEZ;KIRKÇEŞME;NİŞANCI SOKAK;sokak;772624
KASTAMONU;MERKEZ;KIRKÇEŞME;RIFAT ILGAZ SOKAK;sokak;524292
KASTAMONU;MERKEZ;KIRKÇEŞME;SAVUN SOKAK;sokak;508868
KASTAMONU;MERKEZ;KIRKÇEŞME;SELÇUK SOKAK;sokak;525364
KASTAMONU;MERKEZ;KIRKÇEŞME;SEYMEN SOKAK;sokak;524294
KASTAMONU;MERKEZ;KIRKÇEŞME;ŞENTEPE SOKAK;sokak;261621
KASTAMONU;MERKEZ;KIRKÇEŞME;TENEKECİ_1 SOKAK;sokak;520515
KASTAMONU;MERKEZ;KIRKÇEŞME;TEPEYOL SOKAK;sokak;508863
KASTAMONU;MERKEZ;KIRKÇEŞME;TOSYA CADDE;cadde;548181
KASTAMONU;MERKEZ;KIRKÇEŞME;TUTLU SOKAK;sokak;524296
KASTAMONU;MERKEZ;KIRKÇEŞME;YOL SOKAK;sokak;523769
KASTAMONU;MERKEZ;KIZILKESE - KARGIN;KARGIN KÜME EVLER;sokak;608861
KASTAMONU;MERKEZ;KIZILKESE - KIZILKESE;KIZILKESE KÜME EVLER;sokak;608420
KASTAMONU;MERKEZ;KIZILKESE - TAŞAN;TAŞAN KÜME EVLER;sokak;605870
KASTAMONU;MERKEZ;KİRENLİ - DAHALLI;DAHALLI KÜME EVLER;sokak;504614
KASTAMONU;MERKEZ;KİRENLİ - DALBAZ;DALBAZ KÜME EVLER;sokak;501047
KASTAMONU;MERKEZ;KİRENLİ - HALİLOĞLU;HALİLOĞLU KÜME EVLER;sokak;501093
KASTAMONU;MERKEZ;KİRENLİ - KASTEK;KASTEK KÜME EVLER;sokak;503365
KASTAMONU;MERKEZ;KİRENLİ - KİRENLİ;KİRENLİ KÜME EVLER;sokak;504612
KASTAMONU;MERKEZ;KİRENLİ - VAYISLI;VAYISLI KÜME EVLER;sokak;501044
KASTAMONU;MERKEZ;KONUKÇA - ÇAYLAYIK;ÇAYLALIK KÜME EVLER;sokak;369672
KASTAMONU;MERKEZ;KONUKÇA - DURUCA;DURUCA KÜME EVLER;sokak;265352
KASTAMONU;MERKEZ;KONUKÇA - ELMALI;ELMALI KÜME EVLER;sokak;262575
KASTAMONU;MERKEZ;KONUKÇA - GELERSİN;GELERSİN KÜME EVLER;sokak;331024
KASTAMONU;MERKEZ;KONUKÇA - KONUKÇA;KONUKÇA KÜME EVLER;sokak;556714
KASTAMONU;MERKEZ;KONUKÇA - SUSUZ;SUSUZ KÜME EVLER;sokak;451533
KASTAMONU;MERKEZ;KORUKÖY - KORU;KORU KÜME EVLER;sokak;513047
KASTAMONU;MERKEZ;KORUKÖY - YENİ;KORU 1 SOKAK;sokak;143804551
KASTAMONU;MERKEZ;KORUKÖY - YENİ;KORU 2 SOKAK;sokak;285046031
KASTAMONU;MERKEZ;KORUKÖY - YENİ;YENİ KÜME EVLER;sokak;941124
KASTAMONU;MERKEZ;KÖKLÜ - KÖKLÜ;KÖKLÜ KÜME EVLER;sokak;569429
KASTAMONU;MERKEZ;KÖSEOĞLU - BASGEÇEK;BASGEÇEK KÜME EVLER;sokak;688531831
KASTAMONU;MERKEZ;KÖSEOĞLU - BEKİROĞLU;BEKİROĞLU KÜME EVLER;sokak;531203
KASTAMONU;MERKEZ;KÖSEOĞLU - CALAYOĞLU;CALAYOĞLU KÜME EVLER;sokak;530491
KASTAMONU;MERKEZ;KÖSEOĞLU - HASANOĞLU;HASANOĞLU KÜME EVLER;sokak;531210
KASTAMONU;MERKEZ;KÖSEOĞLU - KARAHASANOĞLU;KARAHASANOĞLU KÜME EVLER;sokak;530485
KASTAMONU;MERKEZ;KÖSEOĞLU - KÖSEOĞLU;KÖSEOĞLU KÜME EVLER;sokak;532685
KASTAMONU;MERKEZ;KÖSEOĞLU - TIKIŞ;TIKIŞ KÜME EVLER;sokak;531823
KASTAMONU;MERKEZ;KÖSEOĞLU - YERÜKLER;YERÜKLER KÜME EVLER;sokak;529980
KASTAMONU;MERKEZ;KURTGÖMEÇ - KURTGÖMEÇ;KURTGÖMEÇ KÜME EVLER;sokak;518577
KASTAMONU;MERKEZ;KURTKAYI - AŞAĞI;AŞAĞI KÜME EVLER;sokak;551469
KASTAMONU;MERKEZ;KURTKAYI - AŞAĞI MUHSİR;AŞAĞI MUHSİR KÜME EVLER;sokak;555561
KASTAMONU;MERKEZ;KURTKAYI - KURTKAYI;KURTKAYI KÜME EVLER;sokak;557758
KASTAMONU;MERKEZ;KURTKAYI - YUKARI MUHSİR;YUKARI MUHSİR KÜME EVLER;sokak;563949
KASTAMONU;MERKEZ;KURUCAÖREN - KURUCAÖREN;KURUCAÖREN KÜME EVLER;sokak;515485
KASTAMONU;MERKEZ;KURUCAÖREN - PORSUKHANI;PORSUKHANI KÜME EVLER;sokak;517338
KASTAMONU;MERKEZ;KURUSARAY - KURUSARAY;KURUSARAY KÜME EVLER;sokak;531699
KASTAMONU;MERKEZ;KUŞKARA - KUSKARA;KUŞKARA KÜME EVLER;sokak;519544
KASTAMONU;MERKEZ;KUZEYKENT;22. SOKAK;sokak;754806
KASTAMONU;MERKEZ;KUZEYKENT;24. SOKAK;sokak;754807
KASTAMONU;MERKEZ;KUZEYKENT;26. SOKAK;sokak;425511
KASTAMONU;MERKEZ;KUZEYKENT;28. SOKAK;sokak;189974
KASTAMONU;MERKEZ;KUZEYKENT;30. SOKAK;sokak;336950080
KASTAMONU;MERKEZ;KUZEYKENT;32. SOKAK;sokak;443256451
KASTAMONU;MERKEZ;KUZEYKENT;34 SOKAK;sokak;759417
KASTAMONU;MERKEZ;KUZEYKENT;36 SOKAK;sokak;860925
KASTAMONU;MERKEZ;KUZEYKENT;38 SOKAK;sokak;190695
KASTAMONU;MERKEZ;KUZEYKENT;40 SOKAK;sokak;425517
KASTAMONU;MERKEZ;KUZEYKENT;42. SOKAK;sokak;189975
KASTAMONU;MERKEZ;KUZEYKENT;44. SOKAK;sokak;189976
KASTAMONU;MERKEZ;KUZEYKENT;48. SOKAK;sokak;754899
KASTAMONU;MERKEZ;KUZEYKENT;50. SOKAK;sokak;419606
KASTAMONU;MERKEZ;KUZEYKENT;57.ALAY BULVAR;sokak;745249
KASTAMONU;MERKEZ;KUZEYKENT;58. SOKAK;sokak;1393057
KASTAMONU;MERKEZ;KUZEYKENT;60. SOKAK;sokak;990798
KASTAMONU;MERKEZ;KUZEYKENT;61. SOKAK;sokak;1375313
KASTAMONU;MERKEZ;KUZEYKENT;AKARSU SOKAK;sokak;47389
KASTAMONU;MERKEZ;KUZEYKENT;AKCAAĞAÇ SOKAK;sokak;740665
KASTAMONU;MERKEZ;KUZEYKENT;AKCADAĞ SOKAK;sokak;47387
KASTAMONU;MERKEZ;KUZEYKENT;AKINCI SOKAK;sokak;745673
KASTAMONU;MERKEZ;KUZEYKENT;AKKOÇ SOKAK;sokak;867497
KASTAMONU;MERKEZ;KUZEYKENT;AKYÜZ SOKAK;sokak;874050
KASTAMONU;MERKEZ;KUZEYKENT;ALACALI SOKAK;sokak;365452
KASTAMONU;MERKEZ;KUZEYKENT;ALINTERİ SOKAK;sokak;182358
KASTAMONU;MERKEZ;KUZEYKENT;ALKIM SOKAK;sokak;1100939
KASTAMONU;MERKEZ;KUZEYKENT;ALKIŞ SOKAK;sokak;746087
KASTAMONU;MERKEZ;KUZEYKENT;ALPARSLAN TÜRKEŞ BULVAR;sokak;39648
KASTAMONU;MERKEZ;KUZEYKENT;ARAT SOKAK;sokak;260894
KASTAMONU;MERKEZ;KUZEYKENT;AYBALA SOKAK;sokak;47388
KASTAMONU;MERKEZ;KUZEYKENT;BAHARLI SOKAK;sokak;1096088
KASTAMONU;MERKEZ;KUZEYKENT;BEŞİK SOKAK;sokak;397518
KASTAMONU;MERKEZ;KUZEYKENT;BEŞTEPE SOKAK;sokak;190551
KASTAMONU;MERKEZ;KUZEYKENT;BEYAZGÜL SOKAK;sokak;820080
KASTAMONU;MERKEZ;KUZEYKENT;BEYAZGÜL1 SOKAK;sokak;955265
KASTAMONU;MERKEZ;KUZEYKENT;BEYLER SOKAK;sokak;818369
KASTAMONU;MERKEZ;KUZEYKENT;BİLGİN SOKAK;sokak;387394
KASTAMONU;MERKEZ;KUZEYKENT;BİRLİK SOKAK;sokak;866831
KASTAMONU;MERKEZ;KUZEYKENT;BULUTLU SOKAK;sokak;952105
KASTAMONU;MERKEZ;KUZEYKENT;BURCU SOKAK;sokak;745670
KASTAMONU;MERKEZ;KUZEYKENT;BÜLTEN SOKAK;sokak;136600
KASTAMONU;MERKEZ;KUZEYKENT;CANAN SOKAK;sokak;1153842
KASTAMONU;MERKEZ;KUZEYKENT;CANKAT SOKAK;sokak;1027367
KASTAMONU;MERKEZ;KUZEYKENT;CEREN SOKAK;sokak;743192
KASTAMONU;MERKEZ;KUZEYKENT;CEVAHİR SOKAK;sokak;981581
KASTAMONU;MERKEZ;KUZEYKENT;CİHANNUMA SOKAK;sokak;389228111
KASTAMONU;MERKEZ;KUZEYKENT;CUMHUR SOKAK;sokak;739798
KASTAMONU;MERKEZ;KUZEYKENT;ÇAKABEY SOKAK;sokak;751857
KASTAMONU;MERKEZ;KUZEYKENT;DILDAR SOKAK;sokak;365451
KASTAMONU;MERKEZ;KUZEYKENT;DİRLİK SOKAK;sokak;1334669
KASTAMONU;MERKEZ;KUZEYKENT;EKİN SOKAK;sokak;737687
KASTAMONU;MERKEZ;KUZEYKENT;ELMAS SOKAK;sokak;892736
KASTAMONU;MERKEZ;KUZEYKENT;ELVAN SOKAK;sokak;751852
KASTAMONU;MERKEZ;KUZEYKENT;EMİN SOKAK;sokak;743196
KASTAMONU;MERKEZ;KUZEYKENT;EMİRGAN SOKAK;sokak;1332831
KASTAMONU;MERKEZ;KUZEYKENT;ENDER SOKAK;sokak;736091
KASTAMONU;MERKEZ;KUZEYKENT;ERDEM SOKAK;sokak;754913
KASTAMONU;MERKEZ;KUZEYKENT;ERDİ SOKAK;sokak;751805
KASTAMONU;MERKEZ;KUZEYKENT;ERDİREN SOKAK;sokak;190714
KASTAMONU;MERKEZ;KUZEYKENT;ERGENEKON SOKAK;sokak;253950
KASTAMONU;MERKEZ;KUZEYKENT;ERGÜL SOKAK;sokak;912599
KASTAMONU;MERKEZ;KUZEYKENT;ERSİN SOKAK;sokak;190716
KASTAMONU;MERKEZ;KUZEYKENT;ESGİN SOKAK;sokak;751803
KASTAMONU;MERKEZ;KUZEYKENT;GAZEL SOKAK;sokak;817976
KASTAMONU;MERKEZ;KUZEYKENT;GAZİLER SOKAK;sokak;743193
KASTAMONU;MERKEZ;KUZEYKENT;GONCA SOKAK;sokak;736093
KASTAMONU;MERKEZ;KUZEYKENT;GÜMÜŞDERE SOKAK;sokak;1052632
KASTAMONU;MERKEZ;KUZEYKENT;HARMAN SOKAK;sokak;751802
KASTAMONU;MERKEZ;KUZEYKENT;HIZIR SOKAK;sokak;829361
KASTAMONU;MERKEZ;KUZEYKENT;İLKER SOKAK;sokak;418261
KASTAMONU;MERKEZ;KUZEYKENT;KAĞNI SOKAK;sokak;751809
KASTAMONU;MERKEZ;KUZEYKENT;KAHRAMAN SOKAK;sokak;746090
KASTAMONU;MERKEZ;KUZEYKENT;KALBUR SOKAK;sokak;739796
KASTAMONU;MERKEZ;KUZEYKENT;KALENDER SOKAK;sokak;818365
KASTAMONU;MERKEZ;KUZEYKENT;KAMELYA SOKAK;sokak;1399017
KASTAMONU;MERKEZ;KUZEYKENT;KAMİL DEMİRCİOĞLU CADDE;cadde;47365
KASTAMONU;MERKEZ;KUZEYKENT;KARADENİZ SOKAK;sokak;751800
KASTAMONU;MERKEZ;KUZEYKENT;KARADUT SOKAK;sokak;260898
KASTAMONU;MERKEZ;KUZEYKENT;KARADUT1 SOKAK;sokak;957904
KASTAMONU;MERKEZ;KUZEYKENT;KARAYILAN SOKAK;sokak;937491
KASTAMONU;MERKEZ;KUZEYKENT;KARTOPU SOKAK;sokak;47386
KASTAMONU;MERKEZ;KUZEYKENT;KAYIN SOKAK;sokak;891725
KASTAMONU;MERKEZ;KUZEYKENT;KAZIM KARABEKİR CADDE;cadde;136597
KASTAMONU;MERKEZ;KUZEYKENT;KOZA SOKAK;sokak;951775
KASTAMONU;MERKEZ;KUZEYKENT;KUZEYKENT 1 SOKAK;sokak;894850
KASTAMONU;MERKEZ;KUZEYKENT;MELİKE SOKAK;sokak;130112
KASTAMONU;MERKEZ;KUZEYKENT;MERİÇ SOKAK;sokak;751636
KASTAMONU;MERKEZ;KUZEYKENT;MERTLER SOKAK;sokak;746089
KASTAMONU;MERKEZ;KUZEYKENT;MESNEVİ SOKAK;sokak;738939
KASTAMONU;MERKEZ;KUZEYKENT;MEŞELİ SOKAK;sokak;754619
KASTAMONU;MERKEZ;KUZEYKENT;METEHAN CADDE;cadde;736090
KASTAMONU;MERKEZ;KUZEYKENT;MİRALAY HALİT BEY CADDE;cadde;746088
KASTAMONU;MERKEZ;KUZEYKENT;MUTLU SOKAK;sokak;425838
KASTAMONU;MERKEZ;KUZEYKENT;MÜDAFA SOKAK;sokak;751808
KASTAMONU;MERKEZ;KUZEYKENT;NADİR SOKAK;sokak;751807
KASTAMONU;MERKEZ;KUZEYKENT;NAR SOKAK;sokak;754909
KASTAMONU;MERKEZ;KUZEYKENT;NARLI SOKAK;sokak;754911
KASTAMONU;MERKEZ;KUZEYKENT;ORGENERAL ATİLLA ATEŞ PAŞA CADDE;cadde;738940
KASTAMONU;MERKEZ;KUZEYKENT;ÖZBEY SOKAK;sokak;754620
KASTAMONU;MERKEZ;KUZEYKENT;SARDUNYA SOKAK;sokak;1021110
KASTAMONU;MERKEZ;KUZEYKENT;SARIÇAM_1 SOKAK;sokak;1244123
KASTAMONU;MERKEZ;KUZEYKENT;SERHAT SOKAK;sokak;762902
KASTAMONU;MERKEZ;KUZEYKENT;SOLMAZ SOKAK;sokak;754915
KASTAMONU;MERKEZ;KUZEYKENT;SORGUN SOKAK;sokak;754916
KASTAMONU;MERKEZ;KUZEYKENT;SÜLÜN SOKAK;sokak;236237
KASTAMONU;MERKEZ;KUZEYKENT;SÜMER SOKAK;sokak;260901
KASTAMONU;MERKEZ;KUZEYKENT;ŞAHİNLER SOKAK;sokak;754914
KASTAMONU;MERKEZ;KUZEYKENT;TAŞDELEN SOKAK;sokak;934799
KASTAMONU;MERKEZ;KUZEYKENT;TAŞKIN SOKAK;sokak;1335431
KASTAMONU;MERKEZ;KUZEYKENT;TURNA SOKAK;sokak;136621
KASTAMONU;MERKEZ;KUZEYKENT;ÜLKÜ SOKAK;sokak;1415481
KASTAMONU;MERKEZ;KUZEYKENT;ÜSTÜN SOKAK;sokak;190715
KASTAMONU;MERKEZ;KUZEYKENT;VALİ AYDIN ARSLAN CADDE;cadde;743194
KASTAMONU;MERKEZ;KUZEYKENT;YAREN SOKAK;sokak;754917
KASTAMONU;MERKEZ;KUZEYKENT;YAYLA SOKAK;sokak;746086
KASTAMONU;MERKEZ;KUZEYKENT;YİĞİTLER SOKAK;sokak;754618
KASTAMONU;MERKEZ;KUZEYKENT;ZORLU SOKAK;sokak;935736
KASTAMONU;MERKEZ;KUZYAKA - BAYLAR;BAYLAR KÜME EVLER;sokak;88587
KASTAMONU;MERKEZ;KUZYAKA - KUZYAKA;KUZYAKA KÜME EVLER;sokak;599511
KASTAMONU;MERKEZ;KUZYAKA BUCAĞI ÇAVUNDUR - BAYRAMLI;BAYRAMLI KÜME EVLER;sokak;390414
KASTAMONU;MERKEZ;KUZYAKA BUCAĞI ÇAVUNDUR - BEKRİ;BEKRİ KÜME EVLER;sokak;619126
KASTAMONU;MERKEZ;KUZYAKA BUCAĞI ÇAVUNDUR - ÇAVUNDUR;ÇAVUNDUR KÜME EVLER;sokak;608173
KASTAMONU;MERKEZ;KUZYAKA BUCAĞI EMİRLER - BEKTAŞ;BEKTAŞ KÜME EVLER;sokak;609614
KASTAMONU;MERKEZ;KUZYAKA BUCAĞI EMİRLER - DERE;DERE KÜME EVLER;sokak;611374
KASTAMONU;MERKEZ;KUZYAKA BUCAĞI EMİRLER - EMİRLER;EMİRLER KÜME EVLER;sokak;600367
KASTAMONU;MERKEZ;KUZYAKA BUCAĞI EMİRLER - SOĞANCI;SOĞANCI KÜME EVLER;sokak;605585
KASTAMONU;MERKEZ;KUZYAKA BUCAĞI EMİRLER - TABASAK;TABASAK KÜME EVLER;sokak;609636
KASTAMONU;MERKEZ;KUZYAKA BUCAĞI İSMAİLLİ - BACAK;BACAK KÜME EVLER;sokak;357124
KASTAMONU;MERKEZ;KUZYAKA BUCAĞI İSMAİLLİ - İMAM;İMAM KÜME EVLER;sokak;520216
KASTAMONU;MERKEZ;KUZYAKA BUCAĞI İSMAİLLİ - İSMAİLLİ;İSMAİLLİ KÜME EVLER;sokak;509897
KASTAMONU;MERKEZ;KUZYAKA BUCAĞI İSMAİLLİ - KIRAÇLI;KIRAÇLI KÜME EVLER;sokak;522037
KASTAMONU;MERKEZ;KUZYAKA BUCAĞI İSMAİLLİ - ÖMER;ÖMER KÜME EVLER;sokak;522035
KASTAMONU;MERKEZ;KUZYAKA BUCAĞI KIYIK - CİVEK;CİVEK KÜME EVLER;sokak;571104
KASTAMONU;MERKEZ;KUZYAKA BUCAĞI KIYIK - KIYIK;KIYIK KÜME EVLER;sokak;571082
KASTAMONU;MERKEZ;KUZYAKA BUCAĞI KIYIK - SARI KADI;SARI KADI KÜME EVLER;sokak;571105
KASTAMONU;MERKEZ;KÜÇÜKSU - ÇERKEZ;ÇERKEZ KÜME EVLER;sokak;354003
KASTAMONU;MERKEZ;KÜÇÜKSU - HACIMAN;HACIMAN KÜME EVLER;sokak;500697
KASTAMONU;MERKEZ;KÜÇÜKSU - MERKEZ;MERKEZ KÜME EVLER;sokak;498344
KASTAMONU;MERKEZ;KÜÇÜKSU - TEKKE;TEKKE KÜME EVLER;sokak;506766
KASTAMONU;MERKEZ;MEHMET AKİF ERSOY;1.MEHMET AKİF ERSOY- SOKAK;sokak;916841
KASTAMONU;MERKEZ;MEHMET AKİF ERSOY;123 SOKAK;sokak;1283305
KASTAMONU;MERKEZ;MEHMET AKİF ERSOY;126 SOKAK;sokak;994168851
KASTAMONU;MERKEZ;MEHMET AKİF ERSOY;141 SOKAK;sokak;468275801
KASTAMONU;MERKEZ;MEHMET AKİF ERSOY;149 SOKAK;sokak;756608451
KASTAMONU;MERKEZ;MEHMET AKİF ERSOY;156 SOKAK;sokak;576572231
KASTAMONU;MERKEZ;MEHMET AKİF ERSOY;157 SOKAK;sokak;962410881
KASTAMONU;MERKEZ;MEHMET AKİF ERSOY;162 SOKAK;sokak;545884621
KASTAMONU;MERKEZ;MEHMET AKİF ERSOY;165 SOKAK;sokak;879686401
KASTAMONU;MERKEZ;MEHMET AKİF ERSOY;166 SOKAK;sokak;990867461
KASTAMONU;MERKEZ;MEHMET AKİF ERSOY;171. SOKAK;sokak;134774501
KASTAMONU;MERKEZ;MEHMET AKİF ERSOY;176 SOKAK;sokak;1295021
KASTAMONU;MERKEZ;MEHMET AKİF ERSOY;177 SOKAK;sokak;1110624
KASTAMONU;MERKEZ;MEHMET AKİF ERSOY;185 SOKAK;sokak;1248717
KASTAMONU;MERKEZ;MEHMET AKİF ERSOY;186 SOKAK;sokak;1391235
KASTAMONU;MERKEZ;MEHMET AKİF ERSOY;187 SOKAK;sokak;990450
KASTAMONU;MERKEZ;MEHMET AKİF ERSOY;189. SOKAK;sokak;1108078
KASTAMONU;MERKEZ;MEHMET AKİF ERSOY;190 SOKAK;sokak;986548
KASTAMONU;MERKEZ;MEHMET AKİF ERSOY;199 SOKAK;sokak;416946471
KASTAMONU;MERKEZ;MEHMET AKİF ERSOY;213. SOKAK;sokak;950772851
KASTAMONU;MERKEZ;MEHMET AKİF ERSOY;230 SOKAK;sokak;1271465
KASTAMONU;MERKEZ;MEHMET AKİF ERSOY;232. SOKAK;sokak;1113033
KASTAMONU;MERKEZ;MEHMET AKİF ERSOY;242. SOKAK;sokak;1113027
KASTAMONU;MERKEZ;MEHMET AKİF ERSOY;243. SOKAK;sokak;1113029
KASTAMONU;MERKEZ;MEHMET AKİF ERSOY;259 SOKAK;sokak;1233847
KASTAMONU;MERKEZ;MEHMET AKİF ERSOY;ABİDE SOKAK;sokak;1054231
KASTAMONU;MERKEZ;MEHMET AKİF ERSOY;AÇELYA SOKAK;sokak;1142599
KASTAMONU;MERKEZ;MEHMET AKİF ERSOY;ARIK SOKAK;sokak;1216763
KASTAMONU;MERKEZ;MEHMET AKİF ERSOY;ARNAVUTOGLU CADDE;cadde;651118
KASTAMONU;MERKEZ;MEHMET AKİF ERSOY;ARUZ SOKAK;sokak;1036635
KASTAMONU;MERKEZ;MEHMET AKİF ERSOY;ATILGAN SOKAK;sokak;1131360
KASTAMONU;MERKEZ;MEHMET AKİF ERSOY;AZİM SOKAK;sokak;1076868
KASTAMONU;MERKEZ;MEHMET AKİF ERSOY;BAĞLAR SOKAK;sokak;429592541
KASTAMONU;MERKEZ;MEHMET AKİF ERSOY;BAHADIR SOKAK;sokak;461754
KASTAMONU;MERKEZ;MEHMET AKİF ERSOY;BALCI SOKAK;sokak;1062589
KASTAMONU;MERKEZ;MEHMET AKİF ERSOY;BALKIR SOKAK;sokak;929015291
KASTAMONU;MERKEZ;MEHMET AKİF ERSOY;BALYA SOKAK;sokak;1382301
KASTAMONU;MERKEZ;MEHMET AKİF ERSOY;BASAK SOKAK;sokak;510621491
KASTAMONU;MERKEZ;MEHMET AKİF ERSOY;BENGİSU SOKAK;sokak;708368041
KASTAMONU;MERKEZ;MEHMET AKİF ERSOY;BESTECİ SOKAK;sokak;991225091
KASTAMONU;MERKEZ;MEHMET AKİF ERSOY;BEŞBIYIK SOKAK;sokak;961520
KASTAMONU;MERKEZ;MEHMET AKİF ERSOY;BEYLİK SOKAK;sokak;1386055
KASTAMONU;MERKEZ;MEHMET AKİF ERSOY;BEYTÖRE SOKAK;sokak;1065412
KASTAMONU;MERKEZ;MEHMET AKİF ERSOY;BÜLBÜL SOKAK;sokak;639918
KASTAMONU;MERKEZ;MEHMET AKİF ERSOY;CEM SOKAK;sokak;829406
KASTAMONU;MERKEZ;MEHMET AKİF ERSOY;CEYHUN SOKAK;sokak;732706701
KASTAMONU;MERKEZ;MEHMET AKİF ERSOY;CİHAN SOKAK;sokak;639059701
KASTAMONU;MERKEZ;MEHMET AKİF ERSOY;ÇAKIL SOKAK;sokak;1086087
KASTAMONU;MERKEZ;MEHMET AKİF ERSOY;ÇAYİÇİ SOKAK;sokak;1037882
KASTAMONU;MERKEZ;MEHMET AKİF ERSOY;DAĞLAR SOKAK;sokak;1060194
KASTAMONU;MERKEZ;MEHMET AKİF ERSOY;DANİŞMEND SOKAK;sokak;1192961
KASTAMONU;MERKEZ;MEHMET AKİF ERSOY;EKSEN SOKAK;sokak;1268313
KASTAMONU;MERKEZ;MEHMET AKİF ERSOY;ENSAR SOKAK;sokak;1063094
KASTAMONU;MERKEZ;MEHMET AKİF ERSOY;ESEN SOKAK;sokak;844250
KASTAMONU;MERKEZ;MEHMET AKİF ERSOY;EYÜP AĞA CAMİ SOKAK;sokak;646868
KASTAMONU;MERKEZ;MEHMET AKİF ERSOY;FETİH SOKAK;sokak;646875
KASTAMONU;MERKEZ;MEHMET AKİF ERSOY;FEYİZ SOKAK;sokak;650851
KASTAMONU;MERKEZ;MEHMET AKİF ERSOY;FEZA SOKAK;sokak;640787
KASTAMONU;MERKEZ;MEHMET AKİF ERSOY;FİDAN SOKAK;sokak;650857
KASTAMONU;MERKEZ;MEHMET AKİF ERSOY;GELİNCİK SOKAK;sokak;677200
KASTAMONU;MERKEZ;MEHMET AKİF ERSOY;GEMİCİ CADDE;cadde;959681
KASTAMONU;MERKEZ;MEHMET AKİF ERSOY;GİRAY SOKAK;sokak;678087
KASTAMONU;MERKEZ;MEHMET AKİF ERSOY;GİTGİT SOKAK;sokak;1095382
KASTAMONU;MERKEZ;MEHMET AKİF ERSOY;GÖKÇE SOKAK;sokak;1283609
KASTAMONU;MERKEZ;MEHMET AKİF ERSOY;GÖKTÜRK SOKAK;sokak;651582
KASTAMONU;MERKEZ;MEHMET AKİF ERSOY;GÖRGÜLÜ SOKAK;sokak;745921
KASTAMONU;MERKEZ;MEHMET AKİF ERSOY;GÜLBOSTAN SOKAK;sokak;1375145
KASTAMONU;MERKEZ;MEHMET AKİF ERSOY;GÜNAYDIN SOKAK;sokak;750961
KASTAMONU;MERKEZ;MEHMET AKİF ERSOY;GÜNDÜZ SOKAK;sokak;763983
KASTAMONU;MERKEZ;MEHMET AKİF ERSOY;GÜNEBAKAN SOKAK;sokak;1144062
KASTAMONU;MERKEZ;MEHMET AKİF ERSOY;GÜVENDİK SOKAK;sokak;1108074
KASTAMONU;MERKEZ;MEHMET AKİF ERSOY;GÜVERCİN SOKAK;sokak;648205
KASTAMONU;MERKEZ;MEHMET AKİF ERSOY;HANIMELİ SOKAK;sokak;1074198
KASTAMONU;MERKEZ;MEHMET AKİF ERSOY;HASRET SOKAK;sokak;677469
KASTAMONU;MERKEZ;MEHMET AKİF ERSOY;HATMİ SOKAK;sokak;1295579
KASTAMONU;MERKEZ;MEHMET AKİF ERSOY;HAYRİ DARENDE SOKAK;sokak;651829
KASTAMONU;MERKEZ;MEHMET AKİF ERSOY;HAZAR SOKAK;sokak;565789
KASTAMONU;MERKEZ;MEHMET AKİF ERSOY;HİLAL SOKAK;sokak;650785
KASTAMONU;MERKEZ;MEHMET AKİF ERSOY;HİSAR SOKAK;sokak;759950
KASTAMONU;MERKEZ;MEHMET AKİF ERSOY;HÜRKAN SOKAK;sokak;865574
KASTAMONU;MERKEZ;MEHMET AKİF ERSOY;HÜRRİYET SOKAK;sokak;1147464
KASTAMONU;MERKEZ;MEHMET AKİF ERSOY;IŞIK SOKAK;sokak;639920
KASTAMONU;MERKEZ;MEHMET AKİF ERSOY;İNCİ SOKAK;sokak;649444
KASTAMONU;MERKEZ;MEHMET AKİF ERSOY;İPEK SOKAK;sokak;646783
KASTAMONU;MERKEZ;MEHMET AKİF ERSOY;KARACA SOKAK;sokak;762480
KASTAMONU;MERKEZ;MEHMET AKİF ERSOY;KARAHAN SOKAK;sokak;784898461
KASTAMONU;MERKEZ;MEHMET AKİF ERSOY;KARANFİL SOKAK;sokak;639913
KASTAMONU;MERKEZ;MEHMET AKİF ERSOY;KARDELEN SOKAK;sokak;652045
KASTAMONU;MERKEZ;MEHMET AKİF ERSOY;KARTAL SOKAK;sokak;651114
KASTAMONU;MERKEZ;MEHMET AKİF ERSOY;KAYGISIZ SOKAK;sokak;1041170
KASTAMONU;MERKEZ;MEHMET AKİF ERSOY;KAYI SOKAK;sokak;641223
KASTAMONU;MERKEZ;MEHMET AKİF ERSOY;KAZAN SOKAK;sokak;1037886
KASTAMONU;MERKEZ;MEHMET AKİF ERSOY;KEMAL ÇAPRAZ CADDE;cadde;1110283
KASTAMONU;MERKEZ;MEHMET AKİF ERSOY;KEVSER SOKAK;sokak;650855
KASTAMONU;MERKEZ;MEHMET AKİF ERSOY;KINIK SOKAK;sokak;646866
KASTAMONU;MERKEZ;MEHMET AKİF ERSOY;KISMET SOKAK;sokak;1108156
KASTAMONU;MERKEZ;MEHMET AKİF ERSOY;KIVRIK SOKAK;sokak;1232125
KASTAMONU;MERKEZ;MEHMET AKİF ERSOY;KIVRIMLI SOKAK;sokak;1001875
KASTAMONU;MERKEZ;MEHMET AKİF ERSOY;KUMRU SOKAK;sokak;83309
KASTAMONU;MERKEZ;MEHMET AKİF ERSOY;KÜLTÜR BULVAR;sokak;487997531
KASTAMONU;MERKEZ;MEHMET AKİF ERSOY;KÜSTÜM SOKAK;sokak;1141733
KASTAMONU;MERKEZ;MEHMET AKİF ERSOY;LALE SOKAK;sokak;647924
KASTAMONU;MERKEZ;MEHMET AKİF ERSOY;LEYLAK SOKAK;sokak;639908
KASTAMONU;MERKEZ;MEHMET AKİF ERSOY;M.AKİF 1 SOKAK;sokak;892929
KASTAMONU;MERKEZ;MEHMET AKİF ERSOY;MALKOÇ SOKAK;sokak;745922
KASTAMONU;MERKEZ;MEHMET AKİF ERSOY;MEHMET AKİF ERSOY 2. SOKAK;sokak;1066103
KASTAMONU;MERKEZ;MEHMET AKİF ERSOY;MEHMET AKİF ERSOY 4. SOKAK;sokak;1065993
KASTAMONU;MERKEZ;MEHMET AKİF ERSOY;MEHTAP SOKAK;sokak;174470
KASTAMONU;MERKEZ;MEHMET AKİF ERSOY;MELTEM SOKAK;sokak;1294557
KASTAMONU;MERKEZ;MEHMET AKİF ERSOY;MENEKŞE SOKAK;sokak;646874
KASTAMONU;MERKEZ;MEHMET AKİF ERSOY;MERCAN SOKAK;sokak;650786
KASTAMONU;MERKEZ;MEHMET AKİF ERSOY;MERT SOKAK;sokak;649079
KASTAMONU;MERKEZ;MEHMET AKİF ERSOY;MURATLI SOKAK;sokak;651580
KASTAMONU;MERKEZ;MEHMET AKİF ERSOY;NARİN SOKAK;sokak;651845
KASTAMONU;MERKEZ;MEHMET AKİF ERSOY;NEYZEN_1 SOKAK;sokak;742680
KASTAMONU;MERKEZ;MEHMET AKİF ERSOY;NİLÜFER SOKAK;sokak;639916
KASTAMONU;MERKEZ;MEHMET AKİF ERSOY;ÖKSÜZ SOKAK;sokak;1122068
KASTAMONU;MERKEZ;MEHMET AKİF ERSOY;ÖMÜR SOKAK;sokak;768533
KASTAMONU;MERKEZ;MEHMET AKİF ERSOY;ÖNDER SOKAK;sokak;652047
KASTAMONU;MERKEZ;MEHMET AKİF ERSOY;ÖVÜNÇ SOKAK;sokak;646863
KASTAMONU;MERKEZ;MEHMET AKİF ERSOY;PAPATYA SOKAK;sokak;826925911
KASTAMONU;MERKEZ;MEHMET AKİF ERSOY;PAŞA SOKAK;sokak;1058515
KASTAMONU;MERKEZ;MEHMET AKİF ERSOY;PERÇEM SOKAK;sokak;809995
KASTAMONU;MERKEZ;MEHMET AKİF ERSOY;PINAR SOKAK;sokak;653165
KASTAMONU;MERKEZ;MEHMET AKİF ERSOY;RAUF DENKTAŞ CADDE;cadde;650649
KASTAMONU;MERKEZ;MEHMET AKİF ERSOY;REYHAN SOKAK;sokak;639907
KASTAMONU;MERKEZ;MEHMET AKİF ERSOY;SABIR SOKAK;sokak;653168
KASTAMONU;MERKEZ;MEHMET AKİF ERSOY;SEÇKİN SOKAK;sokak;653167
KASTAMONU;MERKEZ;MEHMET AKİF ERSOY;SEDEF SOKAK;sokak;649439
KASTAMONU;MERKEZ;MEHMET AKİF ERSOY;SELVİ SOKAK;sokak;653166
KASTAMONU;MERKEZ;MEHMET AKİF ERSOY;SEPETÇİOĞLU SOKAK;sokak;640798
KASTAMONU;MERKEZ;MEHMET AKİF ERSOY;SERVET SOKAK;sokak;650858
KASTAMONU;MERKEZ;MEHMET AKİF ERSOY;SÜMBÜL SOKAK;sokak;646864
KASTAMONU;MERKEZ;MEHMET AKİF ERSOY;ŞAHİNLİ SOKAK;sokak;646867
KASTAMONU;MERKEZ;MEHMET AKİF ERSOY;ŞEHİT AYHAN KURTÇU SOKAK;sokak;1085510
KASTAMONU;MERKEZ;MEHMET AKİF ERSOY;ŞEHİT BURAK KAPUCUOĞLU SOKAK;sokak;918032
KASTAMONU;MERKEZ;MEHMET AKİF ERSOY;ŞEHİT BÜLENT GİDER CADDE;cadde;639904
KASTAMONU;MERKEZ;MEHMET AKİF ERSOY;ŞEHİT ŞERİFE BACI CADDE;cadde;260599
KASTAMONU;MERKEZ;MEHMET AKİF ERSOY;ŞEREF SOKAK;sokak;639921
KASTAMONU;MERKEZ;MEHMET AKİF ERSOY;ŞİRİN SOKAK;sokak;652879
KASTAMONU;MERKEZ;MEHMET AKİF ERSOY;ŞÖLEN SOKAK;sokak;676994
KASTAMONU;MERKEZ;MEHMET AKİF ERSOY;TELTEL SOKAK;sokak;420812161
KASTAMONU;MERKEZ;MEHMET AKİF ERSOY;TURA SOKAK;sokak;649080
KASTAMONU;MERKEZ;MEHMET AKİF ERSOY;UĞUR SOKAK;sokak;675041
KASTAMONU;MERKEZ;MEHMET AKİF ERSOY;ULUPINAR SOKAK;sokak;1106673
KASTAMONU;MERKEZ;MEHMET AKİF ERSOY;UMUT SOKAK;sokak;276739
KASTAMONU;MERKEZ;MEHMET AKİF ERSOY;ÜÇOLUKLU SOKAK;sokak;569998241
KASTAMONU;MERKEZ;MEHMET AKİF ERSOY;ÜLKÜ_1 SOKAK;sokak;844249
KASTAMONU;MERKEZ;MEHMET AKİF ERSOY;YAĞMUR SOKAK;sokak;751287
KASTAMONU;MERKEZ;MEHMET AKİF ERSOY;YAKUT SOKAK;sokak;652066
KASTAMONU;MERKEZ;MEHMET AKİF ERSOY;YALÇIN_1 SOKAK;sokak;650847
KASTAMONU;MERKEZ;MEHMET AKİF ERSOY;ZAKKUM- SOKAK;sokak;676993
KASTAMONU;MERKEZ;MERKEZ BUCAĞI ÇAVUNDUR - MERKEZ;MERKEZ KÜME EVLER;sokak;619128
KASTAMONU;MERKEZ;MERKEZ BUCAĞI EMİRLER - BULAMAÇ;BULAMAÇ KÜME EVLER;sokak;532683
KASTAMONU;MERKEZ;MERKEZ BUCAĞI EMİRLER - MERKEZ;MERKEZ KÜME EVLER;sokak;529277
KASTAMONU;MERKEZ;MERKEZ BUCAĞI EMİRLER - ŞEKER;ŞEKER KÜME EVLER;sokak;531779
KASTAMONU;MERKEZ;MERKEZ BUCAĞI KIYIK - AŞAĞI;AŞAĞI KÜME EVLER;sokak;501795
KASTAMONU;MERKEZ;MERKEZ BUCAĞI KIYIK - KIYIK;KIYIK KÜME EVLER;sokak;504866
KASTAMONU;MERKEZ;MERKEZ BUCAĞI KIYIK - TEPE;TEPE KÜME EVLER;sokak;166848
KASTAMONU;MERKEZ;MESCİTKÖY - KOŞANLI;KOŞANLI KÜME EVLER;sokak;559949
KASTAMONU;MERKEZ;MESCİTKÖY - MESCİT;MESCİT KÜME EVLER;sokak;550892
KASTAMONU;MERKEZ;MOLLAKÖY - MERKEZ;MERKEZ 1 KÜME EVLER;sokak;510519
KASTAMONU;MERKEZ;MUSALLAR - ALLAR;ALLAR KÜME EVLER;sokak;521885
KASTAMONU;MERKEZ;MUSALLAR - GÖZLER;GÖZLER KÜME EVLER;sokak;297603
KASTAMONU;MERKEZ;MUSALLAR - KAPAKLI;KAPAKLI KÜME EVLER;sokak;510753
KASTAMONU;MERKEZ;MUSALLAR - MERKEZ;MERKEZ KÜME EVLER;sokak;518475
KASTAMONU;MERKEZ;MUSALLAR - PÜRLÜ;PÜRLÜ KÜME EVLER;sokak;297581
KASTAMONU;MERKEZ;NALCIKUYUCAĞI - NALCIKUYUCAĞI;NALCIKUYUCAĞI KÜME EVLER;sokak;34932
KASTAMONU;MERKEZ;NUMANLAR - NUMANLAR;NUMANLAR KÜME EVLER;sokak;266879
KASTAMONU;MERKEZ;OBRUK - KARAHACILAR;KARAHACILAR KÜME EVLER;sokak;506167
KASTAMONU;MERKEZ;OBRUK - MERKEZ;MERKEZ KÜME EVLER;sokak;509906
KASTAMONU;MERKEZ;OBRUK - ŞAN;ŞAN KÜME EVLER;sokak;508799
KASTAMONU;MERKEZ;OBRUK - TEPE;TEPE KÜME EVLER;sokak;514416
KASTAMONU;MERKEZ;OBRUK - YENİ;YENİ KÜME EVLER;sokak;510482
KASTAMONU;MERKEZ;OĞULKÖY - KÖYÜN KENDİSİ;OĞUL KÜME EVLER;sokak;259789
KASTAMONU;MERKEZ;OĞULKÖY - SARIKAYA;SARIKAYA KÜME EVLER;sokak;266829
KASTAMONU;MERKEZ;OMCULAR - AS;AS KÜME EVLER;sokak;482061
KASTAMONU;MERKEZ;OMCULAR - HACIBEY;HACIBEY KÜME EVLER;sokak;355691
KASTAMONU;MERKEZ;OMCULAR - OMCULAR;OMCULAR KÜME EVLER;sokak;481628
KASTAMONU;MERKEZ;ORTABOĞAZ - KAYSEROĞLU;KAYSEROĞLU KÜME EVLER;sokak;451646
KASTAMONU;MERKEZ;ORTABOĞAZ - ORTABOĞAZ;ORTABOĞAZ KÜME EVLER;sokak;258717
KASTAMONU;MERKEZ;ORTABOĞAZ - YUKARI KÖY;YUKARI KÖY KÜME EVLER;sokak;261634
KASTAMONU;MERKEZ;ORTAKÖY - AYVAT;AYVAT KÜME EVLER;sokak;514480
KASTAMONU;MERKEZ;ORTAKÖY - İMAM;İMAM KÜME EVLER;sokak;513422
KASTAMONU;MERKEZ;ORTAKÖY - KAVACIK;KAVACIK KÜME EVLER;sokak;509010
KASTAMONU;MERKEZ;ORTAKÖY - ORTA;ORTA KÜME EVLER;sokak;522047
KASTAMONU;MERKEZ;ORTAKÖY - YENİKÖY;YENİKÖY KÜME EVLER;sokak;26553
KASTAMONU;MERKEZ;ÖMERLİ - ÖMERLİ;ÖMERLİ KÜME EVLER;sokak;543605
KASTAMONU;MERKEZ;ÖRENCİK - HAVA ALANI TUREM;HAVA ALANI TUREM KÜME EVLER;sokak;516960
KASTAMONU;MERKEZ;ÖRENCİK - HOLDİNG EVLERİ;HOLDİNG EVLERİ KÜME EVLER;sokak;521677
KASTAMONU;MERKEZ;ÖRENCİK - İZBELİ;İZBELİ KÜME EVLER;sokak;85200
KASTAMONU;MERKEZ;ÖRENCİK - İZBELİ;MEHMET SİRKECİOĞLU SOKAK;sokak;123735361
KASTAMONU;MERKEZ;ÖRENCİK - KAVACIK;KAVACIK KÜME EVLER;sokak;520792
KASTAMONU;MERKEZ;ÖRENCİK - KAVACIK;MEHMET SİRKECİOĞLU SOKAK;sokak;273567161
KASTAMONU;MERKEZ;ÖRENCİK - ÖRENCİK;ÖRENCİK KÜME EVLER;sokak;108378
KASTAMONU;MERKEZ;ÖRENCİK - ÖTE KAVACIK;ANKARA YOLU KÜME EVLER;sokak;519490
KASTAMONU;MERKEZ;ÖRENCİK - ÖTE KAVACIK;ÖRENCIK1. SOKAK;sokak;746417881
KASTAMONU;MERKEZ;ÖRENCİK - ÖTE ÖRENCİK;ÖTE ÖRENCİK KÜME EVLER;sokak;519162
KASTAMONU;MERKEZ;ÖRENCİK - YEŞİLKENT;LEDAKENT KÜME EVLER;sokak;1099407
KASTAMONU;MERKEZ;ÖRENCİK - YEŞİLKENT;SİMSAR SAĞLIK KÜME EVLER;sokak;1129371
KASTAMONU;MERKEZ;ÖRENCİK - YEŞİLKENT;YEŞİLKENT KÜME EVLER;sokak;517481
KASTAMONU;MERKEZ;ÖRENYERİ - ÇORAK;ÇORAK KÜME EVLER;sokak;251922
KASTAMONU;MERKEZ;ÖRENYERİ - ÖRENYERİ;ÖRENYERİ KÜME EVLER;sokak;527608
KASTAMONU;MERKEZ;ÖRENYERİ - SAĞARCIK;SAĞARCIK KÜME EVLER;sokak;527610
KASTAMONU;MERKEZ;PEHLİVANKÖY - BIYIKLI;BIYIKLI KÜME EVLER;sokak;501760
KASTAMONU;MERKEZ;PEHLİVANKÖY - DERVİŞ;DERVİŞ KÜME EVLER;sokak;502895
KASTAMONU;MERKEZ;PEHLİVANKÖY - PEHLİVAN;PEHLİVAN KÜME EVLER;sokak;505158
KASTAMONU;MERKEZ;SADA - ÇILDIR;ÇILDIR KÜME EVLER;sokak;601353
KASTAMONU;MERKEZ;SADA - MAVİLİ;MAVİLİ KÜME EVLER;sokak;601357
KASTAMONU;MERKEZ;SADA - OVACIK;OVACIK KÜME EVLER;sokak;604025
KASTAMONU;MERKEZ;SADA - SADE;SADE KÜME EVLER;sokak;600180
KASTAMONU;MERKEZ;SAHİP - DERVİŞ;DERVİŞ KÜME EVLER;sokak;549234
KASTAMONU;MERKEZ;SAHİP - HACIALİ;HACIALİ KÜME EVLER;sokak;325283
KASTAMONU;MERKEZ;SAHİP - KADI;KADI KÜME EVLER;sokak;682283
KASTAMONU;MERKEZ;SAHİP - KARANDI;KARANDI KÜME EVLER;sokak;326934
KASTAMONU;MERKEZ;SAHİP - MÜNEVVERLER;MÜNEVVERLER KÜME EVLER;sokak;325473
KASTAMONU;MERKEZ;SAHİP - SAHİP;SAHİP KÜME EVLER;sokak;316011
KASTAMONU;MERKEZ;SAHİP - YENİAĞA;YENİAĞA KÜME EVLER;sokak;556609
KASTAMONU;MERKEZ;SAPACA - AŞAĞI;AŞAĞI KÜME EVLER;sokak;564731
KASTAMONU;MERKEZ;SAPACA - GÖNCÜLER;GÖNCÜLER KÜME EVLER;sokak;574235
KASTAMONU;MERKEZ;SAPACA - SAPACA;SAPACA KÜME EVLER;sokak;576173
KASTAMONU;MERKEZ;SARAÇLAR;AKAR SOKAK;sokak;995094731
KASTAMONU;MERKEZ;SARAÇLAR;ALEM SOKAK;sokak;1361595
KASTAMONU;MERKEZ;SARAÇLAR;ANKARA CADDE;cadde;503394
KASTAMONU;MERKEZ;SARAÇLAR;ARAÇ CADDE;cadde;89406
KASTAMONU;MERKEZ;SARAÇLAR;ARGIN SOKAK;sokak;674814401
KASTAMONU;MERKEZ;SARAÇLAR;AŞKAROĞLU SOKAK;sokak;505923
KASTAMONU;MERKEZ;SARAÇLAR;BALABAN SOKAK;sokak;515353
KASTAMONU;MERKEZ;SARAÇLAR;BAŞAK SOKAK;sokak;310412131
KASTAMONU;MERKEZ;SARAÇLAR;BAYINDIR SOKAK;sokak;89378
KASTAMONU;MERKEZ;SARAÇLAR;BİLAL CİVCİOĞLU CADDE;cadde;89420
KASTAMONU;MERKEZ;SARAÇLAR;CEBECİ SOKAK;sokak;974218611
KASTAMONU;MERKEZ;SARAÇLAR;CERİTOĞLU CADDE;cadde;501887
KASTAMONU;MERKEZ;SARAÇLAR;ÇAĞLAYAN SOKAK;sokak;515351
KASTAMONU;MERKEZ;SARAÇLAR;ÇUHADAROĞLU SOKAK;sokak;503643
KASTAMONU;MERKEZ;SARAÇLAR;DERBENT YOLU SOKAK;sokak;344572340
KASTAMONU;MERKEZ;SARAÇLAR;DOLAMBAÇ SOKAK;sokak;924758
KASTAMONU;MERKEZ;SARAÇLAR;DÜZGÜN SOKAK;sokak;1403091
KASTAMONU;MERKEZ;SARAÇLAR;EFE SOKAK;sokak;512630
KASTAMONU;MERKEZ;SARAÇLAR;ELÇİ SOKAK;sokak;512629
KASTAMONU;MERKEZ;SARAÇLAR;EMİR SOKAK;sokak;512626
KASTAMONU;MERKEZ;SARAÇLAR;EROL SAYAN CADDE;cadde;979360741
KASTAMONU;MERKEZ;SARAÇLAR;ESİNTİ SOKAK;sokak;515350
KASTAMONU;MERKEZ;SARAÇLAR;EYMEN SOKAK;sokak;1009170
KASTAMONU;MERKEZ;SARAÇLAR;EYMÜR SOKAK;sokak;407345011
KASTAMONU;MERKEZ;SARAÇLAR;GAYRET SOKAK;sokak;512625
KASTAMONU;MERKEZ;SARAÇLAR;GİRİŞ SOKAK;sokak;515349
KASTAMONU;MERKEZ;SARAÇLAR;GÖZCÜ SOKAK;sokak;512627
KASTAMONU;MERKEZ;SARAÇLAR;GÜÇLÜLER SOKAK;sokak;506479
KASTAMONU;MERKEZ;SARAÇLAR;GÜLİSTAN SOKAK;sokak;509255
KASTAMONU;MERKEZ;SARAÇLAR;GÜLLÜCE SOKAK;sokak;89399
KASTAMONU;MERKEZ;SARAÇLAR;GÜRSU SOKAK;sokak;316903731
KASTAMONU;MERKEZ;SARAÇLAR;GÜVEN SOKAK;sokak;515348
KASTAMONU;MERKEZ;SARAÇLAR;HACIDEDE SOKAK;sokak;503644
KASTAMONU;MERKEZ;SARAÇLAR;HALİME ÇAVUŞ CADDE;cadde;89405
KASTAMONU;MERKEZ;SARAÇLAR;HASTANE SOKAK;sokak;89383
KASTAMONU;MERKEZ;SARAÇLAR;HİTİT SOKAK;sokak;1130845
KASTAMONU;MERKEZ;SARAÇLAR;HOCA AHMET YESEVİ CADDE;cadde;506413
KASTAMONU;MERKEZ;SARAÇLAR;HUZUREVİ CADDE;cadde;506406
KASTAMONU;MERKEZ;SARAÇLAR;HUZURLU SOKAK;sokak;505927
KASTAMONU;MERKEZ;SARAÇLAR;İSTANBUL CADDE;cadde;943842
KASTAMONU;MERKEZ;SARAÇLAR;KARAÇOMAK SOKAK;sokak;1096876
KASTAMONU;MERKEZ;SARAÇLAR;KENDİR SOKAK;sokak;1060920
KASTAMONU;MERKEZ;SARAÇLAR;KORU SOKAK;sokak;89400
KASTAMONU;MERKEZ;SARAÇLAR;KUMRULU SOKAK;sokak;512628
KASTAMONU;MERKEZ;SARAÇLAR;MİMAR VEDAT TEK SOKAK;sokak;506407
KASTAMONU;MERKEZ;SARAÇLAR;MUZAFFERETTİN SOKAK;sokak;89409
KASTAMONU;MERKEZ;SARAÇLAR;NAZAR SOKAK;sokak;89396
KASTAMONU;MERKEZ;SARAÇLAR;RESSAM SOKAK;sokak;497951311
KASTAMONU;MERKEZ;SARAÇLAR;SAKA SOKAK;sokak;509254
KASTAMONU;MERKEZ;SARAÇLAR;SANATOKULU CADDE;cadde;503647
KASTAMONU;MERKEZ;SARAÇLAR;SANCAKTAR SOKAK;sokak;992479
KASTAMONU;MERKEZ;SARAÇLAR;SEYRAN SOKAK;sokak;515352
KASTAMONU;MERKEZ;SARAÇLAR;SEZİN SOKAK;sokak;878120
KASTAMONU;MERKEZ;SARAÇLAR;STADYUM CADDE;cadde;505109
KASTAMONU;MERKEZ;SARAÇLAR;ŞEHIT POLIS HASAN UĞUR SOKAK;sokak;505939
KASTAMONU;MERKEZ;SARAÇLAR;ŞEHİT BURHAN ÇAMCI SOKAK;sokak;505925
KASTAMONU;MERKEZ;SARAÇLAR;ŞEHİT ÇETİN KÖK SOKAK;sokak;505111
KASTAMONU;MERKEZ;SARAÇLAR;ŞEHİT FARUK AKKUŞ SOKAK;sokak;505110
KASTAMONU;MERKEZ;SARAÇLAR;ŞEHİT HASAN ÇELİK SOKAK;sokak;89446
KASTAMONU;MERKEZ;SARAÇLAR;ŞEHİT ZEKAİ YILDIZ SOKAK;sokak;89411
KASTAMONU;MERKEZ;SARAÇLAR;ŞELALE SOKAK;sokak;89403
KASTAMONU;MERKEZ;SARAÇLAR;ŞEYH ŞABANI VELİ CADDE;cadde;505940
KASTAMONU;MERKEZ;SARAÇLAR;TEZEL SOKAK;sokak;89398
KASTAMONU;MERKEZ;SARAÇLAR;TUĞLA OCAKLARI SOKAK;sokak;506403
KASTAMONU;MERKEZ;SARAÇLAR;TÜFEKÇİ SOKAK;sokak;505941
KASTAMONU;MERKEZ;SARAÇLAR;UTKU SOKAK;sokak;89414
KASTAMONU;MERKEZ;SARAÇLAR;YADİGAR SOKAK;sokak;505922
KASTAMONU;MERKEZ;SARAÇLAR;YURT SOKAK;sokak;103645
KASTAMONU;MERKEZ;SARAÇLAR;YÜCE SOKAK;sokak;502015
KASTAMONU;MERKEZ;SARAÇLAR;YÜCEBIYIK SOKAK;sokak;89415
KASTAMONU;MERKEZ;SARAYCIK - BEKİROĞLU;BEKİROĞLU KÜME EVLER;sokak;586394
KASTAMONU;MERKEZ;SARAYCIK - DERE;DERE KÜME EVLER;sokak;591507
KASTAMONU;MERKEZ;SARAYCIK - ELMAOĞLU;ELMAOĞLU KÜME EVLER;sokak;599015
KASTAMONU;MERKEZ;SARAYCIK - KABAK;KABAK KÜME EVLER;sokak;579508
KASTAMONU;MERKEZ;SARAYCIK - KAYIBELİ;KAYIBELİ KÜME EVLER;sokak;588070
KASTAMONU;MERKEZ;SARAYCIK - KURUOĞLU;KURUOĞLU KÜME EVLER;sokak;28864
KASTAMONU;MERKEZ;SARAYCIK - MURAT HACILAR;MURAT HACILAR KÜME EVLER;sokak;592880
KASTAMONU;MERKEZ;SARAYCIK - SARAYCIK;SARAYCIK KÜME EVLER;sokak;599006
KASTAMONU;MERKEZ;SARICA - KOŞLU;KOŞLU KÜME EVLER;sokak;383514
KASTAMONU;MERKEZ;SARICA - PORTAKAL;PORTAKAL KÜME EVLER;sokak;564749
KASTAMONU;MERKEZ;SARICA - SARICA;SARICA KÜME EVLER;sokak;564309
KASTAMONU;MERKEZ;SARIÖMER - BERİGEÇE;AKSU SOKAK;sokak;353854421
KASTAMONU;MERKEZ;SARIÖMER - BERİGEÇE;BERİGEÇE KÜME EVLER;sokak;517962
KASTAMONU;MERKEZ;SARIÖMER - MERKEZ;MERKEZ KÜME EVLER;sokak;521948
KASTAMONU;MERKEZ;SEREMETTİN - ÖTE;ÖTE KÜME EVLER;sokak;523792
KASTAMONU;MERKEZ;SEREMETTİN - PARLAK;PARLAK KÜME EVLER;sokak;526445
KASTAMONU;MERKEZ;SEREMETTİN - SEREMİTTİN;SEREMİTTİN KÜME EVLER;sokak;508985
KASTAMONU;MERKEZ;SEREMETTİN - ZÜLEN;ZÜLEN KÜME EVLER;sokak;526889
KASTAMONU;MERKEZ;SIRASÖĞÜTLER - KAKIRDAK;KAKIRDAK KÜME EVLER;sokak;597618
KASTAMONU;MERKEZ;SIRASÖĞÜTLER - KEŞKEKLİ;KEŞKEKLİ KÜME EVLER;sokak;593920
KASTAMONU;MERKEZ;SIRASÖĞÜTLER - SIRASÖGÜTLER;SIRASÖGÜTLER KÜME EVLER;sokak;592632
KASTAMONU;MERKEZ;SİPAHİ - AHLATÇIK;AHLATÇIK KÜME EVLER;sokak;552015
KASTAMONU;MERKEZ;SİPAHİ - ATEŞOĞLU;KELEK KÜME EVLER;sokak;561247
KASTAMONU;MERKEZ;SİPAHİ - MERKEZ;MERKEZ KÜME EVLER;sokak;559564
KASTAMONU;MERKEZ;SİPAHİ - SAZCI;SAZICI KÜME EVLER;sokak;358234
KASTAMONU;MERKEZ;SUBAŞI - SUBAŞI;SUBAŞI KÜME EVLER;sokak;274356
KASTAMONU;MERKEZ;SULUSÖKÜ - ACABALI;ACABALI KÜME EVLER;sokak;556926
KASTAMONU;MERKEZ;SULUSÖKÜ - ARDIYÜKSEK;ARDIYÜKSEK KÜME EVLER;sokak;561408
KASTAMONU;MERKEZ;SULUSÖKÜ - KOCAOĞLU;KOCAOĞLU KÜME EVLER;sokak;561269
KASTAMONU;MERKEZ;SULUSÖKÜ - SULUSÖKÜ;SULUSÖKÜ KÜME EVLER;sokak;563184
KASTAMONU;MERKEZ;ŞEYHKÖY - HACIVELİ;HACIVELİ KÜME EVLER;sokak;515217
KASTAMONU;MERKEZ;ŞEYHKÖY - KARGALAR;KARGALAR KÜME EVLER;sokak;514718
KASTAMONU;MERKEZ;ŞEYHKÖY - KOZKIRAN;KOZKIRAN KÜME EVLER;sokak;520010
KASTAMONU;MERKEZ;ŞEYHKÖY - ŞEYH;ŞEYH KÜME EVLER;sokak;508710
KASTAMONU;MERKEZ;TALİPLER - ÇİFTLİK;ÇİFTLİK KÜME EVLER;sokak;506882
KASTAMONU;MERKEZ;TALİPLER - MERKEZ;MERKEZ KÜME EVLER;sokak;498310
KASTAMONU;MERKEZ;TALİPLER - ÖRENCİK;ÖRENCİK KÜME EVLER;sokak;506888
KASTAMONU;MERKEZ;TALİPLER - ŞADI BEY;ŞADI BEY KÜME EVLER;sokak;494976
KASTAMONU;MERKEZ;TARLATEPE - AŞAĞI;AŞAĞI KÜME EVLER;sokak;493123
KASTAMONU;MERKEZ;TARLATEPE - ÇAVUŞOĞLU;ÇAVUŞOĞLU KÜME EVLER;sokak;325943
KASTAMONU;MERKEZ;TARLATEPE - YUKARI;YUKARI KÜME EVLER;sokak;486880
KASTAMONU;MERKEZ;TAŞLIK - ASARCIK;ASARCIK KÜME EVLER;sokak;489883
KASTAMONU;MERKEZ;TAŞLIK - AŞAĞI;AŞAĞI KÜME EVLER;sokak;485183
KASTAMONU;MERKEZ;TAŞLIK - GÖÇMEN;GÖÇMEN KÜME EVLER;sokak;484756
KASTAMONU;MERKEZ;TAŞLIK - TAŞLIK;TAŞLIK KÜME EVLER;sokak;483072
KASTAMONU;MERKEZ;TEKKEKÖY - DURACILI;DURACILI KÜME EVLER;sokak;501040
KASTAMONU;MERKEZ;TEKKEKÖY - MANASIR;MANASIR KÜME EVLER;sokak;501021
KASTAMONU;MERKEZ;TEKKEKÖY - ÖZEYLİ;ÖZEYLİ KÜME EVLER;sokak;504608
KASTAMONU;MERKEZ;TEKKEKÖY - TEKKE;TEKKE KÜME EVLER;sokak;500991
KASTAMONU;MERKEZ;TEPEHARMAN - AŞAĞI;AŞAĞI KÜME EVLER;sokak;596635
KASTAMONU;MERKEZ;TEPEHARMAN - DİKMEN;DİKMEN KÜME EVLER;sokak;596228
KASTAMONU;MERKEZ;TEPEHARMAN - YUKARI;YUKARI KÜME EVLER;sokak;598048
KASTAMONU;MERKEZ;TERZİKÖY - HATİP;HATİP KÜME EVLER;sokak;474298
KASTAMONU;MERKEZ;TERZİKÖY - HORAMŞAH;HORAMŞAH KÜME EVLER;sokak;23151
KASTAMONU;MERKEZ;TERZİKÖY - KADI;KADI KÜME EVLER;sokak;23156
KASTAMONU;MERKEZ;TERZİKÖY - KARABÖCÜ;KARABÖCÜ KÜME EVLER;sokak;23148
KASTAMONU;MERKEZ;TERZİKÖY - TERZİ;TERZİ KÜME EVLER;sokak;479022
KASTAMONU;MERKEZ;TERZİKÖY - TURHANLI;TURHANLI KÜME EVLER;sokak;474309
KASTAMONU;MERKEZ;TOPÇUOĞLU;AKAY SOKAK;sokak;256337
KASTAMONU;MERKEZ;TOPÇUOĞLU;BANKA SOKAK;sokak;683356
KASTAMONU;MERKEZ;TOPÇUOĞLU;BELEDİYE CADDE;cadde;685654
KASTAMONU;MERKEZ;TOPÇUOĞLU;CUMHURİYET CADDE;cadde;255981
KASTAMONU;MERKEZ;TOPÇUOĞLU;CUMHURİYET_1 SOKAK;sokak;682225
KASTAMONU;MERKEZ;TOPÇUOĞLU;ÇUKUR ÇEŞME SOKAK;sokak;687265
KASTAMONU;MERKEZ;TOPÇUOĞLU;DOĞAN SOKAK;sokak;687266
KASTAMONU;MERKEZ;TOPÇUOĞLU;DUMLUPINAR CADDE;cadde;686879
KASTAMONU;MERKEZ;TOPÇUOĞLU;ECEVİT SOKAK;sokak;681139
KASTAMONU;MERKEZ;TOPÇUOĞLU;İZBELİ SOKAK;sokak;687267
KASTAMONU;MERKEZ;TOPÇUOĞLU;KALE KAPISI SOKAK;sokak;683073
KASTAMONU;MERKEZ;TOPÇUOĞLU;KARANLIK CAMİİ SOKAK;sokak;686877
KASTAMONU;MERKEZ;TOPÇUOĞLU;KÖSTEKLİ SOKAK;sokak;256340
KASTAMONU;MERKEZ;TOPÇUOĞLU;KUYUMCULAR CADDE;cadde;255987
KASTAMONU;MERKEZ;TOPÇUOĞLU;MEHMET FEYZİ EFENDİ CADDE;cadde;685952
KASTAMONU;MERKEZ;TOPÇUOĞLU;MUTAFLAR SOKAK;sokak;363307
KASTAMONU;MERKEZ;TOPÇUOĞLU;ONAY SOKAK;sokak;684280
KASTAMONU;MERKEZ;TOPÇUOĞLU;RENÇBER SOKAK;sokak;682738
KASTAMONU;MERKEZ;TOPÇUOĞLU;REŞİT ESEN SOKAK;sokak;683357
KASTAMONU;MERKEZ;TOPÇUOĞLU;SAÇAKLI ÇEŞME SOKAK;sokak;682227
KASTAMONU;MERKEZ;TOPÇUOĞLU;SARAÇLAR SOKAK;sokak;681762
KASTAMONU;MERKEZ;TOPÇUOĞLU;SEMER SOKAK;sokak;685955
KASTAMONU;MERKEZ;TOPÇUOĞLU;SEMERCİ SOKAK;sokak;256333
KASTAMONU;MERKEZ;TOPÇUOĞLU;ŞEKER SOKAK;sokak;686199
KASTAMONU;MERKEZ;TOPÇUOĞLU;TAHTAKALE CADDE;cadde;690453
KASTAMONU;MERKEZ;TOPÇUOĞLU;TOPCUOĞLU ECEVİT SOKAK;sokak;849200
KASTAMONU;MERKEZ;TOPÇUOĞLU;TOPÇUOĞLU 1. SOKAK;sokak;1010419
KASTAMONU;MERKEZ;TOPÇUOĞLU;TOPÇUOĞLU CADDE;cadde;255984
KASTAMONU;MERKEZ;TOPÇUOĞLU;VALİ ENİS PASA CADDE;cadde;102457
KASTAMONU;MERKEZ;TOPÇUOĞLU;VALİ ENİS PAŞA CADDE;cadde;681293
KASTAMONU;MERKEZ;TOPÇUOĞLU;YENİ HALİÇİ SOKAK;sokak;682592
KASTAMONU;MERKEZ;UZUNOLUK - AYNACIOĞLU;AYNACIOĞLU KÜME EVLER;sokak;604052
KASTAMONU;MERKEZ;UZUNOLUK - UZUNOLUK;UZUNOLUK KÜME EVLER;sokak;597138
KASTAMONU;MERKEZ;UZUNOLUK - VELİOĞLU;VELİOĞLU KÜME EVLER;sokak;605419
KASTAMONU;MERKEZ;ÜMİTKÖY - KAVUN;KAVUN KÜME EVLER;sokak;543484
KASTAMONU;MERKEZ;ÜMİTKÖY - ÜMİT;ÜMİT KÜME EVLER;sokak;550845
KASTAMONU;MERKEZ;ÜYÜCEK - A.AKCAKESE;A.AKCAKESE KÜME EVLER;sokak;514740
KASTAMONU;MERKEZ;ÜYÜCEK - MERKEZ;MERKEZ KÜME EVLER;sokak;108356
KASTAMONU;MERKEZ;ÜYÜCEK - Y.AKCAKESE;Y.AKCAKESE KÜME EVLER;sokak;398127
KASTAMONU;MERKEZ;YAKA - AKKAYA;AKKAYA KÜME EVLER;sokak;507542
KASTAMONU;MERKEZ;YAKA - ALLI;ALLI KÜME EVLER;sokak;500902
KASTAMONU;MERKEZ;YAKA - AVAN;AVAN KÜME EVLER;sokak;500822
KASTAMONU;MERKEZ;YAKA - DERE;DERE KÜME EVLER;sokak;500912
KASTAMONU;MERKEZ;YAKA - KURTLUCA;KURTLUCA KÜME EVLER;sokak;501268
KASTAMONU;MERKEZ;YAKA - OKÇULU;OKÇULU KÜME EVLER;sokak;505813
KASTAMONU;MERKEZ;YAKA - YAKA;YAKA KÜME EVLER;sokak;507249
KASTAMONU;MERKEZ;YARÖREN - TEPELCE;TEPELCE KÜME EVLER;sokak;325424
KASTAMONU;MERKEZ;YAVUZSELİM;75.YIL CUMHURİYET SOKAK;sokak;102420
KASTAMONU;MERKEZ;YAVUZSELİM;ATABEY SOKAK;sokak;718491290
KASTAMONU;MERKEZ;YAVUZSELİM;ELİGÜZEL ÇIKMAZI SOKAK;sokak;102424
KASTAMONU;MERKEZ;YAVUZSELİM;ELİGÜZEL SOKAK;sokak;102427
KASTAMONU;MERKEZ;YAVUZSELİM;İBNİNECCAR SOKAK;sokak;102431
KASTAMONU;MERKEZ;YAVUZSELİM;KAYKANACI SOKAK;sokak;1403463
KASTAMONU;MERKEZ;YAVUZSELİM;KINALI SOKAK;sokak;686336
KASTAMONU;MERKEZ;YAVUZSELİM;KÜBRA SOKAK;sokak;102437
KASTAMONU;MERKEZ;YAVUZSELİM;MAYMUN ÇEŞME SOKAK;sokak;686337
KASTAMONU;MERKEZ;YAVUZSELİM;ONURLU SOKAK;sokak;350081
KASTAMONU;MERKEZ;YAVUZSELİM;ÖMERAĞA SOKAK;sokak;102421
KASTAMONU;MERKEZ;YAVUZSELİM;SAÇAKLI KÖPRÜ SOKAK;sokak;680992
KASTAMONU;MERKEZ;YAVUZSELİM;ŞAMLIOĞLU SOKAK;sokak;102415
KASTAMONU;MERKEZ;YAVUZSELİM;ŞEYH ŞABANI VELİ CADDE;cadde;680993
KASTAMONU;MERKEZ;YENİKAVAK - CİMPİRİ;CİMPİRİ KÜME EVLER;sokak;307445
KASTAMONU;MERKEZ;YENİKAVAK - ÇÖTLEK;ÇÖTLEK KÜME EVLER;sokak;516917
KASTAMONU;MERKEZ;YENİKAVAK - DERE;DERE KÜME EVLER;sokak;516920
KASTAMONU;MERKEZ;YENİKAVAK - MUHACİRLER;MUHACİRLER KÜME EVLER;sokak;307636
KASTAMONU;MERKEZ;YENİKAVAK - YENİKAVAK;YENİKAVAK KÜME EVLER;sokak;260090
KASTAMONU;MERKEZ;YILANCI - ÇİLLER;ÇİLLER KÜME EVLER;sokak;541615
KASTAMONU;MERKEZ;YILANCI - GÖBEL;GÖBEL KÜME EVLER;sokak;530083
KASTAMONU;MERKEZ;YILANCI - YILANCI;YILANCI KÜME EVLER;sokak;529218
KASTAMONU;MERKEZ;YOLKONAK - GÜĞÜMCÜ;GÜĞÜMCÜ KÜME EVLER;sokak;170209
KASTAMONU;MERKEZ;YOLKONAK - KIMIZ;KIMIZ KÜME EVLER;sokak;599526
KASTAMONU;MERKEZ;YOLKONAK - YUKARIYUVA;YUKARIYUVA KÜME EVLER;sokak;609144
KASTAMONU;MERKEZ;YUKARIBATAK - GÖL ARKASI;GÖL ARKASI KÜME EVLER;sokak;563197
KASTAMONU;MERKEZ;YUKARIBATAK - GÖL PAZARI;GÖL PAZARI KÜME EVLER;sokak;561388
KASTAMONU;MERKEZ;YUKARIBATAK - KOPARAN;KOPARAN KÜME EVLER;sokak;86922
KASTAMONU;MERKEZ;YUKARIBATAK - YUKARI BATAK;YUKARI BATAK KÜME EVLER;sokak;552262
KASTAMONU;MERKEZ;YUKARIELYAKUT - BEKİROĞLU;BEKİROĞLU KÜME EVLER;sokak;539797
KASTAMONU;MERKEZ;YUKARIELYAKUT - ÇELEBİ;ÇELEBİ KÜME EVLER;sokak;531808
KASTAMONU;MERKEZ;YUKARIELYAKUT - DIKKIL;DIKKIL KÜME EVLER;sokak;539795
KASTAMONU;MERKEZ;YUKARIELYAKUT - KABALAR;KABALAR KÜME EVLER;sokak;534782
KASTAMONU;MERKEZ;YUKARIELYAKUT - TEREOĞLU;TEREOĞLU KÜME EVLER;sokak;537249
KASTAMONU;MERKEZ;YUKARIELYAKUT - YUKURIELYAKUT;YUKARIELYAKUT KÜME EVLER;sokak;539102
KASTAMONU;MERKEZ;YUKARIKUYUCAK - MERKEZ;MERKEZ KÜME EVLER;sokak;504687
KASTAMONU;MERKEZ;YUKARIKUYUCAK - YALNIZ;YALNIZ KÜME EVLER;sokak;512789
KASTAMONU;MERKEZ;YUNUSKÖY - DURMUŞOĞLU;DURMUŞOĞLU KÜME EVLER;sokak;512243
KASTAMONU;MERKEZ;YUNUSKÖY - GÖZLEMECİ;GÖZLEMECİ KÜME EVLER;sokak;506781
KASTAMONU;MERKEZ;YUNUSKÖY - KAVACIK;KAVACIK KÜME EVLER;sokak;101843
KASTAMONU;MERKEZ;YUNUSKÖY - KURTÇA;KURTÇA KÜME EVLER;sokak;513230
KASTAMONU;MERKEZ;YÜREKVEREN - CAMİ YANI;CAMİ YANI KÜME EVLER;sokak;488667
KASTAMONU;MERKEZ;YÜREKVEREN - ÇIRAK;ÇIRAK KÜME EVLER;sokak;490099
KASTAMONU;MERKEZ;YÜREKVEREN - DERE;DERE KÜME EVLER;sokak;490083
KASTAMONU;MERKEZ;YÜREKVEREN - GAZİPAŞA;GAZİPAŞA KÜME EVLER;sokak;490115
KASTAMONU;MERKEZ;YÜREKVEREN - KAPICI;KAPICI KÜME EVLER;sokak;492357
KASTAMONU;MERKEZ;YÜREKVEREN - SUBAŞI;SUBAŞI KÜME EVLER;sokak;492405
KASTAMONU;MERKEZ;YÜREKVEREN - YÖRECİ;YÖRECİ KÜME EVLER;sokak;492332
KASTAMONU;PINARBAŞI;AŞAĞIAKTAŞ - MERKEZ;MERKEZ KÜME EVLER;sokak;492558
KASTAMONU;PINARBAŞI;AŞAĞIAKTAŞ - ZAİM;ZAİM KÜME EVLER;sokak;24527
KASTAMONU;PINARBAŞI;ATATÜRK;AFETEVLERİ CADDE;cadde;480496
KASTAMONU;PINARBAŞI;ATATÜRK;ANA SOKAK;sokak;1332435
KASTAMONU;PINARBAŞI;ATATÜRK;ARKBAŞI SOKAK;sokak;25288
KASTAMONU;PINARBAŞI;ATATÜRK;ATATÜRK CADDE;cadde;25289
KASTAMONU;PINARBAŞI;ATATÜRK;ÇİFTLİK SOKAK;sokak;25285
KASTAMONU;PINARBAŞI;ATATÜRK;ÇİĞDEM SOKAK;sokak;480976
KASTAMONU;PINARBAŞI;ATATÜRK;DERE SOKAK;sokak;25290
KASTAMONU;PINARBAŞI;ATATÜRK;DÜZ SOKAK;sokak;25291
KASTAMONU;PINARBAŞI;ATATÜRK;EĞİTİM CADDE;cadde;1375527
KASTAMONU;PINARBAŞI;ATATÜRK;IHLAMUR SOKAK;sokak;25286
KASTAMONU;PINARBAŞI;ATATÜRK;KADİFE SOKAK;sokak;25287
KASTAMONU;PINARBAŞI;ATATÜRK;KARANFİL SOKAK;sokak;483855
KASTAMONU;PINARBAŞI;ATATÜRK;KONAK SOKAK;sokak;22121
KASTAMONU;PINARBAŞI;ATATÜRK;LALE SOKAK;sokak;480963
KASTAMONU;PINARBAŞI;ATATÜRK;SALIFOĞLU SOKAK;sokak;25292
KASTAMONU;PINARBAŞI;ATATÜRK;ŞEHİT AYHAN SÜTÇÜ CADDE;cadde;368403
KASTAMONU;PINARBAŞI;ATATÜRK;ŞEHİT ZEKİ ÖZ CADDE;cadde;25294
KASTAMONU;PINARBAŞI;ATATÜRK;TEKKEŞİN SOKAK;sokak;368404
KASTAMONU;PINARBAŞI;ATATÜRK;TEVFİKBEY CADDE;cadde;25293
KASTAMONU;PINARBAŞI;ATATÜRK;YILDIRIM SOKAK;sokak;482666
KASTAMONU;PINARBAŞI;BAŞKÖY - ÇEKİRGE;ÇEKİRGE KÜME EVLER;sokak;500089
KASTAMONU;PINARBAŞI;BAŞKÖY - DERE;DERE KÜME EVLER;sokak;485196
KASTAMONU;PINARBAŞI;BAŞKÖY - KADIOĞLU;KADIOĞLU KÜME EVLER;sokak;485192
KASTAMONU;PINARBAŞI;BAŞKÖY - KARACAKAYA;KARACAKAYA KÜME EVLER;sokak;500092
KASTAMONU;PINARBAŞI;BAŞKÖY - MEYİLLER;MEYİLLER KÜME EVLER;sokak;500096
KASTAMONU;PINARBAŞI;BAŞKÖY - ORTA;ORTA KÜME EVLER;sokak;500094
KASTAMONU;PINARBAŞI;BAŞKÖY - TORBIYIK;TORBIYIK KÜME EVLER;sokak;494276
KASTAMONU;PINARBAŞI;BAŞKÖY - YANIKLAR;YANIKLAR KÜME EVLER;sokak;500093
KASTAMONU;PINARBAŞI;BAŞKÖY - YAYLA;YAYLA KÜME EVLER;sokak;494277
KASTAMONU;PINARBAŞI;BAŞKÖY - ZAİMOGULLARI;ZAİMOĞULLARI KÜME EVLER;sokak;500095
KASTAMONU;PINARBAŞI;BOĞAZKAYA - BAYRAKTAR;BAYRAKTAR KÜME EVLER;sokak;512267
KASTAMONU;PINARBAŞI;BOĞAZKAYA - DELİ HÜSEYİN;DELİ HÜSEYİN KÜME EVLER;sokak;101824
KASTAMONU;PINARBAŞI;BOĞAZKAYA - GÖKÇE;GÖKÇE KÜME EVLER;sokak;502141
KASTAMONU;PINARBAŞI;BOĞAZKAYA - KAVAL;KAVAL KÜME EVLER;sokak;510174
KASTAMONU;PINARBAŞI;BOĞAZKAYA - YUSUFLAR;YUSUFLAR KÜME EVLER;sokak;505255
KASTAMONU;PINARBAŞI;CUMHURİYET;AHMET KURU CADDE;cadde;1332425
KASTAMONU;PINARBAŞI;CUMHURİYET;AKARLAR CADDE;cadde;820792
KASTAMONU;PINARBAŞI;CUMHURİYET;AKASYA CADDE;cadde;488915
KASTAMONU;PINARBAŞI;CUMHURİYET;ANADOLU CADDE;cadde;22150
KASTAMONU;PINARBAŞI;CUMHURİYET;BAŞAK SOKAK;sokak;820715
KASTAMONU;PINARBAŞI;CUMHURİYET;BÜLBÜL SOKAK;sokak;22145
KASTAMONU;PINARBAŞI;CUMHURİYET;CUMHURİYET MEYDAN;sokak;22157
KASTAMONU;PINARBAŞI;CUMHURİYET;ÇAMLIK SOKAK;sokak;22141
KASTAMONU;PINARBAŞI;CUMHURİYET;ÇAYIR SOKAK;sokak;820725
KASTAMONU;PINARBAŞI;CUMHURİYET;ÇINAR SOKAK;sokak;820791
KASTAMONU;PINARBAŞI;CUMHURİYET;ÇİÇEK SOKAK;sokak;488916
KASTAMONU;PINARBAŞI;CUMHURİYET;DİRGÜMEN SOKAK;sokak;874155500
KASTAMONU;PINARBAŞI;CUMHURİYET;ELİF SOKAK;sokak;1375519
KASTAMONU;PINARBAŞI;CUMHURİYET;ESENTEPE SOKAK;sokak;820726
KASTAMONU;PINARBAŞI;CUMHURİYET;FIRIN SOKAK;sokak;22151
KASTAMONU;PINARBAŞI;CUMHURİYET;GELİNCİK SOKAK;sokak;22162
KASTAMONU;PINARBAŞI;CUMHURİYET;GÜL SOKAK;sokak;22163
KASTAMONU;PINARBAŞI;CUMHURİYET;GÜNEY 1 SOKAK;sokak;1404063
KASTAMONU;PINARBAŞI;CUMHURİYET;GÜZELKENT SOKAK;sokak;821166
KASTAMONU;PINARBAŞI;CUMHURİYET;HASTANE SOKAK;sokak;22152
KASTAMONU;PINARBAŞI;CUMHURİYET;KANARYA CADDE;cadde;22158
KASTAMONU;PINARBAŞI;CUMHURİYET;KARACAKAYA CADDE;cadde;488914
KASTAMONU;PINARBAŞI;CUMHURİYET;KARDELEN SOKAK;sokak;152385950
KASTAMONU;PINARBAŞI;CUMHURİYET;KAVURMACIK CADDE;cadde;22159
KASTAMONU;PINARBAŞI;CUMHURİYET;KEKLİK SOKAK;sokak;22149
KASTAMONU;PINARBAŞI;CUMHURİYET;KIRLANGIÇ SOKAK;sokak;22147
KASTAMONU;PINARBAŞI;CUMHURİYET;KURTULUŞ CADDE;cadde;22153
KASTAMONU;PINARBAŞI;CUMHURİYET;MENEKŞE SOKAK;sokak;820724
KASTAMONU;PINARBAŞI;CUMHURİYET;MENTEŞ CADDE;cadde;234803610
KASTAMONU;PINARBAŞI;CUMHURİYET;MENTEŞ KÖYÜ SOKAK;sokak;22154
KASTAMONU;PINARBAŞI;CUMHURİYET;MENTEŞ SOKAK;sokak;989872
KASTAMONU;PINARBAŞI;CUMHURİYET;MENTEŞ1. SOKAK;sokak;920300970
KASTAMONU;PINARBAŞI;CUMHURİYET;MENTEŞ2. SOKAK;sokak;513766630
KASTAMONU;PINARBAŞI;CUMHURİYET;MENTEŞ3. SOKAK;sokak;863381670
KASTAMONU;PINARBAŞI;CUMHURİYET;NİLÜFER SOKAK;sokak;820793
KASTAMONU;PINARBAŞI;CUMHURİYET;NİLÜFER1 SOKAK;sokak;674791210
KASTAMONU;PINARBAŞI;CUMHURİYET;ÖTEGEÇE SOKAK;sokak;22142
KASTAMONU;PINARBAŞI;CUMHURİYET;PAPATYA SOKAK;sokak;22155
KASTAMONU;PINARBAŞI;CUMHURİYET;PINAR SOKAK;sokak;22156
KASTAMONU;PINARBAŞI;CUMHURİYET;SÖĞÜT SOKAK;sokak;22146
KASTAMONU;PINARBAŞI;CUMHURİYET;SÜMBÜL SOKAK;sokak;22148
KASTAMONU;PINARBAŞI;CUMHURİYET;ŞEHİT MUSTAFA GÜNEŞ CADDE;cadde;22143
KASTAMONU;PINARBAŞI;CUMHURİYET;ŞEHİT RAMAZAN AKKAYA CADDE;cadde;22144
KASTAMONU;PINARBAŞI;CUMHURİYET;ŞELALE SOKAK;sokak;889632
KASTAMONU;PINARBAŞI;CUMHURİYET;ŞİMŞİR SOKAK;sokak;22161
KASTAMONU;PINARBAŞI;CUMHURİYET;TAHİR PINAR CADDE;cadde;889625
KASTAMONU;PINARBAŞI;CUMHURİYET;TEVFİKBEY CADDE;cadde;22139
KASTAMONU;PINARBAŞI;CUMHURİYET;URŞAN SOKAK;sokak;22168
KASTAMONU;PINARBAŞI;CUMHURİYET;ZEKİ CEMAL BAKİ ÇELEBİOĞLU CADDE;cadde;22140
KASTAMONU;PINARBAŞI;CUMHURİYET;ZEYTİN CADDE;cadde;820723
KASTAMONU;PINARBAŞI;ÇALKAYA;ARAPGÖLÜ SOKAK;sokak;1132996
KASTAMONU;PINARBAŞI;ÇALKAYA;ÇİÇEK_1 SOKAK;sokak;499883
KASTAMONU;PINARBAŞI;ÇALKAYA;ÇUHADAR SOKAK;sokak;349859
KASTAMONU;PINARBAŞI;ÇALKAYA;DEMİRCİ SOKAK;sokak;500190
KASTAMONU;PINARBAŞI;ÇALKAYA;FAZLIOGLU SOKAK;sokak;499863
KASTAMONU;PINARBAŞI;ÇALKAYA;HORMA SOKAK;sokak;500195
KASTAMONU;PINARBAŞI;ÇALKAYA;SÜFYAN SOKAK;sokak;499894
KASTAMONU;PINARBAŞI;ÇALKAYA;VERAY SOKAK;sokak;482179
KASTAMONU;PINARBAŞI;ÇAMKIŞLA;BAGU SOKAK;sokak;489044
KASTAMONU;PINARBAŞI;ÇAMKIŞLA;BENLE SOKAK;sokak;334646
KASTAMONU;PINARBAŞI;ÇAMKIŞLA;KADI OĞLU SOKAK;sokak;487259
KASTAMONU;PINARBAŞI;ÇAMKIŞLA;MERKEZ-ÇAKIROĞLU SOKAK;sokak;498557
KASTAMONU;PINARBAŞI;ÇAMKIŞLA;SAVCILAR SOKAK;sokak;487246
KASTAMONU;PINARBAŞI;ÇAVUŞKÖY - ATAK MEVKİİ;ATAK MEVKİİ KÜME EVLER;sokak;514514
KASTAMONU;PINARBAŞI;ÇAVUŞKÖY - BAKİÇELEBİ;BAKİÇELEBİ KÜME EVLER;sokak;502568
KASTAMONU;PINARBAŞI;ÇAVUŞKÖY - BOSTAN;BOSTAN KÜME EVLER;sokak;502546
KASTAMONU;PINARBAŞI;ÇAVUŞKÖY - ÇAVUŞ;ÇAVUŞ KÜME EVLER;sokak;502564
KASTAMONU;PINARBAŞI;ÇAVUŞKÖY - MAŞUKLU;MAŞUKLU KÜME EVLER;sokak;514513
KASTAMONU;PINARBAŞI;ÇAVUŞKÖY - NEBİOĞLU;NEBİOĞLU KÜME EVLER;sokak;501412
KASTAMONU;PINARBAŞI;ÇAVUŞKÖY - RECEPLİ;RECEPLİ KÜME EVLER;sokak;510904
KASTAMONU;PINARBAŞI;ÇENGEL - ÇENGEL;ÇENGEL KÜME EVLER;sokak;486844
KASTAMONU;PINARBAŞI;ÇENGEL - HACI AHMET;HACI AHMET KÜME EVLER;sokak;352389
KASTAMONU;PINARBAŞI;ÇENGEL - İNANLI;İNANLI KÜME EVLER;sokak;486852
KASTAMONU;PINARBAŞI;ÇENGEL - OVACIK;OVACIK KÜME EVLER;sokak;492298
KASTAMONU;PINARBAŞI;ÇENGEL - ŞATIR;ŞATIR KÜME EVLER;sokak;368667
KASTAMONU;PINARBAŞI;ÇENGEL - ZAİM;ZAİM KÜME EVLER;sokak;492293
KASTAMONU;PINARBAŞI;DEMİRTAŞ - AHMAT AGASI;AHMAT AGASI KÜME EVLER;sokak;483547
KASTAMONU;PINARBAŞI;DEMİRTAŞ - DELİBALTA;DELİBALTA KÜME EVLER;sokak;353734
KASTAMONU;PINARBAŞI;DEMİRTAŞ - MERKEZ;MERKEZ KÜME EVLER;sokak;484905
KASTAMONU;PINARBAŞI;DEMİRTAŞ - PAŞAOĞLU;PAŞAOĞLU KÜME EVLER;sokak;493467
KASTAMONU;PINARBAŞI;DEMİRTAŞ - PAZAR YERİ;PAZAR YERİ KÜME EVLER;sokak;482161
KASTAMONU;PINARBAŞI;DEMİRTAŞ - ŞABANOĞLU;ŞABANOĞLU KÜME EVLER;sokak;488441
KASTAMONU;PINARBAŞI;DEMİRTAŞ - ŞEYFO;ŞEYFO KÜME EVLER;sokak;488016
KASTAMONU;PINARBAŞI;DİZDARLI - AŞAĞI;AŞAĞI KÜME EVLER;sokak;499564
KASTAMONU;PINARBAŞI;DİZDARLI - AŞAĞI ZELLE;AŞAĞI ZELLE KÜME EVLER;sokak;494963
KASTAMONU;PINARBAŞI;DİZDARLI - GENNE;GENNE KÜME EVLER;sokak;94229
KASTAMONU;PINARBAŞI;DİZDARLI - LENGE;LENGE KÜME EVLER;sokak;495430
KASTAMONU;PINARBAŞI;DİZDARLI - ORTA;ORTA KÜME EVLER;sokak;494974
KASTAMONU;PINARBAŞI;DİZDARLI - ÖREN;ÖREN KÜME EVLER;sokak;504673
KASTAMONU;PINARBAŞI;DİZDARLI - PAZAR YERİ;PAZAR YERİ KÜME EVLER;sokak;495418
KASTAMONU;PINARBAŞI;DİZDARLI - YUKARI;YUKARI KÜME EVLER;sokak;507278
KASTAMONU;PINARBAŞI;DİZDARLI - YUKARI ZELLE;YUKARI ZELLE KÜME EVLER;sokak;507791
KASTAMONU;PINARBAŞI;ESENTEPE - ÇENGELLİ;ÇENGELLİ KÜME EVLER;sokak;495837
KASTAMONU;PINARBAŞI;ESENTEPE - DEMİRCİ;DEMİRCİ KÜME EVLER;sokak;495239
KASTAMONU;PINARBAŞI;ESENTEPE - HANAZLA;HANAZLA KÜME EVLER;sokak;504696
KASTAMONU;PINARBAŞI;FATİH;AĞALAR SOKAK;sokak;22124
KASTAMONU;PINARBAŞI;FATİH;AKKAYALAR SOKAK;sokak;820794
KASTAMONU;PINARBAŞI;FATİH;ANADOLU CADDE;cadde;22135
KASTAMONU;PINARBAŞI;FATİH;ATATÜRK CADDE;cadde;22134
KASTAMONU;PINARBAŞI;FATİH;CUMHURİYET MEYDAN;sokak;22125
KASTAMONU;PINARBAŞI;FATİH;ÇAMLIK ESKİ ORMAN DEPOSU SOKAK;sokak;22138
KASTAMONU;PINARBAŞI;FATİH;ÇAY SOKAK;sokak;22122
KASTAMONU;PINARBAŞI;FATİH;DELİ HİMMET SOKAK;sokak;22126
KASTAMONU;PINARBAŞI;FATİH;FATİH CADDE;cadde;492528
KASTAMONU;PINARBAŞI;FATİH;GÖKDELİ SOKAK;sokak;22127
KASTAMONU;PINARBAŞI;FATİH;GÜVERCİNLİK SOKAK;sokak;22128
KASTAMONU;PINARBAŞI;FATİH;HALİLOĞLU SOKAK;sokak;22129
KASTAMONU;PINARBAŞI;FATİH;KABADAYI SOKAK;sokak;22130
KASTAMONU;PINARBAŞI;FATİH;KONAK SOKAK;sokak;22131
KASTAMONU;PINARBAŞI;FATİH;PAZAR SOKAK;sokak;22132
KASTAMONU;PINARBAŞI;FATİH;SALIFOĞLU SOKAK;sokak;626952341
KASTAMONU;PINARBAŞI;FATİH;SELKİOĞLU SOKAK;sokak;22133
KASTAMONU;PINARBAŞI;FATİH;ŞEHİT CİHAN KARA CADDE;cadde;22123
KASTAMONU;PINARBAŞI;FATİH;ZEKİ CEMAL BAKİÇELEBİOĞLU CADDE;cadde;22136
KASTAMONU;PINARBAŞI;GÜMBERİ - ÇAGDA;ÇAGDA KÜME EVLER;sokak;494274
KASTAMONU;PINARBAŞI;GÜMBERİ - ÇİFTLİK;ÇİFTLİK KÜME EVLER;sokak;494269
KASTAMONU;PINARBAŞI;GÜMBERİ - GOFUROGLU;GOFUROGLU KÜME EVLER;sokak;500088
KASTAMONU;PINARBAŞI;GÜMBERİ - SORKUNCUK;SORKUNCUK KÜME EVLER;sokak;494272
KASTAMONU;PINARBAŞI;HOCALAR - BEKDEMİR;BEKDEMİR KÜME EVLER;sokak;506464
KASTAMONU;PINARBAŞI;HOCALAR - ÇANGAL;ÇANGAL KÜME EVLER;sokak;498479
KASTAMONU;PINARBAŞI;HOCALAR - KARŞI;KARŞI KÜME EVLER;sokak;493799
KASTAMONU;PINARBAŞI;HOCALAR - MERKEZ;MERKEZ KÜME EVLER;sokak;500639
KASTAMONU;PINARBAŞI;HOCALAR - ORTA;ORTA KÜME EVLER;sokak;506466
KASTAMONU;PINARBAŞI;HOCALAR - RECEP USTA;RECEP USTA KÜME EVLER;sokak;500638
KASTAMONU;PINARBAŞI;HOCALAR - YUKARI ILGAZLAR;YUKARI ILGAZLAR KÜME EVLER;sokak;493800
KASTAMONU;PINARBAŞI;ILICA - ARMA;ARMA KÜME EVLER;sokak;480825
KASTAMONU;PINARBAŞI;ILICA - AŞAĞI ILICA;AŞAĞI ILICA KÜME EVLER;sokak;479871
KASTAMONU;PINARBAŞI;ILICA - ESEN;ESEN KÜME EVLER;sokak;483459
KASTAMONU;PINARBAŞI;ILICA - GERİŞ;GERİŞ KÜME EVLER;sokak;481838
KASTAMONU;PINARBAŞI;ILICA - ILICA MERKEZ;ILICA MERKEZ KÜME EVLER;sokak;486106
KASTAMONU;PINARBAŞI;ILICA - KOLCA;KOLCA KÜME EVLER;sokak;547624
KASTAMONU;PINARBAŞI;ILICA - KÖLCEK;KÖLCEK KÜME EVLER;sokak;480819
KASTAMONU;PINARBAŞI;ILICA - ŞAHANLI;ŞAHANLI KÜME EVLER;sokak;484478
KASTAMONU;PINARBAŞI;ILICA - YENİÇERİ;YENİÇERİ KÜME EVLER;sokak;479870
KASTAMONU;PINARBAŞI;KALAYCI - ÇÖME;ÇÖME KÜME EVLER;sokak;500798
KASTAMONU;PINARBAŞI;KALAYCI - DERECİK;DERECİK KÜME EVLER;sokak;504032
KASTAMONU;PINARBAŞI;KALAYCI - DURMUŞLAR;DURMUŞLAR KÜME EVLER;sokak;505409
KASTAMONU;PINARBAŞI;KALAYCI - KALAYCI;KALAYCI KÜME EVLER;sokak;507674
KASTAMONU;PINARBAŞI;KAPANCI - ASLANCA;ASLANCA KÜME EVLER;sokak;518435
KASTAMONU;PINARBAŞI;KAPANCI - AYAZLAR;AYAZLAR KÜME EVLER;sokak;518433
KASTAMONU;PINARBAŞI;KAPANCI - ESKİ KAPANCI;ESKİ KAPANCI KÜME EVLER;sokak;509833
KASTAMONU;PINARBAŞI;KAPANCI - GAYBULU;GAYBULU KÜME EVLER;sokak;520165
KASTAMONU;PINARBAŞI;KAPANCI - KÖSEKÖY;KÖSEKÖY KÜME EVLER;sokak;518428
KASTAMONU;PINARBAŞI;KAPANCI - KUM;KUM KÜME EVLER;sokak;521444
KASTAMONU;PINARBAŞI;KAPANCI - PAZAR YERİ;AHMET AYDIN KÜME EVLER;sokak;524304
KASTAMONU;PINARBAŞI;KAPANCI - PAZAR YERİ;ENİS YETER KÜME EVLER;sokak;524308
KASTAMONU;PINARBAŞI;KAPANCI - PAZAR YERİ;KARŞI KÜME EVLER;sokak;524310
KASTAMONU;PINARBAŞI;KAPANCI - SUBAŞI;SUBAŞI KÜME EVLER;sokak;519208
KASTAMONU;PINARBAŞI;KAPANCI - TOPBAŞI;TOPBAŞI KÜME EVLER;sokak;513084
KASTAMONU;PINARBAŞI;KAPANCI - YAYLA;YAYLA KÜME EVLER;sokak;509822
KASTAMONU;PINARBAŞI;KARACAÖREN - AŞAĞI;AŞAĞI KÜME EVLER;sokak;490610
KASTAMONU;PINARBAŞI;KARACAÖREN - BALTEPE;BALTEPE KÜME EVLER;sokak;481887
KASTAMONU;PINARBAŞI;KARACAÖREN - DAĞ;DAĞ KÜME EVLER;sokak;485623
KASTAMONU;PINARBAŞI;KARACAÖREN - MERKEZ;MERKEZ KÜME EVLER;sokak;482664
KASTAMONU;PINARBAŞI;KARACAÖREN - PETEKLER;PETEKLER KÜME EVLER;sokak;487587
KASTAMONU;PINARBAŞI;KARAFASIL - BAGLA;BAĞLA KÜME EVLER;sokak;350011
KASTAMONU;PINARBAŞI;KARAFASIL - KARAFASIL;KARAFASIL KÜME EVLER;sokak;481355
KASTAMONU;PINARBAŞI;KARAFASIL - SARMA;SARMA KÜME EVLER;sokak;490280
KASTAMONU;PINARBAŞI;KARAFASIL - YENİ;YENİ KÜME EVLER;sokak;488908
KASTAMONU;PINARBAŞI;KAYABÜKÜ - AHMETOĞLU;AHMETOĞLU KÜME EVLER;sokak;492838
KASTAMONU;PINARBAŞI;KAYABÜKÜ - DEFNE;DEFNE KÜME EVLER;sokak;496669
KASTAMONU;PINARBAŞI;KAYABÜKÜ - ELLES;ELLES KÜME EVLER;sokak;492819
KASTAMONU;PINARBAŞI;KAYABÜKÜ - EYÜPOĞLU;EYÜPOĞLU KÜME EVLER;sokak;492855
KASTAMONU;PINARBAŞI;KAYABÜKÜ - KAYACIK;KAYACIK KÜME EVLER;sokak;488668
KASTAMONU;PINARBAŞI;KAYABÜKÜ - KÖRŞÜŞ;KÖRŞÜŞ KÜME EVLER;sokak;487753
KASTAMONU;PINARBAŞI;KAYABÜKÜ - ŞABAN;ŞABAN KÜME EVLER;sokak;90897
KASTAMONU;PINARBAŞI;KAYABÜKÜ - YEŞİL;YEŞİL KÜME EVLER;sokak;492800
KASTAMONU;PINARBAŞI;KERTE - BIYIK;BIYIK KÜME EVLER;sokak;494745
KASTAMONU;PINARBAŞI;KERTE - ÇANAKÇI;ÇANAKÇI KÜME EVLER;sokak;507826
KASTAMONU;PINARBAŞI;KERTE - GEDİK;GEDİK KÜME EVLER;sokak;494155
KASTAMONU;PINARBAŞI;KERTE - GÖKHÜSEYİN;GÖKHÜSEYİN KÜME EVLER;sokak;89681
KASTAMONU;PINARBAŞI;KERTE - İBRAHİM ÇELEBİ;İBRAHİM ÇELEBİ KÜME EVLER;sokak;495871
KASTAMONU;PINARBAŞI;KERTE - KAHYA;KAHYA KÜME EVLER;sokak;495875
KASTAMONU;PINARBAŞI;KERTE - KANCILAR;KANCILAR KÜME EVLER;sokak;495879
KASTAMONU;PINARBAŞI;KERTE - KARAMUSTAFA;KARAMUSTAFA KÜME EVLER;sokak;507834
KASTAMONU;PINARBAŞI;KERTE - KAYALI;KAYALI KÜME EVLER;sokak;494762
KASTAMONU;PINARBAŞI;KERTE - KİRPİ;KİRPİ KÜME EVLER;sokak;494211
KASTAMONU;PINARBAŞI;KERTE - ORNA;ORNA KÜME EVLER;sokak;494768
KASTAMONU;PINARBAŞI;KERTE - SEYHAN;SEYHAN KÜME EVLER;sokak;494333
KASTAMONU;PINARBAŞI;KERTE - TOR;TOR KÜME EVLER;sokak;494797
KASTAMONU;PINARBAŞI;KERTE - YUMAKLI;YUMAKLI KÜME EVLER;sokak;506468
KASTAMONU;PINARBAŞI;KUTLUGELİK - BODUROĞLU;BODUROĞLU KÜME EVLER;sokak;488689
KASTAMONU;PINARBAŞI;KUTLUGELİK - ÇÖTENLİ;ÇÖTENLİ KÜME EVLER;sokak;499016
KASTAMONU;PINARBAŞI;KUTLUGELİK - DAMASIĞMAZ;DAMASIĞMAZ KÜME EVLER;sokak;488740
KASTAMONU;PINARBAŞI;KUTLUGELİK - HÜDAYET;HÜDAYET KÜME EVLER;sokak;499024
KASTAMONU;PINARBAŞI;KUTLUGELİK - YENİ;YENİ KÜME EVLER;sokak;499482
KASTAMONU;PINARBAŞI;MİRAHOR - ÇÖMEZ;ÇÖMEZ KÜME EVLER;sokak;485721
KASTAMONU;PINARBAŞI;MİRAHOR - İBRAHİM ÇELEBİ;İBRAHİM ÇELEBİ KÜME EVLER;sokak;480454
KASTAMONU;PINARBAŞI;MİRAHOR - MERKEZ;MERKEZ KÜME EVLER;sokak;490615
KASTAMONU;PINARBAŞI;MİRAHOR - SEYİSOĞLU;SEYİSOĞLU KÜME EVLER;sokak;480403
KASTAMONU;PINARBAŞI;MİRAHOR - TOYGIRAN;TOYGIRAN KÜME EVLER;sokak;500333
KASTAMONU;PINARBAŞI;MURATBAŞI - ÇORBACI;ÇORBACI KÜME EVLER;sokak;501415
KASTAMONU;PINARBAŞI;MURATBAŞI - KETİ;KETİ KÜME EVLER;sokak;506202
KASTAMONU;PINARBAŞI;MURATBAŞI - MERKEZ;MERKEZ KÜME EVLER;sokak;501411
KASTAMONU;PINARBAŞI;MURATBAŞI - MİLDAN;MİLDAN KÜME EVLER;sokak;514155
KASTAMONU;PINARBAŞI;MURATBAŞI - ÖRENCİK;ÖRENCİK KÜME EVLER;sokak;285225
KASTAMONU;PINARBAŞI;MURATBAŞI - VALLA;VALLA KÜME EVLER;sokak;503845
KASTAMONU;PINARBAŞI;SAVAŞ - AŞAĞI TEKKE;AŞAĞI TEKKE KÜME EVLER;sokak;358592
KASTAMONU;PINARBAŞI;SAVAŞ - HOCA;1. KÜME KÜME EVLER;sokak;522133
KASTAMONU;PINARBAŞI;SAVAŞ - HOCA;2. KÜME KÜME EVLER;sokak;522134
KASTAMONU;PINARBAŞI;SAVAŞ - TERZİ;TERZİ KÜME EVLER;sokak;510635
KASTAMONU;PINARBAŞI;SÜMENLER - CEBECİ;CEBECİ KÜME EVLER;sokak;505956
KASTAMONU;PINARBAŞI;SÜMENLER - GÖLYANI;GÖLYANI KÜME EVLER;sokak;506929
KASTAMONU;PINARBAŞI;SÜMENLER - HACIOĞLU;HACIOĞLU KÜME EVLER;sokak;505980
KASTAMONU;PINARBAŞI;SÜMENLER - İMAM;İMAM KÜME EVLER;sokak;503652
KASTAMONU;PINARBAŞI;SÜMENLER - KAYADİBİ;KAYADİBİ KÜME EVLER;sokak;506493
KASTAMONU;PINARBAŞI;SÜMENLER - KIRTI;KIRTI KÜME EVLER;sokak;499531
KASTAMONU;PINARBAŞI;SÜMENLER - KUYRUK;KUYRUK KÜME EVLER;sokak;506399
KASTAMONU;PINARBAŞI;SÜMENLER - MERKEZ;MERKEZ KÜME EVLER;sokak;496141
KASTAMONU;PINARBAŞI;SÜMENLER - ORTA;ORTA KÜME EVLER;sokak;496474
KASTAMONU;PINARBAŞI;SÜMENLER - ORUÇ;ORUÇ KÜME EVLER;sokak;91016
KASTAMONU;PINARBAŞI;URVA - ABUT;ABUT KÜME EVLER;sokak;508035
KASTAMONU;PINARBAŞI;URVA - AYLAK;AYLAK KÜME EVLER;sokak;508048
KASTAMONU;PINARBAŞI;URVA - HATİP;HATİP KÜME EVLER;sokak;508424
KASTAMONU;PINARBAŞI;URVA - MENTEŞ;MENTEŞ KÜME EVLER;sokak;511909
KASTAMONU;PINARBAŞI;URVA - MUSLU;MUSLU KÜME EVLER;sokak;501360
KASTAMONU;PINARBAŞI;URVA - ŞIHLI;ŞIHLI KÜME EVLER;sokak;508413
KASTAMONU;PINARBAŞI;URVA - TISBI;TISBI KÜME EVLER;sokak;501332
KASTAMONU;PINARBAŞI;UZLA - GARİPLER;GARİPLER KÜME EVLER;sokak;511822
KASTAMONU;PINARBAŞI;UZLA - MERKEZ;MERKEZ KÜME EVLER;sokak;508018
KASTAMONU;PINARBAŞI;UZLA - TARAKCI;TARAKCI KÜME EVLER;sokak;502188
KASTAMONU;PINARBAŞI;UZLA - ÜLDE;ÜLDE KÜME EVLER;sokak;510882
KASTAMONU;PINARBAŞI;UZUNÇAM;ARAPÇIOĞLU SOKAK;sokak;498973
KASTAMONU;PINARBAŞI;UZUNÇAM;CİVELEK SOKAK;sokak;498972
KASTAMONU;PINARBAŞI;UZUNÇAM;DEĞİRMENCİ SOKAK;sokak;498976
KASTAMONU;PINARBAŞI;UZUNÇAM;DİRGÜMEN SOKAK;sokak;492262
KASTAMONU;PINARBAŞI;UZUNÇAM;KAVURMACIK CADDE;cadde;118531571
KASTAMONU;PINARBAŞI;UZUNÇAM;NİZAMOĞLU SOKAK;sokak;500376
KASTAMONU;PINARBAŞI;UZUNÇAM;ŞEHİT MUSTAFA GÜNEŞ CADDE;cadde;1373835
KASTAMONU;PINARBAŞI;UZUNÇAM;TEKKEŞ SOKAK;sokak;498980
KASTAMONU;PINARBAŞI;UZUNÇAM;YENİ SOKAK;sokak;498969
KASTAMONU;PINARBAŞI;ÜYÜKÖREN - ÇALCAÖREN;ÇALCAÖREN KÜME EVLER;sokak;500885
KASTAMONU;PINARBAŞI;ÜYÜKÖREN - MERKEZ;MERKEZ KÜME EVLER;sokak;503608
KASTAMONU;PINARBAŞI;ÜYÜKÖREN - RUŞEN;RUŞEN KÜME EVLER;sokak;503494
KASTAMONU;PINARBAŞI;YAMANLAR - AFETEVLERİ;AFETEVLERİ KÜME EVLER;sokak;488414
KASTAMONU;PINARBAŞI;YAMANLAR - AŞAĞI;AŞAĞI KÜME EVLER;sokak;488357
KASTAMONU;PINARBAŞI;YAMANLAR - FASYE;FASYE KÜME EVLER;sokak;491669
KASTAMONU;PINARBAŞI;YAMANLAR - GİYNE;GİYNE KÜME EVLER;sokak;488151
KASTAMONU;PINARBAŞI;YAMANLAR - KAHVECİ;KAHVECİ KÜME EVLER;sokak;494492
KASTAMONU;PINARBAŞI;YAMANLAR - KELEM;KELEM KÜME EVLER;sokak;366832
KASTAMONU;PINARBAŞI;YAMANLAR - ORTA;ORTA KÜME EVLER;sokak;488386
KASTAMONU;PINARBAŞI;YAMANLAR - SÖMEK;SÖMEK KÜME EVLER;sokak;492868
KASTAMONU;PINARBAŞI;YAMANLAR - YUKARI;YUKARI KÜME EVLER;sokak;482672
KASTAMONU;PINARBAŞI;YUKARIAKTAŞ - GÜVELOĞLU;GÜVELOĞLU KÜME EVLER;sokak;498583
KASTAMONU;PINARBAŞI;YUKARIAKTAŞ - MERKEZ;MERKEZ KÜME EVLER;sokak;496615
KASTAMONU;PINARBAŞI;YUKARIAKTAŞ - MUSABAŞOĞLU;MUSABAŞOĞLU KÜME EVLER;sokak;496277
KASTAMONU;SEYDİLER;AŞAĞIARSLANLI;CEZAYERİ KÜME EVLER;sokak;254280
KASTAMONU;SEYDİLER;AŞAĞIARSLANLI;HOCA KÜME EVLER;sokak;254281
KASTAMONU;SEYDİLER;AŞAĞIARSLANLI;MERKEZ_5 KÜME EVLER;sokak;254282
KASTAMONU;SEYDİLER;AŞAĞIARSLANLI;ÖMÜR SOKAK;sokak;437705
KASTAMONU;SEYDİLER;AYVATLAR;DADILAR KÜME EVLER;sokak;254283
KASTAMONU;SEYDİLER;AYVATLAR;KARAGÖZLER KÜME EVLER;sokak;254284
KASTAMONU;SEYDİLER;AYVATLAR;MEMETLER SOKAK;sokak;437706
KASTAMONU;SEYDİLER;AYVATLAR;MERKEZ_9 KÜME EVLER;sokak;254285
KASTAMONU;SEYDİLER;BATIÖRCÜNLER;ÇAL KÜME EVLER;sokak;437707
KASTAMONU;SEYDİLER;BATIÖRCÜNLER;MERKEZ_10 KÜME EVLER;sokak;254286
KASTAMONU;SEYDİLER;BATIÖRCÜNLER;MÜSELLİMLER KÜME EVLER;sokak;254287
KASTAMONU;SEYDİLER;BATIÖRCÜNLER;YİBO CADDE;cadde;892971960
KASTAMONU;SEYDİLER;ÇERÇİLER - MERKEZ;MERKEZ KÜME EVLER;sokak;490123
KASTAMONU;SEYDİLER;ÇERÇİLER - TEPE KÖY;TEPE KÖY KÜME EVLER;sokak;486556
KASTAMONU;SEYDİLER;ÇIRDAK - HÜSEYİNAĞA;HÜSEYİNAĞA KÜME EVLER;sokak;492164
KASTAMONU;SEYDİLER;ÇIRDAK - MAŞAOĞLU;MAŞAOĞLU KÜME EVLER;sokak;490354
KASTAMONU;SEYDİLER;ÇIRDAK - MERKEZ;MERKEZ KÜME EVLER;sokak;490348
KASTAMONU;SEYDİLER;ÇIRDAK - SELİMOĞLU;SELİMOĞLU KÜME EVLER;sokak;492080
KASTAMONU;SEYDİLER;ÇIRDAK - YAVSUOĞLU;YAVSUOĞLU KÜME EVLER;sokak;479571
KASTAMONU;SEYDİLER;ÇİĞİLERİK - DEMİROĞLU;DEMİROĞLU KÜME EVLER;sokak;487518
KASTAMONU;SEYDİLER;ÇİĞİLERİK - DERE;DERE KÜME EVLER;sokak;488451
KASTAMONU;SEYDİLER;ÇİĞİLERİK - HARMANDA;HARMANDA KÜME EVLER;sokak;488448
KASTAMONU;SEYDİLER;ÇİĞİLERİK - HATIP;HATIP KÜME EVLER;sokak;486952
KASTAMONU;SEYDİLER;ÇİĞİLERİK - HÜCÜMAN;HÜCÜMAN KÜME EVLER;sokak;479935
KASTAMONU;SEYDİLER;ÇİĞİLERİK - ÖDEMİŞ PAZARYERİ;ÖDEMİŞ PAZARYERİ KÜME EVLER;sokak;485262
KASTAMONU;SEYDİLER;DELİHACILAR;KAYMAKÇI KÜME EVLER;sokak;487837
KASTAMONU;SEYDİLER;DELİHACILAR;MERKEZ_6 KÜME EVLER;sokak;487836
KASTAMONU;SEYDİLER;DEMİRCİÖZÜ;AŞAĞI SOKAK;sokak;437708
KASTAMONU;SEYDİLER;DEMİRCİÖZÜ;BAŞKÖY KÜME EVLER;sokak;254288
KASTAMONU;SEYDİLER;DEMİRCİÖZÜ;HATİP KÜME EVLER;sokak;254289
KASTAMONU;SEYDİLER;DEMİRCİÖZÜ;KÜLCÜ SOKAK;sokak;437709
KASTAMONU;SEYDİLER;DEMİRCİÖZÜ;MERKEZ_7 KÜME EVLER;sokak;254290
KASTAMONU;SEYDİLER;EMRELER - KANDAVURLAR;KANDAVURLAR KÜME EVLER;sokak;486582
KASTAMONU;SEYDİLER;EMRELER - MERKEZ;MERKEZ KÜME EVLER;sokak;487011
KASTAMONU;SEYDİLER;EMRELER - SARAYCIK;SARAYCIK KÜME EVLER;sokak;473493
KASTAMONU;SEYDİLER;EMRELER - SOFUCAK;SOFUCAK KÜME EVLER;sokak;72288
KASTAMONU;SEYDİLER;ERİCEK - EMMİ;EMMİ KÜME EVLER;sokak;484425
KASTAMONU;SEYDİLER;ERİCEK - HAYDARLI;HAYDARLI KÜME EVLER;sokak;491680
KASTAMONU;SEYDİLER;ERİCEK - İBİCİOĞLU;İBİCİOĞLU KÜME EVLER;sokak;482231
KASTAMONU;SEYDİLER;ERİCEK - KARAHMET;KARAHMET KÜME EVLER;sokak;490285
KASTAMONU;SEYDİLER;ERİCEK - MAVİLİ;MAVİLİ KÜME EVLER;sokak;490271
KASTAMONU;SEYDİLER;ERİCEK - MERKEZ;MERKEZ KÜME EVLER;sokak;480861
KASTAMONU;SEYDİLER;ERİCEK - YAPUKÇU;YAKUPÇU KÜME EVLER;sokak;489915
KASTAMONU;SEYDİLER;HACIKAYALAR;38. SOKAK;sokak;480470
KASTAMONU;SEYDİLER;HACIKAYALAR;39. SOKAK;sokak;480531
KASTAMONU;SEYDİLER;HACIKAYALAR;40. SOKAK;sokak;480533
KASTAMONU;SEYDİLER;HACIKAYALAR;41. SOKAK;sokak;480026
KASTAMONU;SEYDİLER;HACIKAYALAR;42.- SOKAK;sokak;480027
KASTAMONU;SEYDİLER;HACIKAYALAR;43.- SOKAK;sokak;480028
KASTAMONU;SEYDİLER;HACIKAYALAR;56 SOKAK;sokak;395991130
KASTAMONU;SEYDİLER;HACIKAYALAR;62 SOKAK;sokak;1313797
KASTAMONU;SEYDİLER;HACIKAYALAR;KAYALAR CADDE;cadde;480536
KASTAMONU;SEYDİLER;İMRENLER - ÇAVUŞOĞLU;ÇAVUŞOĞLU KÜME EVLER;sokak;485961
KASTAMONU;SEYDİLER;İMRENLER - HALAÇOĞLU;HALAÇOĞLU KÜME EVLER;sokak;481481
KASTAMONU;SEYDİLER;İMRENLER - İMAMOĞLU;İMAMOĞLU KÜME EVLER;sokak;482430
KASTAMONU;SEYDİLER;İMRENLER - KAYALAR;KAYALAR KÜME EVLER;sokak;481102
KASTAMONU;SEYDİLER;İMRENLER - MERKEZ;MERKEZ KÜME EVLER;sokak;481480
KASTAMONU;SEYDİLER;İNCESU - KURUOĞLU;KURUOĞLU KÜME EVLER;sokak;498688
KASTAMONU;SEYDİLER;İNCESU - MERKEZ;MERKEZ KÜME EVLER;sokak;497712
KASTAMONU;SEYDİLER;İNCESU - MUSTAFA;MUSTAFA KÜME EVLER;sokak;494613
KASTAMONU;SEYDİLER;İNCESU - MÜCO;MÜCO KÜME EVLER;sokak;499968
KASTAMONU;SEYDİLER;KARAÇAVUŞ - BOZARMUT;BOZARMUT KÜME EVLER;sokak;484811
KASTAMONU;SEYDİLER;KARAÇAVUŞ - BÖREKCİ;BÖREKÇİ KÜME EVLER;sokak;485174
KASTAMONU;SEYDİLER;KARAÇAVUŞ - KARAÇAVUŞ MERKEZ;KARAÇAVUŞ MERKEZ KÜME EVLER;sokak;482755
KASTAMONU;SEYDİLER;KARAÇAVUŞ - KÜRT;KÜRT KÜME EVLER;sokak;487160
KASTAMONU;SEYDİLER;KARAÇAVUŞ - MADANBEY;MADANBEY KÜME EVLER;sokak;484817
KASTAMONU;SEYDİLER;KEPEZ - ALİ AĞA;ALİ AĞA KÜME EVLER;sokak;488641
KASTAMONU;SEYDİLER;KEPEZ - MERKEZ;MERKEZ KÜME EVLER;sokak;493650
KASTAMONU;SEYDİLER;KEPEZ - YAKUPOĞLU;YAKUPOĞLU KÜME EVLER;sokak;487193
KASTAMONU;SEYDİLER;MANCILIK - HACINESİFOĞLU;HACINESİFOĞLU KÜME EVLER;sokak;484870
KASTAMONU;SEYDİLER;MANCILIK - KADİROĞLU;KADİROĞLU KÜME EVLER;sokak;484877
KASTAMONU;SEYDİLER;MANCILIK - KUYTULU;KUYTULU KÜME EVLER;sokak;480044
KASTAMONU;SEYDİLER;MANCILIK - MERKEZ;MERKEZ KÜME EVLER;sokak;483478
KASTAMONU;SEYDİLER;MANCILIK - SÜNGÜLER;SÜNGÜLER KÜME EVLER;sokak;486295
KASTAMONU;SEYDİLER;MANCILIK - ŞAHBAT;ŞAHBAT KÜME EVLER;sokak;481672
KASTAMONU;SEYDİLER;MERKEZ;1. SOKAK;sokak;254291
KASTAMONU;SEYDİLER;MERKEZ;10. SOKAK;sokak;254292
KASTAMONU;SEYDİLER;MERKEZ;11. SOKAK;sokak;437713
KASTAMONU;SEYDİLER;MERKEZ;12. SOKAK;sokak;498110
KASTAMONU;SEYDİLER;MERKEZ;13. SOKAK;sokak;498100
KASTAMONU;SEYDİLER;MERKEZ;14. SOKAK SOKAK;sokak;496427
KASTAMONU;SEYDİLER;MERKEZ;15. SOKAK;sokak;500571
KASTAMONU;SEYDİLER;MERKEZ;16. SOKAK;sokak;505907
KASTAMONU;SEYDİLER;MERKEZ;18. SOKAK;sokak;496979
KASTAMONU;SEYDİLER;MERKEZ;19. SOKAK;sokak;499214
KASTAMONU;SEYDİLER;MERKEZ;2. SOKAK;sokak;254293
KASTAMONU;SEYDİLER;MERKEZ;21. SOKAK;sokak;500574
KASTAMONU;SEYDİLER;MERKEZ;22. SOKAK;sokak;500575
KASTAMONU;SEYDİLER;MERKEZ;23. SOKAK;sokak;479155
KASTAMONU;SEYDİLER;MERKEZ;24. SOKAK;sokak;338557
KASTAMONU;SEYDİLER;MERKEZ;25 AĞUSTOS CADDE;cadde;272504221
KASTAMONU;SEYDİLER;MERKEZ;25. SOKAK;sokak;338555
KASTAMONU;SEYDİLER;MERKEZ;26. SOKAK;sokak;338554
KASTAMONU;SEYDİLER;MERKEZ;27. SOKAK;sokak;338547
KASTAMONU;SEYDİLER;MERKEZ;28. SOKAK;sokak;338553
KASTAMONU;SEYDİLER;MERKEZ;29. SOKAK;sokak;110120
KASTAMONU;SEYDİLER;MERKEZ;3. SOKAK;sokak;254294
KASTAMONU;SEYDİLER;MERKEZ;30. SOKAK;sokak;475919
KASTAMONU;SEYDİLER;MERKEZ;31. SOKAK;sokak;480714
KASTAMONU;SEYDİLER;MERKEZ;33. SOKAK;sokak;484127
KASTAMONU;SEYDİLER;MERKEZ;34. SOKAK;sokak;474731
KASTAMONU;SEYDİLER;MERKEZ;35. SOKAK;sokak;492522
KASTAMONU;SEYDİLER;MERKEZ;36. SOKAK;sokak;492523
KASTAMONU;SEYDİLER;MERKEZ;37. SOKAK;sokak;492524
KASTAMONU;SEYDİLER;MERKEZ;4. SOKAK;sokak;437714
KASTAMONU;SEYDİLER;MERKEZ;5. SOKAK;sokak;254295
KASTAMONU;SEYDİLER;MERKEZ;54 SOKAK;sokak;1313767
KASTAMONU;SEYDİLER;MERKEZ;55 SOKAK;sokak;1313769
KASTAMONU;SEYDİLER;MERKEZ;56 SOKAK;sokak;1313771
KASTAMONU;SEYDİLER;MERKEZ;6. SOKAK;sokak;254296
KASTAMONU;SEYDİLER;MERKEZ;64 SOKAK;sokak;1313777
KASTAMONU;SEYDİLER;MERKEZ;7. SOKAK;sokak;437715
KASTAMONU;SEYDİLER;MERKEZ;70 SOKAK;sokak;1313783
KASTAMONU;SEYDİLER;MERKEZ;71 SOKAK;sokak;1313785
KASTAMONU;SEYDİLER;MERKEZ;72 SOKAK;sokak;1313787
KASTAMONU;SEYDİLER;MERKEZ;73 SOKAK;sokak;1313789
KASTAMONU;SEYDİLER;MERKEZ;74 SOKAK;sokak;1313791
KASTAMONU;SEYDİLER;MERKEZ;8. SOKAK;sokak;254297
KASTAMONU;SEYDİLER;MERKEZ;9. SOKAK;sokak;254298
KASTAMONU;SEYDİLER;MERKEZ;AŞAĞI TAKAZLAR CADDE;cadde;474730
KASTAMONU;SEYDİLER;MERKEZ;BOĞACIK CADDE;cadde;499212
KASTAMONU;SEYDİLER;MERKEZ;BÜK CADDE;cadde;345849
KASTAMONU;SEYDİLER;MERKEZ;CUMHURİYET BULVAR;sokak;474732
KASTAMONU;SEYDİLER;MERKEZ;DOĞUŞ SOKAK;sokak;474735
KASTAMONU;SEYDİLER;MERKEZ;GENÇOĞLU CADDE;cadde;97946
KASTAMONU;SEYDİLER;MERKEZ;HALIME ÇAVUŞ CADDE;cadde;474734
KASTAMONU;SEYDİLER;MERKEZ;HAMİDİYE CADDE;cadde;490323
KASTAMONU;SEYDİLER;MERKEZ;İMANLAR CADDE;cadde;354611
KASTAMONU;SEYDİLER;MERKEZ;İSTİKLAL CADDE;cadde;500573
KASTAMONU;SEYDİLER;MERKEZ;KANARYA SOKAK;sokak;882611
KASTAMONU;SEYDİLER;MERKEZ;KARANFİL SOKAK;sokak;863273
KASTAMONU;SEYDİLER;MERKEZ;KARTAL SOKAK;sokak;1035633
KASTAMONU;SEYDİLER;MERKEZ;KARYAĞDI CADDE;cadde;345839
KASTAMONU;SEYDİLER;MERKEZ;KAYSAN SOKAK;sokak;82926536
KASTAMONU;SEYDİLER;MERKEZ;KAYSAN1 SOKAK;sokak;681543351
KASTAMONU;SEYDİLER;MERKEZ;KIZILAY SOKAK;sokak;863272
KASTAMONU;SEYDİLER;MERKEZ;KURTULUŞ CADDE;cadde;499211
KASTAMONU;SEYDİLER;MERKEZ;SAĞLIK CADDE;cadde;254299
KASTAMONU;SEYDİLER;MERKEZ;SEYYİDİ ZÜLFİKAR CADDE;cadde;254300
KASTAMONU;SEYDİLER;MERKEZ;ŞEHİT ERSİN YENEL CADDE;cadde;496768
KASTAMONU;SEYDİLER;MERKEZ;ŞEHİT ŞERİFE BACI CADDE;cadde;487165
KASTAMONU;SEYDİLER;MERKEZ;ŞHT.YASİN ÖLMEZ CADDE;cadde;254301
KASTAMONU;SEYDİLER;MERKEZ;TURPLAR CADDE;cadde;474242
KASTAMONU;SEYDİLER;MERKEZ;YİBO CADDE;cadde;492525
KASTAMONU;SEYDİLER;MERKEZ;YUKARI TAKAZLAR CADDE;cadde;484128
KASTAMONU;SEYDİLER;MERKEZ OSB;1 CADDE;cadde;1310275
KASTAMONU;SEYDİLER;MERKEZ OSB;10 CADDE;cadde;1310301
KASTAMONU;SEYDİLER;MERKEZ OSB;11 CADDE;cadde;1310303
KASTAMONU;SEYDİLER;MERKEZ OSB;12 CADDE;cadde;1310305
KASTAMONU;SEYDİLER;MERKEZ OSB;13 CADDE;cadde;1310307
KASTAMONU;SEYDİLER;MERKEZ OSB;2 CADDE;cadde;1310277
KASTAMONU;SEYDİLER;MERKEZ OSB;3 CADDE;cadde;1310285
KASTAMONU;SEYDİLER;MERKEZ OSB;4 CADDE;cadde;1310287
KASTAMONU;SEYDİLER;MERKEZ OSB;5 CADDE;cadde;1310289
KASTAMONU;SEYDİLER;MERKEZ OSB;6 CADDE;cadde;1310291
KASTAMONU;SEYDİLER;MERKEZ OSB;8 CADDE;cadde;1310295
KASTAMONU;SEYDİLER;MERKEZ OSB;9 CADDE;cadde;1310297
KASTAMONU;SEYDİLER;MERKEZ OSB;YİBO CADDE;cadde;1002286
KASTAMONU;SEYDİLER;ODABAŞI - ÇÖMEK;ÇÖMEK KÜME EVLER;sokak;482197
KASTAMONU;SEYDİLER;ODABAŞI - HOŞKUNLAR;HOŞKUNLAR KÜME EVLER;sokak;485749
KASTAMONU;SEYDİLER;ODABAŞI - MERKEZ;MERKEZ KÜME EVLER;sokak;481800
KASTAMONU;SEYDİLER;SABUNCULAR - ÇELEBİ;ÇELEBİ KÜME EVLER;sokak;490345
KASTAMONU;SEYDİLER;SABUNCULAR - HÜSEMLİ;HÜSEMLİ KÜME EVLER;sokak;489889
KASTAMONU;SEYDİLER;SABUNCULAR - KUYUMCULAR;KUYUMCULAR KÜME EVLER;sokak;482233
KASTAMONU;SEYDİLER;SABUNCULAR - KÜRTO;KÜRTO KÜME EVLER;sokak;484437
KASTAMONU;SEYDİLER;SABUNCULAR - MERKEZ;MERKEZ KÜME EVLER;sokak;489907
KASTAMONU;SEYDİLER;SABUNCULAR - SÜRMELİ;SÜRMELİ KÜME EVLER;sokak;484431
KASTAMONU;SEYDİLER;ŞALGAM - AŞAĞI ŞALGAM;AŞAĞI ŞALGAM KÜME EVLER;sokak;487680
KASTAMONU;SEYDİLER;ŞALGAM - BÖCEK;BÖCEK KÜME EVLER;sokak;493665
KASTAMONU;SEYDİLER;ŞALGAM - DEMİRCİ;DEMİRCİ KÜME EVLER;sokak;488661
KASTAMONU;SEYDİLER;ŞALGAM - MERKEZ;MERKEZ KÜME EVLER;sokak;494047
KASTAMONU;SEYDİLER;ÜYÜK - GÜCÜKLER;GÜCÜKLER KÜME EVLER;sokak;472959
KASTAMONU;SEYDİLER;ÜYÜK - KADIHÜSEYİN;KADIHÜSEYİN KÜME EVLER;sokak;37103
KASTAMONU;SEYDİLER;ÜYÜK - ÜYÜK MERKEZ;ÜYÜK MERKEZ KÜME EVLER;sokak;474366
KASTAMONU;SEYDİLER;YAĞLAR;44. SOKAK;sokak;488841
KASTAMONU;SEYDİLER;YAĞLAR;45. SOKAK;sokak;488842
KASTAMONU;SEYDİLER;YAĞLAR;46. SOKAK;sokak;488843
KASTAMONU;SEYDİLER;YAĞLAR;47. SOKAK;sokak;488844
KASTAMONU;SEYDİLER;YAĞLAR;48. SOKAK;sokak;488845
KASTAMONU;SEYDİLER;YAĞLAR;49. SOKAK;sokak;488846
KASTAMONU;SEYDİLER;YAĞLAR;50. SOKAK;sokak;505548
KASTAMONU;SEYDİLER;YAĞLAR;59 SOKAK;sokak;1313653
KASTAMONU;SEYDİLER;YAĞLAR;66 SOKAK;sokak;1313657
KASTAMONU;SEYDİLER;YAĞLAR;67 SOKAK;sokak;1313659
KASTAMONU;SEYDİLER;YAĞLAR;GÜNEY CADDE;cadde;488847
KASTAMONU;SEYDİLER;YAĞLAR;KÖY İÇİ CADDE;cadde;488839
KASTAMONU;SEYDİLER;YAYLA;CEVİZ KÜME EVLER;sokak;254302
KASTAMONU;SEYDİLER;YAYLA;ÇAKMAK KÜME EVLER;sokak;254305
KASTAMONU;SEYDİLER;YAYLA;GÖÇ KÜME EVLER;sokak;438048
KASTAMONU;SEYDİLER;YAYLA;HALKACILAR KÜME EVLER;sokak;254303
KASTAMONU;SEYDİLER;YAYLA;MERKEZ_11 KÜME EVLER;sokak;254304
KASTAMONU;SEYDİLER;YAYLA;SİPAHİ KÜME EVLER;sokak;438049
KASTAMONU;SEYDİLER;YOLYAKA - AYRANCI;AYRANCI KÜME EVLER;sokak;503715
KASTAMONU;SEYDİLER;YOLYAKA - ÇAYAN;ÇAYAN KÜME EVLER;sokak;503719
KASTAMONU;SEYDİLER;YOLYAKA - KARAKAŞ;KARAKAŞ KÜME EVLER;sokak;503711
KASTAMONU;SEYDİLER;YOLYAKA - MERKEZ;MERKEZ KÜME EVLER;sokak;499621
KASTAMONU;SEYDİLER;YOLYAKA - PANTIR;PANTIR KÜME EVLER;sokak;503713
KASTAMONU;SEYDİLER;YOLYAKA - SARNIÇ;SARNIÇ KÜME EVLER;sokak;503718
KASTAMONU;SEYDİLER;YUKARIARSLANLI;HOCA KÜME EVLER;sokak;873699630
KASTAMONU;SEYDİLER;YUKARIARSLANLI;MERKEZ_8 KÜME EVLER;sokak;254306
KASTAMONU;SEYDİLER;YUKARIARSLANLI;SOĞAN AĞA KÜME EVLER;sokak;254307
KASTAMONU;SEYDİLER;YUKARIARSLANLI;YAĞMURLAR KÜME EVLER;sokak;434374
KASTAMONU;ŞENPAZAR;ALANCIK - MERKEZ;MERKEZ KÜME EVLER;sokak;345455
KASTAMONU;ŞENPAZAR;ALANCIK - ÖRENCİK;ÖRENCİK KÜME EVLER;sokak;511579
KASTAMONU;ŞENPAZAR;AŞIKLI - MERKEZ;MERKEZ KÜME EVLER;sokak;500279
KASTAMONU;ŞENPAZAR;AŞIKLI - ORTA;ORTA KÜME EVLER;sokak;500283
KASTAMONU;ŞENPAZAR;AYBASAN - MERKEZ;MERKEZ KÜME EVLER;sokak;498005
KASTAMONU;ŞENPAZAR;AYBASAN - YAKINCA;YAKINCA KÜME EVLER;sokak;497656
KASTAMONU;ŞENPAZAR;BAŞÇAVUŞ - GOSSOKÜ;GOSSOKÜ KÜME EVLER;sokak;496241
KASTAMONU;ŞENPAZAR;BAŞÇAVUŞ - MENTEŞE;MENTEŞE KÜME EVLER;sokak;493245
KASTAMONU;ŞENPAZAR;BAŞÇAVUŞ - MERKEZ;MERKEZ KÜME EVLER;sokak;486974
KASTAMONU;ŞENPAZAR;BÜYÜKMUTLU - MERKEZ;MERKEZ KÜME EVLER;sokak;535397
KASTAMONU;ŞENPAZAR;CELALLİ - KÜPCÜLER;KÜPCÜLER KÜME EVLER;sokak;509014
KASTAMONU;ŞENPAZAR;CELALLİ - MERKEZ;MERKEZ KÜME EVLER;sokak;512038
KASTAMONU;ŞENPAZAR;CELALLİ - TATLICA;TATLICA KÜME EVLER;sokak;514939
KASTAMONU;ŞENPAZAR;ÇEVRİK;AKCA KESE SOKAK;sokak;882980051
KASTAMONU;ŞENPAZAR;ÇEVRİK;ÇEVRİK CADDE;cadde;254308
KASTAMONU;ŞENPAZAR;ÇEVRİK;EĞİTMEN SOKAK;sokak;912353901
KASTAMONU;ŞENPAZAR;ÇEVRİK;EVLİYA SOKAK;sokak;919851271
KASTAMONU;ŞENPAZAR;ÇEVRİK;FİDAN SOKAK;sokak;330142671
KASTAMONU;ŞENPAZAR;ÇEVRİK;GÜMÜŞTAŞ SOKAK;sokak;701530101
KASTAMONU;ŞENPAZAR;ÇEVRİK;GÜN SOKAK;sokak;872489690
KASTAMONU;ŞENPAZAR;ÇEVRİK;KARANLAR SOKAK;sokak;517407851
KASTAMONU;ŞENPAZAR;ÇEVRİK;KIZILCASU SOKAK;sokak;649318011
KASTAMONU;ŞENPAZAR;ÇEVRİK;LALE 4 SOKAK;sokak;636404450
KASTAMONU;ŞENPAZAR;ÇEVRİK;LALE SOKAK;sokak;254309
KASTAMONU;ŞENPAZAR;ÇEVRİK;MENEKŞE SOKAK;sokak;899283290
KASTAMONU;ŞENPAZAR;ÇEVRİK;ÖZKANLAR SOKAK;sokak;254310
KASTAMONU;ŞENPAZAR;ÇEVRİK;TEKİN SOKAK;sokak;826379501
KASTAMONU;ŞENPAZAR;ÇEVRİK;ÜNLÜ SOKAK;sokak;821698060
KASTAMONU;ŞENPAZAR;DAĞLI - İMAM;İMAM KÜME EVLER;sokak;489549
KASTAMONU;ŞENPAZAR;DAĞLI - KISIK;KISIK KÜME EVLER;sokak;489542
KASTAMONU;ŞENPAZAR;DAĞLI - MERKEZ;MERKEZ KÜME EVLER;sokak;489544
KASTAMONU;ŞENPAZAR;DAĞLI - YUKARIDAĞLI;YUKARIDAĞLI KÜME EVLER;sokak;500280
KASTAMONU;ŞENPAZAR;DEMİRKAYA - DEMİRCİLİ;DEMİRCİLİ KÜME EVLER;sokak;490018
KASTAMONU;ŞENPAZAR;DEMİRKAYA - MANAV;MANAV KÜME EVLER;sokak;486454
KASTAMONU;ŞENPAZAR;DEMİRKAYA - MERKEZ;MERKEZ KÜME EVLER;sokak;490013
KASTAMONU;ŞENPAZAR;DEREKÖY - MERKEZ;MERKEZ KÜME EVLER;sokak;493924
KASTAMONU;ŞENPAZAR;DEREKÖY - YÖRECİK;YÖRECİK KÜME EVLER;sokak;493937
KASTAMONU;ŞENPAZAR;DİBEKLİ;ÇEVRİK CADDE;cadde;315296700
KASTAMONU;ŞENPAZAR;DİBEKLİ;DEĞİRMEN SOKAK;sokak;598585711
KASTAMONU;ŞENPAZAR;DİBEKLİ;DİBEKLİ CADDE;cadde;450383460
KASTAMONU;ŞENPAZAR;DİBEKLİ;FIRINCUK KAYASI SOKAK;sokak;124607471
KASTAMONU;ŞENPAZAR;DİBEKLİ;FIRINCUK SOKAK;sokak;762347231
KASTAMONU;ŞENPAZAR;DİBEKLİ;GÜLVEREN SOKAK;sokak;254311
KASTAMONU;ŞENPAZAR;DİBEKLİ;KANARYA SOKAK;sokak;254312
KASTAMONU;ŞENPAZAR;DİBEKLİ;KESMENOĞLU SOKAK;sokak;249053581
KASTAMONU;ŞENPAZAR;DİBEKLİ;KILIÇ SOKAK;sokak;145299521
KASTAMONU;ŞENPAZAR;DİBEKLİ;LALE SOKAK;sokak;775373140
KASTAMONU;ŞENPAZAR;DİBEKLİ;ŞEN SOKAK;sokak;434375
KASTAMONU;ŞENPAZAR;DİBEKLİ;YELDAN SOKAK;sokak;527120230
KASTAMONU;ŞENPAZAR;DÖRDÜL - BAŞ KÖY;BAŞ KÖY KÜME EVLER;sokak;490551
KASTAMONU;ŞENPAZAR;DÖRDÜL - KONUKLAR;KONUKLAR KÜME EVLER;sokak;490574
KASTAMONU;ŞENPAZAR;DÖRDÜL - MERKEZ;MERKEZ KÜME EVLER;sokak;490073
KASTAMONU;ŞENPAZAR;EDELER - ÇATAK;ÇATAK KÜME EVLER;sokak;504071
KASTAMONU;ŞENPAZAR;EDELER - MERKEZ;MERKEZ KÜME EVLER;sokak;499705
KASTAMONU;ŞENPAZAR;FIRINCIK - MERKEZ;MERKEZ KÜME EVLER;sokak;486286
KASTAMONU;ŞENPAZAR;GÜNEYTEKKE;AY SOKAK;sokak;438332271
KASTAMONU;ŞENPAZAR;GÜNEYTEKKE;BESİCİLER SOKAK;sokak;857420211
KASTAMONU;ŞENPAZAR;GÜNEYTEKKE;ÇINAR SOKAK;sokak;254318
KASTAMONU;ŞENPAZAR;GÜNEYTEKKE;GÜL SOKAK;sokak;359742
KASTAMONU;ŞENPAZAR;GÜNEYTEKKE;GÜNEYTEKKE 2. SOKAK;sokak;278734390
KASTAMONU;ŞENPAZAR;GÜNEYTEKKE;GÜNEYTEKKE 4. SOKAK;sokak;689680311
KASTAMONU;ŞENPAZAR;GÜNEYTEKKE;IHLAMUR SOKAK;sokak;434376
KASTAMONU;ŞENPAZAR;GÜNEYTEKKE;KARAMAN YOLU CADDE;cadde;391361301
KASTAMONU;ŞENPAZAR;GÜNEYTEKKE;KARANFİL SOKAK;sokak;254313
KASTAMONU;ŞENPAZAR;GÜNEYTEKKE;LALE SOKAK;sokak;316208180
KASTAMONU;ŞENPAZAR;GÜNEYTEKKE;MENEKŞE SOKAK;sokak;254314
KASTAMONU;ŞENPAZAR;GÜNEYTEKKE;MEŞE SOKAK;sokak;144997760
KASTAMONU;ŞENPAZAR;GÜNEYTEKKE;MİTHAT PAŞA 2 SOKAK;sokak;424953091
KASTAMONU;ŞENPAZAR;GÜNEYTEKKE;MİTHAT PAŞA CADDE;cadde;254315
KASTAMONU;ŞENPAZAR;GÜNEYTEKKE;MURAT BAŞESGİOĞLU CADDE;cadde;707714071
KASTAMONU;ŞENPAZAR;GÜNEYTEKKE;NEŞE SOKAK;sokak;887455750
KASTAMONU;ŞENPAZAR;GÜNEYTEKKE;OKUL SOKAK;sokak;254316
KASTAMONU;ŞENPAZAR;GÜNEYTEKKE;SOĞUKSU 4 SOKAK;sokak;588323040
KASTAMONU;ŞENPAZAR;GÜNEYTEKKE;SOĞUKSU CADDE;cadde;254317
KASTAMONU;ŞENPAZAR;GÜNEYTEKKE;ŞEN SOKAK;sokak;111030661
KASTAMONU;ŞENPAZAR;GÜNEYTEKKE;TOPCUOĞLU SOKAK;sokak;667867991
KASTAMONU;ŞENPAZAR;GÜNEYTEKKE;USTALAR SOKAK;sokak;142037640
KASTAMONU;ŞENPAZAR;GÜNEYTEKKE;YAMAÇ SOKAK;sokak;661232820
KASTAMONU;ŞENPAZAR;GÜNEYTEKKE;ZAMBAK SOKAK;sokak;262322071
KASTAMONU;ŞENPAZAR;GÜRLEYİK - DEĞİRMENBAŞI;DEĞİRMENBAŞI KÜME EVLER;sokak;521613
KASTAMONU;ŞENPAZAR;GÜRLEYİK - MERKEZ;MERKEZ KÜME EVLER;sokak;516623
KASTAMONU;ŞENPAZAR;GÜRLEYİK - POYRACIK;POYRACIK KÜME EVLER;sokak;521132
KASTAMONU;ŞENPAZAR;GÜRPELİT - AHMET BEY;AHMET BEY KÜME EVLER;sokak;499204
KASTAMONU;ŞENPAZAR;GÜRPELİT - DEĞİRMENCİ;DEĞİRMENCİ KÜME EVLER;sokak;499201
KASTAMONU;ŞENPAZAR;GÜRPELİT - DÜZCE;DÜZCE KÜME EVLER;sokak;499206
KASTAMONU;ŞENPAZAR;GÜRPELİT - MERKEZ;MERKEZ KÜME EVLER;sokak;500550
KASTAMONU;ŞENPAZAR;HARMANGERİŞ - AKCA KESE;AKCA KESE KÜME EVLER;sokak;522939
KASTAMONU;ŞENPAZAR;HARMANGERİŞ - ALİ YERİ;ALİ YERİ KÜME EVLER;sokak;523829
KASTAMONU;ŞENPAZAR;HARMANGERİŞ - HATIP;HATIP KÜME EVLER;sokak;516955
KASTAMONU;ŞENPAZAR;HARMANGERİŞ - HIDIRLI;HIDIRLI KÜME EVLER;sokak;522923
KASTAMONU;ŞENPAZAR;HARMANGERİŞ - MERKEZ;MERKEZ KÜME EVLER;sokak;520016
KASTAMONU;ŞENPAZAR;HARMANGERİŞ - MUHTREM;MUHTREM KÜME EVLER;sokak;516277
KASTAMONU;ŞENPAZAR;HARMANGERİŞ - PAŞA;PAŞA KÜME EVLER;sokak;523392
KASTAMONU;ŞENPAZAR;HARMANGERİŞ - TULEK;TULEK KÜME EVLER;sokak;517452
KASTAMONU;ŞENPAZAR;HİMMETKÖY - MERKEZ;MERKEZ KÜME EVLER;sokak;107486
KASTAMONU;ŞENPAZAR;KALAYCI - DEMİRCİ;DEMİRCİ KÜME EVLER;sokak;766112
KASTAMONU;ŞENPAZAR;KALAYCI - GÜLLÜ;GÜLLÜ KÜME EVLER;sokak;529021
KASTAMONU;ŞENPAZAR;KALAYCI - ILIYAZI;ILIYAZI KÜME EVLER;sokak;527858
KASTAMONU;ŞENPAZAR;KALAYCI - MERKEZ;MERKEZ KÜME EVLER;sokak;535121
KASTAMONU;ŞENPAZAR;KALAYCI - ZANALTI;ZANALTI KÜME EVLER;sokak;526689
KASTAMONU;ŞENPAZAR;KARAMAN;ALANCIK YOLU CADDE;cadde;658533501
KASTAMONU;ŞENPAZAR;KARAMAN;AY SOKAK;sokak;833079260
KASTAMONU;ŞENPAZAR;KARAMAN;ÇAM SOKAK;sokak;766794551
KASTAMONU;ŞENPAZAR;KARAMAN;ÇAMLIK SOKAK;sokak;254321
KASTAMONU;ŞENPAZAR;KARAMAN;ÇEVRİK CADDE;cadde;315296701
KASTAMONU;ŞENPAZAR;KARAMAN;ERGİN SOKAK;sokak;897756470
KASTAMONU;ŞENPAZAR;KARAMAN;GÖK SOKAK;sokak;680177480
KASTAMONU;ŞENPAZAR;KARAMAN;GÜN SOKAK;sokak;360454900
KASTAMONU;ŞENPAZAR;KARAMAN;GÜVENÇ SOKAK;sokak;944523230
KASTAMONU;ŞENPAZAR;KARAMAN;HAFIZ ŞAKİR CADDE;cadde;119291060
KASTAMONU;ŞENPAZAR;KARAMAN;İLGİN SOKAK;sokak;214494001
KASTAMONU;ŞENPAZAR;KARAMAN;KIRAÇ SOKAK;sokak;637674200
KASTAMONU;ŞENPAZAR;KARAMAN;MERİÇ SOKAK;sokak;254319
KASTAMONU;ŞENPAZAR;KARAMAN;ÖZ SOKAK;sokak;359743
KASTAMONU;ŞENPAZAR;KARAMAN;ÖZDEMİR SOKAK;sokak;254322
KASTAMONU;ŞENPAZAR;KARAMAN;ÖZDEN SOKAK;sokak;192039341
KASTAMONU;ŞENPAZAR;KARAMAN;TEPE YOLU SOKAK;sokak;521800150
KASTAMONU;ŞENPAZAR;KARAMAN;TURHAN SOKAK;sokak;165175910
KASTAMONU;ŞENPAZAR;KARAMAN;UĞURBEY SOKAK;sokak;254320
KASTAMONU;ŞENPAZAR;KARAMAN;VATAN CADDE;cadde;464226891
KASTAMONU;ŞENPAZAR;KARAMAN;YOKUŞ SOKAK;sokak;238756101
KASTAMONU;ŞENPAZAR;KORUCAK;AY SOKAK;sokak;628869401
KASTAMONU;ŞENPAZAR;KORUCAK;CEVİZLİ ÇIKMAZI SOKAK;sokak;757411571
KASTAMONU;ŞENPAZAR;KORUCAK;CEVİZLİ SOKAK;sokak;254323
KASTAMONU;ŞENPAZAR;KORUCAK;ÇAY SOKAK;sokak;238569091
KASTAMONU;ŞENPAZAR;KORUCAK;ÇINAR SOKAK;sokak;705874310
KASTAMONU;ŞENPAZAR;KORUCAK;ÇİN SOKAK;sokak;515055841
KASTAMONU;ŞENPAZAR;KORUCAK;DEĞİRMEN SOKAK;sokak;694395861
KASTAMONU;ŞENPAZAR;KORUCAK;DERE SOKAK;sokak;254324
KASTAMONU;ŞENPAZAR;KORUCAK;DÖRTYOL CADDE;cadde;568442281
KASTAMONU;ŞENPAZAR;KORUCAK;DÖRTYOL ÇIKMAZI SOKAK;sokak;607638770
KASTAMONU;ŞENPAZAR;KORUCAK;KAPLAN SOKAK;sokak;678114481
KASTAMONU;ŞENPAZAR;KORUCAK;KASTAMONU CADDE;cadde;254325
KASTAMONU;ŞENPAZAR;KORUCAK;KEMER SOKAK;sokak;359744
KASTAMONU;ŞENPAZAR;KORUCAK;KORUCAK 1. SOKAK;sokak;326720401
KASTAMONU;ŞENPAZAR;KORUCAK;MEŞE SOKAK;sokak;899686141
KASTAMONU;ŞENPAZAR;KORUCAK;ÖKSÜZLER SOKAK;sokak;378102800
KASTAMONU;ŞENPAZAR;KORUCAK;YEŞİL SOKAK;sokak;937701390
KASTAMONU;ŞENPAZAR;KUZTEKKE;ASLANLAR SOKAK;sokak;434377
KASTAMONU;ŞENPAZAR;KUZTEKKE;BİLAL KÖYÜ SOKAK;sokak;173508511
KASTAMONU;ŞENPAZAR;KUZTEKKE;ÇANAKCI SOKAK;sokak;810366181
KASTAMONU;ŞENPAZAR;KUZTEKKE;GÜR SOKAK;sokak;254326
KASTAMONU;ŞENPAZAR;KUZTEKKE;HAFIZOĞLU SOKAK;sokak;300065710
KASTAMONU;ŞENPAZAR;KUZTEKKE;HAMZA KÖYÜ SOKAK;sokak;746183310
KASTAMONU;ŞENPAZAR;KUZTEKKE;HARMAN SOKAK;sokak;354003081
KASTAMONU;ŞENPAZAR;KUZTEKKE;HIDIR KÖYÜ SOKAK;sokak;218293201
KASTAMONU;ŞENPAZAR;KUZTEKKE;IHLAMUR SOKAK;sokak;603878340
KASTAMONU;ŞENPAZAR;KUZTEKKE;KASTAMONU CADDE;cadde;311101580
KASTAMONU;ŞENPAZAR;KUZTEKKE;KOCAHARMAN SOKAK;sokak;675365321
KASTAMONU;ŞENPAZAR;KUZTEKKE;KUZ DAĞI SOKAK;sokak;342663460
KASTAMONU;ŞENPAZAR;KUZTEKKE;SAĞCA SOKAK;sokak;603935681
KASTAMONU;ŞENPAZAR;KUZTEKKE;ŞEYH ŞİR ALİ BANİ CADDE;cadde;801819851
KASTAMONU;ŞENPAZAR;KUZTEKKE;TAN SOKAK;sokak;254327
KASTAMONU;ŞENPAZAR;KUZTEKKE;TAŞLIK SOKAK;sokak;900089541
KASTAMONU;ŞENPAZAR;KUZTEKKE;TÜRBE SOKAK;sokak;562166741
KASTAMONU;ŞENPAZAR;KUZTEKKE;YASSI KUZU CADDE;cadde;407632291
KASTAMONU;ŞENPAZAR;KUZTEKKE;YILMAZLAR SOKAK;sokak;254328
KASTAMONU;ŞENPAZAR;KÜÇÜKMUTLU - ARDIÇALAN;ARDIÇALAN KÜME EVLER;sokak;541335
KASTAMONU;ŞENPAZAR;KÜÇÜKMUTLU - DİBEKLİ;DİBEKLİ KÜME EVLER;sokak;531828
KASTAMONU;ŞENPAZAR;KÜÇÜKMUTLU - KÖYCEYİZ;KÖYCEYİZ KÜME EVLER;sokak;539818
KASTAMONU;ŞENPAZAR;KÜÇÜKMUTLU - MERKEZ;MERKEZ KÜME EVLER;sokak;532223
KASTAMONU;ŞENPAZAR;MERKEZ;AKASYA SOKAK;sokak;254339
KASTAMONU;ŞENPAZAR;MERKEZ;BAHÇE SOKAK;sokak;434378
KASTAMONU;ŞENPAZAR;MERKEZ;CUMHURİYET MEYDAN;sokak;254332
KASTAMONU;ŞENPAZAR;MERKEZ;ÇAKIR SOKAK;sokak;254346
KASTAMONU;ŞENPAZAR;MERKEZ;ÇAM SOKAK;sokak;359749
KASTAMONU;ŞENPAZAR;MERKEZ;ÇAY SOKAK;sokak;654644140
KASTAMONU;ŞENPAZAR;MERKEZ;ÇEŞMEBAŞI SOKAK;sokak;706468151
KASTAMONU;ŞENPAZAR;MERKEZ;ÇEVRE ÇIKMAZ SOKAK;sokak;359745
KASTAMONU;ŞENPAZAR;MERKEZ;ÇEVRİK CADDE;cadde;254345
KASTAMONU;ŞENPAZAR;MERKEZ;DAR SOKAK;sokak;359746
KASTAMONU;ŞENPAZAR;MERKEZ;DİBEKLİ CADDE;cadde;254334
KASTAMONU;ŞENPAZAR;MERKEZ;FENER SOKAK;sokak;254341
KASTAMONU;ŞENPAZAR;MERKEZ;GÖKKUŞAĞI SOKAK;sokak;597619160
KASTAMONU;ŞENPAZAR;MERKEZ;GÜN SOKAK;sokak;254335
KASTAMONU;ŞENPAZAR;MERKEZ;GÜR SOKAK;sokak;289470670
KASTAMONU;ŞENPAZAR;MERKEZ;HASAN SARI CADDE;cadde;254336
KASTAMONU;ŞENPAZAR;MERKEZ;HOCA KÖYÜ CADDE;cadde;390654041
KASTAMONU;ŞENPAZAR;MERKEZ;İBRAHİM TEKİNOK CADDE;cadde;254347
KASTAMONU;ŞENPAZAR;MERKEZ;KARAMAN YOLU CADDE;cadde;391361300
KASTAMONU;ŞENPAZAR;MERKEZ;KARDELEN CADDE;cadde;794947041
KASTAMONU;ŞENPAZAR;MERKEZ;KIBRIS SOKAK;sokak;359747
KASTAMONU;ŞENPAZAR;MERKEZ;KÖŞK SOKAK;sokak;434379
KASTAMONU;ŞENPAZAR;MERKEZ;LÜTFİ AYSAN 1 SOKAK;sokak;925971940
KASTAMONU;ŞENPAZAR;MERKEZ;LÜTFİ AYSAN CADDE;cadde;543797
KASTAMONU;ŞENPAZAR;MERKEZ;MEZBAHA ÇIKMAZ SOKAK;sokak;254330
KASTAMONU;ŞENPAZAR;MERKEZ;MURAT BAŞESGİOĞLU CADDE;cadde;254337
KASTAMONU;ŞENPAZAR;MERKEZ;NAR ÇIKMAZI SOKAK;sokak;289842680
KASTAMONU;ŞENPAZAR;MERKEZ;NAR SOKAK;sokak;254340
KASTAMONU;ŞENPAZAR;MERKEZ;NERGİZ ÇIKMAZ SOKAK;sokak;254331
KASTAMONU;ŞENPAZAR;MERKEZ;PAPATYA SOKAK;sokak;254338
KASTAMONU;ŞENPAZAR;MERKEZ;PAZAR SOKAK;sokak;254342
KASTAMONU;ŞENPAZAR;MERKEZ;SAKA ÇIKMAZ SOKAK;sokak;254329
KASTAMONU;ŞENPAZAR;MERKEZ;SELVİ CADDE;cadde;629198811
KASTAMONU;ŞENPAZAR;MERKEZ;SOĞUKSU CADDE;cadde;254343
KASTAMONU;ŞENPAZAR;MERKEZ;ŞEHİT MUZAFFER ARSLAN CADDE;cadde;551709220
KASTAMONU;ŞENPAZAR;MERKEZ;ŞEYH ŞİR ALİ BANİ CADDE;cadde;434797810
KASTAMONU;ŞENPAZAR;MERKEZ;TEPE SOKAK;sokak;598111411
KASTAMONU;ŞENPAZAR;MERKEZ;VATAN CADDE;cadde;434380
KASTAMONU;ŞENPAZAR;MERKEZ;YEŞİL SOKAK;sokak;254344
KASTAMONU;ŞENPAZAR;SALMAN - ABİDİNOĞLU;ABİDİNOĞLU KÜME EVLER;sokak;494484
KASTAMONU;ŞENPAZAR;SALMAN - GÜCÜLLÜ;GÜCÜLLÜ KÜME EVLER;sokak;493918
KASTAMONU;ŞENPAZAR;SALMAN - MERKEZ;MERKEZ KÜME EVLER;sokak;497056
KASTAMONU;ŞENPAZAR;SEFERKÖY - DEDE;DEDE KÜME EVLER;sokak;514892
KASTAMONU;ŞENPAZAR;SEFERKÖY - GÜCÜKDİBİ;GÜCÜKDİBİ KÜME EVLER;sokak;509021
KASTAMONU;ŞENPAZAR;SEFERKÖY - MERKEZ;MERKEZ KÜME EVLER;sokak;514991
KASTAMONU;ŞENPAZAR;TEPECİK - HALI;HALI KÜME EVLER;sokak;498069
KASTAMONU;ŞENPAZAR;TEPECİK - HİMMETLİ;HİMMETLİ KÜME EVLER;sokak;498077
KASTAMONU;ŞENPAZAR;TEPECİK - KAYA;KAYA KÜME EVLER;sokak;498074
KASTAMONU;ŞENPAZAR;TEPECİK - MERKEZ;MERKEZ KÜME EVLER;sokak;493964
KASTAMONU;ŞENPAZAR;UZUNYOL NA;KÖYÜN KENDİSİ KÜME EVLER;sokak;521141
KASTAMONU;ŞENPAZAR;YARIMCA - GÜNEY YARIMCA;GÜNEY YARIMCA KÜME EVLER;sokak;486451
KASTAMONU;ŞENPAZAR;YARIMCA - HARMANCIK;HARMANCIK KÜME EVLER;sokak;490011
KASTAMONU;ŞENPAZAR;YARIMCA - KUZEY YARIMCA;KUZEY YARIMCA KÜME EVLER;sokak;486443
KASTAMONU;TAŞKÖPRÜ;ABAY - AHLATCI;AHLATCI KÜME EVLER;sokak;495624
KASTAMONU;TAŞKÖPRÜ;ABAY - MERKEZ;MERKEZ KÜME EVLER;sokak;497169
KASTAMONU;TAŞKÖPRÜ;ABAY - MÜTEVELLİ;MÜTEVELLİ KÜME EVLER;sokak;497555
KASTAMONU;TAŞKÖPRÜ;ABAY - SULUOĞLU;SULUOĞLU KÜME EVLER;sokak;496802
KASTAMONU;TAŞKÖPRÜ;ABDALHASAN - MERKEZ;MERKEZ KÜME EVLER;sokak;487792
KASTAMONU;TAŞKÖPRÜ;ABDALHASAN - YAYLA;YAYLA KÜME EVLER;sokak;487804
KASTAMONU;TAŞKÖPRÜ;AFŞAR - MERKEZ;MERKEZ KÜME EVLER;sokak;473544
KASTAMONU;TAŞKÖPRÜ;AĞCIKİŞİ;ERTUĞRUL GAZİ SOKAK;sokak;359750
KASTAMONU;TAŞKÖPRÜ;AĞCIKİŞİ;GENÇ OSMAN SOKAK;sokak;254871
KASTAMONU;TAŞKÖPRÜ;AĞCIKİŞİ;KASTAMONU CADDE;cadde;254872
KASTAMONU;TAŞKÖPRÜ;AĞCIKİŞİ;ORHAN GAZİ SOKAK;sokak;434381
KASTAMONU;TAŞKÖPRÜ;AĞCIKİŞİ;OSMAN GAZİ CADDE;cadde;254348
KASTAMONU;TAŞKÖPRÜ;AKÇAKESE - AŞAĞI BOYALI;AŞAĞI BOYALI KÜME EVLER;sokak;490890
KASTAMONU;TAŞKÖPRÜ;AKÇAKESE - ÇAT DERESİ;ÇAT DERESİ KÜME EVLER;sokak;490041
KASTAMONU;TAŞKÖPRÜ;AKÇAKESE - DERENCİK;DERENCİK KÜME EVLER;sokak;496598
KASTAMONU;TAŞKÖPRÜ;AKÇAKESE - GARİPOĞLU;GARİPOĞLU KÜME EVLER;sokak;494498
KASTAMONU;TAŞKÖPRÜ;AKÇAKESE - KARAPINAR;KARAPINAR KÜME EVLER;sokak;496547
KASTAMONU;TAŞKÖPRÜ;AKÇAKESE - MERKEZ;MERKEZ KÜME EVLER;sokak;494938
KASTAMONU;TAŞKÖPRÜ;AKÇAKESE - YUKARI BOYALI;YUKARI BOYALI KÜME EVLER;sokak;492830
KASTAMONU;TAŞKÖPRÜ;AKDEĞİRMEN - İMAMLAR;İMAMLAR KÜME EVLER;sokak;117230
KASTAMONU;TAŞKÖPRÜ;AKDEĞİRMEN - KENDİROĞLU;KENDİROĞLU KÜME EVLER;sokak;115039
KASTAMONU;TAŞKÖPRÜ;AKDEĞİRMEN - PİRCABEY;PİRCABEY KÜME EVLER;sokak;117237
KASTAMONU;TAŞKÖPRÜ;AKDOĞAN NA;KÖYÜN KENDİSİ KÜME EVLER;sokak;490541
KASTAMONU;TAŞKÖPRÜ;AKDOĞANTEKKE NA;KÖYÜN KENDİSİ KÜME EVLER;sokak;500287
KASTAMONU;TAŞKÖPRÜ;AKSEKİ NA;KÖYÜN KENDİSİ KÜME EVLER;sokak;489395
KASTAMONU;TAŞKÖPRÜ;ALAMABATAK NA;KÖYÜN KENDİSİ KÜME EVLER;sokak;486397
KASTAMONU;TAŞKÖPRÜ;ALAMAKAYIŞ - MERKEZ;MERKEZ KÜME EVLER;sokak;86178
KASTAMONU;TAŞKÖPRÜ;ALAMAŞİŞLİ - MERKEZ;MERKEZ KÜME EVLER;sokak;474225
KASTAMONU;TAŞKÖPRÜ;ALASÖKÜ NA;KÖYÜN KENDİSİ KÜME EVLER;sokak;483935
KASTAMONU;TAŞKÖPRÜ;ALATARLA - MERKEZ;ADAÇAYI SOKAK;sokak;478925
KASTAMONU;TAŞKÖPRÜ;ALATARLA - MERKEZ;ATATÜRK SOKAK;sokak;22319
KASTAMONU;TAŞKÖPRÜ;ALATARLA - MERKEZ;BADEM SOKAK;sokak;474189
KASTAMONU;TAŞKÖPRÜ;ALATARLA - MERKEZ;BEYAZ ALTIN SOKAK;sokak;474692
KASTAMONU;TAŞKÖPRÜ;ALATARLA - MERKEZ;CAMİ SOKAK;sokak;475796
KASTAMONU;TAŞKÖPRÜ;ALATARLA - MERKEZ;CUMHURİYET SOKAK;sokak;366876
KASTAMONU;TAŞKÖPRÜ;ALATARLA - MERKEZ;ÇETMİ YOLU SOKAK;sokak;485953
KASTAMONU;TAŞKÖPRÜ;ALATARLA - MERKEZ;DEREBOYU SOKAK;sokak;476231
KASTAMONU;TAŞKÖPRÜ;ALATARLA - MERKEZ;GELİNCİK SOKAK;sokak;474699
KASTAMONU;TAŞKÖPRÜ;ALATARLA - MERKEZ;GERMEÇ SOKAK;sokak;22734
KASTAMONU;TAŞKÖPRÜ;ALATARLA - MERKEZ;KAMELYA SOKAK;sokak;484653
KASTAMONU;TAŞKÖPRÜ;ALATARLA - MERKEZ;KARANFİL SOKAK;sokak;484666
KASTAMONU;TAŞKÖPRÜ;ALATARLA - MERKEZ;KASTAMONU SOKAK;sokak;480147
KASTAMONU;TAŞKÖPRÜ;ALATARLA - MERKEZ;KUŞÇU KÜME EVLER;sokak;480764
KASTAMONU;TAŞKÖPRÜ;ALATARLA - MERKEZ;LALE SOKAK;sokak;33339
KASTAMONU;TAŞKÖPRÜ;ALATARLA - MERKEZ;MANOLYA SOKAK;sokak;475914
KASTAMONU;TAŞKÖPRÜ;ALATARLA - MERKEZ;NİLÜFER SOKAK;sokak;481945
KASTAMONU;TAŞKÖPRÜ;ALATARLA - MERKEZ;OCAKLI SOKAK;sokak;114946
KASTAMONU;TAŞKÖPRÜ;ALATARLA - MERKEZ;PALMİYE SOKAK;sokak;480705
KASTAMONU;TAŞKÖPRÜ;ALATARLA - MERKEZ;PAZAR SOKAK;sokak;474690
KASTAMONU;TAŞKÖPRÜ;ALATARLA - MERKEZ;SAĞLIK OCAĞI SOKAK;sokak;36978
KASTAMONU;TAŞKÖPRÜ;ALATARLA - MERKEZ;SARAY SOKAK;sokak;479074
KASTAMONU;TAŞKÖPRÜ;ALATARLA - MERKEZ;SARMAŞIK SOKAK;sokak;22714
KASTAMONU;TAŞKÖPRÜ;ALATARLA - MERKEZ;SUSAM SOKAK;sokak;117252
KASTAMONU;TAŞKÖPRÜ;ALATARLA - MERKEZ;SÜMBÜL SOKAK;sokak;483734
KASTAMONU;TAŞKÖPRÜ;ALATARLA - MERKEZ;ŞEHİT ERKAN ÇATAL SOKAK;sokak;483166
KASTAMONU;TAŞKÖPRÜ;ALATARLA - MERKEZ;TAŞKÖPRÜ SOKAK;sokak;114677
KASTAMONU;TAŞKÖPRÜ;ALATARLA - MERKEZ;TEPE KÜME EVLER;sokak;477593
KASTAMONU;TAŞKÖPRÜ;ALATARLA - MERKEZ;ULU SOKAK;sokak;477595
KASTAMONU;TAŞKÖPRÜ;ALATARLA - MERKEZ;YILDIRIM SOKAK;sokak;32072
KASTAMONU;TAŞKÖPRÜ;ALATARLA - MERKEZ;YİĞİT SOKAK;sokak;477207
KASTAMONU;TAŞKÖPRÜ;ALATARLA - MERKEZ;ZAMBAK SOKAK;sokak;36703
KASTAMONU;TAŞKÖPRÜ;ALİPAŞA - GÜLLÜ;GÜLLÜ KÜME EVLER;sokak;490579
KASTAMONU;TAŞKÖPRÜ;ALİPAŞA - MERKEZ;MERKEZ KÜME EVLER;sokak;491039
KASTAMONU;TAŞKÖPRÜ;ALİSARAY - MERKEZ;MERKEZ KÜME EVLER;sokak;486129
KASTAMONU;TAŞKÖPRÜ;ARMUTLU - BİRZADEOĞLU;BİRZADEOĞLU KÜME EVLER;sokak;371993
KASTAMONU;TAŞKÖPRÜ;ARMUTLU - CEVİZLİ;CEVİZLİ KÜME EVLER;sokak;348127
KASTAMONU;TAŞKÖPRÜ;ARMUTLU - DELİALİŞLER;DELİALİŞLER KÜME EVLER;sokak;29656
KASTAMONU;TAŞKÖPRÜ;ARMUTLU - EYMÜR;EYMÜR KÜME EVLER;sokak;356437
KASTAMONU;TAŞKÖPRÜ;ARMUTLU - KÖLE;KÖLE KÜME EVLER;sokak;523917
KASTAMONU;TAŞKÖPRÜ;ARMUTLU - MATIR;MATIR KÜME EVLER;sokak;370718
KASTAMONU;TAŞKÖPRÜ;ARMUTLU - MERKEZ;MERKEZ KÜME EVLER;sokak;481609
KASTAMONU;TAŞKÖPRÜ;ARMUTLU - ŞABANBEY;ŞABANBEY KÜME EVLER;sokak;347633
KASTAMONU;TAŞKÖPRÜ;ARSLANLI - BOZARMUT;BOZARMUT KÜME EVLER;sokak;496260
KASTAMONU;TAŞKÖPRÜ;ARSLANLI - BÜRÜM;BÜRÜM KÜME EVLER;sokak;491486
KASTAMONU;TAŞKÖPRÜ;ARSLANLI - KARŞI BÜRÜM;KARŞI BÜRÜM KÜME EVLER;sokak;491500
KASTAMONU;TAŞKÖPRÜ;ARSLANLI - KÖLOĞLU;KÖLOĞLU KÜME EVLER;sokak;491503
KASTAMONU;TAŞKÖPRÜ;ARSLANLI - MERKEZ;MERKEZ KÜME EVLER;sokak;490050
KASTAMONU;TAŞKÖPRÜ;ARSLANLI - YUKARI ARSLANLI;YUKARI ARSLANLI KÜME EVLER;sokak;487889
KASTAMONU;TAŞKÖPRÜ;AŞAĞIÇAYIRCIK NA;KÖYÜN KENDİSİ KÜME EVLER;sokak;501104
KASTAMONU;TAŞKÖPRÜ;AŞAĞIÇİT NA;KÖYÜN KENDİSİ KÜME EVLER;sokak;488849
KASTAMONU;TAŞKÖPRÜ;AŞAĞIEMERCE - MERKEZ;MERKEZ KÜME EVLER;sokak;497450
KASTAMONU;TAŞKÖPRÜ;AŞAĞIŞEHİRÖREN - DİKMENDİBİ;DİKMENDİBİ KÜME EVLER;sokak;491732
KASTAMONU;TAŞKÖPRÜ;AŞAĞIŞEHİRÖREN - KALAŞLI;KALAŞLI KÜME EVLER;sokak;491718
KASTAMONU;TAŞKÖPRÜ;AŞAĞIŞEHİRÖREN - KARAYILAN;KARAYILAN KÜME EVLER;sokak;489798
KASTAMONU;TAŞKÖPRÜ;AŞAĞIŞEHİRÖREN - TÜRKMENLER;TÜRKMENLER KÜME EVLER;sokak;484472
KASTAMONU;TAŞKÖPRÜ;AYVALI - GÜNEY;GÜNEY KÜME EVLER;sokak;498423
KASTAMONU;TAŞKÖPRÜ;AYVALI - MERKEZ;MERKEZ KÜME EVLER;sokak;494933
KASTAMONU;TAŞKÖPRÜ;BADEMBEKDEMİR - ALIÇÇIK;ALIÇÇIK KÜME EVLER;sokak;486973
KASTAMONU;TAŞKÖPRÜ;BADEMBEKDEMİR - BAYAM MERKEZ;BAYAM MERKEZ KÜME EVLER;sokak;487773
KASTAMONU;TAŞKÖPRÜ;BADEMBEKDEMİR - BEKDEMİR;BEKDEMİR KÜME EVLER;sokak;487361
KASTAMONU;TAŞKÖPRÜ;BADEMCİ - MERKEZ;MERKEZ KÜME EVLER;sokak;479695
KASTAMONU;TAŞKÖPRÜ;BAHÇELİEVLER;ALEMDAR SOKAK;sokak;254900
KASTAMONU;TAŞKÖPRÜ;BAHÇELİEVLER;BAYRAKTAR SOKAK;sokak;254899
KASTAMONU;TAŞKÖPRÜ;BAHÇELİEVLER;ÇAĞLA SOKAK;sokak;482980
KASTAMONU;TAŞKÖPRÜ;BAHÇELİEVLER;DEMOKRASİ CADDE;cadde;492060060
KASTAMONU;TAŞKÖPRÜ;BAHÇELİEVLER;ECDAT SOKAK;sokak;485745
KASTAMONU;TAŞKÖPRÜ;BAHÇELİEVLER;ESKİ MEDRESE SOKAK;sokak;254884
KASTAMONU;TAŞKÖPRÜ;BAHÇELİEVLER;FATİH SULTAN MEHMET CADDE;cadde;496065
KASTAMONU;TAŞKÖPRÜ;BAHÇELİEVLER;FERAH SOKAK;sokak;254903
KASTAMONU;TAŞKÖPRÜ;BAHÇELİEVLER;FESLEĞEN SOKAK;sokak;254882
KASTAMONU;TAŞKÖPRÜ;BAHÇELİEVLER;FITRAT SOKAK;sokak;623809
KASTAMONU;TAŞKÖPRÜ;BAHÇELİEVLER;GURBET SOKAK;sokak;254897
KASTAMONU;TAŞKÖPRÜ;BAHÇELİEVLER;HALİDE EDİP ADIVAR SOKAK;sokak;254875
KASTAMONU;TAŞKÖPRÜ;BAHÇELİEVLER;HÜSEYİN ALPDOĞAN CADDE;cadde;254883
KASTAMONU;TAŞKÖPRÜ;BAHÇELİEVLER;ITIR SOKAK;sokak;254895
KASTAMONU;TAŞKÖPRÜ;BAHÇELİEVLER;KARACA SOKAK;sokak;254898
KASTAMONU;TAŞKÖPRÜ;BAHÇELİEVLER;KENDİR SOKAK;sokak;838091
KASTAMONU;TAŞKÖPRÜ;BAHÇELİEVLER;MEHMET AKİF ERSOY CADDE;cadde;254873
KASTAMONU;TAŞKÖPRÜ;BAHÇELİEVLER;MEHMET ÇAMLICA CADDE;cadde;254885
KASTAMONU;TAŞKÖPRÜ;BAHÇELİEVLER;MİMOZA SOKAK;sokak;254881
KASTAMONU;TAŞKÖPRÜ;BAHÇELİEVLER;NARİN SOKAK;sokak;254896
KASTAMONU;TAŞKÖPRÜ;BAHÇELİEVLER;PAPATYA SOKAK;sokak;254879
KASTAMONU;TAŞKÖPRÜ;BAHÇELİEVLER;SAİM TOKATLI CADDE;cadde;254886
KASTAMONU;TAŞKÖPRÜ;BAHÇELİEVLER;SEDEF SOKAK;sokak;496064
KASTAMONU;TAŞKÖPRÜ;BAHÇELİEVLER;SEDİR SOKAK;sokak;254876
KASTAMONU;TAŞKÖPRÜ;BAHÇELİEVLER;SEPETÇİOĞLU SOKAK;sokak;254880
KASTAMONU;TAŞKÖPRÜ;BAHÇELİEVLER;SUSAM SOKAK;sokak;482979
KASTAMONU;TAŞKÖPRÜ;BAHÇELİEVLER;ŞEHİT ADEM YILMAZ SOKAK;sokak;254888
KASTAMONU;TAŞKÖPRÜ;BAHÇELİEVLER;ŞEHİT HAKKI ÖZKAN SOKAK;sokak;254889
KASTAMONU;TAŞKÖPRÜ;BAHÇELİEVLER;ŞEHİT HÜSEYİN KUTNU SOKAK;sokak;254890
KASTAMONU;TAŞKÖPRÜ;BAHÇELİEVLER;ŞEHİT İBRAHİM ÇAY SOKAK;sokak;254892
KASTAMONU;TAŞKÖPRÜ;BAHÇELİEVLER;ŞEHİT İRFAN TEKİN SOKAK;sokak;254893
KASTAMONU;TAŞKÖPRÜ;BAHÇELİEVLER;ŞEHİT MEHMET SÖZEN CADDE;cadde;359469
KASTAMONU;TAŞKÖPRÜ;BAHÇELİEVLER;ŞEHİT MUTALLİP ÇEVİK SOKAK;sokak;254891
KASTAMONU;TAŞKÖPRÜ;BAHÇELİEVLER;TEVFİK ÖZKERBAŞ CADDE;cadde;254887
KASTAMONU;TAŞKÖPRÜ;BAHÇELİEVLER;TOMURCUK SOKAK;sokak;254902
KASTAMONU;TAŞKÖPRÜ;BAHÇELİEVLER;VUSLAT SOKAK;sokak;254901
KASTAMONU;TAŞKÖPRÜ;BAHÇELİEVLER;YASEMİN SOKAK;sokak;254894
KASTAMONU;TAŞKÖPRÜ;BAHÇELİEVLER;YAVUZ SULTAN SELİM CADDE;cadde;254874
KASTAMONU;TAŞKÖPRÜ;BAHÇELİEVLER;ZAFER SOKAK;sokak;482978
KASTAMONU;TAŞKÖPRÜ;BAHÇELİEVLER;ZAMBAK SOKAK;sokak;254877
KASTAMONU;TAŞKÖPRÜ;BAHÇELİEVLER;ZEYTİN SOKAK;sokak;254878
KASTAMONU;TAŞKÖPRÜ;BEKDEMİREKŞİ - BEKİR;BEKİR KÜME EVLER;sokak;492393
KASTAMONU;TAŞKÖPRÜ;BEKDEMİREKŞİ - ÇAKIR;ÇAKIR KÜME EVLER;sokak;492815
KASTAMONU;TAŞKÖPRÜ;BEKDEMİREKŞİ - EKŞİOĞLU;EKŞİOĞLU KÜME EVLER;sokak;492783
KASTAMONU;TAŞKÖPRÜ;BEKDEMİREKŞİ - ESKİ;ESKİ KÜME EVLER;sokak;490100
KASTAMONU;TAŞKÖPRÜ;BEKDEMİREKŞİ - TEPE;TEPE KÜME EVLER;sokak;492846
KASTAMONU;TAŞKÖPRÜ;BEKİRLİ - KELLO;KELLO KÜME EVLER;sokak;504804
KASTAMONU;TAŞKÖPRÜ;BEKİRLİ - MERKEZ;MERKEZ KÜME EVLER;sokak;513631
KASTAMONU;TAŞKÖPRÜ;BEKİRLİ - ŞABANLAR;ŞABANLAR KÜME EVLER;sokak;504814
KASTAMONU;TAŞKÖPRÜ;BEKİRLİ - YENİÇOROĞLU;YENİÇOROĞLU KÜME EVLER;sokak;510098
KASTAMONU;TAŞKÖPRÜ;BEYKÖY - AĞNAK;AĞNAK KÜME EVLER;sokak;509127
KASTAMONU;TAŞKÖPRÜ;BEYKÖY - GUZSÖKÜ;GUZSÖKÜ KÜME EVLER;sokak;514985
KASTAMONU;TAŞKÖPRÜ;BEYKÖY - İKİPINAR;İKİPINAR KÜME EVLER;sokak;585805
KASTAMONU;TAŞKÖPRÜ;BEYKÖY - KUYCAK;KUYCAK KÜME EVLER;sokak;513451
KASTAMONU;TAŞKÖPRÜ;BEYKÖY - MERKEZ;MERKEZ KÜME EVLER;sokak;279106
KASTAMONU;TAŞKÖPRÜ;BEYKÖY - SEY;SEY KÜME EVLER;sokak;509022
KASTAMONU;TAŞKÖPRÜ;BOYUNDURCAK - ALİBEY;ALİBEY KÜME EVLER;sokak;515359
KASTAMONU;TAŞKÖPRÜ;BOYUNDURCAK - DERE;DERE KÜME EVLER;sokak;509806
KASTAMONU;TAŞKÖPRÜ;BOYUNDURCAK - MERKEZ;MERKEZ KÜME EVLER;sokak;520150
KASTAMONU;TAŞKÖPRÜ;BOYUNDURCAK - MÜSEYİT;MÜSEYİT KÜME EVLER;sokak;512623
KASTAMONU;TAŞKÖPRÜ;BOZARMUT - BULAK;BULAK KÜME EVLER;sokak;479799
KASTAMONU;TAŞKÖPRÜ;BOZARMUT - İPRİM YAYLASI;İPRİM YAYLASI KÜME EVLER;sokak;482756
KASTAMONU;TAŞKÖPRÜ;BOZARMUT - KARAĞUZ YAYLASI;KARAĞUZ YAYLASI KÜME EVLER;sokak;479764
KASTAMONU;TAŞKÖPRÜ;BOZARMUT - KARAMAHMUT YAYLASI;KARAMAHMUT YAYLASI KÜME EVLER;sokak;474643
KASTAMONU;TAŞKÖPRÜ;BOZARMUT - MAYHAR;MAYHAR KÜME EVLER;sokak;482309
KASTAMONU;TAŞKÖPRÜ;BOZARMUT - MERKEZ;MERKEZ KÜME EVLER;sokak;482751
KASTAMONU;TAŞKÖPRÜ;BOZARMUT - MUŞURUP YAYLASI;MUŞURUP YAYLASI KÜME EVLER;sokak;483533
KASTAMONU;TAŞKÖPRÜ;BOZARMUT - SARPUN;SARPUN KÜME EVLER;sokak;480315
KASTAMONU;TAŞKÖPRÜ;BÖCÜ - MERKEZ;MERKEZ KÜME EVLER;sokak;479587
KASTAMONU;TAŞKÖPRÜ;BÖCÜ - TEPE;TEPE KÜME EVLER;sokak;489246
KASTAMONU;TAŞKÖPRÜ;BÜKKÖY - MERKEZ;MERKEZ KÜME EVLER;sokak;358547
KASTAMONU;TAŞKÖPRÜ;BÜKKÖY - TEKEV;TEKEV KÜME EVLER;sokak;504934
KASTAMONU;TAŞKÖPRÜ;CAMİKEBİR;ADNAN MENDERES_1 BULVAR;sokak;815245
KASTAMONU;TAŞKÖPRÜ;CAMİKEBİR;BELEDİYE SOKAK;sokak;439615
KASTAMONU;TAŞKÖPRÜ;CAMİKEBİR;CUMHURİYET CADDE;cadde;254904
KASTAMONU;TAŞKÖPRÜ;CAMİKEBİR;ÇALIKUŞU SOKAK;sokak;487629
KASTAMONU;TAŞKÖPRÜ;CAMİKEBİR;ESKİ MEDRESE SOKAK;sokak;254905
KASTAMONU;TAŞKÖPRÜ;CAMİKEBİR;GÜMÜŞLÜ ÇEŞME SOKAK;sokak;440350
KASTAMONU;TAŞKÖPRÜ;CAMİKEBİR;HASEKİ SOKAK;sokak;254906
KASTAMONU;TAŞKÖPRÜ;CAMİKEBİR;HÜSEYİN ALPDOĞAN CADDE;cadde;488635
KASTAMONU;TAŞKÖPRÜ;CAMİKEBİR;İNÖNÜ CADDE;cadde;440351
KASTAMONU;TAŞKÖPRÜ;CAMİKEBİR;MEHMET ÇAMLICA CADDE;cadde;483106
KASTAMONU;TAŞKÖPRÜ;CAMİKEBİR;MEVLANA SOKAK;sokak;483283
KASTAMONU;TAŞKÖPRÜ;CAMİKEBİR;SEFA SOKAK;sokak;254907
KASTAMONU;TAŞKÖPRÜ;CAMİKEBİR;SULUKİSE SOKAK;sokak;254908
KASTAMONU;TAŞKÖPRÜ;CAMİKEBİR;ŞEHİT MEHMET ŞENEL SOKAK;sokak;254909
KASTAMONU;TAŞKÖPRÜ;CAMİKEBİR;YUNUS EMRE SOKAK;sokak;22706
KASTAMONU;TAŞKÖPRÜ;CELEP - DOLAY;DOLAY KÜME EVLER;sokak;491774
KASTAMONU;TAŞKÖPRÜ;CELEP - MERKEZ;MERKEZ KÜME EVLER;sokak;485356
KASTAMONU;TAŞKÖPRÜ;CELEP - SICAK TARLA;SICAK TARLA KÜME EVLER;sokak;491785
KASTAMONU;TAŞKÖPRÜ;CELEP - YILANCA;YILANCA KÜME EVLER;sokak;491817
KASTAMONU;TAŞKÖPRÜ;ÇAMBAŞI - BARDAKÇI;BARDAKÇI KÜME EVLER;sokak;480778
KASTAMONU;TAŞKÖPRÜ;ÇAMBAŞI - BODUR;BODUR KÜME EVLER;sokak;21851
KASTAMONU;TAŞKÖPRÜ;ÇAMBAŞI - MERKEZ;MERKEZ KÜME EVLER;sokak;492899
KASTAMONU;TAŞKÖPRÜ;ÇAMBAŞI - YAZICIOĞLU;YAZICIOĞLU KÜME EVLER;sokak;480787
KASTAMONU;TAŞKÖPRÜ;ÇAYCEVHER - CİYAR;CİVAR KÜME EVLER;sokak;511442
KASTAMONU;TAŞKÖPRÜ;ÇAYCEVHER - İMAM;İMAM KÜME EVLER;sokak;511445
KASTAMONU;TAŞKÖPRÜ;ÇAYCEVHER - RAMAZAN;RAMAZAN KÜME EVLER;sokak;511447
KASTAMONU;TAŞKÖPRÜ;ÇAYCEVHER - TEPE;TEPE KÜME EVLER;sokak;504316
KASTAMONU;TAŞKÖPRÜ;ÇAYKİRPİ - DERE;DERE KÜME EVLER;sokak;501315
KASTAMONU;TAŞKÖPRÜ;ÇAYKİRPİ - KİRPO;KİRPO KÜME EVLER;sokak;509197
KASTAMONU;TAŞKÖPRÜ;ÇAYKİRPİ - MERKEZ;MERKEZ KÜME EVLER;sokak;493766
KASTAMONU;TAŞKÖPRÜ;ÇAYLAKLAR - BÜYÜK SAPACA;BÜYÜK SAPACA KÜME EVLER;sokak;525007
KASTAMONU;TAŞKÖPRÜ;ÇAYLAKLAR - KÜÇÜK SAPACA;KÜÇÜK SAPACA KÜME EVLER;sokak;526008
KASTAMONU;TAŞKÖPRÜ;ÇAYLAKLAR - MERKEZ;MERKEZ KÜME EVLER;sokak;526014
KASTAMONU;TAŞKÖPRÜ;ÇEKİÇ - İNCEÖZ;İNCEÖZ KÜME EVLER;sokak;489848
KASTAMONU;TAŞKÖPRÜ;ÇEKİÇ - MERKEZ;MERKEZ KÜME EVLER;sokak;492472
KASTAMONU;TAŞKÖPRÜ;ÇETMİ - AŞAĞI;AŞAĞI KÜME EVLER;sokak;488585
KASTAMONU;TAŞKÖPRÜ;ÇETMİ - KALAYCI;KALAYCI KÜME EVLER;sokak;488715
KASTAMONU;TAŞKÖPRÜ;ÇETMİ - KERİMLER;KERİMLER KÜME EVLER;sokak;497584
KASTAMONU;TAŞKÖPRÜ;ÇETMİ - KÖSE;KÖSE KÜME EVLER;sokak;490537
KASTAMONU;TAŞKÖPRÜ;ÇETMİ - ÖTE;ÖTE KÜME EVLER;sokak;490836
KASTAMONU;TAŞKÖPRÜ;ÇETMİ - YENİ;YENİ KÜME EVLER;sokak;492678
KASTAMONU;TAŞKÖPRÜ;ÇETMİ - YUKARI;YUKARI KÜME EVLER;sokak;497585
KASTAMONU;TAŞKÖPRÜ;ÇEVİK - MERKEZ;MERKEZ KÜME EVLER;sokak;533306
KASTAMONU;TAŞKÖPRÜ;ÇİFTKIRAN - AŞAĞI ÇİFTKIRAN;AŞAĞI ÇİFTKIRAN KÜME EVLER;sokak;477124
KASTAMONU;TAŞKÖPRÜ;ÇİFTKIRAN - DEĞİRMİ;DEĞİRMİ KÜME EVLER;sokak;479354
KASTAMONU;TAŞKÖPRÜ;ÇİFTKIRAN - KARGACIK;KARGACIK KÜME EVLER;sokak;475154
KASTAMONU;TAŞKÖPRÜ;ÇİFTKIRAN - MERKEZ;MERKEZ KÜME EVLER;sokak;475595
KASTAMONU;TAŞKÖPRÜ;ÇİFTKIRAN - ÖKÜZCÜ;ÖKÜZCÜ KÜME EVLER;sokak;480722
KASTAMONU;TAŞKÖPRÜ;ÇİFTKIRAN - SİPAHİ;SİPAHİ KÜME EVLER;sokak;477126
KASTAMONU;TAŞKÖPRÜ;ÇİFTLİKKÖY - AŞAĞITELLİ;AŞAĞITELLİ KÜME EVLER;sokak;520155
KASTAMONU;TAŞKÖPRÜ;ÇİFTLİKKÖY - BURHAN;BURHAN KÜME EVLER;sokak;521152
KASTAMONU;TAŞKÖPRÜ;ÇİFTLİKKÖY - ÇİFTLİK;ÇİFTLİK KÜME EVLER;sokak;509827
KASTAMONU;TAŞKÖPRÜ;ÇİFTLİKKÖY - MERKEZ;MERKEZ KÜME EVLER;sokak;316870
KASTAMONU;TAŞKÖPRÜ;ÇİFTLİKKÖY - ORTATELLİ;ORTATELLİ KÜME EVLER;sokak;509823
KASTAMONU;TAŞKÖPRÜ;ÇİFTLİKKÖY - YUKARITELLİ;YUKARITELLİ KÜME EVLER;sokak;515371
KASTAMONU;TAŞKÖPRÜ;ÇİTKÖY - AŞAĞI KÖSEOĞLU;AŞAĞI KÖSEOĞLU KÜME EVLER;sokak;513597
KASTAMONU;TAŞKÖPRÜ;ÇİTKÖY - ÇAĞA;ÇAĞA KÜME EVLER;sokak;513141
KASTAMONU;TAŞKÖPRÜ;ÇİTKÖY - MERKEZ;MERKEZ KÜME EVLER;sokak;498815
KASTAMONU;TAŞKÖPRÜ;ÇİTKÖY - YUKARI KÖSEOĞLU;YUKARI KÖSEOĞLU KÜME EVLER;sokak;507582
KASTAMONU;TAŞKÖPRÜ;ÇOROĞLU - MERKEZ;MERKEZ KÜME EVLER;sokak;490690
KASTAMONU;TAŞKÖPRÜ;ÇOROĞLU - ORTA;ORTA KÜME EVLER;sokak;486056
KASTAMONU;TAŞKÖPRÜ;ÇOROĞLU - TEMBEL;TEMBEL KÜME EVLER;sokak;490683
KASTAMONU;TAŞKÖPRÜ;ÇÖRDÜK - MERKEZ;MERKEZ KÜME EVLER;sokak;487814
KASTAMONU;TAŞKÖPRÜ;ÇÖRDÜK - MOPAK;MOPAK KÜME EVLER;sokak;507784
KASTAMONU;TAŞKÖPRÜ;ÇÖRDÜK - PURTUL;PURTUL KÜME EVLER;sokak;496436
KASTAMONU;TAŞKÖPRÜ;DAĞBELÖREN - ÇİMBEK;ÇİMBEK KÜME EVLER;sokak;514462
KASTAMONU;TAŞKÖPRÜ;DAĞBELÖREN - DEMİRCİ;DEMİRCİ KÜME EVLER;sokak;514460
KASTAMONU;TAŞKÖPRÜ;DAĞBELÖREN - DÜĞENÖZÜ;DÜĞENÖZÜ KÜME EVLER;sokak;468172
KASTAMONU;TAŞKÖPRÜ;DAĞBELÖREN - İMAM;İMAM KÜME EVLER;sokak;517595
KASTAMONU;TAŞKÖPRÜ;DAĞBELÖREN - KUZGUNCUK;KUZGUNCUK KÜME EVLER;sokak;521940
KASTAMONU;TAŞKÖPRÜ;DAĞBELÖREN - KUZGUNCUK 2;KUZGUNCUK 2 KÜME EVLER;sokak;517949
KASTAMONU;TAŞKÖPRÜ;DAĞBELÖREN - KÜRT;KÜRT KÜME EVLER;sokak;514457
KASTAMONU;TAŞKÖPRÜ;DAĞBELÖREN - TELLİ;TELLİ KÜME EVLER;sokak;514459
KASTAMONU;TAŞKÖPRÜ;DEREBEYSİBEY - MERKEZ;MERKEZ KÜME EVLER;sokak;504821
KASTAMONU;TAŞKÖPRÜ;DEREKARAAĞAÇ - AŞAĞI DEREKARAAGAÇ;AŞAĞI DEREKARAAĞAÇ KÜME EVLER;sokak;527013
KASTAMONU;TAŞKÖPRÜ;DEREKARAAĞAÇ - DUMAN;DUMAN KÜME EVLER;sokak;490485
KASTAMONU;TAŞKÖPRÜ;DEREKARAAĞAÇ - TEKEOĞLU;TEKEOĞLU KÜME EVLER;sokak;527018
KASTAMONU;TAŞKÖPRÜ;DEREKARAAĞAÇ - YUKARI DEREKARAAĞAÇ;YUKARI DEREKARAAĞAÇ KÜME EVLER;sokak;535514
KASTAMONU;TAŞKÖPRÜ;DEREKÖY - DELİİMAM;DELİİMAM KÜME EVLER;sokak;493989
KASTAMONU;TAŞKÖPRÜ;DEREKÖY - DELMECE;DELMECE KÜME EVLER;sokak;498081
KASTAMONU;TAŞKÖPRÜ;DEREKÖY - DİKMEN;DİKMEN KÜME EVLER;sokak;493985
KASTAMONU;TAŞKÖPRÜ;DEREKÖY - DOPALOĞLU;DOPALOĞLU KÜME EVLER;sokak;493988
KASTAMONU;TAŞKÖPRÜ;DEREKÖY - KILAVUZ;KILAVUZ KÜME EVLER;sokak;493987
KASTAMONU;TAŞKÖPRÜ;DEREKÖY - KIZILCIELMA;KIZILCIELMA KÜME EVLER;sokak;493983
KASTAMONU;TAŞKÖPRÜ;DEREKÖY - KİRENSÖKÜSÜ;KİRENSÖKÜSÜ KÜME EVLER;sokak;493986
KASTAMONU;TAŞKÖPRÜ;DEREKÖY - MERKEZ;MERKEZ KÜME EVLER;sokak;493973
KASTAMONU;TAŞKÖPRÜ;DİLEK - KUŞTEPE;KUŞTEPE KÜME EVLER;sokak;492958
KASTAMONU;TAŞKÖPRÜ;DİLEK - MERKEZ;MERKEZ KÜME EVLER;sokak;490808
KASTAMONU;TAŞKÖPRÜ;DİLEK - SOFTA;SOFTA KÜME EVLER;sokak;23183
KASTAMONU;TAŞKÖPRÜ;DİLEK - TEPE;TEPE KÜME EVLER;sokak;489362
KASTAMONU;TAŞKÖPRÜ;DONALAR - GANİOĞLU;GANİOĞLU KÜME EVLER;sokak;488379
KASTAMONU;TAŞKÖPRÜ;DONALAR - MERKEZ;MERKEZ KÜME EVLER;sokak;486566
KASTAMONU;TAŞKÖPRÜ;DOYMUŞ - APTALGAZİ;APTALGAZİ KÜME EVLER;sokak;486841
KASTAMONU;TAŞKÖPRÜ;DOYMUŞ - KERPÜC;KERPÜÇ KÜME EVLER;sokak;23745
KASTAMONU;TAŞKÖPRÜ;DOYMUŞ - MANDIRA;MANDIRA KÜME EVLER;sokak;487196
KASTAMONU;TAŞKÖPRÜ;DOYMUŞ - MERKEZ;MERKEZ KÜME EVLER;sokak;492761
KASTAMONU;TAŞKÖPRÜ;DURUCA - DONAŞALAR;DONAŞALAR KÜME EVLER;sokak;475907
KASTAMONU;TAŞKÖPRÜ;DURUCA - MERKEZ;MERKEZ KÜME EVLER;sokak;481935
KASTAMONU;TAŞKÖPRÜ;DURUCA - SEYİTLER;SEYİTLER KÜME EVLER;sokak;474714
KASTAMONU;TAŞKÖPRÜ;ERİKKÖY - ÇİĞDEMLİ;ÇİĞDEMLİ KÜME EVLER;sokak;486894
KASTAMONU;TAŞKÖPRÜ;ERİKKÖY - KARŞI;KARŞI KÜME EVLER;sokak;325923
KASTAMONU;TAŞKÖPRÜ;ERİKKÖY - MERKEZ;MERKEZ KÜME EVLER;sokak;486887
KASTAMONU;TAŞKÖPRÜ;ERİKKÖY - ŞABAN;ŞABAN KÜME EVLER;sokak;495326
KASTAMONU;TAŞKÖPRÜ;ERSİL NA;KÖYÜN KENDİSİ KÜME EVLER;sokak;490602
KASTAMONU;TAŞKÖPRÜ;ESENLİK - KELOĞLU;KELOĞLU KÜME EVLER;sokak;486461
KASTAMONU;TAŞKÖPRÜ;ESENLİK - MERKEZ;MERKEZ KÜME EVLER;sokak;488579
KASTAMONU;TAŞKÖPRÜ;ESENLİK - MOLLAOGLU;MOLLAOĞLU KÜME EVLER;sokak;486459
KASTAMONU;TAŞKÖPRÜ;ESENLİK - YUKARI;YUKARI KÜME EVLER;sokak;486457
KASTAMONU;TAŞKÖPRÜ;ESKİATÇA - MERKEZ;MERKEZ KÜME EVLER;sokak;354318
KASTAMONU;TAŞKÖPRÜ;ESKİOĞLU - ARAPOĞLU;ARAPOĞLU KÜME EVLER;sokak;484461
KASTAMONU;TAŞKÖPRÜ;ESKİOĞLU - BEKTAŞ;BEKTAŞ KÜME EVLER;sokak;88901
KASTAMONU;TAŞKÖPRÜ;ESKİOĞLU - MERKEZ;MERKEZ KÜME EVLER;sokak;483074
KASTAMONU;TAŞKÖPRÜ;ETHEM;LEYLAK SOKAK;sokak;440353
KASTAMONU;TAŞKÖPRÜ;ETHEM;MENEKŞE SOKAK;sokak;254910
KASTAMONU;TAŞKÖPRÜ;ETHEM;NERGİS SOKAK;sokak;254911
KASTAMONU;TAŞKÖPRÜ;ETHEM;NİLÜFER SOKAK;sokak;440354
KASTAMONU;TAŞKÖPRÜ;GARİPŞAH - EMİR;EMİR KÜME EVLER;sokak;486809
KASTAMONU;TAŞKÖPRÜ;GARİPŞAH - HATİP;HATİP KÜME EVLER;sokak;492563
KASTAMONU;TAŞKÖPRÜ;GARİPŞAH - KELLER;KELLER KÜME EVLER;sokak;493029
KASTAMONU;TAŞKÖPRÜ;GARİPŞAH - MERKEZ;MERKEZ KÜME EVLER;sokak;493026
KASTAMONU;TAŞKÖPRÜ;GARİPŞAH - YUNUSLU;YUNUSLU KÜME EVLER;sokak;492569
KASTAMONU;TAŞKÖPRÜ;GİZLİCE;ADNAN MENDERES BULVAR;sokak;254917
KASTAMONU;TAŞKÖPRÜ;GİZLİCE;BESTE SOKAK;sokak;484099
KASTAMONU;TAŞKÖPRÜ;GİZLİCE;BİLGE SOKAK;sokak;474729
KASTAMONU;TAŞKÖPRÜ;GİZLİCE;BİLLUR SOKAK;sokak;110118
KASTAMONU;TAŞKÖPRÜ;GİZLİCE;BÜŞRA SOKAK;sokak;480649
KASTAMONU;TAŞKÖPRÜ;GİZLİCE;CEVHER SOKAK;sokak;110108
KASTAMONU;TAŞKÖPRÜ;GİZLİCE;CUMHURİYET CADDE;cadde;254915
KASTAMONU;TAŞKÖPRÜ;GİZLİCE;DELİBEY SOKAK;sokak;254916
KASTAMONU;TAŞKÖPRÜ;GİZLİCE;FATİH SULTAN MEHMET CADDE;cadde;110105
KASTAMONU;TAŞKÖPRÜ;GİZLİCE;GİZLİCE CAMİİ SOKAK;sokak;440355
KASTAMONU;TAŞKÖPRÜ;GİZLİCE;GÜMÜŞLÜ ÇEŞME SOKAK;sokak;492224
KASTAMONU;TAŞKÖPRÜ;GİZLİCE;HÜSEYİN ALPDOĞAN CADDE;cadde;254914
KASTAMONU;TAŞKÖPRÜ;GİZLİCE;KENDİR SOKAK;sokak;985226260
KASTAMONU;TAŞKÖPRÜ;GİZLİCE;MUSALLA SOKAK;sokak;837703
KASTAMONU;TAŞKÖPRÜ;GİZLİCE;NUR SOKAK;sokak;254912
KASTAMONU;TAŞKÖPRÜ;GİZLİCE;ŞEHİT ADEM AKMAN SOKAK;sokak;440356
KASTAMONU;TAŞKÖPRÜ;GİZLİCE;ŞEHİT SAİM YEŞİL SOKAK;sokak;254918
KASTAMONU;TAŞKÖPRÜ;GİZLİCE;YAVUZ SULTAN SELİM CADDE;cadde;254913
KASTAMONU;TAŞKÖPRÜ;GİZLİCE;ZÜMRÜT SOKAK;sokak;474728
KASTAMONU;TAŞKÖPRÜ;GÖKIRMAK;10.BLOK SOKAK;sokak;331526530
KASTAMONU;TAŞKÖPRÜ;GÖKIRMAK;BULUT SOKAK;sokak;254920
KASTAMONU;TAŞKÖPRÜ;GÖKIRMAK;ÇİMEN SOKAK;sokak;347996
KASTAMONU;TAŞKÖPRÜ;GÖKIRMAK;DEĞİRMEN SOKAK;sokak;267474510
KASTAMONU;TAŞKÖPRÜ;GÖKIRMAK;ESKİ ATCA SOKAK;sokak;479161
KASTAMONU;TAŞKÖPRÜ;GÖKIRMAK;FIRTINA SOKAK;sokak;254921
KASTAMONU;TAŞKÖPRÜ;GÖKIRMAK;FİLİZ SOKAK;sokak;255246
KASTAMONU;TAŞKÖPRÜ;GÖKIRMAK;KARDEŞ KÜME EVLERİ SOKAK;sokak;440357
KASTAMONU;TAŞKÖPRÜ;GÖKIRMAK;KURU ÇAY SOKAK;sokak;255248
KASTAMONU;TAŞKÖPRÜ;GÖKIRMAK;NAZ SOKAK;sokak;440358
KASTAMONU;TAŞKÖPRÜ;GÖKIRMAK;PINAR SOKAK;sokak;254919
KASTAMONU;TAŞKÖPRÜ;GÖKIRMAK;ŞEHİT ABDULLAH ÇOBAN SOKAK;sokak;255249
KASTAMONU;TAŞKÖPRÜ;GÖKIRMAK;ŞİMŞEK SOKAK;sokak;440359
KASTAMONU;TAŞKÖPRÜ;GÖKIRMAK;TURGUT ÖZAL BULVAR;sokak;842521
KASTAMONU;TAŞKÖPRÜ;GÖKIRMAK;YAĞMUR SOKAK;sokak;255247
KASTAMONU;TAŞKÖPRÜ;GÖKIRMAK;YALIN SOKAK;sokak;347678
KASTAMONU;TAŞKÖPRÜ;GÖKIRMAK;YILDIRIM SOKAK;sokak;255245
KASTAMONU;TAŞKÖPRÜ;GÜNDOĞDU - EMİRLER;EMİRLER KÜME EVLER;sokak;489415
KASTAMONU;TAŞKÖPRÜ;GÜNDOĞDU - HALİLOĞLU;HALİLOĞLU KÜME EVLER;sokak;488018
KASTAMONU;TAŞKÖPRÜ;GÜNDOĞDU - MERKEZ;MERKEZ KÜME EVLER;sokak;487604
KASTAMONU;TAŞKÖPRÜ;GÜNEYKALINKESE - DELİBEYOĞLU;DELİBEYOĞLU KÜME EVLER;sokak;491038
KASTAMONU;TAŞKÖPRÜ;GÜNEYKALINKESE - GÜNEY;GÜNEY KÜME EVLER;sokak;488762
KASTAMONU;TAŞKÖPRÜ;GÜNEYKALINKESE - KEL;KEL KÜME EVLER;sokak;490562
KASTAMONU;TAŞKÖPRÜ;GÜNEYKALINKESE - PAZAR;PAZAR KÜME EVLER;sokak;490054
KASTAMONU;TAŞKÖPRÜ;GÜNEYKALINKESE - SOĞANLAR;SOĞANLAR KÜME EVLER;sokak;490564
KASTAMONU;TAŞKÖPRÜ;GÜNEYKALINKESE - YENİ;YENİ KÜME EVLER;sokak;499858
KASTAMONU;TAŞKÖPRÜ;GÜNEYKALINKESE - ZEYBEK;ZEYBEK KÜME EVLER;sokak;488656
KASTAMONU;TAŞKÖPRÜ;HACIALİ NA;KÖYÜN KENDİSİ KÜME EVLER;sokak;497001
KASTAMONU;TAŞKÖPRÜ;HAMZAOĞLU - CURALI;CURALI KÜME EVLER;sokak;507129
KASTAMONU;TAŞKÖPRÜ;HAMZAOĞLU - ÇATTEPE;ÇATTEPE KÜME EVLER;sokak;502037
KASTAMONU;TAŞKÖPRÜ;HAMZAOĞLU - DOLAYDERE;DOLAYDERE KÜME EVLER;sokak;500899
KASTAMONU;TAŞKÖPRÜ;HAMZAOĞLU - ERİKYATSI;ERİKYATSI KÜME EVLER;sokak;507490
KASTAMONU;TAŞKÖPRÜ;HAMZAOĞLU - KABAŞ;KABAŞ KÜME EVLER;sokak;507133
KASTAMONU;TAŞKÖPRÜ;HAMZAOĞLU - KELÖNÜ;KELÖNÜ KÜME EVLER;sokak;512420
KASTAMONU;TAŞKÖPRÜ;HAMZAOĞLU - KURDÜN;KURDÜN KÜME EVLER;sokak;503057
KASTAMONU;TAŞKÖPRÜ;HAMZAOĞLU - OYMAAĞAÇ;OYMAAĞAÇ KÜME EVLER;sokak;503957
KASTAMONU;TAŞKÖPRÜ;HAMZAOĞLU - ÖTE;ÖTE KÜME EVLER;sokak;514205
KASTAMONU;TAŞKÖPRÜ;HAMZAOĞLU - TEPE;TEPE KÜME EVLER;sokak;495581
KASTAMONU;TAŞKÖPRÜ;HAMZAOĞLU - TİKENDERE;TİKENDERE KÜME EVLER;sokak;513758
KASTAMONU;TAŞKÖPRÜ;HARMANCIK;15 TEMMUZ DEMOKRASİ ŞEHİTLERİ CADDE;cadde;485963
KASTAMONU;TAŞKÖPRÜ;HARMANCIK;AÇELYA SOKAK;sokak;255250
KASTAMONU;TAŞKÖPRÜ;HARMANCIK;AKASYA SOKAK;sokak;255265
KASTAMONU;TAŞKÖPRÜ;HARMANCIK;ALİŞANAĞA SOKAK;sokak;255251
KASTAMONU;TAŞKÖPRÜ;HARMANCIK;BEGONYA SOKAK;sokak;255267
KASTAMONU;TAŞKÖPRÜ;HARMANCIK;CANDAROĞULLARI CADDE;cadde;255266
KASTAMONU;TAŞKÖPRÜ;HARMANCIK;CEPHANELİK SOKAK;sokak;255263
KASTAMONU;TAŞKÖPRÜ;HARMANCIK;ÇEŞME SOKAK;sokak;255261
KASTAMONU;TAŞKÖPRÜ;HARMANCIK;ÇİĞDEM SOKAK;sokak;485586
KASTAMONU;TAŞKÖPRÜ;HARMANCIK;DEFNE SOKAK;sokak;485587
KASTAMONU;TAŞKÖPRÜ;HARMANCIK;DEMOKRASİ CADDE;cadde;474211
KASTAMONU;TAŞKÖPRÜ;HARMANCIK;FEVZİ ÇAKMAK CADDE;cadde;255252
KASTAMONU;TAŞKÖPRÜ;HARMANCIK;FULYA SOKAK;sokak;485585
KASTAMONU;TAŞKÖPRÜ;HARMANCIK;GÜMÜŞLÜ ÇEŞME SOKAK;sokak;255253
KASTAMONU;TAŞKÖPRÜ;HARMANCIK;HARMANCIK SOKAK;sokak;255254
KASTAMONU;TAŞKÖPRÜ;HARMANCIK;HİKMET ERKEK SOKAK;sokak;440360
KASTAMONU;TAŞKÖPRÜ;HARMANCIK;IHLAMUR SOKAK;sokak;255258
KASTAMONU;TAŞKÖPRÜ;HARMANCIK;İNÖNÜ CADDE;cadde;440361
KASTAMONU;TAŞKÖPRÜ;HARMANCIK;KIZ MEKTEP SOKAK;sokak;255255
KASTAMONU;TAŞKÖPRÜ;HARMANCIK;KURBANTEPE SOKAK;sokak;255256
KASTAMONU;TAŞKÖPRÜ;HARMANCIK;KUŞTEPE SOKAK;sokak;255264
KASTAMONU;TAŞKÖPRÜ;HARMANCIK;MUSTAFA SITKI ERKEK CADDE;cadde;255257
KASTAMONU;TAŞKÖPRÜ;HARMANCIK;MUZAFFERETTİN GAZİ CADDE;cadde;255259
KASTAMONU;TAŞKÖPRÜ;HARMANCIK;MÜHENDİS MAZHAR SOKAK;sokak;255260
KASTAMONU;TAŞKÖPRÜ;HARMANCIK;ŞUBE SOKAK;sokak;255262
KASTAMONU;TAŞKÖPRÜ;HASANLI - MERKEZ;MERKEZ KÜME EVLER;sokak;484517
KASTAMONU;TAŞKÖPRÜ;HASANLI - SARILAR;SARILAR KÜME EVLER;sokak;481910
KASTAMONU;TAŞKÖPRÜ;HOCAKÖY - DONGİN;DONGİN KÜME EVLER;sokak;493674
KASTAMONU;TAŞKÖPRÜ;HOCAKÖY - GUZ;GUZ KÜME EVLER;sokak;493679
KASTAMONU;TAŞKÖPRÜ;HOCAKÖY - KIRAN;KIRAN KÜME EVLER;sokak;490898
KASTAMONU;TAŞKÖPRÜ;HOCAKÖY - MEHTER;MEHTER KÜME EVLER;sokak;488113
KASTAMONU;TAŞKÖPRÜ;HOCAKÖY - MERKEZ;MERKEZ KÜME EVLER;sokak;486465
KASTAMONU;TAŞKÖPRÜ;HOCAKÖY - SORGUNCUK;SORGUNCUK KÜME EVLER;sokak;487065
KASTAMONU;TAŞKÖPRÜ;HOCAKÖY - YAYLA;YAYLA KÜME EVLER;sokak;487337
KASTAMONU;TAŞKÖPRÜ;İMAMOĞLU - BOZTEPE;BOZTEPE KÜME EVLER;sokak;495210
KASTAMONU;TAŞKÖPRÜ;İMAMOĞLU - İKİZLER;İKİZLER KÜME EVLER;sokak;88747
KASTAMONU;TAŞKÖPRÜ;İMAMOĞLU - MERKEZ;MERKEZ KÜME EVLER;sokak;496808
KASTAMONU;TAŞKÖPRÜ;İNCESU - ASARCIK;ASARCIK KÜME EVLER;sokak;490942
KASTAMONU;TAŞKÖPRÜ;İNCESU - BAŞÖREN;BAŞÖREN KÜME EVLER;sokak;489113
KASTAMONU;TAŞKÖPRÜ;İNCESU - DUŞLUK;DUŞLUK KÜME EVLER;sokak;490940
KASTAMONU;TAŞKÖPRÜ;İNCESU - KARAÇALLIK;KARAÇALLIK KÜME EVLER;sokak;319291
KASTAMONU;TAŞKÖPRÜ;İNCESU - KAVAK;KAVAK KÜME EVLER;sokak;490944
KASTAMONU;TAŞKÖPRÜ;İNCESU - MERKEZ;MERKEZ KÜME EVLER;sokak;489110
KASTAMONU;TAŞKÖPRÜ;İNCESU - TOROŞ;TOROŞ KÜME EVLER;sokak;489109
KASTAMONU;TAŞKÖPRÜ;KABALAR - DİLLER;DİLLER KÜME EVLER;sokak;484650
KASTAMONU;TAŞKÖPRÜ;KABALAR - MERKEZ;MERKEZ KÜME EVLER;sokak;36620
KASTAMONU;TAŞKÖPRÜ;KADIKÖY NA;KÖYÜN KENDİSİ KÜME EVLER;sokak;23776
KASTAMONU;TAŞKÖPRÜ;KAPAKLI - AKHASAN;AKHASAN KÜME EVLER;sokak;495911
KASTAMONU;TAŞKÖPRÜ;KAPAKLI - AVDULLAR;AVDULLAR KÜME EVLER;sokak;504160
KASTAMONU;TAŞKÖPRÜ;KAPAKLI - ÇAMLI;ÇAMLI KÜME EVLER;sokak;505193
KASTAMONU;TAŞKÖPRÜ;KAPAKLI - KAVACIK;KAVACIK KÜME EVLER;sokak;505155
KASTAMONU;TAŞKÖPRÜ;KAPAKLI - KURU ÇAVUŞLAR;KURU ÇAVUŞLAR KÜME EVLER;sokak;501048
KASTAMONU;TAŞKÖPRÜ;KAPAKLI - SARAYCIK;SARAYCIK KÜME EVLER;sokak;506845
KASTAMONU;TAŞKÖPRÜ;KAPAKLI - TÜTENLİ;TÜTENLİ KÜME EVLER;sokak;500045
KASTAMONU;TAŞKÖPRÜ;KARACAKAYA - AKILLIOĞLU;AKILLIOĞLU KÜME EVLER;sokak;486605
KASTAMONU;TAŞKÖPRÜ;KARACAKAYA - ORTA;ORTA KÜME EVLER;sokak;498454
KASTAMONU;TAŞKÖPRÜ;KARACAKAYA - YUKARI;YUKARI KÜME EVLER;sokak;492218
KASTAMONU;TAŞKÖPRÜ;KARACAOĞLU - GÖÇ;GÖÇ KÜME EVLER;sokak;493213
KASTAMONU;TAŞKÖPRÜ;KARACAOĞLU - MERKEZ;MERKEZ KÜME EVLER;sokak;464660
KASTAMONU;TAŞKÖPRÜ;KARACAOĞLU - MEŞELİ;MEŞELİ KÜME EVLER;sokak;495363
KASTAMONU;TAŞKÖPRÜ;KARADEDEOĞLU - HEBİLOGLU;HEBİLOGLU KÜME EVLER;sokak;485222
KASTAMONU;TAŞKÖPRÜ;KARADEDEOĞLU - MERKEZ;MERKEZ KÜME EVLER;sokak;491190
KASTAMONU;TAŞKÖPRÜ;KARAPÜRÇEK - DAVUTPAŞA;DAVUTPAŞA KÜME EVLER;sokak;496327
KASTAMONU;TAŞKÖPRÜ;KARAPÜRÇEK - MERKEZ;MERKEZ KÜME EVLER;sokak;494686
KASTAMONU;TAŞKÖPRÜ;KARAPÜRÇEK - SALİHOĞLU;SALİHOĞLU KÜME EVLER;sokak;91035
KASTAMONU;TAŞKÖPRÜ;KARAPÜRÇEK - SÖYLEMEZ;SÖYLEMEZ KÜME EVLER;sokak;501022
KASTAMONU;TAŞKÖPRÜ;KARAPÜRÇEK - YENİ;1 NOLU SANAYİ CADDE;cadde;733561230
KASTAMONU;TAŞKÖPRÜ;KARAPÜRÇEK - YENİ;2 NOLU SANAYİ CADDE;cadde;188623910
KASTAMONU;TAŞKÖPRÜ;KARAPÜRÇEK - YENİ;3 NOLU SANAYİ CADDE;cadde;840042900
KASTAMONU;TAŞKÖPRÜ;KARAPÜRÇEK - YENİ;4 NOLU SANAYİ CADDE;cadde;551391250
KASTAMONU;TAŞKÖPRÜ;KARAPÜRÇEK - YENİ;5 NOLU SANAYİ CADDE;cadde;195949100
KASTAMONU;TAŞKÖPRÜ;KARAPÜRÇEK - YENİ;6 NOLU SANAYİ CADDE;cadde;274760840
KASTAMONU;TAŞKÖPRÜ;KARAPÜRÇEK - YENİ;YENİ KÜME EVLER;sokak;495523
KASTAMONU;TAŞKÖPRÜ;KARASAİT;ATATÜRK CADDE;cadde;255275
KASTAMONU;TAŞKÖPRÜ;KARASAİT;ESKİ SALHANE SOKAK;sokak;440362
KASTAMONU;TAŞKÖPRÜ;KARASAİT;KARASAİT SOKAK;sokak;255268
KASTAMONU;TAŞKÖPRÜ;KARASAİT;KÖŞKÖNÜ SOKAK;sokak;255269
KASTAMONU;TAŞKÖPRÜ;KARASAİT;KÖŞKÖNÜ SOKAK SOKAK;sokak;255272
KASTAMONU;TAŞKÖPRÜ;KARASAİT;MUSTAFA YILMAZ SOKAK;sokak;255276
KASTAMONU;TAŞKÖPRÜ;KARASAİT;NUMAN ÖZDEMİR SOKAK;sokak;255274
KASTAMONU;TAŞKÖPRÜ;KARASAİT;SÜLEYMAN DEMİREL CADDE;cadde;255270
KASTAMONU;TAŞKÖPRÜ;KARASAİT;ŞEHİT CİHAN ELKAN SOKAK;sokak;440363
KASTAMONU;TAŞKÖPRÜ;KARASAİT;ŞEHİT ERKAN ALABAŞ SOKAK;sokak;137224750
KASTAMONU;TAŞKÖPRÜ;KARASAİT;ŞEHİT İSMAİL BULUT SOKAK;sokak;255273
KASTAMONU;TAŞKÖPRÜ;KARASAİT;YENİ OTOGAR SOKAK;sokak;255271
KASTAMONU;TAŞKÖPRÜ;KARNIAÇIK - AVDULLU;AVDULLU KÜME EVLER;sokak;491496
KASTAMONU;TAŞKÖPRÜ;KARNIAÇIK - KÖLOĞLU;KÖLOĞLU KÜME EVLER;sokak;491912
KASTAMONU;TAŞKÖPRÜ;KARNIAÇIK - ÖRENCİK;ÖRENCİK KÜME EVLER;sokak;486949
KASTAMONU;TAŞKÖPRÜ;KARNIAÇIK - PULFALI;PULFALI KÜME EVLER;sokak;494850
KASTAMONU;TAŞKÖPRÜ;KARŞIKÖY NA;KÖYÜN KENDİSİ KÜME EVLER;sokak;490584
KASTAMONU;TAŞKÖPRÜ;KAYADİBİ - DEREKORU;DEREKORU KÜME EVLER;sokak;498948
KASTAMONU;TAŞKÖPRÜ;KAYADİBİ - GÖYNÜK;GÖYNÜK KÜME EVLER;sokak;498959
KASTAMONU;TAŞKÖPRÜ;KAYADİBİ - KARABURUN;KARABURUN KÜME EVLER;sokak;490474
KASTAMONU;TAŞKÖPRÜ;KAYADİBİ - KARABURUN YAYLA EVİ;KARABURUN YAYLA EVİ KÜME EVLER;sokak;535503
KASTAMONU;TAŞKÖPRÜ;KAYADİBİ - MERKEZ;MERKEZ KÜME EVLER;sokak;493644
KASTAMONU;TAŞKÖPRÜ;KAYADİBİ - ORTAKÖY;ORTAKÖY KÜME EVLER;sokak;493637
KASTAMONU;TAŞKÖPRÜ;KAYAPINAR - ALHAN;ALHAN KÜME EVLER;sokak;480154
KASTAMONU;TAŞKÖPRÜ;KAYAPINAR - GERZE;GERZE KÜME EVLER;sokak;483766
KASTAMONU;TAŞKÖPRÜ;KAYAPINAR - GÜNEYCÜK;GÜNEYCÜK KÜME EVLER;sokak;475072
KASTAMONU;TAŞKÖPRÜ;KAYAPINAR - MERKEZ;MERKEZ KÜME EVLER;sokak;475082
KASTAMONU;TAŞKÖPRÜ;KAYGINCA - ÇÜNÜR;ÇÜNÜR KÜME EVLER;sokak;496194
KASTAMONU;TAŞKÖPRÜ;KAYGINCA - MERKEZ;MERKEZ KÜME EVLER;sokak;487514
KASTAMONU;TAŞKÖPRÜ;KAYGINCA - SÖKÜ;SÖKÜ KÜME EVLER;sokak;490510
KASTAMONU;TAŞKÖPRÜ;KESE - MERKEZ;MERKEZ KÜME EVLER;sokak;497547
KASTAMONU;TAŞKÖPRÜ;KILIÇLI - CİVELEK;CİVELEK KÜME EVLER;sokak;495971
KASTAMONU;TAŞKÖPRÜ;KILIÇLI - FIÇI;FIÇI KÜME EVLER;sokak;495970
KASTAMONU;TAŞKÖPRÜ;KILIÇLI - KÖSELİ;KÖSELİ KÜME EVLER;sokak;495972
KASTAMONU;TAŞKÖPRÜ;KILIÇLI - MERKEZ;MERKEZ KÜME EVLER;sokak;526074
KASTAMONU;TAŞKÖPRÜ;KIRAN - MERKEZ;MERKEZ KÜME EVLER;sokak;495379
KASTAMONU;TAŞKÖPRÜ;KIRAN - YENİ;YENİ KÜME EVLER;sokak;495723
KASTAMONU;TAŞKÖPRÜ;KIRHA NA;KÖYÜN KENDİSİ KÜME EVLER;sokak;499382
KASTAMONU;TAŞKÖPRÜ;KIZILCAÖREN - KALFALI;KALFALI KÜME EVLER;sokak;496704
KASTAMONU;TAŞKÖPRÜ;KIZILCAÖREN - KARAGÜLLE;KARAGÜLLE KÜME EVLER;sokak;90902
KASTAMONU;TAŞKÖPRÜ;KIZILCAÖREN - MERKEZ;MERKEZ KÜME EVLER;sokak;494435
KASTAMONU;TAŞKÖPRÜ;KIZILCAÖRHEN - KİRLİK;KİRLİK KÜME EVLER;sokak;482305
KASTAMONU;TAŞKÖPRÜ;KIZILCAÖRHEN - MALAK;MALAK KÜME EVLER;sokak;348254
KASTAMONU;TAŞKÖPRÜ;KIZILCAÖRHEN - MERKEZ;MERKEZ KÜME EVLER;sokak;473020
KASTAMONU;TAŞKÖPRÜ;KIZILCAÖRHEN - SALMANLI;SALMANLI KÜME EVLER;sokak;473038
KASTAMONU;TAŞKÖPRÜ;KIZILCAÖRHEN - TAHTAK;TAHTAK KÜME EVLER;sokak;484591
KASTAMONU;TAŞKÖPRÜ;KIZILKESE - ÇAVUŞ;ÇAVUŞ KÜME EVLER;sokak;497992
KASTAMONU;TAŞKÖPRÜ;KIZILKESE - MERKEZ;MERKEZ KÜME EVLER;sokak;490513
KASTAMONU;TAŞKÖPRÜ;KIZILKESE - MUSA;MUSA KÜME EVLER;sokak;499301
KASTAMONU;TAŞKÖPRÜ;KIZILKESE - TOPÇU;TOPÇU KÜME EVLER;sokak;499304
KASTAMONU;TAŞKÖPRÜ;KİRAZCIK - İMAMLAR;İMAMLAR KÜME EVLER;sokak;470898
KASTAMONU;TAŞKÖPRÜ;KİRAZCIK - KABALA;KABALA KÜME EVLER;sokak;37207
KASTAMONU;TAŞKÖPRÜ;KİRAZCIK - KADILAR;KADILAR KÜME EVLER;sokak;37214
KASTAMONU;TAŞKÖPRÜ;KİRAZCIK - KADIOĞLU;KADIOĞLU KÜME EVLER;sokak;345842
KASTAMONU;TAŞKÖPRÜ;KİRAZCIK - KETENLER;KETENLER KÜME EVLER;sokak;345837
KASTAMONU;TAŞKÖPRÜ;KİRAZCIK - MERKEZ;MERKEZ KÜME EVLER;sokak;345840
KASTAMONU;TAŞKÖPRÜ;KİRAZCIK - ORUÇLU;ORUÇLU KÜME EVLER;sokak;345838
KASTAMONU;TAŞKÖPRÜ;KOÇANLI - ALİBEYGIRAN;ALİBEYGIRAN KÜME EVLER;sokak;528275
KASTAMONU;TAŞKÖPRÜ;KOÇANLI - GADI;GADI KÜME EVLER;sokak;528276
KASTAMONU;TAŞKÖPRÜ;KOÇANLI - KAYABAŞI;KAYABAŞI KÜME EVLER;sokak;528266
KASTAMONU;TAŞKÖPRÜ;KOÇANLI - MERKEZ;MERKEZ KÜME EVLER;sokak;515224
KASTAMONU;TAŞKÖPRÜ;KORNAPA - HACIALİ;HACIALİ KÜME EVLER;sokak;509730
KASTAMONU;TAŞKÖPRÜ;KORNAPA - KÜÇÜKKUYLUŞ;KÜÇÜKKUYLUŞ KÜME EVLER;sokak;509731
KASTAMONU;TAŞKÖPRÜ;KORNAPA - MERKEZ;MERKEZ KÜME EVLER;sokak;504752
KASTAMONU;TAŞKÖPRÜ;KÖÇEKLİ - AŞAĞI;AŞAĞI KÜME EVLER;sokak;491759
KASTAMONU;TAŞKÖPRÜ;KÖÇEKLİ - GÜZÖREN;GÜZÖREN KÜME EVLER;sokak;491836
KASTAMONU;TAŞKÖPRÜ;KÖÇEKLİ - KÖYİÇİ;KÖYİÇİ KÜME EVLER;sokak;480399
KASTAMONU;TAŞKÖPRÜ;KÖÇEKLİ - PAZARYERİ;PAZARYERİ KÜME EVLER;sokak;489431
KASTAMONU;TAŞKÖPRÜ;KUYLUŞ - ÇALOĞLU;ÇALOĞLU KÜME EVLER;sokak;490021
KASTAMONU;TAŞKÖPRÜ;KUYLUŞ - KESERCİOĞLU;KESERCİOĞLU KÜME EVLER;sokak;489999
KASTAMONU;TAŞKÖPRÜ;KUYLUŞ - TEKKE;TEKKE KÜME EVLER;sokak;499406
KASTAMONU;TAŞKÖPRÜ;KUYLUŞ - YEMİŞENLİOĞLU;YEMİŞENLİOĞLU KÜME EVLER;sokak;325461
KASTAMONU;TAŞKÖPRÜ;KUZKALINKESE - DERE;DERE KÜME EVLER;sokak;492879
KASTAMONU;TAŞKÖPRÜ;KUZKALINKESE - ESELLİ;ESELLİ KÜME EVLER;sokak;500086
KASTAMONU;TAŞKÖPRÜ;KUZKALINKESE - HATİP;HATİP KÜME EVLER;sokak;494264
KASTAMONU;TAŞKÖPRÜ;KUZKALINKESE - KIRAN;KIRAN KÜME EVLER;sokak;494267
KASTAMONU;TAŞKÖPRÜ;KUZKALINKESE - TEMÜR;TEMÜR KÜME EVLER;sokak;494263
KASTAMONU;TAŞKÖPRÜ;KUZKALINKESE - YAHYA;YAHYA KÜME EVLER;sokak;500085
KASTAMONU;TAŞKÖPRÜ;KÜÇÜKSÜ - BAYIRLI;BAYIRLI KÜME EVLER;sokak;493342
KASTAMONU;TAŞKÖPRÜ;KÜÇÜKSÜ - MERKEZ;MERKEZ KÜME EVLER;sokak;491173
KASTAMONU;TAŞKÖPRÜ;KÜÇÜKSÜ - SAKIZ;SAKIZ KÜME EVLER;sokak;356418
KASTAMONU;TAŞKÖPRÜ;MASATLAR - ÇİRPİCİ;ÇİRPİCİ KÜME EVLER;sokak;511450
KASTAMONU;TAŞKÖPRÜ;MASATLAR - MERKEZ;MERKEZ KÜME EVLER;sokak;511448
KASTAMONU;TAŞKÖPRÜ;MASATLAR - YUKARIHATİPLER;YUKARIHATİPLER KÜME EVLER;sokak;511451
KASTAMONU;TAŞKÖPRÜ;MUSALLA;1.BLOK SOKAK;sokak;440364
KASTAMONU;TAŞKÖPRÜ;MUSALLA;10.BLOK SOKAK;sokak;1127538
KASTAMONU;TAŞKÖPRÜ;MUSALLA;2.BLOK SOKAK;sokak;255277
KASTAMONU;TAŞKÖPRÜ;MUSALLA;3.BLOK SOKAK;sokak;255278
KASTAMONU;TAŞKÖPRÜ;MUSALLA;4.BLOK SOKAK;sokak;440365
KASTAMONU;TAŞKÖPRÜ;MUSALLA;5.BLOK SOKAK;sokak;255279
KASTAMONU;TAŞKÖPRÜ;MUSALLA;6.BLOK SOKAK;sokak;255280
KASTAMONU;TAŞKÖPRÜ;MUSALLA;7.BLOK SOKAK;sokak;255281
KASTAMONU;TAŞKÖPRÜ;MUSALLA;8.BLOK SOKAK;sokak;440366
KASTAMONU;TAŞKÖPRÜ;MUSALLA;9.BLOK SOKAK;sokak;255282
KASTAMONU;TAŞKÖPRÜ;MUSALLA;ADNAN MENDERES_2 BULVAR;sokak;255286
KASTAMONU;TAŞKÖPRÜ;MUSALLA;AĞALAR SOKAK;sokak;440367
KASTAMONU;TAŞKÖPRÜ;MUSALLA;ATATÜRK CADDE;cadde;255283
KASTAMONU;TAŞKÖPRÜ;MUSALLA;CAMİİ SOKAK;sokak;255285
KASTAMONU;TAŞKÖPRÜ;MUSALLA;DELİBEY SOKAK;sokak;837170
KASTAMONU;TAŞKÖPRÜ;MUSALLA;GÖCENLER SOKAK;sokak;360095
KASTAMONU;TAŞKÖPRÜ;MUSALLA;MUSALLA SOKAK;sokak;255287
KASTAMONU;TAŞKÖPRÜ;MUSALLA;ORMAN İŞLETMESİ MÜDÜRLÜĞÜ KÜME EVLER;sokak;255288
KASTAMONU;TAŞKÖPRÜ;MUSALLA;OSMAN GAZİ CADDE;cadde;272626661
KASTAMONU;TAŞKÖPRÜ;MUSALLA;SANAYİ KARŞISI KÜME EVLER;sokak;255289
KASTAMONU;TAŞKÖPRÜ;MUSALLA;SANAYİ SİTESİ GİRİŞİ SOKAK;sokak;440369
KASTAMONU;TAŞKÖPRÜ;MUSALLA;TURGUT ÖZAL BULVAR;sokak;255284
KASTAMONU;TAŞKÖPRÜ;MUSALLA;ZIMBILLI SOKAK;sokak;360096
KASTAMONU;TAŞKÖPRÜ;OBRUCAK - AYVALCA;AYVALCA KÜME EVLER;sokak;496678
KASTAMONU;TAŞKÖPRÜ;OBRUCAK - CALAY;CALAY KÜME EVLER;sokak;500133
KASTAMONU;TAŞKÖPRÜ;OBRUCAK - KEYİŞ;KEYİŞ KÜME EVLER;sokak;494295
KASTAMONU;TAŞKÖPRÜ;OBRUCAK - MERKEZ;MERKEZ KÜME EVLER;sokak;495805
KASTAMONU;TAŞKÖPRÜ;OBRUCAK - SERGENLER;SERGENLER KÜME EVLER;sokak;500139
KASTAMONU;TAŞKÖPRÜ;OLUKBAŞI - HATAPLI;HATAPLI KÜME EVLER;sokak;22693
KASTAMONU;TAŞKÖPRÜ;OLUKBAŞI - MERKEZ;MERKEZ KÜME EVLER;sokak;474623
KASTAMONU;TAŞKÖPRÜ;ORTAKÖY - CEBECİ;CEBECİ KÜME EVLER;sokak;489383
KASTAMONU;TAŞKÖPRÜ;ORTAKÖY - KAPANLI;KAPANLI KÜME EVLER;sokak;493345
KASTAMONU;TAŞKÖPRÜ;ORTAKÖY - MERKEZ;MERKEZ KÜME EVLER;sokak;489384
KASTAMONU;TAŞKÖPRÜ;ORTAKÖY - ORTA;ORTA KÜME EVLER;sokak;493441
KASTAMONU;TAŞKÖPRÜ;ORTAÖZ - ÇÖRDÜ;ÇÖRDÜ KÜME EVLER;sokak;499324
KASTAMONU;TAŞKÖPRÜ;ORTAÖZ - MERKEZ;MERKEZ KÜME EVLER;sokak;489672
KASTAMONU;TAŞKÖPRÜ;ORTAÖZ - YÜZHANLI;YÜZHANLI KÜME EVLER;sokak;487450
KASTAMONU;TAŞKÖPRÜ;OYMAAĞAÇSEKİ - MERKEZ;MERKEZ KÜME EVLER;sokak;487151
KASTAMONU;TAŞKÖPRÜ;OYMAAĞAÇSEKİ - YUKARI SEKİ;YUKARI SEKİ KÜME EVLER;sokak;486623
KASTAMONU;TAŞKÖPRÜ;ÖMERLİ - KOCA;KOCA KÜME EVLER;sokak;497583
KASTAMONU;TAŞKÖPRÜ;ÖMERLİ - MERKEZ;MERKEZ KÜME EVLER;sokak;492717
KASTAMONU;TAŞKÖPRÜ;ÖRHEN - ÇAY;ÇAY KÜME EVLER;sokak;483804
KASTAMONU;TAŞKÖPRÜ;ÖRHEN - MERKEZ;MERKEZ KÜME EVLER;sokak;114668
KASTAMONU;TAŞKÖPRÜ;ÖRHEN - YAKA;YAKA KÜME EVLER;sokak;32070
KASTAMONU;TAŞKÖPRÜ;ÖRHENLİ - MERKEZ;MERKEZ KÜME EVLER;sokak;521858
KASTAMONU;TAŞKÖPRÜ;ÖRHENLİ - TAŞKAPI;TAŞKAPI KÜME EVLER;sokak;521866
KASTAMONU;TAŞKÖPRÜ;PAŞAKÖY - ÇOBAN;ÇOBAN KÜME EVLER;sokak;499456
KASTAMONU;TAŞKÖPRÜ;PAŞAKÖY - HAMDULLAH;HAMDULLAH KÜME EVLER;sokak;493185
KASTAMONU;TAŞKÖPRÜ;PAŞAKÖY - İMİRLER;İMİRLER KÜME EVLER;sokak;486497
KASTAMONU;TAŞKÖPRÜ;PAŞAKÖY - KARAAĞAÇ;KARAAĞAÇ KÜME EVLER;sokak;498966
KASTAMONU;TAŞKÖPRÜ;PAŞAKÖY - MERKEZ;MERKEZ KÜME EVLER;sokak;491326
KASTAMONU;TAŞKÖPRÜ;PAŞAKÖY - ÖRENCİK;ÖRENCİK KÜME EVLER;sokak;486490
KASTAMONU;TAŞKÖPRÜ;PİRAHMETLİ - AŞIKÇI;AŞIKÇI KÜME EVLER;sokak;487638
KASTAMONU;TAŞKÖPRÜ;PİRAHMETLİ - BAYRAM;BAYRAM KÜME EVLER;sokak;486951
KASTAMONU;TAŞKÖPRÜ;PİRAHMETLİ - ÇAKIREKİN;ÇAKIREKİN KÜME EVLER;sokak;488688
KASTAMONU;TAŞKÖPRÜ;PİRAHMETLİ - HAYIR;HAYIR KÜME EVLER;sokak;483581
KASTAMONU;TAŞKÖPRÜ;PİRAHMETLİ - KARADÜREN;KARADÜREN KÜME EVLER;sokak;488695
KASTAMONU;TAŞKÖPRÜ;PİRAHMETLİ - MERKEZ;MERKEZ KÜME EVLER;sokak;488096
KASTAMONU;TAŞKÖPRÜ;PİRAHMETLİ - MURAT;MURAT KÜME EVLER;sokak;487301
KASTAMONU;TAŞKÖPRÜ;PİRAHMETLİ - TEKKEOĞLU;TEKKEOĞLU KÜME EVLER;sokak;487740
KASTAMONU;TAŞKÖPRÜ;PULCULAR;29 EKİM CUMHURİYET MEYDAN;sokak;255292
KASTAMONU;TAŞKÖPRÜ;PULCULAR;AŞIK VEYSEL SOKAK;sokak;481775
KASTAMONU;TAŞKÖPRÜ;PULCULAR;BELEDİYE SOKAK;sokak;360097
KASTAMONU;TAŞKÖPRÜ;PULCULAR;DEMİRCİLER ÇARŞISI SOKAK;sokak;255293
KASTAMONU;TAŞKÖPRÜ;PULCULAR;DEMOKRASİ CADDE;cadde;913052
KASTAMONU;TAŞKÖPRÜ;PULCULAR;ESKİ MEDRESE SOKAK;sokak;255294
KASTAMONU;TAŞKÖPRÜ;PULCULAR;FEVZİ ÇAKMAK CADDE;cadde;440371
KASTAMONU;TAŞKÖPRÜ;PULCULAR;GÜL SOKAK;sokak;482126
KASTAMONU;TAŞKÖPRÜ;PULCULAR;GÜMÜŞLÜ ÇEŞME SOKAK;sokak;255295
KASTAMONU;TAŞKÖPRÜ;PULCULAR;HALİDE EDİP ADIVAR SOKAK;sokak;255291
KASTAMONU;TAŞKÖPRÜ;PULCULAR;HİKMET ERKEK SOKAK;sokak;440370
KASTAMONU;TAŞKÖPRÜ;PULCULAR;İNÖNÜ CADDE;cadde;255298
KASTAMONU;TAŞKÖPRÜ;PULCULAR;KARACAOĞLAN SOKAK;sokak;468454
KASTAMONU;TAŞKÖPRÜ;PULCULAR;KILIÇ SOKAK;sokak;830781
KASTAMONU;TAŞKÖPRÜ;PULCULAR;KÖROĞLU SOKAK;sokak;338559
KASTAMONU;TAŞKÖPRÜ;PULCULAR;MEHMET AKİF ERSOY CADDE;cadde;255290
KASTAMONU;TAŞKÖPRÜ;PULCULAR;MUSTAFA SITKI ERKEK CADDE;cadde;255296
KASTAMONU;TAŞKÖPRÜ;PULCULAR;PAPATYA SOKAK;sokak;489424
KASTAMONU;TAŞKÖPRÜ;PULCULAR;PULCULAR SOKAK;sokak;360098
KASTAMONU;TAŞKÖPRÜ;PULCULAR;SAİM TOKATLI CADDE;cadde;255297
KASTAMONU;TAŞKÖPRÜ;PULCULAR;SARMAŞIK SOKAK;sokak;481776
KASTAMONU;TAŞKÖPRÜ;PULCULAR;SULUKİSE SOKAK;sokak;443451
KASTAMONU;TAŞKÖPRÜ;PULCULAR;ŞEHİT ADEM YILMAZ SOKAK;sokak;256580
KASTAMONU;TAŞKÖPRÜ;PULCULAR;ŞEHİT İBRAHİM ÇAY SOKAK;sokak;489429
KASTAMONU;TAŞKÖPRÜ;SAMANLIÖREN - BALTACI;BALTACI KÜME EVLER;sokak;474818
KASTAMONU;TAŞKÖPRÜ;SAMANLIÖREN - MERKEZ;MERKEZ KÜME EVLER;sokak;475062
KASTAMONU;TAŞKÖPRÜ;SARIKAVAK - ESKİ;ESKİ KÜME EVLER;sokak;489091
KASTAMONU;TAŞKÖPRÜ;SARIKAVAK - KAVACI;KAVACI KÜME EVLER;sokak;487350
KASTAMONU;TAŞKÖPRÜ;SARIKAVAK - KAVACIK;KAVACIK KÜME EVLER;sokak;487342
KASTAMONU;TAŞKÖPRÜ;SARIKAVAK - KOLCU;KOLCU KÜME EVLER;sokak;499313
KASTAMONU;TAŞKÖPRÜ;SARIKAVAK - MERKEZ;MERKEZ KÜME EVLER;sokak;487302
KASTAMONU;TAŞKÖPRÜ;SARIKAVAK - PUŞLU;PUŞLU KÜME EVLER;sokak;496209
KASTAMONU;TAŞKÖPRÜ;SARIKAVAK - RAHAT;RAHAT KÜME EVLER;sokak;26536
KASTAMONU;TAŞKÖPRÜ;SARIKAVAK - SARIKAVAK;SARIKAVAK KÜME EVLER;sokak;499323
KASTAMONU;TAŞKÖPRÜ;SARISEKİ - MERKEZ;MERKEZ KÜME EVLER;sokak;486071
KASTAMONU;TAŞKÖPRÜ;SARISEKİ - ÜZÜKTAŞ;ÜZÜKTAŞ KÜME EVLER;sokak;485714
KASTAMONU;TAŞKÖPRÜ;SARISEKİ - YALAK;YALAK KÜME EVLER;sokak;498481
KASTAMONU;TAŞKÖPRÜ;SARPUN - KOÇCUAZ;KOÇCUAZ KÜME EVLER;sokak;495012
KASTAMONU;TAŞKÖPRÜ;SARPUN - MERKEZ;MERKEZ KÜME EVLER;sokak;500700
KASTAMONU;TAŞKÖPRÜ;SARPUN - ORTA;ORTA KÜME EVLER;sokak;500713
KASTAMONU;TAŞKÖPRÜ;SARPUN - SÜLE;SÜLE KÜME EVLER;sokak;494989
KASTAMONU;TAŞKÖPRÜ;SÜMER;1 NOLU KÜME EVLER;sokak;443452
KASTAMONU;TAŞKÖPRÜ;SÜMER;2 NOLU KÜME EVLER;sokak;360100
KASTAMONU;TAŞKÖPRÜ;SÜMER;ARMAĞAN SOKAK;sokak;256584
KASTAMONU;TAŞKÖPRÜ;SÜMER;BAHAR SOKAK;sokak;443453
KASTAMONU;TAŞKÖPRÜ;SÜMER;GAMZE SOKAK;sokak;256582
KASTAMONU;TAŞKÖPRÜ;SÜMER;İNCİ SOKAK;sokak;256585
KASTAMONU;TAŞKÖPRÜ;SÜMER;KARANFİL SOKAK;sokak;479714
KASTAMONU;TAŞKÖPRÜ;SÜMER;LALE SOKAK;sokak;485580
KASTAMONU;TAŞKÖPRÜ;SÜMER;ORKİDE SOKAK;sokak;472655
KASTAMONU;TAŞKÖPRÜ;SÜMER;SAFİR SOKAK;sokak;360099
KASTAMONU;TAŞKÖPRÜ;SÜMER;SEÇKİN SOKAK;sokak;256583
KASTAMONU;TAŞKÖPRÜ;SÜMER;SILA SOKAK;sokak;256581
KASTAMONU;TAŞKÖPRÜ;SÜMER;ŞEHİT MEHMET SÖZEN CADDE;cadde;360101
KASTAMONU;TAŞKÖPRÜ;ŞAHİNÇATI - APTAL;APTAL KÜME EVLER;sokak;506954
KASTAMONU;TAŞKÖPRÜ;ŞAHİNÇATI - KAPUCU;KAPUCU KÜME EVLER;sokak;492586
KASTAMONU;TAŞKÖPRÜ;ŞAHİNÇATI - KARAAĞAÇ;KARAAĞAÇ KÜME EVLER;sokak;356165
KASTAMONU;TAŞKÖPRÜ;ŞAHİNÇATI - OKCU;OKCU KÜME EVLER;sokak;494556
KASTAMONU;TAŞKÖPRÜ;ŞAHİNÇATI - VEYSELLİ;VEYSELLİ KÜME EVLER;sokak;507008
KASTAMONU;TAŞKÖPRÜ;ŞEHİRÖREN - OTMANLAR;OTMANLAR KÜME EVLER;sokak;488853
KASTAMONU;TAŞKÖPRÜ;ŞEHİRÖREN - ŞEHİRÖREN;ŞEHİRÖREN KÜME EVLER;sokak;488852
KASTAMONU;TAŞKÖPRÜ;TABAKHANE;29 EKİM CUMHURİYET MEYDAN;sokak;391956801
KASTAMONU;TAŞKÖPRÜ;TABAKHANE;AĞALAR ÇIKMAZ SOKAK;sokak;255018
KASTAMONU;TAŞKÖPRÜ;TABAKHANE;AĞALAR SOKAK;sokak;255017
KASTAMONU;TAŞKÖPRÜ;TABAKHANE;ATATÜRK CADDE;cadde;255016
KASTAMONU;TAŞKÖPRÜ;TABAKHANE;BUHARA SOKAK;sokak;255019
KASTAMONU;TAŞKÖPRÜ;TABAKHANE;CUMHURİYET CADDE;cadde;255020
KASTAMONU;TAŞKÖPRÜ;TABAKHANE;DELİBEY SOKAK;sokak;440368
KASTAMONU;TAŞKÖPRÜ;TABAKHANE;FEVZİ ÇAKMAK CADDE;cadde;255021
KASTAMONU;TAŞKÖPRÜ;TABAKHANE;GÖCENLER SOKAK;sokak;837057
KASTAMONU;TAŞKÖPRÜ;TABAKHANE;İBN-İ SİNA SOKAK;sokak;255010
KASTAMONU;TAŞKÖPRÜ;TABAKHANE;MİMAR SİNAN SOKAK;sokak;255008
KASTAMONU;TAŞKÖPRÜ;TABAKHANE;NAMIK KEMAL SOKAK;sokak;255009
KASTAMONU;TAŞKÖPRÜ;TABAKHANE;ÖMER SEYFETTİN SOKAK;sokak;255015
KASTAMONU;TAŞKÖPRÜ;TABAKHANE;PİRİ REİS SOKAK;sokak;255012
KASTAMONU;TAŞKÖPRÜ;TABAKHANE;TAŞ CAMİİ SOKAK;sokak;255022
KASTAMONU;TAŞKÖPRÜ;TABAKHANE;TEVFİK FİKRET SOKAK;sokak;255013
KASTAMONU;TAŞKÖPRÜ;TABAKHANE;ULUBATLI HASAN SOKAK;sokak;255011
KASTAMONU;TAŞKÖPRÜ;TABAKHANE;YÜZBAŞI CENGİZ TOPEL SOKAK;sokak;255023
KASTAMONU;TAŞKÖPRÜ;TABAKHANE;ZİYA GÖKALP SOKAK;sokak;255014
KASTAMONU;TAŞKÖPRÜ;TAŞÇILAR - AHCIBAŞI;AHÇIBAŞI KÜME EVLER;sokak;488772
KASTAMONU;TAŞKÖPRÜ;TAŞÇILAR - BOŞNAKLAR;BOŞNAKLAR KÜME EVLER;sokak;492229
KASTAMONU;TAŞKÖPRÜ;TAŞÇILAR - KADI KIZI;KADI KIZI KÜME EVLER;sokak;490456
KASTAMONU;TAŞKÖPRÜ;TAŞÇILAR - MERKEZ;MERKEZ KÜME EVLER;sokak;493143
KASTAMONU;TAŞKÖPRÜ;TAŞÇILAR - SARIAOĞLU;SARIAOĞLU KÜME EVLER;sokak;492209
KASTAMONU;TAŞKÖPRÜ;TAŞÇILAR - YUKARI OBA;YUKARI OBA KÜME EVLER;sokak;489998
KASTAMONU;TAŞKÖPRÜ;TAVUKÇUOĞLU - MERKEZ;MERKEZ KÜME EVLER;sokak;493614
KASTAMONU;TAŞKÖPRÜ;TEKEOĞLU - MEMİOĞLU;MEMİOĞLU KÜME EVLER;sokak;511731
KASTAMONU;TAŞKÖPRÜ;TEKEOĞLU - MERKEZ;MERKEZ KÜME EVLER;sokak;510787
KASTAMONU;TAŞKÖPRÜ;TEKKE;BAHRİ ALP CADDE;cadde;255351
KASTAMONU;TAŞKÖPRÜ;TEKKE;BİRCAN SOKAK;sokak;488229
KASTAMONU;TAŞKÖPRÜ;TEKKE;CUMHURİYET CADDE;cadde;547235491
KASTAMONU;TAŞKÖPRÜ;TEKKE;ÇAY ARALIK SOKAK;sokak;255029
KASTAMONU;TAŞKÖPRÜ;TEKKE;FİDANLIK SOKAK;sokak;255026
KASTAMONU;TAŞKÖPRÜ;TEKKE;GELİNCİK SOKAK;sokak;255350
KASTAMONU;TAŞKÖPRÜ;TEKKE;HANIMELİ SOKAK;sokak;489085
KASTAMONU;TAŞKÖPRÜ;TEKKE;KATİPOĞLU SOKAK;sokak;255027
KASTAMONU;TAŞKÖPRÜ;TEKKE;KENDİR SOKAK;sokak;251803160
KASTAMONU;TAŞKÖPRÜ;TEKKE;MANOLYA SOKAK;sokak;255025
KASTAMONU;TAŞKÖPRÜ;TEKKE;MENDERES BULVAR;sokak;255028
KASTAMONU;TAŞKÖPRÜ;TEKKE;NAİME ALP SOKAK;sokak;500281
KASTAMONU;TAŞKÖPRÜ;TEKKE;SALKIM SOKAK;sokak;433335
KASTAMONU;TAŞKÖPRÜ;TEKKE;ŞEHİT ADEM AKMAN SOKAK;sokak;255349
KASTAMONU;TAŞKÖPRÜ;TEKKE;ŞEHİT CEVDET ÜSTÜNDAĞ SOKAK;sokak;255024
KASTAMONU;TAŞKÖPRÜ;TEKKE;ŞEYH HÜSAMETTİN SOKAK;sokak;255348
KASTAMONU;TAŞKÖPRÜ;TEPEDELİK - ÇİLİNGİR;ÇİLİNGİR KÜME EVLER;sokak;490570
KASTAMONU;TAŞKÖPRÜ;TEPEDELİK - MERKEZ;MERKEZ KÜME EVLER;sokak;490932
KASTAMONU;TAŞKÖPRÜ;TOKAŞ - AŞAĞI TOKAŞ;AŞAĞI TOKAŞ KÜME EVLER;sokak;486445
KASTAMONU;TAŞKÖPRÜ;TOKAŞ - ELLEZ;ELLEZ KÜME EVLER;sokak;486449
KASTAMONU;TAŞKÖPRÜ;TOKAŞ - MERKEZ;MERKEZ KÜME EVLER;sokak;499864
KASTAMONU;TAŞKÖPRÜ;URGANCI - MERKEZ;MERKEZ KÜME EVLER;sokak;493396
KASTAMONU;TAŞKÖPRÜ;UZUNKAVAK - HALLO;HALLO KÜME EVLER;sokak;487802
KASTAMONU;TAŞKÖPRÜ;UZUNKAVAK - MERKEZ;MERKEZ KÜME EVLER;sokak;493181
KASTAMONU;TAŞKÖPRÜ;UZUNKAVAK - MERKEZ;YUKARI KÜME EVLER;sokak;163508450
KASTAMONU;TAŞKÖPRÜ;UZUNKAVAK - YUKARI;YUKARI KÜME EVLER;sokak;498015
KASTAMONU;TAŞKÖPRÜ;ÜSTATLAR;15 TEMMUZ DEMOKRASİ ŞEHİTLERİ CADDE;cadde;483301
KASTAMONU;TAŞKÖPRÜ;ÜSTATLAR;ATATÜRK CADDE;cadde;255356
KASTAMONU;TAŞKÖPRÜ;ÜSTATLAR;ÇAĞDAŞ SOKAK;sokak;255352
KASTAMONU;TAŞKÖPRÜ;ÜSTATLAR;ÇEŞME SOKAK;sokak;255364
KASTAMONU;TAŞKÖPRÜ;ÜSTATLAR;ÇINAR SOKAK;sokak;433336
KASTAMONU;TAŞKÖPRÜ;ÜSTATLAR;DAMLA SOKAK;sokak;255369
KASTAMONU;TAŞKÖPRÜ;ÜSTATLAR;DESTAN SOKAK;sokak;255368
KASTAMONU;TAŞKÖPRÜ;ÜSTATLAR;ELVAN SOKAK;sokak;255367
KASTAMONU;TAŞKÖPRÜ;ÜSTATLAR;EMERCE CADDE;cadde;433337
KASTAMONU;TAŞKÖPRÜ;ÜSTATLAR;EVLİYA ÇELEBİ SOKAK;sokak;255355
KASTAMONU;TAŞKÖPRÜ;ÜSTATLAR;FARABİ SOKAK;sokak;255353
KASTAMONU;TAŞKÖPRÜ;ÜSTATLAR;FEVZİ ÇAKMAK CADDE;cadde;255357
KASTAMONU;TAŞKÖPRÜ;ÜSTATLAR;FUZULİ SOKAK;sokak;255354
KASTAMONU;TAŞKÖPRÜ;ÜSTATLAR;HUZUR SOKAK;sokak;484977
KASTAMONU;TAŞKÖPRÜ;ÜSTATLAR;HÜKÜMET CADDE;cadde;255358
KASTAMONU;TAŞKÖPRÜ;ÜSTATLAR;HÜRRİYET CADDE;cadde;255366
KASTAMONU;TAŞKÖPRÜ;ÜSTATLAR;HÜSEYİN ÜLGEN CADDE;cadde;255365
KASTAMONU;TAŞKÖPRÜ;ÜSTATLAR;İLHAM SOKAK;sokak;433339
KASTAMONU;TAŞKÖPRÜ;ÜSTATLAR;İPEK SOKAK;sokak;493320
KASTAMONU;TAŞKÖPRÜ;ÜSTATLAR;KARASAİT SOKAK;sokak;487606
KASTAMONU;TAŞKÖPRÜ;ÜSTATLAR;KIVILCIM SOKAK;sokak;474727
KASTAMONU;TAŞKÖPRÜ;ÜSTATLAR;KIZ MEKTEP SOKAK;sokak;255359
KASTAMONU;TAŞKÖPRÜ;ÜSTATLAR;KUMRU SOKAK;sokak;487995
KASTAMONU;TAŞKÖPRÜ;ÜSTATLAR;MUZAFFERETTİN GAZİ CADDE;cadde;255360
KASTAMONU;TAŞKÖPRÜ;ÜSTATLAR;MÜHENDİS MAZHAR SOKAK;sokak;255361
KASTAMONU;TAŞKÖPRÜ;ÜSTATLAR;NAZAR SOKAK;sokak;489402
KASTAMONU;TAŞKÖPRÜ;ÜSTATLAR;SÜLEYMAN DEMİREL CADDE;cadde;1302227
KASTAMONU;TAŞKÖPRÜ;ÜSTATLAR;TATLAR SOKAK;sokak;255362
KASTAMONU;TAŞKÖPRÜ;ÜSTATLAR;TEPE SOKAK;sokak;433338
KASTAMONU;TAŞKÖPRÜ;ÜSTATLAR;TÜRKMENOĞLU CADDE;cadde;255363
KASTAMONU;TAŞKÖPRÜ;VAKIFBELÖREN - HACILAR;HACILAR KÜME EVLER;sokak;495250
KASTAMONU;TAŞKÖPRÜ;VAKIFBELÖREN - MERKEZ;MERKEZ KÜME EVLER;sokak;488651
KASTAMONU;TAŞKÖPRÜ;YAVUÇ - MERKEZ;MERKEZ KÜME EVLER;sokak;496803
KASTAMONU;TAŞKÖPRÜ;YAVUÇKUYUCAĞI - DERECİK;DERECİK KÜME EVLER;sokak;511085
KASTAMONU;TAŞKÖPRÜ;YAVUÇKUYUCAĞI - GÖRPE;GÖRPE KÜME EVLER;sokak;386285
KASTAMONU;TAŞKÖPRÜ;YAVUÇKUYUCAĞI - MENCÜGEZ;MENCÜGEZ KÜME EVLER;sokak;501814
KASTAMONU;TAŞKÖPRÜ;YAVUÇKUYUCAĞI - MERKEZ;MERKEZ KÜME EVLER;sokak;513138
KASTAMONU;TAŞKÖPRÜ;YAVUÇKUYUCAĞI - SARI;SARI KÜME EVLER;sokak;386623
KASTAMONU;TAŞKÖPRÜ;YAVUÇKUYUCAĞI - TOPALAK;TOPALAK KÜME EVLER;sokak;501811
KASTAMONU;TAŞKÖPRÜ;YAZIHAMİT - MERKEZ;MERKEZ KÜME EVLER;sokak;497306
KASTAMONU;TAŞKÖPRÜ;YENİLER - BELENÇAYIR;BELENÇAYIR KÜME EVLER;sokak;485203
KASTAMONU;TAŞKÖPRÜ;YENİLER - KOZLUCA;KOZLUCA KÜME EVLER;sokak;29670
KASTAMONU;TAŞKÖPRÜ;YENİLER - MERKEZ;MERKEZ KÜME EVLER;sokak;29668
KASTAMONU;TAŞKÖPRÜ;YENİLER - YALAK;YALAK KÜME EVLER;sokak;345846
KASTAMONU;TAŞKÖPRÜ;YEŞİLYURT - MERKEZ;MERKEZ KÜME EVLER;sokak;494284
KASTAMONU;TAŞKÖPRÜ;YOĞUNOLUK - HACILAR;HACILAR KÜME EVLER;sokak;479877
KASTAMONU;TAŞKÖPRÜ;YOĞUNOLUK - TENBELLER;TENBELLER KÜME EVLER;sokak;483066
KASTAMONU;TAŞKÖPRÜ;YOĞUNOLUK - TEPE ARKASI;TEPEARASI KÜME EVLER;sokak;491674
KASTAMONU;TAŞKÖPRÜ;YOĞUNOLUK - TOPUZLAR;TOPUZLAR KÜME EVLER;sokak;485185
KASTAMONU;TAŞKÖPRÜ;YOĞUNOLUK - YAĞANLI;YAĞANLI KÜME EVLER;sokak;483058
KASTAMONU;TAŞKÖPRÜ;YUKARIÇAYIRCIK - MERKEZ;MERKEZ KÜME EVLER;sokak;474192
KASTAMONU;TAŞKÖPRÜ;YUKARIEMERCE - ÇARIKLI;ÇARIKLI KÜME EVLER;sokak;492226
KASTAMONU;TAŞKÖPRÜ;YUKARIEMERCE - HAZNEDAR;HAZNEDAR KÜME EVLER;sokak;493175
KASTAMONU;TAŞKÖPRÜ;YUKARIEMERCE - MERKEZ;MERKEZ KÜME EVLER;sokak;483587
KASTAMONU;TAŞKÖPRÜ;YUKARIŞEHİRÖREN - ERSİZLİ;ERSİZLİ KÜME EVLER;sokak;132235
KASTAMONU;TAŞKÖPRÜ;YUKARIŞEHİRÖREN - ESENLER;ESENLER KÜME EVLER;sokak;504640
KASTAMONU;TAŞKÖPRÜ;YUKARIŞEHİRÖREN - MERKEZ;MERKEZ KÜME EVLER;sokak;506015
KASTAMONU;TOSYA;AHMETOĞLU - MERKEZ;MERKEZ KÜME EVLER;sokak;473946
KASTAMONU;TOSYA;AHMETOĞLU - ŞIHLAR;ŞIHLAR KÜME EVLER;sokak;481503
KASTAMONU;TOSYA;AKBÜK - ALUÇ;ALUÇ KÜME EVLER;sokak;534241
KASTAMONU;TOSYA;AKBÜK - ESKİ;ESKİ KÜME EVLER;sokak;35408
KASTAMONU;TOSYA;AKBÜK - MERKEZ;1 SOKAK;sokak;489072
KASTAMONU;TOSYA;AKBÜK - MERKEZ;10 SOKAK;sokak;526275
KASTAMONU;TOSYA;AKBÜK - MERKEZ;11 SOKAK;sokak;526276
KASTAMONU;TOSYA;AKBÜK - MERKEZ;12 SOKAK;sokak;112622
KASTAMONU;TOSYA;AKBÜK - MERKEZ;13 SOKAK;sokak;36423
KASTAMONU;TOSYA;AKBÜK - MERKEZ;14 SOKAK;sokak;526277
KASTAMONU;TOSYA;AKBÜK - MERKEZ;15 SOKAK;sokak;526280
KASTAMONU;TOSYA;AKBÜK - MERKEZ;16 SOKAK;sokak;526282
KASTAMONU;TOSYA;AKBÜK - MERKEZ;17 SOKAK;sokak;526283
KASTAMONU;TOSYA;AKBÜK - MERKEZ;18 SOKAK;sokak;526284
KASTAMONU;TOSYA;AKBÜK - MERKEZ;19 SOKAK;sokak;528750
KASTAMONU;TOSYA;AKBÜK - MERKEZ;2 SOKAK;sokak;526271
KASTAMONU;TOSYA;AKBÜK - MERKEZ;20 SOKAK;sokak;526286
KASTAMONU;TOSYA;AKBÜK - MERKEZ;21 SOKAK;sokak;252682
KASTAMONU;TOSYA;AKBÜK - MERKEZ;22 SOKAK;sokak;252684
KASTAMONU;TOSYA;AKBÜK - MERKEZ;23 SOKAK;sokak;36424
KASTAMONU;TOSYA;AKBÜK - MERKEZ;24 SOKAK;sokak;533437
KASTAMONU;TOSYA;AKBÜK - MERKEZ;25 SOKAK;sokak;526287
KASTAMONU;TOSYA;AKBÜK - MERKEZ;27 SOKAK;sokak;533438
KASTAMONU;TOSYA;AKBÜK - MERKEZ;28 SOKAK;sokak;1488665
KASTAMONU;TOSYA;AKBÜK - MERKEZ;3 SOKAK;sokak;526272
KASTAMONU;TOSYA;AKBÜK - MERKEZ;4 SOKAK;sokak;528740
KASTAMONU;TOSYA;AKBÜK - MERKEZ;5 SOKAK;sokak;526273
KASTAMONU;TOSYA;AKBÜK - MERKEZ;6 SOKAK;sokak;528742
KASTAMONU;TOSYA;AKBÜK - MERKEZ;7. SOKAK;sokak;526274
KASTAMONU;TOSYA;AKBÜK - MERKEZ;8 SOKAK;sokak;528743
KASTAMONU;TOSYA;AKBÜK - MERKEZ;9 SOKAK;sokak;112618
KASTAMONU;TOSYA;AKBÜK - YEŞİLOVA;YEŞİLOVA KÜME EVLER;sokak;530710
KASTAMONU;TOSYA;AKSEKİ - ECEOĞLU;ECEOĞLU KÜME EVLER;sokak;489297
KASTAMONU;TOSYA;AKSEKİ - MERKEZ;MERKEZ KÜME EVLER;sokak;482665
KASTAMONU;TOSYA;AŞAĞIBERÇİN - MERKEZ;MERKEZ KÜME EVLER;sokak;476271
KASTAMONU;TOSYA;AŞAĞIBERÇİN - UZUNYAZI;UZUNYAZI KÜME EVLER;sokak;481238
KASTAMONU;TOSYA;AŞAĞIDİKMEN - ESKİ;ESKİ KÜME EVLER;sokak;491252
KASTAMONU;TOSYA;AŞAĞIDİKMEN - MERKEZ;MERKEZ KÜME EVLER;sokak;479568
KASTAMONU;TOSYA;AŞAĞIKAYI - ÇAY;ÇAY KÜME EVLER;sokak;90582
KASTAMONU;TOSYA;AŞAĞIKAYI - KIZILÖZ;KIZILÖZ KÜME EVLER;sokak;530934
KASTAMONU;TOSYA;AŞAĞIKAYI - MEZARLIK;MEZARLIK KÜME EVLER;sokak;522833
KASTAMONU;TOSYA;AŞAĞIKAYI - OVA;OVA KÜME EVLER;sokak;529386
KASTAMONU;TOSYA;AŞAĞIKAYI - ÖZLEN;ÖZLEN KÜME EVLER;sokak;525675
KASTAMONU;TOSYA;AŞAĞIKAYI - TEPE;TEPE KÜME EVLER;sokak;376778
KASTAMONU;TOSYA;BAHÇELİEVLER;100.YIL CADDE;cadde;255393
KASTAMONU;TOSYA;BAHÇELİEVLER;7001 SOKAK;sokak;788457161
KASTAMONU;TOSYA;BAHÇELİEVLER;7002 CADDE;cadde;769269480
KASTAMONU;TOSYA;BAHÇELİEVLER;7003 SOKAK;sokak;336319460
KASTAMONU;TOSYA;BAHÇELİEVLER;7004 SOKAK;sokak;937453471
KASTAMONU;TOSYA;BAHÇELİEVLER;7005 SOKAK;sokak;765542371
KASTAMONU;TOSYA;BAHÇELİEVLER;7006 SOKAK;sokak;233987461
KASTAMONU;TOSYA;BAHÇELİEVLER;7007 SOKAK;sokak;619233631
KASTAMONU;TOSYA;BAHÇELİEVLER;7008 SOKAK;sokak;402554240
KASTAMONU;TOSYA;BAHÇELİEVLER;7009 SOKAK;sokak;172911700
KASTAMONU;TOSYA;BAHÇELİEVLER;7010 SOKAK;sokak;139620480
KASTAMONU;TOSYA;BAHÇELİEVLER;7011 SOKAK;sokak;880000211
KASTAMONU;TOSYA;BAHÇELİEVLER;7012 SOKAK;sokak;331831870
KASTAMONU;TOSYA;BAHÇELİEVLER;7013 SOKAK;sokak;730746921
KASTAMONU;TOSYA;BAHÇELİEVLER;7014 SOKAK;sokak;723627340
KASTAMONU;TOSYA;BAHÇELİEVLER;7015 SOKAK;sokak;758312970
KASTAMONU;TOSYA;BAHÇELİEVLER;7016 SOKAK;sokak;209687490
KASTAMONU;TOSYA;BAHÇELİEVLER;7017 SOKAK;sokak;300601980
KASTAMONU;TOSYA;BAHÇELİEVLER;7018 SOKAK;sokak;660132281
KASTAMONU;TOSYA;BAHÇELİEVLER;7019 SOKAK;sokak;651025270
KASTAMONU;TOSYA;BAHÇELİEVLER;7020 SOKAK;sokak;505987471
KASTAMONU;TOSYA;BAHÇELİEVLER;7021 SOKAK;sokak;706562361
KASTAMONU;TOSYA;BAHÇELİEVLER;7022 SOKAK;sokak;715951930
KASTAMONU;TOSYA;BAHÇELİEVLER;7023 SOKAK;sokak;456384000
KASTAMONU;TOSYA;BAHÇELİEVLER;7024 SOKAK;sokak;905529440
KASTAMONU;TOSYA;BAHÇELİEVLER;7025 SOKAK;sokak;220126941
KASTAMONU;TOSYA;BAHÇELİEVLER;7026 SOKAK;sokak;795658911
KASTAMONU;TOSYA;BAHÇELİEVLER;7027 SOKAK;sokak;274041691
KASTAMONU;TOSYA;BAHÇELİEVLER;7028 SOKAK;sokak;703313011
KASTAMONU;TOSYA;BAHÇELİEVLER;7029 SOKAK;sokak;392464000
KASTAMONU;TOSYA;BAHÇELİEVLER;7030 SOKAK;sokak;664909471
KASTAMONU;TOSYA;BAHÇELİEVLER;7031 SOKAK;sokak;129899191
KASTAMONU;TOSYA;BAHÇELİEVLER;7032 SOKAK;sokak;200279260
KASTAMONU;TOSYA;BAHÇELİEVLER;7033 SOKAK;sokak;253202270
KASTAMONU;TOSYA;BAHÇELİEVLER;7034 SOKAK;sokak;861077031
KASTAMONU;TOSYA;BAHÇELİEVLER;7035 SOKAK;sokak;388133900
KASTAMONU;TOSYA;BAHÇELİEVLER;7036 SOKAK;sokak;56426141
KASTAMONU;TOSYA;BAHÇELİEVLER;7037 SOKAK;sokak;817169790
KASTAMONU;TOSYA;BAHÇELİEVLER;7038 SOKAK;sokak;120925081
KASTAMONU;TOSYA;BAHÇELİEVLER;7039 SOKAK;sokak;171343050
KASTAMONU;TOSYA;BAHÇELİEVLER;7040 SOKAK;sokak;498911380
KASTAMONU;TOSYA;BAHÇELİEVLER;7041 SOKAK;sokak;464775011
KASTAMONU;TOSYA;BAHÇELİEVLER;7042 SOKAK;sokak;558421321
KASTAMONU;TOSYA;BAHÇELİEVLER;7043 SOKAK;sokak;316485461
KASTAMONU;TOSYA;BAHÇELİEVLER;7044 SOKAK;sokak;136788001
KASTAMONU;TOSYA;BAHÇELİEVLER;7045 SOKAK;sokak;263180710
KASTAMONU;TOSYA;BAHÇELİEVLER;7046 SOKAK;sokak;476740981
KASTAMONU;TOSYA;BAHÇELİEVLER;7047 SOKAK;sokak;393919580
KASTAMONU;TOSYA;BAHÇELİEVLER;7048 SOKAK;sokak;544794981
KASTAMONU;TOSYA;BAHÇELİEVLER;7049 SOKAK;sokak;459832100
KASTAMONU;TOSYA;BAHÇELİEVLER;7050 SOKAK;sokak;737745800
KASTAMONU;TOSYA;BAHÇELİEVLER;7051 SOKAK;sokak;572068151
KASTAMONU;TOSYA;BAHÇELİEVLER;7052 SOKAK;sokak;762346080
KASTAMONU;TOSYA;BAHÇELİEVLER;7053 SOKAK;sokak;100429
KASTAMONU;TOSYA;BAHÇELİEVLER;7054 SOKAK;sokak;862214540
KASTAMONU;TOSYA;BAHÇELİEVLER;7055 SOKAK;sokak;785975151
KASTAMONU;TOSYA;BAHÇELİEVLER;7056 SOKAK;sokak;725220971
KASTAMONU;TOSYA;BAHÇELİEVLER;7057 SOKAK;sokak;167060040
KASTAMONU;TOSYA;BAHÇELİEVLER;7058 SOKAK;sokak;706205700
KASTAMONU;TOSYA;BAHÇELİEVLER;7059 SOKAK;sokak;212738340
KASTAMONU;TOSYA;BAHÇELİEVLER;7060 SOKAK;sokak;748504961
KASTAMONU;TOSYA;BAHÇELİEVLER;7061 SOKAK;sokak;753838440
KASTAMONU;TOSYA;BAHÇELİEVLER;7062 SOKAK;sokak;736194620
KASTAMONU;TOSYA;BAHÇELİEVLER;7063 SOKAK;sokak;137245051
KASTAMONU;TOSYA;BAHÇELİEVLER;7064 SOKAK;sokak;504910
KASTAMONU;TOSYA;BAHÇELİEVLER;7065 SOKAK;sokak;568592670
KASTAMONU;TOSYA;BAHÇELİEVLER;7066 SOKAK;sokak;616295981
KASTAMONU;TOSYA;BAHÇELİEVLER;7067 SOKAK;sokak;923831321
KASTAMONU;TOSYA;BAHÇELİEVLER;7068 SOKAK;sokak;516427831
KASTAMONU;TOSYA;BAHÇELİEVLER;7069 SOKAK;sokak;871100520
KASTAMONU;TOSYA;BAHÇELİEVLER;7070 SOKAK;sokak;608042260
KASTAMONU;TOSYA;BAHÇELİEVLER;7071 SOKAK;sokak;465035790
KASTAMONU;TOSYA;BAHÇELİEVLER;7072 SOKAK;sokak;624601831
KASTAMONU;TOSYA;BAHÇELİEVLER;7073 SOKAK;sokak;580818520
KASTAMONU;TOSYA;BAHÇELİEVLER;7074 SOKAK;sokak;581379021
KASTAMONU;TOSYA;BAHÇELİEVLER;7075 SOKAK;sokak;987037540
KASTAMONU;TOSYA;BAHÇELİEVLER;7077 SOKAK;sokak;496063790
KASTAMONU;TOSYA;BAHÇELİEVLER;ADALET SOKAK;sokak;255394
KASTAMONU;TOSYA;BAHÇELİEVLER;AĞAOĞLU CADDE;cadde;255399
KASTAMONU;TOSYA;BAHÇELİEVLER;AKINCILAR SOKAK;sokak;386581
KASTAMONU;TOSYA;BAHÇELİEVLER;AKŞEMSETTİN SOKAK;sokak;255395
KASTAMONU;TOSYA;BAHÇELİEVLER;ALEV SOKAK;sokak;255396
KASTAMONU;TOSYA;BAHÇELİEVLER;ALPEREN SOKAK;sokak;255397
KASTAMONU;TOSYA;BAHÇELİEVLER;ASLIHAN SOKAK;sokak;255423
KASTAMONU;TOSYA;BAHÇELİEVLER;AŞAĞI TEKKE SOKAK;sokak;255400
KASTAMONU;TOSYA;BAHÇELİEVLER;ATATÜRK CADDE;cadde;433344
KASTAMONU;TOSYA;BAHÇELİEVLER;ATEŞ SOKAK;sokak;100430
KASTAMONU;TOSYA;BAHÇELİEVLER;AYAN SOKAK;sokak;509280
KASTAMONU;TOSYA;BAHÇELİEVLER;AYBÜKE SOKAK;sokak;255398
KASTAMONU;TOSYA;BAHÇELİEVLER;BAHAR SOKAK;sokak;255378
KASTAMONU;TOSYA;BAHÇELİEVLER;BAYRAK SOKAK;sokak;255401
KASTAMONU;TOSYA;BAHÇELİEVLER;BETÜL SOKAK;sokak;255402
KASTAMONU;TOSYA;BAHÇELİEVLER;BOYNER CAMİİ SOKAK;sokak;255463
KASTAMONU;TOSYA;BAHÇELİEVLER;BUĞDAY SOKAK;sokak;877699
KASTAMONU;TOSYA;BAHÇELİEVLER;BUHARA SOKAK;sokak;433345
KASTAMONU;TOSYA;BAHÇELİEVLER;BURCU SOKAK;sokak;255403
KASTAMONU;TOSYA;BAHÇELİEVLER;BURÇ SOKAK;sokak;504902
KASTAMONU;TOSYA;BAHÇELİEVLER;CANAN SOKAK;sokak;386580
KASTAMONU;TOSYA;BAHÇELİEVLER;CİHAN SOKAK;sokak;255404
KASTAMONU;TOSYA;BAHÇELİEVLER;CÜMLE SOKAK;sokak;379732780
KASTAMONU;TOSYA;BAHÇELİEVLER;ÇAYBAŞI CADDE;cadde;509283
KASTAMONU;TOSYA;BAHÇELİEVLER;DEVA SOKAK;sokak;411690381
KASTAMONU;TOSYA;BAHÇELİEVLER;DOĞUKAN SOKAK;sokak;1343305
KASTAMONU;TOSYA;BAHÇELİEVLER;DR. SADIK AHMET SOKAK;sokak;255374
KASTAMONU;TOSYA;BAHÇELİEVLER;DR.FAZIL KÜÇÜK CADDE;cadde;255405
KASTAMONU;TOSYA;BAHÇELİEVLER;ELBİSTAN SOKAK;sokak;255421
KASTAMONU;TOSYA;BAHÇELİEVLER;EMEKTAR SOKAK;sokak;1203225
KASTAMONU;TOSYA;BAHÇELİEVLER;ERDOĞAN SOKAK;sokak;100431
KASTAMONU;TOSYA;BAHÇELİEVLER;ESER SOKAK;sokak;831248
KASTAMONU;TOSYA;BAHÇELİEVLER;EYLÜL SOKAK;sokak;255422
KASTAMONU;TOSYA;BAHÇELİEVLER;FEVZİ ÇAKMAK CADDE;cadde;255406
KASTAMONU;TOSYA;BAHÇELİEVLER;GAZİ FIRAT ZORBA CADDE;cadde;255381
KASTAMONU;TOSYA;BAHÇELİEVLER;GAZİPAŞA SOKAK;sokak;255407
KASTAMONU;TOSYA;BAHÇELİEVLER;GİRNE SOKAK;sokak;504908
KASTAMONU;TOSYA;BAHÇELİEVLER;GÖKTÜRK SOKAK;sokak;433346
KASTAMONU;TOSYA;BAHÇELİEVLER;GÜL GAZİ SOKAK;sokak;818764
KASTAMONU;TOSYA;BAHÇELİEVLER;GÜL SOKAK;sokak;101799
KASTAMONU;TOSYA;BAHÇELİEVLER;GÜLŞEN SOKAK;sokak;386578
KASTAMONU;TOSYA;BAHÇELİEVLER;HACI ARİFBEY SOKAK;sokak;874859
KASTAMONU;TOSYA;BAHÇELİEVLER;HACI BEKTAŞI VELİ CADDE;cadde;255408
KASTAMONU;TOSYA;BAHÇELİEVLER;HAŞMET SOKAK;sokak;703996471
KASTAMONU;TOSYA;BAHÇELİEVLER;HAVACI SOKAK;sokak;504901
KASTAMONU;TOSYA;BAHÇELİEVLER;HAZAN SOKAK;sokak;255420
KASTAMONU;TOSYA;BAHÇELİEVLER;HİLAL SOKAK;sokak;255410
KASTAMONU;TOSYA;BAHÇELİEVLER;HOCA AHMET YESEVİ CADDE;cadde;255409
KASTAMONU;TOSYA;BAHÇELİEVLER;HÜNKAR SOKAK;sokak;504904
KASTAMONU;TOSYA;BAHÇELİEVLER;İNCESU SOKAK;sokak;255387
KASTAMONU;TOSYA;BAHÇELİEVLER;İPEK SOKAK;sokak;255424
KASTAMONU;TOSYA;BAHÇELİEVLER;İSA YUSUF ALPTEKİN CADDE;cadde;255388
KASTAMONU;TOSYA;BAHÇELİEVLER;KADER SOKAK;sokak;433347
KASTAMONU;TOSYA;BAHÇELİEVLER;KARAKAŞ SOKAK;sokak;255411
KASTAMONU;TOSYA;BAHÇELİEVLER;KARDELEN SOKAK;sokak;255412
KASTAMONU;TOSYA;BAHÇELİEVLER;KAZASKER İZZET EFENDİ SOKAK;sokak;255413
KASTAMONU;TOSYA;BAHÇELİEVLER;KERVAN SOKAK;sokak;255425
KASTAMONU;TOSYA;BAHÇELİEVLER;KIBRIS SOKAK;sokak;255414
KASTAMONU;TOSYA;BAHÇELİEVLER;KOCA RAGIP PAŞA CADDE;cadde;255415
KASTAMONU;TOSYA;BAHÇELİEVLER;KOCATEPE SOKAK;sokak;504905
KASTAMONU;TOSYA;BAHÇELİEVLER;KUTLUBEY SOKAK;sokak;509282
KASTAMONU;TOSYA;BAHÇELİEVLER;KÜLTÜR SOKAK;sokak;865830850
KASTAMONU;TOSYA;BAHÇELİEVLER;KÜRŞAT SOKAK;sokak;255416
KASTAMONU;TOSYA;BAHÇELİEVLER;MEHMET AKİF ERSOY CADDE;cadde;433348
KASTAMONU;TOSYA;BAHÇELİEVLER;MEHMET SARI ASLAN SOKAK;sokak;255417
KASTAMONU;TOSYA;BAHÇELİEVLER;MERAM SOKAK;sokak;1403051
KASTAMONU;TOSYA;BAHÇELİEVLER;METİN YÜKSEL KARAKAŞ CADDE;cadde;255389
KASTAMONU;TOSYA;BAHÇELİEVLER;MEZARLIK ALTI SOKAK;sokak;255418
KASTAMONU;TOSYA;BAHÇELİEVLER;MOHAÇ SOKAK;sokak;255370
KASTAMONU;TOSYA;BAHÇELİEVLER;MOLLA HÜSREV SOKAK;sokak;509277
KASTAMONU;TOSYA;BAHÇELİEVLER;MUTLU SOKAK;sokak;765212
KASTAMONU;TOSYA;BAHÇELİEVLER;NARİN SOKAK;sokak;386586
KASTAMONU;TOSYA;BAHÇELİEVLER;NECİP FAZIL KISA KÜREK CADDE;cadde;859133
KASTAMONU;TOSYA;BAHÇELİEVLER;NİHAN SOKAK;sokak;995946
KASTAMONU;TOSYA;BAHÇELİEVLER;ORKİDE SOKAK;sokak;509279
KASTAMONU;TOSYA;BAHÇELİEVLER;ORTAYOL CADDE;cadde;876956490
KASTAMONU;TOSYA;BAHÇELİEVLER;ORUÇ REİS SOKAK;sokak;433340
KASTAMONU;TOSYA;BAHÇELİEVLER;OSMANLI CADDE;cadde;255371
KASTAMONU;TOSYA;BAHÇELİEVLER;ÖMÜR SOKAK;sokak;504907
KASTAMONU;TOSYA;BAHÇELİEVLER;ÖTÜGEN SOKAK;sokak;255384
KASTAMONU;TOSYA;BAHÇELİEVLER;ÖZTÜRK SOKAK;sokak;504913
KASTAMONU;TOSYA;BAHÇELİEVLER;PİRİPAŞA SOKAK;sokak;255372
KASTAMONU;TOSYA;BAHÇELİEVLER;PLEVNE SOKAK;sokak;334106710
KASTAMONU;TOSYA;BAHÇELİEVLER;PROF DR. ALİ BARDAKOĞLU 1 SOKAK;sokak;821541130
KASTAMONU;TOSYA;BAHÇELİEVLER;PROF.DR.ALİ BARDAKOĞLU CADDE;cadde;386587
KASTAMONU;TOSYA;BAHÇELİEVLER;RAUF DENKTAŞ CADDE;cadde;255373
KASTAMONU;TOSYA;BAHÇELİEVLER;SAKA SOKAK;sokak;169275351
KASTAMONU;TOSYA;BAHÇELİEVLER;SAYAN SOKAK;sokak;255375
KASTAMONU;TOSYA;BAHÇELİEVLER;SEFABEY CADDE;cadde;255376
KASTAMONU;TOSYA;BAHÇELİEVLER;SELAKIRI SOKAK;sokak;433341
KASTAMONU;TOSYA;BAHÇELİEVLER;SEMERKENT SOKAK;sokak;255377
KASTAMONU;TOSYA;BAHÇELİEVLER;SEYİD AHMET ARVASİ SOKAK;sokak;379854
KASTAMONU;TOSYA;BAHÇELİEVLER;SEYRAN SOKAK;sokak;386584
KASTAMONU;TOSYA;BAHÇELİEVLER;SİMSAR SOKAK;sokak;433349
KASTAMONU;TOSYA;BAHÇELİEVLER;SONER SOKAK;sokak;509273
KASTAMONU;TOSYA;BAHÇELİEVLER;ŞABAN YELKEN SOKAK;sokak;919143820
KASTAMONU;TOSYA;BAHÇELİEVLER;ŞEHİT AHMET ARVESİ- SOKAK;sokak;433343
KASTAMONU;TOSYA;BAHÇELİEVLER;ŞEVKAT SOKAK;sokak;504903
KASTAMONU;TOSYA;BAHÇELİEVLER;ŞHT.HİLMİ ŞEKERCİ CADDE;cadde;255390
KASTAMONU;TOSYA;BAHÇELİEVLER;ŞHT.İSMAİL DALIKIRIK SOKAK;sokak;255392
KASTAMONU;TOSYA;BAHÇELİEVLER;ŞHT.TEĞMEN YAVUZ ERACAR 1 SOKAK;sokak;897959180
KASTAMONU;TOSYA;BAHÇELİEVLER;ŞHT.TEĞMEN YAVUZ ERACAR CADDE;cadde;255391
KASTAMONU;TOSYA;BAHÇELİEVLER;TEVFİK BEY SOKAK;sokak;255379
KASTAMONU;TOSYA;BAHÇELİEVLER;TEVFİKBEY SOKAK;sokak;349481741
KASTAMONU;TOSYA;BAHÇELİEVLER;TUBA SOKAK;sokak;255380
KASTAMONU;TOSYA;BAHÇELİEVLER;TURGUT REİS SOKAK;sokak;569073
KASTAMONU;TOSYA;BAHÇELİEVLER;TÜRKİSTAN SOKAK;sokak;255382
KASTAMONU;TOSYA;BAHÇELİEVLER;TÜRKMEN SOKAK;sokak;360130
KASTAMONU;TOSYA;BAHÇELİEVLER;ÜÇDEĞİRMEN 7 SOKAK;sokak;863235990
KASTAMONU;TOSYA;BAHÇELİEVLER;ÜÇDEĞİRMEN SOKAK;sokak;255386
KASTAMONU;TOSYA;BAHÇELİEVLER;ÜLKÜ SOKAK;sokak;255385
KASTAMONU;TOSYA;BAHÇELİEVLER;VALİ AYDIN ARSLAN CADDE;cadde;255383
KASTAMONU;TOSYA;BAHÇELİEVLER;VEZİR SOKAK;sokak;386583
KASTAMONU;TOSYA;BAHÇELİEVLER;VURAL SOKAK;sokak;386576
KASTAMONU;TOSYA;BAHÇELİEVLER;YAKUT SOKAK;sokak;504909
KASTAMONU;TOSYA;BAHÇELİEVLER;YANARDAĞ SOKAK;sokak;504912
KASTAMONU;TOSYA;BAHÇELİEVLER;YAŞAR ÖZCİLVEZ SOKAK;sokak;433342
KASTAMONU;TOSYA;BAHÇELİEVLER;YILDIRIM SOKAK;sokak;255419
KASTAMONU;TOSYA;BAHÇELİEVLER;YUMURCAK SOKAK;sokak;714906
KASTAMONU;TOSYA;BAYAT - MANASTIR;MANASTIR KÜME EVLER;sokak;523201
KASTAMONU;TOSYA;BAYAT - MERKEZ;MERKEZ KÜME EVLER;sokak;532883
KASTAMONU;TOSYA;BAYAT - TAŞKAYNAR;TAŞKAYNAR KÜME EVLER;sokak;525240
KASTAMONU;TOSYA;BÜRNÜK - AŞAĞI GÜNEY;AŞAĞI GÜNEY KÜME EVLER;sokak;256236
KASTAMONU;TOSYA;BÜRNÜK - SİTE;SİTE KÜME EVLER;sokak;541788
KASTAMONU;TOSYA;BÜRNÜK - SİVAR;SİVAR KÜME EVLER;sokak;539377
KASTAMONU;TOSYA;BÜRNÜK - YUKARI GÜNEY;YUKARI GÜNEY KÜME EVLER;sokak;481330
KASTAMONU;TOSYA;CAMİATİK;9001 SOKAK;sokak;424395621
KASTAMONU;TOSYA;CAMİATİK;9002 SOKAK;sokak;580260631
KASTAMONU;TOSYA;CAMİATİK;9003 SOKAK;sokak;612796340
KASTAMONU;TOSYA;CAMİATİK;9004 SOKAK;sokak;687848751
KASTAMONU;TOSYA;CAMİATİK;9005 SOKAK;sokak;844976501
KASTAMONU;TOSYA;CAMİATİK;ABACI SOKAK;sokak;255426
KASTAMONU;TOSYA;CAMİATİK;AFAT ÇEŞME SOKAK;sokak;256689
KASTAMONU;TOSYA;CAMİATİK;BARDAKOĞLU CAMİİ SOKAK;sokak;433350
KASTAMONU;TOSYA;CAMİATİK;ÇİFTÇİ SOKAK;sokak;256694
KASTAMONU;TOSYA;CAMİATİK;HÜKÜMET CADDE;cadde;256690
KASTAMONU;TOSYA;CAMİATİK;İZZET PAŞA SOKAK;sokak;256695
KASTAMONU;TOSYA;CAMİATİK;MİTHATPAŞA SOKAK;sokak;256691
KASTAMONU;TOSYA;CAMİATİK;MUMCU ÇEŞME SOKAK;sokak;360131
KASTAMONU;TOSYA;CAMİATİK;ÖMER ÇAVUŞ SOKAK;sokak;433352
KASTAMONU;TOSYA;CAMİATİK;REŞİT PAŞA SOKAK;sokak;256692
KASTAMONU;TOSYA;CAMİATİK;TAŞÇEŞME SOKAK;sokak;433351
KASTAMONU;TOSYA;CAMİATİK;ULUCAMİİ SOKAK;sokak;256693
KASTAMONU;TOSYA;CAMİATİK;ZİYA PAŞA SOKAK;sokak;473771
KASTAMONU;TOSYA;CUMHURİYET;100.YIL CADDE;cadde;433355
KASTAMONU;TOSYA;CUMHURİYET;7501 SOKAK;sokak;487858511
KASTAMONU;TOSYA;CUMHURİYET;7502 SOKAK;sokak;363783470
KASTAMONU;TOSYA;CUMHURİYET;7503 SOKAK;sokak;747115991
KASTAMONU;TOSYA;CUMHURİYET;7504 SOKAK;sokak;750401051
KASTAMONU;TOSYA;CUMHURİYET;7505 SOKAK;sokak;707585030
KASTAMONU;TOSYA;CUMHURİYET;7506 SOKAK;sokak;904987000
KASTAMONU;TOSYA;CUMHURİYET;7507 SOKAK;sokak;612857481
KASTAMONU;TOSYA;CUMHURİYET;7508 SOKAK;sokak;528824040
KASTAMONU;TOSYA;CUMHURİYET;7509 SOKAK;sokak;275646320
KASTAMONU;TOSYA;CUMHURİYET;7510 SOKAK;sokak;103309000
KASTAMONU;TOSYA;CUMHURİYET;7511 SOKAK;sokak;465697520
KASTAMONU;TOSYA;CUMHURİYET;7512 SOKAK;sokak;586999191
KASTAMONU;TOSYA;CUMHURİYET;7513 SOKAK;sokak;820214941
KASTAMONU;TOSYA;CUMHURİYET;7514 SOKAK;sokak;438099
KASTAMONU;TOSYA;CUMHURİYET;7515 SOKAK;sokak;272542181
KASTAMONU;TOSYA;CUMHURİYET;7516 SOKAK;sokak;783683211
KASTAMONU;TOSYA;CUMHURİYET;7517 SOKAK;sokak;373635200
KASTAMONU;TOSYA;CUMHURİYET;7518 SOKAK;sokak;592253420
KASTAMONU;TOSYA;CUMHURİYET;7519 SOKAK;sokak;605791900
KASTAMONU;TOSYA;CUMHURİYET;7520 SOKAK;sokak;335114031
KASTAMONU;TOSYA;CUMHURİYET;7521 SOKAK;sokak;735776861
KASTAMONU;TOSYA;CUMHURİYET;7522 SOKAK;sokak;287492400
KASTAMONU;TOSYA;CUMHURİYET;7523 SOKAK;sokak;715212071
KASTAMONU;TOSYA;CUMHURİYET;7524 SOKAK;sokak;939267491
KASTAMONU;TOSYA;CUMHURİYET;7525 SOKAK;sokak;556228150
KASTAMONU;TOSYA;CUMHURİYET;7526 SOKAK;sokak;524092811
KASTAMONU;TOSYA;CUMHURİYET;7527 SOKAK;sokak;247185791
KASTAMONU;TOSYA;CUMHURİYET;7528 SOKAK;sokak;293821650
KASTAMONU;TOSYA;CUMHURİYET;7529 SOKAK;sokak;567971111
KASTAMONU;TOSYA;CUMHURİYET;7530 SOKAK;sokak;616194251
KASTAMONU;TOSYA;CUMHURİYET;7531 SOKAK;sokak;459138371
KASTAMONU;TOSYA;CUMHURİYET;7532 SOKAK;sokak;935046111
KASTAMONU;TOSYA;CUMHURİYET;7533 SOKAK;sokak;255464
KASTAMONU;TOSYA;CUMHURİYET;7534 SOKAK;sokak;230773731
KASTAMONU;TOSYA;CUMHURİYET;7535 SOKAK;sokak;397668601
KASTAMONU;TOSYA;CUMHURİYET;7536 SOKAK;sokak;685924840
KASTAMONU;TOSYA;CUMHURİYET;7537 SOKAK;sokak;354209830
KASTAMONU;TOSYA;CUMHURİYET;7538 SOKAK;sokak;255477
KASTAMONU;TOSYA;CUMHURİYET;7539 SOKAK;sokak;395251751
KASTAMONU;TOSYA;CUMHURİYET;7540 SOKAK;sokak;692846361
KASTAMONU;TOSYA;CUMHURİYET;7541 SOKAK;sokak;480615430
KASTAMONU;TOSYA;CUMHURİYET;7542 SOKAK;sokak;375488150
KASTAMONU;TOSYA;CUMHURİYET;7543 SOKAK;sokak;499367431
KASTAMONU;TOSYA;CUMHURİYET;7544 SOKAK;sokak;814886030
KASTAMONU;TOSYA;CUMHURİYET;7545 SOKAK;sokak;139395251
KASTAMONU;TOSYA;CUMHURİYET;7546 SOKAK;sokak;673792971
KASTAMONU;TOSYA;CUMHURİYET;7547 SOKAK;sokak;746462660
KASTAMONU;TOSYA;CUMHURİYET;7548 SOKAK;sokak;448448921
KASTAMONU;TOSYA;CUMHURİYET;7549 SOKAK;sokak;443425330
KASTAMONU;TOSYA;CUMHURİYET;7550 SOKAK;sokak;764756231
KASTAMONU;TOSYA;CUMHURİYET;7551 SOKAK;sokak;422712470
KASTAMONU;TOSYA;CUMHURİYET;7552 SOKAK;sokak;730165030
KASTAMONU;TOSYA;CUMHURİYET;7553 SOKAK;sokak;701023061
KASTAMONU;TOSYA;CUMHURİYET;7554 SOKAK;sokak;198898561
KASTAMONU;TOSYA;CUMHURİYET;7555 SOKAK;sokak;171506241
KASTAMONU;TOSYA;CUMHURİYET;7556 SOKAK;sokak;169191440
KASTAMONU;TOSYA;CUMHURİYET;7557 SOKAK;sokak;454367301
KASTAMONU;TOSYA;CUMHURİYET;7558 SOKAK;sokak;161541220
KASTAMONU;TOSYA;CUMHURİYET;7559 SOKAK;sokak;103566320
KASTAMONU;TOSYA;CUMHURİYET;7560 SOKAK;sokak;656165420
KASTAMONU;TOSYA;CUMHURİYET;7561 SOKAK;sokak;658300770
KASTAMONU;TOSYA;CUMHURİYET;7562 SOKAK;sokak;546409250
KASTAMONU;TOSYA;CUMHURİYET;7563 SOKAK;sokak;845540620
KASTAMONU;TOSYA;CUMHURİYET;7564 SOKAK;sokak;423752610
KASTAMONU;TOSYA;CUMHURİYET;7565 SOKAK;sokak;398708520
KASTAMONU;TOSYA;CUMHURİYET;7566 SOKAK;sokak;720277581
KASTAMONU;TOSYA;CUMHURİYET;7567 SOKAK;sokak;914860351
KASTAMONU;TOSYA;CUMHURİYET;7568 SOKAK;sokak;571800771
KASTAMONU;TOSYA;CUMHURİYET;7569 SOKAK;sokak;914629520
KASTAMONU;TOSYA;CUMHURİYET;7570 SOKAK;sokak;468353361
KASTAMONU;TOSYA;CUMHURİYET;7571 SOKAK;sokak;935583440
KASTAMONU;TOSYA;CUMHURİYET;7572 SOKAK;sokak;400251401
KASTAMONU;TOSYA;CUMHURİYET;7573 SOKAK;sokak;498690011
KASTAMONU;TOSYA;CUMHURİYET;7574 SOKAK;sokak;874875671
KASTAMONU;TOSYA;CUMHURİYET;7575 SOKAK;sokak;558907191
KASTAMONU;TOSYA;CUMHURİYET;7576 SOKAK;sokak;480207881
KASTAMONU;TOSYA;CUMHURİYET;7577 SOKAK;sokak;873321511
KASTAMONU;TOSYA;CUMHURİYET;7578 SOKAK;sokak;861163730
KASTAMONU;TOSYA;CUMHURİYET;7579 SOKAK;sokak;887529511
KASTAMONU;TOSYA;CUMHURİYET;7580 SOKAK;sokak;440190160
KASTAMONU;TOSYA;CUMHURİYET;7581 SOKAK;sokak;426813610
KASTAMONU;TOSYA;CUMHURİYET;AĞIR SANAYİİ SOKAK;sokak;433356
KASTAMONU;TOSYA;CUMHURİYET;AKMEZAR CADDE;cadde;360134
KASTAMONU;TOSYA;CUMHURİYET;AKSU SOKAK;sokak;503882
KASTAMONU;TOSYA;CUMHURİYET;ASLANLI SOKAK;sokak;503886
KASTAMONU;TOSYA;CUMHURİYET;AŞAĞIPINAR SOKAK;sokak;656026660
KASTAMONU;TOSYA;CUMHURİYET;ATATÜRK CADDE;cadde;256703
KASTAMONU;TOSYA;CUMHURİYET;AZİZİYE SOKAK;sokak;256704
KASTAMONU;TOSYA;CUMHURİYET;BATUHAN SOKAK;sokak;255462
KASTAMONU;TOSYA;CUMHURİYET;BAYIR SOKAK;sokak;503881
KASTAMONU;TOSYA;CUMHURİYET;BÜLBÜL SOKAK;sokak;877624
KASTAMONU;TOSYA;CUMHURİYET;CİHANGİR SOKAK;sokak;503885
KASTAMONU;TOSYA;CUMHURİYET;ÇAĞRI SOKAK;sokak;486088
KASTAMONU;TOSYA;CUMHURİYET;ÇATALBENT SOKAK;sokak;256699
KASTAMONU;TOSYA;CUMHURİYET;ÇERKEZ SOKAK;sokak;360133
KASTAMONU;TOSYA;CUMHURİYET;DEMİRCİLER SOKAK;sokak;255465
KASTAMONU;TOSYA;CUMHURİYET;DERE SOKAK;sokak;503063
KASTAMONU;TOSYA;CUMHURİYET;DERİNGÖZ SOKAK;sokak;880615
KASTAMONU;TOSYA;CUMHURİYET;DİKMEN SOKAK;sokak;503383
KASTAMONU;TOSYA;CUMHURİYET;DOĞAN SOKAK;sokak;255466
KASTAMONU;TOSYA;CUMHURİYET;DÖRTOCAK SOKAK;sokak;250539270
KASTAMONU;TOSYA;CUMHURİYET;EMEK SOKAK;sokak;255467
KASTAMONU;TOSYA;CUMHURİYET;EMİRLER SOKAK;sokak;255468
KASTAMONU;TOSYA;CUMHURİYET;EMİRŞAH SOKAK;sokak;503883
KASTAMONU;TOSYA;CUMHURİYET;FAZIL BOYNER CADDE;cadde;255469
KASTAMONU;TOSYA;CUMHURİYET;FEVZİ ÇAKMAK 1 SOKAK;sokak;255470
KASTAMONU;TOSYA;CUMHURİYET;FINDIK SOKAK;sokak;255471
KASTAMONU;TOSYA;CUMHURİYET;GANİZADE ÇEŞME 1 SOKAK;sokak;738656690
KASTAMONU;TOSYA;CUMHURİYET;GAZNELİLER CADDE;cadde;255472
KASTAMONU;TOSYA;CUMHURİYET;GÜLBAHAR SOKAK;sokak;255473
KASTAMONU;TOSYA;CUMHURİYET;GÜLBAHÇE SOKAK;sokak;255474
KASTAMONU;TOSYA;CUMHURİYET;HAMAZ ÇIKMAZI SOKAK;sokak;255475
KASTAMONU;TOSYA;CUMHURİYET;HARZEMŞAH SOKAK;sokak;255476
KASTAMONU;TOSYA;CUMHURİYET;HIZARCI SOKAK;sokak;753790160
KASTAMONU;TOSYA;CUMHURİYET;İSMAİL ERGİ SOKAK;sokak;256702
KASTAMONU;TOSYA;CUMHURİYET;KAMELYA SOKAK;sokak;255478
KASTAMONU;TOSYA;CUMHURİYET;KANARYAM SOKAK;sokak;877625
KASTAMONU;TOSYA;CUMHURİYET;KARATAY SOKAK;sokak;255479
KASTAMONU;TOSYA;CUMHURİYET;KAZIM KARABEKİR SOKAK;sokak;255480
KASTAMONU;TOSYA;CUMHURİYET;KESKİN SOKAK;sokak;255481
KASTAMONU;TOSYA;CUMHURİYET;KIZILCIKLI SOKAK;sokak;255482
KASTAMONU;TOSYA;CUMHURİYET;KORE GAZİLERİ SOKAK;sokak;255483
KASTAMONU;TOSYA;CUMHURİYET;KUMLUCA SOKAK;sokak;514610
KASTAMONU;TOSYA;CUMHURİYET;KÜRÜZ SOKAK;sokak;255484
KASTAMONU;TOSYA;CUMHURİYET;MAZLUMLAR CADDE;cadde;809340
KASTAMONU;TOSYA;CUMHURİYET;METAL SANAYİ CADDE;cadde;255485
KASTAMONU;TOSYA;CUMHURİYET;METİN YÜKSEL KARAKAŞ CADDE;cadde;256700
KASTAMONU;TOSYA;CUMHURİYET;MİMAR SİNAN SOKAK;sokak;438100
KASTAMONU;TOSYA;CUMHURİYET;MİTHAT BOYNER SOKAK;sokak;255487
KASTAMONU;TOSYA;CUMHURİYET;MURATLI SOKAK;sokak;255486
KASTAMONU;TOSYA;CUMHURİYET;OĞUZCUK SOKAK;sokak;255490
KASTAMONU;TOSYA;CUMHURİYET;OLGUNLAR SOKAK;sokak;255488
KASTAMONU;TOSYA;CUMHURİYET;ORTA OKUL SOKAK;sokak;255489
KASTAMONU;TOSYA;CUMHURİYET;ORTAYOL CADDE;cadde;438101
KASTAMONU;TOSYA;CUMHURİYET;PİRİNÇÇİLER SOKAK;sokak;932728
KASTAMONU;TOSYA;CUMHURİYET;POSTACILAR SOKAK;sokak;255491
KASTAMONU;TOSYA;CUMHURİYET;PROF DR. ALİ BARDAKOĞLU 1 SOKAK;sokak;821541131
KASTAMONU;TOSYA;CUMHURİYET;PTT SOKAK;sokak;255492
KASTAMONU;TOSYA;CUMHURİYET;RÖMORKCULAR SOKAK;sokak;256696
KASTAMONU;TOSYA;CUMHURİYET;SAKA SOKAK;sokak;360132
KASTAMONU;TOSYA;CUMHURİYET;SELÇUK SOKAK;sokak;256697
KASTAMONU;TOSYA;CUMHURİYET;ŞHT. ÜSTEĞMEN ŞALCI CADDE;cadde;256701
KASTAMONU;TOSYA;CUMHURİYET;ŞİRİN SOKAK;sokak;503384
KASTAMONU;TOSYA;CUMHURİYET;TAŞÇI SOKAK;sokak;433353
KASTAMONU;TOSYA;CUMHURİYET;ÜÇDEĞİRMEN 7 SOKAK;sokak;147176230
KASTAMONU;TOSYA;CUMHURİYET;ÜÇDEĞİRMEN SOKAK;sokak;433354
KASTAMONU;TOSYA;CUMHURİYET;YENİ PAZAR SOKAK;sokak;1099411
KASTAMONU;TOSYA;CUMHURİYET;YENİMAHALLE SOKAK;sokak;256698
KASTAMONU;TOSYA;ÇAKIRLAR - KEPÇELER;KEPÇELER KÜME EVLER;sokak;509699
KASTAMONU;TOSYA;ÇAKIRLAR - KIRAN;KIRAN KÜME EVLER;sokak;391569
KASTAMONU;TOSYA;ÇAKIRLAR - MERKEZ;MERKEZ KÜME EVLER;sokak;488649
KASTAMONU;TOSYA;ÇAKIRLAR - SARSUKLAR;SARSUKLAR KÜME EVLER;sokak;528566
KASTAMONU;TOSYA;ÇAKIRLAR - SAZ DAĞI;SAZDAĞI KÜME EVLER;sokak;489047
KASTAMONU;TOSYA;ÇAKIRLAR - ŞEMSETTİN;ŞEMSETTİN KÜME EVLER;sokak;523824
KASTAMONU;TOSYA;ÇATMA;1001 SOKAK;sokak;407804881
KASTAMONU;TOSYA;ÇATMA;1002 SOKAK;sokak;682568901
KASTAMONU;TOSYA;ÇATMA;1003 SOKAK;sokak;255500
KASTAMONU;TOSYA;ÇATMA;1004 SOKAK;sokak;294956110
KASTAMONU;TOSYA;ÇATMA;1005 SOKAK;sokak;438104
KASTAMONU;TOSYA;ÇATMA;1006 SOKAK;sokak;394341960
KASTAMONU;TOSYA;ÇATMA;1007 SOKAK;sokak;911554730
KASTAMONU;TOSYA;ÇATMA;1008 SOKAK;sokak;255496
KASTAMONU;TOSYA;ÇATMA;AHMET AĞA SOKAK;sokak;438102
KASTAMONU;TOSYA;ÇATMA;AHMETAĞA CAMİİ SOKAK;sokak;255498
KASTAMONU;TOSYA;ÇATMA;AKSOY SOKAK;sokak;484882
KASTAMONU;TOSYA;ÇATMA;ATABEY SOKAK;sokak;255494
KASTAMONU;TOSYA;ÇATMA;ATATÜRK OKULU SOKAK;sokak;438103
KASTAMONU;TOSYA;ÇATMA;BAMYACI SOKAK;sokak;255495
KASTAMONU;TOSYA;ÇATMA;BAYRAKTAR SOKAK;sokak;255497
KASTAMONU;TOSYA;ÇATMA;ÇATALKAYA SOKAK;sokak;255507
KASTAMONU;TOSYA;ÇATMA;EKİNCİOĞLU SOKAK;sokak;438105
KASTAMONU;TOSYA;ÇATMA;HALLAÇ SOKAK;sokak;800856
KASTAMONU;TOSYA;ÇATMA;KALE SOKAK;sokak;255501
KASTAMONU;TOSYA;ÇATMA;KARAMAN SOKAK;sokak;255502
KASTAMONU;TOSYA;ÇATMA;KARANFİL SOKAK;sokak;438106
KASTAMONU;TOSYA;ÇATMA;LALE SOKAK;sokak;255504
KASTAMONU;TOSYA;ÇATMA;MECİT EFENDİ 3 CADDE;cadde;438107
KASTAMONU;TOSYA;ÇATMA;ŞAHİN SOKAK;sokak;948935910
KASTAMONU;TOSYA;ÇATMA;UĞURLU SOKAK;sokak;255505
KASTAMONU;TOSYA;ÇATMA;YAPRAK SOKAK SOKAK;sokak;672460251
KASTAMONU;TOSYA;ÇATMA;YUKARI BEDİR SOKAK;sokak;255506
KASTAMONU;TOSYA;ÇAYBAŞI - CAMİLİ;CAMİLİ KÜME EVLER;sokak;492851
KASTAMONU;TOSYA;ÇAYBAŞI - CAMİLİ YAYLASI;CAMİLİ YAYLASI KÜME EVLER;sokak;505175
KASTAMONU;TOSYA;ÇAYBAŞI - GERENLİ;GERENLİ KÜME EVLER;sokak;507745
KASTAMONU;TOSYA;ÇAYBAŞI - KIRKAÇAK;KIRKAÇAK KÜME EVLER;sokak;502397
KASTAMONU;TOSYA;ÇAYBAŞI - ORTA;ORTA KÜME EVLER;sokak;493201
KASTAMONU;TOSYA;ÇAYBAŞI - ORTA YAYLASI;ORTA YAYLASI KÜME EVLER;sokak;505188
KASTAMONU;TOSYA;ÇAYBAŞI - ŞAHANOĞLU;ŞAHANOĞLU KÜME EVLER;sokak;507759
KASTAMONU;TOSYA;ÇAYKAPI - MERKEZ;MERKEZ KÜME EVLER;sokak;525781
KASTAMONU;TOSYA;ÇELTİKÇİ - CAMİLİ;CAMİLİ KÜME EVLER;sokak;34951
KASTAMONU;TOSYA;ÇELTİKÇİ - MERKEZ;MERKEZ KÜME EVLER;sokak;492139
KASTAMONU;TOSYA;ÇELTİKÇİ - ORTA;ORTA KÜME EVLER;sokak;557937
KASTAMONU;TOSYA;ÇEPNİ - MERKEZ;MERKEZ KÜME EVLER;sokak;21815
KASTAMONU;TOSYA;ÇEPNİ - SAKIZİÇİ;SAKIZİÇİ KÜME EVLER;sokak;30954
KASTAMONU;TOSYA;ÇEVLİK - BEY;BEY KÜME EVLER;sokak;40910
KASTAMONU;TOSYA;ÇEVLİK - MERKEZ;MERKEZ KÜME EVLER;sokak;503865
KASTAMONU;TOSYA;ÇİFTER - MERKEZ;MERKEZ KÜME EVLER;sokak;525871
KASTAMONU;TOSYA;ÇUKURKÖY - MERKEZ;ÇUKURKÖY KÜME EVLER;sokak;92467
KASTAMONU;TOSYA;DAĞARDI - AVŞAR;AVŞAR KÜME EVLER;sokak;529361
KASTAMONU;TOSYA;DAĞARDI - MERKEZ;ÇİFTLİK KÜME EVLER;sokak;272477091
KASTAMONU;TOSYA;DAĞARDI - MERKEZ;MERKEZ KÜME EVLER;sokak;40913
KASTAMONU;TOSYA;DAĞARDI - YENİDAĞARDI;YENİDAĞARDI KÜME EVLER;sokak;1027682
KASTAMONU;TOSYA;DAĞÇATAĞI - MERKEZ;MERKEZ KÜME EVLER;sokak;485753
KASTAMONU;TOSYA;DEDEM - MERKEZ;MERKEZ KÜME EVLER;sokak;483324
KASTAMONU;TOSYA;DERE;2501 SOKAK;sokak;882709701
KASTAMONU;TOSYA;DERE;AKSOY SOKAK;sokak;255508
KASTAMONU;TOSYA;DERE;BAYRAKTAR SOKAK;sokak;584524421
KASTAMONU;TOSYA;DERE;ÇELEBİ SOKAK;sokak;255513
KASTAMONU;TOSYA;DERE;DEĞİRMENCİ SOKAK;sokak;438108
KASTAMONU;TOSYA;DERE;GÜMÜŞ SOKAK;sokak;599919431
KASTAMONU;TOSYA;DERE;HALLAÇ SOKAK;sokak;255510
KASTAMONU;TOSYA;DERE;KARAŞEN SOKAK;sokak;255511
KASTAMONU;TOSYA;DERE;ŞAHİN SOKAK;sokak;473552
KASTAMONU;TOSYA;DERE;YENİ CAMİİ SOKAK;sokak;461694391
KASTAMONU;TOSYA;DERE;YUKARI BEDİR SOKAK;sokak;255512
KASTAMONU;TOSYA;DİLKÜŞA;5501 SOKAK;sokak;633785741
KASTAMONU;TOSYA;DİLKÜŞA;5502 SOKAK;sokak;109319391
KASTAMONU;TOSYA;DİLKÜŞA;5503 SOKAK;sokak;571973861
KASTAMONU;TOSYA;DİLKÜŞA;5504 SOKAK;sokak;255524
KASTAMONU;TOSYA;DİLKÜŞA;5506 SOKAK;sokak;404477810
KASTAMONU;TOSYA;DİLKÜŞA;5507 SOKAK;sokak;476504450
KASTAMONU;TOSYA;DİLKÜŞA;5508 SOKAK;sokak;781064241
KASTAMONU;TOSYA;DİLKÜŞA;5509 SOKAK;sokak;479287421
KASTAMONU;TOSYA;DİLKÜŞA;5510 SOKAK;sokak;255523
KASTAMONU;TOSYA;DİLKÜŞA;5511 SOKAK;sokak;263070171
KASTAMONU;TOSYA;DİLKÜŞA;5512 SOKAK;sokak;205295170
KASTAMONU;TOSYA;DİLKÜŞA;5513 SOKAK;sokak;302249270
KASTAMONU;TOSYA;DİLKÜŞA;5514 SOKAK;sokak;696767081
KASTAMONU;TOSYA;DİLKÜŞA;5515 SOKAK;sokak;392272441
KASTAMONU;TOSYA;DİLKÜŞA;5516 SOKAK;sokak;822771950
KASTAMONU;TOSYA;DİLKÜŞA;5517 SOKAK;sokak;256643011
KASTAMONU;TOSYA;DİLKÜŞA;5518 SOKAK;sokak;247408131
KASTAMONU;TOSYA;DİLKÜŞA;5519 SOKAK;sokak;460674760
KASTAMONU;TOSYA;DİLKÜŞA;5520 SOKAK;sokak;240681321
KASTAMONU;TOSYA;DİLKÜŞA;5521 SOKAK;sokak;104970141
KASTAMONU;TOSYA;DİLKÜŞA;5522 SOKAK;sokak;283508580
KASTAMONU;TOSYA;DİLKÜŞA;5523 SOKAK;sokak;553438911
KASTAMONU;TOSYA;DİLKÜŞA;5524 SOKAK;sokak;845814790
KASTAMONU;TOSYA;DİLKÜŞA;5525 SOKAK;sokak;905724880
KASTAMONU;TOSYA;DİLKÜŞA;5526 SOKAK;sokak;666780791
KASTAMONU;TOSYA;DİLKÜŞA;5527 SOKAK;sokak;884604980
KASTAMONU;TOSYA;DİLKÜŞA;5528 SOKAK;sokak;303042810
KASTAMONU;TOSYA;DİLKÜŞA;5529 SOKAK;sokak;419893100
KASTAMONU;TOSYA;DİLKÜŞA;5530 SOKAK;sokak;530017980
KASTAMONU;TOSYA;DİLKÜŞA;5531 SOKAK;sokak;489638960
KASTAMONU;TOSYA;DİLKÜŞA;5532 SOKAK;sokak;859435121
KASTAMONU;TOSYA;DİLKÜŞA;A.RAŞİT URKAYA SOKAK;sokak;514607
KASTAMONU;TOSYA;DİLKÜŞA;ABİTBEY ÇIKMAZI- SOKAK;sokak;255543
KASTAMONU;TOSYA;DİLKÜŞA;ABİTBEY SOKAK;sokak;255532
KASTAMONU;TOSYA;DİLKÜŞA;AĞACIK ÇEŞME SOKAK;sokak;255535
KASTAMONU;TOSYA;DİLKÜŞA;AHMET AĞA SOKAK;sokak;887456170
KASTAMONU;TOSYA;DİLKÜŞA;ALTAY SOKAK;sokak;438117
KASTAMONU;TOSYA;DİLKÜŞA;ALTINEVLER SOKAK;sokak;331270
KASTAMONU;TOSYA;DİLKÜŞA;AŞAĞIPINAR SOKAK;sokak;255536
KASTAMONU;TOSYA;DİLKÜŞA;ATAK SOKAK;sokak;255534
KASTAMONU;TOSYA;DİLKÜŞA;BAHÇEBAŞI 2 SOKAK;sokak;205724590
KASTAMONU;TOSYA;DİLKÜŞA;BAHÇEBAŞI SOKAK;sokak;250824210
KASTAMONU;TOSYA;DİLKÜŞA;BEZCİ SOKAK;sokak;255541
KASTAMONU;TOSYA;DİLKÜŞA;BİRLİK SOKAK;sokak;504872
KASTAMONU;TOSYA;DİLKÜŞA;BÜLBÜL DERESİ SOKAK;sokak;438121
KASTAMONU;TOSYA;DİLKÜŞA;CENUNİ 2 SOKAK;sokak;551080700
KASTAMONU;TOSYA;DİLKÜŞA;CENUNİ SOKAK;sokak;255544
KASTAMONU;TOSYA;DİLKÜŞA;CEZAYİRLİ SOKAK;sokak;438122
KASTAMONU;TOSYA;DİLKÜŞA;CUMHURİYET MEYDAN;sokak;644047420
KASTAMONU;TOSYA;DİLKÜŞA;ÇANAKKALE ŞEHİTLERİ CADDE;cadde;266056670
KASTAMONU;TOSYA;DİLKÜŞA;DR.NECDET TARSUS SOKAK;sokak;925946
KASTAMONU;TOSYA;DİLKÜŞA;GACIOĞLU ÇIKMAZI SOKAK;sokak;255547
KASTAMONU;TOSYA;DİLKÜŞA;GEMİCİ SOKAK;sokak;438123
KASTAMONU;TOSYA;DİLKÜŞA;GÖNÜL SOKAK;sokak;255548
KASTAMONU;TOSYA;DİLKÜŞA;GÜLŞAH SOKAK;sokak;364765
KASTAMONU;TOSYA;DİLKÜŞA;GÜN IŞIĞI SOKAK;sokak;503879
KASTAMONU;TOSYA;DİLKÜŞA;HASTANE SOKAK;sokak;255550
KASTAMONU;TOSYA;DİLKÜŞA;HUZUR SOKAK;sokak;256821
KASTAMONU;TOSYA;DİLKÜŞA;ILGAZLI HACI AHMET EFENDİ SOKAK;sokak;364766
KASTAMONU;TOSYA;DİLKÜŞA;İMAMI GAZALİ SOKAK;sokak;438114
KASTAMONU;TOSYA;DİLKÜŞA;KALEARKI SOKAK;sokak;256823
KASTAMONU;TOSYA;DİLKÜŞA;KANTARCI SOKAK;sokak;256825
KASTAMONU;TOSYA;DİLKÜŞA;KASTAMONU 19 SOKAK;sokak;233828071
KASTAMONU;TOSYA;DİLKÜŞA;KASTAMONU CADDE;cadde;438126
KASTAMONU;TOSYA;DİLKÜŞA;KELEŞ SOKAK;sokak;257151
KASTAMONU;TOSYA;DİLKÜŞA;MELİKŞAH SOKAK;sokak;257153
KASTAMONU;TOSYA;DİLKÜŞA;MENDERES CADDE;cadde;438128
KASTAMONU;TOSYA;DİLKÜŞA;METİN YÜKSEL KARAKAŞ CADDE;cadde;605341530
KASTAMONU;TOSYA;DİLKÜŞA;NAKİP SOKAK;sokak;364770
KASTAMONU;TOSYA;DİLKÜŞA;NAMIK KEMAL ÇIKMAZI SOKAK;sokak;257158
KASTAMONU;TOSYA;DİLKÜŞA;NAMIK KEMAL SOKAK;sokak;257157
KASTAMONU;TOSYA;DİLKÜŞA;NARLI DERE SOKAK;sokak;514608
KASTAMONU;TOSYA;DİLKÜŞA;NUR SOKAK;sokak;257159
KASTAMONU;TOSYA;DİLKÜŞA;PİLOT SOKAK;sokak;438109
KASTAMONU;TOSYA;DİLKÜŞA;PR DR AYHAN SONGAR SOKAK;sokak;504871
KASTAMONU;TOSYA;DİLKÜŞA;RAHMET SOKAK;sokak;255514
KASTAMONU;TOSYA;DİLKÜŞA;RECEP TAYYİP ERDOĞAN CADDE;cadde;817935
KASTAMONU;TOSYA;DİLKÜŞA;SABIR SOKAK;sokak;255515
KASTAMONU;TOSYA;DİLKÜŞA;SERÇE SOKAK;sokak;255516
KASTAMONU;TOSYA;DİLKÜŞA;SUBAŞI SOKAK;sokak;255530
KASTAMONU;TOSYA;DİLKÜŞA;SUBOYU SOKAK;sokak;255531
KASTAMONU;TOSYA;DİLKÜŞA;ŞEHİT POLİS ERHAN YÜKSEL SOKAK;sokak;903985381
KASTAMONU;TOSYA;DİLKÜŞA;TAC BEY SOKAK;sokak;503880
KASTAMONU;TOSYA;DİLKÜŞA;UYSAL SOKAK;sokak;255520
KASTAMONU;TOSYA;DİLKÜŞA;VELİAĞA SOKAK;sokak;255521
KASTAMONU;TOSYA;DİLKÜŞA;YAPRAK SOKAK SOKAK;sokak;672460250
KASTAMONU;TOSYA;DİLKÜŞA;ZOPTUROĞLU SOKAK;sokak;255522
KASTAMONU;TOSYA;EKİNCİK - MERKEZ;MERKEZ KÜME EVLER;sokak;513306
KASTAMONU;TOSYA;EKİNCİK - MERKEZ;SEDİR SOKAK;sokak;786909141
KASTAMONU;TOSYA;ERMELİK - ERMELİK;ERMELİK KÜME EVLER;sokak;528323
KASTAMONU;TOSYA;ERMELİK - GUZ;GUZ KÜME EVLER;sokak;522822
KASTAMONU;TOSYA;ERMELİK - KAYSER;KAYSER KÜME EVLER;sokak;35452
KASTAMONU;TOSYA;ERMELİK - KİRENLİ;KİRENLİ KÜME EVLER;sokak;526553
KASTAMONU;TOSYA;FEVZİPAŞA;9501 SOKAK;sokak;607739670
KASTAMONU;TOSYA;FEVZİPAŞA;9502 SOKAK;sokak;302621090
KASTAMONU;TOSYA;FEVZİPAŞA;9503 SOKAK;sokak;429777441
KASTAMONU;TOSYA;FEVZİPAŞA;9504 SOKAK;sokak;310501230
KASTAMONU;TOSYA;FEVZİPAŞA;9505 SOKAK;sokak;940889451
KASTAMONU;TOSYA;FEVZİPAŞA;9506 SOKAK;sokak;371760391
KASTAMONU;TOSYA;FEVZİPAŞA;9507 SOKAK;sokak;187101371
KASTAMONU;TOSYA;FEVZİPAŞA;9508 SOKAK;sokak;257165
KASTAMONU;TOSYA;FEVZİPAŞA;9509 SOKAK;sokak;108138140
KASTAMONU;TOSYA;FEVZİPAŞA;BARDAKOĞLU CAMİİ SOKAK;sokak;364771
KASTAMONU;TOSYA;FEVZİPAŞA;HAVUZLU ÇEŞME SOKAK;sokak;257160
KASTAMONU;TOSYA;FEVZİPAŞA;HÜKÜMET CADDE;cadde;257161
KASTAMONU;TOSYA;FEVZİPAŞA;KÜÇÜK ÇAY SOKAK;sokak;427741741
KASTAMONU;TOSYA;FEVZİPAŞA;LAPACI SOKAK;sokak;438131
KASTAMONU;TOSYA;FEVZİPAŞA;MAKARNA ÇIKMAZI SOKAK;sokak;257163
KASTAMONU;TOSYA;FEVZİPAŞA;MAKARNA SOKAK;sokak;257162
KASTAMONU;TOSYA;FEVZİPAŞA;ÖMER ÇAVUŞ SOKAK;sokak;257166
KASTAMONU;TOSYA;FEVZİPAŞA;SİNAN PAŞA SOKAK;sokak;364772
KASTAMONU;TOSYA;FEVZİPAŞA;SOKULLU MEHMET PAŞA SOKAK;sokak;438132
KASTAMONU;TOSYA;FEVZİPAŞA;TAŞÇEŞME SOKAK;sokak;257164
KASTAMONU;TOSYA;GÖKÇEÖZ - ÇOMAKLAR;ÇOMAKLAR KÜME EVLER;sokak;558209
KASTAMONU;TOSYA;GÖKÇEÖZ - ERENLER;ERENLER KÜME EVLER;sokak;522653
KASTAMONU;TOSYA;GÖKÇEÖZ - K.ERENLER;K ERENLER KÜME EVLER;sokak;558226
KASTAMONU;TOSYA;GÖKÇEÖZ - KAYSER;KAYSER KÜME EVLER;sokak;527922
KASTAMONU;TOSYA;GÖKÇEÖZ - MERKEZ;MERKEZ KÜME EVLER;sokak;528512
KASTAMONU;TOSYA;GÖKÇEÖZ - TEKELER;TEKELER KÜME EVLER;sokak;559958
KASTAMONU;TOSYA;GÖKOMUZ - ALAMADAN;ALAMADAN KÜME EVLER;sokak;505180
KASTAMONU;TOSYA;GÖKOMUZ - ESENLER;ESENLER KÜME EVLER;sokak;506935
KASTAMONU;TOSYA;GÖKOMUZ - MERKEZ;MERKEZ KÜME EVLER;sokak;488662
KASTAMONU;TOSYA;GÖKOMUZ - TOPALOĞLU;TOPALOĞLU KÜME EVLER;sokak;499551
KASTAMONU;TOSYA;GÖKOMUZ - YAMUKLAR;YAMUKLAR KÜME EVLER;sokak;506944
KASTAMONU;TOSYA;GÖKOMUZ - YUKARI;YUKARI KÜME EVLER;sokak;489642
KASTAMONU;TOSYA;GÖVRECİK - KURT;KURT KÜME EVLER;sokak;523882
KASTAMONU;TOSYA;GÖVRECİK - MERKEZ;MERKEZ KÜME EVLER;sokak;524942
KASTAMONU;TOSYA;GÖVRECİK - SİNDERLİ;SİNDERLİ KÜME EVLER;sokak;534559
KASTAMONU;TOSYA;GÖVRECİK - UNDUK;UNDUK KÜME EVLER;sokak;35401
KASTAMONU;TOSYA;HACI KEMAL;2001 SOKAK;sokak;227565710
KASTAMONU;TOSYA;HACI KEMAL;ALTUNTAŞ ÇIKMAZI SOKAK;sokak;438133
KASTAMONU;TOSYA;HACI KEMAL;AŞAĞI BEDİR SOKAK;sokak;257167
KASTAMONU;TOSYA;HACI KEMAL;ÇINAR SOKAK;sokak;255141
KASTAMONU;TOSYA;HACI KEMAL;ÇİĞDEM SOKAK;sokak;474627
KASTAMONU;TOSYA;HACI KEMAL;DAĞDEVİREN SOKAK;sokak;638262671
KASTAMONU;TOSYA;HACI KEMAL;GÜMÜŞ SOKAK;sokak;254383
KASTAMONU;TOSYA;HACI KEMAL;HALLAÇ SOKAK;sokak;254384
KASTAMONU;TOSYA;HACI KEMAL;KARABAŞ SOKAK;sokak;254385
KASTAMONU;TOSYA;HACI KEMAL;MUSTANTİK SOKAK;sokak;255139
KASTAMONU;TOSYA;HACI KEMAL;PİRİNÇCİ SOKAK;sokak;535349390
KASTAMONU;TOSYA;HACI KEMAL;ŞERBETÇİ SOKAK;sokak;255143
KASTAMONU;TOSYA;HACI KEMAL;ÜSTÜN SOKAK;sokak;255142
KASTAMONU;TOSYA;HACI KEMAL;YENİ CAMİİ SOKAK;sokak;254386
KASTAMONU;TOSYA;HACI KEMAL;YUKARI BEDİR SOKAK;sokak;255140
KASTAMONU;TOSYA;HACIPİR;8501 SOKAK;sokak;710604871
KASTAMONU;TOSYA;HACIPİR;8502 SOKAK;sokak;113575711
KASTAMONU;TOSYA;HACIPİR;8503 SOKAK;sokak;806104701
KASTAMONU;TOSYA;HACIPİR;8504 SOKAK;sokak;888697140
KASTAMONU;TOSYA;HACIPİR;8505 SOKAK;sokak;484335361
KASTAMONU;TOSYA;HACIPİR;ABACI SOKAK;sokak;255144
KASTAMONU;TOSYA;HACIPİR;CENGİZ TOPEL SOKAK;sokak;255145
KASTAMONU;TOSYA;HACIPİR;ÇİFTÇİ SOKAK;sokak;255159
KASTAMONU;TOSYA;HACIPİR;ÇİNÇİN SOKAK;sokak;441829
KASTAMONU;TOSYA;HACIPİR;ÇOLAKOĞLU ÇIKMAZI SOKAK;sokak;255158
KASTAMONU;TOSYA;HACIPİR;HACI DEDE ÇIKMAZI SOKAK;sokak;255146
KASTAMONU;TOSYA;HACIPİR;HACI KADI CAMİİ SOKAK;sokak;255147
KASTAMONU;TOSYA;HACIPİR;HACIDEDE SOKAK;sokak;255148
KASTAMONU;TOSYA;HACIPİR;HAMZABABA ÇIKMAZI SOKAK;sokak;255150
KASTAMONU;TOSYA;HACIPİR;HAMZABABA SOKAK;sokak;255149
KASTAMONU;TOSYA;HACIPİR;HIZIR REİS SOKAK;sokak;255151
KASTAMONU;TOSYA;HACIPİR;HÜKÜMET CADDE;cadde;255152
KASTAMONU;TOSYA;HACIPİR;KUMRU SOKAK;sokak;726839070
KASTAMONU;TOSYA;HACIPİR;MUMCU ÇEŞME SOKAK;sokak;255153
KASTAMONU;TOSYA;HACIPİR;NAMAZGAH 7 SOKAK;sokak;227487841
KASTAMONU;TOSYA;HACIPİR;NAMAZGAH CADDE;cadde;255154
KASTAMONU;TOSYA;HACIPİR;TAŞÇEŞME SOKAK;sokak;255155
KASTAMONU;TOSYA;HACIPİR;YAVUZ SOKAK;sokak;255156
KASTAMONU;TOSYA;HACIPİR;ZİYA PAŞA SOKAK;sokak;255157
KASTAMONU;TOSYA;HARSAT;1. SOKAK;sokak;255160
KASTAMONU;TOSYA;HARSAT;10. SOKAK;sokak;497961
KASTAMONU;TOSYA;HARSAT;11. SOKAK;sokak;255162
KASTAMONU;TOSYA;HARSAT;12. SOKAK;sokak;441830
KASTAMONU;TOSYA;HARSAT;13. SOKAK;sokak;255163
KASTAMONU;TOSYA;HARSAT;14. SOKAK;sokak;255164
KASTAMONU;TOSYA;HARSAT;15. SOKAK;sokak;255165
KASTAMONU;TOSYA;HARSAT;16. SOKAK;sokak;441831
KASTAMONU;TOSYA;HARSAT;17. SOKAK;sokak;255166
KASTAMONU;TOSYA;HARSAT;18. SOKAK;sokak;255167
KASTAMONU;TOSYA;HARSAT;19. SOKAK;sokak;441832
KASTAMONU;TOSYA;HARSAT;2. SOKAK;sokak;255168
KASTAMONU;TOSYA;HARSAT;20. SOKAK;sokak;441833
KASTAMONU;TOSYA;HARSAT;21. SOKAK;sokak;255171
KASTAMONU;TOSYA;HARSAT;22. SOKAK;sokak;441834
KASTAMONU;TOSYA;HARSAT;23. SOKAK;sokak;255172
KASTAMONU;TOSYA;HARSAT;24. SOKAK;sokak;255173
KASTAMONU;TOSYA;HARSAT;25. SOKAK;sokak;255174
KASTAMONU;TOSYA;HARSAT;26. SOKAK;sokak;441835
KASTAMONU;TOSYA;HARSAT;27. SOKAK;sokak;255175
KASTAMONU;TOSYA;HARSAT;28. SOKAK;sokak;255176
KASTAMONU;TOSYA;HARSAT;29. SOKAK;sokak;441836
KASTAMONU;TOSYA;HARSAT;3. SOKAK;sokak;255177
KASTAMONU;TOSYA;HARSAT;31. SOKAK;sokak;441837
KASTAMONU;TOSYA;HARSAT;33. SOKAK;sokak;255179
KASTAMONU;TOSYA;HARSAT;35. SOKAK;sokak;255180
KASTAMONU;TOSYA;HARSAT;37. SOKAK;sokak;255181
KASTAMONU;TOSYA;HARSAT;39. SOKAK;sokak;441838
KASTAMONU;TOSYA;HARSAT;4. SOKAK;sokak;255182
KASTAMONU;TOSYA;HARSAT;40 SOKAK;sokak;920713641
KASTAMONU;TOSYA;HARSAT;41 SOKAK;sokak;113470931
KASTAMONU;TOSYA;HARSAT;42 SOKAK;sokak;339248790
KASTAMONU;TOSYA;HARSAT;43 SOKAK;sokak;604525881
KASTAMONU;TOSYA;HARSAT;44 SOKAK;sokak;176904700
KASTAMONU;TOSYA;HARSAT;45 SOKAK;sokak;337896370
KASTAMONU;TOSYA;HARSAT;46 SOKAK;sokak;451235931
KASTAMONU;TOSYA;HARSAT;47 SOKAK;sokak;447679780
KASTAMONU;TOSYA;HARSAT;48 SOKAK;sokak;702709471
KASTAMONU;TOSYA;HARSAT;49 SOKAK;sokak;119454661
KASTAMONU;TOSYA;HARSAT;5. SOKAK;sokak;255183
KASTAMONU;TOSYA;HARSAT;50 SOKAK;sokak;514885421
KASTAMONU;TOSYA;HARSAT;51 SOKAK;sokak;198483650
KASTAMONU;TOSYA;HARSAT;52 SOKAK;sokak;304556531
KASTAMONU;TOSYA;HARSAT;6. SOKAK;sokak;255184
KASTAMONU;TOSYA;HARSAT;7. SOKAK;sokak;255185
KASTAMONU;TOSYA;HARSAT;8. SOKAK;sokak;441839
KASTAMONU;TOSYA;HARSAT;9. SOKAK;sokak;255186
KASTAMONU;TOSYA;HARSAT;ARABOĞLU SOKAK;sokak;255187
KASTAMONU;TOSYA;HARSAT;BİLEN SOKAK;sokak;603159000
KASTAMONU;TOSYA;HARSAT;CEBECİ SOKAK;sokak;441840
KASTAMONU;TOSYA;HARSAT;ÇAY CAMİİ SOKAK;sokak;255200
KASTAMONU;TOSYA;HARSAT;DİLAVER SOKAK;sokak;255188
KASTAMONU;TOSYA;HARSAT;FATİH SOKAK;sokak;255189
KASTAMONU;TOSYA;HARSAT;GAZİ OSMAN PAŞA SOKAK;sokak;441841
KASTAMONU;TOSYA;HARSAT;HAZAR SOKAK;sokak;255190
KASTAMONU;TOSYA;HARSAT;HİDAYET SOKAK;sokak;255192
KASTAMONU;TOSYA;HARSAT;HOŞGÖR SOKAK;sokak;255191
KASTAMONU;TOSYA;HARSAT;KELLECİ SOKAK;sokak;441842
KASTAMONU;TOSYA;HARSAT;KIRÇEŞME SOKAK;sokak;255193
KASTAMONU;TOSYA;HARSAT;MECİT EFENDİ CADDE;cadde;255194
KASTAMONU;TOSYA;HARSAT;RIHTIMBOYU CADDE;cadde;255195
KASTAMONU;TOSYA;HARSAT;SOĞANCI SOKAK;sokak;441843
KASTAMONU;TOSYA;HARSAT;SOĞUK ÇEŞME SOKAK;sokak;255161
KASTAMONU;TOSYA;HARSAT;SOĞUKSU SOKAK;sokak;255170
KASTAMONU;TOSYA;HARSAT;SUNAR SOKAK;sokak;255196
KASTAMONU;TOSYA;HARSAT;TOLAÇEŞME SOKAK;sokak;255197
KASTAMONU;TOSYA;HARSAT;TURAN SOKAK;sokak;803832191
KASTAMONU;TOSYA;HARSAT;VAHDET SOKAK;sokak;441844
KASTAMONU;TOSYA;HARSAT;YAPRAK SOKAK;sokak;255198
KASTAMONU;TOSYA;HARSAT;YAVUZ SELİM SOKAK;sokak;255199
KASTAMONU;TOSYA;HARSAT;ZARİF SOKAK;sokak;255169
KASTAMONU;TOSYA;HARSAT;ZEKİ SOKAK;sokak;255178
KASTAMONU;TOSYA;HOCAFAKI;3002 SOKAK;sokak;560776391
KASTAMONU;TOSYA;HOCAFAKI;3501 SOKAK;sokak;198769111
KASTAMONU;TOSYA;HOCAFAKI;3502 SOKAK;sokak;660498000
KASTAMONU;TOSYA;HOCAFAKI;ALTUNCU ÇIKMAZI SOKAK;sokak;441845
KASTAMONU;TOSYA;HOCAFAKI;BEKTAŞ SOKAK;sokak;255201
KASTAMONU;TOSYA;HOCAFAKI;ÇATALKAYA SOKAK;sokak;255210
KASTAMONU;TOSYA;HOCAFAKI;ÇİĞDEM SOKAK;sokak;255211
KASTAMONU;TOSYA;HOCAFAKI;HOCAFAKI CAMİİ SOKAK;sokak;255203
KASTAMONU;TOSYA;HOCAFAKI;IŞIK SOKAK;sokak;255204
KASTAMONU;TOSYA;HOCAFAKI;KARAMAN SOKAK;sokak;441846
KASTAMONU;TOSYA;HOCAFAKI;KATIRCI SOKAK;sokak;255205
KASTAMONU;TOSYA;HOCAFAKI;MAHMUT BAMYACI SOKAK;sokak;255202
KASTAMONU;TOSYA;HOCAFAKI;MENEKŞE SOKAK;sokak;255206
KASTAMONU;TOSYA;HOCAFAKI;PAMUKÇU SOKAK;sokak;255207
KASTAMONU;TOSYA;HOCAFAKI;PİRİNÇCİ SOKAK;sokak;441847
KASTAMONU;TOSYA;HOCAFAKI;SÜMBÜL SOKAK;sokak;255208
KASTAMONU;TOSYA;HOCAFAKI;ÜSTÜN SOKAK;sokak;441848
KASTAMONU;TOSYA;HOCAFAKI;YAZICI SOKAK;sokak;255209
KASTAMONU;TOSYA;HOCAİMAT;10001 SOKAK;sokak;661754230
KASTAMONU;TOSYA;HOCAİMAT;10002 SOKAK;sokak;441850
KASTAMONU;TOSYA;HOCAİMAT;10003 SOKAK;sokak;540062751
KASTAMONU;TOSYA;HOCAİMAT;10004 SOKAK;sokak;889595560
KASTAMONU;TOSYA;HOCAİMAT;10005 SOKAK;sokak;875367100
KASTAMONU;TOSYA;HOCAİMAT;10006 SOKAK;sokak;215218101
KASTAMONU;TOSYA;HOCAİMAT;10007 SOKAK;sokak;357258941
KASTAMONU;TOSYA;HOCAİMAT;10008 SOKAK;sokak;490228251
KASTAMONU;TOSYA;HOCAİMAT;10009 SOKAK;sokak;531964161
KASTAMONU;TOSYA;HOCAİMAT;10010 SOKAK;sokak;790528741
KASTAMONU;TOSYA;HOCAİMAT;3. SOKAK;sokak;785112010
KASTAMONU;TOSYA;HOCAİMAT;AS SOKAK;sokak;255219
KASTAMONU;TOSYA;HOCAİMAT;ASLI SOKAK;sokak;255220
KASTAMONU;TOSYA;HOCAİMAT;BİLEN SOKAK;sokak;443138
KASTAMONU;TOSYA;HOCAİMAT;CEBECİ SOKAK;sokak;279718521
KASTAMONU;TOSYA;HOCAİMAT;CESUR SOKAK;sokak;500545
KASTAMONU;TOSYA;HOCAİMAT;ÇADIRCI SOKAK;sokak;255217
KASTAMONU;TOSYA;HOCAİMAT;DİKİŞÇİ SOKAK;sokak;262987
KASTAMONU;TOSYA;HOCAİMAT;DURAK SOKAK;sokak;262986
KASTAMONU;TOSYA;HOCAİMAT;ERDEM SOKAK;sokak;443139
KASTAMONU;TOSYA;HOCAİMAT;ETYEMEZ SOKAK;sokak;262988
KASTAMONU;TOSYA;HOCAİMAT;GÜRÇEŞME SOKAK;sokak;916254591
KASTAMONU;TOSYA;HOCAİMAT;HERCAİL SOKAK;sokak;443140
KASTAMONU;TOSYA;HOCAİMAT;HOCA İSMAİL EFENDİ SOKAK;sokak;262990
KASTAMONU;TOSYA;HOCAİMAT;HÜKÜMET CADDE;cadde;262991
KASTAMONU;TOSYA;HOCAİMAT;KARADENİZ SOKAK;sokak;443141
KASTAMONU;TOSYA;HOCAİMAT;KINALI SOKAK;sokak;364802
KASTAMONU;TOSYA;HOCAİMAT;KIŞLA SOKAK;sokak;512765
KASTAMONU;TOSYA;HOCAİMAT;KOŞUM SOKAK;sokak;262992
KASTAMONU;TOSYA;HOCAİMAT;LAPACI CIKMAZI SOKAK;sokak;262994
KASTAMONU;TOSYA;HOCAİMAT;LAPACI SOKAK;sokak;262993
KASTAMONU;TOSYA;HOCAİMAT;MALİKİ SOKAK;sokak;443142
KASTAMONU;TOSYA;HOCAİMAT;MÜHENDİS ÇIKMAZI SOKAK;sokak;364803
KASTAMONU;TOSYA;HOCAİMAT;ÖZGÜR SOKAK;sokak;255218
KASTAMONU;TOSYA;HOCAİMAT;PEHLİVAN SOKAK;sokak;262995
KASTAMONU;TOSYA;HOCAİMAT;SANCAK SOKAK;sokak;262996
KASTAMONU;TOSYA;HOCAİMAT;SARI ÇİÇEK SOKAK;sokak;262997
KASTAMONU;TOSYA;HOCAİMAT;SEDİR SOKAK;sokak;513199
KASTAMONU;TOSYA;HOCAİMAT;SILA SOKAK;sokak;262989
KASTAMONU;TOSYA;HOCAİMAT;SONBAHAR SOKAK;sokak;364801
KASTAMONU;TOSYA;HOCAİMAT;TEKİN SOKAK;sokak;255213
KASTAMONU;TOSYA;HOCAİMAT;TEKKE HAMAMI SOKAK;sokak;255212
KASTAMONU;TOSYA;HOCAİMAT;TEPE SOKAK;sokak;441849
KASTAMONU;TOSYA;HOCAİMAT;TIMTIM HAVUZU ÇIKMAZI SOKAK;sokak;255214
KASTAMONU;TOSYA;HOCAİMAT;TURAN SOKAK;sokak;255215
KASTAMONU;TOSYA;HOCAİMAT;YAYLA SOKAK;sokak;255216
KASTAMONU;TOSYA;İBNİ SELİM;8002 SOKAK;sokak;539202521
KASTAMONU;TOSYA;İBNİ SELİM;8003 SOKAK;sokak;259124030
KASTAMONU;TOSYA;İBNİ SELİM;8004 SOKAK;sokak;185207000
KASTAMONU;TOSYA;İBNİ SELİM;8005 SOKAK;sokak;189619531
KASTAMONU;TOSYA;İBNİ SELİM;8006 SOKAK;sokak;426221341
KASTAMONU;TOSYA;İBNİ SELİM;8007 SOKAK;sokak;901602920
KASTAMONU;TOSYA;İBNİ SELİM;8008 SOKAK;sokak;131885031
KASTAMONU;TOSYA;İBNİ SELİM;8009 SOKAK;sokak;217430830
KASTAMONU;TOSYA;İBNİ SELİM;8010 SOKAK;sokak;126293330
KASTAMONU;TOSYA;İBNİ SELİM;8011 SOKAK;sokak;587624440
KASTAMONU;TOSYA;İBNİ SELİM;8012 SOKAK;sokak;732892900
KASTAMONU;TOSYA;İBNİ SELİM;8013 SOKAK;sokak;528506820
KASTAMONU;TOSYA;İBNİ SELİM;8014 SOKAK;sokak;291856670
KASTAMONU;TOSYA;İBNİ SELİM;8015 SOKAK;sokak;151338041
KASTAMONU;TOSYA;İBNİ SELİM;8016 SOKAK;sokak;918541330
KASTAMONU;TOSYA;İBNİ SELİM;8017 SOKAK;sokak;809589030
KASTAMONU;TOSYA;İBNİ SELİM;8018 SOKAK;sokak;867790481
KASTAMONU;TOSYA;İBNİ SELİM;8019 SOKAK;sokak;460280981
KASTAMONU;TOSYA;İBNİ SELİM;8020 SOKAK;sokak;709521711
KASTAMONU;TOSYA;İBNİ SELİM;8021 SOKAK;sokak;491083921
KASTAMONU;TOSYA;İBNİ SELİM;8022 SOKAK;sokak;683806661
KASTAMONU;TOSYA;İBNİ SELİM;8023 SOKAK;sokak;385946511
KASTAMONU;TOSYA;İBNİ SELİM;8024 SOKAK;sokak;487103051
KASTAMONU;TOSYA;İBNİ SELİM;8025 SOKAK;sokak;660791380
KASTAMONU;TOSYA;İBNİ SELİM;8026 SOKAK;sokak;671025251
KASTAMONU;TOSYA;İBNİ SELİM;8027 SOKAK;sokak;796258440
KASTAMONU;TOSYA;İBNİ SELİM;8028 SOKAK;sokak;207328481
KASTAMONU;TOSYA;İBNİ SELİM;8029 SOKAK;sokak;519769260
KASTAMONU;TOSYA;İBNİ SELİM;8030 SOKAK;sokak;889515951
KASTAMONU;TOSYA;İBNİ SELİM;8031 SOKAK;sokak;231952251
KASTAMONU;TOSYA;İBNİ SELİM;8032 SOKAK;sokak;939646171
KASTAMONU;TOSYA;İBNİ SELİM;8033 SOKAK;sokak;147946631
KASTAMONU;TOSYA;İBNİ SELİM;8034 SOKAK;sokak;502680
KASTAMONU;TOSYA;İBNİ SELİM;8035 SOKAK;sokak;341823781
KASTAMONU;TOSYA;İBNİ SELİM;8036 SOKAK;sokak;219873671
KASTAMONU;TOSYA;İBNİ SELİM;8037 SOKAK;sokak;854744501
KASTAMONU;TOSYA;İBNİ SELİM;8038 SOKAK;sokak;219926071
KASTAMONU;TOSYA;İBNİ SELİM;8039 SOKAK;sokak;936420560
KASTAMONU;TOSYA;İBNİ SELİM;8040 SOKAK;sokak;802252791
KASTAMONU;TOSYA;İBNİ SELİM;8041 SOKAK;sokak;686384440
KASTAMONU;TOSYA;İBNİ SELİM;8042 SOKAK;sokak;282203820
KASTAMONU;TOSYA;İBNİ SELİM;8043 SOKAK;sokak;596999831
KASTAMONU;TOSYA;İBNİ SELİM;8044 SOKAK;sokak;364804
KASTAMONU;TOSYA;İBNİ SELİM;ABDURRAHMAN PAŞA ÇIKMAZI SOKAK;sokak;263000
KASTAMONU;TOSYA;İBNİ SELİM;AKMEZAR CADDE;cadde;263001
KASTAMONU;TOSYA;İBNİ SELİM;ALİ İHSAN PAŞA SOKAK;sokak;474094
KASTAMONU;TOSYA;İBNİ SELİM;ALPTEKİN SOKAK;sokak;502682
KASTAMONU;TOSYA;İBNİ SELİM;ATATÜRK CADDE;cadde;263002
KASTAMONU;TOSYA;İBNİ SELİM;AYÇA SOKAK;sokak;443145
KASTAMONU;TOSYA;İBNİ SELİM;BEŞÇAM 10 SOKAK;sokak;245385300
KASTAMONU;TOSYA;İBNİ SELİM;BEŞÇAM CADDE;cadde;263003
KASTAMONU;TOSYA;İBNİ SELİM;BODUR SOKAK;sokak;263004
KASTAMONU;TOSYA;İBNİ SELİM;DEMİRCİLER ÇARŞISI SOKAK;sokak;443146
KASTAMONU;TOSYA;İBNİ SELİM;DÖRTOCAK SOKAK;sokak;364805
KASTAMONU;TOSYA;İBNİ SELİM;ELMACIOĞLU SOKAK;sokak;263005
KASTAMONU;TOSYA;İBNİ SELİM;ESRA SOKAK;sokak;263006
KASTAMONU;TOSYA;İBNİ SELİM;FAZIL BOYNER CADDE;cadde;263007
KASTAMONU;TOSYA;İBNİ SELİM;FEVZİ ÇAKMAK 1 SOKAK;sokak;443147
KASTAMONU;TOSYA;İBNİ SELİM;GÜLNUR SOKAK;sokak;496634
KASTAMONU;TOSYA;İBNİ SELİM;HALE SOKAK;sokak;364806
KASTAMONU;TOSYA;İBNİ SELİM;HAMZABABA ÇIKMAZI SOKAK;sokak;263009
KASTAMONU;TOSYA;İBNİ SELİM;HAMZABABA SOKAK;sokak;263008
KASTAMONU;TOSYA;İBNİ SELİM;HASAN PAŞA SOKAK;sokak;263010
KASTAMONU;TOSYA;İBNİ SELİM;HIDIRLIK SOKAK;sokak;364807
KASTAMONU;TOSYA;İBNİ SELİM;HÜKÜMET CADDE;cadde;443148
KASTAMONU;TOSYA;İBNİ SELİM;KEBELİOĞLU SOKAK;sokak;263011
KASTAMONU;TOSYA;İBNİ SELİM;KUMRU SOKAK;sokak;726839071
KASTAMONU;TOSYA;İBNİ SELİM;KURTÇA SOKAK;sokak;263012
KASTAMONU;TOSYA;İBNİ SELİM;METAL SANAYİ CADDE;cadde;669692131
KASTAMONU;TOSYA;İBNİ SELİM;NAMAZGAH 7 SOKAK;sokak;227487840
KASTAMONU;TOSYA;İBNİ SELİM;NAMAZGAH CADDE;cadde;443149
KASTAMONU;TOSYA;İBNİ SELİM;NESLİHAN SOKAK;sokak;502025
KASTAMONU;TOSYA;İBNİ SELİM;NEVBAHAR SOKAK;sokak;511399
KASTAMONU;TOSYA;İBNİ SELİM;OCAKLI SOKAK;sokak;263013
KASTAMONU;TOSYA;İBNİ SELİM;RIDVAN SOKAK;sokak;502683
KASTAMONU;TOSYA;İBNİ SELİM;SAĞLAM SOKAK;sokak;262998
KASTAMONU;TOSYA;İBNİ SELİM;SAYGI SOKAK;sokak;443143
KASTAMONU;TOSYA;İBNİ SELİM;SEBAT SOKAK;sokak;262999
KASTAMONU;TOSYA;İBNİ SELİM;SEDEF SOKAK;sokak;443144
KASTAMONU;TOSYA;İBNİ SELİM;SERDAR SOKAK;sokak;364808
KASTAMONU;TOSYA;İBNİ SELİM;ŞHT.HAMZA SOKAK;sokak;263015
KASTAMONU;TOSYA;İBNİ SELİM;YILDIRIM BEYAZIT SOKAK;sokak;263014
KASTAMONU;TOSYA;İLYASBEY;1007 SOKAK;sokak;911554731
KASTAMONU;TOSYA;İLYASBEY;1501 SOKAK;sokak;474181241
KASTAMONU;TOSYA;İLYASBEY;1502 SOKAK;sokak;434703010
KASTAMONU;TOSYA;İLYASBEY;1503 SOKAK;sokak;281995520
KASTAMONU;TOSYA;İLYASBEY;AKTAŞ CAMİİ SOKAK;sokak;474095
KASTAMONU;TOSYA;İLYASBEY;AKTAŞ ÇEŞME SOKAK;sokak;255493
KASTAMONU;TOSYA;İLYASBEY;AŞAĞI BEDİR SOKAK;sokak;263016
KASTAMONU;TOSYA;İLYASBEY;DAĞDEVİREN SOKAK;sokak;263018
KASTAMONU;TOSYA;İLYASBEY;DAMGACI SOKAK;sokak;263017
KASTAMONU;TOSYA;İLYASBEY;DEMİRKOL SOKAK;sokak;264010
KASTAMONU;TOSYA;İLYASBEY;EKMEKÇİ SOKAK;sokak;264011
KASTAMONU;TOSYA;İLYASBEY;HALİM BABA SOKAK;sokak;264012
KASTAMONU;TOSYA;İLYASBEY;İNCİ SOKAK;sokak;264023
KASTAMONU;TOSYA;İLYASBEY;KARAGÜLLE SOKAK;sokak;264013
KASTAMONU;TOSYA;İLYASBEY;KETENCİ SOKAK;sokak;264014
KASTAMONU;TOSYA;İLYASBEY;KOLCAK ÇEŞME SOKAK;sokak;264015
KASTAMONU;TOSYA;İLYASBEY;KÜÇÜK ÇAY SOKAK;sokak;264016
KASTAMONU;TOSYA;İLYASBEY;MECİT EFENDİ 3 CADDE;cadde;726035251
KASTAMONU;TOSYA;İLYASBEY;MEKTEP SOKAK;sokak;264017
KASTAMONU;TOSYA;İLYASBEY;MUSTANTİK SOKAK;sokak;264018
KASTAMONU;TOSYA;İLYASBEY;ÖNCEL SOKAK;sokak;264022
KASTAMONU;TOSYA;İLYASBEY;RIHTIMBOYU CADDE;cadde;264019
KASTAMONU;TOSYA;İLYASBEY;SANDIKÇILAR SOKAK;sokak;443150
KASTAMONU;TOSYA;İLYASBEY;ŞAHİN SOKAK;sokak;264024
KASTAMONU;TOSYA;İLYASBEY;YUKARI BEDİR SOKAK;sokak;264020
KASTAMONU;TOSYA;İLYASBEY;ZAFER SOKAK;sokak;264021
KASTAMONU;TOSYA;İNCEBEL - GÜVEKAŞI;GÜVEKAŞI KÜME EVLER;sokak;473370
KASTAMONU;TOSYA;İNCEBEL - MERKEZ;MERKEZ KÜME EVLER;sokak;480159
KASTAMONU;TOSYA;İNCEBEL - YAZI;YAZI KÜME EVLER;sokak;480161
KASTAMONU;TOSYA;KARABEY - DEVREZ;DEVREZ KÜME EVLER;sokak;485604
KASTAMONU;TOSYA;KARABEY - MERKEZ;MERKEZ KÜME EVLER;sokak;368677
KASTAMONU;TOSYA;KARAKÖY NA;AŞAĞI YAVUZ KÜME EVLER;sokak;500101
KASTAMONU;TOSYA;KARAKÖY NA;ÇÖRÜŞLÜ KÜME EVLER;sokak;500103
KASTAMONU;TOSYA;KARAKÖY NA;HATUPLU KÜME EVLER;sokak;500104
KASTAMONU;TOSYA;KARAKÖY NA;İNCEÇAY KÜME EVLER;sokak;507381
KASTAMONU;TOSYA;KARAKÖY NA;KARAKÖY YAYLASI KÜME EVLER;sokak;90904
KASTAMONU;TOSYA;KARAKÖY NA;MENEMŞE KÜME EVLER;sokak;494444
KASTAMONU;TOSYA;KARAKÖY NA;YAVUZ KIR MEVKİİ SOKAK;sokak;505640
KASTAMONU;TOSYA;KARAKÖY NA;YUKARI YAVUZ KÜME EVLER;sokak;500102
KASTAMONU;TOSYA;KARASAPAÇA - KURTBELİ OSB;1 SOKAK;sokak;934905
KASTAMONU;TOSYA;KARASAPAÇA - KURTBELİ OSB;1. CADDE;cadde;934901
KASTAMONU;TOSYA;KARASAPAÇA - KURTBELİ OSB;2 SOKAK;sokak;934907
KASTAMONU;TOSYA;KARASAPAÇA - KURTBELİ OSB;2. CADDE;cadde;934902
KASTAMONU;TOSYA;KARASAPAÇA - KURTBELİ OSB;3 SOKAK;sokak;934908
KASTAMONU;TOSYA;KARASAPAÇA - KURTBELİ OSB;3. CADDE;cadde;934903
KASTAMONU;TOSYA;KARASAPAÇA - KURTBELİ OSB;4 SOKAK;sokak;934909
KASTAMONU;TOSYA;KARASAPAÇA - KURTBELİ OSB;4. CADDE;cadde;934904
KASTAMONU;TOSYA;KARASAPAÇA - MERKEZ;MERKEZ KÜME EVLER;sokak;481711
KASTAMONU;TOSYA;KARGI;4501 SOKAK;sokak;687111260
KASTAMONU;TOSYA;KARGI;4502 SOKAK;sokak;667071421
KASTAMONU;TOSYA;KARGI;4503 SOKAK;sokak;279204460
KASTAMONU;TOSYA;KARGI;AĞACIK ÇEŞME CIKMAZI SOKAK;sokak;264026
KASTAMONU;TOSYA;KARGI;AĞACIK ÇEŞME SOKAK;sokak;264025
KASTAMONU;TOSYA;KARGI;BANKA SOKAK;sokak;264027
KASTAMONU;TOSYA;KARGI;BELEDİYE ÇIKMAZI SOKAK;sokak;264029
KASTAMONU;TOSYA;KARGI;BELEDİYE SOKAK;sokak;264028
KASTAMONU;TOSYA;KARGI;BÜLBÜL DERESİ SOKAK;sokak;263479
KASTAMONU;TOSYA;KARGI;CUMHURİYET MEYDAN;sokak;263480
KASTAMONU;TOSYA;KARGI;ÇATALKAYA SOKAK;sokak;263491
KASTAMONU;TOSYA;KARGI;ERCENGİZ SOKAK;sokak;263481
KASTAMONU;TOSYA;KARGI;HAVUZ ALTI SOKAK;sokak;442227
KASTAMONU;TOSYA;KARGI;İSMAİL BOYNER SOKAK;sokak;263492
KASTAMONU;TOSYA;KARGI;KUNDURACILAR ÇARŞISI SOKAK;sokak;263483
KASTAMONU;TOSYA;KARGI;KÜÇÜK SOKAK;sokak;263485
KASTAMONU;TOSYA;KARGI;KÜLAHLIOĞLU SOKAK;sokak;263484
KASTAMONU;TOSYA;KARGI;MAHMUT BAMYACI SOKAK;sokak;263482
KASTAMONU;TOSYA;KARGI;MEHTER SOKAK;sokak;442228
KASTAMONU;TOSYA;KARGI;MUTAFLAR ÇARŞISI SOKAK;sokak;263486
KASTAMONU;TOSYA;KARGI;OSMANBEY SOKAK;sokak;263487
KASTAMONU;TOSYA;KARGI;RIHTIMBOYU CADDE;cadde;442229
KASTAMONU;TOSYA;KARGI;URGANCI 1 SOKAK;sokak;800718890
KASTAMONU;TOSYA;KARGI;URKAYA SOKAK;sokak;263488
KASTAMONU;TOSYA;KARGI;VAKIF SOKAK;sokak;263489
KASTAMONU;TOSYA;KARGI;YAĞCI SOKAK;sokak;263490
KASTAMONU;TOSYA;KARGI;YEMENİCİLER ÇARŞISI SOKAK;sokak;442230
KASTAMONU;TOSYA;KARGIN - MERKEZ;MERKEZ KÜME EVLER;sokak;338537
KASTAMONU;TOSYA;KARGIN - MURATLI;MURATLI KÜME EVLER;sokak;481500
KASTAMONU;TOSYA;KARGIN - TEPEARASI;TEPEARASI KÜME EVLER;sokak;476679
KASTAMONU;TOSYA;KARŞIYAKA;10517 SOKAK;sokak;218500780
KASTAMONU;TOSYA;KARŞIYAKA;10518 SOKAK;sokak;145085350
KASTAMONU;TOSYA;KARŞIYAKA;10519 SOKAK;sokak;221568221
KASTAMONU;TOSYA;KARŞIYAKA;10520 SOKAK;sokak;645611110
KASTAMONU;TOSYA;KARŞIYAKA;10521 SOKAK;sokak;232286200
KASTAMONU;TOSYA;KARŞIYAKA;10522 SOKAK;sokak;922031730
KASTAMONU;TOSYA;KARŞIYAKA;10523 SOKAK;sokak;884177040
KASTAMONU;TOSYA;KARŞIYAKA;10524 SOKAK;sokak;188515351
KASTAMONU;TOSYA;KARŞIYAKA;10525 SOKAK;sokak;364717461
KASTAMONU;TOSYA;KARŞIYAKA;10526 SOKAK;sokak;574901460
KASTAMONU;TOSYA;KARŞIYAKA;10527 SOKAK;sokak;911835740
KASTAMONU;TOSYA;KARŞIYAKA;10528 SOKAK;sokak;622880061
KASTAMONU;TOSYA;KARŞIYAKA;10529 SOKAK;sokak;372427160
KASTAMONU;TOSYA;KARŞIYAKA;10530 SOKAK;sokak;940899501
KASTAMONU;TOSYA;KARŞIYAKA;10531 SOKAK;sokak;551656170
KASTAMONU;TOSYA;KARŞIYAKA;10532 SOKAK;sokak;568576910
KASTAMONU;TOSYA;KARŞIYAKA;10533 SOKAK;sokak;314906261
KASTAMONU;TOSYA;KARŞIYAKA;10534 SOKAK;sokak;289352110
KASTAMONU;TOSYA;KARŞIYAKA;10535 SOKAK;sokak;906665791
KASTAMONU;TOSYA;KARŞIYAKA;10536 SOKAK;sokak;801399180
KASTAMONU;TOSYA;KARŞIYAKA;10537 SOKAK;sokak;311101901
KASTAMONU;TOSYA;KARŞIYAKA;10538 SOKAK;sokak;830178891
KASTAMONU;TOSYA;KARŞIYAKA;10539 SOKAK;sokak;545687461
KASTAMONU;TOSYA;KARŞIYAKA;10540 SOKAK;sokak;605553560
KASTAMONU;TOSYA;KARŞIYAKA;10541 SOKAK;sokak;550218850
KASTAMONU;TOSYA;KARŞIYAKA;10542 SOKAK;sokak;485058611
KASTAMONU;TOSYA;KARŞIYAKA;10543 SOKAK;sokak;520573610
KASTAMONU;TOSYA;KARŞIYAKA;10544 SOKAK;sokak;591031431
KASTAMONU;TOSYA;KARŞIYAKA;10545 SOKAK;sokak;832082491
KASTAMONU;TOSYA;KARŞIYAKA;10546 SOKAK;sokak;481536960
KASTAMONU;TOSYA;KARŞIYAKA;10547 SOKAK;sokak;278119830
KASTAMONU;TOSYA;KARŞIYAKA;10548 SOKAK;sokak;598059520
KASTAMONU;TOSYA;KARŞIYAKA;10549 SOKAK;sokak;684091761
KASTAMONU;TOSYA;KARŞIYAKA;10550 SOKAK;sokak;880759811
KASTAMONU;TOSYA;KARŞIYAKA;10551 SOKAK;sokak;692349950
KASTAMONU;TOSYA;KARŞIYAKA;10552 SOKAK;sokak;590324580
KASTAMONU;TOSYA;KARŞIYAKA;10553 SOKAK;sokak;488869151
KASTAMONU;TOSYA;KARŞIYAKA;10554 SOKAK;sokak;876632740
KASTAMONU;TOSYA;KARŞIYAKA;10555 SOKAK;sokak;697532671
KASTAMONU;TOSYA;KARŞIYAKA;10556 SOKAK;sokak;900874951
KASTAMONU;TOSYA;KARŞIYAKA;10557 SOKAK;sokak;366231550
KASTAMONU;TOSYA;KARŞIYAKA;10558 SOKAK;sokak;596982091
KASTAMONU;TOSYA;KARŞIYAKA;10559 SOKAK;sokak;164244000
KASTAMONU;TOSYA;KARŞIYAKA;10560 SOKAK;sokak;464292621
KASTAMONU;TOSYA;KARŞIYAKA;10562 SOKAK;sokak;549159391
KASTAMONU;TOSYA;KARŞIYAKA;10563 SOKAK;sokak;930382710
KASTAMONU;TOSYA;KARŞIYAKA;10564 SOKAK;sokak;117464501
KASTAMONU;TOSYA;KARŞIYAKA;10565 SOKAK;sokak;405826521
KASTAMONU;TOSYA;KARŞIYAKA;10566 SOKAK;sokak;105863450
KASTAMONU;TOSYA;KARŞIYAKA;10567 SOKAK;sokak;524938480
KASTAMONU;TOSYA;KARŞIYAKA;10568 SOKAK;sokak;214664460
KASTAMONU;TOSYA;KARŞIYAKA;10569 SOKAK;sokak;108180600
KASTAMONU;TOSYA;KARŞIYAKA;10570 SOKAK;sokak;788777011
KASTAMONU;TOSYA;KARŞIYAKA;10571 SOKAK;sokak;263982481
KASTAMONU;TOSYA;KARŞIYAKA;10572 SOKAK;sokak;323090980
KASTAMONU;TOSYA;KARŞIYAKA;10573 SOKAK;sokak;465943541
KASTAMONU;TOSYA;KARŞIYAKA;10574 SOKAK;sokak;749977921
KASTAMONU;TOSYA;KARŞIYAKA;10575 SOKAK;sokak;570624570
KASTAMONU;TOSYA;KARŞIYAKA;10576 SOKAK;sokak;390768721
KASTAMONU;TOSYA;KARŞIYAKA;10577 SOKAK;sokak;818788371
KASTAMONU;TOSYA;KARŞIYAKA;10578 SOKAK;sokak;932210261
KASTAMONU;TOSYA;KARŞIYAKA;10579 SOKAK;sokak;752726661
KASTAMONU;TOSYA;KARŞIYAKA;10580 SOKAK;sokak;147030781
KASTAMONU;TOSYA;KARŞIYAKA;10581 SOKAK;sokak;159213491
KASTAMONU;TOSYA;KARŞIYAKA;10582 SOKAK;sokak;280276881
KASTAMONU;TOSYA;KARŞIYAKA;10583 SOKAK;sokak;734415861
KASTAMONU;TOSYA;KARŞIYAKA;10584 SOKAK;sokak;949812300
KASTAMONU;TOSYA;KARŞIYAKA;10585 SOKAK;sokak;715249121
KASTAMONU;TOSYA;KARŞIYAKA;10586 SOKAK;sokak;49098627
KASTAMONU;TOSYA;KARŞIYAKA;10587 SOKAK;sokak;376463791
KASTAMONU;TOSYA;KARŞIYAKA;10588 SOKAK;sokak;237126720
KASTAMONU;TOSYA;KARŞIYAKA;10589 SOKAK;sokak;656961890
KASTAMONU;TOSYA;KARŞIYAKA;10590 SOKAK;sokak;489372700
KASTAMONU;TOSYA;KARŞIYAKA;10591 SOKAK;sokak;697447530
KASTAMONU;TOSYA;KARŞIYAKA;10592 SOKAK;sokak;607096491
KASTAMONU;TOSYA;KARŞIYAKA;10593 SOKAK;sokak;580105470
KASTAMONU;TOSYA;KARŞIYAKA;10594 SOKAK;sokak;387807891
KASTAMONU;TOSYA;KARŞIYAKA;10595 SOKAK;sokak;757808251
KASTAMONU;TOSYA;KARŞIYAKA;10596 SOKAK;sokak;783367570
KASTAMONU;TOSYA;KARŞIYAKA;10597 SOKAK;sokak;357652130
KASTAMONU;TOSYA;KARŞIYAKA;10598 SOKAK;sokak;132221460
KASTAMONU;TOSYA;KARŞIYAKA;10599 SOKAK;sokak;221922721
KASTAMONU;TOSYA;KARŞIYAKA;10600 SOKAK;sokak;337144780
KASTAMONU;TOSYA;KARŞIYAKA;10601 SOKAK;sokak;389517110
KASTAMONU;TOSYA;KARŞIYAKA;10602 SOKAK;sokak;617309820
KASTAMONU;TOSYA;KARŞIYAKA;10603 SOKAK;sokak;109383711
KASTAMONU;TOSYA;KARŞIYAKA;10604 SOKAK;sokak;716562190
KASTAMONU;TOSYA;KARŞIYAKA;10605 SOKAK;sokak;429073370
KASTAMONU;TOSYA;KARŞIYAKA;10606 SOKAK;sokak;937805340
KASTAMONU;TOSYA;KARŞIYAKA;10607 SOKAK;sokak;293518710
KASTAMONU;TOSYA;KARŞIYAKA;10608 SOKAK;sokak;841383870
KASTAMONU;TOSYA;KARŞIYAKA;10609 SOKAK;sokak;314669560
KASTAMONU;TOSYA;KARŞIYAKA;10611 SOKAK;sokak;234116710
KASTAMONU;TOSYA;KARŞIYAKA;10612 SOKAK;sokak;231240430
KASTAMONU;TOSYA;KARŞIYAKA;11030 SOKAK;sokak;398311361
KASTAMONU;TOSYA;KARŞIYAKA;11033 SOKAK;sokak;517529391
KASTAMONU;TOSYA;KARŞIYAKA;11039 SOKAK;sokak;416028220
KASTAMONU;TOSYA;KARŞIYAKA;AĞAOĞLU KIŞLASI SOKAK;sokak;263495
KASTAMONU;TOSYA;KARŞIYAKA;AKÇAKAVAK SOKAK;sokak;442231
KASTAMONU;TOSYA;KARŞIYAKA;AKÇAKAVAK SULUCA SOKAK;sokak;814647
KASTAMONU;TOSYA;KARŞIYAKA;ATATÜRK CADDE;cadde;263494
KASTAMONU;TOSYA;KARŞIYAKA;BİLİNMEYEN KARŞIYAKA 32 SOKAK;sokak;529780381
KASTAMONU;TOSYA;KARŞIYAKA;ESENTEPE CAMİİ SOKAK;sokak;263496
KASTAMONU;TOSYA;KARŞIYAKA;GOLDEN ARKI SOKAK;sokak;263497
KASTAMONU;TOSYA;KARŞIYAKA;GÖKYER CADDE;cadde;263498
KASTAMONU;TOSYA;KARŞIYAKA;GÖTÜRGE KÜME EVLER;sokak;288860911
KASTAMONU;TOSYA;KARŞIYAKA;İBİKTEPE SOKAK;sokak;263503
KASTAMONU;TOSYA;KARŞIYAKA;MISIRLI SOKAK;sokak;524556
KASTAMONU;TOSYA;KARŞIYAKA;ORTAYOL 13 SOKAK;sokak;657009571
KASTAMONU;TOSYA;KARŞIYAKA;ORTAYOL CADDE;cadde;442233
KASTAMONU;TOSYA;KARŞIYAKA;TEVFİKBEY SOKAK;sokak;263500
KASTAMONU;TOSYA;KARŞIYAKA;ÜÇDEĞİRMEN SOKAK;sokak;210669560
KASTAMONU;TOSYA;KARŞIYAKA;YAZIÇAM CADDE;cadde;263502
KASTAMONU;TOSYA;KAYAÖNÜ - MERKEZ;MERKEZ KÜME EVLER;sokak;491306
KASTAMONU;TOSYA;KEÇELİ - ALİ EFENDİ;ALİ EFENDİ KÜME EVLER;sokak;485664
KASTAMONU;TOSYA;KEÇELİ - EMİRHACI;EMİRHACI KÜME EVLER;sokak;484292
KASTAMONU;TOSYA;KEÇELİ - KARGA DERE;KARGA DERE KÜME EVLER;sokak;482202
KASTAMONU;TOSYA;KEÇELİ - MERKEZ;MERKEZ KÜME EVLER;sokak;488920
KASTAMONU;TOSYA;KINIK - MERKEZ;MERKEZ KÜME EVLER;sokak;481248
KASTAMONU;TOSYA;KIZILCA - AKDUTDİBİ;AKDUTDİBİ KÜME EVLER;sokak;485213
KASTAMONU;TOSYA;KIZILCA - MERKEZ;MERKEZ KÜME EVLER;sokak;357459
KASTAMONU;TOSYA;KİLKUYU - ÇAY;ÇAY KÜME EVLER;sokak;526704
KASTAMONU;TOSYA;KİLKUYU - DEMİRCİLER;DEMİRCİLER KÜME EVLER;sokak;522724
KASTAMONU;TOSYA;KİLKUYU - DERE;DERE KÜME EVLER;sokak;532932
KASTAMONU;TOSYA;KİLKUYU - HACI SALİH;HACI SALİH KÜME EVLER;sokak;525722
KASTAMONU;TOSYA;KİLKUYU - HATİP;HATİP KÜME EVLER;sokak;534126
KASTAMONU;TOSYA;KİLKUYU - KÜLEŞLER;KÜLEŞLER KÜME EVLER;sokak;534204
KASTAMONU;TOSYA;KİLKUYU - KÜRTKONDU;KÜRTKONDU KÜME EVLER;sokak;535502
KASTAMONU;TOSYA;KİLKUYU - KÜRÜZ;KÜRÜZ KÜME EVLER;sokak;534643
KASTAMONU;TOSYA;KİLKUYU - MERKEZ;MERKEZ KÜME EVLER;sokak;40918
KASTAMONU;TOSYA;KÖSEN - MERKEZ;6507 SOKAK;sokak;411448171
KASTAMONU;TOSYA;KÖSEN - MERKEZ;MERKEZ KÜME EVLER;sokak;528312
KASTAMONU;TOSYA;KUŞÇULAR - ESKİ;ESKİ KÜME EVLER;sokak;488637
KASTAMONU;TOSYA;KUŞÇULAR - YENİ;1. SOKAK;sokak;490777
KASTAMONU;TOSYA;KUŞÇULAR - YENİ;10 SOKAK;sokak;479959
KASTAMONU;TOSYA;KUŞÇULAR - YENİ;2 SOKAK;sokak;479943
KASTAMONU;TOSYA;KUŞÇULAR - YENİ;3 SOKAK;sokak;479945
KASTAMONU;TOSYA;KUŞÇULAR - YENİ;4 SOKAK;sokak;479946
KASTAMONU;TOSYA;KUŞÇULAR - YENİ;5 SOKAK;sokak;479949
KASTAMONU;TOSYA;KUŞÇULAR - YENİ;6 SOKAK;sokak;479951
KASTAMONU;TOSYA;KUŞÇULAR - YENİ;7 SOKAK;sokak;479953
KASTAMONU;TOSYA;KUŞÇULAR - YENİ;8 SOKAK;sokak;479955
KASTAMONU;TOSYA;KUŞÇULAR - YENİ;9 SOKAK;sokak;479957
KASTAMONU;TOSYA;KUZYAKA;10588 SOKAK;sokak;237126721
KASTAMONU;TOSYA;KUZYAKA;10589 SOKAK;sokak;573902051
KASTAMONU;TOSYA;KUZYAKA;10595 SOKAK;sokak;757808250
KASTAMONU;TOSYA;KUZYAKA;10596 SOKAK;sokak;324307871
KASTAMONU;TOSYA;KUZYAKA;11002 SOKAK;sokak;923191690
KASTAMONU;TOSYA;KUZYAKA;11003 SOKAK;sokak;263150441
KASTAMONU;TOSYA;KUZYAKA;11004 SOKAK;sokak;301926941
KASTAMONU;TOSYA;KUZYAKA;11005 SOKAK;sokak;530649450
KASTAMONU;TOSYA;KUZYAKA;11006 SOKAK;sokak;813483440
KASTAMONU;TOSYA;KUZYAKA;11007 SOKAK;sokak;921380801
KASTAMONU;TOSYA;KUZYAKA;11008 SOKAK;sokak;945811051
KASTAMONU;TOSYA;KUZYAKA;11009 SOKAK;sokak;563716281
KASTAMONU;TOSYA;KUZYAKA;11010 SOKAK;sokak;653900640
KASTAMONU;TOSYA;KUZYAKA;11011 SOKAK;sokak;124378020
KASTAMONU;TOSYA;KUZYAKA;11012 SOKAK;sokak;540557511
KASTAMONU;TOSYA;KUZYAKA;11013 SOKAK;sokak;787467731
KASTAMONU;TOSYA;KUZYAKA;11014 SOKAK;sokak;155096151
KASTAMONU;TOSYA;KUZYAKA;11015 SOKAK;sokak;195602910
KASTAMONU;TOSYA;KUZYAKA;11016 SOKAK;sokak;930478350
KASTAMONU;TOSYA;KUZYAKA;11017 SOKAK;sokak;163100961
KASTAMONU;TOSYA;KUZYAKA;11018 SOKAK;sokak;645859040
KASTAMONU;TOSYA;KUZYAKA;11019 SOKAK;sokak;775422070
KASTAMONU;TOSYA;KUZYAKA;11020 SOKAK;sokak;616074201
KASTAMONU;TOSYA;KUZYAKA;11021 SOKAK;sokak;723963101
KASTAMONU;TOSYA;KUZYAKA;11022 SOKAK;sokak;130544990
KASTAMONU;TOSYA;KUZYAKA;11023 SOKAK;sokak;441886621
KASTAMONU;TOSYA;KUZYAKA;11024 SOKAK;sokak;392868931
KASTAMONU;TOSYA;KUZYAKA;11025 SOKAK;sokak;726119320
KASTAMONU;TOSYA;KUZYAKA;11026 SOKAK;sokak;922259861
KASTAMONU;TOSYA;KUZYAKA;11027 SOKAK;sokak;403861381
KASTAMONU;TOSYA;KUZYAKA;11028 SOKAK;sokak;165188211
KASTAMONU;TOSYA;KUZYAKA;11029 SOKAK;sokak;398873850
KASTAMONU;TOSYA;KUZYAKA;11030 SOKAK;sokak;395025471
KASTAMONU;TOSYA;KUZYAKA;11031 SOKAK;sokak;579350330
KASTAMONU;TOSYA;KUZYAKA;11032 SOKAK;sokak;877254040
KASTAMONU;TOSYA;KUZYAKA;11033 SOKAK;sokak;517529390
KASTAMONU;TOSYA;KUZYAKA;11034 SOKAK;sokak;252429670
KASTAMONU;TOSYA;KUZYAKA;11035 SOKAK;sokak;350893090
KASTAMONU;TOSYA;KUZYAKA;11036 SOKAK;sokak;282881811
KASTAMONU;TOSYA;KUZYAKA;11037 SOKAK;sokak;437206710
KASTAMONU;TOSYA;KUZYAKA;11038 SOKAK;sokak;137093810
KASTAMONU;TOSYA;KUZYAKA;ACIKAVAK CADDE;cadde;263493
KASTAMONU;TOSYA;KUZYAKA;ATATÜRK CADDE;cadde;620055581
KASTAMONU;TOSYA;KUZYAKA;GANİZADE ÇEŞME 1 SOKAK;sokak;561810430
KASTAMONU;TOSYA;KUZYAKA;GANİZADE ÇEŞME SOKAK;sokak;442232
KASTAMONU;TOSYA;KUZYAKA;KUZYAKA 1 CADDE;cadde;263499
KASTAMONU;TOSYA;KUZYAKA;KUZYAKA 13 SOKAK;sokak;169446701
KASTAMONU;TOSYA;KUZYAKA;KUZYAKA SOKAK;sokak;263504
KASTAMONU;TOSYA;KUZYAKA;TOPSAKAL CADDE;cadde;568370160
KASTAMONU;TOSYA;KUZYAKA;YAZIÇAM ARKI SOKAK;sokak;442234
KASTAMONU;TOSYA;KÜÇÜKKIZILCA - MERKEZ;MERKEZ KÜME EVLER;sokak;29662
KASTAMONU;TOSYA;KÜÇÜKSEKİLER - MERKEZ;MERKEZ KÜME EVLER;sokak;526401
KASTAMONU;TOSYA;MISMILAĞAÇ - MERKEZ;MERKEZ KÜME EVLER;sokak;481501
KASTAMONU;TOSYA;MİMAR SİNAN;4001 SOKAK;sokak;877065601
KASTAMONU;TOSYA;MİMAR SİNAN;4002 SOKAK;sokak;651939711
KASTAMONU;TOSYA;MİMAR SİNAN;AHMET AĞA SOKAK;sokak;442235
KASTAMONU;TOSYA;MİMAR SİNAN;AHMETAĞA CAMİİ SOKAK;sokak;617976010
KASTAMONU;TOSYA;MİMAR SİNAN;ATABİNEN SOKAK;sokak;263505
KASTAMONU;TOSYA;MİMAR SİNAN;ATATÜRK OKULU SOKAK;sokak;263506
KASTAMONU;TOSYA;MİMAR SİNAN;BELEDİYE SOKAK;sokak;795509
KASTAMONU;TOSYA;MİMAR SİNAN;ÇATALKAYA SOKAK;sokak;263515
KASTAMONU;TOSYA;MİMAR SİNAN;ÇİÇEK SOKAK;sokak;263516
KASTAMONU;TOSYA;MİMAR SİNAN;EYÜPOĞLU SOKAK;sokak;263507
KASTAMONU;TOSYA;MİMAR SİNAN;GONCA SOKAK;sokak;263509
KASTAMONU;TOSYA;MİMAR SİNAN;HASANBEY SOKAK;sokak;442236
KASTAMONU;TOSYA;MİMAR SİNAN;KALFA SOKAK;sokak;263508
KASTAMONU;TOSYA;MİMAR SİNAN;MÜEZZİN SOKAK;sokak;442237
KASTAMONU;TOSYA;MİMAR SİNAN;ODABAŞI SOKAK;sokak;263510
KASTAMONU;TOSYA;MİMAR SİNAN;OSMANBEY SOKAK;sokak;263511
KASTAMONU;TOSYA;MİMAR SİNAN;ÖZGEN SOKAK;sokak;263517
KASTAMONU;TOSYA;MİMAR SİNAN;PEKMEZCİ SOKAK;sokak;263512
KASTAMONU;TOSYA;MİMAR SİNAN;ŞEKERCİ SOKAK;sokak;442240
KASTAMONU;TOSYA;MİMAR SİNAN;UFUK SOKAK;sokak;442238
KASTAMONU;TOSYA;MİMAR SİNAN;URGANCI 1 SOKAK;sokak;115040161
KASTAMONU;TOSYA;MİMAR SİNAN;URGANCI SOKAK;sokak;263513
KASTAMONU;TOSYA;MİMAR SİNAN;YASEMİN SOKAK;sokak;263514
KASTAMONU;TOSYA;MİMAR SİNAN;YILDIZ SOKAK;sokak;442239
KASTAMONU;TOSYA;MUSAKÖY - AŞAĞI;AŞAĞI KÜME EVLER;sokak;485649
KASTAMONU;TOSYA;MUSAKÖY - ÇAMLICA;ÇAMLICA KÜME EVLER;sokak;22668
KASTAMONU;TOSYA;MUSAKÖY - HASANLI;HASANLI KÜME EVLER;sokak;480457
KASTAMONU;TOSYA;MUSAKÖY - MERKEZ;MERKEZ KÜME EVLER;sokak;485655
KASTAMONU;TOSYA;ORTALICA - KÖYÜN KENDİSİ;ACIKAVAK KÜME EVLER;sokak;498101
KASTAMONU;TOSYA;ORTALICA - KÖYÜN KENDİSİ;ADALET SOKAK;sokak;891633
KASTAMONU;TOSYA;ORTALICA - KÖYÜN KENDİSİ;AHMATLI KÜME EVLER;sokak;500530
KASTAMONU;TOSYA;ORTALICA - KÖYÜN KENDİSİ;ARPALIK SOKAK;sokak;891601
KASTAMONU;TOSYA;ORTALICA - KÖYÜN KENDİSİ;ASAR KÜME EVLER;sokak;500083
KASTAMONU;TOSYA;ORTALICA - KÖYÜN KENDİSİ;AŞAĞI ARPALIK SOKAK;sokak;506102
KASTAMONU;TOSYA;ORTALICA - KÖYÜN KENDİSİ;AŞAĞI BEKTAŞLAR KÜME EVLER;sokak;495619
KASTAMONU;TOSYA;ORTALICA - KÖYÜN KENDİSİ;BAĞIŞOĞLU TEPE KÜME EVLER;sokak;494532
KASTAMONU;TOSYA;ORTALICA - KÖYÜN KENDİSİ;BELEN KÜME EVLER;sokak;500098
KASTAMONU;TOSYA;ORTALICA - KÖYÜN KENDİSİ;BELEN YOL ALTI KÜME EVLER;sokak;500099
KASTAMONU;TOSYA;ORTALICA - KÖYÜN KENDİSİ;BELEN YOL ÜSTÜ KÜME EVLER;sokak;500097
KASTAMONU;TOSYA;ORTALICA - KÖYÜN KENDİSİ;ÇAY SOKAK;sokak;891634
KASTAMONU;TOSYA;ORTALICA - KÖYÜN KENDİSİ;ÇAYAĞZI SOKAK;sokak;110170
KASTAMONU;TOSYA;ORTALICA - KÖYÜN KENDİSİ;ÇUKUR KÜME EVLER;sokak;496054
KASTAMONU;TOSYA;ORTALICA - KÖYÜN KENDİSİ;ÇUKURHAN KÜME EVLER;sokak;499172
KASTAMONU;TOSYA;ORTALICA - KÖYÜN KENDİSİ;DEDEKAYASI KÜME EVLER;sokak;500540
KASTAMONU;TOSYA;ORTALICA - KÖYÜN KENDİSİ;DERE KÜME EVLER;sokak;494529
KASTAMONU;TOSYA;ORTALICA - KÖYÜN KENDİSİ;HACIİBRAHİM TEPE KÜME EVLER;sokak;482836
KASTAMONU;TOSYA;ORTALICA - KÖYÜN KENDİSİ;HARMAN SOKAK;sokak;494525
KASTAMONU;TOSYA;ORTALICA - KÖYÜN KENDİSİ;İSTİKLAL SOKAK;sokak;500100
KASTAMONU;TOSYA;ORTALICA - KÖYÜN KENDİSİ;KELEŞ SOKAK;sokak;370608
KASTAMONU;TOSYA;ORTALICA - KÖYÜN KENDİSİ;KULOĞLU MEVKİİ- SOKAK;sokak;499607
KASTAMONU;TOSYA;ORTALICA - KÖYÜN KENDİSİ;KULOĞLU SOKAK;sokak;74412305
KASTAMONU;TOSYA;ORTALICA - KÖYÜN KENDİSİ;KURS SOKAK;sokak;491053
KASTAMONU;TOSYA;ORTALICA - KÖYÜN KENDİSİ;KURTKAPANI KÜME EVLER;sokak;499166
KASTAMONU;TOSYA;ORTALICA - KÖYÜN KENDİSİ;MEHMET AKİF SOKAK;sokak;492792
KASTAMONU;TOSYA;ORTALICA - KÖYÜN KENDİSİ;MERKEZ SOKAK;sokak;494527
KASTAMONU;TOSYA;ORTALICA - KÖYÜN KENDİSİ;ORTAKÖY KÜME EVLER;sokak;496409
KASTAMONU;TOSYA;ORTALICA - KÖYÜN KENDİSİ;RAHMET SOKAK;sokak;891638
KASTAMONU;TOSYA;ORTALICA - KÖYÜN KENDİSİ;SANDIK YERİ SOKAK;sokak;494260
KASTAMONU;TOSYA;ORTALICA - KÖYÜN KENDİSİ;YAHYALI KÜME EVLER;sokak;499164
KASTAMONU;TOSYA;ORTALICA - KÖYÜN KENDİSİ;YUKARI ARPALIK SOKAK;sokak;495541
KASTAMONU;TOSYA;ORTALICA - KÖYÜN KENDİSİ;YUKARI BEKTAŞLAR KÜME EVLER;sokak;496798
KASTAMONU;TOSYA;ÖZBOYU - M1;M1 KÜME EVLER;sokak;491455
KASTAMONU;TOSYA;ÖZBOYU - MERKEZ;MERKEZ KÜME EVLER;sokak;486847
KASTAMONU;TOSYA;PINARBAŞI;3001 SOKAK;sokak;223338761
KASTAMONU;TOSYA;PINARBAŞI;3002 SOKAK;sokak;560776390
KASTAMONU;TOSYA;PINARBAŞI;ABDÜRREZZAK CAMİİ SOKAK;sokak;263520
KASTAMONU;TOSYA;PINARBAŞI;ARPA PAZARI SOKAK;sokak;263521
KASTAMONU;TOSYA;PINARBAŞI;AŞAĞI BEDİR SOKAK;sokak;442242
KASTAMONU;TOSYA;PINARBAŞI;BANKA SOKAK;sokak;263522
KASTAMONU;TOSYA;PINARBAŞI;BEDESTEN ÇARŞISI SOKAK;sokak;263523
KASTAMONU;TOSYA;PINARBAŞI;BOYNEROĞLU SOKAK;sokak;263524
KASTAMONU;TOSYA;PINARBAŞI;ÇİĞDEM SOKAK;sokak;442241
KASTAMONU;TOSYA;PINARBAŞI;ESKİ KASAP HALİ SOKAK;sokak;442243
KASTAMONU;TOSYA;PINARBAŞI;GEÇİOĞLU SOKAK;sokak;263525
KASTAMONU;TOSYA;PINARBAŞI;HALLAÇ SOKAK;sokak;1036606
KASTAMONU;TOSYA;PINARBAŞI;KARABAŞ SOKAK;sokak;263527
KASTAMONU;TOSYA;PINARBAŞI;KARACA SOKAK;sokak;442244
KASTAMONU;TOSYA;PINARBAŞI;KUMRU SOKAK;sokak;349110651
KASTAMONU;TOSYA;PINARBAŞI;KUNDURACILAR ÇARŞISI SOKAK;sokak;263528
KASTAMONU;TOSYA;PINARBAŞI;MAHMUT BAMYACI SOKAK;sokak;263526
KASTAMONU;TOSYA;PINARBAŞI;MUSTANTİK SOKAK;sokak;263529
KASTAMONU;TOSYA;PINARBAŞI;MUTAFLAR ÇARŞISI SOKAK;sokak;442245
KASTAMONU;TOSYA;PINARBAŞI;PAZAR CAMİİ SOKAK;sokak;263530
KASTAMONU;TOSYA;PINARBAŞI;RIHTIMBOYU CADDE;cadde;263531
KASTAMONU;TOSYA;PINARBAŞI;VAKIF SOKAK;sokak;263532
KASTAMONU;TOSYA;PINARBAŞI;YEMENİCİLER ÇARŞISI SOKAK;sokak;442246
KASTAMONU;TOSYA;PINARBAŞI;YENİ CAMİİ SOKAK;sokak;263518
KASTAMONU;TOSYA;PINARBAŞI;YENİ KASAP HALİ SOKAK;sokak;263519
KASTAMONU;TOSYA;SAPACA - ESKİ;ESKİ KÜME EVLER;sokak;490635
KASTAMONU;TOSYA;SAPACA - YENİ;1 SOKAK;sokak;481723
KASTAMONU;TOSYA;SAPACA - YENİ;10. SOKAK;sokak;485711
KASTAMONU;TOSYA;SAPACA - YENİ;11. SOKAK;sokak;480411
KASTAMONU;TOSYA;SAPACA - YENİ;2. SOKAK;sokak;490638
KASTAMONU;TOSYA;SAPACA - YENİ;3. SOKAK;sokak;485338
KASTAMONU;TOSYA;SAPACA - YENİ;4. SOKAK;sokak;490653
KASTAMONU;TOSYA;SAPACA - YENİ;5. SOKAK;sokak;483575
KASTAMONU;TOSYA;SAPACA - YENİ;6. SOKAK;sokak;490693
KASTAMONU;TOSYA;SAPACA - YENİ;7. SOKAK;sokak;483561
KASTAMONU;TOSYA;SAPACA - YENİ;8. SOKAK;sokak;485691
KASTAMONU;TOSYA;SAPACA - YENİ;9. SOKAK;sokak;483555
KASTAMONU;TOSYA;SAPACA - YENİ;KUMOCAĞI KÜME EVLER;sokak;310656910
KASTAMONU;TOSYA;SAPACA - YENİ;SAMSUN YOLU SOKAK;sokak;829846
KASTAMONU;TOSYA;SEKİLER - MERKEZ;ATIF LAFÇI SOKAK;sokak;526711
KASTAMONU;TOSYA;SEKİLER - MERKEZ;CAMİ SOKAK;sokak;524927
KASTAMONU;TOSYA;SEKİLER - MERKEZ;CEBECİ SOKAK;sokak;86137
KASTAMONU;TOSYA;SEKİLER - MERKEZ;CUMHURİYET SOKAK;sokak;525682
KASTAMONU;TOSYA;SEKİLER - MERKEZ;ÇİĞDEM SOKAK;sokak;523480
KASTAMONU;TOSYA;SEKİLER - MERKEZ;GÜL SOKAK;sokak;531541
KASTAMONU;TOSYA;SEKİLER - MERKEZ;KARANFİL SOKAK;sokak;526539
KASTAMONU;TOSYA;SEKİLER - MERKEZ;ÖZTÜRK SOKAK;sokak;526637
KASTAMONU;TOSYA;SEKİLER - MERKEZ;PORTAKAL SOKAK;sokak;40928
KASTAMONU;TOSYA;SEKİLER - MERKEZ;SAĞLIK SOKAK;sokak;94459
KASTAMONU;TOSYA;SEKİLER - MERKEZ;SOYTÜRK SOKAK;sokak;980986270
KASTAMONU;TOSYA;SEKİLER - MERKEZ;SÜTÇÜ SOKAK;sokak;523064
KASTAMONU;TOSYA;SEKİLER - MERKEZ;ŞEHİTCIDOĞLU SOKAK;sokak;524110
KASTAMONU;TOSYA;SEKİLER - MERKEZ;TOSYA SOKAK;sokak;499458
KASTAMONU;TOSYA;SEKİLER - MERKEZ;YUKARI PINAR SOKAK;sokak;527865
KASTAMONU;TOSYA;SEVİNÇÖREN - MERKEZ;MERKEZ KÜME EVLER;sokak;481513
KASTAMONU;TOSYA;SOFULAR - KARAPÜRÇEK;KARAPÜRÇEK KÜME EVLER;sokak;487105
KASTAMONU;TOSYA;SOFULAR - MERKEZ;MERKEZ KÜME EVLER;sokak;479898
KASTAMONU;TOSYA;SOFULAR - YENİ;YENİ KÜME EVLER;sokak;486236
KASTAMONU;TOSYA;SOFULAR - YEŞİLÇAYIR;YEŞİLÇAYIR KÜME EVLER;sokak;480957
KASTAMONU;TOSYA;SULUCA - GÖTÜRGE;GÖTÜRGE KÜME EVLER;sokak;376779
KASTAMONU;TOSYA;SULUCA - MERKEZ;MERKEZ KÜME EVLER;sokak;523165
KASTAMONU;TOSYA;SULUCA - SİTE;SİTE KÜME EVLER;sokak;534103
KASTAMONU;TOSYA;SULUCA - UĞUR;UĞUR KÜME EVLER;sokak;534135
KASTAMONU;TOSYA;ŞARAKMAN - MERKEZ;MERKEZ KÜME EVLER;sokak;484741
KASTAMONU;TOSYA;ŞEH;501 SOKAK;sokak;322289341
KASTAMONU;TOSYA;ŞEH;502 SOKAK;sokak;512013411
KASTAMONU;TOSYA;ŞEH;503 SOKAK;sokak;623668850
KASTAMONU;TOSYA;ŞEH;504 SOKAK;sokak;139789521
KASTAMONU;TOSYA;ŞEH;505 SOKAK;sokak;651683611
KASTAMONU;TOSYA;ŞEH;506 SOKAK;sokak;707618871
KASTAMONU;TOSYA;ŞEH;507 SOKAK;sokak;480436810
KASTAMONU;TOSYA;ŞEH;AŞAĞI BEDİR SOKAK;sokak;442250
KASTAMONU;TOSYA;ŞEH;BAŞAK SOKAK;sokak;262261
KASTAMONU;TOSYA;ŞEH;BONCUKLU SOKAK;sokak;262262
KASTAMONU;TOSYA;ŞEH;BÜYÜKŞEN SOKAK;sokak;263533
KASTAMONU;TOSYA;ŞEH;ÇAY CAMİİ SOKAK;sokak;262256
KASTAMONU;TOSYA;ŞEH;ÇİLİNGİR SOKAK;sokak;262257
KASTAMONU;TOSYA;ŞEH;DEVECİOĞLU CAMİİ SOKAK;sokak;262250
KASTAMONU;TOSYA;ŞEH;GÜRÇEŞME SOKAK;sokak;262251
KASTAMONU;TOSYA;ŞEH;GÜVERCİN SOKAK;sokak;262252
KASTAMONU;TOSYA;ŞEH;KÜÇÜK BAHÇE SOKAK;sokak;719393
KASTAMONU;TOSYA;ŞEH;KÜÇÜK ÇAY SOKAK;sokak;442247
KASTAMONU;TOSYA;ŞEH;MECİT EFENDİ 3 CADDE;cadde;262253
KASTAMONU;TOSYA;ŞEH;RIHTIMBOYU CADDE;cadde;262254
KASTAMONU;TOSYA;ŞEH;SAKARYA OKULU SOKAK;sokak;442248
KASTAMONU;TOSYA;ŞEH;SİMSİM SOKAK;sokak;262255
KASTAMONU;TOSYA;ŞEH;SUR SOKAK;sokak;442249
KASTAMONU;TOSYA;ŞEH;SÜMER SOKAK;sokak;262259
KASTAMONU;TOSYA;ŞEH;SÜRMELİ SOKAK;sokak;262260
KASTAMONU;TOSYA;ŞEH;ZERAFET SOKAK;sokak;262258
KASTAMONU;TOSYA;ŞEHREKÜSTÜ;5001 SOKAK;sokak;167885071
KASTAMONU;TOSYA;ŞEHREKÜSTÜ;5002 SOKAK;sokak;131000940
KASTAMONU;TOSYA;ŞEHREKÜSTÜ;5003 SOKAK;sokak;422503570
KASTAMONU;TOSYA;ŞEHREKÜSTÜ;5004 SOKAK;sokak;714991981
KASTAMONU;TOSYA;ŞEHREKÜSTÜ;AHMET AĞA SOKAK;sokak;442251
KASTAMONU;TOSYA;ŞEHREKÜSTÜ;BELEDİYE SOKAK;sokak;262264
KASTAMONU;TOSYA;ŞEHREKÜSTÜ;BEZCİ SOKAK;sokak;262265
KASTAMONU;TOSYA;ŞEHREKÜSTÜ;BÜLBÜL DERESİ SOKAK;sokak;442252
KASTAMONU;TOSYA;ŞEHREKÜSTÜ;CEZAYİRLİ SOKAK;sokak;262266
KASTAMONU;TOSYA;ŞEHREKÜSTÜ;CİMEK SOKAK;sokak;262268
KASTAMONU;TOSYA;ŞEHREKÜSTÜ;ÇADIRCIOĞLU SOKAK;sokak;442255
KASTAMONU;TOSYA;ŞEHREKÜSTÜ;EYÜPOĞLU SOKAK;sokak;362761
KASTAMONU;TOSYA;ŞEHREKÜSTÜ;GÖKHAN SOKAK;sokak;442253
KASTAMONU;TOSYA;ŞEHREKÜSTÜ;HAMAMCI ÇIKMAZI SOKAK;sokak;442254
KASTAMONU;TOSYA;ŞEHREKÜSTÜ;HAMAMCI SOKAK;sokak;362762
KASTAMONU;TOSYA;ŞEHREKÜSTÜ;HASANBEY SOKAK;sokak;262271
KASTAMONU;TOSYA;ŞEHREKÜSTÜ;İPEK YÜZBAŞI SOKAK;sokak;262275
KASTAMONU;TOSYA;ŞEHREKÜSTÜ;KELEŞ SOKAK;sokak;262272
KASTAMONU;TOSYA;ŞEHREKÜSTÜ;MECİTÖNÜ SOKAK;sokak;262273
KASTAMONU;TOSYA;ŞEHREKÜSTÜ;SANDALCI SOKAK;sokak;262263
KASTAMONU;TOSYA;ŞEHREKÜSTÜ;SARI SOKAK;sokak;262270
KASTAMONU;TOSYA;ŞEHREKÜSTÜ;SARMAŞIK SOKAK;sokak;262269
KASTAMONU;TOSYA;ŞEHREKÜSTÜ;SÜRÜCÜ SOKAK;sokak;262274
KASTAMONU;TOSYA;ŞEHREKÜSTÜ;SÜVARİ SOKAK;sokak;262267
KASTAMONU;TOSYA;ŞEHREKÜSTÜ;ZOPTUROĞLU SOKAK;sokak;362763
KASTAMONU;TOSYA;YAĞCILAR - GÖL;GÖL KÜME EVLER;sokak;536365
KASTAMONU;TOSYA;YAĞCILAR - KIZILCAAĞIL;KIZILCAAĞIL KÜME EVLER;sokak;541317
KASTAMONU;TOSYA;YAĞCILAR - MERKEZ;MERKEZ KÜME EVLER;sokak;490031
KASTAMONU;TOSYA;YAVUZ SELİM;6501 SOKAK;sokak;896128321
KASTAMONU;TOSYA;YAVUZ SELİM;6502 SOKAK;sokak;281486661
KASTAMONU;TOSYA;YAVUZ SELİM;6503 SOKAK;sokak;257110031
KASTAMONU;TOSYA;YAVUZ SELİM;6504 SOKAK;sokak;394210030
KASTAMONU;TOSYA;YAVUZ SELİM;6505 SOKAK;sokak;863407181
KASTAMONU;TOSYA;YAVUZ SELİM;6506 SOKAK;sokak;562740790
KASTAMONU;TOSYA;YAVUZ SELİM;6507 SOKAK;sokak;395139731
KASTAMONU;TOSYA;YAVUZ SELİM;6508 SOKAK;sokak;677776981
KASTAMONU;TOSYA;YAVUZ SELİM;6509 SOKAK;sokak;279588751
KASTAMONU;TOSYA;YAVUZ SELİM;6510 SOKAK;sokak;629076211
KASTAMONU;TOSYA;YAVUZ SELİM;6511 SOKAK;sokak;263277180
KASTAMONU;TOSYA;YAVUZ SELİM;6512 SOKAK;sokak;724138000
KASTAMONU;TOSYA;YAVUZ SELİM;6513 SOKAK;sokak;939739310
KASTAMONU;TOSYA;YAVUZ SELİM;6514 SOKAK;sokak;400717631
KASTAMONU;TOSYA;YAVUZ SELİM;6515 SOKAK;sokak;431321661
KASTAMONU;TOSYA;YAVUZ SELİM;6516 SOKAK;sokak;299739890
KASTAMONU;TOSYA;YAVUZ SELİM;6517 SOKAK;sokak;651303950
KASTAMONU;TOSYA;YAVUZ SELİM;6518 SOKAK;sokak;149691171
KASTAMONU;TOSYA;YAVUZ SELİM;6519 SOKAK;sokak;507946680
KASTAMONU;TOSYA;YAVUZ SELİM;6520 SOKAK;sokak;507984120
KASTAMONU;TOSYA;YAVUZ SELİM;6521 SOKAK;sokak;545420220
KASTAMONU;TOSYA;YAVUZ SELİM;6522 SOKAK;sokak;434457660
KASTAMONU;TOSYA;YAVUZ SELİM;6523 SOKAK;sokak;535850711
KASTAMONU;TOSYA;YAVUZ SELİM;6524 SOKAK;sokak;191400450
KASTAMONU;TOSYA;YAVUZ SELİM;6525 SOKAK;sokak;826566610
KASTAMONU;TOSYA;YAVUZ SELİM;6526 SOKAK;sokak;893378510
KASTAMONU;TOSYA;YAVUZ SELİM;6527 SOKAK;sokak;925828731
KASTAMONU;TOSYA;YAVUZ SELİM;6528 SOKAK;sokak;788265671
KASTAMONU;TOSYA;YAVUZ SELİM;6529 SOKAK;sokak;175811251
KASTAMONU;TOSYA;YAVUZ SELİM;6530 SOKAK;sokak;163728720
KASTAMONU;TOSYA;YAVUZ SELİM;6531 SOKAK;sokak;224859651
KASTAMONU;TOSYA;YAVUZ SELİM;6532 SOKAK;sokak;263813351
KASTAMONU;TOSYA;YAVUZ SELİM;6533 SOKAK;sokak;513354041
KASTAMONU;TOSYA;YAVUZ SELİM;6534 SOKAK;sokak;299857771
KASTAMONU;TOSYA;YAVUZ SELİM;6536 SOKAK;sokak;925350610
KASTAMONU;TOSYA;YAVUZ SELİM;6537 SOKAK;sokak;448656400
KASTAMONU;TOSYA;YAVUZ SELİM;6538 SOKAK;sokak;830314351
KASTAMONU;TOSYA;YAVUZ SELİM;6539 SOKAK;sokak;411868670
KASTAMONU;TOSYA;YAVUZ SELİM;6540 SOKAK;sokak;918907490
KASTAMONU;TOSYA;YAVUZ SELİM;6541 SOKAK;sokak;380977050
KASTAMONU;TOSYA;YAVUZ SELİM;6542 SOKAK;sokak;279652841
KASTAMONU;TOSYA;YAVUZ SELİM;6543 SOKAK;sokak;103336070
KASTAMONU;TOSYA;YAVUZ SELİM;6544 SOKAK;sokak;304262411
KASTAMONU;TOSYA;YAVUZ SELİM;6545 SOKAK;sokak;294601690
KASTAMONU;TOSYA;YAVUZ SELİM;6546 SOKAK;sokak;266449630
KASTAMONU;TOSYA;YAVUZ SELİM;6547 SOKAK;sokak;557721801
KASTAMONU;TOSYA;YAVUZ SELİM;6548 SOKAK;sokak;473660591
KASTAMONU;TOSYA;YAVUZ SELİM;6549 SOKAK;sokak;341429350
KASTAMONU;TOSYA;YAVUZ SELİM;6550 SOKAK;sokak;169889900
KASTAMONU;TOSYA;YAVUZ SELİM;6551 SOKAK;sokak;755755630
KASTAMONU;TOSYA;YAVUZ SELİM;6552 SOKAK;sokak;269487030
KASTAMONU;TOSYA;YAVUZ SELİM;6553 SOKAK;sokak;651228140
KASTAMONU;TOSYA;YAVUZ SELİM;6554 SOKAK;sokak;604784010
KASTAMONU;TOSYA;YAVUZ SELİM;6555 SOKAK;sokak;915937801
KASTAMONU;TOSYA;YAVUZ SELİM;6556 SOKAK;sokak;807006021
KASTAMONU;TOSYA;YAVUZ SELİM;6557 SOKAK;sokak;227707210
KASTAMONU;TOSYA;YAVUZ SELİM;6558 SOKAK;sokak;845347591
KASTAMONU;TOSYA;YAVUZ SELİM;6559 SOKAK;sokak;647795641
KASTAMONU;TOSYA;YAVUZ SELİM;6560 SOKAK;sokak;306419711
KASTAMONU;TOSYA;YAVUZ SELİM;6561 SOKAK;sokak;794735001
KASTAMONU;TOSYA;YAVUZ SELİM;6562 SOKAK;sokak;812365640
KASTAMONU;TOSYA;YAVUZ SELİM;6563 SOKAK;sokak;760918341
KASTAMONU;TOSYA;YAVUZ SELİM;6564 SOKAK;sokak;455981821
KASTAMONU;TOSYA;YAVUZ SELİM;6567 SOKAK;sokak;712608300
KASTAMONU;TOSYA;YAVUZ SELİM;AŞIK SOKAK;sokak;368489270
KASTAMONU;TOSYA;YAVUZ SELİM;AVŞAR 1 SOKAK;sokak;676001550
KASTAMONU;TOSYA;YAVUZ SELİM;AVŞAR SOKAK;sokak;813814
KASTAMONU;TOSYA;YAVUZ SELİM;AYDIN SOKAK;sokak;509778261
KASTAMONU;TOSYA;YAVUZ SELİM;BAHADIR SOKAK;sokak;718501011
KASTAMONU;TOSYA;YAVUZ SELİM;BAHÇEBAŞI 2 SOKAK;sokak;855241301
KASTAMONU;TOSYA;YAVUZ SELİM;BAHÇEBAŞI SOKAK;sokak;255537
KASTAMONU;TOSYA;YAVUZ SELİM;BARDAKOĞLU CADDE;cadde;24443
KASTAMONU;TOSYA;YAVUZ SELİM;BAYINDIR SOKAK;sokak;593531691
KASTAMONU;TOSYA;YAVUZ SELİM;BERÇİN SOKAK;sokak;464644180
KASTAMONU;TOSYA;YAVUZ SELİM;BEREKETLİ SOKAK;sokak;813526011
KASTAMONU;TOSYA;YAVUZ SELİM;BİLLUR SOKAK;sokak;932431601
KASTAMONU;TOSYA;YAVUZ SELİM;BORSA SOKAK;sokak;327227790
KASTAMONU;TOSYA;YAVUZ SELİM;BOZAN SOKAK;sokak;470692161
KASTAMONU;TOSYA;YAVUZ SELİM;CEBEL SOKAK;sokak;206056970
KASTAMONU;TOSYA;YAVUZ SELİM;CELAL USTAOĞLU SOKAK;sokak;24444
KASTAMONU;TOSYA;YAVUZ SELİM;CEMİL KILIÇ SOKAK;sokak;907148
KASTAMONU;TOSYA;YAVUZ SELİM;CENGİZ KIRAL SOKAK;sokak;878288
KASTAMONU;TOSYA;YAVUZ SELİM;COŞAR SOKAK;sokak;869796890
KASTAMONU;TOSYA;YAVUZ SELİM;COŞKUN SOKAK;sokak;210399121
KASTAMONU;TOSYA;YAVUZ SELİM;ÇAĞDAŞ SOKAK;sokak;327596800
KASTAMONU;TOSYA;YAVUZ SELİM;ÇALIŞKANLAR SOKAK;sokak;268642980
KASTAMONU;TOSYA;YAVUZ SELİM;ÇELİK SOKAK;sokak;555184431
KASTAMONU;TOSYA;YAVUZ SELİM;ÇELTİK SOKAK;sokak;247848861
KASTAMONU;TOSYA;YAVUZ SELİM;ÇINAR ALTI SOKAK;sokak;438113
KASTAMONU;TOSYA;YAVUZ SELİM;DEVREZ SOKAK;sokak;112549680
KASTAMONU;TOSYA;YAVUZ SELİM;DOÇ.DR AYHAN ALBOSTAN SOKAK;sokak;962314
KASTAMONU;TOSYA;YAVUZ SELİM;DOÇ.DR.HÜSEYİN SAK SOKAK;sokak;962308
KASTAMONU;TOSYA;YAVUZ SELİM;DOSTLAR SOKAK;sokak;100488410
KASTAMONU;TOSYA;YAVUZ SELİM;DUMLUPINAR SOKAK;sokak;460121671
KASTAMONU;TOSYA;YAVUZ SELİM;ESEN SOKAK;sokak;294554091
KASTAMONU;TOSYA;YAVUZ SELİM;FAZIL ERDİNE CADDE;cadde;1383771
KASTAMONU;TOSYA;YAVUZ SELİM;GÜNEŞ SOKAK;sokak;522465500
KASTAMONU;TOSYA;YAVUZ SELİM;HEDEF SOKAK;sokak;681973910
KASTAMONU;TOSYA;YAVUZ SELİM;HÜSEYİN KARATAŞ SOKAK;sokak;962312
KASTAMONU;TOSYA;YAVUZ SELİM;İPEK YOLU 5 SOKAK;sokak;560583570
KASTAMONU;TOSYA;YAVUZ SELİM;İPEK YOLU CADDE;cadde;26126
KASTAMONU;TOSYA;YAVUZ SELİM;KADİFE SOKAK;sokak;26693
KASTAMONU;TOSYA;YAVUZ SELİM;KAHRAMAN SOKAK;sokak;769099511
KASTAMONU;TOSYA;YAVUZ SELİM;KAPTAN SOKAK;sokak;833594971
KASTAMONU;TOSYA;YAVUZ SELİM;KARGIN SOKAK;sokak;771700250
KASTAMONU;TOSYA;YAVUZ SELİM;KAYI BOYU SOKAK;sokak;147692931
KASTAMONU;TOSYA;YAVUZ SELİM;KEVSER SOKAK;sokak;945214161
KASTAMONU;TOSYA;YAVUZ SELİM;KINIK SOKAK;sokak;687576731
KASTAMONU;TOSYA;YAVUZ SELİM;KIRÇİCEĞİ SOKAK;sokak;867499
KASTAMONU;TOSYA;YAVUZ SELİM;KIRLANGIÇ SOKAK;sokak;830089610
KASTAMONU;TOSYA;YAVUZ SELİM;KOCA SİNAN CADDE;cadde;881520200
KASTAMONU;TOSYA;YAVUZ SELİM;KORKMAZ CADDE;cadde;699583530
KASTAMONU;TOSYA;YAVUZ SELİM;KÖSEN SOKAK;sokak;893942
KASTAMONU;TOSYA;YAVUZ SELİM;KUŞAKCI SOKAK;sokak;870789
KASTAMONU;TOSYA;YAVUZ SELİM;MARANGOZ SOKAK;sokak;26124
KASTAMONU;TOSYA;YAVUZ SELİM;MARTI SOKAK;sokak;762059541
KASTAMONU;TOSYA;YAVUZ SELİM;MEHMETCİK SOKAK;sokak;841035
KASTAMONU;TOSYA;YAVUZ SELİM;MEKAN SOKAK;sokak;868905
KASTAMONU;TOSYA;YAVUZ SELİM;MERKEZ KÜME EVLER;sokak;133791281
KASTAMONU;TOSYA;YAVUZ SELİM;MERMER DİREK 4 SOKAK;sokak;703454910
KASTAMONU;TOSYA;YAVUZ SELİM;MERMER DİREK SOKAK;sokak;364769
KASTAMONU;TOSYA;YAVUZ SELİM;METİN BAŞLI SOKAK;sokak;907144
KASTAMONU;TOSYA;YAVUZ SELİM;MUSTAFA YILMAZ SOKAK;sokak;878287
KASTAMONU;TOSYA;YAVUZ SELİM;NAME SOKAK;sokak;1371633
KASTAMONU;TOSYA;YAVUZ SELİM;NARLI SOKAK;sokak;1473755
KASTAMONU;TOSYA;YAVUZ SELİM;NİYET SOKAK;sokak;829943
KASTAMONU;TOSYA;YAVUZ SELİM;OBA SOKAK;sokak;886986671
KASTAMONU;TOSYA;YAVUZ SELİM;ONUR SOKAK;sokak;170757710
KASTAMONU;TOSYA;YAVUZ SELİM;OTOGAR CADDE;cadde;326705231
KASTAMONU;TOSYA;YAVUZ SELİM;ÖZBOYU SOKAK;sokak;383795901
KASTAMONU;TOSYA;YAVUZ SELİM;PETEK SOKAK;sokak;409314200
KASTAMONU;TOSYA;YAVUZ SELİM;PİRİNÇÇİ SOKAK;sokak;794310600
KASTAMONU;TOSYA;YAVUZ SELİM;POYRAZ SOKAK;sokak;587623110
KASTAMONU;TOSYA;YAVUZ SELİM;REİS SOKAK;sokak;907145
KASTAMONU;TOSYA;YAVUZ SELİM;REKABET SOKAK;sokak;907143
KASTAMONU;TOSYA;YAVUZ SELİM;RUŞEN SOKAK;sokak;387336141
KASTAMONU;TOSYA;YAVUZ SELİM;RÜYAM SOKAK;sokak;479735160
KASTAMONU;TOSYA;YAVUZ SELİM;RÜZGARLI SOKAK;sokak;189274181
KASTAMONU;TOSYA;YAVUZ SELİM;SALKIM SOKAK;sokak;438116
KASTAMONU;TOSYA;YAVUZ SELİM;SAMYELİ SOKAK;sokak;384521161
KASTAMONU;TOSYA;YAVUZ SELİM;SANAT SOKAK;sokak;824202410
KASTAMONU;TOSYA;YAVUZ SELİM;SANAYİ SOKAK;sokak;817202
KASTAMONU;TOSYA;YAVUZ SELİM;SAPACA SOKAK;sokak;480757331
KASTAMONU;TOSYA;YAVUZ SELİM;SEKİLER SOKAK;sokak;1035695
KASTAMONU;TOSYA;YAVUZ SELİM;SELANİK SOKAK;sokak;372887501
KASTAMONU;TOSYA;YAVUZ SELİM;SELVI SOKAK SOKAK;sokak;732096291
KASTAMONU;TOSYA;YAVUZ SELİM;SİNAN SOKAK;sokak;406883431
KASTAMONU;TOSYA;YAVUZ SELİM;ŞEHİT MURAT ÇÖKMEZ CADDE;cadde;863436
KASTAMONU;TOSYA;YAVUZ SELİM;ŞHT.CELAL YAVUZ CADDE;cadde;1111410
KASTAMONU;TOSYA;YAVUZ SELİM;ŞHT.TEĞMEN YAVUZ ERACAR CADDE;cadde;255529
KASTAMONU;TOSYA;YAVUZ SELİM;TATLIDİL SOKAK;sokak;526582
KASTAMONU;TOSYA;YAVUZ SELİM;TATLISÖZ SOKAK;sokak;26125
KASTAMONU;TOSYA;YAVUZ SELİM;TELACI SOKAK;sokak;870788
KASTAMONU;TOSYA;YAVUZ SELİM;TİFTİKÇİ SOKAK;sokak;870786
KASTAMONU;TOSYA;YAVUZ SELİM;YAZGAN SOKAK;sokak;881106710
KASTAMONU;TOSYA;YAVUZ SELİM;YİĞİTLER SOKAK;sokak;442080230
KASTAMONU;TOSYA;YAVUZ SELİM;YUSUF GÜNAY CADDE;cadde;870799
KASTAMONU;TOSYA;YAVUZ SELİM;YUSUF TÜLEK SOKAK;sokak;858986
KASTAMONU;TOSYA;YAVUZ SELİM;YÜCEL SOKAK;sokak;705685551
KASTAMONU;TOSYA;YAVUZ SELİM;YÜKSEK SOKAK SOKAK;sokak;723528001
KASTAMONU;TOSYA;YAVUZ SELİM;ZİRAAT SOKAK;sokak;878300
KASTAMONU;TOSYA;YENİDOĞAN - MERKEZ;1 SOKAK;sokak;525256
KASTAMONU;TOSYA;YENİDOĞAN - MERKEZ;2 SOKAK;sokak;526564
KASTAMONU;TOSYA;YENİDOĞAN - MERKEZ;3 SOKAK;sokak;533318
KASTAMONU;TOSYA;YENİDOĞAN - MERKEZ;4 SOKAK;sokak;529364
KASTAMONU;TOSYA;YENİDOĞAN - MERKEZ;5 SOKAK;sokak;525721
KASTAMONU;TOSYA;YENİDOĞAN - MERKEZ;6 SOKAK;sokak;522865
KASTAMONU;TOSYA;YENİDOĞAN - MERKEZ;7 SOKAK;sokak;86140
KASTAMONU;TOSYA;YENİDOĞAN - MERKEZ;8 SOKAK;sokak;525727
KASTAMONU;TOSYA;YENİDOĞAN - MERKEZ;9 SOKAK;sokak;90580
KASTAMONU;TOSYA;YENİDOĞAN - MERKEZ;AŞAĞI GAZİ KÜME EVLER;sokak;535521
KASTAMONU;TOSYA;YENİDOĞAN - MERKEZ;CUMHURİYET SOKAK;sokak;40863
KASTAMONU;TOSYA;YENİDOĞAN - MERKEZ;ELDAŞ SOKAK;sokak;527126
KASTAMONU;TOSYA;YENİDOĞAN - MERKEZ;GAZİ- KÜME EVLER;sokak;532945
KASTAMONU;TOSYA;YENİDOĞAN - MERKEZ;GOKOMOZ SOKAK;sokak;532913
KASTAMONU;TOSYA;YENİDOĞAN - MERKEZ;KIŞLA KÜME EVLER;sokak;530190
KASTAMONU;TOSYA;YENİDOĞAN - MERKEZ;SİTELER KÜME EVLER;sokak;90602
KASTAMONU;TOSYA;YENİDOĞAN - MERKEZ;YUKARI GAZİ KÜME EVLER;sokak;679964
KASTAMONU;TOSYA;YUKARIBERÇİN - MERKEZ;MERKEZ KÜME EVLER;sokak;491262
KASTAMONU;TOSYA;YUKARIBERÇİN - ORTA BERÇİN;ORTA BERÇİN KÜME EVLER;sokak;483519
KASTAMONU;TOSYA;YUKARIBERÇİN - YENİ;YENİ KÜME EVLER;sokak;479926
KASTAMONU;TOSYA;YUKARIDİKMEN - MERKEZ;MERKEZ KÜME EVLER;sokak;489866
KASTAMONU;TOSYA;YUKARIKAYI - ÇİFTLİK;ÇİFTLİK KÜME EVLER;sokak;491739
KASTAMONU;TOSYA;YUKARIKAYI - MERKEZ;MERKEZ KÜME EVLER;sokak;485307
KASTAMONU;TOSYA;YUNUS EMRE;6001 SOKAK;sokak;1094358
KASTAMONU;TOSYA;YUNUS EMRE;6003 SOKAK;sokak;273503960
KASTAMONU;TOSYA;YUNUS EMRE;6004 SOKAK;sokak;802000581
KASTAMONU;TOSYA;YUNUS EMRE;6005 SOKAK;sokak;579240601
KASTAMONU;TOSYA;YUNUS EMRE;6006 SOKAK;sokak;245802010
KASTAMONU;TOSYA;YUNUS EMRE;6007 SOKAK;sokak;122897320
KASTAMONU;TOSYA;YUNUS EMRE;6008 SOKAK;sokak;503849
KASTAMONU;TOSYA;YUNUS EMRE;6009 SOKAK;sokak;894812950
KASTAMONU;TOSYA;YUNUS EMRE;6010 SOKAK;sokak;835226641
KASTAMONU;TOSYA;YUNUS EMRE;6011 SOKAK;sokak;686158141
KASTAMONU;TOSYA;YUNUS EMRE;6012 SOKAK;sokak;176794570
KASTAMONU;TOSYA;YUNUS EMRE;6013 SOKAK;sokak;722082590
KASTAMONU;TOSYA;YUNUS EMRE;6014 SOKAK;sokak;916572620
KASTAMONU;TOSYA;YUNUS EMRE;6015 SOKAK;sokak;191219201
KASTAMONU;TOSYA;YUNUS EMRE;6016 SOKAK;sokak;796652951
KASTAMONU;TOSYA;YUNUS EMRE;6017 SOKAK;sokak;384385520
KASTAMONU;TOSYA;YUNUS EMRE;6018 SOKAK;sokak;295299890
KASTAMONU;TOSYA;YUNUS EMRE;6019 SOKAK;sokak;207056381
KASTAMONU;TOSYA;YUNUS EMRE;6020 SOKAK;sokak;795760961
KASTAMONU;TOSYA;YUNUS EMRE;6021 SOKAK;sokak;438118
KASTAMONU;TOSYA;YUNUS EMRE;6022 SOKAK;sokak;438112
KASTAMONU;TOSYA;YUNUS EMRE;6023 SOKAK;sokak;755201221
KASTAMONU;TOSYA;YUNUS EMRE;6024 SOKAK;sokak;478665040
KASTAMONU;TOSYA;YUNUS EMRE;6025 SOKAK;sokak;568024401
KASTAMONU;TOSYA;YUNUS EMRE;6026 SOKAK;sokak;551701530
KASTAMONU;TOSYA;YUNUS EMRE;6027 SOKAK;sokak;587603800
KASTAMONU;TOSYA;YUNUS EMRE;6028 SOKAK;sokak;840900260
KASTAMONU;TOSYA;YUNUS EMRE;6029 SOKAK;sokak;485533410
KASTAMONU;TOSYA;YUNUS EMRE;6030 SOKAK;sokak;713206590
KASTAMONU;TOSYA;YUNUS EMRE;6031 SOKAK;sokak;578417101
KASTAMONU;TOSYA;YUNUS EMRE;ALEMDAR SOKAK;sokak;506169
KASTAMONU;TOSYA;YUNUS EMRE;ARAL SOKAK;sokak;255533
KASTAMONU;TOSYA;YUNUS EMRE;ASENA SOKAK;sokak;506170
KASTAMONU;TOSYA;YUNUS EMRE;ASYA SOKAK;sokak;887993
KASTAMONU;TOSYA;YUNUS EMRE;AŞİYAN SOKAK;sokak;493856
KASTAMONU;TOSYA;YUNUS EMRE;AVŞAR 1 SOKAK;sokak;340886901
KASTAMONU;TOSYA;YUNUS EMRE;BAKAR SOKAK;sokak;438119
KASTAMONU;TOSYA;YUNUS EMRE;BARBAROS SOKAK;sokak;255538
KASTAMONU;TOSYA;YUNUS EMRE;BAŞBUĞ CADDE;cadde;438120
KASTAMONU;TOSYA;YUNUS EMRE;BATTAL GAZİ SOKAK;sokak;255539
KASTAMONU;TOSYA;YUNUS EMRE;BEREKET SOKAK;sokak;255540
KASTAMONU;TOSYA;YUNUS EMRE;BOZKURT SOKAK;sokak;506171
KASTAMONU;TOSYA;YUNUS EMRE;CANDAN SOKAK;sokak;255542
KASTAMONU;TOSYA;YUNUS EMRE;ÇANAKKALE ŞEHİTLERİ CADDE;cadde;257152
KASTAMONU;TOSYA;YUNUS EMRE;ELİF SOKAK;sokak;503851
KASTAMONU;TOSYA;YUNUS EMRE;ESTERGON SOKAK;sokak;255545
KASTAMONU;TOSYA;YUNUS EMRE;EVLİYA ÇELEBİ SOKAK;sokak;364764
KASTAMONU;TOSYA;YUNUS EMRE;EYÜP EL ENSARİ SOKAK;sokak;499252
KASTAMONU;TOSYA;YUNUS EMRE;FATİH SULTAN MEHMET CADDE;cadde;255546
KASTAMONU;TOSYA;YUNUS EMRE;FATİN RÜŞTÜ ZORLU SOKAK;sokak;502361
KASTAMONU;TOSYA;YUNUS EMRE;GÜN SAZAK SOKAK;sokak;255549
KASTAMONU;TOSYA;YUNUS EMRE;HASAN POLATKAN SOKAK;sokak;438124
KASTAMONU;TOSYA;YUNUS EMRE;HİKMET SOKAK;sokak;504507
KASTAMONU;TOSYA;YUNUS EMRE;HOCA AHMET YESEVİ CADDE;cadde;134357140
KASTAMONU;TOSYA;YUNUS EMRE;ITR-I SOKAK;sokak;256822
KASTAMONU;TOSYA;YUNUS EMRE;İBNİ SİNA SOKAK;sokak;255525
KASTAMONU;TOSYA;YUNUS EMRE;İKBAL SOKAK;sokak;493825
KASTAMONU;TOSYA;YUNUS EMRE;İLYAS ATLI SOKAK;sokak;255526
KASTAMONU;TOSYA;YUNUS EMRE;İPEK YOLU CADDE;cadde;499592
KASTAMONU;TOSYA;YUNUS EMRE;İSTİKLAL SOKAK;sokak;255527
KASTAMONU;TOSYA;YUNUS EMRE;KAFKAS SOKAK;sokak;438125
KASTAMONU;TOSYA;YUNUS EMRE;KANARYA SOKAK;sokak;256824
KASTAMONU;TOSYA;YUNUS EMRE;KARAAĞAÇLI SOKAK;sokak;1077964
KASTAMONU;TOSYA;YUNUS EMRE;KARTAL SOKAK;sokak;364767
KASTAMONU;TOSYA;YUNUS EMRE;KASTAMONU CADDE;cadde;493915
KASTAMONU;TOSYA;YUNUS EMRE;KERKÜK SOKAK;sokak;499247
KASTAMONU;TOSYA;YUNUS EMRE;KIZAMIKLI SOKAK;sokak;26127
KASTAMONU;TOSYA;YUNUS EMRE;KÖPRÜLÜ SOKAK;sokak;438127
KASTAMONU;TOSYA;YUNUS EMRE;KUYUMCU PINARI SOKAK;sokak;364768
KASTAMONU;TOSYA;YUNUS EMRE;MERİÇ SOKAK;sokak;257154
KASTAMONU;TOSYA;YUNUS EMRE;MEVLANA SOKAK;sokak;257155
KASTAMONU;TOSYA;YUNUS EMRE;MUSTAFA CEMİLOĞLU SOKAK;sokak;257156
KASTAMONU;TOSYA;YUNUS EMRE;MUSUL SOKAK;sokak;493857
KASTAMONU;TOSYA;YUNUS EMRE;MÜMTAZ YÜCEL CADDE;cadde;438129
KASTAMONU;TOSYA;YUNUS EMRE;PEÇENEK SOKAK;sokak;438130
KASTAMONU;TOSYA;YUNUS EMRE;PRF.DR.METİN SÖZEN CADDE;cadde;896019
KASTAMONU;TOSYA;YUNUS EMRE;PROF.DR.ALİ BARDAKOĞLU CADDE;cadde;580811421
KASTAMONU;TOSYA;YUNUS EMRE;SAĞLIK CADDE;cadde;785484920
KASTAMONU;TOSYA;YUNUS EMRE;SEMA SOKAK;sokak;493827
KASTAMONU;TOSYA;YUNUS EMRE;SOKULLU SOKAK;sokak;438110
KASTAMONU;TOSYA;YUNUS EMRE;SÜLÜN SOKAK;sokak;255518
KASTAMONU;TOSYA;YUNUS EMRE;ŞAİR NEDİM SOKAK;sokak;506168
KASTAMONU;TOSYA;YUNUS EMRE;ŞEYH ŞABANİ VELİ SOKAK;sokak;499242
KASTAMONU;TOSYA;YUNUS EMRE;ŞEYH ŞAMİL SOKAK;sokak;255528
KASTAMONU;TOSYA;YUNUS EMRE;ŞHT.CELAL YAVUZ CADDE;cadde;438115
KASTAMONU;TOSYA;YUNUS EMRE;TOMURCUK SOKAK;sokak;438111
KASTAMONU;TOSYA;YUNUS EMRE;TUĞBA SOKAK;sokak;255519
KASTAMONU;TOSYA;ZİNCİRLİKUYU - HATÇELER;HATÇELER KÜME EVLER;sokak;87613
KASTAMONU;TOSYA;ZİNCİRLİKUYU - KILIÇLI;KILIÇLI KÜME EVLER;sokak;132476
KASTAMONU;TOSYA;ZİNCİRLİKUYU - KOCAOSMAN;KOCAOSMAN KÜME EVLER;sokak;130725
KASTAMONU;TOSYA;ZİNCİRLİKUYU - KURAŞLAR;KURAŞLAR KÜME EVLER;sokak;525395
KASTAMONU;TOSYA;ZİNCİRLİKUYU - MERKEZ;MERKEZ KÜME EVLER;sokak;522366
