il;ilce;mahalle;cadde_sokak;tip;uavt_kodu
KIRKLARELİ;BABAESKİ;AĞAYERİ NA;AĞAYERİ KÜME EVLER;sokak;333966
KIRKLARELİ;BABAESKİ;ALPULLU - GÜLBAHÇE;BİSİKLETÇİ SOKAK;sokak;721439
KIRKLARELİ;BABAESKİ;ALPULLU - GÜLBAHÇE;BUKET SOKAK;sokak;451127
KIRKLARELİ;BABAESKİ;ALPULLU - GÜLBAHÇE;CAMİİ SOKAK;sokak;263951
KIRKLARELİ;BABAESKİ;ALPULLU - GÜLBAHÇE;ÇATAK SOKAK;sokak;263957
KIRKLARELİ;BABAESKİ;ALPULLU - GÜLBAHÇE;ÇATAK1 SOKAK;sokak;830675120
KIRKLARELİ;BABAESKİ;ALPULLU - GÜLBAHÇE;ÇAVDAR SOKAK;sokak;722289
KIRKLARELİ;BABAESKİ;ALPULLU - GÜLBAHÇE;ÇİĞDEM SOKAK;sokak;721870
KIRKLARELİ;BABAESKİ;ALPULLU - GÜLBAHÇE;DEMET SOKAK;sokak;263952
KIRKLARELİ;BABAESKİ;ALPULLU - GÜLBAHÇE;DEMİRYOLU CADDE;cadde;263953
KIRKLARELİ;BABAESKİ;ALPULLU - GÜLBAHÇE;ERGENE SOKAK;sokak;451128
KIRKLARELİ;BABAESKİ;ALPULLU - GÜLBAHÇE;FİDAN SOKAK;sokak;263954
KIRKLARELİ;BABAESKİ;ALPULLU - GÜLBAHÇE;GELİNCİK SOKAK;sokak;263955
KIRKLARELİ;BABAESKİ;ALPULLU - GÜLBAHÇE;İSİMSİZ16 SOKAK;sokak;316443391
KIRKLARELİ;BABAESKİ;ALPULLU - GÜLBAHÇE;KARANFİL SOKAK;sokak;451129
KIRKLARELİ;BABAESKİ;ALPULLU - GÜLBAHÇE;KARDELEN SOKAK;sokak;721436
KIRKLARELİ;BABAESKİ;ALPULLU - GÜLBAHÇE;KASAPLAR SOKAK;sokak;722290
KIRKLARELİ;BABAESKİ;ALPULLU - GÜLBAHÇE;MENEKŞE SOKAK;sokak;64704
KIRKLARELİ;BABAESKİ;ALPULLU - GÜLBAHÇE;SERA SOKAK;sokak;721438
KIRKLARELİ;BABAESKİ;ALPULLU - GÜLBAHÇE;SÜMBÜL SOKAK;sokak;64716
KIRKLARELİ;BABAESKİ;ALPULLU - GÜLBAHÇE;ZAMBAK SOKAK;sokak;263956
KIRKLARELİ;BABAESKİ;ALPULLU - ŞEKER;1. SOKAK;sokak;263968
KIRKLARELİ;BABAESKİ;ALPULLU - ŞEKER;11. SOKAK;sokak;263969
KIRKLARELİ;BABAESKİ;ALPULLU - ŞEKER;13. SOKAK;sokak;448294
KIRKLARELİ;BABAESKİ;ALPULLU - ŞEKER;15. SOKAK;sokak;263970
KIRKLARELİ;BABAESKİ;ALPULLU - ŞEKER;17. SOKAK;sokak;263971
KIRKLARELİ;BABAESKİ;ALPULLU - ŞEKER;19. SOKAK;sokak;263972
KIRKLARELİ;BABAESKİ;ALPULLU - ŞEKER;2. SOKAK;sokak;726718
KIRKLARELİ;BABAESKİ;ALPULLU - ŞEKER;21. SOKAK;sokak;263973
KIRKLARELİ;BABAESKİ;ALPULLU - ŞEKER;23. SOKAK;sokak;263974
KIRKLARELİ;BABAESKİ;ALPULLU - ŞEKER;25. SOKAK;sokak;448296
KIRKLARELİ;BABAESKİ;ALPULLU - ŞEKER;3. SOKAK;sokak;263975
KIRKLARELİ;BABAESKİ;ALPULLU - ŞEKER;4. SOKAK;sokak;263976
KIRKLARELİ;BABAESKİ;ALPULLU - ŞEKER;5. SOKAK;sokak;448297
KIRKLARELİ;BABAESKİ;ALPULLU - ŞEKER;6. SOKAK;sokak;263977
KIRKLARELİ;BABAESKİ;ALPULLU - ŞEKER;7. SOKAK;sokak;263978
KIRKLARELİ;BABAESKİ;ALPULLU - ŞEKER;8. SOKAK;sokak;263979
KIRKLARELİ;BABAESKİ;ALPULLU - ŞEKER;9. SOKAK;sokak;448298
KIRKLARELİ;BABAESKİ;ALPULLU - ŞEKER;ADNAN KAHVECİ SOKAK;sokak;263958
KIRKLARELİ;BABAESKİ;ALPULLU - ŞEKER;AHLAT SOKAK;sokak;725618
KIRKLARELİ;BABAESKİ;ALPULLU - ŞEKER;AKASYA SOKAK;sokak;264416
KIRKLARELİ;BABAESKİ;ALPULLU - ŞEKER;AKIN SOKAK;sokak;726038
KIRKLARELİ;BABAESKİ;ALPULLU - ŞEKER;ALİ RIZA EFENDİ CADDE;cadde;263963
KIRKLARELİ;BABAESKİ;ALPULLU - ŞEKER;ARA SOKAK;sokak;228232
KIRKLARELİ;BABAESKİ;ALPULLU - ŞEKER;ARDIÇ SOKAK;sokak;264417
KIRKLARELİ;BABAESKİ;ALPULLU - ŞEKER;ARMUTLUK SOKAK;sokak;451130
KIRKLARELİ;BABAESKİ;ALPULLU - ŞEKER;AŞIK MAHSUNİ SOKAK;sokak;723855
KIRKLARELİ;BABAESKİ;ALPULLU - ŞEKER;ATATÜRK CADDE;cadde;263959
KIRKLARELİ;BABAESKİ;ALPULLU - ŞEKER;BABALIOĞLU SOKAK;sokak;723852
KIRKLARELİ;BABAESKİ;ALPULLU - ŞEKER;BARBAROS SOKAK;sokak;263980
KIRKLARELİ;BABAESKİ;ALPULLU - ŞEKER;BOZOK SOKAK;sokak;263960
KIRKLARELİ;BABAESKİ;ALPULLU - ŞEKER;CAMİİ SOKAK;sokak;779976900
KIRKLARELİ;BABAESKİ;ALPULLU - ŞEKER;CEVİZLİ SOKAK;sokak;726719
KIRKLARELİ;BABAESKİ;ALPULLU - ŞEKER;ÇAMLIK SOKAK;sokak;448295
KIRKLARELİ;BABAESKİ;ALPULLU - ŞEKER;ÇATAK SOKAK;sokak;566201230
KIRKLARELİ;BABAESKİ;ALPULLU - ŞEKER;ÇINAR SOKAK;sokak;264418
KIRKLARELİ;BABAESKİ;ALPULLU - ŞEKER;DEMİRYOLU CADDE;cadde;495834381
KIRKLARELİ;BABAESKİ;ALPULLU - ŞEKER;DR.SADIK AHMET 1 SOKAK;sokak;613517970
KIRKLARELİ;BABAESKİ;ALPULLU - ŞEKER;DR.SADIK AHMET SOKAK;sokak;263961
KIRKLARELİ;BABAESKİ;ALPULLU - ŞEKER;DÜĞÜNCÜLÜ 1 SOKAK;sokak;805383900
KIRKLARELİ;BABAESKİ;ALPULLU - ŞEKER;DÜĞÜNCÜLÜ CADDE;cadde;266291621
KIRKLARELİ;BABAESKİ;ALPULLU - ŞEKER;ENGİN SOKAK;sokak;724776
KIRKLARELİ;BABAESKİ;ALPULLU - ŞEKER;ERGUVAN SOKAK;sokak;264419
KIRKLARELİ;BABAESKİ;ALPULLU - ŞEKER;ERTEKİN SOKAK;sokak;726037
KIRKLARELİ;BABAESKİ;ALPULLU - ŞEKER;FAHRİ KORUTÜRK CADDE;cadde;727153
KIRKLARELİ;BABAESKİ;ALPULLU - ŞEKER;HASTAHANE SOKAK;sokak;451131
KIRKLARELİ;BABAESKİ;ALPULLU - ŞEKER;HOCA AHMET YASEVİ SOKAK;sokak;75168
KIRKLARELİ;BABAESKİ;ALPULLU - ŞEKER;IHLAMUR SOKAK;sokak;448299
KIRKLARELİ;BABAESKİ;ALPULLU - ŞEKER;İSİMSİZ10 SOKAK;sokak;282479480
KIRKLARELİ;BABAESKİ;ALPULLU - ŞEKER;İSİMSİZ12 SOKAK;sokak;686447230
KIRKLARELİ;BABAESKİ;ALPULLU - ŞEKER;İSİMSİZ16 SOKAK;sokak;515504400
KIRKLARELİ;BABAESKİ;ALPULLU - ŞEKER;İSİMSİZ19 SOKAK;sokak;143844810
KIRKLARELİ;BABAESKİ;ALPULLU - ŞEKER;İSİMSİZ3 SOKAK;sokak;456904190
KIRKLARELİ;BABAESKİ;ALPULLU - ŞEKER;İSİMSİZ9 SOKAK;sokak;405022540
KIRKLARELİ;BABAESKİ;ALPULLU - ŞEKER;İSTASYON CADDE;cadde;263967
KIRKLARELİ;BABAESKİ;ALPULLU - ŞEKER;KAYMAK SOKAK;sokak;724774
KIRKLARELİ;BABAESKİ;ALPULLU - ŞEKER;KAZIM TAŞKENT CADDE;cadde;263962
KIRKLARELİ;BABAESKİ;ALPULLU - ŞEKER;KOCA AYDIN SOKAK;sokak;726039
KIRKLARELİ;BABAESKİ;ALPULLU - ŞEKER;KÖKNAR SOKAK;sokak;724362
KIRKLARELİ;BABAESKİ;ALPULLU - ŞEKER;KÜÇÜK SANAYİ SOKAK;sokak;721876
KIRKLARELİ;BABAESKİ;ALPULLU - ŞEKER;MAHLEP SOKAK;sokak;725357
KIRKLARELİ;BABAESKİ;ALPULLU - ŞEKER;MANOLYA SOKAK;sokak;264420
KIRKLARELİ;BABAESKİ;ALPULLU - ŞEKER;MEŞE SOKAK;sokak;727150
KIRKLARELİ;BABAESKİ;ALPULLU - ŞEKER;NARLI SOKAK;sokak;724778
KIRKLARELİ;BABAESKİ;ALPULLU - ŞEKER;ORDU CADDE;cadde;263964
KIRKLARELİ;BABAESKİ;ALPULLU - ŞEKER;PALMİYE SOKAK;sokak;727151
KIRKLARELİ;BABAESKİ;ALPULLU - ŞEKER;SARAY SOKAK;sokak;723853
KIRKLARELİ;BABAESKİ;ALPULLU - ŞEKER;SEDİR SOKAK;sokak;723948
KIRKLARELİ;BABAESKİ;ALPULLU - ŞEKER;STAD SOKAK;sokak;448292
KIRKLARELİ;BABAESKİ;ALPULLU - ŞEKER;SÜTMEN SOKAK;sokak;727146
KIRKLARELİ;BABAESKİ;ALPULLU - ŞEKER;TURGUT ÖZAL CADDE;cadde;263965
KIRKLARELİ;BABAESKİ;ALPULLU - ŞEKER;TÜRKMEN SOKAK;sokak;727145
KIRKLARELİ;BABAESKİ;ALPULLU - ŞEKER;UĞUR MUMCU CADDE;cadde;263966
KIRKLARELİ;BABAESKİ;ALPULLU - ŞEKER;ZÜBEYDE HANIM CADDE;cadde;448293
KIRKLARELİ;BABAESKİ;ALPULLU - YENİ;ADİL KOCA SOKAK;sokak;905552931
KIRKLARELİ;BABAESKİ;ALPULLU - YENİ;AK ALİ SOKAK;sokak;721435
KIRKLARELİ;BABAESKİ;ALPULLU - YENİ;ATATÜRK CADDE;cadde;264421
KIRKLARELİ;BABAESKİ;ALPULLU - YENİ;BADEMLİK SOKAK;sokak;264422
KIRKLARELİ;BABAESKİ;ALPULLU - YENİ;BAĞLAR SOKAK;sokak;264423
KIRKLARELİ;BABAESKİ;ALPULLU - YENİ;BARBAROS SOKAK;sokak;448300
KIRKLARELİ;BABAESKİ;ALPULLU - YENİ;CEMAL GÜRSEL CADDE;cadde;264424
KIRKLARELİ;BABAESKİ;ALPULLU - YENİ;CUMALI FIRIN SOKAK;sokak;721433
KIRKLARELİ;BABAESKİ;ALPULLU - YENİ;ÇEŞMELİ SOKAK;sokak;722287
KIRKLARELİ;BABAESKİ;ALPULLU - YENİ;ÇİMENLİK SOKAK;sokak;721864
KIRKLARELİ;BABAESKİ;ALPULLU - YENİ;DÜĞÜNCÜLÜ CADDE;cadde;76362
KIRKLARELİ;BABAESKİ;ALPULLU - YENİ;FATİH SOKAK;sokak;264425
KIRKLARELİ;BABAESKİ;ALPULLU - YENİ;FOTOĞRAFÇI SOKAK;sokak;721865
KIRKLARELİ;BABAESKİ;ALPULLU - YENİ;GAZETECİ SOKAK;sokak;721869
KIRKLARELİ;BABAESKİ;ALPULLU - YENİ;İSMET İNÖNÜ CADDE;cadde;264431
KIRKLARELİ;BABAESKİ;ALPULLU - YENİ;İTFAYECİ SOKAK;sokak;722288
KIRKLARELİ;BABAESKİ;ALPULLU - YENİ;KAZIM KARABEKİR CADDE;cadde;448301
KIRKLARELİ;BABAESKİ;ALPULLU - YENİ;KOCA YUSUF SOKAK;sokak;264426
KIRKLARELİ;BABAESKİ;ALPULLU - YENİ;KUBİLAY SOKAK;sokak;264427
KIRKLARELİ;BABAESKİ;ALPULLU - YENİ;MAREŞAL FEVZİ ÇAKMAK CADDE;cadde;722701
KIRKLARELİ;BABAESKİ;ALPULLU - YENİ;MİMAR SİNAN SOKAK;sokak;722700
KIRKLARELİ;BABAESKİ;ALPULLU - YENİ;MİTHAT PAŞA CADDE;cadde;264428
KIRKLARELİ;BABAESKİ;ALPULLU - YENİ;NENE HATUN SOKAK;sokak;64713
KIRKLARELİ;BABAESKİ;ALPULLU - YENİ;ORDU CADDE;cadde;448302
KIRKLARELİ;BABAESKİ;ALPULLU - YENİ;PANCAR SOKAK;sokak;389781
KIRKLARELİ;BABAESKİ;ALPULLU - YENİ;PEHLİVAN SOKAK;sokak;264429
KIRKLARELİ;BABAESKİ;ALPULLU - YENİ;POLİS ŞÜKRÜ SOKAK;sokak;721868
KIRKLARELİ;BABAESKİ;ALPULLU - YENİ;SEYİTOĞLU HÜSMEN SOKAK;sokak;264430
KIRKLARELİ;BABAESKİ;ALPULLU - YENİ;ŞEKER SOKAK;sokak;264432
KIRKLARELİ;BABAESKİ;ALPULLU - YENİ;UĞUR MUMCU CADDE;cadde;741298671
KIRKLARELİ;BABAESKİ;ALPULLU - YENİ;VOLKAN KONAK SOKAK;sokak;896042921
KIRKLARELİ;BABAESKİ;ALPULLU - YENİ;YAŞAR DOĞU SOKAK;sokak;722979
KIRKLARELİ;BABAESKİ;ATATÜRK;1 NOLU SOKAK;sokak;67495
KIRKLARELİ;BABAESKİ;ATATÜRK;10 NOLU SOKAK;sokak;823475
KIRKLARELİ;BABAESKİ;ATATÜRK;100 NOLU SOKAK;sokak;1327613
KIRKLARELİ;BABAESKİ;ATATÜRK;101 NOLU SOKAK;sokak;1327631
KIRKLARELİ;BABAESKİ;ATATÜRK;102 NOLU SOKAK;sokak;817509
KIRKLARELİ;BABAESKİ;ATATÜRK;103 NOLU SOKAK;sokak;1327615
KIRKLARELİ;BABAESKİ;ATATÜRK;104 NOLU SOKAK;sokak;1327641
KIRKLARELİ;BABAESKİ;ATATÜRK;105 NOLU SOKAK;sokak;1327643
KIRKLARELİ;BABAESKİ;ATATÜRK;106 NOLU SOKAK;sokak;49190
KIRKLARELİ;BABAESKİ;ATATÜRK;107 NOLU SOKAK;sokak;387759
KIRKLARELİ;BABAESKİ;ATATÜRK;108 NOLU SOKAK;sokak;1327657
KIRKLARELİ;BABAESKİ;ATATÜRK;109 NOLU SOKAK;sokak;842057
KIRKLARELİ;BABAESKİ;ATATÜRK;11 NOLU SOKAK;sokak;473323
KIRKLARELİ;BABAESKİ;ATATÜRK;110 NOLU SOKAK;sokak;1327645
KIRKLARELİ;BABAESKİ;ATATÜRK;111 NOLU SOKAK;sokak;1327659
KIRKLARELİ;BABAESKİ;ATATÜRK;112 NOLU SOKAK;sokak;50519
KIRKLARELİ;BABAESKİ;ATATÜRK;113 NOLU SOKAK;sokak;1327647
KIRKLARELİ;BABAESKİ;ATATÜRK;114 NOLU SOKAK;sokak;52312592
KIRKLARELİ;BABAESKİ;ATATÜRK;115 NOLU SOKAK;sokak;1327665
KIRKLARELİ;BABAESKİ;ATATÜRK;116 NOLU SOKAK;sokak;1327683
KIRKLARELİ;BABAESKİ;ATATÜRK;117 NOLU SOKAK;sokak;1327685
KIRKLARELİ;BABAESKİ;ATATÜRK;118 NOLU SOKAK;sokak;1332339
KIRKLARELİ;BABAESKİ;ATATÜRK;119 NOLU SOKAK;sokak;1332327
KIRKLARELİ;BABAESKİ;ATATÜRK;120 NOLU SOKAK;sokak;1332329
KIRKLARELİ;BABAESKİ;ATATÜRK;121 NOLU SOKAK;sokak;537464910
KIRKLARELİ;BABAESKİ;ATATÜRK;122 NOLU SOKAK;sokak;1332341
KIRKLARELİ;BABAESKİ;ATATÜRK;14 NOLU SOKAK;sokak;152990
KIRKLARELİ;BABAESKİ;ATATÜRK;15 NOLU SOKAK;sokak;868465
KIRKLARELİ;BABAESKİ;ATATÜRK;16 NOLU SOKAK;sokak;731293
KIRKLARELİ;BABAESKİ;ATATÜRK;17 NOLU SOKAK;sokak;76852
KIRKLARELİ;BABAESKİ;ATATÜRK;18 NOLU SOKAK;sokak;1332345
KIRKLARELİ;BABAESKİ;ATATÜRK;19 NOLU SOKAK;sokak;81120
KIRKLARELİ;BABAESKİ;ATATÜRK;2 NOLU SOKAK;sokak;79088
KIRKLARELİ;BABAESKİ;ATATÜRK;20 NOLU SOKAK;sokak;1135840
KIRKLARELİ;BABAESKİ;ATATÜRK;21 NOLU SOKAK;sokak;845803
KIRKLARELİ;BABAESKİ;ATATÜRK;22 NOLU SOKAK;sokak;845804
KIRKLARELİ;BABAESKİ;ATATÜRK;23 NOLU SOKAK;sokak;715274
KIRKLARELİ;BABAESKİ;ATATÜRK;24 NOLU SOKAK;sokak;845806
KIRKLARELİ;BABAESKİ;ATATÜRK;25 NOLU SOKAK;sokak;716095
KIRKLARELİ;BABAESKİ;ATATÜRK;26 NOLU SOKAK;sokak;845808
KIRKLARELİ;BABAESKİ;ATATÜRK;27 NOLU SOKAK;sokak;719517
KIRKLARELİ;BABAESKİ;ATATÜRK;28 NOLU SOKAK;sokak;1332333
KIRKLARELİ;BABAESKİ;ATATÜRK;29 NOLU SOKAK;sokak;717657
KIRKLARELİ;BABAESKİ;ATATÜRK;3 NOLU SOKAK;sokak;220552
KIRKLARELİ;BABAESKİ;ATATÜRK;30 NOLU SOKAK;sokak;717066
KIRKLARELİ;BABAESKİ;ATATÜRK;31 NOLU SOKAK;sokak;722513
KIRKLARELİ;BABAESKİ;ATATÜRK;32 NOLU SOKAK;sokak;831661
KIRKLARELİ;BABAESKİ;ATATÜRK;33 NOLU SOKAK;sokak;912832
KIRKLARELİ;BABAESKİ;ATATÜRK;34 NO.LU SAİP ÇAKICI SOKAK;sokak;66805
KIRKLARELİ;BABAESKİ;ATATÜRK;35 NOLU SOKAK;sokak;725960
KIRKLARELİ;BABAESKİ;ATATÜRK;36 NOLU SOKAK;sokak;810828
KIRKLARELİ;BABAESKİ;ATATÜRK;37 NOLU SOKAK;sokak;731763
KIRKLARELİ;BABAESKİ;ATATÜRK;38 NOLU SOKAK;sokak;239666
KIRKLARELİ;BABAESKİ;ATATÜRK;39 NOLU SOKAK;sokak;1332357
KIRKLARELİ;BABAESKİ;ATATÜRK;4 NOLU SOKAK;sokak;718078
KIRKLARELİ;BABAESKİ;ATATÜRK;40 NOLU SOKAK;sokak;152985
KIRKLARELİ;BABAESKİ;ATATÜRK;41 NOLU SOKAK;sokak;81130
KIRKLARELİ;BABAESKİ;ATATÜRK;42 NOLU SOKAK;sokak;716430
KIRKLARELİ;BABAESKİ;ATATÜRK;43 NOLU SOKAK;sokak;722704
KIRKLARELİ;BABAESKİ;ATATÜRK;44 NOLU SOKAK;sokak;726312
KIRKLARELİ;BABAESKİ;ATATÜRK;45 NOLU SOKAK;sokak;726198
KIRKLARELİ;BABAESKİ;ATATÜRK;46 NOLU SOKAK;sokak;456910
KIRKLARELİ;BABAESKİ;ATATÜRK;47 NOLU SOKAK;sokak;722574
KIRKLARELİ;BABAESKİ;ATATÜRK;48 NOLU SOKAK;sokak;727563
KIRKLARELİ;BABAESKİ;ATATÜRK;49 NOLU SOKAK;sokak;722705
KIRKLARELİ;BABAESKİ;ATATÜRK;5 NOLU SOKAK;sokak;848016
KIRKLARELİ;BABAESKİ;ATATÜRK;50 NOLU SOKAK;sokak;722281
KIRKLARELİ;BABAESKİ;ATATÜRK;51 NOLU SOKAK;sokak;1332359
KIRKLARELİ;BABAESKİ;ATATÜRK;52 NOLU SOKAK;sokak;1332355
KIRKLARELİ;BABAESKİ;ATATÜRK;53 NOLU SOKAK;sokak;721384
KIRKLARELİ;BABAESKİ;ATATÜRK;54 NOLU SOKAK;sokak;1332379
KIRKLARELİ;BABAESKİ;ATATÜRK;55 NOLU SOKAK;sokak;727169
KIRKLARELİ;BABAESKİ;ATATÜRK;56 NOLU SOKAK;sokak;1332381
KIRKLARELİ;BABAESKİ;ATATÜRK;57 NOLU SOKAK;sokak;1332361
KIRKLARELİ;BABAESKİ;ATATÜRK;59 NOLU SOKAK;sokak;1332383
KIRKLARELİ;BABAESKİ;ATATÜRK;6 NOLU SOKAK;sokak;387140
KIRKLARELİ;BABAESKİ;ATATÜRK;60 NOLU SOKAK;sokak;1332385
KIRKLARELİ;BABAESKİ;ATATÜRK;62 NOLU SOKAK;sokak;1332387
KIRKLARELİ;BABAESKİ;ATATÜRK;63 NOLU SOKAK;sokak;1332363
KIRKLARELİ;BABAESKİ;ATATÜRK;64 NOLU SOKAK;sokak;1332395
KIRKLARELİ;BABAESKİ;ATATÜRK;65 NOLU SOKAK;sokak;1332397
KIRKLARELİ;BABAESKİ;ATATÜRK;66 NOLU SOKAK;sokak;722961
KIRKLARELİ;BABAESKİ;ATATÜRK;67 NOLU SOKAK;sokak;724704
KIRKLARELİ;BABAESKİ;ATATÜRK;68 NOLU SOKAK;sokak;86824
KIRKLARELİ;BABAESKİ;ATATÜRK;69 NOLU SOKAK;sokak;727027
KIRKLARELİ;BABAESKİ;ATATÜRK;7 NOLU SOKAK;sokak;725249
KIRKLARELİ;BABAESKİ;ATATÜRK;70 NOLU SOKAK;sokak;1332411
KIRKLARELİ;BABAESKİ;ATATÜRK;71 NOLU SOKAK;sokak;1332413
KIRKLARELİ;BABAESKİ;ATATÜRK;72 NOLU SOKAK;sokak;1332415
KIRKLARELİ;BABAESKİ;ATATÜRK;73 NOLU SOKAK;sokak;1332417
KIRKLARELİ;BABAESKİ;ATATÜRK;74 NOLU SOKAK;sokak;1332423
KIRKLARELİ;BABAESKİ;ATATÜRK;75 NOLU SOKAK;sokak;842035
KIRKLARELİ;BABAESKİ;ATATÜRK;76 NOLU SOKAK;sokak;1332427
KIRKLARELİ;BABAESKİ;ATATÜRK;77 NOLU SOKAK;sokak;1332365
KIRKLARELİ;BABAESKİ;ATATÜRK;78 NOLU SOKAK;sokak;1332429
KIRKLARELİ;BABAESKİ;ATATÜRK;79 NOLU SOKAK;sokak;1332431
KIRKLARELİ;BABAESKİ;ATATÜRK;8 NOLU SOKAK;sokak;1332437
KIRKLARELİ;BABAESKİ;ATATÜRK;80 NOLU SOKAK;sokak;1332439
KIRKLARELİ;BABAESKİ;ATATÜRK;81 NOLU SOKAK;sokak;1332369
KIRKLARELİ;BABAESKİ;ATATÜRK;82 NOLU SOKAK;sokak;1332441
KIRKLARELİ;BABAESKİ;ATATÜRK;83 NOLU SOKAK;sokak;1332443
KIRKLARELİ;BABAESKİ;ATATÜRK;84 NOLU SOKAK;sokak;1332445
KIRKLARELİ;BABAESKİ;ATATÜRK;85 NOLU SOKAK;sokak;1332447
KIRKLARELİ;BABAESKİ;ATATÜRK;86 NOLU SOKAK;sokak;1332451
KIRKLARELİ;BABAESKİ;ATATÜRK;87 NOLU SOKAK;sokak;1332453
KIRKLARELİ;BABAESKİ;ATATÜRK;88 NOLU SOKAK;sokak;1332455
KIRKLARELİ;BABAESKİ;ATATÜRK;89 NOLU SOKAK;sokak;1332457
KIRKLARELİ;BABAESKİ;ATATÜRK;9 NOLU SOKAK;sokak;870948
KIRKLARELİ;BABAESKİ;ATATÜRK;90 NOLU SOKAK;sokak;1332459
KIRKLARELİ;BABAESKİ;ATATÜRK;91 NOLU SOKAK;sokak;1332485
KIRKLARELİ;BABAESKİ;ATATÜRK;92 NOLU SOKAK;sokak;1332499
KIRKLARELİ;BABAESKİ;ATATÜRK;93 NOLU SOKAK;sokak;1332529
KIRKLARELİ;BABAESKİ;ATATÜRK;94 NOLU SOKAK;sokak;1332531
KIRKLARELİ;BABAESKİ;ATATÜRK;95 NOLU SOKAK;sokak;816712
KIRKLARELİ;BABAESKİ;ATATÜRK;96 NOLU SOKAK;sokak;1332533
KIRKLARELİ;BABAESKİ;ATATÜRK;97 NOLU SOKAK;sokak;1332501
KIRKLARELİ;BABAESKİ;ATATÜRK;98 NOLU SOKAK;sokak;1332535
KIRKLARELİ;BABAESKİ;ATATÜRK;99 NOLU SOKAK;sokak;1332537
KIRKLARELİ;BABAESKİ;ATATÜRK;AŞIK ALİ TANBURACI SOKAK;sokak;888938
KIRKLARELİ;BABAESKİ;ATATÜRK;ÇEVİK KUVVET ŞEHİTLERİ CADDE;cadde;733350
KIRKLARELİ;BABAESKİ;ATATÜRK;ÇOCUK HAKLARI SOKAĞI SOKAK;sokak;385579
KIRKLARELİ;BABAESKİ;ATATÜRK;D 100 KARAYOLU CADDE;cadde;915994981
KIRKLARELİ;BABAESKİ;ATATÜRK;FESTİVAL CADDE;cadde;715626
KIRKLARELİ;BABAESKİ;ATATÜRK;İLLER BANKASI CADDE;cadde;385585
KIRKLARELİ;BABAESKİ;ATATÜRK;İSTANBUL CADDE;cadde;724600
KIRKLARELİ;BABAESKİ;ATATÜRK;KARAMESUTLU KÜME EVLER;sokak;911218891
KIRKLARELİ;BABAESKİ;ATATÜRK;OSMANİYE YOLU 1. SOKAK;sokak;724790
KIRKLARELİ;BABAESKİ;ATATÜRK;OSMANİYE YOLU 2. SOKAK;sokak;716423
KIRKLARELİ;BABAESKİ;ATATÜRK;ÖMER DOĞANAY SOKAK;sokak;810016
KIRKLARELİ;BABAESKİ;ATATÜRK;UĞUR MUMCU SOKAK;sokak;385582
KIRKLARELİ;BABAESKİ;BÜYÜKMANDIRA - HATİP;35 EVLER SOKAK;sokak;679389
KIRKLARELİ;BABAESKİ;BÜYÜKMANDIRA - HATİP;ADA SOKAK;sokak;674366
KIRKLARELİ;BABAESKİ;BÜYÜKMANDIRA - HATİP;AĞIL EVLERİ KÜME EVLER;sokak;264435
KIRKLARELİ;BABAESKİ;BÜYÜKMANDIRA - HATİP;AKAY SOKAK;sokak;800933960
KIRKLARELİ;BABAESKİ;BÜYÜKMANDIRA - HATİP;ALİ İHSAN ÖZEL SOKAK;sokak;802819340
KIRKLARELİ;BABAESKİ;BÜYÜKMANDIRA - HATİP;ALİ RIZA EFENDİ SOKAK;sokak;23233380
KIRKLARELİ;BABAESKİ;BÜYÜKMANDIRA - HATİP;ARABACI SOKAK;sokak;448303
KIRKLARELİ;BABAESKİ;BÜYÜKMANDIRA - HATİP;ATATÜRK CADDE;cadde;264434
KIRKLARELİ;BABAESKİ;BÜYÜKMANDIRA - HATİP;BAĞLAR KÜME EVLER;sokak;810125
KIRKLARELİ;BABAESKİ;BÜYÜKMANDIRA - HATİP;BAHÇE SOKAK;sokak;675021
KIRKLARELİ;BABAESKİ;BÜYÜKMANDIRA - HATİP;BALKAN SOKAK;sokak;264443
KIRKLARELİ;BABAESKİ;BÜYÜKMANDIRA - HATİP;BAŞAK SOKAK;sokak;200081160
KIRKLARELİ;BABAESKİ;BÜYÜKMANDIRA - HATİP;BELEDİYE SOKAK;sokak;676040
KIRKLARELİ;BABAESKİ;BÜYÜKMANDIRA - HATİP;CAMİİ SOKAK;sokak;264436
KIRKLARELİ;BABAESKİ;BÜYÜKMANDIRA - HATİP;CEMAL EFENDİ SOKAK;sokak;264437
KIRKLARELİ;BABAESKİ;BÜYÜKMANDIRA - HATİP;ÇAKMAK CADDE;cadde;264441
KIRKLARELİ;BABAESKİ;BÜYÜKMANDIRA - HATİP;ÇAYIR SOKAK;sokak;675145
KIRKLARELİ;BABAESKİ;BÜYÜKMANDIRA - HATİP;ÇİÇEK SOKAK;sokak;973654
KIRKLARELİ;BABAESKİ;BÜYÜKMANDIRA - HATİP;ÇİMEN SOKAK;sokak;675767
KIRKLARELİ;BABAESKİ;BÜYÜKMANDIRA - HATİP;DEMİRCİ ÇIKMAZI SOKAK;sokak;684838
KIRKLARELİ;BABAESKİ;BÜYÜKMANDIRA - HATİP;ERGENE CADDE;cadde;264438
KIRKLARELİ;BABAESKİ;BÜYÜKMANDIRA - HATİP;FATİH SOKAK;sokak;111149151
KIRKLARELİ;BABAESKİ;BÜYÜKMANDIRA - HATİP;GEÇİT SOKAK;sokak;674648
KIRKLARELİ;BABAESKİ;BÜYÜKMANDIRA - HATİP;GÜN SOKAK;sokak;680498
KIRKLARELİ;BABAESKİ;BÜYÜKMANDIRA - HATİP;HASAN EFENDİ SOKAK;sokak;264439
KIRKLARELİ;BABAESKİ;BÜYÜKMANDIRA - HATİP;IŞIK SOKAK;sokak;675163
KIRKLARELİ;BABAESKİ;BÜYÜKMANDIRA - HATİP;İNCİ SOKAK;sokak;122494
KIRKLARELİ;BABAESKİ;BÜYÜKMANDIRA - HATİP;İNÖNÜ SOKAK;sokak;680501
KIRKLARELİ;BABAESKİ;BÜYÜKMANDIRA - HATİP;İSİMSİZ10 SOKAK;sokak;76526748
KIRKLARELİ;BABAESKİ;BÜYÜKMANDIRA - HATİP;İSTASYON SOKAK;sokak;264442
KIRKLARELİ;BABAESKİ;BÜYÜKMANDIRA - HATİP;KAVAZOĞLU SOKAK;sokak;264444
KIRKLARELİ;BABAESKİ;BÜYÜKMANDIRA - HATİP;KAYA SOKAK;sokak;973652
KIRKLARELİ;BABAESKİ;BÜYÜKMANDIRA - HATİP;KAYIKCI SOKAK;sokak;448304
KIRKLARELİ;BABAESKİ;BÜYÜKMANDIRA - HATİP;KUMRU SOKAK;sokak;973658
KIRKLARELİ;BABAESKİ;BÜYÜKMANDIRA - HATİP;KURTULUŞ SOKAK;sokak;264445
KIRKLARELİ;BABAESKİ;BÜYÜKMANDIRA - HATİP;LİSE SOKAK;sokak;69924595
KIRKLARELİ;BABAESKİ;BÜYÜKMANDIRA - HATİP;MEHMET ŞÜKRÜ ÇÖLGEÇEN SOKAK;sokak;580902420
KIRKLARELİ;BABAESKİ;BÜYÜKMANDIRA - HATİP;MERKEZ SOKAK;sokak;158315060
KIRKLARELİ;BABAESKİ;BÜYÜKMANDIRA - HATİP;MEŞE SOKAK;sokak;973648
KIRKLARELİ;BABAESKİ;BÜYÜKMANDIRA - HATİP;MUSTAFA CENGİZ SOKAK;sokak;91459073
KIRKLARELİ;BABAESKİ;BÜYÜKMANDIRA - HATİP;MUSTAFA ÖZKAN SOKAK;sokak;436847780
KIRKLARELİ;BABAESKİ;BÜYÜKMANDIRA - HATİP;ÖZGÜR SOKAK;sokak;677616
KIRKLARELİ;BABAESKİ;BÜYÜKMANDIRA - HATİP;PAZAR SOKAK;sokak;679391
KIRKLARELİ;BABAESKİ;BÜYÜKMANDIRA - HATİP;PINAR SOKAK;sokak;677620
KIRKLARELİ;BABAESKİ;BÜYÜKMANDIRA - HATİP;SAĞLIK SOKAK;sokak;676032
KIRKLARELİ;BABAESKİ;BÜYÜKMANDIRA - HATİP;SANAYİ SOKAK;sokak;122485
KIRKLARELİ;BABAESKİ;BÜYÜKMANDIRA - HATİP;SEDİR SOKAK;sokak;973650
KIRKLARELİ;BABAESKİ;BÜYÜKMANDIRA - HATİP;SEZER SOKAK;sokak;213585021
KIRKLARELİ;BABAESKİ;BÜYÜKMANDIRA - HATİP;ŞAMDANCI1 SOKAK;sokak;41415787
KIRKLARELİ;BABAESKİ;BÜYÜKMANDIRA - HATİP;ŞAMDANCIBAŞI SOKAK;sokak;264446
KIRKLARELİ;BABAESKİ;BÜYÜKMANDIRA - HATİP;ŞEHİT ALİ YILMAZ CADDE;cadde;448305
KIRKLARELİ;BABAESKİ;BÜYÜKMANDIRA - HATİP;TÜFEKCİ SOKAK;sokak;264440
KIRKLARELİ;BABAESKİ;BÜYÜKMANDIRA - HATİP;YILDIZ SOKAK;sokak;675164
KIRKLARELİ;BABAESKİ;BÜYÜKMANDIRA - HATİP;ZÜMRÜT SOKAK;sokak;675011
KIRKLARELİ;BABAESKİ;BÜYÜKMANDIRA - HÜRRİYET;15 TEMMUZ DEMOKRASİ SOKAĞI SOKAK;sokak;264454
KIRKLARELİ;BABAESKİ;BÜYÜKMANDIRA - HÜRRİYET;ALİ RIZA EFENDİ SOKAK;sokak;1114987
KIRKLARELİ;BABAESKİ;BÜYÜKMANDIRA - HÜRRİYET;ALPULLU 1. SOKAK;sokak;37475308
KIRKLARELİ;BABAESKİ;BÜYÜKMANDIRA - HÜRRİYET;ALPULLU CADDE;cadde;264447
KIRKLARELİ;BABAESKİ;BÜYÜKMANDIRA - HÜRRİYET;ARABACI SOKAK;sokak;68909878
KIRKLARELİ;BABAESKİ;BÜYÜKMANDIRA - HÜRRİYET;ARİF BEY SOKAK;sokak;13935101
KIRKLARELİ;BABAESKİ;BÜYÜKMANDIRA - HÜRRİYET;ATA SOKAK;sokak;679643
KIRKLARELİ;BABAESKİ;BÜYÜKMANDIRA - HÜRRİYET;ATATÜRK CADDE;cadde;448306
KIRKLARELİ;BABAESKİ;BÜYÜKMANDIRA - HÜRRİYET;ATLAS SOKAK;sokak;1062961
KIRKLARELİ;BABAESKİ;BÜYÜKMANDIRA - HÜRRİYET;AYDIN SOKAK;sokak;264448
KIRKLARELİ;BABAESKİ;BÜYÜKMANDIRA - HÜRRİYET;BAĞLAR SOKAK;sokak;448307
KIRKLARELİ;BABAESKİ;BÜYÜKMANDIRA - HÜRRİYET;BAYIR SOKAK;sokak;264450
KIRKLARELİ;BABAESKİ;BÜYÜKMANDIRA - HÜRRİYET;CUMHURİYET SOKAK;sokak;675509
KIRKLARELİ;BABAESKİ;BÜYÜKMANDIRA - HÜRRİYET;ÇARŞI SOKAK;sokak;974928
KIRKLARELİ;BABAESKİ;BÜYÜKMANDIRA - HÜRRİYET;ÇİÇEK SOKAK;sokak;780851231
KIRKLARELİ;BABAESKİ;BÜYÜKMANDIRA - HÜRRİYET;DEĞİRMEN SOKAK;sokak;675178
KIRKLARELİ;BABAESKİ;BÜYÜKMANDIRA - HÜRRİYET;DEMET SOKAK;sokak;680402
KIRKLARELİ;BABAESKİ;BÜYÜKMANDIRA - HÜRRİYET;EMEK SOKAK;sokak;675805
KIRKLARELİ;BABAESKİ;BÜYÜKMANDIRA - HÜRRİYET;ERGENE2 SOKAK;sokak;42713024
KIRKLARELİ;BABAESKİ;BÜYÜKMANDIRA - HÜRRİYET;ESİNTİ SOKAK;sokak;892667
KIRKLARELİ;BABAESKİ;BÜYÜKMANDIRA - HÜRRİYET;FATİH SOKAK;sokak;974930
KIRKLARELİ;BABAESKİ;BÜYÜKMANDIRA - HÜRRİYET;İSTİKLAL SOKAK;sokak;675505
KIRKLARELİ;BABAESKİ;BÜYÜKMANDIRA - HÜRRİYET;KÜLTÜR SOKAK;sokak;675510
KIRKLARELİ;BABAESKİ;BÜYÜKMANDIRA - HÜRRİYET;LİSE SOKAK;sokak;675511
KIRKLARELİ;BABAESKİ;BÜYÜKMANDIRA - HÜRRİYET;MEKTEP SOKAK;sokak;264451
KIRKLARELİ;BABAESKİ;BÜYÜKMANDIRA - HÜRRİYET;MELTEM SOKAK;sokak;680441
KIRKLARELİ;BABAESKİ;BÜYÜKMANDIRA - HÜRRİYET;MERA ÇIKMAZ SOKAK;sokak;65252405
KIRKLARELİ;BABAESKİ;BÜYÜKMANDIRA - HÜRRİYET;MERA SOKAK;sokak;680419
KIRKLARELİ;BABAESKİ;BÜYÜKMANDIRA - HÜRRİYET;MEYDAN SOKAK;sokak;264453
KIRKLARELİ;BABAESKİ;BÜYÜKMANDIRA - HÜRRİYET;MEZBAHA SOKAK;sokak;448308
KIRKLARELİ;BABAESKİ;BÜYÜKMANDIRA - HÜRRİYET;MEZBAHA2 SOKAK;sokak;17443623
KIRKLARELİ;BABAESKİ;BÜYÜKMANDIRA - HÜRRİYET;MİLLET SOKAK;sokak;680432
KIRKLARELİ;BABAESKİ;BÜYÜKMANDIRA - HÜRRİYET;NEHİR SOKAK;sokak;1062965
KIRKLARELİ;BABAESKİ;BÜYÜKMANDIRA - HÜRRİYET;SERİN SOKAK;sokak;754116110
KIRKLARELİ;BABAESKİ;BÜYÜKMANDIRA - HÜRRİYET;ŞAMDANCIBAŞI SOKAK;sokak;90638941
KIRKLARELİ;BABAESKİ;BÜYÜKMANDIRA - HÜRRİYET;ŞEHİT ALİ YILMAZ CADDE;cadde;264455
KIRKLARELİ;BABAESKİ;BÜYÜKMANDIRA - HÜRRİYET;ŞELALE SOKAK;sokak;621576490
KIRKLARELİ;BABAESKİ;BÜYÜKMANDIRA - HÜRRİYET;TEPE SOKAK;sokak;675506
KIRKLARELİ;BABAESKİ;BÜYÜKMANDIRA - HÜRRİYET;VATAN SOKAK;sokak;674714
KIRKLARELİ;BABAESKİ;BÜYÜKMANDIRA - HÜRRİYET;YAĞMUR SOKAK;sokak;581441140
KIRKLARELİ;BABAESKİ;BÜYÜKMANDIRA - HÜRRİYET;YAMAÇ SOKAK;sokak;676950
KIRKLARELİ;BABAESKİ;BÜYÜKMANDIRA - HÜRRİYET;YAPRAK SOKAK;sokak;974924
KIRKLARELİ;BABAESKİ;BÜYÜKMANDIRA - HÜRRİYET;YOKUŞ SOKAK;sokak;675354
KIRKLARELİ;BABAESKİ;BÜYÜKMANDIRA - HÜRRİYET;YONCA SOKAK;sokak;674711
KIRKLARELİ;BABAESKİ;BÜYÜKMANDIRA - PAŞA;AĞILLAR KÜME EVLER;sokak;264456
KIRKLARELİ;BABAESKİ;BÜYÜKMANDIRA - PAŞA;AKASYA SOKAK;sokak;675476
KIRKLARELİ;BABAESKİ;BÜYÜKMANDIRA - PAŞA;ATATÜRK CADDE;cadde;448309
KIRKLARELİ;BABAESKİ;BÜYÜKMANDIRA - PAŞA;BİLİNMEYEN SOKAK;sokak;87222048
KIRKLARELİ;BABAESKİ;BÜYÜKMANDIRA - PAŞA;CEMAL EFENDİ SOKAK;sokak;264457
KIRKLARELİ;BABAESKİ;BÜYÜKMANDIRA - PAŞA;CEVİZ SOKAK;sokak;674452
KIRKLARELİ;BABAESKİ;BÜYÜKMANDIRA - PAŞA;ÇAKMAK CADDE;cadde;448311
KIRKLARELİ;BABAESKİ;BÜYÜKMANDIRA - PAŞA;DEFNE SOKAK;sokak;883192
KIRKLARELİ;BABAESKİ;BÜYÜKMANDIRA - PAŞA;DERE SOKAK;sokak;678931
KIRKLARELİ;BABAESKİ;BÜYÜKMANDIRA - PAŞA;EKİN SOKAK;sokak;679528
KIRKLARELİ;BABAESKİ;BÜYÜKMANDIRA - PAŞA;ERGENE CADDE;cadde;264458
KIRKLARELİ;BABAESKİ;BÜYÜKMANDIRA - PAŞA;EYLÜL SOKAK;sokak;674453
KIRKLARELİ;BABAESKİ;BÜYÜKMANDIRA - PAŞA;FIRIN SOKAK;sokak;448310
KIRKLARELİ;BABAESKİ;BÜYÜKMANDIRA - PAŞA;FİDAN SOKAK;sokak;675475
KIRKLARELİ;BABAESKİ;BÜYÜKMANDIRA - PAŞA;İSİMSİZ10 SOKAK;sokak;37359767
KIRKLARELİ;BABAESKİ;BÜYÜKMANDIRA - PAŞA;İSİMSİZ2 SOKAK;sokak;66220401
KIRKLARELİ;BABAESKİ;BÜYÜKMANDIRA - PAŞA;İSTASYON ÇIKMAZI SOKAK;sokak;29333580
KIRKLARELİ;BABAESKİ;BÜYÜKMANDIRA - PAŞA;İSTASYON SOKAK;sokak;264460
KIRKLARELİ;BABAESKİ;BÜYÜKMANDIRA - PAŞA;KADİR BAKAN SOKAK;sokak;369028
KIRKLARELİ;BABAESKİ;BÜYÜKMANDIRA - PAŞA;KARANFİL SOKAK;sokak;883198
KIRKLARELİ;BABAESKİ;BÜYÜKMANDIRA - PAŞA;LEYLAK SOKAK;sokak;883196
KIRKLARELİ;BABAESKİ;BÜYÜKMANDIRA - PAŞA;MAYIS SOKAK;sokak;675205
KIRKLARELİ;BABAESKİ;BÜYÜKMANDIRA - PAŞA;NİSAN SOKAK;sokak;678759
KIRKLARELİ;BABAESKİ;BÜYÜKMANDIRA - PAŞA;OVA SOKAK;sokak;883221
KIRKLARELİ;BABAESKİ;BÜYÜKMANDIRA - PAŞA;PAPATYA SOKAK;sokak;883191
KIRKLARELİ;BABAESKİ;BÜYÜKMANDIRA - PAŞA;YASEMİN SOKAK;sokak;974936
KIRKLARELİ;BABAESKİ;BÜYÜKMANDIRA - PAŞA;ZAMBAK SOKAK;sokak;883193
KIRKLARELİ;BABAESKİ;BÜYÜKMANDIRA - PAŞA;ZÜBEYDE HANIM SOKAK;sokak;264459
KIRKLARELİ;BABAESKİ;BÜYÜKMANDIRA - ŞAMDANİ;ALPULLU CADDE;cadde;264461
KIRKLARELİ;BABAESKİ;BÜYÜKMANDIRA - ŞAMDANİ;ARDIÇ SOKAK;sokak;676939
KIRKLARELİ;BABAESKİ;BÜYÜKMANDIRA - ŞAMDANİ;ARİF BEY SOKAK;sokak;264462
KIRKLARELİ;BABAESKİ;BÜYÜKMANDIRA - ŞAMDANİ;ASMA SOKAK;sokak;414164540
KIRKLARELİ;BABAESKİ;BÜYÜKMANDIRA - ŞAMDANİ;ATATÜRK CADDE;cadde;448312
KIRKLARELİ;BABAESKİ;BÜYÜKMANDIRA - ŞAMDANİ;ATLAS SOKAK;sokak;433277740
KIRKLARELİ;BABAESKİ;BÜYÜKMANDIRA - ŞAMDANİ;BEYOĞLU SOKAK;sokak;332996600
KIRKLARELİ;BABAESKİ;BÜYÜKMANDIRA - ŞAMDANİ;ÇEŞME SOKAK;sokak;369030
KIRKLARELİ;BABAESKİ;BÜYÜKMANDIRA - ŞAMDANİ;ÇINAR SOKAK;sokak;678044
KIRKLARELİ;BABAESKİ;BÜYÜKMANDIRA - ŞAMDANİ;DAR SOKAK;sokak;369029
KIRKLARELİ;BABAESKİ;BÜYÜKMANDIRA - ŞAMDANİ;ERDAL SOKAK;sokak;63310395
KIRKLARELİ;BABAESKİ;BÜYÜKMANDIRA - ŞAMDANİ;ERGENE CADDE;cadde;264463
KIRKLARELİ;BABAESKİ;BÜYÜKMANDIRA - ŞAMDANİ;GENÇ SOKAK;sokak;676944
KIRKLARELİ;BABAESKİ;BÜYÜKMANDIRA - ŞAMDANİ;GÜNEŞ SOKAK;sokak;764107940
KIRKLARELİ;BABAESKİ;BÜYÜKMANDIRA - ŞAMDANİ;HASAN EFENDİ SOKAK;sokak;264793
KIRKLARELİ;BABAESKİ;BÜYÜKMANDIRA - ŞAMDANİ;IHLAMUR SOKAK;sokak;536739680
KIRKLARELİ;BABAESKİ;BÜYÜKMANDIRA - ŞAMDANİ;KANAL SOKAK;sokak;575396600
KIRKLARELİ;BABAESKİ;BÜYÜKMANDIRA - ŞAMDANİ;NEHİR SOKAK;sokak;65630808
KIRKLARELİ;BABAESKİ;BÜYÜKMANDIRA - ŞAMDANİ;REŞİT BEY SOKAK;sokak;448313
KIRKLARELİ;BABAESKİ;BÜYÜKMANDIRA - ŞAMDANİ;RÜZGAR SOKAK;sokak;674653
KIRKLARELİ;BABAESKİ;BÜYÜKMANDIRA - ŞAMDANİ;SELVİ SOKAK;sokak;679533
KIRKLARELİ;BABAESKİ;BÜYÜKMANDIRA - ŞAMDANİ;SÖĞÜT SOKAK;sokak;678041
KIRKLARELİ;BABAESKİ;BÜYÜKMANDIRA - ŞAMDANİ;SÜLEYMAN ÇÖLGEÇEN SOKAK;sokak;677330
KIRKLARELİ;BABAESKİ;BÜYÜKMANDIRA - ŞAMDANİ;TAYYAR SOKAK;sokak;264794
KIRKLARELİ;BABAESKİ;BÜYÜKMANDIRA - ŞAMDANİ;TAYYAR2 SOKAK;sokak;18293258
KIRKLARELİ;BABAESKİ;BÜYÜKMANDIRA - ŞAMDANİ;TUTKU SOKAK;sokak;679538
KIRKLARELİ;BABAESKİ;CUMHURİYET;439 NOLU SOKAK;sokak;707826
KIRKLARELİ;BABAESKİ;CUMHURİYET;440 NOLU SOKAK;sokak;1326043
KIRKLARELİ;BABAESKİ;CUMHURİYET;442 NOLU SOKAK;sokak;882241
KIRKLARELİ;BABAESKİ;CUMHURİYET;443 NOLU SOKAK;sokak;716564
KIRKLARELİ;BABAESKİ;CUMHURİYET;444 NOLU SOKAK;sokak;715250
KIRKLARELİ;BABAESKİ;CUMHURİYET;445 NOLU SOKAK;sokak;718944
KIRKLARELİ;BABAESKİ;CUMHURİYET;446 NOLU SOKAK;sokak;715267
KIRKLARELİ;BABAESKİ;CUMHURİYET;447 NOLU SOKAK;sokak;115698
KIRKLARELİ;BABAESKİ;CUMHURİYET;448 NOLU SOKAK;sokak;115700
KIRKLARELİ;BABAESKİ;CUMHURİYET;449 NOLU SOKAK;sokak;695197
KIRKLARELİ;BABAESKİ;CUMHURİYET;450 NOLU SOKAK;sokak;717226
KIRKLARELİ;BABAESKİ;CUMHURİYET;451 NOLU SOKAK;sokak;716924
KIRKLARELİ;BABAESKİ;CUMHURİYET;452 NOLU SOKAK;sokak;718249
KIRKLARELİ;BABAESKİ;CUMHURİYET;453 NOLU SOKAK;sokak;716831
KIRKLARELİ;BABAESKİ;CUMHURİYET;454 NOLU SOKAK;sokak;162973
KIRKLARELİ;BABAESKİ;CUMHURİYET;455 NOLU SOKAK;sokak;162982
KIRKLARELİ;BABAESKİ;CUMHURİYET;456 NOLU SOKAK;sokak;162987
KIRKLARELİ;BABAESKİ;CUMHURİYET;457 NOLU SOKAK;sokak;726941
KIRKLARELİ;BABAESKİ;CUMHURİYET;458 NOLU SOKAK;sokak;724462
KIRKLARELİ;BABAESKİ;CUMHURİYET;459 NOLU SOKAK;sokak;717003
KIRKLARELİ;BABAESKİ;CUMHURİYET;460 NOLU SOKAK;sokak;717014
KIRKLARELİ;BABAESKİ;CUMHURİYET;461 NOLU SOKAK;sokak;716833
KIRKLARELİ;BABAESKİ;CUMHURİYET;462 NOLU SOKAK;sokak;724449
KIRKLARELİ;BABAESKİ;CUMHURİYET;463 NOLU SOKAK;sokak;726942
KIRKLARELİ;BABAESKİ;CUMHURİYET;464 NOLU SOKAK;sokak;716844
KIRKLARELİ;BABAESKİ;CUMHURİYET;465 NOLU SOKAK;sokak;723285
KIRKLARELİ;BABAESKİ;CUMHURİYET;466 NOLU SOKAK;sokak;722825
KIRKLARELİ;BABAESKİ;CUMHURİYET;467 NOLU SOKAK;sokak;731199
KIRKLARELİ;BABAESKİ;CUMHURİYET;468 NOLU SOKAK;sokak;731200
KIRKLARELİ;BABAESKİ;CUMHURİYET;469 NOLU SOKAK;sokak;1326025
KIRKLARELİ;BABAESKİ;CUMHURİYET;470 NOLU SOKAK;sokak;823338
KIRKLARELİ;BABAESKİ;CUMHURİYET;471 NOLU SOKAK;sokak;1326027
KIRKLARELİ;BABAESKİ;CUMHURİYET;472 NOLU SOKAK;sokak;846989
KIRKLARELİ;BABAESKİ;CUMHURİYET;473 NOLU SOKAK;sokak;931509
KIRKLARELİ;BABAESKİ;CUMHURİYET;474 NOLU SOKAK;sokak;721528
KIRKLARELİ;BABAESKİ;CUMHURİYET;475 NOLU SOKAK;sokak;245391
KIRKLARELİ;BABAESKİ;CUMHURİYET;476 NOLU SOKAK;sokak;846620
KIRKLARELİ;BABAESKİ;CUMHURİYET;477 NOLU SOKAK;sokak;67185
KIRKLARELİ;BABAESKİ;CUMHURİYET;478 NOLU SOKAK;sokak;67191
KIRKLARELİ;BABAESKİ;CUMHURİYET;479 NOLU SOKAK;sokak;846985
KIRKLARELİ;BABAESKİ;CUMHURİYET;480 NOLU SOKAK;sokak;823403
KIRKLARELİ;BABAESKİ;CUMHURİYET;481 NOLU SOKAK;sokak;823404
KIRKLARELİ;BABAESKİ;CUMHURİYET;482 NOLU SOKAK;sokak;722688
KIRKLARELİ;BABAESKİ;CUMHURİYET;483 NOLU SOKAK;sokak;846222
KIRKLARELİ;BABAESKİ;CUMHURİYET;484 NOLU SOKAK;sokak;846374
KIRKLARELİ;BABAESKİ;CUMHURİYET;485 NOLU SOKAK;sokak;846702
KIRKLARELİ;BABAESKİ;CUMHURİYET;486 NOLU SOKAK;sokak;846671
KIRKLARELİ;BABAESKİ;CUMHURİYET;487 NOLU SOKAK;sokak;846626
KIRKLARELİ;BABAESKİ;CUMHURİYET;488 NOLU SOKAK;sokak;734242
KIRKLARELİ;BABAESKİ;CUMHURİYET;489 NOLU SOKAK;sokak;259207
KIRKLARELİ;BABAESKİ;CUMHURİYET;492 NOLU SOKAK;sokak;906942
KIRKLARELİ;BABAESKİ;CUMHURİYET;499 NOLU SOKAK;sokak;722323
KIRKLARELİ;BABAESKİ;CUMHURİYET;500 NOLU SOKAK;sokak;294699
KIRKLARELİ;BABAESKİ;CUMHURİYET;501 NOLU SOKAK;sokak;723596
KIRKLARELİ;BABAESKİ;CUMHURİYET;502 NOLU SOKAK;sokak;724330
KIRKLARELİ;BABAESKİ;CUMHURİYET;503 NOLU SOKAK;sokak;846673
KIRKLARELİ;BABAESKİ;CUMHURİYET;504 NOLU SOKAK;sokak;725915
KIRKLARELİ;BABAESKİ;CUMHURİYET;505 NOLU SOKAK;sokak;403412
KIRKLARELİ;BABAESKİ;CUMHURİYET;506 NOLU SOKAK;sokak;403413
KIRKLARELİ;BABAESKİ;CUMHURİYET;507 NOLU SOKAK;sokak;403414
KIRKLARELİ;BABAESKİ;CUMHURİYET;508 NOLU SOKAK;sokak;239660
KIRKLARELİ;BABAESKİ;CUMHURİYET;509 NOLU SOKAK;sokak;151478
KIRKLARELİ;BABAESKİ;CUMHURİYET;510 NOLU SOKAK;sokak;333914
KIRKLARELİ;BABAESKİ;CUMHURİYET;511 NOLU SOKAK;sokak;151049
KIRKLARELİ;BABAESKİ;CUMHURİYET;512 NOLU SOKAK;sokak;724747
KIRKLARELİ;BABAESKİ;CUMHURİYET;513 NOLU SOKAK;sokak;1326029
KIRKLARELİ;BABAESKİ;CUMHURİYET;514 NOLU SOKAK;sokak;1326045
KIRKLARELİ;BABAESKİ;CUMHURİYET;515 NOLU SOKAK;sokak;725199
KIRKLARELİ;BABAESKİ;CUMHURİYET;516 NOLU SOKAK;sokak;1326031
KIRKLARELİ;BABAESKİ;CUMHURİYET;517 NOLU SOKAK;sokak;1326033
KIRKLARELİ;BABAESKİ;CUMHURİYET;518 NOLU SOKAK;sokak;917139
KIRKLARELİ;BABAESKİ;CUMHURİYET;519 NOLU SOKAK;sokak;1326047
KIRKLARELİ;BABAESKİ;CUMHURİYET;520 NOLU SOKAK;sokak;832917
KIRKLARELİ;BABAESKİ;CUMHURİYET;521 NOLU SOKAK;sokak;726355
KIRKLARELİ;BABAESKİ;CUMHURİYET;522 NOLU SOKAK;sokak;724746
KIRKLARELİ;BABAESKİ;CUMHURİYET;523 NOLU SOKAK;sokak;725200
KIRKLARELİ;BABAESKİ;CUMHURİYET;524 NOLU SOKAK;sokak;151042
KIRKLARELİ;BABAESKİ;CUMHURİYET;525 NOLU SOKAK;sokak;865556
KIRKLARELİ;BABAESKİ;CUMHURİYET;526 NOLU SOKAK;sokak;1326049
KIRKLARELİ;BABAESKİ;CUMHURİYET;527 NOLU SOKAK;sokak;862542
KIRKLARELİ;BABAESKİ;CUMHURİYET;528 NOLU SOKAK;sokak;1326259
KIRKLARELİ;BABAESKİ;CUMHURİYET;529 NOLU SOKAK;sokak;1327433
KIRKLARELİ;BABAESKİ;CUMHURİYET;531 NOLU SOKAK;sokak;728775
KIRKLARELİ;BABAESKİ;CUMHURİYET;532 NOLU SOKAK;sokak;728776
KIRKLARELİ;BABAESKİ;CUMHURİYET;533 NOLU SOKAK;sokak;728287
KIRKLARELİ;BABAESKİ;CUMHURİYET;534 NOLU SOKAK;sokak;294246
KIRKLARELİ;BABAESKİ;CUMHURİYET;535 NOLU SOKAK;sokak;1244071
KIRKLARELİ;BABAESKİ;CUMHURİYET;536 NOLU SOKAK;sokak;365839
KIRKLARELİ;BABAESKİ;CUMHURİYET;537 NOLU SOKAK;sokak;1047707
KIRKLARELİ;BABAESKİ;CUMHURİYET;538 NOLU SOKAK;sokak;365843
KIRKLARELİ;BABAESKİ;CUMHURİYET;539 NOLU SOKAK;sokak;80639
KIRKLARELİ;BABAESKİ;CUMHURİYET;540 NOLU SOKAK;sokak;80642
KIRKLARELİ;BABAESKİ;CUMHURİYET;541 NOLU SOKAK;sokak;151313
KIRKLARELİ;BABAESKİ;CUMHURİYET;542 NOLU SOKAK;sokak;1327463
KIRKLARELİ;BABAESKİ;CUMHURİYET;543 NOLU SOKAK;sokak;240040
KIRKLARELİ;BABAESKİ;CUMHURİYET;544 NOLU SOKAK;sokak;1327435
KIRKLARELİ;BABAESKİ;CUMHURİYET;545 NOLU SOKAK;sokak;1327481
KIRKLARELİ;BABAESKİ;CUMHURİYET;546 NOLU SOKAK;sokak;823480
KIRKLARELİ;BABAESKİ;CUMHURİYET;547 NOLU SOKAK;sokak;875569
KIRKLARELİ;BABAESKİ;CUMHURİYET;548 NOLU SOKAK;sokak;875568
KIRKLARELİ;BABAESKİ;CUMHURİYET;549 NOLU SOKAK;sokak;1327465
KIRKLARELİ;BABAESKİ;CUMHURİYET;550 NOLU SOKAK;sokak;723472
KIRKLARELİ;BABAESKİ;CUMHURİYET;551 NOLU SOKAK;sokak;1327487
KIRKLARELİ;BABAESKİ;CUMHURİYET;552 NOLU SOKAK;sokak;1327489
KIRKLARELİ;BABAESKİ;CUMHURİYET;553 NOLU SOKAK;sokak;840183
KIRKLARELİ;BABAESKİ;CUMHURİYET;554 NOLU SOKAK;sokak;1327493
KIRKLARELİ;BABAESKİ;CUMHURİYET;555 NOLU SOKAK;sokak;723473
KIRKLARELİ;BABAESKİ;CUMHURİYET;556 NOLU SOKAK;sokak;909433
KIRKLARELİ;BABAESKİ;CUMHURİYET;557 NOLU SOKAK;sokak;914968
KIRKLARELİ;BABAESKİ;CUMHURİYET;558 NOLU SOKAK;sokak;1327495
KIRKLARELİ;BABAESKİ;CUMHURİYET;559 NOLU SOKAK;sokak;917337
KIRKLARELİ;BABAESKİ;CUMHURİYET;560 NOLU SOKAK;sokak;917336
KIRKLARELİ;BABAESKİ;CUMHURİYET;561 NOLU SOKAK;sokak;1327497
KIRKLARELİ;BABAESKİ;CUMHURİYET;562 NOLU SOKAK;sokak;1327521
KIRKLARELİ;BABAESKİ;CUMHURİYET;563 NOLU SOKAK;sokak;1327503
KIRKLARELİ;BABAESKİ;CUMHURİYET;564 NOLU SOKAK;sokak;1327509
KIRKLARELİ;BABAESKİ;CUMHURİYET;565 NOLU SOKAK;sokak;1327527
KIRKLARELİ;BABAESKİ;CUMHURİYET;BAĞLAR SOKAK;sokak;725913
KIRKLARELİ;BABAESKİ;CUMHURİYET;BARIŞ MANÇO SOKAK;sokak;721924
KIRKLARELİ;BABAESKİ;CUMHURİYET;ÇEVRE YOLU CADDE;cadde;891185
KIRKLARELİ;BABAESKİ;CUMHURİYET;D 100 KARAYOLU CADDE;cadde;909733
KIRKLARELİ;BABAESKİ;CUMHURİYET;ESKİ E5 YOLU CADDE;cadde;730863
KIRKLARELİ;BABAESKİ;CUMHURİYET;FATİH CADDE;cadde;82137
KIRKLARELİ;BABAESKİ;CUMHURİYET;İSTİKLAL CADDE;cadde;724004
KIRKLARELİ;BABAESKİ;CUMHURİYET;KADIKÖY YOLU SOKAK;sokak;730049
KIRKLARELİ;BABAESKİ;CUMHURİYET;KURTULUŞ CADDE;cadde;714570
KIRKLARELİ;BABAESKİ;CUMHURİYET;MEZARLIK KÜME EVLER;sokak;846802891
KIRKLARELİ;BABAESKİ;CUMHURİYET;MÜFTÜ CAFER EFENDİ CADDE;cadde;718246
KIRKLARELİ;BABAESKİ;CUMHURİYET;OFİS GEÇİDİ SOKAK;sokak;711662
KIRKLARELİ;BABAESKİ;CUMHURİYET;OFİS SOKAK;sokak;82142
KIRKLARELİ;BABAESKİ;ÇAVUŞKÖY NA;ÇAVUŞKÖY KÜME EVLER;sokak;561971
KIRKLARELİ;BABAESKİ;ÇENGERLİ NA;ÇENGERLİ KÜME EVLER;sokak;551380
KIRKLARELİ;BABAESKİ;ÇİĞDEMLİ NA;ÇİĞDEMLİ KÜME EVLER;sokak;518893
KIRKLARELİ;BABAESKİ;ÇİĞDEMLİ NA;KATRANCA KÜME EVLER;sokak;722988700
KIRKLARELİ;BABAESKİ;DİNDOĞRU;377 NOLU SOKAK;sokak;472533
KIRKLARELİ;BABAESKİ;DİNDOĞRU;394 NOLU SOKAK;sokak;719240
KIRKLARELİ;BABAESKİ;DİNDOĞRU;395 NOLU SOKAK;sokak;393872610
KIRKLARELİ;BABAESKİ;DİNDOĞRU;398 NOLU SOKAK;sokak;1327515
KIRKLARELİ;BABAESKİ;DİNDOĞRU;399 NOLU SOKAK;sokak;164737
KIRKLARELİ;BABAESKİ;DİNDOĞRU;400 NOLU SOKAK;sokak;1327579
KIRKLARELİ;BABAESKİ;DİNDOĞRU;401 NOLU SOKAK;sokak;710824
KIRKLARELİ;BABAESKİ;DİNDOĞRU;402 NOLU SOKAK;sokak;849400
KIRKLARELİ;BABAESKİ;DİNDOĞRU;403 NOLU SOKAK;sokak;849401
KIRKLARELİ;BABAESKİ;DİNDOĞRU;404 NOLU SOKAK;sokak;851345
KIRKLARELİ;BABAESKİ;DİNDOĞRU;405 NOLU SOKAK;sokak;712524
KIRKLARELİ;BABAESKİ;DİNDOĞRU;406 NOLU SOKAK;sokak;959521
KIRKLARELİ;BABAESKİ;DİNDOĞRU;407 NOLU SOKAK;sokak;708880
KIRKLARELİ;BABAESKİ;DİNDOĞRU;408 NOLU SOKAK;sokak;709156
KIRKLARELİ;BABAESKİ;DİNDOĞRU;409 NOLU SOKAK;sokak;954237
KIRKLARELİ;BABAESKİ;DİNDOĞRU;410 NOLU SOKAK;sokak;1327583
KIRKLARELİ;BABAESKİ;DİNDOĞRU;411 NOLU SOKAK;sokak;954221
KIRKLARELİ;BABAESKİ;DİNDOĞRU;412 NOLU SOKAK;sokak;959507
KIRKLARELİ;BABAESKİ;DİNDOĞRU;413 NOLU SOKAK;sokak;450785
KIRKLARELİ;BABAESKİ;DİNDOĞRU;414 NOLU SOKAK;sokak;1327585
KIRKLARELİ;BABAESKİ;DİNDOĞRU;415 NOLU SOKAK;sokak;1327587
KIRKLARELİ;BABAESKİ;DİNDOĞRU;416 NOLU SOKAK;sokak;1327589
KIRKLARELİ;BABAESKİ;DİNDOĞRU;417 NOLU SOKAK;sokak;260331
KIRKLARELİ;BABAESKİ;DİNDOĞRU;418 NOLU SOKAK;sokak;1327597
KIRKLARELİ;BABAESKİ;DİNDOĞRU;419 NOLU SOKAK;sokak;836673
KIRKLARELİ;BABAESKİ;DİNDOĞRU;421 NOLU SOKAK;sokak;713290
KIRKLARELİ;BABAESKİ;DİNDOĞRU;422 NOLU SOKAK;sokak;713323
KIRKLARELİ;BABAESKİ;DİNDOĞRU;423 NOLU SOKAK;sokak;713907
KIRKLARELİ;BABAESKİ;DİNDOĞRU;424 NOLU SOKAK;sokak;1327599
KIRKLARELİ;BABAESKİ;DİNDOĞRU;425 NOLU SOKAK;sokak;1327591
KIRKLARELİ;BABAESKİ;DİNDOĞRU;426 NOLU SOKAK;sokak;717988
KIRKLARELİ;BABAESKİ;DİNDOĞRU;427 NOLU SOKAK;sokak;917968
KIRKLARELİ;BABAESKİ;DİNDOĞRU;428 NOLU SOKAK;sokak;917967
KIRKLARELİ;BABAESKİ;DİNDOĞRU;429 NOLU SOKAK;sokak;1327601
KIRKLARELİ;BABAESKİ;DİNDOĞRU;430 NOLU SOKAK;sokak;712436
KIRKLARELİ;BABAESKİ;DİNDOĞRU;431 NOLU SOKAK;sokak;1327603
KIRKLARELİ;BABAESKİ;DİNDOĞRU;432 NOLU SOKAK;sokak;1327617
KIRKLARELİ;BABAESKİ;DİNDOĞRU;433 NOLU SOKAK;sokak;1327619
KIRKLARELİ;BABAESKİ;DİNDOĞRU;434 NOLU SOKAK;sokak;871188
KIRKLARELİ;BABAESKİ;DİNDOĞRU;435 NOLU SOKAK;sokak;1327625
KIRKLARELİ;BABAESKİ;DİNDOĞRU;436 NOLU SOKAK;sokak;717452
KIRKLARELİ;BABAESKİ;DİNDOĞRU;437 NOLU SOKAK;sokak;828668
KIRKLARELİ;BABAESKİ;DİNDOĞRU;438 NOLU SOKAK;sokak;1327611
KIRKLARELİ;BABAESKİ;DİNDOĞRU;ATATÜRK MEYDANI MEYDAN;sokak;156201
KIRKLARELİ;BABAESKİ;DİNDOĞRU;AV. İRFAN ALTINEL CADDE;cadde;722799
KIRKLARELİ;BABAESKİ;DİNDOĞRU;AVUKAT AHMET LÜTFÜ KURHAN SOKAK;sokak;714761
KIRKLARELİ;BABAESKİ;DİNDOĞRU;BÜYÜK ELÇİ RAHMİ APAK SOKAK;sokak;721434
KIRKLARELİ;BABAESKİ;DİNDOĞRU;ÇİMENLİ SOKAK;sokak;721872
KIRKLARELİ;BABAESKİ;DİNDOĞRU;ÇÖĞÜRTLEN GEÇİDİ SOKAK;sokak;718848
KIRKLARELİ;BABAESKİ;DİNDOĞRU;ÇÖĞÜRTLEN SOKAK;sokak;472529
KIRKLARELİ;BABAESKİ;DİNDOĞRU;D 100 KARAYOLU CADDE;cadde;709464
KIRKLARELİ;BABAESKİ;DİNDOĞRU;D-100 KARAYOLU ÜZERİ ÜMİT TEMELTAŞ ÇİFTLİĞİ KÜME EVLER;sokak;417542
KIRKLARELİ;BABAESKİ;DİNDOĞRU;DR.NEZİR KORKMAZ CADDE;cadde;715982
KIRKLARELİ;BABAESKİ;DİNDOĞRU;DR.ÜNAL BAYSAN CADDE;cadde;259096
KIRKLARELİ;BABAESKİ;DİNDOĞRU;ESKİ E5 YOLU CADDE;cadde;707759
KIRKLARELİ;BABAESKİ;DİNDOĞRU;FATİH CADDE;cadde;715208
KIRKLARELİ;BABAESKİ;DİNDOĞRU;GAZİ MUSTAFA KEMAL BULVAR;sokak;156204
KIRKLARELİ;BABAESKİ;DİNDOĞRU;GÜNDOĞDU SOKAK;sokak;91803
KIRKLARELİ;BABAESKİ;DİNDOĞRU;GÜNEY KIŞLA KÜME EVLER;sokak;261570
KIRKLARELİ;BABAESKİ;DİNDOĞRU;KADİR ALBAYRAK CADDE;cadde;707794
KIRKLARELİ;BABAESKİ;DİNDOĞRU;KAYMAKAM ZİYA COŞKUN SOKAK;sokak;722817
KIRKLARELİ;BABAESKİ;DİNDOĞRU;KUYU SOKAK;sokak;448996
KIRKLARELİ;BABAESKİ;DİNDOĞRU;MEKTEP SOKAK;sokak;64711
KIRKLARELİ;BABAESKİ;DİNDOĞRU;MUSTAFA TÜREDİ CADDE;cadde;710675
KIRKLARELİ;BABAESKİ;DİNDOĞRU;PEHLİVANKÖY YOLU ÇİMENLİDERE MEVKİİ BEKLER KÜME EVLER;sokak;715816
KIRKLARELİ;BABAESKİ;DİNDOĞRU;PROF. HÜSEYİN PAZARCI SOKAK;sokak;721529
KIRKLARELİ;BABAESKİ;DİNDOĞRU;ŞÜKRÜ KARAKOÇ SOKAK;sokak;717692
KIRKLARELİ;BABAESKİ;DİNDOĞRU;YENİ SOKAK;sokak;259088
KIRKLARELİ;BABAESKİ;DİNDOĞRU;ZAFER KARADENİZ SOKAK;sokak;259104
KIRKLARELİ;BABAESKİ;DİNDOĞRU;ZÜMRÜT SOKAK;sokak;82146
KIRKLARELİ;BABAESKİ;DÜĞÜNCÜLÜ NA;DÜĞÜNCÜLÜ KÜME EVLER;sokak;603438
KIRKLARELİ;BABAESKİ;DÜĞÜNCÜLÜ NA;E5 KIRIKKÖY YOLU ÜZERİ 1 SOKAK;sokak;182191961
KIRKLARELİ;BABAESKİ;ERİKLERYURDU NA;ERİKLERYURDU KÜME EVLER;sokak;573613
KIRKLARELİ;BABAESKİ;ERTUĞRULKÖY NA;ERTUĞRULKÖY KÜME EVLER;sokak;590401
KIRKLARELİ;BABAESKİ;FEVZİ ÇAKMAK;307 NOLU SOKAK;sokak;722531800
KIRKLARELİ;BABAESKİ;FEVZİ ÇAKMAK;375 NOLU SOKAK;sokak;727282
KIRKLARELİ;BABAESKİ;FEVZİ ÇAKMAK;376 NOLU SOKAK;sokak;81720
KIRKLARELİ;BABAESKİ;FEVZİ ÇAKMAK;377 NOLU SOKAK;sokak;81706
KIRKLARELİ;BABAESKİ;FEVZİ ÇAKMAK;378 NOLU SOKAK;sokak;88148
KIRKLARELİ;BABAESKİ;FEVZİ ÇAKMAK;379 NOLU SOKAK;sokak;724788
KIRKLARELİ;BABAESKİ;FEVZİ ÇAKMAK;380 NOLU SOKAK;sokak;726363
KIRKLARELİ;BABAESKİ;FEVZİ ÇAKMAK;381 NOLU SOKAK;sokak;76361
KIRKLARELİ;BABAESKİ;FEVZİ ÇAKMAK;382 NOLU SOKAK;sokak;727584
KIRKLARELİ;BABAESKİ;FEVZİ ÇAKMAK;384 NOLU SOKAK;sokak;715771
KIRKLARELİ;BABAESKİ;FEVZİ ÇAKMAK;385 NOLU SOKAK;sokak;715759
KIRKLARELİ;BABAESKİ;FEVZİ ÇAKMAK;386 NOLU SOKAK;sokak;44069
KIRKLARELİ;BABAESKİ;FEVZİ ÇAKMAK;387 NOLU SOKAK;sokak;714778
KIRKLARELİ;BABAESKİ;FEVZİ ÇAKMAK;388 NOLU SOKAK;sokak;719468
KIRKLARELİ;BABAESKİ;FEVZİ ÇAKMAK;389 NOLU SOKAK;sokak;91387
KIRKLARELİ;BABAESKİ;FEVZİ ÇAKMAK;390 NOLU SOKAK;sokak;719057
KIRKLARELİ;BABAESKİ;FEVZİ ÇAKMAK;391 NOLU SOKAK;sokak;718698
KIRKLARELİ;BABAESKİ;FEVZİ ÇAKMAK;392 NOLU SOKAK;sokak;717295
KIRKLARELİ;BABAESKİ;FEVZİ ÇAKMAK;393 NOLU SOKAK;sokak;726931
KIRKLARELİ;BABAESKİ;FEVZİ ÇAKMAK;396 NOLU SOKAK;sokak;757983550
KIRKLARELİ;BABAESKİ;FEVZİ ÇAKMAK;ALİ RIZA EFENDİ CADDE;cadde;715800
KIRKLARELİ;BABAESKİ;FEVZİ ÇAKMAK;ÇİĞDEMLİ KÜME EVLER;sokak;793918761
KIRKLARELİ;BABAESKİ;FEVZİ ÇAKMAK;DR.NEZİR KORKMAZ CADDE;cadde;718861
KIRKLARELİ;BABAESKİ;FEVZİ ÇAKMAK;GAZİ MUSTAFA KEMAL BULVAR;sokak;716889
KIRKLARELİ;BABAESKİ;FEVZİ ÇAKMAK;GÜNEY KIŞLA KÜME EVLER;sokak;21705165
KIRKLARELİ;BABAESKİ;FEVZİ ÇAKMAK;İMREN SOKAK;sokak;727343
KIRKLARELİ;BABAESKİ;FEVZİ ÇAKMAK;MUSTAFA TÜREDİ CADDE;cadde;724295
KIRKLARELİ;BABAESKİ;FEVZİ ÇAKMAK;TELGRAFÇI SOKAK;sokak;726923
KIRKLARELİ;BABAESKİ;FEVZİ ÇAKMAK;YILDIZ KENTER SOKAK;sokak;720756
KIRKLARELİ;BABAESKİ;GAZİKEMAL;124 NOLU SOKAK;sokak;721861
KIRKLARELİ;BABAESKİ;GAZİKEMAL;125 NOLU SOKAK;sokak;732477
KIRKLARELİ;BABAESKİ;GAZİKEMAL;127 NOLU SOKAK;sokak;1046484
KIRKLARELİ;BABAESKİ;GAZİKEMAL;128 NOLU SOKAK;sokak;66053
KIRKLARELİ;BABAESKİ;GAZİKEMAL;129 NOLU SOKAK;sokak;76722
KIRKLARELİ;BABAESKİ;GAZİKEMAL;131 NOLU SOKAK;sokak;715738
KIRKLARELİ;BABAESKİ;GAZİKEMAL;132 NOLU SOKAK;sokak;294254
KIRKLARELİ;BABAESKİ;GAZİKEMAL;133 NOLU SOKAK;sokak;731667
KIRKLARELİ;BABAESKİ;GAZİKEMAL;134 NOLU SOKAK;sokak;1325723
KIRKLARELİ;BABAESKİ;GAZİKEMAL;135 NOLU SOKAK;sokak;723206
KIRKLARELİ;BABAESKİ;GAZİKEMAL;136 NOLU SOKAK;sokak;724954
KIRKLARELİ;BABAESKİ;GAZİKEMAL;137 NOLU SOKAK;sokak;730529
KIRKLARELİ;BABAESKİ;GAZİKEMAL;138 NOLU SOKAK;sokak;241255
KIRKLARELİ;BABAESKİ;GAZİKEMAL;139 NOLU SOKAK;sokak;657738480
KIRKLARELİ;BABAESKİ;GAZİKEMAL;140 NOLU SOKAK;sokak;733423
KIRKLARELİ;BABAESKİ;GAZİKEMAL;141 NOLU SOKAK;sokak;733397
KIRKLARELİ;BABAESKİ;GAZİKEMAL;142 NOLU SOKAK;sokak;441540
KIRKLARELİ;BABAESKİ;GAZİKEMAL;143 NOLU SOKAK;sokak;718711
KIRKLARELİ;BABAESKİ;GAZİKEMAL;144 NOLU SOKAK;sokak;725582
KIRKLARELİ;BABAESKİ;GAZİKEMAL;145 NOLU SOKAK;sokak;1325725
KIRKLARELİ;BABAESKİ;GAZİKEMAL;146 NOLU SOKAK;sokak;731629
KIRKLARELİ;BABAESKİ;GAZİKEMAL;147 NOLU SOKAK;sokak;725562
KIRKLARELİ;BABAESKİ;GAZİKEMAL;148 NOLU SOKAK;sokak;294700
KIRKLARELİ;BABAESKİ;GAZİKEMAL;149 NOLU SOKAK;sokak;723781
KIRKLARELİ;BABAESKİ;GAZİKEMAL;150 NOLU SOKAK;sokak;95405
KIRKLARELİ;BABAESKİ;GAZİKEMAL;151 NOLU SOKAK;sokak;1333879
KIRKLARELİ;BABAESKİ;GAZİKEMAL;152 NOLU SOKAK;sokak;721492
KIRKLARELİ;BABAESKİ;GAZİKEMAL;153 NOLU SOKAK;sokak;721911
KIRKLARELİ;BABAESKİ;GAZİKEMAL;154 NOLU SOKAK;sokak;76357
KIRKLARELİ;BABAESKİ;GAZİKEMAL;155 NOLU SOKAK;sokak;76375
KIRKLARELİ;BABAESKİ;GAZİKEMAL;156 NOLU SOKAK;sokak;731196
KIRKLARELİ;BABAESKİ;GAZİKEMAL;157 NOLU SOKAK;sokak;731210
KIRKLARELİ;BABAESKİ;GAZİKEMAL;158 NOLU SOKAK;sokak;451909
KIRKLARELİ;BABAESKİ;GAZİKEMAL;159 NOLU SOKAK;sokak;731635
KIRKLARELİ;BABAESKİ;GAZİKEMAL;160 NOLU SOKAK;sokak;727215
KIRKLARELİ;BABAESKİ;GAZİKEMAL;161 NOLU SOKAK;sokak;75107
KIRKLARELİ;BABAESKİ;GAZİKEMAL;162 NOLU SOKAK;sokak;356942
KIRKLARELİ;BABAESKİ;GAZİKEMAL;163 NOLU SOKAK;sokak;717771
KIRKLARELİ;BABAESKİ;GAZİKEMAL;164 NOLU SOKAK;sokak;66734
KIRKLARELİ;BABAESKİ;GAZİKEMAL;165 NOLU SOKAK;sokak;717685
KIRKLARELİ;BABAESKİ;GAZİKEMAL;166 NOLU SOKAK;sokak;720965
KIRKLARELİ;BABAESKİ;GAZİKEMAL;167 NOLU SOKAK;sokak;727337
KIRKLARELİ;BABAESKİ;GAZİKEMAL;168 NOLU SOKAK;sokak;724404
KIRKLARELİ;BABAESKİ;GAZİKEMAL;169 NOLU SOKAK;sokak;726932
KIRKLARELİ;BABAESKİ;GAZİKEMAL;170 NOLU SOKAK;sokak;720186
KIRKLARELİ;BABAESKİ;GAZİKEMAL;171 NOLU SOKAK;sokak;78729
KIRKLARELİ;BABAESKİ;GAZİKEMAL;172 NOLU SOKAK;sokak;724418
KIRKLARELİ;BABAESKİ;GAZİKEMAL;173 NOLU SOKAK;sokak;717306
KIRKLARELİ;BABAESKİ;GAZİKEMAL;174 NOLU SOKAK;sokak;720739
KIRKLARELİ;BABAESKİ;GAZİKEMAL;175 NOLU SOKAK;sokak;722924
KIRKLARELİ;BABAESKİ;GAZİKEMAL;176 NOLU SOKAK;sokak;724562
KIRKLARELİ;BABAESKİ;GAZİKEMAL;177 NOLU SOKAK;sokak;722064
KIRKLARELİ;BABAESKİ;GAZİKEMAL;178 NOLU SOKAK;sokak;715331
KIRKLARELİ;BABAESKİ;GAZİKEMAL;179 NOLU SOKAK;sokak;942716
KIRKLARELİ;BABAESKİ;GAZİKEMAL;180 NOLU SOKAK;sokak;716940
KIRKLARELİ;BABAESKİ;GAZİKEMAL;181 NOLU SOKAK;sokak;720223
KIRKLARELİ;BABAESKİ;GAZİKEMAL;182 NOLU SOKAK;sokak;158261
KIRKLARELİ;BABAESKİ;GAZİKEMAL;183 NOLU SOKAK;sokak;720263
KIRKLARELİ;BABAESKİ;GAZİKEMAL;184 NOLU SOKAK;sokak;1333883
KIRKLARELİ;BABAESKİ;GAZİKEMAL;185 NOLU SOKAK;sokak;719259
KIRKLARELİ;BABAESKİ;GAZİKEMAL;186 NOLU SOKAK;sokak;721047
KIRKLARELİ;BABAESKİ;GAZİKEMAL;187 NOLU SOKAK;sokak;156211
KIRKLARELİ;BABAESKİ;GAZİKEMAL;188 NOLU SOKAK;sokak;717042
KIRKLARELİ;BABAESKİ;GAZİKEMAL;189 NOLU SOKAK;sokak;821041
KIRKLARELİ;BABAESKİ;GAZİKEMAL;190 NOLU SOKAK;sokak;724466
KIRKLARELİ;BABAESKİ;GAZİKEMAL;191 NOLU SOKAK;sokak;723664
KIRKLARELİ;BABAESKİ;GAZİKEMAL;192 NOLU SOKAK;sokak;717084
KIRKLARELİ;BABAESKİ;GAZİKEMAL;193 NOLU SOKAK;sokak;1333855
KIRKLARELİ;BABAESKİ;GAZİKEMAL;194 NOLU SOKAK;sokak;718537
KIRKLARELİ;BABAESKİ;GAZİKEMAL;195 NOLU SOKAK;sokak;722896
KIRKLARELİ;BABAESKİ;GAZİKEMAL;196 NOLU SOKAK;sokak;722872
KIRKLARELİ;BABAESKİ;GAZİKEMAL;197 NOLU SOKAK;sokak;723714
KIRKLARELİ;BABAESKİ;GAZİKEMAL;198 NOLU SOKAK;sokak;715563
KIRKLARELİ;BABAESKİ;GAZİKEMAL;199 NOLU SOKAK;sokak;715194
KIRKLARELİ;BABAESKİ;GAZİKEMAL;200 NOLU SOKAK;sokak;715357
KIRKLARELİ;BABAESKİ;GAZİKEMAL;201 NOLU SOKAK;sokak;714427
KIRKLARELİ;BABAESKİ;GAZİKEMAL;202 NOLU SOKAK;sokak;150895
KIRKLARELİ;BABAESKİ;GAZİKEMAL;203 NOLU SOKAK;sokak;709861
KIRKLARELİ;BABAESKİ;GAZİKEMAL;204 NOLU SOKAK;sokak;710420
KIRKLARELİ;BABAESKİ;GAZİKEMAL;205 NOLU SOKAK;sokak;266222
KIRKLARELİ;BABAESKİ;GAZİKEMAL;206 NOLU SOKAK;sokak;712150
KIRKLARELİ;BABAESKİ;GAZİKEMAL;207 NOLU SOKAK;sokak;1333885
KIRKLARELİ;BABAESKİ;GAZİKEMAL;208 NOLU SOKAK;sokak;715192
KIRKLARELİ;BABAESKİ;GAZİKEMAL;209 NOLU SOKAK;sokak;154878
KIRKLARELİ;BABAESKİ;GAZİKEMAL;210 NOLU SOKAK;sokak;714779
KIRKLARELİ;BABAESKİ;GAZİKEMAL;211 NOLU SOKAK;sokak;714782
KIRKLARELİ;BABAESKİ;GAZİKEMAL;212 NOLU SOKAK;sokak;1333897
KIRKLARELİ;BABAESKİ;GAZİKEMAL;214 NOLU SOKAK;sokak;717621
KIRKLARELİ;BABAESKİ;GAZİKEMAL;215 NOLU SOKAK;sokak;720878
KIRKLARELİ;BABAESKİ;GAZİKEMAL;216 NOLU SOKAK;sokak;86054
KIRKLARELİ;BABAESKİ;GAZİKEMAL;217 NOLU SOKAK;sokak;259218
KIRKLARELİ;BABAESKİ;GAZİKEMAL;219 NOLU SOKAK;sokak;1333899
KIRKLARELİ;BABAESKİ;GAZİKEMAL;220 NOLU KÜME EVLER;sokak;708940
KIRKLARELİ;BABAESKİ;GAZİKEMAL;221 NOLU SOKAK;sokak;730811
KIRKLARELİ;BABAESKİ;GAZİKEMAL;222 NOLU SOKAK;sokak;713740
KIRKLARELİ;BABAESKİ;GAZİKEMAL;223 NOLU SOKAK;sokak;713747
KIRKLARELİ;BABAESKİ;GAZİKEMAL;225 NOLU SOKAK;sokak;982343
KIRKLARELİ;BABAESKİ;GAZİKEMAL;226 NOLU SOKAK;sokak;949460
KIRKLARELİ;BABAESKİ;GAZİKEMAL;227 NOLU ADA KÜME EVLER;sokak;401725790
KIRKLARELİ;BABAESKİ;GAZİKEMAL;227 NOLU SOKAK;sokak;822552
KIRKLARELİ;BABAESKİ;GAZİKEMAL;228 NOLU SOKAK;sokak;1038560
KIRKLARELİ;BABAESKİ;GAZİKEMAL;229 NOLU SOKAK;sokak;1333903
KIRKLARELİ;BABAESKİ;GAZİKEMAL;230 NOLU SOKAK;sokak;1333905
KIRKLARELİ;BABAESKİ;GAZİKEMAL;231 NOLU SOKAK;sokak;1333907
KIRKLARELİ;BABAESKİ;GAZİKEMAL;232 NOLU SOKAK;sokak;1333909
KIRKLARELİ;BABAESKİ;GAZİKEMAL;233 NOLU SOKAK;sokak;1333889
KIRKLARELİ;BABAESKİ;GAZİKEMAL;234 NOLU SOKAK;sokak;723196
KIRKLARELİ;BABAESKİ;GAZİKEMAL;235 NOLU SOKAK;sokak;730805
KIRKLARELİ;BABAESKİ;GAZİKEMAL;236 NOLU SOKAK;sokak;1333891
KIRKLARELİ;BABAESKİ;GAZİKEMAL;237 NOLU SOKAK;sokak;1333893
KIRKLARELİ;BABAESKİ;GAZİKEMAL;238 NOLU SOKAK;sokak;725110
KIRKLARELİ;BABAESKİ;GAZİKEMAL;239 NOLU SOKAK;sokak;723148
KIRKLARELİ;BABAESKİ;GAZİKEMAL;240 NOLU SOKAK;sokak;731648
KIRKLARELİ;BABAESKİ;GAZİKEMAL;241 NOLU SOKAK;sokak;1333913
KIRKLARELİ;BABAESKİ;GAZİKEMAL;243 NOLU SOKAK;sokak;1333915
KIRKLARELİ;BABAESKİ;GAZİKEMAL;244 NOLU SOKAK;sokak;1333895
KIRKLARELİ;BABAESKİ;GAZİKEMAL;245 NOLU SOKAK;sokak;1333939
KIRKLARELİ;BABAESKİ;GAZİKEMAL;246 NOLU SOKAK;sokak;1333941
KIRKLARELİ;BABAESKİ;GAZİKEMAL;247 NOLU SOKAK;sokak;1333943
KIRKLARELİ;BABAESKİ;GAZİKEMAL;248 NOLU SOKAK;sokak;1333945
KIRKLARELİ;BABAESKİ;GAZİKEMAL;249 NOLU SOKAK;sokak;1333957
KIRKLARELİ;BABAESKİ;GAZİKEMAL;250 NOLU SOKAK;sokak;725112
KIRKLARELİ;BABAESKİ;GAZİKEMAL;251 NOLU SOKAK;sokak;723147
KIRKLARELİ;BABAESKİ;GAZİKEMAL;252 NOLU SOKAK;sokak;725986
KIRKLARELİ;BABAESKİ;GAZİKEMAL;ADNAN KAHVECİ CADDE;cadde;82156
KIRKLARELİ;BABAESKİ;GAZİKEMAL;AHMET TANER KIŞLALI CADDE;cadde;385681
KIRKLARELİ;BABAESKİ;GAZİKEMAL;ALİ RIZA EFENDİ 1. CADDE;cadde;724321
KIRKLARELİ;BABAESKİ;GAZİKEMAL;ALİ RIZA EFENDİ 2. CADDE;cadde;718671
KIRKLARELİ;BABAESKİ;GAZİKEMAL;APAK GEÇİDİ SOKAK;sokak;81142
KIRKLARELİ;BABAESKİ;GAZİKEMAL;ATIKSU ARITMA TESİSİ KÜME EVLER;sokak;1273765
KIRKLARELİ;BABAESKİ;GAZİKEMAL;BAŞ CAZGIR ŞÜKRÜ KAYABAŞ SOKAK;sokak;725780
KIRKLARELİ;BABAESKİ;GAZİKEMAL;BATTALBAHÇE ÇIKMAZ SOKAK;sokak;726980
KIRKLARELİ;BABAESKİ;GAZİKEMAL;BATTALBAHÇE GEÇİDİ SOKAK;sokak;724984
KIRKLARELİ;BABAESKİ;GAZİKEMAL;BEDERLİ SOKAK;sokak;49951
KIRKLARELİ;BABAESKİ;GAZİKEMAL;BIÇKICILAR SOKAK;sokak;82148
KIRKLARELİ;BABAESKİ;GAZİKEMAL;BILINMEYEN62 SOKAK;sokak;850380731
KIRKLARELİ;BABAESKİ;GAZİKEMAL;BİRİKETÇİLER SOKAK;sokak;731703
KIRKLARELİ;BABAESKİ;GAZİKEMAL;ÇARŞI GEÇİDİ SOKAK;sokak;22301
KIRKLARELİ;BABAESKİ;GAZİKEMAL;ÇARŞI SOKAK;sokak;294646
KIRKLARELİ;BABAESKİ;GAZİKEMAL;ÇÖMLEKÇİ SOKAK;sokak;76359
KIRKLARELİ;BABAESKİ;GAZİKEMAL;D 100 KARAYOLU CADDE;cadde;440881281
KIRKLARELİ;BABAESKİ;GAZİKEMAL;D.100 KARAYOLU ÜZERİ ECEVİT KÜME EVLER;sokak;360046
KIRKLARELİ;BABAESKİ;GAZİKEMAL;DEĞİRMEN GEÇİDİ SOKAK;sokak;731798
KIRKLARELİ;BABAESKİ;GAZİKEMAL;DENEME-2 SOKAK;sokak;577219201
KIRKLARELİ;BABAESKİ;GAZİKEMAL;DR. AHMET REFİK EREM SOKAK;sokak;734285
KIRKLARELİ;BABAESKİ;GAZİKEMAL;EKİCİ SOKAK;sokak;708448
KIRKLARELİ;BABAESKİ;GAZİKEMAL;FATİH CADDE;cadde;261558
KIRKLARELİ;BABAESKİ;GAZİKEMAL;FERHAT GERENLİ SOKAK;sokak;708462
KIRKLARELİ;BABAESKİ;GAZİKEMAL;FEVZİYE CADDE;cadde;720286
KIRKLARELİ;BABAESKİ;GAZİKEMAL;FIRIN SOKAK;sokak;721149
KIRKLARELİ;BABAESKİ;GAZİKEMAL;FİKRİYE KALYONCUOĞLU SOKAK;sokak;732525
KIRKLARELİ;BABAESKİ;GAZİKEMAL;GAZİ MUSTAFA KEMAL BULVAR;sokak;715239
KIRKLARELİ;BABAESKİ;GAZİKEMAL;GENERAL MÜNİR ONAT SOKAK;sokak;173001
KIRKLARELİ;BABAESKİ;GAZİKEMAL;HASAN ÖZKAN SOKAK;sokak;732572
KIRKLARELİ;BABAESKİ;GAZİKEMAL;HÜRRİYET GEÇİDİ SOKAK;sokak;724975
KIRKLARELİ;BABAESKİ;GAZİKEMAL;İBRAHİM PEHLİVAN SOKAK;sokak;22225
KIRKLARELİ;BABAESKİ;GAZİKEMAL;İNÖNÜ CADDE;cadde;260330
KIRKLARELİ;BABAESKİ;GAZİKEMAL;İNÖNÜ GEÇİDİ SOKAK;sokak;723046
KIRKLARELİ;BABAESKİ;GAZİKEMAL;İNÖNÜ MEYDANI MEYDAN;sokak;708334
KIRKLARELİ;BABAESKİ;GAZİKEMAL;İSTANBUL CADDE;cadde;721542
KIRKLARELİ;BABAESKİ;GAZİKEMAL;KAYNAKÇILAR SOKAK;sokak;136717
KIRKLARELİ;BABAESKİ;GAZİKEMAL;KENAR GEÇİDİ SOKAK;sokak;732249
KIRKLARELİ;BABAESKİ;GAZİKEMAL;KENAR SOKAK;sokak;287084
KIRKLARELİ;BABAESKİ;GAZİKEMAL;MARANGOZLAR SOKAK;sokak;709238
KIRKLARELİ;BABAESKİ;GAZİKEMAL;MUHTAR CEMİL SOKAK;sokak;734252
KIRKLARELİ;BABAESKİ;GAZİKEMAL;MUHTAR ŞEVKİ SOKAK;sokak;728339
KIRKLARELİ;BABAESKİ;GAZİKEMAL;NADIRLI YOLU SOKAK;sokak;717989
KIRKLARELİ;BABAESKİ;GAZİKEMAL;OVA SOKAK;sokak;719965
KIRKLARELİ;BABAESKİ;GAZİKEMAL;ÖMER ABALI SOKAK;sokak;342028
KIRKLARELİ;BABAESKİ;GAZİKEMAL;PROF. MUAMMER AKSOY CADDE;cadde;732956
KIRKLARELİ;BABAESKİ;GAZİKEMAL;SANAYİ MEYDAN;sokak;713742
KIRKLARELİ;BABAESKİ;GAZİKEMAL;SEVİNÇ SOKAK;sokak;728277
KIRKLARELİ;BABAESKİ;GAZİKEMAL;SÜLEYMAN ERKEN SOKAK;sokak;190344
KIRKLARELİ;BABAESKİ;GAZİKEMAL;ŞÜKRÜ ERKEN SOKAK;sokak;730819
KIRKLARELİ;BABAESKİ;GAZİKEMAL;TAMİRCİLER SOKAK;sokak;93085
KIRKLARELİ;BABAESKİ;GAZİKEMAL;YAŞAR ÖZEL SOKAK;sokak;76707
KIRKLARELİ;BABAESKİ;GAZİKEMAL;YEŞİLLETEN SOKAK;sokak;23948
KIRKLARELİ;BABAESKİ;GAZİOSMANPAŞA;594 NOLU SOKAK;sokak;151053
KIRKLARELİ;BABAESKİ;GAZİOSMANPAŞA;595 NOLU SOKAK;sokak;294698
KIRKLARELİ;BABAESKİ;GAZİOSMANPAŞA;596 NOLU SOKAK;sokak;49197
KIRKLARELİ;BABAESKİ;GAZİOSMANPAŞA;597 NOLU SOKAK;sokak;49198
KIRKLARELİ;BABAESKİ;GAZİOSMANPAŞA;598 NOLU SOKAK;sokak;722271
KIRKLARELİ;BABAESKİ;GAZİOSMANPAŞA;599 NOLU SOKAK;sokak;723108
KIRKLARELİ;BABAESKİ;GAZİOSMANPAŞA;600 NOLU SOKAK;sokak;734241
KIRKLARELİ;BABAESKİ;GAZİOSMANPAŞA;601 NOLU SOKAK;sokak;416240
KIRKLARELİ;BABAESKİ;GAZİOSMANPAŞA;602 NOLU SOKAK;sokak;731638
KIRKLARELİ;BABAESKİ;GAZİOSMANPAŞA;603 NOLU SOKAK;sokak;733367
KIRKLARELİ;BABAESKİ;GAZİOSMANPAŞA;604 NOLU SOKAK;sokak;388253
KIRKLARELİ;BABAESKİ;GAZİOSMANPAŞA;605 NOLU SOKAK;sokak;721744
KIRKLARELİ;BABAESKİ;GAZİOSMANPAŞA;606 NOLU SOKAK;sokak;175360
KIRKLARELİ;BABAESKİ;GAZİOSMANPAŞA;607 NOLU SOKAK;sokak;721282
KIRKLARELİ;BABAESKİ;GAZİOSMANPAŞA;608 NOLU SOKAK;sokak;175363
KIRKLARELİ;BABAESKİ;GAZİOSMANPAŞA;609 NOLU SOKAK;sokak;723378
KIRKLARELİ;BABAESKİ;GAZİOSMANPAŞA;610 NOLU SOKAK;sokak;722544
KIRKLARELİ;BABAESKİ;GAZİOSMANPAŞA;611 NOLU SOKAK;sokak;49931
KIRKLARELİ;BABAESKİ;GAZİOSMANPAŞA;612 NOLU SOKAK;sokak;49932
KIRKLARELİ;BABAESKİ;GAZİOSMANPAŞA;613 NOLU SOKAK;sokak;723604
KIRKLARELİ;BABAESKİ;GAZİOSMANPAŞA;614 NOLU SOKAK;sokak;725168
KIRKLARELİ;BABAESKİ;GAZİOSMANPAŞA;615 NOLU SOKAK;sokak;732539
KIRKLARELİ;BABAESKİ;GAZİOSMANPAŞA;617 NOLU SOKAK;sokak;728328
KIRKLARELİ;BABAESKİ;GAZİOSMANPAŞA;618 NOLU SOKAK;sokak;22244
KIRKLARELİ;BABAESKİ;GAZİOSMANPAŞA;619 NOLU SOKAK;sokak;734262
KIRKLARELİ;BABAESKİ;GAZİOSMANPAŞA;620 NOLU SOKAK;sokak;22247
KIRKLARELİ;BABAESKİ;GAZİOSMANPAŞA;621 NOLU SOKAK;sokak;724610
KIRKLARELİ;BABAESKİ;GAZİOSMANPAŞA;622 NOLU SOKAK;sokak;23599
KIRKLARELİ;BABAESKİ;GAZİOSMANPAŞA;623 NOLU SOKAK;sokak;724644
KIRKLARELİ;BABAESKİ;GAZİOSMANPAŞA;624 NOLU SOKAK;sokak;724645
KIRKLARELİ;BABAESKİ;GAZİOSMANPAŞA;625 NOLU SOKAK;sokak;1325695
KIRKLARELİ;BABAESKİ;GAZİOSMANPAŞA;626 NOLU SOKAK;sokak;151640
KIRKLARELİ;BABAESKİ;GAZİOSMANPAŞA;627 NOLU SOKAK;sokak;723128
KIRKLARELİ;BABAESKİ;GAZİOSMANPAŞA;628 NOLU SOKAK;sokak;75664
KIRKLARELİ;BABAESKİ;GAZİOSMANPAŞA;629 NOLU SOKAK;sokak;726297
KIRKLARELİ;BABAESKİ;GAZİOSMANPAŞA;630 NOLU SOKAK;sokak;240037
KIRKLARELİ;BABAESKİ;GAZİOSMANPAŞA;631 NOLU SOKAK;sokak;1325697
KIRKLARELİ;BABAESKİ;GAZİOSMANPAŞA;632 NOLU SOKAK;sokak;731384
KIRKLARELİ;BABAESKİ;GAZİOSMANPAŞA;633 NOLU SOKAK;sokak;731715
KIRKLARELİ;BABAESKİ;GAZİOSMANPAŞA;634 NOLU SOKAK;sokak;725787
KIRKLARELİ;BABAESKİ;GAZİOSMANPAŞA;635 NOLU SOKAK;sokak;726809
KIRKLARELİ;BABAESKİ;GAZİOSMANPAŞA;636 NOLU SOKAK;sokak;726821
KIRKLARELİ;BABAESKİ;GAZİOSMANPAŞA;637 NOLU SOKAK;sokak;726822
KIRKLARELİ;BABAESKİ;GAZİOSMANPAŞA;638 NOLU SOKAK;sokak;862589
KIRKLARELİ;BABAESKİ;GAZİOSMANPAŞA;639 NOLU SOKAK;sokak;1325699
KIRKLARELİ;BABAESKİ;GAZİOSMANPAŞA;640 NOLU SOKAK;sokak;944592
KIRKLARELİ;BABAESKİ;GAZİOSMANPAŞA;641 NOLU SOKAK;sokak;317667
KIRKLARELİ;BABAESKİ;GAZİOSMANPAŞA;642 NOLU SOKAK;sokak;1325703
KIRKLARELİ;BABAESKİ;GAZİOSMANPAŞA;643 NOLU SOKAK;sokak;1325705
KIRKLARELİ;BABAESKİ;GAZİOSMANPAŞA;644 NOLU SOKAK;sokak;1325665
KIRKLARELİ;BABAESKİ;GAZİOSMANPAŞA;645 NOLU SOKAK;sokak;317668
KIRKLARELİ;BABAESKİ;GAZİOSMANPAŞA;646 NOLU SOKAK;sokak;732275
KIRKLARELİ;BABAESKİ;GAZİOSMANPAŞA;647 NOLU SOKAK;sokak;732284
KIRKLARELİ;BABAESKİ;GAZİOSMANPAŞA;648 NOLU SOKAK;sokak;731784
KIRKLARELİ;BABAESKİ;GAZİOSMANPAŞA;649 NOLU SOKAK;sokak;731779
KIRKLARELİ;BABAESKİ;GAZİOSMANPAŞA;650 NOLU SOKAK;sokak;482891
KIRKLARELİ;BABAESKİ;GAZİOSMANPAŞA;651 NOLU SOKAK;sokak;1325667
KIRKLARELİ;BABAESKİ;GAZİOSMANPAŞA;652 NOLU SOKAK;sokak;1325707
KIRKLARELİ;BABAESKİ;GAZİOSMANPAŞA;653 NOLU SOKAK;sokak;818048
KIRKLARELİ;BABAESKİ;GAZİOSMANPAŞA;654 NOLU SOKAK;sokak;1325709
KIRKLARELİ;BABAESKİ;GAZİOSMANPAŞA;655 NOLU SOKAK;sokak;810438
KIRKLARELİ;BABAESKİ;GAZİOSMANPAŞA;656 NOLU SOKAK;sokak;1325711
KIRKLARELİ;BABAESKİ;GAZİOSMANPAŞA;657 NOLU SOKAK;sokak;1333829
KIRKLARELİ;BABAESKİ;GAZİOSMANPAŞA;658 NOLU SOKAK;sokak;1333873
KIRKLARELİ;BABAESKİ;GAZİOSMANPAŞA;677 NOLU SOKAK;sokak;49964
KIRKLARELİ;BABAESKİ;GAZİOSMANPAŞA;ARPAÇLI MEHMET SOKAK;sokak;714214
KIRKLARELİ;BABAESKİ;GAZİOSMANPAŞA;ATATÜRK CADDE;cadde;727114
KIRKLARELİ;BABAESKİ;GAZİOSMANPAŞA;CUMHURİYET BULVAR;sokak;726360
KIRKLARELİ;BABAESKİ;GAZİOSMANPAŞA;ÇEVRE YOLU ÜZERİ ÇADIR BÖLGESİ KÜME EVLER;sokak;49971
KIRKLARELİ;BABAESKİ;GAZİOSMANPAŞA;ÇİFTÇİ GEÇİDİ SOKAK;sokak;136519
KIRKLARELİ;BABAESKİ;GAZİOSMANPAŞA;ÇİFTÇİ SOKAK;sokak;718864
KIRKLARELİ;BABAESKİ;GAZİOSMANPAŞA;D 100 KARAYOLU CADDE;cadde;189414681
KIRKLARELİ;BABAESKİ;GAZİOSMANPAŞA;ESKİ CUMA ÇIKMAZI SOKAK;sokak;718897
KIRKLARELİ;BABAESKİ;GAZİOSMANPAŞA;ESKİ CUMA SOKAK;sokak;724109
KIRKLARELİ;BABAESKİ;GAZİOSMANPAŞA;HASTANE SOKAK;sokak;50186
KIRKLARELİ;BABAESKİ;GAZİOSMANPAŞA;İSTANBUL-KIRKLARELİ YOLU CADDE;cadde;446865660
KIRKLARELİ;BABAESKİ;GAZİOSMANPAŞA;İSTASYON CADDE;cadde;154814
KIRKLARELİ;BABAESKİ;GAZİOSMANPAŞA;KIRKLARELİ CADDE;cadde;484685
KIRKLARELİ;BABAESKİ;GAZİOSMANPAŞA;KIRKLARELİ GEÇİDİ SOKAK;sokak;719214
KIRKLARELİ;BABAESKİ;GAZİOSMANPAŞA;KUZEY KIŞLA KÜME EVLER;sokak;757709
KIRKLARELİ;BABAESKİ;GAZİOSMANPAŞA;MEHMET EMİN BATUR SOKAK;sokak;78722
KIRKLARELİ;BABAESKİ;GAZİOSMANPAŞA;MUHTAR CEMAL KARABACAK SOKAK;sokak;723605
KIRKLARELİ;BABAESKİ;GAZİOSMANPAŞA;MURATLAR SOKAK;sokak;723431
KIRKLARELİ;BABAESKİ;GAZİOSMANPAŞA;OFİS SOKAK;sokak;489317860
KIRKLARELİ;BABAESKİ;GAZİOSMANPAŞA;SU YOLU SOKAK;sokak;317671
KIRKLARELİ;BABAESKİ;GAZİOSMANPAŞA;ŞEHİT EROL GÜNEY SOKAK;sokak;708864
KIRKLARELİ;BABAESKİ;GAZİOSMANPAŞA;ŞEHİT KOMİSER AHMET YURDATAPAN SOKAK;sokak;718597
KIRKLARELİ;BABAESKİ;GAZİOSMANPAŞA;ŞEHİT TURGAY SÜZGEN CADDE;cadde;729625
KIRKLARELİ;BABAESKİ;GAZİOSMANPAŞA;TEVFİKİYE CADDE;cadde;78738
KIRKLARELİ;BABAESKİ;GAZİOSMANPAŞA;ZAFER GEÇİDİ SOKAK;sokak;723430
KIRKLARELİ;BABAESKİ;GAZİOSMANPAŞA;ZAFER SOKAK;sokak;710408
KIRKLARELİ;BABAESKİ;HACIHASAN;491 NOLU SOKAK;sokak;719524
KIRKLARELİ;BABAESKİ;HACIHASAN;632 NOLU SOKAK;sokak;720893
KIRKLARELİ;BABAESKİ;HACIHASAN;655 NOLU SOKAK;sokak;1333871
KIRKLARELİ;BABAESKİ;HACIHASAN;657 NOLU SOKAK;sokak;1333839
KIRKLARELİ;BABAESKİ;HACIHASAN;658 NOLU SOKAK;sokak;720899
KIRKLARELİ;BABAESKİ;HACIHASAN;659 NOLU SOKAK;sokak;714195
KIRKLARELİ;BABAESKİ;HACIHASAN;660 NOLU SOKAK;sokak;719824
KIRKLARELİ;BABAESKİ;HACIHASAN;661 NOLU SOKAK;sokak;710272
KIRKLARELİ;BABAESKİ;HACIHASAN;662 NOLU SOKAK;sokak;726077
KIRKLARELİ;BABAESKİ;HACIHASAN;664 NOLU SOKAK;sokak;714370
KIRKLARELİ;BABAESKİ;HACIHASAN;665 NOLU SOKAK;sokak;1333831
KIRKLARELİ;BABAESKİ;HACIHASAN;666 NOLU SOKAK;sokak;723718
KIRKLARELİ;BABAESKİ;HACIHASAN;667 NOLU SOKAK;sokak;1333833
KIRKLARELİ;BABAESKİ;HACIHASAN;668 NOLU SOKAK;sokak;720884
KIRKLARELİ;BABAESKİ;HACIHASAN;669 NOLU SOKAK;sokak;720885
KIRKLARELİ;BABAESKİ;HACIHASAN;670 NOLU SOKAK;sokak;1333835
KIRKLARELİ;BABAESKİ;HACIHASAN;671 NOLU SOKAK;sokak;1333857
KIRKLARELİ;BABAESKİ;HACIHASAN;672 NOLU SOKAK;sokak;141447
KIRKLARELİ;BABAESKİ;HACIHASAN;673 NOLU SOKAK;sokak;141452
KIRKLARELİ;BABAESKİ;HACIHASAN;674 NOLU SOKAK;sokak;720890
KIRKLARELİ;BABAESKİ;HACIHASAN;675 NOLU SOKAK;sokak;720883
KIRKLARELİ;BABAESKİ;HACIHASAN;676 NOLU SOKAK;sokak;720891
KIRKLARELİ;BABAESKİ;HACIHASAN;677 NOLU SOKAK;sokak;712686
KIRKLARELİ;BABAESKİ;HACIHASAN;678 NOLU SOKAK;sokak;712688
KIRKLARELİ;BABAESKİ;HACIHASAN;679 NOLU SOKAK;sokak;720895
KIRKLARELİ;BABAESKİ;HACIHASAN;680 NOLU SOKAK;sokak;1333841
KIRKLARELİ;BABAESKİ;HACIHASAN;681 NOLU SOKAK;sokak;1333859
KIRKLARELİ;BABAESKİ;HACIHASAN;682 NOLU SOKAK;sokak;1333843
KIRKLARELİ;BABAESKİ;HACIHASAN;683 NOLU SOKAK;sokak;1333863
KIRKLARELİ;BABAESKİ;HACIHASAN;684 NOLU SOKAK;sokak;1333865
KIRKLARELİ;BABAESKİ;HACIHASAN;685 NOLU SOKAK;sokak;720901
KIRKLARELİ;BABAESKİ;HACIHASAN;686 NOLU SOKAK;sokak;1333867
KIRKLARELİ;BABAESKİ;HACIHASAN;ADİL ONAT CADDE;cadde;710785
KIRKLARELİ;BABAESKİ;HACIHASAN;AHMET EKŞİOĞLU SOKAK;sokak;726070
KIRKLARELİ;BABAESKİ;HACIHASAN;AKARCA GEÇİDİ SOKAK;sokak;726540
KIRKLARELİ;BABAESKİ;HACIHASAN;AKARCA SOKAK;sokak;722022
KIRKLARELİ;BABAESKİ;HACIHASAN;ATATÜRK CADDE;cadde;476976
KIRKLARELİ;BABAESKİ;HACIHASAN;ATATÜRK MEYDANI MEYDAN;sokak;508029660
KIRKLARELİ;BABAESKİ;HACIHASAN;BAŞPEHLİVAN MUSTAFA YENİCİ SOKAK;sokak;715686
KIRKLARELİ;BABAESKİ;HACIHASAN;BULVAR GEÇİDİ SOKAK;sokak;722018
KIRKLARELİ;BABAESKİ;HACIHASAN;BÜYÜK AYAZMA SOKAK;sokak;722019
KIRKLARELİ;BABAESKİ;HACIHASAN;CUMHURİYET BULVAR;sokak;710000
KIRKLARELİ;BABAESKİ;HACIHASAN;CUMHURİYET BULVARI 1 NOLU ÇIKMAZ SOKAK;sokak;261018
KIRKLARELİ;BABAESKİ;HACIHASAN;CUMHURİYET BULVARI 2 NOLU ÇIKMAZ SOKAK;sokak;259202
KIRKLARELİ;BABAESKİ;HACIHASAN;CUMHURİYET BULVARI 3 NOLU ÇIKMAZ SOKAK;sokak;485067
KIRKLARELİ;BABAESKİ;HACIHASAN;CUMHURİYET CADDE;cadde;715258
KIRKLARELİ;BABAESKİ;HACIHASAN;ÇAVUŞUOĞLU ÖMER AĞA MEYDAN;sokak;710724
KIRKLARELİ;BABAESKİ;HACIHASAN;D 100 KARAYOLU CADDE;cadde;407769811
KIRKLARELİ;BABAESKİ;HACIHASAN;DAR SOKAK;sokak;719815
KIRKLARELİ;BABAESKİ;HACIHASAN;DEĞİRMEN YOLU SOKAK;sokak;720896
KIRKLARELİ;BABAESKİ;HACIHASAN;DERELİ TAHİR EFENDİ SOKAK;sokak;714649
KIRKLARELİ;BABAESKİ;HACIHASAN;DIRAMALI RAŞİT SOKAK;sokak;714371
KIRKLARELİ;BABAESKİ;HACIHASAN;DİBEK SOKAK;sokak;719830
KIRKLARELİ;BABAESKİ;HACIHASAN;EĞRİ ÇIKMAZI SOKAK;sokak;717225
KIRKLARELİ;BABAESKİ;HACIHASAN;EĞRİ SOKAK;sokak;715943
KIRKLARELİ;BABAESKİ;HACIHASAN;FATİH CADDE;cadde;448968
KIRKLARELİ;BABAESKİ;HACIHASAN;GAZİ İBRAHİM SEVİNÇ SOKAK;sokak;756304
KIRKLARELİ;BABAESKİ;HACIHASAN;GAZİ MUSTAFA KURHAN SOKAK;sokak;722016
KIRKLARELİ;BABAESKİ;HACIHASAN;GİRGİN KÜME EVLER;sokak;720898
KIRKLARELİ;BABAESKİ;HACIHASAN;HALUK KUYUCUOĞLU SOKAK;sokak;714372
KIRKLARELİ;BABAESKİ;HACIHASAN;HAMAM SOKAK;sokak;710445
KIRKLARELİ;BABAESKİ;HACIHASAN;İNÖNÜ MEYDANI MEYDAN;sokak;708278
KIRKLARELİ;BABAESKİ;HACIHASAN;KUZEY KIŞLA KÜME EVLER;sokak;422076540
KIRKLARELİ;BABAESKİ;HACIHASAN;MEHMET ÖKTEM SOKAK;sokak;711329
KIRKLARELİ;BABAESKİ;HACIHASAN;MUHTAR HURŞİT SOKAK;sokak;719862
KIRKLARELİ;BABAESKİ;HACIHASAN;MUSTAFA APAK SOKAK;sokak;475882
KIRKLARELİ;BABAESKİ;HACIHASAN;ÖNEN SOKAK;sokak;448247
KIRKLARELİ;BABAESKİ;HACIHASAN;SADIK YÜCE ENGİN SOKAK;sokak;726073
KIRKLARELİ;BABAESKİ;HACIHASAN;SAİM ÖKMEN SOKAK;sokak;710443
KIRKLARELİ;BABAESKİ;HACIHASAN;ŞEHİT ALEMDAR ALBAYRAK SOKAK;sokak;716767
KIRKLARELİ;BABAESKİ;HACIHASAN;ŞEN GEÇİDİ SOKAK;sokak;756310
KIRKLARELİ;BABAESKİ;HACIHASAN;ŞEN SOKAK;sokak;719863
KIRKLARELİ;BABAESKİ;HACIHASAN;TAKTAKÇI MEHMET AĞA SOKAK;sokak;711557
KIRKLARELİ;BABAESKİ;HACIHASAN;TEPE SOKAK;sokak;90683
KIRKLARELİ;BABAESKİ;HACIHASAN;TUZSUZ MEHMET EFENDİ SOKAK;sokak;716391
KIRKLARELİ;BABAESKİ;HACIHASAN;YAKUP NACİ SOKAK;sokak;716667
KIRKLARELİ;BABAESKİ;HAMİDİYE;566 NOLU SOKAK;sokak;708344
KIRKLARELİ;BABAESKİ;HAMİDİYE;567 NOLU SOKAK;sokak;264852
KIRKLARELİ;BABAESKİ;HAMİDİYE;568 NOLU SOKAK;sokak;709863
KIRKLARELİ;BABAESKİ;HAMİDİYE;569 NOLU SOKAK;sokak;711327
KIRKLARELİ;BABAESKİ;HAMİDİYE;570 NOLU SOKAK;sokak;714547
KIRKLARELİ;BABAESKİ;HAMİDİYE;571 NOLU SOKAK;sokak;379537
KIRKLARELİ;BABAESKİ;HAMİDİYE;572 NOLU SOKAK;sokak;725927
KIRKLARELİ;BABAESKİ;HAMİDİYE;573 NOLU SOKAK;sokak;722814
KIRKLARELİ;BABAESKİ;HAMİDİYE;574 NOLU SOKAK;sokak;730856
KIRKLARELİ;BABAESKİ;HAMİDİYE;576 NOLU SOKAK;sokak;724675
KIRKLARELİ;BABAESKİ;HAMİDİYE;577 NOLU SOKAK;sokak;724725
KIRKLARELİ;BABAESKİ;HAMİDİYE;578 NOLU SOKAK;sokak;724688
KIRKLARELİ;BABAESKİ;HAMİDİYE;579 NOLU SOKAK;sokak;724731
KIRKLARELİ;BABAESKİ;HAMİDİYE;580 NOLU SOKAK;sokak;156056
KIRKLARELİ;BABAESKİ;HAMİDİYE;581 NOLU SOKAK;sokak;407120
KIRKLARELİ;BABAESKİ;HAMİDİYE;582 NOLU SOKAK;sokak;722265
KIRKLARELİ;BABAESKİ;HAMİDİYE;583 NOLU SOKAK;sokak;452271
KIRKLARELİ;BABAESKİ;HAMİDİYE;584 NOLU SOKAK;sokak;374522
KIRKLARELİ;BABAESKİ;HAMİDİYE;585 NOLU SOKAK;sokak;49200
KIRKLARELİ;BABAESKİ;HAMİDİYE;586 NOLU SOKAK;sokak;49204
KIRKLARELİ;BABAESKİ;HAMİDİYE;587 NOLU SOKAK;sokak;50520
KIRKLARELİ;BABAESKİ;HAMİDİYE;588 NOLU SOKAK;sokak;731630
KIRKLARELİ;BABAESKİ;HAMİDİYE;589 NOLU SOKAK;sokak;76859
KIRKLARELİ;BABAESKİ;HAMİDİYE;590 NOLU SOKAK;sokak;723583
KIRKLARELİ;BABAESKİ;HAMİDİYE;591 NOLU CADDE;cadde;724942
KIRKLARELİ;BABAESKİ;HAMİDİYE;594 NOLU SOKAK;sokak;374766
KIRKLARELİ;BABAESKİ;HAMİDİYE;ATATÜRK CADDE;cadde;721274
KIRKLARELİ;BABAESKİ;HAMİDİYE;ATATÜRK MEYDANI MEYDAN;sokak;748049
KIRKLARELİ;BABAESKİ;HAMİDİYE;AVUKAT H.RAHMİ TEZSEZER SOKAK;sokak;715391
KIRKLARELİ;BABAESKİ;HAMİDİYE;CUMHURİYET MEYDANI SOKAK;sokak;719610
KIRKLARELİ;BABAESKİ;HAMİDİYE;DOĞRU SOKAK;sokak;716406
KIRKLARELİ;BABAESKİ;HAMİDİYE;EĞRİ SOKAK;sokak;710230
KIRKLARELİ;BABAESKİ;HAMİDİYE;ESKİ CUMA SOKAK;sokak;724089
KIRKLARELİ;BABAESKİ;HAMİDİYE;FATİH CADDE;cadde;368980
KIRKLARELİ;BABAESKİ;HAMİDİYE;HÖYÜKTEPE SOKAK;sokak;724866
KIRKLARELİ;BABAESKİ;HAMİDİYE;İSTASYON CADDE;cadde;719516
KIRKLARELİ;BABAESKİ;HAMİDİYE;KIRKLARELİ CADDE;cadde;720611
KIRKLARELİ;BABAESKİ;HAMİDİYE;KÜÇÜK AYAZMA SOKAK;sokak;726142
KIRKLARELİ;BABAESKİ;HAMİDİYE;MUHTAR HALİL ÖZYÜREK SOKAK;sokak;724943
KIRKLARELİ;BABAESKİ;HAMİDİYE;OFİS SOKAK;sokak;751700010
KIRKLARELİ;BABAESKİ;HAMİDİYE;ÖĞRETMEN ŞADİ EREN SOKAK;sokak;723594
KIRKLARELİ;BABAESKİ;HAMİDİYE;PROF.DR.CUMALİ KINACI SOKAK;sokak;724673
KIRKLARELİ;BABAESKİ;HAMİDİYE;SU YOLU SOKAK;sokak;715110
KIRKLARELİ;BABAESKİ;HAMİDİYE;ŞEHİT KOMİSER AHMET YURDATAPAN SOKAK;sokak;708876
KIRKLARELİ;BABAESKİ;HAMİDİYE;ŞEHİT TURGAY SÜZGEN CADDE;cadde;719245
KIRKLARELİ;BABAESKİ;HAMİDİYE;TEVFİKİYE CADDE;cadde;717466
KIRKLARELİ;BABAESKİ;HAMİDİYE;YUSUF BAKIRCI SOKAK;sokak;726911
KIRKLARELİ;BABAESKİ;HAZİNEDAR NA;ALTINEL ÇIKMAZI SOKAK;sokak;1354877
KIRKLARELİ;BABAESKİ;HAZİNEDAR NA;AYDEMİR SOKAK;sokak;1354857
KIRKLARELİ;BABAESKİ;HAZİNEDAR NA;BARILAS ÇIKMAZI SOKAK;sokak;1354511
KIRKLARELİ;BABAESKİ;HAZİNEDAR NA;BİLİNMEYEN BULVAR;sokak;524468380
KIRKLARELİ;BABAESKİ;HAZİNEDAR NA;CUMHURİYET MEYDAN;sokak;1354497
KIRKLARELİ;BABAESKİ;HAZİNEDAR NA;ÇAMLIK SOKAK;sokak;1354873
KIRKLARELİ;BABAESKİ;HAZİNEDAR NA;DEMİRKAPI CADDE;cadde;1354509
KIRKLARELİ;BABAESKİ;HAZİNEDAR NA;DERE1 SOKAK;sokak;1354505
KIRKLARELİ;BABAESKİ;HAZİNEDAR NA;GÜÇLÜ SOKAK;sokak;1354553
KIRKLARELİ;BABAESKİ;HAZİNEDAR NA;GÜMÜŞAR SOKAK;sokak;1354831
KIRKLARELİ;BABAESKİ;HAZİNEDAR NA;GÜNAY ÇIKMAZI SOKAK;sokak;1354851
KIRKLARELİ;BABAESKİ;HAZİNEDAR NA;HACI HASAN SOKAK;sokak;1354537
KIRKLARELİ;BABAESKİ;HAZİNEDAR NA;HAZİNEDAR SOKAK;sokak;540299
KIRKLARELİ;BABAESKİ;HAZİNEDAR NA;HAZİNEDAR4 SOKAK;sokak;477640971
KIRKLARELİ;BABAESKİ;HAZİNEDAR NA;HAZİNEDAR5 SOKAK;sokak;573143200
KIRKLARELİ;BABAESKİ;HAZİNEDAR NA;HAZİNEDAR6 SOKAK;sokak;361597880
KIRKLARELİ;BABAESKİ;HAZİNEDAR NA;KAÇAR ÇIKMAZI SOKAK;sokak;1354829
KIRKLARELİ;BABAESKİ;HAZİNEDAR NA;KUŞÇU SOKAK;sokak;1354507
KIRKLARELİ;BABAESKİ;HAZİNEDAR NA;MUHACIR SOKAK;sokak;1354875
KIRKLARELİ;BABAESKİ;HAZİNEDAR NA;MUSTAFA KEMAL CADDE;cadde;1354827
KIRKLARELİ;BABAESKİ;HAZİNEDAR NA;NEŞELİ ÇIKMAZI SOKAK;sokak;1354825
KIRKLARELİ;BABAESKİ;HAZİNEDAR NA;OKUL1 SOKAK;sokak;1354501
KIRKLARELİ;BABAESKİ;HAZİNEDAR NA;SERİN SOKAK;sokak;1354859
KIRKLARELİ;BABAESKİ;HAZİNEDAR NA;YAŞA SOKAK;sokak;1354573
KIRKLARELİ;BABAESKİ;HAZİNEDAR NA;YAVUZ SOKAK;sokak;1354879
KIRKLARELİ;BABAESKİ;HAZİNEDAR NA;YILMAZLAR SOKAK;sokak;1354853
KIRKLARELİ;BABAESKİ;KADIKÖY NA;KADIKÖY KÜME EVLER;sokak;513469
KIRKLARELİ;BABAESKİ;KARABAYIR NA;KARABAYIR KÜME EVLER;sokak;567904
KIRKLARELİ;BABAESKİ;KARACAOĞLAN NA;KARACAOĞLAN KÜME EVLER;sokak;132975
KIRKLARELİ;BABAESKİ;KARACAOĞLAN NA;ORUÇLU KÜME EVLER;sokak;563661151
KIRKLARELİ;BABAESKİ;KARAHALİL - BİRLİK;1NOLU SOKAK;sokak;1354961
KIRKLARELİ;BABAESKİ;KARAHALİL - BİRLİK;2NOLU SOKAK;sokak;1354963
KIRKLARELİ;BABAESKİ;KARAHALİL - BİRLİK;ATATÜRK1 CADDE;cadde;234385591
KIRKLARELİ;BABAESKİ;KARAHALİL - BİRLİK;DEMİRKAPI CADDE;cadde;222416990
KIRKLARELİ;BABAESKİ;KARAHALİL - BİRLİK;DERE 1 SOKAK;sokak;928357841
KIRKLARELİ;BABAESKİ;KARAHALİL - BİRLİK;DERE SOKAK;sokak;441132
KIRKLARELİ;BABAESKİ;KARAHALİL - BİRLİK;HAZİNEDAR SOKAK;sokak;873383070
KIRKLARELİ;BABAESKİ;KARAHALİL - BİRLİK;İSMET İNÖNÜ CADDE;cadde;712475
KIRKLARELİ;BABAESKİ;KARAHALİL - BİRLİK;KENAR 2 SOKAK;sokak;596683190
KIRKLARELİ;BABAESKİ;KARAHALİL - BİRLİK;KENAR SOKAK;sokak;261580
KIRKLARELİ;BABAESKİ;KARAHALİL - BİRLİK;ŞEHİTLER 1 SOKAK;sokak;574894370
KIRKLARELİ;BABAESKİ;KARAHALİL - BİRLİK;ŞEHİTLER CADDE;cadde;261582
KIRKLARELİ;BABAESKİ;KARAHALİL - BİRLİK;YENİ SOKAK;sokak;261581
KIRKLARELİ;BABAESKİ;KARAHALİL - BİRLİK;ZÜBEYDE HANIM 1 SOKAK;sokak;610497711
KIRKLARELİ;BABAESKİ;KARAHALİL - BİRLİK;ZÜBEYDE HANIM CADDE;cadde;441133
KIRKLARELİ;BABAESKİ;KARAHALİL - DEMİRKAPI;AÇELYA SOKAK;sokak;553539160
KIRKLARELİ;BABAESKİ;KARAHALİL - DEMİRKAPI;APAK SOKAK;sokak;710118
KIRKLARELİ;BABAESKİ;KARAHALİL - DEMİRKAPI;BEGONYA SOKAK;sokak;921420580
KIRKLARELİ;BABAESKİ;KARAHALİL - DEMİRKAPI;BOYALIOĞULLARI CADDE;cadde;712441
KIRKLARELİ;BABAESKİ;KARAHALİL - DEMİRKAPI;BOYALIOĞULLARI2 SOKAK;sokak;314102281
KIRKLARELİ;BABAESKİ;KARAHALİL - DEMİRKAPI;GÖLET SOKAK;sokak;712458
KIRKLARELİ;BABAESKİ;KARAHALİL - DEMİRKAPI;GÜL SOKAK;sokak;940261190
KIRKLARELİ;BABAESKİ;KARAHALİL - DEMİRKAPI;HAZİNEDAR SOKAK;sokak;712451
KIRKLARELİ;BABAESKİ;KARAHALİL - DEMİRKAPI;KANTAR 2 SOKAK;sokak;240529611
KIRKLARELİ;BABAESKİ;KARAHALİL - DEMİRKAPI;KANTAR SOKAK;sokak;712461
KIRKLARELİ;BABAESKİ;KARAHALİL - DEMİRKAPI;KANTAR1 SOKAK;sokak;738289490
KIRKLARELİ;BABAESKİ;KARAHALİL - DEMİRKAPI;KARAAĞAÇ SOKAK;sokak;709449
KIRKLARELİ;BABAESKİ;KARAHALİL - DEMİRKAPI;KARAHALİL CADDE;cadde;712445
KIRKLARELİ;BABAESKİ;KARAHALİL - DEMİRKAPI;KARAKAYA KÜME EVLER;sokak;890466
KIRKLARELİ;BABAESKİ;KARAHALİL - DEMİRKAPI;KIZILBAKIR SOKAK;sokak;785162830
KIRKLARELİ;BABAESKİ;KARAHALİL - DEMİRKAPI;KONAK SOKAK;sokak;710967
KIRKLARELİ;BABAESKİ;KARAHALİL - DEMİRKAPI;LALE SOKAK;sokak;752138190
KIRKLARELİ;BABAESKİ;KARAHALİL - DEMİRKAPI;MENEKŞE SOKAK;sokak;727888540
KIRKLARELİ;BABAESKİ;KARAHALİL - DEMİRKAPI;MUTLU SOKAK;sokak;709456
KIRKLARELİ;BABAESKİ;KARAHALİL - DEMİRKAPI;NERGİS SOKAK;sokak;336801090
KIRKLARELİ;BABAESKİ;KARAHALİL - DEMİRKAPI;NİLÜFER SOKAK;sokak;407431480
KIRKLARELİ;BABAESKİ;KARAHALİL - DEMİRKAPI;OKUL SOKAK;sokak;712456
KIRKLARELİ;BABAESKİ;KARAHALİL - DEMİRKAPI;PAPATYA SOKAK;sokak;476653930
KIRKLARELİ;BABAESKİ;KARAHALİL - DEMİRKAPI;SARDUNYA SOKAK;sokak;558127540
KIRKLARELİ;BABAESKİ;KARAHALİL - DEMİRKAPI;SÜMBÜL SOKAK;sokak;144175050
KIRKLARELİ;BABAESKİ;KARAHALİL - FEVZİ ÇAKMAK;1.ÇIKMAZ SOKAK;sokak;261583
KIRKLARELİ;BABAESKİ;KARAHALİL - FEVZİ ÇAKMAK;2.ÇIKMAZ SOKAK;sokak;261584
KIRKLARELİ;BABAESKİ;KARAHALİL - FEVZİ ÇAKMAK;AŞIKLAR SOKAK;sokak;261585
KIRKLARELİ;BABAESKİ;KARAHALİL - FEVZİ ÇAKMAK;ATATÜRK CADDE;cadde;441134
KIRKLARELİ;BABAESKİ;KARAHALİL - FEVZİ ÇAKMAK;ATATÜRK1 CADDE;cadde;643699291
KIRKLARELİ;BABAESKİ;KARAHALİL - FEVZİ ÇAKMAK;CAMİİ SOKAK;sokak;261586
KIRKLARELİ;BABAESKİ;KARAHALİL - FEVZİ ÇAKMAK;DEĞİRMEN 1 SOKAK;sokak;656102060
KIRKLARELİ;BABAESKİ;KARAHALİL - FEVZİ ÇAKMAK;DEĞİRMEN SOKAK;sokak;441135
KIRKLARELİ;BABAESKİ;KARAHALİL - FEVZİ ÇAKMAK;DENİZ SOKAK;sokak;709468
KIRKLARELİ;BABAESKİ;KARAHALİL - FEVZİ ÇAKMAK;ŞEHİTLER 1 SOKAK;sokak;574894371
KIRKLARELİ;BABAESKİ;KARAHALİL - FEVZİ ÇAKMAK;ŞEHİTLER CADDE;cadde;261588
KIRKLARELİ;BABAESKİ;KARAHALİL - FEVZİ ÇAKMAK;YENİ SOKAK;sokak;261587
KIRKLARELİ;BABAESKİ;KARAHALİL - FEVZİ ÇAKMAK;ZÜBEYDE HANIM CADDE;cadde;704081820
KIRKLARELİ;BABAESKİ;KARAHALİL - HALİLPAŞA;ALİ PAŞA 1 SOKAK;sokak;433961670
KIRKLARELİ;BABAESKİ;KARAHALİL - HALİLPAŞA;ALİ PAŞA 2 SOKAK;sokak;916839531
KIRKLARELİ;BABAESKİ;KARAHALİL - HALİLPAŞA;ALİ PAŞA CADDE;cadde;261591
KIRKLARELİ;BABAESKİ;KARAHALİL - HALİLPAŞA;ALİHOCA SOKAK;sokak;261592
KIRKLARELİ;BABAESKİ;KARAHALİL - HALİLPAŞA;ATATÜRK CADDE;cadde;441137
KIRKLARELİ;BABAESKİ;KARAHALİL - HALİLPAŞA;AYRIM SOKAK;sokak;261593
KIRKLARELİ;BABAESKİ;KARAHALİL - HALİLPAŞA;HACILAR SOKAK;sokak;261594
KIRKLARELİ;BABAESKİ;KARAHALİL - HALİLPAŞA;HACILAR1 SOKAK;sokak;691639210
KIRKLARELİ;BABAESKİ;KARAHALİL - HALİLPAŞA;İSMET İNÖNÜ 1 CADDE;cadde;374068571
KIRKLARELİ;BABAESKİ;KARAHALİL - HALİLPAŞA;İSMET İNÖNÜ CADDE;cadde;712472
KIRKLARELİ;BABAESKİ;KARAHALİL - HALİLPAŞA;ŞİRİN GEÇİDİ 2 SOKAK;sokak;905992340
KIRKLARELİ;BABAESKİ;KARAHALİL - HALİLPAŞA;ŞİRİN GEÇİDİ SOKAK;sokak;261590
KIRKLARELİ;BABAESKİ;KARAHALİL - HALİLPAŞA;ŞİRİN GEÇİDİ1 SOKAK;sokak;666172261
KIRKLARELİ;BABAESKİ;KARAHALİL - HALİLPAŞA;ŞİRİN SOKAK;sokak;441136
KIRKLARELİ;BABAESKİ;KARAHALİL - HALİLPAŞA;YENİ MAHALLE CADDE;cadde;441138
KIRKLARELİ;BABAESKİ;KARAHALİL - HALİLPAŞA;ZÜBEYDE HANIM CADDE;cadde;261589
KIRKLARELİ;BABAESKİ;KARAHALİL - KEMAL PAŞA;ATATÜRK CADDE;cadde;261595
KIRKLARELİ;BABAESKİ;KARAHALİL - KEMAL PAŞA;ATATÜRK2 SOKAK;sokak;592479321
KIRKLARELİ;BABAESKİ;KARAHALİL - KEMAL PAŞA;AYRIM SOKAK;sokak;261596
KIRKLARELİ;BABAESKİ;KARAHALİL - KEMAL PAŞA;DEPO SOKAK;sokak;261597
KIRKLARELİ;BABAESKİ;KARAHALİL - KEMAL PAŞA;ESENTEPE 1 SOKAK;sokak;513960670
KIRKLARELİ;BABAESKİ;KARAHALİL - KEMAL PAŞA;ESENTEPE SOKAK;sokak;441139
KIRKLARELİ;BABAESKİ;KARAHALİL - KEMAL PAŞA;İSMET İNÖNÜ 1 CADDE;cadde;374068570
KIRKLARELİ;BABAESKİ;KARAHALİL - KEMAL PAŞA;İSMET İNÖNÜ CADDE;cadde;710973
KIRKLARELİ;BABAESKİ;KARAHALİL - KEMAL PAŞA;YAĞLI TOHUMLAR KÜME EVLER;sokak;714170
KIRKLARELİ;BABAESKİ;KARAHALİL - KEMAL PAŞA;YELDEĞİRMENİ GEÇİDİ SOKAK;sokak;261599
KIRKLARELİ;BABAESKİ;KARAHALİL - KEMAL PAŞA;YELDEĞİRMENİ SOKAK;sokak;261598
KIRKLARELİ;BABAESKİ;KARAHALİL - KEMAL PAŞA;YENİ MAHALLE CADDE;cadde;261600
KIRKLARELİ;BABAESKİ;KARAMESUTLU NA;E-87 KARAYOLU SOKAK;sokak;1085393
KIRKLARELİ;BABAESKİ;KARAMESUTLU NA;KARAMESUTLU KÜME EVLER;sokak;583643
KIRKLARELİ;BABAESKİ;KATRANCA NA;KATRANCA KÜME EVLER;sokak;515960
KIRKLARELİ;BABAESKİ;KULELİ NA;KULELİ KÜME EVLER;sokak;561216
KIRKLARELİ;BABAESKİ;KUMRULAR NA;KUMRULAR KÜME EVLER;sokak;554535
KIRKLARELİ;BABAESKİ;KURTULUŞ;213 NOLU KÜME EVLER;sokak;54502
KIRKLARELİ;BABAESKİ;KURTULUŞ;218 NOLU KÜME EVLER;sokak;54505
KIRKLARELİ;BABAESKİ;KURTULUŞ;242 NOLU SOKAK;sokak;1325717
KIRKLARELİ;BABAESKİ;KURTULUŞ;253 NOLU SOKAK;sokak;711382
KIRKLARELİ;BABAESKİ;KURTULUŞ;254 NOLU SOKAK;sokak;713714
KIRKLARELİ;BABAESKİ;KURTULUŞ;255 NOLU SOKAK;sokak;713715
KIRKLARELİ;BABAESKİ;KURTULUŞ;256 NOLU SOKAK;sokak;1325675
KIRKLARELİ;BABAESKİ;KURTULUŞ;257 NOLU SOKAK;sokak;1325737
KIRKLARELİ;BABAESKİ;KURTULUŞ;258 NOLU SOKAK;sokak;484674
KIRKLARELİ;BABAESKİ;KURTULUŞ;259 NOLU SOKAK;sokak;259180
KIRKLARELİ;BABAESKİ;KURTULUŞ;260 NOLU SOKAK;sokak;710229
KIRKLARELİ;BABAESKİ;KURTULUŞ;261 NOLU SOKAK;sokak;711563
KIRKLARELİ;BABAESKİ;KURTULUŞ;262 NOLU SOKAK;sokak;717733
KIRKLARELİ;BABAESKİ;KURTULUŞ;264 NOLU SOKAK;sokak;1325719
KIRKLARELİ;BABAESKİ;KURTULUŞ;265 NOLU SOKAK;sokak;727687
KIRKLARELİ;BABAESKİ;KURTULUŞ;266 NO'LU SOKAK;sokak;1146975
KIRKLARELİ;BABAESKİ;KURTULUŞ;267 NOLU SOKAK;sokak;75758
KIRKLARELİ;BABAESKİ;KURTULUŞ;268 NOLU SOKAK;sokak;319857
KIRKLARELİ;BABAESKİ;KURTULUŞ;269 NOLU SOKAK;sokak;718498
KIRKLARELİ;BABAESKİ;KURTULUŞ;270 NOLU SOKAK;sokak;718832
KIRKLARELİ;BABAESKİ;KURTULUŞ;271 NOLU SOKAK;sokak;720382
KIRKLARELİ;BABAESKİ;KURTULUŞ;272 NOLU SOKAK;sokak;76989
KIRKLARELİ;BABAESKİ;KURTULUŞ;273 NOLU SOKAK;sokak;723265
KIRKLARELİ;BABAESKİ;KURTULUŞ;274 NOLU SOKAK;sokak;716933
KIRKLARELİ;BABAESKİ;KURTULUŞ;275 NOLU SOKAK;sokak;57621
KIRKLARELİ;BABAESKİ;KURTULUŞ;276 NOLU SOKAK;sokak;717236
KIRKLARELİ;BABAESKİ;KURTULUŞ;277 NOLU SOKAK;sokak;724928
KIRKLARELİ;BABAESKİ;KURTULUŞ;278 NOLU SOKAK;sokak;720539
KIRKLARELİ;BABAESKİ;KURTULUŞ;279 NOLU SOKAK;sokak;1325741
KIRKLARELİ;BABAESKİ;KURTULUŞ;280 NOLU SOKAK;sokak;716969
KIRKLARELİ;BABAESKİ;KURTULUŞ;281 NOLU SOKAK;sokak;715679
KIRKLARELİ;BABAESKİ;KURTULUŞ;282 NOLU SOKAK;sokak;445799
KIRKLARELİ;BABAESKİ;KURTULUŞ;283 NOLU SOKAK;sokak;716979
KIRKLARELİ;BABAESKİ;KURTULUŞ;284 NOLU SOKAK;sokak;722499
KIRKLARELİ;BABAESKİ;KURTULUŞ;285 NOLU SOKAK;sokak;722501
KIRKLARELİ;BABAESKİ;KURTULUŞ;286 NOLU SOKAK;sokak;722502
KIRKLARELİ;BABAESKİ;KURTULUŞ;287 NOLU SOKAK;sokak;716981
KIRKLARELİ;BABAESKİ;KURTULUŞ;288 NOLU SOKAK;sokak;134209
KIRKLARELİ;BABAESKİ;KURTULUŞ;289 NOLU SOKAK;sokak;722504
KIRKLARELİ;BABAESKİ;KURTULUŞ;290 NOLU SOKAK;sokak;718660
KIRKLARELİ;BABAESKİ;KURTULUŞ;291 NOLU SOKAK;sokak;720806
KIRKLARELİ;BABAESKİ;KURTULUŞ;292 NOLU SOKAK;sokak;719062
KIRKLARELİ;BABAESKİ;KURTULUŞ;293 NOLU SOKAK;sokak;716068
KIRKLARELİ;BABAESKİ;KURTULUŞ;294 NOLU SOKAK;sokak;303755131
KIRKLARELİ;BABAESKİ;KURTULUŞ;295 NOLU SOKAK;sokak;715754
KIRKLARELİ;BABAESKİ;KURTULUŞ;296 NOLU SOKAK;sokak;727444
KIRKLARELİ;BABAESKİ;KURTULUŞ;297 NOLU SOKAK;sokak;309070
KIRKLARELİ;BABAESKİ;KURTULUŞ;298 NOLU SOKAK;sokak;732108
KIRKLARELİ;BABAESKİ;KURTULUŞ;299 NOLU SOKAK;sokak;732113
KIRKLARELİ;BABAESKİ;KURTULUŞ;300 NOLU SOKAK;sokak;723371
KIRKLARELİ;BABAESKİ;KURTULUŞ;301 NOLU SOKAK;sokak;279847
KIRKLARELİ;BABAESKİ;KURTULUŞ;302 NOLU SOKAK;sokak;44857
KIRKLARELİ;BABAESKİ;KURTULUŞ;303 NOLU SOKAK;sokak;732141
KIRKLARELİ;BABAESKİ;KURTULUŞ;304 NOLU SOKAK;sokak;848385
KIRKLARELİ;BABAESKİ;KURTULUŞ;305 NOLU SOKAK;sokak;152984
KIRKLARELİ;BABAESKİ;KURTULUŞ;306 NOLU SOKAK;sokak;732217
KIRKLARELİ;BABAESKİ;KURTULUŞ;307 NOLU SOKAK;sokak;731198
KIRKLARELİ;BABAESKİ;KURTULUŞ;308 NOLU SOKAK;sokak;848720
KIRKLARELİ;BABAESKİ;KURTULUŞ;309 NOLU SOKAK;sokak;722798
KIRKLARELİ;BABAESKİ;KURTULUŞ;310 NOLU SOKAK;sokak;724290
KIRKLARELİ;BABAESKİ;KURTULUŞ;311 NOLU SOKAK;sokak;726159
KIRKLARELİ;BABAESKİ;KURTULUŞ;312 NOLU SOKAK;sokak;726164
KIRKLARELİ;BABAESKİ;KURTULUŞ;313 NOLU SOKAK;sokak;848348
KIRKLARELİ;BABAESKİ;KURTULUŞ;314 NOLU SOKAK;sokak;207734
KIRKLARELİ;BABAESKİ;KURTULUŞ;315 NOLU SOKAK;sokak;309411
KIRKLARELİ;BABAESKİ;KURTULUŞ;316 NOLU SOKAK;sokak;279846
KIRKLARELİ;BABAESKİ;KURTULUŞ;317 NOLU SOKAK;sokak;729171
KIRKLARELİ;BABAESKİ;KURTULUŞ;318 NOLU SOKAK;sokak;729169
KIRKLARELİ;BABAESKİ;KURTULUŞ;319 NOLU SOKAK;sokak;729174
KIRKLARELİ;BABAESKİ;KURTULUŞ;320 NOLU SOKAK;sokak;729176
KIRKLARELİ;BABAESKİ;KURTULUŞ;321 NOLU SOKAK;sokak;1325743
KIRKLARELİ;BABAESKİ;KURTULUŞ;322 NOLU SOKAK;sokak;869493
KIRKLARELİ;BABAESKİ;KURTULUŞ;323 NOLU SOKAK;sokak;729178
KIRKLARELİ;BABAESKİ;KURTULUŞ;324 NOLU SOKAK;sokak;856774
KIRKLARELİ;BABAESKİ;KURTULUŞ;325 NOLU SOKAK;sokak;1325721
KIRKLARELİ;BABAESKİ;KURTULUŞ;326 NOLU SOKAK;sokak;729181
KIRKLARELİ;BABAESKİ;KURTULUŞ;327 NOLU SOKAK;sokak;729182
KIRKLARELİ;BABAESKİ;KURTULUŞ;328 NOLU SOKAK;sokak;729196
KIRKLARELİ;BABAESKİ;KURTULUŞ;329 NOLU SOKAK;sokak;729199
KIRKLARELİ;BABAESKİ;KURTULUŞ;330 NOLU SOKAK;sokak;54499
KIRKLARELİ;BABAESKİ;KURTULUŞ;331 NOLU SOKAK;sokak;729183
KIRKLARELİ;BABAESKİ;KURTULUŞ;332 NOLU SOKAK;sokak;729186
KIRKLARELİ;BABAESKİ;KURTULUŞ;333 NOLU SOKAK;sokak;729188
KIRKLARELİ;BABAESKİ;KURTULUŞ;334 NOLU SOKAK;sokak;729189
KIRKLARELİ;BABAESKİ;KURTULUŞ;335 NOLU SOKAK;sokak;740536
KIRKLARELİ;BABAESKİ;KURTULUŞ;336 NOLU SOKAK;sokak;741412
KIRKLARELİ;BABAESKİ;KURTULUŞ;337 NOLU SOKAK;sokak;730880
KIRKLARELİ;BABAESKİ;KURTULUŞ;338 NOLU SOKAK;sokak;741413
KIRKLARELİ;BABAESKİ;KURTULUŞ;339 NOLU SOKAK;sokak;740534
KIRKLARELİ;BABAESKİ;KURTULUŞ;340 NOLU SOKAK;sokak;741410
KIRKLARELİ;BABAESKİ;KURTULUŞ;341 NOLU SOKAK;sokak;844256
KIRKLARELİ;BABAESKİ;KURTULUŞ;342 NOLU SOKAK;sokak;740535
KIRKLARELİ;BABAESKİ;KURTULUŞ;343 NOLU SOKAK;sokak;741414
KIRKLARELİ;BABAESKİ;KURTULUŞ;344 NOLU SOKAK;sokak;741415
KIRKLARELİ;BABAESKİ;KURTULUŞ;345 NOLU SOKAK;sokak;741416
KIRKLARELİ;BABAESKİ;KURTULUŞ;346 NOLU SOKAK;sokak;741417
KIRKLARELİ;BABAESKİ;KURTULUŞ;347 NOLU SOKAK;sokak;844260
KIRKLARELİ;BABAESKİ;KURTULUŞ;348 NOLU SOKAK;sokak;854638
KIRKLARELİ;BABAESKİ;KURTULUŞ;349 NOLU SOKAK;sokak;741418
KIRKLARELİ;BABAESKİ;KURTULUŞ;350 NOLU SOKAK;sokak;789401
KIRKLARELİ;BABAESKİ;KURTULUŞ;351 NOLU SOKAK;sokak;741419
KIRKLARELİ;BABAESKİ;KURTULUŞ;352 NOLU SOKAK;sokak;434721
KIRKLARELİ;BABAESKİ;KURTULUŞ;353 NOLU SOKAK;sokak;1325745
KIRKLARELİ;BABAESKİ;KURTULUŞ;354 NOLU SOKAK;sokak;729273
KIRKLARELİ;BABAESKİ;KURTULUŞ;355 NOLU SOKAK;sokak;741422
KIRKLARELİ;BABAESKİ;KURTULUŞ;356 NOLU SOKAK;sokak;741420
KIRKLARELİ;BABAESKİ;KURTULUŞ;357 NOLU SOKAK;sokak;741421
KIRKLARELİ;BABAESKİ;KURTULUŞ;358 NOLU SOKAK;sokak;734102
KIRKLARELİ;BABAESKİ;KURTULUŞ;359 NOLU SOKAK;sokak;852642
KIRKLARELİ;BABAESKİ;KURTULUŞ;360 NOLU SOKAK;sokak;734108
KIRKLARELİ;BABAESKİ;KURTULUŞ;361 NOLU SOKAK;sokak;738898
KIRKLARELİ;BABAESKİ;KURTULUŞ;362 NOLU SOKAK;sokak;198159
KIRKLARELİ;BABAESKİ;KURTULUŞ;363 NOLU SOKAK;sokak;209130
KIRKLARELİ;BABAESKİ;KURTULUŞ;364 NOLU SOKAK;sokak;294201
KIRKLARELİ;BABAESKİ;KURTULUŞ;365 NOLU SOKAK;sokak;729945
KIRKLARELİ;BABAESKİ;KURTULUŞ;366 NOLU SOKAK;sokak;54495
KIRKLARELİ;BABAESKİ;KURTULUŞ;367 NOLU SOKAK;sokak;54496
KIRKLARELİ;BABAESKİ;KURTULUŞ;368 NOLU SOKAK;sokak;312509390
KIRKLARELİ;BABAESKİ;KURTULUŞ;369 NOLU SOKAK;sokak;250170
KIRKLARELİ;BABAESKİ;KURTULUŞ;370 NOLU SOKAK;sokak;819405
KIRKLARELİ;BABAESKİ;KURTULUŞ;371 NOLU SOKAK;sokak;292673
KIRKLARELİ;BABAESKİ;KURTULUŞ;372 NOLU SOKAK;sokak;852593
KIRKLARELİ;BABAESKİ;KURTULUŞ;373 NOLU SOKAK;sokak;478843
KIRKLARELİ;BABAESKİ;KURTULUŞ;374 NOLU SOKAK;sokak;202056
KIRKLARELİ;BABAESKİ;KURTULUŞ;495 NOLU KÜME EVLER;sokak;198161
KIRKLARELİ;BABAESKİ;KURTULUŞ;497 NOLU KÜME EVLER;sokak;457242
KIRKLARELİ;BABAESKİ;KURTULUŞ;498 NOLU KÜME EVLER;sokak;198162
KIRKLARELİ;BABAESKİ;KURTULUŞ;ALİ RIZA EFENDİ CADDE;cadde;713704
KIRKLARELİ;BABAESKİ;KURTULUŞ;BELEDİYECİLER SOKAK;sokak;709847
KIRKLARELİ;BABAESKİ;KURTULUŞ;DENEME-1 SOKAK;sokak;961660871
KIRKLARELİ;BABAESKİ;KURTULUŞ;DOC.DR. BAHRİYE ÜÇOK CADDE;cadde;715769
KIRKLARELİ;BABAESKİ;KURTULUŞ;GAZİ MUSTAFA KEMAL BULVAR;sokak;731183
KIRKLARELİ;BABAESKİ;KURTULUŞ;KADRİ BALMUMCU SOKAK;sokak;718484
KIRKLARELİ;BABAESKİ;KURTULUŞ;MESUDE AĞIL SOKAK;sokak;23709
KIRKLARELİ;BABAESKİ;KURTULUŞ;MUHTAR YALÇIN ERGÜN SOKAK;sokak;714793
KIRKLARELİ;BABAESKİ;KURTULUŞ;NADIRLI YOLU SOKAK;sokak;75084
KIRKLARELİ;BABAESKİ;KURTULUŞ;ÖĞRETMENLER SOKAK;sokak;709465
KIRKLARELİ;BABAESKİ;KURTULUŞ;PEHLİVAN NAZMİ UZUN SOKAK;sokak;695469680
KIRKLARELİ;BABAESKİ;KURTULUŞ;PROF. MUAMMER AKSOY CADDE;cadde;197820
KIRKLARELİ;BABAESKİ;KUZUÇARDAĞI NA;KUZUÇARDAĞI KÜME EVLER;sokak;616710
KIRKLARELİ;BABAESKİ;MİNNETLER NA;MİNNETLER KÜME EVLER;sokak;609227
KIRKLARELİ;BABAESKİ;MUTLU NA;MUTLU KÜME EVLER;sokak;552506
KIRKLARELİ;BABAESKİ;MÜSELLİM NA;MÜSELLİM KÜME EVLER;sokak;512793
KIRKLARELİ;BABAESKİ;NACAK NA;NACAK KÜME EVLER;sokak;573489
KIRKLARELİ;BABAESKİ;NADIRLI NA;NADIRLI KÜME EVLER;sokak;84252
KIRKLARELİ;BABAESKİ;ORUÇLU NA;ORUÇLU KÜME EVLER;sokak;513018
KIRKLARELİ;BABAESKİ;OSMANİYE NA;OSMANİYE KÜME EVLER;sokak;583017
KIRKLARELİ;BABAESKİ;PANCARKÖY NA;D 100 KARAYOLU CADDE;cadde;502193101
KIRKLARELİ;BABAESKİ;PANCARKÖY NA;PANCARKÖY KÜME EVLER;sokak;566388
KIRKLARELİ;BABAESKİ;SİNANLI - ATATÜRK;15 NOLU SOKAK;sokak;581958351
KIRKLARELİ;BABAESKİ;SİNANLI - ATATÜRK;17 NOLU SOKAK;sokak;530530471
KIRKLARELİ;BABAESKİ;SİNANLI - ATATÜRK;22 NOLU SOKAK;sokak;726086
KIRKLARELİ;BABAESKİ;SİNANLI - ATATÜRK;23 NOLU SOKAK;sokak;716524
KIRKLARELİ;BABAESKİ;SİNANLI - ATATÜRK;24 NOLU SOKAK;sokak;477379
KIRKLARELİ;BABAESKİ;SİNANLI - ATATÜRK;25 NOLU SOKAK;sokak;477397
KIRKLARELİ;BABAESKİ;SİNANLI - ATATÜRK;26 NOLU SOKAK;sokak;723728
KIRKLARELİ;BABAESKİ;SİNANLI - ATATÜRK;27 NOLU SOKAK;sokak;477404
KIRKLARELİ;BABAESKİ;SİNANLI - ATATÜRK;28 NOLU SOKAK;sokak;477405
KIRKLARELİ;BABAESKİ;SİNANLI - ATATÜRK;29 NOLU SOKAK;sokak;726905
KIRKLARELİ;BABAESKİ;SİNANLI - ATATÜRK;30 NOLU SOKAK;sokak;724845
KIRKLARELİ;BABAESKİ;SİNANLI - ATATÜRK;31 NOLU SOKAK;sokak;724848
KIRKLARELİ;BABAESKİ;SİNANLI - ATATÜRK;32 NOLU SOKAK;sokak;721259
KIRKLARELİ;BABAESKİ;SİNANLI - ATATÜRK;33 NOLU SOKAK;sokak;724527
KIRKLARELİ;BABAESKİ;SİNANLI - ATATÜRK;34 NOLU SOKAK;sokak;724534
KIRKLARELİ;BABAESKİ;SİNANLI - ATATÜRK;35 NOLU SOKAK;sokak;721265
KIRKLARELİ;BABAESKİ;SİNANLI - ATATÜRK;36 NOLU SOKAK;sokak;721267
KIRKLARELİ;BABAESKİ;SİNANLI - ATATÜRK;37 NOLU SOKAK;sokak;724536
KIRKLARELİ;BABAESKİ;SİNANLI - ATATÜRK;BİLİNMEYEN 11 SOKAK;sokak;505932760
KIRKLARELİ;BABAESKİ;SİNANLI - ATATÜRK;BİLİNMEYEN 13 SOKAK;sokak;359287460
KIRKLARELİ;BABAESKİ;SİNANLI - ATATÜRK;BİLİNMEYEN 18 SOKAK;sokak;784600600
KIRKLARELİ;BABAESKİ;SİNANLI - ATATÜRK;BİLİNMEYEN1 SOKAK;sokak;226556740
KIRKLARELİ;BABAESKİ;SİNANLI - ATATÜRK;BİLİNMEYEN3 SOKAK;sokak;154177510
KIRKLARELİ;BABAESKİ;SİNANLI - ATATÜRK;BİLİNMEYEN5 SOKAK;sokak;322193700
KIRKLARELİ;BABAESKİ;SİNANLI - ATATÜRK;BİLİNMEYEN6 SOKAK;sokak;882166840
KIRKLARELİ;BABAESKİ;SİNANLI - ATATÜRK;BİLİNMEYEN7 SOKAK;sokak;552606731
KIRKLARELİ;BABAESKİ;SİNANLI - ATATÜRK;GAZİ MUSTAFA KEMAL SOKAK;sokak;720213
KIRKLARELİ;BABAESKİ;SİNANLI - ATATÜRK;İNÖNÜ SOKAK;sokak;716521
KIRKLARELİ;BABAESKİ;SİNANLI - ATATÜRK;İSTİKLAL SOKAK;sokak;721264
KIRKLARELİ;BABAESKİ;SİNANLI - ATATÜRK;MİMAR SİNAN SOKAK;sokak;723723
KIRKLARELİ;BABAESKİ;SİNANLI - ATATÜRK;OKUL SOKAK;sokak;878384391
KIRKLARELİ;BABAESKİ;SİNANLI - ATATÜRK;ŞEHİT EMİN ÇANKAYA SOKAK;sokak;726904
KIRKLARELİ;BABAESKİ;SİNANLI - ATATÜRK;ŞEHİT ERDENİZ ŞAN SOKAK;sokak;724531
KIRKLARELİ;BABAESKİ;SİNANLI - CUMHURİYET;1 NOLU SOKAK;sokak;715571
KIRKLARELİ;BABAESKİ;SİNANLI - CUMHURİYET;10 NOLU SOKAK;sokak;390275
KIRKLARELİ;BABAESKİ;SİNANLI - CUMHURİYET;11 NOLU SOKAK;sokak;722420
KIRKLARELİ;BABAESKİ;SİNANLI - CUMHURİYET;12 NOLU SOKAK;sokak;722421
KIRKLARELİ;BABAESKİ;SİNANLI - CUMHURİYET;13 NOLU SOKAK;sokak;722422
KIRKLARELİ;BABAESKİ;SİNANLI - CUMHURİYET;14 NOLU SOKAK;sokak;390277
KIRKLARELİ;BABAESKİ;SİNANLI - CUMHURİYET;15 NOLU SOKAK;sokak;722425
KIRKLARELİ;BABAESKİ;SİNANLI - CUMHURİYET;16 NOLU SOKAK;sokak;722426
KIRKLARELİ;BABAESKİ;SİNANLI - CUMHURİYET;17 NOLU SOKAK;sokak;390278
KIRKLARELİ;BABAESKİ;SİNANLI - CUMHURİYET;18 NOLU SOKAK;sokak;390279
KIRKLARELİ;BABAESKİ;SİNANLI - CUMHURİYET;19 NOLU SOKAK;sokak;722428
KIRKLARELİ;BABAESKİ;SİNANLI - CUMHURİYET;2 NOLU SOKAK;sokak;720208
KIRKLARELİ;BABAESKİ;SİNANLI - CUMHURİYET;20 NOLU SOKAK;sokak;722429
KIRKLARELİ;BABAESKİ;SİNANLI - CUMHURİYET;21 NOLU SOKAK;sokak;390280
KIRKLARELİ;BABAESKİ;SİNANLI - CUMHURİYET;3 NOLU SOKAK;sokak;721672
KIRKLARELİ;BABAESKİ;SİNANLI - CUMHURİYET;4 NOLU SOKAK;sokak;715572
KIRKLARELİ;BABAESKİ;SİNANLI - CUMHURİYET;5 NOLU SOKAK;sokak;721673
KIRKLARELİ;BABAESKİ;SİNANLI - CUMHURİYET;6 NOLU SOKAK;sokak;390269
KIRKLARELİ;BABAESKİ;SİNANLI - CUMHURİYET;7 NOLU SOKAK;sokak;390271
KIRKLARELİ;BABAESKİ;SİNANLI - CUMHURİYET;8 NOLU SOKAK;sokak;390272
KIRKLARELİ;BABAESKİ;SİNANLI - CUMHURİYET;9 NOLU SOKAK;sokak;390274
KIRKLARELİ;BABAESKİ;SİNANLI - CUMHURİYET;BİLİNMEYEN 11 SOKAK;sokak;505932761
KIRKLARELİ;BABAESKİ;SİNANLI - CUMHURİYET;BİLİNMEYEN 14 SOKAK;sokak;249424920
KIRKLARELİ;BABAESKİ;SİNANLI - CUMHURİYET;BİLİNMEYEN 155 SOKAK;sokak;780800171
KIRKLARELİ;BABAESKİ;SİNANLI - CUMHURİYET;BİLİNMEYEN 16 SOKAK;sokak;394949190
KIRKLARELİ;BABAESKİ;SİNANLI - CUMHURİYET;BİLİNMEYEN 18 SOKAK;sokak;784600601
KIRKLARELİ;BABAESKİ;SİNANLI - CUMHURİYET;BİLİNMEYEN12 SOKAK;sokak;257412810
KIRKLARELİ;BABAESKİ;SİNANLI - CUMHURİYET;BİLİNMEYEN16 SOKAK;sokak;179604770
KIRKLARELİ;BABAESKİ;SİNANLI - CUMHURİYET;BİLİNMEYEN9 SOKAK;sokak;200688390
KIRKLARELİ;BABAESKİ;SİNANLI - CUMHURİYET;GAZİ MUSTAFA KEMAL SOKAK;sokak;146653760
KIRKLARELİ;BABAESKİ;SİNANLI - CUMHURİYET;HAYRABOLU SOKAK;sokak;391101
KIRKLARELİ;BABAESKİ;SİNANLI - CUMHURİYET;İNÖNÜ SOKAK;sokak;722431
KIRKLARELİ;BABAESKİ;SİNANLI - CUMHURİYET;İSTİKLAL SOKAK;sokak;258652540
KIRKLARELİ;BABAESKİ;SİNANLI - CUMHURİYET;MANDIRA 1 SOKAK;sokak;903257391
KIRKLARELİ;BABAESKİ;SİNANLI - CUMHURİYET;MANDIRA SOKAK;sokak;726080
KIRKLARELİ;BABAESKİ;SİNANLI - CUMHURİYET;OKUL SOKAK;sokak;726079
KIRKLARELİ;BABAESKİ;SOFUHALİL NA;SOFUHALİL KÜME EVLER;sokak;330616
KIRKLARELİ;BABAESKİ;TAŞAĞIL NA;TAŞAĞIL KÜME EVLER;sokak;583112
KIRKLARELİ;BABAESKİ;TAŞKÖPRÜ NA;TAŞKÖPRÜ KÜME EVLER;sokak;552932
KIRKLARELİ;BABAESKİ;TERZİLİ NA;TERZİLİ KÜME EVLER;sokak;107130
KIRKLARELİ;BABAESKİ;YENİKÖY NA;YENİKÖY KÜME EVLER;sokak;528483
KIRKLARELİ;BABAESKİ;YENİMAHALLE NA;YENİMAHALLE KÜME EVLER;sokak;356527
KIRKLARELİ;DEMİRKÖY;ARMUTVEREN NA;ARMUTVEREN KÜME EVLER;sokak;70973
KIRKLARELİ;DEMİRKÖY;ARMUTVEREN NA;İNCESIRT KÜME EVLER;sokak;80664097
KIRKLARELİ;DEMİRKÖY;AVCILAR - PALİVOR ÇİFTLİĞİ;PALİVOR ÇİFTLİĞİ KÜME EVLER;sokak;975777
KIRKLARELİ;DEMİRKÖY;AVCILAR NA;AVCILAR KÜME EVLER;sokak;555563
KIRKLARELİ;DEMİRKÖY;AVCILAR NA;BALYOZ BAYIRI KÜME EVLER;sokak;17858796
KIRKLARELİ;DEMİRKÖY;BALABAN NA;BALABAN KÜME EVLER;sokak;559057
KIRKLARELİ;DEMİRKÖY;BALABAN NA;DEĞİRMENDERE KÜME EVLER;sokak;892908450
KIRKLARELİ;DEMİRKÖY;BEĞENDİK NA;BEĞENDİK KÜME EVLER;sokak;94237
KIRKLARELİ;DEMİRKÖY;BOZTAŞ NA;BOZTAŞ KÜME EVLER;sokak;86925
KIRKLARELİ;DEMİRKÖY;GÖKYAKA NA;GÖKYAKA KÜME EVLER;sokak;501317
KIRKLARELİ;DEMİRKÖY;HAMDİBEY;ACI ÇEŞME SOKAK;sokak;261603
KIRKLARELİ;DEMİRKÖY;HAMDİBEY;ALİ UĞURLU SOKAK;sokak;561314771
KIRKLARELİ;DEMİRKÖY;HAMDİBEY;BAĞLAR ÇEŞME KÜME EVLER;sokak;824668
KIRKLARELİ;DEMİRKÖY;HAMDİBEY;BAĞLAR SOKAK;sokak;477933
KIRKLARELİ;DEMİRKÖY;HAMDİBEY;BAHÇIVAN SOKAK;sokak;382497441
KIRKLARELİ;DEMİRKÖY;HAMDİBEY;BAHÇIVAN1 SOKAK;sokak;726030791
KIRKLARELİ;DEMİRKÖY;HAMDİBEY;BAHÇIVAN2 SOKAK;sokak;556768601
KIRKLARELİ;DEMİRKÖY;HAMDİBEY;BARAJLAR KÜME EVLER;sokak;68684166
KIRKLARELİ;DEMİRKÖY;HAMDİBEY;BARUTHANE KÜME EVLER;sokak;208854710
KIRKLARELİ;DEMİRKÖY;HAMDİBEY;BOSNA SANCAK SOKAK;sokak;257718901
KIRKLARELİ;DEMİRKÖY;HAMDİBEY;CEZO SOKAK;sokak;495490171
KIRKLARELİ;DEMİRKÖY;HAMDİBEY;CUMHURİYET MEYDAN;sokak;261604
KIRKLARELİ;DEMİRKÖY;HAMDİBEY;ÇAĞLAYAN SOKAK;sokak;353662511
KIRKLARELİ;DEMİRKÖY;HAMDİBEY;ÇINAR SOKAK;sokak;262893
KIRKLARELİ;DEMİRKÖY;HAMDİBEY;ÇUKUR ÇEŞME SOKAK;sokak;441146
KIRKLARELİ;DEMİRKÖY;HAMDİBEY;DEĞİRMEN SOKAK;sokak;441142
KIRKLARELİ;DEMİRKÖY;HAMDİBEY;DEMİRALİ KAMA SOKAK;sokak;261605
KIRKLARELİ;DEMİRKÖY;HAMDİBEY;DEMİRHANE SOKAK;sokak;262885
KIRKLARELİ;DEMİRKÖY;HAMDİBEY;EYÜP AĞA SOKAK;sokak;262886
KIRKLARELİ;DEMİRKÖY;HAMDİBEY;HASTAHANE SOKAK;sokak;262887
KIRKLARELİ;DEMİRKÖY;HAMDİBEY;HOCA AHMET YESEVİ SOKAK;sokak;11752573
KIRKLARELİ;DEMİRKÖY;HAMDİBEY;İĞNEADA CADDE;cadde;261601
KIRKLARELİ;DEMİRKÖY;HAMDİBEY;İKİZEVLER SOKAK;sokak;441140
KIRKLARELİ;DEMİRKÖY;HAMDİBEY;KAPALI SOKAK;sokak;441143
KIRKLARELİ;DEMİRKÖY;HAMDİBEY;KARA ALİ SOKAK;sokak;262888
KIRKLARELİ;DEMİRKÖY;HAMDİBEY;KIŞLAALTI KÜME EVLER;sokak;824625
KIRKLARELİ;DEMİRKÖY;HAMDİBEY;MİMAR SİNAN CADDE;cadde;441144
KIRKLARELİ;DEMİRKÖY;HAMDİBEY;MUHARREM GÜLNAR CADDE;cadde;262889
KIRKLARELİ;DEMİRKÖY;HAMDİBEY;NAİM GÜDÜL SOKAK;sokak;507901951
KIRKLARELİ;DEMİRKÖY;HAMDİBEY;SADETTİN UMAY SOKAK;sokak;262890
KIRKLARELİ;DEMİRKÖY;HAMDİBEY;SAİT SAYILGAN SOKAK;sokak;262891
KIRKLARELİ;DEMİRKÖY;HAMDİBEY;SERGEN ÇEŞME SOKAK;sokak;262892
KIRKLARELİ;DEMİRKÖY;HAMDİBEY;SÜLEYMAN ERİNÇ SOKAK;sokak;441145
KIRKLARELİ;DEMİRKÖY;HAMDİBEY;ŞELALE SOKAK;sokak;695597551
KIRKLARELİ;DEMİRKÖY;HAMDİBEY;ŞEVKİ OĞUZ SOKAK;sokak;261602
KIRKLARELİ;DEMİRKÖY;HAMDİBEY;URGAZYOLU KÜME EVLER;sokak;824398
KIRKLARELİ;DEMİRKÖY;HAMDİBEY;ÜÇDERELER KÜME EVLER;sokak;78878824
KIRKLARELİ;DEMİRKÖY;HAMDİBEY NA;HAMDİBEY KÜME EVLER;sokak;559567
KIRKLARELİ;DEMİRKÖY;İĞNEADA - DENİZ;AKASYA SOKAK;sokak;648201
KIRKLARELİ;DEMİRKÖY;İĞNEADA - DENİZ;ATATÜRK CADDE;cadde;262919
KIRKLARELİ;DEMİRKÖY;İĞNEADA - DENİZ;AZIMAĞA SOKAK;sokak;691651731
KIRKLARELİ;DEMİRKÖY;İĞNEADA - DENİZ;CEVİZ SOKAK;sokak;91105
KIRKLARELİ;DEMİRKÖY;İĞNEADA - DENİZ;CUMHURİYET MEYDAN;sokak;441154
KIRKLARELİ;DEMİRKÖY;İĞNEADA - DENİZ;ÇARŞI SOKAK;sokak;568778480
KIRKLARELİ;DEMİRKÖY;İĞNEADA - DENİZ;ÇUKURÇEŞME SOKAK;sokak;644019
KIRKLARELİ;DEMİRKÖY;İĞNEADA - DENİZ;DALYANPINARI SOKAK;sokak;646006
KIRKLARELİ;DEMİRKÖY;İĞNEADA - DENİZ;DOLUNAY 1. SOKAK;sokak;579579200
KIRKLARELİ;DEMİRKÖY;İĞNEADA - DENİZ;DOLUNAY CADDE;cadde;644282
KIRKLARELİ;DEMİRKÖY;İĞNEADA - DENİZ;GELİNCİK SOKAK;sokak;262920
KIRKLARELİ;DEMİRKÖY;İĞNEADA - DENİZ;GÜL SOKAK;sokak;262921
KIRKLARELİ;DEMİRKÖY;İĞNEADA - DENİZ;GÜVERCİN SOKAK;sokak;262922
KIRKLARELİ;DEMİRKÖY;İĞNEADA - DENİZ;HALİL AĞA SOKAK;sokak;651214
KIRKLARELİ;DEMİRKÖY;İĞNEADA - DENİZ;HANIMELI SOKAK;sokak;227386111
KIRKLARELİ;DEMİRKÖY;İĞNEADA - DENİZ;HURŞİTAĞA CADDE;cadde;441155
KIRKLARELİ;DEMİRKÖY;İĞNEADA - DENİZ;IHLAMUR SOKAK;sokak;91101
KIRKLARELİ;DEMİRKÖY;İĞNEADA - DENİZ;KADIOĞLU SOKAK;sokak;400309261
KIRKLARELİ;DEMİRKÖY;İĞNEADA - DENİZ;KALE SOKAK;sokak;644196
KIRKLARELİ;DEMİRKÖY;İĞNEADA - DENİZ;KANARA SOKAK;sokak;644361
KIRKLARELİ;DEMİRKÖY;İĞNEADA - DENİZ;LALE SOKAK;sokak;262923
KIRKLARELİ;DEMİRKÖY;İĞNEADA - DENİZ;LİMAN KÜME EVLER;sokak;646012
KIRKLARELİ;DEMİRKÖY;İĞNEADA - DENİZ;LİMAN1 CADDE;cadde;262924
KIRKLARELİ;DEMİRKÖY;İĞNEADA - DENİZ;LİMANKÖY CADDE;cadde;644293
KIRKLARELİ;DEMİRKÖY;İĞNEADA - DENİZ;MEŞE SOKAK;sokak;645999
KIRKLARELİ;DEMİRKÖY;İĞNEADA - DENİZ;NİYAZİ URGUN SOKAK;sokak;323688130
KIRKLARELİ;DEMİRKÖY;İĞNEADA - DENİZ;PINAR SOKAK;sokak;644193
KIRKLARELİ;DEMİRKÖY;İĞNEADA - DENİZ;REFIK GÜL SOKAK;sokak;855353670
KIRKLARELİ;DEMİRKÖY;İĞNEADA - DENİZ;SAHİL CADDE;cadde;262925
KIRKLARELİ;DEMİRKÖY;İĞNEADA - DENİZ;SELVİ SOKAK;sokak;441156
KIRKLARELİ;DEMİRKÖY;İĞNEADA - DENİZ;SİSLİOBA YOLU KÜME EVLER;sokak;441870291
KIRKLARELİ;DEMİRKÖY;İĞNEADA - DENİZ;SÜLÜKLÜ GÖL SOKAK;sokak;670576951
KIRKLARELİ;DEMİRKÖY;İĞNEADA - DENİZ;SÜMBÜL SOKAK;sokak;262926
KIRKLARELİ;DEMİRKÖY;İĞNEADA - DENİZ;ŞERİF TINMAZ SOKAK;sokak;262928
KIRKLARELİ;DEMİRKÖY;İĞNEADA - DENİZ;TOPRAKLIK SOKAK;sokak;262927
KIRKLARELİ;DEMİRKÖY;İĞNEADA - DENİZ;YAYLA SOKAK;sokak;91108
KIRKLARELİ;DEMİRKÖY;İĞNEADA - DENİZ;YENİ EVLER CADDE;cadde;441157
KIRKLARELİ;DEMİRKÖY;İĞNEADA - DENİZ;YENİYOL CADDE;cadde;644295
KIRKLARELİ;DEMİRKÖY;İĞNEADA - DENİZ;YUSUF EREN SOKAK;sokak;616921331
KIRKLARELİ;DEMİRKÖY;İĞNEADA - YENİ;1. SOKAK;sokak;1392729
KIRKLARELİ;DEMİRKÖY;İĞNEADA - YENİ;2. SOKAK;sokak;1392731
KIRKLARELİ;DEMİRKÖY;İĞNEADA - YENİ;3. SOKAK;sokak;1392733
KIRKLARELİ;DEMİRKÖY;İĞNEADA - YENİ;4. SOKAK;sokak;1392735
KIRKLARELİ;DEMİRKÖY;İĞNEADA - YENİ;5. SOKAK;sokak;1392737
KIRKLARELİ;DEMİRKÖY;İĞNEADA - YENİ;6. SOKAK;sokak;1392739
KIRKLARELİ;DEMİRKÖY;İĞNEADA - YENİ;7. SOKAK;sokak;1392741
KIRKLARELİ;DEMİRKÖY;İĞNEADA - YENİ;8. SOKAK;sokak;1392743
KIRKLARELİ;DEMİRKÖY;İĞNEADA - YENİ;9. SOKAK;sokak;1392745
KIRKLARELİ;DEMİRKÖY;İĞNEADA - YENİ;ALTINDERE KÜME EVLER;sokak;824325
KIRKLARELİ;DEMİRKÖY;İĞNEADA - YENİ;ARPA TARLA KÜME EVLER;sokak;1008491
KIRKLARELİ;DEMİRKÖY;İĞNEADA - YENİ;ATATÜRK CADDE;cadde;262929
KIRKLARELİ;DEMİRKÖY;İĞNEADA - YENİ;AVCI SOKAK;sokak;642572
KIRKLARELİ;DEMİRKÖY;İĞNEADA - YENİ;BALYOZ BAYIRI KÜME EVLER;sokak;959948
KIRKLARELİ;DEMİRKÖY;İĞNEADA - YENİ;BARIŞ SOKAK;sokak;644191
KIRKLARELİ;DEMİRKÖY;İĞNEADA - YENİ;BULANIK KÜME EVLER;sokak;826066
KIRKLARELİ;DEMİRKÖY;İĞNEADA - YENİ;BULANIKDERE KÜME EVLER;sokak;430609040
KIRKLARELİ;DEMİRKÖY;İĞNEADA - YENİ;ÇAMLIK SOKAK;sokak;441161
KIRKLARELİ;DEMİRKÖY;İĞNEADA - YENİ;ÇEŞME SOKAK;sokak;365617
KIRKLARELİ;DEMİRKÖY;İĞNEADA - YENİ;DEMİRCİLER SOKAK;sokak;262930
KIRKLARELİ;DEMİRKÖY;İĞNEADA - YENİ;DEMİRKÖY CADDE;cadde;441158
KIRKLARELİ;DEMİRKÖY;İĞNEADA - YENİ;ELMALIK- KÜME EVLER;sokak;1401723
KIRKLARELİ;DEMİRKÖY;İĞNEADA - YENİ;ESKİ PAZAR SOKAK;sokak;262931
KIRKLARELİ;DEMİRKÖY;İĞNEADA - YENİ;GARAJ SOKAK;sokak;904958130
KIRKLARELİ;DEMİRKÖY;İĞNEADA - YENİ;HALİL TÜRKÜSEVER SOKAK;sokak;365615
KIRKLARELİ;DEMİRKÖY;İĞNEADA - YENİ;HURŞİTAĞA CADDE;cadde;262932
KIRKLARELİ;DEMİRKÖY;İĞNEADA - YENİ;İSTİKBAL SOKAK;sokak;646424
KIRKLARELİ;DEMİRKÖY;İĞNEADA - YENİ;İSTİKBAL1 SOKAK;sokak;684467981
KIRKLARELİ;DEMİRKÖY;İĞNEADA - YENİ;KANARYA SOKAK;sokak;262933
KIRKLARELİ;DEMİRKÖY;İĞNEADA - YENİ;KARANFİL SOKAK;sokak;441159
KIRKLARELİ;DEMİRKÖY;İĞNEADA - YENİ;KARLI SOKAK;sokak;642564
KIRKLARELİ;DEMİRKÖY;İĞNEADA - YENİ;KASAP MERASI KÜME EVLER;sokak;191655700
KIRKLARELİ;DEMİRKÖY;İĞNEADA - YENİ;KIRLANGIÇ SOKAK;sokak;262934
KIRKLARELİ;DEMİRKÖY;İĞNEADA - YENİ;KUĞU SOKAK;sokak;262936
KIRKLARELİ;DEMİRKÖY;İĞNEADA - YENİ;KUYU SOKAK;sokak;262935
KIRKLARELİ;DEMİRKÖY;İĞNEADA - YENİ;MARTI SOKAK;sokak;262937
KIRKLARELİ;DEMİRKÖY;İĞNEADA - YENİ;MENEKŞE SOKAK;sokak;263262
KIRKLARELİ;DEMİRKÖY;İĞNEADA - YENİ;MERT GÖLÜ CADDE;cadde;263263
KIRKLARELİ;DEMİRKÖY;İĞNEADA - YENİ;MEZARLIK SOKAK;sokak;365616
KIRKLARELİ;DEMİRKÖY;İĞNEADA - YENİ;MUAMMER AKBAŞ SOKAK;sokak;441160
KIRKLARELİ;DEMİRKÖY;İĞNEADA - YENİ;NEHİR SOKAK;sokak;644015
KIRKLARELİ;DEMİRKÖY;İĞNEADA - YENİ;OKUL SOKAK;sokak;263264
KIRKLARELİ;DEMİRKÖY;İĞNEADA - YENİ;PAPATYA SOKAK;sokak;263265
KIRKLARELİ;DEMİRKÖY;İĞNEADA - YENİ;SAĞLIK SOKAK;sokak;903539881
KIRKLARELİ;DEMİRKÖY;İĞNEADA - YENİ;SERÇE SOKAK;sokak;91118
KIRKLARELİ;DEMİRKÖY;İĞNEADA - YENİ;SİSLİOBA YOLU KÜME EVLER;sokak;1044437
KIRKLARELİ;DEMİRKÖY;İĞNEADA - YENİ;STADYUM CADDE;cadde;263266
KIRKLARELİ;DEMİRKÖY;İĞNEADA - YENİ;ŞARAPNEL KÜME EVLER;sokak;701462951
KIRKLARELİ;DEMİRKÖY;İĞNEADA - YENİ;TEK SOKAK;sokak;701467410
KIRKLARELİ;DEMİRKÖY;İĞNEADA - YENİ;TOZLUKLU SOKAK;sokak;319709570
KIRKLARELİ;DEMİRKÖY;İĞNEADA - YENİ;YAĞMUR SOKAK;sokak;640822
KIRKLARELİ;DEMİRKÖY;İĞNEADA - YENİ;YENİ EVLER CADDE;cadde;91113
KIRKLARELİ;DEMİRKÖY;İNCESIRT - KARANLIK;KARANLIK KÜME EVLER;sokak;594492
KIRKLARELİ;DEMİRKÖY;İNCESIRT NA;İNCESIRT KÜME EVLER;sokak;533458
KIRKLARELİ;DEMİRKÖY;KARACADAĞ NA;KARACADAĞ KÜME EVLER;sokak;530476
KIRKLARELİ;DEMİRKÖY;KARACADAĞ NA;YEŞİLCE KÜME EVLER;sokak;205355220
KIRKLARELİ;DEMİRKÖY;LİMANKÖY - FENER SİTESİ;FENER SİTESİ KÜME EVLER;sokak;608459
KIRKLARELİ;DEMİRKÖY;LİMANKÖY - KORU SİTESİ;KORU SİTESİ KÜME EVLER;sokak;598739
KIRKLARELİ;DEMİRKÖY;LİMANKÖY NA;LİMANKÖY KÜME EVLER;sokak;569761
KIRKLARELİ;DEMİRKÖY;ORHANİYE;ABİT AĞA SOKAK;sokak;262895
KIRKLARELİ;DEMİRKÖY;ORHANİYE;ADEM YETİŞİR SOKAK;sokak;262896
KIRKLARELİ;DEMİRKÖY;ORHANİYE;ALİ DİLAVER SOKAK;sokak;262897
KIRKLARELİ;DEMİRKÖY;ORHANİYE;ARITMA SOKAK;sokak;342210771
KIRKLARELİ;DEMİRKÖY;ORHANİYE;ARITMA1 SOKAK;sokak;271335861
KIRKLARELİ;DEMİRKÖY;ORHANİYE;ARITMA2 SOKAK;sokak;310637531
KIRKLARELİ;DEMİRKÖY;ORHANİYE;BAHÇELİEVLER SOKAK;sokak;441147
KIRKLARELİ;DEMİRKÖY;ORHANİYE;BAKIR SOKAK;sokak;262898
KIRKLARELİ;DEMİRKÖY;ORHANİYE;BALABAN CADDE;cadde;695003
KIRKLARELİ;DEMİRKÖY;ORHANİYE;ÇAYIRLIK SOKAK;sokak;262911
KIRKLARELİ;DEMİRKÖY;ORHANİYE;DAR SOKAK;sokak;660467561
KIRKLARELİ;DEMİRKÖY;ORHANİYE;DEĞİRMENDERE KÜME EVLER;sokak;825739
KIRKLARELİ;DEMİRKÖY;ORHANİYE;DOLAPDERE SOKAK;sokak;1399501
KIRKLARELİ;DEMİRKÖY;ORHANİYE;DUPNİSA SOKAK;sokak;1399509
KIRKLARELİ;DEMİRKÖY;ORHANİYE;DÜZLÜK SOKAK;sokak;262900
KIRKLARELİ;DEMİRKÖY;ORHANİYE;FAİK ER SOKAK;sokak;441148
KIRKLARELİ;DEMİRKÖY;ORHANİYE;FATİH CADDE;cadde;65975
KIRKLARELİ;DEMİRKÖY;ORHANİYE;FEHİM AĞA SOKAK;sokak;262902
KIRKLARELİ;DEMİRKÖY;ORHANİYE;FEVZİ ÇAKMAK SOKAK;sokak;1399465
KIRKLARELİ;DEMİRKÖY;ORHANİYE;GÜL SOKAK;sokak;262903
KIRKLARELİ;DEMİRKÖY;ORHANİYE;HACI TAHİR SOKAK;sokak;262904
KIRKLARELİ;DEMİRKÖY;ORHANİYE;HACI TEVFİK ATAÇ SOKAK;sokak;441149
KIRKLARELİ;DEMİRKÖY;ORHANİYE;HARMAN SOKAK;sokak;696660
KIRKLARELİ;DEMİRKÖY;ORHANİYE;İDRİS YURTERİ SOKAK;sokak;262912
KIRKLARELİ;DEMİRKÖY;ORHANİYE;İŞLETME SOKAK;sokak;580349761
KIRKLARELİ;DEMİRKÖY;ORHANİYE;KALDIRIM SOKAK;sokak;262905
KIRKLARELİ;DEMİRKÖY;ORHANİYE;KAMİL BAŞARAN SOKAK;sokak;262906
KIRKLARELİ;DEMİRKÖY;ORHANİYE;KARAGÖZ SOKAK;sokak;262907
KIRKLARELİ;DEMİRKÖY;ORHANİYE;KIRKLARELİ CADDE;cadde;441150
KIRKLARELİ;DEMİRKÖY;ORHANİYE;KISA SOKAK;sokak;421222671
KIRKLARELİ;DEMİRKÖY;ORHANİYE;KIŞLAALTI KÜME EVLER;sokak;79472072
KIRKLARELİ;DEMİRKÖY;ORHANİYE;KULUMBUR ÇEŞME KÜME EVLER;sokak;825708
KIRKLARELİ;DEMİRKÖY;ORHANİYE;MUHARREM GÜLNAR CADDE;cadde;262908
KIRKLARELİ;DEMİRKÖY;ORHANİYE;ÖĞRETMEN SELDA-AYKUT GÜLTEKİN SOKAK;sokak;262894
KIRKLARELİ;DEMİRKÖY;ORHANİYE;SALKO SOKAK;sokak;247958581
KIRKLARELİ;DEMİRKÖY;ORHANİYE;SAMAKOF SOKAK;sokak;1399507
KIRKLARELİ;DEMİRKÖY;ORHANİYE;SERGEN ÇEŞME SOKAK;sokak;262910
KIRKLARELİ;DEMİRKÖY;ORHANİYE;ŞABAN ÖZGÜL SOKAK;sokak;262913
KIRKLARELİ;DEMİRKÖY;ORHANİYE;ŞEHİT ER İLHAMİ URAS SOKAK;sokak;441152
KIRKLARELİ;DEMİRKÖY;ORHANİYE;UZUN SOKAK;sokak;573767661
KIRKLARELİ;DEMİRKÖY;ORHANİYE;ZÜBEYDE HANIM CADDE;cadde;441151
KIRKLARELİ;DEMİRKÖY;SARPDERE NA;SARPDERE KÜME EVLER;sokak;287456
KIRKLARELİ;DEMİRKÖY;SİSLİOBA NA;SİSLİOBA KÜME EVLER;sokak;540372
KIRKLARELİ;DEMİRKÖY;SİVRİLER NA;SİVRİLER KÜME EVLER;sokak;567597
KIRKLARELİ;DEMİRKÖY;YENİ;AKİF ŞEN SOKAK;sokak;859977241
KIRKLARELİ;DEMİRKÖY;YENİ;BARAJLAR KÜME EVLER;sokak;825710
KIRKLARELİ;DEMİRKÖY;YENİ;BARUTHANE KÜME EVLER;sokak;825709
KIRKLARELİ;DEMİRKÖY;YENİ;BULANIKDERE KÜME EVLER;sokak;825704
KIRKLARELİ;DEMİRKÖY;YENİ;FİDANLIK CADDE;cadde;698492
KIRKLARELİ;DEMİRKÖY;YENİ;HACI AHMET SOKAK;sokak;477939
KIRKLARELİ;DEMİRKÖY;YENİ;HOCA AHMET YESEVİ SOKAK;sokak;262916
KIRKLARELİ;DEMİRKÖY;YENİ;İĞNEADA CADDE;cadde;262918
KIRKLARELİ;DEMİRKÖY;YENİ;MİMAR SİNAN CADDE;cadde;17739566
KIRKLARELİ;DEMİRKÖY;YENİ;MUHTAR GENÇAĞA SOKAK;sokak;274002
KIRKLARELİ;DEMİRKÖY;YENİ;OKUL SOKAK;sokak;478325
KIRKLARELİ;DEMİRKÖY;YENİ;TEPEBAŞI KÜME EVLER;sokak;824682
KIRKLARELİ;DEMİRKÖY;YENİ;ÜÇDERELER KÜME EVLER;sokak;825701
KIRKLARELİ;DEMİRKÖY;YEŞİLCE NA;YEŞİLCE KÜME EVLER;sokak;539399
KIRKLARELİ;DEMİRKÖY;YİĞİTBAŞI NA;YİĞİTBAŞI KÜME EVLER;sokak;537739
KIRKLARELİ;KOFÇAZ;AHLATLI NA;AHLATLI KÜME EVLER;sokak;526032
KIRKLARELİ;KOFÇAZ;AHMETLER NA;AHMETLER KÜME EVLER;sokak;526776
KIRKLARELİ;KOFÇAZ;AŞAĞIKANARA NA;AŞAĞI KANARA KÜME EVLER;sokak;523867
KIRKLARELİ;KOFÇAZ;AŞAĞIKANARA NA;YUKARI KANARA KÜME EVLER;sokak;270291560
KIRKLARELİ;KOFÇAZ;BEYCİ NA;BEYCİ KÜME EVLER;sokak;274382
KIRKLARELİ;KOFÇAZ;DEVLETLİAĞAÇ NA;DEVLETLİAĞAÇ KÜME EVLER;sokak;518189
KIRKLARELİ;KOFÇAZ;DEVLETLİAĞAÇ NA;KARAHAMZA KÜME EVLER;sokak;320334170
KIRKLARELİ;KOFÇAZ;ELMACIK NA;ELMACIK KÜME EVLER;sokak;512430
KIRKLARELİ;KOFÇAZ;KARAABALAR NA;KARAABALAR KÜME EVLER;sokak;518546
KIRKLARELİ;KOFÇAZ;KOCATARLA NA;KOCATARLA KÜME EVLER;sokak;526251
KIRKLARELİ;KOFÇAZ;KOCAYAZI NA;KOCAYAZI KÜME EVLER;sokak;515711
KIRKLARELİ;KOFÇAZ;MALKOÇLAR NA;MALKOÇLAR KÜME EVLER;sokak;518243
KIRKLARELİ;KOFÇAZ;TASTEPE NA;TASTEPE KÜME EVLER;sokak;517237
KIRKLARELİ;KOFÇAZ;TATLIPINAR NA;TATLIPINAR KÜME EVLER;sokak;520767
KIRKLARELİ;KOFÇAZ;TERZİDERE NA;TERZİDERE KÜME EVLER;sokak;37750
KIRKLARELİ;KOFÇAZ;TOPÇULAR NA;TOPÇULAR KÜME EVLER;sokak;518541
KIRKLARELİ;KOFÇAZ;YENİ;100.YIL SOKAK;sokak;521504
KIRKLARELİ;KOFÇAZ;YENİ;11 KASIM SOKAK;sokak;520707
KIRKLARELİ;KOFÇAZ;YENİ;BAĞLAR YOLU SOKAK;sokak;520260
KIRKLARELİ;KOFÇAZ;YENİ;BELEDİYE SOKAK;sokak;518444
KIRKLARELİ;KOFÇAZ;YENİ;BOZKAYA KÜME EVLER;sokak;824788
KIRKLARELİ;KOFÇAZ;YENİ;CAMİ SOKAK;sokak;520262
KIRKLARELİ;KOFÇAZ;YENİ;CEVİZLİK ÇIKMAZ SOKAK;sokak;520703
KIRKLARELİ;KOFÇAZ;YENİ;CUMHURİYET CADDE;cadde;520699
KIRKLARELİ;KOFÇAZ;YENİ;DEFNE ÇIKMAZ SOKAK;sokak;518449
KIRKLARELİ;KOFÇAZ;YENİ;DEĞİRMEN SOKAK;sokak;521517
KIRKLARELİ;KOFÇAZ;YENİ;DEPO YOLU SOKAK;sokak;520690
KIRKLARELİ;KOFÇAZ;YENİ;DERİNKUYU CADDE;cadde;520696
KIRKLARELİ;KOFÇAZ;YENİ;ELMACIK TEPE KÜME EVLER;sokak;824786
KIRKLARELİ;KOFÇAZ;YENİ;FABRİKA SOKAK;sokak;520255
KIRKLARELİ;KOFÇAZ;YENİ;FEVZİ ÇAKMAK CADDE;cadde;521489
KIRKLARELİ;KOFÇAZ;YENİ;GAZHANE SOKAK;sokak;521486
KIRKLARELİ;KOFÇAZ;YENİ;GAZİLER CADDE;cadde;520609
KIRKLARELİ;KOFÇAZ;YENİ;GÜL ÇIKMAZ SOKAK;sokak;518443
KIRKLARELİ;KOFÇAZ;YENİ;HARMANLAR SOKAK;sokak;511156
KIRKLARELİ;KOFÇAZ;YENİ;IHLAMUR SOKAK;sokak;520710
KIRKLARELİ;KOFÇAZ;YENİ;KARANFİL SOKAK;sokak;521516
KIRKLARELİ;KOFÇAZ;YENİ;KIRKLARELİ CADDE;cadde;520689
KIRKLARELİ;KOFÇAZ;YENİ;KOCADUT SOKAK;sokak;521490
KIRKLARELİ;KOFÇAZ;YENİ;LALE SOKAK;sokak;520605
KIRKLARELİ;KOFÇAZ;YENİ;MENEKŞE ÇIKMAZ SOKAK;sokak;518447
KIRKLARELİ;KOFÇAZ;YENİ;MEZARLIK SOKAK;sokak;521484
KIRKLARELİ;KOFÇAZ;YENİ;PAPATYA ÇIKMAZ SOKAK;sokak;520584
KIRKLARELİ;KOFÇAZ;YENİ;SAVAT KORU KÜME EVLER;sokak;824789
KIRKLARELİ;KOFÇAZ;YENİ;SERHAD CADDE;cadde;520586
KIRKLARELİ;KOFÇAZ;YENİ;SIĞIR YOLU KÜME EVLER;sokak;824787
KIRKLARELİ;KOFÇAZ;YENİ;SIHHİYE SOKAK;sokak;520697
KIRKLARELİ;KOFÇAZ;YENİ;YASEMİN CADDE;cadde;520263
KIRKLARELİ;KOFÇAZ;YENİ;YILDIZ SOKAK;sokak;511157
KIRKLARELİ;KOFÇAZ;YENİ;ZÜBEYDE HANIM CADDE;cadde;521492
KIRKLARELİ;KOFÇAZ;YEŞİLLİK;AÇELYA SOKAK;sokak;501816
KIRKLARELİ;KOFÇAZ;YEŞİLLİK;AHLAT ÇIKMAZI SOKAK;sokak;261678
KIRKLARELİ;KOFÇAZ;YEŞİLLİK;AKASYA ÇIKMAZI SOKAK;sokak;447003
KIRKLARELİ;KOFÇAZ;YEŞİLLİK;AVCI AĞACI SOKAK;sokak;261679
KIRKLARELİ;KOFÇAZ;YEŞİLLİK;BADEMLİK SOKAK;sokak;261680
KIRKLARELİ;KOFÇAZ;YEŞİLLİK;BANKA SOKAK;sokak;261681
KIRKLARELİ;KOFÇAZ;YEŞİLLİK;BOYACI TARLA KÜME EVLER;sokak;167092140
KIRKLARELİ;KOFÇAZ;YEŞİLLİK;BOZKAYA KÜME EVLER;sokak;54260278
KIRKLARELİ;KOFÇAZ;YEŞİLLİK;CAMİ SOKAK;sokak;447004
KIRKLARELİ;KOFÇAZ;YEŞİLLİK;ÇİĞDEM ÇIKMAZ SOKAK;sokak;512886
KIRKLARELİ;KOFÇAZ;YEŞİLLİK;DEĞİRMEN SOKAK;sokak;261683
KIRKLARELİ;KOFÇAZ;YEŞİLLİK;DERE ÇIKMAZI SOKAK;sokak;261682
KIRKLARELİ;KOFÇAZ;YEŞİLLİK;DOLAY TARLA KÜME EVLER;sokak;1287917
KIRKLARELİ;KOFÇAZ;YEŞİLLİK;FEVZİ ÇAKMAK CADDE;cadde;722187380
KIRKLARELİ;KOFÇAZ;YEŞİLLİK;FIRIN SOKAK;sokak;261684
KIRKLARELİ;KOFÇAZ;YEŞİLLİK;GAZİLER CADDE;cadde;447005
KIRKLARELİ;KOFÇAZ;YEŞİLLİK;GÜLBAHAR SOKAK;sokak;261685
KIRKLARELİ;KOFÇAZ;YEŞİLLİK;KARANFİL SOKAK;sokak;347323390
KIRKLARELİ;KOFÇAZ;YEŞİLLİK;KAVAKLI SOKAK;sokak;261686
KIRKLARELİ;KOFÇAZ;YEŞİLLİK;KIZLAR KAYASI SOKAK;sokak;447006
KIRKLARELİ;KOFÇAZ;YEŞİLLİK;KORU SOKAK;sokak;261687
KIRKLARELİ;KOFÇAZ;YEŞİLLİK;KÜTÜKLÜ ÇIKMAZI SOKAK;sokak;261688
KIRKLARELİ;KOFÇAZ;YEŞİLLİK;NERGİS SOKAK;sokak;503471
KIRKLARELİ;KOFÇAZ;YEŞİLLİK;ORKİDE SOKAK;sokak;352840
KIRKLARELİ;KOFÇAZ;YEŞİLLİK;SARDUNYA SOKAK;sokak;507049
KIRKLARELİ;KOFÇAZ;YEŞİLLİK;SARMAŞIK ÇIKMAZ SOKAK;sokak;500934
KIRKLARELİ;KOFÇAZ;YEŞİLLİK;SAVATKORU KÜME EVLER;sokak;337656290
KIRKLARELİ;KOFÇAZ;YEŞİLLİK;SÖĞÜT SOKAK;sokak;512884
KIRKLARELİ;KOFÇAZ;YEŞİLLİK;SUUÇTU SOKAK;sokak;261689
KIRKLARELİ;KOFÇAZ;YEŞİLLİK;SÜMBÜL ÇIKMAZI SOKAK;sokak;447007
KIRKLARELİ;KOFÇAZ;YEŞİLLİK;ŞİMŞİR ÇIKMAZI SOKAK;sokak;261692
KIRKLARELİ;KOFÇAZ;YEŞİLLİK;TASTEPE KÜME EVLER;sokak;39875950
KIRKLARELİ;KOFÇAZ;YEŞİLLİK;YASEMİN CADDE;cadde;261690
KIRKLARELİ;KOFÇAZ;YEŞİLLİK;ZAMBAK ÇIKMAZ SOKAK;sokak;512870
KIRKLARELİ;KOFÇAZ;YEŞİLLİK;ZÜBEYDE HANIM CADDE;cadde;261691
KIRKLARELİ;KOFÇAZ;YUKARIKANARA NA;YUKARI KANARA KÜME EVLER;sokak;527710
KIRKLARELİ;LÜLEBURGAZ;8 KASIM;18 MART SOKAK;sokak;597845531
KIRKLARELİ;LÜLEBURGAZ;8 KASIM;AKIN 1. SOKAK;sokak;219188
KIRKLARELİ;LÜLEBURGAZ;8 KASIM;ALSANCAK SOKAK;sokak;960274791
KIRKLARELİ;LÜLEBURGAZ;8 KASIM;ALTAN SOKAK;sokak;219189
KIRKLARELİ;LÜLEBURGAZ;8 KASIM;ANIT SOKAK;sokak;398206341
KIRKLARELİ;LÜLEBURGAZ;8 KASIM;ANKARA SOKAK;sokak;309282461
KIRKLARELİ;LÜLEBURGAZ;8 KASIM;ARINER SOKAK;sokak;221722
KIRKLARELİ;LÜLEBURGAZ;8 KASIM;ARKA SOKAK;sokak;221723
KIRKLARELİ;LÜLEBURGAZ;8 KASIM;AŞKİYE ÇAL CADDE;cadde;411613571
KIRKLARELİ;LÜLEBURGAZ;8 KASIM;ATA YOLU SOKAK;sokak;560924971
KIRKLARELİ;LÜLEBURGAZ;8 KASIM;BERGOS CADDE;cadde;517853431
KIRKLARELİ;LÜLEBURGAZ;8 KASIM;BESTE 1 SOKAK;sokak;456775311
KIRKLARELİ;LÜLEBURGAZ;8 KASIM;BİLGE SOKAK;sokak;854679261
KIRKLARELİ;LÜLEBURGAZ;8 KASIM;BİNBAŞI NİHAT İLHAN SOKAK;sokak;667085951
KIRKLARELİ;LÜLEBURGAZ;8 KASIM;BUĞRA SOKAK;sokak;221724
KIRKLARELİ;LÜLEBURGAZ;8 KASIM;BÜLBÜL 1. SOKAK;sokak;221725
KIRKLARELİ;LÜLEBURGAZ;8 KASIM;BÜLENT ECEVİT BULVAR;sokak;918329
KIRKLARELİ;LÜLEBURGAZ;8 KASIM;CAHİT IRGAT CADDE;cadde;918224
KIRKLARELİ;LÜLEBURGAZ;8 KASIM;CERRAH NURİ SOKAK;sokak;918309
KIRKLARELİ;LÜLEBURGAZ;8 KASIM;CONKBAYIRI CADDE;cadde;215990551
KIRKLARELİ;LÜLEBURGAZ;8 KASIM;ÇAM SOKAK;sokak;918305
KIRKLARELİ;LÜLEBURGAZ;8 KASIM;ÇELİK SOKAK;sokak;221726
KIRKLARELİ;LÜLEBURGAZ;8 KASIM;ÇIRPAN SOKAK;sokak;221727
KIRKLARELİ;LÜLEBURGAZ;8 KASIM;ÇİMEN SOKAK;sokak;918322
KIRKLARELİ;LÜLEBURGAZ;8 KASIM;DEFNE SOKAK;sokak;918282
KIRKLARELİ;LÜLEBURGAZ;8 KASIM;DEMİR SOKAK;sokak;221728
KIRKLARELİ;LÜLEBURGAZ;8 KASIM;DESTAN SOKAK;sokak;780650261
KIRKLARELİ;LÜLEBURGAZ;8 KASIM;DİŞBUDAK SOKAK;sokak;918326
KIRKLARELİ;LÜLEBURGAZ;8 KASIM;DR FAZIL KÜÇÜK CADDE;cadde;340535121
KIRKLARELİ;LÜLEBURGAZ;8 KASIM;DUMLUPINAR SOKAK;sokak;149526911
KIRKLARELİ;LÜLEBURGAZ;8 KASIM;ERKAL SOKAK;sokak;221730
KIRKLARELİ;LÜLEBURGAZ;8 KASIM;ESKİ MÜSELLİM CADDE;cadde;221731
KIRKLARELİ;LÜLEBURGAZ;8 KASIM;FATİH SULTAN MEHMET CADDE;cadde;229936871
KIRKLARELİ;LÜLEBURGAZ;8 KASIM;FATMA REFET ANGIN CADDE;cadde;813529321
KIRKLARELİ;LÜLEBURGAZ;8 KASIM;FİDAN SOKAK;sokak;221732
KIRKLARELİ;LÜLEBURGAZ;8 KASIM;GAR CADDE;cadde;390680851
KIRKLARELİ;LÜLEBURGAZ;8 KASIM;GAZİ MUSTAFA KEMAL PAŞA BULVAR;sokak;976577201
KIRKLARELİ;LÜLEBURGAZ;8 KASIM;GELİBOLU SOKAK;sokak;129923921
KIRKLARELİ;LÜLEBURGAZ;8 KASIM;GEYİK SOKAK;sokak;221733
KIRKLARELİ;LÜLEBURGAZ;8 KASIM;GÖNÜL 1. SOKAK;sokak;221734
KIRKLARELİ;LÜLEBURGAZ;8 KASIM;GÜLERLER SOKAK;sokak;221735
KIRKLARELİ;LÜLEBURGAZ;8 KASIM;GÜN DOĞUMU CADDE;cadde;330217591
KIRKLARELİ;LÜLEBURGAZ;8 KASIM;GÜNDÜZ SOKAK;sokak;221736
KIRKLARELİ;LÜLEBURGAZ;8 KASIM;HANIMELİ SOKAK;sokak;918693
KIRKLARELİ;LÜLEBURGAZ;8 KASIM;HASAN ALİ YÜCEL CADDE;cadde;876180541
KIRKLARELİ;LÜLEBURGAZ;8 KASIM;HAZAL SOKAK;sokak;221737
KIRKLARELİ;LÜLEBURGAZ;8 KASIM;HUZUR SOKAK;sokak;221738
KIRKLARELİ;LÜLEBURGAZ;8 KASIM;İDEM SOKAK;sokak;221739
KIRKLARELİ;LÜLEBURGAZ;8 KASIM;İLKNUR GÖKAY CADDE;cadde;601334441
KIRKLARELİ;LÜLEBURGAZ;8 KASIM;İSMET İNÖNÜ CADDE;cadde;835436291
KIRKLARELİ;LÜLEBURGAZ;8 KASIM;İSTASYON CADDE;cadde;221631
KIRKLARELİ;LÜLEBURGAZ;8 KASIM;İŞBİLEN SOKAK;sokak;222944
KIRKLARELİ;LÜLEBURGAZ;8 KASIM;KAĞAN SOKAK;sokak;523311701
KIRKLARELİ;LÜLEBURGAZ;8 KASIM;KALKANDERE SOKAK;sokak;222945
KIRKLARELİ;LÜLEBURGAZ;8 KASIM;KARAAĞAÇ SOKAK;sokak;604502511
KIRKLARELİ;LÜLEBURGAZ;8 KASIM;KARACA SOKAK;sokak;222946
KIRKLARELİ;LÜLEBURGAZ;8 KASIM;KAVAK SOKAK;sokak;920444
KIRKLARELİ;LÜLEBURGAZ;8 KASIM;KAYIN SOKAK;sokak;918311
KIRKLARELİ;LÜLEBURGAZ;8 KASIM;KAZIM ŞEN SOKAK;sokak;222947
KIRKLARELİ;LÜLEBURGAZ;8 KASIM;KENT SOKAK;sokak;222948
KIRKLARELİ;LÜLEBURGAZ;8 KASIM;KESTANE SOKAK;sokak;918321
KIRKLARELİ;LÜLEBURGAZ;8 KASIM;KIRCAALİ SOKAK;sokak;222949
KIRKLARELİ;LÜLEBURGAZ;8 KASIM;KIZILCIK SOKAK;sokak;918331
KIRKLARELİ;LÜLEBURGAZ;8 KASIM;KOCATEPE SOKAK;sokak;822073581
KIRKLARELİ;LÜLEBURGAZ;8 KASIM;KOSOVA CADDE;cadde;918226
KIRKLARELİ;LÜLEBURGAZ;8 KASIM;KÖKNAR SOKAK;sokak;918296
KIRKLARELİ;LÜLEBURGAZ;8 KASIM;LALE SOKAK;sokak;222950
KIRKLARELİ;LÜLEBURGAZ;8 KASIM;LAVANTA SOKAK;sokak;918304
KIRKLARELİ;LÜLEBURGAZ;8 KASIM;LİMON SOKAK;sokak;918292
KIRKLARELİ;LÜLEBURGAZ;8 KASIM;LOZAN CADDE;cadde;570673731
KIRKLARELİ;LÜLEBURGAZ;8 KASIM;MECLİS SOKAK;sokak;779484791
KIRKLARELİ;LÜLEBURGAZ;8 KASIM;MEHMET AKİF ERSOY CADDE;cadde;632507651
KIRKLARELİ;LÜLEBURGAZ;8 KASIM;MERİÇ SOKAK;sokak;222951
KIRKLARELİ;LÜLEBURGAZ;8 KASIM;MİLLET CADDE;cadde;918317
KIRKLARELİ;LÜLEBURGAZ;8 KASIM;MİMAR SİNAN CADDE;cadde;212233591
KIRKLARELİ;LÜLEBURGAZ;8 KASIM;MUDANYA SOKAK;sokak;258082881
KIRKLARELİ;LÜLEBURGAZ;8 KASIM;MURAT SOYDAN SOKAK;sokak;918312
KIRKLARELİ;LÜLEBURGAZ;8 KASIM;MUSTAFA KEMAL BULVAR;sokak;918313
KIRKLARELİ;LÜLEBURGAZ;8 KASIM;NACİ ARI CADDE;cadde;222952
KIRKLARELİ;LÜLEBURGAZ;8 KASIM;NAZİF BALKAN CADDE;cadde;222953
KIRKLARELİ;LÜLEBURGAZ;8 KASIM;ORKİDE 1. SOKAK;sokak;222954
KIRKLARELİ;LÜLEBURGAZ;8 KASIM;ORTANCA SOKAK;sokak;918278
KIRKLARELİ;LÜLEBURGAZ;8 KASIM;OSMAN ZEKİ ÜNGÖR SOKAK;sokak;718250871
KIRKLARELİ;LÜLEBURGAZ;8 KASIM;ÖZBEK SOKAK;sokak;222955
KIRKLARELİ;LÜLEBURGAZ;8 KASIM;RAUF DENKTAŞ BULVAR;sokak;918300
KIRKLARELİ;LÜLEBURGAZ;8 KASIM;REFET BELE CADDE;cadde;513590651
KIRKLARELİ;LÜLEBURGAZ;8 KASIM;REİS ETHEM CADDE;cadde;471538041
KIRKLARELİ;LÜLEBURGAZ;8 KASIM;REZENE SOKAK;sokak;918330
KIRKLARELİ;LÜLEBURGAZ;8 KASIM;SALİH CEVDET CEVER SOKAK;sokak;446259941
KIRKLARELİ;LÜLEBURGAZ;8 KASIM;SARDUNYA SOKAK;sokak;918325
KIRKLARELİ;LÜLEBURGAZ;8 KASIM;SAYGIN SOKAK;sokak;222956
KIRKLARELİ;LÜLEBURGAZ;8 KASIM;SEYİT ONBAŞI CADDE;cadde;298606241
KIRKLARELİ;LÜLEBURGAZ;8 KASIM;SEZEN SOKAK;sokak;222957
KIRKLARELİ;LÜLEBURGAZ;8 KASIM;ŞAFAK SOKAK;sokak;222958
KIRKLARELİ;LÜLEBURGAZ;8 KASIM;ŞEBBOY SOKAK;sokak;918298
KIRKLARELİ;LÜLEBURGAZ;8 KASIM;ŞEHİT ABDULLAH ALTINDAĞ SOKAK;sokak;569810871
KIRKLARELİ;LÜLEBURGAZ;8 KASIM;ŞEHİT BERKAY KARACA SOKAK;sokak;222963
KIRKLARELİ;LÜLEBURGAZ;8 KASIM;ŞEHİT RECEP GÜNGÖR CADDE;cadde;222959
KIRKLARELİ;LÜLEBURGAZ;8 KASIM;ŞEHİT RECEP SAVAŞ SINAR SOKAK;sokak;222960
KIRKLARELİ;LÜLEBURGAZ;8 KASIM;TAFLAN SOKAK;sokak;918303
KIRKLARELİ;LÜLEBURGAZ;8 KASIM;TARÇIN SOKAK;sokak;918310
KIRKLARELİ;LÜLEBURGAZ;8 KASIM;TAŞ SOKAK;sokak;222961
KIRKLARELİ;LÜLEBURGAZ;8 KASIM;TEKCAN CADDE;cadde;222962
KIRKLARELİ;LÜLEBURGAZ;8 KASIM;UÇTU 1. SOKAK;sokak;222964
KIRKLARELİ;LÜLEBURGAZ;8 KASIM;UZAY 1. ARA SOKAK;sokak;222966
KIRKLARELİ;LÜLEBURGAZ;8 KASIM;UZAY SOKAK;sokak;222965
KIRKLARELİ;LÜLEBURGAZ;8 KASIM;ÜLKÜ 1. SOKAK;sokak;222967
KIRKLARELİ;LÜLEBURGAZ;8 KASIM;ÜZÜM SOKAK;sokak;918302
KIRKLARELİ;LÜLEBURGAZ;8 KASIM;VANİLYA SOKAK;sokak;918323
KIRKLARELİ;LÜLEBURGAZ;8 KASIM;VATAN CADDE;cadde;918227
KIRKLARELİ;LÜLEBURGAZ;8 KASIM;YALÇIN BİLGİVAR SOKAK;sokak;222968
KIRKLARELİ;LÜLEBURGAZ;8 KASIM;YAŞAR SOKAK;sokak;758830
KIRKLARELİ;LÜLEBURGAZ;8 KASIM;ZAKKUM SOKAK;sokak;918284
KIRKLARELİ;LÜLEBURGAZ;8 KASIM;ZENCEFİL SOKAK;sokak;918332
KIRKLARELİ;LÜLEBURGAZ;8 KASIM;ZURHAP SAMİ SOKAK;sokak;222969
KIRKLARELİ;LÜLEBURGAZ;AHMETBEY - DERE;AÇELYA SOKAK;sokak;1307981
KIRKLARELİ;LÜLEBURGAZ;AHMETBEY - DERE;ADALET SOKAK;sokak;262160
KIRKLARELİ;LÜLEBURGAZ;AHMETBEY - DERE;ALİ RIFAT FURUNCU SOKAK;sokak;643976
KIRKLARELİ;LÜLEBURGAZ;AHMETBEY - DERE;ARNAVUT KUYU SOKAK;sokak;262161
KIRKLARELİ;LÜLEBURGAZ;AHMETBEY - DERE;ATATÜRK CADDE;cadde;410834291
KIRKLARELİ;LÜLEBURGAZ;AHMETBEY - DERE;AYÇİÇEĞİ SOKAK;sokak;153011871
KIRKLARELİ;LÜLEBURGAZ;AHMETBEY - DERE;AYYILDIZ SOKAK;sokak;981977
KIRKLARELİ;LÜLEBURGAZ;AHMETBEY - DERE;BADEM SOKAK;sokak;1307973
KIRKLARELİ;LÜLEBURGAZ;AHMETBEY - DERE;BAMBU SOKAK;sokak;1307979
KIRKLARELİ;LÜLEBURGAZ;AHMETBEY - DERE;BEDESTEN SOKAK;sokak;1307987
KIRKLARELİ;LÜLEBURGAZ;AHMETBEY - DERE;BÜLBÜL SOKAK;sokak;1307989
KIRKLARELİ;LÜLEBURGAZ;AHMETBEY - DERE;ÇALI KUŞU SOKAK;sokak;1307977
KIRKLARELİ;LÜLEBURGAZ;AHMETBEY - DERE;ÇAYIR SOKAK;sokak;1307993
KIRKLARELİ;LÜLEBURGAZ;AHMETBEY - DERE;DAR SOKAK;sokak;468438
KIRKLARELİ;LÜLEBURGAZ;AHMETBEY - DERE;DEĞİRMEN 1 SOKAK;sokak;722766031
KIRKLARELİ;LÜLEBURGAZ;AHMETBEY - DERE;DEĞİRMEN 2 SOKAK;sokak;262162
KIRKLARELİ;LÜLEBURGAZ;AHMETBEY - DERE;DEMİRBİLEK SOKAK;sokak;1307983
KIRKLARELİ;LÜLEBURGAZ;AHMETBEY - DERE;DEMİRHAN SOKAK;sokak;632864
KIRKLARELİ;LÜLEBURGAZ;AHMETBEY - DERE;DERE SOKAK;sokak;448413
KIRKLARELİ;LÜLEBURGAZ;AHMETBEY - DERE;EKER SOKAK;sokak;635736
KIRKLARELİ;LÜLEBURGAZ;AHMETBEY - DERE;EMRULLAH SOKAK;sokak;1071106
KIRKLARELİ;LÜLEBURGAZ;AHMETBEY - DERE;FABRİKALAR ALTI 1 SOKAK;sokak;234978030
KIRKLARELİ;LÜLEBURGAZ;AHMETBEY - DERE;FABRİKALAR ALTI KÜME EVLER;sokak;911666
KIRKLARELİ;LÜLEBURGAZ;AHMETBEY - DERE;FATİH CADDE;cadde;262163
KIRKLARELİ;LÜLEBURGAZ;AHMETBEY - DERE;GÖNÜL SOKAK;sokak;1313049
KIRKLARELİ;LÜLEBURGAZ;AHMETBEY - DERE;HUZUR SOKAK;sokak;1307975
KIRKLARELİ;LÜLEBURGAZ;AHMETBEY - DERE;KANLIGÖL SOKAK;sokak;371002
KIRKLARELİ;LÜLEBURGAZ;AHMETBEY - DERE;KASIMPATI SOKAK;sokak;1307985
KIRKLARELİ;LÜLEBURGAZ;AHMETBEY - DERE;KENAR SOKAK;sokak;262164
KIRKLARELİ;LÜLEBURGAZ;AHMETBEY - DERE;KEREVİZ SOKAK;sokak;1005665
KIRKLARELİ;LÜLEBURGAZ;AHMETBEY - DERE;KIPÇAK SOKAK;sokak;653111
KIRKLARELİ;LÜLEBURGAZ;AHMETBEY - DERE;MEHTAP SOKAK;sokak;1307971
KIRKLARELİ;LÜLEBURGAZ;AHMETBEY - DERE;PAPATYA SOKAK;sokak;652975
KIRKLARELİ;LÜLEBURGAZ;AHMETBEY - DERE;PAZAR SOKAK;sokak;448414
KIRKLARELİ;LÜLEBURGAZ;AHMETBEY - DERE;SAKİN SOKAK;sokak;1307991
KIRKLARELİ;LÜLEBURGAZ;AHMETBEY - DERE;SERÇE SOKAK;sokak;1313053
KIRKLARELİ;LÜLEBURGAZ;AHMETBEY - DERE;TOKUÇ SOKAK;sokak;634658
KIRKLARELİ;LÜLEBURGAZ;AHMETBEY - DERE;ÜSTÜN SOKAK;sokak;262166
KIRKLARELİ;LÜLEBURGAZ;AHMETBEY - DERE;YALÇIN SOKAK;sokak;651915
KIRKLARELİ;LÜLEBURGAZ;AHMETBEY - DERE;YAPRAK SOKAK;sokak;1307995
KIRKLARELİ;LÜLEBURGAZ;AHMETBEY - DERE;ZÜBEYDE HANIM 1 SOKAK;sokak;680961220
KIRKLARELİ;LÜLEBURGAZ;AHMETBEY - DERE;ZÜBEYDE HANIM CADDE;cadde;262165
KIRKLARELİ;LÜLEBURGAZ;AHMETBEY - DERE;ZÜBEYDE HANIM FABRİKALAR KÜME EVLER;sokak;184307770
KIRKLARELİ;LÜLEBURGAZ;AHMETBEY - GÜNDOĞU;ADALET SOKAK;sokak;262513
KIRKLARELİ;LÜLEBURGAZ;AHMETBEY - GÜNDOĞU;ADEM TAŞTEKİN SOKAK;sokak;448417
KIRKLARELİ;LÜLEBURGAZ;AHMETBEY - GÜNDOĞU;AKAR SOKAK;sokak;38166
KIRKLARELİ;LÜLEBURGAZ;AHMETBEY - GÜNDOĞU;AKASYA SOKAK;sokak;1307887
KIRKLARELİ;LÜLEBURGAZ;AHMETBEY - GÜNDOĞU;AKÇA SOKAK;sokak;1307849
KIRKLARELİ;LÜLEBURGAZ;AHMETBEY - GÜNDOĞU;AKÇAKÖY 3 SOKAK;sokak;540958980
KIRKLARELİ;LÜLEBURGAZ;AHMETBEY - GÜNDOĞU;AKÇAKÖY 4 SOKAK;sokak;350591530
KIRKLARELİ;LÜLEBURGAZ;AHMETBEY - GÜNDOĞU;AKÇAKÖY CADDE;cadde;1028888
KIRKLARELİ;LÜLEBURGAZ;AHMETBEY - GÜNDOĞU;ALP SOKAK;sokak;460116
KIRKLARELİ;LÜLEBURGAZ;AHMETBEY - GÜNDOĞU;ARA SOKAK;sokak;262514
KIRKLARELİ;LÜLEBURGAZ;AHMETBEY - GÜNDOĞU;ARDIÇ SOKAK;sokak;1307853
KIRKLARELİ;LÜLEBURGAZ;AHMETBEY - GÜNDOĞU;ARI SOKAK;sokak;622898
KIRKLARELİ;LÜLEBURGAZ;AHMETBEY - GÜNDOĞU;ARSLANLAR SOKAK;sokak;371005
KIRKLARELİ;LÜLEBURGAZ;AHMETBEY - GÜNDOĞU;ASARLI SOKAK;sokak;606781
KIRKLARELİ;LÜLEBURGAZ;AHMETBEY - GÜNDOĞU;ASLANAĞZI SOKAK;sokak;1307863
KIRKLARELİ;LÜLEBURGAZ;AHMETBEY - GÜNDOĞU;ATATÜRK 1 SOKAK;sokak;887242400
KIRKLARELİ;LÜLEBURGAZ;AHMETBEY - GÜNDOĞU;ATATÜRK 2 SOKAK;sokak;891381431
KIRKLARELİ;LÜLEBURGAZ;AHMETBEY - GÜNDOĞU;ATATÜRK CADDE;cadde;441889
KIRKLARELİ;LÜLEBURGAZ;AHMETBEY - GÜNDOĞU;AYYILDIZ SOKAK;sokak;1308011
KIRKLARELİ;LÜLEBURGAZ;AHMETBEY - GÜNDOĞU;BAŞTÜRK SOKAK;sokak;629537
KIRKLARELİ;LÜLEBURGAZ;AHMETBEY - GÜNDOĞU;BEGONYA SOKAK;sokak;1307891
KIRKLARELİ;LÜLEBURGAZ;AHMETBEY - GÜNDOĞU;BÜKLÜM SOKAK;sokak;1307915
KIRKLARELİ;LÜLEBURGAZ;AHMETBEY - GÜNDOĞU;CENGİZ TOPEL SOKAK;sokak;261370
KIRKLARELİ;LÜLEBURGAZ;AHMETBEY - GÜNDOĞU;CEYLAN SOKAK;sokak;1307861
KIRKLARELİ;LÜLEBURGAZ;AHMETBEY - GÜNDOĞU;ÇEVRE SOKAK;sokak;1307797
KIRKLARELİ;LÜLEBURGAZ;AHMETBEY - GÜNDOĞU;ÇİĞDEM SOKAK;sokak;601725
KIRKLARELİ;LÜLEBURGAZ;AHMETBEY - GÜNDOĞU;ÇORBACI SOKAK;sokak;24615
KIRKLARELİ;LÜLEBURGAZ;AHMETBEY - GÜNDOĞU;DENİZ SOKAK;sokak;600854
KIRKLARELİ;LÜLEBURGAZ;AHMETBEY - GÜNDOĞU;DERE KUŞU SOKAK;sokak;1307789
KIRKLARELİ;LÜLEBURGAZ;AHMETBEY - GÜNDOĞU;DÖNMEZ SOKAK;sokak;38159
KIRKLARELİ;LÜLEBURGAZ;AHMETBEY - GÜNDOĞU;ESKİ SOFULAR SOKAK;sokak;371004
KIRKLARELİ;LÜLEBURGAZ;AHMETBEY - GÜNDOĞU;FİDAN SOKAK;sokak;1307875
KIRKLARELİ;LÜLEBURGAZ;AHMETBEY - GÜNDOĞU;FULYA SOKAK;sokak;1307867
KIRKLARELİ;LÜLEBURGAZ;AHMETBEY - GÜNDOĞU;GAZİLER SOKAK;sokak;261371
KIRKLARELİ;LÜLEBURGAZ;AHMETBEY - GÜNDOĞU;GÖRKEM SOKAK;sokak;1307899
KIRKLARELİ;LÜLEBURGAZ;AHMETBEY - GÜNDOĞU;GÖZDE SOKAK;sokak;1307913
KIRKLARELİ;LÜLEBURGAZ;AHMETBEY - GÜNDOĞU;GÜL SOKAK;sokak;261372
KIRKLARELİ;LÜLEBURGAZ;AHMETBEY - GÜNDOĞU;GÜNEŞ SOKAK;sokak;1307885
KIRKLARELİ;LÜLEBURGAZ;AHMETBEY - GÜNDOĞU;GÜRBÜZ SOKAK;sokak;1307877
KIRKLARELİ;LÜLEBURGAZ;AHMETBEY - GÜNDOĞU;GÜVERCİN SOKAK;sokak;1307869
KIRKLARELİ;LÜLEBURGAZ;AHMETBEY - GÜNDOĞU;HABİL OVACIK SOKAK;sokak;441890
KIRKLARELİ;LÜLEBURGAZ;AHMETBEY - GÜNDOĞU;HANIMELİ SOKAK;sokak;687557761
KIRKLARELİ;LÜLEBURGAZ;AHMETBEY - GÜNDOĞU;IHLAMUR SOKAK;sokak;1307859
KIRKLARELİ;LÜLEBURGAZ;AHMETBEY - GÜNDOĞU;İRFAN KAYMAZ SOKAK;sokak;448416
KIRKLARELİ;LÜLEBURGAZ;AHMETBEY - GÜNDOĞU;KALENDER SOKAK;sokak;629522
KIRKLARELİ;LÜLEBURGAZ;AHMETBEY - GÜNDOĞU;KANARYA SOKAK;sokak;1307901
KIRKLARELİ;LÜLEBURGAZ;AHMETBEY - GÜNDOĞU;KARAÇALI SOKAK;sokak;1307799
KIRKLARELİ;LÜLEBURGAZ;AHMETBEY - GÜNDOĞU;KARANFİL 1 SOKAK;sokak;820958601
KIRKLARELİ;LÜLEBURGAZ;AHMETBEY - GÜNDOĞU;KARANFİL SOKAK;sokak;986040
KIRKLARELİ;LÜLEBURGAZ;AHMETBEY - GÜNDOĞU;KARDELEN SOKAK;sokak;622867
KIRKLARELİ;LÜLEBURGAZ;AHMETBEY - GÜNDOĞU;KARLI SOKAK;sokak;628248
KIRKLARELİ;LÜLEBURGAZ;AHMETBEY - GÜNDOĞU;KAYNAK SOKAK;sokak;261373
KIRKLARELİ;LÜLEBURGAZ;AHMETBEY - GÜNDOĞU;KIRÇİÇEĞİ SOKAK;sokak;85366
KIRKLARELİ;LÜLEBURGAZ;AHMETBEY - GÜNDOĞU;KUBİLAY SOKAK;sokak;261374
KIRKLARELİ;LÜLEBURGAZ;AHMETBEY - GÜNDOĞU;KÜÇÜK SOKAK;sokak;261375
KIRKLARELİ;LÜLEBURGAZ;AHMETBEY - GÜNDOĞU;KÜLTÜR SOKAK;sokak;1307895
KIRKLARELİ;LÜLEBURGAZ;AHMETBEY - GÜNDOĞU;LALE SOKAK;sokak;626821
KIRKLARELİ;LÜLEBURGAZ;AHMETBEY - GÜNDOĞU;MAREŞAL FEVZİ ÇAKMAK SOKAK;sokak;441891
KIRKLARELİ;LÜLEBURGAZ;AHMETBEY - GÜNDOĞU;MENDERES SOKAK;sokak;628252
KIRKLARELİ;LÜLEBURGAZ;AHMETBEY - GÜNDOĞU;MENEKŞE SOKAK;sokak;261376
KIRKLARELİ;LÜLEBURGAZ;AHMETBEY - GÜNDOĞU;MERİÇ SOKAK;sokak;1307857
KIRKLARELİ;LÜLEBURGAZ;AHMETBEY - GÜNDOĞU;MEVLANA SOKAK;sokak;262167
KIRKLARELİ;LÜLEBURGAZ;AHMETBEY - GÜNDOĞU;MİMOZA SOKAK;sokak;1307793
KIRKLARELİ;LÜLEBURGAZ;AHMETBEY - GÜNDOĞU;MİNE SOKAK;sokak;1307889
KIRKLARELİ;LÜLEBURGAZ;AHMETBEY - GÜNDOĞU;MUTLU SOKAK;sokak;1307865
KIRKLARELİ;LÜLEBURGAZ;AHMETBEY - GÜNDOĞU;ODUNCU YOLU SOKAK;sokak;629653
KIRKLARELİ;LÜLEBURGAZ;AHMETBEY - GÜNDOĞU;OKUL SOKAK;sokak;371003
KIRKLARELİ;LÜLEBURGAZ;AHMETBEY - GÜNDOĞU;ORDU SOKAK;sokak;1307917
KIRKLARELİ;LÜLEBURGAZ;AHMETBEY - GÜNDOĞU;ORKİDE SOKAK;sokak;1307883
KIRKLARELİ;LÜLEBURGAZ;AHMETBEY - GÜNDOĞU;ÖĞRETMEN MAHMUT PERİM SOKAK;sokak;620037
KIRKLARELİ;LÜLEBURGAZ;AHMETBEY - GÜNDOĞU;ÖZDEN SOKAK;sokak;157285
KIRKLARELİ;LÜLEBURGAZ;AHMETBEY - GÜNDOĞU;ÖZDİL SOKAK;sokak;27363
KIRKLARELİ;LÜLEBURGAZ;AHMETBEY - GÜNDOĞU;ÖZGÜR SOKAK;sokak;262510
KIRKLARELİ;LÜLEBURGAZ;AHMETBEY - GÜNDOĞU;PAŞAKÖY CADDE;cadde;262168
KIRKLARELİ;LÜLEBURGAZ;AHMETBEY - GÜNDOĞU;PAŞAKÖY YOLU KÜME EVLER KÜME EVLER;sokak;894244
KIRKLARELİ;LÜLEBURGAZ;AHMETBEY - GÜNDOĞU;REZENE SOKAK;sokak;1307911
KIRKLARELİ;LÜLEBURGAZ;AHMETBEY - GÜNDOĞU;RIZA ÖZKAYA SOKAK;sokak;262170
KIRKLARELİ;LÜLEBURGAZ;AHMETBEY - GÜNDOĞU;RÜZGAR SOKAK;sokak;1307881
KIRKLARELİ;LÜLEBURGAZ;AHMETBEY - GÜNDOĞU;SARMAŞIK SOKAK;sokak;959080
KIRKLARELİ;LÜLEBURGAZ;AHMETBEY - GÜNDOĞU;SAYGI SOKAK;sokak;1307879
KIRKLARELİ;LÜLEBURGAZ;AHMETBEY - GÜNDOĞU;SAZLIK SOKAK;sokak;448415
KIRKLARELİ;LÜLEBURGAZ;AHMETBEY - GÜNDOĞU;SEDİR SOKAK;sokak;1307803
KIRKLARELİ;LÜLEBURGAZ;AHMETBEY - GÜNDOĞU;SEREZLİ SOKAK;sokak;620075
KIRKLARELİ;LÜLEBURGAZ;AHMETBEY - GÜNDOĞU;SEVGİ 1 SOKAK;sokak;211534571
KIRKLARELİ;LÜLEBURGAZ;AHMETBEY - GÜNDOĞU;SEVGİ SOKAK;sokak;1059398
KIRKLARELİ;LÜLEBURGAZ;AHMETBEY - GÜNDOĞU;SIĞIR YOLU 1 KÜME EVLER;sokak;106143780
KIRKLARELİ;LÜLEBURGAZ;AHMETBEY - GÜNDOĞU;SIĞIR YOLU 2 KÜME EVLER;sokak;698822801
KIRKLARELİ;LÜLEBURGAZ;AHMETBEY - GÜNDOĞU;SIĞIR YOLU 3 KÜME EVLER;sokak;549523610
KIRKLARELİ;LÜLEBURGAZ;AHMETBEY - GÜNDOĞU;SIĞIR YOLU KÜME EVLER;sokak;911661
KIRKLARELİ;LÜLEBURGAZ;AHMETBEY - GÜNDOĞU;SİMGE SOKAK;sokak;1307791
KIRKLARELİ;LÜLEBURGAZ;AHMETBEY - GÜNDOĞU;SOFULAR CADDE;cadde;1307909
KIRKLARELİ;LÜLEBURGAZ;AHMETBEY - GÜNDOĞU;SUSAM 1 SOKAK;sokak;800867471
KIRKLARELİ;LÜLEBURGAZ;AHMETBEY - GÜNDOĞU;SUSAM SOKAK;sokak;1307873
KIRKLARELİ;LÜLEBURGAZ;AHMETBEY - GÜNDOĞU;SÜMBÜL SOKAK;sokak;1307897
KIRKLARELİ;LÜLEBURGAZ;AHMETBEY - GÜNDOĞU;ŞAFAK SOKAK;sokak;1307871
KIRKLARELİ;LÜLEBURGAZ;AHMETBEY - GÜNDOĞU;ŞAHİNLER 1 SOKAK;sokak;750718450
KIRKLARELİ;LÜLEBURGAZ;AHMETBEY - GÜNDOĞU;ŞAHİNLER SOKAK;sokak;468439
KIRKLARELİ;LÜLEBURGAZ;AHMETBEY - GÜNDOĞU;ŞEHİT ER ŞEVKET TOPAL SOKAK;sokak;601816
KIRKLARELİ;LÜLEBURGAZ;AHMETBEY - GÜNDOĞU;ŞEHİT ÖĞRT.UĞUR GÖREN SOKAK;sokak;262512
KIRKLARELİ;LÜLEBURGAZ;AHMETBEY - GÜNDOĞU;ŞEHİT PİLOT SAMET DEMİR SOKAK;sokak;262511
KIRKLARELİ;LÜLEBURGAZ;AHMETBEY - GÜNDOĞU;ŞEN SOKAK;sokak;621161
KIRKLARELİ;LÜLEBURGAZ;AHMETBEY - GÜNDOĞU;TUNÇ SOKAK;sokak;973036221
KIRKLARELİ;LÜLEBURGAZ;AHMETBEY - GÜNDOĞU;TÜRKKAN SOKAK;sokak;173933
KIRKLARELİ;LÜLEBURGAZ;AHMETBEY - GÜNDOĞU;UÇAR SOKAK;sokak;599762
KIRKLARELİ;LÜLEBURGAZ;AHMETBEY - GÜNDOĞU;VAHAP AKAY CADDE;cadde;627399
KIRKLARELİ;LÜLEBURGAZ;AHMETBEY - GÜNDOĞU;VARDAR SOKAK;sokak;38168
KIRKLARELİ;LÜLEBURGAZ;AHMETBEY - GÜNDOĞU;YAĞMUR SOKAK;sokak;614670
KIRKLARELİ;LÜLEBURGAZ;AHMETBEY - GÜNDOĞU;YASEMİN SOKAK;sokak;1307851
KIRKLARELİ;LÜLEBURGAZ;AHMETBEY - GÜNDOĞU;YELKOVAN SOKAK;sokak;1307841
KIRKLARELİ;LÜLEBURGAZ;AHMETBEY - GÜNDOĞU;YENİ SOKAK;sokak;1307801
KIRKLARELİ;LÜLEBURGAZ;AHMETBEY - GÜNDOĞU;YILDIZ SOKAK;sokak;1307907
KIRKLARELİ;LÜLEBURGAZ;AHMETBEY - GÜNDOĞU;YİĞİT SOKAK;sokak;625895
KIRKLARELİ;LÜLEBURGAZ;AHMETBEY - GÜNDOĞU;YOKUŞ SOKAK;sokak;262171
KIRKLARELİ;LÜLEBURGAZ;AHMETBEY - GÜNDOĞU;ZAMBAK SOKAK;sokak;1307893
KIRKLARELİ;LÜLEBURGAZ;AHMETBEY - GÜNDOĞU;ZÜBEYDE HANIM CADDE;cadde;262172
KIRKLARELİ;LÜLEBURGAZ;AHMETBEY - GÜNDOĞU;ZÜBEYDE HANIM FABRİKALAR KÜME EVLER;sokak;825543
KIRKLARELİ;LÜLEBURGAZ;AHMETBEY - KARŞIYAKA;AKKOÇ SOKAK;sokak;662021
KIRKLARELİ;LÜLEBURGAZ;AHMETBEY - KARŞIYAKA;BAYIR SOKAK;sokak;261377
KIRKLARELİ;LÜLEBURGAZ;AHMETBEY - KARŞIYAKA;BENT SOKAK;sokak;261378
KIRKLARELİ;LÜLEBURGAZ;AHMETBEY - KARŞIYAKA;ÇALI GÜLÜ SOKAK;sokak;1307921
KIRKLARELİ;LÜLEBURGAZ;AHMETBEY - KARŞIYAKA;DAR1 SOKAK;sokak;261379
KIRKLARELİ;LÜLEBURGAZ;AHMETBEY - KARŞIYAKA;DEFNE SOKAK;sokak;1307927
KIRKLARELİ;LÜLEBURGAZ;AHMETBEY - KARŞIYAKA;DEĞİRMEN SOKAK;sokak;261380
KIRKLARELİ;LÜLEBURGAZ;AHMETBEY - KARŞIYAKA;DEMİR SOKAK;sokak;1307929
KIRKLARELİ;LÜLEBURGAZ;AHMETBEY - KARŞIYAKA;DERE 1 SOKAK;sokak;441892
KIRKLARELİ;LÜLEBURGAZ;AHMETBEY - KARŞIYAKA;DURAN SOKAK SOKAK;sokak;829442
KIRKLARELİ;LÜLEBURGAZ;AHMETBEY - KARŞIYAKA;ESKİBAĞLAR 2 SOKAK;sokak;178276191
KIRKLARELİ;LÜLEBURGAZ;AHMETBEY - KARŞIYAKA;ESKİBAĞLAR SOKAK;sokak;261381
KIRKLARELİ;LÜLEBURGAZ;AHMETBEY - KARŞIYAKA;FATİH 1 SOKAK;sokak;683243751
KIRKLARELİ;LÜLEBURGAZ;AHMETBEY - KARŞIYAKA;FATİH CADDE;cadde;441893
KIRKLARELİ;LÜLEBURGAZ;AHMETBEY - KARŞIYAKA;FESLEĞEN 2 SOKAK;sokak;915265740
KIRKLARELİ;LÜLEBURGAZ;AHMETBEY - KARŞIYAKA;FESLEĞEN SOKAK;sokak;1307937
KIRKLARELİ;LÜLEBURGAZ;AHMETBEY - KARŞIYAKA;GELİNCİK SOKAK;sokak;1307923
KIRKLARELİ;LÜLEBURGAZ;AHMETBEY - KARŞIYAKA;GÜLBUDAK SOKAK;sokak;1307935
KIRKLARELİ;LÜLEBURGAZ;AHMETBEY - KARŞIYAKA;KADİFE SOKAK;sokak;1307943
KIRKLARELİ;LÜLEBURGAZ;AHMETBEY - KARŞIYAKA;KALKANLAR SOKAK SOKAK;sokak;829439
KIRKLARELİ;LÜLEBURGAZ;AHMETBEY - KARŞIYAKA;KAR SOKAK;sokak;1233709
KIRKLARELİ;LÜLEBURGAZ;AHMETBEY - KARŞIYAKA;KARACA SOKAK;sokak;1307931
KIRKLARELİ;LÜLEBURGAZ;AHMETBEY - KARŞIYAKA;KERVAN SOKAK;sokak;660735290
KIRKLARELİ;LÜLEBURGAZ;AHMETBEY - KARŞIYAKA;KİREMİTÇİ SOKAK SOKAK;sokak;829434
KIRKLARELİ;LÜLEBURGAZ;AHMETBEY - KARŞIYAKA;LAVANTA SOKAK;sokak;1307933
KIRKLARELİ;LÜLEBURGAZ;AHMETBEY - KARŞIYAKA;LEYLAK SOKAK;sokak;1307925
KIRKLARELİ;LÜLEBURGAZ;AHMETBEY - KARŞIYAKA;MARTİN SOKAK;sokak;659670
KIRKLARELİ;LÜLEBURGAZ;AHMETBEY - KARŞIYAKA;MEYDAN SOKAK;sokak;261382
KIRKLARELİ;LÜLEBURGAZ;AHMETBEY - KARŞIYAKA;NERGİS SOKAK;sokak;1307941
KIRKLARELİ;LÜLEBURGAZ;AHMETBEY - KARŞIYAKA;OVACIK SOKAK;sokak;261383
KIRKLARELİ;LÜLEBURGAZ;AHMETBEY - KARŞIYAKA;ÖĞRETMEN MEHMET ALİ YOLAGELMEZ SOKAK;sokak;441894
KIRKLARELİ;LÜLEBURGAZ;AHMETBEY - KARŞIYAKA;ÖZÇELİK SOKAK;sokak;24070
KIRKLARELİ;LÜLEBURGAZ;AHMETBEY - KARŞIYAKA;ÖZEN SOKAK;sokak;261386
KIRKLARELİ;LÜLEBURGAZ;AHMETBEY - KARŞIYAKA;TAŞKIRAN SOKAK;sokak;662710
KIRKLARELİ;LÜLEBURGAZ;AHMETBEY - KARŞIYAKA;YAPICI SOKAK SOKAK;sokak;829431
KIRKLARELİ;LÜLEBURGAZ;AHMETBEY - KARŞIYAKA;YEŞİL SOKAK SOKAK;sokak;829426
KIRKLARELİ;LÜLEBURGAZ;AHMETBEY - KARŞIYAKA;YOKUŞ SOKAĞI SOKAK;sokak;261384
KIRKLARELİ;LÜLEBURGAZ;AHMETBEY - KARŞIYAKA;YÜKSEK SOKAK;sokak;261385
KIRKLARELİ;LÜLEBURGAZ;AKÇAKÖY NA;AKÇAKÖY KÜME EVLER;sokak;606290
KIRKLARELİ;LÜLEBURGAZ;ALACAOĞLU NA;ALACAOĞLU KÜME EVLER;sokak;638235
KIRKLARELİ;LÜLEBURGAZ;ATATÜRK;57. ALAY CADDE;cadde;123235491
KIRKLARELİ;LÜLEBURGAZ;ATATÜRK;8 KASIM CADDE;cadde;296748
KIRKLARELİ;LÜLEBURGAZ;ATATÜRK;AFRİKA CADDE;cadde;735215511
KIRKLARELİ;LÜLEBURGAZ;ATATÜRK;AKDENİZ CADDE;cadde;175189861
KIRKLARELİ;LÜLEBURGAZ;ATATÜRK;AMERİKA CADDE;cadde;789894311
KIRKLARELİ;LÜLEBURGAZ;ATATÜRK;ASMA SOKAK;sokak;296749
KIRKLARELİ;LÜLEBURGAZ;ATATÜRK;ASYA CADDE;cadde;786730431
KIRKLARELİ;LÜLEBURGAZ;ATATÜRK;ATA CADDE;cadde;296750
KIRKLARELİ;LÜLEBURGAZ;ATATÜRK;AVRASYA CADDE;cadde;351845141
KIRKLARELİ;LÜLEBURGAZ;ATATÜRK;AVRUPA CADDE;cadde;374838231
KIRKLARELİ;LÜLEBURGAZ;ATATÜRK;AVUSTURALYA CADDE;cadde;684779751
KIRKLARELİ;LÜLEBURGAZ;ATATÜRK;AYTUĞ SOKAK;sokak;296751
KIRKLARELİ;LÜLEBURGAZ;ATATÜRK;BAKİ BECER SOKAK;sokak;296752
KIRKLARELİ;LÜLEBURGAZ;ATATÜRK;BASIN ŞEHİTLERİ CADDE;cadde;296753
KIRKLARELİ;LÜLEBURGAZ;ATATÜRK;BAŞAK 1. SOKAK;sokak;296754
KIRKLARELİ;LÜLEBURGAZ;ATATÜRK;BAYSAL SOKAK;sokak;296755
KIRKLARELİ;LÜLEBURGAZ;ATATÜRK;ÇETİN YELMEZ BULVAR;sokak;296756
KIRKLARELİ;LÜLEBURGAZ;ATATÜRK;ÇEVRE YOLU CADDE;cadde;296757
KIRKLARELİ;LÜLEBURGAZ;ATATÜRK;ÇIRAK SOKAK;sokak;296758
KIRKLARELİ;LÜLEBURGAZ;ATATÜRK;DR. FERİT NEJAT ECZACIBAŞI CADDE;cadde;296759
KIRKLARELİ;LÜLEBURGAZ;ATATÜRK;DUYGU CADDE;cadde;296760
KIRKLARELİ;LÜLEBURGAZ;ATATÜRK;DÜNYA CADDE;cadde;226436621
KIRKLARELİ;LÜLEBURGAZ;ATATÜRK;EMNİYET SOKAK;sokak;296761
KIRKLARELİ;LÜLEBURGAZ;ATATÜRK;EZGİ SOKAK;sokak;296762
KIRKLARELİ;LÜLEBURGAZ;ATATÜRK;GÖKTUĞ SOKAK;sokak;296763
KIRKLARELİ;LÜLEBURGAZ;ATATÜRK;HABİB SOKAK;sokak;296764
KIRKLARELİ;LÜLEBURGAZ;ATATÜRK;HALEBAK SOKAK;sokak;296765
KIRKLARELİ;LÜLEBURGAZ;ATATÜRK;HAMİTABAT SOKAK;sokak;296766
KIRKLARELİ;LÜLEBURGAZ;ATATÜRK;HASAN TABAK SOKAK;sokak;296767
KIRKLARELİ;LÜLEBURGAZ;ATATÜRK;HEAŞ SOKAK;sokak;920451
KIRKLARELİ;LÜLEBURGAZ;ATATÜRK;IŞIKLAR CADDE;cadde;296768
KIRKLARELİ;LÜLEBURGAZ;ATATÜRK;İNAN SOKAK;sokak;296769
KIRKLARELİ;LÜLEBURGAZ;ATATÜRK;İSTANBUL CADDE;cadde;296770
KIRKLARELİ;LÜLEBURGAZ;ATATÜRK;JANDARMA SOKAK;sokak;296771
KIRKLARELİ;LÜLEBURGAZ;ATATÜRK;KAMER SOKAK;sokak;296772
KIRKLARELİ;LÜLEBURGAZ;ATATÜRK;KENAR CADDE;cadde;296773
KIRKLARELİ;LÜLEBURGAZ;ATATÜRK;KEPİRTEPE CADDE;cadde;758832
KIRKLARELİ;LÜLEBURGAZ;ATATÜRK;KIBRIS CADDE;cadde;775707781
KIRKLARELİ;LÜLEBURGAZ;ATATÜRK;KIRAN SOKAK;sokak;296774
KIRKLARELİ;LÜLEBURGAZ;ATATÜRK;KITALAR CADDE;cadde;280205271
KIRKLARELİ;LÜLEBURGAZ;ATATÜRK;KOŞUBAYIRI SOKAK;sokak;296775
KIRKLARELİ;LÜLEBURGAZ;ATATÜRK;LANGOZ SOKAK;sokak;253808661
KIRKLARELİ;LÜLEBURGAZ;ATATÜRK;MELTEM SOKAK;sokak;296776
KIRKLARELİ;LÜLEBURGAZ;ATATÜRK;MİL SOKAK;sokak;371908571
KIRKLARELİ;LÜLEBURGAZ;ATATÜRK;MUHTAR MEHMET TERCAN SOKAK;sokak;296777
KIRKLARELİ;LÜLEBURGAZ;ATATÜRK;MURATBEY SOKAK;sokak;296778
KIRKLARELİ;LÜLEBURGAZ;ATATÜRK;MÜGE SOKAK;sokak;296779
KIRKLARELİ;LÜLEBURGAZ;ATATÜRK;NAMAZGAH 1. SOKAK;sokak;296781
KIRKLARELİ;LÜLEBURGAZ;ATATÜRK;NAMAZGAH SOKAK;sokak;296780
KIRKLARELİ;LÜLEBURGAZ;ATATÜRK;OKYANUSYA CADDE;cadde;716519701
KIRKLARELİ;LÜLEBURGAZ;ATATÜRK;ÖĞÜKLER SOKAK;sokak;296782
KIRKLARELİ;LÜLEBURGAZ;ATATÜRK;PARKLAR SOKAK;sokak;918335
KIRKLARELİ;LÜLEBURGAZ;ATATÜRK;SALKIN SOKAK;sokak;294303
KIRKLARELİ;LÜLEBURGAZ;ATATÜRK;SEDEF SOKAK;sokak;294304
KIRKLARELİ;LÜLEBURGAZ;ATATÜRK;SEZERLER SOKAK;sokak;294306
KIRKLARELİ;LÜLEBURGAZ;ATATÜRK;SOĞUKKUYU SOKAK;sokak;294307
KIRKLARELİ;LÜLEBURGAZ;ATATÜRK;ŞEHİT PİLOT ÜSTEĞMEN İBRAHİM GERÇEK CADDE;cadde;294308
KIRKLARELİ;LÜLEBURGAZ;ATATÜRK;TEK İLKÖĞRETİM SOKAK;sokak;294309
KIRKLARELİ;LÜLEBURGAZ;ATATÜRK;TEKEL SOKAK;sokak;294310
KIRKLARELİ;LÜLEBURGAZ;ATATÜRK;TRAKYA CADDE;cadde;957708141
KIRKLARELİ;LÜLEBURGAZ;ATATÜRK;YAMAN 1. SOKAK;sokak;294311
KIRKLARELİ;LÜLEBURGAZ;ATATÜRK;YAMAN 2. SOKAK;sokak;294889
KIRKLARELİ;LÜLEBURGAZ;ATATÜRK;YENİ MEZARLIK KÜME EVLER;sokak;726068741
KIRKLARELİ;LÜLEBURGAZ;ATATÜRK;YENİ SANAYİ 1. SOKAK;sokak;294890
KIRKLARELİ;LÜLEBURGAZ;ATATÜRK;YENİ SANAYİ 10. SOKAK;sokak;294893
KIRKLARELİ;LÜLEBURGAZ;ATATÜRK;YENİ SANAYİ 11. SOKAK;sokak;294894
KIRKLARELİ;LÜLEBURGAZ;ATATÜRK;YENİ SANAYİ 12. SOKAK;sokak;294895
KIRKLARELİ;LÜLEBURGAZ;ATATÜRK;YENİ SANAYİ 13. SOKAK;sokak;294891
KIRKLARELİ;LÜLEBURGAZ;ATATÜRK;YENİ SANAYİ 14. SOKAK;sokak;294892
KIRKLARELİ;LÜLEBURGAZ;ATATÜRK;YENİ SANAYİ 2. SOKAK;sokak;294896
KIRKLARELİ;LÜLEBURGAZ;ATATÜRK;YENİ SANAYİ 3. SOKAK;sokak;294897
KIRKLARELİ;LÜLEBURGAZ;ATATÜRK;YENİ SANAYİ 4. SOKAK;sokak;294898
KIRKLARELİ;LÜLEBURGAZ;ATATÜRK;YENİ SANAYİ 5. SOKAK;sokak;294899
KIRKLARELİ;LÜLEBURGAZ;ATATÜRK;YENİ SANAYİ 6. SOKAK;sokak;294900
KIRKLARELİ;LÜLEBURGAZ;ATATÜRK;YENİ SANAYİ 7. SOKAK;sokak;294901
KIRKLARELİ;LÜLEBURGAZ;ATATÜRK;YENİ SANAYİ 8. SOKAK;sokak;294902
KIRKLARELİ;LÜLEBURGAZ;ATATÜRK;YENİ SANAYİ 9. SOKAK;sokak;294903
KIRKLARELİ;LÜLEBURGAZ;ATATÜRK;YILDIZ SOKAK;sokak;294904
KIRKLARELİ;LÜLEBURGAZ;ATATÜRK;ZÜBEYDE HANIM SOKAK;sokak;294905
KIRKLARELİ;LÜLEBURGAZ;AYVALI NA;AYVALI KÖY YOLU KÜME EVLER;sokak;658448
KIRKLARELİ;LÜLEBURGAZ;BARIŞ;ASLI SOKAK;sokak;294906
KIRKLARELİ;LÜLEBURGAZ;BARIŞ;ATA CADDE;cadde;294907
KIRKLARELİ;LÜLEBURGAZ;BARIŞ;AYAZMA SOKAK;sokak;294908
KIRKLARELİ;LÜLEBURGAZ;BARIŞ;BARBAROS SOKAK;sokak;294909
KIRKLARELİ;LÜLEBURGAZ;BARIŞ;BAŞAK SOKAK;sokak;294910
KIRKLARELİ;LÜLEBURGAZ;BARIŞ;ÇAYIR SOKAK;sokak;294911
KIRKLARELİ;LÜLEBURGAZ;BARIŞ;ÇİĞDEM SOKAK;sokak;294912
KIRKLARELİ;LÜLEBURGAZ;BARIŞ;ÇİSEM SOKAK;sokak;294913
KIRKLARELİ;LÜLEBURGAZ;BARIŞ;DEĞİRMEN 1. SOKAK;sokak;294914
KIRKLARELİ;LÜLEBURGAZ;BARIŞ;DEĞİRMEN 2. SOKAK;sokak;294915
KIRKLARELİ;LÜLEBURGAZ;BARIŞ;DERİNKUYU SOKAK;sokak;294916
KIRKLARELİ;LÜLEBURGAZ;BARIŞ;EGEMEN 1. SOKAK;sokak;294917
KIRKLARELİ;LÜLEBURGAZ;BARIŞ;EMRULLAH EFENDİ CADDE;cadde;294918
KIRKLARELİ;LÜLEBURGAZ;BARIŞ;ERENALP SOKAK;sokak;294919
KIRKLARELİ;LÜLEBURGAZ;BARIŞ;EVREN SOKAK;sokak;294920
KIRKLARELİ;LÜLEBURGAZ;BARIŞ;GİZEM SOKAK;sokak;294921
KIRKLARELİ;LÜLEBURGAZ;BARIŞ;GÖKÇEN SOKAK;sokak;294922
KIRKLARELİ;LÜLEBURGAZ;BARIŞ;GÜNEŞ 1. SOKAK;sokak;294923
KIRKLARELİ;LÜLEBURGAZ;BARIŞ;KENAR CADDE;cadde;294924
KIRKLARELİ;LÜLEBURGAZ;BARIŞ;KEREM SOKAK;sokak;294925
KIRKLARELİ;LÜLEBURGAZ;BARIŞ;KIRIK SOKAK;sokak;294926
KIRKLARELİ;LÜLEBURGAZ;BARIŞ;KOŞUYOLU 1. SOKAK;sokak;294928
KIRKLARELİ;LÜLEBURGAZ;BARIŞ;KOŞUYOLU SOKAK;sokak;294927
KIRKLARELİ;LÜLEBURGAZ;BARIŞ;LEYLAK SOKAK;sokak;294929
KIRKLARELİ;LÜLEBURGAZ;BARIŞ;MUTLU SOKAK;sokak;294930
KIRKLARELİ;LÜLEBURGAZ;BARIŞ;ONUR SOKAK;sokak;294931
KIRKLARELİ;LÜLEBURGAZ;BARIŞ;ÖZHİSAR SOKAK;sokak;294932
KIRKLARELİ;LÜLEBURGAZ;BARIŞ;ÖZLEM SOKAK;sokak;294933
KIRKLARELİ;LÜLEBURGAZ;BARIŞ;PARK SOKAK;sokak;297496
KIRKLARELİ;LÜLEBURGAZ;BARIŞ;SAİT SOKAK;sokak;297497
KIRKLARELİ;LÜLEBURGAZ;BARIŞ;SAKIZKÖY CADDE;cadde;297498
KIRKLARELİ;LÜLEBURGAZ;BARIŞ;SAYIN SOKAK;sokak;297499
KIRKLARELİ;LÜLEBURGAZ;BARIŞ;TEPE SOKAK;sokak;297500
KIRKLARELİ;LÜLEBURGAZ;BARIŞ;TUNÇ SOKAK;sokak;297501
KIRKLARELİ;LÜLEBURGAZ;BARIŞ;ZAFER ARA SOKAK;sokak;297503
KIRKLARELİ;LÜLEBURGAZ;BARIŞ;ZAFER CADDE;cadde;297502
KIRKLARELİ;LÜLEBURGAZ;BÜYÜKKARIŞTIRAN - FATİH;201. SOKAK;sokak;800802031
KIRKLARELİ;LÜLEBURGAZ;BÜYÜKKARIŞTIRAN - FATİH;202. SOKAK;sokak;377631740
KIRKLARELİ;LÜLEBURGAZ;BÜYÜKKARIŞTIRAN - FATİH;203. SOKAK;sokak;652362910
KIRKLARELİ;LÜLEBURGAZ;BÜYÜKKARIŞTIRAN - FATİH;204. SOKAK;sokak;734100861
KIRKLARELİ;LÜLEBURGAZ;BÜYÜKKARIŞTIRAN - FATİH;205. SOKAK;sokak;248637220
KIRKLARELİ;LÜLEBURGAZ;BÜYÜKKARIŞTIRAN - FATİH;206. SOKAK;sokak;457716641
KIRKLARELİ;LÜLEBURGAZ;BÜYÜKKARIŞTIRAN - FATİH;207. SOKAK;sokak;278988081
KIRKLARELİ;LÜLEBURGAZ;BÜYÜKKARIŞTIRAN - FATİH;208. SOKAK;sokak;695819240
KIRKLARELİ;LÜLEBURGAZ;BÜYÜKKARIŞTIRAN - FATİH;209. SOKAK;sokak;225292910
KIRKLARELİ;LÜLEBURGAZ;BÜYÜKKARIŞTIRAN - FATİH;210. SOKAK;sokak;574910371
KIRKLARELİ;LÜLEBURGAZ;BÜYÜKKARIŞTIRAN - FATİH;ADA SOKAK;sokak;104873
KIRKLARELİ;LÜLEBURGAZ;BÜYÜKKARIŞTIRAN - FATİH;ADİL SOKAK;sokak;675478
KIRKLARELİ;LÜLEBURGAZ;BÜYÜKKARIŞTIRAN - FATİH;ARA SOKAK;sokak;702779
KIRKLARELİ;LÜLEBURGAZ;BÜYÜKKARIŞTIRAN - FATİH;ATAK SOKAK;sokak;326705
KIRKLARELİ;LÜLEBURGAZ;BÜYÜKKARIŞTIRAN - FATİH;ATATÜRK CADDE;cadde;326701
KIRKLARELİ;LÜLEBURGAZ;BÜYÜKKARIŞTIRAN - FATİH;AVCI SOKAK;sokak;165727
KIRKLARELİ;LÜLEBURGAZ;BÜYÜKKARIŞTIRAN - FATİH;AYAZMA SOKAK;sokak;326706
KIRKLARELİ;LÜLEBURGAZ;BÜYÜKKARIŞTIRAN - FATİH;AYDIN SOKAK SOKAK;sokak;1274703
KIRKLARELİ;LÜLEBURGAZ;BÜYÜKKARIŞTIRAN - FATİH;BAĞLAR SOKAK;sokak;326694
KIRKLARELİ;LÜLEBURGAZ;BÜYÜKKARIŞTIRAN - FATİH;BAHAR SOKAK;sokak;326695
KIRKLARELİ;LÜLEBURGAZ;BÜYÜKKARIŞTIRAN - FATİH;BAHÇE SOKAK;sokak;331795
KIRKLARELİ;LÜLEBURGAZ;BÜYÜKKARIŞTIRAN - FATİH;BARIŞ SOKAK;sokak;331796
KIRKLARELİ;LÜLEBURGAZ;BÜYÜKKARIŞTIRAN - FATİH;BAŞAK SOKAK;sokak;331797
KIRKLARELİ;LÜLEBURGAZ;BÜYÜKKARIŞTIRAN - FATİH;BİLGE SOKAK;sokak;1310519
KIRKLARELİ;LÜLEBURGAZ;BÜYÜKKARIŞTIRAN - FATİH;CAMİİ SOKAK;sokak;326702
KIRKLARELİ;LÜLEBURGAZ;BÜYÜKKARIŞTIRAN - FATİH;ÇAĞDAŞ SOKAK;sokak;331798
KIRKLARELİ;LÜLEBURGAZ;BÜYÜKKARIŞTIRAN - FATİH;ÇAKIL SOKAK;sokak;1318391
KIRKLARELİ;LÜLEBURGAZ;BÜYÜKKARIŞTIRAN - FATİH;ÇEVİK SOKAK;sokak;331799
KIRKLARELİ;LÜLEBURGAZ;BÜYÜKKARIŞTIRAN - FATİH;DEMİR SOKAK;sokak;683523
KIRKLARELİ;LÜLEBURGAZ;BÜYÜKKARIŞTIRAN - FATİH;DEPO SOKAK;sokak;331800
KIRKLARELİ;LÜLEBURGAZ;BÜYÜKKARIŞTIRAN - FATİH;DERE SOKAK;sokak;331801
KIRKLARELİ;LÜLEBURGAZ;BÜYÜKKARIŞTIRAN - FATİH;DERİN SOKAK;sokak;331802
KIRKLARELİ;LÜLEBURGAZ;BÜYÜKKARIŞTIRAN - FATİH;DOLAP SOKAK;sokak;326703
KIRKLARELİ;LÜLEBURGAZ;BÜYÜKKARIŞTIRAN - FATİH;DURAK SOKAK;sokak;673388
KIRKLARELİ;LÜLEBURGAZ;BÜYÜKKARIŞTIRAN - FATİH;FERAH SOKAK;sokak;325969
KIRKLARELİ;LÜLEBURGAZ;BÜYÜKKARIŞTIRAN - FATİH;FİDAN SOKAK;sokak;325970
KIRKLARELİ;LÜLEBURGAZ;BÜYÜKKARIŞTIRAN - FATİH;GÜNDOĞU SOKAK;sokak;326704
KIRKLARELİ;LÜLEBURGAZ;BÜYÜKKARIŞTIRAN - FATİH;HORHOR SOKAK;sokak;325971
KIRKLARELİ;LÜLEBURGAZ;BÜYÜKKARIŞTIRAN - FATİH;IHLAMUR SOKAK;sokak;1318407
KIRKLARELİ;LÜLEBURGAZ;BÜYÜKKARIŞTIRAN - FATİH;İĞNELER SOKAK;sokak;466222
KIRKLARELİ;LÜLEBURGAZ;BÜYÜKKARIŞTIRAN - FATİH;İKİNCİ YAMAÇ SOKAK;sokak;1025918
KIRKLARELİ;LÜLEBURGAZ;BÜYÜKKARIŞTIRAN - FATİH;KAYA SOKAK;sokak;325972
KIRKLARELİ;LÜLEBURGAZ;BÜYÜKKARIŞTIRAN - FATİH;KAZIM DİRİK CADDE;cadde;467848
KIRKLARELİ;LÜLEBURGAZ;BÜYÜKKARIŞTIRAN - FATİH;KUYU SOKAK;sokak;325973
KIRKLARELİ;LÜLEBURGAZ;BÜYÜKKARIŞTIRAN - FATİH;MERT SOKAK;sokak;326700
KIRKLARELİ;LÜLEBURGAZ;BÜYÜKKARIŞTIRAN - FATİH;MURAT SOKAK;sokak;1025695
KIRKLARELİ;LÜLEBURGAZ;BÜYÜKKARIŞTIRAN - FATİH;OKUL SOKAK;sokak;325974
KIRKLARELİ;LÜLEBURGAZ;BÜYÜKKARIŞTIRAN - FATİH;PARSELLER SOKAK;sokak;466223
KIRKLARELİ;LÜLEBURGAZ;BÜYÜKKARIŞTIRAN - FATİH;PINAR SOKAK;sokak;325975
KIRKLARELİ;LÜLEBURGAZ;BÜYÜKKARIŞTIRAN - FATİH;SERİN SOKAK;sokak;1025916
KIRKLARELİ;LÜLEBURGAZ;BÜYÜKKARIŞTIRAN - FATİH;SERT SOKAK;sokak;467847
KIRKLARELİ;LÜLEBURGAZ;BÜYÜKKARIŞTIRAN - FATİH;SÖĞÜTLÜ SOKAK;sokak;1310523
KIRKLARELİ;LÜLEBURGAZ;BÜYÜKKARIŞTIRAN - FATİH;ŞEN SOKAK;sokak;467845
KIRKLARELİ;LÜLEBURGAZ;BÜYÜKKARIŞTIRAN - FATİH;TAŞLI SOKAK;sokak;326696
KIRKLARELİ;LÜLEBURGAZ;BÜYÜKKARIŞTIRAN - FATİH;TEPE SOKAK;sokak;326697
KIRKLARELİ;LÜLEBURGAZ;BÜYÜKKARIŞTIRAN - FATİH;TERAZİ SOKAK;sokak;673067
KIRKLARELİ;LÜLEBURGAZ;BÜYÜKKARIŞTIRAN - FATİH;ULUS CADDE;cadde;326698
KIRKLARELİ;LÜLEBURGAZ;BÜYÜKKARIŞTIRAN - FATİH;UYGAR SOKAĞI SOKAK;sokak;683767
KIRKLARELİ;LÜLEBURGAZ;BÜYÜKKARIŞTIRAN - FATİH;YAMAÇ SOKAK;sokak;467846
KIRKLARELİ;LÜLEBURGAZ;BÜYÜKKARIŞTIRAN - FATİH;YAPRAK SOKAK;sokak;326699
KIRKLARELİ;LÜLEBURGAZ;BÜYÜKKARIŞTIRAN - FATİH;YAVUZ SOKAK;sokak;1025914
KIRKLARELİ;LÜLEBURGAZ;BÜYÜKKARIŞTIRAN - FATİH;YENİ SOKAK;sokak;325976
KIRKLARELİ;LÜLEBURGAZ;BÜYÜKKARIŞTIRAN - FATİH;YEŞİL SOKAK;sokak;1318405
KIRKLARELİ;LÜLEBURGAZ;BÜYÜKKARIŞTIRAN - FATİH;YÜCE SOKAK;sokak;1310541
KIRKLARELİ;LÜLEBURGAZ;BÜYÜKKARIŞTIRAN - KÜÇÜKKARIŞTIRAN;10 NOLU SOKAK;sokak;79096111
KIRKLARELİ;LÜLEBURGAZ;BÜYÜKKARIŞTIRAN - KÜÇÜKKARIŞTIRAN;11 NOLU SOKAK;sokak;252332551
KIRKLARELİ;LÜLEBURGAZ;BÜYÜKKARIŞTIRAN - KÜÇÜKKARIŞTIRAN;12 NOLU SOKAK;sokak;151443891
KIRKLARELİ;LÜLEBURGAZ;BÜYÜKKARIŞTIRAN - KÜÇÜKKARIŞTIRAN;13 NOLU SOKAK;sokak;324432931
KIRKLARELİ;LÜLEBURGAZ;BÜYÜKKARIŞTIRAN - KÜÇÜKKARIŞTIRAN;14 NOLU SOKAK;sokak;913513871
KIRKLARELİ;LÜLEBURGAZ;BÜYÜKKARIŞTIRAN - KÜÇÜKKARIŞTIRAN;15 NOLU SOKAK;sokak;843125291
KIRKLARELİ;LÜLEBURGAZ;BÜYÜKKARIŞTIRAN - KÜÇÜKKARIŞTIRAN;16 NOLU SOKAK;sokak;29065117
KIRKLARELİ;LÜLEBURGAZ;BÜYÜKKARIŞTIRAN - KÜÇÜKKARIŞTIRAN;17 NOLU SOKAK;sokak;13219779
KIRKLARELİ;LÜLEBURGAZ;BÜYÜKKARIŞTIRAN - KÜÇÜKKARIŞTIRAN;18 NOLU SOKAK;sokak;29350030
KIRKLARELİ;LÜLEBURGAZ;BÜYÜKKARIŞTIRAN - KÜÇÜKKARIŞTIRAN;19 NOLU SOKAK;sokak;716030621
KIRKLARELİ;LÜLEBURGAZ;BÜYÜKKARIŞTIRAN - KÜÇÜKKARIŞTIRAN;20 NOLU SOKAK;sokak;754689181
KIRKLARELİ;LÜLEBURGAZ;BÜYÜKKARIŞTIRAN - KÜÇÜKKARIŞTIRAN;21 NOLU SOKAK;sokak;36959963
KIRKLARELİ;LÜLEBURGAZ;BÜYÜKKARIŞTIRAN - KÜÇÜKKARIŞTIRAN;22 NOLU SOKAK;sokak;924538931
KIRKLARELİ;LÜLEBURGAZ;BÜYÜKKARIŞTIRAN - KÜÇÜKKARIŞTIRAN;23 NOLU SOKAK;sokak;272083391
KIRKLARELİ;LÜLEBURGAZ;BÜYÜKKARIŞTIRAN - KÜÇÜKKARIŞTIRAN;24 NOLU SOKAK;sokak;49400807
KIRKLARELİ;LÜLEBURGAZ;BÜYÜKKARIŞTIRAN - KÜÇÜKKARIŞTIRAN;25 NOLU SOKAK;sokak;52968179
KIRKLARELİ;LÜLEBURGAZ;BÜYÜKKARIŞTIRAN - KÜÇÜKKARIŞTIRAN;26 NOLU SOKAK;sokak;30280879
KIRKLARELİ;LÜLEBURGAZ;BÜYÜKKARIŞTIRAN - KÜÇÜKKARIŞTIRAN;27 NOLU SOKAK;sokak;17315037
KIRKLARELİ;LÜLEBURGAZ;BÜYÜKKARIŞTIRAN - KÜÇÜKKARIŞTIRAN;28 NOLU SOKAK;sokak;40964629
KIRKLARELİ;LÜLEBURGAZ;BÜYÜKKARIŞTIRAN - KÜÇÜKKARIŞTIRAN;3 NOLU SOKAK;sokak;180802261
KIRKLARELİ;LÜLEBURGAZ;BÜYÜKKARIŞTIRAN - KÜÇÜKKARIŞTIRAN;30 NOLU SOKAK;sokak;709040321
KIRKLARELİ;LÜLEBURGAZ;BÜYÜKKARIŞTIRAN - KÜÇÜKKARIŞTIRAN;32 NOLU SOKAK;sokak;15150550
KIRKLARELİ;LÜLEBURGAZ;BÜYÜKKARIŞTIRAN - KÜÇÜKKARIŞTIRAN;33 NOLU SOKAK;sokak;494916241
KIRKLARELİ;LÜLEBURGAZ;BÜYÜKKARIŞTIRAN - KÜÇÜKKARIŞTIRAN;35 NOLU SOKAK;sokak;52943255
KIRKLARELİ;LÜLEBURGAZ;BÜYÜKKARIŞTIRAN - KÜÇÜKKARIŞTIRAN;36 NOLU SOKAK;sokak;689314921
KIRKLARELİ;LÜLEBURGAZ;BÜYÜKKARIŞTIRAN - KÜÇÜKKARIŞTIRAN;37 NOLU SOKAK;sokak;69034635
KIRKLARELİ;LÜLEBURGAZ;BÜYÜKKARIŞTIRAN - KÜÇÜKKARIŞTIRAN;38 NOLU SOKAK;sokak;260468211
KIRKLARELİ;LÜLEBURGAZ;BÜYÜKKARIŞTIRAN - KÜÇÜKKARIŞTIRAN;39 NOLU SOKAK;sokak;97191712
KIRKLARELİ;LÜLEBURGAZ;BÜYÜKKARIŞTIRAN - KÜÇÜKKARIŞTIRAN;4 NOLU SOKAK;sokak;304634671
KIRKLARELİ;LÜLEBURGAZ;BÜYÜKKARIŞTIRAN - KÜÇÜKKARIŞTIRAN;40 NOLU SOKAK;sokak;42865451
KIRKLARELİ;LÜLEBURGAZ;BÜYÜKKARIŞTIRAN - KÜÇÜKKARIŞTIRAN;41 NOLU SOKAK;sokak;699774111
KIRKLARELİ;LÜLEBURGAZ;BÜYÜKKARIŞTIRAN - KÜÇÜKKARIŞTIRAN;42 NOLU SOKAK;sokak;827387251
KIRKLARELİ;LÜLEBURGAZ;BÜYÜKKARIŞTIRAN - KÜÇÜKKARIŞTIRAN;43 NOLU SOKAK;sokak;169572011
KIRKLARELİ;LÜLEBURGAZ;BÜYÜKKARIŞTIRAN - KÜÇÜKKARIŞTIRAN;44 NOLU SOKAK;sokak;349096711
KIRKLARELİ;LÜLEBURGAZ;BÜYÜKKARIŞTIRAN - KÜÇÜKKARIŞTIRAN;45 NOLU SOKAK;sokak;572410931
KIRKLARELİ;LÜLEBURGAZ;BÜYÜKKARIŞTIRAN - KÜÇÜKKARIŞTIRAN;46 NOLU SOKAK;sokak;101080171
KIRKLARELİ;LÜLEBURGAZ;BÜYÜKKARIŞTIRAN - KÜÇÜKKARIŞTIRAN;47 NOLU SOKAK;sokak;806849701
KIRKLARELİ;LÜLEBURGAZ;BÜYÜKKARIŞTIRAN - KÜÇÜKKARIŞTIRAN;48 NOLU SOKAK;sokak;181003621
KIRKLARELİ;LÜLEBURGAZ;BÜYÜKKARIŞTIRAN - KÜÇÜKKARIŞTIRAN;49 NOLU SOKAK;sokak;388921621
KIRKLARELİ;LÜLEBURGAZ;BÜYÜKKARIŞTIRAN - KÜÇÜKKARIŞTIRAN;5 NOLU SOKAK;sokak;465703961
KIRKLARELİ;LÜLEBURGAZ;BÜYÜKKARIŞTIRAN - KÜÇÜKKARIŞTIRAN;50 NOLU SOKAK;sokak;114496421
KIRKLARELİ;LÜLEBURGAZ;BÜYÜKKARIŞTIRAN - KÜÇÜKKARIŞTIRAN;51 NOLU SOKAK;sokak;822675351
KIRKLARELİ;LÜLEBURGAZ;BÜYÜKKARIŞTIRAN - KÜÇÜKKARIŞTIRAN;52 NOLU SOKAK;sokak;471255211
KIRKLARELİ;LÜLEBURGAZ;BÜYÜKKARIŞTIRAN - KÜÇÜKKARIŞTIRAN;53 NOLU SOKAK;sokak;251281581
KIRKLARELİ;LÜLEBURGAZ;BÜYÜKKARIŞTIRAN - KÜÇÜKKARIŞTIRAN;54 NOLU SOKAK;sokak;571923611
KIRKLARELİ;LÜLEBURGAZ;BÜYÜKKARIŞTIRAN - KÜÇÜKKARIŞTIRAN;55 NOLU SOKAK;sokak;846573861
KIRKLARELİ;LÜLEBURGAZ;BÜYÜKKARIŞTIRAN - KÜÇÜKKARIŞTIRAN;6 NOLU SOKAK;sokak;42868018
KIRKLARELİ;LÜLEBURGAZ;BÜYÜKKARIŞTIRAN - KÜÇÜKKARIŞTIRAN;7 NOLU SOKAK;sokak;709664031
KIRKLARELİ;LÜLEBURGAZ;BÜYÜKKARIŞTIRAN - KÜÇÜKKARIŞTIRAN;9 NOLU SOKAK;sokak;73529620
KIRKLARELİ;LÜLEBURGAZ;BÜYÜKKARIŞTIRAN - KÜÇÜKKARIŞTIRAN;AZİZ SANCAR CADDE;cadde;65288003
KIRKLARELİ;LÜLEBURGAZ;BÜYÜKKARIŞTIRAN - KÜÇÜKKARIŞTIRAN;D-100 KARAYOLU CADDE;cadde;351673601
KIRKLARELİ;LÜLEBURGAZ;BÜYÜKKARIŞTIRAN - KÜÇÜKKARIŞTIRAN;HASAN TAHSİN CADDE;cadde;853861671
KIRKLARELİ;LÜLEBURGAZ;BÜYÜKKARIŞTIRAN - KÜÇÜKKARIŞTIRAN;HASAN TAHSİN CD. CADDE;cadde;231498911
KIRKLARELİ;LÜLEBURGAZ;BÜYÜKKARIŞTIRAN - KÜÇÜKKARIŞTIRAN;MİMAR SİNAN CADDE;cadde;389297901
KIRKLARELİ;LÜLEBURGAZ;BÜYÜKKARIŞTIRAN - KÜÇÜKKARIŞTIRAN;NAİM SÜLEYMANOĞLU CADDE;cadde;29347374
KIRKLARELİ;LÜLEBURGAZ;BÜYÜKKARIŞTIRAN - KÜÇÜKKARIŞTIRAN;NAZIM HİKMET RAN CADDE;cadde;36947638
KIRKLARELİ;LÜLEBURGAZ;BÜYÜKKARIŞTIRAN - KÜÇÜKKARIŞTIRAN;TÜRKAN SAYLAN CADDE;cadde;350823381
KIRKLARELİ;LÜLEBURGAZ;BÜYÜKKARIŞTIRAN - KÜÇÜKKARIŞTIRAN;UĞUR MUMCU CADDE;cadde;75657718
KIRKLARELİ;LÜLEBURGAZ;BÜYÜKKARIŞTIRAN - YENİ;1. SOKAK;sokak;944871540
KIRKLARELİ;LÜLEBURGAZ;BÜYÜKKARIŞTIRAN - YENİ;10 SOKAK;sokak;627080780
KIRKLARELİ;LÜLEBURGAZ;BÜYÜKKARIŞTIRAN - YENİ;11 SOKAK;sokak;231798640
KIRKLARELİ;LÜLEBURGAZ;BÜYÜKKARIŞTIRAN - YENİ;12. SOKAK;sokak;308515620
KIRKLARELİ;LÜLEBURGAZ;BÜYÜKKARIŞTIRAN - YENİ;122. CADDE;cadde;917285760
KIRKLARELİ;LÜLEBURGAZ;BÜYÜKKARIŞTIRAN - YENİ;13 SOKAK;sokak;517552540
KIRKLARELİ;LÜLEBURGAZ;BÜYÜKKARIŞTIRAN - YENİ;14 SOKAK;sokak;490693210
KIRKLARELİ;LÜLEBURGAZ;BÜYÜKKARIŞTIRAN - YENİ;146 SOKAK;sokak;1331269
KIRKLARELİ;LÜLEBURGAZ;BÜYÜKKARIŞTIRAN - YENİ;147 SOKAK;sokak;1331279
KIRKLARELİ;LÜLEBURGAZ;BÜYÜKKARIŞTIRAN - YENİ;148. SOKAK;sokak;756316630
KIRKLARELİ;LÜLEBURGAZ;BÜYÜKKARIŞTIRAN - YENİ;15 SOKAK;sokak;132266000
KIRKLARELİ;LÜLEBURGAZ;BÜYÜKKARIŞTIRAN - YENİ;150 SOKAK;sokak;1331307
KIRKLARELİ;LÜLEBURGAZ;BÜYÜKKARIŞTIRAN - YENİ;2. SOKAK;sokak;749957050
KIRKLARELİ;LÜLEBURGAZ;BÜYÜKKARIŞTIRAN - YENİ;210. SOKAK;sokak;626138640
KIRKLARELİ;LÜLEBURGAZ;BÜYÜKKARIŞTIRAN - YENİ;3 SOKAK;sokak;526120580
KIRKLARELİ;LÜLEBURGAZ;BÜYÜKKARIŞTIRAN - YENİ;301. SOKAK;sokak;917729471
KIRKLARELİ;LÜLEBURGAZ;BÜYÜKKARIŞTIRAN - YENİ;302. SOKAK;sokak;552976671
KIRKLARELİ;LÜLEBURGAZ;BÜYÜKKARIŞTIRAN - YENİ;304. SOKAK;sokak;214770390
KIRKLARELİ;LÜLEBURGAZ;BÜYÜKKARIŞTIRAN - YENİ;305. SOKAK;sokak;146412600
KIRKLARELİ;LÜLEBURGAZ;BÜYÜKKARIŞTIRAN - YENİ;306. SOKAK;sokak;707677021
KIRKLARELİ;LÜLEBURGAZ;BÜYÜKKARIŞTIRAN - YENİ;307. SOKAK;sokak;675406410
KIRKLARELİ;LÜLEBURGAZ;BÜYÜKKARIŞTIRAN - YENİ;308. SOKAK;sokak;710418671
KIRKLARELİ;LÜLEBURGAZ;BÜYÜKKARIŞTIRAN - YENİ;309. SOKAK;sokak;466170310
KIRKLARELİ;LÜLEBURGAZ;BÜYÜKKARIŞTIRAN - YENİ;310 KÜME EVLER;sokak;225257780
KIRKLARELİ;LÜLEBURGAZ;BÜYÜKKARIŞTIRAN - YENİ;4. SOKAK;sokak;918749740
KIRKLARELİ;LÜLEBURGAZ;BÜYÜKKARIŞTIRAN - YENİ;5. SOKAK;sokak;411006520
KIRKLARELİ;LÜLEBURGAZ;BÜYÜKKARIŞTIRAN - YENİ;6. SOKAK;sokak;247075800
KIRKLARELİ;LÜLEBURGAZ;BÜYÜKKARIŞTIRAN - YENİ;7. SOKAK;sokak;637929310
KIRKLARELİ;LÜLEBURGAZ;BÜYÜKKARIŞTIRAN - YENİ;8 NOLU SOKAK;sokak;436818081
KIRKLARELİ;LÜLEBURGAZ;BÜYÜKKARIŞTIRAN - YENİ;8. SOKAK;sokak;878610190
KIRKLARELİ;LÜLEBURGAZ;BÜYÜKKARIŞTIRAN - YENİ;9. SOKAK;sokak;703492870
KIRKLARELİ;LÜLEBURGAZ;BÜYÜKKARIŞTIRAN - YENİ;ATAK SOKAK;sokak;466225
KIRKLARELİ;LÜLEBURGAZ;BÜYÜKKARIŞTIRAN - YENİ;ATATÜRK CADDE;cadde;325981
KIRKLARELİ;LÜLEBURGAZ;BÜYÜKKARIŞTIRAN - YENİ;BAYIR SOKAK;sokak;325982
KIRKLARELİ;LÜLEBURGAZ;BÜYÜKKARIŞTIRAN - YENİ;BÜLBÜL SOKAK;sokak;466226
KIRKLARELİ;LÜLEBURGAZ;BÜYÜKKARIŞTIRAN - YENİ;CUMHURİYET CADDE;cadde;325983
KIRKLARELİ;LÜLEBURGAZ;BÜYÜKKARIŞTIRAN - YENİ;ÇAMLICA SOKAK;sokak;139277690
KIRKLARELİ;LÜLEBURGAZ;BÜYÜKKARIŞTIRAN - YENİ;ÇEŞME SOKAK;sokak;325980
KIRKLARELİ;LÜLEBURGAZ;BÜYÜKKARIŞTIRAN - YENİ;ÇEVİK SOKAK;sokak;466224
KIRKLARELİ;LÜLEBURGAZ;BÜYÜKKARIŞTIRAN - YENİ;D-100 KARAYOLU 1.YAN SOKAK;sokak;874148010
KIRKLARELİ;LÜLEBURGAZ;BÜYÜKKARIŞTIRAN - YENİ;D-100 KARAYOLU 2.YAN SOKAK;sokak;351534440
KIRKLARELİ;LÜLEBURGAZ;BÜYÜKKARIŞTIRAN - YENİ;D-100 KARAYOLU CADDE;cadde;824393
KIRKLARELİ;LÜLEBURGAZ;BÜYÜKKARIŞTIRAN - YENİ;D100 KARAYOLU CADDE;cadde;1403731
KIRKLARELİ;LÜLEBURGAZ;BÜYÜKKARIŞTIRAN - YENİ;ESKİ İSTANBUL CADDE;cadde;99394
KIRKLARELİ;LÜLEBURGAZ;BÜYÜKKARIŞTIRAN - YENİ;HAREM SOKAK;sokak;1318131
KIRKLARELİ;LÜLEBURGAZ;BÜYÜKKARIŞTIRAN - YENİ;HORHOR SOKAK;sokak;325978
KIRKLARELİ;LÜLEBURGAZ;BÜYÜKKARIŞTIRAN - YENİ;İNÖNÜ CADDE;cadde;325984
KIRKLARELİ;LÜLEBURGAZ;BÜYÜKKARIŞTIRAN - YENİ;KANARYA SOKAK;sokak;466227
KIRKLARELİ;LÜLEBURGAZ;BÜYÜKKARIŞTIRAN - YENİ;KAZIM DİRİK CADDE;cadde;325985
KIRKLARELİ;LÜLEBURGAZ;BÜYÜKKARIŞTIRAN - YENİ;KERVAN SOKAK;sokak;325986
KIRKLARELİ;LÜLEBURGAZ;BÜYÜKKARIŞTIRAN - YENİ;KIRLANGIÇ SOKAK;sokak;325979
KIRKLARELİ;LÜLEBURGAZ;BÜYÜKKARIŞTIRAN - YENİ;KUMRU SOKAK;sokak;1295005
KIRKLARELİ;LÜLEBURGAZ;BÜYÜKKARIŞTIRAN - YENİ;KÜLTÜR SOKAK;sokak;1318129
KIRKLARELİ;LÜLEBURGAZ;BÜYÜKKARIŞTIRAN - YENİ;MURATLI ASFALTI 1 CADDE;cadde;348248130
KIRKLARELİ;LÜLEBURGAZ;BÜYÜKKARIŞTIRAN - YENİ;MURATLI ASFALTI 2 CADDE;cadde;634150200
KIRKLARELİ;LÜLEBURGAZ;BÜYÜKKARIŞTIRAN - YENİ;MURATLI ASFALTI CADDE;cadde;35569334
KIRKLARELİ;LÜLEBURGAZ;BÜYÜKKARIŞTIRAN - YENİ;MURATLI ASFALTI YAN SOKAK;sokak;1403537
KIRKLARELİ;LÜLEBURGAZ;BÜYÜKKARIŞTIRAN - YENİ;OKULLAR SOKAK;sokak;1318109
KIRKLARELİ;LÜLEBURGAZ;BÜYÜKKARIŞTIRAN - YENİ;OSB D100 KARAYOLU CADDE;cadde;944319050
KIRKLARELİ;LÜLEBURGAZ;BÜYÜKKARIŞTIRAN - YENİ;PAZAR SOKAK;sokak;325987
KIRKLARELİ;LÜLEBURGAZ;BÜYÜKKARIŞTIRAN - YENİ;SARAY SOKAK;sokak;106127
KIRKLARELİ;LÜLEBURGAZ;BÜYÜKKARIŞTIRAN - YENİ;SEÇ SOKAK;sokak;1063507
KIRKLARELİ;LÜLEBURGAZ;BÜYÜKKARIŞTIRAN - YENİ;SERÇE SOKAK;sokak;466228
KIRKLARELİ;LÜLEBURGAZ;BÜYÜKKARIŞTIRAN - YENİ;SERT SOKAK;sokak;677728
KIRKLARELİ;LÜLEBURGAZ;BÜYÜKKARIŞTIRAN - YENİ;ULUS CADDE;cadde;614357070
KIRKLARELİ;LÜLEBURGAZ;BÜYÜKKARIŞTIRAN - YENİ;UYGAR SOKAK;sokak;325988
KIRKLARELİ;LÜLEBURGAZ;BÜYÜKKARIŞTIRAN - YILDIRIM;1 SOKAK;sokak;1317961
KIRKLARELİ;LÜLEBURGAZ;BÜYÜKKARIŞTIRAN - YILDIRIM;100 SOKAK;sokak;1311513
KIRKLARELİ;LÜLEBURGAZ;BÜYÜKKARIŞTIRAN - YILDIRIM;101 CADDE;cadde;1311525
KIRKLARELİ;LÜLEBURGAZ;BÜYÜKKARIŞTIRAN - YILDIRIM;102 SOKAK;sokak;1311195
KIRKLARELİ;LÜLEBURGAZ;BÜYÜKKARIŞTIRAN - YILDIRIM;103 SOKAK;sokak;1311113
KIRKLARELİ;LÜLEBURGAZ;BÜYÜKKARIŞTIRAN - YILDIRIM;104 SOKAK;sokak;1310869
KIRKLARELİ;LÜLEBURGAZ;BÜYÜKKARIŞTIRAN - YILDIRIM;106 SOKAK;sokak;1311521
KIRKLARELİ;LÜLEBURGAZ;BÜYÜKKARIŞTIRAN - YILDIRIM;107 SOKAK;sokak;1310415
KIRKLARELİ;LÜLEBURGAZ;BÜYÜKKARIŞTIRAN - YILDIRIM;108 SOKAK;sokak;1267349
KIRKLARELİ;LÜLEBURGAZ;BÜYÜKKARIŞTIRAN - YILDIRIM;109 SOKAK;sokak;1311529
KIRKLARELİ;LÜLEBURGAZ;BÜYÜKKARIŞTIRAN - YILDIRIM;110 SOKAK;sokak;1310537
KIRKLARELİ;LÜLEBURGAZ;BÜYÜKKARIŞTIRAN - YILDIRIM;111 SOKAK;sokak;1310443
KIRKLARELİ;LÜLEBURGAZ;BÜYÜKKARIŞTIRAN - YILDIRIM;112 SOKAK;sokak;1310599
KIRKLARELİ;LÜLEBURGAZ;BÜYÜKKARIŞTIRAN - YILDIRIM;113. SOKAK;sokak;724417281
KIRKLARELİ;LÜLEBURGAZ;BÜYÜKKARIŞTIRAN - YILDIRIM;114. SOKAK;sokak;136787271
KIRKLARELİ;LÜLEBURGAZ;BÜYÜKKARIŞTIRAN - YILDIRIM;115 SOKAK;sokak;532036181
KIRKLARELİ;LÜLEBURGAZ;BÜYÜKKARIŞTIRAN - YILDIRIM;116. SOKAK;sokak;427799671
KIRKLARELİ;LÜLEBURGAZ;BÜYÜKKARIŞTIRAN - YILDIRIM;117. SOKAK;sokak;725817961
KIRKLARELİ;LÜLEBURGAZ;BÜYÜKKARIŞTIRAN - YILDIRIM;118. SOKAK;sokak;154736630
KIRKLARELİ;LÜLEBURGAZ;BÜYÜKKARIŞTIRAN - YILDIRIM;119. SOKAK;sokak;649719550
KIRKLARELİ;LÜLEBURGAZ;BÜYÜKKARIŞTIRAN - YILDIRIM;120. SOKAK;sokak;258228420
KIRKLARELİ;LÜLEBURGAZ;BÜYÜKKARIŞTIRAN - YILDIRIM;121. SOKAK;sokak;365399140
KIRKLARELİ;LÜLEBURGAZ;BÜYÜKKARIŞTIRAN - YILDIRIM;122. CADDE;cadde;917285761
KIRKLARELİ;LÜLEBURGAZ;BÜYÜKKARIŞTIRAN - YILDIRIM;123. SOKAK;sokak;414170721
KIRKLARELİ;LÜLEBURGAZ;BÜYÜKKARIŞTIRAN - YILDIRIM;124 SOKAK;sokak;466231
KIRKLARELİ;LÜLEBURGAZ;BÜYÜKKARIŞTIRAN - YILDIRIM;125. SOKAK;sokak;353871090
KIRKLARELİ;LÜLEBURGAZ;BÜYÜKKARIŞTIRAN - YILDIRIM;126. SOKAK;sokak;626072391
KIRKLARELİ;LÜLEBURGAZ;BÜYÜKKARIŞTIRAN - YILDIRIM;127. SOKAK;sokak;532350080
KIRKLARELİ;LÜLEBURGAZ;BÜYÜKKARIŞTIRAN - YILDIRIM;134 SOKAK;sokak;1311601
KIRKLARELİ;LÜLEBURGAZ;BÜYÜKKARIŞTIRAN - YILDIRIM;135 SOKAK;sokak;1272103
KIRKLARELİ;LÜLEBURGAZ;BÜYÜKKARIŞTIRAN - YILDIRIM;136 SOKAK;sokak;1271539
KIRKLARELİ;LÜLEBURGAZ;BÜYÜKKARIŞTIRAN - YILDIRIM;137 SOKAK;sokak;1311547
KIRKLARELİ;LÜLEBURGAZ;BÜYÜKKARIŞTIRAN - YILDIRIM;138 SOKAK;sokak;1311549
KIRKLARELİ;LÜLEBURGAZ;BÜYÜKKARIŞTIRAN - YILDIRIM;139 SOKAK;sokak;1311585
KIRKLARELİ;LÜLEBURGAZ;BÜYÜKKARIŞTIRAN - YILDIRIM;140. SOKAK;sokak;282284190
KIRKLARELİ;LÜLEBURGAZ;BÜYÜKKARIŞTIRAN - YILDIRIM;141. SOKAK;sokak;441539890
KIRKLARELİ;LÜLEBURGAZ;BÜYÜKKARIŞTIRAN - YILDIRIM;142. SOKAK;sokak;313766350
KIRKLARELİ;LÜLEBURGAZ;BÜYÜKKARIŞTIRAN - YILDIRIM;143. SOKAK;sokak;974325790
KIRKLARELİ;LÜLEBURGAZ;BÜYÜKKARIŞTIRAN - YILDIRIM;144. SOKAK;sokak;285031260
KIRKLARELİ;LÜLEBURGAZ;BÜYÜKKARIŞTIRAN - YILDIRIM;145. SOKAK;sokak;635942460
KIRKLARELİ;LÜLEBURGAZ;BÜYÜKKARIŞTIRAN - YILDIRIM;146. SOKAK;sokak;380352750
KIRKLARELİ;LÜLEBURGAZ;BÜYÜKKARIŞTIRAN - YILDIRIM;147. SOKAK;sokak;963107190
KIRKLARELİ;LÜLEBURGAZ;BÜYÜKKARIŞTIRAN - YILDIRIM;148. SOKAK;sokak;145539110
KIRKLARELİ;LÜLEBURGAZ;BÜYÜKKARIŞTIRAN - YILDIRIM;149. SOKAK;sokak;210194270
KIRKLARELİ;LÜLEBURGAZ;BÜYÜKKARIŞTIRAN - YILDIRIM;150. SOKAK;sokak;969052370
KIRKLARELİ;LÜLEBURGAZ;BÜYÜKKARIŞTIRAN - YILDIRIM;151. SOKAK;sokak;353057700
KIRKLARELİ;LÜLEBURGAZ;BÜYÜKKARIŞTIRAN - YILDIRIM;152. SOKAK;sokak;864475210
KIRKLARELİ;LÜLEBURGAZ;BÜYÜKKARIŞTIRAN - YILDIRIM;153. CADDE;cadde;275017740
KIRKLARELİ;LÜLEBURGAZ;BÜYÜKKARIŞTIRAN - YILDIRIM;154. SOKAK;sokak;364099440
KIRKLARELİ;LÜLEBURGAZ;BÜYÜKKARIŞTIRAN - YILDIRIM;155. SOKAK;sokak;322149420
KIRKLARELİ;LÜLEBURGAZ;BÜYÜKKARIŞTIRAN - YILDIRIM;156. SOKAK;sokak;785477910
KIRKLARELİ;LÜLEBURGAZ;BÜYÜKKARIŞTIRAN - YILDIRIM;2 SOKAK;sokak;1317973
KIRKLARELİ;LÜLEBURGAZ;BÜYÜKKARIŞTIRAN - YILDIRIM;AÇELYA SOKAK;sokak;488490
KIRKLARELİ;LÜLEBURGAZ;BÜYÜKKARIŞTIRAN - YILDIRIM;ATATÜRK CADDE;cadde;469206
KIRKLARELİ;LÜLEBURGAZ;BÜYÜKKARIŞTIRAN - YILDIRIM;BATAK SOKAK;sokak;493106
KIRKLARELİ;LÜLEBURGAZ;BÜYÜKKARIŞTIRAN - YILDIRIM;BULUT SOKAK;sokak;325999
KIRKLARELİ;LÜLEBURGAZ;BÜYÜKKARIŞTIRAN - YILDIRIM;CİHAN SOKAK;sokak;701592
KIRKLARELİ;LÜLEBURGAZ;BÜYÜKKARIŞTIRAN - YILDIRIM;CUMHURİYET CADDE;cadde;326003
KIRKLARELİ;LÜLEBURGAZ;BÜYÜKKARIŞTIRAN - YILDIRIM;ÇAM SOKAK;sokak;325991
KIRKLARELİ;LÜLEBURGAZ;BÜYÜKKARIŞTIRAN - YILDIRIM;ÇAMUR SOKAK;sokak;1318079
KIRKLARELİ;LÜLEBURGAZ;BÜYÜKKARIŞTIRAN - YILDIRIM;ÇARK SOKAK;sokak;701594
KIRKLARELİ;LÜLEBURGAZ;BÜYÜKKARIŞTIRAN - YILDIRIM;ÇAYIR SOKAK;sokak;701595
KIRKLARELİ;LÜLEBURGAZ;BÜYÜKKARIŞTIRAN - YILDIRIM;ÇINAR SOKAK;sokak;326009
KIRKLARELİ;LÜLEBURGAZ;BÜYÜKKARIŞTIRAN - YILDIRIM;ÇİFTLİK SOKAK;sokak;326008
KIRKLARELİ;LÜLEBURGAZ;BÜYÜKKARIŞTIRAN - YILDIRIM;ÇİĞDEM SOKAK;sokak;466230
KIRKLARELİ;LÜLEBURGAZ;BÜYÜKKARIŞTIRAN - YILDIRIM;D-100 KARAYOLU CADDE;cadde;524360781
KIRKLARELİ;LÜLEBURGAZ;BÜYÜKKARIŞTIRAN - YILDIRIM;DEĞİRMEN SOKAK;sokak;325993
KIRKLARELİ;LÜLEBURGAZ;BÜYÜKKARIŞTIRAN - YILDIRIM;GAZİ SOKAK;sokak;703488
KIRKLARELİ;LÜLEBURGAZ;BÜYÜKKARIŞTIRAN - YILDIRIM;GEÇİT SOKAK;sokak;419384
KIRKLARELİ;LÜLEBURGAZ;BÜYÜKKARIŞTIRAN - YILDIRIM;GÜL SOKAK;sokak;325994
KIRKLARELİ;LÜLEBURGAZ;BÜYÜKKARIŞTIRAN - YILDIRIM;GÜNEŞ SOKAK;sokak;469205
KIRKLARELİ;LÜLEBURGAZ;BÜYÜKKARIŞTIRAN - YILDIRIM;GÜRGEN SOKAK;sokak;326010
KIRKLARELİ;LÜLEBURGAZ;BÜYÜKKARIŞTIRAN - YILDIRIM;GÜZERGAH SOKAK;sokak;1318081
KIRKLARELİ;LÜLEBURGAZ;BÜYÜKKARIŞTIRAN - YILDIRIM;HAN SOKAK;sokak;469207
KIRKLARELİ;LÜLEBURGAZ;BÜYÜKKARIŞTIRAN - YILDIRIM;HANIMELİ SOKAK;sokak;700989
KIRKLARELİ;LÜLEBURGAZ;BÜYÜKKARIŞTIRAN - YILDIRIM;KARAAĞAÇ SOKAK;sokak;326000
KIRKLARELİ;LÜLEBURGAZ;BÜYÜKKARIŞTIRAN - YILDIRIM;KARANFİL SOKAK;sokak;829380
KIRKLARELİ;LÜLEBURGAZ;BÜYÜKKARIŞTIRAN - YILDIRIM;KAVŞAK MEYDAN;sokak;966025940
KIRKLARELİ;LÜLEBURGAZ;BÜYÜKKARIŞTIRAN - YILDIRIM;KAYIN SOKAK;sokak;326011
KIRKLARELİ;LÜLEBURGAZ;BÜYÜKKARIŞTIRAN - YILDIRIM;KENAR SOKAK;sokak;693834
KIRKLARELİ;LÜLEBURGAZ;BÜYÜKKARIŞTIRAN - YILDIRIM;KINALI SOKAK;sokak;95380
KIRKLARELİ;LÜLEBURGAZ;BÜYÜKKARIŞTIRAN - YILDIRIM;KIZILAY CADDE;cadde;326012
KIRKLARELİ;LÜLEBURGAZ;BÜYÜKKARIŞTIRAN - YILDIRIM;KÖKNAR SOKAK;sokak;326001
KIRKLARELİ;LÜLEBURGAZ;BÜYÜKKARIŞTIRAN - YILDIRIM;KÖŞE SOKAK;sokak;493092
KIRKLARELİ;LÜLEBURGAZ;BÜYÜKKARIŞTIRAN - YILDIRIM;KULELER CADDE;cadde;326007
KIRKLARELİ;LÜLEBURGAZ;BÜYÜKKARIŞTIRAN - YILDIRIM;KÜÇÜK SOKAK;sokak;280905
KIRKLARELİ;LÜLEBURGAZ;BÜYÜKKARIŞTIRAN - YILDIRIM;LALE SOKAK;sokak;326002
KIRKLARELİ;LÜLEBURGAZ;BÜYÜKKARIŞTIRAN - YILDIRIM;MANOLYA SOKAK;sokak;325995
KIRKLARELİ;LÜLEBURGAZ;BÜYÜKKARIŞTIRAN - YILDIRIM;MENEKŞE SOKAK;sokak;325996
KIRKLARELİ;LÜLEBURGAZ;BÜYÜKKARIŞTIRAN - YILDIRIM;MEŞE SOKAK;sokak;814977
KIRKLARELİ;LÜLEBURGAZ;BÜYÜKKARIŞTIRAN - YILDIRIM;OVA SOKAK;sokak;325997
KIRKLARELİ;LÜLEBURGAZ;BÜYÜKKARIŞTIRAN - YILDIRIM;PALMİYE SOKAK;sokak;469204
KIRKLARELİ;LÜLEBURGAZ;BÜYÜKKARIŞTIRAN - YILDIRIM;PAPATYA SOKAK;sokak;325992
KIRKLARELİ;LÜLEBURGAZ;BÜYÜKKARIŞTIRAN - YILDIRIM;PARK SOKAK;sokak;326006
KIRKLARELİ;LÜLEBURGAZ;BÜYÜKKARIŞTIRAN - YILDIRIM;PAZAR SOKAK;sokak;466229
KIRKLARELİ;LÜLEBURGAZ;BÜYÜKKARIŞTIRAN - YILDIRIM;SARMAŞIK SOKAK;sokak;1318095
KIRKLARELİ;LÜLEBURGAZ;BÜYÜKKARIŞTIRAN - YILDIRIM;SEÇKİN SOKAK;sokak;492590
KIRKLARELİ;LÜLEBURGAZ;BÜYÜKKARIŞTIRAN - YILDIRIM;SELVİ SOKAK;sokak;326004
KIRKLARELİ;LÜLEBURGAZ;BÜYÜKKARIŞTIRAN - YILDIRIM;SPOR SOKAK;sokak;325989
KIRKLARELİ;LÜLEBURGAZ;BÜYÜKKARIŞTIRAN - YILDIRIM;TARLALAR SOKAK;sokak;325990
KIRKLARELİ;LÜLEBURGAZ;BÜYÜKKARIŞTIRAN - YILDIRIM;ULUS CADDE;cadde;422336011
KIRKLARELİ;LÜLEBURGAZ;BÜYÜKKARIŞTIRAN - YILDIRIM;YAĞMUR SOKAK;sokak;466232
KIRKLARELİ;LÜLEBURGAZ;BÜYÜKKARIŞTIRAN - YILDIRIM;YEŞİLAY SOKAK;sokak;325998
KIRKLARELİ;LÜLEBURGAZ;BÜYÜKKARIŞTIRAN - YILDIRIM;YILDIZ SOKAK;sokak;326005
KIRKLARELİ;LÜLEBURGAZ;BÜYÜKKARIŞTIRAN - YILDIRIM;ZAFER SOKAK;sokak;264007
KIRKLARELİ;LÜLEBURGAZ;BÜYÜKKARIŞTIRAN - YILDIRIM;ZÜBEYDE HANIM CADDE;cadde;343732661
KIRKLARELİ;LÜLEBURGAZ;CELALİYE NA;CELALİYE KÜME EVLER;sokak;687750
KIRKLARELİ;LÜLEBURGAZ;CELALİYE NA;KÖY BAĞLANTI YOLU KÜME EVLER;sokak;600242540
KIRKLARELİ;LÜLEBURGAZ;CEYLANKÖY NA;CEYLANKÖY KÜME EVLER;sokak;544580
KIRKLARELİ;LÜLEBURGAZ;CUMHURİYET;ADEM SOKAK;sokak;423733
KIRKLARELİ;LÜLEBURGAZ;CUMHURİYET;AHMET AKSU SOKAK;sokak;297504
KIRKLARELİ;LÜLEBURGAZ;CUMHURİYET;ALİ RAHMİ SOKAK;sokak;297505
KIRKLARELİ;LÜLEBURGAZ;CUMHURİYET;ASKER SOKAK;sokak;423730
KIRKLARELİ;LÜLEBURGAZ;CUMHURİYET;BALKAN CADDE;cadde;1290793
KIRKLARELİ;LÜLEBURGAZ;CUMHURİYET;ÇELEBİ SOKAK;sokak;297506
KIRKLARELİ;LÜLEBURGAZ;CUMHURİYET;DARCAN SOKAK;sokak;297507
KIRKLARELİ;LÜLEBURGAZ;CUMHURİYET;EDA SOKAK;sokak;297508
KIRKLARELİ;LÜLEBURGAZ;CUMHURİYET;EMRULLAH EFENDİ 1.ARA SOKAK;sokak;297510
KIRKLARELİ;LÜLEBURGAZ;CUMHURİYET;EMRULLAH EFENDİ 2.ARA SOKAK;sokak;297511
KIRKLARELİ;LÜLEBURGAZ;CUMHURİYET;EMRULLAH EFENDİ 3.ARA SOKAK;sokak;297512
KIRKLARELİ;LÜLEBURGAZ;CUMHURİYET;EMRULLAH EFENDİ 4.ARA SOKAK;sokak;297513
KIRKLARELİ;LÜLEBURGAZ;CUMHURİYET;EMRULLAH EFENDİ CADDE;cadde;297509
KIRKLARELİ;LÜLEBURGAZ;CUMHURİYET;EREN SOKAK;sokak;297514
KIRKLARELİ;LÜLEBURGAZ;CUMHURİYET;ESİNTİ SOKAK;sokak;297515
KIRKLARELİ;LÜLEBURGAZ;CUMHURİYET;EYLÜL SOKAK;sokak;423729
KIRKLARELİ;LÜLEBURGAZ;CUMHURİYET;GÖÇMEN 2. SOKAK;sokak;297517
KIRKLARELİ;LÜLEBURGAZ;CUMHURİYET;GÖÇMEN SOKAK;sokak;297516
KIRKLARELİ;LÜLEBURGAZ;CUMHURİYET;GÜL 1. SOKAK;sokak;297518
KIRKLARELİ;LÜLEBURGAZ;CUMHURİYET;GÜLMEZ SOKAK;sokak;297519
KIRKLARELİ;LÜLEBURGAZ;CUMHURİYET;IHLAMUR SOKAK;sokak;297520
KIRKLARELİ;LÜLEBURGAZ;CUMHURİYET;KANARYA 1. SOKAK;sokak;297521
KIRKLARELİ;LÜLEBURGAZ;CUMHURİYET;KARTAL SOKAK;sokak;297522
KIRKLARELİ;LÜLEBURGAZ;CUMHURİYET;KEMAL ERDOĞAN SOKAK;sokak;297551
KIRKLARELİ;LÜLEBURGAZ;CUMHURİYET;KURBAĞALI SOKAK;sokak;297552
KIRKLARELİ;LÜLEBURGAZ;CUMHURİYET;MALKOÇ CADDE;cadde;918336
KIRKLARELİ;LÜLEBURGAZ;CUMHURİYET;MENEKŞE 3. ARA SOKAK;sokak;297553
KIRKLARELİ;LÜLEBURGAZ;CUMHURİYET;NİLÜFER SOKAK;sokak;297554
KIRKLARELİ;LÜLEBURGAZ;CUMHURİYET;NİZAM SOKAK;sokak;423732
KIRKLARELİ;LÜLEBURGAZ;CUMHURİYET;OKUL 1. SOKAK;sokak;297555
KIRKLARELİ;LÜLEBURGAZ;CUMHURİYET;ORKİDE SOKAK;sokak;297556
KIRKLARELİ;LÜLEBURGAZ;CUMHURİYET;PINARHİSAR ASFALTI YOLU KÜME EVLER;sokak;384531
KIRKLARELİ;LÜLEBURGAZ;CUMHURİYET;SAKIZKÖY ARA SOKAK;sokak;295578
KIRKLARELİ;LÜLEBURGAZ;CUMHURİYET;SAKIZKÖY CADDE;cadde;297557
KIRKLARELİ;LÜLEBURGAZ;CUMHURİYET;SAKIZKÖY YOLU KÜME EVLER;sokak;1105642
KIRKLARELİ;LÜLEBURGAZ;CUMHURİYET;SILA SOKAK;sokak;295579
KIRKLARELİ;LÜLEBURGAZ;CUMHURİYET;SÜTÇÜ SOKAK;sokak;423728
KIRKLARELİ;LÜLEBURGAZ;CUMHURİYET;TESKERE SOKAK;sokak;423731
KIRKLARELİ;LÜLEBURGAZ;CUMHURİYET;TURGUTBEY 3. SOKAK;sokak;918338
KIRKLARELİ;LÜLEBURGAZ;CUMHURİYET;TURGUTBEY CADDE;cadde;295580
KIRKLARELİ;LÜLEBURGAZ;CUMHURİYET;UMUTLU SOKAK;sokak;295581
KIRKLARELİ;LÜLEBURGAZ;CUMHURİYET;YAĞMUR SOKAK;sokak;295582
KIRKLARELİ;LÜLEBURGAZ;CUMHURİYET;YENİCE CADDE;cadde;295583
KIRKLARELİ;LÜLEBURGAZ;CUMHURİYET;YONCA SOKAK;sokak;295584
KIRKLARELİ;LÜLEBURGAZ;CUMHURİYET;ZAFER CADDE;cadde;295585
KIRKLARELİ;LÜLEBURGAZ;ÇENGELLİ NA;ÇENGELLİ KÜME EVLER;sokak;528119
KIRKLARELİ;LÜLEBURGAZ;ÇEŞMEKOLU NA;ÇEŞMEKOLU KÜME EVLER;sokak;542028
KIRKLARELİ;LÜLEBURGAZ;ÇİFTLİKKÖY NA;ÇİFTLİKKÖY KÜME EVLER;sokak;654874
KIRKLARELİ;LÜLEBURGAZ;DAVUTLU NA;DAVUTLU KÜME EVLER;sokak;542665
KIRKLARELİ;LÜLEBURGAZ;DERE;19 MAYIS CADDE;cadde;755248350
KIRKLARELİ;LÜLEBURGAZ;DERE;23 NİSAN CADDE;cadde;796604
KIRKLARELİ;LÜLEBURGAZ;DERE;29 EKİM CADDE;cadde;936958230
KIRKLARELİ;LÜLEBURGAZ;DERE;30 AĞUSTOS CADDE;cadde;513028590
KIRKLARELİ;LÜLEBURGAZ;DERE;AVCI SOKAK;sokak;222677
KIRKLARELİ;LÜLEBURGAZ;DERE;AYVALI 1. SOKAK;sokak;222679
KIRKLARELİ;LÜLEBURGAZ;DERE;AYVALI SOKAK;sokak;222678
KIRKLARELİ;LÜLEBURGAZ;DERE;BAHÇELER 3. ARA SOKAK;sokak;222680
KIRKLARELİ;LÜLEBURGAZ;DERE;BEYAZ SOKAK;sokak;172657601
KIRKLARELİ;LÜLEBURGAZ;DERE;BORDO SOKAK;sokak;961119191
KIRKLARELİ;LÜLEBURGAZ;DERE;CAMİ ARA SOKAK;sokak;222681
KIRKLARELİ;LÜLEBURGAZ;DERE;CEYLANLAR ARKASI KÜME EVLER;sokak;384477
KIRKLARELİ;LÜLEBURGAZ;DERE;CUMHURİYET CADDE;cadde;164939420
KIRKLARELİ;LÜLEBURGAZ;DERE;DERE SOKAK;sokak;222682
KIRKLARELİ;LÜLEBURGAZ;DERE;EDİRNE ASFALTI KÜME EVLER;sokak;455382040
KIRKLARELİ;LÜLEBURGAZ;DERE;EDİRNE CADDE;cadde;222683
KIRKLARELİ;LÜLEBURGAZ;DERE;EFLATUN SOKAK;sokak;337255241
KIRKLARELİ;LÜLEBURGAZ;DERE;ESKİ CAMİ SOKAK;sokak;222684
KIRKLARELİ;LÜLEBURGAZ;DERE;ESKİ PTT SOKAK;sokak;222685
KIRKLARELİ;LÜLEBURGAZ;DERE;FIRIN SOKAK;sokak;222686
KIRKLARELİ;LÜLEBURGAZ;DERE;GAZ DEĞİRMENİ SOKAK;sokak;222687
KIRKLARELİ;LÜLEBURGAZ;DERE;GRİ SOKAK;sokak;223421580
KIRKLARELİ;LÜLEBURGAZ;DERE;HAKİ SOKAK;sokak;750814301
KIRKLARELİ;LÜLEBURGAZ;DERE;HAMAM SOKAK;sokak;222688
KIRKLARELİ;LÜLEBURGAZ;DERE;HARDAL SOKAK;sokak;967537281
KIRKLARELİ;LÜLEBURGAZ;DERE;HAVA 1. SOKAK;sokak;223588
KIRKLARELİ;LÜLEBURGAZ;DERE;HAVA SOKAK;sokak;222689
KIRKLARELİ;LÜLEBURGAZ;DERE;KAHVERENGİ SOKAK;sokak;523431181
KIRKLARELİ;LÜLEBURGAZ;DERE;KIRMIZI SOKAK;sokak;650599660
KIRKLARELİ;LÜLEBURGAZ;DERE;KÖY YOLU KÜME EVLER;sokak;335865381
KIRKLARELİ;LÜLEBURGAZ;DERE;KREM SOKAK;sokak;921210861
KIRKLARELİ;LÜLEBURGAZ;DERE;KÜRKÇÜLER SOKAK;sokak;223589
KIRKLARELİ;LÜLEBURGAZ;DERE;LACİVERT SOKAK;sokak;185506401
KIRKLARELİ;LÜLEBURGAZ;DERE;LİLA SOKAK;sokak;286136361
KIRKLARELİ;LÜLEBURGAZ;DERE;MAVİ SOKAK;sokak;639974641
KIRKLARELİ;LÜLEBURGAZ;DERE;MERVE SOKAK;sokak;482772481
KIRKLARELİ;LÜLEBURGAZ;DERE;MOR SOKAK;sokak;576973771
KIRKLARELİ;LÜLEBURGAZ;DERE;MUMCULAR SOKAK;sokak;223590
KIRKLARELİ;LÜLEBURGAZ;DERE;MÜRDÜM SOKAK;sokak;302712581
KIRKLARELİ;LÜLEBURGAZ;DERE;OZAN SOKAK;sokak;223591
KIRKLARELİ;LÜLEBURGAZ;DERE;PEMBE SOKAK;sokak;47830260
KIRKLARELİ;LÜLEBURGAZ;DERE;SARI SOKAK;sokak;511302840
KIRKLARELİ;LÜLEBURGAZ;DERE;SET SOKAK;sokak;223592
KIRKLARELİ;LÜLEBURGAZ;DERE;SİYAH SOKAK;sokak;371411161
KIRKLARELİ;LÜLEBURGAZ;DERE;ŞEHİT PİYADE ÜST ÇAVUŞ GÖKHAN ÖZÜPEK CADDE;cadde;273025
KIRKLARELİ;LÜLEBURGAZ;DERE;T.P.A.O. KÜME EVLER;sokak;220027
KIRKLARELİ;LÜLEBURGAZ;DERE;TURKUAZ SOKAK;sokak;392657641
KIRKLARELİ;LÜLEBURGAZ;DERE;TURUNCU SOKAK;sokak;480396891
KIRKLARELİ;LÜLEBURGAZ;DERE;UĞUR MUMCU CADDE;cadde;384525
KIRKLARELİ;LÜLEBURGAZ;DURAK;AKASYA 1. SOKAK;sokak;222970
KIRKLARELİ;LÜLEBURGAZ;DURAK;AKIN 2. SOKAK;sokak;222971
KIRKLARELİ;LÜLEBURGAZ;DURAK;ALACAOĞLU 1.ARA SOKAK;sokak;222973
KIRKLARELİ;LÜLEBURGAZ;DURAK;ALACAOĞLU 2. ARA SOKAK;sokak;224223
KIRKLARELİ;LÜLEBURGAZ;DURAK;ALACAOĞLU 3.ARA SOKAK;sokak;422470
KIRKLARELİ;LÜLEBURGAZ;DURAK;ALACAOĞLU 4.ARA SOKAK;sokak;205845
KIRKLARELİ;LÜLEBURGAZ;DURAK;ALACAOĞLU 5.ARA SOKAK;sokak;214788
KIRKLARELİ;LÜLEBURGAZ;DURAK;ALACAOĞLU CADDE;cadde;222972
KIRKLARELİ;LÜLEBURGAZ;DURAK;ALACAOĞLU YOLU KÜME EVLER;sokak;826276
KIRKLARELİ;LÜLEBURGAZ;DURAK;ANIL 1. SOKAK;sokak;224219
KIRKLARELİ;LÜLEBURGAZ;DURAK;ASLAN SOKAK;sokak;224224
KIRKLARELİ;LÜLEBURGAZ;DURAK;AVCILAR 1.ARA SOKAK;sokak;222974
KIRKLARELİ;LÜLEBURGAZ;DURAK;AVCILAR 2.ARA SOKAK;sokak;222975
KIRKLARELİ;LÜLEBURGAZ;DURAK;AYÇİÇEK 1. SOKAK;sokak;224225
KIRKLARELİ;LÜLEBURGAZ;DURAK;BAĞLAR CAD. 1. ARA SOKAK;sokak;222886
KIRKLARELİ;LÜLEBURGAZ;DURAK;BAĞLAR CAD. 2. ARA SOKAK;sokak;218437
KIRKLARELİ;LÜLEBURGAZ;DURAK;BAĞLAR CAD. 3. ARA SOKAK;sokak;218436
KIRKLARELİ;LÜLEBURGAZ;DURAK;BAĞLAR CADDE;cadde;222885
KIRKLARELİ;LÜLEBURGAZ;DURAK;BAHÇELER 1.ARA SOKAK;sokak;222884
KIRKLARELİ;LÜLEBURGAZ;DURAK;BAHÇELER 2. ARA SOKAK;sokak;218438
KIRKLARELİ;LÜLEBURGAZ;DURAK;BAHTİYAR SOKAK;sokak;222883
KIRKLARELİ;LÜLEBURGAZ;DURAK;BARIŞ 2. SOKAK;sokak;218439
KIRKLARELİ;LÜLEBURGAZ;DURAK;BERKAL SOKAK;sokak;218440
KIRKLARELİ;LÜLEBURGAZ;DURAK;BİRİNCİ_1 SOKAK;sokak;222887
KIRKLARELİ;LÜLEBURGAZ;DURAK;BURAK SOKAK;sokak;218441
KIRKLARELİ;LÜLEBURGAZ;DURAK;BURCU 1. SOKAK;sokak;218442
KIRKLARELİ;LÜLEBURGAZ;DURAK;BÜLBÜL 3. SOKAK;sokak;218443
KIRKLARELİ;LÜLEBURGAZ;DURAK;BÜLBÜL PARK SOKAK;sokak;218444
KIRKLARELİ;LÜLEBURGAZ;DURAK;CAMİ 1. SOKAK;sokak;222888
KIRKLARELİ;LÜLEBURGAZ;DURAK;CAN SOKAK;sokak;218445
KIRKLARELİ;LÜLEBURGAZ;DURAK;CANDAN SOKAK;sokak;218446
KIRKLARELİ;LÜLEBURGAZ;DURAK;COŞKUN 2. ARA SOKAK;sokak;218448
KIRKLARELİ;LÜLEBURGAZ;DURAK;ÇALIŞKAN SOKAK;sokak;218449
KIRKLARELİ;LÜLEBURGAZ;DURAK;ÇELİK 1. SOKAK;sokak;218450
KIRKLARELİ;LÜLEBURGAZ;DURAK;ÇELİK 2. SOKAK;sokak;69134
KIRKLARELİ;LÜLEBURGAZ;DURAK;ÇINAR CADDE;cadde;224229
KIRKLARELİ;LÜLEBURGAZ;DURAK;ÇİÇEK SOKAK;sokak;218451
KIRKLARELİ;LÜLEBURGAZ;DURAK;ÇİĞDEM 1. SOKAK;sokak;224243
KIRKLARELİ;LÜLEBURGAZ;DURAK;ÇİSEM 1. SOKAK;sokak;218452
KIRKLARELİ;LÜLEBURGAZ;DURAK;ÇOŞKUN 1.ARA SOKAK;sokak;218447
KIRKLARELİ;LÜLEBURGAZ;DURAK;DEMİR 1. SOKAK;sokak;222889
KIRKLARELİ;LÜLEBURGAZ;DURAK;DEMİR ALTI HATTI 1. ARA SOKAK;sokak;222893
KIRKLARELİ;LÜLEBURGAZ;DURAK;DEMİR ALTI HATTI CADDE;cadde;222892
KIRKLARELİ;LÜLEBURGAZ;DURAK;DEMİR HATTI 1. SOKAK;sokak;222891
KIRKLARELİ;LÜLEBURGAZ;DURAK;DEMİR HATTI CADDE;cadde;222890
KIRKLARELİ;LÜLEBURGAZ;DURAK;DERE 5. SOKAK;sokak;222894
KIRKLARELİ;LÜLEBURGAZ;DURAK;DERE 8. SOKAK;sokak;218453
KIRKLARELİ;LÜLEBURGAZ;DURAK;DERE 9. SOKAK;sokak;218454
KIRKLARELİ;LÜLEBURGAZ;DURAK;DİCLE SOKAK;sokak;218455
KIRKLARELİ;LÜLEBURGAZ;DURAK;DOĞAN 1. SOKAK;sokak;422471
KIRKLARELİ;LÜLEBURGAZ;DURAK;DOĞAN SOKAK;sokak;218456
KIRKLARELİ;LÜLEBURGAZ;DURAK;DÖNER 1. SOKAK;sokak;218458
KIRKLARELİ;LÜLEBURGAZ;DURAK;DÖNER 2. SOKAK;sokak;218459
KIRKLARELİ;LÜLEBURGAZ;DURAK;DÖNER SOKAK;sokak;218457
KIRKLARELİ;LÜLEBURGAZ;DURAK;DÖNERTAŞ 1.ARA SOKAK;sokak;222896
KIRKLARELİ;LÜLEBURGAZ;DURAK;DÖNERTAŞ 2.ARA SOKAK;sokak;222897
KIRKLARELİ;LÜLEBURGAZ;DURAK;DÖNERTAŞ 3.ARA SOKAK;sokak;214785
KIRKLARELİ;LÜLEBURGAZ;DURAK;DÖNERTAŞ 4.ARA SOKAK;sokak;69133
KIRKLARELİ;LÜLEBURGAZ;DURAK;DÖNERTAŞ SOKAK;sokak;222895
KIRKLARELİ;LÜLEBURGAZ;DURAK;DR FAZIL KÜÇÜK CADDE;cadde;740119331
KIRKLARELİ;LÜLEBURGAZ;DURAK;EBRU SOKAK;sokak;224220
KIRKLARELİ;LÜLEBURGAZ;DURAK;EDA 1. SOKAK;sokak;918357
KIRKLARELİ;LÜLEBURGAZ;DURAK;EGEMEN 2. SOKAK;sokak;222898
KIRKLARELİ;LÜLEBURGAZ;DURAK;EGEMEN 3. SOKAK;sokak;214784
KIRKLARELİ;LÜLEBURGAZ;DURAK;ELİF SOKAK;sokak;222899
KIRKLARELİ;LÜLEBURGAZ;DURAK;EMEK SOKAK;sokak;218868
KIRKLARELİ;LÜLEBURGAZ;DURAK;ERDEM SOKAK;sokak;222900
KIRKLARELİ;LÜLEBURGAZ;DURAK;ERGENE 1. ARA SOKAK;sokak;918365
KIRKLARELİ;LÜLEBURGAZ;DURAK;ERGENE 2. ARA SOKAK;sokak;918342
KIRKLARELİ;LÜLEBURGAZ;DURAK;ERGENE SOKAK;sokak;222901
KIRKLARELİ;LÜLEBURGAZ;DURAK;ERGUVAN SOKAK;sokak;918367
KIRKLARELİ;LÜLEBURGAZ;DURAK;ERGÜNEY SOKAK;sokak;218869
KIRKLARELİ;LÜLEBURGAZ;DURAK;ETİ SOKAK;sokak;222902
KIRKLARELİ;LÜLEBURGAZ;DURAK;FABRİKA SOKAK;sokak;222903
KIRKLARELİ;LÜLEBURGAZ;DURAK;FETHİ AKSÖZ SOKAK;sokak;222904
KIRKLARELİ;LÜLEBURGAZ;DURAK;FIRAT SOKAK;sokak;218871
KIRKLARELİ;LÜLEBURGAZ;DURAK;FİDANLIK KÜME EVLER;sokak;224222
KIRKLARELİ;LÜLEBURGAZ;DURAK;GENÇLİK 1. SOKAK;sokak;218872
KIRKLARELİ;LÜLEBURGAZ;DURAK;GENÇLİK ARA SOKAK;sokak;218873
KIRKLARELİ;LÜLEBURGAZ;DURAK;GÜL 3. SOKAK;sokak;218874
KIRKLARELİ;LÜLEBURGAZ;DURAK;GÜNDOĞU 1. SOKAK;sokak;422472
KIRKLARELİ;LÜLEBURGAZ;DURAK;GÜNDOĞU CADDE;cadde;222905
KIRKLARELİ;LÜLEBURGAZ;DURAK;IHLAMUR 1. SOKAK;sokak;218875
KIRKLARELİ;LÜLEBURGAZ;DURAK;IŞIKLAR 1. ARA SOKAK;sokak;218876
KIRKLARELİ;LÜLEBURGAZ;DURAK;IŞIKLAR 1. CADDE;cadde;222906
KIRKLARELİ;LÜLEBURGAZ;DURAK;İNCİ 1. SOKAK;sokak;918341
KIRKLARELİ;LÜLEBURGAZ;DURAK;İNÖNÜ 1. ARA SOKAK;sokak;218877
KIRKLARELİ;LÜLEBURGAZ;DURAK;İNÖNÜ 1. CADDE;cadde;224175
KIRKLARELİ;LÜLEBURGAZ;DURAK;İNÖNÜ 2. ARA SOKAK;sokak;218878
KIRKLARELİ;LÜLEBURGAZ;DURAK;İNÖNÜ 3. ARA SOKAK;sokak;220024
KIRKLARELİ;LÜLEBURGAZ;DURAK;İNÖNÜ 4. ARA SOKAK;sokak;218879
KIRKLARELİ;LÜLEBURGAZ;DURAK;İNÖNÜ 5. ARA SOKAK;sokak;218880
KIRKLARELİ;LÜLEBURGAZ;DURAK;İNÖNÜ 6. ARA SOKAK;sokak;218881
KIRKLARELİ;LÜLEBURGAZ;DURAK;İSKENDER SOKAK;sokak;224217
KIRKLARELİ;LÜLEBURGAZ;DURAK;İSTASYON ASFALTI CADDE CADDE;cadde;224218
KIRKLARELİ;LÜLEBURGAZ;DURAK;İSTASYON CADDE;cadde;267569571
KIRKLARELİ;LÜLEBURGAZ;DURAK;KAHRAMANLAR 1. ARA SOKAK;sokak;218882
KIRKLARELİ;LÜLEBURGAZ;DURAK;KAHRAMANLAR 2. ARA SOKAK;sokak;218883
KIRKLARELİ;LÜLEBURGAZ;DURAK;KAHRAMANLAR SOKAK;sokak;222907
KIRKLARELİ;LÜLEBURGAZ;DURAK;KANARYA 2. SOKAK;sokak;218884
KIRKLARELİ;LÜLEBURGAZ;DURAK;KANARYA 3. SOKAK;sokak;205844
KIRKLARELİ;LÜLEBURGAZ;DURAK;KANTAR SOKAK;sokak;222908
KIRKLARELİ;LÜLEBURGAZ;DURAK;KARANFİL SOKAK;sokak;218885
KIRKLARELİ;LÜLEBURGAZ;DURAK;KARTAL 1. SOKAK;sokak;222909
KIRKLARELİ;LÜLEBURGAZ;DURAK;KAYA SOKAK;sokak;222910
KIRKLARELİ;LÜLEBURGAZ;DURAK;KENAR 1. SOKAK;sokak;218886
KIRKLARELİ;LÜLEBURGAZ;DURAK;KESKİN 2. ARA SOKAK;sokak;218887
KIRKLARELİ;LÜLEBURGAZ;DURAK;KESKİN 3. ARA SOKAK;sokak;218888
KIRKLARELİ;LÜLEBURGAZ;DURAK;KESKİN 4. ARA SOKAK;sokak;218889
KIRKLARELİ;LÜLEBURGAZ;DURAK;KESKİN 5.ARA SOKAK;sokak;816077
KIRKLARELİ;LÜLEBURGAZ;DURAK;KESKİN 6.ARA SOKAK;sokak;443810
KIRKLARELİ;LÜLEBURGAZ;DURAK;KESKİN SOKAK;sokak;222911
KIRKLARELİ;LÜLEBURGAZ;DURAK;KIRLI SOKAK;sokak;218890
KIRKLARELİ;LÜLEBURGAZ;DURAK;KISA 3. SOKAK;sokak;218891
KIRKLARELİ;LÜLEBURGAZ;DURAK;KİRAZ 1. SOKAK;sokak;214787
KIRKLARELİ;LÜLEBURGAZ;DURAK;KİRAZ 2. SOKAK;sokak;422468
KIRKLARELİ;LÜLEBURGAZ;DURAK;KİRAZ SOKAK;sokak;218892
KIRKLARELİ;LÜLEBURGAZ;DURAK;KOMUTAN SOKAK;sokak;222912
KIRKLARELİ;LÜLEBURGAZ;DURAK;KOŞU SOKAK;sokak;218893
KIRKLARELİ;LÜLEBURGAZ;DURAK;KÖPRÜLÜ SOKAK;sokak;218894
KIRKLARELİ;LÜLEBURGAZ;DURAK;KÜÇÜK 2. SOKAK;sokak;53483
KIRKLARELİ;LÜLEBURGAZ;DURAK;KÜLTÜR 1. ARA SOKAK;sokak;218895
KIRKLARELİ;LÜLEBURGAZ;DURAK;KÜLTÜR 2. ARA SOKAK;sokak;218896
KIRKLARELİ;LÜLEBURGAZ;DURAK;KÜLTÜR 3. ARA SOKAK;sokak;218786
KIRKLARELİ;LÜLEBURGAZ;DURAK;KÜLTÜR 4. ARA SOKAK;sokak;74298
KIRKLARELİ;LÜLEBURGAZ;DURAK;MANOLYA 1. SOKAK;sokak;222913
KIRKLARELİ;LÜLEBURGAZ;DURAK;MEHTAP 1. SOKAK;sokak;218787
KIRKLARELİ;LÜLEBURGAZ;DURAK;MEHTAP 2. SOKAK;sokak;218788
KIRKLARELİ;LÜLEBURGAZ;DURAK;MELTEM 1. SOKAK;sokak;222914
KIRKLARELİ;LÜLEBURGAZ;DURAK;MENEKŞE 1. ARA SOKAK;sokak;218790
KIRKLARELİ;LÜLEBURGAZ;DURAK;MENEKŞE 2. ARA SOKAK;sokak;218791
KIRKLARELİ;LÜLEBURGAZ;DURAK;MENEKŞE SOKAK;sokak;218789
KIRKLARELİ;LÜLEBURGAZ;DURAK;MERT SOKAK;sokak;222915
KIRKLARELİ;LÜLEBURGAZ;DURAK;MEYDAN SOKAK;sokak;222916
KIRKLARELİ;LÜLEBURGAZ;DURAK;MİMOZA SOKAK;sokak;222918
KIRKLARELİ;LÜLEBURGAZ;DURAK;MUMCU SOKAK;sokak;222917
KIRKLARELİ;LÜLEBURGAZ;DURAK;MUTLU 2. SOKAK;sokak;218792
KIRKLARELİ;LÜLEBURGAZ;DURAK;NAMIK KEMAL CADDE;cadde;222919
KIRKLARELİ;LÜLEBURGAZ;DURAK;NEVAL SOKAK;sokak;218794
KIRKLARELİ;LÜLEBURGAZ;DURAK;NEVİN SOKAK;sokak;218795
KIRKLARELİ;LÜLEBURGAZ;DURAK;NİLÜFER 1. SOKAK;sokak;218796
KIRKLARELİ;LÜLEBURGAZ;DURAK;OFİS ARKA SOKAK;sokak;218797
KIRKLARELİ;LÜLEBURGAZ;DURAK;OFİS ARKASI 1. ARA SOKAK;sokak;218798
KIRKLARELİ;LÜLEBURGAZ;DURAK;OFİS ARKASI 2. ARA SOKAK;sokak;218799
KIRKLARELİ;LÜLEBURGAZ;DURAK;OMURTAK SOKAK;sokak;222920
KIRKLARELİ;LÜLEBURGAZ;DURAK;ÖZEVİN 1. ARA SOKAK;sokak;218801
KIRKLARELİ;LÜLEBURGAZ;DURAK;ÖZEVİN SOKAK;sokak;218800
KIRKLARELİ;LÜLEBURGAZ;DURAK;ÖZGE SOKAK;sokak;224244
KIRKLARELİ;LÜLEBURGAZ;DURAK;ÖZGÜN SOKAK;sokak;218802
KIRKLARELİ;LÜLEBURGAZ;DURAK;ÖZGÜR 2. SOKAK;sokak;218803
KIRKLARELİ;LÜLEBURGAZ;DURAK;ÖZLEM 1. SOKAK;sokak;214786
KIRKLARELİ;LÜLEBURGAZ;DURAK;ÖZLEM 2. SOKAK;sokak;218804
KIRKLARELİ;LÜLEBURGAZ;DURAK;ÖZTÜRK 1. ARA SOKAK;sokak;218806
KIRKLARELİ;LÜLEBURGAZ;DURAK;ÖZTÜRK 2. ARA SOKAK;sokak;218809
KIRKLARELİ;LÜLEBURGAZ;DURAK;ÖZTÜRK 3. ARA SOKAK;sokak;218810
KIRKLARELİ;LÜLEBURGAZ;DURAK;ÖZTÜRK 4. ARA SOKAK;sokak;218811
KIRKLARELİ;LÜLEBURGAZ;DURAK;ÖZTÜRK 5. ARA SOKAK;sokak;218812
KIRKLARELİ;LÜLEBURGAZ;DURAK;ÖZTÜRK 6. ARA SOKAK;sokak;218813
KIRKLARELİ;LÜLEBURGAZ;DURAK;ÖZTÜRK CADDE;cadde;218805
KIRKLARELİ;LÜLEBURGAZ;DURAK;PALA SOKAK;sokak;218814
KIRKLARELİ;LÜLEBURGAZ;DURAK;PAPATYA 1. SOKAK;sokak;222921
KIRKLARELİ;LÜLEBURGAZ;DURAK;PARK 1. SOKAK;sokak;222922
KIRKLARELİ;LÜLEBURGAZ;DURAK;PETEK SOKAK;sokak;218815
KIRKLARELİ;LÜLEBURGAZ;DURAK;PINAR SOKAK;sokak;218816
KIRKLARELİ;LÜLEBURGAZ;DURAK;REFAH SOKAK;sokak;218817
KIRKLARELİ;LÜLEBURGAZ;DURAK;SADULLAH ÖZDEMİR SOKAK;sokak;222923
KIRKLARELİ;LÜLEBURGAZ;DURAK;SAKA 1. SOKAK;sokak;218818
KIRKLARELİ;LÜLEBURGAZ;DURAK;SARMISAKLI SOKAK;sokak;218819
KIRKLARELİ;LÜLEBURGAZ;DURAK;SAYDAM SOKAK;sokak;218820
KIRKLARELİ;LÜLEBURGAZ;DURAK;SAYGIN 4. SOKAK;sokak;218821
KIRKLARELİ;LÜLEBURGAZ;DURAK;SELİM PAŞA SOKAK;sokak;224227
KIRKLARELİ;LÜLEBURGAZ;DURAK;SELVİ 1. SOKAK;sokak;220000
KIRKLARELİ;LÜLEBURGAZ;DURAK;SERÇE 1. SOKAK;sokak;224228
KIRKLARELİ;LÜLEBURGAZ;DURAK;SEVGİ SOKAK;sokak;220001
KIRKLARELİ;LÜLEBURGAZ;DURAK;SEVİNÇ 1. SOKAK;sokak;220002
KIRKLARELİ;LÜLEBURGAZ;DURAK;SEVİNÇ ÇEVRE SOKAK;sokak;220003
KIRKLARELİ;LÜLEBURGAZ;DURAK;SIĞINAK SOKAK;sokak;220004
KIRKLARELİ;LÜLEBURGAZ;DURAK;SOKOLLU MEHMED PAŞA CADDE;cadde;636899471
KIRKLARELİ;LÜLEBURGAZ;DURAK;ŞAHİN 1. SOKAK;sokak;220005
KIRKLARELİ;LÜLEBURGAZ;DURAK;ŞAHİN 2. SOKAK;sokak;205846
KIRKLARELİ;LÜLEBURGAZ;DURAK;ŞAHİN ARA SOKAK;sokak;220006
KIRKLARELİ;LÜLEBURGAZ;DURAK;ŞEBNEM SOKAK;sokak;220007
KIRKLARELİ;LÜLEBURGAZ;DURAK;ŞİMŞEK SOKAK;sokak;220008
KIRKLARELİ;LÜLEBURGAZ;DURAK;T.T.İŞLT.MD. KÜME EVLER;sokak;220022
KIRKLARELİ;LÜLEBURGAZ;DURAK;TAŞKIN SOKAK;sokak;224230
KIRKLARELİ;LÜLEBURGAZ;DURAK;TEKİN SOKAK;sokak;224231
KIRKLARELİ;LÜLEBURGAZ;DURAK;TEMİZ SOKAK;sokak;220009
KIRKLARELİ;LÜLEBURGAZ;DURAK;TOLGA SOKAK;sokak;220010
KIRKLARELİ;LÜLEBURGAZ;DURAK;TÜRKGELDİ CADDE;cadde;224221
KIRKLARELİ;LÜLEBURGAZ;DURAK;UMUT 1. ARA SOKAK;sokak;220012
KIRKLARELİ;LÜLEBURGAZ;DURAK;UMUT 2. ARA SOKAK;sokak;220013
KIRKLARELİ;LÜLEBURGAZ;DURAK;UMUT SOKAK;sokak;220011
KIRKLARELİ;LÜLEBURGAZ;DURAK;VARDAR 1. ARA SOKAK;sokak;220014
KIRKLARELİ;LÜLEBURGAZ;DURAK;VARDAR 2. ARA SOKAK;sokak;224233
KIRKLARELİ;LÜLEBURGAZ;DURAK;VARDAR SOKAK;sokak;224232
KIRKLARELİ;LÜLEBURGAZ;DURAK;YAKUP 1. SOKAK;sokak;422469
KIRKLARELİ;LÜLEBURGAZ;DURAK;YAKUP SOKAK;sokak;224234
KIRKLARELİ;LÜLEBURGAZ;DURAK;YALÇIN SOKAK;sokak;220015
KIRKLARELİ;LÜLEBURGAZ;DURAK;YANDAŞ SOKAK;sokak;220016
KIRKLARELİ;LÜLEBURGAZ;DURAK;YASEMİN 1. SOKAK;sokak;224235
KIRKLARELİ;LÜLEBURGAZ;DURAK;YAVUZ 1. SOKAK;sokak;220025
KIRKLARELİ;LÜLEBURGAZ;DURAK;YENİ 4. SOKAK;sokak;224236
KIRKLARELİ;LÜLEBURGAZ;DURAK;YENİ BAHÇELER SOKAK;sokak;220017
KIRKLARELİ;LÜLEBURGAZ;DURAK;YEŞİL SOKAK;sokak;224237
KIRKLARELİ;LÜLEBURGAZ;DURAK;YEŞİM SOKAK;sokak;220018
KIRKLARELİ;LÜLEBURGAZ;DURAK;YILDIZ 1. SOKAK;sokak;220019
KIRKLARELİ;LÜLEBURGAZ;DURAK;YILMAZ 1. SOKAK;sokak;220020
KIRKLARELİ;LÜLEBURGAZ;DURAK;YONCA 2. SOKAK;sokak;224238
KIRKLARELİ;LÜLEBURGAZ;DURAK;ZAFER 1.ARA SOKAK;sokak;224240
KIRKLARELİ;LÜLEBURGAZ;DURAK;ZAFER 2.ARA SOKAK;sokak;220023
KIRKLARELİ;LÜLEBURGAZ;DURAK;ZAFER 3.ARA SOKAK;sokak;224241
KIRKLARELİ;LÜLEBURGAZ;DURAK;ZAFER 4.ARA SOKAK;sokak;224242
KIRKLARELİ;LÜLEBURGAZ;DURAK;ZAFER 5. ARA SOKAK;sokak;224239
KIRKLARELİ;LÜLEBURGAZ;DURAK;ZAMBAK SOKAK;sokak;220021
KIRKLARELİ;LÜLEBURGAZ;DURAK;ZÜMRÜT SOKAK;sokak;918366
KIRKLARELİ;LÜLEBURGAZ;DÜĞÜNCÜBAŞI NA;DÜĞÜNCÜBAŞI KÜME EVLER;sokak;622658
KIRKLARELİ;LÜLEBURGAZ;EMİRALİ NA;EMİRALİ KÜME EVLER;sokak;391644
KIRKLARELİ;LÜLEBURGAZ;ERTUĞRUL NA;ERTUĞRUL KÜME EVLER;sokak;635158
KIRKLARELİ;LÜLEBURGAZ;ESKİBEDİR NA;ESKİBEDİR KÜME EVLER;sokak;591624
KIRKLARELİ;LÜLEBURGAZ;ESKİBEDİR NA;KÖY YOLU KÜME EVLER;sokak;552020710
KIRKLARELİ;LÜLEBURGAZ;ESKİTAŞLI NA;ESKİTAŞLI KÜME EVLER;sokak;672631
KIRKLARELİ;LÜLEBURGAZ;EVRENSEKİZ - FATİH;101.SOKAK SOKAK;sokak;1327877
KIRKLARELİ;LÜLEBURGAZ;EVRENSEKİZ - FATİH;102.SOKAK SOKAK;sokak;1327897
KIRKLARELİ;LÜLEBURGAZ;EVRENSEKİZ - FATİH;103.SOKAK SOKAK;sokak;1327879
KIRKLARELİ;LÜLEBURGAZ;EVRENSEKİZ - FATİH;104.SOKAK SOKAK;sokak;1327881
KIRKLARELİ;LÜLEBURGAZ;EVRENSEKİZ - FATİH;105.CADDE CADDE;cadde;1327883
KIRKLARELİ;LÜLEBURGAZ;EVRENSEKİZ - FATİH;106.SOKAK SOKAK;sokak;1327885
KIRKLARELİ;LÜLEBURGAZ;EVRENSEKİZ - FATİH;107.SOKAK SOKAK;sokak;1327887
KIRKLARELİ;LÜLEBURGAZ;EVRENSEKİZ - FATİH;108.SOKAK SOKAK;sokak;1327899
KIRKLARELİ;LÜLEBURGAZ;EVRENSEKİZ - FATİH;109.SOKAK SOKAK;sokak;1327889
KIRKLARELİ;LÜLEBURGAZ;EVRENSEKİZ - FATİH;110.SOKAK SOKAK;sokak;1327891
KIRKLARELİ;LÜLEBURGAZ;EVRENSEKİZ - FATİH;111.SOKAK SOKAK;sokak;1327893
KIRKLARELİ;LÜLEBURGAZ;EVRENSEKİZ - FATİH;200. SOKAK;sokak;646355760
KIRKLARELİ;LÜLEBURGAZ;EVRENSEKİZ - FATİH;201. SOKAK;sokak;822761890
KIRKLARELİ;LÜLEBURGAZ;EVRENSEKİZ - FATİH;AĞAÇLI SOKAK;sokak;632890370
KIRKLARELİ;LÜLEBURGAZ;EVRENSEKİZ - FATİH;ARK BOYU CADDE;cadde;825717
KIRKLARELİ;LÜLEBURGAZ;EVRENSEKİZ - FATİH;AVCILAR SOKAK;sokak;673462
KIRKLARELİ;LÜLEBURGAZ;EVRENSEKİZ - FATİH;AYÇİÇEĞİ SOKAK;sokak;656751831
KIRKLARELİ;LÜLEBURGAZ;EVRENSEKİZ - FATİH;BAHAR SOKAK;sokak;810868451
KIRKLARELİ;LÜLEBURGAZ;EVRENSEKİZ - FATİH;BARBAROS CADDE;cadde;261387
KIRKLARELİ;LÜLEBURGAZ;EVRENSEKİZ - FATİH;BAŞAĞIL SOKAK;sokak;892731061
KIRKLARELİ;LÜLEBURGAZ;EVRENSEKİZ - FATİH;BAYIR SOKAK;sokak;672519
KIRKLARELİ;LÜLEBURGAZ;EVRENSEKİZ - FATİH;BELEDİYE CADDE;cadde;261388
KIRKLARELİ;LÜLEBURGAZ;EVRENSEKİZ - FATİH;BERBER SOKAK;sokak;277318
KIRKLARELİ;LÜLEBURGAZ;EVRENSEKİZ - FATİH;BİTİM SOKAK;sokak;671985230
KIRKLARELİ;LÜLEBURGAZ;EVRENSEKİZ - FATİH;CAN SOKAK;sokak;545284761
KIRKLARELİ;LÜLEBURGAZ;EVRENSEKİZ - FATİH;CUMHURİYET CADDE;cadde;261390
KIRKLARELİ;LÜLEBURGAZ;EVRENSEKİZ - FATİH;ÇAPRAZ SOKAK;sokak;512161661
KIRKLARELİ;LÜLEBURGAZ;EVRENSEKİZ - FATİH;ÇARDAK SOKAK;sokak;494378900
KIRKLARELİ;LÜLEBURGAZ;EVRENSEKİZ - FATİH;ÇEŞME SOKAK;sokak;217938980
KIRKLARELİ;LÜLEBURGAZ;EVRENSEKİZ - FATİH;DAĞLI SOKAK;sokak;670323
KIRKLARELİ;LÜLEBURGAZ;EVRENSEKİZ - FATİH;DEMİRAL SOKAK;sokak;94948
KIRKLARELİ;LÜLEBURGAZ;EVRENSEKİZ - FATİH;DERE SOKAK;sokak;261391
KIRKLARELİ;LÜLEBURGAZ;EVRENSEKİZ - FATİH;DİK SOKAK;sokak;431097840
KIRKLARELİ;LÜLEBURGAZ;EVRENSEKİZ - FATİH;DURAK SOKAK;sokak;573631450
KIRKLARELİ;LÜLEBURGAZ;EVRENSEKİZ - FATİH;ERGİN SOKAK;sokak;667124
KIRKLARELİ;LÜLEBURGAZ;EVRENSEKİZ - FATİH;ERGÜL SOKAK;sokak;792192590
KIRKLARELİ;LÜLEBURGAZ;EVRENSEKİZ - FATİH;ESKİ BURGAZ CADDE;cadde;441895
KIRKLARELİ;LÜLEBURGAZ;EVRENSEKİZ - FATİH;FATİH CADDE;cadde;261393
KIRKLARELİ;LÜLEBURGAZ;EVRENSEKİZ - FATİH;GELİNCİK SOKAK;sokak;667125
KIRKLARELİ;LÜLEBURGAZ;EVRENSEKİZ - FATİH;GÖKTUNA 1 SOKAK;sokak;638135210
KIRKLARELİ;LÜLEBURGAZ;EVRENSEKİZ - FATİH;GÖKTUNA SOKAK;sokak;261394
KIRKLARELİ;LÜLEBURGAZ;EVRENSEKİZ - FATİH;GÖL SOKAK;sokak;907331481
KIRKLARELİ;LÜLEBURGAZ;EVRENSEKİZ - FATİH;GÖLET CADDE;cadde;1016454
KIRKLARELİ;LÜLEBURGAZ;EVRENSEKİZ - FATİH;GÜMELER CADDE;cadde;915830
KIRKLARELİ;LÜLEBURGAZ;EVRENSEKİZ - FATİH;İZMİRLİ SOKAK;sokak;277311
KIRKLARELİ;LÜLEBURGAZ;EVRENSEKİZ - FATİH;KAMELYA SOKAK;sokak;940649790
KIRKLARELİ;LÜLEBURGAZ;EVRENSEKİZ - FATİH;KARAGÖL SOKAK;sokak;668135
KIRKLARELİ;LÜLEBURGAZ;EVRENSEKİZ - FATİH;KARATEPE SOKAK;sokak;188271470
KIRKLARELİ;LÜLEBURGAZ;EVRENSEKİZ - FATİH;KELEBEK SOKAK;sokak;699973440
KIRKLARELİ;LÜLEBURGAZ;EVRENSEKİZ - FATİH;KIZILCIK SOKAK;sokak;383459220
KIRKLARELİ;LÜLEBURGAZ;EVRENSEKİZ - FATİH;KÖKLÜK CADDE;cadde;825752
KIRKLARELİ;LÜLEBURGAZ;EVRENSEKİZ - FATİH;KULAKSIZ SOKAK;sokak;834934781
KIRKLARELİ;LÜLEBURGAZ;EVRENSEKİZ - FATİH;KÜLTÜR CADDE;cadde;261395
KIRKLARELİ;LÜLEBURGAZ;EVRENSEKİZ - FATİH;MANOLYA SOKAK;sokak;668134
KIRKLARELİ;LÜLEBURGAZ;EVRENSEKİZ - FATİH;MENEKŞE SOKAK;sokak;673467
KIRKLARELİ;LÜLEBURGAZ;EVRENSEKİZ - FATİH;METİN SOKAK;sokak;672521
KIRKLARELİ;LÜLEBURGAZ;EVRENSEKİZ - FATİH;NALBANT SOKAK;sokak;669362
KIRKLARELİ;LÜLEBURGAZ;EVRENSEKİZ - FATİH;NİLÜFER SOKAK;sokak;668139
KIRKLARELİ;LÜLEBURGAZ;EVRENSEKİZ - FATİH;OKUL SOKAK;sokak;855497
KIRKLARELİ;LÜLEBURGAZ;EVRENSEKİZ - FATİH;OTABAN SOKAK BULVAR;sokak;908971741
KIRKLARELİ;LÜLEBURGAZ;EVRENSEKİZ - FATİH;OTOBAN BOYU CADDE;cadde;824391
KIRKLARELİ;LÜLEBURGAZ;EVRENSEKİZ - FATİH;PINAR SOKAK;sokak;277324
KIRKLARELİ;LÜLEBURGAZ;EVRENSEKİZ - FATİH;PİKNİK SOKAK;sokak;509237471
KIRKLARELİ;LÜLEBURGAZ;EVRENSEKİZ - FATİH;SAKIZ SOKAK;sokak;210955911
KIRKLARELİ;LÜLEBURGAZ;EVRENSEKİZ - FATİH;SALKIM SOKAK;sokak;826520
KIRKLARELİ;LÜLEBURGAZ;EVRENSEKİZ - FATİH;SARDUNYA SOKAK;sokak;433920261
KIRKLARELİ;LÜLEBURGAZ;EVRENSEKİZ - FATİH;SAZLIK SOKAK;sokak;874906290
KIRKLARELİ;LÜLEBURGAZ;EVRENSEKİZ - FATİH;SEREZ SOKAK;sokak;449758860
KIRKLARELİ;LÜLEBURGAZ;EVRENSEKİZ - FATİH;SU 1. SOKAK;sokak;151212960
KIRKLARELİ;LÜLEBURGAZ;EVRENSEKİZ - FATİH;SU 2. SOKAK;sokak;349015790
KIRKLARELİ;LÜLEBURGAZ;EVRENSEKİZ - FATİH;SU SOKAK;sokak;307939470
KIRKLARELİ;LÜLEBURGAZ;EVRENSEKİZ - FATİH;TUNA SOKAK;sokak;673475
KIRKLARELİ;LÜLEBURGAZ;EVRENSEKİZ - FATİH;TURNA SOKAK;sokak;332022501
KIRKLARELİ;LÜLEBURGAZ;EVRENSEKİZ - FATİH;YAMAÇ SOKAK;sokak;864452360
KIRKLARELİ;LÜLEBURGAZ;EVRENSEKİZ - FATİH;YAY SOKAK;sokak;673465
KIRKLARELİ;LÜLEBURGAZ;EVRENSEKİZ - FATİH;YEŞİL SOKAK;sokak;753831330
KIRKLARELİ;LÜLEBURGAZ;EVRENSEKİZ - FATİH;YONCA SOKAK;sokak;826509
KIRKLARELİ;LÜLEBURGAZ;EVRENSEKİZ - GÜNDOĞU;1. CADDE;cadde;150220070
KIRKLARELİ;LÜLEBURGAZ;EVRENSEKİZ - GÜNDOĞU;2. CADDE;cadde;18269381
KIRKLARELİ;LÜLEBURGAZ;EVRENSEKİZ - GÜNDOĞU;5. SOKAK;sokak;790329830
KIRKLARELİ;LÜLEBURGAZ;EVRENSEKİZ - GÜNDOĞU;6. SOKAK;sokak;746791680
KIRKLARELİ;LÜLEBURGAZ;EVRENSEKİZ - GÜNDOĞU;7. SOKAK;sokak;919881470
KIRKLARELİ;LÜLEBURGAZ;EVRENSEKİZ - GÜNDOĞU;8. SOKAK;sokak;381570870
KIRKLARELİ;LÜLEBURGAZ;EVRENSEKİZ - GÜNDOĞU;9. SOKAK;sokak;941248230
KIRKLARELİ;LÜLEBURGAZ;EVRENSEKİZ - GÜNDOĞU;AKÇAKÖY YOLU CADDE;cadde;858420
KIRKLARELİ;LÜLEBURGAZ;EVRENSEKİZ - GÜNDOĞU;AKIŞ SOKAK;sokak;826500110
KIRKLARELİ;LÜLEBURGAZ;EVRENSEKİZ - GÜNDOĞU;AMBAR SOKAK;sokak;519928401
KIRKLARELİ;LÜLEBURGAZ;EVRENSEKİZ - GÜNDOĞU;ARAP ÇATAĞI CADDE;cadde;825731
KIRKLARELİ;LÜLEBURGAZ;EVRENSEKİZ - GÜNDOĞU;ARAP ÇATAĞI OSB CADDE;cadde;1395037
KIRKLARELİ;LÜLEBURGAZ;EVRENSEKİZ - GÜNDOĞU;ARAP ÇATAĞI OSB2 CADDE;cadde;38609897
KIRKLARELİ;LÜLEBURGAZ;EVRENSEKİZ - GÜNDOĞU;ARAS SOKAK;sokak;441896
KIRKLARELİ;LÜLEBURGAZ;EVRENSEKİZ - GÜNDOĞU;ARITMA CADDE;cadde;133855621
KIRKLARELİ;LÜLEBURGAZ;EVRENSEKİZ - GÜNDOĞU;ARK BOYU CADDE;cadde;843503700
KIRKLARELİ;LÜLEBURGAZ;EVRENSEKİZ - GÜNDOĞU;ARSLAN SOKAK;sokak;673480
KIRKLARELİ;LÜLEBURGAZ;EVRENSEKİZ - GÜNDOĞU;AYAZMA SOKAK;sokak;271831360
KIRKLARELİ;LÜLEBURGAZ;EVRENSEKİZ - GÜNDOĞU;BENT SOKAK;sokak;261396
KIRKLARELİ;LÜLEBURGAZ;EVRENSEKİZ - GÜNDOĞU;BOZKURT SOKAK;sokak;261397
KIRKLARELİ;LÜLEBURGAZ;EVRENSEKİZ - GÜNDOĞU;CUMHURİYET CADDE;cadde;261398
KIRKLARELİ;LÜLEBURGAZ;EVRENSEKİZ - GÜNDOĞU;ÇEVRE SOKAK;sokak;844029321
KIRKLARELİ;LÜLEBURGAZ;EVRENSEKİZ - GÜNDOĞU;ÇİĞDEM SOKAK;sokak;672027
KIRKLARELİ;LÜLEBURGAZ;EVRENSEKİZ - GÜNDOĞU;D100 CADDE;cadde;773805580
KIRKLARELİ;LÜLEBURGAZ;EVRENSEKİZ - GÜNDOĞU;DEMİR SOKAK;sokak;699409481
KIRKLARELİ;LÜLEBURGAZ;EVRENSEKİZ - GÜNDOĞU;DERMAN 1 SOKAK;sokak;309070750
KIRKLARELİ;LÜLEBURGAZ;EVRENSEKİZ - GÜNDOĞU;DERMAN 2 SOKAK;sokak;448225001
KIRKLARELİ;LÜLEBURGAZ;EVRENSEKİZ - GÜNDOĞU;DERMAN SOKAK;sokak;441897
KIRKLARELİ;LÜLEBURGAZ;EVRENSEKİZ - GÜNDOĞU;DUYMUŞLAR SOKAK;sokak;261399
KIRKLARELİ;LÜLEBURGAZ;EVRENSEKİZ - GÜNDOĞU;E-5 BOYU-KARŞI TARAF CADDE;cadde;830343140
KIRKLARELİ;LÜLEBURGAZ;EVRENSEKİZ - GÜNDOĞU;EKİM SOKAK;sokak;227532890
KIRKLARELİ;LÜLEBURGAZ;EVRENSEKİZ - GÜNDOĞU;ERYILMAZ SOKAK;sokak;261400
KIRKLARELİ;LÜLEBURGAZ;EVRENSEKİZ - GÜNDOĞU;EVRENSEKİZ CADDE;cadde;1391633
KIRKLARELİ;LÜLEBURGAZ;EVRENSEKİZ - GÜNDOĞU;GEREN SOKAK;sokak;399862780
KIRKLARELİ;LÜLEBURGAZ;EVRENSEKİZ - GÜNDOĞU;GÖÇMEN SOKAK;sokak;261401
KIRKLARELİ;LÜLEBURGAZ;EVRENSEKİZ - GÜNDOĞU;GÜL SOKAK;sokak;441898
KIRKLARELİ;LÜLEBURGAZ;EVRENSEKİZ - GÜNDOĞU;GÜLTEKİN 1 SOKAK;sokak;495698901
KIRKLARELİ;LÜLEBURGAZ;EVRENSEKİZ - GÜNDOĞU;GÜLTEKİN SOKAK;sokak;261402
KIRKLARELİ;LÜLEBURGAZ;EVRENSEKİZ - GÜNDOĞU;GÜMELER CADDE;cadde;690815290
KIRKLARELİ;LÜLEBURGAZ;EVRENSEKİZ - GÜNDOĞU;GÜVEN SOKAK;sokak;261403
KIRKLARELİ;LÜLEBURGAZ;EVRENSEKİZ - GÜNDOĞU;IŞIK 1. SOKAK;sokak;272096591
KIRKLARELİ;LÜLEBURGAZ;EVRENSEKİZ - GÜNDOĞU;IŞIK SOKAK;sokak;441899
KIRKLARELİ;LÜLEBURGAZ;EVRENSEKİZ - GÜNDOĞU;KARAAĞAÇ ARA SOKAK;sokak;302034910
KIRKLARELİ;LÜLEBURGAZ;EVRENSEKİZ - GÜNDOĞU;KARAAĞAÇ SOKAK;sokak;261404
KIRKLARELİ;LÜLEBURGAZ;EVRENSEKİZ - GÜNDOĞU;KÖKLÜK CADDE;cadde;1104245
KIRKLARELİ;LÜLEBURGAZ;EVRENSEKİZ - GÜNDOĞU;KÖY ALTI CADDE;cadde;825715
KIRKLARELİ;LÜLEBURGAZ;EVRENSEKİZ - GÜNDOĞU;KÜÇÜKKARIŞTIRAN YOLU CADDE;cadde;985444
KIRKLARELİ;LÜLEBURGAZ;EVRENSEKİZ - GÜNDOĞU;MEZBAHA 1 SOKAK;sokak;476776610
KIRKLARELİ;LÜLEBURGAZ;EVRENSEKİZ - GÜNDOĞU;MEZBAHA SOKAK;sokak;261405
KIRKLARELİ;LÜLEBURGAZ;EVRENSEKİZ - GÜNDOĞU;NERGİZ SOKAK;sokak;282196400
KIRKLARELİ;LÜLEBURGAZ;EVRENSEKİZ - GÜNDOĞU;OTABAN SOKAK BULVAR;sokak;700253581
KIRKLARELİ;LÜLEBURGAZ;EVRENSEKİZ - GÜNDOĞU;OTOBAN BOYU CADDE;cadde;521265210
KIRKLARELİ;LÜLEBURGAZ;EVRENSEKİZ - GÜNDOĞU;OVACIK SOKAK;sokak;172140161
KIRKLARELİ;LÜLEBURGAZ;EVRENSEKİZ - GÜNDOĞU;ÖZGÜR SOKAK;sokak;441901
KIRKLARELİ;LÜLEBURGAZ;EVRENSEKİZ - GÜNDOĞU;PAPATYA SOKAK;sokak;667118
KIRKLARELİ;LÜLEBURGAZ;EVRENSEKİZ - GÜNDOĞU;PARK SOKAK;sokak;117233270
KIRKLARELİ;LÜLEBURGAZ;EVRENSEKİZ - GÜNDOĞU;RODOP SOKAK;sokak;788419210
KIRKLARELİ;LÜLEBURGAZ;EVRENSEKİZ - GÜNDOĞU;SELEKTÖR ÇIKMAZ SOKAK;sokak;493782761
KIRKLARELİ;LÜLEBURGAZ;EVRENSEKİZ - GÜNDOĞU;SELLEKTÖR CADDE;cadde;441900
KIRKLARELİ;LÜLEBURGAZ;EVRENSEKİZ - GÜNDOĞU;SEYİT EFENDİ SOKAK;sokak;699816
KIRKLARELİ;LÜLEBURGAZ;EVRENSEKİZ - GÜNDOĞU;SÜMBÜL SOKAK;sokak;668146
KIRKLARELİ;LÜLEBURGAZ;EVRENSEKİZ - GÜNDOĞU;ULUS CADDE;cadde;261406
KIRKLARELİ;LÜLEBURGAZ;EVRENSEKİZ - GÜNDOĞU;UZUN SOKAK;sokak;261407
KIRKLARELİ;LÜLEBURGAZ;EVRENSEKİZ - GÜNDOĞU;YASEMEN SOKAK;sokak;670234
KIRKLARELİ;LÜLEBURGAZ;EVRENSEKİZ - KIRCAALİ;10. SOKAK;sokak;880305490
KIRKLARELİ;LÜLEBURGAZ;EVRENSEKİZ - KIRCAALİ;11. SOKAK;sokak;845571310
KIRKLARELİ;LÜLEBURGAZ;EVRENSEKİZ - KIRCAALİ;12. SOKAK;sokak;716048620
KIRKLARELİ;LÜLEBURGAZ;EVRENSEKİZ - KIRCAALİ;13. SOKAK;sokak;431292380
KIRKLARELİ;LÜLEBURGAZ;EVRENSEKİZ - KIRCAALİ;14. SOKAK;sokak;653961450
KIRKLARELİ;LÜLEBURGAZ;EVRENSEKİZ - KIRCAALİ;15. SOKAK;sokak;910637010
KIRKLARELİ;LÜLEBURGAZ;EVRENSEKİZ - KIRCAALİ;16. SOKAK;sokak;205125470
KIRKLARELİ;LÜLEBURGAZ;EVRENSEKİZ - KIRCAALİ;3. CADDE;cadde;298767520
KIRKLARELİ;LÜLEBURGAZ;EVRENSEKİZ - KIRCAALİ;300.SOKAK SOKAK;sokak;413213570
KIRKLARELİ;LÜLEBURGAZ;EVRENSEKİZ - KIRCAALİ;302. SOKAK SOKAK;sokak;925409620
KIRKLARELİ;LÜLEBURGAZ;EVRENSEKİZ - KIRCAALİ;303.SOKAK SOKAK;sokak;978112930
KIRKLARELİ;LÜLEBURGAZ;EVRENSEKİZ - KIRCAALİ;306. SOKAK;sokak;940163590
KIRKLARELİ;LÜLEBURGAZ;EVRENSEKİZ - KIRCAALİ;307. SOKAK;sokak;447986430
KIRKLARELİ;LÜLEBURGAZ;EVRENSEKİZ - KIRCAALİ;308. SOKAK;sokak;538945310
KIRKLARELİ;LÜLEBURGAZ;EVRENSEKİZ - KIRCAALİ;309. SOKAK;sokak;726423410
KIRKLARELİ;LÜLEBURGAZ;EVRENSEKİZ - KIRCAALİ;4. CADDE;cadde;223865930
KIRKLARELİ;LÜLEBURGAZ;EVRENSEKİZ - KIRCAALİ;AKASYA SOKAK;sokak;85439
KIRKLARELİ;LÜLEBURGAZ;EVRENSEKİZ - KIRCAALİ;ALAGÖZ SOKAK;sokak;507679040
KIRKLARELİ;LÜLEBURGAZ;EVRENSEKİZ - KIRCAALİ;ANDIÇ SOKAK;sokak;135118290
KIRKLARELİ;LÜLEBURGAZ;EVRENSEKİZ - KIRCAALİ;AVCILAR SOKAK;sokak;262702
KIRKLARELİ;LÜLEBURGAZ;EVRENSEKİZ - KIRCAALİ;BAĞLAR CADDE;cadde;262704
KIRKLARELİ;LÜLEBURGAZ;EVRENSEKİZ - KIRCAALİ;BATI 1 SOKAK;sokak;764583141
KIRKLARELİ;LÜLEBURGAZ;EVRENSEKİZ - KIRCAALİ;BATI CADDE;cadde;262703
KIRKLARELİ;LÜLEBURGAZ;EVRENSEKİZ - KIRCAALİ;CAN SOKAK;sokak;436575431
KIRKLARELİ;LÜLEBURGAZ;EVRENSEKİZ - KIRCAALİ;CEMRE SOKAK;sokak;373931701
KIRKLARELİ;LÜLEBURGAZ;EVRENSEKİZ - KIRCAALİ;CEVİZ SOKAK;sokak;503231871
KIRKLARELİ;LÜLEBURGAZ;EVRENSEKİZ - KIRCAALİ;CUMHURİYET CADDE;cadde;441902
KIRKLARELİ;LÜLEBURGAZ;EVRENSEKİZ - KIRCAALİ;ÇAPRAZ SOKAK;sokak;512161660
KIRKLARELİ;LÜLEBURGAZ;EVRENSEKİZ - KIRCAALİ;ÇİFTLİK SOKAK;sokak;612324841
KIRKLARELİ;LÜLEBURGAZ;EVRENSEKİZ - KIRCAALİ;D-100 CADDE;cadde;904551630
KIRKLARELİ;LÜLEBURGAZ;EVRENSEKİZ - KIRCAALİ;DAMLA SOKAK;sokak;576369460
KIRKLARELİ;LÜLEBURGAZ;EVRENSEKİZ - KIRCAALİ;DOKTORLAR SOKAK;sokak;603233591
KIRKLARELİ;LÜLEBURGAZ;EVRENSEKİZ - KIRCAALİ;E-5 BOYU-KARŞI TARAF CADDE;cadde;825732
KIRKLARELİ;LÜLEBURGAZ;EVRENSEKİZ - KIRCAALİ;ERSÖZ SOKAK;sokak;671371
KIRKLARELİ;LÜLEBURGAZ;EVRENSEKİZ - KIRCAALİ;ESKİ BURGAZ CADDE;cadde;262705
KIRKLARELİ;LÜLEBURGAZ;EVRENSEKİZ - KIRCAALİ;EVRENSEKİZ CADDE;cadde;1395067
KIRKLARELİ;LÜLEBURGAZ;EVRENSEKİZ - KIRCAALİ;FINDIK SOKAK;sokak;230953751
KIRKLARELİ;LÜLEBURGAZ;EVRENSEKİZ - KIRCAALİ;GÖLET CADDE;cadde;895763
KIRKLARELİ;LÜLEBURGAZ;EVRENSEKİZ - KIRCAALİ;GÜMÜŞ SOKAK;sokak;85433
KIRKLARELİ;LÜLEBURGAZ;EVRENSEKİZ - KIRCAALİ;GÜNEŞ SOKAK;sokak;262707
KIRKLARELİ;LÜLEBURGAZ;EVRENSEKİZ - KIRCAALİ;HATİP SOKAK;sokak;672508
KIRKLARELİ;LÜLEBURGAZ;EVRENSEKİZ - KIRCAALİ;İĞNECİ AHMET SOKAK;sokak;818176940
KIRKLARELİ;LÜLEBURGAZ;EVRENSEKİZ - KIRCAALİ;İZMİRLİ SOKAK;sokak;667116
KIRKLARELİ;LÜLEBURGAZ;EVRENSEKİZ - KIRCAALİ;KARAÇAM SOKAK;sokak;521783990
KIRKLARELİ;LÜLEBURGAZ;EVRENSEKİZ - KIRCAALİ;KARAKUŞ SOKAK;sokak;441903
KIRKLARELİ;LÜLEBURGAZ;EVRENSEKİZ - KIRCAALİ;KARANFİL SOKAK;sokak;464189
KIRKLARELİ;LÜLEBURGAZ;EVRENSEKİZ - KIRCAALİ;KARDELEN SOKAK;sokak;85449
KIRKLARELİ;LÜLEBURGAZ;EVRENSEKİZ - KIRCAALİ;KIRALİ SOKAK;sokak;380439
KIRKLARELİ;LÜLEBURGAZ;EVRENSEKİZ - KIRCAALİ;KİRAZ SOKAK;sokak;756495661
KIRKLARELİ;LÜLEBURGAZ;EVRENSEKİZ - KIRCAALİ;KÖY ALTI CADDE;cadde;825749
KIRKLARELİ;LÜLEBURGAZ;EVRENSEKİZ - KIRCAALİ;LALE SOKAK;sokak;85442
KIRKLARELİ;LÜLEBURGAZ;EVRENSEKİZ - KIRCAALİ;MENEKŞE SOKAK;sokak;669356
KIRKLARELİ;LÜLEBURGAZ;EVRENSEKİZ - KIRCAALİ;NALBANT SOKAK;sokak;380810
KIRKLARELİ;LÜLEBURGAZ;EVRENSEKİZ - KIRCAALİ;ORKİDE SOKAK;sokak;671742
KIRKLARELİ;LÜLEBURGAZ;EVRENSEKİZ - KIRCAALİ;OVACIK SOKAK;sokak;172140160
KIRKLARELİ;LÜLEBURGAZ;EVRENSEKİZ - KIRCAALİ;PARK 1 SOKAK;sokak;251537501
KIRKLARELİ;LÜLEBURGAZ;EVRENSEKİZ - KIRCAALİ;RASİM AY SOKAK;sokak;262708
KIRKLARELİ;LÜLEBURGAZ;EVRENSEKİZ - KIRCAALİ;SARMAŞIK SOKAK;sokak;262709
KIRKLARELİ;LÜLEBURGAZ;EVRENSEKİZ - KIRCAALİ;SELVİ SOKAK;sokak;538176311
KIRKLARELİ;LÜLEBURGAZ;EVRENSEKİZ - KIRCAALİ;SERÇE SOKAK;sokak;18940809
KIRKLARELİ;LÜLEBURGAZ;EVRENSEKİZ - KIRCAALİ;SEYLAP EVLERİ 1 SOKAK;sokak;351874831
KIRKLARELİ;LÜLEBURGAZ;EVRENSEKİZ - KIRCAALİ;SEYLAP EVLERİ SOKAK;sokak;441904
KIRKLARELİ;LÜLEBURGAZ;EVRENSEKİZ - KIRCAALİ;TARLA BAŞI CADDE;cadde;262710
KIRKLARELİ;LÜLEBURGAZ;EVRENSEKİZ - KIRCAALİ;TEKNİK SOKAK;sokak;290222581
KIRKLARELİ;LÜLEBURGAZ;EVRENSEKİZ - KIRCAALİ;TEPE SOKAK;sokak;85444
KIRKLARELİ;LÜLEBURGAZ;EVRENSEKİZ - KIRCAALİ;TRAFİK SOKAK;sokak;667115
KIRKLARELİ;LÜLEBURGAZ;EVRENSEKİZ - KIRCAALİ;USTA SOKAK;sokak;595101561
KIRKLARELİ;LÜLEBURGAZ;EVRENSEKİZ - KIRCAALİ;UYGAR SOKAK;sokak;63932636
KIRKLARELİ;LÜLEBURGAZ;EVRENSEKİZ - KIRCAALİ;ÜÇEL SOKAK;sokak;171340240
KIRKLARELİ;LÜLEBURGAZ;EVRENSEKİZ - KIRCAALİ;VARDAR SOKAK;sokak;262711
KIRKLARELİ;LÜLEBURGAZ;EVRENSEKİZ - KIRCAALİ;YAĞMUR SOKAK;sokak;840054
KIRKLARELİ;LÜLEBURGAZ;EVRENSEKİZ - KIRCAALİ;ZAMBAK SOKAK;sokak;671738
KIRKLARELİ;LÜLEBURGAZ;GENÇLİK;BARAN 1.ARA SOKAK;sokak;296717
KIRKLARELİ;LÜLEBURGAZ;GENÇLİK;BARAN 2.ARA SOKAK;sokak;296718
KIRKLARELİ;LÜLEBURGAZ;GENÇLİK;BARAN 3.ARA SOKAK;sokak;296719
KIRKLARELİ;LÜLEBURGAZ;GENÇLİK;BARAN 4.ARA SOKAK;sokak;296720
KIRKLARELİ;LÜLEBURGAZ;GENÇLİK;BARAN SOKAK;sokak;296716
KIRKLARELİ;LÜLEBURGAZ;GENÇLİK;BEDRİ YAVAŞ SOKAK;sokak;296721
KIRKLARELİ;LÜLEBURGAZ;GENÇLİK;COŞKUN SOKAK;sokak;296722
KIRKLARELİ;LÜLEBURGAZ;GENÇLİK;ÇEVRE SOKAK;sokak;296723
KIRKLARELİ;LÜLEBURGAZ;GENÇLİK;EBRU 1. SOKAK;sokak;296724
KIRKLARELİ;LÜLEBURGAZ;GENÇLİK;ERAY SOKAK;sokak;296725
KIRKLARELİ;LÜLEBURGAZ;GENÇLİK;ESKİ İSTASYON CADDE;cadde;296726
KIRKLARELİ;LÜLEBURGAZ;GENÇLİK;GÖÇMEN 1. SOKAK;sokak;296727
KIRKLARELİ;LÜLEBURGAZ;GENÇLİK;GÖNÜL SOKAK;sokak;296728
KIRKLARELİ;LÜLEBURGAZ;GENÇLİK;GÖRKEM 5. SOKAK;sokak;296729
KIRKLARELİ;LÜLEBURGAZ;GENÇLİK;GÜNAY SOKAK;sokak;296730
KIRKLARELİ;LÜLEBURGAZ;GENÇLİK;GÜNEŞ SOKAK;sokak;296731
KIRKLARELİ;LÜLEBURGAZ;GENÇLİK;IŞIL SOKAK;sokak;296732
KIRKLARELİ;LÜLEBURGAZ;GENÇLİK;İSTASYON CADDE;cadde;296733
KIRKLARELİ;LÜLEBURGAZ;GENÇLİK;LALE 1. SOKAK;sokak;296734
KIRKLARELİ;LÜLEBURGAZ;GENÇLİK;LALE 2. SOKAK;sokak;296735
KIRKLARELİ;LÜLEBURGAZ;GENÇLİK;NARLI SOKAK;sokak;296736
KIRKLARELİ;LÜLEBURGAZ;GENÇLİK;ÖĞRETMEN SOKAK;sokak;296737
KIRKLARELİ;LÜLEBURGAZ;GENÇLİK;RÜŞTÜ AKIN CADDE;cadde;296738
KIRKLARELİ;LÜLEBURGAZ;GENÇLİK;SELAMİ ŞAŞMAZ CADDE;cadde;296739
KIRKLARELİ;LÜLEBURGAZ;GENÇLİK;SENA SOKAK;sokak;296740
KIRKLARELİ;LÜLEBURGAZ;GENÇLİK;SEYLAP EVLERİ 1.ARA SOKAK;sokak;296741
KIRKLARELİ;LÜLEBURGAZ;GENÇLİK;SEYLAP EVLERİ 2.ARA SOKAK;sokak;296742
KIRKLARELİ;LÜLEBURGAZ;GENÇLİK;SEYLAP EVLERİ 3.ARA SOKAK;sokak;296743
KIRKLARELİ;LÜLEBURGAZ;GENÇLİK;SEYLAP EVLERİ 4.ARA SOKAK;sokak;296744
KIRKLARELİ;LÜLEBURGAZ;GENÇLİK;SEYLAP EVLERİ 5.ARA SOKAK;sokak;296745
KIRKLARELİ;LÜLEBURGAZ;GENÇLİK;ŞEHİT MEDNAN TUNA SOKAK;sokak;296746
KIRKLARELİ;LÜLEBURGAZ;GENÇLİK;ULUS CADDE;cadde;918368
KIRKLARELİ;LÜLEBURGAZ;GENÇLİK;ZELİHA ÖZBEK CADDE;cadde;296747
KIRKLARELİ;LÜLEBURGAZ;GÜNDOĞU;ÇALI ÇEŞME SOKAK;sokak;223593
KIRKLARELİ;LÜLEBURGAZ;GÜNDOĞU;ÇATI SOKAK;sokak;223594
KIRKLARELİ;LÜLEBURGAZ;GÜNDOĞU;ÇİFTLİKLİ SOKAK;sokak;223595
KIRKLARELİ;LÜLEBURGAZ;GÜNDOĞU;DOLUNAY SOKAK;sokak;223596
KIRKLARELİ;LÜLEBURGAZ;GÜNDOĞU;EMRULLAH EFENDİ CADDE;cadde;223597
KIRKLARELİ;LÜLEBURGAZ;GÜNDOĞU;FATİH CADDE;cadde;223598
KIRKLARELİ;LÜLEBURGAZ;GÜNDOĞU;HALEBAK SOKAK;sokak;223599
KIRKLARELİ;LÜLEBURGAZ;GÜNDOĞU;HARMAN SOKAK;sokak;223600
KIRKLARELİ;LÜLEBURGAZ;GÜNDOĞU;IŞIK SOKAK;sokak;223601
KIRKLARELİ;LÜLEBURGAZ;GÜNDOĞU;IŞIKLAR CADDE;cadde;223602
KIRKLARELİ;LÜLEBURGAZ;GÜNDOĞU;KARDELEN SOKAK;sokak;223603
KIRKLARELİ;LÜLEBURGAZ;GÜNDOĞU;KENAR CADDE;cadde;223604
KIRKLARELİ;LÜLEBURGAZ;GÜNDOĞU;KESKİN KAYA SOKAK;sokak;223605
KIRKLARELİ;LÜLEBURGAZ;GÜNDOĞU;KIŞLA SOKAK;sokak;223606
KIRKLARELİ;LÜLEBURGAZ;GÜNDOĞU;KOŞUBAYIRI SOKAK;sokak;223607
KIRKLARELİ;LÜLEBURGAZ;GÜNDOĞU;KUYU SOKAK;sokak;223608
KIRKLARELİ;LÜLEBURGAZ;GÜNDOĞU;NAMAZGAH SOKAK;sokak;223609
KIRKLARELİ;LÜLEBURGAZ;GÜNDOĞU;ÖĞÜKLER SOKAK;sokak;223610
KIRKLARELİ;LÜLEBURGAZ;GÜNDOĞU;PARK SOKAK;sokak;223611
KIRKLARELİ;LÜLEBURGAZ;GÜNDOĞU;SOĞUKKUYU 1. SOKAK;sokak;74295
KIRKLARELİ;LÜLEBURGAZ;GÜNDOĞU;SOĞUKKUYU SOKAK;sokak;223612
KIRKLARELİ;LÜLEBURGAZ;GÜNDOĞU;ŞEHİT BEYTULLAH ÖZCAN SOKAK;sokak;223613
KIRKLARELİ;LÜLEBURGAZ;GÜNDOĞU;ŞEHİT NECMETTİN GÜÇLÜ SOKAK;sokak;223614
KIRKLARELİ;LÜLEBURGAZ;GÜNDOĞU;ŞEVKET TOPAL SOKAK;sokak;223615
KIRKLARELİ;LÜLEBURGAZ;GÜNDOĞU;TURGUT ARA SOKAK;sokak;223934
KIRKLARELİ;LÜLEBURGAZ;GÜNDOĞU;TURGUT SOKAK;sokak;223616
KIRKLARELİ;LÜLEBURGAZ;GÜNDOĞU;YENİ SOKAK;sokak;223935
KIRKLARELİ;LÜLEBURGAZ;GÜNEŞ;8 KASIM CADDE;cadde;223936
KIRKLARELİ;LÜLEBURGAZ;GÜNEŞ;ALP 1. SOKAK;sokak;918370
KIRKLARELİ;LÜLEBURGAZ;GÜNEŞ;ALP SOKAK;sokak;223937
KIRKLARELİ;LÜLEBURGAZ;GÜNEŞ;ALPER SOKAK;sokak;223938
KIRKLARELİ;LÜLEBURGAZ;GÜNEŞ;ANAFARTALAR SOKAK;sokak;223939
KIRKLARELİ;LÜLEBURGAZ;GÜNEŞ;ARMAĞAN SOKAK;sokak;223940
KIRKLARELİ;LÜLEBURGAZ;GÜNEŞ;ATA CADDE;cadde;223941
KIRKLARELİ;LÜLEBURGAZ;GÜNEŞ;ATAMAN SOKAK;sokak;223942
KIRKLARELİ;LÜLEBURGAZ;GÜNEŞ;BADEM SOKAK;sokak;423657
KIRKLARELİ;LÜLEBURGAZ;GÜNEŞ;BAKİ BECER SOKAK;sokak;223943
KIRKLARELİ;LÜLEBURGAZ;GÜNEŞ;BALKAN CADDE;cadde;223944
KIRKLARELİ;LÜLEBURGAZ;GÜNEŞ;BARBAROS SOKAK;sokak;223945
KIRKLARELİ;LÜLEBURGAZ;GÜNEŞ;BAŞAK 2. SOKAK;sokak;186659
KIRKLARELİ;LÜLEBURGAZ;GÜNEŞ;BAŞARAN SOKAK;sokak;223946
KIRKLARELİ;LÜLEBURGAZ;GÜNEŞ;BELKIS SOKAK;sokak;223947
KIRKLARELİ;LÜLEBURGAZ;GÜNEŞ;BİRBEN SOKAK;sokak;223949
KIRKLARELİ;LÜLEBURGAZ;GÜNEŞ;BİRSU SOKAK;sokak;223948
KIRKLARELİ;LÜLEBURGAZ;GÜNEŞ;BUKET SOKAK;sokak;223950
KIRKLARELİ;LÜLEBURGAZ;GÜNEŞ;CEBELLİ CADDE;cadde;223951
KIRKLARELİ;LÜLEBURGAZ;GÜNEŞ;CEVHER SOKAK;sokak;223952
KIRKLARELİ;LÜLEBURGAZ;GÜNEŞ;CEYLAN SOKAK;sokak;223953
KIRKLARELİ;LÜLEBURGAZ;GÜNEŞ;CÖMERT SOKAK;sokak;220745
KIRKLARELİ;LÜLEBURGAZ;GÜNEŞ;ÇALHAN SOKAK;sokak;223954
KIRKLARELİ;LÜLEBURGAZ;GÜNEŞ;ÇAYIR SOKAK;sokak;223955
KIRKLARELİ;LÜLEBURGAZ;GÜNEŞ;ÇETİN YELMEZ BULVAR;sokak;223956
KIRKLARELİ;LÜLEBURGAZ;GÜNEŞ;ÇEVRE YOLU CADDE;cadde;223957
KIRKLARELİ;LÜLEBURGAZ;GÜNEŞ;DAYIOĞLU CADDE;cadde;223958
KIRKLARELİ;LÜLEBURGAZ;GÜNEŞ;DERMAN SOKAK;sokak;223959
KIRKLARELİ;LÜLEBURGAZ;GÜNEŞ;DERYA SOKAK;sokak;213704
KIRKLARELİ;LÜLEBURGAZ;GÜNEŞ;DEVRİM SOKAK;sokak;223960
KIRKLARELİ;LÜLEBURGAZ;GÜNEŞ;DOĞUŞ 1. SOKAK;sokak;223961
KIRKLARELİ;LÜLEBURGAZ;GÜNEŞ;DR. AHMET BEY BULVAR;sokak;223962
KIRKLARELİ;LÜLEBURGAZ;GÜNEŞ;DR. FERİT NEJAT ECZACIBAŞI CADDE;cadde;223963
KIRKLARELİ;LÜLEBURGAZ;GÜNEŞ;DUYGU CADDE;cadde;223964
KIRKLARELİ;LÜLEBURGAZ;GÜNEŞ;ECE 1. SOKAK;sokak;223965
KIRKLARELİ;LÜLEBURGAZ;GÜNEŞ;ENGİN SOKAK;sokak;223966
KIRKLARELİ;LÜLEBURGAZ;GÜNEŞ;FEYZULLAH ÇARIKÇI CADDE;cadde;223967
KIRKLARELİ;LÜLEBURGAZ;GÜNEŞ;FINDIK SOKAK;sokak;223968
KIRKLARELİ;LÜLEBURGAZ;GÜNEŞ;GELİNCİK SOKAK;sokak;223969
KIRKLARELİ;LÜLEBURGAZ;GÜNEŞ;GİRAY SOKAK;sokak;223970
KIRKLARELİ;LÜLEBURGAZ;GÜNEŞ;GONCA SOKAK;sokak;223971
KIRKLARELİ;LÜLEBURGAZ;GÜNEŞ;GÖKSEL SOKAK;sokak;223972
KIRKLARELİ;LÜLEBURGAZ;GÜNEŞ;GÜLÇAY SOKAK;sokak;220744
KIRKLARELİ;LÜLEBURGAZ;GÜNEŞ;GÜLÜBOL SOKAK;sokak;423727
KIRKLARELİ;LÜLEBURGAZ;GÜNEŞ;HALİM SOKAK;sokak;220746
KIRKLARELİ;LÜLEBURGAZ;GÜNEŞ;HASAN TABAK SOKAK;sokak;220747
KIRKLARELİ;LÜLEBURGAZ;GÜNEŞ;HOŞGÖR SOKAK;sokak;220748
KIRKLARELİ;LÜLEBURGAZ;GÜNEŞ;İLKER SOKAK;sokak;220749
KIRKLARELİ;LÜLEBURGAZ;GÜNEŞ;İREM SOKAK;sokak;220750
KIRKLARELİ;LÜLEBURGAZ;GÜNEŞ;İZER SOKAK;sokak;220751
KIRKLARELİ;LÜLEBURGAZ;GÜNEŞ;KAZIM KARABEKİR SOKAK;sokak;220752
KIRKLARELİ;LÜLEBURGAZ;GÜNEŞ;KENAR CADDE;cadde;220753
KIRKLARELİ;LÜLEBURGAZ;GÜNEŞ;KILIÇOĞLU SOKAK;sokak;220754
KIRKLARELİ;LÜLEBURGAZ;GÜNEŞ;KISA 1. SOKAK;sokak;220755
KIRKLARELİ;LÜLEBURGAZ;GÜNEŞ;KISALAR SOKAK;sokak;220785
KIRKLARELİ;LÜLEBURGAZ;GÜNEŞ;KOCAMAN CADDE;cadde;220756
KIRKLARELİ;LÜLEBURGAZ;GÜNEŞ;KOŞUYOLU SOKAK;sokak;220757
KIRKLARELİ;LÜLEBURGAZ;GÜNEŞ;MESLEK CADDE;cadde;220758
KIRKLARELİ;LÜLEBURGAZ;GÜNEŞ;MEŞELİ SOKAK;sokak;220759
KIRKLARELİ;LÜLEBURGAZ;GÜNEŞ;MUTLU 1. SOKAK;sokak;220760
KIRKLARELİ;LÜLEBURGAZ;GÜNEŞ;MÜGE SOKAK;sokak;220761
KIRKLARELİ;LÜLEBURGAZ;GÜNEŞ;NERGİS SOKAK;sokak;220762
KIRKLARELİ;LÜLEBURGAZ;GÜNEŞ;NİMET SOKAK;sokak;220763
KIRKLARELİ;LÜLEBURGAZ;GÜNEŞ;OCAK SOKAK;sokak;220764
KIRKLARELİ;LÜLEBURGAZ;GÜNEŞ;OZANLAR SOKAK;sokak;220765
KIRKLARELİ;LÜLEBURGAZ;GÜNEŞ;ÖZGÜR SOKAK;sokak;220766
KIRKLARELİ;LÜLEBURGAZ;GÜNEŞ;ÖZLEM SOKAK;sokak;220767
KIRKLARELİ;LÜLEBURGAZ;GÜNEŞ;PAPATYA SOKAK;sokak;220768
KIRKLARELİ;LÜLEBURGAZ;GÜNEŞ;PAŞA SOKAK;sokak;220769
KIRKLARELİ;LÜLEBURGAZ;GÜNEŞ;SAKIZKÖY CADDE;cadde;220770
KIRKLARELİ;LÜLEBURGAZ;GÜNEŞ;SAKIZKÖY YOLU KÜME EVLER;sokak;384530
KIRKLARELİ;LÜLEBURGAZ;GÜNEŞ;SEVİN SOKAK;sokak;220771
KIRKLARELİ;LÜLEBURGAZ;GÜNEŞ;SEVİNÇ SOKAK;sokak;220772
KIRKLARELİ;LÜLEBURGAZ;GÜNEŞ;ŞEN 1. SOKAK;sokak;220773
KIRKLARELİ;LÜLEBURGAZ;GÜNEŞ;ŞÜKRAN SOKAK;sokak;220774
KIRKLARELİ;LÜLEBURGAZ;GÜNEŞ;UYAR CADDE;cadde;220775
KIRKLARELİ;LÜLEBURGAZ;GÜNEŞ;ÜRÜN SOKAK;sokak;220776
KIRKLARELİ;LÜLEBURGAZ;GÜNEŞ;YAHYA ÜSTÜNAY SOKAK;sokak;220777
KIRKLARELİ;LÜLEBURGAZ;GÜNEŞ;YALNIZ SOKAK;sokak;220778
KIRKLARELİ;LÜLEBURGAZ;GÜNEŞ;YENİ MEZARLIK KÜME EVLER;sokak;726068740
KIRKLARELİ;LÜLEBURGAZ;GÜNEŞ;YILDIZ SOKAK;sokak;220779
KIRKLARELİ;LÜLEBURGAZ;GÜNEŞ;YILMAZ CADDE;cadde;220780
KIRKLARELİ;LÜLEBURGAZ;GÜNEŞ;YÜKSEL SOKAK;sokak;220781
KIRKLARELİ;LÜLEBURGAZ;GÜNEŞ;ZAFER 6.ARA SOKAK;sokak;220783
KIRKLARELİ;LÜLEBURGAZ;GÜNEŞ;ZAFER 7.ARA SOKAK;sokak;220784
KIRKLARELİ;LÜLEBURGAZ;GÜNEŞ;ZAFER CADDE;cadde;220782
KIRKLARELİ;LÜLEBURGAZ;GÜNEŞ;ZEYCAN SOKAK;sokak;423726
KIRKLARELİ;LÜLEBURGAZ;HAMİTABAT - KÖYDIŞI;ÇİĞDEM TEPE MEVKİİ SOKAK;sokak;894920
KIRKLARELİ;LÜLEBURGAZ;HAMİTABAT - KÖYDIŞI;DÜZLÜK MEVKİİ SOKAK;sokak;834564
KIRKLARELİ;LÜLEBURGAZ;HAMİTABAT - KÖYDIŞI;HAMİTABAT K.D. KÜME EVLER;sokak;196808910
KIRKLARELİ;LÜLEBURGAZ;HAMİTABAT - KÖYDIŞI;YOL KÜME EVLER;sokak;822349230
KIRKLARELİ;LÜLEBURGAZ;HAMİTABAT NA;HAMİTABAT KÜME EVLER;sokak;630604
KIRKLARELİ;LÜLEBURGAZ;HAMİTABAT NA;HAMİTABAT TAR. HAYV. LTD. ŞTİ. KÜME EVLER;sokak;837665
KIRKLARELİ;LÜLEBURGAZ;HAMİTABAT NA;KÖYDIŞIYOLU KÜME EVLER;sokak;946214300
KIRKLARELİ;LÜLEBURGAZ;HAMİTABAT NA;TİLKİBURNU MEVKİİ KÜME EVLER SOKAK;sokak;876472
KIRKLARELİ;LÜLEBURGAZ;HAMZABEY NA;HAMZABEY KÜME EVLER;sokak;524797
KIRKLARELİ;LÜLEBURGAZ;HÜRRİYET;ALAN SOKAK;sokak;220787
KIRKLARELİ;LÜLEBURGAZ;HÜRRİYET;ARALIK SOKAK;sokak;220788
KIRKLARELİ;LÜLEBURGAZ;HÜRRİYET;ATATÜRK CADDE;cadde;320003580
KIRKLARELİ;LÜLEBURGAZ;HÜRRİYET;ATLAS SOKAK;sokak;874031
KIRKLARELİ;LÜLEBURGAZ;HÜRRİYET;BARIŞ SOKAK;sokak;220789
KIRKLARELİ;LÜLEBURGAZ;HÜRRİYET;CUMHURİYET CADDE;cadde;966319081
KIRKLARELİ;LÜLEBURGAZ;HÜRRİYET;ÇAĞLAR SOKAK;sokak;199918430
KIRKLARELİ;LÜLEBURGAZ;HÜRRİYET;ÇANAKKALE ŞEHİTLERİ CADDE;cadde;284003
KIRKLARELİ;LÜLEBURGAZ;HÜRRİYET;ÇEVRE 1. SOKAK;sokak;221951
KIRKLARELİ;LÜLEBURGAZ;HÜRRİYET;DAMLA SOKAK;sokak;418305630
KIRKLARELİ;LÜLEBURGAZ;HÜRRİYET;DİLAY SOKAK;sokak;221931
KIRKLARELİ;LÜLEBURGAZ;HÜRRİYET;DİYANET SOKAK;sokak;221932
KIRKLARELİ;LÜLEBURGAZ;HÜRRİYET;DOSTLAR SOKAK;sokak;463898130
KIRKLARELİ;LÜLEBURGAZ;HÜRRİYET;EDİRNE ASFALTI KÜME EVLER;sokak;455382041
KIRKLARELİ;LÜLEBURGAZ;HÜRRİYET;EDİRNE ASFALTI KÜME EVLER 2 KÜME EVLER;sokak;970440770
KIRKLARELİ;LÜLEBURGAZ;HÜRRİYET;EDİRNE ASFALTI KÜME EVLER KÜME EVLER;sokak;704402840
KIRKLARELİ;LÜLEBURGAZ;HÜRRİYET;EKRU SOKAK;sokak;746145790
KIRKLARELİ;LÜLEBURGAZ;HÜRRİYET;ENDER YUVAM KENT ARKASI KÜME EVLER;sokak;746780530
KIRKLARELİ;LÜLEBURGAZ;HÜRRİYET;ESKİ İSTASYON CADDE;cadde;221933
KIRKLARELİ;LÜLEBURGAZ;HÜRRİYET;GÖKHAN SOKAK;sokak;221935
KIRKLARELİ;LÜLEBURGAZ;HÜRRİYET;GÖNÜL SOKAK;sokak;221936
KIRKLARELİ;LÜLEBURGAZ;HÜRRİYET;GÜNEBAKAN SOKAK;sokak;195284540
KIRKLARELİ;LÜLEBURGAZ;HÜRRİYET;GÜVEN SOKAK;sokak;221937
KIRKLARELİ;LÜLEBURGAZ;HÜRRİYET;ISTIRANCA SOKAK;sokak;532351310
KIRKLARELİ;LÜLEBURGAZ;HÜRRİYET;İNKILAP 1. SOKAK;sokak;221952
KIRKLARELİ;LÜLEBURGAZ;HÜRRİYET;İSTASYON CADDE;cadde;221934
KIRKLARELİ;LÜLEBURGAZ;HÜRRİYET;KALMAZ SOKAK;sokak;221938
KIRKLARELİ;LÜLEBURGAZ;HÜRRİYET;KELKİT SOKAK;sokak;221939
KIRKLARELİ;LÜLEBURGAZ;HÜRRİYET;KÜLTÜR 5. ARA SOKAK;sokak;221940
KIRKLARELİ;LÜLEBURGAZ;HÜRRİYET;KÜLTÜR 6. ARA SOKAK;sokak;812671
KIRKLARELİ;LÜLEBURGAZ;HÜRRİYET;LOJMAN SOKAK;sokak;221941
KIRKLARELİ;LÜLEBURGAZ;HÜRRİYET;MELİS SOKAK;sokak;813400
KIRKLARELİ;LÜLEBURGAZ;HÜRRİYET;MERCAN SOKAK;sokak;470047260
KIRKLARELİ;LÜLEBURGAZ;HÜRRİYET;MUHTAR SOKAK;sokak;221942
KIRKLARELİ;LÜLEBURGAZ;HÜRRİYET;MURAT HÜDAVENDİGAR CADDE;cadde;221943
KIRKLARELİ;LÜLEBURGAZ;HÜRRİYET;NAR ÇİÇEĞİ SOKAK;sokak;446496301
KIRKLARELİ;LÜLEBURGAZ;HÜRRİYET;OKUL SOKAK;sokak;221944
KIRKLARELİ;LÜLEBURGAZ;HÜRRİYET;PAZARYERİ SOKAK;sokak;818654
KIRKLARELİ;LÜLEBURGAZ;HÜRRİYET;SEYLAP EVLERİ 1.ARA SOKAK;sokak;221945
KIRKLARELİ;LÜLEBURGAZ;HÜRRİYET;SEYLAP EVLERİ 2.ARA SOKAK;sokak;221946
KIRKLARELİ;LÜLEBURGAZ;HÜRRİYET;SEYLAP EVLERİ 3.ARA SOKAK;sokak;221947
KIRKLARELİ;LÜLEBURGAZ;HÜRRİYET;SEYLAP EVLERİ 4.ARA SOKAK;sokak;221948
KIRKLARELİ;LÜLEBURGAZ;HÜRRİYET;SOMON SOKAK;sokak;113066771
KIRKLARELİ;LÜLEBURGAZ;HÜRRİYET;SÖĞÜT CADDE;cadde;818655
KIRKLARELİ;LÜLEBURGAZ;HÜRRİYET;ŞEKER SOKAK;sokak;221950
KIRKLARELİ;LÜLEBURGAZ;HÜRRİYET;TÜRKAN SAYLAN CADDE;cadde;702876440
KIRKLARELİ;LÜLEBURGAZ;HÜRRİYET;UÇTU SOKAK;sokak;221949
KIRKLARELİ;LÜLEBURGAZ;HÜRRİYET;ULUS CADDE;cadde;813399
KIRKLARELİ;LÜLEBURGAZ;HÜRRİYET;YENİ 1. SOKAK;sokak;220786
KIRKLARELİ;LÜLEBURGAZ;HÜRRİYET;YENİ PAZARYERİ ARKASI KÜME EVLER;sokak;284004
KIRKLARELİ;LÜLEBURGAZ;İNÖNÜ;AKAT SOKAK;sokak;295586
KIRKLARELİ;LÜLEBURGAZ;İNÖNÜ;ARKA SOKAK;sokak;295587
KIRKLARELİ;LÜLEBURGAZ;İNÖNÜ;AYYILDIZ SOKAK;sokak;295588
KIRKLARELİ;LÜLEBURGAZ;İNÖNÜ;BİRLEŞ SOKAK;sokak;295058
KIRKLARELİ;LÜLEBURGAZ;İNÖNÜ;CAFER TAYYAR SOKAK;sokak;295059
KIRKLARELİ;LÜLEBURGAZ;İNÖNÜ;ERSİN SOKAK;sokak;295060
KIRKLARELİ;LÜLEBURGAZ;İNÖNÜ;ESKİ BEDİR CADDE;cadde;296590
KIRKLARELİ;LÜLEBURGAZ;İNÖNÜ;FERHAT PAŞA SOKAK;sokak;295061
KIRKLARELİ;LÜLEBURGAZ;İNÖNÜ;GENERAL FERHAT AKAT CADDE;cadde;296589
KIRKLARELİ;LÜLEBURGAZ;İNÖNÜ;HÜRRİYET CADDE;cadde;295062
KIRKLARELİ;LÜLEBURGAZ;İNÖNÜ;İSTANBUL CADDE;cadde;295071
KIRKLARELİ;LÜLEBURGAZ;İNÖNÜ;İSTASYON CADDE;cadde;296591
KIRKLARELİ;LÜLEBURGAZ;İNÖNÜ;KUVA-İ MİLLİYE SOKAK;sokak;295063
KIRKLARELİ;LÜLEBURGAZ;İNÖNÜ;MEHMET SALİH ARI CADDE;cadde;295072
KIRKLARELİ;LÜLEBURGAZ;İNÖNÜ;MURAT HÜDAVENDİGAR CADDE;cadde;295064
KIRKLARELİ;LÜLEBURGAZ;İNÖNÜ;ÖZDİLEK SOKAK;sokak;295065
KIRKLARELİ;LÜLEBURGAZ;İNÖNÜ;ŞEHİT PİLOT ÖZDİLEK SOKAK;sokak;295066
KIRKLARELİ;LÜLEBURGAZ;İNÖNÜ;ŞEHİT UĞUR GÖREN SOKAK;sokak;295067
KIRKLARELİ;LÜLEBURGAZ;İNÖNÜ;TUĞLACI ARA SOKAK;sokak;295068
KIRKLARELİ;LÜLEBURGAZ;İNÖNÜ;TUĞLACI SOKAK;sokak;295073
KIRKLARELİ;LÜLEBURGAZ;İNÖNÜ;YAMAN SOKAK;sokak;295069
KIRKLARELİ;LÜLEBURGAZ;İNÖNÜ;YURDAKUL SOKAK;sokak;295070
KIRKLARELİ;LÜLEBURGAZ;İSTİKLAL;ADA CADDE;cadde;738522531
KIRKLARELİ;LÜLEBURGAZ;İSTİKLAL;ADİLE NAŞİT CADDE;cadde;535804781
KIRKLARELİ;LÜLEBURGAZ;İSTİKLAL;AFİFE JALE CADDE;cadde;306299011
KIRKLARELİ;LÜLEBURGAZ;İSTİKLAL;AKAR 1. SOKAK;sokak;296625
KIRKLARELİ;LÜLEBURGAZ;İSTİKLAL;ALTUĞ SOKAK;sokak;886822651
KIRKLARELİ;LÜLEBURGAZ;İSTİKLAL;ANITKABİR CADDE;cadde;627874111
KIRKLARELİ;LÜLEBURGAZ;İSTİKLAL;ARI SOKAK;sokak;558300871
KIRKLARELİ;LÜLEBURGAZ;İSTİKLAL;ARKADAŞ SOKAK;sokak;296626
KIRKLARELİ;LÜLEBURGAZ;İSTİKLAL;AŞKİYE ÇAL CADDE;cadde;593514111
KIRKLARELİ;LÜLEBURGAZ;İSTİKLAL;ATMACA SOKAK;sokak;452506771
KIRKLARELİ;LÜLEBURGAZ;İSTİKLAL;BAL SOKAK;sokak;931381621
KIRKLARELİ;LÜLEBURGAZ;İSTİKLAL;BAYRAK SOKAK;sokak;918409
KIRKLARELİ;LÜLEBURGAZ;İSTİKLAL;BEREKET SOKAK;sokak;918428
KIRKLARELİ;LÜLEBURGAZ;İSTİKLAL;BESTE SOKAK;sokak;918418
KIRKLARELİ;LÜLEBURGAZ;İSTİKLAL;BEYAZ SİTELER SOKAK;sokak;296627
KIRKLARELİ;LÜLEBURGAZ;İSTİKLAL;BURCU SOKAK;sokak;296628
KIRKLARELİ;LÜLEBURGAZ;İSTİKLAL;BÜKLÜM CADDE;cadde;296629
KIRKLARELİ;LÜLEBURGAZ;İSTİKLAL;CANAN SOKAK;sokak;296630
KIRKLARELİ;LÜLEBURGAZ;İSTİKLAL;CEMRE SOKAK;sokak;296631
KIRKLARELİ;LÜLEBURGAZ;İSTİKLAL;ÇAKIL SOKAK;sokak;957648741
KIRKLARELİ;LÜLEBURGAZ;İSTİKLAL;ÇERMEN CADDE;cadde;202241
KIRKLARELİ;LÜLEBURGAZ;İSTİKLAL;DENİZ SOKAK;sokak;969780361
KIRKLARELİ;LÜLEBURGAZ;İSTİKLAL;DOĞUŞ ARKASI SOKAK;sokak;296633
KIRKLARELİ;LÜLEBURGAZ;İSTİKLAL;DOĞUŞ CADDE;cadde;296632
KIRKLARELİ;LÜLEBURGAZ;İSTİKLAL;DRAMA SOKAK;sokak;918440
KIRKLARELİ;LÜLEBURGAZ;İSTİKLAL;EMEKTAR SOKAK;sokak;381077101
KIRKLARELİ;LÜLEBURGAZ;İSTİKLAL;ESKİ BEDİR CADDE;cadde;296634
KIRKLARELİ;LÜLEBURGAZ;İSTİKLAL;FASIL SOKAK;sokak;918420
KIRKLARELİ;LÜLEBURGAZ;İSTİKLAL;FATİH SULTAN MEHMET CADDE;cadde;710366851
KIRKLARELİ;LÜLEBURGAZ;İSTİKLAL;FATMA REFET ANGIN CADDE;cadde;643747391
KIRKLARELİ;LÜLEBURGAZ;İSTİKLAL;FİLİBE SOKAK;sokak;918424
KIRKLARELİ;LÜLEBURGAZ;İSTİKLAL;FUNDA SOKAK;sokak;202231
KIRKLARELİ;LÜLEBURGAZ;İSTİKLAL;GALERİ SOKAK;sokak;918694
KIRKLARELİ;LÜLEBURGAZ;İSTİKLAL;GAZİ MUSTAFA KEMAL PAŞA BULVAR;sokak;144700171
KIRKLARELİ;LÜLEBURGAZ;İSTİKLAL;GAZİ SOKAK;sokak;918690
KIRKLARELİ;LÜLEBURGAZ;İSTİKLAL;GÖKÇE SOKAK;sokak;202232
KIRKLARELİ;LÜLEBURGAZ;İSTİKLAL;GÖRKEM SOKAK;sokak;202233
KIRKLARELİ;LÜLEBURGAZ;İSTİKLAL;GÜFTE SOKAK;sokak;918447
KIRKLARELİ;LÜLEBURGAZ;İSTİKLAL;GÜMÜLCİNE SOKAK;sokak;918433
KIRKLARELİ;LÜLEBURGAZ;İSTİKLAL;GÜN BATIMI CADDE;cadde;668591661
KIRKLARELİ;LÜLEBURGAZ;İSTİKLAL;GÜNAYDIN SOKAK;sokak;918419
KIRKLARELİ;LÜLEBURGAZ;İSTİKLAL;HALE SOKAK;sokak;202234
KIRKLARELİ;LÜLEBURGAZ;İSTİKLAL;HALİT AKÇATEPE SOKAK;sokak;122993681
KIRKLARELİ;LÜLEBURGAZ;İSTİKLAL;HÜKÜMET CADDE;cadde;918436
KIRKLARELİ;LÜLEBURGAZ;İSTİKLAL;İSTANBUL CADDE;cadde;202242
KIRKLARELİ;LÜLEBURGAZ;İSTİKLAL;KANUN SOKAK;sokak;1412727
KIRKLARELİ;LÜLEBURGAZ;İSTİKLAL;KARAOTMANLI SOKAK;sokak;202235
KIRKLARELİ;LÜLEBURGAZ;İSTİKLAL;KARINCA SOKAK;sokak;755408561
KIRKLARELİ;LÜLEBURGAZ;İSTİKLAL;KARYAĞDI SOKAK;sokak;995197121
KIRKLARELİ;LÜLEBURGAZ;İSTİKLAL;KEKLİK SOKAK;sokak;572128621
KIRKLARELİ;LÜLEBURGAZ;İSTİKLAL;KELEBEK SOKAK;sokak;317195111
KIRKLARELİ;LÜLEBURGAZ;İSTİKLAL;KEMAL SUNAL CADDE;cadde;190600031
KIRKLARELİ;LÜLEBURGAZ;İSTİKLAL;KEMAN SOKAK;sokak;918407
KIRKLARELİ;LÜLEBURGAZ;İSTİKLAL;KEPİRTEPE CADDE;cadde;28024
KIRKLARELİ;LÜLEBURGAZ;İSTİKLAL;KIRLANGIÇ SOKAK;sokak;347863921
KIRKLARELİ;LÜLEBURGAZ;İSTİKLAL;KOVAN SOKAK;sokak;999248131
KIRKLARELİ;LÜLEBURGAZ;İSTİKLAL;KUMRU SOKAK;sokak;337002121
KIRKLARELİ;LÜLEBURGAZ;İSTİKLAL;KUMSAL CADDE;cadde;818852121
KIRKLARELİ;LÜLEBURGAZ;İSTİKLAL;LEYLEK SOKAK;sokak;252862611
KIRKLARELİ;LÜLEBURGAZ;İSTİKLAL;MANASTIR CADDE;cadde;918422
KIRKLARELİ;LÜLEBURGAZ;İSTİKLAL;MARTI SOKAK;sokak;450788541
KIRKLARELİ;LÜLEBURGAZ;İSTİKLAL;MAYADAĞ SOKAK;sokak;918427
KIRKLARELİ;LÜLEBURGAZ;İSTİKLAL;MEHMETÇİK CADDE;cadde;202236
KIRKLARELİ;LÜLEBURGAZ;İSTİKLAL;MELODİ SOKAK;sokak;918438
KIRKLARELİ;LÜLEBURGAZ;İSTİKLAL;MUALLİM SOKAK;sokak;716536791
KIRKLARELİ;LÜLEBURGAZ;İSTİKLAL;MUSTAFA KEMAL BULVAR;sokak;918315
KIRKLARELİ;LÜLEBURGAZ;İSTİKLAL;MUSTAFA KIZILAY CADDE;cadde;202237
KIRKLARELİ;LÜLEBURGAZ;İSTİKLAL;MÜNİR ÖZKUL SOKAK;sokak;528353941
KIRKLARELİ;LÜLEBURGAZ;İSTİKLAL;NESRİN SOKAK;sokak;202238
KIRKLARELİ;LÜLEBURGAZ;İSTİKLAL;NEŞET ÇAL CADDE;cadde;456367841
KIRKLARELİ;LÜLEBURGAZ;İSTİKLAL;NİHAL SOKAK;sokak;202239
KIRKLARELİ;LÜLEBURGAZ;İSTİKLAL;OKYANUS CADDE;cadde;437233451
KIRKLARELİ;LÜLEBURGAZ;İSTİKLAL;ÖZGÜRLÜK CADDE;cadde;864865
KIRKLARELİ;LÜLEBURGAZ;İSTİKLAL;PALMİYE CADDE;cadde;234479721
KIRKLARELİ;LÜLEBURGAZ;İSTİKLAL;PEKTAŞ SOKAK;sokak;202240
KIRKLARELİ;LÜLEBURGAZ;İSTİKLAL;PENGUEN SOKAK;sokak;751475381
KIRKLARELİ;LÜLEBURGAZ;İSTİKLAL;RIHTIM SOKAK;sokak;783014211
KIRKLARELİ;LÜLEBURGAZ;İSTİKLAL;RUMELİ CADDE;cadde;918425
KIRKLARELİ;LÜLEBURGAZ;İSTİKLAL;RÜZGAR CADDE;cadde;358213211
KIRKLARELİ;LÜLEBURGAZ;İSTİKLAL;SABAH SOKAK;sokak;918435
KIRKLARELİ;LÜLEBURGAZ;İSTİKLAL;SAHİL CADDE;cadde;453407591
KIRKLARELİ;LÜLEBURGAZ;İSTİKLAL;SANCAK SOKAK;sokak;918423
KIRKLARELİ;LÜLEBURGAZ;İSTİKLAL;SELANİK CADDE;cadde;918439
KIRKLARELİ;LÜLEBURGAZ;İSTİKLAL;SİNCAP SOKAK;sokak;598554781
KIRKLARELİ;LÜLEBURGAZ;İSTİKLAL;SÜLEYMAN DEMİREL CADDE;cadde;959437181
KIRKLARELİ;LÜLEBURGAZ;İSTİKLAL;ŞEHİTLER SOKAK;sokak;609449561
KIRKLARELİ;LÜLEBURGAZ;İSTİKLAL;ŞENER ŞEN CADDE;cadde;976733471
KIRKLARELİ;LÜLEBURGAZ;İSTİKLAL;ŞEREF SOKAK;sokak;202243
KIRKLARELİ;LÜLEBURGAZ;İSTİKLAL;TALEBE SOKAK;sokak;759428541
KIRKLARELİ;LÜLEBURGAZ;İSTİKLAL;TAMBUR SOKAK;sokak;918408
KIRKLARELİ;LÜLEBURGAZ;İSTİKLAL;TAVŞAN SOKAK;sokak;970906821
KIRKLARELİ;LÜLEBURGAZ;İSTİKLAL;VARLIK SOKAK;sokak;918430
KIRKLARELİ;LÜLEBURGAZ;İSTİKLAL;YALI SOKAK;sokak;465243281
KIRKLARELİ;LÜLEBURGAZ;İSTİKLAL;YAVRU SOKAK;sokak;398380401
KIRKLARELİ;LÜLEBURGAZ;İSTİKLAL;YELKEN SOKAK;sokak;541069921
KIRKLARELİ;LÜLEBURGAZ;İSTİKLAL;YOSUN CADDE;cadde;967932031
KIRKLARELİ;LÜLEBURGAZ;İSTİKLAL;YUNUS SOKAK;sokak;920482631
KIRKLARELİ;LÜLEBURGAZ;İSTİKLAL;YUVA SOKAK;sokak;837775651
KIRKLARELİ;LÜLEBURGAZ;İSTİKLAL;ZİYA GÖKALP CADDE;cadde;992865021
KIRKLARELİ;LÜLEBURGAZ;İSTİKLAL;ZUBEYDE HANIM CADDE;cadde;683967201
KIRKLARELİ;LÜLEBURGAZ;KARAAĞAÇ NA;KARAAĞAÇ KÜME EVLER;sokak;678331
KIRKLARELİ;LÜLEBURGAZ;KARAMUSUL NA;KARAMUSUL KÜME EVLER;sokak;612168
KIRKLARELİ;LÜLEBURGAZ;KAYABEYLİ NA;KAYABEYLİ KÜME EVLER;sokak;619305
KIRKLARELİ;LÜLEBURGAZ;KIRIKKÖY - CUMHURİYET;BİLİNMEYEN 10 SOKAK;sokak;535778131
KIRKLARELİ;LÜLEBURGAZ;KIRIKKÖY - CUMHURİYET;BİLİNMEYEN 4 SOKAK;sokak;410730811
KIRKLARELİ;LÜLEBURGAZ;KIRIKKÖY - CUMHURİYET;BİLİNMEYEN 6 SOKAK;sokak;206612940
KIRKLARELİ;LÜLEBURGAZ;KIRIKKÖY - CUMHURİYET;BİLİNMEYEN 7 SOKAK;sokak;855259881
KIRKLARELİ;LÜLEBURGAZ;KIRIKKÖY - CUMHURİYET;BİLİNMEYEN 8 SOKAK;sokak;849882861
KIRKLARELİ;LÜLEBURGAZ;KIRIKKÖY - CUMHURİYET;BİLİNMEYEN 9 SOKAK;sokak;796200761
KIRKLARELİ;LÜLEBURGAZ;KIRIKKÖY - CUMHURİYET;ÇİĞDEM SOKAK;sokak;23049
KIRKLARELİ;LÜLEBURGAZ;KIRIKKÖY - CUMHURİYET;E-5 - KIRIKKÖY -HAMİTABAT YOLU SOKAK;sokak;832399
KIRKLARELİ;LÜLEBURGAZ;KIRIKKÖY - CUMHURİYET;FATİH 1 SOKAK;sokak;207156370
KIRKLARELİ;LÜLEBURGAZ;KIRIKKÖY - CUMHURİYET;FATİH SOKAK;sokak;23054
KIRKLARELİ;LÜLEBURGAZ;KIRIKKÖY - CUMHURİYET;GELİNCİK SOKAK;sokak;21749
KIRKLARELİ;LÜLEBURGAZ;KIRIKKÖY - CUMHURİYET;GÜLNAZ SOKAK;sokak;21750
KIRKLARELİ;LÜLEBURGAZ;KIRIKKÖY - CUMHURİYET;GÜNEŞ SOKAK;sokak;21751
KIRKLARELİ;LÜLEBURGAZ;KIRIKKÖY - CUMHURİYET;HAMİTABAT KÜME EVLER;sokak;302678271
KIRKLARELİ;LÜLEBURGAZ;KIRIKKÖY - CUMHURİYET;IHLAMUR SOKAK;sokak;435696
KIRKLARELİ;LÜLEBURGAZ;KIRIKKÖY - CUMHURİYET;İNÖNÜ SOKAK;sokak;24402
KIRKLARELİ;LÜLEBURGAZ;KIRIKKÖY - CUMHURİYET;İSTİKLAL SOKAK;sokak;23050
KIRKLARELİ;LÜLEBURGAZ;KIRIKKÖY - CUMHURİYET;MANOLYA SOKAK;sokak;21752
KIRKLARELİ;LÜLEBURGAZ;KIRIKKÖY - CUMHURİYET;MÜSELLİM YOLU SOKAK;sokak;926335
KIRKLARELİ;LÜLEBURGAZ;KIRIKKÖY - CUMHURİYET;PAPATYA SOKAK;sokak;21753
KIRKLARELİ;LÜLEBURGAZ;KIRIKKÖY - CUMHURİYET;ŞEHİT ER BEYTULLA ÖZCAN SOKAK;sokak;23051
KIRKLARELİ;LÜLEBURGAZ;KIRIKKÖY - CUMHURİYET;ŞEKERPARE SOKAK;sokak;23052
KIRKLARELİ;LÜLEBURGAZ;KIRIKKÖY - CUMHURİYET;ŞİMŞEK SOKAK;sokak;23053
KIRKLARELİ;LÜLEBURGAZ;KIRIKKÖY - CUMHURİYET;VATAN SOKAK;sokak;23048
KIRKLARELİ;LÜLEBURGAZ;KIRIKKÖY - CUMHURİYET;YILDIZ SOKAK;sokak;228036
KIRKLARELİ;LÜLEBURGAZ;KIRIKKÖY - HÜRRİYET;ATATÜRK BULVARI SOKAK;sokak;21692
KIRKLARELİ;LÜLEBURGAZ;KIRIKKÖY - HÜRRİYET;BİLİNMEYEN 1000 SOKAK;sokak;650315931
KIRKLARELİ;LÜLEBURGAZ;KIRIKKÖY - HÜRRİYET;BİLİNMEYEN 12 SOKAK;sokak;571447191
KIRKLARELİ;LÜLEBURGAZ;KIRIKKÖY - HÜRRİYET;BİLİNMEYEN 2 SOKAK;sokak;515722871
KIRKLARELİ;LÜLEBURGAZ;KIRIKKÖY - HÜRRİYET;BİLİNMEYEN 8 SOKAK;sokak;154975061
KIRKLARELİ;LÜLEBURGAZ;KIRIKKÖY - HÜRRİYET;ÇAĞLAYAN SOKAK;sokak;228034
KIRKLARELİ;LÜLEBURGAZ;KIRIKKÖY - HÜRRİYET;ÇOBANDERE MEVKİİ KÜME EVLERİ SOKAK;sokak;878177
KIRKLARELİ;LÜLEBURGAZ;KIRIKKÖY - HÜRRİYET;DEMİR SOKAK;sokak;21369
KIRKLARELİ;LÜLEBURGAZ;KIRIKKÖY - HÜRRİYET;E-5 KIRIKKÖY YOLU ÜZERİ SOKAK;sokak;21686
KIRKLARELİ;LÜLEBURGAZ;KIRIKKÖY - HÜRRİYET;E5 KIRIKKÖY YOLU ÜZERİ 1 SOKAK;sokak;182191960
KIRKLARELİ;LÜLEBURGAZ;KIRIKKÖY - HÜRRİYET;FATİH 1 SOKAK;sokak;155283750
KIRKLARELİ;LÜLEBURGAZ;KIRIKKÖY - HÜRRİYET;FATİH SOKAK;sokak;21694
KIRKLARELİ;LÜLEBURGAZ;KIRIKKÖY - HÜRRİYET;FEVZİ ÇAKMAK SOKAK;sokak;21689
KIRKLARELİ;LÜLEBURGAZ;KIRIKKÖY - HÜRRİYET;GÜL SOKAK;sokak;745928
KIRKLARELİ;LÜLEBURGAZ;KIRIKKÖY - HÜRRİYET;GÜMÜŞ SOKAK;sokak;373170
KIRKLARELİ;LÜLEBURGAZ;KIRIKKÖY - HÜRRİYET;HALEBAK SOKAK;sokak;230191
KIRKLARELİ;LÜLEBURGAZ;KIRIKKÖY - HÜRRİYET;HARMAN SOKAK;sokak;230195
KIRKLARELİ;LÜLEBURGAZ;KIRIKKÖY - HÜRRİYET;INÖNÜ SOKAK;sokak;26331
KIRKLARELİ;LÜLEBURGAZ;KIRIKKÖY - HÜRRİYET;İNÖNÜ1 SOKAK;sokak;932140051
KIRKLARELİ;LÜLEBURGAZ;KIRIKKÖY - HÜRRİYET;KARANFİL SOKAK;sokak;430208
KIRKLARELİ;LÜLEBURGAZ;KIRIKKÖY - HÜRRİYET;KİRAZ SOKAK;sokak;375130
KIRKLARELİ;LÜLEBURGAZ;KIRIKKÖY - HÜRRİYET;LALE SOKAK;sokak;21687
KIRKLARELİ;LÜLEBURGAZ;KIRIKKÖY - HÜRRİYET;LEYLAK SOKAK;sokak;21365
KIRKLARELİ;LÜLEBURGAZ;KIRIKKÖY - HÜRRİYET;MENEKŞE SOKAK;sokak;21366
KIRKLARELİ;LÜLEBURGAZ;KIRIKKÖY - HÜRRİYET;OKUL SOKAK;sokak;21693
KIRKLARELİ;LÜLEBURGAZ;KIRIKKÖY - HÜRRİYET;PARK 1. SOKAK;sokak;375134
KIRKLARELİ;LÜLEBURGAZ;KIRIKKÖY - HÜRRİYET;ŞEN SOKAK;sokak;21690
KIRKLARELİ;LÜLEBURGAZ;KIRIKKÖY - HÜRRİYET;ŞENGÜN SOKAK;sokak;230253
KIRKLARELİ;LÜLEBURGAZ;KIRIKKÖY - HÜRRİYET;TEPE SOKAK;sokak;428636
KIRKLARELİ;LÜLEBURGAZ;KIRIKKÖY - HÜRRİYET;TOROS SOKAK;sokak;230448
KIRKLARELİ;LÜLEBURGAZ;KIRIKKÖY - HÜRRİYET;ULUS SOKAK;sokak;21691
KIRKLARELİ;LÜLEBURGAZ;KIRIKKÖY - HÜRRİYET;YAVUZ SELİM SOKAK;sokak;744097
KIRKLARELİ;LÜLEBURGAZ;KIRIKKÖY - HÜRRİYET;YILDIRIM BEYAZIT SOKAK;sokak;40191
KIRKLARELİ;LÜLEBURGAZ;KIRIKKÖY - HÜRRİYET;YILDIRIM SOKAK;sokak;21367
KIRKLARELİ;LÜLEBURGAZ;KIRIKKÖY - HÜRRİYET;ZAMBAK SOKAK;sokak;21368
KIRKLARELİ;LÜLEBURGAZ;KIRIKKÖY - HÜRRİYET;ZÜBEYDE HANIM SOKAK;sokak;21688
KIRKLARELİ;LÜLEBURGAZ;KOCASİNAN;ACI ÇEŞME 1. ARA SOKAK;sokak;221954
KIRKLARELİ;LÜLEBURGAZ;KOCASİNAN;ACI ÇEŞME 2. ARA SOKAK;sokak;221955
KIRKLARELİ;LÜLEBURGAZ;KOCASİNAN;ACI ÇEŞME SOKAK;sokak;221953
KIRKLARELİ;LÜLEBURGAZ;KOCASİNAN;AKÇA SOKAK;sokak;221956
KIRKLARELİ;LÜLEBURGAZ;KOCASİNAN;ARTEZYEN SOKAK;sokak;221957
KIRKLARELİ;LÜLEBURGAZ;KOCASİNAN;ATATÜRK CADDE;cadde;320003581
KIRKLARELİ;LÜLEBURGAZ;KOCASİNAN;BAĞLANTI SOKAK;sokak;221958
KIRKLARELİ;LÜLEBURGAZ;KOCASİNAN;BÜLBÜL SOKAK;sokak;221959
KIRKLARELİ;LÜLEBURGAZ;KOCASİNAN;CAMİ SOKAK;sokak;221960
KIRKLARELİ;LÜLEBURGAZ;KOCASİNAN;CENGİZ TOPEL CADDE;cadde;221961
KIRKLARELİ;LÜLEBURGAZ;KOCASİNAN;CUMHURİYET CADDE;cadde;278747910
KIRKLARELİ;LÜLEBURGAZ;KOCASİNAN;ÇAKMAK SOKAK;sokak;221962
KIRKLARELİ;LÜLEBURGAZ;KOCASİNAN;DENKTAŞ SOKAK;sokak;221963
KIRKLARELİ;LÜLEBURGAZ;KOCASİNAN;DUTLUK SOKAK;sokak;221964
KIRKLARELİ;LÜLEBURGAZ;KOCASİNAN;EDİRNE CADDE;cadde;221966
KIRKLARELİ;LÜLEBURGAZ;KOCASİNAN;EDİRNE CADDESİ ARA SOKAK;cadde;221965
KIRKLARELİ;LÜLEBURGAZ;KOCASİNAN;FETFANE SOKAK;sokak;221967
KIRKLARELİ;LÜLEBURGAZ;KOCASİNAN;GİZEM 1. SOKAK;sokak;221968
KIRKLARELİ;LÜLEBURGAZ;KOCASİNAN;H.AHMET YESEVİ SOKAK;sokak;221969
KIRKLARELİ;LÜLEBURGAZ;KOCASİNAN;İNÖNÜ CADDE;cadde;221970
KIRKLARELİ;LÜLEBURGAZ;KOCASİNAN;İSTANBUL CADDE;cadde;221971
KIRKLARELİ;LÜLEBURGAZ;KOCASİNAN;İSTASYON CADDE;cadde;222385
KIRKLARELİ;LÜLEBURGAZ;KOCASİNAN;İSTİKLAL CADDE;cadde;221972
KIRKLARELİ;LÜLEBURGAZ;KOCASİNAN;İTFAİYE SOKAK;sokak;221973
KIRKLARELİ;LÜLEBURGAZ;KOCASİNAN;KARAYOLLARI KÜME EVLER;sokak;796607
KIRKLARELİ;LÜLEBURGAZ;KOCASİNAN;KEREVİZ SOKAK;sokak;222025
KIRKLARELİ;LÜLEBURGAZ;KOCASİNAN;KISA ARA SOKAK;sokak;222026
KIRKLARELİ;LÜLEBURGAZ;KOCASİNAN;KISA SOKAK;sokak;222027
KIRKLARELİ;LÜLEBURGAZ;KOCASİNAN;KUBBELER ALTI SOKAK;sokak;222028
KIRKLARELİ;LÜLEBURGAZ;KOCASİNAN;KUŞ SOKAK;sokak;222029
KIRKLARELİ;LÜLEBURGAZ;KOCASİNAN;KÜÇÜK SOKAK;sokak;222030
KIRKLARELİ;LÜLEBURGAZ;KOCASİNAN;LÜLECİ SOKAK;sokak;222031
KIRKLARELİ;LÜLEBURGAZ;KOCASİNAN;MAVİ SOKAK;sokak;261665871
KIRKLARELİ;LÜLEBURGAZ;KOCASİNAN;MEZARLIK YOLU CADDE;cadde;918449
KIRKLARELİ;LÜLEBURGAZ;KOCASİNAN;MURAT HÜDAVENDİGAR CADDE;cadde;222386
KIRKLARELİ;LÜLEBURGAZ;KOCASİNAN;OKULLAR ARA SOKAK;sokak;222032
KIRKLARELİ;LÜLEBURGAZ;KOCASİNAN;OKULLAR CADDE;cadde;222033
KIRKLARELİ;LÜLEBURGAZ;KOCASİNAN;ÖMÜR SOKAK;sokak;222034
KIRKLARELİ;LÜLEBURGAZ;KOCASİNAN;PELİT SOKAK;sokak;222035
KIRKLARELİ;LÜLEBURGAZ;KOCASİNAN;SALHANE SOKAK;sokak;222036
KIRKLARELİ;LÜLEBURGAZ;KOCASİNAN;SANAYİ 1. SOKAK;sokak;222355
KIRKLARELİ;LÜLEBURGAZ;KOCASİNAN;SANAYİ 10. SOKAK;sokak;222364
KIRKLARELİ;LÜLEBURGAZ;KOCASİNAN;SANAYİ 11. SOKAK;sokak;222365
KIRKLARELİ;LÜLEBURGAZ;KOCASİNAN;SANAYİ 12. SOKAK;sokak;222366
KIRKLARELİ;LÜLEBURGAZ;KOCASİNAN;SANAYİ 13. SOKAK;sokak;222367
KIRKLARELİ;LÜLEBURGAZ;KOCASİNAN;SANAYİ 14. SOKAK;sokak;222368
KIRKLARELİ;LÜLEBURGAZ;KOCASİNAN;SANAYİ 15. SOKAK;sokak;222369
KIRKLARELİ;LÜLEBURGAZ;KOCASİNAN;SANAYİ 16. SOKAK;sokak;918448
KIRKLARELİ;LÜLEBURGAZ;KOCASİNAN;SANAYİ 17. SOKAK;sokak;222370
KIRKLARELİ;LÜLEBURGAZ;KOCASİNAN;SANAYİ 18. SOKAK;sokak;222371
KIRKLARELİ;LÜLEBURGAZ;KOCASİNAN;SANAYİ 19. SOKAK;sokak;222372
KIRKLARELİ;LÜLEBURGAZ;KOCASİNAN;SANAYİ 2. SOKAK;sokak;222356
KIRKLARELİ;LÜLEBURGAZ;KOCASİNAN;SANAYİ 20. SOKAK;sokak;222373
KIRKLARELİ;LÜLEBURGAZ;KOCASİNAN;SANAYİ 21. SOKAK;sokak;222374
KIRKLARELİ;LÜLEBURGAZ;KOCASİNAN;SANAYİ 22. SOKAK;sokak;222375
KIRKLARELİ;LÜLEBURGAZ;KOCASİNAN;SANAYİ 23. SOKAK;sokak;222376
KIRKLARELİ;LÜLEBURGAZ;KOCASİNAN;SANAYİ 24. SOKAK;sokak;222377
KIRKLARELİ;LÜLEBURGAZ;KOCASİNAN;SANAYİ 25. SOKAK;sokak;250451131
KIRKLARELİ;LÜLEBURGAZ;KOCASİNAN;SANAYİ 3. SOKAK;sokak;222357
KIRKLARELİ;LÜLEBURGAZ;KOCASİNAN;SANAYİ 4. SOKAK;sokak;222358
KIRKLARELİ;LÜLEBURGAZ;KOCASİNAN;SANAYİ 5. SOKAK;sokak;222359
KIRKLARELİ;LÜLEBURGAZ;KOCASİNAN;SANAYİ 6. SOKAK;sokak;222360
KIRKLARELİ;LÜLEBURGAZ;KOCASİNAN;SANAYİ 7. SOKAK;sokak;222361
KIRKLARELİ;LÜLEBURGAZ;KOCASİNAN;SANAYİ 8. SOKAK;sokak;222362
KIRKLARELİ;LÜLEBURGAZ;KOCASİNAN;SANAYİ 9. SOKAK;sokak;222363
KIRKLARELİ;LÜLEBURGAZ;KOCASİNAN;SİNAN SOKAK;sokak;222378
KIRKLARELİ;LÜLEBURGAZ;KOCASİNAN;SOKULLU SOKAK;sokak;222379
KIRKLARELİ;LÜLEBURGAZ;KOCASİNAN;STAD CADDE;cadde;222380
KIRKLARELİ;LÜLEBURGAZ;KOCASİNAN;STADYUM ARA SOKAK;sokak;222381
KIRKLARELİ;LÜLEBURGAZ;KOCASİNAN;ÜLKÜ SOKAK;sokak;222382
KIRKLARELİ;LÜLEBURGAZ;KOCASİNAN;YASEMİN SOKAK;sokak;222383
KIRKLARELİ;LÜLEBURGAZ;KOCASİNAN;ZÜHTÜ AKIN SOKAK;sokak;222384
KIRKLARELİ;LÜLEBURGAZ;KURTULUŞ;ARDA CADDE;cadde;202245
KIRKLARELİ;LÜLEBURGAZ;KURTULUŞ;ARKA SOKAK;sokak;202246
KIRKLARELİ;LÜLEBURGAZ;KURTULUŞ;AYÇİÇEK ARA SOKAK;sokak;202248
KIRKLARELİ;LÜLEBURGAZ;KURTULUŞ;AYÇİÇEK SOKAK;sokak;202247
KIRKLARELİ;LÜLEBURGAZ;KURTULUŞ;AYDIN SOKAK;sokak;202249
KIRKLARELİ;LÜLEBURGAZ;KURTULUŞ;ÇETİNTAŞ SOKAK;sokak;221055
KIRKLARELİ;LÜLEBURGAZ;KURTULUŞ;ÇIKMAZ SOKAK;sokak;221056
KIRKLARELİ;LÜLEBURGAZ;KURTULUŞ;ECE SOKAK;sokak;221057
KIRKLARELİ;LÜLEBURGAZ;KURTULUŞ;ERGENE 1. SOKAK;sokak;221058
KIRKLARELİ;LÜLEBURGAZ;KURTULUŞ;ERGENE 2. SOKAK;sokak;221059
KIRKLARELİ;LÜLEBURGAZ;KURTULUŞ;ESKİ BEDİR CADDE;cadde;221060
KIRKLARELİ;LÜLEBURGAZ;KURTULUŞ;FERAH SOKAK;sokak;221061
KIRKLARELİ;LÜLEBURGAZ;KURTULUŞ;GENERAL FERHAT AKAT CADDE;cadde;221062
KIRKLARELİ;LÜLEBURGAZ;KURTULUŞ;GÜL 2. SOKAK;sokak;221063
KIRKLARELİ;LÜLEBURGAZ;KURTULUŞ;GÜZELCE SOKAK;sokak;221064
KIRKLARELİ;LÜLEBURGAZ;KURTULUŞ;HÜRRİYET CADDE;cadde;221065
KIRKLARELİ;LÜLEBURGAZ;KURTULUŞ;İNKILAP SOKAK;sokak;221066
KIRKLARELİ;LÜLEBURGAZ;KURTULUŞ;İSTASYON CADDE;cadde;221067
KIRKLARELİ;LÜLEBURGAZ;KURTULUŞ;KÜLTÜR SOKAK;sokak;221068
KIRKLARELİ;LÜLEBURGAZ;KURTULUŞ;MİTHAT PAŞA SOKAK;sokak;221069
KIRKLARELİ;LÜLEBURGAZ;KURTULUŞ;MURAT HÜDAVENDİGAR CADDE;cadde;221071
KIRKLARELİ;LÜLEBURGAZ;KURTULUŞ;MURAT SOKAK;sokak;221070
KIRKLARELİ;LÜLEBURGAZ;KURTULUŞ;ORDU SOKAK;sokak;221072
KIRKLARELİ;LÜLEBURGAZ;KURTULUŞ;OSMAN PAŞA SOKAK;sokak;221073
KIRKLARELİ;LÜLEBURGAZ;KURTULUŞ;PLEVNE SOKAK;sokak;221074
KIRKLARELİ;LÜLEBURGAZ;KURTULUŞ;RÜŞTÜ PAŞA SOKAK;sokak;221075
KIRKLARELİ;LÜLEBURGAZ;KURTULUŞ;SAKİN SOKAK;sokak;221076
KIRKLARELİ;LÜLEBURGAZ;KURTULUŞ;ŞİRİN SOKAK;sokak;221077
KIRKLARELİ;LÜLEBURGAZ;KURTULUŞ;TOPUZ SİTELERİ SOKAK;sokak;221078
KIRKLARELİ;LÜLEBURGAZ;KURTULUŞ;TUĞLACI SOKAK;sokak;221079
KIRKLARELİ;LÜLEBURGAZ;KURTULUŞ;YÜCEL SOKAK;sokak;221080
KIRKLARELİ;LÜLEBURGAZ;MÜSELLİM NA;MÜSELLİM KÜME EVLER;sokak;586698
KIRKLARELİ;LÜLEBURGAZ;OKLALI NA;OKLALI KÜME EVLER;sokak;537061
KIRKLARELİ;LÜLEBURGAZ;OVACIK NA;OVACIK KÜME EVLER;sokak;639829
KIRKLARELİ;LÜLEBURGAZ;ÖZERLER;ALİ RAHMİ SOKAK;sokak;221081
KIRKLARELİ;LÜLEBURGAZ;ÖZERLER;BÜLBÜL 2. SOKAK;sokak;221082
KIRKLARELİ;LÜLEBURGAZ;ÖZERLER;BÜYÜK HASIRCILAR SOKAK;sokak;221083
KIRKLARELİ;LÜLEBURGAZ;ÖZERLER;ÇALI ÇEŞME ARA SOKAK;sokak;221085
KIRKLARELİ;LÜLEBURGAZ;ÖZERLER;ÇALI ÇEŞME ARTEZYEN SOKAK;sokak;221086
KIRKLARELİ;LÜLEBURGAZ;ÖZERLER;ÇALI ÇEŞME SOKAK;sokak;221084
KIRKLARELİ;LÜLEBURGAZ;ÖZERLER;EDİRNE CADDE;cadde;221087
KIRKLARELİ;LÜLEBURGAZ;ÖZERLER;EMRULLAH EFENDİ CADDE;cadde;221494
KIRKLARELİ;LÜLEBURGAZ;ÖZERLER;ENVER CENGİZ CADDE;cadde;221495
KIRKLARELİ;LÜLEBURGAZ;ÖZERLER;FATİH CADDE;cadde;221496
KIRKLARELİ;LÜLEBURGAZ;ÖZERLER;FINDIKLI SOKAK;sokak;221497
KIRKLARELİ;LÜLEBURGAZ;ÖZERLER;GÜL SOKAK;sokak;221498
KIRKLARELİ;LÜLEBURGAZ;ÖZERLER;GÜLBEYAZ SOKAK;sokak;221499
KIRKLARELİ;LÜLEBURGAZ;ÖZERLER;GÜVERCİN SOKAK;sokak;221500
KIRKLARELİ;LÜLEBURGAZ;ÖZERLER;HAL SOKAK;sokak;221501
KIRKLARELİ;LÜLEBURGAZ;ÖZERLER;HASAN AĞA ÇEŞME SOKAK;sokak;221502
KIRKLARELİ;LÜLEBURGAZ;ÖZERLER;HASIRCILAR SOKAK;sokak;221503
KIRKLARELİ;LÜLEBURGAZ;ÖZERLER;İSTANBUL CADDE;cadde;221504
KIRKLARELİ;LÜLEBURGAZ;ÖZERLER;KANARYA SOKAK;sokak;221505
KIRKLARELİ;LÜLEBURGAZ;ÖZERLER;KEMAL KENDİ CADDE;cadde;221506
KIRKLARELİ;LÜLEBURGAZ;ÖZERLER;KURBAĞALI SOKAK;sokak;221507
KIRKLARELİ;LÜLEBURGAZ;ÖZERLER;KÜÇÜK HASIRCILAR SOKAK;sokak;221508
KIRKLARELİ;LÜLEBURGAZ;ÖZERLER;SAKA SOKAK;sokak;221509
KIRKLARELİ;LÜLEBURGAZ;ÖZERLER;SAKIZKÖY CADDE;cadde;221510
KIRKLARELİ;LÜLEBURGAZ;ÖZERLER;SERÇE SOKAK;sokak;221511
KIRKLARELİ;LÜLEBURGAZ;ÖZERLER;ŞAHİN SOKAK;sokak;221512
KIRKLARELİ;LÜLEBURGAZ;ÖZERLER;ŞEVKET ÖDÜL CADDE;cadde;221513
KIRKLARELİ;LÜLEBURGAZ;ÖZERLER;ŞİRİN 1. SOKAK;sokak;221514
KIRKLARELİ;LÜLEBURGAZ;ÖZERLER;TURGUTBEY CADDE;cadde;221515
KIRKLARELİ;LÜLEBURGAZ;SAKIZKÖY - HÜRRİYET;ALTIN SOKAK;sokak;262138
KIRKLARELİ;LÜLEBURGAZ;SAKIZKÖY - HÜRRİYET;BİLİNMEYEN 13. SOKAK;sokak;849359070
KIRKLARELİ;LÜLEBURGAZ;SAKIZKÖY - HÜRRİYET;BİLİNMEYEN 15 SOKAK;sokak;325983850
KIRKLARELİ;LÜLEBURGAZ;SAKIZKÖY - HÜRRİYET;BİLİNMEYEN 50 SOKAK;sokak;552888071
KIRKLARELİ;LÜLEBURGAZ;SAKIZKÖY - HÜRRİYET;ÇİĞDEM SOKAK;sokak;448408
KIRKLARELİ;LÜLEBURGAZ;SAKIZKÖY - HÜRRİYET;DERE SOKAK;sokak;448405
KIRKLARELİ;LÜLEBURGAZ;SAKIZKÖY - HÜRRİYET;FATİH SOKAK;sokak;262139
KIRKLARELİ;LÜLEBURGAZ;SAKIZKÖY - HÜRRİYET;İSİMSİZ 2. SOKAK;sokak;623912970
KIRKLARELİ;LÜLEBURGAZ;SAKIZKÖY - HÜRRİYET;İSİMSİZ 33. SOKAK;sokak;611722190
KIRKLARELİ;LÜLEBURGAZ;SAKIZKÖY - HÜRRİYET;İSİMSİZ 4. SOKAK;sokak;576916020
KIRKLARELİ;LÜLEBURGAZ;SAKIZKÖY - HÜRRİYET;İSİMSİZ 5. SOKAK;sokak;643027221
KIRKLARELİ;LÜLEBURGAZ;SAKIZKÖY - HÜRRİYET;İSİMSİZ 6. SOKAK;sokak;349400311
KIRKLARELİ;LÜLEBURGAZ;SAKIZKÖY - HÜRRİYET;İSİMSİZ 7. SOKAK;sokak;392018350
KIRKLARELİ;LÜLEBURGAZ;SAKIZKÖY - HÜRRİYET;İSİMSİZ 8. SOKAK;sokak;670250070
KIRKLARELİ;LÜLEBURGAZ;SAKIZKÖY - HÜRRİYET;İSİMSİZ 9. SOKAK;sokak;780761481
KIRKLARELİ;LÜLEBURGAZ;SAKIZKÖY - HÜRRİYET;KARANFİL SOKAK;sokak;448406
KIRKLARELİ;LÜLEBURGAZ;SAKIZKÖY - HÜRRİYET;KORUALTI SOKAK;sokak;838416
KIRKLARELİ;LÜLEBURGAZ;SAKIZKÖY - HÜRRİYET;LALE SOKAK;sokak;262141
KIRKLARELİ;LÜLEBURGAZ;SAKIZKÖY - HÜRRİYET;MAKİNE DÜZÜ SOKAK;sokak;866106
KIRKLARELİ;LÜLEBURGAZ;SAKIZKÖY - HÜRRİYET;MANOLYA 1. SOKAK;sokak;877054301
KIRKLARELİ;LÜLEBURGAZ;SAKIZKÖY - HÜRRİYET;MANOLYA 2. SOKAK;sokak;118589661
KIRKLARELİ;LÜLEBURGAZ;SAKIZKÖY - HÜRRİYET;MANOLYA 3. SOKAK;sokak;177709831
KIRKLARELİ;LÜLEBURGAZ;SAKIZKÖY - HÜRRİYET;MANOLYA 4. SOKAK;sokak;275055101
KIRKLARELİ;LÜLEBURGAZ;SAKIZKÖY - HÜRRİYET;MANOLYA 5. SOKAK;sokak;277668640
KIRKLARELİ;LÜLEBURGAZ;SAKIZKÖY - HÜRRİYET;MANOLYA 6. SOKAK;sokak;735391240
KIRKLARELİ;LÜLEBURGAZ;SAKIZKÖY - HÜRRİYET;MANOLYA 7. SOKAK;sokak;691789940
KIRKLARELİ;LÜLEBURGAZ;SAKIZKÖY - HÜRRİYET;MANOLYA SOKAK;sokak;262142
KIRKLARELİ;LÜLEBURGAZ;SAKIZKÖY - HÜRRİYET;MENEKŞE SOKAK;sokak;262143
KIRKLARELİ;LÜLEBURGAZ;SAKIZKÖY - HÜRRİYET;ÖZGÜR SOKAK;sokak;262146
KIRKLARELİ;LÜLEBURGAZ;SAKIZKÖY - HÜRRİYET;PAPATYA SOKAK;sokak;448407
KIRKLARELİ;LÜLEBURGAZ;SAKIZKÖY - HÜRRİYET;SAKIZKÖY SOKAK;sokak;813415960
KIRKLARELİ;LÜLEBURGAZ;SAKIZKÖY - HÜRRİYET;SELLEKTÖR SOKAK;sokak;302675870
KIRKLARELİ;LÜLEBURGAZ;SAKIZKÖY - HÜRRİYET;TURGUT BEY SOKAK;sokak;262144
KIRKLARELİ;LÜLEBURGAZ;SAKIZKÖY - HÜRRİYET;YEŞİLTEPE SOKAK;sokak;262145
KIRKLARELİ;LÜLEBURGAZ;SAKIZKÖY - MERKEZ;AKASYA SOKAK;sokak;262150
KIRKLARELİ;LÜLEBURGAZ;SAKIZKÖY - MERKEZ;ARTEZYEN SOKAK;sokak;262151
KIRKLARELİ;LÜLEBURGAZ;SAKIZKÖY - MERKEZ;ATATÜRK 1.BÖLÜM SOKAK;sokak;671093
KIRKLARELİ;LÜLEBURGAZ;SAKIZKÖY - MERKEZ;ATATÜRK 2.BÖLÜM SOKAK;sokak;669777
KIRKLARELİ;LÜLEBURGAZ;SAKIZKÖY - MERKEZ;BEDİRYOLU SOKAK;sokak;262152
KIRKLARELİ;LÜLEBURGAZ;SAKIZKÖY - MERKEZ;BILINMEYEN 29. SOKAK;sokak;474163751
KIRKLARELİ;LÜLEBURGAZ;SAKIZKÖY - MERKEZ;BİLİNMEYEN 1. SOKAK;sokak;457934520
KIRKLARELİ;LÜLEBURGAZ;SAKIZKÖY - MERKEZ;BİLİNMEYEN 11. SOKAK;sokak;361386590
KIRKLARELİ;LÜLEBURGAZ;SAKIZKÖY - MERKEZ;BİLİNMEYEN 12. SOKAK;sokak;425292971
KIRKLARELİ;LÜLEBURGAZ;SAKIZKÖY - MERKEZ;BİLİNMEYEN 13. SOKAK;sokak;637331411
KIRKLARELİ;LÜLEBURGAZ;SAKIZKÖY - MERKEZ;BİLİNMEYEN 15. SOKAK;sokak;659215120
KIRKLARELİ;LÜLEBURGAZ;SAKIZKÖY - MERKEZ;BİLİNMEYEN 16. SOKAK;sokak;595756540
KIRKLARELİ;LÜLEBURGAZ;SAKIZKÖY - MERKEZ;BİLİNMEYEN 17. SOKAK;sokak;124051480
KIRKLARELİ;LÜLEBURGAZ;SAKIZKÖY - MERKEZ;BİLİNMEYEN 18. SOKAK;sokak;821028151
KIRKLARELİ;LÜLEBURGAZ;SAKIZKÖY - MERKEZ;BİLİNMEYEN 21. SOKAK;sokak;589287140
KIRKLARELİ;LÜLEBURGAZ;SAKIZKÖY - MERKEZ;BİLİNMEYEN 24. SOKAK;sokak;740066280
KIRKLARELİ;LÜLEBURGAZ;SAKIZKÖY - MERKEZ;BİLİNMEYEN 27. SOKAK;sokak;394591691
KIRKLARELİ;LÜLEBURGAZ;SAKIZKÖY - MERKEZ;BİLİNMEYEN 31. SOKAK;sokak;701295800
KIRKLARELİ;LÜLEBURGAZ;SAKIZKÖY - MERKEZ;BİLİNMEYEN 33. SOKAK;sokak;667708500
KIRKLARELİ;LÜLEBURGAZ;SAKIZKÖY - MERKEZ;BİLİNMEYEN 50 SOKAK;sokak;156267991
KIRKLARELİ;LÜLEBURGAZ;SAKIZKÖY - MERKEZ;BÜLBÜL SOKAK;sokak;368060
KIRKLARELİ;LÜLEBURGAZ;SAKIZKÖY - MERKEZ;CAMİİ 1. SOKAK;sokak;457630911
KIRKLARELİ;LÜLEBURGAZ;SAKIZKÖY - MERKEZ;CAMİİ 2. SOKAK;sokak;893605231
KIRKLARELİ;LÜLEBURGAZ;SAKIZKÖY - MERKEZ;CAMİİ SOKAK;sokak;262153
KIRKLARELİ;LÜLEBURGAZ;SAKIZKÖY - MERKEZ;CUMHURİYET SOKAK;sokak;448410
KIRKLARELİ;LÜLEBURGAZ;SAKIZKÖY - MERKEZ;ÇİLİNGİR SOKAK;sokak;448409
KIRKLARELİ;LÜLEBURGAZ;SAKIZKÖY - MERKEZ;DEĞİRMEN SOKAK;sokak;262154
KIRKLARELİ;LÜLEBURGAZ;SAKIZKÖY - MERKEZ;DERE SOKAK;sokak;738908991
KIRKLARELİ;LÜLEBURGAZ;SAKIZKÖY - MERKEZ;EVRENSEKİZ SOKAK;sokak;368061
KIRKLARELİ;LÜLEBURGAZ;SAKIZKÖY - MERKEZ;FATİH SOKAK;sokak;262155
KIRKLARELİ;LÜLEBURGAZ;SAKIZKÖY - MERKEZ;FENER SOKAK;sokak;262156
KIRKLARELİ;LÜLEBURGAZ;SAKIZKÖY - MERKEZ;İKİTELLİ SOKAK;sokak;262149
KIRKLARELİ;LÜLEBURGAZ;SAKIZKÖY - MERKEZ;KANARYA 1. SOKAK;sokak;555672750
KIRKLARELİ;LÜLEBURGAZ;SAKIZKÖY - MERKEZ;KANARYA SOKAK;sokak;448411
KIRKLARELİ;LÜLEBURGAZ;SAKIZKÖY - MERKEZ;KAVAKDERE SOKAK;sokak;827892
KIRKLARELİ;LÜLEBURGAZ;SAKIZKÖY - MERKEZ;KİLLİK SOKAK;sokak;879182
KIRKLARELİ;LÜLEBURGAZ;SAKIZKÖY - MERKEZ;KÖY ÜSTÜ MEVKİİ SOKAK;sokak;824547
KIRKLARELİ;LÜLEBURGAZ;SAKIZKÖY - MERKEZ;KURU ÇEŞME SOKAK;sokak;262157
KIRKLARELİ;LÜLEBURGAZ;SAKIZKÖY - MERKEZ;KUYU SOKAK;sokak;371001
KIRKLARELİ;LÜLEBURGAZ;SAKIZKÖY - MERKEZ;MANOLYA 1. SOKAK;sokak;253786960
KIRKLARELİ;LÜLEBURGAZ;SAKIZKÖY - MERKEZ;MERCİMEKTEPE SOKAK;sokak;826286
KIRKLARELİ;LÜLEBURGAZ;SAKIZKÖY - MERKEZ;OKUL 1. SOKAK;sokak;889255651
KIRKLARELİ;LÜLEBURGAZ;SAKIZKÖY - MERKEZ;OKUL ÇIKMAZI SOKAK;sokak;262159
KIRKLARELİ;LÜLEBURGAZ;SAKIZKÖY - MERKEZ;OKUL SOKAK;sokak;262158
KIRKLARELİ;LÜLEBURGAZ;SAKIZKÖY - MERKEZ;PAZAR SOKAK;sokak;448412
KIRKLARELİ;LÜLEBURGAZ;SAKIZKÖY - MERKEZ;SAKIZKÖY 1 SOKAK;sokak;478886800
KIRKLARELİ;LÜLEBURGAZ;SAKIZKÖY - MERKEZ;SARAYİÇİ 1. SOKAK;sokak;346820960
KIRKLARELİ;LÜLEBURGAZ;SAKIZKÖY - MERKEZ;SARAYİÇİ SOKAK;sokak;262147
KIRKLARELİ;LÜLEBURGAZ;SAKIZKÖY - MERKEZ;SELLEKTÖR 1. SOKAK;sokak;874995541
KIRKLARELİ;LÜLEBURGAZ;SAKIZKÖY - MERKEZ;SELLEKTÖR SOKAK;sokak;262148
KIRKLARELİ;LÜLEBURGAZ;SAKIZKÖY - MERKEZ;ŞERİF MUALLİM SOKAK;sokak;921693
KIRKLARELİ;LÜLEBURGAZ;SAKIZKÖY - MERKEZ;TURGUT BEY SOKAK;sokak;148970861
KIRKLARELİ;LÜLEBURGAZ;SAKIZKÖY - MERKEZ;UMURCA KÜME EVLER;sokak;344670760
KIRKLARELİ;LÜLEBURGAZ;SARICAALİ NA;İSİMSİZ 6 SOKAK;sokak;218188360
KIRKLARELİ;LÜLEBURGAZ;SARICAALİ NA;SARICAALİ KÜME EVLER;sokak;692048
KIRKLARELİ;LÜLEBURGAZ;SARIMSAKLI;BİRİNCİ SOKAK;sokak;222673
KIRKLARELİ;LÜLEBURGAZ;SARIMSAKLI;DÖRDÜNCÜ SOKAK;sokak;222674
KIRKLARELİ;LÜLEBURGAZ;SARIMSAKLI;İKİNCİ SOKAK;sokak;222676
KIRKLARELİ;LÜLEBURGAZ;SARIMSAKLI;ÜÇÜNCÜ SOKAK;sokak;222675
KIRKLARELİ;LÜLEBURGAZ;SEVGİ;ADALET SOKAK;sokak;918454
KIRKLARELİ;LÜLEBURGAZ;SEVGİ;AKADEMİ SOKAK;sokak;918455
KIRKLARELİ;LÜLEBURGAZ;SEVGİ;ALSANCAK SOKAK;sokak;290521641
KIRKLARELİ;LÜLEBURGAZ;SEVGİ;ALTIN SOKAK;sokak;918453
KIRKLARELİ;LÜLEBURGAZ;SEVGİ;BARKAN SOKAK;sokak;223272
KIRKLARELİ;LÜLEBURGAZ;SEVGİ;BERGOS CADDE;cadde;436817251
KIRKLARELİ;LÜLEBURGAZ;SEVGİ;BRONZ SOKAK;sokak;918460
KIRKLARELİ;LÜLEBURGAZ;SEVGİ;BÜLENT ECEVİT BULVAR;sokak;918328
KIRKLARELİ;LÜLEBURGAZ;SEVGİ;BÜŞRA SOKAK;sokak;223275
KIRKLARELİ;LÜLEBURGAZ;SEVGİ;COŞKUN SOKAK;sokak;222387
KIRKLARELİ;LÜLEBURGAZ;SEVGİ;ÇANKAYA CADDE;cadde;443868781
KIRKLARELİ;LÜLEBURGAZ;SEVGİ;DEVA SOKAK;sokak;251764881
KIRKLARELİ;LÜLEBURGAZ;SEVGİ;ESER SOKAK;sokak;223273
KIRKLARELİ;LÜLEBURGAZ;SEVGİ;ESKİ İSTASYON CADDE;cadde;918459
KIRKLARELİ;LÜLEBURGAZ;SEVGİ;GÖZDE 1. SOKAK;sokak;840139
KIRKLARELİ;LÜLEBURGAZ;SEVGİ;GÖZDE SOKAK;sokak;222388
KIRKLARELİ;LÜLEBURGAZ;SEVGİ;GÜMÜŞ SOKAK;sokak;918457
KIRKLARELİ;LÜLEBURGAZ;SEVGİ;İSMET İNÖNÜ CADDE;cadde;755062871
KIRKLARELİ;LÜLEBURGAZ;SEVGİ;İSTASYON CADDE;cadde;222393
KIRKLARELİ;LÜLEBURGAZ;SEVGİ;KEMAL CADDE;cadde;222389
KIRKLARELİ;LÜLEBURGAZ;SEVGİ;MEHMET AKİF ERSOY CADDE;cadde;538871701
KIRKLARELİ;LÜLEBURGAZ;SEVGİ;NARLI SOKAK;sokak;816078
KIRKLARELİ;LÜLEBURGAZ;SEVGİ;ORUÇ CADDE;cadde;222390
KIRKLARELİ;LÜLEBURGAZ;SEVGİ;OSMAN ZEKİ ÜNGÖR SOKAK;sokak;693800871
KIRKLARELİ;LÜLEBURGAZ;SEVGİ;REFET BELE CADDE;cadde;342965821
KIRKLARELİ;LÜLEBURGAZ;SEVGİ;RÜŞTÜ AKIN CADDE;cadde;222391
KIRKLARELİ;LÜLEBURGAZ;SEVGİ;SELAMİ ŞAŞMAZ CADDE;cadde;223271
KIRKLARELİ;LÜLEBURGAZ;SEVGİ;SOKOLLU MEHMED PAŞA CADDE;cadde;128444291
KIRKLARELİ;LÜLEBURGAZ;SEVGİ;ŞANSAL SOKAK;sokak;223274
KIRKLARELİ;LÜLEBURGAZ;SEVGİ;ŞEHİT MEDNAN TUNA SOKAK;sokak;223270
KIRKLARELİ;LÜLEBURGAZ;SEVGİ;ÜRETKEN SOKAK;sokak;222392
KIRKLARELİ;LÜLEBURGAZ;SEVGİ;YEŞİLOVA SOKAK;sokak;918456
KIRKLARELİ;LÜLEBURGAZ;SEYİTLER NA;SEYİTLER KÜME EVLER;sokak;593354
KIRKLARELİ;LÜLEBURGAZ;SİTELER;AÇELYA SOKAK;sokak;221516
KIRKLARELİ;LÜLEBURGAZ;SİTELER;ARDA 1. SOKAK;sokak;221518
KIRKLARELİ;LÜLEBURGAZ;SİTELER;ARDA CADDE;cadde;221517
KIRKLARELİ;LÜLEBURGAZ;SİTELER;ARKA SOKAK;sokak;221519
KIRKLARELİ;LÜLEBURGAZ;SİTELER;ASENA SOKAK;sokak;221520
KIRKLARELİ;LÜLEBURGAZ;SİTELER;AYÇİÇEK ARA SOKAK;sokak;221521
KIRKLARELİ;LÜLEBURGAZ;SİTELER;BARIŞ 1. SOKAK;sokak;221522
KIRKLARELİ;LÜLEBURGAZ;SİTELER;BERİL SOKAK;sokak;221523
KIRKLARELİ;LÜLEBURGAZ;SİTELER;BÜKLÜM CADDE;cadde;221524
KIRKLARELİ;LÜLEBURGAZ;SİTELER;CANDOST SOKAK;sokak;221525
KIRKLARELİ;LÜLEBURGAZ;SİTELER;ÇEŞME SOKAK;sokak;221526
KIRKLARELİ;LÜLEBURGAZ;SİTELER;EMEL CADDE;cadde;221527
KIRKLARELİ;LÜLEBURGAZ;SİTELER;ESKİ BEDİR CADDE;cadde;221528
KIRKLARELİ;LÜLEBURGAZ;SİTELER;ESKİ MÜSELLİM CADDE;cadde;221529
KIRKLARELİ;LÜLEBURGAZ;SİTELER;FİLİZ SOKAK;sokak;221530
KIRKLARELİ;LÜLEBURGAZ;SİTELER;GENERAL FERHAT AKAT CADDE;cadde;221531
KIRKLARELİ;LÜLEBURGAZ;SİTELER;GONCA 1. SOKAK;sokak;221532
KIRKLARELİ;LÜLEBURGAZ;SİTELER;GÜL 2. SOKAK;sokak;221533
KIRKLARELİ;LÜLEBURGAZ;SİTELER;GÜLBUDAK SOKAK;sokak;221470
KIRKLARELİ;LÜLEBURGAZ;SİTELER;GÜVERCİN 1. SOKAK;sokak;221471
KIRKLARELİ;LÜLEBURGAZ;SİTELER;HAKAN SOKAK;sokak;221472
KIRKLARELİ;LÜLEBURGAZ;SİTELER;HALİL SOKAK;sokak;221473
KIRKLARELİ;LÜLEBURGAZ;SİTELER;HASAN MENGÜ SOKAK;sokak;221474
KIRKLARELİ;LÜLEBURGAZ;SİTELER;HAZAL SOKAK;sokak;221475
KIRKLARELİ;LÜLEBURGAZ;SİTELER;HOŞGÖR 1. SOKAK;sokak;221476
KIRKLARELİ;LÜLEBURGAZ;SİTELER;İSTASYON CADDE;cadde;221477
KIRKLARELİ;LÜLEBURGAZ;SİTELER;KAMACI SOKAK;sokak;221478
KIRKLARELİ;LÜLEBURGAZ;SİTELER;KARACA SOKAK;sokak;221479
KIRKLARELİ;LÜLEBURGAZ;SİTELER;KIRCAALİ SOKAK;sokak;221480
KIRKLARELİ;LÜLEBURGAZ;SİTELER;MANOLYA SOKAK;sokak;221481
KIRKLARELİ;LÜLEBURGAZ;SİTELER;MEHMET DEDEOĞLU SOKAK;sokak;221482
KIRKLARELİ;LÜLEBURGAZ;SİTELER;MUAMMER ERDEM SOKAK;sokak;222310
KIRKLARELİ;LÜLEBURGAZ;SİTELER;NAZİF BALKAN CADDE;cadde;222311
KIRKLARELİ;LÜLEBURGAZ;SİTELER;OKUMUŞ SOKAK;sokak;222312
KIRKLARELİ;LÜLEBURGAZ;SİTELER;ONUR 1. SOKAK;sokak;222313
KIRKLARELİ;LÜLEBURGAZ;SİTELER;ÖZCANLAR SOKAK;sokak;222314
KIRKLARELİ;LÜLEBURGAZ;SİTELER;ÖZGÜR 1. SOKAK;sokak;222315
KIRKLARELİ;LÜLEBURGAZ;SİTELER;SAKİN SOKAK;sokak;222316
KIRKLARELİ;LÜLEBURGAZ;SİTELER;SARAY SOKAK;sokak;222317
KIRKLARELİ;LÜLEBURGAZ;SİTELER;SEZER SOKAK;sokak;222318
KIRKLARELİ;LÜLEBURGAZ;SİTELER;ŞİRİN SOKAK;sokak;222319
KIRKLARELİ;LÜLEBURGAZ;SİTELER;TEKER SOKAK;sokak;222320
KIRKLARELİ;LÜLEBURGAZ;SİTELER;TUĞBERK SOKAK;sokak;222321
KIRKLARELİ;LÜLEBURGAZ;SİTELER;UZAY SOKAK;sokak;222322
KIRKLARELİ;LÜLEBURGAZ;SİTELER;ÜLKÜ 1. SOKAK;sokak;222323
KIRKLARELİ;LÜLEBURGAZ;SİTELER;VENÜS SOKAK;sokak;222324
KIRKLARELİ;LÜLEBURGAZ;SİTELER;YELİZ SOKAK;sokak;222325
KIRKLARELİ;LÜLEBURGAZ;SİTELER;YEŞER SOKAK;sokak;222326
KIRKLARELİ;LÜLEBURGAZ;TATARKÖY NA;TATARKÖY KÜME EVLER;sokak;617479
KIRKLARELİ;LÜLEBURGAZ;TURGUTBEY NA;TURGUTBEY KÜME EVLER;sokak;488439
KIRKLARELİ;LÜLEBURGAZ;UMURCA NA;UMURCA KÜME EVLER;sokak;600234
KIRKLARELİ;LÜLEBURGAZ;YENİ;ACAR SOKAK;sokak;223203
KIRKLARELİ;LÜLEBURGAZ;YENİ;AKIN SOKAK;sokak;223276
KIRKLARELİ;LÜLEBURGAZ;YENİ;ANT SOKAK;sokak;223277
KIRKLARELİ;LÜLEBURGAZ;YENİ;BOYACIOĞLU SOKAK;sokak;223278
KIRKLARELİ;LÜLEBURGAZ;YENİ;ÇALI ÇEŞME SOKAK;sokak;223195
KIRKLARELİ;LÜLEBURGAZ;YENİ;EKİN SOKAK;sokak;223279
KIRKLARELİ;LÜLEBURGAZ;YENİ;EMRULLAH EFENDİ ARA SOKAK;sokak;223281
KIRKLARELİ;LÜLEBURGAZ;YENİ;EMRULLAH EFENDİ CADDE;cadde;223280
KIRKLARELİ;LÜLEBURGAZ;YENİ;EŞREF GÜLERYÜZ SOKAK;sokak;223282
KIRKLARELİ;LÜLEBURGAZ;YENİ;FATİH 1. ARA SOKAK;sokak;223284
KIRKLARELİ;LÜLEBURGAZ;YENİ;FATİH 2. ARA SOKAK;sokak;223285
KIRKLARELİ;LÜLEBURGAZ;YENİ;FATİH 3. ARA SOKAK;sokak;223286
KIRKLARELİ;LÜLEBURGAZ;YENİ;FATİH 4. ARA SOKAK;sokak;223202
KIRKLARELİ;LÜLEBURGAZ;YENİ;FATİH CADDE;cadde;223283
KIRKLARELİ;LÜLEBURGAZ;YENİ;GENÇLİK SOKAK;sokak;223287
KIRKLARELİ;LÜLEBURGAZ;YENİ;HALEBAK SOKAK;sokak;223288
KIRKLARELİ;LÜLEBURGAZ;YENİ;HARMAN SOKAK;sokak;223289
KIRKLARELİ;LÜLEBURGAZ;YENİ;HASAN AĞA ÇEŞME SOKAK;sokak;223290
KIRKLARELİ;LÜLEBURGAZ;YENİ;HASRET SOKAK;sokak;223291
KIRKLARELİ;LÜLEBURGAZ;YENİ;İSTANBUL CADDE;cadde;223197
KIRKLARELİ;LÜLEBURGAZ;YENİ;İSTASYON CADDE;cadde;223198
KIRKLARELİ;LÜLEBURGAZ;YENİ;KIŞLA SOKAK;sokak;223292
KIRKLARELİ;LÜLEBURGAZ;YENİ;KURBANLAR SOKAK;sokak;223293
KIRKLARELİ;LÜLEBURGAZ;YENİ;NÜZHET ORHUN SOKAK;sokak;223294
KIRKLARELİ;LÜLEBURGAZ;YENİ;ÖZBEK 1. SOKAK;sokak;223196
KIRKLARELİ;LÜLEBURGAZ;YENİ;SILA 1. SOKAK;sokak;223295
KIRKLARELİ;LÜLEBURGAZ;YENİ;ŞEHİT AYDIN MUTLU SOKAK;sokak;223199
KIRKLARELİ;LÜLEBURGAZ;YENİ;ŞEHİT CEZMİ MUTLU SOKAK;sokak;223200
KIRKLARELİ;LÜLEBURGAZ;YENİ;ŞEVKET ÖDÜL CADDE;cadde;223201
KIRKLARELİ;LÜLEBURGAZ;YENİ;TURGUT ARA SOKAK;sokak;223193
KIRKLARELİ;LÜLEBURGAZ;YENİ;TURGUT SOKAK;sokak;223296
KIRKLARELİ;LÜLEBURGAZ;YENİ;UMURCA SOKAK;sokak;223194
KIRKLARELİ;LÜLEBURGAZ;YENİBEDİR NA;YENİBEDİR KÜME EVLER;sokak;337928
KIRKLARELİ;LÜLEBURGAZ;YENİTAŞLI NA;TURGUTBEY KÜME EVLER;sokak;748931161
KIRKLARELİ;LÜLEBURGAZ;YENİTAŞLI NA;YENİTAŞLI KÜME EVLER;sokak;507646
KIRKLARELİ;LÜLEBURGAZ;YILDIRIM;AKDUMAN SOKAK;sokak;296592
KIRKLARELİ;LÜLEBURGAZ;YILDIRIM;ALPÜSTÜN SOKAK;sokak;296593
KIRKLARELİ;LÜLEBURGAZ;YILDIRIM;ANIL SOKAK;sokak;296594
KIRKLARELİ;LÜLEBURGAZ;YILDIRIM;BAHÇELER SOKAK;sokak;296595
KIRKLARELİ;LÜLEBURGAZ;YILDIRIM;CEYLANLAR ARKASI KÜME EVLER;sokak;758831
KIRKLARELİ;LÜLEBURGAZ;YILDIRIM;CİHANGİR SOKAK;sokak;296596
KIRKLARELİ;LÜLEBURGAZ;YILDIRIM;ÇAMURLU SOKAK;sokak;296597
KIRKLARELİ;LÜLEBURGAZ;YILDIRIM;DEĞİRMEN CADDE;cadde;296598
KIRKLARELİ;LÜLEBURGAZ;YILDIRIM;DERE 1. ARA SOKAK;sokak;296599
KIRKLARELİ;LÜLEBURGAZ;YILDIRIM;DERE 2. ARA SOKAK;sokak;296600
KIRKLARELİ;LÜLEBURGAZ;YILDIRIM;DERE 3. ARA SOKAK;sokak;296601
KIRKLARELİ;LÜLEBURGAZ;YILDIRIM;DERE 4. ARA SOKAK;sokak;296602
KIRKLARELİ;LÜLEBURGAZ;YILDIRIM;DERE 6. SOKAK;sokak;296603
KIRKLARELİ;LÜLEBURGAZ;YILDIRIM;DERE 7. SOKAK;sokak;296604
KIRKLARELİ;LÜLEBURGAZ;YILDIRIM;DOBRUCALI SOKAK;sokak;296605
KIRKLARELİ;LÜLEBURGAZ;YILDIRIM;ESKİ KIRKLARELİ CADDE;cadde;296606
KIRKLARELİ;LÜLEBURGAZ;YILDIRIM;GÜNÜŞEN SOKAK;sokak;296607
KIRKLARELİ;LÜLEBURGAZ;YILDIRIM;KALENDER SOKAK;sokak;296608
KIRKLARELİ;LÜLEBURGAZ;YILDIRIM;KEMER SOKAK;sokak;296609
KIRKLARELİ;LÜLEBURGAZ;YILDIRIM;KONCA SOKAK;sokak;296610
KIRKLARELİ;LÜLEBURGAZ;YILDIRIM;KUŞDİLİ SOKAK;sokak;296611
KIRKLARELİ;LÜLEBURGAZ;YILDIRIM;KÜBRA SOKAK;sokak;296612
KIRKLARELİ;LÜLEBURGAZ;YILDIRIM;MALKOÇ CADDE;cadde;296613
KIRKLARELİ;LÜLEBURGAZ;YILDIRIM;OĞUZHAN SOKAK;sokak;296614
KIRKLARELİ;LÜLEBURGAZ;YILDIRIM;ÖZMAT SOKAK;sokak;296615
KIRKLARELİ;LÜLEBURGAZ;YILDIRIM;PINARHİSAR ASFALTI YOLU KÜME EVLER;sokak;28026
KIRKLARELİ;LÜLEBURGAZ;YILDIRIM;SARAÇOĞLU SOKAK;sokak;296616
KIRKLARELİ;LÜLEBURGAZ;YILDIRIM;SEVİNDİK SOKAK;sokak;296617
KIRKLARELİ;LÜLEBURGAZ;YILDIRIM;TURGUTBEY 1. SOKAK;sokak;296619
KIRKLARELİ;LÜLEBURGAZ;YILDIRIM;TURGUTBEY 2. SOKAK;sokak;296620
KIRKLARELİ;LÜLEBURGAZ;YILDIRIM;TURGUTBEY ARA SOKAK;sokak;296621
KIRKLARELİ;LÜLEBURGAZ;YILDIRIM;TURGUTBEY CADDE;cadde;296618
KIRKLARELİ;LÜLEBURGAZ;YILDIRIM;UFUK SOKAK;sokak;296622
KIRKLARELİ;LÜLEBURGAZ;YILDIRIM;ULUĞ SOKAK;sokak;296623
KIRKLARELİ;LÜLEBURGAZ;YILDIRIM;YENİ 2. SOKAK;sokak;296624
KIRKLARELİ;LÜLEBURGAZ;YILDIZ;AKAR SOKAK;sokak;218341
KIRKLARELİ;LÜLEBURGAZ;YILDIZ;BETÜL SOKAK;sokak;218342
KIRKLARELİ;LÜLEBURGAZ;YILDIZ;BİLGİÇ SOKAK;sokak;219192
KIRKLARELİ;LÜLEBURGAZ;YILDIZ;BÜKLÜM CADDE;cadde;218343
KIRKLARELİ;LÜLEBURGAZ;YILDIZ;ÇERMEN CADDE;cadde;218344
KIRKLARELİ;LÜLEBURGAZ;YILDIZ;DOĞUŞ ARA SOKAK;sokak;218348
KIRKLARELİ;LÜLEBURGAZ;YILDIZ;DOĞUŞ CADDE;cadde;218347
KIRKLARELİ;LÜLEBURGAZ;YILDIZ;DONATIM SOKAK;sokak;218345
KIRKLARELİ;LÜLEBURGAZ;YILDIZ;DOSTLUK SOKAK;sokak;218346
KIRKLARELİ;LÜLEBURGAZ;YILDIZ;EGEMEN SOKAK;sokak;218351
KIRKLARELİ;LÜLEBURGAZ;YILDIZ;EMEL CADDE;cadde;218349
KIRKLARELİ;LÜLEBURGAZ;YILDIZ;ESKİ BEDİR CADDE;cadde;218350
KIRKLARELİ;LÜLEBURGAZ;YILDIZ;FİGEN SOKAK;sokak;219193
KIRKLARELİ;LÜLEBURGAZ;YILDIZ;GENERAL FERHAT AKAT CADDE;cadde;218352
KIRKLARELİ;LÜLEBURGAZ;YILDIZ;GÖRKEM 1.ARA SOKAK;sokak;218354
KIRKLARELİ;LÜLEBURGAZ;YILDIZ;GÖRKEM 2.ARA SOKAK;sokak;218355
KIRKLARELİ;LÜLEBURGAZ;YILDIZ;GÖRKEM 3.ARA SOKAK;sokak;218356
KIRKLARELİ;LÜLEBURGAZ;YILDIZ;GÖRKEM 4.ARA SOKAK;sokak;218357
KIRKLARELİ;LÜLEBURGAZ;YILDIZ;GÖRKEM SOKAK;sokak;218353
KIRKLARELİ;LÜLEBURGAZ;YILDIZ;HÜLYA SOKAK;sokak;218358
KIRKLARELİ;LÜLEBURGAZ;YILDIZ;HÜRRİYET CADDE;cadde;218359
KIRKLARELİ;LÜLEBURGAZ;YILDIZ;İBRAHİM EROL SOKAK;sokak;218268
KIRKLARELİ;LÜLEBURGAZ;YILDIZ;İDİL SOKAK;sokak;219190
KIRKLARELİ;LÜLEBURGAZ;YILDIZ;İSTANBUL CADDE;cadde;219191
KIRKLARELİ;LÜLEBURGAZ;YILDIZ;KARACA SOKAK;sokak;218360
KIRKLARELİ;LÜLEBURGAZ;YILDIZ;KISA 2. SOKAK;sokak;218361
KIRKLARELİ;LÜLEBURGAZ;YILDIZ;MEHMET SALİH ARI CADDE;cadde;218362
KIRKLARELİ;LÜLEBURGAZ;YILDIZ;MEHTAP SOKAK;sokak;918462
KIRKLARELİ;LÜLEBURGAZ;YILDIZ;MURAT HÜDAVENDİGAR CADDE;cadde;218363
KIRKLARELİ;LÜLEBURGAZ;YILDIZ;MUSTAFA KIZILAY CADDE;cadde;218364
KIRKLARELİ;LÜLEBURGAZ;YILDIZ;PAFTALI SOKAK;sokak;218365
KIRKLARELİ;LÜLEBURGAZ;YILDIZ;TÜREDİ SOKAK;sokak;218366
KIRKLARELİ;LÜLEBURGAZ;YILDIZ;YENİ 3. SOKAK;sokak;218367
KIRKLARELİ;LÜLEBURGAZ;YILDIZ;YOKUŞ SOKAK;sokak;218368
KIRKLARELİ;LÜLEBURGAZ;YILDIZ;YONCA 1. SOKAK;sokak;218369
KIRKLARELİ;LÜLEBURGAZ;YILMAZ;ALİ RAHMİ PEKTAŞ SOKAK;sokak;219194
KIRKLARELİ;LÜLEBURGAZ;YILMAZ;ARKA BAHÇELER 1. SOKAK;sokak;219184
KIRKLARELİ;LÜLEBURGAZ;YILMAZ;ARKA BAHÇELER SOKAK;sokak;219195
KIRKLARELİ;LÜLEBURGAZ;YILMAZ;ARTEZYEN 1. SOKAK;sokak;219196
KIRKLARELİ;LÜLEBURGAZ;YILMAZ;CİHANGİR SOKAK;sokak;219183
KIRKLARELİ;LÜLEBURGAZ;YILMAZ;DEĞİRMEN CADDE;cadde;219185
KIRKLARELİ;LÜLEBURGAZ;YILMAZ;DERE SOKAK;sokak;219186
KIRKLARELİ;LÜLEBURGAZ;YILMAZ;EDİRNE CADDE;cadde;219181
KIRKLARELİ;LÜLEBURGAZ;YILMAZ;ESKİ KIRKLARELİ CADDE;cadde;219197
KIRKLARELİ;LÜLEBURGAZ;YILMAZ;ESKİ PTT SOKAK;sokak;219198
KIRKLARELİ;LÜLEBURGAZ;YILMAZ;HAMAM SOKAK;sokak;219199
KIRKLARELİ;LÜLEBURGAZ;YILMAZ;HÜKÜMET ARA SOKAK;sokak;219200
KIRKLARELİ;LÜLEBURGAZ;YILMAZ;İHTİSAS MAHKEMELERİ SOKAK;sokak;219201
KIRKLARELİ;LÜLEBURGAZ;YILMAZ;İSMAİL HAKKI YÜCEL SOKAK;sokak;219202
KIRKLARELİ;LÜLEBURGAZ;YILMAZ;İSTANBUL CADDE;cadde;219180
KIRKLARELİ;LÜLEBURGAZ;YILMAZ;NALBANT 1. SOKAK;sokak;219203
KIRKLARELİ;LÜLEBURGAZ;YILMAZ;NALBANT 2. SOKAK;sokak;219204
KIRKLARELİ;LÜLEBURGAZ;YILMAZ;ORHAN ÖZCANLAR SOKAK;sokak;219205
KIRKLARELİ;LÜLEBURGAZ;YILMAZ;SAKARYA ARA SOKAK;sokak;219206
KIRKLARELİ;LÜLEBURGAZ;YILMAZ;SAKARYA SOKAK;sokak;219207
KIRKLARELİ;LÜLEBURGAZ;YILMAZ;SET SOKAK;sokak;219187
KIRKLARELİ;LÜLEBURGAZ;YILMAZ;SÜRÜCÜ SOKAK;sokak;219208
KIRKLARELİ;LÜLEBURGAZ;YILMAZ;Ş.ÜSTEĞMEN SALİH SEYHAN SOKAK;sokak;219209
KIRKLARELİ;LÜLEBURGAZ;YILMAZ;ŞEN ARA SOKAK;sokak;219210
KIRKLARELİ;LÜLEBURGAZ;YILMAZ;ŞEN SOKAK;sokak;219211
KIRKLARELİ;LÜLEBURGAZ;YILMAZ;TOPRAK SOKAK;sokak;219212
KIRKLARELİ;LÜLEBURGAZ;YILMAZ;TULUMBA CADDE;cadde;219178
KIRKLARELİ;LÜLEBURGAZ;YILMAZ;TURGUTBEY CADDE;cadde;219182
KIRKLARELİ;LÜLEBURGAZ;YILMAZ;VURAL SOKAK;sokak;219179
KIRKLARELİ;LÜLEBURGAZ;ZAFER;ADAK SOKAK;sokak;222327
KIRKLARELİ;LÜLEBURGAZ;ZAFER;AKASYA SOKAK;sokak;918468
KIRKLARELİ;LÜLEBURGAZ;ZAFER;AKIN 2. SOKAK;sokak;222328
KIRKLARELİ;LÜLEBURGAZ;ZAFER;ALİ MİRAÇ SOKAK;sokak;222329
KIRKLARELİ;LÜLEBURGAZ;ZAFER;ARDIÇ SOKAK;sokak;918491
KIRKLARELİ;LÜLEBURGAZ;ZAFER;ARIM SOKAK;sokak;558728401
KIRKLARELİ;LÜLEBURGAZ;ZAFER;ARŞİV SOKAK;sokak;834818201
KIRKLARELİ;LÜLEBURGAZ;ZAFER;AŞKİYE ÇAL CADDE;cadde;122522921
KIRKLARELİ;LÜLEBURGAZ;ZAFER;AYDIN KALAYKOZ SOKAK;sokak;222330
KIRKLARELİ;LÜLEBURGAZ;ZAFER;BALIM SOKAK;sokak;968818181
KIRKLARELİ;LÜLEBURGAZ;ZAFER;BEGONYA SOKAK;sokak;918501
KIRKLARELİ;LÜLEBURGAZ;ZAFER;BULUT SOKAK;sokak;918476
KIRKLARELİ;LÜLEBURGAZ;ZAFER;BÜKLÜM 1. SOKAK;sokak;222332
KIRKLARELİ;LÜLEBURGAZ;ZAFER;BÜKLÜM CADDE;cadde;222331
KIRKLARELİ;LÜLEBURGAZ;ZAFER;CENGİZ 1. SOKAK;sokak;222334
KIRKLARELİ;LÜLEBURGAZ;ZAFER;CENGİZ SOKAK;sokak;222333
KIRKLARELİ;LÜLEBURGAZ;ZAFER;CEVİZ SOKAK;sokak;918500
KIRKLARELİ;LÜLEBURGAZ;ZAFER;ÇAĞDAŞ SOKAK;sokak;222335
KIRKLARELİ;LÜLEBURGAZ;ZAFER;ÇAVDAR SOKAK;sokak;918481
KIRKLARELİ;LÜLEBURGAZ;ZAFER;ÇINARLI SOKAK;sokak;918532
KIRKLARELİ;LÜLEBURGAZ;ZAFER;DEFNE SOKAK;sokak;918283
KIRKLARELİ;LÜLEBURGAZ;ZAFER;DİNÇER SOKAK;sokak;222336
KIRKLARELİ;LÜLEBURGAZ;ZAFER;DİŞBUDAK SOKAK;sokak;918327
KIRKLARELİ;LÜLEBURGAZ;ZAFER;DR FERİT PAÇACI CADDE;cadde;991104541
KIRKLARELİ;LÜLEBURGAZ;ZAFER;DR. KEMAL ERDEM SOKAK;sokak;918477
KIRKLARELİ;LÜLEBURGAZ;ZAFER;DR. TANSEL BARIŞ CADDE;cadde;918480
KIRKLARELİ;LÜLEBURGAZ;ZAFER;DÜŞLER SOKAK;sokak;918470
KIRKLARELİ;LÜLEBURGAZ;ZAFER;EMEL CADDE;cadde;222337
KIRKLARELİ;LÜLEBURGAZ;ZAFER;EREN 1. SOKAK;sokak;222338
KIRKLARELİ;LÜLEBURGAZ;ZAFER;ESKİ BEDİR CADDE;cadde;222339
KIRKLARELİ;LÜLEBURGAZ;ZAFER;EZGİ 1. SOKAK;sokak;222340
KIRKLARELİ;LÜLEBURGAZ;ZAFER;FATİH SULTAN MEHMET CADDE;cadde;127151161
KIRKLARELİ;LÜLEBURGAZ;ZAFER;FATMA REFET ANGIN CADDE;cadde;916094611
KIRKLARELİ;LÜLEBURGAZ;ZAFER;FERİHA SANERK SOKAK;sokak;408482931
KIRKLARELİ;LÜLEBURGAZ;ZAFER;FEYZULLAH ÇARIKÇI 1. SOKAK;sokak;222341
KIRKLARELİ;LÜLEBURGAZ;ZAFER;GAZİ MUSTAFA KEMAL PAŞA BULVAR;sokak;859168981
KIRKLARELİ;LÜLEBURGAZ;ZAFER;GÖKYÜZÜ SOKAK;sokak;918466
KIRKLARELİ;LÜLEBURGAZ;ZAFER;GÜLAÇAR SOKAK;sokak;222342
KIRKLARELİ;LÜLEBURGAZ;ZAFER;GÜN BATIMI CADDE;cadde;695866181
KIRKLARELİ;LÜLEBURGAZ;ZAFER;GÜRBÜZ SOKAK;sokak;222343
KIRKLARELİ;LÜLEBURGAZ;ZAFER;GÜRGEN SOKAK;sokak;918482
KIRKLARELİ;LÜLEBURGAZ;ZAFER;GÜRPINAR SOKAK;sokak;222344
KIRKLARELİ;LÜLEBURGAZ;ZAFER;GÜVENÇ SOKAK;sokak;222345
KIRKLARELİ;LÜLEBURGAZ;ZAFER;HASAN ALİ YÜCEL CADDE;cadde;685868091
KIRKLARELİ;LÜLEBURGAZ;ZAFER;HAZAL SOKAK;sokak;222346
KIRKLARELİ;LÜLEBURGAZ;ZAFER;HİKAYE SOKAK;sokak;918465
KIRKLARELİ;LÜLEBURGAZ;ZAFER;HİLAL CADDE;cadde;491305781
KIRKLARELİ;LÜLEBURGAZ;ZAFER;HURMA SOKAK;sokak;918469
KIRKLARELİ;LÜLEBURGAZ;ZAFER;HÜKÜMET CADDE;cadde;918437
KIRKLARELİ;LÜLEBURGAZ;ZAFER;İĞDE SOKAK;sokak;918473
KIRKLARELİ;LÜLEBURGAZ;ZAFER;İNCİ SOKAK;sokak;222347
KIRKLARELİ;LÜLEBURGAZ;ZAFER;İNCİR SOKAK;sokak;918486
KIRKLARELİ;LÜLEBURGAZ;ZAFER;İREM 1. SOKAK;sokak;222348
KIRKLARELİ;LÜLEBURGAZ;ZAFER;KAR SOKAK;sokak;918489
KIRKLARELİ;LÜLEBURGAZ;ZAFER;KESTANE 1. SOKAK;sokak;222349
KIRKLARELİ;LÜLEBURGAZ;ZAFER;KÜÇÜK 1. SOKAK;sokak;222350
KIRKLARELİ;LÜLEBURGAZ;ZAFER;MASAL SOKAK;sokak;918507
KIRKLARELİ;LÜLEBURGAZ;ZAFER;MEDENİYET SOKAK;sokak;436108981
KIRKLARELİ;LÜLEBURGAZ;ZAFER;MEHMET DEDEOĞLU SOKAK;sokak;222351
KIRKLARELİ;LÜLEBURGAZ;ZAFER;MEŞE SOKAK;sokak;918485
KIRKLARELİ;LÜLEBURGAZ;ZAFER;MİLLET CADDE;cadde;918319
KIRKLARELİ;LÜLEBURGAZ;ZAFER;MUAMMER ERDEM SOKAK;sokak;222352
KIRKLARELİ;LÜLEBURGAZ;ZAFER;MUSTAFA KEMAL BULVAR;sokak;918314
KIRKLARELİ;LÜLEBURGAZ;ZAFER;NACİ ARI CADDE;cadde;222353
KIRKLARELİ;LÜLEBURGAZ;ZAFER;NAZİF BALKAN CADDE;cadde;222354
KIRKLARELİ;LÜLEBURGAZ;ZAFER;ÖYKÜ SOKAK;sokak;918496
KIRKLARELİ;LÜLEBURGAZ;ZAFER;ÖZCAN DEĞİRMENCİOĞLU CADDE;cadde;222752
KIRKLARELİ;LÜLEBURGAZ;ZAFER;ÖZEKEN SOKAK;sokak;222753
KIRKLARELİ;LÜLEBURGAZ;ZAFER;ÖZGÜRLÜK CADDE;cadde;918429
KIRKLARELİ;LÜLEBURGAZ;ZAFER;PARLA CADDE;cadde;886260491
KIRKLARELİ;LÜLEBURGAZ;ZAFER;PETEK 1 SOKAK;sokak;363002001
KIRKLARELİ;LÜLEBURGAZ;ZAFER;RAUF DENKTAŞ BULVAR;sokak;918301
KIRKLARELİ;LÜLEBURGAZ;ZAFER;RUMELİ CADDE;cadde;918426
KIRKLARELİ;LÜLEBURGAZ;ZAFER;RÜYA SOKAK;sokak;918484
KIRKLARELİ;LÜLEBURGAZ;ZAFER;SABİHA GÖKÇEN CADDE;cadde;992594591
KIRKLARELİ;LÜLEBURGAZ;ZAFER;SAKİN SOKAK;sokak;222754
KIRKLARELİ;LÜLEBURGAZ;ZAFER;SARAYBOSNA CADDE;cadde;918492
KIRKLARELİ;LÜLEBURGAZ;ZAFER;SARMAŞIK SOKAK;sokak;918488
KIRKLARELİ;LÜLEBURGAZ;ZAFER;SEDİR SOKAK;sokak;918502
KIRKLARELİ;LÜLEBURGAZ;ZAFER;SELÇUK SOKAK;sokak;222755
KIRKLARELİ;LÜLEBURGAZ;ZAFER;SELVİ SOKAK;sokak;918506
KIRKLARELİ;LÜLEBURGAZ;ZAFER;SÖĞÜT SOKAK;sokak;920443
KIRKLARELİ;LÜLEBURGAZ;ZAFER;SUSAM SOKAK;sokak;918490
KIRKLARELİ;LÜLEBURGAZ;ZAFER;ŞAİR SOKAK;sokak;918504
KIRKLARELİ;LÜLEBURGAZ;ZAFER;ŞANLI SOKAK;sokak;170396861
KIRKLARELİ;LÜLEBURGAZ;ZAFER;ŞEHİT RECEP GÜNGÖR CADDE;cadde;222756
KIRKLARELİ;LÜLEBURGAZ;ZAFER;ŞİFA SOKAK;sokak;842080811
KIRKLARELİ;LÜLEBURGAZ;ZAFER;ŞİİR SOKAK;sokak;918478
KIRKLARELİ;LÜLEBURGAZ;ZAFER;TACİR SOKAK;sokak;918505
KIRKLARELİ;LÜLEBURGAZ;ZAFER;TEKCAN CADDE;cadde;222757
KIRKLARELİ;LÜLEBURGAZ;ZAFER;UĞUR SOKAK;sokak;222669
KIRKLARELİ;LÜLEBURGAZ;ZAFER;VATAN CADDE;cadde;918475
KIRKLARELİ;LÜLEBURGAZ;ZAFER;YAKAMOZ SOKAK;sokak;918472
KIRKLARELİ;LÜLEBURGAZ;ZAFER;YALÇIN BİLGİVAR SOKAK;sokak;222670
KIRKLARELİ;LÜLEBURGAZ;ZAFER;YAVUZ SOKAK;sokak;222671
KIRKLARELİ;LÜLEBURGAZ;ZAFER;YEŞİLÇAM SOKAK;sokak;239473511
KIRKLARELİ;LÜLEBURGAZ;ZAFER;YULAF SOKAK;sokak;918498
KIRKLARELİ;LÜLEBURGAZ;ZAFER;ZURHAP SAMİ SOKAK;sokak;222672
KIRKLARELİ;MERKEZ;AHMETÇE NA;AHMETÇE KÜME EVLER;sokak;262985
KIRKLARELİ;MERKEZ;AKALAR;1. ELİF SOKAK;sokak;744109
KIRKLARELİ;MERKEZ;AKALAR;109/1 SOKAK;sokak;744174
KIRKLARELİ;MERKEZ;AKALAR;2. ELİF SOKAK;sokak;745426
KIRKLARELİ;MERKEZ;AKALAR;3. ELİF SOKAK;sokak;744172
KIRKLARELİ;MERKEZ;AKALAR;4. ELİF SOKAK;sokak;744173
KIRKLARELİ;MERKEZ;AKALAR;453. SOKAK;sokak;829063140
KIRKLARELİ;MERKEZ;AKALAR;46.5 SOKAK;sokak;327644580
KIRKLARELİ;MERKEZ;AKALAR;462. SOKAK;sokak;1327339
KIRKLARELİ;MERKEZ;AKALAR;463. SOKAK;sokak;1327341
KIRKLARELİ;MERKEZ;AKALAR;464. SOKAK;sokak;487546180
KIRKLARELİ;MERKEZ;AKALAR;466. SOKAK;sokak;1327323
KIRKLARELİ;MERKEZ;AKALAR;467. SOKAK;sokak;739539520
KIRKLARELİ;MERKEZ;AKALAR;468. SOKAK;sokak;745822
KIRKLARELİ;MERKEZ;AKALAR;469. SOKAK;sokak;103604020
KIRKLARELİ;MERKEZ;AKALAR;470. SOKAK;sokak;1327325
KIRKLARELİ;MERKEZ;AKALAR;471. SOKAK;sokak;1327327
KIRKLARELİ;MERKEZ;AKALAR;473. SOKAK;sokak;623947700
KIRKLARELİ;MERKEZ;AKALAR;478. SOKAK;sokak;747956
KIRKLARELİ;MERKEZ;AKALAR;478/1 SOKAK;sokak;601772680
KIRKLARELİ;MERKEZ;AKALAR;480. SOKAK;sokak;747950
KIRKLARELİ;MERKEZ;AKALAR;481. SOKAK;sokak;444299340
KIRKLARELİ;MERKEZ;AKALAR;482. SOKAK;sokak;183861
KIRKLARELİ;MERKEZ;AKALAR;483. SOKAK;sokak;1346665
KIRKLARELİ;MERKEZ;AKALAR;484. SOKAK;sokak;127779420
KIRKLARELİ;MERKEZ;AKALAR;485. SOKAK;sokak;1327329
KIRKLARELİ;MERKEZ;AKALAR;486. SOKAK;sokak;136856800
KIRKLARELİ;MERKEZ;AKALAR;490. SOKAK;sokak;1327331
KIRKLARELİ;MERKEZ;AKALAR;492. SOKAK;sokak;747012
KIRKLARELİ;MERKEZ;AKALAR;ACEM SOKAK;sokak;744563
KIRKLARELİ;MERKEZ;AKALAR;AÇELYA SOKAK;sokak;745412
KIRKLARELİ;MERKEZ;AKALAR;AHENK SOKAK;sokak;747014
KIRKLARELİ;MERKEZ;AKALAR;AKALAR KÜME EVLER;sokak;743516
KIRKLARELİ;MERKEZ;AKALAR;AKASYA SOKAK;sokak;745422
KIRKLARELİ;MERKEZ;AKALAR;AYBÜGE SOKAK;sokak;742825
KIRKLARELİ;MERKEZ;AKALAR;BALKAN 1. GEÇİDİ CADDE;cadde;264817
KIRKLARELİ;MERKEZ;AKALAR;BALKAN 2. GEÇİDİ CADDE;cadde;163636
KIRKLARELİ;MERKEZ;AKALAR;BALKAN CADDE;cadde;746964
KIRKLARELİ;MERKEZ;AKALAR;BENTLER SOKAK;sokak;741829
KIRKLARELİ;MERKEZ;AKALAR;CAMİİ ŞERİF SOKAK;sokak;747006
KIRKLARELİ;MERKEZ;AKALAR;CUMHURİYET_1 MEYDAN;sokak;213986
KIRKLARELİ;MERKEZ;AKALAR;ÇAKIL SOKAK;sokak;743910
KIRKLARELİ;MERKEZ;AKALAR;ÇAMLIK CADDE;cadde;810638
KIRKLARELİ;MERKEZ;AKALAR;ÇAMLIK ÇIKMAZ SOKAK;sokak;741780
KIRKLARELİ;MERKEZ;AKALAR;DEREKÖY YOLU CADDE;cadde;78909819
KIRKLARELİ;MERKEZ;AKALAR;DİBEK GEÇİDİ SOKAK;sokak;747549
KIRKLARELİ;MERKEZ;AKALAR;DİBEK SOKAK;sokak;158443
KIRKLARELİ;MERKEZ;AKALAR;DİLBER SOKAK;sokak;747013
KIRKLARELİ;MERKEZ;AKALAR;GAZİ HAKAN EDİŞ SOKAK;sokak;746997
KIRKLARELİ;MERKEZ;AKALAR;HAMZABABA SOKAK;sokak;741817
KIRKLARELİ;MERKEZ;AKALAR;HUZUR SOKAK;sokak;1035645
KIRKLARELİ;MERKEZ;AKALAR;IŞIKLAR3 SOKAK;sokak;744170
KIRKLARELİ;MERKEZ;AKALAR;KABRİSTAN SOKAK;sokak;744168
KIRKLARELİ;MERKEZ;AKALAR;KARAKOÇ KÜME EVLER;sokak;589828850
KIRKLARELİ;MERKEZ;AKALAR;KIRANYİĞİT SOKAK;sokak;237902
KIRKLARELİ;MERKEZ;AKALAR;KİREMİTHANE GEÇİDİ SOKAK;sokak;745321
KIRKLARELİ;MERKEZ;AKALAR;KİREMİTHANE SOKAK;sokak;742071
KIRKLARELİ;MERKEZ;AKALAR;KORU SOKAK;sokak;27448
KIRKLARELİ;MERKEZ;AKALAR;KÜME EVLER 1. KÜME EVLER;sokak;130197650
KIRKLARELİ;MERKEZ;AKALAR;MUHACIR SOKAK;sokak;264820
KIRKLARELİ;MERKEZ;AKALAR;NAMAZGAH CADDE;cadde;335414
KIRKLARELİ;MERKEZ;AKALAR;NAMAZGAH ÇIKMAZ CADDE;cadde;526315
KIRKLARELİ;MERKEZ;AKALAR;ONUR 1 SOKAK;sokak;21045
KIRKLARELİ;MERKEZ;AKALAR;ONUR 2 SOKAK;sokak;745431
KIRKLARELİ;MERKEZ;AKALAR;ONUR SOKAK;sokak;742386
KIRKLARELİ;MERKEZ;AKALAR;PINAR SOKAK;sokak;741782
KIRKLARELİ;MERKEZ;AKALAR;SEFA SOKAK;sokak;71067
KIRKLARELİ;MERKEZ;AKALAR;SÖĞÜT SOKAK;sokak;741779
KIRKLARELİ;MERKEZ;AKALAR;SÖĞÜTÇÜK ÇEŞME 2. ÇIKMAZ SOKAK;sokak;237898
KIRKLARELİ;MERKEZ;AKALAR;SÖĞÜTÇÜK ÇEŞME ARKA SOKAK;sokak;417922
KIRKLARELİ;MERKEZ;AKALAR;SÖĞÜTÇÜK ÇEŞME ÇIKMAZ SOKAK;sokak;741836
KIRKLARELİ;MERKEZ;AKALAR;SÖĞÜTÇÜK ÇEŞME SOKAK;sokak;158446
KIRKLARELİ;MERKEZ;AKALAR;SÜĞÜTÇÜK ÇEŞME ARA SOKAK;sokak;741787
KIRKLARELİ;MERKEZ;AKALAR;TEPE ARA SOKAK;sokak;175254110
KIRKLARELİ;MERKEZ;AKALAR;TOPÇULAR SOKAK;sokak;741830
KIRKLARELİ;MERKEZ;AKALAR;TOPRAK SOKAK;sokak;745847
KIRKLARELİ;MERKEZ;AKALAR;TÜRKOĞLU SOKAK;sokak;441523
KIRKLARELİ;MERKEZ;AKALAR;YAHŞİBEY SOKAK;sokak;361045
KIRKLARELİ;MERKEZ;AKALAR;YENİ SOKAK;sokak;264449
KIRKLARELİ;MERKEZ;AKALAR;ZAMBAK SOKAK;sokak;747603
KIRKLARELİ;MERKEZ;ARİZBABA NA;ARİZBABA KÜME EVLER;sokak;93476
KIRKLARELİ;MERKEZ;ARMAĞAN NA;ARMAĞAN KÜME EVLER;sokak;573480
KIRKLARELİ;MERKEZ;ASILBEYLİ NA;ASILBEYLİ KÜME EVLER;sokak;548762
KIRKLARELİ;MERKEZ;ATATÜRK;2000. SOKAK;sokak;1296095
KIRKLARELİ;MERKEZ;ATATÜRK;2001. SOKAK;sokak;1296097
KIRKLARELİ;MERKEZ;ATATÜRK;2002. SOKAK;sokak;1266515
KIRKLARELİ;MERKEZ;ATATÜRK;2003. SOKAK;sokak;1296099
KIRKLARELİ;MERKEZ;ATATÜRK;2004. SOKAK;sokak;1296105
KIRKLARELİ;MERKEZ;ATATÜRK;2005. SOKAK;sokak;1296107
KIRKLARELİ;MERKEZ;ATATÜRK;2006. SOKAK;sokak;1296109
KIRKLARELİ;MERKEZ;ATATÜRK;2007. SOKAK;sokak;1296111
KIRKLARELİ;MERKEZ;ATATÜRK;2008. SOKAK;sokak;1296125
KIRKLARELİ;MERKEZ;ATATÜRK;2009. SOKAK;sokak;1296127
KIRKLARELİ;MERKEZ;ATATÜRK;2010. SOKAK;sokak;1296129
KIRKLARELİ;MERKEZ;ATATÜRK;2011. SOKAK;sokak;1296131
KIRKLARELİ;MERKEZ;ATATÜRK;2012. SOKAK;sokak;1296133
KIRKLARELİ;MERKEZ;ATATÜRK;2013. SOKAK;sokak;1296135
KIRKLARELİ;MERKEZ;ATATÜRK;2014. SOKAK;sokak;1296137
KIRKLARELİ;MERKEZ;ATATÜRK;2015. SOKAK;sokak;1296139
KIRKLARELİ;MERKEZ;ATATÜRK;2016. SOKAK;sokak;1296149
KIRKLARELİ;MERKEZ;ATATÜRK;2017. SOKAK;sokak;1296151
KIRKLARELİ;MERKEZ;ATATÜRK;2018. SOKAK;sokak;1296153
KIRKLARELİ;MERKEZ;ATATÜRK;2019. SOKAK;sokak;1296155
KIRKLARELİ;MERKEZ;ATATÜRK;2020. SOKAK;sokak;1296157
KIRKLARELİ;MERKEZ;ATATÜRK;2021. SOKAK;sokak;1296159
KIRKLARELİ;MERKEZ;ATATÜRK;2022. SOKAK;sokak;1296161
KIRKLARELİ;MERKEZ;ATATÜRK;2023. SOKAK;sokak;1296163
KIRKLARELİ;MERKEZ;ATATÜRK;2024. SOKAK;sokak;1296165
KIRKLARELİ;MERKEZ;ATATÜRK;2025. SOKAK;sokak;1296167
KIRKLARELİ;MERKEZ;ATATÜRK;2026. SOKAK;sokak;1296169
KIRKLARELİ;MERKEZ;ATATÜRK;2027. SOKAK;sokak;1296171
KIRKLARELİ;MERKEZ;ATATÜRK;2028. SOKAK;sokak;1296173
KIRKLARELİ;MERKEZ;ATATÜRK;2029. SOKAK;sokak;1296175
KIRKLARELİ;MERKEZ;ATATÜRK;2030. SOKAK;sokak;1296177
KIRKLARELİ;MERKEZ;ATATÜRK;2031. SOKAK;sokak;1296179
KIRKLARELİ;MERKEZ;ATATÜRK;2100. SOKAK;sokak;1296343
KIRKLARELİ;MERKEZ;ATATÜRK;2101. SOKAK;sokak;1296345
KIRKLARELİ;MERKEZ;ATATÜRK;2102. SOKAK;sokak;1296347
KIRKLARELİ;MERKEZ;ATATÜRK;2103. SOKAK;sokak;1296349
KIRKLARELİ;MERKEZ;ATATÜRK;2104. SOKAK;sokak;1296351
KIRKLARELİ;MERKEZ;ATATÜRK;2105. SOKAK;sokak;1296353
KIRKLARELİ;MERKEZ;ATATÜRK;2106. SOKAK;sokak;1296355
KIRKLARELİ;MERKEZ;ATATÜRK;2107. SOKAK;sokak;1296357
KIRKLARELİ;MERKEZ;ATATÜRK;2108. SOKAK;sokak;1390039
KIRKLARELİ;MERKEZ;ATATÜRK;2109. SOKAK;sokak;1390041
KIRKLARELİ;MERKEZ;ATATÜRK;63. SOKAK;sokak;765964
KIRKLARELİ;MERKEZ;ATATÜRK;68. SOKAK;sokak;738558841
KIRKLARELİ;MERKEZ;ATATÜRK;69. SOKAK;sokak;87998
KIRKLARELİ;MERKEZ;ATATÜRK;70. SOKAK;sokak;88007
KIRKLARELİ;MERKEZ;ATATÜRK;71. SOKAK;sokak;87999
KIRKLARELİ;MERKEZ;ATATÜRK;İNÖNÜ CADDE;cadde;229363301
KIRKLARELİ;MERKEZ;ATATÜRK;KARAKOÇ YOLU SOKAK;sokak;655490810
KIRKLARELİ;MERKEZ;ATATÜRK;KAZIM KARABEKİR PAŞA CADDE;cadde;45813
KIRKLARELİ;MERKEZ;ATATÜRK;KOFÇAZ YOLU CADDE;cadde;1036779
KIRKLARELİ;MERKEZ;BADEMLİK;1. MURAT SOKAK;sokak;752685
KIRKLARELİ;MERKEZ;BADEMLİK;199. SOKAK;sokak;751424
KIRKLARELİ;MERKEZ;BADEMLİK;204. SOKAK;sokak;753907
KIRKLARELİ;MERKEZ;BADEMLİK;207. SOKAK;sokak;753908
KIRKLARELİ;MERKEZ;BADEMLİK;209. SOKAK;sokak;190731
KIRKLARELİ;MERKEZ;BADEMLİK;210. SOKAK;sokak;754238
KIRKLARELİ;MERKEZ;BADEMLİK;213. SOKAK;sokak;185926
KIRKLARELİ;MERKEZ;BADEMLİK;215. SOKAK;sokak;185929
KIRKLARELİ;MERKEZ;BADEMLİK;216. SOKAK;sokak;185928
KIRKLARELİ;MERKEZ;BADEMLİK;217. SOKAK;sokak;185927
KIRKLARELİ;MERKEZ;BADEMLİK;221. SOKAK;sokak;185932
KIRKLARELİ;MERKEZ;BADEMLİK;222. SOKAK;sokak;754250
KIRKLARELİ;MERKEZ;BADEMLİK;223. SOKAK;sokak;754251
KIRKLARELİ;MERKEZ;BADEMLİK;225. SOKAK;sokak;754253
KIRKLARELİ;MERKEZ;BADEMLİK;227. SOKAK;sokak;748046
KIRKLARELİ;MERKEZ;BADEMLİK;228. SOKAK;sokak;320794
KIRKLARELİ;MERKEZ;BADEMLİK;229. SOKAK;sokak;751653
KIRKLARELİ;MERKEZ;BADEMLİK;231. SOKAK;sokak;185934
KIRKLARELİ;MERKEZ;BADEMLİK;232. SOKAK;sokak;185933
KIRKLARELİ;MERKEZ;BADEMLİK;233. SOKAK;sokak;754252
KIRKLARELİ;MERKEZ;BADEMLİK;234. SOKAK;sokak;751030
KIRKLARELİ;MERKEZ;BADEMLİK;235. SOKAK;sokak;315227
KIRKLARELİ;MERKEZ;BADEMLİK;236. SOKAK;sokak;315223
KIRKLARELİ;MERKEZ;BADEMLİK;237. SOKAK;sokak;755296
KIRKLARELİ;MERKEZ;BADEMLİK;239. SOKAK;sokak;751423
KIRKLARELİ;MERKEZ;BADEMLİK;240. SOKAK;sokak;753481
KIRKLARELİ;MERKEZ;BADEMLİK;241. SOKAK;sokak;189982
KIRKLARELİ;MERKEZ;BADEMLİK;242. SOKAK;sokak;753480
KIRKLARELİ;MERKEZ;BADEMLİK;243. SOKAK;sokak;755881
KIRKLARELİ;MERKEZ;BADEMLİK;244. SOKAK;sokak;750662
KIRKLARELİ;MERKEZ;BADEMLİK;245. SOKAK;sokak;753956
KIRKLARELİ;MERKEZ;BADEMLİK;246. SOKAK;sokak;753137
KIRKLARELİ;MERKEZ;BADEMLİK;248. SOKAK;sokak;755882
KIRKLARELİ;MERKEZ;BADEMLİK;252. SOKAK;sokak;320792
KIRKLARELİ;MERKEZ;BADEMLİK;254. SOKAK;sokak;320795
KIRKLARELİ;MERKEZ;BADEMLİK;256. SOKAK;sokak;753127
KIRKLARELİ;MERKEZ;BADEMLİK;259. SOKAK;sokak;320791
KIRKLARELİ;MERKEZ;BADEMLİK;261. SOKAK;sokak;190357
KIRKLARELİ;MERKEZ;BADEMLİK;262. SOKAK;sokak;190601
KIRKLARELİ;MERKEZ;BADEMLİK;263. SOKAK;sokak;748195
KIRKLARELİ;MERKEZ;BADEMLİK;264. SOKAK;sokak;190600
KIRKLARELİ;MERKEZ;BADEMLİK;265. SOKAK;sokak;190724
KIRKLARELİ;MERKEZ;BADEMLİK;274. SOKAK;sokak;266273
KIRKLARELİ;MERKEZ;BADEMLİK;275. SOKAK;sokak;753904
KIRKLARELİ;MERKEZ;BADEMLİK;276. SOKAK;sokak;266636
KIRKLARELİ;MERKEZ;BADEMLİK;277. SOKAK;sokak;760163
KIRKLARELİ;MERKEZ;BADEMLİK;278. SOKAK;sokak;266637
KIRKLARELİ;MERKEZ;BADEMLİK;280. SOKAK;sokak;266276
KIRKLARELİ;MERKEZ;BADEMLİK;282. SOKAK;sokak;266277
KIRKLARELİ;MERKEZ;BADEMLİK;283. SOKAK;sokak;748191
KIRKLARELİ;MERKEZ;BADEMLİK;284. SOKAK;sokak;439816
KIRKLARELİ;MERKEZ;BADEMLİK;286. SOKAK;sokak;753893
KIRKLARELİ;MERKEZ;BADEMLİK;287. SOKAK;sokak;414866
KIRKLARELİ;MERKEZ;BADEMLİK;288. SOKAK;sokak;753887
KIRKLARELİ;MERKEZ;BADEMLİK;289. SOKAK;sokak;439815
KIRKLARELİ;MERKEZ;BADEMLİK;290. SOKAK;sokak;752689
KIRKLARELİ;MERKEZ;BADEMLİK;291. SOKAK;sokak;748400
KIRKLARELİ;MERKEZ;BADEMLİK;292. SOKAK;sokak;758089
KIRKLARELİ;MERKEZ;BADEMLİK;293. SOKAK;sokak;754234
KIRKLARELİ;MERKEZ;BADEMLİK;294. SOKAK;sokak;758091
KIRKLARELİ;MERKEZ;BADEMLİK;295. SOKAK;sokak;266274
KIRKLARELİ;MERKEZ;BADEMLİK;299. SOKAK;sokak;751785
KIRKLARELİ;MERKEZ;BADEMLİK;3. MURAT SOKAK;sokak;187646
KIRKLARELİ;MERKEZ;BADEMLİK;301. SOKAK;sokak;266268
KIRKLARELİ;MERKEZ;BADEMLİK;301/1. SOKAK;sokak;266269
KIRKLARELİ;MERKEZ;BADEMLİK;302. SOKAK;sokak;363496
KIRKLARELİ;MERKEZ;BADEMLİK;303. SOKAK;sokak;751784
KIRKLARELİ;MERKEZ;BADEMLİK;306. SOKAK;sokak;748399
KIRKLARELİ;MERKEZ;BADEMLİK;307. SOKAK;sokak;751413
KIRKLARELİ;MERKEZ;BADEMLİK;308. SOKAK;sokak;753691
KIRKLARELİ;MERKEZ;BADEMLİK;310. SOKAK;sokak;365461
KIRKLARELİ;MERKEZ;BADEMLİK;311. SOKAK;sokak;752428
KIRKLARELİ;MERKEZ;BADEMLİK;313. SOKAK;sokak;259446950
KIRKLARELİ;MERKEZ;BADEMLİK;315. SOKAK;sokak;757786
KIRKLARELİ;MERKEZ;BADEMLİK;316. SOKAK;sokak;760500
KIRKLARELİ;MERKEZ;BADEMLİK;318. SOKAK;sokak;754674
KIRKLARELİ;MERKEZ;BADEMLİK;381. SOKAK;sokak;365460
KIRKLARELİ;MERKEZ;BADEMLİK;382. SOKAK;sokak;757787
KIRKLARELİ;MERKEZ;BADEMLİK;385. SOKAK;sokak;757790
KIRKLARELİ;MERKEZ;BADEMLİK;386. SOKAK;sokak;752391
KIRKLARELİ;MERKEZ;BADEMLİK;390. SOKAK;sokak;185641
KIRKLARELİ;MERKEZ;BADEMLİK;392. SOKAK;sokak;752107
KIRKLARELİ;MERKEZ;BADEMLİK;399. SOKAK;sokak;756237
KIRKLARELİ;MERKEZ;BADEMLİK;5. MURAT SOKAK;sokak;336210
KIRKLARELİ;MERKEZ;BADEMLİK;7. MURAT SOKAK;sokak;748056
KIRKLARELİ;MERKEZ;BADEMLİK;9. MURAT SOKAK;sokak;414877
KIRKLARELİ;MERKEZ;BADEMLİK;AYDIN SOKAK;sokak;748054
KIRKLARELİ;MERKEZ;BADEMLİK;BADEMLİK CADDE;cadde;759639
KIRKLARELİ;MERKEZ;BADEMLİK;BARBAROS SOKAK;sokak;751406
KIRKLARELİ;MERKEZ;BADEMLİK;BATI SOKAK;sokak;757783
KIRKLARELİ;MERKEZ;BADEMLİK;BİRLİK SOKAK;sokak;266272
KIRKLARELİ;MERKEZ;BADEMLİK;ÇETİN EMEÇ SOKAK;sokak;756752
KIRKLARELİ;MERKEZ;BADEMLİK;DAR SOKAK;sokak;757784
KIRKLARELİ;MERKEZ;BADEMLİK;DERYA SOKAK;sokak;753927
KIRKLARELİ;MERKEZ;BADEMLİK;DERYA YANI SOKAK;sokak;266291
KIRKLARELİ;MERKEZ;BADEMLİK;DOĞAN SOKAK;sokak;755503
KIRKLARELİ;MERKEZ;BADEMLİK;DOĞAN YAN SOKAK;sokak;754255
KIRKLARELİ;MERKEZ;BADEMLİK;DRAMA 1. SOKAK;sokak;189231
KIRKLARELİ;MERKEZ;BADEMLİK;DRAMA 10. SOKAK;sokak;754249
KIRKLARELİ;MERKEZ;BADEMLİK;DRAMA 11. SOKAK;sokak;363495
KIRKLARELİ;MERKEZ;BADEMLİK;DRAMA 12. SOKAK;sokak;754254
KIRKLARELİ;MERKEZ;BADEMLİK;DRAMA 13. SOKAK;sokak;753479
KIRKLARELİ;MERKEZ;BADEMLİK;DRAMA 14. SOKAK;sokak;753123
KIRKLARELİ;MERKEZ;BADEMLİK;DRAMA 15. SOKAK;sokak;187648
KIRKLARELİ;MERKEZ;BADEMLİK;DRAMA 16. SOKAK;sokak;753122
KIRKLARELİ;MERKEZ;BADEMLİK;DRAMA 2. SOKAK;sokak;757212
KIRKLARELİ;MERKEZ;BADEMLİK;DRAMA 3. SOKAK;sokak;185935
KIRKLARELİ;MERKEZ;BADEMLİK;DRAMA 4. SOKAK;sokak;755875
KIRKLARELİ;MERKEZ;BADEMLİK;DRAMA 5. SOKAK;sokak;754335
KIRKLARELİ;MERKEZ;BADEMLİK;DRAMA 6. SOKAK;sokak;189983
KIRKLARELİ;MERKEZ;BADEMLİK;DRAMA 7. SOKAK;sokak;756109
KIRKLARELİ;MERKEZ;BADEMLİK;DRAMA 8. SOKAK;sokak;751958
KIRKLARELİ;MERKEZ;BADEMLİK;DRAMA 9. SOKAK;sokak;751621
KIRKLARELİ;MERKEZ;BADEMLİK;DRAMA CADDE;cadde;756107
KIRKLARELİ;MERKEZ;BADEMLİK;DRAMA YAN SOKAK;sokak;754673
KIRKLARELİ;MERKEZ;BADEMLİK;FAHRİ KASAPOĞLU 1. SOKAK;sokak;190725
KIRKLARELİ;MERKEZ;BADEMLİK;FAHRİ KASAPOĞLU 2. SOKAK;sokak;756952
KIRKLARELİ;MERKEZ;BADEMLİK;FAHRİ KASAPOĞLU 3. SOKAK;sokak;760167
KIRKLARELİ;MERKEZ;BADEMLİK;FAHRİ KASAPOĞLU 4. SOKAK;sokak;751414
KIRKLARELİ;MERKEZ;BADEMLİK;FAHRİ KASAPOĞLU 5. SOKAK;sokak;760166
KIRKLARELİ;MERKEZ;BADEMLİK;FAHRİ KASAPOĞLU CADDE;cadde;748511
KIRKLARELİ;MERKEZ;BADEMLİK;FAHRİ KASAPOĞLU YAN SOKAK;sokak;420530
KIRKLARELİ;MERKEZ;BADEMLİK;FATİH SOKAK;sokak;748398
KIRKLARELİ;MERKEZ;BADEMLİK;GONCA SOKAK;sokak;757785
KIRKLARELİ;MERKEZ;BADEMLİK;HARZEM SOKAK;sokak;753175
KIRKLARELİ;MERKEZ;BADEMLİK;IŞIK 1. SOKAK;sokak;759638
KIRKLARELİ;MERKEZ;BADEMLİK;IŞIK SOKAK;sokak;420529
KIRKLARELİ;MERKEZ;BADEMLİK;İNANÇ 1. SOKAK;sokak;753199
KIRKLARELİ;MERKEZ;BADEMLİK;İNANÇ SOKAK;sokak;753247
KIRKLARELİ;MERKEZ;BADEMLİK;İNCİ SOKAK;sokak;185913
KIRKLARELİ;MERKEZ;BADEMLİK;İNCİDERE_1 CADDE;cadde;753361
KIRKLARELİ;MERKEZ;BADEMLİK;İNÖNÜ CADDE;cadde;755084
KIRKLARELİ;MERKEZ;BADEMLİK;İSKEÇE SOKAK;sokak;759211
KIRKLARELİ;MERKEZ;BADEMLİK;KUZEY SOKAK;sokak;189230
KIRKLARELİ;MERKEZ;BADEMLİK;M. NIYAZI AKINCIOĞLU SOKAK;sokak;439823
KIRKLARELİ;MERKEZ;BADEMLİK;MAHMUT ESAT BOZKURT CADDE;cadde;754803
KIRKLARELİ;MERKEZ;BADEMLİK;MERİÇ SOKAK;sokak;751791
KIRKLARELİ;MERKEZ;BADEMLİK;NAİM SÜLEYMANOĞLU SOKAK;sokak;413399
KIRKLARELİ;MERKEZ;BADEMLİK;RODOPLULAR 1. SOKAK;sokak;418083
KIRKLARELİ;MERKEZ;BADEMLİK;RODOPLULAR 2. SOKAK;sokak;754240
KIRKLARELİ;MERKEZ;BADEMLİK;RODOPLULAR 3. SOKAK;sokak;266658
KIRKLARELİ;MERKEZ;BADEMLİK;RODOPLULAR 4. SOKAK;sokak;754248
KIRKLARELİ;MERKEZ;BADEMLİK;RODOPLULAR CADDE;cadde;752836
KIRKLARELİ;MERKEZ;BADEMLİK;RODOPLULAR YANI 3. SOKAK;sokak;752837
KIRKLARELİ;MERKEZ;BADEMLİK;SAĞLIK 1. SOKAK;sokak;753340
KIRKLARELİ;MERKEZ;BADEMLİK;SAĞLIK LİSESİ ARKA SOKAK;sokak;419593
KIRKLARELİ;MERKEZ;BADEMLİK;SOMA ŞEHİTLERİ SOKAK;sokak;757789
KIRKLARELİ;MERKEZ;BADEMLİK;ŞEHİT ER MUSTAFA KALENCİ CADDE;cadde;438849
KIRKLARELİ;MERKEZ;BADEMLİK;ŞEHİT JANDARMA ER SALİM KUBANÇ SOKAK;sokak;266267
KIRKLARELİ;MERKEZ;BADEMLİK;ŞEHİT KOMİSER YARDIMCISI SELİM SARIKAYA CADDE;cadde;752083
KIRKLARELİ;MERKEZ;BADEMLİK;ŞEHİT NAZMİ KONAT SOKAK;sokak;757576
KIRKLARELİ;MERKEZ;BADEMLİK;TOPÇU BABA SOKAK;sokak;1231009
KIRKLARELİ;MERKEZ;BADEMLİK;UYSAL SOKAK;sokak;270499
KIRKLARELİ;MERKEZ;BADEMLİK;UYSAL YANI SOKAK;sokak;425503
KIRKLARELİ;MERKEZ;BADEMLİK;WALLDORF CADDE;cadde;754672
KIRKLARELİ;MERKEZ;BADEMLİK;YANYA 4. ÇIKMAZ SOKAK;sokak;266266
KIRKLARELİ;MERKEZ;BADEMLİK;YANYA SOKAK;sokak;754907
KIRKLARELİ;MERKEZ;BADEMLİK;YAVUZ SOKAK;sokak;751620
KIRKLARELİ;MERKEZ;BADEMLİK;YAVUZ YANI 1. SOKAK;sokak;759210
KIRKLARELİ;MERKEZ;BADEMLİK;YAVUZ YANI 2. SOKAK;sokak;190602
KIRKLARELİ;MERKEZ;BADEMLİK;ZÜMRÜT SOKAK;sokak;753477
KIRKLARELİ;MERKEZ;BAYRAMDERE NA;BAYRAMDERE KÜME EVLER;sokak;555853
KIRKLARELİ;MERKEZ;BAYRAMDERE NA;KAVAKDERE KÜME EVLER;sokak;181277120
KIRKLARELİ;MERKEZ;BEYPINAR NA;BEYPINAR KÜME EVLER;sokak;567357
KIRKLARELİ;MERKEZ;CUMHURİYET;1 SOKAK;sokak;818780
KIRKLARELİ;MERKEZ;CUMHURİYET;10. SOKAK;sokak;818785
KIRKLARELİ;MERKEZ;CUMHURİYET;101 SOKAK;sokak;87993
KIRKLARELİ;MERKEZ;CUMHURİYET;11. SOKAK;sokak;273473
KIRKLARELİ;MERKEZ;CUMHURİYET;113. SOKAK;sokak;818786
KIRKLARELİ;MERKEZ;CUMHURİYET;12. SOKAK;sokak;273474
KIRKLARELİ;MERKEZ;CUMHURİYET;13. SOKAK;sokak;660840
KIRKLARELİ;MERKEZ;CUMHURİYET;14. SOKAK;sokak;168164
KIRKLARELİ;MERKEZ;CUMHURİYET;15. SOKAK;sokak;273475
KIRKLARELİ;MERKEZ;CUMHURİYET;16. SOKAK;sokak;273476
KIRKLARELİ;MERKEZ;CUMHURİYET;17. SOKAK;sokak;273478
KIRKLARELİ;MERKEZ;CUMHURİYET;18. SOKAK;sokak;273480
KIRKLARELİ;MERKEZ;CUMHURİYET;184. SOKAK;sokak;195639
KIRKLARELİ;MERKEZ;CUMHURİYET;185. SOKAK;sokak;365163
KIRKLARELİ;MERKEZ;CUMHURİYET;19. SOKAK;sokak;273481
KIRKLARELİ;MERKEZ;CUMHURİYET;194. SOKAK;sokak;45831
KIRKLARELİ;MERKEZ;CUMHURİYET;20. SOKAK;sokak;273479
KIRKLARELİ;MERKEZ;CUMHURİYET;21. SOKAK;sokak;273477
KIRKLARELİ;MERKEZ;CUMHURİYET;22. SOKAK;sokak;660852
KIRKLARELİ;MERKEZ;CUMHURİYET;23. SOKAK;sokak;273470
KIRKLARELİ;MERKEZ;CUMHURİYET;24. SOKAK;sokak;818783
KIRKLARELİ;MERKEZ;CUMHURİYET;25. SOKAK;sokak;273469
KIRKLARELİ;MERKEZ;CUMHURİYET;26. SOKAK;sokak;45826
KIRKLARELİ;MERKEZ;CUMHURİYET;3. SOKAK;sokak;818781
KIRKLARELİ;MERKEZ;CUMHURİYET;3100. SOKAK;sokak;1311775
KIRKLARELİ;MERKEZ;CUMHURİYET;3101. SOKAK;sokak;1311777
KIRKLARELİ;MERKEZ;CUMHURİYET;3102. SOKAK;sokak;1311779
KIRKLARELİ;MERKEZ;CUMHURİYET;3103. SOKAK;sokak;1311801
KIRKLARELİ;MERKEZ;CUMHURİYET;3104. SOKAK;sokak;1311803
KIRKLARELİ;MERKEZ;CUMHURİYET;3105. SOKAK;sokak;1311805
KIRKLARELİ;MERKEZ;CUMHURİYET;3106. SOKAK;sokak;1311807
KIRKLARELİ;MERKEZ;CUMHURİYET;32. SOKAK;sokak;764639
KIRKLARELİ;MERKEZ;CUMHURİYET;33. SOKAK;sokak;88001
KIRKLARELİ;MERKEZ;CUMHURİYET;34. SOKAK;sokak;49331
KIRKLARELİ;MERKEZ;CUMHURİYET;35. SOKAK;sokak;768014
KIRKLARELİ;MERKEZ;CUMHURİYET;36. SOKAK;sokak;45827
KIRKLARELİ;MERKEZ;CUMHURİYET;369. SOKAK;sokak;273472
KIRKLARELİ;MERKEZ;CUMHURİYET;37. SOKAK;sokak;45825
KIRKLARELİ;MERKEZ;CUMHURİYET;4. SOKAK;sokak;818782
KIRKLARELİ;MERKEZ;CUMHURİYET;41. SOKAK;sokak;378596
KIRKLARELİ;MERKEZ;CUMHURİYET;42. SOKAK;sokak;768017
KIRKLARELİ;MERKEZ;CUMHURİYET;44. SOKAK;sokak;88012
KIRKLARELİ;MERKEZ;CUMHURİYET;45. SOKAK;sokak;764638
KIRKLARELİ;MERKEZ;CUMHURİYET;5. SOKAK;sokak;273467
KIRKLARELİ;MERKEZ;CUMHURİYET;53. SOKAK;sokak;765962
KIRKLARELİ;MERKEZ;CUMHURİYET;54. SOKAK;sokak;765963
KIRKLARELİ;MERKEZ;CUMHURİYET;57. SOKAK;sokak;45817
KIRKLARELİ;MERKEZ;CUMHURİYET;59. SOKAK;sokak;220536
KIRKLARELİ;MERKEZ;CUMHURİYET;6. SOKAK;sokak;273468
KIRKLARELİ;MERKEZ;CUMHURİYET;61. SOKAK;sokak;88000
KIRKLARELİ;MERKEZ;CUMHURİYET;65. SOKAK;sokak;45814
KIRKLARELİ;MERKEZ;CUMHURİYET;7 SOKAK;sokak;808996
KIRKLARELİ;MERKEZ;CUMHURİYET;72. SOKAK;sokak;765965
KIRKLARELİ;MERKEZ;CUMHURİYET;76. SOKAK;sokak;88009
KIRKLARELİ;MERKEZ;CUMHURİYET;8. CADDE;cadde;273471
KIRKLARELİ;MERKEZ;CUMHURİYET;88. SOKAK;sokak;764640
KIRKLARELİ;MERKEZ;CUMHURİYET;9. SOKAK;sokak;818784
KIRKLARELİ;MERKEZ;CUMHURİYET;91. SOKAK;sokak;195634
KIRKLARELİ;MERKEZ;CUMHURİYET;BOTAŞ TESİSLERİ KÜME EVLER;sokak;456306
KIRKLARELİ;MERKEZ;CUMHURİYET;GAZİ ASB. AHMET İLHAN COŞKUNVARDAR SOKAK;sokak;216996
KIRKLARELİ;MERKEZ;CUMHURİYET;İNÖNÜ CADDE;cadde;748455
KIRKLARELİ;MERKEZ;CUMHURİYET;KOFÇAZ YOLU CADDE;cadde;139530
KIRKLARELİ;MERKEZ;CUMHURİYET;TOPÇU BABA SOKAK;sokak;426090
KIRKLARELİ;MERKEZ;CUMHURİYET;ÜNİVERSİTE BULVAR;sokak;939439
KIRKLARELİ;MERKEZ;ÇAĞLAYIK NA;ÇAĞALAYIK KÜME EVLER;sokak;559732
KIRKLARELİ;MERKEZ;ÇAYIRLI NA;ÇAYIRLI KÜME EVLER;sokak;544432
KIRKLARELİ;MERKEZ;ÇEŞMEKÖY NA;ÇEŞMEKÖY KÜME EVLER;sokak;567353
KIRKLARELİ;MERKEZ;ÇUKURPINAR NA;ÇUKURPINAR KÜME EVLER;sokak;545947
KIRKLARELİ;MERKEZ;DEĞİRMENCİK NA;DEĞİRMENCİK KÜME EVLER;sokak;565445
KIRKLARELİ;MERKEZ;DEMİRCİHALİL NA;DEMİRCİHALİL KÜME EVLER;sokak;570939
KIRKLARELİ;MERKEZ;DEMİRTAŞ;1.YEŞİL SOKAK;sokak;734519
KIRKLARELİ;MERKEZ;DEMİRTAŞ;183. SOKAK;sokak;737161
KIRKLARELİ;MERKEZ;DEMİRTAŞ;2.YEŞİL SOKAK;sokak;733302
KIRKLARELİ;MERKEZ;DEMİRTAŞ;3.YEŞİL SOKAK;sokak;731466
KIRKLARELİ;MERKEZ;DEMİRTAŞ;401. SOKAK;sokak;735086
KIRKLARELİ;MERKEZ;DEMİRTAŞ;402. SOKAK;sokak;735084
KIRKLARELİ;MERKEZ;DEMİRTAŞ;404. SOKAK;sokak;728647
KIRKLARELİ;MERKEZ;DEMİRTAŞ;405. SOKAK;sokak;733303
KIRKLARELİ;MERKEZ;DEMİRTAŞ;406. SOKAK;sokak;736279
KIRKLARELİ;MERKEZ;DEMİRTAŞ;408. SOKAK;sokak;739246
KIRKLARELİ;MERKEZ;DEMİRTAŞ;414. SOKAK;sokak;797565
KIRKLARELİ;MERKEZ;DEMİRTAŞ;418. SOKAK;sokak;867046160
KIRKLARELİ;MERKEZ;DEMİRTAŞ;732. SOKAK;sokak;772672270
KIRKLARELİ;MERKEZ;DEMİRTAŞ;BAHADIR SOKAK;sokak;735969
KIRKLARELİ;MERKEZ;DEMİRTAŞ;BULUT SOKAK;sokak;734512
KIRKLARELİ;MERKEZ;DEMİRTAŞ;BÜYÜK MEZARLIK 2. ÇIKMAZ SOKAK;sokak;422486
KIRKLARELİ;MERKEZ;DEMİRTAŞ;BÜYÜK MEZARLIK ÇIKMAZ SOKAK;sokak;729992
KIRKLARELİ;MERKEZ;DEMİRTAŞ;BÜYÜK MEZARLIK SOKAK;sokak;728061
KIRKLARELİ;MERKEZ;DEMİRTAŞ;ERİKLER CAD.ÇIKMAZI SOKAK;sokak;738530
KIRKLARELİ;MERKEZ;DEMİRTAŞ;FUAT UMAY CADDE;cadde;726690
KIRKLARELİ;MERKEZ;DEMİRTAŞ;GÖÇMEN EVLERİ ÇIKMAZ SOKAK;sokak;735082
KIRKLARELİ;MERKEZ;DEMİRTAŞ;HACI HASAN ÇEŞME SOKAK;sokak;175343
KIRKLARELİ;MERKEZ;DEMİRTAŞ;HAŞİM PEKSÖZ CADDE;cadde;722244
KIRKLARELİ;MERKEZ;DEMİRTAŞ;İNCİDERE SOKAK;sokak;736280
KIRKLARELİ;MERKEZ;DEMİRTAŞ;İNÖNÜ CADDE;cadde;738819
KIRKLARELİ;MERKEZ;DEMİRTAŞ;KARAUMURBEY CADDE;cadde;724997
KIRKLARELİ;MERKEZ;DEMİRTAŞ;KARAUMURBEY GEÇİDİ SOKAK;sokak;730851
KIRKLARELİ;MERKEZ;DEMİRTAŞ;KAYALIK 1. ÇIKMAZ SOKAK;sokak;463788
KIRKLARELİ;MERKEZ;DEMİRTAŞ;KAYALIK 2. ÇIKMAZ SOKAK;sokak;49938
KIRKLARELİ;MERKEZ;DEMİRTAŞ;KAYALIK SOKAK;sokak;728060
KIRKLARELİ;MERKEZ;DEMİRTAŞ;KOŞUYOLU ARA SOKAK;sokak;729769
KIRKLARELİ;MERKEZ;DEMİRTAŞ;KOŞUYOLU CADDE;cadde;729257
KIRKLARELİ;MERKEZ;DEMİRTAŞ;KOŞUYOLU GEÇİDİ SOKAK;sokak;738852
KIRKLARELİ;MERKEZ;DEMİRTAŞ;KUYU SOKAK;sokak;734039
KIRKLARELİ;MERKEZ;DEMİRTAŞ;KÜÇÜK MEZARLIK SOKAK;sokak;728062
KIRKLARELİ;MERKEZ;DEMİRTAŞ;KÜÇÜK SOKAK;sokak;728284
KIRKLARELİ;MERKEZ;DEMİRTAŞ;MEHMET AKİF ERSOY CADDE;cadde;80628
KIRKLARELİ;MERKEZ;DEMİRTAŞ;MEHMET AKİF ERSOY ÇIKMAZ SOKAK;sokak;738532
KIRKLARELİ;MERKEZ;DEMİRTAŞ;MEHMETALİ ÇIKMAZ SOKAK;sokak;367893
KIRKLARELİ;MERKEZ;DEMİRTAŞ;MİNE CADDE;cadde;728644
KIRKLARELİ;MERKEZ;DEMİRTAŞ;MUZAFFER ENDER CADDE;cadde;75678
KIRKLARELİ;MERKEZ;DEMİRTAŞ;PANAYIR SOKAK;sokak;736276
KIRKLARELİ;MERKEZ;DEMİRTAŞ;PAZAR SOKAK;sokak;727673
KIRKLARELİ;MERKEZ;DEMİRTAŞ;PROF. DR. TÜRKAN SAYLAN SOKAK;sokak;77675049
KIRKLARELİ;MERKEZ;DEMİRTAŞ;SAĞLIK SOKAK;sokak;737157
KIRKLARELİ;MERKEZ;DEMİRTAŞ;SERCAN ÜNVER SOKAK;sokak;42725
KIRKLARELİ;MERKEZ;DEMİRTAŞ;ŞEHİT KOMİSER YARDIMCISI SELİM SARIKAYA CADDE;cadde;732541
KIRKLARELİ;MERKEZ;DEMİRTAŞ;TAŞLIK SOKAK;sokak;739242
KIRKLARELİ;MERKEZ;DEMİRTAŞ;YAYLA 1. ÇIKMAZ SOKAK;sokak;463801
KIRKLARELİ;MERKEZ;DEMİRTAŞ;YAYLA 2. ÇIKMAZ SOKAK;sokak;740120
KIRKLARELİ;MERKEZ;DEMİRTAŞ;YAYLA 3. ÇIKMAZ SOKAK;sokak;740121
KIRKLARELİ;MERKEZ;DEMİRTAŞ;YAYLA CADDE;cadde;156386
KIRKLARELİ;MERKEZ;DEMİRTAŞ;YAYLA_ MEYDAN;sokak;737163
KIRKLARELİ;MERKEZ;DEMİRTAŞ;YEŞİL SOKAK;sokak;738877
KIRKLARELİ;MERKEZ;DEMİRTAŞ;ZİYA GÖKALP MEKTEP ÇIKMAZ SOKAK;sokak;380415
KIRKLARELİ;MERKEZ;DEREKÖY NA;DEREKÖY KÜME EVLER;sokak;586845
KIRKLARELİ;MERKEZ;DEVEÇATAĞI NA;DEVEÇATAĞI KÜME EVLER;sokak;584462
KIRKLARELİ;MERKEZ;DOĞU;1. ASMA SOKAK;sokak;729508
KIRKLARELİ;MERKEZ;DOĞU;2. ASMA SOKAK;sokak;408432
KIRKLARELİ;MERKEZ;DOĞU;512. SOKAK;sokak;207722
KIRKLARELİ;MERKEZ;DOĞU;513. SOKAK;sokak;200073
KIRKLARELİ;MERKEZ;DOĞU;514. SOKAK;sokak;407896
KIRKLARELİ;MERKEZ;DOĞU;515. SOKAK;sokak;208048
KIRKLARELİ;MERKEZ;DOĞU;517. SOKAK;sokak;739636
KIRKLARELİ;MERKEZ;DOĞU;518. SOKAK;sokak;207721
KIRKLARELİ;MERKEZ;DOĞU;522. SOKAK;sokak;739626
KIRKLARELİ;MERKEZ;DOĞU;540. SOKAK;sokak;151752
KIRKLARELİ;MERKEZ;DOĞU;551. SOKAK;sokak;1273959
KIRKLARELİ;MERKEZ;DOĞU;AKÇAHAN SOKAK;sokak;408412
KIRKLARELİ;MERKEZ;DOĞU;AVŞAR SOKAK;sokak;198423
KIRKLARELİ;MERKEZ;DOĞU;BALKAN 5. ÇIKMAZ SOKAK;sokak;208044
KIRKLARELİ;MERKEZ;DOĞU;BALKAN CADDE;cadde;728033
KIRKLARELİ;MERKEZ;DOĞU;BARAJ MEVKİ KÜME EVLER;sokak;799466
KIRKLARELİ;MERKEZ;DOĞU;BARAJ YOLU SOKAK;sokak;766757
KIRKLARELİ;MERKEZ;DOĞU;ÇOBAN SOKAK;sokak;293060
KIRKLARELİ;MERKEZ;DOĞU;DEREKÖY SOKAK;sokak;799573610
KIRKLARELİ;MERKEZ;DOĞU;DEREKÖY YOLU CADDE;cadde;766756
KIRKLARELİ;MERKEZ;DOĞU;DURMUŞ SOKAK;sokak;732766
KIRKLARELİ;MERKEZ;DOĞU;GERDANLI ÇEŞME GEÇİDİ SOKAK;sokak;229418
KIRKLARELİ;MERKEZ;DOĞU;GERDANLI ÇEŞME SOKAK;sokak;738920
KIRKLARELİ;MERKEZ;DOĞU;GÜRCÜ GEÇİDİ SOKAK;sokak;229419
KIRKLARELİ;MERKEZ;DOĞU;GÜRCÜ SOKAK;sokak;728098
KIRKLARELİ;MERKEZ;DOĞU;HUDUT TABURU YOLU SOKAK;sokak;151765
KIRKLARELİ;MERKEZ;DOĞU;HÜLYA SOKAK;sokak;300239
KIRKLARELİ;MERKEZ;DOĞU;IŞIKLAR2 CADDE;cadde;208026
KIRKLARELİ;MERKEZ;DOĞU;İSTİKLAL_1 SOKAK;sokak;208008
KIRKLARELİ;MERKEZ;DOĞU;KARACAKAYA SOKAK;sokak;408422
KIRKLARELİ;MERKEZ;DOĞU;KESMEKAYA GEÇİDİ SOKAK;sokak;739599
KIRKLARELİ;MERKEZ;DOĞU;KESMEKAYA SOKAK;sokak;732757
KIRKLARELİ;MERKEZ;DOĞU;MEKTEP ARA SOKAK;sokak;728040
KIRKLARELİ;MERKEZ;DOĞU;NARİN SOKAK;sokak;300226
KIRKLARELİ;MERKEZ;DOĞU;NARLI SOKAK;sokak;734599
KIRKLARELİ;MERKEZ;DOĞU;PİYADE ER MALÜL NEDİM SEZEN SOKAK;sokak;300596
KIRKLARELİ;MERKEZ;DOĞU;ŞÜKRAN SOKAK;sokak;300404
KIRKLARELİ;MERKEZ;DOĞU;TEPE SOKAK;sokak;200047
KIRKLARELİ;MERKEZ;DOĞU;TÜRBE SOKAK;sokak;729278
KIRKLARELİ;MERKEZ;DOĞU;YANIK KIŞLA SOKAK;sokak;292850
KIRKLARELİ;MERKEZ;DOĞU;YANIKKIŞLA CADDE;cadde;270534
KIRKLARELİ;MERKEZ;DOĞU;YANIKKIŞLA GEÇİDİ SOKAK;sokak;84947
KIRKLARELİ;MERKEZ;DOKUZHÜYÜK NA;DOKUZHÖYÜK KÜME EVLER;sokak;578015
KIRKLARELİ;MERKEZ;DOLHAN NA;DOLHAN KÜME EVLER;sokak;587366
KIRKLARELİ;MERKEZ;DÜZORMAN NA;ARMAĞAN KÜME EVLER;sokak;552949121
KIRKLARELİ;MERKEZ;DÜZORMAN NA;DÜZORMAN KÜME EVLER;sokak;531225
KIRKLARELİ;MERKEZ;DÜZORMAN NA;KÖY YOLU KÜME EVLER;sokak;914909950
KIRKLARELİ;MERKEZ;DÜZORMAN NA;YÖRÜKBAYIR KÜME EVLER;sokak;165276571
KIRKLARELİ;MERKEZ;ERİKLER NA;ERİKLER KÜME EVLER;sokak;348756
KIRKLARELİ;MERKEZ;ERİKLİCE NA;ERİKLİCE KÜME EVLER;sokak;260956
KIRKLARELİ;MERKEZ;GEÇİTAĞZI NA;GEÇİTAĞZI KÜME EVLER;sokak;260175
KIRKLARELİ;MERKEZ;İNECE - KAZIMPAŞA;1. BAHÇIVAN SOKAK;sokak;513044751
KIRKLARELİ;MERKEZ;İNECE - KAZIMPAŞA;1. CEPHANELİK SOKAK;sokak;713980510
KIRKLARELİ;MERKEZ;İNECE - KAZIMPAŞA;1. DEĞİRMEN SOKAK;sokak;182844141
KIRKLARELİ;MERKEZ;İNECE - KAZIMPAŞA;1. DİKİLİTAŞ SOKAK;sokak;792139300
KIRKLARELİ;MERKEZ;İNECE - KAZIMPAŞA;1. SELVİLER SOKAK;sokak;738667901
KIRKLARELİ;MERKEZ;İNECE - KAZIMPAŞA;100.YIL CADDE;cadde;671034
KIRKLARELİ;MERKEZ;İNECE - KAZIMPAŞA;2. SELVİLER SOKAK;sokak;805618970
KIRKLARELİ;MERKEZ;İNECE - KAZIMPAŞA;AKASYA SOKAK;sokak;671035
KIRKLARELİ;MERKEZ;İNECE - KAZIMPAŞA;ATATÜRK CADDE;cadde;249810370
KIRKLARELİ;MERKEZ;İNECE - KAZIMPAŞA;BAHÇIVAN SOKAK;sokak;667080
KIRKLARELİ;MERKEZ;İNECE - KAZIMPAŞA;CAMİ SOKAK;sokak;83960
KIRKLARELİ;MERKEZ;İNECE - KAZIMPAŞA;CEPHANELİK SOKAK;sokak;444305850
KIRKLARELİ;MERKEZ;İNECE - KAZIMPAŞA;ÇAĞLA SOKAK;sokak;673369
KIRKLARELİ;MERKEZ;İNECE - KAZIMPAŞA;ÇİFTE KANALLAR SOKAK;sokak;251481230
KIRKLARELİ;MERKEZ;İNECE - KAZIMPAŞA;DEĞİRMEN SOKAK;sokak;673941
KIRKLARELİ;MERKEZ;İNECE - KAZIMPAŞA;DİKİLİTAŞ KÜME EVLER;sokak;824350
KIRKLARELİ;MERKEZ;İNECE - KAZIMPAŞA;ESKİ BAĞLIK SOKAK;sokak;107182780
KIRKLARELİ;MERKEZ;İNECE - KAZIMPAŞA;FENER SOKAK;sokak;671619
KIRKLARELİ;MERKEZ;İNECE - KAZIMPAŞA;FUNDA SOKAK;sokak;667968
KIRKLARELİ;MERKEZ;İNECE - KAZIMPAŞA;GÜNEŞ SOKAK;sokak;673366
KIRKLARELİ;MERKEZ;İNECE - KAZIMPAŞA;İĞDE SOKAK;sokak;669713
KIRKLARELİ;MERKEZ;İNECE - KAZIMPAŞA;KARAAĞAÇ SOKAK;sokak;193681581
KIRKLARELİ;MERKEZ;İNECE - KAZIMPAŞA;KARDELEN SOKAK;sokak;667967
KIRKLARELİ;MERKEZ;İNECE - KAZIMPAŞA;KAVAKLI CADDE;cadde;669264
KIRKLARELİ;MERKEZ;İNECE - KAZIMPAŞA;LALE SOKAK;sokak;228209
KIRKLARELİ;MERKEZ;İNECE - KAZIMPAŞA;MANASTIR SOKAK;sokak;458704171
KIRKLARELİ;MERKEZ;İNECE - KAZIMPAŞA;MENDERES CADDE;cadde;104995
KIRKLARELİ;MERKEZ;İNECE - KAZIMPAŞA;MEYDAN SOKAK;sokak;669712
KIRKLARELİ;MERKEZ;İNECE - KAZIMPAŞA;NİLÜFER SOKAK;sokak;667248
KIRKLARELİ;MERKEZ;İNECE - KAZIMPAŞA;SELVİLER SOKAK;sokak;677661
KIRKLARELİ;MERKEZ;İNECE - KAZIMPAŞA;SIĞIRYOLU SOKAK;sokak;802805480
KIRKLARELİ;MERKEZ;İNECE - KAZIMPAŞA;SOLMAZ SOKAK;sokak;538162940
KIRKLARELİ;MERKEZ;İNECE - KAZIMPAŞA;TARIM SOKAK;sokak;661952311
KIRKLARELİ;MERKEZ;İNECE - KAZIMPAŞA;YENİ BAĞLIK SOKAK;sokak;215559580
KIRKLARELİ;MERKEZ;İNECE - KAZIMPAŞA;YENİ EDİRNE SOKAK;sokak;140423780
KIRKLARELİ;MERKEZ;İNECE - KAZIMPAŞA;YENİ KIRKLARELİ SOKAK;sokak;459377941
KIRKLARELİ;MERKEZ;İNECE - KEMALPAŞA;1. ÇAMLIK SOKAK;sokak;833214550
KIRKLARELİ;MERKEZ;İNECE - KEMALPAŞA;1. DERE SOKAK;sokak;310984030
KIRKLARELİ;MERKEZ;İNECE - KEMALPAŞA;1. EDİRNE CADDE;cadde;377770590
KIRKLARELİ;MERKEZ;İNECE - KEMALPAŞA;1. FLORYA SOKAK;sokak;279855301
KIRKLARELİ;MERKEZ;İNECE - KEMALPAŞA;1. GÜVERCİN SOKAK;sokak;527419561
KIRKLARELİ;MERKEZ;İNECE - KEMALPAŞA;1. KANARYA SOKAK;sokak;707228141
KIRKLARELİ;MERKEZ;İNECE - KEMALPAŞA;1. KOYUNBABA SOKAK;sokak;616902691
KIRKLARELİ;MERKEZ;İNECE - KEMALPAŞA;1. KÖPRÜ SOKAK;sokak;589762831
KIRKLARELİ;MERKEZ;İNECE - KEMALPAŞA;1. PALMİYE SOKAK;sokak;846546801
KIRKLARELİ;MERKEZ;İNECE - KEMALPAŞA;1. SAKSAĞANDERE SOKAK;sokak;830685360
KIRKLARELİ;MERKEZ;İNECE - KEMALPAŞA;1. SANAYİ SOKAK;sokak;698839400
KIRKLARELİ;MERKEZ;İNECE - KEMALPAŞA;2. ÇAMLIK SOKAK;sokak;309760471
KIRKLARELİ;MERKEZ;İNECE - KEMALPAŞA;2. GÜVERCİN SOKAK;sokak;607421521
KIRKLARELİ;MERKEZ;İNECE - KEMALPAŞA;2. KOYUNBABA SOKAK;sokak;804955751
KIRKLARELİ;MERKEZ;İNECE - KEMALPAŞA;2. KÖPRÜ SOKAK;sokak;356073080
KIRKLARELİ;MERKEZ;İNECE - KEMALPAŞA;2. PALMİYE SOKAK;sokak;338345241
KIRKLARELİ;MERKEZ;İNECE - KEMALPAŞA;2. SAKSAĞANDERE SOKAK;sokak;139641921
KIRKLARELİ;MERKEZ;İNECE - KEMALPAŞA;3. SAKSAĞANDERE SOKAK;sokak;469138771
KIRKLARELİ;MERKEZ;İNECE - KEMALPAŞA;ÇAKIR SOKAK;sokak;589804751
KIRKLARELİ;MERKEZ;İNECE - KEMALPAŞA;DEPO SOKAK;sokak;438163471
KIRKLARELİ;MERKEZ;İNECE - KEMALPAŞA;DERE SOKAK;sokak;345175160
KIRKLARELİ;MERKEZ;İNECE - KEMALPAŞA;ELMAS SOKAK;sokak;614138451
KIRKLARELİ;MERKEZ;İNECE - KEMALPAŞA;ETHEM SOKAK;sokak;474097760
KIRKLARELİ;MERKEZ;İNECE - KEMALPAŞA;FLORYA SOKAK;sokak;669031
KIRKLARELİ;MERKEZ;İNECE - KEMALPAŞA;GONCA SOKAK;sokak;87507
KIRKLARELİ;MERKEZ;İNECE - KEMALPAŞA;GÜVERCİN SOKAK;sokak;669029
KIRKLARELİ;MERKEZ;İNECE - KEMALPAŞA;KANARYA SOKAK;sokak;87526
KIRKLARELİ;MERKEZ;İNECE - KEMALPAŞA;KARAMUSUL SOKAK;sokak;120732501
KIRKLARELİ;MERKEZ;İNECE - KEMALPAŞA;KIRKLARELİ CADDE;cadde;259311
KIRKLARELİ;MERKEZ;İNECE - KEMALPAŞA;KOYUNBABA CADDE;cadde;259312
KIRKLARELİ;MERKEZ;İNECE - KEMALPAŞA;MEŞE SOKAK;sokak;87522
KIRKLARELİ;MERKEZ;İNECE - KEMALPAŞA;PALMİYE SOKAK;sokak;669032
KIRKLARELİ;MERKEZ;İNECE - KEMALPAŞA;SAĞLIK SOKAK;sokak;87518
KIRKLARELİ;MERKEZ;İNECE - KEMALPAŞA;SANAYİ SOKAK;sokak;85479
KIRKLARELİ;MERKEZ;İNECE - KEMALPAŞA;UZUN SOKAK;sokak;439375
KIRKLARELİ;MERKEZ;İNECE - KEMALPAŞA;ÜRÜNLÜ SOKAK;sokak;738457780
KIRKLARELİ;MERKEZ;İNECE - KEMALPAŞA;YAPRAK SOKAK;sokak;670972
KIRKLARELİ;MERKEZ;İNECE - KEMALPAŞA;YENİ EDİRNE SOKAK;sokak;591353680
KIRKLARELİ;MERKEZ;İNECE - KEMALPAŞA;YOKUŞ SOKAK;sokak;218522801
KIRKLARELİ;MERKEZ;İNECE - KEMALPAŞA;YÖRÜK SOKAK;sokak;930766770
KIRKLARELİ;MERKEZ;İNECE - ULUKONAK;1. KAMELYA SOKAK;sokak;793597820
KIRKLARELİ;MERKEZ;İNECE - ULUKONAK;1. MENEKŞE SOKAK;sokak;738883071
KIRKLARELİ;MERKEZ;İNECE - ULUKONAK;1. PAPATYA SOKAK;sokak;117384731
KIRKLARELİ;MERKEZ;İNECE - ULUKONAK;1. ZAMBAK SOKAK;sokak;842742401
KIRKLARELİ;MERKEZ;İNECE - ULUKONAK;2. KAMELYA SOKAK;sokak;957973381
KIRKLARELİ;MERKEZ;İNECE - ULUKONAK;2. MENEKŞE SOKAK;sokak;852283441
KIRKLARELİ;MERKEZ;İNECE - ULUKONAK;2. ZAMBAK SOKAK;sokak;241020630
KIRKLARELİ;MERKEZ;İNECE - ULUKONAK;3. KAMELYA SOKAK;sokak;735414431
KIRKLARELİ;MERKEZ;İNECE - ULUKONAK;3. MENEKŞE SOKAK;sokak;622928421
KIRKLARELİ;MERKEZ;İNECE - ULUKONAK;3. ZAMBAK SOKAK;sokak;390885130
KIRKLARELİ;MERKEZ;İNECE - ULUKONAK;4. ZAMBAK SOKAK;sokak;868444460
KIRKLARELİ;MERKEZ;İNECE - ULUKONAK;AÇELYA SOKAK;sokak;459040911
KIRKLARELİ;MERKEZ;İNECE - ULUKONAK;BOSTANLI SOKAK;sokak;774685510
KIRKLARELİ;MERKEZ;İNECE - ULUKONAK;BUĞDAY SOKAK;sokak;779850751
KIRKLARELİ;MERKEZ;İNECE - ULUKONAK;DEFNE SOKAK;sokak;276324211
KIRKLARELİ;MERKEZ;İNECE - ULUKONAK;GELİNCİK SOKAK;sokak;966749991
KIRKLARELİ;MERKEZ;İNECE - ULUKONAK;GÜL SOKAK;sokak;522626560
KIRKLARELİ;MERKEZ;İNECE - ULUKONAK;GÜLİZAR SOKAK;sokak;673043
KIRKLARELİ;MERKEZ;İNECE - ULUKONAK;İNÖNÜ SOKAK;sokak;555988580
KIRKLARELİ;MERKEZ;İNECE - ULUKONAK;KAMELYA SOKAK;sokak;671907
KIRKLARELİ;MERKEZ;İNECE - ULUKONAK;KARAHALİL CADDE;cadde;421025
KIRKLARELİ;MERKEZ;İNECE - ULUKONAK;KARANFİL SOKAK;sokak;667519
KIRKLARELİ;MERKEZ;İNECE - ULUKONAK;KAYALIK CADDE;cadde;825845
KIRKLARELİ;MERKEZ;İNECE - ULUKONAK;LALEZAR SOKAK;sokak;671465
KIRKLARELİ;MERKEZ;İNECE - ULUKONAK;MENEKŞE SOKAK;sokak;671906
KIRKLARELİ;MERKEZ;İNECE - ULUKONAK;NERGİS SOKAK;sokak;860341471
KIRKLARELİ;MERKEZ;İNECE - ULUKONAK;OKUL CADDE;cadde;283670
KIRKLARELİ;MERKEZ;İNECE - ULUKONAK;ORKİDE SOKAK;sokak;355927811
KIRKLARELİ;MERKEZ;İNECE - ULUKONAK;PAPATYA SOKAK;sokak;331394451
KIRKLARELİ;MERKEZ;İNECE - ULUKONAK;PINAR SOKAK;sokak;670501
KIRKLARELİ;MERKEZ;İNECE - ULUKONAK;SARMAŞIK SOKAK;sokak;273010
KIRKLARELİ;MERKEZ;İNECE - ULUKONAK;SÜMBÜL SOKAK;sokak;272673
KIRKLARELİ;MERKEZ;İNECE - ULUKONAK;TEKKE SIRTI KÜME EVLER;sokak;78450269
KIRKLARELİ;MERKEZ;İNECE - ULUKONAK;ÜRÜNLÜ SOKAK;sokak;821423731
KIRKLARELİ;MERKEZ;İNECE - ULUKONAK;YAĞMUR SOKAK;sokak;557923941
KIRKLARELİ;MERKEZ;İNECE - ULUKONAK;YASEMİN SOKAK;sokak;667961
KIRKLARELİ;MERKEZ;İNECE - ULUKONAK;ZAMBAK SOKAK;sokak;671021
KIRKLARELİ;MERKEZ;İNECE - YENİ;1. ÇAKMAK SOKAK;sokak;230055151
KIRKLARELİ;MERKEZ;İNECE - YENİ;1. ÇAMLIK SOKAK;sokak;931741750
KIRKLARELİ;MERKEZ;İNECE - YENİ;1. ÇEKİÇ SOKAK;sokak;125751300
KIRKLARELİ;MERKEZ;İNECE - YENİ;1. ÇİÇEK SOKAK;sokak;598619221
KIRKLARELİ;MERKEZ;İNECE - YENİ;1. DOKUZHÖYÜK CADDE;cadde;874376201
KIRKLARELİ;MERKEZ;İNECE - YENİ;1. DUVARLI SOKAK;sokak;184389861
KIRKLARELİ;MERKEZ;İNECE - YENİ;1. EDİRNE CADDE;cadde;93607877
KIRKLARELİ;MERKEZ;İNECE - YENİ;1. TUNALI SOKAK;sokak;790455631
KIRKLARELİ;MERKEZ;İNECE - YENİ;2. ÇAMLIK SOKAK;sokak;154652061
KIRKLARELİ;MERKEZ;İNECE - YENİ;2. GÜVERCİN SOKAK;sokak;607421520
KIRKLARELİ;MERKEZ;İNECE - YENİ;2. TUNALI SOKAK;sokak;874721711
KIRKLARELİ;MERKEZ;İNECE - YENİ;ARA SOKAK;sokak;673969
KIRKLARELİ;MERKEZ;İNECE - YENİ;BELEDİYE SOKAK;sokak;670975
KIRKLARELİ;MERKEZ;İNECE - YENİ;ÇAKMAK SOKAK;sokak;259317
KIRKLARELİ;MERKEZ;İNECE - YENİ;ÇAMLIK KÜME EVLER;sokak;824329
KIRKLARELİ;MERKEZ;İNECE - YENİ;ÇEKİÇ SOKAK;sokak;439377
KIRKLARELİ;MERKEZ;İNECE - YENİ;ÇEŞME SOKAK;sokak;259318
KIRKLARELİ;MERKEZ;İNECE - YENİ;ÇİÇEK SOKAK;sokak;85435
KIRKLARELİ;MERKEZ;İNECE - YENİ;ÇİĞDEM SOKAK;sokak;673967
KIRKLARELİ;MERKEZ;İNECE - YENİ;DEMET SOKAK;sokak;673965
KIRKLARELİ;MERKEZ;İNECE - YENİ;DEMİR SOKAK;sokak;85445
KIRKLARELİ;MERKEZ;İNECE - YENİ;DERE BOYU KÜME EVLER;sokak;1219039
KIRKLARELİ;MERKEZ;İNECE - YENİ;DEREÜSTÜ SOKAK;sokak;669035
KIRKLARELİ;MERKEZ;İNECE - YENİ;DOKUZHÖYÜK CADDE;cadde;366659
KIRKLARELİ;MERKEZ;İNECE - YENİ;DUVARLI SOKAK;sokak;259313
KIRKLARELİ;MERKEZ;İNECE - YENİ;EDİRNE CADDE;cadde;259314
KIRKLARELİ;MERKEZ;İNECE - YENİ;ELMAS SOKAK;sokak;614138450
KIRKLARELİ;MERKEZ;İNECE - YENİ;İPEK SOKAK;sokak;669036
KIRKLARELİ;MERKEZ;İNECE - YENİ;KARTAL SOKAK;sokak;673968
KIRKLARELİ;MERKEZ;İNECE - YENİ;KIRKLARELİ CADDE;cadde;439376
KIRKLARELİ;MERKEZ;İNECE - YENİ;PARK SOKAK;sokak;259315
KIRKLARELİ;MERKEZ;İNECE - YENİ;ŞEN SOKAK;sokak;85450
KIRKLARELİ;MERKEZ;İNECE - YENİ;TEKKE SIRTI KÜME EVLER;sokak;1007946
KIRKLARELİ;MERKEZ;İNECE - YENİ;TEPEALTI SOKAK;sokak;673966
KIRKLARELİ;MERKEZ;İNECE - YENİ;TUNALI SOKAK;sokak;259316
KIRKLARELİ;MERKEZ;İNECE - YENİ;ÜRÜNLÜ SOKAK;sokak;258480371
KIRKLARELİ;MERKEZ;İNECE - YENİ;YILDIRIM SOKAK;sokak;85447
KIRKLARELİ;MERKEZ;İNECE - YENİ;YILDIZ SOKAK;sokak;85440
KIRKLARELİ;MERKEZ;İNECE - YENİ;YOKUŞ SOKAK;sokak;394305821
KIRKLARELİ;MERKEZ;İSTASYON;1. BEYKENT SOKAK;sokak;227715
KIRKLARELİ;MERKEZ;İSTASYON;1. GÜL SOKAK;sokak;227741
KIRKLARELİ;MERKEZ;İSTASYON;1. İSTASYON SOKAK;sokak;263281
KIRKLARELİ;MERKEZ;İSTASYON;1. RAY SOKAK;sokak;433520
KIRKLARELİ;MERKEZ;İSTASYON;1. SOKAK;sokak;271413
KIRKLARELİ;MERKEZ;İSTASYON;1. YURT SOKAK;sokak;229385
KIRKLARELİ;MERKEZ;İSTASYON;1.YEŞİL SOKAK;sokak;230510
KIRKLARELİ;MERKEZ;İSTASYON;10. EDİRNE SOKAK;sokak;323205
KIRKLARELİ;MERKEZ;İSTASYON;1059. SOKAK;sokak;219092
KIRKLARELİ;MERKEZ;İSTASYON;1061. SOKAK;sokak;219458
KIRKLARELİ;MERKEZ;İSTASYON;1064. SOKAK;sokak;219091
KIRKLARELİ;MERKEZ;İSTASYON;1065. SOKAK;sokak;230607
KIRKLARELİ;MERKEZ;İSTASYON;1066. SOKAK;sokak;227738
KIRKLARELİ;MERKEZ;İSTASYON;1070. SOKAK;sokak;300028
KIRKLARELİ;MERKEZ;İSTASYON;1073. SOKAK;sokak;224247
KIRKLARELİ;MERKEZ;İSTASYON;1074. SOKAK;sokak;227721
KIRKLARELİ;MERKEZ;İSTASYON;1077. SOKAK;sokak;227718
KIRKLARELİ;MERKEZ;İSTASYON;1079. SOKAK;sokak;227560
KIRKLARELİ;MERKEZ;İSTASYON;1080. SOKAK;sokak;219426
KIRKLARELİ;MERKEZ;İSTASYON;1082. SOKAK;sokak;230609
KIRKLARELİ;MERKEZ;İSTASYON;1084. SOKAK;sokak;227576
KIRKLARELİ;MERKEZ;İSTASYON;1085. SOKAK;sokak;326261
KIRKLARELİ;MERKEZ;İSTASYON;1088. SOKAK;sokak;326271
KIRKLARELİ;MERKEZ;İSTASYON;1089. SOKAK;sokak;227572
KIRKLARELİ;MERKEZ;İSTASYON;1091. SOKAK;sokak;225505
KIRKLARELİ;MERKEZ;İSTASYON;1092. SOKAK;sokak;225502
KIRKLARELİ;MERKEZ;İSTASYON;1095. SOKAK;sokak;227565
KIRKLARELİ;MERKEZ;İSTASYON;1098. SOKAK;sokak;320627
KIRKLARELİ;MERKEZ;İSTASYON;1099. SOKAK;sokak;320622
KIRKLARELİ;MERKEZ;İSTASYON;11. YURT SOKAK;sokak;227397
KIRKLARELİ;MERKEZ;İSTASYON;1101. SOKAK;sokak;736148
KIRKLARELİ;MERKEZ;İSTASYON;1103. SOKAK;sokak;320599
KIRKLARELİ;MERKEZ;İSTASYON;1105. SOKAK;sokak;818163
KIRKLARELİ;MERKEZ;İSTASYON;1106. SOKAK;sokak;807929
KIRKLARELİ;MERKEZ;İSTASYON;1111. SOKAK;sokak;437933
KIRKLARELİ;MERKEZ;İSTASYON;1112. SOKAK;sokak;681604
KIRKLARELİ;MERKEZ;İSTASYON;1113. SOKAK;sokak;435673
KIRKLARELİ;MERKEZ;İSTASYON;1115. SOKAK;sokak;227614
KIRKLARELİ;MERKEZ;İSTASYON;1118. SOKAK;sokak;228598
KIRKLARELİ;MERKEZ;İSTASYON;1121. SOKAK;sokak;429032
KIRKLARELİ;MERKEZ;İSTASYON;1123. SOKAK;sokak;435575
KIRKLARELİ;MERKEZ;İSTASYON;1124. SOKAK;sokak;228876
KIRKLARELİ;MERKEZ;İSTASYON;1126. SOKAK;sokak;325500
KIRKLARELİ;MERKEZ;İSTASYON;1130. SOKAK;sokak;373171
KIRKLARELİ;MERKEZ;İSTASYON;1133. SOKAK;sokak;430643
KIRKLARELİ;MERKEZ;İSTASYON;1134. SOKAK;sokak;437793
KIRKLARELİ;MERKEZ;İSTASYON;1136. SOKAK;sokak;739536
KIRKLARELİ;MERKEZ;İSTASYON;1137. SOKAK;sokak;439698
KIRKLARELİ;MERKEZ;İSTASYON;1139. SOKAK;sokak;429883
KIRKLARELİ;MERKEZ;İSTASYON;1140. SOKAK;sokak;434425
KIRKLARELİ;MERKEZ;İSTASYON;1141. SOKAK;sokak;741190
KIRKLARELİ;MERKEZ;İSTASYON;1142. SOKAK;sokak;434408
KIRKLARELİ;MERKEZ;İSTASYON;1143. SOKAK;sokak;736124
KIRKLARELİ;MERKEZ;İSTASYON;1144. SOKAK;sokak;736123
KIRKLARELİ;MERKEZ;İSTASYON;1146. SOKAK;sokak;352456
KIRKLARELİ;MERKEZ;İSTASYON;1152. SOKAK;sokak;818162
KIRKLARELİ;MERKEZ;İSTASYON;1153. SOKAK;sokak;818164
KIRKLARELİ;MERKEZ;İSTASYON;1154. SOKAK;sokak;320234
KIRKLARELİ;MERKEZ;İSTASYON;1155. SOKAK;sokak;736143
KIRKLARELİ;MERKEZ;İSTASYON;1156. SOKAK;sokak;444657
KIRKLARELİ;MERKEZ;İSTASYON;1157. SOKAK;sokak;438945
KIRKLARELİ;MERKEZ;İSTASYON;1158. SOKAK;sokak;438944
KIRKLARELİ;MERKEZ;İSTASYON;1159. SOKAK;sokak;477888
KIRKLARELİ;MERKEZ;İSTASYON;1160. SOKAK;sokak;444420
KIRKLARELİ;MERKEZ;İSTASYON;1161. SOKAK;sokak;736137
KIRKLARELİ;MERKEZ;İSTASYON;1162. SOKAK;sokak;741145
KIRKLARELİ;MERKEZ;İSTASYON;1163. SOKAK;sokak;449907
KIRKLARELİ;MERKEZ;İSTASYON;1164. SOKAK;sokak;263053
KIRKLARELİ;MERKEZ;İSTASYON;1165. SOKAK;sokak;433508
KIRKLARELİ;MERKEZ;İSTASYON;1166. SOKAK;sokak;435569
KIRKLARELİ;MERKEZ;İSTASYON;1167. SOKAK;sokak;438270
KIRKLARELİ;MERKEZ;İSTASYON;1171. SOKAK;sokak;262712
KIRKLARELİ;MERKEZ;İSTASYON;1172. SOKAK;sokak;431455
KIRKLARELİ;MERKEZ;İSTASYON;1173. SOKAK;sokak;741179
KIRKLARELİ;MERKEZ;İSTASYON;1174. SOKAK;sokak;161078
KIRKLARELİ;MERKEZ;İSTASYON;1175. SOKAK;sokak;428635
KIRKLARELİ;MERKEZ;İSTASYON;1176. SOKAK;sokak;228204
KIRKLARELİ;MERKEZ;İSTASYON;1181. SOKAK;sokak;456081
KIRKLARELİ;MERKEZ;İSTASYON;1182. SOKAK;sokak;270543
KIRKLARELİ;MERKEZ;İSTASYON;12. EDİRNE SOKAK;sokak;226040
KIRKLARELİ;MERKEZ;İSTASYON;14. EDİRNE SOKAK;sokak;227545
KIRKLARELİ;MERKEZ;İSTASYON;1400. SOKAK;sokak;807930
KIRKLARELİ;MERKEZ;İSTASYON;1401. SOKAK;sokak;809318
KIRKLARELİ;MERKEZ;İSTASYON;1402. SOKAK;sokak;818165
KIRKLARELİ;MERKEZ;İSTASYON;1403. SOKAK;sokak;818166
KIRKLARELİ;MERKEZ;İSTASYON;1404. SOKAK;sokak;818167
KIRKLARELİ;MERKEZ;İSTASYON;1405. SOKAK;sokak;818168
KIRKLARELİ;MERKEZ;İSTASYON;1406. SOKAK;sokak;818169
KIRKLARELİ;MERKEZ;İSTASYON;1407. SOKAK;sokak;807931
KIRKLARELİ;MERKEZ;İSTASYON;1408. SOKAK;sokak;818170
KIRKLARELİ;MERKEZ;İSTASYON;1409. SOKAK;sokak;807932
KIRKLARELİ;MERKEZ;İSTASYON;1410. SOKAK;sokak;818171
KIRKLARELİ;MERKEZ;İSTASYON;1411. SOKAK;sokak;807933
KIRKLARELİ;MERKEZ;İSTASYON;1412. SOKAK;sokak;818172
KIRKLARELİ;MERKEZ;İSTASYON;1413. SOKAK;sokak;809319
KIRKLARELİ;MERKEZ;İSTASYON;1414. SOKAK;sokak;818173
KIRKLARELİ;MERKEZ;İSTASYON;1415. SOKAK;sokak;809320
KIRKLARELİ;MERKEZ;İSTASYON;1416. SOKAK;sokak;809321
KIRKLARELİ;MERKEZ;İSTASYON;1417. SOKAK;sokak;809322
KIRKLARELİ;MERKEZ;İSTASYON;1418. SOKAK;sokak;809323
KIRKLARELİ;MERKEZ;İSTASYON;1419. SOKAK;sokak;809329
KIRKLARELİ;MERKEZ;İSTASYON;1420. SOKAK;sokak;818174
KIRKLARELİ;MERKEZ;İSTASYON;16. EDİRNE SOKAK;sokak;224864
KIRKLARELİ;MERKEZ;İSTASYON;18. EDİRNE SOKAK;sokak;226304
KIRKLARELİ;MERKEZ;İSTASYON;2. BEYKENT SOKAK;sokak;438262
KIRKLARELİ;MERKEZ;İSTASYON;2. GÜL SOKAK;sokak;229396
KIRKLARELİ;MERKEZ;İSTASYON;2. İSTASYON SOKAK;sokak;227280
KIRKLARELİ;MERKEZ;İSTASYON;2. SOKAK;sokak;477180
KIRKLARELİ;MERKEZ;İSTASYON;2. YEŞİL SOKAK;sokak;436071
KIRKLARELİ;MERKEZ;İSTASYON;2. YURT SOKAK;sokak;48257
KIRKLARELİ;MERKEZ;İSTASYON;20. EDİRNE SOKAK;sokak;227739
KIRKLARELİ;MERKEZ;İSTASYON;22. EDİRNE SOKAK;sokak;229276
KIRKLARELİ;MERKEZ;İSTASYON;24. EDİRNE SOKAK;sokak;229387
KIRKLARELİ;MERKEZ;İSTASYON;26. EDİRNE SOKAK;sokak;230610
KIRKLARELİ;MERKEZ;İSTASYON;28. EDİRNE SOKAK;sokak;227587
KIRKLARELİ;MERKEZ;İSTASYON;3. BEYKENT SOKAK;sokak;429882
KIRKLARELİ;MERKEZ;İSTASYON;3. GÜL SOKAK;sokak;227578
KIRKLARELİ;MERKEZ;İSTASYON;3. İSTASYON SOKAK;sokak;456073
KIRKLARELİ;MERKEZ;İSTASYON;3. YURT SOKAK;sokak;432718
KIRKLARELİ;MERKEZ;İSTASYON;30. EDİRNE SOKAK;sokak;219093
KIRKLARELİ;MERKEZ;İSTASYON;4 SOKAK;sokak;229921
KIRKLARELİ;MERKEZ;İSTASYON;4. BEYKENT SOKAK;sokak;429034
KIRKLARELİ;MERKEZ;İSTASYON;4. GÜL SOKAK;sokak;300027
KIRKLARELİ;MERKEZ;İSTASYON;4. İSTASYON SOKAK;sokak;472508
KIRKLARELİ;MERKEZ;İSTASYON;4. YEŞİL SOKAK;sokak;229870
KIRKLARELİ;MERKEZ;İSTASYON;4. YURT SOKAK;sokak;438584
KIRKLARELİ;MERKEZ;İSTASYON;5 SOKAK;sokak;438946
KIRKLARELİ;MERKEZ;İSTASYON;5. İSTASYON SOKAK;sokak;318019
KIRKLARELİ;MERKEZ;İSTASYON;5. YURT SOKAK;sokak;228680
KIRKLARELİ;MERKEZ;İSTASYON;6. CADDE;cadde;436924
KIRKLARELİ;MERKEZ;İSTASYON;6. EDİRNE SOKAK;sokak;219050
KIRKLARELİ;MERKEZ;İSTASYON;6. İSTASYON SOKAK;sokak;741177
KIRKLARELİ;MERKEZ;İSTASYON;6. YURT SOKAK;sokak;438583
KIRKLARELİ;MERKEZ;İSTASYON;7. SOKAK;sokak;742036
KIRKLARELİ;MERKEZ;İSTASYON;7. YURT SOKAK;sokak;434811
KIRKLARELİ;MERKEZ;İSTASYON;736. SOKAK;sokak;865175
KIRKLARELİ;MERKEZ;İSTASYON;8. EDİRNE SOKAK;sokak;130305
KIRKLARELİ;MERKEZ;İSTASYON;8. YURT SOKAK;sokak;438581
KIRKLARELİ;MERKEZ;İSTASYON;881/1. SOKAK;sokak;809328
KIRKLARELİ;MERKEZ;İSTASYON;882. SOKAK;sokak;809324
KIRKLARELİ;MERKEZ;İSTASYON;9. YURT SOKAK;sokak;326273
KIRKLARELİ;MERKEZ;İSTASYON;EDİRNE CADDE;cadde;230228
KIRKLARELİ;MERKEZ;İSTASYON;EMEK_1 SOKAK;sokak;161082
KIRKLARELİ;MERKEZ;İSTASYON;GAR SOKAK;sokak;229032
KIRKLARELİ;MERKEZ;İSTASYON;GAZİ ASB. KAZIM İLHAN SOKAK;sokak;436944
KIRKLARELİ;MERKEZ;İSTASYON;GAZİ EDİP KAYGISIZ SOKAK;sokak;227534
KIRKLARELİ;MERKEZ;İSTASYON;GAZİ P. UZM. ÇVŞ. SEZER ÖZDERE SOKAK;sokak;452499
KIRKLARELİ;MERKEZ;İSTASYON;GAZİ YAKUP YÜRÜKÇÜ SOKAK;sokak;227632
KIRKLARELİ;MERKEZ;İSTASYON;İSTASYONALTI CADDE;cadde;317999
KIRKLARELİ;MERKEZ;İSTASYON;MESUT SOKAK;sokak;426649
KIRKLARELİ;MERKEZ;İSTASYON;OKUL SOKAK;sokak;427064
KIRKLARELİ;MERKEZ;İSTASYON;ORD. PROF. MAZHAR OSMAN USMAN BULVAR;sokak;214348
KIRKLARELİ;MERKEZ;İSTASYON;ÖZEN ÇIKMAZ SOKAK;sokak;429048
KIRKLARELİ;MERKEZ;İSTASYON;ÖZEN SOKAK;sokak;219025
KIRKLARELİ;MERKEZ;İSTASYON;SUNGURBEY 10. SOKAK;sokak;741142
KIRKLARELİ;MERKEZ;İSTASYON;SUNGURBEY 12. SOKAK;sokak;741144
KIRKLARELİ;MERKEZ;İSTASYON;SUNGURBEY 2. SOKAK;sokak;259509
KIRKLARELİ;MERKEZ;İSTASYON;SUNGURBEY 4. SOKAK;sokak;47373
KIRKLARELİ;MERKEZ;İSTASYON;SUNGURBEY 6. SOKAK;sokak;472711
KIRKLARELİ;MERKEZ;İSTASYON;SUNGURBEY 8. SOKAK;sokak;270331
KIRKLARELİ;MERKEZ;İSTASYON;SUNGURBEY CADDE;cadde;267557
KIRKLARELİ;MERKEZ;İSTASYON;ŞEHİT PİYADE ÜSTÇAVUŞ GÖKTAN ÖZÜPEK SOKAK;sokak;427069
KIRKLARELİ;MERKEZ;İSTASYON;WALLDORF CADDE;cadde;265952230
KIRKLARELİ;MERKEZ;İSTASYON;YAREN 1. SOKAK;sokak;436939
KIRKLARELİ;MERKEZ;İSTASYON;YAREN 10. SOKAK;sokak;427344
KIRKLARELİ;MERKEZ;İSTASYON;YAREN 11. SOKAK;sokak;227627
KIRKLARELİ;MERKEZ;İSTASYON;YAREN 2. SOKAK;sokak;444650
KIRKLARELİ;MERKEZ;İSTASYON;YAREN 3. SOKAK;sokak;75249
KIRKLARELİ;MERKEZ;İSTASYON;YAREN 4. SOKAK;sokak;219026
KIRKLARELİ;MERKEZ;İSTASYON;YAREN 6. SOKAK;sokak;428634
KIRKLARELİ;MERKEZ;İSTASYON;YAREN SOKAK;sokak;472928
KIRKLARELİ;MERKEZ;İSTASYON;YURT CADDE;cadde;229939
KIRKLARELİ;MERKEZ;KADIKÖY NA;KADIKÖY KÜME EVLER;sokak;562995
KIRKLARELİ;MERKEZ;KADIKÖY NA;KUZULU KÜME EVLER;sokak;238747611
KIRKLARELİ;MERKEZ;KAPAKLI NA;KAPAKLI KÜME EVLER;sokak;556521
KIRKLARELİ;MERKEZ;KAPAKLI NA;KORUKÖY KÜME EVLER;sokak;491071051
KIRKLARELİ;MERKEZ;KARACAİBRAHİM;2 NOLU FIRIN GEÇİDİ SOKAK;sokak;200427
KIRKLARELİ;MERKEZ;KARACAİBRAHİM;2 NOLU FIRIN SOKAK;sokak;763177
KIRKLARELİ;MERKEZ;KARACAİBRAHİM;2. DERE GEÇİDİ SOKAK;sokak;360370
KIRKLARELİ;MERKEZ;KARACAİBRAHİM;647. SOKAK;sokak;432153
KIRKLARELİ;MERKEZ;KARACAİBRAHİM;659. SOKAK;sokak;217214
KIRKLARELİ;MERKEZ;KARACAİBRAHİM;660. SOKAK;sokak;956392
KIRKLARELİ;MERKEZ;KARACAİBRAHİM;661. SOKAK;sokak;956394
KIRKLARELİ;MERKEZ;KARACAİBRAHİM;662. SOKAK;sokak;202475
KIRKLARELİ;MERKEZ;KARACAİBRAHİM;664. SOKAK;sokak;202473
KIRKLARELİ;MERKEZ;KARACAİBRAHİM;665. SOKAK;sokak;765939
KIRKLARELİ;MERKEZ;KARACAİBRAHİM;666. SOKAK;sokak;765949
KIRKLARELİ;MERKEZ;KARACAİBRAHİM;667. SOKAK;sokak;766724
KIRKLARELİ;MERKEZ;KARACAİBRAHİM;668. SOKAK;sokak;202940
KIRKLARELİ;MERKEZ;KARACAİBRAHİM;670. SOKAK;sokak;830694
KIRKLARELİ;MERKEZ;KARACAİBRAHİM;672. SOKAK;sokak;267578
KIRKLARELİ;MERKEZ;KARACAİBRAHİM;673. SOKAK;sokak;763033
KIRKLARELİ;MERKEZ;KARACAİBRAHİM;675. SOKAK;sokak;763029
KIRKLARELİ;MERKEZ;KARACAİBRAHİM;677. SOKAK;sokak;763031
KIRKLARELİ;MERKEZ;KARACAİBRAHİM;678. SOKAK;sokak;764419
KIRKLARELİ;MERKEZ;KARACAİBRAHİM;680. SOKAK;sokak;202469
KIRKLARELİ;MERKEZ;KARACAİBRAHİM;683. SOKAK;sokak;681107900
KIRKLARELİ;MERKEZ;KARACAİBRAHİM;684. SOKAK;sokak;627819270
KIRKLARELİ;MERKEZ;KARACAİBRAHİM;685. SOKAK;sokak;565784530
KIRKLARELİ;MERKEZ;KARACAİBRAHİM;687. SOKAK;sokak;765423
KIRKLARELİ;MERKEZ;KARACAİBRAHİM;689. SOKAK;sokak;765890
KIRKLARELİ;MERKEZ;KARACAİBRAHİM;693. SOKAK;sokak;763811
KIRKLARELİ;MERKEZ;KARACAİBRAHİM;694. SOKAK;sokak;763808
KIRKLARELİ;MERKEZ;KARACAİBRAHİM;696. SOKAK;sokak;763823
KIRKLARELİ;MERKEZ;KARACAİBRAHİM;697. SOKAK;sokak;763034
KIRKLARELİ;MERKEZ;KARACAİBRAHİM;698. SOKAK;sokak;764418
KIRKLARELİ;MERKEZ;KARACAİBRAHİM;699. SOKAK;sokak;202474
KIRKLARELİ;MERKEZ;KARACAİBRAHİM;700. SOKAK;sokak;277113
KIRKLARELİ;MERKEZ;KARACAİBRAHİM;701. SOKAK;sokak;764346
KIRKLARELİ;MERKEZ;KARACAİBRAHİM;702. SOKAK;sokak;202939
KIRKLARELİ;MERKEZ;KARACAİBRAHİM;713. SOKAK;sokak;1105151
KIRKLARELİ;MERKEZ;KARACAİBRAHİM;719. SOKAK;sokak;764345
KIRKLARELİ;MERKEZ;KARACAİBRAHİM;722. SOKAK;sokak;765075
KIRKLARELİ;MERKEZ;KARACAİBRAHİM;723. SOKAK;sokak;200417
KIRKLARELİ;MERKEZ;KARACAİBRAHİM;724. SOKAK;sokak;763028
KIRKLARELİ;MERKEZ;KARACAİBRAHİM;725. SOKAK;sokak;763027
KIRKLARELİ;MERKEZ;KARACAİBRAHİM;726. SOKAK;sokak;765950
KIRKLARELİ;MERKEZ;KARACAİBRAHİM;AMBARLAR SOKAK;sokak;761873
KIRKLARELİ;MERKEZ;KARACAİBRAHİM;ARPALIK GEÇİDİ SOKAK;sokak;450690
KIRKLARELİ;MERKEZ;KARACAİBRAHİM;ARPALIK SOKAK;sokak;221599
KIRKLARELİ;MERKEZ;KARACAİBRAHİM;AŞIK ALİ TANBURACI SOKAK;sokak;821098
KIRKLARELİ;MERKEZ;KARACAİBRAHİM;ATA SOKAK;sokak;766358
KIRKLARELİ;MERKEZ;KARACAİBRAHİM;AYKENT ARA SOKAK;sokak;763036
KIRKLARELİ;MERKEZ;KARACAİBRAHİM;BALIKÇI EŞREF ARSLANOĞLU SOKAK;sokak;764385
KIRKLARELİ;MERKEZ;KARACAİBRAHİM;CUMHURİYET 1. ÇIKMAZ SOKAK;sokak;765258
KIRKLARELİ;MERKEZ;KARACAİBRAHİM;CUMHURİYET 2. ÇIKMAZ SOKAK;sokak;442725
KIRKLARELİ;MERKEZ;KARACAİBRAHİM;CUMHURİYET 3. ÇIKMAZ SOKAK;sokak;271758
KIRKLARELİ;MERKEZ;KARACAİBRAHİM;CUMHURİYET CADDE;cadde;203065
KIRKLARELİ;MERKEZ;KARACAİBRAHİM;CUMHURİYET_1 MEYDAN;sokak;767155
KIRKLARELİ;MERKEZ;KARACAİBRAHİM;ÇİÇEK SOKAK;sokak;359897
KIRKLARELİ;MERKEZ;KARACAİBRAHİM;ÇİFTÇİLER SOKAK;sokak;763819
KIRKLARELİ;MERKEZ;KARACAİBRAHİM;DEREÜSTÜ GEÇİDİ SOKAK;sokak;430504
KIRKLARELİ;MERKEZ;KARACAİBRAHİM;DEREÜSTÜ SOKAK;sokak;299312
KIRKLARELİ;MERKEZ;KARACAİBRAHİM;ENES SOKAK;sokak;414956
KIRKLARELİ;MERKEZ;KARACAİBRAHİM;FAHRETTİN ALTAY CADDE;cadde;821236
KIRKLARELİ;MERKEZ;KARACAİBRAHİM;FATİH CADDE;cadde;763821
KIRKLARELİ;MERKEZ;KARACAİBRAHİM;FESTİVAL SOKAK;sokak;765264
KIRKLARELİ;MERKEZ;KARACAİBRAHİM;FEVZİ ÇAKMAK BULVAR;sokak;764809
KIRKLARELİ;MERKEZ;KARACAİBRAHİM;GAZİ ASB. RUMİ AKKAŞ SOKAK;sokak;199745
KIRKLARELİ;MERKEZ;KARACAİBRAHİM;GAZİ HASAN TEPELİ SOKAK;sokak;450678
KIRKLARELİ;MERKEZ;KARACAİBRAHİM;GAZİ MURAT ÇİFTKARDEŞLER SOKAK;sokak;332012
KIRKLARELİ;MERKEZ;KARACAİBRAHİM;GAZİ TUNCAY YALÇIN SOKAK;sokak;202470
KIRKLARELİ;MERKEZ;KARACAİBRAHİM;HAPİSHANE SOKAK;sokak;332010
KIRKLARELİ;MERKEZ;KARACAİBRAHİM;IŞIKLAR CADDE;cadde;766362
KIRKLARELİ;MERKEZ;KARACAİBRAHİM;İNKİŞAF SOKAK;sokak;202468
KIRKLARELİ;MERKEZ;KARACAİBRAHİM;İNTİBAH SOKAK;sokak;205736
KIRKLARELİ;MERKEZ;KARACAİBRAHİM;KANUNİ MUZAFFER GÖKSEL BAKTAGİR SOKAK;sokak;277114
KIRKLARELİ;MERKEZ;KARACAİBRAHİM;KAPAN CAMİİ SOKAK;sokak;270256
KIRKLARELİ;MERKEZ;KARACAİBRAHİM;KARAKOL SOKAK;sokak;765635
KIRKLARELİ;MERKEZ;KARACAİBRAHİM;KARTAL SOKAK;sokak;267275
KIRKLARELİ;MERKEZ;KARACAİBRAHİM;KAVALA SOKAK;sokak;450346
KIRKLARELİ;MERKEZ;KARACAİBRAHİM;KAYYUMOĞLU ÇEŞME ÇIKMAZ SOKAK;sokak;220277
KIRKLARELİ;MERKEZ;KARACAİBRAHİM;KAYYUMOĞLU ÇEŞME SOKAK;sokak;187122
KIRKLARELİ;MERKEZ;KARACAİBRAHİM;KIŞLA CADDE;cadde;424821
KIRKLARELİ;MERKEZ;KARACAİBRAHİM;KIŞLA ÇIKMAZ SOKAK;sokak;363437
KIRKLARELİ;MERKEZ;KARACAİBRAHİM;KURTULUŞ 1. ÇIKMAZ SOKAK;sokak;267277
KIRKLARELİ;MERKEZ;KARACAİBRAHİM;KURTULUŞ CADDE;cadde;424814
KIRKLARELİ;MERKEZ;KARACAİBRAHİM;KURUPAŞA ÇEŞME 1. ÇIKMAZ SOKAK;sokak;764706
KIRKLARELİ;MERKEZ;KARACAİBRAHİM;KURUPAŞA ÇEŞME 3. ÇIKMAZ SOKAK;sokak;442721
KIRKLARELİ;MERKEZ;KARACAİBRAHİM;KURUPAŞA ÇEŞME GEÇİDİ SOKAK;sokak;763050
KIRKLARELİ;MERKEZ;KARACAİBRAHİM;KURUPAŞA ÇEŞME SOKAK;sokak;213974
KIRKLARELİ;MERKEZ;KARACAİBRAHİM;MAKSUTBEY SOKAK;sokak;761632
KIRKLARELİ;MERKEZ;KARACAİBRAHİM;MECİDİYE 1. ÇIKMAZ SOKAK;sokak;763022
KIRKLARELİ;MERKEZ;KARACAİBRAHİM;MECİDİYE SOKAK;sokak;77502
KIRKLARELİ;MERKEZ;KARACAİBRAHİM;MEHMETBEY SOKAK;sokak;765888
KIRKLARELİ;MERKEZ;KARACAİBRAHİM;MELEK SOKAK;sokak;748760
KIRKLARELİ;MERKEZ;KARACAİBRAHİM;MEŞE SOKAK;sokak;83701
KIRKLARELİ;MERKEZ;KARACAİBRAHİM;MUAMMER AKSOY 1 CADDE;cadde;424816
KIRKLARELİ;MERKEZ;KARACAİBRAHİM;MUSTAFA KEMAL BULVAR;sokak;764908
KIRKLARELİ;MERKEZ;KARACAİBRAHİM;NÜZHET SOMAY CADDE;cadde;765454
KIRKLARELİ;MERKEZ;KARACAİBRAHİM;OĞUZ TURAN SOKAK;sokak;754616
KIRKLARELİ;MERKEZ;KARACAİBRAHİM;OYLUM SOKAK;sokak;450677
KIRKLARELİ;MERKEZ;KARACAİBRAHİM;OYMAKBEY SOKAK;sokak;442723
KIRKLARELİ;MERKEZ;KARACAİBRAHİM;ÖZGE SOKAK;sokak;277119
KIRKLARELİ;MERKEZ;KARACAİBRAHİM;ÖZLEM SOKAK;sokak;765253
KIRKLARELİ;MERKEZ;KARACAİBRAHİM;RAUF DENKTAŞ BULVAR;sokak;277807
KIRKLARELİ;MERKEZ;KARACAİBRAHİM;SAADET SOKAK;sokak;203063
KIRKLARELİ;MERKEZ;KARACAİBRAHİM;SANCAKTAR CADDE;cadde;199754
KIRKLARELİ;MERKEZ;KARACAİBRAHİM;SARMAŞIK SOKAK;sokak;764369
KIRKLARELİ;MERKEZ;KARACAİBRAHİM;SERHAT SOKAK;sokak;442719
KIRKLARELİ;MERKEZ;KARACAİBRAHİM;SEVİMLİ SOKAK;sokak;200523
KIRKLARELİ;MERKEZ;KARACAİBRAHİM;ŞAHİN SOKAK;sokak;425746
KIRKLARELİ;MERKEZ;KARACAİBRAHİM;ŞÜKRÜ NAİLİ SOKAK;sokak;765417
KIRKLARELİ;MERKEZ;KARACAİBRAHİM;YARKIN SOKAK;sokak;267276
KIRKLARELİ;MERKEZ;KARACAİBRAHİM;YILDIRIMBEY SOKAK;sokak;200431
KIRKLARELİ;MERKEZ;KARADERE NA;KARADERE KÜME EVLER;sokak;548551
KIRKLARELİ;MERKEZ;KARAHAMZA NA;KARAHAMZA KÜME EVLER;sokak;576320
KIRKLARELİ;MERKEZ;KARAHIDIR;1421. SOKAK;sokak;818178
KIRKLARELİ;MERKEZ;KARAHIDIR;1422. SOKAK;sokak;818177
KIRKLARELİ;MERKEZ;KARAHIDIR;1423. SOKAK;sokak;818176
KIRKLARELİ;MERKEZ;KARAHIDIR;1424. SOKAK;sokak;818175
KIRKLARELİ;MERKEZ;KARAHIDIR;1425. SOKAK;sokak;809326
KIRKLARELİ;MERKEZ;KARAHIDIR;1426. SOKAK;sokak;809325
KIRKLARELİ;MERKEZ;KARAHIDIR;1427. SOKAK;sokak;809327
KIRKLARELİ;MERKEZ;KARAHIDIR;1428. SOKAK;sokak;818179
KIRKLARELİ;MERKEZ;KARAHIDIR;858. SOKAK;sokak;151688
KIRKLARELİ;MERKEZ;KARAHIDIR;859. SOKAK;sokak;770116
KIRKLARELİ;MERKEZ;KARAHIDIR;860. SOKAK;sokak;770118
KIRKLARELİ;MERKEZ;KARAHIDIR;861. SOKAK;sokak;726229
KIRKLARELİ;MERKEZ;KARAHIDIR;863. SOKAK;sokak;723033
KIRKLARELİ;MERKEZ;KARAHIDIR;864. SOKAK;sokak;770117
KIRKLARELİ;MERKEZ;KARAHIDIR;865. SOKAK;sokak;770119
KIRKLARELİ;MERKEZ;KARAHIDIR;866. SOKAK;sokak;726757
KIRKLARELİ;MERKEZ;KARAHIDIR;867. SOKAK;sokak;770121
KIRKLARELİ;MERKEZ;KARAHIDIR;868. SOKAK;sokak;770120
KIRKLARELİ;MERKEZ;KARAHIDIR;869. SOKAK;sokak;356502
KIRKLARELİ;MERKEZ;KARAHIDIR;876. SOKAK;sokak;725240
KIRKLARELİ;MERKEZ;KARAHIDIR;876/1. SOKAK;sokak;718539
KIRKLARELİ;MERKEZ;KARAHIDIR;876/2. SOKAK;sokak;720665
KIRKLARELİ;MERKEZ;KARAHIDIR;876/3. SOKAK;sokak;718860
KIRKLARELİ;MERKEZ;KARAHIDIR;877. SOKAK;sokak;718602
KIRKLARELİ;MERKEZ;KARAHIDIR;878. SOKAK;sokak;715660
KIRKLARELİ;MERKEZ;KARAHIDIR;879. SOKAK;sokak;718611
KIRKLARELİ;MERKEZ;KARAHIDIR;880. SOKAK;sokak;162967
KIRKLARELİ;MERKEZ;KARAHIDIR;881. SOKAK;sokak;86322
KIRKLARELİ;MERKEZ;KARAHIDIR;881/1. SOKAK;sokak;718613
KIRKLARELİ;MERKEZ;KARAHIDIR;882. SOKAK;sokak;86330
KIRKLARELİ;MERKEZ;KARAHIDIR;884. SOKAK;sokak;722088
KIRKLARELİ;MERKEZ;KARAHIDIR;886. SOKAK;sokak;724104
KIRKLARELİ;MERKEZ;KARAHIDIR;888. SOKAK;sokak;725637
KIRKLARELİ;MERKEZ;KARAHIDIR;889. SOKAK;sokak;718876
KIRKLARELİ;MERKEZ;KARAHIDIR;890. SOKAK;sokak;724880
KIRKLARELİ;MERKEZ;KARAHIDIR;891. SOKAK;sokak;716832
KIRKLARELİ;MERKEZ;KARAHIDIR;892. SOKAK;sokak;718884
KIRKLARELİ;MERKEZ;KARAHIDIR;895. SOKAK;sokak;720323
KIRKLARELİ;MERKEZ;KARAHIDIR;898. SOKAK;sokak;715957
KIRKLARELİ;MERKEZ;KARAHIDIR;902. SOKAK;sokak;725279
KIRKLARELİ;MERKEZ;KARAHIDIR;903. SOKAK;sokak;721912
KIRKLARELİ;MERKEZ;KARAHIDIR;904. SOKAK;sokak;716377
KIRKLARELİ;MERKEZ;KARAHIDIR;905. SOKAK;sokak;724875
KIRKLARELİ;MERKEZ;KARAHIDIR;906. SOKAK;sokak;716953
KIRKLARELİ;MERKEZ;KARAHIDIR;910. SOKAK;sokak;725639
KIRKLARELİ;MERKEZ;KARAHIDIR;914. SOKAK;sokak;200688
KIRKLARELİ;MERKEZ;KARAHIDIR;915. SOKAK;sokak;200691
KIRKLARELİ;MERKEZ;KARAHIDIR;916. SOKAK;sokak;720166
KIRKLARELİ;MERKEZ;KARAHIDIR;917. SOKAK;sokak;716972
KIRKLARELİ;MERKEZ;KARAHIDIR;918. SOKAK;sokak;715126
KIRKLARELİ;MERKEZ;KARAHIDIR;919. SOKAK;sokak;200689
KIRKLARELİ;MERKEZ;KARAHIDIR;920. SOKAK;sokak;200690
KIRKLARELİ;MERKEZ;KARAHIDIR;921. SOKAK;sokak;717013
KIRKLARELİ;MERKEZ;KARAHIDIR;922. SOKAK;sokak;726452
KIRKLARELİ;MERKEZ;KARAHIDIR;923. SOKAK;sokak;717639
KIRKLARELİ;MERKEZ;KARAHIDIR;924. SOKAK;sokak;66827
KIRKLARELİ;MERKEZ;KARAHIDIR;925. SOKAK;sokak;715677
KIRKLARELİ;MERKEZ;KARAHIDIR;926. SOKAK;sokak;716999
KIRKLARELİ;MERKEZ;KARAHIDIR;927. SOKAK;sokak;717004
KIRKLARELİ;MERKEZ;KARAHIDIR;928. SOKAK;sokak;715683
KIRKLARELİ;MERKEZ;KARAHIDIR;930. SOKAK;sokak;356482
KIRKLARELİ;MERKEZ;KARAHIDIR;931. SOKAK;sokak;356501
KIRKLARELİ;MERKEZ;KARAHIDIR;932. SOKAK;sokak;200687
KIRKLARELİ;MERKEZ;KARAHIDIR;933. SOKAK;sokak;200686
KIRKLARELİ;MERKEZ;KARAHIDIR;934. SOKAK;sokak;200685
KIRKLARELİ;MERKEZ;KARAHIDIR;949. SOKAK;sokak;720729
KIRKLARELİ;MERKEZ;KARAHIDIR;950/1. SOKAK;sokak;716989
KIRKLARELİ;MERKEZ;KARAHIDIR;951. SOKAK;sokak;720840
KIRKLARELİ;MERKEZ;KARAHIDIR;953. SOKAK;sokak;720842
KIRKLARELİ;MERKEZ;KARAHIDIR;960. SOKAK;sokak;723105
KIRKLARELİ;MERKEZ;KARAHIDIR;961. SOKAK;sokak;356481
KIRKLARELİ;MERKEZ;KARAHIDIR;963. SOKAK;sokak;144055830
KIRKLARELİ;MERKEZ;KARAHIDIR;964. SOKAK;sokak;722743
KIRKLARELİ;MERKEZ;KARAHIDIR;968. SOKAK;sokak;724366
KIRKLARELİ;MERKEZ;KARAHIDIR;975. SOKAK;sokak;719010
KIRKLARELİ;MERKEZ;KARAHIDIR;987. SOKAK;sokak;317910
KIRKLARELİ;MERKEZ;KARAHIDIR;ARMUTLU SOKAK;sokak;446575
KIRKLARELİ;MERKEZ;KARAHIDIR;AYAZMA GEÇİDİ SOKAK;sokak;723102
KIRKLARELİ;MERKEZ;KARAHIDIR;AYAZMA SOKAK;sokak;726215
KIRKLARELİ;MERKEZ;KARAHIDIR;BAHÇELER SOKAK;sokak;29439
KIRKLARELİ;MERKEZ;KARAHIDIR;BEYPINAR SOKAK;sokak;270595
KIRKLARELİ;MERKEZ;KARAHIDIR;CAMİ SOKAK;sokak;446576
KIRKLARELİ;MERKEZ;KARAHIDIR;CUMHURİYET KORUSU KÜME EVLER;sokak;826998
KIRKLARELİ;MERKEZ;KARAHIDIR;ÇINAR SOKAK;sokak;726233
KIRKLARELİ;MERKEZ;KARAHIDIR;EDİRNE CADDE;cadde;332007
KIRKLARELİ;MERKEZ;KARAHIDIR;ERGUVAN SOKAK;sokak;354698
KIRKLARELİ;MERKEZ;KARAHIDIR;GÜLLÜ SOKAK;sokak;719946
KIRKLARELİ;MERKEZ;KARAHIDIR;HIDIRBEY SOKAK;sokak;317633
KIRKLARELİ;MERKEZ;KARAHIDIR;HÜRRİYET CADDE;cadde;270599
KIRKLARELİ;MERKEZ;KARAHIDIR;HÜRRİYET ÇIKMAZ CADDE;cadde;354699
KIRKLARELİ;MERKEZ;KARAHIDIR;HÜRRİYET_1 MEYDAN;sokak;724687
KIRKLARELİ;MERKEZ;KARAHIDIR;KUYULU SOKAK;sokak;81401
KIRKLARELİ;MERKEZ;KARAHIDIR;OKUL YOLU SOKAK;sokak;722818
KIRKLARELİ;MERKEZ;KARAHIDIR;SÜTÇÜ SOKAK;sokak;726219
KIRKLARELİ;MERKEZ;KARAHIDIR;ŞEHİT ER ÖMER ŞABAN DURMAN SOKAK;sokak;81425
KIRKLARELİ;MERKEZ;KARAHIDIR;ŞEREFLİ 1. GEÇİDİ SOKAK;sokak;725860
KIRKLARELİ;MERKEZ;KARAHIDIR;ŞEREFLİ 2. GEÇİDİ SOKAK;sokak;723811
KIRKLARELİ;MERKEZ;KARAHIDIR;ŞEREFLİ ARA SOKAK;sokak;721723
KIRKLARELİ;MERKEZ;KARAHIDIR;ŞEREFLİ SOKAK;sokak;723543
KIRKLARELİ;MERKEZ;KARAHIDIR;TÜRBELİ SOKAK;sokak;270601
KIRKLARELİ;MERKEZ;KARAHIDIR;YAYLA ARA SOKAK;sokak;312977
KIRKLARELİ;MERKEZ;KARAHIDIR;YAYLA- SOKAK;sokak;16930265
KIRKLARELİ;MERKEZ;KARAHIDIR;YAYLA-- SOKAK;sokak;270602
KIRKLARELİ;MERKEZ;KARAHIDIR;YEŞİL ARA SOKAK;sokak;722820
KIRKLARELİ;MERKEZ;KARAHIDIR;YURT 1. SOKAK;sokak;720830
KIRKLARELİ;MERKEZ;KARAKAŞ;1 NOLU FIRIN SOKAK;sokak;766127
KIRKLARELİ;MERKEZ;KARAKAŞ;1. BAYINDIR SOKAK;sokak;764404
KIRKLARELİ;MERKEZ;KARAKAŞ;1. GAYRET SOKAK;sokak;763199
KIRKLARELİ;MERKEZ;KARAKAŞ;1. KARAHIDIR SOKAK;sokak;214039
KIRKLARELİ;MERKEZ;KARAKAŞ;1. KAVAKLI SOKAK;sokak;214051
KIRKLARELİ;MERKEZ;KARAKAŞ;1. MENEKŞE SOKAK;sokak;467494
KIRKLARELİ;MERKEZ;KARAKAŞ;1. SIRTBAĞLAR SOKAK;sokak;267302
KIRKLARELİ;MERKEZ;KARAKAŞ;1. ŞİFA GEÇİDİ SOKAK;sokak;765179
KIRKLARELİ;MERKEZ;KARAKAŞ;10. KARAHIDIR SOKAK;sokak;199844
KIRKLARELİ;MERKEZ;KARAKAŞ;10. KAVAKLI SOKAK;sokak;763829
KIRKLARELİ;MERKEZ;KARAKAŞ;10. SIRTBAĞLAR SOKAK;sokak;200442
KIRKLARELİ;MERKEZ;KARAKAŞ;100. YIL CADDE;cadde;267561
KIRKLARELİ;MERKEZ;KARAKAŞ;11. KARAHIDIR SOKAK;sokak;267304
KIRKLARELİ;MERKEZ;KARAKAŞ;11. KAVAKLI SOKAK;sokak;467497
KIRKLARELİ;MERKEZ;KARAKAŞ;11. SIRTBAĞLAR SOKAK;sokak;764858
KIRKLARELİ;MERKEZ;KARAKAŞ;12. KARAHIDIR SOKAK;sokak;214042
KIRKLARELİ;MERKEZ;KARAKAŞ;12. KAVAKLI SOKAK;sokak;214038
KIRKLARELİ;MERKEZ;KARAKAŞ;12. SIRTBAĞLAR SOKAK;sokak;767156
KIRKLARELİ;MERKEZ;KARAKAŞ;13. KARAHIDIR SOKAK;sokak;200443
KIRKLARELİ;MERKEZ;KARAKAŞ;13. KAVAKLI SOKAK;sokak;200454
KIRKLARELİ;MERKEZ;KARAKAŞ;13. SIRTBAĞLAR SOKAK;sokak;214045
KIRKLARELİ;MERKEZ;KARAKAŞ;14. KAVAKLI SOKAK;sokak;200455
KIRKLARELİ;MERKEZ;KARAKAŞ;14. SIRTBAĞLAR SOKAK;sokak;267293
KIRKLARELİ;MERKEZ;KARAKAŞ;15. KAVAKLI SOKAK;sokak;766751
KIRKLARELİ;MERKEZ;KARAKAŞ;15. SIRTBAĞLAR SOKAK;sokak;199846
KIRKLARELİ;MERKEZ;KARAKAŞ;16. SIRTBAĞLAR SOKAK;sokak;763841
KIRKLARELİ;MERKEZ;KARAKAŞ;17. SIRTBAĞLAR SOKAK;sokak;764857
KIRKLARELİ;MERKEZ;KARAKAŞ;18. SIRTBAĞLAR SOKAK;sokak;214046
KIRKLARELİ;MERKEZ;KARAKAŞ;19. SIRTBAĞLAR SOKAK;sokak;199847
KIRKLARELİ;MERKEZ;KARAKAŞ;2. KARAHIDIR SOKAK;sokak;414966
KIRKLARELİ;MERKEZ;KARAKAŞ;2. KAVAKLI SOKAK;sokak;200450
KIRKLARELİ;MERKEZ;KARAKAŞ;2. MENEKŞE SOKAK;sokak;764844
KIRKLARELİ;MERKEZ;KARAKAŞ;2. SIRTBAĞLAR SOKAK;sokak;764845
KIRKLARELİ;MERKEZ;KARAKAŞ;3. KARAHIDIR SOKAK;sokak;763842
KIRKLARELİ;MERKEZ;KARAKAŞ;3. KAVAKLI SOKAK;sokak;764825
KIRKLARELİ;MERKEZ;KARAKAŞ;3. MENEKŞE SOKAK;sokak;200446
KIRKLARELİ;MERKEZ;KARAKAŞ;3. SIRTBAĞLAR SOKAK;sokak;200448
KIRKLARELİ;MERKEZ;KARAKAŞ;319. SOKAK;sokak;766774
KIRKLARELİ;MERKEZ;KARAKAŞ;320. SOKAK;sokak;199859
KIRKLARELİ;MERKEZ;KARAKAŞ;321. SOKAK;sokak;415001
KIRKLARELİ;MERKEZ;KARAKAŞ;322. SOKAK;sokak;766131
KIRKLARELİ;MERKEZ;KARAKAŞ;323. SOKAK;sokak;766130
KIRKLARELİ;MERKEZ;KARAKAŞ;324. SOKAK;sokak;766129
KIRKLARELİ;MERKEZ;KARAKAŞ;325. SOKAK;sokak;766128
KIRKLARELİ;MERKEZ;KARAKAŞ;326. SOKAK;sokak;766763
KIRKLARELİ;MERKEZ;KARAKAŞ;327. SOKAK;sokak;424836
KIRKLARELİ;MERKEZ;KARAKAŞ;328. SOKAK;sokak;763869
KIRKLARELİ;MERKEZ;KARAKAŞ;329. SOKAK;sokak;766762
KIRKLARELİ;MERKEZ;KARAKAŞ;330. SOKAK;sokak;763868
KIRKLARELİ;MERKEZ;KARAKAŞ;331. SOKAK;sokak;763844
KIRKLARELİ;MERKEZ;KARAKAŞ;332. SOKAK;sokak;763867
KIRKLARELİ;MERKEZ;KARAKAŞ;333. SOKAK;sokak;267554
KIRKLARELİ;MERKEZ;KARAKAŞ;336. SOKAK;sokak;450686
KIRKLARELİ;MERKEZ;KARAKAŞ;338. SOKAK;sokak;765147
KIRKLARELİ;MERKEZ;KARAKAŞ;339. SOKAK;sokak;766766
KIRKLARELİ;MERKEZ;KARAKAŞ;341. SOKAK;sokak;267551
KIRKLARELİ;MERKEZ;KARAKAŞ;342. SOKAK;sokak;267558
KIRKLARELİ;MERKEZ;KARAKAŞ;343. SOKAK;sokak;763845
KIRKLARELİ;MERKEZ;KARAKAŞ;344. SOKAK;sokak;267563
KIRKLARELİ;MERKEZ;KARAKAŞ;347. SOKAK;sokak;267560
KIRKLARELİ;MERKEZ;KARAKAŞ;348. SOKAK;sokak;415005
KIRKLARELİ;MERKEZ;KARAKAŞ;349. SOKAK;sokak;764400
KIRKLARELİ;MERKEZ;KARAKAŞ;350. SOKAK;sokak;763865
KIRKLARELİ;MERKEZ;KARAKAŞ;351. SOKAK;sokak;763863
KIRKLARELİ;MERKEZ;KARAKAŞ;352. SOKAK;sokak;766767
KIRKLARELİ;MERKEZ;KARAKAŞ;354. SOKAK;sokak;415006
KIRKLARELİ;MERKEZ;KARAKAŞ;355. SOKAK;sokak;267296
KIRKLARELİ;MERKEZ;KARAKAŞ;356. SOKAK;sokak;763856
KIRKLARELİ;MERKEZ;KARAKAŞ;357. SOKAK;sokak;766764
KIRKLARELİ;MERKEZ;KARAKAŞ;359. SOKAK;sokak;267562
KIRKLARELİ;MERKEZ;KARAKAŞ;361. SOKAK;sokak;442736
KIRKLARELİ;MERKEZ;KARAKAŞ;362. SOKAK;sokak;199861
KIRKLARELİ;MERKEZ;KARAKAŞ;363. SOKAK;sokak;415004
KIRKLARELİ;MERKEZ;KARAKAŞ;364. SOKAK;sokak;766132
KIRKLARELİ;MERKEZ;KARAKAŞ;366. SOKAK;sokak;766765
KIRKLARELİ;MERKEZ;KARAKAŞ;367. SOKAK;sokak;763862
KIRKLARELİ;MERKEZ;KARAKAŞ;368. SOKAK;sokak;763861
KIRKLARELİ;MERKEZ;KARAKAŞ;370. SOKAK;sokak;267548
KIRKLARELİ;MERKEZ;KARAKAŞ;371. SOKAK;sokak;267546
KIRKLARELİ;MERKEZ;KARAKAŞ;373. SOKAK;sokak;763860
KIRKLARELİ;MERKEZ;KARAKAŞ;374. SOKAK;sokak;763859
KIRKLARELİ;MERKEZ;KARAKAŞ;376. SOKAK;sokak;267545
KIRKLARELİ;MERKEZ;KARAKAŞ;377. SOKAK;sokak;763857
KIRKLARELİ;MERKEZ;KARAKAŞ;378. SOKAK;sokak;763858
KIRKLARELİ;MERKEZ;KARAKAŞ;379. SOKAK;sokak;415010
KIRKLARELİ;MERKEZ;KARAKAŞ;380. SOKAK;sokak;766769
KIRKLARELİ;MERKEZ;KARAKAŞ;4. KARAHIDIR SOKAK;sokak;763837
KIRKLARELİ;MERKEZ;KARAKAŞ;4. KAVAKLI SOKAK;sokak;214049
KIRKLARELİ;MERKEZ;KARAKAŞ;5. KARAHIDIR SOKAK;sokak;214044
KIRKLARELİ;MERKEZ;KARAKAŞ;5. KAVAKLI SOKAK;sokak;763840
KIRKLARELİ;MERKEZ;KARAKAŞ;6. KARAHIDIR SOKAK;sokak;764856
KIRKLARELİ;MERKEZ;KARAKAŞ;6. KAVAKLI SOKAK;sokak;200451
KIRKLARELİ;MERKEZ;KARAKAŞ;6. SIRTBAĞLAR SOKAK;sokak;763828
KIRKLARELİ;MERKEZ;KARAKAŞ;663. SOKAK;sokak;267541
KIRKLARELİ;MERKEZ;KARAKAŞ;7. KARAHIDIR SOKAK;sokak;764843
KIRKLARELİ;MERKEZ;KARAKAŞ;7. KAVAKLI SOKAK;sokak;214050
KIRKLARELİ;MERKEZ;KARAKAŞ;7. SIRTBAĞLAR SOKAK;sokak;200444
KIRKLARELİ;MERKEZ;KARAKAŞ;729. SOKAK;sokak;763565
KIRKLARELİ;MERKEZ;KARAKAŞ;730. SOKAK;sokak;415008
KIRKLARELİ;MERKEZ;KARAKAŞ;731. SOKAK;sokak;415007
KIRKLARELİ;MERKEZ;KARAKAŞ;733. SOKAK;sokak;213978
KIRKLARELİ;MERKEZ;KARAKAŞ;734. SOKAK;sokak;765521
KIRKLARELİ;MERKEZ;KARAKAŞ;735. SOKAK;sokak;766770
KIRKLARELİ;MERKEZ;KARAKAŞ;737. SOKAK;sokak;199862
KIRKLARELİ;MERKEZ;KARAKAŞ;738. SOKAK;sokak;766134
KIRKLARELİ;MERKEZ;KARAKAŞ;739. SOKAK;sokak;332016
KIRKLARELİ;MERKEZ;KARAKAŞ;740. SOKAK;sokak;199836
KIRKLARELİ;MERKEZ;KARAKAŞ;742. SOKAK;sokak;763871
KIRKLARELİ;MERKEZ;KARAKAŞ;743. SOKAK;sokak;766133
KIRKLARELİ;MERKEZ;KARAKAŞ;744. SOKAK;sokak;766135
KIRKLARELİ;MERKEZ;KARAKAŞ;745. SOKAK;sokak;764819
KIRKLARELİ;MERKEZ;KARAKAŞ;746. SOKAK;sokak;766116
KIRKLARELİ;MERKEZ;KARAKAŞ;757. SOKAK;sokak;214041
KIRKLARELİ;MERKEZ;KARAKAŞ;759. SOKAK;sokak;763854
KIRKLARELİ;MERKEZ;KARAKAŞ;761. SOKAK;sokak;267552
KIRKLARELİ;MERKEZ;KARAKAŞ;762. SOKAK;sokak;763853
KIRKLARELİ;MERKEZ;KARAKAŞ;763. SOKAK;sokak;200439
KIRKLARELİ;MERKEZ;KARAKAŞ;764. SOKAK;sokak;267544
KIRKLARELİ;MERKEZ;KARAKAŞ;765. SOKAK;sokak;199863
KIRKLARELİ;MERKEZ;KARAKAŞ;766. SOKAK;sokak;766126
KIRKLARELİ;MERKEZ;KARAKAŞ;767. SOKAK;sokak;763391
KIRKLARELİ;MERKEZ;KARAKAŞ;778. SOKAK;sokak;763849
KIRKLARELİ;MERKEZ;KARAKAŞ;779. SOKAK;sokak;763851
KIRKLARELİ;MERKEZ;KARAKAŞ;780. SOKAK;sokak;763870
KIRKLARELİ;MERKEZ;KARAKAŞ;781. SOKAK;sokak;267543
KIRKLARELİ;MERKEZ;KARAKAŞ;787. SOKAK;sokak;763850
KIRKLARELİ;MERKEZ;KARAKAŞ;790. SOKAK;sokak;214047
KIRKLARELİ;MERKEZ;KARAKAŞ;791. SOKAK;sokak;467519
KIRKLARELİ;MERKEZ;KARAKAŞ;792. SOKAK;sokak;467518
KIRKLARELİ;MERKEZ;KARAKAŞ;797. SOKAK;sokak;267303
KIRKLARELİ;MERKEZ;KARAKAŞ;798. SOKAK;sokak;200449
KIRKLARELİ;MERKEZ;KARAKAŞ;8. KAVAKLI SOKAK;sokak;267301
KIRKLARELİ;MERKEZ;KARAKAŞ;8. SIRTBAĞLAR SOKAK;sokak;200447
KIRKLARELİ;MERKEZ;KARAKAŞ;800. SOKAK;sokak;200452
KIRKLARELİ;MERKEZ;KARAKAŞ;802. SOKAK;sokak;764823
KIRKLARELİ;MERKEZ;KARAKAŞ;803. SOKAK;sokak;214052
KIRKLARELİ;MERKEZ;KARAKAŞ;805. SOKAK;sokak;200453
KIRKLARELİ;MERKEZ;KARAKAŞ;806. SOKAK;sokak;763847
KIRKLARELİ;MERKEZ;KARAKAŞ;807. SOKAK;sokak;332018
KIRKLARELİ;MERKEZ;KARAKAŞ;809 SOKAK;sokak;764852
KIRKLARELİ;MERKEZ;KARAKAŞ;811. SOKAK;sokak;763839
KIRKLARELİ;MERKEZ;KARAKAŞ;812. SOKAK;sokak;763838
KIRKLARELİ;MERKEZ;KARAKAŞ;813 SOKAK;sokak;764851
KIRKLARELİ;MERKEZ;KARAKAŞ;814. SOKAK;sokak;199842
KIRKLARELİ;MERKEZ;KARAKAŞ;815. SOKAK;sokak;764854
KIRKLARELİ;MERKEZ;KARAKAŞ;816. SOKAK;sokak;267305
KIRKLARELİ;MERKEZ;KARAKAŞ;817. SOKAK;sokak;763831
KIRKLARELİ;MERKEZ;KARAKAŞ;818. SOKAK;sokak;763833
KIRKLARELİ;MERKEZ;KARAKAŞ;819. SOKAK;sokak;763832
KIRKLARELİ;MERKEZ;KARAKAŞ;820. SOKAK;sokak;214040
KIRKLARELİ;MERKEZ;KARAKAŞ;821. SOKAK;sokak;763834
KIRKLARELİ;MERKEZ;KARAKAŞ;823. SOKAK;sokak;200445
KIRKLARELİ;MERKEZ;KARAKAŞ;824. SOKAK;sokak;767159
KIRKLARELİ;MERKEZ;KARAKAŞ;825. SOKAK;sokak;764426
KIRKLARELİ;MERKEZ;KARAKAŞ;836. SOKAK;sokak;200456
KIRKLARELİ;MERKEZ;KARAKAŞ;837. SOKAK;sokak;763830
KIRKLARELİ;MERKEZ;KARAKAŞ;838. SOKAK;sokak;267299
KIRKLARELİ;MERKEZ;KARAKAŞ;839. SOKAK;sokak;763827
KIRKLARELİ;MERKEZ;KARAKAŞ;840. SOKAK;sokak;199841
KIRKLARELİ;MERKEZ;KARAKAŞ;841. SOKAK;sokak;467526
KIRKLARELİ;MERKEZ;KARAKAŞ;842. SOKAK;sokak;764850
KIRKLARELİ;MERKEZ;KARAKAŞ;843. SOKAK;sokak;267300
KIRKLARELİ;MERKEZ;KARAKAŞ;844. SOKAK;sokak;467524
KIRKLARELİ;MERKEZ;KARAKAŞ;845. SOKAK;sokak;467525
KIRKLARELİ;MERKEZ;KARAKAŞ;849. SOKAK;sokak;764827
KIRKLARELİ;MERKEZ;KARAKAŞ;850. SOKAK;sokak;200457
KIRKLARELİ;MERKEZ;KARAKAŞ;851. SOKAK;sokak;764828
KIRKLARELİ;MERKEZ;KARAKAŞ;852. SOKAK;sokak;764829
KIRKLARELİ;MERKEZ;KARAKAŞ;853. SOKAK;sokak;764841
KIRKLARELİ;MERKEZ;KARAKAŞ;854. SOKAK;sokak;467517
KIRKLARELİ;MERKEZ;KARAKAŞ;856. SOKAK;sokak;200458
KIRKLARELİ;MERKEZ;KARAKAŞ;857. SOKAK;sokak;764830
KIRKLARELİ;MERKEZ;KARAKAŞ;9. KARAHIDIR SOKAK;sokak;763836
KIRKLARELİ;MERKEZ;KARAKAŞ;9. KAVAKLI SOKAK;sokak;763846
KIRKLARELİ;MERKEZ;KARAKAŞ;9. SIRTBAĞLAR SOKAK;sokak;467490
KIRKLARELİ;MERKEZ;KARAKAŞ;ABBAS HOCA SOKAK;sokak;414955
KIRKLARELİ;MERKEZ;KARAKAŞ;ADALET SOKAK;sokak;766136
KIRKLARELİ;MERKEZ;KARAKAŞ;AKÇAHANBEY SOKAK;sokak;267553
KIRKLARELİ;MERKEZ;KARAKAŞ;AVNİ-KEMANİ NEDİM NALBANTOĞLU SOKAK;sokak;450684
KIRKLARELİ;MERKEZ;KARAKAŞ;BABAESKİ YOLU CADDE;cadde;770052
KIRKLARELİ;MERKEZ;KARAKAŞ;BAĞLAR ÇIKMAZI SOKAK;sokak;763390
KIRKLARELİ;MERKEZ;KARAKAŞ;BAHÇELİEVLER SOKAK;sokak;763392
KIRKLARELİ;MERKEZ;KARAKAŞ;BAYINDIR SOKAK;sokak;763202
KIRKLARELİ;MERKEZ;KARAKAŞ;BOSNA SANCAK SOKAK;sokak;267555
KIRKLARELİ;MERKEZ;KARAKAŞ;CAMİİ ŞEREFLİ SOKAK;sokak;766117
KIRKLARELİ;MERKEZ;KARAKAŞ;CEVİZLİ SOKAK;sokak;424838
KIRKLARELİ;MERKEZ;KARAKAŞ;CUMHURİYET CADDE;cadde;763191
KIRKLARELİ;MERKEZ;KARAKAŞ;CUMHURİYET_1 MEYDAN;sokak;766778
KIRKLARELİ;MERKEZ;KARAKAŞ;ÇOCUK HAKLARI SOKAK;sokak;763192
KIRKLARELİ;MERKEZ;KARAKAŞ;ÇUKUR SOKAK;sokak;766137
KIRKLARELİ;MERKEZ;KARAKAŞ;DEMİRHAN BEY SOKAK;sokak;415002
KIRKLARELİ;MERKEZ;KARAKAŞ;DR. SADIK AHMET SOKAK;sokak;450691
KIRKLARELİ;MERKEZ;KARAKAŞ;EDİRNE CADDE;cadde;414967
KIRKLARELİ;MERKEZ;KARAKAŞ;EMEK SOKAK;sokak;763873
KIRKLARELİ;MERKEZ;KARAKAŞ;ERDEM_1 SOKAK;sokak;450345
KIRKLARELİ;MERKEZ;KARAKAŞ;ERİKLİCE 1. SOKAK;sokak;199840
KIRKLARELİ;MERKEZ;KARAKAŞ;ERİKLİCE 2. SOKAK;sokak;764821
KIRKLARELİ;MERKEZ;KARAKAŞ;ERİKLİCE 3. SOKAK;sokak;764831
KIRKLARELİ;MERKEZ;KARAKAŞ;ERİKLİCE 4. SOKAK;sokak;267565
KIRKLARELİ;MERKEZ;KARAKAŞ;ERİKLİCE 6. SOKAK;sokak;363438
KIRKLARELİ;MERKEZ;KARAKAŞ;ERİKLİCE 7. SOKAK;sokak;415009
KIRKLARELİ;MERKEZ;KARAKAŞ;ERİKLİCE 8. SOKAK;sokak;766768
KIRKLARELİ;MERKEZ;KARAKAŞ;ESKİ KAVAKLI YOLU CADDE;cadde;416819
KIRKLARELİ;MERKEZ;KARAKAŞ;FEVZİ ÇAKMAK 2. ÇIKMAZ SOKAK;sokak;763855
KIRKLARELİ;MERKEZ;KARAKAŞ;FEVZİ ÇAKMAK BULVAR;sokak;766755
KIRKLARELİ;MERKEZ;KARAKAŞ;FEVZİ ÇAKMAK GEÇİDİ SOKAK;sokak;267550
KIRKLARELİ;MERKEZ;KARAKAŞ;FEVZİ ÇAKMAK YAN SOKAK;sokak;763190
KIRKLARELİ;MERKEZ;KARAKAŞ;GAYRET SOKAK;sokak;764401
KIRKLARELİ;MERKEZ;KARAKAŞ;GAZETECİ SELİM TİRAN SOKAK;sokak;200435
KIRKLARELİ;MERKEZ;KARAKAŞ;GAZHANE ARA SOKAK;sokak;213985
KIRKLARELİ;MERKEZ;KARAKAŞ;GAZHANE SOKAK;sokak;332005
KIRKLARELİ;MERKEZ;KARAKAŞ;GAZİ METİN KOÇ SOKAK;sokak;763388
KIRKLARELİ;MERKEZ;KARAKAŞ;GURUR SOKAK;sokak;763562
KIRKLARELİ;MERKEZ;KARAKAŞ;HAL SOKAK;sokak;267564
KIRKLARELİ;MERKEZ;KARAKAŞ;HAN ÇIKMAZ SOKAK;sokak;450688
KIRKLARELİ;MERKEZ;KARAKAŞ;HAN SOKAK;sokak;267298
KIRKLARELİ;MERKEZ;KARAKAŞ;HASANPAŞA CADDE;cadde;763189
KIRKLARELİ;MERKEZ;KARAKAŞ;IHLAMUR SOKAK;sokak;763393
KIRKLARELİ;MERKEZ;KARAKAŞ;İKBAL SOKAK;sokak;213981
KIRKLARELİ;MERKEZ;KARAKAŞ;İSTASYON CADDE;cadde;764840
KIRKLARELİ;MERKEZ;KARAKAŞ;İSTASYON GEÇİDİ SOKAK;sokak;203075
KIRKLARELİ;MERKEZ;KARAKAŞ;İSTİKLAL CADDE;cadde;763188
KIRKLARELİ;MERKEZ;KARAKAŞ;KAĞANBEY SOKAK;sokak;763824
KIRKLARELİ;MERKEZ;KARAKAŞ;KARAHIDIR CADDE;cadde;763835
KIRKLARELİ;MERKEZ;KARAKAŞ;KARAKAŞBEY ARA SOKAK;sokak;763825
KIRKLARELİ;MERKEZ;KARAKAŞ;KARAKAŞBEY SOKAK;sokak;267291
KIRKLARELİ;MERKEZ;KARAKAŞ;KARANFİL SOKAK;sokak;763848
KIRKLARELİ;MERKEZ;KARAKAŞ;KARAUMURBEY CADDE;cadde;213983
KIRKLARELİ;MERKEZ;KARAKAŞ;KAYACANBEY SOKAK;sokak;764839
KIRKLARELİ;MERKEZ;KARAKAŞ;KUŞDİLİ SOKAK;sokak;450706
KIRKLARELİ;MERKEZ;KARAKAŞ;KUYUMCULAR CADDE;cadde;764399
KIRKLARELİ;MERKEZ;KARAKAŞ;KÜLTÜR SOKAK;sokak;763564
KIRKLARELİ;MERKEZ;KARAKAŞ;LOJMAN SOKAK;sokak;203074
KIRKLARELİ;MERKEZ;KARAKAŞ;MAHMUT AĞA ÇEŞME ÇIKMAZ SOKAK;sokak;766120
KIRKLARELİ;MERKEZ;KARAKAŞ;MAHMUT AĞA ÇEŞME SOKAK;sokak;766118
KIRKLARELİ;MERKEZ;KARAKAŞ;MAHMUT ESAT BOZKURT CADDE;cadde;763394
KIRKLARELİ;MERKEZ;KARAKAŞ;MANOLYA SOKAK;sokak;200438
KIRKLARELİ;MERKEZ;KARAKAŞ;MENEKŞE SOKAK;sokak;763387
KIRKLARELİ;MERKEZ;KARAKAŞ;MEŞVERET SOKAK;sokak;766731
KIRKLARELİ;MERKEZ;KARAKAŞ;MUTLU SOKAK;sokak;199855
KIRKLARELİ;MERKEZ;KARAKAŞ;NOTER SOKAK;sokak;199860
KIRKLARELİ;MERKEZ;KARAKAŞ;NÜZHEDİYE ÇIKMAZ SOKAK;sokak;213984
KIRKLARELİ;MERKEZ;KARAKAŞ;NÜZHEDİYE GEÇİDİ SOKAK;sokak;199858
KIRKLARELİ;MERKEZ;KARAKAŞ;NÜZHEDİYE SOKAK;sokak;213979
KIRKLARELİ;MERKEZ;KARAKAŞ;ORD. PROF. MAZHAR OSMAN USMAN BULVAR;sokak;267295
KIRKLARELİ;MERKEZ;KARAKAŞ;ORTA SOKAK;sokak;267274
KIRKLARELİ;MERKEZ;KARAKAŞ;ÖZGÜRLÜK VE DEMOKRASİ MEYDAN;sokak;764405
KIRKLARELİ;MERKEZ;KARAKAŞ;ÖZTÜRK BULVAR;sokak;267559
KIRKLARELİ;MERKEZ;KARAKAŞ;ÖZTÜRK YAN SOKAK;sokak;763872
KIRKLARELİ;MERKEZ;KARAKAŞ;PALA TEKİNBEY SOKAK;sokak;763566
KIRKLARELİ;MERKEZ;KARAKAŞ;SABAHATTİN ALİ CADDE;cadde;756883331
KIRKLARELİ;MERKEZ;KARAKAŞ;SAMSABEY SOKAK;sokak;766338
KIRKLARELİ;MERKEZ;KARAKAŞ;SANAT OKULU ARKA SOKAK;sokak;766754
KIRKLARELİ;MERKEZ;KARAKAŞ;SANCAKTAR CADDE;cadde;267556
KIRKLARELİ;MERKEZ;KARAKAŞ;SELEN SOKAK;sokak;199835
KIRKLARELİ;MERKEZ;KARAKAŞ;SEYRAN SOKAK;sokak;424837
KIRKLARELİ;MERKEZ;KARAKAŞ;SIRTBAĞLAR CADDE;cadde;214043
KIRKLARELİ;MERKEZ;KARAKAŞ;SİNAN DEMİR SOKAK;sokak;764402
KIRKLARELİ;MERKEZ;KARAKAŞ;SUNGURBEY CADDE;cadde;200440
KIRKLARELİ;MERKEZ;KARAKAŞ;ŞEHİT J. KD. ÇVŞ. ALEMDAR ALBAYRAK SOKAK;sokak;213980
KIRKLARELİ;MERKEZ;KARAKAŞ;ŞEHİT J. KD. ÇVŞ. YILDIRIM AKBULUT SOKAK;sokak;332017
KIRKLARELİ;MERKEZ;KARAKAŞ;ŞEHİT KOMİSER YARDIMCISI SELİM SARIKAYA CADDE;cadde;199864
KIRKLARELİ;MERKEZ;KARAKAŞ;ŞEHİT POLİS MEMURU BÜLENT ÖZKAN SOKAK;sokak;763389
KIRKLARELİ;MERKEZ;KARAKAŞ;ŞEHİT UFUK RODOPLU SOKAK;sokak;213982
KIRKLARELİ;MERKEZ;KARAKAŞ;ŞEREF SOKAK;sokak;415003
KIRKLARELİ;MERKEZ;KARAKAŞ;ŞİFA 1. SOKAK;sokak;763395
KIRKLARELİ;MERKEZ;KARAKAŞ;ŞİFA SOKAK;sokak;199857
KIRKLARELİ;MERKEZ;KARAKAŞ;UĞUR MUMCU CADDE;cadde;442812
KIRKLARELİ;MERKEZ;KARAKAŞ;WALLDORF CADDE;cadde;214048
KIRKLARELİ;MERKEZ;KARAKAŞ;YILDIZ SOKAK;sokak;766121
KIRKLARELİ;MERKEZ;KARAKAŞ;YONCA SOKAK;sokak;203076
KIRKLARELİ;MERKEZ;KARAKAŞ;ZİNCİRLİKUYU 1. GEÇİDİ SOKAK;sokak;766123
KIRKLARELİ;MERKEZ;KARAKAŞ;ZİNCİRLİKUYU 2. GEÇİDİ SOKAK;sokak;766124
KIRKLARELİ;MERKEZ;KARAKAŞ;ZİNCİRLİKUYU CADDE;cadde;763465
KIRKLARELİ;MERKEZ;KARAKAŞ;ZİNCİRLİKUYU ÇIKMAZ SOKAK;sokak;766125
KIRKLARELİ;MERKEZ;KARAKOÇ NA;KARAKOÇ KÜME EVLER;sokak;520426
KIRKLARELİ;MERKEZ;KARINCAK NA;KARINCAK KÜME EVLER;sokak;560356
KIRKLARELİ;MERKEZ;KAVAKDERE NA;DEVEÇATAĞI KÜME EVLER;sokak;909668050
KIRKLARELİ;MERKEZ;KAVAKDERE NA;KAVAKDERE KÜME EVLER;sokak;571697
KIRKLARELİ;MERKEZ;KAVAKLI - CELALİYE;101 SOKAK;sokak;621350330
KIRKLARELİ;MERKEZ;KAVAKLI - CELALİYE;102 SOKAK;sokak;155075691
KIRKLARELİ;MERKEZ;KAVAKLI - CELALİYE;103 SOKAK;sokak;742591690
KIRKLARELİ;MERKEZ;KAVAKLI - CELALİYE;104 SOKAK;sokak;126734710
KIRKLARELİ;MERKEZ;KAVAKLI - CELALİYE;105 SOKAK;sokak;561833120
KIRKLARELİ;MERKEZ;KAVAKLI - CELALİYE;106 SOKAK;sokak;776936120
KIRKLARELİ;MERKEZ;KAVAKLI - CELALİYE;107 SOKAK;sokak;877093661
KIRKLARELİ;MERKEZ;KAVAKLI - CELALİYE;108 SOKAK;sokak;774847490
KIRKLARELİ;MERKEZ;KAVAKLI - CELALİYE;109 SOKAK;sokak;121827130
KIRKLARELİ;MERKEZ;KAVAKLI - CELALİYE;110 SOKAK;sokak;377497691
KIRKLARELİ;MERKEZ;KAVAKLI - CELALİYE;111 SOKAK;sokak;421950810
KIRKLARELİ;MERKEZ;KAVAKLI - CELALİYE;112 SOKAK;sokak;133197511
KIRKLARELİ;MERKEZ;KAVAKLI - CELALİYE;113 SOKAK;sokak;949993311
KIRKLARELİ;MERKEZ;KAVAKLI - CELALİYE;114 SOKAK;sokak;500235060
KIRKLARELİ;MERKEZ;KAVAKLI - CELALİYE;115 SOKAK;sokak;112878440
KIRKLARELİ;MERKEZ;KAVAKLI - CELALİYE;116 SOKAK;sokak;791261990
KIRKLARELİ;MERKEZ;KAVAKLI - CELALİYE;117 SOKAK;sokak;823094020
KIRKLARELİ;MERKEZ;KAVAKLI - CELALİYE;118 SOKAK;sokak;846644240
KIRKLARELİ;MERKEZ;KAVAKLI - CELALİYE;119 SOKAK;sokak;195672540
KIRKLARELİ;MERKEZ;KAVAKLI - CELALİYE;120 SOKAK;sokak;408104181
KIRKLARELİ;MERKEZ;KAVAKLI - CELALİYE;121 SOKAK;sokak;940331151
KIRKLARELİ;MERKEZ;KAVAKLI - CELALİYE;122 SOKAK;sokak;552713240
KIRKLARELİ;MERKEZ;KAVAKLI - CELALİYE;123 SOKAK;sokak;882955631
KIRKLARELİ;MERKEZ;KAVAKLI - CELALİYE;124 SOKAK;sokak;131022070
KIRKLARELİ;MERKEZ;KAVAKLI - CELALİYE;125 SOKAK;sokak;850340491
KIRKLARELİ;MERKEZ;KAVAKLI - CELALİYE;ARPALIK SOKAK;sokak;628980
KIRKLARELİ;MERKEZ;KAVAKLI - CELALİYE;ÇİMEN ÇIKMAZI SOKAK;sokak;628987
KIRKLARELİ;MERKEZ;KAVAKLI - CELALİYE;ÇİMEN SOKAK;sokak;260913
KIRKLARELİ;MERKEZ;KAVAKLI - CELALİYE;DERE SOKAK;sokak;260909
KIRKLARELİ;MERKEZ;KAVAKLI - CELALİYE;ESENTEPE CADDE;cadde;626696
KIRKLARELİ;MERKEZ;KAVAKLI - CELALİYE;GÜL SOKAK;sokak;370907
KIRKLARELİ;MERKEZ;KAVAKLI - CELALİYE;GÜVEN SOKAK;sokak;260910
KIRKLARELİ;MERKEZ;KAVAKLI - CELALİYE;HARMANLAR SOKAK;sokak;628977
KIRKLARELİ;MERKEZ;KAVAKLI - CELALİYE;HUZUR SOKAK;sokak;318733
KIRKLARELİ;MERKEZ;KAVAKLI - CELALİYE;KARANFİL SOKAK;sokak;632502
KIRKLARELİ;MERKEZ;KAVAKLI - CELALİYE;KIR SOKAK;sokak;628991
KIRKLARELİ;MERKEZ;KAVAKLI - CELALİYE;KUYULAR SOKAK;sokak;628979
KIRKLARELİ;MERKEZ;KAVAKLI - CELALİYE;LALE SOKAK;sokak;452045
KIRKLARELİ;MERKEZ;KAVAKLI - CELALİYE;NAMIK KEMAL CADDE;cadde;260911
KIRKLARELİ;MERKEZ;KAVAKLI - CELALİYE;SAHİL SOKAK;sokak;260912
KIRKLARELİ;MERKEZ;KAVAKLI - CELALİYE;ŞAHİNTEPE SOKAK;sokak;628993
KIRKLARELİ;MERKEZ;KAVAKLI - CELALİYE;TAŞKIN ÇIKMAZ SOKAK;sokak;628975
KIRKLARELİ;MERKEZ;KAVAKLI - CELALİYE;TAŞKIN SOKAK;sokak;370908
KIRKLARELİ;MERKEZ;KAVAKLI - CELALİYE;ZANBAK SOKAK;sokak;452046
KIRKLARELİ;MERKEZ;KAVAKLI - ÇARŞI;155 SOKAK;sokak;555598190
KIRKLARELİ;MERKEZ;KAVAKLI - ÇARŞI;156 SOKAK;sokak;815442490
KIRKLARELİ;MERKEZ;KAVAKLI - ÇARŞI;157 SOKAK;sokak;557531490
KIRKLARELİ;MERKEZ;KAVAKLI - ÇARŞI;158 SOKAK;sokak;459231581
KIRKLARELİ;MERKEZ;KAVAKLI - ÇARŞI;160 SOKAK;sokak;480241860
KIRKLARELİ;MERKEZ;KAVAKLI - ÇARŞI;AKASYA SOKAK;sokak;260914
KIRKLARELİ;MERKEZ;KAVAKLI - ÇARŞI;ATICILAR SOKAK;sokak;370909
KIRKLARELİ;MERKEZ;KAVAKLI - ÇARŞI;AVCILAR SOKAK;sokak;260915
KIRKLARELİ;MERKEZ;KAVAKLI - ÇARŞI;BADEM SOKAK;sokak;664380
KIRKLARELİ;MERKEZ;KAVAKLI - ÇARŞI;CAMİ SOKAK;sokak;411194
KIRKLARELİ;MERKEZ;KAVAKLI - ÇARŞI;CUMHURİYET CADDE;cadde;260916
KIRKLARELİ;MERKEZ;KAVAKLI - ÇARŞI;CUMHURİYET MEYDAN;sokak;452047
KIRKLARELİ;MERKEZ;KAVAKLI - ÇARŞI;ÇEVİK SOKAK;sokak;159975
KIRKLARELİ;MERKEZ;KAVAKLI - ÇARŞI;DEĞİRMEN SOKAK;sokak;260917
KIRKLARELİ;MERKEZ;KAVAKLI - ÇARŞI;GÜMÜŞ SOKAK;sokak;159978
KIRKLARELİ;MERKEZ;KAVAKLI - ÇARŞI;IHLAMUR SOKAK;sokak;370910
KIRKLARELİ;MERKEZ;KAVAKLI - ÇARŞI;KADİFE SOKAK;sokak;442774
KIRKLARELİ;MERKEZ;KAVAKLI - ÇARŞI;KAME SOKAK;sokak;260918
KIRKLARELİ;MERKEZ;KAVAKLI - ÇARŞI;KANARYA SOKAK;sokak;452048
KIRKLARELİ;MERKEZ;KAVAKLI - ÇARŞI;MENEKŞE ÇIKMAZI SOKAK;sokak;260920
KIRKLARELİ;MERKEZ;KAVAKLI - ÇARŞI;MENEKŞE SOKAK;sokak;260919
KIRKLARELİ;MERKEZ;KAVAKLI - ÇARŞI;NAMAZGAH CADDE;cadde;370911
KIRKLARELİ;MERKEZ;KAVAKLI - ÇARŞI;NAMIK KEMAL CADDE;cadde;942392
KIRKLARELİ;MERKEZ;KAVAKLI - ÇARŞI;NEŞE SOKAK;sokak;664382
KIRKLARELİ;MERKEZ;KAVAKLI - ÇARŞI;ÖMÜR SOKAK;sokak;411195
KIRKLARELİ;MERKEZ;KAVAKLI - ÇARŞI;PARK SOKAK;sokak;260921
KIRKLARELİ;MERKEZ;KAVAKLI - ÇARŞI;PAZAR SOKAK;sokak;411196
KIRKLARELİ;MERKEZ;KAVAKLI - ÇARŞI;PETEK CADDE;cadde;442773
KIRKLARELİ;MERKEZ;KAVAKLI - ÇARŞI;SALİH OMURTAK CADDE;cadde;260922
KIRKLARELİ;MERKEZ;KAVAKLI - ÇARŞI;SARMAŞIK SOKAK;sokak;664383
KIRKLARELİ;MERKEZ;KAVAKLI - ÇARŞI;SELVİ SOKAK;sokak;409526
KIRKLARELİ;MERKEZ;KAVAKLI - ÇARŞI;SERDAR SOKAK;sokak;260923
KIRKLARELİ;MERKEZ;KAVAKLI - ÇARŞI;SİNEMA SOKAK;sokak;452049
KIRKLARELİ;MERKEZ;KAVAKLI - ÇARŞI;SÖĞÜT SOKAK;sokak;664381
KIRKLARELİ;MERKEZ;KAVAKLI - ÇARŞI;TARÇIN SOKAK;sokak;162289
KIRKLARELİ;MERKEZ;KAVAKLI - ÇARŞI;UMUT SOKAK;sokak;409528
KIRKLARELİ;MERKEZ;KAVAKLI - TURİST;126 SOKAK;sokak;355614550
KIRKLARELİ;MERKEZ;KAVAKLI - TURİST;127 SOKAK;sokak;369262691
KIRKLARELİ;MERKEZ;KAVAKLI - TURİST;128 SOKAK;sokak;829880800
KIRKLARELİ;MERKEZ;KAVAKLI - TURİST;129 SOKAK;sokak;775293291
KIRKLARELİ;MERKEZ;KAVAKLI - TURİST;130 SOKAK;sokak;325205121
KIRKLARELİ;MERKEZ;KAVAKLI - TURİST;131 SOKAK;sokak;707512500
KIRKLARELİ;MERKEZ;KAVAKLI - TURİST;132 CADDE;cadde;696712380
KIRKLARELİ;MERKEZ;KAVAKLI - TURİST;133 SOKAK;sokak;672556460
KIRKLARELİ;MERKEZ;KAVAKLI - TURİST;134 SOKAK;sokak;331083661
KIRKLARELİ;MERKEZ;KAVAKLI - TURİST;135 SOKAK;sokak;495630751
KIRKLARELİ;MERKEZ;KAVAKLI - TURİST;136 SOKAK;sokak;844713821
KIRKLARELİ;MERKEZ;KAVAKLI - TURİST;137 SOKAK;sokak;138917340
KIRKLARELİ;MERKEZ;KAVAKLI - TURİST;138 SOKAK;sokak;627248771
KIRKLARELİ;MERKEZ;KAVAKLI - TURİST;139 SOKAK;sokak;329559240
KIRKLARELİ;MERKEZ;KAVAKLI - TURİST;140 SOKAK;sokak;529849031
KIRKLARELİ;MERKEZ;KAVAKLI - TURİST;141 CADDE;cadde;192474441
KIRKLARELİ;MERKEZ;KAVAKLI - TURİST;142 SOKAK;sokak;223559371
KIRKLARELİ;MERKEZ;KAVAKLI - TURİST;143 SOKAK;sokak;437901461
KIRKLARELİ;MERKEZ;KAVAKLI - TURİST;144 SOKAK;sokak;798452850
KIRKLARELİ;MERKEZ;KAVAKLI - TURİST;145 SOKAK;sokak;602406600
KIRKLARELİ;MERKEZ;KAVAKLI - TURİST;146 SOKAK;sokak;347190391
KIRKLARELİ;MERKEZ;KAVAKLI - TURİST;147 SOKAK;sokak;645828771
KIRKLARELİ;MERKEZ;KAVAKLI - TURİST;148 SOKAK;sokak;560798411
KIRKLARELİ;MERKEZ;KAVAKLI - TURİST;149 SOKAK;sokak;578262810
KIRKLARELİ;MERKEZ;KAVAKLI - TURİST;150 SOKAK;sokak;944815121
KIRKLARELİ;MERKEZ;KAVAKLI - TURİST;151 SOKAK;sokak;860796050
KIRKLARELİ;MERKEZ;KAVAKLI - TURİST;152 SOKAK;sokak;480584240
KIRKLARELİ;MERKEZ;KAVAKLI - TURİST;153 SOKAK;sokak;561439281
KIRKLARELİ;MERKEZ;KAVAKLI - TURİST;154 SOKAK;sokak;229885211
KIRKLARELİ;MERKEZ;KAVAKLI - TURİST;ARDIÇ SOKAK;sokak;676803
KIRKLARELİ;MERKEZ;KAVAKLI - TURİST;ARSAY FABRİKA CADDE;cadde;825677
KIRKLARELİ;MERKEZ;KAVAKLI - TURİST;ATA SOKAK;sokak;668469
KIRKLARELİ;MERKEZ;KAVAKLI - TURİST;AVCILAR SOKAK;sokak;260924
KIRKLARELİ;MERKEZ;KAVAKLI - TURİST;AY SOKAK;sokak;671476
KIRKLARELİ;MERKEZ;KAVAKLI - TURİST;BABAESKİ CADDE;cadde;934697
KIRKLARELİ;MERKEZ;KAVAKLI - TURİST;BAĞLAR CADDE;cadde;668060
KIRKLARELİ;MERKEZ;KAVAKLI - TURİST;BAHAR SOKAK;sokak;668054
KIRKLARELİ;MERKEZ;KAVAKLI - TURİST;CEMRE SOKAK;sokak;677676
KIRKLARELİ;MERKEZ;KAVAKLI - TURİST;CEYLAN SOKAK;sokak;260925
KIRKLARELİ;MERKEZ;KAVAKLI - TURİST;CUMHURİYET CADDE;cadde;452050
KIRKLARELİ;MERKEZ;KAVAKLI - TURİST;ÇİÇEK SOKAK;sokak;673497
KIRKLARELİ;MERKEZ;KAVAKLI - TURİST;ÇİĞDEM SOKAK;sokak;439372
KIRKLARELİ;MERKEZ;KAVAKLI - TURİST;DAR SOKAK;sokak;668456
KIRKLARELİ;MERKEZ;KAVAKLI - TURİST;DEMİRYOLU ALTI CADDE;cadde;821793
KIRKLARELİ;MERKEZ;KAVAKLI - TURİST;DEMİRYOLU CADDE;cadde;668853
KIRKLARELİ;MERKEZ;KAVAKLI - TURİST;DOĞAN SOKAK;sokak;673568
KIRKLARELİ;MERKEZ;KAVAKLI - TURİST;EKİN SOKAK;sokak;670670
KIRKLARELİ;MERKEZ;KAVAKLI - TURİST;EMEK SOKAK;sokak;668459
KIRKLARELİ;MERKEZ;KAVAKLI - TURİST;FİLİZ SOKAK;sokak;672888
KIRKLARELİ;MERKEZ;KAVAKLI - TURİST;GAZİ MUSTAFA KEMAL CADDE;cadde;668846
KIRKLARELİ;MERKEZ;KAVAKLI - TURİST;GELİNCİK SOKAK;sokak;673567
KIRKLARELİ;MERKEZ;KAVAKLI - TURİST;GONCA SOKAK;sokak;260927
KIRKLARELİ;MERKEZ;KAVAKLI - TURİST;GÖÇMEN KAMPI KÜME EVLER;sokak;825682
KIRKLARELİ;MERKEZ;KAVAKLI - TURİST;GÖÇMEN MİSAFİRHANESİ CADDE;cadde;822470
KIRKLARELİ;MERKEZ;KAVAKLI - TURİST;GÜNDÜZ SOKAK;sokak;668847
KIRKLARELİ;MERKEZ;KAVAKLI - TURİST;GÜNEŞ SOKAK;sokak;260928
KIRKLARELİ;MERKEZ;KAVAKLI - TURİST;IŞIK SOKAK;sokak;668468
KIRKLARELİ;MERKEZ;KAVAKLI - TURİST;İLKEM SOKAK;sokak;673493
KIRKLARELİ;MERKEZ;KAVAKLI - TURİST;İNÖNÜ CADDE;cadde;676802
KIRKLARELİ;MERKEZ;KAVAKLI - TURİST;İSTİHKAM TEPE CADDE;cadde;822468
KIRKLARELİ;MERKEZ;KAVAKLI - TURİST;İSTİKLAL CADDE;cadde;673569
KIRKLARELİ;MERKEZ;KAVAKLI - TURİST;KARDELEN SOKAK;sokak;670599
KIRKLARELİ;MERKEZ;KAVAKLI - TURİST;KAZIM KARABEKİR CADDE;cadde;672891
KIRKLARELİ;MERKEZ;KAVAKLI - TURİST;KIRKLARELİ CADDE;cadde;452051
KIRKLARELİ;MERKEZ;KAVAKLI - TURİST;KORU SOKAK;sokak;670669
KIRKLARELİ;MERKEZ;KAVAKLI - TURİST;KURTULUŞ CADDE;cadde;676804
KIRKLARELİ;MERKEZ;KAVAKLI - TURİST;MELEK SOKAK;sokak;676800
KIRKLARELİ;MERKEZ;KAVAKLI - TURİST;MENDERES CADDE;cadde;668851
KIRKLARELİ;MERKEZ;KAVAKLI - TURİST;MİLLET CADDE;cadde;668845
KIRKLARELİ;MERKEZ;KAVAKLI - TURİST;MOR SALKIM SOKAK;sokak;668462
KIRKLARELİ;MERKEZ;KAVAKLI - TURİST;NAMIK KEMAL CADDE;cadde;439369
KIRKLARELİ;MERKEZ;KAVAKLI - TURİST;NİLÜFER SOKAK;sokak;676801
KIRKLARELİ;MERKEZ;KAVAKLI - TURİST;ÖZGÜRLÜK CADDE;cadde;623209
KIRKLARELİ;MERKEZ;KAVAKLI - TURİST;PARK SOKAK;sokak;259294
KIRKLARELİ;MERKEZ;KAVAKLI - TURİST;SAADET SOKAK;sokak;668057
KIRKLARELİ;MERKEZ;KAVAKLI - TURİST;SALİH OMURTAK CADDE;cadde;259295
KIRKLARELİ;MERKEZ;KAVAKLI - TURİST;SERHAT SOKAK;sokak;670588
KIRKLARELİ;MERKEZ;KAVAKLI - TURİST;SİNEMA SOKAK;sokak;259296
KIRKLARELİ;MERKEZ;KAVAKLI - TURİST;SİTE SOKAK;sokak;439370
KIRKLARELİ;MERKEZ;KAVAKLI - TURİST;STADYUM CADDE;cadde;668848
KIRKLARELİ;MERKEZ;KAVAKLI - TURİST;ŞEHİT ERKAN PEHLİVAN SOKAK;sokak;260926
KIRKLARELİ;MERKEZ;KAVAKLI - TURİST;ŞEHİTLİK SOKAK;sokak;259300
KIRKLARELİ;MERKEZ;KAVAKLI - TURİST;ŞİRİN SOKAK;sokak;668228
KIRKLARELİ;MERKEZ;KAVAKLI - TURİST;TARIM SOKAK;sokak;259297
KIRKLARELİ;MERKEZ;KAVAKLI - TURİST;UFUK SOKAK;sokak;259298
KIRKLARELİ;MERKEZ;KAVAKLI - TURİST;YALIN SOKAK;sokak;668064
KIRKLARELİ;MERKEZ;KAVAKLI - TURİST;YAPRAK SOKAK;sokak;670671
KIRKLARELİ;MERKEZ;KAVAKLI - TURİST;YILDIRIM SOKAK;sokak;671478
KIRKLARELİ;MERKEZ;KAVAKLI - TURİST;YILDIZ SOKAK;sokak;668053
KIRKLARELİ;MERKEZ;KAVAKLI - TURİST;YONCA SOKAK;sokak;439371
KIRKLARELİ;MERKEZ;KAVAKLI - TURİST;ZAFER SOKAK;sokak;670159
KIRKLARELİ;MERKEZ;KAVAKLI - TURİST;ZÜBEYDE HANIM CADDE;cadde;259299
KIRKLARELİ;MERKEZ;KAVAKLI - YENİ OKULLAR;161 SOKAK;sokak;448826030
KIRKLARELİ;MERKEZ;KAVAKLI - YENİ OKULLAR;162 SOKAK;sokak;359967680
KIRKLARELİ;MERKEZ;KAVAKLI - YENİ OKULLAR;163 SOKAK;sokak;678369400
KIRKLARELİ;MERKEZ;KAVAKLI - YENİ OKULLAR;CUMHURİYET MEYDAN;sokak;476008791
KIRKLARELİ;MERKEZ;KAVAKLI - YENİ OKULLAR;ÇAMLIK SOKAK;sokak;259308
KIRKLARELİ;MERKEZ;KAVAKLI - YENİ OKULLAR;ÇINAR SOKAK;sokak;259309
KIRKLARELİ;MERKEZ;KAVAKLI - YENİ OKULLAR;ERGUVAN SOKAK;sokak;648622
KIRKLARELİ;MERKEZ;KAVAKLI - YENİ OKULLAR;EYLÜL SOKAK;sokak;648625
KIRKLARELİ;MERKEZ;KAVAKLI - YENİ OKULLAR;FULYA SOKAK;sokak;642056
KIRKLARELİ;MERKEZ;KAVAKLI - YENİ OKULLAR;GÜVERCİN SOKAK;sokak;645826
KIRKLARELİ;MERKEZ;KAVAKLI - YENİ OKULLAR;İĞDE SOKAK;sokak;650282
KIRKLARELİ;MERKEZ;KAVAKLI - YENİ OKULLAR;İNKILAP SOKAK;sokak;651421
KIRKLARELİ;MERKEZ;KAVAKLI - YENİ OKULLAR;KENAR SOKAK;sokak;259301
KIRKLARELİ;MERKEZ;KAVAKLI - YENİ OKULLAR;KIRKLARELİ CADDE;cadde;439373
KIRKLARELİ;MERKEZ;KAVAKLI - YENİ OKULLAR;KİRAZ SOKAK;sokak;651422
KIRKLARELİ;MERKEZ;KAVAKLI - YENİ OKULLAR;KÖPRÜLÜ SOKAK;sokak;645828
KIRKLARELİ;MERKEZ;KAVAKLI - YENİ OKULLAR;MANOLYA SOKAK;sokak;259302
KIRKLARELİ;MERKEZ;KAVAKLI - YENİ OKULLAR;NAMIK KEMAL CADDE;cadde;259303
KIRKLARELİ;MERKEZ;KAVAKLI - YENİ OKULLAR;OKULLAR SOKAK;sokak;259304
KIRKLARELİ;MERKEZ;KAVAKLI - YENİ OKULLAR;ORKİDE SOKAK;sokak;650283
KIRKLARELİ;MERKEZ;KAVAKLI - YENİ OKULLAR;ÖZGÜR SOKAK;sokak;650284
KIRKLARELİ;MERKEZ;KAVAKLI - YENİ OKULLAR;PARK SOKAK;sokak;259305
KIRKLARELİ;MERKEZ;KAVAKLI - YENİ OKULLAR;SÜMBÜL SOKAK;sokak;259306
KIRKLARELİ;MERKEZ;KAVAKLI - YENİ OKULLAR;ŞEN SOKAK;sokak;650378
KIRKLARELİ;MERKEZ;KAVAKLI - YENİ OKULLAR;TATLI PINAR SOKAK;sokak;439374
KIRKLARELİ;MERKEZ;KAVAKLI - YENİ OKULLAR;TUNÇ SOKAK;sokak;650286
KIRKLARELİ;MERKEZ;KAVAKLI - YENİ OKULLAR;ZÜBEYDE HANIM CADDE;cadde;259307
KIRKLARELİ;MERKEZ;KAYALI NA;KAYALI KÜME EVLER;sokak;598327
KIRKLARELİ;MERKEZ;KIZILCIKDERE - KIZILCIKDEREOSB;1 CADDE;cadde;822858
KIRKLARELİ;MERKEZ;KIZILCIKDERE - KIZILCIKDEREOSB;12 SOKAK;sokak;822859
KIRKLARELİ;MERKEZ;KIZILCIKDERE - KIZILCIKDEREOSB;13 SOKAK;sokak;822860
KIRKLARELİ;MERKEZ;KIZILCIKDERE - KIZILCIKDEREOSB;14 SOKAK;sokak;834894
KIRKLARELİ;MERKEZ;KIZILCIKDERE - KIZILCIKDEREOSB;15 SOKAK;sokak;825955700
KIRKLARELİ;MERKEZ;KIZILCIKDERE - KIZILCIKDEREOSB;16 SOKAK;sokak;669541730
KIRKLARELİ;MERKEZ;KIZILCIKDERE - KIZILCIKDEREOSB;17 BULVAR;sokak;815420110
KIRKLARELİ;MERKEZ;KIZILCIKDERE - KIZILCIKDEREOSB;18 CADDE;cadde;700188330
KIRKLARELİ;MERKEZ;KIZILCIKDERE - KIZILCIKDEREOSB;19 SOKAK;sokak;244785470
KIRKLARELİ;MERKEZ;KIZILCIKDERE - KIZILCIKDEREOSB;2 CADDE;cadde;822851
KIRKLARELİ;MERKEZ;KIZILCIKDERE - KIZILCIKDEREOSB;20 SOKAK;sokak;231171380
KIRKLARELİ;MERKEZ;KIZILCIKDERE - KIZILCIKDEREOSB;21 CADDE;cadde;296722430
KIRKLARELİ;MERKEZ;KIZILCIKDERE - KIZILCIKDEREOSB;3 CADDE;cadde;822852
KIRKLARELİ;MERKEZ;KIZILCIKDERE - KIZILCIKDEREOSB;4 CADDE CADDE;cadde;822853
KIRKLARELİ;MERKEZ;KIZILCIKDERE - KIZILCIKDEREOSB;5 CADDE;cadde;822854
KIRKLARELİ;MERKEZ;KIZILCIKDERE - KIZILCIKDEREOSB;6 CADDE;cadde;822997
KIRKLARELİ;MERKEZ;KIZILCIKDERE - KIZILCIKDEREOSB;7 CADDE;cadde;822999
KIRKLARELİ;MERKEZ;KIZILCIKDERE - KIZILCIKDEREOSB;8 BULVAR;sokak;823001
KIRKLARELİ;MERKEZ;KIZILCIKDERE NA;BAYRAMDERE KÜME EVLER;sokak;882627380
KIRKLARELİ;MERKEZ;KIZILCIKDERE NA;KIZILCIKDERE KÜME EVLER;sokak;541377
KIRKLARELİ;MERKEZ;KOCAHIDIR;2. ŞAHVER SOKAK;sokak;735111
KIRKLARELİ;MERKEZ;KOCAHIDIR;4. ŞAHVER SOKAK;sokak;743560
KIRKLARELİ;MERKEZ;KOCAHIDIR;496. SOKAK;sokak;208390
KIRKLARELİ;MERKEZ;KOCAHIDIR;585. SOKAK;sokak;735114
KIRKLARELİ;MERKEZ;KOCAHIDIR;609. SOKAK;sokak;745656
KIRKLARELİ;MERKEZ;KOCAHIDIR;619. SOKAK;sokak;736082
KIRKLARELİ;MERKEZ;KOCAHIDIR;624. SOKAK;sokak;735655
KIRKLARELİ;MERKEZ;KOCAHIDIR;625. SOKAK;sokak;736824
KIRKLARELİ;MERKEZ;KOCAHIDIR;AKAGÜN 2. SOKAK;sokak;735668
KIRKLARELİ;MERKEZ;KOCAHIDIR;AKAGÜN ÇIKMAZ SOKAK;sokak;738110
KIRKLARELİ;MERKEZ;KOCAHIDIR;AKAGÜN SOKAK;sokak;734901
KIRKLARELİ;MERKEZ;KOCAHIDIR;ALPTEKİN 1. SOKAK;sokak;202326
KIRKLARELİ;MERKEZ;KOCAHIDIR;ALPTEKİN 2. SOKAK;sokak;735647
KIRKLARELİ;MERKEZ;KOCAHIDIR;ALPTEKİN SOKAK;sokak;737786
KIRKLARELİ;MERKEZ;KOCAHIDIR;BALKAN CADDE;cadde;208398
KIRKLARELİ;MERKEZ;KOCAHIDIR;CAMİ_1 SOKAK;sokak;739480
KIRKLARELİ;MERKEZ;KOCAHIDIR;CUMHURİYET_1 MEYDAN;sokak;208386
KIRKLARELİ;MERKEZ;KOCAHIDIR;ÇEVRE SOKAK;sokak;735747
KIRKLARELİ;MERKEZ;KOCAHIDIR;EKİN SOKAK;sokak;738938
KIRKLARELİ;MERKEZ;KOCAHIDIR;ESKİ BUZHANE_1 SOKAK;sokak;202612
KIRKLARELİ;MERKEZ;KOCAHIDIR;ESKİ CEZAEVİ YOLU SOKAK;sokak;847419
KIRKLARELİ;MERKEZ;KOCAHIDIR;ESKİ HASTANE CADDE;cadde;198487
KIRKLARELİ;MERKEZ;KOCAHIDIR;ESKİ HASTANE GEÇİDİ SOKAK;sokak;738648
KIRKLARELİ;MERKEZ;KOCAHIDIR;ESKİ HASTANE YANI SOKAK;sokak;744696
KIRKLARELİ;MERKEZ;KOCAHIDIR;FAHRETTİN ALTAY CADDE;cadde;821099
KIRKLARELİ;MERKEZ;KOCAHIDIR;FERAH SOKAK;sokak;199968
KIRKLARELİ;MERKEZ;KOCAHIDIR;FİLİBE CADDE;cadde;735102
KIRKLARELİ;MERKEZ;KOCAHIDIR;GAZİ METİN SÖNMEZ SOKAK;sokak;740506
KIRKLARELİ;MERKEZ;KOCAHIDIR;GÜNEŞ SOKAK;sokak;738200
KIRKLARELİ;MERKEZ;KOCAHIDIR;HARAP FIRIN SOKAK;sokak;203359
KIRKLARELİ;MERKEZ;KOCAHIDIR;HİDAYET SOKAK;sokak;740787
KIRKLARELİ;MERKEZ;KOCAHIDIR;HİDAYET YAN SOKAK;sokak;202636
KIRKLARELİ;MERKEZ;KOCAHIDIR;IŞIKLAR CADDE;cadde;738643
KIRKLARELİ;MERKEZ;KOCAHIDIR;IŞIKLAR2 CADDE;cadde;213793830
KIRKLARELİ;MERKEZ;KOCAHIDIR;KARAKOL SOKAK;sokak;736830
KIRKLARELİ;MERKEZ;KOCAHIDIR;KAYALIK ÇEŞME DAR SOKAK;sokak;737354
KIRKLARELİ;MERKEZ;KOCAHIDIR;KAYALIK DAR SOKAK;sokak;745663
KIRKLARELİ;MERKEZ;KOCAHIDIR;KIRKLAR GEÇİDİ SOKAK;sokak;734765
KIRKLARELİ;MERKEZ;KOCAHIDIR;KIRKLAR SOKAK;sokak;203350
KIRKLARELİ;MERKEZ;KOCAHIDIR;KULE CAMİİ SOKAK;sokak;202324
KIRKLARELİ;MERKEZ;KOCAHIDIR;KURTULUŞ CADDE;cadde;738109
KIRKLARELİ;MERKEZ;KOCAHIDIR;KÜME EVLER 1 KÜME EVLER;sokak;736609
KIRKLARELİ;MERKEZ;KOCAHIDIR;MURAT 1. SOKAK;sokak;202327
KIRKLARELİ;MERKEZ;KOCAHIDIR;MURAT SOKAK;sokak;738201
KIRKLARELİ;MERKEZ;KOCAHIDIR;MUSTAFA KEMAL BULVAR;sokak;735117
KIRKLARELİ;MERKEZ;KOCAHIDIR;MÜDERRİS SOKAK;sokak;42196
KIRKLARELİ;MERKEZ;KOCAHIDIR;NERGİZ SOKAK;sokak;198537
KIRKLARELİ;MERKEZ;KOCAHIDIR;PAŞA ÇEŞME ANA SOKAK;sokak;208098
KIRKLARELİ;MERKEZ;KOCAHIDIR;PAŞA ÇEŞME ARA SOKAK;sokak;733138
KIRKLARELİ;MERKEZ;KOCAHIDIR;PAŞA ÇEŞME CADDE;cadde;270351
KIRKLARELİ;MERKEZ;KOCAHIDIR;PAŞA ÇEŞME GEÇİDİ SOKAK;sokak;42285
KIRKLARELİ;MERKEZ;KOCAHIDIR;PAŞA ÇEŞME YAN 1. ÇIKMAZ SOKAK;sokak;203388
KIRKLARELİ;MERKEZ;KOCAHIDIR;PAŞA ÇEŞME YAN 2. ÇIKMAZ SOKAK;sokak;257097
KIRKLARELİ;MERKEZ;KOCAHIDIR;PAŞA ÇEŞME YAN SOKAK;sokak;198476
KIRKLARELİ;MERKEZ;KOCAHIDIR;PINARHİSAR YOLU CADDE;cadde;817423
KIRKLARELİ;MERKEZ;KOCAHIDIR;SALTUKBEY GEÇİDİ SOKAK;sokak;203273
KIRKLARELİ;MERKEZ;KOCAHIDIR;SALTUKBEY SOKAK;sokak;200108
KIRKLARELİ;MERKEZ;KOCAHIDIR;SELAMET SOKAK;sokak;741223
KIRKLARELİ;MERKEZ;KOCAHIDIR;SELANİK 1. SOKAK;sokak;744700
KIRKLARELİ;MERKEZ;KOCAHIDIR;SELANİK_1 CADDE;cadde;198316
KIRKLARELİ;MERKEZ;KOCAHIDIR;ŞAHVER 1. SOKAK;sokak;745546
KIRKLARELİ;MERKEZ;KOCAHIDIR;ŞAHVER 2. SOKAK;sokak;745661
KIRKLARELİ;MERKEZ;KOCAHIDIR;ŞAHVER SOKAK;sokak;736086
KIRKLARELİ;MERKEZ;KOCAHIDIR;ŞEHİT P.ONB. TUNCAY GÜDÜCÜ SOKAK;sokak;198428
KIRKLARELİ;MERKEZ;KOCAHIDIR;ŞEYTANDERE MEVKİ KÜME EVLER;sokak;819804
KIRKLARELİ;MERKEZ;KOCAHIDIR;TABYA SOKAK;sokak;734894
KIRKLARELİ;MERKEZ;KOCAHIDIR;TAŞ KALDIRIM SOKAK;sokak;202729
KIRKLARELİ;MERKEZ;KOCAHIDIR;ÜSKÜP 1. SOKAK;sokak;202619
KIRKLARELİ;MERKEZ;KOCAHIDIR;ÜSKÜP GEÇİDİ SOKAK;sokak;746814
KIRKLARELİ;MERKEZ;KOCAHIDIR;ÜSKÜP SOKAK;sokak;202639
KIRKLARELİ;MERKEZ;KOCAHIDIR;YANIKKIŞLA CADDE;cadde;42200
KIRKLARELİ;MERKEZ;KOCAHIDIR NA;KOCAHIDIR KÜME EVLER;sokak;326997
KIRKLARELİ;MERKEZ;KORUKÖY NA;KORUKÖY KÜME EVLER;sokak;575128
KIRKLARELİ;MERKEZ;KOYUNBABA NA;KOYUNBABA KÜME EVLER;sokak;546559
KIRKLARELİ;MERKEZ;KULA NA;KULA KÜME EVLER;sokak;515857
KIRKLARELİ;MERKEZ;KUZULU NA;KORUKÖY KÜME EVLER;sokak;353731331
KIRKLARELİ;MERKEZ;KUZULU NA;KUZULU KÜME EVLER;sokak;549010
KIRKLARELİ;MERKEZ;PAŞAYERİ NA;PAŞAYERİ KÜME EVLER;sokak;552797
KIRKLARELİ;MERKEZ;PINAR;1. VAHİT LÜTFİ SALCI SOKAK;sokak;196567
KIRKLARELİ;MERKEZ;PINAR;1. YEŞİLPINAR SOKAK;sokak;757190
KIRKLARELİ;MERKEZ;PINAR;10. VAHİT LÜTFİ SALCI SOKAK;sokak;196774
KIRKLARELİ;MERKEZ;PINAR;11. VAHİT LÜTFİ SALCI SOKAK;sokak;429772
KIRKLARELİ;MERKEZ;PINAR;1185. SOKAK;sokak;742562
KIRKLARELİ;MERKEZ;PINAR;1186. SOKAK;sokak;426325
KIRKLARELİ;MERKEZ;PINAR;1187. SOKAK;sokak;196844
KIRKLARELİ;MERKEZ;PINAR;1189. SOKAK;sokak;359097
KIRKLARELİ;MERKEZ;PINAR;1192. SOKAK;sokak;185564
KIRKLARELİ;MERKEZ;PINAR;1193. SOKAK;sokak;743056
KIRKLARELİ;MERKEZ;PINAR;1195. SOKAK;sokak;417834
KIRKLARELİ;MERKEZ;PINAR;1196. SOKAK;sokak;260512
KIRKLARELİ;MERKEZ;PINAR;1197. SOKAK;sokak;196764
KIRKLARELİ;MERKEZ;PINAR;1198. SOKAK;sokak;196034
KIRKLARELİ;MERKEZ;PINAR;1199. SOKAK;sokak;743262
KIRKLARELİ;MERKEZ;PINAR;1200. SOKAK;sokak;743263
KIRKLARELİ;MERKEZ;PINAR;1201. SOKAK;sokak;196838
KIRKLARELİ;MERKEZ;PINAR;1207. SOKAK;sokak;437412
KIRKLARELİ;MERKEZ;PINAR;1208. SOKAK;sokak;451716
KIRKLARELİ;MERKEZ;PINAR;1209. SOKAK;sokak;451724
KIRKLARELİ;MERKEZ;PINAR;1210. SOKAK;sokak;23930
KIRKLARELİ;MERKEZ;PINAR;1211. SOKAK;sokak;744116
KIRKLARELİ;MERKEZ;PINAR;1213. SOKAK;sokak;260490
KIRKLARELİ;MERKEZ;PINAR;1219. SOKAK;sokak;752994
KIRKLARELİ;MERKEZ;PINAR;1221. SOKAK;sokak;747303
KIRKLARELİ;MERKEZ;PINAR;1222. SOKAK;sokak;744119
KIRKLARELİ;MERKEZ;PINAR;1229. SOKAK;sokak;431992
KIRKLARELİ;MERKEZ;PINAR;1233. SOKAK;sokak;197103
KIRKLARELİ;MERKEZ;PINAR;1234. SOKAK;sokak;452036
KIRKLARELİ;MERKEZ;PINAR;1235. SOKAK;sokak;185183
KIRKLARELİ;MERKEZ;PINAR;1236. SOKAK;sokak;211960
KIRKLARELİ;MERKEZ;PINAR;1237. SOKAK;sokak;755917
KIRKLARELİ;MERKEZ;PINAR;1238. SOKAK;sokak;744115
KIRKLARELİ;MERKEZ;PINAR;1241. SOKAK;sokak;744118
KIRKLARELİ;MERKEZ;PINAR;1245. SOKAK;sokak;452032
KIRKLARELİ;MERKEZ;PINAR;1246. SOKAK;sokak;1405095
KIRKLARELİ;MERKEZ;PINAR;1247. SOKAK;sokak;196826
KIRKLARELİ;MERKEZ;PINAR;1248. SOKAK;sokak;743052
KIRKLARELİ;MERKEZ;PINAR;1250. SOKAK;sokak;437413
KIRKLARELİ;MERKEZ;PINAR;1251. SOKAK;sokak;437415
KIRKLARELİ;MERKEZ;PINAR;1252. SOKAK;sokak;212974
KIRKLARELİ;MERKEZ;PINAR;1253. SOKAK;sokak;212300
KIRKLARELİ;MERKEZ;PINAR;1254. SOKAK;sokak;212302
KIRKLARELİ;MERKEZ;PINAR;1258. SOKAK;sokak;452035
KIRKLARELİ;MERKEZ;PINAR;1260. SOKAK;sokak;750767
KIRKLARELİ;MERKEZ;PINAR;1261. SOKAK;sokak;196809
KIRKLARELİ;MERKEZ;PINAR;1263. SOKAK;sokak;196899
KIRKLARELİ;MERKEZ;PINAR;1265. SOKAK;sokak;82883
KIRKLARELİ;MERKEZ;PINAR;1266. SOKAK;sokak;753041
KIRKLARELİ;MERKEZ;PINAR;1268. SOKAK;sokak;197122
KIRKLARELİ;MERKEZ;PINAR;1269. SOKAK;sokak;753043
KIRKLARELİ;MERKEZ;PINAR;1272. SOKAK;sokak;752716
KIRKLARELİ;MERKEZ;PINAR;1274. SOKAK;sokak;196563
KIRKLARELİ;MERKEZ;PINAR;1279. SOKAK;sokak;190910
KIRKLARELİ;MERKEZ;PINAR;1280. SOKAK;sokak;429774
KIRKLARELİ;MERKEZ;PINAR;1281. SOKAK;sokak;747301
KIRKLARELİ;MERKEZ;PINAR;1288. SOKAK;sokak;743059
KIRKLARELİ;MERKEZ;PINAR;1289. SOKAK;sokak;753242
KIRKLARELİ;MERKEZ;PINAR;1290. SOKAK;sokak;23931
KIRKLARELİ;MERKEZ;PINAR;1292. SOKAK;sokak;23932
KIRKLARELİ;MERKEZ;PINAR;1293. SOKAK;sokak;196560
KIRKLARELİ;MERKEZ;PINAR;1295. SOKAK;sokak;196558
KIRKLARELİ;MERKEZ;PINAR;1296. SOKAK;sokak;743060
KIRKLARELİ;MERKEZ;PINAR;1298. SOKAK;sokak;347041
KIRKLARELİ;MERKEZ;PINAR;1299. SOKAK;sokak;326184
KIRKLARELİ;MERKEZ;PINAR;13. VAHİT LÜTFİ SALCI SOKAK;sokak;753243
KIRKLARELİ;MERKEZ;PINAR;1302. SOKAK;sokak;753244
KIRKLARELİ;MERKEZ;PINAR;1306. SOKAK;sokak;222656
KIRKLARELİ;MERKEZ;PINAR;1307. SOKAK;sokak;196811
KIRKLARELİ;MERKEZ;PINAR;1308. SOKAK;sokak;744120
KIRKLARELİ;MERKEZ;PINAR;1309. SOKAK;sokak;197091
KIRKLARELİ;MERKEZ;PINAR;1312. SOKAK;sokak;743058
KIRKLARELİ;MERKEZ;PINAR;1313. SOKAK;sokak;746296
KIRKLARELİ;MERKEZ;PINAR;1317. SOKAK;sokak;222657
KIRKLARELİ;MERKEZ;PINAR;1318. SOKAK;sokak;753049
KIRKLARELİ;MERKEZ;PINAR;1319. SOKAK;sokak;753051
KIRKLARELİ;MERKEZ;PINAR;1323. SOKAK;sokak;751748
KIRKLARELİ;MERKEZ;PINAR;1325. SOKAK;sokak;751749
KIRKLARELİ;MERKEZ;PINAR;1327. SOKAK;sokak;750761
KIRKLARELİ;MERKEZ;PINAR;1329. SOKAK;sokak;196900
KIRKLARELİ;MERKEZ;PINAR;1330. SOKAK;sokak;260515
KIRKLARELİ;MERKEZ;PINAR;1331. SOKAK;sokak;23933
KIRKLARELİ;MERKEZ;PINAR;1334. SOKAK;sokak;196760
KIRKLARELİ;MERKEZ;PINAR;1335. SOKAK;sokak;213531
KIRKLARELİ;MERKEZ;PINAR;1336. SOKAK;sokak;742519
KIRKLARELİ;MERKEZ;PINAR;1337. SOKAK;sokak;212242
KIRKLARELİ;MERKEZ;PINAR;1338. SOKAK;sokak;260513
KIRKLARELİ;MERKEZ;PINAR;1341. SOKAK;sokak;185166
KIRKLARELİ;MERKEZ;PINAR;1342. SOKAK;sokak;760491
KIRKLARELİ;MERKEZ;PINAR;1343. SOKAK;sokak;751768
KIRKLARELİ;MERKEZ;PINAR;1344. SOKAK;sokak;196901
KIRKLARELİ;MERKEZ;PINAR;1347. SOKAK;sokak;451715
KIRKLARELİ;MERKEZ;PINAR;1348. SOKAK;sokak;743061
KIRKLARELİ;MERKEZ;PINAR;1349. SOKAK;sokak;24688
KIRKLARELİ;MERKEZ;PINAR;1350. SOKAK;sokak;213533
KIRKLARELİ;MERKEZ;PINAR;1360. SOKAK;sokak;42039
KIRKLARELİ;MERKEZ;PINAR;1365. SOKAK;sokak;127747
KIRKLARELİ;MERKEZ;PINAR;1366. SOKAK;sokak;751769
KIRKLARELİ;MERKEZ;PINAR;2. GÜLER SOKAK;sokak;753057
KIRKLARELİ;MERKEZ;PINAR;2. KADASTRO YOLU SOKAK;sokak;752730
KIRKLARELİ;MERKEZ;PINAR;2. VAHİT LÜTFİ SALCI SOKAK;sokak;429775
KIRKLARELİ;MERKEZ;PINAR;2. YEŞİLPINAR SOKAK;sokak;743050
KIRKLARELİ;MERKEZ;PINAR;3. VAHİT LÜTFİ SALCI SOKAK;sokak;437410
KIRKLARELİ;MERKEZ;PINAR;3. YEŞİLPINAR SOKAK;sokak;22183
KIRKLARELİ;MERKEZ;PINAR;4 .VAHİT LÜTFİ SALCI SOKAK;sokak;429773
KIRKLARELİ;MERKEZ;PINAR;5. VAHİT LÜTFİ SALCI SOKAK;sokak;211982
KIRKLARELİ;MERKEZ;PINAR;7. VAHİT LÜTFİ SALCI SOKAK;sokak;197125
KIRKLARELİ;MERKEZ;PINAR;8. VAHİT LÜTFİ SALCI SOKAK;sokak;755695
KIRKLARELİ;MERKEZ;PINAR;9. VAHİT LÜTFİ SALCI SOKAK;sokak;196565
KIRKLARELİ;MERKEZ;PINAR;ASIL BEYLİ KÖYÜ YOLU KÜME EVLER;sokak;824481
KIRKLARELİ;MERKEZ;PINAR;ASILBEYLİ KÜME EVLER;sokak;62448345
KIRKLARELİ;MERKEZ;PINAR;ASİLBEYLİ KÖY YOLU SOKAK;sokak;823014
KIRKLARELİ;MERKEZ;PINAR;ATATÜRK ORMAN ARAŞTIRMA KÜME EVLER;sokak;431662
KIRKLARELİ;MERKEZ;PINAR;AY SOKAK;sokak;760282
KIRKLARELİ;MERKEZ;PINAR;BABAESKİ YOLU CADDE;cadde;728993
KIRKLARELİ;MERKEZ;PINAR;BAHRİYE ÜÇOK CADDE;cadde;748473
KIRKLARELİ;MERKEZ;PINAR;BAHRİYE ÜÇOK_1 SOKAK;sokak;426309
KIRKLARELİ;MERKEZ;PINAR;BARIŞ SOKAK;sokak;751772
KIRKLARELİ;MERKEZ;PINAR;BEYHAN SOKAK;sokak;190911
KIRKLARELİ;MERKEZ;PINAR;BİRZATUP BEY SOKAK;sokak;423595
KIRKLARELİ;MERKEZ;PINAR;BURAK SOKAK;sokak;742408
KIRKLARELİ;MERKEZ;PINAR;CAMİ- SOKAK;sokak;212210
KIRKLARELİ;MERKEZ;PINAR;CEYLAN SOKAK;sokak;42405
KIRKLARELİ;MERKEZ;PINAR;ÇAVUŞ DEMİRALİ SOKAK;sokak;756748
KIRKLARELİ;MERKEZ;PINAR;DELİORMAN CADDE;cadde;426328
KIRKLARELİ;MERKEZ;PINAR;DENİZ 1. SOKAK;sokak;745849
KIRKLARELİ;MERKEZ;PINAR;DENİZ 2. SOKAK;sokak;765453
KIRKLARELİ;MERKEZ;PINAR;DENİZ 3. SOKAK;sokak;753259
KIRKLARELİ;MERKEZ;PINAR;DENİZ SOKAK;sokak;127746
KIRKLARELİ;MERKEZ;PINAR;DOĞUŞ SOKAK;sokak;751747
KIRKLARELİ;MERKEZ;PINAR;EBRU SOKAK;sokak;753168
KIRKLARELİ;MERKEZ;PINAR;ERDEM SOKAK;sokak;753169
KIRKLARELİ;MERKEZ;PINAR;ERGUVAN_1 SOKAK;sokak;429237
KIRKLARELİ;MERKEZ;PINAR;ESKİ LEFECİ YOLU KÜME EVLER;sokak;826071
KIRKLARELİ;MERKEZ;PINAR;GİRAY SOKAK;sokak;212209
KIRKLARELİ;MERKEZ;PINAR;GÖKSEL SOKAK;sokak;429782
KIRKLARELİ;MERKEZ;PINAR;GÜLER 1. SOKAK;sokak;326189
KIRKLARELİ;MERKEZ;PINAR;GÜLER SOKAK;sokak;748382
KIRKLARELİ;MERKEZ;PINAR;GÜNER SOKAK;sokak;750445
KIRKLARELİ;MERKEZ;PINAR;GÜNEŞ_1 SOKAK;sokak;753258
KIRKLARELİ;MERKEZ;PINAR;GÜNEY SOKAK;sokak;394918
KIRKLARELİ;MERKEZ;PINAR;GÜVEN 1. SOKAK;sokak;752715
KIRKLARELİ;MERKEZ;PINAR;GÜVEN 2. SOKAK;sokak;753056
KIRKLARELİ;MERKEZ;PINAR;GÜVEN SOKAK;sokak;212208
KIRKLARELİ;MERKEZ;PINAR;HABİBBEY SOKAK;sokak;753257
KIRKLARELİ;MERKEZ;PINAR;HALİL TEKİNBEY SOKAK;sokak;196831
KIRKLARELİ;MERKEZ;PINAR;HAYDARDERE CADDE;cadde;743261
KIRKLARELİ;MERKEZ;PINAR;İLHAN BEY SOKAK;sokak;420365
KIRKLARELİ;MERKEZ;PINAR;İLHAN SOKAK;sokak;751746
KIRKLARELİ;MERKEZ;PINAR;KADASTRO YOLU SOKAK;sokak;752732
KIRKLARELİ;MERKEZ;PINAR;KANLI GEÇİT MEVKİİ KÜME EVLER;sokak;824511
KIRKLARELİ;MERKEZ;PINAR;KARACA SOKAK;sokak;420335
KIRKLARELİ;MERKEZ;PINAR;KAYA 2. SOKAK;sokak;222660
KIRKLARELİ;MERKEZ;PINAR;KAYA SOKAK;sokak;751079
KIRKLARELİ;MERKEZ;PINAR;KILIÇARSLAN SOKAK;sokak;260514
KIRKLARELİ;MERKEZ;PINAR;KIZILCIKDERE KÜME EVLER;sokak;63888051
KIRKLARELİ;MERKEZ;PINAR;MAHYA BABA CADDE;cadde;758904
KIRKLARELİ;MERKEZ;PINAR;MAKSUT SOKAK;sokak;742517
KIRKLARELİ;MERKEZ;PINAR;MİRZA ALPBEY SOKAK;sokak;24689
KIRKLARELİ;MERKEZ;PINAR;MİRZABEY SOKAK;sokak;743062
KIRKLARELİ;MERKEZ;PINAR;MUAMMER AKSOY. SOKAK;sokak;423603
KIRKLARELİ;MERKEZ;PINAR;ÖZGÜR SOKAK;sokak;426313
KIRKLARELİ;MERKEZ;PINAR;PARK SOKAK;sokak;161168
KIRKLARELİ;MERKEZ;PINAR;PAZARCIK SOKAK;sokak;222659
KIRKLARELİ;MERKEZ;PINAR;PINAR 1. SOKAK;sokak;860559
KIRKLARELİ;MERKEZ;PINAR;PINAR 2. SOKAK;sokak;732276
KIRKLARELİ;MERKEZ;PINAR;PINARHİSAR YOLU CADDE;cadde;818762
KIRKLARELİ;MERKEZ;PINAR;RAUF DENKTAŞ BULVAR;sokak;451725
KIRKLARELİ;MERKEZ;PINAR;SEDEF SOKAK;sokak;212264
KIRKLARELİ;MERKEZ;PINAR;SELANİK 1. GEÇİDİ SOKAK;sokak;419663
KIRKLARELİ;MERKEZ;PINAR;SELANİK 2. GEÇİDİ SOKAK;sokak;751096
KIRKLARELİ;MERKEZ;PINAR;SELANİK CADDE;cadde;185571
KIRKLARELİ;MERKEZ;PINAR;SİMAY SOKAK;sokak;196888
KIRKLARELİ;MERKEZ;PINAR;ŞEHİT DNZ. KD. ÇVŞ. SONER GÜVENÇ SOKAK;sokak;196819
KIRKLARELİ;MERKEZ;PINAR;ŞEN SOKAK;sokak;196776
KIRKLARELİ;MERKEZ;PINAR;ŞEYTANDERE MEKİİ KÜME EVLER;sokak;826070
KIRKLARELİ;MERKEZ;PINAR;TEK SOKAK;sokak;691378910
KIRKLARELİ;MERKEZ;PINAR;TEKÇEBEY SOKAK;sokak;753053
KIRKLARELİ;MERKEZ;PINAR;UMUT SOKAK;sokak;741750
KIRKLARELİ;MERKEZ;PINAR;ÜLKER SOKAK;sokak;752189
KIRKLARELİ;MERKEZ;PINAR;ÜLKÜ SOKAK;sokak;745449
KIRKLARELİ;MERKEZ;PINAR;ÜMİT SOKAK;sokak;127818
KIRKLARELİ;MERKEZ;PINAR;VAHİT LÜTFİ SALCI CADDE;cadde;189964
KIRKLARELİ;MERKEZ;PINAR;VATAN 1. ÇIKMAZ SOKAK;sokak;422998
KIRKLARELİ;MERKEZ;PINAR;VATAN 1. SOKAK;sokak;450342
KIRKLARELİ;MERKEZ;PINAR;VATAN 2. SOKAK;sokak;746728
KIRKLARELİ;MERKEZ;PINAR;VATAN 3. SOKAK;sokak;750447
KIRKLARELİ;MERKEZ;PINAR;VATAN 4. SOKAK;sokak;326174
KIRKLARELİ;MERKEZ;PINAR;VATAN 5. SOKAK;sokak;754880
KIRKLARELİ;MERKEZ;PINAR;VATAN 6. SOKAK;sokak;185565
KIRKLARELİ;MERKEZ;PINAR;VATAN 7. SOKAK;sokak;751107
KIRKLARELİ;MERKEZ;PINAR;VATAN CADDE;cadde;212972
KIRKLARELİ;MERKEZ;PINAR;ZAGRA SOKAK;sokak;429780
KIRKLARELİ;MERKEZ;ŞÜKRÜPAŞA NA;ŞÜKRÜPAŞA KÜME EVLER;sokak;569217
KIRKLARELİ;MERKEZ;ÜRÜNLÜ NA;ÜRÜNLÜ KÜME EVLER;sokak;549573
KIRKLARELİ;MERKEZ;ÜSKÜP - CEVAT PAŞA;1.PARK GEÇİDİ SOKAK;sokak;682458
KIRKLARELİ;MERKEZ;ÜSKÜP - CEVAT PAŞA;2. PARK GEÇİDİ SOKAK;sokak;682324
KIRKLARELİ;MERKEZ;ÜSKÜP - CEVAT PAŞA;301. SOKAK;sokak;432417850
KIRKLARELİ;MERKEZ;ÜSKÜP - CEVAT PAŞA;302. SOKAK;sokak;361873830
KIRKLARELİ;MERKEZ;ÜSKÜP - CEVAT PAŞA;303. SOKAK;sokak;181867750
KIRKLARELİ;MERKEZ;ÜSKÜP - CEVAT PAŞA;304. SOKAK;sokak;194628520
KIRKLARELİ;MERKEZ;ÜSKÜP - CEVAT PAŞA;305. SOKAK;sokak;496154610
KIRKLARELİ;MERKEZ;ÜSKÜP - CEVAT PAŞA;AKASYA SOKAK;sokak;260647
KIRKLARELİ;MERKEZ;ÜSKÜP - CEVAT PAŞA;ARPA SOKAK;sokak;748791310
KIRKLARELİ;MERKEZ;ÜSKÜP - CEVAT PAŞA;ATMACA SOKAK;sokak;461096580
KIRKLARELİ;MERKEZ;ÜSKÜP - CEVAT PAŞA;BAYIR SOKAK;sokak;795443750
KIRKLARELİ;MERKEZ;ÜSKÜP - CEVAT PAŞA;BELEDİYE CADDE;cadde;259319
KIRKLARELİ;MERKEZ;ÜSKÜP - CEVAT PAŞA;BULUT SOKAK;sokak;293099450
KIRKLARELİ;MERKEZ;ÜSKÜP - CEVAT PAŞA;BURAK SOKAK;sokak;796283760
KIRKLARELİ;MERKEZ;ÜSKÜP - CEVAT PAŞA;BÜLBÜL SOKAK;sokak;680967
KIRKLARELİ;MERKEZ;ÜSKÜP - CEVAT PAŞA;CEYLAN SOKAK;sokak;690480310
KIRKLARELİ;MERKEZ;ÜSKÜP - CEVAT PAŞA;ÇEMBERLİ KUYU SOKAK;sokak;260642
KIRKLARELİ;MERKEZ;ÜSKÜP - CEVAT PAŞA;ÇEMBERLİ KUYU YOKUŞU SOKAK;sokak;260643
KIRKLARELİ;MERKEZ;ÜSKÜP - CEVAT PAŞA;ÇEŞME DAR SOKAK;sokak;439386
KIRKLARELİ;MERKEZ;ÜSKÜP - CEVAT PAŞA;ÇEŞME KISA SOKAK;sokak;682327
KIRKLARELİ;MERKEZ;ÜSKÜP - CEVAT PAŞA;ÇEŞME SOKAK;sokak;260644
KIRKLARELİ;MERKEZ;ÜSKÜP - CEVAT PAŞA;ÇEVRE SOKAK;sokak;472852000
KIRKLARELİ;MERKEZ;ÜSKÜP - CEVAT PAŞA;ÇINAR SOKAK;sokak;260645
KIRKLARELİ;MERKEZ;ÜSKÜP - CEVAT PAŞA;ÇIRÇIR SOKAK;sokak;260646
KIRKLARELİ;MERKEZ;ÜSKÜP - CEVAT PAŞA;DEMİRCİ SOKAK;sokak;591968080
KIRKLARELİ;MERKEZ;ÜSKÜP - CEVAT PAŞA;DENİZ SOKAK;sokak;545003840
KIRKLARELİ;MERKEZ;ÜSKÜP - CEVAT PAŞA;DOĞU SOKAK;sokak;257976710
KIRKLARELİ;MERKEZ;ÜSKÜP - CEVAT PAŞA;FERAH SOKAK;sokak;906692840
KIRKLARELİ;MERKEZ;ÜSKÜP - CEVAT PAŞA;GAYRET SOKAK;sokak;153103450
KIRKLARELİ;MERKEZ;ÜSKÜP - CEVAT PAŞA;GURUR SOKAK;sokak;482536290
KIRKLARELİ;MERKEZ;ÜSKÜP - CEVAT PAŞA;GÜL SOKAK;sokak;252497640
KIRKLARELİ;MERKEZ;ÜSKÜP - CEVAT PAŞA;GÜNEY SOKAK;sokak;891593880
KIRKLARELİ;MERKEZ;ÜSKÜP - CEVAT PAŞA;HÜKÜMET ARKA SOKAK;sokak;259320
KIRKLARELİ;MERKEZ;ÜSKÜP - CEVAT PAŞA;HÜKÜMET CADDE;cadde;439378
KIRKLARELİ;MERKEZ;ÜSKÜP - CEVAT PAŞA;IHLAMUR SOKAK;sokak;259321
KIRKLARELİ;MERKEZ;ÜSKÜP - CEVAT PAŞA;İKBAL SOKAK;sokak;487655640
KIRKLARELİ;MERKEZ;ÜSKÜP - CEVAT PAŞA;İPEKÇİ SOKAK;sokak;500743840
KIRKLARELİ;MERKEZ;ÜSKÜP - CEVAT PAŞA;KADER SOKAK;sokak;899323210
KIRKLARELİ;MERKEZ;ÜSKÜP - CEVAT PAŞA;KARANFİL SOKAK;sokak;259322
KIRKLARELİ;MERKEZ;ÜSKÜP - CEVAT PAŞA;KARTAL SOKAK;sokak;439379
KIRKLARELİ;MERKEZ;ÜSKÜP - CEVAT PAŞA;KAVAKLI SOKAK;sokak;869578590
KIRKLARELİ;MERKEZ;ÜSKÜP - CEVAT PAŞA;KAYALIK SOKAK;sokak;259323
KIRKLARELİ;MERKEZ;ÜSKÜP - CEVAT PAŞA;KISA GEÇİT SOKAK;sokak;259324
KIRKLARELİ;MERKEZ;ÜSKÜP - CEVAT PAŞA;KURUDERE YOLU CADDE;cadde;439380
KIRKLARELİ;MERKEZ;ÜSKÜP - CEVAT PAŞA;KUYULU GEÇİT SOKAK;sokak;259325
KIRKLARELİ;MERKEZ;ÜSKÜP - CEVAT PAŞA;KUZEY CADDE;cadde;259326
KIRKLARELİ;MERKEZ;ÜSKÜP - CEVAT PAŞA;MANOLYA SOKAK;sokak;355181410
KIRKLARELİ;MERKEZ;ÜSKÜP - CEVAT PAŞA;MEHMET KÖK SOKAK;sokak;259327
KIRKLARELİ;MERKEZ;ÜSKÜP - CEVAT PAŞA;MEZARLIK 1.GEÇİDİ SOKAK;sokak;259328
KIRKLARELİ;MERKEZ;ÜSKÜP - CEVAT PAŞA;MEZARLIK SOKAK;sokak;439381
KIRKLARELİ;MERKEZ;ÜSKÜP - CEVAT PAŞA;NADİDE SOKAK;sokak;239775980
KIRKLARELİ;MERKEZ;ÜSKÜP - CEVAT PAŞA;NARİN SOKAK;sokak;611324450
KIRKLARELİ;MERKEZ;ÜSKÜP - CEVAT PAŞA;NARLAK SOKAK;sokak;259329
KIRKLARELİ;MERKEZ;ÜSKÜP - CEVAT PAŞA;ÖZNUR SOKAK;sokak;878168980
KIRKLARELİ;MERKEZ;ÜSKÜP - CEVAT PAŞA;PAPATYA SOKAK;sokak;260633
KIRKLARELİ;MERKEZ;ÜSKÜP - CEVAT PAŞA;PARK GEÇİDİ SOKAK;sokak;260634
KIRKLARELİ;MERKEZ;ÜSKÜP - CEVAT PAŞA;PARK SOKAK;sokak;439382
KIRKLARELİ;MERKEZ;ÜSKÜP - CEVAT PAŞA;PAZARCIK SOKAK;sokak;201674740
KIRKLARELİ;MERKEZ;ÜSKÜP - CEVAT PAŞA;PINARLI SOKAK;sokak;574192100
KIRKLARELİ;MERKEZ;ÜSKÜP - CEVAT PAŞA;SEDİR SOKAK;sokak;260635
KIRKLARELİ;MERKEZ;ÜSKÜP - CEVAT PAŞA;SELEN SOKAK;sokak;664523010
KIRKLARELİ;MERKEZ;ÜSKÜP - CEVAT PAŞA;SELVİ SOKAK;sokak;260636
KIRKLARELİ;MERKEZ;ÜSKÜP - CEVAT PAŞA;SERÇE SOKAK;sokak;681330
KIRKLARELİ;MERKEZ;ÜSKÜP - CEVAT PAŞA;SÖĞÜT SOKAK;sokak;439383
KIRKLARELİ;MERKEZ;ÜSKÜP - CEVAT PAŞA;SÖĞÜTCÜK SOKAK;sokak;260637
KIRKLARELİ;MERKEZ;ÜSKÜP - CEVAT PAŞA;ŞEN SOKAK;sokak;168970270
KIRKLARELİ;MERKEZ;ÜSKÜP - CEVAT PAŞA;TARLA SOKAK;sokak;260638
KIRKLARELİ;MERKEZ;ÜSKÜP - CEVAT PAŞA;TATLI KUYU DAR SOKAK;sokak;260639
KIRKLARELİ;MERKEZ;ÜSKÜP - CEVAT PAŞA;TATLI KUYU SOKAK;sokak;439384
KIRKLARELİ;MERKEZ;ÜSKÜP - CEVAT PAŞA;UMUT CADDE;cadde;249116200
KIRKLARELİ;MERKEZ;ÜSKÜP - CEVAT PAŞA;VİŞNE SOKAK;sokak;181596990
KIRKLARELİ;MERKEZ;ÜSKÜP - CEVAT PAŞA;YAĞMUR SOKAK;sokak;186441460
KIRKLARELİ;MERKEZ;ÜSKÜP - CEVAT PAŞA;YAPRAKLI SOKAK;sokak;412598960
KIRKLARELİ;MERKEZ;ÜSKÜP - CEVAT PAŞA;YAREN SOKAK;sokak;406985650
KIRKLARELİ;MERKEZ;ÜSKÜP - CEVAT PAŞA;YASEMİN SOKAK;sokak;260640
KIRKLARELİ;MERKEZ;ÜSKÜP - CEVAT PAŞA;YENİ SOKAK;sokak;653736230
KIRKLARELİ;MERKEZ;ÜSKÜP - CEVAT PAŞA;YEŞİL CADDE;cadde;14365670
KIRKLARELİ;MERKEZ;ÜSKÜP - CEVAT PAŞA;YOKUŞ GEÇİDİ SOKAK;sokak;439385
KIRKLARELİ;MERKEZ;ÜSKÜP - CEVAT PAŞA;YOKUŞ SOKAK;sokak;260641
KIRKLARELİ;MERKEZ;ÜSKÜP - GÜNDOĞDU;401. SOKAK;sokak;472643040
KIRKLARELİ;MERKEZ;ÜSKÜP - GÜNDOĞDU;402. SOKAK;sokak;446638960
KIRKLARELİ;MERKEZ;ÜSKÜP - GÜNDOĞDU;403. SOKAK;sokak;570842790
KIRKLARELİ;MERKEZ;ÜSKÜP - GÜNDOĞDU;404. SOKAK;sokak;477390570
KIRKLARELİ;MERKEZ;ÜSKÜP - GÜNDOĞDU;405. SOKAK;sokak;273981890
KIRKLARELİ;MERKEZ;ÜSKÜP - GÜNDOĞDU;406. SOKAK;sokak;303117730
KIRKLARELİ;MERKEZ;ÜSKÜP - GÜNDOĞDU;407. SOKAK;sokak;780722610
KIRKLARELİ;MERKEZ;ÜSKÜP - GÜNDOĞDU;408. SOKAK;sokak;637003890
KIRKLARELİ;MERKEZ;ÜSKÜP - GÜNDOĞDU;409. SOKAK;sokak;212201570
KIRKLARELİ;MERKEZ;ÜSKÜP - GÜNDOĞDU;410. SOKAK;sokak;740775460
KIRKLARELİ;MERKEZ;ÜSKÜP - GÜNDOĞDU;411. SOKAK;sokak;522544220
KIRKLARELİ;MERKEZ;ÜSKÜP - GÜNDOĞDU;ARDIÇ SOKAK;sokak;480667570
KIRKLARELİ;MERKEZ;ÜSKÜP - GÜNDOĞDU;ARPALIK SOKAK;sokak;439387
KIRKLARELİ;MERKEZ;ÜSKÜP - GÜNDOĞDU;ASMALI SOKAK;sokak;925345280
KIRKLARELİ;MERKEZ;ÜSKÜP - GÜNDOĞDU;ASUDE SOKAK;sokak;898083560
KIRKLARELİ;MERKEZ;ÜSKÜP - GÜNDOĞDU;ATA SOKAK;sokak;509226240
KIRKLARELİ;MERKEZ;ÜSKÜP - GÜNDOĞDU;ATLAS SOKAK;sokak;428318670
KIRKLARELİ;MERKEZ;ÜSKÜP - GÜNDOĞDU;BADEM SOKAK;sokak;260648
KIRKLARELİ;MERKEZ;ÜSKÜP - GÜNDOĞDU;BAĞLAR YOLU SOKAK;sokak;260650
KIRKLARELİ;MERKEZ;ÜSKÜP - GÜNDOĞDU;BAHÇE YOLU SOKAK;sokak;260649
KIRKLARELİ;MERKEZ;ÜSKÜP - GÜNDOĞDU;BAŞAK SOKAK;sokak;290340630
KIRKLARELİ;MERKEZ;ÜSKÜP - GÜNDOĞDU;BUDAK SOKAK;sokak;605758000
KIRKLARELİ;MERKEZ;ÜSKÜP - GÜNDOĞDU;ÇAĞLA SOKAK;sokak;105291390
KIRKLARELİ;MERKEZ;ÜSKÜP - GÜNDOĞDU;ÇAM SOKAK;sokak;311395530
KIRKLARELİ;MERKEZ;ÜSKÜP - GÜNDOĞDU;ÇAY SOKAK;sokak;209929210
KIRKLARELİ;MERKEZ;ÜSKÜP - GÜNDOĞDU;ÇAYIR SOKAK;sokak;602497110
KIRKLARELİ;MERKEZ;ÜSKÜP - GÜNDOĞDU;DERE GEÇİDİ 2. SOKAK;sokak;777047810
KIRKLARELİ;MERKEZ;ÜSKÜP - GÜNDOĞDU;DİK GEÇİT SOKAK;sokak;260651
KIRKLARELİ;MERKEZ;ÜSKÜP - GÜNDOĞDU;DÜZLÜK SOKAK;sokak;440631
KIRKLARELİ;MERKEZ;ÜSKÜP - GÜNDOĞDU;EFE SOKAK;sokak;193837100
KIRKLARELİ;MERKEZ;ÜSKÜP - GÜNDOĞDU;EMEK SOKAK;sokak;933684540
KIRKLARELİ;MERKEZ;ÜSKÜP - GÜNDOĞDU;ERDEM SOKAK;sokak;489203830
KIRKLARELİ;MERKEZ;ÜSKÜP - GÜNDOĞDU;GONCA SOKAK;sokak;94501202
KIRKLARELİ;MERKEZ;ÜSKÜP - GÜNDOĞDU;GÜLLÜ SOKAK;sokak;20994463
KIRKLARELİ;MERKEZ;ÜSKÜP - GÜNDOĞDU;GÜNDOĞDU CADDE;cadde;260652
KIRKLARELİ;MERKEZ;ÜSKÜP - GÜNDOĞDU;GÜNEŞ SOKAK;sokak;277826890
KIRKLARELİ;MERKEZ;ÜSKÜP - GÜNDOĞDU;HOCA AHMET YESEVİ SOKAK;sokak;440632
KIRKLARELİ;MERKEZ;ÜSKÜP - GÜNDOĞDU;HÜKÜMET CADDE;cadde;260653
KIRKLARELİ;MERKEZ;ÜSKÜP - GÜNDOĞDU;HÜKÜMET YAN SOKAK;sokak;260654
KIRKLARELİ;MERKEZ;ÜSKÜP - GÜNDOĞDU;İNCİ SOKAK;sokak;679572820
KIRKLARELİ;MERKEZ;ÜSKÜP - GÜNDOĞDU;İPEK SOKAK;sokak;296794120
KIRKLARELİ;MERKEZ;ÜSKÜP - GÜNDOĞDU;KADİR SOKAK;sokak;348874300
KIRKLARELİ;MERKEZ;ÜSKÜP - GÜNDOĞDU;KALDIRIM ARA SOKAK;sokak;690874
KIRKLARELİ;MERKEZ;ÜSKÜP - GÜNDOĞDU;KALDIRIM SOKAK;sokak;260655
KIRKLARELİ;MERKEZ;ÜSKÜP - GÜNDOĞDU;KARAYEL SOKAK;sokak;694537020
KIRKLARELİ;MERKEZ;ÜSKÜP - GÜNDOĞDU;KARINCAK KÜME EVLER;sokak;450195930
KIRKLARELİ;MERKEZ;ÜSKÜP - GÜNDOĞDU;KERİM BEY CADDE;cadde;260656
KIRKLARELİ;MERKEZ;ÜSKÜP - GÜNDOĞDU;KIRLANGIÇ SOKAK;sokak;440633
KIRKLARELİ;MERKEZ;ÜSKÜP - GÜNDOĞDU;LALE SOKAK;sokak;747769640
KIRKLARELİ;MERKEZ;ÜSKÜP - GÜNDOĞDU;LEYLAK SOKAK;sokak;400019430
KIRKLARELİ;MERKEZ;ÜSKÜP - GÜNDOĞDU;MEHMET KÖKEN SOKAK;sokak;260657
KIRKLARELİ;MERKEZ;ÜSKÜP - GÜNDOĞDU;MEHTAP SOKAK;sokak;260658
KIRKLARELİ;MERKEZ;ÜSKÜP - GÜNDOĞDU;NAR SOKAK;sokak;260659
KIRKLARELİ;MERKEZ;ÜSKÜP - GÜNDOĞDU;NARLAK SOKAK;sokak;440634
KIRKLARELİ;MERKEZ;ÜSKÜP - GÜNDOĞDU;RÜZGARLI SOKAK;sokak;243425290
KIRKLARELİ;MERKEZ;ÜSKÜP - GÜNDOĞDU;SAĞLIK SOKAK;sokak;260660
KIRKLARELİ;MERKEZ;ÜSKÜP - GÜNDOĞDU;SİMAY SOKAK;sokak;170738830
KIRKLARELİ;MERKEZ;ÜSKÜP - GÜNDOĞDU;SOĞUKSU SOKAK;sokak;321413920
KIRKLARELİ;MERKEZ;ÜSKÜP - GÜNDOĞDU;ŞEHİT NAZMİ KONAT SOKAK;sokak;366420
KIRKLARELİ;MERKEZ;ÜSKÜP - GÜNDOĞDU;TELGRAF HANE SOKAK;sokak;260661
KIRKLARELİ;MERKEZ;ÜSKÜP - GÜNDOĞDU;TOPUZ SOKAK;sokak;349558310
KIRKLARELİ;MERKEZ;ÜSKÜP - GÜNDOĞDU;UZUN SOKAK;sokak;934633210
KIRKLARELİ;MERKEZ;ÜSKÜP - GÜNDOĞDU;ÜLKER SOKAK;sokak;746333550
KIRKLARELİ;MERKEZ;ÜSKÜP - GÜNDOĞDU;ÜMİT SOKAK;sokak;418478640
KIRKLARELİ;MERKEZ;ÜSKÜP - GÜNDOĞDU;ÜSKÜPDERE KÜME EVLER;sokak;581024760
KIRKLARELİ;MERKEZ;ÜSKÜP - GÜNDOĞDU;VEFA SOKAK;sokak;827822020
KIRKLARELİ;MERKEZ;ÜSKÜP - GÜNDOĞDU;YELDEĞİRMENİ SOKAK;sokak;440635
KIRKLARELİ;MERKEZ;ÜSKÜP - GÜNDOĞDU;YEŞİL CADDE;cadde;260662
KIRKLARELİ;MERKEZ;ÜSKÜP - GÜNDOĞDU;YİĞİT SOKAK;sokak;197336250
KIRKLARELİ;MERKEZ;ÜSKÜP - GÜNDOĞDU;ZEYTİNLİK SOKAK;sokak;258639370
KIRKLARELİ;MERKEZ;ÜSKÜP - GÜNDOĞDU;ZÜMRÜT SOKAK;sokak;260663
KIRKLARELİ;MERKEZ;ÜSKÜP - KEMAL PAŞA;101. SOKAK;sokak;249518570
KIRKLARELİ;MERKEZ;ÜSKÜP - KEMAL PAŞA;102. SOKAK;sokak;461359350
KIRKLARELİ;MERKEZ;ÜSKÜP - KEMAL PAŞA;103. SOKAK;sokak;481279060
KIRKLARELİ;MERKEZ;ÜSKÜP - KEMAL PAŞA;104. SOKAK;sokak;432913500
KIRKLARELİ;MERKEZ;ÜSKÜP - KEMAL PAŞA;105. SOKAK;sokak;584211160
KIRKLARELİ;MERKEZ;ÜSKÜP - KEMAL PAŞA;106. SOKAK;sokak;225754920
KIRKLARELİ;MERKEZ;ÜSKÜP - KEMAL PAŞA;107. SOKAK;sokak;132845180
KIRKLARELİ;MERKEZ;ÜSKÜP - KEMAL PAŞA;108. SOKAK;sokak;301871160
KIRKLARELİ;MERKEZ;ÜSKÜP - KEMAL PAŞA;109. SOKAK;sokak;709568750
KIRKLARELİ;MERKEZ;ÜSKÜP - KEMAL PAŞA;110. SOKAK;sokak;851304820
KIRKLARELİ;MERKEZ;ÜSKÜP - KEMAL PAŞA;111. SOKAK;sokak;460582690
KIRKLARELİ;MERKEZ;ÜSKÜP - KEMAL PAŞA;112. SOKAK;sokak;459733280
KIRKLARELİ;MERKEZ;ÜSKÜP - KEMAL PAŞA;113. SOKAK;sokak;179599580
KIRKLARELİ;MERKEZ;ÜSKÜP - KEMAL PAŞA;114. SOKAK;sokak;117438610
KIRKLARELİ;MERKEZ;ÜSKÜP - KEMAL PAŞA;AVCILAR SOKAK;sokak;723095780
KIRKLARELİ;MERKEZ;ÜSKÜP - KEMAL PAŞA;AYAZMA SOKAK;sokak;342647470
KIRKLARELİ;MERKEZ;ÜSKÜP - KEMAL PAŞA;AYVALI SOKAK;sokak;424342820
KIRKLARELİ;MERKEZ;ÜSKÜP - KEMAL PAŞA;BAHAR SOKAK;sokak;167770050
KIRKLARELİ;MERKEZ;ÜSKÜP - KEMAL PAŞA;BAHÇELER SOKAK;sokak;24378507
KIRKLARELİ;MERKEZ;ÜSKÜP - KEMAL PAŞA;BAKIR SOKAK;sokak;895235750
KIRKLARELİ;MERKEZ;ÜSKÜP - KEMAL PAŞA;BALABAN SOKAK;sokak;592936620
KIRKLARELİ;MERKEZ;ÜSKÜP - KEMAL PAŞA;BAYRAM SOKAK;sokak;590638420
KIRKLARELİ;MERKEZ;ÜSKÜP - KEMAL PAŞA;BEREKET SOKAK;sokak;117401230
KIRKLARELİ;MERKEZ;ÜSKÜP - KEMAL PAŞA;CEVHER SOKAK;sokak;272867720
KIRKLARELİ;MERKEZ;ÜSKÜP - KEMAL PAŞA;CEVİZLİ CADDE;cadde;102129340
KIRKLARELİ;MERKEZ;ÜSKÜP - KEMAL PAŞA;ÇARŞI GEÇİDİ SOKAK;sokak;440636
KIRKLARELİ;MERKEZ;ÜSKÜP - KEMAL PAŞA;ÇARŞI MEYDANI MEYDAN;sokak;260665
KIRKLARELİ;MERKEZ;ÜSKÜP - KEMAL PAŞA;ÇİÇEK SOKAK;sokak;471656260
KIRKLARELİ;MERKEZ;ÜSKÜP - KEMAL PAŞA;DAĞLIK SOKAK;sokak;363597920
KIRKLARELİ;MERKEZ;ÜSKÜP - KEMAL PAŞA;DAMLA SOKAK;sokak;866209450
KIRKLARELİ;MERKEZ;ÜSKÜP - KEMAL PAŞA;DERE GEÇİDİ 2. SOKAK;sokak;440637
KIRKLARELİ;MERKEZ;ÜSKÜP - KEMAL PAŞA;EFE SOKAK;sokak;560070160
KIRKLARELİ;MERKEZ;ÜSKÜP - KEMAL PAŞA;EMEK SOKAK;sokak;366421
KIRKLARELİ;MERKEZ;ÜSKÜP - KEMAL PAŞA;ENSAR SOKAK;sokak;104518960
KIRKLARELİ;MERKEZ;ÜSKÜP - KEMAL PAŞA;ESKİ CAMİİ DAR SOKAK;sokak;700013
KIRKLARELİ;MERKEZ;ÜSKÜP - KEMAL PAŞA;ESKİ CAMİİ SOKAK;sokak;260668
KIRKLARELİ;MERKEZ;ÜSKÜP - KEMAL PAŞA;FABRİKA DAR SOKAK;sokak;260670
KIRKLARELİ;MERKEZ;ÜSKÜP - KEMAL PAŞA;FABRİKA SOKAK;sokak;260669
KIRKLARELİ;MERKEZ;ÜSKÜP - KEMAL PAŞA;FABRİKA YOLU SOKAK;sokak;440638
KIRKLARELİ;MERKEZ;ÜSKÜP - KEMAL PAŞA;FESTİVAL SOKAK;sokak;350161120
KIRKLARELİ;MERKEZ;ÜSKÜP - KEMAL PAŞA;GÖNÜL SOKAK;sokak;515103940
KIRKLARELİ;MERKEZ;ÜSKÜP - KEMAL PAŞA;GÜLLÜ SOKAK;sokak;330553850
KIRKLARELİ;MERKEZ;ÜSKÜP - KEMAL PAŞA;GÜMÜŞ SOKAK;sokak;347123560
KIRKLARELİ;MERKEZ;ÜSKÜP - KEMAL PAŞA;GÜVEN SOKAK;sokak;703136300
KIRKLARELİ;MERKEZ;ÜSKÜP - KEMAL PAŞA;GÜVERCİN SOKAK;sokak;323873750
KIRKLARELİ;MERKEZ;ÜSKÜP - KEMAL PAŞA;HARMANLAR 1. GEÇİDİ SOKAK;sokak;699570
KIRKLARELİ;MERKEZ;ÜSKÜP - KEMAL PAŞA;HARMANLAR ARKA SOKAK;sokak;260671
KIRKLARELİ;MERKEZ;ÜSKÜP - KEMAL PAŞA;HARMANLAR CADDE;cadde;366422
KIRKLARELİ;MERKEZ;ÜSKÜP - KEMAL PAŞA;HİDAYET SOKAK;sokak;421260860
KIRKLARELİ;MERKEZ;ÜSKÜP - KEMAL PAŞA;İNCİ SOKAK;sokak;511911610
KIRKLARELİ;MERKEZ;ÜSKÜP - KEMAL PAŞA;İSTİKLAL CADDE;cadde;260666
KIRKLARELİ;MERKEZ;ÜSKÜP - KEMAL PAŞA;KANARYA SOKAK;sokak;260672
KIRKLARELİ;MERKEZ;ÜSKÜP - KEMAL PAŞA;KARDELEN SOKAK;sokak;76015510
KIRKLARELİ;MERKEZ;ÜSKÜP - KEMAL PAŞA;KIRKLARELİ ARKA SOKAK;sokak;440639
KIRKLARELİ;MERKEZ;ÜSKÜP - KEMAL PAŞA;KIRKLARELİ CADDE;cadde;260673
KIRKLARELİ;MERKEZ;ÜSKÜP - KEMAL PAŞA;KULÜP SOKAK;sokak;366423
KIRKLARELİ;MERKEZ;ÜSKÜP - KEMAL PAŞA;KUYU SOKAK;sokak;260674
KIRKLARELİ;MERKEZ;ÜSKÜP - KEMAL PAŞA;LEYLAK SOKAK;sokak;411351790
KIRKLARELİ;MERKEZ;ÜSKÜP - KEMAL PAŞA;LEYLAKLI SOKAK;sokak;577255740
KIRKLARELİ;MERKEZ;ÜSKÜP - KEMAL PAŞA;MELEK SOKAK;sokak;506225620
KIRKLARELİ;MERKEZ;ÜSKÜP - KEMAL PAŞA;MEVLANA SOKAK;sokak;260675
KIRKLARELİ;MERKEZ;ÜSKÜP - KEMAL PAŞA;MISIRLI SOKAK;sokak;119689970
KIRKLARELİ;MERKEZ;ÜSKÜP - KEMAL PAŞA;MUTLU SOKAK;sokak;390408860
KIRKLARELİ;MERKEZ;ÜSKÜP - KEMAL PAŞA;NARLI SOKAK;sokak;792168260
KIRKLARELİ;MERKEZ;ÜSKÜP - KEMAL PAŞA;NEŞE SOKAK;sokak;585454430
KIRKLARELİ;MERKEZ;ÜSKÜP - KEMAL PAŞA;OKUL SOKAK;sokak;83528364
KIRKLARELİ;MERKEZ;ÜSKÜP - KEMAL PAŞA;ORKİDE SOKAK;sokak;943915960
KIRKLARELİ;MERKEZ;ÜSKÜP - KEMAL PAŞA;ORTA SOKAK;sokak;260677
KIRKLARELİ;MERKEZ;ÜSKÜP - KEMAL PAŞA;PINAR SOKAK;sokak;721529600
KIRKLARELİ;MERKEZ;ÜSKÜP - KEMAL PAŞA;SALKIM SOKAK;sokak;547667610
KIRKLARELİ;MERKEZ;ÜSKÜP - KEMAL PAŞA;SANAYİ GEÇİDİ 1. SOKAK;sokak;366424
KIRKLARELİ;MERKEZ;ÜSKÜP - KEMAL PAŞA;SANAYİİ CADDE;cadde;440640
KIRKLARELİ;MERKEZ;ÜSKÜP - KEMAL PAŞA;SANAYİİ GEÇİDİ 2. SOKAK;sokak;260678
KIRKLARELİ;MERKEZ;ÜSKÜP - KEMAL PAŞA;SANAYİİ GEÇİDİ 3. SOKAK;sokak;261002
KIRKLARELİ;MERKEZ;ÜSKÜP - KEMAL PAŞA;SANAYİİ GEÇİDİ 4. SOKAK;sokak;440641
KIRKLARELİ;MERKEZ;ÜSKÜP - KEMAL PAŞA;SARAÇLAR SOKAK;sokak;861682000
KIRKLARELİ;MERKEZ;ÜSKÜP - KEMAL PAŞA;SARMAŞIK SOKAK;sokak;810024530
KIRKLARELİ;MERKEZ;ÜSKÜP - KEMAL PAŞA;SERHAT SOKAK;sokak;525226200
KIRKLARELİ;MERKEZ;ÜSKÜP - KEMAL PAŞA;ŞİRİN SOKAK;sokak;260667
KIRKLARELİ;MERKEZ;ÜSKÜP - KEMAL PAŞA;TAŞLIK SOKAK;sokak;261003
KIRKLARELİ;MERKEZ;ÜSKÜP - KEMAL PAŞA;VATAN CADDE;cadde;366425
KIRKLARELİ;MERKEZ;ÜSKÜP - KEMAL PAŞA;YEŞİL CADDE;cadde;91459867
KIRKLARELİ;MERKEZ;ÜSKÜP - KEMAL PAŞA;YILDIRIM SOKAK;sokak;429418980
KIRKLARELİ;MERKEZ;ÜSKÜP - KEMAL PAŞA;YÜNDALAN CADDE;cadde;260664
KIRKLARELİ;MERKEZ;ÜSKÜP - KEMAL PAŞA;ZAFER SOKAK;sokak;532217500
KIRKLARELİ;MERKEZ;ÜSKÜP - KEMAL PAŞA;ZARİF SOKAK;sokak;389261840
KIRKLARELİ;MERKEZ;ÜSKÜP - KEMAL PAŞA;ZİRVE SOKAK;sokak;777207610
KIRKLARELİ;MERKEZ;ÜSKÜP - MEHMET ÇAVUŞ;201. SOKAK;sokak;492753570
KIRKLARELİ;MERKEZ;ÜSKÜP - MEHMET ÇAVUŞ;202. SOKAK;sokak;568901140
KIRKLARELİ;MERKEZ;ÜSKÜP - MEHMET ÇAVUŞ;203. SOKAK;sokak;785309380
KIRKLARELİ;MERKEZ;ÜSKÜP - MEHMET ÇAVUŞ;204. SOKAK;sokak;545963250
KIRKLARELİ;MERKEZ;ÜSKÜP - MEHMET ÇAVUŞ;205. SOKAK;sokak;808756020
KIRKLARELİ;MERKEZ;ÜSKÜP - MEHMET ÇAVUŞ;206. SOKAK;sokak;760628680
KIRKLARELİ;MERKEZ;ÜSKÜP - MEHMET ÇAVUŞ;207. SOKAK;sokak;901956520
KIRKLARELİ;MERKEZ;ÜSKÜP - MEHMET ÇAVUŞ;208. SOKAK;sokak;635335660
KIRKLARELİ;MERKEZ;ÜSKÜP - MEHMET ÇAVUŞ;209. SOKAK;sokak;250859520
KIRKLARELİ;MERKEZ;ÜSKÜP - MEHMET ÇAVUŞ;210. SOKAK;sokak;789006020
KIRKLARELİ;MERKEZ;ÜSKÜP - MEHMET ÇAVUŞ;211. SOKAK;sokak;336491790
KIRKLARELİ;MERKEZ;ÜSKÜP - MEHMET ÇAVUŞ;AÇELYA SOKAK;sokak;560128670
KIRKLARELİ;MERKEZ;ÜSKÜP - MEHMET ÇAVUŞ;AKARSU SOKAK;sokak;562686750
KIRKLARELİ;MERKEZ;ÜSKÜP - MEHMET ÇAVUŞ;ASMA SOKAK;sokak;424709970
KIRKLARELİ;MERKEZ;ÜSKÜP - MEHMET ÇAVUŞ;AVŞAR SOKAK;sokak;508504940
KIRKLARELİ;MERKEZ;ÜSKÜP - MEHMET ÇAVUŞ;BAHÇELER SOKAK;sokak;883979220
KIRKLARELİ;MERKEZ;ÜSKÜP - MEHMET ÇAVUŞ;BALKAN SOKAK;sokak;411564720
KIRKLARELİ;MERKEZ;ÜSKÜP - MEHMET ÇAVUŞ;BARAJ SOKAK;sokak;597168290
KIRKLARELİ;MERKEZ;ÜSKÜP - MEHMET ÇAVUŞ;BARIŞ SOKAK;sokak;1359141
KIRKLARELİ;MERKEZ;ÜSKÜP - MEHMET ÇAVUŞ;BATI SOKAK;sokak;741474060
KIRKLARELİ;MERKEZ;ÜSKÜP - MEHMET ÇAVUŞ;BAYINDIR SOKAK;sokak;222211960
KIRKLARELİ;MERKEZ;ÜSKÜP - MEHMET ÇAVUŞ;BELEDİYE CADDE;cadde;724634580
KIRKLARELİ;MERKEZ;ÜSKÜP - MEHMET ÇAVUŞ;BENT CADDE;cadde;261013
KIRKLARELİ;MERKEZ;ÜSKÜP - MEHMET ÇAVUŞ;BEYAZ SOKAK;sokak;503966540
KIRKLARELİ;MERKEZ;ÜSKÜP - MEHMET ÇAVUŞ;BİRLİK SOKAK;sokak;402412000
KIRKLARELİ;MERKEZ;ÜSKÜP - MEHMET ÇAVUŞ;CAMİİ SOKAK;sokak;261004
KIRKLARELİ;MERKEZ;ÜSKÜP - MEHMET ÇAVUŞ;ÇAKIL SOKAK;sokak;644836130
KIRKLARELİ;MERKEZ;ÜSKÜP - MEHMET ÇAVUŞ;ÇARDAK SOKAK;sokak;655455760
KIRKLARELİ;MERKEZ;ÜSKÜP - MEHMET ÇAVUŞ;ÇİMEN SOKAK;sokak;177278920
KIRKLARELİ;MERKEZ;ÜSKÜP - MEHMET ÇAVUŞ;DEFNE SOKAK;sokak;487336120
KIRKLARELİ;MERKEZ;ÜSKÜP - MEHMET ÇAVUŞ;DEĞİRMEN ARKA SOKAK;sokak;366426
KIRKLARELİ;MERKEZ;ÜSKÜP - MEHMET ÇAVUŞ;DEĞİRMEN SOKAK;sokak;440642
KIRKLARELİ;MERKEZ;ÜSKÜP - MEHMET ÇAVUŞ;DEPO YOLU SOKAK;sokak;700004
KIRKLARELİ;MERKEZ;ÜSKÜP - MEHMET ÇAVUŞ;DERE İÇİ SOKAK;sokak;261006
KIRKLARELİ;MERKEZ;ÜSKÜP - MEHMET ÇAVUŞ;DERE SOKAK;sokak;261005
KIRKLARELİ;MERKEZ;ÜSKÜP - MEHMET ÇAVUŞ;DERMAN SOKAK;sokak;932286250
KIRKLARELİ;MERKEZ;ÜSKÜP - MEHMET ÇAVUŞ;DESTAN SOKAK;sokak;807998930
KIRKLARELİ;MERKEZ;ÜSKÜP - MEHMET ÇAVUŞ;DİBEK SOKAK;sokak;379393110
KIRKLARELİ;MERKEZ;ÜSKÜP - MEHMET ÇAVUŞ;DİLEK SOKAK;sokak;761926400
KIRKLARELİ;MERKEZ;ÜSKÜP - MEHMET ÇAVUŞ;DOĞA SOKAK;sokak;405467070
KIRKLARELİ;MERKEZ;ÜSKÜP - MEHMET ÇAVUŞ;DOĞU SOKAK;sokak;80741820
KIRKLARELİ;MERKEZ;ÜSKÜP - MEHMET ÇAVUŞ;DOĞUŞ SOKAK;sokak;29699451
KIRKLARELİ;MERKEZ;ÜSKÜP - MEHMET ÇAVUŞ;EKİN SOKAK;sokak;677362070
KIRKLARELİ;MERKEZ;ÜSKÜP - MEHMET ÇAVUŞ;ELİF SOKAK;sokak;206260080
KIRKLARELİ;MERKEZ;ÜSKÜP - MEHMET ÇAVUŞ;ELMALIK SOKAK;sokak;261007
KIRKLARELİ;MERKEZ;ÜSKÜP - MEHMET ÇAVUŞ;ELMALIK YAN SOKAK;sokak;697884
KIRKLARELİ;MERKEZ;ÜSKÜP - MEHMET ÇAVUŞ;ESEN SOKAK;sokak;700536240
KIRKLARELİ;MERKEZ;ÜSKÜP - MEHMET ÇAVUŞ;FABRİKA SOKAK;sokak;261008
KIRKLARELİ;MERKEZ;ÜSKÜP - MEHMET ÇAVUŞ;GEÇİT SOKAK;sokak;261009
KIRKLARELİ;MERKEZ;ÜSKÜP - MEHMET ÇAVUŞ;HAVUÇLU KUYU CADDE;cadde;440643
KIRKLARELİ;MERKEZ;ÜSKÜP - MEHMET ÇAVUŞ;HAVUÇLU KUYU DAR SOKAK;sokak;261010
KIRKLARELİ;MERKEZ;ÜSKÜP - MEHMET ÇAVUŞ;HİLAL SOKAK;sokak;28001089
KIRKLARELİ;MERKEZ;ÜSKÜP - MEHMET ÇAVUŞ;HİSAR SOKAK;sokak;779796720
KIRKLARELİ;MERKEZ;ÜSKÜP - MEHMET ÇAVUŞ;IŞIKLAR SOKAK;sokak;191767830
KIRKLARELİ;MERKEZ;ÜSKÜP - MEHMET ÇAVUŞ;İNANÇ SOKAK;sokak;349001340
KIRKLARELİ;MERKEZ;ÜSKÜP - MEHMET ÇAVUŞ;İSTİKLAL CADDE;cadde;258998
KIRKLARELİ;MERKEZ;ÜSKÜP - MEHMET ÇAVUŞ;KAPTAN SOKAK;sokak;140627070
KIRKLARELİ;MERKEZ;ÜSKÜP - MEHMET ÇAVUŞ;KARACA SOKAK;sokak;498077870
KIRKLARELİ;MERKEZ;ÜSKÜP - MEHMET ÇAVUŞ;KARDELEN SOKAK;sokak;56281660
KIRKLARELİ;MERKEZ;ÜSKÜP - MEHMET ÇAVUŞ;KASAP SOKAK;sokak;366427
KIRKLARELİ;MERKEZ;ÜSKÜP - MEHMET ÇAVUŞ;KEMER SOKAK;sokak;111274200
KIRKLARELİ;MERKEZ;ÜSKÜP - MEHMET ÇAVUŞ;KERVAN SOKAK;sokak;827995780
KIRKLARELİ;MERKEZ;ÜSKÜP - MEHMET ÇAVUŞ;KIZILCIK SOKAK;sokak;531436810
KIRKLARELİ;MERKEZ;ÜSKÜP - MEHMET ÇAVUŞ;KİREMİTHANE SOKAK;sokak;261014
KIRKLARELİ;MERKEZ;ÜSKÜP - MEHMET ÇAVUŞ;KUMLU SOKAK;sokak;245910910
KIRKLARELİ;MERKEZ;ÜSKÜP - MEHMET ÇAVUŞ;KUMRU SOKAK;sokak;724360580
KIRKLARELİ;MERKEZ;ÜSKÜP - MEHMET ÇAVUŞ;KURTULUŞ SOKAK;sokak;384854620
KIRKLARELİ;MERKEZ;ÜSKÜP - MEHMET ÇAVUŞ;KURU ÇEŞME ARKA SOKAK;sokak;261012
KIRKLARELİ;MERKEZ;ÜSKÜP - MEHMET ÇAVUŞ;KURU ÇEŞME DAR SOKAK;sokak;440644
KIRKLARELİ;MERKEZ;ÜSKÜP - MEHMET ÇAVUŞ;KURU ÇEŞME GEÇİDİ SOKAK;sokak;468108
KIRKLARELİ;MERKEZ;ÜSKÜP - MEHMET ÇAVUŞ;KURU ÇEŞME SOKAK;sokak;261011
KIRKLARELİ;MERKEZ;ÜSKÜP - MEHMET ÇAVUŞ;KUZEY ARA SOKAK;sokak;698637
KIRKLARELİ;MERKEZ;ÜSKÜP - MEHMET ÇAVUŞ;KÜLTÜR SOKAK;sokak;493491450
KIRKLARELİ;MERKEZ;ÜSKÜP - MEHMET ÇAVUŞ;MADEN SOKAK;sokak;609177880
KIRKLARELİ;MERKEZ;ÜSKÜP - MEHMET ÇAVUŞ;MEKTEP ARKA SOKAK;sokak;261015
KIRKLARELİ;MERKEZ;ÜSKÜP - MEHMET ÇAVUŞ;MELTEM SOKAK;sokak;249512610
KIRKLARELİ;MERKEZ;ÜSKÜP - MEHMET ÇAVUŞ;MENEKŞE SOKAK;sokak;67487934
KIRKLARELİ;MERKEZ;ÜSKÜP - MEHMET ÇAVUŞ;MERİÇ SOKAK;sokak;501149660
KIRKLARELİ;MERKEZ;ÜSKÜP - MEHMET ÇAVUŞ;MEYDAN SOKAK;sokak;440645
KIRKLARELİ;MERKEZ;ÜSKÜP - MEHMET ÇAVUŞ;ONUR SOKAK;sokak;756929700
KIRKLARELİ;MERKEZ;ÜSKÜP - MEHMET ÇAVUŞ;PANAYIR SOKAK;sokak;661307900
KIRKLARELİ;MERKEZ;ÜSKÜP - MEHMET ÇAVUŞ;PAZAR SOKAK;sokak;527047230
KIRKLARELİ;MERKEZ;ÜSKÜP - MEHMET ÇAVUŞ;SAĞLAM SOKAK;sokak;259541320
KIRKLARELİ;MERKEZ;ÜSKÜP - MEHMET ÇAVUŞ;SANCAKTAR SOKAK;sokak;392776780
KIRKLARELİ;MERKEZ;ÜSKÜP - MEHMET ÇAVUŞ;SARMAŞIK SOKAK;sokak;210146340
KIRKLARELİ;MERKEZ;ÜSKÜP - MEHMET ÇAVUŞ;SERİN SOKAK;sokak;506721461
KIRKLARELİ;MERKEZ;ÜSKÜP - MEHMET ÇAVUŞ;SEVGİ SOKAK;sokak;199795410
KIRKLARELİ;MERKEZ;ÜSKÜP - MEHMET ÇAVUŞ;SIĞIR YOLU SOKAK;sokak;258992
KIRKLARELİ;MERKEZ;ÜSKÜP - MEHMET ÇAVUŞ;SIRT YOLU GEÇİDİ 1. SOKAK;sokak;258990
KIRKLARELİ;MERKEZ;ÜSKÜP - MEHMET ÇAVUŞ;SIRT YOLU GEÇİDİ 2. SOKAK;sokak;258991
KIRKLARELİ;MERKEZ;ÜSKÜP - MEHMET ÇAVUŞ;SIRT YOLU SOKAK;sokak;261016
KIRKLARELİ;MERKEZ;ÜSKÜP - MEHMET ÇAVUŞ;SİTE SOKAK;sokak;1359161
KIRKLARELİ;MERKEZ;ÜSKÜP - MEHMET ÇAVUŞ;SÖĞÜTLÜK SOKAK;sokak;448977
KIRKLARELİ;MERKEZ;ÜSKÜP - MEHMET ÇAVUŞ;ŞEREF SOKAK;sokak;505309481
KIRKLARELİ;MERKEZ;ÜSKÜP - MEHMET ÇAVUŞ;ŞİFA SOKAK;sokak;760493290
KIRKLARELİ;MERKEZ;ÜSKÜP - MEHMET ÇAVUŞ;TARLA TEPESİ SOKAK;sokak;258993
KIRKLARELİ;MERKEZ;ÜSKÜP - MEHMET ÇAVUŞ;TOPRAK SOKAK;sokak;439565640
KIRKLARELİ;MERKEZ;ÜSKÜP - MEHMET ÇAVUŞ;VATAN CADDE;cadde;258994
KIRKLARELİ;MERKEZ;ÜSKÜP - MEHMET ÇAVUŞ;YAYLA SOKAK;sokak;720551220
KIRKLARELİ;MERKEZ;ÜSKÜP - MEHMET ÇAVUŞ;YILDIZ SOKAK;sokak;258995
KIRKLARELİ;MERKEZ;ÜSKÜP - MEHMET ÇAVUŞ;YONCA SOKAK;sokak;448978
KIRKLARELİ;MERKEZ;ÜSKÜP - MEHMET ÇAVUŞ;YURT SOKAK;sokak;146789810
KIRKLARELİ;MERKEZ;ÜSKÜP - MEHMET ÇAVUŞ;YÜNDALAN CADDE;cadde;532203980
KIRKLARELİ;MERKEZ;ÜSKÜP - MEHMET ÇAVUŞ;ZAMBAK SOKAK;sokak;258996
KIRKLARELİ;MERKEZ;ÜSKÜP - MEHMET ÇAVUŞ;ZÜBEYDE HANIM SOKAK;sokak;258997
KIRKLARELİ;MERKEZ;ÜSKÜPDERE NA;ÜSKÜPDERE KÜME EVLER;sokak;564977
KIRKLARELİ;MERKEZ;YAYLA;001. SOKAK;sokak;765285
KIRKLARELİ;MERKEZ;YAYLA;1. NAMAZGAH SOKAK;sokak;47350
KIRKLARELİ;MERKEZ;YAYLA;132. SOKAK;sokak;1296261
KIRKLARELİ;MERKEZ;YAYLA;133. SOKAK;sokak;1296263
KIRKLARELİ;MERKEZ;YAYLA;135. SOKAK;sokak;1296265
KIRKLARELİ;MERKEZ;YAYLA;141. SOKAK;sokak;214347
KIRKLARELİ;MERKEZ;YAYLA;152. SOKAK;sokak;1296267
KIRKLARELİ;MERKEZ;YAYLA;153. SOKAK;sokak;1296269
KIRKLARELİ;MERKEZ;YAYLA;154. SOKAK;sokak;1296271
KIRKLARELİ;MERKEZ;YAYLA;155. SOKAK;sokak;1296273
KIRKLARELİ;MERKEZ;YAYLA;156. SOKAK;sokak;1296275
KIRKLARELİ;MERKEZ;YAYLA;157. SOKAK;sokak;332021
KIRKLARELİ;MERKEZ;YAYLA;158. SOKAK;sokak;766784
KIRKLARELİ;MERKEZ;YAYLA;163. SOKAK;sokak;1296277
KIRKLARELİ;MERKEZ;YAYLA;164. SOKAK;sokak;214349
KIRKLARELİ;MERKEZ;YAYLA;168. SOKAK;sokak;766781
KIRKLARELİ;MERKEZ;YAYLA;171. SOKAK;sokak;1296279
KIRKLARELİ;MERKEZ;YAYLA;172. SOKAK;sokak;1296281
KIRKLARELİ;MERKEZ;YAYLA;173. SOKAK;sokak;1296335
KIRKLARELİ;MERKEZ;YAYLA;175. SOKAK;sokak;1296339
KIRKLARELİ;MERKEZ;YAYLA;176. SOKAK;sokak;1296341
KIRKLARELİ;MERKEZ;YAYLA;2. NAMAZGAH SOKAK;sokak;736841
KIRKLARELİ;MERKEZ;YAYLA;2022. SOKAK;sokak;654787601
KIRKLARELİ;MERKEZ;YAYLA;2026. SOKAK;sokak;441368020
KIRKLARELİ;MERKEZ;YAYLA;400. SOKAK;sokak;766785
KIRKLARELİ;MERKEZ;YAYLA;445. SOKAK;sokak;450358
KIRKLARELİ;MERKEZ;YAYLA;68. SOKAK;sokak;1243427
KIRKLARELİ;MERKEZ;YAYLA;ADAK SOKAK;sokak;450356
KIRKLARELİ;MERKEZ;YAYLA;BOSTANCIOĞLU DAR SOKAK;sokak;47383
KIRKLARELİ;MERKEZ;YAYLA;BOSTANCIOĞLU SOKAK;sokak;47366
KIRKLARELİ;MERKEZ;YAYLA;BOYACIOĞLU SOKAK;sokak;741889
KIRKLARELİ;MERKEZ;YAYLA;BUZHANE ÇIKMAZ SOKAK;sokak;764407
KIRKLARELİ;MERKEZ;YAYLA;BUZHANE SOKAK;sokak;766720
KIRKLARELİ;MERKEZ;YAYLA;CUMHURİYET_1 MEYDAN;sokak;736089
KIRKLARELİ;MERKEZ;YAYLA;ÇAM 1. SOKAK;sokak;766777
KIRKLARELİ;MERKEZ;YAYLA;ÇAM 2. SOKAK;sokak;203078
KIRKLARELİ;MERKEZ;YAYLA;ÇAM 3. SOKAK;sokak;765286
KIRKLARELİ;MERKEZ;YAYLA;ÇAM 4. SOKAK;sokak;766779
KIRKLARELİ;MERKEZ;YAYLA;ÇAM 5. SOKAK;sokak;766780
KIRKLARELİ;MERKEZ;YAYLA;ÇAM 6. SOKAK;sokak;415013
KIRKLARELİ;MERKEZ;YAYLA;ÇAM SOKAK;sokak;766782
KIRKLARELİ;MERKEZ;YAYLA;ÇAMLIK CADDE;cadde;765287
KIRKLARELİ;MERKEZ;YAYLA;ÇIKMAZ SOKAK;sokak;765284
KIRKLARELİ;MERKEZ;YAYLA;ÇİFTE GAZİNOLAR SOKAK;sokak;736847
KIRKLARELİ;MERKEZ;YAYLA;DİLBER YOKUŞU SOKAK;sokak;736846
KIRKLARELİ;MERKEZ;YAYLA;DURMUŞBEY SOKAK;sokak;737821
KIRKLARELİ;MERKEZ;YAYLA;ESKİ BUZHANE SOKAK;sokak;766723
KIRKLARELİ;MERKEZ;YAYLA;FİLİZ 1. SOKAK;sokak;203079
KIRKLARELİ;MERKEZ;YAYLA;FİLİZ SOKAK;sokak;765283
KIRKLARELİ;MERKEZ;YAYLA;GAZİ ENGİN ÇELİKKAYA SOKAK;sokak;746084
KIRKLARELİ;MERKEZ;YAYLA;GÜL SOKAK;sokak;766783
KIRKLARELİ;MERKEZ;YAYLA;GÜLİZAR SOKAK;sokak;416699
KIRKLARELİ;MERKEZ;YAYLA;KADINCIKTEPE ÇIKMAZ SOKAK;sokak;203077
KIRKLARELİ;MERKEZ;YAYLA;KADINCIKTEPE SOKAK;sokak;450360
KIRKLARELİ;MERKEZ;YAYLA;KEMER SOKAK;sokak;765282
KIRKLARELİ;MERKEZ;YAYLA;KOŞUYOLU 1. GEÇİDİ SOKAK;sokak;736848
KIRKLARELİ;MERKEZ;YAYLA;KOŞUYOLU 2. GEÇİDİ SOKAK;sokak;766721
KIRKLARELİ;MERKEZ;YAYLA;KOŞUYOLU 3. GEÇİDİ SOKAK;sokak;766722
KIRKLARELİ;MERKEZ;YAYLA;KOŞUYOLU CADDE;cadde;416815
KIRKLARELİ;MERKEZ;YAYLA;KÜÇÜK YAYLA ÇIKMAZ SOKAK;sokak;65999
KIRKLARELİ;MERKEZ;YAYLA;KÜME EVLER 1. KÜME EVLER;sokak;415012
KIRKLARELİ;MERKEZ;YAYLA;KÜME EVLER 2. KÜME EVLER;sokak;415011
KIRKLARELİ;MERKEZ;YAYLA;KÜME EVLER 3. KÜME EVLER;sokak;766775
KIRKLARELİ;MERKEZ;YAYLA;KÜME EVLER 4. KÜME EVLER;sokak;766776
KIRKLARELİ;MERKEZ;YAYLA;MEKTEP SOKAK;sokak;65994
KIRKLARELİ;MERKEZ;YAYLA;MERDİVENLİ SOKAK;sokak;743198
KIRKLARELİ;MERKEZ;YAYLA;NAMAZGAH CADDE;cadde;47348
KIRKLARELİ;MERKEZ;YAYLA;ONUR SOKAK;sokak;680133091
KIRKLARELİ;MERKEZ;YAYLA;PORTAKAL SOKAK;sokak;47351
KIRKLARELİ;MERKEZ;YAYLA;PROF. DR. GÜLTAÇ ÖZBAY SOKAK;sokak;741886
KIRKLARELİ;MERKEZ;YAYLA;SALHANE SOKAK;sokak;763187
KIRKLARELİ;MERKEZ;YAYLA;SOĞUKKUYU ARA SOKAK;sokak;763186
KIRKLARELİ;MERKEZ;YAYLA;SOĞUKKUYU GEÇİDİ SOKAK;sokak;765281
KIRKLARELİ;MERKEZ;YAYLA;SOĞUKSU 1. GEÇİDİ SOKAK;sokak;764406
KIRKLARELİ;MERKEZ;YAYLA;SOĞUKSU SOKAK;sokak;450357
KIRKLARELİ;MERKEZ;YAYLA;SÜMBÜL SOKAK;sokak;766786
KIRKLARELİ;MERKEZ;YAYLA;ŞEHİT KARA PİLOT ALBAY GÖKSENİN AYTURAL ŞAYLAN SOKAK;sokak;741890
KIRKLARELİ;MERKEZ;YAYLA;ŞEHİT UZM. ÇVŞ. ANIL YALAP SOKAK;sokak;416816
KIRKLARELİ;MERKEZ;YAYLA;ŞENLİK SOKAK;sokak;765279
KIRKLARELİ;MERKEZ;YAYLA;ŞİRİN SOKAK;sokak;450359
KIRKLARELİ;MERKEZ;YAYLA;TEVFİK SAĞLAM SOKAK;sokak;738108
KIRKLARELİ;MERKEZ;YAYLA;TURIZM BAKANI İRFAN GÜRPINAR SOKAK;sokak;741887
KIRKLARELİ;MERKEZ;YAYLA;UĞURLU SOKAK;sokak;332006
KIRKLARELİ;MERKEZ;YAYLA;UĞURLU ÜSTÜ SOKAK;sokak;332020
KIRKLARELİ;MERKEZ;YAYLA;YASEMİN SOKAK;sokak;416817
KIRKLARELİ;MERKEZ;YAYLA;YAYLA CADDE;cadde;452043
KIRKLARELİ;MERKEZ;YAYLA;YAYLA_ MEYDAN;sokak;741888
KIRKLARELİ;MERKEZ;YOĞUNTAŞ NA;YOĞUNTAŞ KÜME EVLER;sokak;564391
KIRKLARELİ;MERKEZ;YUNDALAN NA;YÜNDALAN KÜME EVLER;sokak;540766
KIRKLARELİ;MERKEZ;YÜRÜKBAYIRI NA;YÖRÜKBAYIR KÜME EVLER;sokak;542700
KIRKLARELİ;PEHLİVANKÖY;AKARCA NA;AKARCA KÜME EVLER;sokak;526665
KIRKLARELİ;PEHLİVANKÖY;DOĞANCA NA;DOĞANCA KÜME EVLER;sokak;533452
KIRKLARELİ;PEHLİVANKÖY;ERGENE;201 NOLU SOKAK;sokak;690666370
KIRKLARELİ;PEHLİVANKÖY;ERGENE;202 NOLU SOKAK;sokak;955790820
KIRKLARELİ;PEHLİVANKÖY;ERGENE;203 NOLU SOKAK;sokak;965569070
KIRKLARELİ;PEHLİVANKÖY;ERGENE;205 NOLU SOKAK;sokak;952677950
KIRKLARELİ;PEHLİVANKÖY;ERGENE;206 NOLU SOKAK;sokak;625946840
KIRKLARELİ;PEHLİVANKÖY;ERGENE;ALİ MOLLA HÜSEYİN SOKAK;sokak;262713
KIRKLARELİ;PEHLİVANKÖY;ERGENE;ALİ RIZA YILMAZ SOKAK;sokak;262714
KIRKLARELİ;PEHLİVANKÖY;ERGENE;ARDA SOKAK;sokak;441906
KIRKLARELİ;PEHLİVANKÖY;ERGENE;ATATÜRK CADDE;cadde;834537610
KIRKLARELİ;PEHLİVANKÖY;ERGENE;BAĞLAR SOKAK;sokak;715327
KIRKLARELİ;PEHLİVANKÖY;ERGENE;BALKAN SOKAK;sokak;976516320
KIRKLARELİ;PEHLİVANKÖY;ERGENE;CUMHURİYET CADDE;cadde;262716
KIRKLARELİ;PEHLİVANKÖY;ERGENE;CUMHURİYET MEYDANI MEYDAN;sokak;42707612
KIRKLARELİ;PEHLİVANKÖY;ERGENE;EMİN ÇAVUŞ SOKAK;sokak;262717
KIRKLARELİ;PEHLİVANKÖY;ERGENE;İSİMSİZ 4 SOKAK;sokak;754163390
KIRKLARELİ;PEHLİVANKÖY;ERGENE;İSTASYON CADDE;cadde;441908
KIRKLARELİ;PEHLİVANKÖY;ERGENE;İSTİKLAL SOKAK;sokak;262721
KIRKLARELİ;PEHLİVANKÖY;ERGENE;KÜNTECİ SOKAK;sokak;441907
KIRKLARELİ;PEHLİVANKÖY;ERGENE;LEYLAK SOKAK;sokak;262718
KIRKLARELİ;PEHLİVANKÖY;ERGENE;MERCAN SOKAK;sokak;1395515
KIRKLARELİ;PEHLİVANKÖY;ERGENE;ŞEHİT KERİM SOKAK;sokak;262722
KIRKLARELİ;PEHLİVANKÖY;ERGENE;ŞEHİT MOLLA BEKİR SOKAK;sokak;441909
KIRKLARELİ;PEHLİVANKÖY;ERGENE;TOPRAK SOKAK;sokak;262719
KIRKLARELİ;PEHLİVANKÖY;ERGENE;YENİMAHALLE SOKAK;sokak;262720
KIRKLARELİ;PEHLİVANKÖY;ERGENE;ZAMBAK SOKAK;sokak;441905
KIRKLARELİ;PEHLİVANKÖY;HIDIRCA NA;HIDIRCA KÜME EVLER;sokak;538210
KIRKLARELİ;PEHLİVANKÖY;İMAMPAZARI NA;İMAMPAZARI KÜME EVLER;sokak;557421
KIRKLARELİ;PEHLİVANKÖY;KAZIMDİRİK;103 NOLU SOKAK;sokak;515675010
KIRKLARELİ;PEHLİVANKÖY;KAZIMDİRİK;104 NOLU SOKAK;sokak;143996200
KIRKLARELİ;PEHLİVANKÖY;KAZIMDİRİK;105 NOLU SOKAK;sokak;335106780
KIRKLARELİ;PEHLİVANKÖY;KAZIMDİRİK;106 NOLU SOKAK;sokak;794439090
KIRKLARELİ;PEHLİVANKÖY;KAZIMDİRİK;107 NOLU SOKAK;sokak;320758220
KIRKLARELİ;PEHLİVANKÖY;KAZIMDİRİK;108 NOLU SOKAK;sokak;148887620
KIRKLARELİ;PEHLİVANKÖY;KAZIMDİRİK;109 NOLU SOKAK;sokak;882304870
KIRKLARELİ;PEHLİVANKÖY;KAZIMDİRİK;11 NOLU SOKAK;sokak;1395517
KIRKLARELİ;PEHLİVANKÖY;KAZIMDİRİK;110 NOLU SOKAK;sokak;803046030
KIRKLARELİ;PEHLİVANKÖY;KAZIMDİRİK;111 NOLU SOKAK;sokak;633921460
KIRKLARELİ;PEHLİVANKÖY;KAZIMDİRİK;112 NOLU SOKAK;sokak;537615320
KIRKLARELİ;PEHLİVANKÖY;KAZIMDİRİK;114 NOLU SOKAK;sokak;149220900
KIRKLARELİ;PEHLİVANKÖY;KAZIMDİRİK;115 NOLU SOKAK;sokak;251874690
KIRKLARELİ;PEHLİVANKÖY;KAZIMDİRİK;116 NOLU SOKAK;sokak;466497110
KIRKLARELİ;PEHLİVANKÖY;KAZIMDİRİK;117 NOLU SOKAK;sokak;607779760
KIRKLARELİ;PEHLİVANKÖY;KAZIMDİRİK;118 NOLU SOKAK;sokak;955331880
KIRKLARELİ;PEHLİVANKÖY;KAZIMDİRİK;119 NOLU SOKAK;sokak;955735720
KIRKLARELİ;PEHLİVANKÖY;KAZIMDİRİK;120 NOLU SOKAK;sokak;823717090
KIRKLARELİ;PEHLİVANKÖY;KAZIMDİRİK;121 NOLU SOKAK;sokak;857430370
KIRKLARELİ;PEHLİVANKÖY;KAZIMDİRİK;122 NOLU SOKAK;sokak;917003100
KIRKLARELİ;PEHLİVANKÖY;KAZIMDİRİK;123 NOLU SOKAK;sokak;201913910
KIRKLARELİ;PEHLİVANKÖY;KAZIMDİRİK;124 NOLU SOKAK;sokak;251154600
KIRKLARELİ;PEHLİVANKÖY;KAZIMDİRİK;125 NOLU SOKAK;sokak;856638210
KIRKLARELİ;PEHLİVANKÖY;KAZIMDİRİK;126 NOLU SOKAK;sokak;987381720
KIRKLARELİ;PEHLİVANKÖY;KAZIMDİRİK;127 NOLU SOKAK;sokak;135640670
KIRKLARELİ;PEHLİVANKÖY;KAZIMDİRİK;128 NOLU SOKAK;sokak;256426460
KIRKLARELİ;PEHLİVANKÖY;KAZIMDİRİK;129 NOLU SOKAK;sokak;826627920
KIRKLARELİ;PEHLİVANKÖY;KAZIMDİRİK;130 NOLU SOKAK;sokak;956773570
KIRKLARELİ;PEHLİVANKÖY;KAZIMDİRİK;131 NOLU SOKAK;sokak;776502730
KIRKLARELİ;PEHLİVANKÖY;KAZIMDİRİK;132 NOLU SOKAK;sokak;440113440
KIRKLARELİ;PEHLİVANKÖY;KAZIMDİRİK;133 NOLU SOKAK;sokak;142702840
KIRKLARELİ;PEHLİVANKÖY;KAZIMDİRİK;135 NOLU SOKAK;sokak;986812240
KIRKLARELİ;PEHLİVANKÖY;KAZIMDİRİK;136 NOLU SOKAK;sokak;754070490
KIRKLARELİ;PEHLİVANKÖY;KAZIMDİRİK;204 NOLU SOKAK;sokak;298590300
KIRKLARELİ;PEHLİVANKÖY;KAZIMDİRİK;AACD SOKAK;sokak;222623980
KIRKLARELİ;PEHLİVANKÖY;KAZIMDİRİK;AKASYA SOKAK;sokak;263046
KIRKLARELİ;PEHLİVANKÖY;KAZIMDİRİK;ALİ RIZA YILMAZ SOKAK;sokak;263048
KIRKLARELİ;PEHLİVANKÖY;KAZIMDİRİK;ALTINOLUK SOKAK;sokak;263047
KIRKLARELİ;PEHLİVANKÖY;KAZIMDİRİK;ARA SOKAK;sokak;441914
KIRKLARELİ;PEHLİVANKÖY;KAZIMDİRİK;BADEMLİK SOKAK;sokak;714897
KIRKLARELİ;PEHLİVANKÖY;KAZIMDİRİK;CUMHURİYET CADDE;cadde;263050
KIRKLARELİ;PEHLİVANKÖY;KAZIMDİRİK;CUMHURİYET MEYDANI MEYDAN;sokak;263049
KIRKLARELİ;PEHLİVANKÖY;KAZIMDİRİK;ÇAĞATAY SOKAK;sokak;655631730
KIRKLARELİ;PEHLİVANKÖY;KAZIMDİRİK;ÇIĞDEM 1 SOKAK;sokak;845728660
KIRKLARELİ;PEHLİVANKÖY;KAZIMDİRİK;DEMİR SOKAK;sokak;166180500
KIRKLARELİ;PEHLİVANKÖY;KAZIMDİRİK;DERE SOKAK;sokak;441915
KIRKLARELİ;PEHLİVANKÖY;KAZIMDİRİK;DİNÇER SOKAK;sokak;115165981
KIRKLARELİ;PEHLİVANKÖY;KAZIMDİRİK;ECZACI MAHMUT TUNA CADDE;cadde;441911
KIRKLARELİ;PEHLİVANKÖY;KAZIMDİRİK;EDİRNE CADDE;cadde;263051
KIRKLARELİ;PEHLİVANKÖY;KAZIMDİRİK;EMİN ÇAVUŞ SOKAK;sokak;714898
KIRKLARELİ;PEHLİVANKÖY;KAZIMDİRİK;EMNİYET SOKAK;sokak;262732
KIRKLARELİ;PEHLİVANKÖY;KAZIMDİRİK;ERTÜRK SOKAK;sokak;376677140
KIRKLARELİ;PEHLİVANKÖY;KAZIMDİRİK;GÜL SOKAK;sokak;262723
KIRKLARELİ;PEHLİVANKÖY;KAZIMDİRİK;HASAN AKINCITÜRK SOKAK;sokak;262724
KIRKLARELİ;PEHLİVANKÖY;KAZIMDİRİK;HUZUR SOKAK;sokak;262725
KIRKLARELİ;PEHLİVANKÖY;KAZIMDİRİK;İSİMSİZ 15 SOKAK;sokak;747287830
KIRKLARELİ;PEHLİVANKÖY;KAZIMDİRİK;İSİMSİZ 29 SOKAK;sokak;234547130
KIRKLARELİ;PEHLİVANKÖY;KAZIMDİRİK;İSİMSİZ 4 SOKAK;sokak;754163391
KIRKLARELİ;PEHLİVANKÖY;KAZIMDİRİK;İSİMSİZ 8 SOKAK;sokak;790325530
KIRKLARELİ;PEHLİVANKÖY;KAZIMDİRİK;İSTASYON CADDE;cadde;441912
KIRKLARELİ;PEHLİVANKÖY;KAZIMDİRİK;KÖPRÜ SOKAK;sokak;262726
KIRKLARELİ;PEHLİVANKÖY;KAZIMDİRİK;SAĞLIK SOKAK;sokak;262727
KIRKLARELİ;PEHLİVANKÖY;KAZIMDİRİK;SANAYİ SOKAK;sokak;619002471
KIRKLARELİ;PEHLİVANKÖY;KAZIMDİRİK;SELLEKTÖR SOKAK;sokak;731769010
KIRKLARELİ;PEHLİVANKÖY;KAZIMDİRİK;ŞEHİT JANDARMA ER ADEM BALCI SOKAK;sokak;441910
KIRKLARELİ;PEHLİVANKÖY;KAZIMDİRİK;ŞEHİT MOLLA BEKİR SOKAK;sokak;262733
KIRKLARELİ;PEHLİVANKÖY;KAZIMDİRİK;TAŞKIN SOKAK;sokak;176439090
KIRKLARELİ;PEHLİVANKÖY;KAZIMDİRİK;TOROS SOKAK;sokak;668182041
KIRKLARELİ;PEHLİVANKÖY;KAZIMDİRİK;TUNA SOKAK;sokak;441913
KIRKLARELİ;PEHLİVANKÖY;KAZIMDİRİK;ULUS SOKAK;sokak;262728
KIRKLARELİ;PEHLİVANKÖY;KAZIMDİRİK;UYANIK SOKAK;sokak;289316990
KIRKLARELİ;PEHLİVANKÖY;KAZIMDİRİK;YALÇIN SOKAK;sokak;461685060
KIRKLARELİ;PEHLİVANKÖY;KAZIMDİRİK;YEŞİL BAHÇE SOKAK;sokak;262729
KIRKLARELİ;PEHLİVANKÖY;KAZIMDİRİK;ZAFER SOKAK;sokak;263045
KIRKLARELİ;PEHLİVANKÖY;KAZIMDİRİK;ZÜBEYDE HANIM MEYDAN;sokak;262730
KIRKLARELİ;PEHLİVANKÖY;KUMKÖY NA;KUMKÖY KÜME EVLER;sokak;339391
KIRKLARELİ;PEHLİVANKÖY;KURTULUŞ;301 NOLU SOKAK;sokak;932209520
KIRKLARELİ;PEHLİVANKÖY;KURTULUŞ;302 NOLU SOKAK;sokak;623142650
KIRKLARELİ;PEHLİVANKÖY;KURTULUŞ;303 NOLU SOKAK;sokak;540115311
KIRKLARELİ;PEHLİVANKÖY;KURTULUŞ;304 NOLU SOKAK;sokak;115713040
KIRKLARELİ;PEHLİVANKÖY;KURTULUŞ;305 NOLU SOKAK;sokak;375017071
KIRKLARELİ;PEHLİVANKÖY;KURTULUŞ;306 NOLU SOKAK;sokak;142317570
KIRKLARELİ;PEHLİVANKÖY;KURTULUŞ;307 NOLU SOKAK;sokak;732982180
KIRKLARELİ;PEHLİVANKÖY;KURTULUŞ;308 NOLU SOKAK;sokak;768701610
KIRKLARELİ;PEHLİVANKÖY;KURTULUŞ;309 NOLU SOKAK;sokak;799209221
KIRKLARELİ;PEHLİVANKÖY;KURTULUŞ;310 NOLU SOKAK;sokak;753749260
KIRKLARELİ;PEHLİVANKÖY;KURTULUŞ;311 NOLU SOKAK;sokak;633815780
KIRKLARELİ;PEHLİVANKÖY;KURTULUŞ;312 NOLU SOKAK;sokak;380957820
KIRKLARELİ;PEHLİVANKÖY;KURTULUŞ;313 NOLU SOKAK;sokak;578975551
KIRKLARELİ;PEHLİVANKÖY;KURTULUŞ;314 NOLU SOKAK;sokak;345141900
KIRKLARELİ;PEHLİVANKÖY;KURTULUŞ;315 NOLU SOKAK;sokak;929117180
KIRKLARELİ;PEHLİVANKÖY;KURTULUŞ;316 NOLU SOKAK;sokak;870524030
KIRKLARELİ;PEHLİVANKÖY;KURTULUŞ;317 NOLU SOKAK;sokak;561892930
KIRKLARELİ;PEHLİVANKÖY;KURTULUŞ;318 NOLU SOKAK;sokak;721687190
KIRKLARELİ;PEHLİVANKÖY;KURTULUŞ;319 NOLU SOKAK;sokak;157104370
KIRKLARELİ;PEHLİVANKÖY;KURTULUŞ;320 NOLU SOKAK;sokak;678239890
KIRKLARELİ;PEHLİVANKÖY;KURTULUŞ;321 NOLU SOKAK;sokak;761139270
KIRKLARELİ;PEHLİVANKÖY;KURTULUŞ;322 NOLU SOKAK;sokak;100535690
KIRKLARELİ;PEHLİVANKÖY;KURTULUŞ;323 NOLU SOKAK;sokak;689747990
KIRKLARELİ;PEHLİVANKÖY;KURTULUŞ;324 NOLU SOKAK;sokak;531918050
KIRKLARELİ;PEHLİVANKÖY;KURTULUŞ;325 NOLU SOKAK;sokak;889385840
KIRKLARELİ;PEHLİVANKÖY;KURTULUŞ;326 NOLU SOKAK;sokak;758894100
KIRKLARELİ;PEHLİVANKÖY;KURTULUŞ;AÇELYA SOKAK;sokak;942548
KIRKLARELİ;PEHLİVANKÖY;KURTULUŞ;ARDA SOKAK;sokak;263058
KIRKLARELİ;PEHLİVANKÖY;KURTULUŞ;ATATÜRK CADDE;cadde;441918
KIRKLARELİ;PEHLİVANKÖY;KURTULUŞ;BAĞLAR SOKAK;sokak;368999
KIRKLARELİ;PEHLİVANKÖY;KURTULUŞ;BEGONYA SOKAK;sokak;942544
KIRKLARELİ;PEHLİVANKÖY;KURTULUŞ;BEKİR ÇAVUŞ SOKAK;sokak;263052
KIRKLARELİ;PEHLİVANKÖY;KURTULUŞ;BİÇER SOKAK;sokak;942540
KIRKLARELİ;PEHLİVANKÖY;KURTULUŞ;BİNLİ SOKAK;sokak;368997
KIRKLARELİ;PEHLİVANKÖY;KURTULUŞ;CUMHURİYET CADDE;cadde;263059
KIRKLARELİ;PEHLİVANKÖY;KURTULUŞ;ÇAYIRLIK SOKAK;sokak;441920
KIRKLARELİ;PEHLİVANKÖY;KURTULUŞ;ÇEVİK SOKAK;sokak;485105310
KIRKLARELİ;PEHLİVANKÖY;KURTULUŞ;ÇIĞDEM 1 SOKAK;sokak;184373350
KIRKLARELİ;PEHLİVANKÖY;KURTULUŞ;DAR SOKAK;sokak;263060
KIRKLARELİ;PEHLİVANKÖY;KURTULUŞ;DEFNE SOKAK;sokak;263057
KIRKLARELİ;PEHLİVANKÖY;KURTULUŞ;DÜNDAR SOKAK;sokak;904912260
KIRKLARELİ;PEHLİVANKÖY;KURTULUŞ;FESLEĞEN SOKAK;sokak;942550
KIRKLARELİ;PEHLİVANKÖY;KURTULUŞ;GELİNCİK SOKAK;sokak;837927391
KIRKLARELİ;PEHLİVANKÖY;KURTULUŞ;HANIMELİ SOKAK;sokak;368998
KIRKLARELİ;PEHLİVANKÖY;KURTULUŞ;HUZUR SOKAK;sokak;404537220
KIRKLARELİ;PEHLİVANKÖY;KURTULUŞ;HÜSEYİN AÇIKEL CADDE;cadde;263061
KIRKLARELİ;PEHLİVANKÖY;KURTULUŞ;İSİMSİZ 12 SOKAK;sokak;368991020
KIRKLARELİ;PEHLİVANKÖY;KURTULUŞ;İSTASYON CADDE;cadde;263064
KIRKLARELİ;PEHLİVANKÖY;KURTULUŞ;KARANFİL SOKAK;sokak;328215971
KIRKLARELİ;PEHLİVANKÖY;KURTULUŞ;KAYNAK SOKAK;sokak;369000
KIRKLARELİ;PEHLİVANKÖY;KURTULUŞ;KUMLUK SOKAK;sokak;441916
KIRKLARELİ;PEHLİVANKÖY;KURTULUŞ;KUŞTEPE KÜME EVLER;sokak;656318711
KIRKLARELİ;PEHLİVANKÖY;KURTULUŞ;KÜNTECİ SOKAK;sokak;441919
KIRKLARELİ;PEHLİVANKÖY;KURTULUŞ;MENEKŞE SOKAK;sokak;441917
KIRKLARELİ;PEHLİVANKÖY;KURTULUŞ;OĞUZ SOKAK;sokak;384238440
KIRKLARELİ;PEHLİVANKÖY;KURTULUŞ;ORKİDE SOKAK;sokak;10104537
KIRKLARELİ;PEHLİVANKÖY;KURTULUŞ;OZAN SOKAK;sokak;824085350
KIRKLARELİ;PEHLİVANKÖY;KURTULUŞ;ÖMER PEHLİVANOĞLU HÜSEYİN SOKAK;sokak;369001
KIRKLARELİ;PEHLİVANKÖY;KURTULUŞ;PAPATYA SOKAK;sokak;263054
KIRKLARELİ;PEHLİVANKÖY;KURTULUŞ;PARK SOKAK;sokak;263063
KIRKLARELİ;PEHLİVANKÖY;KURTULUŞ;PLEVNE SOKAK;sokak;263062
KIRKLARELİ;PEHLİVANKÖY;KURTULUŞ;SANAYİ SOKAK;sokak;619002470
KIRKLARELİ;PEHLİVANKÖY;KURTULUŞ;SARDUNYA SOKAK;sokak;316018180
KIRKLARELİ;PEHLİVANKÖY;KURTULUŞ;SAYGIN SOKAK;sokak;713267300
KIRKLARELİ;PEHLİVANKÖY;KURTULUŞ;SEVEN SOKAK;sokak;263055
KIRKLARELİ;PEHLİVANKÖY;KURTULUŞ;SOYKAL SOKAK;sokak;718849280
KIRKLARELİ;PEHLİVANKÖY;KURTULUŞ;SÜLEYMAN ÇEVİK SOKAK;sokak;812797391
KIRKLARELİ;PEHLİVANKÖY;KURTULUŞ;ŞAKİROĞLU SOKAK;sokak;194010660
KIRKLARELİ;PEHLİVANKÖY;KURTULUŞ;ŞEHİT KERİM SOKAK;sokak;720257
KIRKLARELİ;PEHLİVANKÖY;KURTULUŞ;TÜFEKÇİ SOKAK;sokak;930339421
KIRKLARELİ;PEHLİVANKÖY;KURTULUŞ;TÜRKŞEN SOKAK;sokak;133403850
KIRKLARELİ;PEHLİVANKÖY;KURTULUŞ;YASEMİN SOKAK;sokak;263056
KIRKLARELİ;PEHLİVANKÖY;KUŞTEPE NA;KUŞTEPE KÜME EVLER;sokak;516302
KIRKLARELİ;PEHLİVANKÖY;YEŞİLOVA NA;YEŞİLOVA KÜME EVLER;sokak;564548
KIRKLARELİ;PEHLİVANKÖY;YEŞİLPINAR NA;YEŞİLPINAR KÜME EVLER;sokak;517361
KIRKLARELİ;PINARHİSAR;AKÖREN NA;AKÖREN KÜME EVLER;sokak;499132
KIRKLARELİ;PINARHİSAR;ATAKÖY NA;ATAKÖY KÜME EVLER;sokak;542421
KIRKLARELİ;PINARHİSAR;BEYLİK;1.GÖÇMENLER SOKAK;sokak;759529
KIRKLARELİ;PINARHİSAR;BEYLİK;105. SOKAK;sokak;752322
KIRKLARELİ;PINARHİSAR;BEYLİK;107. SOKAK;sokak;753394
KIRKLARELİ;PINARHİSAR;BEYLİK;109. SOKAK;sokak;187650
KIRKLARELİ;PINARHİSAR;BEYLİK;111 SOKAK SOKAK;sokak;650797410
KIRKLARELİ;PINARHİSAR;BEYLİK;115 SOKAK;sokak;876978
KIRKLARELİ;PINARHİSAR;BEYLİK;123 SOKAK SOKAK;sokak;781212580
KIRKLARELİ;PINARHİSAR;BEYLİK;129 SOKAK;sokak;389110790
KIRKLARELİ;PINARHİSAR;BEYLİK;2.GÖÇMENLER SOKAK;sokak;758914
KIRKLARELİ;PINARHİSAR;BEYLİK;202 SOKAK SOKAK;sokak;517743541
KIRKLARELİ;PINARHİSAR;BEYLİK;204 SOKAK SOKAK;sokak;887401211
KIRKLARELİ;PINARHİSAR;BEYLİK;206 SOKAK SOKAK;sokak;106723921
KIRKLARELİ;PINARHİSAR;BEYLİK;208 SOKAK SOKAK;sokak;930933180
KIRKLARELİ;PINARHİSAR;BEYLİK;210 SOKAK SOKAK;sokak;593982140
KIRKLARELİ;PINARHİSAR;BEYLİK;211 SOKAK;sokak;749048
KIRKLARELİ;PINARHİSAR;BEYLİK;212 SOKAK SOKAK;sokak;208624131
KIRKLARELİ;PINARHİSAR;BEYLİK;3.GÖÇMENLER SOKAK;sokak;752340
KIRKLARELİ;PINARHİSAR;BEYLİK;4.GÖÇMENLER SOKAK;sokak;748915
KIRKLARELİ;PINARHİSAR;BEYLİK;498 SOKAK SOKAK;sokak;580629851
KIRKLARELİ;PINARHİSAR;BEYLİK;499. SOKAK;sokak;749270
KIRKLARELİ;PINARHİSAR;BEYLİK;5.GÖÇMENLER SOKAK;sokak;752026
KIRKLARELİ;PINARHİSAR;BEYLİK;500. SOKAK;sokak;753476
KIRKLARELİ;PINARHİSAR;BEYLİK;501. SOKAK;sokak;266294
KIRKLARELİ;PINARHİSAR;BEYLİK;502. SOKAK;sokak;266290
KIRKLARELİ;PINARHİSAR;BEYLİK;503. SOKAK;sokak;190599
KIRKLARELİ;PINARHİSAR;BEYLİK;504. SOKAK;sokak;413398
KIRKLARELİ;PINARHİSAR;BEYLİK;505. SOKAK;sokak;364505
KIRKLARELİ;PINARHİSAR;BEYLİK;506. SOKAK;sokak;439814
KIRKLARELİ;PINARHİSAR;BEYLİK;507 SOKAK SOKAK;sokak;771877970
KIRKLARELİ;PINARHİSAR;BEYLİK;509. SOKAK;sokak;753845
KIRKLARELİ;PINARHİSAR;BEYLİK;510 SOKAK SOKAK;sokak;248071900
KIRKLARELİ;PINARHİSAR;BEYLİK;511. SOKAK;sokak;364534
KIRKLARELİ;PINARHİSAR;BEYLİK;512 SOKAK SOKAK;sokak;331140910
KIRKLARELİ;PINARHİSAR;BEYLİK;513. SOKAK;sokak;413389
KIRKLARELİ;PINARHİSAR;BEYLİK;514 SOKAK SOKAK;sokak;242510011
KIRKLARELİ;PINARHİSAR;BEYLİK;515 SOKAK SOKAK;sokak;688249780
KIRKLARELİ;PINARHİSAR;BEYLİK;516 SOKAK SOKAK;sokak;136141280
KIRKLARELİ;PINARHİSAR;BEYLİK;518 SOKAK SOKAK;sokak;196017720
KIRKLARELİ;PINARHİSAR;BEYLİK;519 SOKAK SOKAK;sokak;581438680
KIRKLARELİ;PINARHİSAR;BEYLİK;521 SOKAK SOKAK;sokak;137167090
KIRKLARELİ;PINARHİSAR;BEYLİK;522 SOKAK SOKAK;sokak;748829451
KIRKLARELİ;PINARHİSAR;BEYLİK;523 SOKAK SOKAK;sokak;307544930
KIRKLARELİ;PINARHİSAR;BEYLİK;524 SOKAK SOKAK;sokak;518490081
KIRKLARELİ;PINARHİSAR;BEYLİK;525 SOKAK;sokak;828977
KIRKLARELİ;PINARHİSAR;BEYLİK;528 SOKAK SOKAK;sokak;575968011
KIRKLARELİ;PINARHİSAR;BEYLİK;530 SOKAK SOKAK;sokak;938634540
KIRKLARELİ;PINARHİSAR;BEYLİK;532 SOKAK SOKAK;sokak;165378700
KIRKLARELİ;PINARHİSAR;BEYLİK;534 SOKAK SOKAK;sokak;219616361
KIRKLARELİ;PINARHİSAR;BEYLİK;536 SOKAK SOKAK;sokak;577860630
KIRKLARELİ;PINARHİSAR;BEYLİK;539 SOKAK SOKAK;sokak;591655550
KIRKLARELİ;PINARHİSAR;BEYLİK;543 SOKAK SOKAK;sokak;566034000
KIRKLARELİ;PINARHİSAR;BEYLİK;544 SOKAK SOKAK;sokak;915084990
KIRKLARELİ;PINARHİSAR;BEYLİK;545 SOKAK;sokak;49862493
KIRKLARELİ;PINARHİSAR;BEYLİK;547 SOKAK SOKAK;sokak;291317370
KIRKLARELİ;PINARHİSAR;BEYLİK;550 SOKAK SOKAK;sokak;494997911
KIRKLARELİ;PINARHİSAR;BEYLİK;8 KASIM CADDE;cadde;753474
KIRKLARELİ;PINARHİSAR;BEYLİK;96 SOKAK;sokak;857485
KIRKLARELİ;PINARHİSAR;BEYLİK;98 SOKAK SOKAK;sokak;773517991
KIRKLARELİ;PINARHİSAR;BEYLİK;AKÖREN YOLU SOKAK;sokak;844384070
KIRKLARELİ;PINARHİSAR;BEYLİK;ÇAĞ SOKAK;sokak;856761
KIRKLARELİ;PINARHİSAR;BEYLİK;ÇUKURÇEŞME SOKAK;sokak;185925
KIRKLARELİ;PINARHİSAR;BEYLİK;DERİN SOKAK;sokak;753488
KIRKLARELİ;PINARHİSAR;BEYLİK;DİRİLİŞ SOKAK;sokak;583570391
KIRKLARELİ;PINARHİSAR;BEYLİK;EMİN AĞA SOKAK;sokak;749049
KIRKLARELİ;PINARHİSAR;BEYLİK;HAYDARBABA SOKAK;sokak;752010
KIRKLARELİ;PINARHİSAR;BEYLİK;HAYDARBABA1 SOKAK;sokak;160628121
KIRKLARELİ;PINARHİSAR;BEYLİK;HÜRRİYET CADDE;cadde;758918
KIRKLARELİ;PINARHİSAR;BEYLİK;KADER SOKAK;sokak;211278161
KIRKLARELİ;PINARHİSAR;BEYLİK;KARŞIYAKA 3 SOKAK SOKAK;sokak;914583311
KIRKLARELİ;PINARHİSAR;BEYLİK;KARŞIYAKA SOKAK;sokak;757984
KIRKLARELİ;PINARHİSAR;BEYLİK;KARŞIYAKA1 SOKAK;sokak;375875570
KIRKLARELİ;PINARHİSAR;BEYLİK;KARŞIYAKA2 SOKAK;sokak;591293951
KIRKLARELİ;PINARHİSAR;BEYLİK;KAYALIK SOKAK;sokak;753393
KIRKLARELİ;PINARHİSAR;BEYLİK;KIYMET SOKAK;sokak;491104891
KIRKLARELİ;PINARHİSAR;BEYLİK;KOLOĞLU SOKAK;sokak;753491
KIRKLARELİ;PINARHİSAR;BEYLİK;MADEN SOKAK;sokak;951060351
KIRKLARELİ;PINARHİSAR;BEYLİK;MEHMET EFENDİ CADDE;cadde;755102
KIRKLARELİ;PINARHİSAR;BEYLİK;MEHMET EFENDİ1 SOKAK;sokak;201730190
KIRKLARELİ;PINARHİSAR;BEYLİK;MEHMET EFENDİ2 SOKAK;sokak;684676790
KIRKLARELİ;PINARHİSAR;BEYLİK;POYRAZ OSMAN SOKAK;sokak;822364721
KIRKLARELİ;PINARHİSAR;BEYLİK;SALİH BİLİNMEZ CADDE;cadde;754272
KIRKLARELİ;PINARHİSAR;BEYLİK;SEVGİ SOKAK;sokak;371019791
KIRKLARELİ;PINARHİSAR;BEYLİK;ŞADIRVAN CADDE;cadde;266646
KIRKLARELİ;PINARHİSAR;BEYLİK;ŞEHİT MURAT KOÇ CADDE;cadde;187665
KIRKLARELİ;PINARHİSAR;BEYLİK;TERAS SOKAK;sokak;295089591
KIRKLARELİ;PINARHİSAR;BEYLİK;UZUN ALİ SOKAK;sokak;755099
KIRKLARELİ;PINARHİSAR;CAMİİKEBİR;101. SOKAK;sokak;264826
KIRKLARELİ;PINARHİSAR;CAMİİKEBİR;105. SOKAK;sokak;264827
KIRKLARELİ;PINARHİSAR;CAMİİKEBİR;107. SOKAK;sokak;449550
KIRKLARELİ;PINARHİSAR;CAMİİKEBİR;109. SOKAK;sokak;264828
KIRKLARELİ;PINARHİSAR;CAMİİKEBİR;129 SOKAK;sokak;751216400
KIRKLARELİ;PINARHİSAR;CAMİİKEBİR;88. SOKAK;sokak;264829
KIRKLARELİ;PINARHİSAR;CAMİİKEBİR;90. SOKAK;sokak;449551
KIRKLARELİ;PINARHİSAR;CAMİİKEBİR;91 SOKAK;sokak;264834
KIRKLARELİ;PINARHİSAR;CAMİİKEBİR;92. SOKAK;sokak;264830
KIRKLARELİ;PINARHİSAR;CAMİİKEBİR;BEHÇET GÜLER CADDE;cadde;264831
KIRKLARELİ;PINARHİSAR;CAMİİKEBİR;BİRİCİK SOKAK;sokak;646792101
KIRKLARELİ;PINARHİSAR;CAMİİKEBİR;BÜYÜKPINAR SOKAK;sokak;449552
KIRKLARELİ;PINARHİSAR;CAMİİKEBİR;ÇAĞRI SOKAK;sokak;820223931
KIRKLARELİ;PINARHİSAR;CAMİİKEBİR;ÇİMENTO FABRİKASI KÜME EVLER;sokak;449554
KIRKLARELİ;PINARHİSAR;CAMİİKEBİR;DEFNE SOKAK;sokak;622597421
KIRKLARELİ;PINARHİSAR;CAMİİKEBİR;EROL OLGAÇLI CADDE;cadde;95739181
KIRKLARELİ;PINARHİSAR;CAMİİKEBİR;HİSARLAR SOKAK;sokak;264833
KIRKLARELİ;PINARHİSAR;CAMİİKEBİR;HİSARLAR1 SOKAK;sokak;712209251
KIRKLARELİ;PINARHİSAR;CAMİİKEBİR;HİSARLAR2 SOKAK;sokak;751423561
KIRKLARELİ;PINARHİSAR;CAMİİKEBİR;HÜRRİYET CADDE;cadde;264832
KIRKLARELİ;PINARHİSAR;CAMİİKEBİR;KAAN SOKAK;sokak;890188731
KIRKLARELİ;PINARHİSAR;CAMİİKEBİR;KOLOĞLU SOKAK;sokak;264835
KIRKLARELİ;PINARHİSAR;CAMİİKEBİR;MADENLER SOKAK;sokak;264836
KIRKLARELİ;PINARHİSAR;CAMİİKEBİR;MADENLER1 SOKAK;sokak;455920600
KIRKLARELİ;PINARHİSAR;CAMİİKEBİR;MADENLER2 SOKAK;sokak;420387940
KIRKLARELİ;PINARHİSAR;CAMİİKEBİR;MADENLER3 SOKAK;sokak;316323590
KIRKLARELİ;PINARHİSAR;CAMİİKEBİR;MADENLER4 SOKAK;sokak;192942061
KIRKLARELİ;PINARHİSAR;CAMİİKEBİR;PANAYIR SOKAK;sokak;264837
KIRKLARELİ;PINARHİSAR;CAMİİKEBİR;RÜZGAR SOKAK;sokak;902784091
KIRKLARELİ;PINARHİSAR;CAMİİKEBİR;ŞAHİN SOKAK;sokak;644698931
KIRKLARELİ;PINARHİSAR;CAMİİKEBİR;ŞEHİT MURAT KOÇ CADDE;cadde;264840
KIRKLARELİ;PINARHİSAR;CAMİİKEBİR;ŞEHİT MURAT KOÇ1 SOKAK;sokak;907848360
KIRKLARELİ;PINARHİSAR;CAMİİKEBİR;TÜRKAY SOKAK;sokak;964165081
KIRKLARELİ;PINARHİSAR;CAMİİKEBİR;UZUN ALİ SOKAK;sokak;264838
KIRKLARELİ;PINARHİSAR;CEVİZKÖY NA;CEVİZKÖY KÜME EVLER;sokak;584805
KIRKLARELİ;PINARHİSAR;ÇAYIRDERE NA;ÇAYIRDERE KÜME EVLER;sokak;519878
KIRKLARELİ;PINARHİSAR;DERE;150 SOKAK;sokak;52879046
KIRKLARELİ;PINARHİSAR;DERE;17 SOKAK SOKAK;sokak;457710291
KIRKLARELİ;PINARHİSAR;DERE;18 SOKAK;sokak;721937250
KIRKLARELİ;PINARHİSAR;DERE;19. SOKAK;sokak;158080
KIRKLARELİ;PINARHİSAR;DERE;20. SOKAK;sokak;158163
KIRKLARELİ;PINARHİSAR;DERE;201 SOKAK;sokak;605531790
KIRKLARELİ;PINARHİSAR;DERE;21. SOKAK;sokak;158161
KIRKLARELİ;PINARHİSAR;DERE;22. SOKAK;sokak;158076
KIRKLARELİ;PINARHİSAR;DERE;23. SOKAK;sokak;449556
KIRKLARELİ;PINARHİSAR;DERE;24 SOKAK SOKAK;sokak;381083791
KIRKLARELİ;PINARHİSAR;DERE;25 SOKAK SOKAK;sokak;746707461
KIRKLARELİ;PINARHİSAR;DERE;26. SOKAK;sokak;158077
KIRKLARELİ;PINARHİSAR;DERE;27 SOKAK;sokak;1032879
KIRKLARELİ;PINARHİSAR;DERE;28. SOKAK;sokak;158159
KIRKLARELİ;PINARHİSAR;DERE;29 SOKAK SOKAK;sokak;197654370
KIRKLARELİ;PINARHİSAR;DERE;30. SOKAK;sokak;158164
KIRKLARELİ;PINARHİSAR;DERE;300 SOKAK;sokak;419649
KIRKLARELİ;PINARHİSAR;DERE;302 SOKAK;sokak;847065480
KIRKLARELİ;PINARHİSAR;DERE;303. SOKAK;sokak;1112714
KIRKLARELİ;PINARHİSAR;DERE;304 ÇIKMAZ SOKAK SOKAK;sokak;361249560
KIRKLARELİ;PINARHİSAR;DERE;304. SOKAK;sokak;449557
KIRKLARELİ;PINARHİSAR;DERE;305. SOKAK;sokak;185205
KIRKLARELİ;PINARHİSAR;DERE;31 SOKAK;sokak;31408933
KIRKLARELİ;PINARHİSAR;DERE;314. SOKAK;sokak;264847
KIRKLARELİ;PINARHİSAR;DERE;315 SOKAK SOKAK;sokak;873170531
KIRKLARELİ;PINARHİSAR;DERE;32. SOKAK;sokak;417892
KIRKLARELİ;PINARHİSAR;DERE;320 SOKAK SOKAK;sokak;549329181
KIRKLARELİ;PINARHİSAR;DERE;322 SOKAK;sokak;122754261
KIRKLARELİ;PINARHİSAR;DERE;323 SOKAK;sokak;838565751
KIRKLARELİ;PINARHİSAR;DERE;324 SOKAK;sokak;769137141
KIRKLARELİ;PINARHİSAR;DERE;33 SOKAK;sokak;81363467
KIRKLARELİ;PINARHİSAR;DERE;330 SOKAK SOKAK;sokak;833714501
KIRKLARELİ;PINARHİSAR;DERE;334 SOKAK SOKAK;sokak;261177471
KIRKLARELİ;PINARHİSAR;DERE;336 SOKAK SOKAK;sokak;859475130
KIRKLARELİ;PINARHİSAR;DERE;34 SOKAK SOKAK;sokak;686750811
KIRKLARELİ;PINARHİSAR;DERE;340 SOKAK SOKAK;sokak;351888200
KIRKLARELİ;PINARHİSAR;DERE;35 SOKAK SOKAK;sokak;493045790
KIRKLARELİ;PINARHİSAR;DERE;36 SOKAK SOKAK;sokak;355153030
KIRKLARELİ;PINARHİSAR;DERE;37 SOKAK;sokak;485573261
KIRKLARELİ;PINARHİSAR;DERE;38 SOKAK SOKAK;sokak;269453600
KIRKLARELİ;PINARHİSAR;DERE;39 SOKAK;sokak;995190841
KIRKLARELİ;PINARHİSAR;DERE;40 SOKAK;sokak;762095431
KIRKLARELİ;PINARHİSAR;DERE;50 SOKAK;sokak;558402840
KIRKLARELİ;PINARHİSAR;DERE;BERGÜZAR GÖNENÇ CADDE;cadde;419658
KIRKLARELİ;PINARHİSAR;DERE;CUMHURİYET MEYDAN;sokak;75862
KIRKLARELİ;PINARHİSAR;DERE;DARACIK SOKAK;sokak;743511
KIRKLARELİ;PINARHİSAR;DERE;DEĞİRMEN SOKAK;sokak;426329
KIRKLARELİ;PINARHİSAR;DERE;DR.İSMET OGAN CADDE;cadde;437428
KIRKLARELİ;PINARHİSAR;DERE;EROL OLGAÇLI CADDE;cadde;747551
KIRKLARELİ;PINARHİSAR;DERE;GÜRSEL CADDE;cadde;212299
KIRKLARELİ;PINARHİSAR;DERE;HÜKÜMET ÇEŞME SOKAK;sokak;426333
KIRKLARELİ;PINARHİSAR;DERE;İZZET AĞA ÇEŞME SOKAK;sokak;31599194
KIRKLARELİ;PINARHİSAR;DERE;KAMİL AĞA SOKAK;sokak;328688201
KIRKLARELİ;PINARHİSAR;DERE;KATİPOĞLU SOKAK;sokak;747948
KIRKLARELİ;PINARHİSAR;DERE;KURTULUŞ SOKAK;sokak;449560
KIRKLARELİ;PINARHİSAR;DERE;LÜLEBURGAZ CADDE;cadde;264850
KIRKLARELİ;PINARHİSAR;DERE;MEMİŞ GÜVENEL CADDE;cadde;264851
KIRKLARELİ;PINARHİSAR;DERE;NAİL GERMAN CADDE;cadde;742526
KIRKLARELİ;PINARHİSAR;DERE;ŞEHİT ARA SOKAK;sokak;749999391
KIRKLARELİ;PINARHİSAR;DERE;ŞEHİT ŞEREF AVAR CADDE;cadde;742410
KIRKLARELİ;PINARHİSAR;DERE;TSAREVO SOKAK;sokak;212238
KIRKLARELİ;PINARHİSAR;DERE;TÜRKOCAĞI 1 SOKAK SOKAK;sokak;364189450
KIRKLARELİ;PINARHİSAR;DERE;TÜRKOCAĞI CADDE;cadde;741788
KIRKLARELİ;PINARHİSAR;ERENLER NA;ERENLER KÜME EVLER;sokak;514351
KIRKLARELİ;PINARHİSAR;ERENLER NA;TOZAKLI KÜME EVLER;sokak;517069270
KIRKLARELİ;PINARHİSAR;EVCİLER NA;EVCİLER KÜME EVLER;sokak;522159
KIRKLARELİ;PINARHİSAR;HACIFAKILI NA;HACIFAKLI KÜME EVLER;sokak;261625
KIRKLARELİ;PINARHİSAR;İSLAMBEYLİ NA;İSLAMBEYLİ KÜME EVLER;sokak;519457
KIRKLARELİ;PINARHİSAR;KAYNARCA - AKARLAR;AHMET BEY YOLU 1. SOKAK;sokak;89884241
KIRKLARELİ;PINARHİSAR;KAYNARCA - AKARLAR;AHMET BEY YOLU ARA SOKAK;sokak;83073759
KIRKLARELİ;PINARHİSAR;KAYNARCA - AKARLAR;AHMET BEY YOLU SOKAK;sokak;706740
KIRKLARELİ;PINARHİSAR;KAYNARCA - AKARLAR;ATAKÖY KÜME EVLER;sokak;91393694
KIRKLARELİ;PINARHİSAR;KAYNARCA - AKARLAR;BAĞLAR ALTI KÜME EVLER;sokak;61064911
KIRKLARELİ;PINARHİSAR;KAYNARCA - AKARLAR;BAĞLIK KÜME EVLER;sokak;93811016
KIRKLARELİ;PINARHİSAR;KAYNARCA - AKARLAR;CUMHURİYET SOKAK;sokak;264991
KIRKLARELİ;PINARHİSAR;KAYNARCA - AKARLAR;ÇARŞI CADDE;cadde;449568
KIRKLARELİ;PINARHİSAR;KAYNARCA - AKARLAR;ÇEŞMELER SOKAK;sokak;264999
KIRKLARELİ;PINARHİSAR;KAYNARCA - AKARLAR;DEĞİRMENLER SOKAK;sokak;264992
KIRKLARELİ;PINARHİSAR;KAYNARCA - AKARLAR;DİK SOKAK;sokak;264993
KIRKLARELİ;PINARHİSAR;KAYNARCA - AKARLAR;ESKİ BAĞLAR KÜME EVLER;sokak;45910742
KIRKLARELİ;PINARHİSAR;KAYNARCA - AKARLAR;İSTANBUL 1. CADDE;cadde;62011598
KIRKLARELİ;PINARHİSAR;KAYNARCA - AKARLAR;İSTANBUL CADDE;cadde;83683201
KIRKLARELİ;PINARHİSAR;KAYNARCA - AKARLAR;KARAKAYA SOKAK;sokak;449566
KIRKLARELİ;PINARHİSAR;KAYNARCA - AKARLAR;KARAKOL SOKAK;sokak;264994
KIRKLARELİ;PINARHİSAR;KAYNARCA - AKARLAR;KARİYE CİVARI KÜME EVLER;sokak;94784766
KIRKLARELİ;PINARHİSAR;KAYNARCA - AKARLAR;KENAR SOKAK;sokak;264995
KIRKLARELİ;PINARHİSAR;KAYNARCA - AKARLAR;KIVRIM SOKAK;sokak;449567
KIRKLARELİ;PINARHİSAR;KAYNARCA - AKARLAR;LÜLEBURGAZ CADDE;cadde;375287261
KIRKLARELİ;PINARHİSAR;KAYNARCA - AKARLAR;ONBAŞI SOKAK;sokak;264997
KIRKLARELİ;PINARHİSAR;KAYNARCA - AKARLAR;OSMANCIK KÜME EVLER;sokak;44574226
KIRKLARELİ;PINARHİSAR;KAYNARCA - AKARLAR;PROF. DR. NECDET TEKİN SOKAK;sokak;264996
KIRKLARELİ;PINARHİSAR;KAYNARCA - AKARLAR;STADYUM SOKAK;sokak;1358399
KIRKLARELİ;PINARHİSAR;KAYNARCA - AKARLAR;SÜVARİ ALAYI SOKAK;sokak;679118
KIRKLARELİ;PINARHİSAR;KAYNARCA - AKARLAR;TUZLU DERE KÜME EVLER;sokak;90778325
KIRKLARELİ;PINARHİSAR;KAYNARCA - AKARLAR;YENİ OKUL SOKAK;sokak;264998
KIRKLARELİ;PINARHİSAR;KAYNARCA - IŞIKLAR;AYAZLAR SOKAK;sokak;265000
KIRKLARELİ;PINARHİSAR;KAYNARCA - IŞIKLAR;BAĞLAR SOKAK;sokak;265001
KIRKLARELİ;PINARHİSAR;KAYNARCA - IŞIKLAR;BAYIR SOKAK;sokak;1358667
KIRKLARELİ;PINARHİSAR;KAYNARCA - IŞIKLAR;CEVİZLER SOKAK;sokak;244351
KIRKLARELİ;PINARHİSAR;KAYNARCA - IŞIKLAR;ÇARŞI CADDE;cadde;258101
KIRKLARELİ;PINARHİSAR;KAYNARCA - IŞIKLAR;ÇIKMAZ SOKAK;sokak;258102
KIRKLARELİ;PINARHİSAR;KAYNARCA - IŞIKLAR;ÇİÇEK SOKAK;sokak;212700121
KIRKLARELİ;PINARHİSAR;KAYNARCA - IŞIKLAR;DELİKTAŞ SOKAK;sokak;449569
KIRKLARELİ;PINARHİSAR;KAYNARCA - IŞIKLAR;DEMİRCİ SOKAK;sokak;35320589
KIRKLARELİ;PINARHİSAR;KAYNARCA - IŞIKLAR;DOLAMBAÇLI SOKAK;sokak;265002
KIRKLARELİ;PINARHİSAR;KAYNARCA - IŞIKLAR;EĞİTİM 1. SOKAK;sokak;14293260
KIRKLARELİ;PINARHİSAR;KAYNARCA - IŞIKLAR;GAZİ SOKAK;sokak;755714890
KIRKLARELİ;PINARHİSAR;KAYNARCA - IŞIKLAR;GAZİEVLERİ KÜME EVLER;sokak;265003
KIRKLARELİ;PINARHİSAR;KAYNARCA - IŞIKLAR;HİMMET SOKAK;sokak;265004
KIRKLARELİ;PINARHİSAR;KAYNARCA - IŞIKLAR;İSTANBUL 1. CADDE;cadde;36989267
KIRKLARELİ;PINARHİSAR;KAYNARCA - IŞIKLAR;İSTANBUL CADDE;cadde;258103
KIRKLARELİ;PINARHİSAR;KAYNARCA - IŞIKLAR;KALDIRIM SOKAK;sokak;449570
KIRKLARELİ;PINARHİSAR;KAYNARCA - IŞIKLAR;KARINCAK KÜME EVLER;sokak;835104791
KIRKLARELİ;PINARHİSAR;KAYNARCA - IŞIKLAR;KARTAL SOKAK;sokak;1358665
KIRKLARELİ;PINARHİSAR;KAYNARCA - IŞIKLAR;KEMALİYE SOKAK;sokak;265005
KIRKLARELİ;PINARHİSAR;KAYNARCA - IŞIKLAR;KIŞLALAR SOKAK;sokak;265006
KIRKLARELİ;PINARHİSAR;KAYNARCA - IŞIKLAR;KOCATAŞ SOKAK;sokak;449571
KIRKLARELİ;PINARHİSAR;KAYNARCA - IŞIKLAR;KÖŞE SOKAK;sokak;108485700
KIRKLARELİ;PINARHİSAR;KAYNARCA - IŞIKLAR;MEYDAN 1. SOKAK;sokak;83452714
KIRKLARELİ;PINARHİSAR;KAYNARCA - IŞIKLAR;MEYDAN SOKAK;sokak;265007
KIRKLARELİ;PINARHİSAR;KAYNARCA - IŞIKLAR;NAİM SÜLEYMANOĞLU SOKAK;sokak;13389861
KIRKLARELİ;PINARHİSAR;KAYNARCA - IŞIKLAR;ORMANCI 1. SOKAK;sokak;46860995
KIRKLARELİ;PINARHİSAR;KAYNARCA - IŞIKLAR;ORMANCI SOKAK;sokak;1358401
KIRKLARELİ;PINARHİSAR;KAYNARCA - IŞIKLAR;ÖMER AYDIN SOKAK;sokak;86554524
KIRKLARELİ;PINARHİSAR;KAYNARCA - IŞIKLAR;SAĞLIK SOKAK;sokak;1358403
KIRKLARELİ;PINARHİSAR;KAYNARCA - IŞIKLAR;SERDAR SOKAK;sokak;265008
KIRKLARELİ;PINARHİSAR;KAYNARCA - IŞIKLAR;SÜVARİ ALAYI SOKAK;sokak;694120
KIRKLARELİ;PINARHİSAR;KAYNARCA - IŞIKLAR;ŞAHİN SOKAK;sokak;49502503
KIRKLARELİ;PINARHİSAR;KAYNARCA - IŞIKLAR;ŞEHIT ASB. KD. BÇVŞ. ÖMER HALİSDEMİR SOKAK;sokak;1358537
KIRKLARELİ;PINARHİSAR;KAYNARCA - IŞIKLAR;ŞEHİT AYDIN SEYRAN 1. SOKAK;sokak;31295637
KIRKLARELİ;PINARHİSAR;KAYNARCA - IŞIKLAR;ŞEHİT AYDIN SEYRAN CADDE;cadde;449574
KIRKLARELİ;PINARHİSAR;KAYNARCA - IŞIKLAR;TEPE SOKAK;sokak;265009
KIRKLARELİ;PINARHİSAR;KAYNARCA - IŞIKLAR;TUNA SOKAK;sokak;349743861
KIRKLARELİ;PINARHİSAR;KAYNARCA - IŞIKLAR;YAYALAR 1. SOKAK;sokak;46336061
KIRKLARELİ;PINARHİSAR;KAYNARCA - IŞIKLAR;YAYALAR SOKAK;sokak;449572
KIRKLARELİ;PINARHİSAR;KAYNARCA - IŞIKLAR;YAYLA SOKAK;sokak;265010
KIRKLARELİ;PINARHİSAR;KAYNARCA - IŞIKLAR;YILDIZ SOKAK;sokak;265011
KIRKLARELİ;PINARHİSAR;KAYNARCA - IŞIKLAR;YOKUŞ SOKAK;sokak;62567557
KIRKLARELİ;PINARHİSAR;KAYNARCA - IŞIKLAR;YONCA SOKAK;sokak;62881867
KIRKLARELİ;PINARHİSAR;KAYNARCA - IŞIKLAR;ZAFER SOKAK;sokak;599835850
KIRKLARELİ;PINARHİSAR;KAYNARCA - IŞIKLAR;ZAMBAK SOKAK;sokak;258100
KIRKLARELİ;PINARHİSAR;KAYNARCA - IŞIKLAR;ZÜBEYDE HANIM CADDE;cadde;449573
KIRKLARELİ;PINARHİSAR;KAYNARCA - YENİCAMİİ;AVCILAR SOKAK;sokak;258104
KIRKLARELİ;PINARHİSAR;KAYNARCA - YENİCAMİİ;AYAZLAR SOKAK;sokak;369036
KIRKLARELİ;PINARHİSAR;KAYNARCA - YENİCAMİİ;BAĞLAR SOKAK;sokak;258105
KIRKLARELİ;PINARHİSAR;KAYNARCA - YENİCAMİİ;BAHAR SOKAK;sokak;703292
KIRKLARELİ;PINARHİSAR;KAYNARCA - YENİCAMİİ;BARIŞ SOKAK;sokak;1062994
KIRKLARELİ;PINARHİSAR;KAYNARCA - YENİCAMİİ;ÇARŞI 1. SOKAK;sokak;14295331
KIRKLARELİ;PINARHİSAR;KAYNARCA - YENİCAMİİ;ÇARŞI CADDE;cadde;258112
KIRKLARELİ;PINARHİSAR;KAYNARCA - YENİCAMİİ;DERİN YOL SOKAK;sokak;705007
KIRKLARELİ;PINARHİSAR;KAYNARCA - YENİCAMİİ;DİŞÇİ MUSTAFA VARİŞ SOKAK;sokak;369037
KIRKLARELİ;PINARHİSAR;KAYNARCA - YENİCAMİİ;EĞİTİM SOKAK;sokak;703290
KIRKLARELİ;PINARHİSAR;KAYNARCA - YENİCAMİİ;HİSAR SOKAK;sokak;449575
KIRKLARELİ;PINARHİSAR;KAYNARCA - YENİCAMİİ;İSTANBUL CADDE;cadde;93032852
KIRKLARELİ;PINARHİSAR;KAYNARCA - YENİCAMİİ;MEYDAN SOKAK;sokak;258108
KIRKLARELİ;PINARHİSAR;KAYNARCA - YENİCAMİİ;MURADİYE SOKAK;sokak;258109
KIRKLARELİ;PINARHİSAR;KAYNARCA - YENİCAMİİ;MÜLAYİM DEMİRTAŞ 1. SOKAK;sokak;84295310
KIRKLARELİ;PINARHİSAR;KAYNARCA - YENİCAMİİ;MÜLAYİM DEMİRTAŞ SOKAK;sokak;258107
KIRKLARELİ;PINARHİSAR;KAYNARCA - YENİCAMİİ;OSMAN ŞEN 1 SOKAK;sokak;56140502
KIRKLARELİ;PINARHİSAR;KAYNARCA - YENİCAMİİ;OSMAN ŞEN 2. SOKAK;sokak;30981534
KIRKLARELİ;PINARHİSAR;KAYNARCA - YENİCAMİİ;OSMAN ŞEN SOKAK;sokak;258106
KIRKLARELİ;PINARHİSAR;KAYNARCA - YENİCAMİİ;SABANCILAR SOKAK;sokak;449576
KIRKLARELİ;PINARHİSAR;KAYNARCA - YENİCAMİİ;SERDAR 1. SOKAK;sokak;90080136
KIRKLARELİ;PINARHİSAR;KAYNARCA - YENİCAMİİ;SERDAR SOKAK;sokak;258110
KIRKLARELİ;PINARHİSAR;KAYNARCA - YENİCAMİİ;ŞEHİT AYDIN SEYRAN CADDE;cadde;258113
KIRKLARELİ;PINARHİSAR;KAYNARCA - YENİCAMİİ;TÜRKAN SAYLAN SOKAK;sokak;449577
KIRKLARELİ;PINARHİSAR;KAYNARCA - YENİCAMİİ;ZAMBAK SOKAK;sokak;369038
KIRKLARELİ;PINARHİSAR;KAYNARCA - YENİCAMİİ;ZÜBEYDE HANIM CADDE;cadde;258111
KIRKLARELİ;PINARHİSAR;KURUDERE NA;KURUDERE KÜME EVLER;sokak;545115
KIRKLARELİ;PINARHİSAR;ORTA;305. SOKAK;sokak;264975
KIRKLARELİ;PINARHİSAR;ORTA;306. SOKAK;sokak;749123
KIRKLARELİ;PINARHİSAR;ORTA;307. SOKAK;sokak;264976
KIRKLARELİ;PINARHİSAR;ORTA;308. SOKAK;sokak;264977
KIRKLARELİ;PINARHİSAR;ORTA;309. SOKAK;sokak;449562
KIRKLARELİ;PINARHİSAR;ORTA;310. SOKAK;sokak;264978
KIRKLARELİ;PINARHİSAR;ORTA;311 SOKAK;sokak;402421170
KIRKLARELİ;PINARHİSAR;ORTA;312. SOKAK;sokak;264979
KIRKLARELİ;PINARHİSAR;ORTA;313 SOKAK;sokak;443847090
KIRKLARELİ;PINARHİSAR;ORTA;315 SOKAK;sokak;559782741
KIRKLARELİ;PINARHİSAR;ORTA;320 SOKAK SOKAK;sokak;541916300
KIRKLARELİ;PINARHİSAR;ORTA;321 SOKAK SOKAK;sokak;609884091
KIRKLARELİ;PINARHİSAR;ORTA;330 SOKAK SOKAK;sokak;833714500
KIRKLARELİ;PINARHİSAR;ORTA;331 SOKAK SOKAK;sokak;855660401
KIRKLARELİ;PINARHİSAR;ORTA;340 SOKAK SOKAK;sokak;529939950
KIRKLARELİ;PINARHİSAR;ORTA;701 SOKAK SOKAK;sokak;430589240
KIRKLARELİ;PINARHİSAR;ORTA;702. SOKAK;sokak;264980
KIRKLARELİ;PINARHİSAR;ORTA;703. SOKAK;sokak;449563
KIRKLARELİ;PINARHİSAR;ORTA;704 SOKAK SOKAK;sokak;192827061
KIRKLARELİ;PINARHİSAR;ORTA;705. SOKAK;sokak;264981
KIRKLARELİ;PINARHİSAR;ORTA;706 SOKAK;sokak;348072481
KIRKLARELİ;PINARHİSAR;ORTA;707. SOKAK;sokak;264982
KIRKLARELİ;PINARHİSAR;ORTA;709. SOKAK;sokak;449564
KIRKLARELİ;PINARHİSAR;ORTA;710 SOKAK;sokak;727571641
KIRKLARELİ;PINARHİSAR;ORTA;721 SOKAK SOKAK;sokak;749659140
KIRKLARELİ;PINARHİSAR;ORTA;730 SOKAK SOKAK;sokak;249421200
KIRKLARELİ;PINARHİSAR;ORTA;731 SOKAK SOKAK;sokak;818887940
KIRKLARELİ;PINARHİSAR;ORTA;740 SOKAK;sokak;34911610
KIRKLARELİ;PINARHİSAR;ORTA;741 SOKAK SOKAK;sokak;152483391
KIRKLARELİ;PINARHİSAR;ORTA;751 SOKAK SOKAK;sokak;905476471
KIRKLARELİ;PINARHİSAR;ORTA;761 SOKAK SOKAK;sokak;156769501
KIRKLARELİ;PINARHİSAR;ORTA;771 SOKAK SOKAK;sokak;600849691
KIRKLARELİ;PINARHİSAR;ORTA;ARPALIK DARACIK SOKAK;sokak;264984
KIRKLARELİ;PINARHİSAR;ORTA;ARPALIK SOKAK;sokak;264983
KIRKLARELİ;PINARHİSAR;ORTA;DR.İSMET OGAN CADDE;cadde;417832
KIRKLARELİ;PINARHİSAR;ORTA;HALİL ALP ÇELEBİ 1 SOKAK SOKAK;sokak;417365700
KIRKLARELİ;PINARHİSAR;ORTA;HALİL ALP ÇELEBİ 2 SOKAK;sokak;251426211
KIRKLARELİ;PINARHİSAR;ORTA;HALİL ALP ÇELEBİ CADDE;cadde;751402
KIRKLARELİ;PINARHİSAR;ORTA;HAVUZLAR ARA SOKAK;sokak;435584100
KIRKLARELİ;PINARHİSAR;ORTA;HAVUZLAR SOKAK;sokak;264985
KIRKLARELİ;PINARHİSAR;ORTA;KAYNAKLAR SOKAK;sokak;449565
KIRKLARELİ;PINARHİSAR;ORTA;KAYNAKLAR1 SOKAK;sokak;254749251
KIRKLARELİ;PINARHİSAR;ORTA;MEHMET ÖZGİRAY CADDE;cadde;264987
KIRKLARELİ;PINARHİSAR;ORTA;MEHMET ÖZGİRAY1 SOKAK;sokak;103683891
KIRKLARELİ;PINARHİSAR;ORTA;MEHMET ÖZGİRAY2 SOKAK;sokak;116591820
KIRKLARELİ;PINARHİSAR;ORTA;MEHMET ÖZGİRAY3 SOKAK;sokak;371714280
KIRKLARELİ;PINARHİSAR;ORTA;NAİL GERMAN CADDE;cadde;264988
KIRKLARELİ;PINARHİSAR;ORTA;PİKNİK 1 SOKAK;sokak;573245920
KIRKLARELİ;PINARHİSAR;ORTA;PİKNİK 2 SOKAK SOKAK;sokak;890221561
KIRKLARELİ;PINARHİSAR;ORTA;PİKNİK CADDE;cadde;264989
KIRKLARELİ;PINARHİSAR;ORTA;SALİH BİLİNMEZ CADDE;cadde;753352
KIRKLARELİ;PINARHİSAR;ORTA;SALİH BİLİNMEZ ÇIKMAZI SOKAK;sokak;367005990
KIRKLARELİ;PINARHİSAR;ORTA;SALİH BİLİNMEZ1 SOKAK;sokak;447153570
KIRKLARELİ;PINARHİSAR;ORTA;SALİH BİLİNMEZ3 SOKAK;sokak;197252820
KIRKLARELİ;PINARHİSAR;ORTA;TOZAKLI YOLU CADDE;cadde;264990
KIRKLARELİ;PINARHİSAR;ORTA;ÜSTEL CADDE;cadde;741807951
KIRKLARELİ;PINARHİSAR;ORTA;YENİ ÇEŞME SOKAK;sokak;962803341
KIRKLARELİ;PINARHİSAR;OSMANCIK NA;OSMANCIK KÜME EVLER;sokak;496405
KIRKLARELİ;PINARHİSAR;POYRALI NA;POYRALI KÜME EVLER;sokak;386890
KIRKLARELİ;PINARHİSAR;SÜTLÜCE NA;KÖY BAĞLANTI YOLU KÜME EVLER;sokak;618620090
KIRKLARELİ;PINARHİSAR;SÜTLÜCE NA;SÜTLÜCE KÜME EVLER;sokak;506210
KIRKLARELİ;PINARHİSAR;TOZAKLI NA;ERTUĞRUL KÖY YOLU SOKAK;sokak;665177720
KIRKLARELİ;PINARHİSAR;TOZAKLI NA;TOZAKLI KÜME EVLER;sokak;611795
KIRKLARELİ;PINARHİSAR;YENİCE - CUMHURİYET;11. SOKAK;sokak;157561
KIRKLARELİ;PINARHİSAR;YENİCE - CUMHURİYET;11.1 SOKAK;sokak;234140551
KIRKLARELİ;PINARHİSAR;YENİCE - CUMHURİYET;12. SOKAK;sokak;679200
KIRKLARELİ;PINARHİSAR;YENİCE - CUMHURİYET;12.1 SOKAK;sokak;797441161
KIRKLARELİ;PINARHİSAR;YENİCE - CUMHURİYET;16. SOKAK;sokak;708575
KIRKLARELİ;PINARHİSAR;YENİCE - CUMHURİYET;19. SOKAK;sokak;702776
KIRKLARELİ;PINARHİSAR;YENİCE - CUMHURİYET;21. SOKAK;sokak;702777
KIRKLARELİ;PINARHİSAR;YENİCE - CUMHURİYET;22.1 SOKAK;sokak;541533331
KIRKLARELİ;PINARHİSAR;YENİCE - CUMHURİYET;23. SOKAK;sokak;705097
KIRKLARELİ;PINARHİSAR;YENİCE - CUMHURİYET;23.1 SOKAK;sokak;237164261
KIRKLARELİ;PINARHİSAR;YENİCE - CUMHURİYET;25. SOKAK;sokak;708577
KIRKLARELİ;PINARHİSAR;YENİCE - CUMHURİYET;26. SOKAK;sokak;702778
KIRKLARELİ;PINARHİSAR;YENİCE - CUMHURİYET;8. SOKAK;sokak;271734
KIRKLARELİ;PINARHİSAR;YENİCE - CUMHURİYET;AKASYA SOKAK;sokak;369039
KIRKLARELİ;PINARHİSAR;YENİCE - CUMHURİYET;ATATÜRK SOKAK;sokak;157552
KIRKLARELİ;PINARHİSAR;YENİCE - CUMHURİYET;BİLİNMEYEN 3 SOKAK;sokak;311858611
KIRKLARELİ;PINARHİSAR;YENİCE - CUMHURİYET;BİLİNMEYEN1001 SOKAK;sokak;848327570
KIRKLARELİ;PINARHİSAR;YENİCE - CUMHURİYET;BİLİNMEYEN2 SOKAK;sokak;680026331
KIRKLARELİ;PINARHİSAR;YENİCE - CUMHURİYET;BİLİNMEYEN24 SOKAK;sokak;937557181
KIRKLARELİ;PINARHİSAR;YENİCE - CUMHURİYET;BİLİNMEYEN27 SOKAK;sokak;297275750
KIRKLARELİ;PINARHİSAR;YENİCE - CUMHURİYET;BİLİNMEYEN28 SOKAK;sokak;904773400
KIRKLARELİ;PINARHİSAR;YENİCE - CUMHURİYET;BİLİNMEYEN29 SOKAK;sokak;786235501
KIRKLARELİ;PINARHİSAR;YENİCE - CUMHURİYET;BİLİNMEYEN31 SOKAK;sokak;474258300
KIRKLARELİ;PINARHİSAR;YENİCE - CUMHURİYET;BİLİNMEYEN35 SOKAK;sokak;229284101
KIRKLARELİ;PINARHİSAR;YENİCE - CUMHURİYET;BİLİNMEYEN36 SOKAK;sokak;893748960
KIRKLARELİ;PINARHİSAR;YENİCE - CUMHURİYET;BİLİNMEYEN37 SOKAK;sokak;659913411
KIRKLARELİ;PINARHİSAR;YENİCE - CUMHURİYET;BİLİNMEYEN39 SOKAK;sokak;682637890
KIRKLARELİ;PINARHİSAR;YENİCE - CUMHURİYET;BİLİNMEYEN49 SOKAK;sokak;285199161
KIRKLARELİ;PINARHİSAR;YENİCE - CUMHURİYET;BİLİNMEYEN500 SOKAK;sokak;625123481
KIRKLARELİ;PINARHİSAR;YENİCE - CUMHURİYET;BİLİNMEYEN777 SOKAK;sokak;785874661
KIRKLARELİ;PINARHİSAR;YENİCE - CUMHURİYET;CAMİ SOKAK;sokak;258114
KIRKLARELİ;PINARHİSAR;YENİCE - CUMHURİYET;CUMHURİYET SOKAK;sokak;337304
KIRKLARELİ;PINARHİSAR;YENİCE - CUMHURİYET;ÇEŞME SOKAK;sokak;258120
KIRKLARELİ;PINARHİSAR;YENİCE - CUMHURİYET;ÇEVRE 1 SOKAK;sokak;258091790
KIRKLARELİ;PINARHİSAR;YENİCE - CUMHURİYET;ÇEVRE 2 SOKAK;sokak;155289121
KIRKLARELİ;PINARHİSAR;YENİCE - CUMHURİYET;ÇEVRE SOKAK;sokak;449580
KIRKLARELİ;PINARHİSAR;YENİCE - CUMHURİYET;ÇINAR SOKAK;sokak;258121
KIRKLARELİ;PINARHİSAR;YENİCE - CUMHURİYET;DEĞİRMEN SOKAK;sokak;258115
KIRKLARELİ;PINARHİSAR;YENİCE - CUMHURİYET;DERE SOKAK;sokak;449578
KIRKLARELİ;PINARHİSAR;YENİCE - CUMHURİYET;KADIN SUYU SOKAK;sokak;369040
KIRKLARELİ;PINARHİSAR;YENİCE - CUMHURİYET;KADIN SUYU1 SOKAK;sokak;746702900
KIRKLARELİ;PINARHİSAR;YENİCE - CUMHURİYET;KÜME EVLER 3 KÜME EVLER;sokak;1310483
KIRKLARELİ;PINARHİSAR;YENİCE - CUMHURİYET;MANDIRA SOKAK;sokak;258116
KIRKLARELİ;PINARHİSAR;YENİCE - CUMHURİYET;MAREŞAL FEVZİ ÇAKMAK SOKAK;sokak;449579
KIRKLARELİ;PINARHİSAR;YENİCE - CUMHURİYET;MENEKŞE 1 SOKAK;sokak;647031010
KIRKLARELİ;PINARHİSAR;YENİCE - CUMHURİYET;MENEKŞE SOKAK;sokak;258117
KIRKLARELİ;PINARHİSAR;YENİCE - CUMHURİYET;SERGEN SOKAK;sokak;258118
KIRKLARELİ;PINARHİSAR;YENİCE - CUMHURİYET;ZAMBAK SOKAK;sokak;469738
KIRKLARELİ;PINARHİSAR;YENİCE - CUMHURİYET;ZÜBEYDE HANIM SOKAK;sokak;258119
KIRKLARELİ;PINARHİSAR;YENİCE - HÜRRİYET;14. SOKAK;sokak;677250
KIRKLARELİ;PINARHİSAR;YENİCE - HÜRRİYET;15. SOKAK;sokak;272423
KIRKLARELİ;PINARHİSAR;YENİCE - HÜRRİYET;19.1 SOKAK;sokak;272425
KIRKLARELİ;PINARHİSAR;YENİCE - HÜRRİYET;22. SOKAK;sokak;679028
KIRKLARELİ;PINARHİSAR;YENİCE - HÜRRİYET;24. SOKAK;sokak;679029
KIRKLARELİ;PINARHİSAR;YENİCE - HÜRRİYET;28. SOKAK;sokak;271950
KIRKLARELİ;PINARHİSAR;YENİCE - HÜRRİYET;29. SOKAK;sokak;679275
KIRKLARELİ;PINARHİSAR;YENİCE - HÜRRİYET;30. SOKAK;sokak;451218
KIRKLARELİ;PINARHİSAR;YENİCE - HÜRRİYET;32. SOKAK;sokak;1310251
KIRKLARELİ;PINARHİSAR;YENİCE - HÜRRİYET;6. SOKAK;sokak;679015
KIRKLARELİ;PINARHİSAR;YENİCE - HÜRRİYET;ALİ NAZMİ ÜSTÜNDAĞ SOKAK;sokak;258127
KIRKLARELİ;PINARHİSAR;YENİCE - HÜRRİYET;ATATÜRK SOKAK;sokak;676777
KIRKLARELİ;PINARHİSAR;YENİCE - HÜRRİYET;BALABAN KÜME EVLER;sokak;856058301
KIRKLARELİ;PINARHİSAR;YENİCE - HÜRRİYET;BELEDİYE SOKAK;sokak;100150
KIRKLARELİ;PINARHİSAR;YENİCE - HÜRRİYET;BİLİNMEYEN 10. SOKAK;sokak;748683650
KIRKLARELİ;PINARHİSAR;YENİCE - HÜRRİYET;BİLİNMEYEN11 SOKAK;sokak;606009540
KIRKLARELİ;PINARHİSAR;YENİCE - HÜRRİYET;BİLİNMEYEN14 SOKAK;sokak;929183820
KIRKLARELİ;PINARHİSAR;YENİCE - HÜRRİYET;BİLİNMEYEN15 SOKAK;sokak;607710600
KIRKLARELİ;PINARHİSAR;YENİCE - HÜRRİYET;BİLİNMEYEN166 SOKAK;sokak;148893310
KIRKLARELİ;PINARHİSAR;YENİCE - HÜRRİYET;BİLİNMEYEN17 SOKAK;sokak;365730610
KIRKLARELİ;PINARHİSAR;YENİCE - HÜRRİYET;BİLİNMEYEN19 SOKAK;sokak;648874091
KIRKLARELİ;PINARHİSAR;YENİCE - HÜRRİYET;BİLİNMEYEN20 SOKAK;sokak;112555931
KIRKLARELİ;PINARHİSAR;YENİCE - HÜRRİYET;BİLİNMEYEN21 SOKAK;sokak;215729460
KIRKLARELİ;PINARHİSAR;YENİCE - HÜRRİYET;BİLİNMEYEN46 SOKAK;sokak;776846520
KIRKLARELİ;PINARHİSAR;YENİCE - HÜRRİYET;BİLİNMEYEN47 SOKAK;sokak;534815370
KIRKLARELİ;PINARHİSAR;YENİCE - HÜRRİYET;BİLİNMEYEN48 SOKAK;sokak;835488420
KIRKLARELİ;PINARHİSAR;YENİCE - HÜRRİYET;BİLİNMEYEN50 SOKAK;sokak;779571991
KIRKLARELİ;PINARHİSAR;YENİCE - HÜRRİYET;BİRİNCİ SOKAK;sokak;449583
KIRKLARELİ;PINARHİSAR;YENİCE - HÜRRİYET;CEMALİ BİLGİÇ SOKAK;sokak;449584
KIRKLARELİ;PINARHİSAR;YENİCE - HÜRRİYET;CUMHURİYET SOKAK;sokak;674236
KIRKLARELİ;PINARHİSAR;YENİCE - HÜRRİYET;ÇAMLIK SOKAK;sokak;433883
KIRKLARELİ;PINARHİSAR;YENİCE - HÜRRİYET;DİNÇ SOKAK;sokak;258129
KIRKLARELİ;PINARHİSAR;YENİCE - HÜRRİYET;DOLAPDERE SOKAK;sokak;258128
KIRKLARELİ;PINARHİSAR;YENİCE - HÜRRİYET;EVCİLER SOKAK;sokak;469739
KIRKLARELİ;PINARHİSAR;YENİCE - HÜRRİYET;HARMANLAR SOKAK;sokak;263282
KIRKLARELİ;PINARHİSAR;YENİCE - HÜRRİYET;İBRAHİM TURA SOKAK;sokak;258126
KIRKLARELİ;PINARHİSAR;YENİCE - HÜRRİYET;İSİMSİZ12 SOKAK;sokak;148932420
KIRKLARELİ;PINARHİSAR;YENİCE - HÜRRİYET;İSİMSİZ13 SOKAK;sokak;649737871
KIRKLARELİ;PINARHİSAR;YENİCE - HÜRRİYET;İSİMSİZ22 SOKAK;sokak;700875231
KIRKLARELİ;PINARHİSAR;YENİCE - HÜRRİYET;İSİMSİZ23 SOKAK;sokak;531613861
KIRKLARELİ;PINARHİSAR;YENİCE - HÜRRİYET;İSİMSİZ555 SOKAK;sokak;193878511
KIRKLARELİ;PINARHİSAR;YENİCE - HÜRRİYET;İSİMSİZ6 SOKAK;sokak;491338461
KIRKLARELİ;PINARHİSAR;YENİCE - HÜRRİYET;İSİMSİZ8 SOKAK;sokak;575735450
KIRKLARELİ;PINARHİSAR;YENİCE - HÜRRİYET;KARANFİL SOKAK;sokak;263283
KIRKLARELİ;PINARHİSAR;YENİCE - HÜRRİYET;KARANFİL1 SOKAK;sokak;826574461
KIRKLARELİ;PINARHİSAR;YENİCE - HÜRRİYET;MAHYADAĞ SOKAK;sokak;369041
KIRKLARELİ;PINARHİSAR;YENİCE - HÜRRİYET;MAHYADAĞ1 SOKAK;sokak;749347870
KIRKLARELİ;PINARHİSAR;YENİCE - HÜRRİYET;MAHYADAĞ2 SOKAK;sokak;465632431
KIRKLARELİ;PINARHİSAR;YENİCE - HÜRRİYET;MANASTIR SOKAK;sokak;258122
KIRKLARELİ;PINARHİSAR;YENİCE - HÜRRİYET;MAREŞAL FEVZİ ÇAKMAK SOKAK;sokak;449581
KIRKLARELİ;PINARHİSAR;YENİCE - HÜRRİYET;OKUL SOKAK;sokak;258123
KIRKLARELİ;PINARHİSAR;YENİCE - HÜRRİYET;PAZAR SOKAK;sokak;258124
KIRKLARELİ;PINARHİSAR;YENİCE - HÜRRİYET;SU DEPOSU SOKAK;sokak;271955
KIRKLARELİ;PINARHİSAR;YENİCE - HÜRRİYET;YAMAÇ SOKAK;sokak;369042
KIRKLARELİ;PINARHİSAR;YENİCE - HÜRRİYET;YASEMİN SOKAK;sokak;258125
KIRKLARELİ;PINARHİSAR;YENİCE - HÜRRİYET;YILDIZ 1 SOKAK;sokak;397395450
KIRKLARELİ;PINARHİSAR;YENİCE - HÜRRİYET;YILDIZ SOKAK;sokak;449582
KIRKLARELİ;VİZE;AKINCILAR NA;AKINCILAR KÜME EVLER;sokak;512472
KIRKLARELİ;VİZE;AKPINAR NA;AKPINAR KÜME EVLER;sokak;631787
KIRKLARELİ;VİZE;AKPINAR NA;KÖMÜRKÖY KÜME EVLER;sokak;457663181
KIRKLARELİ;VİZE;AKSİCİM NA;AKSİCİM KÜME EVLER;sokak;624106
KIRKLARELİ;VİZE;AKSİCİM NA;KÖY BAĞLANTI YOLU KÜME EVLER;sokak;594195800
KIRKLARELİ;VİZE;BALKAYA NA;BALKAYA KÜME EVLER;sokak;547728
KIRKLARELİ;VİZE;ÇAKILLI - CUMHURİYET;1. SOKAK;sokak;699016
KIRKLARELİ;VİZE;ÇAKILLI - CUMHURİYET;10. SOKAK;sokak;158044790
KIRKLARELİ;VİZE;ÇAKILLI - CUMHURİYET;11. SOKAK;sokak;221343400
KIRKLARELİ;VİZE;ÇAKILLI - CUMHURİYET;12. SOKAK;sokak;374987710
KIRKLARELİ;VİZE;ÇAKILLI - CUMHURİYET;13. SOKAK;sokak;696075
KIRKLARELİ;VİZE;ÇAKILLI - CUMHURİYET;14. SOKAK;sokak;749038
KIRKLARELİ;VİZE;ÇAKILLI - CUMHURİYET;15. SOKAK;sokak;313916750
KIRKLARELİ;VİZE;ÇAKILLI - CUMHURİYET;16. SOKAK;sokak;699010
KIRKLARELİ;VİZE;ÇAKILLI - CUMHURİYET;17. SOKAK;sokak;707396
KIRKLARELİ;VİZE;ÇAKILLI - CUMHURİYET;18. SOKAK;sokak;699011
KIRKLARELİ;VİZE;ÇAKILLI - CUMHURİYET;19. SOKAK;sokak;707394
KIRKLARELİ;VİZE;ÇAKILLI - CUMHURİYET;2. SOKAK;sokak;200010380
KIRKLARELİ;VİZE;ÇAKILLI - CUMHURİYET;20. SOKAK;sokak;765850580
KIRKLARELİ;VİZE;ÇAKILLI - CUMHURİYET;21. SOKAK;sokak;749037
KIRKLARELİ;VİZE;ÇAKILLI - CUMHURİYET;22. SOKAK;sokak;185819
KIRKLARELİ;VİZE;ÇAKILLI - CUMHURİYET;23. SOKAK;sokak;754005
KIRKLARELİ;VİZE;ÇAKILLI - CUMHURİYET;24. SOKAK;sokak;754004
KIRKLARELİ;VİZE;ÇAKILLI - CUMHURİYET;25. SOKAK;sokak;48436455
KIRKLARELİ;VİZE;ÇAKILLI - CUMHURİYET;3. SOKAK;sokak;445746710
KIRKLARELİ;VİZE;ÇAKILLI - CUMHURİYET;4. SOKAK;sokak;694812
KIRKLARELİ;VİZE;ÇAKILLI - CUMHURİYET;5. SOKAK;sokak;332578820
KIRKLARELİ;VİZE;ÇAKILLI - CUMHURİYET;6. SOKAK;sokak;263268
KIRKLARELİ;VİZE;ÇAKILLI - CUMHURİYET;7. SOKAK;sokak;763540260
KIRKLARELİ;VİZE;ÇAKILLI - CUMHURİYET;8. SOKAK;sokak;245692380
KIRKLARELİ;VİZE;ÇAKILLI - CUMHURİYET;9. SOKAK;sokak;584737370
KIRKLARELİ;VİZE;ÇAKILLI - CUMHURİYET;ASMA SOKAK;sokak;259732
KIRKLARELİ;VİZE;ÇAKILLI - CUMHURİYET;AYDIN SOKAK;sokak;259733
KIRKLARELİ;VİZE;ÇAKILLI - CUMHURİYET;BATI KÜME SOKAK;sokak;447018
KIRKLARELİ;VİZE;ÇAKILLI - CUMHURİYET;BAYIRALTI KÜME EVLER;sokak;671543850
KIRKLARELİ;VİZE;ÇAKILLI - CUMHURİYET;BAYRAM SOKAK;sokak;683263
KIRKLARELİ;VİZE;ÇAKILLI - CUMHURİYET;CEYLAN SOKAK;sokak;259734
KIRKLARELİ;VİZE;ÇAKILLI - CUMHURİYET;ÇEŞME SOKAK;sokak;261072
KIRKLARELİ;VİZE;ÇAKILLI - CUMHURİYET;ÇİÇEK SOKAK;sokak;261073
KIRKLARELİ;VİZE;ÇAKILLI - CUMHURİYET;ÇUKURYOL SOKAK;sokak;447022
KIRKLARELİ;VİZE;ÇAKILLI - CUMHURİYET;EFE SOKAK;sokak;685026
KIRKLARELİ;VİZE;ÇAKILLI - CUMHURİYET;ESKİ BAĞLIK KÜME EVLER;sokak;657899350
KIRKLARELİ;VİZE;ÇAKILLI - CUMHURİYET;FİLİZ SOKAK;sokak;261063
KIRKLARELİ;VİZE;ÇAKILLI - CUMHURİYET;GAZİ SOKAK;sokak;261064
KIRKLARELİ;VİZE;ÇAKILLI - CUMHURİYET;GÜNER SOKAK;sokak;701083
KIRKLARELİ;VİZE;ÇAKILLI - CUMHURİYET;GÜNEY SOKAK;sokak;1227597
KIRKLARELİ;VİZE;ÇAKILLI - CUMHURİYET;HACILAR SOKAK;sokak;707397
KIRKLARELİ;VİZE;ÇAKILLI - CUMHURİYET;HARMAN SOKAK;sokak;447019
KIRKLARELİ;VİZE;ÇAKILLI - CUMHURİYET;İSLAM SOKAK;sokak;697632
KIRKLARELİ;VİZE;ÇAKILLI - CUMHURİYET;İSTANBUL CADDE;cadde;928179720
KIRKLARELİ;VİZE;ÇAKILLI - CUMHURİYET;İSTİKLAL CADDE;cadde;261075
KIRKLARELİ;VİZE;ÇAKILLI - CUMHURİYET;KANARYA SOKAK;sokak;261065
KIRKLARELİ;VİZE;ÇAKILLI - CUMHURİYET;KARACA SOKAK;sokak;707398
KIRKLARELİ;VİZE;ÇAKILLI - CUMHURİYET;KARANFİL SOKAK;sokak;699006
KIRKLARELİ;VİZE;ÇAKILLI - CUMHURİYET;KARDEŞ SOKAK;sokak;261066
KIRKLARELİ;VİZE;ÇAKILLI - CUMHURİYET;KEMAL PAŞA SOKAK;sokak;447020
KIRKLARELİ;VİZE;ÇAKILLI - CUMHURİYET;KETENDERE SOKAK;sokak;694813
KIRKLARELİ;VİZE;ÇAKILLI - CUMHURİYET;KUYU SOKAK;sokak;261067
KIRKLARELİ;VİZE;ÇAKILLI - CUMHURİYET;LALE SOKAK;sokak;694765
KIRKLARELİ;VİZE;ÇAKILLI - CUMHURİYET;NERGİS SOKAK;sokak;699008
KIRKLARELİ;VİZE;ÇAKILLI - CUMHURİYET;OKUL SOKAK;sokak;261068
KIRKLARELİ;VİZE;ÇAKILLI - CUMHURİYET;PINAR SOKAK;sokak;261069
KIRKLARELİ;VİZE;ÇAKILLI - CUMHURİYET;SANAYİ SOKAK;sokak;699003
KIRKLARELİ;VİZE;ÇAKILLI - CUMHURİYET;SERİN SOKAK;sokak;697629
KIRKLARELİ;VİZE;ÇAKILLI - CUMHURİYET;TAŞÇI SOKAK;sokak;696077
KIRKLARELİ;VİZE;ÇAKILLI - CUMHURİYET;TUNA SOKAK;sokak;447021
KIRKLARELİ;VİZE;ÇAKILLI - CUMHURİYET;VİZE CADDE;cadde;261070
KIRKLARELİ;VİZE;ÇAKILLI - CUMHURİYET;YILMAZ SOKAK;sokak;261071
KIRKLARELİ;VİZE;ÇAKILLI - CUMHURİYET;YUNUS SOKAK;sokak;707393
KIRKLARELİ;VİZE;ÇAKILLI - HÜRRİYET;100. SOKAK;sokak;224063910
KIRKLARELİ;VİZE;ÇAKILLI - HÜRRİYET;101. SOKAK;sokak;308698950
KIRKLARELİ;VİZE;ÇAKILLI - HÜRRİYET;56 SOKAK;sokak;537684380
KIRKLARELİ;VİZE;ÇAKILLI - HÜRRİYET;57. SOKAK;sokak;178086190
KIRKLARELİ;VİZE;ÇAKILLI - HÜRRİYET;58. SOKAK;sokak;810807150
KIRKLARELİ;VİZE;ÇAKILLI - HÜRRİYET;59. SOKAK;sokak;62009600
KIRKLARELİ;VİZE;ÇAKILLI - HÜRRİYET;60. SOKAK;sokak;478455570
KIRKLARELİ;VİZE;ÇAKILLI - HÜRRİYET;61. SOKAK;sokak;924658480
KIRKLARELİ;VİZE;ÇAKILLI - HÜRRİYET;62. SOKAK;sokak;699108
KIRKLARELİ;VİZE;ÇAKILLI - HÜRRİYET;63. SOKAK;sokak;145545470
KIRKLARELİ;VİZE;ÇAKILLI - HÜRRİYET;64. SOKAK;sokak;313736990
KIRKLARELİ;VİZE;ÇAKILLI - HÜRRİYET;65. SOKAK;sokak;377102660
KIRKLARELİ;VİZE;ÇAKILLI - HÜRRİYET;66. SOKAK;sokak;766165980
KIRKLARELİ;VİZE;ÇAKILLI - HÜRRİYET;67. SOKAK;sokak;146179710
KIRKLARELİ;VİZE;ÇAKILLI - HÜRRİYET;68. SOKAK;sokak;857968780
KIRKLARELİ;VİZE;ÇAKILLI - HÜRRİYET;69. SOKAK;sokak;699100
KIRKLARELİ;VİZE;ÇAKILLI - HÜRRİYET;70. SOKAK;sokak;357465280
KIRKLARELİ;VİZE;ÇAKILLI - HÜRRİYET;71. SOKAK;sokak;584879680
KIRKLARELİ;VİZE;ÇAKILLI - HÜRRİYET;72. SOKAK;sokak;696597
KIRKLARELİ;VİZE;ÇAKILLI - HÜRRİYET;73. SOKAK;sokak;766665280
KIRKLARELİ;VİZE;ÇAKILLI - HÜRRİYET;74. SOKAK;sokak;415806
KIRKLARELİ;VİZE;ÇAKILLI - HÜRRİYET;75. SOKAK;sokak;696587
KIRKLARELİ;VİZE;ÇAKILLI - HÜRRİYET;76 SOKAK;sokak;764080530
KIRKLARELİ;VİZE;ÇAKILLI - HÜRRİYET;77. SOKAK;sokak;698283
KIRKLARELİ;VİZE;ÇAKILLI - HÜRRİYET;78. SOKAK;sokak;392095310
KIRKLARELİ;VİZE;ÇAKILLI - HÜRRİYET;79. SOKAK;sokak;146136160
KIRKLARELİ;VİZE;ÇAKILLI - HÜRRİYET;80. SOKAK;sokak;699091
KIRKLARELİ;VİZE;ÇAKILLI - HÜRRİYET;81. SOKAK;sokak;698285
KIRKLARELİ;VİZE;ÇAKILLI - HÜRRİYET;82. SOKAK;sokak;936690
KIRKLARELİ;VİZE;ÇAKILLI - HÜRRİYET;83. SOKAK;sokak;697397
KIRKLARELİ;VİZE;ÇAKILLI - HÜRRİYET;84. SOKAK;sokak;697396
KIRKLARELİ;VİZE;ÇAKILLI - HÜRRİYET;85. SOKAK;sokak;138911890
KIRKLARELİ;VİZE;ÇAKILLI - HÜRRİYET;86. SOKAK;sokak;243989680
KIRKLARELİ;VİZE;ÇAKILLI - HÜRRİYET;87. SOKAK;sokak;699114
KIRKLARELİ;VİZE;ÇAKILLI - HÜRRİYET;88. SOKAK;sokak;330302060
KIRKLARELİ;VİZE;ÇAKILLI - HÜRRİYET;89. SOKAK;sokak;506674430
KIRKLARELİ;VİZE;ÇAKILLI - HÜRRİYET;90. SOKAK;sokak;278272030
KIRKLARELİ;VİZE;ÇAKILLI - HÜRRİYET;92. SOKAK;sokak;414474000
KIRKLARELİ;VİZE;ÇAKILLI - HÜRRİYET;93. SOKAK;sokak;280805050
KIRKLARELİ;VİZE;ÇAKILLI - HÜRRİYET;94. SOKAK;sokak;756993550
KIRKLARELİ;VİZE;ÇAKILLI - HÜRRİYET;95. SOKAK;sokak;580078810
KIRKLARELİ;VİZE;ÇAKILLI - HÜRRİYET;96. SOKAK;sokak;278605680
KIRKLARELİ;VİZE;ÇAKILLI - HÜRRİYET;97. SOKAK;sokak;765548310
KIRKLARELİ;VİZE;ÇAKILLI - HÜRRİYET;98. SOKAK;sokak;698309
KIRKLARELİ;VİZE;ÇAKILLI - HÜRRİYET;99. SOKAK;sokak;126012170
KIRKLARELİ;VİZE;ÇAKILLI - HÜRRİYET;AY SOKAK;sokak;261079
KIRKLARELİ;VİZE;ÇAKILLI - HÜRRİYET;BEYLİK SOKAK;sokak;261080
KIRKLARELİ;VİZE;ÇAKILLI - HÜRRİYET;CAMİ SOKAK;sokak;447025
KIRKLARELİ;VİZE;ÇAKILLI - HÜRRİYET;ÇINAR SOKAK;sokak;447023
KIRKLARELİ;VİZE;ÇAKILLI - HÜRRİYET;DEĞİRMEN SOKAK;sokak;261081
KIRKLARELİ;VİZE;ÇAKILLI - HÜRRİYET;DOĞU CADDE;cadde;261082
KIRKLARELİ;VİZE;ÇAKILLI - HÜRRİYET;ERGENE CADDE;cadde;698297
KIRKLARELİ;VİZE;ÇAKILLI - HÜRRİYET;GÜNEY SOKAK;sokak;124167150
KIRKLARELİ;VİZE;ÇAKILLI - HÜRRİYET;HARMAN SOKAK;sokak;261083
KIRKLARELİ;VİZE;ÇAKILLI - HÜRRİYET;HATİPOĞLU SOKAK;sokak;447026
KIRKLARELİ;VİZE;ÇAKILLI - HÜRRİYET;İLK YAZ SİTESI KÜME EVLER;sokak;261076
KIRKLARELİ;VİZE;ÇAKILLI - HÜRRİYET;İMAM SOKAK;sokak;704878
KIRKLARELİ;VİZE;ÇAKILLI - HÜRRİYET;İSTANBUL CADDE;cadde;261077
KIRKLARELİ;VİZE;ÇAKILLI - HÜRRİYET;İSTİKLAL CADDE;cadde;447024
KIRKLARELİ;VİZE;ÇAKILLI - HÜRRİYET;KANARYA SOKAK;sokak;412075560
KIRKLARELİ;VİZE;ÇAKILLI - HÜRRİYET;KARTAL SOKAK;sokak;261084
KIRKLARELİ;VİZE;ÇAKILLI - HÜRRİYET;KENAR SOKAK;sokak;261085
KIRKLARELİ;VİZE;ÇAKILLI - HÜRRİYET;KIŞLA SOKAK;sokak;266969
KIRKLARELİ;VİZE;ÇAKILLI - HÜRRİYET;KİRAZ SOKAK;sokak;447027
KIRKLARELİ;VİZE;ÇAKILLI - HÜRRİYET;KOLAĞIL KÜME EVLER;sokak;767143280
KIRKLARELİ;VİZE;ÇAKILLI - HÜRRİYET;LALELİ ALAN KÜME EVLER;sokak;798815611
KIRKLARELİ;VİZE;ÇAKILLI - HÜRRİYET;ÖZGÜR SOKAK;sokak;700225
KIRKLARELİ;VİZE;ÇAKILLI - HÜRRİYET;SAĞLAM SOKAK;sokak;696430
KIRKLARELİ;VİZE;ÇAKILLI - HÜRRİYET;SEVGİ SOKAK;sokak;698305
KIRKLARELİ;VİZE;ÇAKILLI - HÜRRİYET;ŞAHİN SOKAK;sokak;261078
KIRKLARELİ;VİZE;ÇAKILLI - HÜRRİYET;TAVŞANDERE KÜME EVLER;sokak;486380840
KIRKLARELİ;VİZE;ÇAKILLI - HÜRRİYET;YÜKSEK EĞREK KÜME EVLER;sokak;210233121
KIRKLARELİ;VİZE;ÇAKILLI - ZAFER;26. SOKAK;sokak;694770
KIRKLARELİ;VİZE;ÇAKILLI - ZAFER;27. SOKAK;sokak;164734
KIRKLARELİ;VİZE;ÇAKILLI - ZAFER;28. SOKAK;sokak;697816
KIRKLARELİ;VİZE;ÇAKILLI - ZAFER;29. SOKAK;sokak;697447
KIRKLARELİ;VİZE;ÇAKILLI - ZAFER;30. SOKAK;sokak;12202933
KIRKLARELİ;VİZE;ÇAKILLI - ZAFER;31. SOKAK;sokak;867542490
KIRKLARELİ;VİZE;ÇAKILLI - ZAFER;32. SOKAK;sokak;1026247
KIRKLARELİ;VİZE;ÇAKILLI - ZAFER;33. SOKAK;sokak;122039560
KIRKLARELİ;VİZE;ÇAKILLI - ZAFER;34. SOKAK;sokak;694766
KIRKLARELİ;VİZE;ÇAKILLI - ZAFER;35. SOKAK;sokak;697807
KIRKLARELİ;VİZE;ÇAKILLI - ZAFER;36. SOKAK;sokak;625835700
KIRKLARELİ;VİZE;ÇAKILLI - ZAFER;37. SOKAK;sokak;164726
KIRKLARELİ;VİZE;ÇAKILLI - ZAFER;38. SOKAK;sokak;76577428
KIRKLARELİ;VİZE;ÇAKILLI - ZAFER;39. SOKAK;sokak;811276310
KIRKLARELİ;VİZE;ÇAKILLI - ZAFER;40. SOKAK;sokak;696859
KIRKLARELİ;VİZE;ÇAKILLI - ZAFER;41. SOKAK;sokak;584199870
KIRKLARELİ;VİZE;ÇAKILLI - ZAFER;42. SOKAK;sokak;260831620
KIRKLARELİ;VİZE;ÇAKILLI - ZAFER;43. SOKAK;sokak;539299800
KIRKLARELİ;VİZE;ÇAKILLI - ZAFER;44. SOKAK;sokak;743544160
KIRKLARELİ;VİZE;ÇAKILLI - ZAFER;45. SOKAK;sokak;699349
KIRKLARELİ;VİZE;ÇAKILLI - ZAFER;46. SOKAK;sokak;695628
KIRKLARELİ;VİZE;ÇAKILLI - ZAFER;47. SOKAK;sokak;652345690
KIRKLARELİ;VİZE;ÇAKILLI - ZAFER;48. SOKAK;sokak;699355
KIRKLARELİ;VİZE;ÇAKILLI - ZAFER;49. SOKAK;sokak;699357
KIRKLARELİ;VİZE;ÇAKILLI - ZAFER;50. SOKAK;sokak;521627650
KIRKLARELİ;VİZE;ÇAKILLI - ZAFER;51. SOKAK;sokak;829873140
KIRKLARELİ;VİZE;ÇAKILLI - ZAFER;52. SOKAK;sokak;695904
KIRKLARELİ;VİZE;ÇAKILLI - ZAFER;53. SOKAK;sokak;138908270
KIRKLARELİ;VİZE;ÇAKILLI - ZAFER;54. SOKAK;sokak;763493720
KIRKLARELİ;VİZE;ÇAKILLI - ZAFER;55. SOKAK;sokak;740531820
KIRKLARELİ;VİZE;ÇAKILLI - ZAFER;56. SOKAK;sokak;693628530
KIRKLARELİ;VİZE;ÇAKILLI - ZAFER;ALİ OSMAN İLHAN SOKAK;sokak;261086
KIRKLARELİ;VİZE;ÇAKILLI - ZAFER;BAĞLIK SOKAK;sokak;261097
KIRKLARELİ;VİZE;ÇAKILLI - ZAFER;BAYIRALTI KÜME EVLER;sokak;671543851
KIRKLARELİ;VİZE;ÇAKILLI - ZAFER;BEYLİK SOKAK;sokak;459085140
KIRKLARELİ;VİZE;ÇAKILLI - ZAFER;CAN SOKAK;sokak;261087
KIRKLARELİ;VİZE;ÇAKILLI - ZAFER;ÇAVDAR SOKAK;sokak;261092
KIRKLARELİ;VİZE;ÇAKILLI - ZAFER;ÇEŞME SOKAK;sokak;261093
KIRKLARELİ;VİZE;ÇAKILLI - ZAFER;ÇUKURYOL SOKAK;sokak;449976
KIRKLARELİ;VİZE;ÇAKILLI - ZAFER;ESENLER SOKAK;sokak;261088
KIRKLARELİ;VİZE;ÇAKILLI - ZAFER;ESKİ BAĞLIK KÜME EVLER;sokak;657899351
KIRKLARELİ;VİZE;ÇAKILLI - ZAFER;GÖÇMEN SOKAK;sokak;164711
KIRKLARELİ;VİZE;ÇAKILLI - ZAFER;GÜRGEN SOKAK;sokak;447028
KIRKLARELİ;VİZE;ÇAKILLI - ZAFER;HACILAR SOKAK;sokak;164707
KIRKLARELİ;VİZE;ÇAKILLI - ZAFER;İLK YAZ SİTESI KÜME EVLER;sokak;315051420
KIRKLARELİ;VİZE;ÇAKILLI - ZAFER;İSTİKLAL CADDE;cadde;261095
KIRKLARELİ;VİZE;ÇAKILLI - ZAFER;KÖPRÜDERE KÜME EVLER;sokak;835790600
KIRKLARELİ;VİZE;ÇAKILLI - ZAFER;KÖSEM SOKAK;sokak;261096
KIRKLARELİ;VİZE;ÇAKILLI - ZAFER;KUBİLAY SOKAK;sokak;261089
KIRKLARELİ;VİZE;ÇAKILLI - ZAFER;KUZEY SOKAK;sokak;695624
KIRKLARELİ;VİZE;ÇAKILLI - ZAFER;LALELİ ALAN KÜME EVLER;sokak;798815610
KIRKLARELİ;VİZE;ÇAKILLI - ZAFER;MEHMET AKİF SOKAK;sokak;92482
KIRKLARELİ;VİZE;ÇAKILLI - ZAFER;ÖZGÜR SOKAK;sokak;261094
KIRKLARELİ;VİZE;ÇAKILLI - ZAFER;SEVİNÇ SOKAK;sokak;694559
KIRKLARELİ;VİZE;ÇAKILLI - ZAFER;SEZER SOKAK;sokak;261090
KIRKLARELİ;VİZE;ÇAKILLI - ZAFER;SÜMBÜL SOKAK;sokak;164729
KIRKLARELİ;VİZE;ÇAKILLI - ZAFER;TEMEL SOKAK;sokak;697819
KIRKLARELİ;VİZE;ÇAKILLI - ZAFER;YAMAN SOKAK;sokak;447029
KIRKLARELİ;VİZE;ÇAKILLI - ZAFER;YENİ SOKAK;sokak;164719
KIRKLARELİ;VİZE;ÇAKILLI - ZAFER;YILDIZ SOKAK;sokak;261091
KIRKLARELİ;VİZE;ÇAKILLI - ZAFER;YURTLUK SOKAK;sokak;164723
KIRKLARELİ;VİZE;ÇAKILLI - ZAFER;YÜKSEK EĞREK KÜME EVLER;sokak;891806571
KIRKLARELİ;VİZE;ÇAVUŞKÖY NA;ÇAVUŞKÖY KÜME EVLER;sokak;502633
KIRKLARELİ;VİZE;ÇÖVENLİ NA;ÇÖVENLİ KÜME EVLER;sokak;634198
KIRKLARELİ;VİZE;DEVELİ NA;DEVELİ KÜME EVLER;sokak;526025
KIRKLARELİ;VİZE;DEVLET;101. SOKAK;sokak;825788731
KIRKLARELİ;VİZE;DEVLET;102. SOKAK;sokak;263290
KIRKLARELİ;VİZE;DEVLET;103. SOKAK;sokak;396219661
KIRKLARELİ;VİZE;DEVLET;104. SOKAK;sokak;263294
KIRKLARELİ;VİZE;DEVLET;105. SOKAK;sokak;729280620
KIRKLARELİ;VİZE;DEVLET;106. SOKAK;sokak;441172
KIRKLARELİ;VİZE;DEVLET;107. SOKAK;sokak;263296
KIRKLARELİ;VİZE;DEVLET;108. SOKAK;sokak;441173
KIRKLARELİ;VİZE;DEVLET;109. SOKAK;sokak;164745791
KIRKLARELİ;VİZE;DEVLET;110. SOKAK;sokak;441167
KIRKLARELİ;VİZE;DEVLET;111. SOKAK;sokak;263284
KIRKLARELİ;VİZE;DEVLET;112. SOKAK;sokak;263285
KIRKLARELİ;VİZE;DEVLET;113. SOKAK;sokak;441168
KIRKLARELİ;VİZE;DEVLET;114. SOKAK;sokak;263286
KIRKLARELİ;VİZE;DEVLET;115. SOKAK;sokak;263287
KIRKLARELİ;VİZE;DEVLET;119. SOKAK;sokak;263289
KIRKLARELİ;VİZE;DEVLET;120. SOKAK;sokak;441170
KIRKLARELİ;VİZE;DEVLET;121. SOKAK;sokak;263291
KIRKLARELİ;VİZE;DEVLET;122. SOKAK;sokak;263292
KIRKLARELİ;VİZE;DEVLET;123. SOKAK;sokak;441171
KIRKLARELİ;VİZE;DEVLET;124. SOKAK;sokak;263293
KIRKLARELİ;VİZE;DEVLET;125. SOKAK;sokak;441182
KIRKLARELİ;VİZE;DEVLET;126. SOKAK;sokak;320788
KIRKLARELİ;VİZE;DEVLET;127. SOKAK;sokak;752288
KIRKLARELİ;VİZE;DEVLET;128. SOKAK;sokak;190696
KIRKLARELİ;VİZE;DEVLET;129. SOKAK;sokak;190697
KIRKLARELİ;VİZE;DEVLET;130. SOKAK;sokak;190698
KIRKLARELİ;VİZE;DEVLET;131. SOKAK;sokak;425516
KIRKLARELİ;VİZE;DEVLET;132. SOKAK;sokak;751189
KIRKLARELİ;VİZE;DEVLET;133. SOKAK;sokak;419594
KIRKLARELİ;VİZE;DEVLET;134. SOKAK;sokak;189977
KIRKLARELİ;VİZE;DEVLET;135. SOKAK;sokak;749377
KIRKLARELİ;VİZE;DEVLET;136. SOKAK;sokak;749378
KIRKLARELİ;VİZE;DEVLET;137. SOKAK;sokak;749379
KIRKLARELİ;VİZE;DEVLET;138. SOKAK;sokak;760770
KIRKLARELİ;VİZE;DEVLET;139. SOKAK;sokak;419600
KIRKLARELİ;VİZE;DEVLET;140. SOKAK;sokak;749380
KIRKLARELİ;VİZE;DEVLET;141. SOKAK;sokak;419603
KIRKLARELİ;VİZE;DEVLET;142. SOKAK;sokak;189979
KIRKLARELİ;VİZE;DEVLET;143. SOKAK;sokak;419595
KIRKLARELİ;VİZE;DEVLET;144. SOKAK;sokak;749376
KIRKLARELİ;VİZE;DEVLET;145. SOKAK;sokak;419596
KIRKLARELİ;VİZE;DEVLET;147. SOKAK;sokak;320804
KIRKLARELİ;VİZE;DEVLET;148. SOKAK;sokak;320805
KIRKLARELİ;VİZE;DEVLET;149. SOKAK;sokak;263299
KIRKLARELİ;VİZE;DEVLET;150. SOKAK;sokak;763762761
KIRKLARELİ;VİZE;DEVLET;151. SOKAK;sokak;299773451
KIRKLARELİ;VİZE;DEVLET;17. CADDE;cadde;263288
KIRKLARELİ;VİZE;DEVLET;18. CADDE;cadde;441169
KIRKLARELİ;VİZE;DEVLET;5. CADDE;cadde;263295
KIRKLARELİ;VİZE;DEVLET;8. CADDE;cadde;263297
KIRKLARELİ;VİZE;DEVLET;ALT SOKAK;sokak;263298
KIRKLARELİ;VİZE;DEVLET;ARK SOKAK;sokak;994610
KIRKLARELİ;VİZE;DEVLET;ATATÜRK CADDE;cadde;764860
KIRKLARELİ;VİZE;DEVLET;BAHÇE SOKAK;sokak;263300
KIRKLARELİ;VİZE;DEVLET;BAYTAR SOKAK;sokak;263301
KIRKLARELİ;VİZE;DEVLET;BÜLENT TÜRKER CADDE;cadde;263302
KIRKLARELİ;VİZE;DEVLET;CUMHURİYET MEYDAN;sokak;441175
KIRKLARELİ;VİZE;DEVLET;ÇAYIR SOKAK;sokak;264631
KIRKLARELİ;VİZE;DEVLET;ÇEŞME SOKAK;sokak;264632
KIRKLARELİ;VİZE;DEVLET;ÇİFTCİ SOKAK;sokak;441183
KIRKLARELİ;VİZE;DEVLET;ÇUKURÇEŞME SOKAK;sokak;754311
KIRKLARELİ;VİZE;DEVLET;DEĞİRMEN SOKAK;sokak;263303
KIRKLARELİ;VİZE;DEVLET;DEVELİ YOLU SOKAK;sokak;994616
KIRKLARELİ;VİZE;DEVLET;DÜZOVA CADDE;cadde;263304
KIRKLARELİ;VİZE;DEVLET;EMNİYET SOKAK;sokak;263305
KIRKLARELİ;VİZE;DEVLET;GÜL SOKAK;sokak;441176
KIRKLARELİ;VİZE;DEVLET;HALİÇİ SOKAK;sokak;441174
KIRKLARELİ;VİZE;DEVLET;HASBOĞA KÜME EVLER;sokak;199544370
KIRKLARELİ;VİZE;DEVLET;HOCA AHMET YESEVİ CADDE;cadde;263308
KIRKLARELİ;VİZE;DEVLET;HOCA AHMET YESEVİ1 SOKAK;sokak;926460660
KIRKLARELİ;VİZE;DEVLET;IHLAMUR SOKAK;sokak;441177
KIRKLARELİ;VİZE;DEVLET;IŞIK SOKAK;sokak;263309
KIRKLARELİ;VİZE;DEVLET;İZZETTİN ÇAĞPAR CADDE;cadde;264633
KIRKLARELİ;VİZE;DEVLET;KAMİL GENÇ SOKAK;sokak;263310
KIRKLARELİ;VİZE;DEVLET;KANAL CADDE;cadde;441178
KIRKLARELİ;VİZE;DEVLET;KARANFİL SOKAK;sokak;263311
KIRKLARELİ;VİZE;DEVLET;KÜÇÜK SOKAK;sokak;263312
KIRKLARELİ;VİZE;DEVLET;MAHMUT ERBİL CADDE;cadde;748397
KIRKLARELİ;VİZE;DEVLET;MANOLYA SOKAK;sokak;320801
KIRKLARELİ;VİZE;DEVLET;MENEKŞE SOKAK;sokak;441179
KIRKLARELİ;VİZE;DEVLET;OKUL SOKAK;sokak;263314
KIRKLARELİ;VİZE;DEVLET;ORKİDE SOKAK;sokak;264624
KIRKLARELİ;VİZE;DEVLET;ORMAN CADDE;cadde;264625
KIRKLARELİ;VİZE;DEVLET;PANAYIR CADDE;cadde;441180
KIRKLARELİ;VİZE;DEVLET;SADULLAH BEY SOKAK;sokak;264626
KIRKLARELİ;VİZE;DEVLET;SELVİ SOKAK;sokak;264627
KIRKLARELİ;VİZE;DEVLET;SPOR SOKAK;sokak;441181
KIRKLARELİ;VİZE;DEVLET;ŞUBE SOKAK;sokak;264634
KIRKLARELİ;VİZE;DEVLET;TARLA SOKAK;sokak;264628
KIRKLARELİ;VİZE;DEVLET;YONCA SOKAK;sokak;264629
KIRKLARELİ;VİZE;DEVLET;ZİRAAT BAHÇE SOKAK;sokak;753116
KIRKLARELİ;VİZE;DEVLET;ZÜBEYDE HANIM CADDE;cadde;264630
KIRKLARELİ;VİZE;DOĞANCA NA;DOĞANCA KÜME EVLER;sokak;94118
KIRKLARELİ;VİZE;DOĞANCA NA;PLASTİKÇİLER İHTİSAS ÖZEL OSB 1. SOKAK;sokak;882277721
KIRKLARELİ;VİZE;DOĞANCA NA;PLASTİKÇİLER İHTİSAS ÖZEL OSB 2. SOKAK;sokak;1351949
KIRKLARELİ;VİZE;DOĞANCA NA;PLASTİKÇİLER İHTİSAS ÖZEL OSB 3. SOKAK;sokak;528015031
KIRKLARELİ;VİZE;DOĞANCA NA;PLASTİKÇİLER İHTİSAS ÖZEL OSB 4. SOKAK;sokak;668283020
KIRKLARELİ;VİZE;DÜZOVA NA;DÜZOVA KÜME EVLER;sokak;505867
KIRKLARELİ;VİZE;EVREN;100.YIL SOKAK;sokak;241452451
KIRKLARELİ;VİZE;EVREN;2/1 SOKAK;sokak;831701911
KIRKLARELİ;VİZE;EVREN;202. SOKAK;sokak;264666
KIRKLARELİ;VİZE;EVREN;203. SOKAK;sokak;441195
KIRKLARELİ;VİZE;EVREN;204. SOKAK;sokak;264667
KIRKLARELİ;VİZE;EVREN;205. SOKAK;sokak;441184
KIRKLARELİ;VİZE;EVREN;206. SOKAK;sokak;264635
KIRKLARELİ;VİZE;EVREN;207. SOKAK;sokak;264636
KIRKLARELİ;VİZE;EVREN;208. SOKAK;sokak;775839
KIRKLARELİ;VİZE;EVREN;209. SOKAK;sokak;365606
KIRKLARELİ;VİZE;EVREN;210. SOKAK;sokak;441186
KIRKLARELİ;VİZE;EVREN;211. SOKAK;sokak;264652
KIRKLARELİ;VİZE;EVREN;212. SOKAK;sokak;221571351
KIRKLARELİ;VİZE;EVREN;213. SOKAK;sokak;927750060
KIRKLARELİ;VİZE;EVREN;214. SOKAK;sokak;273102421
KIRKLARELİ;VİZE;EVREN;215. ARA SOKAK;sokak;826736091
KIRKLARELİ;VİZE;EVREN;215. SOKAK;sokak;365607
KIRKLARELİ;VİZE;EVREN;216. SOKAK;sokak;365609
KIRKLARELİ;VİZE;EVREN;217. ARA SOKAK;sokak;599774540
KIRKLARELİ;VİZE;EVREN;217. SOKAK;sokak;102144
KIRKLARELİ;VİZE;EVREN;218. SOKAK;sokak;365605
KIRKLARELİ;VİZE;EVREN;219. SOKAK;sokak;273998641
KIRKLARELİ;VİZE;EVREN;220. SOKAK;sokak;343079750
KIRKLARELİ;VİZE;EVREN;221. SOKAK;sokak;365608
KIRKLARELİ;VİZE;EVREN;222. SOKAK;sokak;102145
KIRKLARELİ;VİZE;EVREN;223. SOKAK;sokak;736267720
KIRKLARELİ;VİZE;EVREN;224 SOKAK;sokak;882364841
KIRKLARELİ;VİZE;EVREN;225 SOKAK;sokak;804219511
KIRKLARELİ;VİZE;EVREN;226 SOKAK;sokak;781141131
KIRKLARELİ;VİZE;EVREN;227 SOKAK;sokak;260910581
KIRKLARELİ;VİZE;EVREN;228 SOKAK;sokak;613352041
KIRKLARELİ;VİZE;EVREN;24. ARA SOKAK;sokak;891001431
KIRKLARELİ;VİZE;EVREN;24. CADDE;cadde;102143
KIRKLARELİ;VİZE;EVREN;25. CADDE;cadde;520160290
KIRKLARELİ;VİZE;EVREN;ADLİYE SOKAK;sokak;264637
KIRKLARELİ;VİZE;EVREN;AKPINAR KÜME EVLER;sokak;560990051
KIRKLARELİ;VİZE;EVREN;ATATÜRK CADDE;cadde;441185
KIRKLARELİ;VİZE;EVREN;BAĞLAR CADDE;cadde;264640
KIRKLARELİ;VİZE;EVREN;BAĞLAR ÇIKMAZI SOKAK;sokak;264641
KIRKLARELİ;VİZE;EVREN;BAHAR SOKAK;sokak;264638
KIRKLARELİ;VİZE;EVREN;BANKA ÇIKMAZI SOKAK;sokak;264639
KIRKLARELİ;VİZE;EVREN;CAMİİ SOKAK;sokak;264642
KIRKLARELİ;VİZE;EVREN;CUMHURIYET SOKAK;sokak;288055701
KIRKLARELİ;VİZE;EVREN;CUMHURİYET MEYDAN;sokak;441187
KIRKLARELİ;VİZE;EVREN;ÇINAR SOKAK;sokak;754000
KIRKLARELİ;VİZE;EVREN;ÇİMEN SOKAK;sokak;264663
KIRKLARELİ;VİZE;EVREN;ÇÖMLEKÇİ ÇIKMAZI SOKAK;sokak;264662
KIRKLARELİ;VİZE;EVREN;ÇÖMLEKÇİ SOKAK;sokak;264661
KIRKLARELİ;VİZE;EVREN;DAR SOKAK;sokak;264643
KIRKLARELİ;VİZE;EVREN;DEFNE SOKAK;sokak;763030
KIRKLARELİ;VİZE;EVREN;DERE SOKAK;sokak;264644
KIRKLARELİ;VİZE;EVREN;DERE YOLU SOKAK;sokak;264645
KIRKLARELİ;VİZE;EVREN;DİK SOKAK;sokak;441188
KIRKLARELİ;VİZE;EVREN;ESMA HANIM SOKAK;sokak;264646
KIRKLARELİ;VİZE;EVREN;FIRIN SOKAK;sokak;264647
KIRKLARELİ;VİZE;EVREN;FİDAN SOKAK;sokak;365604
KIRKLARELİ;VİZE;EVREN;GÜNEY SOKAK;sokak;441189
KIRKLARELİ;VİZE;EVREN;HACI BEY SOKAK;sokak;264648
KIRKLARELİ;VİZE;EVREN;HALİL ONUK CADDE;cadde;46943
KIRKLARELİ;VİZE;EVREN;İNCE SOKAK;sokak;264664
KIRKLARELİ;VİZE;EVREN;İPEK SOKAK;sokak;264665
KIRKLARELİ;VİZE;EVREN;KALE CADDE;cadde;264649
KIRKLARELİ;VİZE;EVREN;KÖMÜRKÖY YOLU CADDE;cadde;37320819
KIRKLARELİ;VİZE;EVREN;KURTULUŞ SOKAK;sokak;652236611
KIRKLARELİ;VİZE;EVREN;KUZEY SOKAK;sokak;264650
KIRKLARELİ;VİZE;EVREN;LALE SOKAK;sokak;441190
KIRKLARELİ;VİZE;EVREN;MASLAK SOKAK;sokak;264653
KIRKLARELİ;VİZE;EVREN;MELTEM SOKAK;sokak;264654
KIRKLARELİ;VİZE;EVREN;MELTEM1 SOKAK;sokak;693133020
KIRKLARELİ;VİZE;EVREN;MEZARLIK ÇIKMAZ SOKAK;sokak;441191
KIRKLARELİ;VİZE;EVREN;MEZARLIK SOKAK;sokak;994622
KIRKLARELİ;VİZE;EVREN;ORTA OKUL CADDE;cadde;264655
KIRKLARELİ;VİZE;EVREN;ORTAOKUL ÇIKMAZI SOKAK;sokak;264656
KIRKLARELİ;VİZE;EVREN;ÖZEL İDARE ÇIKMAZI SOKAK;sokak;441194
KIRKLARELİ;VİZE;EVREN;POSTANE CADDE;cadde;264657
KIRKLARELİ;VİZE;EVREN;POSTANE ÇIKMAZI SOKAK;sokak;264658
KIRKLARELİ;VİZE;EVREN;SAATÇİ SOKAK;sokak;441192
KIRKLARELİ;VİZE;EVREN;SULTAN ÇEŞME CADDE;cadde;264659
KIRKLARELİ;VİZE;EVREN;UMUT SOKAK;sokak;754001
KIRKLARELİ;VİZE;EVREN;YAZI CADDE;cadde;264660
KIRKLARELİ;VİZE;EVREN;YENİ SOKAK;sokak;441193
KIRKLARELİ;VİZE;EVRENCİK - EVRENCİK MÜCAVİR;EVRENCİK KÖYÜ KÜME EVLER;sokak;850522
KIRKLARELİ;VİZE;EVRENCİK NA;BİLİNMEYEN 1. KÜME EVLER;sokak;734866801
KIRKLARELİ;VİZE;EVRENCİK NA;EVRENCİK KÜME EVLER;sokak;321765
KIRKLARELİ;VİZE;EVRENCİK NA;KIZILAĞAÇ KÜME EVLER;sokak;245889070
KIRKLARELİ;VİZE;EVRENCİK NA;KÜMEEVLER 1 KÜME EVLER;sokak;1225091
KIRKLARELİ;VİZE;EVRENCİK NA;KÜMEEVLER1 KÜME EVLER;sokak;1225153
KIRKLARELİ;VİZE;EVRENLİ NA;EVRENLİ KÜME EVLER;sokak;387803
KIRKLARELİ;VİZE;GAZİ;301. SOKAK;sokak;670146700
KIRKLARELİ;VİZE;GAZİ;302. SOKAK;sokak;862233
KIRKLARELİ;VİZE;GAZİ;303. SOKAK;sokak;862234
KIRKLARELİ;VİZE;GAZİ;304. SOKAK;sokak;862235
KIRKLARELİ;VİZE;GAZİ;305. SOKAK;sokak;862236
KIRKLARELİ;VİZE;GAZİ;306. SOKAK;sokak;862237
KIRKLARELİ;VİZE;GAZİ;307. SOKAK;sokak;862238
KIRKLARELİ;VİZE;GAZİ;308. SOKAK;sokak;862239
KIRKLARELİ;VİZE;GAZİ;309. SOKAK;sokak;862241
KIRKLARELİ;VİZE;GAZİ;310. SOKAK;sokak;862242
KIRKLARELİ;VİZE;GAZİ;311. SOKAK;sokak;375040160
KIRKLARELİ;VİZE;GAZİ;312. SOKAK;sokak;773574731
KIRKLARELİ;VİZE;GAZİ;313. SOKAK;sokak;470522381
KIRKLARELİ;VİZE;GAZİ;314. SOKAK;sokak;573866411
KIRKLARELİ;VİZE;GAZİ;315. SOKAK;sokak;264680
KIRKLARELİ;VİZE;GAZİ;316. SOKAK;sokak;441200
KIRKLARELİ;VİZE;GAZİ;317. SOKAK;sokak;616708241
KIRKLARELİ;VİZE;GAZİ;318. SOKAK;sokak;859426051
KIRKLARELİ;VİZE;GAZİ;319. SOKAK;sokak;622138551
KIRKLARELİ;VİZE;GAZİ;32. CADDE;cadde;862232
KIRKLARELİ;VİZE;GAZİ;320. SOKAK;sokak;478231901
KIRKLARELİ;VİZE;GAZİ;321. SOKAK;sokak;214897111
KIRKLARELİ;VİZE;GAZİ;322. SOKAK;sokak;893282641
KIRKLARELİ;VİZE;GAZİ;5. CADDE;cadde;980550
KIRKLARELİ;VİZE;GAZİ;610. SOKAK;sokak;588359010
KIRKLARELİ;VİZE;GAZİ;AKASYA SOKAK;sokak;213485
KIRKLARELİ;VİZE;GAZİ;ARA SOKAK;sokak;264668
KIRKLARELİ;VİZE;GAZİ;ARABACILAR CADDE;cadde;264669
KIRKLARELİ;VİZE;GAZİ;ARK SOKAK;sokak;441196
KIRKLARELİ;VİZE;GAZİ;ATATÜRK CADDE;cadde;264670
KIRKLARELİ;VİZE;GAZİ;ÇINAR ÇEŞME SOKAK;sokak;998154
KIRKLARELİ;VİZE;GAZİ;DEMİR SOKAK;sokak;264671
KIRKLARELİ;VİZE;GAZİ;DEVELİ YOLU SOKAK;sokak;441197
KIRKLARELİ;VİZE;GAZİ;DÜBEK SOKAK;sokak;365618
KIRKLARELİ;VİZE;GAZİ;EĞRİ SOKAK;sokak;748693
KIRKLARELİ;VİZE;GAZİ;GAZİ CADDE;cadde;264672
KIRKLARELİ;VİZE;GAZİ;HAYDARHANLI SOKAK;sokak;264673
KIRKLARELİ;VİZE;GAZİ;HOCA AHMET YESEVİ CADDE;cadde;264674
KIRKLARELİ;VİZE;GAZİ;KIRKLARELİ YOLU ÜZERİ SOKAK;sokak;620858730
KIRKLARELİ;VİZE;GAZİ;KIŞLA CADDE;cadde;264675
KIRKLARELİ;VİZE;GAZİ;MESCİT SOKAK;sokak;264676
KIRKLARELİ;VİZE;GAZİ;REMZİ AYKUT CADDE;cadde;185216
KIRKLARELİ;VİZE;GAZİ;SAĞLIK SOKAK;sokak;12499596
KIRKLARELİ;VİZE;GAZİ;ŞEYH BALİ SOKAK;sokak;264681
KIRKLARELİ;VİZE;GAZİ;TABAKHANE SOKAK;sokak;365619
KIRKLARELİ;VİZE;GAZİ;TAHTA KÖPRÜ SOKAK;sokak;264677
KIRKLARELİ;VİZE;GAZİ;TEKKE SOKAK;sokak;441199
KIRKLARELİ;VİZE;GAZİ;TÜRBE SOKAK;sokak;264678
KIRKLARELİ;VİZE;GAZİ;YILDIZ SOKAK;sokak;264679
KIRKLARELİ;VİZE;GAZİ;ZÜBEYDE HANIM CADDE;cadde;365620
KIRKLARELİ;VİZE;HAMİDİYE NA;HAMİDİYE KÜME EVLER;sokak;323279
KIRKLARELİ;VİZE;HASBUĞA NA;HASBOĞA KÜME EVLER;sokak;533346
KIRKLARELİ;VİZE;KALE;501. SOKAK;sokak;451564
KIRKLARELİ;VİZE;KALE;AĞIL SOKAK;sokak;365625
KIRKLARELİ;VİZE;KALE;ATATÜRK CADDE;cadde;258220
KIRKLARELİ;VİZE;KALE;ATATÜRK OKULU SOKAK;sokak;258221
KIRKLARELİ;VİZE;KALE;BAYIR SOKAK;sokak;451565
KIRKLARELİ;VİZE;KALE;BÜYÜK CAMİİ SOKAK;sokak;258222
KIRKLARELİ;VİZE;KALE;DİK SOKAK;sokak;258223
KIRKLARELİ;VİZE;KALE;FULYA SOKAK;sokak;763948
KIRKLARELİ;VİZE;KALE;HACI ÇEŞME CADDE;cadde;258224
KIRKLARELİ;VİZE;KALE;HAMAM SOKAK;sokak;365626
KIRKLARELİ;VİZE;KALE;HİSAR CADDE;cadde;451566
KIRKLARELİ;VİZE;KALE;HİSAR SOKAK SOKAK;sokak;259708
KIRKLARELİ;VİZE;KALE;İMARET ÇIKMAZI SOKAK;sokak;447012
KIRKLARELİ;VİZE;KALE;KALE CADDE;cadde;447009
KIRKLARELİ;VİZE;KALE;KARAKOL CADDE;cadde;259709
KIRKLARELİ;VİZE;KALE;MEKTEP SOKAK;sokak;259710
KIRKLARELİ;VİZE;KALE;NÜZHET EREZ SOKAK;sokak;259711
KIRKLARELİ;VİZE;KALE;ORTA OKUL CADDE;cadde;447010
KIRKLARELİ;VİZE;KALE;PAŞA SOKAK;sokak;259712
KIRKLARELİ;VİZE;KALE;SİMİTÇİ SOKAK;sokak;259713
KIRKLARELİ;VİZE;KALE;TAHSİN GÜREL SOKAK;sokak;259714
KIRKLARELİ;VİZE;KALE;TÜRBE SOKAK;sokak;447011
KIRKLARELİ;VİZE;KALE;YAMAÇ SOKAK;sokak;259715
KIRKLARELİ;VİZE;KALE;YATIR SOKAK;sokak;259716
KIRKLARELİ;VİZE;KALE;YAZI CADDE;cadde;259717
KIRKLARELİ;VİZE;KIŞLACIK NA;KIŞLACIK KÜME EVLER;sokak;627493
KIRKLARELİ;VİZE;KIYIKÖY - CUMHURİYET;1 NOLU SOKAK;sokak;449977
KIRKLARELİ;VİZE;KIYIKÖY - CUMHURİYET;2 NOLU SOKAK;sokak;765072
KIRKLARELİ;VİZE;KIYIKÖY - CUMHURİYET;3 NOLU SOKAK;sokak;261098
KIRKLARELİ;VİZE;KIYIKÖY - CUMHURİYET;5 NOLU SOKAK;sokak;261099
KIRKLARELİ;VİZE;KIYIKÖY - CUMHURİYET;7 NOLU SOKAK;sokak;449978
KIRKLARELİ;VİZE;KIYIKÖY - CUMHURİYET;9 NOLU SOKAK;sokak;261100
KIRKLARELİ;VİZE;KIYIKÖY - CUMHURİYET;AKŞAM SOKAK;sokak;291428
KIRKLARELİ;VİZE;KIYIKÖY - CUMHURİYET;ASYA SOKAK;sokak;291424
KIRKLARELİ;VİZE;KIYIKÖY - CUMHURİYET;ATATÜRK BULVAR;sokak;103240771
KIRKLARELİ;VİZE;KIYIKÖY - CUMHURİYET;AYBÜKE SOKAK;sokak;200406
KIRKLARELİ;VİZE;KIYIKÖY - CUMHURİYET;BEGONYA SOKAK;sokak;765071
KIRKLARELİ;VİZE;KIYIKÖY - CUMHURİYET;BİLLUR SOKAK;sokak;291425
KIRKLARELİ;VİZE;KIYIKÖY - CUMHURİYET;BUKET SOKAK;sokak;291430
KIRKLARELİ;VİZE;KIYIKÖY - CUMHURİYET;CUMHURİYET CADDE;cadde;261101
KIRKLARELİ;VİZE;KIYIKÖY - CUMHURİYET;DEFNE SOKAK;sokak;765069
KIRKLARELİ;VİZE;KIYIKÖY - CUMHURİYET;DESTAN SOKAK;sokak;765066
KIRKLARELİ;VİZE;KIYIKÖY - CUMHURİYET;ERGUVAN SOKAK;sokak;765067
KIRKLARELİ;VİZE;KIYIKÖY - CUMHURİYET;FULYA SOKAK;sokak;687888190
KIRKLARELİ;VİZE;KIYIKÖY - CUMHURİYET;FUNDA SOKAK;sokak;291422
KIRKLARELİ;VİZE;KIYIKÖY - CUMHURİYET;GELİNCİK SOKAK;sokak;765065
KIRKLARELİ;VİZE;KIYIKÖY - CUMHURİYET;GÜMÜŞ SOKAK;sokak;765068
KIRKLARELİ;VİZE;KIYIKÖY - CUMHURİYET;GÜNEŞ SOKAK;sokak;765063
KIRKLARELİ;VİZE;KIYIKÖY - CUMHURİYET;KOZA SOKAK;sokak;765070
KIRKLARELİ;VİZE;KIYIKÖY - CUMHURİYET;KÖMÜRLÜK SOKAK;sokak;825993
KIRKLARELİ;VİZE;KIYIKÖY - CUMHURİYET;LİMAN SOKAK;sokak;490726140
KIRKLARELİ;VİZE;KIYIKÖY - CUMHURİYET;LODOS SOKAK;sokak;200407
KIRKLARELİ;VİZE;KIYIKÖY - CUMHURİYET;MELİS SOKAK;sokak;819640
KIRKLARELİ;VİZE;KIYIKÖY - CUMHURİYET;MESUT SOKAK;sokak;765073
KIRKLARELİ;VİZE;KIYIKÖY - CUMHURİYET;NERGİS SOKAK;sokak;291421
KIRKLARELİ;VİZE;KIYIKÖY - CUMHURİYET;PALMİYE SOKAK;sokak;291426
KIRKLARELİ;VİZE;KIYIKÖY - CUMHURİYET;PINAR SOKAK;sokak;291427
KIRKLARELİ;VİZE;KIYIKÖY - CUMHURİYET;SARMAŞIK SOKAK;sokak;291431
KIRKLARELİ;VİZE;KIYIKÖY - CUMHURİYET;ŞELALE SOKAK;sokak;765062
KIRKLARELİ;VİZE;KIYIKÖY - CUMHURİYET;TAHSİN BABA SOKAK;sokak;1086284
KIRKLARELİ;VİZE;KIYIKÖY - CUMHURİYET;YAKAMOZ SOKAK;sokak;200408
KIRKLARELİ;VİZE;KIYIKÖY - CUMHURİYET;YILDIZ SOKAK;sokak;765064
KIRKLARELİ;VİZE;KIYIKÖY - GÜVEN;11 NOLU SOKAK;sokak;261102
KIRKLARELİ;VİZE;KIYIKÖY - GÜVEN;13 NOLU SOKAK;sokak;261103
KIRKLARELİ;VİZE;KIYIKÖY - GÜVEN;15 NOLU SOKAK;sokak;261104
KIRKLARELİ;VİZE;KIYIKÖY - GÜVEN;AÇELYA SOKAK;sokak;771324
KIRKLARELİ;VİZE;KIYIKÖY - GÜVEN;ADA SOKAK;sokak;825986
KIRKLARELİ;VİZE;KIYIKÖY - GÜVEN;ADNAN KAHVECİ BULVAR;sokak;766014
KIRKLARELİ;VİZE;KIYIKÖY - GÜVEN;AKASYA SOKAK;sokak;763934
KIRKLARELİ;VİZE;KIYIKÖY - GÜVEN;ARAJMAN SOKAK;sokak;763947
KIRKLARELİ;VİZE;KIYIKÖY - GÜVEN;ASLANAĞZI SOKAK;sokak;766019
KIRKLARELİ;VİZE;KIYIKÖY - GÜVEN;ATATÜRK BULVAR;sokak;766828
KIRKLARELİ;VİZE;KIYIKÖY - GÜVEN;BADEM SOKAK;sokak;766015
KIRKLARELİ;VİZE;KIYIKÖY - GÜVEN;BAĞLAR KÜME EVLER;sokak;826017
KIRKLARELİ;VİZE;KIYIKÖY - GÜVEN;BAĞLIK SIRTI KÜME EVLER;sokak;826001
KIRKLARELİ;VİZE;KIYIKÖY - GÜVEN;BALIM SOKAK;sokak;772692
KIRKLARELİ;VİZE;KIYIKÖY - GÜVEN;ÇALIŞKAN ÇİFTLİK KÜME EVLER;sokak;826002
KIRKLARELİ;VİZE;KIYIKÖY - GÜVEN;ÇERKEZ SOKAK;sokak;771325
KIRKLARELİ;VİZE;KIYIKÖY - GÜVEN;ÇINAR SOKAK;sokak;1064052
KIRKLARELİ;VİZE;KIYIKÖY - GÜVEN;ÇİĞDEM SOKAK;sokak;1064030
KIRKLARELİ;VİZE;KIYIKÖY - GÜVEN;DEĞİRMEN DERE KÜME EVLER;sokak;826003
KIRKLARELİ;VİZE;KIYIKÖY - GÜVEN;DEĞİRMEN SOKAK;sokak;766016
KIRKLARELİ;VİZE;KIYIKÖY - GÜVEN;FESLİHAN SOKAK;sokak;1063944
KIRKLARELİ;VİZE;KIYIKÖY - GÜVEN;FIŞKINA KÜME EVLER;sokak;824093
KIRKLARELİ;VİZE;KIYIKÖY - GÜVEN;FULYA SOKAK;sokak;63406540
KIRKLARELİ;VİZE;KIYIKÖY - GÜVEN;GÖRKEM SOKAK;sokak;763945
KIRKLARELİ;VİZE;KIYIKÖY - GÜVEN;GÜL SOKAK;sokak;772685
KIRKLARELİ;VİZE;KIYIKÖY - GÜVEN;HAMİDİYE KÜME EVLER;sokak;164659651
KIRKLARELİ;VİZE;KIYIKÖY - GÜVEN;HANIMELİ SOKAK;sokak;766017
KIRKLARELİ;VİZE;KIYIKÖY - GÜVEN;HİLAL SOKAK;sokak;766022
KIRKLARELİ;VİZE;KIYIKÖY - GÜVEN;IHLAMUR SOKAK;sokak;772689
KIRKLARELİ;VİZE;KIYIKÖY - GÜVEN;KALDIRIM KÜME EVLER;sokak;824095
KIRKLARELİ;VİZE;KIYIKÖY - GÜVEN;KARANFİL SOKAK;sokak;772686
KIRKLARELİ;VİZE;KIYIKÖY - GÜVEN;KARAYEL SOKAK;sokak;1063838
KIRKLARELİ;VİZE;KIYIKÖY - GÜVEN;KARDELEN SOKAK;sokak;771321
KIRKLARELİ;VİZE;KIYIKÖY - GÜVEN;KASIMPATI SOKAK;sokak;1063950
KIRKLARELİ;VİZE;KIYIKÖY - GÜVEN;KASTRO KÜME EVLER;sokak;824097
KIRKLARELİ;VİZE;KIYIKÖY - GÜVEN;KEKLİK SOKAK;sokak;763936
KIRKLARELİ;VİZE;KIYIKÖY - GÜVEN;KOCAGÖL KÜME EVLER;sokak;824094
KIRKLARELİ;VİZE;KIYIKÖY - GÜVEN;KOPRE KÜME EVLER;sokak;824096
KIRKLARELİ;VİZE;KIYIKÖY - GÜVEN;LEYLAK SOKAK;sokak;763944
KIRKLARELİ;VİZE;KIYIKÖY - GÜVEN;LİMAN SOKAK;sokak;766023
KIRKLARELİ;VİZE;KIYIKÖY - GÜVEN;MANASTIR TARLA KÜME EVLER;sokak;826004
KIRKLARELİ;VİZE;KIYIKÖY - GÜVEN;MANOLYA SOKAK;sokak;772679
KIRKLARELİ;VİZE;KIYIKÖY - GÜVEN;MENEKŞE SOKAK;sokak;772687
KIRKLARELİ;VİZE;KIYIKÖY - GÜVEN;NİLÜFER SOKAK;sokak;772778
KIRKLARELİ;VİZE;KIYIKÖY - GÜVEN;NİSAN SOKAK;sokak;1063846
KIRKLARELİ;VİZE;KIYIKÖY - GÜVEN;ORKİDE SOKAK;sokak;763930
KIRKLARELİ;VİZE;KIYIKÖY - GÜVEN;PAPATYA SOKAK;sokak;763935
KIRKLARELİ;VİZE;KIYIKÖY - GÜVEN;PELİN SOKAK;sokak;763940
KIRKLARELİ;VİZE;KIYIKÖY - GÜVEN;PETEK SOKAK;sokak;763946
KIRKLARELİ;VİZE;KIYIKÖY - GÜVEN;POYRAZ SOKAK;sokak;1064034
KIRKLARELİ;VİZE;KIYIKÖY - GÜVEN;RÜZGAR SOKAK;sokak;1063932
KIRKLARELİ;VİZE;KIYIKÖY - GÜVEN;SARDUNYA SOKAK;sokak;763942
KIRKLARELİ;VİZE;KIYIKÖY - GÜVEN;SENEM SOKAK;sokak;763943
KIRKLARELİ;VİZE;KIYIKÖY - GÜVEN;SÜMBÜL SOKAK;sokak;763931
KIRKLARELİ;VİZE;KIYIKÖY - GÜVEN;ŞEHİT ASTSUBAY OKTAY YATKIN CADDE;cadde;261105
KIRKLARELİ;VİZE;KIYIKÖY - GÜVEN;VEZİR SOKAK;sokak;772688
KIRKLARELİ;VİZE;KIYIKÖY - GÜVEN;VİZE YOLU CADDE;cadde;772682
KIRKLARELİ;VİZE;KIYIKÖY - GÜVEN;YASEMEN SOKAK;sokak;772684
KIRKLARELİ;VİZE;KIYIKÖY - GÜVEN;YONCA SOKAK;sokak;763937
KIRKLARELİ;VİZE;KIYIKÖY - GÜVEN;YÜRÜK SOKAK;sokak;771323
KIRKLARELİ;VİZE;KIYIKÖY - GÜVEN;ZAKKUM SOKAK;sokak;763929
KIRKLARELİ;VİZE;KIYIKÖY - GÜVEN;ZAMBAK SOKAK;sokak;819641
KIRKLARELİ;VİZE;KIYIKÖY - KALE;10 NOLU SOKAK;sokak;261433
KIRKLARELİ;VİZE;KIYIKÖY - KALE;2 NOLU SOKAK;sokak;446262
KIRKLARELİ;VİZE;KIYIKÖY - KALE;4 NOLU SOKAK;sokak;261434
KIRKLARELİ;VİZE;KIYIKÖY - KALE;6 NOLU SOKAK;sokak;261435
KIRKLARELİ;VİZE;KIYIKÖY - KALE;8 NOLU SOKAK;sokak;446263
KIRKLARELİ;VİZE;KIYIKÖY - KALE;CUMHURİYET CADDE;cadde;765035
KIRKLARELİ;VİZE;KIYIKÖY - KALE;DİLAY SOKAK;sokak;317753
KIRKLARELİ;VİZE;KIYIKÖY - KALE;KIVANÇ SOKAK;sokak;214240
KIRKLARELİ;VİZE;KIYIKÖY - KALE;MEHTAP SOKAK;sokak;766924
KIRKLARELİ;VİZE;KIYIKÖY - KALE;NADİDE SOKAK;sokak;766925
KIRKLARELİ;VİZE;KIYIKÖY - KALE;NESLİHAN SOKAK;sokak;215635
KIRKLARELİ;VİZE;KIYIKÖY - KALE;NESLİŞAH SOKAK;sokak;214241
KIRKLARELİ;VİZE;KIYIKÖY - KALE;PAZAR SOKAK;sokak;317749
KIRKLARELİ;VİZE;KIYIKÖY - KALE;PLAJ SOKAK;sokak;317752
KIRKLARELİ;VİZE;KIYIKÖY - KALE;POLEN SOKAK;sokak;214239
KIRKLARELİ;VİZE;KIYIKÖY - KALE;SÖĞÜT SOKAK;sokak;317750
KIRKLARELİ;VİZE;KIYIKÖY - KALE;SUR SOKAK;sokak;214236
KIRKLARELİ;VİZE;KIYIKÖY - KALE;TOPLAR SOKAK;sokak;824271
KIRKLARELİ;VİZE;KIYIKÖY - KALE;YAKAMOZ SOKAK;sokak;214237
KIRKLARELİ;VİZE;KIZILAĞAÇ NA;KIZILAĞAÇ KÜME EVLER;sokak;638119
KIRKLARELİ;VİZE;KIZILAĞAÇ NA;KÖMÜRKÖY KÜME EVLER;sokak;886753841
KIRKLARELİ;VİZE;KIZILAĞAÇ NA;SİVRİLER KÜME EVLER;sokak;652562400
KIRKLARELİ;VİZE;KÖMÜRKÖY NA;AKPINAR KÜME EVLER;sokak;592325951
KIRKLARELİ;VİZE;KÖMÜRKÖY NA;KIZILAĞAÇ KÜME EVLER;sokak;526510311
KIRKLARELİ;VİZE;KÖMÜRKÖY NA;KÖMÜRKÖY KÜME EVLER;sokak;82353
KIRKLARELİ;VİZE;KÜÇÜKYAYLA NA;AKPINAR KÜME EVLER;sokak;822969970
KIRKLARELİ;VİZE;KÜÇÜKYAYLA NA;GÜNDOĞAN BİCAZ GEÇİT HAKKI KÜME EVLER;sokak;498396160
KIRKLARELİ;VİZE;KÜÇÜKYAYLA NA;KIZILAĞAÇ KÜME EVLER;sokak;259277731
KIRKLARELİ;VİZE;KÜÇÜKYAYLA NA;KÜÇÜKYAYLA KÜME EVLER;sokak;537628
KIRKLARELİ;VİZE;MEHMET AKİF;401. SOKAK;sokak;258215
KIRKLARELİ;VİZE;MEHMET AKİF;402. SOKAK;sokak;862266
KIRKLARELİ;VİZE;MEHMET AKİF;403. SOKAK;sokak;862267
KIRKLARELİ;VİZE;MEHMET AKİF;404. SOKAK;sokak;862268
KIRKLARELİ;VİZE;MEHMET AKİF;405. SOKAK;sokak;862269
KIRKLARELİ;VİZE;MEHMET AKİF;406. SOKAK;sokak;862270
KIRKLARELİ;VİZE;MEHMET AKİF;407. SOKAK;sokak;451563
KIRKLARELİ;VİZE;MEHMET AKİF;408. SOKAK;sokak;258207
KIRKLARELİ;VİZE;MEHMET AKİF;409. SOKAK;sokak;258208
KIRKLARELİ;VİZE;MEHMET AKİF;41. CADDE;cadde;862265
KIRKLARELİ;VİZE;MEHMET AKİF;410. SOKAK;sokak;258209
KIRKLARELİ;VİZE;MEHMET AKİF;411. SOKAK;sokak;152580230
KIRKLARELİ;VİZE;MEHMET AKİF;412. SOKAK;sokak;837608270
KIRKLARELİ;VİZE;MEHMET AKİF;413. SOKAK;sokak;934484700
KIRKLARELİ;VİZE;MEHMET AKİF;414. SOKAK;sokak;939015360
KIRKLARELİ;VİZE;MEHMET AKİF;415. SOKAK;sokak;656437850
KIRKLARELİ;VİZE;MEHMET AKİF;417. SOKAK;sokak;367287721
KIRKLARELİ;VİZE;MEHMET AKİF;418. SOKAK;sokak;434371690
KIRKLARELİ;VİZE;MEHMET AKİF;419. SOKAK;sokak;168102511
KIRKLARELİ;VİZE;MEHMET AKİF;42. CADDE;cadde;399192040
KIRKLARELİ;VİZE;MEHMET AKİF;420. SOKAK;sokak;356201781
KIRKLARELİ;VİZE;MEHMET AKİF;421. SOKAK;sokak;617214520
KIRKLARELİ;VİZE;MEHMET AKİF;422. SOKAK;sokak;432724420
KIRKLARELİ;VİZE;MEHMET AKİF;423. SOKAK;sokak;142898701
KIRKLARELİ;VİZE;MEHMET AKİF;424. SOKAK;sokak;701758640
KIRKLARELİ;VİZE;MEHMET AKİF;425. SOKAK;sokak;862522691
KIRKLARELİ;VİZE;MEHMET AKİF;ACI ÇEŞME CADDE;cadde;441201
KIRKLARELİ;VİZE;MEHMET AKİF;AKPINAR KÜME EVLER;sokak;402308311
KIRKLARELİ;VİZE;MEHMET AKİF;BAYIR SOKAK;sokak;994614
KIRKLARELİ;VİZE;MEHMET AKİF;ÇALI SOKAK;sokak;258219
KIRKLARELİ;VİZE;MEHMET AKİF;DİK SOKAK;sokak;258211
KIRKLARELİ;VİZE;MEHMET AKİF;HACI ÇEŞME CADDE;cadde;994620
KIRKLARELİ;VİZE;MEHMET AKİF;HARMANLAR SOKAK;sokak;441202
KIRKLARELİ;VİZE;MEHMET AKİF;HİSAR CADDE;cadde;258212
KIRKLARELİ;VİZE;MEHMET AKİF;KENAR SOKAK;sokak;365622
KIRKLARELİ;VİZE;MEHMET AKİF;KILIÇ SOKAK;sokak;258213
KIRKLARELİ;VİZE;MEHMET AKİF;KÖMÜRKÖY YOLU CADDE;cadde;824595
KIRKLARELİ;VİZE;MEHMET AKİF;KÜÇÜK YAYLA SOKAK;sokak;441203
KIRKLARELİ;VİZE;MEHMET AKİF;LADİN SOKAK;sokak;760587
KIRKLARELİ;VİZE;MEHMET AKİF;MAHALLE MEYDAN;sokak;258214
KIRKLARELİ;VİZE;MEHMET AKİF;MEHMET ALİ ERSOY CADDE;cadde;756119
KIRKLARELİ;VİZE;MEHMET AKİF;MEYDANLIK SOKAK;sokak;365623
KIRKLARELİ;VİZE;MEHMET AKİF;MEZARLIK SOKAK;sokak;258216
KIRKLARELİ;VİZE;MEHMET AKİF;NİLÜFER SOKAK;sokak;216669
KIRKLARELİ;VİZE;MEHMET AKİF;ÖRTÜLÜ ÇEŞME SOKAK;sokak;365621
KIRKLARELİ;VİZE;MEHMET AKİF;SULTAN ÇEŞME CADDE;cadde;88591433
KIRKLARELİ;VİZE;MEHMET AKİF;YAMAÇ SOKAK;sokak;258217
KIRKLARELİ;VİZE;MEHMET AKİF;YASEMİN SOKAK;sokak;748454
KIRKLARELİ;VİZE;MEHMET AKİF;YAZI CADDE;cadde;258218
KIRKLARELİ;VİZE;MEHMET AKİF;ZÜMBÜL SOKAK;sokak;365624
KIRKLARELİ;VİZE;MÜSELLİM NA;MÜSELLİM KÜME EVLER;sokak;638853
KIRKLARELİ;VİZE;NAMIK KEMAL;315. SOKAK;sokak;994608
KIRKLARELİ;VİZE;NAMIK KEMAL;601. SOKAK;sokak;447015
KIRKLARELİ;VİZE;NAMIK KEMAL;602. SOKAK;sokak;447016
KIRKLARELİ;VİZE;NAMIK KEMAL;603. SOKAK;sokak;259719
KIRKLARELİ;VİZE;NAMIK KEMAL;604. SOKAK;sokak;259720
KIRKLARELİ;VİZE;NAMIK KEMAL;605. SOKAK;sokak;259718
KIRKLARELİ;VİZE;NAMIK KEMAL;606. SOKAK;sokak;259722
KIRKLARELİ;VİZE;NAMIK KEMAL;ARABACILAR CADDE;cadde;860984720
KIRKLARELİ;VİZE;NAMIK KEMAL;BİLİNMEYEN 16 SOKAK;sokak;292872320
KIRKLARELİ;VİZE;NAMIK KEMAL;BİLİNMEYEN 6 SOKAK;sokak;505811490
KIRKLARELİ;VİZE;NAMIK KEMAL;BİLİNMEYEN1 SOKAK;sokak;847905340
KIRKLARELİ;VİZE;NAMIK KEMAL;ÇINAR ÇEŞME SOKAK;sokak;447017
KIRKLARELİ;VİZE;NAMIK KEMAL;DEMİR SOKAK;sokak;447013
KIRKLARELİ;VİZE;NAMIK KEMAL;DÖRTOLUK SOKAK;sokak;259721
KIRKLARELİ;VİZE;NAMIK KEMAL;GAZİ CADDE;cadde;259723
KIRKLARELİ;VİZE;NAMIK KEMAL;HAYDARHANLI SOKAK;sokak;447014
KIRKLARELİ;VİZE;NAMIK KEMAL;HIZIR CADDE;cadde;722840370
KIRKLARELİ;VİZE;NAMIK KEMAL;HIZIR ÇIKMAZI SOKAK;sokak;259725
KIRKLARELİ;VİZE;NAMIK KEMAL;İSİMSİZ44 SOKAK;sokak;542388520
KIRKLARELİ;VİZE;NAMIK KEMAL;KIRKLARELİ YOLU ÜZERİ SOKAK;sokak;430549
KIRKLARELİ;VİZE;NAMIK KEMAL;KISA SOKAK;sokak;259726
KIRKLARELİ;VİZE;NAMIK KEMAL;KIŞLA CADDE;cadde;259727
KIRKLARELİ;VİZE;NAMIK KEMAL;MÜSLÜM SOKAK;sokak;259728
KIRKLARELİ;VİZE;NAMIK KEMAL;ÖZER SOKAK;sokak;259731
KIRKLARELİ;VİZE;NAMIK KEMAL;PAZARLI KÜME EVLER;sokak;177162831
KIRKLARELİ;VİZE;NAMIK KEMAL;REMZİ AYKUT CADDE;cadde;912155
KIRKLARELİ;VİZE;NAMIK KEMAL;SAĞLIK SOKAK;sokak;12499505
KIRKLARELİ;VİZE;NAMIK KEMAL;SOFULAR KÜME EVLER;sokak;282707591
KIRKLARELİ;VİZE;NAMIK KEMAL;TAŞ SOKAK;sokak;259729
KIRKLARELİ;VİZE;NAMIK KEMAL;YAN SOKAK;sokak;259730
KIRKLARELİ;VİZE;OKÇULAR NA;AKPINAR KÜME EVLER;sokak;257164321
KIRKLARELİ;VİZE;OKÇULAR NA;OKÇULAR KÜME EVLER;sokak;502353
KIRKLARELİ;VİZE;OKÇULAR NA;YOL KÜME EVLER;sokak;627062050
KIRKLARELİ;VİZE;PAZARLI NA;PAZARLI KÜME EVLER;sokak;502307
KIRKLARELİ;VİZE;SERGEN - FEVZİ ÇAKMAK;ATATÜRK SOKAK;sokak;261436
KIRKLARELİ;VİZE;SERGEN - FEVZİ ÇAKMAK;BEKİRBEY SOKAK;sokak;261437
KIRKLARELİ;VİZE;SERGEN - FEVZİ ÇAKMAK;BEŞEVLER SOKAK;sokak;682584
KIRKLARELİ;VİZE;SERGEN - FEVZİ ÇAKMAK;BİLİNMEYEN 1 SOKAK;sokak;186982660
KIRKLARELİ;VİZE;SERGEN - FEVZİ ÇAKMAK;BİLİNMEYEN 2. SOKAK;sokak;523532730
KIRKLARELİ;VİZE;SERGEN - FEVZİ ÇAKMAK;BİLİNMEYEN 8. SOKAK;sokak;202847740
KIRKLARELİ;VİZE;SERGEN - FEVZİ ÇAKMAK;BOSNA SOKAK;sokak;681024
KIRKLARELİ;VİZE;SERGEN - FEVZİ ÇAKMAK;CAMİİ SOKAK;sokak;446264
KIRKLARELİ;VİZE;SERGEN - FEVZİ ÇAKMAK;CUMHURİYET SOKAK;sokak;744918460
KIRKLARELİ;VİZE;SERGEN - FEVZİ ÇAKMAK;ÇAVUŞ 1. SOKAK;sokak;677719311
KIRKLARELİ;VİZE;SERGEN - FEVZİ ÇAKMAK;ÇAVUŞ SOKAK;sokak;687474
KIRKLARELİ;VİZE;SERGEN - FEVZİ ÇAKMAK;EVRENCİK 1. SOKAK;sokak;164421390
KIRKLARELİ;VİZE;SERGEN - FEVZİ ÇAKMAK;EVRENCİK SOKAK;sokak;686297
KIRKLARELİ;VİZE;SERGEN - FEVZİ ÇAKMAK;GÜL SOKAK;sokak;261438
KIRKLARELİ;VİZE;SERGEN - FEVZİ ÇAKMAK;GÜNDOĞU SOKAK;sokak;261439
KIRKLARELİ;VİZE;SERGEN - FEVZİ ÇAKMAK;HASAN EFENDİ SOKAK;sokak;261440
KIRKLARELİ;VİZE;SERGEN - FEVZİ ÇAKMAK;HAVUZ SOKAK;sokak;446265
KIRKLARELİ;VİZE;SERGEN - FEVZİ ÇAKMAK;İSİMSİZ 1. SOKAK;sokak;220500171
KIRKLARELİ;VİZE;SERGEN - FEVZİ ÇAKMAK;İSİMSİZ 2000 SOKAK;sokak;919115941
KIRKLARELİ;VİZE;SERGEN - FEVZİ ÇAKMAK;İSİMSİZ 3. SOKAK;sokak;130542181
KIRKLARELİ;VİZE;SERGEN - FEVZİ ÇAKMAK;İSİMSİZ 4000 SOKAK;sokak;706455021
KIRKLARELİ;VİZE;SERGEN - FEVZİ ÇAKMAK;İSİMSİZ. SOKAK;sokak;361457791
KIRKLARELİ;VİZE;SERGEN - FEVZİ ÇAKMAK;İSİMSİZ1 SOKAK;sokak;173644800
KIRKLARELİ;VİZE;SERGEN - FEVZİ ÇAKMAK;İSİMSİZ2 SOKAK;sokak;502206720
KIRKLARELİ;VİZE;SERGEN - FEVZİ ÇAKMAK;KANARYA SOKAK;sokak;261441
KIRKLARELİ;VİZE;SERGEN - FEVZİ ÇAKMAK;KISA SOKAK;sokak;261442
KIRKLARELİ;VİZE;SERGEN - FEVZİ ÇAKMAK;MELTEM SOKAK;sokak;277280
KIRKLARELİ;VİZE;SERGEN - FEVZİ ÇAKMAK;MENDERES SOKAK;sokak;477838
KIRKLARELİ;VİZE;SERGEN - FEVZİ ÇAKMAK;MEZARLIK SOKAK;sokak;446266
KIRKLARELİ;VİZE;SERGEN - FEVZİ ÇAKMAK;MUSALLA SOKAK;sokak;261443
KIRKLARELİ;VİZE;SERGEN - FEVZİ ÇAKMAK;ORMAN 1. SOKAK;sokak;154944951
KIRKLARELİ;VİZE;SERGEN - FEVZİ ÇAKMAK;ORMAN 2. SOKAK;sokak;205830430
KIRKLARELİ;VİZE;SERGEN - FEVZİ ÇAKMAK;ORMAN SOKAK;sokak;681102
KIRKLARELİ;VİZE;SERGEN - FEVZİ ÇAKMAK;PAZAR ÇEŞME SOKAK;sokak;261465
KIRKLARELİ;VİZE;SERGEN - FEVZİ ÇAKMAK;ŞAFAK SOKAK;sokak;104226
KIRKLARELİ;VİZE;SERGEN - FEVZİ ÇAKMAK;ŞAHİNLER SOKAK;sokak;261447
KIRKLARELİ;VİZE;SERGEN - FEVZİ ÇAKMAK;ŞİRİN SOKAK;sokak;261448
KIRKLARELİ;VİZE;SERGEN - FEVZİ ÇAKMAK;TAN SOKAK;sokak;261445
KIRKLARELİ;VİZE;SERGEN - FEVZİ ÇAKMAK;TONTON SOKAK;sokak;446267
KIRKLARELİ;VİZE;SERGEN - FEVZİ ÇAKMAK;UZUN SOKAK;sokak;364057
KIRKLARELİ;VİZE;SERGEN - FEVZİ ÇAKMAK;YÜKSEL SOKAK;sokak;261446
KIRKLARELİ;VİZE;SERGEN - SAĞLIK;ATATÜRK SOKAK;sokak;104535
KIRKLARELİ;VİZE;SERGEN - SAĞLIK;BAYRAM SOKAK;sokak;446268
KIRKLARELİ;VİZE;SERGEN - SAĞLIK;BEKİRBEY SOKAK;sokak;364058
KIRKLARELİ;VİZE;SERGEN - SAĞLIK;BİLİNMEYEN 1 SOKAK;sokak;254399691
KIRKLARELİ;VİZE;SERGEN - SAĞLIK;BİLİNMEYEN 1. KÜME EVLER;sokak;734866800
KIRKLARELİ;VİZE;SERGEN - SAĞLIK;BİLİNMEYEN 2. SOKAK;sokak;523532731
KIRKLARELİ;VİZE;SERGEN - SAĞLIK;BİLİNMEYEN 3. SOKAK;sokak;525641500
KIRKLARELİ;VİZE;SERGEN - SAĞLIK;BİLİNMEYEN 8. SOKAK;sokak;165676040
KIRKLARELİ;VİZE;SERGEN - SAĞLIK;BOSNA SOKAK;sokak;868931790
KIRKLARELİ;VİZE;SERGEN - SAĞLIK;CAMİİ SOKAK;sokak;261449
KIRKLARELİ;VİZE;SERGEN - SAĞLIK;CUMHURİYET SOKAK;sokak;261450
KIRKLARELİ;VİZE;SERGEN - SAĞLIK;ÇEŞME SOKAK;sokak;261458
KIRKLARELİ;VİZE;SERGEN - SAĞLIK;ÇUKUR SOKAK;sokak;686212
KIRKLARELİ;VİZE;SERGEN - SAĞLIK;DAYI SOKAK;sokak;395421
KIRKLARELİ;VİZE;SERGEN - SAĞLIK;DEMİRKÖY SOKAK;sokak;261451
KIRKLARELİ;VİZE;SERGEN - SAĞLIK;DOĞAN SOKAK;sokak;273426
KIRKLARELİ;VİZE;SERGEN - SAĞLIK;FERAH SOKAK;sokak;446269
KIRKLARELİ;VİZE;SERGEN - SAĞLIK;FİLİZ SOKAK;sokak;261452
KIRKLARELİ;VİZE;SERGEN - SAĞLIK;GÜNDOĞU SOKAK;sokak;364059
KIRKLARELİ;VİZE;SERGEN - SAĞLIK;İSİMSİZ4 SOKAK;sokak;802105940
KIRKLARELİ;VİZE;SERGEN - SAĞLIK;İSİMSİZ5 SOKAK;sokak;844392981
KIRKLARELİ;VİZE;SERGEN - SAĞLIK;KARLI SOKAK;sokak;687109
KIRKLARELİ;VİZE;SERGEN - SAĞLIK;KAYNAR SOKAK;sokak;687111
KIRKLARELİ;VİZE;SERGEN - SAĞLIK;KIR ÇIKMAZ SOKAK;sokak;446270
KIRKLARELİ;VİZE;SERGEN - SAĞLIK;KIR SOKAK;sokak;261453
KIRKLARELİ;VİZE;SERGEN - SAĞLIK;MERT SOKAK;sokak;684075
KIRKLARELİ;VİZE;SERGEN - SAĞLIK;ORTAOKUL SOKAK;sokak;261454
KIRKLARELİ;VİZE;SERGEN - SAĞLIK;ÖZDEN SOKAK;sokak;261456
KIRKLARELİ;VİZE;SERGEN - SAĞLIK;PARK SOKAK;sokak;261455
KIRKLARELİ;VİZE;SERGEN - SAĞLIK;PAZAR ÇEŞME SOKAK;sokak;364060
KIRKLARELİ;VİZE;SERGEN - SAĞLIK;REİS SOKAK;sokak;687484
KIRKLARELİ;VİZE;SERGEN - SAĞLIK;SARP SOKAK;sokak;687110
KIRKLARELİ;VİZE;SERGEN - SAĞLIK;YAŞ SOKAK;sokak;395415
KIRKLARELİ;VİZE;SERGEN - SAĞLIK;YEŞİL SOKAK;sokak;446271
KIRKLARELİ;VİZE;SERGEN - SAĞLIK;YONCA SOKAK;sokak;261457
KIRKLARELİ;VİZE;SERGEN - YENİ CAMİ;ARA SOKAK;sokak;779149270
KIRKLARELİ;VİZE;SERGEN - YENİ CAMİ;ATATÜRK SOKAK;sokak;446272
KIRKLARELİ;VİZE;SERGEN - YENİ CAMİ;ATLI SOKAK;sokak;261461
KIRKLARELİ;VİZE;SERGEN - YENİ CAMİ;AYDIN SOKAK;sokak;364061
KIRKLARELİ;VİZE;SERGEN - YENİ CAMİ;BIÇKI SOKAK;sokak;261460
KIRKLARELİ;VİZE;SERGEN - YENİ CAMİ;CUMHURİYET SOKAK;sokak;364062
KIRKLARELİ;VİZE;SERGEN - YENİ CAMİ;ÇAMLIK SOKAK;sokak;261467
KIRKLARELİ;VİZE;SERGEN - YENİ CAMİ;DEPO SOKAK;sokak;683857
KIRKLARELİ;VİZE;SERGEN - YENİ CAMİ;DURALI SOKAK;sokak;682168
KIRKLARELİ;VİZE;SERGEN - YENİ CAMİ;ESEN SOKAK;sokak;446273
KIRKLARELİ;VİZE;SERGEN - YENİ CAMİ;FERAH SOKAK;sokak;261462
KIRKLARELİ;VİZE;SERGEN - YENİ CAMİ;GÖLLER SOKAK;sokak;1184901
KIRKLARELİ;VİZE;SERGEN - YENİ CAMİ;GÜL SOKAK;sokak;261463
KIRKLARELİ;VİZE;SERGEN - YENİ CAMİ;GÜNDÜZ SOKAK;sokak;446274
KIRKLARELİ;VİZE;SERGEN - YENİ CAMİ;GÜZ SOKAK;sokak;682167
KIRKLARELİ;VİZE;SERGEN - YENİ CAMİ;HARMANLAR SOKAK;sokak;685055
KIRKLARELİ;VİZE;SERGEN - YENİ CAMİ;IĞDIRLILAR SOKAK;sokak;1184887
KIRKLARELİ;VİZE;SERGEN - YENİ CAMİ;İSİMSİZ 4000 SOKAK;sokak;706455020
KIRKLARELİ;VİZE;SERGEN - YENİ CAMİ;İSİMSİZ 5000 SOKAK;sokak;896723150
KIRKLARELİ;VİZE;SERGEN - YENİ CAMİ;İSİMSİZ1001 SOKAK;sokak;466382011
KIRKLARELİ;VİZE;SERGEN - YENİ CAMİ;KORU SOKAK;sokak;1184875
KIRKLARELİ;VİZE;SERGEN - YENİ CAMİ;MANGIR SOKAK;sokak;683731
KIRKLARELİ;VİZE;SERGEN - YENİ CAMİ;MENDERES SOKAK;sokak;261464
KIRKLARELİ;VİZE;SERGEN - YENİ CAMİ;MİNİ SOKAK;sokak;364063
KIRKLARELİ;VİZE;SERGEN - YENİ CAMİ;ORTAOKUL SOKAK;sokak;685885
KIRKLARELİ;VİZE;SERGEN - YENİ CAMİ;PAZAR ÇEŞME SOKAK;sokak;261444
KIRKLARELİ;VİZE;SERGEN - YENİ CAMİ;REİS SOKAK;sokak;261459
KIRKLARELİ;VİZE;SERGEN - YENİ CAMİ;SERİN SOKAK;sokak;261466
KIRKLARELİ;VİZE;SERGEN - YENİ CAMİ;VARDAR SOKAK;sokak;685315
KIRKLARELİ;VİZE;SERGEN - YENİ CAMİ;YENEN SOKAK;sokak;40819
KIRKLARELİ;VİZE;SERGEN - YENİ CAMİ;ZÜMRÜT SOKAK;sokak;446275
KIRKLARELİ;VİZE;SOFULAR NA;SOFULAR KÜME EVLER;sokak;508869
KIRKLARELİ;VİZE;SOĞUCAK NA;SOĞUCAK KÜME EVLER;sokak;504471
KIRKLARELİ;VİZE;TOPÇUKÖY NA;TOPÇUKÖY KÜME EVLER;sokak;504305
