il;ilce;mahalle;cadde_sokak;tip;uavt_kodu
NİĞDE;ALTUNHİSAR;AKÇAÖREN - CUMHURİYET;ANKARA SOKAK;sokak;649901530
NİĞDE;ALTUNHİSAR;AKÇAÖREN - CUMHURİYET;CUMHURİYET KÜME EVLER;sokak;473864
NİĞDE;ALTUNHİSAR;AKÇAÖREN - CUMHURİYET;SUNA SOKAK;sokak;665388510
NİĞDE;ALTUNHİSAR;AKÇAÖREN - İSTİKLAL;ALTINDAŞ SOKAK;sokak;483712
NİĞDE;ALTUNHİSAR;AKÇAÖREN - İSTİKLAL;BAŞAK SOKAK;sokak;474201
NİĞDE;ALTUNHİSAR;AKÇAÖREN - İSTİKLAL;BAŞAK/1 SOKAK;sokak;128873451
NİĞDE;ALTUNHİSAR;AKÇAÖREN - İSTİKLAL;BEŞİNCİ SOKAK;sokak;474195
NİĞDE;ALTUNHİSAR;AKÇAÖREN - İSTİKLAL;BİRİNCİ SOKAK;sokak;473867
NİĞDE;ALTUNHİSAR;AKÇAÖREN - İSTİKLAL;ÇİĞDEM SOKAK;sokak;479315
NİĞDE;ALTUNHİSAR;AKÇAÖREN - İSTİKLAL;DÖRDÜNCÜ SOKAK;sokak;474199
NİĞDE;ALTUNHİSAR;AKÇAÖREN - İSTİKLAL;FİLİZ SOKAK;sokak;474196
NİĞDE;ALTUNHİSAR;AKÇAÖREN - İSTİKLAL;İSTİKLAL SOKAK;sokak;474202
NİĞDE;ALTUNHİSAR;AKÇAÖREN - İSTİKLAL;KARANFİL SOKAK;sokak;474198
NİĞDE;ALTUNHİSAR;AKÇAÖREN - İSTİKLAL;LALE SOKAK;sokak;473868
NİĞDE;ALTUNHİSAR;AKÇAÖREN - İSTİKLAL;MENEVŞE SOKAK;sokak;474194
NİĞDE;ALTUNHİSAR;AKÇAÖREN - İSTİKLAL;SERHAT SOKAK;sokak;483711
NİĞDE;ALTUNHİSAR;AKÇAÖREN - İSTİKLAL;SÜMBÜL SOKAK;sokak;474197
NİĞDE;ALTUNHİSAR;AKÇAÖREN - İSTİKLAL;YAYLA SOKAK;sokak;474193
NİĞDE;ALTUNHİSAR;AKÇAÖREN - ŞAFAK;ANKARA SOKAK;sokak;483720
NİĞDE;ALTUNHİSAR;AKÇAÖREN - ŞAFAK;ANKARA/1 SOKAK;sokak;624046450
NİĞDE;ALTUNHİSAR;AKÇAÖREN - ŞAFAK;BİRİNCİ SOKAK;sokak;478964
NİĞDE;ALTUNHİSAR;AKÇAÖREN - ŞAFAK;HACI YUSUF SOKAK;sokak;478965
NİĞDE;ALTUNHİSAR;AKÇAÖREN - ŞAFAK;İKİNCİ SOKAK;sokak;478966
NİĞDE;ALTUNHİSAR;AKÇAÖREN - ŞAFAK;KARANFİL SOKAK;sokak;509069241
NİĞDE;ALTUNHİSAR;AKÇAÖREN - ŞAFAK;OKUL SOKAK;sokak;482434
NİĞDE;ALTUNHİSAR;AKÇAÖREN - ŞAFAK;ŞAFAK/1 SOKAK;sokak;907037600
NİĞDE;ALTUNHİSAR;AKÇAÖREN - ŞAFAK;ÜCÜNCÜ SOKAK;sokak;478967
NİĞDE;ALTUNHİSAR;AKÇAÖREN - ŞAFAK;YATAY SOKAK;sokak;478963
NİĞDE;ALTUNHİSAR;AKÇAÖREN - ZAFER;ANKARA SOKAK;sokak;475061
NİĞDE;ALTUNHİSAR;AKÇAÖREN - ZAFER;BAŞAK SOKAK;sokak;957218900
NİĞDE;ALTUNHİSAR;AKÇAÖREN - ZAFER;BAŞAK/1 SOKAK;sokak;128873450
NİĞDE;ALTUNHİSAR;AKÇAÖREN - ZAFER;BAYIR SOKAK;sokak;483715
NİĞDE;ALTUNHİSAR;AKÇAÖREN - ZAFER;CEYLAN SOKAK;sokak;482432
NİĞDE;ALTUNHİSAR;AKÇAÖREN - ZAFER;ÇİMEN SOKAK;sokak;474203
NİĞDE;ALTUNHİSAR;AKÇAÖREN - ZAFER;HUZUR SOKAK;sokak;482433
NİĞDE;ALTUNHİSAR;AKÇAÖREN - ZAFER;HÜKÜMET SOKAK;sokak;483717
NİĞDE;ALTUNHİSAR;AKÇAÖREN - ZAFER;KANARYA SOKAK;sokak;474204
NİĞDE;ALTUNHİSAR;AKÇAÖREN - ZAFER;KURUÇEŞME SOKAK;sokak;474207
NİĞDE;ALTUNHİSAR;AKÇAÖREN - ZAFER;NERGİZ SOKAK;sokak;483718
NİĞDE;ALTUNHİSAR;AKÇAÖREN - ZAFER;SALON SOKAK;sokak;483716
NİĞDE;ALTUNHİSAR;AKÇAÖREN - ZAFER;SARAY SOKAK;sokak;478449
NİĞDE;ALTUNHİSAR;AKÇAÖREN - ZAFER;SUNA SOKAK;sokak;483714
NİĞDE;ALTUNHİSAR;AKÇAÖREN - ZAFER;SUNA/1 SOKAK;sokak;418353070
NİĞDE;ALTUNHİSAR;AKÇAÖREN - ZAFER;SUNA/2 SOKAK;sokak;214655880
NİĞDE;ALTUNHİSAR;AKÇAÖREN - ZAFER;SÜMBÜL SOKAK;sokak;634625431
NİĞDE;ALTUNHİSAR;AKÇAÖREN - ZAFER;YEŞİL SOKAK;sokak;474206
NİĞDE;ALTUNHİSAR;AŞAĞI;1. KÜME EVLER;sokak;53323
NİĞDE;ALTUNHİSAR;AŞAĞI;301. SOKAK;sokak;991764060
NİĞDE;ALTUNHİSAR;AŞAĞI;303. SOKAK;sokak;605506130
NİĞDE;ALTUNHİSAR;AŞAĞI;304. SOKAK;sokak;698838740
NİĞDE;ALTUNHİSAR;AŞAĞI;306 SOKAK;sokak;651075180
NİĞDE;ALTUNHİSAR;AŞAĞI;308. SOKAK;sokak;711876940
NİĞDE;ALTUNHİSAR;AŞAĞI;309. SOKAK;sokak;633775350
NİĞDE;ALTUNHİSAR;AŞAĞI;ATATÜRK BULVAR;sokak;852308
NİĞDE;ALTUNHİSAR;AŞAĞI;CUMHURİYET MEYDAN;sokak;895457
NİĞDE;ALTUNHİSAR;AŞAĞI;HACI MAHMUT ÇAĞATAY SOKAK;sokak;617845590
NİĞDE;ALTUNHİSAR;AŞAĞI;HAMAM SOKAK;sokak;468470
NİĞDE;ALTUNHİSAR;AŞAĞI;HIDIR KAHVECİ SOKAK;sokak;82651
NİĞDE;ALTUNHİSAR;AŞAĞI;KASAP SOKAK;sokak;468473
NİĞDE;ALTUNHİSAR;AŞAĞI;KÜLTÜR SOKAK;sokak;26621
NİĞDE;ALTUNHİSAR;AŞAĞI;MERCAN SOKAK;sokak;112004900
NİĞDE;ALTUNHİSAR;AŞAĞI;RAĞBET TAŞÇI SOKAK;sokak;756630390
NİĞDE;ALTUNHİSAR;AŞAĞI;SARAY SOKAK;sokak;472200660
NİĞDE;ALTUNHİSAR;AŞAĞI;SÜLLÜ ERCAN SOKAK;sokak;53324
NİĞDE;ALTUNHİSAR;AŞAĞI;ŞEHİT ABDULKADİR TANIK CADDE;cadde;26622
NİĞDE;ALTUNHİSAR;AŞAĞI;ŞEHİT GÜRBÜZ KİRAZCI SOKAK;sokak;26624
NİĞDE;ALTUNHİSAR;AŞAĞI;ŞEHİT OSMAN ALTUĞ SOKAK;sokak;366568
NİĞDE;ALTUNHİSAR;AŞAĞI;YEŞİLDERE SOKAK;sokak;26623
NİĞDE;ALTUNHİSAR;ÇÖMLEKÇİ - CUMHURİYET;CUMHURİYET SOKAK;sokak;26672
NİĞDE;ALTUNHİSAR;ÇÖMLEKÇİ - CUMHURİYET;ÇATAL SOKAK;sokak;26669
NİĞDE;ALTUNHİSAR;ÇÖMLEKÇİ - CUMHURİYET;ÇATAL/1 SOKAK;sokak;516159870
NİĞDE;ALTUNHİSAR;ÇÖMLEKÇİ - CUMHURİYET;ÇATAL/2 SOKAK;sokak;999094750
NİĞDE;ALTUNHİSAR;ÇÖMLEKÇİ - CUMHURİYET;ÇATAL/3 SOKAK;sokak;588579470
NİĞDE;ALTUNHİSAR;ÇÖMLEKÇİ - CUMHURİYET;ÇATAL/4 SOKAK;sokak;918756580
NİĞDE;ALTUNHİSAR;ÇÖMLEKÇİ - CUMHURİYET;ÇATAL/5 SOKAK;sokak;575186640
NİĞDE;ALTUNHİSAR;ÇÖMLEKÇİ - CUMHURİYET;DERE/1 SOKAK;sokak;751074330
NİĞDE;ALTUNHİSAR;ÇÖMLEKÇİ - CUMHURİYET;GAZİ SOKAK;sokak;338561
NİĞDE;ALTUNHİSAR;ÇÖMLEKÇİ - CUMHURİYET;HARIM SOKAK;sokak;474964
NİĞDE;ALTUNHİSAR;ÇÖMLEKÇİ - CUMHURİYET;HÜRRİYET/4 SOKAK;sokak;169268831
NİĞDE;ALTUNHİSAR;ÇÖMLEKÇİ - CUMHURİYET;HÜRRİYET/5 SOKAK;sokak;560726710
NİĞDE;ALTUNHİSAR;ÇÖMLEKÇİ - CUMHURİYET;İMAM ALİ SOKAK;sokak;26671
NİĞDE;ALTUNHİSAR;ÇÖMLEKÇİ - CUMHURİYET;İMAM ALİ/1 SOKAK;sokak;708750260
NİĞDE;ALTUNHİSAR;ÇÖMLEKÇİ - CUMHURİYET;MANASTIR SOKAK;sokak;26664
NİĞDE;ALTUNHİSAR;ÇÖMLEKÇİ - CUMHURİYET;MANASTIR/1 SOKAK;sokak;541878770
NİĞDE;ALTUNHİSAR;ÇÖMLEKÇİ - CUMHURİYET;MANASTIR/2 SOKAK;sokak;332681780
NİĞDE;ALTUNHİSAR;ÇÖMLEKÇİ - CUMHURİYET;MENGENE SOKAK;sokak;26665
NİĞDE;ALTUNHİSAR;ÇÖMLEKÇİ - CUMHURİYET;MEZARLIK SOKAK;sokak;26666
NİĞDE;ALTUNHİSAR;ÇÖMLEKÇİ - CUMHURİYET;MEZARLIK/1 SOKAK;sokak;439869670
NİĞDE;ALTUNHİSAR;ÇÖMLEKÇİ - CUMHURİYET;MEZARLIK/2 SOKAK;sokak;801806230
NİĞDE;ALTUNHİSAR;ÇÖMLEKÇİ - CUMHURİYET;OKUL SOKAK;sokak;26667
NİĞDE;ALTUNHİSAR;ÇÖMLEKÇİ - CUMHURİYET;ÖZGÜRLÜK SOKAK;sokak;26670
NİĞDE;ALTUNHİSAR;ÇÖMLEKÇİ - CUMHURİYET;SIHHIYE SOKAK;sokak;26674
NİĞDE;ALTUNHİSAR;ÇÖMLEKÇİ - CUMHURİYET;ŞEHİT MURTAZA GÜNEŞ SOKAK;sokak;26675
NİĞDE;ALTUNHİSAR;ÇÖMLEKÇİ - CUMHURİYET;TUZLUPINAR SOKAK;sokak;26668
NİĞDE;ALTUNHİSAR;ÇÖMLEKÇİ - HÜRRİYET;ALIÇLIDERE SOKAK;sokak;484622
NİĞDE;ALTUNHİSAR;ÇÖMLEKÇİ - HÜRRİYET;CAMİ SOKAK;sokak;484612
NİĞDE;ALTUNHİSAR;ÇÖMLEKÇİ - HÜRRİYET;ÇİÇEKLİ SOKAK;sokak;484621
NİĞDE;ALTUNHİSAR;ÇÖMLEKÇİ - HÜRRİYET;GÜLENİ SOKAK;sokak;484619
NİĞDE;ALTUNHİSAR;ÇÖMLEKÇİ - HÜRRİYET;HALİÇ SOKAK;sokak;484615
NİĞDE;ALTUNHİSAR;ÇÖMLEKÇİ - HÜRRİYET;HALİÇ/1 SOKAK;sokak;280162850
NİĞDE;ALTUNHİSAR;ÇÖMLEKÇİ - HÜRRİYET;HAVA YOKUŞU SOKAK;sokak;484623
NİĞDE;ALTUNHİSAR;ÇÖMLEKÇİ - HÜRRİYET;HOPHİSAR SOKAK;sokak;484613
NİĞDE;ALTUNHİSAR;ÇÖMLEKÇİ - HÜRRİYET;HÜRRİYET SOKAK;sokak;474271
NİĞDE;ALTUNHİSAR;ÇÖMLEKÇİ - HÜRRİYET;HÜRRİYET/1 SOKAK;sokak;446089410
NİĞDE;ALTUNHİSAR;ÇÖMLEKÇİ - HÜRRİYET;HÜRRİYET/2 SOKAK;sokak;747298070
NİĞDE;ALTUNHİSAR;ÇÖMLEKÇİ - HÜRRİYET;HÜRRİYET/4 SOKAK;sokak;169268830
NİĞDE;ALTUNHİSAR;ÇÖMLEKÇİ - HÜRRİYET;HÜRRİYET/5 SOKAK;sokak;560726711
NİĞDE;ALTUNHİSAR;ÇÖMLEKÇİ - HÜRRİYET;HÜRRİYET/6 SOKAK;sokak;274713090
NİĞDE;ALTUNHİSAR;ÇÖMLEKÇİ - HÜRRİYET;İMAM ALİ DAMI SOKAK;sokak;484618
NİĞDE;ALTUNHİSAR;ÇÖMLEKÇİ - HÜRRİYET;KALE SOKAK;sokak;484620
NİĞDE;ALTUNHİSAR;ÇÖMLEKÇİ - HÜRRİYET;MALA SOKAK;sokak;484614
NİĞDE;ALTUNHİSAR;ÇÖMLEKÇİ - HÜRRİYET;PINAR SOKAK;sokak;484616
NİĞDE;ALTUNHİSAR;ÇÖMLEKÇİ - HÜRRİYET;YEŞİL SOKAK;sokak;484617
NİĞDE;ALTUNHİSAR;ÇÖMLEKÇİ - HÜRRİYET;YEŞİL/1 SOKAK;sokak;607733630
NİĞDE;ALTUNHİSAR;ÇÖMLEKÇİ - KURTULUŞ;DERE SOKAK;sokak;367078
NİĞDE;ALTUNHİSAR;ÇÖMLEKÇİ - KURTULUŞ;DOLAYI SOKAK;sokak;21623
NİĞDE;ALTUNHİSAR;ÇÖMLEKÇİ - KURTULUŞ;ÖZDERE SOKAK;sokak;21625
NİĞDE;ALTUNHİSAR;ÇÖMLEKÇİ - KURTULUŞ;YOKUŞ SOKAK;sokak;21624
NİĞDE;ALTUNHİSAR;İSTİKLAL;39. SOKAK;sokak;168572940
NİĞDE;ALTUNHİSAR;İSTİKLAL;501 SOKAK;sokak;823040981
NİĞDE;ALTUNHİSAR;İSTİKLAL;502 SOKAK;sokak;324015641
NİĞDE;ALTUNHİSAR;İSTİKLAL;503 SOKAK;sokak;942940300
NİĞDE;ALTUNHİSAR;İSTİKLAL;504 SOKAK;sokak;96991914
NİĞDE;ALTUNHİSAR;İSTİKLAL;505 SOKAK;sokak;301787270
NİĞDE;ALTUNHİSAR;İSTİKLAL;506 SOKAK;sokak;953328700
NİĞDE;ALTUNHİSAR;İSTİKLAL;507 SOKAK;sokak;877996560
NİĞDE;ALTUNHİSAR;İSTİKLAL;508. SOKAK;sokak;950855020
NİĞDE;ALTUNHİSAR;İSTİKLAL;509 SOKAK;sokak;97743561
NİĞDE;ALTUNHİSAR;İSTİKLAL;510. SOKAK;sokak;153039930
NİĞDE;ALTUNHİSAR;İSTİKLAL;511 SOKAK;sokak;401915380
NİĞDE;ALTUNHİSAR;İSTİKLAL;512 SOKAK;sokak;77000602
NİĞDE;ALTUNHİSAR;İSTİKLAL;513 SOKAK;sokak;180337381
NİĞDE;ALTUNHİSAR;İSTİKLAL;514 SOKAK;sokak;250712420
NİĞDE;ALTUNHİSAR;İSTİKLAL;515 SOKAK;sokak;424665160
NİĞDE;ALTUNHİSAR;İSTİKLAL;520. SOKAK;sokak;122444480
NİĞDE;ALTUNHİSAR;İSTİKLAL;521. SOKAK;sokak;906050310
NİĞDE;ALTUNHİSAR;İSTİKLAL;522. SOKAK;sokak;142216180
NİĞDE;ALTUNHİSAR;İSTİKLAL;525 SOKAK;sokak;489304320
NİĞDE;ALTUNHİSAR;İSTİKLAL;529 SOKAK;sokak;363083440
NİĞDE;ALTUNHİSAR;İSTİKLAL;532. SOKAK;sokak;269349840
NİĞDE;ALTUNHİSAR;İSTİKLAL;533. SOKAK;sokak;942832490
NİĞDE;ALTUNHİSAR;İSTİKLAL;534. SOKAK;sokak;279237620
NİĞDE;ALTUNHİSAR;İSTİKLAL;535. SOKAK;sokak;154529230
NİĞDE;ALTUNHİSAR;İSTİKLAL;536. SOKAK;sokak;115066150
NİĞDE;ALTUNHİSAR;İSTİKLAL;537 SOKAK;sokak;348601890
NİĞDE;ALTUNHİSAR;İSTİKLAL;538. SOKAK;sokak;638205000
NİĞDE;ALTUNHİSAR;İSTİKLAL;539 SOKAK;sokak;261629660
NİĞDE;ALTUNHİSAR;İSTİKLAL;540 SOKAK;sokak;321908370
NİĞDE;ALTUNHİSAR;İSTİKLAL;541 SOKAK;sokak;100252110
NİĞDE;ALTUNHİSAR;İSTİKLAL;542 SOKAK;sokak;859459391
NİĞDE;ALTUNHİSAR;İSTİKLAL;543 SOKAK;sokak;578759570
NİĞDE;ALTUNHİSAR;İSTİKLAL;546 SOKAK;sokak;586251950
NİĞDE;ALTUNHİSAR;İSTİKLAL;547. SOKAK;sokak;811378041
NİĞDE;ALTUNHİSAR;İSTİKLAL;548. SOKAK;sokak;530297401
NİĞDE;ALTUNHİSAR;İSTİKLAL;549. SOKAK;sokak;800692891
NİĞDE;ALTUNHİSAR;İSTİKLAL;550. SOKAK;sokak;867855401
NİĞDE;ALTUNHİSAR;İSTİKLAL;551. SOKAK;sokak;100823030
NİĞDE;ALTUNHİSAR;İSTİKLAL;552. SOKAK;sokak;209343600
NİĞDE;ALTUNHİSAR;İSTİKLAL;553. SOKAK;sokak;238368690
NİĞDE;ALTUNHİSAR;İSTİKLAL;554. SOKAK;sokak;134982900
NİĞDE;ALTUNHİSAR;İSTİKLAL;555. SOKAK;sokak;601243100
NİĞDE;ALTUNHİSAR;İSTİKLAL;558. SOKAK;sokak;960852380
NİĞDE;ALTUNHİSAR;İSTİKLAL;AHMET DOYGUN SOKAK;sokak;26626
NİĞDE;ALTUNHİSAR;İSTİKLAL;ALTINTAŞ KÜME EVLER;sokak;366573
NİĞDE;ALTUNHİSAR;İSTİKLAL;ALTINYURT SOKAK;sokak;180153130
NİĞDE;ALTUNHİSAR;İSTİKLAL;ATATÜRK BULVAR;sokak;476511
NİĞDE;ALTUNHİSAR;İSTİKLAL;BALLI SOKAK;sokak;262586
NİĞDE;ALTUNHİSAR;İSTİKLAL;BOĞAS KÜME EVLER;sokak;26630
NİĞDE;ALTUNHİSAR;İSTİKLAL;BUĞDAY SOKAK;sokak;21790
NİĞDE;ALTUNHİSAR;İSTİKLAL;CAMİ SOKAK;sokak;358799
NİĞDE;ALTUNHİSAR;İSTİKLAL;DEFNE SOKAK;sokak;366572
NİĞDE;ALTUNHİSAR;İSTİKLAL;DEMIRCI AHMET KARABIYIK SOKAK;sokak;220150440
NİĞDE;ALTUNHİSAR;İSTİKLAL;DEVLET BAHÇELİ CADDE;cadde;141123950
NİĞDE;ALTUNHİSAR;İSTİKLAL;DÖRTYOL SOKAK;sokak;158326860
NİĞDE;ALTUNHİSAR;İSTİKLAL;ELİF SOKAK;sokak;486749
NİĞDE;ALTUNHİSAR;İSTİKLAL;ESNAF AHMET YUSAL SOKAK;sokak;973008830
NİĞDE;ALTUNHİSAR;İSTİKLAL;FATMA MERCAN SOKAK SOKAK;sokak;354961
NİĞDE;ALTUNHİSAR;İSTİKLAL;GÖLEK ARASI KÜME EVLER;sokak;46156
NİĞDE;ALTUNHİSAR;İSTİKLAL;GÜNDOĞMUŞ SOKAK;sokak;333285760
NİĞDE;ALTUNHİSAR;İSTİKLAL;HASTANE CADDE;cadde;26631
NİĞDE;ALTUNHİSAR;İSTİKLAL;KARAAĞIL SOKAK;sokak;136301730
NİĞDE;ALTUNHİSAR;İSTİKLAL;KARADUT SOKAK;sokak;185352780
NİĞDE;ALTUNHİSAR;İSTİKLAL;KIR KÜME EVLER;sokak;366574
NİĞDE;ALTUNHİSAR;İSTİKLAL;KIZILYER KÜME EVLER;sokak;26632
NİĞDE;ALTUNHİSAR;İSTİKLAL;KORU KÜME EVLER;sokak;26633
NİĞDE;ALTUNHİSAR;İSTİKLAL;LALE SOKAK;sokak;354958
NİĞDE;ALTUNHİSAR;İSTİKLAL;MENEKŞE SOKAK;sokak;26627
NİĞDE;ALTUNHİSAR;İSTİKLAL;MEVLÜT SERTTAŞ CADDE;cadde;318207980
NİĞDE;ALTUNHİSAR;İSTİKLAL;MEZARLIK YOLU KÜME EVLER;sokak;846362
NİĞDE;ALTUNHİSAR;İSTİKLAL;NERGİZ SOKAK;sokak;366571
NİĞDE;ALTUNHİSAR;İSTİKLAL;ÖĞRETMEN KERİM KABALCI CADDE;cadde;370595570
NİĞDE;ALTUNHİSAR;İSTİKLAL;ÖĞRETMEN SOKAK;sokak;529583521
NİĞDE;ALTUNHİSAR;İSTİKLAL;PAPATYA SOKAK;sokak;26628
NİĞDE;ALTUNHİSAR;İSTİKLAL;PARK SOKAK;sokak;46157
NİĞDE;ALTUNHİSAR;İSTİKLAL;PAŞA DOYGUN SOKAK;sokak;227078060
NİĞDE;ALTUNHİSAR;İSTİKLAL;RÜZGAR SOKAK;sokak;371946
NİĞDE;ALTUNHİSAR;İSTİKLAL;SAKİN SOKAK;sokak;26634
NİĞDE;ALTUNHİSAR;İSTİKLAL;SARAY SOKAK;sokak;640342260
NİĞDE;ALTUNHİSAR;İSTİKLAL;SAYGIN CADDE;cadde;485768
NİĞDE;ALTUNHİSAR;İSTİKLAL;SELÇUKLU CADDE;cadde;201211090
NİĞDE;ALTUNHİSAR;İSTİKLAL;SEYHAN SOKAK;sokak;380589
NİĞDE;ALTUNHİSAR;İSTİKLAL;SIHATLİ SOKAK;sokak;366570
NİĞDE;ALTUNHİSAR;İSTİKLAL;SÜMBÜL SOKAK;sokak;26629
NİĞDE;ALTUNHİSAR;İSTİKLAL;ŞAMMA DOYGUN CADDE;cadde;26625
NİĞDE;ALTUNHİSAR;İSTİKLAL;ŞEHİT ABDULKADİR TANIK CADDE;cadde;366575
NİĞDE;ALTUNHİSAR;İSTİKLAL;ŞEHİT ABDULKADİR TANIK/19 SOKAK;sokak;454982190
NİĞDE;ALTUNHİSAR;İSTİKLAL;TEKKEBAĞ SOKAK;sokak;476525
NİĞDE;ALTUNHİSAR;İSTİKLAL;UÇANKALE SOKAK;sokak;756590601
NİĞDE;ALTUNHİSAR;İSTİKLAL;YATAY SOKAK;sokak;53325
NİĞDE;ALTUNHİSAR;İSTİKLAL;ZAMBAK SOKAK;sokak;46155
NİĞDE;ALTUNHİSAR;KARAKAPI - CUMHURİYET;10. SOKAK;sokak;480737
NİĞDE;ALTUNHİSAR;KARAKAPI - CUMHURİYET;11. SOKAK;sokak;480739
NİĞDE;ALTUNHİSAR;KARAKAPI - CUMHURİYET;12.- SOKAK;sokak;480740
NİĞDE;ALTUNHİSAR;KARAKAPI - CUMHURİYET;19 MAYIS CADDE;cadde;473438
NİĞDE;ALTUNHİSAR;KARAKAPI - CUMHURİYET;23.NİSAN CADDE;cadde;367080
NİĞDE;ALTUNHİSAR;KARAKAPI - CUMHURİYET;29 EKİM SOKAK;sokak;475105
NİĞDE;ALTUNHİSAR;KARAKAPI - CUMHURİYET;29 EKİM/1 SOKAK;sokak;515150050
NİĞDE;ALTUNHİSAR;KARAKAPI - CUMHURİYET;30 AĞUSTOS CADDE;cadde;473430
NİĞDE;ALTUNHİSAR;KARAKAPI - CUMHURİYET;30 AĞUSTOS/1 SOKAK;sokak;987271000
NİĞDE;ALTUNHİSAR;KARAKAPI - CUMHURİYET;6. SOKAK;sokak;476795
NİĞDE;ALTUNHİSAR;KARAKAPI - CUMHURİYET;7. SOKAK;sokak;476796
NİĞDE;ALTUNHİSAR;KARAKAPI - CUMHURİYET;8. SOKAK;sokak;476797
NİĞDE;ALTUNHİSAR;KARAKAPI - CUMHURİYET;9. SOKAK;sokak;476798
NİĞDE;ALTUNHİSAR;KARAKAPI - CUMHURİYET;AHMET HAMDİ TANPINAR CADDE;cadde;473389
NİĞDE;ALTUNHİSAR;KARAKAPI - CUMHURİYET;AKINCILAR SOKAK;sokak;473394
NİĞDE;ALTUNHİSAR;KARAKAPI - CUMHURİYET;AKSARAY NİĞDE YOLU BULVAR;sokak;280706390
NİĞDE;ALTUNHİSAR;KARAKAPI - CUMHURİYET;AKSARAY NİĞDE YOLU/1 SOKAK;sokak;432528650
NİĞDE;ALTUNHİSAR;KARAKAPI - CUMHURİYET;AKSARAY NİĞDE YOLU/2 SOKAK;sokak;294692100
NİĞDE;ALTUNHİSAR;KARAKAPI - CUMHURİYET;ALAATTİN KEYKUBAT SOKAK;sokak;473393
NİĞDE;ALTUNHİSAR;KARAKAPI - CUMHURİYET;ALPARSLAN SOKAK;sokak;473422
NİĞDE;ALTUNHİSAR;KARAKAPI - CUMHURİYET;ALTIN SOKAK;sokak;473434
NİĞDE;ALTUNHİSAR;KARAKAPI - CUMHURİYET;ANKARA SOKAK;sokak;480727
NİĞDE;ALTUNHİSAR;KARAKAPI - CUMHURİYET;ARDINÇ SOKAK;sokak;475092
NİĞDE;ALTUNHİSAR;KARAKAPI - CUMHURİYET;AŞIK KEMALİ SOKAK;sokak;478508
NİĞDE;ALTUNHİSAR;KARAKAPI - CUMHURİYET;ATATÜRK BULVAR;sokak;21627
NİĞDE;ALTUNHİSAR;KARAKAPI - CUMHURİYET;ATEŞ SOKAK;sokak;473401
NİĞDE;ALTUNHİSAR;KARAKAPI - CUMHURİYET;AVŞAR SOKAK;sokak;480734
NİĞDE;ALTUNHİSAR;KARAKAPI - CUMHURİYET;AYDIN SOKAK;sokak;473431
NİĞDE;ALTUNHİSAR;KARAKAPI - CUMHURİYET;BAHAR SOKAK;sokak;478514
NİĞDE;ALTUNHİSAR;KARAKAPI - CUMHURİYET;BAHCİVAN SOKAK;sokak;473423
NİĞDE;ALTUNHİSAR;KARAKAPI - CUMHURİYET;BAKIR SOKAK;sokak;473417
NİĞDE;ALTUNHİSAR;KARAKAPI - CUMHURİYET;BAKKAL SOKAK;sokak;367079
NİĞDE;ALTUNHİSAR;KARAKAPI - CUMHURİYET;BALARBANLAR SOKAK;sokak;21626
NİĞDE;ALTUNHİSAR;KARAKAPI - CUMHURİYET;BALTA SOKAK;sokak;478510
NİĞDE;ALTUNHİSAR;KARAKAPI - CUMHURİYET;BAYRAM SOKAK;sokak;473433
NİĞDE;ALTUNHİSAR;KARAKAPI - CUMHURİYET;BAYRAMPAŞA SOKAK;sokak;473403
NİĞDE;ALTUNHİSAR;KARAKAPI - CUMHURİYET;BELDE SOKAK;sokak;478507
NİĞDE;ALTUNHİSAR;KARAKAPI - CUMHURİYET;BOZ SOKAK;sokak;473411
NİĞDE;ALTUNHİSAR;KARAKAPI - CUMHURİYET;CENGİZHAN SOKAK;sokak;475099
NİĞDE;ALTUNHİSAR;KARAKAPI - CUMHURİYET;ÇAĞDAŞ SOKAK;sokak;480735
NİĞDE;ALTUNHİSAR;KARAKAPI - CUMHURİYET;ÇAĞLAR SOKAK;sokak;480743
NİĞDE;ALTUNHİSAR;KARAKAPI - CUMHURİYET;ÇAMLICA SOKAK;sokak;478517
NİĞDE;ALTUNHİSAR;KARAKAPI - CUMHURİYET;ÇEŞME SOKAK;sokak;473387
NİĞDE;ALTUNHİSAR;KARAKAPI - CUMHURİYET;ÇEVİK SOKAK;sokak;480732
NİĞDE;ALTUNHİSAR;KARAKAPI - CUMHURİYET;ÇİLEK SOKAK;sokak;473419
NİĞDE;ALTUNHİSAR;KARAKAPI - CUMHURİYET;ÇİNİ SOKAK;sokak;473428
NİĞDE;ALTUNHİSAR;KARAKAPI - CUMHURİYET;DEDE SOKAK;sokak;486684
NİĞDE;ALTUNHİSAR;KARAKAPI - CUMHURİYET;DEĞİRMEN SOKAK;sokak;478519
NİĞDE;ALTUNHİSAR;KARAKAPI - CUMHURİYET;DEMİRLER SOKAK;sokak;480741
NİĞDE;ALTUNHİSAR;KARAKAPI - CUMHURİYET;DİK SOKAK;sokak;478504
NİĞDE;ALTUNHİSAR;KARAKAPI - CUMHURİYET;DÜZEN SOKAK;sokak;473409
NİĞDE;ALTUNHİSAR;KARAKAPI - CUMHURİYET;EGEMENLİK CADDE;cadde;475096
NİĞDE;ALTUNHİSAR;KARAKAPI - CUMHURİYET;ERTAN SOKAK;sokak;475101
NİĞDE;ALTUNHİSAR;KARAKAPI - CUMHURİYET;EZİNÇ SOKAK;sokak;473404
NİĞDE;ALTUNHİSAR;KARAKAPI - CUMHURİYET;FINDIK SOKAK;sokak;473396
NİĞDE;ALTUNHİSAR;KARAKAPI - CUMHURİYET;FISTIK SOKAK;sokak;473398
NİĞDE;ALTUNHİSAR;KARAKAPI - CUMHURİYET;GÖKTÜRKLER 1 SOKAK;sokak;480730
NİĞDE;ALTUNHİSAR;KARAKAPI - CUMHURİYET;GÖKTÜRKLER 2 CADDE;cadde;473402
NİĞDE;ALTUNHİSAR;KARAKAPI - CUMHURİYET;GÜLBEYAZ SOKAK;sokak;473418
NİĞDE;ALTUNHİSAR;KARAKAPI - CUMHURİYET;GÜLDANE SOKAK;sokak;473436
NİĞDE;ALTUNHİSAR;KARAKAPI - CUMHURİYET;GÜNEŞLİ SOKAK;sokak;21628
NİĞDE;ALTUNHİSAR;KARAKAPI - CUMHURİYET;GÜVERCİN SOKAK;sokak;473429
NİĞDE;ALTUNHİSAR;KARAKAPI - CUMHURİYET;GÜZ SOKAK;sokak;473386
NİĞDE;ALTUNHİSAR;KARAKAPI - CUMHURİYET;HAYAT SOKAK;sokak;480736
NİĞDE;ALTUNHİSAR;KARAKAPI - CUMHURİYET;HİLAL SOKAK;sokak;473437
NİĞDE;ALTUNHİSAR;KARAKAPI - CUMHURİYET;İĞDE SOKAK;sokak;486685
NİĞDE;ALTUNHİSAR;KARAKAPI - CUMHURİYET;İKLİM SOKAK;sokak;480726
NİĞDE;ALTUNHİSAR;KARAKAPI - CUMHURİYET;İLKNUR SOKAK;sokak;473388
NİĞDE;ALTUNHİSAR;KARAKAPI - CUMHURİYET;İNAN SOKAK;sokak;478505
NİĞDE;ALTUNHİSAR;KARAKAPI - CUMHURİYET;KARAMANOĞULLARI SOKAK;sokak;473424
NİĞDE;ALTUNHİSAR;KARAKAPI - CUMHURİYET;KARAYEL SOKAK;sokak;473399
NİĞDE;ALTUNHİSAR;KARAKAPI - CUMHURİYET;KARTANE SOKAK;sokak;475094
NİĞDE;ALTUNHİSAR;KARAKAPI - CUMHURİYET;KAZIM KARABEKİR CADDE;cadde;21629
NİĞDE;ALTUNHİSAR;KARAKAPI - CUMHURİYET;KEMAL SUNAL SOKAK;sokak;478521
NİĞDE;ALTUNHİSAR;KARAKAPI - CUMHURİYET;KESTANE SOKAK;sokak;478513
NİĞDE;ALTUNHİSAR;KARAKAPI - CUMHURİYET;KILIÇ SOKAK;sokak;473397
NİĞDE;ALTUNHİSAR;KARAKAPI - CUMHURİYET;KIR SOKAK;sokak;473400
NİĞDE;ALTUNHİSAR;KARAKAPI - CUMHURİYET;KURT SOKAK;sokak;480728
NİĞDE;ALTUNHİSAR;KARAKAPI - CUMHURİYET;KURTULUŞ SOKAK;sokak;473407
NİĞDE;ALTUNHİSAR;KARAKAPI - CUMHURİYET;KUŞ SOKAK;sokak;473390
NİĞDE;ALTUNHİSAR;KARAKAPI - CUMHURİYET;MALAZGİRT SOKAK;sokak;473406
NİĞDE;ALTUNHİSAR;KARAKAPI - CUMHURİYET;MEHMETCİK SOKAK;sokak;478512
NİĞDE;ALTUNHİSAR;KARAKAPI - CUMHURİYET;MEŞRUTİYET CADDE;cadde;473416
NİĞDE;ALTUNHİSAR;KARAKAPI - CUMHURİYET;MEŞRUTİYET/1 SOKAK;sokak;578933230
NİĞDE;ALTUNHİSAR;KARAKAPI - CUMHURİYET;MEVKİ SOKAK;sokak;480733
NİĞDE;ALTUNHİSAR;KARAKAPI - CUMHURİYET;MEVSİM SOKAK;sokak;478516
NİĞDE;ALTUNHİSAR;KARAKAPI - CUMHURİYET;MEZARLIK SOKAK;sokak;21630
NİĞDE;ALTUNHİSAR;KARAKAPI - CUMHURİYET;MİLLİYET CADDE;cadde;480731
NİĞDE;ALTUNHİSAR;KARAKAPI - CUMHURİYET;NAMLI SOKAK;sokak;480744
NİĞDE;ALTUNHİSAR;KARAKAPI - CUMHURİYET;NARLI SOKAK;sokak;473391
NİĞDE;ALTUNHİSAR;KARAKAPI - CUMHURİYET;NEŞELİ SOKAK;sokak;480729
NİĞDE;ALTUNHİSAR;KARAKAPI - CUMHURİYET;NEŞET ERTAŞ SOKAK;sokak;473395
NİĞDE;ALTUNHİSAR;KARAKAPI - CUMHURİYET;NOHUT SOKAK;sokak;478506
NİĞDE;ALTUNHİSAR;KARAKAPI - CUMHURİYET;NUR SOKAK;sokak;475102
NİĞDE;ALTUNHİSAR;KARAKAPI - CUMHURİYET;OKUL SOKAK;sokak;367081
NİĞDE;ALTUNHİSAR;KARAKAPI - CUMHURİYET;ORDU SOKAK;sokak;478503
NİĞDE;ALTUNHİSAR;KARAKAPI - CUMHURİYET;OSMANLI SOKAK;sokak;478518
NİĞDE;ALTUNHİSAR;KARAKAPI - CUMHURİYET;PEKER SOKAK;sokak;475103
NİĞDE;ALTUNHİSAR;KARAKAPI - CUMHURİYET;POLAT SOKAK;sokak;473410
NİĞDE;ALTUNHİSAR;KARAKAPI - CUMHURİYET;POYRAZ SOKAK;sokak;475088
NİĞDE;ALTUNHİSAR;KARAKAPI - CUMHURİYET;REFİK ASLAN ÖZTÜRK CADDE;cadde;478523
NİĞDE;ALTUNHİSAR;KARAKAPI - CUMHURİYET;REŞAT NURİ GÜLTEKİN CADDE;cadde;478525
NİĞDE;ALTUNHİSAR;KARAKAPI - CUMHURİYET;RÜYA SOKAK;sokak;473405
NİĞDE;ALTUNHİSAR;KARAKAPI - CUMHURİYET;SAĞLIK SOKAK;sokak;473415
NİĞDE;ALTUNHİSAR;KARAKAPI - CUMHURİYET;SANCAK SOKAK;sokak;473425
NİĞDE;ALTUNHİSAR;KARAKAPI - CUMHURİYET;SAYDAM SOKAK;sokak;478509
NİĞDE;ALTUNHİSAR;KARAKAPI - CUMHURİYET;SEKİLER CADDE;cadde;21631
NİĞDE;ALTUNHİSAR;KARAKAPI - CUMHURİYET;SELÇUKLU SOKAK;sokak;478520
NİĞDE;ALTUNHİSAR;KARAKAPI - CUMHURİYET;ŞAFAK SOKAK;sokak;367082
NİĞDE;ALTUNHİSAR;KARAKAPI - CUMHURİYET;TEKNOLOJİ SOKAK;sokak;478522
NİĞDE;ALTUNHİSAR;KARAKAPI - CUMHURİYET;TELLİ SOKAK;sokak;475063
NİĞDE;ALTUNHİSAR;KARAKAPI - CUMHURİYET;TEPE SOKAK;sokak;475090
NİĞDE;ALTUNHİSAR;KARAKAPI - CUMHURİYET;TOMURCUK SOKAK;sokak;473435
NİĞDE;ALTUNHİSAR;KARAKAPI - CUMHURİYET;TOPRAK SOKAK;sokak;480742
NİĞDE;ALTUNHİSAR;KARAKAPI - CUMHURİYET;TUTKU SOKAK;sokak;475093
NİĞDE;ALTUNHİSAR;KARAKAPI - CUMHURİYET;TÜTÜN SOKAK;sokak;475100
NİĞDE;ALTUNHİSAR;KARAKAPI - CUMHURİYET;ULUDAĞ SOKAK;sokak;475104
NİĞDE;ALTUNHİSAR;KARAKAPI - CUMHURİYET;UMUT SOKAK;sokak;475097
NİĞDE;ALTUNHİSAR;KARAKAPI - CUMHURİYET;UMUT/1 SOKAK;sokak;374072510
NİĞDE;ALTUNHİSAR;KARAKAPI - CUMHURİYET;UYGURLAR 1 SOKAK;sokak;473413
NİĞDE;ALTUNHİSAR;KARAKAPI - CUMHURİYET;UYGURLAR 2 SOKAK;sokak;475106
NİĞDE;ALTUNHİSAR;KARAKAPI - CUMHURİYET;UZUN SOKAK;sokak;21632
NİĞDE;ALTUNHİSAR;KARAKAPI - CUMHURİYET;YAKAMOZ SOKAK;sokak;473385
NİĞDE;ALTUNHİSAR;KARAKAPI - CUMHURİYET;YAŞAM SOKAK;sokak;478515
NİĞDE;ALTUNHİSAR;KARAKAPI - CUMHURİYET;YAZ SOKAK;sokak;478526
NİĞDE;ALTUNHİSAR;KARAKAPI - CUMHURİYET;YELKEN SOKAK;sokak;473408
NİĞDE;ALTUNHİSAR;KARAKAPI - CUMHURİYET;YENİCE SOKAK;sokak;475091
NİĞDE;ALTUNHİSAR;KARAKAPI - CUMHURİYET;YILMAZ SOKAK;sokak;478511
NİĞDE;ALTUNHİSAR;KARAKAPI - CUMHURİYET;ZAFER CADDE;cadde;476794
NİĞDE;ALTUNHİSAR;KARAKAPI - YAKA;ACARLAR SOKAK;sokak;21633
NİĞDE;ALTUNHİSAR;KARAKAPI - YAKA;BAHÇE SOKAK;sokak;479080
NİĞDE;ALTUNHİSAR;KARAKAPI - YAKA;BARIŞ CADDE;cadde;479081
NİĞDE;ALTUNHİSAR;KARAKAPI - YAKA;CAMİ SOKAK;sokak;476768
NİĞDE;ALTUNHİSAR;KARAKAPI - YAKA;CENNET SOKAK;sokak;480703
NİĞDE;ALTUNHİSAR;KARAKAPI - YAKA;ÇAVUŞOĞLU SOKAK;sokak;22011
NİĞDE;ALTUNHİSAR;KARAKAPI - YAKA;ÇİĞDEM SOKAK;sokak;484216
NİĞDE;ALTUNHİSAR;KARAKAPI - YAKA;DEMET SOKAK;sokak;22012
NİĞDE;ALTUNHİSAR;KARAKAPI - YAKA;DUT SOKAK;sokak;479084
NİĞDE;ALTUNHİSAR;KARAKAPI - YAKA;EKİM SOKAK;sokak;476770
NİĞDE;ALTUNHİSAR;KARAKAPI - YAKA;EMEK SOKAK;sokak;479078
NİĞDE;ALTUNHİSAR;KARAKAPI - YAKA;ERENLER SOKAK;sokak;367405
NİĞDE;ALTUNHİSAR;KARAKAPI - YAKA;ERİK SOKAK;sokak;472568
NİĞDE;ALTUNHİSAR;KARAKAPI - YAKA;GONCA SOKAK;sokak;479077
NİĞDE;ALTUNHİSAR;KARAKAPI - YAKA;GÜL SOKAK;sokak;367407
NİĞDE;ALTUNHİSAR;KARAKAPI - YAKA;HİBE SOKAK;sokak;21635
NİĞDE;ALTUNHİSAR;KARAKAPI - YAKA;KARANFİL SOKAK;sokak;472570
NİĞDE;ALTUNHİSAR;KARAKAPI - YAKA;KAZIM KARABEKİR CADDE;cadde;21636
NİĞDE;ALTUNHİSAR;KARAKAPI - YAKA;KEMALETTİN SAKİN CADDE;cadde;21634
NİĞDE;ALTUNHİSAR;KARAKAPI - YAKA;KEMALETTİN SAKİN/1 SOKAK;sokak;730736600
NİĞDE;ALTUNHİSAR;KARAKAPI - YAKA;KİRAZ SOKAK;sokak;479085
NİĞDE;ALTUNHİSAR;KARAKAPI - YAKA;KOYUNCUOĞULLARI SOKAK;sokak;367406
NİĞDE;ALTUNHİSAR;KARAKAPI - YAKA;KUTLU SOKAK;sokak;21637
NİĞDE;ALTUNHİSAR;KARAKAPI - YAKA;MEHMET AKİF ERSOY CADDE;cadde;22008
NİĞDE;ALTUNHİSAR;KARAKAPI - YAKA;MENEKŞE SOKAK;sokak;484218
NİĞDE;ALTUNHİSAR;KARAKAPI - YAKA;NAR SOKAK;sokak;479083
NİĞDE;ALTUNHİSAR;KARAKAPI - YAKA;PINAR SOKAK;sokak;483312
NİĞDE;ALTUNHİSAR;KARAKAPI - YAKA;SUSAM SOKAK;sokak;485525
NİĞDE;ALTUNHİSAR;KARAKAPI - YAKA;ŞEKER SOKAK;sokak;472569
NİĞDE;ALTUNHİSAR;KARAKAPI - YAKA;TAŞLI SOKAK;sokak;22009
NİĞDE;ALTUNHİSAR;KARAKAPI - YAKA;YAPRAK SOKAK;sokak;851040990
NİĞDE;ALTUNHİSAR;KARAKAPI - YAKA;YAYLA SOKAK;sokak;22010
NİĞDE;ALTUNHİSAR;KARAKAPI - YAKA;YEŞİL SOKAK;sokak;479082
NİĞDE;ALTUNHİSAR;KARAKAPI - YAKA;YILDIZ SOKAK;sokak;483311
NİĞDE;ALTUNHİSAR;KARAKAPI - YAKA;YONCA SOKAK;sokak;479079
NİĞDE;ALTUNHİSAR;KARAKAPI - YAKA;ZERDA SOKAK;sokak;476718
NİĞDE;ALTUNHİSAR;KARAKAPI - YAKA;ZERDALİ SOKAK;sokak;484217
NİĞDE;ALTUNHİSAR;KARAKAPI - YENİ;1. SOKAK;sokak;367408
NİĞDE;ALTUNHİSAR;KARAKAPI - YENİ;13. SOKAK;sokak;478195
NİĞDE;ALTUNHİSAR;KARAKAPI - YENİ;14. SOKAK;sokak;478197
NİĞDE;ALTUNHİSAR;KARAKAPI - YENİ;15. SOKAK;sokak;478198
NİĞDE;ALTUNHİSAR;KARAKAPI - YENİ;16. SOKAK;sokak;478199
NİĞDE;ALTUNHİSAR;KARAKAPI - YENİ;17 SOKAK;sokak;478200
NİĞDE;ALTUNHİSAR;KARAKAPI - YENİ;2. SOKAK;sokak;22013
NİĞDE;ALTUNHİSAR;KARAKAPI - YENİ;3. SOKAK;sokak;22014
NİĞDE;ALTUNHİSAR;KARAKAPI - YENİ;4. SOKAK;sokak;367409
NİĞDE;ALTUNHİSAR;KARAKAPI - YENİ;5. SOKAK;sokak;22015
NİĞDE;ALTUNHİSAR;KARAKAPI - YENİ;ADNAN MENDERES CADDE;cadde;478172
NİĞDE;ALTUNHİSAR;KARAKAPI - YENİ;AKIN SOKAK;sokak;478190
NİĞDE;ALTUNHİSAR;KARAKAPI - YENİ;AKKAYA SOKAK;sokak;478191
NİĞDE;ALTUNHİSAR;KARAKAPI - YENİ;AKSARAY CADDE;cadde;478194
NİĞDE;ALTUNHİSAR;KARAKAPI - YENİ;AKSARAY NİĞDE YOLU BULVAR;sokak;132336710
NİĞDE;ALTUNHİSAR;KARAKAPI - YENİ;ANKARA_1 CADDE;cadde;413053680
NİĞDE;ALTUNHİSAR;KARAKAPI - YENİ;ARMUT SOKAK;sokak;478152
NİĞDE;ALTUNHİSAR;KARAKAPI - YENİ;ARPA SOKAK;sokak;476813
NİĞDE;ALTUNHİSAR;KARAKAPI - YENİ;AŞK SOKAK;sokak;478206
NİĞDE;ALTUNHİSAR;KARAKAPI - YENİ;ATATÜRK BULVAR;sokak;367411
NİĞDE;ALTUNHİSAR;KARAKAPI - YENİ;AY SOKAK;sokak;480752
NİĞDE;ALTUNHİSAR;KARAKAPI - YENİ;AYNA SOKAK;sokak;476802
NİĞDE;ALTUNHİSAR;KARAKAPI - YENİ;BAL SOKAK;sokak;478159
NİĞDE;ALTUNHİSAR;KARAKAPI - YENİ;BAYRAMOĞULLARI SOKAK;sokak;22018
NİĞDE;ALTUNHİSAR;KARAKAPI - YENİ;BEREKE SOKAK;sokak;180791940
NİĞDE;ALTUNHİSAR;KARAKAPI - YENİ;BEYAZ SOKAK;sokak;478188
NİĞDE;ALTUNHİSAR;KARAKAPI - YENİ;BİLİM SOKAK;sokak;478183
NİĞDE;ALTUNHİSAR;KARAKAPI - YENİ;BONCUK SOKAK;sokak;478184
NİĞDE;ALTUNHİSAR;KARAKAPI - YENİ;BUĞDAY SOKAK;sokak;476814
NİĞDE;ALTUNHİSAR;KARAKAPI - YENİ;BULUT SOKAK;sokak;478158
NİĞDE;ALTUNHİSAR;KARAKAPI - YENİ;CAM SOKAK;sokak;476799
NİĞDE;ALTUNHİSAR;KARAKAPI - YENİ;CANSU SOKAK;sokak;476805
NİĞDE;ALTUNHİSAR;KARAKAPI - YENİ;CESUR SOKAK;sokak;478165
NİĞDE;ALTUNHİSAR;KARAKAPI - YENİ;CEYLAN SOKAK;sokak;478205
NİĞDE;ALTUNHİSAR;KARAKAPI - YENİ;ÇAĞLA SOKAK;sokak;478151
NİĞDE;ALTUNHİSAR;KARAKAPI - YENİ;ÇAVDAR SOKAK;sokak;478174
NİĞDE;ALTUNHİSAR;KARAKAPI - YENİ;ÇINAR SOKAK;sokak;476825
NİĞDE;ALTUNHİSAR;KARAKAPI - YENİ;ÇİÇEKCİ SOKAK;sokak;476824
NİĞDE;ALTUNHİSAR;KARAKAPI - YENİ;ÇİMEN SOKAK;sokak;476803
NİĞDE;ALTUNHİSAR;KARAKAPI - YENİ;DALHAN SOKAK;sokak;653121340
NİĞDE;ALTUNHİSAR;KARAKAPI - YENİ;DAR SOKAK;sokak;22019
NİĞDE;ALTUNHİSAR;KARAKAPI - YENİ;DİKMEN KÜME EVLER;sokak;1381883
NİĞDE;ALTUNHİSAR;KARAKAPI - YENİ;EĞİTİM SOKAK;sokak;476817
NİĞDE;ALTUNHİSAR;KARAKAPI - YENİ;ERÇATIMLAR CADDE;cadde;367413
NİĞDE;ALTUNHİSAR;KARAKAPI - YENİ;EZGİ SOKAK;sokak;478189
NİĞDE;ALTUNHİSAR;KARAKAPI - YENİ;FATİH SULTAN MEHMET SOKAK;sokak;478182
NİĞDE;ALTUNHİSAR;KARAKAPI - YENİ;GEMLİK SOKAK;sokak;476810
NİĞDE;ALTUNHİSAR;KARAKAPI - YENİ;GENÇ SOKAK;sokak;476823
NİĞDE;ALTUNHİSAR;KARAKAPI - YENİ;GÖÇMEN SOKAK;sokak;478178
NİĞDE;ALTUNHİSAR;KARAKAPI - YENİ;GÜLVEREN SOKAK;sokak;478177
NİĞDE;ALTUNHİSAR;KARAKAPI - YENİ;GÜMÜŞ SOKAK;sokak;478187
NİĞDE;ALTUNHİSAR;KARAKAPI - YENİ;GÜNAYDIN SOKAK;sokak;478163
NİĞDE;ALTUNHİSAR;KARAKAPI - YENİ;GÜVEN SOKAK;sokak;478166
NİĞDE;ALTUNHİSAR;KARAKAPI - YENİ;HASAN SOKAK;sokak;379760240
NİĞDE;ALTUNHİSAR;KARAKAPI - YENİ;IHLAMUR SOKAK;sokak;478157
NİĞDE;ALTUNHİSAR;KARAKAPI - YENİ;İLİM SOKAK;sokak;476818
NİĞDE;ALTUNHİSAR;KARAKAPI - YENİ;İLKÖĞRETİM SOKAK;sokak;478167
NİĞDE;ALTUNHİSAR;KARAKAPI - YENİ;İNCE MEHMET SOKAK;sokak;476820
NİĞDE;ALTUNHİSAR;KARAKAPI - YENİ;İNCİ SOKAK;sokak;480747
NİĞDE;ALTUNHİSAR;KARAKAPI - YENİ;KALE SOKAK;sokak;150878850
NİĞDE;ALTUNHİSAR;KARAKAPI - YENİ;KANUNİ SULTAN SÜLEYMAN CADDE;cadde;478173
NİĞDE;ALTUNHİSAR;KARAKAPI - YENİ;KAR SOKAK;sokak;480748
NİĞDE;ALTUNHİSAR;KARAKAPI - YENİ;KARAKUM CADDE;cadde;22020
NİĞDE;ALTUNHİSAR;KARAKAPI - YENİ;KARAKUM. KÜME EVLER;sokak;938706
NİĞDE;ALTUNHİSAR;KARAKAPI - YENİ;KARAOĞLAN SOKAK;sokak;343459750
NİĞDE;ALTUNHİSAR;KARAKAPI - YENİ;KARINCA SOKAK;sokak;478156
NİĞDE;ALTUNHİSAR;KARAKAPI - YENİ;KARTAL SOKAK;sokak;476815
NİĞDE;ALTUNHİSAR;KARAKAPI - YENİ;KENAR SOKAK;sokak;275440890
NİĞDE;ALTUNHİSAR;KARAKAPI - YENİ;KIRLANGIÇ SOKAK;sokak;478176
NİĞDE;ALTUNHİSAR;KARAKAPI - YENİ;KONAK SOKAK;sokak;478168
NİĞDE;ALTUNHİSAR;KARAKAPI - YENİ;KÖROĞLU SOKAK;sokak;478171
NİĞDE;ALTUNHİSAR;KARAKAPI - YENİ;LEVENT SOKAK;sokak;480750
NİĞDE;ALTUNHİSAR;KARAKAPI - YENİ;MADEN SOKAK;sokak;480749
NİĞDE;ALTUNHİSAR;KARAKAPI - YENİ;MANOLYA CADDE;cadde;480751
NİĞDE;ALTUNHİSAR;KARAKAPI - YENİ;MAVİ SOKAK;sokak;476819
NİĞDE;ALTUNHİSAR;KARAKAPI - YENİ;MEHMET AKİF ERSOY CADDE;cadde;367412
NİĞDE;ALTUNHİSAR;KARAKAPI - YENİ;MELEK SOKAK;sokak;478185
NİĞDE;ALTUNHİSAR;KARAKAPI - YENİ;MERİÇ SOKAK;sokak;476822
NİĞDE;ALTUNHİSAR;KARAKAPI - YENİ;METEHAN SOKAK;sokak;478170
NİĞDE;ALTUNHİSAR;KARAKAPI - YENİ;MISIR SOKAK;sokak;478154
NİĞDE;ALTUNHİSAR;KARAKAPI - YENİ;NANE SOKAK;sokak;476826
NİĞDE;ALTUNHİSAR;KARAKAPI - YENİ;NAZAR SOKAK;sokak;480755
NİĞDE;ALTUNHİSAR;KARAKAPI - YENİ;ONUR SOKAK;sokak;476806
NİĞDE;ALTUNHİSAR;KARAKAPI - YENİ;ORTAKUYU SOKAK;sokak;22021
NİĞDE;ALTUNHİSAR;KARAKAPI - YENİ;OSMANOĞULLARI SOKAK;sokak;22022
NİĞDE;ALTUNHİSAR;KARAKAPI - YENİ;ÖMEROĞULLARI SOKAK;sokak;476800
NİĞDE;ALTUNHİSAR;KARAKAPI - YENİ;PALMİYE SOKAK;sokak;478181
NİĞDE;ALTUNHİSAR;KARAKAPI - YENİ;PEMBE SOKAK;sokak;478144
NİĞDE;ALTUNHİSAR;KARAKAPI - YENİ;PORTAKAL SOKAK;sokak;478161
NİĞDE;ALTUNHİSAR;KARAKAPI - YENİ;SABAH SOKAK;sokak;480753
NİĞDE;ALTUNHİSAR;KARAKAPI - YENİ;SELİMİYE CADDE;cadde;478202
NİĞDE;ALTUNHİSAR;KARAKAPI - YENİ;SERÇE SOKAK;sokak;22023
NİĞDE;ALTUNHİSAR;KARAKAPI - YENİ;SEVGİ SOKAK;sokak;476812
NİĞDE;ALTUNHİSAR;KARAKAPI - YENİ;SEZGİN SOKAK;sokak;478180
NİĞDE;ALTUNHİSAR;KARAKAPI - YENİ;SİMGE SOKAK;sokak;476801
NİĞDE;ALTUNHİSAR;KARAKAPI - YENİ;SU SOKAK;sokak;478564
NİĞDE;ALTUNHİSAR;KARAKAPI - YENİ;ŞAHİN SOKAK;sokak;478162
NİĞDE;ALTUNHİSAR;KARAKAPI - YENİ;ŞAHİN/1 SOKAK;sokak;221284410
NİĞDE;ALTUNHİSAR;KARAKAPI - YENİ;ŞELALE SOKAK;sokak;476804
NİĞDE;ALTUNHİSAR;KARAKAPI - YENİ;ŞIHLAR SOKAK;sokak;476816
NİĞDE;ALTUNHİSAR;KARAKAPI - YENİ;ŞİMŞEK SOKAK;sokak;478201
NİĞDE;ALTUNHİSAR;KARAKAPI - YENİ;TEKİN SOKAK;sokak;478193
NİĞDE;ALTUNHİSAR;KARAKAPI - YENİ;TÜRKMENLER SOKAK;sokak;476809
NİĞDE;ALTUNHİSAR;KARAKAPI - YENİ;ÜMÜT SOKAK;sokak;478186
NİĞDE;ALTUNHİSAR;KARAKAPI - YENİ;YAĞMUR SOKAK;sokak;478204
NİĞDE;ALTUNHİSAR;KARAKAPI - YENİ;YAVUZ SULTAN SELİM CADDE;cadde;478175
NİĞDE;ALTUNHİSAR;KARAKAPI - YENİ;YENİ/1 SOKAK;sokak;754772650
NİĞDE;ALTUNHİSAR;KARAKAPI - YENİ;YEŞİM SOKAK;sokak;538949
NİĞDE;ALTUNHİSAR;KARAKAPI - YENİ;ZEYTİN SOKAK;sokak;476807
NİĞDE;ALTUNHİSAR;KEÇİKALESİ - CUMHURİYET;ALTUNHISAR YOLU BULVAR;sokak;194110731
NİĞDE;ALTUNHİSAR;KEÇİKALESİ - CUMHURİYET;AŞIK SOKAK;sokak;22031
NİĞDE;ALTUNHİSAR;KEÇİKALESİ - CUMHURİYET;BAYRAK SOKAK SOKAK;sokak;991460520
NİĞDE;ALTUNHİSAR;KEÇİKALESİ - CUMHURİYET;BEŞEVLER ÇIKMAZ SOKAK;sokak;342445820
NİĞDE;ALTUNHİSAR;KEÇİKALESİ - CUMHURİYET;DEDEOĞLU SOKAK;sokak;22024
NİĞDE;ALTUNHİSAR;KEÇİKALESİ - CUMHURİYET;DEĞİRMEN SOKAK;sokak;475969
NİĞDE;ALTUNHİSAR;KEÇİKALESİ - CUMHURİYET;DERE SOKAK SOKAK;sokak;509181500
NİĞDE;ALTUNHİSAR;KEÇİKALESİ - CUMHURİYET;DİKMEN SOKAK;sokak;637527521
NİĞDE;ALTUNHİSAR;KEÇİKALESİ - CUMHURİYET;HACILAR SOKAK;sokak;367414
NİĞDE;ALTUNHİSAR;KEÇİKALESİ - CUMHURİYET;KALE SOKAK;sokak;22025
NİĞDE;ALTUNHİSAR;KEÇİKALESİ - CUMHURİYET;KARACALAR ÇIKMAZI KÜME EVLER;sokak;22026
NİĞDE;ALTUNHİSAR;KEÇİKALESİ - CUMHURİYET;KOÇYİĞİT SOKAK;sokak;22027
NİĞDE;ALTUNHİSAR;KEÇİKALESİ - CUMHURİYET;KURTULUŞ SOKAK;sokak;367415
NİĞDE;ALTUNHİSAR;KEÇİKALESİ - CUMHURİYET;MUSTAFA SOKAK;sokak;825421270
NİĞDE;ALTUNHİSAR;KEÇİKALESİ - CUMHURİYET;PALAMUT SOKAK;sokak;22028
NİĞDE;ALTUNHİSAR;KEÇİKALESİ - CUMHURİYET;PAŞA ÇIKMAZI KÜME EVLER;sokak;22029
NİĞDE;ALTUNHİSAR;KEÇİKALESİ - CUMHURİYET;PINAR SOKAK;sokak;971359660
NİĞDE;ALTUNHİSAR;KEÇİKALESİ - CUMHURİYET;ŞIHLAR SOKAK;sokak;314116060
NİĞDE;ALTUNHİSAR;KEÇİKALESİ - CUMHURİYET;ŞİFA SOKAK;sokak;22030
NİĞDE;ALTUNHİSAR;KEÇİKALESİ - CUMHURİYET;VATAN CADDE;cadde;477216
NİĞDE;ALTUNHİSAR;KEÇİKALESİ - CUMHURİYET;YAKA SOKAK;sokak;866043600
NİĞDE;ALTUNHİSAR;KEÇİKALESİ - CUMHURİYET;YILDIRIM SOKAK;sokak;129011041
NİĞDE;ALTUNHİSAR;KEÇİKALESİ - ERENLER;ABBAS KÜME EVLER;sokak;22032
NİĞDE;ALTUNHİSAR;KEÇİKALESİ - ERENLER;ALİ ONBAŞI KÜME EVLER;sokak;928465
NİĞDE;ALTUNHİSAR;KEÇİKALESİ - ERENLER;ALTUNHISAR YOLU BULVAR;sokak;111779950
NİĞDE;ALTUNHİSAR;KEÇİKALESİ - ERENLER;BAYRAMDERESİ KÜME EVLER;sokak;928467
NİĞDE;ALTUNHİSAR;KEÇİKALESİ - ERENLER;BEŞTEPELER KÜME EVLER;sokak;928466
NİĞDE;ALTUNHİSAR;KEÇİKALESİ - ERENLER;BOĞAZKUYU CADDE;cadde;367416
NİĞDE;ALTUNHİSAR;KEÇİKALESİ - ERENLER;CAMİ SOKAK;sokak;131324930
NİĞDE;ALTUNHİSAR;KEÇİKALESİ - ERENLER;ÇAVUŞLU SOKAK;sokak;22037
NİĞDE;ALTUNHİSAR;KEÇİKALESİ - ERENLER;ÇİNİ SOKAK;sokak;22038
NİĞDE;ALTUNHİSAR;KEÇİKALESİ - ERENLER;DEĞİRMEN SOKAK;sokak;980540750
NİĞDE;ALTUNHİSAR;KEÇİKALESİ - ERENLER;DİKMEN SOKAK;sokak;22033
NİĞDE;ALTUNHİSAR;KEÇİKALESİ - ERENLER;HACI MUSTAFALAR SOKAK;sokak;111859070
NİĞDE;ALTUNHİSAR;KEÇİKALESİ - ERENLER;HAYRULLAHLAR KÜME EVLER;sokak;22034
NİĞDE;ALTUNHİSAR;KEÇİKALESİ - ERENLER;İBİŞLİ SOKAK;sokak;22039
NİĞDE;ALTUNHİSAR;KEÇİKALESİ - ERENLER;İBİŞLİLER SOKAK;sokak;492050
NİĞDE;ALTUNHİSAR;KEÇİKALESİ - ERENLER;KANDAK SOKAK;sokak;857387300
NİĞDE;ALTUNHİSAR;KEÇİKALESİ - ERENLER;KARACALAR KÜME EVLER;sokak;473556
NİĞDE;ALTUNHİSAR;KEÇİKALESİ - ERENLER;KARAOYAK SOKAK;sokak;187399120
NİĞDE;ALTUNHİSAR;KEÇİKALESİ - ERENLER;KIYALAR KÜME EVLER;sokak;928459
NİĞDE;ALTUNHİSAR;KEÇİKALESİ - ERENLER;KUMARKAÇ KÜME EVLER;sokak;928463
NİĞDE;ALTUNHİSAR;KEÇİKALESİ - ERENLER;OKUL SOKAK SOKAK;sokak;892534620
NİĞDE;ALTUNHİSAR;KEÇİKALESİ - ERENLER;PINAR SOKAK;sokak;22035
NİĞDE;ALTUNHİSAR;KEÇİKALESİ - ERENLER;SELAMOĞLU SOKAK;sokak;367417
NİĞDE;ALTUNHİSAR;KEÇİKALESİ - ERENLER;TEPECİK SOKAK;sokak;606467260
NİĞDE;ALTUNHİSAR;KEÇİKALESİ - ERENLER;YAHYALAR SOKAK;sokak;966788420
NİĞDE;ALTUNHİSAR;KEÇİKALESİ - ERENLER;YAKA SOKAK;sokak;141710110
NİĞDE;ALTUNHİSAR;KEÇİKALESİ - ERENLER;YILDIRIM SOKAK;sokak;367418
NİĞDE;ALTUNHİSAR;KEÇİKALESİ - ERENLER;YILDIZ SOKAK;sokak;492996620
NİĞDE;ALTUNHİSAR;KEÇİKALESİ - SELÇUK;ACI PINAR SOKAK SOKAK;sokak;589226910
NİĞDE;ALTUNHİSAR;KEÇİKALESİ - SELÇUK;BAHÇE SOKAK;sokak;481950
NİĞDE;ALTUNHİSAR;KEÇİKALESİ - SELÇUK;BIYIKLAR SOKAK;sokak;367420
NİĞDE;ALTUNHİSAR;KEÇİKALESİ - SELÇUK;BOĞAZKUYU CADDE;cadde;22041
NİĞDE;ALTUNHİSAR;KEÇİKALESİ - SELÇUK;CAMİ SOKAK;sokak;22042
NİĞDE;ALTUNHİSAR;KEÇİKALESİ - SELÇUK;DEĞİRMEN SOKAK;sokak;986196460
NİĞDE;ALTUNHİSAR;KEÇİKALESİ - SELÇUK;DOKTOR DOĞAN BORAN CADDE;cadde;22043
NİĞDE;ALTUNHİSAR;KEÇİKALESİ - SELÇUK;ERTAŞ SOKAK;sokak;924416250
NİĞDE;ALTUNHİSAR;KEÇİKALESİ - SELÇUK;GÖKLER SOKAK;sokak;367421
NİĞDE;ALTUNHİSAR;KEÇİKALESİ - SELÇUK;HÜSEYİN ÇAVUŞ SOKAK;sokak;367422
NİĞDE;ALTUNHİSAR;KEÇİKALESİ - SELÇUK;KIZILTEPE CADDE;cadde;22045
NİĞDE;ALTUNHİSAR;KEÇİKALESİ - SELÇUK;KUMBAYIR SOKAK;sokak;337708270
NİĞDE;ALTUNHİSAR;KEÇİKALESİ - SELÇUK;MAŞATLI 2 SOKAK;sokak;22046
NİĞDE;ALTUNHİSAR;KEÇİKALESİ - SELÇUK;MUSALAR SOKAK;sokak;776478810
NİĞDE;ALTUNHİSAR;KEÇİKALESİ - SELÇUK;SELAMOĞLU SOKAK;sokak;22044
NİĞDE;ALTUNHİSAR;KEÇİKALESİ - SELÇUK;ŞIHLAR SOKAK;sokak;22040
NİĞDE;ALTUNHİSAR;KEÇİKALESİ - SELÇUK;ŞİFA SOKAK;sokak;349297941
NİĞDE;ALTUNHİSAR;KEÇİKALESİ - SELÇUK;ŞİMŞEKLER SOKAK;sokak;982188520
NİĞDE;ALTUNHİSAR;KEÇİKALESİ - SELÇUK;TEPECİK SOKAK;sokak;22047
NİĞDE;ALTUNHİSAR;KEÇİKALESİ - SELÇUK;VATAN CADDE;cadde;367419
NİĞDE;ALTUNHİSAR;KEÇİKALESİ - SELÇUK;YENİSU SOKAK;sokak;495984850
NİĞDE;ALTUNHİSAR;ORTA;201. SOKAK;sokak;246120200
NİĞDE;ALTUNHİSAR;ORTA;202. SOKAK;sokak;493481130
NİĞDE;ALTUNHİSAR;ORTA;203. SOKAK;sokak;308078380
NİĞDE;ALTUNHİSAR;ORTA;204. SOKAK;sokak;591927570
NİĞDE;ALTUNHİSAR;ORTA;205. SOKAK;sokak;334059780
NİĞDE;ALTUNHİSAR;ORTA;206. SOKAK;sokak;26637
NİĞDE;ALTUNHİSAR;ORTA;36. SOKAK;sokak;320346701
NİĞDE;ALTUNHİSAR;ORTA;405 SOKAK;sokak;774789310
NİĞDE;ALTUNHİSAR;ORTA;AYHAN ŞAHENK CADDE;cadde;348001
NİĞDE;ALTUNHİSAR;ORTA;BAYRAMGAZİ SOKAK;sokak;46158
NİĞDE;ALTUNHİSAR;ORTA;BEZİRHANE SOKAK;sokak;26636
NİĞDE;ALTUNHİSAR;ORTA;CUMHURİYET MEYDAN;sokak;366576
NİĞDE;ALTUNHİSAR;ORTA;ÇARŞI SOKAK;sokak;26642
NİĞDE;ALTUNHİSAR;ORTA;GAZİ MAHMUT MÜLAZIMOĞLU SOKAK;sokak;367072
NİĞDE;ALTUNHİSAR;ORTA;HACI ALİ DEMİRLİ SOKAK;sokak;479184
NİĞDE;ALTUNHİSAR;ORTA;HAMAM SOKAK;sokak;26639
NİĞDE;ALTUNHİSAR;ORTA;HIDIR KAHVECİ SOKAK;sokak;479179
NİĞDE;ALTUNHİSAR;ORTA;KALAYCI SOKAK;sokak;54290
NİĞDE;ALTUNHİSAR;ORTA;KASAPOĞLU SOKAK;sokak;585196611
NİĞDE;ALTUNHİSAR;ORTA;KURŞUNLU SOKAK;sokak;354998
NİĞDE;ALTUNHİSAR;ORTA;KÜLTÜR SOKAK;sokak;150662021
NİĞDE;ALTUNHİSAR;ORTA;KÜME EVLER KÜME EVLER;sokak;26635
NİĞDE;ALTUNHİSAR;ORTA;MEHMET ARIÖZ SOKAK;sokak;26638
NİĞDE;ALTUNHİSAR;ORTA;SARAY SOKAK;sokak;26640
NİĞDE;ALTUNHİSAR;ORTA;ŞEHİT ABDULKADİR TANIK CADDE;cadde;479188
NİĞDE;ALTUNHİSAR;ORTA;ŞEHİT ADEM DÖNEN SOKAK;sokak;908460
NİĞDE;ALTUNHİSAR;ORTA;ŞEHİT OSMAN ALTUĞ SOKAK;sokak;479178
NİĞDE;ALTUNHİSAR;ORTA;TAHİRİ SOKAK;sokak;26641
NİĞDE;ALTUNHİSAR;ORTA;TALAT OĞUZ SOKAK;sokak;26643
NİĞDE;ALTUNHİSAR;ORTA;YEŞİLDERE SOKAK;sokak;704174720
NİĞDE;ALTUNHİSAR;ORTA;YEŞİLYURT CADDE;cadde;54291
NİĞDE;ALTUNHİSAR;SAĞLIK;10 SOKAK;sokak;964030921
NİĞDE;ALTUNHİSAR;SAĞLIK;11 SOKAK;sokak;960556371
NİĞDE;ALTUNHİSAR;SAĞLIK;12 SOKAK;sokak;800630270
NİĞDE;ALTUNHİSAR;SAĞLIK;13 SOKAK;sokak;1515777
NİĞDE;ALTUNHİSAR;SAĞLIK;14 SOKAK;sokak;349664161
NİĞDE;ALTUNHİSAR;SAĞLIK;16 SOKAK;sokak;610610240
NİĞDE;ALTUNHİSAR;SAĞLIK;17 SOKAK;sokak;354791610
NİĞDE;ALTUNHİSAR;SAĞLIK;18 SOKAK;sokak;477122370
NİĞDE;ALTUNHİSAR;SAĞLIK;19 SOKAK;sokak;293167671
NİĞDE;ALTUNHİSAR;SAĞLIK;2 SOKAK;sokak;803835990
NİĞDE;ALTUNHİSAR;SAĞLIK;21 SOKAK;sokak;265766290
NİĞDE;ALTUNHİSAR;SAĞLIK;22. SOKAK;sokak;705748190
NİĞDE;ALTUNHİSAR;SAĞLIK;23. SOKAK;sokak;114763220
NİĞDE;ALTUNHİSAR;SAĞLIK;25. SOKAK;sokak;727588240
NİĞDE;ALTUNHİSAR;SAĞLIK;26. SOKAK;sokak;307585690
NİĞDE;ALTUNHİSAR;SAĞLIK;27 SOKAK;sokak;422838611
NİĞDE;ALTUNHİSAR;SAĞLIK;28. SOKAK;sokak;186625930
NİĞDE;ALTUNHİSAR;SAĞLIK;29. SOKAK;sokak;815124280
NİĞDE;ALTUNHİSAR;SAĞLIK;3 SOKAK;sokak;894007900
NİĞDE;ALTUNHİSAR;SAĞLIK;30. SOKAK;sokak;540630520
NİĞDE;ALTUNHİSAR;SAĞLIK;31. SOKAK;sokak;999541250
NİĞDE;ALTUNHİSAR;SAĞLIK;32. SOKAK;sokak;355185130
NİĞDE;ALTUNHİSAR;SAĞLIK;33. SOKAK;sokak;325070970
NİĞDE;ALTUNHİSAR;SAĞLIK;34. SOKAK;sokak;384695730
NİĞDE;ALTUNHİSAR;SAĞLIK;35. SOKAK;sokak;656974840
NİĞDE;ALTUNHİSAR;SAĞLIK;36. SOKAK;sokak;479754
NİĞDE;ALTUNHİSAR;SAĞLIK;37. SOKAK;sokak;233256320
NİĞDE;ALTUNHİSAR;SAĞLIK;39. SOKAK;sokak;168572941
NİĞDE;ALTUNHİSAR;SAĞLIK;4 SOKAK;sokak;481370
NİĞDE;ALTUNHİSAR;SAĞLIK;5 SOKAK;sokak;317554241
NİĞDE;ALTUNHİSAR;SAĞLIK;6 SOKAK;sokak;468596251
NİĞDE;ALTUNHİSAR;SAĞLIK;7 SOKAK;sokak;497107671
NİĞDE;ALTUNHİSAR;SAĞLIK;8 SOKAK;sokak;371945
NİĞDE;ALTUNHİSAR;SAĞLIK;9 SOKAK;sokak;132897151
NİĞDE;ALTUNHİSAR;SAĞLIK;AKYOKUŞ SOKAK;sokak;781135451
NİĞDE;ALTUNHİSAR;SAĞLIK;ATATÜRK BULVAR;sokak;376637
NİĞDE;ALTUNHİSAR;SAĞLIK;AY SOKAK;sokak;31361
NİĞDE;ALTUNHİSAR;SAĞLIK;AYHAN ŞAHENK CADDE;cadde;909419
NİĞDE;ALTUNHİSAR;SAĞLIK;AYHAN YAZKAN BULVAR;sokak;847574
NİĞDE;ALTUNHİSAR;SAĞLIK;BAYAT KÜME EVLER;sokak;322738800
NİĞDE;ALTUNHİSAR;SAĞLIK;CAN SOKAK;sokak;371941
NİĞDE;ALTUNHİSAR;SAĞLIK;DİK SOKAK;sokak;367074
NİĞDE;ALTUNHİSAR;SAĞLIK;ESEN SOKAK;sokak;26646
NİĞDE;ALTUNHİSAR;SAĞLIK;GÜNEŞ SOKAK;sokak;292062321
NİĞDE;ALTUNHİSAR;SAĞLIK;HASAN FEHMİ ÖZKAN CADDE;cadde;95788816
NİĞDE;ALTUNHİSAR;SAĞLIK;HÜKÜMET CADDE;cadde;26645
NİĞDE;ALTUNHİSAR;SAĞLIK;KALAYCI MEHMET KEFCI SOKAK;sokak;546386140
NİĞDE;ALTUNHİSAR;SAĞLIK;KARANFİL SOKAK;sokak;428148551
NİĞDE;ALTUNHİSAR;SAĞLIK;KAZIM KARTAL SOKAK;sokak;475873
NİĞDE;ALTUNHİSAR;SAĞLIK;KİRAZ SOKAK;sokak;884365
NİĞDE;ALTUNHİSAR;SAĞLIK;MAHMUT OĞLU İBRAHIM POLAT SOKAK;sokak;26644
NİĞDE;ALTUNHİSAR;SAĞLIK;MALAZGİRT CADDE;cadde;237937970
NİĞDE;ALTUNHİSAR;SAĞLIK;MUHSIN YAZICIOĞLU CADDE;cadde;464741770
NİĞDE;ALTUNHİSAR;SAĞLIK;OKUL SOKAK;sokak;26647
NİĞDE;ALTUNHİSAR;SAĞLIK;ÖĞRETMEN FATMA İNCE ULUDAĞ SOKAK;sokak;377487
NİĞDE;ALTUNHİSAR;SAĞLIK;ÖĞRETMEN HAMIT DURUKAN CADDE;cadde;367465270
NİĞDE;ALTUNHİSAR;SAĞLIK;SAĞLIK SOKAK;sokak;338562
NİĞDE;ALTUNHİSAR;SAĞLIK;ŞEHİT ABDULKADİR TANIK CADDE;cadde;367075
NİĞDE;ALTUNHİSAR;SAĞLIK;TAHİRİ SOKAK;sokak;26648
NİĞDE;ALTUNHİSAR;SAĞLIK;TÜRBE SOKAK;sokak;566205780
NİĞDE;ALTUNHİSAR;SAĞLIK;ULUDAĞ SOKAK;sokak;480914
NİĞDE;ALTUNHİSAR;SAĞLIK;UMUT SOKAK;sokak;371938
NİĞDE;ALTUNHİSAR;SAĞLIK;YAŞAR KOPAN CADDE;cadde;848979
NİĞDE;ALTUNHİSAR;SAĞLIK;YILDIZ SOKAK;sokak;317944490
NİĞDE;ALTUNHİSAR;ULUKIŞLA - CUMHURİYET;AFETEVLER SOKAK;sokak;22048
NİĞDE;ALTUNHİSAR;ULUKIŞLA - CUMHURİYET;AFETEVLER/1 SOKAK;sokak;540230070
NİĞDE;ALTUNHİSAR;ULUKIŞLA - CUMHURİYET;AFETEVLER/2 SOKAK;sokak;838065540
NİĞDE;ALTUNHİSAR;ULUKIŞLA - CUMHURİYET;AŞIK KEMALI BABA/1 SOKAK;sokak;477816950
NİĞDE;ALTUNHİSAR;ULUKIŞLA - CUMHURİYET;AŞIK KEMALİ BABA SOKAK;sokak;483693
NİĞDE;ALTUNHİSAR;ULUKIŞLA - CUMHURİYET;CUMHURİYET SOKAK;sokak;22050
NİĞDE;ALTUNHİSAR;ULUKIŞLA - CUMHURİYET;HACI HAFIZ SOKAK;sokak;367424
NİĞDE;ALTUNHİSAR;ULUKIŞLA - CUMHURİYET;HAMİT DEMİRTAŞ SOKAK;sokak;22051
NİĞDE;ALTUNHİSAR;ULUKIŞLA - CUMHURİYET;HASAN ÖZDİN SOKAK;sokak;483692
NİĞDE;ALTUNHİSAR;ULUKIŞLA - CUMHURİYET;KEMALİ BABA SOKAK;sokak;54292
NİĞDE;ALTUNHİSAR;ULUKIŞLA - CUMHURİYET;MEHMET DEMİRGÜNEŞ SOKAK;sokak;247744401
NİĞDE;ALTUNHİSAR;ULUKIŞLA - CUMHURİYET;MEHMET DEMİRGÜNEŞ/1 SOKAK;sokak;898329681
NİĞDE;ALTUNHİSAR;ULUKIŞLA - CUMHURİYET;MEHMET DEMİRGÜNEŞ/2 SOKAK;sokak;983535841
NİĞDE;ALTUNHİSAR;ULUKIŞLA - CUMHURİYET;MEMİŞOĞLU SOKAK;sokak;367423
NİĞDE;ALTUNHİSAR;ULUKIŞLA - CUMHURİYET;ÖĞRETMEN İLYAS KIVRAKDAL SOKAK;sokak;483691
NİĞDE;ALTUNHİSAR;ULUKIŞLA - CUMHURİYET;ÖĞRETMEN İLYAS KIVRAKDAL/1 SOKAK;sokak;601795380
NİĞDE;ALTUNHİSAR;ULUKIŞLA - CUMHURİYET;ÖNDUT SOKAK;sokak;895259
NİĞDE;ALTUNHİSAR;ULUKIŞLA - CUMHURİYET;RAŞİT ARIKAN SOKAK;sokak;367425
NİĞDE;ALTUNHİSAR;ULUKIŞLA - CUMHURİYET;SOYCAN SOKAK;sokak;22049
NİĞDE;ALTUNHİSAR;ULUKIŞLA - CUMHURİYET;ŞAFAK SOKAK;sokak;754719461
NİĞDE;ALTUNHİSAR;ULUKIŞLA - CUMHURİYET;ŞEHİT HİLMİ ERBAY SOKAK;sokak;253506200
NİĞDE;ALTUNHİSAR;ULUKIŞLA - HÜRRİYET;ALTUNHISAR YOLU. BULVAR;sokak;666011960
NİĞDE;ALTUNHİSAR;ULUKIŞLA - HÜRRİYET;BAĞLAR SOKAK;sokak;48343
NİĞDE;ALTUNHİSAR;ULUKIŞLA - HÜRRİYET;ÖĞRETMEN İLYAS KIVRAKDAL SOKAK;sokak;995399340
NİĞDE;ALTUNHİSAR;ULUKIŞLA - HÜRRİYET;ŞAFAK SOKAK;sokak;484034
NİĞDE;ALTUNHİSAR;ULUKIŞLA - HÜRRİYET;ŞAFAK/1 SOKAK;sokak;664937920
NİĞDE;ALTUNHİSAR;ULUKIŞLA - HÜRRİYET;ŞAFAK/2 SOKAK;sokak;371674590
NİĞDE;ALTUNHİSAR;ULUKIŞLA - HÜRRİYET;ŞEHİT HASAN BOZKIR SOKAK;sokak;22053
NİĞDE;ALTUNHİSAR;ULUKIŞLA - HÜRRİYET;ŞEHİT HASAN BOZKIR/1 SOKAK;sokak;972534390
NİĞDE;ALTUNHİSAR;ULUKIŞLA - HÜRRİYET;ŞEHİT HASAN BOZKIR/2 SOKAK;sokak;112797910
NİĞDE;ALTUNHİSAR;ULUKIŞLA - HÜRRİYET;ŞEHİT HASAN BOZKIR/3 SOKAK;sokak;136553520
NİĞDE;ALTUNHİSAR;ULUKIŞLA - HÜRRİYET;ŞEHİT HİLMİ ERBAY SOKAK;sokak;814535
NİĞDE;ALTUNHİSAR;ULUKIŞLA - HÜRRİYET;ŞEHİT HİLMİ ERBAY/ 2 SOKAK;sokak;852708580
NİĞDE;ALTUNHİSAR;ULUKIŞLA - HÜRRİYET;ŞEHİT HİLMİ ERBAY/1 SOKAK;sokak;145131880
NİĞDE;ALTUNHİSAR;ULUKIŞLA - HÜRRİYET;ŞEHİT HİLMİ ERBAY/6 SOKAK;sokak;182109890
NİĞDE;ALTUNHİSAR;ULUKIŞLA - HÜRRİYET;YAKUPOĞLU SOKAK;sokak;22052
NİĞDE;ALTUNHİSAR;ULUKIŞLA - KURTULUŞ;HACI HAFIZ SOKAK;sokak;674573901
NİĞDE;ALTUNHİSAR;ULUKIŞLA - KURTULUŞ;MAHMUT DEMİRKAN SOKAK;sokak;335681
NİĞDE;ALTUNHİSAR;ULUKIŞLA - KURTULUŞ;MAHMUT DEMİRKIRAN/1 SOKAK;sokak;305459170
NİĞDE;ALTUNHİSAR;ULUKIŞLA - KURTULUŞ;MAHMUT DEMİRKIRAN/2 SOKAK;sokak;248023810
NİĞDE;ALTUNHİSAR;ULUKIŞLA - KURTULUŞ;MEHMET DEMİRGÜNEŞ SOKAK;sokak;475586
NİĞDE;ALTUNHİSAR;ULUKIŞLA - KURTULUŞ;MEHMET DEMİRGÜNEŞ/1 SOKAK;sokak;726812080
NİĞDE;ALTUNHİSAR;ULUKIŞLA - KURTULUŞ;MEHMET DEMİRGÜNEŞ/2 SOKAK;sokak;983535840
NİĞDE;ALTUNHİSAR;ULUKIŞLA - KURTULUŞ;ŞEHİT HASAN BOZKIR/2 SOKAK;sokak;488713390
NİĞDE;ALTUNHİSAR;ULUKIŞLA - KURTULUŞ;ŞEHİT HİLMİ ERBAY SOKAK;sokak;335682
NİĞDE;ALTUNHİSAR;ULUKIŞLA - KURTULUŞ;ŞEHİT HİLMİ ERBAY/111 SOKAK;sokak;595584520
NİĞDE;ALTUNHİSAR;ULUKIŞLA - KURTULUŞ;ŞEHİT HİLMİ ERBAY/2 SOKAK;sokak;106090890
NİĞDE;ALTUNHİSAR;ULUKIŞLA - KURTULUŞ;ŞEHİT HİLMİ ERBAY/3 SOKAK;sokak;685583860
NİĞDE;ALTUNHİSAR;ULUKIŞLA - KURTULUŞ;ŞEHİT HİLMİ ERBAY/4 SOKAK;sokak;338734640
NİĞDE;ALTUNHİSAR;ULUKIŞLA - KURTULUŞ;ŞEHİT HİLMİ ERBAY/5 SOKAK;sokak;165459980
NİĞDE;ALTUNHİSAR;ULUÖREN NA;ULUÖREN KÜME EVLER;sokak;474267
NİĞDE;ALTUNHİSAR;YAKACIK - CUMHURİYET;111 SOKAK;sokak;357485
NİĞDE;ALTUNHİSAR;YAKACIK - CUMHURİYET;124 SOKAK;sokak;29701
NİĞDE;ALTUNHİSAR;YAKACIK - CUMHURİYET;137 SOKAK;sokak;37243
NİĞDE;ALTUNHİSAR;YAKACIK - CUMHURİYET;140 SOKAK;sokak;37246
NİĞDE;ALTUNHİSAR;YAKACIK - CUMHURİYET;143 SOKAK;sokak;37249
NİĞDE;ALTUNHİSAR;YAKACIK - CUMHURİYET;146 SOKAK;sokak;37254
NİĞDE;ALTUNHİSAR;YAKACIK - CUMHURİYET;176 SOKAK;sokak;38022
NİĞDE;ALTUNHİSAR;YAKACIK - CUMHURİYET;191 SOKAK;sokak;38035
NİĞDE;ALTUNHİSAR;YAKACIK - CUMHURİYET;199 SOKAK;sokak;38043
NİĞDE;ALTUNHİSAR;YAKACIK - CUMHURİYET;212 SOKAK;sokak;492446
NİĞDE;ALTUNHİSAR;YAKACIK - CUMHURİYET;213 SOKAK;sokak;38054
NİĞDE;ALTUNHİSAR;YAKACIK - CUMHURİYET;249 SOKAK;sokak;491111
NİĞDE;ALTUNHİSAR;YAKACIK - CUMHURİYET;249/1 SOKAK;sokak;265274240
NİĞDE;ALTUNHİSAR;YAKACIK - CUMHURİYET;249/2 SOKAK;sokak;370344100
NİĞDE;ALTUNHİSAR;YAKACIK - CUMHURİYET;251 SOKAK;sokak;491113
NİĞDE;ALTUNHİSAR;YAKACIK - CUMHURİYET;252 SK. SOKAK;sokak;491114
NİĞDE;ALTUNHİSAR;YAKACIK - CUMHURİYET;91 SOKAK;sokak;402854
NİĞDE;ALTUNHİSAR;YAKACIK - CUMHURİYET;94 SOKAK;sokak;402858
NİĞDE;ALTUNHİSAR;YAKACIK - CUMHURİYET;96 SOKAK;sokak;402860
NİĞDE;ALTUNHİSAR;YAKACIK - CUMHURİYET;97 SOKAK;sokak;402861
NİĞDE;ALTUNHİSAR;YAKACIK - CUMHURİYET;ATATÜRK SOKAK;sokak;479836
NİĞDE;ALTUNHİSAR;YAKACIK - CUMHURİYET;BARBAROS SOKAK;sokak;479840
NİĞDE;ALTUNHİSAR;YAKACIK - CUMHURİYET;BAYSAL SOKAK;sokak;479820
NİĞDE;ALTUNHİSAR;YAKACIK - CUMHURİYET;CUMHURİYET YENİYOL/1 SOKAK;sokak;494275030
NİĞDE;ALTUNHİSAR;YAKACIK - CUMHURİYET;CUMHURİYET YENİYOL/10 SOKAK;sokak;295828300
NİĞDE;ALTUNHİSAR;YAKACIK - CUMHURİYET;CUMHURİYET YENİYOL/11 SOKAK;sokak;563261500
NİĞDE;ALTUNHİSAR;YAKACIK - CUMHURİYET;CUMHURİYET YENİYOL/12 SOKAK;sokak;125405220
NİĞDE;ALTUNHİSAR;YAKACIK - CUMHURİYET;CUMHURİYET YENİYOL/13 SOKAK;sokak;557589730
NİĞDE;ALTUNHİSAR;YAKACIK - CUMHURİYET;CUMHURİYET YENİYOL/14 SOKAK;sokak;777046090
NİĞDE;ALTUNHİSAR;YAKACIK - CUMHURİYET;CUMHURİYET YENİYOL/2 SOKAK;sokak;370830600
NİĞDE;ALTUNHİSAR;YAKACIK - CUMHURİYET;CUMHURİYET YENİYOL/3 SOKAK;sokak;137046220
NİĞDE;ALTUNHİSAR;YAKACIK - CUMHURİYET;CUMHURİYET YENİYOL/4 SOKAK;sokak;141814400
NİĞDE;ALTUNHİSAR;YAKACIK - CUMHURİYET;CUMHURİYET YENİYOL/5 SOKAK;sokak;216147970
NİĞDE;ALTUNHİSAR;YAKACIK - CUMHURİYET;CUMHURİYET YENİYOL/6 SOKAK;sokak;151955890
NİĞDE;ALTUNHİSAR;YAKACIK - CUMHURİYET;CUMHURİYET YENİYOL/7 SOKAK;sokak;142334070
NİĞDE;ALTUNHİSAR;YAKACIK - CUMHURİYET;CUMHURİYET YENİYOL/8 SOKAK;sokak;425821710
NİĞDE;ALTUNHİSAR;YAKACIK - CUMHURİYET;CUMHURİYET YENİYOL/9 SOKAK;sokak;806438020
NİĞDE;ALTUNHİSAR;YAKACIK - CUMHURİYET;DUMLUPINAR SOKAK;sokak;22054
NİĞDE;ALTUNHİSAR;YAKACIK - CUMHURİYET;GÜL SOKAK;sokak;491115
NİĞDE;ALTUNHİSAR;YAKACIK - CUMHURİYET;HACI ALİ UZDERE SOKAK;sokak;479814
NİĞDE;ALTUNHİSAR;YAKACIK - CUMHURİYET;HAMİT SAĞLAM SOKAK;sokak;22055
NİĞDE;ALTUNHİSAR;YAKACIK - CUMHURİYET;İNKILAP SOKAK;sokak;22056
NİĞDE;ALTUNHİSAR;YAKACIK - CUMHURİYET;KANARYA SOKAK;sokak;479827
NİĞDE;ALTUNHİSAR;YAKACIK - CUMHURİYET;KIR YOLU SOKAK;sokak;479824
NİĞDE;ALTUNHİSAR;YAKACIK - CUMHURİYET;KURTULUŞ/1 SOKAK;sokak;582318200
NİĞDE;ALTUNHİSAR;YAKACIK - CUMHURİYET;LALE SOKAK;sokak;479817
NİĞDE;ALTUNHİSAR;YAKACIK - CUMHURİYET;MAHMUT DURAN SOKAK;sokak;479816
NİĞDE;ALTUNHİSAR;YAKACIK - CUMHURİYET;MAHMUT FİDAN SOKAK;sokak;479823
NİĞDE;ALTUNHİSAR;YAKACIK - CUMHURİYET;MEHMET AKİF ERSOY SOKAK;sokak;37083
NİĞDE;ALTUNHİSAR;YAKACIK - CUMHURİYET;MENEKŞE SOKAK;sokak;491158
NİĞDE;ALTUNHİSAR;YAKACIK - CUMHURİYET;MUTLULUK SOKAK;sokak;479833
NİĞDE;ALTUNHİSAR;YAKACIK - CUMHURİYET;NAMIK KEMAL SOKAK;sokak;479812
NİĞDE;ALTUNHİSAR;YAKACIK - CUMHURİYET;NAZİFİ AK SOKAK;sokak;37265
NİĞDE;ALTUNHİSAR;YAKACIK - CUMHURİYET;OSMAN GAZİ SOKAK;sokak;479837
NİĞDE;ALTUNHİSAR;YAKACIK - CUMHURİYET;RAMAZAN FİDAN SOKAK;sokak;479818
NİĞDE;ALTUNHİSAR;YAKACIK - CUMHURİYET;RAMAZAN FİDAN/1 SOKAK;sokak;176415070
NİĞDE;ALTUNHİSAR;YAKACIK - CUMHURİYET;SAĞLIK SOKAK;sokak;479834
NİĞDE;ALTUNHİSAR;YAKACIK - CUMHURİYET;ŞEHİT ALİ İHSAN AKTURK SOKAK;sokak;479811
NİĞDE;ALTUNHİSAR;YAKACIK - CUMHURİYET;ŞEHİT İHSAN GÜLŞEN SOKAK;sokak;479813
NİĞDE;ALTUNHİSAR;YAKACIK - CUMHURİYET;ŞEHİT İSA KUL SOKAK;sokak;473884
NİĞDE;ALTUNHİSAR;YAKACIK - CUMHURİYET;ŞEHİT ÖMER FİDAN SOKAK;sokak;479822
NİĞDE;ALTUNHİSAR;YAKACIK - CUMHURİYET;ŞEHİT YAKUP ÜNEY SOKAK;sokak;473933
NİĞDE;ALTUNHİSAR;YAKACIK - CUMHURİYET;ŞEHİT YUSUF AL SOKAK;sokak;479045
NİĞDE;ALTUNHİSAR;YAKACIK - CUMHURİYET;YAKUP AKMAN SOKAK;sokak;482800
NİĞDE;ALTUNHİSAR;YAKACIK - CUMHURİYET;YAKUP AKMAN/1 SOKAK;sokak;101268520
NİĞDE;ALTUNHİSAR;YAKACIK - CUMHURİYET;YAKUP AKMAN/2 SOKAK;sokak;298560510
NİĞDE;ALTUNHİSAR;YAKACIK - CUMHURİYET;YAKUP AKMAN/3 SOKAK;sokak;321275080
NİĞDE;ALTUNHİSAR;YAKACIK - CUMHURİYET;YAKUP AKMAN/4 SOKAK;sokak;664914570
NİĞDE;ALTUNHİSAR;YAKACIK - CUMHURİYET;YILDIZ SOKAK;sokak;479048
NİĞDE;ALTUNHİSAR;YAKACIK - ŞAFAK;20 SOKAK;sokak;27310
NİĞDE;ALTUNHİSAR;YAKACIK - ŞAFAK;249 SOKAK;sokak;371627401
NİĞDE;ALTUNHİSAR;YAKACIK - ŞAFAK;25 SOKAK;sokak;27337
NİĞDE;ALTUNHİSAR;YAKACIK - ŞAFAK;27 SOKAK;sokak;890485400
NİĞDE;ALTUNHİSAR;YAKACIK - ŞAFAK;30 SOKAK;sokak;482855
NİĞDE;ALTUNHİSAR;YAKACIK - ŞAFAK;31 SOKAK;sokak;325567550
NİĞDE;ALTUNHİSAR;YAKACIK - ŞAFAK;32 SOKAK;sokak;480564
NİĞDE;ALTUNHİSAR;YAKACIK - ŞAFAK;33 SOKAK;sokak;482856
NİĞDE;ALTUNHİSAR;YAKACIK - ŞAFAK;47 SOKAK;sokak;632611010
NİĞDE;ALTUNHİSAR;YAKACIK - ŞAFAK;52 SOKAK;sokak;474638
NİĞDE;ALTUNHİSAR;YAKACIK - ŞAFAK;53 SOKAK;sokak;480588
NİĞDE;ALTUNHİSAR;YAKACIK - ŞAFAK;AFET1 SOKAK;sokak;1523557
NİĞDE;ALTUNHİSAR;YAKACIK - ŞAFAK;AFET2 SOKAK;sokak;479849
NİĞDE;ALTUNHİSAR;YAKACIK - ŞAFAK;AFET2/22 SOKAK;sokak;303560670
NİĞDE;ALTUNHİSAR;YAKACIK - ŞAFAK;AFET3 SOKAK;sokak;480600
NİĞDE;ALTUNHİSAR;YAKACIK - ŞAFAK;AFET3/1 SOKAK;sokak;649001780
NİĞDE;ALTUNHİSAR;YAKACIK - ŞAFAK;AFET3/2 SOKAK;sokak;705558260
NİĞDE;ALTUNHİSAR;YAKACIK - ŞAFAK;AFET3/3 SOKAK;sokak;534178040
NİĞDE;ALTUNHİSAR;YAKACIK - ŞAFAK;BARBAROS SOKAK;sokak;481738271
NİĞDE;ALTUNHİSAR;YAKACIK - ŞAFAK;BEZİRHANE SOKAK;sokak;110101
NİĞDE;ALTUNHİSAR;YAKACIK - ŞAFAK;HÜRRİYET SOKAK;sokak;479847
NİĞDE;ALTUNHİSAR;YAKACIK - ŞAFAK;HÜRRİYET/1 SOKAK;sokak;294285700
NİĞDE;ALTUNHİSAR;YAKACIK - ŞAFAK;HÜRRİYET/10 SOKAK;sokak;832578240
NİĞDE;ALTUNHİSAR;YAKACIK - ŞAFAK;HÜRRİYET/11 SOKAK;sokak;211529390
NİĞDE;ALTUNHİSAR;YAKACIK - ŞAFAK;HÜRRİYET/12 SOKAK;sokak;236816790
NİĞDE;ALTUNHİSAR;YAKACIK - ŞAFAK;HÜRRİYET/2 SOKAK;sokak;384139020
NİĞDE;ALTUNHİSAR;YAKACIK - ŞAFAK;HÜRRİYET/3 SOKAK;sokak;651698490
NİĞDE;ALTUNHİSAR;YAKACIK - ŞAFAK;HÜRRİYET/33 SOKAK;sokak;360548310
NİĞDE;ALTUNHİSAR;YAKACIK - ŞAFAK;HÜRRİYET/34 SOKAK;sokak;830514170
NİĞDE;ALTUNHİSAR;YAKACIK - ŞAFAK;HÜRRİYET/4 SOKAK;sokak;121537630
NİĞDE;ALTUNHİSAR;YAKACIK - ŞAFAK;HÜRRİYET/5 SOKAK;sokak;191966820
NİĞDE;ALTUNHİSAR;YAKACIK - ŞAFAK;HÜRRİYET/6 SOKAK;sokak;997396250
NİĞDE;ALTUNHİSAR;YAKACIK - ŞAFAK;HÜRRİYET/7 SOKAK;sokak;807953390
NİĞDE;ALTUNHİSAR;YAKACIK - ŞAFAK;HÜRRİYET/8 SOKAK;sokak;992323320
NİĞDE;ALTUNHİSAR;YAKACIK - ŞAFAK;HÜRRİYET/9 SOKAK;sokak;652455570
NİĞDE;ALTUNHİSAR;YAKACIK - ŞAFAK;KURTULUŞ SOKAK;sokak;479846
NİĞDE;ALTUNHİSAR;YAKACIK - ŞAFAK;KURTULUŞ/10 SOKAK;sokak;273452220
NİĞDE;ALTUNHİSAR;YAKACIK - ŞAFAK;KURTULUŞ/5 SOKAK;sokak;120157230
NİĞDE;ALTUNHİSAR;YAKACIK - ŞAFAK;KURTULUŞ/6 SOKAK;sokak;172761140
NİĞDE;ALTUNHİSAR;YAKACIK - ŞAFAK;KURTULUŞ/7 SOKAK;sokak;428913170
NİĞDE;ALTUNHİSAR;YAKACIK - ŞAFAK;KURTULUŞ/8 SOKAK;sokak;521633750
NİĞDE;ALTUNHİSAR;YAKACIK - ŞAFAK;KURTULUŞ/9 SOKAK;sokak;340218080
NİĞDE;ALTUNHİSAR;YAKACIK - ŞAFAK;LALE SOKAK;sokak;479844
NİĞDE;ALTUNHİSAR;YAKACIK - ŞAFAK;LALE/25 SOKAK;sokak;544917170
NİĞDE;ALTUNHİSAR;YAKACIK - ŞAFAK;MAHSEN SOKAK;sokak;370657
NİĞDE;ALTUNHİSAR;YAKACIK - ŞAFAK;NAZİFİ AK SOKAK;sokak;479842
NİĞDE;ALTUNHİSAR;YAKACIK - ŞAFAK;OKUL SOKAK;sokak;22058
NİĞDE;ALTUNHİSAR;YAKACIK - ŞAFAK;RAMAZAN FİDAN SOKAK;sokak;479845
NİĞDE;ALTUNHİSAR;YAKACIK - ŞAFAK;ŞAFAK1 SOKAK;sokak;1523553
NİĞDE;ALTUNHİSAR;YAKACIK - ŞAFAK;ŞAFAK1/1 SOKAK;sokak;144186440
NİĞDE;ALTUNHİSAR;YAKACIK - ŞAFAK;ŞAFAK1/2 SOKAK;sokak;783730160
NİĞDE;ALTUNHİSAR;YAKACIK - ŞAFAK;ŞEHİT ÖMER FİDAN SOKAK;sokak;331821140
NİĞDE;ALTUNHİSAR;YAKACIK - ŞAFAK;ŞEHİT YUSUF AL SOKAK;sokak;27312
NİĞDE;ALTUNHİSAR;YAKACIK - ŞAFAK;ŞİRİN SOKAK;sokak;370659
NİĞDE;ALTUNHİSAR;YAKACIK - ŞAFAK;ŞİRİN/1 SOKAK;sokak;209729150
NİĞDE;ALTUNHİSAR;YAKACIK - ŞAFAK;ŞİRİN/10 SOKAK;sokak;136477300
NİĞDE;ALTUNHİSAR;YAKACIK - ŞAFAK;ŞİRİN/11 SOKAK;sokak;442244000
NİĞDE;ALTUNHİSAR;YAKACIK - ŞAFAK;ŞİRİN/2 SOKAK;sokak;217411450
NİĞDE;ALTUNHİSAR;YAKACIK - ŞAFAK;ŞİRİN/3 SOKAK;sokak;375242040
NİĞDE;ALTUNHİSAR;YAKACIK - ŞAFAK;ŞİRİN/4 SOKAK;sokak;510954870
NİĞDE;ALTUNHİSAR;YAKACIK - ŞAFAK;ŞİRİN/5 SOKAK;sokak;491796900
NİĞDE;ALTUNHİSAR;YAKACIK - ŞAFAK;ŞİRİN/6 SOKAK;sokak;241725950
NİĞDE;ALTUNHİSAR;YAKACIK - ŞAFAK;ŞİRİN/7 SOKAK;sokak;337073400
NİĞDE;ALTUNHİSAR;YAKACIK - ŞAFAK;ŞİRİN/8 SOKAK;sokak;380515040
NİĞDE;ALTUNHİSAR;YAKACIK - ŞAFAK;ŞİRİN/9 SOKAK;sokak;225987670
NİĞDE;ALTUNHİSAR;YAKACIK - ŞAFAK;ŞİRİN1/13 SOKAK;sokak;968966260
NİĞDE;ALTUNHİSAR;YAKACIK - ŞAFAK;TEPE SOKAK;sokak;48476
NİĞDE;ALTUNHİSAR;YAKACIK - ŞAFAK;YAKUP AKMAN SOKAK;sokak;775744990
NİĞDE;ALTUNHİSAR;YAKACIK - ŞAFAK;YAKUP AKMAN/2 SOKAK;sokak;334451640
NİĞDE;ALTUNHİSAR;YAKACIK - ŞAFAK;YEŞİL TEPE SOKAK;sokak;370658
NİĞDE;ALTUNHİSAR;YAKACIK - YAKACIK;12 SOKAK;sokak;492506
NİĞDE;ALTUNHİSAR;YAKACIK - YAKACIK;13 SOKAK;sokak;910982440
NİĞDE;ALTUNHİSAR;YAKACIK - YAKACIK;15 SOKAK;sokak;490709
NİĞDE;ALTUNHİSAR;YAKACIK - YAKACIK;17 SOKAK;sokak;519700100
NİĞDE;ALTUNHİSAR;YAKACIK - YAKACIK;18 SOKAK;sokak;490711
NİĞDE;ALTUNHİSAR;YAKACIK - YAKACIK;19 SOKAK;sokak;488926
NİĞDE;ALTUNHİSAR;YAKACIK - YAKACIK;5 SOKAK;sokak;651974440
NİĞDE;ALTUNHİSAR;YAKACIK - YAKACIK;6. SOKAK;sokak;481055
NİĞDE;ALTUNHİSAR;YAKACIK - YAKACIK;9 SOKAK;sokak;247615950
NİĞDE;ALTUNHİSAR;YAKACIK - YAKACIK;BEZİRHANE SOKAK;sokak;367427
NİĞDE;ALTUNHİSAR;YAKACIK - YAKACIK;DUMLUPINAR SOKAK;sokak;22059
NİĞDE;ALTUNHİSAR;YAKACIK - YAKACIK;DUMLUPINAR/1 SOKAK;sokak;498908410
NİĞDE;ALTUNHİSAR;YAKACIK - YAKACIK;KAYA SOKAK;sokak;22060
NİĞDE;ALTUNHİSAR;YAKACIK - YAKACIK;LALE SOKAK;sokak;937721190
NİĞDE;ALTUNHİSAR;YAKACIK - YAKACIK;MAHMUT DURAN SOKAK;sokak;479852
NİĞDE;ALTUNHİSAR;YAKACIK - YAKACIK;PARK SOKAK;sokak;492505
NİĞDE;ALTUNHİSAR;YAKACIK - YAKACIK;ŞEN TEPE SOKAK;sokak;370656
NİĞDE;ALTUNHİSAR;YAKACIK - YAKACIK;TEPE SOKAK;sokak;207810680
NİĞDE;ALTUNHİSAR;YEŞİLYURT - KALE;AFET SOKAK;sokak;22063
NİĞDE;ALTUNHİSAR;YEŞİLYURT - KALE;AFET/1 SOKAK;sokak;593587700
NİĞDE;ALTUNHİSAR;YEŞİLYURT - KALE;AFET/2 SOKAK;sokak;387581990
NİĞDE;ALTUNHİSAR;YEŞİLYURT - KALE;AFET/3 SOKAK;sokak;800591650
NİĞDE;ALTUNHİSAR;YEŞİLYURT - KALE;AFET/4 SOKAK;sokak;381396890
NİĞDE;ALTUNHİSAR;YEŞİLYURT - KALE;AFET/5 SOKAK;sokak;566382400
NİĞDE;ALTUNHİSAR;YEŞİLYURT - KALE;BAYINDIR SOKAK;sokak;22064
NİĞDE;ALTUNHİSAR;YEŞİLYURT - KALE;DERE SOKAK;sokak;22066
NİĞDE;ALTUNHİSAR;YEŞİLYURT - KALE;KALE SOKAK;sokak;22067
NİĞDE;ALTUNHİSAR;YEŞİLYURT - KALE;KALE/1 SOKAK;sokak;557618600
NİĞDE;ALTUNHİSAR;YEŞİLYURT - KALE;KALE/2 SOKAK;sokak;279790200
NİĞDE;ALTUNHİSAR;YEŞİLYURT - KALE;ŞEHİT ABDULKADİR TANIK SOKAK;sokak;22065
NİĞDE;ALTUNHİSAR;YEŞİLYURT - KALE;ŞEHİT SELAMİ BAYINDIR SOKAK;sokak;480203
NİĞDE;ALTUNHİSAR;YEŞİLYURT - KALE;ŞEHİT SELAMİ BAYINDIR/1 SOKAK;sokak;148157080
NİĞDE;ALTUNHİSAR;YEŞİLYURT - KALE;TAŞKIN SOKAK;sokak;22068
NİĞDE;ALTUNHİSAR;YEŞİLYURT - KÖŞK;ALTINOVA KÜME EVLER;sokak;502218860
NİĞDE;ALTUNHİSAR;YEŞİLYURT - KÖŞK;ALTUNHISAR BOR YOLU BULVAR;sokak;392906300
NİĞDE;ALTUNHİSAR;YEŞİLYURT - KÖŞK;ÇEŞME SOKAK;sokak;22077
NİĞDE;ALTUNHİSAR;YEŞİLYURT - KÖŞK;ÇEŞME/1 SOKAK;sokak;249552700
NİĞDE;ALTUNHİSAR;YEŞİLYURT - KÖŞK;ÇEŞME/2 SOKAK;sokak;346644250
NİĞDE;ALTUNHİSAR;YEŞİLYURT - KÖŞK;GAZİNO SOKAK;sokak;22069
NİĞDE;ALTUNHİSAR;YEŞİLYURT - KÖŞK;GAZİNO/1 SOKAK;sokak;140619560
NİĞDE;ALTUNHİSAR;YEŞİLYURT - KÖŞK;GAZİNO/2 SOKAK;sokak;724244680
NİĞDE;ALTUNHİSAR;YEŞİLYURT - KÖŞK;GÖLEK ARASI KÜME EVLER;sokak;175948131
NİĞDE;ALTUNHİSAR;YEŞİLYURT - KÖŞK;HARIM SOKAK;sokak;22070
NİĞDE;ALTUNHİSAR;YEŞİLYURT - KÖŞK;İNCEYÜZ SOKAK;sokak;22078
NİĞDE;ALTUNHİSAR;YEŞİLYURT - KÖŞK;İNCEYÜZ/1 SOKAK;sokak;120922840
NİĞDE;ALTUNHİSAR;YEŞİLYURT - KÖŞK;İNCEYÜZ/10 SOKAK;sokak;544824190
NİĞDE;ALTUNHİSAR;YEŞİLYURT - KÖŞK;İNCEYÜZ/11 SOKAK;sokak;357318350
NİĞDE;ALTUNHİSAR;YEŞİLYURT - KÖŞK;İNCEYÜZ/12 SOKAK;sokak;167421160
NİĞDE;ALTUNHİSAR;YEŞİLYURT - KÖŞK;İNCEYÜZ/13 SOKAK;sokak;272537490
NİĞDE;ALTUNHİSAR;YEŞİLYURT - KÖŞK;İNCEYÜZ/14 SOKAK;sokak;881797750
NİĞDE;ALTUNHİSAR;YEŞİLYURT - KÖŞK;İNCEYÜZ/15 SOKAK;sokak;350697560
NİĞDE;ALTUNHİSAR;YEŞİLYURT - KÖŞK;İNCEYÜZ/16 SOKAK;sokak;843332280
NİĞDE;ALTUNHİSAR;YEŞİLYURT - KÖŞK;İNCEYÜZ/17 SOKAK;sokak;451849830
NİĞDE;ALTUNHİSAR;YEŞİLYURT - KÖŞK;İNCEYÜZ/5 SOKAK;sokak;898439570
NİĞDE;ALTUNHİSAR;YEŞİLYURT - KÖŞK;İNCEYÜZ/6 SOKAK;sokak;657505720
NİĞDE;ALTUNHİSAR;YEŞİLYURT - KÖŞK;İNCEYÜZ/7 SOKAK;sokak;398988040
NİĞDE;ALTUNHİSAR;YEŞİLYURT - KÖŞK;İNCEYÜZ/8 SOKAK;sokak;431377770
NİĞDE;ALTUNHİSAR;YEŞİLYURT - KÖŞK;İNCEYÜZ/9 SOKAK;sokak;350896550
NİĞDE;ALTUNHİSAR;YEŞİLYURT - KÖŞK;KINIK OVASI SOKAK;sokak;824694
NİĞDE;ALTUNHİSAR;YEŞİLYURT - KÖŞK;KINIK OVASI/1 SOKAK;sokak;138298250
NİĞDE;ALTUNHİSAR;YEŞİLYURT - KÖŞK;KINIK OVASI/2 SOKAK;sokak;488610660
NİĞDE;ALTUNHİSAR;YEŞİLYURT - KÖŞK;KINIK OVASI/3 SOKAK;sokak;839306360
NİĞDE;ALTUNHİSAR;YEŞİLYURT - KÖŞK;KINIK OVASI/4 SOKAK;sokak;858342570
NİĞDE;ALTUNHİSAR;YEŞİLYURT - KÖŞK;KINIK OVASI/5 SOKAK;sokak;844425650
NİĞDE;ALTUNHİSAR;YEŞİLYURT - KÖŞK;KINIK OVASI/6 SOKAK;sokak;657958740
NİĞDE;ALTUNHİSAR;YEŞİLYURT - KÖŞK;KINIK OVASI/7 SOKAK;sokak;621096240
NİĞDE;ALTUNHİSAR;YEŞİLYURT - KÖŞK;KINIK OVASI/9 SOKAK;sokak;683771590
NİĞDE;ALTUNHİSAR;YEŞİLYURT - KÖŞK;KINIK OVASI8 SOKAK;sokak;286007320
NİĞDE;ALTUNHİSAR;YEŞİLYURT - KÖŞK;KINIK SOKAK;sokak;22071
NİĞDE;ALTUNHİSAR;YEŞİLYURT - KÖŞK;KINIKOVASI KÜME EVLER;sokak;777110671
NİĞDE;ALTUNHİSAR;YEŞİLYURT - KÖŞK;SANAYİ SOKAK;sokak;860659500
NİĞDE;ALTUNHİSAR;YEŞİLYURT - KÖŞK;SIRT SOKAK;sokak;22072
NİĞDE;ALTUNHİSAR;YEŞİLYURT - KÖŞK;ŞEHİT RAMAZAN MUTLUSAN SOKAK;sokak;22073
NİĞDE;ALTUNHİSAR;YEŞİLYURT - KÖŞK;ŞEHİT SELAMİ BAYINDIR/2 SOKAK;sokak;939814700
NİĞDE;ALTUNHİSAR;YEŞİLYURT - KÖŞK;TAŞLIKIR SOKAK;sokak;824695
NİĞDE;ALTUNHİSAR;YEŞİLYURT - KÖŞK;YAYLA SOKAK;sokak;22075
NİĞDE;ALTUNHİSAR;YEŞİLYURT - KÖŞK;YAYLA/1 SOKAK;sokak;798574210
NİĞDE;ALTUNHİSAR;YEŞİLYURT - KÖŞK;YAYLA/11 SOKAK;sokak;834120980
NİĞDE;ALTUNHİSAR;YEŞİLYURT - KÖŞK;YAYLA/2 SOKAK;sokak;238703890
NİĞDE;ALTUNHİSAR;YEŞİLYURT - KÖŞK;YAYLA/3 SOKAK;sokak;417045600
NİĞDE;ALTUNHİSAR;YEŞİLYURT - KÖŞK;YAYLA/6 SOKAK;sokak;615553220
NİĞDE;ALTUNHİSAR;YEŞİLYURT - KÖŞK;YAYLA/7 SOKAK;sokak;648685320
NİĞDE;ALTUNHİSAR;YEŞİLYURT - KÖŞK;YAYLA/8 SOKAK;sokak;435658450
NİĞDE;ALTUNHİSAR;YEŞİLYURT - KÖŞK;YAYLA/9 SOKAK;sokak;365651250
NİĞDE;ALTUNHİSAR;YEŞİLYURT - KÖŞK;YILDIZ SOKAK;sokak;22076
NİĞDE;ALTUNHİSAR;YEŞİLYURT - KÖŞK;YILDIZ/1 SOKAK;sokak;352424110
NİĞDE;ALTUNHİSAR;YEŞİLYURT - KÖŞK;YILDIZ/3 SOKAK;sokak;421010300
NİĞDE;ALTUNHİSAR;YEŞİLYURT - KÖŞK;YILDIZ/4 SOKAK;sokak;122377230
NİĞDE;ALTUNHİSAR;YEŞİLYURT - KÖŞK;YILDIZ/5 SOKAK;sokak;133848620
NİĞDE;ALTUNHİSAR;YEŞİLYURT - YUKARI ASMAZ;ATATÜRK SOKAK;sokak;22079
NİĞDE;ALTUNHİSAR;YEŞİLYURT - YUKARI ASMAZ;DEĞİRMEN SOKAK;sokak;22080
NİĞDE;ALTUNHİSAR;YEŞİLYURT - YUKARI ASMAZ;İNİS SOKAK;sokak;368663
NİĞDE;ALTUNHİSAR;YEŞİLYURT - YUKARI ASMAZ;KAYABAŞI SOKAK;sokak;23296
NİĞDE;ALTUNHİSAR;YEŞİLYURT - YUKARI ASMAZ;KAYABAŞI/1 SOKAK;sokak;811572320
NİĞDE;ALTUNHİSAR;YEŞİLYURT - YUKARI ASMAZ;KÖŞK SOKAK;sokak;23297
NİĞDE;ALTUNHİSAR;YEŞİLYURT - YUKARI ASMAZ;MUSTAFA YILMAZ SOKAK;sokak;368662
NİĞDE;ALTUNHİSAR;YEŞİLYURT - YUKARI ASMAZ;ŞEHİT ABDULLAH DAŞDELEN SOKAK;sokak;22081
NİĞDE;ALTUNHİSAR;YEŞİLYURT - YUKARI ASMAZ;ŞEHİT ABDULLAH DAŞDELEN/1 SOKAK;sokak;360470170
NİĞDE;ALTUNHİSAR;YEŞİLYURT - YUKARI ASMAZ;ŞEHİT AHMET BAŞTÜRK SOKAK;sokak;23298
NİĞDE;ALTUNHİSAR;YEŞİLYURT - YUKARI ASMAZ;ŞEHİT CENGİZ KINIK SOKAK;sokak;23299
NİĞDE;ALTUNHİSAR;YEŞİLYURT - YUKARI ASMAZ;ŞEHİT CENGİZ KINIK/1 SOKAK;sokak;115350440
NİĞDE;ALTUNHİSAR;YEŞİLYURT - YUKARI ASMAZ;ŞEHİT SELAMİ BAYINDIR SOKAK;sokak;22082
NİĞDE;ALTUNHİSAR;YEŞİLYURT - YUKARI ASMAZ;ŞEN SOKAK;sokak;23302
NİĞDE;ALTUNHİSAR;YEŞİLYURT - YUKARI ASMAZ;TAŞLI SOKAK;sokak;23300
NİĞDE;ALTUNHİSAR;YEŞİLYURT - YUKARI ASMAZ;YAKA SOKAK;sokak;23301
NİĞDE;ALTUNHİSAR;YEŞİLYURT - YUKARI ASMAZ;YAKA/1 SOKAK;sokak;293207930
NİĞDE;ALTUNHİSAR;YEŞİLYURT - YUKARI ASMAZ;YAKA/10 SOKAK;sokak;270508890
NİĞDE;ALTUNHİSAR;YEŞİLYURT - YUKARI ASMAZ;YAKA/12 SOKAK;sokak;197271140
NİĞDE;ALTUNHİSAR;YEŞİLYURT - YUKARI ASMAZ;YAKA/13 SOKAK;sokak;718794720
NİĞDE;ALTUNHİSAR;YEŞİLYURT - YUKARI ASMAZ;YAKA/14 SOKAK;sokak;723800330
NİĞDE;ALTUNHİSAR;YEŞİLYURT - YUKARI ASMAZ;YAKA/2 SOKAK;sokak;146620840
NİĞDE;ALTUNHİSAR;YEŞİLYURT - YUKARI ASMAZ;YAKA/4 SOKAK;sokak;316278620
NİĞDE;ALTUNHİSAR;YEŞİLYURT - YUKARI ASMAZ;YAKA/5 SOKAK;sokak;807104860
NİĞDE;ALTUNHİSAR;YEŞİLYURT - YUKARI ASMAZ;YAKA/6 SOKAK;sokak;183643070
NİĞDE;ALTUNHİSAR;YEŞİLYURT - YUKARI ASMAZ;YAKA/7 SOKAK;sokak;511580040
NİĞDE;ALTUNHİSAR;YEŞİLYURT - YUKARI ASMAZ;YAKA/8 SOKAK;sokak;754262390
NİĞDE;ALTUNHİSAR;YEŞİLYURT - YUKARI ASMAZ;YAKA/9 SOKAK;sokak;292193590
NİĞDE;ALTUNHİSAR;YUKARI;2. KÜME EVLER;sokak;26654
NİĞDE;ALTUNHİSAR;YUKARI;202. SOKAK;sokak;250016600
NİĞDE;ALTUNHİSAR;YUKARI;206. SOKAK;sokak;909479
NİĞDE;ALTUNHİSAR;YUKARI;36. SOKAK;sokak;320346700
NİĞDE;ALTUNHİSAR;YUKARI;401 SOKAK;sokak;541339620
NİĞDE;ALTUNHİSAR;YUKARI;402 SOKAK;sokak;965095750
NİĞDE;ALTUNHİSAR;YUKARI;404 SOKAK;sokak;434084000
NİĞDE;ALTUNHİSAR;YUKARI;405 SOKAK;sokak;774789311
NİĞDE;ALTUNHİSAR;YUKARI;BARBAROS İLKOKUL SOKAK;sokak;26657
NİĞDE;ALTUNHİSAR;YUKARI;BAYRAMGAZİ SOKAK;sokak;909480
NİĞDE;ALTUNHİSAR;YUKARI;GÖKTAŞ SOKAK;sokak;26659
NİĞDE;ALTUNHİSAR;YUKARI;GÜL SOKAK;sokak;356413
NİĞDE;ALTUNHİSAR;YUKARI;HACI ALİ DEMİRLİ SOKAK;sokak;26658
NİĞDE;ALTUNHİSAR;YUKARI;KARDELEN SOKAK;sokak;26655
NİĞDE;ALTUNHİSAR;YUKARI;KASAPOĞLU SOKAK;sokak;914060
NİĞDE;ALTUNHİSAR;YUKARI;KURŞUNLU SOKAK;sokak;26660
NİĞDE;ALTUNHİSAR;YUKARI;ŞEHİT ADEM DÖNEN SOKAK;sokak;26649
NİĞDE;ALTUNHİSAR;YUKARI;ŞEHİT MURAT AKAR SOKAK;sokak;26656
NİĞDE;ALTUNHİSAR;YUKARI;TAHİRİ SOKAK;sokak;863103071
NİĞDE;ALTUNHİSAR;YUKARI;TAHTALI CAMİ SOKAK;sokak;26661
NİĞDE;ALTUNHİSAR;YUKARI;VAHAP OKAY SOKAK;sokak;26663
NİĞDE;ALTUNHİSAR;YUKARI;YAŞAR KOPAN CADDE;cadde;83432864
NİĞDE;ALTUNHİSAR;YUKARI;YEŞİLYURT CADDE;cadde;26662
NİĞDE;BOR;ACIGÖL;148 SOKAK;sokak;611297
NİĞDE;BOR;ACIGÖL;149 SOKAK;sokak;38019
NİĞDE;BOR;ACIGÖL;150 SOKAK;sokak;479159
NİĞDE;BOR;ACIGÖL;151 SOKAK;sokak;610854
NİĞDE;BOR;ACIGÖL;152 SOKAK;sokak;479157
NİĞDE;BOR;ACIGÖL;153 SOKAK;sokak;611300
NİĞDE;BOR;ACIGÖL;154 SOKAK;sokak;115839
NİĞDE;BOR;ACIGÖL;155 SOKAK;sokak;29688
NİĞDE;BOR;ACIGÖL;156 SOKAK;sokak;29687
NİĞDE;BOR;ACIGÖL;157 SOKAK;sokak;607078
NİĞDE;BOR;ACIGÖL;158 SOKAK;sokak;29686
NİĞDE;BOR;ACIGÖL;159 SOKAK;sokak;29684
NİĞDE;BOR;ACIGÖL;160- SOKAK;sokak;29683
NİĞDE;BOR;ACIGÖL;161 SOKAK;sokak;115837
NİĞDE;BOR;ACIGÖL;162 SOKAK;sokak;29682
NİĞDE;BOR;ACIGÖL;163 SOKAK;sokak;357463
NİĞDE;BOR;ACIGÖL;164 SOKAK;sokak;357466
NİĞDE;BOR;ACIGÖL;165 SOKAK;sokak;370652
NİĞDE;BOR;ACIGÖL;166 SOKAK;sokak;357469
NİĞDE;BOR;ACIGÖL;167 SOKAK;sokak;357453
NİĞDE;BOR;ACIGÖL;168 SOKAK;sokak;605794
NİĞDE;BOR;ACIGÖL;169 SOKAK;sokak;370640
NİĞDE;BOR;ACIGÖL;170 SOKAK;sokak;357461
NİĞDE;BOR;ACIGÖL;171 SOKAK;sokak;370644
NİĞDE;BOR;ACIGÖL;172 SOKAK;sokak;338538
NİĞDE;BOR;ACIGÖL;173 SOKAK;sokak;357470
NİĞDE;BOR;ACIGÖL;174 SOKAK;sokak;483981
NİĞDE;BOR;ACIGÖL;175 SOKAK;sokak;488886
NİĞDE;BOR;ACIGÖL;176 SOKAK;sokak;605795
NİĞDE;BOR;ACIGÖL;177 SOKAK;sokak;357447
NİĞDE;BOR;ACIGÖL;178 SOKAK;sokak;485312
NİĞDE;BOR;ACIGÖL;179 SOKAK;sokak;332958
NİĞDE;BOR;ACIGÖL;180 SOKAK;sokak;38021
NİĞDE;BOR;ACIGÖL;181 SOKAK;sokak;479163
NİĞDE;BOR;ACIGÖL;182 SOKAK;sokak;371939
NİĞDE;BOR;ACIGÖL;183 SOKAK;sokak;31369
NİĞDE;BOR;ACIGÖL;184 SOKAK;sokak;485767
NİĞDE;BOR;ACIGÖL;185 SOKAK;sokak;354623
NİĞDE;BOR;ACIGÖL;186 SOKAK;sokak;492527
NİĞDE;BOR;ACIGÖL;187 SOKAK;sokak;348142
NİĞDE;BOR;ACIGÖL;188 SOKAK;sokak;353092
NİĞDE;BOR;ACIGÖL;189 SOKAK;sokak;486328
NİĞDE;BOR;ACIGÖL;190 SOKAK;sokak;481178
NİĞDE;BOR;ACIGÖL;191 SOKAK;sokak;481179
NİĞDE;BOR;ACIGÖL;192 SOKAK;sokak;482037
NİĞDE;BOR;ACIGÖL;193 SOKAK;sokak;493469
NİĞDE;BOR;ACIGÖL;194 SOKAK;sokak;493019
NİĞDE;BOR;ACIGÖL;195 SOKAK;sokak;483426
NİĞDE;BOR;ACIGÖL;196 SOKAK;sokak;481839
NİĞDE;BOR;ACIGÖL;ALİYER KÜME EVLER;sokak;610856
NİĞDE;BOR;ACIGÖL;ANKARA YOLU CADDE;cadde;609563
NİĞDE;BOR;ACIGÖL;ASKERİ FABRİKA CADDE;cadde;610853
NİĞDE;BOR;ACIGÖL;BAĞDÜZ KÜME EVLER;sokak;193365511
NİĞDE;BOR;ACIGÖL;BENTKAVAK KÜME EVLER;sokak;479160
NİĞDE;BOR;ACIGÖL;ÇEVRE YOLU CADDE;cadde;486745
NİĞDE;BOR;ACIGÖL;DABAKHANE CADDE;cadde;31372
NİĞDE;BOR;ACIGÖL;DEDELER SOKAK;sokak;486824
NİĞDE;BOR;ACIGÖL;DERİCİLER - SOKAK;sokak;666507
NİĞDE;BOR;ACIGÖL;HACI KADİR SOKAK;sokak;486821
NİĞDE;BOR;ACIGÖL;KAYI YOLU SOKAK;sokak;397573070
NİĞDE;BOR;ACIGÖL;PAŞA BAĞI KÜME EVLER;sokak;24154
NİĞDE;BOR;ACIGÖL;SUCU SOKAK;sokak;488888
NİĞDE;BOR;ACIGÖL;ŞAHİN SOKAK;sokak;613958
NİĞDE;BOR;ACIGÖL;YENİ SANAYİ CADDE;cadde;482045
NİĞDE;BOR;AHMET KUDDUSİ;1 CADDE;cadde;490450
NİĞDE;BOR;AHMET KUDDUSİ;197 SOKAK;sokak;490454
NİĞDE;BOR;AHMET KUDDUSİ;198 SOKAK;sokak;492228
NİĞDE;BOR;AHMET KUDDUSİ;199 SOKAK;sokak;493157
NİĞDE;BOR;AHMET KUDDUSİ;2 CADDE;cadde;490451
NİĞDE;BOR;AHMET KUDDUSİ;200 SOKAK;sokak;493158
NİĞDE;BOR;AHMET KUDDUSİ;201 SOKAK;sokak;493161
NİĞDE;BOR;AHMET KUDDUSİ;202 SOKAK;sokak;493162
NİĞDE;BOR;AHMET KUDDUSİ;203 SOKAK;sokak;493164
NİĞDE;BOR;AHMET KUDDUSİ;204 SOKAK;sokak;488777
NİĞDE;BOR;AHMET KUDDUSİ;205 SOKAK;sokak;488778
NİĞDE;BOR;AHMET KUDDUSİ;206 SOKAK;sokak;488779
NİĞDE;BOR;AHMET KUDDUSİ;207 SOKAK;sokak;493165
NİĞDE;BOR;AHMET KUDDUSİ;208 SOKAK;sokak;488781
NİĞDE;BOR;AHMET KUDDUSİ;209 SOKAK;sokak;493166
NİĞDE;BOR;AHMET KUDDUSİ;210 SOKAK;sokak;493167
NİĞDE;BOR;AHMET KUDDUSİ;211 SOKAK;sokak;499021
NİĞDE;BOR;AHMET KUDDUSİ;212 SOKAK;sokak;487800
NİĞDE;BOR;AHMET KUDDUSİ;213 SOKAK;sokak;492230
NİĞDE;BOR;AHMET KUDDUSİ;214 SOKAK;sokak;490455
NİĞDE;BOR;AHMET KUDDUSİ;215 SOKAK;sokak;584159
NİĞDE;BOR;AHMET KUDDUSİ;216 SOKAK;sokak;490068
NİĞDE;BOR;AHMET KUDDUSİ;217 SOKAK;sokak;487479
NİĞDE;BOR;AHMET KUDDUSİ;218 SOKAK;sokak;490458
NİĞDE;BOR;AHMET KUDDUSİ;219 SOKAK;sokak;490459
NİĞDE;BOR;AHMET KUDDUSİ;220 SOKAK;sokak;489049
NİĞDE;BOR;AHMET KUDDUSİ;221 SOKAK;sokak;334643
NİĞDE;BOR;AHMET KUDDUSİ;222 SOKAK;sokak;493171
NİĞDE;BOR;AHMET KUDDUSİ;223 SOKAK;sokak;490460
NİĞDE;BOR;AHMET KUDDUSİ;224 SOKAK;sokak;581170
NİĞDE;BOR;AHMET KUDDUSİ;225 SOKAK;sokak;94832
NİĞDE;BOR;AHMET KUDDUSİ;226 SOKAK;sokak;579976
NİĞDE;BOR;AHMET KUDDUSİ;227 SOKAK;sokak;605190
NİĞDE;BOR;AHMET KUDDUSİ;228 SOKAK;sokak;578047
NİĞDE;BOR;AHMET KUDDUSİ;229 SOKAK;sokak;608692
NİĞDE;BOR;AHMET KUDDUSİ;230 SOKAK;sokak;610426
NİĞDE;BOR;AHMET KUDDUSİ;231 SOKAK;sokak;599136
NİĞDE;BOR;AHMET KUDDUSİ;232 SOKAK;sokak;589775
NİĞDE;BOR;AHMET KUDDUSİ;233 SOKAK;sokak;497590
NİĞDE;BOR;AHMET KUDDUSİ;234 SOKAK;sokak;490960
NİĞDE;BOR;AHMET KUDDUSİ;235 SOKAK;sokak;352377
NİĞDE;BOR;AHMET KUDDUSİ;236 SOKAK;sokak;584249
NİĞDE;BOR;AHMET KUDDUSİ;237 SOKAK;sokak;588470
NİĞDE;BOR;AHMET KUDDUSİ;238 SOKAK;sokak;498516
NİĞDE;BOR;AHMET KUDDUSİ;239 SOKAK;sokak;278443
NİĞDE;BOR;AHMET KUDDUSİ;240 SOKAK;sokak;498529
NİĞDE;BOR;AHMET KUDDUSİ;241 SOKAK;sokak;498538
NİĞDE;BOR;AHMET KUDDUSİ;242 SOKAK;sokak;497950
NİĞDE;BOR;AHMET KUDDUSİ;243 SOKAK;sokak;578524
NİĞDE;BOR;AHMET KUDDUSİ;244 SOKAK;sokak;464644
NİĞDE;BOR;AHMET KUDDUSİ;245 SOKAK;sokak;492741
NİĞDE;BOR;AHMET KUDDUSİ;246 SOKAK;sokak;578945
NİĞDE;BOR;AHMET KUDDUSİ;247 SOKAK;sokak;629095
NİĞDE;BOR;AHMET KUDDUSİ;248 SOKAK;sokak;630695
NİĞDE;BOR;AHMET KUDDUSİ;249 SOKAK;sokak;488164
NİĞDE;BOR;AHMET KUDDUSİ;250 SOKAK;sokak;464656
NİĞDE;BOR;AHMET KUDDUSİ;251 SOKAK;sokak;585199
NİĞDE;BOR;AHMET KUDDUSİ;252 SOKAK;sokak;499415
NİĞDE;BOR;AHMET KUDDUSİ;253 SOKAK;sokak;585200
NİĞDE;BOR;AHMET KUDDUSİ;254 SOKAK;sokak;578975
NİĞDE;BOR;AHMET KUDDUSİ;255 SOKAK;sokak;578974
NİĞDE;BOR;AHMET KUDDUSİ;256 SOKAK;sokak;488149
NİĞDE;BOR;AHMET KUDDUSİ;257 SOKAK;sokak;259482
NİĞDE;BOR;AHMET KUDDUSİ;258 SOKAK;sokak;488154
NİĞDE;BOR;AHMET KUDDUSİ;259 SOKAK;sokak;487454
NİĞDE;BOR;AHMET KUDDUSİ;260 SOKAK;sokak;487463
NİĞDE;BOR;AHMET KUDDUSİ;262 SOKAK;sokak;488160
NİĞDE;BOR;AHMET KUDDUSİ;265 SOKAK;sokak;627983
NİĞDE;BOR;AHMET KUDDUSİ;278- SOKAK;sokak;585196
NİĞDE;BOR;AHMET KUDDUSİ;279- SOKAK;sokak;590344
NİĞDE;BOR;AHMET KUDDUSİ;280- SOKAK;sokak;587768
NİĞDE;BOR;AHMET KUDDUSİ;282- SOKAK;sokak;590343
NİĞDE;BOR;AHMET KUDDUSİ;BİLALİ HABEŞ SOKAK;sokak;488786
NİĞDE;BOR;AHMET KUDDUSİ;ÇEVRE YOLU CADDE;cadde;493174
NİĞDE;BOR;AHMET KUDDUSİ;DOĞAN BARAN CADDE;cadde;492227
NİĞDE;BOR;AHMET KUDDUSİ;EVLİYA ÇELEBİ SOKAK;sokak;184105
NİĞDE;BOR;AHMET KUDDUSİ;EYÜP SULTAN SOKAK;sokak;496189
NİĞDE;BOR;AHMET KUDDUSİ;GÖZDE- SOKAK;sokak;635617
NİĞDE;BOR;AHMET KUDDUSİ;HACI ABDULLAH SOKAK;sokak;490462
NİĞDE;BOR;AHMET KUDDUSİ;İŞÇİ BLOKLARI CADDE;cadde;490452
NİĞDE;BOR;AHMET KUDDUSİ;KAYALIKLAR SOKAK;sokak;490463
NİĞDE;BOR;AHMET KUDDUSİ;MEHMET BIYIK CADDE;cadde;488300
NİĞDE;BOR;AHMET KUDDUSİ;ORHAN BATI BULVAR;sokak;487776
NİĞDE;BOR;AHMET KUDDUSİ;ORHAN GAZİ CADDE;cadde;584644
NİĞDE;BOR;AHMET KUDDUSİ;PARK CADDE;cadde;608691
NİĞDE;BOR;AHMET KUDDUSİ;ŞEHİT HASAN TUNCEL CADDE;cadde;487273
NİĞDE;BOR;AHMET KUDDUSİ;ŞEHİT NURİ PAMİR- SOKAK;sokak;82608
NİĞDE;BOR;AHMET KUDDUSİ;ŞEHİT YILMAZ GÖKÇEN CADDE;cadde;488133
NİĞDE;BOR;AHMET KUDDUSİ;ŞEYH EDEBALİ SOKAK;sokak;499417
NİĞDE;BOR;AHMET KUDDUSİ;TEVFİK ÇALGIN CADDE;cadde;493172
NİĞDE;BOR;AHMET KUDDUSİ;YÜCEL TÜRKBEN CADDE;cadde;642786
NİĞDE;BOR;BADAK NA;BADAK KÜME EVLER;sokak;478898
NİĞDE;BOR;BAHÇELİ - CUMHURİYET;ADIYAMAN SOKAK;sokak;500196860
NİĞDE;BOR;BAHÇELİ - CUMHURİYET;AHENK SOKAK;sokak;989505791
NİĞDE;BOR;BAHÇELİ - CUMHURİYET;ALPARSLAN TÜRKEŞ CADDE;cadde;479384
NİĞDE;BOR;BAHÇELİ - CUMHURİYET;ALPARSLAN TÜRKEŞ/88 SOKAK;sokak;581975910
NİĞDE;BOR;BAHÇELİ - CUMHURİYET;ALPARSLAN TÜRKEŞ/89 SOKAK;sokak;460324620
NİĞDE;BOR;BAHÇELİ - CUMHURİYET;ALPARSLAN TÜRKEŞ/90 SOKAK;sokak;336969720
NİĞDE;BOR;BAHÇELİ - CUMHURİYET;ARZU SOKAK;sokak;321746821
NİĞDE;BOR;BAHÇELİ - CUMHURİYET;ASYA SOKAK;sokak;957608311
NİĞDE;BOR;BAHÇELİ - CUMHURİYET;ATA_1 SOKAK;sokak;894014
NİĞDE;BOR;BAHÇELİ - CUMHURİYET;ATATÜRK BULVAR;sokak;473545
NİĞDE;BOR;BAHÇELİ - CUMHURİYET;ATATÜRK/1 SOKAK;sokak;535954500
NİĞDE;BOR;BAHÇELİ - CUMHURİYET;ATATÜRK/2 SOKAK;sokak;227998520
NİĞDE;BOR;BAHÇELİ - CUMHURİYET;AY SOKAK;sokak;829525
NİĞDE;BOR;BAHÇELİ - CUMHURİYET;BADEM SOKAK;sokak;1130471
NİĞDE;BOR;BAHÇELİ - CUMHURİYET;BAHAR SOKAK;sokak;1160433
NİĞDE;BOR;BAHÇELİ - CUMHURİYET;BAHÇE SOKAK;sokak;875956
NİĞDE;BOR;BAHÇELİ - CUMHURİYET;BARBAROS SOKAK;sokak;482241
NİĞDE;BOR;BAHÇELİ - CUMHURİYET;BARIŞ SOKAK;sokak;1383421
NİĞDE;BOR;BAHÇELİ - CUMHURİYET;BAŞAK SOKAK;sokak;1383419
NİĞDE;BOR;BAHÇELİ - CUMHURİYET;BAŞTÜRK SOKAK;sokak;376384670
NİĞDE;BOR;BAHÇELİ - CUMHURİYET;BAYRAK SOKAK;sokak;482240
NİĞDE;BOR;BAHÇELİ - CUMHURİYET;BELEDIYE SOKAK;sokak;447778860
NİĞDE;BOR;BAHÇELİ - CUMHURİYET;BURCU SOKAK;sokak;637981771
NİĞDE;BOR;BAHÇELİ - CUMHURİYET;CEVİZLİ SOKAK;sokak;858052
NİĞDE;BOR;BAHÇELİ - CUMHURİYET;CUMHURİYET CADDE;cadde;479386
NİĞDE;BOR;BAHÇELİ - CUMHURİYET;CUMHURİYET/77 SOKAK;sokak;767564020
NİĞDE;BOR;BAHÇELİ - CUMHURİYET;CUMHURİYET1 SOKAK;sokak;162018160
NİĞDE;BOR;BAHÇELİ - CUMHURİYET;CUMHURİYET2 SOKAK;sokak;202983780
NİĞDE;BOR;BAHÇELİ - CUMHURİYET;ÇATICIBENT SOKAK;sokak;889938291
NİĞDE;BOR;BAHÇELİ - CUMHURİYET;ÇEVRE YOLU CADDE;cadde;894828
NİĞDE;BOR;BAHÇELİ - CUMHURİYET;DEĞİRMEN SOKAK;sokak;473546
NİĞDE;BOR;BAHÇELİ - CUMHURİYET;DERE CADDE;cadde;472326
NİĞDE;BOR;BAHÇELİ - CUMHURİYET;DERE/55 SOKAK;sokak;148205420
NİĞDE;BOR;BAHÇELİ - CUMHURİYET;DERE1 SOKAK;sokak;337004770
NİĞDE;BOR;BAHÇELİ - CUMHURİYET;DOĞUŞ SOKAK;sokak;1001513
NİĞDE;BOR;BAHÇELİ - CUMHURİYET;DOLUNAY SOKAK;sokak;1001511
NİĞDE;BOR;BAHÇELİ - CUMHURİYET;EMİR SOKAK;sokak;398415151
NİĞDE;BOR;BAHÇELİ - CUMHURİYET;ENDER SOKAK;sokak;442480781
NİĞDE;BOR;BAHÇELİ - CUMHURİYET;ERCANLAR SOKAK;sokak;862689
NİĞDE;BOR;BAHÇELİ - CUMHURİYET;ESKİ NİĞDE YOLU SOKAK;sokak;118069731
NİĞDE;BOR;BAHÇELİ - CUMHURİYET;EVLİYA ÇELEBİ SOKAK;sokak;376805350
NİĞDE;BOR;BAHÇELİ - CUMHURİYET;EVLİYA ÇELEBİ/1 SOKAK;sokak;1026151
NİĞDE;BOR;BAHÇELİ - CUMHURİYET;FARABİ SOKAK;sokak;182712880
NİĞDE;BOR;BAHÇELİ - CUMHURİYET;FARABİ1 SOKAK;sokak;1026149
NİĞDE;BOR;BAHÇELİ - CUMHURİYET;FATİH SULTAN MEHMET SOKAK;sokak;931610
NİĞDE;BOR;BAHÇELİ - CUMHURİYET;GÖKÇE SOKAK;sokak;128848701
NİĞDE;BOR;BAHÇELİ - CUMHURİYET;GÖKKUŞAĞI SOKAK;sokak;456062661
NİĞDE;BOR;BAHÇELİ - CUMHURİYET;GÖKTÜRK SOKAK;sokak;636098380
NİĞDE;BOR;BAHÇELİ - CUMHURİYET;GÖNÜL SOKAK;sokak;904521111
NİĞDE;BOR;BAHÇELİ - CUMHURİYET;GÜN SOKAK;sokak;894866
NİĞDE;BOR;BAHÇELİ - CUMHURİYET;HİLAL SOKAK;sokak;474786
NİĞDE;BOR;BAHÇELİ - CUMHURİYET;HUZUR SOKAK;sokak;737362661
NİĞDE;BOR;BAHÇELİ - CUMHURİYET;İSTİKLAL SOKAK;sokak;291180981
NİĞDE;BOR;BAHÇELİ - CUMHURİYET;KANAL SOKAK;sokak;1127609
NİĞDE;BOR;BAHÇELİ - CUMHURİYET;KARAMAHMUTLU KÜME EVLER;sokak;323832000
NİĞDE;BOR;BAHÇELİ - CUMHURİYET;KARAMAHMUTLU MEVKİİ KÜME EVLER;sokak;1227497
NİĞDE;BOR;BAHÇELİ - CUMHURİYET;KAYI SOKAK;sokak;425829810
NİĞDE;BOR;BAHÇELİ - CUMHURİYET;KAYNAK SOKAK;sokak;702835930
NİĞDE;BOR;BAHÇELİ - CUMHURİYET;KİLBENT SOKAK;sokak;482249
NİĞDE;BOR;BAHÇELİ - CUMHURİYET;KÖŞK YOLU/53 SOKAK;sokak;923450321
NİĞDE;BOR;BAHÇELİ - CUMHURİYET;KURTÖZÜ SOKAK;sokak;924176
NİĞDE;BOR;BAHÇELİ - CUMHURİYET;LALE SOKAK;sokak;836379
NİĞDE;BOR;BAHÇELİ - CUMHURİYET;MAKBULLER SOKAK;sokak;482248
NİĞDE;BOR;BAHÇELİ - CUMHURİYET;MAKBULLER/10 SOKAK;sokak;515830780
NİĞDE;BOR;BAHÇELİ - CUMHURİYET;MALAZGİRT SOKAK;sokak;104884010
NİĞDE;BOR;BAHÇELİ - CUMHURİYET;MENEKŞE SOKAK;sokak;822902
NİĞDE;BOR;BAHÇELİ - CUMHURİYET;MEVLANA SOKAK;sokak;934664
NİĞDE;BOR;BAHÇELİ - CUMHURİYET;MEZAR YOLU_1 SOKAK;sokak;831309
NİĞDE;BOR;BAHÇELİ - CUMHURİYET;MISIRLAR SOKAK;sokak;479385
NİĞDE;BOR;BAHÇELİ - CUMHURİYET;MİMAR SİNAN SOKAK;sokak;931611
NİĞDE;BOR;BAHÇELİ - CUMHURİYET;NENE HATUN SOKAK;sokak;1026153
NİĞDE;BOR;BAHÇELİ - CUMHURİYET;NIĞDE GÜNEY OTOYOLU BULVAR;sokak;148680460
NİĞDE;BOR;BAHÇELİ - CUMHURİYET;NİĞDE CADDE;cadde;348263
NİĞDE;BOR;BAHÇELİ - CUMHURİYET;NİĞDE-ADANA CADDE;cadde;472324
NİĞDE;BOR;BAHÇELİ - CUMHURİYET;NİĞDE/5 SOKAK;sokak;409627970
NİĞDE;BOR;BAHÇELİ - CUMHURİYET;NİĞDE/61 SOKAK;sokak;126727050
NİĞDE;BOR;BAHÇELİ - CUMHURİYET;NİĞDE/62 SOKAK;sokak;945126880
NİĞDE;BOR;BAHÇELİ - CUMHURİYET;NİĞDE/93 SOKAK;sokak;606983390
NİĞDE;BOR;BAHÇELİ - CUMHURİYET;NİĞDE1 SOKAK;sokak;747868230
NİĞDE;BOR;BAHÇELİ - CUMHURİYET;NİĞDE2 SOKAK;sokak;968322660
NİĞDE;BOR;BAHÇELİ - CUMHURİYET;NİL SOKAK;sokak;114619361
NİĞDE;BOR;BAHÇELİ - CUMHURİYET;NUR SOKAK;sokak;277210261
NİĞDE;BOR;BAHÇELİ - CUMHURİYET;OLUK SOKAK;sokak;479388
NİĞDE;BOR;BAHÇELİ - CUMHURİYET;OLUK/3 SOKAK;sokak;806803740
NİĞDE;BOR;BAHÇELİ - CUMHURİYET;OLUK/4 SOKAK;sokak;121533260
NİĞDE;BOR;BAHÇELİ - CUMHURİYET;ONUR SOKAK;sokak;808911611
NİĞDE;BOR;BAHÇELİ - CUMHURİYET;PARSELEVLER SOKAK;sokak;479387
NİĞDE;BOR;BAHÇELİ - CUMHURİYET;PLATIN EVLERI SOKAK;sokak;913112660
NİĞDE;BOR;BAHÇELİ - CUMHURİYET;PLEVNE SOKAK;sokak;935771
NİĞDE;BOR;BAHÇELİ - CUMHURİYET;RÜYA SOKAK;sokak;894015
NİĞDE;BOR;BAHÇELİ - CUMHURİYET;RÜZGAR SOKAK;sokak;894865
NİĞDE;BOR;BAHÇELİ - CUMHURİYET;SARAY/3 SOKAK;sokak;144822771
NİĞDE;BOR;BAHÇELİ - CUMHURİYET;SELÇUKLU SOKAK;sokak;313683840
NİĞDE;BOR;BAHÇELİ - CUMHURİYET;SERÇE SOKAK;sokak;1099536
NİĞDE;BOR;BAHÇELİ - CUMHURİYET;SERDAR SOKAK;sokak;1523351
NİĞDE;BOR;BAHÇELİ - CUMHURİYET;SEVGİ SOKAK;sokak;1001531
NİĞDE;BOR;BAHÇELİ - CUMHURİYET;SOYLU SOKAK;sokak;1497307
NİĞDE;BOR;BAHÇELİ - CUMHURİYET;SULTAN SOKAK;sokak;695816011
NİĞDE;BOR;BAHÇELİ - CUMHURİYET;SÜRMELİ SOKAK;sokak;959775
NİĞDE;BOR;BAHÇELİ - CUMHURİYET;ŞAFAK SOKAK;sokak;1001529
NİĞDE;BOR;BAHÇELİ - CUMHURİYET;ŞAHİN SOKAK;sokak;984493
NİĞDE;BOR;BAHÇELİ - CUMHURİYET;ŞEHİT ÖMER HALİSDEMİR CADDE;cadde;482245
NİĞDE;BOR;BAHÇELİ - CUMHURİYET;ŞEHİT ÖMER HALİSDEMİR/2 SOKAK;sokak;433967120
NİĞDE;BOR;BAHÇELİ - CUMHURİYET;ŞEYH EDEBALİ SOKAK;sokak;1513315
NİĞDE;BOR;BAHÇELİ - CUMHURİYET;ŞİRİN SOKAK;sokak;894016
NİĞDE;BOR;BAHÇELİ - CUMHURİYET;TARIMSAL KALKINMA KOOPERATİFİ SOKAK;sokak;915524
NİĞDE;BOR;BAHÇELİ - CUMHURİYET;TERAZİ SOKAK;sokak;968899
NİĞDE;BOR;BAHÇELİ - CUMHURİYET;TOKİ EVLERİ SOKAK;sokak;532159
NİĞDE;BOR;BAHÇELİ - CUMHURİYET;TOKİ EVLERİ/1 SOKAK;sokak;1281225
NİĞDE;BOR;BAHÇELİ - CUMHURİYET;UYGUR SOKAK;sokak;662733430
NİĞDE;BOR;BAHÇELİ - CUMHURİYET;VATAN SOKAK;sokak;1041458
NİĞDE;BOR;BAHÇELİ - CUMHURİYET;YAĞMUR SOKAK;sokak;933865
NİĞDE;BOR;BAHÇELİ - CUMHURİYET;YASEMİN SOKAK;sokak;372753510
NİĞDE;BOR;BAHÇELİ - CUMHURİYET;YAVUZ SOKAK;sokak;1497347
NİĞDE;BOR;BAHÇELİ - CUMHURİYET;YAVUZ SULTAN SELİM SOKAK;sokak;931608
NİĞDE;BOR;BAHÇELİ - CUMHURİYET;YAVUZ/1 SOKAK;sokak;169342260
NİĞDE;BOR;BAHÇELİ - CUMHURİYET;YAVUZ/2 SOKAK;sokak;660371850
NİĞDE;BOR;BAHÇELİ - CUMHURİYET;YENİ KÖŞK CADDE;cadde;348266
NİĞDE;BOR;BAHÇELİ - CUMHURİYET;YENİ KÖŞK/10 SOKAK;sokak;127789990
NİĞDE;BOR;BAHÇELİ - CUMHURİYET;YENİ KÖŞK/4 SOKAK;sokak;871504700
NİĞDE;BOR;BAHÇELİ - CUMHURİYET;YENİ KÖŞK/5 SOKAK;sokak;181493510
NİĞDE;BOR;BAHÇELİ - CUMHURİYET;YENİ KÖŞK/6 SOKAK;sokak;331856790
NİĞDE;BOR;BAHÇELİ - CUMHURİYET;YENİ MAHALLE SOKAK;sokak;482247
NİĞDE;BOR;BAHÇELİ - CUMHURİYET;YENİ MAHALLE/36 SOKAK;sokak;204346500
NİĞDE;BOR;BAHÇELİ - CUMHURİYET;YENİ MAHALLE/37 SOKAK;sokak;385001870
NİĞDE;BOR;BAHÇELİ - CUMHURİYET;YENİ MAHALLE/42 SOKAK;sokak;435229780
NİĞDE;BOR;BAHÇELİ - CUMHURİYET;YENİ MAHALLE/43 SOKAK;sokak;393332990
NİĞDE;BOR;BAHÇELİ - CUMHURİYET;YILDIZ SOKAK;sokak;1521787
NİĞDE;BOR;BAHÇELİ - CUMHURİYET;YUKARI KURTÖZÜ SOKAK;sokak;925209
NİĞDE;BOR;BAHÇELİ - CUMHURİYET;YUNUS EMRE SOKAK;sokak;934665
NİĞDE;BOR;BAHÇELİ - CUMHURİYET;ZAMBAK SOKAK;sokak;1523481
NİĞDE;BOR;BAHÇELİ - SARAY;216. SOKAK;sokak;101056170
NİĞDE;BOR;BAHÇELİ - SARAY;ADNAN MENDERES CADDE;cadde;348187
NİĞDE;BOR;BAHÇELİ - SARAY;ATATÜRK BULVAR;sokak;473568
NİĞDE;BOR;BAHÇELİ - SARAY;ATLI SOKAK;sokak;1383109
NİĞDE;BOR;BAHÇELİ - SARAY;BADE SOKAK;sokak;302814711
NİĞDE;BOR;BAHÇELİ - SARAY;BAŞARAN SOKAK;sokak;105604230
NİĞDE;BOR;BAHÇELİ - SARAY;BAŞARAN/2 SOKAK;sokak;1522763
NİĞDE;BOR;BAHÇELİ - SARAY;BOR CADDE;cadde;479407
NİĞDE;BOR;BAHÇELİ - SARAY;BOYALIK SOKAK;sokak;348184
NİĞDE;BOR;BAHÇELİ - SARAY;BOYALIK/45 SOKAK;sokak;242298900
NİĞDE;BOR;BAHÇELİ - SARAY;ÇATALBENT SOKAK;sokak;348186
NİĞDE;BOR;BAHÇELİ - SARAY;DEĞİRMEN SOKAK;sokak;288431590
NİĞDE;BOR;BAHÇELİ - SARAY;DEREBOYU SOKAK;sokak;479404
NİĞDE;BOR;BAHÇELİ - SARAY;ESKİ NİĞDE YOLU SOKAK;sokak;809697931
NİĞDE;BOR;BAHÇELİ - SARAY;ESKİ NİĞDE YOLU- SOKAK;sokak;479410
NİĞDE;BOR;BAHÇELİ - SARAY;GİZEM SOKAK;sokak;1313285
NİĞDE;BOR;BAHÇELİ - SARAY;GÜL SOKAK;sokak;821960
NİĞDE;BOR;BAHÇELİ - SARAY;IHLAMUR SOKAK;sokak;561589340
NİĞDE;BOR;BAHÇELİ - SARAY;KARDELEN SOKAK;sokak;1227385
NİĞDE;BOR;BAHÇELİ - SARAY;KARGALAR SOKAK;sokak;479399
NİĞDE;BOR;BAHÇELİ - SARAY;KEMERHİSAR CADDE;cadde;348183
NİĞDE;BOR;BAHÇELİ - SARAY;KOCABAŞ SOKAK;sokak;479401
NİĞDE;BOR;BAHÇELİ - SARAY;KÖŞK YOLU SOKAK;sokak;348179
NİĞDE;BOR;BAHÇELİ - SARAY;KÖŞK YOLU/53 SOKAK;sokak;569613860
NİĞDE;BOR;BAHÇELİ - SARAY;MERCAN_1 SOKAK;sokak;1415615
NİĞDE;BOR;BAHÇELİ - SARAY;MUAVİN SOKAK;sokak;479398
NİĞDE;BOR;BAHÇELİ - SARAY;OKTAY TERHAN SOKAK;sokak;479411
NİĞDE;BOR;BAHÇELİ - SARAY;OLUK/4 SOKAK;sokak;121533261
NİĞDE;BOR;BAHÇELİ - SARAY;ÖZLEM SOKAK;sokak;209953040
NİĞDE;BOR;BAHÇELİ - SARAY;PİLOT İSMET ERTAN CADDE;cadde;914088980
NİĞDE;BOR;BAHÇELİ - SARAY;SARAY SOKAK;sokak;479396
NİĞDE;BOR;BAHÇELİ - SARAY;SARAY/3 SOKAK;sokak;144822770
NİĞDE;BOR;BAHÇELİ - SARAY;TARÇIN SOKAK;sokak;154130810
NİĞDE;BOR;BAHÇELİ - SARAY;YILDIRIM SOKAK;sokak;1444831
NİĞDE;BOR;BAHÇELİ - ŞEKER;363 SOKAK;sokak;211659230
NİĞDE;BOR;BAHÇELİ - ŞEKER;379 SOKAK;sokak;172384290
NİĞDE;BOR;BAHÇELİ - ŞEKER;379/3 SOKAK;sokak;215820850
NİĞDE;BOR;BAHÇELİ - ŞEKER;379/4 SOKAK;sokak;573465040
NİĞDE;BOR;BAHÇELİ - ŞEKER;379/5 SOKAK;sokak;219939770
NİĞDE;BOR;BAHÇELİ - ŞEKER;AHKEMBAĞI SOKAK;sokak;140854680
NİĞDE;BOR;BAHÇELİ - ŞEKER;AKÇA SOKAK;sokak;1517463
NİĞDE;BOR;BAHÇELİ - ŞEKER;ALİCAN SOKAK;sokak;1407813
NİĞDE;BOR;BAHÇELİ - ŞEKER;ARMUTLUBAĞ SOKAK;sokak;837307
NİĞDE;BOR;BAHÇELİ - ŞEKER;AŞAĞI AHKEMBAĞI SOKAK;sokak;842384
NİĞDE;BOR;BAHÇELİ - ŞEKER;ATA SOKAK;sokak;397745751
NİĞDE;BOR;BAHÇELİ - ŞEKER;ATA/1 SOKAK;sokak;396540410
NİĞDE;BOR;BAHÇELİ - ŞEKER;ATA/2 SOKAK;sokak;636346790
NİĞDE;BOR;BAHÇELİ - ŞEKER;BOR CADDE;cadde;479412
NİĞDE;BOR;BAHÇELİ - ŞEKER;BOR/1 SOKAK;sokak;508921570
NİĞDE;BOR;BAHÇELİ - ŞEKER;BOR/15 SOKAK;sokak;786658820
NİĞDE;BOR;BAHÇELİ - ŞEKER;ÇETİN SOKAK;sokak;844806310
NİĞDE;BOR;BAHÇELİ - ŞEKER;ÇEVRE YOLU CADDE;cadde;894831
NİĞDE;BOR;BAHÇELİ - ŞEKER;ÇİNİGÖL SOKAK;sokak;233942570
NİĞDE;BOR;BAHÇELİ - ŞEKER;ERCANLAR SOKAK;sokak;747954440
NİĞDE;BOR;BAHÇELİ - ŞEKER;ESKİ NİĞDE YOLU SOKAK;sokak;479414
NİĞDE;BOR;BAHÇELİ - ŞEKER;GELİNCİK SOKAK;sokak;985672
NİĞDE;BOR;BAHÇELİ - ŞEKER;GÜNEŞ SOKAK;sokak;913063
NİĞDE;BOR;BAHÇELİ - ŞEKER;İFTİYAN KÜME EVLER;sokak;479753
NİĞDE;BOR;BAHÇELİ - ŞEKER;KAPTAN SOKAK;sokak;185618600
NİĞDE;BOR;BAHÇELİ - ŞEKER;KASAPBAĞI SOKAK;sokak;834756
NİĞDE;BOR;BAHÇELİ - ŞEKER;KOCABAŞ SOKAK;sokak;265483960
NİĞDE;BOR;BAHÇELİ - ŞEKER;NERGİS SOKAK;sokak;150651960
NİĞDE;BOR;BAHÇELİ - ŞEKER;NİHAT TİMUR BULVARI BULVAR;sokak;167042560
NİĞDE;BOR;BAHÇELİ - ŞEKER;NİHAT TİMUR BULVARI/1 SOKAK;sokak;465967480
NİĞDE;BOR;BAHÇELİ - ŞEKER;NİHAT TİMUR BULVARI/3 SOKAK;sokak;486194980
NİĞDE;BOR;BAHÇELİ - ŞEKER;NİHAT TİMUR BULVARI/4 SOKAK;sokak;240898800
NİĞDE;BOR;BAHÇELİ - ŞEKER;NİLÜFER SOKAK;sokak;114172190
NİĞDE;BOR;BAHÇELİ - ŞEKER;OKTAY TERHAN SOKAK;sokak;348192
NİĞDE;BOR;BAHÇELİ - ŞEKER;OKTAY TERHAN/1 SOKAK;sokak;540279410
NİĞDE;BOR;BAHÇELİ - ŞEKER;ORKİDE SOKAK;sokak;101132720
NİĞDE;BOR;BAHÇELİ - ŞEKER;REYHAN SOKAK;sokak;495390000
NİĞDE;BOR;BAHÇELİ - ŞEKER;SEYRAN SOKAK;sokak;177477340
NİĞDE;BOR;BAHÇELİ - ŞEKER;SEYRAN/1 SOKAK;sokak;596688480
NİĞDE;BOR;BAHÇELİ - ŞEKER;SEYRAN/3 SOKAK;sokak;146923960
NİĞDE;BOR;BAHÇELİ - ŞEKER;SEYRAN/4 SOKAK;sokak;393893580
NİĞDE;BOR;BAHÇELİ - ŞEKER;SEYRAN/5 SOKAK;sokak;675010720
NİĞDE;BOR;BAHÇELİ - ŞEKER;SÖĞÜT SOKAK;sokak;1517767
NİĞDE;BOR;BAHÇELİ - ŞEKER;ŞEKER SOKAK;sokak;288126180
NİĞDE;BOR;BAHÇELİ - ŞEKER;ŞEKER/1 SOKAK;sokak;337674350
NİĞDE;BOR;BAHÇELİ - ŞEKER;ŞEKER/2 SOKAK;sokak;166485450
NİĞDE;BOR;BAHÇELİ - ZAFER;238. SOKAK;sokak;219160101
NİĞDE;BOR;BAHÇELİ - ZAFER;ADNAN MENDERES CADDE;cadde;473562
NİĞDE;BOR;BAHÇELİ - ZAFER;ALİ KANDEMİR SOKAK;sokak;473558
NİĞDE;BOR;BAHÇELİ - ZAFER;ASMALI SOKAK;sokak;930210
NİĞDE;BOR;BAHÇELİ - ZAFER;ATMACA SOKAK;sokak;875879371
NİĞDE;BOR;BAHÇELİ - ZAFER;BALLI SOKAK;sokak;957121
NİĞDE;BOR;BAHÇELİ - ZAFER;BÜLBÜL SOKAK;sokak;552279951
NİĞDE;BOR;BAHÇELİ - ZAFER;CUMHURİYET CADDE;cadde;473555
NİĞDE;BOR;BAHÇELİ - ZAFER;ÇAKMAK SOKAK;sokak;479393
NİĞDE;BOR;BAHÇELİ - ZAFER;ÇATICIBENT SOKAK;sokak;482250
NİĞDE;BOR;BAHÇELİ - ZAFER;ÇINAR SOKAK;sokak;1522761
NİĞDE;BOR;BAHÇELİ - ZAFER;DEMİR SOKAK;sokak;1516889
NİĞDE;BOR;BAHÇELİ - ZAFER;GÖKKUŞ SOKAK;sokak;428855741
NİĞDE;BOR;BAHÇELİ - ZAFER;HALLEM SOKAK;sokak;483638
NİĞDE;BOR;BAHÇELİ - ZAFER;HARMAN SOKAK;sokak;473560
NİĞDE;BOR;BAHÇELİ - ZAFER;KANARYA SOKAK;sokak;403799190
NİĞDE;BOR;BAHÇELİ - ZAFER;KARTAL SOKAK;sokak;1515043
NİĞDE;BOR;BAHÇELİ - ZAFER;KAYA SOKAK;sokak;1164319
NİĞDE;BOR;BAHÇELİ - ZAFER;KAYSERİ-ADANA CADDE;cadde;871784300
NİĞDE;BOR;BAHÇELİ - ZAFER;KIRLANGIÇ SOKAK;sokak;934833941
NİĞDE;BOR;BAHÇELİ - ZAFER;KUMRU SOKAK;sokak;756410761
NİĞDE;BOR;BAHÇELİ - ZAFER;KURTÖZÜ SOKAK;sokak;396347790
NİĞDE;BOR;BAHÇELİ - ZAFER;MAKBULLER SOKAK;sokak;772984380
NİĞDE;BOR;BAHÇELİ - ZAFER;MAKBULLER/10 SOKAK;sokak;212858790
NİĞDE;BOR;BAHÇELİ - ZAFER;MAKBULLER/11 SOKAK;sokak;291799830
NİĞDE;BOR;BAHÇELİ - ZAFER;MASAL SOKAK;sokak;309658000
NİĞDE;BOR;BAHÇELİ - ZAFER;MERCAN SOKAK;sokak;1361115
NİĞDE;BOR;BAHÇELİ - ZAFER;MEZAR YOLU SOKAK;sokak;483642
NİĞDE;BOR;BAHÇELİ - ZAFER;NIĞDE GÜNEY OTOYOLU BULVAR;sokak;559658420
NİĞDE;BOR;BAHÇELİ - ZAFER;NIĞDE/ADANA CADDE;cadde;256757110
NİĞDE;BOR;BAHÇELİ - ZAFER;NİĞDE-ADANA CADDE;cadde;473566
NİĞDE;BOR;BAHÇELİ - ZAFER;OLUK SOKAK;sokak;186170351
NİĞDE;BOR;BAHÇELİ - ZAFER;ÖYKÜ SOKAK;sokak;123361520
NİĞDE;BOR;BAHÇELİ - ZAFER;PİLOT İSMET ERTAN CADDE;cadde;202079811
NİĞDE;BOR;BAHÇELİ - ZAFER;SEFEROĞLU SOKAK;sokak;483644
NİĞDE;BOR;BAHÇELİ - ZAFER;ŞAFAK SOKAK;sokak;360973840
NİĞDE;BOR;BAHÇELİ - ZAFER;ŞEHİT BAYRAM AKSOY SOKAK;sokak;1319005
NİĞDE;BOR;BAHÇELİ - ZAFER;ŞEHİT ÖMER HALİSDEMİR CADDE;cadde;203170611
NİĞDE;BOR;BAHÇELİ - ZAFER;TATAROĞLU SOKAK;sokak;822720631
NİĞDE;BOR;BAHÇELİ - ZAFER;TURAN SOKAK;sokak;958975
NİĞDE;BOR;BAHÇELİ - ZAFER;TURNA SOKAK;sokak;530753701
NİĞDE;BOR;BAHÇELİ - ZAFER;YAYLA YOLU SOKAK;sokak;473565
NİĞDE;BOR;BAHÇELİ - ZAFER;YAYLA YOLU/1 SOKAK;sokak;696695880
NİĞDE;BOR;BALCI - AKBAŞ;AKBAŞ KÜME EVLER;sokak;485977
NİĞDE;BOR;BALCI - AKBAŞ;ALTUNHISAR BOR YOLU BULVAR;sokak;371891980
NİĞDE;BOR;BALCI - BALCI;BALCI KÜME EVLER;sokak;486042
NİĞDE;BOR;BALCI - GAYRET;ALTUNHISAR BOR YOLU BULVAR;sokak;105649040
NİĞDE;BOR;BALCI - GAYRET;GAYRET KÜME EVLER;sokak;480289
NİĞDE;BOR;BAŞPINAR;10 SOKAK;sokak;595184
NİĞDE;BOR;BAŞPINAR;100 SOKAK;sokak;479349
NİĞDE;BOR;BAŞPINAR;101 SOKAK;sokak;578633
NİĞDE;BOR;BAŞPINAR;102 SOKAK;sokak;578593
NİĞDE;BOR;BAŞPINAR;103 SOKAK;sokak;579063
NİĞDE;BOR;BAŞPINAR;104 SOKAK;sokak;583410
NİĞDE;BOR;BAŞPINAR;105 SOKAK;sokak;485516
NİĞDE;BOR;BAŞPINAR;106 SOKAK;sokak;479350
NİĞDE;BOR;BAŞPINAR;11 SOKAK;sokak;477606
NİĞDE;BOR;BAŞPINAR;12. SOKAK;sokak;481949
NİĞDE;BOR;BAŞPINAR;16 SOKAK;sokak;492893
NİĞDE;BOR;BAŞPINAR;17 SOKAK;sokak;489843
NİĞDE;BOR;BAŞPINAR;18 SOKAK;sokak;603883
NİĞDE;BOR;BAŞPINAR;19 SOKAK;sokak;353052
NİĞDE;BOR;BAŞPINAR;20 SOKAK;sokak;607109
NİĞDE;BOR;BAŞPINAR;21 SOKAK;sokak;352998
NİĞDE;BOR;BAŞPINAR;22 SOKAK;sokak;483411
NİĞDE;BOR;BAŞPINAR;23 SOKAK;sokak;353043
NİĞDE;BOR;BAŞPINAR;24 SOKAK;sokak;610473
NİĞDE;BOR;BAŞPINAR;25 SOKAK;sokak;473483
NİĞDE;BOR;BAŞPINAR;26 SOKAK;sokak;23100
NİĞDE;BOR;BAŞPINAR;27 SOKAK;sokak;23155
NİĞDE;BOR;BAŞPINAR;28 SOKAK;sokak;473896
NİĞDE;BOR;BAŞPINAR;29 SOKAK;sokak;483223
NİĞDE;BOR;BAŞPINAR;30 SOKAK;sokak;483232
NİĞDE;BOR;BAŞPINAR;31 SOKAK;sokak;348252
NİĞDE;BOR;BAŞPINAR;32 SOKAK;sokak;483241
NİĞDE;BOR;BAŞPINAR;33 SOKAK;sokak;485105
NİĞDE;BOR;BAŞPINAR;9. SOKAK;sokak;474315
NİĞDE;BOR;BAŞPINAR;92 SOKAK;sokak;476791
NİĞDE;BOR;BAŞPINAR;93 SOKAK;sokak;484212
NİĞDE;BOR;BAŞPINAR;94 SOKAK;sokak;474231
NİĞDE;BOR;BAŞPINAR;95 SOKAK;sokak;475144
NİĞDE;BOR;BAŞPINAR;96 SOKAK;sokak;22735
NİĞDE;BOR;BAŞPINAR;97 SOKAK;sokak;479352
NİĞDE;BOR;BAŞPINAR;98 SOKAK;sokak;479353
NİĞDE;BOR;BAŞPINAR;99 SOKAK;sokak;480715
NİĞDE;BOR;BAŞPINAR;ABBAS SOKAK;sokak;484702
NİĞDE;BOR;BAŞPINAR;AHMET VAHİT SOKAK;sokak;21814
NİĞDE;BOR;BAŞPINAR;ALLEMOĞLU SOKAK;sokak;472652
NİĞDE;BOR;BAŞPINAR;ALPARSLAN TÜRKEŞ BULVAR;sokak;483743
NİĞDE;BOR;BAŞPINAR;ATATÜRK BULVAR;sokak;477253
NİĞDE;BOR;BAŞPINAR;AYDINLIK SOKAK;sokak;579896
NİĞDE;BOR;BAŞPINAR;BARAN SOKAK;sokak;474224
NİĞDE;BOR;BAŞPINAR;BEKTAŞ SOKAK;sokak;473914
NİĞDE;BOR;BAŞPINAR;BEKTAŞİ VELİ SOKAK;sokak;485115
NİĞDE;BOR;BAŞPINAR;BELENLİ SOKAK;sokak;480939
NİĞDE;BOR;BAŞPINAR;BOYACI ÇIKMAZI SOKAK;sokak;483737
NİĞDE;BOR;BAŞPINAR;BULGARCIK KÜME EVLER;sokak;904872810
NİĞDE;BOR;BAŞPINAR;ÇAVUŞLAR ÇIKMAZI SOKAK;sokak;473975
NİĞDE;BOR;BAŞPINAR;ÇAVUŞLAR SOKAK;sokak;473117
NİĞDE;BOR;BAŞPINAR;ÇETİNTAŞ SOKAK;sokak;489846
NİĞDE;BOR;BAŞPINAR;ÇEVRE YOLU CADDE;cadde;609612
NİĞDE;BOR;BAŞPINAR;ÇOPUROĞLU SOKAK;sokak;485399
NİĞDE;BOR;BAŞPINAR;ÇULHA SOKAK;sokak;33288
NİĞDE;BOR;BAŞPINAR;DAR SOKAK;sokak;479792
NİĞDE;BOR;BAŞPINAR;DEĞIRMENLER SOKAK;sokak;483802
NİĞDE;BOR;BAŞPINAR;ELALDI SOKAK;sokak;479781
NİĞDE;BOR;BAŞPINAR;ESKI NİĞDE CADDE;cadde;33313
NİĞDE;BOR;BAŞPINAR;FUAT MENGİ CADDE;cadde;473460
NİĞDE;BOR;BAŞPINAR;GÜLMÜŞ SOKAK;sokak;472649
NİĞDE;BOR;BAŞPINAR;GÜMÜŞLÜ SOKAK;sokak;474749
NİĞDE;BOR;BAŞPINAR;HACI AHMET YOKUŞU SOKAK;sokak;269435
NİĞDE;BOR;BAŞPINAR;HACI MULLA SOKAK;sokak;33307
NİĞDE;BOR;BAŞPINAR;HAYDAR ÖZALP CADDE;cadde;609611
NİĞDE;BOR;BAŞPINAR;HIRIŞOĞLU SOKAK;sokak;491548
NİĞDE;BOR;BAŞPINAR;IRMAK SOKAK;sokak;489849
NİĞDE;BOR;BAŞPINAR;İZZET CAN BULVAR;sokak;476001
NİĞDE;BOR;BAŞPINAR;KALE CAMİ SOKAK;sokak;475871
NİĞDE;BOR;BAŞPINAR;KARADOĞAN SOKAK;sokak;473372
NİĞDE;BOR;BAŞPINAR;KIR SOKAK;sokak;473916
NİĞDE;BOR;BAŞPINAR;KOLSUZ SOKAK;sokak;473361
NİĞDE;BOR;BAŞPINAR;KURU ÜZÜM SOKAK;sokak;479787
NİĞDE;BOR;BAŞPINAR;OKUL SOKAK;sokak;22731
NİĞDE;BOR;BAŞPINAR;PASTIRMACILAR SOKAK;sokak;353001
NİĞDE;BOR;BAŞPINAR;PIRASACI SOKAK;sokak;485407
NİĞDE;BOR;BAŞPINAR;POLAT SOKAK;sokak;484155
NİĞDE;BOR;BAŞPINAR;SARAÇOĞULLARI SOKAK;sokak;348189
NİĞDE;BOR;BAŞPINAR;SARI CAMİİ SOKAK;sokak;473833
NİĞDE;BOR;BAŞPINAR;SARI KIZ SOKAK;sokak;474240
NİĞDE;BOR;BAŞPINAR;SARI SALTUK CADDE;cadde;326545
NİĞDE;BOR;BAŞPINAR;SİPAHİ SOKAK;sokak;484700
NİĞDE;BOR;BAŞPINAR;SÜLEMİŞ SOKAK;sokak;475497
NİĞDE;BOR;BAŞPINAR;ŞEHİT FERHAT ATLI CADDE;cadde;480708
NİĞDE;BOR;BAŞPINAR;ŞEHİT YÜZBAŞI HALİL ÖZDEMİR CADDE;cadde;370584
NİĞDE;BOR;BAŞPINAR;ŞEYH AHMET KUDDUSİ CADDE;cadde;492443
NİĞDE;BOR;BAŞPINAR;ŞUBE SOKAK;sokak;482456
NİĞDE;BOR;BAŞPINAR;ÜBEYLİ SK SOKAK;sokak;473912
NİĞDE;BOR;BAŞPINAR;ÜLKÜ ÇIKMAZI SOKAK;sokak;489852
NİĞDE;BOR;BAŞPINAR;YEGENOGLU ÇIKMAZI SOKAK;sokak;483730
NİĞDE;BOR;BAŞPINAR;YEŞİL DERE SOKAK;sokak;478571
NİĞDE;BOR;BAŞPINAR;YILDIRIM SOKAK;sokak;485107
NİĞDE;BOR;BAŞPINAR;YUNUS EMRE SOKAK;sokak;480277
NİĞDE;BOR;BAŞPINAR;YÜZBAŞI SOKAK;sokak;479745
NİĞDE;BOR;BAYAT NA;BAYAT KÜME EVLER;sokak;114939
NİĞDE;BOR;BEREKET NA;ADANA NIĞDE YOLU BULVAR;sokak;121191031
NİĞDE;BOR;BEREKET NA;BEREKE KÜME EVLER;sokak;477294
NİĞDE;BOR;BEREKET NA;İSTASYON SOKAK;sokak;736970621
NİĞDE;BOR;BEREKET NA;KAVUKLU KÜME EVLER;sokak;121119850
NİĞDE;BOR;BUĞDÜZ;133 SOKAK;sokak;489286
NİĞDE;BOR;BUĞDÜZ;134 SOKAK;sokak;489287
NİĞDE;BOR;BUĞDÜZ;135 SOKAK;sokak;481850
NİĞDE;BOR;BUĞDÜZ;136 SOKAK;sokak;489267
NİĞDE;BOR;BUĞDÜZ;137 SOKAK;sokak;489274
NİĞDE;BOR;BUĞDÜZ;138 SOKAK;sokak;481851
NİĞDE;BOR;BUĞDÜZ;139 SOKAK;sokak;491267
NİĞDE;BOR;BUĞDÜZ;140 SOKAK;sokak;595604
NİĞDE;BOR;BUĞDÜZ;141 SOKAK;sokak;37406
NİĞDE;BOR;BUĞDÜZ;142 SOKAK;sokak;39177
NİĞDE;BOR;BUĞDÜZ;143 SOKAK;sokak;599013
NİĞDE;BOR;BUĞDÜZ;144 SOKAK;sokak;602591
NİĞDE;BOR;BUĞDÜZ;146 SOKAK;sokak;491270
NİĞDE;BOR;BUĞDÜZ;147 SOKAK;sokak;601414
NİĞDE;BOR;BUĞDÜZ;AYŞE ÖZENÇ SOKAK;sokak;491255
NİĞDE;BOR;BUĞDÜZ;BAGLAR SOKAK;sokak;491272
NİĞDE;BOR;BUĞDÜZ;BAĞDÜZ KÜME EVLER;sokak;497177
NİĞDE;BOR;BUĞDÜZ;BALCI SOKAK;sokak;491259
NİĞDE;BOR;BUĞDÜZ;BARIŞ SOKAK;sokak;489280
NİĞDE;BOR;BUĞDÜZ;BENDER SOKAK;sokak;489278
NİĞDE;BOR;BUĞDÜZ;BENTKAVAK KÜME EVLER;sokak;109140591
NİĞDE;BOR;BUĞDÜZ;CAN SOKAK;sokak;594349
NİĞDE;BOR;BUĞDÜZ;ÇAM SOKAK;sokak;604414
NİĞDE;BOR;BUĞDÜZ;ÇEVRE YOLU CADDE;cadde;499672190
NİĞDE;BOR;BUĞDÜZ;DELİKTAŞ SOKAK;sokak;489279
NİĞDE;BOR;BUĞDÜZ;DEMİREL SOKAK;sokak;480311
NİĞDE;BOR;BUĞDÜZ;DOĞAN BARAN CADDE;cadde;659660530
NİĞDE;BOR;BUĞDÜZ;DR.RAŞİT EKEMEN SOKAK;sokak;491251
NİĞDE;BOR;BUĞDÜZ;DURGUN SOKAK;sokak;489268
NİĞDE;BOR;BUĞDÜZ;DURUKAN SOKAK;sokak;489275
NİĞDE;BOR;BUĞDÜZ;DÜZGÜN SOKAK;sokak;595620
NİĞDE;BOR;BUĞDÜZ;ESKİ ANKARA YOLU KÜME EVLER;sokak;157830
NİĞDE;BOR;BUĞDÜZ;FEVZİ ÇAKMAK CADDE;cadde;491265
NİĞDE;BOR;BUĞDÜZ;GEBERE KÜME EVLER;sokak;795523
NİĞDE;BOR;BUĞDÜZ;GÜMÜŞ SOKAK;sokak;491249
NİĞDE;BOR;BUĞDÜZ;İNAL SOKAK;sokak;597183
NİĞDE;BOR;BUĞDÜZ;KAYAALTI SOKAK;sokak;488943
NİĞDE;BOR;BUĞDÜZ;KAYALAR KÜME EVLER;sokak;480418
NİĞDE;BOR;BUĞDÜZ;KAYI YOLU SOKAK;sokak;377910680
NİĞDE;BOR;BUĞDÜZ;MARAŞLI SOKAK;sokak;491263
NİĞDE;BOR;BUĞDÜZ;NAİPLİ SOKAK;sokak;489282
NİĞDE;BOR;BUĞDÜZ;NAZAN SOKAK;sokak;489269
NİĞDE;BOR;BUĞDÜZ;OKÇU SOKAK;sokak;489273
NİĞDE;BOR;BUĞDÜZ;ÖZKAN SOKAK;sokak;491256
NİĞDE;BOR;BUĞDÜZ;PINARBAŞI KÜME EVLER;sokak;481886
NİĞDE;BOR;BUĞDÜZ;SİVRİ KİLİSE KÜME EVLER;sokak;489270
NİĞDE;BOR;BUĞDÜZ;TEZEL SOKAK;sokak;489272
NİĞDE;BOR;BUĞDÜZ;TOSUNBAŞ CADDE;cadde;491253
NİĞDE;BOR;BUĞDÜZ;TÜCCARLAR SOKAK;sokak;489276
NİĞDE;BOR;CIĞIZOĞLU OSMAN EFENDİ;286 SOKAK;sokak;276168
NİĞDE;BOR;CIĞIZOĞLU OSMAN EFENDİ;287 SOKAK;sokak;276178
NİĞDE;BOR;CIĞIZOĞLU OSMAN EFENDİ;288 SOKAK;sokak;23162
NİĞDE;BOR;CIĞIZOĞLU OSMAN EFENDİ;289 SOKAK;sokak;276177
NİĞDE;BOR;CIĞIZOĞLU OSMAN EFENDİ;290 SOKAK;sokak;473989
NİĞDE;BOR;CIĞIZOĞLU OSMAN EFENDİ;291 SOKAK;sokak;276175
NİĞDE;BOR;CIĞIZOĞLU OSMAN EFENDİ;292 SOKAK;sokak;609674
NİĞDE;BOR;CIĞIZOĞLU OSMAN EFENDİ;293 SOKAK;sokak;23159
NİĞDE;BOR;CIĞIZOĞLU OSMAN EFENDİ;294 SOKAK;sokak;572356
NİĞDE;BOR;CIĞIZOĞLU OSMAN EFENDİ;295 SOKAK;sokak;572839
NİĞDE;BOR;CIĞIZOĞLU OSMAN EFENDİ;296 SOKAK;sokak;475973
NİĞDE;BOR;CIĞIZOĞLU OSMAN EFENDİ;297 SOKAK;sokak;276194
NİĞDE;BOR;CIĞIZOĞLU OSMAN EFENDİ;298 SOKAK;sokak;580922
NİĞDE;BOR;CIĞIZOĞLU OSMAN EFENDİ;299 SOKAK;sokak;23158
NİĞDE;BOR;CIĞIZOĞLU OSMAN EFENDİ;300 SOKAK;sokak;276174
NİĞDE;BOR;CIĞIZOĞLU OSMAN EFENDİ;301 SOKAK;sokak;276176
NİĞDE;BOR;CIĞIZOĞLU OSMAN EFENDİ;302 SOKAK;sokak;485837
NİĞDE;BOR;CIĞIZOĞLU OSMAN EFENDİ;303 SOKAK;sokak;478992
NİĞDE;BOR;CIĞIZOĞLU OSMAN EFENDİ;304 SOKAK;sokak;321818
NİĞDE;BOR;CIĞIZOĞLU OSMAN EFENDİ;305 SOKAK;sokak;477634
NİĞDE;BOR;CIĞIZOĞLU OSMAN EFENDİ;306 SOKAK;sokak;478994
NİĞDE;BOR;CIĞIZOĞLU OSMAN EFENDİ;307 SOKAK;sokak;23157
NİĞDE;BOR;CIĞIZOĞLU OSMAN EFENDİ;308 SOKAK;sokak;370565
NİĞDE;BOR;CIĞIZOĞLU OSMAN EFENDİ;309 SOKAK;sokak;477983
NİĞDE;BOR;CIĞIZOĞLU OSMAN EFENDİ;310 SOKAK;sokak;477984
NİĞDE;BOR;CIĞIZOĞLU OSMAN EFENDİ;311 SOKAK;sokak;477985
NİĞDE;BOR;CIĞIZOĞLU OSMAN EFENDİ;312 SOKAK;sokak;475974
NİĞDE;BOR;CIĞIZOĞLU OSMAN EFENDİ;313 SOKAK;sokak;485841
NİĞDE;BOR;CIĞIZOĞLU OSMAN EFENDİ;314 SOKAK;sokak;485839
NİĞDE;BOR;CIĞIZOĞLU OSMAN EFENDİ;315 SOKAK;sokak;276172
NİĞDE;BOR;CIĞIZOĞLU OSMAN EFENDİ;316 SOKAK;sokak;609675
NİĞDE;BOR;CIĞIZOĞLU OSMAN EFENDİ;317 SOKAK;sokak;276169
NİĞDE;BOR;CIĞIZOĞLU OSMAN EFENDİ;318 SOKAK;sokak;584668
NİĞDE;BOR;CIĞIZOĞLU OSMAN EFENDİ;33 SOKAK;sokak;607694
NİĞDE;BOR;CIĞIZOĞLU OSMAN EFENDİ;BARAJ KÜME EVLER;sokak;596756
NİĞDE;BOR;CIĞIZOĞLU OSMAN EFENDİ;BEKTAŞİ VELİ SOKAK;sokak;429020490
NİĞDE;BOR;CIĞIZOĞLU OSMAN EFENDİ;BULGARCIK KÜME EVLER;sokak;484070
NİĞDE;BOR;CIĞIZOĞLU OSMAN EFENDİ;HUZUR CADDE;cadde;23153
NİĞDE;BOR;CIĞIZOĞLU OSMAN EFENDİ;İZZET CAN BULVAR;sokak;276163
NİĞDE;BOR;CIĞIZOĞLU OSMAN EFENDİ;ORHAN BATI BULVAR;sokak;473001
NİĞDE;BOR;CIĞIZOĞLU OSMAN EFENDİ;SİNANDI KÜME EVLER;sokak;360377110
NİĞDE;BOR;CIĞIZOĞLU OSMAN EFENDİ;ŞEHİT YÜZBAŞI HALİL ÖZDEMİR CADDE;cadde;809922
NİĞDE;BOR;CIĞIZOĞLU OSMAN EFENDİ;USLAR SOKAK;sokak;276173
NİĞDE;BOR;CIĞIZOĞLU OSMAN EFENDİ;YEŞİL SOKAK;sokak;609672
NİĞDE;BOR;ÇUKURKUYU - BEKTİK;1001 SOKAK;sokak;170086400
NİĞDE;BOR;ÇUKURKUYU - BEKTİK;1002 SOKAK;sokak;323084130
NİĞDE;BOR;ÇUKURKUYU - BEKTİK;1003 SOKAK;sokak;880716590
NİĞDE;BOR;ÇUKURKUYU - BEKTİK;1004 SOKAK;sokak;277786200
NİĞDE;BOR;ÇUKURKUYU - BEKTİK;1005 SOKAK;sokak;103429050
NİĞDE;BOR;ÇUKURKUYU - BEKTİK;1006 SOKAK;sokak;169668220
NİĞDE;BOR;ÇUKURKUYU - BEKTİK;1007 SOKAK;sokak;476299690
NİĞDE;BOR;ÇUKURKUYU - BEKTİK;1008 SOKAK;sokak;125323540
NİĞDE;BOR;ÇUKURKUYU - BEKTİK;1009 SOKAK;sokak;177244690
NİĞDE;BOR;ÇUKURKUYU - BEKTİK;1010 KÜME EVLER;sokak;890809
NİĞDE;BOR;ÇUKURKUYU - BEKTİK;1011 SOKAK;sokak;637468460
NİĞDE;BOR;ÇUKURKUYU - BEKTİK;1012 SOKAK;sokak;243866660
NİĞDE;BOR;ÇUKURKUYU - BEKTİK;1013 SOKAK;sokak;117474660
NİĞDE;BOR;ÇUKURKUYU - BEKTİK;1015 SOKAK;sokak;304373470
NİĞDE;BOR;ÇUKURKUYU - BEKTİK;1016 SOKAK;sokak;111803380
NİĞDE;BOR;ÇUKURKUYU - BEKTİK;1017 SOKAK;sokak;268136180
NİĞDE;BOR;ÇUKURKUYU - BEKTİK;1018 SOKAK;sokak;650365500
NİĞDE;BOR;ÇUKURKUYU - BEKTİK;1019 SOKAK;sokak;643028210
NİĞDE;BOR;ÇUKURKUYU - BEKTİK;1021 SOKAK;sokak;144485340
NİĞDE;BOR;ÇUKURKUYU - BEKTİK;1022 SOKAK;sokak;289662400
NİĞDE;BOR;ÇUKURKUYU - BEKTİK;1023 SOKAK;sokak;439956530
NİĞDE;BOR;ÇUKURKUYU - BEKTİK;1024 SOKAK;sokak;739339130
NİĞDE;BOR;ÇUKURKUYU - BEKTİK;1025 CADDE;cadde;32069
NİĞDE;BOR;ÇUKURKUYU - BEKTİK;1026 SOKAK;sokak;303619920
NİĞDE;BOR;ÇUKURKUYU - BEKTİK;1027 SOKAK;sokak;572199090
NİĞDE;BOR;ÇUKURKUYU - BEKTİK;1028 SOKAK;sokak;388447670
NİĞDE;BOR;ÇUKURKUYU - BEKTİK;1029 SOKAK;sokak;340150810
NİĞDE;BOR;ÇUKURKUYU - BEKTİK;1030 SOKAK;sokak;918451640
NİĞDE;BOR;ÇUKURKUYU - BEKTİK;1031 SOKAK;sokak;519586920
NİĞDE;BOR;ÇUKURKUYU - BEKTİK;1032 SOKAK;sokak;342026220
NİĞDE;BOR;ÇUKURKUYU - BEKTİK;1033 SOKAK;sokak;188712280
NİĞDE;BOR;ÇUKURKUYU - BEKTİK;1034 SOKAK;sokak;324132130
NİĞDE;BOR;ÇUKURKUYU - BEKTİK;1035 SOKAK;sokak;654353310
NİĞDE;BOR;ÇUKURKUYU - BEKTİK;1036 SOKAK;sokak;302223270
NİĞDE;BOR;ÇUKURKUYU - BEKTİK;1037 SOKAK;sokak;437964160
NİĞDE;BOR;ÇUKURKUYU - BEKTİK;1038 SOKAK;sokak;881324360
NİĞDE;BOR;ÇUKURKUYU - BEKTİK;1040 SOKAK;sokak;172715030
NİĞDE;BOR;ÇUKURKUYU - BEKTİK;1041 SOKAK;sokak;117593880
NİĞDE;BOR;ÇUKURKUYU - BEKTİK;1042 SOKAK;sokak;138509380
NİĞDE;BOR;ÇUKURKUYU - BEKTİK;1043 SOKAK;sokak;185273250
NİĞDE;BOR;ÇUKURKUYU - BEKTİK;1044 SOKAK;sokak;192393420
NİĞDE;BOR;ÇUKURKUYU - BEKTİK;1046 SOKAK;sokak;436506470
NİĞDE;BOR;ÇUKURKUYU - BEKTİK;1047 SOKAK;sokak;162080191
NİĞDE;BOR;ÇUKURKUYU - BEKTİK;1048 SOKAK;sokak;235451300
NİĞDE;BOR;ÇUKURKUYU - BEKTİK;1049 SOKAK;sokak;203423090
NİĞDE;BOR;ÇUKURKUYU - BEKTİK;1050 SOKAK;sokak;268711940
NİĞDE;BOR;ÇUKURKUYU - BEKTİK;1051 SOKAK;sokak;682338240
NİĞDE;BOR;ÇUKURKUYU - BEKTİK;1052 SOKAK;sokak;244082540
NİĞDE;BOR;ÇUKURKUYU - BEKTİK;1053 SOKAK;sokak;238253830
NİĞDE;BOR;ÇUKURKUYU - BEKTİK;1054 SOKAK;sokak;863035590
NİĞDE;BOR;ÇUKURKUYU - BEKTİK;1055 SOKAK;sokak;81010654
NİĞDE;BOR;ÇUKURKUYU - BEKTİK;ADANA AKSARAY YOLU BULVAR;sokak;113649080
NİĞDE;BOR;ÇUKURKUYU - BEKTİK;ANDIKLIK KÜME EVLER;sokak;1490091
NİĞDE;BOR;ÇUKURKUYU - BEKTİK;ARDIÇ SOKAK;sokak;480226
NİĞDE;BOR;ÇUKURKUYU - BEKTİK;ATATÜRK MEYDAN;sokak;999824
NİĞDE;BOR;ÇUKURKUYU - BEKTİK;BAĞDEM SOKAK;sokak;479704
NİĞDE;BOR;ÇUKURKUYU - BEKTİK;ÇINAR SOKAK;sokak;480229
NİĞDE;BOR;ÇUKURKUYU - BEKTİK;ÇİÇEK SOKAK;sokak;472572
NİĞDE;BOR;ÇUKURKUYU - BEKTİK;DİKİLİ CADDE;cadde;485973
NİĞDE;BOR;ÇUKURKUYU - BEKTİK;DÖLLÜK KÜME EVLER;sokak;868879
NİĞDE;BOR;ÇUKURKUYU - BEKTİK;ELMASEKİSİ SOKAK;sokak;32074
NİĞDE;BOR;ÇUKURKUYU - BEKTİK;EZGEN SOKAK;sokak;22719
NİĞDE;BOR;ÇUKURKUYU - BEKTİK;GAZETECİ YAVUZ DONAT SOKAK;sokak;484209
NİĞDE;BOR;ÇUKURKUYU - BEKTİK;GÖĞPINAR SOKAK;sokak;836057
NİĞDE;BOR;ÇUKURKUYU - BEKTİK;GÜRGEN SOKAK;sokak;37003
NİĞDE;BOR;ÇUKURKUYU - BEKTİK;KALE SOKAK;sokak;485515
NİĞDE;BOR;ÇUKURKUYU - BEKTİK;KEKELİNİN YURDU KÜME EVLER;sokak;799252280
NİĞDE;BOR;ÇUKURKUYU - BEKTİK;KIVRIMARK KÜME EVLER;sokak;925925
NİĞDE;BOR;ÇUKURKUYU - BEKTİK;MEHMET COŞKUN CADDE;cadde;483181
NİĞDE;BOR;ÇUKURKUYU - BEKTİK;SELVİ SOKAK;sokak;485513
NİĞDE;BOR;ÇUKURKUYU - BEKTİK;ŞAHİNYUVASI SOKAK;sokak;485559
NİĞDE;BOR;ÇUKURKUYU - BEKTİK;ŞEHİT ABDULLAH ÇERİ SOKAK;sokak;332450280
NİĞDE;BOR;ÇUKURKUYU - BEKTİK;ŞEHİT ABDULLAH GÜNGÖR CADDE;cadde;477116
NİĞDE;BOR;ÇUKURKUYU - BEKTİK;ŞEHİT ABDURRAHMAN SOYLUGAN CADDE;cadde;485528
NİĞDE;BOR;ÇUKURKUYU - BEKTİK;ŞEHİT AHMET ÇELİK CADDE;cadde;484214
NİĞDE;BOR;ÇUKURKUYU - BEKTİK;ŞEHİT ALİ ERŞAN CADDE;cadde;472578
NİĞDE;BOR;ÇUKURKUYU - BEKTİK;ŞEHİT ETHEM GENÇ CADDE;cadde;479071
NİĞDE;BOR;ÇUKURKUYU - BEKTİK;ŞEHİT HACI EMİN AYHAN CADDE;cadde;33312
NİĞDE;BOR;ÇUKURKUYU - BEKTİK;ŞEHİT HACIALİ SOYLUGAN CADDE;cadde;23250
NİĞDE;BOR;ÇUKURKUYU - BEKTİK;ŞEHİT HACIBABA SOYHAN CADDE;cadde;476717
NİĞDE;BOR;ÇUKURKUYU - BEKTİK;ŞEHİT HACIEMİN KUMARCI CADDE;cadde;485052
NİĞDE;BOR;ÇUKURKUYU - BEKTİK;ŞEHİT HALİL TÜFEKCİ CADDE;cadde;472577
NİĞDE;BOR;ÇUKURKUYU - BEKTİK;ŞEHİT HALİT DAYAR CADDE;cadde;483321
NİĞDE;BOR;ÇUKURKUYU - BEKTİK;ŞEHİT HAYRULLAH GÜNGÖR SOKAK;sokak;36976
NİĞDE;BOR;ÇUKURKUYU - BEKTİK;ŞEHİT İBİŞ SOYHAN SOKAK;sokak;480232
NİĞDE;BOR;ÇUKURKUYU - BEKTİK;ŞEHİT İBRAHİM ERŞAN CADDE;cadde;999828
NİĞDE;BOR;ÇUKURKUYU - BEKTİK;ŞEHİT İSMAİL ÖZKAN CADDE;cadde;386490420
NİĞDE;BOR;ÇUKURKUYU - BEKTİK;ŞEHİT KAMBER AYDIN CADDE;cadde;483313
NİĞDE;BOR;ÇUKURKUYU - BEKTİK;ŞEHİT MAHİR TÜFEKÇİ CADDE;cadde;21817
NİĞDE;BOR;ÇUKURKUYU - BEKTİK;ŞEHİT MAVU SOYLUGAN CADDE;cadde;480645
NİĞDE;BOR;ÇUKURKUYU - BEKTİK;ŞEHİT MUSTAFA BOZKURT CADDE;cadde;476775
NİĞDE;BOR;ÇUKURKUYU - BEKTİK;ŞEHİT MUSTAFA HALİSDEMİR CADDE;cadde;483267
NİĞDE;BOR;ÇUKURKUYU - BEKTİK;ŞEHİT ÖMER ÖZER SOKAK;sokak;478935
NİĞDE;BOR;ÇUKURKUYU - BEKTİK;ŞEHİT ÖMER SOYLUGAN CADDE;cadde;485968
NİĞDE;BOR;ÇUKURKUYU - BEKTİK;ŞEHİT REŞİT MELEKOĞLU CADDE;cadde;479709
NİĞDE;BOR;ÇUKURKUYU - BEKTİK;ŞEHİT SADIK ÖZER CADDE;cadde;478939
NİĞDE;BOR;ÇUKURKUYU - BEKTİK;ŞEHİT SADIK SONGUR SOKAK;sokak;22718
NİĞDE;BOR;ÇUKURKUYU - BEKTİK;ŞEHİT SADIK ŞAHİNAL CADDE;cadde;485522
NİĞDE;BOR;ÇUKURKUYU - BEKTİK;ŞEHİT SEDAT DURUKAN BULVAR;sokak;485959
NİĞDE;BOR;ÇUKURKUYU - BEKTİK;ŞEHİT SEYİT MELEKOĞLU CADDE;cadde;483176
NİĞDE;BOR;ÇUKURKUYU - BEKTİK;ŞEHİT ŞIH ÖMER İLTİR SOKAK;sokak;481467
NİĞDE;BOR;ÇUKURKUYU - BEKTİK;ŞEHİT ŞIH ÖMER SOYHAN SOKAK;sokak;479702
NİĞDE;BOR;ÇUKURKUYU - BEKTİK;TAŞTÖME KÜME EVLER;sokak;1472521
NİĞDE;BOR;ÇUKURKUYU - BEKTİK;TEVFİK TEKELİ SOKAK;sokak;476773
NİĞDE;BOR;ÇUKURKUYU - BEKTİK;TÜMEN KÜME EVLER;sokak;40396137
NİĞDE;BOR;ÇUKURKUYU - BEKTİK;VALİ YILMAZ ŞİMŞEK SOKAK;sokak;152250140
NİĞDE;BOR;ÇUKURKUYU - BEKTİK;YENİBENT KIVRIMARK KÜME EVLER;sokak;892919
NİĞDE;BOR;ÇUKURKUYU - TÜRKMEN YURDU;2001 SOKAK;sokak;750432730
NİĞDE;BOR;ÇUKURKUYU - TÜRKMEN YURDU;2002 SOKAK;sokak;183666090
NİĞDE;BOR;ÇUKURKUYU - TÜRKMEN YURDU;2003 SOKAK;sokak;726019660
NİĞDE;BOR;ÇUKURKUYU - TÜRKMEN YURDU;2004 CADDE;cadde;485145
NİĞDE;BOR;ÇUKURKUYU - TÜRKMEN YURDU;2005 SOKAK;sokak;408095680
NİĞDE;BOR;ÇUKURKUYU - TÜRKMEN YURDU;2006 SOKAK;sokak;719400920
NİĞDE;BOR;ÇUKURKUYU - TÜRKMEN YURDU;2007 SOKAK;sokak;272290870
NİĞDE;BOR;ÇUKURKUYU - TÜRKMEN YURDU;2008 SOKAK;sokak;922732670
NİĞDE;BOR;ÇUKURKUYU - TÜRKMEN YURDU;2009 SOKAK;sokak;402288010
NİĞDE;BOR;ÇUKURKUYU - TÜRKMEN YURDU;2010 SOKAK;sokak;105176210
NİĞDE;BOR;ÇUKURKUYU - TÜRKMEN YURDU;2011 SOKAK;sokak;539806030
NİĞDE;BOR;ÇUKURKUYU - TÜRKMEN YURDU;2012 SOKAK;sokak;153882180
NİĞDE;BOR;ÇUKURKUYU - TÜRKMEN YURDU;2013 SOKAK;sokak;849051160
NİĞDE;BOR;ÇUKURKUYU - TÜRKMEN YURDU;2014 SOKAK;sokak;893885320
NİĞDE;BOR;ÇUKURKUYU - TÜRKMEN YURDU;2015 SOKAK;sokak;147570170
NİĞDE;BOR;ÇUKURKUYU - TÜRKMEN YURDU;2017 SOKAK;sokak;489629970
NİĞDE;BOR;ÇUKURKUYU - TÜRKMEN YURDU;2018 SOKAK;sokak;114035240
NİĞDE;BOR;ÇUKURKUYU - TÜRKMEN YURDU;2019 SOKAK;sokak;324552060
NİĞDE;BOR;ÇUKURKUYU - TÜRKMEN YURDU;2020 SOKAK;sokak;749369490
NİĞDE;BOR;ÇUKURKUYU - TÜRKMEN YURDU;2021 SOKAK;sokak;273366840
NİĞDE;BOR;ÇUKURKUYU - TÜRKMEN YURDU;2022 SOKAK;sokak;134798110
NİĞDE;BOR;ÇUKURKUYU - TÜRKMEN YURDU;2023 SOKAK;sokak;149006900
NİĞDE;BOR;ÇUKURKUYU - TÜRKMEN YURDU;2024 SOKAK;sokak;671105770
NİĞDE;BOR;ÇUKURKUYU - TÜRKMEN YURDU;2025 SOKAK;sokak;262743650
NİĞDE;BOR;ÇUKURKUYU - TÜRKMEN YURDU;2026 SOKAK;sokak;101635170
NİĞDE;BOR;ÇUKURKUYU - TÜRKMEN YURDU;2027 SOKAK;sokak;771553150
NİĞDE;BOR;ÇUKURKUYU - TÜRKMEN YURDU;2028 SOKAK;sokak;290292460
NİĞDE;BOR;ÇUKURKUYU - TÜRKMEN YURDU;2029 SOKAK;sokak;473077
NİĞDE;BOR;ÇUKURKUYU - TÜRKMEN YURDU;AKASYA SOKAK;sokak;481022
NİĞDE;BOR;ÇUKURKUYU - TÜRKMEN YURDU;ATATÜRK MEYDAN;sokak;999826
NİĞDE;BOR;ÇUKURKUYU - TÜRKMEN YURDU;BAYAT KÜME EVLER;sokak;436886050
NİĞDE;BOR;ÇUKURKUYU - TÜRKMEN YURDU;BEKDEŞÖRENİ SOKAK;sokak;475487
NİĞDE;BOR;ÇUKURKUYU - TÜRKMEN YURDU;ÇALLIBOĞAZ SOKAK;sokak;483298
NİĞDE;BOR;ÇUKURKUYU - TÜRKMEN YURDU;ÇAM SOKAK;sokak;485991
NİĞDE;BOR;ÇUKURKUYU - TÜRKMEN YURDU;ÇEVRE YOLU SOKAK;sokak;1513635
NİĞDE;BOR;ÇUKURKUYU - TÜRKMEN YURDU;ÇİÇEKLİBELİ SOKAK;sokak;23317
NİĞDE;BOR;ÇUKURKUYU - TÜRKMEN YURDU;ÇİFTÇİBELİ CADDE;cadde;475801
NİĞDE;BOR;ÇUKURKUYU - TÜRKMEN YURDU;ÇİĞDEM SOKAK;sokak;21835
NİĞDE;BOR;ÇUKURKUYU - TÜRKMEN YURDU;ÇİLEK SOKAK;sokak;483300
NİĞDE;BOR;ÇUKURKUYU - TÜRKMEN YURDU;DİKENLİ TEPE KÜME EVLER;sokak;485379
NİĞDE;BOR;ÇUKURKUYU - TÜRKMEN YURDU;GELİNCİK SOKAK;sokak;22699
NİĞDE;BOR;ÇUKURKUYU - TÜRKMEN YURDU;GÖÇTEPESİ KÜME EVLER;sokak;1055147
NİĞDE;BOR;ÇUKURKUYU - TÜRKMEN YURDU;GÜDÜK ÖZ KÜME EVLER;sokak;917255
NİĞDE;BOR;ÇUKURKUYU - TÜRKMEN YURDU;GÜL SOKAK;sokak;114692
NİĞDE;BOR;ÇUKURKUYU - TÜRKMEN YURDU;HARIM KÜME EVLER;sokak;978189
NİĞDE;BOR;ÇUKURKUYU - TÜRKMEN YURDU;HÜRRİYET SOKAK;sokak;485081
NİĞDE;BOR;ÇUKURKUYU - TÜRKMEN YURDU;HÜSEYİN AĞILI KÜME EVLER;sokak;485361
NİĞDE;BOR;ÇUKURKUYU - TÜRKMEN YURDU;İNİNÜSTÜ KÜME EVLER;sokak;485362
NİĞDE;BOR;ÇUKURKUYU - TÜRKMEN YURDU;İSTİKLAL CADDE;cadde;485990
NİĞDE;BOR;ÇUKURKUYU - TÜRKMEN YURDU;KARAMUSA YAYLASI KÜME EVLER;sokak;485343
NİĞDE;BOR;ÇUKURKUYU - TÜRKMEN YURDU;KARANFİL SOKAK;sokak;477239
NİĞDE;BOR;ÇUKURKUYU - TÜRKMEN YURDU;KARDELEN SOKAK;sokak;485070
NİĞDE;BOR;ÇUKURKUYU - TÜRKMEN YURDU;KAZANKAKI SOKAK;sokak;475798
NİĞDE;BOR;ÇUKURKUYU - TÜRKMEN YURDU;KIZILKAŞ KÜME EVLER;sokak;485364
NİĞDE;BOR;ÇUKURKUYU - TÜRKMEN YURDU;KİRAZ SOKAK;sokak;485078
NİĞDE;BOR;ÇUKURKUYU - TÜRKMEN YURDU;KULE KÜME EVLER;sokak;480466
NİĞDE;BOR;ÇUKURKUYU - TÜRKMEN YURDU;KUMRU SOKAK;sokak;472587
NİĞDE;BOR;ÇUKURKUYU - TÜRKMEN YURDU;LALE SOKAK;sokak;479716
NİĞDE;BOR;ÇUKURKUYU - TÜRKMEN YURDU;MAĞSAN CADDE;cadde;476731
NİĞDE;BOR;ÇUKURKUYU - TÜRKMEN YURDU;MAZI SOKAK;sokak;481018
NİĞDE;BOR;ÇUKURKUYU - TÜRKMEN YURDU;MENEKŞE SOKAK;sokak;485142
NİĞDE;BOR;ÇUKURKUYU - TÜRKMEN YURDU;NERGİZ SOKAK;sokak;477604
NİĞDE;BOR;ÇUKURKUYU - TÜRKMEN YURDU;OKUL SOKAK;sokak;475951
NİĞDE;BOR;ÇUKURKUYU - TÜRKMEN YURDU;PAPATYA SOKAK;sokak;37096
NİĞDE;BOR;ÇUKURKUYU - TÜRKMEN YURDU;PÜREN SOKAK;sokak;485500
NİĞDE;BOR;ÇUKURKUYU - TÜRKMEN YURDU;SARDUNYA SOKAK;sokak;987356
NİĞDE;BOR;ÇUKURKUYU - TÜRKMEN YURDU;SEYMEN SOKAK;sokak;485091
NİĞDE;BOR;ÇUKURKUYU - TÜRKMEN YURDU;SÖĞÜT SOKAK;sokak;481024
NİĞDE;BOR;ÇUKURKUYU - TÜRKMEN YURDU;SÜMBÜL SOKAK;sokak;478634
NİĞDE;BOR;ÇUKURKUYU - TÜRKMEN YURDU;ŞEHİT ABDULLAH İLTİR CADDE;cadde;117258
NİĞDE;BOR;ÇUKURKUYU - TÜRKMEN YURDU;ŞEHİT ARİF MELEKOĞLU CADDE;cadde;473078
NİĞDE;BOR;ÇUKURKUYU - TÜRKMEN YURDU;ŞEHİT BEKİR GÖK SOKAK;sokak;480292
NİĞDE;BOR;ÇUKURKUYU - TÜRKMEN YURDU;ŞEHİT DURMUŞ KUMARCI CADDE;cadde;481977
NİĞDE;BOR;ÇUKURKUYU - TÜRKMEN YURDU;ŞEHİT ERDAL SONGUR CADDE;cadde;485946
NİĞDE;BOR;ÇUKURKUYU - TÜRKMEN YURDU;ŞEHİT ERDİL DURUKAN CADDE;cadde;366821
NİĞDE;BOR;ÇUKURKUYU - TÜRKMEN YURDU;ŞEHİT ETHEM TURGUT CADDE;cadde;22705
NİĞDE;BOR;ÇUKURKUYU - TÜRKMEN YURDU;ŞEHİT GAMBER KULA SOKAK;sokak;473455
NİĞDE;BOR;ÇUKURKUYU - TÜRKMEN YURDU;ŞEHİT HACI ALİ KUMARCI CADDE;cadde;481983
NİĞDE;BOR;ÇUKURKUYU - TÜRKMEN YURDU;ŞEHİT HACI EMİN KULA SOKAK;sokak;477321
NİĞDE;BOR;ÇUKURKUYU - TÜRKMEN YURDU;ŞEHİT HASAN SOYHAN CADDE;cadde;473100
NİĞDE;BOR;ÇUKURKUYU - TÜRKMEN YURDU;ŞEHİT HAYDAR DURUKAN CADDE;cadde;477674
NİĞDE;BOR;ÇUKURKUYU - TÜRKMEN YURDU;ŞEHİT İBRAHİM ERŞAN CADDE;cadde;999830
NİĞDE;BOR;ÇUKURKUYU - TÜRKMEN YURDU;ŞEHİT İSMAİL ÖZKAN CADDE;cadde;117253
NİĞDE;BOR;ÇUKURKUYU - TÜRKMEN YURDU;ŞEHİT MAHİR TÜFEKÇİ CADDE;cadde;479712
NİĞDE;BOR;ÇUKURKUYU - TÜRKMEN YURDU;ŞEHİT MAHMUT TURGUT SOKAK;sokak;485140
NİĞDE;BOR;ÇUKURKUYU - TÜRKMEN YURDU;ŞEHİT MEHMET KUMARCI CADDE;cadde;485986
NİĞDE;BOR;ÇUKURKUYU - TÜRKMEN YURDU;ŞEHİT MUSTAFA BİLDİK CADDE;cadde;480283
NİĞDE;BOR;ÇUKURKUYU - TÜRKMEN YURDU;ŞEHİT ÖMER HALİSDEMİR BULVAR;sokak;473115
NİĞDE;BOR;ÇUKURKUYU - TÜRKMEN YURDU;TAMAŞALIK KÜME EVLER;sokak;1512353
NİĞDE;BOR;ÇUKURKUYU - TÜRKMEN YURDU;TÜTÜNAĞILI KÜME EVLER;sokak;1108802
NİĞDE;BOR;ÇUKURKUYU - TÜRKMEN YURDU;VERİM TOHUM KÜME EVLER;sokak;482212
NİĞDE;BOR;ÇUKURKUYU - TÜRKMEN YURDU;YARIKTEPE SOKAK;sokak;485952
NİĞDE;BOR;ÇUKURKUYU - TÜRKMEN YURDU;YASEMİN SOKAK;sokak;485979
NİĞDE;BOR;ÇUKURKUYU - TÜRKMEN YURDU;YERHAN KÜME EVLER;sokak;485352
NİĞDE;BOR;EMEN NA;EMEN KÜME EVLER;sokak;36929
NİĞDE;BOR;FATİH;107 SOKAK;sokak;488471
NİĞDE;BOR;FATİH;108 SOKAK;sokak;479975
NİĞDE;BOR;FATİH;109 SOKAK;sokak;485621
NİĞDE;BOR;FATİH;110 SOKAK;sokak;483536
NİĞDE;BOR;FATİH;111 SOKAK;sokak;479940
NİĞDE;BOR;FATİH;112 SOKAK;sokak;485596
NİĞDE;BOR;FATİH;113 SOKAK;sokak;481768
NİĞDE;BOR;FATİH;114 SOKAK;sokak;481801
NİĞDE;BOR;FATİH;115 SOKAK;sokak;484879
NİĞDE;BOR;FATİH;116 SOKAK;sokak;485645
NİĞDE;BOR;FATİH;122 SOKAK;sokak;485677
NİĞDE;BOR;FATİH;123 SOKAK;sokak;485676
NİĞDE;BOR;FATİH;124 SOKAK;sokak;482134
NİĞDE;BOR;FATİH;125 SOKAK;sokak;485675
NİĞDE;BOR;FATİH;126 SOKAK;sokak;485661
NİĞDE;BOR;FATİH;127 SOKAK;sokak;485658
NİĞDE;BOR;FATİH;128 SOKAK;sokak;490654
NİĞDE;BOR;FATİH;129 SOKAK;sokak;485672
NİĞDE;BOR;FATİH;131 SOKAK;sokak;482129
NİĞDE;BOR;FATİH;132 SOKAK;sokak;485667
NİĞDE;BOR;FATİH;60. SOKAK;sokak;473917
NİĞDE;BOR;FATİH;61. SOKAK;sokak;484554
NİĞDE;BOR;FATİH;62 SOKAK;sokak;348198
NİĞDE;BOR;FATİH;63 SOKAK;sokak;110128
NİĞDE;BOR;FATİH;64 SOKAK;sokak;473918
NİĞDE;BOR;FATİH;65. SOKAK;sokak;482786
NİĞDE;BOR;FATİH;66. SOKAK;sokak;485874
NİĞDE;BOR;FATİH;67 SOKAK;sokak;479466
NİĞDE;BOR;FATİH;68. SOKAK;sokak;348172
NİĞDE;BOR;FATİH;69. SOKAK;sokak;485467
NİĞDE;BOR;FATİH;70 SOKAK;sokak;110163
NİĞDE;BOR;FATİH;71. SOKAK;sokak;484579
NİĞDE;BOR;FATİH;72 SOKAK;sokak;110165
NİĞDE;BOR;FATİH;73 SOKAK;sokak;473029
NİĞDE;BOR;FATİH;74 SOKAK;sokak;110161
NİĞDE;BOR;FATİH;75 SOKAK;sokak;110160
NİĞDE;BOR;FATİH;76. SOKAK;sokak;481602
NİĞDE;BOR;FATİH;77. SOKAK;sokak;474633
NİĞDE;BOR;FATİH;78. SOKAK;sokak;484569
NİĞDE;BOR;FATİH;79. SOKAK;sokak;348153
NİĞDE;BOR;FATİH;80. SOKAK;sokak;482858
NİĞDE;BOR;FATİH;81 SOKAK;sokak;37204
NİĞDE;BOR;FATİH;82. SOKAK;sokak;27304
NİĞDE;BOR;FATİH;83 SOKAK;sokak;482848
NİĞDE;BOR;FATİH;84 SOKAK;sokak;488940
NİĞDE;BOR;FATİH;85 SOKAK;sokak;370341
NİĞDE;BOR;FATİH;86 SOKAK;sokak;28969
NİĞDE;BOR;FATİH;87 SOKAK;sokak;488944
NİĞDE;BOR;FATİH;88 SOKAK;sokak;473025
NİĞDE;BOR;FATİH;89 SOKAK;sokak;30951
NİĞDE;BOR;FATİH;90 SOKAK;sokak;29006
NİĞDE;BOR;FATİH;91 SOKAK;sokak;466016
NİĞDE;BOR;FATİH;ATATÜRK BULVAR;sokak;478467
NİĞDE;BOR;FATİH;ÇELİK SOKAK;sokak;483945
NİĞDE;BOR;FATİH;DOKUZLAR SOKAK;sokak;91699
NİĞDE;BOR;FATİH;GAZİ SOKAK;sokak;490696
NİĞDE;BOR;FATİH;GÖÇER SOKAK;sokak;485638
NİĞDE;BOR;FATİH;GÜL SOKAK;sokak;603443
NİĞDE;BOR;FATİH;GÜVEN SOKAK;sokak;370723
NİĞDE;BOR;FATİH;HUZUREVİ SOKAK;sokak;37205
NİĞDE;BOR;FATİH;HÜRRİYET CADDE;cadde;480438
NİĞDE;BOR;FATİH;KAŞIKÇI SOKAK;sokak;484928
NİĞDE;BOR;FATİH;KIRDEĞİRMENİ SOKAK;sokak;466024
NİĞDE;BOR;FATİH;KUZUGEÇİTİ SOKAK;sokak;479759
NİĞDE;BOR;FATİH;NİZAMİYE SOKAK;sokak;37206
NİĞDE;BOR;FATİH;OFİS SOKAK;sokak;609141
NİĞDE;BOR;FATİH;OĞUZLAR SOKAK;sokak;91701
NİĞDE;BOR;FATİH;ORG.SUAT AKTOLGA CADDE;cadde;473908
NİĞDE;BOR;FATİH;ÖZBEK SOKAK;sokak;488947
NİĞDE;BOR;FATİH;RAHMİ KARATAY CADDE;cadde;483821
NİĞDE;BOR;FATİH;SAĞLIK OCAĞI CADDE;cadde;483226
NİĞDE;BOR;FATİH;SİNANDI KÜME EVLER;sokak;604035
NİĞDE;BOR;FATİH;SİPAHİZADE SOKAK;sokak;627268
NİĞDE;BOR;FATİH;ŞAİR SOKAK;sokak;613430
NİĞDE;BOR;FATİH;ŞEHİT BURHAN GÜNKAN CADDE;cadde;479465
NİĞDE;BOR;FATİH;ŞEHİT HALİL İBRAHİM KORKMAZ SOKAK;sokak;91423962
NİĞDE;BOR;FATİH;TOKER SOKAK;sokak;370623
NİĞDE;BOR;FATİH;TRAFO CADDE;cadde;610858
NİĞDE;BOR;FATİH;UYGUR SOKAK;sokak;486081
NİĞDE;BOR;FATİH;YEDİODALAR KÜME EVLER;sokak;829342
NİĞDE;BOR;FATİH;YEŞİLEVLER SOKAK;sokak;482170
NİĞDE;BOR;FATİH;YÜKSEKOKULLAR CADDE;cadde;479462
NİĞDE;BOR;GÖKBEZ NA;GÖKBEZ KÜME EVLER;sokak;481940
NİĞDE;BOR;GÖKBEZ NA;KEMERHISAR POZANTI OTOYOLU BULVAR;sokak;108011160
NİĞDE;BOR;HALAÇ NA;HALAÇ KÜME EVLER;sokak;483168
NİĞDE;BOR;HALAÇ NA;KARAMAHMUTLU KÜME EVLER;sokak;303463081
NİĞDE;BOR;HAVUZLU NA;HAVUZLU KÜME EVLER;sokak;478101
NİĞDE;BOR;HAVUZLU NA;KEMERHISAR 1 ÇIKIŞI-K13 BULVAR;sokak;242088290
NİĞDE;BOR;HAVUZLU NA;KEMERHISAR 1 GIRIŞI-K13 BULVAR;sokak;142517710
NİĞDE;BOR;HAVUZLU NA;KEMERHISAR KAVŞAĞI BULVAR;sokak;547206770
NİĞDE;BOR;HAVUZLU NA;KEMERHISAR POZANTI OTOYOLU BULVAR;sokak;125126790
NİĞDE;BOR;HAVUZLU NA;NIĞDE GÜNEY OTOYOLU BULVAR;sokak;183057890
NİĞDE;BOR;İFTİYAN;319 SOKAK;sokak;485954
NİĞDE;BOR;İFTİYAN;320 SOKAK;sokak;485957
NİĞDE;BOR;İFTİYAN;321 SOKAK;sokak;605546
NİĞDE;BOR;İFTİYAN;322 SOKAK;sokak;485960
NİĞDE;BOR;İFTİYAN;323 SOKAK;sokak;484958
NİĞDE;BOR;İFTİYAN;324 SOKAK;sokak;484960
NİĞDE;BOR;İFTİYAN;325 SOKAK;sokak;473830
NİĞDE;BOR;İFTİYAN;326 SOKAK;sokak;485951
NİĞDE;BOR;İFTİYAN;327 SOKAK;sokak;485947
NİĞDE;BOR;İFTİYAN;328 SOKAK;sokak;485494
NİĞDE;BOR;İFTİYAN;329 SOKAK;sokak;485491
NİĞDE;BOR;İFTİYAN;330 SOKAK;sokak;475872
NİĞDE;BOR;İFTİYAN;331 SOKAK;sokak;607675
NİĞDE;BOR;İFTİYAN;332 SOKAK;sokak;483294
NİĞDE;BOR;İFTİYAN;333 SOKAK;sokak;474390
NİĞDE;BOR;İFTİYAN;334 SOKAK;sokak;605547
NİĞDE;BOR;İFTİYAN;335 SOKAK;sokak;605548
NİĞDE;BOR;İFTİYAN;336 SOKAK;sokak;483297
NİĞDE;BOR;İFTİYAN;337 SOKAK;sokak;366853
NİĞDE;BOR;İFTİYAN;338 SOKAK;sokak;605549
NİĞDE;BOR;İFTİYAN;339 SOKAK;sokak;484701
NİĞDE;BOR;İFTİYAN;340 SOKAK;sokak;475879
NİĞDE;BOR;İFTİYAN;341 SOKAK;sokak;473835
NİĞDE;BOR;İFTİYAN;342 SOKAK;sokak;475886
NİĞDE;BOR;İFTİYAN;343 SOKAK;sokak;473365
NİĞDE;BOR;İFTİYAN;344 SOKAK;sokak;481484
NİĞDE;BOR;İFTİYAN;345 SOKAK;sokak;605550
NİĞDE;BOR;İFTİYAN;346 SOKAK;sokak;607677
NİĞDE;BOR;İFTİYAN;347 SOKAK;sokak;33323
NİĞDE;BOR;İFTİYAN;348 SOKAK;sokak;605551
NİĞDE;BOR;İFTİYAN;349 SOKAK;sokak;602593
NİĞDE;BOR;İFTİYAN;350 SOKAK;sokak;602594
NİĞDE;BOR;İFTİYAN;351 SOKAK;sokak;474237
NİĞDE;BOR;İFTİYAN;352 SOKAK;sokak;602595
NİĞDE;BOR;İFTİYAN;353 SOKAK;sokak;484944
NİĞDE;BOR;İFTİYAN;354 SOKAK;sokak;607680
NİĞDE;BOR;İFTİYAN;355 SOKAK;sokak;607681
NİĞDE;BOR;İFTİYAN;356 SOKAK;sokak;483805
NİĞDE;BOR;İFTİYAN;357 SOKAK;sokak;479359
NİĞDE;BOR;İFTİYAN;358 SOKAK;sokak;481486
NİĞDE;BOR;İFTİYAN;359 SOKAK;sokak;484947
NİĞDE;BOR;İFTİYAN;360 SOKAK;sokak;607682
NİĞDE;BOR;İFTİYAN;361 SOKAK;sokak;484149
NİĞDE;BOR;İFTİYAN;362 SOKAK;sokak;484152
NİĞDE;BOR;İFTİYAN;363 SOKAK;sokak;605552
NİĞDE;BOR;İFTİYAN;364 SOKAK;sokak;33301
NİĞDE;BOR;İFTİYAN;365 SOKAK;sokak;22726
NİĞDE;BOR;İFTİYAN;366 SOKAK;sokak;33299
NİĞDE;BOR;İFTİYAN;367 SOKAK;sokak;607683
NİĞDE;BOR;İFTİYAN;368 SOKAK;sokak;607684
NİĞDE;BOR;İFTİYAN;369 SOKAK;sokak;22647
NİĞDE;BOR;İFTİYAN;370 SOKAK;sokak;473828
NİĞDE;BOR;İFTİYAN;371 SOKAK;sokak;473826
NİĞDE;BOR;İFTİYAN;372 SOKAK;sokak;484949
NİĞDE;BOR;İFTİYAN;373 SOKAK;sokak;33296
NİĞDE;BOR;İFTİYAN;374 SOKAK;sokak;605554
NİĞDE;BOR;İFTİYAN;375 SOKAK;sokak;33295
NİĞDE;BOR;İFTİYAN;376 SOKAK;sokak;485962
NİĞDE;BOR;İFTİYAN;377 SOKAK;sokak;605555
NİĞDE;BOR;İFTİYAN;378 SOKAK;sokak;607685
NİĞDE;BOR;İFTİYAN;379 SOKAK;sokak;479645
NİĞDE;BOR;İFTİYAN;ASKERİ FABRİKA CADDE;cadde;480270
NİĞDE;BOR;İFTİYAN;İFTİYAN KÜME EVLER;sokak;484154
NİĞDE;BOR;İFTİYAN;ŞEKEREVLERİ CADDE;cadde;482738
NİĞDE;BOR;İFTİYAN;TRAFO CADDE;cadde;484697
NİĞDE;BOR;KARACAÖREN NA;KARACAÖREN KÜME EVLER;sokak;476437
NİĞDE;BOR;KARAMAHMUTLU NA;HALAÇ KÜME EVLER;sokak;196794480
NİĞDE;BOR;KARAMAHMUTLU NA;KARAMAHMUTLU KÜME EVLER;sokak;479066
NİĞDE;BOR;KARAMAHMUTLU NA;NIĞDE GÜNEY OTOYOLU BULVAR;sokak;284097870
NİĞDE;BOR;KARANLIKDERE - CUMHURİYET;ALTUNHISAR BOR YOLU BULVAR;sokak;694751270
NİĞDE;BOR;KARANLIKDERE - CUMHURİYET;ALTUNTAŞ SOKAK;sokak;366860
NİĞDE;BOR;KARANLIKDERE - CUMHURİYET;ASMALI SOKAK;sokak;21878
NİĞDE;BOR;KARANLIKDERE - CUMHURİYET;ATATÜRK SOKAK;sokak;366861
NİĞDE;BOR;KARANLIKDERE - CUMHURİYET;ATATÜRK/1 SOKAK;sokak;599505190
NİĞDE;BOR;KARANLIKDERE - CUMHURİYET;BAĞLAR SOKAK;sokak;354598
NİĞDE;BOR;KARANLIKDERE - CUMHURİYET;BAHÇE ÇIKMAZI SOKAK;sokak;21879
NİĞDE;BOR;KARANLIKDERE - CUMHURİYET;BOLAT ÇIKMAZI SOKAK;sokak;479575
NİĞDE;BOR;KARANLIKDERE - CUMHURİYET;CAMİ SOKAK;sokak;21880
NİĞDE;BOR;KARANLIKDERE - CUMHURİYET;CUMHURİYET SOKAK;sokak;366862
NİĞDE;BOR;KARANLIKDERE - CUMHURİYET;ÇAKIT ÇIKMAZI SOKAK;sokak;21872
NİĞDE;BOR;KARANLIKDERE - CUMHURİYET;ÇAVUŞ SOKAK;sokak;21873
NİĞDE;BOR;KARANLIKDERE - CUMHURİYET;ÇEŞME SOKAK;sokak;21874
NİĞDE;BOR;KARANLIKDERE - CUMHURİYET;ÇIĞLI SOKAK;sokak;21875
NİĞDE;BOR;KARANLIKDERE - CUMHURİYET;DEVELİ SOKAK;sokak;21881
NİĞDE;BOR;KARANLIKDERE - CUMHURİYET;DİK SOKAK;sokak;21882
NİĞDE;BOR;KARANLIKDERE - CUMHURİYET;EFENDİ SOKAK;sokak;403187
NİĞDE;BOR;KARANLIKDERE - CUMHURİYET;ESKİ KIŞLA SOKAK;sokak;21883
NİĞDE;BOR;KARANLIKDERE - CUMHURİYET;GAZİ SOKAK;sokak;366863
NİĞDE;BOR;KARANLIKDERE - CUMHURİYET;GAZİ/1 SOKAK;sokak;249725070
NİĞDE;BOR;KARANLIKDERE - CUMHURİYET;GAZİPLER ÇIKMAZI SOKAK;sokak;21884
NİĞDE;BOR;KARANLIKDERE - CUMHURİYET;GEDİK SOKAK;sokak;21885
NİĞDE;BOR;KARANLIKDERE - CUMHURİYET;GÖĞ SOKAK;sokak;21871
NİĞDE;BOR;KARANLIKDERE - CUMHURİYET;GÜNEŞ SOKAK;sokak;21886
NİĞDE;BOR;KARANLIKDERE - CUMHURİYET;GÜNEY SOKAK;sokak;366864
NİĞDE;BOR;KARANLIKDERE - CUMHURİYET;HACI AHMET KILIÇ SOKAK;sokak;28980
NİĞDE;BOR;KARANLIKDERE - CUMHURİYET;HACI BEKİR SOKAK;sokak;21887
NİĞDE;BOR;KARANLIKDERE - CUMHURİYET;HACI BEKİR/1 SOKAK;sokak;835636270
NİĞDE;BOR;KARANLIKDERE - CUMHURİYET;HACI MEHMET SOKAK;sokak;485987
NİĞDE;BOR;KARANLIKDERE - CUMHURİYET;HARIM SOKAK;sokak;338551
NİĞDE;BOR;KARANLIKDERE - CUMHURİYET;HARIM/1 SOKAK;sokak;257996510
NİĞDE;BOR;KARANLIKDERE - CUMHURİYET;HARIM/2 SOKAK;sokak;619072340
NİĞDE;BOR;KARANLIKDERE - CUMHURİYET;HARIM/3 SOKAK;sokak;446216620
NİĞDE;BOR;KARANLIKDERE - CUMHURİYET;HARIM/4 SOKAK;sokak;363943020
NİĞDE;BOR;KARANLIKDERE - CUMHURİYET;HARIM/5 SOKAK;sokak;380329180
NİĞDE;BOR;KARANLIKDERE - CUMHURİYET;HARIM/6 SOKAK;sokak;163293280
NİĞDE;BOR;KARANLIKDERE - CUMHURİYET;HARIM/8 SOKAK;sokak;600988520
NİĞDE;BOR;KARANLIKDERE - CUMHURİYET;HARMAN SOKAK;sokak;21888
NİĞDE;BOR;KARANLIKDERE - CUMHURİYET;HARMAN/2 SOKAK;sokak;681386760
NİĞDE;BOR;KARANLIKDERE - CUMHURİYET;HARMAN/3 SOKAK;sokak;111229910
NİĞDE;BOR;KARANLIKDERE - CUMHURİYET;HARMAN/4 SOKAK;sokak;495755330
NİĞDE;BOR;KARANLIKDERE - CUMHURİYET;HARMAN/5 SOKAK;sokak;693872070
NİĞDE;BOR;KARANLIKDERE - CUMHURİYET;HARMAN/6 SOKAK;sokak;215779520
NİĞDE;BOR;KARANLIKDERE - CUMHURİYET;HARMAN/7 SOKAK;sokak;763679450
NİĞDE;BOR;KARANLIKDERE - CUMHURİYET;KAYA ÇIKMAZI SOKAK;sokak;21891
NİĞDE;BOR;KARANLIKDERE - CUMHURİYET;KAYA SOKAK;sokak;21890
NİĞDE;BOR;KARANLIKDERE - CUMHURİYET;KAYAÖNÜ SOKAK;sokak;366866
NİĞDE;BOR;KARANLIKDERE - CUMHURİYET;KÖRÜCÜ SOKAK;sokak;486001
NİĞDE;BOR;KARANLIKDERE - CUMHURİYET;KUTLUCAK SOKAK;sokak;480658
NİĞDE;BOR;KARANLIKDERE - CUMHURİYET;KUTLUCAK/2 SOKAK;sokak;971001010
NİĞDE;BOR;KARANLIKDERE - CUMHURİYET;KUTLUCAK/3 SOKAK;sokak;148718750
NİĞDE;BOR;KARANLIKDERE - CUMHURİYET;PINAR SOKAK;sokak;21892
NİĞDE;BOR;KARANLIKDERE - CUMHURİYET;SEKİKIRAĞI SOKAK;sokak;21893
NİĞDE;BOR;KARANLIKDERE - CUMHURİYET;SUCUU SOKAK;sokak;483982
NİĞDE;BOR;KARANLIKDERE - CUMHURİYET;USTNKAYI SOKAK;sokak;21876
NİĞDE;BOR;KARANLIKDERE - CUMHURİYET;YAKA SOKAK;sokak;22753
NİĞDE;BOR;KARANLIKDERE - CUMHURİYET;YENİ KIŞLA SOKAK;sokak;23072
NİĞDE;BOR;KARANLIKDERE - CUMHURİYET;YENİ KIŞLA/1 SOKAK;sokak;157346270
NİĞDE;BOR;KARANLIKDERE - CUMHURİYET;YENİ KIŞLA/10 SOKAK;sokak;483120110
NİĞDE;BOR;KARANLIKDERE - CUMHURİYET;YENİ KIŞLA/101 SOKAK;sokak;119702330
NİĞDE;BOR;KARANLIKDERE - CUMHURİYET;YENİ KIŞLA/11 SOKAK;sokak;396094410
NİĞDE;BOR;KARANLIKDERE - CUMHURİYET;YENİ KIŞLA/111 SOKAK;sokak;167787970
NİĞDE;BOR;KARANLIKDERE - CUMHURİYET;YENİ KIŞLA/13 SOKAK;sokak;351269450
NİĞDE;BOR;KARANLIKDERE - CUMHURİYET;YENİ KIŞLA/2 SOKAK;sokak;515431060
NİĞDE;BOR;KARANLIKDERE - CUMHURİYET;YENİ KIŞLA/3 SOKAK;sokak;317457890
NİĞDE;BOR;KARANLIKDERE - CUMHURİYET;YENİ KIŞLA/4 SOKAK;sokak;169692220
NİĞDE;BOR;KARANLIKDERE - CUMHURİYET;YENİ KIŞLA/5 SOKAK;sokak;106195590
NİĞDE;BOR;KARANLIKDERE - CUMHURİYET;YENİ KIŞLA/6 SOKAK;sokak;167199990
NİĞDE;BOR;KARANLIKDERE - CUMHURİYET;YENİ KIŞLA/7 SOKAK;sokak;818288810
NİĞDE;BOR;KARANLIKDERE - CUMHURİYET;YENİ KIŞLA/8 SOKAK;sokak;466608580
NİĞDE;BOR;KARANLIKDERE - CUMHURİYET;YENİ KIŞLA/9 SOKAK;sokak;107751460
NİĞDE;BOR;KARANLIKDERE - CUMHURİYET;YEŞİLDERE SOKAK;sokak;21870
NİĞDE;BOR;KARANLIKDERE - CUMHURİYET;YEŞİLYURT SOKAK;sokak;37212
NİĞDE;BOR;KARANLIKDERE - CUMHURİYET;YEŞİLYURT/1 SOKAK;sokak;100109240
NİĞDE;BOR;KARANLIKDERE - CUMHURİYET;YEŞİLYURT/10 SOKAK;sokak;240092430
NİĞDE;BOR;KARANLIKDERE - CUMHURİYET;YEŞİLYURT/11 SOKAK;sokak;227009910
NİĞDE;BOR;KARANLIKDERE - CUMHURİYET;YEŞİLYURT/12 SOKAK;sokak;319471040
NİĞDE;BOR;KARANLIKDERE - CUMHURİYET;YEŞİLYURT/13 SOKAK;sokak;238645070
NİĞDE;BOR;KARANLIKDERE - CUMHURİYET;YEŞİLYURT/14 SOKAK;sokak;136201820
NİĞDE;BOR;KARANLIKDERE - CUMHURİYET;YEŞİLYURT/15 SOKAK;sokak;175384970
NİĞDE;BOR;KARANLIKDERE - CUMHURİYET;YEŞİLYURT/16 SOKAK;sokak;238368440
NİĞDE;BOR;KARANLIKDERE - CUMHURİYET;YEŞİLYURT/17 SOKAK;sokak;165486380
NİĞDE;BOR;KARANLIKDERE - CUMHURİYET;YEŞİLYURT/18 SOKAK;sokak;136040950
NİĞDE;BOR;KARANLIKDERE - CUMHURİYET;YEŞİLYURT/19 SOKAK;sokak;246957280
NİĞDE;BOR;KARANLIKDERE - CUMHURİYET;YEŞİLYURT/2 SOKAK;sokak;107834960
NİĞDE;BOR;KARANLIKDERE - CUMHURİYET;YEŞİLYURT/20 SOKAK;sokak;100943570
NİĞDE;BOR;KARANLIKDERE - CUMHURİYET;YEŞİLYURT/21 SOKAK;sokak;331003060
NİĞDE;BOR;KARANLIKDERE - CUMHURİYET;YEŞİLYURT/22 SOKAK;sokak;779885900
NİĞDE;BOR;KARANLIKDERE - CUMHURİYET;YEŞİLYURT/23 SOKAK;sokak;423524430
NİĞDE;BOR;KARANLIKDERE - CUMHURİYET;YEŞİLYURT/24 SOKAK;sokak;274917600
NİĞDE;BOR;KARANLIKDERE - CUMHURİYET;YEŞİLYURT/25 SOKAK;sokak;251530320
NİĞDE;BOR;KARANLIKDERE - CUMHURİYET;YEŞİLYURT/26 SOKAK;sokak;547396510
NİĞDE;BOR;KARANLIKDERE - CUMHURİYET;YEŞİLYURT/27 SOKAK;sokak;106452650
NİĞDE;BOR;KARANLIKDERE - CUMHURİYET;YEŞİLYURT/28 SOKAK;sokak;317582380
NİĞDE;BOR;KARANLIKDERE - CUMHURİYET;YEŞİLYURT/29 SOKAK;sokak;524072020
NİĞDE;BOR;KARANLIKDERE - CUMHURİYET;YEŞİLYURT/3 SOKAK;sokak;139246590
NİĞDE;BOR;KARANLIKDERE - CUMHURİYET;YEŞİLYURT/30 SOKAK;sokak;946222480
NİĞDE;BOR;KARANLIKDERE - CUMHURİYET;YEŞİLYURT/31 SOKAK;sokak;410344140
NİĞDE;BOR;KARANLIKDERE - CUMHURİYET;YEŞİLYURT/32 SOKAK;sokak;686301850
NİĞDE;BOR;KARANLIKDERE - CUMHURİYET;YEŞİLYURT/33 SOKAK;sokak;659649000
NİĞDE;BOR;KARANLIKDERE - CUMHURİYET;YEŞİLYURT/34 SOKAK;sokak;215180060
NİĞDE;BOR;KARANLIKDERE - CUMHURİYET;YEŞİLYURT/35 SOKAK;sokak;385915090
NİĞDE;BOR;KARANLIKDERE - CUMHURİYET;YEŞİLYURT/36 SOKAK;sokak;175597250
NİĞDE;BOR;KARANLIKDERE - CUMHURİYET;YEŞİLYURT/37 SOKAK;sokak;368453600
NİĞDE;BOR;KARANLIKDERE - CUMHURİYET;YEŞİLYURT/38 SOKAK;sokak;146955300
NİĞDE;BOR;KARANLIKDERE - CUMHURİYET;YEŞİLYURT/39 SOKAK;sokak;615141210
NİĞDE;BOR;KARANLIKDERE - CUMHURİYET;YEŞİLYURT/4 SOKAK;sokak;147683520
NİĞDE;BOR;KARANLIKDERE - CUMHURİYET;YEŞİLYURT/40 SOKAK;sokak;798959910
NİĞDE;BOR;KARANLIKDERE - CUMHURİYET;YEŞİLYURT/41 SOKAK;sokak;745827190
NİĞDE;BOR;KARANLIKDERE - CUMHURİYET;YEŞİLYURT/42 SOKAK;sokak;625592320
NİĞDE;BOR;KARANLIKDERE - CUMHURİYET;YEŞİLYURT/43 SOKAK;sokak;608140190
NİĞDE;BOR;KARANLIKDERE - CUMHURİYET;YEŞİLYURT/44 SOKAK;sokak;911876170
NİĞDE;BOR;KARANLIKDERE - CUMHURİYET;YEŞİLYURT/45 SOKAK;sokak;699916100
NİĞDE;BOR;KARANLIKDERE - CUMHURİYET;YEŞİLYURT/46 SOKAK;sokak;258424850
NİĞDE;BOR;KARANLIKDERE - CUMHURİYET;YEŞİLYURT/47 SOKAK;sokak;913090880
NİĞDE;BOR;KARANLIKDERE - CUMHURİYET;YEŞİLYURT/48 SOKAK;sokak;905154610
NİĞDE;BOR;KARANLIKDERE - CUMHURİYET;YEŞİLYURT/49 SOKAK;sokak;114166410
NİĞDE;BOR;KARANLIKDERE - CUMHURİYET;YEŞİLYURT/5 SOKAK;sokak;402383540
NİĞDE;BOR;KARANLIKDERE - CUMHURİYET;YEŞİLYURT/50 SOKAK;sokak;340737180
NİĞDE;BOR;KARANLIKDERE - CUMHURİYET;YEŞİLYURT/51 SOKAK;sokak;374272000
NİĞDE;BOR;KARANLIKDERE - CUMHURİYET;YEŞİLYURT/52 SOKAK;sokak;700312570
NİĞDE;BOR;KARANLIKDERE - CUMHURİYET;YEŞİLYURT/53 SOKAK;sokak;901604410
NİĞDE;BOR;KARANLIKDERE - CUMHURİYET;YEŞİLYURT/54 SOKAK;sokak;811232670
NİĞDE;BOR;KARANLIKDERE - CUMHURİYET;YEŞİLYURT/55 SOKAK;sokak;409072890
NİĞDE;BOR;KARANLIKDERE - CUMHURİYET;YEŞİLYURT/551 SOKAK;sokak;504797730
NİĞDE;BOR;KARANLIKDERE - CUMHURİYET;YEŞİLYURT/56 SOKAK;sokak;398211780
NİĞDE;BOR;KARANLIKDERE - CUMHURİYET;YEŞİLYURT/57 SOKAK;sokak;335944660
NİĞDE;BOR;KARANLIKDERE - CUMHURİYET;YEŞİLYURT/58 SOKAK;sokak;518425400
NİĞDE;BOR;KARANLIKDERE - CUMHURİYET;YEŞİLYURT/59 SOKAK;sokak;502612540
NİĞDE;BOR;KARANLIKDERE - CUMHURİYET;YEŞİLYURT/6 SOKAK;sokak;161495440
NİĞDE;BOR;KARANLIKDERE - CUMHURİYET;YEŞİLYURT/60 SOKAK;sokak;110626190
NİĞDE;BOR;KARANLIKDERE - CUMHURİYET;YEŞİLYURT/61 SOKAK;sokak;144637980
NİĞDE;BOR;KARANLIKDERE - CUMHURİYET;YEŞİLYURT/62 SOKAK;sokak;450213180
NİĞDE;BOR;KARANLIKDERE - CUMHURİYET;YEŞİLYURT/63 SOKAK;sokak;169841480
NİĞDE;BOR;KARANLIKDERE - CUMHURİYET;YEŞİLYURT/631 SOKAK;sokak;751030770
NİĞDE;BOR;KARANLIKDERE - CUMHURİYET;YEŞİLYURT/64 SOKAK;sokak;196473200
NİĞDE;BOR;KARANLIKDERE - CUMHURİYET;YEŞİLYURT/65 SOKAK;sokak;526795450
NİĞDE;BOR;KARANLIKDERE - CUMHURİYET;YEŞİLYURT/66 SOKAK;sokak;546302800
NİĞDE;BOR;KARANLIKDERE - CUMHURİYET;YEŞİLYURT/7 SOKAK;sokak;221798730
NİĞDE;BOR;KARANLIKDERE - CUMHURİYET;YEŞİLYURT/70 SOKAK;sokak;639658670
NİĞDE;BOR;KARANLIKDERE - CUMHURİYET;YEŞİLYURT/71 SOKAK;sokak;817117720
NİĞDE;BOR;KARANLIKDERE - CUMHURİYET;YEŞİLYURT/72 SOKAK;sokak;495615250
NİĞDE;BOR;KARANLIKDERE - CUMHURİYET;YEŞİLYURT/73 SOKAK;sokak;199688250
NİĞDE;BOR;KARANLIKDERE - CUMHURİYET;YEŞİLYURT/74 SOKAK;sokak;382570360
NİĞDE;BOR;KARANLIKDERE - CUMHURİYET;YEŞİLYURT/75 SOKAK;sokak;791937280
NİĞDE;BOR;KARANLIKDERE - CUMHURİYET;YEŞİLYURT/76 SOKAK;sokak;353270970
NİĞDE;BOR;KARANLIKDERE - CUMHURİYET;YEŞİLYURT/77 SOKAK;sokak;148891660
NİĞDE;BOR;KARANLIKDERE - CUMHURİYET;YEŞİLYURT/79 SOKAK;sokak;624353750
NİĞDE;BOR;KARANLIKDERE - CUMHURİYET;YEŞİLYURT/8 SOKAK;sokak;559920360
NİĞDE;BOR;KARANLIKDERE - CUMHURİYET;YEŞİLYURT/80 SOKAK;sokak;497731200
NİĞDE;BOR;KARANLIKDERE - CUMHURİYET;YEŞİLYURT/81 SOKAK;sokak;183120330
NİĞDE;BOR;KARANLIKDERE - CUMHURİYET;YEŞİLYURT/82 SOKAK;sokak;171165670
NİĞDE;BOR;KARANLIKDERE - CUMHURİYET;YEŞİLYURT/83 SOKAK;sokak;407966410
NİĞDE;BOR;KARANLIKDERE - CUMHURİYET;YEŞİLYURT/84 SOKAK;sokak;656749130
NİĞDE;BOR;KARANLIKDERE - CUMHURİYET;YEŞİLYURT/86 SOKAK;sokak;314008310
NİĞDE;BOR;KARANLIKDERE - CUMHURİYET;YEŞİLYURT/89 SOKAK;sokak;181696230
NİĞDE;BOR;KARANLIKDERE - CUMHURİYET;YEŞİLYURT/9 SOKAK;sokak;155678940
NİĞDE;BOR;KARANLIKDERE - CUMHURİYET;YEŞİLYURT/90 SOKAK;sokak;341098760
NİĞDE;BOR;KARANLIKDERE - CUMHURİYET;ZÜMRÜT SK. SOKAK;sokak;817482
NİĞDE;BOR;KARANLIKDERE - ESENDERE;ARI ÇIKMAZI SOKAK;sokak;936882810
NİĞDE;BOR;KARANLIKDERE - ESENDERE;BAĞLAR SOKAK;sokak;393354760
NİĞDE;BOR;KARANLIKDERE - ESENDERE;ÇELEBİ ÇIKMAZI SOKAK;sokak;23084
NİĞDE;BOR;KARANLIKDERE - ESENDERE;ÇIĞLI SOKAK;sokak;21793
NİĞDE;BOR;KARANLIKDERE - ESENDERE;GAZİ SOKAK;sokak;23077
NİĞDE;BOR;KARANLIKDERE - ESENDERE;GÜNEY SOKAK;sokak;133938141
NİĞDE;BOR;KARANLIKDERE - ESENDERE;HACI AHMET KILIÇ SOKAK;sokak;478924
NİĞDE;BOR;KARANLIKDERE - ESENDERE;HALEVİ SOKAK;sokak;334069760
NİĞDE;BOR;KARANLIKDERE - ESENDERE;HUZUR SOKAK;sokak;941728710
NİĞDE;BOR;KARANLIKDERE - ESENDERE;KILIÇLAR/1 SOKAK;sokak;859832940
NİĞDE;BOR;KARANLIKDERE - ESENDERE;NAZAR SOKAK;sokak;366870
NİĞDE;BOR;KARANLIKDERE - ESENDERE;SADIKLI SOKAK;sokak;603181510
NİĞDE;BOR;KARANLIKDERE - ESENDERE;SUCU SOKAK;sokak;484647
NİĞDE;BOR;KARANLIKDERE - ESENDERE;TEMURTAŞ ÇIKMAZI SOKAK;sokak;23082
NİĞDE;BOR;KARANLIKDERE - ESENDERE;TIRPANCI SOKAK;sokak;366871
NİĞDE;BOR;KARANLIKDERE - ESENDERE;YEŞİLDERE SOKAK;sokak;884641
NİĞDE;BOR;KARANLIKDERE - KARŞIYAKA;AĞA ÇIKMAZI SOKAK;sokak;23086
NİĞDE;BOR;KARANLIKDERE - KARŞIYAKA;ARI ÇIKMAZI SOKAK;sokak;366872
NİĞDE;BOR;KARANLIKDERE - KARŞIYAKA;BAĞLAR SOKAK;sokak;106253660
NİĞDE;BOR;KARANLIKDERE - KARŞIYAKA;DERE ÇIKMAZI SOKAK;sokak;217672230
NİĞDE;BOR;KARANLIKDERE - KARŞIYAKA;GÖĞ SOKAK;sokak;23094
NİĞDE;BOR;KARANLIKDERE - KARŞIYAKA;GÖLCÜK- SOKAK;sokak;366873
NİĞDE;BOR;KARANLIKDERE - KARŞIYAKA;GÜNEŞ SOKAK;sokak;806358240
NİĞDE;BOR;KARANLIKDERE - KARŞIYAKA;HALEVİ SOKAK;sokak;334069761
NİĞDE;BOR;KARANLIKDERE - KARŞIYAKA;KAYAARDI/1 SOKAK;sokak;961497600
NİĞDE;BOR;KARANLIKDERE - KARŞIYAKA;KAYAARDI/2 SOKAK;sokak;162913460
NİĞDE;BOR;KARANLIKDERE - KARŞIYAKA;KAYAARDI/5 SOKAK;sokak;386995260
NİĞDE;BOR;KARANLIKDERE - KARŞIYAKA;KAYARDI SOKAK;sokak;23088
NİĞDE;BOR;KARANLIKDERE - KARŞIYAKA;KESTEL SOKAK;sokak;23089
NİĞDE;BOR;KARANLIKDERE - KARŞIYAKA;KILIÇLAR SOKAK;sokak;366874
NİĞDE;BOR;KARANLIKDERE - KARŞIYAKA;ÖKÜZCÜLER ÇIKMAZI SOKAK;sokak;23095
NİĞDE;BOR;KARANLIKDERE - KARŞIYAKA;SADIKLI SOKAK;sokak;23091
NİĞDE;BOR;KARANLIKDERE - KARŞIYAKA;TEPECİK SOKAK;sokak;23092
NİĞDE;BOR;KARANLIKDERE - KARŞIYAKA;YEŞİLDERE SOKAK;sokak;23093
NİĞDE;BOR;KARANLIKDERE - KARŞIYAKA;YUSUF ÖKÜZCÜ SOKAK;sokak;942652
NİĞDE;BOR;KAVUKLU NA;ADANA NIĞDE YOLU BULVAR;sokak;156206690
NİĞDE;BOR;KAVUKLU NA;KAVUKLU KÜME EVLER;sokak;484056
NİĞDE;BOR;KAVUKLU NA;KEMERHISAR POZANTI OTOYOLU BULVAR;sokak;163383030
NİĞDE;BOR;KAYI NA;KAYI KÜME EVLER;sokak;482697
NİĞDE;BOR;KAYNARCA NA;ADANA/1 SOKAK;sokak;273478221
NİĞDE;BOR;KAYNARCA NA;AFET EVLERİ KÜME EVLER;sokak;926573
NİĞDE;BOR;KAYNARCA NA;ESKİ KÖY KÜME EVLER;sokak;484954
NİĞDE;BOR;KAYNARCA NA;LAHANACILAR SOKAK;sokak;1512197
NİĞDE;BOR;KAYNARCA NA;NIĞDE GÜNEY OTOYOLU BULVAR;sokak;149645630
NİĞDE;BOR;KAYNARCA NA;YOL BOYU KÜME EVLER;sokak;475938
NİĞDE;BOR;KEMERHİSAR - CAMİ;1. SOKAK;sokak;960229420
NİĞDE;BOR;KEMERHİSAR - CAMİ;2. SOKAK;sokak;303859750
NİĞDE;BOR;KEMERHİSAR - CAMİ;3. SOKAK;sokak;528436200
NİĞDE;BOR;KEMERHİSAR - CAMİ;301. SOKAK;sokak;612227820
NİĞDE;BOR;KEMERHİSAR - CAMİ;4. SOKAK;sokak;237209310
NİĞDE;BOR;KEMERHİSAR - CAMİ;5. SOKAK;sokak;174638861
NİĞDE;BOR;KEMERHİSAR - CAMİ;6. SOKAK;sokak;957711270
NİĞDE;BOR;KEMERHİSAR - CAMİ;ADEM CADDE;cadde;707582890
NİĞDE;BOR;KEMERHİSAR - CAMİ;AHMET BAŞ SOKAK;sokak;482268
NİĞDE;BOR;KEMERHİSAR - CAMİ;ARİF ESER CADDE;cadde;23132
NİĞDE;BOR;KEMERHİSAR - CAMİ;ATLI SOKAK;sokak;858187710
NİĞDE;BOR;KEMERHİSAR - CAMİ;ATLILAR SOKAK;sokak;482269
NİĞDE;BOR;KEMERHİSAR - CAMİ;ÇELİKLER SOKAK;sokak;23121
NİĞDE;BOR;KEMERHİSAR - CAMİ;DİKİLİTAŞ CADDE;cadde;23118
NİĞDE;BOR;KEMERHİSAR - CAMİ;DOĞAN BARAN CADDE;cadde;23129
NİĞDE;BOR;KEMERHİSAR - CAMİ;ESERLER SOKAK;sokak;214418370
NİĞDE;BOR;KEMERHİSAR - CAMİ;GÖL SOKAK;sokak;23122
NİĞDE;BOR;KEMERHİSAR - CAMİ;HAMAM SOKAK;sokak;23135
NİĞDE;BOR;KEMERHİSAR - CAMİ;İNCE SOKAK;sokak;482267
NİĞDE;BOR;KEMERHİSAR - CAMİ;KD.YZB.ÖNDER SİNGİN CADDE;cadde;23125
NİĞDE;BOR;KEMERHİSAR - CAMİ;KILINÇ CADDE;cadde;23126
NİĞDE;BOR;KEMERHİSAR - CAMİ;NİHAT TİMUR BULVARI BULVAR;sokak;23120
NİĞDE;BOR;KEMERHİSAR - CAMİ;OĞRAN SOKAK;sokak;313175890
NİĞDE;BOR;KEMERHİSAR - CAMİ;ÖNDER SOYLU SOKAK;sokak;23130
NİĞDE;BOR;KEMERHİSAR - CAMİ;SALMAN SOKAK;sokak;23128
NİĞDE;BOR;KEMERHİSAR - CAMİ;SARILAR SOKAK;sokak;307742441
NİĞDE;BOR;KEMERHİSAR - CAMİ;SIRIKLAR SOKAK;sokak;23131
NİĞDE;BOR;KEMERHİSAR - CAMİ;ŞAFAKLAR SOKAK;sokak;433621770
NİĞDE;BOR;KEMERHİSAR - CAMİ;VOLGA SOKAK;sokak;23134
NİĞDE;BOR;KEMERHİSAR - CAMİ;YUMURTACILAR SOKAK;sokak;23123
NİĞDE;BOR;KEMERHİSAR - CUMHURİYET;10. SOKAK;sokak;209528340
NİĞDE;BOR;KEMERHİSAR - CUMHURİYET;11. SOKAK;sokak;574807170
NİĞDE;BOR;KEMERHİSAR - CUMHURİYET;12. SOKAK;sokak;1101880
NİĞDE;BOR;KEMERHİSAR - CUMHURİYET;13. SOKAK;sokak;554816260
NİĞDE;BOR;KEMERHİSAR - CUMHURİYET;14. SOKAK;sokak;475459
NİĞDE;BOR;KEMERHİSAR - CUMHURİYET;15. SOKAK;sokak;475461
NİĞDE;BOR;KEMERHİSAR - CUMHURİYET;16. SOKAK;sokak;475462
NİĞDE;BOR;KEMERHİSAR - CUMHURİYET;17. SOKAK;sokak;475451
NİĞDE;BOR;KEMERHİSAR - CUMHURİYET;18. SOKAK;sokak;1127611
NİĞDE;BOR;KEMERHİSAR - CUMHURİYET;19. SOKAK;sokak;475460
NİĞDE;BOR;KEMERHİSAR - CUMHURİYET;20. SOKAK;sokak;36908
NİĞDE;BOR;KEMERHİSAR - CUMHURİYET;21. SOKAK;sokak;36911
NİĞDE;BOR;KEMERHİSAR - CUMHURİYET;22. SOKAK;sokak;714005680
NİĞDE;BOR;KEMERHİSAR - CUMHURİYET;23. SOKAK;sokak;36912
NİĞDE;BOR;KEMERHİSAR - CUMHURİYET;24. SOKAK;sokak;36913
NİĞDE;BOR;KEMERHİSAR - CUMHURİYET;25. SOKAK;sokak;36914
NİĞDE;BOR;KEMERHİSAR - CUMHURİYET;26. SOKAK;sokak;36915
NİĞDE;BOR;KEMERHİSAR - CUMHURİYET;27. SOKAK;sokak;483528680
NİĞDE;BOR;KEMERHİSAR - CUMHURİYET;28. SOKAK;sokak;919076
NİĞDE;BOR;KEMERHİSAR - CUMHURİYET;29. SOKAK;sokak;36920
NİĞDE;BOR;KEMERHİSAR - CUMHURİYET;30. SOKAK;sokak;36916
NİĞDE;BOR;KEMERHİSAR - CUMHURİYET;31. SOKAK;sokak;1447969
NİĞDE;BOR;KEMERHİSAR - CUMHURİYET;32. SOKAK;sokak;36917
NİĞDE;BOR;KEMERHİSAR - CUMHURİYET;33. SOKAK;sokak;726735510
NİĞDE;BOR;KEMERHİSAR - CUMHURİYET;34. SOKAK;sokak;36918
NİĞDE;BOR;KEMERHİSAR - CUMHURİYET;35. SOKAK;sokak;476853
NİĞDE;BOR;KEMERHİSAR - CUMHURİYET;36. SOKAK;sokak;476855
NİĞDE;BOR;KEMERHİSAR - CUMHURİYET;37. SOKAK;sokak;998775320
NİĞDE;BOR;KEMERHİSAR - CUMHURİYET;38. SOKAK;sokak;110733430
NİĞDE;BOR;KEMERHİSAR - CUMHURİYET;39. SOKAK;sokak;725892110
NİĞDE;BOR;KEMERHİSAR - CUMHURİYET;4 NOLU- SOKAK;sokak;476779
NİĞDE;BOR;KEMERHİSAR - CUMHURİYET;40. SOKAK;sokak;232228620
NİĞDE;BOR;KEMERHİSAR - CUMHURİYET;41. SOKAK;sokak;839432
NİĞDE;BOR;KEMERHİSAR - CUMHURİYET;42. SOKAK;sokak;959465
NİĞDE;BOR;KEMERHİSAR - CUMHURİYET;43. SOKAK;sokak;1001771
NİĞDE;BOR;KEMERHİSAR - CUMHURİYET;44. SOKAK;sokak;966584970
NİĞDE;BOR;KEMERHİSAR - CUMHURİYET;45. SOKAK;sokak;164261320
NİĞDE;BOR;KEMERHİSAR - CUMHURİYET;46. SOKAK;sokak;723170500
NİĞDE;BOR;KEMERHİSAR - CUMHURİYET;47. SOKAK;sokak;545945020
NİĞDE;BOR;KEMERHİSAR - CUMHURİYET;48. SOKAK;sokak;401815210
NİĞDE;BOR;KEMERHİSAR - CUMHURİYET;49. SOKAK;sokak;1496637
NİĞDE;BOR;KEMERHİSAR - CUMHURİYET;50. SOKAK;sokak;1104551
NİĞDE;BOR;KEMERHİSAR - CUMHURİYET;51. SOKAK;sokak;1076282
NİĞDE;BOR;KEMERHİSAR - CUMHURİYET;52. SOKAK;sokak;1482241
NİĞDE;BOR;KEMERHİSAR - CUMHURİYET;53. SOKAK;sokak;1061874
NİĞDE;BOR;KEMERHİSAR - CUMHURİYET;54. SOKAK;sokak;841706790
NİĞDE;BOR;KEMERHİSAR - CUMHURİYET;55. SOKAK;sokak;959463
NİĞDE;BOR;KEMERHİSAR - CUMHURİYET;56. SOKAK;sokak;476780
NİĞDE;BOR;KEMERHİSAR - CUMHURİYET;57. CADDE;cadde;844230
NİĞDE;BOR;KEMERHİSAR - CUMHURİYET;58. CADDE;cadde;844232
NİĞDE;BOR;KEMERHİSAR - CUMHURİYET;59. SOKAK;sokak;142445110
NİĞDE;BOR;KEMERHİSAR - CUMHURİYET;60. SOKAK;sokak;595501860
NİĞDE;BOR;KEMERHİSAR - CUMHURİYET;61. SOKAK;sokak;566382240
NİĞDE;BOR;KEMERHİSAR - CUMHURİYET;62. SOKAK;sokak;330871800
NİĞDE;BOR;KEMERHİSAR - CUMHURİYET;63. SOKAK;sokak;472934360
NİĞDE;BOR;KEMERHİSAR - CUMHURİYET;64. SOKAK;sokak;882213
NİĞDE;BOR;KEMERHİSAR - CUMHURİYET;65. SOKAK;sokak;163273220
NİĞDE;BOR;KEMERHİSAR - CUMHURİYET;66. SOKAK;sokak;224773680
NİĞDE;BOR;KEMERHİSAR - CUMHURİYET;7. SOKAK;sokak;991087890
NİĞDE;BOR;KEMERHİSAR - CUMHURİYET;8. SOKAK;sokak;756258630
NİĞDE;BOR;KEMERHİSAR - CUMHURİYET;9. SOKAK;sokak;177282210
NİĞDE;BOR;KEMERHİSAR - CUMHURİYET;ADEM CADDE;cadde;475436
NİĞDE;BOR;KEMERHİSAR - CUMHURİYET;AKIN SOKAK;sokak;476858
NİĞDE;BOR;KEMERHİSAR - CUMHURİYET;ALINAK CADDE;cadde;475450
NİĞDE;BOR;KEMERHİSAR - CUMHURİYET;AMBARTEPE CADDE;cadde;475449
NİĞDE;BOR;KEMERHİSAR - CUMHURİYET;ARMUTLU BAĞ SOKAK;sokak;476778
NİĞDE;BOR;KEMERHİSAR - CUMHURİYET;ARSLAN SOKAK;sokak;476859
NİĞDE;BOR;KEMERHİSAR - CUMHURİYET;AYAĞÖZME CADDE;cadde;475458
NİĞDE;BOR;KEMERHİSAR - CUMHURİYET;AYAĞÖZME/1 SOKAK;sokak;292163480
NİĞDE;BOR;KEMERHİSAR - CUMHURİYET;AYAÖZME KÜME EVLER;sokak;824697
NİĞDE;BOR;KEMERHİSAR - CUMHURİYET;AYDIN SOKAK;sokak;210374450
NİĞDE;BOR;KEMERHİSAR - CUMHURİYET;CAN SOKAK;sokak;476862
NİĞDE;BOR;KEMERHİSAR - CUMHURİYET;DİKİLİTAŞ CADDE;cadde;483615
NİĞDE;BOR;KEMERHİSAR - CUMHURİYET;DİNÇ SOKAK;sokak;476861
NİĞDE;BOR;KEMERHİSAR - CUMHURİYET;DOĞAN BARAN CADDE;cadde;36910
NİĞDE;BOR;KEMERHİSAR - CUMHURİYET;ESERLER SOKAK;sokak;483607
NİĞDE;BOR;KEMERHİSAR - CUMHURİYET;ESİN SOKAK;sokak;476860
NİĞDE;BOR;KEMERHİSAR - CUMHURİYET;İSTASYON SOKAK;sokak;476863
NİĞDE;BOR;KEMERHİSAR - CUMHURİYET;KART SOKAK;sokak;476856
NİĞDE;BOR;KEMERHİSAR - CUMHURİYET;KD.YZB.ÖNDER SİNGİN CADDE;cadde;483616
NİĞDE;BOR;KEMERHİSAR - CUMHURİYET;KILINÇ CADDE;cadde;476446
NİĞDE;BOR;KEMERHİSAR - CUMHURİYET;KİMENE SOKAK;sokak;1516375
NİĞDE;BOR;KEMERHİSAR - CUMHURİYET;KURTKÖYÜ KÜME EVLER;sokak;1151636
NİĞDE;BOR;KEMERHİSAR - CUMHURİYET;KUZUCULAR SOKAK;sokak;476447
NİĞDE;BOR;KEMERHİSAR - CUMHURİYET;LİSE SOKAK;sokak;483611
NİĞDE;BOR;KEMERHİSAR - CUMHURİYET;MUSTAFA TEMEL SOKAK;sokak;483612
NİĞDE;BOR;KEMERHİSAR - CUMHURİYET;NİHAT TİMUR BULVARI BULVAR;sokak;112215950
NİĞDE;BOR;KEMERHİSAR - CUMHURİYET;NİLÜFER SOKAK;sokak;1516443
NİĞDE;BOR;KEMERHİSAR - CUMHURİYET;SELÇUK SOKAK;sokak;476857
NİĞDE;BOR;KEMERHİSAR - CUMHURİYET;SİRKENLİ KÜME EVLER;sokak;824917
NİĞDE;BOR;KEMERHİSAR - CUMHURİYET;SUCULAR SOKAK;sokak;483614
NİĞDE;BOR;KEMERHİSAR - CUMHURİYET;TEMEL SOKAK;sokak;483610
NİĞDE;BOR;KEMERHİSAR - CUMHURİYET;YUMURTACILAR SOKAK;sokak;483608
NİĞDE;BOR;KEMERHİSAR - ÇAYIR;136. SOKAK;sokak;1490181
NİĞDE;BOR;KEMERHİSAR - ÇAYIR;242. SOKAK;sokak;318046850
NİĞDE;BOR;KEMERHİSAR - ÇAYIR;300. SOKAK;sokak;810377
NİĞDE;BOR;KEMERHİSAR - ÇAYIR;301. SOKAK;sokak;756426110
NİĞDE;BOR;KEMERHİSAR - ÇAYIR;302. SOKAK;sokak;1206017
NİĞDE;BOR;KEMERHİSAR - ÇAYIR;303. SOKAK;sokak;1127837
NİĞDE;BOR;KEMERHİSAR - ÇAYIR;304. SOKAK;sokak;570122130
NİĞDE;BOR;KEMERHİSAR - ÇAYIR;305. SOKAK;sokak;1173677
NİĞDE;BOR;KEMERHİSAR - ÇAYIR;306. SOKAK;sokak;363921650
NİĞDE;BOR;KEMERHİSAR - ÇAYIR;307. SOKAK;sokak;207404600
NİĞDE;BOR;KEMERHİSAR - ÇAYIR;308. SOKAK;sokak;1127919
NİĞDE;BOR;KEMERHİSAR - ÇAYIR;309. SOKAK;sokak;511184120
NİĞDE;BOR;KEMERHİSAR - ÇAYIR;310. SOKAK;sokak;401770160
NİĞDE;BOR;KEMERHİSAR - ÇAYIR;311. SOKAK;sokak;193661370
NİĞDE;BOR;KEMERHİSAR - ÇAYIR;312. SOKAK;sokak;810488
NİĞDE;BOR;KEMERHİSAR - ÇAYIR;313. SOKAK;sokak;1037824
NİĞDE;BOR;KEMERHİSAR - ÇAYIR;314. SOKAK;sokak;958829
NİĞDE;BOR;KEMERHİSAR - ÇAYIR;316. SOKAK;sokak;562255270
NİĞDE;BOR;KEMERHİSAR - ÇAYIR;317. SOKAK;sokak;114114100
NİĞDE;BOR;KEMERHİSAR - ÇAYIR;318. SOKAK;sokak;459041820
NİĞDE;BOR;KEMERHİSAR - ÇAYIR;319. SOKAK;sokak;310173610
NİĞDE;BOR;KEMERHİSAR - ÇAYIR;320. SOKAK;sokak;634387580
NİĞDE;BOR;KEMERHİSAR - ÇAYIR;321. SOKAK;sokak;162485100
NİĞDE;BOR;KEMERHİSAR - ÇAYIR;322. SOKAK;sokak;229806920
NİĞDE;BOR;KEMERHİSAR - ÇAYIR;323. SOKAK;sokak;795114650
NİĞDE;BOR;KEMERHİSAR - ÇAYIR;324. SOKAK;sokak;486005300
NİĞDE;BOR;KEMERHİSAR - ÇAYIR;325. SOKAK;sokak;748621110
NİĞDE;BOR;KEMERHİSAR - ÇAYIR;326. SOKAK;sokak;362386400
NİĞDE;BOR;KEMERHİSAR - ÇAYIR;327. SOKAK;sokak;1513719
NİĞDE;BOR;KEMERHİSAR - ÇAYIR;328. SOKAK;sokak;1487433
NİĞDE;BOR;KEMERHİSAR - ÇAYIR;329. SOKAK;sokak;1487431
NİĞDE;BOR;KEMERHİSAR - ÇAYIR;330. SOKAK;sokak;140125950
NİĞDE;BOR;KEMERHİSAR - ÇAYIR;331. SOKAK;sokak;746206910
NİĞDE;BOR;KEMERHİSAR - ÇAYIR;332. SOKAK;sokak;822378350
NİĞDE;BOR;KEMERHİSAR - ÇAYIR;333. SOKAK;sokak;771547550
NİĞDE;BOR;KEMERHİSAR - ÇAYIR;334. SOKAK;sokak;1495907
NİĞDE;BOR;KEMERHİSAR - ÇAYIR;335. SOKAK;sokak;1517659
NİĞDE;BOR;KEMERHİSAR - ÇAYIR;336. SOKAK;sokak;1494457
NİĞDE;BOR;KEMERHİSAR - ÇAYIR;337. SOKAK;sokak;206540180
NİĞDE;BOR;KEMERHİSAR - ÇAYIR;338. SOKAK;sokak;748218510
NİĞDE;BOR;KEMERHİSAR - ÇAYIR;339. SOKAK;sokak;156490560
NİĞDE;BOR;KEMERHİSAR - ÇAYIR;340. SOKAK;sokak;264237640
NİĞDE;BOR;KEMERHİSAR - ÇAYIR;341. SOKAK;sokak;267458280
NİĞDE;BOR;KEMERHİSAR - ÇAYIR;342. SOKAK;sokak;747879200
NİĞDE;BOR;KEMERHİSAR - ÇAYIR;343. SOKAK;sokak;337511810
NİĞDE;BOR;KEMERHİSAR - ÇAYIR;344. SOKAK;sokak;512531770
NİĞDE;BOR;KEMERHİSAR - ÇAYIR;345. SOKAK;sokak;132502460
NİĞDE;BOR;KEMERHİSAR - ÇAYIR;346. SOKAK;sokak;702025770
NİĞDE;BOR;KEMERHİSAR - ÇAYIR;347. SOKAK;sokak;380379660
NİĞDE;BOR;KEMERHİSAR - ÇAYIR;348. SOKAK;sokak;174738770
NİĞDE;BOR;KEMERHİSAR - ÇAYIR;349. SOKAK;sokak;362522290
NİĞDE;BOR;KEMERHİSAR - ÇAYIR;350. SOKAK;sokak;816849610
NİĞDE;BOR;KEMERHİSAR - ÇAYIR;351. SOKAK;sokak;230423930
NİĞDE;BOR;KEMERHİSAR - ÇAYIR;352. SOKAK;sokak;1481655
NİĞDE;BOR;KEMERHİSAR - ÇAYIR;353. SOKAK;sokak;796565180
NİĞDE;BOR;KEMERHİSAR - ÇAYIR;354. SOKAK;sokak;362161330
NİĞDE;BOR;KEMERHİSAR - ÇAYIR;355. SOKAK;sokak;264665650
NİĞDE;BOR;KEMERHİSAR - ÇAYIR;356. SOKAK;sokak;758668480
NİĞDE;BOR;KEMERHİSAR - ÇAYIR;357. SOKAK;sokak;700774820
NİĞDE;BOR;KEMERHİSAR - ÇAYIR;358. SOKAK;sokak;935824
NİĞDE;BOR;KEMERHİSAR - ÇAYIR;359. SOKAK;sokak;794931510
NİĞDE;BOR;KEMERHİSAR - ÇAYIR;360. SOKAK;sokak;794812060
NİĞDE;BOR;KEMERHİSAR - ÇAYIR;361. SOKAK;sokak;318418850
NİĞDE;BOR;KEMERHİSAR - ÇAYIR;362. SOKAK;sokak;701025380
NİĞDE;BOR;KEMERHİSAR - ÇAYIR;363. SOKAK;sokak;935827
NİĞDE;BOR;KEMERHİSAR - ÇAYIR;364. SOKAK;sokak;935821
NİĞDE;BOR;KEMERHİSAR - ÇAYIR;365. SOKAK;sokak;814583410
NİĞDE;BOR;KEMERHİSAR - ÇAYIR;366. SOKAK;sokak;683441910
NİĞDE;BOR;KEMERHİSAR - ÇAYIR;367. SOKAK;sokak;964338670
NİĞDE;BOR;KEMERHİSAR - ÇAYIR;368. SOKAK;sokak;953401210
NİĞDE;BOR;KEMERHİSAR - ÇAYIR;369. SOKAK;sokak;555947090
NİĞDE;BOR;KEMERHİSAR - ÇAYIR;370. SOKAK;sokak;142730490
NİĞDE;BOR;KEMERHİSAR - ÇAYIR;371. SOKAK;sokak;472462100
NİĞDE;BOR;KEMERHİSAR - ÇAYIR;372. SOKAK;sokak;634698450
NİĞDE;BOR;KEMERHİSAR - ÇAYIR;373. SOKAK;sokak;286670610
NİĞDE;BOR;KEMERHİSAR - ÇAYIR;380 SOKAK;sokak;216930151
NİĞDE;BOR;KEMERHİSAR - ÇAYIR;381 SOKAK;sokak;704313091
NİĞDE;BOR;KEMERHİSAR - ÇAYIR;382 SOKAK;sokak;293514421
NİĞDE;BOR;KEMERHİSAR - ÇAYIR;383 SOKAK;sokak;279672151
NİĞDE;BOR;KEMERHİSAR - ÇAYIR;384 SOKAK;sokak;721929251
NİĞDE;BOR;KEMERHİSAR - ÇAYIR;385 SOKAK;sokak;181225491
NİĞDE;BOR;KEMERHİSAR - ÇAYIR;386 SOKAK;sokak;990235171
NİĞDE;BOR;KEMERHİSAR - ÇAYIR;387 SOKAK;sokak;294137961
NİĞDE;BOR;KEMERHİSAR - ÇAYIR;388 SOKAK;sokak;332412251
NİĞDE;BOR;KEMERHİSAR - ÇAYIR;389 SOKAK;sokak;758796921
NİĞDE;BOR;KEMERHİSAR - ÇAYIR;390 SOKAK;sokak;484959151
NİĞDE;BOR;KEMERHİSAR - ÇAYIR;391 SOKAK;sokak;779634451
NİĞDE;BOR;KEMERHİSAR - ÇAYIR;392 SOKAK;sokak;709756931
NİĞDE;BOR;KEMERHİSAR - ÇAYIR;393 SOKAK;sokak;154936461
NİĞDE;BOR;KEMERHİSAR - ÇAYIR;394 SOKAK;sokak;857307941
NİĞDE;BOR;KEMERHİSAR - ÇAYIR;395 SOKAK;sokak;846588061
NİĞDE;BOR;KEMERHİSAR - ÇAYIR;396 SOKAK;sokak;305966051
NİĞDE;BOR;KEMERHİSAR - ÇAYIR;397 SOKAK;sokak;140851381
NİĞDE;BOR;KEMERHİSAR - ÇAYIR;398 SOKAK;sokak;734083381
NİĞDE;BOR;KEMERHİSAR - ÇAYIR;399 SOKAK;sokak;233019971
NİĞDE;BOR;KEMERHİSAR - ÇAYIR;400 SOKAK;sokak;980011591
NİĞDE;BOR;KEMERHİSAR - ÇAYIR;401 SOKAK;sokak;396124291
NİĞDE;BOR;KEMERHİSAR - ÇAYIR;402 SOKAK;sokak;970324521
NİĞDE;BOR;KEMERHİSAR - ÇAYIR;403 SOKAK;sokak;292252571
NİĞDE;BOR;KEMERHİSAR - ÇAYIR;404 SOKAK;sokak;490067031
NİĞDE;BOR;KEMERHİSAR - ÇAYIR;405 SOKAK;sokak;488201461
NİĞDE;BOR;KEMERHİSAR - ÇAYIR;406 SOKAK;sokak;480014991
NİĞDE;BOR;KEMERHİSAR - ÇAYIR;407 SOKAK;sokak;905420511
NİĞDE;BOR;KEMERHİSAR - ÇAYIR;408 SOKAK;sokak;467778011
NİĞDE;BOR;KEMERHİSAR - ÇAYIR;409 SOKAK;sokak;635846271
NİĞDE;BOR;KEMERHİSAR - ÇAYIR;410 SOKAK;sokak;728878391
NİĞDE;BOR;KEMERHİSAR - ÇAYIR;411 SOKAK;sokak;492737331
NİĞDE;BOR;KEMERHİSAR - ÇAYIR;413 SOKAK;sokak;160543221
NİĞDE;BOR;KEMERHİSAR - ÇAYIR;414 SOKAK;sokak;313400371
NİĞDE;BOR;KEMERHİSAR - ÇAYIR;415 SOKAK;sokak;673071401
NİĞDE;BOR;KEMERHİSAR - ÇAYIR;416 SOKAK;sokak;507195411
NİĞDE;BOR;KEMERHİSAR - ÇAYIR;5. SOKAK;sokak;951574181
NİĞDE;BOR;KEMERHİSAR - ÇAYIR;ADANA NIĞDE YOLU BULVAR;sokak;218307320
NİĞDE;BOR;KEMERHİSAR - ÇAYIR;ALAN SOKAK;sokak;474287
NİĞDE;BOR;KEMERHİSAR - ÇAYIR;ARİF ESER CADDE;cadde;36922
NİĞDE;BOR;KEMERHİSAR - ÇAYIR;ASIM TANIŞ SOKAK;sokak;474283
NİĞDE;BOR;KEMERHİSAR - ÇAYIR;ATABERK SOKAK;sokak;1515751
NİĞDE;BOR;KEMERHİSAR - ÇAYIR;ATLI SOKAK;sokak;37100
NİĞDE;BOR;KEMERHİSAR - ÇAYIR;ATLILAR SOKAK;sokak;967333400
NİĞDE;BOR;KEMERHİSAR - ÇAYIR;BENGİ SOKAK;sokak;474286
NİĞDE;BOR;KEMERHİSAR - ÇAYIR;ÇAKMAKÇI SOKAK;sokak;1516093
NİĞDE;BOR;KEMERHİSAR - ÇAYIR;ÇATILIYİR SOKAK;sokak;1415839
NİĞDE;BOR;KEMERHİSAR - ÇAYIR;ÇINAR SOKAK;sokak;1517657
NİĞDE;BOR;KEMERHİSAR - ÇAYIR;DOĞA SOKAK;sokak;114422821
NİĞDE;BOR;KEMERHİSAR - ÇAYIR;DONACAK KÜME EVLER;sokak;103806650
NİĞDE;BOR;KEMERHİSAR - ÇAYIR;EKER SOKAK;sokak;474288
NİĞDE;BOR;KEMERHİSAR - ÇAYIR;EYMEN SOKAK;sokak;1514597
NİĞDE;BOR;KEMERHİSAR - ÇAYIR;FIRAT SOKAK;sokak;361333121
NİĞDE;BOR;KEMERHİSAR - ÇAYIR;GÜNER SOKAK;sokak;36924
NİĞDE;BOR;KEMERHİSAR - ÇAYIR;HABİBE HATUN SOKAK;sokak;1516373
NİĞDE;BOR;KEMERHİSAR - ÇAYIR;HACI TAŞAN SOKAK;sokak;312373321
NİĞDE;BOR;KEMERHİSAR - ÇAYIR;HALİL İBRAHİM TER SOKAK;sokak;474282
NİĞDE;BOR;KEMERHİSAR - ÇAYIR;HALİSDEMİR SOKAK;sokak;1514981
NİĞDE;BOR;KEMERHİSAR - ÇAYIR;HİSAR SOKAK;sokak;1517311
NİĞDE;BOR;KEMERHİSAR - ÇAYIR;HORASAN SOKAK;sokak;474281
NİĞDE;BOR;KEMERHİSAR - ÇAYIR;HULUSİ GÖKMEŞE SOKAK;sokak;1507055
NİĞDE;BOR;KEMERHİSAR - ÇAYIR;İLKBAHAR SOKAK;sokak;37102
NİĞDE;BOR;KEMERHİSAR - ÇAYIR;KANARYA SOKAK;sokak;45314101
NİĞDE;BOR;KEMERHİSAR - ÇAYIR;KARTAL SOKAK;sokak;85187169
NİĞDE;BOR;KEMERHİSAR - ÇAYIR;KAYALAR SOKAK;sokak;479370
NİĞDE;BOR;KEMERHİSAR - ÇAYIR;KAYSERİ-ADANA CADDE;cadde;863240
NİĞDE;BOR;KEMERHİSAR - ÇAYIR;KEMERHISAR POZANTI OTOYOLU BULVAR;sokak;126052910
NİĞDE;BOR;KEMERHİSAR - ÇAYIR;KORKUT EKEN SOKAK;sokak;1513483
NİĞDE;BOR;KEMERHİSAR - ÇAYIR;KÖROĞLU SOKAK;sokak;1518893
NİĞDE;BOR;KEMERHİSAR - ÇAYIR;NEŞET ERTAŞ SOKAK;sokak;222037561
NİĞDE;BOR;KEMERHİSAR - ÇAYIR;NİHAT TİMUR BULVARI BULVAR;sokak;479371
NİĞDE;BOR;KEMERHİSAR - ÇAYIR;OSMAN ÖNDER KIŞ SOKAK;sokak;36921
NİĞDE;BOR;KEMERHİSAR - ÇAYIR;ÖNDER SOYLU SOKAK;sokak;36901
NİĞDE;BOR;KEMERHİSAR - ÇAYIR;ÖTÜGEN SOKAK;sokak;352953931
NİĞDE;BOR;KEMERHİSAR - ÇAYIR;ÖZBİNAR SOKAK;sokak;474284
NİĞDE;BOR;KEMERHİSAR - ÇAYIR;ÖZMEN SOKAK;sokak;37101
NİĞDE;BOR;KEMERHİSAR - ÇAYIR;PARİSA SOKAK;sokak;1514491
NİĞDE;BOR;KEMERHİSAR - ÇAYIR;SAĞLIK OCAĞI CADDE;cadde;36902
NİĞDE;BOR;KEMERHİSAR - ÇAYIR;SALMANLI- KÜME EVLER;sokak;824933
NİĞDE;BOR;KEMERHİSAR - ÇAYIR;SARICAN SOKAK;sokak;1354387
NİĞDE;BOR;KEMERHİSAR - ÇAYIR;SAVAŞLAR SOKAK;sokak;36928
NİĞDE;BOR;KEMERHİSAR - ÇAYIR;SIRIKLAR SOKAK;sokak;36923
NİĞDE;BOR;KEMERHİSAR - ÇAYIR;ŞAFAKLAR SOKAK;sokak;37099
NİĞDE;BOR;KEMERHİSAR - ÇAYIR;TALAT PAŞA SOKAK;sokak;699298421
NİĞDE;BOR;KEMERHİSAR - ÇAYIR;ÜNALLAR SOKAK;sokak;36926
NİĞDE;BOR;KEMERHİSAR - ÇAYIR;YAR SOKAK;sokak;36927
NİĞDE;BOR;KEMERHİSAR - ÇAYIR;YAYLA YOLU SOKAK;sokak;123916600
NİĞDE;BOR;KEMERHİSAR - ÇAYIR;YAZGAN SOKAK;sokak;36925
NİĞDE;BOR;KEMERHİSAR - ÇAYIR;ZÜBEYDE HANIM SOKAK;sokak;1517655
NİĞDE;BOR;KEMERHİSAR - HAN;100. SOKAK;sokak;192655940
NİĞDE;BOR;KEMERHİSAR - HAN;101. SOKAK;sokak;1513219
NİĞDE;BOR;KEMERHİSAR - HAN;102. SOKAK;sokak;1499647
NİĞDE;BOR;KEMERHİSAR - HAN;103. SOKAK;sokak;1504797
NİĞDE;BOR;KEMERHİSAR - HAN;104. SOKAK;sokak;207535880
NİĞDE;BOR;KEMERHİSAR - HAN;105. SOKAK;sokak;158782000
NİĞDE;BOR;KEMERHİSAR - HAN;106. SOKAK;sokak;632582140
NİĞDE;BOR;KEMERHİSAR - HAN;107. SOKAK;sokak;420835920
NİĞDE;BOR;KEMERHİSAR - HAN;108. SOKAK;sokak;163418510
NİĞDE;BOR;KEMERHİSAR - HAN;109. SOKAK;sokak;485683640
NİĞDE;BOR;KEMERHİSAR - HAN;110. SOKAK;sokak;1514931
NİĞDE;BOR;KEMERHİSAR - HAN;111. SOKAK;sokak;1493297
NİĞDE;BOR;KEMERHİSAR - HAN;112. SOKAK;sokak;1127563
NİĞDE;BOR;KEMERHİSAR - HAN;113. SOKAK;sokak;1489803
NİĞDE;BOR;KEMERHİSAR - HAN;114. SOKAK;sokak;1482453
NİĞDE;BOR;KEMERHİSAR - HAN;115. SOKAK;sokak;114098440
NİĞDE;BOR;KEMERHİSAR - HAN;117. SOKAK;sokak;662804880
NİĞDE;BOR;KEMERHİSAR - HAN;118. SOKAK;sokak;318341460
NİĞDE;BOR;KEMERHİSAR - HAN;119. SOKAK;sokak;132766130
NİĞDE;BOR;KEMERHİSAR - HAN;120. SOKAK;sokak;534942580
NİĞDE;BOR;KEMERHİSAR - HAN;121. SOKAK;sokak;841459940
NİĞDE;BOR;KEMERHİSAR - HAN;122. SOKAK;sokak;449306910
NİĞDE;BOR;KEMERHİSAR - HAN;123. SOKAK;sokak;430919660
NİĞDE;BOR;KEMERHİSAR - HAN;217. SOKAK;sokak;724272300
NİĞDE;BOR;KEMERHİSAR - HAN;218. SOKAK;sokak;610062011
NİĞDE;BOR;KEMERHİSAR - HAN;3.. SOKAK;sokak;1486993
NİĞDE;BOR;KEMERHİSAR - HAN;56. SOKAK;sokak;837239080
NİĞDE;BOR;KEMERHİSAR - HAN;AĞA CAMİ KÜMESİ SOKAK;sokak;476741
NİĞDE;BOR;KEMERHİSAR - HAN;AKTIN SOKAK;sokak;478129
NİĞDE;BOR;KEMERHİSAR - HAN;ALPEREN SOKAK;sokak;161607311
NİĞDE;BOR;KEMERHİSAR - HAN;ARMUTLUBAĞ SOKAK;sokak;705942620
NİĞDE;BOR;KEMERHİSAR - HAN;ATA SOKAK;sokak;478126
NİĞDE;BOR;KEMERHİSAR - HAN;AYDIN SOKAK;sokak;484501
NİĞDE;BOR;KEMERHİSAR - HAN;BALIK SOKAK;sokak;484503
NİĞDE;BOR;KEMERHİSAR - HAN;CEBECİ SOKAK;sokak;484504
NİĞDE;BOR;KEMERHİSAR - HAN;ER SOKAK;sokak;484505
NİĞDE;BOR;KEMERHİSAR - HAN;EREN SOKAK;sokak;484506
NİĞDE;BOR;KEMERHİSAR - HAN;HIRAMANLAR SOKAK;sokak;478118
NİĞDE;BOR;KEMERHİSAR - HAN;HIZAR SOKAK;sokak;478119
NİĞDE;BOR;KEMERHİSAR - HAN;KD.YZB.ÖNDER SİNGİN CADDE;cadde;238776811
NİĞDE;BOR;KEMERHİSAR - HAN;MUHSİN YAZICIOĞLU SOKAK;sokak;870589390
NİĞDE;BOR;KEMERHİSAR - HAN;MUSTAFA TEMEL SOKAK;sokak;288241590
NİĞDE;BOR;KEMERHİSAR - HAN;NİHAT TİMUR BULVARI BULVAR;sokak;106555870
NİĞDE;BOR;KEMERHİSAR - HAN;NİHAT TİMUR BULVARI- CADDE;cadde;478120
NİĞDE;BOR;KEMERHİSAR - HAN;OĞRAN SOKAK;sokak;939831531
NİĞDE;BOR;KEMERHİSAR - HAN;ÖYKÜ SOKAK;sokak;1517521
NİĞDE;BOR;KEMERHİSAR - HAN;ÖZBAŞ SOKAK;sokak;478128
NİĞDE;BOR;KEMERHİSAR - HAN;PETROL SOKAK;sokak;478124
NİĞDE;BOR;KEMERHİSAR - HAN;SARILAR SOKAK;sokak;478117
NİĞDE;BOR;KEMERHİSAR - HAN;TURGUT SOKAK;sokak;484502
NİĞDE;BOR;KEMERHİSAR - HAN;TYANA CADDE;cadde;210269430
NİĞDE;BOR;KEMERHİSAR - HAN;UZUNTAŞ SOKAK;sokak;1067098
NİĞDE;BOR;KEMERHİSAR - HAN;YAMAN SOKAK;sokak;815930551
NİĞDE;BOR;KEMERHİSAR - KEMER;200. SOKAK;sokak;794995880
NİĞDE;BOR;KEMERHİSAR - KEMER;201. SOKAK;sokak;1282913
NİĞDE;BOR;KEMERHİSAR - KEMER;202. SOKAK;sokak;1089088
NİĞDE;BOR;KEMERHİSAR - KEMER;203. SOKAK;sokak;28213
NİĞDE;BOR;KEMERHİSAR - KEMER;204. SOKAK;sokak;28214
NİĞDE;BOR;KEMERHİSAR - KEMER;205. SOKAK;sokak;848138
NİĞDE;BOR;KEMERHİSAR - KEMER;206. SOKAK;sokak;315711930
NİĞDE;BOR;KEMERHİSAR - KEMER;207. SOKAK;sokak;28215
NİĞDE;BOR;KEMERHİSAR - KEMER;208. SOKAK;sokak;28218
NİĞDE;BOR;KEMERHİSAR - KEMER;209. SOKAK;sokak;28234
NİĞDE;BOR;KEMERHİSAR - KEMER;210. SOKAK;sokak;485925
NİĞDE;BOR;KEMERHİSAR - KEMER;211. SOKAK;sokak;207678510
NİĞDE;BOR;KEMERHİSAR - KEMER;212. SOKAK;sokak;362022240
NİĞDE;BOR;KEMERHİSAR - KEMER;213. SOKAK;sokak;596269450
NİĞDE;BOR;KEMERHİSAR - KEMER;214. SOKAK;sokak;206618150
NİĞDE;BOR;KEMERHİSAR - KEMER;215. SOKAK;sokak;483349
NİĞDE;BOR;KEMERHİSAR - KEMER;216. SOKAK;sokak;255641700
NİĞDE;BOR;KEMERHİSAR - KEMER;217. SOKAK;sokak;724272301
NİĞDE;BOR;KEMERHİSAR - KEMER;218. SOKAK;sokak;356452740
NİĞDE;BOR;KEMERHİSAR - KEMER;219. SOKAK;sokak;485138
NİĞDE;BOR;KEMERHİSAR - KEMER;220. SOKAK;sokak;972952
NİĞDE;BOR;KEMERHİSAR - KEMER;221. SOKAK;sokak;910974020
NİĞDE;BOR;KEMERHİSAR - KEMER;222. SOKAK;sokak;480103
NİĞDE;BOR;KEMERHİSAR - KEMER;223. SOKAK;sokak;313428920
NİĞDE;BOR;KEMERHİSAR - KEMER;224. SOKAK;sokak;480104
NİĞDE;BOR;KEMERHİSAR - KEMER;225. SOKAK;sokak;478150
NİĞDE;BOR;KEMERHİSAR - KEMER;226. SOKAK;sokak;478149
NİĞDE;BOR;KEMERHİSAR - KEMER;227. SOKAK;sokak;846653550
NİĞDE;BOR;KEMERHİSAR - KEMER;228. SOKAK;sokak;1476969
NİĞDE;BOR;KEMERHİSAR - KEMER;229. SOKAK;sokak;819391
NİĞDE;BOR;KEMERHİSAR - KEMER;230. SOKAK;sokak;480106
NİĞDE;BOR;KEMERHİSAR - KEMER;231. SOKAK;sokak;968414810
NİĞDE;BOR;KEMERHİSAR - KEMER;232. SOKAK;sokak;472630
NİĞDE;BOR;KEMERHİSAR - KEMER;233. SOKAK;sokak;828688860
NİĞDE;BOR;KEMERHİSAR - KEMER;234. SOKAK;sokak;163646300
NİĞDE;BOR;KEMERHİSAR - KEMER;235 SOKAK;sokak;451359020
NİĞDE;BOR;KEMERHİSAR - KEMER;237. SOKAK;sokak;318825090
NİĞDE;BOR;KEMERHİSAR - KEMER;238. SOKAK;sokak;272005750
NİĞDE;BOR;KEMERHİSAR - KEMER;239. SOKAK;sokak;544151460
NİĞDE;BOR;KEMERHİSAR - KEMER;240. SOKAK;sokak;564008720
NİĞDE;BOR;KEMERHİSAR - KEMER;241. SOKAK;sokak;863057450
NİĞDE;BOR;KEMERHİSAR - KEMER;242. SOKAK;sokak;485137
NİĞDE;BOR;KEMERHİSAR - KEMER;312. SOKAK;sokak;631723161
NİĞDE;BOR;KEMERHİSAR - KEMER;5. SOKAK;sokak;174638860
NİĞDE;BOR;KEMERHİSAR - KEMER;ADNAN MENDERES CADDE;cadde;333612390
NİĞDE;BOR;KEMERHİSAR - KEMER;ATLILAR SOKAK;sokak;28211
NİĞDE;BOR;KEMERHİSAR - KEMER;BOZLAKLAR SOKAK;sokak;477307
NİĞDE;BOR;KEMERHİSAR - KEMER;ÇAĞLAK SOKAK;sokak;478452
NİĞDE;BOR;KEMERHİSAR - KEMER;ÇATALBENT SOKAK;sokak;885589521
NİĞDE;BOR;KEMERHİSAR - KEMER;ÇATILIYİR SOKAK;sokak;483350
NİĞDE;BOR;KEMERHİSAR - KEMER;ÇİMEN SOKAK;sokak;483348
NİĞDE;BOR;KEMERHİSAR - KEMER;EREN SOKAK;sokak;517995830
NİĞDE;BOR;KEMERHİSAR - KEMER;HALİL İBRAHİM TER SOKAK;sokak;472626
NİĞDE;BOR;KEMERHİSAR - KEMER;HAMAM SOKAK;sokak;28204
NİĞDE;BOR;KEMERHİSAR - KEMER;İNCE SOKAK;sokak;28205
NİĞDE;BOR;KEMERHİSAR - KEMER;KAFLAR SOKAK;sokak;478448
NİĞDE;BOR;KEMERHİSAR - KEMER;KANLIYER SOKAK;sokak;480105
NİĞDE;BOR;KEMERHİSAR - KEMER;KEMERHİSAR CADDE;cadde;433053170
NİĞDE;BOR;KEMERHİSAR - KEMER;OĞRAN SOKAK;sokak;28206
NİĞDE;BOR;KEMERHİSAR - KEMER;PİLOT İSMET ERTAN CADDE;cadde;28210
NİĞDE;BOR;KEMERHİSAR - KEMER;REFİK ARSLAN ÖZTÜRK CADDE;cadde;28209
NİĞDE;BOR;KEMERHİSAR - KEMER;SARILAR SOKAK;sokak;736981441
NİĞDE;BOR;KEMERHİSAR - KEMER;TYANA CADDE;cadde;28207
NİĞDE;BOR;KEMERHİSAR - KEMER;ÜMİT YAŞAR KUNT CADDE;cadde;28208
NİĞDE;BOR;KEMERHİSAR - KEMER;YAYLA YOLU SOKAK;sokak;472629
NİĞDE;BOR;KEMERHİSAR - TEPE;400. SOKAK;sokak;28244
NİĞDE;BOR;KEMERHİSAR - TEPE;401. SOKAK;sokak;485036
NİĞDE;BOR;KEMERHİSAR - TEPE;402. SOKAK;sokak;485037
NİĞDE;BOR;KEMERHİSAR - TEPE;403. SOKAK;sokak;485039
NİĞDE;BOR;KEMERHİSAR - TEPE;404. SOKAK;sokak;273682160
NİĞDE;BOR;KEMERHİSAR - TEPE;405. SOKAK;sokak;478105
NİĞDE;BOR;KEMERHİSAR - TEPE;406. SOKAK;sokak;478106
NİĞDE;BOR;KEMERHİSAR - TEPE;407. SOKAK;sokak;484484
NİĞDE;BOR;KEMERHİSAR - TEPE;408. SOKAK;sokak;484485
NİĞDE;BOR;KEMERHİSAR - TEPE;409. SOKAK;sokak;1292847
NİĞDE;BOR;KEMERHİSAR - TEPE;410. SOKAK;sokak;225435990
NİĞDE;BOR;KEMERHİSAR - TEPE;411. SOKAK;sokak;815266340
NİĞDE;BOR;KEMERHİSAR - TEPE;412. SOKAK;sokak;452016880
NİĞDE;BOR;KEMERHİSAR - TEPE;413. SOKAK;sokak;1039103
NİĞDE;BOR;KEMERHİSAR - TEPE;414. SOKAK;sokak;485034
NİĞDE;BOR;KEMERHİSAR - TEPE;416. SOKAK;sokak;1430169
NİĞDE;BOR;KEMERHİSAR - TEPE;417. SOKAK;sokak;1489705
NİĞDE;BOR;KEMERHİSAR - TEPE;418. SOKAK;sokak;484488
NİĞDE;BOR;KEMERHİSAR - TEPE;419. SOKAK;sokak;808159
NİĞDE;BOR;KEMERHİSAR - TEPE;420. SOKAK;sokak;829310070
NİĞDE;BOR;KEMERHİSAR - TEPE;421. SOKAK;sokak;917131
NİĞDE;BOR;KEMERHİSAR - TEPE;422. SOKAK;sokak;928833
NİĞDE;BOR;KEMERHİSAR - TEPE;423. SOKAK;sokak;985214
NİĞDE;BOR;KEMERHİSAR - TEPE;424. SOKAK;sokak;1059581
NİĞDE;BOR;KEMERHİSAR - TEPE;425. SOKAK;sokak;484491
NİĞDE;BOR;KEMERHİSAR - TEPE;426. SOKAK;sokak;1109236
NİĞDE;BOR;KEMERHİSAR - TEPE;427. SOKAK;sokak;383279950
NİĞDE;BOR;KEMERHİSAR - TEPE;428. SOKAK;sokak;113729190
NİĞDE;BOR;KEMERHİSAR - TEPE;429. SOKAK;sokak;1505323
NİĞDE;BOR;KEMERHİSAR - TEPE;430. SOKAK;sokak;1108781
NİĞDE;BOR;KEMERHİSAR - TEPE;431. SOKAK;sokak;193090120
NİĞDE;BOR;KEMERHİSAR - TEPE;432. SOKAK;sokak;794969310
NİĞDE;BOR;KEMERHİSAR - TEPE;433. SOKAK;sokak;1041316
NİĞDE;BOR;KEMERHİSAR - TEPE;434. SOKAK;sokak;534512820
NİĞDE;BOR;KEMERHİSAR - TEPE;435. SOKAK;sokak;286005750
NİĞDE;BOR;KEMERHİSAR - TEPE;436. SOKAK;sokak;984492590
NİĞDE;BOR;KEMERHİSAR - TEPE;437. SOKAK;sokak;591075990
NİĞDE;BOR;KEMERHİSAR - TEPE;438. SOKAK;sokak;170443710
NİĞDE;BOR;KEMERHİSAR - TEPE;439. SOKAK;sokak;400531830
NİĞDE;BOR;KEMERHİSAR - TEPE;440. SOKAK;sokak;511979290
NİĞDE;BOR;KEMERHİSAR - TEPE;441. SOKAK;sokak;632771720
NİĞDE;BOR;KEMERHİSAR - TEPE;442. SOKAK;sokak;1512965
NİĞDE;BOR;KEMERHİSAR - TEPE;443. SOKAK;sokak;925745990
NİĞDE;BOR;KEMERHİSAR - TEPE;444. SOKAK;sokak;816424490
NİĞDE;BOR;KEMERHİSAR - TEPE;445. SOKAK;sokak;114097780
NİĞDE;BOR;KEMERHİSAR - TEPE;446. SOKAK;sokak;114756050
NİĞDE;BOR;KEMERHİSAR - TEPE;447. SOKAK;sokak;816028070
NİĞDE;BOR;KEMERHİSAR - TEPE;448. SOKAK;sokak;401243720
NİĞDE;BOR;KEMERHİSAR - TEPE;449. SOKAK;sokak;810487
NİĞDE;BOR;KEMERHİSAR - TEPE;450. SOKAK;sokak;1366673
NİĞDE;BOR;KEMERHİSAR - TEPE;451. SOKAK;sokak;485035
NİĞDE;BOR;KEMERHİSAR - TEPE;452. SOKAK;sokak;771840260
NİĞDE;BOR;KEMERHİSAR - TEPE;453. SOKAK;sokak;118748230
NİĞDE;BOR;KEMERHİSAR - TEPE;454. SOKAK;sokak;285816010
NİĞDE;BOR;KEMERHİSAR - TEPE;455. SOKAK;sokak;511266051
NİĞDE;BOR;KEMERHİSAR - TEPE;456 SOKAK;sokak;383254451
NİĞDE;BOR;KEMERHİSAR - TEPE;457. SOKAK;sokak;486948971
NİĞDE;BOR;KEMERHİSAR - TEPE;458 SOKAK;sokak;345064101
NİĞDE;BOR;KEMERHİSAR - TEPE;459 SOKAK;sokak;705772591
NİĞDE;BOR;KEMERHİSAR - TEPE;ADA SOKAK;sokak;824931
NİĞDE;BOR;KEMERHİSAR - TEPE;ADANA NIĞDE YOLU BULVAR;sokak;172186860
NİĞDE;BOR;KEMERHİSAR - TEPE;ADEM CADDE;cadde;474768
NİĞDE;BOR;KEMERHİSAR - TEPE;AKKUŞ SOKAK;sokak;28225
NİĞDE;BOR;KEMERHİSAR - TEPE;ALTAY SOKAK;sokak;28237
NİĞDE;BOR;KEMERHİSAR - TEPE;AYHAN ATLI SOKAK;sokak;484487
NİĞDE;BOR;KEMERHİSAR - TEPE;BENLİAĞIL SOKAK;sokak;1349821
NİĞDE;BOR;KEMERHİSAR - TEPE;BEREKET MEVKİİ KÜME EVLER;sokak;1107716
NİĞDE;BOR;KEMERHİSAR - TEPE;BİÇEN SOKAK;sokak;28238
NİĞDE;BOR;KEMERHİSAR - TEPE;BÖRÜ SOKAK;sokak;750388691
NİĞDE;BOR;KEMERHİSAR - TEPE;ÇELİKLER SOKAK;sokak;474760
NİĞDE;BOR;KEMERHİSAR - TEPE;ÇENE MEVKİİ KÜME EVLER;sokak;824930
NİĞDE;BOR;KEMERHİSAR - TEPE;ÇENE SOKAK;sokak;28241
NİĞDE;BOR;KEMERHİSAR - TEPE;ÇİNİLER SOKAK;sokak;478108
NİĞDE;BOR;KEMERHİSAR - TEPE;DİKİLİTAŞ CADDE;cadde;28231
NİĞDE;BOR;KEMERHİSAR - TEPE;DOĞAN BARAN CADDE;cadde;28230
NİĞDE;BOR;KEMERHİSAR - TEPE;FETHİ SEKİN SOKAK;sokak;1517887
NİĞDE;BOR;KEMERHİSAR - TEPE;GÖZENLER SOKAK;sokak;474761
NİĞDE;BOR;KEMERHİSAR - TEPE;HÜSEYİN KAYA CADDE;cadde;474764
NİĞDE;BOR;KEMERHİSAR - TEPE;İSTASYON SOKAK;sokak;123482070
NİĞDE;BOR;KEMERHİSAR - TEPE;KARAMAN SOKAK;sokak;459071851
NİĞDE;BOR;KEMERHİSAR - TEPE;KARATAŞLAR SOKAK;sokak;478113
NİĞDE;BOR;KEMERHİSAR - TEPE;KD.YZB.ÖNDER SİNGİN CADDE;cadde;474766
NİĞDE;BOR;KEMERHİSAR - TEPE;KEMERHISAR POZANTI OTOYOLU BULVAR;sokak;311018920
NİĞDE;BOR;KEMERHİSAR - TEPE;KENAN SOKAK;sokak;408092791
NİĞDE;BOR;KEMERHİSAR - TEPE;KEPENEKLER SOKAK;sokak;484497
NİĞDE;BOR;KEMERHİSAR - TEPE;KILINÇ CADDE;cadde;474767
NİĞDE;BOR;KEMERHİSAR - TEPE;KIŞ SOKAK;sokak;484493
NİĞDE;BOR;KEMERHİSAR - TEPE;KÖSELER SOKAK;sokak;478107
NİĞDE;BOR;KEMERHİSAR - TEPE;KURAN KURSU SOKAK;sokak;28242
NİĞDE;BOR;KEMERHİSAR - TEPE;MEHMET AKGÖR SOKAK;sokak;484494
NİĞDE;BOR;KEMERHİSAR - TEPE;NİHAT TİMUR BULVARI BULVAR;sokak;474762
NİĞDE;BOR;KEMERHİSAR - TEPE;NİSAN SOKAK;sokak;700938281
NİĞDE;BOR;KEMERHİSAR - TEPE;ÖZCAN SOKAK;sokak;28236
NİĞDE;BOR;KEMERHİSAR - TEPE;SALTIK- KÜME EVLER;sokak;824932
NİĞDE;BOR;KEMERHİSAR - TEPE;SAVUR MEVKİİ KÜME EVLER;sokak;1373103
NİĞDE;BOR;KEMERHİSAR - TEPE;SİRKENLİ MEVKİİ KÜME EVLER;sokak;998919
NİĞDE;BOR;KEMERHİSAR - TEPE;SÖBÜ ÇAYIR ÇENE SOKAK;sokak;478111
NİĞDE;BOR;KEMERHİSAR - TEPE;SÖBÜ ÇAYIR SOKAK;sokak;478110
NİĞDE;BOR;KEMERHİSAR - TEPE;SÜMER SOKAK;sokak;1516071
NİĞDE;BOR;KEMERHİSAR - TEPE;SÜRMELİ SOKAK;sokak;484489
NİĞDE;BOR;KEMERHİSAR - TEPE;ŞAHİN SOKAK;sokak;478109
NİĞDE;BOR;KEMERHİSAR - TEPE;TARHAN SOKAK;sokak;28240
NİĞDE;BOR;KEMERHİSAR - TEPE;TAŞKIN SOKAK;sokak;28233
NİĞDE;BOR;KEMERHİSAR - TEPE;TUNA SOKAK;sokak;736656221
NİĞDE;BOR;KEMERHİSAR - TEPE;TUNCER ERKE SOKAK;sokak;484486
NİĞDE;BOR;KEMERHİSAR - TEPE;YAĞIZ SOKAK;sokak;1519061
NİĞDE;BOR;KEMERHİSAR - TEPE;YAVRULAR SOKAK;sokak;28239
NİĞDE;BOR;KEMERHİSAR - TEPE;YORGUNLAR SOKAK;sokak;474763
NİĞDE;BOR;KEMERHİSAR - TEPE;YUMURTACILAR SOKAK;sokak;474765
NİĞDE;BOR;KEMERHİSAR - TEPE;YÜNLÜ SOKAK;sokak;28232
NİĞDE;BOR;KEMERHİSAR - TEPE;ZORLU SOKAK;sokak;484492
NİĞDE;BOR;KILAVUZ NA;KILAVUZ KÜME EVLER;sokak;482010
NİĞDE;BOR;KIZILCA - AZİZLER;6 SOKAK;sokak;933220
NİĞDE;BOR;KIZILCA - AZİZLER;AHMET AKTAŞ SOKAK;sokak;483795
NİĞDE;BOR;KIZILCA - AZİZLER;AHMET AKTAŞ1 SOKAK;sokak;194404600
NİĞDE;BOR;KIZILCA - AZİZLER;AKSARAY NIĞDE YOLU BULVAR;sokak;137573800
NİĞDE;BOR;KIZILCA - AZİZLER;AKSARAY NIĞDE YOLU1 SOKAK;sokak;255851670
NİĞDE;BOR;KIZILCA - AZİZLER;AKSARAY NIĞDE YOLU4 SOKAK;sokak;511942980
NİĞDE;BOR;KIZILCA - AZİZLER;ALPARSLAN TÜRKEŞ SOKAK;sokak;483803
NİĞDE;BOR;KIZILCA - AZİZLER;ATATÜRK SOKAK;sokak;477697
NİĞDE;BOR;KIZILCA - AZİZLER;BAHÇELİ SOKAK;sokak;477703
NİĞDE;BOR;KIZILCA - AZİZLER;BAHÇELİ1 SOKAK;sokak;454083900
NİĞDE;BOR;KIZILCA - AZİZLER;BATTAL SOKAK;sokak;483799
NİĞDE;BOR;KIZILCA - AZİZLER;BATTAL1 SOKAK;sokak;572753980
NİĞDE;BOR;KIZILCA - AZİZLER;BATTAL2 SOKAK;sokak;249098890
NİĞDE;BOR;KIZILCA - AZİZLER;BATTAL3 SOKAK;sokak;346189340
NİĞDE;BOR;KIZILCA - AZİZLER;BATTAL4 SOKAK;sokak;607905400
NİĞDE;BOR;KIZILCA - AZİZLER;BAYKAL SOKAK;sokak;477699
NİĞDE;BOR;KIZILCA - AZİZLER;DEĞİRMEN SOKAK;sokak;483797
NİĞDE;BOR;KIZILCA - AZİZLER;FEHMİ SÖNMEZ SOKAK;sokak;849317161
NİĞDE;BOR;KIZILCA - AZİZLER;HAN SOKAK;sokak;23097
NİĞDE;BOR;KIZILCA - AZİZLER;KARA DEDE SOKAK;sokak;477702
NİĞDE;BOR;KIZILCA - AZİZLER;KENYA SOKAK;sokak;483800
NİĞDE;BOR;KIZILCA - AZİZLER;KENYA1 SOKAK;sokak;556384720
NİĞDE;BOR;KIZILCA - AZİZLER;KENYA2 SOKAK;sokak;171373810
NİĞDE;BOR;KIZILCA - AZİZLER;ÖZKAN SOKAK;sokak;477700
NİĞDE;BOR;KIZILCA - AZİZLER;RASİM AZİZOĞLU SOKAK;sokak;477698
NİĞDE;BOR;KIZILCA - AZİZLER;RASİM AZİZOĞLU1 SOKAK;sokak;850477020
NİĞDE;BOR;KIZILCA - AZİZLER;SEYİT BAYKAL SOKAK;sokak;477701
NİĞDE;BOR;KIZILCA - AZİZLER;SÜLEYMAN DEMİREL SOKAK;sokak;232053210
NİĞDE;BOR;KIZILCA - AZİZLER;SÜLEYMAN DEMİREL2 SOKAK;sokak;994756260
NİĞDE;BOR;KIZILCA - AZİZLER;YAVUZ SULTAN SOKAK;sokak;933219
NİĞDE;BOR;KIZILCA - AZİZLER;YAVUZ SULTAN1 SOKAK;sokak;180843430
NİĞDE;BOR;KIZILCA - AZİZLER;YAVUZ SULTAN3 SOKAK;sokak;488161280
NİĞDE;BOR;KIZILCA - CAMİ;ABBAS SOKAK;sokak;483791
NİĞDE;BOR;KIZILCA - CAMİ;ABDULLAH GÖKBUDAK SOKAK;sokak;483790
NİĞDE;BOR;KIZILCA - CAMİ;ABDULLAH YILDIRIM SOKAK;sokak;477688
NİĞDE;BOR;KIZILCA - CAMİ;AKYILDIZ SOKAK;sokak;477690
NİĞDE;BOR;KIZILCA - CAMİ;ATALAY SOKAK;sokak;23099
NİĞDE;BOR;KIZILCA - CAMİ;ATATÜRK SOKAK;sokak;482436
NİĞDE;BOR;KIZILCA - CAMİ;AZİZLER/1 SOKAK;sokak;444336050
NİĞDE;BOR;KIZILCA - CAMİ;CAMİ/1 SOKAK;sokak;212015870
NİĞDE;BOR;KIZILCA - CAMİ;CAMİ/11 SOKAK;sokak;514975500
NİĞDE;BOR;KIZILCA - CAMİ;CAMİ/12 SOKAK;sokak;668963330
NİĞDE;BOR;KIZILCA - CAMİ;CAMİ/13 SOKAK;sokak;230193260
NİĞDE;BOR;KIZILCA - CAMİ;CAMİ/14 SOKAK;sokak;489935390
NİĞDE;BOR;KIZILCA - CAMİ;CAMİ/15 SOKAK;sokak;311098380
NİĞDE;BOR;KIZILCA - CAMİ;CAMİ/16 SOKAK;sokak;311444960
NİĞDE;BOR;KIZILCA - CAMİ;CAMİ/17 SOKAK;sokak;463265420
NİĞDE;BOR;KIZILCA - CAMİ;CAMİ/18 SOKAK;sokak;789510430
NİĞDE;BOR;KIZILCA - CAMİ;CAMİ/20 SOKAK;sokak;377968020
NİĞDE;BOR;KIZILCA - CAMİ;CAMİ/21 SOKAK;sokak;208269960
NİĞDE;BOR;KIZILCA - CAMİ;CAMİ/22 SOKAK;sokak;367036430
NİĞDE;BOR;KIZILCA - CAMİ;CAMİ/25 SOKAK;sokak;242841430
NİĞDE;BOR;KIZILCA - CAMİ;CAMİ/26 SOKAK;sokak;934480250
NİĞDE;BOR;KIZILCA - CAMİ;CAMİ/27 SOKAK;sokak;291356960
NİĞDE;BOR;KIZILCA - CAMİ;CAMİ/29 SOKAK;sokak;572266490
NİĞDE;BOR;KIZILCA - CAMİ;CAMİ/30 SOKAK;sokak;702751360
NİĞDE;BOR;KIZILCA - CAMİ;CAMİ/31 SOKAK;sokak;348237570
NİĞDE;BOR;KIZILCA - CAMİ;CAMİ/32 SOKAK;sokak;214642760
NİĞDE;BOR;KIZILCA - CAMİ;CAMİ/33 SOKAK;sokak;576096120
NİĞDE;BOR;KIZILCA - CAMİ;CAMİ/34 SOKAK;sokak;497765600
NİĞDE;BOR;KIZILCA - CAMİ;CAMİ/35 SOKAK;sokak;400584480
NİĞDE;BOR;KIZILCA - CAMİ;CAMİ/36 SOKAK;sokak;929499240
NİĞDE;BOR;KIZILCA - CAMİ;CAMİ/38 SOKAK;sokak;356815350
NİĞDE;BOR;KIZILCA - CAMİ;CAMİ/6 SOKAK;sokak;429617220
NİĞDE;BOR;KIZILCA - CAMİ;CAMİ/60 SOKAK;sokak;433271390
NİĞDE;BOR;KIZILCA - CAMİ;CAMİ/7 SOKAK;sokak;879773690
NİĞDE;BOR;KIZILCA - CAMİ;CAMİ/8 SOKAK;sokak;721189610
NİĞDE;BOR;KIZILCA - CAMİ;CAMİ/9 SOKAK;sokak;958918340
NİĞDE;BOR;KIZILCA - CAMİ;ÇAMLIDAĞ SOKAK;sokak;477695
NİĞDE;BOR;KIZILCA - CAMİ;ÇETİNKAYA SOKAK;sokak;477694
NİĞDE;BOR;KIZILCA - CAMİ;FEHMİ SÖNMEZ SOKAK;sokak;474209
NİĞDE;BOR;KIZILCA - CAMİ;İDAM SOKAK;sokak;477696
NİĞDE;BOR;KIZILCA - CAMİ;İNÖNÜ SOKAK;sokak;477691
NİĞDE;BOR;KIZILCA - CAMİ;NURAY ÖLMEZ SOKAK;sokak;474213
NİĞDE;BOR;KIZILCA - CAMİ;ÖMER AKIN SOKAK;sokak;483784
NİĞDE;BOR;KIZILCA - CAMİ;RASİM AZİZOĞLU SOKAK;sokak;483782
NİĞDE;BOR;KIZILCA - CAMİ;SÜLEYMAN DEMİREL SOKAK;sokak;477692
NİĞDE;BOR;KIZILCA - CAMİ;ŞEHİT REYHANİ AVŞAR SOKAK;sokak;474214
NİĞDE;BOR;KIZILCA - CAMİ;TAŞTÖME KÜME EVLER;sokak;148513311
NİĞDE;BOR;KIZILCA - CAMİ;TURGUT SOKAK;sokak;477689
NİĞDE;BOR;KIZILCA - CAMİ;TÜRKLER SOKAK;sokak;483786
NİĞDE;BOR;KIZILCA - CAMİ;ULU SOKAK;sokak;480724
NİĞDE;BOR;KIZILCA - CAMİ;YAVUZ SOYSAL SOKAK;sokak;477685
NİĞDE;BOR;KIZILCA - OKULLAR;AKKUŞ SOKAK;sokak;476734
NİĞDE;BOR;KIZILCA - OKULLAR;AKSARAY NIĞDE YOLU BULVAR;sokak;106964660
NİĞDE;BOR;KIZILCA - OKULLAR;AKSARAY NIĞDE YOLU/2 SOKAK;sokak;236523240
NİĞDE;BOR;KIZILCA - OKULLAR;AKŞEN SOKAK;sokak;479305
NİĞDE;BOR;KIZILCA - OKULLAR;ALİ GÜLÜMSER SOKAK;sokak;483292
NİĞDE;BOR;KIZILCA - OKULLAR;ALPARSLAN TÜRKEŞ SOKAK;sokak;253853290
NİĞDE;BOR;KIZILCA - OKULLAR;ALT GEÇİT SOKAK;sokak;483291
NİĞDE;BOR;KIZILCA - OKULLAR;ATATÜRK SOKAK;sokak;480194
NİĞDE;BOR;KIZILCA - OKULLAR;ATATÜRK/1 SOKAK;sokak;873721570
NİĞDE;BOR;KIZILCA - OKULLAR;AYSU SOKAK;sokak;483290
NİĞDE;BOR;KIZILCA - OKULLAR;BOR SOKAK;sokak;476735
NİĞDE;BOR;KIZILCA - OKULLAR;CINGILLI SOKAK;sokak;955822
NİĞDE;BOR;KIZILCA - OKULLAR;ERTUĞRUL SOKAK;sokak;476733
NİĞDE;BOR;KIZILCA - OKULLAR;HACI MULLA SOKAK;sokak;476736
NİĞDE;BOR;KIZILCA - OKULLAR;KARA DEDE SOKAK;sokak;485490
NİĞDE;BOR;KIZILCA - OKULLAR;KARADEDE/1 SOKAK;sokak;238109550
NİĞDE;BOR;KIZILCA - OKULLAR;KARADEDE/3 SOKAK;sokak;768509730
NİĞDE;BOR;KIZILCA - OKULLAR;KAVİM SOKAK;sokak;475804
NİĞDE;BOR;KIZILCA - OKULLAR;KAVİM/1 SOKAK;sokak;139759170
NİĞDE;BOR;KIZILCA - OKULLAR;KENAN AVŞAR SOKAK;sokak;23107
NİĞDE;BOR;KIZILCA - OKULLAR;KENAN AVŞAR/1 SOKAK;sokak;667416530
NİĞDE;BOR;KIZILCA - OKULLAR;KENAN AVŞAR/2 SOKAK;sokak;303818910
NİĞDE;BOR;KIZILCA - OKULLAR;KUMRU SOKAK;sokak;476732
NİĞDE;BOR;KIZILCA - OKULLAR;MUTLU SOKAK;sokak;474205
NİĞDE;BOR;KIZILCA - OKULLAR;OKULLAR/1 SOKAK;sokak;117967450
NİĞDE;BOR;KIZILCA - OKULLAR;OKULLAR/10 SOKAK;sokak;496651020
NİĞDE;BOR;KIZILCA - OKULLAR;OKULLAR/11 SOKAK;sokak;392768030
NİĞDE;BOR;KIZILCA - OKULLAR;OKULLAR/12 SOKAK;sokak;372698000
NİĞDE;BOR;KIZILCA - OKULLAR;OKULLAR/13 SOKAK;sokak;311235160
NİĞDE;BOR;KIZILCA - OKULLAR;OKULLAR/15 SOKAK;sokak;361850310
NİĞDE;BOR;KIZILCA - OKULLAR;OKULLAR/16 SOKAK;sokak;233988370
NİĞDE;BOR;KIZILCA - OKULLAR;OKULLAR/17 SOKAK;sokak;726891510
NİĞDE;BOR;KIZILCA - OKULLAR;OKULLAR/18 SOKAK;sokak;736284220
NİĞDE;BOR;KIZILCA - OKULLAR;OKULLAR/19 SOKAK;sokak;249816150
NİĞDE;BOR;KIZILCA - OKULLAR;OKULLAR/2 SOKAK;sokak;125251270
NİĞDE;BOR;KIZILCA - OKULLAR;OKULLAR/20 SOKAK;sokak;728401350
NİĞDE;BOR;KIZILCA - OKULLAR;OKULLAR/21 SOKAK;sokak;214482120
NİĞDE;BOR;KIZILCA - OKULLAR;OKULLAR/22 SOKAK;sokak;354002580
NİĞDE;BOR;KIZILCA - OKULLAR;OKULLAR/23 SOKAK;sokak;886687850
NİĞDE;BOR;KIZILCA - OKULLAR;OKULLAR/231 SOKAK;sokak;985999880
NİĞDE;BOR;KIZILCA - OKULLAR;OKULLAR/24 SOKAK;sokak;447556840
NİĞDE;BOR;KIZILCA - OKULLAR;OKULLAR/3 SOKAK;sokak;389394190
NİĞDE;BOR;KIZILCA - OKULLAR;OKULLAR/4 SOKAK;sokak;278290760
NİĞDE;BOR;KIZILCA - OKULLAR;OKULLAR/5 SOKAK;sokak;134480480
NİĞDE;BOR;KIZILCA - OKULLAR;OKULLAR/6 SOKAK;sokak;316650520
NİĞDE;BOR;KIZILCA - OKULLAR;OKULLAR/7 SOKAK;sokak;169175020
NİĞDE;BOR;KIZILCA - OKULLAR;OKULLAR/8 SOKAK;sokak;527028750
NİĞDE;BOR;KIZILCA - OKULLAR;OKULLAR/9 SOKAK;sokak;199291570
NİĞDE;BOR;KIZILCA - OKULLAR;ÖLMEZ SOKAK;sokak;474228
NİĞDE;BOR;KIZILCA - OKULLAR;ŞEHİT REYHANİ AVŞAR SOKAK;sokak;479302
NİĞDE;BOR;KIZILCA - OKULLAR;TURGUT ÖZAL SOKAK;sokak;483289
NİĞDE;BOR;KIZILCA - OKULLAR;TURGUT ÖZAL/1 SOKAK;sokak;141673080
NİĞDE;BOR;KIZILCA - OKULLAR;TÜRKLER SOKAK;sokak;470744631
NİĞDE;BOR;KIZILKAPI NA;KIZILKAPI KÜME EVLER;sokak;479744
NİĞDE;BOR;KÜRKÇÜ NA;KÜRKÇÜ KÜME EVLER;sokak;479372
NİĞDE;BOR;OBRUK NA;ADANA AKSARAY YOLU BULVAR;sokak;147775440
NİĞDE;BOR;OBRUK NA;OBRUK KÜME EVLER;sokak;473449
NİĞDE;BOR;OKÇU NA;OKÇU KÜME EVLER;sokak;483266
NİĞDE;BOR;ORGANİZE SANAYİ BÖLGESİ;1 NOLU YOL CADDE;cadde;832618
NİĞDE;BOR;ORGANİZE SANAYİ BÖLGESİ;10 NOLU YOL CADDE;cadde;832613
NİĞDE;BOR;ORGANİZE SANAYİ BÖLGESİ;11 NOLU YOL CADDE;cadde;832611
NİĞDE;BOR;ORGANİZE SANAYİ BÖLGESİ;12 NOLU YOL CADDE;cadde;832599
NİĞDE;BOR;ORGANİZE SANAYİ BÖLGESİ;13 A NOLU YOL CADDE;cadde;832598
NİĞDE;BOR;ORGANİZE SANAYİ BÖLGESİ;13 NOLU YOL CADDE;cadde;832596
NİĞDE;BOR;ORGANİZE SANAYİ BÖLGESİ;14 NOLU YOL CADDE;cadde;832594
NİĞDE;BOR;ORGANİZE SANAYİ BÖLGESİ;15 NOLU YOL CADDE;cadde;1313371
NİĞDE;BOR;ORGANİZE SANAYİ BÖLGESİ;16 NOLU YOL CADDE;cadde;832612
NİĞDE;BOR;ORGANİZE SANAYİ BÖLGESİ;17 NOLU YOL CADDE;cadde;832597
NİĞDE;BOR;ORGANİZE SANAYİ BÖLGESİ;18 NOLU YOL CADDE;cadde;1313343
NİĞDE;BOR;ORGANİZE SANAYİ BÖLGESİ;19 NOLU YOL CADDE;cadde;1313345
NİĞDE;BOR;ORGANİZE SANAYİ BÖLGESİ;2 B NOLU YOL CADDE;cadde;832595
NİĞDE;BOR;ORGANİZE SANAYİ BÖLGESİ;2 NOLU YOL CADDE;cadde;832621
NİĞDE;BOR;ORGANİZE SANAYİ BÖLGESİ;2-A NOLU YOL CADDE;cadde;842181
NİĞDE;BOR;ORGANİZE SANAYİ BÖLGESİ;20 NOLU YOL CADDE;cadde;832620
NİĞDE;BOR;ORGANİZE SANAYİ BÖLGESİ;21 NOLU YOL CADDE;cadde;832614
NİĞDE;BOR;ORGANİZE SANAYİ BÖLGESİ;21 NOLUYOL CADDE;cadde;892291
NİĞDE;BOR;ORGANİZE SANAYİ BÖLGESİ;22 NOLU YO CADDE;cadde;1313339
NİĞDE;BOR;ORGANİZE SANAYİ BÖLGESİ;23 NOLU YOL CADDE;cadde;1313351
NİĞDE;BOR;ORGANİZE SANAYİ BÖLGESİ;24 NOLU YOL CADDE;cadde;1313333
NİĞDE;BOR;ORGANİZE SANAYİ BÖLGESİ;25 NOLU YOL CADDE;cadde;1313337
NİĞDE;BOR;ORGANİZE SANAYİ BÖLGESİ;26 NOLU YOL CADDE;cadde;832617
NİĞDE;BOR;ORGANİZE SANAYİ BÖLGESİ;27 NOLU YOL CADDE;cadde;1313365
NİĞDE;BOR;ORGANİZE SANAYİ BÖLGESİ;28 NOLU YOL CADDE;cadde;1313363
NİĞDE;BOR;ORGANİZE SANAYİ BÖLGESİ;29 NOLU YOL CADDE;cadde;1313361
NİĞDE;BOR;ORGANİZE SANAYİ BÖLGESİ;3 NOLU YOL CADDE;cadde;832610
NİĞDE;BOR;ORGANİZE SANAYİ BÖLGESİ;30 NOLU YOL CADDE;cadde;1313299
NİĞDE;BOR;ORGANİZE SANAYİ BÖLGESİ;31 NOLU YOL CADDE;cadde;1313297
NİĞDE;BOR;ORGANİZE SANAYİ BÖLGESİ;32 NOLU YOL CADDE;cadde;832592
NİĞDE;BOR;ORGANİZE SANAYİ BÖLGESİ;33 NOLU YOL CADDE;cadde;1313347
NİĞDE;BOR;ORGANİZE SANAYİ BÖLGESİ;34 NOLU YOL CADDE;cadde;1313341
NİĞDE;BOR;ORGANİZE SANAYİ BÖLGESİ;35 NOLU YOL CADDE;cadde;1313293
NİĞDE;BOR;ORGANİZE SANAYİ BÖLGESİ;4 NOLU YOL CADDE;cadde;832619
NİĞDE;BOR;ORGANİZE SANAYİ BÖLGESİ;5 NOLU YOL CADDE;cadde;1313369
NİĞDE;BOR;ORGANİZE SANAYİ BÖLGESİ;6 NOLU YOL CADDE;cadde;1313375
NİĞDE;BOR;ORGANİZE SANAYİ BÖLGESİ;7 NOLU YOL CADDE;cadde;1313355
NİĞDE;BOR;ORGANİZE SANAYİ BÖLGESİ;8 NOLU YOL CADDE;cadde;1313373
NİĞDE;BOR;ORGANİZE SANAYİ BÖLGESİ;9 NOLU YOL CADDE;cadde;832616
NİĞDE;BOR;POSTALLI NA;POSTALLI KÜME EVLER;sokak;473889
NİĞDE;BOR;SELÇUK;13 SOKAK;sokak;594036
NİĞDE;BOR;SELÇUK;14 SOKAK;sokak;601550
NİĞDE;BOR;SELÇUK;15 SOKAK;sokak;600597
NİĞDE;BOR;SELÇUK;3 SOKAK;sokak;488012
NİĞDE;BOR;SELÇUK;34 SOKAK;sokak;117268
NİĞDE;BOR;SELÇUK;35 SOKAK;sokak;473882
NİĞDE;BOR;SELÇUK;36 SOKAK;sokak;479044
NİĞDE;BOR;SELÇUK;37 SOKAK;sokak;117269
NİĞDE;BOR;SELÇUK;38 SOKAK;sokak;474297
NİĞDE;BOR;SELÇUK;39. SOKAK;sokak;473879
NİĞDE;BOR;SELÇUK;4 SOKAK;sokak;488013
NİĞDE;BOR;SELÇUK;40 SOKAK;sokak;479046
NİĞDE;BOR;SELÇUK;41 SOKAK;sokak;479047
NİĞDE;BOR;SELÇUK;42 SOKAK;sokak;474612
NİĞDE;BOR;SELÇUK;43 SOKAK;sokak;474613
NİĞDE;BOR;SELÇUK;44 SOKAK;sokak;474614
NİĞDE;BOR;SELÇUK;45 SOKAK;sokak;473886
NİĞDE;BOR;SELÇUK;46 SOKAK;sokak;474294
NİĞDE;BOR;SELÇUK;47 SOKAK;sokak;474296
NİĞDE;BOR;SELÇUK;48 SOKAK;sokak;474293
NİĞDE;BOR;SELÇUK;49 SOKAK;sokak;117270
NİĞDE;BOR;SELÇUK;5 SOKAK;sokak;488014
NİĞDE;BOR;SELÇUK;50 SOKAK;sokak;839318
NİĞDE;BOR;SELÇUK;57 SOKAK;sokak;370628
NİĞDE;BOR;SELÇUK;58. SOKAK;sokak;488946
NİĞDE;BOR;SELÇUK;59 SOKAK;sokak;486231
NİĞDE;BOR;SELÇUK;6 SOKAK;sokak;481356
NİĞDE;BOR;SELÇUK;7 SOKAK;sokak;488017
NİĞDE;BOR;SELÇUK;8 SOKAK;sokak;475121
NİĞDE;BOR;SELÇUK;AHKEMOGLU SOKAK;sokak;475055
NİĞDE;BOR;SELÇUK;AKBALLI SOKAK;sokak;33289
NİĞDE;BOR;SELÇUK;ANIL ÇIKMAZI SOKAK;sokak;370621
NİĞDE;BOR;SELÇUK;ARMUTLU SOKAK;sokak;493498
NİĞDE;BOR;SELÇUK;ATALAY SOKAK;sokak;473885
NİĞDE;BOR;SELÇUK;AVANOĞLU SOKAK;sokak;491067
NİĞDE;BOR;SELÇUK;BAYIR SOKAK;sokak;485147
NİĞDE;BOR;SELÇUK;BEDESTEN ÖNÜ SOKAK;sokak;480497
NİĞDE;BOR;SELÇUK;BEDESTEN SOKAK;sokak;487609
NİĞDE;BOR;SELÇUK;BELEDİYE CADDE;cadde;479868
NİĞDE;BOR;SELÇUK;BELKIS SOKAK;sokak;483299
NİĞDE;BOR;SELÇUK;BODUROĞLU SOKAK;sokak;484534
NİĞDE;BOR;SELÇUK;BÖREKÇİ SOKAK;sokak;483735
NİĞDE;BOR;SELÇUK;BUCAK SOKAK;sokak;480368
NİĞDE;BOR;SELÇUK;BÜLBÜL ÇIKMAZI SOKAK;sokak;114665
NİĞDE;BOR;SELÇUK;CİNÇARŞISI SOKAK;sokak;474753
NİĞDE;BOR;SELÇUK;CUMHURİYET MEYDANI MEYDAN;sokak;487620
NİĞDE;BOR;SELÇUK;ÇAKMAK SOKAK;sokak;483069
NİĞDE;BOR;SELÇUK;ÇALAPKULU ÇIKMAZI SOKAK;sokak;482406
NİĞDE;BOR;SELÇUK;ÇAY SOKAK;sokak;485591
NİĞDE;BOR;SELÇUK;ÇAYCILAR SOKAK;sokak;486233
NİĞDE;BOR;SELÇUK;ÇAYIRLI CAMİİ SOKAK;sokak;493524
NİĞDE;BOR;SELÇUK;ÇETİNTÜRK SOKAK;sokak;603754
NİĞDE;BOR;SELÇUK;ÇEVRE YOLU CADDE;cadde;484287
NİĞDE;BOR;SELÇUK;ÇUKUR SOKAK;sokak;485583
NİĞDE;BOR;SELÇUK;DAMBULCA SOKAK;sokak;370626
NİĞDE;BOR;SELÇUK;DİNK SOKAK;sokak;370620
NİĞDE;BOR;SELÇUK;DR.FAİK BEY SOKAK;sokak;488945
NİĞDE;BOR;SELÇUK;EKEMEN SOKAK;sokak;370627
NİĞDE;BOR;SELÇUK;EMİN SOKAK;sokak;479573
NİĞDE;BOR;SELÇUK;ERDEM SOKAK;sokak;36938
NİĞDE;BOR;SELÇUK;ESKİ DABAKHANE SOKAK;sokak;485581
NİĞDE;BOR;SELÇUK;ESKİ EREĞLİ YOLU SOKAK;sokak;829163
NİĞDE;BOR;SELÇUK;ESKİ PTT CADDE;cadde;489780
NİĞDE;BOR;SELÇUK;ESKİ ZAHİRE PAZARI SOKAK;sokak;488004
NİĞDE;BOR;SELÇUK;EVLİYALAR ÇIKMAZI SOKAK;sokak;485584
NİĞDE;BOR;SELÇUK;GECEGELEN SOKAK;sokak;476879
NİĞDE;BOR;SELÇUK;GÜYER SOKAK;sokak;475124
NİĞDE;BOR;SELÇUK;HACI RECEP ÇIKMAZI SOKAK;sokak;481319
NİĞDE;BOR;SELÇUK;HAL GEÇİTİ SOKAK;sokak;486108
NİĞDE;BOR;SELÇUK;HAL İÇİ SOKAK;sokak;481337
NİĞDE;BOR;SELÇUK;HASTAHANE CADDE;cadde;370611
NİĞDE;BOR;SELÇUK;HAYDAR ÖZALP CADDE;cadde;475126
NİĞDE;BOR;SELÇUK;İSTASYON CADDE;cadde;491070
NİĞDE;BOR;SELÇUK;KABAKCI SOKAK;sokak;484625
NİĞDE;BOR;SELÇUK;KAHRAMAN SOKAK;sokak;484628
NİĞDE;BOR;SELÇUK;KALE CAMİ SOKAK;sokak;218252030
NİĞDE;BOR;SELÇUK;KANTARCIOĞLU SOKAK;sokak;493509
NİĞDE;BOR;SELÇUK;KARACA SOKAK;sokak;477659
NİĞDE;BOR;SELÇUK;KARAKÖPRÜ CADDE;cadde;483088
NİĞDE;BOR;SELÇUK;KAYA SOKAK;sokak;370622
NİĞDE;BOR;SELÇUK;KAYABAŞI SOKAK;sokak;480941
NİĞDE;BOR;SELÇUK;KEÇECİLER SOKAK;sokak;485964
NİĞDE;BOR;SELÇUK;KOYUNCUOĞLU SOKAK;sokak;482416
NİĞDE;BOR;SELÇUK;KÜLHAN SOKAK;sokak;355918
NİĞDE;BOR;SELÇUK;MAŞAT CADDE;cadde;256248
NİĞDE;BOR;SELÇUK;MUHSİN YAZICIOĞLU CADDE;cadde;481461
NİĞDE;BOR;SELÇUK;MÜHÜRDAR MUSTAFA EFENDİ SOKAK;sokak;117218
NİĞDE;BOR;SELÇUK;OKÇUOĞLU SOKAK;sokak;27324
NİĞDE;BOR;SELÇUK;ORTA SOKAK;sokak;366820
NİĞDE;BOR;SELÇUK;ÖĞRETMEN MELAHAT İZGİ CADDE;cadde;482411
NİĞDE;BOR;SELÇUK;PAŞA SOKAK;sokak;487610
NİĞDE;BOR;SELÇUK;PİRİZADE SOKAK;sokak;36970
NİĞDE;BOR;SELÇUK;PİŞKİN SOKAK;sokak;482414
NİĞDE;BOR;SELÇUK;SAATÇİ SOKAK;sokak;491522
NİĞDE;BOR;SELÇUK;SAKARYA CADDE;cadde;830517221
NİĞDE;BOR;SELÇUK;SANAYİ SOKAK;sokak;370616
NİĞDE;BOR;SELÇUK;SARI FAKI SOKAK;sokak;474684
NİĞDE;BOR;SELÇUK;SARI SALTUK CADDE;cadde;484046
NİĞDE;BOR;SELÇUK;SAYACILAR SOKAK;sokak;482608
NİĞDE;BOR;SELÇUK;SOKUBAŞI SOKAK;sokak;489803
NİĞDE;BOR;SELÇUK;SOKULLU SOKAK;sokak;488011
NİĞDE;BOR;SELÇUK;STADYUM SOKAK;sokak;475480
NİĞDE;BOR;SELÇUK;SULTAN ALAATTİN SOKAK;sokak;114659
NİĞDE;BOR;SELÇUK;SUN SOKAK;sokak;370624
NİĞDE;BOR;SELÇUK;ŞEHİT FERHAT ATLI CADDE;cadde;969355560
NİĞDE;BOR;SELÇUK;ŞEHİT HALİL AKKOÇ CADDE;cadde;487623
NİĞDE;BOR;SELÇUK;ŞEYH AHMET KUDDUSİ CADDE;cadde;475123
NİĞDE;BOR;SELÇUK;TESTHAYDARÖZALP2 CADDE;cadde;479030
NİĞDE;BOR;SELÇUK;TUNCEL SOKAK;sokak;117222
NİĞDE;BOR;SELÇUK;UĞURLU SOKAK;sokak;114669
NİĞDE;BOR;SELÇUK;YAHYA EFENDİ SOKAK;sokak;488941
NİĞDE;BOR;SELÇUK;YAZICIOĞLU SOKAK;sokak;356433
NİĞDE;BOR;SELÇUK;YEŞİL DERE SOKAK;sokak;484520
NİĞDE;BOR;SELÇUK;ZAFER CADDE;cadde;370612
NİĞDE;BOR;SELÇUK;ZENGERDEK SOKAK;sokak;474616
NİĞDE;BOR;SESLİKAYA NA;SESLİKAYA KÜME EVLER;sokak;482256
NİĞDE;BOR;TEPEKÖY - ALTINOVA;ALTINOVA KÜME EVLER;sokak;33338
NİĞDE;BOR;TEPEKÖY - ALTINOVA;ALTUNHISAR BOR YOLU BULVAR;sokak;168183790
NİĞDE;BOR;TEPEKÖY - KINIKOVASI;KAYI KÜME EVLER;sokak;170850690
NİĞDE;BOR;TEPEKÖY - KINIKOVASI;KINIKOVASI KÜME EVLER;sokak;482727
NİĞDE;BOR;TEPEKÖY NA;TEPEKÖY KÜME EVLER;sokak;474191
NİĞDE;BOR;TOPLU KONUT;259 SOKAK;sokak;218334621
NİĞDE;BOR;TOPLU KONUT;261 SOKAK;sokak;491477
NİĞDE;BOR;TOPLU KONUT;262 SOKAK;sokak;417427271
NİĞDE;BOR;TOPLU KONUT;263 SOKAK;sokak;488162
NİĞDE;BOR;TOPLU KONUT;264 SOKAK;sokak;587777
NİĞDE;BOR;TOPLU KONUT;265 SOKAK;sokak;371949
NİĞDE;BOR;TOPLU KONUT;266 SOKAK;sokak;585197
NİĞDE;BOR;TOPLU KONUT;269 SOKAK;sokak;354610
NİĞDE;BOR;TOPLU KONUT;270 SOKAK;sokak;31423
NİĞDE;BOR;TOPLU KONUT;271 SOKAK;sokak;607698
NİĞDE;BOR;TOPLU KONUT;272- SOKAK;sokak;600780
NİĞDE;BOR;TOPLU KONUT;273 SOKAK;sokak;358813
NİĞDE;BOR;TOPLU KONUT;274 SOKAK;sokak;602512
NİĞDE;BOR;TOPLU KONUT;275 SOKAK;sokak;602513
NİĞDE;BOR;TOPLU KONUT;276 SOKAK;sokak;358806
NİĞDE;BOR;TOPLU KONUT;277 SOKAK;sokak;347676
NİĞDE;BOR;TOPLU KONUT;278 SOKAK;sokak;348005
NİĞDE;BOR;TOPLU KONUT;279 SOKAK;sokak;29699
NİĞDE;BOR;TOPLU KONUT;280 SOKAK;sokak;347997
NİĞDE;BOR;TOPLU KONUT;281 SOKAK;sokak;354621
NİĞDE;BOR;TOPLU KONUT;282 SOKAK;sokak;472314
NİĞDE;BOR;TOPLU KONUT;283 SOKAK;sokak;472315
NİĞDE;BOR;TOPLU KONUT;284 SOKAK;sokak;600781
NİĞDE;BOR;TOPLU KONUT;285 SOKAK;sokak;590346
NİĞDE;BOR;TOPLU KONUT;MEHMET BIYIK CADDE;cadde;602602
NİĞDE;BOR;TOPLU KONUT;ORHAN BATI BULVAR;sokak;600782
NİĞDE;BOR;TOPLU KONUT;POYRAZ CADDE;cadde;486555
NİĞDE;BOR;TOPLU KONUT;YAVUZ SULTAN SELİM CADDE;cadde;498416
NİĞDE;BOR;TOPLU KONUT;YILDIRIM BEYAZIT CADDE;cadde;491495
NİĞDE;BOR;YENİ HARIM;117 SOKAK;sokak;481359
NİĞDE;BOR;YENİ HARIM;118 SOKAK;sokak;493495
NİĞDE;BOR;YENİ HARIM;119 SOKAK;sokak;484799
NİĞDE;BOR;YENİ HARIM;120 SOKAK;sokak;493493
NİĞDE;BOR;YENİ HARIM;121 SOKAK;sokak;491665
NİĞDE;BOR;YENİ HARIM;52 SOKAK;sokak;31322
NİĞDE;BOR;YENİ HARIM;53 SOKAK;sokak;31325
NİĞDE;BOR;YENİ HARIM;54 SOKAK;sokak;353055
NİĞDE;BOR;YENİ HARIM;55 SOKAK;sokak;485204
NİĞDE;BOR;YENİ HARIM;56 SOKAK;sokak;353003
NİĞDE;BOR;YENİ HARIM;AKARSU SOKAK;sokak;358794
NİĞDE;BOR;YENİ HARIM;AKGÜL SOKAK;sokak;479909
NİĞDE;BOR;YENİ HARIM;ALPTÜRK SOKAK;sokak;31324
NİĞDE;BOR;YENİ HARIM;ATATÜRK İLKOKULU SOKAK;sokak;355914
NİĞDE;BOR;YENİ HARIM;BAŞOL SOKAK;sokak;488063
NİĞDE;BOR;YENİ HARIM;BENER SOKAK;sokak;492435
NİĞDE;BOR;YENİ HARIM;ÇAKIR SOKAK;sokak;31323
NİĞDE;BOR;YENİ HARIM;ÇEVRE YOLU CADDE;cadde;491529
NİĞDE;BOR;YENİ HARIM;ÇİFTÇİ SOKAK;sokak;348144
NİĞDE;BOR;YENİ HARIM;ÇORUK SOKAK;sokak;356442
NİĞDE;BOR;YENİ HARIM;DEĞİRMEN SOKAK;sokak;484808
NİĞDE;BOR;YENİ HARIM;DENEKURT SOKAK;sokak;488056
NİĞDE;BOR;YENİ HARIM;EŞREFOĞLU SOKAK;sokak;484785
NİĞDE;BOR;YENİ HARIM;FAZLIOĞLU SOKAK;sokak;492933
NİĞDE;BOR;YENİ HARIM;GÖNENOĞLU SOKAK;sokak;31326
NİĞDE;BOR;YENİ HARIM;GÜÇLÜ SOKAK;sokak;492944
NİĞDE;BOR;YENİ HARIM;HAZIR SOKAK;sokak;488043
NİĞDE;BOR;YENİ HARIM;İSPİROĞLU SOKAK;sokak;493565
NİĞDE;BOR;YENİ HARIM;İSTASYON CADDE;cadde;371937
NİĞDE;BOR;YENİ HARIM;KALFALAR SOKAK;sokak;488035
NİĞDE;BOR;YENİ HARIM;KARAÇOBAN SOKAK;sokak;30960
NİĞDE;BOR;YENİ HARIM;KARAGÖZ SOKAK;sokak;348112
NİĞDE;BOR;YENİ HARIM;KAVAS SOKAK;sokak;38069
NİĞDE;BOR;YENİ HARIM;KAVURGACI SOKAK;sokak;354354
NİĞDE;BOR;YENİ HARIM;KERİM ALİ ÇIKMAZI SOKAK;sokak;353067
NİĞDE;BOR;YENİ HARIM;KORUCUOĞLU SOKAK;sokak;358795
NİĞDE;BOR;YENİ HARIM;MISIRLIOĞLU SOKAK;sokak;30961
NİĞDE;BOR;YENİ HARIM;ÖĞRETMEN MELAHAT İZGİ CADDE;cadde;38066
NİĞDE;BOR;YENİ HARIM;PANSİYON SOKAK;sokak;30959
NİĞDE;BOR;YENİ HARIM;PEHLİVAN SOKAK;sokak;488042
NİĞDE;BOR;YENİ HARIM;PEKER SOKAK;sokak;485253
NİĞDE;BOR;YENİ HARIM;PINAR SOKAK;sokak;358793
NİĞDE;BOR;YENİ HARIM;SAKARYA CADDE;cadde;491552
NİĞDE;BOR;YENİ HARIM;SULTAN SOKAK;sokak;480923
NİĞDE;BOR;YENİ HARIM;ŞEHİT BURHAN GÜNKAN CADDE;cadde;118019901
NİĞDE;BOR;YENİ HARIM;ŞEHİT HACI MEHMET İMGA SOKAK;sokak;31321
NİĞDE;BOR;YENİ HARIM;ŞEHİTLİK SOKAK;sokak;493052
NİĞDE;BOR;YENİ HARIM;TAHTAKÖPRÜ SOKAK;sokak;356435
NİĞDE;BOR;YENİ HARIM;TANRIVERDİ SOKAK;sokak;488061
NİĞDE;BOR;YENİ HARIM;TEPE SOKAK;sokak;489781
NİĞDE;BOR;YENİ HARIM;TESTSULTAN SOKAK;sokak;491639
NİĞDE;BOR;YENİ HARIM;TESTYAĞLICA CADDE;cadde;479921
NİĞDE;BOR;YENİ HARIM;TRAFO CADDE;cadde;187420560
NİĞDE;BOR;YENİ HARIM;TUNA SOKAK;sokak;488045
NİĞDE;BOR;YENİ HARIM;TURAN CADDE;cadde;358791
NİĞDE;BOR;YENİ HARIM;UZUN HASAN SOKAK;sokak;488024
NİĞDE;BOR;YENİ HARIM;YAĞLICA CADDE;cadde;38067
NİĞDE;BOR;YENİ HARIM;YENİ YOL CADDE;cadde;38068
NİĞDE;ÇAMARDI;BADEMDERE - BADEMLİ;BADEMLİ/1 SOKAK;sokak;169479880
NİĞDE;ÇAMARDI;BADEMDERE - BADEMLİ;BADEMLİ/10 SOKAK;sokak;274295700
NİĞDE;ÇAMARDI;BADEMDERE - BADEMLİ;BADEMLİ/17 SOKAK;sokak;557532060
NİĞDE;ÇAMARDI;BADEMDERE - BADEMLİ;BADEMLİ/18 SOKAK;sokak;415563900
NİĞDE;ÇAMARDI;BADEMDERE - BADEMLİ;BADEMLİ/19 SOKAK;sokak;100727340
NİĞDE;ÇAMARDI;BADEMDERE - BADEMLİ;BADEMLİ/2 SOKAK;sokak;168712040
NİĞDE;ÇAMARDI;BADEMDERE - BADEMLİ;BADEMLİ/20 SOKAK;sokak;586827580
NİĞDE;ÇAMARDI;BADEMDERE - BADEMLİ;BADEMLİ/21 SOKAK;sokak;148134060
NİĞDE;ÇAMARDI;BADEMDERE - BADEMLİ;BADEMLİ/22 SOKAK;sokak;390382860
NİĞDE;ÇAMARDI;BADEMDERE - BADEMLİ;BADEMLİ/23 SOKAK;sokak;392715070
NİĞDE;ÇAMARDI;BADEMDERE - BADEMLİ;BADEMLİ/24 SOKAK;sokak;174936440
NİĞDE;ÇAMARDI;BADEMDERE - BADEMLİ;BADEMLİ/25 SOKAK;sokak;985054720
NİĞDE;ÇAMARDI;BADEMDERE - BADEMLİ;BADEMLİ/27 SOKAK;sokak;383029070
NİĞDE;ÇAMARDI;BADEMDERE - BADEMLİ;BADEMLİ/29 SOKAK;sokak;609762710
NİĞDE;ÇAMARDI;BADEMDERE - BADEMLİ;BADEMLİ/3 SOKAK;sokak;569297970
NİĞDE;ÇAMARDI;BADEMDERE - BADEMLİ;BADEMLİ/30 SOKAK;sokak;131865800
NİĞDE;ÇAMARDI;BADEMDERE - BADEMLİ;BADEMLİ/32 SOKAK;sokak;109020960
NİĞDE;ÇAMARDI;BADEMDERE - BADEMLİ;BADEMLİ/4 SOKAK;sokak;452701960
NİĞDE;ÇAMARDI;BADEMDERE - BADEMLİ;BADEMLİ/5 SOKAK;sokak;974603310
NİĞDE;ÇAMARDI;BADEMDERE - BADEMLİ;BADEMLİ/6 SOKAK;sokak;393201550
NİĞDE;ÇAMARDI;BADEMDERE - BADEMLİ;BADEMLİ/7 SOKAK;sokak;469788210
NİĞDE;ÇAMARDI;BADEMDERE - BADEMLİ;BADEMLİ/8 SOKAK;sokak;298755150
NİĞDE;ÇAMARDI;BADEMDERE - BADEMLİ;BADEMLİ/9 SOKAK;sokak;212108280
NİĞDE;ÇAMARDI;BADEMDERE - BADEMLİ;BAHÇELER SOKAK;sokak;423395231
NİĞDE;ÇAMARDI;BADEMDERE - BADEMLİ;CUMHURİYET SOKAK;sokak;371830
NİĞDE;ÇAMARDI;BADEMDERE - BADEMLİ;CUMHURİYET/1 SOKAK;sokak;544830030
NİĞDE;ÇAMARDI;BADEMDERE - BADEMLİ;CUMHURİYET/3 SOKAK;sokak;603960250
NİĞDE;ÇAMARDI;BADEMDERE - BADEMLİ;ÇAMARDI YOLU BULVAR;sokak;182833250
NİĞDE;ÇAMARDI;BADEMDERE - BADEMLİ;ÇAMARDI YOLU/8 SOKAK;sokak;577512570
NİĞDE;ÇAMARDI;BADEMDERE - BADEMLİ;ÇAMARDI YOLU/9 SOKAK;sokak;952249450
NİĞDE;ÇAMARDI;BADEMDERE - BADEMLİ;ÇEŞMELER SOKAK;sokak;24809
NİĞDE;ÇAMARDI;BADEMDERE - BADEMLİ;ÇEŞMELER/1 SOKAK;sokak;629947440
NİĞDE;ÇAMARDI;BADEMDERE - BADEMLİ;ÇETİNLER SOKAK;sokak;24808
NİĞDE;ÇAMARDI;BADEMDERE - BADEMLİ;ÇETİNLER/1 SOKAK;sokak;189281010
NİĞDE;ÇAMARDI;BADEMDERE - BADEMLİ;IŞIK SOKAK;sokak;994866
NİĞDE;ÇAMARDI;BADEMDERE - BADEMLİ;IŞIK/1 SOKAK;sokak;561312790
NİĞDE;ÇAMARDI;BADEMDERE - BADEMLİ;IŞIK/10 SOKAK;sokak;179912250
NİĞDE;ÇAMARDI;BADEMDERE - BADEMLİ;IŞIK/11 SOKAK;sokak;945054840
NİĞDE;ÇAMARDI;BADEMDERE - BADEMLİ;IŞIK/12 SOKAK;sokak;495660450
NİĞDE;ÇAMARDI;BADEMDERE - BADEMLİ;IŞIK/13 SOKAK;sokak;434401970
NİĞDE;ÇAMARDI;BADEMDERE - BADEMLİ;IŞIK/14 SOKAK;sokak;444540980
NİĞDE;ÇAMARDI;BADEMDERE - BADEMLİ;IŞIK/15 SOKAK;sokak;604815460
NİĞDE;ÇAMARDI;BADEMDERE - BADEMLİ;IŞIK/16 SOKAK;sokak;940029530
NİĞDE;ÇAMARDI;BADEMDERE - BADEMLİ;IŞIK/17 SOKAK;sokak;262288900
NİĞDE;ÇAMARDI;BADEMDERE - BADEMLİ;IŞIK/18 SOKAK;sokak;350029630
NİĞDE;ÇAMARDI;BADEMDERE - BADEMLİ;IŞIK/19 SOKAK;sokak;837154090
NİĞDE;ÇAMARDI;BADEMDERE - BADEMLİ;IŞIK/2 SOKAK;sokak;397573560
NİĞDE;ÇAMARDI;BADEMDERE - BADEMLİ;IŞIK/20 SOKAK;sokak;355815290
NİĞDE;ÇAMARDI;BADEMDERE - BADEMLİ;IŞIK/21 SOKAK;sokak;571995980
NİĞDE;ÇAMARDI;BADEMDERE - BADEMLİ;IŞIK/23 SOKAK;sokak;200025490
NİĞDE;ÇAMARDI;BADEMDERE - BADEMLİ;IŞIK/24 SOKAK;sokak;293668790
NİĞDE;ÇAMARDI;BADEMDERE - BADEMLİ;IŞIK/26 SOKAK;sokak;910043250
NİĞDE;ÇAMARDI;BADEMDERE - BADEMLİ;IŞIK/27 SOKAK;sokak;947720760
NİĞDE;ÇAMARDI;BADEMDERE - BADEMLİ;IŞIK/28 SOKAK;sokak;753444810
NİĞDE;ÇAMARDI;BADEMDERE - BADEMLİ;IŞIK/29 SOKAK;sokak;185021040
NİĞDE;ÇAMARDI;BADEMDERE - BADEMLİ;IŞIK/30 SOKAK;sokak;364454680
NİĞDE;ÇAMARDI;BADEMDERE - BADEMLİ;IŞIK/31 SOKAK;sokak;441764440
NİĞDE;ÇAMARDI;BADEMDERE - BADEMLİ;IŞIK/32 SOKAK;sokak;181345280
NİĞDE;ÇAMARDI;BADEMDERE - BADEMLİ;IŞIK/33 SOKAK;sokak;211811020
NİĞDE;ÇAMARDI;BADEMDERE - BADEMLİ;IŞIK/34 SOKAK;sokak;916159630
NİĞDE;ÇAMARDI;BADEMDERE - BADEMLİ;IŞIK/35 SOKAK;sokak;157804970
NİĞDE;ÇAMARDI;BADEMDERE - BADEMLİ;IŞIK/36 SOKAK;sokak;580917290
NİĞDE;ÇAMARDI;BADEMDERE - BADEMLİ;IŞIK/37 SOKAK;sokak;224306720
NİĞDE;ÇAMARDI;BADEMDERE - BADEMLİ;IŞIK/38 SOKAK;sokak;145147070
NİĞDE;ÇAMARDI;BADEMDERE - BADEMLİ;IŞIK/39 SOKAK;sokak;720003180
NİĞDE;ÇAMARDI;BADEMDERE - BADEMLİ;IŞIK/4 SOKAK;sokak;834613010
NİĞDE;ÇAMARDI;BADEMDERE - BADEMLİ;IŞIK/40 SOKAK;sokak;665421430
NİĞDE;ÇAMARDI;BADEMDERE - BADEMLİ;IŞIK/41 SOKAK;sokak;229966800
NİĞDE;ÇAMARDI;BADEMDERE - BADEMLİ;IŞIK/42 SOKAK;sokak;412187020
NİĞDE;ÇAMARDI;BADEMDERE - BADEMLİ;IŞIK/43 SOKAK;sokak;751085550
NİĞDE;ÇAMARDI;BADEMDERE - BADEMLİ;IŞIK/5 SOKAK;sokak;252850240
NİĞDE;ÇAMARDI;BADEMDERE - BADEMLİ;IŞIK/6 SOKAK;sokak;679856300
NİĞDE;ÇAMARDI;BADEMDERE - BADEMLİ;IŞIK/7 SOKAK;sokak;221185330
NİĞDE;ÇAMARDI;BADEMDERE - BADEMLİ;IŞIK/8 SOKAK;sokak;675630230
NİĞDE;ÇAMARDI;BADEMDERE - BADEMLİ;IŞIK44 SOKAK;sokak;197140960
NİĞDE;ÇAMARDI;BADEMDERE - BADEMLİ;İNÖNÜ/1 SOKAK;sokak;342534350
NİĞDE;ÇAMARDI;BADEMDERE - BADEMLİ;OKULLAR SOKAK;sokak;24805
NİĞDE;ÇAMARDI;BADEMDERE - BADEMLİ;OKULLAR/2 SOKAK;sokak;241195700
NİĞDE;ÇAMARDI;BADEMDERE - BADEMLİ;OKULLAR/3 SOKAK;sokak;695970370
NİĞDE;ÇAMARDI;BADEMDERE - BADEMLİ;OKULLAR/4 SOKAK;sokak;444123930
NİĞDE;ÇAMARDI;BADEMDERE - BADEMLİ;OKULLAR/5 SOKAK;sokak;593262150
NİĞDE;ÇAMARDI;BADEMDERE - BADEMLİ;OKULLAR/6 SOKAK;sokak;811732540
NİĞDE;ÇAMARDI;BADEMDERE - BADEMLİ;OKULLAR/7 SOKAK;sokak;528404440
NİĞDE;ÇAMARDI;BADEMDERE - BADEMLİ;OKULLAR/8 SOKAK;sokak;278962990
NİĞDE;ÇAMARDI;BADEMDERE - BADEMLİ;OKULLAR/9 SOKAK;sokak;737502420
NİĞDE;ÇAMARDI;BADEMDERE - BADEMLİ;TEK ARMUT SOKAK;sokak;987395
NİĞDE;ÇAMARDI;BADEMDERE - BADEMLİ;TOPRAKLI SOKAK;sokak;24806
NİĞDE;ÇAMARDI;BADEMDERE - BADEMLİ;TOPRAKLI/1 SOKAK;sokak;686387330
NİĞDE;ÇAMARDI;BADEMDERE - BADEMLİ;TOPRAKLI/2 SOKAK;sokak;139431050
NİĞDE;ÇAMARDI;BADEMDERE - BADEMLİ;VİRAJLI SOKAK;sokak;24807
NİĞDE;ÇAMARDI;BADEMDERE - BADEMLİ;VİRAJLI/1 SOKAK;sokak;776802620
NİĞDE;ÇAMARDI;BADEMDERE - BADEMLİ;YARBAŞI SOKAK;sokak;371831
NİĞDE;ÇAMARDI;BADEMDERE - BADEMLİ;YARBAŞI/2 SOKAK;sokak;745330840
NİĞDE;ÇAMARDI;BADEMDERE - BAHÇELİ;BAHÇELER SOKAK;sokak;479742
NİĞDE;ÇAMARDI;BADEMDERE - BAHÇELİ;BELEDİYE SOKAK;sokak;24810
NİĞDE;ÇAMARDI;BADEMDERE - BAHÇELİ;BELEDİYE/1 SOKAK;sokak;313250950
NİĞDE;ÇAMARDI;BADEMDERE - BAHÇELİ;BELEDİYE/10 SOKAK;sokak;519481800
NİĞDE;ÇAMARDI;BADEMDERE - BAHÇELİ;BELEDİYE/11 SOKAK;sokak;982256260
NİĞDE;ÇAMARDI;BADEMDERE - BAHÇELİ;BELEDİYE/12 SOKAK;sokak;314641670
NİĞDE;ÇAMARDI;BADEMDERE - BAHÇELİ;BELEDİYE/13 SOKAK;sokak;159329730
NİĞDE;ÇAMARDI;BADEMDERE - BAHÇELİ;BELEDİYE/14 SOKAK;sokak;641643790
NİĞDE;ÇAMARDI;BADEMDERE - BAHÇELİ;BELEDİYE/15 SOKAK;sokak;412811140
NİĞDE;ÇAMARDI;BADEMDERE - BAHÇELİ;BELEDİYE/16 SOKAK;sokak;130931170
NİĞDE;ÇAMARDI;BADEMDERE - BAHÇELİ;BELEDİYE/3 SOKAK;sokak;846674680
NİĞDE;ÇAMARDI;BADEMDERE - BAHÇELİ;BELEDİYE/4 SOKAK;sokak;860215650
NİĞDE;ÇAMARDI;BADEMDERE - BAHÇELİ;BELEDİYE/5 SOKAK;sokak;445389080
NİĞDE;ÇAMARDI;BADEMDERE - BAHÇELİ;BELEDİYE/6 SOKAK;sokak;850593920
NİĞDE;ÇAMARDI;BADEMDERE - BAHÇELİ;BELEDİYE/7 SOKAK;sokak;180279380
NİĞDE;ÇAMARDI;BADEMDERE - BAHÇELİ;BELEDİYE/8 SOKAK;sokak;151310220
NİĞDE;ÇAMARDI;BADEMDERE - BAHÇELİ;BELEDİYE/9 SOKAK;sokak;189923880
NİĞDE;ÇAMARDI;BADEMDERE - BAHÇELİ;CAMİ SOKAK;sokak;187425280
NİĞDE;ÇAMARDI;BADEMDERE - BAHÇELİ;CEYLAN SOKAK;sokak;24811
NİĞDE;ÇAMARDI;BADEMDERE - BAHÇELİ;CEYLAN/1 SOKAK;sokak;245523820
NİĞDE;ÇAMARDI;BADEMDERE - BAHÇELİ;CUMHURİYET SOKAK;sokak;351510340
NİĞDE;ÇAMARDI;BADEMDERE - BAHÇELİ;ÇAMARDI YOLU BULVAR;sokak;164352320
NİĞDE;ÇAMARDI;BADEMDERE - BAHÇELİ;ÇAMARDI/1 SOKAK;sokak;755433140
NİĞDE;ÇAMARDI;BADEMDERE - BAHÇELİ;ÇAMARDI/10 SOKAK;sokak;343701970
NİĞDE;ÇAMARDI;BADEMDERE - BAHÇELİ;ÇAMARDI/11 SOKAK;sokak;298656980
NİĞDE;ÇAMARDI;BADEMDERE - BAHÇELİ;ÇAMARDI/2 SOKAK;sokak;767411310
NİĞDE;ÇAMARDI;BADEMDERE - BAHÇELİ;ÇAMARDI/3 SOKAK;sokak;583972580
NİĞDE;ÇAMARDI;BADEMDERE - BAHÇELİ;ÇAMARDI/4 SOKAK;sokak;954180750
NİĞDE;ÇAMARDI;BADEMDERE - BAHÇELİ;ÇAMARDI/5 SOKAK;sokak;515145780
NİĞDE;ÇAMARDI;BADEMDERE - BAHÇELİ;ÇAMARDI/6 SOKAK;sokak;139436910
NİĞDE;ÇAMARDI;BADEMDERE - BAHÇELİ;ÇAMARDI/7 SOKAK;sokak;689698230
NİĞDE;ÇAMARDI;BADEMDERE - BAHÇELİ;ÇAMARDI/8 SOKAK;sokak;547991350
NİĞDE;ÇAMARDI;BADEMDERE - BAHÇELİ;ÇAMARDI/9 SOKAK;sokak;206090530
NİĞDE;ÇAMARDI;BADEMDERE - BAHÇELİ;FİDAN SOKAK;sokak;886487
NİĞDE;ÇAMARDI;BADEMDERE - BAHÇELİ;FİDAN/1 SOKAK;sokak;643777240
NİĞDE;ÇAMARDI;BADEMDERE - BAHÇELİ;FİDAN/2 SOKAK;sokak;161101990
NİĞDE;ÇAMARDI;BADEMDERE - BAHÇELİ;FİDAN/3 SOKAK;sokak;576859190
NİĞDE;ÇAMARDI;BADEMDERE - BAHÇELİ;FİDAN/4 SOKAK;sokak;310706830
NİĞDE;ÇAMARDI;BADEMDERE - BAHÇELİ;FİDAN/5 SOKAK;sokak;630713280
NİĞDE;ÇAMARDI;BADEMDERE - BAHÇELİ;FİDAN/6 SOKAK;sokak;319663100
NİĞDE;ÇAMARDI;BADEMDERE - BAHÇELİ;GÜL SOKAK;sokak;24812
NİĞDE;ÇAMARDI;BADEMDERE - BAHÇELİ;GÜMÜŞLER SOKAK;sokak;371833
NİĞDE;ÇAMARDI;BADEMDERE - BAHÇELİ;GÜMÜŞLER/1 SOKAK;sokak;177800081
NİĞDE;ÇAMARDI;BADEMDERE - BAHÇELİ;GÜNAYDIN SOKAK;sokak;24813
NİĞDE;ÇAMARDI;BADEMDERE - BAHÇELİ;GÜNAYDIN/1 SOKAK;sokak;649968200
NİĞDE;ÇAMARDI;BADEMDERE - BAHÇELİ;GÜNAYDIN/2 SOKAK;sokak;609120110
NİĞDE;ÇAMARDI;BADEMDERE - BAHÇELİ;GÜNAYDIN/3 SOKAK;sokak;147546000
NİĞDE;ÇAMARDI;BADEMDERE - BAHÇELİ;GÜNAYDIN/4 SOKAK;sokak;754359820
NİĞDE;ÇAMARDI;BADEMDERE - BAHÇELİ;GÜNAYDIN/5 SOKAK;sokak;215766730
NİĞDE;ÇAMARDI;BADEMDERE - BAHÇELİ;GÜNAYDIN/6 SOKAK;sokak;538630490
NİĞDE;ÇAMARDI;BADEMDERE - BAHÇELİ;GÜNAYDIN/7 SOKAK;sokak;200471890
NİĞDE;ÇAMARDI;BADEMDERE - BAHÇELİ;GÜNAYDIN/8 SOKAK;sokak;551181860
NİĞDE;ÇAMARDI;BADEMDERE - BAHÇELİ;HARIMLAR SOKAK;sokak;24814
NİĞDE;ÇAMARDI;BADEMDERE - BAHÇELİ;HARIMLAR/1 SOKAK;sokak;771831760
NİĞDE;ÇAMARDI;BADEMDERE - BAHÇELİ;KAVŞAK SOKAK;sokak;371834
NİĞDE;ÇAMARDI;BADEMDERE - BAHÇELİ;KELKİT SOKAK;sokak;24815
NİĞDE;ÇAMARDI;BADEMDERE - BAHÇELİ;KELKİT/1 SOKAK;sokak;530670540
NİĞDE;ÇAMARDI;BADEMDERE - BAHÇELİ;KELKİT/11 SOKAK;sokak;170190920
NİĞDE;ÇAMARDI;BADEMDERE - BAHÇELİ;KELKİT/12 SOKAK;sokak;220009700
NİĞDE;ÇAMARDI;BADEMDERE - BAHÇELİ;KELKİT/2 SOKAK;sokak;268632900
NİĞDE;ÇAMARDI;BADEMDERE - BAHÇELİ;KELKİT/3 SOKAK;sokak;163023900
NİĞDE;ÇAMARDI;BADEMDERE - BAHÇELİ;KELKİT/4 SOKAK;sokak;247337680
NİĞDE;ÇAMARDI;BADEMDERE - BAHÇELİ;KELKİT/5 SOKAK;sokak;991680980
NİĞDE;ÇAMARDI;BADEMDERE - BAHÇELİ;KELKİT/6 SOKAK;sokak;145038900
NİĞDE;ÇAMARDI;BADEMDERE - BAHÇELİ;KELKİT/7 SOKAK;sokak;993734580
NİĞDE;ÇAMARDI;BADEMDERE - BAHÇELİ;KELKİT/8 SOKAK;sokak;168901700
NİĞDE;ÇAMARDI;BADEMDERE - BAHÇELİ;KELKİT/9 SOKAK;sokak;902951550
NİĞDE;ÇAMARDI;BADEMDERE - BAHÇELİ;KİRAZLI SOKAK;sokak;107315860
NİĞDE;ÇAMARDI;BADEMDERE - BAHÇELİ;KORKUT SOKAK;sokak;24816
NİĞDE;ÇAMARDI;BADEMDERE - BAHÇELİ;KORKUT/1 SOKAK;sokak;255405010
NİĞDE;ÇAMARDI;BADEMDERE - BAHÇELİ;LEVENT SOKAK;sokak;24817
NİĞDE;ÇAMARDI;BADEMDERE - BAHÇELİ;MESCİT SOKAK;sokak;371835
NİĞDE;ÇAMARDI;BADEMDERE - BAHÇELİ;MESCİT/1 SOKAK;sokak;380806100
NİĞDE;ÇAMARDI;BADEMDERE - BAHÇELİ;OKULLAR SOKAK;sokak;338496620
NİĞDE;ÇAMARDI;BADEMDERE - BAHÇELİ;RÜZGARLI SOKAK;sokak;24818
NİĞDE;ÇAMARDI;BADEMDERE - BAHÇELİ;SEYİT AHMET SOKAK;sokak;24819
NİĞDE;ÇAMARDI;BADEMDERE - BAHÇELİ;STADYUM SOKAK;sokak;371836
NİĞDE;ÇAMARDI;BADEMDERE - BAHÇELİ;TEPE SOKAK;sokak;998511
NİĞDE;ÇAMARDI;BADEMDERE - BAHÇELİ;TEPE/1 SOKAK;sokak;491875030
NİĞDE;ÇAMARDI;BADEMDERE - BAHÇELİ;TEPE/10 SOKAK;sokak;627915870
NİĞDE;ÇAMARDI;BADEMDERE - BAHÇELİ;TEPE/11 SOKAK;sokak;494813850
NİĞDE;ÇAMARDI;BADEMDERE - BAHÇELİ;TEPE/12 SOKAK;sokak;362015070
NİĞDE;ÇAMARDI;BADEMDERE - BAHÇELİ;TEPE/13 SOKAK;sokak;552468210
NİĞDE;ÇAMARDI;BADEMDERE - BAHÇELİ;TEPE/14 SOKAK;sokak;129708930
NİĞDE;ÇAMARDI;BADEMDERE - BAHÇELİ;TEPE/15 SOKAK;sokak;493385850
NİĞDE;ÇAMARDI;BADEMDERE - BAHÇELİ;TEPE/2 SOKAK;sokak;651629010
NİĞDE;ÇAMARDI;BADEMDERE - BAHÇELİ;TEPE/3 SOKAK;sokak;254434580
NİĞDE;ÇAMARDI;BADEMDERE - BAHÇELİ;TEPE/4 SOKAK;sokak;364149770
NİĞDE;ÇAMARDI;BADEMDERE - BAHÇELİ;TEPE/5 SOKAK;sokak;820461110
NİĞDE;ÇAMARDI;BADEMDERE - BAHÇELİ;TEPE/6 SOKAK;sokak;104569370
NİĞDE;ÇAMARDI;BADEMDERE - BAHÇELİ;TEPE/7 SOKAK;sokak;970965720
NİĞDE;ÇAMARDI;BADEMDERE - BAHÇELİ;TEPE/8 SOKAK;sokak;726075590
NİĞDE;ÇAMARDI;BADEMDERE - BAHÇELİ;TEPE/9 SOKAK;sokak;243730370
NİĞDE;ÇAMARDI;BADEMDERE - BOĞAZİÇİ;CAMİ SOKAK;sokak;348246
NİĞDE;ÇAMARDI;BADEMDERE - BOĞAZİÇİ;CUMHURİYET SOKAK;sokak;477019581
NİĞDE;ÇAMARDI;BADEMDERE - BOĞAZİÇİ;ÇIKMAZ SOKAK;sokak;24823
NİĞDE;ÇAMARDI;BADEMDERE - BOĞAZİÇİ;DİK SOKAK;sokak;24821
NİĞDE;ÇAMARDI;BADEMDERE - BOĞAZİÇİ;DİK/1 SOKAK;sokak;293764310
NİĞDE;ÇAMARDI;BADEMDERE - BOĞAZİÇİ;DİK/2 SOKAK;sokak;399936470
NİĞDE;ÇAMARDI;BADEMDERE - BOĞAZİÇİ;GÜMÜŞLER SOKAK;sokak;802651271
NİĞDE;ÇAMARDI;BADEMDERE - BOĞAZİÇİ;GÜMÜŞLER/1 SOKAK;sokak;177800080
NİĞDE;ÇAMARDI;BADEMDERE - BOĞAZİÇİ;İNÖNÜ SOKAK;sokak;24824
NİĞDE;ÇAMARDI;BADEMDERE - BOĞAZİÇİ;İNÖNÜ/1 SOKAK;sokak;554263240
NİĞDE;ÇAMARDI;BADEMDERE - BOĞAZİÇİ;KİRAZLI SOKAK;sokak;24822
NİĞDE;ÇAMARDI;BADEMDERE - BOĞAZİÇİ;KİRAZLI/1 SOKAK;sokak;414690570
NİĞDE;ÇAMARDI;BEKÇİLİ NA;BEKÇİLİ KÜME EVLER;sokak;485576
NİĞDE;ÇAMARDI;BEREKETLİ;100.YIL CADDE;cadde;370581
NİĞDE;ÇAMARDI;BEREKETLİ;AKASYALIK SOKAK;sokak;472585
NİĞDE;ÇAMARDI;BEREKETLİ;AKINCI SOKAK;sokak;428047730
NİĞDE;ÇAMARDI;BEREKETLİ;ALBAY FETHİ BEY CADDE;cadde;24469
NİĞDE;ÇAMARDI;BEREKETLİ;ALİ HOCALAR CAMİİ SOKAK;sokak;24465
NİĞDE;ÇAMARDI;BEREKETLİ;ALPEREN SOKAK;sokak;985486130
NİĞDE;ÇAMARDI;BEREKETLİ;ATASAN KÜME EVLER;sokak;24466
NİĞDE;ÇAMARDI;BEREKETLİ;ATATÜRK CADDE;cadde;24467
NİĞDE;ÇAMARDI;BEREKETLİ;AYBALA SOKAK;sokak;190894080
NİĞDE;ÇAMARDI;BEREKETLİ;BAĞBAŞI SOKAK;sokak;370582
NİĞDE;ÇAMARDI;BEREKETLİ;BAHAR SOKAK;sokak;370574
NİĞDE;ÇAMARDI;BEREKETLİ;BALA SOKAK;sokak;395933220
NİĞDE;ÇAMARDI;BEREKETLİ;BARBAROS SOKAK;sokak;932942050
NİĞDE;ÇAMARDI;BEREKETLİ;BELEDİYE CADDE;cadde;483651
NİĞDE;ÇAMARDI;BEREKETLİ;BOSTANLIK KÜME EVLER;sokak;23164
NİĞDE;ÇAMARDI;BEREKETLİ;BÖĞÜRTLEN SOKAK;sokak;997631950
NİĞDE;ÇAMARDI;BEREKETLİ;CENNET SOKAK;sokak;364421191
NİĞDE;ÇAMARDI;BEREKETLİ;CEYLAN SOKAK;sokak;24462
NİĞDE;ÇAMARDI;BEREKETLİ;CUMHURİYET SOKAK;sokak;472995
NİĞDE;ÇAMARDI;BEREKETLİ;ÇAĞLAR SOKAK;sokak;408802390
NİĞDE;ÇAMARDI;BEREKETLİ;ÇAĞLAYAN SOKAK;sokak;24476
NİĞDE;ÇAMARDI;BEREKETLİ;ÇAMARDI YOLU BULVAR;sokak;125937780
NİĞDE;ÇAMARDI;BEREKETLİ;ÇAMARDI/1 SOKAK;sokak;957626210
NİĞDE;ÇAMARDI;BEREKETLİ;ÇOĞLU KÜME EVLER;sokak;24463
NİĞDE;ÇAMARDI;BEREKETLİ;DERE SOKAK;sokak;23165
NİĞDE;ÇAMARDI;BEREKETLİ;DOĞAN BARAN CADDE;cadde;1368507
NİĞDE;ÇAMARDI;BEREKETLİ;DOĞU SOKAK;sokak;279738250
NİĞDE;ÇAMARDI;BEREKETLİ;DOLUNAY SOKAK;sokak;432432860
NİĞDE;ÇAMARDI;BEREKETLİ;DURAK SOKAK;sokak;370575
NİĞDE;ÇAMARDI;BEREKETLİ;ESENTEPE CADDE;cadde;485579
NİĞDE;ÇAMARDI;BEREKETLİ;ESER SOKAK;sokak;24461
NİĞDE;ÇAMARDI;BEREKETLİ;ESKİ SOKAK;sokak;23166
NİĞDE;ÇAMARDI;BEREKETLİ;EYNELLİÖZÜ SOKAK;sokak;706896250
NİĞDE;ÇAMARDI;BEREKETLİ;EYNELLİÖZÜ/1 SOKAK;sokak;785134390
NİĞDE;ÇAMARDI;BEREKETLİ;EYNELLİÖZÜ/2 SOKAK;sokak;595806540
NİĞDE;ÇAMARDI;BEREKETLİ;EYNELLİÖZÜ/3 SOKAK;sokak;271798860
NİĞDE;ÇAMARDI;BEREKETLİ;EYNELLİÖZÜ/4 SOKAK;sokak;368290000
NİĞDE;ÇAMARDI;BEREKETLİ;EYNELLİÖZÜ/5 SOKAK;sokak;273783890
NİĞDE;ÇAMARDI;BEREKETLİ;FATİH SOKAK;sokak;615101780
NİĞDE;ÇAMARDI;BEREKETLİ;FETİH SOKAK;sokak;517080140
NİĞDE;ÇAMARDI;BEREKETLİ;FIRAT SOKAK;sokak;245628290
NİĞDE;ÇAMARDI;BEREKETLİ;FIRIN SOKAK;sokak;370583
NİĞDE;ÇAMARDI;BEREKETLİ;GAZİ SOKAK;sokak;24799
NİĞDE;ÇAMARDI;BEREKETLİ;GÖKPINAR SOKAK;sokak;488949
NİĞDE;ÇAMARDI;BEREKETLİ;GÜL SOKAK;sokak;485394
NİĞDE;ÇAMARDI;BEREKETLİ;HANYAZISI KÜME EVLER;sokak;482028
NİĞDE;ÇAMARDI;BEREKETLİ;HİSAR SOKAK;sokak;491074
NİĞDE;ÇAMARDI;BEREKETLİ;HÜKÜMET MEYDAN;sokak;472979
NİĞDE;ÇAMARDI;BEREKETLİ;HÜKÜMET/2 SOKAK;sokak;424838750
NİĞDE;ÇAMARDI;BEREKETLİ;İBNİSİNA SOKAK;sokak;317731530
NİĞDE;ÇAMARDI;BEREKETLİ;İÇİŞLERİ BAKANI MUZAFFER ECEMİŞ CADDE;cadde;370580
NİĞDE;ÇAMARDI;BEREKETLİ;İZZET ECEMİŞ CADDE;cadde;473844
NİĞDE;ÇAMARDI;BEREKETLİ;İZZET ECEMİŞ/10 SOKAK;sokak;381164220
NİĞDE;ÇAMARDI;BEREKETLİ;İZZET ECEMİŞ/11 SOKAK;sokak;745291650
NİĞDE;ÇAMARDI;BEREKETLİ;KANUNİ SOKAK;sokak;367074200
NİĞDE;ÇAMARDI;BEREKETLİ;KARAPINAR CADDE;cadde;23168
NİĞDE;ÇAMARDI;BEREKETLİ;KAYA ALTI HAN KÜME EVLER;sokak;24800
NİĞDE;ÇAMARDI;BEREKETLİ;KAYNARCA KÜME EVLER;sokak;370576
NİĞDE;ÇAMARDI;BEREKETLİ;KEKLİK SOKAK;sokak;514220870
NİĞDE;ÇAMARDI;BEREKETLİ;KIZILYER KÜME EVLER;sokak;24455
NİĞDE;ÇAMARDI;BEREKETLİ;KÖPRÜ BAŞI SOKAK;sokak;492960
NİĞDE;ÇAMARDI;BEREKETLİ;KÖROĞLU SOKAK;sokak;233543680
NİĞDE;ÇAMARDI;BEREKETLİ;KÜNK KÜME EVLER;sokak;492425
NİĞDE;ÇAMARDI;BEREKETLİ;LOJMAN CADDE;cadde;24801
NİĞDE;ÇAMARDI;BEREKETLİ;LOJMAN/15 SOKAK;sokak;174231610
NİĞDE;ÇAMARDI;BEREKETLİ;MAARİF SOKAK;sokak;474720
NİĞDE;ÇAMARDI;BEREKETLİ;MALAZGİRT SOKAK;sokak;355706050
NİĞDE;ÇAMARDI;BEREKETLİ;MEHMET AKİF ERSOY CADDE;cadde;24457
NİĞDE;ÇAMARDI;BEREKETLİ;MEHMET AKİF ERSOY1 CADDE;cadde;473860
NİĞDE;ÇAMARDI;BEREKETLİ;MELİKŞAH SOKAK;sokak;747179920
NİĞDE;ÇAMARDI;BEREKETLİ;MELİKŞAH1 SOKAK;sokak;440615051
NİĞDE;ÇAMARDI;BEREKETLİ;METAHAN SOKAK;sokak;199578930
NİĞDE;ÇAMARDI;BEREKETLİ;MEYİLLİ SOKAK;sokak;491071
NİĞDE;ÇAMARDI;BEREKETLİ;MİMAR SİNAN CADDE;cadde;23169
NİĞDE;ÇAMARDI;BEREKETLİ;MUSTAFA KEMAL PAŞA SOKAK;sokak;488951
NİĞDE;ÇAMARDI;BEREKETLİ;NARÇİÇEĞİ SOKAK;sokak;746721060
NİĞDE;ÇAMARDI;BEREKETLİ;NERGİS SOKAK;sokak;630287650
NİĞDE;ÇAMARDI;BEREKETLİ;NİLÜFER SOKAK;sokak;23167
NİĞDE;ÇAMARDI;BEREKETLİ;OLUKLUÖZ SOKAK;sokak;705055990
NİĞDE;ÇAMARDI;BEREKETLİ;OSMANGAZİ SOKAK;sokak;677023400
NİĞDE;ÇAMARDI;BEREKETLİ;PAŞA SOKAK;sokak;184787350
NİĞDE;ÇAMARDI;BEREKETLİ;PAZARYERİ CADDE;cadde;24789
NİĞDE;ÇAMARDI;BEREKETLİ;POYRAZ SOKAK;sokak;136660940
NİĞDE;ÇAMARDI;BEREKETLİ;SARITAŞ SOKAK;sokak;370578
NİĞDE;ÇAMARDI;BEREKETLİ;SEDEF SOKAK;sokak;688444300
NİĞDE;ÇAMARDI;BEREKETLİ;SENCER SOKAK;sokak;488953
NİĞDE;ÇAMARDI;BEREKETLİ;SEYRAN SOKAK;sokak;24459
NİĞDE;ÇAMARDI;BEREKETLİ;SİPAHİ SOKAK;sokak;259611600
NİĞDE;ÇAMARDI;BEREKETLİ;STAD SOKAK;sokak;480282
NİĞDE;ÇAMARDI;BEREKETLİ;SUNGURBEY SOKAK;sokak;461700720
NİĞDE;ÇAMARDI;BEREKETLİ;ŞEHZADE SOKAK;sokak;609296430
NİĞDE;ÇAMARDI;BEREKETLİ;ŞİRİN SOKAK;sokak;491073
NİĞDE;ÇAMARDI;BEREKETLİ;TOPRAKLIK SOKAK;sokak;488952
NİĞDE;ÇAMARDI;BEREKETLİ;TOROSLAR SOKAK;sokak;370577
NİĞDE;ÇAMARDI;BEREKETLİ;TORUNTAY SOKAK;sokak;119633860
NİĞDE;ÇAMARDI;BEREKETLİ;TRAFO SOKAK;sokak;24460
NİĞDE;ÇAMARDI;BEREKETLİ;TUNA SOKAK;sokak;280511670
NİĞDE;ÇAMARDI;BEREKETLİ;TUNA1 SOKAK;sokak;813645980
NİĞDE;ÇAMARDI;BEREKETLİ;TUNA2 SOKAK;sokak;205536240
NİĞDE;ÇAMARDI;BEREKETLİ;TURNA SOKAK;sokak;595257250
NİĞDE;ÇAMARDI;BEREKETLİ;TÜRBE SOKAK;sokak;370579
NİĞDE;ÇAMARDI;BEREKETLİ;VEZİR SOKAK;sokak;330394620
NİĞDE;ÇAMARDI;BEREKETLİ;YAĞMUR SOKAK;sokak;270241160
NİĞDE;ÇAMARDI;BEREKETLİ;YASEMEN SOKAK;sokak;176225640
NİĞDE;ÇAMARDI;BEREKETLİ;YAVUZ SELİM CADDE;cadde;1168423
NİĞDE;ÇAMARDI;BEREKETLİ;YAVUZ SOKAK;sokak;392790700
NİĞDE;ÇAMARDI;BEREKETLİ;YAYLA SOKAK;sokak;389092550
NİĞDE;ÇAMARDI;BEREKETLİ;YENİÇERİ SOKAK;sokak;629813030
NİĞDE;ÇAMARDI;BEREKETLİ;YEŞİM SOKAK;sokak;950621880
NİĞDE;ÇAMARDI;BEREKETLİ;YILDIZ SOKAK;sokak;281380480
NİĞDE;ÇAMARDI;BEYAZKIŞLAKÇI NA;BEYAZKIŞLAKÇI KÜME EVLER;sokak;239353
NİĞDE;ÇAMARDI;BURÇ - CUMHURİYET;ATATÜRK SOKAK;sokak;108696750
NİĞDE;ÇAMARDI;BURÇ - CUMHURİYET;ATATÜRK/1 SOKAK;sokak;131852020
NİĞDE;ÇAMARDI;BURÇ - CUMHURİYET;ATATÜRK/10 SOKAK;sokak;150441830
NİĞDE;ÇAMARDI;BURÇ - CUMHURİYET;ATATÜRK/11 SOKAK;sokak;620562880
NİĞDE;ÇAMARDI;BURÇ - CUMHURİYET;ATATÜRK/12 SOKAK;sokak;141636200
NİĞDE;ÇAMARDI;BURÇ - CUMHURİYET;ATATÜRK/13 SOKAK;sokak;308731780
NİĞDE;ÇAMARDI;BURÇ - CUMHURİYET;ATATÜRK/14 SOKAK;sokak;526335750
NİĞDE;ÇAMARDI;BURÇ - CUMHURİYET;ATATÜRK/15 SOKAK;sokak;251481720
NİĞDE;ÇAMARDI;BURÇ - CUMHURİYET;ATATÜRK/16 SOKAK;sokak;952817880
NİĞDE;ÇAMARDI;BURÇ - CUMHURİYET;ATATÜRK/17 SOKAK;sokak;938799220
NİĞDE;ÇAMARDI;BURÇ - CUMHURİYET;ATATÜRK/18 SOKAK;sokak;289356170
NİĞDE;ÇAMARDI;BURÇ - CUMHURİYET;ATATÜRK/19 SOKAK;sokak;618609460
NİĞDE;ÇAMARDI;BURÇ - CUMHURİYET;ATATÜRK/20 SOKAK;sokak;558843810
NİĞDE;ÇAMARDI;BURÇ - CUMHURİYET;ATATÜRK/21 SOKAK;sokak;799151950
NİĞDE;ÇAMARDI;BURÇ - CUMHURİYET;ATATÜRK/22 SOKAK;sokak;368181770
NİĞDE;ÇAMARDI;BURÇ - CUMHURİYET;ATATÜRK/24 SOKAK;sokak;230015220
NİĞDE;ÇAMARDI;BURÇ - CUMHURİYET;ATATÜRK/25 SOKAK;sokak;643917580
NİĞDE;ÇAMARDI;BURÇ - CUMHURİYET;ATATÜRK/26 SOKAK;sokak;343742560
NİĞDE;ÇAMARDI;BURÇ - CUMHURİYET;ATATÜRK/27 SOKAK;sokak;611020590
NİĞDE;ÇAMARDI;BURÇ - CUMHURİYET;ATATÜRK/28 SOKAK;sokak;253504710
NİĞDE;ÇAMARDI;BURÇ - CUMHURİYET;ATATÜRK/4 SOKAK;sokak;704923350
NİĞDE;ÇAMARDI;BURÇ - CUMHURİYET;ATATÜRK/5 SOKAK;sokak;361072170
NİĞDE;ÇAMARDI;BURÇ - CUMHURİYET;ATATÜRK/6 SOKAK;sokak;253057490
NİĞDE;ÇAMARDI;BURÇ - CUMHURİYET;ATATÜRK/7 SOKAK;sokak;918284590
NİĞDE;ÇAMARDI;BURÇ - CUMHURİYET;ATATÜRK/8 SOKAK;sokak;299834000
NİĞDE;ÇAMARDI;BURÇ - CUMHURİYET;ATATÜRK/9 SOKAK;sokak;313218130
NİĞDE;ÇAMARDI;BURÇ - CUMHURİYET;CUMHURIYET YENIYOL/2 SOKAK;sokak;228043890
NİĞDE;ÇAMARDI;BURÇ - CUMHURİYET;CUMHURIYET YENIYOL/5 SOKAK;sokak;95420642
NİĞDE;ÇAMARDI;BURÇ - CUMHURİYET;CUMHURİYET YENİYOL1 SOKAK;sokak;531766570
NİĞDE;ÇAMARDI;BURÇ - CUMHURİYET;CUMHURİYET YENİYOL3 SOKAK;sokak;521539050
NİĞDE;ÇAMARDI;BURÇ - CUMHURİYET;GÜNEŞLİ/15 SOKAK;sokak;448088300
NİĞDE;ÇAMARDI;BURÇ - CUMHURİYET;GÜNEŞLİ/21 SOKAK;sokak;295818570
NİĞDE;ÇAMARDI;BURÇ - CUMHURİYET;GÜNEŞLİ/5 SOKAK;sokak;221190510
NİĞDE;ÇAMARDI;BURÇ - CUMHURİYET;GÜNEŞLİ/61 SOKAK;sokak;133990190
NİĞDE;ÇAMARDI;BURÇ - CUMHURİYET;LALE SOKAK;sokak;482261
NİĞDE;ÇAMARDI;BURÇ - CUMHURİYET;LALE/1 SOKAK;sokak;266600920
NİĞDE;ÇAMARDI;BURÇ - CUMHURİYET;LALE/2 SOKAK;sokak;931246670
NİĞDE;ÇAMARDI;BURÇ - CUMHURİYET;MENEKŞE SOKAK;sokak;483592
NİĞDE;ÇAMARDI;BURÇ - CUMHURİYET;MENEKŞE/1 SOKAK;sokak;635768390
NİĞDE;ÇAMARDI;BURÇ - CUMHURİYET;MENEKŞE/2 SOKAK;sokak;360616200
NİĞDE;ÇAMARDI;BURÇ - CUMHURİYET;MENEKŞE/3 SOKAK;sokak;532977010
NİĞDE;ÇAMARDI;BURÇ - CUMHURİYET;MENEKŞE/5 SOKAK;sokak;500622640
NİĞDE;ÇAMARDI;BURÇ - CUMHURİYET;MERKEZ SOKAK;sokak;482260
NİĞDE;ÇAMARDI;BURÇ - CUMHURİYET;TÜRBE SOKAK;sokak;482259
NİĞDE;ÇAMARDI;BURÇ - CUMHURİYET;TÜRBE/2 SOKAK;sokak;525165640
NİĞDE;ÇAMARDI;BURÇ - CUMHURİYET;TÜRBE/3 SOKAK;sokak;245305290
NİĞDE;ÇAMARDI;BURÇ - CUMHURİYET;TÜRBE/4 SOKAK;sokak;612456270
NİĞDE;ÇAMARDI;BURÇ - CUMHURİYET;TÜRBE/5 SOKAK;sokak;800100020
NİĞDE;ÇAMARDI;BURÇ - CUMHURİYET;TÜRBE/6 SOKAK;sokak;508449760
NİĞDE;ÇAMARDI;BURÇ - CUMHURİYET;YENİ BAĞLAR SOKAK;sokak;172368600
NİĞDE;ÇAMARDI;BURÇ - CUMHURİYET;YENİGÜN SOKAK;sokak;483590
NİĞDE;ÇAMARDI;BURÇ - CUMHURİYET;YENİGÜN/2 SOKAK;sokak;361812040
NİĞDE;ÇAMARDI;BURÇ - CUMHURİYET;YENİGÜN/3 SOKAK;sokak;911796890
NİĞDE;ÇAMARDI;BURÇ - CUMHURİYET;YENİGÜN/4 SOKAK;sokak;531793130
NİĞDE;ÇAMARDI;BURÇ - YENİ;ATATÜRK SOKAK;sokak;141772080
NİĞDE;ÇAMARDI;BURÇ - YENİ;ATATÜRK/1 SOKAK;sokak;131852021
NİĞDE;ÇAMARDI;BURÇ - YENİ;BELEDİYE SOKAK;sokak;472620
NİĞDE;ÇAMARDI;BURÇ - YENİ;BELEDİYE/1 SOKAK;sokak;100160380
NİĞDE;ÇAMARDI;BURÇ - YENİ;BELEDİYE/5 SOKAK;sokak;343312720
NİĞDE;ÇAMARDI;BURÇ - YENİ;BELEDİYE/6 SOKAK;sokak;199040510
NİĞDE;ÇAMARDI;BURÇ - YENİ;ÇAMARDI YOLU BULVAR;sokak;105823690
NİĞDE;ÇAMARDI;BURÇ - YENİ;ÇAMARDI YOLU/1 SOKAK;sokak;156995150
NİĞDE;ÇAMARDI;BURÇ - YENİ;FATİH SOKAK;sokak;472624
NİĞDE;ÇAMARDI;BURÇ - YENİ;GÜNEŞLİ SOKAK;sokak;114399990
NİĞDE;ÇAMARDI;BURÇ - YENİ;GÜNEŞLİ/1 SOKAK;sokak;140418910
NİĞDE;ÇAMARDI;BURÇ - YENİ;GÜNEŞLİ/11 SOKAK;sokak;367666810
NİĞDE;ÇAMARDI;BURÇ - YENİ;GÜNEŞLİ/2 SOKAK;sokak;164124130
NİĞDE;ÇAMARDI;BURÇ - YENİ;GÜNEŞLİ/3 SOKAK;sokak;195365490
NİĞDE;ÇAMARDI;BURÇ - YENİ;GÜNEŞLİ/4 SOKAK;sokak;557949370
NİĞDE;ÇAMARDI;BURÇ - YENİ;GÜNEŞLİ/6 SOKAK;sokak;175180280
NİĞDE;ÇAMARDI;BURÇ - YENİ;GÜNEŞLİ/7 SOKAK;sokak;424427230
NİĞDE;ÇAMARDI;BURÇ - YENİ;GÜNEŞLİ/8 SOKAK;sokak;650843520
NİĞDE;ÇAMARDI;BURÇ - YENİ;GÜNEŞLİ/9 SOKAK;sokak;768805580
NİĞDE;ÇAMARDI;BURÇ - YENİ;KARABURUN/1 SOKAK;sokak;887908110
NİĞDE;ÇAMARDI;BURÇ - YENİ;KARABURUN/2 SOKAK;sokak;281995600
NİĞDE;ÇAMARDI;BURÇ - YENİ;KARABURUN/6 SOKAK;sokak;950550180
NİĞDE;ÇAMARDI;BURÇ - YENİ;KARABURUN/9 SOKAK;sokak;396478130
NİĞDE;ÇAMARDI;BURÇ - YENİ;LALE SOKAK;sokak;102257950
NİĞDE;ÇAMARDI;BURÇ - YENİ;MENEKŞE/5 SOKAK;sokak;862560880
NİĞDE;ÇAMARDI;BURÇ - YENİ;PAŞALAR SOKAK;sokak;24829
NİĞDE;ÇAMARDI;BURÇ - YENİ;YENI/12 SOKAK;sokak;163613880
NİĞDE;ÇAMARDI;BURÇ - YENİ;YENI/14 SOKAK;sokak;193665900
NİĞDE;ÇAMARDI;BURÇ - YENİ;YENI/33 SOKAK;sokak;382972890
NİĞDE;ÇAMARDI;BURÇ - YENİ;YENI/45 SOKAK;sokak;188673580
NİĞDE;ÇAMARDI;BURÇ - YENİ;YENİ/1 SOKAK;sokak;152384470
NİĞDE;ÇAMARDI;BURÇ - YENİ;YENİ/10 SOKAK;sokak;684964130
NİĞDE;ÇAMARDI;BURÇ - YENİ;YENİ/100 SOKAK;sokak;290192540
NİĞDE;ÇAMARDI;BURÇ - YENİ;YENİ/101 SOKAK;sokak;515617440
NİĞDE;ÇAMARDI;BURÇ - YENİ;YENİ/106 SOKAK;sokak;124803720
NİĞDE;ÇAMARDI;BURÇ - YENİ;YENİ/107 SOKAK;sokak;270176070
NİĞDE;ÇAMARDI;BURÇ - YENİ;YENİ/108 SOKAK;sokak;932383680
NİĞDE;ÇAMARDI;BURÇ - YENİ;YENİ/109 SOKAK;sokak;172903470
NİĞDE;ÇAMARDI;BURÇ - YENİ;YENİ/11 SOKAK;sokak;567513570
NİĞDE;ÇAMARDI;BURÇ - YENİ;YENİ/110 SOKAK;sokak;683455940
NİĞDE;ÇAMARDI;BURÇ - YENİ;YENİ/13 SOKAK;sokak;286674340
NİĞDE;ÇAMARDI;BURÇ - YENİ;YENİ/15 SOKAK;sokak;186775180
NİĞDE;ÇAMARDI;BURÇ - YENİ;YENİ/16 SOKAK;sokak;619746970
NİĞDE;ÇAMARDI;BURÇ - YENİ;YENİ/17 SOKAK;sokak;721310890
NİĞDE;ÇAMARDI;BURÇ - YENİ;YENİ/18 SOKAK;sokak;177043130
NİĞDE;ÇAMARDI;BURÇ - YENİ;YENİ/19 SOKAK;sokak;957102990
NİĞDE;ÇAMARDI;BURÇ - YENİ;YENİ/2 SOKAK;sokak;181438670
NİĞDE;ÇAMARDI;BURÇ - YENİ;YENİ/20 SOKAK;sokak;269637850
NİĞDE;ÇAMARDI;BURÇ - YENİ;YENİ/21 SOKAK;sokak;592541440
NİĞDE;ÇAMARDI;BURÇ - YENİ;YENİ/22 SOKAK;sokak;328423120
NİĞDE;ÇAMARDI;BURÇ - YENİ;YENİ/23 SOKAK;sokak;502115800
NİĞDE;ÇAMARDI;BURÇ - YENİ;YENİ/24 SOKAK;sokak;196539220
NİĞDE;ÇAMARDI;BURÇ - YENİ;YENİ/25 SOKAK;sokak;141519060
NİĞDE;ÇAMARDI;BURÇ - YENİ;YENİ/26 SOKAK;sokak;214982170
NİĞDE;ÇAMARDI;BURÇ - YENİ;YENİ/27 SOKAK;sokak;550315040
NİĞDE;ÇAMARDI;BURÇ - YENİ;YENİ/28 SOKAK;sokak;813244930
NİĞDE;ÇAMARDI;BURÇ - YENİ;YENİ/29 SOKAK;sokak;155983370
NİĞDE;ÇAMARDI;BURÇ - YENİ;YENİ/3 SOKAK;sokak;572479670
NİĞDE;ÇAMARDI;BURÇ - YENİ;YENİ/300 SOKAK;sokak;280466130
NİĞDE;ÇAMARDI;BURÇ - YENİ;YENİ/301 SOKAK;sokak;850947200
NİĞDE;ÇAMARDI;BURÇ - YENİ;YENİ/302 SOKAK;sokak;736159320
NİĞDE;ÇAMARDI;BURÇ - YENİ;YENİ/303 SOKAK;sokak;804981570
NİĞDE;ÇAMARDI;BURÇ - YENİ;YENİ/31 SOKAK;sokak;670597580
NİĞDE;ÇAMARDI;BURÇ - YENİ;YENİ/32 SOKAK;sokak;158764850
NİĞDE;ÇAMARDI;BURÇ - YENİ;YENİ/34 SOKAK;sokak;287028270
NİĞDE;ÇAMARDI;BURÇ - YENİ;YENİ/35 SOKAK;sokak;593030990
NİĞDE;ÇAMARDI;BURÇ - YENİ;YENİ/36 SOKAK;sokak;125308200
NİĞDE;ÇAMARDI;BURÇ - YENİ;YENİ/37 SOKAK;sokak;338397540
NİĞDE;ÇAMARDI;BURÇ - YENİ;YENİ/38 SOKAK;sokak;578368760
NİĞDE;ÇAMARDI;BURÇ - YENİ;YENİ/39 SOKAK;sokak;640637530
NİĞDE;ÇAMARDI;BURÇ - YENİ;YENİ/4 SOKAK;sokak;269622900
NİĞDE;ÇAMARDI;BURÇ - YENİ;YENİ/40 SOKAK;sokak;475769620
NİĞDE;ÇAMARDI;BURÇ - YENİ;YENİ/400 SOKAK;sokak;781457780
NİĞDE;ÇAMARDI;BURÇ - YENİ;YENİ/41 SOKAK;sokak;615967140
NİĞDE;ÇAMARDI;BURÇ - YENİ;YENİ/42 SOKAK;sokak;396270620
NİĞDE;ÇAMARDI;BURÇ - YENİ;YENİ/43 SOKAK;sokak;533365900
NİĞDE;ÇAMARDI;BURÇ - YENİ;YENİ/44 SOKAK;sokak;189777850
NİĞDE;ÇAMARDI;BURÇ - YENİ;YENİ/46 SOKAK;sokak;170083500
NİĞDE;ÇAMARDI;BURÇ - YENİ;YENİ/47 SOKAK;sokak;124502430
NİĞDE;ÇAMARDI;BURÇ - YENİ;YENİ/48 SOKAK;sokak;154637220
NİĞDE;ÇAMARDI;BURÇ - YENİ;YENİ/49 SOKAK;sokak;242390140
NİĞDE;ÇAMARDI;BURÇ - YENİ;YENİ/5 SOKAK;sokak;158892150
NİĞDE;ÇAMARDI;BURÇ - YENİ;YENİ/50 SOKAK;sokak;131443080
NİĞDE;ÇAMARDI;BURÇ - YENİ;YENİ/500 SOKAK;sokak;511486900
NİĞDE;ÇAMARDI;BURÇ - YENİ;YENİ/501 SOKAK;sokak;445984070
NİĞDE;ÇAMARDI;BURÇ - YENİ;YENİ/51 SOKAK;sokak;433379480
NİĞDE;ÇAMARDI;BURÇ - YENİ;YENİ/511 SOKAK;sokak;464240570
NİĞDE;ÇAMARDI;BURÇ - YENİ;YENİ/52 SOKAK;sokak;263465360
NİĞDE;ÇAMARDI;BURÇ - YENİ;YENİ/521 SOKAK;sokak;436720880
NİĞDE;ÇAMARDI;BURÇ - YENİ;YENİ/53 SOKAK;sokak;199127730
NİĞDE;ÇAMARDI;BURÇ - YENİ;YENİ/54 SOKAK;sokak;902566450
NİĞDE;ÇAMARDI;BURÇ - YENİ;YENİ/55 SOKAK;sokak;598546460
NİĞDE;ÇAMARDI;BURÇ - YENİ;YENİ/56 SOKAK;sokak;355506150
NİĞDE;ÇAMARDI;BURÇ - YENİ;YENİ/58 SOKAK;sokak;526057140
NİĞDE;ÇAMARDI;BURÇ - YENİ;YENİ/6 SOKAK;sokak;548558610
NİĞDE;ÇAMARDI;BURÇ - YENİ;YENİ/61 SOKAK;sokak;208628840
NİĞDE;ÇAMARDI;BURÇ - YENİ;YENİ/62 SOKAK;sokak;488478180
NİĞDE;ÇAMARDI;BURÇ - YENİ;YENİ/63 SOKAK;sokak;275437680
NİĞDE;ÇAMARDI;BURÇ - YENİ;YENİ/64 SOKAK;sokak;199885420
NİĞDE;ÇAMARDI;BURÇ - YENİ;YENİ/65 SOKAK;sokak;761132240
NİĞDE;ÇAMARDI;BURÇ - YENİ;YENİ/66 SOKAK;sokak;315250820
NİĞDE;ÇAMARDI;BURÇ - YENİ;YENİ/67 SOKAK;sokak;196762040
NİĞDE;ÇAMARDI;BURÇ - YENİ;YENİ/68 SOKAK;sokak;832001050
NİĞDE;ÇAMARDI;BURÇ - YENİ;YENİ/7 SOKAK;sokak;289505170
NİĞDE;ÇAMARDI;BURÇ - YENİ;YENİ/70 SOKAK;sokak;663909640
NİĞDE;ÇAMARDI;BURÇ - YENİ;YENİ/71 SOKAK;sokak;154214980
NİĞDE;ÇAMARDI;BURÇ - YENİ;YENİ/72 SOKAK;sokak;510368790
NİĞDE;ÇAMARDI;BURÇ - YENİ;YENİ/73 SOKAK;sokak;252452000
NİĞDE;ÇAMARDI;BURÇ - YENİ;YENİ/74 SOKAK;sokak;701096570
NİĞDE;ÇAMARDI;BURÇ - YENİ;YENİ/76 SOKAK;sokak;609256090
NİĞDE;ÇAMARDI;BURÇ - YENİ;YENİ/77 SOKAK;sokak;187442840
NİĞDE;ÇAMARDI;BURÇ - YENİ;YENİ/78 SOKAK;sokak;485457010
NİĞDE;ÇAMARDI;BURÇ - YENİ;YENİ/79 SOKAK;sokak;117669870
NİĞDE;ÇAMARDI;BURÇ - YENİ;YENİ/8 SOKAK;sokak;849057280
NİĞDE;ÇAMARDI;BURÇ - YENİ;YENİ/80 SOKAK;sokak;449042740
NİĞDE;ÇAMARDI;BURÇ - YENİ;YENİ/81 SOKAK;sokak;409259190
NİĞDE;ÇAMARDI;BURÇ - YENİ;YENİ/82 SOKAK;sokak;142914880
NİĞDE;ÇAMARDI;BURÇ - YENİ;YENİ/85 SOKAK;sokak;177199070
NİĞDE;ÇAMARDI;BURÇ - YENİ;YENİ/86 SOKAK;sokak;647057180
NİĞDE;ÇAMARDI;BURÇ - YENİ;YENİ/87 SOKAK;sokak;493855450
NİĞDE;ÇAMARDI;BURÇ - YENİ;YENİ/89 SOKAK;sokak;953678680
NİĞDE;ÇAMARDI;BURÇ - YENİ;YENİ/9 SOKAK;sokak;774706800
NİĞDE;ÇAMARDI;BURÇ - YENİ;YENİ/90 SOKAK;sokak;250959690
NİĞDE;ÇAMARDI;BURÇ - YENİ;YENİ/91 SOKAK;sokak;960004190
NİĞDE;ÇAMARDI;BURÇ - YENİ;YENİ/92 SOKAK;sokak;685279020
NİĞDE;ÇAMARDI;BURÇ - YENİ;YENİ/93 SOKAK;sokak;935173400
NİĞDE;ÇAMARDI;BURÇ - YENİ;YENİ/94 SOKAK;sokak;260702680
NİĞDE;ÇAMARDI;BURÇ - YENİ;YENİ/941 SOKAK;sokak;102333770
NİĞDE;ÇAMARDI;BURÇ - YENİ;YENİ/95 SOKAK;sokak;516263150
NİĞDE;ÇAMARDI;BURÇ - YENİ;YENİ/96 SOKAK;sokak;411591380
NİĞDE;ÇAMARDI;BURÇ - YENİ;YENİ/97 SOKAK;sokak;387148790
NİĞDE;ÇAMARDI;CELALLER NA;CELALLAR. KÜME EVLER;sokak;473005
NİĞDE;ÇAMARDI;ÇARDACIK NA;ÇARDACIK KÜME EVLER;sokak;484611
NİĞDE;ÇAMARDI;ÇUKURBAĞ NA;ÇAMARDI YOLU BULVAR;sokak;340721080
NİĞDE;ÇAMARDI;ÇUKURBAĞ NA;ÇUKURBAĞ KÜME EVLER;sokak;472543
NİĞDE;ÇAMARDI;ÇUKURBAĞ NA;HANYAZISI KÜME EVLER;sokak;817597480
NİĞDE;ÇAMARDI;DEMİRKAZIK NA;ÇAMARDI YOLU BULVAR;sokak;418763430
NİĞDE;ÇAMARDI;DEMİRKAZIK NA;DEMIRKAZIK KÜME EVLER;sokak;473004
NİĞDE;ÇAMARDI;DEMİRKAZIK NA;EYNELLİÖZÜ SOKAK;sokak;24464
NİĞDE;ÇAMARDI;DEMİRKAZIK NA;EYNELLİÖZÜ/6 SOKAK;sokak;257923180
NİĞDE;ÇAMARDI;DEMİRKAZIK NA;EYNELLİÖZÜ/7 SOKAK;sokak;704425040
NİĞDE;ÇAMARDI;DEMİRKAZIK NA;EYNELLİÖZÜ/8 SOKAK;sokak;810459400
NİĞDE;ÇAMARDI;DEMİRKAZIK NA;EYNELLİÖZÜ/9 SOKAK;sokak;865402830
NİĞDE;ÇAMARDI;ELEKGÖLÜ NA;ÇAMARDI YOLU BULVAR;sokak;241434480
NİĞDE;ÇAMARDI;ELEKGÖLÜ NA;ELEKGÖLÜ KÜME EVLER;sokak;474259
NİĞDE;ÇAMARDI;EYNELLİ NA;ÇAMARDI YOLU BULVAR;sokak;469905290
NİĞDE;ÇAMARDI;EYNELLİ NA;EYNELLİ KÜME EVLER;sokak;475109
NİĞDE;ÇAMARDI;KAVAKLIGÖL NA;KAVAKLIGÖL KÜME EVLER;sokak;475406
NİĞDE;ÇAMARDI;KAVLAKTEPE NA;ÇAMARDI YOLU BULVAR;sokak;235397600
NİĞDE;ÇAMARDI;KAVLAKTEPE NA;KAVLAKTEPE KÜME EVLER;sokak;475407
NİĞDE;ÇAMARDI;KOCAPINAR NA;KOCAPINAR KÜME EVLER;sokak;478579
NİĞDE;ÇAMARDI;MADEN;ALTAY SOKAK;sokak;179998550
NİĞDE;ÇAMARDI;MADEN;ARMUTLU SOKAK;sokak;24792
NİĞDE;ÇAMARDI;MADEN;ASALET SOKAK;sokak;826981270
NİĞDE;ÇAMARDI;MADEN;ASYA SOKAK;sokak;152980780
NİĞDE;ÇAMARDI;MADEN;ATLAS SOKAK;sokak;244345240
NİĞDE;ÇAMARDI;MADEN;AYDIN SOKAK;sokak;370586
NİĞDE;ÇAMARDI;MADEN;BAHÇE SOKAK;sokak;24793
NİĞDE;ÇAMARDI;MADEN;BAYIR SOKAK;sokak;24794
NİĞDE;ÇAMARDI;MADEN;BOĞAZ KÜME EVLER;sokak;24795
NİĞDE;ÇAMARDI;MADEN;CEMRE SOKAK;sokak;213456240
NİĞDE;ÇAMARDI;MADEN;ÇAMARDI/1 SOKAK;sokak;866704860
NİĞDE;ÇAMARDI;MADEN;ÇAYBAŞI SOKAK;sokak;24797
NİĞDE;ÇAMARDI;MADEN;ÇEŞMELİ SOKAK;sokak;24791
NİĞDE;ÇAMARDI;MADEN;ÇOĞLU KÜME EVLER;sokak;576942420
NİĞDE;ÇAMARDI;MADEN;DEĞİRMENLİ SOKAK;sokak;371827
NİĞDE;ÇAMARDI;MADEN;DENİZ SOKAK;sokak;531442590
NİĞDE;ÇAMARDI;MADEN;GELİNCİK SOKAK;sokak;838166860
NİĞDE;ÇAMARDI;MADEN;GÖKAY SOKAK;sokak;435634440
NİĞDE;ÇAMARDI;MADEN;GÖRKEM SOKAK;sokak;533588670
NİĞDE;ÇAMARDI;MADEN;GÜLEN SOKAK;sokak;541692550
NİĞDE;ÇAMARDI;MADEN;GÜLNAR SOKAK;sokak;846025640
NİĞDE;ÇAMARDI;MADEN;GÜVEN SOKAK;sokak;382293240
NİĞDE;ÇAMARDI;MADEN;IRMAK SOKAK;sokak;316533550
NİĞDE;ÇAMARDI;MADEN;KAYMAKLI SOKAK;sokak;764821240
NİĞDE;ÇAMARDI;MADEN;KİRAZLI SOKAK;sokak;230013810
NİĞDE;ÇAMARDI;MADEN;KULU OSMAN SOKAK;sokak;24790
NİĞDE;ÇAMARDI;MADEN;MADEN/14 SOKAK;sokak;457608400
NİĞDE;ÇAMARDI;MADEN;MADEN/7 SOKAK;sokak;140913590
NİĞDE;ÇAMARDI;MADEN;MADEN/8 SOKAK;sokak;674039640
NİĞDE;ÇAMARDI;MADEN;MANOLYA SOKAK;sokak;117450640
NİĞDE;ÇAMARDI;MADEN;MARAL SOKAK;sokak;638536420
NİĞDE;ÇAMARDI;MADEN;MEHMET AKİF ERSOY CADDE;cadde;1256265
NİĞDE;ÇAMARDI;MADEN;MERCAN SOKAK;sokak;982311450
NİĞDE;ÇAMARDI;MADEN;MİSKET SOKAK;sokak;844681720
NİĞDE;ÇAMARDI;MADEN;OLUKLUÖZ SOKAK;sokak;1441713
NİĞDE;ÇAMARDI;MADEN;ÖZİÇİ SOKAK;sokak;468458
NİĞDE;ÇAMARDI;MADEN;PAPATYA SOKAK;sokak;614657610
NİĞDE;ÇAMARDI;MADEN;PAZARYERİ CADDE;cadde;1214725
NİĞDE;ÇAMARDI;MADEN;REYHAN SOKAK;sokak;715799320
NİĞDE;ÇAMARDI;MADEN;SALKIM SOKAK;sokak;440197840
NİĞDE;ÇAMARDI;MADEN;SAYGI SOKAK;sokak;225704510
NİĞDE;ÇAMARDI;MADEN;ŞEHİT ÜSTEĞMEN MURAT ERDEM CADDE;cadde;371828
NİĞDE;ÇAMARDI;MADEN;YAVUZ SELİM CADDE;cadde;188471290
NİĞDE;ÇAMARDI;MADEN;YENİ BAĞLAR SOKAK;sokak;482059
NİĞDE;ÇAMARDI;MADEN;YENİBAĞLAR SOKAK;sokak;634176201
NİĞDE;ÇAMARDI;MADEN;YILDIRIM SOKAK;sokak;167407140
NİĞDE;ÇAMARDI;MADEN;YUNUS EMRE/1 SOKAK;sokak;785484190
NİĞDE;ÇAMARDI;MADEN;ZAFER SOKAK;sokak;483617370
NİĞDE;ÇAMARDI;MAHMATLI NA;ÇAMARDI YOLU BULVAR;sokak;142964040
NİĞDE;ÇAMARDI;MAHMATLI NA;KALEDERESİ KÜME EVLER;sokak;483593
NİĞDE;ÇAMARDI;MAHMATLI NA;MAHMATLI KÜME EVLER;sokak;472956
NİĞDE;ÇAMARDI;ORHANİYE NA;ÇAMARDI YOLU BULVAR;sokak;337742250
NİĞDE;ÇAMARDI;ORHANİYE NA;ORHANIYE KÜME EVLER;sokak;483343
NİĞDE;ÇAMARDI;ÖRENKÖY NA;ÖRENKÖY KÜME EVLER;sokak;475424
NİĞDE;ÇAMARDI;PINARBAŞI NA;ÇAMARDI YOLU BULVAR;sokak;221767390
NİĞDE;ÇAMARDI;PINARBAŞI NA;DEMIRKAZIK KÜME EVLER;sokak;875305230
NİĞDE;ÇAMARDI;PINARBAŞI NA;EYNELLİÖZÜ SOKAK;sokak;706896251
NİĞDE;ÇAMARDI;PINARBAŞI NA;EYNELLİÖZÜ/4 SOKAK;sokak;368290001
NİĞDE;ÇAMARDI;PINARBAŞI NA;PINARBAŞI KÜME EVLER;sokak;482355
NİĞDE;ÇAMARDI;SULUCAOVA NA;SULUCAOVA KÜME EVLER;sokak;473442
NİĞDE;ÇAMARDI;ÜÇKAPILI - CAMIZ KELERİ;CAMIZ KELERİ KÜME EVLER;sokak;1447133
NİĞDE;ÇAMARDI;ÜÇKAPILI - KALE;KALE YOLU KÜME EVLER;sokak;476428
NİĞDE;ÇAMARDI;ÜÇKAPILI NA;CAMIZ KELERİ KÜME EVLER;sokak;537649080
NİĞDE;ÇAMARDI;ÜÇKAPILI NA;ÖZYURT KÜME EVLER;sokak;348719390
NİĞDE;ÇAMARDI;ÜÇKAPILI NA;ÜÇKAPILI KÖY SOKAĞI;sokak;473450
NİĞDE;ÇAMARDI;YELATAN NA;ÇAMARDI YOLU BULVAR;sokak;191605550
NİĞDE;ÇAMARDI;YELATAN NA;YELATAN KÜME EVLER;sokak;472955
NİĞDE;ÇAMARDI;YENİKÖY NA;YENİKÖY KÜME EVLER;sokak;475110
NİĞDE;ÇİFTLİK;ASMASIZ;ASMASIZ1 KÜME EVLER;sokak;480198
NİĞDE;ÇİFTLİK;AZATLI - ÇAYIR;24.SOKAK KÜME EVLER;sokak;163292860
NİĞDE;ÇİFTLİK;AZATLI - ÇAYIR;25.SOKAK SOKAK;sokak;288952740
NİĞDE;ÇİFTLİK;AZATLI - ÇAYIR;26.SOKAK SOKAK;sokak;705507440
NİĞDE;ÇİFTLİK;AZATLI - ÇAYIR;27.SOKAK SOKAK;sokak;560211320
NİĞDE;ÇİFTLİK;AZATLI - ÇAYIR;28.SOKAK SOKAK;sokak;300071240
NİĞDE;ÇİFTLİK;AZATLI - ÇAYIR;30.SOKAK SOKAK;sokak;522548020
NİĞDE;ÇİFTLİK;AZATLI - ÇAYIR;31.SOKAK SOKAK;sokak;742186290
NİĞDE;ÇİFTLİK;AZATLI - ÇAYIR;32.SOKAK SOKAK;sokak;206240860
NİĞDE;ÇİFTLİK;AZATLI - ÇAYIR;33.SOKAK SOKAK;sokak;160221210
NİĞDE;ÇİFTLİK;AZATLI - ÇAYIR;34.SOKAK SOKAK;sokak;549633680
NİĞDE;ÇİFTLİK;AZATLI - ÇAYIR;35.SOKAK SOKAK;sokak;410493540
NİĞDE;ÇİFTLİK;AZATLI - ÇAYIR;36.SOKAK SOKAK;sokak;384037130
NİĞDE;ÇİFTLİK;AZATLI - ÇAYIR;37.SOKAK SOKAK;sokak;696211000
NİĞDE;ÇİFTLİK;AZATLI - ÇAYIR;38.SOKAK SOKAK;sokak;515094950
NİĞDE;ÇİFTLİK;AZATLI - ÇAYIR;39.SOKAK SOKAK;sokak;495354790
NİĞDE;ÇİFTLİK;AZATLI - ÇAYIR;40.SOKAK SOKAK;sokak;608489590
NİĞDE;ÇİFTLİK;AZATLI - ÇAYIR;41.SOKAK SOKAK;sokak;236661340
NİĞDE;ÇİFTLİK;AZATLI - ÇAYIR;42.SOKAK SOKAK;sokak;549409860
NİĞDE;ÇİFTLİK;AZATLI - ÇAYIR;43.SOKAK SOKAK;sokak;762996500
NİĞDE;ÇİFTLİK;AZATLI - ÇAYIR;AYLAS KÜME EVLER;sokak;484951
NİĞDE;ÇİFTLİK;AZATLI - ÇAYIR;CAMİİ SOKAK;sokak;32264
NİĞDE;ÇİFTLİK;AZATLI - ÇAYIR;CUMHURİYET CADDE;cadde;32265
NİĞDE;ÇİFTLİK;AZATLI - ÇAYIR;ÇİÇEK SOKAK;sokak;793471341
NİĞDE;ÇİFTLİK;AZATLI - ÇAYIR;ÇİFTLİK CADDE;cadde;177964750
NİĞDE;ÇİFTLİK;AZATLI - ÇAYIR;DERECİK SOKAK;sokak;485965
NİĞDE;ÇİFTLİK;AZATLI - ÇAYIR;GİRNE SOKAK;sokak;227931600
NİĞDE;ÇİFTLİK;AZATLI - ÇAYIR;HACI IŞIK SOKAK;sokak;369821
NİĞDE;ÇİFTLİK;AZATLI - ÇAYIR;NİĞDE CADDE;cadde;369820
NİĞDE;ÇİFTLİK;AZATLI - ÇAYIR;NİĞDE/3 SOKAK;sokak;562310790
NİĞDE;ÇİFTLİK;AZATLI - ÇAYIR;NİĞDE/4 CADDE;cadde;362423110
NİĞDE;ÇİFTLİK;AZATLI - ÇAYIR;PAPATYA SOKAK;sokak;692285261
NİĞDE;ÇİFTLİK;AZATLI - ÇAYIR;SÜMBÜL SOKAK;sokak;576047871
NİĞDE;ÇİFTLİK;AZATLI - KÜLLÜCE;63.SOKAK SOKAK;sokak;884406230
NİĞDE;ÇİFTLİK;AZATLI - KÜLLÜCE;64.SOKAK SOKAK;sokak;172857680
NİĞDE;ÇİFTLİK;AZATLI - KÜLLÜCE;65.SOKAK SOKAK;sokak;742332630
NİĞDE;ÇİFTLİK;AZATLI - KÜLLÜCE;66.SOKAK SOKAK;sokak;445879620
NİĞDE;ÇİFTLİK;AZATLI - KÜLLÜCE;67.SOKAK SOKAK;sokak;422838380
NİĞDE;ÇİFTLİK;AZATLI - KÜLLÜCE;68.SOKAK SOKAK;sokak;490531760
NİĞDE;ÇİFTLİK;AZATLI - KÜLLÜCE;69.SOKAK SOKAK;sokak;348369570
NİĞDE;ÇİFTLİK;AZATLI - KÜLLÜCE;70.SOKAK SOKAK;sokak;707329120
NİĞDE;ÇİFTLİK;AZATLI - KÜLLÜCE;71.SOKAK SOKAK;sokak;162038380
NİĞDE;ÇİFTLİK;AZATLI - KÜLLÜCE;72.SOKAK SOKAK;sokak;241932940
NİĞDE;ÇİFTLİK;AZATLI - KÜLLÜCE;73.SOKAK SOKAK;sokak;975582900
NİĞDE;ÇİFTLİK;AZATLI - KÜLLÜCE;74.SOKAK SOKAK;sokak;981124360
NİĞDE;ÇİFTLİK;AZATLI - KÜLLÜCE;75.SOKAK SOKAK;sokak;972083000
NİĞDE;ÇİFTLİK;AZATLI - KÜLLÜCE;76.SOKAK SOKAK;sokak;308116650
NİĞDE;ÇİFTLİK;AZATLI - KÜLLÜCE;77.SOKAK SOKAK;sokak;641056950
NİĞDE;ÇİFTLİK;AZATLI - KÜLLÜCE;78.SOKAK SOKAK;sokak;100039860
NİĞDE;ÇİFTLİK;AZATLI - KÜLLÜCE;79.SOKAK SOKAK;sokak;371535170
NİĞDE;ÇİFTLİK;AZATLI - KÜLLÜCE;80.SOKAK SOKAK;sokak;122778100
NİĞDE;ÇİFTLİK;AZATLI - KÜLLÜCE;84.SOKAK SOKAK;sokak;369168560
NİĞDE;ÇİFTLİK;AZATLI - KÜLLÜCE;85.SOKAK SOKAK;sokak;222095060
NİĞDE;ÇİFTLİK;AZATLI - KÜLLÜCE;86.SOKAK SOKAK;sokak;296689510
NİĞDE;ÇİFTLİK;AZATLI - KÜLLÜCE;87.SOKAK SOKAK;sokak;381131710
NİĞDE;ÇİFTLİK;AZATLI - KÜLLÜCE;ÇİFTLİK CADDE;cadde;32269
NİĞDE;ÇİFTLİK;AZATLI - KÜLLÜCE;DEMİR SOKAK;sokak;749481590
NİĞDE;ÇİFTLİK;AZATLI - KÜLLÜCE;GÜZELYURT CADDE;cadde;32267
NİĞDE;ÇİFTLİK;AZATLI - KÜLLÜCE;KİBAR SOKAK;sokak;32266
NİĞDE;ÇİFTLİK;AZATLI - KÜLLÜCE;KONAK CADDE;cadde;32268
NİĞDE;ÇİFTLİK;AZATLI - KÜLLÜCE;KONAK/2 CADDE;cadde;115658010
NİĞDE;ÇİFTLİK;AZATLI - KÜLLÜCE;OKUL SOKAK;sokak;369822
NİĞDE;ÇİFTLİK;AZATLI - KÜLLÜCE;TEKKE SOKAK;sokak;499497
NİĞDE;ÇİFTLİK;AZATLI - SAĞIRGÖL;101.SOKAK SOKAK;sokak;620153670
NİĞDE;ÇİFTLİK;AZATLI - SAĞIRGÖL;102.SOKAK SOKAK;sokak;993309870
NİĞDE;ÇİFTLİK;AZATLI - SAĞIRGÖL;103.SOKAK SOKAK;sokak;165843770
NİĞDE;ÇİFTLİK;AZATLI - SAĞIRGÖL;104.SOKAK SOKAK;sokak;135591250
NİĞDE;ÇİFTLİK;AZATLI - SAĞIRGÖL;105.SOKAK SOKAK;sokak;595677430
NİĞDE;ÇİFTLİK;AZATLI - SAĞIRGÖL;106.SOKAK SOKAK;sokak;987997940
NİĞDE;ÇİFTLİK;AZATLI - SAĞIRGÖL;107.SOKAK SOKAK;sokak;716733130
NİĞDE;ÇİFTLİK;AZATLI - SAĞIRGÖL;108.SOKAK SOKAK;sokak;347231300
NİĞDE;ÇİFTLİK;AZATLI - SAĞIRGÖL;109.SOKAK SOKAK;sokak;962154960
NİĞDE;ÇİFTLİK;AZATLI - SAĞIRGÖL;110.SOKAK SOKAK;sokak;357082470
NİĞDE;ÇİFTLİK;AZATLI - SAĞIRGÖL;111.SOKAK SOKAK;sokak;137746330
NİĞDE;ÇİFTLİK;AZATLI - SAĞIRGÖL;112.SOKAK SOKAK;sokak;715579380
NİĞDE;ÇİFTLİK;AZATLI - SAĞIRGÖL;113.SOKAK SOKAK;sokak;641655410
NİĞDE;ÇİFTLİK;AZATLI - SAĞIRGÖL;114.SOKAK SOKAK;sokak;456438710
NİĞDE;ÇİFTLİK;AZATLI - SAĞIRGÖL;115.SOKAK SOKAK;sokak;986150730
NİĞDE;ÇİFTLİK;AZATLI - SAĞIRGÖL;116.SOKAK SOKAK;sokak;499322700
NİĞDE;ÇİFTLİK;AZATLI - SAĞIRGÖL;117.SOKAK SOKAK;sokak;741169630
NİĞDE;ÇİFTLİK;AZATLI - SAĞIRGÖL;118.SOKAK SOKAK;sokak;409058950
NİĞDE;ÇİFTLİK;AZATLI - SAĞIRGÖL;119.SOKAK SOKAK;sokak;339935440
NİĞDE;ÇİFTLİK;AZATLI - SAĞIRGÖL;120.SOKAK SOKAK;sokak;574504210
NİĞDE;ÇİFTLİK;AZATLI - SAĞIRGÖL;122.SOKAK SOKAK;sokak;149451660
NİĞDE;ÇİFTLİK;AZATLI - SAĞIRGÖL;123.SOKAK SOKAK;sokak;824164210
NİĞDE;ÇİFTLİK;AZATLI - SAĞIRGÖL;124.SOKAK SOKAK;sokak;360152460
NİĞDE;ÇİFTLİK;AZATLI - SAĞIRGÖL;125.SOKAK SOKAK;sokak;178869790
NİĞDE;ÇİFTLİK;AZATLI - SAĞIRGÖL;126.SOKAK SOKAK;sokak;796089720
NİĞDE;ÇİFTLİK;AZATLI - SAĞIRGÖL;127.SOKAK SOKAK;sokak;555890140
NİĞDE;ÇİFTLİK;AZATLI - SAĞIRGÖL;128.SOKAK SOKAK;sokak;699563240
NİĞDE;ÇİFTLİK;AZATLI - SAĞIRGÖL;129.SOKAK SOKAK;sokak;889193030
NİĞDE;ÇİFTLİK;AZATLI - SAĞIRGÖL;130.SOKAK SOKAK;sokak;661343540
NİĞDE;ÇİFTLİK;AZATLI - SAĞIRGÖL;131.SOKAK SOKAK;sokak;657533030
NİĞDE;ÇİFTLİK;AZATLI - SAĞIRGÖL;132.SOKAK SOKAK;sokak;648674920
NİĞDE;ÇİFTLİK;AZATLI - SAĞIRGÖL;133.SOKAK SOKAK;sokak;199678920
NİĞDE;ÇİFTLİK;AZATLI - SAĞIRGÖL;134.SOKAK SOKAK;sokak;486574070
NİĞDE;ÇİFTLİK;AZATLI - SAĞIRGÖL;135.SOKAK SOKAK;sokak;366390450
NİĞDE;ÇİFTLİK;AZATLI - SAĞIRGÖL;136.SOKAK SOKAK;sokak;217017680
NİĞDE;ÇİFTLİK;AZATLI - SAĞIRGÖL;137.SOKAK SOKAK;sokak;712593030
NİĞDE;ÇİFTLİK;AZATLI - SAĞIRGÖL;138.SOKAK SOKAK;sokak;752361410
NİĞDE;ÇİFTLİK;AZATLI - SAĞIRGÖL;139.SOKAK SOKAK;sokak;170526890
NİĞDE;ÇİFTLİK;AZATLI - SAĞIRGÖL;140.SOKAK SOKAK;sokak;913873570
NİĞDE;ÇİFTLİK;AZATLI - SAĞIRGÖL;141.SOKAK SOKAK;sokak;294863050
NİĞDE;ÇİFTLİK;AZATLI - SAĞIRGÖL;142.SOKAK SOKAK;sokak;696708590
NİĞDE;ÇİFTLİK;AZATLI - SAĞIRGÖL;143.SOKAK SOKAK;sokak;756446740
NİĞDE;ÇİFTLİK;AZATLI - SAĞIRGÖL;144.SOKAK SOKAK;sokak;525363230
NİĞDE;ÇİFTLİK;AZATLI - SAĞIRGÖL;145.SOKAK SOKAK;sokak;922450000
NİĞDE;ÇİFTLİK;AZATLI - SAĞIRGÖL;151.SOKAK SOKAK;sokak;156429371
NİĞDE;ÇİFTLİK;AZATLI - SAĞIRGÖL;152.SOKAK SOKAK;sokak;282558001
NİĞDE;ÇİFTLİK;AZATLI - SAĞIRGÖL;90.SOKAK SOKAK;sokak;663015160
NİĞDE;ÇİFTLİK;AZATLI - SAĞIRGÖL;91.SOKAK SOKAK;sokak;577665290
NİĞDE;ÇİFTLİK;AZATLI - SAĞIRGÖL;92.SOKAK SOKAK;sokak;441618670
NİĞDE;ÇİFTLİK;AZATLI - SAĞIRGÖL;94.SOKAK SOKAK;sokak;740460380
NİĞDE;ÇİFTLİK;AZATLI - SAĞIRGÖL;95.SOKAK SOKAK;sokak;117842790
NİĞDE;ÇİFTLİK;AZATLI - SAĞIRGÖL;96.SOKAK SOKAK;sokak;754906070
NİĞDE;ÇİFTLİK;AZATLI - SAĞIRGÖL;97.SOKAK SOKAK;sokak;770647150
NİĞDE;ÇİFTLİK;AZATLI - SAĞIRGÖL;98.SOKAK SOKAK;sokak;421675510
NİĞDE;ÇİFTLİK;AZATLI - SAĞIRGÖL;99.SOKAK SOKAK;sokak;299530070
NİĞDE;ÇİFTLİK;AZATLI - SAĞIRGÖL;ALPASLAN SOKAK;sokak;484302
NİĞDE;ÇİFTLİK;AZATLI - SAĞIRGÖL;ALTIN SOKAK;sokak;484308
NİĞDE;ÇİFTLİK;AZATLI - SAĞIRGÖL;AVCI SOKAK;sokak;484310
NİĞDE;ÇİFTLİK;AZATLI - SAĞIRGÖL;AYDIN KÜME EVLER;sokak;484304
NİĞDE;ÇİFTLİK;AZATLI - SAĞIRGÖL;AYGÜN SOKAK;sokak;491147
NİĞDE;ÇİFTLİK;AZATLI - SAĞIRGÖL;BEYTULLAH SOKAK;sokak;484305
NİĞDE;ÇİFTLİK;AZATLI - SAĞIRGÖL;BOLAT SOKAK;sokak;484307
NİĞDE;ÇİFTLİK;AZATLI - SAĞIRGÖL;ÇAMURLUK SOKAK;sokak;26120
NİĞDE;ÇİFTLİK;AZATLI - SAĞIRGÖL;ÇAVDAR SOKAK;sokak;484311
NİĞDE;ÇİFTLİK;AZATLI - SAĞIRGÖL;ÇİFTLİK CADDE;cadde;997954601
NİĞDE;ÇİFTLİK;AZATLI - SAĞIRGÖL;DEDEOĞLU SOKAK;sokak;484303
NİĞDE;ÇİFTLİK;AZATLI - SAĞIRGÖL;GAZİLER CADDE;cadde;26119
NİĞDE;ÇİFTLİK;AZATLI - SAĞIRGÖL;GÜZELYURT CADDE;cadde;26121
NİĞDE;ÇİFTLİK;AZATLI - SAĞIRGÖL;KILIÇ SOKAK;sokak;285442520
NİĞDE;ÇİFTLİK;AZATLI - SAĞIRGÖL;NAZLI SOKAK;sokak;484309
NİĞDE;ÇİFTLİK;AZATLI - SAĞIRGÖL;NİĞDE CADDE;cadde;26692
NİĞDE;ÇİFTLİK;AZATLI - SAĞIRGÖL;NİĞDE/1 SOKAK;sokak;322889200
NİĞDE;ÇİFTLİK;AZATLI - SAĞIRGÖL;ÖZSARAÇ SOKAK;sokak;484312
NİĞDE;ÇİFTLİK;AZATLI - SAĞIRGÖL;TURAN SOKAK;sokak;484306
NİĞDE;ÇİFTLİK;AZATLI - SAĞIRGÖL;YILMAZ SOKAK;sokak;484313
NİĞDE;ÇİFTLİK;AZATLI - YENİ;1.SOKAK SOKAK;sokak;744364860
NİĞDE;ÇİFTLİK;AZATLI - YENİ;10.SOKAK SOKAK;sokak;350490140
NİĞDE;ÇİFTLİK;AZATLI - YENİ;11.SOKAK SOKAK;sokak;220670450
NİĞDE;ÇİFTLİK;AZATLI - YENİ;12.SOKAK SOKAK;sokak;166625120
NİĞDE;ÇİFTLİK;AZATLI - YENİ;13.SOKAK SOKAK;sokak;110057090
NİĞDE;ÇİFTLİK;AZATLI - YENİ;14.SOKAK SOKAK;sokak;294541390
NİĞDE;ÇİFTLİK;AZATLI - YENİ;15.SOKAK SOKAK;sokak;380499950
NİĞDE;ÇİFTLİK;AZATLI - YENİ;16.SOKAK SOKAK;sokak;272565510
NİĞDE;ÇİFTLİK;AZATLI - YENİ;17.SOKAK SOKAK;sokak;601361080
NİĞDE;ÇİFTLİK;AZATLI - YENİ;18.SOKAK SOKAK;sokak;773728860
NİĞDE;ÇİFTLİK;AZATLI - YENİ;19.SOKAK SOKAK;sokak;487855880
NİĞDE;ÇİFTLİK;AZATLI - YENİ;2.SOKAK SOKAK;sokak;672441110
NİĞDE;ÇİFTLİK;AZATLI - YENİ;20.SOKAK SOKAK;sokak;523319720
NİĞDE;ÇİFTLİK;AZATLI - YENİ;21.SOKAK SOKAK;sokak;872200180
NİĞDE;ÇİFTLİK;AZATLI - YENİ;22.SOKAK SOKAK;sokak;261375130
NİĞDE;ÇİFTLİK;AZATLI - YENİ;23.SOKAK SOKAK;sokak;121427410
NİĞDE;ÇİFTLİK;AZATLI - YENİ;3.SOKAK SOKAK;sokak;193440500
NİĞDE;ÇİFTLİK;AZATLI - YENİ;4.SOKAK SOKAK;sokak;945479240
NİĞDE;ÇİFTLİK;AZATLI - YENİ;44.SOKAK SOKAK;sokak;503044680
NİĞDE;ÇİFTLİK;AZATLI - YENİ;5.SOKAK SOKAK;sokak;833623430
NİĞDE;ÇİFTLİK;AZATLI - YENİ;6.SOKAK SOKAK;sokak;247894970
NİĞDE;ÇİFTLİK;AZATLI - YENİ;8.SOKAK SOKAK;sokak;206921580
NİĞDE;ÇİFTLİK;AZATLI - YENİ;ARIKANLAR SOKAK;sokak;268233360
NİĞDE;ÇİFTLİK;AZATLI - YENİ;ASMASIZ CADDE;cadde;32270
NİĞDE;ÇİFTLİK;AZATLI - YENİ;CEBECİ SOKAK;sokak;369823
NİĞDE;ÇİFTLİK;AZATLI - YENİ;CEBECİ/1 SOKAK;sokak;899155160
NİĞDE;ÇİFTLİK;AZATLI - YENİ;CUMALİ ERKAN CADDE;cadde;369825
NİĞDE;ÇİFTLİK;AZATLI - YENİ;CUMHURİYET CADDE;cadde;32271
NİĞDE;ÇİFTLİK;AZATLI - YENİ;ÇAKILLI SOKAK;sokak;481441
NİĞDE;ÇİFTLİK;AZATLI - YENİ;ÇİFTLİK CADDE;cadde;32275
NİĞDE;ÇİFTLİK;AZATLI - YENİ;DOĞAN BARAN CADDE;cadde;32272
NİĞDE;ÇİFTLİK;AZATLI - YENİ;KOCAÇAYIR SOKAK;sokak;485609
NİĞDE;ÇİFTLİK;AZATLI - YENİ;MERKEZ SOKAK;sokak;32273
NİĞDE;ÇİFTLİK;AZATLI - YENİ;MESKAN KÜME EVLER;sokak;485532
NİĞDE;ÇİFTLİK;AZATLI - YENİ;POLAT SOKAK SOKAK;sokak;396304880
NİĞDE;ÇİFTLİK;AZATLI - YENİ;SULTAN PINARI SOKAK;sokak;32274
NİĞDE;ÇİFTLİK;AZATLI - YENİ;ŞAHİN SOKAK;sokak;369824
NİĞDE;ÇİFTLİK;AZATLI - YENİ;ŞEHİT MUSTAFA ŞAHİN CADDE;cadde;178340600
NİĞDE;ÇİFTLİK;AZATLI - YEŞİLKENT;38.SOKAK SOKAK;sokak;901195040
NİĞDE;ÇİFTLİK;AZATLI - YEŞİLKENT;45.SOKAK SOKAK;sokak;142838810
NİĞDE;ÇİFTLİK;AZATLI - YEŞİLKENT;46.SOKAK SOKAK;sokak;657670220
NİĞDE;ÇİFTLİK;AZATLI - YEŞİLKENT;47.SOKAK SOKAK;sokak;125471700
NİĞDE;ÇİFTLİK;AZATLI - YEŞİLKENT;48.SOKAK SOKAK;sokak;102161660
NİĞDE;ÇİFTLİK;AZATLI - YEŞİLKENT;49.SOKAK SOKAK;sokak;390879370
NİĞDE;ÇİFTLİK;AZATLI - YEŞİLKENT;50.SOKAK SOKAK;sokak;278396120
NİĞDE;ÇİFTLİK;AZATLI - YEŞİLKENT;51.SOKAK SOKAK;sokak;450406980
NİĞDE;ÇİFTLİK;AZATLI - YEŞİLKENT;52.SOKAK SOKAK;sokak;997936140
NİĞDE;ÇİFTLİK;AZATLI - YEŞİLKENT;53.SOKAK SOKAK;sokak;140060840
NİĞDE;ÇİFTLİK;AZATLI - YEŞİLKENT;54.SOKAK SOKAK;sokak;158955840
NİĞDE;ÇİFTLİK;AZATLI - YEŞİLKENT;55.SOKAK SOKAK;sokak;755678260
NİĞDE;ÇİFTLİK;AZATLI - YEŞİLKENT;56.SOKAK SOKAK;sokak;781314480
NİĞDE;ÇİFTLİK;AZATLI - YEŞİLKENT;57.SOKAK SOKAK;sokak;215672430
NİĞDE;ÇİFTLİK;AZATLI - YEŞİLKENT;58.SOKAK SOKAK;sokak;362462620
NİĞDE;ÇİFTLİK;AZATLI - YEŞİLKENT;59.SOKAK SOKAK;sokak;958220520
NİĞDE;ÇİFTLİK;AZATLI - YEŞİLKENT;60.SOKAK SOKAK;sokak;889622460
NİĞDE;ÇİFTLİK;AZATLI - YEŞİLKENT;61.SOKAK SOKAK;sokak;548968080
NİĞDE;ÇİFTLİK;AZATLI - YEŞİLKENT;CUMHURİYET CADDE;cadde;32277
NİĞDE;ÇİFTLİK;AZATLI - YEŞİLKENT;CUMHURİYET/1 SOKAK;sokak;113390410
NİĞDE;ÇİFTLİK;AZATLI - YEŞİLKENT;ÇINARLI/3 SOKAK;sokak;221932700
NİĞDE;ÇİFTLİK;AZATLI - YEŞİLKENT;GENCER SOKAK;sokak;32276
NİĞDE;ÇİFTLİK;AZATLI - YEŞİLKENT;GİRNE SOKAK;sokak;32278
NİĞDE;ÇİFTLİK;AZATLI - YEŞİLKENT;KAMA SOKAK;sokak;369826
NİĞDE;ÇİFTLİK;AZATLI - YEŞİLKENT;KAMA/8 SOKAK;sokak;750442970
NİĞDE;ÇİFTLİK;AZATLI - YEŞİLKENT;SELİMİYE SOKAK;sokak;32279
NİĞDE;ÇİFTLİK;BOZKÖY - YENİCE;101 SOKAK;sokak;578403730
NİĞDE;ÇİFTLİK;BOZKÖY - YENİCE;102 SOKAK;sokak;349796330
NİĞDE;ÇİFTLİK;BOZKÖY - YENİCE;103 SOKAK;sokak;902745230
NİĞDE;ÇİFTLİK;BOZKÖY - YENİCE;104 SOKAK;sokak;549787390
NİĞDE;ÇİFTLİK;BOZKÖY - YENİCE;105 SOKAK;sokak;358433580
NİĞDE;ÇİFTLİK;BOZKÖY - YENİCE;106 SOKAK;sokak;359033010
NİĞDE;ÇİFTLİK;BOZKÖY - YENİCE;107 SOKAK;sokak;532393310
NİĞDE;ÇİFTLİK;BOZKÖY - YENİCE;108 SOKAK;sokak;728487650
NİĞDE;ÇİFTLİK;BOZKÖY - YENİCE;109 SOKAK;sokak;529050230
NİĞDE;ÇİFTLİK;BOZKÖY - YENİCE;110 SOKAK;sokak;340578770
NİĞDE;ÇİFTLİK;BOZKÖY - YENİCE;111 SOKAK;sokak;805394220
NİĞDE;ÇİFTLİK;BOZKÖY - YENİCE;112 SOKAK;sokak;264393230
NİĞDE;ÇİFTLİK;BOZKÖY - YENİCE;113 SOKAK;sokak;999244660
NİĞDE;ÇİFTLİK;BOZKÖY - YENİCE;114 SOKAK;sokak;568200200
NİĞDE;ÇİFTLİK;BOZKÖY - YENİCE;115 SOKAK;sokak;497931510
NİĞDE;ÇİFTLİK;BOZKÖY - YENİCE;116 SOKAK;sokak;597206070
NİĞDE;ÇİFTLİK;BOZKÖY - YENİCE;117 SOKAK;sokak;961795510
NİĞDE;ÇİFTLİK;BOZKÖY - YENİCE;118 SOKAK;sokak;449510510
NİĞDE;ÇİFTLİK;BOZKÖY - YENİCE;119 SOKAK;sokak;434129070
NİĞDE;ÇİFTLİK;BOZKÖY - YENİCE;120 SOKAK;sokak;729867300
NİĞDE;ÇİFTLİK;BOZKÖY - YENİCE;121 CADDE;cadde;634176380
NİĞDE;ÇİFTLİK;BOZKÖY - YENİCE;122 SOKAK;sokak;398423720
NİĞDE;ÇİFTLİK;BOZKÖY - YENİCE;123 SOKAK;sokak;387118000
NİĞDE;ÇİFTLİK;BOZKÖY - YENİCE;124 SOKAK;sokak;361083890
NİĞDE;ÇİFTLİK;BOZKÖY - YENİCE;125 SOKAK;sokak;130671860
NİĞDE;ÇİFTLİK;BOZKÖY - YENİCE;126 SOKAK;sokak;431427850
NİĞDE;ÇİFTLİK;BOZKÖY - YENİCE;ATATÜRK MEYDAN;sokak;500760
NİĞDE;ÇİFTLİK;BOZKÖY - YENİCE;DAMLA SOKAK;sokak;474236
NİĞDE;ÇİFTLİK;BOZKÖY - YENİCE;DEMET SOKAK;sokak;480272
NİĞDE;ÇİFTLİK;BOZKÖY - YENİCE;FATİH CADDE;cadde;480269
NİĞDE;ÇİFTLİK;BOZKÖY - YENİCE;NİLÜFER SOKAK;sokak;473346
NİĞDE;ÇİFTLİK;BOZKÖY - YENİCE;OKUL SOKAK;sokak;480275
NİĞDE;ÇİFTLİK;BOZKÖY - YENİCE;TEPE SOKAK;sokak;213008350
NİĞDE;ÇİFTLİK;BOZKÖY - YENİCE;YAYLA CADDE;cadde;474230
NİĞDE;ÇİFTLİK;BOZKÖY - YENİKENT;301 SOKAK;sokak;355647310
NİĞDE;ÇİFTLİK;BOZKÖY - YENİKENT;302 SOKAK;sokak;533399820
NİĞDE;ÇİFTLİK;BOZKÖY - YENİKENT;303 SOKAK;sokak;551316010
NİĞDE;ÇİFTLİK;BOZKÖY - YENİKENT;304 SOKAK;sokak;962068000
NİĞDE;ÇİFTLİK;BOZKÖY - YENİKENT;305 SOKAK;sokak;671047520
NİĞDE;ÇİFTLİK;BOZKÖY - YENİKENT;306 SOKAK;sokak;442232790
NİĞDE;ÇİFTLİK;BOZKÖY - YENİKENT;307 SOKAK;sokak;294321760
NİĞDE;ÇİFTLİK;BOZKÖY - YENİKENT;308 SOKAK;sokak;318168790
NİĞDE;ÇİFTLİK;BOZKÖY - YENİKENT;309 SOKAK;sokak;445901800
NİĞDE;ÇİFTLİK;BOZKÖY - YENİKENT;310 SOKAK;sokak;505245600
NİĞDE;ÇİFTLİK;BOZKÖY - YENİKENT;311 SOKAK;sokak;742350860
NİĞDE;ÇİFTLİK;BOZKÖY - YENİKENT;312 SOKAK;sokak;431739130
NİĞDE;ÇİFTLİK;BOZKÖY - YENİKENT;313 SOKAK;sokak;358294720
NİĞDE;ÇİFTLİK;BOZKÖY - YENİKENT;314 SOKAK;sokak;264448280
NİĞDE;ÇİFTLİK;BOZKÖY - YENİKENT;315 SOKAK;sokak;921902060
NİĞDE;ÇİFTLİK;BOZKÖY - YENİKENT;316 SOKAK;sokak;406986640
NİĞDE;ÇİFTLİK;BOZKÖY - YENİKENT;317 SOKAK;sokak;288022620
NİĞDE;ÇİFTLİK;BOZKÖY - YENİKENT;318 SOKAK;sokak;461761110
NİĞDE;ÇİFTLİK;BOZKÖY - YENİKENT;319 SOKAK;sokak;295296330
NİĞDE;ÇİFTLİK;BOZKÖY - YENİKENT;320 SOKAK;sokak;446509350
NİĞDE;ÇİFTLİK;BOZKÖY - YENİKENT;321 SOKAK;sokak;324921180
NİĞDE;ÇİFTLİK;BOZKÖY - YENİKENT;322 SOKAK;sokak;145663760
NİĞDE;ÇİFTLİK;BOZKÖY - YENİKENT;323 SOKAK;sokak;442696030
NİĞDE;ÇİFTLİK;BOZKÖY - YENİKENT;324 SOKAK;sokak;240315280
NİĞDE;ÇİFTLİK;BOZKÖY - YENİKENT;325 SOKAK;sokak;492430410
NİĞDE;ÇİFTLİK;BOZKÖY - YENİKENT;326 SOKAK;sokak;227482220
NİĞDE;ÇİFTLİK;BOZKÖY - YENİKENT;327 SOKAK;sokak;411656890
NİĞDE;ÇİFTLİK;BOZKÖY - YENİKENT;328 SOKAK;sokak;358000360
NİĞDE;ÇİFTLİK;BOZKÖY - YENİKENT;329 SOKAK;sokak;384296190
NİĞDE;ÇİFTLİK;BOZKÖY - YENİKENT;330 SOKAK;sokak;376711870
NİĞDE;ÇİFTLİK;BOZKÖY - YENİKENT;331 SOKAK;sokak;149703880
NİĞDE;ÇİFTLİK;BOZKÖY - YENİKENT;332 SOKAK;sokak;330354370
NİĞDE;ÇİFTLİK;BOZKÖY - YENİKENT;333 SOKAK;sokak;507478070
NİĞDE;ÇİFTLİK;BOZKÖY - YENİKENT;334 SOKAK;sokak;353703860
NİĞDE;ÇİFTLİK;BOZKÖY - YENİKENT;335 SOKAK;sokak;200372630
NİĞDE;ÇİFTLİK;BOZKÖY - YENİKENT;336 SOKAK;sokak;126848410
NİĞDE;ÇİFTLİK;BOZKÖY - YENİKENT;337 SOKAK;sokak;742315800
NİĞDE;ÇİFTLİK;BOZKÖY - YENİKENT;338 SOKAK;sokak;714540860
NİĞDE;ÇİFTLİK;BOZKÖY - YENİKENT;339 SOKAK;sokak;775001480
NİĞDE;ÇİFTLİK;BOZKÖY - YENİKENT;340 SOKAK;sokak;875510650
NİĞDE;ÇİFTLİK;BOZKÖY - YENİKENT;341 SOKAK;sokak;418450900
NİĞDE;ÇİFTLİK;BOZKÖY - YENİKENT;342 SOKAK;sokak;724917070
NİĞDE;ÇİFTLİK;BOZKÖY - YENİKENT;343 SOKAK;sokak;976841610
NİĞDE;ÇİFTLİK;BOZKÖY - YENİKENT;344 SOKAK;sokak;369021200
NİĞDE;ÇİFTLİK;BOZKÖY - YENİKENT;345 SOKAK;sokak;358837190
NİĞDE;ÇİFTLİK;BOZKÖY - YENİKENT;346 SOKAK;sokak;835163440
NİĞDE;ÇİFTLİK;BOZKÖY - YENİKENT;347 SOKAK;sokak;231409570
NİĞDE;ÇİFTLİK;BOZKÖY - YENİKENT;348 SOKAK;sokak;740497760
NİĞDE;ÇİFTLİK;BOZKÖY - YENİKENT;349 SOKAK;sokak;927875060
NİĞDE;ÇİFTLİK;BOZKÖY - YENİKENT;350 SOKAK;sokak;198468070
NİĞDE;ÇİFTLİK;BOZKÖY - YENİKENT;351 SOKAK;sokak;329748180
NİĞDE;ÇİFTLİK;BOZKÖY - YENİKENT;352 SOKAK;sokak;409189630
NİĞDE;ÇİFTLİK;BOZKÖY - YENİKENT;353 SOKAK;sokak;219875320
NİĞDE;ÇİFTLİK;BOZKÖY - YENİKENT;354 SOKAK;sokak;322814200
NİĞDE;ÇİFTLİK;BOZKÖY - YENİKENT;355 SOKAK;sokak;611114640
NİĞDE;ÇİFTLİK;BOZKÖY - YENİKENT;356 SOKAK;sokak;517835790
NİĞDE;ÇİFTLİK;BOZKÖY - YENİKENT;357 SOKAK;sokak;810158850
NİĞDE;ÇİFTLİK;BOZKÖY - YENİKENT;358 SOKAK;sokak;394277940
NİĞDE;ÇİFTLİK;BOZKÖY - YENİKENT;359 SOKAK;sokak;112243260
NİĞDE;ÇİFTLİK;BOZKÖY - YENİKENT;360 SOKAK;sokak;872087650
NİĞDE;ÇİFTLİK;BOZKÖY - YENİKENT;361 SOKAK;sokak;191303350
NİĞDE;ÇİFTLİK;BOZKÖY - YENİKENT;362 SOKAK;sokak;416216730
NİĞDE;ÇİFTLİK;BOZKÖY - YENİKENT;363 SOKAK;sokak;924409400
NİĞDE;ÇİFTLİK;BOZKÖY - YENİKENT;364 SOKAK;sokak;170581650
NİĞDE;ÇİFTLİK;BOZKÖY - YENİKENT;365 SOKAK;sokak;294254930
NİĞDE;ÇİFTLİK;BOZKÖY - YENİKENT;366 SOKAK;sokak;328560310
NİĞDE;ÇİFTLİK;BOZKÖY - YENİKENT;367 SOKAK;sokak;298499240
NİĞDE;ÇİFTLİK;BOZKÖY - YENİKENT;368 SOKAK;sokak;549292600
NİĞDE;ÇİFTLİK;BOZKÖY - YENİKENT;369 SOKAK;sokak;214316300
NİĞDE;ÇİFTLİK;BOZKÖY - YENİKENT;370 SOKAK;sokak;144350440
NİĞDE;ÇİFTLİK;BOZKÖY - YENİKENT;371 SOKAK;sokak;770179940
NİĞDE;ÇİFTLİK;BOZKÖY - YENİKENT;372 SOKAK;sokak;889599030
NİĞDE;ÇİFTLİK;BOZKÖY - YENİKENT;373 SOKAK;sokak;742243530
NİĞDE;ÇİFTLİK;BOZKÖY - YENİKENT;374 SOKAK;sokak;163038280
NİĞDE;ÇİFTLİK;BOZKÖY - YENİKENT;375 SOKAK;sokak;559265960
NİĞDE;ÇİFTLİK;BOZKÖY - YENİKENT;376 SOKAK;sokak;712618200
NİĞDE;ÇİFTLİK;BOZKÖY - YENİKENT;377 SOKAK;sokak;100416550
NİĞDE;ÇİFTLİK;BOZKÖY - YENİKENT;378 SOKAK;sokak;152512590
NİĞDE;ÇİFTLİK;BOZKÖY - YENİKENT;379 SOKAK;sokak;755375220
NİĞDE;ÇİFTLİK;BOZKÖY - YENİKENT;380 SOKAK;sokak;171206760
NİĞDE;ÇİFTLİK;BOZKÖY - YENİKENT;381 SOKAK;sokak;384538900
NİĞDE;ÇİFTLİK;BOZKÖY - YENİKENT;382 SOKAK;sokak;569816320
NİĞDE;ÇİFTLİK;BOZKÖY - YENİKENT;383 SOKAK;sokak;132123520
NİĞDE;ÇİFTLİK;BOZKÖY - YENİKENT;384 SOKAK;sokak;399438810
NİĞDE;ÇİFTLİK;BOZKÖY - YENİKENT;385 SOKAK;sokak;528543950
NİĞDE;ÇİFTLİK;BOZKÖY - YENİKENT;386 SOKAK;sokak;816221280
NİĞDE;ÇİFTLİK;BOZKÖY - YENİKENT;387 SOKAK;sokak;808243290
NİĞDE;ÇİFTLİK;BOZKÖY - YENİKENT;388 SOKAK;sokak;553306580
NİĞDE;ÇİFTLİK;BOZKÖY - YENİKENT;389 SOKAK;sokak;132708300
NİĞDE;ÇİFTLİK;BOZKÖY - YENİKENT;390 SOKAK;sokak;664589360
NİĞDE;ÇİFTLİK;BOZKÖY - YENİKENT;391 SOKAK;sokak;268298040
NİĞDE;ÇİFTLİK;BOZKÖY - YENİKENT;392 SOKAK;sokak;344788260
NİĞDE;ÇİFTLİK;BOZKÖY - YENİKENT;393 SOKAK;sokak;765014280
NİĞDE;ÇİFTLİK;BOZKÖY - YENİKENT;394 SOKAK;sokak;431757360
NİĞDE;ÇİFTLİK;BOZKÖY - YENİKENT;395 SOKAK;sokak;519722220
NİĞDE;ÇİFTLİK;BOZKÖY - YENİKENT;396 SOKAK;sokak;777142510
NİĞDE;ÇİFTLİK;BOZKÖY - YENİKENT;397 SOKAK;sokak;331548650
NİĞDE;ÇİFTLİK;BOZKÖY - YENİKENT;398 SOKAK;sokak;871277000
NİĞDE;ÇİFTLİK;BOZKÖY - YENİKENT;399 SOKAK;sokak;560757990
NİĞDE;ÇİFTLİK;BOZKÖY - YENİKENT;400 SOKAK;sokak;133919820
NİĞDE;ÇİFTLİK;BOZKÖY - YENİKENT;401 SOKAK;sokak;287475900
NİĞDE;ÇİFTLİK;BOZKÖY - YENİKENT;402 SOKAK;sokak;133330260
NİĞDE;ÇİFTLİK;BOZKÖY - YENİKENT;403 SOKAK;sokak;685245450
NİĞDE;ÇİFTLİK;BOZKÖY - YENİKENT;404 SOKAK;sokak;405191000
NİĞDE;ÇİFTLİK;BOZKÖY - YENİKENT;405 SOKAK;sokak;747515380
NİĞDE;ÇİFTLİK;BOZKÖY - YENİKENT;406 SOKAK;sokak;306696670
NİĞDE;ÇİFTLİK;BOZKÖY - YENİKENT;407 SOKAK;sokak;231040600
NİĞDE;ÇİFTLİK;BOZKÖY - YENİKENT;408 SOKAK;sokak;732916190
NİĞDE;ÇİFTLİK;BOZKÖY - YENİKENT;409 SOKAK;sokak;839336710
NİĞDE;ÇİFTLİK;BOZKÖY - YENİKENT;410 SOKAK;sokak;869041170
NİĞDE;ÇİFTLİK;BOZKÖY - YENİKENT;411 SOKAK;sokak;288542970
NİĞDE;ÇİFTLİK;BOZKÖY - YENİKENT;412 SOKAK;sokak;112401240
NİĞDE;ÇİFTLİK;BOZKÖY - YENİKENT;413 SOKAK;sokak;667669160
NİĞDE;ÇİFTLİK;BOZKÖY - YENİKENT;414 SOKAK;sokak;521103270
NİĞDE;ÇİFTLİK;BOZKÖY - YENİKENT;415 SOKAK;sokak;773505360
NİĞDE;ÇİFTLİK;BOZKÖY - YENİKENT;416 SOKAK;sokak;113648410
NİĞDE;ÇİFTLİK;BOZKÖY - YENİKENT;417 SOKAK;sokak;137664230
NİĞDE;ÇİFTLİK;BOZKÖY - YENİKENT;418 SOKAK;sokak;563017240
NİĞDE;ÇİFTLİK;BOZKÖY - YENİKENT;419 SOKAK;sokak;540544570
NİĞDE;ÇİFTLİK;BOZKÖY - YENİKENT;420 SOKAK;sokak;560309500
NİĞDE;ÇİFTLİK;BOZKÖY - YENİKENT;421 SOKAK;sokak;285986880
NİĞDE;ÇİFTLİK;BOZKÖY - YENİKENT;422 SOKAK;sokak;558975990
NİĞDE;ÇİFTLİK;BOZKÖY - YENİKENT;AKASYA SOKAK;sokak;474233
NİĞDE;ÇİFTLİK;BOZKÖY - YENİKENT;ATATÜRK MEYDAN;sokak;484696
NİĞDE;ÇİFTLİK;BOZKÖY - YENİKENT;BAĞLAR CADDE;cadde;33336
NİĞDE;ÇİFTLİK;BOZKÖY - YENİKENT;DEMET SOKAK;sokak;474235
NİĞDE;ÇİFTLİK;BOZKÖY - YENİKENT;FATİH CADDE;cadde;33329
NİĞDE;ÇİFTLİK;BOZKÖY - YENİKENT;FİRUZE SOKAK;sokak;479377
NİĞDE;ÇİFTLİK;BOZKÖY - YENİKENT;GÜL SOKAK;sokak;480273
NİĞDE;ÇİFTLİK;BOZKÖY - YENİKENT;IHLAMUR SOKAK;sokak;474234
NİĞDE;ÇİFTLİK;BOZKÖY - YENİKENT;İNCİ SOKAK;sokak;480211
NİĞDE;ÇİFTLİK;BOZKÖY - YENİKENT;KARDELEN SOKAK;sokak;479367
NİĞDE;ÇİFTLİK;BOZKÖY - YENİKENT;KAZIM KARABEKİR CADDE;cadde;369827
NİĞDE;ÇİFTLİK;BOZKÖY - YENİKENT;MANOLYA SOKAK;sokak;484699
NİĞDE;ÇİFTLİK;BOZKÖY - YENİKENT;MEVLANA CADDE;cadde;33334
NİĞDE;ÇİFTLİK;BOZKÖY - YENİKENT;NADİDE SOKAK;sokak;480209
NİĞDE;ÇİFTLİK;BOZKÖY - YENİKENT;NİĞDE CADDE;cadde;33310
NİĞDE;ÇİFTLİK;BOZKÖY - YENİKENT;SEDEF SOKAK;sokak;480212
NİĞDE;ÇİFTLİK;BOZKÖY - YENİKENT;ŞAFAK SOKAK;sokak;479376
NİĞDE;ÇİFTLİK;BOZKÖY - YENİKENT;ŞEHİT POLİS EROL ÖNCEL CADDE;cadde;33337
NİĞDE;ÇİFTLİK;BOZKÖY - YENİKENT;YAKUT SOKAK;sokak;480271
NİĞDE;ÇİFTLİK;BOZKÖY - YENİKENT;YAVUZ SULTAN SELİM CADDE;cadde;216122470
NİĞDE;ÇİFTLİK;BOZKÖY - YENİKENT;YAZILAR KÜME EVLER;sokak;474232
NİĞDE;ÇİFTLİK;BOZKÖY - YENİKENT;YUNUS EMRE CADDE;cadde;211440920
NİĞDE;ÇİFTLİK;BOZKÖY - YEŞİLYURT;110 SOKAK;sokak;102574670
NİĞDE;ÇİFTLİK;BOZKÖY - YEŞİLYURT;111 SOKAK;sokak;154744550
NİĞDE;ÇİFTLİK;BOZKÖY - YEŞİLYURT;201 SOKAK;sokak;471990130
NİĞDE;ÇİFTLİK;BOZKÖY - YEŞİLYURT;202 SOKAK;sokak;150700630
NİĞDE;ÇİFTLİK;BOZKÖY - YEŞİLYURT;203 SOKAK;sokak;117302720
NİĞDE;ÇİFTLİK;BOZKÖY - YEŞİLYURT;204 SOKAK;sokak;346595080
NİĞDE;ÇİFTLİK;BOZKÖY - YEŞİLYURT;205 SOKAK;sokak;912310190
NİĞDE;ÇİFTLİK;BOZKÖY - YEŞİLYURT;206 SOKAK;sokak;129721390
NİĞDE;ÇİFTLİK;BOZKÖY - YEŞİLYURT;207 SOKAK;sokak;133430250
NİĞDE;ÇİFTLİK;BOZKÖY - YEŞİLYURT;208 SOKAK;sokak;603711430
NİĞDE;ÇİFTLİK;BOZKÖY - YEŞİLYURT;209 SOKAK;sokak;553653810
NİĞDE;ÇİFTLİK;BOZKÖY - YEŞİLYURT;210 SOKAK;sokak;499317930
NİĞDE;ÇİFTLİK;BOZKÖY - YEŞİLYURT;211 SOKAK;sokak;106049320
NİĞDE;ÇİFTLİK;BOZKÖY - YEŞİLYURT;212 SOKAK;sokak;776517760
NİĞDE;ÇİFTLİK;BOZKÖY - YEŞİLYURT;213 SOKAK;sokak;318454230
NİĞDE;ÇİFTLİK;BOZKÖY - YEŞİLYURT;214 SOKAK;sokak;657170190
NİĞDE;ÇİFTLİK;BOZKÖY - YEŞİLYURT;215 SOKAK;sokak;728652720
NİĞDE;ÇİFTLİK;BOZKÖY - YEŞİLYURT;216 SOKAK;sokak;277509590
NİĞDE;ÇİFTLİK;BOZKÖY - YEŞİLYURT;217 SOKAK;sokak;179114130
NİĞDE;ÇİFTLİK;BOZKÖY - YEŞİLYURT;218 SOKAK;sokak;199132920
NİĞDE;ÇİFTLİK;BOZKÖY - YEŞİLYURT;219 SOKAK;sokak;388877170
NİĞDE;ÇİFTLİK;BOZKÖY - YEŞİLYURT;220 SOKAK;sokak;937776960
NİĞDE;ÇİFTLİK;BOZKÖY - YEŞİLYURT;221 SOKAK;sokak;317130760
NİĞDE;ÇİFTLİK;BOZKÖY - YEŞİLYURT;222 SOKAK;sokak;374161380
NİĞDE;ÇİFTLİK;BOZKÖY - YEŞİLYURT;223 SOKAK;sokak;477372420
NİĞDE;ÇİFTLİK;BOZKÖY - YEŞİLYURT;224 SOKAK;sokak;367303720
NİĞDE;ÇİFTLİK;BOZKÖY - YEŞİLYURT;225 SOKAK;sokak;613902740
NİĞDE;ÇİFTLİK;BOZKÖY - YEŞİLYURT;226 SOKAK;sokak;589463930
NİĞDE;ÇİFTLİK;BOZKÖY - YEŞİLYURT;227 SOKAK;sokak;374408800
NİĞDE;ÇİFTLİK;BOZKÖY - YEŞİLYURT;230 SOKAK;sokak;390660300
NİĞDE;ÇİFTLİK;BOZKÖY - YEŞİLYURT;231 SOKAK;sokak;135242100
NİĞDE;ÇİFTLİK;BOZKÖY - YEŞİLYURT;232 SOKAK;sokak;817761140
NİĞDE;ÇİFTLİK;BOZKÖY - YEŞİLYURT;233 SOKAK;sokak;402091730
NİĞDE;ÇİFTLİK;BOZKÖY - YEŞİLYURT;234 SOKAK;sokak;222736010
NİĞDE;ÇİFTLİK;BOZKÖY - YEŞİLYURT;235 SOKAK;sokak;156586690
NİĞDE;ÇİFTLİK;BOZKÖY - YEŞİLYURT;236 SOKAK;sokak;791745200
NİĞDE;ÇİFTLİK;BOZKÖY - YEŞİLYURT;237 SOKAK;sokak;996045480
NİĞDE;ÇİFTLİK;BOZKÖY - YEŞİLYURT;238 SOKAK;sokak;353409910
NİĞDE;ÇİFTLİK;BOZKÖY - YEŞİLYURT;239 SOKAK;sokak;270317070
NİĞDE;ÇİFTLİK;BOZKÖY - YEŞİLYURT;240 SOKAK;sokak;263370480
NİĞDE;ÇİFTLİK;BOZKÖY - YEŞİLYURT;241 SOKAK;sokak;599836350
NİĞDE;ÇİFTLİK;BOZKÖY - YEŞİLYURT;242 SOKAK;sokak;850749790
NİĞDE;ÇİFTLİK;BOZKÖY - YEŞİLYURT;243 SOKAK;sokak;577767830
NİĞDE;ÇİFTLİK;BOZKÖY - YEŞİLYURT;244 SOKAK;sokak;143043560
NİĞDE;ÇİFTLİK;BOZKÖY - YEŞİLYURT;245 SOKAK;sokak;204592510
NİĞDE;ÇİFTLİK;BOZKÖY - YEŞİLYURT;246 SOKAK;sokak;555278400
NİĞDE;ÇİFTLİK;BOZKÖY - YEŞİLYURT;247 SOKAK;sokak;173209380
NİĞDE;ÇİFTLİK;BOZKÖY - YEŞİLYURT;248 SOKAK;sokak;548969560
NİĞDE;ÇİFTLİK;BOZKÖY - YEŞİLYURT;249 SOKAK;sokak;730138720
NİĞDE;ÇİFTLİK;BOZKÖY - YEŞİLYURT;250 SOKAK;sokak;202389370
NİĞDE;ÇİFTLİK;BOZKÖY - YEŞİLYURT;251 SOKAK;sokak;359236220
NİĞDE;ÇİFTLİK;BOZKÖY - YEŞİLYURT;252 SOKAK;sokak;661373990
NİĞDE;ÇİFTLİK;BOZKÖY - YEŞİLYURT;253 SOKAK;sokak;100531300
NİĞDE;ÇİFTLİK;BOZKÖY - YEŞİLYURT;254 SOKAK;sokak;576692770
NİĞDE;ÇİFTLİK;BOZKÖY - YEŞİLYURT;255 SOKAK;sokak;109815530
NİĞDE;ÇİFTLİK;BOZKÖY - YEŞİLYURT;256 SOKAK;sokak;472766210
NİĞDE;ÇİFTLİK;BOZKÖY - YEŞİLYURT;257 SOKAK;sokak;493359790
NİĞDE;ÇİFTLİK;BOZKÖY - YEŞİLYURT;258 SOKAK;sokak;883352780
NİĞDE;ÇİFTLİK;BOZKÖY - YEŞİLYURT;259 SOKAK;sokak;638690100
NİĞDE;ÇİFTLİK;BOZKÖY - YEŞİLYURT;260 SOKAK;sokak;870591680
NİĞDE;ÇİFTLİK;BOZKÖY - YEŞİLYURT;261 SOKAK;sokak;309976700
NİĞDE;ÇİFTLİK;BOZKÖY - YEŞİLYURT;262 SOKAK;sokak;321394790
NİĞDE;ÇİFTLİK;BOZKÖY - YEŞİLYURT;263 SOKAK;sokak;516339720
NİĞDE;ÇİFTLİK;BOZKÖY - YEŞİLYURT;264 SOKAK;sokak;246184230
NİĞDE;ÇİFTLİK;BOZKÖY - YEŞİLYURT;265 SOKAK;sokak;496304780
NİĞDE;ÇİFTLİK;BOZKÖY - YEŞİLYURT;266 SOKAK;sokak;195617450
NİĞDE;ÇİFTLİK;BOZKÖY - YEŞİLYURT;267 SOKAK;sokak;507535240
NİĞDE;ÇİFTLİK;BOZKÖY - YEŞİLYURT;ATATÜRK MEYDAN;sokak;503127
NİĞDE;ÇİFTLİK;BOZKÖY - YEŞİLYURT;BAĞLAR CADDE;cadde;33343
NİĞDE;ÇİFTLİK;BOZKÖY - YEŞİLYURT;ÇATAK KÜME EVLER;sokak;473356
NİĞDE;ÇİFTLİK;BOZKÖY - YEŞİLYURT;ERTUĞRUL GAZİ CADDE;cadde;521844700
NİĞDE;ÇİFTLİK;BOZKÖY - YEŞİLYURT;GONCA SOKAK;sokak;473360
NİĞDE;ÇİFTLİK;BOZKÖY - YEŞİLYURT;KARANFİL SOKAK;sokak;473357
NİĞDE;ÇİFTLİK;BOZKÖY - YEŞİLYURT;MİMAR SİNAN CADDE;cadde;391832800
NİĞDE;ÇİFTLİK;BOZKÖY - YEŞİLYURT;NİLÜFER SOKAK;sokak;480274
NİĞDE;ÇİFTLİK;BOZKÖY - YEŞİLYURT;ŞEHİT AHMET CAN CADDE;cadde;33342
NİĞDE;ÇİFTLİK;BOZKÖY - YEŞİLYURT;TEPE SOKAK;sokak;483277
NİĞDE;ÇİFTLİK;BOZKÖY - YEŞİLYURT;YUNUS EMRE CADDE;cadde;251910321
NİĞDE;ÇİFTLİK;BOZKÖY - YEŞİLYURT;ZÜMRÜT SOKAK;sokak;473358
NİĞDE;ÇİFTLİK;ÇARDAK - 1.Cİ KÜME;ÇARDAK KÜME EVLER;sokak;151604501
NİĞDE;ÇİFTLİK;ÇARDAK - 1.Cİ KÜME;KÜME1 KÜME EVLER;sokak;608345
NİĞDE;ÇİFTLİK;ÇARDAK - 1.Cİ KÜME;KÜME2 KÜME EVLER;sokak;243178771
NİĞDE;ÇİFTLİK;ÇARDAK - 1.Cİ KÜME;KÜME3 KÜME EVLER;sokak;331648490
NİĞDE;ÇİFTLİK;ÇARDAK - 2.Cİ KÜME;KÜME2 KÜME EVLER;sokak;605645
NİĞDE;ÇİFTLİK;ÇARDAK - 3.Cİ KÜME;ÇARDAK KÜME EVLER;sokak;300589031
NİĞDE;ÇİFTLİK;ÇARDAK - 3.Cİ KÜME;KÜME2 KÜME EVLER;sokak;216439111
NİĞDE;ÇİFTLİK;ÇARDAK - 3.Cİ KÜME;KÜME3 KÜME EVLER;sokak;606116
NİĞDE;ÇİFTLİK;ÇARDAK NA;ÇARDAK KÜME EVLER;sokak;719182
NİĞDE;ÇİFTLİK;ÇARDAK NA;KUME4 SOKAK;sokak;614779
NİĞDE;ÇİFTLİK;ÇARDAK NA;KÜME2 KÜME EVLER;sokak;149837201
NİĞDE;ÇİFTLİK;ÇARŞI;1. SOKAK;sokak;114954
NİĞDE;ÇİFTLİK;ÇARŞI;1./1 SOKAK;sokak;590226240
NİĞDE;ÇİFTLİK;ÇARŞI;10 SOKAK;sokak;484171
NİĞDE;ÇİFTLİK;ÇARŞI;11 SOKAK;sokak;484172
NİĞDE;ÇİFTLİK;ÇARŞI;12. SOKAK;sokak;484173
NİĞDE;ÇİFTLİK;ÇARŞI;13. SOKAK;sokak;484174
NİĞDE;ÇİFTLİK;ÇARŞI;14. SOKAK;sokak;484175
NİĞDE;ÇİFTLİK;ÇARŞI;15. SOKAK;sokak;484176
NİĞDE;ÇİFTLİK;ÇARŞI;16. SOKAK;sokak;484177
NİĞDE;ÇİFTLİK;ÇARŞI;17. SOKAK;sokak;484178
NİĞDE;ÇİFTLİK;ÇARŞI;18. SOKAK;sokak;484185
NİĞDE;ÇİFTLİK;ÇARŞI;19. SOKAK;sokak;484182
NİĞDE;ÇİFTLİK;ÇARŞI;2. SOKAK;sokak;475806
NİĞDE;ÇİFTLİK;ÇARŞI;2./1 SOKAK;sokak;662125310
NİĞDE;ÇİFTLİK;ÇARŞI;20. SOKAK;sokak;484188
NİĞDE;ÇİFTLİK;ÇARŞI;21 SOKAK;sokak;484184
NİĞDE;ÇİFTLİK;ÇARŞI;22. SOKAK;sokak;484186
NİĞDE;ÇİFTLİK;ÇARŞI;23. SOKAK;sokak;484187
NİĞDE;ÇİFTLİK;ÇARŞI;24. SOKAK;sokak;484194
NİĞDE;ÇİFTLİK;ÇARŞI;25. SOKAK;sokak;484193
NİĞDE;ÇİFTLİK;ÇARŞI;26. SOKAK;sokak;484192
NİĞDE;ÇİFTLİK;ÇARŞI;27. SOKAK;sokak;484198
NİĞDE;ÇİFTLİK;ÇARŞI;28. SOKAK;sokak;484196
NİĞDE;ÇİFTLİK;ÇARŞI;29. SOKAK;sokak;484197
NİĞDE;ÇİFTLİK;ÇARŞI;3. SOKAK;sokak;114965
NİĞDE;ÇİFTLİK;ÇARŞI;30. SOKAK;sokak;484167
NİĞDE;ÇİFTLİK;ÇARŞI;31. SOKAK;sokak;484165
NİĞDE;ÇİFTLİK;ÇARŞI;32. SOKAK;sokak;484164
NİĞDE;ÇİFTLİK;ÇARŞI;33 SOKAK;sokak;484166
NİĞDE;ÇİFTLİK;ÇARŞI;34. SOKAK;sokak;484206
NİĞDE;ÇİFTLİK;ÇARŞI;35. SOKAK;sokak;484207
NİĞDE;ÇİFTLİK;ÇARŞI;36. SOKAK;sokak;484208
NİĞDE;ÇİFTLİK;ÇARŞI;4. SOKAK;sokak;114967
NİĞDE;ÇİFTLİK;ÇARŞI;5. SOKAK;sokak;114968
NİĞDE;ÇİFTLİK;ÇARŞI;6. SOKAK;sokak;114969
NİĞDE;ÇİFTLİK;ÇARŞI;7. SOKAK;sokak;114970
NİĞDE;ÇİFTLİK;ÇARŞI;8. SOKAK;sokak;484169
NİĞDE;ÇİFTLİK;ÇARŞI;9. SOKAK;sokak;484170
NİĞDE;ÇİFTLİK;ÇARŞI;ALPARSLAN TÜRKEŞ CADDE;cadde;484203
NİĞDE;ÇİFTLİK;ÇARŞI;ASMASIZ CADDE;cadde;24839
NİĞDE;ÇİFTLİK;ÇARŞI;ASMASIZ/5 CADDE;cadde;990770670
NİĞDE;ÇİFTLİK;ÇARŞI;ASMASIZ1 KÜME EVLER;sokak;201668801
NİĞDE;ÇİFTLİK;ÇARŞI;ATATÜRK CADDE;cadde;24840
NİĞDE;ÇİFTLİK;ÇARŞI;AZATLI YOLU SOKAK;sokak;484201
NİĞDE;ÇİFTLİK;ÇARŞI;BEKÇİ SOKAK;sokak;484163
NİĞDE;ÇİFTLİK;ÇARŞI;BELEDİYE SOKAK;sokak;475488
NİĞDE;ÇİFTLİK;ÇARŞI;BİRER SOKAK;sokak;764021300
NİĞDE;ÇİFTLİK;ÇARŞI;BODUR SOKAK;sokak;909931060
NİĞDE;ÇİFTLİK;ÇARŞI;CEYLAN SOKAK;sokak;484179
NİĞDE;ÇİFTLİK;ÇARŞI;CUMHURİYET CADDE;cadde;372055
NİĞDE;ÇİFTLİK;ÇARŞI;CUMHURİYET/2 CADDE;cadde;348382500
NİĞDE;ÇİFTLİK;ÇARŞI;ÇEVRE YOLU CADDE;cadde;32236
NİĞDE;ÇİFTLİK;ÇARŞI;ÇORAK ÇAYI KÜME EVLER;sokak;484168
NİĞDE;ÇİFTLİK;ÇARŞI;ESELER SOKAK;sokak;484189
NİĞDE;ÇİFTLİK;ÇARŞI;ESEN SOKAK;sokak;484204
NİĞDE;ÇİFTLİK;ÇARŞI;ESKİ BELEDİYE MEYDAN;sokak;114953
NİĞDE;ÇİFTLİK;ÇARŞI;GAZİ RAMAZAN BAKIR SOKAK;sokak;484190
NİĞDE;ÇİFTLİK;ÇARŞI;GAZİ RAMAZAN BAKIR/1 SOKAK;sokak;735491490
NİĞDE;ÇİFTLİK;ÇARŞI;HARIM SOKAK;sokak;484205
NİĞDE;ÇİFTLİK;ÇARŞI;KARAÇAMUR SOKAK;sokak;24842
NİĞDE;ÇİFTLİK;ÇARŞI;KARINCA ARGI SOKAK;sokak;484161
NİĞDE;ÇİFTLİK;ÇARŞI;KAYMAKAM MEHMET PARLAK CADDE;cadde;24841
NİĞDE;ÇİFTLİK;ÇARŞI;KAYMAKAM MEHMET PARLAK/1. SOKAK;sokak;993779130
NİĞDE;ÇİFTLİK;ÇARŞI;KAYMAKAM MEHMET PARLAK/2. SOKAK;sokak;179580830
NİĞDE;ÇİFTLİK;ÇARŞI;LİSE SOKAK;sokak;484199
NİĞDE;ÇİFTLİK;ÇARŞI;LOJMAN SOKAK;sokak;484180
NİĞDE;ÇİFTLİK;ÇARŞI;MEHMET AKİF ERSOY CADDE;cadde;32229
NİĞDE;ÇİFTLİK;ÇARŞI;MERCAN SOKAK;sokak;897380330
NİĞDE;ÇİFTLİK;ÇARŞI;MEZBAHA SOKAK;sokak;114966
NİĞDE;ÇİFTLİK;ÇARŞI;MUSTAFA KEMAL CADDE;cadde;32230
NİĞDE;ÇİFTLİK;ÇARŞI;NAMIK KEMAL CADDE;cadde;32231
NİĞDE;ÇİFTLİK;ÇARŞI;NİĞDE CADDE;cadde;32232
NİĞDE;ÇİFTLİK;ÇARŞI;PARK SOKAK;sokak;114972
NİĞDE;ÇİFTLİK;ÇARŞI;PAZAR SOKAK;sokak;32233
NİĞDE;ÇİFTLİK;ÇARŞI;PAZAR/1 SOKAK;sokak;284442890
NİĞDE;ÇİFTLİK;ÇARŞI;ŞANTİYE SOKAK;sokak;484162
NİĞDE;ÇİFTLİK;ÇARŞI;ŞEHİT MUSTAFA ŞAHİN CADDE;cadde;484195
NİĞDE;ÇİFTLİK;ÇARŞI;ŞEHİT MUSTAFA ŞAHİN/1 SOKAK;sokak;527878190
NİĞDE;ÇİFTLİK;ÇARŞI;ŞEHİT NURETTİN TEKİN CADDE;cadde;371845
NİĞDE;ÇİFTLİK;ÇARŞI;ŞEHİT NURETTİN TEKİN/13 SOKAK;sokak;548799450
NİĞDE;ÇİFTLİK;ÇARŞI;ŞEHİT NURETTİN TEKİN/4 SOKAK;sokak;574019110
NİĞDE;ÇİFTLİK;ÇARŞI;ŞEHİT ŞAKİR TEKİN CADDE;cadde;32235
NİĞDE;ÇİFTLİK;ÇARŞI;ŞEHİT ŞAKİR TEKİN/1 SOKAK;sokak;448780560
NİĞDE;ÇİFTLİK;ÇARŞI;TEPE ALTI SOKAK;sokak;484200
NİĞDE;ÇİFTLİK;ÇARŞI;TEPECİK SOKAK;sokak;484202
NİĞDE;ÇİFTLİK;ÇARŞI;TOKİ SOKAK;sokak;484160
NİĞDE;ÇİFTLİK;ÇARŞI;VALİ AHMET ÖZYURT SOKAK;sokak;484181
NİĞDE;ÇİFTLİK;ÇARŞI;YILDIRIM SOKAK;sokak;864899370
NİĞDE;ÇİFTLİK;ÇARŞI;YUKARI ASMASIZ ALTI SOKAK;sokak;484191
NİĞDE;ÇİFTLİK;ÇINARLI - ALIŞLI;ALIŞLI KÜME EVLER;sokak;503528
NİĞDE;ÇİFTLİK;ÇINARLI NA;ÇINARLI KÜME EVLER;sokak;474218
NİĞDE;ÇİFTLİK;ÇİFTÇİ;50. SOKAK;sokak;476311
NİĞDE;ÇİFTLİK;ÇİFTÇİ;51. SOKAK;sokak;478053
NİĞDE;ÇİFTLİK;ÇİFTÇİ;52. SOKAK;sokak;478054
NİĞDE;ÇİFTLİK;ÇİFTÇİ;53 SOKAK;sokak;478055
NİĞDE;ÇİFTLİK;ÇİFTÇİ;54 SOKAK;sokak;478056
NİĞDE;ÇİFTLİK;ÇİFTÇİ;55 SOKAK;sokak;478057
NİĞDE;ÇİFTLİK;ÇİFTÇİ;56. SOKAK;sokak;476668
NİĞDE;ÇİFTLİK;ÇİFTÇİ;57. SOKAK;sokak;476670
NİĞDE;ÇİFTLİK;ÇİFTÇİ;58. SOKAK;sokak;478072
NİĞDE;ÇİFTLİK;ÇİFTÇİ;59. SOKAK;sokak;476671
NİĞDE;ÇİFTLİK;ÇİFTÇİ;60. SOKAK;sokak;476673
NİĞDE;ÇİFTLİK;ÇİFTÇİ;61. SOKAK;sokak;476312
NİĞDE;ÇİFTLİK;ÇİFTÇİ;62. SOKAK;sokak;476313
NİĞDE;ÇİFTLİK;ÇİFTÇİ;63. SOKAK;sokak;478058
NİĞDE;ÇİFTLİK;ÇİFTÇİ;64. SOKAK;sokak;478059
NİĞDE;ÇİFTLİK;ÇİFTÇİ;65. SOKAK;sokak;476316
NİĞDE;ÇİFTLİK;ÇİFTÇİ;66. SOKAK;sokak;476317
NİĞDE;ÇİFTLİK;ÇİFTÇİ;67. SOKAK;sokak;476318
NİĞDE;ÇİFTLİK;ÇİFTÇİ;68 SOKAK;sokak;476319
NİĞDE;ÇİFTLİK;ÇİFTÇİ;69. SOKAK;sokak;476320
NİĞDE;ÇİFTLİK;ÇİFTÇİ;70. SOKAK;sokak;476321
NİĞDE;ÇİFTLİK;ÇİFTÇİ;71. SOKAK;sokak;476322
NİĞDE;ÇİFTLİK;ÇİFTÇİ;72. SOKAK;sokak;476323
NİĞDE;ÇİFTLİK;ÇİFTÇİ;73 SOKAK;sokak;476324
NİĞDE;ÇİFTLİK;ÇİFTÇİ;74. SOKAK;sokak;478060
NİĞDE;ÇİFTLİK;ÇİFTÇİ;75. SOKAK;sokak;476336
NİĞDE;ÇİFTLİK;ÇİFTÇİ;76. SOKAK;sokak;478071
NİĞDE;ÇİFTLİK;ÇİFTÇİ;77. SOKAK;sokak;476334
NİĞDE;ÇİFTLİK;ÇİFTÇİ;78. SOKAK;sokak;476335
NİĞDE;ÇİFTLİK;ÇİFTÇİ;79. SOKAK;sokak;478070
NİĞDE;ÇİFTLİK;ÇİFTÇİ;80. SOKAK;sokak;478068
NİĞDE;ÇİFTLİK;ÇİFTÇİ;81. SOKAK;sokak;476333
NİĞDE;ÇİFTLİK;ÇİFTÇİ;82. SOKAK;sokak;478069
NİĞDE;ÇİFTLİK;ÇİFTÇİ;83. SOKAK;sokak;476332
NİĞDE;ÇİFTLİK;ÇİFTÇİ;84. SOKAK;sokak;476331
NİĞDE;ÇİFTLİK;ÇİFTÇİ;85. SOKAK;sokak;478066
NİĞDE;ÇİFTLİK;ÇİFTÇİ;86. SOKAK;sokak;476329
NİĞDE;ÇİFTLİK;ÇİFTÇİ;87. SOKAK;sokak;476328
NİĞDE;ÇİFTLİK;ÇİFTÇİ;88. SOKAK;sokak;478065
NİĞDE;ÇİFTLİK;ÇİFTÇİ;89. SOKAK;sokak;476326
NİĞDE;ÇİFTLİK;ÇİFTÇİ;90. SOKAK;sokak;476327
NİĞDE;ÇİFTLİK;ÇİFTÇİ;92.SOKAK SOKAK;sokak;861595970
NİĞDE;ÇİFTLİK;ÇİFTÇİ;ATATÜRK CADDE;cadde;487564
NİĞDE;ÇİFTLİK;ÇİFTÇİ;AYRI EVLER SOKAK;sokak;32247
NİĞDE;ÇİFTLİK;ÇİFTÇİ;BAYIR SOKAK;sokak;478050
NİĞDE;ÇİFTLİK;ÇİFTÇİ;BEKÇİLİ SOKAK;sokak;476315
NİĞDE;ÇİFTLİK;ÇİFTÇİ;CUMHURİYET CADDE;cadde;32248
NİĞDE;ÇİFTLİK;ÇİFTÇİ;CUMHURİYET/10 SOKAK;sokak;262492760
NİĞDE;ÇİFTLİK;ÇİFTÇİ;CUMHURİYET/7 SOKAK;sokak;966150830
NİĞDE;ÇİFTLİK;ÇİFTÇİ;ÇATMA SOKAK;sokak;476310
NİĞDE;ÇİFTLİK;ÇİFTÇİ;ÇORAK SOKAK;sokak;478073
NİĞDE;ÇİFTLİK;ÇİFTÇİ;DAVLU SOKAK;sokak;476337
NİĞDE;ÇİFTLİK;ÇİFTÇİ;DEĞİRMENCİ SOKAK;sokak;356394
NİĞDE;ÇİFTLİK;ÇİFTÇİ;DEMİRCİ ARGI SOKAK;sokak;478061
NİĞDE;ÇİFTLİK;ÇİFTÇİ;DİVARLI ÇAYI KÜME EVLER;sokak;32249
NİĞDE;ÇİFTLİK;ÇİFTÇİ;EĞREK SOKAK;sokak;478052
NİĞDE;ÇİFTLİK;ÇİFTÇİ;GÜZELYURT CADDE;cadde;571265341
NİĞDE;ÇİFTLİK;ÇİFTÇİ;GÜZELYURT_ÇİFTLİK CADDE;cadde;228902140
NİĞDE;ÇİFTLİK;ÇİFTÇİ;GÜZELYURT/10 SOKAK;sokak;967391490
NİĞDE;ÇİFTLİK;ÇİFTÇİ;GÜZELYURT/12 SOKAK;sokak;371764430
NİĞDE;ÇİFTLİK;ÇİFTÇİ;GÜZELYURT/13 SOKAK;sokak;964125230
NİĞDE;ÇİFTLİK;ÇİFTÇİ;GÜZELYURT/15 SOKAK;sokak;145769870
NİĞDE;ÇİFTLİK;ÇİFTÇİ;HACAH BABA SOKAK;sokak;476325
NİĞDE;ÇİFTLİK;ÇİFTÇİ;IRMAK İÇİ SOKAK;sokak;32250
NİĞDE;ÇİFTLİK;ÇİFTÇİ;IRMAK İÇİ/1 SOKAK;sokak;950215640
NİĞDE;ÇİFTLİK;ÇİFTÇİ;IRMAK İÇİ/2 SOKAK;sokak;995779590
NİĞDE;ÇİFTLİK;ÇİFTÇİ;IRMAK İÇİ/3 SOKAK;sokak;546943280
NİĞDE;ÇİFTLİK;ÇİFTÇİ;İÇERİ CAMİ SOKAK;sokak;476309
NİĞDE;ÇİFTLİK;ÇİFTÇİ;İKİZCE KÜME EVLER;sokak;32254
NİĞDE;ÇİFTLİK;ÇİFTÇİ;İNÖNÜ CADDE;cadde;369816
NİĞDE;ÇİFTLİK;ÇİFTÇİ;JANDARMA SOKAK;sokak;478062
NİĞDE;ÇİFTLİK;ÇİFTÇİ;KARAÇAYIR SOKAK;sokak;478067
NİĞDE;ÇİFTLİK;ÇİFTÇİ;KARINCA ARGI SOKAK;sokak;476678
NİĞDE;ÇİFTLİK;ÇİFTÇİ;KAYRAN SOKAK;sokak;476314
NİĞDE;ÇİFTLİK;ÇİFTÇİ;KURUMLAR CADDE;cadde;478064
NİĞDE;ÇİFTLİK;ÇİFTÇİ;KÜÇÜK ÇAYIR SOKAK;sokak;32251
NİĞDE;ÇİFTLİK;ÇİFTÇİ;KÜÇÜK ÇAYIR/7 SOKAK;sokak;410461860
NİĞDE;ÇİFTLİK;ÇİFTÇİ;MEHMET AKİF ERSOY CADDE;cadde;476308
NİĞDE;ÇİFTLİK;ÇİFTÇİ;MEZBAHA SOKAK;sokak;476674
NİĞDE;ÇİFTLİK;ÇİFTÇİ;MUSTAFA KEMAL CADDE;cadde;32252
NİĞDE;ÇİFTLİK;ÇİFTÇİ;NAMIK KEMAL CADDE;cadde;32253
NİĞDE;ÇİFTLİK;ÇİFTÇİ;PARK SOKAK;sokak;478987
NİĞDE;ÇİFTLİK;ÇİFTÇİ;PAZAR SOKAK;sokak;476675
NİĞDE;ÇİFTLİK;ÇİFTÇİ;ŞANTİYE SOKAK;sokak;476677
NİĞDE;ÇİFTLİK;ÇİFTÇİ;TEKİN SOKAK;sokak;476669
NİĞDE;ÇİFTLİK;ÇİFTÇİ;TOKİ SOKAK;sokak;476676
NİĞDE;ÇİFTLİK;DİVARLI - ALPASLAN;AKDOĞAN SOKAK;sokak;923800
NİĞDE;ÇİFTLİK;DİVARLI - ALPASLAN;AKSARAY CADDE;cadde;369828
NİĞDE;ÇİFTLİK;DİVARLI - ALPASLAN;AKSARAY/1 SOKAK;sokak;659534400
NİĞDE;ÇİFTLİK;DİVARLI - ALPASLAN;AKSARAY/10 SOKAK;sokak;485269170
NİĞDE;ÇİFTLİK;DİVARLI - ALPASLAN;AKSARAY/11 SOKAK;sokak;187669980
NİĞDE;ÇİFTLİK;DİVARLI - ALPASLAN;AKSARAY/12 SOKAK;sokak;910070050
NİĞDE;ÇİFTLİK;DİVARLI - ALPASLAN;AKSARAY/2 SOKAK;sokak;383014610
NİĞDE;ÇİFTLİK;DİVARLI - ALPASLAN;AKSARAY/3 SOKAK;sokak;473967750
NİĞDE;ÇİFTLİK;DİVARLI - ALPASLAN;AKSARAY/4 SOKAK;sokak;685727000
NİĞDE;ÇİFTLİK;DİVARLI - ALPASLAN;AKSARAY/5 SOKAK;sokak;359686840
NİĞDE;ÇİFTLİK;DİVARLI - ALPASLAN;AKSARAY/6 CADDE;cadde;223508470
NİĞDE;ÇİFTLİK;DİVARLI - ALPASLAN;AKSARAY/7 CADDE;cadde;661343700
NİĞDE;ÇİFTLİK;DİVARLI - ALPASLAN;AKSARAY/8 SOKAK;sokak;512151920
NİĞDE;ÇİFTLİK;DİVARLI - ALPASLAN;AKSARAY/9 CADDE;cadde;568792320
NİĞDE;ÇİFTLİK;DİVARLI - ALPASLAN;BİLİNMEYEN SOKAK;sokak;942732400
NİĞDE;ÇİFTLİK;DİVARLI - ALPASLAN;CULLAZ SOKAK;sokak;923846
NİĞDE;ÇİFTLİK;DİVARLI - ALPASLAN;CUMHURİYET SOKAK;sokak;494999
NİĞDE;ÇİFTLİK;DİVARLI - ALPASLAN;ÇAYIR SOKAK;sokak;363533571
NİĞDE;ÇİFTLİK;DİVARLI - ALPASLAN;ÇELİK SOKAK;sokak;33576
NİĞDE;ÇİFTLİK;DİVARLI - ALPASLAN;ÇELİK/1 SOKAK;sokak;302150730
NİĞDE;ÇİFTLİK;DİVARLI - ALPASLAN;ÇELİK/2 SOKAK;sokak;263183370
NİĞDE;ÇİFTLİK;DİVARLI - ALPASLAN;ÇELİK/3 SOKAK;sokak;809635980
NİĞDE;ÇİFTLİK;DİVARLI - ALPASLAN;ÇELİK/4 SOKAK;sokak;754097630
NİĞDE;ÇİFTLİK;DİVARLI - ALPASLAN;ÇINAR SOKAK;sokak;33577
NİĞDE;ÇİFTLİK;DİVARLI - ALPASLAN;DIVARLI 22 SOKAK;sokak;105922440
NİĞDE;ÇİFTLİK;DİVARLI - ALPASLAN;DIVARLI SOKAK;sokak;704921940
NİĞDE;ÇİFTLİK;DİVARLI - ALPASLAN;DIVARLI/10 SOKAK;sokak;758506510
NİĞDE;ÇİFTLİK;DİVARLI - ALPASLAN;DIVARLI/2 SOKAK;sokak;759061980
NİĞDE;ÇİFTLİK;DİVARLI - ALPASLAN;DIVARLI/23 SOKAK;sokak;893644590
NİĞDE;ÇİFTLİK;DİVARLI - ALPASLAN;DIVARLI/4 SOKAK;sokak;174510630
NİĞDE;ÇİFTLİK;DİVARLI - ALPASLAN;DIVARLI/5 SOKAK;sokak;238762610
NİĞDE;ÇİFTLİK;DİVARLI - ALPASLAN;DIVARLI/6 SOKAK;sokak;422321730
NİĞDE;ÇİFTLİK;DİVARLI - ALPASLAN;DIVARLI/7 SOKAK;sokak;610159390
NİĞDE;ÇİFTLİK;DİVARLI - ALPASLAN;DIVARLI/8 SOKAK;sokak;233878300
NİĞDE;ÇİFTLİK;DİVARLI - ALPASLAN;DIVARLI/9 SOKAK;sokak;245465090
NİĞDE;ÇİFTLİK;DİVARLI - ALPASLAN;DİVARLI/2 SOKAK;sokak;347515291
NİĞDE;ÇİFTLİK;DİVARLI - ALPASLAN;ERDOĞAN SOKAK;sokak;923845
NİĞDE;ÇİFTLİK;DİVARLI - ALPASLAN;FEVZİ ÇAKMAK SOKAK;sokak;923793
NİĞDE;ÇİFTLİK;DİVARLI - ALPASLAN;GÖBEN SOKAK;sokak;32280
NİĞDE;ÇİFTLİK;DİVARLI - ALPASLAN;GÖBEN/1 SOKAK;sokak;398909420
NİĞDE;ÇİFTLİK;DİVARLI - ALPASLAN;GÖBEN/2 SOKAK;sokak;804964820
NİĞDE;ÇİFTLİK;DİVARLI - ALPASLAN;GÖKTAŞ 1. SOKAK;sokak;923794
NİĞDE;ÇİFTLİK;DİVARLI - ALPASLAN;GÖKTAŞ 10. SOKAK;sokak;923804
NİĞDE;ÇİFTLİK;DİVARLI - ALPASLAN;GÖKTAŞ 11. SOKAK;sokak;923805
NİĞDE;ÇİFTLİK;DİVARLI - ALPASLAN;GÖKTAŞ 12. SOKAK;sokak;923806
NİĞDE;ÇİFTLİK;DİVARLI - ALPASLAN;GÖKTAŞ 13. SOKAK;sokak;923809
NİĞDE;ÇİFTLİK;DİVARLI - ALPASLAN;GÖKTAŞ 14. SOKAK;sokak;923810
NİĞDE;ÇİFTLİK;DİVARLI - ALPASLAN;GÖKTAŞ 15. SOKAK;sokak;923811
NİĞDE;ÇİFTLİK;DİVARLI - ALPASLAN;GÖKTAŞ 16. SOKAK;sokak;923812
NİĞDE;ÇİFTLİK;DİVARLI - ALPASLAN;GÖKTAŞ 17. SOKAK;sokak;923835
NİĞDE;ÇİFTLİK;DİVARLI - ALPASLAN;GÖKTAŞ 18. SOKAK;sokak;923836
NİĞDE;ÇİFTLİK;DİVARLI - ALPASLAN;GÖKTAŞ 19. SOKAK;sokak;923838
NİĞDE;ÇİFTLİK;DİVARLI - ALPASLAN;GÖKTAŞ 2. SOKAK;sokak;923795
NİĞDE;ÇİFTLİK;DİVARLI - ALPASLAN;GÖKTAŞ 20. SOKAK;sokak;923839
NİĞDE;ÇİFTLİK;DİVARLI - ALPASLAN;GÖKTAŞ 21. SOKAK;sokak;923840
NİĞDE;ÇİFTLİK;DİVARLI - ALPASLAN;GÖKTAŞ 22. SOKAK;sokak;923841
NİĞDE;ÇİFTLİK;DİVARLI - ALPASLAN;GÖKTAŞ 23. SOKAK;sokak;923842
NİĞDE;ÇİFTLİK;DİVARLI - ALPASLAN;GÖKTAŞ 24. SOKAK;sokak;923843
NİĞDE;ÇİFTLİK;DİVARLI - ALPASLAN;GÖKTAŞ 25. SOKAK;sokak;923844
NİĞDE;ÇİFTLİK;DİVARLI - ALPASLAN;GÖKTAŞ 26. SOKAK;sokak;923847
NİĞDE;ÇİFTLİK;DİVARLI - ALPASLAN;GÖKTAŞ 27. SOKAK;sokak;923848
NİĞDE;ÇİFTLİK;DİVARLI - ALPASLAN;GÖKTAŞ 28. SOKAK;sokak;923849
NİĞDE;ÇİFTLİK;DİVARLI - ALPASLAN;GÖKTAŞ 29. SOKAK;sokak;923850
NİĞDE;ÇİFTLİK;DİVARLI - ALPASLAN;GÖKTAŞ 3. SOKAK;sokak;923796
NİĞDE;ÇİFTLİK;DİVARLI - ALPASLAN;GÖKTAŞ 30. SOKAK;sokak;923851
NİĞDE;ÇİFTLİK;DİVARLI - ALPASLAN;GÖKTAŞ 31. SOKAK;sokak;923852
NİĞDE;ÇİFTLİK;DİVARLI - ALPASLAN;GÖKTAŞ 32. SOKAK;sokak;923853
NİĞDE;ÇİFTLİK;DİVARLI - ALPASLAN;GÖKTAŞ 33. SOKAK;sokak;923855
NİĞDE;ÇİFTLİK;DİVARLI - ALPASLAN;GÖKTAŞ 4. SOKAK;sokak;923797
NİĞDE;ÇİFTLİK;DİVARLI - ALPASLAN;GÖKTAŞ 5. SOKAK;sokak;923798
NİĞDE;ÇİFTLİK;DİVARLI - ALPASLAN;GÖKTAŞ 6. SOKAK;sokak;923799
NİĞDE;ÇİFTLİK;DİVARLI - ALPASLAN;GÖKTAŞ 7. SOKAK;sokak;923801
NİĞDE;ÇİFTLİK;DİVARLI - ALPASLAN;GÖKTAŞ 8. SOKAK;sokak;923802
NİĞDE;ÇİFTLİK;DİVARLI - ALPASLAN;GÖKTAŞ 9. SOKAK;sokak;923803
NİĞDE;ÇİFTLİK;DİVARLI - ALPASLAN;GÖKTAŞ SOKAK;sokak;32281
NİĞDE;ÇİFTLİK;DİVARLI - ALPASLAN;GÖKTAŞ/1 SOKAK;sokak;392493880
NİĞDE;ÇİFTLİK;DİVARLI - ALPASLAN;GÖKTAŞ/2 SOKAK;sokak;398406570
NİĞDE;ÇİFTLİK;DİVARLI - ALPASLAN;GÖKTAŞ/3 SOKAK;sokak;333871680
NİĞDE;ÇİFTLİK;DİVARLI - ALPASLAN;GÖKTAŞ/34 SOKAK;sokak;282953430
NİĞDE;ÇİFTLİK;DİVARLI - ALPASLAN;GÖKTAŞ/4 SOKAK;sokak;128369380
NİĞDE;ÇİFTLİK;DİVARLI - ALPASLAN;GÖKTAŞ/5 SOKAK;sokak;371135110
NİĞDE;ÇİFTLİK;DİVARLI - ALPASLAN;GÖKTAŞ/6 SOKAK;sokak;133941760
NİĞDE;ÇİFTLİK;DİVARLI - ALPASLAN;GÜL SOKAK;sokak;923837
NİĞDE;ÇİFTLİK;DİVARLI - ALPASLAN;KAVAKLIOĞLU SOKAK;sokak;923737
NİĞDE;ÇİFTLİK;DİVARLI - ALPASLAN;MEHMET AKİF SOKAK;sokak;923807
NİĞDE;ÇİFTLİK;DİVARLI - ALPASLAN;MERKEZ CADDE;cadde;32282
NİĞDE;ÇİFTLİK;DİVARLI - ALPASLAN;MUSTAFA KEMAL SOKAK;sokak;923808
NİĞDE;ÇİFTLİK;DİVARLI - ALPASLAN;OKUL CADDE;cadde;369829
NİĞDE;ÇİFTLİK;DİVARLI - ALPASLAN;OKUL/1 CADDE;cadde;589161980
NİĞDE;ÇİFTLİK;DİVARLI - ALPASLAN;OVALIBAĞ CADDE;cadde;369830
NİĞDE;ÇİFTLİK;DİVARLI - ALPASLAN;OVALIBAĞ/1 SOKAK;sokak;299435290
NİĞDE;ÇİFTLİK;DİVARLI - ALPASLAN;ÖREN 1 NOLU SOKAK;sokak;32283
NİĞDE;ÇİFTLİK;DİVARLI - ALPASLAN;ÖREN 2.NOLU SOKAK;sokak;32284
NİĞDE;ÇİFTLİK;DİVARLI - ALPASLAN;ÖREN 2.NOLU/1 SOKAK;sokak;495559720
NİĞDE;ÇİFTLİK;DİVARLI - ALPASLAN;SELVİ SOKAK;sokak;923854
NİĞDE;ÇİFTLİK;DİVARLI - ALPASLAN;SU DEPOSU SOKAK;sokak;503611
NİĞDE;ÇİFTLİK;DİVARLI - ALPASLAN;SU DEPOSU/1 SOKAK;sokak;241091340
NİĞDE;ÇİFTLİK;DİVARLI - ALPASLAN;SU DEPOSU/2 SOKAK;sokak;167848030
NİĞDE;ÇİFTLİK;DİVARLI - ALPASLAN;SU DEPOSU/3 SOKAK;sokak;651490800
NİĞDE;ÇİFTLİK;DİVARLI - ALPASLAN;SU DEPOSU/4 SOKAK;sokak;396332010
NİĞDE;ÇİFTLİK;DİVARLI - ALPASLAN;SU DEPOSU/5 SOKAK;sokak;282995010
NİĞDE;ÇİFTLİK;DİVARLI - ALPASLAN;SU DEPOSU/6 SOKAK;sokak;588811940
NİĞDE;ÇİFTLİK;DİVARLI - ALPASLAN;ŞEYHLER SOKAK;sokak;369832
NİĞDE;ÇİFTLİK;DİVARLI - ALPASLAN;ŞEYHLER/1 SOKAK;sokak;749121890
NİĞDE;ÇİFTLİK;DİVARLI - ALPASLAN;ŞEYHLER/2 SOKAK;sokak;184244400
NİĞDE;ÇİFTLİK;DİVARLI - ALPASLAN;ŞEYHLER/3 SOKAK;sokak;492002720
NİĞDE;ÇİFTLİK;DİVARLI - ALPASLAN;TUZLA SOKAK;sokak;32285
NİĞDE;ÇİFTLİK;DİVARLI - ALPASLAN;TUZLA/1 SOKAK;sokak;794622550
NİĞDE;ÇİFTLİK;DİVARLI - ALPASLAN;TUZLA/10 SOKAK;sokak;608462840
NİĞDE;ÇİFTLİK;DİVARLI - ALPASLAN;TUZLA/11 SOKAK;sokak;642420010
NİĞDE;ÇİFTLİK;DİVARLI - ALPASLAN;TUZLA/12 SOKAK;sokak;840868910
NİĞDE;ÇİFTLİK;DİVARLI - ALPASLAN;TUZLA/13 SOKAK;sokak;775939520
NİĞDE;ÇİFTLİK;DİVARLI - ALPASLAN;TUZLA/14 SOKAK;sokak;753521530
NİĞDE;ÇİFTLİK;DİVARLI - ALPASLAN;TUZLA/15 SOKAK;sokak;274477390
NİĞDE;ÇİFTLİK;DİVARLI - ALPASLAN;TUZLA/16 SOKAK;sokak;803598880
NİĞDE;ÇİFTLİK;DİVARLI - ALPASLAN;TUZLA/17 SOKAK;sokak;303752650
NİĞDE;ÇİFTLİK;DİVARLI - ALPASLAN;TUZLA/2 SOKAK;sokak;869519770
NİĞDE;ÇİFTLİK;DİVARLI - ALPASLAN;TUZLA/3 SOKAK;sokak;286563120
NİĞDE;ÇİFTLİK;DİVARLI - ALPASLAN;TUZLA/4 SOKAK;sokak;796612370
NİĞDE;ÇİFTLİK;DİVARLI - ALPASLAN;TUZLA/5 SOKAK;sokak;321997210
NİĞDE;ÇİFTLİK;DİVARLI - ALPASLAN;TUZLA/6 SOKAK;sokak;488216310
NİĞDE;ÇİFTLİK;DİVARLI - ALPASLAN;TUZLA/7 SOKAK;sokak;249991120
NİĞDE;ÇİFTLİK;DİVARLI - ALPASLAN;TUZLA/8 SOKAK;sokak;782715330
NİĞDE;ÇİFTLİK;DİVARLI - ALPASLAN;TUZLA/9 SOKAK;sokak;738509840
NİĞDE;ÇİFTLİK;DİVARLI - ALPASLAN;YAYLA YOLU 1. SOKAK;sokak;32286
NİĞDE;ÇİFTLİK;DİVARLI - ALPASLAN;YAYLA YOLU 1./1 SOKAK;sokak;388860990
NİĞDE;ÇİFTLİK;DİVARLI - ALPASLAN;YAYLA YOLU 1./2 SOKAK;sokak;101434100
NİĞDE;ÇİFTLİK;DİVARLI - ALPASLAN;YAYLA YOLU 1./3 SOKAK;sokak;919158350
NİĞDE;ÇİFTLİK;DİVARLI - ALPASLAN;YAYLA YOLU 2. SOKAK;sokak;33575
NİĞDE;ÇİFTLİK;DİVARLI - ALPASLAN;YAYLA YOLU 2._1 SOKAK;sokak;727555070
NİĞDE;ÇİFTLİK;DİVARLI - ALPASLAN;YENİ YOL SOKAK;sokak;669010590
NİĞDE;ÇİFTLİK;DİVARLI - FATİH;ÇAY KÜME EVLER;sokak;494783
NİĞDE;ÇİFTLİK;DİVARLI - FATİH;ÇAYIR SOKAK;sokak;369837
NİĞDE;ÇİFTLİK;DİVARLI - FATİH;ÇAYIR/1 SOKAK;sokak;217987640
NİĞDE;ÇİFTLİK;DİVARLI - FATİH;ÇAYIR/2 SOKAK;sokak;148016900
NİĞDE;ÇİFTLİK;DİVARLI - FATİH;ÇAYIR/3 SOKAK;sokak;425047870
NİĞDE;ÇİFTLİK;DİVARLI - FATİH;DİVARLI/1 SOKAK;sokak;128816370
NİĞDE;ÇİFTLİK;DİVARLI - FATİH;DİVARLI/2 SOKAK;sokak;347515290
NİĞDE;ÇİFTLİK;DİVARLI - FATİH;DİVARLI/3 SOKAK;sokak;392964700
NİĞDE;ÇİFTLİK;DİVARLI - FATİH;DİVARLI/4 SOKAK;sokak;678706590
NİĞDE;ÇİFTLİK;DİVARLI - FATİH;KARAÇAYIR KÜME EVLER;sokak;33579
NİĞDE;ÇİFTLİK;DİVARLI - FATİH;MERKEZ 1. SOKAK;sokak;369833
NİĞDE;ÇİFTLİK;DİVARLI - FATİH;MERKEZ 10. SOKAK;sokak;33581
NİĞDE;ÇİFTLİK;DİVARLI - FATİH;MERKEZ 11. SOKAK;sokak;905477200
NİĞDE;ÇİFTLİK;DİVARLI - FATİH;MERKEZ 2. SOKAK;sokak;33582
NİĞDE;ÇİFTLİK;DİVARLI - FATİH;MERKEZ 3. SOKAK;sokak;369834
NİĞDE;ÇİFTLİK;DİVARLI - FATİH;MERKEZ 4. SOKAK;sokak;33583
NİĞDE;ÇİFTLİK;DİVARLI - FATİH;MERKEZ 5. SOKAK;sokak;33584
NİĞDE;ÇİFTLİK;DİVARLI - FATİH;MERKEZ 6. SOKAK;sokak;33585
NİĞDE;ÇİFTLİK;DİVARLI - FATİH;MERKEZ 7. SOKAK;sokak;369835
NİĞDE;ÇİFTLİK;DİVARLI - FATİH;MERKEZ 8. SOKAK;sokak;33586
NİĞDE;ÇİFTLİK;DİVARLI - FATİH;MERKEZ 9. SOKAK;sokak;33919
NİĞDE;ÇİFTLİK;DİVARLI - FATİH;MERKEZ CADDE;cadde;33580
NİĞDE;ÇİFTLİK;DİVARLI - FATİH;OKUL CADDE;cadde;33920
NİĞDE;ÇİFTLİK;DİVARLI - FATİH;OVALIBAĞ CADDE;cadde;369836
NİĞDE;ÇİFTLİK;DİVARLI - FATİH;SAĞLIK OCAĞI 1. SOKAK;sokak;33921
NİĞDE;ÇİFTLİK;DİVARLI - FATİH;SAĞLIK OCAĞI CADDE;cadde;391489
NİĞDE;ÇİFTLİK;DİVARLI - FATİH;ŞEYHLER SOKAK;sokak;491918
NİĞDE;ÇİFTLİK;DİVARLI - FATİH;ŞEYHLER/1 SOKAK;sokak;209207400
NİĞDE;ÇİFTLİK;DİVARLI - FATİH;TEPE ARDI SOKAK;sokak;33922
NİĞDE;ÇİFTLİK;DİVARLI - YENİ;ÇAY 2 KÜME EVLER;sokak;33927
NİĞDE;ÇİFTLİK;DİVARLI - YENİ;ÇERÇİMOĞLU KÜME EVLER;sokak;33928
NİĞDE;ÇİFTLİK;DİVARLI - YENİ;ÇİFTLİK SOKAK;sokak;33929
NİĞDE;ÇİFTLİK;DİVARLI - YENİ;ÇİFTLİK/1 SOKAK;sokak;306681640
NİĞDE;ÇİFTLİK;DİVARLI - YENİ;ÇİFTLİK/2 SOKAK;sokak;915608960
NİĞDE;ÇİFTLİK;DİVARLI - YENİ;GÜZELYURT/12 SOKAK;sokak;346245690
NİĞDE;ÇİFTLİK;DİVARLI - YENİ;GÜZELYURT/13 SOKAK;sokak;499317850
NİĞDE;ÇİFTLİK;DİVARLI - YENİ;MERKEZ 10. SOKAK;sokak;369838
NİĞDE;ÇİFTLİK;DİVARLI - YENİ;MERKEZ CADDE;cadde;33924
NİĞDE;ÇİFTLİK;DİVARLI - YENİ;NİĞDE CADDE;cadde;33923
NİĞDE;ÇİFTLİK;DİVARLI - YENİ;NİĞDE/1. SOKAK;sokak;934833780
NİĞDE;ÇİFTLİK;DİVARLI - YENİ;NİĞDE/2. SOKAK;sokak;709331060
NİĞDE;ÇİFTLİK;DİVARLI - YENİ;NİĞDE/3. SOKAK;sokak;401544450
NİĞDE;ÇİFTLİK;DİVARLI - YENİ;OVALIBAĞ CADDE;cadde;357284010
NİĞDE;ÇİFTLİK;DİVARLI - YENİ;OVALIBAĞ/1. SOKAK;sokak;708020790
NİĞDE;ÇİFTLİK;DİVARLI - YENİ;SAĞLIK OCAĞI 2. SOKAK;sokak;33926
NİĞDE;ÇİFTLİK;DİVARLI - YENİ;SAĞLIK OCAĞI 2./1 SOKAK;sokak;460278350
NİĞDE;ÇİFTLİK;DİVARLI - YENİ;SAĞLIK OCAĞI 2./2 SOKAK;sokak;477248770
NİĞDE;ÇİFTLİK;DİVARLI - YENİ;SAĞLIK OCAĞI 2./3 SOKAK;sokak;259723810
NİĞDE;ÇİFTLİK;DİVARLI - YENİ;SAĞLIK OCAĞI CADDE;cadde;33925
NİĞDE;ÇİFTLİK;DİVARLI - YENİ;SAĞLIK OCAĞI/1. SOKAK;sokak;732103040
NİĞDE;ÇİFTLİK;DİVARLI - YENİ;SAĞLIKOCAĞI/4. SOKAK;sokak;806547830
NİĞDE;ÇİFTLİK;DİVARLI - YENİ;SÜMBÜL SOKAK;sokak;369839
NİĞDE;ÇİFTLİK;DİVARLI - YENİ;SÜMBÜL/1 SOKAK;sokak;622265430
NİĞDE;ÇİFTLİK;DİVARLI - YENİ;SÜMBÜL/2 SOKAK;sokak;684914710
NİĞDE;ÇİFTLİK;DİVARLI - YENİ;SÜMBÜL/3 SOKAK;sokak;658970760
NİĞDE;ÇİFTLİK;DİVARLI - YENİ;SÜMBÜL/4 SOKAK;sokak;424985350
NİĞDE;ÇİFTLİK;DİVARLI - YENİ;SÜMBÜL/5 SOKAK;sokak;911836650
NİĞDE;ÇİFTLİK;KİTRELİ - ÇARŞI;AKSARAY SOKAK;sokak;374697311
NİĞDE;ÇİFTLİK;KİTRELİ - ÇARŞI;AYTEKİN SOKAK;sokak;492972
NİĞDE;ÇİFTLİK;KİTRELİ - ÇARŞI;BAHÇELİEVLER SOKAK;sokak;126968370
NİĞDE;ÇİFTLİK;KİTRELİ - ÇARŞI;BAYHAN SOKAK;sokak;875765831
NİĞDE;ÇİFTLİK;KİTRELİ - ÇARŞI;ÇARŞI KÜME EVLER;sokak;197625250
NİĞDE;ÇİFTLİK;KİTRELİ - ÇARŞI;ERTUĞRUL SOKAK;sokak;33933
NİĞDE;ÇİFTLİK;KİTRELİ - ÇARŞI;FETHİ BAŞATA SOKAK;sokak;33934
NİĞDE;ÇİFTLİK;KİTRELİ - ÇARŞI;İHSAN ŞENOL SOKAK;sokak;356377
NİĞDE;ÇİFTLİK;KİTRELİ - ÇARŞI;İHSAN ŞENOL/1 SOKAK;sokak;605019210
NİĞDE;ÇİFTLİK;KİTRELİ - ÇARŞI;NİĞDE SOKAK;sokak;369840
NİĞDE;ÇİFTLİK;KİTRELİ - ÇARŞI;TOKGÖZ SOKAK;sokak;33930
NİĞDE;ÇİFTLİK;KİTRELİ - ÇARŞI;TURGUT SOKAK;sokak;33931
NİĞDE;ÇİFTLİK;KİTRELİ - ÇARŞI;UZANAN SOKAK;sokak;369841
NİĞDE;ÇİFTLİK;KİTRELİ - ÇARŞI;UZUNLU SOKAK;sokak;33932
NİĞDE;ÇİFTLİK;KİTRELİ - KÖPRÜBAŞI;ATATÜRK SOKAK;sokak;481035
NİĞDE;ÇİFTLİK;KİTRELİ - KÖPRÜBAŞI;ATATÜRK/1 SOKAK;sokak;859751000
NİĞDE;ÇİFTLİK;KİTRELİ - KÖPRÜBAŞI;AYTEKİN SOKAK;sokak;369842
NİĞDE;ÇİFTLİK;KİTRELİ - KÖPRÜBAŞI;BAHÇELİEVLER SOKAK;sokak;33935
NİĞDE;ÇİFTLİK;KİTRELİ - KÖPRÜBAŞI;BALABAN SOKAK;sokak;650687511
NİĞDE;ÇİFTLİK;KİTRELİ - KÖPRÜBAŞI;CEYLAN SOKAK;sokak;33936
NİĞDE;ÇİFTLİK;KİTRELİ - KÖPRÜBAŞI;CEYLAN/1 SOKAK;sokak;401566630
NİĞDE;ÇİFTLİK;KİTRELİ - KÖPRÜBAŞI;CEYLAN/2 SOKAK;sokak;799606880
NİĞDE;ÇİFTLİK;KİTRELİ - KÖPRÜBAŞI;ÇARŞI KÜME EVLER;sokak;197625251
NİĞDE;ÇİFTLİK;KİTRELİ - KÖPRÜBAŞI;ÇAYIRLI SOKAK;sokak;369843
NİĞDE;ÇİFTLİK;KİTRELİ - KÖPRÜBAŞI;DERE SOKAK;sokak;402054370
NİĞDE;ÇİFTLİK;KİTRELİ - KÖPRÜBAŞI;GÜNEŞ SOKAK;sokak;33937
NİĞDE;ÇİFTLİK;KİTRELİ - KÖPRÜBAŞI;İHSAN ŞENOL SOKAK;sokak;370721
NİĞDE;ÇİFTLİK;KİTRELİ - KÖPRÜBAŞI;NİĞDE SOKAK;sokak;357454
NİĞDE;ÇİFTLİK;KİTRELİ - KÖPRÜBAŞI;SÖĞÜTLÜ SOKAK;sokak;33938
NİĞDE;ÇİFTLİK;KİTRELİ - KÖPRÜBAŞI;UZUNLU SOKAK;sokak;33939
NİĞDE;ÇİFTLİK;KİTRELİ - ULUCAMİ;ABDULLAH ŞENER SOKAK;sokak;33943
NİĞDE;ÇİFTLİK;KİTRELİ - ULUCAMİ;ABDULLAH ŞENER/1 SOKAK;sokak;102440280
NİĞDE;ÇİFTLİK;KİTRELİ - ULUCAMİ;ABDULLAH ŞENER/2 SOKAK;sokak;949234550
NİĞDE;ÇİFTLİK;KİTRELİ - ULUCAMİ;AKSARAY SOKAK;sokak;479746
NİĞDE;ÇİFTLİK;KİTRELİ - ULUCAMİ;AVCILAR SOKAK;sokak;33941
NİĞDE;ÇİFTLİK;KİTRELİ - ULUCAMİ;AYHANLAR SOKAK;sokak;369844
NİĞDE;ÇİFTLİK;KİTRELİ - ULUCAMİ;BAYHAN SOKAK;sokak;33942
NİĞDE;ÇİFTLİK;KİTRELİ - ULUCAMİ;CUMHURİYET SOKAK;sokak;33940
NİĞDE;ÇİFTLİK;KİTRELİ - ULUCAMİ;DEĞİRMENLER SOKAK;sokak;369845
NİĞDE;ÇİFTLİK;KİTRELİ - ULUCAMİ;DEĞİRMENLER/1 SOKAK;sokak;229893881
NİĞDE;ÇİFTLİK;KİTRELİ - ULUCAMİ;DEMİRCİLER SOKAK;sokak;348018
NİĞDE;ÇİFTLİK;KİTRELİ - ULUCAMİ;ERDOĞDU SOKAK;sokak;33944
NİĞDE;ÇİFTLİK;KİTRELİ - ULUCAMİ;ERKOL SOKAK;sokak;33945
NİĞDE;ÇİFTLİK;KİTRELİ - ULUCAMİ;FATİH SOKAK;sokak;33946
NİĞDE;ÇİFTLİK;KİTRELİ - ULUCAMİ;FETHİ BAŞATA SOKAK;sokak;369846
NİĞDE;ÇİFTLİK;KİTRELİ - ULUCAMİ;GÖKÇETEPE SOKAK;sokak;33947
NİĞDE;ÇİFTLİK;KİTRELİ - ULUCAMİ;KERDİ SOKAK;sokak;33948
NİĞDE;ÇİFTLİK;KİTRELİ - ULUCAMİ;KOZANOĞLU SOKAK;sokak;913554
NİĞDE;ÇİFTLİK;KİTRELİ - ULUCAMİ;NİĞDE SOKAK;sokak;777539450
NİĞDE;ÇİFTLİK;KİTRELİ - ULUCAMİ;TEPE SOKAK;sokak;33949
NİĞDE;ÇİFTLİK;KİTRELİ - ULUCAMİ;TEPE1 SOKAK;sokak;401124500
NİĞDE;ÇİFTLİK;KİTRELİ - ULUCAMİ;TEPE2 SOKAK;sokak;884931840
NİĞDE;ÇİFTLİK;KİTRELİ - ULUCAMİ;TEPEYRAN SOKAK;sokak;366577
NİĞDE;ÇİFTLİK;KİTRELİ - ULUCAMİ;TUZLA SOKAK;sokak;264356021
NİĞDE;ÇİFTLİK;KİTRELİ - ULUCAMİ;YAMAÇ SOKAK;sokak;33950
NİĞDE;ÇİFTLİK;KİTRELİ - ULUCAMİ;YASA SOKAK;sokak;354989
NİĞDE;ÇİFTLİK;KİTRELİ - YENİ;ATATÜRK SOKAK;sokak;348019
NİĞDE;ÇİFTLİK;KİTRELİ - YENİ;ATATÜRK/2 SOKAK;sokak;592176530
NİĞDE;ÇİFTLİK;KİTRELİ - YENİ;AYHANLAR SOKAK;sokak;366578
NİĞDE;ÇİFTLİK;KİTRELİ - YENİ;BAHÇELİEVLER SOKAK;sokak;255858521
NİĞDE;ÇİFTLİK;KİTRELİ - YENİ;CANDAN SOKAK;sokak;480320
NİĞDE;ÇİFTLİK;KİTRELİ - YENİ;DEĞİRMENLER SOKAK;sokak;33953
NİĞDE;ÇİFTLİK;KİTRELİ - YENİ;DEĞİRMENLER/1 SOKAK;sokak;229893880
NİĞDE;ÇİFTLİK;KİTRELİ - YENİ;DERE SOKAK;sokak;355670
NİĞDE;ÇİFTLİK;KİTRELİ - YENİ;ERGÜN SOKAK;sokak;366579
NİĞDE;ÇİFTLİK;KİTRELİ - YENİ;FATİH SOKAK;sokak;33954
NİĞDE;ÇİFTLİK;KİTRELİ - YENİ;KARLI SOKAK;sokak;33955
NİĞDE;ÇİFTLİK;KİTRELİ - YENİ;KARLI/1 SOKAK;sokak;253525680
NİĞDE;ÇİFTLİK;KİTRELİ - YENİ;KERDİ SOKAK;sokak;33956
NİĞDE;ÇİFTLİK;KİTRELİ - YENİ;TUZLA SOKAK;sokak;355674
NİĞDE;ÇİFTLİK;KİTRELİ - YENİ;UFUK SOKAK;sokak;366580
NİĞDE;ÇİFTLİK;KULA - BAHÇE;BAHÇE KÜME EVLER;sokak;348262
NİĞDE;ÇİFTLİK;KULA - BAHÇE;BEKİROĞLU KÜME EVLER;sokak;282152750
NİĞDE;ÇİFTLİK;KULA - BEKİROĞLU;BEKİROĞLU KÜME EVLER;sokak;347667
NİĞDE;ÇİFTLİK;KULA - BEKİROĞLU;MEZARALTI KÜME EVLER;sokak;764032031
NİĞDE;ÇİFTLİK;KULA - KÖYALTI;BAHÇE KÜME EVLER;sokak;995834290
NİĞDE;ÇİFTLİK;KULA - KÖYALTI;KÖYALTI KÜME EVLER;sokak;477628
NİĞDE;ÇİFTLİK;KULA - MEZARALTI;AŞAĞI KÜME EVLER;sokak;275050070
NİĞDE;ÇİFTLİK;KULA - MEZARALTI;MEZARALTI KÜME EVLER;sokak;579690
NİĞDE;ÇİFTLİK;KULA - YUKARI MEVKİ;BEKİROĞLU KÜME EVLER;sokak;648202770
NİĞDE;ÇİFTLİK;KULA - YUKARI MEVKİ;YUKARI MEVKİ KÜME EVLER;sokak;488967
NİĞDE;ÇİFTLİK;MAHMUTLU NA;MAHMUTLU KÜME EVLER;sokak;480637
NİĞDE;ÇİFTLİK;MURTAZAKÖY NA;MURTAZAKÖY KÜME EVLER;sokak;475516
NİĞDE;ÇİFTLİK;MURTAZAKÖY NA;NIĞDE ÇIFTLIK YOLU BULVAR;sokak;249758720
NİĞDE;ÇİFTLİK;OVALIBAĞ NA;KÖYÜN KENDİSİ KÜME EVLER;sokak;475134
NİĞDE;ÇİFTLİK;SULTANPINARI NA;SULTANPINARI KÜME EVLER;sokak;480995
NİĞDE;ÇİFTLİK;ŞEYHLER - AŞAĞI MEVKİ;AŞAĞI KÜME EVLER;sokak;89418
NİĞDE;ÇİFTLİK;ŞEYHLER - ÇAKIL İÇİ MEVKİ;ÇAKIL İÇİ KÜME EVLER;sokak;371991
NİĞDE;ÇİFTLİK;ŞEYHLER - YENİ MEVKİ;YENİ KÜME EVLER;sokak;348028
NİĞDE;ÇİFTLİK;ŞEYHLER - YUKARI MEVKİ;YUKARI KÜME EVLER;sokak;473089
NİĞDE;ÇİFTLİK;YENİ;101. SOKAK;sokak;85049
NİĞDE;ÇİFTLİK;YENİ;ALPARSLAN TÜRKEŞ CADDE;cadde;32260
NİĞDE;ÇİFTLİK;YENİ;ARİF YERİ SOKAK;sokak;276167
NİĞDE;ÇİFTLİK;YENİ;ATATÜRK CADDE;cadde;32259
NİĞDE;ÇİFTLİK;YENİ;AYRI EVLER SOKAK;sokak;369818
NİĞDE;ÇİFTLİK;YENİ;AZATLI YOLU SOKAK;sokak;85052
NİĞDE;ÇİFTLİK;YENİ;BAHÇE SOKAK;sokak;276154
NİĞDE;ÇİFTLİK;YENİ;ÇAKILCIK SOKAK;sokak;276159
NİĞDE;ÇİFTLİK;YENİ;DABAN SOKAK;sokak;358805
NİĞDE;ÇİFTLİK;YENİ;DEMİRCİ ARGI SOKAK;sokak;960918300
NİĞDE;ÇİFTLİK;YENİ;ESEN SOKAK;sokak;276156
NİĞDE;ÇİFTLİK;YENİ;HARIM SOKAK;sokak;276155
NİĞDE;ÇİFTLİK;YENİ;IRMAK SOKAK;sokak;276161
NİĞDE;ÇİFTLİK;YENİ;İNÖNÜ CADDE;cadde;32263
NİĞDE;ÇİFTLİK;YENİ;KAYRAN SOKAK;sokak;85050
NİĞDE;ÇİFTLİK;YENİ;KORU SOKAK;sokak;85051
NİĞDE;ÇİFTLİK;YENİ;MEHMET AKİF ERSOY CADDE;cadde;32261
NİĞDE;ÇİFTLİK;YENİ;NİĞDE CADDE;cadde;369819
NİĞDE;ÇİFTLİK;YENİ;PARK SOKAK;sokak;115842
NİĞDE;ÇİFTLİK;YENİ;RAMAT ALTI KÜME EVLER;sokak;32262
NİĞDE;ÇİFTLİK;YENİ;RAMAT SOKAK;sokak;276166
NİĞDE;ÇİFTLİK;YENİ;RAMAT/25 SOKAK;sokak;529919570
NİĞDE;ÇİFTLİK;YENİ;RAŞIT TEKIN SOKAK;sokak;85044
NİĞDE;ÇİFTLİK;YENİ;TELEKOM SOKAK;sokak;85054
NİĞDE;ÇİFTLİK;YENİ;YUKARI KAYRAN SOKAK;sokak;276164
NİĞDE;MERKEZ;AĞCAŞAR NA;AĞCAŞAR KÜME EVLER;sokak;477757
NİĞDE;MERKEZ;AĞCAŞAR NA;NEVŞEHIR NIĞDE YOLU BULVAR;sokak;156088620
NİĞDE;MERKEZ;AKTAŞ - CUMHURİYET;BELEDİYE ARKASI SOKAK;sokak;402856
NİĞDE;MERKEZ;AKTAŞ - CUMHURİYET;BELEDİYE CADDE;cadde;338563
NİĞDE;MERKEZ;AKTAŞ - CUMHURİYET;BELEDİYE/1 SOKAK;sokak;200978120
NİĞDE;MERKEZ;AKTAŞ - CUMHURİYET;BELEDİYE/3 SOKAK;sokak;319310740
NİĞDE;MERKEZ;AKTAŞ - CUMHURİYET;BELEDİYE/6 SOKAK;sokak;166885090
NİĞDE;MERKEZ;AKTAŞ - CUMHURİYET;BELEDİYE/7 SOKAK;sokak;923695940
NİĞDE;MERKEZ;AKTAŞ - CUMHURİYET;GÜL SOKAK;sokak;402867
NİĞDE;MERKEZ;AKTAŞ - CUMHURİYET;KAYA CADDE;cadde;402868
NİĞDE;MERKEZ;AKTAŞ - CUMHURİYET;KAYA/1 SOKAK;sokak;202586460
NİĞDE;MERKEZ;AKTAŞ - CUMHURİYET;KAYA/2 SOKAK;sokak;986099510
NİĞDE;MERKEZ;AKTAŞ - CUMHURİYET;KAYA/3 SOKAK;sokak;127395530
NİĞDE;MERKEZ;AKTAŞ - CUMHURİYET;KAYA/4 SOKAK;sokak;158138190
NİĞDE;MERKEZ;AKTAŞ - CUMHURİYET;MANOLYA SOKAK;sokak;402852
NİĞDE;MERKEZ;AKTAŞ - CUMHURİYET;PAPATYA SOKAK;sokak;402851
NİĞDE;MERKEZ;AKTAŞ - CUMHURİYET;PAPATYA/1 SOKAK;sokak;497702090
NİĞDE;MERKEZ;AKTAŞ - CUMHURİYET;PAPATYA/2 SOKAK;sokak;678464360
NİĞDE;MERKEZ;AKTAŞ - CUMHURİYET;SAĞLIK OCAĞI CADDE;cadde;477120
NİĞDE;MERKEZ;AKTAŞ - CUMHURİYET;SAĞLIK OCAĞI/1 SOKAK;sokak;715469230
NİĞDE;MERKEZ;AKTAŞ - CUMHURİYET;SAĞLIK OCAĞI/2 SOKAK;sokak;863533720
NİĞDE;MERKEZ;AKTAŞ - CUMHURİYET;SAĞLIK OCAĞI/3 SOKAK;sokak;130883490
NİĞDE;MERKEZ;AKTAŞ - CUMHURİYET;SAĞLIK OCAĞI/4 SOKAK;sokak;969746700
NİĞDE;MERKEZ;AKTAŞ - CUMHURİYET;SAĞLIK OCAĞI/5 SOKAK;sokak;414976940
NİĞDE;MERKEZ;AKTAŞ - CUMHURİYET;SÜMBÜL SOKAK;sokak;402866
NİĞDE;MERKEZ;AKTAŞ - CUMHURİYET;SÜMBÜL/1 SOKAK;sokak;465824170
NİĞDE;MERKEZ;AKTAŞ - CUMHURİYET;SÜMBÜL/2 SOKAK;sokak;938161890
NİĞDE;MERKEZ;AKTAŞ - CUMHURİYET;SÜMBÜL/3 SOKAK;sokak;166243550
NİĞDE;MERKEZ;AKTAŞ - CUMHURİYET;SÜMBÜL/4 SOKAK;sokak;129356640
NİĞDE;MERKEZ;AKTAŞ - CUMHURİYET;ŞEHİT ZEKAİ ÇAMUR CADDE;cadde;402850
NİĞDE;MERKEZ;AKTAŞ - CUMHURİYET;ŞEHİT ZEKAİ ÇAMUR/1 SOKAK;sokak;354809530
NİĞDE;MERKEZ;AKTAŞ - CUMHURİYET;ŞEHİT ZEKAİ ÇAMUR/2 SOKAK;sokak;362677140
NİĞDE;MERKEZ;AKTAŞ - CUMHURİYET;YOKUŞ SOKAK;sokak;402865
NİĞDE;MERKEZ;AKTAŞ - DEVLET;1. NOLU SOKAK;sokak;476276
NİĞDE;MERKEZ;AKTAŞ - DEVLET;2. NOLU SOKAK;sokak;476277
NİĞDE;MERKEZ;AKTAŞ - DEVLET;3. NOLU SOKAK;sokak;476884
NİĞDE;MERKEZ;AKTAŞ - DEVLET;3.NOLU/1 SOKAK;sokak;441626000
NİĞDE;MERKEZ;AKTAŞ - DEVLET;3.NOLU/2 SOKAK;sokak;312238860
NİĞDE;MERKEZ;AKTAŞ - DEVLET;4.NOLU SOKAK;sokak;110171
NİĞDE;MERKEZ;AKTAŞ - DEVLET;5. NOLU SUSAM SOKAK;sokak;476279
NİĞDE;MERKEZ;AKTAŞ - DEVLET;5. NOLU SUSAM/1 SOKAK;sokak;531324030
NİĞDE;MERKEZ;AKTAŞ - DEVLET;6. NOLU SOKAK;sokak;476280
NİĞDE;MERKEZ;AKTAŞ - DEVLET;7. NOLU SOKAK;sokak;476887
NİĞDE;MERKEZ;AKTAŞ - DEVLET;7. NOLU/1 SOKAK;sokak;764023530
NİĞDE;MERKEZ;AKTAŞ - DEVLET;8. NOLU KÜME EVLER;sokak;476888
NİĞDE;MERKEZ;AKTAŞ - DEVLET;ATLI SOKAK;sokak;832214811
NİĞDE;MERKEZ;AKTAŞ - DEVLET;BELEDİYE CADDE;cadde;477118
NİĞDE;MERKEZ;AKTAŞ - DEVLET;BELEDİYE KARŞISI SOKAK;sokak;476284
NİĞDE;MERKEZ;AKTAŞ - DEVLET;BELEDİYE/2 SOKAK;sokak;228394350
NİĞDE;MERKEZ;AKTAŞ - DEVLET;BELEDİYE/3 SOKAK;sokak;762027870
NİĞDE;MERKEZ;AKTAŞ - DEVLET;BELEDİYE/5 SOKAK;sokak;798428520
NİĞDE;MERKEZ;AKTAŞ - DEVLET;EGE SOKAK;sokak;554809821
NİĞDE;MERKEZ;AKTAŞ - DEVLET;ESEN SOKAK;sokak;576955871
NİĞDE;MERKEZ;AKTAŞ - DEVLET;EYLÜL SOKAK;sokak;852602221
NİĞDE;MERKEZ;AKTAŞ - DEVLET;FARABİ SOKAK;sokak;790824831
NİĞDE;MERKEZ;AKTAŞ - DEVLET;FATİH SULTAN MEHMET SOKAK;sokak;490015971
NİĞDE;MERKEZ;AKTAŞ - DEVLET;GÖKTÜRK SOKAK;sokak;831444771
NİĞDE;MERKEZ;AKTAŞ - DEVLET;KANUNİ SULTAN SÜLEYMAN SOKAK;sokak;251064361
NİĞDE;MERKEZ;AKTAŞ - DEVLET;KILIÇOĞLU SOKAK;sokak;686378671
NİĞDE;MERKEZ;AKTAŞ - DEVLET;KÖSEDAĞ SOKAK;sokak;896390741
NİĞDE;MERKEZ;AKTAŞ - DEVLET;MALAZGİRT SOKAK;sokak;557900181
NİĞDE;MERKEZ;AKTAŞ - DEVLET;MERCAN SOKAK;sokak;815639591
NİĞDE;MERKEZ;AKTAŞ - DEVLET;MEZARLIK SOKAK;sokak;476281
NİĞDE;MERKEZ;AKTAŞ - DEVLET;MEZARLIK/1 SOKAK;sokak;552747570
NİĞDE;MERKEZ;AKTAŞ - DEVLET;MİMAR SİNAN SOKAK;sokak;588923571
NİĞDE;MERKEZ;AKTAŞ - DEVLET;OKUL SOKAK;sokak;476878
NİĞDE;MERKEZ;AKTAŞ - DEVLET;PASİNLER SOKAK;sokak;247162431
NİĞDE;MERKEZ;AKTAŞ - DEVLET;PİRİ REİS SOKAK;sokak;632793271
NİĞDE;MERKEZ;AKTAŞ - DEVLET;PLEVNE SOKAK;sokak;385683821
NİĞDE;MERKEZ;AKTAŞ - DEVLET;SANAYİ CADDE;cadde;1496145
NİĞDE;MERKEZ;AKTAŞ - DEVLET;ŞEHİT YÜKSEL KABACA CADDE;cadde;475530
NİĞDE;MERKEZ;AKTAŞ - DEVLET;ŞEHİT YÜKSEL KABACA/1 SOKAK;sokak;188619970
NİĞDE;MERKEZ;AKTAŞ - DEVLET;ŞEHİT YÜKSEL KABACA/2 SOKAK;sokak;718948690
NİĞDE;MERKEZ;AKTAŞ - DEVLET;ŞEHİT YÜKSEL KABACA/3 SOKAK;sokak;664913330
NİĞDE;MERKEZ;AKTAŞ - DEVLET;ŞEHİT YÜKSEL KABACA/4 SOKAK;sokak;179731320
NİĞDE;MERKEZ;AKTAŞ - DEVLET;ŞEYH EDEBALİ SOKAK;sokak;852596531
NİĞDE;MERKEZ;AKTAŞ - DEVLET;UMAY SOKAK;sokak;662577831
NİĞDE;MERKEZ;AKTAŞ - DEVLET;YAVUZ SULTAN SELİM SOKAK;sokak;753761451
NİĞDE;MERKEZ;AKTAŞ - DEVLET;YİĞİT SOKAK;sokak;794046791
NİĞDE;MERKEZ;AKTAŞ - DEVLET;YUNUS EMRE SOKAK;sokak;832145101
NİĞDE;MERKEZ;AKTAŞ - YENİ;AMAS CADDE;cadde;490829
NİĞDE;MERKEZ;AKTAŞ - YENİ;AMAS/1 SOKAK;sokak;267999730
NİĞDE;MERKEZ;AKTAŞ - YENİ;AMAS/2 SOKAK;sokak;226120300
NİĞDE;MERKEZ;AKTAŞ - YENİ;AMAS/3 SOKAK;sokak;165019260
NİĞDE;MERKEZ;AKTAŞ - YENİ;AMAS/4 SOKAK;sokak;174049630
NİĞDE;MERKEZ;AKTAŞ - YENİ;BAĞLAR CADDE;cadde;492932
NİĞDE;MERKEZ;AKTAŞ - YENİ;BAĞLAR/1 SOKAK;sokak;162542291
NİĞDE;MERKEZ;AKTAŞ - YENİ;BAĞLAR/10 SOKAK;sokak;141128090
NİĞDE;MERKEZ;AKTAŞ - YENİ;BAĞLAR/11 SOKAK;sokak;400902840
NİĞDE;MERKEZ;AKTAŞ - YENİ;BAĞLAR/12 SOKAK;sokak;234454480
NİĞDE;MERKEZ;AKTAŞ - YENİ;BAĞLAR/2 SOKAK;sokak;207661760
NİĞDE;MERKEZ;AKTAŞ - YENİ;BAĞLAR/3 SOKAK;sokak;696996010
NİĞDE;MERKEZ;AKTAŞ - YENİ;BAĞLAR/4 SOKAK;sokak;820919920
NİĞDE;MERKEZ;AKTAŞ - YENİ;BAĞLAR/5 SOKAK;sokak;226659390
NİĞDE;MERKEZ;AKTAŞ - YENİ;BAĞLAR/6 SOKAK;sokak;125220900
NİĞDE;MERKEZ;AKTAŞ - YENİ;BAĞLAR/7 SOKAK;sokak;534491380
NİĞDE;MERKEZ;AKTAŞ - YENİ;BAĞLAR/8 SOKAK;sokak;130563530
NİĞDE;MERKEZ;AKTAŞ - YENİ;BAĞLAR/9 SOKAK;sokak;175564650
NİĞDE;MERKEZ;AKTAŞ - YENİ;BEKÇİ TEPESİ SOKAK;sokak;594880150
NİĞDE;MERKEZ;AKTAŞ - YENİ;BEKÇİ TEPESİ- SOKAK;sokak;491530
NİĞDE;MERKEZ;AKTAŞ - YENİ;BELEDİYE CADDE;cadde;428141860
NİĞDE;MERKEZ;AKTAŞ - YENİ;BELEDİYE/3 SOKAK;sokak;845706470
NİĞDE;MERKEZ;AKTAŞ - YENİ;BELEDİYE/4 SOKAK;sokak;268524670
NİĞDE;MERKEZ;AKTAŞ - YENİ;CUMHURİYET/3 SOKAK;sokak;938491311
NİĞDE;MERKEZ;AKTAŞ - YENİ;KASABA CADDE;cadde;492936
NİĞDE;MERKEZ;AKTAŞ - YENİ;KASABA/1 SOKAK;sokak;958560500
NİĞDE;MERKEZ;AKTAŞ - YENİ;KASABA/2 SOKAK;sokak;138105360
NİĞDE;MERKEZ;AKTAŞ - YENİ;KASABA/3 SOKAK;sokak;614671710
NİĞDE;MERKEZ;AKTAŞ - YENİ;KAYSERİ CADDE;cadde;492930
NİĞDE;MERKEZ;AKTAŞ - YENİ;KAYSERİ/1 SOKAK;sokak;105127620
NİĞDE;MERKEZ;AKTAŞ - YENİ;KAYSERİ/10 SOKAK;sokak;188111580
NİĞDE;MERKEZ;AKTAŞ - YENİ;KAYSERİ/11 SOKAK;sokak;155756160
NİĞDE;MERKEZ;AKTAŞ - YENİ;KAYSERİ/2 SOKAK;sokak;260978730
NİĞDE;MERKEZ;AKTAŞ - YENİ;KAYSERİ/3 SOKAK;sokak;303045700
NİĞDE;MERKEZ;AKTAŞ - YENİ;KAYSERİ/5 SOKAK;sokak;360054860
NİĞDE;MERKEZ;AKTAŞ - YENİ;KAYSERİ/6 SOKAK;sokak;956085760
NİĞDE;MERKEZ;AKTAŞ - YENİ;KAYSERİ/7 SOKAK;sokak;105446660
NİĞDE;MERKEZ;AKTAŞ - YENİ;KAYSERİ/8 SOKAK;sokak;238649370
NİĞDE;MERKEZ;AKTAŞ - YENİ;KAYSERİ/9 SOKAK;sokak;593253990
NİĞDE;MERKEZ;AKTAŞ - YENİ;KÖPRÜ YOLU SOKAK;sokak;491531
NİĞDE;MERKEZ;AKTAŞ - YENİ;KÖPRÜ YOLU/1 SOKAK;sokak;172079780
NİĞDE;MERKEZ;AKTAŞ - YENİ;KÖPRÜ YOLU/2 SOKAK;sokak;302668110
NİĞDE;MERKEZ;AKTAŞ - YENİ;KÖPRÜ YOLU/3 SOKAK;sokak;988532940
NİĞDE;MERKEZ;AKTAŞ - YENİ;KÖPRÜ YOLU/4 SOKAK;sokak;719616760
NİĞDE;MERKEZ;AKTAŞ - YENİ;NIĞDE GÜNEY OTOYOLU BULVAR;sokak;146397930
NİĞDE;MERKEZ;AKTAŞ - YENİ;NIĞDE GÜNEY OTOYOLU/2 SOKAK;sokak;428319740
NİĞDE;MERKEZ;AKTAŞ - YENİ;NIĞDE GÜNEY OTOYOLU/3 SOKAK;sokak;986584380
NİĞDE;MERKEZ;AKTAŞ - YENİ;NİĞDE GÜNEY OTOYOLU/1 SOKAK;sokak;682976880
NİĞDE;MERKEZ;AKTAŞ - YENİ;ÖZYOLU SOKAK;sokak;490830
NİĞDE;MERKEZ;AKTAŞ - YENİ;ÖZYOLU/1 SOKAK;sokak;188367180
NİĞDE;MERKEZ;AKTAŞ - YENİ;ÖZYOLU/2 SOKAK;sokak;314081720
NİĞDE;MERKEZ;AKTAŞ - YENİ;ÖZYOLU/3 SOKAK;sokak;962588270
NİĞDE;MERKEZ;AKTAŞ - YENİ;ÖZYOLU/4 SOKAK;sokak;758907980
NİĞDE;MERKEZ;AKTAŞ - YENİ;ÖZYOLU/5 SOKAK;sokak;445127540
NİĞDE;MERKEZ;AKTAŞ - YENİ;ÖZYOLU/6 SOKAK;sokak;125915090
NİĞDE;MERKEZ;AKTAŞ - YENİ;ÖZYOLU/7 SOKAK;sokak;772081060
NİĞDE;MERKEZ;AKTAŞ - YENİ;SANAYİ CADDE;cadde;309235020
NİĞDE;MERKEZ;ALAY - CUMHURİYET;2001 SOKAK;sokak;713188280
NİĞDE;MERKEZ;ALAY - CUMHURİYET;2002 SOKAK;sokak;267595060
NİĞDE;MERKEZ;ALAY - CUMHURİYET;2003 SOKAK;sokak;247482870
NİĞDE;MERKEZ;ALAY - CUMHURİYET;2004 SOKAK;sokak;118359070
NİĞDE;MERKEZ;ALAY - CUMHURİYET;2005 SOKAK;sokak;288097470
NİĞDE;MERKEZ;ALAY - CUMHURİYET;2006 SOKAK;sokak;656363180
NİĞDE;MERKEZ;ALAY - CUMHURİYET;2007 SOKAK;sokak;339722170
NİĞDE;MERKEZ;ALAY - CUMHURİYET;2008 SOKAK;sokak;423933060
NİĞDE;MERKEZ;ALAY - CUMHURİYET;2009 SOKAK;sokak;726462500
NİĞDE;MERKEZ;ALAY - CUMHURİYET;2010 SOKAK;sokak;230688850
NİĞDE;MERKEZ;ALAY - CUMHURİYET;2011 SOKAK;sokak;709382120
NİĞDE;MERKEZ;ALAY - CUMHURİYET;2012 SOKAK;sokak;539049420
NİĞDE;MERKEZ;ALAY - CUMHURİYET;2013 SOKAK;sokak;588417010
NİĞDE;MERKEZ;ALAY - CUMHURİYET;2014 SOKAK;sokak;191244030
NİĞDE;MERKEZ;ALAY - CUMHURİYET;2015 SOKAK;sokak;926614040
NİĞDE;MERKEZ;ALAY - CUMHURİYET;2016 SOKAK;sokak;842757830
NİĞDE;MERKEZ;ALAY - CUMHURİYET;2017 SOKAK;sokak;734290601
NİĞDE;MERKEZ;ALAY - CUMHURİYET;2018 SOKAK;sokak;845732601
NİĞDE;MERKEZ;ALAY - CUMHURİYET;2019 SOKAK;sokak;225910771
NİĞDE;MERKEZ;ALAY - CUMHURİYET;2020 SOKAK;sokak;150525171
NİĞDE;MERKEZ;ALAY - CUMHURİYET;2021 SOKAK;sokak;687424511
NİĞDE;MERKEZ;ALAY - CUMHURİYET;2022 SOKAK;sokak;190642031
NİĞDE;MERKEZ;ALAY - CUMHURİYET;2023 SOKAK;sokak;822189181
NİĞDE;MERKEZ;ALAY - CUMHURİYET;2024 SOKAK;sokak;917877961
NİĞDE;MERKEZ;ALAY - CUMHURİYET;2025 SOKAK;sokak;292208451
NİĞDE;MERKEZ;ALAY - CUMHURİYET;2026 SOKAK;sokak;167819161
NİĞDE;MERKEZ;ALAY - CUMHURİYET;2027 SOKAK;sokak;846351761
NİĞDE;MERKEZ;ALAY - CUMHURİYET;2028 SOKAK;sokak;213904891
NİĞDE;MERKEZ;ALAY - CUMHURİYET;2029 SOKAK;sokak;250918441
NİĞDE;MERKEZ;ALAY - CUMHURİYET;2030 SOKAK;sokak;493405401
NİĞDE;MERKEZ;ALAY - CUMHURİYET;2031 SOKAK;sokak;438647271
NİĞDE;MERKEZ;ALAY - CUMHURİYET;2032 SOKAK;sokak;899677561
NİĞDE;MERKEZ;ALAY - CUMHURİYET;2033 SOKAK;sokak;686988281
NİĞDE;MERKEZ;ALAY - CUMHURİYET;2034 SOKAK;sokak;366974801
NİĞDE;MERKEZ;ALAY - CUMHURİYET;2035 SOKAK;sokak;494052691
NİĞDE;MERKEZ;ALAY - CUMHURİYET;2036 SOKAK;sokak;551476981
NİĞDE;MERKEZ;ALAY - CUMHURİYET;2037 SOKAK;sokak;342769071
NİĞDE;MERKEZ;ALAY - CUMHURİYET;2038 SOKAK;sokak;709574511
NİĞDE;MERKEZ;ALAY - CUMHURİYET;2039 SOKAK;sokak;456577311
NİĞDE;MERKEZ;ALAY - CUMHURİYET;2040 SOKAK;sokak;194302891
NİĞDE;MERKEZ;ALAY - CUMHURİYET;2041 SOKAK;sokak;241583211
NİĞDE;MERKEZ;ALAY - CUMHURİYET;2042 SOKAK;sokak;390504631
NİĞDE;MERKEZ;ALAY - CUMHURİYET;2043 SOKAK;sokak;780540611
NİĞDE;MERKEZ;ALAY - CUMHURİYET;ATATÜRK CADDE;cadde;24958
NİĞDE;MERKEZ;ALAY - CUMHURİYET;ŞEHİT AHMET ÖZCAN SOKAK;sokak;24964
NİĞDE;MERKEZ;ALAY - CUMHURİYET;TEPECİK SOKAK;sokak;24963
NİĞDE;MERKEZ;ALAY - CUMHURİYET;YALVAÇ CADDE;cadde;24965
NİĞDE;MERKEZ;ALAY - CUMHURİYET;YASSICA SOKAK;sokak;24966
NİĞDE;MERKEZ;ALAY - HÜRRİYET;1001 SOKAK;sokak;508972630
NİĞDE;MERKEZ;ALAY - HÜRRİYET;1002 SOKAK;sokak;290643000
NİĞDE;MERKEZ;ALAY - HÜRRİYET;1003 SOKAK;sokak;39690235
NİĞDE;MERKEZ;ALAY - HÜRRİYET;1004 SOKAK;sokak;309616190
NİĞDE;MERKEZ;ALAY - HÜRRİYET;1005 SOKAK;sokak;305560470
NİĞDE;MERKEZ;ALAY - HÜRRİYET;1006 SOKAK;sokak;647188100
NİĞDE;MERKEZ;ALAY - HÜRRİYET;1007 SOKAK;sokak;950519830
NİĞDE;MERKEZ;ALAY - HÜRRİYET;1008 SOKAK;sokak;704225480
NİĞDE;MERKEZ;ALAY - HÜRRİYET;1009 SOKAK;sokak;722442880
NİĞDE;MERKEZ;ALAY - HÜRRİYET;1010 SOKAK;sokak;420850270
NİĞDE;MERKEZ;ALAY - HÜRRİYET;1011 SOKAK;sokak;886923630
NİĞDE;MERKEZ;ALAY - HÜRRİYET;1012 SOKAK;sokak;184784530
NİĞDE;MERKEZ;ALAY - HÜRRİYET;1013 SOKAK;sokak;818477090
NİĞDE;MERKEZ;ALAY - HÜRRİYET;1014 SOKAK;sokak;342720391
NİĞDE;MERKEZ;ALAY - HÜRRİYET;1015 SOKAK;sokak;184596281
NİĞDE;MERKEZ;ALAY - HÜRRİYET;1016 SOKAK;sokak;150892381
NİĞDE;MERKEZ;ALAY - HÜRRİYET;1017 SOKAK;sokak;213928731
NİĞDE;MERKEZ;ALAY - HÜRRİYET;1018 SOKAK;sokak;551919851
NİĞDE;MERKEZ;ALAY - HÜRRİYET;1019 SOKAK;sokak;115492351
NİĞDE;MERKEZ;ALAY - HÜRRİYET;1020 SOKAK;sokak;551444301
NİĞDE;MERKEZ;ALAY - HÜRRİYET;1021 SOKAK;sokak;502531111
NİĞDE;MERKEZ;ALAY - HÜRRİYET;1022 SOKAK;sokak;715966051
NİĞDE;MERKEZ;ALAY - HÜRRİYET;1023 SOKAK;sokak;204016181
NİĞDE;MERKEZ;ALAY - HÜRRİYET;1024 SOKAK;sokak;755929071
NİĞDE;MERKEZ;ALAY - HÜRRİYET;1025 SOKAK;sokak;184420611
NİĞDE;MERKEZ;ALAY - HÜRRİYET;1026 SOKAK;sokak;821368881
NİĞDE;MERKEZ;ALAY - HÜRRİYET;1027 SOKAK;sokak;270492461
NİĞDE;MERKEZ;ALAY - HÜRRİYET;1028 SOKAK;sokak;527817621
NİĞDE;MERKEZ;ALAY - HÜRRİYET;1029 SOKAK;sokak;827924661
NİĞDE;MERKEZ;ALAY - HÜRRİYET;1030 SOKAK;sokak;168452811
NİĞDE;MERKEZ;ALAY - HÜRRİYET;1031 SOKAK;sokak;250385221
NİĞDE;MERKEZ;ALAY - HÜRRİYET;1032 SOKAK;sokak;821571811
NİĞDE;MERKEZ;ALAY - HÜRRİYET;1033 SOKAK;sokak;150896001
NİĞDE;MERKEZ;ALAY - HÜRRİYET;1034 SOKAK;sokak;323836481
NİĞDE;MERKEZ;ALAY - HÜRRİYET;1035 SOKAK;sokak;168661391
NİĞDE;MERKEZ;ALAY - HÜRRİYET;ALAY CADDE;cadde;24974
NİĞDE;MERKEZ;ALAY - HÜRRİYET;ATATÜRK CADDE;cadde;956381770
NİĞDE;MERKEZ;ALAY - HÜRRİYET;ÇAY SOKAK;sokak;24973
NİĞDE;MERKEZ;ALAY - HÜRRİYET;GÖLCÜKYOLU SOKAK;sokak;24968
NİĞDE;MERKEZ;ALAY - HÜRRİYET;KANAAT KÜMESİ KÜME EVLER;sokak;499307
NİĞDE;MERKEZ;ALAY - HÜRRİYET;MEZARLIK SOKAK;sokak;24969
NİĞDE;MERKEZ;ALAY - HÜRRİYET;MİLLİYET CADDE;cadde;24970
NİĞDE;MERKEZ;ALAY - HÜRRİYET;ŞEHİT OKTAY ÖNDER SOKAK;sokak;371994
NİĞDE;MERKEZ;ALAY - HÜRRİYET;TIRHAN KÜME EVLER;sokak;477016850
NİĞDE;MERKEZ;ALAY - HÜRRİYET;YALVAÇ CADDE;cadde;24971
NİĞDE;MERKEZ;ALAY - HÜRRİYET;YÜZBAŞI SOKAK;sokak;24972
NİĞDE;MERKEZ;ALAY - MİLLİYET;3001 SOKAK;sokak;824264530
NİĞDE;MERKEZ;ALAY - MİLLİYET;3002 SOKAK;sokak;218401600
NİĞDE;MERKEZ;ALAY - MİLLİYET;3003 SOKAK;sokak;65574956
NİĞDE;MERKEZ;ALAY - MİLLİYET;3004 SOKAK;sokak;876072220
NİĞDE;MERKEZ;ALAY - MİLLİYET;3005 SOKAK;sokak;212704180
NİĞDE;MERKEZ;ALAY - MİLLİYET;3006 SOKAK;sokak;267285350
NİĞDE;MERKEZ;ALAY - MİLLİYET;3007 SOKAK;sokak;866120250
NİĞDE;MERKEZ;ALAY - MİLLİYET;3008 SOKAK;sokak;979006660
NİĞDE;MERKEZ;ALAY - MİLLİYET;3009 SOKAK;sokak;989116390
NİĞDE;MERKEZ;ALAY - MİLLİYET;3010 SOKAK;sokak;975276340
NİĞDE;MERKEZ;ALAY - MİLLİYET;3011 SOKAK;sokak;103235660
NİĞDE;MERKEZ;ALAY - MİLLİYET;3012 SOKAK;sokak;302541711
NİĞDE;MERKEZ;ALAY - MİLLİYET;3013 SOKAK;sokak;426523541
NİĞDE;MERKEZ;ALAY - MİLLİYET;3014 SOKAK;sokak;342393921
NİĞDE;MERKEZ;ALAY - MİLLİYET;3015 SOKAK;sokak;523521351
NİĞDE;MERKEZ;ALAY - MİLLİYET;3016 SOKAK;sokak;408279331
NİĞDE;MERKEZ;ALAY - MİLLİYET;3017 SOKAK;sokak;527239131
NİĞDE;MERKEZ;ALAY - MİLLİYET;3018 SOKAK;sokak;742634681
NİĞDE;MERKEZ;ALAY - MİLLİYET;3019 SOKAK;sokak;790106581
NİĞDE;MERKEZ;ALAY - MİLLİYET;3020 SOKAK;sokak;388725451
NİĞDE;MERKEZ;ALAY - MİLLİYET;3021 SOKAK;sokak;214234541
NİĞDE;MERKEZ;ALAY - MİLLİYET;3022 SOKAK;sokak;517675071
NİĞDE;MERKEZ;ALAY - MİLLİYET;3023 SOKAK;sokak;261795721
NİĞDE;MERKEZ;ALAY - MİLLİYET;3024 SOKAK;sokak;27143452
NİĞDE;MERKEZ;ALAY - MİLLİYET;ATATÜRK CADDE;cadde;1442725
NİĞDE;MERKEZ;ALAY - MİLLİYET;DAĞYOLU SOKAK;sokak;24959
NİĞDE;MERKEZ;ALAY - MİLLİYET;KARABULU SOKAK;sokak;24960
NİĞDE;MERKEZ;ALAY - MİLLİYET;MİLLİYET CADDE;cadde;24962
NİĞDE;MERKEZ;ALAY - MİLLİYET;ŞEHİT ADNAN SAVAŞ SOKAK;sokak;24961
NİĞDE;MERKEZ;ALAY - MİLLİYET;ŞEHİT AYHAN KINACI SOKAK;sokak;24967
NİĞDE;MERKEZ;AŞAĞI KAYABAŞI;75. YIL CADDE;cadde;32728
NİĞDE;MERKEZ;AŞAĞI KAYABAŞI;AKÇAY SOKAK;sokak;368069
NİĞDE;MERKEZ;AŞAĞI KAYABAŞI;AKDAĞ SOKAK;sokak;33365
NİĞDE;MERKEZ;AŞAĞI KAYABAŞI;AKDAĞ1 SOKAK;sokak;805851021
NİĞDE;MERKEZ;AŞAĞI KAYABAŞI;ALACA SOKAK;sokak;33366
NİĞDE;MERKEZ;AŞAĞI KAYABAŞI;ALPARSLAN TÜRKEŞ BULVAR;sokak;353540
NİĞDE;MERKEZ;AŞAĞI KAYABAŞI;ARMAĞAN MESCİT KÜME EVLER;sokak;154490850
NİĞDE;MERKEZ;AŞAĞI KAYABAŞI;ATATÜRK BULVAR;sokak;33370
NİĞDE;MERKEZ;AŞAĞI KAYABAŞI;BAHÇE SOKAK;sokak;199505
NİĞDE;MERKEZ;AŞAĞI KAYABAŞI;BEYZA SOKAK;sokak;688540
NİĞDE;MERKEZ;AŞAĞI KAYABAŞI;BİLGİLİ SOKAK;sokak;32845
NİĞDE;MERKEZ;AŞAĞI KAYABAŞI;CEREN SOKAK;sokak;32734
NİĞDE;MERKEZ;AŞAĞI KAYABAŞI;ÇAĞLAR SOKAK;sokak;368694
NİĞDE;MERKEZ;AŞAĞI KAYABAŞI;ÇAMLICA SOKAK;sokak;32731
NİĞDE;MERKEZ;AŞAĞI KAYABAŞI;ÇATALÇEŞME SOKAK;sokak;32732
NİĞDE;MERKEZ;AŞAĞI KAYABAŞI;DOĞU ÇIKMAZI SOKAK;sokak;359100
NİĞDE;MERKEZ;AŞAĞI KAYABAŞI;DUYGU SOKAK;sokak;32849
NİĞDE;MERKEZ;AŞAĞI KAYABAŞI;FIRAT SOKAK;sokak;227598
NİĞDE;MERKEZ;AŞAĞI KAYABAŞI;FIRAT1 SOKAK;sokak;636709621
NİĞDE;MERKEZ;AŞAĞI KAYABAŞI;FIRAT2 SOKAK;sokak;924065941
NİĞDE;MERKEZ;AŞAĞI KAYABAŞI;GAZETECİ İSMET SAYIN CADDE;cadde;31381
NİĞDE;MERKEZ;AŞAĞI KAYABAŞI;GÖNÜL SOKAK;sokak;31385
NİĞDE;MERKEZ;AŞAĞI KAYABAŞI;GÜNEŞ SOKAK;sokak;31387
NİĞDE;MERKEZ;AŞAĞI KAYABAŞI;GÜVEN SOKAK;sokak;31389
NİĞDE;MERKEZ;AŞAĞI KAYABAŞI;İLKE SOKAK;sokak;879243
NİĞDE;MERKEZ;AŞAĞI KAYABAŞI;İLKE1 SOKAK;sokak;547396281
NİĞDE;MERKEZ;AŞAĞI KAYABAŞI;KAPICIOĞLU 2 SOKAK;sokak;369759361
NİĞDE;MERKEZ;AŞAĞI KAYABAŞI;KAPICIOĞLU SOKAK;sokak;24424
NİĞDE;MERKEZ;AŞAĞI KAYABAŞI;KAPICIOĞLU1 SOKAK;sokak;973502841
NİĞDE;MERKEZ;AŞAĞI KAYABAŞI;KAPICIOĞLU3 SOKAK;sokak;832134471
NİĞDE;MERKEZ;AŞAĞI KAYABAŞI;KARAARK SOKAK;sokak;31392
NİĞDE;MERKEZ;AŞAĞI KAYABAŞI;KILIÇ SOKAK;sokak;31394
NİĞDE;MERKEZ;AŞAĞI KAYABAŞI;LADİN SOKAK;sokak;31397
NİĞDE;MERKEZ;AŞAĞI KAYABAŞI;LADİN1 SOKAK;sokak;674859201
NİĞDE;MERKEZ;AŞAĞI KAYABAŞI;LADİN2 SOKAK;sokak;973561901
NİĞDE;MERKEZ;AŞAĞI KAYABAŞI;LADİN3 SOKAK;sokak;956365851
NİĞDE;MERKEZ;AŞAĞI KAYABAŞI;LADİN4 SOKAK;sokak;351994391
NİĞDE;MERKEZ;AŞAĞI KAYABAŞI;LADİN5 SOKAK;sokak;744453621
NİĞDE;MERKEZ;AŞAĞI KAYABAŞI;NİSA SOKAK;sokak;714982
NİĞDE;MERKEZ;AŞAĞI KAYABAŞI;ONUR SOKAK;sokak;31405
NİĞDE;MERKEZ;AŞAĞI KAYABAŞI;ÖZCANLAR SOKAK;sokak;33067
NİĞDE;MERKEZ;AŞAĞI KAYABAŞI;SARAY SOKAK;sokak;31410
NİĞDE;MERKEZ;AŞAĞI KAYABAŞI;SEÇKİN SOKAK;sokak;368690
NİĞDE;MERKEZ;AŞAĞI KAYABAŞI;SELİN SOKAK;sokak;31413
NİĞDE;MERKEZ;AŞAĞI KAYABAŞI;SELİN1 SOKAK;sokak;654863001
NİĞDE;MERKEZ;AŞAĞI KAYABAŞI;SEYMEN SOKAK;sokak;889086
NİĞDE;MERKEZ;AŞAĞI KAYABAŞI;SOFTA 1 SOKAK;sokak;973691361
NİĞDE;MERKEZ;AŞAĞI KAYABAŞI;SOFTA SOKAK;sokak;754466
NİĞDE;MERKEZ;AŞAĞI KAYABAŞI;TEPEBAĞ SOKAK;sokak;31418
NİĞDE;MERKEZ;AŞAĞI KAYABAŞI;TEPEBAĞLAR TEBERİK SOKAK;sokak;271497
NİĞDE;MERKEZ;AŞAĞI KAYABAŞI;TEPEBAĞLARI AFACANBAŞI SOKAK;sokak;31419
NİĞDE;MERKEZ;AŞAĞI KAYABAŞI;TEPEBAĞLARI ARMAĞAN MELİS SOKAK;sokak;368070
NİĞDE;MERKEZ;AŞAĞI KAYABAŞI;TEPEBAĞLARI ARMAĞAN MESCİT SOKAK;sokak;33369
NİĞDE;MERKEZ;AŞAĞI KAYABAŞI;TEPEBAĞLARI AYDIN SOKAK;sokak;750514
NİĞDE;MERKEZ;AŞAĞI KAYABAŞI;TEPEBAĞLARI CUHADAROĞLU SOKAK;sokak;32846
NİĞDE;MERKEZ;AŞAĞI KAYABAŞI;TEPEBAĞLARI ÇEŞMEBAŞI SOKAK;sokak;33057
NİĞDE;MERKEZ;AŞAĞI KAYABAŞI;TEPEBAĞLARI DEĞİRMENCİ ÇIKMAZI SOKAK;sokak;368072
NİĞDE;MERKEZ;AŞAĞI KAYABAŞI;TEPEBAĞLARI DÖNMEZ ÇIKMAZI SOKAK;sokak;32850
NİĞDE;MERKEZ;AŞAĞI KAYABAŞI;TEPEBAĞLARI FETTAH 1 SOKAK;sokak;743262991
NİĞDE;MERKEZ;AŞAĞI KAYABAŞI;TEPEBAĞLARI FETTAH SOKAK;sokak;31382
NİĞDE;MERKEZ;AŞAĞI KAYABAŞI;TEPEBAĞLARI HELVACI 1 SOKAK;sokak;592264231
NİĞDE;MERKEZ;AŞAĞI KAYABAŞI;TEPEBAĞLARI HELVACI SOKAK;sokak;31390
NİĞDE;MERKEZ;AŞAĞI KAYABAŞI;TEPEBAĞLARI MEYDAN SOKAK;sokak;31401
NİĞDE;MERKEZ;AŞAĞI KAYABAŞI;TEPEBAĞLARI MÜFTÜ SOKAK;sokak;480452
NİĞDE;MERKEZ;AŞAĞI KAYABAŞI;TEPEBAĞLARI TEPE ÇAYIRI ÇIKMAZI SOKAK;sokak;31417
NİĞDE;MERKEZ;AŞAĞI KAYABAŞI;TEPEBAĞLARI TEPEBAŞI SOKAK;sokak;368691
NİĞDE;MERKEZ;AŞAĞI KAYABAŞI;TURAN SOKAK;sokak;32725
NİĞDE;MERKEZ;AŞAĞI KAYABAŞI;VALİ REFİK ASLAN ÖZTÜRK CADDE;cadde;31399
NİĞDE;MERKEZ;AŞAĞI KAYABAŞI;YAĞIZ SOKAK;sokak;688539
NİĞDE;MERKEZ;AŞAĞI KAYABAŞI;YAĞIZ1 SOKAK;sokak;854083911
NİĞDE;MERKEZ;AŞAĞI KAYABAŞI;YAĞIZ2 SOKAK;sokak;205763691
NİĞDE;MERKEZ;AŞAĞI KAYABAŞI;YAĞIZ3 SOKAK;sokak;911867751
NİĞDE;MERKEZ;AŞAĞI KAYABAŞI;YILMAZ SOKAK;sokak;492567
NİĞDE;MERKEZ;AŞAĞI KAYABAŞI;YILMAZ1 SOKAK;sokak;327565871
NİĞDE;MERKEZ;AŞLAMA NA;AŞLAMA KÜME EVLER;sokak;474751
NİĞDE;MERKEZ;BAĞLAMA - CUMHURİYET;AFŞAR SOKAK;sokak;24975
NİĞDE;MERKEZ;BAĞLAMA - CUMHURİYET;ATATÜRK CADDE;cadde;26244
NİĞDE;MERKEZ;BAĞLAMA - CUMHURİYET;BAŞTÜRK SOKAK;sokak;26245
NİĞDE;MERKEZ;BAĞLAMA - CUMHURİYET;BELEDİYE CADDE;cadde;26246
NİĞDE;MERKEZ;BAĞLAMA - CUMHURİYET;BELEDİYE/2 SOKAK;sokak;889789370
NİĞDE;MERKEZ;BAĞLAMA - CUMHURİYET;BELEDİYE/4 SOKAK;sokak;102913340
NİĞDE;MERKEZ;BAĞLAMA - CUMHURİYET;CAMİİ SOKAK;sokak;26247
NİĞDE;MERKEZ;BAĞLAMA - CUMHURİYET;CAMİİ/1 SOKAK;sokak;240481340
NİĞDE;MERKEZ;BAĞLAMA - CUMHURİYET;CUMHURİYET CADDE;cadde;366248
NİĞDE;MERKEZ;BAĞLAMA - CUMHURİYET;CUMHURİYET/1 SOKAK;sokak;175287790
NİĞDE;MERKEZ;BAĞLAMA - CUMHURİYET;HACI ABDULLAH SOKAK;sokak;26248
NİĞDE;MERKEZ;BAĞLAMA - CUMHURİYET;HACI ABDULLAH1 SOKAK;sokak;123394790
NİĞDE;MERKEZ;BAĞLAMA - CUMHURİYET;HASAKÖY SOKAK;sokak;26249
NİĞDE;MERKEZ;BAĞLAMA - CUMHURİYET;HASAKÖY/1 SOKAK;sokak;114160050
NİĞDE;MERKEZ;BAĞLAMA - CUMHURİYET;HASAKÖY/2 SOKAK;sokak;528094720
NİĞDE;MERKEZ;BAĞLAMA - CUMHURİYET;HİLAL SOKAK;sokak;26250
NİĞDE;MERKEZ;BAĞLAMA - CUMHURİYET;ÖZBAY SOKAK;sokak;26251
NİĞDE;MERKEZ;BAĞLAMA - CUMHURİYET;PAŞA CADDE;cadde;323939
NİĞDE;MERKEZ;BAĞLAMA - CUMHURİYET;ŞEHİR SOKAK;sokak;26252
NİĞDE;MERKEZ;BAĞLAMA - CUMHURİYET;ŞEHİR/2 SOKAK;sokak;747613210
NİĞDE;MERKEZ;BAĞLAMA - CUMHURİYET;ŞEHİR/3 SOKAK;sokak;746209070
NİĞDE;MERKEZ;BAĞLAMA - CUMHURİYET;ŞEHİR/4 SOKAK;sokak;603909450
NİĞDE;MERKEZ;BAĞLAMA - CUMHURİYET;YİĞİT SOKAK;sokak;366249
NİĞDE;MERKEZ;BAĞLAMA - HÜRRİYET;ATATÜRK CADDE;cadde;366250
NİĞDE;MERKEZ;BAĞLAMA - HÜRRİYET;ATATÜRK/1 SOKAK;sokak;982089370
NİĞDE;MERKEZ;BAĞLAMA - HÜRRİYET;ATATÜRK/2 SOKAK;sokak;160102820
NİĞDE;MERKEZ;BAĞLAMA - HÜRRİYET;ATATÜRK/3 SOKAK;sokak;119142070
NİĞDE;MERKEZ;BAĞLAMA - HÜRRİYET;ATATÜRK/4 SOKAK;sokak;891343320
NİĞDE;MERKEZ;BAĞLAMA - HÜRRİYET;ATATÜRK/5 SOKAK;sokak;215578300
NİĞDE;MERKEZ;BAĞLAMA - HÜRRİYET;ATATÜRK/6 SOKAK;sokak;103695770
NİĞDE;MERKEZ;BAĞLAMA - HÜRRİYET;ATATÜRK/7 SOKAK;sokak;447700480
NİĞDE;MERKEZ;BAĞLAMA - HÜRRİYET;ATATÜRK/8 SOKAK;sokak;188047080
NİĞDE;MERKEZ;BAĞLAMA - HÜRRİYET;ATATÜRK/9 SOKAK;sokak;599405690
NİĞDE;MERKEZ;BAĞLAMA - HÜRRİYET;BAĞLAMA SOKAK;sokak;647870620
NİĞDE;MERKEZ;BAĞLAMA - HÜRRİYET;CAMİİ SOKAK;sokak;26253
NİĞDE;MERKEZ;BAĞLAMA - HÜRRİYET;CAMİİ/2 SOKAK;sokak;496283400
NİĞDE;MERKEZ;BAĞLAMA - HÜRRİYET;CAMİİ/4 SOKAK;sokak;443797580
NİĞDE;MERKEZ;BAĞLAMA - HÜRRİYET;ÇİFTLİK CADDE;cadde;26260
NİĞDE;MERKEZ;BAĞLAMA - HÜRRİYET;ÇİFTLİK/1 SOKAK;sokak;491579100
NİĞDE;MERKEZ;BAĞLAMA - HÜRRİYET;ÇİFTLİK/3 SOKAK;sokak;550602220
NİĞDE;MERKEZ;BAĞLAMA - HÜRRİYET;ÇİFTLİK/4 SOKAK;sokak;648430550
NİĞDE;MERKEZ;BAĞLAMA - HÜRRİYET;ÇİFTLİK/7 SOKAK;sokak;811491220
NİĞDE;MERKEZ;BAĞLAMA - HÜRRİYET;ÇİFTLİK/8 SOKAK;sokak;597026620
NİĞDE;MERKEZ;BAĞLAMA - HÜRRİYET;GAYREŞ SOKAK;sokak;366251
NİĞDE;MERKEZ;BAĞLAMA - HÜRRİYET;HASAKÖY SOKAK;sokak;26254
NİĞDE;MERKEZ;BAĞLAMA - HÜRRİYET;HASAKÖY/1 SOKAK;sokak;340059750
NİĞDE;MERKEZ;BAĞLAMA - HÜRRİYET;HASAKÖY/20 SOKAK;sokak;396421520
NİĞDE;MERKEZ;BAĞLAMA - HÜRRİYET;HASTANE SOKAK;sokak;26255
NİĞDE;MERKEZ;BAĞLAMA - HÜRRİYET;HASTANE/1 SOKAK;sokak;322796890
NİĞDE;MERKEZ;BAĞLAMA - HÜRRİYET;HASTANE/2 SOKAK;sokak;560470040
NİĞDE;MERKEZ;BAĞLAMA - HÜRRİYET;HASTANE/3 SOKAK;sokak;370884400
NİĞDE;MERKEZ;BAĞLAMA - HÜRRİYET;HÜRRİYET CADDE;cadde;26256
NİĞDE;MERKEZ;BAĞLAMA - HÜRRİYET;KURS SOKAK;sokak;366252
NİĞDE;MERKEZ;BAĞLAMA - HÜRRİYET;LALE SOKAK;sokak;26257
NİĞDE;MERKEZ;BAĞLAMA - HÜRRİYET;LALE/1 SOKAK;sokak;336481890
NİĞDE;MERKEZ;BAĞLAMA - HÜRRİYET;NİĞDE CADDE;cadde;26258
NİĞDE;MERKEZ;BAĞLAMA - HÜRRİYET;OKUL SOKAK;sokak;357273200
NİĞDE;MERKEZ;BAĞLAMA - HÜRRİYET;PARK SOKAK;sokak;366253
NİĞDE;MERKEZ;BAĞLAMA - HÜRRİYET;PARK/1 SOKAK;sokak;428065130
NİĞDE;MERKEZ;BAĞLAMA - HÜRRİYET;PARK/4 SOKAK;sokak;123403290
NİĞDE;MERKEZ;BAĞLAMA - HÜRRİYET;PARK/5 SOKAK;sokak;244656840
NİĞDE;MERKEZ;BAĞLAMA - HÜRRİYET;PARK/6 SOKAK;sokak;133864610
NİĞDE;MERKEZ;BAĞLAMA - HÜRRİYET;PAŞA CADDE;cadde;26259
NİĞDE;MERKEZ;BAĞLAMA - HÜRRİYET;PAŞA/1 SOKAK;sokak;897774520
NİĞDE;MERKEZ;BAĞLAMA - HÜRRİYET;YAŞAR SOKAK;sokak;366254
NİĞDE;MERKEZ;BAĞLAMA - HÜRRİYET;YAŞAR/1 SOKAK;sokak;275396830
NİĞDE;MERKEZ;BAĞLAMA - HÜRRİYET;YAŞAR/2 SOKAK;sokak;175813310
NİĞDE;MERKEZ;BALLI NA;BALLI KÜME EVLER;sokak;480695
NİĞDE;MERKEZ;ÇARIKLI NA;ÇARIKLI KÜME EVLER;sokak;478894
NİĞDE;MERKEZ;ÇARIKLI NA;KAYSERİ YOLU CADDE;cadde;210311250
NİĞDE;MERKEZ;ÇAVDARLI - BAĞLAR;BEŞEVLER SOKAK;sokak;484346
NİĞDE;MERKEZ;ÇAVDARLI - BAĞLAR;BEŞEVLER/1 SOKAK;sokak;105379830
NİĞDE;MERKEZ;ÇAVDARLI - BAĞLAR;ÇAMARDI ASFALTI SOKAK;sokak;265623060
NİĞDE;MERKEZ;ÇAVDARLI - BAĞLAR;DEĞİRMEN SOKAK;sokak;489252
NİĞDE;MERKEZ;ÇAVDARLI - BAĞLAR;DEĞİRMEN/1 SOKAK;sokak;833744470
NİĞDE;MERKEZ;ÇAVDARLI - BAĞLAR;DERE SOKAK;sokak;353008
NİĞDE;MERKEZ;ÇAVDARLI - BAĞLAR;DERE/1 SOKAK;sokak;539052610
NİĞDE;MERKEZ;ÇAVDARLI - BAĞLAR;DERE/2 SOKAK;sokak;264519710
NİĞDE;MERKEZ;ÇAVDARLI - BAĞLAR;DERE/3 SOKAK;sokak;269449590
NİĞDE;MERKEZ;ÇAVDARLI - BAĞLAR;DERE/4 SOKAK;sokak;538798960
NİĞDE;MERKEZ;ÇAVDARLI - BAĞLAR;DERE/5 SOKAK;sokak;619783340
NİĞDE;MERKEZ;ÇAVDARLI - BAĞLAR;GÜNEŞ SOKAK;sokak;353017
NİĞDE;MERKEZ;ÇAVDARLI - BAĞLAR;GÜNEŞ/1 SOKAK;sokak;814356040
NİĞDE;MERKEZ;ÇAVDARLI - BAĞLAR;HAYAT SOKAK;sokak;26486
NİĞDE;MERKEZ;ÇAVDARLI - BAĞLAR;HAYAT/1 SOKAK;sokak;180837090
NİĞDE;MERKEZ;ÇAVDARLI - BAĞLAR;HAYAT/2 SOKAK;sokak;120652070
NİĞDE;MERKEZ;ÇAVDARLI - BAĞLAR;HAYAT/3 SOKAK;sokak;407167060
NİĞDE;MERKEZ;ÇAVDARLI - BAĞLAR;HAYAT/4 SOKAK;sokak;428298790
NİĞDE;MERKEZ;ÇAVDARLI - BAĞLAR;HAYAT/5 SOKAK;sokak;945517280
NİĞDE;MERKEZ;ÇAVDARLI - BAĞLAR;KARAATLIYOLU SOKAK;sokak;371858
NİĞDE;MERKEZ;ÇAVDARLI - BAĞLAR;KARAATLIYOLU/1 SOKAK;sokak;228944970
NİĞDE;MERKEZ;ÇAVDARLI - BAĞLAR;KARAATLIYOLU/10 SOKAK;sokak;495420380
NİĞDE;MERKEZ;ÇAVDARLI - BAĞLAR;KARAATLIYOLU/11 SOKAK;sokak;151633890
NİĞDE;MERKEZ;ÇAVDARLI - BAĞLAR;KARAATLIYOLU/13 SOKAK;sokak;132722240
NİĞDE;MERKEZ;ÇAVDARLI - BAĞLAR;KARAATLIYOLU/14 SOKAK;sokak;662867580
NİĞDE;MERKEZ;ÇAVDARLI - BAĞLAR;KARAATLIYOLU/2 SOKAK;sokak;599390410
NİĞDE;MERKEZ;ÇAVDARLI - BAĞLAR;KARAATLIYOLU/4 SOKAK;sokak;141172380
NİĞDE;MERKEZ;ÇAVDARLI - BAĞLAR;KARAATLIYOLU/7 SOKAK;sokak;265784270
NİĞDE;MERKEZ;ÇAVDARLI - BAĞLAR;KARAATLIYOLU/8 SOKAK;sokak;141276580
NİĞDE;MERKEZ;ÇAVDARLI - BAĞLAR;KARAATLIYOLU/9 SOKAK;sokak;354152490
NİĞDE;MERKEZ;ÇAVDARLI - BAĞLAR;KAYABAŞI SOKAK;sokak;484341
NİĞDE;MERKEZ;ÇAVDARLI - BAĞLAR;KAYAÖNÜ SOKAK;sokak;26487
NİĞDE;MERKEZ;ÇAVDARLI - BAĞLAR;KAYAÖNÜ/1 SOKAK;sokak;326010980
NİĞDE;MERKEZ;ÇAVDARLI - BAĞLAR;KAYAÖNÜ/2 SOKAK;sokak;107255540
NİĞDE;MERKEZ;ÇAVDARLI - BAĞLAR;KAYAÖNÜ/6 SOKAK;sokak;610727650
NİĞDE;MERKEZ;ÇAVDARLI - BAĞLAR;KAYAÖNÜ/7 SOKAK;sokak;206395630
NİĞDE;MERKEZ;ÇAVDARLI - BAĞLAR;KAYSERİ YOLU SOKAK;sokak;354332
NİĞDE;MERKEZ;ÇAVDARLI - BAĞLAR;KAYSERİYOLU/1 SOKAK;sokak;986723971
NİĞDE;MERKEZ;ÇAVDARLI - BAĞLAR;KAYSERİYOLU/10 SOKAK;sokak;273461130
NİĞDE;MERKEZ;ÇAVDARLI - BAĞLAR;KAYSERİYOLU/2 SOKAK;sokak;535583670
NİĞDE;MERKEZ;ÇAVDARLI - BAĞLAR;KAYSERİYOLU/3 SOKAK;sokak;254835790
NİĞDE;MERKEZ;ÇAVDARLI - BAĞLAR;KAYSERİYOLU/4 SOKAK;sokak;419534071
NİĞDE;MERKEZ;ÇAVDARLI - BAĞLAR;KAYSERİYOLU/5 SOKAK;sokak;423856900
NİĞDE;MERKEZ;ÇAVDARLI - BAĞLAR;KAYSERİYOLU/6 SOKAK;sokak;880520550
NİĞDE;MERKEZ;ÇAVDARLI - BAĞLAR;KAYSERİYOLU/7 SOKAK;sokak;512862430
NİĞDE;MERKEZ;ÇAVDARLI - BAĞLAR;KAYSERİYOLU/9 SOKAK;sokak;170781970
NİĞDE;MERKEZ;ÇAVDARLI - BAĞLAR;MEHMET AKİF ERSOY SOKAK;sokak;478468
NİĞDE;MERKEZ;ÇAVDARLI - BAĞLAR;MEHMET AKİF ERSOY/2 SOKAK;sokak;129018720
NİĞDE;MERKEZ;ÇAVDARLI - BAĞLAR;MEHMET AKİF ERSOY/5 SOKAK;sokak;208238451
NİĞDE;MERKEZ;ÇAVDARLI - BAĞLAR;ŞEHİT NURETTİN AYDIN SOKAK;sokak;371859
NİĞDE;MERKEZ;ÇAVDARLI - BAĞLAR;ŞEHİT NURETTİN AYDIN/1 SOKAK;sokak;108374740
NİĞDE;MERKEZ;ÇAVDARLI - BAĞLAR;ŞEHİT NURETTİN AYDIN/2 SOKAK;sokak;610058720
NİĞDE;MERKEZ;ÇAVDARLI - BAĞLAR;TEPE SOKAK;sokak;489253
NİĞDE;MERKEZ;ÇAVDARLI - BAĞLAR;TEPE/1 SOKAK;sokak;644004920
NİĞDE;MERKEZ;ÇAVDARLI - BAĞLAR;TEPE/2 SOKAK;sokak;129274890
NİĞDE;MERKEZ;ÇAVDARLI - BAĞLAR;TEPE/3 SOKAK;sokak;245038640
NİĞDE;MERKEZ;ÇAVDARLI - BAĞLAR;TEPE/5 SOKAK;sokak;542346950
NİĞDE;MERKEZ;ÇAVDARLI - BAĞLAR;TEPE/6 SOKAK;sokak;292104240
NİĞDE;MERKEZ;ÇAVDARLI - BAĞLAR;TEPE/7 SOKAK;sokak;192793220
NİĞDE;MERKEZ;ÇAVDARLI - BAĞLAR;TEPE/8 SOKAK;sokak;112459580
NİĞDE;MERKEZ;ÇAVDARLI - BAĞLAR;UMUT SOKAK;sokak;26488
NİĞDE;MERKEZ;ÇAVDARLI - BAĞLAR;UMUT/1 SOKAK;sokak;120453650
NİĞDE;MERKEZ;ÇAVDARLI - KARŞIYAKA;BAHÇEYOLU SOKAK;sokak;889325
NİĞDE;MERKEZ;ÇAVDARLI - KARŞIYAKA;ÇAMARDI YOLU ALTI KÜME EVLER;sokak;996306340
NİĞDE;MERKEZ;ÇAVDARLI - KARŞIYAKA;ÇAMARDI YOLU BULVAR;sokak;581865520
NİĞDE;MERKEZ;ÇAVDARLI - KARŞIYAKA;DEPO YOLU/4 SOKAK;sokak;638663050
NİĞDE;MERKEZ;ÇAVDARLI - KARŞIYAKA;DEPOLAR YOLU SOKAK;sokak;889321
NİĞDE;MERKEZ;ÇAVDARLI - KARŞIYAKA;HARMANYOLU SOKAK;sokak;486067
NİĞDE;MERKEZ;ÇAVDARLI - KARŞIYAKA;HARMANYOLU/1 SOKAK;sokak;954835250
NİĞDE;MERKEZ;ÇAVDARLI - KARŞIYAKA;HARMANYOLU/3 SOKAK;sokak;184472760
NİĞDE;MERKEZ;ÇAVDARLI - KARŞIYAKA;KARŞIYAKA/1 SOKAK;sokak;153963690
NİĞDE;MERKEZ;ÇAVDARLI - KARŞIYAKA;KURUGÖL SOKAK;sokak;916110
NİĞDE;MERKEZ;ÇAVDARLI - KARŞIYAKA;KURUGÖL/1 SOKAK;sokak;150768540
NİĞDE;MERKEZ;ÇAVDARLI - KARŞIYAKA;KURUGÖL/10 SOKAK;sokak;996618110
NİĞDE;MERKEZ;ÇAVDARLI - KARŞIYAKA;KURUGÖL/11 SOKAK;sokak;914467240
NİĞDE;MERKEZ;ÇAVDARLI - KARŞIYAKA;KURUGÖL/21 SOKAK;sokak;449621320
NİĞDE;MERKEZ;ÇAVDARLI - KARŞIYAKA;KURUGÖL/23 SOKAK;sokak;928933870
NİĞDE;MERKEZ;ÇAVDARLI - KARŞIYAKA;KURUGÖL/24 SOKAK;sokak;334016130
NİĞDE;MERKEZ;ÇAVDARLI - KARŞIYAKA;KURUGÖL/25 SOKAK;sokak;255457400
NİĞDE;MERKEZ;ÇAVDARLI - KARŞIYAKA;KURUGÖL/26 SOKAK;sokak;317340150
NİĞDE;MERKEZ;ÇAVDARLI - KARŞIYAKA;KURUGÖL/27 SOKAK;sokak;181826670
NİĞDE;MERKEZ;ÇAVDARLI - KARŞIYAKA;KURUGÖL/28 SOKAK;sokak;334787280
NİĞDE;MERKEZ;ÇAVDARLI - KARŞIYAKA;KURUGÖL/31 SOKAK;sokak;564702300
NİĞDE;MERKEZ;ÇAVDARLI - KARŞIYAKA;KURUGÖL/32 SOKAK;sokak;379711240
NİĞDE;MERKEZ;ÇAVDARLI - KARŞIYAKA;KURUGÖL/33 SOKAK;sokak;569659400
NİĞDE;MERKEZ;ÇAVDARLI - KARŞIYAKA;KURUGÖL/4 SOKAK;sokak;343017960
NİĞDE;MERKEZ;ÇAVDARLI - KARŞIYAKA;KURUGÖL/48 SOKAK;sokak;701675640
NİĞDE;MERKEZ;ÇAVDARLI - KARŞIYAKA;KURUGÖL/7 SOKAK;sokak;335786670
NİĞDE;MERKEZ;ÇAVDARLI - KARŞIYAKA;MEHMET AKİF ERSOY SOKAK;sokak;26491
NİĞDE;MERKEZ;ÇAVDARLI - KARŞIYAKA;MEHMET AKİF ERSOY/17 SOKAK;sokak;589516090
NİĞDE;MERKEZ;ÇAVDARLI - KARŞIYAKA;MEHMET AKİF ERSOY/3 SOKAK;sokak;271125311
NİĞDE;MERKEZ;ÇAVDARLI - KARŞIYAKA;OKULYOLU SOKAK;sokak;371860
NİĞDE;MERKEZ;ÇAVDARLI - KARŞIYAKA;OKULYOLU/1 SOKAK;sokak;126432760
NİĞDE;MERKEZ;ÇAVDARLI - KARŞIYAKA;OKULYOLU/2 SOKAK;sokak;114553340
NİĞDE;MERKEZ;ÇAVDARLI - KARŞIYAKA;ONİKİEVLER SOKAK;sokak;26492
NİĞDE;MERKEZ;ÇAVDARLI - KARŞIYAKA;STAD/8 SOKAK;sokak;973281240
NİĞDE;MERKEZ;ÇAVDARLI - KARŞIYAKA;ŞEHİT ERDAL ÜNLÜ SOKAK;sokak;26494
NİĞDE;MERKEZ;ÇAVDARLI - KARŞIYAKA;ŞEHİT ERDAL ÜNLÜ/1 SOKAK;sokak;468692280
NİĞDE;MERKEZ;ÇAVDARLI - KARŞIYAKA;ŞEHİT ERDAL ÜNLÜ/2 SOKAK;sokak;192084870
NİĞDE;MERKEZ;ÇAVDARLI - KARŞIYAKA;ŞEHİT ERDAL ÜNLÜ/3 SOKAK;sokak;854100580
NİĞDE;MERKEZ;ÇAVDARLI - KARŞIYAKA;TARLAYOLU/3 SOKAK;sokak;616236171
NİĞDE;MERKEZ;ÇAVDARLI - KARŞIYAKA;TAŞOCAKLARI YOLU SOKAK;sokak;26493
NİĞDE;MERKEZ;ÇAVDARLI - KARŞIYAKA;TAŞOCAKLARI YOLU/3 SOKAK;sokak;126010500
NİĞDE;MERKEZ;ÇAVDARLI - KARŞIYAKA;TAŞOCAKLARI YOLU/4 SOKAK;sokak;150269170
NİĞDE;MERKEZ;ÇAVDARLI - KARŞIYAKA;TAŞOCAKLARI YOLU/5 SOKAK;sokak;505610340
NİĞDE;MERKEZ;ÇAVDARLI - KARŞIYAKA;TAŞOCAKLARI YOLU/6 SOKAK;sokak;245268320
NİĞDE;MERKEZ;ÇAVDARLI - KARŞIYAKA;TAŞOCAKLARI YOLU/7 SOKAK;sokak;229419260
NİĞDE;MERKEZ;ÇAVDARLI - KARŞIYAKA;TAŞOCAKLARI YOLU/9 SOKAK;sokak;757869390
NİĞDE;MERKEZ;ÇAVDARLI - KARŞIYAKA;UZUN SOKAK;sokak;485702
NİĞDE;MERKEZ;ÇAVDARLI - KARŞIYAKA;UZUN/2 SOKAK;sokak;423437490
NİĞDE;MERKEZ;ÇAVDARLI - MERKEZ;BAHÇEYOLU SOKAK;sokak;551712350
NİĞDE;MERKEZ;ÇAVDARLI - MERKEZ;BİZİM SOKAK;sokak;371861
NİĞDE;MERKEZ;ÇAVDARLI - MERKEZ;CAMİ/1 SOKAK;sokak;233029040
NİĞDE;MERKEZ;ÇAVDARLI - MERKEZ;CAMİİ SOKAK;sokak;26495
NİĞDE;MERKEZ;ÇAVDARLI - MERKEZ;CAMİİ/2 SOKAK;sokak;485515680
NİĞDE;MERKEZ;ÇAVDARLI - MERKEZ;GÜNEY SOKAK;sokak;26496
NİĞDE;MERKEZ;ÇAVDARLI - MERKEZ;GÜNEY/1 SOKAK;sokak;227283310
NİĞDE;MERKEZ;ÇAVDARLI - MERKEZ;GÜNEY/11 SOKAK;sokak;632295950
NİĞDE;MERKEZ;ÇAVDARLI - MERKEZ;GÜNEY/2 SOKAK;sokak;137960990
NİĞDE;MERKEZ;ÇAVDARLI - MERKEZ;HARMANYOLU/3 SOKAK;sokak;442748761
NİĞDE;MERKEZ;ÇAVDARLI - MERKEZ;İBİŞHOCA SOKAK;sokak;488287
NİĞDE;MERKEZ;ÇAVDARLI - MERKEZ;İBİŞHOCA/1 SOKAK;sokak;199073020
NİĞDE;MERKEZ;ÇAVDARLI - MERKEZ;İBİŞHOCA/3 SOKAK;sokak;946745120
NİĞDE;MERKEZ;ÇAVDARLI - MERKEZ;İBİŞHOCA/4 SOKAK;sokak;719262730
NİĞDE;MERKEZ;ÇAVDARLI - MERKEZ;KARAATLIYOLU/7 SOKAK;sokak;674013800
NİĞDE;MERKEZ;ÇAVDARLI - MERKEZ;KAYALAR SOKAK;sokak;488286
NİĞDE;MERKEZ;ÇAVDARLI - MERKEZ;KAYALAR/2 SOKAK;sokak;966909870
NİĞDE;MERKEZ;ÇAVDARLI - MERKEZ;KAYSERİ YOLU SOKAK;sokak;488289
NİĞDE;MERKEZ;ÇAVDARLI - MERKEZ;KAYSERİYOLU/1 SOKAK;sokak;619786800
NİĞDE;MERKEZ;ÇAVDARLI - MERKEZ;KAYSERİYOLU/2 SOKAK;sokak;701903190
NİĞDE;MERKEZ;ÇAVDARLI - MERKEZ;KAYSERİYOLU/4 SOKAK;sokak;276248320
NİĞDE;MERKEZ;ÇAVDARLI - MERKEZ;KURUGÖL SOKAK;sokak;113035421
NİĞDE;MERKEZ;ÇAVDARLI - MERKEZ;KURUGÖL/48 SOKAK;sokak;701675641
NİĞDE;MERKEZ;ÇAVDARLI - MERKEZ;KÜÇÜK MUSTAFA SOKAK;sokak;26498
NİĞDE;MERKEZ;ÇAVDARLI - MERKEZ;MEHMET AKİF ERSOY SOKAK;sokak;26499
NİĞDE;MERKEZ;ÇAVDARLI - MERKEZ;MEHMET AKİF ERSOY/1 SOKAK;sokak;296874310
NİĞDE;MERKEZ;ÇAVDARLI - MERKEZ;MEHMET AKİF ERSOY/10 SOKAK;sokak;649259020
NİĞDE;MERKEZ;ÇAVDARLI - MERKEZ;MEHMET AKİF ERSOY/2 SOKAK;sokak;129018721
NİĞDE;MERKEZ;ÇAVDARLI - MERKEZ;MEHMET AKİF ERSOY/3 SOKAK;sokak;271125310
NİĞDE;MERKEZ;ÇAVDARLI - MERKEZ;MEHMET AKİF ERSOY/4 SOKAK;sokak;808972180
NİĞDE;MERKEZ;ÇAVDARLI - MERKEZ;MEHMET AKİF ERSOY/5 SOKAK;sokak;208238450
NİĞDE;MERKEZ;ÇAVDARLI - MERKEZ;MEHMET AKİF ERSOY/6 SOKAK;sokak;274770580
NİĞDE;MERKEZ;ÇAVDARLI - MERKEZ;MEHMET AKİF ERSOY/9 SOKAK;sokak;796372370
NİĞDE;MERKEZ;ÇAVDARLI - MERKEZ;MERKEZ/1 SOKAK;sokak;213045060
NİĞDE;MERKEZ;ÇAVDARLI - MERKEZ;MERKEZ/10 SOKAK;sokak;404258780
NİĞDE;MERKEZ;ÇAVDARLI - MERKEZ;MERKEZ/11 SOKAK;sokak;365130260
NİĞDE;MERKEZ;ÇAVDARLI - MERKEZ;MERKEZ/12 SOKAK;sokak;392005140
NİĞDE;MERKEZ;ÇAVDARLI - MERKEZ;MERKEZ/13 SOKAK;sokak;424302310
NİĞDE;MERKEZ;ÇAVDARLI - MERKEZ;MERKEZ/14 SOKAK;sokak;762769630
NİĞDE;MERKEZ;ÇAVDARLI - MERKEZ;MERKEZ/15 SOKAK;sokak;880304810
NİĞDE;MERKEZ;ÇAVDARLI - MERKEZ;MERKEZ/16 SOKAK;sokak;337333530
NİĞDE;MERKEZ;ÇAVDARLI - MERKEZ;MERKEZ/17 SOKAK;sokak;897292550
NİĞDE;MERKEZ;ÇAVDARLI - MERKEZ;MERKEZ/18 SOKAK;sokak;293661270
NİĞDE;MERKEZ;ÇAVDARLI - MERKEZ;MERKEZ/19 SOKAK;sokak;925876170
NİĞDE;MERKEZ;ÇAVDARLI - MERKEZ;MERKEZ/20 SOKAK;sokak;210257540
NİĞDE;MERKEZ;ÇAVDARLI - MERKEZ;MERKEZ/21 SOKAK;sokak;107458340
NİĞDE;MERKEZ;ÇAVDARLI - MERKEZ;MERKEZ/22 SOKAK;sokak;257099570
NİĞDE;MERKEZ;ÇAVDARLI - MERKEZ;MERKEZ/3 SOKAK;sokak;841045120
NİĞDE;MERKEZ;ÇAVDARLI - MERKEZ;MERKEZ/4 SOKAK;sokak;149702220
NİĞDE;MERKEZ;ÇAVDARLI - MERKEZ;MERKEZ/5 SOKAK;sokak;926641840
NİĞDE;MERKEZ;ÇAVDARLI - MERKEZ;MERKEZ/6 SOKAK;sokak;193488610
NİĞDE;MERKEZ;ÇAVDARLI - MERKEZ;MERKEZ/7 SOKAK;sokak;137873380
NİĞDE;MERKEZ;ÇAVDARLI - MERKEZ;MERKEZ/8 SOKAK;sokak;775380640
NİĞDE;MERKEZ;ÇAVDARLI - MERKEZ;MERKEZÇAVDARLI/19 SOKAK;sokak;360490390
NİĞDE;MERKEZ;ÇAVDARLI - MERKEZ;TARLAYOLU SOKAK;sokak;371863
NİĞDE;MERKEZ;ÇAVDARLI - MERKEZ;TARLAYOLU/1 SOKAK;sokak;237541040
NİĞDE;MERKEZ;ÇAVDARLI - MERKEZ;TARLAYOLU/10 SOKAK;sokak;728109630
NİĞDE;MERKEZ;ÇAVDARLI - MERKEZ;TARLAYOLU/3 SOKAK;sokak;283605430
NİĞDE;MERKEZ;ÇAVDARLI - MERKEZ;TARLAYOLU/4 SOKAK;sokak;411048940
NİĞDE;MERKEZ;ÇAVDARLI - MERKEZ;TARLAYOLU/5 SOKAK;sokak;474333390
NİĞDE;MERKEZ;ÇAYIRLI - ÇAYIR;ALİBEY SOKAK;sokak;499317
NİĞDE;MERKEZ;ÇAYIRLI - ÇAYIR;AYDIN SOKAK;sokak;487338
NİĞDE;MERKEZ;ÇAYIRLI - ÇAYIR;BELEDİYE SOKAK;sokak;487791
NİĞDE;MERKEZ;ÇAYIRLI - ÇAYIR;CUMHURİYET SOKAK;sokak;517631831
NİĞDE;MERKEZ;ÇAYIRLI - ÇAYIR;ÇAMARDI YOLU BULVAR;sokak;185102140
NİĞDE;MERKEZ;ÇAYIRLI - ÇAYIR;ÇAMARDI YOLU/7 SOKAK;sokak;585572321
NİĞDE;MERKEZ;ÇAYIRLI - ÇAYIR;ÇARDAK SOKAK;sokak;496220
NİĞDE;MERKEZ;ÇAYIRLI - ÇAYIR;ÇAYIR SOKAK;sokak;496216
NİĞDE;MERKEZ;ÇAYIRLI - ÇAYIR;ÇAYIRLI/1 SOKAK;sokak;524134160
NİĞDE;MERKEZ;ÇAYIRLI - ÇAYIR;ÇAYIRLI/10 SOKAK;sokak;478225640
NİĞDE;MERKEZ;ÇAYIRLI - ÇAYIR;ÇAYIRLI/11 SOKAK;sokak;270119490
NİĞDE;MERKEZ;ÇAYIRLI - ÇAYIR;ÇAYIRLI/12 SOKAK;sokak;823877050
NİĞDE;MERKEZ;ÇAYIRLI - ÇAYIR;ÇAYIRLI/13 SOKAK;sokak;297143670
NİĞDE;MERKEZ;ÇAYIRLI - ÇAYIR;ÇAYIRLI/14 SOKAK;sokak;207595020
NİĞDE;MERKEZ;ÇAYIRLI - ÇAYIR;ÇAYIRLI/15 SOKAK;sokak;222480090
NİĞDE;MERKEZ;ÇAYIRLI - ÇAYIR;ÇAYIRLI/16 SOKAK;sokak;165972880
NİĞDE;MERKEZ;ÇAYIRLI - ÇAYIR;ÇAYIRLI/17 SOKAK;sokak;912825250
NİĞDE;MERKEZ;ÇAYIRLI - ÇAYIR;ÇAYIRLI/18 SOKAK;sokak;433706670
NİĞDE;MERKEZ;ÇAYIRLI - ÇAYIR;ÇAYIRLI/19 SOKAK;sokak;307751000
NİĞDE;MERKEZ;ÇAYIRLI - ÇAYIR;ÇAYIRLI/2 SOKAK;sokak;330477050
NİĞDE;MERKEZ;ÇAYIRLI - ÇAYIR;ÇAYIRLI/20 SOKAK;sokak;850565050
NİĞDE;MERKEZ;ÇAYIRLI - ÇAYIR;ÇAYIRLI/21 SOKAK;sokak;284564320
NİĞDE;MERKEZ;ÇAYIRLI - ÇAYIR;ÇAYIRLI/22 SOKAK;sokak;535375100
NİĞDE;MERKEZ;ÇAYIRLI - ÇAYIR;ÇAYIRLI/23 SOKAK;sokak;384113100
NİĞDE;MERKEZ;ÇAYIRLI - ÇAYIR;ÇAYIRLI/3 SOKAK;sokak;256808020
NİĞDE;MERKEZ;ÇAYIRLI - ÇAYIR;ÇAYIRLI/4 SOKAK;sokak;117836020
NİĞDE;MERKEZ;ÇAYIRLI - ÇAYIR;ÇAYIRLI/5 SOKAK;sokak;286519580
NİĞDE;MERKEZ;ÇAYIRLI - ÇAYIR;ÇAYIRLI/6 SOKAK;sokak;601020010
NİĞDE;MERKEZ;ÇAYIRLI - ÇAYIR;ÇAYIRLI/7 SOKAK;sokak;582068060
NİĞDE;MERKEZ;ÇAYIRLI - ÇAYIR;ÇAYIRLI/8 SOKAK;sokak;233966250
NİĞDE;MERKEZ;ÇAYIRLI - ÇAYIR;ÇAYIRLI/9 SOKAK;sokak;304028790
NİĞDE;MERKEZ;ÇAYIRLI - ÇAYIR;ÇORAK SOKAK;sokak;505395
NİĞDE;MERKEZ;ÇAYIRLI - ÇAYIR;DERE SOKAK;sokak;500945
NİĞDE;MERKEZ;ÇAYIRLI - ÇAYIR;DERE/1 SOKAK;sokak;296304490
NİĞDE;MERKEZ;ÇAYIRLI - ÇAYIR;DERE/2 SOKAK;sokak;374089450
NİĞDE;MERKEZ;ÇAYIRLI - ÇAYIR;DİKİLİTAŞ SOKAK;sokak;227526790
NİĞDE;MERKEZ;ÇAYIRLI - ÇAYIR;DİKİLİTAŞ/10 SOKAK;sokak;165637770
NİĞDE;MERKEZ;ÇAYIRLI - ÇAYIR;DİKİLİTAŞ/11 SOKAK;sokak;122808480
NİĞDE;MERKEZ;ÇAYIRLI - ÇAYIR;DİKİLİTAŞ/17 SOKAK;sokak;910278620
NİĞDE;MERKEZ;ÇAYIRLI - ÇAYIR;DİKİLİTAŞ/2 SOKAK;sokak;881825630
NİĞDE;MERKEZ;ÇAYIRLI - ÇAYIR;DİKİLİTAŞ/3 SOKAK;sokak;250187140
NİĞDE;MERKEZ;ÇAYIRLI - ÇAYIR;DİKİLİTAŞ/6 SOKAK;sokak;517567400
NİĞDE;MERKEZ;ÇAYIRLI - ÇAYIR;EKTİ SOKAK;sokak;499315
NİĞDE;MERKEZ;ÇAYIRLI - ÇAYIR;ERDOĞAN ÖZEGEN SOKAK;sokak;496152
NİĞDE;MERKEZ;ÇAYIRLI - ÇAYIR;GARİP SOKAK;sokak;496213
NİĞDE;MERKEZ;ÇAYIRLI - ÇAYIR;GAZİ SOKAK;sokak;496214
NİĞDE;MERKEZ;ÇAYIRLI - ÇAYIR;HAYDAR SOKAK;sokak;489019
NİĞDE;MERKEZ;ÇAYIRLI - ÇAYIR;HİMMETLİ KÜME EVLER;sokak;265076651
NİĞDE;MERKEZ;ÇAYIRLI - ÇAYIR;İĞNECİ SOKAK;sokak;320572831
NİĞDE;MERKEZ;ÇAYIRLI - ÇAYIR;KANAL ÇIKMAZI SOKAK;sokak;796309010
NİĞDE;MERKEZ;ÇAYIRLI - ÇAYIR;KANAL SOKAK;sokak;502789
NİĞDE;MERKEZ;ÇAYIRLI - ÇAYIR;KANAL/1 SOKAK;sokak;213398580
NİĞDE;MERKEZ;ÇAYIRLI - ÇAYIR;KELÇAVUŞ SOKAK;sokak;499319
NİĞDE;MERKEZ;ÇAYIRLI - ÇAYIR;KİLLİK SOKAK;sokak;496215
NİĞDE;MERKEZ;ÇAYIRLI - ÇAYIR;KOLSUZ SOKAK;sokak;499314
NİĞDE;MERKEZ;ÇAYIRLI - ÇAYIR;MUHTAR SOKAK;sokak;940818170
NİĞDE;MERKEZ;ÇAYIRLI - ÇAYIR;ÖZTÜRK SOKAK;sokak;487336
NİĞDE;MERKEZ;ÇAYIRLI - ÇAYIR;PAZAR SOKAK;sokak;496212
NİĞDE;MERKEZ;ÇAYIRLI - ÇAYIR;RASİM SOKAK;sokak;490894
NİĞDE;MERKEZ;ÇAYIRLI - ÇAYIR;RECEP TAYYİP ERDOĞAN SOKAK;sokak;502790
NİĞDE;MERKEZ;ÇAYIRLI - ÇAYIR;RUŞEN SOKAK;sokak;499316
NİĞDE;MERKEZ;ÇAYIRLI - ÇAYIR;SADIK AĞA/1 SOKAK;sokak;323505480
NİĞDE;MERKEZ;ÇAYIRLI - ÇAYIR;TAŞLIK SOKAK;sokak;499312
NİĞDE;MERKEZ;ÇAYIRLI - ÇAYIR;TEPE SOKAK;sokak;494656
NİĞDE;MERKEZ;ÇAYIRLI - ÇAYIR;TEPE/1 SOKAK;sokak;314733330
NİĞDE;MERKEZ;ÇAYIRLI - ÇAYIR;TEPE/2 SOKAK;sokak;116456370
NİĞDE;MERKEZ;ÇAYIRLI - ÇAYIR;TEPE/3 SOKAK;sokak;118570670
NİĞDE;MERKEZ;ÇAYIRLI - ÇAYIR;TEPE/4 SOKAK;sokak;863388600
NİĞDE;MERKEZ;ÇAYIRLI - ÇAYIR;TEPE/5 SOKAK;sokak;550296310
NİĞDE;MERKEZ;ÇAYIRLI - ÇAYIR;TEPE/6 SOKAK;sokak;265837080
NİĞDE;MERKEZ;ÇAYIRLI - ÇAYIR;YARHİSAR KÜME EVLER;sokak;737178111
NİĞDE;MERKEZ;ÇAYIRLI - ÇAYIR;ZEYNEL SOKAK;sokak;499320
NİĞDE;MERKEZ;ÇAYIRLI - KAYALIPINAR;AŞIK SOKAK;sokak;500815
NİĞDE;MERKEZ;ÇAYIRLI - KAYALIPINAR;AYDIN SOKAK;sokak;512357
NİĞDE;MERKEZ;ÇAYIRLI - KAYALIPINAR;BEKÇİ AHMET SOKAK;sokak;503513
NİĞDE;MERKEZ;ÇAYIRLI - KAYALIPINAR;BELEN ARKASI SOKAK;sokak;500813
NİĞDE;MERKEZ;ÇAYIRLI - KAYALIPINAR;BILDIR SOKAK;sokak;512350
NİĞDE;MERKEZ;ÇAYIRLI - KAYALIPINAR;CAMİİ SOKAK;sokak;812903630
NİĞDE;MERKEZ;ÇAYIRLI - KAYALIPINAR;CUMHURİYET SOKAK;sokak;500816
NİĞDE;MERKEZ;ÇAYIRLI - KAYALIPINAR;ÇAMARDI YOLU BULVAR;sokak;288867110
NİĞDE;MERKEZ;ÇAYIRLI - KAYALIPINAR;ÇAMARDI YOLU/4 SOKAK;sokak;739532340
NİĞDE;MERKEZ;ÇAYIRLI - KAYALIPINAR;ÇAMARDI YOLU/7 SOKAK;sokak;585572320
NİĞDE;MERKEZ;ÇAYIRLI - KAYALIPINAR;DİKİLİTAŞ SOKAK;sokak;201074540
NİĞDE;MERKEZ;ÇAYIRLI - KAYALIPINAR;DİKİLİTAŞ/13 SOKAK;sokak;344820180
NİĞDE;MERKEZ;ÇAYIRLI - KAYALIPINAR;DİKİLİTAŞ/14 SOKAK;sokak;489416600
NİĞDE;MERKEZ;ÇAYIRLI - KAYALIPINAR;DİKİLİTAŞ/16 SOKAK;sokak;222094800
NİĞDE;MERKEZ;ÇAYIRLI - KAYALIPINAR;DÖRTYOL SOKAK;sokak;512354
NİĞDE;MERKEZ;ÇAYIRLI - KAYALIPINAR;DÖRTYOL/1 SOKAK;sokak;335580570
NİĞDE;MERKEZ;ÇAYIRLI - KAYALIPINAR;DURMUŞ SOKAK;sokak;503515
NİĞDE;MERKEZ;ÇAYIRLI - KAYALIPINAR;EKERLER SOKAK;sokak;518679
NİĞDE;MERKEZ;ÇAYIRLI - KAYALIPINAR;EKERLER/1 SOKAK;sokak;248713600
NİĞDE;MERKEZ;ÇAYIRLI - KAYALIPINAR;ERDOĞAN ÖZEGEN SOKAK;sokak;512346
NİĞDE;MERKEZ;ÇAYIRLI - KAYALIPINAR;ETEM SOKAK;sokak;512348
NİĞDE;MERKEZ;ÇAYIRLI - KAYALIPINAR;HARMAN YERİ SOKAK;sokak;503511
NİĞDE;MERKEZ;ÇAYIRLI - KAYALIPINAR;HARMAN YERİ/1 SOKAK;sokak;455819560
NİĞDE;MERKEZ;ÇAYIRLI - KAYALIPINAR;İĞNECİ SOKAK;sokak;512356
NİĞDE;MERKEZ;ÇAYIRLI - KAYALIPINAR;KANAL ÇIKMAZI SOKAK;sokak;503517
NİĞDE;MERKEZ;ÇAYIRLI - KAYALIPINAR;KANAL SOKAK;sokak;512345
NİĞDE;MERKEZ;ÇAYIRLI - KAYALIPINAR;KANAL/1 SOKAK;sokak;847579210
NİĞDE;MERKEZ;ÇAYIRLI - KAYALIPINAR;KAYALIPINAR SOKAK;sokak;526542
NİĞDE;MERKEZ;ÇAYIRLI - KAYALIPINAR;KAYALIPINAR/1 SOKAK;sokak;380836550
NİĞDE;MERKEZ;ÇAYIRLI - KAYALIPINAR;KAYALIPINAR/2 SOKAK;sokak;207860830
NİĞDE;MERKEZ;ÇAYIRLI - KAYALIPINAR;KAYALIPINAR/3 SOKAK;sokak;644790660
NİĞDE;MERKEZ;ÇAYIRLI - KAYALIPINAR;KAYALIPINAR/4 SOKAK;sokak;527233270
NİĞDE;MERKEZ;ÇAYIRLI - KAYALIPINAR;KAZATAN SOKAK;sokak;512006
NİĞDE;MERKEZ;ÇAYIRLI - KAYALIPINAR;KAZATAN/1 SOKAK;sokak;717341150
NİĞDE;MERKEZ;ÇAYIRLI - KAYALIPINAR;MERA SOKAK;sokak;500814
NİĞDE;MERKEZ;ÇAYIRLI - KAYALIPINAR;MUHTAR SOKAK;sokak;503514
NİĞDE;MERKEZ;ÇAYIRLI - KAYALIPINAR;MURTAZA SOKAK;sokak;503510
NİĞDE;MERKEZ;ÇAYIRLI - KAYALIPINAR;ÖMER SOKAK;sokak;512349
NİĞDE;MERKEZ;ÇAYIRLI - KAYALIPINAR;RECEP TAYYİP ERDOĞAN SOKAK;sokak;512343
NİĞDE;MERKEZ;ÇAYIRLI - KAYALIPINAR;RECEP TAYYİP ERDOĞAN/1 SOKAK;sokak;298652500
NİĞDE;MERKEZ;ÇAYIRLI - KAYALIPINAR;RECEP TAYYİP ERDOĞAN/2 SOKAK;sokak;123165270
NİĞDE;MERKEZ;ÇAYIRLI - KAYALIPINAR;RECEP TAYYİP ERDOĞAN/3 SOKAK;sokak;383482070
NİĞDE;MERKEZ;ÇAYIRLI - KAYALIPINAR;RECEP TAYYİP ERDOĞAN/4 SOKAK;sokak;608765470
NİĞDE;MERKEZ;ÇAYIRLI - KAYALIPINAR;RECEP TAYYİP ERDOĞAN/5 SOKAK;sokak;528044570
NİĞDE;MERKEZ;ÇAYIRLI - KAYALIPINAR;RECEP TAYYİP ERDOĞAN/7 SOKAK;sokak;444391070
NİĞDE;MERKEZ;ÇAYIRLI - KAYALIPINAR;RÜSTEM SOKAK;sokak;512353
NİĞDE;MERKEZ;ÇAYIRLI - KAYALIPINAR;SADIK SOKAK;sokak;503509
NİĞDE;MERKEZ;ÇAYIRLI - KAYALIPINAR;SİNEKLİ SOKAK;sokak;512352
NİĞDE;MERKEZ;ÇAYIRLI - KAYALIPINAR;ZİLFİ SOKAK;sokak;503512
NİĞDE;MERKEZ;ÇAYIRLI - YENİ;ABDİ SOKAK;sokak;505802
NİĞDE;MERKEZ;ÇAYIRLI - YENİ;ALİBEY SOKAK;sokak;502954
NİĞDE;MERKEZ;ÇAYIRLI - YENİ;ALİDAYI SOKAK;sokak;503519
NİĞDE;MERKEZ;ÇAYIRLI - YENİ;BELEN SOKAK;sokak;503520
NİĞDE;MERKEZ;ÇAYIRLI - YENİ;CAMİİ SOKAK;sokak;812903631
NİĞDE;MERKEZ;ÇAYIRLI - YENİ;CİLEK SOKAK;sokak;505803
NİĞDE;MERKEZ;ÇAYIRLI - YENİ;ÇARDAK SOKAK;sokak;512366
NİĞDE;MERKEZ;ÇAYIRLI - YENİ;ÇİLLER SOKAK;sokak;500820
NİĞDE;MERKEZ;ÇAYIRLI - YENİ;ÇİNİ SOKAK;sokak;512361
NİĞDE;MERKEZ;ÇAYIRLI - YENİ;DALYAN SOKAK;sokak;512364
NİĞDE;MERKEZ;ÇAYIRLI - YENİ;DİKİLİTAŞ SOKAK;sokak;500818
NİĞDE;MERKEZ;ÇAYIRLI - YENİ;DİKİLİTAŞ/1 SOKAK;sokak;956148480
NİĞDE;MERKEZ;ÇAYIRLI - YENİ;DİKİLİTAŞ/11 SOKAK;sokak;159240040
NİĞDE;MERKEZ;ÇAYIRLI - YENİ;DİKİLİTAŞ/3 SOKAK;sokak;250187141
NİĞDE;MERKEZ;ÇAYIRLI - YENİ;HACI AHMET SOKAK;sokak;502955
NİĞDE;MERKEZ;ÇAYIRLI - YENİ;HACI KADİR SOKAK;sokak;512365
NİĞDE;MERKEZ;ÇAYIRLI - YENİ;KARAVELİ SOKAK;sokak;505805
NİĞDE;MERKEZ;ÇAYIRLI - YENİ;KAZATAN SOKAK;sokak;505801
NİĞDE;MERKEZ;ÇAYIRLI - YENİ;KAZATAN/2 SOKAK;sokak;567024340
NİĞDE;MERKEZ;ÇAYIRLI - YENİ;KELÇAVUŞ SOKAK;sokak;502953
NİĞDE;MERKEZ;ÇAYIRLI - YENİ;RECEP TAYYİP ERDOĞAN SOKAK;sokak;535139
NİĞDE;MERKEZ;ÇAYIRLI - YENİ;RECEP TAYYİP ERDOĞAN/11 SOKAK;sokak;562951240
NİĞDE;MERKEZ;ÇAYIRLI - YENİ;SADIK AĞA SOKAK;sokak;533261
NİĞDE;MERKEZ;ÇAYIRLI - YENİ;SADIK AĞA/1 SOKAK;sokak;688443230
NİĞDE;MERKEZ;ÇAYIRLI - YENİ;TAHİR SOKAK;sokak;373025
NİĞDE;MERKEZ;ÇAYIRLI - YENİ;YETER SOKAK;sokak;512360
NİĞDE;MERKEZ;DEĞİRMENLİ - AŞAĞI;ALİ ÖZTEKİN MEYDAN;sokak;483274
NİĞDE;MERKEZ;DEĞİRMENLİ - AŞAĞI;AŞAĞI/1 SOKAK;sokak;487038050
NİĞDE;MERKEZ;DEĞİRMENLİ - AŞAĞI;AŞAĞI/2 SOKAK;sokak;476730410
NİĞDE;MERKEZ;DEĞİRMENLİ - AŞAĞI;BAHÇELİ SOKAK;sokak;368152
NİĞDE;MERKEZ;DEĞİRMENLİ - AŞAĞI;BARIŞ SOKAK;sokak;26525
NİĞDE;MERKEZ;DEĞİRMENLİ - AŞAĞI;BARIŞ/1 SOKAK;sokak;812084720
NİĞDE;MERKEZ;DEĞİRMENLİ - AŞAĞI;BARIŞ/2 SOKAK;sokak;978491600
NİĞDE;MERKEZ;DEĞİRMENLİ - AŞAĞI;ÇAMARDI YOLU ALTI KÜME EVLER;sokak;26522
NİĞDE;MERKEZ;DEĞİRMENLİ - AŞAĞI;ÇIKMAZ SOKAK;sokak;476278
NİĞDE;MERKEZ;DEĞİRMENLİ - AŞAĞI;ÇİĞDEM SOKAK;sokak;26529
NİĞDE;MERKEZ;DEĞİRMENLİ - AŞAĞI;DEĞİRMEN SOKAK;sokak;483750
NİĞDE;MERKEZ;DEĞİRMENLİ - AŞAĞI;DEĞİRMEN/1 SOKAK;sokak;626666070
NİĞDE;MERKEZ;DEĞİRMENLİ - AŞAĞI;DEĞİRMEN/2 SOKAK;sokak;281184120
NİĞDE;MERKEZ;DEĞİRMENLİ - AŞAĞI;GÜNEŞ SOKAK;sokak;27340
NİĞDE;MERKEZ;DEĞİRMENLİ - AŞAĞI;KAMIŞ SOKAK;sokak;27341
NİĞDE;MERKEZ;DEĞİRMENLİ - AŞAĞI;KAMIŞ/1 SOKAK;sokak;492906380
NİĞDE;MERKEZ;DEĞİRMENLİ - AŞAĞI;KANARYA SOKAK;sokak;477219
NİĞDE;MERKEZ;DEĞİRMENLİ - AŞAĞI;KARANFİL SOKAK;sokak;474625
NİĞDE;MERKEZ;DEĞİRMENLİ - AŞAĞI;KARATEPE ÇIKMAZI 1 SOKAK;sokak;36955
NİĞDE;MERKEZ;DEĞİRMENLİ - AŞAĞI;KARATEPE ÇIKMAZI 2 SOKAK;sokak;36956
NİĞDE;MERKEZ;DEĞİRMENLİ - AŞAĞI;KARATEPE ÇIKMAZI 3 SOKAK;sokak;711131120
NİĞDE;MERKEZ;DEĞİRMENLİ - AŞAĞI;KARDELEN SOKAK;sokak;36969
NİĞDE;MERKEZ;DEĞİRMENLİ - AŞAĞI;KIZILYAZI SOKAK;sokak;36957
NİĞDE;MERKEZ;DEĞİRMENLİ - AŞAĞI;KURTULUŞ CADDE;cadde;368153
NİĞDE;MERKEZ;DEĞİRMENLİ - AŞAĞI;KURTULUŞ-3 CADDE;cadde;516820111
NİĞDE;MERKEZ;DEĞİRMENLİ - AŞAĞI;KURTULUŞ/2 SOKAK;sokak;124199171
NİĞDE;MERKEZ;DEĞİRMENLİ - AŞAĞI;MEHMET AKİF ERSOY CADDE;cadde;88567
NİĞDE;MERKEZ;DEĞİRMENLİ - AŞAĞI;MEHMET AKİF ERSOY/1 SOKAK;sokak;254261640
NİĞDE;MERKEZ;DEĞİRMENLİ - AŞAĞI;MEZARLIK ARA SOKAK;sokak;26524
NİĞDE;MERKEZ;DEĞİRMENLİ - AŞAĞI;NİĞDE CADDE;cadde;26527
NİĞDE;MERKEZ;DEĞİRMENLİ - AŞAĞI;NİĞDE/1 SOKAK;sokak;276411900
NİĞDE;MERKEZ;DEĞİRMENLİ - AŞAĞI;STAD CADDE;cadde;26528
NİĞDE;MERKEZ;DEĞİRMENLİ - AŞAĞI;STAD/1 SOKAK;sokak;850305260
NİĞDE;MERKEZ;DEĞİRMENLİ - AŞAĞI;STAD/3 SOKAK;sokak;735002330
NİĞDE;MERKEZ;DEĞİRMENLİ - AŞAĞI;STAD/4 SOKAK;sokak;143932430
NİĞDE;MERKEZ;DEĞİRMENLİ - AŞAĞI;STAD/5 SOKAK;sokak;954511670
NİĞDE;MERKEZ;DEĞİRMENLİ - AŞAĞI;ŞEHİT SELİM TÜRKMEN CADDE;cadde;479369
NİĞDE;MERKEZ;DEĞİRMENLİ - AŞAĞI;ŞEHİT SELİM TÜRKMEN/1 SOKAK;sokak;487708120
NİĞDE;MERKEZ;DEĞİRMENLİ - AŞAĞI;ŞEHİT SELİM TÜRKMEN/2 SOKAK;sokak;972707890
NİĞDE;MERKEZ;DEĞİRMENLİ - AŞAĞI;ŞEHİT SELİM TÜRKMEN/3 SOKAK;sokak;513168670
NİĞDE;MERKEZ;DEĞİRMENLİ - AŞAĞI;YARHİSAR YOLU SOKAK;sokak;37002
NİĞDE;MERKEZ;DEĞİRMENLİ - ORTA;BAHÇE SOKAK;sokak;368154
NİĞDE;MERKEZ;DEĞİRMENLİ - ORTA;BAHÇE/1 SOKAK;sokak;967660760
NİĞDE;MERKEZ;DEĞİRMENLİ - ORTA;CUMHURİYET- MEYDAN;sokak;480563
NİĞDE;MERKEZ;DEĞİRMENLİ - ORTA;ÇINAR SOKAK;sokak;26535
NİĞDE;MERKEZ;DEĞİRMENLİ - ORTA;DERE SOKAK;sokak;435577270
NİĞDE;MERKEZ;DEĞİRMENLİ - ORTA;DOĞAN ÇIKMAZI SOKAK;sokak;484463
NİĞDE;MERKEZ;DEĞİRMENLİ - ORTA;DOĞAN SOKAK;sokak;484462
NİĞDE;MERKEZ;DEĞİRMENLİ - ORTA;FATİH SOKAK;sokak;26530
NİĞDE;MERKEZ;DEĞİRMENLİ - ORTA;KARŞIYAKA CADDE;cadde;26531
NİĞDE;MERKEZ;DEĞİRMENLİ - ORTA;KAYABAŞI SOKAK;sokak;368155
NİĞDE;MERKEZ;DEĞİRMENLİ - ORTA;KAYABAŞI/1 SOKAK;sokak;265585690
NİĞDE;MERKEZ;DEĞİRMENLİ - ORTA;KURTULUŞ CADDE;cadde;26532
NİĞDE;MERKEZ;DEĞİRMENLİ - ORTA;KURTULUŞ/1 SOKAK;sokak;119493360
NİĞDE;MERKEZ;DEĞİRMENLİ - ORTA;KURTULUŞ/2 SOKAK;sokak;124199170
NİĞDE;MERKEZ;DEĞİRMENLİ - ORTA;KURTULUŞ/3 SOKAK;sokak;541294400
NİĞDE;MERKEZ;DEĞİRMENLİ - ORTA;KURTULUŞ/4 SOKAK;sokak;573380550
NİĞDE;MERKEZ;DEĞİRMENLİ - ORTA;KURTULUŞ/54 SOKAK;sokak;661733940
NİĞDE;MERKEZ;DEĞİRMENLİ - ORTA;MEHMET AKİF ERSOY CADDE;cadde;88569
NİĞDE;MERKEZ;DEĞİRMENLİ - ORTA;MEHMET AKİF ERSOY/1 SOKAK;sokak;254261641
NİĞDE;MERKEZ;DEĞİRMENLİ - ORTA;MEHTAP SOKAK;sokak;355921
NİĞDE;MERKEZ;DEĞİRMENLİ - ORTA;NEVRUZ SOKAK;sokak;26533
NİĞDE;MERKEZ;DEĞİRMENLİ - ORTA;NİĞDE CADDE;cadde;26534
NİĞDE;MERKEZ;DEĞİRMENLİ - ORTA;NİĞDE/2 SOKAK;sokak;164619560
NİĞDE;MERKEZ;DEĞİRMENLİ - ORTA;ORTA SOKAK;sokak;490712
NİĞDE;MERKEZ;DEĞİRMENLİ - ORTA;PAPATYA SOKAK;sokak;481600
NİĞDE;MERKEZ;DEĞİRMENLİ - ORTA;ŞAFAK SOKAK;sokak;480575
NİĞDE;MERKEZ;DEĞİRMENLİ - ORTA;TAŞLI SOKAK;sokak;795122081
NİĞDE;MERKEZ;DEĞİRMENLİ - ORTA;ULUAĞAÇ YOLU SOKAK;sokak;954491041
NİĞDE;MERKEZ;DEĞİRMENLİ - ORTA;ULUAĞAÇ YOLU/1 SOKAK;sokak;214120931
NİĞDE;MERKEZ;DEĞİRMENLİ - ORTA;YILDIZ SOKAK;sokak;368156
NİĞDE;MERKEZ;DEĞİRMENLİ - YUKARI;AYDINLIK SOKAK;sokak;522849
NİĞDE;MERKEZ;DEĞİRMENLİ - YUKARI;BÜLBÜL SOKAK;sokak;486775
NİĞDE;MERKEZ;DEĞİRMENLİ - YUKARI;BÜLBÜL/1 SOKAK;sokak;168245590
NİĞDE;MERKEZ;DEĞİRMENLİ - YUKARI;DAMLATAŞ SOKAK;sokak;368157
NİĞDE;MERKEZ;DEĞİRMENLİ - YUKARI;DERE SOKAK;sokak;492984
NİĞDE;MERKEZ;DEĞİRMENLİ - YUKARI;KAYABAŞI SOKAK;sokak;26537
NİĞDE;MERKEZ;DEĞİRMENLİ - YUKARI;KURTULUŞ CADDE;cadde;26538
NİĞDE;MERKEZ;DEĞİRMENLİ - YUKARI;KURTULUŞ/5 SOKAK;sokak;101730450
NİĞDE;MERKEZ;DEĞİRMENLİ - YUKARI;KURTULUŞ/55 SOKAK;sokak;132383810
NİĞDE;MERKEZ;DEĞİRMENLİ - YUKARI;KURTULUŞ/56 SOKAK;sokak;133438760
NİĞDE;MERKEZ;DEĞİRMENLİ - YUKARI;MEHMET AKİF ERSOY CADDE;cadde;482591
NİĞDE;MERKEZ;DEĞİRMENLİ - YUKARI;MEHMET AKİF ERSOY/2 SOKAK;sokak;346379590
NİĞDE;MERKEZ;DEĞİRMENLİ - YUKARI;MERAM CADDE;cadde;26539
NİĞDE;MERKEZ;DEĞİRMENLİ - YUKARI;MERAM/1 SOKAK;sokak;171662990
NİĞDE;MERKEZ;DEĞİRMENLİ - YUKARI;MERAM/2 SOKAK;sokak;447624740
NİĞDE;MERKEZ;DEĞİRMENLİ - YUKARI;MERAM/3 SOKAK;sokak;774003070
NİĞDE;MERKEZ;DEĞİRMENLİ - YUKARI;MERAM/5 SOKAK;sokak;986600790
NİĞDE;MERKEZ;DEĞİRMENLİ - YUKARI;MERAM/6 SOKAK;sokak;698252630
NİĞDE;MERKEZ;DEĞİRMENLİ - YUKARI;NİĞDE CADDE;cadde;368158
NİĞDE;MERKEZ;DEĞİRMENLİ - YUKARI;SEKİLER SOKAK;sokak;484466
NİĞDE;MERKEZ;DEĞİRMENLİ - YUKARI;TAŞLI SOKAK;sokak;26650
NİĞDE;MERKEZ;DEĞİRMENLİ - YUKARI;ULUAĞAÇ YOLU SOKAK;sokak;483873
NİĞDE;MERKEZ;DEĞİRMENLİ - YUKARI;ULUAĞAÇ YOLU/1 SOKAK;sokak;214120930
NİĞDE;MERKEZ;DİKİLİTAŞ - ÇARŞI;CUMHURİYET SOKAK;sokak;24803
NİĞDE;MERKEZ;DİKİLİTAŞ - ÇARŞI;CUMHURİYET/1 SOKAK;sokak;849551291
NİĞDE;MERKEZ;DİKİLİTAŞ - ÇARŞI;CUMHURİYET/3 SOKAK;sokak;924250240
NİĞDE;MERKEZ;DİKİLİTAŞ - ÇARŞI;CUMHURİYET/5 SOKAK;sokak;854838161
NİĞDE;MERKEZ;DİKİLİTAŞ - ÇARŞI;ÇEŞME SOKAK;sokak;368159
NİĞDE;MERKEZ;DİKİLİTAŞ - ÇARŞI;ÇEŞME/1 SOKAK;sokak;401890780
NİĞDE;MERKEZ;DİKİLİTAŞ - ÇARŞI;ÇEŞME/11 SOKAK;sokak;142799540
NİĞDE;MERKEZ;DİKİLİTAŞ - ÇARŞI;ÇEŞME/2 SOKAK;sokak;967857121
NİĞDE;MERKEZ;DİKİLİTAŞ - ÇARŞI;ÇEŞME/4 SOKAK;sokak;345163770
NİĞDE;MERKEZ;DİKİLİTAŞ - ÇARŞI;HACI FERHAT SOKAK;sokak;24802
NİĞDE;MERKEZ;DİKİLİTAŞ - ÇARŞI;HACI FERHAT/10 SOKAK;sokak;663335920
NİĞDE;MERKEZ;DİKİLİTAŞ - ÇARŞI;HACI FERHAT/11 SOKAK;sokak;152906380
NİĞDE;MERKEZ;DİKİLİTAŞ - ÇARŞI;HACI FERHAT/12 SOKAK;sokak;367245730
NİĞDE;MERKEZ;DİKİLİTAŞ - ÇARŞI;HACI FERHAT/19 SOKAK;sokak;326496000
NİĞDE;MERKEZ;DİKİLİTAŞ - ÇARŞI;HACI FERHAT/20 SOKAK;sokak;342829960
NİĞDE;MERKEZ;DİKİLİTAŞ - ÇARŞI;HACI FERHAT/21 SOKAK;sokak;325643610
NİĞDE;MERKEZ;DİKİLİTAŞ - ÇARŞI;HACI FERHAT/34 SOKAK;sokak;173367770
NİĞDE;MERKEZ;DİKİLİTAŞ - ÇARŞI;HACI FERHAT/4 SOKAK;sokak;961260320
NİĞDE;MERKEZ;DİKİLİTAŞ - ÇARŞI;HACI FERHAT/6 SOKAK;sokak;737847530
NİĞDE;MERKEZ;DİKİLİTAŞ - ÇARŞI;HACIFERHAT/5 SOKAK;sokak;756694730
NİĞDE;MERKEZ;DİKİLİTAŞ - KALE;CUMHURİYET SOKAK;sokak;24820
NİĞDE;MERKEZ;DİKİLİTAŞ - KALE;CUMHURİYET/10 SOKAK;sokak;566566550
NİĞDE;MERKEZ;DİKİLİTAŞ - KALE;CUMHURİYET/12 SOKAK;sokak;518926100
NİĞDE;MERKEZ;DİKİLİTAŞ - KALE;CUMHURİYET/14 SOKAK;sokak;251801420
NİĞDE;MERKEZ;DİKİLİTAŞ - KALE;CUMHURİYET/15 SOKAK;sokak;716155120
NİĞDE;MERKEZ;DİKİLİTAŞ - KALE;CUMHURİYET/16 SOKAK;sokak;667160360
NİĞDE;MERKEZ;DİKİLİTAŞ - KALE;CUMHURİYET/26 SOKAK;sokak;457526980
NİĞDE;MERKEZ;DİKİLİTAŞ - KALE;CUMHURİYET/6 SOKAK;sokak;113164860
NİĞDE;MERKEZ;DİKİLİTAŞ - KALE;CUMHURİYET/7 SOKAK;sokak;584833220
NİĞDE;MERKEZ;DİKİLİTAŞ - KALE;CUMHURİYET/71 SOKAK;sokak;914326900
NİĞDE;MERKEZ;DİKİLİTAŞ - KALE;CUMHURİYET/8 SOKAK;sokak;297630260
NİĞDE;MERKEZ;DİKİLİTAŞ - KALE;CUMHURİYET/9 SOKAK;sokak;261712230
NİĞDE;MERKEZ;DİKİLİTAŞ - KALE;HACI FERHAT SOKAK;sokak;24825
NİĞDE;MERKEZ;DİKİLİTAŞ - KALE;HACI FERHAT/1 SOKAK;sokak;743076870
NİĞDE;MERKEZ;DİKİLİTAŞ - KALE;HACI FERHAT/13 SOKAK;sokak;169019360
NİĞDE;MERKEZ;DİKİLİTAŞ - KALE;HACI FERHAT/14 SOKAK;sokak;717030450
NİĞDE;MERKEZ;DİKİLİTAŞ - KALE;HACI FERHAT/15 SOKAK;sokak;951174610
NİĞDE;MERKEZ;DİKİLİTAŞ - KALE;HACI FERHAT/18 SOKAK;sokak;202411210
NİĞDE;MERKEZ;DİKİLİTAŞ - KALE;HACI FERHAT/19 SOKAK;sokak;456384910
NİĞDE;MERKEZ;DİKİLİTAŞ - KALE;HACI FERHAT/21 SOKAK;sokak;115583190
NİĞDE;MERKEZ;DİKİLİTAŞ - KALE;HACI FERHAT/22 SOKAK;sokak;864285210
NİĞDE;MERKEZ;DİKİLİTAŞ - KALE;HACI FERHAT/3 SOKAK;sokak;301199780
NİĞDE;MERKEZ;DİKİLİTAŞ - KALE;HACI FERHAT/7 SOKAK;sokak;197881570
NİĞDE;MERKEZ;DİKİLİTAŞ - KALE;HACI FERHAT/8 SOKAK;sokak;686172240
NİĞDE;MERKEZ;DİKİLİTAŞ - KALE;HACI FERHAT/9 SOKAK;sokak;442869460
NİĞDE;MERKEZ;DİKİLİTAŞ - KALE;KALE SK. SOKAK;sokak;25483
NİĞDE;MERKEZ;DİKİLİTAŞ - KALE;KARTALLAR SOKAK;sokak;26543
NİĞDE;MERKEZ;DİKİLİTAŞ - KALE;KARTALLAR/1 SOKAK;sokak;508302070
NİĞDE;MERKEZ;DİKİLİTAŞ - KALE;KARTALLAR/2 SOKAK;sokak;297043270
NİĞDE;MERKEZ;DİKİLİTAŞ - KALE;KARTALLAR/3 SOKAK;sokak;899869880
NİĞDE;MERKEZ;DİKİLİTAŞ - YUKARI;CUMHURİYET SOKAK;sokak;26544
NİĞDE;MERKEZ;DİKİLİTAŞ - YUKARI;CUMHURİYET/1 SOKAK;sokak;257026710
NİĞDE;MERKEZ;DİKİLİTAŞ - YUKARI;CUMHURİYET/16 SOKAK;sokak;249740990
NİĞDE;MERKEZ;DİKİLİTAŞ - YUKARI;CUMHURİYET/17 SOKAK;sokak;303720150
NİĞDE;MERKEZ;DİKİLİTAŞ - YUKARI;CUMHURİYET/18 SOKAK;sokak;356323480
NİĞDE;MERKEZ;DİKİLİTAŞ - YUKARI;CUMHURİYET/19 SOKAK;sokak;294872950
NİĞDE;MERKEZ;DİKİLİTAŞ - YUKARI;CUMHURİYET/2 SOKAK;sokak;115246750
NİĞDE;MERKEZ;DİKİLİTAŞ - YUKARI;CUMHURİYET/20 SOKAK;sokak;156047960
NİĞDE;MERKEZ;DİKİLİTAŞ - YUKARI;CUMHURİYET/21 SOKAK;sokak;661282650
NİĞDE;MERKEZ;DİKİLİTAŞ - YUKARI;CUMHURİYET/25 SOKAK;sokak;930723120
NİĞDE;MERKEZ;DİKİLİTAŞ - YUKARI;CUMHURİYET/26 SOKAK;sokak;357987840
NİĞDE;MERKEZ;DİKİLİTAŞ - YUKARI;CUMHURİYET/27 SOKAK;sokak;951278660
NİĞDE;MERKEZ;DİKİLİTAŞ - YUKARI;CUMHURİYET/28 SOKAK;sokak;838627060
NİĞDE;MERKEZ;DİKİLİTAŞ - YUKARI;CUMHURİYET/3 SOKAK;sokak;170869430
NİĞDE;MERKEZ;DİKİLİTAŞ - YUKARI;CUMHURİYET/31 SOKAK;sokak;801782620
NİĞDE;MERKEZ;DİKİLİTAŞ - YUKARI;CUMHURİYET/4 SOKAK;sokak;226430270
NİĞDE;MERKEZ;DİKİLİTAŞ - YUKARI;CUMHURİYET/5 SOKAK;sokak;854838160
NİĞDE;MERKEZ;DİKİLİTAŞ - YUKARI;ÇEŞME SOKAK;sokak;633483790
NİĞDE;MERKEZ;DİKİLİTAŞ - YUKARI;ÇEŞME/2 SOKAK;sokak;165435480
NİĞDE;MERKEZ;DİKİLİTAŞ - YUKARI;HACI FERHAT SOKAK;sokak;571420690
NİĞDE;MERKEZ;DİKİLİTAŞ - YUKARI;HACI FERHAT/35 SOKAK;sokak;335044730
NİĞDE;MERKEZ;DİKİLİTAŞ - YUKARI;MEMİŞLER SOKAK;sokak;25484
NİĞDE;MERKEZ;DİKİLİTAŞ - YUKARI;MEMİŞLER/1 SOKAK;sokak;102793050
NİĞDE;MERKEZ;DÜNDARLI - CUMHURİYET;AKASYA ÇIKMAZ SOKAK;sokak;521006
NİĞDE;MERKEZ;DÜNDARLI - CUMHURİYET;BALCILAR CADDE;cadde;26554
NİĞDE;MERKEZ;DÜNDARLI - CUMHURİYET;ÇAĞLAYAN/1 SOKAK;sokak;435868250
NİĞDE;MERKEZ;DÜNDARLI - CUMHURİYET;ÇAM SOKAK;sokak;518777
NİĞDE;MERKEZ;DÜNDARLI - CUMHURİYET;ÇINARLAR SOKAK;sokak;521003
NİĞDE;MERKEZ;DÜNDARLI - CUMHURİYET;DERE KÜME EVLER;sokak;521918
NİĞDE;MERKEZ;DÜNDARLI - CUMHURİYET;ERCİYES CADDE;cadde;26555
NİĞDE;MERKEZ;DÜNDARLI - CUMHURİYET;GÜLBAHÇE SOKAK;sokak;358589
NİĞDE;MERKEZ;DÜNDARLI - CUMHURİYET;GÜLBAHÇE/7 SOKAK;sokak;154580780
NİĞDE;MERKEZ;DÜNDARLI - CUMHURİYET;GÜLBAHÇE/77 SOKAK;sokak;267996430
NİĞDE;MERKEZ;DÜNDARLI - CUMHURİYET;TAŞ SOKAK;sokak;521646
NİĞDE;MERKEZ;DÜNDARLI - CUMHURİYET;YAYLA YOLU CADDE;cadde;132663740
NİĞDE;MERKEZ;DÜNDARLI - CUMHURİYET;ZİRVE SOKAK;sokak;521935
NİĞDE;MERKEZ;DÜNDARLI - FATİH;ALPARSLAN SOKAK;sokak;501327
NİĞDE;MERKEZ;DÜNDARLI - FATİH;ÇARŞI ÇIKMAZ SOKAK;sokak;501321
NİĞDE;MERKEZ;DÜNDARLI - FATİH;DEMİR ÇIKMAZ SOKAK;sokak;151851
NİĞDE;MERKEZ;DÜNDARLI - FATİH;DUMAN SOKAK;sokak;513610
NİĞDE;MERKEZ;DÜNDARLI - FATİH;ERCİYES CADDE;cadde;26557
NİĞDE;MERKEZ;DÜNDARLI - FATİH;HAMAM SOKAK;sokak;506235
NİĞDE;MERKEZ;DÜNDARLI - FATİH;KAYADİBİ SOKAK;sokak;510139
NİĞDE;MERKEZ;DÜNDARLI - FATİH;KAYADİBİ/1 SOKAK;sokak;660595850
NİĞDE;MERKEZ;DÜNDARLI - FATİH;KAYADİBİ/2 SOKAK;sokak;453094160
NİĞDE;MERKEZ;DÜNDARLI - FATİH;KAYADİBİ/3 SOKAK;sokak;900772150
NİĞDE;MERKEZ;DÜNDARLI - FATİH;MUTLU SOKAK;sokak;509729
NİĞDE;MERKEZ;DÜNDARLI - FATİH;ŞEHİT ABDULLAH YÜKSEL CADDE;cadde;26556
NİĞDE;MERKEZ;DÜNDARLI - FATİH;ŞEHİT ABDULLAH YÜKSEL/1 SOKAK;sokak;796006800
NİĞDE;MERKEZ;DÜNDARLI - FATİH;ŞEKER SOKAK;sokak;503031
NİĞDE;MERKEZ;DÜNDARLI - FATİH;TEPE KÜME EVLER;sokak;26558
NİĞDE;MERKEZ;DÜNDARLI - FATİH;TEPE/1 SOKAK;sokak;194449910
NİĞDE;MERKEZ;DÜNDARLI - YENİCE;AKTAŞ ÇIKMAZ SOKAK;sokak;511126
NİĞDE;MERKEZ;DÜNDARLI - YENİCE;ÇİMEN SOKAK;sokak;509470
NİĞDE;MERKEZ;DÜNDARLI - YENİCE;ÇİMEN/1 SOKAK;sokak;627947300
NİĞDE;MERKEZ;DÜNDARLI - YENİCE;ELMA SOKAK;sokak;518388
NİĞDE;MERKEZ;DÜNDARLI - YENİCE;ELMA/2 SOKAK;sokak;674034020
NİĞDE;MERKEZ;DÜNDARLI - YENİCE;ERCİYES CADDE;cadde;448599571
NİĞDE;MERKEZ;DÜNDARLI - YENİCE;GÜL ÇIKMAZ SOKAK;sokak;519188
NİĞDE;MERKEZ;DÜNDARLI - YENİCE;GÜLBAHÇE SOKAK;sokak;494663371
NİĞDE;MERKEZ;DÜNDARLI - YENİCE;GÜMÜŞ ÇIKMAZ SOKAK;sokak;509474
NİĞDE;MERKEZ;DÜNDARLI - YENİCE;KARAKOÇ ÇIKMAZ SOKAK;sokak;511123
NİĞDE;MERKEZ;DÜNDARLI - YENİCE;KILIÇ ÇIKMAZ SOKAK;sokak;509472
NİĞDE;MERKEZ;DÜNDARLI - YENİCE;KIRIMBAŞI KÜME EVLER;sokak;509468
NİĞDE;MERKEZ;DÜNDARLI - YENİCE;LALE ÇIKMAZ SOKAK;sokak;519189
NİĞDE;MERKEZ;DÜNDARLI - YENİCE;NİĞDE YOLU CADDE;cadde;511135
NİĞDE;MERKEZ;DÜNDARLI - YENİCE;NİĞDE YOLU/1 SOKAK;sokak;488963510
NİĞDE;MERKEZ;DÜNDARLI - YENİCE;NİĞDE YOLU/2 SOKAK;sokak;639184110
NİĞDE;MERKEZ;DÜNDARLI - YENİCE;NİĞDE YOLU/3 SOKAK;sokak;191653720
NİĞDE;MERKEZ;DÜNDARLI - YENİCE;SÜMBÜL SOKAK;sokak;509475
NİĞDE;MERKEZ;DÜNDARLI - YENİCE;YAYLA YOLU CADDE;cadde;511128
NİĞDE;MERKEZ;DÜNDARLI - YENİCE;ZİRVE SOKAK;sokak;521936
NİĞDE;MERKEZ;DÜNDARLI - ZAFER;BAYIR SOKAK;sokak;498365
NİĞDE;MERKEZ;DÜNDARLI - ZAFER;BURÇ KÜME EVLER;sokak;499615
NİĞDE;MERKEZ;DÜNDARLI - ZAFER;ÇAM SOKAK;sokak;516622
NİĞDE;MERKEZ;DÜNDARLI - ZAFER;ÇİÇEKLİ ÇIKMAZ SOKAK;sokak;586036
NİĞDE;MERKEZ;DÜNDARLI - ZAFER;DİCLE SOKAK;sokak;504558
NİĞDE;MERKEZ;DÜNDARLI - ZAFER;DİCLE/1 SOKAK;sokak;640020900
NİĞDE;MERKEZ;DÜNDARLI - ZAFER;DİCLE/4 SOKAK;sokak;785443680
NİĞDE;MERKEZ;DÜNDARLI - ZAFER;DÜNDARLI/1 SOKAK;sokak;341236530
NİĞDE;MERKEZ;DÜNDARLI - ZAFER;DÜNDARLI/3 SOKAK;sokak;397768020
NİĞDE;MERKEZ;DÜNDARLI - ZAFER;EMMİ KÜME EVLER;sokak;21125
NİĞDE;MERKEZ;DÜNDARLI - ZAFER;ERCİYES CADDE;cadde;368164
NİĞDE;MERKEZ;DÜNDARLI - ZAFER;EZGİ ÇIKMAZ SOKAK;sokak;488408
NİĞDE;MERKEZ;DÜNDARLI - ZAFER;FIRAT SOKAK;sokak;497224
NİĞDE;MERKEZ;DÜNDARLI - ZAFER;GÖKSU SOKAK;sokak;493211
NİĞDE;MERKEZ;DÜNDARLI - ZAFER;GÖLBAŞI KÜME EVLER;sokak;495347
NİĞDE;MERKEZ;DÜNDARLI - ZAFER;GÜLBESTE ÇIKMAZ SOKAK;sokak;498618
NİĞDE;MERKEZ;DÜNDARLI - ZAFER;GÜLŞEN SOKAK;sokak;487033
NİĞDE;MERKEZ;DÜNDARLI - ZAFER;KAÇKAR SOKAK;sokak;368163
NİĞDE;MERKEZ;DÜNDARLI - ZAFER;KAÇKAR/19 SOKAK;sokak;454635020
NİĞDE;MERKEZ;DÜNDARLI - ZAFER;KIZILCAMEŞE KÜME EVLER;sokak;21126
NİĞDE;MERKEZ;DÜNDARLI - ZAFER;NERGİS ÇIKMAZ SOKAK;sokak;494566
NİĞDE;MERKEZ;DÜNDARLI - ZAFER;ŞEHİT ABDULLAH YÜKSEL CADDE;cadde;21128
NİĞDE;MERKEZ;DÜNDARLI - ZAFER;ŞEHİT ABDULLAH YÜKSEL/2 SOKAK;sokak;886332430
NİĞDE;MERKEZ;DÜNDARLI - ZAFER;ŞEHİT YAKUP ERDEMİR CADDE;cadde;21127
NİĞDE;MERKEZ;DÜNDARLI - ZAFER;ŞEHİT YAKUP ERDEMİR/1 SOKAK;sokak;363014140
NİĞDE;MERKEZ;DÜNDARLI - ZAFER;ŞEHİT YAKUP ERDEMİR/12 SOKAK;sokak;940757440
NİĞDE;MERKEZ;DÜNDARLI - ZAFER;ŞEHİT YAKUP ERDEMİR/15 SOKAK;sokak;856561710
NİĞDE;MERKEZ;DÜNDARLI - ZAFER;ŞEHİT YAKUP ERDEMİR/2 SOKAK;sokak;131075520
NİĞDE;MERKEZ;DÜNDARLI - ZAFER;ŞEHİT YAKUP ERDEMİR/27 SOKAK;sokak;927911770
NİĞDE;MERKEZ;DÜNDARLI - ZAFER;ŞEHİT YAKUP ERDEMİR/30 SOKAK;sokak;877527050
NİĞDE;MERKEZ;DÜNDARLI - ZAFER;YAVUZLAR ÇIKMAZ SOKAK;sokak;498202
NİĞDE;MERKEZ;DÜNDARLI - ZAFER;YEŞİL ÇIKMAZ SOKAK;sokak;497037
NİĞDE;MERKEZ;DÜNDARLI - ZAFER;ZİYARET KÜME EVLER;sokak;490517
NİĞDE;MERKEZ;EDİKLİ - CUMHURİYET;15 TEMMUZ ŞEHİTLER CADDE;cadde;1304121
NİĞDE;MERKEZ;EDİKLİ - CUMHURİYET;301. CADDE;cadde;1493677
NİĞDE;MERKEZ;EDİKLİ - CUMHURİYET;302. SOKAK;sokak;1493705
NİĞDE;MERKEZ;EDİKLİ - CUMHURİYET;401 SOKAK;sokak;1493707
NİĞDE;MERKEZ;EDİKLİ - CUMHURİYET;402. SOKAK;sokak;1493685
NİĞDE;MERKEZ;EDİKLİ - CUMHURİYET;403. SOKAK;sokak;1493687
NİĞDE;MERKEZ;EDİKLİ - CUMHURİYET;404 SOKAK;sokak;1493709
NİĞDE;MERKEZ;EDİKLİ - CUMHURİYET;405 SOKAK;sokak;1493717
NİĞDE;MERKEZ;EDİKLİ - CUMHURİYET;406 SOKAK;sokak;1493691
NİĞDE;MERKEZ;EDİKLİ - CUMHURİYET;407 SOKAK;sokak;1493723
NİĞDE;MERKEZ;EDİKLİ - CUMHURİYET;AĞÇALI CADDE;cadde;21129
NİĞDE;MERKEZ;EDİKLİ - CUMHURİYET;ASBALA SOKAK;sokak;368165
NİĞDE;MERKEZ;EDİKLİ - CUMHURİYET;BIYIKLI SOKAK;sokak;21130
NİĞDE;MERKEZ;EDİKLİ - CUMHURİYET;BIYIKLI/1 SOKAK;sokak;480864740
NİĞDE;MERKEZ;EDİKLİ - CUMHURİYET;BİRİNCİ SOKAK;sokak;21131
NİĞDE;MERKEZ;EDİKLİ - CUMHURİYET;CAMİİ KEBİR CADDE;cadde;21132
NİĞDE;MERKEZ;EDİKLİ - CUMHURİYET;CAMİİ YOLU CADDE;cadde;21133
NİĞDE;MERKEZ;EDİKLİ - CUMHURİYET;ÇAKMAK/1 SOKAK;sokak;175304520
NİĞDE;MERKEZ;EDİKLİ - CUMHURİYET;ÇAKMAK/2 SOKAK;sokak;448707720
NİĞDE;MERKEZ;EDİKLİ - CUMHURİYET;ÇAKMAK/3 SOKAK;sokak;116755430
NİĞDE;MERKEZ;EDİKLİ - CUMHURİYET;DÖKMETAŞ SOKAK;sokak;478910
NİĞDE;MERKEZ;EDİKLİ - CUMHURİYET;DUYAR SOKAK;sokak;478915
NİĞDE;MERKEZ;EDİKLİ - CUMHURİYET;DUYAR/1 SOKAK;sokak;897231180
NİĞDE;MERKEZ;EDİKLİ - CUMHURİYET;EDİKLİ/1 SOKAK;sokak;682669720
NİĞDE;MERKEZ;EDİKLİ - CUMHURİYET;ELGAZİYOLU SOKAK;sokak;1489939
NİĞDE;MERKEZ;EDİKLİ - CUMHURİYET;ELGAZİYOLU/2 SOKAK;sokak;934493790
NİĞDE;MERKEZ;EDİKLİ - CUMHURİYET;KAYSERİ YOLU CADDE;cadde;863904
NİĞDE;MERKEZ;EDİKLİ - CUMHURİYET;KEPEZ SOKAK;sokak;478914
NİĞDE;MERKEZ;EDİKLİ - CUMHURİYET;KEPEZ YOLU SOKAK;sokak;368166
NİĞDE;MERKEZ;EDİKLİ - CUMHURİYET;KEPEZ YOLU/1 SOKAK;sokak;292848580
NİĞDE;MERKEZ;EDİKLİ - CUMHURİYET;KEPEZ/1 SOKAK;sokak;368255780
NİĞDE;MERKEZ;EDİKLİ - CUMHURİYET;KEPEZ/10 SOKAK;sokak;200416120
NİĞDE;MERKEZ;EDİKLİ - CUMHURİYET;KEPEZ/11 SOKAK;sokak;974420730
NİĞDE;MERKEZ;EDİKLİ - CUMHURİYET;KEPEZ/12 SOKAK;sokak;259035190
NİĞDE;MERKEZ;EDİKLİ - CUMHURİYET;KEPEZ/13 SOKAK;sokak;160787500
NİĞDE;MERKEZ;EDİKLİ - CUMHURİYET;KEPEZ/14 SOKAK;sokak;159191780
NİĞDE;MERKEZ;EDİKLİ - CUMHURİYET;KEPEZ/15 SOKAK;sokak;265049510
NİĞDE;MERKEZ;EDİKLİ - CUMHURİYET;KEPEZ/16 SOKAK;sokak;289547580
NİĞDE;MERKEZ;EDİKLİ - CUMHURİYET;KEPEZ/17 SOKAK;sokak;905779170
NİĞDE;MERKEZ;EDİKLİ - CUMHURİYET;KEPEZ/18 SOKAK;sokak;177572870
NİĞDE;MERKEZ;EDİKLİ - CUMHURİYET;KEPEZ/19 SOKAK;sokak;363811190
NİĞDE;MERKEZ;EDİKLİ - CUMHURİYET;KEPEZ/2 SOKAK;sokak;154725090
NİĞDE;MERKEZ;EDİKLİ - CUMHURİYET;KEPEZ/20 SOKAK;sokak;150521290
NİĞDE;MERKEZ;EDİKLİ - CUMHURİYET;KEPEZ/21 SOKAK;sokak;541470790
NİĞDE;MERKEZ;EDİKLİ - CUMHURİYET;KEPEZ/22 SOKAK;sokak;257338580
NİĞDE;MERKEZ;EDİKLİ - CUMHURİYET;KEPEZ/23 SOKAK;sokak;217577520
NİĞDE;MERKEZ;EDİKLİ - CUMHURİYET;KEPEZ/24 SOKAK;sokak;356942800
NİĞDE;MERKEZ;EDİKLİ - CUMHURİYET;KEPEZ/25 SOKAK;sokak;995027340
NİĞDE;MERKEZ;EDİKLİ - CUMHURİYET;KEPEZ/26 SOKAK;sokak;922913500
NİĞDE;MERKEZ;EDİKLİ - CUMHURİYET;KEPEZ/3 SOKAK;sokak;404208380
NİĞDE;MERKEZ;EDİKLİ - CUMHURİYET;KEPEZ/4 SOKAK;sokak;181604320
NİĞDE;MERKEZ;EDİKLİ - CUMHURİYET;KEPEZ/5 SOKAK;sokak;563186860
NİĞDE;MERKEZ;EDİKLİ - CUMHURİYET;KEPEZ/6 SOKAK;sokak;234669310
NİĞDE;MERKEZ;EDİKLİ - CUMHURİYET;KEPEZ/7 SOKAK;sokak;371574920
NİĞDE;MERKEZ;EDİKLİ - CUMHURİYET;KEPEZ/8 SOKAK;sokak;323139670
NİĞDE;MERKEZ;EDİKLİ - CUMHURİYET;KEPEZ/9 SOKAK;sokak;297729690
NİĞDE;MERKEZ;EDİKLİ - CUMHURİYET;KOYUNCULAR SOKAK;sokak;478913
NİĞDE;MERKEZ;EDİKLİ - CUMHURİYET;KÜÇÜKBIYIK SOKAK;sokak;478911
NİĞDE;MERKEZ;EDİKLİ - CUMHURİYET;KÜÇÜKBIYIK/1 SOKAK;sokak;117743120
NİĞDE;MERKEZ;EDİKLİ - CUMHURİYET;MUSALLİ CADDE;cadde;21135
NİĞDE;MERKEZ;EDİKLİ - CUMHURİYET;MUSALLİ/1 SOKAK;sokak;727967330
NİĞDE;MERKEZ;EDİKLİ - CUMHURİYET;MUSALLİ/2 SOKAK;sokak;399731510
NİĞDE;MERKEZ;EDİKLİ - CUMHURİYET;NAMANLAR SOKAK;sokak;368167
NİĞDE;MERKEZ;EDİKLİ - CUMHURİYET;NAMANLAR/1 SOKAK;sokak;795730020
NİĞDE;MERKEZ;EDİKLİ - CUMHURİYET;NAMANLAR/2 SOKAK;sokak;960062180
NİĞDE;MERKEZ;EDİKLİ - CUMHURİYET;NİĞDE YOLU CADDE;cadde;21136
NİĞDE;MERKEZ;EDİKLİ - CUMHURİYET;NİĞDE YOLU/2 SOKAK;sokak;696980740
NİĞDE;MERKEZ;EDİKLİ - CUMHURİYET;NİĞDE YOLU/3 SOKAK;sokak;710539790
NİĞDE;MERKEZ;EDİKLİ - CUMHURİYET;NİĞDE YOLU/5 SOKAK;sokak;896319070
NİĞDE;MERKEZ;EDİKLİ - CUMHURİYET;NİĞDE YOLU/7 SOKAK;sokak;206982540
NİĞDE;MERKEZ;EDİKLİ - CUMHURİYET;ORTA YOL SOKAK;sokak;21137
NİĞDE;MERKEZ;EDİKLİ - CUMHURİYET;ORTA YOL/1 SOKAK;sokak;881804350
NİĞDE;MERKEZ;EDİKLİ - CUMHURİYET;ORTA YOL/2 SOKAK;sokak;524167080
NİĞDE;MERKEZ;EDİKLİ - CUMHURİYET;ÖZKAL SOKAK;sokak;478906
NİĞDE;MERKEZ;EDİKLİ - CUMHURİYET;PANCAR SOKAK;sokak;478907
NİĞDE;MERKEZ;EDİKLİ - CUMHURİYET;SÜTCÜLER SOKAK;sokak;478905
NİĞDE;MERKEZ;EDİKLİ - CUMHURİYET;SÜTCÜLER/1 SOKAK;sokak;294552270
NİĞDE;MERKEZ;EDİKLİ - CUMHURİYET;ŞAMBAL SOKAK;sokak;483307
NİĞDE;MERKEZ;EDİKLİ - CUMHURİYET;UZMAN ÇAVUŞ YAKUP YAMAN SOKAK;sokak;45066370
NİĞDE;MERKEZ;EDİKLİ - CUMHURİYET;ÜCEN YOLU SOKAK;sokak;368168
NİĞDE;MERKEZ;EDİKLİ - CUMHURİYET;VEYSEL SOKAK;sokak;478912
NİĞDE;MERKEZ;EDİKLİ - CUMHURİYET;VİRAN SOKAK;sokak;478909
NİĞDE;MERKEZ;EDİKLİ - CUMHURİYET;YATMIŞ YOLU SOKAK;sokak;289583870
NİĞDE;MERKEZ;EDİKLİ - FEVZİPAŞA;15 TEMMUZ ŞEHİTLER CADDE;cadde;1304119
NİĞDE;MERKEZ;EDİKLİ - FEVZİPAŞA;15 TEMMUZ ŞEHİTLER1 SOKAK;sokak;521709740
NİĞDE;MERKEZ;EDİKLİ - FEVZİPAŞA;301 CADDE;cadde;1491701
NİĞDE;MERKEZ;EDİKLİ - FEVZİPAŞA;302. SOKAK;sokak;1493679
NİĞDE;MERKEZ;EDİKLİ - FEVZİPAŞA;AĞÇALI CADDE;cadde;21139
NİĞDE;MERKEZ;EDİKLİ - FEVZİPAŞA;ATATÜRK CADDE;cadde;476864
NİĞDE;MERKEZ;EDİKLİ - FEVZİPAŞA;BİLEN SOKAK;sokak;473783
NİĞDE;MERKEZ;EDİKLİ - FEVZİPAŞA;BOZYER SOKAK;sokak;476865
NİĞDE;MERKEZ;EDİKLİ - FEVZİPAŞA;BUDAKLI SOKAK;sokak;21140
NİĞDE;MERKEZ;EDİKLİ - FEVZİPAŞA;BUDAKLI/1 SOKAK;sokak;128773870
NİĞDE;MERKEZ;EDİKLİ - FEVZİPAŞA;CAMİİ KEBİR CADDE;cadde;21141
NİĞDE;MERKEZ;EDİKLİ - FEVZİPAŞA;CUMHURİYET CADDE;cadde;368169
NİĞDE;MERKEZ;EDİKLİ - FEVZİPAŞA;ÇAY YOLU CADDE;cadde;21147
NİĞDE;MERKEZ;EDİKLİ - FEVZİPAŞA;GAZİ ALİ EVLEK SOKAK;sokak;473784
NİĞDE;MERKEZ;EDİKLİ - FEVZİPAŞA;GAZİ ALİ EVLEK/1 SOKAK;sokak;385642410
NİĞDE;MERKEZ;EDİKLİ - FEVZİPAŞA;İNCEDERE SOKAK;sokak;21482
NİĞDE;MERKEZ;EDİKLİ - FEVZİPAŞA;İREM SOKAK;sokak;21142
NİĞDE;MERKEZ;EDİKLİ - FEVZİPAŞA;İREM/1 SOKAK;sokak;137067911
NİĞDE;MERKEZ;EDİKLİ - FEVZİPAŞA;KAMBER SOKAK;sokak;476866
NİĞDE;MERKEZ;EDİKLİ - FEVZİPAŞA;KAYADEMİR SOKAK;sokak;476783
NİĞDE;MERKEZ;EDİKLİ - FEVZİPAŞA;KİLSELİ SOKAK;sokak;473456
NİĞDE;MERKEZ;EDİKLİ - FEVZİPAŞA;KORUYUCULAR SOKAK;sokak;368170
NİĞDE;MERKEZ;EDİKLİ - FEVZİPAŞA;MANOLYA SOKAK;sokak;476784
NİĞDE;MERKEZ;EDİKLİ - FEVZİPAŞA;MAVRUŞ YOLU CADDE;cadde;21144
NİĞDE;MERKEZ;EDİKLİ - FEVZİPAŞA;MUSALLİ CADDE;cadde;21145
NİĞDE;MERKEZ;EDİKLİ - FEVZİPAŞA;NİĞDE YOLU CADDE;cadde;21146
NİĞDE;MERKEZ;EDİKLİ - FEVZİPAŞA;ORKİDE SOKAK;sokak;476781
NİĞDE;MERKEZ;EDİKLİ - FEVZİPAŞA;ORTAKAŞ SOKAK;sokak;368171
NİĞDE;MERKEZ;EDİKLİ - FEVZİPAŞA;ORTAKAŞ/1 SOKAK;sokak;939093720
NİĞDE;MERKEZ;EDİKLİ - FEVZİPAŞA;PINARALTI MEVKİ KÜME EVLER;sokak;476868
NİĞDE;MERKEZ;EDİKLİ - FEVZİPAŞA;SABRİ YEDİER SOKAK;sokak;1492067
NİĞDE;MERKEZ;EDİKLİ - FEVZİPAŞA;SOFİ SOKAK;sokak;1491659
NİĞDE;MERKEZ;EDİKLİ - FEVZİPAŞA;ŞEHİT AYHAN CADDE;cadde;21483
NİĞDE;MERKEZ;EDİKLİ - FEVZİPAŞA;ŞEHİT AYHAN/1 SOKAK;sokak;998659660
NİĞDE;MERKEZ;EDİKLİ - FEVZİPAŞA;ŞEHİT CUMA ÇAMUR CADDE;cadde;1493599
NİĞDE;MERKEZ;EDİKLİ - FEVZİPAŞA;ŞEHİT İHSAN CADDE;cadde;368172
NİĞDE;MERKEZ;EDİKLİ - FEVZİPAŞA;YALÇIN SOKAK;sokak;476782
NİĞDE;MERKEZ;EDİKLİ - HÜRRİYET;1.ÇIKMAZ SOKAK;sokak;21484
NİĞDE;MERKEZ;EDİKLİ - HÜRRİYET;1.ÇIKMAZ/1 SOKAK;sokak;946325100
NİĞDE;MERKEZ;EDİKLİ - HÜRRİYET;AKTAŞ ÇIKMAZI SOKAK;sokak;477318
NİĞDE;MERKEZ;EDİKLİ - HÜRRİYET;AYDINLAR CADDE;cadde;475440
NİĞDE;MERKEZ;EDİKLİ - HÜRRİYET;AYDINLAR/1 SOKAK;sokak;687902290
NİĞDE;MERKEZ;EDİKLİ - HÜRRİYET;AYDINLAR/2 SOKAK;sokak;478461180
NİĞDE;MERKEZ;EDİKLİ - HÜRRİYET;AYRANCILAR SOKAK;sokak;21485
NİĞDE;MERKEZ;EDİKLİ - HÜRRİYET;AYTAŞ SOKAK;sokak;21486
NİĞDE;MERKEZ;EDİKLİ - HÜRRİYET;AYTAŞ/1 SOKAK;sokak;996090750
NİĞDE;MERKEZ;EDİKLİ - HÜRRİYET;DAL SOKAK;sokak;476444
NİĞDE;MERKEZ;EDİKLİ - HÜRRİYET;DEMİRLER SOKAK;sokak;368173
NİĞDE;MERKEZ;EDİKLİ - HÜRRİYET;DERE ÇIKMAZI SOKAK;sokak;476445
NİĞDE;MERKEZ;EDİKLİ - HÜRRİYET;DEREBOYU SOKAK;sokak;21487
NİĞDE;MERKEZ;EDİKLİ - HÜRRİYET;DEREBOYU/1 SOKAK;sokak;196493750
NİĞDE;MERKEZ;EDİKLİ - HÜRRİYET;FELLAH SOKAK;sokak;21488
NİĞDE;MERKEZ;EDİKLİ - HÜRRİYET;FELLAH/1 SOKAK;sokak;620504890
NİĞDE;MERKEZ;EDİKLİ - HÜRRİYET;GAZİLER CADDE;cadde;21489
NİĞDE;MERKEZ;EDİKLİ - HÜRRİYET;GAZİLER/2 SOKAK;sokak;293944000
NİĞDE;MERKEZ;EDİKLİ - HÜRRİYET;GÖKDEMİR SOKAK;sokak;476443
NİĞDE;MERKEZ;EDİKLİ - HÜRRİYET;HÜYÜK YOLU CADDE;cadde;476441
NİĞDE;MERKEZ;EDİKLİ - HÜRRİYET;İREM/1 SOKAK;sokak;137067910
NİĞDE;MERKEZ;EDİKLİ - HÜRRİYET;KUPOMAR SOKAK;sokak;368174
NİĞDE;MERKEZ;EDİKLİ - HÜRRİYET;KUPOMAR/1 SOKAK;sokak;453478950
NİĞDE;MERKEZ;EDİKLİ - HÜRRİYET;KURAN KURSU SOKAK;sokak;21490
NİĞDE;MERKEZ;EDİKLİ - HÜRRİYET;KURAN KURSU/1 SOKAK;sokak;739192840
NİĞDE;MERKEZ;EDİKLİ - HÜRRİYET;ORHANLI YOLU SOKAK;sokak;21491
NİĞDE;MERKEZ;EDİKLİ - HÜRRİYET;ORHANLI YOLU/1 SOKAK;sokak;350455330
NİĞDE;MERKEZ;EDİKLİ - HÜRRİYET;ÖRENLER SOKAK;sokak;476440
NİĞDE;MERKEZ;EDİKLİ - YENİ;1.BATI SOKAK;sokak;21502
NİĞDE;MERKEZ;EDİKLİ - YENİ;1.BATI/1 SOKAK;sokak;617627200
NİĞDE;MERKEZ;EDİKLİ - YENİ;2.BATI SOKAK;sokak;21503
NİĞDE;MERKEZ;EDİKLİ - YENİ;2.BATI/2 SOKAK;sokak;685426040
NİĞDE;MERKEZ;EDİKLİ - YENİ;AVKIRAN SOKAK;sokak;474275
NİĞDE;MERKEZ;EDİKLİ - YENİ;AYHAN SOKAK;sokak;474270
NİĞDE;MERKEZ;EDİKLİ - YENİ;AYHAN/1 SOKAK;sokak;159578630
NİĞDE;MERKEZ;EDİKLİ - YENİ;BAHÇE SOKAK;sokak;21492
NİĞDE;MERKEZ;EDİKLİ - YENİ;ÇAY YOLU CADDE;cadde;368179
NİĞDE;MERKEZ;EDİKLİ - YENİ;DİZLEK SOKAK;sokak;473789
NİĞDE;MERKEZ;EDİKLİ - YENİ;EDİKLİ/1 SOKAK;sokak;559062340
NİĞDE;MERKEZ;EDİKLİ - YENİ;ERKAN SOKAK;sokak;368175
NİĞDE;MERKEZ;EDİKLİ - YENİ;FAİK SOKAK;sokak;473791
NİĞDE;MERKEZ;EDİKLİ - YENİ;GAZİLER CADDE;cadde;477326
NİĞDE;MERKEZ;EDİKLİ - YENİ;GAZİLER/1 SOKAK;sokak;652329690
NİĞDE;MERKEZ;EDİKLİ - YENİ;GAZİLER/3 SOKAK;sokak;926178770
NİĞDE;MERKEZ;EDİKLİ - YENİ;GERMEGENLİ SOKAK;sokak;21493
NİĞDE;MERKEZ;EDİKLİ - YENİ;GERMEGENLİ/1 SOKAK;sokak;782545620
NİĞDE;MERKEZ;EDİKLİ - YENİ;HÜYÜK YOLU CADDE;cadde;21494
NİĞDE;MERKEZ;EDİKLİ - YENİ;KARDEŞ SOKAK;sokak;368176
NİĞDE;MERKEZ;EDİKLİ - YENİ;KARDEŞ/1 SOKAK;sokak;327872280
NİĞDE;MERKEZ;EDİKLİ - YENİ;KOÇ SOKAK;sokak;21495
NİĞDE;MERKEZ;EDİKLİ - YENİ;KORUYUCULAR SOKAK;sokak;873655160
NİĞDE;MERKEZ;EDİKLİ - YENİ;KÖPRÜ SOKAK;sokak;473785
NİĞDE;MERKEZ;EDİKLİ - YENİ;KÜÇÜKTEPE SOKAK;sokak;21496
NİĞDE;MERKEZ;EDİKLİ - YENİ;LALELİ SOKAK;sokak;477327
NİĞDE;MERKEZ;EDİKLİ - YENİ;LALELİ/1 SOKAK;sokak;404337990
NİĞDE;MERKEZ;EDİKLİ - YENİ;MAVRUŞ YOLU CADDE;cadde;368177
NİĞDE;MERKEZ;EDİKLİ - YENİ;MAVRUŞ YOLU/1 SOKAK;sokak;249338060
NİĞDE;MERKEZ;EDİKLİ - YENİ;MEZARLIK YOLU SOKAK;sokak;473786
NİĞDE;MERKEZ;EDİKLİ - YENİ;MEZARLIK YOLU/1 SOKAK;sokak;996377200
NİĞDE;MERKEZ;EDİKLİ - YENİ;MEZARLIK YOLU/2 SOKAK;sokak;315042850
NİĞDE;MERKEZ;EDİKLİ - YENİ;NİĞDE KAYSERİ CADDE;cadde;954574
NİĞDE;MERKEZ;EDİKLİ - YENİ;NİĞDE YOLU CADDE;cadde;21497
NİĞDE;MERKEZ;EDİKLİ - YENİ;NİĞDE YOLU/1 SOKAK;sokak;100397820
NİĞDE;MERKEZ;EDİKLİ - YENİ;NİĞDE YOLU/4 SOKAK;sokak;847355470
NİĞDE;MERKEZ;EDİKLİ - YENİ;NİĞDE YOLU/6 SOKAK;sokak;702626210
NİĞDE;MERKEZ;EDİKLİ - YENİ;OKUL YOLU CADDE;cadde;21498
NİĞDE;MERKEZ;EDİKLİ - YENİ;OKUL YOLU/1 SOKAK;sokak;280781290
NİĞDE;MERKEZ;EDİKLİ - YENİ;OKUL YOLU/2 SOKAK;sokak;437862840
NİĞDE;MERKEZ;EDİKLİ - YENİ;OKUL YOLU/3 SOKAK;sokak;303164670
NİĞDE;MERKEZ;EDİKLİ - YENİ;ORHANLI YOLU SOKAK;sokak;21499
NİĞDE;MERKEZ;EDİKLİ - YENİ;ORHANLI YOLU/2 SOKAK;sokak;176029540
NİĞDE;MERKEZ;EDİKLİ - YENİ;ORHANLI YOLU/3 SOKAK;sokak;930129380
NİĞDE;MERKEZ;EDİKLİ - YENİ;ORHANLI YOLU/4 SOKAK;sokak;529095870
NİĞDE;MERKEZ;EDİKLİ - YENİ;ÖRENLER SOKAK;sokak;21501
NİĞDE;MERKEZ;EDİKLİ - YENİ;ÖRGEN SOKAK;sokak;473790
NİĞDE;MERKEZ;EDİKLİ - YENİ;SULUDERE SOKAK;sokak;368178
NİĞDE;MERKEZ;EDİKLİ - YENİ;SULUDERE/1 SOKAK;sokak;152371000
NİĞDE;MERKEZ;EDİKLİ - YENİ;TEPE 1. SOKAK;sokak;473787
NİĞDE;MERKEZ;EDİKLİ - YENİ;TEPE 2. SOKAK;sokak;473788
NİĞDE;MERKEZ;EDİKLİ - YENİ;TEPE 3. SOKAK;sokak;474273
NİĞDE;MERKEZ;EDİKLİ - YENİ;TEPE 4. SOKAK;sokak;474274
NİĞDE;MERKEZ;EDİKLİ - YENİ;UYSAL SOKAK;sokak;474277
NİĞDE;MERKEZ;EDİKLİ - YENİ;ÜÇKUYU KÜME EVLER;sokak;257352340
NİĞDE;MERKEZ;EDİKLİ - YENİ;YAMAÇ SOKAK;sokak;474276
NİĞDE;MERKEZ;EDİKLİ - YENİ;YATMIŞ YOLU SOKAK;sokak;21500
NİĞDE;MERKEZ;EDİKLİ - YENİ;YATMIŞ YOLU/1 SOKAK;sokak;282768890
NİĞDE;MERKEZ;EDİKLİ - YENİ;YATMIŞ YOLU/2 SOKAK;sokak;126864990
NİĞDE;MERKEZ;EDİKLİ - YENİ;YATMIŞ YOLU/3 SOKAK;sokak;541437220
NİĞDE;MERKEZ;EDİKLİ - YENİ;YATMIŞ YOLU/4 SOKAK;sokak;116416510
NİĞDE;MERKEZ;EDİKLİ - YENİ;YATMIŞ YOLU/5 SOKAK;sokak;313480710
NİĞDE;MERKEZ;EFENDİBEY;2000 SOKAK;sokak;995181281
NİĞDE;MERKEZ;EFENDİBEY;2001 SOKAK;sokak;755566471
NİĞDE;MERKEZ;EFENDİBEY;2002 SOKAK;sokak;142868351
NİĞDE;MERKEZ;EFENDİBEY;2003 SOKAK;sokak;798418621
NİĞDE;MERKEZ;EFENDİBEY;2004 SOKAK;sokak;270885821
NİĞDE;MERKEZ;EFENDİBEY;2005 SOKAK;sokak;397046891
NİĞDE;MERKEZ;EFENDİBEY;2006 SOKAK;sokak;645194991
NİĞDE;MERKEZ;EFENDİBEY;2007 SOKAK;sokak;504785441
NİĞDE;MERKEZ;EFENDİBEY;2008 SOKAK;sokak;738434011
NİĞDE;MERKEZ;EFENDİBEY;2009 SOKAK;sokak;982038961
NİĞDE;MERKEZ;EFENDİBEY;2010 SOKAK;sokak;989446631
NİĞDE;MERKEZ;EFENDİBEY;2011 SOKAK;sokak;990452131
NİĞDE;MERKEZ;EFENDİBEY;2012 SOKAK;sokak;333798271
NİĞDE;MERKEZ;EFENDİBEY;2013 SOKAK;sokak;168633751
NİĞDE;MERKEZ;EFENDİBEY;2014 SOKAK;sokak;790201451
NİĞDE;MERKEZ;EFENDİBEY;2016 SOKAK;sokak;828355131
NİĞDE;MERKEZ;EFENDİBEY;2018 SOKAK;sokak;600777241
NİĞDE;MERKEZ;EFENDİBEY;2020 SOKAK;sokak;823504631
NİĞDE;MERKEZ;EFENDİBEY;2022 SOKAK;sokak;544493011
NİĞDE;MERKEZ;EFENDİBEY;2024 SOKAK;sokak;448063051
NİĞDE;MERKEZ;EFENDİBEY;2026 SOKAK;sokak;877776941
NİĞDE;MERKEZ;EFENDİBEY;2028 SOKAK;sokak;748090881
NİĞDE;MERKEZ;EFENDİBEY;2030 SOKAK;sokak;435274641
NİĞDE;MERKEZ;EFENDİBEY;2032 SOKAK;sokak;542107521
NİĞDE;MERKEZ;EFENDİBEY;2036 SOKAK;sokak;627987491
NİĞDE;MERKEZ;EFENDİBEY;2038 SOKAK;sokak;826271831
NİĞDE;MERKEZ;EFENDİBEY;AHU SOKAK;sokak;25080
NİĞDE;MERKEZ;EFENDİBEY;AKBAL SOKAK;sokak;833081
NİĞDE;MERKEZ;EFENDİBEY;AKKUŞ 1 SOKAK;sokak;25081
NİĞDE;MERKEZ;EFENDİBEY;AKSOKU SOKAK;sokak;371593
NİĞDE;MERKEZ;EFENDİBEY;ALEV SOKAK;sokak;372059
NİĞDE;MERKEZ;EFENDİBEY;AMAS BAĞLARI SOKAK;sokak;25084
NİĞDE;MERKEZ;EFENDİBEY;AMAS BULVAR;sokak;832378
NİĞDE;MERKEZ;EFENDİBEY;AMAS YOLU SOKAK;sokak;25085
NİĞDE;MERKEZ;EFENDİBEY;BAHAR SOKAK;sokak;25427
NİĞDE;MERKEZ;EFENDİBEY;BAYIR SOKAK;sokak;25463
NİĞDE;MERKEZ;EFENDİBEY;BEGONYA SOKAK;sokak;25428
NİĞDE;MERKEZ;EFENDİBEY;BEKİR ÖZEL SOKAK;sokak;25429
NİĞDE;MERKEZ;EFENDİBEY;BENT SOKAK;sokak;25430
NİĞDE;MERKEZ;EFENDİBEY;CAN SOKAK;sokak;25432
NİĞDE;MERKEZ;EFENDİBEY;CANDAN SOKAK;sokak;25433
NİĞDE;MERKEZ;EFENDİBEY;CANDAN1 SOKAK;sokak;759323921
NİĞDE;MERKEZ;EFENDİBEY;CANDAN2 SOKAK;sokak;396926781
NİĞDE;MERKEZ;EFENDİBEY;CİHAN SOKAK;sokak;528052
NİĞDE;MERKEZ;EFENDİBEY;ÇAM SOKAK;sokak;25070
NİĞDE;MERKEZ;EFENDİBEY;ÇİÇEK SOKAK;sokak;529961
NİĞDE;MERKEZ;EFENDİBEY;ÇİFTLİK BAĞLARI SOKAK;sokak;372057
NİĞDE;MERKEZ;EFENDİBEY;DOKTOR MÜZEYYEN TOKER CADDE;cadde;123698311
NİĞDE;MERKEZ;EFENDİBEY;DUTLU CAMİİ SOKAK;sokak;25440
NİĞDE;MERKEZ;EFENDİBEY;EMİN ERİŞİRGİL BULVAR;sokak;579494060
NİĞDE;MERKEZ;EFENDİBEY;ENDAM SOKAK;sokak;141735201
NİĞDE;MERKEZ;EFENDİBEY;FARABİ SOKAK;sokak;1435557
NİĞDE;MERKEZ;EFENDİBEY;FESLEĞEN CAMİİ SOKAK;sokak;372062
NİĞDE;MERKEZ;EFENDİBEY;FESLEĞEN ÇIKMAZI SOKAK;sokak;374592860
NİĞDE;MERKEZ;EFENDİBEY;FİLİZ SOKAK;sokak;194797
NİĞDE;MERKEZ;EFENDİBEY;FUZULİ SOKAK;sokak;1435559
NİĞDE;MERKEZ;EFENDİBEY;GÖÇMEN SOKAK;sokak;265199
NİĞDE;MERKEZ;EFENDİBEY;GÖZTEPE SOKAK;sokak;857284
NİĞDE;MERKEZ;EFENDİBEY;GÖZTEPE1 SOKAK;sokak;455588481
NİĞDE;MERKEZ;EFENDİBEY;GÜRBÜZLER SOKAK;sokak;25451
NİĞDE;MERKEZ;EFENDİBEY;İLHAM SOKAK;sokak;247618351
NİĞDE;MERKEZ;EFENDİBEY;İSTİKLAL/3 SOKAK;sokak;907305
NİĞDE;MERKEZ;EFENDİBEY;KADİFE SOKAK;sokak;25452
NİĞDE;MERKEZ;EFENDİBEY;KAMELYA SOKAK;sokak;25454
NİĞDE;MERKEZ;EFENDİBEY;KANEL SOKAK;sokak;25455
NİĞDE;MERKEZ;EFENDİBEY;KARANFİL SOKAK;sokak;25456
NİĞDE;MERKEZ;EFENDİBEY;KARŞIYAKA SOKAK;sokak;845566
NİĞDE;MERKEZ;EFENDİBEY;KARŞIYAKA1 SOKAK;sokak;186805381
NİĞDE;MERKEZ;EFENDİBEY;KARŞIYAKA2 SOKAK;sokak;992170931
NİĞDE;MERKEZ;EFENDİBEY;KARŞIYAKA3 SOKAK;sokak;470344341
NİĞDE;MERKEZ;EFENDİBEY;KAYALAR SOKAK;sokak;23772
NİĞDE;MERKEZ;EFENDİBEY;KIRÇİÇEĞİ SOKAK;sokak;135991051
NİĞDE;MERKEZ;EFENDİBEY;KIRÇİÇEĞİ1 SOKAK;sokak;349897231
NİĞDE;MERKEZ;EFENDİBEY;KIRÇİÇEĞİ2 SOKAK;sokak;777584311
NİĞDE;MERKEZ;EFENDİBEY;KIRLANGIÇ SOKAK;sokak;25049
NİĞDE;MERKEZ;EFENDİBEY;KIVRAK SOKAK;sokak;735748
NİĞDE;MERKEZ;EFENDİBEY;KORU SOKAK;sokak;25050
NİĞDE;MERKEZ;EFENDİBEY;KÖKNAR SOKAK;sokak;25051
NİĞDE;MERKEZ;EFENDİBEY;MENEKŞE SOKAK;sokak;25052
NİĞDE;MERKEZ;EFENDİBEY;MEVLANA SOKAK;sokak;1439635
NİĞDE;MERKEZ;EFENDİBEY;MİMAR SİNAN SOKAK;sokak;1430563
NİĞDE;MERKEZ;EFENDİBEY;MUHSİN YAZICIOĞLU CADDE;cadde;833080
NİĞDE;MERKEZ;EFENDİBEY;MUHSİN YAZICIOĞLU1 SOKAK;sokak;756188841
NİĞDE;MERKEZ;EFENDİBEY;MUHSİN YAZICIOĞLU2 SOKAK;sokak;969029371
NİĞDE;MERKEZ;EFENDİBEY;MUHSİN YAZICIOĞLU3 SOKAK;sokak;995041441
NİĞDE;MERKEZ;EFENDİBEY;NECMETTIN ERBAKAN BULVAR;sokak;25064
NİĞDE;MERKEZ;EFENDİBEY;NECMETTİN ERBAKAN BULVAR;sokak;1434989
NİĞDE;MERKEZ;EFENDİBEY;NİĞBAŞ ÇIKMAZI SOKAK;sokak;25053
NİĞDE;MERKEZ;EFENDİBEY;NİHAL SOKAK;sokak;357112
NİĞDE;MERKEZ;EFENDİBEY;OKAN SOKAK;sokak;832359451
NİĞDE;MERKEZ;EFENDİBEY;ORHAN GAZİ SOKAK;sokak;1430557
NİĞDE;MERKEZ;EFENDİBEY;OSMAN GAZİ CADDE;cadde;1430521
NİĞDE;MERKEZ;EFENDİBEY;OSMANCIK SOKAK;sokak;34454
NİĞDE;MERKEZ;EFENDİBEY;OTAĞ SOKAK;sokak;525212
NİĞDE;MERKEZ;EFENDİBEY;OTAĞ1 SOKAK;sokak;292994921
NİĞDE;MERKEZ;EFENDİBEY;ÖBEK SOKAK;sokak;25071
NİĞDE;MERKEZ;EFENDİBEY;ÖĞRETMEN ALİ EKEN SOKAK;sokak;25073
NİĞDE;MERKEZ;EFENDİBEY;ÖVGÜ SOKAK;sokak;25457
NİĞDE;MERKEZ;EFENDİBEY;ÖYKÜ SOKAK;sokak;23770
NİĞDE;MERKEZ;EFENDİBEY;ÖZBAY SOKAK;sokak;409419990
NİĞDE;MERKEZ;EFENDİBEY;ÖZGÜ SOKAK;sokak;25460
NİĞDE;MERKEZ;EFENDİBEY;ÖZTÜRK SOKAK;sokak;27245
NİĞDE;MERKEZ;EFENDİBEY;PINAR SOKAK;sokak;25056
NİĞDE;MERKEZ;EFENDİBEY;PIRLANTA SOKAK;sokak;25459
NİĞDE;MERKEZ;EFENDİBEY;POLİS LOJMANLARI SOKAK;sokak;25057
NİĞDE;MERKEZ;EFENDİBEY;RECEP TAYYİP ERDOĞAN BULVAR;sokak;1430553
NİĞDE;MERKEZ;EFENDİBEY;REYHAN SOKAK;sokak;25458
NİĞDE;MERKEZ;EFENDİBEY;SAFİR SOKAK;sokak;25058
NİĞDE;MERKEZ;EFENDİBEY;SARDUNYA SOKAK;sokak;25059
NİĞDE;MERKEZ;EFENDİBEY;SAYGILI SOKAK;sokak;827836
NİĞDE;MERKEZ;EFENDİBEY;SEDA SOKAK;sokak;456958551
NİĞDE;MERKEZ;EFENDİBEY;SERTAÇ SOKAK;sokak;483454091
NİĞDE;MERKEZ;EFENDİBEY;SUAT BAYKAL CADDE;cadde;25060
NİĞDE;MERKEZ;EFENDİBEY;SULTAN SOKAK;sokak;372064
NİĞDE;MERKEZ;EFENDİBEY;SÜMBÜL SOKAK;sokak;27241
NİĞDE;MERKEZ;EFENDİBEY;ŞAHİKA SOKAK;sokak;426545
NİĞDE;MERKEZ;EFENDİBEY;ŞEBBOY SOKAK;sokak;25076
NİĞDE;MERKEZ;EFENDİBEY;ŞEBNEM SOKAK;sokak;25077
NİĞDE;MERKEZ;EFENDİBEY;ŞEFİK SOYER MEYDAN;sokak;567551430
NİĞDE;MERKEZ;EFENDİBEY;ŞEHİT FAZIL DOĞRUÖZ SOKAK;sokak;25082
NİĞDE;MERKEZ;EFENDİBEY;ŞİMŞEK SOKAK;sokak;739563
NİĞDE;MERKEZ;EFENDİBEY;ŞİMŞİR SOKAK;sokak;372058
NİĞDE;MERKEZ;EFENDİBEY;ŞİRİNLER SOKAK;sokak;25078
NİĞDE;MERKEZ;EFENDİBEY;TERCAN SOKAK;sokak;229479
NİĞDE;MERKEZ;EFENDİBEY;TERCAN1 SOKAK;sokak;955714281
NİĞDE;MERKEZ;EFENDİBEY;TOLU SOKAK;sokak;699732531
NİĞDE;MERKEZ;EFENDİBEY;TOMURCUK SOKAK;sokak;25062
NİĞDE;MERKEZ;EFENDİBEY;TOPRAKLIK SOKAK;sokak;352546
NİĞDE;MERKEZ;EFENDİBEY;TUNÇ SOKAK;sokak;817948
NİĞDE;MERKEZ;EFENDİBEY;TÜRK SOKAK;sokak;372065
NİĞDE;MERKEZ;EFENDİBEY;ULAŞ SOKAK;sokak;25063
NİĞDE;MERKEZ;EFENDİBEY;UYGAR SOKAK;sokak;200409
NİĞDE;MERKEZ;EFENDİBEY;UZUN SOKAK;sokak;25462
NİĞDE;MERKEZ;EFENDİBEY;ÜMİTLER SOKAK;sokak;25074
NİĞDE;MERKEZ;EFENDİBEY;YAYLA SOKAK;sokak;230501
NİĞDE;MERKEZ;EFENDİBEY;YAZAR SOKAK;sokak;75767
NİĞDE;MERKEZ;EFENDİBEY;YUDUM SOKAK;sokak;892330841
NİĞDE;MERKEZ;EFENDİBEY;YUNA SOKAK;sokak;25067
NİĞDE;MERKEZ;EFENDİBEY;YUNUS SOKAK;sokak;25068
NİĞDE;MERKEZ;EFENDİBEY;ZOBU SOKAK;sokak;27243
NİĞDE;MERKEZ;ELMALI - CUMHURİYET;CUMHURİYET SOKAK;sokak;21504
NİĞDE;MERKEZ;ELMALI - CUMHURİYET;ÇAMARDI YOLU BULVAR;sokak;307793261
NİĞDE;MERKEZ;ELMALI - CUMHURİYET;ÇAMARDI YOLU/15 SOKAK;sokak;377209350
NİĞDE;MERKEZ;ELMALI - CUMHURİYET;ÇAMARDI YOLU/2 SOKAK;sokak;491848640
NİĞDE;MERKEZ;ELMALI - CUMHURİYET;ÇAMARDI YOLU/3 SOKAK;sokak;446133540
NİĞDE;MERKEZ;ELMALI - CUMHURİYET;ÇAMARDI YOLU/4 SOKAK;sokak;309550250
NİĞDE;MERKEZ;ELMALI - CUMHURİYET;ÇAMARDI YOLU/5 SOKAK;sokak;443341260
NİĞDE;MERKEZ;ELMALI - CUMHURİYET;ÇAMARDI YOLU/6 SOKAK;sokak;541374350
NİĞDE;MERKEZ;ELMALI - CUMHURİYET;ETHEM SOKAK;sokak;908173701
NİĞDE;MERKEZ;ELMALI - CUMHURİYET;FATİH SOKAK;sokak;368180
NİĞDE;MERKEZ;ELMALI - CUMHURİYET;FATİH/3 SOKAK;sokak;256827250
NİĞDE;MERKEZ;ELMALI - CUMHURİYET;GÖZDE SOKAK;sokak;506971
NİĞDE;MERKEZ;ELMALI - CUMHURİYET;GÖZDE/1 SOKAK;sokak;161993740
NİĞDE;MERKEZ;ELMALI - CUMHURİYET;HAFIZ MEVLÜT SOKAK;sokak;496323
NİĞDE;MERKEZ;ELMALI - CUMHURİYET;HAFIZ MEVLÜT/2 SOKAK;sokak;240054310
NİĞDE;MERKEZ;ELMALI - CUMHURİYET;HASTANE SOKAK;sokak;368181
NİĞDE;MERKEZ;ELMALI - CUMHURİYET;HASTANE/1 SOKAK;sokak;525528250
NİĞDE;MERKEZ;ELMALI - CUMHURİYET;HASTANE/2 SOKAK;sokak;341520170
NİĞDE;MERKEZ;ELMALI - CUMHURİYET;HİLAL SOKAK;sokak;499553
NİĞDE;MERKEZ;ELMALI - CUMHURİYET;İRFAN SOKAK;sokak;500996
NİĞDE;MERKEZ;ELMALI - CUMHURİYET;İSTİKLAL SOKAK;sokak;368182
NİĞDE;MERKEZ;ELMALI - CUMHURİYET;KARŞIYAKA/4 SOKAK;sokak;403436340
NİĞDE;MERKEZ;ELMALI - CUMHURİYET;KARŞIYAKA/6 SOKAK;sokak;109665210
NİĞDE;MERKEZ;ELMALI - CUMHURİYET;RASİM HOCA SOKAK;sokak;501553
NİĞDE;MERKEZ;ELMALI - CUMHURİYET;RASİM HOCA/1 SOKAK;sokak;406968330
NİĞDE;MERKEZ;ELMALI - CUMHURİYET;SÜMBÜL SOKAK;sokak;497777
NİĞDE;MERKEZ;ELMALI - CUMHURİYET;ŞIH HÜSEYİN SOKAK;sokak;21506
NİĞDE;MERKEZ;ELMALI - KALE;ÇAMARDI YOLU BULVAR;sokak;307793260
NİĞDE;MERKEZ;ELMALI - KALE;ÇİĞDEM SOKAK;sokak;504693
NİĞDE;MERKEZ;ELMALI - KALE;FATİH SOKAK;sokak;21507
NİĞDE;MERKEZ;ELMALI - KALE;FATİH/2 SOKAK;sokak;947748740
NİĞDE;MERKEZ;ELMALI - KALE;FATİH/3 SOKAK;sokak;256827251
NİĞDE;MERKEZ;ELMALI - KALE;FAZİLET SOKAK;sokak;487920
NİĞDE;MERKEZ;ELMALI - KALE;FEVZİ ÇAKMAK SOKAK;sokak;368183
NİĞDE;MERKEZ;ELMALI - KALE;FEVZİ ÇAKMAK/1 SOKAK;sokak;747386340
NİĞDE;MERKEZ;ELMALI - KALE;FEVZİ ÇAKMAK/10 SOKAK;sokak;558942240
NİĞDE;MERKEZ;ELMALI - KALE;FEVZİ ÇAKMAK/2 SOKAK;sokak;947696840
NİĞDE;MERKEZ;ELMALI - KALE;FEVZİ ÇAKMAK/3 SOKAK;sokak;698387790
NİĞDE;MERKEZ;ELMALI - KALE;FEVZİ ÇAKMAK/4 SOKAK;sokak;138266230
NİĞDE;MERKEZ;ELMALI - KALE;FEVZİ ÇAKMAK/6 SOKAK;sokak;754210650
NİĞDE;MERKEZ;ELMALI - KALE;FEVZİ ÇAKMAK/7 SOKAK;sokak;527677870
NİĞDE;MERKEZ;ELMALI - KALE;İSTİKLAL SOKAK;sokak;543518611
NİĞDE;MERKEZ;ELMALI - KALE;İSTİKLAL/1 SOKAK;sokak;901719921
NİĞDE;MERKEZ;ELMALI - KALE;KARANFİL SOKAK;sokak;504691
NİĞDE;MERKEZ;ELMALI - KALE;MANOLYA SOKAK;sokak;504690
NİĞDE;MERKEZ;ELMALI - KALE;MANOLYA/1 SOKAK;sokak;241627110
NİĞDE;MERKEZ;ELMALI - KALE;NİGAR SOKAK;sokak;501934
NİĞDE;MERKEZ;ELMALI - KALE;NİGAR/1 SOKAK;sokak;369495350
NİĞDE;MERKEZ;ELMALI - KALE;NİGAR/2 SOKAK;sokak;815198290
NİĞDE;MERKEZ;ELMALI - KALE;NİGAR/3 SOKAK;sokak;988725260
NİĞDE;MERKEZ;ELMALI - KALE;NİGAR/30 SOKAK;sokak;548233800
NİĞDE;MERKEZ;ELMALI - KALE;NİGAR/4 SOKAK;sokak;806231840
NİĞDE;MERKEZ;ELMALI - KALE;NİGAR/5 SOKAK;sokak;593144500
NİĞDE;MERKEZ;ELMALI - KALE;NİGAR/6 SOKAK;sokak;380694560
NİĞDE;MERKEZ;ELMALI - KALE;ŞIH HÜSEYİN SOKAK;sokak;439483711
NİĞDE;MERKEZ;ELMALI - KALE;TÜRBE SOKAK;sokak;504695
NİĞDE;MERKEZ;ELMALI - KARŞIYAKA;ÇAMARDI YOLU BULVAR;sokak;133249340
NİĞDE;MERKEZ;ELMALI - KARŞIYAKA;ÇAMARDI YOLU/10 SOKAK;sokak;720744200
NİĞDE;MERKEZ;ELMALI - KARŞIYAKA;ÇAMARDI YOLU/11 SOKAK;sokak;699991000
NİĞDE;MERKEZ;ELMALI - KARŞIYAKA;ÇAMARDI YOLU/12 SOKAK;sokak;191575930
NİĞDE;MERKEZ;ELMALI - KARŞIYAKA;ÇAMARDI YOLU/13 SOKAK;sokak;286394740
NİĞDE;MERKEZ;ELMALI - KARŞIYAKA;ÇINAR/2 SOKAK;sokak;875693150
NİĞDE;MERKEZ;ELMALI - KARŞIYAKA;ÇINAR/9 SOKAK;sokak;418941630
NİĞDE;MERKEZ;ELMALI - KARŞIYAKA;DİKİLİTAŞ/14 SOKAK;sokak;447976780
NİĞDE;MERKEZ;ELMALI - KARŞIYAKA;FATİH SOKAK;sokak;408197810
NİĞDE;MERKEZ;ELMALI - KARŞIYAKA;KARŞIYAKA/1 SOKAK;sokak;249166860
NİĞDE;MERKEZ;ELMALI - KARŞIYAKA;KARŞIYAKA/2 SOKAK;sokak;180519380
NİĞDE;MERKEZ;ELMALI - KARŞIYAKA;KARŞIYAKA/3 SOKAK;sokak;214666770
NİĞDE;MERKEZ;ELMALI - KARŞIYAKA;KARŞIYAKA/4 SOKAK;sokak;207670910
NİĞDE;MERKEZ;ELMALI - KARŞIYAKA;KARŞIYAKA/44 SOKAK;sokak;501407220
NİĞDE;MERKEZ;ELMALI - KARŞIYAKA;KARŞIYAKA/6 SOKAK;sokak;109665211
NİĞDE;MERKEZ;ELMALI - KARŞIYAKA;KARŞIYAKA/7 SOKAK;sokak;979941230
NİĞDE;MERKEZ;ELMALI - KARŞIYAKA;KIZILÖREN KÜME EVLER;sokak;236330190
NİĞDE;MERKEZ;ELMALI - KARŞIYAKA;TÜRBE SOKAK;sokak;109019401
NİĞDE;MERKEZ;ELMALI - KARŞIYAKA;YALAK SOKAK;sokak;372074
NİĞDE;MERKEZ;ELMALI - KARŞIYAKA;YAMAÇ SOKAK;sokak;21508
NİĞDE;MERKEZ;ELMALI - KARŞIYAKA;YAMAÇ/1 SOKAK;sokak;332868810
NİĞDE;MERKEZ;ELMALI - KARŞIYAKA;YAMAÇ/3 SOKAK;sokak;342123320
NİĞDE;MERKEZ;ELMALI - KARŞIYAKA;YAMAÇ/4 SOKAK;sokak;603420370
NİĞDE;MERKEZ;ELMALI - KARŞIYAKA;YAMAÇ/5 SOKAK;sokak;372679290
NİĞDE;MERKEZ;ELMALI - KARŞIYAKA;YEDİ EVLER SOKAK;sokak;21509
NİĞDE;MERKEZ;ELMALI - KARŞIYAKA;YEDİ EVLER/1 SOKAK;sokak;318840000
NİĞDE;MERKEZ;ELMALI - KARŞIYAKA;YEDİ EVLER/10 SOKAK;sokak;731792770
NİĞDE;MERKEZ;ELMALI - KARŞIYAKA;YEDİ EVLER/6 SOKAK;sokak;210173890
NİĞDE;MERKEZ;ELMALI - KARŞIYAKA;YEDİ EVLER/7 SOKAK;sokak;107370130
NİĞDE;MERKEZ;ELMALI - KARŞIYAKA;YEDİ EVLER/8 SOKAK;sokak;627057510
NİĞDE;MERKEZ;ELMALI - KARŞIYAKA;YEDİ EVLER/9 SOKAK;sokak;890615190
NİĞDE;MERKEZ;ELMALI - MENDERES;CAMİ SOKAK;sokak;514193
NİĞDE;MERKEZ;ELMALI - MENDERES;ÇELEBİ SOKAK;sokak;513689
NİĞDE;MERKEZ;ELMALI - MENDERES;ÇINAR SOKAK;sokak;499121
NİĞDE;MERKEZ;ELMALI - MENDERES;ÇINAR/1 SOKAK;sokak;390527330
NİĞDE;MERKEZ;ELMALI - MENDERES;DFSDV SOKAK;sokak;25486
NİĞDE;MERKEZ;ELMALI - MENDERES;ETHEM SOKAK;sokak;509656
NİĞDE;MERKEZ;ELMALI - MENDERES;FATİH SOKAK;sokak;402684430
NİĞDE;MERKEZ;ELMALI - MENDERES;FATİH/2 SOKAK;sokak;469768410
NİĞDE;MERKEZ;ELMALI - MENDERES;FATİH/3 SOKAK;sokak;669496031
NİĞDE;MERKEZ;ELMALI - MENDERES;HAFIZ MEVLÜT SOKAK;sokak;617853090
NİĞDE;MERKEZ;ELMALI - MENDERES;HAFIZ MEVLÜT/1 SOKAK;sokak;221743200
NİĞDE;MERKEZ;ELMALI - MENDERES;İSTİKLAL SOKAK;sokak;21510
NİĞDE;MERKEZ;ELMALI - MENDERES;İSTİKLAL/1 SOKAK;sokak;901719920
NİĞDE;MERKEZ;ELMALI - MENDERES;MEVLÜT SOKAK;sokak;507534
NİĞDE;MERKEZ;ELMALI - MENDERES;MEVLÜT/1 SOKAK;sokak;585687000
NİĞDE;MERKEZ;ELMALI - MENDERES;MOLLA SOKAK;sokak;509190
NİĞDE;MERKEZ;ELMALI - MENDERES;ŞIH HÜSEYİN SOKAK;sokak;21511
NİĞDE;MERKEZ;ELMALI - MENDERES;ŞIH HÜSEYİN/1 SOKAK;sokak;111575340
NİĞDE;MERKEZ;ELMALI - MENDERES;ŞIH HÜSEYİN/2 SOKAK;sokak;703852240
NİĞDE;MERKEZ;ELMALI - MENDERES;ŞIH RIZA SOKAK;sokak;501328
NİĞDE;MERKEZ;ELMALI - MENDERES;ŞIH RIZA/1 SOKAK;sokak;432776800
NİĞDE;MERKEZ;ELMALI - MENDERES;ŞIH RIZA/2 SOKAK;sokak;286555460
NİĞDE;MERKEZ;ELMALI - MENDERES;ŞIH RIZA/3 SOKAK;sokak;211107470
NİĞDE;MERKEZ;FERTEK;1071 MALAZGİRT SOKAK;sokak;995066
NİĞDE;MERKEZ;FERTEK;3000 SOKAK;sokak;105611321
NİĞDE;MERKEZ;FERTEK;3001 SOKAK;sokak;981516401
NİĞDE;MERKEZ;FERTEK;3002 SOKAK;sokak;996492531
NİĞDE;MERKEZ;FERTEK;3003 SOKAK;sokak;753000531
NİĞDE;MERKEZ;FERTEK;3004 SOKAK;sokak;957897311
NİĞDE;MERKEZ;FERTEK;3005 SOKAK;sokak;550368001
NİĞDE;MERKEZ;FERTEK;3006 SOKAK;sokak;163249801
NİĞDE;MERKEZ;FERTEK;3007 SOKAK;sokak;851520981
NİĞDE;MERKEZ;FERTEK;3008 SOKAK;sokak;97744320
NİĞDE;MERKEZ;FERTEK;3009 SOKAK;sokak;135112901
NİĞDE;MERKEZ;FERTEK;3010 SOKAK;sokak;859066831
NİĞDE;MERKEZ;FERTEK;3011 SOKAK;sokak;238048911
NİĞDE;MERKEZ;FERTEK;3012 SOKAK;sokak;684816391
NİĞDE;MERKEZ;FERTEK;3013 SOKAK;sokak;456622361
NİĞDE;MERKEZ;FERTEK;3014 SOKAK;sokak;369259641
NİĞDE;MERKEZ;FERTEK;3015 SOKAK;sokak;987406731
NİĞDE;MERKEZ;FERTEK;3016 SOKAK;sokak;349655411
NİĞDE;MERKEZ;FERTEK;3017 SOKAK;sokak;854395941
NİĞDE;MERKEZ;FERTEK;3018 SOKAK;sokak;898823021
NİĞDE;MERKEZ;FERTEK;3019 SOKAK;sokak;983562801
NİĞDE;MERKEZ;FERTEK;3020 SOKAK;sokak;165960171
NİĞDE;MERKEZ;FERTEK;3021 SOKAK;sokak;979821021
NİĞDE;MERKEZ;FERTEK;3022 SOKAK;sokak;727718921
NİĞDE;MERKEZ;FERTEK;3023 SOKAK;sokak;897555321
NİĞDE;MERKEZ;FERTEK;3024 SOKAK;sokak;508800041
NİĞDE;MERKEZ;FERTEK;3025 SOKAK;sokak;218573391
NİĞDE;MERKEZ;FERTEK;3026 SOKAK;sokak;628110051
NİĞDE;MERKEZ;FERTEK;3027 SOKAK;sokak;339589761
NİĞDE;MERKEZ;FERTEK;3028 SOKAK;sokak;324713691
NİĞDE;MERKEZ;FERTEK;3029 SOKAK;sokak;158096841
NİĞDE;MERKEZ;FERTEK;3030 SOKAK;sokak;296123301
NİĞDE;MERKEZ;FERTEK;3031 SOKAK;sokak;709652561
NİĞDE;MERKEZ;FERTEK;3032 SOKAK;sokak;265573141
NİĞDE;MERKEZ;FERTEK;3033 SOKAK;sokak;241063121
NİĞDE;MERKEZ;FERTEK;3034 SOKAK;sokak;910379781
NİĞDE;MERKEZ;FERTEK;3035 SOKAK;sokak;701869451
NİĞDE;MERKEZ;FERTEK;3036 SOKAK;sokak;643985971
NİĞDE;MERKEZ;FERTEK;3037 SOKAK;sokak;414984031
NİĞDE;MERKEZ;FERTEK;3038 SOKAK;sokak;893372081
NİĞDE;MERKEZ;FERTEK;3039 SOKAK;sokak;226728851
NİĞDE;MERKEZ;FERTEK;3040 SOKAK;sokak;466102911
NİĞDE;MERKEZ;FERTEK;3041 SOKAK;sokak;572702091
NİĞDE;MERKEZ;FERTEK;3042 SOKAK;sokak;333040641
NİĞDE;MERKEZ;FERTEK;3043 SOKAK;sokak;675365811
NİĞDE;MERKEZ;FERTEK;3044 SOKAK;sokak;452799241
NİĞDE;MERKEZ;FERTEK;3045 SOKAK;sokak;315008201
NİĞDE;MERKEZ;FERTEK;3046 SOKAK;sokak;788321361
NİĞDE;MERKEZ;FERTEK;3047 SOKAK;sokak;100949511
NİĞDE;MERKEZ;FERTEK;3048 SOKAK;sokak;249107701
NİĞDE;MERKEZ;FERTEK;3049 SOKAK;sokak;554831431
NİĞDE;MERKEZ;FERTEK;3050 SOKAK;sokak;698416091
NİĞDE;MERKEZ;FERTEK;3051 SOKAK;sokak;611105651
NİĞDE;MERKEZ;FERTEK;3052 SOKAK;sokak;585207351
NİĞDE;MERKEZ;FERTEK;3053 SOKAK;sokak;959359381
NİĞDE;MERKEZ;FERTEK;3054 SOKAK;sokak;625178911
NİĞDE;MERKEZ;FERTEK;3055 SOKAK;sokak;254889331
NİĞDE;MERKEZ;FERTEK;3056 SOKAK;sokak;951975961
NİĞDE;MERKEZ;FERTEK;3057 SOKAK;sokak;590234081
NİĞDE;MERKEZ;FERTEK;3058 SOKAK;sokak;577146691
NİĞDE;MERKEZ;FERTEK;3059 SOKAK;sokak;196565601
NİĞDE;MERKEZ;FERTEK;3060 SOKAK;sokak;549000971
NİĞDE;MERKEZ;FERTEK;3061 SOKAK;sokak;809585071
NİĞDE;MERKEZ;FERTEK;3062 SOKAK;sokak;816996471
NİĞDE;MERKEZ;FERTEK;3063 SOKAK;sokak;47044664
NİĞDE;MERKEZ;FERTEK;3064 SOKAK;sokak;352991551
NİĞDE;MERKEZ;FERTEK;3065 SOKAK;sokak;334853681
NİĞDE;MERKEZ;FERTEK;3066 SOKAK;sokak;304190891
NİĞDE;MERKEZ;FERTEK;3067 SOKAK;sokak;565972221
NİĞDE;MERKEZ;FERTEK;3068 SOKAK;sokak;107273031
NİĞDE;MERKEZ;FERTEK;3069 SOKAK;sokak;271736991
NİĞDE;MERKEZ;FERTEK;3070 SOKAK;sokak;134116401
NİĞDE;MERKEZ;FERTEK;3071 SOKAK;sokak;35485044
NİĞDE;MERKEZ;FERTEK;3072 SOKAK;sokak;217136071
NİĞDE;MERKEZ;FERTEK;3073 SOKAK;sokak;683695941
NİĞDE;MERKEZ;FERTEK;3074 SOKAK;sokak;954322581
NİĞDE;MERKEZ;FERTEK;3075 SOKAK;sokak;555145171
NİĞDE;MERKEZ;FERTEK;3076 SOKAK;sokak;455652071
NİĞDE;MERKEZ;FERTEK;3077 SOKAK;sokak;107576561
NİĞDE;MERKEZ;FERTEK;3078 SOKAK;sokak;178571451
NİĞDE;MERKEZ;FERTEK;3079 SOKAK;sokak;719214801
NİĞDE;MERKEZ;FERTEK;3080 SOKAK;sokak;209808681
NİĞDE;MERKEZ;FERTEK;3081 SOKAK;sokak;967343481
NİĞDE;MERKEZ;FERTEK;3082 SOKAK;sokak;378728501
NİĞDE;MERKEZ;FERTEK;3083 SOKAK;sokak;955685641
NİĞDE;MERKEZ;FERTEK;3084 SOKAK;sokak;999630351
NİĞDE;MERKEZ;FERTEK;3085 SOKAK;sokak;330484301
NİĞDE;MERKEZ;FERTEK;3086 SOKAK;sokak;638459601
NİĞDE;MERKEZ;FERTEK;3087 SOKAK;sokak;109224821
NİĞDE;MERKEZ;FERTEK;3088 SOKAK;sokak;307581551
NİĞDE;MERKEZ;FERTEK;3089 SOKAK;sokak;639865411
NİĞDE;MERKEZ;FERTEK;3090 SOKAK;sokak;537976681
NİĞDE;MERKEZ;FERTEK;3091 SOKAK;sokak;469802801
NİĞDE;MERKEZ;FERTEK;3092 SOKAK;sokak;908468171
NİĞDE;MERKEZ;FERTEK;3093 SOKAK;sokak;563667761
NİĞDE;MERKEZ;FERTEK;3094 SOKAK;sokak;841014
NİĞDE;MERKEZ;FERTEK;3095 SOKAK;sokak;160291261
NİĞDE;MERKEZ;FERTEK;3096 SOKAK;sokak;537878341
NİĞDE;MERKEZ;FERTEK;3097 SOKAK;sokak;693801521
NİĞDE;MERKEZ;FERTEK;3098 SOKAK;sokak;637807121
NİĞDE;MERKEZ;FERTEK;3100 SOKAK;sokak;612595451
NİĞDE;MERKEZ;FERTEK;3102 SOKAK;sokak;959258551
NİĞDE;MERKEZ;FERTEK;3104 SOKAK;sokak;52920329
NİĞDE;MERKEZ;FERTEK;3106 SOKAK;sokak;269258591
NİĞDE;MERKEZ;FERTEK;3108 SOKAK;sokak;371854
NİĞDE;MERKEZ;FERTEK;3110 SOKAK;sokak;470900061
NİĞDE;MERKEZ;FERTEK;3112 SOKAK;sokak;735809461
NİĞDE;MERKEZ;FERTEK;3114 SOKAK;sokak;353013161
NİĞDE;MERKEZ;FERTEK;3116 SOKAK;sokak;397683871
NİĞDE;MERKEZ;FERTEK;3118 SOKAK;sokak;746222671
NİĞDE;MERKEZ;FERTEK;3120 SOKAK;sokak;423998651
NİĞDE;MERKEZ;FERTEK;3122 SOKAK;sokak;26050377
NİĞDE;MERKEZ;FERTEK;3124 SOKAK;sokak;624830031
NİĞDE;MERKEZ;FERTEK;75.YIL CADDESİ CADDE;cadde;504702
NİĞDE;MERKEZ;FERTEK;A.RIZA TUNCER CADDE;cadde;26477
NİĞDE;MERKEZ;FERTEK;AHMET NACİ KENTER SOKAK;sokak;509235
NİĞDE;MERKEZ;FERTEK;AKASYA- SOKAK;sokak;823322
NİĞDE;MERKEZ;FERTEK;AKAY SOKAK;sokak;373053071
NİĞDE;MERKEZ;FERTEK;ALPARSLAN TÜRKEŞ BULVAR;sokak;982805140
NİĞDE;MERKEZ;FERTEK;ALTIKULE KÜP SOKAK;sokak;877016
NİĞDE;MERKEZ;FERTEK;ALTIN 1 SOKAK;sokak;537042431
NİĞDE;MERKEZ;FERTEK;ALTIN 2 SOKAK;sokak;856308461
NİĞDE;MERKEZ;FERTEK;ALTIN 3 SOKAK;sokak;982607551
NİĞDE;MERKEZ;FERTEK;ALTIN SOKAK;sokak;323801071
NİĞDE;MERKEZ;FERTEK;ARMAĞAN MESCİT KÜME EVLER;sokak;371855
NİĞDE;MERKEZ;FERTEK;ATAÇ ÇIKMAZI SOKAK;sokak;502426
NİĞDE;MERKEZ;FERTEK;AYRANCI SOKAK;sokak;26478
NİĞDE;MERKEZ;FERTEK;BAHTİYAR SOKAK;sokak;501947
NİĞDE;MERKEZ;FERTEK;BAŞ ÖĞRETMEN HALİT DÖNMEZ SOKAK;sokak;1514971
NİĞDE;MERKEZ;FERTEK;BESTE 1 SOKAK;sokak;110459781
NİĞDE;MERKEZ;FERTEK;BESTE SOKAK;sokak;756117231
NİĞDE;MERKEZ;FERTEK;BİLGİÇ 1 SOKAK;sokak;512223
NİĞDE;MERKEZ;FERTEK;BİLGİÇ 2 SOKAK;sokak;512224
NİĞDE;MERKEZ;FERTEK;BORYOLU CADDE;cadde;26144
NİĞDE;MERKEZ;FERTEK;BOYALIK MEVKİİ SOKAK;sokak;514761
NİĞDE;MERKEZ;FERTEK;BOZLAK SOKAK;sokak;503096
NİĞDE;MERKEZ;FERTEK;CAMİİ SOKAK;sokak;26145
NİĞDE;MERKEZ;FERTEK;CEYLAN 1 SOKAK;sokak;453638351
NİĞDE;MERKEZ;FERTEK;CEYLAN 2 SOKAK;sokak;700525431
NİĞDE;MERKEZ;FERTEK;CEYLAN 3 SOKAK;sokak;248538061
NİĞDE;MERKEZ;FERTEK;CEYLAN SOKAK;sokak;356360181
NİĞDE;MERKEZ;FERTEK;ÇAY ÇIKMAZI 1 SOKAK;sokak;686522211
NİĞDE;MERKEZ;FERTEK;ÇAY ÇIKMAZI SOKAK;sokak;501946
NİĞDE;MERKEZ;FERTEK;ÇİFTÇİ SOKAK;sokak;26157
NİĞDE;MERKEZ;FERTEK;ÇOPUR ÇIKMAZI SOKAK;sokak;358563
NİĞDE;MERKEZ;FERTEK;ÇOPUR ÇIKMAZI1 SOKAK;sokak;641511521
NİĞDE;MERKEZ;FERTEK;DESTAN CADDE;cadde;26146
NİĞDE;MERKEZ;FERTEK;DESTE 1 SOKAK;sokak;782545961
NİĞDE;MERKEZ;FERTEK;DESTE 2 SOKAK;sokak;373335641
NİĞDE;MERKEZ;FERTEK;DESTE SOKAK;sokak;896066771
NİĞDE;MERKEZ;FERTEK;DİYAR SOKAK;sokak;26156
NİĞDE;MERKEZ;FERTEK;ERDEM SOKAK;sokak;440988381
NİĞDE;MERKEZ;FERTEK;ESER SOKAK;sokak;532674561
NİĞDE;MERKEZ;FERTEK;FERTEK KÜME EVLER SOKAK;sokak;26475
NİĞDE;MERKEZ;FERTEK;FIRAT ÇIKMAZI SOKAK;sokak;371847
NİĞDE;MERKEZ;FERTEK;FIRAT SOKAK;sokak;127798560
NİĞDE;MERKEZ;FERTEK;GADI 1 SOKAK;sokak;219624361
NİĞDE;MERKEZ;FERTEK;GADI SOKAK;sokak;26479
NİĞDE;MERKEZ;FERTEK;GAZİ MEYDAN;sokak;371850
NİĞDE;MERKEZ;FERTEK;GÖKMEN 1 SOKAK;sokak;887365581
NİĞDE;MERKEZ;FERTEK;GÖKMEN SOKAK;sokak;507042
NİĞDE;MERKEZ;FERTEK;GÖLBAŞI SOKAK;sokak;26151
NİĞDE;MERKEZ;FERTEK;HACI SOKAK;sokak;26480
NİĞDE;MERKEZ;FERTEK;HAN SOKAK;sokak;371852
NİĞDE;MERKEZ;FERTEK;HASAN FAİK ERDOĞAN SOKAK;sokak;26152
NİĞDE;MERKEZ;FERTEK;HASTANELER CADDE;cadde;90729
NİĞDE;MERKEZ;FERTEK;HATIRA SOKAK;sokak;921119540
NİĞDE;MERKEZ;FERTEK;HÜSEYİN AVNİ GÖKTÜRK BULVAR;sokak;26148
NİĞDE;MERKEZ;FERTEK;IHLAS 1 SOKAK;sokak;843330791
NİĞDE;MERKEZ;FERTEK;IHLAS SOKAK;sokak;361049251
NİĞDE;MERKEZ;FERTEK;İMAM SOKAK;sokak;371857
NİĞDE;MERKEZ;FERTEK;İŞERİ SOKAK;sokak;512368
NİĞDE;MERKEZ;FERTEK;KABAKÇI ÇIKMAZI SOKAK;sokak;498145
NİĞDE;MERKEZ;FERTEK;KADARAK 1 SOKAK;sokak;869436931
NİĞDE;MERKEZ;FERTEK;KADARAK 2 SOKAK;sokak;570645451
NİĞDE;MERKEZ;FERTEK;KADARAK SOKAK;sokak;24868
NİĞDE;MERKEZ;FERTEK;KAFKAS 1 SOKAK;sokak;755239441
NİĞDE;MERKEZ;FERTEK;KAFKAS SOKAK;sokak;434326731
NİĞDE;MERKEZ;FERTEK;KALAYCI SOKAK;sokak;510973
NİĞDE;MERKEZ;FERTEK;KAZIM DİNÇER CADDE;cadde;507962
NİĞDE;MERKEZ;FERTEK;KİBARLAR SOKAK;sokak;26474
NİĞDE;MERKEZ;FERTEK;KÖFTER SOKAK;sokak;501396
NİĞDE;MERKEZ;FERTEK;KÖSERE ÇIKMAZI SOKAK;sokak;24864
NİĞDE;MERKEZ;FERTEK;KUMLUCA 02- SOKAK;sokak;542208
NİĞDE;MERKEZ;FERTEK;KUMLUCA 03- SOKAK;sokak;540414
NİĞDE;MERKEZ;FERTEK;KUMLUCA 07- SOKAK;sokak;542206
NİĞDE;MERKEZ;FERTEK;KUMLUCA 10- SOKAK;sokak;540323
NİĞDE;MERKEZ;FERTEK;KUMLUCA 11- SOKAK;sokak;540322
NİĞDE;MERKEZ;FERTEK;KUMLUCA 14- SOKAK;sokak;541277
NİĞDE;MERKEZ;FERTEK;KUMLUCA 15- SOKAK;sokak;534818
NİĞDE;MERKEZ;FERTEK;KUMLUCA 16- SOKAK;sokak;531248
NİĞDE;MERKEZ;FERTEK;KUMLUCA 17- SOKAK;sokak;535204
NİĞDE;MERKEZ;FERTEK;KUMLUCA 18- SOKAK;sokak;530075
NİĞDE;MERKEZ;FERTEK;KUMLUCA 19- SOKAK;sokak;530076
NİĞDE;MERKEZ;FERTEK;KUMLUCA 21- SOKAK;sokak;540415
NİĞDE;MERKEZ;FERTEK;LATİF GÜRPINAR SOKAK;sokak;24869
NİĞDE;MERKEZ;FERTEK;MANASTIR SOKAK;sokak;26154
NİĞDE;MERKEZ;FERTEK;MENKIBE SOKAK;sokak;519604411
NİĞDE;MERKEZ;FERTEK;MEZARLIK 1 SOKAK;sokak;678938001
NİĞDE;MERKEZ;FERTEK;MEZARLIK SOKAK;sokak;195169211
NİĞDE;MERKEZ;FERTEK;NEFER SOKAK;sokak;509237
NİĞDE;MERKEZ;FERTEK;NİLÜFER SOKAK;sokak;836242
NİĞDE;MERKEZ;FERTEK;ONBAŞI ÇIKMAZI SOKAK;sokak;36958
NİĞDE;MERKEZ;FERTEK;ORGANİZE SANAYİ BÖLGESİ 1 CADDE;cadde;504838
NİĞDE;MERKEZ;FERTEK;ORGANİZE SANAYİ BÖLGESİ 10 CADDE;cadde;511903
NİĞDE;MERKEZ;FERTEK;ORGANİZE SANAYİ BÖLGESİ 11 CADDE;cadde;346704630
NİĞDE;MERKEZ;FERTEK;ORGANİZE SANAYİ BÖLGESİ 12 CADDE;cadde;197413960
NİĞDE;MERKEZ;FERTEK;ORGANİZE SANAYİ BÖLGESİ 12- CADDE;cadde;1513213
NİĞDE;MERKEZ;FERTEK;ORGANİZE SANAYİ BÖLGESİ 17 CADDE;cadde;763834210
NİĞDE;MERKEZ;FERTEK;ORGANİZE SANAYİ BÖLGESİ 18 CADDE;cadde;221092680
NİĞDE;MERKEZ;FERTEK;ORGANİZE SANAYİ BÖLGESİ 19 CADDE;cadde;26243634
NİĞDE;MERKEZ;FERTEK;ORGANİZE SANAYİ BÖLGESİ 2 CADDE;cadde;511540
NİĞDE;MERKEZ;FERTEK;ORGANİZE SANAYİ BÖLGESİ 20 CADDE;cadde;766396320
NİĞDE;MERKEZ;FERTEK;ORGANİZE SANAYİ BÖLGESİ 21 CADDE;cadde;507314620
NİĞDE;MERKEZ;FERTEK;ORGANİZE SANAYİ BÖLGESİ 22 CADDE;cadde;810483160
NİĞDE;MERKEZ;FERTEK;ORGANİZE SANAYİ BÖLGESİ 3 CADDE;cadde;511549
NİĞDE;MERKEZ;FERTEK;ORGANİZE SANAYİ BÖLGESİ 4 CADDE;cadde;352849
NİĞDE;MERKEZ;FERTEK;ORGANİZE SANAYİ BÖLGESİ 5 CADDE;cadde;511901
NİĞDE;MERKEZ;FERTEK;ORGANİZE SANAYİ BÖLGESİ 6 CADDE;cadde;352857
NİĞDE;MERKEZ;FERTEK;ORGANİZE SANAYİ BÖLGESİ 7 CADDE;cadde;502482
NİĞDE;MERKEZ;FERTEK;ORGANİZE SANAYİ BÖLGESİ 8 CADDE;cadde;502483
NİĞDE;MERKEZ;FERTEK;ORGANİZE SANAYİ BÖLGESİ 9 CADDE;cadde;506225
NİĞDE;MERKEZ;FERTEK;ORGANİZE SANAYİ BÖLGESİ KOYUNLU CADDE;cadde;727353
NİĞDE;MERKEZ;FERTEK;OSMAN SÜMER CADDE;cadde;26155
NİĞDE;MERKEZ;FERTEK;OZAN SOKAK;sokak;936887601
NİĞDE;MERKEZ;FERTEK;PEHLİVAN SOKAK;sokak;512225
NİĞDE;MERKEZ;FERTEK;RECAİ NEBİOĞLU SOKAK;sokak;371856
NİĞDE;MERKEZ;FERTEK;SADIK GÜNGÖR CADDE;cadde;371853
NİĞDE;MERKEZ;FERTEK;SELARGI 1 SOKAK;sokak;115670541
NİĞDE;MERKEZ;FERTEK;SELARGI 2 SOKAK;sokak;498390381
NİĞDE;MERKEZ;FERTEK;SELARGI 3 SOKAK;sokak;959303681
NİĞDE;MERKEZ;FERTEK;SELARGI SOKAK;sokak;511054
NİĞDE;MERKEZ;FERTEK;SEYRAN SOKAK;sokak;271049261
NİĞDE;MERKEZ;FERTEK;ŞAHİN/1 SOKAK;sokak;478621
NİĞDE;MERKEZ;FERTEK;TAHİRAĞA SOKAK;sokak;24865
NİĞDE;MERKEZ;FERTEK;TAŞKESTİ ÇIKMAZI 1 SOKAK;sokak;957625891
NİĞDE;MERKEZ;FERTEK;TAŞKESTİ ÇIKMAZI SOKAK;sokak;495447
NİĞDE;MERKEZ;FERTEK;TEKELİ ÇIKMAZI SOKAK;sokak;24866
NİĞDE;MERKEZ;FERTEK;TEPE DELIKLITAŞ CADDESI CADDE;cadde;576975591
NİĞDE;MERKEZ;FERTEK;TEPE KÜMESİ SOKAK;sokak;521615
NİĞDE;MERKEZ;FERTEK;TEPE YOLU SOKAK;sokak;515771
NİĞDE;MERKEZ;FERTEK;TEPE-ERDEM SOKAK;sokak;515764
NİĞDE;MERKEZ;FERTEK;TEPEBAĞLAR TEBERİK SOKAK;sokak;1515459
NİĞDE;MERKEZ;FERTEK;TEPEBAĞLARI ARMAĞAN MELİS SOKAK;sokak;174347391
NİĞDE;MERKEZ;FERTEK;TEPEBAĞLARI ARMAĞAN MESCİT SOKAK;sokak;541303150
NİĞDE;MERKEZ;FERTEK;TEPEBAĞLARI AYDIN SOKAK;sokak;967324331
NİĞDE;MERKEZ;FERTEK;TÜRKEL SOKAK;sokak;509236
NİĞDE;MERKEZ;FERTEK;ÜÇER ÇIKMAZI SOKAK;sokak;502430
NİĞDE;MERKEZ;FERTEK;ÜLKE SOKAK;sokak;315808481
NİĞDE;MERKEZ;FERTEK;VALİ 1 SOKAK;sokak;508650051
NİĞDE;MERKEZ;FERTEK;VALİ CEMİL KELEŞOĞLU CADDE;cadde;24867
NİĞDE;MERKEZ;FERTEK;VALİ SOKAK;sokak;24863
NİĞDE;MERKEZ;FERTEK;VAROL 1 SOKAK;sokak;268560211
NİĞDE;MERKEZ;FERTEK;VAROL 2 SOKAK;sokak;288430011
NİĞDE;MERKEZ;FERTEK;VAROL SOKAK;sokak;443019761
NİĞDE;MERKEZ;FERTEK;YAZI BAHÇESİ ÇIKMAZI SOKAK;sokak;371849
NİĞDE;MERKEZ;FERTEK;YEĞİN SOKAK;sokak;26481
NİĞDE;MERKEZ;FERTEK;YEŞİLDAĞ ÇIKMAZI SOKAK;sokak;26482
NİĞDE;MERKEZ;FERTEK;YILDIZ KENTER 1 SOKAK;sokak;26147
NİĞDE;MERKEZ;FERTEK;YILDIZ KENTER SOKAK;sokak;538786251
NİĞDE;MERKEZ;FERTEK;ZAFER ÇIKMAZI SOKAK;sokak;502424
NİĞDE;MERKEZ;FERTEK;ZAFER SOKAK;sokak;26483
NİĞDE;MERKEZ;FESLEĞEN NA;FESLEĞEN KÜME EVLER;sokak;481544
NİĞDE;MERKEZ;GÖSTERLİ NA;GÖSTERLİ KÜME EVLER;sokak;102031560
NİĞDE;MERKEZ;GÖSTERLİ NA;GÜLAĞAÇ-DERINKUYU YOLU BULVAR;sokak;107091940
NİĞDE;MERKEZ;GÖSTERLİ NA;YENI YOL SOKAK;sokak;801955300
NİĞDE;MERKEZ;GÜLLÜCE NA;AMAS CADDE;cadde;327195930
NİĞDE;MERKEZ;GÜLLÜCE NA;GÜLLÜCE KÜME EVLER;sokak;477139
NİĞDE;MERKEZ;GÜLLÜCE NA;NIĞDE GÜNEY OTOYOLU BULVAR;sokak;346686990
NİĞDE;MERKEZ;GÜMÜŞLER - ESKİ GÜMÜŞ;1. SOKAK;sokak;21512
NİĞDE;MERKEZ;GÜMÜŞLER - ESKİ GÜMÜŞ;2 . SOKAK;sokak;368184
NİĞDE;MERKEZ;GÜMÜŞLER - ESKİ GÜMÜŞ;2./1 SOKAK;sokak;426569420
NİĞDE;MERKEZ;GÜMÜŞLER - ESKİ GÜMÜŞ;4. SOKAK;sokak;21513
NİĞDE;MERKEZ;GÜMÜŞLER - ESKİ GÜMÜŞ;4./2 SOKAK;sokak;108728440
NİĞDE;MERKEZ;GÜMÜŞLER - ESKİ GÜMÜŞ;4./3 SOKAK;sokak;862827380
NİĞDE;MERKEZ;GÜMÜŞLER - ESKİ GÜMÜŞ;5. SOKAK;sokak;21514
NİĞDE;MERKEZ;GÜMÜŞLER - ESKİ GÜMÜŞ;6. SOKAK;sokak;368185
NİĞDE;MERKEZ;GÜMÜŞLER - ESKİ GÜMÜŞ;8. SOKAK;sokak;21515
NİĞDE;MERKEZ;GÜMÜŞLER - ESKİ GÜMÜŞ;BAĞLARBAŞI SOKAK;sokak;1339299
NİĞDE;MERKEZ;GÜMÜŞLER - ESKİ GÜMÜŞ;BALCI SOKAK;sokak;553589801
NİĞDE;MERKEZ;GÜMÜŞLER - ESKİ GÜMÜŞ;BALCI/1 SOKAK;sokak;803660241
NİĞDE;MERKEZ;GÜMÜŞLER - ESKİ GÜMÜŞ;BALCI/2 SOKAK;sokak;587672941
NİĞDE;MERKEZ;GÜMÜŞLER - ESKİ GÜMÜŞ;BARAJ CADDE;cadde;482814
NİĞDE;MERKEZ;GÜMÜŞLER - ESKİ GÜMÜŞ;BARAJ/1 SOKAK;sokak;113652280
NİĞDE;MERKEZ;GÜMÜŞLER - ESKİ GÜMÜŞ;BARAJ/11 SOKAK;sokak;412403750
NİĞDE;MERKEZ;GÜMÜŞLER - ESKİ GÜMÜŞ;BARAJ/13 SOKAK;sokak;359716960
NİĞDE;MERKEZ;GÜMÜŞLER - ESKİ GÜMÜŞ;BARAJ/14 SOKAK;sokak;286299470
NİĞDE;MERKEZ;GÜMÜŞLER - ESKİ GÜMÜŞ;BARAJ/15 SOKAK;sokak;392315760
NİĞDE;MERKEZ;GÜMÜŞLER - ESKİ GÜMÜŞ;BARAJ/16 SOKAK;sokak;262642750
NİĞDE;MERKEZ;GÜMÜŞLER - ESKİ GÜMÜŞ;BARAJ/17 SOKAK;sokak;370069700
NİĞDE;MERKEZ;GÜMÜŞLER - ESKİ GÜMÜŞ;BARAJ/18 SOKAK;sokak;256858760
NİĞDE;MERKEZ;GÜMÜŞLER - ESKİ GÜMÜŞ;BARAJ/19 SOKAK;sokak;449078060
NİĞDE;MERKEZ;GÜMÜŞLER - ESKİ GÜMÜŞ;BARAJ/2 SOKAK;sokak;133072850
NİĞDE;MERKEZ;GÜMÜŞLER - ESKİ GÜMÜŞ;BARAJ/20 SOKAK;sokak;829933951
NİĞDE;MERKEZ;GÜMÜŞLER - ESKİ GÜMÜŞ;BARAJ/21 SOKAK;sokak;462080131
NİĞDE;MERKEZ;GÜMÜŞLER - ESKİ GÜMÜŞ;BARAJ/3 SOKAK;sokak;510713480
NİĞDE;MERKEZ;GÜMÜŞLER - ESKİ GÜMÜŞ;BARAJ/4 SOKAK;sokak;257474031
NİĞDE;MERKEZ;GÜMÜŞLER - ESKİ GÜMÜŞ;BARAJ/5 SOKAK;sokak;489906260
NİĞDE;MERKEZ;GÜMÜŞLER - ESKİ GÜMÜŞ;BARAJ/6 SOKAK;sokak;179913650
NİĞDE;MERKEZ;GÜMÜŞLER - ESKİ GÜMÜŞ;BARAJ/7 SOKAK;sokak;155414441
NİĞDE;MERKEZ;GÜMÜŞLER - ESKİ GÜMÜŞ;BARAJ/8 SOKAK;sokak;418008480
NİĞDE;MERKEZ;GÜMÜŞLER - ESKİ GÜMÜŞ;BARAJ/9 SOKAK;sokak;744396210
NİĞDE;MERKEZ;GÜMÜŞLER - ESKİ GÜMÜŞ;BAYRAK SOKAK;sokak;27205
NİĞDE;MERKEZ;GÜMÜŞLER - ESKİ GÜMÜŞ;BİRLİK SOKAK;sokak;988775
NİĞDE;MERKEZ;GÜMÜŞLER - ESKİ GÜMÜŞ;ÇAKMAK SOKAK;sokak;21523
NİĞDE;MERKEZ;GÜMÜŞLER - ESKİ GÜMÜŞ;ÇAKMAK/1 SOKAK;sokak;736662810
NİĞDE;MERKEZ;GÜMÜŞLER - ESKİ GÜMÜŞ;ÇAMLIK SOKAK;sokak;1339241
NİĞDE;MERKEZ;GÜMÜŞLER - ESKİ GÜMÜŞ;ÇAMLIK/1 SOKAK;sokak;520050970
NİĞDE;MERKEZ;GÜMÜŞLER - ESKİ GÜMÜŞ;ÇAMLIK/2 SOKAK;sokak;741409890
NİĞDE;MERKEZ;GÜMÜŞLER - ESKİ GÜMÜŞ;ÇAMLIK/3 SOKAK;sokak;846315300
NİĞDE;MERKEZ;GÜMÜŞLER - ESKİ GÜMÜŞ;ÇAMLIK/4 SOKAK;sokak;456455790
NİĞDE;MERKEZ;GÜMÜŞLER - ESKİ GÜMÜŞ;ÇAMLIK/6 SOKAK;sokak;427691410
NİĞDE;MERKEZ;GÜMÜŞLER - ESKİ GÜMÜŞ;DEĞİRMEN SOKAK;sokak;21517
NİĞDE;MERKEZ;GÜMÜŞLER - ESKİ GÜMÜŞ;DEMİRCİ SOKAK;sokak;1339229
NİĞDE;MERKEZ;GÜMÜŞLER - ESKİ GÜMÜŞ;DEMİRCİ/1 SOKAK;sokak;402799371
NİĞDE;MERKEZ;GÜMÜŞLER - ESKİ GÜMÜŞ;DERE SOKAK;sokak;482863
NİĞDE;MERKEZ;GÜMÜŞLER - ESKİ GÜMÜŞ;DERE/1 SOKAK;sokak;728763110
NİĞDE;MERKEZ;GÜMÜŞLER - ESKİ GÜMÜŞ;DERE/5 SOKAK;sokak;396391170
NİĞDE;MERKEZ;GÜMÜŞLER - ESKİ GÜMÜŞ;DERE/88 SOKAK;sokak;158147830
NİĞDE;MERKEZ;GÜMÜŞLER - ESKİ GÜMÜŞ;DURMUŞ SİPAHİOĞLU CADDE;cadde;482877
NİĞDE;MERKEZ;GÜMÜŞLER - ESKİ GÜMÜŞ;EBRAR SOKAK;sokak;1339231
NİĞDE;MERKEZ;GÜMÜŞLER - ESKİ GÜMÜŞ;FATİH CADDE;cadde;368186
NİĞDE;MERKEZ;GÜMÜŞLER - ESKİ GÜMÜŞ;HACIVANDERE /5 SOKAK;sokak;983236600
NİĞDE;MERKEZ;GÜMÜŞLER - ESKİ GÜMÜŞ;HACIVANDERE SOKAK;sokak;1339195
NİĞDE;MERKEZ;GÜMÜŞLER - ESKİ GÜMÜŞ;HACIVANDERE/1 SOKAK;sokak;571926190
NİĞDE;MERKEZ;GÜMÜŞLER - ESKİ GÜMÜŞ;HACIVANDERE/12 SOKAK;sokak;574756001
NİĞDE;MERKEZ;GÜMÜŞLER - ESKİ GÜMÜŞ;HACIVANDERE/3 SOKAK;sokak;276874820
NİĞDE;MERKEZ;GÜMÜŞLER - ESKİ GÜMÜŞ;HATİPLER ÇIKMAZI SOKAK;sokak;26651
NİĞDE;MERKEZ;GÜMÜŞLER - ESKİ GÜMÜŞ;HÜDAVERDİ CADDE;cadde;21518
NİĞDE;MERKEZ;GÜMÜŞLER - ESKİ GÜMÜŞ;HÜDAVERDİ/3 SOKAK;sokak;302475550
NİĞDE;MERKEZ;GÜMÜŞLER - ESKİ GÜMÜŞ;HÜDAVERDİ/4 SOKAK;sokak;385997910
NİĞDE;MERKEZ;GÜMÜŞLER - ESKİ GÜMÜŞ;IHLAMUR SOKAK;sokak;276911870
NİĞDE;MERKEZ;GÜMÜŞLER - ESKİ GÜMÜŞ;İSTİKLAL CADDE;cadde;368189
NİĞDE;MERKEZ;GÜMÜŞLER - ESKİ GÜMÜŞ;İSTİKLAL/1 SOKAK;sokak;252692910
NİĞDE;MERKEZ;GÜMÜŞLER - ESKİ GÜMÜŞ;İSTİKLAL/10 SOKAK;sokak;352540850
NİĞDE;MERKEZ;GÜMÜŞLER - ESKİ GÜMÜŞ;İSTİKLAL/16 SOKAK;sokak;498237920
NİĞDE;MERKEZ;GÜMÜŞLER - ESKİ GÜMÜŞ;İSTİKLAL/2 SOKAK;sokak;893418610
NİĞDE;MERKEZ;GÜMÜŞLER - ESKİ GÜMÜŞ;İSTİKLAL/20 SOKAK;sokak;303455240
NİĞDE;MERKEZ;GÜMÜŞLER - ESKİ GÜMÜŞ;İSTİKLAL/25 SOKAK;sokak;290865190
NİĞDE;MERKEZ;GÜMÜŞLER - ESKİ GÜMÜŞ;İSTİKLAL/3 SOKAK;sokak;209678990
NİĞDE;MERKEZ;GÜMÜŞLER - ESKİ GÜMÜŞ;İSTİKLAL/4 SOKAK;sokak;464572711
NİĞDE;MERKEZ;GÜMÜŞLER - ESKİ GÜMÜŞ;İSTİKLAL/6 SOKAK;sokak;245785100
NİĞDE;MERKEZ;GÜMÜŞLER - ESKİ GÜMÜŞ;İSTİKLAL/7 SOKAK;sokak;379057590
NİĞDE;MERKEZ;GÜMÜŞLER - ESKİ GÜMÜŞ;İSTİKLAL/8 SOKAK;sokak;306788170
NİĞDE;MERKEZ;GÜMÜŞLER - ESKİ GÜMÜŞ;KAYABAŞI SOKAK;sokak;21516
NİĞDE;MERKEZ;GÜMÜŞLER - ESKİ GÜMÜŞ;KAYABAŞI/2 SOKAK;sokak;891032040
NİĞDE;MERKEZ;GÜMÜŞLER - ESKİ GÜMÜŞ;KAZANCI SOKAK;sokak;811873460
NİĞDE;MERKEZ;GÜMÜŞLER - ESKİ GÜMÜŞ;KEÇİKELERİ SOKAK;sokak;482867
NİĞDE;MERKEZ;GÜMÜŞLER - ESKİ GÜMÜŞ;KEÇİKELERİ/1 SOKAK;sokak;988583430
NİĞDE;MERKEZ;GÜMÜŞLER - ESKİ GÜMÜŞ;KEÇİKELERİ/2 SOKAK;sokak;871587130
NİĞDE;MERKEZ;GÜMÜŞLER - ESKİ GÜMÜŞ;KEVENCİ/1 CADDE;cadde;173563870
NİĞDE;MERKEZ;GÜMÜŞLER - ESKİ GÜMÜŞ;KIZILAY MEYDAN;sokak;474631
NİĞDE;MERKEZ;GÜMÜŞLER - ESKİ GÜMÜŞ;KÖPRÜBAŞI MEYDAN;sokak;482810
NİĞDE;MERKEZ;GÜMÜŞLER - ESKİ GÜMÜŞ;KÖYLÜ ÇEŞMESİ IHLAMUR/1 SOKAK;sokak;422107810
NİĞDE;MERKEZ;GÜMÜŞLER - ESKİ GÜMÜŞ;KÖYLÜ ÇEŞMESİ IHLAMUR/2 SOKAK;sokak;548213010
NİĞDE;MERKEZ;GÜMÜŞLER - ESKİ GÜMÜŞ;KÖYLÜ ÇEŞMESİ IHLAMUR/3 SOKAK;sokak;872707570
NİĞDE;MERKEZ;GÜMÜŞLER - ESKİ GÜMÜŞ;KÖYLÜ ÇEŞMESİ SOKAK;sokak;821574
NİĞDE;MERKEZ;GÜMÜŞLER - ESKİ GÜMÜŞ;KÖYLÜÇEŞMESİ IHLAMUR SOKAK;sokak;482812
NİĞDE;MERKEZ;GÜMÜŞLER - ESKİ GÜMÜŞ;KÜÇÜK SOKAK;sokak;21519
NİĞDE;MERKEZ;GÜMÜŞLER - ESKİ GÜMÜŞ;MANASTIR SOKAK;sokak;533525301
NİĞDE;MERKEZ;GÜMÜŞLER - ESKİ GÜMÜŞ;MANOLYA SOKAK;sokak;1339289
NİĞDE;MERKEZ;GÜMÜŞLER - ESKİ GÜMÜŞ;MANOLYA/1 SOKAK;sokak;241142580
NİĞDE;MERKEZ;GÜMÜŞLER - ESKİ GÜMÜŞ;MANOLYA/2 SOKAK;sokak;548222000
NİĞDE;MERKEZ;GÜMÜŞLER - ESKİ GÜMÜŞ;MANOLYA/4 SOKAK;sokak;464392530
NİĞDE;MERKEZ;GÜMÜŞLER - ESKİ GÜMÜŞ;MENEKŞE/1 SOKAK;sokak;85404937
NİĞDE;MERKEZ;GÜMÜŞLER - ESKİ GÜMÜŞ;MENEKŞE/2 SOKAK;sokak;928111400
NİĞDE;MERKEZ;GÜMÜŞLER - ESKİ GÜMÜŞ;MEŞRUTİYET SOKAK;sokak;368187
NİĞDE;MERKEZ;GÜMÜŞLER - ESKİ GÜMÜŞ;MEŞRUTİYET/3 SOKAK;sokak;938583220
NİĞDE;MERKEZ;GÜMÜŞLER - ESKİ GÜMÜŞ;MURAT 1 SOKAK;sokak;770912880
NİĞDE;MERKEZ;GÜMÜŞLER - ESKİ GÜMÜŞ;MURAT SOKAK;sokak;21520
NİĞDE;MERKEZ;GÜMÜŞLER - ESKİ GÜMÜŞ;MURAT/10 SOKAK;sokak;241203050
NİĞDE;MERKEZ;GÜMÜŞLER - ESKİ GÜMÜŞ;MURAT/2 SOKAK;sokak;817525781
NİĞDE;MERKEZ;GÜMÜŞLER - ESKİ GÜMÜŞ;NIĞDE GÜNEY OTOYOLU BULVAR;sokak;110474870
NİĞDE;MERKEZ;GÜMÜŞLER - ESKİ GÜMÜŞ;NİLİFER SOKAK;sokak;1515911
NİĞDE;MERKEZ;GÜMÜŞLER - ESKİ GÜMÜŞ;ORTAFİDANLAR SOKAK;sokak;1339293
NİĞDE;MERKEZ;GÜMÜŞLER - ESKİ GÜMÜŞ;ÖZYURT /6 SOKAK;sokak;871158380
NİĞDE;MERKEZ;GÜMÜŞLER - ESKİ GÜMÜŞ;ÖZYURT /8 SOKAK;sokak;270400880
NİĞDE;MERKEZ;GÜMÜŞLER - ESKİ GÜMÜŞ;ÖZYURT /9 SOKAK;sokak;903959630
NİĞDE;MERKEZ;GÜMÜŞLER - ESKİ GÜMÜŞ;ÖZYURT CADDE;cadde;367076
NİĞDE;MERKEZ;GÜMÜŞLER - ESKİ GÜMÜŞ;ÖZYURT/1 SOKAK;sokak;383543120
NİĞDE;MERKEZ;GÜMÜŞLER - ESKİ GÜMÜŞ;ÖZYURT/10 SOKAK;sokak;557560191
NİĞDE;MERKEZ;GÜMÜŞLER - ESKİ GÜMÜŞ;ÖZYURT/11 SOKAK;sokak;437806340
NİĞDE;MERKEZ;GÜMÜŞLER - ESKİ GÜMÜŞ;ÖZYURT/12 SOKAK;sokak;771636240
NİĞDE;MERKEZ;GÜMÜŞLER - ESKİ GÜMÜŞ;ÖZYURT/13 SOKAK;sokak;740977910
NİĞDE;MERKEZ;GÜMÜŞLER - ESKİ GÜMÜŞ;ÖZYURT/18 SOKAK;sokak;169511621
NİĞDE;MERKEZ;GÜMÜŞLER - ESKİ GÜMÜŞ;ÖZYURT/2 SOKAK;sokak;852525260
NİĞDE;MERKEZ;GÜMÜŞLER - ESKİ GÜMÜŞ;ÖZYURT/3 SOKAK;sokak;195441700
NİĞDE;MERKEZ;GÜMÜŞLER - ESKİ GÜMÜŞ;ÖZYURT/4 SOKAK;sokak;552707550
NİĞDE;MERKEZ;GÜMÜŞLER - ESKİ GÜMÜŞ;ÖZYURT/5 SOKAK;sokak;100443600
NİĞDE;MERKEZ;GÜMÜŞLER - ESKİ GÜMÜŞ;ÖZYURT/7 SOKAK;sokak;109165260
NİĞDE;MERKEZ;GÜMÜŞLER - ESKİ GÜMÜŞ;PALA SOKAK;sokak;21521
NİĞDE;MERKEZ;GÜMÜŞLER - ESKİ GÜMÜŞ;PALA/2 SOKAK;sokak;889201600
NİĞDE;MERKEZ;GÜMÜŞLER - ESKİ GÜMÜŞ;ŞAHİNERLER SOKAK;sokak;1339301
NİĞDE;MERKEZ;GÜMÜŞLER - ESKİ GÜMÜŞ;ŞAHİNERLER/1 SOKAK;sokak;798930120
NİĞDE;MERKEZ;GÜMÜŞLER - ESKİ GÜMÜŞ;ŞAHİNERLER/2 SOKAK;sokak;219535340
NİĞDE;MERKEZ;GÜMÜŞLER - ESKİ GÜMÜŞ;TEKKE SOKAK;sokak;26652
NİĞDE;MERKEZ;GÜMÜŞLER - ESKİ GÜMÜŞ;UFUK SOKAK;sokak;368188
NİĞDE;MERKEZ;GÜMÜŞLER - ESKİ GÜMÜŞ;UFUK/2 SOKAK;sokak;113026190
NİĞDE;MERKEZ;GÜMÜŞLER - ESKİ GÜMÜŞ;UFUK/3 SOKAK;sokak;391045830
NİĞDE;MERKEZ;GÜMÜŞLER - ESKİ GÜMÜŞ;ZİRVE SOKAK;sokak;1339239
NİĞDE;MERKEZ;GÜMÜŞLER - ESKİ GÜMÜŞ;ZİRVE/1 SOKAK;sokak;337890410
NİĞDE;MERKEZ;GÜMÜŞLER - ESKİ GÜMÜŞ;ZİRVE/10 SOKAK;sokak;905414910
NİĞDE;MERKEZ;GÜMÜŞLER - ESKİ GÜMÜŞ;ZİRVE/11 SOKAK;sokak;753841230
NİĞDE;MERKEZ;GÜMÜŞLER - ESKİ GÜMÜŞ;ZİRVE/12 SOKAK;sokak;265247850
NİĞDE;MERKEZ;GÜMÜŞLER - ESKİ GÜMÜŞ;ZİRVE/13 SOKAK;sokak;854235801
NİĞDE;MERKEZ;GÜMÜŞLER - ESKİ GÜMÜŞ;ZİRVE/2 SOKAK;sokak;397878580
NİĞDE;MERKEZ;GÜMÜŞLER - ESKİ GÜMÜŞ;ZİRVE/3 SOKAK;sokak;151571750
NİĞDE;MERKEZ;GÜMÜŞLER - ESKİ GÜMÜŞ;ZİRVE/4 SOKAK;sokak;887941440
NİĞDE;MERKEZ;GÜMÜŞLER - ESKİ GÜMÜŞ;ZİRVE/5 SOKAK;sokak;235393980
NİĞDE;MERKEZ;GÜMÜŞLER - ESKİ GÜMÜŞ;ZİRVE/6 SOKAK;sokak;578371220
NİĞDE;MERKEZ;GÜMÜŞLER - ESKİ GÜMÜŞ;ZİRVE/7 SOKAK;sokak;408923250
NİĞDE;MERKEZ;GÜMÜŞLER - ESKİ GÜMÜŞ;ZİRVE/8 SOKAK;sokak;161509060
NİĞDE;MERKEZ;GÜMÜŞLER - ESKİ GÜMÜŞ;ZİRVE/9 SOKAK;sokak;255995800
NİĞDE;MERKEZ;GÜMÜŞLER - ESKİ GÜMÜŞ;ZİYA PAŞA SOKAK;sokak;21522
NİĞDE;MERKEZ;GÜMÜŞLER - ESKİ GÜMÜŞ;ZİYA PAŞA/1 SOKAK;sokak;477538840
NİĞDE;MERKEZ;GÜMÜŞLER - YENİ GÜMÜŞ;1 NOLU SOKAK;sokak;21543
NİĞDE;MERKEZ;GÜMÜŞLER - YENİ GÜMÜŞ;11 NOLU SOKAK;sokak;21544
NİĞDE;MERKEZ;GÜMÜŞLER - YENİ GÜMÜŞ;11 NOLU/1 SOKAK;sokak;129455070
NİĞDE;MERKEZ;GÜMÜŞLER - YENİ GÜMÜŞ;11 NOLU/2 SOKAK;sokak;165789160
NİĞDE;MERKEZ;GÜMÜŞLER - YENİ GÜMÜŞ;11 NOLU/3 SOKAK;sokak;811115100
NİĞDE;MERKEZ;GÜMÜŞLER - YENİ GÜMÜŞ;11 NOLU/4 SOKAK;sokak;268972150
NİĞDE;MERKEZ;GÜMÜŞLER - YENİ GÜMÜŞ;13 NOLU SOKAK;sokak;485126
NİĞDE;MERKEZ;GÜMÜŞLER - YENİ GÜMÜŞ;2 NOLU/1 SOKAK;sokak;891719530
NİĞDE;MERKEZ;GÜMÜŞLER - YENİ GÜMÜŞ;3 NOLU SOKAK;sokak;21546
NİĞDE;MERKEZ;GÜMÜŞLER - YENİ GÜMÜŞ;3NOLU/1 SOKAK;sokak;423298880
NİĞDE;MERKEZ;GÜMÜŞLER - YENİ GÜMÜŞ;3NOLU/2 SOKAK;sokak;579060340
NİĞDE;MERKEZ;GÜMÜŞLER - YENİ GÜMÜŞ;4 NOLU SOKAK;sokak;21547
NİĞDE;MERKEZ;GÜMÜŞLER - YENİ GÜMÜŞ;6 NOLU SOKAK;sokak;21548
NİĞDE;MERKEZ;GÜMÜŞLER - YENİ GÜMÜŞ;6 NOLU/1 SOKAK;sokak;144649450
NİĞDE;MERKEZ;GÜMÜŞLER - YENİ GÜMÜŞ;9 NOLU SOKAK;sokak;21549
NİĞDE;MERKEZ;GÜMÜŞLER - YENİ GÜMÜŞ;9 NOLU/1 SOKAK;sokak;994751540
NİĞDE;MERKEZ;GÜMÜŞLER - YENİ GÜMÜŞ;AKDOĞAN SOKAK;sokak;21550
NİĞDE;MERKEZ;GÜMÜŞLER - YENİ GÜMÜŞ;AKDOĞAN/1 SOKAK;sokak;757216470
NİĞDE;MERKEZ;GÜMÜŞLER - YENİ GÜMÜŞ;AKDOĞAN/2 SOKAK;sokak;343964570
NİĞDE;MERKEZ;GÜMÜŞLER - YENİ GÜMÜŞ;ARMUTLUK SOKAK;sokak;475597
NİĞDE;MERKEZ;GÜMÜŞLER - YENİ GÜMÜŞ;BELEDİYE SOKAK;sokak;21524
NİĞDE;MERKEZ;GÜMÜŞLER - YENİ GÜMÜŞ;BELEN 1 SOKAK;sokak;1376981
NİĞDE;MERKEZ;GÜMÜŞLER - YENİ GÜMÜŞ;BELEN 10 SOKAK;sokak;545610711
NİĞDE;MERKEZ;GÜMÜŞLER - YENİ GÜMÜŞ;BELEN 11 SOKAK;sokak;385512061
NİĞDE;MERKEZ;GÜMÜŞLER - YENİ GÜMÜŞ;BELEN 2 SOKAK;sokak;1376983
NİĞDE;MERKEZ;GÜMÜŞLER - YENİ GÜMÜŞ;BELEN 3 SOKAK;sokak;1377099
NİĞDE;MERKEZ;GÜMÜŞLER - YENİ GÜMÜŞ;BELEN 4 SOKAK;sokak;1377101
NİĞDE;MERKEZ;GÜMÜŞLER - YENİ GÜMÜŞ;BELEN 5 SOKAK;sokak;1377103
NİĞDE;MERKEZ;GÜMÜŞLER - YENİ GÜMÜŞ;BELEN 6 SOKAK;sokak;1377105
NİĞDE;MERKEZ;GÜMÜŞLER - YENİ GÜMÜŞ;BELEN 7 SOKAK;sokak;1377107
NİĞDE;MERKEZ;GÜMÜŞLER - YENİ GÜMÜŞ;BELEN 8 SOKAK;sokak;1377109
NİĞDE;MERKEZ;GÜMÜŞLER - YENİ GÜMÜŞ;BELEN 8/1 SOKAK;sokak;950774670
NİĞDE;MERKEZ;GÜMÜŞLER - YENİ GÜMÜŞ;BELEN 8/2 SOKAK;sokak;160901850
NİĞDE;MERKEZ;GÜMÜŞLER - YENİ GÜMÜŞ;BELEN 8/3 SOKAK;sokak;275657870
NİĞDE;MERKEZ;GÜMÜŞLER - YENİ GÜMÜŞ;BELEN 8/4 SOKAK;sokak;332602090
NİĞDE;MERKEZ;GÜMÜŞLER - YENİ GÜMÜŞ;BELEN 9 SOKAK;sokak;151575141
NİĞDE;MERKEZ;GÜMÜŞLER - YENİ GÜMÜŞ;CAMİİ SOKAK;sokak;21525
NİĞDE;MERKEZ;GÜMÜŞLER - YENİ GÜMÜŞ;CAMİİ/1 SOKAK;sokak;105555550
NİĞDE;MERKEZ;GÜMÜŞLER - YENİ GÜMÜŞ;CAMİİ/2 SOKAK;sokak;212963710
NİĞDE;MERKEZ;GÜMÜŞLER - YENİ GÜMÜŞ;CEYLAN SOKAK;sokak;26653
NİĞDE;MERKEZ;GÜMÜŞLER - YENİ GÜMÜŞ;CUMHURİYET CADDE;cadde;368190
NİĞDE;MERKEZ;GÜMÜŞLER - YENİ GÜMÜŞ;CUMHURİYET/1 SOKAK;sokak;967776440
NİĞDE;MERKEZ;GÜMÜŞLER - YENİ GÜMÜŞ;CUMHURİYET/2 SOKAK;sokak;384529590
NİĞDE;MERKEZ;GÜMÜŞLER - YENİ GÜMÜŞ;CUMHURİYET/3 SOKAK;sokak;707008930
NİĞDE;MERKEZ;GÜMÜŞLER - YENİ GÜMÜŞ;CUMHURİYET/4 SOKAK;sokak;799773510
NİĞDE;MERKEZ;GÜMÜŞLER - YENİ GÜMÜŞ;DERE SOKAK;sokak;116831251
NİĞDE;MERKEZ;GÜMÜŞLER - YENİ GÜMÜŞ;DERE/1 SOKAK;sokak;248463880
NİĞDE;MERKEZ;GÜMÜŞLER - YENİ GÜMÜŞ;DERE/4 SOKAK;sokak;129289170
NİĞDE;MERKEZ;GÜMÜŞLER - YENİ GÜMÜŞ;DOĞAN SOKAK;sokak;21526
NİĞDE;MERKEZ;GÜMÜŞLER - YENİ GÜMÜŞ;DURMUŞ SİPAHİOĞLU CADDE;cadde;21527
NİĞDE;MERKEZ;GÜMÜŞLER - YENİ GÜMÜŞ;EMRE SOKAK;sokak;21528
NİĞDE;MERKEZ;GÜMÜŞLER - YENİ GÜMÜŞ;EMRE/1 SOKAK;sokak;299512330
NİĞDE;MERKEZ;GÜMÜŞLER - YENİ GÜMÜŞ;EMRE/2 SOKAK;sokak;396067510
NİĞDE;MERKEZ;GÜMÜŞLER - YENİ GÜMÜŞ;EREN SOKAK;sokak;21545
NİĞDE;MERKEZ;GÜMÜŞLER - YENİ GÜMÜŞ;EVLİYA KÜME EVLER;sokak;21529
NİĞDE;MERKEZ;GÜMÜŞLER - YENİ GÜMÜŞ;FİDANLIK SOKAK;sokak;475113
NİĞDE;MERKEZ;GÜMÜŞLER - YENİ GÜMÜŞ;FİDANLIK/1 SOKAK;sokak;559119940
NİĞDE;MERKEZ;GÜMÜŞLER - YENİ GÜMÜŞ;FİDANLIK/3 SOKAK;sokak;892475480
NİĞDE;MERKEZ;GÜMÜŞLER - YENİ GÜMÜŞ;HACI İBAT SOKAK;sokak;21530
NİĞDE;MERKEZ;GÜMÜŞLER - YENİ GÜMÜŞ;HUZUR SOKAK;sokak;474758
NİĞDE;MERKEZ;GÜMÜŞLER - YENİ GÜMÜŞ;HUZUR/1 SOKAK;sokak;643091150
NİĞDE;MERKEZ;GÜMÜŞLER - YENİ GÜMÜŞ;HUZUR/2 SOKAK;sokak;230774720
NİĞDE;MERKEZ;GÜMÜŞLER - YENİ GÜMÜŞ;HUZUR/3 SOKAK;sokak;179854330
NİĞDE;MERKEZ;GÜMÜŞLER - YENİ GÜMÜŞ;HUZUR/4 SOKAK;sokak;246087700
NİĞDE;MERKEZ;GÜMÜŞLER - YENİ GÜMÜŞ;HUZUR/5 SOKAK;sokak;944714220
NİĞDE;MERKEZ;GÜMÜŞLER - YENİ GÜMÜŞ;HUZUR/6 SOKAK;sokak;441832750
NİĞDE;MERKEZ;GÜMÜŞLER - YENİ GÜMÜŞ;İREM SOKAK;sokak;485118
NİĞDE;MERKEZ;GÜMÜŞLER - YENİ GÜMÜŞ;İSTİKLAL CADDE;cadde;660363690
NİĞDE;MERKEZ;GÜMÜŞLER - YENİ GÜMÜŞ;KAZIM KARABEKİR/1 SOKAK;sokak;904807990
NİĞDE;MERKEZ;GÜMÜŞLER - YENİ GÜMÜŞ;KAZIM KARABEKİR/2 SOKAK;sokak;966358260
NİĞDE;MERKEZ;GÜMÜŞLER - YENİ GÜMÜŞ;KAZIM KARABEKİR/3 SOKAK;sokak;277200100
NİĞDE;MERKEZ;GÜMÜŞLER - YENİ GÜMÜŞ;KAZIM KARABEKİR/4 SOKAK;sokak;511783090
NİĞDE;MERKEZ;GÜMÜŞLER - YENİ GÜMÜŞ;KAZIM KARABEKİR/5 SOKAK;sokak;507013090
NİĞDE;MERKEZ;GÜMÜŞLER - YENİ GÜMÜŞ;KAZIM KARABEKİR/6 SOKAK;sokak;287758720
NİĞDE;MERKEZ;GÜMÜŞLER - YENİ GÜMÜŞ;KAZIM KARABEKİR/8 SOKAK;sokak;307799120
NİĞDE;MERKEZ;GÜMÜŞLER - YENİ GÜMÜŞ;KEVENCİ CADDE;cadde;487726930
NİĞDE;MERKEZ;GÜMÜŞLER - YENİ GÜMÜŞ;KURTULUŞ SOKAK;sokak;21532
NİĞDE;MERKEZ;GÜMÜŞLER - YENİ GÜMÜŞ;MAREŞAL MEYDAN;sokak;21533
NİĞDE;MERKEZ;GÜMÜŞLER - YENİ GÜMÜŞ;MENEKŞE/1 SOKAK;sokak;64108541
NİĞDE;MERKEZ;GÜMÜŞLER - YENİ GÜMÜŞ;MENEKŞE/2 SOKAK;sokak;431811140
NİĞDE;MERKEZ;GÜMÜŞLER - YENİ GÜMÜŞ;MERMER SOKAK;sokak;473858
NİĞDE;MERKEZ;GÜMÜŞLER - YENİ GÜMÜŞ;MERMER/1 SOKAK;sokak;179041520
NİĞDE;MERKEZ;GÜMÜŞLER - YENİ GÜMÜŞ;MERMER/2 SOKAK;sokak;156281260
NİĞDE;MERKEZ;GÜMÜŞLER - YENİ GÜMÜŞ;MERMER/3 SOKAK;sokak;318856350
NİĞDE;MERKEZ;GÜMÜŞLER - YENİ GÜMÜŞ;MERVE SOKAK;sokak;485127
NİĞDE;MERKEZ;GÜMÜŞLER - YENİ GÜMÜŞ;MERVE/1 SOKAK;sokak;443319730
NİĞDE;MERKEZ;GÜMÜŞLER - YENİ GÜMÜŞ;MERVE/2 SOKAK;sokak;348719960
NİĞDE;MERKEZ;GÜMÜŞLER - YENİ GÜMÜŞ;MERVE/6 SOKAK;sokak;25429325
NİĞDE;MERKEZ;GÜMÜŞLER - YENİ GÜMÜŞ;MEVLANA SOKAK;sokak;21534
NİĞDE;MERKEZ;GÜMÜŞLER - YENİ GÜMÜŞ;MURAT/6 SOKAK;sokak;883706970
NİĞDE;MERKEZ;GÜMÜŞLER - YENİ GÜMÜŞ;ÖZYAREN SOKAK;sokak;1377111
NİĞDE;MERKEZ;GÜMÜŞLER - YENİ GÜMÜŞ;SARAY SOKAK;sokak;21535
NİĞDE;MERKEZ;GÜMÜŞLER - YENİ GÜMÜŞ;SARAY/1 KÜME EVLER;sokak;822517370
NİĞDE;MERKEZ;GÜMÜŞLER - YENİ GÜMÜŞ;SARAY/3 SOKAK;sokak;810446120
NİĞDE;MERKEZ;GÜMÜŞLER - YENİ GÜMÜŞ;ŞEHİT NAİL AKDOĞAN CADDE;cadde;21531
NİĞDE;MERKEZ;GÜMÜŞLER - YENİ GÜMÜŞ;TALATPAŞA SOKAK;sokak;21537
NİĞDE;MERKEZ;GÜMÜŞLER - YENİ GÜMÜŞ;TIPI/1 SOKAK;sokak;758867470
NİĞDE;MERKEZ;GÜMÜŞLER - YENİ GÜMÜŞ;TİPİ SOKAK;sokak;481447
NİĞDE;MERKEZ;GÜMÜŞLER - YENİ GÜMÜŞ;YAYLA SOKAK;sokak;21538
NİĞDE;MERKEZ;GÜMÜŞLER - YENİ GÜMÜŞ;YAYLA/1 SOKAK;sokak;140809230
NİĞDE;MERKEZ;GÜMÜŞLER - YENİ GÜMÜŞ;YAYLA/2 SOKAK;sokak;733517440
NİĞDE;MERKEZ;GÜMÜŞLER - YENİ GÜMÜŞ;YILDIRIM SOKAK;sokak;21539
NİĞDE;MERKEZ;GÜMÜŞLER - YENİ GÜMÜŞ;ZAFER 1 SOKAK;sokak;21540
NİĞDE;MERKEZ;GÜMÜŞLER - YENİ GÜMÜŞ;ZAFER 2 SOKAK;sokak;21541
NİĞDE;MERKEZ;GÜMÜŞLER - YENİ GÜMÜŞ;ZAFER 2/1 SOKAK;sokak;289581970
NİĞDE;MERKEZ;GÜMÜŞLER - YENİ GÜMÜŞ;ZAFER 2/2 SOKAK;sokak;523354520
NİĞDE;MERKEZ;GÜMÜŞLER - YENİ GÜMÜŞ;ZAFER 2/3 SOKAK;sokak;108463430
NİĞDE;MERKEZ;GÜMÜŞLER - YENİ GÜMÜŞ;ZAFER 2/4 SOKAK;sokak;201270720
NİĞDE;MERKEZ;GÜMÜŞLER - YENİ GÜMÜŞ;ZAFER 2/5 SOKAK;sokak;110983240
NİĞDE;MERKEZ;GÜMÜŞLER - YENİ GÜMÜŞ;ZÜMRÜT SOKAK;sokak;21542
NİĞDE;MERKEZ;GÜMÜŞLER - YENİ GÜMÜŞ;ZÜMRÜT/1 SOKAK;sokak;231647590
NİĞDE;MERKEZ;HACIABDULLAH - YENİ;AFET EVLERİ KÜME EVLER;sokak;22836
NİĞDE;MERKEZ;HACIABDULLAH - YENİ;AKKAŞLAR SOKAK;sokak;22837
NİĞDE;MERKEZ;HACIABDULLAH - YENİ;ALTAYLAR SOKAK;sokak;22838
NİĞDE;MERKEZ;HACIABDULLAH - YENİ;ALTINEL CADDE;cadde;368194
NİĞDE;MERKEZ;HACIABDULLAH - YENİ;BAHÇELER SOKAK;sokak;368191
NİĞDE;MERKEZ;HACIABDULLAH - YENİ;BAHÇELİ EVLER/1 SOKAK;sokak;307933680
NİĞDE;MERKEZ;HACIABDULLAH - YENİ;BAHÇELİ EVLER/2 SOKAK;sokak;281584000
NİĞDE;MERKEZ;HACIABDULLAH - YENİ;BAHÇELİEVLER SOKAK;sokak;22839
NİĞDE;MERKEZ;HACIABDULLAH - YENİ;BAHÇELİEVLER/3 SOKAK;sokak;977963200
NİĞDE;MERKEZ;HACIABDULLAH - YENİ;CAMİ/1 SOKAK;sokak;267434430
NİĞDE;MERKEZ;HACIABDULLAH - YENİ;CAMİİ SOKAK;sokak;22840
NİĞDE;MERKEZ;HACIABDULLAH - YENİ;CUMHURİYET CADDE;cadde;368195
NİĞDE;MERKEZ;HACIABDULLAH - YENİ;CUMHURİYET/1 SOKAK;sokak;797505920
NİĞDE;MERKEZ;HACIABDULLAH - YENİ;CUMHURİYET/2 SOKAK;sokak;243838870
NİĞDE;MERKEZ;HACIABDULLAH - YENİ;CUMHURİYET/3 SOKAK;sokak;662830450
NİĞDE;MERKEZ;HACIABDULLAH - YENİ;CUMHURİYET/4 SOKAK;sokak;228358540
NİĞDE;MERKEZ;HACIABDULLAH - YENİ;ÇINAR SOKAK;sokak;368199
NİĞDE;MERKEZ;HACIABDULLAH - YENİ;ÇINAR/1 SOKAK;sokak;681013850
NİĞDE;MERKEZ;HACIABDULLAH - YENİ;ÇINARLI CADDE;cadde;22852
NİĞDE;MERKEZ;HACIABDULLAH - YENİ;ÇINARLI/1 SOKAK;sokak;890874230
NİĞDE;MERKEZ;HACIABDULLAH - YENİ;ÇINARLI/2 SOKAK;sokak;121966890
NİĞDE;MERKEZ;HACIABDULLAH - YENİ;ÇİĞDEMLİK AFET EVLERİ KÜME EVLER;sokak;887550
NİĞDE;MERKEZ;HACIABDULLAH - YENİ;DEĞİRMENÖNÜ SOKAK;sokak;1505295
NİĞDE;MERKEZ;HACIABDULLAH - YENİ;DERE SOKAK;sokak;21551
NİĞDE;MERKEZ;HACIABDULLAH - YENİ;DERE/1 SOKAK;sokak;304041640
NİĞDE;MERKEZ;HACIABDULLAH - YENİ;DOĞAN BORAN CADDE;cadde;22841
NİĞDE;MERKEZ;HACIABDULLAH - YENİ;DOĞAN BORAN/1 SOKAK;sokak;214052610
NİĞDE;MERKEZ;HACIABDULLAH - YENİ;DOĞAN BORAN/2 SOKAK;sokak;440679810
NİĞDE;MERKEZ;HACIABDULLAH - YENİ;DOĞAN BORAN/3 SOKAK;sokak;174026780
NİĞDE;MERKEZ;HACIABDULLAH - YENİ;DOĞAN BORAN/4 SOKAK;sokak;151830230
NİĞDE;MERKEZ;HACIABDULLAH - YENİ;DOĞAN BORAN/5 SOKAK;sokak;543167320
NİĞDE;MERKEZ;HACIABDULLAH - YENİ;DOĞAN BORAN/6 SOKAK;sokak;317759680
NİĞDE;MERKEZ;HACIABDULLAH - YENİ;DOĞAN BORAN/7 SOKAK;sokak;242776180
NİĞDE;MERKEZ;HACIABDULLAH - YENİ;DOĞAN BORAN/8 SOKAK;sokak;323150380
NİĞDE;MERKEZ;HACIABDULLAH - YENİ;DOĞANAY SOKAK;sokak;22842
NİĞDE;MERKEZ;HACIABDULLAH - YENİ;ESMENLER SOKAK;sokak;21552
NİĞDE;MERKEZ;HACIABDULLAH - YENİ;ETHEM ÜNGÖR CADDE;cadde;22843
NİĞDE;MERKEZ;HACIABDULLAH - YENİ;ETHEM ÜNGÖR/2 SOKAK;sokak;868941510
NİĞDE;MERKEZ;HACIABDULLAH - YENİ;FEVZİ ÇAKMAK SOKAK;sokak;368196
NİĞDE;MERKEZ;HACIABDULLAH - YENİ;FİDANLIK YOLU SOKAK;sokak;22844
NİĞDE;MERKEZ;HACIABDULLAH - YENİ;HALEP ÇIKMAZI SOKAK;sokak;22845
NİĞDE;MERKEZ;HACIABDULLAH - YENİ;HALİL ALPASLAN SOKAK;sokak;22853
NİĞDE;MERKEZ;HACIABDULLAH - YENİ;İSTİKLAL ÇIKMAZI SOKAK;sokak;577469500
NİĞDE;MERKEZ;HACIABDULLAH - YENİ;KABLAYLAR SOKAK;sokak;368192
NİĞDE;MERKEZ;HACIABDULLAH - YENİ;KANELLER ÇIKMAZI SOKAK;sokak;21553
NİĞDE;MERKEZ;HACIABDULLAH - YENİ;KARTALLAR SOKAK;sokak;22846
NİĞDE;MERKEZ;HACIABDULLAH - YENİ;KAYA BAĞI SOKAK;sokak;493197420
NİĞDE;MERKEZ;HACIABDULLAH - YENİ;KAYADİBİ SOKAK;sokak;368197
NİĞDE;MERKEZ;HACIABDULLAH - YENİ;KAZIM KARABEKİR SOKAK;sokak;22847
NİĞDE;MERKEZ;HACIABDULLAH - YENİ;KIŞLA YOLU CADDE;cadde;22848
NİĞDE;MERKEZ;HACIABDULLAH - YENİ;KIŞLA YOLU/1 SOKAK;sokak;187300020
NİĞDE;MERKEZ;HACIABDULLAH - YENİ;KIŞLA YOLU/2 SOKAK;sokak;352523290
NİĞDE;MERKEZ;HACIABDULLAH - YENİ;KÖPRÜBAŞI SOKAK;sokak;368198
NİĞDE;MERKEZ;HACIABDULLAH - YENİ;SAĞLIKÇILAR SOKAK;sokak;483597
NİĞDE;MERKEZ;HACIABDULLAH - YENİ;SELAHATTİN ÖZTÜRK CADDE;cadde;22849
NİĞDE;MERKEZ;HACIABDULLAH - YENİ;ŞEHİT DOĞAN DEMİR SOKAK;sokak;22855
NİĞDE;MERKEZ;HACIABDULLAH - YENİ;ŞEHİT DOĞAN DEMİR/2 SOKAK;sokak;986934010
NİĞDE;MERKEZ;HACIABDULLAH - YENİ;ŞEHİT MUSTAFA AVCI SOKAK;sokak;22854
NİĞDE;MERKEZ;HACIABDULLAH - YENİ;ŞEHİTLER SOKAK;sokak;369457
NİĞDE;MERKEZ;HACIABDULLAH - YENİ;ŞEHİTLER/1 SOKAK;sokak;199944820
NİĞDE;MERKEZ;HACIABDULLAH - YENİ;ŞEHİTLER/2 SOKAK;sokak;128368540
NİĞDE;MERKEZ;HACIABDULLAH - YENİ;ŞEHİTLER/3 SOKAK;sokak;195994220
NİĞDE;MERKEZ;HACIABDULLAH - YENİ;TAKYANLAR SOKAK;sokak;21554
NİĞDE;MERKEZ;HACIABDULLAH - YENİ;TEMURLAR SOKAK;sokak;22850
NİĞDE;MERKEZ;HACIABDULLAH - YENİ;ÜNLÜ SOKAK;sokak;21555
NİĞDE;MERKEZ;HACIABDULLAH - YENİ;ZEYCAN SOKAK;sokak;22851
NİĞDE;MERKEZ;HACIBEYLİ - CUMHURİYET;CUMHURİYET SOKAK;sokak;501515
NİĞDE;MERKEZ;HACIBEYLİ - CUMHURİYET;ÇANDIR SOKAK;sokak;501516
NİĞDE;MERKEZ;HACIBEYLİ - CUMHURİYET;ÇANDIR/1 SOKAK;sokak;381344660
NİĞDE;MERKEZ;HACIBEYLİ - CUMHURİYET;ELMACILAR SOKAK;sokak;495708
NİĞDE;MERKEZ;HACIBEYLİ - CUMHURİYET;NİLÜFER SOKAK;sokak;495707
NİĞDE;MERKEZ;HACIBEYLİ - CUMHURİYET;SULUDERE SOKAK;sokak;499101
NİĞDE;MERKEZ;HACIBEYLİ - CUMHURİYET;ŞEHİT DEDE ÇELİK SOKAK;sokak;501510
NİĞDE;MERKEZ;HACIBEYLİ - CUMHURİYET;ŞEHİT DEDE ÇELİK/1 SOKAK;sokak;301271611
NİĞDE;MERKEZ;HACIBEYLİ - CUMHURİYET;ŞEHİT DEDE ÇELİK/3 SOKAK;sokak;522090120
NİĞDE;MERKEZ;HACIBEYLİ - CUMHURİYET;ŞEHİT DEDE ÇELİK/4 SOKAK;sokak;213923110
NİĞDE;MERKEZ;HACIBEYLİ - CUMHURİYET;TONTULAR SOKAK;sokak;495705
NİĞDE;MERKEZ;HACIBEYLİ - CUMHURİYET;TONTULAR/1 SOKAK;sokak;655289600
NİĞDE;MERKEZ;HACIBEYLİ - CUMHURİYET;TONTULAR/2 SOKAK;sokak;455832750
NİĞDE;MERKEZ;HACIBEYLİ - CUMHURİYET;TONTULAR/3 SOKAK;sokak;281022750
NİĞDE;MERKEZ;HACIBEYLİ - CUMHURİYET;TONTULAR/4 SOKAK;sokak;702355690
NİĞDE;MERKEZ;HACIBEYLİ - HÜRRİYET;ÇATAL SOKAK;sokak;503689
NİĞDE;MERKEZ;HACIBEYLİ - HÜRRİYET;ÇIKMAZ SOKAK;sokak;503686
NİĞDE;MERKEZ;HACIBEYLİ - HÜRRİYET;DÖNÜŞLÜ SOKAK;sokak;506916
NİĞDE;MERKEZ;HACIBEYLİ - HÜRRİYET;DÜNDARLI SOKAK;sokak;503685
NİĞDE;MERKEZ;HACIBEYLİ - HÜRRİYET;DÜNDARLI/1 SOKAK;sokak;271568760
NİĞDE;MERKEZ;HACIBEYLİ - HÜRRİYET;DÜNDARLI/3 SOKAK;sokak;858459560
NİĞDE;MERKEZ;HACIBEYLİ - HÜRRİYET;ELMACILAR SOKAK;sokak;771161760
NİĞDE;MERKEZ;HACIBEYLİ - HÜRRİYET;ELMACILAR/1 SOKAK;sokak;525149730
NİĞDE;MERKEZ;HACIBEYLİ - HÜRRİYET;ELMACILAR/2 SOKAK;sokak;222244480
NİĞDE;MERKEZ;HACIBEYLİ - HÜRRİYET;ESEN SOKAK;sokak;503688
NİĞDE;MERKEZ;HACIBEYLİ - HÜRRİYET;HÜRRİYET SOKAK;sokak;23185
NİĞDE;MERKEZ;HACIBEYLİ - HÜRRİYET;HÜRRİYET/1 SOKAK;sokak;303542370
NİĞDE;MERKEZ;HACIBEYLİ - HÜRRİYET;İBRAHİM ÇALHAN SOKAK;sokak;503683
NİĞDE;MERKEZ;HACIBEYLİ - HÜRRİYET;KARTAL SOKAK;sokak;495698
NİĞDE;MERKEZ;HACIBEYLİ - HÜRRİYET;OKUL GEÇİDİ SOKAK;sokak;506918
NİĞDE;MERKEZ;HACIBEYLİ - HÜRRİYET;ŞEHİT DEDE ÇELİK SOKAK;sokak;499089
NİĞDE;MERKEZ;HACIBEYLİ - HÜRRİYET;ŞEHİT DEDE ÇELİK/1 SOKAK;sokak;301271610
NİĞDE;MERKEZ;HACIBEYLİ - HÜRRİYET;ŞEHİT DEDE ÇELİK/2 SOKAK;sokak;648407390
NİĞDE;MERKEZ;HACIBEYLİ - HÜRRİYET;ŞEHİT DEDE ÇELİK/9 SOKAK;sokak;511761390
NİĞDE;MERKEZ;HACIBEYLİ - HÜRRİYET;TÜRKER SOKAK;sokak;495694
NİĞDE;MERKEZ;HACIBEYLİ - YENİ;ÇAVUŞ SOKAK;sokak;23186
NİĞDE;MERKEZ;HACIBEYLİ - YENİ;ÇEŞMEBAŞI SOKAK;sokak;499095
NİĞDE;MERKEZ;HACIBEYLİ - YENİ;ÇIKMAZ/5 SOKAK;sokak;743588880
NİĞDE;MERKEZ;HACIBEYLİ - YENİ;GÜNEŞ SOKAK;sokak;23189
NİĞDE;MERKEZ;HACIBEYLİ - YENİ;KADER SOKAK;sokak;505194
NİĞDE;MERKEZ;HACIBEYLİ - YENİ;SULUDERE SOKAK;sokak;771388321
NİĞDE;MERKEZ;HACIBEYLİ - YENİ;SÜNBÜL SOKAK;sokak;514655
NİĞDE;MERKEZ;HACIBEYLİ - YENİ;SÜNBÜL/1 SOKAK;sokak;740957460
NİĞDE;MERKEZ;HACIBEYLİ - YENİ;ŞEHİT DEDE ÇELİK SOKAK;sokak;505164
NİĞDE;MERKEZ;HACIBEYLİ - YENİ;ŞEHİT DEDE ÇELİK/4 SOKAK;sokak;213923111
NİĞDE;MERKEZ;HACIBEYLİ - YENİ;ŞEHİT DEDE ÇELİK/5 SOKAK;sokak;516029770
NİĞDE;MERKEZ;HACIBEYLİ - YENİ;ŞEHİT DEDE ÇELİK/6 SOKAK;sokak;382125360
NİĞDE;MERKEZ;HACIBEYLİ - YENİ;ŞEHİT DEDE ÇELİK/7 SOKAK;sokak;661374230
NİĞDE;MERKEZ;HACIBEYLİ - YENİ;YENİ SOKAK;sokak;499098
NİĞDE;MERKEZ;HACIBEYLİ - YENİ;YENİ/2 SOKAK;sokak;280989520
NİĞDE;MERKEZ;HANÇERLİ NA;HANÇERLİ KÜME EVLER;sokak;478881
NİĞDE;MERKEZ;HASAKÖY NA;HASAKÖY. KÜME EVLER;sokak;476698
NİĞDE;MERKEZ;HASAKÖY NA;TIRHAN KÜME EVLER;sokak;724216391
NİĞDE;MERKEZ;HİMMETLİ NA;HİMMETLİ KÜME EVLER;sokak;472526
NİĞDE;MERKEZ;İÇMELİ - BAHÇELİEVLER;AHMETDEDE SOKAK;sokak;498495
NİĞDE;MERKEZ;İÇMELİ - BAHÇELİEVLER;BAĞLAR SOKAK;sokak;498498
NİĞDE;MERKEZ;İÇMELİ - BAHÇELİEVLER;CUMHURİYET SOKAK;sokak;394440960
NİĞDE;MERKEZ;İÇMELİ - BAHÇELİEVLER;CUMHURİYET/1 SOKAK;sokak;338372460
NİĞDE;MERKEZ;İÇMELİ - BAHÇELİEVLER;DİKİLİTAŞ ÇEVRE YOLU SOKAK;sokak;159295160
NİĞDE;MERKEZ;İÇMELİ - BAHÇELİEVLER;DİKİLİTAŞ ÇEVRE YOLU/1 SOKAK;sokak;653671610
NİĞDE;MERKEZ;İÇMELİ - BAHÇELİEVLER;DİKİLİTAŞ ÇEVRE YOLU/2 SOKAK;sokak;139044610
NİĞDE;MERKEZ;İÇMELİ - BAHÇELİEVLER;DİKİLİTAŞ ÇEVRE YOLU/3 SOKAK;sokak;147921470
NİĞDE;MERKEZ;İÇMELİ - BAHÇELİEVLER;DİKİLİTAŞ ÇEVRE YOLU/4 SOKAK;sokak;265256910
NİĞDE;MERKEZ;İÇMELİ - BAHÇELİEVLER;DİKİLİTAŞ ÇEVRE YOLU/5 SOKAK;sokak;305763590
NİĞDE;MERKEZ;İÇMELİ - BAHÇELİEVLER;DİKİLİTAŞ ÇEVRE YOLU/7 SOKAK;sokak;766017640
NİĞDE;MERKEZ;İÇMELİ - BAHÇELİEVLER;DİKİLİTAŞ ÇEVRE YOLU/8 SOKAK;sokak;803381630
NİĞDE;MERKEZ;İÇMELİ - BAHÇELİEVLER;KOCAPINAR YOLU SOKAK;sokak;272151441
NİĞDE;MERKEZ;İÇMELİ - BAHÇELİEVLER;MUH.MUSTAFA AKSOY SOKAK;sokak;488430
NİĞDE;MERKEZ;İÇMELİ - BAHÇELİEVLER;MUH.MUSTAFA AKSOY/1 SOKAK;sokak;378443050
NİĞDE;MERKEZ;İÇMELİ - BAHÇELİEVLER;MUH.MUSTAFA AKSOY/2 SOKAK;sokak;136795010
NİĞDE;MERKEZ;İÇMELİ - BAHÇELİEVLER;MUH.MUSTAFA AKSOY/3 SOKAK;sokak;625702880
NİĞDE;MERKEZ;İÇMELİ - BAHÇELİEVLER;MUH.RAŞİT SOYAK SOKAK;sokak;498918
NİĞDE;MERKEZ;İÇMELİ - BAHÇELİEVLER;ÖĞRETMEN AYDIN ŞİMŞEK SOKAK;sokak;498496
NİĞDE;MERKEZ;İÇMELİ - BAHÇELİEVLER;ÜÇTEPELER SOKAK;sokak;498497
NİĞDE;MERKEZ;İÇMELİ - GÜZELYURT;ABDULKADİR YEDİER SOKAK;sokak;489859
NİĞDE;MERKEZ;İÇMELİ - GÜZELYURT;AHMETDEDE SOKAK;sokak;23195
NİĞDE;MERKEZ;İÇMELİ - GÜZELYURT;AHMETDEDE/1 SOKAK;sokak;150386310
NİĞDE;MERKEZ;İÇMELİ - GÜZELYURT;CUMHURİYET SOKAK;sokak;23196
NİĞDE;MERKEZ;İÇMELİ - GÜZELYURT;CUMHURİYET/13 SOKAK;sokak;427932990
NİĞDE;MERKEZ;İÇMELİ - GÜZELYURT;CUMHURİYET/2 SOKAK;sokak;813593740
NİĞDE;MERKEZ;İÇMELİ - GÜZELYURT;DİKİLİTAŞ ÇEVRE YOLU SOKAK;sokak;498487
NİĞDE;MERKEZ;İÇMELİ - GÜZELYURT;GÜLTEPE ÇEVRE YOLU SOKAK;sokak;483372
NİĞDE;MERKEZ;İÇMELİ - GÜZELYURT;GÜLTEPE ÇEVRE YOLU/1 SOKAK;sokak;122934780
NİĞDE;MERKEZ;İÇMELİ - GÜZELYURT;GÜLTEPE ÇEVRE YOLU/2 SOKAK;sokak;959115900
NİĞDE;MERKEZ;İÇMELİ - GÜZELYURT;GÜLTEPE SOKAK;sokak;176060620
NİĞDE;MERKEZ;İÇMELİ - GÜZELYURT;GÜLTEPE/1 SOKAK;sokak;608056940
NİĞDE;MERKEZ;İÇMELİ - GÜZELYURT;H.HÜSEYİN ÖZSARAÇ SOKAK;sokak;483369
NİĞDE;MERKEZ;İÇMELİ - GÜZELYURT;İÇMECE SOKAK;sokak;369468
NİĞDE;MERKEZ;İÇMELİ - GÜZELYURT;İÇMECE/1 SOKAK;sokak;365822370
NİĞDE;MERKEZ;İÇMELİ - GÜZELYURT;KAMİL ŞENEL SOKAK;sokak;489865
NİĞDE;MERKEZ;İÇMELİ - GÜZELYURT;KAMİL ŞENEL/1 SOKAK;sokak;563404330
NİĞDE;MERKEZ;İÇMELİ - GÜZELYURT;KOCAPINAR ÇEVRE YOLU SOKAK;sokak;480079
NİĞDE;MERKEZ;İÇMELİ - GÜZELYURT;KOCAPINAR ÇEVRE YOLU/1 SOKAK;sokak;407129110
NİĞDE;MERKEZ;İÇMELİ - GÜZELYURT;KOCAPINAR ÇEVRE YOLU/2 SOKAK;sokak;626836770
NİĞDE;MERKEZ;İÇMELİ - GÜZELYURT;KOCAPINAR YOLU SOKAK;sokak;487073
NİĞDE;MERKEZ;İÇMELİ - GÜZELYURT;MEZARLIK SOKAK;sokak;369467
NİĞDE;MERKEZ;İÇMELİ - GÜZELYURT;MUH.AHMET ŞAHİNÜÇER SOKAK;sokak;489875
NİĞDE;MERKEZ;İÇMELİ - GÜZELYURT;MUH.EYÜP YÜKSEL SOKAK;sokak;489863
NİĞDE;MERKEZ;İÇMELİ - GÜZELYURT;MUH.H.HÜSEYİN SAKARYA SOKAK;sokak;489864
NİĞDE;MERKEZ;İÇMELİ - GÜZELYURT;MUH.MEHMET SONKUR SOKAK;sokak;490814
NİĞDE;MERKEZ;İÇMELİ - GÜZELYURT;MUH.MEHMET SONKUR/1 SOKAK;sokak;108545860
NİĞDE;MERKEZ;İÇMELİ - GÜZELYURT;MUH.MEHMET SONKUR/2 SOKAK;sokak;109150070
NİĞDE;MERKEZ;İÇMELİ - GÜZELYURT;MUH.MEHMET SONKUR/3 SOKAK;sokak;858505350
NİĞDE;MERKEZ;İÇMELİ - GÜZELYURT;MUH.MEHMET SONKUR/4 SOKAK;sokak;133020390
NİĞDE;MERKEZ;İÇMELİ - GÜZELYURT;MUH.MEHMET SONKUR/5 SOKAK;sokak;392137720
NİĞDE;MERKEZ;İÇMELİ - GÜZELYURT;MUH.MEHMET SONKUR/6 SOKAK;sokak;449842350
NİĞDE;MERKEZ;İÇMELİ - GÜZELYURT;MUH.MEHMET SOYLU SOKAK;sokak;485720
NİĞDE;MERKEZ;İÇMELİ - GÜZELYURT;MUH.MEHMET YÜKSEL SOKAK;sokak;480081
NİĞDE;MERKEZ;İÇMELİ - GÜZELYURT;MUH.MUSTAFA AKSOY SOKAK;sokak;175471911
NİĞDE;MERKEZ;İÇMELİ - GÜZELYURT;MUH.YUSUF YILDIZER SOKAK;sokak;483362
NİĞDE;MERKEZ;İÇMELİ - GÜZELYURT;ÖĞR.HALİL YAŞAR SOKAK;sokak;480082
NİĞDE;MERKEZ;İÇMELİ - GÜZELYURT;ÖĞR.MEHMET SAĞLAM SOKAK;sokak;487075
NİĞDE;MERKEZ;İÇMELİ - GÜZELYURT;SAĞLIK OCAĞI KÜME EVLER SOKAK;sokak;487078
NİĞDE;MERKEZ;İÇMELİ - GÜZELYURT;SAĞLIK OCAĞI KÜME EVLER/1 SOKAK;sokak;414525740
NİĞDE;MERKEZ;İÇMELİ - GÜZELYURT;SAĞLIK OCAĞI KÜME EVLER/2 SOKAK;sokak;802536280
NİĞDE;MERKEZ;İÇMELİ - GÜZELYURT;YAVUZ CAN SOKAK;sokak;490660
NİĞDE;MERKEZ;İÇMELİ - GÜZELYURT;ZÜMRÜT SOKAK;sokak;489861
NİĞDE;MERKEZ;İÇMELİ - SERİNEVLER;ALİ ERCAN SOKAK;sokak;489147
NİĞDE;MERKEZ;İÇMELİ - SERİNEVLER;ALİ ERCAN/1 SOKAK;sokak;894180240
NİĞDE;MERKEZ;İÇMELİ - SERİNEVLER;CUMHURİYET SOKAK;sokak;489142
NİĞDE;MERKEZ;İÇMELİ - SERİNEVLER;CUMHURİYET/10 SOKAK;sokak;195471730
NİĞDE;MERKEZ;İÇMELİ - SERİNEVLER;CUMHURİYET/11 SOKAK;sokak;237843740
NİĞDE;MERKEZ;İÇMELİ - SERİNEVLER;CUMHURİYET/3 SOKAK;sokak;752185370
NİĞDE;MERKEZ;İÇMELİ - SERİNEVLER;CUMHURİYET/4 SOKAK;sokak;101778480
NİĞDE;MERKEZ;İÇMELİ - SERİNEVLER;CUMHURİYET/5 SOKAK;sokak;997222250
NİĞDE;MERKEZ;İÇMELİ - SERİNEVLER;ÇEŞME SOKAK;sokak;489146
NİĞDE;MERKEZ;İÇMELİ - SERİNEVLER;GURBETÇİLER SOKAK;sokak;489151
NİĞDE;MERKEZ;İÇMELİ - SERİNEVLER;GURBETÇİLER/1 SOKAK;sokak;477999940
NİĞDE;MERKEZ;İÇMELİ - SERİNEVLER;GÜLER SOKAK;sokak;489143
NİĞDE;MERKEZ;İÇMELİ - SERİNEVLER;GÜLTEPE SOKAK;sokak;488421
NİĞDE;MERKEZ;İÇMELİ - SERİNEVLER;GÜLTEPE/11 SOKAK;sokak;556136990
NİĞDE;MERKEZ;İÇMELİ - SERİNEVLER;MUH.HURŞİT YILDIZELİ SOKAK;sokak;489145
NİĞDE;MERKEZ;İÇMELİ - SERİNEVLER;MUH.MEHMET SOYLU SOKAK;sokak;499370
NİĞDE;MERKEZ;İÇMELİ - SERİNEVLER;MUH.MEHMET SOYLU/1 SOKAK;sokak;281016240
NİĞDE;MERKEZ;İÇMELİ - SERİNEVLER;MUH.MUSTAFA KONAÇ SOKAK;sokak;489128
NİĞDE;MERKEZ;İÇMELİ - SERİNEVLER;MUH.MUSTAFA KONAÇ/1 SOKAK;sokak;650694450
NİĞDE;MERKEZ;İÇMELİ - SERİNEVLER;ÖĞR.ÖMER YÜKSEL SOKAK;sokak;489131
NİĞDE;MERKEZ;İÇMELİ - SERİNEVLER;ÖZGÜR SOKAK;sokak;498480
NİĞDE;MERKEZ;İÇMELİ - SERİNEVLER;SÜMBÜL SOKAK;sokak;498485
NİĞDE;MERKEZ;İÇMELİ - SERİNEVLER;SÜMBÜL/1 SOKAK;sokak;447758560
NİĞDE;MERKEZ;İÇMELİ - SERİNEVLER;TOROS SOKAK;sokak;489150
NİĞDE;MERKEZ;İLHANLI;1. SOKAK;sokak;27177
NİĞDE;MERKEZ;İLHANLI;10. SOKAK;sokak;54328
NİĞDE;MERKEZ;İLHANLI;100. SOKAK;sokak;372105
NİĞDE;MERKEZ;İLHANLI;101. SOKAK;sokak;27178
NİĞDE;MERKEZ;İLHANLI;102. SOKAK;sokak;27179
NİĞDE;MERKEZ;İLHANLI;1025 SOKAK;sokak;681359461
NİĞDE;MERKEZ;İLHANLI;1026 SOKAK;sokak;788849961
NİĞDE;MERKEZ;İLHANLI;1027 SOKAK;sokak;417945041
NİĞDE;MERKEZ;İLHANLI;1028 SOKAK;sokak;347112421
NİĞDE;MERKEZ;İLHANLI;1029 SOKAK;sokak;171528851
NİĞDE;MERKEZ;İLHANLI;103. SOKAK;sokak;367950
NİĞDE;MERKEZ;İLHANLI;1030 SOKAK;sokak;285160451
NİĞDE;MERKEZ;İLHANLI;1031 SOKAK;sokak;965534411
NİĞDE;MERKEZ;İLHANLI;1032 SOKAK;sokak;323675831
NİĞDE;MERKEZ;İLHANLI;1033 SOKAK;sokak;198814731
NİĞDE;MERKEZ;İLHANLI;1034 SOKAK;sokak;297567071
NİĞDE;MERKEZ;İLHANLI;1035 SOKAK;sokak;852690331
NİĞDE;MERKEZ;İLHANLI;1036 SOKAK;sokak;565703691
NİĞDE;MERKEZ;İLHANLI;104. SOKAK;sokak;372106
NİĞDE;MERKEZ;İLHANLI;105. SOKAK;sokak;27180
NİĞDE;MERKEZ;İLHANLI;106. SOKAK;sokak;27181
NİĞDE;MERKEZ;İLHANLI;107. SOKAK;sokak;54454
NİĞDE;MERKEZ;İLHANLI;108. SOKAK;sokak;27182
NİĞDE;MERKEZ;İLHANLI;109. SOKAK;sokak;372107
NİĞDE;MERKEZ;İLHANLI;11. SOKAK;sokak;27183
NİĞDE;MERKEZ;İLHANLI;110. SOKAK;sokak;54455
NİĞDE;MERKEZ;İLHANLI;112. SOKAK;sokak;27184
NİĞDE;MERKEZ;İLHANLI;113. SOKAK;sokak;372108
NİĞDE;MERKEZ;İLHANLI;114. SOKAK;sokak;27185
NİĞDE;MERKEZ;İLHANLI;115. SOKAK;sokak;27186
NİĞDE;MERKEZ;İLHANLI;117. SOKAK;sokak;372109
NİĞDE;MERKEZ;İLHANLI;118. SOKAK;sokak;26787
NİĞDE;MERKEZ;İLHANLI;119. SOKAK;sokak;372079
NİĞDE;MERKEZ;İLHANLI;12. SOKAK;sokak;26788
NİĞDE;MERKEZ;İLHANLI;120. SOKAK;sokak;372080
NİĞDE;MERKEZ;İLHANLI;121 SOKAK;sokak;388199341
NİĞDE;MERKEZ;İLHANLI;122. SOKAK;sokak;26790
NİĞDE;MERKEZ;İLHANLI;123. SOKAK;sokak;488484
NİĞDE;MERKEZ;İLHANLI;125. SOKAK;sokak;484783
NİĞDE;MERKEZ;İLHANLI;127. SOKAK;sokak;372081
NİĞDE;MERKEZ;İLHANLI;129. SOKAK;sokak;26792
NİĞDE;MERKEZ;İLHANLI;13. SOKAK;sokak;465314
NİĞDE;MERKEZ;İLHANLI;131. SOKAK;sokak;372082
NİĞDE;MERKEZ;İLHANLI;133. SOKAK;sokak;26795
NİĞDE;MERKEZ;İLHANLI;135. SOKAK;sokak;372083
NİĞDE;MERKEZ;İLHANLI;137. SOKAK;sokak;26796
NİĞDE;MERKEZ;İLHANLI;139. SOKAK;sokak;27128
NİĞDE;MERKEZ;İLHANLI;14. SOKAK;sokak;27129
NİĞDE;MERKEZ;İLHANLI;141. SOKAK;sokak;372084
NİĞDE;MERKEZ;İLHANLI;143. SOKAK;sokak;27130
NİĞDE;MERKEZ;İLHANLI;144 SOKAK;sokak;27131
NİĞDE;MERKEZ;İLHANLI;145. SOKAK;sokak;372085
NİĞDE;MERKEZ;İLHANLI;149. SOKAK;sokak;27132
NİĞDE;MERKEZ;İLHANLI;15. SOKAK;sokak;27133
NİĞDE;MERKEZ;İLHANLI;151. SOKAK;sokak;372086
NİĞDE;MERKEZ;İLHANLI;153. SOKAK;sokak;27134
NİĞDE;MERKEZ;İLHANLI;155. SOKAK;sokak;27135
NİĞDE;MERKEZ;İLHANLI;156. SOKAK;sokak;353650
NİĞDE;MERKEZ;İLHANLI;157. SOKAK;sokak;372087
NİĞDE;MERKEZ;İLHANLI;159. SOKAK;sokak;27136
NİĞDE;MERKEZ;İLHANLI;16. SOKAK;sokak;27137
NİĞDE;MERKEZ;İLHANLI;160 SOKAK;sokak;816266
NİĞDE;MERKEZ;İLHANLI;161. SOKAK;sokak;27138
NİĞDE;MERKEZ;İLHANLI;162 SOKAK;sokak;832469
NİĞDE;MERKEZ;İLHANLI;163. SOKAK;sokak;372088
NİĞDE;MERKEZ;İLHANLI;164 SOKAK;sokak;831966
NİĞDE;MERKEZ;İLHANLI;166. SOKAK;sokak;784377
NİĞDE;MERKEZ;İLHANLI;168. SOKAK;sokak;784376
NİĞDE;MERKEZ;İLHANLI;17. SOKAK;sokak;27139
NİĞDE;MERKEZ;İLHANLI;18. SOKAK;sokak;372089
NİĞDE;MERKEZ;İLHANLI;19. SOKAK;sokak;27142
NİĞDE;MERKEZ;İLHANLI;190 SOKAK;sokak;841736
NİĞDE;MERKEZ;İLHANLI;193 SOKAK;sokak;372090
NİĞDE;MERKEZ;İLHANLI;195 SOKAK;sokak;27143
NİĞDE;MERKEZ;İLHANLI;197 SOKAK;sokak;27144
NİĞDE;MERKEZ;İLHANLI;199 SOKAK;sokak;372091
NİĞDE;MERKEZ;İLHANLI;2. SOKAK;sokak;27145
NİĞDE;MERKEZ;İLHANLI;20. SOKAK;sokak;27146
NİĞDE;MERKEZ;İLHANLI;200 SOKAK;sokak;404141611
NİĞDE;MERKEZ;İLHANLI;201 SOKAK;sokak;27147
NİĞDE;MERKEZ;İLHANLI;202 SOKAK;sokak;872081871
NİĞDE;MERKEZ;İLHANLI;203 SOKAK;sokak;372092
NİĞDE;MERKEZ;İLHANLI;204 SOKAK;sokak;426374541
NİĞDE;MERKEZ;İLHANLI;205 SOKAK;sokak;871225
NİĞDE;MERKEZ;İLHANLI;206 SOKAK;sokak;494769061
NİĞDE;MERKEZ;İLHANLI;207 SOKAK;sokak;206852281
NİĞDE;MERKEZ;İLHANLI;208 SOKAK;sokak;927878451
NİĞDE;MERKEZ;İLHANLI;209 SOKAK;sokak;737958821
NİĞDE;MERKEZ;İLHANLI;21 SOKAK;sokak;26789
NİĞDE;MERKEZ;İLHANLI;21. SOKAK;sokak;27148
NİĞDE;MERKEZ;İLHANLI;211 SOKAK;sokak;218617861
NİĞDE;MERKEZ;İLHANLI;213 SOKAK;sokak;534758101
NİĞDE;MERKEZ;İLHANLI;22. SOKAK;sokak;27149
NİĞDE;MERKEZ;İLHANLI;23. SOKAK;sokak;372093
NİĞDE;MERKEZ;İLHANLI;24. SOKAK;sokak;27150
NİĞDE;MERKEZ;İLHANLI;25. SOKAK;sokak;27151
NİĞDE;MERKEZ;İLHANLI;26. SOKAK;sokak;27152
NİĞDE;MERKEZ;İLHANLI;27. SOKAK;sokak;372094
NİĞDE;MERKEZ;İLHANLI;28. SOKAK;sokak;27153
NİĞDE;MERKEZ;İLHANLI;29. SOKAK;sokak;27154
NİĞDE;MERKEZ;İLHANLI;3. SOKAK;sokak;372095
NİĞDE;MERKEZ;İLHANLI;30. SOKAK;sokak;27155
NİĞDE;MERKEZ;İLHANLI;31. SOKAK;sokak;27156
NİĞDE;MERKEZ;İLHANLI;32. SOKAK;sokak;372096
NİĞDE;MERKEZ;İLHANLI;33. SOKAK;sokak;27157
NİĞDE;MERKEZ;İLHANLI;34. SOKAK;sokak;27158
NİĞDE;MERKEZ;İLHANLI;35. SOKAK;sokak;372097
NİĞDE;MERKEZ;İLHANLI;36. SOKAK;sokak;27159
NİĞDE;MERKEZ;İLHANLI;37. SOKAK;sokak;27160
NİĞDE;MERKEZ;İLHANLI;38. SOKAK;sokak;372098
NİĞDE;MERKEZ;İLHANLI;39. SOKAK;sokak;27161
NİĞDE;MERKEZ;İLHANLI;4. SOKAK;sokak;53798
NİĞDE;MERKEZ;İLHANLI;40. SOKAK;sokak;27162
NİĞDE;MERKEZ;İLHANLI;41. SOKAK;sokak;27163
NİĞDE;MERKEZ;İLHANLI;42. SOKAK;sokak;372099
NİĞDE;MERKEZ;İLHANLI;43. SOKAK;sokak;377725
NİĞDE;MERKEZ;İLHANLI;44 SOKAK;sokak;27187
NİĞDE;MERKEZ;İLHANLI;45. SOKAK;sokak;27164
NİĞDE;MERKEZ;İLHANLI;46. SOKAK;sokak;27165
NİĞDE;MERKEZ;İLHANLI;47. SOKAK;sokak;27166
NİĞDE;MERKEZ;İLHANLI;48. SOKAK;sokak;53799
NİĞDE;MERKEZ;İLHANLI;49. SOKAK;sokak;372100
NİĞDE;MERKEZ;İLHANLI;5. SOKAK;sokak;27167
NİĞDE;MERKEZ;İLHANLI;50. SOKAK;sokak;27168
NİĞDE;MERKEZ;İLHANLI;51. SOKAK;sokak;54325
NİĞDE;MERKEZ;İLHANLI;52. SOKAK;sokak;372101
NİĞDE;MERKEZ;İLHANLI;53. SOKAK;sokak;27169
NİĞDE;MERKEZ;İLHANLI;54. SOKAK;sokak;27170
NİĞDE;MERKEZ;İLHANLI;55. SOKAK;sokak;372102
NİĞDE;MERKEZ;İLHANLI;56. SOKAK;sokak;54326
NİĞDE;MERKEZ;İLHANLI;57. SOKAK;sokak;27171
NİĞDE;MERKEZ;İLHANLI;58. SOKAK;sokak;27172
NİĞDE;MERKEZ;İLHANLI;59. SOKAK;sokak;27173
NİĞDE;MERKEZ;İLHANLI;6. SOKAK;sokak;372514
NİĞDE;MERKEZ;İLHANLI;60. SOKAK;sokak;372103
NİĞDE;MERKEZ;İLHANLI;61. SOKAK;sokak;27174
NİĞDE;MERKEZ;İLHANLI;62. SOKAK;sokak;27175
NİĞDE;MERKEZ;İLHANLI;63. SOKAK;sokak;54327
NİĞDE;MERKEZ;İLHANLI;64. SOKAK;sokak;372104
NİĞDE;MERKEZ;İLHANLI;65. SOKAK;sokak;27176
NİĞDE;MERKEZ;İLHANLI;66. SOKAK;sokak;25487
NİĞDE;MERKEZ;İLHANLI;67. SOKAK;sokak;25488
NİĞDE;MERKEZ;İLHANLI;68. SOKAK;sokak;25489
NİĞDE;MERKEZ;İLHANLI;7. SOKAK;sokak;25490
NİĞDE;MERKEZ;İLHANLI;70. SOKAK;sokak;25491
NİĞDE;MERKEZ;İLHANLI;71. SOKAK;sokak;25492
NİĞDE;MERKEZ;İLHANLI;72. SOKAK;sokak;25493
NİĞDE;MERKEZ;İLHANLI;73. SOKAK;sokak;25494
NİĞDE;MERKEZ;İLHANLI;74. SOKAK;sokak;25495
NİĞDE;MERKEZ;İLHANLI;75. SOKAK;sokak;25496
NİĞDE;MERKEZ;İLHANLI;76 SOKAK;sokak;25497
NİĞDE;MERKEZ;İLHANLI;77. SOKAK;sokak;25498
NİĞDE;MERKEZ;İLHANLI;79. SOKAK;sokak;26768
NİĞDE;MERKEZ;İLHANLI;8. SOKAK;sokak;26769
NİĞDE;MERKEZ;İLHANLI;80. SOKAK;sokak;26770
NİĞDE;MERKEZ;İLHANLI;81 SOKAK;sokak;26771
NİĞDE;MERKEZ;İLHANLI;82. SOKAK;sokak;26772
NİĞDE;MERKEZ;İLHANLI;83. SOKAK;sokak;26773
NİĞDE;MERKEZ;İLHANLI;84. SOKAK;sokak;552529
NİĞDE;MERKEZ;İLHANLI;85. SOKAK;sokak;26774
NİĞDE;MERKEZ;İLHANLI;86. SOKAK;sokak;26775
NİĞDE;MERKEZ;İLHANLI;87. SOKAK;sokak;26776
NİĞDE;MERKEZ;İLHANLI;88. SOKAK;sokak;26777
NİĞDE;MERKEZ;İLHANLI;89. SOKAK;sokak;26778
NİĞDE;MERKEZ;İLHANLI;9. SOKAK;sokak;320217
NİĞDE;MERKEZ;İLHANLI;90. SOKAK;sokak;26779
NİĞDE;MERKEZ;İLHANLI;91. SOKAK;sokak;26780
NİĞDE;MERKEZ;İLHANLI;92. SOKAK;sokak;26781
NİĞDE;MERKEZ;İLHANLI;93. SOKAK;sokak;372075
NİĞDE;MERKEZ;İLHANLI;94. SOKAK;sokak;26782
NİĞDE;MERKEZ;İLHANLI;95. CADDE;cadde;26783
NİĞDE;MERKEZ;İLHANLI;96. SOKAK;sokak;372076
NİĞDE;MERKEZ;İLHANLI;97. SOKAK;sokak;562660
NİĞDE;MERKEZ;İLHANLI;98. SOKAK;sokak;26784
NİĞDE;MERKEZ;İLHANLI;99. SOKAK;sokak;372077
NİĞDE;MERKEZ;İLHANLI;ADANA YOLU CADDE;cadde;679810
NİĞDE;MERKEZ;İLHANLI;AMAS BULVAR;sokak;832733
NİĞDE;MERKEZ;İLHANLI;AYDINLIK CADDE;cadde;26785
NİĞDE;MERKEZ;İLHANLI;FİDANLIK SOKAK;sokak;815172
NİĞDE;MERKEZ;İLHANLI;KURTULUŞ SOKAK;sokak;690805540
NİĞDE;MERKEZ;İLHANLI;SABANCI BULVAR;sokak;677961
NİĞDE;MERKEZ;İLHANLI;SANAYİ BULVAR;sokak;459880
NİĞDE;MERKEZ;İLHANLI;SELÇUKLU CADDE;cadde;584966701
NİĞDE;MERKEZ;İLHANLI;ŞEHİT EFE OSMAN APAYDIN CADDE;cadde;1348387
NİĞDE;MERKEZ;İLHANLI;ŞEHİT EYÜP DEMİRTAŞ SOKAK;sokak;531603
NİĞDE;MERKEZ;İLHANLI;ŞEHİT İDRİS POLAT SOKAK;sokak;54456
NİĞDE;MERKEZ;İLHANLI;ŞEHİT SAVAŞ YALÇIN SOKAK;sokak;26786
NİĞDE;MERKEZ;İNÖNÜ;66 EVLER SOKAK;sokak;763304140
NİĞDE;MERKEZ;İNÖNÜ;ANDAÇ SOKAK;sokak;952077
NİĞDE;MERKEZ;İNÖNÜ;ARAPDEDE SOKAK;sokak;27249
NİĞDE;MERKEZ;İNÖNÜ;AYHAN ŞAHENK BULVAR;sokak;27250
NİĞDE;MERKEZ;İNÖNÜ;AYVAZ SOKAK;sokak;33111
NİĞDE;MERKEZ;İNÖNÜ;AZİZİYE SOKAK;sokak;33112
NİĞDE;MERKEZ;İNÖNÜ;BADEMLİ SOKAK;sokak;368715
NİĞDE;MERKEZ;İNÖNÜ;BARIŞ CADDE;cadde;371602
NİĞDE;MERKEZ;İNÖNÜ;BERRAK SOKAK;sokak;506411
NİĞDE;MERKEZ;İNÖNÜ;BÖREKÇİ SOKAK;sokak;27252
NİĞDE;MERKEZ;İNÖNÜ;BURÇ SOKAK;sokak;372111
NİĞDE;MERKEZ;İNÖNÜ;CENGİZ SOKAK;sokak;27194
NİĞDE;MERKEZ;İNÖNÜ;CEVHER SOKAK;sokak;27193
NİĞDE;MERKEZ;İNÖNÜ;CEVHER1 SOKAK;sokak;156583471
NİĞDE;MERKEZ;İNÖNÜ;ÇAMLIBEL SOKAK;sokak;372110
NİĞDE;MERKEZ;İNÖNÜ;ÇARDAK SOKAK;sokak;27192
NİĞDE;MERKEZ;İNÖNÜ;ÇATAL SOKAK;sokak;54458
NİĞDE;MERKEZ;İNÖNÜ;ÇEBİÇDERE SOKAK;sokak;23767
NİĞDE;MERKEZ;İNÖNÜ;ÇELEBİ SOKAK;sokak;27191
NİĞDE;MERKEZ;İNÖNÜ;ÇOBAN SOKAK;sokak;27190
NİĞDE;MERKEZ;İNÖNÜ;DAĞ SOKAK;sokak;27189
NİĞDE;MERKEZ;İNÖNÜ;DALYAN SOKAK;sokak;27188
NİĞDE;MERKEZ;İNÖNÜ;DEMİRCİ SOKAK;sokak;533140
NİĞDE;MERKEZ;İNÖNÜ;DİKİCİ SOKAK;sokak;24743
NİĞDE;MERKEZ;İNÖNÜ;DİSPANSER SOKAK;sokak;693924
NİĞDE;MERKEZ;İNÖNÜ;DOLUNAY SOKAK;sokak;24742
NİĞDE;MERKEZ;İNÖNÜ;DÖRTAYAK SOKAK;sokak;27253
NİĞDE;MERKEZ;İNÖNÜ;DUMLUPINAR SOKAK;sokak;24741
NİĞDE;MERKEZ;İNÖNÜ;EROĞLU SOKAK;sokak;27254
NİĞDE;MERKEZ;İNÖNÜ;EROL SOKAK;sokak;24740
NİĞDE;MERKEZ;İNÖNÜ;ERYILDIZ SOKAK;sokak;27255
NİĞDE;MERKEZ;İNÖNÜ;FATİH SOKAK;sokak;367951
NİĞDE;MERKEZ;İNÖNÜ;FERİDUN ZEREN CADDE;cadde;27256
NİĞDE;MERKEZ;İNÖNÜ;GÜLER SOKAK;sokak;24739
NİĞDE;MERKEZ;İNÖNÜ;GÜRBÜZER SOKAK;sokak;27257
NİĞDE;MERKEZ;İNÖNÜ;HAŞMETLİ SOKAK;sokak;534642
NİĞDE;MERKEZ;İNÖNÜ;HAŞMETLİ1 SOKAK;sokak;311774701
NİĞDE;MERKEZ;İNÖNÜ;HAZIM ÇIKMAZI SOKAK;sokak;371605
NİĞDE;MERKEZ;İNÖNÜ;HAZIM TEPEVİRAN CADDE;cadde;27258
NİĞDE;MERKEZ;İNÖNÜ;HORASANLI SOKAK;sokak;23755
NİĞDE;MERKEZ;İNÖNÜ;HUZUR EVLER SOKAK;sokak;27259
NİĞDE;MERKEZ;İNÖNÜ;HÜDAVENT HATUN CADDE;cadde;27260
NİĞDE;MERKEZ;İNÖNÜ;İĞDE SOKAK;sokak;24734
NİĞDE;MERKEZ;İNÖNÜ;İKLİM SOKAK;sokak;537748
NİĞDE;MERKEZ;İNÖNÜ;İPEK SOKAK;sokak;23769
NİĞDE;MERKEZ;İNÖNÜ;KAMARA SOKAK;sokak;27199
NİĞDE;MERKEZ;İNÖNÜ;KAMER SOKAK;sokak;54457
NİĞDE;MERKEZ;İNÖNÜ;KARTAL SOKAK;sokak;27202
NİĞDE;MERKEZ;İNÖNÜ;KEMAL ÜMMİ CADDESİ CADDE;cadde;26224
NİĞDE;MERKEZ;İNÖNÜ;KEŞİF SOKAK;sokak;27261
NİĞDE;MERKEZ;İNÖNÜ;KISKACI SOKAK;sokak;23757
NİĞDE;MERKEZ;İNÖNÜ;KOCAAĞA SOKAK;sokak;27262
NİĞDE;MERKEZ;İNÖNÜ;KOOPERATİF SOKAK;sokak;26457
NİĞDE;MERKEZ;İNÖNÜ;KORKMAZ SOKAK;sokak;27264
NİĞDE;MERKEZ;İNÖNÜ;KURTARAN SOKAK;sokak;839435
NİĞDE;MERKEZ;İNÖNÜ;LİSE SOKAK;sokak;27265
NİĞDE;MERKEZ;İNÖNÜ;LÜTFİ SOYLU SOKAK;sokak;371607
NİĞDE;MERKEZ;İNÖNÜ;MALİYE SOKAK;sokak;27266
NİĞDE;MERKEZ;İNÖNÜ;MERCAN SOKAK;sokak;27267
NİĞDE;MERKEZ;İNÖNÜ;MESCİT SOKAK;sokak;371608
NİĞDE;MERKEZ;İNÖNÜ;MEZGİT ÖNÜ1 SOKAK;sokak;27268
NİĞDE;MERKEZ;İNÖNÜ;NURETTİN BAYHAN SOKAK;sokak;246388680
NİĞDE;MERKEZ;İNÖNÜ;NURETTİN BAYHAN1 SOKAK;sokak;371609
NİĞDE;MERKEZ;İNÖNÜ;NURETTİN ÇAMLIDAĞ CADDE;cadde;24750
NİĞDE;MERKEZ;İNÖNÜ;ÖĞRETMEN EVLERİ SOKAK;sokak;27274
NİĞDE;MERKEZ;İNÖNÜ;ÖZLEM SOKAK;sokak;23768
NİĞDE;MERKEZ;İNÖNÜ;SILA SOKAK;sokak;27270
NİĞDE;MERKEZ;İNÖNÜ;SUBAŞI SOKAK;sokak;36058
NİĞDE;MERKEZ;İNÖNÜ;SÜLÜN SOKAK;sokak;23762
NİĞDE;MERKEZ;İNÖNÜ;ŞEFİK SOYER MEYDAN;sokak;130121660
NİĞDE;MERKEZ;İNÖNÜ;TÜMER SOKAK;sokak;23764
NİĞDE;MERKEZ;İNÖNÜ;ULUBEY SOKAK;sokak;498511
NİĞDE;MERKEZ;İNÖNÜ;VALİ ÜNAL ÖZGÖDEK CADDE;cadde;437944
NİĞDE;MERKEZ;İNÖNÜ;VİLLA SOKAK;sokak;24745
NİĞDE;MERKEZ;İNÖNÜ;VİLLA1 SOKAK;sokak;264262131
NİĞDE;MERKEZ;İNÖNÜ;VİLLA2 SOKAK;sokak;232245041
NİĞDE;MERKEZ;İNÖNÜ;VİLLA3 SOKAK;sokak;952857061
NİĞDE;MERKEZ;İNÖNÜ;VİLLA4 SOKAK;sokak;166786251
NİĞDE;MERKEZ;İNÖNÜ;VİLLA5 SOKAK;sokak;492087541
NİĞDE;MERKEZ;İNÖNÜ;VİLLA6 SOKAK;sokak;166804491
NİĞDE;MERKEZ;İNÖNÜ;VİLLA7 SOKAK;sokak;908595621
NİĞDE;MERKEZ;İNÖNÜ;VİLLA8 SOKAK;sokak;409710531
NİĞDE;MERKEZ;İNÖNÜ;YEŞİLBURÇ CADDE;cadde;23765
NİĞDE;MERKEZ;İNÖNÜ;YEŞİLBURÇ1 CADDE;cadde;27272
NİĞDE;MERKEZ;İNÖNÜ;YUNUS EMRE CADDE;cadde;24746
NİĞDE;MERKEZ;KALE;23 NİSAN HAVACILAR SOKAK;sokak;25464
NİĞDE;MERKEZ;KALE;26. SOKAK;sokak;993144371
NİĞDE;MERKEZ;KALE;9.BLOK SOKAK;sokak;368708
NİĞDE;MERKEZ;KALE;ADALET SOKAK;sokak;559602
NİĞDE;MERKEZ;KALE;ADANA CADDE;cadde;33093
NİĞDE;MERKEZ;KALE;ADİGE SOKAK;sokak;26403
NİĞDE;MERKEZ;KALE;AHİPAŞA CADDE;cadde;33355
NİĞDE;MERKEZ;KALE;AKMEDRESE CADDE;cadde;24763
NİĞDE;MERKEZ;KALE;AKMİNARE SOKAK;sokak;26412
NİĞDE;MERKEZ;KALE;ALAADDİN SOKAK;sokak;33356
NİĞDE;MERKEZ;KALE;ALİ ERCAN SOKAK;sokak;26399
NİĞDE;MERKEZ;KALE;ALPARSLAN SOKAK;sokak;26405
NİĞDE;MERKEZ;KALE;ALTAY SOKAK;sokak;937163
NİĞDE;MERKEZ;KALE;ARKADAŞIM SOKAK;sokak;33098
NİĞDE;MERKEZ;KALE;AYHAN ŞAHENK BULVAR;sokak;26402
NİĞDE;MERKEZ;KALE;BALIM SOKAK;sokak;382425
NİĞDE;MERKEZ;KALE;BEDDİK SOKAK;sokak;371581
NİĞDE;MERKEZ;KALE;BEŞER SOKAK;sokak;366965
NİĞDE;MERKEZ;KALE;BEY SOKAK;sokak;633245
NİĞDE;MERKEZ;KALE;BOR SOKAK;sokak;50708
NİĞDE;MERKEZ;KALE;BURHAN SOKAK;sokak;33094
NİĞDE;MERKEZ;KALE;CULLAZ SOKAK;sokak;371582
NİĞDE;MERKEZ;KALE;CUMHURİYET BULVAR;sokak;26416
NİĞDE;MERKEZ;KALE;CUMHURİYET1 MEYDAN;sokak;504258
NİĞDE;MERKEZ;KALE;ÇAYAN ÇIKMAZ SOKAK;sokak;24756
NİĞDE;MERKEZ;KALE;ÇAYIR SOKAK;sokak;33108
NİĞDE;MERKEZ;KALE;ÇIKMAZ SOKAK;sokak;371585
NİĞDE;MERKEZ;KALE;DAYIOĞLU SOKAK;sokak;33099
NİĞDE;MERKEZ;KALE;DEĞİRMENCİOĞLU SOKAK;sokak;559902
NİĞDE;MERKEZ;KALE;DEMİRKAPI SOKAK;sokak;33357
NİĞDE;MERKEZ;KALE;DERTLİ SOKAK;sokak;24751
NİĞDE;MERKEZ;KALE;DEVECİ SOKAK;sokak;368709
NİĞDE;MERKEZ;KALE;DİLEK SOKAK;sokak;24752
NİĞDE;MERKEZ;KALE;DİNÇ SOKAK;sokak;33095
NİĞDE;MERKEZ;KALE;DİVAN SOKAK;sokak;33096
NİĞDE;MERKEZ;KALE;DOKUZOĞLU SOKAK;sokak;26404
NİĞDE;MERKEZ;KALE;DR.HÜSEYİN ÜLKÜ CADDE;cadde;33348
NİĞDE;MERKEZ;KALE;DR.İSMAİL HAKKI ALTAN CADDE;cadde;24769
NİĞDE;MERKEZ;KALE;DR.SAMİ YAĞIZ CADDE;cadde;33349
NİĞDE;MERKEZ;KALE;EBEOĞLU SOKAK;sokak;25466
NİĞDE;MERKEZ;KALE;ECE SOKAK;sokak;543833
NİĞDE;MERKEZ;KALE;ELHACI MAHMUT CADDE;cadde;372066
NİĞDE;MERKEZ;KALE;ELHACI MAHMUT1 CADDE;cadde;26386
NİĞDE;MERKEZ;KALE;EMİN ALPKAYA CADDE;cadde;24753
NİĞDE;MERKEZ;KALE;EMİN ERİŞİRGİL BULVAR;sokak;25467
NİĞDE;MERKEZ;KALE;EREM SOKAK;sokak;26387
NİĞDE;MERKEZ;KALE;ESAT SOKAK;sokak;26388
NİĞDE;MERKEZ;KALE;ESKİ SANAYİ 1.BLOK SOKAK;sokak;33082
NİĞDE;MERKEZ;KALE;ESKİ SANAYİ 2. SOKAK;sokak;368705
NİĞDE;MERKEZ;KALE;ESKİ SANAYİ 3. SOKAK;sokak;33087
NİĞDE;MERKEZ;KALE;ESKİ SANAYİ 4. SOKAK;sokak;33088
NİĞDE;MERKEZ;KALE;ESKİ VALİ KONAĞI CADDE;cadde;24765
NİĞDE;MERKEZ;KALE;ESKİ ZAHİRE PAZARI SOKAK;sokak;368710
NİĞDE;MERKEZ;KALE;ESKİOĞLU SOKAK;sokak;524956
NİĞDE;MERKEZ;KALE;GİRAY SOKAK;sokak;25468
NİĞDE;MERKEZ;KALE;GÖHER SOKAK;sokak;33100
NİĞDE;MERKEZ;KALE;GÜNEŞLİ SOKAK;sokak;371578
NİĞDE;MERKEZ;KALE;HAKKI EROĞLU CADDE;cadde;25475
NİĞDE;MERKEZ;KALE;HAL ÇARŞISI 1. SOKAK;sokak;368699
NİĞDE;MERKEZ;KALE;HAL ÇARŞISI 2. SOKAK;sokak;33070
NİĞDE;MERKEZ;KALE;HAL ÇARŞISI 3. SOKAK;sokak;33071
NİĞDE;MERKEZ;KALE;HAL ÇARŞISI 4. SOKAK;sokak;33072
NİĞDE;MERKEZ;KALE;HALI PAZARI SOKAK;sokak;368063
NİĞDE;MERKEZ;KALE;HALİL İBRAHİM SOKAK;sokak;33074
NİĞDE;MERKEZ;KALE;HALK EVİ SOKAK;sokak;26390
NİĞDE;MERKEZ;KALE;HAN-2 SOKAK;sokak;220310
NİĞDE;MERKEZ;KALE;HANIM CAMİİ SOKAK;sokak;368701
NİĞDE;MERKEZ;KALE;HANLAR SOKAK;sokak;25476
NİĞDE;MERKEZ;KALE;HATIROĞLU SOKAK;sokak;33358
NİĞDE;MERKEZ;KALE;HAZAL SOKAK;sokak;466628
NİĞDE;MERKEZ;KALE;HENDEK ALTI SOKAK;sokak;33101
NİĞDE;MERKEZ;KALE;İLYASAĞA SOKAK;sokak;24758
NİĞDE;MERKEZ;KALE;İSPİROĞLU SOKAK;sokak;451434
NİĞDE;MERKEZ;KALE;KANDAK SOKAK;sokak;748209
NİĞDE;MERKEZ;KALE;KARAHAFIZ SOKAK;sokak;26406
NİĞDE;MERKEZ;KALE;KAVAK SOKAK;sokak;283165
NİĞDE;MERKEZ;KALE;KAYA GEÇİDİ SOKAK;sokak;26407
NİĞDE;MERKEZ;KALE;KAYALI GEÇIDI SOKAK;sokak;482060
NİĞDE;MERKEZ;KALE;KAYALI SOKAK;sokak;26391
NİĞDE;MERKEZ;KALE;KAYMAZ SOKAK;sokak;368711
NİĞDE;MERKEZ;KALE;KELİKÇİ SOKAK;sokak;1520217
NİĞDE;MERKEZ;KALE;KESİKBAŞ SOKAK;sokak;372070
NİĞDE;MERKEZ;KALE;KIBLE 1 SOKAK;sokak;25477
NİĞDE;MERKEZ;KALE;KIBLE 2 SOKAK;sokak;372071
NİĞDE;MERKEZ;KALE;KIĞILI CAMİ SOKAK;sokak;33350
NİĞDE;MERKEZ;KALE;KİBRİTÇİ SOKAK;sokak;33102
NİĞDE;MERKEZ;KALE;KİPER SOKAK;sokak;24766
NİĞDE;MERKEZ;KALE;KİRİŞÇİ SOKAK;sokak;33103
NİĞDE;MERKEZ;KALE;KİTAPÇI SOKAK;sokak;26408
NİĞDE;MERKEZ;KALE;KOÇER SOKAK;sokak;312763
NİĞDE;MERKEZ;KALE;KUNT SOKAK;sokak;24754
NİĞDE;MERKEZ;KALE;KURTULUŞ SOKAK;sokak;690805541
NİĞDE;MERKEZ;KALE;KUZUCU SOKAK;sokak;33351
NİĞDE;MERKEZ;KALE;KÜBA SOKAK;sokak;26392
NİĞDE;MERKEZ;KALE;KÜLHAN SOKAK;sokak;33352
NİĞDE;MERKEZ;KALE;LATİF DÖNMEZ SOKAK;sokak;24762
NİĞDE;MERKEZ;KALE;MADENCİLER SOKAK;sokak;26393
NİĞDE;MERKEZ;KALE;MATBAA SOKAK;sokak;368064
NİĞDE;MERKEZ;KALE;MİNARECİ SOKAK;sokak;50569
NİĞDE;MERKEZ;KALE;MURAT ZEREN CADDE;cadde;24759
NİĞDE;MERKEZ;KALE;MUSTAFA ÜÇLER CADDE;cadde;33104
NİĞDE;MERKEZ;KALE;MÜFTÜ SOKAK;sokak;33353
NİĞDE;MERKEZ;KALE;NALBANTLAR SOKAK;sokak;25479
NİĞDE;MERKEZ;KALE;NERGİZ SOKAK;sokak;26409
NİĞDE;MERKEZ;KALE;NİGAR SOKAK;sokak;53797
NİĞDE;MERKEZ;KALE;NUSRETTİN 1 SOKAK;sokak;372072
NİĞDE;MERKEZ;KALE;NUSRETTİN 2 SOKAK;sokak;53796
NİĞDE;MERKEZ;KALE;ODUNCULAR 1. SOKAK;sokak;659176
NİĞDE;MERKEZ;KALE;ODUNCULAR 2. SOKAK;sokak;659175
NİĞDE;MERKEZ;KALE;ODUNCULAR 3. SOKAK;sokak;555460
NİĞDE;MERKEZ;KALE;ODUNCULAR 4. SOKAK;sokak;351817
NİĞDE;MERKEZ;KALE;ODUNCULAR 5. SOKAK;sokak;251471
NİĞDE;MERKEZ;KALE;ODUNCULAR 6. SOKAK;sokak;368492
NİĞDE;MERKEZ;KALE;ODUNCULAR 7. SOKAK;sokak;700694
NİĞDE;MERKEZ;KALE;OFİS SOKAK;sokak;26420
NİĞDE;MERKEZ;KALE;OKAY SOKAK;sokak;24755
NİĞDE;MERKEZ;KALE;OLGAY 1 SOKAK;sokak;25469
NİĞDE;MERKEZ;KALE;OLGAY 2 SOKAK;sokak;25470
NİĞDE;MERKEZ;KALE;OSMAN KABAKSIZ SOKAK;sokak;366966
NİĞDE;MERKEZ;KALE;ÖĞRETMEN NACİ ERDEM SOKAK;sokak;24768
NİĞDE;MERKEZ;KALE;ÖZALP GEÇİDİ SOKAK;sokak;33109
NİĞDE;MERKEZ;KALE;ÖZBEK SOKAK;sokak;26400
NİĞDE;MERKEZ;KALE;ÖZGE SOKAK;sokak;33079
NİĞDE;MERKEZ;KALE;ÖZKAN SOKAK;sokak;25481
NİĞDE;MERKEZ;KALE;PARK SOKAK;sokak;817588
NİĞDE;MERKEZ;KALE;PASTIRMACI SOKAK;sokak;368702
NİĞDE;MERKEZ;KALE;PAŞA SOKAK;sokak;769272
NİĞDE;MERKEZ;KALE;PAŞAKAPI CADDE;cadde;372067
NİĞDE;MERKEZ;KALE;PEKMEZ SOKAK;sokak;368712
NİĞDE;MERKEZ;KALE;RÜSTEM SOKAK;sokak;33075
NİĞDE;MERKEZ;KALE;SABANCI BULVAR;sokak;440249580
NİĞDE;MERKEZ;KALE;SARAY ÇIKMAZI SOKAK;sokak;205059
NİĞDE;MERKEZ;KALE;SAYIN SOKAK;sokak;26396
NİĞDE;MERKEZ;KALE;SEÇKİNLER SOKAK;sokak;33076
NİĞDE;MERKEZ;KALE;SELÇUKLU CADDE;cadde;353276
NİĞDE;MERKEZ;KALE;SIRALİ SOKAK;sokak;26397
NİĞDE;MERKEZ;KALE;SOYER SOKAK;sokak;25471
NİĞDE;MERKEZ;KALE;SÖĞÜT SOKAK;sokak;789451
NİĞDE;MERKEZ;KALE;SÜMER SOKAK;sokak;33077
NİĞDE;MERKEZ;KALE;ŞAHİN SOKAK;sokak;769292
NİĞDE;MERKEZ;KALE;ŞEFİK SOYER MEYDAN;sokak;372068
NİĞDE;MERKEZ;KALE;ŞEHİT BAYRAM AKSOY SOKAK;sokak;869471
NİĞDE;MERKEZ;KALE;ŞEHİT GÜNGÖR GENÇER SOKAK;sokak;437941
NİĞDE;MERKEZ;KALE;ŞEHİT HALİT ERGÜVEN SOKAK;sokak;33081
NİĞDE;MERKEZ;KALE;ŞEHİT MUALLİM HASAN ETHEM SOKAK;sokak;50710
NİĞDE;MERKEZ;KALE;ŞEHİT POLİS CEMAL ÖZEN SOKAK;sokak;25482
NİĞDE;MERKEZ;KALE;ŞEHİT POLİS EMİN ÖZMEN SOKAK;sokak;25473
NİĞDE;MERKEZ;KALE;ŞEHİT POLİS TEKİN SONGUR SOKAK;sokak;25474
NİĞDE;MERKEZ;KALE;ŞEHİT RAMAZAN KALKAN SOKAK;sokak;26411
NİĞDE;MERKEZ;KALE;TEKİNER SOKAK;sokak;26398
NİĞDE;MERKEZ;KALE;TORBALI SOKAK;sokak;33105
NİĞDE;MERKEZ;KALE;TORUNOĞLU SOKAK;sokak;368703
NİĞDE;MERKEZ;KALE;TUFAN SOKAK;sokak;26401
NİĞDE;MERKEZ;KALE;TÜRKÖZ SOKAK;sokak;24767
NİĞDE;MERKEZ;KALE;UĞURLU SOKAK;sokak;908855
NİĞDE;MERKEZ;KALE;ÜÇLER 1 SOKAK;sokak;371584
NİĞDE;MERKEZ;KALE;ÜÇLER 2 SOKAK;sokak;27299
NİĞDE;MERKEZ;KALE;ÜÇOK SOKAK;sokak;24757
NİĞDE;MERKEZ;KALE;YAKUT GEÇİDİ SOKAK;sokak;33106
NİĞDE;MERKEZ;KALE;YASEMİN SOKAK;sokak;315670
NİĞDE;MERKEZ;KALE;YAZGI SOKAK;sokak;531256
NİĞDE;MERKEZ;KALE;YEMENİCİLER SOKAK;sokak;33354
NİĞDE;MERKEZ;KALE;YENİ SANAYİ 1.BLOK SOKAK;sokak;368704
NİĞDE;MERKEZ;KALE;YENİ SANAYİ 10.BLOK SOKAK;sokak;33083
NİĞDE;MERKEZ;KALE;YENİ SANAYİ 2.BLOK SOKAK;sokak;33086
NİĞDE;MERKEZ;KALE;YENİ SANAYİ 3.BLOK SOKAK;sokak;368706
NİĞDE;MERKEZ;KALE;YENİ SANAYİ 4.BLOK SOKAK;sokak;33089
NİĞDE;MERKEZ;KALE;YENİ SANAYİ 6.BLOK SOKAK;sokak;33090
NİĞDE;MERKEZ;KALE;YENİ SANAYİ 8.BLOK SOKAK;sokak;33092
NİĞDE;MERKEZ;KALE;YENİ SANAYİ 9.BLOK SOKAK;sokak;1102057
NİĞDE;MERKEZ;KALE;YENİ SANAYİ7.BLOK SOKAK;sokak;33091
NİĞDE;MERKEZ;KALE;YENİ SNAYİ 5.BLOK SOKAK;sokak;368707
NİĞDE;MERKEZ;KALE;YETİK SOKAK;sokak;25480
NİĞDE;MERKEZ;KALE;YURT SOKAK;sokak;33107
NİĞDE;MERKEZ;KALE;ZAHİRE SOKAK;sokak;33078
NİĞDE;MERKEZ;KALE;ZEREN SOKAK;sokak;371579
NİĞDE;MERKEZ;KARAATLI - DUMLUPINAR;BAYSAL CADDE;cadde;481205
NİĞDE;MERKEZ;KARAATLI - DUMLUPINAR;CAN SOKAK;sokak;489856
NİĞDE;MERKEZ;KARAATLI - DUMLUPINAR;DOĞAN SOKAK;sokak;481214
NİĞDE;MERKEZ;KARAATLI - DUMLUPINAR;DUMLUPINAR/1 SOKAK;sokak;526497041
NİĞDE;MERKEZ;KARAATLI - DUMLUPINAR;DUMLUPINAR/2 SOKAK;sokak;421362000
NİĞDE;MERKEZ;KARAATLI - DUMLUPINAR;DUMLUPINAR/4 SOKAK;sokak;365818410
NİĞDE;MERKEZ;KARAATLI - DUMLUPINAR;DUMLUPINAR/5 SOKAK;sokak;873617210
NİĞDE;MERKEZ;KARAATLI - DUMLUPINAR;DUMLUPINAR/6 SOKAK;sokak;385257470
NİĞDE;MERKEZ;KARAATLI - DUMLUPINAR;DUMLUPINAR/7 SOKAK;sokak;295963920
NİĞDE;MERKEZ;KARAATLI - DUMLUPINAR;DUMLUPINAR/8 SOKAK;sokak;948174180
NİĞDE;MERKEZ;KARAATLI - DUMLUPINAR;DUMLUPINAR/9 SOKAK;sokak;290018560
NİĞDE;MERKEZ;KARAATLI - DUMLUPINAR;DURAK SOKAK;sokak;482977
NİĞDE;MERKEZ;KARAATLI - DUMLUPINAR;FEVZİ PAŞA 1 KÜME EVLER;sokak;345827
NİĞDE;MERKEZ;KARAATLI - DUMLUPINAR;FEVZİ PAŞA CADDE;cadde;370634
NİĞDE;MERKEZ;KARAATLI - DUMLUPINAR;GÖLBAŞI CADDE;cadde;371986
NİĞDE;MERKEZ;KARAATLI - DUMLUPINAR;GÖLBAŞI/1 SOKAK;sokak;181927570
NİĞDE;MERKEZ;KARAATLI - DUMLUPINAR;HÜRRİYET SOKAK;sokak;484440
NİĞDE;MERKEZ;KARAATLI - DUMLUPINAR;KALE SOKAK;sokak;482975
NİĞDE;MERKEZ;KARAATLI - DUMLUPINAR;KAYA SOKAK;sokak;484480
NİĞDE;MERKEZ;KARAATLI - DUMLUPINAR;KUBİLAY CADDE;cadde;353063
NİĞDE;MERKEZ;KARAATLI - DUMLUPINAR;KURTULUŞ 2 KÜME EVLER;sokak;159594890
NİĞDE;MERKEZ;KARAATLI - DUMLUPINAR;MECİDİYE SOKAK;sokak;482976
NİĞDE;MERKEZ;KARAATLI - DUMLUPINAR;MERAM 2 KÜME EVLER;sokak;897509700
NİĞDE;MERKEZ;KARAATLI - DUMLUPINAR;OKUL 1 KÜME EVLER;sokak;479522
NİĞDE;MERKEZ;KARAATLI - DUMLUPINAR;OKUL CADDE;cadde;484836
NİĞDE;MERKEZ;KARAATLI - DUMLUPINAR;OKUL/1 SOKAK;sokak;108241671
NİĞDE;MERKEZ;KARAATLI - DUMLUPINAR;OKUL/4 SOKAK;sokak;325822981
NİĞDE;MERKEZ;KARAATLI - DUMLUPINAR;PINAR CADDE;cadde;477252
NİĞDE;MERKEZ;KARAATLI - DUMLUPINAR;SAKARYA/1 SOKAK;sokak;723088850
NİĞDE;MERKEZ;KARAATLI - DUMLUPINAR;SAKARYA/2 CADDE;cadde;29655
NİĞDE;MERKEZ;KARAATLI - DUMLUPINAR;SAYDAM SOKAK;sokak;485226
NİĞDE;MERKEZ;KARAATLI - DUMLUPINAR;SAYDAM/1 SOKAK;sokak;278966950
NİĞDE;MERKEZ;KARAATLI - DUMLUPINAR;TEBEBAĞI1 KÜME EVLER;sokak;115191700
NİĞDE;MERKEZ;KARAATLI - DUMLUPINAR;TEPEBAĞI CADDE;cadde;453024780
NİĞDE;MERKEZ;KARAATLI - DUMLUPINAR;UĞUR SOKAK;sokak;479906
NİĞDE;MERKEZ;KARAATLI - DUMLUPINAR;ÜNLÜ.1 SOKAK;sokak;688317000
NİĞDE;MERKEZ;KARAATLI - FATİH;BUDAK SOKAK;sokak;486762
NİĞDE;MERKEZ;KARAATLI - FATİH;CUMHURİYET CADDE;cadde;491702
NİĞDE;MERKEZ;KARAATLI - FATİH;CUMHURİYET/1 SOKAK;sokak;918311800
NİĞDE;MERKEZ;KARAATLI - FATİH;CUMHURİYET/10 SOKAK;sokak;146019830
NİĞDE;MERKEZ;KARAATLI - FATİH;CUMHURİYET/11 SOKAK;sokak;115348490
NİĞDE;MERKEZ;KARAATLI - FATİH;CUMHURİYET/12 SOKAK;sokak;634317460
NİĞDE;MERKEZ;KARAATLI - FATİH;CUMHURİYET/13 SOKAK;sokak;883167320
NİĞDE;MERKEZ;KARAATLI - FATİH;CUMHURİYET/2 SOKAK;sokak;864031770
NİĞDE;MERKEZ;KARAATLI - FATİH;CUMHURİYET/3 SOKAK;sokak;717577930
NİĞDE;MERKEZ;KARAATLI - FATİH;CUMHURİYET/4 SOKAK;sokak;101832260
NİĞDE;MERKEZ;KARAATLI - FATİH;CUMHURİYET/5 SOKAK;sokak;389712890
NİĞDE;MERKEZ;KARAATLI - FATİH;CUMHURİYET/6 SOKAK;sokak;441828710
NİĞDE;MERKEZ;KARAATLI - FATİH;CUMHURİYET/7 SOKAK;sokak;459997110
NİĞDE;MERKEZ;KARAATLI - FATİH;CUMHURİYET/8 SOKAK;sokak;163256150
NİĞDE;MERKEZ;KARAATLI - FATİH;CUMHURİYET/9 SOKAK;sokak;803104690
NİĞDE;MERKEZ;KARAATLI - FATİH;ÇİFTÇİLER SOKAK;sokak;483427
NİĞDE;MERKEZ;KARAATLI - FATİH;DUMLUPINAR/1 SOKAK;sokak;526497040
NİĞDE;MERKEZ;KARAATLI - FATİH;HASAN ALİ SOKAK;sokak;483458
NİĞDE;MERKEZ;KARAATLI - FATİH;HASAN ALİ/2 SOKAK;sokak;404727220
NİĞDE;MERKEZ;KARAATLI - FATİH;İLHANLI SOKAK;sokak;354314
NİĞDE;MERKEZ;KARAATLI - FATİH;İLHANLI/1 SOKAK;sokak;136403540
NİĞDE;MERKEZ;KARAATLI - FATİH;KUBİLAY CADDE;cadde;849562
NİĞDE;MERKEZ;KARAATLI - FATİH;KUBİLAY/1 SOKAK;sokak;807558870
NİĞDE;MERKEZ;KARAATLI - FATİH;OKUL/1 SOKAK;sokak;108241670
NİĞDE;MERKEZ;KARAATLI - FATİH;SAYLI SOKAK;sokak;483453
NİĞDE;MERKEZ;KARAATLI - FATİH;SAYLI/1 SOKAK;sokak;783458240
NİĞDE;MERKEZ;KARAATLI - FATİH;SÖNMEZ SOKAK;sokak;23242
NİĞDE;MERKEZ;KARAATLI - FATİH;ŞAHİN SOKAK;sokak;481644
NİĞDE;MERKEZ;KARAATLI - FATİH;TEPEBAĞI CADDE;cadde;481610
NİĞDE;MERKEZ;KARAATLI - FATİH;TEPEBAĞI/1 SOKAK;sokak;217404690
NİĞDE;MERKEZ;KARAATLI - FATİH;TEPEBAĞI/2 SOKAK;sokak;491551
NİĞDE;MERKEZ;KARAATLI - FATİH;TEPEBAĞI/3 SOKAK;sokak;200770790
NİĞDE;MERKEZ;KARAATLI - FATİH;ÜMİT 1 SOKAK;sokak;491547
NİĞDE;MERKEZ;KARAATLI - FATİH;ÜMİT CADDE;cadde;489853
NİĞDE;MERKEZ;KARAATLI - FATİH;ÜMİT/1 SOKAK;sokak;378545440
NİĞDE;MERKEZ;KARAATLI - FATİH;ÜNAL 1 KÜME EVLER;sokak;491545
NİĞDE;MERKEZ;KARAATLI - FATİH;ÜNAL SOKAK;sokak;480935
NİĞDE;MERKEZ;KARAATLI - FATİH;VATAN CADDE;cadde;481515
NİĞDE;MERKEZ;KARAATLI - FATİH;VATAN/1 SOKAK;sokak;124858270
NİĞDE;MERKEZ;KARAATLI - FATİH;VATAN/2 SOKAK;sokak;691903120
NİĞDE;MERKEZ;KARAATLI - FATİH;VATAN/3 SOKAK;sokak;402644750
NİĞDE;MERKEZ;KARAATLI - FATİH;VATAN/4 SOKAK;sokak;194497840
NİĞDE;MERKEZ;KARAATLI - ZAFER;BABALAR SOKAK;sokak;482962
NİĞDE;MERKEZ;KARAATLI - ZAFER;BABALAR/1 SOKAK;sokak;631162970
NİĞDE;MERKEZ;KARAATLI - ZAFER;BAHÇELER 1 KÜME EVLER;sokak;473489
NİĞDE;MERKEZ;KARAATLI - ZAFER;BAHÇELER SOKAK;sokak;473475
NİĞDE;MERKEZ;KARAATLI - ZAFER;BAHÇELER/1 SOKAK;sokak;902613300
NİĞDE;MERKEZ;KARAATLI - ZAFER;DEREBAŞI 1 KÜME EVLER;sokak;21844
NİĞDE;MERKEZ;KARAATLI - ZAFER;DEREBAŞI CADDE;cadde;485209
NİĞDE;MERKEZ;KARAATLI - ZAFER;DEREBAŞI/1 SOKAK;sokak;345113860
NİĞDE;MERKEZ;KARAATLI - ZAFER;DERYA SOKAK;sokak;482974
NİĞDE;MERKEZ;KARAATLI - ZAFER;DURAK SOKAK;sokak;125817730
NİĞDE;MERKEZ;KARAATLI - ZAFER;EVREN CADDE;cadde;488960
NİĞDE;MERKEZ;KARAATLI - ZAFER;GAZİ 1 KÜME EVLER;sokak;472668
NİĞDE;MERKEZ;KARAATLI - ZAFER;GAZİ CADDE;cadde;484074
NİĞDE;MERKEZ;KARAATLI - ZAFER;HÜRRİYET.1 SOKAK;sokak;491685
NİĞDE;MERKEZ;KARAATLI - ZAFER;HÜRRİYET/1 SOKAK;sokak;187362310
NİĞDE;MERKEZ;KARAATLI - ZAFER;İNÖNÜ CADDE;cadde;345828
NİĞDE;MERKEZ;KARAATLI - ZAFER;İNÖNÜ/1 SOKAK;sokak;287536480
NİĞDE;MERKEZ;KARAATLI - ZAFER;İNÖNÜ/2 SOKAK;sokak;979967060
NİĞDE;MERKEZ;KARAATLI - ZAFER;İSTİKLAL CADDE;cadde;480783
NİĞDE;MERKEZ;KARAATLI - ZAFER;KAYA SOKAK;sokak;985460880
NİĞDE;MERKEZ;KARAATLI - ZAFER;KAYSERİ YOLU/1 SOKAK;sokak;442277910
NİĞDE;MERKEZ;KARAATLI - ZAFER;KAYSERİ YOLU/2 SOKAK;sokak;839114040
NİĞDE;MERKEZ;KARAATLI - ZAFER;KILIÇ SOKAK;sokak;481571
NİĞDE;MERKEZ;KARAATLI - ZAFER;KUBİLAY CADDE;cadde;177688051
NİĞDE;MERKEZ;KARAATLI - ZAFER;KUBİLAY/3 SOKAK;sokak;955851390
NİĞDE;MERKEZ;KARAATLI - ZAFER;KURTULUŞ 1 KÜME EVLER;sokak;484723
NİĞDE;MERKEZ;KARAATLI - ZAFER;KURTULUŞ 2 KÜME EVLER;sokak;484719
NİĞDE;MERKEZ;KARAATLI - ZAFER;KURTULUŞ 4- KÜME EVLER;sokak;482969
NİĞDE;MERKEZ;KARAATLI - ZAFER;KURTULUŞ CADDE;cadde;353281
NİĞDE;MERKEZ;KARAATLI - ZAFER;MERAM 1- KÜME EVLER;sokak;492125
NİĞDE;MERKEZ;KARAATLI - ZAFER;MERAM 2 KÜME EVLER;sokak;493528
NİĞDE;MERKEZ;KARAATLI - ZAFER;MERAM SOKAK;sokak;491697
NİĞDE;MERKEZ;KARAATLI - ZAFER;MERAM1 KÜME EVLER;sokak;677867150
NİĞDE;MERKEZ;KARAATLI - ZAFER;MEYDAN SOKAK;sokak;550673
NİĞDE;MERKEZ;KARAATLI - ZAFER;MUTLU 1 KÜME EVLER;sokak;481215
NİĞDE;MERKEZ;KARAATLI - ZAFER;MUTLU SOKAK;sokak;482972
NİĞDE;MERKEZ;KARAATLI - ZAFER;OKUL CADDE;cadde;473458
NİĞDE;MERKEZ;KARAATLI - ZAFER;OKUL/4 SOKAK;sokak;325822980
NİĞDE;MERKEZ;KARAATLI - ZAFER;ÖZGÜN SOKAK;sokak;492131
NİĞDE;MERKEZ;KARAATLI - ZAFER;SAKARYA CADDE;cadde;150560390
NİĞDE;MERKEZ;KARAATLI - ZAFER;SAYDAM SOKAK;sokak;293222940
NİĞDE;MERKEZ;KARAATLI - ZAFER;SUNGUR SOKAK;sokak;482970
NİĞDE;MERKEZ;KARAATLI - ZAFER;ŞİFA SOKAK;sokak;482967
NİĞDE;MERKEZ;KARAATLI - ZAFER;ÜNLÜ SOKAK;sokak;492128
NİĞDE;MERKEZ;KARAATLI - ZAFER;ÜNLÜ.1 SOKAK;sokak;688317001
NİĞDE;MERKEZ;KARAATLI - ZAFER;VATAN CADDE;cadde;114699
NİĞDE;MERKEZ;KARAATLI - ZAFER;VATAN/5 SOKAK;sokak;639762030
NİĞDE;MERKEZ;KARAATLI - ZAFER;ZAFER/2 KÜME EVLER;sokak;160847410
NİĞDE;MERKEZ;KAYAARDI;AHMET PINARI SOKAK;sokak;33364
NİĞDE;MERKEZ;KAYAARDI;AKDENİZ SOKAK;sokak;912193
NİĞDE;MERKEZ;KAYAARDI;AKSENLER ÇIKMAZI SOKAK;sokak;24855
NİĞDE;MERKEZ;KAYAARDI;ALTUNCULAR SOKAK;sokak;24856
NİĞDE;MERKEZ;KAYAARDI;ANDAÇ SOKAK;sokak;558906850
NİĞDE;MERKEZ;KAYAARDI;APAYDIN SOKAK;sokak;1063457
NİĞDE;MERKEZ;KAYAARDI;ARAVAN YOLU SOKAK;sokak;33368
NİĞDE;MERKEZ;KAYAARDI;AYAZAĞA ÇIKMAZI SOKAK;sokak;24857
NİĞDE;MERKEZ;KAYAARDI;BAYHAN ÇIKMAZI SOKAK;sokak;24859
NİĞDE;MERKEZ;KAYAARDI;BEŞİKTAŞ DURAĞI SOKAK;sokak;24861
NİĞDE;MERKEZ;KAYAARDI;BEŞİKTAŞ SOKAK;sokak;24860
NİĞDE;MERKEZ;KAYAARDI;BİLGE SOKAK;sokak;879016661
NİĞDE;MERKEZ;KAYAARDI;BULUT SOKAK;sokak;873042
NİĞDE;MERKEZ;KAYAARDI;BULUT1 SOKAK;sokak;192162091
NİĞDE;MERKEZ;KAYAARDI;CUMHUR SOKAK;sokak;873041
NİĞDE;MERKEZ;KAYAARDI;ENVER SOKAK;sokak;27279
NİĞDE;MERKEZ;KAYAARDI;ESEN SOKAK;sokak;1063461
NİĞDE;MERKEZ;KAYAARDI;EZGİ SOKAK;sokak;978405730
NİĞDE;MERKEZ;KAYAARDI;GAZETECİ İSMET SAYIN CADDE;cadde;781020351
NİĞDE;MERKEZ;KAYAARDI;GÖKKUŞAĞI SOKAK;sokak;1124734
NİĞDE;MERKEZ;KAYAARDI;HALİMKADI SOKAK;sokak;371614
NİĞDE;MERKEZ;KAYAARDI;İMAM ALİ 1 SOKAK;sokak;981898
NİĞDE;MERKEZ;KAYAARDI;KAMER SOKAK;sokak;688090290
NİĞDE;MERKEZ;KAYAARDI;KARTAL SOKAK;sokak;997792331
NİĞDE;MERKEZ;KAYAARDI;KENDİRLİ SOKAK;sokak;371615
NİĞDE;MERKEZ;KAYAARDI;KINALI ÇAY İÇİ SOKAK;sokak;27287
NİĞDE;MERKEZ;KAYAARDI;KINALI SOKAK;sokak;403322490
NİĞDE;MERKEZ;KAYAARDI;KISKACI ÇIKMAZI SOKAK;sokak;371616
NİĞDE;MERKEZ;KAYAARDI;KURDUNUS SOKAK;sokak;27289
NİĞDE;MERKEZ;KAYAARDI;MUMCU SOKAK;sokak;478880
NİĞDE;MERKEZ;KAYAARDI;NAİM BEY SOKAK;sokak;27290
NİĞDE;MERKEZ;KAYAARDI;NURETTİN ÇAMLIDAĞ CADDE;cadde;183487630
NİĞDE;MERKEZ;KAYAARDI;ÖMERLER ÇAYIRI SOKAK;sokak;24846
NİĞDE;MERKEZ;KAYAARDI;ÖZGÜN SOKAK;sokak;1063463
NİĞDE;MERKEZ;KAYAARDI;PAŞABAĞI 2. SOKAK;sokak;498988
NİĞDE;MERKEZ;KAYAARDI;PAŞABAĞI 3. SOKAK;sokak;493646
NİĞDE;MERKEZ;KAYAARDI;PAŞABAĞI1. SOKAK;sokak;487677
NİĞDE;MERKEZ;KAYAARDI;POSTACI AYDIN SOKAK;sokak;1063441
NİĞDE;MERKEZ;KAYAARDI;SANDALLI SOKAK;sokak;819679
NİĞDE;MERKEZ;KAYAARDI;SEDEF SOKAK;sokak;31412
NİĞDE;MERKEZ;KAYAARDI;SÜLEYMAN SIRRI SOKAK;sokak;27294
NİĞDE;MERKEZ;KAYAARDI;ŞABAN PINARI SOKAK;sokak;24849
NİĞDE;MERKEZ;KAYAARDI;ŞEVKET YILMAZ SOKAK;sokak;1062995
NİĞDE;MERKEZ;KAYAARDI;TEZEL SOKAK;sokak;938335
NİĞDE;MERKEZ;KAYAARDI;TİTREYEN SOKAK;sokak;32726
NİĞDE;MERKEZ;KAYAARDI;UTLU ÇIKMAZI SOKAK;sokak;500584
NİĞDE;MERKEZ;KAYAARDI;VADİ SOKAK;sokak;1063467
NİĞDE;MERKEZ;KAYAARDI;VALİ REFİK ASLAN ÖZTÜRK CADDE;cadde;965602630
NİĞDE;MERKEZ;KAYAARDI;VEZİROĞLU ÇIKMAZ SOKAK;sokak;857863
NİĞDE;MERKEZ;KAYAARDI;YILDIZ 1 SOKAK;sokak;1063465
NİĞDE;MERKEZ;KAYAARDI;YÜRÜK SOKAK;sokak;1063455
NİĞDE;MERKEZ;KAYAARDI;ZAİMOĞLU SOKAK;sokak;24843
NİĞDE;MERKEZ;KAYIRLI - CEVİZLER;ATATÜRK SOKAK;sokak;26261
NİĞDE;MERKEZ;KAYIRLI - CEVİZLER;ATATÜRK/1 SOKAK;sokak;347358450
NİĞDE;MERKEZ;KAYIRLI - CEVİZLER;BELEDİYE SOKAK;sokak;26262
NİĞDE;MERKEZ;KAYIRLI - CEVİZLER;BELEDİYE/1 SOKAK;sokak;697556500
NİĞDE;MERKEZ;KAYIRLI - CEVİZLER;BELEDİYE/2 SOKAK;sokak;679230780
NİĞDE;MERKEZ;KAYIRLI - CEVİZLER;BELEDİYE/6 SOKAK;sokak;520834170
NİĞDE;MERKEZ;KAYIRLI - CEVİZLER;BEŞDERE SOKAK;sokak;485397
NİĞDE;MERKEZ;KAYIRLI - CEVİZLER;BEŞDERE/1 SOKAK;sokak;429929660
NİĞDE;MERKEZ;KAYIRLI - CEVİZLER;CUMHURİYET SOKAK;sokak;144601741
NİĞDE;MERKEZ;KAYIRLI - CEVİZLER;OKÇEDERE SOKAK;sokak;26263
NİĞDE;MERKEZ;KAYIRLI - CEVİZLER;SARMAŞIK SOKAK;sokak;26264
NİĞDE;MERKEZ;KAYIRLI - CEVİZLER;SARMAŞIK/1 SOKAK;sokak;768414850
NİĞDE;MERKEZ;KAYIRLI - CEVİZLER;YILDIZELİ SOKAK;sokak;110123
NİĞDE;MERKEZ;KAYIRLI - CEVİZLER;YUNUS EMRE SOKAK;sokak;366255
NİĞDE;MERKEZ;KAYIRLI - İNÖNÜ;ARAP BELEĞİ SOKAK;sokak;22411
NİĞDE;MERKEZ;KAYIRLI - İNÖNÜ;ARAP BELEĞİ/1 SOKAK;sokak;240205880
NİĞDE;MERKEZ;KAYIRLI - İNÖNÜ;ARAP BELEĞİ/3 SOKAK;sokak;971114050
NİĞDE;MERKEZ;KAYIRLI - İNÖNÜ;ARAP BELEĞİ/4 SOKAK;sokak;102260410
NİĞDE;MERKEZ;KAYIRLI - İNÖNÜ;ARAP BELEĞİ/6 SOKAK;sokak;309880260
NİĞDE;MERKEZ;KAYIRLI - İNÖNÜ;ARAP BELEĞİ/7 SOKAK;sokak;695289090
NİĞDE;MERKEZ;KAYIRLI - İNÖNÜ;ARAP BELEĞİ/8 SOKAK;sokak;319926880
NİĞDE;MERKEZ;KAYIRLI - İNÖNÜ;ARAP BELEĞİ/9 SOKAK;sokak;136578530
NİĞDE;MERKEZ;KAYIRLI - İNÖNÜ;BELEDİYE SOKAK;sokak;478086
NİĞDE;MERKEZ;KAYIRLI - İNÖNÜ;BELEDİYE/3 SOKAK;sokak;327831440
NİĞDE;MERKEZ;KAYIRLI - İNÖNÜ;BELEDİYE/7 SOKAK;sokak;145972560
NİĞDE;MERKEZ;KAYIRLI - İNÖNÜ;DEĞİRMEN YOLU 1 SOKAK;sokak;126502550
NİĞDE;MERKEZ;KAYIRLI - İNÖNÜ;DEĞİRMEN YOLU SOKAK;sokak;21124
NİĞDE;MERKEZ;KAYIRLI - İNÖNÜ;GEDİK/5 SOKAK;sokak;210546710
NİĞDE;MERKEZ;KAYIRLI - İNÖNÜ;GÖL SOKAK;sokak;22409
NİĞDE;MERKEZ;KAYIRLI - İNÖNÜ;GÜLAĞAÇ-DERINKUYU YOLU BULVAR;sokak;387647590
NİĞDE;MERKEZ;KAYIRLI - İNÖNÜ;MARAŞAL SOKAK;sokak;25844
NİĞDE;MERKEZ;KAYIRLI - İNÖNÜ;MARAŞAL/1 SOKAK;sokak;925555560
NİĞDE;MERKEZ;KAYIRLI - İNÖNÜ;MARAŞAL/12 SOKAK;sokak;534797620
NİĞDE;MERKEZ;KAYIRLI - İNÖNÜ;MARAŞAL/20 SOKAK;sokak;971829270
NİĞDE;MERKEZ;KAYIRLI - İNÖNÜ;MARAŞAL/22 SOKAK;sokak;341834260
NİĞDE;MERKEZ;KAYIRLI - İNÖNÜ;MARAŞAL/26 SOKAK;sokak;307963200
NİĞDE;MERKEZ;KAYIRLI - İNÖNÜ;MARAŞAL/4 SOKAK;sokak;363552120
NİĞDE;MERKEZ;KAYIRLI - İNÖNÜ;MARAŞAL/6 SOKAK;sokak;628240650
NİĞDE;MERKEZ;KAYIRLI - İNÖNÜ;MARAŞAL/8 SOKAK;sokak;558734340
NİĞDE;MERKEZ;KAYIRLI - İNÖNÜ;VEYSEL KARANİ SOKAK;sokak;849186
NİĞDE;MERKEZ;KAYIRLI - KARAMUSTAFA;CUMHURİYET SOKAK;sokak;482453
NİĞDE;MERKEZ;KAYIRLI - KARAMUSTAFA;CUMHURİYET/1 SOKAK;sokak;896160720
NİĞDE;MERKEZ;KAYIRLI - KARAMUSTAFA;ESKİ CAMİİ SOKAK;sokak;21120
NİĞDE;MERKEZ;KAYIRLI - KARAMUSTAFA;KALE ÇIKMAZI SOKAK;sokak;21121
NİĞDE;MERKEZ;KAYIRLI - KARAMUSTAFA;SARMAŞIK SOKAK;sokak;25843
NİĞDE;MERKEZ;KAYIRLI - KARAMUSTAFA;ŞHT. LİSANİ CERAN SOKAK;sokak;21123
NİĞDE;MERKEZ;KAYIRLI - KARAMUSTAFA;VEYSEL KARANİ SOKAK;sokak;21122
NİĞDE;MERKEZ;KAYIRLI - PINARCIK;AFET EVLERİ 1 SOKAK;sokak;26265
NİĞDE;MERKEZ;KAYIRLI - PINARCIK;AFET EVLERİ 2 SOKAK;sokak;26583
NİĞDE;MERKEZ;KAYIRLI - PINARCIK;ARAP BELEĞİ/1 SOKAK;sokak;240205881
NİĞDE;MERKEZ;KAYIRLI - PINARCIK;ARAP BELEĞİ/7 SOKAK;sokak;922358780
NİĞDE;MERKEZ;KAYIRLI - PINARCIK;ARAP BELEĞİ/8 SOKAK;sokak;988983560
NİĞDE;MERKEZ;KAYIRLI - PINARCIK;ARAP BELEĞİ/9 SOKAK;sokak;136578531
NİĞDE;MERKEZ;KAYIRLI - PINARCIK;BAĞYOLU SOKAK;sokak;366256
NİĞDE;MERKEZ;KAYIRLI - PINARCIK;BELEDİYE/1 SOKAK;sokak;543901090
NİĞDE;MERKEZ;KAYIRLI - PINARCIK;BELEDİYE/3 SOKAK;sokak;301443490
NİĞDE;MERKEZ;KAYIRLI - PINARCIK;BELEDİYE/7 SOKAK;sokak;272410250
NİĞDE;MERKEZ;KAYIRLI - PINARCIK;BELEDİYE/9 SOKAK;sokak;610518010
NİĞDE;MERKEZ;KAYIRLI - PINARCIK;ÇEŞMEE SOKAK;sokak;26585
NİĞDE;MERKEZ;KAYIRLI - PINARCIK;GEDİK SOKAK;sokak;477684
NİĞDE;MERKEZ;KAYIRLI - PINARCIK;GEDİK/2 SOKAK;sokak;104224590
NİĞDE;MERKEZ;KAYIRLI - PINARCIK;GEDİK/22 SOKAK;sokak;260231760
NİĞDE;MERKEZ;KAYIRLI - PINARCIK;GEDİK/3 SOKAK;sokak;510723200
NİĞDE;MERKEZ;KAYIRLI - PINARCIK;GEDİK/4 SOKAK;sokak;340248280
NİĞDE;MERKEZ;KAYIRLI - PINARCIK;GEDİK/5 SOKAK;sokak;210546711
NİĞDE;MERKEZ;KAYIRLI - PINARCIK;GÜLAĞAÇ-DERINKUYU YOLU BULVAR;sokak;527641721
NİĞDE;MERKEZ;KAYIRLI - PINARCIK;PINARCIK/27 SOKAK;sokak;325225180
NİĞDE;MERKEZ;KAYIRLI - PINARCIK;PINARCIK/3 SOKAK;sokak;698246210
NİĞDE;MERKEZ;KAYIRLI - PINARCIK;YAYLA SOKAK;sokak;474292
NİĞDE;MERKEZ;KAYIRLI - PINARCIK;YENİ AFET KONUTLARI SOKAK;sokak;26584
NİĞDE;MERKEZ;KAYIRLI - PINARCIK;YENİ AFET KONUTLARI/1 SOKAK;sokak;208380740
NİĞDE;MERKEZ;KAYIRLI - PINARCIK;YENİ AFET KONUTLARI/39 SOKAK;sokak;308452260
NİĞDE;MERKEZ;KIRKPINAR NA;KIRKPINAR KÜME EVLER;sokak;476395
NİĞDE;MERKEZ;KIRKPINAR NA;NIĞDE ÇIFTLIK YOLU BULVAR;sokak;580760920
NİĞDE;MERKEZ;KIRKPINAR NA;YEŞİLBURÇ KÜME EVLER;sokak;318964260
NİĞDE;MERKEZ;KIZILÖREN NA;ÇAMARDI YOLU BULVAR;sokak;289525050
NİĞDE;MERKEZ;KIZILÖREN NA;ÇAMARDI YOLU/13 SOKAK;sokak;877661920
NİĞDE;MERKEZ;KIZILÖREN NA;KIZILÖREN KÜME EVLER;sokak;476404
NİĞDE;MERKEZ;KİLEDERE - CUMHURİYET;ATATÜRK CADDE;cadde;798399400
NİĞDE;MERKEZ;KİLEDERE - CUMHURİYET;BAŞAK SOKAK;sokak;26586
NİĞDE;MERKEZ;KİLEDERE - CUMHURİYET;BAŞAK/7 SOKAK;sokak;135371390
NİĞDE;MERKEZ;KİLEDERE - CUMHURİYET;GÜL SOKAK;sokak;1494651
NİĞDE;MERKEZ;KİLEDERE - CUMHURİYET;KARANFİL SOKAK;sokak;26587
NİĞDE;MERKEZ;KİLEDERE - CUMHURİYET;KARANFİL/1 SOKAK;sokak;997034490
NİĞDE;MERKEZ;KİLEDERE - CUMHURİYET;KARANFİL/2 SOKAK;sokak;709265060
NİĞDE;MERKEZ;KİLEDERE - CUMHURİYET;KUBİLAY CADDE;cadde;366257
NİĞDE;MERKEZ;KİLEDERE - CUMHURİYET;KUBİLAY/1 SOKAK;sokak;516624681
NİĞDE;MERKEZ;KİLEDERE - CUMHURİYET;LALE SOKAK;sokak;1489041
NİĞDE;MERKEZ;KİLEDERE - CUMHURİYET;MENEKŞE SOKAK;sokak;1404467
NİĞDE;MERKEZ;KİLEDERE - CUMHURİYET;MERAM SOKAK;sokak;26588
NİĞDE;MERKEZ;KİLEDERE - CUMHURİYET;MERAM/1 SOKAK;sokak;706551210
NİĞDE;MERKEZ;KİLEDERE - CUMHURİYET;MERAM/2 SOKAK;sokak;137968260
NİĞDE;MERKEZ;KİLEDERE - CUMHURİYET;MERAM/3 SOKAK;sokak;555647930
NİĞDE;MERKEZ;KİLEDERE - CUMHURİYET;MERAM/4 SOKAK;sokak;213049850
NİĞDE;MERKEZ;KİLEDERE - CUMHURİYET;MERAM/5 SOKAK;sokak;274382330
NİĞDE;MERKEZ;KİLEDERE - CUMHURİYET;MERAM/6 SOKAK;sokak;825361520
NİĞDE;MERKEZ;KİLEDERE - CUMHURİYET;MEYDAN MEYDAN;sokak;484395
NİĞDE;MERKEZ;KİLEDERE - CUMHURİYET;MEYDAN/1 SOKAK;sokak;509431250
NİĞDE;MERKEZ;KİLEDERE - CUMHURİYET;NENE HATUN CADDE;cadde;1415613
NİĞDE;MERKEZ;KİLEDERE - CUMHURİYET;PAPATYA SOKAK;sokak;1494649
NİĞDE;MERKEZ;KİLEDERE - CUMHURİYET;SARMAŞIK SOKAK;sokak;1476759
NİĞDE;MERKEZ;KİLEDERE - CUMHURİYET;SUSAM SOKAK;sokak;26589
NİĞDE;MERKEZ;KİLEDERE - CUMHURİYET;SUSAM/1 SOKAK;sokak;689395450
NİĞDE;MERKEZ;KİLEDERE - CUMHURİYET;SUSAM/2 SOKAK;sokak;399987600
NİĞDE;MERKEZ;KİLEDERE - CUMHURİYET;VUSLAT SOKAK;sokak;291142790
NİĞDE;MERKEZ;KİLEDERE - CUMHURİYET;ZAFER CADDE;cadde;366258
NİĞDE;MERKEZ;KİLEDERE - CUMHURİYET;ZAFER/1 SOKAK;sokak;312632880
NİĞDE;MERKEZ;KİLEDERE - CUMHURİYET;ZAFER/2 SOKAK;sokak;611349040
NİĞDE;MERKEZ;KİLEDERE - CUMHURİYET;ZAMBAK SOKAK;sokak;1481657
NİĞDE;MERKEZ;KİLEDERE - CUMHURİYET;ZAMBAK/1 SOKAK;sokak;281362730
NİĞDE;MERKEZ;KİLEDERE - HÜRRİYET;ATATÜRK CADDE;cadde;26590
NİĞDE;MERKEZ;KİLEDERE - HÜRRİYET;ATATÜRK/1 SOKAK;sokak;408626090
NİĞDE;MERKEZ;KİLEDERE - HÜRRİYET;ATATÜRK/2 SOKAK;sokak;348935030
NİĞDE;MERKEZ;KİLEDERE - HÜRRİYET;ATATÜRK/3 SOKAK;sokak;740893840
NİĞDE;MERKEZ;KİLEDERE - HÜRRİYET;BAŞAK SOKAK;sokak;26591
NİĞDE;MERKEZ;KİLEDERE - HÜRRİYET;BAŞAK/1 SOKAK;sokak;445935640
NİĞDE;MERKEZ;KİLEDERE - HÜRRİYET;BAŞAK/2 SOKAK;sokak;810094170
NİĞDE;MERKEZ;KİLEDERE - HÜRRİYET;BAŞAK/3 SOKAK;sokak;707627520
NİĞDE;MERKEZ;KİLEDERE - HÜRRİYET;BAŞAK/5 SOKAK;sokak;583618250
NİĞDE;MERKEZ;KİLEDERE - HÜRRİYET;BEREKET SOKAK;sokak;1494687
NİĞDE;MERKEZ;KİLEDERE - HÜRRİYET;ÇINAR SOKAK;sokak;1494699
NİĞDE;MERKEZ;KİLEDERE - HÜRRİYET;ÇINAR/1 SOKAK;sokak;770114270
NİĞDE;MERKEZ;KİLEDERE - HÜRRİYET;EKİN SOKAK;sokak;1444819
NİĞDE;MERKEZ;KİLEDERE - HÜRRİYET;EMEK SOKAK;sokak;26592
NİĞDE;MERKEZ;KİLEDERE - HÜRRİYET;EMEK/1 SOKAK;sokak;131827870
NİĞDE;MERKEZ;KİLEDERE - HÜRRİYET;EMEK/2 SOKAK;sokak;109115350
NİĞDE;MERKEZ;KİLEDERE - HÜRRİYET;GÖL SOKAK;sokak;1494421
NİĞDE;MERKEZ;KİLEDERE - HÜRRİYET;GÖL/1 SOKAK;sokak;377438460
NİĞDE;MERKEZ;KİLEDERE - HÜRRİYET;GÖL/2 SOKAK;sokak;917351340
NİĞDE;MERKEZ;KİLEDERE - HÜRRİYET;GÖL/3 SOKAK;sokak;432313070
NİĞDE;MERKEZ;KİLEDERE - HÜRRİYET;GÖL/4 SOKAK;sokak;443243330
NİĞDE;MERKEZ;KİLEDERE - HÜRRİYET;HARMAN SOKAK;sokak;153959080
NİĞDE;MERKEZ;KİLEDERE - HÜRRİYET;İNÖNÜ CADDE;cadde;366261
NİĞDE;MERKEZ;KİLEDERE - HÜRRİYET;İNÖNÜ/5 SOKAK;sokak;470107980
NİĞDE;MERKEZ;KİLEDERE - HÜRRİYET;İNÖNÜ/6 SOKAK;sokak;290194940
NİĞDE;MERKEZ;KİLEDERE - HÜRRİYET;İNÖNÜ/7 SOKAK;sokak;500246860
NİĞDE;MERKEZ;KİLEDERE - HÜRRİYET;İNÖNÜ/8 SOKAK;sokak;280039370
NİĞDE;MERKEZ;KİLEDERE - HÜRRİYET;KUBİLAY CADDE;cadde;366259
NİĞDE;MERKEZ;KİLEDERE - HÜRRİYET;KUBİLAY/1 SOKAK;sokak;516624680
NİĞDE;MERKEZ;KİLEDERE - HÜRRİYET;KUBİLAY/2 SOKAK;sokak;152917010
NİĞDE;MERKEZ;KİLEDERE - HÜRRİYET;MERTER SOKAK;sokak;26593
NİĞDE;MERKEZ;KİLEDERE - HÜRRİYET;MEYDAN MEYDAN;sokak;485756
NİĞDE;MERKEZ;KİLEDERE - HÜRRİYET;MEZAR SOKAK;sokak;26594
NİĞDE;MERKEZ;KİLEDERE - HÜRRİYET;PARK SOKAK;sokak;195707380
NİĞDE;MERKEZ;KİLEDERE - HÜRRİYET;SIRMA SOKAK;sokak;366260
NİĞDE;MERKEZ;KİLEDERE - HÜRRİYET;SIRMA/1 SOKAK;sokak;827219520
NİĞDE;MERKEZ;KİLEDERE - HÜRRİYET;SUSAM SOKAK;sokak;543197020
NİĞDE;MERKEZ;KİLEDERE - HÜRRİYET;SÜMER SOKAK;sokak;26595
NİĞDE;MERKEZ;KİLEDERE - HÜRRİYET;SÜMER/1 SOKAK;sokak;389308970
NİĞDE;MERKEZ;KİLEDERE - HÜRRİYET;SÜMER/2 SOKAK;sokak;190850340
NİĞDE;MERKEZ;KİLEDERE - HÜRRİYET;SÜMER/3 SOKAK;sokak;671567860
NİĞDE;MERKEZ;KİLEDERE - HÜRRİYET;YURT SOKAK;sokak;161382320
NİĞDE;MERKEZ;KONAKLI - CUMHURİYET;AÇELYA SOKAK;sokak;908381
NİĞDE;MERKEZ;KONAKLI - CUMHURİYET;AK SOKAK;sokak;908508
NİĞDE;MERKEZ;KONAKLI - CUMHURİYET;AKASYA SOKAK;sokak;908504
NİĞDE;MERKEZ;KONAKLI - CUMHURİYET;AKSU SOKAK;sokak;908477
NİĞDE;MERKEZ;KONAKLI - CUMHURİYET;AKŞOŞ SOKAK;sokak;908331
NİĞDE;MERKEZ;KONAKLI - CUMHURİYET;AKTAŞ SOKAK;sokak;908357
NİĞDE;MERKEZ;KONAKLI - CUMHURİYET;ALTIN SOKAK;sokak;908348
NİĞDE;MERKEZ;KONAKLI - CUMHURİYET;ANKARA SOKAK;sokak;908516
NİĞDE;MERKEZ;KONAKLI - CUMHURİYET;ARPAK SOKAK;sokak;908392
NİĞDE;MERKEZ;KONAKLI - CUMHURİYET;ARSLAN SOKAK;sokak;908386
NİĞDE;MERKEZ;KONAKLI - CUMHURİYET;ATEŞOĞLU SOKAK;sokak;908543
NİĞDE;MERKEZ;KONAKLI - CUMHURİYET;AYDIN SOKAK;sokak;908497
NİĞDE;MERKEZ;KONAKLI - CUMHURİYET;BAĞLAR YOLU SOKAK;sokak;360149910
NİĞDE;MERKEZ;KONAKLI - CUMHURİYET;BAKİ SOKAK;sokak;908547
NİĞDE;MERKEZ;KONAKLI - CUMHURİYET;BARIŞ SOKAK;sokak;908326
NİĞDE;MERKEZ;KONAKLI - CUMHURİYET;BAŞAK SOKAK;sokak;908559
NİĞDE;MERKEZ;KONAKLI - CUMHURİYET;BAŞTÜRK SOKAK;sokak;908377
NİĞDE;MERKEZ;KONAKLI - CUMHURİYET;BATA SOKAK;sokak;908480
NİĞDE;MERKEZ;KONAKLI - CUMHURİYET;BELDE SOKAK;sokak;908347
NİĞDE;MERKEZ;KONAKLI - CUMHURİYET;BEREKET SOKAK;sokak;908503
NİĞDE;MERKEZ;KONAKLI - CUMHURİYET;BEYAZIT SOKAK;sokak;908530
NİĞDE;MERKEZ;KONAKLI - CUMHURİYET;BİLGE SOKAK;sokak;908499
NİĞDE;MERKEZ;KONAKLI - CUMHURİYET;BUĞDAY SOKAK;sokak;908557
NİĞDE;MERKEZ;KONAKLI - CUMHURİYET;BUĞRA SOKAK;sokak;908384
NİĞDE;MERKEZ;KONAKLI - CUMHURİYET;CAN SOKAK;sokak;908548
NİĞDE;MERKEZ;KONAKLI - CUMHURİYET;CEMRE SOKAK;sokak;908395
NİĞDE;MERKEZ;KONAKLI - CUMHURİYET;CUMHURİYET KÜME EVLER;sokak;26596
NİĞDE;MERKEZ;KONAKLI - CUMHURİYET;ÇALI SOKAK;sokak;908373
NİĞDE;MERKEZ;KONAKLI - CUMHURİYET;ÇAYIRYOLU SOKAK;sokak;701632090
NİĞDE;MERKEZ;KONAKLI - CUMHURİYET;DAĞ SOKAK;sokak;908556
NİĞDE;MERKEZ;KONAKLI - CUMHURİYET;DAMLA SOKAK;sokak;908359
NİĞDE;MERKEZ;KONAKLI - CUMHURİYET;DEVECİ SOKAK;sokak;908486
NİĞDE;MERKEZ;KONAKLI - CUMHURİYET;DORU SOKAK;sokak;908349
NİĞDE;MERKEZ;KONAKLI - CUMHURİYET;DURU SOKAK;sokak;908492
NİĞDE;MERKEZ;KONAKLI - CUMHURİYET;DÜĞÜN SOKAK;sokak;908533
NİĞDE;MERKEZ;KONAKLI - CUMHURİYET;EBE SOKAK;sokak;908393
NİĞDE;MERKEZ;KONAKLI - CUMHURİYET;EFELER CADDE;cadde;908511
NİĞDE;MERKEZ;KONAKLI - CUMHURİYET;ERGÜL SOKAK;sokak;908358
NİĞDE;MERKEZ;KONAKLI - CUMHURİYET;ERİM SOKAK;sokak;908354
NİĞDE;MERKEZ;KONAKLI - CUMHURİYET;ESENTEPE CADDE;cadde;908332
NİĞDE;MERKEZ;KONAKLI - CUMHURİYET;ESİNTİ SOKAK;sokak;908517
NİĞDE;MERKEZ;KONAKLI - CUMHURİYET;GAZİ SOKAK;sokak;910198
NİĞDE;MERKEZ;KONAKLI - CUMHURİYET;GÖKGÖZLÜ SOKAK;sokak;908542
NİĞDE;MERKEZ;KONAKLI - CUMHURİYET;GÖRKEM SOKAK;sokak;908541
NİĞDE;MERKEZ;KONAKLI - CUMHURİYET;GÜL SOKAK;sokak;908343
NİĞDE;MERKEZ;KONAKLI - CUMHURİYET;GÜLLÜ SOKAK;sokak;908520
NİĞDE;MERKEZ;KONAKLI - CUMHURİYET;GÜMÜŞ SOKAK;sokak;908346
NİĞDE;MERKEZ;KONAKLI - CUMHURİYET;HACI SOKAK;sokak;908509
NİĞDE;MERKEZ;KONAKLI - CUMHURİYET;HACİRANLI CADDE;cadde;908479
NİĞDE;MERKEZ;KONAKLI - CUMHURİYET;HAFIZ SOKAK;sokak;908501
NİĞDE;MERKEZ;KONAKLI - CUMHURİYET;HİCRET CADDE;cadde;908345
NİĞDE;MERKEZ;KONAKLI - CUMHURİYET;HURMA SOKAK;sokak;908389
NİĞDE;MERKEZ;KONAKLI - CUMHURİYET;HÜYÜK KÜME EVLER;sokak;117897080
NİĞDE;MERKEZ;KONAKLI - CUMHURİYET;IRTI SOKAK;sokak;908525
NİĞDE;MERKEZ;KONAKLI - CUMHURİYET;IŞIL SOKAK;sokak;908528
NİĞDE;MERKEZ;KONAKLI - CUMHURİYET;İBİŞ SOKAK;sokak;908510
NİĞDE;MERKEZ;KONAKLI - CUMHURİYET;İLİM SOKAK;sokak;908470
NİĞDE;MERKEZ;KONAKLI - CUMHURİYET;İLLAS SOKAK;sokak;908529
NİĞDE;MERKEZ;KONAKLI - CUMHURİYET;İPEK SOKAK;sokak;908356
NİĞDE;MERKEZ;KONAKLI - CUMHURİYET;KADEM SOKAK;sokak;908385
NİĞDE;MERKEZ;KONAKLI - CUMHURİYET;KAPLAN SOKAK;sokak;908391
NİĞDE;MERKEZ;KONAKLI - CUMHURİYET;KAR SOKAK;sokak;908554
NİĞDE;MERKEZ;KONAKLI - CUMHURİYET;KARACAN SOKAK;sokak;908399
NİĞDE;MERKEZ;KONAKLI - CUMHURİYET;KARAMAN SOKAK;sokak;908398
NİĞDE;MERKEZ;KONAKLI - CUMHURİYET;KARAN SOKAK;sokak;908380
NİĞDE;MERKEZ;KONAKLI - CUMHURİYET;KARANFİL SOKAK;sokak;929392550
NİĞDE;MERKEZ;KONAKLI - CUMHURİYET;KASIM SOKAK;sokak;908563
NİĞDE;MERKEZ;KONAKLI - CUMHURİYET;KAYAN SOKAK;sokak;908494
NİĞDE;MERKEZ;KONAKLI - CUMHURİYET;KEKLİK CADDE;cadde;908340
NİĞDE;MERKEZ;KONAKLI - CUMHURİYET;KELEBEK SOKAK;sokak;908481
NİĞDE;MERKEZ;KONAKLI - CUMHURİYET;KENAN SOKAK;sokak;908489
NİĞDE;MERKEZ;KONAKLI - CUMHURİYET;KOCA SOKAK;sokak;908500
NİĞDE;MERKEZ;KONAKLI - CUMHURİYET;KOOPERATİF CADDE;cadde;908513
NİĞDE;MERKEZ;KONAKLI - CUMHURİYET;KOZANİ CADDE;cadde;908466
NİĞDE;MERKEZ;KONAKLI - CUMHURİYET;KURU SOKAK;sokak;908390
NİĞDE;MERKEZ;KONAKLI - CUMHURİYET;KUZEY SOKAK;sokak;908401
NİĞDE;MERKEZ;KONAKLI - CUMHURİYET;LEFKOŞA CADDE;cadde;908514
NİĞDE;MERKEZ;KONAKLI - CUMHURİYET;MERCAN SOKAK;sokak;908551
NİĞDE;MERKEZ;KONAKLI - CUMHURİYET;MİLLİYET CADDE;cadde;908351
NİĞDE;MERKEZ;KONAKLI - CUMHURİYET;MİSLİ CADDE;cadde;908519
NİĞDE;MERKEZ;KONAKLI - CUMHURİYET;MİSLİ YOLU/1 SOKAK;sokak;419897240
NİĞDE;MERKEZ;KONAKLI - CUMHURİYET;MOR SOKAK;sokak;908537
NİĞDE;MERKEZ;KONAKLI - CUMHURİYET;MUHABBET SOKAK;sokak;908527
NİĞDE;MERKEZ;KONAKLI - CUMHURİYET;MÜSTİMAL CADDE;cadde;908329
NİĞDE;MERKEZ;KONAKLI - CUMHURİYET;NİSA SOKAK;sokak;910200
NİĞDE;MERKEZ;KONAKLI - CUMHURİYET;NİŞAN SOKAK;sokak;908535
NİĞDE;MERKEZ;KONAKLI - CUMHURİYET;NUR SOKAK;sokak;908518
NİĞDE;MERKEZ;KONAKLI - CUMHURİYET;OĞUZ SOKAK;sokak;908490
NİĞDE;MERKEZ;KONAKLI - CUMHURİYET;ORHANLI YOLU CADDE;cadde;908502
NİĞDE;MERKEZ;KONAKLI - CUMHURİYET;ORHANLI YOLU/2 SOKAK;sokak;761523621
NİĞDE;MERKEZ;KONAKLI - CUMHURİYET;ORKİDE SOKAK;sokak;908496
NİĞDE;MERKEZ;KONAKLI - CUMHURİYET;ÖZÇELİK SOKAK;sokak;908552
NİĞDE;MERKEZ;KONAKLI - CUMHURİYET;PAPATYA SOKAK;sokak;112842130
NİĞDE;MERKEZ;KONAKLI - CUMHURİYET;PAZAR SOKAK;sokak;908397
NİĞDE;MERKEZ;KONAKLI - CUMHURİYET;PETROLCÜ SOKAK;sokak;908484
NİĞDE;MERKEZ;KONAKLI - CUMHURİYET;PIRLANTA SOKAK;sokak;908540
NİĞDE;MERKEZ;KONAKLI - CUMHURİYET;PİSİL SOKAK;sokak;908491
NİĞDE;MERKEZ;KONAKLI - CUMHURİYET;RAGİP SOKAK;sokak;908472
NİĞDE;MERKEZ;KONAKLI - CUMHURİYET;RAHMANLI CADDE;cadde;908396
NİĞDE;MERKEZ;KONAKLI - CUMHURİYET;RÜŞTÜ SOKAK;sokak;908515
NİĞDE;MERKEZ;KONAKLI - CUMHURİYET;SAKINÇ SOKAK;sokak;908473
NİĞDE;MERKEZ;KONAKLI - CUMHURİYET;SELANİK CADDE;cadde;908288
NİĞDE;MERKEZ;KONAKLI - CUMHURİYET;SELÇUK SOKAK;sokak;908493
NİĞDE;MERKEZ;KONAKLI - CUMHURİYET;SELVİ SOKAK;sokak;908562
NİĞDE;MERKEZ;KONAKLI - CUMHURİYET;SİNİ SOKAK;sokak;908532
NİĞDE;MERKEZ;KONAKLI - CUMHURİYET;SİS SOKAK;sokak;908553
NİĞDE;MERKEZ;KONAKLI - CUMHURİYET;SOĞUKSU YOLU CADDE;cadde;908545
NİĞDE;MERKEZ;KONAKLI - CUMHURİYET;SÜMBÜL SOKAK;sokak;908534
NİĞDE;MERKEZ;KONAKLI - CUMHURİYET;SÜTÇÜ SOKAK;sokak;908379
NİĞDE;MERKEZ;KONAKLI - CUMHURİYET;ŞAFAK SOKAK;sokak;360350380
NİĞDE;MERKEZ;KONAKLI - CUMHURİYET;ŞEVKAT SOKAK;sokak;908560
NİĞDE;MERKEZ;KONAKLI - CUMHURİYET;TERCAN SOKAK;sokak;119614551
NİĞDE;MERKEZ;KONAKLI - CUMHURİYET;TEZCAN SOKAK;sokak;908487
NİĞDE;MERKEZ;KONAKLI - CUMHURİYET;TOKİ CADDE;cadde;908327
NİĞDE;MERKEZ;KONAKLI - CUMHURİYET;TOPALOĞLU SOKAK;sokak;908564
NİĞDE;MERKEZ;KONAKLI - CUMHURİYET;TORNACI SOKAK;sokak;908565
NİĞDE;MERKEZ;KONAKLI - CUMHURİYET;ULAŞ SOKAK;sokak;908485
NİĞDE;MERKEZ;KONAKLI - CUMHURİYET;ULU SOKAK;sokak;908549
NİĞDE;MERKEZ;KONAKLI - CUMHURİYET;UMUT SOKAK;sokak;908531
NİĞDE;MERKEZ;KONAKLI - CUMHURİYET;UYGAR SOKAK;sokak;908387
NİĞDE;MERKEZ;KONAKLI - CUMHURİYET;ÜNER SOKAK;sokak;908488
NİĞDE;MERKEZ;KONAKLI - CUMHURİYET;VELİ SOKAK;sokak;908561
NİĞDE;MERKEZ;KONAKLI - CUMHURİYET;VUSLAT SOKAK;sokak;908498
NİĞDE;MERKEZ;KONAKLI - CUMHURİYET;YAREN SOKAK;sokak;908526
NİĞDE;MERKEZ;KONAKLI - CUMHURİYET;YASEMİN SOKAK;sokak;908538
NİĞDE;MERKEZ;KONAKLI - CUMHURİYET;YAŞAM SOKAK;sokak;908483
NİĞDE;MERKEZ;KONAKLI - CUMHURİYET;YEŞİL SOKAK;sokak;908539
NİĞDE;MERKEZ;KONAKLI - CUMHURİYET;YILDIRIM SOKAK;sokak;908374
NİĞDE;MERKEZ;KONAKLI - CUMHURİYET;YILDIZ SOKAK;sokak;908507
NİĞDE;MERKEZ;KONAKLI - CUMHURİYET;YILMAZ SOKAK;sokak;908474
NİĞDE;MERKEZ;KONAKLI - CUMHURİYET;YONCA SOKAK;sokak;908591
NİĞDE;MERKEZ;KONAKLI - CUMHURİYET;ZAFER SOKAK;sokak;908566
NİĞDE;MERKEZ;KONAKLI - CUMHURİYET;ZORBEY SOKAK;sokak;908523
NİĞDE;MERKEZ;KONAKLI - CUMHURİYET;ZÜMRÜT SOKAK;sokak;908482
NİĞDE;MERKEZ;KONAKLI - HÜRRİYET;ADALET SOKAK;sokak;908143
NİĞDE;MERKEZ;KONAKLI - HÜRRİYET;AĞA SOKAK;sokak;907988
NİĞDE;MERKEZ;KONAKLI - HÜRRİYET;AKGÜL SOKAK;sokak;908111
NİĞDE;MERKEZ;KONAKLI - HÜRRİYET;AKIN SOKAK;sokak;908003
NİĞDE;MERKEZ;KONAKLI - HÜRRİYET;ANIT SOKAK;sokak;908124
NİĞDE;MERKEZ;KONAKLI - HÜRRİYET;ARI SOKAK;sokak;908139
NİĞDE;MERKEZ;KONAKLI - HÜRRİYET;ASIRCI SOKAK;sokak;908131
NİĞDE;MERKEZ;KONAKLI - HÜRRİYET;AŞAĞI/15 SOKAK;sokak;657172821
NİĞDE;MERKEZ;KONAKLI - HÜRRİYET;ATA SOKAK;sokak;907995
NİĞDE;MERKEZ;KONAKLI - HÜRRİYET;AYIŞIĞI SOKAK;sokak;907994
NİĞDE;MERKEZ;KONAKLI - HÜRRİYET;BADEM SOKAK;sokak;908190
NİĞDE;MERKEZ;KONAKLI - HÜRRİYET;BAĞIN SOKAK;sokak;908176
NİĞDE;MERKEZ;KONAKLI - HÜRRİYET;BAKIR SOKAK;sokak;908000
NİĞDE;MERKEZ;KONAKLI - HÜRRİYET;BALLICA SOKAK;sokak;908161
NİĞDE;MERKEZ;KONAKLI - HÜRRİYET;BALÖZÜ SOKAK;sokak;907993
NİĞDE;MERKEZ;KONAKLI - HÜRRİYET;BAŞARAN SOKAK;sokak;907990
NİĞDE;MERKEZ;KONAKLI - HÜRRİYET;BAŞKAN SOKAK;sokak;908004
NİĞDE;MERKEZ;KONAKLI - HÜRRİYET;BELEDİYE SOKAK;sokak;907973
NİĞDE;MERKEZ;KONAKLI - HÜRRİYET;BEYTULLAH SOKAK;sokak;908017
NİĞDE;MERKEZ;KONAKLI - HÜRRİYET;BİBEROĞLU SOKAK;sokak;908106
NİĞDE;MERKEZ;KONAKLI - HÜRRİYET;BİRLER SOKAK;sokak;908152
NİĞDE;MERKEZ;KONAKLI - HÜRRİYET;BOTANİK SOKAK;sokak;908191
NİĞDE;MERKEZ;KONAKLI - HÜRRİYET;BOYACI SOKAK;sokak;908009
NİĞDE;MERKEZ;KONAKLI - HÜRRİYET;CAMİİ SOKAK;sokak;908162
NİĞDE;MERKEZ;KONAKLI - HÜRRİYET;CENK SOKAK;sokak;907986
NİĞDE;MERKEZ;KONAKLI - HÜRRİYET;CEVHER SOKAK;sokak;307948461
NİĞDE;MERKEZ;KONAKLI - HÜRRİYET;CİCİLER CADDE;cadde;908163
NİĞDE;MERKEZ;KONAKLI - HÜRRİYET;ÇAĞDAŞ SOKAK;sokak;908002
NİĞDE;MERKEZ;KONAKLI - HÜRRİYET;ÇAPKAN SOKAK;sokak;908170
NİĞDE;MERKEZ;KONAKLI - HÜRRİYET;ÇAVUŞ SOKAK;sokak;908177
NİĞDE;MERKEZ;KONAKLI - HÜRRİYET;DAL SOKAK;sokak;908109
NİĞDE;MERKEZ;KONAKLI - HÜRRİYET;DEĞİRMENCİ SOKAK;sokak;908145
NİĞDE;MERKEZ;KONAKLI - HÜRRİYET;DELİOĞLU SOKAK;sokak;908146
NİĞDE;MERKEZ;KONAKLI - HÜRRİYET;DEMİRCİ SOKAK;sokak;908153
NİĞDE;MERKEZ;KONAKLI - HÜRRİYET;DERE SOKAK;sokak;908148
NİĞDE;MERKEZ;KONAKLI - HÜRRİYET;DİLAVER SOKAK;sokak;908164
NİĞDE;MERKEZ;KONAKLI - HÜRRİYET;DOĞRU SOKAK;sokak;908184
NİĞDE;MERKEZ;KONAKLI - HÜRRİYET;EMEKLİ SOKAK;sokak;908187
NİĞDE;MERKEZ;KONAKLI - HÜRRİYET;EMİN SOKAK;sokak;908005
NİĞDE;MERKEZ;KONAKLI - HÜRRİYET;FERAH SOKAK;sokak;907991
NİĞDE;MERKEZ;KONAKLI - HÜRRİYET;FIÇICI SOKAK;sokak;908112
NİĞDE;MERKEZ;KONAKLI - HÜRRİYET;FINDIKLI SOKAK;sokak;908115
NİĞDE;MERKEZ;KONAKLI - HÜRRİYET;GENÇ SOKAK;sokak;908166
NİĞDE;MERKEZ;KONAKLI - HÜRRİYET;GURUR SOKAK;sokak;907985
NİĞDE;MERKEZ;KONAKLI - HÜRRİYET;GÜLCAN SOKAK;sokak;908165
NİĞDE;MERKEZ;KONAKLI - HÜRRİYET;HİLAL SOKAK;sokak;907997
NİĞDE;MERKEZ;KONAKLI - HÜRRİYET;HUZUR SOKAK;sokak;907992
NİĞDE;MERKEZ;KONAKLI - HÜRRİYET;HÜRRIYET KÜME EVLER;sokak;26597
NİĞDE;MERKEZ;KONAKLI - HÜRRİYET;HÜRRİYET/1 SOKAK;sokak;128958431
NİĞDE;MERKEZ;KONAKLI - HÜRRİYET;IŞIKGÖZ SOKAK;sokak;908154
NİĞDE;MERKEZ;KONAKLI - HÜRRİYET;İNHİSAR SOKAK;sokak;908012
NİĞDE;MERKEZ;KONAKLI - HÜRRİYET;İSLAM SOKAK;sokak;908123
NİĞDE;MERKEZ;KONAKLI - HÜRRİYET;İSTİKLAL CADDE;cadde;908188
NİĞDE;MERKEZ;KONAKLI - HÜRRİYET;KAFALI SOKAK;sokak;909877
NİĞDE;MERKEZ;KONAKLI - HÜRRİYET;KALKANLAR SOKAK;sokak;908001
NİĞDE;MERKEZ;KONAKLI - HÜRRİYET;KAPTAN SOKAK;sokak;909873
NİĞDE;MERKEZ;KONAKLI - HÜRRİYET;KARAKAŞ SOKAK;sokak;908107
NİĞDE;MERKEZ;KONAKLI - HÜRRİYET;KAYA SOKAK;sokak;615417100
NİĞDE;MERKEZ;KONAKLI - HÜRRİYET;KAYSERİ YOLU BULVAR;sokak;278556340
NİĞDE;MERKEZ;KONAKLI - HÜRRİYET;KEPKE SOKAK;sokak;908168
NİĞDE;MERKEZ;KONAKLI - HÜRRİYET;KILINÇ SOKAK;sokak;908169
NİĞDE;MERKEZ;KONAKLI - HÜRRİYET;KİLİSE SOKAK;sokak;182941650
NİĞDE;MERKEZ;KONAKLI - HÜRRİYET;KONAKLI CADDE;cadde;152865110
NİĞDE;MERKEZ;KONAKLI - HÜRRİYET;KOZAN CADDE;cadde;908007
NİĞDE;MERKEZ;KONAKLI - HÜRRİYET;KURT SOKAK;sokak;907987
NİĞDE;MERKEZ;KONAKLI - HÜRRİYET;LALE SOKAK;sokak;907996
NİĞDE;MERKEZ;KONAKLI - HÜRRİYET;LEYLAK SOKAK;sokak;908010
NİĞDE;MERKEZ;KONAKLI - HÜRRİYET;MADAN SOKAK;sokak;908150
NİĞDE;MERKEZ;KONAKLI - HÜRRİYET;MAKAM SOKAK;sokak;907975
NİĞDE;MERKEZ;KONAKLI - HÜRRİYET;METİN SOKAK;sokak;908025
NİĞDE;MERKEZ;KONAKLI - HÜRRİYET;MEVLÜT SOKAK;sokak;908129
NİĞDE;MERKEZ;KONAKLI - HÜRRİYET;MEZARLIK YOLU CADDE;cadde;907977
NİĞDE;MERKEZ;KONAKLI - HÜRRİYET;NEBİ SOKAK;sokak;908006
NİĞDE;MERKEZ;KONAKLI - HÜRRİYET;OTOBÜSÇÜ SOKAK;sokak;908023
NİĞDE;MERKEZ;KONAKLI - HÜRRİYET;ÖRENLER SOKAK;sokak;560311490
NİĞDE;MERKEZ;KONAKLI - HÜRRİYET;ÖZ SOKAK;sokak;908022
NİĞDE;MERKEZ;KONAKLI - HÜRRİYET;ÖZKAN SOKAK;sokak;908186
NİĞDE;MERKEZ;KONAKLI - HÜRRİYET;PARK CADDE;cadde;908108
NİĞDE;MERKEZ;KONAKLI - HÜRRİYET;REFİŞ SOKAK;sokak;908019
NİĞDE;MERKEZ;KONAKLI - HÜRRİYET;RIFATLAR SOKAK;sokak;908194
NİĞDE;MERKEZ;KONAKLI - HÜRRİYET;SAĞLIK SOKAK;sokak;908141
NİĞDE;MERKEZ;KONAKLI - HÜRRİYET;SARI SOKAK;sokak;907980
NİĞDE;MERKEZ;KONAKLI - HÜRRİYET;SEDAT SOKAK;sokak;908132
NİĞDE;MERKEZ;KONAKLI - HÜRRİYET;SELANİK CADDE;cadde;907971
NİĞDE;MERKEZ;KONAKLI - HÜRRİYET;SEVGİ SOKAK;sokak;908147
NİĞDE;MERKEZ;KONAKLI - HÜRRİYET;ŞAHİN SOKAK;sokak;909874
NİĞDE;MERKEZ;KONAKLI - HÜRRİYET;ŞEHİT ERDAL YENEL CADDE;cadde;908133
NİĞDE;MERKEZ;KONAKLI - HÜRRİYET;ŞEHİT RECEP TEKTAŞ CADDE;cadde;907976
NİĞDE;MERKEZ;KONAKLI - HÜRRİYET;ŞEHİT SOKAK;sokak;774165350
NİĞDE;MERKEZ;KONAKLI - HÜRRİYET;TARIM SOKAK;sokak;907979
NİĞDE;MERKEZ;KONAKLI - HÜRRİYET;TAŞKIN SOKAK;sokak;908110
NİĞDE;MERKEZ;KONAKLI - HÜRRİYET;TEPE SOKAK;sokak;908192
NİĞDE;MERKEZ;KONAKLI - HÜRRİYET;TURAL SOKAK;sokak;908167
NİĞDE;MERKEZ;KONAKLI - HÜRRİYET;UĞURLU SOKAK;sokak;908171
NİĞDE;MERKEZ;KONAKLI - HÜRRİYET;ULUS CADDE;cadde;907989
NİĞDE;MERKEZ;KONAKLI - HÜRRİYET;UYSAL SOKAK;sokak;909879
NİĞDE;MERKEZ;KONAKLI - HÜRRİYET;VEFA SOKAK;sokak;908155
NİĞDE;MERKEZ;KONAKLI - HÜRRİYET;YASİN SOKAK;sokak;908122
NİĞDE;MERKEZ;KONAKLI - HÜRRİYET;YAVAŞ SOKAK;sokak;919885350
NİĞDE;MERKEZ;KONAKLI - HÜRRİYET;YIKAMACI SOKAK;sokak;908134
NİĞDE;MERKEZ;KONAKLI - HÜRRİYET;YURDAYANIK SOKAK;sokak;908121
NİĞDE;MERKEZ;KONAKLI - HÜRRİYET;ZAKKUM SOKAK;sokak;908195
NİĞDE;MERKEZ;KONAKLI - HÜRRİYET;ZAMBAK SOKAK;sokak;908015
NİĞDE;MERKEZ;KONAKLI - HÜRRİYET;ZAMZAMA ALTI SOKAK;sokak;220488050
NİĞDE;MERKEZ;KONAKLI - HÜRRİYET;ZAMZAMA YOLU SOKAK;sokak;782345980
NİĞDE;MERKEZ;KONAKLI - HÜRRİYET;ZÜLKAR SOKAK;sokak;907978
NİĞDE;MERKEZ;KONAKLI - HÜYÜK;ADA SOKAK;sokak;908593
NİĞDE;MERKEZ;KONAKLI - HÜYÜK;AKAY SOKAK;sokak;908647
NİĞDE;MERKEZ;KONAKLI - HÜYÜK;AKER SOKAK;sokak;908822
NİĞDE;MERKEZ;KONAKLI - HÜYÜK;AKMEŞE SOKAK;sokak;908648
NİĞDE;MERKEZ;KONAKLI - HÜYÜK;AKTİF SOKAK;sokak;908599
NİĞDE;MERKEZ;KONAKLI - HÜYÜK;ALEMBEY SOKAK;sokak;908707
NİĞDE;MERKEZ;KONAKLI - HÜYÜK;ALEMDAR SOKAK;sokak;908706
NİĞDE;MERKEZ;KONAKLI - HÜYÜK;ALIÇ SOKAK;sokak;908652
NİĞDE;MERKEZ;KONAKLI - HÜYÜK;AVCI SOKAK;sokak;908718
NİĞDE;MERKEZ;KONAKLI - HÜYÜK;AYDINLAR SOKAK;sokak;908650
NİĞDE;MERKEZ;KONAKLI - HÜYÜK;AYTAŞ SOKAK;sokak;908716
NİĞDE;MERKEZ;KONAKLI - HÜYÜK;BEKÇİ SOKAK;sokak;908823
NİĞDE;MERKEZ;KONAKLI - HÜYÜK;BEŞER SOKAK;sokak;908711
NİĞDE;MERKEZ;KONAKLI - HÜYÜK;BİLEN SOKAK;sokak;908717
NİĞDE;MERKEZ;KONAKLI - HÜYÜK;BOLLUK SOKAK;sokak;908715
NİĞDE;MERKEZ;KONAKLI - HÜYÜK;BUDAK SOKAK;sokak;908594
NİĞDE;MERKEZ;KONAKLI - HÜYÜK;BUHAR SOKAK;sokak;908597
NİĞDE;MERKEZ;KONAKLI - HÜYÜK;BÜKLÜM SOKAK;sokak;908595
NİĞDE;MERKEZ;KONAKLI - HÜYÜK;ÇALIK SOKAK;sokak;908640
NİĞDE;MERKEZ;KONAKLI - HÜYÜK;ÇEMBER SOKAK;sokak;908644
NİĞDE;MERKEZ;KONAKLI - HÜYÜK;ÇİÇEK SOKAK;sokak;908655
NİĞDE;MERKEZ;KONAKLI - HÜYÜK;GAR SOKAK;sokak;909822
NİĞDE;MERKEZ;KONAKLI - HÜYÜK;GÜNDOĞDU SOKAK;sokak;908709
NİĞDE;MERKEZ;KONAKLI - HÜYÜK;GÜNEŞ SOKAK;sokak;908649
NİĞDE;MERKEZ;KONAKLI - HÜYÜK;HAN SOKAK;sokak;908708
NİĞDE;MERKEZ;KONAKLI - HÜYÜK;HANCI SOKAK;sokak;908710
NİĞDE;MERKEZ;KONAKLI - HÜYÜK;HİZMET SOKAK;sokak;908602
NİĞDE;MERKEZ;KONAKLI - HÜYÜK;HÜYÜK KÜME EVLER;sokak;477190
NİĞDE;MERKEZ;KONAKLI - HÜYÜK;İSTASYON CADDE;cadde;909823
NİĞDE;MERKEZ;KONAKLI - HÜYÜK;KARAATLI YOLU CADDE;cadde;908705
NİĞDE;MERKEZ;KONAKLI - HÜYÜK;KAYALAR SOKAK;sokak;908641
NİĞDE;MERKEZ;KONAKLI - HÜYÜK;KENAR SOKAK;sokak;908598
NİĞDE;MERKEZ;KONAKLI - HÜYÜK;KONAKLI CADDE;cadde;908592
NİĞDE;MERKEZ;KONAKLI - HÜYÜK;KÖPRÜ SOKAK;sokak;908656
NİĞDE;MERKEZ;KONAKLI - HÜYÜK;MEYDAN SOKAK;sokak;908642
NİĞDE;MERKEZ;KONAKLI - HÜYÜK;MEZARLIK CADDE;cadde;908657
NİĞDE;MERKEZ;KONAKLI - HÜYÜK;OFİS SOKAK;sokak;908603
NİĞDE;MERKEZ;KONAKLI - HÜYÜK;ORAN SOKAK;sokak;908702
NİĞDE;MERKEZ;KONAKLI - HÜYÜK;SAĞLAM SOKAK;sokak;908643
NİĞDE;MERKEZ;KONAKLI - HÜYÜK;SAKARYA CADDE;cadde;908818
NİĞDE;MERKEZ;KONAKLI - HÜYÜK;SANDALLI SOKAK;sokak;908712
NİĞDE;MERKEZ;KONAKLI - HÜYÜK;SARUHAN SOKAK;sokak;908646
NİĞDE;MERKEZ;KONAKLI - HÜYÜK;SELANİK CADDE;cadde;222227981
NİĞDE;MERKEZ;KONAKLI - HÜYÜK;SOYAK SOKAK;sokak;908714
NİĞDE;MERKEZ;KONAKLI - HÜYÜK;T.M.O. SOKAK;sokak;908596
NİĞDE;MERKEZ;KONAKLI - HÜYÜK;TİCARET SOKAK;sokak;908704
NİĞDE;MERKEZ;KONAKLI - HÜYÜK;VATANDAŞ SOKAK;sokak;908600
NİĞDE;MERKEZ;KONAKLI - HÜYÜK;YOL SOKAK;sokak;908654
NİĞDE;MERKEZ;KONAKLI - HÜYÜK;YURTMEN SOKAK;sokak;908713
NİĞDE;MERKEZ;KOYUNLU - AŞAĞI;1. SİVRİCEK/3 SOKAK;sokak;944887801
NİĞDE;MERKEZ;KOYUNLU - AŞAĞI;1.SİVRİCEK SOKAK;sokak;901276060
NİĞDE;MERKEZ;KOYUNLU - AŞAĞI;ADİLEFENDİ SOKAK;sokak;29008
NİĞDE;MERKEZ;KOYUNLU - AŞAĞI;ADİLEFENDİ/1 SOKAK;sokak;118706310
NİĞDE;MERKEZ;KOYUNLU - AŞAĞI;ADİLEFENDİ/10 SOKAK;sokak;221680580
NİĞDE;MERKEZ;KOYUNLU - AŞAĞI;ADİLEFENDİ/11 SOKAK;sokak;386540340
NİĞDE;MERKEZ;KOYUNLU - AŞAĞI;ADİLEFENDİ/12 SOKAK;sokak;296835130
NİĞDE;MERKEZ;KOYUNLU - AŞAĞI;ADİLEFENDİ/13 SOKAK;sokak;182969540
NİĞDE;MERKEZ;KOYUNLU - AŞAĞI;ADİLEFENDİ/14 SOKAK;sokak;377586610
NİĞDE;MERKEZ;KOYUNLU - AŞAĞI;ADİLEFENDİ/15 SOKAK;sokak;291021340
NİĞDE;MERKEZ;KOYUNLU - AŞAĞI;ADİLEFENDİ/16 SOKAK;sokak;326186540
NİĞDE;MERKEZ;KOYUNLU - AŞAĞI;ADİLEFENDİ/17 SOKAK;sokak;150086910
NİĞDE;MERKEZ;KOYUNLU - AŞAĞI;ADİLEFENDİ/18 SOKAK;sokak;177862370
NİĞDE;MERKEZ;KOYUNLU - AŞAĞI;ADİLEFENDİ/19 SOKAK;sokak;503830740
NİĞDE;MERKEZ;KOYUNLU - AŞAĞI;ADİLEFENDİ/2 SOKAK;sokak;177903870
NİĞDE;MERKEZ;KOYUNLU - AŞAĞI;ADİLEFENDİ/3 SOKAK;sokak;115104270
NİĞDE;MERKEZ;KOYUNLU - AŞAĞI;ADİLEFENDİ/4 SOKAK;sokak;257952040
NİĞDE;MERKEZ;KOYUNLU - AŞAĞI;ADİLEFENDİ/5 SOKAK;sokak;350662990
NİĞDE;MERKEZ;KOYUNLU - AŞAĞI;ADİLEFENDİ/6 SOKAK;sokak;238290470
NİĞDE;MERKEZ;KOYUNLU - AŞAĞI;ADİLEFENDİ/7 SOKAK;sokak;360882350
NİĞDE;MERKEZ;KOYUNLU - AŞAĞI;ADİLEFENDİ/8 SOKAK;sokak;186828640
NİĞDE;MERKEZ;KOYUNLU - AŞAĞI;ADİLEFENDİ/9 SOKAK;sokak;201938190
NİĞDE;MERKEZ;KOYUNLU - AŞAĞI;ALBAYRAK/111 SOKAK;sokak;342325040
NİĞDE;MERKEZ;KOYUNLU - AŞAĞI;AŞAĞI TAŞKENT/2 SOKAK;sokak;195463321
NİĞDE;MERKEZ;KOYUNLU - AŞAĞI;BADEMLER/2 SOKAK;sokak;573502900
NİĞDE;MERKEZ;KOYUNLU - AŞAĞI;BAHÇE SOKAK;sokak;23257
NİĞDE;MERKEZ;KOYUNLU - AŞAĞI;BARAJ SOKAK;sokak;423441920
NİĞDE;MERKEZ;KOYUNLU - AŞAĞI;BİRKO SOKAK;sokak;23258
NİĞDE;MERKEZ;KOYUNLU - AŞAĞI;BİRKO/46 SOKAK;sokak;199494860
NİĞDE;MERKEZ;KOYUNLU - AŞAĞI;BİRKO/47 SOKAK;sokak;266898360
NİĞDE;MERKEZ;KOYUNLU - AŞAĞI;ÇİĞDEM SOKAK;sokak;124501690
NİĞDE;MERKEZ;KOYUNLU - AŞAĞI;ÇUKURIÇI SOKAK;sokak;104491630
NİĞDE;MERKEZ;KOYUNLU - AŞAĞI;DEĞİRMEN SOKAK;sokak;23259
NİĞDE;MERKEZ;KOYUNLU - AŞAĞI;DEĞİRMEN/1 SOKAK;sokak;770104030
NİĞDE;MERKEZ;KOYUNLU - AŞAĞI;DEĞİRMEN/3 SOKAK;sokak;134456480
NİĞDE;MERKEZ;KOYUNLU - AŞAĞI;DEĞİRMEN/4 SOKAK;sokak;522856320
NİĞDE;MERKEZ;KOYUNLU - AŞAĞI;DEĞİRMEN/5 SOKAK;sokak;242544500
NİĞDE;MERKEZ;KOYUNLU - AŞAĞI;DEĞİRMEN/6 SOKAK;sokak;121516010
NİĞDE;MERKEZ;KOYUNLU - AŞAĞI;DEĞİRMEN/7 SOKAK;sokak;610671040
NİĞDE;MERKEZ;KOYUNLU - AŞAĞI;DEĞİRMEN/8 SOKAK;sokak;184726540
NİĞDE;MERKEZ;KOYUNLU - AŞAĞI;DEĞİRMEN/9 SOKAK;sokak;276928960
NİĞDE;MERKEZ;KOYUNLU - AŞAĞI;EDİP SOKAK;sokak;23260
NİĞDE;MERKEZ;KOYUNLU - AŞAĞI;EDİP/1 SOKAK;sokak;102553880
NİĞDE;MERKEZ;KOYUNLU - AŞAĞI;GAZİ İSMAİL SOKAK;sokak;263588380
NİĞDE;MERKEZ;KOYUNLU - AŞAĞI;GÖLAĞAN SOKAK;sokak;24507
NİĞDE;MERKEZ;KOYUNLU - AŞAĞI;GÖLAĞAN/1 SOKAK;sokak;477937650
NİĞDE;MERKEZ;KOYUNLU - AŞAĞI;GÖLAĞAN/2 SOKAK;sokak;199507990
NİĞDE;MERKEZ;KOYUNLU - AŞAĞI;GÖLAĞAN/20 SOKAK;sokak;873433490
NİĞDE;MERKEZ;KOYUNLU - AŞAĞI;GÜMÜŞ SOKAK;sokak;480483
NİĞDE;MERKEZ;KOYUNLU - AŞAĞI;GÜMÜŞ/1 SOKAK;sokak;206829100
NİĞDE;MERKEZ;KOYUNLU - AŞAĞI;GÜVEN SOKAK;sokak;179245070
NİĞDE;MERKEZ;KOYUNLU - AŞAĞI;HARMANLAR SOKAK;sokak;338540
NİĞDE;MERKEZ;KOYUNLU - AŞAĞI;HARMANLAR/1 SOKAK;sokak;360414990
NİĞDE;MERKEZ;KOYUNLU - AŞAĞI;HARMANLAR/2 SOKAK;sokak;522953590
NİĞDE;MERKEZ;KOYUNLU - AŞAĞI;İÇÖZ SOKAK;sokak;237848951
NİĞDE;MERKEZ;KOYUNLU - AŞAĞI;İSTİKLAL/2 SOKAK;sokak;257205170
NİĞDE;MERKEZ;KOYUNLU - AŞAĞI;İSTİKLAL/5 SOKAK;sokak;447453540
NİĞDE;MERKEZ;KOYUNLU - AŞAĞI;İSTİKLAL/6 SOKAK;sokak;481882880
NİĞDE;MERKEZ;KOYUNLU - AŞAĞI;İSTİKLAL/7 SOKAK;sokak;766351190
NİĞDE;MERKEZ;KOYUNLU - AŞAĞI;KADILAR SOKAK;sokak;24508
NİĞDE;MERKEZ;KOYUNLU - AŞAĞI;KARDELEN/11 SOKAK;sokak;209119210
NİĞDE;MERKEZ;KOYUNLU - AŞAĞI;KARDELEN/3 SOKAK;sokak;282845450
NİĞDE;MERKEZ;KOYUNLU - AŞAĞI;KARDELEN/5 SOKAK;sokak;186105190
NİĞDE;MERKEZ;KOYUNLU - AŞAĞI;KARDELEN/7 SOKAK;sokak;297940700
NİĞDE;MERKEZ;KOYUNLU - AŞAĞI;KİRAZ SOKAK;sokak;29012
NİĞDE;MERKEZ;KOYUNLU - AŞAĞI;KİRAZ/1 SOKAK;sokak;899420070
NİĞDE;MERKEZ;KOYUNLU - AŞAĞI;KİRAZ/2 SOKAK;sokak;145487130
NİĞDE;MERKEZ;KOYUNLU - AŞAĞI;KİRAZ/3 SOKAK;sokak;411920220
NİĞDE;MERKEZ;KOYUNLU - AŞAĞI;KUYU SOKAK;sokak;24898
NİĞDE;MERKEZ;KOYUNLU - AŞAĞI;KÜÇÜK KÖPRÜ SOKAK;sokak;24510
NİĞDE;MERKEZ;KOYUNLU - AŞAĞI;NİĞDE/16 SOKAK;sokak;115451260
NİĞDE;MERKEZ;KOYUNLU - AŞAĞI;NİĞDE/17 SOKAK;sokak;909645780
NİĞDE;MERKEZ;KOYUNLU - AŞAĞI;NİĞDE/6 SOKAK;sokak;193319410
NİĞDE;MERKEZ;KOYUNLU - AŞAĞI;ORTAOKUL SOKAK;sokak;24516
NİĞDE;MERKEZ;KOYUNLU - AŞAĞI;ORTAOKUL/1 SOKAK;sokak;810592140
NİĞDE;MERKEZ;KOYUNLU - AŞAĞI;ORTAOKUL/111 SOKAK;sokak;554209390
NİĞDE;MERKEZ;KOYUNLU - AŞAĞI;ORTAOKUL/12 SOKAK;sokak;979564520
NİĞDE;MERKEZ;KOYUNLU - AŞAĞI;ORTAOKUL/3 SOKAK;sokak;105408050
NİĞDE;MERKEZ;KOYUNLU - AŞAĞI;ORTAOKUL/4 SOKAK;sokak;253901880
NİĞDE;MERKEZ;KOYUNLU - AŞAĞI;ORTAOKUL/5 SOKAK;sokak;614354420
NİĞDE;MERKEZ;KOYUNLU - AŞAĞI;ORTAOKUL/6 SOKAK;sokak;622519540
NİĞDE;MERKEZ;KOYUNLU - AŞAĞI;ORTAOKUL/7 SOKAK;sokak;252508380
NİĞDE;MERKEZ;KOYUNLU - AŞAĞI;ORTAOKUL/8 SOKAK;sokak;806552690
NİĞDE;MERKEZ;KOYUNLU - AŞAĞI;ORTAOKUL/9 SOKAK;sokak;675360290
NİĞDE;MERKEZ;KOYUNLU - AŞAĞI;PEKER SOKAK;sokak;366223
NİĞDE;MERKEZ;KOYUNLU - AŞAĞI;RAUF BEY SOKAK;sokak;24518
NİĞDE;MERKEZ;KOYUNLU - AŞAĞI;SARIÇAM SOKAK;sokak;481816
NİĞDE;MERKEZ;KOYUNLU - AŞAĞI;SEDİR SOKAK;sokak;24531
NİĞDE;MERKEZ;KOYUNLU - AŞAĞI;ŞEHİT HAKAN ÜNVER SOKAK;sokak;556099521
NİĞDE;MERKEZ;KOYUNLU - AŞAĞI;TÜRBE SOKAK;sokak;366224
NİĞDE;MERKEZ;KOYUNLU - AŞAĞI;YENİ FERTEK SOKAK;sokak;131802290
NİĞDE;MERKEZ;KOYUNLU - AŞAĞI;YENİ FERTEK/1 SOKAK;sokak;377004990
NİĞDE;MERKEZ;KOYUNLU - AŞAĞI;YENİ FERTEK/11 SOKAK;sokak;571076580
NİĞDE;MERKEZ;KOYUNLU - AŞAĞI;YENİ FERTEK/12 SOKAK;sokak;831057340
NİĞDE;MERKEZ;KOYUNLU - AŞAĞI;YENİ FERTEK/5 SOKAK;sokak;800327330
NİĞDE;MERKEZ;KOYUNLU - AŞAĞI;YENİ FERTEK/6 SOKAK;sokak;567481970
NİĞDE;MERKEZ;KOYUNLU - AŞAĞI;YENİ FERTEK/7 SOKAK;sokak;224709750
NİĞDE;MERKEZ;KOYUNLU - AŞAĞI;YENİ FERTEK/8 SOKAK;sokak;338471950
NİĞDE;MERKEZ;KOYUNLU - AŞAĞI;YENİ FERTEK/81 SOKAK;sokak;967115360
NİĞDE;MERKEZ;KOYUNLU - AŞAĞI;YENİ FERTEK/82 SOKAK;sokak;375795700
NİĞDE;MERKEZ;KOYUNLU - AŞAĞI;YENİ FERTEK/9 SOKAK;sokak;315324500
NİĞDE;MERKEZ;KOYUNLU - AŞAĞI;ZAFER SOKAK;sokak;480484
NİĞDE;MERKEZ;KOYUNLU - AŞAĞI;ZAFER/1 SOKAK;sokak;140088660
NİĞDE;MERKEZ;KOYUNLU - AŞAĞI;ZAFER/10 SOKAK;sokak;237693670
NİĞDE;MERKEZ;KOYUNLU - AŞAĞI;ZAFER/2 SOKAK;sokak;247206090
NİĞDE;MERKEZ;KOYUNLU - AŞAĞI;ZAFER/3 SOKAK;sokak;120805600
NİĞDE;MERKEZ;KOYUNLU - AŞAĞI;ZAFER/4 SOKAK;sokak;266314990
NİĞDE;MERKEZ;KOYUNLU - AŞAĞI;ZAFER/5 SOKAK;sokak;291708910
NİĞDE;MERKEZ;KOYUNLU - AŞAĞI;ZAFER/6 SOKAK;sokak;265227060
NİĞDE;MERKEZ;KOYUNLU - AŞAĞI;ZAFER/7 SOKAK;sokak;196256980
NİĞDE;MERKEZ;KOYUNLU - AŞAĞI;ZAFER/8 SOKAK;sokak;583161000
NİĞDE;MERKEZ;KOYUNLU - AŞAĞI;ZAFER/9 SOKAK;sokak;141521020
NİĞDE;MERKEZ;KOYUNLU - BAHÇELİEVLER;ALPARSLAN SOKAK;sokak;25530
NİĞDE;MERKEZ;KOYUNLU - BAHÇELİEVLER;ATATÜRK SOKAK;sokak;25531
NİĞDE;MERKEZ;KOYUNLU - BAHÇELİEVLER;BAĞDAT SOKAK;sokak;25533
NİĞDE;MERKEZ;KOYUNLU - BAHÇELİEVLER;BAĞDAT/1 SOKAK;sokak;183681910
NİĞDE;MERKEZ;KOYUNLU - BAHÇELİEVLER;BAĞDAT/2 SOKAK;sokak;786433840
NİĞDE;MERKEZ;KOYUNLU - BAHÇELİEVLER;BAĞDAT/4 SOKAK;sokak;204923770
NİĞDE;MERKEZ;KOYUNLU - BAHÇELİEVLER;BAHÇELIEVLER SITESI SOKAK;sokak;506718660
NİĞDE;MERKEZ;KOYUNLU - BAHÇELİEVLER;BARBAROS SOKAK;sokak;25532
NİĞDE;MERKEZ;KOYUNLU - BAHÇELİEVLER;BİRKO SOKAK;sokak;25535
NİĞDE;MERKEZ;KOYUNLU - BAHÇELİEVLER;BİRKO/1 SOKAK;sokak;750014610
NİĞDE;MERKEZ;KOYUNLU - BAHÇELİEVLER;BİRKO/10 SOKAK;sokak;457822990
NİĞDE;MERKEZ;KOYUNLU - BAHÇELİEVLER;BİRKO/11 SOKAK;sokak;158251850
NİĞDE;MERKEZ;KOYUNLU - BAHÇELİEVLER;BİRKO/111 SOKAK;sokak;237986970
NİĞDE;MERKEZ;KOYUNLU - BAHÇELİEVLER;BİRKO/12 SOKAK;sokak;105474610
NİĞDE;MERKEZ;KOYUNLU - BAHÇELİEVLER;BİRKO/13 SOKAK;sokak;350363340
NİĞDE;MERKEZ;KOYUNLU - BAHÇELİEVLER;BİRKO/14 SOKAK;sokak;212150900
NİĞDE;MERKEZ;KOYUNLU - BAHÇELİEVLER;BİRKO/15 SOKAK;sokak;464839050
NİĞDE;MERKEZ;KOYUNLU - BAHÇELİEVLER;BİRKO/16 SOKAK;sokak;342994380
NİĞDE;MERKEZ;KOYUNLU - BAHÇELİEVLER;BİRKO/17 SOKAK;sokak;177681440
NİĞDE;MERKEZ;KOYUNLU - BAHÇELİEVLER;BİRKO/18 SOKAK;sokak;166075410
NİĞDE;MERKEZ;KOYUNLU - BAHÇELİEVLER;BİRKO/19 SOKAK;sokak;762983220
NİĞDE;MERKEZ;KOYUNLU - BAHÇELİEVLER;BİRKO/2 SOKAK;sokak;100335610
NİĞDE;MERKEZ;KOYUNLU - BAHÇELİEVLER;BİRKO/20 SOKAK;sokak;146642390
NİĞDE;MERKEZ;KOYUNLU - BAHÇELİEVLER;BİRKO/21 SOKAK;sokak;921115170
NİĞDE;MERKEZ;KOYUNLU - BAHÇELİEVLER;BİRKO/22 SOKAK;sokak;428467250
NİĞDE;MERKEZ;KOYUNLU - BAHÇELİEVLER;BİRKO/23 SOKAK;sokak;158917650
NİĞDE;MERKEZ;KOYUNLU - BAHÇELİEVLER;BİRKO/24 SOKAK;sokak;132106530
NİĞDE;MERKEZ;KOYUNLU - BAHÇELİEVLER;BİRKO/25 SOKAK;sokak;256001150
NİĞDE;MERKEZ;KOYUNLU - BAHÇELİEVLER;BİRKO/26 SOKAK;sokak;245728280
NİĞDE;MERKEZ;KOYUNLU - BAHÇELİEVLER;BİRKO/27 SOKAK;sokak;185987710
NİĞDE;MERKEZ;KOYUNLU - BAHÇELİEVLER;BİRKO/28 SOKAK;sokak;130059960
NİĞDE;MERKEZ;KOYUNLU - BAHÇELİEVLER;BİRKO/29 SOKAK;sokak;488905110
NİĞDE;MERKEZ;KOYUNLU - BAHÇELİEVLER;BİRKO/3 SOKAK;sokak;106536400
NİĞDE;MERKEZ;KOYUNLU - BAHÇELİEVLER;BİRKO/30 SOKAK;sokak;175378790
NİĞDE;MERKEZ;KOYUNLU - BAHÇELİEVLER;BİRKO/31 SOKAK;sokak;675744670
NİĞDE;MERKEZ;KOYUNLU - BAHÇELİEVLER;BİRKO/32 SOKAK;sokak;963010560
NİĞDE;MERKEZ;KOYUNLU - BAHÇELİEVLER;BİRKO/33 SOKAK;sokak;340259080
NİĞDE;MERKEZ;KOYUNLU - BAHÇELİEVLER;BİRKO/34 SOKAK;sokak;279696090
NİĞDE;MERKEZ;KOYUNLU - BAHÇELİEVLER;BİRKO/35 SOKAK;sokak;199995640
NİĞDE;MERKEZ;KOYUNLU - BAHÇELİEVLER;BİRKO/36 SOKAK;sokak;310322530
NİĞDE;MERKEZ;KOYUNLU - BAHÇELİEVLER;BİRKO/37 SOKAK;sokak;141565740
NİĞDE;MERKEZ;KOYUNLU - BAHÇELİEVLER;BİRKO/38 SOKAK;sokak;217463180
NİĞDE;MERKEZ;KOYUNLU - BAHÇELİEVLER;BİRKO/39 SOKAK;sokak;287509900
NİĞDE;MERKEZ;KOYUNLU - BAHÇELİEVLER;BİRKO/4 SOKAK;sokak;102163800
NİĞDE;MERKEZ;KOYUNLU - BAHÇELİEVLER;BİRKO/40 SOKAK;sokak;959565610
NİĞDE;MERKEZ;KOYUNLU - BAHÇELİEVLER;BİRKO/41 SOKAK;sokak;287847910
NİĞDE;MERKEZ;KOYUNLU - BAHÇELİEVLER;BİRKO/42 SOKAK;sokak;296874230
NİĞDE;MERKEZ;KOYUNLU - BAHÇELİEVLER;BİRKO/43 SOKAK;sokak;879469760
NİĞDE;MERKEZ;KOYUNLU - BAHÇELİEVLER;BİRKO/44 SOKAK;sokak;275819660
NİĞDE;MERKEZ;KOYUNLU - BAHÇELİEVLER;BİRKO/45 SOKAK;sokak;214312000
NİĞDE;MERKEZ;KOYUNLU - BAHÇELİEVLER;BİRKO/5 SOKAK;sokak;123703750
NİĞDE;MERKEZ;KOYUNLU - BAHÇELİEVLER;BİRKO/6 SOKAK;sokak;430374070
NİĞDE;MERKEZ;KOYUNLU - BAHÇELİEVLER;BİRKO/63 SOKAK;sokak;854792850
NİĞDE;MERKEZ;KOYUNLU - BAHÇELİEVLER;BİRKO/7 SOKAK;sokak;760965510
NİĞDE;MERKEZ;KOYUNLU - BAHÇELİEVLER;BİRKO/8 SOKAK;sokak;664735540
NİĞDE;MERKEZ;KOYUNLU - BAHÇELİEVLER;BİRKO/888 SOKAK;sokak;886653100
NİĞDE;MERKEZ;KOYUNLU - BAHÇELİEVLER;BİRKO/9 SOKAK;sokak;173628070
NİĞDE;MERKEZ;KOYUNLU - BAHÇELİEVLER;BİRKO/954 SOKAK;sokak;765437430
NİĞDE;MERKEZ;KOYUNLU - BAHÇELİEVLER;CENGİZHAN SOKAK;sokak;25536
NİĞDE;MERKEZ;KOYUNLU - BAHÇELİEVLER;CUMHURİYET SOKAK;sokak;25537
NİĞDE;MERKEZ;KOYUNLU - BAHÇELİEVLER;CUMHURİYET/1 SOKAK;sokak;149696790
NİĞDE;MERKEZ;KOYUNLU - BAHÇELİEVLER;CUMHURİYET/10 SOKAK;sokak;356960790
NİĞDE;MERKEZ;KOYUNLU - BAHÇELİEVLER;CUMHURİYET/11 SOKAK;sokak;139602570
NİĞDE;MERKEZ;KOYUNLU - BAHÇELİEVLER;CUMHURİYET/3 SOKAK;sokak;184630590
NİĞDE;MERKEZ;KOYUNLU - BAHÇELİEVLER;CUMHURİYET/4 SOKAK;sokak;434885760
NİĞDE;MERKEZ;KOYUNLU - BAHÇELİEVLER;CUMHURİYET/5 SOKAK;sokak;214360500
NİĞDE;MERKEZ;KOYUNLU - BAHÇELİEVLER;CUMHURİYET/6 SOKAK;sokak;233661980
NİĞDE;MERKEZ;KOYUNLU - BAHÇELİEVLER;CUMHURİYET/7 SOKAK;sokak;644965400
NİĞDE;MERKEZ;KOYUNLU - BAHÇELİEVLER;CUMHURİYET/8 SOKAK;sokak;133024760
NİĞDE;MERKEZ;KOYUNLU - BAHÇELİEVLER;ÇAMLICA SOKAK;sokak;25538
NİĞDE;MERKEZ;KOYUNLU - BAHÇELİEVLER;EMİN ALPKAYA SOKAK;sokak;25539
NİĞDE;MERKEZ;KOYUNLU - BAHÇELİEVLER;FATİH SOKAK;sokak;25542
NİĞDE;MERKEZ;KOYUNLU - BAHÇELİEVLER;FATİH/54 SOKAK;sokak;952752440
NİĞDE;MERKEZ;KOYUNLU - BAHÇELİEVLER;FEVZİ ÇAKMAK SOKAK;sokak;25541
NİĞDE;MERKEZ;KOYUNLU - BAHÇELİEVLER;GAZİ OSMANPAŞA SOKAK;sokak;25543
NİĞDE;MERKEZ;KOYUNLU - BAHÇELİEVLER;GAZİ OSMANPAŞA/1 SOKAK;sokak;207203890
NİĞDE;MERKEZ;KOYUNLU - BAHÇELİEVLER;HÜRRİYET SOKAK;sokak;25544
NİĞDE;MERKEZ;KOYUNLU - BAHÇELİEVLER;HÜRRİYET/10 SOKAK;sokak;138589800
NİĞDE;MERKEZ;KOYUNLU - BAHÇELİEVLER;HÜRRİYET/11 SOKAK;sokak;202457830
NİĞDE;MERKEZ;KOYUNLU - BAHÇELİEVLER;HÜRRİYET/2 SOKAK;sokak;223764200
NİĞDE;MERKEZ;KOYUNLU - BAHÇELİEVLER;HÜRRİYET/3 SOKAK;sokak;269504690
NİĞDE;MERKEZ;KOYUNLU - BAHÇELİEVLER;HÜRRİYET/4 SOKAK;sokak;613886820
NİĞDE;MERKEZ;KOYUNLU - BAHÇELİEVLER;HÜRRİYET/5 SOKAK;sokak;263498290
NİĞDE;MERKEZ;KOYUNLU - BAHÇELİEVLER;HÜRRİYET/6 SOKAK;sokak;100925340
NİĞDE;MERKEZ;KOYUNLU - BAHÇELİEVLER;HÜRRİYET/7 SOKAK;sokak;180314760
NİĞDE;MERKEZ;KOYUNLU - BAHÇELİEVLER;HÜRRİYET/8 SOKAK;sokak;132057520
NİĞDE;MERKEZ;KOYUNLU - BAHÇELİEVLER;HÜRRİYET/9 SOKAK;sokak;376300430
NİĞDE;MERKEZ;KOYUNLU - BAHÇELİEVLER;HÜRRİYET12 SOKAK;sokak;148260440
NİĞDE;MERKEZ;KOYUNLU - BAHÇELİEVLER;İSTİKLAL SOKAK;sokak;25545
NİĞDE;MERKEZ;KOYUNLU - BAHÇELİEVLER;İSTİKLAL/1 SOKAK;sokak;648114090
NİĞDE;MERKEZ;KOYUNLU - BAHÇELİEVLER;İSTİKLAL/2 SOKAK;sokak;325179220
NİĞDE;MERKEZ;KOYUNLU - BAHÇELİEVLER;İSTİKLAL/3 SOKAK;sokak;637627440
NİĞDE;MERKEZ;KOYUNLU - BAHÇELİEVLER;İSTİKLAL/7 SOKAK;sokak;891268740
NİĞDE;MERKEZ;KOYUNLU - BAHÇELİEVLER;İSTİKLAL/88 SOKAK;sokak;435694250
NİĞDE;MERKEZ;KOYUNLU - BAHÇELİEVLER;KANUNİ SULTAN SÜLEYMAN SOKAK;sokak;25546
NİĞDE;MERKEZ;KOYUNLU - BAHÇELİEVLER;KARANFİL SOKAK;sokak;25561
NİĞDE;MERKEZ;KOYUNLU - BAHÇELİEVLER;KARDELEN SOKAK;sokak;25560
NİĞDE;MERKEZ;KOYUNLU - BAHÇELİEVLER;KARDELEN/1 SOKAK;sokak;279175410
NİĞDE;MERKEZ;KOYUNLU - BAHÇELİEVLER;KARDELEN/10 SOKAK;sokak;592271570
NİĞDE;MERKEZ;KOYUNLU - BAHÇELİEVLER;KARDELEN/11 SOKAK;sokak;137516560
NİĞDE;MERKEZ;KOYUNLU - BAHÇELİEVLER;KARDELEN/12 SOKAK;sokak;149959630
NİĞDE;MERKEZ;KOYUNLU - BAHÇELİEVLER;KARDELEN/3 SOKAK;sokak;148725680
NİĞDE;MERKEZ;KOYUNLU - BAHÇELİEVLER;KARDELEN/4 SOKAK;sokak;588089570
NİĞDE;MERKEZ;KOYUNLU - BAHÇELİEVLER;KARDELEN/5 SOKAK;sokak;107019360
NİĞDE;MERKEZ;KOYUNLU - BAHÇELİEVLER;KARDELEN/6 SOKAK;sokak;748438970
NİĞDE;MERKEZ;KOYUNLU - BAHÇELİEVLER;KARDELEN/7 SOKAK;sokak;179086580
NİĞDE;MERKEZ;KOYUNLU - BAHÇELİEVLER;KARDELEN/8 SOKAK;sokak;261836810
NİĞDE;MERKEZ;KOYUNLU - BAHÇELİEVLER;KARDELEN/9 SOKAK;sokak;565894430
NİĞDE;MERKEZ;KOYUNLU - BAHÇELİEVLER;KAZIM KARABEKİR SOKAK;sokak;25547
NİĞDE;MERKEZ;KOYUNLU - BAHÇELİEVLER;KAZIM KARABEKİR/22 SOKAK;sokak;704731110
NİĞDE;MERKEZ;KOYUNLU - BAHÇELİEVLER;LALE SOKAK;sokak;25562
NİĞDE;MERKEZ;KOYUNLU - BAHÇELİEVLER;LEYLAK SOKAK;sokak;25563
NİĞDE;MERKEZ;KOYUNLU - BAHÇELİEVLER;MEHMET AKİF ERSOY SOKAK;sokak;25551
NİĞDE;MERKEZ;KOYUNLU - BAHÇELİEVLER;MEŞE SOKAK;sokak;29673
NİĞDE;MERKEZ;KOYUNLU - BAHÇELİEVLER;METEHAN SOKAK;sokak;25548
NİĞDE;MERKEZ;KOYUNLU - BAHÇELİEVLER;MEVLANA SOKAK;sokak;29678
NİĞDE;MERKEZ;KOYUNLU - BAHÇELİEVLER;MİMAR SİNAN SOKAK;sokak;25549
NİĞDE;MERKEZ;KOYUNLU - BAHÇELİEVLER;MİMAR SİNAN/88 SOKAK;sokak;374905390
NİĞDE;MERKEZ;KOYUNLU - BAHÇELİEVLER;MUSTAFA GÖKÇEL SOKAK;sokak;838785
NİĞDE;MERKEZ;KOYUNLU - BAHÇELİEVLER;NAMIK KEMAL SOKAK;sokak;25550
NİĞDE;MERKEZ;KOYUNLU - BAHÇELİEVLER;ORGANİZE SANAYİ BÖLGESİ 17 CADDE;cadde;634357540
NİĞDE;MERKEZ;KOYUNLU - BAHÇELİEVLER;ORGANİZE SANAYİ BÖLGESİ 18 CADDE;cadde;446800310
NİĞDE;MERKEZ;KOYUNLU - BAHÇELİEVLER;ORGANİZE SANAYİ BÖLGESİ 19 CADDE;cadde;587475100
NİĞDE;MERKEZ;KOYUNLU - BAHÇELİEVLER;ORGANİZE SANAYİ BÖLGESİ 20 CADDE;cadde;698818110
NİĞDE;MERKEZ;KOYUNLU - BAHÇELİEVLER;ORGANİZE SANAYİ BÖLGESİ 21 CADDE;cadde;697286990
NİĞDE;MERKEZ;KOYUNLU - BAHÇELİEVLER;ORGANİZE SANAYİ BÖLGESİ 23 CADDE;cadde;421467791
NİĞDE;MERKEZ;KOYUNLU - BAHÇELİEVLER;ORGANİZE SANAYİ BÖLGESİ 24 CADDE;cadde;114032431
NİĞDE;MERKEZ;KOYUNLU - BAHÇELİEVLER;ORGANİZE SANAYİ BÖLGESİ 25 CADDE;cadde;871684231
NİĞDE;MERKEZ;KOYUNLU - BAHÇELİEVLER;ORGANİZE SANAYİ BÖLGESİ 26 CADDE;cadde;686571701
NİĞDE;MERKEZ;KOYUNLU - BAHÇELİEVLER;ORGANİZE SANAYİ BÖLGESİ 27 CADDE;cadde;130570541
NİĞDE;MERKEZ;KOYUNLU - BAHÇELİEVLER;ORGANİZE SANAYİ BÖLGESİ 28 CADDE;cadde;451048581
NİĞDE;MERKEZ;KOYUNLU - BAHÇELİEVLER;ORGANİZE SANAYİ BÖLGESİ 29 CADDE;cadde;398842261
NİĞDE;MERKEZ;KOYUNLU - BAHÇELİEVLER;ORGANİZE SANAYİ BÖLGESİ 30 CADDE;cadde;884679981
NİĞDE;MERKEZ;KOYUNLU - BAHÇELİEVLER;ORGANİZE SANAYİ BÖLGESİ 31 SOKAK;sokak;513936191
NİĞDE;MERKEZ;KOYUNLU - BAHÇELİEVLER;ORGANİZE SANAYİ BÖLGESİ 32 SOKAK;sokak;211198051
NİĞDE;MERKEZ;KOYUNLU - BAHÇELİEVLER;ORGANİZE SANAYİ BÖLGESİ 33 SOKAK;sokak;292859471
NİĞDE;MERKEZ;KOYUNLU - BAHÇELİEVLER;ORGANİZE SANAYİ BÖLGESİ 34 SOKAK;sokak;742817421
NİĞDE;MERKEZ;KOYUNLU - BAHÇELİEVLER;ORGANİZE SANAYİ BÖLGESİ KOYUNLU CADDE;cadde;968156341
NİĞDE;MERKEZ;KOYUNLU - BAHÇELİEVLER;OSMANBEY SOKAK;sokak;29677
NİĞDE;MERKEZ;KOYUNLU - BAHÇELİEVLER;OSMANLI SOKAK;sokak;25552
NİĞDE;MERKEZ;KOYUNLU - BAHÇELİEVLER;PAPATYA SOKAK;sokak;25565
NİĞDE;MERKEZ;KOYUNLU - BAHÇELİEVLER;PAPATYA/1 SOKAK;sokak;219217700
NİĞDE;MERKEZ;KOYUNLU - BAHÇELİEVLER;PAPATYA/2 SOKAK;sokak;221143420
NİĞDE;MERKEZ;KOYUNLU - BAHÇELİEVLER;PİRİ REİS SOKAK;sokak;29679
NİĞDE;MERKEZ;KOYUNLU - BAHÇELİEVLER;ŞAİR BAKİ SOKAK;sokak;29680
NİĞDE;MERKEZ;KOYUNLU - BAHÇELİEVLER;ŞEHİT CEMAL ÖZEN SOKAK;sokak;25534
NİĞDE;MERKEZ;KOYUNLU - BAHÇELİEVLER;ŞEHİT CEMAL ÖZEN/88 SOKAK;sokak;941260590
NİĞDE;MERKEZ;KOYUNLU - BAHÇELİEVLER;TİMURLENK SOKAK;sokak;25554
NİĞDE;MERKEZ;KOYUNLU - BAHÇELİEVLER;TİMURLENK/89 SOKAK;sokak;760416150
NİĞDE;MERKEZ;KOYUNLU - BAHÇELİEVLER;TUĞRULBEY SOKAK;sokak;25553
NİĞDE;MERKEZ;KOYUNLU - BAHÇELİEVLER;TURGUT REİS SOKAK;sokak;25567
NİĞDE;MERKEZ;KOYUNLU - BAHÇELİEVLER;ULUBATLI HASAN SOKAK;sokak;25555
NİĞDE;MERKEZ;KOYUNLU - BAHÇELİEVLER;YAVUZ SULTAN SELIM SOKAK;sokak;104083000
NİĞDE;MERKEZ;KOYUNLU - BAHÇELİEVLER;YENİ FERTEK SOKAK;sokak;25540
NİĞDE;MERKEZ;KOYUNLU - BAHÇELİEVLER;YENİ FERTEK/1 SOKAK;sokak;148971100
NİĞDE;MERKEZ;KOYUNLU - BAHÇELİEVLER;YENİ FERTEK/10 SOKAK;sokak;900345960
NİĞDE;MERKEZ;KOYUNLU - BAHÇELİEVLER;YENİ FERTEK/3 SOKAK;sokak;214340630
NİĞDE;MERKEZ;KOYUNLU - BAHÇELİEVLER;YENİ FERTEK/4 SOKAK;sokak;105903130
NİĞDE;MERKEZ;KOYUNLU - BAHÇELİEVLER;YENİ FERTEK/5 SOKAK;sokak;422851630
NİĞDE;MERKEZ;KOYUNLU - BAHÇELİEVLER;YENİ FERTEK/6 SOKAK;sokak;146106200
NİĞDE;MERKEZ;KOYUNLU - BAHÇELİEVLER;YENİ FERTEK/7 SOKAK;sokak;169927370
NİĞDE;MERKEZ;KOYUNLU - BAHÇELİEVLER;YENİ FERTEK/8 SOKAK;sokak;969613210
NİĞDE;MERKEZ;KOYUNLU - BAHÇELİEVLER;YENİ FERTEK/80 SOKAK;sokak;286602230
NİĞDE;MERKEZ;KOYUNLU - BAHÇELİEVLER;YENİ FERTEK/81 SOKAK;sokak;313343370
NİĞDE;MERKEZ;KOYUNLU - BAHÇELİEVLER;YENİ FERTEK/82 SOKAK;sokak;162472800
NİĞDE;MERKEZ;KOYUNLU - BAHÇELİEVLER;YENİ FERTEK/83 SOKAK;sokak;398555980
NİĞDE;MERKEZ;KOYUNLU - BAHÇELİEVLER;YENİ FERTEK/84 SOKAK;sokak;705919610
NİĞDE;MERKEZ;KOYUNLU - BAHÇELİEVLER;YENİ FERTEK/85 SOKAK;sokak;151503370
NİĞDE;MERKEZ;KOYUNLU - BAHÇELİEVLER;YENİ FERTEK/9 SOKAK;sokak;129662710
NİĞDE;MERKEZ;KOYUNLU - BAHÇELİEVLER;YILDIRIM BEYAZIT SOKAK;sokak;25557
NİĞDE;MERKEZ;KOYUNLU - BAHÇELİEVLER;ZAFER/9 SOKAK;sokak;262908330
NİĞDE;MERKEZ;KOYUNLU - BAHÇELİEVLEROSB;BİRKO CADDE;cadde;812316
NİĞDE;MERKEZ;KOYUNLU - BAHÇELİEVLEROSB;BOR SOKAK;sokak;812317
NİĞDE;MERKEZ;KOYUNLU - BAHÇELİEVLEROSB;ORGANİZE SANAYİ BÖLGESİ 13 SOKAK;sokak;22138515
NİĞDE;MERKEZ;KOYUNLU - BAHÇELİEVLEROSB;ORGANİZE SANAYİ BÖLGESİ 14 SOKAK;sokak;22598015
NİĞDE;MERKEZ;KOYUNLU - BAHÇELİEVLEROSB;ORGANİZE SANAYİ BÖLGESİ 15 SOKAK;sokak;36956175
NİĞDE;MERKEZ;KOYUNLU - BAHÇELİEVLEROSB;ORGANİZE SANAYİ BÖLGESİ 16 SOKAK;sokak;96217500
NİĞDE;MERKEZ;KOYUNLU - ORTA;1. SİVRİCEK/1 SOKAK;sokak;995477880
NİĞDE;MERKEZ;KOYUNLU - ORTA;1. SİVRİCEK/3 SOKAK;sokak;670930540
NİĞDE;MERKEZ;KOYUNLU - ORTA;1.SİVRİCEK SOKAK;sokak;24523
NİĞDE;MERKEZ;KOYUNLU - ORTA;2. SİVRİCEK SOKAK;sokak;24533
NİĞDE;MERKEZ;KOYUNLU - ORTA;ADİLEFENDİ SOKAK;sokak;210994451
NİĞDE;MERKEZ;KOYUNLU - ORTA;ADİLEFENDİ/4 SOKAK;sokak;257952041
NİĞDE;MERKEZ;KOYUNLU - ORTA;ADİLEFENDİ/6 SOKAK;sokak;238290471
NİĞDE;MERKEZ;KOYUNLU - ORTA;ADİLEFENDİ/7 SOKAK;sokak;360882351
NİĞDE;MERKEZ;KOYUNLU - ORTA;AŞAĞI TAŞKENT SOKAK;sokak;24524
NİĞDE;MERKEZ;KOYUNLU - ORTA;AŞAĞI TAŞKENT/1 SOKAK;sokak;24526
NİĞDE;MERKEZ;KOYUNLU - ORTA;AŞAĞI TAŞKENT/2 SOKAK;sokak;195463320
NİĞDE;MERKEZ;KOYUNLU - ORTA;BARAJ SOKAK;sokak;473985
NİĞDE;MERKEZ;KOYUNLU - ORTA;CEMELE SOKAK;sokak;366226
NİĞDE;MERKEZ;KOYUNLU - ORTA;CEMELE/1 SOKAK;sokak;576729250
NİĞDE;MERKEZ;KOYUNLU - ORTA;CEMELE/2 SOKAK;sokak;919033850
NİĞDE;MERKEZ;KOYUNLU - ORTA;CEMELE/3 SOKAK;sokak;714166480
NİĞDE;MERKEZ;KOYUNLU - ORTA;CEMELE/4 SOKAK;sokak;741646410
NİĞDE;MERKEZ;KOYUNLU - ORTA;ÇAY SOKAK;sokak;24895
NİĞDE;MERKEZ;KOYUNLU - ORTA;DADANLAR SOKAK;sokak;593437720
NİĞDE;MERKEZ;KOYUNLU - ORTA;FEROĞLU SOKAK;sokak;24896
NİĞDE;MERKEZ;KOYUNLU - ORTA;FEROĞLU/1 SOKAK;sokak;828761450
NİĞDE;MERKEZ;KOYUNLU - ORTA;GALA MEYDANI SOKAK;sokak;24530
NİĞDE;MERKEZ;KOYUNLU - ORTA;GALA SOKAK;sokak;473993
NİĞDE;MERKEZ;KOYUNLU - ORTA;GÜLERMAN SOKAK;sokak;419554441
NİĞDE;MERKEZ;KOYUNLU - ORTA;GÜMÜŞ SOKAK;sokak;492940930
NİĞDE;MERKEZ;KOYUNLU - ORTA;GÜVEN SOKAK;sokak;366227
NİĞDE;MERKEZ;KOYUNLU - ORTA;HACI BABA ÇIKMAZI SOKAK;sokak;24529
NİĞDE;MERKEZ;KOYUNLU - ORTA;İĞCİLER SOKAK;sokak;151260301
NİĞDE;MERKEZ;KOYUNLU - ORTA;KARAELLER SOKAK;sokak;366225
NİĞDE;MERKEZ;KOYUNLU - ORTA;KÖSELER SOKAK;sokak;473980
NİĞDE;MERKEZ;KOYUNLU - ORTA;KÖSELER/1 SOKAK;sokak;392216500
NİĞDE;MERKEZ;KOYUNLU - ORTA;KURTULUŞ SOKAK;sokak;253961510
NİĞDE;MERKEZ;KOYUNLU - ORTA;KURTULUŞ11 SOKAK;sokak;317190160
NİĞDE;MERKEZ;KOYUNLU - ORTA;KÜÇÜKKÖY SOKAK;sokak;880831590
NİĞDE;MERKEZ;KOYUNLU - ORTA;MERCANLAR/1 SOKAK;sokak;983429261
NİĞDE;MERKEZ;KOYUNLU - ORTA;NİĞDE SOKAK;sokak;473981
NİĞDE;MERKEZ;KOYUNLU - ORTA;SEFERLER SOKAK;sokak;366228
NİĞDE;MERKEZ;KOYUNLU - ORTA;ŞEHİT HAKAN ÜNVER SOKAK;sokak;473982
NİĞDE;MERKEZ;KOYUNLU - ORTA;ŞENER SOKAK;sokak;645489020
NİĞDE;MERKEZ;KOYUNLU - ORTA;TUNÇLAR SOKAK;sokak;485842
NİĞDE;MERKEZ;KOYUNLU - ORTA;YAYLA SOKAK;sokak;366229
NİĞDE;MERKEZ;KOYUNLU - ORTA;YUKARI TAŞKENT SOKAK;sokak;24532
NİĞDE;MERKEZ;KOYUNLU - YUKARI;ARSLAN SOKAK;sokak;366230
NİĞDE;MERKEZ;KOYUNLU - YUKARI;AYDIN SOKAK;sokak;486743
NİĞDE;MERKEZ;KOYUNLU - YUKARI;AYDOĞAN SOKAK;sokak;481062
NİĞDE;MERKEZ;KOYUNLU - YUKARI;DADANLAR SOKAK;sokak;24899
NİĞDE;MERKEZ;KOYUNLU - YUKARI;DEĞİRMEN SOKAK;sokak;479449
NİĞDE;MERKEZ;KOYUNLU - YUKARI;DEĞİRMEN/1 SOKAK;sokak;723091070
NİĞDE;MERKEZ;KOYUNLU - YUKARI;DEĞİRMEN/3 SOKAK;sokak;743504710
NİĞDE;MERKEZ;KOYUNLU - YUKARI;DEĞİRMEN/4 SOKAK;sokak;335712820
NİĞDE;MERKEZ;KOYUNLU - YUKARI;DEĞİRMEN/9 SOKAK;sokak;615586230
NİĞDE;MERKEZ;KOYUNLU - YUKARI;DEVECİ SOKAK;sokak;366231
NİĞDE;MERKEZ;KOYUNLU - YUKARI;ESENEVLER SOKAK;sokak;920696
NİĞDE;MERKEZ;KOYUNLU - YUKARI;GÖKSU SOKAK;sokak;350435380
NİĞDE;MERKEZ;KOYUNLU - YUKARI;GÜLERMAN SOKAK;sokak;482854
NİĞDE;MERKEZ;KOYUNLU - YUKARI;GÜLERMAN/1 SOKAK;sokak;324150690
NİĞDE;MERKEZ;KOYUNLU - YUKARI;GÜMÜŞ SOKAK;sokak;390430880
NİĞDE;MERKEZ;KOYUNLU - YUKARI;HATİPOĞLU SOKAK;sokak;491066
NİĞDE;MERKEZ;KOYUNLU - YUKARI;KURTULUŞ SOKAK;sokak;113627
NİĞDE;MERKEZ;KOYUNLU - YUKARI;KÜÇÜKKÖY SOKAK;sokak;24901
NİĞDE;MERKEZ;KOYUNLU - YUKARI;KÜÇÜKKÖY/1 SOKAK;sokak;988809820
NİĞDE;MERKEZ;KOYUNLU - YUKARI;KÜÇÜKKÖY/2 SOKAK;sokak;482456330
NİĞDE;MERKEZ;KOYUNLU - YUKARI;KÜÇÜKKÖY/3 SOKAK;sokak;917754030
NİĞDE;MERKEZ;KOYUNLU - YUKARI;KÜÇÜKKÖY/4 SOKAK;sokak;666921460
NİĞDE;MERKEZ;KOYUNLU - YUKARI;KÜÇÜKKÖY/5 SOKAK;sokak;512510070
NİĞDE;MERKEZ;KOYUNLU - YUKARI;KÜÇÜKKÖY/6 SOKAK;sokak;888914600
NİĞDE;MERKEZ;KOYUNLU - YUKARI;KÜÇÜKKÖY/7 SOKAK;sokak;489397140
NİĞDE;MERKEZ;KOYUNLU - YUKARI;KÜÇÜKKÖY/8 SOKAK;sokak;967224910
NİĞDE;MERKEZ;KOYUNLU - YUKARI;MERCANLAR SOKAK;sokak;366232
NİĞDE;MERKEZ;KOYUNLU - YUKARI;MERCANLAR/1 SOKAK;sokak;983429260
NİĞDE;MERKEZ;KOYUNLU - YUKARI;MEZARLIK SOKAK;sokak;481813
NİĞDE;MERKEZ;KOYUNLU - YUKARI;MEZARLIK/1 SOKAK;sokak;111989000
NİĞDE;MERKEZ;KOYUNLU - YUKARI;MEZARLIK/2 SOKAK;sokak;156968830
NİĞDE;MERKEZ;KOYUNLU - YUKARI;NİĞDE SOKAK;sokak;24903
NİĞDE;MERKEZ;KOYUNLU - YUKARI;NİĞDE/1 SOKAK;sokak;546741710
NİĞDE;MERKEZ;KOYUNLU - YUKARI;NİĞDE/16 SOKAK;sokak;493867330
NİĞDE;MERKEZ;KOYUNLU - YUKARI;NİĞDE/17 SOKAK;sokak;706490410
NİĞDE;MERKEZ;KOYUNLU - YUKARI;NİĞDE/2 SOKAK;sokak;150438050
NİĞDE;MERKEZ;KOYUNLU - YUKARI;NİĞDE/3 SOKAK;sokak;986134660
NİĞDE;MERKEZ;KOYUNLU - YUKARI;NİĞDE/4 SOKAK;sokak;823079010
NİĞDE;MERKEZ;KOYUNLU - YUKARI;NİĞDE/5 SOKAK;sokak;371134040
NİĞDE;MERKEZ;KOYUNLU - YUKARI;NİĞDE/6 SOKAK;sokak;278798080
NİĞDE;MERKEZ;KOYUNLU - YUKARI;NİĞDE/7 SOKAK;sokak;234806680
NİĞDE;MERKEZ;KOYUNLU - YUKARI;OKUL SOKAK;sokak;479444
NİĞDE;MERKEZ;KOYUNLU - YUKARI;OKUL/1 SOKAK;sokak;603214370
NİĞDE;MERKEZ;KOYUNLU - YUKARI;OKUL/2 SOKAK;sokak;335205370
NİĞDE;MERKEZ;KOYUNLU - YUKARI;OKUL/3 SOKAK;sokak;865399620
NİĞDE;MERKEZ;KOYUNLU - YUKARI;OKUL/4 SOKAK;sokak;900129230
NİĞDE;MERKEZ;KOYUNLU - YUKARI;OKUL/5 SOKAK;sokak;388056100
NİĞDE;MERKEZ;KOYUNLU - YUKARI;ORTAOKUL SOKAK;sokak;142617960
NİĞDE;MERKEZ;KOYUNLU - YUKARI;ÖZDEN SOKAK;sokak;370615
NİĞDE;MERKEZ;KOYUNLU - YUKARI;RAUF BEY SOKAK;sokak;480573
NİĞDE;MERKEZ;KOYUNLU - YUKARI;RAUF BEY/1 SOKAK;sokak;739106220
NİĞDE;MERKEZ;KOYUNLU - YUKARI;SAFİR SOKAK;sokak;480467
NİĞDE;MERKEZ;KOYUNLU - YUKARI;SAFİR/1 SOKAK;sokak;202768200
NİĞDE;MERKEZ;KOYUNLU - YUKARI;SAFİR/3 SOKAK;sokak;961622350
NİĞDE;MERKEZ;KOYUNLU - YUKARI;SALTA SOKAK;sokak;481809
NİĞDE;MERKEZ;KOYUNLU - YUKARI;SALTA/1 SOKAK;sokak;480635640
NİĞDE;MERKEZ;KOYUNLU - YUKARI;SARIYER SOKAK;sokak;481367
NİĞDE;MERKEZ;KOYUNLU - YUKARI;SARIYER/1 SOKAK;sokak;354182430
NİĞDE;MERKEZ;KOYUNLU - YUKARI;SARIYER/2 SOKAK;sokak;297253710
NİĞDE;MERKEZ;KOYUNLU - YUKARI;SARIYER/3 SOKAK;sokak;205828050
NİĞDE;MERKEZ;KOYUNLU - YUKARI;SEKİLER SOKAK;sokak;24904
NİĞDE;MERKEZ;KOYUNLU - YUKARI;SEKİLER/1 SOKAK;sokak;334759550
NİĞDE;MERKEZ;KOYUNLU - YUKARI;SELÇUKLU SOKAK;sokak;481810
NİĞDE;MERKEZ;KOYUNLU - YUKARI;SELÇUKLU/1 SOKAK;sokak;247520810
NİĞDE;MERKEZ;KOYUNLU - YUKARI;SELÇUKLU/2 SOKAK;sokak;379086960
NİĞDE;MERKEZ;KOYUNLU - YUKARI;ŞENER SOKAK;sokak;481059
NİĞDE;MERKEZ;KOYUNLU - YUKARI;TEPE SOKAK;sokak;483405
NİĞDE;MERKEZ;KOYUNLU - YUKARI;TEPE/1 SOKAK;sokak;286597610
NİĞDE;MERKEZ;KOYUNLU - YUKARI;TEPE/2 SOKAK;sokak;203915870
NİĞDE;MERKEZ;KOYUNLU - YUKARI;TEPE/3 SOKAK;sokak;338382100
NİĞDE;MERKEZ;KOYUNLU - YUKARI;TOMLAR SOKAK;sokak;366233
NİĞDE;MERKEZ;KOYUNLU - YUKARI;YAKA SOKAK;sokak;370604
NİĞDE;MERKEZ;KOYUNLU - YUKARI;YAKA/1 SOKAK;sokak;507920680
NİĞDE;MERKEZ;KOYUNLU - YUKARI;YAKA/2 SOKAK;sokak;694300490
NİĞDE;MERKEZ;KOYUNLU - YUKARI;YAKUT SOKAK;sokak;480468
NİĞDE;MERKEZ;KOYUNLU - YUKARI;YAYLA SOKAK;sokak;479437
NİĞDE;MERKEZ;KÖMÜRCÜ NA;KÜME1 KÜME EVLER;sokak;1300667
NİĞDE;MERKEZ;KÖMÜRCÜ NA;KÜME2 KÜME EVLER;sokak;226415340
NİĞDE;MERKEZ;KUMLUCA;21 EVLER KÜME EVLER;sokak;507040
NİĞDE;MERKEZ;KUMLUCA;4000 SOKAK;sokak;125673921
NİĞDE;MERKEZ;KUMLUCA;4001 SOKAK;sokak;410395041
NİĞDE;MERKEZ;KUMLUCA;4002 SOKAK;sokak;610289161
NİĞDE;MERKEZ;KUMLUCA;4003 SOKAK;sokak;386683311
NİĞDE;MERKEZ;KUMLUCA;4004 SOKAK;sokak;485988331
NİĞDE;MERKEZ;KUMLUCA;4005 SOKAK;sokak;619323561
NİĞDE;MERKEZ;KUMLUCA;4006 SOKAK;sokak;215723261
NİĞDE;MERKEZ;KUMLUCA;4007 SOKAK;sokak;788992341
NİĞDE;MERKEZ;KUMLUCA;4008 SOKAK;sokak;818408371
NİĞDE;MERKEZ;KUMLUCA;4009 SOKAK;sokak;405747741
NİĞDE;MERKEZ;KUMLUCA;4010 SOKAK;sokak;730218671
NİĞDE;MERKEZ;KUMLUCA;4011 SOKAK;sokak;546446201
NİĞDE;MERKEZ;KUMLUCA;4012 SOKAK;sokak;859551511
NİĞDE;MERKEZ;KUMLUCA;4013 SOKAK;sokak;596540201
NİĞDE;MERKEZ;KUMLUCA;4014 SOKAK;sokak;457381761
NİĞDE;MERKEZ;KUMLUCA;4015 SOKAK;sokak;144066311
NİĞDE;MERKEZ;KUMLUCA;4016 SOKAK;sokak;463414001
NİĞDE;MERKEZ;KUMLUCA;4017 SOKAK;sokak;829093591
NİĞDE;MERKEZ;KUMLUCA;4018 SOKAK;sokak;490178661
NİĞDE;MERKEZ;KUMLUCA;4019 SOKAK;sokak;735737921
NİĞDE;MERKEZ;KUMLUCA;4020 SOKAK;sokak;357954001
NİĞDE;MERKEZ;KUMLUCA;4021 SOKAK;sokak;684354601
NİĞDE;MERKEZ;KUMLUCA;4022 SOKAK;sokak;318080821
NİĞDE;MERKEZ;KUMLUCA;4023 SOKAK;sokak;192913501
NİĞDE;MERKEZ;KUMLUCA;75. YIL CADDE;cadde;713082901
NİĞDE;MERKEZ;KUMLUCA;AKİL SOKAK;sokak;1096466
NİĞDE;MERKEZ;KUMLUCA;ARAVAN YOLU SOKAK;sokak;752867811
NİĞDE;MERKEZ;KUMLUCA;ATAK SOKAK SOKAK;sokak;534816
NİĞDE;MERKEZ;KUMLUCA;BAĞLAR SOKAK;sokak;1096458
NİĞDE;MERKEZ;KUMLUCA;BENGÜ SOKAK;sokak;1097000
NİĞDE;MERKEZ;KUMLUCA;BEREKETLİ SOKAK;sokak;1099240
NİĞDE;MERKEZ;KUMLUCA;BEREKETLİ1 SOKAK;sokak;367757731
NİĞDE;MERKEZ;KUMLUCA;BİLGE SOKAK;sokak;1107314
NİĞDE;MERKEZ;KUMLUCA;BUKET SOKAK;sokak;1107227
NİĞDE;MERKEZ;KUMLUCA;CİHAT SOKAK;sokak;531250
NİĞDE;MERKEZ;KUMLUCA;ÇAKIR SOKAK;sokak;267662121
NİĞDE;MERKEZ;KUMLUCA;ÇATALÇEŞME SOKAK;sokak;1100234
NİĞDE;MERKEZ;KUMLUCA;ÇEŞMEBAŞI SOKAK;sokak;1096179
NİĞDE;MERKEZ;KUMLUCA;DURU SOKAK;sokak;1096460
NİĞDE;MERKEZ;KUMLUCA;FUNDA SOKAK;sokak;542200
NİĞDE;MERKEZ;KUMLUCA;GAZETECİ İSMET SAYIN CADDE;cadde;947681321
NİĞDE;MERKEZ;KUMLUCA;GELİNCİK SOKAK;sokak;1096464
NİĞDE;MERKEZ;KUMLUCA;GELİNCİK1 SOKAK;sokak;340092661
NİĞDE;MERKEZ;KUMLUCA;GELİNCİK2 SOKAK;sokak;822124161
NİĞDE;MERKEZ;KUMLUCA;GELİNCİK3 SOKAK;sokak;856133471
NİĞDE;MERKEZ;KUMLUCA;GÖKKUŞAĞI SOKAK;sokak;1115594
NİĞDE;MERKEZ;KUMLUCA;GÜLŞEN SOKAK;sokak;530071
NİĞDE;MERKEZ;KUMLUCA;HASTANELER CADDE;cadde;1288779
NİĞDE;MERKEZ;KUMLUCA;HATIRA SOKAK;sokak;921119541
NİĞDE;MERKEZ;KUMLUCA;HIZIR SOKAK;sokak;1040208
NİĞDE;MERKEZ;KUMLUCA;HİLAL SOKAK;sokak;1097135
NİĞDE;MERKEZ;KUMLUCA;İLAYDA SOKAK;sokak;534817
NİĞDE;MERKEZ;KUMLUCA;İLİM SOKAK;sokak;1097137
NİĞDE;MERKEZ;KUMLUCA;İNCİ SOKAK;sokak;1097004
NİĞDE;MERKEZ;KUMLUCA;KINALI SOKAK;sokak;1065369
NİĞDE;MERKEZ;KUMLUCA;KONAK SOKAK;sokak;418296561
NİĞDE;MERKEZ;KUMLUCA;KURDUNUS SOKAK;sokak;1065353
NİĞDE;MERKEZ;KUMLUCA;MEHMET AKİF ERSOY CADDE;cadde;540726
NİĞDE;MERKEZ;KUMLUCA;MELIKE SOKAK;sokak;542203
NİĞDE;MERKEZ;KUMLUCA;MELİKE SOKAK;sokak;529214
NİĞDE;MERKEZ;KUMLUCA;MEVSİM SOKAK;sokak;1115598
NİĞDE;MERKEZ;KUMLUCA;ÖZDEŞ SOKAK;sokak;529210
NİĞDE;MERKEZ;KUMLUCA;SERÇE SOKAK;sokak;1096456
NİĞDE;MERKEZ;KUMLUCA;ŞEHİT RAMAZAN ALKAN SOKAK;sokak;302031601
NİĞDE;MERKEZ;KUMLUCA;ŞİFA SOKAK;sokak;1040206
NİĞDE;MERKEZ;KUMLUCA;ŞİFA1 SOKAK;sokak;370945541
NİĞDE;MERKEZ;KUMLUCA;ŞİFA2 SOKAK;sokak;590063791
NİĞDE;MERKEZ;KUMLUCA;ŞİFA3 SOKAK;sokak;630809801
NİĞDE;MERKEZ;KUMLUCA;TUNA SOKAK;sokak;1097002
NİĞDE;MERKEZ;KUMLUCA;TUNA1 SOKAK;sokak;549850071
NİĞDE;MERKEZ;KUMLUCA;YAPRAK SOKAK;sokak;1096988
NİĞDE;MERKEZ;KUMLUCA;YASİN SOKAK;sokak;1107599
NİĞDE;MERKEZ;KÜÇÜKKÖY NA;KÜÇÜKKÖY KÜME EVLER;sokak;485482
NİĞDE;MERKEZ;NAR;1000 SOKAK;sokak;837853941
NİĞDE;MERKEZ;NAR;1001 SOKAK;sokak;569844951
NİĞDE;MERKEZ;NAR;1002 SOKAK;sokak;403054761
NİĞDE;MERKEZ;NAR;1003 SOKAK;sokak;978060531
NİĞDE;MERKEZ;NAR;1004 SOKAK;sokak;364052981
NİĞDE;MERKEZ;NAR;1005 SOKAK;sokak;361326111
NİĞDE;MERKEZ;NAR;1006 SOKAK;sokak;329921821
NİĞDE;MERKEZ;NAR;1007 SOKAK;sokak;532723401
NİĞDE;MERKEZ;NAR;1008 SOKAK;sokak;979075701
NİĞDE;MERKEZ;NAR;1009 SOKAK;sokak;379767761
NİĞDE;MERKEZ;NAR;1010 SOKAK;sokak;882834111
NİĞDE;MERKEZ;NAR;1011 SOKAK;sokak;305419991
NİĞDE;MERKEZ;NAR;1012 SOKAK;sokak;923691801
NİĞDE;MERKEZ;NAR;122. SOKAK;sokak;963991590
NİĞDE;MERKEZ;NAR;124. SOKAK;sokak;639608
NİĞDE;MERKEZ;NAR;126. SOKAK;sokak;26791
NİĞDE;MERKEZ;NAR;128 SOKAK;sokak;220478721
NİĞDE;MERKEZ;NAR;130 SOKAK;sokak;26793
NİĞDE;MERKEZ;NAR;132. SOKAK;sokak;26794
NİĞDE;MERKEZ;NAR;134. SOKAK;sokak;488631
NİĞDE;MERKEZ;NAR;136 SOKAK;sokak;136744451
NİĞDE;MERKEZ;NAR;138. SOKAK;sokak;533420
NİĞDE;MERKEZ;NAR;140 SOKAK;sokak;849190
NİĞDE;MERKEZ;NAR;142 SOKAK;sokak;492259
NİĞDE;MERKEZ;NAR;167. SOKAK;sokak;784374
NİĞDE;MERKEZ;NAR;169. SOKAK;sokak;642367
NİĞDE;MERKEZ;NAR;173. SOKAK;sokak;644121
NİĞDE;MERKEZ;NAR;175. SOKAK;sokak;27140
NİĞDE;MERKEZ;NAR;177 SOKAK;sokak;37235
NİĞDE;MERKEZ;NAR;179 SOKAK;sokak;37260
NİĞDE;MERKEZ;NAR;181 SOKAK;sokak;402870
NİĞDE;MERKEZ;NAR;183 SOKAK;sokak;476497
NİĞDE;MERKEZ;NAR;185 SOKAK;sokak;476499
NİĞDE;MERKEZ;NAR;187 SOKAK;sokak;357519
NİĞDE;MERKEZ;NAR;189. SOKAK;sokak;27141
NİĞDE;MERKEZ;NAR;191 SOKAK;sokak;38062
NİĞDE;MERKEZ;NAR;270 SOKAK;sokak;105893641
NİĞDE;MERKEZ;NAR;272 SOKAK;sokak;219587231
NİĞDE;MERKEZ;NAR;274 SOKAK;sokak;734701301
NİĞDE;MERKEZ;NAR;276 SOKAK;sokak;742753061
NİĞDE;MERKEZ;NAR;278 SOKAK;sokak;447900531
NİĞDE;MERKEZ;NAR;280 SOKAK;sokak;770837561
NİĞDE;MERKEZ;NAR;282 SOKAK;sokak;539681291
NİĞDE;MERKEZ;NAR;284 SOKAK;sokak;715925621
NİĞDE;MERKEZ;NAR;286 SOKAK;sokak;975658731
NİĞDE;MERKEZ;NAR;288 SOKAK;sokak;258659241
NİĞDE;MERKEZ;NAR;290 SOKAK;sokak;669448851
NİĞDE;MERKEZ;NAR;291 SOKAK;sokak;642322341
NİĞDE;MERKEZ;NAR;292 SOKAK;sokak;228650911
NİĞDE;MERKEZ;NAR;293 SOKAK;sokak;985518721
NİĞDE;MERKEZ;NAR;294 SOKAK;sokak;860202941
NİĞDE;MERKEZ;NAR;295 SOKAK;sokak;208108831
NİĞDE;MERKEZ;NAR;296 SOKAK;sokak;575434641
NİĞDE;MERKEZ;NAR;297 SOKAK;sokak;453747581
NİĞDE;MERKEZ;NAR;298 SOKAK;sokak;788731891
NİĞDE;MERKEZ;NAR;299 CADDE;cadde;173172801
NİĞDE;MERKEZ;NAR;300 CADDE;cadde;885253731
NİĞDE;MERKEZ;NAR;301 SOKAK;sokak;330355101
NİĞDE;MERKEZ;NAR;303 SOKAK;sokak;209364151
NİĞDE;MERKEZ;NAR;306 SOKAK;sokak;832531791
NİĞDE;MERKEZ;NAR;307 CADDE;cadde;974409291
NİĞDE;MERKEZ;NAR;308 CADDE;cadde;557938891
NİĞDE;MERKEZ;NAR;309 SOKAK;sokak;392661761
NİĞDE;MERKEZ;NAR;310 SOKAK;sokak;378171861
NİĞDE;MERKEZ;NAR;311 SOKAK;sokak;162596401
NİĞDE;MERKEZ;NAR;312 SOKAK;sokak;255408811
NİĞDE;MERKEZ;NAR;313 SOKAK;sokak;406124831
NİĞDE;MERKEZ;NAR;314 SOKAK;sokak;349465411
NİĞDE;MERKEZ;NAR;315 SOKAK;sokak;887335551
NİĞDE;MERKEZ;NAR;316 CADDE;cadde;515495661
NİĞDE;MERKEZ;NAR;317 SOKAK;sokak;275079951
NİĞDE;MERKEZ;NAR;318 SOKAK;sokak;176674451
NİĞDE;MERKEZ;NAR;319 SOKAK;sokak;262800731
NİĞDE;MERKEZ;NAR;320 SOKAK;sokak;119930371
NİĞDE;MERKEZ;NAR;321 SOKAK;sokak;234947921
NİĞDE;MERKEZ;NAR;322 SOKAK;sokak;260471001
NİĞDE;MERKEZ;NAR;323 SOKAK;sokak;808376101
NİĞDE;MERKEZ;NAR;324 SOKAK;sokak;784940101
NİĞDE;MERKEZ;NAR;400 CADDE;cadde;599777851
NİĞDE;MERKEZ;NAR;401 CADDE;cadde;533788811
NİĞDE;MERKEZ;NAR;500 SOKAK;sokak;262792991
NİĞDE;MERKEZ;NAR;501 CADDE;cadde;326841101
NİĞDE;MERKEZ;NAR;502 SOKAK;sokak;761413161
NİĞDE;MERKEZ;NAR;503 SOKAK;sokak;655883291
NİĞDE;MERKEZ;NAR;504 CADDE;cadde;735269311
NİĞDE;MERKEZ;NAR;505 SOKAK;sokak;889118131
NİĞDE;MERKEZ;NAR;506 SOKAK;sokak;235684701
NİĞDE;MERKEZ;NAR;507 SOKAK;sokak;988577171
NİĞDE;MERKEZ;NAR;508 SOKAK;sokak;458707891
NİĞDE;MERKEZ;NAR;509 CADDE;cadde;894145101
NİĞDE;MERKEZ;NAR;510 SOKAK;sokak;479822101
NİĞDE;MERKEZ;NAR;511 SOKAK;sokak;362070581
NİĞDE;MERKEZ;NAR;512 SOKAK;sokak;945048671
NİĞDE;MERKEZ;NAR;513 CADDE;cadde;297946821
NİĞDE;MERKEZ;NAR;514 SOKAK;sokak;490026941
NİĞDE;MERKEZ;NAR;515 SOKAK;sokak;786257611
NİĞDE;MERKEZ;NAR;516 SOKAK;sokak;580475801
NİĞDE;MERKEZ;NAR;517 SOKAK;sokak;591416711
NİĞDE;MERKEZ;NAR;518 SOKAK;sokak;857267921
NİĞDE;MERKEZ;NAR;519 CADDE;cadde;285589221
NİĞDE;MERKEZ;NAR;520 SOKAK;sokak;413903371
NİĞDE;MERKEZ;NAR;521 SOKAK;sokak;871769961
NİĞDE;MERKEZ;NAR;523 SOKAK;sokak;415460941
NİĞDE;MERKEZ;NAR;524 SOKAK;sokak;200817331
NİĞDE;MERKEZ;NAR;600 CADDE;cadde;163671121
NİĞDE;MERKEZ;NAR;601 CADDE;cadde;358786511
NİĞDE;MERKEZ;NAR;602 SOKAK;sokak;577160941
NİĞDE;MERKEZ;NAR;603 SOKAK;sokak;473737581
NİĞDE;MERKEZ;NAR;604 SOKAK;sokak;179280031
NİĞDE;MERKEZ;NAR;605 SOKAK;sokak;984384841
NİĞDE;MERKEZ;NAR;606 SOKAK;sokak;570944431
NİĞDE;MERKEZ;NAR;607 SOKAK;sokak;268690991
NİĞDE;MERKEZ;NAR;608 SOKAK;sokak;851646551
NİĞDE;MERKEZ;NAR;609 SOKAK;sokak;843755911
NİĞDE;MERKEZ;NAR;610 CADDE;cadde;831382061
NİĞDE;MERKEZ;NAR;611 SOKAK;sokak;285467111
NİĞDE;MERKEZ;NAR;612 SOKAK;sokak;472012151
NİĞDE;MERKEZ;NAR;613 SOKAK;sokak;459796631
NİĞDE;MERKEZ;NAR;614 SOKAK;sokak;831856031
NİĞDE;MERKEZ;NAR;615 SOKAK;sokak;453750941
NİĞDE;MERKEZ;NAR;616 CADDE;cadde;721094651
NİĞDE;MERKEZ;NAR;617 CADDE;cadde;851101041
NİĞDE;MERKEZ;NAR;618 SOKAK;sokak;334850611
NİĞDE;MERKEZ;NAR;619 SOKAK;sokak;858668531
NİĞDE;MERKEZ;NAR;621 CADDE;cadde;515794311
NİĞDE;MERKEZ;NAR;622 CADDE;cadde;111068611
NİĞDE;MERKEZ;NAR;623 CADDE;cadde;510140171
NİĞDE;MERKEZ;NAR;624 SOKAK;sokak;989392001
NİĞDE;MERKEZ;NAR;625 SOKAK;sokak;275739971
NİĞDE;MERKEZ;NAR;626 SOKAK;sokak;687750891
NİĞDE;MERKEZ;NAR;627 SOKAK;sokak;357980241
NİĞDE;MERKEZ;NAR;628 SOKAK;sokak;230035021
NİĞDE;MERKEZ;NAR;629 SOKAK;sokak;167843321
NİĞDE;MERKEZ;NAR;630 SOKAK;sokak;169504531
NİĞDE;MERKEZ;NAR;631 SOKAK;sokak;777559241
NİĞDE;MERKEZ;NAR;632 SOKAK;sokak;140356201
NİĞDE;MERKEZ;NAR;633 SOKAK;sokak;779639991
NİĞDE;MERKEZ;NAR;634 SOKAK;sokak;750589901
NİĞDE;MERKEZ;NAR;76 SOKAK;sokak;932881
NİĞDE;MERKEZ;NAR;78. SOKAK;sokak;24761
NİĞDE;MERKEZ;NAR;89. SOKAK;sokak;937879
NİĞDE;MERKEZ;NAR;95 CADDE;cadde;932886
NİĞDE;MERKEZ;NAR;AMAS BULVAR;sokak;498016320
NİĞDE;MERKEZ;NAR;ATASANAYİ -YÜZYIL SOKAK;sokak;265227
NİĞDE;MERKEZ;NAR;ATASANAYİ-ÇAĞDAŞ SOKAK;sokak;554702
NİĞDE;MERKEZ;NAR;ATASANAYİ-GEDİK SOKAK;sokak;543596
NİĞDE;MERKEZ;NAR;ATASANAYİ-VAKIF SOKAK;sokak;267256
NİĞDE;MERKEZ;NAR;ATASANAYİ-YELKEN SOKAK;sokak;543594
NİĞDE;MERKEZ;NAR;ATASANAYİ-YENGEÇ SOKAK;sokak;543595
NİĞDE;MERKEZ;NAR;ATASANAYİ-YENİÇERİ SOKAK;sokak;264388
NİĞDE;MERKEZ;NAR;ATASANAYİ-ZENGİN SOKAK;sokak;545391
NİĞDE;MERKEZ;NAR;ATASANAYİ-ZİYARET SOKAK;sokak;549694
NİĞDE;MERKEZ;NAR;ATASANAYİ1 SOKAK;sokak;989008481
NİĞDE;MERKEZ;NAR;ATASANAYİ2 SOKAK;sokak;879098341
NİĞDE;MERKEZ;NAR;ATASANAYİ3 SOKAK;sokak;290482201
NİĞDE;MERKEZ;NAR;AYDINLIK CADDE;cadde;1168183
NİĞDE;MERKEZ;NAR;EĞLENCE SOKAK;sokak;489948831
NİĞDE;MERKEZ;NAR;GALERİCİLER.1 SOKAK;sokak;444566631
NİĞDE;MERKEZ;NAR;GALERİCİLER.2 SOKAK;sokak;973959581
NİĞDE;MERKEZ;NAR;GALERİCİLER.3 SOKAK;sokak;137885911
NİĞDE;MERKEZ;NAR;KAYSERİ YOLU CADDE;cadde;436425780
NİĞDE;MERKEZ;NAR;KERESTECILER 2.SOKAK SOKAK;sokak;969625841
NİĞDE;MERKEZ;NAR;KERESTECILER 3.SOKAK SOKAK;sokak;701326591
NİĞDE;MERKEZ;NAR;KERESTECILER 4.SOKAK SOKAK;sokak;945271161
NİĞDE;MERKEZ;NAR;KERESTECILER 5.SOKAK SOKAK;sokak;805580181
NİĞDE;MERKEZ;NAR;KERESTECILER1.SOKAK SOKAK;sokak;998590271
NİĞDE;MERKEZ;NAR;MALAZGİRT SOKAK;sokak;494031
NİĞDE;MERKEZ;NAR;MEHTER SOKAK;sokak;488666
NİĞDE;MERKEZ;NAR;MİHRAP SOKAK;sokak;490104
NİĞDE;MERKEZ;NAR;OSMANLI SOKAK;sokak;489054
NİĞDE;MERKEZ;NAR;ÖZÇELİK SOKAK;sokak;444489
NİĞDE;MERKEZ;NAR;ÖZYURT SOKAK;sokak;494056
NİĞDE;MERKEZ;NAR;SABAH SOKAK;sokak;494033
NİĞDE;MERKEZ;NAR;SANAYİ BULVAR;sokak;932090
NİĞDE;MERKEZ;NAR;SÖZAL SOKAK;sokak;201557
NİĞDE;MERKEZ;NAR;ŞEHIT POLIS SEDATGEZER CAD. CADDE;cadde;918994
NİĞDE;MERKEZ;NAR;ŞEHİT DAVUT YILDIZ SOKAK;sokak;488634
NİĞDE;MERKEZ;NAR;TABİAT SOKAK;sokak;487325
NİĞDE;MERKEZ;NAR;TURAL SOKAK;sokak;24760
NİĞDE;MERKEZ;NAR;ULUS SOKAK;sokak;486912
NİĞDE;MERKEZ;NAR;ÜZÜMLÜ SOKAK;sokak;490085
NİĞDE;MERKEZ;NAR;VOLKAN SOKAK;sokak;487396
NİĞDE;MERKEZ;NARKÖY NA;NARKÖY KÜME EVLER;sokak;127353790
NİĞDE;MERKEZ;ORHANLI - FATİH;ATMACA SOKAK;sokak;26598
NİĞDE;MERKEZ;ORHANLI - FATİH;CUMHURİYET CADDE;cadde;366262
NİĞDE;MERKEZ;ORHANLI - FATİH;CUMHURİYET/11 SOKAK;sokak;153587160
NİĞDE;MERKEZ;ORHANLI - FATİH;CUMHURİYET/12 SOKAK;sokak;173225380
NİĞDE;MERKEZ;ORHANLI - FATİH;CUMHURİYET/13 SOKAK;sokak;341240400
NİĞDE;MERKEZ;ORHANLI - FATİH;CUMHURİYET/7 SOKAK;sokak;247602820
NİĞDE;MERKEZ;ORHANLI - FATİH;CUMHURİYET/8 SOKAK;sokak;465304650
NİĞDE;MERKEZ;ORHANLI - FATİH;ERDEN SOKAK;sokak;26599
NİĞDE;MERKEZ;ORHANLI - FATİH;ERTAŞ SOKAK;sokak;26600
NİĞDE;MERKEZ;ORHANLI - FATİH;GÖRMEZ SOKAK;sokak;366263
NİĞDE;MERKEZ;ORHANLI - FATİH;GÜLME SOKAK;sokak;26601
NİĞDE;MERKEZ;ORHANLI - FATİH;GÜLME/1 SOKAK;sokak;285963770
NİĞDE;MERKEZ;ORHANLI - FATİH;GÜNEŞ SOKAK;sokak;26602
NİĞDE;MERKEZ;ORHANLI - FATİH;KAHRAMAN SOKAK;sokak;26603
NİĞDE;MERKEZ;ORHANLI - FATİH;KAHRAMAN/1 SOKAK;sokak;465917800
NİĞDE;MERKEZ;ORHANLI - FATİH;KARAKIŞ SOKAK;sokak;366264
NİĞDE;MERKEZ;ORHANLI - FATİH;MARAŞAL CADDE;cadde;26604
NİĞDE;MERKEZ;ORHANLI - FATİH;MARAŞAL/11 SOKAK;sokak;966093750
NİĞDE;MERKEZ;ORHANLI - FATİH;MARAŞAL/12 SOKAK;sokak;571796810
NİĞDE;MERKEZ;ORHANLI - FATİH;MARAŞAL/14 SOKAK;sokak;354833040
NİĞDE;MERKEZ;ORHANLI - FATİH;MARAŞAL/2 SOKAK;sokak;617600700
NİĞDE;MERKEZ;ORHANLI - FATİH;MARAŞAL/3 SOKAK;sokak;438986420
NİĞDE;MERKEZ;ORHANLI - FATİH;MARAŞAL/4 SOKAK;sokak;149259520
NİĞDE;MERKEZ;ORHANLI - FATİH;MARAŞAL/5 SOKAK;sokak;586908430
NİĞDE;MERKEZ;ORHANLI - FATİH;MERT SOKAK;sokak;26605
NİĞDE;MERKEZ;ORHANLI - FATİH;MİSLİ YOLU/1 SOKAK;sokak;887010990
NİĞDE;MERKEZ;ORHANLI - FATİH;SAYIN SOKAK;sokak;366265
NİĞDE;MERKEZ;ORHANLI - FATİH;SAYIN/1 SOKAK;sokak;294608130
NİĞDE;MERKEZ;ORHANLI - FATİH;ŞANLI SOKAK;sokak;26607
NİĞDE;MERKEZ;ORHANLI - FATİH;ŞANLI/2 SOKAK;sokak;105618680
NİĞDE;MERKEZ;ORHANLI - FATİH;ŞANLI/4 SOKAK;sokak;309469740
NİĞDE;MERKEZ;ORHANLI - FATİH;YÜCEL SOKAK;sokak;26606
NİĞDE;MERKEZ;ORHANLI - YAVUZ;1.KÜME KÜME EVLER;sokak;366266
NİĞDE;MERKEZ;ORHANLI - YAVUZ;ARSLAN SOKAK;sokak;26608
NİĞDE;MERKEZ;ORHANLI - YAVUZ;AVCILAR SOKAK;sokak;26609
NİĞDE;MERKEZ;ORHANLI - YAVUZ;CUMHURİYET CADDE;cadde;26611
NİĞDE;MERKEZ;ORHANLI - YAVUZ;CUMHURİYET/1 SOKAK;sokak;159577070
NİĞDE;MERKEZ;ORHANLI - YAVUZ;CUMHURİYET/10 SOKAK;sokak;282483340
NİĞDE;MERKEZ;ORHANLI - YAVUZ;CUMHURİYET/2 SOKAK;sokak;383711180
NİĞDE;MERKEZ;ORHANLI - YAVUZ;CUMHURİYET/3 SOKAK;sokak;346621550
NİĞDE;MERKEZ;ORHANLI - YAVUZ;CUMHURİYET/4 SOKAK;sokak;153853130
NİĞDE;MERKEZ;ORHANLI - YAVUZ;CUMHURİYET/5 SOKAK;sokak;107885370
NİĞDE;MERKEZ;ORHANLI - YAVUZ;CUMHURİYET/9 SOKAK;sokak;495994830
NİĞDE;MERKEZ;ORHANLI - YAVUZ;ÇEKMİ YAYLASI KÜME EVLER;sokak;291722691
NİĞDE;MERKEZ;ORHANLI - YAVUZ;ÇINAR SOKAK;sokak;366567
NİĞDE;MERKEZ;ORHANLI - YAVUZ;ÇINAR/1 SOKAK;sokak;762321310
NİĞDE;MERKEZ;ORHANLI - YAVUZ;HÜRRİYET CADDE;cadde;26612
NİĞDE;MERKEZ;ORHANLI - YAVUZ;HÜRRİYET/1 SOKAK;sokak;483153600
NİĞDE;MERKEZ;ORHANLI - YAVUZ;HÜRRİYET/3 SOKAK;sokak;648884720
NİĞDE;MERKEZ;ORHANLI - YAVUZ;HÜRRİYET/4 SOKAK;sokak;808047430
NİĞDE;MERKEZ;ORHANLI - YAVUZ;HÜRRİYET/5 SOKAK;sokak;198210240
NİĞDE;MERKEZ;ORHANLI - YAVUZ;HÜRRİYET/6 SOKAK;sokak;244879850
NİĞDE;MERKEZ;ORHANLI - YAVUZ;HÜRRİYET/7 SOKAK;sokak;574258290
NİĞDE;MERKEZ;ORHANLI - YAVUZ;KALEMİŞ CADDE;cadde;26610
NİĞDE;MERKEZ;ORHANLI - YAVUZ;KAPLAN CADDE;cadde;26613
NİĞDE;MERKEZ;ORHANLI - YAVUZ;KAPLAN/1 SOKAK;sokak;260925690
NİĞDE;MERKEZ;ORHANLI - YAVUZ;KARALAR SOKAK;sokak;366267
NİĞDE;MERKEZ;ORHANLI - YAVUZ;KAYA SOKAK;sokak;26614
NİĞDE;MERKEZ;ORHANLI - YAVUZ;KESKİN SOKAK;sokak;26615
NİĞDE;MERKEZ;ORHANLI - YAVUZ;KESKİN/1 SOKAK;sokak;417066980
NİĞDE;MERKEZ;ORHANLI - YAVUZ;KESKİN/2 SOKAK;sokak;440629580
NİĞDE;MERKEZ;ORHANLI - YAVUZ;KİRLENMEZ SOKAK;sokak;366269
NİĞDE;MERKEZ;ORHANLI - YAVUZ;KİRLENMEZ/1 SOKAK;sokak;538964780
NİĞDE;MERKEZ;ORHANLI - YAVUZ;KİRLENMEZ/2 SOKAK;sokak;904511050
NİĞDE;MERKEZ;ORHANLI - YAVUZ;ÖŞÜR SOKAK;sokak;26620
NİĞDE;MERKEZ;ORHANLI - YAVUZ;ÖŞÜR/1 SOKAK;sokak;182086600
NİĞDE;MERKEZ;ORHANLI - YAVUZ;ÖZDEMİR SOKAK;sokak;26619
NİĞDE;MERKEZ;ORHANLI - YAVUZ;POLAT SOKAK;sokak;26616
NİĞDE;MERKEZ;ORHANLI - YAVUZ;POLAT/1 SOKAK;sokak;167153770
NİĞDE;MERKEZ;ORHANLI - YAVUZ;YAVŞANLIK SOKAK;sokak;26617
NİĞDE;MERKEZ;ORHANLI - YAVUZ;YAVŞANLIK/1 SOKAK;sokak;674713420
NİĞDE;MERKEZ;ORHANLI - YAVUZ;YAVŞANLIK/2 SOKAK;sokak;433065880
NİĞDE;MERKEZ;ORHANLI - YAVUZ;YAVUZ/1 SOKAK;sokak;212567630
NİĞDE;MERKEZ;ORHANLI - YAVUZ;YAVUZ/2 SOKAK;sokak;256045620
NİĞDE;MERKEZ;ORHANLI - YAVUZ;YAVUZ/3 SOKAK;sokak;727729990
NİĞDE;MERKEZ;ORHANLI - YAVUZ;YAVUZ/4 SOKAK;sokak;338760200
NİĞDE;MERKEZ;ORHANLI - YAVUZ;YAVUZ/5 SOKAK;sokak;210358370
NİĞDE;MERKEZ;ORHANLI - YAVUZ;YILDIRIM SOKAK;sokak;26618
NİĞDE;MERKEZ;ORHANLI - YAVUZ;YILDIRIM/2 SOKAK;sokak;629553230
NİĞDE;MERKEZ;ORHANLI - YAVUZ;YILDIRIM/3 SOKAK;sokak;927062580
NİĞDE;MERKEZ;ORHANLI - YAVUZ;YILMAZ SOKAK;sokak;366268
NİĞDE;MERKEZ;ORHANLI - YAVUZ;YILMAZ/1 SOKAK;sokak;221582650
NİĞDE;MERKEZ;ORHANLI - YAVUZ;YILMAZ/2 SOKAK;sokak;940157990
NİĞDE;MERKEZ;ORHANLI - YAVUZ;YILMAZ/3 SOKAK;sokak;267120750
NİĞDE;MERKEZ;ORHANLI - YAVUZ;YILMAZ/5 SOKAK;sokak;148010390
NİĞDE;MERKEZ;ORHANLI - YAVUZ;YÜKSEL SOKAK;sokak;380588
NİĞDE;MERKEZ;ORHANLI - YAVUZ;YÜKSEL/1 SOKAK;sokak;102407860
NİĞDE;MERKEZ;OVACIK - AŞAĞI;75.YIL SOKAK;sokak;366234
NİĞDE;MERKEZ;OVACIK - AŞAĞI;75.YIL/1 SOKAK;sokak;634938370
NİĞDE;MERKEZ;OVACIK - AŞAĞI;75.YIL/2 SOKAK;sokak;624350370
NİĞDE;MERKEZ;OVACIK - AŞAĞI;AŞAĞI/12 SOKAK;sokak;167350940
NİĞDE;MERKEZ;OVACIK - AŞAĞI;AŞAĞI/15 SOKAK;sokak;245221200
NİĞDE;MERKEZ;OVACIK - AŞAĞI;AŞAĞI/16 SOKAK;sokak;722490480
NİĞDE;MERKEZ;OVACIK - AŞAĞI;AŞAĞI/2 SOKAK;sokak;439153880
NİĞDE;MERKEZ;OVACIK - AŞAĞI;AŞAĞI/20 SOKAK;sokak;121632750
NİĞDE;MERKEZ;OVACIK - AŞAĞI;AŞAĞI/22 SOKAK;sokak;359117260
NİĞDE;MERKEZ;OVACIK - AŞAĞI;AŞAĞI/24 SOKAK;sokak;518841791
NİĞDE;MERKEZ;OVACIK - AŞAĞI;AŞAĞI/25 SOKAK;sokak;836438661
NİĞDE;MERKEZ;OVACIK - AŞAĞI;AŞAĞI/30 SOKAK;sokak;281735320
NİĞDE;MERKEZ;OVACIK - AŞAĞI;AŞAĞI/31 SOKAK;sokak;646987800
NİĞDE;MERKEZ;OVACIK - AŞAĞI;AŞAĞI/5 SOKAK;sokak;244293260
NİĞDE;MERKEZ;OVACIK - AŞAĞI;ATATÜRK SOKAK;sokak;484652
NİĞDE;MERKEZ;OVACIK - AŞAĞI;CAMİİ SOKAK;sokak;366235
NİĞDE;MERKEZ;OVACIK - AŞAĞI;CAMİİ/1 SOKAK;sokak;444622320
NİĞDE;MERKEZ;OVACIK - AŞAĞI;CAMİİ/3 SOKAK;sokak;553326470
NİĞDE;MERKEZ;OVACIK - AŞAĞI;CAMİİ/4 SOKAK;sokak;615091210
NİĞDE;MERKEZ;OVACIK - AŞAĞI;ÇAMARDI YOLU BULVAR;sokak;485757
NİĞDE;MERKEZ;OVACIK - AŞAĞI;ÇAMARDI YOLU1 SOKAK;sokak;233863030
NİĞDE;MERKEZ;OVACIK - AŞAĞI;ÇAMARDI YOLU10 SOKAK;sokak;841504650
NİĞDE;MERKEZ;OVACIK - AŞAĞI;ÇAMARDI YOLU11 SOKAK;sokak;209672120
NİĞDE;MERKEZ;OVACIK - AŞAĞI;ÇAMARDI YOLU12 SOKAK;sokak;573173800
NİĞDE;MERKEZ;OVACIK - AŞAĞI;ÇAMARDI YOLU13 SOKAK;sokak;158227370
NİĞDE;MERKEZ;OVACIK - AŞAĞI;ÇAMARDI YOLU2 SOKAK;sokak;205670200
NİĞDE;MERKEZ;OVACIK - AŞAĞI;ÇAMARDI YOLU3 SOKAK;sokak;183614020
NİĞDE;MERKEZ;OVACIK - AŞAĞI;ÇAMARDI YOLU4 SOKAK;sokak;107387630
NİĞDE;MERKEZ;OVACIK - AŞAĞI;ÇAMARDI YOLU5 SOKAK;sokak;224470800
NİĞDE;MERKEZ;OVACIK - AŞAĞI;ÇAMARDI YOLU6 SOKAK;sokak;195193540
NİĞDE;MERKEZ;OVACIK - AŞAĞI;ÇAMARDI YOLU7 SOKAK;sokak;148185790
NİĞDE;MERKEZ;OVACIK - AŞAĞI;ÇAMARDI YOLU8 SOKAK;sokak;146170700
NİĞDE;MERKEZ;OVACIK - AŞAĞI;ÇAMARDI YOLU9 SOKAK;sokak;137279040
NİĞDE;MERKEZ;OVACIK - AŞAĞI;ERDOĞAN ÖZEGEN SOKAK;sokak;484682
NİĞDE;MERKEZ;OVACIK - AŞAĞI;HAN SOKAK;sokak;24908
NİĞDE;MERKEZ;OVACIK - AŞAĞI;HARMAN SOKAK;sokak;24909
NİĞDE;MERKEZ;OVACIK - AŞAĞI;HÜRRİYET/1 SOKAK;sokak;244532011
NİĞDE;MERKEZ;OVACIK - AŞAĞI;KARAKOL SOKAK;sokak;852381
NİĞDE;MERKEZ;OVACIK - AŞAĞI;KARAKOL/1 SOKAK;sokak;119031920
NİĞDE;MERKEZ;OVACIK - AŞAĞI;KAYA SOKAK;sokak;366236
NİĞDE;MERKEZ;OVACIK - AŞAĞI;KAYSERİ YOLU BULVAR;sokak;179320540
NİĞDE;MERKEZ;OVACIK - AŞAĞI;MELTEM SOKAK;sokak;852380
NİĞDE;MERKEZ;OVACIK - AŞAĞI;MELTEM/4 SOKAK;sokak;655283580
NİĞDE;MERKEZ;OVACIK - AŞAĞI;MELTEM/5 SOKAK;sokak;298882290
NİĞDE;MERKEZ;OVACIK - AŞAĞI;NEVŞEHIR NIĞDE YOLU BULVAR;sokak;411696811
NİĞDE;MERKEZ;OVACIK - AŞAĞI;OKUL SOKAK;sokak;853381
NİĞDE;MERKEZ;OVACIK - AŞAĞI;RÜSTEMAĞA SOKAK;sokak;414972070
NİĞDE;MERKEZ;OVACIK - AŞAĞI;RÜSTEMAĞA/1 SOKAK;sokak;940030351
NİĞDE;MERKEZ;OVACIK - AŞAĞI;RÜSTEMAĞA/3 SOKAK;sokak;212510040
NİĞDE;MERKEZ;OVACIK - AŞAĞI;RÜSTEMAĞA/4 SOKAK;sokak;110833910
NİĞDE;MERKEZ;OVACIK - AŞAĞI;ŞEHİT BAYRAM AKSOY SOKAK;sokak;480700
NİĞDE;MERKEZ;OVACIK - AŞAĞI;ŞEHİT BAYRAM AKSOY/3 SOKAK;sokak;738455700
NİĞDE;MERKEZ;OVACIK - AŞAĞI;ŞEHİT BAYRAM AKSOY/5 SOKAK;sokak;789119480
NİĞDE;MERKEZ;OVACIK - AŞAĞI;ŞEHİT EFE OSMAN APAYDIN SOKAK;sokak;24910
NİĞDE;MERKEZ;OVACIK - CUMHURİYET;AŞAĞI/24 SOKAK;sokak;518841790
NİĞDE;MERKEZ;OVACIK - CUMHURİYET;BAHÇELER SOKAK;sokak;527977
NİĞDE;MERKEZ;OVACIK - CUMHURİYET;BAHÇELER/1 SOKAK;sokak;763825710
NİĞDE;MERKEZ;OVACIK - CUMHURİYET;BAHÇELER/2 SOKAK;sokak;596952700
NİĞDE;MERKEZ;OVACIK - CUMHURİYET;CAMİİ/1 SOKAK;sokak;444622321
NİĞDE;MERKEZ;OVACIK - CUMHURİYET;CAMİİ/3 SOKAK;sokak;553326471
NİĞDE;MERKEZ;OVACIK - CUMHURİYET;CUMHURİYET SOKAK;sokak;24911
NİĞDE;MERKEZ;OVACIK - CUMHURİYET;CUMHURİYET/1 SOKAK;sokak;666999270
NİĞDE;MERKEZ;OVACIK - CUMHURİYET;CUMHURİYET/10 SOKAK;sokak;678897740
NİĞDE;MERKEZ;OVACIK - CUMHURİYET;CUMHURİYET/2 SOKAK;sokak;457866130
NİĞDE;MERKEZ;OVACIK - CUMHURİYET;CUMHURİYET/3 SOKAK;sokak;433354210
NİĞDE;MERKEZ;OVACIK - CUMHURİYET;CUMHURİYET/5 SOKAK;sokak;525141550
NİĞDE;MERKEZ;OVACIK - CUMHURİYET;CUMHURİYET/6 SOKAK;sokak;936937780
NİĞDE;MERKEZ;OVACIK - CUMHURİYET;CUMHURİYET/7 SOKAK;sokak;641158920
NİĞDE;MERKEZ;OVACIK - CUMHURİYET;CUMHURİYET/9 SOKAK;sokak;777532000
NİĞDE;MERKEZ;OVACIK - CUMHURİYET;ÇEŞME SOKAK;sokak;366237
NİĞDE;MERKEZ;OVACIK - CUMHURİYET;ERDOĞAN ÖZEGEN SOKAK;sokak;24912
NİĞDE;MERKEZ;OVACIK - CUMHURİYET;ERDOĞAN ÖZEGEN/10 SOKAK;sokak;430176640
NİĞDE;MERKEZ;OVACIK - CUMHURİYET;ERDOĞAN ÖZEGEN/2 SOKAK;sokak;723226210
NİĞDE;MERKEZ;OVACIK - CUMHURİYET;ERDOĞAN ÖZEGEN/33 SOKAK;sokak;249123390
NİĞDE;MERKEZ;OVACIK - CUMHURİYET;ERDOĞAN ÖZEGEN/4 SOKAK;sokak;562771890
NİĞDE;MERKEZ;OVACIK - CUMHURİYET;ERDOĞAN ÖZEGEN/42 SOKAK;sokak;664856990
NİĞDE;MERKEZ;OVACIK - CUMHURİYET;ERDOĞAN ÖZEGEN/44 SOKAK;sokak;813208300
NİĞDE;MERKEZ;OVACIK - CUMHURİYET;ERDOĞAN ÖZEGEN/5 SOKAK;sokak;796961910
NİĞDE;MERKEZ;OVACIK - CUMHURİYET;ERDOĞAN ÖZEGEN/80 SOKAK;sokak;105299800
NİĞDE;MERKEZ;OVACIK - CUMHURİYET;ERDOĞAN ÖZEGEN/82 SOKAK;sokak;179058290
NİĞDE;MERKEZ;OVACIK - CUMHURİYET;ERDOĞAN ÖZEGEN/83 SOKAK;sokak;551720680
NİĞDE;MERKEZ;OVACIK - CUMHURİYET;ERDOĞAN ÖZEGEN/84 SOKAK;sokak;201176360
NİĞDE;MERKEZ;OVACIK - CUMHURİYET;ERDOĞAN ÖZEGEN/85 SOKAK;sokak;793477790
NİĞDE;MERKEZ;OVACIK - CUMHURİYET;ERDOĞAN ÖZEGEN/86 SOKAK;sokak;163858250
NİĞDE;MERKEZ;OVACIK - CUMHURİYET;ERDOĞAN ÖZEGEN/87 SOKAK;sokak;236251480
NİĞDE;MERKEZ;OVACIK - CUMHURİYET;ERDOĞAN ÖZEGEN/88 SOKAK;sokak;286362150
NİĞDE;MERKEZ;OVACIK - CUMHURİYET;ERDOĞAN ÖZEGEN/89 SOKAK;sokak;220685480
NİĞDE;MERKEZ;OVACIK - CUMHURİYET;ERDOĞAN ÖZEGEN/9 SOKAK;sokak;358725300
NİĞDE;MERKEZ;OVACIK - CUMHURİYET;ERDOĞAN ÖZEGEN/90 SOKAK;sokak;755235550
NİĞDE;MERKEZ;OVACIK - CUMHURİYET;ERDOĞAN ÖZEGEN/91 SOKAK;sokak;192984700
NİĞDE;MERKEZ;OVACIK - CUMHURİYET;KASABA CADDE;cadde;406839220
NİĞDE;MERKEZ;OVACIK - CUMHURİYET;KAYA SOKAK;sokak;212325331
NİĞDE;MERKEZ;OVACIK - CUMHURİYET;KAYSERİ YOLU BULVAR;sokak;171533130
NİĞDE;MERKEZ;OVACIK - CUMHURİYET;NEVŞEHIR NIĞDE YOLU BULVAR;sokak;104161470
NİĞDE;MERKEZ;OVACIK - CUMHURİYET;NEVŞEHIR NIĞDE YOLU/1 SOKAK;sokak;658419000
NİĞDE;MERKEZ;OVACIK - CUMHURİYET;OKUL SOKAK;sokak;24913
NİĞDE;MERKEZ;OVACIK - CUMHURİYET;PAZAR SOKAK;sokak;485523
NİĞDE;MERKEZ;OVACIK - CUMHURİYET;RÜSTEMAĞA SOKAK;sokak;480317
NİĞDE;MERKEZ;OVACIK - CUMHURİYET;RÜSTEMAĞA/1 SOKAK;sokak;940030350
NİĞDE;MERKEZ;OVACIK - CUMHURİYET;RÜSTEMAĞA/2 SOKAK;sokak;569991880
NİĞDE;MERKEZ;OVACIK - CUMHURİYET;SUDEPOSU SOKAK;sokak;24914
NİĞDE;MERKEZ;OVACIK - CUMHURİYET;VELİDEDE SOKAK;sokak;480699
NİĞDE;MERKEZ;OVACIK - TERAZİ;AŞAĞI/12 SOKAK;sokak;173116631
NİĞDE;MERKEZ;OVACIK - TERAZİ;AŞAĞI/25 SOKAK;sokak;836438660
NİĞDE;MERKEZ;OVACIK - TERAZİ;AŞAĞI/5 SOKAK;sokak;244293261
NİĞDE;MERKEZ;OVACIK - TERAZİ;BAHÇELER SOKAK;sokak;24915
NİĞDE;MERKEZ;OVACIK - TERAZİ;BAHÇELER/4 SOKAK;sokak;533104210
NİĞDE;MERKEZ;OVACIK - TERAZİ;BAHÇELER/5 SOKAK;sokak;881551300
NİĞDE;MERKEZ;OVACIK - TERAZİ;ÇAMARDI YOLU BULVAR;sokak;386985690
NİĞDE;MERKEZ;OVACIK - TERAZİ;EVREN SOKAK;sokak;24916
NİĞDE;MERKEZ;OVACIK - TERAZİ;FİDAN SOKAK;sokak;24917
NİĞDE;MERKEZ;OVACIK - TERAZİ;HARIM SOKAK;sokak;52509
NİĞDE;MERKEZ;OVACIK - TERAZİ;HOCAOĞLU SOKAK;sokak;366238
NİĞDE;MERKEZ;OVACIK - TERAZİ;HOCAOĞLU/1 SOKAK;sokak;817595320
NİĞDE;MERKEZ;OVACIK - TERAZİ;HOCAOĞLU/2 SOKAK;sokak;540168030
NİĞDE;MERKEZ;OVACIK - TERAZİ;HÜRRİYET/1 SOKAK;sokak;115110940
NİĞDE;MERKEZ;OVACIK - TERAZİ;KARAKOL SOKAK;sokak;24918
NİĞDE;MERKEZ;OVACIK - TERAZİ;KARAKOL1 SOKAK;sokak;404249210
NİĞDE;MERKEZ;OVACIK - TERAZİ;KAYSERİ YOLU BULVAR;sokak;136655830
NİĞDE;MERKEZ;OVACIK - TERAZİ;MELTEM SOKAK;sokak;24919
NİĞDE;MERKEZ;OVACIK - TERAZİ;MELTEM/2 SOKAK;sokak;465023400
NİĞDE;MERKEZ;OVACIK - TERAZİ;RÜSTEMAĞA SOKAK;sokak;366239
NİĞDE;MERKEZ;OVACIK - TERAZİ;TERAZİ/13 SOKAK;sokak;797710510
NİĞDE;MERKEZ;OVACIK - TERAZİ;TERAZİ/14 SOKAK;sokak;837610640
NİĞDE;MERKEZ;OVACIK - TERAZİ;TERAZİ/2 SOKAK;sokak;150581910
NİĞDE;MERKEZ;OVACIK - TERAZİ;TERAZİ/20 SOKAK;sokak;744137820
NİĞDE;MERKEZ;OVACIK - TERAZİ;TERAZİ/32 SOKAK;sokak;151031120
NİĞDE;MERKEZ;OVACIK - TERAZİ;TERAZİ/37 SOKAK;sokak;217074500
NİĞDE;MERKEZ;OVACIK - TERAZİ;TERAZİ/40 SOKAK;sokak;478259970
NİĞDE;MERKEZ;OVACIK - TERAZİ;TERAZİ/42 SOKAK;sokak;257404080
NİĞDE;MERKEZ;OVACIK - TERAZİ;TERAZİ/6 SOKAK;sokak;253209460
NİĞDE;MERKEZ;OVACIK - TERAZİ;TERAZİ/8 SOKAK;sokak;139213660
NİĞDE;MERKEZ;OVACIK - TERAZİ;TERAZİ/9 SOKAK;sokak;126258020
NİĞDE;MERKEZ;OVACIK - TERAZİ;TERAZİ10 SOKAK;sokak;750990930
NİĞDE;MERKEZ;OVACIK - TERAZİ;TERAZİ11 SOKAK;sokak;242919570
NİĞDE;MERKEZ;ÖZYURT NA;ÖZYURT KÜME EVLER;sokak;476701
NİĞDE;MERKEZ;PINARCIK NA;NIĞDE GÜNEY OTOYOLU BULVAR;sokak;226933030
NİĞDE;MERKEZ;PINARCIK NA;PINARCIK KÜME EVLER;sokak;475403
NİĞDE;MERKEZ;SARIKÖPRÜ;100.YIL BULVARI BULVAR;sokak;880652
NİĞDE;MERKEZ;SARIKÖPRÜ;6001 SOKAK;sokak;310676631
NİĞDE;MERKEZ;SARIKÖPRÜ;6003 SOKAK;sokak;767880741
NİĞDE;MERKEZ;SARIKÖPRÜ;AKINCI SOKAK;sokak;36353
NİĞDE;MERKEZ;SARIKÖPRÜ;ALPARSLAN TÜRKEŞ BULVAR;sokak;990553110
NİĞDE;MERKEZ;SARIKÖPRÜ;ALPAT SOKAK;sokak;367272
NİĞDE;MERKEZ;SARIKÖPRÜ;ARDA SOKAK;sokak;24771
NİĞDE;MERKEZ;SARIKÖPRÜ;ATATÜRK BULVAR;sokak;108511781
NİĞDE;MERKEZ;SARIKÖPRÜ;BARAJ YOLU 2 SOKAK;sokak;949623
NİĞDE;MERKEZ;SARIKÖPRÜ;BARAJYOLU1 SOKAK;sokak;213225811
NİĞDE;MERKEZ;SARIKÖPRÜ;BARBAROS SOKAK;sokak;972691611
NİĞDE;MERKEZ;SARIKÖPRÜ;BETONKÖPRÜ SOKAK;sokak;368071
NİĞDE;MERKEZ;SARIKÖPRÜ;BİLLUR SOKAK;sokak;60725
NİĞDE;MERKEZ;SARIKÖPRÜ;BORYOLU CADDE;cadde;297463851
NİĞDE;MERKEZ;SARIKÖPRÜ;BUCAK ÇAYIR 1 SOKAK;sokak;33360
NİĞDE;MERKEZ;SARIKÖPRÜ;BUCAK ÇAYIR 4. SOKAK;sokak;718188921
NİĞDE;MERKEZ;SARIKÖPRÜ;BUCAK ÇAYIR2. SOKAK;sokak;368068
NİĞDE;MERKEZ;SARIKÖPRÜ;BUCAK ÇAYIR3. SOKAK;sokak;33361
NİĞDE;MERKEZ;SARIKÖPRÜ;BUCAK ÇAYIR4. SOKAK;sokak;109490630
NİĞDE;MERKEZ;SARIKÖPRÜ;BUCAK ÇAYIR5 SOKAK;sokak;795545311
NİĞDE;MERKEZ;SARIKÖPRÜ;BUCAK ÇAYIR6 SOKAK;sokak;168521701
NİĞDE;MERKEZ;SARIKÖPRÜ;DEVLET BAHÇELİ BULVAR;sokak;448840
NİĞDE;MERKEZ;SARIKÖPRÜ;DR.SAMİ YAĞIZ CADDE;cadde;438967451
NİĞDE;MERKEZ;SARIKÖPRÜ;EGE SOKAK;sokak;915053
NİĞDE;MERKEZ;SARIKÖPRÜ;GÜRBÜZ ÇIKMAZI SOKAK;sokak;31388
NİĞDE;MERKEZ;SARIKÖPRÜ;KANDİL SOKAK;sokak;749727
NİĞDE;MERKEZ;SARIKÖPRÜ;MUSA BEY SOKAK;sokak;790240
NİĞDE;MERKEZ;SARIKÖPRÜ;ÖMER HALİSDEMİR KÜME EVLER;sokak;1332325
NİĞDE;MERKEZ;SARIKÖPRÜ;RAHMET SOKAK;sokak;1295257
NİĞDE;MERKEZ;SARIKÖPRÜ;SARAÇ SOKAK;sokak;201110
NİĞDE;MERKEZ;SARIKÖPRÜ;SARAÇ1 SOKAK;sokak;792463851
NİĞDE;MERKEZ;SARIKÖPRÜ;SAYGI SOKAK;sokak;1295259
NİĞDE;MERKEZ;SARIKÖPRÜ;SEHER SOKAK;sokak;200925
NİĞDE;MERKEZ;SARIKÖPRÜ;SU SOKAK;sokak;205056
NİĞDE;MERKEZ;SARIKÖPRÜ;YAŞAR 1 SOKAK;sokak;772337571
NİĞDE;MERKEZ;SARIKÖPRÜ;YAŞAR SOKAK;sokak;60721
NİĞDE;MERKEZ;SARIKÖPRÜ;ZEMERDİN SOKAK;sokak;834776
NİĞDE;MERKEZ;SAZLICA - AŞAĞI;68/1. SOKAK;sokak;361128031
NİĞDE;MERKEZ;SAZLICA - AŞAĞI;ALİ RIZA GÜZEL SOKAK;sokak;283846751
NİĞDE;MERKEZ;SAZLICA - AŞAĞI;ATATÜRK CADDE;cadde;24920
NİĞDE;MERKEZ;SAZLICA - AŞAĞI;ATATÜRK/2 SOKAK;sokak;987770550
NİĞDE;MERKEZ;SAZLICA - AŞAĞI;ATATÜRK/6 SOKAK;sokak;492118400
NİĞDE;MERKEZ;SAZLICA - AŞAĞI;BEKÇİLİK SOKAK;sokak;52510
NİĞDE;MERKEZ;SAZLICA - AŞAĞI;BOR CADDE;cadde;366240
NİĞDE;MERKEZ;SAZLICA - AŞAĞI;BOR YOLU SOKAK;sokak;473895
NİĞDE;MERKEZ;SAZLICA - AŞAĞI;BOR YOLU/1 SOKAK;sokak;199704820
NİĞDE;MERKEZ;SAZLICA - AŞAĞI;BOR YOLU/2 SOKAK;sokak;510613560
NİĞDE;MERKEZ;SAZLICA - AŞAĞI;BOR/1 SOKAK;sokak;256622300
NİĞDE;MERKEZ;SAZLICA - AŞAĞI;BOR/2 SOKAK;sokak;232893410
NİĞDE;MERKEZ;SAZLICA - AŞAĞI;BOR/3 SOKAK;sokak;638861540
NİĞDE;MERKEZ;SAZLICA - AŞAĞI;BOR/4 SOKAK;sokak;306627040
NİĞDE;MERKEZ;SAZLICA - AŞAĞI;BOR/5 SOKAK;sokak;558079780
NİĞDE;MERKEZ;SAZLICA - AŞAĞI;BOR/6 SOKAK;sokak;122190440
NİĞDE;MERKEZ;SAZLICA - AŞAĞI;ÇAYIR/1 SOKAK;sokak;168700320
NİĞDE;MERKEZ;SAZLICA - AŞAĞI;ÇAYIR/2 SOKAK;sokak;332514060
NİĞDE;MERKEZ;SAZLICA - AŞAĞI;ÇAYIR/3 SOKAK;sokak;287105640
NİĞDE;MERKEZ;SAZLICA - AŞAĞI;ÇAYIR/4 SOKAK;sokak;170832540
NİĞDE;MERKEZ;SAZLICA - AŞAĞI;HABİBE HATUN SOKAK;sokak;327631120
NİĞDE;MERKEZ;SAZLICA - AŞAĞI;HABİBE HATUN/3 SOKAK;sokak;593889420
NİĞDE;MERKEZ;SAZLICA - AŞAĞI;HABİBE HATUN/4 SOKAK;sokak;198300820
NİĞDE;MERKEZ;SAZLICA - AŞAĞI;HABİBE HATUN/5 SOKAK;sokak;668247800
NİĞDE;MERKEZ;SAZLICA - AŞAĞI;HABİBE HATUN/6 SOKAK;sokak;626077000
NİĞDE;MERKEZ;SAZLICA - AŞAĞI;HABİBE HATUN/7 SOKAK;sokak;939180840
NİĞDE;MERKEZ;SAZLICA - AŞAĞI;HACILAR SOKAK;sokak;24923
NİĞDE;MERKEZ;SAZLICA - AŞAĞI;HALICI ÇIKMAZI SOKAK;sokak;52511
NİĞDE;MERKEZ;SAZLICA - AŞAĞI;HASANAĞA SOKAK;sokak;24924
NİĞDE;MERKEZ;SAZLICA - AŞAĞI;HASANAĞA/2 SOKAK;sokak;703840860
NİĞDE;MERKEZ;SAZLICA - AŞAĞI;HASANAĞA/3 SOKAK;sokak;212025100
NİĞDE;MERKEZ;SAZLICA - AŞAĞI;HASANAĞA/4 SOKAK;sokak;876781320
NİĞDE;MERKEZ;SAZLICA - AŞAĞI;IHLAMUR SOKAK;sokak;331506651
NİĞDE;MERKEZ;SAZLICA - AŞAĞI;ISPALI SOKAK;sokak;24926
NİĞDE;MERKEZ;SAZLICA - AŞAĞI;ISPALI/1 SOKAK;sokak;196347320
NİĞDE;MERKEZ;SAZLICA - AŞAĞI;ISPALI/2 SOKAK;sokak;128622560
NİĞDE;MERKEZ;SAZLICA - AŞAĞI;ISPALI/3 SOKAK;sokak;759765970
NİĞDE;MERKEZ;SAZLICA - AŞAĞI;ISPALI/4 SOKAK;sokak;224169450
NİĞDE;MERKEZ;SAZLICA - AŞAĞI;ISPALI/5 SOKAK;sokak;134218700
NİĞDE;MERKEZ;SAZLICA - AŞAĞI;ISPALI/6 SOKAK;sokak;822161280
NİĞDE;MERKEZ;SAZLICA - AŞAĞI;LALE SOKAK;sokak;484664
NİĞDE;MERKEZ;SAZLICA - AŞAĞI;LALE/1 SOKAK;sokak;111472120
NİĞDE;MERKEZ;SAZLICA - AŞAĞI;LALE/11 SOKAK;sokak;112918610
NİĞDE;MERKEZ;SAZLICA - AŞAĞI;LALE/12 SOKAK;sokak;774232000
NİĞDE;MERKEZ;SAZLICA - AŞAĞI;LALE/13 SOKAK;sokak;562467540
NİĞDE;MERKEZ;SAZLICA - AŞAĞI;LALE/14 SOKAK;sokak;452078000
NİĞDE;MERKEZ;SAZLICA - AŞAĞI;LALE/15 SOKAK;sokak;428011590
NİĞDE;MERKEZ;SAZLICA - AŞAĞI;LALE/16 SOKAK;sokak;104337120
NİĞDE;MERKEZ;SAZLICA - AŞAĞI;LALE/17 SOKAK;sokak;839706730
NİĞDE;MERKEZ;SAZLICA - AŞAĞI;LALE/18 SOKAK;sokak;156203210
NİĞDE;MERKEZ;SAZLICA - AŞAĞI;LALE/19 SOKAK;sokak;184656410
NİĞDE;MERKEZ;SAZLICA - AŞAĞI;LALE/2 SOKAK;sokak;168867490
NİĞDE;MERKEZ;SAZLICA - AŞAĞI;LALE/20 SOKAK;sokak;282453060
NİĞDE;MERKEZ;SAZLICA - AŞAĞI;LALE/21 SOKAK;sokak;203861400
NİĞDE;MERKEZ;SAZLICA - AŞAĞI;LALE/22 SOKAK;sokak;433497290
NİĞDE;MERKEZ;SAZLICA - AŞAĞI;LALE/23 SOKAK;sokak;883253600
NİĞDE;MERKEZ;SAZLICA - AŞAĞI;LALE/24 SOKAK;sokak;100943811
NİĞDE;MERKEZ;SAZLICA - AŞAĞI;LALE/3 SOKAK;sokak;137659870
NİĞDE;MERKEZ;SAZLICA - AŞAĞI;LALE/4 SOKAK;sokak;267355710
NİĞDE;MERKEZ;SAZLICA - AŞAĞI;LALE/5 SOKAK;sokak;982237950
NİĞDE;MERKEZ;SAZLICA - AŞAĞI;LALE/6 SOKAK;sokak;257851300
NİĞDE;MERKEZ;SAZLICA - AŞAĞI;LALE/7 SOKAK;sokak;367573590
NİĞDE;MERKEZ;SAZLICA - AŞAĞI;LALE/8 SOKAK;sokak;660194640
NİĞDE;MERKEZ;SAZLICA - AŞAĞI;LALE/9 SOKAK;sokak;613804160
NİĞDE;MERKEZ;SAZLICA - AŞAĞI;MANOLYA SOKAK;sokak;688051751
NİĞDE;MERKEZ;SAZLICA - AŞAĞI;MERKEZ CADDE;cadde;712367560
NİĞDE;MERKEZ;SAZLICA - AŞAĞI;MERKEZ/1 SOKAK;sokak;502649930
NİĞDE;MERKEZ;SAZLICA - AŞAĞI;MERKEZ/4 SOKAK;sokak;228032660
NİĞDE;MERKEZ;SAZLICA - AŞAĞI;MERKEZ/6 SOKAK;sokak;899149801
NİĞDE;MERKEZ;SAZLICA - AŞAĞI;MEYDAN CADDE;cadde;24925
NİĞDE;MERKEZ;SAZLICA - AŞAĞI;MEYDAN/1 SOKAK;sokak;527931480
NİĞDE;MERKEZ;SAZLICA - AŞAĞI;MEYDAN/2 SOKAK;sokak;576554090
NİĞDE;MERKEZ;SAZLICA - AŞAĞI;NİĞDE CADDE;cadde;129290890
NİĞDE;MERKEZ;SAZLICA - AŞAĞI;OKTAY DEMİRBAŞ SOKAK;sokak;372938751
NİĞDE;MERKEZ;SAZLICA - AŞAĞI;TEPECİK SOKAK;sokak;180646591
NİĞDE;MERKEZ;SAZLICA - AŞAĞI;YAĞBAĞÇUKURU/1 SOKAK;sokak;178192020
NİĞDE;MERKEZ;SAZLICA - AŞAĞI;YAĞBAĞÇUKURU/10 SOKAK;sokak;781272710
NİĞDE;MERKEZ;SAZLICA - AŞAĞI;YAĞBAĞÇUKURU/11 SOKAK;sokak;370135960
NİĞDE;MERKEZ;SAZLICA - AŞAĞI;YAĞBAĞÇUKURU/2 SOKAK;sokak;911579170
NİĞDE;MERKEZ;SAZLICA - AŞAĞI;YAĞBAĞÇUKURU/3 SOKAK;sokak;481377800
NİĞDE;MERKEZ;SAZLICA - AŞAĞI;YAĞBAĞÇUKURU/4 SOKAK;sokak;929197860
NİĞDE;MERKEZ;SAZLICA - AŞAĞI;YAĞBAĞÇUKURU/5 SOKAK;sokak;938006470
NİĞDE;MERKEZ;SAZLICA - AŞAĞI;YAĞBAĞÇUKURU/6 SOKAK;sokak;614530310
NİĞDE;MERKEZ;SAZLICA - AŞAĞI;YAĞBAĞÇUKURU/7 SOKAK;sokak;261047290
NİĞDE;MERKEZ;SAZLICA - AŞAĞI;YAĞBAĞÇUKURU/8 SOKAK;sokak;922045440
NİĞDE;MERKEZ;SAZLICA - AŞAĞI;YAĞBAĞÇUKURU/9 SOKAK;sokak;799496160
NİĞDE;MERKEZ;SAZLICA - YENİ;1. SOKAK;sokak;493592
NİĞDE;MERKEZ;SAZLICA - YENİ;10. SOKAK;sokak;487864
NİĞDE;MERKEZ;SAZLICA - YENİ;10/1. SOKAK;sokak;952281440
NİĞDE;MERKEZ;SAZLICA - YENİ;101. SOKAK;sokak;254248050
NİĞDE;MERKEZ;SAZLICA - YENİ;103. SOKAK;sokak;1418477
NİĞDE;MERKEZ;SAZLICA - YENİ;11. SOKAK;sokak;493597
NİĞDE;MERKEZ;SAZLICA - YENİ;12. SOKAK;sokak;493599
NİĞDE;MERKEZ;SAZLICA - YENİ;13. SOKAK;sokak;490424
NİĞDE;MERKEZ;SAZLICA - YENİ;14. SOKAK;sokak;493598
NİĞDE;MERKEZ;SAZLICA - YENİ;15. SOKAK;sokak;490423
NİĞDE;MERKEZ;SAZLICA - YENİ;16. SOKAK;sokak;493600
NİĞDE;MERKEZ;SAZLICA - YENİ;17. SOKAK;sokak;486997
NİĞDE;MERKEZ;SAZLICA - YENİ;18. SOKAK;sokak;490427
NİĞDE;MERKEZ;SAZLICA - YENİ;19. SOKAK;sokak;500329
NİĞDE;MERKEZ;SAZLICA - YENİ;2. SOKAK;sokak;490413
NİĞDE;MERKEZ;SAZLICA - YENİ;20. SOKAK;sokak;489071
NİĞDE;MERKEZ;SAZLICA - YENİ;21. SOKAK;sokak;494058
NİĞDE;MERKEZ;SAZLICA - YENİ;22. SOKAK;sokak;974893
NİĞDE;MERKEZ;SAZLICA - YENİ;3. SOKAK;sokak;490415
NİĞDE;MERKEZ;SAZLICA - YENİ;4. SOKAK;sokak;490419
NİĞDE;MERKEZ;SAZLICA - YENİ;48. SOKAK;sokak;142871060
NİĞDE;MERKEZ;SAZLICA - YENİ;49. SOKAK;sokak;954633290
NİĞDE;MERKEZ;SAZLICA - YENİ;5. SOKAK;sokak;492268
NİĞDE;MERKEZ;SAZLICA - YENİ;51. SOKAK;sokak;985922
NİĞDE;MERKEZ;SAZLICA - YENİ;52. SOKAK;sokak;985924
NİĞDE;MERKEZ;SAZLICA - YENİ;53. SOKAK;sokak;979062
NİĞDE;MERKEZ;SAZLICA - YENİ;55. SOKAK;sokak;1417811
NİĞDE;MERKEZ;SAZLICA - YENİ;56. SOKAK;sokak;1417813
NİĞDE;MERKEZ;SAZLICA - YENİ;57. SOKAK;sokak;1417815
NİĞDE;MERKEZ;SAZLICA - YENİ;58. SOKAK;sokak;1417745
NİĞDE;MERKEZ;SAZLICA - YENİ;59. SOKAK;sokak;1417819
NİĞDE;MERKEZ;SAZLICA - YENİ;6. SOKAK;sokak;490422
NİĞDE;MERKEZ;SAZLICA - YENİ;60. SOKAK;sokak;1417933
NİĞDE;MERKEZ;SAZLICA - YENİ;60/1. SOKAK;sokak;618071600
NİĞDE;MERKEZ;SAZLICA - YENİ;61. SOKAK;sokak;1417935
NİĞDE;MERKEZ;SAZLICA - YENİ;63. SOKAK;sokak;1417939
NİĞDE;MERKEZ;SAZLICA - YENİ;64. SOKAK;sokak;1417941
NİĞDE;MERKEZ;SAZLICA - YENİ;64/1. SOKAK;sokak;601693490
NİĞDE;MERKEZ;SAZLICA - YENİ;65. SOKAK;sokak;1417943
NİĞDE;MERKEZ;SAZLICA - YENİ;66. SOKAK;sokak;1417945
NİĞDE;MERKEZ;SAZLICA - YENİ;67. SOKAK;sokak;1417947
NİĞDE;MERKEZ;SAZLICA - YENİ;68. SOKAK;sokak;1417969
NİĞDE;MERKEZ;SAZLICA - YENİ;68/1. SOKAK;sokak;125012270
NİĞDE;MERKEZ;SAZLICA - YENİ;69/1. SOKAK;sokak;158505550
NİĞDE;MERKEZ;SAZLICA - YENİ;7. SOKAK;sokak;493595
NİĞDE;MERKEZ;SAZLICA - YENİ;70. SOKAK;sokak;1417973
NİĞDE;MERKEZ;SAZLICA - YENİ;71. SOKAK;sokak;1417951
NİĞDE;MERKEZ;SAZLICA - YENİ;72. SOKAK;sokak;1417953
NİĞDE;MERKEZ;SAZLICA - YENİ;73. SOKAK;sokak;1418409
NİĞDE;MERKEZ;SAZLICA - YENİ;73/1. SOKAK;sokak;775738220
NİĞDE;MERKEZ;SAZLICA - YENİ;73/2. SOKAK;sokak;209161280
NİĞDE;MERKEZ;SAZLICA - YENİ;75. SOKAK;sokak;1418413
NİĞDE;MERKEZ;SAZLICA - YENİ;77. SOKAK;sokak;1418437
NİĞDE;MERKEZ;SAZLICA - YENİ;79. SOKAK;sokak;1418441
NİĞDE;MERKEZ;SAZLICA - YENİ;79/1. SOKAK;sokak;429096300
NİĞDE;MERKEZ;SAZLICA - YENİ;79/2. SOKAK;sokak;343074050
NİĞDE;MERKEZ;SAZLICA - YENİ;8. SOKAK;sokak;492353
NİĞDE;MERKEZ;SAZLICA - YENİ;80. SOKAK;sokak;1418443
NİĞDE;MERKEZ;SAZLICA - YENİ;81. SOKAK;sokak;1418429
NİĞDE;MERKEZ;SAZLICA - YENİ;82. SOKAK;sokak;1418431
NİĞDE;MERKEZ;SAZLICA - YENİ;83. SOKAK;sokak;1418433
NİĞDE;MERKEZ;SAZLICA - YENİ;84. SOKAK;sokak;1418435
NİĞDE;MERKEZ;SAZLICA - YENİ;85. SOKAK;sokak;1418457
NİĞDE;MERKEZ;SAZLICA - YENİ;86. SOKAK;sokak;353633320
NİĞDE;MERKEZ;SAZLICA - YENİ;87. SOKAK;sokak;1418463
NİĞDE;MERKEZ;SAZLICA - YENİ;88. SOKAK;sokak;1418461
NİĞDE;MERKEZ;SAZLICA - YENİ;89. SOKAK;sokak;1418465
NİĞDE;MERKEZ;SAZLICA - YENİ;9. SOKAK;sokak;487863
NİĞDE;MERKEZ;SAZLICA - YENİ;90. SOKAK;sokak;1418467
NİĞDE;MERKEZ;SAZLICA - YENİ;91. SOKAK;sokak;860126890
NİĞDE;MERKEZ;SAZLICA - YENİ;92. SOKAK;sokak;311401480
NİĞDE;MERKEZ;SAZLICA - YENİ;93. SOKAK;sokak;1418471
NİĞDE;MERKEZ;SAZLICA - YENİ;94. SOKAK;sokak;380573030
NİĞDE;MERKEZ;SAZLICA - YENİ;95. SOKAK;sokak;1418473
NİĞDE;MERKEZ;SAZLICA - YENİ;97. SOKAK;sokak;1418475
NİĞDE;MERKEZ;SAZLICA - YENİ;99. SOKAK;sokak;952615090
NİĞDE;MERKEZ;SAZLICA - YENİ;ADANA CADDE;cadde;24927
NİĞDE;MERKEZ;SAZLICA - YENİ;ADANA/1 SOKAK;sokak;514334310
NİĞDE;MERKEZ;SAZLICA - YENİ;ADANA/2 SOKAK;sokak;295666010
NİĞDE;MERKEZ;SAZLICA - YENİ;ADANA/3 SOKAK;sokak;583986370
NİĞDE;MERKEZ;SAZLICA - YENİ;ADANA/4 SOKAK;sokak;678309430
NİĞDE;MERKEZ;SAZLICA - YENİ;ADANA/5 SOKAK;sokak;111523520
NİĞDE;MERKEZ;SAZLICA - YENİ;ATATÜRK CADDE;cadde;53016
NİĞDE;MERKEZ;SAZLICA - YENİ;ATATÜRK/1 SOKAK;sokak;113146970
NİĞDE;MERKEZ;SAZLICA - YENİ;ATATÜRK/10 SOKAK;sokak;742100630
NİĞDE;MERKEZ;SAZLICA - YENİ;ATATÜRK/2 SOKAK;sokak;605542920
NİĞDE;MERKEZ;SAZLICA - YENİ;ATATÜRK/3 SOKAK;sokak;406564800
NİĞDE;MERKEZ;SAZLICA - YENİ;ATATÜRK/4 SOKAK;sokak;364306680
NİĞDE;MERKEZ;SAZLICA - YENİ;ATATÜRK/5 SOKAK;sokak;372803280
NİĞDE;MERKEZ;SAZLICA - YENİ;ATATÜRK/7 SOKAK;sokak;427678060
NİĞDE;MERKEZ;SAZLICA - YENİ;ATATÜRK/8 SOKAK;sokak;416455400
NİĞDE;MERKEZ;SAZLICA - YENİ;ATATÜRK/9 SOKAK;sokak;285305090
NİĞDE;MERKEZ;SAZLICA - YENİ;AYDINLAR SOKAK;sokak;970620
NİĞDE;MERKEZ;SAZLICA - YENİ;BÜYÜK ÇAYIR KÜME EVLER;sokak;464325631
NİĞDE;MERKEZ;SAZLICA - YENİ;CADDE 51.5 CADDE;cadde;282329400
NİĞDE;MERKEZ;SAZLICA - YENİ;CELAK ÖZDOĞAN/2 SOKAK;sokak;306724710
NİĞDE;MERKEZ;SAZLICA - YENİ;CELAL ÖZDOĞAN CADDE;cadde;164265870
NİĞDE;MERKEZ;SAZLICA - YENİ;CELAL ÖZDOĞAN/1 SOKAK;sokak;344101260
NİĞDE;MERKEZ;SAZLICA - YENİ;CELAL ÖZDOĞAN/3 SOKAK;sokak;323349970
NİĞDE;MERKEZ;SAZLICA - YENİ;CELAL ÖZDOĞAN/4 SOKAK;sokak;384483790
NİĞDE;MERKEZ;SAZLICA - YENİ;CELAL ÖZDOĞAN/5 SOKAK;sokak;276910050
NİĞDE;MERKEZ;SAZLICA - YENİ;ÇAKILLIK SOKAK;sokak;489652
NİĞDE;MERKEZ;SAZLICA - YENİ;ÇAKILLIK/1 SOKAK;sokak;100006440
NİĞDE;MERKEZ;SAZLICA - YENİ;EVREN SOKAK;sokak;24928
NİĞDE;MERKEZ;SAZLICA - YENİ;GÜL CADDE;cadde;487004
NİĞDE;MERKEZ;SAZLICA - YENİ;KARANFİL CADDE;cadde;487006
NİĞDE;MERKEZ;SAZLICA - YENİ;KARAYER SOKAK;sokak;366241
NİĞDE;MERKEZ;SAZLICA - YENİ;KARAYER/3 SOKAK;sokak;308193530
NİĞDE;MERKEZ;SAZLICA - YENİ;KARAYER/9 SOKAK;sokak;177799500
NİĞDE;MERKEZ;SAZLICA - YENİ;KOLOĞLU SOKAK;sokak;1417971
NİĞDE;MERKEZ;SAZLICA - YENİ;LALE/24 SOKAK;sokak;100943810
NİĞDE;MERKEZ;SAZLICA - YENİ;MENEKŞE CADDE;cadde;487005
NİĞDE;MERKEZ;SAZLICA - YENİ;NIĞDE GÜNEY OTOYOLU BULVAR;sokak;121241520
NİĞDE;MERKEZ;SAZLICA - YENİ;NİĞDE/1 SOKAK;sokak;233703640
NİĞDE;MERKEZ;SAZLICA - YENİ;ÖTÜGEN SOKAK;sokak;1039705
NİĞDE;MERKEZ;SAZLICA - YENİ;PAPATYA CADDE;cadde;487002
NİĞDE;MERKEZ;SAZLICA - YENİ;SÜMBÜL SOKAK;sokak;485705
NİĞDE;MERKEZ;SAZLICA - YENİ;TAHSİN YAVUZ SOKAK;sokak;516531780
NİĞDE;MERKEZ;SAZLICA - YENİ;TAHSİN YAVUZ/1 SOKAK;sokak;1418415
NİĞDE;MERKEZ;SAZLICA - YENİ;TAHSİN YAVUZ/2 SOKAK;sokak;1418439
NİĞDE;MERKEZ;SAZLICA - YENİ;TAHSİN YAVUZ/3 SOKAK;sokak;337355720
NİĞDE;MERKEZ;SAZLICA - YENİ;TAHSİN YAVUZ/4 SOKAK;sokak;1418411
NİĞDE;MERKEZ;SAZLICA - YENİ;TEPECİK SOKAK;sokak;24929
NİĞDE;MERKEZ;SAZLICA - YENİ;ZAMBAK SOKAK;sokak;485326
NİĞDE;MERKEZ;SAZLICA - YUKARI;AKSARAY NIĞDE YOLU BULVAR;sokak;175592460
NİĞDE;MERKEZ;SAZLICA - YUKARI;AKSARAY NIĞDE YOLU/10 SOKAK;sokak;231734200
NİĞDE;MERKEZ;SAZLICA - YUKARI;AKSARAY NIĞDE YOLU/11 SOKAK;sokak;348517900
NİĞDE;MERKEZ;SAZLICA - YUKARI;AKSARAY NIĞDE YOLU/2 SOKAK;sokak;888117990
NİĞDE;MERKEZ;SAZLICA - YUKARI;AKSARAY NIĞDE YOLU/3 SOKAK;sokak;668829450
NİĞDE;MERKEZ;SAZLICA - YUKARI;AKSARAY NIĞDE YOLU/4 SOKAK;sokak;318583760
NİĞDE;MERKEZ;SAZLICA - YUKARI;AKSARAY NIĞDE YOLU/5 SOKAK;sokak;277774990
NİĞDE;MERKEZ;SAZLICA - YUKARI;AKSARAY NIĞDE YOLU/6 SOKAK;sokak;201606280
NİĞDE;MERKEZ;SAZLICA - YUKARI;AKSARAY NIĞDE YOLU/7 SOKAK;sokak;327613970
NİĞDE;MERKEZ;SAZLICA - YUKARI;AKSARAY NIĞDE YOLU/8 SOKAK;sokak;508187150
NİĞDE;MERKEZ;SAZLICA - YUKARI;AKSARAY NIĞDE YOLU/9 SOKAK;sokak;903674340
NİĞDE;MERKEZ;SAZLICA - YUKARI;ATATÜRK/2 SOKAK;sokak;766391940
NİĞDE;MERKEZ;SAZLICA - YUKARI;BARAJ YOLU SOKAK;sokak;366242
NİĞDE;MERKEZ;SAZLICA - YUKARI;BARAJ YOLU/1 SOKAK;sokak;418993780
NİĞDE;MERKEZ;SAZLICA - YUKARI;BÜYÜK ÇAYIR KÜME EVLER;sokak;481750
NİĞDE;MERKEZ;SAZLICA - YUKARI;CADDE 51.5 CADDE;cadde;99931107
NİĞDE;MERKEZ;SAZLICA - YUKARI;ÇAKICI SOKAK;sokak;366243
NİĞDE;MERKEZ;SAZLICA - YUKARI;ÇAKICI/1 SOKAK;sokak;381337730
NİĞDE;MERKEZ;SAZLICA - YUKARI;DEVECİ SOKAK;sokak;24930
NİĞDE;MERKEZ;SAZLICA - YUKARI;DEVECİ/1 SOKAK;sokak;958363670
NİĞDE;MERKEZ;SAZLICA - YUKARI;DEVECİ/2 SOKAK;sokak;766248570
NİĞDE;MERKEZ;SAZLICA - YUKARI;DÜVEN TEPE YOLU SOKAK;sokak;489868
NİĞDE;MERKEZ;SAZLICA - YUKARI;DÜVEN TEPE YOLU/2 SOKAK;sokak;111912440
NİĞDE;MERKEZ;SAZLICA - YUKARI;HACI SOKAK;sokak;24931
NİĞDE;MERKEZ;SAZLICA - YUKARI;HACI/1 SOKAK;sokak;155773490
NİĞDE;MERKEZ;SAZLICA - YUKARI;HACI/2 SOKAK;sokak;530952530
NİĞDE;MERKEZ;SAZLICA - YUKARI;ISPALI/2 SOKAK;sokak;128622561
NİĞDE;MERKEZ;SAZLICA - YUKARI;ISPALI/4 SOKAK;sokak;950619090
NİĞDE;MERKEZ;SAZLICA - YUKARI;KARAYER/3 SOKAK;sokak;484030260
NİĞDE;MERKEZ;SAZLICA - YUKARI;MERKEZ CADDE;cadde;24932
NİĞDE;MERKEZ;SAZLICA - YUKARI;MERKEZ/1 SOKAK;sokak;184349770
NİĞDE;MERKEZ;SAZLICA - YUKARI;MERKEZ/3 SOKAK;sokak;949582380
NİĞDE;MERKEZ;SAZLICA - YUKARI;MERKEZ/5 SOKAK;sokak;177871440
NİĞDE;MERKEZ;SAZLICA - YUKARI;MERKEZ/6 SOKAK;sokak;142393620
NİĞDE;MERKEZ;SAZLICA - YUKARI;MERKEZ/7 SOKAK;sokak;178201840
NİĞDE;MERKEZ;SAZLICA - YUKARI;MERKEZ/8 SOKAK;sokak;248767730
NİĞDE;MERKEZ;SAZLICA - YUKARI;MERKEZ/9 SOKAK;sokak;128263190
NİĞDE;MERKEZ;SAZLICA - YUKARI;NİĞDE CADDE;cadde;380277
NİĞDE;MERKEZ;SAZLICA - YUKARI;NİĞDE/1 SOKAK;sokak;254026780
NİĞDE;MERKEZ;SAZLICA - YUKARI;NİĞDE/2 SOKAK;sokak;108098120
NİĞDE;MERKEZ;SELÇUK;5000 SOKAK;sokak;604505821
NİĞDE;MERKEZ;SELÇUK;5001 SOKAK;sokak;125806761
NİĞDE;MERKEZ;SELÇUK;5002 SOKAK;sokak;975589771
NİĞDE;MERKEZ;SELÇUK;5003 SOKAK;sokak;225973711
NİĞDE;MERKEZ;SELÇUK;5004 SOKAK;sokak;327136871
NİĞDE;MERKEZ;SELÇUK;5005 SOKAK;sokak;124630711
NİĞDE;MERKEZ;SELÇUK;5006 CADDE;cadde;685559371
NİĞDE;MERKEZ;SELÇUK;5007 SOKAK;sokak;880617831
NİĞDE;MERKEZ;SELÇUK;5008 SOKAK;sokak;226421101
NİĞDE;MERKEZ;SELÇUK;5009 SOKAK;sokak;911789961
NİĞDE;MERKEZ;SELÇUK;5011 SOKAK;sokak;453909031
NİĞDE;MERKEZ;SELÇUK;5013 SOKAK;sokak;912495571
NİĞDE;MERKEZ;SELÇUK;ACAR SOKAK;sokak;24770
NİĞDE;MERKEZ;SELÇUK;AĞAÇLI 1 SOKAK;sokak;579393241
NİĞDE;MERKEZ;SELÇUK;AĞAÇLI SOKAK;sokak;24773
NİĞDE;MERKEZ;SELÇUK;AKPINAR SOKAK;sokak;24782
NİĞDE;MERKEZ;SELÇUK;AYDINLIK/3 SOKAK;sokak;24772
NİĞDE;MERKEZ;SELÇUK;AYDOĞAN SOKAK;sokak;366967
NİĞDE;MERKEZ;SELÇUK;BAYINDIR SOKAK;sokak;24774
NİĞDE;MERKEZ;SELÇUK;BELEN SOKAK;sokak;24775
NİĞDE;MERKEZ;SELÇUK;BİNEVLER 2 SOKAK;sokak;24777
NİĞDE;MERKEZ;SELÇUK;BİNEVLER 3 SOKAK;sokak;366969
NİĞDE;MERKEZ;SELÇUK;BİNEVLER 4 SOKAK;sokak;24778
NİĞDE;MERKEZ;SELÇUK;BİNEVLER 5 SOKAK;sokak;24779
NİĞDE;MERKEZ;SELÇUK;BUCAK ÇAYIR 1 SOKAK;sokak;970537
NİĞDE;MERKEZ;SELÇUK;BUCAK ÇAYIR4. SOKAK;sokak;970539
NİĞDE;MERKEZ;SELÇUK;BURÇAK SOKAK;sokak;366968
NİĞDE;MERKEZ;SELÇUK;BURÇAK1 SOKAK;sokak;484092051
NİĞDE;MERKEZ;SELÇUK;CAZİP SOKAK;sokak;366970
NİĞDE;MERKEZ;SELÇUK;ÇAPA SOKAK;sokak;673294820
NİĞDE;MERKEZ;SELÇUK;ÇİMEN SOKAK;sokak;26378
NİĞDE;MERKEZ;SELÇUK;DAMLA SOKAK;sokak;24781
NİĞDE;MERKEZ;SELÇUK;DENİZ SOKAK;sokak;366971
NİĞDE;MERKEZ;SELÇUK;DEVLET BAHÇELİ BULVAR;sokak;942778
NİĞDE;MERKEZ;SELÇUK;DOĞAN SOKAK;sokak;25591
NİĞDE;MERKEZ;SELÇUK;DR.SAMİ YAĞIZ CADDE;cadde;25592
NİĞDE;MERKEZ;SELÇUK;EDA SOKAK;sokak;701807400
NİĞDE;MERKEZ;SELÇUK;ELMACI SOKAK;sokak;25593
NİĞDE;MERKEZ;SELÇUK;EMEK SOKAK;sokak;371566
NİĞDE;MERKEZ;SELÇUK;ERCAN SOKAK;sokak;25594
NİĞDE;MERKEZ;SELÇUK;ETHEM ONBAŞI CADDE;cadde;25595
NİĞDE;MERKEZ;SELÇUK;FEVZİ PAŞA SOKAK;sokak;371567
NİĞDE;MERKEZ;SELÇUK;GİRNE SOKAK;sokak;25599
NİĞDE;MERKEZ;SELÇUK;GÖK SOKAK;sokak;25596
NİĞDE;MERKEZ;SELÇUK;GÖK1 SOKAK;sokak;914597431
NİĞDE;MERKEZ;SELÇUK;GÖK2 SOKAK;sokak;250744281
NİĞDE;MERKEZ;SELÇUK;GÖZDE SOKAK;sokak;25597
NİĞDE;MERKEZ;SELÇUK;GÜL SOKAK;sokak;25598
NİĞDE;MERKEZ;SELÇUK;GÜLBAHAR SOKAK;sokak;371568
NİĞDE;MERKEZ;SELÇUK;HAYAT 1 SOKAK;sokak;914312701
NİĞDE;MERKEZ;SELÇUK;HAYAT SOKAK;sokak;25600
NİĞDE;MERKEZ;SELÇUK;IŞIKLAR SOKAK;sokak;25601
NİĞDE;MERKEZ;SELÇUK;İNCE SOKAK;sokak;26385
NİĞDE;MERKEZ;SELÇUK;KANAL SOKAK;sokak;371569
NİĞDE;MERKEZ;SELÇUK;KANAL1 SOKAK;sokak;923426411
NİĞDE;MERKEZ;SELÇUK;KANER SOKAK;sokak;25602
NİĞDE;MERKEZ;SELÇUK;KARGI SOKAK;sokak;25603
NİĞDE;MERKEZ;SELÇUK;KAYGISIZ SOKAK;sokak;371570
NİĞDE;MERKEZ;SELÇUK;KESKİN SOKAK;sokak;25604
NİĞDE;MERKEZ;SELÇUK;KOÇAK SOKAK;sokak;25605
NİĞDE;MERKEZ;SELÇUK;KOZA SOKAK;sokak;480369
NİĞDE;MERKEZ;SELÇUK;KUDRET SOKAK;sokak;371573
NİĞDE;MERKEZ;SELÇUK;KURTULUŞ SOKAK;sokak;949084
NİĞDE;MERKEZ;SELÇUK;KUTLU SOKAK;sokak;24780
NİĞDE;MERKEZ;SELÇUK;LEVENT SOKAK;sokak;371571
NİĞDE;MERKEZ;SELÇUK;MEŞALE SOKAK;sokak;484838
NİĞDE;MERKEZ;SELÇUK;MEŞALE1 SOKAK;sokak;957620011
NİĞDE;MERKEZ;SELÇUK;NADİR SOKAK;sokak;489749
NİĞDE;MERKEZ;SELÇUK;NİĞKUR SOKAK;sokak;25606
NİĞDE;MERKEZ;SELÇUK;ÖNCÜ SOKAK;sokak;371575
NİĞDE;MERKEZ;SELÇUK;ÖNCÜ1 SOKAK;sokak;942455601
NİĞDE;MERKEZ;SELÇUK;ÖNGÜ SOKAK;sokak;26379
NİĞDE;MERKEZ;SELÇUK;ÖZDOĞAN SOKAK;sokak;26380
NİĞDE;MERKEZ;SELÇUK;ÖZEL SOKAK;sokak;26381
NİĞDE;MERKEZ;SELÇUK;SABANCI BULVAR;sokak;684447
NİĞDE;MERKEZ;SELÇUK;SAKİNLER SOKAK;sokak;25607
NİĞDE;MERKEZ;SELÇUK;SAMATYA SOKAK;sokak;371572
NİĞDE;MERKEZ;SELÇUK;SAMYELİ SOKAK;sokak;25608
NİĞDE;MERKEZ;SELÇUK;SEFA SOKAK;sokak;88790
NİĞDE;MERKEZ;SELÇUK;SELÇUKLU CADDE;cadde;89561
NİĞDE;MERKEZ;SELÇUK;SUSAM SOKAK;sokak;401576040
NİĞDE;MERKEZ;SELÇUK;ŞEHİT ABDULKADİR ARAS SOKAK;sokak;1514731
NİĞDE;MERKEZ;SELÇUK;ŞEHİT BÜLENT TUNÇBİLEK SOKAK;sokak;371576
NİĞDE;MERKEZ;SELÇUK;ŞEHİT MURAT ŞENGÜL SOKAK;sokak;26383
NİĞDE;MERKEZ;SELÇUK;ŞEHİT POLİS OKAN ACAR SOKAK;sokak;26374
NİĞDE;MERKEZ;SELÇUK;ŞEHİT RECEP TEKTAŞ SOKAK;sokak;499453
NİĞDE;MERKEZ;SELÇUK;ŞEHİT SALİM ERTEN SOKAK;sokak;26384
NİĞDE;MERKEZ;SELÇUK;ŞEHİT SEDAT ÇELİK SOKAK;sokak;371577
NİĞDE;MERKEZ;SELÇUK;ŞEN SOKAK;sokak;26382
NİĞDE;MERKEZ;SELÇUK;ŞENLİK SOKAK;sokak;369310
NİĞDE;MERKEZ;SELÇUK;TUNCER SOKAK;sokak;26375
NİĞDE;MERKEZ;SELÇUK;UMUT SOKAK;sokak;492489
NİĞDE;MERKEZ;SELÇUK;YEŞİL SOKAK;sokak;26376
NİĞDE;MERKEZ;SELÇUK;YEŞİLYURT SOKAK;sokak;371574
NİĞDE;MERKEZ;SELÇUK;ZÜMRÜT SOKAK;sokak;26377
NİĞDE;MERKEZ;ŞAHSÜLEYMAN;AÇELYE SOKAK;sokak;26414
NİĞDE;MERKEZ;ŞAHSÜLEYMAN;AĞAÇOLUK SOKAK;sokak;745964
NİĞDE;MERKEZ;ŞAHSÜLEYMAN;AĞAÇOLUK1 SOKAK;sokak;643257981
NİĞDE;MERKEZ;ŞAHSÜLEYMAN;AMAS BAĞLARI SOKAK;sokak;548370911
NİĞDE;MERKEZ;ŞAHSÜLEYMAN;AMAS BULVAR;sokak;497266981
NİĞDE;MERKEZ;ŞAHSÜLEYMAN;AMAS YOLU SOKAK;sokak;103608320
NİĞDE;MERKEZ;ŞAHSÜLEYMAN;ANADOLU SOKAK;sokak;26413
NİĞDE;MERKEZ;ŞAHSÜLEYMAN;ASMALI SOKAK;sokak;371590
NİĞDE;MERKEZ;ŞAHSÜLEYMAN;AŞAĞI YAĞDAN SOKAK;sokak;26444
NİĞDE;MERKEZ;ŞAHSÜLEYMAN;ATEŞ SOKAK;sokak;26443
NİĞDE;MERKEZ;ŞAHSÜLEYMAN;BAŞAK SOKAK;sokak;371591
NİĞDE;MERKEZ;ŞAHSÜLEYMAN;BURAK SOKAK;sokak;485630
NİĞDE;MERKEZ;ŞAHSÜLEYMAN;BUSE SOKAK;sokak;26418
NİĞDE;MERKEZ;ŞAHSÜLEYMAN;CAVVAR SOKAK;sokak;26445
NİĞDE;MERKEZ;ŞAHSÜLEYMAN;ÇAĞLAYAN/1 SOKAK;sokak;26428
NİĞDE;MERKEZ;ŞAHSÜLEYMAN;ÇELİK SOKAK;sokak;26429
NİĞDE;MERKEZ;ŞAHSÜLEYMAN;ÇINAR SOKAK;sokak;26430
NİĞDE;MERKEZ;ŞAHSÜLEYMAN;EGEMEN SOKAK;sokak;561417
NİĞDE;MERKEZ;ŞAHSÜLEYMAN;EGEMEN1 SOKAK;sokak;853072541
NİĞDE;MERKEZ;ŞAHSÜLEYMAN;EMİN ERİŞİRGİL BULVAR;sokak;26446
NİĞDE;MERKEZ;ŞAHSÜLEYMAN;ERDEMLİ SOKAK;sokak;371592
NİĞDE;MERKEZ;ŞAHSÜLEYMAN;FAİK ŞAHENK BULVAR;sokak;26447
NİĞDE;MERKEZ;ŞAHSÜLEYMAN;FERAH SOKAK;sokak;26448
NİĞDE;MERKEZ;ŞAHSÜLEYMAN;FİDANLIK KORU ÇAYIRI SOKAK;sokak;25446
NİĞDE;MERKEZ;ŞAHSÜLEYMAN;GÖKTUĞ SOKAK;sokak;833045
NİĞDE;MERKEZ;ŞAHSÜLEYMAN;GÖKTUĞ1 SOKAK;sokak;682224471
NİĞDE;MERKEZ;ŞAHSÜLEYMAN;GÖKTUĞ2 SOKAK;sokak;464467461
NİĞDE;MERKEZ;ŞAHSÜLEYMAN;GÜR SOKAK;sokak;742724
NİĞDE;MERKEZ;ŞAHSÜLEYMAN;KARDELEN SOKAK;sokak;26419
NİĞDE;MERKEZ;ŞAHSÜLEYMAN;KÖSELER SOKAK;sokak;839133
NİĞDE;MERKEZ;ŞAHSÜLEYMAN;KUMRAL SOKAK;sokak;473842
NİĞDE;MERKEZ;ŞAHSÜLEYMAN;LEYLAK SOKAK;sokak;26439
NİĞDE;MERKEZ;ŞAHSÜLEYMAN;MISRA SOKAK;sokak;681624
NİĞDE;MERKEZ;ŞAHSÜLEYMAN;MISRA1 SOKAK;sokak;817245691
NİĞDE;MERKEZ;ŞAHSÜLEYMAN;NAGEHAN SOKAK;sokak;742725
NİĞDE;MERKEZ;ŞAHSÜLEYMAN;OFİS SOKAK;sokak;137233331
NİĞDE;MERKEZ;ŞAHSÜLEYMAN;ORKİDE SOKAK;sokak;26421
NİĞDE;MERKEZ;ŞAHSÜLEYMAN;ORKİDE1 SOKAK;sokak;637306591
NİĞDE;MERKEZ;ŞAHSÜLEYMAN;PIRILTI SOKAK;sokak;371588
NİĞDE;MERKEZ;ŞAHSÜLEYMAN;SAKARYA SOKAK;sokak;312792
NİĞDE;MERKEZ;ŞAHSÜLEYMAN;SALKIM SOKAK;sokak;26422
NİĞDE;MERKEZ;ŞAHSÜLEYMAN;SEDİR SOKAK;sokak;26423
NİĞDE;MERKEZ;ŞAHSÜLEYMAN;SUAT BAYKAL CADDE;cadde;371589
NİĞDE;MERKEZ;ŞAHSÜLEYMAN;ŞEHİT ASTSUBAY YASİN TEKİN SOKAK;sokak;26438
NİĞDE;MERKEZ;ŞAHSÜLEYMAN;ŞEHİT AYHAN ATLI SOKAK;sokak;26431
NİĞDE;MERKEZ;ŞAHSÜLEYMAN;ŞEHİT BAYRAM GÖKTAŞ CADDE;cadde;362312150
NİĞDE;MERKEZ;ŞAHSÜLEYMAN;ŞEHİT FARUK EREN SOKAK;sokak;26433
NİĞDE;MERKEZ;ŞAHSÜLEYMAN;ŞEHİT FAZIL DOĞRUÖZ SOKAK;sokak;436000301
NİĞDE;MERKEZ;ŞAHSÜLEYMAN;ŞEHİT HAMZA BAYHAN SOKAK;sokak;26434
NİĞDE;MERKEZ;ŞAHSÜLEYMAN;ŞEHİT ÖZER ÖZKAYA SOKAK;sokak;488073
NİĞDE;MERKEZ;ŞAHSÜLEYMAN;ŞEHİT ZEKAİ ÇAMUR SOKAK;sokak;26435
NİĞDE;MERKEZ;ŞAHSÜLEYMAN;ŞİRİN SOKAK;sokak;371587
NİĞDE;MERKEZ;ŞAHSÜLEYMAN;ŞİRİNEVLER 1 SOKAK;sokak;26436
NİĞDE;MERKEZ;ŞAHSÜLEYMAN;ŞİRİNEVLER 2 SOKAK;sokak;26437
NİĞDE;MERKEZ;ŞAHSÜLEYMAN;TERMİNAL 1 SOKAK;sokak;26424
NİĞDE;MERKEZ;ŞAHSÜLEYMAN;TERMİNAL 2 SOKAK;sokak;26425
NİĞDE;MERKEZ;ŞAHSÜLEYMAN;UYGAR SOKAK;sokak;26441
NİĞDE;MERKEZ;ŞAHSÜLEYMAN;YAYLAK SOKAK;sokak;25065
NİĞDE;MERKEZ;ŞAHSÜLEYMAN;YAYLAK1 SOKAK;sokak;349741051
NİĞDE;MERKEZ;ŞAHSÜLEYMAN;YAYLAK2 SOKAK;sokak;142302621
NİĞDE;MERKEZ;ŞAHSÜLEYMAN;YILDIRIM SOKAK;sokak;26426
NİĞDE;MERKEZ;ŞAHSÜLEYMAN;YİĞİTLER SOKAK;sokak;26442
NİĞDE;MERKEZ;ŞAHSÜLEYMAN;YÖRÜK SOKAK;sokak;596727090
NİĞDE;MERKEZ;ŞAHSÜLEYMAN;YÖRÜK1 SOKAK;sokak;961630501
NİĞDE;MERKEZ;ŞAHSÜLEYMAN;YÖRÜK2 SOKAK;sokak;959207401
NİĞDE;MERKEZ;ŞAHSÜLEYMAN;YURT1 SOKAK;sokak;189409
NİĞDE;MERKEZ;ŞAHSÜLEYMAN;YÜREKLİ SOKAK;sokak;26440
NİĞDE;MERKEZ;ŞAHSÜLEYMAN;ZAMBAK SOKAK;sokak;26427
NİĞDE;MERKEZ;ŞEHİTLER;AHENK SOKAK;sokak;905158
NİĞDE;MERKEZ;ŞEHİTLER;AKARSU SOKAK;sokak;26449
NİĞDE;MERKEZ;ŞEHİTLER;AKASYA SOKAK;sokak;368714
NİĞDE;MERKEZ;ŞEHİTLER;ATMACA SOKAK;sokak;700103680
NİĞDE;MERKEZ;ŞEHİTLER;AZİMLİ SOKAK;sokak;26450
NİĞDE;MERKEZ;ŞEHİTLER;BAKIR SOKAK;sokak;867346
NİĞDE;MERKEZ;ŞEHİTLER;BAYDOĞAN SOKAK;sokak;27196
NİĞDE;MERKEZ;ŞEHİTLER;BEHZAT ECEMİŞ CADDE;cadde;24744
NİĞDE;MERKEZ;ŞEHİTLER;BEHZAT SOKAK;sokak;27251
NİĞDE;MERKEZ;ŞEHİTLER;BENT SOKAK;sokak;965699260
NİĞDE;MERKEZ;ŞEHİTLER;BEYLER SOKAK;sokak;905792
NİĞDE;MERKEZ;ŞEHİTLER;BURÇ SOKAK;sokak;116679611
NİĞDE;MERKEZ;ŞEHİTLER;ÇAĞDAŞ SOKAK;sokak;692944941
NİĞDE;MERKEZ;ŞEHİTLER;ÇILDIR 1 SOKAK;sokak;982041
NİĞDE;MERKEZ;ŞEHİTLER;ÇILDIR 2 SOKAK;sokak;27273
NİĞDE;MERKEZ;ŞEHİTLER;DARACIK SOKAK;sokak;26451
NİĞDE;MERKEZ;ŞEHİTLER;DERE SOKAK;sokak;32335
NİĞDE;MERKEZ;ŞEHİTLER;EKER SOKAK;sokak;26452
NİĞDE;MERKEZ;ŞEHİTLER;ELMAS SOKAK;sokak;33114
NİĞDE;MERKEZ;ŞEHİTLER;ETİ SOKAK;sokak;27195
NİĞDE;MERKEZ;ŞEHİTLER;ETİ1 SOKAK;sokak;957356351
NİĞDE;MERKEZ;ŞEHİTLER;ETİ2 SOKAK;sokak;786202001
NİĞDE;MERKEZ;ŞEHİTLER;ETİ3 SOKAK;sokak;953773541
NİĞDE;MERKEZ;ŞEHİTLER;FATMA NEZAHAT SOKAK;sokak;371604
NİĞDE;MERKEZ;ŞEHİTLER;FİRAKİ SOKAK;sokak;26454
NİĞDE;MERKEZ;ŞEHİTLER;GONCA SOKAK;sokak;371595
NİĞDE;MERKEZ;ŞEHİTLER;GÜMÜŞ 1 SOKAK;sokak;220674901
NİĞDE;MERKEZ;ŞEHİTLER;GÜMÜŞ SOKAK;sokak;25485
NİĞDE;MERKEZ;ŞEHİTLER;HARMAN SOKAK;sokak;377798
NİĞDE;MERKEZ;ŞEHİTLER;HİSAR SOKAK;sokak;24738
NİĞDE;MERKEZ;ŞEHİTLER;HİSAR1 SOKAK;sokak;555413201
NİĞDE;MERKEZ;ŞEHİTLER;HİSAR2 SOKAK;sokak;977559121
NİĞDE;MERKEZ;ŞEHİTLER;HİSAR3 SOKAK;sokak;244873241
NİĞDE;MERKEZ;ŞEHİTLER;HİSAR4 SOKAK;sokak;257124491
NİĞDE;MERKEZ;ŞEHİTLER;HİSAR5 SOKAK;sokak;622492631
NİĞDE;MERKEZ;ŞEHİTLER;HİSAR6 SOKAK;sokak;132357261
NİĞDE;MERKEZ;ŞEHİTLER;HİSAR7 SOKAK;sokak;311768861
NİĞDE;MERKEZ;ŞEHİTLER;HÜNKAR SOKAK;sokak;24737
NİĞDE;MERKEZ;ŞEHİTLER;IRMAK SOKAK;sokak;24736
NİĞDE;MERKEZ;ŞEHİTLER;ITIR SOKAK;sokak;24735
NİĞDE;MERKEZ;ŞEHİTLER;İĞDE SOKAK;sokak;395866561
NİĞDE;MERKEZ;ŞEHİTLER;KADIRGA SOKAK;sokak;24733
NİĞDE;MERKEZ;ŞEHİTLER;KAFES SOKAK;sokak;24732
NİĞDE;MERKEZ;ŞEHİTLER;KAKÜL SOKAK;sokak;372113
NİĞDE;MERKEZ;ŞEHİTLER;KALENDER SOKAK;sokak;371606
NİĞDE;MERKEZ;ŞEHİTLER;KALFA SOKAK;sokak;27203
NİĞDE;MERKEZ;ŞEHİTLER;KALYON SOKAK;sokak;27201
NİĞDE;MERKEZ;ŞEHİTLER;KAMALI SOKAK;sokak;27200
NİĞDE;MERKEZ;ŞEHİTLER;KAMALI1 SOKAK;sokak;141214791
NİĞDE;MERKEZ;ŞEHİTLER;KANARYA SOKAK;sokak;23756
NİĞDE;MERKEZ;ŞEHİTLER;KANDIRA SOKAK;sokak;372112
NİĞDE;MERKEZ;ŞEHİTLER;KANGAL SOKAK;sokak;54459
NİĞDE;MERKEZ;ŞEHİTLER;KASIRGA SOKAK;sokak;27198
NİĞDE;MERKEZ;ŞEHİTLER;KAYMAK ÇIKMAZI SOKAK;sokak;26456
NİĞDE;MERKEZ;ŞEHİTLER;KEMAL ÜMMİ CADDESİ CADDE;cadde;371596
NİĞDE;MERKEZ;ŞEHİTLER;MANOLYA SOKAK;sokak;26458
NİĞDE;MERKEZ;ŞEHİTLER;MEHTAP SOKAK;sokak;697595531
NİĞDE;MERKEZ;ŞEHİTLER;MEŞE SOKAK;sokak;597436661
NİĞDE;MERKEZ;ŞEHİTLER;MEZGİT ÖNÜ SOKAK;sokak;26459
NİĞDE;MERKEZ;ŞEHİTLER;MUHSİN YAZICIOĞLU CADDE;cadde;561896161
NİĞDE;MERKEZ;ŞEHİTLER;MURTAZA BEY SOKAK;sokak;371597
NİĞDE;MERKEZ;ŞEHİTLER;ODALAR SOKAK;sokak;26460
NİĞDE;MERKEZ;ŞEHİTLER;OSMAN GAZİ/5 CADDE;cadde;1430585
NİĞDE;MERKEZ;ŞEHİTLER;ÖZVEREN SOKAK;sokak;371600
NİĞDE;MERKEZ;ŞEHİTLER;RECEP TAYYİP ERDOĞAN BULVAR;sokak;1430561
NİĞDE;MERKEZ;ŞEHİTLER;SAHRA SOKAK;sokak;1497187
NİĞDE;MERKEZ;ŞEHİTLER;SARMAŞIK SOKAK;sokak;981945
NİĞDE;MERKEZ;ŞEHİTLER;SAYLAN SOKAK;sokak;136926601
NİĞDE;MERKEZ;ŞEHİTLER;SELVİ SOKAK;sokak;23760
NİĞDE;MERKEZ;ŞEHİTLER;SERGEN SOKAK;sokak;495857
NİĞDE;MERKEZ;ŞEHİTLER;SEVİNÇ SOKAK;sokak;23761
NİĞDE;MERKEZ;ŞEHİTLER;SÜRMELI SOKAK;sokak;27242
NİĞDE;MERKEZ;ŞEHİTLER;SÜRMELİ CAMİİ SOKAK;sokak;371599
NİĞDE;MERKEZ;ŞEHİTLER;ŞEFİK SOYER MEYDAN;sokak;27247
NİĞDE;MERKEZ;ŞEHİTLER;ŞEHİT. BURHAN GÜNKAN SOKAK;sokak;371601
NİĞDE;MERKEZ;ŞEHİTLER;ŞEHİT. KAHRAMAN ÇELİKBAŞ SOKAK;sokak;27246
NİĞDE;MERKEZ;ŞEHİTLER;TOKMAK SOKAK;sokak;351562071
NİĞDE;MERKEZ;ŞEHİTLER;TUNÇ SOKAK;sokak;23763
NİĞDE;MERKEZ;ŞEHİTLER;ULUSOYLAR1 SOKAK;sokak;952009
NİĞDE;MERKEZ;ŞEHİTLER;ULUSOYLAR2 SOKAK;sokak;209217221
NİĞDE;MERKEZ;ŞEHİTLER;ULUSOYLAR3 SOKAK;sokak;980211161
NİĞDE;MERKEZ;ŞEHİTLER;URAS SOKAK;sokak;837387
NİĞDE;MERKEZ;ŞEHİTLER;VEZİROĞLU SOKAK;sokak;905791
NİĞDE;MERKEZ;ŞEHİTLER;VEZİROĞLU1 SOKAK;sokak;869801581
NİĞDE;MERKEZ;ŞEHİTLER;YEŞİLBURÇ CADDE;cadde;193788271
NİĞDE;MERKEZ;TAŞLICA NA;TAŞLICA KÜME EVLER;sokak;481099
NİĞDE;MERKEZ;TEPEKÖY NA;NIĞDE ÇIFTLIK YOLU BULVAR;sokak;130900970
NİĞDE;MERKEZ;TEPEKÖY NA;TEPEKÖY1 KÜME EVLER;sokak;483595
NİĞDE;MERKEZ;TIRHAN NA;ÇİFTLİK CADDE;cadde;201428991
NİĞDE;MERKEZ;TIRHAN NA;TIRHAN KÜME EVLER;sokak;478143
NİĞDE;MERKEZ;ULUAĞAÇ NA;ÇAMARDI YOLU BULVAR;sokak;411951570
NİĞDE;MERKEZ;ULUAĞAÇ NA;KAYSERİ YOLU BULVAR;sokak;181214180
NİĞDE;MERKEZ;ULUAĞAÇ NA;ÖZYURT CADDE;cadde;978046780
NİĞDE;MERKEZ;ULUAĞAÇ NA;ULUAĞAÇ KÜME EVLER;sokak;483248
NİĞDE;MERKEZ;YARHİSAR NA;ÇAMARDI YOLU BULVAR;sokak;132535470
NİĞDE;MERKEZ;YARHİSAR NA;DİKİLİTAŞ/6 SOKAK;sokak;849505420
NİĞDE;MERKEZ;YARHİSAR NA;YARHİSAR KÜME EVLER;sokak;482011
NİĞDE;MERKEZ;YAYLAYOLU NA;NIĞDE GÜNEY OTOYOLU BULVAR;sokak;173093940
NİĞDE;MERKEZ;YAYLAYOLU NA;YAYLAYOLU KÜME EVLER;sokak;626979580
NİĞDE;MERKEZ;YAYLAYOLU NA;YAYLAYOLU/1 KÜME EVLER;sokak;478583
NİĞDE;MERKEZ;YEŞİLBURÇ NA;NIĞDE ÇIFTLIK YOLU BULVAR;sokak;136380510
NİĞDE;MERKEZ;YEŞİLBURÇ NA;YEŞİLBURÇ KÜME EVLER;sokak;481098
NİĞDE;MERKEZ;YEŞİLGÖLCÜK - AŞAĞI;ÇEŞMELİ SOKAK;sokak;366244
NİĞDE;MERKEZ;YEŞİLGÖLCÜK - AŞAĞI;ÇEŞMELİ/1 SOKAK;sokak;284696250
NİĞDE;MERKEZ;YEŞİLGÖLCÜK - AŞAĞI;ÇİFTLİK 1. SOKAK;sokak;455381880
NİĞDE;MERKEZ;YEŞİLGÖLCÜK - AŞAĞI;ÇİFTLİK CADDE;cadde;24936
NİĞDE;MERKEZ;YEŞİLGÖLCÜK - AŞAĞI;ÇİFTLİK/2 SOKAK;sokak;409799160
NİĞDE;MERKEZ;YEŞİLGÖLCÜK - AŞAĞI;DEĞİRMENCİ/1 SOKAK;sokak;665549240
NİĞDE;MERKEZ;YEŞİLGÖLCÜK - AŞAĞI;ESEN SOKAK;sokak;53017
NİĞDE;MERKEZ;YEŞİLGÖLCÜK - AŞAĞI;ESEN/1 SOKAK;sokak;331738810
NİĞDE;MERKEZ;YEŞİLGÖLCÜK - AŞAĞI;ESKİ YOL CADDE;cadde;478133
NİĞDE;MERKEZ;YEŞİLGÖLCÜK - AŞAĞI;FEYZULLAH SAĞLAM SOKAK;sokak;24934
NİĞDE;MERKEZ;YEŞİLGÖLCÜK - AŞAĞI;HAKKI ŞENGÜL BULVAR;sokak;478138
NİĞDE;MERKEZ;YEŞİLGÖLCÜK - AŞAĞI;HAKKI ŞENGÜL/1 SOKAK;sokak;811808380
NİĞDE;MERKEZ;YEŞİLGÖLCÜK - AŞAĞI;HAKKI ŞENGÜL/6 SOKAK;sokak;700711700
NİĞDE;MERKEZ;YEŞİLGÖLCÜK - AŞAĞI;HASAKÖY YOLU SOKAK;sokak;28243
NİĞDE;MERKEZ;YEŞİLGÖLCÜK - AŞAĞI;HASAKÖY YOLU/1 SOKAK;sokak;841649870
NİĞDE;MERKEZ;YEŞİLGÖLCÜK - AŞAĞI;HASAKÖY YOLU/2 SOKAK;sokak;675818840
NİĞDE;MERKEZ;YEŞİLGÖLCÜK - AŞAĞI;MERT SOKAK;sokak;24935
NİĞDE;MERKEZ;YEŞİLGÖLCÜK - AŞAĞI;MERT/1 SOKAK;sokak;954650350
NİĞDE;MERKEZ;YEŞİLGÖLCÜK - AŞAĞI;MERT/2 SOKAK;sokak;438115790
NİĞDE;MERKEZ;YEŞİLGÖLCÜK - AŞAĞI;SAĞLAM SOKAK;sokak;490798
NİĞDE;MERKEZ;YEŞİLGÖLCÜK - AŞAĞI;ŞAHİN KÜME EVLER;sokak;24937
NİĞDE;MERKEZ;YEŞİLGÖLCÜK - AŞAĞI;TIRHAN YOLU SOKAK;sokak;485033
NİĞDE;MERKEZ;YEŞİLGÖLCÜK - CUMHURİYET;AVŞAR ÇIKMAZI SOKAK;sokak;24939
NİĞDE;MERKEZ;YEŞİLGÖLCÜK - CUMHURİYET;ÇAKIR SOKAK;sokak;24940
NİĞDE;MERKEZ;YEŞİLGÖLCÜK - CUMHURİYET;ÇAKIR/1 SOKAK;sokak;211867050
NİĞDE;MERKEZ;YEŞİLGÖLCÜK - CUMHURİYET;ÇOBAN ÇIKMAZI SOKAK;sokak;484500
NİĞDE;MERKEZ;YEŞİLGÖLCÜK - CUMHURİYET;ESKİ YOL CADDE;cadde;478135
NİĞDE;MERKEZ;YEŞİLGÖLCÜK - CUMHURİYET;ESKİ YOL/1 SOKAK;sokak;789321180
NİĞDE;MERKEZ;YEŞİLGÖLCÜK - CUMHURİYET;ESKİ YOL/4 SOKAK;sokak;815340671
NİĞDE;MERKEZ;YEŞİLGÖLCÜK - CUMHURİYET;GÖL SOKAK;sokak;24938
NİĞDE;MERKEZ;YEŞİLGÖLCÜK - CUMHURİYET;HAKKI ŞENGÜL BULVAR;sokak;478136
NİĞDE;MERKEZ;YEŞİLGÖLCÜK - CUMHURİYET;HAKKI ŞENGÜL/2 SOKAK;sokak;899453490
NİĞDE;MERKEZ;YEŞİLGÖLCÜK - CUMHURİYET;HAKKI ŞENGÜL/4 SOKAK;sokak;732897120
NİĞDE;MERKEZ;YEŞİLGÖLCÜK - CUMHURİYET;HAKKI ŞENGÜL/5 SOKAK;sokak;126190780
NİĞDE;MERKEZ;YEŞİLGÖLCÜK - CUMHURİYET;HAKKI ŞENGÜL/6 SOKAK;sokak;700711701
NİĞDE;MERKEZ;YEŞİLGÖLCÜK - CUMHURİYET;HAKKI ŞENGÜL/7 SOKAK;sokak;504991280
NİĞDE;MERKEZ;YEŞİLGÖLCÜK - CUMHURİYET;LİSE KÜME EVLER;sokak;366245
NİĞDE;MERKEZ;YEŞİLGÖLCÜK - CUMHURİYET;MEZARLIK YOLU CADDE;cadde;983709920
NİĞDE;MERKEZ;YEŞİLGÖLCÜK - CUMHURİYET;MİSLİ YOLU CADDE;cadde;507001780
NİĞDE;MERKEZ;YEŞİLGÖLCÜK - CUMHURİYET;SAĞLIK OCAĞI KÜME EVLER;sokak;382485
NİĞDE;MERKEZ;YEŞİLGÖLCÜK - CUMHURİYET;TUNCAY SOKAK;sokak;508897161
NİĞDE;MERKEZ;YEŞİLGÖLCÜK - HÜRRİYET;ERTUL KÜME EVLER;sokak;804381950
NİĞDE;MERKEZ;YEŞİLGÖLCÜK - HÜRRİYET;ESKİ MİSLİ YOLU SOKAK;sokak;848185
NİĞDE;MERKEZ;YEŞİLGÖLCÜK - HÜRRİYET;ESKİ YOL CADDE;cadde;478134
NİĞDE;MERKEZ;YEŞİLGÖLCÜK - HÜRRİYET;ESKİ YOL/3 SOKAK;sokak;843430370
NİĞDE;MERKEZ;YEŞİLGÖLCÜK - HÜRRİYET;GOBYE YOLU SOKAK;sokak;24941
NİĞDE;MERKEZ;YEŞİLGÖLCÜK - HÜRRİYET;HAKKI ŞENGÜL BULVAR;sokak;803363160
NİĞDE;MERKEZ;YEŞİLGÖLCÜK - HÜRRİYET;MİSLİ YOLU CADDE;cadde;24942
NİĞDE;MERKEZ;YEŞİLGÖLCÜK - HÜRRİYET;MİSLİ YOLU/1 SOKAK;sokak;403318600
NİĞDE;MERKEZ;YEŞİLGÖLCÜK - HÜRRİYET;ORHANLI YOLU CADDE;cadde;24509
NİĞDE;MERKEZ;YEŞİLGÖLCÜK - HÜRRİYET;ORHANLI YOLU/2 SOKAK;sokak;367210410
NİĞDE;MERKEZ;YEŞİLGÖLCÜK - HÜRRİYET;ORHANLI YOLU/3 SOKAK;sokak;867081870
NİĞDE;MERKEZ;YEŞİLGÖLCÜK - HÜRRİYET;ŞAFAK KÜME EVLER;sokak;24943
NİĞDE;MERKEZ;YEŞİLGÖLCÜK - HÜRRİYET;USLU KÜME EVLER;sokak;24944
NİĞDE;MERKEZ;YEŞİLGÖLCÜK - YENİ;AKTAŞ SOKAK;sokak;24945
NİĞDE;MERKEZ;YEŞİLGÖLCÜK - YENİ;AKTAŞ/1 SOKAK;sokak;102974710
NİĞDE;MERKEZ;YEŞİLGÖLCÜK - YENİ;AKTAŞ/3 SOKAK;sokak;741099760
NİĞDE;MERKEZ;YEŞİLGÖLCÜK - YENİ;AKTAŞ/4 SOKAK;sokak;745358810
NİĞDE;MERKEZ;YEŞİLGÖLCÜK - YENİ;AKTAŞ/6 SOKAK;sokak;366254650
NİĞDE;MERKEZ;YEŞİLGÖLCÜK - YENİ;AKTAŞ/7 SOKAK;sokak;414437710
NİĞDE;MERKEZ;YEŞİLGÖLCÜK - YENİ;AKTAŞ/8 SOKAK;sokak;894058310
NİĞDE;MERKEZ;YEŞİLGÖLCÜK - YENİ;ÇEŞMELİ SOKAK;sokak;963042251
NİĞDE;MERKEZ;YEŞİLGÖLCÜK - YENİ;DAĞ YOLU KÜME EVLER;sokak;24946
NİĞDE;MERKEZ;YEŞİLGÖLCÜK - YENİ;DEPO YOLU SOKAK;sokak;234893540
NİĞDE;MERKEZ;YEŞİLGÖLCÜK - YENİ;ESKİ DEĞİRMEN YOLU SOKAK;sokak;1488489
NİĞDE;MERKEZ;YEŞİLGÖLCÜK - YENİ;ESKİ DEĞİRMEN YOLU/1 SOKAK;sokak;356064740
NİĞDE;MERKEZ;YEŞİLGÖLCÜK - YENİ;ESKİ YOL CADDE;cadde;485923
NİĞDE;MERKEZ;YEŞİLGÖLCÜK - YENİ;ESKİ YOL/2 SOKAK;sokak;294404010
NİĞDE;MERKEZ;YEŞİLGÖLCÜK - YENİ;HAKKI ŞENGÜL BULVAR;sokak;478137
NİĞDE;MERKEZ;YEŞİLGÖLCÜK - YENİ;HAKKI ŞENGÜL/1 SOKAK;sokak;811808381
NİĞDE;MERKEZ;YEŞİLGÖLCÜK - YENİ;HAKKI ŞENGÜL/11 SOKAK;sokak;672757760
NİĞDE;MERKEZ;YEŞİLGÖLCÜK - YENİ;HAKKI ŞENGÜL/12 SOKAK;sokak;447301740
NİĞDE;MERKEZ;YEŞİLGÖLCÜK - YENİ;HAKKI ŞENGÜL/13 SOKAK;sokak;359644510
NİĞDE;MERKEZ;YEŞİLGÖLCÜK - YENİ;HAKKI ŞENGÜL/14 SOKAK;sokak;381903280
NİĞDE;MERKEZ;YEŞİLGÖLCÜK - YENİ;HAKKI ŞENGÜL/15 SOKAK;sokak;786088740
NİĞDE;MERKEZ;YEŞİLGÖLCÜK - YENİ;KARAMAN SOKAK;sokak;366246
NİĞDE;MERKEZ;YEŞİLGÖLCÜK - YENİ;ORHANLI YOLU/1 SOKAK;sokak;815924790
NİĞDE;MERKEZ;YEŞİLGÖLCÜK - YENİ;PANAY HARKI SOKAK;sokak;505915
NİĞDE;MERKEZ;YEŞİLGÖLCÜK - YENİ;PANAY HARKI/1 SOKAK;sokak;128667290
NİĞDE;MERKEZ;YEŞİLGÖLCÜK - YENİ;SARIGÖL SOKAK;sokak;53177
NİĞDE;MERKEZ;YEŞİLGÖLCÜK - YUKARI;BELEDİYE CADDE;cadde;24947
NİĞDE;MERKEZ;YEŞİLGÖLCÜK - YUKARI;BELEDİYE/1 SOKAK;sokak;966062980
NİĞDE;MERKEZ;YEŞİLGÖLCÜK - YUKARI;BELEDİYE/2 SOKAK;sokak;191719660
NİĞDE;MERKEZ;YEŞİLGÖLCÜK - YUKARI;BELEDİYE/3 SOKAK;sokak;243277770
NİĞDE;MERKEZ;YEŞİLGÖLCÜK - YUKARI;BELEDİYE/4 SOKAK;sokak;219561640
NİĞDE;MERKEZ;YEŞİLGÖLCÜK - YUKARI;BELEDİYE/5 SOKAK;sokak;923099620
NİĞDE;MERKEZ;YEŞİLGÖLCÜK - YUKARI;BİLGİN SOKAK;sokak;24948
NİĞDE;MERKEZ;YEŞİLGÖLCÜK - YUKARI;BİLGİN/1 SOKAK;sokak;454316810
NİĞDE;MERKEZ;YEŞİLGÖLCÜK - YUKARI;BİLGİN/2 SOKAK;sokak;201596120
NİĞDE;MERKEZ;YEŞİLGÖLCÜK - YUKARI;DEPO YOLU SOKAK;sokak;484498
NİĞDE;MERKEZ;YEŞİLGÖLCÜK - YUKARI;DEPO YOLU/1 SOKAK;sokak;427221990
NİĞDE;MERKEZ;YEŞİLGÖLCÜK - YUKARI;DEPO YOLU/2 SOKAK;sokak;760280340
NİĞDE;MERKEZ;YEŞİLGÖLCÜK - YUKARI;DEPO YOLU/3 SOKAK;sokak;257705530
NİĞDE;MERKEZ;YEŞİLGÖLCÜK - YUKARI;ERTUL KÜME EVLER;sokak;24949
NİĞDE;MERKEZ;YEŞİLGÖLCÜK - YUKARI;ESKİ DEĞİRMEN YOLU/1 SOKAK;sokak;356064741
NİĞDE;MERKEZ;YEŞİLGÖLCÜK - YUKARI;ESKİ YOL CADDE;cadde;478132
NİĞDE;MERKEZ;YEŞİLGÖLCÜK - YUKARI;ESKİ YOL/4 SOKAK;sokak;815340670
NİĞDE;MERKEZ;YEŞİLGÖLCÜK - YUKARI;GOBYE YOLU SOKAK;sokak;24951
NİĞDE;MERKEZ;YEŞİLGÖLCÜK - YUKARI;GOBYE YOLU/1 SOKAK;sokak;191311680
NİĞDE;MERKEZ;YEŞİLGÖLCÜK - YUKARI;HAKKI ŞENGÜL BULVAR;sokak;498419191
NİĞDE;MERKEZ;YEŞİLGÖLCÜK - YUKARI;MİSLİ YOLU CADDE;cadde;24950
NİĞDE;MERKEZ;YEŞİLGÖLCÜK - YUKARI;MİSLİ YOLU/1 SOKAK;sokak;167811480
NİĞDE;MERKEZ;YEŞİLGÖLCÜK - YUKARI;MİSLİ YOLU/2 SOKAK;sokak;134789950
NİĞDE;MERKEZ;YEŞİLGÖLCÜK - YUKARI;ORHANLI YOLU/2 SOKAK;sokak;180842100
NİĞDE;MERKEZ;YEŞİLGÖLCÜK - YUKARI;PALA SOKAK;sokak;24952
NİĞDE;MERKEZ;YEŞİLGÖLCÜK - YUKARI;SARAÇ SOKAK;sokak;53178
NİĞDE;MERKEZ;YEŞİLGÖLCÜK - YUKARI;SOĞUKSU YOLU CADDE;cadde;528443700
NİĞDE;MERKEZ;YEŞİLGÖLCÜK - YUKARI;ŞAFAK KÜME EVLER;sokak;239147651
NİĞDE;MERKEZ;YEŞİLGÖLCÜK - YUKARI;TOPLAR SOKAK;sokak;366247
NİĞDE;MERKEZ;YEŞİLGÖLCÜK - YUKARI;TOPLAR/1 SOKAK;sokak;902248410
NİĞDE;MERKEZ;YEŞİLGÖLCÜK - YUKARI;TUNCAY SOKAK;sokak;24954
NİĞDE;MERKEZ;YEŞİLGÖLCÜK - YUKARI;TUNCAY/1 SOKAK;sokak;233954290
NİĞDE;MERKEZ;YEŞİLGÖLCÜK - YUKARI;USLU KÜME EVLER;sokak;505017
NİĞDE;MERKEZ;YEŞİLGÖLCÜK - YUKARI;ÜNLÜ SOKAK;sokak;24957
NİĞDE;MERKEZ;YEŞİLGÖLCÜK - YUKARI;ÜNLÜ/1 SOKAK;sokak;888812550
NİĞDE;MERKEZ;YEŞİLGÖLCÜK - YUKARI;YETER SOKAK;sokak;478115
NİĞDE;MERKEZ;YEŞİLGÖLCÜK - YUKARI;YETER/1 SOKAK;sokak;442237170
NİĞDE;MERKEZ;YEŞİLGÖLCÜK - YUKARI;YÜCE SOKAK;sokak;24955
NİĞDE;MERKEZ;YEŞİLGÖLCÜK - YUKARI;YÜCE/1 SOKAK;sokak;967242730
NİĞDE;MERKEZ;YEŞİLGÖLCÜK - YUKARI;YÜKSEL SOKAK;sokak;24956
NİĞDE;MERKEZ;YEŞİLGÖLCÜK - YUKARI;YÜKSEL/1 SOKAK;sokak;373189380
NİĞDE;MERKEZ;YEŞİLGÖLCÜK - YUKARI;YÜKSEL/2 SOKAK;sokak;871898170
NİĞDE;MERKEZ;YEŞİLOVA NA;ÇAMARDI YOLU BULVAR;sokak;263918540
NİĞDE;MERKEZ;YEŞİLOVA NA;YEŞİLOVA KÜME EVLER;sokak;475850
NİĞDE;MERKEZ;YILDIZTEPE - BAHÇELİEVLER;BAHÇELİEVLER/1 SOKAK;sokak;561009930
NİĞDE;MERKEZ;YILDIZTEPE - BAHÇELİEVLER;BAYAR CADDE;cadde;493334
NİĞDE;MERKEZ;YILDIZTEPE - BAHÇELİEVLER;BAYRAMPAŞA CADDE;cadde;366218
NİĞDE;MERKEZ;YILDIZTEPE - BAHÇELİEVLER;DEGİRMEN YOLU SOKAK;sokak;488732
NİĞDE;MERKEZ;YILDIZTEPE - BAHÇELİEVLER;DERE YOLU SOKAK;sokak;23217
NİĞDE;MERKEZ;YILDIZTEPE - BAHÇELİEVLER;DİNK SOKAK;sokak;23218
NİĞDE;MERKEZ;YILDIZTEPE - BAHÇELİEVLER;DİNK/1 SOKAK;sokak;318540450
NİĞDE;MERKEZ;YILDIZTEPE - BAHÇELİEVLER;EĞİTİMCİLER CADDE;cadde;488239
NİĞDE;MERKEZ;YILDIZTEPE - BAHÇELİEVLER;EVREN CADDE;cadde;488731
NİĞDE;MERKEZ;YILDIZTEPE - BAHÇELİEVLER;FEVZİ ÇAKMAK CADDE;cadde;366219
NİĞDE;MERKEZ;YILDIZTEPE - BAHÇELİEVLER;FEVZİ ÇAKMAK/1 SOKAK;sokak;197952100
NİĞDE;MERKEZ;YILDIZTEPE - BAHÇELİEVLER;FİRİZLİ YOLU CADDE;cadde;22062
NİĞDE;MERKEZ;YILDIZTEPE - BAHÇELİEVLER;GAZİLER SOKAK;sokak;479937
NİĞDE;MERKEZ;YILDIZTEPE - BAHÇELİEVLER;GENÇ OSMAN CADDE;cadde;488736
NİĞDE;MERKEZ;YILDIZTEPE - BAHÇELİEVLER;GÖÇYOLU SOKAK;sokak;23219
NİĞDE;MERKEZ;YILDIZTEPE - BAHÇELİEVLER;HASAKÖY YOLU SOKAK;sokak;23220
NİĞDE;MERKEZ;YILDIZTEPE - BAHÇELİEVLER;HÜRRİYET CADDE;cadde;23221
NİĞDE;MERKEZ;YILDIZTEPE - BAHÇELİEVLER;İLKOKUL SOKAK;sokak;23214
NİĞDE;MERKEZ;YILDIZTEPE - BAHÇELİEVLER;İNÖNÜ CADDE;cadde;23215
NİĞDE;MERKEZ;YILDIZTEPE - BAHÇELİEVLER;İNÖNÜ/1 SOKAK;sokak;601308530
NİĞDE;MERKEZ;YILDIZTEPE - BAHÇELİEVLER;İNÖNÜ/2 SOKAK;sokak;230032540
NİĞDE;MERKEZ;YILDIZTEPE - BAHÇELİEVLER;KANAL YOLU SOKAK;sokak;513093
NİĞDE;MERKEZ;YILDIZTEPE - BAHÇELİEVLER;KAYA BAĞI SOKAK;sokak;488241
NİĞDE;MERKEZ;YILDIZTEPE - BAHÇELİEVLER;KUMLUK KÜME EVLER;sokak;493331
NİĞDE;MERKEZ;YILDIZTEPE - BAHÇELİEVLER;MEZARLIK1 KÜME EVLER;sokak;23212
NİĞDE;MERKEZ;YILDIZTEPE - BAHÇELİEVLER;MİLİZLİK SOKAK;sokak;23216
NİĞDE;MERKEZ;YILDIZTEPE - BAHÇELİEVLER;PINAR YOLU SOKAK;sokak;22061
NİĞDE;MERKEZ;YILDIZTEPE - BAHÇELİEVLER;PINAR YOLU/1 SOKAK;sokak;824584560
NİĞDE;MERKEZ;YILDIZTEPE - BAHÇELİEVLER;PINARCIK YOLU CADDE;cadde;23213
NİĞDE;MERKEZ;YILDIZTEPE - BAHÇELİEVLER;ŞEHİT MEHMET CADDE;cadde;368661
NİĞDE;MERKEZ;YILDIZTEPE - BAHÇELİEVLER;ŞEHİT MEHMET/1 SOKAK;sokak;372853840
NİĞDE;MERKEZ;YILDIZTEPE - BAHÇELİEVLER;YAVUZ SULTAN SELİM CADDE;cadde;499025
NİĞDE;MERKEZ;YILDIZTEPE - BAHÇELİEVLER;YAVUZ SULTAN SELİM/1 SOKAK;sokak;283289120
NİĞDE;MERKEZ;YILDIZTEPE - BAHÇELİEVLER;YAYLA YOLU 1 SOKAK;sokak;517559
NİĞDE;MERKEZ;YILDIZTEPE - BAHÇELİEVLER;YAYLA YOLU CADDE;cadde;369472
NİĞDE;MERKEZ;YILDIZTEPE - BAHÇELİEVLER;YEŞİLYURT CADDE;cadde;479929
NİĞDE;MERKEZ;YILDIZTEPE - YENİ;ATATÜRK CADDE;cadde;23222
NİĞDE;MERKEZ;YILDIZTEPE - YENİ;ATATÜRK/1 SOKAK;sokak;143766100
NİĞDE;MERKEZ;YILDIZTEPE - YENİ;AYDINLAR CADDE;cadde;481328
NİĞDE;MERKEZ;YILDIZTEPE - YENİ;BAĞLAR SOKAK;sokak;481663
NİĞDE;MERKEZ;YILDIZTEPE - YENİ;CUMHURİYET CADDE;cadde;23754
NİĞDE;MERKEZ;YILDIZTEPE - YENİ;ÇİFTLİK YOLU/1 SOKAK;sokak;941486730
NİĞDE;MERKEZ;YILDIZTEPE - YENİ;EVREN/1 SOKAK;sokak;198831310
NİĞDE;MERKEZ;YILDIZTEPE - YENİ;EVREN/2 SOKAK;sokak;338264700
NİĞDE;MERKEZ;YILDIZTEPE - YENİ;EVREN/3 SOKAK;sokak;645204550
NİĞDE;MERKEZ;YILDIZTEPE - YENİ;GAZİ MEHMET EMİN TUNCEL CADDE;cadde;366220
NİĞDE;MERKEZ;YILDIZTEPE - YENİ;GÖLCÜK YOLU SOKAK;sokak;23223
NİĞDE;MERKEZ;YILDIZTEPE - YENİ;GÜRBÜZLER SOKAK;sokak;481326
NİĞDE;MERKEZ;YILDIZTEPE - YENİ;GÜRBÜZLER/1 SOKAK;sokak;637157590
NİĞDE;MERKEZ;YILDIZTEPE - YENİ;HASAKÖY YOLU SOKAK;sokak;23224
NİĞDE;MERKEZ;YILDIZTEPE - YENİ;HÜRRİYET CADDE;cadde;366221
NİĞDE;MERKEZ;YILDIZTEPE - YENİ;İNÖNÜ CADDE;cadde;366222
NİĞDE;MERKEZ;YILDIZTEPE - YENİ;KARATEPE KÜME EVLER;sokak;1517523
NİĞDE;MERKEZ;YILDIZTEPE - YENİ;KURU ÇAY 2 SOKAK;sokak;481693
NİĞDE;MERKEZ;YILDIZTEPE - YENİ;MEHMET AKİF CADDE;cadde;481325
NİĞDE;MERKEZ;YILDIZTEPE - YENİ;MEZARLIK SOKAK;sokak;52877
NİĞDE;MERKEZ;YILDIZTEPE - YENİ;MEZARLIK/1 SOKAK;sokak;915489090
NİĞDE;MERKEZ;YILDIZTEPE - YENİ;MEZARLIK/2 SOKAK;sokak;247922020
NİĞDE;MERKEZ;YILDIZTEPE - YENİ;MEZARLIK1 KÜME EVLER;sokak;196735400
NİĞDE;MERKEZ;YILDIZTEPE - YENİ;NEVŞEHIR NIĞDE YOLU BULVAR;sokak;144740920
NİĞDE;MERKEZ;YILDIZTEPE - YENİ;NIĞDE GÜNEY OTOYOLU BULVAR;sokak;106772760
NİĞDE;MERKEZ;YILDIZTEPE - YENİ;PINARCIK YOLU CADDE;cadde;23225
NİĞDE;MERKEZ;YILDIZTEPE - YENİ;ŞEHİT AHMET CADDE;cadde;23228
NİĞDE;MERKEZ;YILDIZTEPE - YENİ;ŞEHİT ENES ALPER CADDE;cadde;23227
NİĞDE;MERKEZ;YILDIZTEPE - YENİ;ŞEHİT ONUR ÖZBEK SOKAK;sokak;216660860
NİĞDE;MERKEZ;YILDIZTEPE - YENİ;TAŞLIK YOLU CADDE;cadde;23226
NİĞDE;MERKEZ;YILDIZTEPE - YENİ;YÜZÜNCÜ YIL CADDE;cadde;376554
NİĞDE;MERKEZ;YUKARI KAYABAŞI;ADİL SOKAK;sokak;33363
NİĞDE;MERKEZ;YUKARI KAYABAŞI;ADLİYE CADDE;cadde;24854
NİĞDE;MERKEZ;YUKARI KAYABAŞI;ANDAÇ SOKAK;sokak;359108
NİĞDE;MERKEZ;YUKARI KAYABAŞI;ARALIK SOKAK;sokak;33367
NİĞDE;MERKEZ;YUKARI KAYABAŞI;AŞKIN SOKAK;sokak;33371
NİĞDE;MERKEZ;YUKARI KAYABAŞI;BABACAN SOKAK;sokak;24858
NİĞDE;MERKEZ;YUKARI KAYABAŞI;BAYRAM SOKAK;sokak;32843
NİĞDE;MERKEZ;YUKARI KAYABAŞI;BORA SOKAK;sokak;32844
NİĞDE;MERKEZ;YUKARI KAYABAŞI;CEMRE SOKAK;sokak;24862
NİĞDE;MERKEZ;YUKARI KAYABAŞI;CEMRE1 SOKAK;sokak;677210011
NİĞDE;MERKEZ;YUKARI KAYABAŞI;CİCİ BABA SOKAK;sokak;27275
NİĞDE;MERKEZ;YUKARI KAYABAŞI;CUMHURİYET1 MEYDAN;sokak;504252
NİĞDE;MERKEZ;YUKARI KAYABAŞI;ÇAĞATAY SOKAK;sokak;32733
NİĞDE;MERKEZ;YUKARI KAYABAŞI;ÇAVUŞLAR SOKAK;sokak;24844
NİĞDE;MERKEZ;YUKARI KAYABAŞI;ÇAYAN SOKAK;sokak;558376
NİĞDE;MERKEZ;YUKARI KAYABAŞI;ÇERÇİ SOKAK;sokak;24845
NİĞDE;MERKEZ;YUKARI KAYABAŞI;ÇETİN SOKAK;sokak;33056
NİĞDE;MERKEZ;YUKARI KAYABAŞI;ÇİĞDEM SOKAK;sokak;33058
NİĞDE;MERKEZ;YUKARI KAYABAŞI;ÇOCUK HAKLARI SOKAĞI SOKAK;sokak;33063
NİĞDE;MERKEZ;YUKARI KAYABAŞI;DAR SOKAK;sokak;371611
NİĞDE;MERKEZ;YUKARI KAYABAŞI;DEFNE SOKAK;sokak;27276
NİĞDE;MERKEZ;YUKARI KAYABAŞI;DEPBOY SOKAK;sokak;353588
NİĞDE;MERKEZ;YUKARI KAYABAŞI;DIŞARI CAMİİ SOKAK;sokak;27277
NİĞDE;MERKEZ;YUKARI KAYABAŞI;DİK SOKAK;sokak;32851
NİĞDE;MERKEZ;YUKARI KAYABAŞI;DOĞA SOKAK;sokak;353648
NİĞDE;MERKEZ;YUKARI KAYABAŞI;DOKUZER SOKAK;sokak;371612
NİĞDE;MERKEZ;YUKARI KAYABAŞI;DR.SAMİ YAĞIZ CADDE;cadde;27278
NİĞDE;MERKEZ;YUKARI KAYABAŞI;ESİNTİ SOKAK;sokak;371613
NİĞDE;MERKEZ;YUKARI KAYABAŞI;ESKİ SOKAK;sokak;486680
NİĞDE;MERKEZ;YUKARI KAYABAŞI;EZGİ SOKAK;sokak;27280
NİĞDE;MERKEZ;YUKARI KAYABAŞI;FERİDUN ZEREN CADDE;cadde;27281
NİĞDE;MERKEZ;YUKARI KAYABAŞI;FULYA SOKAK;sokak;546192261
NİĞDE;MERKEZ;YUKARI KAYABAŞI;GENÇLİK SOKAK;sokak;31384
NİĞDE;MERKEZ;YUKARI KAYABAŞI;GÜNEY SOKAK;sokak;31386
NİĞDE;MERKEZ;YUKARI KAYABAŞI;HACI AHMET EFENDİ SOKAK;sokak;27282
NİĞDE;MERKEZ;YUKARI KAYABAŞI;İKİZLER SOKAK;sokak;33064
NİĞDE;MERKEZ;YUKARI KAYABAŞI;İNAN SOKAK;sokak;33065
NİĞDE;MERKEZ;YUKARI KAYABAŞI;KADIOĞLU SOKAK;sokak;31391
NİĞDE;MERKEZ;YUKARI KAYABAŞI;KALLİ SOKAK;sokak;27283
NİĞDE;MERKEZ;YUKARI KAYABAŞI;KAMER SOKAK;sokak;952089
NİĞDE;MERKEZ;YUKARI KAYABAŞI;KARABULUT SOKAK;sokak;31393
NİĞDE;MERKEZ;YUKARI KAYABAŞI;KAYARDI GEÇİDİ SOKAK;sokak;27284
NİĞDE;MERKEZ;YUKARI KAYABAŞI;KEÇECİ SOKAK;sokak;27285
NİĞDE;MERKEZ;YUKARI KAYABAŞI;KIŞLA ALTI SOKAK;sokak;27288
NİĞDE;MERKEZ;YUKARI KAYABAŞI;KİBAR SOKAK;sokak;31396
NİĞDE;MERKEZ;YUKARI KAYABAŞI;KUYULU ÇIKMAZI SOKAK;sokak;31395
NİĞDE;MERKEZ;YUKARI KAYABAŞI;MALİK HOCA SOKAK;sokak;31398
NİĞDE;MERKEZ;YUKARI KAYABAŞI;MERDİVENLİ SOKAK;sokak;31400
NİĞDE;MERKEZ;YUKARI KAYABAŞI;MERKEZ SOKAK;sokak;371617
NİĞDE;MERKEZ;YUKARI KAYABAŞI;MUHTEREM SOKAK;sokak;31402
NİĞDE;MERKEZ;YUKARI KAYABAŞI;MUTLU SOKAK;sokak;31403
NİĞDE;MERKEZ;YUKARI KAYABAŞI;ONGUN SOKAK;sokak;31404
NİĞDE;MERKEZ;YUKARI KAYABAŞI;ÖĞRETMEN OKULU 1 SOKAK;sokak;33060
NİĞDE;MERKEZ;YUKARI KAYABAŞI;ÖĞRETMEN OKULU 2 SOKAK;sokak;368696
NİĞDE;MERKEZ;YUKARI KAYABAŞI;ÖĞRETMEN OKULU 3 SOKAK;sokak;33061
NİĞDE;MERKEZ;YUKARI KAYABAŞI;ÖĞRETMEN OKULU 4 SOKAK;sokak;33062
NİĞDE;MERKEZ;YUKARI KAYABAŞI;ÖĞRETMENLER CADDE;cadde;849418
NİĞDE;MERKEZ;YUKARI KAYABAŞI;ÖNDER SOKAK;sokak;368695
NİĞDE;MERKEZ;YUKARI KAYABAŞI;ÖZDAMAR SOKAK;sokak;24847
NİĞDE;MERKEZ;YUKARI KAYABAŞI;ÖZDEMİR SOKAK;sokak;849422
NİĞDE;MERKEZ;YUKARI KAYABAŞI;ÖZDEN SOKAK;sokak;24848
NİĞDE;MERKEZ;YUKARI KAYABAŞI;ÖZGÜR SOKAK;sokak;368698
NİĞDE;MERKEZ;YUKARI KAYABAŞI;PAPATYA SOKAK;sokak;997660401
NİĞDE;MERKEZ;YUKARI KAYABAŞI;PELİN SOKAK;sokak;31407
NİĞDE;MERKEZ;YUKARI KAYABAŞI;POLAT SOKAK;sokak;31408
NİĞDE;MERKEZ;YUKARI KAYABAŞI;POSTANE SOKAK;sokak;27291
NİĞDE;MERKEZ;YUKARI KAYABAŞI;SADIK SOKAK;sokak;31409
NİĞDE;MERKEZ;YUKARI KAYABAŞI;SAĞLIK CADDE;cadde;27204
NİĞDE;MERKEZ;YUKARI KAYABAŞI;SALACAK SOKAK;sokak;694811
NİĞDE;MERKEZ;YUKARI KAYABAŞI;SAYGIN SOKAK;sokak;31411
NİĞDE;MERKEZ;YUKARI KAYABAŞI;SERİN SOKAK;sokak;368689
NİĞDE;MERKEZ;YUKARI KAYABAŞI;SEVAL SOKAK;sokak;31414
NİĞDE;MERKEZ;YUKARI KAYABAŞI;SEVGİ SOKAK;sokak;31415
NİĞDE;MERKEZ;YUKARI KAYABAŞI;SEZGİ SOKAK;sokak;27292
NİĞDE;MERKEZ;YUKARI KAYABAŞI;SEZGİ1 SOKAK;sokak;257450351
NİĞDE;MERKEZ;YUKARI KAYABAŞI;SÖNMEZ SOKAK;sokak;371618
NİĞDE;MERKEZ;YUKARI KAYABAŞI;SÜLEYMAN FETHİ CADDE;cadde;27293
NİĞDE;MERKEZ;YUKARI KAYABAŞI;ŞEHİT EROL FARUK URASLI SOKAK;sokak;24852
NİĞDE;MERKEZ;YUKARI KAYABAŞI;ŞEHİT SERDAR ULUSOY SOKAK;sokak;24853
NİĞDE;MERKEZ;YUKARI KAYABAŞI;ŞEHİT TAYFUN ÖZAKSOY SOKAK;sokak;33066
NİĞDE;MERKEZ;YUKARI KAYABAŞI;ŞERİFALİ SOKAK;sokak;24851
NİĞDE;MERKEZ;YUKARI KAYABAŞI;TOPÇU SOKAK;sokak;27295
NİĞDE;MERKEZ;YUKARI KAYABAŞI;TÜRBE SOKAK;sokak;565886
NİĞDE;MERKEZ;YUKARI KAYABAŞI;TÜRKÜLER SOKAK;sokak;371619
NİĞDE;MERKEZ;YUKARI KAYABAŞI;VALİ REFİK ASLAN ÖZTÜRK CADDE;cadde;849426
NİĞDE;MERKEZ;YUKARI KAYABAŞI;VALİ ÜNAL ÖZGÖDEK CADDE;cadde;27296
NİĞDE;MERKEZ;YUKARI KAYABAŞI;YAMAÇ SOKAK;sokak;27297
NİĞDE;MERKEZ;YUKARI KAYABAŞI;YAR SOKAK;sokak;32727
NİĞDE;MERKEZ;YUKARI KAYABAŞI;YENİ CAMİİ SOKAK;sokak;371934
NİĞDE;MERKEZ;YUKARI KAYABAŞI;YENİ VALİ KONAĞI SOKAK;sokak;27298
NİĞDE;MERKEZ;YUKARI KAYABAŞI;YILDIZ SOKAK;sokak;368692
NİĞDE;MERKEZ;YUKARI KAYABAŞI;ZARİF SOKAK;sokak;209995
NİĞDE;MERKEZ;YUKARI KAYABAŞI;ZİNDE SOKAK;sokak;368693
NİĞDE;MERKEZ;YUKARI KAYABAŞI;ZORLU SOKAK;sokak;32730
NİĞDE;ULUKIŞLA;ALİHOCA - KÜMEA;KÜMEA KÜME EVLER;sokak;484234
NİĞDE;ULUKIŞLA;ALİHOCA - KÜMEB;KÜMEA KÜME EVLER;sokak;104093571
NİĞDE;ULUKIŞLA;ALİHOCA - KÜMEB;KÜMEB KÜME EVLER;sokak;485566
NİĞDE;ULUKIŞLA;ALPAĞUT;1. SOKAK;sokak;849773
NİĞDE;ULUKIŞLA;ALPAĞUT;10. SOKAK;sokak;307668
NİĞDE;ULUKIŞLA;ALPAĞUT;101 SOKAK;sokak;1523829
NİĞDE;ULUKIŞLA;ALPAĞUT;11. SOKAK;sokak;307669
NİĞDE;ULUKIŞLA;ALPAĞUT;112 SOKAK;sokak;1489813
NİĞDE;ULUKIŞLA;ALPAĞUT;12 SOKAK;sokak;1523853
NİĞDE;ULUKIŞLA;ALPAĞUT;12. SOKAK;sokak;307670
NİĞDE;ULUKIŞLA;ALPAĞUT;12/1 SOKAK;sokak;748338980
NİĞDE;ULUKIŞLA;ALPAĞUT;12/3 SOKAK;sokak;290438660
NİĞDE;ULUKIŞLA;ALPAĞUT;12/4 SOKAK;sokak;925879551
NİĞDE;ULUKIŞLA;ALPAĞUT;13. SOKAK;sokak;33957
NİĞDE;ULUKIŞLA;ALPAĞUT;13/1 SOKAK;sokak;735664990
NİĞDE;ULUKIŞLA;ALPAĞUT;14. SOKAK;sokak;849827
NİĞDE;ULUKIŞLA;ALPAĞUT;15. SOKAK;sokak;453506
NİĞDE;ULUKIŞLA;ALPAĞUT;15._1 SOKAK;sokak;849826
NİĞDE;ULUKIŞLA;ALPAĞUT;16. SOKAK;sokak;849829
NİĞDE;ULUKIŞLA;ALPAĞUT;17. SOKAK;sokak;849831
NİĞDE;ULUKIŞLA;ALPAĞUT;18 SOKAK;sokak;940333
NİĞDE;ULUKIŞLA;ALPAĞUT;18. SOKAK;sokak;849832
NİĞDE;ULUKIŞLA;ALPAĞUT;19. SOKAK;sokak;849833
NİĞDE;ULUKIŞLA;ALPAĞUT;2 SOKAK;sokak;652726010
NİĞDE;ULUKIŞLA;ALPAĞUT;2. SOKAK;sokak;849776
NİĞDE;ULUKIŞLA;ALPAĞUT;20. SOKAK;sokak;849835
NİĞDE;ULUKIŞLA;ALPAĞUT;22 SOKAK;sokak;917997
NİĞDE;ULUKIŞLA;ALPAĞUT;25. SOKAK;sokak;1518045
NİĞDE;ULUKIŞLA;ALPAĞUT;25/1 SOKAK;sokak;167346340
NİĞDE;ULUKIŞLA;ALPAĞUT;26 SOKAK;sokak;1066596
NİĞDE;ULUKIŞLA;ALPAĞUT;28/1 SOKAK;sokak;1301215
NİĞDE;ULUKIŞLA;ALPAĞUT;29 SOKAK;sokak;1414597
NİĞDE;ULUKIŞLA;ALPAĞUT;3. SOKAK;sokak;849778
NİĞDE;ULUKIŞLA;ALPAĞUT;3._1 SOKAK;sokak;306337
NİĞDE;ULUKIŞLA;ALPAĞUT;30 SOKAK;sokak;884383
NİĞDE;ULUKIŞLA;ALPAĞUT;30_1 SOKAK;sokak;1070815
NİĞDE;ULUKIŞLA;ALPAĞUT;30/1 SOKAK;sokak;100659440
NİĞDE;ULUKIŞLA;ALPAĞUT;30/10 SOKAK;sokak;297752930
NİĞDE;ULUKIŞLA;ALPAĞUT;30/11 SOKAK;sokak;848975290
NİĞDE;ULUKIŞLA;ALPAĞUT;30/12 SOKAK;sokak;819355870
NİĞDE;ULUKIŞLA;ALPAĞUT;30/13 SOKAK;sokak;382931300
NİĞDE;ULUKIŞLA;ALPAĞUT;30/14 SOKAK;sokak;211869370
NİĞDE;ULUKIŞLA;ALPAĞUT;30/2 SOKAK;sokak;759179710
NİĞDE;ULUKIŞLA;ALPAĞUT;30/3 SOKAK;sokak;161314010
NİĞDE;ULUKIŞLA;ALPAĞUT;30/4 SOKAK;sokak;866074050
NİĞDE;ULUKIŞLA;ALPAĞUT;30/5 SOKAK;sokak;288461370
NİĞDE;ULUKIŞLA;ALPAĞUT;30/6 SOKAK;sokak;955444410
NİĞDE;ULUKIŞLA;ALPAĞUT;30/7 SOKAK;sokak;300246990
NİĞDE;ULUKIŞLA;ALPAĞUT;30/8 SOKAK;sokak;183087750
NİĞDE;ULUKIŞLA;ALPAĞUT;30/9 SOKAK;sokak;211058040
NİĞDE;ULUKIŞLA;ALPAĞUT;31 SOKAK;sokak;845945
NİĞDE;ULUKIŞLA;ALPAĞUT;31/1 SOKAK;sokak;474965260
NİĞDE;ULUKIŞLA;ALPAĞUT;31/2 SOKAK;sokak;538793180
NİĞDE;ULUKIŞLA;ALPAĞUT;32 SOKAK;sokak;887222
NİĞDE;ULUKIŞLA;ALPAĞUT;32_1 SOKAK;sokak;1033610
NİĞDE;ULUKIŞLA;ALPAĞUT;32/1 SOKAK;sokak;493461250
NİĞDE;ULUKIŞLA;ALPAĞUT;32/2 SOKAK;sokak;217905970
NİĞDE;ULUKIŞLA;ALPAĞUT;32/3 SOKAK;sokak;431518280
NİĞDE;ULUKIŞLA;ALPAĞUT;32/4 SOKAK;sokak;158380220
NİĞDE;ULUKIŞLA;ALPAĞUT;32/5 SOKAK;sokak;131927450
NİĞDE;ULUKIŞLA;ALPAĞUT;33 SOKAK;sokak;882271
NİĞDE;ULUKIŞLA;ALPAĞUT;33/1 SOKAK;sokak;778168820
NİĞDE;ULUKIŞLA;ALPAĞUT;34 SOKAK;sokak;882233
NİĞDE;ULUKIŞLA;ALPAĞUT;35 SOKAK;sokak;1134107
NİĞDE;ULUKIŞLA;ALPAĞUT;36 SOKAK;sokak;857981
NİĞDE;ULUKIŞLA;ALPAĞUT;38 SOKAK;sokak;859999
NİĞDE;ULUKIŞLA;ALPAĞUT;39 SOKAK;sokak;882576
NİĞDE;ULUKIŞLA;ALPAĞUT;4. SOKAK;sokak;849779
NİĞDE;ULUKIŞLA;ALPAĞUT;40 SOKAK;sokak;860052
NİĞDE;ULUKIŞLA;ALPAĞUT;41. SOKAK;sokak;865393
NİĞDE;ULUKIŞLA;ALPAĞUT;42 SOKAK;sokak;844538
NİĞDE;ULUKIŞLA;ALPAĞUT;45 SOKAK;sokak;844539
NİĞDE;ULUKIŞLA;ALPAĞUT;46 SOKAK;sokak;860278
NİĞDE;ULUKIŞLA;ALPAĞUT;49 SOKAK;sokak;846894
NİĞDE;ULUKIŞLA;ALPAĞUT;5. SOKAK;sokak;849792
NİĞDE;ULUKIŞLA;ALPAĞUT;5._1 SOKAK;sokak;306363
NİĞDE;ULUKIŞLA;ALPAĞUT;50 SOKAK;sokak;1244147
NİĞDE;ULUKIŞLA;ALPAĞUT;6 SOKAK;sokak;859597
NİĞDE;ULUKIŞLA;ALPAĞUT;6. SOKAK;sokak;849795
NİĞDE;ULUKIŞLA;ALPAĞUT;6._1 SOKAK;sokak;307660
NİĞDE;ULUKIŞLA;ALPAĞUT;7 SOKAK;sokak;1522301
NİĞDE;ULUKIŞLA;ALPAĞUT;7. SOKAK;sokak;306364
NİĞDE;ULUKIŞLA;ALPAĞUT;7./1 SOKAK;sokak;550862680
NİĞDE;ULUKIŞLA;ALPAĞUT;7./2 SOKAK;sokak;978069960
NİĞDE;ULUKIŞLA;ALPAĞUT;8. SOKAK;sokak;849801
NİĞDE;ULUKIŞLA;ALPAĞUT;9 SOKAK;sokak;1523809
NİĞDE;ULUKIŞLA;ALPAĞUT;9. SOKAK;sokak;307671
NİĞDE;ULUKIŞLA;ALPAĞUT;ADANA ANKARA CADDE;cadde;151026761
NİĞDE;ULUKIŞLA;ALPAĞUT;ADANA KOOP. SOKAK;sokak;494931
NİĞDE;ULUKIŞLA;ALPAĞUT;ADİL EROL CADDE;cadde;462070
NİĞDE;ULUKIŞLA;ALPAĞUT;ADİL EROL/1 CADDE;cadde;180974021
NİĞDE;ULUKIŞLA;ALPAĞUT;ADİL EROL/2 SOKAK;sokak;402855040
NİĞDE;ULUKIŞLA;ALPAĞUT;ADİL EROL/3 SOKAK;sokak;119241720
NİĞDE;ULUKIŞLA;ALPAĞUT;ADİL EROL/4 SOKAK;sokak;980616820
NİĞDE;ULUKIŞLA;ALPAĞUT;ADİL EROL/5 SOKAK;sokak;162365490
NİĞDE;ULUKIŞLA;ALPAĞUT;ADİL EROL1 CADDE;cadde;307642
NİĞDE;ULUKIŞLA;ALPAĞUT;ADNAN MENDERES CADDE;cadde;307641
NİĞDE;ULUKIŞLA;ALPAĞUT;AĞACA PINARI SOKAK;sokak;33959
NİĞDE;ULUKIŞLA;ALPAĞUT;AHMET SOKAK;sokak;1523387
NİĞDE;ULUKIŞLA;ALPAĞUT;AKFADİME SOKAK;sokak;306338
NİĞDE;ULUKIŞLA;ALPAĞUT;AKFADİME/1 SOKAK;sokak;772732410
NİĞDE;ULUKIŞLA;ALPAĞUT;AKKAŞLAR SOKAK;sokak;33958
NİĞDE;ULUKIŞLA;ALPAĞUT;AKKAŞLAR1 SOKAK;sokak;306339
NİĞDE;ULUKIŞLA;ALPAĞUT;ALİ SOKAK;sokak;1523381
NİĞDE;ULUKIŞLA;ALPAĞUT;ALPAGUT/1 SOKAK;sokak;270173260
NİĞDE;ULUKIŞLA;ALPAĞUT;ALPAGUT/2 SOKAK;sokak;187377260
NİĞDE;ULUKIŞLA;ALPAĞUT;ALPAGUT/3 SOKAK;sokak;552145480
NİĞDE;ULUKIŞLA;ALPAĞUT;ALPAGUT/4 SOKAK;sokak;336350950
NİĞDE;ULUKIŞLA;ALPAĞUT;ALPAGUT/5 SOKAK;sokak;399690680
NİĞDE;ULUKIŞLA;ALPAĞUT;ALPAGUT/6 SOKAK;sokak;126522440
NİĞDE;ULUKIŞLA;ALPAĞUT;ALPAGUT/7 SOKAK;sokak;364764890
NİĞDE;ULUKIŞLA;ALPAĞUT;ALPAGUT/8 SOKAK;sokak;354575220
NİĞDE;ULUKIŞLA;ALPAĞUT;ALPAĞUT YENİYOL/1 SOKAK;sokak;416327790
NİĞDE;ULUKIŞLA;ALPAĞUT;ALPAĞUT YENİYOL/10 SOKAK;sokak;306492300
NİĞDE;ULUKIŞLA;ALPAĞUT;ALPAĞUT YENİYOL/11 SOKAK;sokak;691179680
NİĞDE;ULUKIŞLA;ALPAĞUT;ALPAĞUT YENİYOL/13 SOKAK;sokak;574662370
NİĞDE;ULUKIŞLA;ALPAĞUT;ALPAĞUT YENİYOL/15 SOKAK;sokak;440115590
NİĞDE;ULUKIŞLA;ALPAĞUT;ALPAĞUT YENİYOL/16 SOKAK;sokak;464407490
NİĞDE;ULUKIŞLA;ALPAĞUT;ALPAĞUT YENİYOL/20 SOKAK;sokak;918867210
NİĞDE;ULUKIŞLA;ALPAĞUT;ALPAĞUT YENİYOL/21 SOKAK;sokak;144320580
NİĞDE;ULUKIŞLA;ALPAĞUT;ALPAĞUT YENİYOL/22 SOKAK;sokak;243319280
NİĞDE;ULUKIŞLA;ALPAĞUT;ALPAĞUT YENİYOL/24 SOKAK;sokak;190063030
NİĞDE;ULUKIŞLA;ALPAĞUT;ALPAĞUT YENİYOL/25 SOKAK;sokak;625388140
NİĞDE;ULUKIŞLA;ALPAĞUT;ALPAĞUT YENİYOL/26 SOKAK;sokak;351686160
NİĞDE;ULUKIŞLA;ALPAĞUT;ALPAĞUT YENİYOL/27 SOKAK;sokak;219469590
NİĞDE;ULUKIŞLA;ALPAĞUT;ALPAĞUT YENİYOL/28 SOKAK;sokak;176468450
NİĞDE;ULUKIŞLA;ALPAĞUT;ALPAĞUT YENİYOL/29 SOKAK;sokak;191140240
NİĞDE;ULUKIŞLA;ALPAĞUT;ALPAĞUT YENİYOL/30 SOKAK;sokak;691901890
NİĞDE;ULUKIŞLA;ALPAĞUT;ALPAĞUT YENİYOL/31 SOKAK;sokak;569657910
NİĞDE;ULUKIŞLA;ALPAĞUT;ALPAĞUT YENİYOL/32 SOKAK;sokak;189025020
NİĞDE;ULUKIŞLA;ALPAĞUT;ALPAĞUT YENİYOL/34 SOKAK;sokak;109639570
NİĞDE;ULUKIŞLA;ALPAĞUT;ALPAĞUT YENİYOL/35 SOKAK;sokak;966366180
NİĞDE;ULUKIŞLA;ALPAĞUT;ALPAĞUT YENİYOL/36 SOKAK;sokak;781348140
NİĞDE;ULUKIŞLA;ALPAĞUT;ALPAĞUT YENİYOL/39 SOKAK;sokak;196053850
NİĞDE;ULUKIŞLA;ALPAĞUT;ALPAĞUT YENİYOL/4 SOKAK;sokak;327475780
NİĞDE;ULUKIŞLA;ALPAĞUT;ALPAĞUT YENİYOL/40 SOKAK;sokak;103333590
NİĞDE;ULUKIŞLA;ALPAĞUT;ALPAĞUT YENİYOL/41 SOKAK;sokak;564153420
NİĞDE;ULUKIŞLA;ALPAĞUT;ALPAĞUT YENİYOL/42 SOKAK;sokak;956926790
NİĞDE;ULUKIŞLA;ALPAĞUT;ALPAĞUT YENİYOL/43 SOKAK;sokak;510975660
NİĞDE;ULUKIŞLA;ALPAĞUT;ALPAĞUT YENİYOL/44 SOKAK;sokak;690303100
NİĞDE;ULUKIŞLA;ALPAĞUT;ALPAĞUT YENİYOL/45 SOKAK;sokak;326927090
NİĞDE;ULUKIŞLA;ALPAĞUT;ALPAĞUT YENİYOL/46 SOKAK;sokak;155043190
NİĞDE;ULUKIŞLA;ALPAĞUT;ALPAĞUT YENİYOL/47 SOKAK;sokak;106969120
NİĞDE;ULUKIŞLA;ALPAĞUT;ALPAĞUT YENİYOL/48 SOKAK;sokak;440325970
NİĞDE;ULUKIŞLA;ALPAĞUT;ALPAĞUT YENİYOL/49 SOKAK;sokak;249195160
NİĞDE;ULUKIŞLA;ALPAĞUT;ALPAĞUT YENİYOL/5 SOKAK;sokak;992951560
NİĞDE;ULUKIŞLA;ALPAĞUT;ALPAĞUT YENİYOL/50 SOKAK;sokak;258710620
NİĞDE;ULUKIŞLA;ALPAĞUT;ALPAĞUT YENİYOL/51 SOKAK;sokak;244702050
NİĞDE;ULUKIŞLA;ALPAĞUT;ALPAĞUT YENİYOL/52 SOKAK;sokak;280811640
NİĞDE;ULUKIŞLA;ALPAĞUT;ALPAĞUT YENİYOL/56 SOKAK;sokak;111171240
NİĞDE;ULUKIŞLA;ALPAĞUT;ALPAĞUT YENİYOL/57 SOKAK;sokak;662527840
NİĞDE;ULUKIŞLA;ALPAĞUT;ALPAĞUT YENİYOL/60 SOKAK;sokak;203497910
NİĞDE;ULUKIŞLA;ALPAĞUT;ALPAĞUT YENİYOL/62 SOKAK;sokak;603008780
NİĞDE;ULUKIŞLA;ALPAĞUT;ALPAĞUT YENİYOL/63 SOKAK;sokak;240134680
NİĞDE;ULUKIŞLA;ALPAĞUT;ALPAĞUT YENİYOL/64 SOKAK;sokak;744889251
NİĞDE;ULUKIŞLA;ALPAĞUT;ALPAĞUT YENİYOL/8 SOKAK;sokak;138330170
NİĞDE;ULUKIŞLA;ALPAĞUT;ALPAĞUT YENİYOL/9 SOKAK;sokak;185108910
NİĞDE;ULUKIŞLA;ALPAĞUT;ALTAY CADDE;cadde;842518
NİĞDE;ULUKIŞLA;ALPAĞUT;ARITMA SOKAK;sokak;1521247
NİĞDE;ULUKIŞLA;ALPAĞUT;ARSLAN SOKAK;sokak;907028
NİĞDE;ULUKIŞLA;ALPAĞUT;ARSLAN/1 SOKAK;sokak;555893940
NİĞDE;ULUKIŞLA;ALPAĞUT;ARSLAN/21 SOKAK;sokak;952203800
NİĞDE;ULUKIŞLA;ALPAĞUT;ARSLAN/3 SOKAK;sokak;626414440
NİĞDE;ULUKIŞLA;ALPAĞUT;ASLAN SOKAK;sokak;1523357
NİĞDE;ULUKIŞLA;ALPAĞUT;AŞAĞIBAĞ MEVKİ KÜME EVLER;sokak;33960
NİĞDE;ULUKIŞLA;ALPAĞUT;ATA SOKAK;sokak;581916280
NİĞDE;ULUKIŞLA;ALPAĞUT;AVŞAR SOKAK;sokak;936424
NİĞDE;ULUKIŞLA;ALPAĞUT;AVŞAR/1 SOKAK;sokak;590120210
NİĞDE;ULUKIŞLA;ALPAĞUT;AVŞARLAR SOKAK;sokak;306340
NİĞDE;ULUKIŞLA;ALPAĞUT;BADEM/1 SOKAK;sokak;30891378
NİĞDE;ULUKIŞLA;ALPAĞUT;BAJDARLIK KÜME EVLER;sokak;366582
NİĞDE;ULUKIŞLA;ALPAĞUT;BALLIĞIN AĞILI KÜME EVLER;sokak;482726
NİĞDE;ULUKIŞLA;ALPAĞUT;BELEDİYE SOKAK;sokak;921801
NİĞDE;ULUKIŞLA;ALPAĞUT;BELEDİYE/1 SOKAK;sokak;491150170
NİĞDE;ULUKIŞLA;ALPAĞUT;BELEDİYE/2 SOKAK;sokak;165892690
NİĞDE;ULUKIŞLA;ALPAĞUT;BELEDİYE/3 SOKAK;sokak;634306980
NİĞDE;ULUKIŞLA;ALPAĞUT;BELPINARI KÜME EVLER;sokak;1074867
NİĞDE;ULUKIŞLA;ALPAĞUT;BEREKET SOKAK;sokak;1523359
NİĞDE;ULUKIŞLA;ALPAĞUT;BEŞ OCAK CADDE;cadde;842515
NİĞDE;ULUKIŞLA;ALPAĞUT;BEŞ OCAK/1 SOKAK;sokak;386587790
NİĞDE;ULUKIŞLA;ALPAĞUT;BEŞ OCAK/2 SOKAK;sokak;148044470
NİĞDE;ULUKIŞLA;ALPAĞUT;BEŞ OCAK/3 SOKAK;sokak;382293730
NİĞDE;ULUKIŞLA;ALPAĞUT;BEYAZIT SOKAK;sokak;921893
NİĞDE;ULUKIŞLA;ALPAĞUT;BİLGE SOKAK;sokak;1523379
NİĞDE;ULUKIŞLA;ALPAĞUT;BÖLGE TRAFİK İSTASYONU SOKAK;sokak;306365
NİĞDE;ULUKIŞLA;ALPAĞUT;CAMİ SOKAK;sokak;1063213
NİĞDE;ULUKIŞLA;ALPAĞUT;CEVİZLİ SOKAK;sokak;887281
NİĞDE;ULUKIŞLA;ALPAĞUT;CEVİZLİ/1 SOKAK;sokak;445035550
NİĞDE;ULUKIŞLA;ALPAĞUT;CEVİZLİ/2 SOKAK;sokak;593932150
NİĞDE;ULUKIŞLA;ALPAĞUT;CEVİZLİ/3 SOKAK;sokak;320970240
NİĞDE;ULUKIŞLA;ALPAĞUT;CEVİZLİ/4 SOKAK;sokak;912487570
NİĞDE;ULUKIŞLA;ALPAĞUT;ÇAKILCA SOKAK;sokak;307667
NİĞDE;ULUKIŞLA;ALPAĞUT;ÇAKINLAR SOKAK;sokak;453497
NİĞDE;ULUKIŞLA;ALPAĞUT;ÇAKINLAR/1 SOKAK;sokak;573824000
NİĞDE;ULUKIŞLA;ALPAĞUT;ÇAKINLAR/2 SOKAK;sokak;765807520
NİĞDE;ULUKIŞLA;ALPAĞUT;ÇAKMAK KÜME EVLER;sokak;306332
NİĞDE;ULUKIŞLA;ALPAĞUT;ÇAM SOKAK;sokak;77950830
NİĞDE;ULUKIŞLA;ALPAĞUT;ÇETİN SOKAK;sokak;873039
NİĞDE;ULUKIŞLA;ALPAĞUT;ÇETİN/1 SOKAK;sokak;132828680
NİĞDE;ULUKIŞLA;ALPAĞUT;ÇETİN/2 SOKAK;sokak;919699310
NİĞDE;ULUKIŞLA;ALPAĞUT;ÇIÇEK SOKAK;sokak;576266991
NİĞDE;ULUKIŞLA;ALPAĞUT;ÇIKRIK KÜME EVLER;sokak;306333
NİĞDE;ULUKIŞLA;ALPAĞUT;ÇINAR SOKAK;sokak;1358483
NİĞDE;ULUKIŞLA;ALPAĞUT;ÇINAR/1 SOKAK;sokak;195745080
NİĞDE;ULUKIŞLA;ALPAĞUT;ÇINAR/10 SOKAK;sokak;136560870
NİĞDE;ULUKIŞLA;ALPAĞUT;ÇINAR/12 SOKAK;sokak;430325640
NİĞDE;ULUKIŞLA;ALPAĞUT;ÇINAR/2 SOKAK;sokak;938495520
NİĞDE;ULUKIŞLA;ALPAĞUT;ÇINAR/3 SOKAK;sokak;914690980
NİĞDE;ULUKIŞLA;ALPAĞUT;ÇINAR/4 SOKAK;sokak;977652750
NİĞDE;ULUKIŞLA;ALPAĞUT;ÇINAR/5 SOKAK;sokak;294167730
NİĞDE;ULUKIŞLA;ALPAĞUT;ÇINAR/6 SOKAK;sokak;881781990
NİĞDE;ULUKIŞLA;ALPAĞUT;ÇINAR/7 SOKAK;sokak;336263910
NİĞDE;ULUKIŞLA;ALPAĞUT;ÇİÇEK SOKAK;sokak;1523371
NİĞDE;ULUKIŞLA;ALPAĞUT;ÇİÇEK/1 SOKAK;sokak;917084951
NİĞDE;ULUKIŞLA;ALPAĞUT;ÇİÇEK/2 SOKAK;sokak;585353371
NİĞDE;ULUKIŞLA;ALPAĞUT;ÇÖVEK/1 SOKAK;sokak;188283680
NİĞDE;ULUKIŞLA;ALPAĞUT;ÇÖVEK/10 SOKAK;sokak;393038540
NİĞDE;ULUKIŞLA;ALPAĞUT;ÇÖVEK/11 SOKAK;sokak;538818430
NİĞDE;ULUKIŞLA;ALPAĞUT;ÇÖVEK/12 SOKAK;sokak;190391890
NİĞDE;ULUKIŞLA;ALPAĞUT;ÇÖVEK/13 SOKAK;sokak;771183880
NİĞDE;ULUKIŞLA;ALPAĞUT;ÇÖVEK/14 SOKAK;sokak;407787970
NİĞDE;ULUKIŞLA;ALPAĞUT;ÇÖVEK/16 SOKAK;sokak;756042640
NİĞDE;ULUKIŞLA;ALPAĞUT;ÇÖVEK/17 SOKAK;sokak;224079850
NİĞDE;ULUKIŞLA;ALPAĞUT;ÇÖVEK/18 SOKAK;sokak;198279630
NİĞDE;ULUKIŞLA;ALPAĞUT;ÇÖVEK/19 SOKAK;sokak;846591500
NİĞDE;ULUKIŞLA;ALPAĞUT;ÇÖVEK/2 SOKAK;sokak;204791270
NİĞDE;ULUKIŞLA;ALPAĞUT;ÇÖVEK/20 SOKAK;sokak;552082190
NİĞDE;ULUKIŞLA;ALPAĞUT;ÇÖVEK/21 SOKAK;sokak;175754320
NİĞDE;ULUKIŞLA;ALPAĞUT;ÇÖVEK/22 SOKAK;sokak;519151970
NİĞDE;ULUKIŞLA;ALPAĞUT;ÇÖVEK/23 SOKAK;sokak;128132590
NİĞDE;ULUKIŞLA;ALPAĞUT;ÇÖVEK/24 SOKAK;sokak;358802020
NİĞDE;ULUKIŞLA;ALPAĞUT;ÇÖVEK/25 SOKAK;sokak;161627860
NİĞDE;ULUKIŞLA;ALPAĞUT;ÇÖVEK/26 SOKAK;sokak;437128010
NİĞDE;ULUKIŞLA;ALPAĞUT;ÇÖVEK/27 SOKAK;sokak;402794160
NİĞDE;ULUKIŞLA;ALPAĞUT;ÇÖVEK/28 SOKAK;sokak;523757550
NİĞDE;ULUKIŞLA;ALPAĞUT;ÇÖVEK/29 SOKAK;sokak;156118090
NİĞDE;ULUKIŞLA;ALPAĞUT;ÇÖVEK/3 SOKAK;sokak;122428630
NİĞDE;ULUKIŞLA;ALPAĞUT;ÇÖVEK/4 SOKAK;sokak;943244720
NİĞDE;ULUKIŞLA;ALPAĞUT;ÇÖVEK/40 SOKAK;sokak;350790940
NİĞDE;ULUKIŞLA;ALPAĞUT;ÇÖVEK/41 SOKAK;sokak;806972610
NİĞDE;ULUKIŞLA;ALPAĞUT;ÇÖVEK/42 SOKAK;sokak;129950230
NİĞDE;ULUKIŞLA;ALPAĞUT;ÇÖVEK/43 SOKAK;sokak;333387570
NİĞDE;ULUKIŞLA;ALPAĞUT;ÇÖVEK/44 SOKAK;sokak;500173260
NİĞDE;ULUKIŞLA;ALPAĞUT;ÇÖVEK/45 SOKAK;sokak;139367450
NİĞDE;ULUKIŞLA;ALPAĞUT;ÇÖVEK/46 SOKAK;sokak;527686370
NİĞDE;ULUKIŞLA;ALPAĞUT;ÇÖVEK/47 SOKAK;sokak;706996810
NİĞDE;ULUKIŞLA;ALPAĞUT;ÇÖVEK/48 SOKAK;sokak;618225650
NİĞDE;ULUKIŞLA;ALPAĞUT;ÇÖVEK/49 SOKAK;sokak;614941670
NİĞDE;ULUKIŞLA;ALPAĞUT;ÇÖVEK/5 SOKAK;sokak;318168120
NİĞDE;ULUKIŞLA;ALPAĞUT;ÇÖVEK/6 SOKAK;sokak;184479530
NİĞDE;ULUKIŞLA;ALPAĞUT;ÇÖVEK/7 SOKAK;sokak;556124690
NİĞDE;ULUKIŞLA;ALPAĞUT;ÇÖVEK/8 SOKAK;sokak;957692870
NİĞDE;ULUKIŞLA;ALPAĞUT;ÇÖVEK/9 SOKAK;sokak;691164990
NİĞDE;ULUKIŞLA;ALPAĞUT;DEMİR SOKAK;sokak;801016600
NİĞDE;ULUKIŞLA;ALPAĞUT;DEMİRLER SOKAK;sokak;306366
NİĞDE;ULUKIŞLA;ALPAĞUT;DEMİRLER/1 SOKAK;sokak;121667320
NİĞDE;ULUKIŞLA;ALPAĞUT;DUMAN SOKAK;sokak;850025
NİĞDE;ULUKIŞLA;ALPAĞUT;EGE SOKAK;sokak;1523365
NİĞDE;ULUKIŞLA;ALPAĞUT;EĞİLMEZLER SOKAK;sokak;307663
NİĞDE;ULUKIŞLA;ALPAĞUT;EĞRİLER SOKAK;sokak;306342
NİĞDE;ULUKIŞLA;ALPAĞUT;EMENLER SOKAK;sokak;307662
NİĞDE;ULUKIŞLA;ALPAĞUT;EMNİYET SOKAK;sokak;306367
NİĞDE;ULUKIŞLA;ALPAĞUT;EMNİYET_1 SOKAK;sokak;453507
NİĞDE;ULUKIŞLA;ALPAĞUT;ERDAŞ SOKAK;sokak;1078120
NİĞDE;ULUKIŞLA;ALPAĞUT;ERHAN DEMİR SOKAK;sokak;1523817
NİĞDE;ULUKIŞLA;ALPAĞUT;ERHAN DEMİR/1 SOKAK;sokak;917655860
NİĞDE;ULUKIŞLA;ALPAĞUT;ERHAN DEMİR1 SOKAK;sokak;842522
NİĞDE;ULUKIŞLA;ALPAĞUT;ERSAYARLAR SOKAK;sokak;33962
NİĞDE;ULUKIŞLA;ALPAĞUT;ERTAŞLAR SOKAK;sokak;307673
NİĞDE;ULUKIŞLA;ALPAĞUT;ESKİ ÇARŞI SOKAK;sokak;366583
NİĞDE;ULUKIŞLA;ALPAĞUT;ESKİ SU DEPOSU KÜME EVLER;sokak;33963
NİĞDE;ULUKIŞLA;ALPAĞUT;ESKİ SU DEPOSU/1 SOKAK;sokak;646251710
NİĞDE;ULUKIŞLA;ALPAĞUT;GEDELİ- KÜME EVLER;sokak;479574
NİĞDE;ULUKIŞLA;ALPAĞUT;GEZER SOKAK;sokak;864294
NİĞDE;ULUKIŞLA;ALPAĞUT;GÖKHAN SOKAK;sokak;1523391
NİĞDE;ULUKIŞLA;ALPAĞUT;GÖKHAN/2 SOKAK;sokak;955661470
NİĞDE;ULUKIŞLA;ALPAĞUT;GÖKHAN/3 SOKAK;sokak;989209370
NİĞDE;ULUKIŞLA;ALPAĞUT;GÖKHAN/4 SOKAK;sokak;273396540
NİĞDE;ULUKIŞLA;ALPAĞUT;GÖZCÜ SOKAK;sokak;1064573
NİĞDE;ULUKIŞLA;ALPAĞUT;GÜÇLÜ SOKAK;sokak;876115
NİĞDE;ULUKIŞLA;ALPAĞUT;GÜLEÇ SOKAK;sokak;874894
NİĞDE;ULUKIŞLA;ALPAĞUT;GÜNEŞ SOKAK;sokak;1523367
NİĞDE;ULUKIŞLA;ALPAĞUT;GÜNEY CADDE;cadde;842517
NİĞDE;ULUKIŞLA;ALPAĞUT;GÜRÜMLÜ SOKAK;sokak;307643
NİĞDE;ULUKIŞLA;ALPAĞUT;HACI YUSUF SOKAK;sokak;306343
NİĞDE;ULUKIŞLA;ALPAĞUT;HALİL AĞANIN ÇADIRI KÜME EVLER;sokak;33964
NİĞDE;ULUKIŞLA;ALPAĞUT;HAN SOKAK;sokak;1523355
NİĞDE;ULUKIŞLA;ALPAĞUT;HAN/1 SOKAK;sokak;494029850
NİĞDE;ULUKIŞLA;ALPAĞUT;HASAN EFENDİ SOKAK;sokak;307664
NİĞDE;ULUKIŞLA;ALPAĞUT;HASAN ERDOĞAN CADDE;cadde;33965
NİĞDE;ULUKIŞLA;ALPAĞUT;HASAN ERDOĞAN1 CADDE;cadde;306345
NİĞDE;ULUKIŞLA;ALPAĞUT;HATİPİN AĞILI KÜME EVLER;sokak;366584
NİĞDE;ULUKIŞLA;ALPAĞUT;HİCRİ BAYSAL CADDE;cadde;842520
NİĞDE;ULUKIŞLA;ALPAĞUT;HİCRİ BAYSAL/1 SOKAK;sokak;342534500
NİĞDE;ULUKIŞLA;ALPAĞUT;HİCRİ BAYSAL/2 SOKAK;sokak;615255720
NİĞDE;ULUKIŞLA;ALPAĞUT;HİCRİ BAYSAL/3 SOKAK;sokak;172289740
NİĞDE;ULUKIŞLA;ALPAĞUT;HİCRİ BAYSAL/4 SOKAK;sokak;980899800
NİĞDE;ULUKIŞLA;ALPAĞUT;HİCRİ BAYSAL/5 SOKAK;sokak;114832780
NİĞDE;ULUKIŞLA;ALPAĞUT;HİCRİ BAYSAL/6 SOKAK;sokak;165388860
NİĞDE;ULUKIŞLA;ALPAĞUT;HİCRİ BAYSAL/7 SOKAK;sokak;491997710
NİĞDE;ULUKIŞLA;ALPAĞUT;HUZUR SOKAK;sokak;1523363
NİĞDE;ULUKIŞLA;ALPAĞUT;HÜKÜMET KÜME EVLER;sokak;33966
NİĞDE;ULUKIŞLA;ALPAĞUT;HÜRKUŞ SOKAK;sokak;856156310
NİĞDE;ULUKIŞLA;ALPAĞUT;HÜRKUŞ/2 SOKAK;sokak;123840120
NİĞDE;ULUKIŞLA;ALPAĞUT;HÜSEYİN DİKMEN CADDE;cadde;306368
NİĞDE;ULUKIŞLA;ALPAĞUT;HÜSEYİN ONUR CADDE;cadde;28898
NİĞDE;ULUKIŞLA;ALPAĞUT;HÜSEYİN ONUR/1 SOKAK;sokak;512080070
NİĞDE;ULUKIŞLA;ALPAĞUT;HÜSEYİN ONUR1 CADDE;cadde;306346
NİĞDE;ULUKIŞLA;ALPAĞUT;İLBEYİ CADDE;cadde;887277
NİĞDE;ULUKIŞLA;ALPAĞUT;İLBEYİ/1 SOKAK;sokak;491299350
NİĞDE;ULUKIŞLA;ALPAĞUT;İLBEYİ/10 SOKAK;sokak;139673770
NİĞDE;ULUKIŞLA;ALPAĞUT;İLBEYİ/11 SOKAK;sokak;896412940
NİĞDE;ULUKIŞLA;ALPAĞUT;İLBEYİ/12 SOKAK;sokak;653522620
NİĞDE;ULUKIŞLA;ALPAĞUT;İLBEYİ/13 SOKAK;sokak;154067880
NİĞDE;ULUKIŞLA;ALPAĞUT;İLBEYİ/14 SOKAK;sokak;202380360
NİĞDE;ULUKIŞLA;ALPAĞUT;İLBEYİ/15 SOKAK;sokak;190640470
NİĞDE;ULUKIŞLA;ALPAĞUT;İLBEYİ/16 SOKAK;sokak;440711160
NİĞDE;ULUKIŞLA;ALPAĞUT;İLBEYİ/17 SOKAK;sokak;439185980
NİĞDE;ULUKIŞLA;ALPAĞUT;İLBEYİ/18 SOKAK;sokak;244968040
NİĞDE;ULUKIŞLA;ALPAĞUT;İLBEYİ/2 SOKAK;sokak;125348970
NİĞDE;ULUKIŞLA;ALPAĞUT;İLBEYİ/3 SOKAK;sokak;105880510
NİĞDE;ULUKIŞLA;ALPAĞUT;İLBEYİ/4 SOKAK;sokak;599089960
NİĞDE;ULUKIŞLA;ALPAĞUT;İLBEYİ/5 SOKAK;sokak;289099500
NİĞDE;ULUKIŞLA;ALPAĞUT;İLBEYİ/6 SOKAK;sokak;593608590
NİĞDE;ULUKIŞLA;ALPAĞUT;İLBEYİ/7 SOKAK;sokak;326675450
NİĞDE;ULUKIŞLA;ALPAĞUT;İLBEYİ/8 SOKAK;sokak;183092450
NİĞDE;ULUKIŞLA;ALPAĞUT;İLBEYİ/9 SOKAK;sokak;218387500
NİĞDE;ULUKIŞLA;ALPAĞUT;İSMAİL OĞUZ CADDE;cadde;306335
NİĞDE;ULUKIŞLA;ALPAĞUT;İSMAİLOĞLU SOKAK;sokak;975984
NİĞDE;ULUKIŞLA;ALPAĞUT;İSMET İNÖNÜ CADDE;cadde;306334
NİĞDE;ULUKIŞLA;ALPAĞUT;İSMET İNÖNÜ1 CADDE;cadde;307640
NİĞDE;ULUKIŞLA;ALPAĞUT;İSTİKLAL CADDE;cadde;842524
NİĞDE;ULUKIŞLA;ALPAĞUT;KAR SOKAK;sokak;1523389
NİĞDE;ULUKIŞLA;ALPAĞUT;KAR/1 SOKAK;sokak;349602940
NİĞDE;ULUKIŞLA;ALPAĞUT;KARA HAMZALAR SOKAK;sokak;306347
NİĞDE;ULUKIŞLA;ALPAĞUT;KARA MEMİŞ SOKAK;sokak;307991
NİĞDE;ULUKIŞLA;ALPAĞUT;KARAAĞAÇ MEVKİİ KÜME EVLER;sokak;480630
NİĞDE;ULUKIŞLA;ALPAĞUT;KARABACAK SOKAK;sokak;307992
NİĞDE;ULUKIŞLA;ALPAĞUT;KARAÇİÇEK SOKAK;sokak;1058504
NİĞDE;ULUKIŞLA;ALPAĞUT;KARAKOL SOKAK;sokak;306369
NİĞDE;ULUKIŞLA;ALPAĞUT;KARAKOL/1 SOKAK;sokak;885647520
NİĞDE;ULUKIŞLA;ALPAĞUT;KARAKOL/2 SOKAK;sokak;667280230
NİĞDE;ULUKIŞLA;ALPAĞUT;KARAKOL/3 SOKAK;sokak;303218140
NİĞDE;ULUKIŞLA;ALPAĞUT;KARATEPE SOKAK;sokak;907029
NİĞDE;ULUKIŞLA;ALPAĞUT;KARAYEL SOKAK;sokak;1519013
NİĞDE;ULUKIŞLA;ALPAĞUT;KARDEŞ GEDİĞİ MEVKİİ KÜME EVLER;sokak;33967
NİĞDE;ULUKIŞLA;ALPAĞUT;KARININ KUYU MEVKİİ KÜME EVLER;sokak;33968
NİĞDE;ULUKIŞLA;ALPAĞUT;KAYIPOĞLU SOKAK;sokak;33969
NİĞDE;ULUKIŞLA;ALPAĞUT;KELEBEK SOKAK;sokak;1523385
NİĞDE;ULUKIŞLA;ALPAĞUT;KENAN EVREN CADDE;cadde;462075
NİĞDE;ULUKIŞLA;ALPAĞUT;KILINÇ SOKAK;sokak;902059
NİĞDE;ULUKIŞLA;ALPAĞUT;KIRBIYIK SOKAK;sokak;1112519
NİĞDE;ULUKIŞLA;ALPAĞUT;KIRBIYIK/10 SOKAK;sokak;426893560
NİĞDE;ULUKIŞLA;ALPAĞUT;KIRBIYIK/14 SOKAK;sokak;732597640
NİĞDE;ULUKIŞLA;ALPAĞUT;KIRBIYIK/15 SOKAK;sokak;111087840
NİĞDE;ULUKIŞLA;ALPAĞUT;KIRBIYIK/16 SOKAK;sokak;542299920
NİĞDE;ULUKIŞLA;ALPAĞUT;KIRBIYIK/17 SOKAK;sokak;991113530
NİĞDE;ULUKIŞLA;ALPAĞUT;KIRBIYIK/18 SOKAK;sokak;536749660
NİĞDE;ULUKIŞLA;ALPAĞUT;KIRBIYIK/19 SOKAK;sokak;867436060
NİĞDE;ULUKIŞLA;ALPAĞUT;KIRBIYIK/2 SOKAK;sokak;578229670
NİĞDE;ULUKIŞLA;ALPAĞUT;KIRBIYIK/22 SOKAK;sokak;917589460
NİĞDE;ULUKIŞLA;ALPAĞUT;KIRBIYIK/23 SOKAK;sokak;115575430
NİĞDE;ULUKIŞLA;ALPAĞUT;KIRBIYIK/25 SOKAK;sokak;184318900
NİĞDE;ULUKIŞLA;ALPAĞUT;KIRBIYIK/26 SOKAK;sokak;519283490
NİĞDE;ULUKIŞLA;ALPAĞUT;KIRBIYIK/27 SOKAK;sokak;697778450
NİĞDE;ULUKIŞLA;ALPAĞUT;KIRBIYIK/29 SOKAK;sokak;687372530
NİĞDE;ULUKIŞLA;ALPAĞUT;KIRBIYIK/30 SOKAK;sokak;548830610
NİĞDE;ULUKIŞLA;ALPAĞUT;KIRBIYIK/32 SOKAK;sokak;214684750
NİĞDE;ULUKIŞLA;ALPAĞUT;KIRBIYIK/33 SOKAK;sokak;478007500
NİĞDE;ULUKIŞLA;ALPAĞUT;KIRBIYIK/35 SOKAK;sokak;267567590
NİĞDE;ULUKIŞLA;ALPAĞUT;KIRBIYIK/36 SOKAK;sokak;961037340
NİĞDE;ULUKIŞLA;ALPAĞUT;KIRBIYIK/37 SOKAK;sokak;585855970
NİĞDE;ULUKIŞLA;ALPAĞUT;KIRBIYIK/38 SOKAK;sokak;235455770
NİĞDE;ULUKIŞLA;ALPAĞUT;KIRBIYIK/39 SOKAK;sokak;331992090
NİĞDE;ULUKIŞLA;ALPAĞUT;KIRBIYIK/40 SOKAK;sokak;296689850
NİĞDE;ULUKIŞLA;ALPAĞUT;KIRBIYIK/41 SOKAK;sokak;228681780
NİĞDE;ULUKIŞLA;ALPAĞUT;KIRBIYIK/42 SOKAK;sokak;340739320
NİĞDE;ULUKIŞLA;ALPAĞUT;KIRBIYIK/43 SOKAK;sokak;394598960
NİĞDE;ULUKIŞLA;ALPAĞUT;KIRBIYIK/44 SOKAK;sokak;242292390
NİĞDE;ULUKIŞLA;ALPAĞUT;KIRBIYIK/45 SOKAK;sokak;610249800
NİĞDE;ULUKIŞLA;ALPAĞUT;KIRBIYIK/46 SOKAK;sokak;102410990
NİĞDE;ULUKIŞLA;ALPAĞUT;KIRBIYIK/47 SOKAK;sokak;100758280
NİĞDE;ULUKIŞLA;ALPAĞUT;KIRBIYIK/48 SOKAK;sokak;924776860
NİĞDE;ULUKIŞLA;ALPAĞUT;KIRBIYIK/5 SOKAK;sokak;921423630
NİĞDE;ULUKIŞLA;ALPAĞUT;KIRBIYIK/50 SOKAK;sokak;445264240
NİĞDE;ULUKIŞLA;ALPAĞUT;KIRBIYIK/51 SOKAK;sokak;365044960
NİĞDE;ULUKIŞLA;ALPAĞUT;KIRBIYIK/52 SOKAK;sokak;400368730
NİĞDE;ULUKIŞLA;ALPAĞUT;KIRBIYIK/54 SOKAK;sokak;118579430
NİĞDE;ULUKIŞLA;ALPAĞUT;KIRBIYIK/55 SOKAK;sokak;988250370
NİĞDE;ULUKIŞLA;ALPAĞUT;KIRBIYIK/56 SOKAK;sokak;167376110
NİĞDE;ULUKIŞLA;ALPAĞUT;KIRBIYIK/57 SOKAK;sokak;972709200
NİĞDE;ULUKIŞLA;ALPAĞUT;KIRBIYIK/58 SOKAK;sokak;368384980
NİĞDE;ULUKIŞLA;ALPAĞUT;KIRBIYIK/6 SOKAK;sokak;880350430
NİĞDE;ULUKIŞLA;ALPAĞUT;KIRBIYIK/61 SOKAK;sokak;102070820
NİĞDE;ULUKIŞLA;ALPAĞUT;KIRBIYIK/62 SOKAK;sokak;256475790
NİĞDE;ULUKIŞLA;ALPAĞUT;KIRBIYIK/64 SOKAK;sokak;194056870
NİĞDE;ULUKIŞLA;ALPAĞUT;KIRBIYIK/7 SOKAK;sokak;278061320
NİĞDE;ULUKIŞLA;ALPAĞUT;KIRBIYIK/8 SOKAK;sokak;134300610
NİĞDE;ULUKIŞLA;ALPAĞUT;KIRBIYIK/80 SOKAK;sokak;464100800
NİĞDE;ULUKIŞLA;ALPAĞUT;KIŞLA CADDE;cadde;842519
NİĞDE;ULUKIŞLA;ALPAĞUT;KIŞLA/10 SOKAK;sokak;251263430
NİĞDE;ULUKIŞLA;ALPAĞUT;KIŞLA/11 SOKAK;sokak;641824050
NİĞDE;ULUKIŞLA;ALPAĞUT;KIŞLA/12 SOKAK;sokak;305625080
NİĞDE;ULUKIŞLA;ALPAĞUT;KIŞLA/13 SOKAK;sokak;253526180
NİĞDE;ULUKIŞLA;ALPAĞUT;KIŞLA/14 SOKAK;sokak;775603990
NİĞDE;ULUKIŞLA;ALPAĞUT;KIŞLA/15 SOKAK;sokak;423671850
NİĞDE;ULUKIŞLA;ALPAĞUT;KIŞLA/16 SOKAK;sokak;265408070
NİĞDE;ULUKIŞLA;ALPAĞUT;KIŞLA/2 SOKAK;sokak;154124480
NİĞDE;ULUKIŞLA;ALPAĞUT;KIŞLA/3 SOKAK;sokak;867831070
NİĞDE;ULUKIŞLA;ALPAĞUT;KIŞLA/4 SOKAK;sokak;337521550
NİĞDE;ULUKIŞLA;ALPAĞUT;KIŞLA/5 SOKAK;sokak;364913710
NİĞDE;ULUKIŞLA;ALPAĞUT;KIŞLA/6 SOKAK;sokak;686148250
NİĞDE;ULUKIŞLA;ALPAĞUT;KIŞLA/7 SOKAK;sokak;926610810
NİĞDE;ULUKIŞLA;ALPAĞUT;KIŞLA/8 SOKAK;sokak;326450200
NİĞDE;ULUKIŞLA;ALPAĞUT;KIŞLA/9 SOKAK;sokak;158624280
NİĞDE;ULUKIŞLA;ALPAĞUT;KIZILAYLAR SOKAK;sokak;306348
NİĞDE;ULUKIŞLA;ALPAĞUT;KOCATÜRK SOKAK;sokak;887278
NİĞDE;ULUKIŞLA;ALPAĞUT;KOCATÜRK/1 SOKAK;sokak;274552370
NİĞDE;ULUKIŞLA;ALPAĞUT;KOCATÜRK/2 SOKAK;sokak;161835350
NİĞDE;ULUKIŞLA;ALPAĞUT;KOCATÜRK/3 SOKAK;sokak;172774500
NİĞDE;ULUKIŞLA;ALPAĞUT;KODALAĞIN AĞILI SOKAK;sokak;462072
NİĞDE;ULUKIŞLA;ALPAĞUT;KODALAĞIN AĞILI/1 SOKAK;sokak;163666270
NİĞDE;ULUKIŞLA;ALPAĞUT;KODALAĞIN AĞILI/10 SOKAK;sokak;291988680
NİĞDE;ULUKIŞLA;ALPAĞUT;KODALAĞIN AĞILI/11 SOKAK;sokak;133958840
NİĞDE;ULUKIŞLA;ALPAĞUT;KODALAĞIN AĞILI/12 SOKAK;sokak;212278710
NİĞDE;ULUKIŞLA;ALPAĞUT;KODALAĞIN AĞILI/13 SOKAK;sokak;205496970
NİĞDE;ULUKIŞLA;ALPAĞUT;KODALAĞIN AĞILI/14 SOKAK;sokak;662010960
NİĞDE;ULUKIŞLA;ALPAĞUT;KODALAĞIN AĞILI/15 SOKAK;sokak;960430960
NİĞDE;ULUKIŞLA;ALPAĞUT;KODALAĞIN AĞILI/16 SOKAK;sokak;950248240
NİĞDE;ULUKIŞLA;ALPAĞUT;KODALAĞIN AĞILI/17 SOKAK;sokak;932234020
NİĞDE;ULUKIŞLA;ALPAĞUT;KODALAĞIN AĞILI/2 SOKAK;sokak;735184660
NİĞDE;ULUKIŞLA;ALPAĞUT;KODALAĞIN AĞILI/3 SOKAK;sokak;367678950
NİĞDE;ULUKIŞLA;ALPAĞUT;KODALAĞIN AĞILI/4 SOKAK;sokak;291207300
NİĞDE;ULUKIŞLA;ALPAĞUT;KODALAĞIN AĞILI/5 SOKAK;sokak;145212490
NİĞDE;ULUKIŞLA;ALPAĞUT;KODALAĞIN AĞILI/6 SOKAK;sokak;642389670
NİĞDE;ULUKIŞLA;ALPAĞUT;KODALAĞIN AĞILI/7 SOKAK;sokak;234968540
NİĞDE;ULUKIŞLA;ALPAĞUT;KODALAĞIN AĞILI/8 SOKAK;sokak;478660330
NİĞDE;ULUKIŞLA;ALPAĞUT;KODALAĞIN AĞILI/9 SOKAK;sokak;169409420
NİĞDE;ULUKIŞLA;ALPAĞUT;KÖSELER SOKAK;sokak;307993
NİĞDE;ULUKIŞLA;ALPAĞUT;KURAN KURSU SOKAK;sokak;306370
NİĞDE;ULUKIŞLA;ALPAĞUT;KURAN KURSU/1 SOKAK;sokak;700808250
NİĞDE;ULUKIŞLA;ALPAĞUT;KURSAK SOKAK;sokak;902060
NİĞDE;ULUKIŞLA;ALPAĞUT;KUVA-İ MİLLİYE CADDE;cadde;842514
NİĞDE;ULUKIŞLA;ALPAĞUT;KUVAİ MİLLİYE/1 SOKAK;sokak;893951560
NİĞDE;ULUKIŞLA;ALPAĞUT;KUVAİ MİLLİYE/11 SOKAK;sokak;680054200
NİĞDE;ULUKIŞLA;ALPAĞUT;KUVAİ MİLLİYE/3 SOKAK;sokak;387353200
NİĞDE;ULUKIŞLA;ALPAĞUT;KUVAİ MİLLİYE/4 SOKAK;sokak;226333820
NİĞDE;ULUKIŞLA;ALPAĞUT;KÜÇÜK HATİP SOKAK;sokak;307638
NİĞDE;ULUKIŞLA;ALPAĞUT;KÜME1 KÜME EVLER;sokak;992904541
NİĞDE;ULUKIŞLA;ALPAĞUT;MEDİNE SOKAK;sokak;948620
NİĞDE;ULUKIŞLA;ALPAĞUT;MEDRESE SOKAK;sokak;307665
NİĞDE;ULUKIŞLA;ALPAĞUT;MEHMET TEVFİK GÜNEY CADDE;cadde;307639
NİĞDE;ULUKIŞLA;ALPAĞUT;MEHMET TEVFİK GÜNEY/1 SOKAK;sokak;131583730
NİĞDE;ULUKIŞLA;ALPAĞUT;MEHMET TEVFİK GÜNEY/2 SOKAK;sokak;328395160
NİĞDE;ULUKIŞLA;ALPAĞUT;MEKTUPCULAR SOKAK;sokak;306349
NİĞDE;ULUKIŞLA;ALPAĞUT;MELİZİN KIRMA MEVKİİ SOKAK;sokak;480227
NİĞDE;ULUKIŞLA;ALPAĞUT;MELTEM SOKAK;sokak;913419
NİĞDE;ULUKIŞLA;ALPAĞUT;MENEKŞE SOKAK;sokak;340856961
NİĞDE;ULUKIŞLA;ALPAĞUT;MERAL SOKAK;sokak;1144236
NİĞDE;ULUKIŞLA;ALPAĞUT;MEVLANA SOKAK;sokak;1365815
NİĞDE;ULUKIŞLA;ALPAĞUT;MISIRLI SOKAK;sokak;453509
NİĞDE;ULUKIŞLA;ALPAĞUT;MULLA AHMET SOKAK;sokak;306350
NİĞDE;ULUKIŞLA;ALPAĞUT;MURAT YÜCEL CADDE;cadde;33961
NİĞDE;ULUKIŞLA;ALPAĞUT;ORKİDE SOKAK;sokak;1523373
NİĞDE;ULUKIŞLA;ALPAĞUT;ÖMER HOCA SOKAK;sokak;453505
NİĞDE;ULUKIŞLA;ALPAĞUT;ÖZDEN SOKAK;sokak;955000
NİĞDE;ULUKIŞLA;ALPAĞUT;ÖZDEN/1 SOKAK;sokak;459335611
NİĞDE;ULUKIŞLA;ALPAĞUT;ÖZMENLER SOKAK;sokak;307647
NİĞDE;ULUKIŞLA;ALPAĞUT;PARK SOKAK;sokak;856906
NİĞDE;ULUKIŞLA;ALPAĞUT;PARK/1 SOKAK;sokak;498309950
NİĞDE;ULUKIŞLA;ALPAĞUT;PARKLAR SOKAK;sokak;1063826
NİĞDE;ULUKIŞLA;ALPAĞUT;PARKLAR/1 SOKAK;sokak;263803290
NİĞDE;ULUKIŞLA;ALPAĞUT;PARKLAR/2 SOKAK;sokak;766009070
NİĞDE;ULUKIŞLA;ALPAĞUT;PARKLAR/3 SOKAK;sokak;636016860
NİĞDE;ULUKIŞLA;ALPAĞUT;PARKLAR/4 SOKAK;sokak;328243510
NİĞDE;ULUKIŞLA;ALPAĞUT;PARKLAR/5 SOKAK;sokak;106312570
NİĞDE;ULUKIŞLA;ALPAĞUT;PARKLAR/6 SOKAK;sokak;427700730
NİĞDE;ULUKIŞLA;ALPAĞUT;PEKELLER SOKAK;sokak;1032889
NİĞDE;ULUKIŞLA;ALPAĞUT;PINAR BAŞI SOKAK;sokak;307645
NİĞDE;ULUKIŞLA;ALPAĞUT;PINAR SOKAK;sokak;187075050
NİĞDE;ULUKIŞLA;ALPAĞUT;PURLU OSMAN SOKAK;sokak;462073
NİĞDE;ULUKIŞLA;ALPAĞUT;RAMAZAN SOKAK;sokak;983223
NİĞDE;ULUKIŞLA;ALPAĞUT;RAMAZAN/1 SOKAK;sokak;367139560
NİĞDE;ULUKIŞLA;ALPAĞUT;REŞAT NURİ GÜNTEKİN SOKAK;sokak;1520065
NİĞDE;ULUKIŞLA;ALPAĞUT;REŞAT NURİ GÜNTEKİN/1 SOKAK;sokak;237336520
NİĞDE;ULUKIŞLA;ALPAĞUT;REŞAT NURİ GÜNTEKİN/10 SOKAK;sokak;301474580
NİĞDE;ULUKIŞLA;ALPAĞUT;REŞAT NURİ GÜNTEKİN/2 SOKAK;sokak;248250100
NİĞDE;ULUKIŞLA;ALPAĞUT;REŞAT NURİ GÜNTEKİN/3 SOKAK;sokak;226683470
NİĞDE;ULUKIŞLA;ALPAĞUT;REŞAT NURİ GÜNTEKİN/4 SOKAK;sokak;173328590
NİĞDE;ULUKIŞLA;ALPAĞUT;REŞAT NURİ GÜNTEKİN/5 SOKAK;sokak;482999030
NİĞDE;ULUKIŞLA;ALPAĞUT;REŞAT NURİ GÜNTEKİN/6 SOKAK;sokak;412783180
NİĞDE;ULUKIŞLA;ALPAĞUT;REŞAT NURİ GÜNTEKİN/8 SOKAK;sokak;947303060
NİĞDE;ULUKIŞLA;ALPAĞUT;REŞAT NURİ GÜNTEKİN/9 SOKAK;sokak;728095100
NİĞDE;ULUKIŞLA;ALPAĞUT;SAÇANLAR SOKAK;sokak;307646
NİĞDE;ULUKIŞLA;ALPAĞUT;SANSAR CADDE;cadde;842516
NİĞDE;ULUKIŞLA;ALPAĞUT;SAPRI SOKAK;sokak;986786
NİĞDE;ULUKIŞLA;ALPAĞUT;SAPRI/1 SOKAK;sokak;405882790
NİĞDE;ULUKIŞLA;ALPAĞUT;SARPI_1 SOKAK;sokak;33970
NİĞDE;ULUKIŞLA;ALPAĞUT;SARPI/2 SOKAK;sokak;196644320
NİĞDE;ULUKIŞLA;ALPAĞUT;SARPI/3 SOKAK;sokak;231549900
NİĞDE;ULUKIŞLA;ALPAĞUT;SARPI/4 SOKAK;sokak;964478590
NİĞDE;ULUKIŞLA;ALPAĞUT;SARPI/5 SOKAK;sokak;128708380
NİĞDE;ULUKIŞLA;ALPAĞUT;SECAADDİN SOKAK;sokak;306329
NİĞDE;ULUKIŞLA;ALPAĞUT;SECAADDİN1 SOKAK;sokak;307994
NİĞDE;ULUKIŞLA;ALPAĞUT;SELİM SOKAK;sokak;882761
NİĞDE;ULUKIŞLA;ALPAĞUT;SOKU SOKAK;sokak;307995
NİĞDE;ULUKIŞLA;ALPAĞUT;SU DEPOSU SOKAK;sokak;307666
NİĞDE;ULUKIŞLA;ALPAĞUT;SULTAN SOKAK;sokak;1523383
NİĞDE;ULUKIŞLA;ALPAĞUT;SÜLEYMAN ÖLDÜK CADDE;cadde;842529
NİĞDE;ULUKIŞLA;ALPAĞUT;SÜLEYMAN ÖLDÜK/1 SOKAK;sokak;558069470
NİĞDE;ULUKIŞLA;ALPAĞUT;SÜLEYMAN ÖLDÜK/2 SOKAK;sokak;813111100
NİĞDE;ULUKIŞLA;ALPAĞUT;SÜLEYMAN ÖLDÜK/3 SOKAK;sokak;651166590
NİĞDE;ULUKIŞLA;ALPAĞUT;SÜLEYMAN ÖLDÜK/4 SOKAK;sokak;792926860
NİĞDE;ULUKIŞLA;ALPAĞUT;SÜLEYMAN ÖLDÜK/5 SOKAK;sokak;851633840
NİĞDE;ULUKIŞLA;ALPAĞUT;ŞEHİT OSMAN GÜNDÜZ SOKAK;sokak;307648
NİĞDE;ULUKIŞLA;ALPAĞUT;ŞHT.OSMAN GÜNDÜZ CADDE;cadde;1523849
NİĞDE;ULUKIŞLA;ALPAĞUT;ŞHT.OSMAN GÜNDÜZ/1 SOKAK;sokak;112254060
NİĞDE;ULUKIŞLA;ALPAĞUT;ŞHT.OSMAN GÜNDÜZ/10 SOKAK;sokak;167095110
NİĞDE;ULUKIŞLA;ALPAĞUT;ŞHT.OSMAN GÜNDÜZ/2 SOKAK;sokak;105444350
NİĞDE;ULUKIŞLA;ALPAĞUT;ŞHT.OSMAN GÜNDÜZ/3 SOKAK;sokak;399943710
NİĞDE;ULUKIŞLA;ALPAĞUT;ŞHT.OSMAN GÜNDÜZ/4 SOKAK;sokak;401660270
NİĞDE;ULUKIŞLA;ALPAĞUT;ŞHT.OSMAN GÜNDÜZ/5 SOKAK;sokak;137944330
NİĞDE;ULUKIŞLA;ALPAĞUT;ŞHT.OSMAN GÜNDÜZ/6 SOKAK;sokak;552617620
NİĞDE;ULUKIŞLA;ALPAĞUT;ŞHT.OSMAN GÜNDÜZ/7 SOKAK;sokak;372425830
NİĞDE;ULUKIŞLA;ALPAĞUT;ŞHT.OSMAN GÜNDÜZ/8 SOKAK;sokak;929682540
NİĞDE;ULUKIŞLA;ALPAĞUT;ŞHT.OSMAN GÜNDÜZ/9 SOKAK;sokak;115662050
NİĞDE;ULUKIŞLA;ALPAĞUT;ŞHT.OSMAN GÜNDÜZ1 CADDE;cadde;842531
NİĞDE;ULUKIŞLA;ALPAĞUT;ŞULE SOKAK;sokak;917547
NİĞDE;ULUKIŞLA;ALPAĞUT;TEPE SOKAK;sokak;1058506
NİĞDE;ULUKIŞLA;ALPAĞUT;TIRAZTEPE CADDE;cadde;842527
NİĞDE;ULUKIŞLA;ALPAĞUT;TIRAZTEPE/1 SOKAK;sokak;212667700
NİĞDE;ULUKIŞLA;ALPAĞUT;TIRAZTEPE/10 SOKAK;sokak;190841100
NİĞDE;ULUKIŞLA;ALPAĞUT;TIRAZTEPE/11 SOKAK;sokak;131835610
NİĞDE;ULUKIŞLA;ALPAĞUT;TIRAZTEPE/12 SOKAK;sokak;350974010
NİĞDE;ULUKIŞLA;ALPAĞUT;TIRAZTEPE/13 SOKAK;sokak;321262030
NİĞDE;ULUKIŞLA;ALPAĞUT;TIRAZTEPE/14 SOKAK;sokak;277964400
NİĞDE;ULUKIŞLA;ALPAĞUT;TIRAZTEPE/15 SOKAK;sokak;965230220
NİĞDE;ULUKIŞLA;ALPAĞUT;TIRAZTEPE/2 SOKAK;sokak;426379180
NİĞDE;ULUKIŞLA;ALPAĞUT;TIRAZTEPE/3 SOKAK;sokak;124826910
NİĞDE;ULUKIŞLA;ALPAĞUT;TIRAZTEPE/4 SOKAK;sokak;303636340
NİĞDE;ULUKIŞLA;ALPAĞUT;TIRAZTEPE/5 SOKAK;sokak;134163910
NİĞDE;ULUKIŞLA;ALPAĞUT;TIRAZTEPE/6 SOKAK;sokak;490862420
NİĞDE;ULUKIŞLA;ALPAĞUT;TIRAZTEPE/7 SOKAK;sokak;725570850
NİĞDE;ULUKIŞLA;ALPAĞUT;TIRAZTEPE/9 SOKAK;sokak;179253480
NİĞDE;ULUKIŞLA;ALPAĞUT;TOKİ SOKAK;sokak;1523855
NİĞDE;ULUKIŞLA;ALPAĞUT;TOKİ/1 SOKAK;sokak;111469660
NİĞDE;ULUKIŞLA;ALPAĞUT;TOKİ/2 SOKAK;sokak;514005130
NİĞDE;ULUKIŞLA;ALPAĞUT;TÜRK ALİ SOKAK;sokak;453510
NİĞDE;ULUKIŞLA;ALPAĞUT;TÜRK SOKAK;sokak;434799301
NİĞDE;ULUKIŞLA;ALPAĞUT;TÜRKERLER SOKAK;sokak;307996
NİĞDE;ULUKIŞLA;ALPAĞUT;UÇARLAR SOKAK;sokak;306330
NİĞDE;ULUKIŞLA;ALPAĞUT;UĞURLU CADDE;cadde;1090102
NİĞDE;ULUKIŞLA;ALPAĞUT;UĞURLU TOKİ KÜME EVLER;sokak;1523335
NİĞDE;ULUKIŞLA;ALPAĞUT;UĞURLU. SOKAK;sokak;1523323
NİĞDE;ULUKIŞLA;ALPAĞUT;ULUKIŞLA OTOYOLU BULVAR;sokak;374038210
NİĞDE;ULUKIŞLA;ALPAĞUT;ÜNAL SOKAK;sokak;920752
NİĞDE;ULUKIŞLA;ALPAĞUT;ÜNAL/1 SOKAK;sokak;867121550
NİĞDE;ULUKIŞLA;ALPAĞUT;ÜNAL/2 SOKAK;sokak;465338161
NİĞDE;ULUKIŞLA;ALPAĞUT;YAKUP ÜNAL CADDE;cadde;306331
NİĞDE;ULUKIŞLA;ALPAĞUT;YAKUP ÜNAL_1 CADDE;cadde;696092380
NİĞDE;ULUKIŞLA;ALPAĞUT;YALÇIN SOKAK;sokak;917587
NİĞDE;ULUKIŞLA;ALPAĞUT;YENER SOKAK;sokak;873900
NİĞDE;ULUKIŞLA;ALPAĞUT;YILMAZ SOKAK;sokak;884851
NİĞDE;ULUKIŞLA;ALPAĞUT;YÜKSEL SOKAK;sokak;939235
NİĞDE;ULUKIŞLA;ALPAĞUT;YÜKSEL/1 SOKAK;sokak;153472630
NİĞDE;ULUKIŞLA;ALPAĞUT;ZÜMRÜT SOKAK;sokak;1358485
NİĞDE;ULUKIŞLA;ALPAĞUT;ZÜMRÜT/1 SOKAK;sokak;560072970
NİĞDE;ULUKIŞLA;ALPAĞUT;ZÜMRÜT/2 SOKAK;sokak;575403950
NİĞDE;ULUKIŞLA;ALPAĞUT;ZÜMRÜT/3 SOKAK;sokak;157354830
NİĞDE;ULUKIŞLA;ALPAĞUT;ZÜMRÜT/5 SOKAK;sokak;268483170
NİĞDE;ULUKIŞLA;ALPAĞUT;ZÜMRÜT/6 SOKAK;sokak;364016280
NİĞDE;ULUKIŞLA;ALTAY - KÜME1;KÜME1 KÜME EVLER;sokak;482003
NİĞDE;ULUKIŞLA;ALTAY - KÜME2;KÜME1 KÜME EVLER;sokak;668989821
NİĞDE;ULUKIŞLA;ALTAY - KÜME2;KÜME2 KÜME EVLER;sokak;476693
NİĞDE;ULUKIŞLA;ARDIÇLI NA;ARDIÇLI KÜME EVLER;sokak;473042
NİĞDE;ULUKIŞLA;BAŞMAKÇI - KÜME1;KÜME1 KÜME EVLER;sokak;481092
NİĞDE;ULUKIŞLA;BAŞMAKÇI - KÜME1;TARSUS-ANKARA OTOYOLU BULVAR;sokak;401002160
NİĞDE;ULUKIŞLA;BAŞMAKÇI - KÜME2;KÜME2 KÜME EVLER;sokak;481095
NİĞDE;ULUKIŞLA;BAŞMAKÇI - KÜME2;TARSUS-ANKARA OTOYOLU BULVAR;sokak;275864290
NİĞDE;ULUKIŞLA;BAYAĞIL - KÜME1;ADANA AKSARAY YOLU BULVAR;sokak;106402900
NİĞDE;ULUKIŞLA;BAYAĞIL - KÜME1;ADANA NİĞDE YOLU BULVAR;sokak;165006620
NİĞDE;ULUKIŞLA;BAYAĞIL - KÜME1;KÜME1 KÜME EVLER;sokak;472932
NİĞDE;ULUKIŞLA;BAYAĞIL - KÜME1;KÜME2 KÜME EVLER;sokak;240221541
NİĞDE;ULUKIŞLA;BAYAĞIL - KÜME2;KÜME2 KÜME EVLER;sokak;476699
NİĞDE;ULUKIŞLA;BAYAĞIL - KÜME3;ADANA AKSARAY YOLU BULVAR;sokak;106402901
NİĞDE;ULUKIŞLA;BAYAĞIL - KÜME3;KÜME3 KÜME EVLER;sokak;476700
NİĞDE;ULUKIŞLA;ÇANAKÇI NA;ÇANAKÇI KÜME EVLER;sokak;472527
NİĞDE;ULUKIŞLA;ÇİFTEHAN - CUMHURİYET;101. SOKAK;sokak;309824
NİĞDE;ULUKIŞLA;ÇİFTEHAN - CUMHURİYET;102. SOKAK;sokak;309825
NİĞDE;ULUKIŞLA;ÇİFTEHAN - CUMHURİYET;103. SOKAK;sokak;309826
NİĞDE;ULUKIŞLA;ÇİFTEHAN - CUMHURİYET;104. SOKAK;sokak;455173
NİĞDE;ULUKIŞLA;ÇİFTEHAN - CUMHURİYET;105. SOKAK;sokak;309827
NİĞDE;ULUKIŞLA;ÇİFTEHAN - CUMHURİYET;107 SOKAK;sokak;485927
NİĞDE;ULUKIŞLA;ÇİFTEHAN - CUMHURİYET;108 SOKAK;sokak;485928
NİĞDE;ULUKIŞLA;ÇİFTEHAN - CUMHURİYET;114 SOKAK;sokak;485934
NİĞDE;ULUKIŞLA;ÇİFTEHAN - CUMHURİYET;CUMHURİYET/1 SOKAK;sokak;998557850
NİĞDE;ULUKIŞLA;ÇİFTEHAN - CUMHURİYET;ÇİFTEHAN YENİYOL1 SOKAK;sokak;176124410
NİĞDE;ULUKIŞLA;ÇİFTEHAN - CUMHURİYET;ÇİFTEHAN YENİYOL2 SOKAK;sokak;434633550
NİĞDE;ULUKIŞLA;ÇİFTEHAN - CUMHURİYET;ÇİFTEHAN YENİYOL3 SOKAK;sokak;480021820
NİĞDE;ULUKIŞLA;ÇİFTEHAN - CUMHURİYET;ÇİFTEHAN YENİYOL4 SOKAK;sokak;128447910
NİĞDE;ULUKIŞLA;ÇİFTEHAN - CUMHURİYET;ÇİFTEHAN YENİYOL5 SOKAK;sokak;973851240
NİĞDE;ULUKIŞLA;ÇİFTEHAN - CUMHURİYET;E-5 SOKAK;sokak;309828
NİĞDE;ULUKIŞLA;ÇİFTEHAN - CUMHURİYET;E5 SOKAK;sokak;544673290
NİĞDE;ULUKIŞLA;ÇİFTEHAN - CUMHURİYET;KASAP MUSTAFA SOKAK;sokak;455174
NİĞDE;ULUKIŞLA;ÇİFTEHAN - CUMHURİYET;KATRANCI SOKAK;sokak;485477
NİĞDE;ULUKIŞLA;ÇİFTEHAN - CUMHURİYET;TORUNEVLER SOKAK;sokak;480097
NİĞDE;ULUKIŞLA;ÇİFTEHAN - CUMHURİYET;TURGUT ÖZAL SOKAK;sokak;309829
NİĞDE;ULUKIŞLA;ÇİFTEHAN - CUMHURİYET;VALİLER SOKAK;sokak;309830
NİĞDE;ULUKIŞLA;ÇİFTEHAN - EVREN;201. SOKAK;sokak;309831
NİĞDE;ULUKIŞLA;ÇİFTEHAN - EVREN;202. SOKAK;sokak;455175
NİĞDE;ULUKIŞLA;ÇİFTEHAN - EVREN;203. SOKAK;sokak;309832
NİĞDE;ULUKIŞLA;ÇİFTEHAN - EVREN;204. SOKAK;sokak;309833
NİĞDE;ULUKIŞLA;ÇİFTEHAN - EVREN;205. SOKAK;sokak;455176
NİĞDE;ULUKIŞLA;ÇİFTEHAN - EVREN;206. SOKAK;sokak;309834
NİĞDE;ULUKIŞLA;ÇİFTEHAN - EVREN;207. SOKAK;sokak;309835
NİĞDE;ULUKIŞLA;ÇİFTEHAN - EVREN;208. SOKAK;sokak;309836
NİĞDE;ULUKIŞLA;ÇİFTEHAN - EVREN;209. SOKAK;sokak;463533
NİĞDE;ULUKIŞLA;ÇİFTEHAN - EVREN;210. SOKAK;sokak;309837
NİĞDE;ULUKIŞLA;ÇİFTEHAN - EVREN;211. SOKAK;sokak;309838
NİĞDE;ULUKIŞLA;ÇİFTEHAN - EVREN;211/1 SOKAK;sokak;609083240
NİĞDE;ULUKIŞLA;ÇİFTEHAN - EVREN;211/3 SOKAK;sokak;756066570
NİĞDE;ULUKIŞLA;ÇİFTEHAN - EVREN;212. SOKAK;sokak;464360
NİĞDE;ULUKIŞLA;ÇİFTEHAN - EVREN;ADANA AKSARAY YOLU BULVAR;sokak;717161040
NİĞDE;ULUKIŞLA;ÇİFTEHAN - EVREN;ÇİFTEHAN YENİYOL6 SOKAK;sokak;670717610
NİĞDE;ULUKIŞLA;ÇİFTEHAN - EVREN;ÇİFTEHAN YENİYOL7 SOKAK;sokak;287432350
NİĞDE;ULUKIŞLA;ÇİFTEHAN - EVREN;ÇİFTEHAN YENİYOL8 SOKAK;sokak;530135120
NİĞDE;ULUKIŞLA;ÇİFTEHAN - EVREN;ÇİFTEHAN YENİYOL9 SOKAK;sokak;180734600
NİĞDE;ULUKIŞLA;ÇİFTEHAN - EVREN;ERDOĞAN ÖZEGEN SOKAK;sokak;485577
NİĞDE;ULUKIŞLA;ÇİFTEHAN - EVREN;İSTASYON SOKAK;sokak;478929
NİĞDE;ULUKIŞLA;ÇİFTEHAN - EVREN;KAPLICA SOKAK;sokak;329791480
NİĞDE;ULUKIŞLA;ÇİFTEHAN - EVREN;KOÇAK SOKAK;sokak;309840
NİĞDE;ULUKIŞLA;ÇİFTEHAN - EVREN;NECMETTİN KILIÇ SOKAK;sokak;309839
NİĞDE;ULUKIŞLA;ÇİFTEHAN - EVREN;ORMAN YOLU SOKAK;sokak;464361
NİĞDE;ULUKIŞLA;ÇİFTEHAN - EVREN;ORMAN YOLU/1 SOKAK;sokak;698885920
NİĞDE;ULUKIŞLA;ÇİFTEHAN - EVREN;VALİLER SOKAK;sokak;309841
NİĞDE;ULUKIŞLA;ÇİFTEKÖY - KÜME1;KÜME1 KÜME EVLER;sokak;478145
NİĞDE;ULUKIŞLA;ÇİFTEKÖY - KÜME1;TARSUS-ANKARA OTOYOLU BULVAR;sokak;226471010
NİĞDE;ULUKIŞLA;DARBOĞAZ - ATATÜRK;ALİ EFENDİ SOKAK;sokak;308024
NİĞDE;ULUKIŞLA;DARBOĞAZ - ATATÜRK;CENGİZ SOKAK;sokak;616064
NİĞDE;ULUKIŞLA;DARBOĞAZ - ATATÜRK;CUMHURİYET SOKAK;sokak;308025
NİĞDE;ULUKIŞLA;DARBOĞAZ - ATATÜRK;CUMHURİYET/1 SOKAK;sokak;782947740
NİĞDE;ULUKIŞLA;DARBOĞAZ - ATATÜRK;ÇAY SOKAK;sokak;308030
NİĞDE;ULUKIŞLA;DARBOĞAZ - ATATÜRK;ÇAY/1 SOKAK;sokak;919214940
NİĞDE;ULUKIŞLA;DARBOĞAZ - ATATÜRK;ÇAY/2 SOKAK;sokak;647388180
NİĞDE;ULUKIŞLA;DARBOĞAZ - ATATÜRK;DARBOĞAZ/13 SOKAK;sokak;272490930
NİĞDE;ULUKIŞLA;DARBOĞAZ - ATATÜRK;DARBOĞAZ/2 SOKAK;sokak;813320820
NİĞDE;ULUKIŞLA;DARBOĞAZ - ATATÜRK;DARBOĞAZ/27 SOKAK;sokak;946871260
NİĞDE;ULUKIŞLA;DARBOĞAZ - ATATÜRK;DARBOĞAZ/29 SOKAK;sokak;229944611
NİĞDE;ULUKIŞLA;DARBOĞAZ - ATATÜRK;DARBOĞAZ/37 SOKAK;sokak;233545820
NİĞDE;ULUKIŞLA;DARBOĞAZ - ATATÜRK;DARBOĞAZ/39 SOKAK;sokak;708626100
NİĞDE;ULUKIŞLA;DARBOĞAZ - ATATÜRK;DARBOĞAZ/41 SOKAK;sokak;339819030
NİĞDE;ULUKIŞLA;DARBOĞAZ - ATATÜRK;DARBOĞAZ/42 SOKAK;sokak;101363070
NİĞDE;ULUKIŞLA;DARBOĞAZ - ATATÜRK;DARBOĞAZ/43 SOKAK;sokak;504347370
NİĞDE;ULUKIŞLA;DARBOĞAZ - ATATÜRK;DARBOĞAZ/44 SOKAK;sokak;149030330
NİĞDE;ULUKIŞLA;DARBOĞAZ - ATATÜRK;DARBOĞAZ/45 SOKAK;sokak;315945750
NİĞDE;ULUKIŞLA;DARBOĞAZ - ATATÜRK;DARBOĞAZ/46 SOKAK;sokak;596895880
NİĞDE;ULUKIŞLA;DARBOĞAZ - ATATÜRK;DARBOĞAZ/47 SOKAK;sokak;381638040
NİĞDE;ULUKIŞLA;DARBOĞAZ - ATATÜRK;DARBOĞAZ/48 SOKAK;sokak;404391920
NİĞDE;ULUKIŞLA;DARBOĞAZ - ATATÜRK;DARBOĞAZ/49 SOKAK;sokak;340878330
NİĞDE;ULUKIŞLA;DARBOĞAZ - ATATÜRK;DARBOĞAZ/51 SOKAK;sokak;582928550
NİĞDE;ULUKIŞLA;DARBOĞAZ - ATATÜRK;DARBOĞAZ/60 SOKAK;sokak;533348680
NİĞDE;ULUKIŞLA;DARBOĞAZ - ATATÜRK;DARBOĞAZ/62 SOKAK;sokak;120424530
NİĞDE;ULUKIŞLA;DARBOĞAZ - ATATÜRK;DARBOĞAZ/7 SOKAK;sokak;715191100
NİĞDE;ULUKIŞLA;DARBOĞAZ - ATATÜRK;DARBOĞAZ/70 SOKAK;sokak;253202760
NİĞDE;ULUKIŞLA;DARBOĞAZ - ATATÜRK;DUVAKLIK SOKAK;sokak;575108
NİĞDE;ULUKIŞLA;DARBOĞAZ - ATATÜRK;GÜL SOKAK;sokak;308026
NİĞDE;ULUKIŞLA;DARBOĞAZ - ATATÜRK;GÜVEN SOKAK;sokak;587763
NİĞDE;ULUKIŞLA;DARBOĞAZ - ATATÜRK;KARATEPE/3 SOKAK;sokak;195485510
NİĞDE;ULUKIŞLA;DARBOĞAZ - ATATÜRK;LALE SOKAK;sokak;308027
NİĞDE;ULUKIŞLA;DARBOĞAZ - ATATÜRK;LALE/10 SOKAK;sokak;559531780
NİĞDE;ULUKIŞLA;DARBOĞAZ - ATATÜRK;LALE/3 SOKAK;sokak;248465521
NİĞDE;ULUKIŞLA;DARBOĞAZ - ATATÜRK;LALE/4 SOKAK;sokak;986137060
NİĞDE;ULUKIŞLA;DARBOĞAZ - ATATÜRK;LALE/5 SOKAK;sokak;821401530
NİĞDE;ULUKIŞLA;DARBOĞAZ - ATATÜRK;LALE/6 SOKAK;sokak;550203250
NİĞDE;ULUKIŞLA;DARBOĞAZ - ATATÜRK;LALE/7 SOKAK;sokak;212155790
NİĞDE;ULUKIŞLA;DARBOĞAZ - ATATÜRK;LALE/8 SOKAK;sokak;630472520
NİĞDE;ULUKIŞLA;DARBOĞAZ - ATATÜRK;LALE/9 SOKAK;sokak;707091750
NİĞDE;ULUKIŞLA;DARBOĞAZ - ATATÜRK;MENEKŞE SOKAK;sokak;308028
NİĞDE;ULUKIŞLA;DARBOĞAZ - ATATÜRK;MUSTAFAUNAL SOKAK;sokak;334169751
NİĞDE;ULUKIŞLA;DARBOĞAZ - ATATÜRK;ÖZER SOKAK;sokak;370133
NİĞDE;ULUKIŞLA;DARBOĞAZ - ATATÜRK;SAĞLIK OCAĞI SOKAK;sokak;453523
NİĞDE;ULUKIŞLA;DARBOĞAZ - ATATÜRK;SAĞLIK OCAĞI/1 SOKAK;sokak;987333890
NİĞDE;ULUKIŞLA;DARBOĞAZ - ATATÜRK;SAĞLIK OCAĞI/2 SOKAK;sokak;839028900
NİĞDE;ULUKIŞLA;DARBOĞAZ - ATATÜRK;SAĞLIK OCAĞI/3 SOKAK;sokak;185391630
NİĞDE;ULUKIŞLA;DARBOĞAZ - ATATÜRK;SAYAR SOKAK;sokak;613111
NİĞDE;ULUKIŞLA;DARBOĞAZ - ATATÜRK;SOĞUK PINAR SOKAK;sokak;308029
NİĞDE;ULUKIŞLA;DARBOĞAZ - ATATÜRK;SOĞUK PINAR/1 SOKAK;sokak;191688300
NİĞDE;ULUKIŞLA;DARBOĞAZ - ATATÜRK;SOĞUK PINAR/2 SOKAK;sokak;506942310
NİĞDE;ULUKIŞLA;DARBOĞAZ - ATATÜRK;SOĞUK PINAR/3 SOKAK;sokak;327300610
NİĞDE;ULUKIŞLA;DARBOĞAZ - ATATÜRK;STAD SOKAK;sokak;616897
NİĞDE;ULUKIŞLA;DARBOĞAZ - ATATÜRK;STAD/1 SOKAK;sokak;553675850
NİĞDE;ULUKIŞLA;DARBOĞAZ - ATATÜRK;STAD/2 SOKAK;sokak;369887310
NİĞDE;ULUKIŞLA;DARBOĞAZ - ATATÜRK;ŞEHİT EDİP EŞREF SALMAN SOKAK;sokak;308031
NİĞDE;ULUKIŞLA;DARBOĞAZ - ATATÜRK;ŞEHİT HÜSEYİN ARISOY SOKAK;sokak;353226680
NİĞDE;ULUKIŞLA;DARBOĞAZ - ATATÜRK;ŞEHİT. ALİ DİLMEN SOKAK;sokak;605678
NİĞDE;ULUKIŞLA;DARBOĞAZ - BAHÇELİEVLER;BEY ÇEŞME SOKAK;sokak;453525
NİĞDE;ULUKIŞLA;DARBOĞAZ - BAHÇELİEVLER;BÜKLÜM SOKAK;sokak;308034
NİĞDE;ULUKIŞLA;DARBOĞAZ - BAHÇELİEVLER;DARBOĞAZ/38 SOKAK;sokak;966254390
NİĞDE;ULUKIŞLA;DARBOĞAZ - BAHÇELİEVLER;DARBOĞAZ/40 SOKAK;sokak;200434280
NİĞDE;ULUKIŞLA;DARBOĞAZ - BAHÇELİEVLER;DEĞİRMEN SOKAK;sokak;453524
NİĞDE;ULUKIŞLA;DARBOĞAZ - BAHÇELİEVLER;GÖZDE KÜMESİ SOKAK;sokak;342963
NİĞDE;ULUKIŞLA;DARBOĞAZ - BAHÇELİEVLER;MAVİ KÖŞE SOKAK;sokak;308032
NİĞDE;ULUKIŞLA;DARBOĞAZ - BAHÇELİEVLER;ÖZALP SOKAK;sokak;612070
NİĞDE;ULUKIŞLA;DARBOĞAZ - BAHÇELİEVLER;SADIK SOKAK;sokak;75900
NİĞDE;ULUKIŞLA;DARBOĞAZ - BAHÇELİEVLER;SEKİ SOKAK;sokak;370134
NİĞDE;ULUKIŞLA;DARBOĞAZ - BAHÇELİEVLER;ŞEHİT EDİP EŞREF SALMAN SOKAK;sokak;308033
NİĞDE;ULUKIŞLA;DARBOĞAZ - BAHÇELİEVLER;TOKER SOKAK;sokak;532488
NİĞDE;ULUKIŞLA;DARBOĞAZ - CUMHURİYET;AKMAN SOKAK;sokak;306481
NİĞDE;ULUKIŞLA;DARBOĞAZ - CUMHURİYET;ALİ EFENDİ SOKAK;sokak;306483
NİĞDE;ULUKIŞLA;DARBOĞAZ - CUMHURİYET;ALİ EFENDİ/1 SOKAK;sokak;413313720
NİĞDE;ULUKIŞLA;DARBOĞAZ - CUMHURİYET;ALTAN SOKAK;sokak;306482
NİĞDE;ULUKIŞLA;DARBOĞAZ - CUMHURİYET;ALTAN/1 SOKAK;sokak;900611020
NİĞDE;ULUKIŞLA;DARBOĞAZ - CUMHURİYET;BADEM SOKAK;sokak;882109
NİĞDE;ULUKIŞLA;DARBOĞAZ - CUMHURİYET;BADEM/1 SOKAK;sokak;566581980
NİĞDE;ULUKIŞLA;DARBOĞAZ - CUMHURİYET;CUMHURİYET SOKAK;sokak;306485
NİĞDE;ULUKIŞLA;DARBOĞAZ - CUMHURİYET;DARBOĞAZ/1 SOKAK;sokak;444280270
NİĞDE;ULUKIŞLA;DARBOĞAZ - CUMHURİYET;DARBOĞAZ/10 SOKAK;sokak;563438410
NİĞDE;ULUKIŞLA;DARBOĞAZ - CUMHURİYET;DARBOĞAZ/11 SOKAK;sokak;140268920
NİĞDE;ULUKIŞLA;DARBOĞAZ - CUMHURİYET;DARBOĞAZ/12 SOKAK;sokak;144795470
NİĞDE;ULUKIŞLA;DARBOĞAZ - CUMHURİYET;DARBOĞAZ/14 SOKAK;sokak;221920170
NİĞDE;ULUKIŞLA;DARBOĞAZ - CUMHURİYET;DARBOĞAZ/15 SOKAK;sokak;988820950
NİĞDE;ULUKIŞLA;DARBOĞAZ - CUMHURİYET;DARBOĞAZ/16 SOKAK;sokak;206177830
NİĞDE;ULUKIŞLA;DARBOĞAZ - CUMHURİYET;DARBOĞAZ/17 SOKAK;sokak;332298570
NİĞDE;ULUKIŞLA;DARBOĞAZ - CUMHURİYET;DARBOĞAZ/18 SOKAK;sokak;186710650
NİĞDE;ULUKIŞLA;DARBOĞAZ - CUMHURİYET;DARBOĞAZ/19 SOKAK;sokak;143684430
NİĞDE;ULUKIŞLA;DARBOĞAZ - CUMHURİYET;DARBOĞAZ/20 SOKAK;sokak;585213290
NİĞDE;ULUKIŞLA;DARBOĞAZ - CUMHURİYET;DARBOĞAZ/21 SOKAK;sokak;145457500
NİĞDE;ULUKIŞLA;DARBOĞAZ - CUMHURİYET;DARBOĞAZ/22 SOKAK;sokak;692799820
NİĞDE;ULUKIŞLA;DARBOĞAZ - CUMHURİYET;DARBOĞAZ/23 SOKAK;sokak;144935891
NİĞDE;ULUKIŞLA;DARBOĞAZ - CUMHURİYET;DARBOĞAZ/24 SOKAK;sokak;103415920
NİĞDE;ULUKIŞLA;DARBOĞAZ - CUMHURİYET;DARBOĞAZ/25 SOKAK;sokak;804232620
NİĞDE;ULUKIŞLA;DARBOĞAZ - CUMHURİYET;DARBOĞAZ/26 SOKAK;sokak;544995120
NİĞDE;ULUKIŞLA;DARBOĞAZ - CUMHURİYET;DARBOĞAZ/28 SOKAK;sokak;147377871
NİĞDE;ULUKIŞLA;DARBOĞAZ - CUMHURİYET;DARBOĞAZ/29 SOKAK;sokak;229944610
NİĞDE;ULUKIŞLA;DARBOĞAZ - CUMHURİYET;DARBOĞAZ/3 SOKAK;sokak;576673470
NİĞDE;ULUKIŞLA;DARBOĞAZ - CUMHURİYET;DARBOĞAZ/30 SOKAK;sokak;334455030
NİĞDE;ULUKIŞLA;DARBOĞAZ - CUMHURİYET;DARBOĞAZ/31 SOKAK;sokak;859813060
NİĞDE;ULUKIŞLA;DARBOĞAZ - CUMHURİYET;DARBOĞAZ/36 SOKAK;sokak;347232470
NİĞDE;ULUKIŞLA;DARBOĞAZ - CUMHURİYET;DARBOĞAZ/4 SOKAK;sokak;657592840
NİĞDE;ULUKIŞLA;DARBOĞAZ - CUMHURİYET;DARBOĞAZ/5 SOKAK;sokak;552079220
NİĞDE;ULUKIŞLA;DARBOĞAZ - CUMHURİYET;DARBOĞAZ/6 SOKAK;sokak;348994500
NİĞDE;ULUKIŞLA;DARBOĞAZ - CUMHURİYET;DARBOĞAZ/60 SOKAK;sokak;533348681
NİĞDE;ULUKIŞLA;DARBOĞAZ - CUMHURİYET;DARBOĞAZ/8 SOKAK;sokak;241025500
NİĞDE;ULUKIŞLA;DARBOĞAZ - CUMHURİYET;DARBOĞAZ/9 SOKAK;sokak;558146850
NİĞDE;ULUKIŞLA;DARBOĞAZ - CUMHURİYET;ELMA SOKAK;sokak;485590
NİĞDE;ULUKIŞLA;DARBOĞAZ - CUMHURİYET;GÖZDE SOKAK;sokak;485589
NİĞDE;ULUKIŞLA;DARBOĞAZ - CUMHURİYET;GÜNEY SOKAK;sokak;306486
NİĞDE;ULUKIŞLA;DARBOĞAZ - CUMHURİYET;KARATEPE/1 SOKAK;sokak;991457990
NİĞDE;ULUKIŞLA;DARBOĞAZ - CUMHURİYET;KARATEPE/2 SOKAK;sokak;562821300
NİĞDE;ULUKIŞLA;DARBOĞAZ - CUMHURİYET;KARATEPE/3 SOKAK;sokak;195485511
NİĞDE;ULUKIŞLA;DARBOĞAZ - CUMHURİYET;LALE SOKAK;sokak;277529220
NİĞDE;ULUKIŞLA;DARBOĞAZ - CUMHURİYET;LALE/1 SOKAK;sokak;105760800
NİĞDE;ULUKIŞLA;DARBOĞAZ - CUMHURİYET;LALE/3 SOKAK;sokak;248465520
NİĞDE;ULUKIŞLA;DARBOĞAZ - CUMHURİYET;ÖZER SOKAK;sokak;306489
NİĞDE;ULUKIŞLA;DARBOĞAZ - CUMHURİYET;SARITAŞ SOKAK;sokak;306487
NİĞDE;ULUKIŞLA;DARBOĞAZ - CUMHURİYET;SEZGİN SOKAK;sokak;306488
NİĞDE;ULUKIŞLA;DARBOĞAZ - CUMHURİYET;ŞEHİT. ALİ DİLMEN SOKAK;sokak;114152540
NİĞDE;ULUKIŞLA;DARBOĞAZ - ZAFER;BADEM SOKAK;sokak;28192
NİĞDE;ULUKIŞLA;DARBOĞAZ - ZAFER;CAMİİ SOKAK;sokak;306490
NİĞDE;ULUKIŞLA;DARBOĞAZ - ZAFER;ÇİÇEK SOKAK;sokak;306498
NİĞDE;ULUKIŞLA;DARBOĞAZ - ZAFER;DARBOĞAZ/17 SOKAK;sokak;109553830
NİĞDE;ULUKIŞLA;DARBOĞAZ - ZAFER;DARBOĞAZ/23 SOKAK;sokak;144935890
NİĞDE;ULUKIŞLA;DARBOĞAZ - ZAFER;DARBOĞAZ/28 SOKAK;sokak;147377870
NİĞDE;ULUKIŞLA;DARBOĞAZ - ZAFER;DARBOĞAZ/32 SOKAK;sokak;316654820
NİĞDE;ULUKIŞLA;DARBOĞAZ - ZAFER;DARBOĞAZ/33 SOKAK;sokak;813348070
NİĞDE;ULUKIŞLA;DARBOĞAZ - ZAFER;DARBOĞAZ/34 SOKAK;sokak;239412220
NİĞDE;ULUKIŞLA;DARBOĞAZ - ZAFER;DARBOĞAZ/35 SOKAK;sokak;397419620
NİĞDE;ULUKIŞLA;DARBOĞAZ - ZAFER;DARBOĞAZ/36 SOKAK;sokak;615046011
NİĞDE;ULUKIŞLA;DARBOĞAZ - ZAFER;DARBOĞAZ/40 SOKAK;sokak;147652000
NİĞDE;ULUKIŞLA;DARBOĞAZ - ZAFER;DARBOĞAZ/50 SOKAK;sokak;239821840
NİĞDE;ULUKIŞLA;DARBOĞAZ - ZAFER;DARBOĞAZ/6 SOKAK;sokak;146032780
NİĞDE;ULUKIŞLA;DARBOĞAZ - ZAFER;DARBOĞAZ/63 SOKAK;sokak;597403990
NİĞDE;ULUKIŞLA;DARBOĞAZ - ZAFER;DEMİRCİLER SOKAK;sokak;306492
NİĞDE;ULUKIŞLA;DARBOĞAZ - ZAFER;DEMİRCİLER/1 SOKAK;sokak;875591590
NİĞDE;ULUKIŞLA;DARBOĞAZ - ZAFER;EREN SOKAK;sokak;306493
NİĞDE;ULUKIŞLA;DARBOĞAZ - ZAFER;KARACA SOKAK;sokak;306494
NİĞDE;ULUKIŞLA;DARBOĞAZ - ZAFER;KARATAŞ SOKAK;sokak;306495
NİĞDE;ULUKIŞLA;DARBOĞAZ - ZAFER;MONOLYA SOKAK;sokak;36930
NİĞDE;ULUKIŞLA;DARBOĞAZ - ZAFER;MUSTAFAUNAL SOKAK;sokak;473494
NİĞDE;ULUKIŞLA;DARBOĞAZ - ZAFER;SARITAŞ SOKAK;sokak;306496
NİĞDE;ULUKIŞLA;DARBOĞAZ - ZAFER;ŞEHİT EDİP EŞREF SALMAN SOKAK;sokak;306500
NİĞDE;ULUKIŞLA;DARBOĞAZ - ZAFER;ŞEHİT EDİP EŞREF SALMAN/1 SOKAK;sokak;909077590
NİĞDE;ULUKIŞLA;DARBOĞAZ - ZAFER;ŞHT. ÜMİT YAŞAR ULUPINAR SOKAK;sokak;306501
NİĞDE;ULUKIŞLA;DARBOĞAZ - ZAFER;TOKER SOKAK;sokak;265249911
NİĞDE;ULUKIŞLA;DARBOĞAZ - ZAFER;ULUPINAR SOKAK;sokak;509615490
NİĞDE;ULUKIŞLA;DARBOĞAZ - ZAFER;ÜNAL SOKAK;sokak;306499
NİĞDE;ULUKIŞLA;DARBOĞAZ - ZAFER;ÜNAL/1 SOKAK;sokak;341194950
NİĞDE;ULUKIŞLA;DARBOĞAZ - ZAFER;YENER SOKAK;sokak;306497
NİĞDE;ULUKIŞLA;DARBOĞAZ - ZAFER;ZAFER/2 SOKAK;sokak;755278950
NİĞDE;ULUKIŞLA;ELMALI NA;ELMALI KÜME EVLER;sokak;481091
NİĞDE;ULUKIŞLA;ELMALI NA;TARSUS-ANKARA OTOYOLU BULVAR;sokak;110855370
NİĞDE;ULUKIŞLA;EMİNLİK - KÜME1;KÜME1 KÜME EVLER;sokak;478582
NİĞDE;ULUKIŞLA;EMİNLİK - KÜME1;KÜME2 KÜME EVLER;sokak;128273090
NİĞDE;ULUKIŞLA;EMİNLİK - KÜME1;ULUKIŞLA OTOYOLU BULVAR;sokak;220599920
NİĞDE;ULUKIŞLA;EMİNLİK - KÜME2;KÜME2 KÜME EVLER;sokak;478146
NİĞDE;ULUKIŞLA;EMİNLİK - KÜME2;TARSUS-ANKARA OTOYOLU BULVAR;sokak;129701250
NİĞDE;ULUKIŞLA;EMİNLİK - KÜME2;ULUKIŞLA OTOYOLU BULVAR;sokak;325878750
NİĞDE;ULUKIŞLA;EMİRLER - KÜME1;KÜME1 KÜME EVLER;sokak;481096
NİĞDE;ULUKIŞLA;EMİRLER - KÜME2;KÜME2 KÜME EVLER;sokak;478440
NİĞDE;ULUKIŞLA;EMİRLER - KÜME3;KÜME3 KÜME EVLER;sokak;485568
NİĞDE;ULUKIŞLA;EMİRLER - KÜME4;KÜME4 KÜME EVLER;sokak;485573
NİĞDE;ULUKIŞLA;EMİRLER NA;EMİRLER KÜME EVLER;sokak;485123
NİĞDE;ULUKIŞLA;GEDELLİ - KÜME1;YENİ YERLEŞİM KÜME EVLER;sokak;1195891
NİĞDE;ULUKIŞLA;GEDELLİ - KÜME2;KÜME2 KÜME EVLER;sokak;472477
NİĞDE;ULUKIŞLA;GEDELLİ NA;GEDELLİ KÜME EVLER;sokak;477143
NİĞDE;ULUKIŞLA;GÜMÜŞKÖY - KÜME1;KÜME1 KÜME EVLER;sokak;485565
NİĞDE;ULUKIŞLA;GÜMÜŞKÖY - KÜME2;KÜME2 KÜME EVLER;sokak;485125
NİĞDE;ULUKIŞLA;GÜMÜŞKÖY - KÜME3;KÜME3 KÜME EVLER;sokak;481545
NİĞDE;ULUKIŞLA;GÜMÜŞKÖY - KÜME4;KÜME4 KÜME EVLER;sokak;476253
NİĞDE;ULUKIŞLA;GÜMÜŞKÖY - KÜME5;KÜME5 KÜME EVLER;sokak;476254
NİĞDE;ULUKIŞLA;GÜMÜŞKÖY - KÜME6;KÜME6 KÜME EVLER;sokak;485921
NİĞDE;ULUKIŞLA;GÜMÜŞKÖY - KÜME7;KÜME7 KÜME EVLER;sokak;476255
NİĞDE;ULUKIŞLA;GÜNEY - KÜME1;ADANA NIĞDE YOLU BULVAR;sokak;110677170
NİĞDE;ULUKIŞLA;GÜNEY - KÜME1;KÜME1 KÜME EVLER;sokak;103668700
NİĞDE;ULUKIŞLA;GÜNEY - KÜME1;KÜME2 KÜME EVLER;sokak;112718891
NİĞDE;ULUKIŞLA;GÜNEY - KÜME1;ULUKIŞLA OTOYOLU BULVAR;sokak;234890080
NİĞDE;ULUKIŞLA;GÜNEY - KÜME2;ADANA NIĞDE YOLU BULVAR;sokak;143192300
NİĞDE;ULUKIŞLA;GÜNEY - KÜME2;KÜME2 KÜME EVLER;sokak;476245
NİĞDE;ULUKIŞLA;GÜNEY - KÜME2;ULUKIŞLA OTOYOLU BULVAR;sokak;139110520
NİĞDE;ULUKIŞLA;HACIBEKİRLİ - KÜME1;KÜME1 KÜME EVLER;sokak;477142
NİĞDE;ULUKIŞLA;HACIBEKİRLİ - KÜME2;KÜME2 KÜME EVLER;sokak;473490
NİĞDE;ULUKIŞLA;HACIBEKİRLİ NA;HACIBEKİRLİ KÜME EVLER;sokak;477141
NİĞDE;ULUKIŞLA;HANDERE NA;HANDERE KÜME EVLER;sokak;472931
NİĞDE;ULUKIŞLA;HANDERE NA;ULUKIŞLA OTOYOLU BULVAR;sokak;150521780
NİĞDE;ULUKIŞLA;HASANGAZİ - KÜME1;KÜME1 KÜME EVLER;sokak;482437
NİĞDE;ULUKIŞLA;HASANGAZİ - KÜME2;ADANA AKSARAY YOLU BULVAR;sokak;137210480
NİĞDE;ULUKIŞLA;HASANGAZİ - KÜME2;KÜME2 KÜME EVLER;sokak;476246
NİĞDE;ULUKIŞLA;HASANGAZİ - KÜME2;KÜME4 KÜME EVLER;sokak;599846820
NİĞDE;ULUKIŞLA;HASANGAZİ - KÜME3;ADANA AKSARAY YOLU BULVAR;sokak;886902430
NİĞDE;ULUKIŞLA;HASANGAZİ - KÜME3;KÜME3 KÜME EVLER;sokak;476247
NİĞDE;ULUKIŞLA;HASANGAZİ - KÜME4;ADANA AKSARAY YOLU BULVAR;sokak;360595250
NİĞDE;ULUKIŞLA;HASANGAZİ - KÜME4;KÜME4 KÜME EVLER;sokak;484232
NİĞDE;ULUKIŞLA;HOROZ NA;ADANA AKSARAY YOLU BULVAR;sokak;186843080
NİĞDE;ULUKIŞLA;HOROZ NA;HOROZ KÜME EVLER;sokak;474362
NİĞDE;ULUKIŞLA;HÜSNİYE - KÜME1;KÜME1 KÜME EVLER;sokak;479804
NİĞDE;ULUKIŞLA;HÜSNİYE - KÜME1;ULUKIŞLA OTOYOLU BULVAR;sokak;193869860
NİĞDE;ULUKIŞLA;HÜSNİYE - KÜME2;KÜME1 KÜME EVLER;sokak;173927050
NİĞDE;ULUKIŞLA;HÜSNİYE - KÜME2;KÜME2 KÜME EVLER;sokak;481539
NİĞDE;ULUKIŞLA;İLHANKÖY NA;İLHANKÖY KÜME EVLER;sokak;482253
NİĞDE;ULUKIŞLA;İMRAHOR NA;İMRAHOR KÜME EVLER;sokak;476827
NİĞDE;ULUKIŞLA;KARACAÖREN NA;KARACAÖREN KÜME EVLER;sokak;472524
NİĞDE;ULUKIŞLA;KEMALPAŞA;10 SOKAK;sokak;871385
NİĞDE;ULUKIŞLA;KEMALPAŞA;11 SOKAK;sokak;871387
NİĞDE;ULUKIŞLA;KEMALPAŞA;14 NOLU SOKAK;sokak;476836
NİĞDE;ULUKIŞLA;KEMALPAŞA;14.KÜME EVLER- KÜME EVLER;sokak;498483
NİĞDE;ULUKIŞLA;KEMALPAŞA;29. SOKAK;sokak;453498
NİĞDE;ULUKIŞLA;KEMALPAŞA;ADANA ANKARA CADDE;cadde;306355
NİĞDE;ULUKIŞLA;KEMALPAŞA;ADANA ANKARA/1 SOKAK;sokak;133376390
NİĞDE;ULUKIŞLA;KEMALPAŞA;ADANA ANKARA/11 SOKAK;sokak;344641070
NİĞDE;ULUKIŞLA;KEMALPAŞA;ADANA ANKARA/12 SOKAK;sokak;603044090
NİĞDE;ULUKIŞLA;KEMALPAŞA;ADANA ANKARA/13 SOKAK;sokak;853233760
NİĞDE;ULUKIŞLA;KEMALPAŞA;ADANA ANKARA/14 SOKAK;sokak;981196470
NİĞDE;ULUKIŞLA;KEMALPAŞA;ADANA ANKARA/16 SOKAK;sokak;284860170
NİĞDE;ULUKIŞLA;KEMALPAŞA;ADANA ANKARA/17 SOKAK;sokak;808580460
NİĞDE;ULUKIŞLA;KEMALPAŞA;ADANA ANKARA/18 SOKAK;sokak;867848080
NİĞDE;ULUKIŞLA;KEMALPAŞA;ADANA ANKARA/2 SOKAK;sokak;472063130
NİĞDE;ULUKIŞLA;KEMALPAŞA;ADANA ANKARA/3 SOKAK;sokak;845477690
NİĞDE;ULUKIŞLA;KEMALPAŞA;ADANA ANKARA/4 SOKAK;sokak;276922500
NİĞDE;ULUKIŞLA;KEMALPAŞA;ADANA ANKARA/5 SOKAK;sokak;259146150
NİĞDE;ULUKIŞLA;KEMALPAŞA;ADANA ANKARA/7 SOKAK;sokak;240784380
NİĞDE;ULUKIŞLA;KEMALPAŞA;AK SOKAK;sokak;1066538
NİĞDE;ULUKIŞLA;KEMALPAŞA;AKSOY SOKAK;sokak;978415
NİĞDE;ULUKIŞLA;KEMALPAŞA;AKTUG/1 SOKAK;sokak;85904647
NİĞDE;ULUKIŞLA;KEMALPAŞA;ALPARSLAN SOKAK;sokak;107671431
NİĞDE;ULUKIŞLA;KEMALPAŞA;ALPARSLAN/1 SOKAK;sokak;101217051
NİĞDE;ULUKIŞLA;KEMALPAŞA;ALTUN SOKAK;sokak;418271551
NİĞDE;ULUKIŞLA;KEMALPAŞA;ARIKAN SOKAK;sokak;1490937
NİĞDE;ULUKIŞLA;KEMALPAŞA;ARIKAN/1- SOKAK;sokak;1526463
NİĞDE;ULUKIŞLA;KEMALPAŞA;ARIKAN/10 SOKAK;sokak;661675860
NİĞDE;ULUKIŞLA;KEMALPAŞA;ARIKAN/2 SOKAK;sokak;280424710
NİĞDE;ULUKIŞLA;KEMALPAŞA;ARIKAN/3 SOKAK;sokak;951575820
NİĞDE;ULUKIŞLA;KEMALPAŞA;ARIKAN/4 SOKAK;sokak;252033570
NİĞDE;ULUKIŞLA;KEMALPAŞA;ARIKAN/5 SOKAK;sokak;430406820
NİĞDE;ULUKIŞLA;KEMALPAŞA;ARIKAN/7 SOKAK;sokak;164108700
NİĞDE;ULUKIŞLA;KEMALPAŞA;ARIKAN/8 SOKAK;sokak;434873620
NİĞDE;ULUKIŞLA;KEMALPAŞA;ARIKAN/9 SOKAK;sokak;440602000
NİĞDE;ULUKIŞLA;KEMALPAŞA;ATAMAN SOKAK;sokak;773759131
NİĞDE;ULUKIŞLA;KEMALPAŞA;AYBARS SOKAK;sokak;559618821
NİĞDE;ULUKIŞLA;KEMALPAŞA;AYDOĞDU SOKAK;sokak;885631
NİĞDE;ULUKIŞLA;KEMALPAŞA;AYDOĞDU/2 SOKAK;sokak;116466840
NİĞDE;ULUKIŞLA;KEMALPAŞA;AYDOĞDU/3 SOKAK;sokak;426676750
NİĞDE;ULUKIŞLA;KEMALPAŞA;AYDOĞDU/4 SOKAK;sokak;168173710
NİĞDE;ULUKIŞLA;KEMALPAŞA;BALA HATUN SOKAK;sokak;699482221
NİĞDE;ULUKIŞLA;KEMALPAŞA;BATUR SOKAK;sokak;200237921
NİĞDE;ULUKIŞLA;KEMALPAŞA;BAYKAL SOKAK;sokak;290865761
NİĞDE;ULUKIŞLA;KEMALPAŞA;BEŞİKTAŞ CADDE;cadde;472636860
NİĞDE;ULUKIŞLA;KEMALPAŞA;BETÜL SOKAK;sokak;903144281
NİĞDE;ULUKIŞLA;KEMALPAŞA;BETÜL/2 SOKAK;sokak;953998531
NİĞDE;ULUKIŞLA;KEMALPAŞA;BİÇER SOKAK;sokak;965574
NİĞDE;ULUKIŞLA;KEMALPAŞA;BİLİCAN SOKAK;sokak;577349721
NİĞDE;ULUKIŞLA;KEMALPAŞA;BOĞAÇ SOKAK;sokak;1071451
NİĞDE;ULUKIŞLA;KEMALPAŞA;BOZOK SOKAK;sokak;979541430
NİĞDE;ULUKIŞLA;KEMALPAŞA;BULUT SOKAK;sokak;985096
NİĞDE;ULUKIŞLA;KEMALPAŞA;BÜLBÜL SOKAK;sokak;420236891
NİĞDE;ULUKIŞLA;KEMALPAŞA;BÜYÜK ACIPINAR KÜME EVLER;sokak;306356
NİĞDE;ULUKIŞLA;KEMALPAŞA;BÜYÜK ACIPINAR/1 SOKAK;sokak;711479871
NİĞDE;ULUKIŞLA;KEMALPAŞA;BÜYÜK ACIPINAR/2 SOKAK;sokak;978461171
NİĞDE;ULUKIŞLA;KEMALPAŞA;CENGİZ SOKAK;sokak;241906621
NİĞDE;ULUKIŞLA;KEMALPAŞA;CEZAEVİ SOKAK;sokak;306357
NİĞDE;ULUKIŞLA;KEMALPAŞA;CEZAEVİ/1 SOKAK;sokak;539086460
NİĞDE;ULUKIŞLA;KEMALPAŞA;CEZAEVİ/2 SOKAK;sokak;268919940
NİĞDE;ULUKIŞLA;KEMALPAŞA;CEZAEVİ/3 SOKAK;sokak;112616580
NİĞDE;ULUKIŞLA;KEMALPAŞA;CEZAEVİ/4 SOKAK;sokak;753654030
NİĞDE;ULUKIŞLA;KEMALPAŞA;CEZAEVİ/5 SOKAK;sokak;462067
NİĞDE;ULUKIŞLA;KEMALPAŞA;CEZAEVİ/6 SOKAK;sokak;982990501
NİĞDE;ULUKIŞLA;KEMALPAŞA;ÇAMLIK SOKAK;sokak;939196
NİĞDE;ULUKIŞLA;KEMALPAŞA;ÇAMLIK/1 SOKAK;sokak;730984360
NİĞDE;ULUKIŞLA;KEMALPAŞA;ÇAMLIK/10 SOKAK;sokak;334508260
NİĞDE;ULUKIŞLA;KEMALPAŞA;ÇAMLIK/2 SOKAK;sokak;275060130
NİĞDE;ULUKIŞLA;KEMALPAŞA;ÇAMLIK/3 SOKAK;sokak;213251210
NİĞDE;ULUKIŞLA;KEMALPAŞA;ÇAMLIK/4 SOKAK;sokak;258919530
NİĞDE;ULUKIŞLA;KEMALPAŞA;ÇAMLIK/5 SOKAK;sokak;299721550
NİĞDE;ULUKIŞLA;KEMALPAŞA;ÇIKMAZ 1 SOKAK;sokak;1064515
NİĞDE;ULUKIŞLA;KEMALPAŞA;ÇIKMAZ SOKAK;sokak;307656
NİĞDE;ULUKIŞLA;KEMALPAŞA;ÇIKMAZ/10 SOKAK;sokak;115756770
NİĞDE;ULUKIŞLA;KEMALPAŞA;ÇIKMAZ/2 SOKAK;sokak;321825780
NİĞDE;ULUKIŞLA;KEMALPAŞA;ÇIKMAZ/3 SOKAK;sokak;119012040
NİĞDE;ULUKIŞLA;KEMALPAŞA;ÇIKMAZ/5 SOKAK;sokak;370701170
NİĞDE;ULUKIŞLA;KEMALPAŞA;ÇIKMAZ/6 SOKAK;sokak;321936250
NİĞDE;ULUKIŞLA;KEMALPAŞA;ÇIKMAZ/7 SOKAK;sokak;962904400
NİĞDE;ULUKIŞLA;KEMALPAŞA;ÇIKMAZ/8 SOKAK;sokak;144740270
NİĞDE;ULUKIŞLA;KEMALPAŞA;ÇİÇEK SEKİSİ SOKAK;sokak;453501
NİĞDE;ULUKIŞLA;KEMALPAŞA;ÇİÇEK SEKİSİ/1 SOKAK;sokak;195531300
NİĞDE;ULUKIŞLA;KEMALPAŞA;ÇİÇEK SEKİSİ/4 SOKAK;sokak;589910430
NİĞDE;ULUKIŞLA;KEMALPAŞA;ÇOBAN SOKAK;sokak;1066578
NİĞDE;ULUKIŞLA;KEMALPAŞA;ÇOBAN/1 SOKAK;sokak;182315970
NİĞDE;ULUKIŞLA;KEMALPAŞA;ÇUKUR SOKAK;sokak;177144940
NİĞDE;ULUKIŞLA;KEMALPAŞA;ÇUKUROVA SOKAK;sokak;871386
NİĞDE;ULUKIŞLA;KEMALPAŞA;ÇUKUROVA/1 SOKAK;sokak;338570040
NİĞDE;ULUKIŞLA;KEMALPAŞA;DAĞ SOKAK;sokak;1498045
NİĞDE;ULUKIŞLA;KEMALPAŞA;DAĞLARAŞTI SOKAK;sokak;1114739
NİĞDE;ULUKIŞLA;KEMALPAŞA;DAĞLARAŞTI/1 SOKAK;sokak;414165380
NİĞDE;ULUKIŞLA;KEMALPAŞA;DAĞLARAŞTI/10 SOKAK;sokak;565661360
NİĞDE;ULUKIŞLA;KEMALPAŞA;DAĞLARAŞTI/11 SOKAK;sokak;886827030
NİĞDE;ULUKIŞLA;KEMALPAŞA;DAĞLARAŞTI/2 SOKAK;sokak;663910460
NİĞDE;ULUKIŞLA;KEMALPAŞA;DAĞLARAŞTI/3 SOKAK;sokak;900853090
NİĞDE;ULUKIŞLA;KEMALPAŞA;DAĞLARAŞTI/4 SOKAK;sokak;477105790
NİĞDE;ULUKIŞLA;KEMALPAŞA;DAĞLARAŞTI/5 SOKAK;sokak;347403650
NİĞDE;ULUKIŞLA;KEMALPAŞA;DAĞLARAŞTI/6 SOKAK;sokak;170775870
NİĞDE;ULUKIŞLA;KEMALPAŞA;DAĞLARAŞTI/7 SOKAK;sokak;304583920
NİĞDE;ULUKIŞLA;KEMALPAŞA;DAĞLARAŞTI/8 SOKAK;sokak;762982720
NİĞDE;ULUKIŞLA;KEMALPAŞA;DAĞLARAŞTI/9 SOKAK;sokak;412806110
NİĞDE;ULUKIŞLA;KEMALPAŞA;DEPO 2 SOKAK;sokak;357665750
NİĞDE;ULUKIŞLA;KEMALPAŞA;DEPO 3 SOKAK;sokak;291936611
NİĞDE;ULUKIŞLA;KEMALPAŞA;DEPO 4 SOKAK;sokak;678498361
NİĞDE;ULUKIŞLA;KEMALPAŞA;DEPO 5 SOKAK;sokak;690294031
NİĞDE;ULUKIŞLA;KEMALPAŞA;DEPO 6 SOKAK;sokak;362131061
NİĞDE;ULUKIŞLA;KEMALPAŞA;DEPO 7 SOKAK;sokak;862420391
NİĞDE;ULUKIŞLA;KEMALPAŞA;DEPO/1 SOKAK;sokak;706272600
NİĞDE;ULUKIŞLA;KEMALPAŞA;DEPO/3 SOKAK;sokak;519236620
NİĞDE;ULUKIŞLA;KEMALPAŞA;DEPO/4 SOKAK;sokak;411431570
NİĞDE;ULUKIŞLA;KEMALPAŞA;DEPO/5 SOKAK;sokak;693089220
NİĞDE;ULUKIŞLA;KEMALPAŞA;DEPO/6 SOKAK;sokak;696387160
NİĞDE;ULUKIŞLA;KEMALPAŞA;DEPO/7 SOKAK;sokak;733799500
NİĞDE;ULUKIŞLA;KEMALPAŞA;DEPO/9 SOKAK;sokak;986132270
NİĞDE;ULUKIŞLA;KEMALPAŞA;DEVLET DEMİR YOLLARI KÜME EVLER;sokak;307650
NİĞDE;ULUKIŞLA;KEMALPAŞA;DİKMEN MEVKİ KÜME EVLER;sokak;306358
NİĞDE;ULUKIŞLA;KEMALPAŞA;DURMAZ SOKAK;sokak;163836970
NİĞDE;ULUKIŞLA;KEMALPAŞA;EBRU SOKAK;sokak;328028860
NİĞDE;ULUKIŞLA;KEMALPAŞA;EMIR SOKAK;sokak;959397161
NİĞDE;ULUKIŞLA;KEMALPAŞA;ERDİNE SOKAK;sokak;1067200
NİĞDE;ULUKIŞLA;KEMALPAŞA;ERDİNE/1 SOKAK;sokak;419299280
NİĞDE;ULUKIŞLA;KEMALPAŞA;ERDİNE/2 SOKAK;sokak;660048880
NİĞDE;ULUKIŞLA;KEMALPAŞA;ERDİNE/3 SOKAK;sokak;919875520
NİĞDE;ULUKIŞLA;KEMALPAŞA;ERDOĞAN SOKAK;sokak;1113103
NİĞDE;ULUKIŞLA;KEMALPAŞA;ERKİLET/1 SOKAK;sokak;779882930
NİĞDE;ULUKIŞLA;KEMALPAŞA;ERKİLETLER SOKAK;sokak;306359
NİĞDE;ULUKIŞLA;KEMALPAŞA;FATİH SULTAN MEHMED SOKAK;sokak;922210
NİĞDE;ULUKIŞLA;KEMALPAŞA;GÖKÇEN SOKAK;sokak;307651
NİĞDE;ULUKIŞLA;KEMALPAŞA;GÖKTUĞ SOKAK;sokak;682525841
NİĞDE;ULUKIŞLA;KEMALPAŞA;GÖLBOĞAZI MEVKİİ SOKAK;sokak;307658
NİĞDE;ULUKIŞLA;KEMALPAŞA;GÜL SOKAK;sokak;1490175
NİĞDE;ULUKIŞLA;KEMALPAŞA;GÜL/1 SOKAK;sokak;278755330
NİĞDE;ULUKIŞLA;KEMALPAŞA;GÜL/2 SOKAK;sokak;851244360
NİĞDE;ULUKIŞLA;KEMALPAŞA;GÜL/3 SOKAK;sokak;999904591
NİĞDE;ULUKIŞLA;KEMALPAŞA;HABİB ÇAVUŞ SOKAK;sokak;453499
NİĞDE;ULUKIŞLA;KEMALPAŞA;HALİL İBRAHİM SOKAK;sokak;922216
NİĞDE;ULUKIŞLA;KEMALPAŞA;HALİL SOKAK;sokak;953722
NİĞDE;ULUKIŞLA;KEMALPAŞA;HALİL/1 SOKAK;sokak;586179110
NİĞDE;ULUKIŞLA;KEMALPAŞA;HALİL/2 SOKAK;sokak;172720550
NİĞDE;ULUKIŞLA;KEMALPAŞA;HİKMET GÜLER SOKAK;sokak;102729530
NİĞDE;ULUKIŞLA;KEMALPAŞA;İSMAİL OĞUZ CADDE;cadde;306353
NİĞDE;ULUKIŞLA;KEMALPAŞA;İSMET İNÖNÜ CADDE;cadde;307659
NİĞDE;ULUKIŞLA;KEMALPAŞA;İŞLİYEN SOKAK;sokak;1063001
NİĞDE;ULUKIŞLA;KEMALPAŞA;KARA SOKAK;sokak;1067202
NİĞDE;ULUKIŞLA;KEMALPAŞA;KARA/1 SOKAK;sokak;138184890
NİĞDE;ULUKIŞLA;KEMALPAŞA;KARACALAR SOKAK;sokak;307652
NİĞDE;ULUKIŞLA;KEMALPAŞA;KARAYER- KÜME EVLER;sokak;462068
NİĞDE;ULUKIŞLA;KEMALPAŞA;KARBEYAZ SOKAK;sokak;1069116
NİĞDE;ULUKIŞLA;KEMALPAŞA;KARDEŞ GEDİĞİ 1. KÜME EVLER;sokak;306361
NİĞDE;ULUKIŞLA;KEMALPAŞA;KAYAOĞLU SOKAK;sokak;307653
NİĞDE;ULUKIŞLA;KEMALPAŞA;KELEŞ SOKAK;sokak;1066588
NİĞDE;ULUKIŞLA;KEMALPAŞA;KEMALPAŞA/1 SOKAK;sokak;140746370
NİĞDE;ULUKIŞLA;KEMALPAŞA;KEMALPAŞA/10 SOKAK;sokak;138492860
NİĞDE;ULUKIŞLA;KEMALPAŞA;KEMALPAŞA/100 SOKAK;sokak;226033280
NİĞDE;ULUKIŞLA;KEMALPAŞA;KEMALPAŞA/101 SOKAK;sokak;170089390
NİĞDE;ULUKIŞLA;KEMALPAŞA;KEMALPAŞA/103 SOKAK;sokak;565428550
NİĞDE;ULUKIŞLA;KEMALPAŞA;KEMALPAŞA/105 SOKAK;sokak;217638830
NİĞDE;ULUKIŞLA;KEMALPAŞA;KEMALPAŞA/106 SOKAK;sokak;954460350
NİĞDE;ULUKIŞLA;KEMALPAŞA;KEMALPAŞA/107 SOKAK;sokak;199973600
NİĞDE;ULUKIŞLA;KEMALPAŞA;KEMALPAŞA/108 SOKAK;sokak;328456120
NİĞDE;ULUKIŞLA;KEMALPAŞA;KEMALPAŞA/109 SOKAK;sokak;340501610
NİĞDE;ULUKIŞLA;KEMALPAŞA;KEMALPAŞA/11 SOKAK;sokak;224002120
NİĞDE;ULUKIŞLA;KEMALPAŞA;KEMALPAŞA/110 SOKAK;sokak;105021440
NİĞDE;ULUKIŞLA;KEMALPAŞA;KEMALPAŞA/111 SOKAK;sokak;399218120
NİĞDE;ULUKIŞLA;KEMALPAŞA;KEMALPAŞA/112 SOKAK;sokak;375456540
NİĞDE;ULUKIŞLA;KEMALPAŞA;KEMALPAŞA/113 SOKAK;sokak;228751650
NİĞDE;ULUKIŞLA;KEMALPAŞA;KEMALPAŞA/115 SOKAK;sokak;342782000
NİĞDE;ULUKIŞLA;KEMALPAŞA;KEMALPAŞA/116 SOKAK;sokak;320118190
NİĞDE;ULUKIŞLA;KEMALPAŞA;KEMALPAŞA/12 SOKAK;sokak;989916150
NİĞDE;ULUKIŞLA;KEMALPAŞA;KEMALPAŞA/120 SOKAK;sokak;194373830
NİĞDE;ULUKIŞLA;KEMALPAŞA;KEMALPAŞA/121 SOKAK;sokak;549113670
NİĞDE;ULUKIŞLA;KEMALPAŞA;KEMALPAŞA/128 SOKAK;sokak;128534380
NİĞDE;ULUKIŞLA;KEMALPAŞA;KEMALPAŞA/129 SOKAK;sokak;881133780
NİĞDE;ULUKIŞLA;KEMALPAŞA;KEMALPAŞA/13 SOKAK;sokak;434231280
NİĞDE;ULUKIŞLA;KEMALPAŞA;KEMALPAŞA/131 SOKAK;sokak;155941040
NİĞDE;ULUKIŞLA;KEMALPAŞA;KEMALPAŞA/133 SOKAK;sokak;198938170
NİĞDE;ULUKIŞLA;KEMALPAŞA;KEMALPAŞA/135 SOKAK;sokak;111713600
NİĞDE;ULUKIŞLA;KEMALPAŞA;KEMALPAŞA/136 SOKAK;sokak;861284360
NİĞDE;ULUKIŞLA;KEMALPAŞA;KEMALPAŞA/137 SOKAK;sokak;599229630
NİĞDE;ULUKIŞLA;KEMALPAŞA;KEMALPAŞA/14 SOKAK;sokak;649476740
NİĞDE;ULUKIŞLA;KEMALPAŞA;KEMALPAŞA/140 SOKAK;sokak;512090210
NİĞDE;ULUKIŞLA;KEMALPAŞA;KEMALPAŞA/142 SOKAK;sokak;413035530
NİĞDE;ULUKIŞLA;KEMALPAŞA;KEMALPAŞA/144 SOKAK;sokak;154968050
NİĞDE;ULUKIŞLA;KEMALPAŞA;KEMALPAŞA/148 SOKAK;sokak;650705180
NİĞDE;ULUKIŞLA;KEMALPAŞA;KEMALPAŞA/149 SOKAK;sokak;168952520
NİĞDE;ULUKIŞLA;KEMALPAŞA;KEMALPAŞA/15 SOKAK;sokak;146329960
NİĞDE;ULUKIŞLA;KEMALPAŞA;KEMALPAŞA/150 SOKAK;sokak;334655350
NİĞDE;ULUKIŞLA;KEMALPAŞA;KEMALPAŞA/151 SOKAK;sokak;136037740
NİĞDE;ULUKIŞLA;KEMALPAŞA;KEMALPAŞA/153 SOKAK;sokak;704216150
NİĞDE;ULUKIŞLA;KEMALPAŞA;KEMALPAŞA/154 SOKAK;sokak;351174230
NİĞDE;ULUKIŞLA;KEMALPAŞA;KEMALPAŞA/156 SOKAK;sokak;225015300
NİĞDE;ULUKIŞLA;KEMALPAŞA;KEMALPAŞA/157 SOKAK;sokak;305563690
NİĞDE;ULUKIŞLA;KEMALPAŞA;KEMALPAŞA/158 SOKAK;sokak;171319210
NİĞDE;ULUKIŞLA;KEMALPAŞA;KEMALPAŞA/159 SOKAK;sokak;820491800
NİĞDE;ULUKIŞLA;KEMALPAŞA;KEMALPAŞA/16 SOKAK;sokak;185252120
NİĞDE;ULUKIŞLA;KEMALPAŞA;KEMALPAŞA/160 SOKAK;sokak;620554470
NİĞDE;ULUKIŞLA;KEMALPAŞA;KEMALPAŞA/162 SOKAK;sokak;119957680
NİĞDE;ULUKIŞLA;KEMALPAŞA;KEMALPAŞA/163 SOKAK;sokak;300370300
NİĞDE;ULUKIŞLA;KEMALPAŞA;KEMALPAŞA/164 SOKAK;sokak;409727700
NİĞDE;ULUKIŞLA;KEMALPAŞA;KEMALPAŞA/165 SOKAK;sokak;426443440
NİĞDE;ULUKIŞLA;KEMALPAŞA;KEMALPAŞA/166 SOKAK;sokak;858122040
NİĞDE;ULUKIŞLA;KEMALPAŞA;KEMALPAŞA/167 SOKAK;sokak;215922900
NİĞDE;ULUKIŞLA;KEMALPAŞA;KEMALPAŞA/168 SOKAK;sokak;149961770
NİĞDE;ULUKIŞLA;KEMALPAŞA;KEMALPAŞA/169 SOKAK;sokak;319967470
NİĞDE;ULUKIŞLA;KEMALPAŞA;KEMALPAŞA/17 SOKAK;sokak;285982410
NİĞDE;ULUKIŞLA;KEMALPAŞA;KEMALPAŞA/170 SOKAK;sokak;728787620
NİĞDE;ULUKIŞLA;KEMALPAŞA;KEMALPAŞA/171 SOKAK;sokak;138034160
NİĞDE;ULUKIŞLA;KEMALPAŞA;KEMALPAŞA/172 SOKAK;sokak;881158860
NİĞDE;ULUKIŞLA;KEMALPAŞA;KEMALPAŞA/173 SOKAK;sokak;537439440
NİĞDE;ULUKIŞLA;KEMALPAŞA;KEMALPAŞA/174 SOKAK;sokak;623854480
NİĞDE;ULUKIŞLA;KEMALPAŞA;KEMALPAŞA/175 SOKAK;sokak;821958190
NİĞDE;ULUKIŞLA;KEMALPAŞA;KEMALPAŞA/176 SOKAK;sokak;725890620
NİĞDE;ULUKIŞLA;KEMALPAŞA;KEMALPAŞA/177 SOKAK;sokak;521432600
NİĞDE;ULUKIŞLA;KEMALPAŞA;KEMALPAŞA/178 SOKAK;sokak;300197800
NİĞDE;ULUKIŞLA;KEMALPAŞA;KEMALPAŞA/179 SOKAK;sokak;105284610
NİĞDE;ULUKIŞLA;KEMALPAŞA;KEMALPAŞA/18 SOKAK;sokak;228703150
NİĞDE;ULUKIŞLA;KEMALPAŞA;KEMALPAŞA/180 SOKAK;sokak;555568560
NİĞDE;ULUKIŞLA;KEMALPAŞA;KEMALPAŞA/181 SOKAK;sokak;622751100
NİĞDE;ULUKIŞLA;KEMALPAŞA;KEMALPAŞA/182 SOKAK;sokak;395276430
NİĞDE;ULUKIŞLA;KEMALPAŞA;KEMALPAŞA/183 SOKAK;sokak;898004860
NİĞDE;ULUKIŞLA;KEMALPAŞA;KEMALPAŞA/185 SOKAK;sokak;242928560
NİĞDE;ULUKIŞLA;KEMALPAŞA;KEMALPAŞA/186 SOKAK;sokak;288172780
NİĞDE;ULUKIŞLA;KEMALPAŞA;KEMALPAŞA/187 SOKAK;sokak;493458460
NİĞDE;ULUKIŞLA;KEMALPAŞA;KEMALPAŞA/188 SOKAK;sokak;159272540
NİĞDE;ULUKIŞLA;KEMALPAŞA;KEMALPAŞA/189 SOKAK;sokak;256292540
NİĞDE;ULUKIŞLA;KEMALPAŞA;KEMALPAŞA/19 SOKAK;sokak;561351140
NİĞDE;ULUKIŞLA;KEMALPAŞA;KEMALPAŞA/190 SOKAK;sokak;813533280
NİĞDE;ULUKIŞLA;KEMALPAŞA;KEMALPAŞA/191 SOKAK;sokak;169761850
NİĞDE;ULUKIŞLA;KEMALPAŞA;KEMALPAŞA/192 SOKAK;sokak;683572430
NİĞDE;ULUKIŞLA;KEMALPAŞA;KEMALPAŞA/193 SOKAK;sokak;886796910
NİĞDE;ULUKIŞLA;KEMALPAŞA;KEMALPAŞA/194 SOKAK;sokak;549430630
NİĞDE;ULUKIŞLA;KEMALPAŞA;KEMALPAŞA/195 SOKAK;sokak;681039100
NİĞDE;ULUKIŞLA;KEMALPAŞA;KEMALPAŞA/196 SOKAK;sokak;111324950
NİĞDE;ULUKIŞLA;KEMALPAŞA;KEMALPAŞA/197 SOKAK;sokak;180318150
NİĞDE;ULUKIŞLA;KEMALPAŞA;KEMALPAŞA/199 SOKAK;sokak;234593400
NİĞDE;ULUKIŞLA;KEMALPAŞA;KEMALPAŞA/2 SOKAK;sokak;162998690
NİĞDE;ULUKIŞLA;KEMALPAŞA;KEMALPAŞA/20 SOKAK;sokak;622863150
NİĞDE;ULUKIŞLA;KEMALPAŞA;KEMALPAŞA/200 SOKAK;sokak;690567940
NİĞDE;ULUKIŞLA;KEMALPAŞA;KEMALPAŞA/201 SOKAK;sokak;250378700
NİĞDE;ULUKIŞLA;KEMALPAŞA;KEMALPAŞA/202 SOKAK;sokak;282797010
NİĞDE;ULUKIŞLA;KEMALPAŞA;KEMALPAŞA/203 SOKAK;sokak;237132330
NİĞDE;ULUKIŞLA;KEMALPAŞA;KEMALPAŞA/204 SOKAK;sokak;111028030
NİĞDE;ULUKIŞLA;KEMALPAŞA;KEMALPAŞA/205 SOKAK;sokak;670037070
NİĞDE;ULUKIŞLA;KEMALPAŞA;KEMALPAŞA/206 SOKAK;sokak;273838430
NİĞDE;ULUKIŞLA;KEMALPAŞA;KEMALPAŞA/208 SOKAK;sokak;922467500
NİĞDE;ULUKIŞLA;KEMALPAŞA;KEMALPAŞA/21 SOKAK;sokak;179252720
NİĞDE;ULUKIŞLA;KEMALPAŞA;KEMALPAŞA/22 SOKAK;sokak;186059980
NİĞDE;ULUKIŞLA;KEMALPAŞA;KEMALPAŞA/221 SOKAK;sokak;349753340
NİĞDE;ULUKIŞLA;KEMALPAŞA;KEMALPAŞA/222 SOKAK;sokak;124474880
NİĞDE;ULUKIŞLA;KEMALPAŞA;KEMALPAŞA/223 SOKAK;sokak;515962370
NİĞDE;ULUKIŞLA;KEMALPAŞA;KEMALPAŞA/224 SOKAK;sokak;592685080
NİĞDE;ULUKIŞLA;KEMALPAŞA;KEMALPAŞA/226 SOKAK;sokak;352876550
NİĞDE;ULUKIŞLA;KEMALPAŞA;KEMALPAŞA/227 SOKAK;sokak;793028240
NİĞDE;ULUKIŞLA;KEMALPAŞA;KEMALPAŞA/228 SOKAK;sokak;402618690
NİĞDE;ULUKIŞLA;KEMALPAŞA;KEMALPAŞA/229 SOKAK;sokak;549074560
NİĞDE;ULUKIŞLA;KEMALPAŞA;KEMALPAŞA/23 SOKAK;sokak;150990050
NİĞDE;ULUKIŞLA;KEMALPAŞA;KEMALPAŞA/230 SOKAK;sokak;701486630
NİĞDE;ULUKIŞLA;KEMALPAŞA;KEMALPAŞA/231 SOKAK;sokak;276808420
NİĞDE;ULUKIŞLA;KEMALPAŞA;KEMALPAŞA/232 SOKAK;sokak;163168530
NİĞDE;ULUKIŞLA;KEMALPAŞA;KEMALPAŞA/233 SOKAK;sokak;446853290
NİĞDE;ULUKIŞLA;KEMALPAŞA;KEMALPAŞA/235 SOKAK;sokak;199812810
NİĞDE;ULUKIŞLA;KEMALPAŞA;KEMALPAŞA/236 SOKAK;sokak;126683070
NİĞDE;ULUKIŞLA;KEMALPAŞA;KEMALPAŞA/237 SOKAK;sokak;316725790
NİĞDE;ULUKIŞLA;KEMALPAŞA;KEMALPAŞA/238 SOKAK;sokak;207769930
NİĞDE;ULUKIŞLA;KEMALPAŞA;KEMALPAŞA/239 SOKAK;sokak;181916500
NİĞDE;ULUKIŞLA;KEMALPAŞA;KEMALPAŞA/24 SOKAK;sokak;387030470
NİĞDE;ULUKIŞLA;KEMALPAŞA;KEMALPAŞA/241 SOKAK;sokak;240824890
NİĞDE;ULUKIŞLA;KEMALPAŞA;KEMALPAŞA/242 SOKAK;sokak;494222150
NİĞDE;ULUKIŞLA;KEMALPAŞA;KEMALPAŞA/246 SOKAK;sokak;271974740
NİĞDE;ULUKIŞLA;KEMALPAŞA;KEMALPAŞA/247 SOKAK;sokak;344368400
NİĞDE;ULUKIŞLA;KEMALPAŞA;KEMALPAŞA/248 SOKAK;sokak;928487460
NİĞDE;ULUKIŞLA;KEMALPAŞA;KEMALPAŞA/249 SOKAK;sokak;289994150
NİĞDE;ULUKIŞLA;KEMALPAŞA;KEMALPAŞA/25 SOKAK;sokak;602890220
NİĞDE;ULUKIŞLA;KEMALPAŞA;KEMALPAŞA/255 SOKAK;sokak;586969800
NİĞDE;ULUKIŞLA;KEMALPAŞA;KEMALPAŞA/256 SOKAK;sokak;324824990
NİĞDE;ULUKIŞLA;KEMALPAŞA;KEMALPAŞA/258 SOKAK;sokak;114211790
NİĞDE;ULUKIŞLA;KEMALPAŞA;KEMALPAŞA/26 SOKAK;sokak;130709090
NİĞDE;ULUKIŞLA;KEMALPAŞA;KEMALPAŞA/260 SOKAK;sokak;163302350
NİĞDE;ULUKIŞLA;KEMALPAŞA;KEMALPAŞA/269 SOKAK;sokak;290130180
NİĞDE;ULUKIŞLA;KEMALPAŞA;KEMALPAŞA/27 SOKAK;sokak;538574960
NİĞDE;ULUKIŞLA;KEMALPAŞA;KEMALPAŞA/270 SOKAK;sokak;223485690
NİĞDE;ULUKIŞLA;KEMALPAŞA;KEMALPAŞA/271 SOKAK;sokak;601176030
NİĞDE;ULUKIŞLA;KEMALPAŞA;KEMALPAŞA/272 SOKAK;sokak;877072790
NİĞDE;ULUKIŞLA;KEMALPAŞA;KEMALPAŞA/273 SOKAK;sokak;901086300
NİĞDE;ULUKIŞLA;KEMALPAŞA;KEMALPAŞA/274 SOKAK;sokak;890250270
NİĞDE;ULUKIŞLA;KEMALPAŞA;KEMALPAŞA/28 SOKAK;sokak;116807580
NİĞDE;ULUKIŞLA;KEMALPAŞA;KEMALPAŞA/280 SOKAK;sokak;153792090
NİĞDE;ULUKIŞLA;KEMALPAŞA;KEMALPAŞA/281 SOKAK;sokak;287393650
NİĞDE;ULUKIŞLA;KEMALPAŞA;KEMALPAŞA/282 SOKAK;sokak;512486640
NİĞDE;ULUKIŞLA;KEMALPAŞA;KEMALPAŞA/286 SOKAK;sokak;632614320
NİĞDE;ULUKIŞLA;KEMALPAŞA;KEMALPAŞA/288 SOKAK;sokak;580302480
NİĞDE;ULUKIŞLA;KEMALPAŞA;KEMALPAŞA/289 SOKAK;sokak;924070970
NİĞDE;ULUKIŞLA;KEMALPAŞA;KEMALPAŞA/29 SOKAK;sokak;272452650
NİĞDE;ULUKIŞLA;KEMALPAŞA;KEMALPAŞA/290 SOKAK;sokak;140153740
NİĞDE;ULUKIŞLA;KEMALPAŞA;KEMALPAŞA/291 SOKAK;sokak;863464590
NİĞDE;ULUKIŞLA;KEMALPAŞA;KEMALPAŞA/292 SOKAK;sokak;485472280
NİĞDE;ULUKIŞLA;KEMALPAŞA;KEMALPAŞA/293 SOKAK;sokak;588094680
NİĞDE;ULUKIŞLA;KEMALPAŞA;KEMALPAŞA/294 SOKAK;sokak;479773430
NİĞDE;ULUKIŞLA;KEMALPAŞA;KEMALPAŞA/295 SOKAK;sokak;283425900
NİĞDE;ULUKIŞLA;KEMALPAŞA;KEMALPAŞA/296 SOKAK;sokak;229329170
NİĞDE;ULUKIŞLA;KEMALPAŞA;KEMALPAŞA/297 SOKAK;sokak;169939410
NİĞDE;ULUKIŞLA;KEMALPAŞA;KEMALPAŞA/298 SOKAK;sokak;180033430
NİĞDE;ULUKIŞLA;KEMALPAŞA;KEMALPAŞA/299 SOKAK;sokak;482703340
NİĞDE;ULUKIŞLA;KEMALPAŞA;KEMALPAŞA/3 SOKAK;sokak;106807590
NİĞDE;ULUKIŞLA;KEMALPAŞA;KEMALPAŞA/30 SOKAK;sokak;105452830
NİĞDE;ULUKIŞLA;KEMALPAŞA;KEMALPAŞA/300 SOKAK;sokak;287554290
NİĞDE;ULUKIŞLA;KEMALPAŞA;KEMALPAŞA/301 SOKAK;sokak;162320920
NİĞDE;ULUKIŞLA;KEMALPAŞA;KEMALPAŞA/302 SOKAK;sokak;260540490
NİĞDE;ULUKIŞLA;KEMALPAŞA;KEMALPAŞA/303 SOKAK;sokak;552842770
NİĞDE;ULUKIŞLA;KEMALPAŞA;KEMALPAŞA/304 SOKAK;sokak;341753310
NİĞDE;ULUKIŞLA;KEMALPAŞA;KEMALPAŞA/305 SOKAK;sokak;123772970
NİĞDE;ULUKIŞLA;KEMALPAŞA;KEMALPAŞA/306 SOKAK;sokak;229201100
NİĞDE;ULUKIŞLA;KEMALPAŞA;KEMALPAŞA/307 SOKAK;sokak;431318460
NİĞDE;ULUKIŞLA;KEMALPAŞA;KEMALPAŞA/308 SOKAK;sokak;304506620
NİĞDE;ULUKIŞLA;KEMALPAŞA;KEMALPAŞA/309 SOKAK;sokak;116804770
NİĞDE;ULUKIŞLA;KEMALPAŞA;KEMALPAŞA/31 SOKAK;sokak;839060400
NİĞDE;ULUKIŞLA;KEMALPAŞA;KEMALPAŞA/311 SOKAK;sokak;268628540
NİĞDE;ULUKIŞLA;KEMALPAŞA;KEMALPAŞA/312 SOKAK;sokak;677275110
NİĞDE;ULUKIŞLA;KEMALPAŞA;KEMALPAŞA/313 SOKAK;sokak;584493070
NİĞDE;ULUKIŞLA;KEMALPAŞA;KEMALPAŞA/314 SOKAK;sokak;888844570
NİĞDE;ULUKIŞLA;KEMALPAŞA;KEMALPAŞA/315 SOKAK;sokak;410235990
NİĞDE;ULUKIŞLA;KEMALPAŞA;KEMALPAŞA/316 SOKAK;sokak;257697040
NİĞDE;ULUKIŞLA;KEMALPAŞA;KEMALPAŞA/317 SOKAK;sokak;491233260
NİĞDE;ULUKIŞLA;KEMALPAŞA;KEMALPAŞA/318 SOKAK;sokak;715970580
NİĞDE;ULUKIŞLA;KEMALPAŞA;KEMALPAŞA/319 SOKAK;sokak;197023490
NİĞDE;ULUKIŞLA;KEMALPAŞA;KEMALPAŞA/320 SOKAK;sokak;256368610
NİĞDE;ULUKIŞLA;KEMALPAŞA;KEMALPAŞA/321 SOKAK;sokak;114994800
NİĞDE;ULUKIŞLA;KEMALPAŞA;KEMALPAŞA/322 SOKAK;sokak;363242670
NİĞDE;ULUKIŞLA;KEMALPAŞA;KEMALPAŞA/323 SOKAK;sokak;139165490
NİĞDE;ULUKIŞLA;KEMALPAŞA;KEMALPAŞA/324 SOKAK;sokak;101084050
NİĞDE;ULUKIŞLA;KEMALPAŞA;KEMALPAŞA/325 SOKAK;sokak;245494610
NİĞDE;ULUKIŞLA;KEMALPAŞA;KEMALPAŞA/326 SOKAK;sokak;120441450
NİĞDE;ULUKIŞLA;KEMALPAŞA;KEMALPAŞA/327 SOKAK;sokak;946944780
NİĞDE;ULUKIŞLA;KEMALPAŞA;KEMALPAŞA/328 SOKAK;sokak;422112350
NİĞDE;ULUKIŞLA;KEMALPAŞA;KEMALPAŞA/329 SOKAK;sokak;651271440
NİĞDE;ULUKIŞLA;KEMALPAŞA;KEMALPAŞA/33 SOKAK;sokak;140122800
NİĞDE;ULUKIŞLA;KEMALPAŞA;KEMALPAŞA/330 SOKAK;sokak;544094870
NİĞDE;ULUKIŞLA;KEMALPAŞA;KEMALPAŞA/331 SOKAK;sokak;606251670
NİĞDE;ULUKIŞLA;KEMALPAŞA;KEMALPAŞA/333 SOKAK;sokak;631086250
NİĞDE;ULUKIŞLA;KEMALPAŞA;KEMALPAŞA/334 SOKAK;sokak;135569230
NİĞDE;ULUKIŞLA;KEMALPAŞA;KEMALPAŞA/335 SOKAK;sokak;385843970
NİĞDE;ULUKIŞLA;KEMALPAŞA;KEMALPAŞA/336 SOKAK;sokak;804328260
NİĞDE;ULUKIŞLA;KEMALPAŞA;KEMALPAŞA/337 SOKAK;sokak;982102630
NİĞDE;ULUKIŞLA;KEMALPAŞA;KEMALPAŞA/34 SOKAK;sokak;184604510
NİĞDE;ULUKIŞLA;KEMALPAŞA;KEMALPAŞA/340 SOKAK;sokak;395182530
NİĞDE;ULUKIŞLA;KEMALPAŞA;KEMALPAŞA/341 SOKAK;sokak;230593970
NİĞDE;ULUKIŞLA;KEMALPAŞA;KEMALPAŞA/348 SOKAK;sokak;250494120
NİĞDE;ULUKIŞLA;KEMALPAŞA;KEMALPAŞA/349 SOKAK;sokak;187609670
NİĞDE;ULUKIŞLA;KEMALPAŞA;KEMALPAŞA/35 SOKAK;sokak;991910170
NİĞDE;ULUKIŞLA;KEMALPAŞA;KEMALPAŞA/350 SOKAK;sokak;358541080
NİĞDE;ULUKIŞLA;KEMALPAŞA;KEMALPAŞA/351 SOKAK;sokak;363177170
NİĞDE;ULUKIŞLA;KEMALPAŞA;KEMALPAŞA/352 SOKAK;sokak;498616100
NİĞDE;ULUKIŞLA;KEMALPAŞA;KEMALPAŞA/354 SOKAK;sokak;286702970
NİĞDE;ULUKIŞLA;KEMALPAŞA;KEMALPAŞA/355 SOKAK;sokak;627774610
NİĞDE;ULUKIŞLA;KEMALPAŞA;KEMALPAŞA/356 SOKAK;sokak;573683910
NİĞDE;ULUKIŞLA;KEMALPAŞA;KEMALPAŞA/357 SOKAK;sokak;887793270
NİĞDE;ULUKIŞLA;KEMALPAŞA;KEMALPAŞA/358 SOKAK;sokak;968549890
NİĞDE;ULUKIŞLA;KEMALPAŞA;KEMALPAŞA/359 SOKAK;sokak;198549000
NİĞDE;ULUKIŞLA;KEMALPAŞA;KEMALPAŞA/36 SOKAK;sokak;267108060
NİĞDE;ULUKIŞLA;KEMALPAŞA;KEMALPAŞA/360 SOKAK;sokak;168925490
NİĞDE;ULUKIŞLA;KEMALPAŞA;KEMALPAŞA/361 SOKAK;sokak;989097990
NİĞDE;ULUKIŞLA;KEMALPAŞA;KEMALPAŞA/364 SOKAK;sokak;833402080
NİĞDE;ULUKIŞLA;KEMALPAŞA;KEMALPAŞA/365 SOKAK;sokak;130358780
NİĞDE;ULUKIŞLA;KEMALPAŞA;KEMALPAŞA/366 SOKAK;sokak;180831960
NİĞDE;ULUKIŞLA;KEMALPAŞA;KEMALPAŞA/367 SOKAK;sokak;280849110
NİĞDE;ULUKIŞLA;KEMALPAŞA;KEMALPAŞA/37 SOKAK;sokak;754947080
NİĞDE;ULUKIŞLA;KEMALPAŞA;KEMALPAŞA/372 SOKAK;sokak;353452550
NİĞDE;ULUKIŞLA;KEMALPAŞA;KEMALPAŞA/373 SOKAK;sokak;250189530
NİĞDE;ULUKIŞLA;KEMALPAŞA;KEMALPAŞA/374 SOKAK;sokak;552902330
NİĞDE;ULUKIŞLA;KEMALPAŞA;KEMALPAŞA/375 SOKAK;sokak;238085380
NİĞDE;ULUKIŞLA;KEMALPAŞA;KEMALPAŞA/377 SOKAK;sokak;260260050
NİĞDE;ULUKIŞLA;KEMALPAŞA;KEMALPAŞA/378 SOKAK;sokak;574325690
NİĞDE;ULUKIŞLA;KEMALPAŞA;KEMALPAŞA/379 SOKAK;sokak;111724670
NİĞDE;ULUKIŞLA;KEMALPAŞA;KEMALPAŞA/38 SOKAK;sokak;209510180
NİĞDE;ULUKIŞLA;KEMALPAŞA;KEMALPAŞA/380 SOKAK;sokak;117857220
NİĞDE;ULUKIŞLA;KEMALPAŞA;KEMALPAŞA/39 SOKAK;sokak;238067970
NİĞDE;ULUKIŞLA;KEMALPAŞA;KEMALPAŞA/4 SOKAK;sokak;254268420
NİĞDE;ULUKIŞLA;KEMALPAŞA;KEMALPAŞA/40 SOKAK;sokak;292037000
NİĞDE;ULUKIŞLA;KEMALPAŞA;KEMALPAŞA/41 SOKAK;sokak;643188500
NİĞDE;ULUKIŞLA;KEMALPAŞA;KEMALPAŞA/410 SOKAK;sokak;618150070
NİĞDE;ULUKIŞLA;KEMALPAŞA;KEMALPAŞA/410- CADDE;cadde;1526493
NİĞDE;ULUKIŞLA;KEMALPAŞA;KEMALPAŞA/411 SOKAK;sokak;373238620
NİĞDE;ULUKIŞLA;KEMALPAŞA;KEMALPAŞA/413 SOKAK;sokak;180880620
NİĞDE;ULUKIŞLA;KEMALPAŞA;KEMALPAŞA/414 SOKAK;sokak;676952540
NİĞDE;ULUKIŞLA;KEMALPAŞA;KEMALPAŞA/43 SOKAK;sokak;137627110
NİĞDE;ULUKIŞLA;KEMALPAŞA;KEMALPAŞA/44 SOKAK;sokak;529951490
NİĞDE;ULUKIŞLA;KEMALPAŞA;KEMALPAŞA/45 SOKAK;sokak;167546650
NİĞDE;ULUKIŞLA;KEMALPAŞA;KEMALPAŞA/450 SOKAK;sokak;955195750
NİĞDE;ULUKIŞLA;KEMALPAŞA;KEMALPAŞA/451 SOKAK;sokak;613876350
NİĞDE;ULUKIŞLA;KEMALPAŞA;KEMALPAŞA/452 SOKAK;sokak;824463290
NİĞDE;ULUKIŞLA;KEMALPAŞA;KEMALPAŞA/455 SOKAK;sokak;993492430
NİĞDE;ULUKIŞLA;KEMALPAŞA;KEMALPAŞA/457 SOKAK;sokak;931825410
NİĞDE;ULUKIŞLA;KEMALPAŞA;KEMALPAŞA/46 SOKAK;sokak;236038140
NİĞDE;ULUKIŞLA;KEMALPAŞA;KEMALPAŞA/460 SOKAK;sokak;335011980
NİĞDE;ULUKIŞLA;KEMALPAŞA;KEMALPAŞA/461 SOKAK;sokak;439231760
NİĞDE;ULUKIŞLA;KEMALPAŞA;KEMALPAŞA/462 SOKAK;sokak;176798870
NİĞDE;ULUKIŞLA;KEMALPAŞA;KEMALPAŞA/463 SOKAK;sokak;767844380
NİĞDE;ULUKIŞLA;KEMALPAŞA;KEMALPAŞA/464 SOKAK;sokak;361961370
NİĞDE;ULUKIŞLA;KEMALPAŞA;KEMALPAŞA/48 SOKAK;sokak;182601580
NİĞDE;ULUKIŞLA;KEMALPAŞA;KEMALPAŞA/5 SOKAK;sokak;109169060
NİĞDE;ULUKIŞLA;KEMALPAŞA;KEMALPAŞA/50 SOKAK;sokak;177981250
NİĞDE;ULUKIŞLA;KEMALPAŞA;KEMALPAŞA/500 SOKAK;sokak;166874930
NİĞDE;ULUKIŞLA;KEMALPAŞA;KEMALPAŞA/51 SOKAK;sokak;101910390
NİĞDE;ULUKIŞLA;KEMALPAŞA;KEMALPAŞA/53 SOKAK;sokak;135888010
NİĞDE;ULUKIŞLA;KEMALPAŞA;KEMALPAŞA/54 SOKAK;sokak;202600480
NİĞDE;ULUKIŞLA;KEMALPAŞA;KEMALPAŞA/55 SOKAK;sokak;128753730
NİĞDE;ULUKIŞLA;KEMALPAŞA;KEMALPAŞA/56 SOKAK;sokak;103932470
NİĞDE;ULUKIŞLA;KEMALPAŞA;KEMALPAŞA/57 SOKAK;sokak;227196780
NİĞDE;ULUKIŞLA;KEMALPAŞA;KEMALPAŞA/58 SOKAK;sokak;320905730
NİĞDE;ULUKIŞLA;KEMALPAŞA;KEMALPAŞA/6 SOKAK;sokak;965552550
NİĞDE;ULUKIŞLA;KEMALPAŞA;KEMALPAŞA/60 SOKAK;sokak;172865270
NİĞDE;ULUKIŞLA;KEMALPAŞA;KEMALPAŞA/600 SOKAK;sokak;863789401
NİĞDE;ULUKIŞLA;KEMALPAŞA;KEMALPAŞA/61 SOKAK;sokak;112136180
NİĞDE;ULUKIŞLA;KEMALPAŞA;KEMALPAŞA/62 SOKAK;sokak;686498880
NİĞDE;ULUKIŞLA;KEMALPAŞA;KEMALPAŞA/65 SOKAK;sokak;368370110
NİĞDE;ULUKIŞLA;KEMALPAŞA;KEMALPAŞA/66 SOKAK;sokak;811204120
NİĞDE;ULUKIŞLA;KEMALPAŞA;KEMALPAŞA/67 SOKAK;sokak;448463500
NİĞDE;ULUKIŞLA;KEMALPAŞA;KEMALPAŞA/68 SOKAK;sokak;619495170
NİĞDE;ULUKIŞLA;KEMALPAŞA;KEMALPAŞA/69 SOKAK;sokak;424662350
NİĞDE;ULUKIŞLA;KEMALPAŞA;KEMALPAŞA/7 SOKAK;sokak;974616930
NİĞDE;ULUKIŞLA;KEMALPAŞA;KEMALPAŞA/70 SOKAK;sokak;124392610
NİĞDE;ULUKIŞLA;KEMALPAŞA;KEMALPAŞA/71 SOKAK;sokak;270043810
NİĞDE;ULUKIŞLA;KEMALPAŞA;KEMALPAŞA/72 SOKAK;sokak;276645980
NİĞDE;ULUKIŞLA;KEMALPAŞA;KEMALPAŞA/74 SOKAK;sokak;154333860
NİĞDE;ULUKIŞLA;KEMALPAŞA;KEMALPAŞA/76 SOKAK;sokak;113676790
NİĞDE;ULUKIŞLA;KEMALPAŞA;KEMALPAŞA/77 SOKAK;sokak;200904520
NİĞDE;ULUKIŞLA;KEMALPAŞA;KEMALPAŞA/79 SOKAK;sokak;154178350
NİĞDE;ULUKIŞLA;KEMALPAŞA;KEMALPAŞA/80 SOKAK;sokak;354550210
NİĞDE;ULUKIŞLA;KEMALPAŞA;KEMALPAŞA/81 SOKAK;sokak;244277420
NİĞDE;ULUKIŞLA;KEMALPAŞA;KEMALPAŞA/82 SOKAK;sokak;484237010
NİĞDE;ULUKIŞLA;KEMALPAŞA;KEMALPAŞA/9 SOKAK;sokak;457363110
NİĞDE;ULUKIŞLA;KEMALPAŞA;KEMALPAŞA/90 SOKAK;sokak;133504830
NİĞDE;ULUKIŞLA;KEMALPAŞA;KEMALPAŞA/93 SOKAK;sokak;988205820
NİĞDE;ULUKIŞLA;KEMALPAŞA;KEMALPAŞA/99 SOKAK;sokak;455609190
NİĞDE;ULUKIŞLA;KEMALPAŞA;KILAN CADDE;cadde;928901
NİĞDE;ULUKIŞLA;KEMALPAŞA;KILAN/1 SOKAK;sokak;310653290
NİĞDE;ULUKIŞLA;KEMALPAŞA;KILAN/2 SOKAK;sokak;139300290
NİĞDE;ULUKIŞLA;KEMALPAŞA;KILAN/3 SOKAK;sokak;349056950
NİĞDE;ULUKIŞLA;KEMALPAŞA;KILAN/4 SOKAK;sokak;874851160
NİĞDE;ULUKIŞLA;KEMALPAŞA;KILAN/5 SOKAK;sokak;757682180
NİĞDE;ULUKIŞLA;KEMALPAŞA;KILAN/6 SOKAK;sokak;573180400
NİĞDE;ULUKIŞLA;KEMALPAŞA;KILAN/7 SOKAK;sokak;380690190
NİĞDE;ULUKIŞLA;KEMALPAŞA;KIŞLA 1 SOKAK;sokak;868877751
NİĞDE;ULUKIŞLA;KEMALPAŞA;KİRAZ SOKAK;sokak;1344291
NİĞDE;ULUKIŞLA;KEMALPAŞA;KİRAZ/1 SOKAK;sokak;457725550
NİĞDE;ULUKIŞLA;KEMALPAŞA;KİRAZ/2 SOKAK;sokak;983931010
NİĞDE;ULUKIŞLA;KEMALPAŞA;KİRAZ/3 SOKAK;sokak;128209570
NİĞDE;ULUKIŞLA;KEMALPAŞA;KİRAZ/4 SOKAK;sokak;443071481
NİĞDE;ULUKIŞLA;KEMALPAŞA;KİRAZ/5 SOKAK;sokak;953003561
NİĞDE;ULUKIŞLA;KEMALPAŞA;KUZEY SOKAK;sokak;960719071
NİĞDE;ULUKIŞLA;KEMALPAŞA;KUZEY/1 SOKAK;sokak;961593711
NİĞDE;ULUKIŞLA;KEMALPAŞA;KÜÇÜK ACIPINAR/1 SOKAK;sokak;306362
NİĞDE;ULUKIŞLA;KEMALPAŞA;KÜÇÜK ACIPINAR/2 SOKAK;sokak;145108611
NİĞDE;ULUKIŞLA;KEMALPAŞA;LEVENT SOKAK;sokak;951691731
NİĞDE;ULUKIŞLA;KEMALPAŞA;MAĞARA SOKAK;sokak;1069110
NİĞDE;ULUKIŞLA;KEMALPAŞA;MEHMET TETİKER SOKAK;sokak;307654
NİĞDE;ULUKIŞLA;KEMALPAŞA;MEHMET TETİKER/1 SOKAK;sokak;288656080
NİĞDE;ULUKIŞLA;KEMALPAŞA;MEHMET TETİKER/2 SOKAK;sokak;282110920
NİĞDE;ULUKIŞLA;KEMALPAŞA;MEHMET TETİKER/3 SOKAK;sokak;537212700
NİĞDE;ULUKIŞLA;KEMALPAŞA;MEHMET TETİKER/4 SOKAK;sokak;158893300
NİĞDE;ULUKIŞLA;KEMALPAŞA;MEHMET TETİKER/5 SOKAK;sokak;750416810
NİĞDE;ULUKIŞLA;KEMALPAŞA;OFİS SOKAK;sokak;1031417
NİĞDE;ULUKIŞLA;KEMALPAŞA;OFİS/1 SOKAK;sokak;522155890
NİĞDE;ULUKIŞLA;KEMALPAŞA;OFİS/2 SOKAK;sokak;161143990
NİĞDE;ULUKIŞLA;KEMALPAŞA;OSMAN KAVAKLI SOKAK;sokak;453500
NİĞDE;ULUKIŞLA;KEMALPAŞA;OSMAN ŞAHİN SOKAK;sokak;119530230
NİĞDE;ULUKIŞLA;KEMALPAŞA;ÖLÇER SOKAK;sokak;922212
NİĞDE;ULUKIŞLA;KEMALPAŞA;ÖTÜKEN SOKAK;sokak;474813201
NİĞDE;ULUKIŞLA;KEMALPAŞA;ÖZ İÇİ MEVKİİ KÜME EVLER;sokak;307657
NİĞDE;ULUKIŞLA;KEMALPAŞA;ÖZ SOKAK;sokak;950349060
NİĞDE;ULUKIŞLA;KEMALPAŞA;ÖZİÇİ 1 SOKAK;sokak;901919901
NİĞDE;ULUKIŞLA;KEMALPAŞA;ÖZLEM SOKAK;sokak;459798611
NİĞDE;ULUKIŞLA;KEMALPAŞA;ÖZTÜRK SOKAK;sokak;1059718
NİĞDE;ULUKIŞLA;KEMALPAŞA;ÖZTÜRK/1 SOKAK;sokak;228621220
NİĞDE;ULUKIŞLA;KEMALPAŞA;ÖZTÜRK/10 SOKAK;sokak;328260000
NİĞDE;ULUKIŞLA;KEMALPAŞA;ÖZTÜRK/11 SOKAK;sokak;298692940
NİĞDE;ULUKIŞLA;KEMALPAŞA;ÖZTÜRK/12 SOKAK;sokak;676210600
NİĞDE;ULUKIŞLA;KEMALPAŞA;ÖZTÜRK/15 SOKAK;sokak;178076110
NİĞDE;ULUKIŞLA;KEMALPAŞA;ÖZTÜRK/18 SOKAK;sokak;339073790
NİĞDE;ULUKIŞLA;KEMALPAŞA;ÖZTÜRK/3 SOKAK;sokak;278873060
NİĞDE;ULUKIŞLA;KEMALPAŞA;ÖZTÜRK/4 SOKAK;sokak;560881640
NİĞDE;ULUKIŞLA;KEMALPAŞA;ÖZTÜRK/6 SOKAK;sokak;574948660
NİĞDE;ULUKIŞLA;KEMALPAŞA;ÖZTÜRK/7 SOKAK;sokak;220292010
NİĞDE;ULUKIŞLA;KEMALPAŞA;ÖZTÜRK/8 SOKAK;sokak;168205650
NİĞDE;ULUKIŞLA;KEMALPAŞA;ÖZTÜRK/9 SOKAK;sokak;274515250
NİĞDE;ULUKIŞLA;KEMALPAŞA;PAPATYA SOKAK;sokak;147911231
NİĞDE;ULUKIŞLA;KEMALPAŞA;PEKEL SOKAK;sokak;1060187
NİĞDE;ULUKIŞLA;KEMALPAŞA;PEYAMİ SOKAK;sokak;970853
NİĞDE;ULUKIŞLA;KEMALPAŞA;POYRAZ SOKAK;sokak;1283325
NİĞDE;ULUKIŞLA;KEMALPAŞA;POYRAZ/1 SOKAK;sokak;123221290
NİĞDE;ULUKIŞLA;KEMALPAŞA;POYRAZ/2 SOKAK;sokak;756153020
NİĞDE;ULUKIŞLA;KEMALPAŞA;POYRAZ/3 SOKAK;sokak;421717510
NİĞDE;ULUKIŞLA;KEMALPAŞA;PROF.DR.DUYGU KUZUM SOKAK;sokak;109637910
NİĞDE;ULUKIŞLA;KEMALPAŞA;RÜZGAR SOKAK;sokak;81511420
NİĞDE;ULUKIŞLA;KEMALPAŞA;RÜZGAR/1 SOKAK;sokak;220425760
NİĞDE;ULUKIŞLA;KEMALPAŞA;RÜZGAR/2 SOKAK;sokak;893980851
NİĞDE;ULUKIŞLA;KEMALPAŞA;RÜZGAR/5 SOKAK;sokak;461746601
NİĞDE;ULUKIŞLA;KEMALPAŞA;SANCAK SOKAK;sokak;272652631
NİĞDE;ULUKIŞLA;KEMALPAŞA;SARPI SOKAK;sokak;490019
NİĞDE;ULUKIŞLA;KEMALPAŞA;SERDAR 1 SOKAK;sokak;597846601
NİĞDE;ULUKIŞLA;KEMALPAŞA;SERDAR SOKAK;sokak;744574091
NİĞDE;ULUKIŞLA;KEMALPAŞA;SOĞLA SOKAK;sokak;835960490
NİĞDE;ULUKIŞLA;KEMALPAŞA;SOĞLA/1 SOKAK;sokak;142067180
NİĞDE;ULUKIŞLA;KEMALPAŞA;SOĞLA/2 SOKAK;sokak;971947240
NİĞDE;ULUKIŞLA;KEMALPAŞA;ŞANTİYE SOKAK;sokak;478856371
NİĞDE;ULUKIŞLA;KEMALPAŞA;ŞANTİYE/1 SOKAK;sokak;657925821
NİĞDE;ULUKIŞLA;KEMALPAŞA;ŞANTİYE/2 SOKAK;sokak;556580331
NİĞDE;ULUKIŞLA;KEMALPAŞA;ŞANTİYE/3 SOKAK;sokak;206124381
NİĞDE;ULUKIŞLA;KEMALPAŞA;ŞEHİTLİK 10 SOKAK;sokak;1059280
NİĞDE;ULUKIŞLA;KEMALPAŞA;ŞEHİTLİK 11 SOKAK;sokak;1059282
NİĞDE;ULUKIŞLA;KEMALPAŞA;ŞEHİTLİK 111 SOKAK;sokak;599733470
NİĞDE;ULUKIŞLA;KEMALPAŞA;ŞEHİTLİK 12 SOKAK;sokak;1059284
NİĞDE;ULUKIŞLA;KEMALPAŞA;ŞEHİTLİK 13 SOKAK;sokak;824283840
NİĞDE;ULUKIŞLA;KEMALPAŞA;ŞEHİTLİK 14 SOKAK;sokak;665031030
NİĞDE;ULUKIŞLA;KEMALPAŞA;ŞEHİTLİK 2 SOKAK;sokak;836392
NİĞDE;ULUKIŞLA;KEMALPAŞA;ŞEHİTLİK 2/1 SOKAK;sokak;529443860
NİĞDE;ULUKIŞLA;KEMALPAŞA;ŞEHİTLİK 3 SOKAK;sokak;836393
NİĞDE;ULUKIŞLA;KEMALPAŞA;ŞEHİTLİK 4 SOKAK;sokak;836394
NİĞDE;ULUKIŞLA;KEMALPAŞA;ŞEHİTLİK 5 SOKAK;sokak;836395
NİĞDE;ULUKIŞLA;KEMALPAŞA;ŞEHİTLİK 5/1 SOKAK;sokak;948722310
NİĞDE;ULUKIŞLA;KEMALPAŞA;ŞEHİTLİK 6 SOKAK;sokak;836396
NİĞDE;ULUKIŞLA;KEMALPAŞA;ŞEHİTLİK 7 SOKAK;sokak;836397
NİĞDE;ULUKIŞLA;KEMALPAŞA;ŞEHİTLİK 8 SOKAK;sokak;1019953
NİĞDE;ULUKIŞLA;KEMALPAŞA;ŞEHİTLİK 9 SOKAK;sokak;1019955
NİĞDE;ULUKIŞLA;KEMALPAŞA;ŞEHİTLİK SOKAK;sokak;306354
NİĞDE;ULUKIŞLA;KEMALPAŞA;ŞEKER SOKAK;sokak;1403749
NİĞDE;ULUKIŞLA;KEMALPAŞA;ŞIHLI SOKAK;sokak;453502
NİĞDE;ULUKIŞLA;KEMALPAŞA;TATBOĞAZI SOKAK;sokak;306351
NİĞDE;ULUKIŞLA;KEMALPAŞA;TEKMEN SOKAK;sokak;1085488
NİĞDE;ULUKIŞLA;KEMALPAŞA;TEKMEN/1 SOKAK;sokak;102362970
NİĞDE;ULUKIŞLA;KEMALPAŞA;TİMUR SOKAK;sokak;454719680
NİĞDE;ULUKIŞLA;KEMALPAŞA;TİMUR/1 SOKAK;sokak;724931411
NİĞDE;ULUKIŞLA;KEMALPAŞA;TİMUR/2 SOKAK;sokak;417844891
NİĞDE;ULUKIŞLA;KEMALPAŞA;TUĞRUL SOKAK;sokak;862677211
NİĞDE;ULUKIŞLA;KEMALPAŞA;TURAN SOKAK;sokak;922214
NİĞDE;ULUKIŞLA;KEMALPAŞA;TÜRKOĞLU SOKAK;sokak;988041311
NİĞDE;ULUKIŞLA;KEMALPAŞA;UFUK SOKAK;sokak;974375
NİĞDE;ULUKIŞLA;KEMALPAŞA;ÜLKÜ SOKAK;sokak;944370
NİĞDE;ULUKIŞLA;KEMALPAŞA;ÜLKÜ/3 SOKAK;sokak;175435960
NİĞDE;ULUKIŞLA;KEMALPAŞA;ÜNGÖR SOKAK;sokak;1063009
NİĞDE;ULUKIŞLA;KEMALPAŞA;ÜNGÖR/1 SOKAK;sokak;280118800
NİĞDE;ULUKIŞLA;KEMALPAŞA;ÜNSAL SOKAK;sokak;1496969
NİĞDE;ULUKIŞLA;KEMALPAŞA;ÜNSAL/1 SOKAK;sokak;508303890
NİĞDE;ULUKIŞLA;KEMALPAŞA;ÜNSAL/2 SOKAK;sokak;966168591
NİĞDE;ULUKIŞLA;KEMALPAŞA;ÜNSAL/5 SOKAK;sokak;827530700
NİĞDE;ULUKIŞLA;KEMALPAŞA;ÜNSAL/6 SOKAK;sokak;448016780
NİĞDE;ULUKIŞLA;KEMALPAŞA;ÜNSAL/7 SOKAK;sokak;790611800
NİĞDE;ULUKIŞLA;KEMALPAŞA;ÜNSAL/8 SOKAK;sokak;187337900
NİĞDE;ULUKIŞLA;KEMALPAŞA;VURAL SOKAK;sokak;295456211
NİĞDE;ULUKIŞLA;KEMALPAŞA;YAKUP GÖKÇEN CADDE;cadde;480040
NİĞDE;ULUKIŞLA;KEMALPAŞA;YAKUP ÜNAL_1 CADDE;cadde;306352
NİĞDE;ULUKIŞLA;KEMALPAŞA;YALÇINKAYA SOKAK;sokak;422283201
NİĞDE;ULUKIŞLA;KEMALPAŞA;YASEMİN SOKAK;sokak;114838151
NİĞDE;ULUKIŞLA;KEMALPAŞA;YASEMİN/1 SOKAK;sokak;931258961
NİĞDE;ULUKIŞLA;KEMALPAŞA;YASEMİN/2 SOKAK;sokak;667397231
NİĞDE;ULUKIŞLA;KEMALPAŞA;YEŞİL SOKAK;sokak;247012781
NİĞDE;ULUKIŞLA;KEMALPAŞA;YIKAR SOKAK;sokak;1070157
NİĞDE;ULUKIŞLA;KEMALPAŞA;YIKAR/1 SOKAK;sokak;892702010
NİĞDE;ULUKIŞLA;KEMALPAŞA;YILDIZ SOKAK;sokak;1044993
NİĞDE;ULUKIŞLA;KEMALPAŞA;YUNUS CADDE;cadde;1312175
NİĞDE;ULUKIŞLA;KEMALPAŞA;YUNUS/1 SOKAK;sokak;170685290
NİĞDE;ULUKIŞLA;KEMALPAŞA;YUNUS/10 SOKAK;sokak;126149880
NİĞDE;ULUKIŞLA;KEMALPAŞA;YUNUS/11 SOKAK;sokak;518118910
NİĞDE;ULUKIŞLA;KEMALPAŞA;YUNUS/12 SOKAK;sokak;958627510
NİĞDE;ULUKIŞLA;KEMALPAŞA;YUNUS/13 SOKAK;sokak;287252650
NİĞDE;ULUKIŞLA;KEMALPAŞA;YUNUS/2 SOKAK;sokak;496287790
NİĞDE;ULUKIŞLA;KEMALPAŞA;YUNUS/20 SOKAK;sokak;332165991
NİĞDE;ULUKIŞLA;KEMALPAŞA;YUNUS/3 SOKAK;sokak;418032060
NİĞDE;ULUKIŞLA;KEMALPAŞA;YUNUS/4 SOKAK;sokak;687411310
NİĞDE;ULUKIŞLA;KEMALPAŞA;YUNUS/5 SOKAK;sokak;981131520
NİĞDE;ULUKIŞLA;KEMALPAŞA;YUNUS/6 SOKAK;sokak;433213480
NİĞDE;ULUKIŞLA;KEMALPAŞA;YUNUS/7 SOKAK;sokak;249761020
NİĞDE;ULUKIŞLA;KILAN - FATİH;1 SOKAK;sokak;484691
NİĞDE;ULUKIŞLA;KILAN - FATİH;10 SOKAK;sokak;23325
NİĞDE;ULUKIŞLA;KILAN - FATİH;11 SOKAK;sokak;482282
NİĞDE;ULUKIŞLA;KILAN - FATİH;12 SOKAK;sokak;482283
NİĞDE;ULUKIŞLA;KILAN - FATİH;13 SOKAK;sokak;482284
NİĞDE;ULUKIŞLA;KILAN - FATİH;14 SOKAK;sokak;482285
NİĞDE;ULUKIŞLA;KILAN - FATİH;15 SOKAK;sokak;23318
NİĞDE;ULUKIŞLA;KILAN - FATİH;16 SOKAK;sokak;810817
NİĞDE;ULUKIŞLA;KILAN - FATİH;17 SOKAK;sokak;842565
NİĞDE;ULUKIŞLA;KILAN - FATİH;18 SOKAK;sokak;856766
NİĞDE;ULUKIŞLA;KILAN - FATİH;19 SOKAK;sokak;881872
NİĞDE;ULUKIŞLA;KILAN - FATİH;2 SOKAK;sokak;484692
NİĞDE;ULUKIŞLA;KILAN - FATİH;20 SOKAK;sokak;877923
NİĞDE;ULUKIŞLA;KILAN - FATİH;21 SOKAK;sokak;872985
NİĞDE;ULUKIŞLA;KILAN - FATİH;22 SOKAK;sokak;917844
NİĞDE;ULUKIŞLA;KILAN - FATİH;23 SOKAK;sokak;875950
NİĞDE;ULUKIŞLA;KILAN - FATİH;24 SOKAK;sokak;874251
NİĞDE;ULUKIŞLA;KILAN - FATİH;25 SOKAK;sokak;917847
NİĞDE;ULUKIŞLA;KILAN - FATİH;26 SOKAK;sokak;917848
NİĞDE;ULUKIŞLA;KILAN - FATİH;27 SOKAK;sokak;928859
NİĞDE;ULUKIŞLA;KILAN - FATİH;28 SOKAK;sokak;880463
NİĞDE;ULUKIŞLA;KILAN - FATİH;29 SOKAK;sokak;892265
NİĞDE;ULUKIŞLA;KILAN - FATİH;3 SOKAK;sokak;484693
NİĞDE;ULUKIŞLA;KILAN - FATİH;30 SOKAK;sokak;917851
NİĞDE;ULUKIŞLA;KILAN - FATİH;31 SOKAK;sokak;917852
NİĞDE;ULUKIŞLA;KILAN - FATİH;32 SOKAK;sokak;929693
NİĞDE;ULUKIŞLA;KILAN - FATİH;33 SOKAK;sokak;944490
NİĞDE;ULUKIŞLA;KILAN - FATİH;34 SOKAK;sokak;985618
NİĞDE;ULUKIŞLA;KILAN - FATİH;4 SOKAK;sokak;481456
NİĞDE;ULUKIŞLA;KILAN - FATİH;5 SOKAK;sokak;481457
NİĞDE;ULUKIŞLA;KILAN - FATİH;50 SOKAK;sokak;453514
NİĞDE;ULUKIŞLA;KILAN - FATİH;51 SOKAK;sokak;308007
NİĞDE;ULUKIŞLA;KILAN - FATİH;52 SOKAK;sokak;453516
NİĞDE;ULUKIŞLA;KILAN - FATİH;53 SOKAK;sokak;357517
NİĞDE;ULUKIŞLA;KILAN - FATİH;54 SOKAK;sokak;476343
NİĞDE;ULUKIŞLA;KILAN - FATİH;6 SOKAK;sokak;481458
NİĞDE;ULUKIŞLA;KILAN - FATİH;7 SOKAK;sokak;357510
NİĞDE;ULUKIŞLA;KILAN - FATİH;8 SOKAK;sokak;357512
NİĞDE;ULUKIŞLA;KILAN - FATİH;9 SOKAK;sokak;357513
NİĞDE;ULUKIŞLA;KILAN - FATİH;AKIN SOKAK;sokak;453511
NİĞDE;ULUKIŞLA;KILAN - FATİH;BULCA SOKAK;sokak;308003
NİĞDE;ULUKIŞLA;KILAN - FATİH;BULCA/1 SOKAK;sokak;213146040
NİĞDE;ULUKIŞLA;KILAN - FATİH;ÇELİK SOKAK;sokak;453512
NİĞDE;ULUKIŞLA;KILAN - FATİH;DURUEL SOKAK;sokak;308006
NİĞDE;ULUKIŞLA;KILAN - FATİH;FATİH YENİYOL/1 SOKAK;sokak;985508740
NİĞDE;ULUKIŞLA;KILAN - FATİH;FATİH YENİYOL/10 SOKAK;sokak;271230820
NİĞDE;ULUKIŞLA;KILAN - FATİH;FATİH YENİYOL/100 SOKAK;sokak;702229060
NİĞDE;ULUKIŞLA;KILAN - FATİH;FATİH YENİYOL/101 SOKAK;sokak;102390020
NİĞDE;ULUKIŞLA;KILAN - FATİH;FATİH YENİYOL/102 SOKAK;sokak;394499540
NİĞDE;ULUKIŞLA;KILAN - FATİH;FATİH YENİYOL/103 SOKAK;sokak;274917110
NİĞDE;ULUKIŞLA;KILAN - FATİH;FATİH YENİYOL/105 SOKAK;sokak;857142280
NİĞDE;ULUKIŞLA;KILAN - FATİH;FATİH YENİYOL/106 SOKAK;sokak;214888120
NİĞDE;ULUKIŞLA;KILAN - FATİH;FATİH YENİYOL/107 SOKAK;sokak;218962950
NİĞDE;ULUKIŞLA;KILAN - FATİH;FATİH YENİYOL/108 SOKAK;sokak;119176970
NİĞDE;ULUKIŞLA;KILAN - FATİH;FATİH YENİYOL/109 SOKAK;sokak;537713580
NİĞDE;ULUKIŞLA;KILAN - FATİH;FATİH YENİYOL/11 SOKAK;sokak;309211670
NİĞDE;ULUKIŞLA;KILAN - FATİH;FATİH YENİYOL/110 SOKAK;sokak;449288770
NİĞDE;ULUKIŞLA;KILAN - FATİH;FATİH YENİYOL/111 SOKAK;sokak;794741020
NİĞDE;ULUKIŞLA;KILAN - FATİH;FATİH YENİYOL/112 SOKAK;sokak;971197620
NİĞDE;ULUKIŞLA;KILAN - FATİH;FATİH YENİYOL/113 SOKAK;sokak;772226020
NİĞDE;ULUKIŞLA;KILAN - FATİH;FATİH YENİYOL/114 SOKAK;sokak;384957840
NİĞDE;ULUKIŞLA;KILAN - FATİH;FATİH YENİYOL/115 SOKAK;sokak;807763470
NİĞDE;ULUKIŞLA;KILAN - FATİH;FATİH YENİYOL/116 SOKAK;sokak;229871680
NİĞDE;ULUKIŞLA;KILAN - FATİH;FATİH YENİYOL/117 SOKAK;sokak;376566670
NİĞDE;ULUKIŞLA;KILAN - FATİH;FATİH YENİYOL/118 SOKAK;sokak;906261440
NİĞDE;ULUKIŞLA;KILAN - FATİH;FATİH YENİYOL/119 SOKAK;sokak;465430620
NİĞDE;ULUKIŞLA;KILAN - FATİH;FATİH YENİYOL/12 SOKAK;sokak;476548500
NİĞDE;ULUKIŞLA;KILAN - FATİH;FATİH YENİYOL/120 SOKAK;sokak;583071740
NİĞDE;ULUKIŞLA;KILAN - FATİH;FATİH YENİYOL/121 SOKAK;sokak;149993790
NİĞDE;ULUKIŞLA;KILAN - FATİH;FATİH YENİYOL/122 SOKAK;sokak;580530670
NİĞDE;ULUKIŞLA;KILAN - FATİH;FATİH YENİYOL/123 SOKAK;sokak;355013520
NİĞDE;ULUKIŞLA;KILAN - FATİH;FATİH YENİYOL/124 SOKAK;sokak;649887360
NİĞDE;ULUKIŞLA;KILAN - FATİH;FATİH YENİYOL/125 SOKAK;sokak;188135270
NİĞDE;ULUKIŞLA;KILAN - FATİH;FATİH YENİYOL/126 SOKAK;sokak;337687140
NİĞDE;ULUKIŞLA;KILAN - FATİH;FATİH YENİYOL/127 SOKAK;sokak;555787440
NİĞDE;ULUKIŞLA;KILAN - FATİH;FATİH YENİYOL/128 SOKAK;sokak;142492470
NİĞDE;ULUKIŞLA;KILAN - FATİH;FATİH YENİYOL/129 SOKAK;sokak;316085240
NİĞDE;ULUKIŞLA;KILAN - FATİH;FATİH YENİYOL/13 SOKAK;sokak;945906270
NİĞDE;ULUKIŞLA;KILAN - FATİH;FATİH YENİYOL/130 SOKAK;sokak;103027760
NİĞDE;ULUKIŞLA;KILAN - FATİH;FATİH YENİYOL/131 SOKAK;sokak;210994520
NİĞDE;ULUKIŞLA;KILAN - FATİH;FATİH YENİYOL/132 SOKAK;sokak;582657600
NİĞDE;ULUKIŞLA;KILAN - FATİH;FATİH YENİYOL/133 SOKAK;sokak;324983470
NİĞDE;ULUKIŞLA;KILAN - FATİH;FATİH YENİYOL/134 SOKAK;sokak;158368360
NİĞDE;ULUKIŞLA;KILAN - FATİH;FATİH YENİYOL/135 SOKAK;sokak;731890600
NİĞDE;ULUKIŞLA;KILAN - FATİH;FATİH YENİYOL/136 SOKAK;sokak;389375790
NİĞDE;ULUKIŞLA;KILAN - FATİH;FATİH YENİYOL/137 SOKAK;sokak;522759970
NİĞDE;ULUKIŞLA;KILAN - FATİH;FATİH YENİYOL/138 SOKAK;sokak;111647380
NİĞDE;ULUKIŞLA;KILAN - FATİH;FATİH YENİYOL/139 SOKAK;sokak;295655950
NİĞDE;ULUKIŞLA;KILAN - FATİH;FATİH YENİYOL/14 SOKAK;sokak;289078890
NİĞDE;ULUKIŞLA;KILAN - FATİH;FATİH YENİYOL/140 SOKAK;sokak;436883320
NİĞDE;ULUKIŞLA;KILAN - FATİH;FATİH YENİYOL/141 SOKAK;sokak;168306710
NİĞDE;ULUKIŞLA;KILAN - FATİH;FATİH YENİYOL/142 SOKAK;sokak;337680450
NİĞDE;ULUKIŞLA;KILAN - FATİH;FATİH YENİYOL/143 SOKAK;sokak;338792300
NİĞDE;ULUKIŞLA;KILAN - FATİH;FATİH YENİYOL/15 SOKAK;sokak;569928110
NİĞDE;ULUKIŞLA;KILAN - FATİH;FATİH YENİYOL/17 SOKAK;sokak;277096900
NİĞDE;ULUKIŞLA;KILAN - FATİH;FATİH YENİYOL/18 SOKAK;sokak;269025770
NİĞDE;ULUKIŞLA;KILAN - FATİH;FATİH YENİYOL/19 SOKAK;sokak;564553890
NİĞDE;ULUKIŞLA;KILAN - FATİH;FATİH YENİYOL/2 SOKAK;sokak;103690490
NİĞDE;ULUKIŞLA;KILAN - FATİH;FATİH YENİYOL/20 SOKAK;sokak;867351640
NİĞDE;ULUKIŞLA;KILAN - FATİH;FATİH YENİYOL/21 SOKAK;sokak;335656800
NİĞDE;ULUKIŞLA;KILAN - FATİH;FATİH YENİYOL/22 SOKAK;sokak;646893750
NİĞDE;ULUKIŞLA;KILAN - FATİH;FATİH YENİYOL/23 SOKAK;sokak;163503400
NİĞDE;ULUKIŞLA;KILAN - FATİH;FATİH YENİYOL/24 SOKAK;sokak;159950870
NİĞDE;ULUKIŞLA;KILAN - FATİH;FATİH YENİYOL/25 SOKAK;sokak;550683160
NİĞDE;ULUKIŞLA;KILAN - FATİH;FATİH YENİYOL/26 SOKAK;sokak;992035980
NİĞDE;ULUKIŞLA;KILAN - FATİH;FATİH YENİYOL/27 SOKAK;sokak;526981980
NİĞDE;ULUKIŞLA;KILAN - FATİH;FATİH YENİYOL/28 SOKAK;sokak;654450170
NİĞDE;ULUKIŞLA;KILAN - FATİH;FATİH YENİYOL/29 SOKAK;sokak;549586650
NİĞDE;ULUKIŞLA;KILAN - FATİH;FATİH YENİYOL/3 SOKAK;sokak;202675060
NİĞDE;ULUKIŞLA;KILAN - FATİH;FATİH YENİYOL/30 SOKAK;sokak;560610130
NİĞDE;ULUKIŞLA;KILAN - FATİH;FATİH YENİYOL/31 SOKAK;sokak;875720200
NİĞDE;ULUKIŞLA;KILAN - FATİH;FATİH YENİYOL/32 SOKAK;sokak;281611310
NİĞDE;ULUKIŞLA;KILAN - FATİH;FATİH YENİYOL/33 SOKAK;sokak;150694530
NİĞDE;ULUKIŞLA;KILAN - FATİH;FATİH YENİYOL/34 SOKAK;sokak;197681260
NİĞDE;ULUKIŞLA;KILAN - FATİH;FATİH YENİYOL/35 SOKAK;sokak;383276490
NİĞDE;ULUKIŞLA;KILAN - FATİH;FATİH YENİYOL/36 SOKAK;sokak;420929400
NİĞDE;ULUKIŞLA;KILAN - FATİH;FATİH YENİYOL/37 SOKAK;sokak;113736360
NİĞDE;ULUKIŞLA;KILAN - FATİH;FATİH YENİYOL/38 SOKAK;sokak;210992390
NİĞDE;ULUKIŞLA;KILAN - FATİH;FATİH YENİYOL/39 SOKAK;sokak;106362070
NİĞDE;ULUKIŞLA;KILAN - FATİH;FATİH YENİYOL/4 SOKAK;sokak;681252850
NİĞDE;ULUKIŞLA;KILAN - FATİH;FATİH YENİYOL/40 SOKAK;sokak;164489120
NİĞDE;ULUKIŞLA;KILAN - FATİH;FATİH YENİYOL/41 SOKAK;sokak;742237850
NİĞDE;ULUKIŞLA;KILAN - FATİH;FATİH YENİYOL/42 SOKAK;sokak;127402620
NİĞDE;ULUKIŞLA;KILAN - FATİH;FATİH YENİYOL/43 SOKAK;sokak;187833650
NİĞDE;ULUKIŞLA;KILAN - FATİH;FATİH YENİYOL/44 SOKAK;sokak;167510830
NİĞDE;ULUKIŞLA;KILAN - FATİH;FATİH YENİYOL/45 SOKAK;sokak;128377870
NİĞDE;ULUKIŞLA;KILAN - FATİH;FATİH YENİYOL/46 SOKAK;sokak;311757710
NİĞDE;ULUKIŞLA;KILAN - FATİH;FATİH YENİYOL/47 SOKAK;sokak;598119680
NİĞDE;ULUKIŞLA;KILAN - FATİH;FATİH YENİYOL/48 SOKAK;sokak;675946220
NİĞDE;ULUKIŞLA;KILAN - FATİH;FATİH YENİYOL/49 SOKAK;sokak;763139310
NİĞDE;ULUKIŞLA;KILAN - FATİH;FATİH YENİYOL/5 SOKAK;sokak;520933410
NİĞDE;ULUKIŞLA;KILAN - FATİH;FATİH YENİYOL/50 SOKAK;sokak;953165920
NİĞDE;ULUKIŞLA;KILAN - FATİH;FATİH YENİYOL/51 SOKAK;sokak;470521960
NİĞDE;ULUKIŞLA;KILAN - FATİH;FATİH YENİYOL/52 SOKAK;sokak;585355270
NİĞDE;ULUKIŞLA;KILAN - FATİH;FATİH YENİYOL/53 SOKAK;sokak;266239340
NİĞDE;ULUKIŞLA;KILAN - FATİH;FATİH YENİYOL/54 SOKAK;sokak;448828920
NİĞDE;ULUKIŞLA;KILAN - FATİH;FATİH YENİYOL/55 SOKAK;sokak;783714400
NİĞDE;ULUKIŞLA;KILAN - FATİH;FATİH YENİYOL/56 SOKAK;sokak;137243310
NİĞDE;ULUKIŞLA;KILAN - FATİH;FATİH YENİYOL/57 SOKAK;sokak;992030930
NİĞDE;ULUKIŞLA;KILAN - FATİH;FATİH YENİYOL/58 SOKAK;sokak;841952620
NİĞDE;ULUKIŞLA;KILAN - FATİH;FATİH YENİYOL/59 SOKAK;sokak;173480870
NİĞDE;ULUKIŞLA;KILAN - FATİH;FATİH YENİYOL/6 SOKAK;sokak;135401410
NİĞDE;ULUKIŞLA;KILAN - FATİH;FATİH YENİYOL/60 SOKAK;sokak;289062120
NİĞDE;ULUKIŞLA;KILAN - FATİH;FATİH YENİYOL/61 SOKAK;sokak;362183110
NİĞDE;ULUKIŞLA;KILAN - FATİH;FATİH YENİYOL/62 SOKAK;sokak;136710290
NİĞDE;ULUKIŞLA;KILAN - FATİH;FATİH YENİYOL/63 SOKAK;sokak;172239420
NİĞDE;ULUKIŞLA;KILAN - FATİH;FATİH YENİYOL/64 SOKAK;sokak;290182640
NİĞDE;ULUKIŞLA;KILAN - FATİH;FATİH YENİYOL/65 SOKAK;sokak;582056910
NİĞDE;ULUKIŞLA;KILAN - FATİH;FATİH YENİYOL/66 SOKAK;sokak;102963170
NİĞDE;ULUKIŞLA;KILAN - FATİH;FATİH YENİYOL/67 SOKAK;sokak;230662770
NİĞDE;ULUKIŞLA;KILAN - FATİH;FATİH YENİYOL/68 SOKAK;sokak;365948510
NİĞDE;ULUKIŞLA;KILAN - FATİH;FATİH YENİYOL/69 SOKAK;sokak;431519350
NİĞDE;ULUKIŞLA;KILAN - FATİH;FATİH YENİYOL/7 SOKAK;sokak;368600540
NİĞDE;ULUKIŞLA;KILAN - FATİH;FATİH YENİYOL/70 SOKAK;sokak;243409940
NİĞDE;ULUKIŞLA;KILAN - FATİH;FATİH YENİYOL/71 SOKAK;sokak;387251640
NİĞDE;ULUKIŞLA;KILAN - FATİH;FATİH YENİYOL/72 SOKAK;sokak;174727130
NİĞDE;ULUKIŞLA;KILAN - FATİH;FATİH YENİYOL/73 SOKAK;sokak;433517660
NİĞDE;ULUKIŞLA;KILAN - FATİH;FATİH YENİYOL/74 SOKAK;sokak;342720540
NİĞDE;ULUKIŞLA;KILAN - FATİH;FATİH YENİYOL/75 SOKAK;sokak;168607770
NİĞDE;ULUKIŞLA;KILAN - FATİH;FATİH YENİYOL/76 SOKAK;sokak;148670300
NİĞDE;ULUKIŞLA;KILAN - FATİH;FATİH YENİYOL/77 SOKAK;sokak;628802570
NİĞDE;ULUKIŞLA;KILAN - FATİH;FATİH YENİYOL/78 SOKAK;sokak;907288170
NİĞDE;ULUKIŞLA;KILAN - FATİH;FATİH YENİYOL/79 SOKAK;sokak;374924931
NİĞDE;ULUKIŞLA;KILAN - FATİH;FATİH YENİYOL/8 SOKAK;sokak;562800430
NİĞDE;ULUKIŞLA;KILAN - FATİH;FATİH YENİYOL/80 SOKAK;sokak;193375910
NİĞDE;ULUKIŞLA;KILAN - FATİH;FATİH YENİYOL/81 SOKAK;sokak;300866800
NİĞDE;ULUKIŞLA;KILAN - FATİH;FATİH YENİYOL/82 SOKAK;sokak;213301540
NİĞDE;ULUKIŞLA;KILAN - FATİH;FATİH YENİYOL/83 SOKAK;sokak;501546730
NİĞDE;ULUKIŞLA;KILAN - FATİH;FATİH YENİYOL/84 SOKAK;sokak;784370680
NİĞDE;ULUKIŞLA;KILAN - FATİH;FATİH YENİYOL/85 SOKAK;sokak;368611770
NİĞDE;ULUKIŞLA;KILAN - FATİH;FATİH YENİYOL/86 SOKAK;sokak;152819750
NİĞDE;ULUKIŞLA;KILAN - FATİH;FATİH YENİYOL/87 SOKAK;sokak;146328710
NİĞDE;ULUKIŞLA;KILAN - FATİH;FATİH YENİYOL/88 SOKAK;sokak;247850160
NİĞDE;ULUKIŞLA;KILAN - FATİH;FATİH YENİYOL/89 SOKAK;sokak;181316150
NİĞDE;ULUKIŞLA;KILAN - FATİH;FATİH YENİYOL/9 SOKAK;sokak;164074880
NİĞDE;ULUKIŞLA;KILAN - FATİH;FATİH YENİYOL/90 SOKAK;sokak;163798360
NİĞDE;ULUKIŞLA;KILAN - FATİH;FATİH YENİYOL/91 SOKAK;sokak;531668560
NİĞDE;ULUKIŞLA;KILAN - FATİH;FATİH YENİYOL/92 SOKAK;sokak;220243840
NİĞDE;ULUKIŞLA;KILAN - FATİH;FATİH YENİYOL/93 SOKAK;sokak;336441470
NİĞDE;ULUKIŞLA;KILAN - FATİH;FATİH YENİYOL/94 SOKAK;sokak;403374040
NİĞDE;ULUKIŞLA;KILAN - FATİH;FATİH YENİYOL/95 SOKAK;sokak;105031000
NİĞDE;ULUKIŞLA;KILAN - FATİH;FATİH YENİYOL/96 SOKAK;sokak;241720090
NİĞDE;ULUKIŞLA;KILAN - FATİH;FATİH YENİYOL/97 SOKAK;sokak;721688340
NİĞDE;ULUKIŞLA;KILAN - FATİH;FATİH YENİYOL/98 SOKAK;sokak;106151690
NİĞDE;ULUKIŞLA;KILAN - FATİH;FATİH YENİYOL/99 SOKAK;sokak;768644790
NİĞDE;ULUKIŞLA;KILAN - FATİH;FATİY YENİYOL/104 SOKAK;sokak;984819480
NİĞDE;ULUKIŞLA;KILAN - FATİH;İLGÜN SOKAK;sokak;308001
NİĞDE;ULUKIŞLA;KILAN - FATİH;KARACÖREN SOKAK;sokak;308010
NİĞDE;ULUKIŞLA;KILAN - FATİH;KAŞINBAŞI SOKAK;sokak;728334
NİĞDE;ULUKIŞLA;KILAN - FATİH;KIZILÖZ SOKAK;sokak;308009
NİĞDE;ULUKIŞLA;KILAN - FATİH;KÖŞKER SOKAK;sokak;819098971
NİĞDE;ULUKIŞLA;KILAN - FATİH;MERGEN SOKAK;sokak;970397
NİĞDE;ULUKIŞLA;KILAN - FATİH;OKUL SOKAK;sokak;308004
NİĞDE;ULUKIŞLA;KILAN - FATİH;OKUL/1 SOKAK;sokak;155331690
NİĞDE;ULUKIŞLA;KILAN - FATİH;OKUL/2 SOKAK;sokak;163368690
NİĞDE;ULUKIŞLA;KILAN - FATİH;OKUL/3 SOKAK;sokak;171445440
NİĞDE;ULUKIŞLA;KILAN - FATİH;OKUL1 SOKAK;sokak;429207930
NİĞDE;ULUKIŞLA;KILAN - FATİH;ÖZDEMİR SOKAK;sokak;453515
NİĞDE;ULUKIŞLA;KILAN - FATİH;SANAYİİ SOKAK;sokak;308008
NİĞDE;ULUKIŞLA;KILAN - FATİH;SAYAR SOKAK;sokak;453517
NİĞDE;ULUKIŞLA;KILAN - FATİH;SAYAR/1 SOKAK;sokak;833342920
NİĞDE;ULUKIŞLA;KILAN - FATİH;ŞEHİT EROL ÖZKUL SOKAK;sokak;308011
NİĞDE;ULUKIŞLA;KILAN - FATİH;ŞEHİT EROL ÖZKUL/2 SOKAK;sokak;440533790
NİĞDE;ULUKIŞLA;KILAN - FATİH;ŞEHİT MURAT ÖZEL SOKAK;sokak;308002
NİĞDE;ULUKIŞLA;KILAN - FATİH;ŞEHİT SÜLEYMAN POLAT SOKAK;sokak;27338
NİĞDE;ULUKIŞLA;KILAN - FATİH;TAHTALI SOKAK;sokak;389662300
NİĞDE;ULUKIŞLA;KILAN - FATİH;TARIMSAL SOKAK;sokak;207933781
NİĞDE;ULUKIŞLA;KILAN - FATİH;TOKİ KONUTLARI KÜME EVLER;sokak;1516911
NİĞDE;ULUKIŞLA;KILAN - FATİH;USLUER SOKAK;sokak;307999
NİĞDE;ULUKIŞLA;KILAN - FATİH;USLUER/1 SOKAK;sokak;165712000
NİĞDE;ULUKIŞLA;KILAN - FATİH;ÜNÜVERSİTE SOKAK;sokak;357505
NİĞDE;ULUKIŞLA;KILAN - FATİH;YETİŞ SOKAK;sokak;308000
NİĞDE;ULUKIŞLA;KILAN - ZAFER;AKIN SOKAK;sokak;293449000
NİĞDE;ULUKIŞLA;KILAN - ZAFER;ALDEMİR SOKAK;sokak;146342160
NİĞDE;ULUKIŞLA;KILAN - ZAFER;ATATURK SOKAK;sokak;308021
NİĞDE;ULUKIŞLA;KILAN - ZAFER;ATATÜRK/2 SOKAK;sokak;453802840
NİĞDE;ULUKIŞLA;KILAN - ZAFER;BARBOROS SOKAK;sokak;308017
NİĞDE;ULUKIŞLA;KILAN - ZAFER;BİRCAN SOKAK;sokak;308013
NİĞDE;ULUKIŞLA;KILAN - ZAFER;DERE SOKAK;sokak;308019
NİĞDE;ULUKIŞLA;KILAN - ZAFER;DERE/2 SOKAK;sokak;497810320
NİĞDE;ULUKIŞLA;KILAN - ZAFER;DERİN SOKAK;sokak;983542
NİĞDE;ULUKIŞLA;KILAN - ZAFER;ERBAŞ SOKAK;sokak;453518
NİĞDE;ULUKIŞLA;KILAN - ZAFER;ERBAŞ/1 SOKAK;sokak;574073970
NİĞDE;ULUKIŞLA;KILAN - ZAFER;ERBAŞ/2 SOKAK;sokak;201107480
NİĞDE;ULUKIŞLA;KILAN - ZAFER;ERBAŞ/3 SOKAK;sokak;404521380
NİĞDE;ULUKIŞLA;KILAN - ZAFER;ERDEM SOKAK;sokak;23774
NİĞDE;ULUKIŞLA;KILAN - ZAFER;ERDEM/1 SOKAK;sokak;167011530
NİĞDE;ULUKIŞLA;KILAN - ZAFER;ESKİKÖY SOKAK;sokak;308018
NİĞDE;ULUKIŞLA;KILAN - ZAFER;FATİH YENİYOL/143 SOKAK;sokak;731845820
NİĞDE;ULUKIŞLA;KILAN - ZAFER;FATİH YENİYOL/79 SOKAK;sokak;374924930
NİĞDE;ULUKIŞLA;KILAN - ZAFER;İNCE SOKAK;sokak;453521
NİĞDE;ULUKIŞLA;KILAN - ZAFER;KARACAÖREN1 SOKAK;sokak;475462700
NİĞDE;ULUKIŞLA;KILAN - ZAFER;KOOP SOKAK;sokak;308016
NİĞDE;ULUKIŞLA;KILAN - ZAFER;KÖŞKER SOKAK;sokak;623773120
NİĞDE;ULUKIŞLA;KILAN - ZAFER;KÖŞKER/1 SOKAK;sokak;200335690
NİĞDE;ULUKIŞLA;KILAN - ZAFER;KÖŞKER/2 SOKAK;sokak;251730970
NİĞDE;ULUKIŞLA;KILAN - ZAFER;MEHMET TURAN SOKAK;sokak;308020
NİĞDE;ULUKIŞLA;KILAN - ZAFER;ÖZCAN SOKAK;sokak;308015
NİĞDE;ULUKIŞLA;KILAN - ZAFER;ÖZCAN1 SOKAK;sokak;740298440
NİĞDE;ULUKIŞLA;KILAN - ZAFER;ÖZCAN2 SOKAK;sokak;338898660
NİĞDE;ULUKIŞLA;KILAN - ZAFER;ÖZCAN3 SOKAK;sokak;334196310
NİĞDE;ULUKIŞLA;KILAN - ZAFER;POLAT SOKAK;sokak;308012
NİĞDE;ULUKIŞLA;KILAN - ZAFER;POLAT/1 SOKAK;sokak;706373430
NİĞDE;ULUKIŞLA;KILAN - ZAFER;SALMAN SOKAK;sokak;23773
NİĞDE;ULUKIŞLA;KILAN - ZAFER;SAYAR SOKAK;sokak;236987231
NİĞDE;ULUKIŞLA;KILAN - ZAFER;SAYAR/3 SOKAK;sokak;911370420
NİĞDE;ULUKIŞLA;KILAN - ZAFER;SOĞANLIK SOKAK;sokak;308014
NİĞDE;ULUKIŞLA;KILAN - ZAFER;SULUDERE SOKAK;sokak;115040
NİĞDE;ULUKIŞLA;KILAN - ZAFER;ŞEHİT EROL ÖZKUL SOKAK;sokak;187195001
NİĞDE;ULUKIŞLA;KILAN - ZAFER;ŞEHİT EROL ÖZKUL/1 SOKAK;sokak;209779890
NİĞDE;ULUKIŞLA;KILAN - ZAFER;ŞEHİT EROL ÖZKUL/2 SOKAK;sokak;412113760
NİĞDE;ULUKIŞLA;KILAN - ZAFER;ŞEHİT HALİL YILDIRIM SOKAK;sokak;308022
NİĞDE;ULUKIŞLA;KILAN - ZAFER;ŞEHİT MUSTAFA KOÇOĞLU SOKAK;sokak;453522
NİĞDE;ULUKIŞLA;KILAN - ZAFER;ŞEHİT MUSTAFA KOÇOĞLU/1 SOKAK;sokak;410846740
NİĞDE;ULUKIŞLA;KILAN - ZAFER;ŞEHİT SÜLEYMAN POLAT SOKAK;sokak;308023
NİĞDE;ULUKIŞLA;KILAN - ZAFER;TAHTALI SOKAK;sokak;115042
NİĞDE;ULUKIŞLA;KILAN - ZAFER;TARIMSAL SOKAK;sokak;883721
NİĞDE;ULUKIŞLA;KILAN - ZAFER;TORAMAN SOKAK;sokak;117257
NİĞDE;ULUKIŞLA;KILAN - ZAFER;TURAN SOKAK;sokak;453520
NİĞDE;ULUKIŞLA;KILAN - ZAFER;TURHAN SOKAK;sokak;453519
NİĞDE;ULUKIŞLA;KILAN - ZAFER;ZAFER SOKAK;sokak;172439080
NİĞDE;ULUKIŞLA;KILAN - ZAFER;ZAFER YENİYOL/1 SOKAK;sokak;147117740
NİĞDE;ULUKIŞLA;KILAN - ZAFER;ZAFER YENİYOL/10 SOKAK;sokak;172933090
NİĞDE;ULUKIŞLA;KILAN - ZAFER;ZAFER YENİYOL/11 SOKAK;sokak;723026310
NİĞDE;ULUKIŞLA;KILAN - ZAFER;ZAFER YENİYOL/12 SOKAK;sokak;350769340
NİĞDE;ULUKIŞLA;KILAN - ZAFER;ZAFER YENİYOL/13 SOKAK;sokak;122736030
NİĞDE;ULUKIŞLA;KILAN - ZAFER;ZAFER YENİYOL/2 SOKAK;sokak;477097460
NİĞDE;ULUKIŞLA;KILAN - ZAFER;ZAFER YENİYOL/4 SOKAK;sokak;166100990
NİĞDE;ULUKIŞLA;KILAN - ZAFER;ZAFER YENİYOL/5 SOKAK;sokak;297068190
NİĞDE;ULUKIŞLA;KILAN - ZAFER;ZAFER YENİYOL/6 SOKAK;sokak;769783780
NİĞDE;ULUKIŞLA;KILAN - ZAFER;ZAFER YENİYOL/7 SOKAK;sokak;870169290
NİĞDE;ULUKIŞLA;KILAN - ZAFER;ZAFER YENİYOL/8 SOKAK;sokak;284438770
NİĞDE;ULUKIŞLA;KILAN - ZAFER;ZAFER YENİYOL/9 SOKAK;sokak;777373440
NİĞDE;ULUKIŞLA;KOÇAK - AZDIN;ADANA AKSARAY YOLU BULVAR;sokak;141239620
NİĞDE;ULUKIŞLA;KOÇAK - AZDIN;AZDIN KÜME EVLER;sokak;476256
NİĞDE;ULUKIŞLA;KOÇAK - KALEDERESİ;ADANA AKSARAY YOLU BULVAR;sokak;152823120
NİĞDE;ULUKIŞLA;KOÇAK - KALEDERESİ;KALEDERESİ 1 KÜME EVLER;sokak;485569
NİĞDE;ULUKIŞLA;KOÇAK - KALEDERESİ;KALEDERESİ 2 KÜME EVLER;sokak;478443
NİĞDE;ULUKIŞLA;KOÇAK - KALEDERESİ;KALEDERESİ 3 KÜME EVLER;sokak;485570
NİĞDE;ULUKIŞLA;KOÇAK - KÖYÜN KENDİSİ;KÖYÜNKENDİSİ KÜME EVLER;sokak;1088351
NİĞDE;ULUKIŞLA;KOÇAK - KÜME1;KÜME1 KÜME EVLER;sokak;478441
NİĞDE;ULUKIŞLA;KOÇAK - KÜME3(İLEMİN KÜMESİ);İLEMİN KÜME EVLER;sokak;484135
NİĞDE;ULUKIŞLA;KOÇAK - KÜME5(AŞAĞIÖZ);ADANA AKSARAY YOLU BULVAR;sokak;153159480
NİĞDE;ULUKIŞLA;KOÇAK - KÜME5(AŞAĞIÖZ);AŞAĞIÖZ KÜME EVLER;sokak;484138
NİĞDE;ULUKIŞLA;KOÇAK - KÜME6(YUKARIÖZ);ADANA AKSARAY YOLU BULVAR;sokak;124397900
NİĞDE;ULUKIŞLA;KOÇAK - KÜME6(YUKARIÖZ);YUKARIÖZ KÜME EVLER;sokak;484140
NİĞDE;ULUKIŞLA;KOÇAK - KÜME7(SEYDİAHMET);SEYDİAHMET KÜME EVLER;sokak;476257
NİĞDE;ULUKIŞLA;KOÇAK - KÜME8(AKYAR);ADANA AKSARAY YOLU BULVAR;sokak;347163650
NİĞDE;ULUKIŞLA;KOÇAK - KÜME8(AKYAR);AKYAR KÜME EVLER;sokak;484141
NİĞDE;ULUKIŞLA;KOÇAK - TOSUNALİ;ADANA AKSARAY YOLU BULVAR;sokak;420203880
NİĞDE;ULUKIŞLA;KOÇAK - TOSUNALİ;TOSUNALİ 1 KÜME EVLER;sokak;478442
NİĞDE;ULUKIŞLA;KOÇAK - TOSUNALİ;TOSUNALİ 2 KÜME EVLER;sokak;485567
NİĞDE;ULUKIŞLA;KOLSUZ NA;ADANA NIĞDE YOLU BULVAR;sokak;121191030
NİĞDE;ULUKIŞLA;KOLSUZ NA;KOLSUZ KÜME EVLER;sokak;482252
NİĞDE;ULUKIŞLA;KOZLUCA NA;KOZLUCA KÜME EVLER;sokak;481089
NİĞDE;ULUKIŞLA;KÖŞKÖNÜ NA;ADANA AKSARAY YOLU BULVAR;sokak;174614760
NİĞDE;ULUKIŞLA;KÖŞKÖNÜ NA;KÖYÜN KENDİSİ KÜME EVLER;sokak;1514933
NİĞDE;ULUKIŞLA;MADENKÖY NA;MADENKÖY KÜME EVLER;sokak;480251
NİĞDE;ULUKIŞLA;OVACIK - KÜME1;KÜME1 KÜME EVLER;sokak;485481
NİĞDE;ULUKIŞLA;OVACIK - KÜME1;ULUKIŞLA OTOYOLU BULVAR;sokak;213095700
NİĞDE;ULUKIŞLA;OVACIK - KÜME2;KÜME1 KÜME EVLER;sokak;136173031
NİĞDE;ULUKIŞLA;OVACIK - KÜME2;KÜME2 KÜME EVLER;sokak;474754
NİĞDE;ULUKIŞLA;OVACIK - KÜME2;ULUKIŞLA OTOYOLU BULVAR;sokak;300112410
NİĞDE;ULUKIŞLA;PORSUK - KÜME1;ADANA AKSARAY YOLU BULVAR;sokak;111925490
NİĞDE;ULUKIŞLA;PORSUK - KÜME1;KÜME1. KÜME EVLER;sokak;475827
NİĞDE;ULUKIŞLA;PORSUK - KÜME2;KÜME2 KÜME EVLER;sokak;475839
NİĞDE;ULUKIŞLA;PORSUK - KÜME3;KÜME3 KÜME EVLER;sokak;475840
NİĞDE;ULUKIŞLA;ŞEYHÖMERLİ - KÜME1;KÜME1 KÜME EVLER;sokak;479023
NİĞDE;ULUKIŞLA;ŞEYHÖMERLİ - KÜME1;KÜME2 KÜME EVLER;sokak;131252081
NİĞDE;ULUKIŞLA;ŞEYHÖMERLİ - KÜME1;KÜME3 KÜME EVLER;sokak;197168360
NİĞDE;ULUKIŞLA;ŞEYHÖMERLİ - KÜME2;KÜME2 KÜME EVLER;sokak;475570
NİĞDE;ULUKIŞLA;ŞEYHÖMERLİ - KÜME3;KÜME2 KÜME EVLER;sokak;103361541
NİĞDE;ULUKIŞLA;ŞEYHÖMERLİ - KÜME3;KÜME3 KÜME EVLER;sokak;472933
NİĞDE;ULUKIŞLA;ŞEYHÖMERLİ - KÜME3;TEPEKÖY KÜME EVLER;sokak;137731631
NİĞDE;ULUKIŞLA;TABAKLI - KÜME2;KÜME2 KÜME EVLER;sokak;486003
NİĞDE;ULUKIŞLA;TABAKLI - KÜME3;ÇAKIL KÜMESİ (KÜME 3) KÜME EVLER;sokak;992471
NİĞDE;ULUKIŞLA;TABAKLI NA;TABAKLI KÜME EVLER;sokak;477723
NİĞDE;ULUKIŞLA;TEKNEÇUKUR - KÜME1;KÜME1 KÜME EVLER;sokak;476248
NİĞDE;ULUKIŞLA;TEKNEÇUKUR - KÜME2;KÜME2 KÜME EVLER;sokak;476250
NİĞDE;ULUKIŞLA;TEKNEÇUKUR NA;KÖYÜN KENDİSİ KÜME EVLER;sokak;476249
NİĞDE;ULUKIŞLA;TEPEKÖY NA;ADANA ANKARA CADDE;cadde;109443870
NİĞDE;ULUKIŞLA;TEPEKÖY NA;TEPEKÖY KÜME EVLER;sokak;477285
NİĞDE;ULUKIŞLA;TEPEKÖY NA;ULUKIŞLA OTOYOLU BULVAR;sokak;198278720
NİĞDE;ULUKIŞLA;TORAMAN NA;TARSUS-ANKARA OTOYOLU BULVAR;sokak;462311140
NİĞDE;ULUKIŞLA;TORAMAN NA;TORAMAN KÜME EVLER;sokak;482251
NİĞDE;ULUKIŞLA;ÜNLÜYAKA - KÜME1;TARSUS-ANKARA OTOYOLU BULVAR;sokak;205791320
NİĞDE;ULUKIŞLA;ÜNLÜYAKA - KÜME1;ÜNLÜYAKA KÜME EVLER;sokak;472525
NİĞDE;ULUKIŞLA;ÜNLÜYAKA NA;TARSUS-ANKARA OTOYOLU BULVAR;sokak;273547370
NİĞDE;ULUKIŞLA;ÜNLÜYAKA NA;ÜNLÜYAKA1 KÜME EVLER;sokak;476399
NİĞDE;ULUKIŞLA;YENİYILDIZ - ATATÜRK;CAMİİ SOKAK;sokak;309500
NİĞDE;ULUKIŞLA;YENİYILDIZ - ATATÜRK;ÇEŞME SOKAK;sokak;480111
NİĞDE;ULUKIŞLA;YENİYILDIZ - ATATÜRK;ÇIKMAZ SOKAK;sokak;123948050
NİĞDE;ULUKIŞLA;YENİYILDIZ - ATATÜRK;ÇIKMAZ/1 SOKAK;sokak;101430710
NİĞDE;ULUKIŞLA;YENİYILDIZ - ATATÜRK;ÇİÇEK SOKAK;sokak;306502
NİĞDE;ULUKIŞLA;YENİYILDIZ - ATATÜRK;ÇİÇEK/1 SOKAK;sokak;135794610
NİĞDE;ULUKIŞLA;YENİYILDIZ - ATATÜRK;HÜSEYİN DOĞAN SOKAK;sokak;309501
NİĞDE;ULUKIŞLA;YENİYILDIZ - ATATÜRK;İSTASYON SOKAK;sokak;306503
NİĞDE;ULUKIŞLA;YENİYILDIZ - ATATÜRK;İSTASYON/1 SOKAK;sokak;283564340
NİĞDE;ULUKIŞLA;YENİYILDIZ - ATATÜRK;İSTASYON/2 SOKAK;sokak;547089040
NİĞDE;ULUKIŞLA;YENİYILDIZ - ATATÜRK;İSTASYON/3 SOKAK;sokak;352419000
NİĞDE;ULUKIŞLA;YENİYILDIZ - ATATÜRK;KAYRAK SOKAK;sokak;348258360
NİĞDE;ULUKIŞLA;YENİYILDIZ - ATATÜRK;KIRMALAR SOKAK;sokak;475442
NİĞDE;ULUKIŞLA;YENİYILDIZ - ATATÜRK;PAŞALAR SOKAK;sokak;455169
NİĞDE;ULUKIŞLA;YENİYILDIZ - CUMHURİYET;BAHÇELİEVLER SOKAK;sokak;309502
NİĞDE;ULUKIŞLA;YENİYILDIZ - CUMHURİYET;ÇIKMAZ SOKAK;sokak;309505
NİĞDE;ULUKIŞLA;YENİYILDIZ - CUMHURİYET;ÇIKMAZ/1 SOKAK;sokak;101430711
NİĞDE;ULUKIŞLA;YENİYILDIZ - CUMHURİYET;ÇİÇEK SOKAK;sokak;296028441
NİĞDE;ULUKIŞLA;YENİYILDIZ - CUMHURİYET;İĞDELER SOKAK;sokak;309821
NİĞDE;ULUKIŞLA;YENİYILDIZ - CUMHURİYET;KAVAKLIDERE SOKAK;sokak;309503
NİĞDE;ULUKIŞLA;YENİYILDIZ - CUMHURİYET;KAVAKLIDERE/1 SOKAK;sokak;636467640
NİĞDE;ULUKIŞLA;YENİYILDIZ - CUMHURİYET;KAVAKLIDERE/3 SOKAK;sokak;597850220
NİĞDE;ULUKIŞLA;YENİYILDIZ - CUMHURİYET;MEYDAN SOKAK;sokak;309504
NİĞDE;ULUKIŞLA;YENİYILDIZ - CUMHURİYET;UZUN SOKAK;sokak;455170
NİĞDE;ULUKIŞLA;YENİYILDIZ - KURTULUŞ;AKKAYA SOKAK;sokak;455171
NİĞDE;ULUKIŞLA;YENİYILDIZ - KURTULUŞ;AKKAYA/1 SOKAK;sokak;607027760
NİĞDE;ULUKIŞLA;YENİYILDIZ - KURTULUŞ;ÇIKMAZ SOKAK;sokak;315253891
NİĞDE;ULUKIŞLA;YENİYILDIZ - KURTULUŞ;ESKİ OKUL SOKAK;sokak;309822
NİĞDE;ULUKIŞLA;YENİYILDIZ - KURTULUŞ;ESKİ OKUL/1 SOKAK;sokak;615875070
NİĞDE;ULUKIŞLA;YENİYILDIZ - KURTULUŞ;İĞDELER SOKAK;sokak;480696
NİĞDE;ULUKIŞLA;YENİYILDIZ - KURTULUŞ;İSTASYON/1 SOKAK;sokak;999345150
NİĞDE;ULUKIŞLA;YENİYILDIZ - KURTULUŞ;İSTASYON/2 SOKAK;sokak;851148740
NİĞDE;ULUKIŞLA;YENİYILDIZ - KURTULUŞ;KARAÇAM SOKAK;sokak;309823
NİĞDE;ULUKIŞLA;YENİYILDIZ - KURTULUŞ;KARAÇAM/1 SOKAK;sokak;263367010
NİĞDE;ULUKIŞLA;YENİYILDIZ - KURTULUŞ;KARAÇAM/2 SOKAK;sokak;574815580
NİĞDE;ULUKIŞLA;YENİYILDIZ - KURTULUŞ;KARAÇAM/3 SOKAK;sokak;654945690
NİĞDE;ULUKIŞLA;YENİYILDIZ - KURTULUŞ;KAYRAK SOKAK;sokak;455172
NİĞDE;ULUKIŞLA;YENİYILDIZ - KURTULUŞ;KAYRAK/2 SOKAK;sokak;123700940
NİĞDE;ULUKIŞLA;YENİYILDIZ - KURTULUŞ;KAYRAK/4 SOKAK;sokak;410614090
NİĞDE;ULUKIŞLA;YENİYILDIZ - KURTULUŞ;MEYDAN SOKAK;sokak;927942881
