il;ilce;mahalle;cadde_sokak;tip;uavt_kodu
SİVAS;AKINCILAR;ABDURRAHMAN NA;ABDURRAHMAN KÜME EVLER;sokak;88576
SİVAS;AKINCILAR;ALTINTEPE;100 SOKAK;sokak;20639894
SİVAS;AKINCILAR;ALTINTEPE;11 SOKAK;sokak;20478673
SİVAS;AKINCILAR;ALTINTEPE;111 SOKAK;sokak;41894403
SİVAS;AKINCILAR;ALTINTEPE;113 SOKAK;sokak;70054614
SİVAS;AKINCILAR;ALTINTEPE;115 SOKAK;sokak;81532673
SİVAS;AKINCILAR;ALTINTEPE;116 SOKAK;sokak;128992741
SİVAS;AKINCILAR;ALTINTEPE;33 SOKAK;sokak;196405490
SİVAS;AKINCILAR;ALTINTEPE;44 SOKAK;sokak;483940760
SİVAS;AKINCILAR;ALTINTEPE;55 SOKAK;sokak;83983874
SİVAS;AKINCILAR;ALTINTEPE;66 SOKAK;sokak;94679743
SİVAS;AKINCILAR;ALTINTEPE;77 SOKAK;sokak;839977670
SİVAS;AKINCILAR;ALTINTEPE;88 SOKAK;sokak;16276396
SİVAS;AKINCILAR;ALTINTEPE;99 SOKAK;sokak;70098694
SİVAS;AKINCILAR;ALTINTEPE;ATATÜRK CADDE;cadde;91270074
SİVAS;AKINCILAR;ALTINTEPE;ŞENBAĞLAR YOLU CADDE;cadde;337038
SİVAS;AKINCILAR;ALTINTEPE;TOKAT ERZİNCAN BULVAR;sokak;307857600
SİVAS;AKINCILAR;AŞAĞIYENİKÖY - HAREMUŞAĞI;HAREMUŞAĞI KÜME EVLER;sokak;607035
SİVAS;AKINCILAR;AŞAĞIYENİKÖY NA;AŞAĞIYENİKÖY KÜME EVLER;sokak;607943
SİVAS;AKINCILAR;AVŞAR NA;AVŞAR KÜME EVLER;sokak;615452
SİVAS;AKINCILAR;BALÇIK - ÇÖRENGEÇ;ÇÖRENGEÇ KÜME EVLER;sokak;606573
SİVAS;AKINCILAR;BALÇIK NA;BALÇIK KÜME EVLER;sokak;607951
SİVAS;AKINCILAR;BALLIDERE - BULAK;BULAK KÜME EVLER;sokak;632830
SİVAS;AKINCILAR;BALLIDERE - TIRÇİK;TIRÇİK KÜME EVLER;sokak;629410
SİVAS;AKINCILAR;BALLIDERE NA;BALLIDERE KÜME EVLER;sokak;629425
SİVAS;AKINCILAR;CUMHURİYET;201 SOKAK;sokak;296583250
SİVAS;AKINCILAR;CUMHURİYET;202 SOKAK;sokak;295207070
SİVAS;AKINCILAR;CUMHURİYET;203 SOKAK;sokak;953406000
SİVAS;AKINCILAR;CUMHURİYET;204 SOKAK;sokak;311598580
SİVAS;AKINCILAR;CUMHURİYET;205 SOKAK;sokak;681418450
SİVAS;AKINCILAR;CUMHURİYET;206 SOKAK;sokak;961239140
SİVAS;AKINCILAR;CUMHURİYET;207 SOKAK;sokak;384915020
SİVAS;AKINCILAR;CUMHURİYET;208 SOKAK;sokak;440853710
SİVAS;AKINCILAR;CUMHURİYET;209 SOKAK;sokak;492985990
SİVAS;AKINCILAR;CUMHURİYET;210 SOKAK;sokak;303019560
SİVAS;AKINCILAR;CUMHURİYET;211 SOKAK;sokak;380922270
SİVAS;AKINCILAR;CUMHURİYET;212 SOKAK;sokak;241098370
SİVAS;AKINCILAR;CUMHURİYET;213 SOKAK;sokak;651248360
SİVAS;AKINCILAR;CUMHURİYET;214 SOKAK;sokak;917776311
SİVAS;AKINCILAR;CUMHURİYET;215 SOKAK;sokak;250371931
SİVAS;AKINCILAR;CUMHURİYET;216 SOKAK;sokak;469477501
SİVAS;AKINCILAR;CUMHURİYET;217 SOKAK;sokak;628846891
SİVAS;AKINCILAR;CUMHURİYET;218 SOKAK;sokak;186143391
SİVAS;AKINCILAR;CUMHURİYET;219 SOKAK;sokak;912195431
SİVAS;AKINCILAR;CUMHURİYET;220 SOKAK;sokak;503448371
SİVAS;AKINCILAR;CUMHURİYET;221 SOKAK;sokak;301595601
SİVAS;AKINCILAR;CUMHURİYET;CUMHURİYET CADDE;cadde;337039
SİVAS;AKINCILAR;CUMHURİYET;DUMAN SOKAK;sokak;470814
SİVAS;AKINCILAR;CUMHURİYET;FİKRET TEKİN- CADDE;cadde;337040
SİVAS;AKINCILAR;CUMHURİYET;GÖKMEN ÇİÇEK CADDE;cadde;1108811
SİVAS;AKINCILAR;CUMHURİYET;GÜMÜŞHANE SOKAK;sokak;612645
SİVAS;AKINCILAR;CUMHURİYET;HAL MEYDANI MEYDAN;sokak;676123
SİVAS;AKINCILAR;CUMHURİYET;HASPINAR SOKAK;sokak;337041
SİVAS;AKINCILAR;CUMHURİYET;HOCA AHMET YESEVİ CADDE;cadde;470815
SİVAS;AKINCILAR;CUMHURİYET;İKİZYURT YOLU SOKAK;sokak;961037830
SİVAS;AKINCILAR;CUMHURİYET;KAHRAMANLAR SOKAK;sokak;862881
SİVAS;AKINCILAR;CUMHURİYET;KANAL YOLU SOKAK;sokak;248285270
SİVAS;AKINCILAR;CUMHURİYET;MEYDAN SOKAK;sokak;337042
SİVAS;AKINCILAR;CUMHURİYET;ŞAHİNLER SOKAK;sokak;337044
SİVAS;AKINCILAR;CUMHURİYET;ŞEHİT ASTSUBAYKIDEMLİ BAŞÇAVUŞ ÖMER HALİSDEMİR CADDE;cadde;205194430
SİVAS;AKINCILAR;CUMHURİYET;TOKAT ERZİNCAN BULVAR;sokak;543956940
SİVAS;AKINCILAR;CUMHURİYET;YAKUT SOKAK;sokak;337043
SİVAS;AKINCILAR;CUMHURİYET;YEŞİLYURT SOKAK;sokak;617343
SİVAS;AKINCILAR;ÇİÇEKLİ NA;ÇİÇEKLİ KÜME EVLER;sokak;611168
SİVAS;AKINCILAR;DERECİK NA;DERECİK KÜME EVLER;sokak;599193
SİVAS;AKINCILAR;DOĞANTEPE NA;DOĞANTEPE KÜME EVLER;sokak;321572
SİVAS;AKINCILAR;DÜNDAR NA;DÜNDAR KÜME EVLER;sokak;605799
SİVAS;AKINCILAR;EKENEK NA;EKENEK KÜME EVLER;sokak;607015
SİVAS;AKINCILAR;ELİBÜYÜK NA;ELİBÜYÜK KÜME EVLER;sokak;614191
SİVAS;AKINCILAR;ESKİBAĞ NA;ESKİBAĞ KÜME EVLER;sokak;572086
SİVAS;AKINCILAR;GEYİKPINAR NA;GEYİKPINAR KÜME EVLER;sokak;608189
SİVAS;AKINCILAR;GÖLLÜCE NA;GÖLLÜCE KÜME EVLER;sokak;617737
SİVAS;AKINCILAR;GÖNEN;302 SOKAK;sokak;560147150
SİVAS;AKINCILAR;GÖNEN;304 SOKAK;sokak;962229140
SİVAS;AKINCILAR;GÖNEN;305 SOKAK;sokak;274282180
SİVAS;AKINCILAR;GÖNEN;306 SOKAK;sokak;970263220
SİVAS;AKINCILAR;GÖNEN;307 SOKAK;sokak;203989210
SİVAS;AKINCILAR;GÖNEN;308 SOKAK;sokak;621853760
SİVAS;AKINCILAR;GÖNEN;309 SOKAK;sokak;995307270
SİVAS;AKINCILAR;GÖNEN;310 SOKAK;sokak;102912500
SİVAS;AKINCILAR;GÖNEN;311 SOKAK;sokak;701727390
SİVAS;AKINCILAR;GÖNEN;312 SOKAK;sokak;1414637
SİVAS;AKINCILAR;GÖNEN;313 SOKAK;sokak;1414639
SİVAS;AKINCILAR;GÖNEN;314 SOKAK;sokak;1478435
SİVAS;AKINCILAR;GÖNEN;315 SOKAK;sokak;1505055
SİVAS;AKINCILAR;GÖNEN;316 SOKAK;sokak;1494697
SİVAS;AKINCILAR;GÖNEN;317 SOKAK;sokak;171129391
SİVAS;AKINCILAR;GÖNEN;318 SOKAK;sokak;269989631
SİVAS;AKINCILAR;GÖNEN;319 SOKAK;sokak;793553351
SİVAS;AKINCILAR;GÖNEN;320 SOKAK;sokak;467979241
SİVAS;AKINCILAR;GÖNEN;321 SOKAK;sokak;276707931
SİVAS;AKINCILAR;GÖNEN;322 SOKAK;sokak;740357421
SİVAS;AKINCILAR;GÖNEN;323 SOKAK;sokak;512032711
SİVAS;AKINCILAR;GÖNEN;324 SOKAK;sokak;617429791
SİVAS;AKINCILAR;GÖNEN;325 SOKAK;sokak;966051591
SİVAS;AKINCILAR;GÖNEN;326 SOKAK;sokak;285678321
SİVAS;AKINCILAR;GÖNEN;327 SOKAK;sokak;993253831
SİVAS;AKINCILAR;GÖNEN;ARSLANLAR KÜME EVLER;sokak;470816
SİVAS;AKINCILAR;GÖNEN;BİNALİ YILDIRIM CADDE;cadde;1108805
SİVAS;AKINCILAR;GÖNEN;COŞKUN SOKAK;sokak;337046
SİVAS;AKINCILAR;GÖNEN;FİKRET TEKİN CADDE;cadde;337047
SİVAS;AKINCILAR;GÖNEN;KELEŞ SOKAK;sokak;449844
SİVAS;AKINCILAR;GÖNEN;KIRAÇ KÖY KÜME EVLER;sokak;337048
SİVAS;AKINCILAR;GÖNEN;KİRAZ SOKAK;sokak;470818
SİVAS;AKINCILAR;GÖNEN;KUZU KÜME EVLER;sokak;337049
SİVAS;AKINCILAR;GÖNEN;MENEKŞE SOKAK;sokak;337050
SİVAS;AKINCILAR;GÖNEN;PAPATYA SOKAK;sokak;337051
SİVAS;AKINCILAR;GÖNEN;ŞEHİT JANDARMA UZMAN ÇAVUŞ ONUR ALKAN CADDE;cadde;337045
SİVAS;AKINCILAR;GÖNEN;TOKAT ERZİNCAN BULVAR;sokak;130083130
SİVAS;AKINCILAR;İKİZYURT;AZİZ KÜME EVLER;sokak;88614
SİVAS;AKINCILAR;İKİZYURT;İKİZYURT KÜME EVLER;sokak;616812
SİVAS;AKINCILAR;KAVAKKÖY NA;KAVAK KÜME EVLER;sokak;127244
SİVAS;AKINCILAR;KAYI NA;KAYI KÜME EVLER;sokak;598391
SİVAS;AKINCILAR;KILIÇ NA;KILIÇ KÜME EVLER;sokak;611996
SİVAS;AKINCILAR;ONARI NA;ONARI KÜME EVLER;sokak;607000
SİVAS;AKINCILAR;ORTAKÖY NA;ORTAKÖY KÜME EVLER;sokak;627749
SİVAS;AKINCILAR;SAPANLI NA;SAPANLI KÜME EVLER;sokak;622324
SİVAS;AKINCILAR;SEVİNDİK NA;SEVİNDİK KÜME EVLER;sokak;609248
SİVAS;AKINCILAR;SIYRINDI NA;SIYRINDI KÜME EVLER;sokak;626401
SİVAS;AKINCILAR;ŞENBAĞLAR NA;ŞENBAĞLAR KÜME EVLER;sokak;619549
SİVAS;AKINCILAR;UĞRUNCA NA;UĞRUNCA KÜME EVLER;sokak;628046
SİVAS;AKINCILAR;ÜZENGİ NA;ÜZENGİ KÜME EVLER;sokak;626711
SİVAS;AKINCILAR;YAĞLIÇAYIR NA;YAĞLIÇAYIR KÜME EVLER;sokak;596581
SİVAS;AKINCILAR;YAYLA;401 SOKAK;sokak;185736260
SİVAS;AKINCILAR;YAYLA;402 SOKAK;sokak;988908170
SİVAS;AKINCILAR;YAYLA;403 SOKAK;sokak;874780380
SİVAS;AKINCILAR;YAYLA;404 SOKAK;sokak;505710580
SİVAS;AKINCILAR;YAYLA;405 SOKAK;sokak;1515427
SİVAS;AKINCILAR;YAYLA;406 SOKAK;sokak;1515429
SİVAS;AKINCILAR;YAYLA;407 SOKAK;sokak;756362331
SİVAS;AKINCILAR;YAYLA;408 SOKAK;sokak;1515431
SİVAS;AKINCILAR;YAYLA;409 SOKAK;sokak;1515433
SİVAS;AKINCILAR;YAYLA;410 SOKAK;sokak;1515435
SİVAS;AKINCILAR;YAYLA;411 SOKAK;sokak;376313141
SİVAS;AKINCILAR;YAYLA;AHMET YILMAZ CADDE;cadde;337056
SİVAS;AKINCILAR;YAYLA;ARDIÇ SOKAK;sokak;470819
SİVAS;AKINCILAR;YAYLA;AZİZ AĞA SOKAK;sokak;337052
SİVAS;AKINCILAR;YAYLA;BÜTÜN SOKAK;sokak;337053
SİVAS;AKINCILAR;YAYLA;CAMİİ CADDE;cadde;470820
SİVAS;AKINCILAR;YAYLA;CAN SOKAK;sokak;337054
SİVAS;AKINCILAR;YAYLA;DİK SOKAK;sokak;337055
SİVAS;AKINCILAR;YAYLA;FİDAN SOKAK;sokak;288814310
SİVAS;AKINCILAR;YAYLA;GÜNGÖR ÇIKMAZI SOKAK;sokak;470821
SİVAS;AKINCILAR;YAYLA;KANAL YOLU SOKAK;sokak;461891141
SİVAS;AKINCILAR;YAYLA;KILIÇ SOKAK;sokak;337057
SİVAS;AKINCILAR;YAYLA;OCAK SOKAK;sokak;337058
SİVAS;AKINCILAR;YAYLA;ÖZEN SOKAK;sokak;470822
SİVAS;AKINCILAR;YAYLA;SÜMBÜL SOKAK;sokak;337059
SİVAS;AKINCILAR;YENİ;1. SANAYİ SOKAK;sokak;545871001
SİVAS;AKINCILAR;YENİ;2.SANAYİ SOKAK;sokak;978111521
SİVAS;AKINCILAR;YENİ;501 SOKAK;sokak;189775870
SİVAS;AKINCILAR;YENİ;502 SOKAK;sokak;199820730
SİVAS;AKINCILAR;YENİ;503 SOKAK;sokak;642732950
SİVAS;AKINCILAR;YENİ;504 SOKAK;sokak;685804220
SİVAS;AKINCILAR;YENİ;505 SOKAK;sokak;981481820
SİVAS;AKINCILAR;YENİ;506 SOKAK;sokak;147320770
SİVAS;AKINCILAR;YENİ;507 SOKAK;sokak;812716450
SİVAS;AKINCILAR;YENİ;508 SOKAK;sokak;307082911
SİVAS;AKINCILAR;YENİ;509 SOKAK;sokak;305284911
SİVAS;AKINCILAR;YENİ;510 SOKAK;sokak;224197741
SİVAS;AKINCILAR;YENİ;511 SOKAK;sokak;758007551
SİVAS;AKINCILAR;YENİ;512 SOKAK;sokak;704236521
SİVAS;AKINCILAR;YENİ;513 SOKAK;sokak;938979991
SİVAS;AKINCILAR;YENİ;515 SOKAK;sokak;637459961
SİVAS;AKINCILAR;YENİ;516 SOKAK;sokak;416912961
SİVAS;AKINCILAR;YENİ;CAMİ SOKAK;sokak;337061
SİVAS;AKINCILAR;YENİ;CUMHURİYET CADDE;cadde;470823
SİVAS;AKINCILAR;YENİ;DEĞİRMEN SOKAK;sokak;370216
SİVAS;AKINCILAR;YENİ;FİKRET TEKİN CADDE;cadde;337062
SİVAS;AKINCILAR;YENİ;İSMET YILMAZ CADDE;cadde;1108809
SİVAS;AKINCILAR;YENİ;KANAL YOLU SOKAK;sokak;616829930
SİVAS;AKINCILAR;YENİ;KUTLU SOKAK;sokak;337063
SİVAS;AKINCILAR;YENİ;SELVİ SOKAK;sokak;470824
SİVAS;AKINCILAR;YENİ;ŞEHİT JANDARMA UZMAN ÇAVUŞ ONUR ALKAN CADDE;cadde;337060
SİVAS;AKINCILAR;YENİ;ŞEN SOKAK;sokak;337065
SİVAS;AKINCILAR;YENİ;TOKAT ERZİNCAN BULVAR;sokak;585779581
SİVAS;AKINCILAR;YENİ;VEYSEL ÇAVUŞ SOKAK;sokak;337064
SİVAS;AKINCILAR;YEŞİLYAZI;208 SOKAK;sokak;367277660
SİVAS;AKINCILAR;YEŞİLYAZI;404 SOKAK;sokak;952682491
SİVAS;AKINCILAR;YEŞİLYAZI;601 SOKAK;sokak;227689150
SİVAS;AKINCILAR;YEŞİLYAZI;602 SOKAK;sokak;404423861
SİVAS;AKINCILAR;YEŞİLYAZI;603 SOKAK;sokak;187235510
SİVAS;AKINCILAR;YEŞİLYAZI;604 SOKAK;sokak;297451551
SİVAS;AKINCILAR;YEŞİLYAZI;605 SOKAK;sokak;665819681
SİVAS;AKINCILAR;YEŞİLYAZI;AHMET YILMAZ CADDE;cadde;470825
SİVAS;AKINCILAR;YEŞİLYAZI;CEVİZLİ SOKAK;sokak;370217
SİVAS;AKINCILAR;YEŞİLYAZI;ÇINAR SOKAK;sokak;719686
SİVAS;AKINCILAR;YEŞİLYAZI;ÇİFTÇİ SOKAK;sokak;336794
SİVAS;AKINCILAR;YEŞİLYAZI;DİK SOKAK;sokak;664402
SİVAS;AKINCILAR;YEŞİLYAZI;FİDAN SOKAK;sokak;337066
SİVAS;AKINCILAR;YEŞİLYAZI;KANAL YOLU SOKAK;sokak;229666750
SİVAS;AKINCILAR;YEŞİLYAZI;KIZILAY SOKAK;sokak;337067
SİVAS;AKINCILAR;YEŞİLYAZI;NOYAN SOKAK;sokak;336790
SİVAS;AKINCILAR;YEŞİLYAZI;OCAK SOKAK;sokak;336791
SİVAS;AKINCILAR;YEŞİLYAZI;OKUL SOKAK;sokak;336792
SİVAS;AKINCILAR;YEŞİLYAZI;ÖZEN SOKAK;sokak;336795
SİVAS;AKINCILAR;YEŞİLYAZI;SÖZCÜ SOKAK;sokak;336793
SİVAS;AKINCILAR;YEŞİLYAZI;ŞEHİT ASTSUBAYKIDEMLİ BAŞÇAVUŞ ÖMER HALİSDEMİR CADDE;cadde;336789
SİVAS;AKINCILAR;YEŞİLYAZI;TOKAT ERZİNCAN BULVAR;sokak;154721290
SİVAS;AKINCILAR;YUKARI;701 SOKAK;sokak;632993330
SİVAS;AKINCILAR;YUKARI;702 SOKAK;sokak;996115840
SİVAS;AKINCILAR;YUKARI;703 SOKAK;sokak;994388220
SİVAS;AKINCILAR;YUKARI;ALBAYRAK SOKAK;sokak;825367
SİVAS;AKINCILAR;YUKARI;FİKRET TEKİN CADDE;cadde;336797
SİVAS;AKINCILAR;YUKARI;HATİPOĞLU SOKAK;sokak;336798
SİVAS;AKINCILAR;YUKARI;İZMİR SOKAK;sokak;336802
SİVAS;AKINCILAR;YUKARI;KİRAZ SOKAK;sokak;336799
SİVAS;AKINCILAR;YUKARI;MUTLU SOKAK;sokak;336800
SİVAS;AKINCILAR;YUKARI;SARIYAR SOKAK;sokak;102455
SİVAS;AKINCILAR;YUKARI;YENİ ŞEHİR SOKAK;sokak;336801
SİVAS;AKINCILAR;YUKARISARICA NA;YUKARISARICA KÜME EVLER;sokak;615884
SİVAS;AKINCILAR;YUSUFŞEYH NA;YUSUFŞEYH KÜME EVLER;sokak;589708
SİVAS;AKINCILAR;YÜNLÜCE NA;YÜNLÜCE KÜME EVLER;sokak;596598
SİVAS;ALTINYAYLA;ALTINYURT;HARMANDALI GRUP KÖY YOLU1 SOKAK;sokak;636083191
SİVAS;ALTINYAYLA;ALTINYURT;MERKEZ KÜME EVLER;sokak;615806
SİVAS;ALTINYAYLA;ALTINYURT;MUTUBEY KÖY YOLU SOKAK;sokak;507012340
SİVAS;ALTINYAYLA;ALTINYURT;ŞEKERPINARI SOKAK;sokak;1376589
SİVAS;ALTINYAYLA;ALTINYURT;TCK DEVLET YOLU BULVAR;sokak;278315440
SİVAS;ALTINYAYLA;AYDIN;20 MAYIS CADDE;cadde;336803
SİVAS;ALTINYAYLA;AYDIN;AKBULUTLAR CADDE;cadde;157852
SİVAS;ALTINYAYLA;AYDIN;AKİF SOKAK;sokak;684564
SİVAS;ALTINYAYLA;AYDIN;AYDIN 30 SOKAK;sokak;322032751
SİVAS;ALTINYAYLA;AYDIN;AYDIN YENİYOL12 SOKAK;sokak;674075101
SİVAS;ALTINYAYLA;AYDIN;FEVZİ ÇAKMAK CADDE;cadde;336806
SİVAS;ALTINYAYLA;AYDIN;GÜNEŞ SOKAK;sokak;677077
SİVAS;ALTINYAYLA;AYDIN;KAHRAMANLAR CADDE;cadde;683775
SİVAS;ALTINYAYLA;AYDIN;KALE YÜZÜ SOKAK;sokak;336808
SİVAS;ALTINYAYLA;AYDIN;PINAR SOKAK;sokak;686777
SİVAS;ALTINYAYLA;AYDIN;ŞENLİK 1 SOKAK;sokak;718350600
SİVAS;ALTINYAYLA;AYDIN;ŞENLİK SOKAK;sokak;679188
SİVAS;ALTINYAYLA;AYDIN;TALİBİ COŞKUN CADDE;cadde;681468
SİVAS;ALTINYAYLA;AYDIN;TCK DEVLET YOLU BULVAR;sokak;267633261
SİVAS;ALTINYAYLA;AYDIN;YENI YOL AYDIN 10 SOKAK;sokak;806526471
SİVAS;ALTINYAYLA;AYDIN;YENI YOL AYDIN 11 SOKAK;sokak;293876101
SİVAS;ALTINYAYLA;AYDIN;YENI YOL AYDIN 12 SOKAK;sokak;735565990
SİVAS;ALTINYAYLA;AYDIN;YENI YOL AYDIN 13 SOKAK;sokak;739272041
SİVAS;ALTINYAYLA;AYDIN;YENI YOL AYDIN 14 SOKAK;sokak;518726200
SİVAS;ALTINYAYLA;AYDIN;YENI YOL AYDIN 15 SOKAK;sokak;704767181
SİVAS;ALTINYAYLA;AYDIN;YENI YOL AYDIN 17 SOKAK;sokak;667620220
SİVAS;ALTINYAYLA;AYDIN;YENI YOL AYDIN 18 SOKAK;sokak;714456050
SİVAS;ALTINYAYLA;AYDIN;YENI YOL AYDIN 2 SOKAK;sokak;483868250
SİVAS;ALTINYAYLA;AYDIN;YENI YOL AYDIN 20 SOKAK;sokak;509361600
SİVAS;ALTINYAYLA;AYDIN;YENI YOL AYDIN 21 SOKAK;sokak;490933390
SİVAS;ALTINYAYLA;AYDIN;YENI YOL AYDIN 22 SOKAK;sokak;339487610
SİVAS;ALTINYAYLA;AYDIN;YENI YOL AYDIN 23 SOKAK;sokak;673939181
SİVAS;ALTINYAYLA;AYDIN;YENI YOL AYDIN 24 SOKAK;sokak;152177140
SİVAS;ALTINYAYLA;AYDIN;YENI YOL AYDIN 25 SOKAK;sokak;789247921
SİVAS;ALTINYAYLA;AYDIN;YENI YOL AYDIN 26 SOKAK;sokak;678347881
SİVAS;ALTINYAYLA;AYDIN;YENI YOL AYDIN 27 SOKAK;sokak;799997771
SİVAS;ALTINYAYLA;AYDIN;YENI YOL AYDIN 29 SOKAK;sokak;789523221
SİVAS;ALTINYAYLA;AYDIN;YENI YOL AYDIN 31 SOKAK;sokak;495488451
SİVAS;ALTINYAYLA;AYDIN;YENI YOL AYDIN 32 SOKAK;sokak;833809070
SİVAS;ALTINYAYLA;AYDIN;YENI YOL AYDIN 33 SOKAK;sokak;510113281
SİVAS;ALTINYAYLA;AYDIN;YENI YOL AYDIN 5 SOKAK;sokak;627978081
SİVAS;ALTINYAYLA;AYDIN;YENI YOL AYDIN 6 SOKAK;sokak;363934291
SİVAS;ALTINYAYLA;AYDIN;YENI YOL AYDIN 7 SOKAK;sokak;636628520
SİVAS;ALTINYAYLA;AYDIN;YENI YOL AYDIN 8 SOKAK;sokak;280033171
SİVAS;ALTINYAYLA;AYDIN;YENI YOL AYDIN 9 SOKAK;sokak;658382371
SİVAS;ALTINYAYLA;AYDIN;YENİ YOL 12 AYDIN SOKAK;sokak;900919841
SİVAS;ALTINYAYLA;AYDIN;YENİ YOL 13 AYDIN SOKAK;sokak;490259191
SİVAS;ALTINYAYLA;AYDIN;YENİ YOL 9 AYDIN SOKAK;sokak;560066531
SİVAS;ALTINYAYLA;AYDIN;YENİ YOL AYDIN 1 SOKAK;sokak;307314911
SİVAS;ALTINYAYLA;AYDIN;YENİ YOL AYDIN 11 SOKAK;sokak;689684450
SİVAS;ALTINYAYLA;AYDIN;YENİ YOL AYDIN 16 SOKAK;sokak;422895041
SİVAS;ALTINYAYLA;AYDIN;YENİ YOL AYDIN 19 SOKAK;sokak;897781951
SİVAS;ALTINYAYLA;AYDIN;YENİ YOL AYDIN 28 SOKAK;sokak;635357691
SİVAS;ALTINYAYLA;AYDIN;YENİ YOL AYDIN 3 SOKAK;sokak;400965210
SİVAS;ALTINYAYLA;AYDIN;YENİ YOL AYDIN 4 SOKAK;sokak;885434670
SİVAS;ALTINYAYLA;AYDIN;YENİYOL36 ALTINYAYLA SOKAK;sokak;181987960
SİVAS;ALTINYAYLA;BAŞYAYLA NA;BAŞYAYLA KÜME EVLER;sokak;583550
SİVAS;ALTINYAYLA;BAYINDIR - BAYINDIR;BAYINDIR KÜME EVLER;sokak;521755
SİVAS;ALTINYAYLA;DELİİLYAS - BAŞÖREN;15-1. KÜME EVLER;sokak;529992
SİVAS;ALTINYAYLA;DELİİLYAS - BAŞÖREN;İL YOLU BULVAR;sokak;227595671
SİVAS;ALTINYAYLA;DELİİLYAS - GAZİOSMANPAŞA;GAZİOSMANPAŞA KÜME EVLER;sokak;601001
SİVAS;ALTINYAYLA;DELİİLYAS - GAZİOSMANPAŞA;İL YOLU BULVAR;sokak;318847521
SİVAS;ALTINYAYLA;DELİİLYAS - MERKEZ;CUMHURİYET CADDE;cadde;337146
SİVAS;ALTINYAYLA;DELİİLYAS - MERKEZ;ÇAYIRAĞZI KÜME EVLER;sokak;599166
SİVAS;ALTINYAYLA;DELİİLYAS - MERKEZ;ESKİMEZARLIK KÜME EVLER;sokak;120339
SİVAS;ALTINYAYLA;DELİİLYAS - MERKEZ;İL YOLU BULVAR;sokak;291026621
SİVAS;ALTINYAYLA;DELİİLYAS - MERKEZ;İNÖNÜ CADDE;cadde;477938
SİVAS;ALTINYAYLA;DELİİLYAS - MERKEZ;MERKEZ YENİYOL 22 SOKAK;sokak;416618931
SİVAS;ALTINYAYLA;DELİİLYAS - MERKEZ;MERKEZ YENİYOL1 SOKAK;sokak;410933110
SİVAS;ALTINYAYLA;DELİİLYAS - MERKEZ;MERKEZ YENİYOL10 SOKAK;sokak;319710051
SİVAS;ALTINYAYLA;DELİİLYAS - MERKEZ;MERKEZ YENİYOL11 SOKAK;sokak;582318871
SİVAS;ALTINYAYLA;DELİİLYAS - MERKEZ;MERKEZ YENİYOL12 SOKAK;sokak;701423280
SİVAS;ALTINYAYLA;DELİİLYAS - MERKEZ;MERKEZ YENİYOL13 SOKAK;sokak;703805551
SİVAS;ALTINYAYLA;DELİİLYAS - MERKEZ;MERKEZ YENİYOL14 SOKAK;sokak;312269881
SİVAS;ALTINYAYLA;DELİİLYAS - MERKEZ;MERKEZ YENİYOL15 SOKAK;sokak;747600830
SİVAS;ALTINYAYLA;DELİİLYAS - MERKEZ;MERKEZ YENİYOL17 SOKAK;sokak;241572400
SİVAS;ALTINYAYLA;DELİİLYAS - MERKEZ;MERKEZ YENİYOL18 SOKAK;sokak;652932011
SİVAS;ALTINYAYLA;DELİİLYAS - MERKEZ;MERKEZ YENİYOL19 SOKAK;sokak;165678691
SİVAS;ALTINYAYLA;DELİİLYAS - MERKEZ;MERKEZ YENİYOL2 SOKAK;sokak;834544961
SİVAS;ALTINYAYLA;DELİİLYAS - MERKEZ;MERKEZ YENİYOL20 SOKAK;sokak;738567751
SİVAS;ALTINYAYLA;DELİİLYAS - MERKEZ;MERKEZ YENİYOL21 SOKAK;sokak;204611250
SİVAS;ALTINYAYLA;DELİİLYAS - MERKEZ;MERKEZ YENİYOL23 SOKAK;sokak;329980071
SİVAS;ALTINYAYLA;DELİİLYAS - MERKEZ;MERKEZ YENİYOL24 SOKAK;sokak;655861661
SİVAS;ALTINYAYLA;DELİİLYAS - MERKEZ;MERKEZ YENİYOL3 SOKAK;sokak;468814540
SİVAS;ALTINYAYLA;DELİİLYAS - MERKEZ;MERKEZ YENİYOL4 SOKAK;sokak;844472751
SİVAS;ALTINYAYLA;DELİİLYAS - MERKEZ;MERKEZ YENİYOL5 SOKAK;sokak;948571090
SİVAS;ALTINYAYLA;DELİİLYAS - MERKEZ;MERKEZ YENİYOL6 SOKAK;sokak;414564430
SİVAS;ALTINYAYLA;DELİİLYAS - MERKEZ;MERKEZ YENİYOL7 SOKAK;sokak;184863321
SİVAS;ALTINYAYLA;DELİİLYAS - MERKEZ;MERKEZ YENİYOL8 SOKAK;sokak;803596070
SİVAS;ALTINYAYLA;DELİİLYAS - MERKEZ;MERKEZ YENİYOL9 SOKAK;sokak;504779830
SİVAS;ALTINYAYLA;DELİİLYAS - MERKEZ;MÜLKETTEPE KÜME EVLER;sokak;477936
SİVAS;ALTINYAYLA;DELİİLYAS - MERKEZ;SETKENARI KÜME EVLER;sokak;596674
SİVAS;ALTINYAYLA;DELİİLYAS - MERKEZ;VELİ DARICI SOKAK;sokak;337149
SİVAS;ALTINYAYLA;DELİİLYAS - MERKEZ;YENİ CADDE;cadde;477937
SİVAS;ALTINYAYLA;DELİİLYAS - MERKEZ;YUKARIPINAR KÜME EVLER;sokak;286763
SİVAS;ALTINYAYLA;DELİİLYAS - MERKEZ;ZİYARETTEPESİ KÜME EVLER;sokak;599229
SİVAS;ALTINYAYLA;DELİİLYAS - SERİNYAYLA;SERİNYAYLA KÜME EVLER;sokak;575437
SİVAS;ALTINYAYLA;DELİİLYAS - YASSIPINAR;16-1. KÜME EVLER;sokak;523297
SİVAS;ALTINYAYLA;DELİİLYAS - YEŞİLYURT;BOTAŞ TİFLİS CEYHAN KÜME EVLER;sokak;627327
SİVAS;ALTINYAYLA;DELİİLYAS - YEŞİLYURT;JANDARMA KÜME EVLER;sokak;626902
SİVAS;ALTINYAYLA;DELİİLYAS - YEŞİLYURT;YEŞİYURT KÜME EVLER;sokak;160277
SİVAS;ALTINYAYLA;DOĞUPINAR NA;DOĞUPINAR KÜME EVLER;sokak;535923
SİVAS;ALTINYAYLA;GÜMÜŞDİĞİN NA;GÜMÜŞDİĞİN KÜME EVLER;sokak;517702
SİVAS;ALTINYAYLA;GÜZELOĞLAN;GÜMÜŞGIDIĞIN KÖY BAĞLANTI YOLU SOKAK;sokak;893622551
SİVAS;ALTINYAYLA;GÜZELOĞLAN;GÜZELOĞLAN KÜME EVLER;sokak;531212
SİVAS;ALTINYAYLA;GÜZELOĞLAN;GÜZELOĞLAN YENİYOL1 SOKAK;sokak;849740621
SİVAS;ALTINYAYLA;GÜZELOĞLAN;GÜZELOĞLAN YENİYOL10 SOKAK;sokak;547189450
SİVAS;ALTINYAYLA;GÜZELOĞLAN;GÜZELOĞLAN YENİYOL11 SOKAK;sokak;761586581
SİVAS;ALTINYAYLA;GÜZELOĞLAN;GÜZELOĞLAN YENİYOL12 SOKAK;sokak;154198720
SİVAS;ALTINYAYLA;GÜZELOĞLAN;GÜZELOĞLAN YENİYOL13 SOKAK;sokak;153378681
SİVAS;ALTINYAYLA;GÜZELOĞLAN;GÜZELOĞLAN YENİYOL14 SOKAK;sokak;591658031
SİVAS;ALTINYAYLA;GÜZELOĞLAN;GÜZELOĞLAN YENİYOL15 SOKAK;sokak;201726720
SİVAS;ALTINYAYLA;GÜZELOĞLAN;GÜZELOĞLAN YENİYOL16 SOKAK;sokak;247010210
SİVAS;ALTINYAYLA;GÜZELOĞLAN;GÜZELOĞLAN YENİYOL2 SOKAK;sokak;710411071
SİVAS;ALTINYAYLA;GÜZELOĞLAN;GÜZELOĞLAN YENİYOL3 SOKAK;sokak;263153900
SİVAS;ALTINYAYLA;GÜZELOĞLAN;GÜZELOĞLAN YENİYOL4 SOKAK;sokak;407414150
SİVAS;ALTINYAYLA;GÜZELOĞLAN;GÜZELOĞLAN YENİYOL5 SOKAK;sokak;880146591
SİVAS;ALTINYAYLA;GÜZELOĞLAN;GÜZELOĞLAN YENİYOL6 SOKAK;sokak;738969531
SİVAS;ALTINYAYLA;GÜZELOĞLAN;GÜZELOĞLAN YENİYOL7 SOKAK;sokak;834654271
SİVAS;ALTINYAYLA;GÜZELOĞLAN;GÜZELOĞLAN YENİYOL8 SOKAK;sokak;352056811
SİVAS;ALTINYAYLA;GÜZELOĞLAN;GÜZELOĞLAN YENİYOL9 SOKAK;sokak;716886831
SİVAS;ALTINYAYLA;GÜZELOĞLAN;HARMANDALI GRUP KÖY YOLU SOKAK;sokak;840089520
SİVAS;ALTINYAYLA;HARMANDALI NA;HARMANDALI KÜME EVLER;sokak;614691
SİVAS;ALTINYAYLA;KALE;5 OCAK SOKAK;sokak;395830
SİVAS;ALTINYAYLA;KALE;ATATÜRK CADDE;cadde;366651
SİVAS;ALTINYAYLA;KALE;ATATÜRK MURAT DOĞAN CADDE;cadde;104115
SİVAS;ALTINYAYLA;KALE;CUMHURİYET CADDE;cadde;638835
SİVAS;ALTINYAYLA;KALE;İNCİ SOKAK;sokak;328872
SİVAS;ALTINYAYLA;KALE;KALAE YENİ YOL 27 SOKAK;sokak;566451951
SİVAS;ALTINYAYLA;KALE;KALE YENİ YOL 26 SOKAK;sokak;249457921
SİVAS;ALTINYAYLA;KALE;KALEYENİYOL1 SOKAK;sokak;362670601
SİVAS;ALTINYAYLA;KALE;KALEYENİYOL10 SOKAK;sokak;393320361
SİVAS;ALTINYAYLA;KALE;KALEYENİYOL12 SOKAK;sokak;325184661
SİVAS;ALTINYAYLA;KALE;KALEYENİYOL13 SOKAK;sokak;341106681
SİVAS;ALTINYAYLA;KALE;KALEYENİYOL14 SOKAK;sokak;301071301
SİVAS;ALTINYAYLA;KALE;KALEYENİYOL15 SOKAK;sokak;712499320
SİVAS;ALTINYAYLA;KALE;KALEYENİYOL16 SOKAK;sokak;179381840
SİVAS;ALTINYAYLA;KALE;KALEYENİYOL17 SOKAK;sokak;229465781
SİVAS;ALTINYAYLA;KALE;KALEYENİYOL19 SOKAK;sokak;293365180
SİVAS;ALTINYAYLA;KALE;KALEYENİYOL2 SOKAK;sokak;328976880
SİVAS;ALTINYAYLA;KALE;KALEYENİYOL20 SOKAK;sokak;685206831
SİVAS;ALTINYAYLA;KALE;KALEYENİYOL21 SOKAK;sokak;156611350
SİVAS;ALTINYAYLA;KALE;KALEYENİYOL22 SOKAK;sokak;103734391
SİVAS;ALTINYAYLA;KALE;KALEYENİYOL23 SOKAK;sokak;473350210
SİVAS;ALTINYAYLA;KALE;KALEYENİYOL25 SOKAK;sokak;330585380
SİVAS;ALTINYAYLA;KALE;KALEYENİYOL26 SOKAK;sokak;116756910
SİVAS;ALTINYAYLA;KALE;KALEYENİYOL28 SOKAK;sokak;491008780
SİVAS;ALTINYAYLA;KALE;KALEYENİYOL29 SOKAK;sokak;326360781
SİVAS;ALTINYAYLA;KALE;KALEYENİYOL3 SOKAK;sokak;190526041
SİVAS;ALTINYAYLA;KALE;KALEYENİYOL4 SOKAK;sokak;321991190
SİVAS;ALTINYAYLA;KALE;KALEYENİYOL5 SOKAK;sokak;273148060
SİVAS;ALTINYAYLA;KALE;KALEYENİYOL6 SOKAK;sokak;520320591
SİVAS;ALTINYAYLA;KALE;KALEYENİYOL7 SOKAK;sokak;405546280
SİVAS;ALTINYAYLA;KALE;KALEYENİYOL8 SOKAK;sokak;204916431
SİVAS;ALTINYAYLA;KALE;KALEYENİYOL9 SOKAK;sokak;612780731
SİVAS;ALTINYAYLA;KALE;KARANFİL MURAT DOĞAN SOKAK;sokak;674944
SİVAS;ALTINYAYLA;KALE;KARANFİL SOKAK;sokak;217373
SİVAS;ALTINYAYLA;KALE;KENAR MURAT DOĞAN SOKAK;sokak;682837
SİVAS;ALTINYAYLA;KALE;KENAR SOKAK;sokak;328871
SİVAS;ALTINYAYLA;KALE;KUMLU SOKAK;sokak;83457
SİVAS;ALTINYAYLA;KALE;MENEKŞE SOKAK;sokak;671935
SİVAS;ALTINYAYLA;KALE;MİMAR SİNAN CADDE;cadde;321730
SİVAS;ALTINYAYLA;KALE;MİMAR SİNAN MURAT DOĞAN CADDE;cadde;242627
SİVAS;ALTINYAYLA;KALE;ORTA OLUK MURAT DOĞAN SOKAK;sokak;675464
SİVAS;ALTINYAYLA;KALE;ORTA OLUK SOKAK;sokak;680426
SİVAS;ALTINYAYLA;KALE;TOPRAKKALE CADDE;cadde;673383
SİVAS;ALTINYAYLA;KALE;TOPRAKKALE MURAT DOĞAN CADDE;cadde;687026
SİVAS;ALTINYAYLA;KALE;ÜÇPINAR SOKAK;sokak;328869
SİVAS;ALTINYAYLA;KALE;YENİYOL55 ALTINYAYLA SOKAK;sokak;870172160
SİVAS;ALTINYAYLA;KALE;YENİYOL56 ALTINYAYLA SOKAK;sokak;142684110
SİVAS;ALTINYAYLA;KALE;YENİYOL57 ALTINYAYLA SOKAK;sokak;337345340
SİVAS;ALTINYAYLA;KALE;YENİYOL58 ALTINYAYLA SOKAK;sokak;700791160
SİVAS;ALTINYAYLA;KALE;YENİYOL78 ALTINYAYLA SOKAK;sokak;437259771
SİVAS;ALTINYAYLA;KALE;YENİYOL79 ALTINYAYLA SOKAK;sokak;408282200
SİVAS;ALTINYAYLA;KALE;YENİYOL80 ALTINYAYLA SOKAK;sokak;197454620
SİVAS;ALTINYAYLA;KALE;YENİYOL81 ALTINYAYLA SOKAK;sokak;277696860
SİVAS;ALTINYAYLA;KALE;YENİYOL88 ALTINYAYLA SOKAK;sokak;897930381
SİVAS;ALTINYAYLA;KIZILHÜYÜK NA;KIZILHÜYÜK KÜME EVLER;sokak;530003
SİVAS;ALTINYAYLA;MUTUBEY NA;MUTUBEY KÜME EVLER;sokak;529233
SİVAS;ALTINYAYLA;PAŞAKÖY NA;PAŞAKÖY KÜME EVLER;sokak;527404
SİVAS;ALTINYAYLA;RIFAT ÖÇTEN;20 MAYIS CADDE;cadde;635110
SİVAS;ALTINYAYLA;RIFAT ÖÇTEN;AKBULUTLAR CADDE;cadde;594287
SİVAS;ALTINYAYLA;RIFAT ÖÇTEN;ALTUN SOKAK;sokak;671028
SİVAS;ALTINYAYLA;RIFAT ÖÇTEN;CUMHURİYET CADDE;cadde;37906
SİVAS;ALTINYAYLA;RIFAT ÖÇTEN;FEVZİ ÇAKMAK CADDE;cadde;659202
SİVAS;ALTINYAYLA;RIFAT ÖÇTEN;KAHRAMANLAR CADDE;cadde;665778
SİVAS;ALTINYAYLA;RIFAT ÖÇTEN;KALE 1 SOKAK;sokak;186667840
SİVAS;ALTINYAYLA;RIFAT ÖÇTEN;KALE SOKAK;sokak;673091
SİVAS;ALTINYAYLA;RIFAT ÖÇTEN;KARTALLAR SOKAK;sokak;665821
SİVAS;ALTINYAYLA;RIFAT ÖÇTEN;KAZIM KARABEKİR 1 SOKAK;sokak;878824601
SİVAS;ALTINYAYLA;RIFAT ÖÇTEN;KAZIM KARABEKİR SOKAK;sokak;672787
SİVAS;ALTINYAYLA;RIFAT ÖÇTEN;MANOLYA SOKAK;sokak;667537
SİVAS;ALTINYAYLA;RIFAT ÖÇTEN;MEHMET AKİF ERSOY CADDE;cadde;685791
SİVAS;ALTINYAYLA;RIFAT ÖÇTEN;RICAT ÖÇTEN YENİYOL17 SOKAK;sokak;244124880
SİVAS;ALTINYAYLA;RIFAT ÖÇTEN;RIFAT ÖÇTEN YENİYOL15 SOKAK;sokak;418554791
SİVAS;ALTINYAYLA;RIFAT ÖÇTEN;RIFAT ÖÇTEN YENİYOL16 SOKAK;sokak;946186341
SİVAS;ALTINYAYLA;RIFAT ÖÇTEN;RIFAT ÖÇTEN YENİYOL18 SOKAK;sokak;810872311
SİVAS;ALTINYAYLA;RIFAT ÖÇTEN;RIFAT ÖÇTEN YENİYOL19 SOKAK;sokak;464877240
SİVAS;ALTINYAYLA;RIFAT ÖÇTEN;RIFAT ÖÇTEN YENİYOL20 SOKAK;sokak;764391650
SİVAS;ALTINYAYLA;RIFAT ÖÇTEN;RIFATÖÇTEN YENİTOL17 SOKAK;sokak;223699531
SİVAS;ALTINYAYLA;RIFAT ÖÇTEN;SEÇKİN SOKAK;sokak;83557
SİVAS;ALTINYAYLA;RIFAT ÖÇTEN;TALİBİ COŞKUN CADDE;cadde;682955
SİVAS;ALTINYAYLA;RIFAT ÖÇTEN;YENI YOL AYDIN 27 SOKAK;sokak;799997770
SİVAS;ALTINYAYLA;RIFAT ÖÇTEN;YENİ YOL 1 RIFAT ÖÇTEN SOKAK;sokak;662586580
SİVAS;ALTINYAYLA;RIFAT ÖÇTEN;YENİ YOL 2 RIFAT ÖÇTEN SOKAK;sokak;938394390
SİVAS;ALTINYAYLA;RIFAT ÖÇTEN;YENİ YOL 3 RIFAT ÖÇTEN SOKAK;sokak;191579321
SİVAS;ALTINYAYLA;RIFAT ÖÇTEN;YENİYOL20 ALTINYAYLA SOKAK;sokak;927571371
SİVAS;ALTINYAYLA;RIFAT ÖÇTEN;YENİYOL21 ALTINYAYLA SOKAK;sokak;235898150
SİVAS;ALTINYAYLA;RIFAT ÖÇTEN;YENİYOL23 ALTINYAYLA SOKAK;sokak;267985951
SİVAS;ALTINYAYLA;RIFAT ÖÇTEN;YENİYOL25 ALTINYAYLA SOKAK;sokak;119396670
SİVAS;ALTINYAYLA;RIFAT ÖÇTEN;YENİYOL26 ALTINYAYLA SOKAK;sokak;781972170
SİVAS;ALTINYAYLA;RIFAT ÖÇTEN;YENİYOL27 ALTINYAYLA SOKAK;sokak;842987281
SİVAS;ALTINYAYLA;RIFAT ÖÇTEN;YENİYOL28 ALTINYAYLA SOKAK;sokak;512212991
SİVAS;ALTINYAYLA;RIFAT ÖÇTEN;YENİYOL29 ALTINYAYLA SOKAK;sokak;266797120
SİVAS;ALTINYAYLA;RIFAT ÖÇTEN;YENİYOL30 ALTINYAYLA SOKAK;sokak;453200091
SİVAS;ALTINYAYLA;RIFAT ÖÇTEN;YENİYOL31 ALTINYAYLA SOKAK;sokak;532167921
SİVAS;ALTINYAYLA;RIFAT ÖÇTEN;YENİYOL32 ALTINYAYLA SOKAK;sokak;225263391
SİVAS;ALTINYAYLA;RIFAT ÖÇTEN;YENİYOL33 ALTINYAYLA SOKAK;sokak;669028751
SİVAS;ALTINYAYLA;RIFAT ÖÇTEN;YENİYOL36 ALTINYAYLA SOKAK;sokak;181987961
SİVAS;ALTINYAYLA;RIFAT ÖÇTEN;YENİYOL37 ALTINYAYLA SOKAK;sokak;928490740
SİVAS;ALTINYAYLA;RIFAT ÖÇTEN;YENİYOL38 ALTINYAYLA SOKAK;sokak;323137440
SİVAS;ALTINYAYLA;RIFAT ÖÇTEN;YENİYOL39 ALTINYAYLA SOKAK;sokak;638371241
SİVAS;ALTINYAYLA;RIFAT ÖÇTEN;YENİYOL40 ALTINYAYLA SOKAK;sokak;253713290
SİVAS;ALTINYAYLA;RIFAT ÖÇTEN;YENİYOL42 ALTINYAYLA SOKAK;sokak;372103820
SİVAS;ALTINYAYLA;RIFAT ÖÇTEN;YENİYOL43 ALTINYAYLA SOKAK;sokak;136203070
SİVAS;ALTINYAYLA;RIFAT ÖÇTEN;YENİYOL45 ALTINYAYLA SOKAK;sokak;683959531
SİVAS;ALTINYAYLA;RIFAT ÖÇTEN;YENİYOL46 ALTINYAYLA SOKAK;sokak;696368921
SİVAS;ALTINYAYLA;RIFAT ÖÇTEN;YENİYOL48 ALTINYAYLA SOKAK;sokak;812329770
SİVAS;ALTINYAYLA;RIFAT ÖÇTEN;YENİYOL49 ALTINYAYLA SOKAK;sokak;809833150
SİVAS;ALTINYAYLA;RIFAT ÖÇTEN;YENİYOL50 ALTINYAYLA SOKAK;sokak;772499511
SİVAS;ALTINYAYLA;RIFAT ÖÇTEN;YENİYOL60 ALTINYAYLA SOKAK;sokak;717960640
SİVAS;ALTINYAYLA;RIFAT ÖÇTEN;YENİYOLRIFATÖÇTEN1 SOKAK;sokak;792590160
SİVAS;ALTINYAYLA;ŞAFAK;20 MAYIS CADDE;cadde;336812
SİVAS;ALTINYAYLA;ŞAFAK;AKAR SOKAK;sokak;682950
SİVAS;ALTINYAYLA;ŞAFAK;AŞAĞI İBİCEK MEZRASI 1. KÜME EVLER;sokak;336814
SİVAS;ALTINYAYLA;ŞAFAK;CUMHURİYET CADDE;cadde;644686
SİVAS;ALTINYAYLA;ŞAFAK;FATİH CADDE;cadde;670183
SİVAS;ALTINYAYLA;ŞAFAK;SÜMBÜL SOKAK;sokak;78863
SİVAS;ALTINYAYLA;ŞAFAK;ŞAFAK YENİ YOL6 SOKAK;sokak;947023211
SİVAS;ALTINYAYLA;ŞAFAK;ŞAFAK YENİYOL1 SOKAK;sokak;509798971
SİVAS;ALTINYAYLA;ŞAFAK;ŞAFAK YENİYOL10 SOKAK;sokak;903851050
SİVAS;ALTINYAYLA;ŞAFAK;ŞAFAK YENİYOL11 SOKAK;sokak;489871680
SİVAS;ALTINYAYLA;ŞAFAK;ŞAFAK YENİYOL12 SOKAK;sokak;726129140
SİVAS;ALTINYAYLA;ŞAFAK;ŞAFAK YENİYOL13 SOKAK;sokak;909580830
SİVAS;ALTINYAYLA;ŞAFAK;ŞAFAK YENİYOL2 SOKAK;sokak;179948150
SİVAS;ALTINYAYLA;ŞAFAK;ŞAFAK YENİYOL3 SOKAK;sokak;340072290
SİVAS;ALTINYAYLA;ŞAFAK;ŞAFAK YENİYOL4 SOKAK;sokak;357760790
SİVAS;ALTINYAYLA;ŞAFAK;ŞAFAK YENİYOL5 SOKAK;sokak;600505560
SİVAS;ALTINYAYLA;ŞAFAK;ŞAFAK YENİYOL6 SOKAK;sokak;753029501
SİVAS;ALTINYAYLA;ŞAFAK;ŞAFAK YENİYOL7 SOKAK;sokak;909441090
SİVAS;ALTINYAYLA;ŞAFAK;ŞAFAK YENİYOL9 SOKAK;sokak;454938060
SİVAS;ALTINYAYLA;ŞAFAK;TALİBİ COŞKUN CADDE;cadde;690502
SİVAS;ALTINYAYLA;ŞAFAK;TCK DEVLET YOLU BULVAR;sokak;267633260
SİVAS;ALTINYAYLA;ŞAFAK;YENİYOL43 ALTINYAYLA SOKAK;sokak;136203071
SİVAS;ALTINYAYLA;ŞAFAK;YENİYOL6 ALTINYAYLA SOKAK;sokak;391079410
SİVAS;ALTINYAYLA;ŞAFAK;YENİYOL9 ALTINYAYLA SOKAK;sokak;379893811
SİVAS;ALTINYAYLA;ŞAFAK;YUKARI İBİCEK MEZRASI 2. KÜME EVLER;sokak;477935
SİVAS;ALTINYAYLA;ŞAFAK;YÜCEKAYA MEZRASI KÜME EVLER;sokak;337144
SİVAS;ALTINYAYLA;TAHTYURT NA;TAHYURT KÜME EVLER;sokak;96819
SİVAS;ALTINYAYLA;TAŞLIHÜYÜK NA;TAŞLIHÜYÜK KÜME EVLER;sokak;540172
SİVAS;DİVRİĞİ;ABUÇİMEN;ATATÜRK CADDE;cadde;1139980
SİVAS;DİVRİĞİ;ABUÇİMEN;DALOKAY SOKAK;sokak;1141720
SİVAS;DİVRİĞİ;ABUÇİMEN;EDİSON SOKAK;sokak;1141722
SİVAS;DİVRİĞİ;ABUÇİMEN;HASTAHANE CADDE;cadde;1141726
SİVAS;DİVRİĞİ;ABUÇİMEN;METİN ALTIOK CADDE;cadde;1141728
SİVAS;DİVRİĞİ;ABUÇİMEN;NACİ DEMİRAĞ CADDE;cadde;1141732
SİVAS;DİVRİĞİ;ABUÇİMEN;SARAY SOKAK;sokak;1141734
SİVAS;DİVRİĞİ;ABUÇİMEN;TÜNEL SOKAK;sokak;1141736
SİVAS;DİVRİĞİ;ADATEPE NA;ADATEPE KÜME EVLER;sokak;695322
SİVAS;DİVRİĞİ;AĞAÇLIGÖL NA;AĞAÇLIGÖL KÜME EVLER;sokak;104527
SİVAS;DİVRİĞİ;AHMETPAŞA;AHİZE SOKAK;sokak;1141738
SİVAS;DİVRİĞİ;AHMETPAŞA;ATATÜRK CADDE;cadde;1139982
SİVAS;DİVRİĞİ;AHMETPAŞA;BAHRİYE ÜÇOK CADDE;cadde;1141740
SİVAS;DİVRİĞİ;AHMETPAŞA;CEREN SOKAK;sokak;1141742
SİVAS;DİVRİĞİ;AHMETPAŞA;CİNGÖZ SOKAK;sokak;1275115
SİVAS;DİVRİĞİ;AHMETPAŞA;DAĞYOLU SOKAK;sokak;1141744
SİVAS;DİVRİĞİ;AHMETPAŞA;DAMGA SOKAK;sokak;1275119
SİVAS;DİVRİĞİ;AHMETPAŞA;DEFİLE SOKAK;sokak;1275113
SİVAS;DİVRİĞİ;AHMETPAŞA;DEREBOYU SOKAK;sokak;186201461
SİVAS;DİVRİĞİ;AHMETPAŞA;DERECE SOKAK;sokak;1141746
SİVAS;DİVRİĞİ;AHMETPAŞA;DESTAN SOKAK;sokak;1141748
SİVAS;DİVRİĞİ;AHMETPAŞA;DURU SOKAK;sokak;1141750
SİVAS;DİVRİĞİ;AHMETPAŞA;HAVZA SOKAK;sokak;1141752
SİVAS;DİVRİĞİ;AHMETPAŞA;HAYAT SOKAK;sokak;1141754
SİVAS;DİVRİĞİ;AHMETPAŞA;HÜRRİYET SOKAK;sokak;1141756
SİVAS;DİVRİĞİ;AHMETPAŞA;ILICA SOKAK;sokak;1141758
SİVAS;DİVRİĞİ;AHMETPAŞA;ILIMAN SOKAK;sokak;1275117
SİVAS;DİVRİĞİ;AHMETPAŞA;KAYGUSUZ SOKAK;sokak;1141760
SİVAS;DİVRİĞİ;AHMETPAŞA;MEŞALE SOKAK;sokak;1141762
SİVAS;DİVRİĞİ;AHMETPAŞA;NURİ DEMİRAĞ CADDE;cadde;1141764
SİVAS;DİVRİĞİ;AHMETPAŞA;PULUR SOKAK;sokak;1141766
SİVAS;DİVRİĞİ;AHMETPAŞA;SABIR SOKAK;sokak;1141768
SİVAS;DİVRİĞİ;AHMETPAŞA;SAİT KOZOĞLU CADDE;cadde;1141770
SİVAS;DİVRİĞİ;AHMETPAŞA;SUDE SOKAK;sokak;1275121
SİVAS;DİVRİĞİ;AHMETPAŞA;YASEMİN SOKAK;sokak;1141772
SİVAS;DİVRİĞİ;AHMETPAŞA;YEŞİLLİK SOKAK;sokak;1141774
SİVAS;DİVRİĞİ;AKBABA NA;AKBABA KÜME EVLER;sokak;648125
SİVAS;DİVRİĞİ;AKMEŞE NA;AKMEŞE KÜME EVLER;sokak;611178
SİVAS;DİVRİĞİ;AKPELİT NA;AKPELİT KÜME EVLER;sokak;97810
SİVAS;DİVRİĞİ;ARHUSU;AKKOR SOKAK;sokak;1275295
SİVAS;DİVRİĞİ;ARHUSU;ALUÇ SOKAK;sokak;1141782
SİVAS;DİVRİĞİ;ARHUSU;AMAÇ SOKAK;sokak;1141784
SİVAS;DİVRİĞİ;ARHUSU;ARHUSU CADDE;cadde;1141776
SİVAS;DİVRİĞİ;ARHUSU;ASIR SOKAK;sokak;1275297
SİVAS;DİVRİĞİ;ARHUSU;AŞİYAN SOKAK;sokak;1275299
SİVAS;DİVRİĞİ;ARHUSU;ATATÜRK CADDE;cadde;1140618
SİVAS;DİVRİĞİ;ARHUSU;ATIK SOKAK;sokak;1141786
SİVAS;DİVRİĞİ;ARHUSU;BAHÇE SOKAK;sokak;1141788
SİVAS;DİVRİĞİ;ARHUSU;BALSU SOKAK;sokak;1275281
SİVAS;DİVRİĞİ;ARHUSU;BAMYA SOKAK;sokak;1141790
SİVAS;DİVRİĞİ;ARHUSU;BEGONYA SOKAK;sokak;1275283
SİVAS;DİVRİĞİ;ARHUSU;BESTECİ SOKAK;sokak;1275285
SİVAS;DİVRİĞİ;ARHUSU;BEŞTEPE SOKAK;sokak;1141792
SİVAS;DİVRİĞİ;ARHUSU;CARİNNA CUANNA CADDE;cadde;1141778
SİVAS;DİVRİĞİ;ARHUSU;CENNET SOKAK;sokak;1275287
SİVAS;DİVRİĞİ;ARHUSU;ÇİLEK SOKAK;sokak;1275289
SİVAS;DİVRİĞİ;ARHUSU;ÇİNİ SOKAK;sokak;1275291
SİVAS;DİVRİĞİ;ARHUSU;DEMİRLİ SOKAK;sokak;1141794
SİVAS;DİVRİĞİ;ARHUSU;DERE İÇİ SOKAK;sokak;1141796
SİVAS;DİVRİĞİ;ARHUSU;DOST SOKAK;sokak;1141798
SİVAS;DİVRİĞİ;ARHUSU;GÖRÜŞ SOKAK;sokak;1141800
SİVAS;DİVRİĞİ;ARHUSU;GÜL ÇİÇEK SOKAK;sokak;1141802
SİVAS;DİVRİĞİ;ARHUSU;HAZIRLIK SOKAK;sokak;1141804
SİVAS;DİVRİĞİ;ARHUSU;HAZİNE SOKAK;sokak;1141806
SİVAS;DİVRİĞİ;ARHUSU;HEKİM SOKAK;sokak;1141808
SİVAS;DİVRİĞİ;ARHUSU;ILIMLI SOKAK;sokak;1141810
SİVAS;DİVRİĞİ;ARHUSU;İMGE SOKAK;sokak;1275293
SİVAS;DİVRİĞİ;ARHUSU;İSTİKLAL SOKAK;sokak;1275277
SİVAS;DİVRİĞİ;ARHUSU;İTİBAR SOKAK;sokak;1275279
SİVAS;DİVRİĞİ;ARHUSU;KARANFİL SOKAK;sokak;1141812
SİVAS;DİVRİĞİ;ARHUSU;KİRAZLI SOKAK;sokak;1141814
SİVAS;DİVRİĞİ;ARHUSU;MENEKŞE SOKAK;sokak;1141816
SİVAS;DİVRİĞİ;ARHUSU;MİMAR SOKAK;sokak;1141818
SİVAS;DİVRİĞİ;ARHUSU;PAPATYA SOKAK;sokak;1330771
SİVAS;DİVRİĞİ;ARHUSU;PROF.MUAMMER AKSOY CADDE;cadde;1141780
SİVAS;DİVRİĞİ;ARHUSU;SERAP SOKAK;sokak;1141820
SİVAS;DİVRİĞİ;ARHUSU;TEPE SOKAK;sokak;1141822
SİVAS;DİVRİĞİ;ARHUSU;YAY SOKAK;sokak;1141824
SİVAS;DİVRİĞİ;ARHUSU;YAYLA SOKAK;sokak;1141826
SİVAS;DİVRİĞİ;ARHUSU;YUNUS EMRE CADDE;cadde;1330773
SİVAS;DİVRİĞİ;ARIKBAŞI NA;ARIKBAŞI KÜME EVLER;sokak;613996
SİVAS;DİVRİĞİ;AŞAĞIHAMAM;ATATÜRK CADDE;cadde;1140620
SİVAS;DİVRİĞİ;AŞAĞIHAMAM;CEDİT PAŞA CADDE;cadde;1142048
SİVAS;DİVRİĞİ;AŞAĞIHAMAM;İŞÇİ SOKAK;sokak;1142060
SİVAS;DİVRİĞİ;AŞAĞIHAMAM;MAARİF SOKAK;sokak;1142052
SİVAS;DİVRİĞİ;AŞAĞIHAMAM;NECDET SAKAOĞLU SOKAK;sokak;1142054
SİVAS;DİVRİĞİ;AŞAĞIHAMAM;PROF.DR.MAHİR TEVRÜZ SOKAK;sokak;1142056
SİVAS;DİVRİĞİ;AŞAĞIHAMAM;SÜMBÜL SOKAK;sokak;283335651
SİVAS;DİVRİĞİ;AŞAĞIHAMAM;TAŞBAŞI SOKAK;sokak;1142058
SİVAS;DİVRİĞİ;ATMALIOĞLU NA;ATMALIOĞLU KÜME EVLER;sokak;33403
SİVAS;DİVRİĞİ;AVŞARCIK NA;AVŞARCIK KÜME EVLER;sokak;340063
SİVAS;DİVRİĞİ;BAHÇELİ NA;BAHÇELİ KÜME EVLER;sokak;602931
SİVAS;DİVRİĞİ;BAHTİYAR NA;BAHTİYAR KÜME EVLER;sokak;685446
SİVAS;DİVRİĞİ;BALOVA NA;BALOVA KÜME EVLER;sokak;666349
SİVAS;DİVRİĞİ;BAŞÖREN NA;BAŞÖREN KÜME EVLER;sokak;690755
SİVAS;DİVRİĞİ;BAYIRLI - AĞCADAM;AĞCADAM KÜME EVLER;sokak;697386
SİVAS;DİVRİĞİ;BAYIRLI - BAŞMUHTAR;BAŞMUHTAR KÜME EVLER;sokak;697384
SİVAS;DİVRİĞİ;BAYIRLI NA;BAYIRLI KÜME EVLER;sokak;695539
SİVAS;DİVRİĞİ;BAYIRÜSTÜ NA;BAYIRÜSTÜ KÜME EVLER;sokak;601709
SİVAS;DİVRİĞİ;BELDİBİ - KONAK;KONAK KÜME EVLER;sokak;119699
SİVAS;DİVRİĞİ;BELDİBİ NA;BELDİBİ KÜME EVLER;sokak;697742
SİVAS;DİVRİĞİ;BEYKÖY NA;BEYKÖY KÜME EVLER;sokak;700045
SİVAS;DİVRİĞİ;CEDİTPAŞA;ADEM YAVUZ SOKAK;sokak;1142062
SİVAS;DİVRİĞİ;CEDİTPAŞA;ASIM BEZİRCİ CADDE;cadde;1142064
SİVAS;DİVRİĞİ;CEDİTPAŞA;ATATÜRK CADDE;cadde;1140622
SİVAS;DİVRİĞİ;CEDİTPAŞA;CEDİT PAŞA CADDE;cadde;1142066
SİVAS;DİVRİĞİ;CEDİTPAŞA;CENK SOKAK;sokak;1142068
SİVAS;DİVRİĞİ;CEDİTPAŞA;ÇAVUŞ SOKAK;sokak;1142088
SİVAS;DİVRİĞİ;CEDİTPAŞA;ÇİTİL SOKAK;sokak;1142090
SİVAS;DİVRİĞİ;CEDİTPAŞA;DR.MUSTAFA YEĞİN SOKAK;sokak;1142070
SİVAS;DİVRİĞİ;CEDİTPAŞA;GÜLENDER AKÇA SOKAK;sokak;1142072
SİVAS;DİVRİĞİ;CEDİTPAŞA;GÜLSÜM KARABABA SOKAK;sokak;1142076
SİVAS;DİVRİĞİ;CEDİTPAŞA;HANDAN METİN SOKAK;sokak;1142078
SİVAS;DİVRİĞİ;CEDİTPAŞA;KAYNARCA SOKAK;sokak;1142080
SİVAS;DİVRİĞİ;CEDİTPAŞA;MAARİF SOKAK;sokak;1142082
SİVAS;DİVRİĞİ;CEDİTPAŞA;PİR SULTAN CADDE;cadde;1142084
SİVAS;DİVRİĞİ;CEDİTPAŞA;TARLABAŞI SOKAK;sokak;1142086
SİVAS;DİVRİĞİ;ÇAKIRAĞA NA;ÇAKIRAĞA KÜME EVLER;sokak;680945
SİVAS;DİVRİĞİ;ÇAKIRTARLA NA;ÇAKIRTARLA KÜME EVLER;sokak;610506
SİVAS;DİVRİĞİ;ÇAKMAKDÜZÜ NA;ÇAKMAKDÜZÜ KÜME EVLER;sokak;683594
SİVAS;DİVRİĞİ;ÇAMLIK - ÇATILI;ÇATILI KÜME EVLER;sokak;679740
SİVAS;DİVRİĞİ;ÇAMLIK - DOĞAN;DOĞAN KÜME EVLER;sokak;679741
SİVAS;DİVRİĞİ;ÇAMLIK - TOPLUCA;TOPLUCA KÜME EVLER;sokak;676786
SİVAS;DİVRİĞİ;ÇAMLIK NA;ÇAMLIK KÜME EVLER;sokak;322231
SİVAS;DİVRİĞİ;ÇAMURLU NA;KÖYÜN KENDİSİ KÜME EVLER;sokak;83614
SİVAS;DİVRİĞİ;ÇAYÖREN NA;ÇAYÖREN KÜME EVLER;sokak;708119
SİVAS;DİVRİĞİ;ÇAYÖZÜ - DOLAÇAYI;DOLAÇAYI KÜME EVLER;sokak;271949
SİVAS;DİVRİĞİ;ÇAYÖZÜ - HAMUÇİMEN;HAMUÇİMEN KÜME EVLER;sokak;674247
SİVAS;DİVRİĞİ;ÇAYÖZÜ - KAHRAMANLAR;KAHRAMAN KÜME EVLER;sokak;675101
SİVAS;DİVRİĞİ;ÇAYÖZÜ - KALEDERESİ;KALEDERESİ KÜME EVLER;sokak;675569
SİVAS;DİVRİĞİ;ÇAYÖZÜ - KALEDERESİ;KOZLUCA KÜME EVLER;sokak;602052750
SİVAS;DİVRİĞİ;ÇAYÖZÜ - KOZLUCA;KOZLUCA KÜME EVLER;sokak;271978
SİVAS;DİVRİĞİ;ÇAYÖZÜ - PAŞA;PAŞA KÜME EVLER;sokak;680102
SİVAS;DİVRİĞİ;ÇAYÖZÜ - SAĞIRTAŞ;SAĞIRTAŞ KÜME EVLER;sokak;684870
SİVAS;DİVRİĞİ;ÇAYÖZÜ NA;ÇAYÖZÜ KÜME EVLER;sokak;677215
SİVAS;DİVRİĞİ;ÇİĞDEMLİ - DAZLAK;DAZLAK KÜME EVLER;sokak;677286
SİVAS;DİVRİĞİ;ÇİĞDEMLİ NA;ÇİĞDEMLİ KÜME EVLER;sokak;677283
SİVAS;DİVRİĞİ;ÇİTME NA;ÇİTME KÜME EVLER;sokak;664008
SİVAS;DİVRİĞİ;ÇOBANDURAĞI - ÇALTI;ÇALTI KÜME EVLER;sokak;672076
SİVAS;DİVRİĞİ;ÇOBANDURAĞI - YEŞİLKÖY;YEŞİLKÖY KÜME EVLER;sokak;672074
SİVAS;DİVRİĞİ;ÇOBANDURAĞI - ZEYNİKLER;ZEYNİKLER KÜME EVLER;sokak;158101
SİVAS;DİVRİĞİ;ÇOBANDURAĞI NA;ÇOBANDURAĞI KÜME EVLER;sokak;419382
SİVAS;DİVRİĞİ;ÇUKURÖZ NA;ÇUKURÖZ KÜME EVLER;sokak;682537
SİVAS;DİVRİĞİ;DEMİRDAĞ;ATATÜRK CADDE;cadde;1140624
SİVAS;DİVRİĞİ;DEMİRDAĞ;EMEKÇİLER CADDE;cadde;1142092
SİVAS;DİVRİĞİ;DEMİRDAĞ;ER SOKAK;sokak;1142094
SİVAS;DİVRİĞİ;DEMİRDAĞ;İNÖNÜ CADDE;cadde;1142102
SİVAS;DİVRİĞİ;DEMİRDAĞ;MADENCİLER CADDE;cadde;338498
SİVAS;DİVRİĞİ;DEMİRDAĞ;MERYEM ŞİMŞEK SOKAK;sokak;1142096
SİVAS;DİVRİĞİ;DEMİRDAĞ;PANSİYON SOKAK;sokak;1330859
SİVAS;DİVRİĞİ;DEMİRDAĞ;RÜZGAR SOKAK;sokak;1142098
SİVAS;DİVRİĞİ;DEMİRDAĞ;UĞUR MUMCU CADDE;cadde;1142100
SİVAS;DİVRİĞİ;DERİMLİ - KÖRKÜSÜ;KÖRKÜSÜ KÜME EVLER;sokak;110234
SİVAS;DİVRİĞİ;DERİMLİ NA;DERİMLİ KÜME EVLER;sokak;607854
SİVAS;DİVRİĞİ;DİKMEÇAY NA;DİKMEÇAY KÜME EVLER;sokak;267023
SİVAS;DİVRİĞİ;DİKTAŞ NA;DİKTAŞ KÜME EVLER;sokak;440245
SİVAS;DİVRİĞİ;DİLLİOĞLU;ALBÜM SOKAK;sokak;1142104
SİVAS;DİVRİĞİ;DİLLİOĞLU;CEDİT PAŞA CADDE;cadde;1142106
SİVAS;DİVRİĞİ;DİLLİOĞLU;CELDEK SOKAK;sokak;1142108
SİVAS;DİVRİĞİ;DİLLİOĞLU;DEMET SOKAK;sokak;1142110
SİVAS;DİVRİĞİ;DİLLİOĞLU;KAYNARCA SOKAK;sokak;1142112
SİVAS;DİVRİĞİ;DİLLİOĞLU;MEHMET ATAY SOKAK;sokak;1142114
SİVAS;DİVRİĞİ;DİLLİOĞLU;SELÇUK SOKAK;sokak;1142116
SİVAS;DİVRİĞİ;DİLLİOĞLU;ŞEHİT KUBİLAY CADDE;cadde;1142120
SİVAS;DİVRİĞİ;DİŞBUDAK NA;DİŞBUDAK KÜME EVLER;sokak;678533
SİVAS;DİVRİĞİ;DUMLUCA NA;DUMLUCA KÜME EVLER;sokak;681319
SİVAS;DİVRİĞİ;DURUKÖY - BURMAHAN;BURMAHAN KÜME EVLER;sokak;700373
SİVAS;DİVRİĞİ;DURUKÖY NA;DURUKÖY KÜME EVLER;sokak;701044
SİVAS;DİVRİĞİ;EĞRİSU NA;EĞRİSU KÜME EVLER;sokak;694021
SİVAS;DİVRİĞİ;EKİNBAŞI NA;EKİNBAŞI KÜME EVLER;sokak;337148
SİVAS;DİVRİĞİ;ERİKLİ - KOZLU;KOZLU KÜME EVLER;sokak;159611
SİVAS;DİVRİĞİ;ERİKLİ NA;ERİKLİ KÜME EVLER;sokak;668147
SİVAS;DİVRİĞİ;ESKİBEYLİ - GÜDGE;GÜDGE KÜME EVLER;sokak;695484
SİVAS;DİVRİĞİ;ESKİBEYLİ NA;ESKİBEYLİ KÜME EVLER;sokak;415750
SİVAS;DİVRİĞİ;GEDİKBAŞI - GÜVENLİ;GÜVENLİ KÜME EVLER;sokak;682117
SİVAS;DİVRİĞİ;GEDİKBAŞI NA;GEDİKBAŞI KÜME EVLER;sokak;690439
SİVAS;DİVRİĞİ;GEZEY NA;GEZEY KÜME EVLER;sokak;90264
SİVAS;DİVRİĞİ;GÖKÇEBEL NA;GÖKÇEBEL KÜME EVLER;sokak;689974
SİVAS;DİVRİĞİ;GÖKÇECAMİİ;CEDİT PAŞA CADDE;cadde;1142126
SİVAS;DİVRİĞİ;GÖKÇECAMİİ;HASTAHANE CADDE;cadde;1142128
SİVAS;DİVRİĞİ;GÖKÇECAMİİ;İBNİ SİNA CADDE;cadde;1142138
SİVAS;DİVRİĞİ;GÖKÇECAMİİ;KÜLTÜR SOKAK;sokak;1142130
SİVAS;DİVRİĞİ;GÖKÇECAMİİ;SAĞLIK SOKAK;sokak;1142134
SİVAS;DİVRİĞİ;GÖKÇECAMİİ;SANCAKTAR SOKAK;sokak;1142132
SİVAS;DİVRİĞİ;GÖKÇECAMİİ;TÜNEL SOKAK;sokak;1142136
SİVAS;DİVRİĞİ;GÖKÇEHARMAN - KEKLİKPINAR;KEKLİKPINAR KÜME EVLER;sokak;676342
SİVAS;DİVRİĞİ;GÖKÇEHARMAN NA;GÖKÇEHARMAN KÜME EVLER;sokak;678134
SİVAS;DİVRİĞİ;GÖLÖREN - KAYGISIZ;KAYGISIZ KÜME EVLER;sokak;697179
SİVAS;DİVRİĞİ;GÖLÖREN NA;GÖLÖREN KÜME EVLER;sokak;693416
SİVAS;DİVRİĞİ;GÖNDÜREN NA;GÖNDÜREN KÜME EVLER;sokak;705685
SİVAS;DİVRİĞİ;GÖZECİK (MERKEZ BUCAĞI) NA;GÖZECİK MERKEZ BUCAĞI KÜME EVLER;sokak;675572
SİVAS;DİVRİĞİ;GÖZECİK (SİNCAN BUCAĞI) NA;GÖZECİK SİNCAN BUCAĞI KÜME EVLER;sokak;669560
SİVAS;DİVRİĞİ;GÜLLÜBAĞ;ACISU SOKAK;sokak;1142144
SİVAS;DİVRİĞİ;GÜLLÜBAĞ;ADAK SOKAK;sokak;1142146
SİVAS;DİVRİĞİ;GÜLLÜBAĞ;ADAY SOKAK;sokak;1142148
SİVAS;DİVRİĞİ;GÜLLÜBAĞ;ADIM SOKAK;sokak;1142150
SİVAS;DİVRİĞİ;GÜLLÜBAĞ;AĞAÇ SOKAK;sokak;1142160
SİVAS;DİVRİĞİ;GÜLLÜBAĞ;AKASYA SOKAK;sokak;1142154
SİVAS;DİVRİĞİ;GÜLLÜBAĞ;ASIM BEZİRCİ CADDE;cadde;1142156
SİVAS;DİVRİĞİ;GÜLLÜBAĞ;ATATÜRK CADDE;cadde;1140626
SİVAS;DİVRİĞİ;GÜLLÜBAĞ;DEFNE SOKAK;sokak;1275243
SİVAS;DİVRİĞİ;GÜLLÜBAĞ;DERGAH SOKAK;sokak;1275245
SİVAS;DİVRİĞİ;GÜLLÜBAĞ;DURUSU SOKAK;sokak;1275247
SİVAS;DİVRİĞİ;GÜLLÜBAĞ;ECENUR SOKAK;sokak;1275249
SİVAS;DİVRİĞİ;GÜLLÜBAĞ;ECİR SOKAK;sokak;1142164
SİVAS;DİVRİĞİ;GÜLLÜBAĞ;FENER SOKAK;sokak;1275251
SİVAS;DİVRİĞİ;GÜLLÜBAĞ;FESLEĞEN SOKAK;sokak;1330861
SİVAS;DİVRİĞİ;GÜLLÜBAĞ;FİDAN SOKAK;sokak;1275253
SİVAS;DİVRİĞİ;GÜLLÜBAĞ;FİKİR SOKAK;sokak;1275255
SİVAS;DİVRİĞİ;GÜLLÜBAĞ;FULYA SOKAK;sokak;1330863
SİVAS;DİVRİĞİ;GÜLLÜBAĞ;GARİP BABA CADDE;cadde;1142166
SİVAS;DİVRİĞİ;GÜLLÜBAĞ;GARİPBABA SOKAK;sokak;1142170
SİVAS;DİVRİĞİ;GÜLLÜBAĞ;GİZEM SOKAK;sokak;1275257
SİVAS;DİVRİĞİ;GÜLLÜBAĞ;GÖKKUŞAĞI SOKAK;sokak;1275261
SİVAS;DİVRİĞİ;GÜLLÜBAĞ;GÖZDE SOKAK;sokak;1275259
SİVAS;DİVRİĞİ;GÜLLÜBAĞ;GÜNEŞ SOKAK;sokak;1275263
SİVAS;DİVRİĞİ;GÜLLÜBAĞ;HANİFE SOKAK;sokak;1275265
SİVAS;DİVRİĞİ;GÜLLÜBAĞ;HATEM SOKAK;sokak;1275271
SİVAS;DİVRİĞİ;GÜLLÜBAĞ;HAZİN SOKAK;sokak;1330901
SİVAS;DİVRİĞİ;GÜLLÜBAĞ;İKLİM SOKAK;sokak;1267837
SİVAS;DİVRİĞİ;GÜLLÜBAĞ;İLERİ SOKAK;sokak;1275273
SİVAS;DİVRİĞİ;GÜLLÜBAĞ;İLHAN SOKAK;sokak;1142204
SİVAS;DİVRİĞİ;GÜLLÜBAĞ;İLİM SOKAK;sokak;1142206
SİVAS;DİVRİĞİ;GÜLLÜBAĞ;İLKE SOKAK;sokak;1275275
SİVAS;DİVRİĞİ;GÜLLÜBAĞ;İMAR SOKAK;sokak;1142212
SİVAS;DİVRİĞİ;GÜLLÜBAĞ;İNCESU SOKAK;sokak;1275267
SİVAS;DİVRİĞİ;GÜLLÜBAĞ;JALE SOKAK;sokak;1142176
SİVAS;DİVRİĞİ;GÜLLÜBAĞ;KÜME EVLERİ SOKAK;sokak;1142178
SİVAS;DİVRİĞİ;GÜLLÜBAĞ;MENEKŞE SOKAK;sokak;1142184
SİVAS;DİVRİĞİ;GÜLLÜBAĞ;NERGİZ SOKAK;sokak;1142188
SİVAS;DİVRİĞİ;GÜLLÜBAĞ;ÖZGE SOKAK;sokak;1330903
SİVAS;DİVRİĞİ;GÜLLÜBAĞ;PİR SULTAN CADDE;cadde;1142194
SİVAS;DİVRİĞİ;GÜLLÜBAĞ;SAĞLAM SOKAK;sokak;1275269
SİVAS;DİVRİĞİ;GÜLLÜBAĞ;SERİN SOKAK;sokak;1142200
SİVAS;DİVRİĞİ;GÜLLÜBAĞ;SÜMBÜL SOKAK;sokak;1314107
SİVAS;DİVRİĞİ;GÜLLÜBAĞ;ŞEN SOKAK;sokak;1142220
SİVAS;DİVRİĞİ;GÜLLÜBAĞ;YUNUS EMRE CADDE;cadde;168095010
SİVAS;DİVRİĞİ;GÜLLÜCE - HALİLBEY;HALİLBEY KÜME EVLER;sokak;395310
SİVAS;DİVRİĞİ;GÜLLÜCE NA;GÜLLÜCE KÜME EVLER;sokak;682002
SİVAS;DİVRİĞİ;GÜNBAHÇE NA;GÜNBAHÇE KÜME EVLER;sokak;687125
SİVAS;DİVRİĞİ;GÜNEŞ - İSTASYON;İSTASYON KÜME EVLER;sokak;695810
SİVAS;DİVRİĞİ;GÜNEŞ - TEKKE;TEKKE KÜME EVLER;sokak;694648
SİVAS;DİVRİĞİ;GÜNEŞ NA;GÜNEŞ KÜME EVLER;sokak;700462
SİVAS;DİVRİĞİ;GÜNEYEVLER - AHİ;AHİ KÜME EVLER;sokak;618374
SİVAS;DİVRİĞİ;GÜNEYEVLER NA;GÜNEYEVLER KÜME EVLER;sokak;607239
SİVAS;DİVRİĞİ;GÜRESİN NA;GÜRESİN KÜME EVLER;sokak;689762
SİVAS;DİVRİĞİ;GÜRPINAR NA;GÜRPINAR KÜME EVLER;sokak;683838
SİVAS;DİVRİĞİ;GÜVENKAYA - ÇARTIL;ÇARTIL KÜME EVLER;sokak;625912
SİVAS;DİVRİĞİ;GÜVENKAYA - YILAN;YILAN KÜME EVLER;sokak;631434
SİVAS;DİVRİĞİ;GÜVENKAYA NA;GÜVENKAYA KÜME EVLER;sokak;632833
SİVAS;DİVRİĞİ;HACIKUMRU;AFET SOKAK;sokak;1142270
SİVAS;DİVRİĞİ;HACIKUMRU;BAHRİYE ÜÇOK CADDE;cadde;1142272
SİVAS;DİVRİĞİ;HACIKUMRU;KARTAL SOKAK;sokak;1146542
SİVAS;DİVRİĞİ;HACIKUMRU;KAYALIK SOKAK;sokak;1142274
SİVAS;DİVRİĞİ;HACIKUMRU;KUMRU SOKAK;sokak;1142276
SİVAS;DİVRİĞİ;HACIKUMRU;MARTI SOKAK;sokak;1142278
SİVAS;DİVRİĞİ;HACIKUMRU;SÖNMEZ SOKAK;sokak;1142282
SİVAS;DİVRİĞİ;HACIKUMRU;SU DEPOSU YOLU SOKAK;sokak;1142280
SİVAS;DİVRİĞİ;HACIKUMRU;SÜSLÜ SOKAK;sokak;1142566
SİVAS;DİVRİĞİ;HACIKUMRU;TAŞOCAĞI CADDE;cadde;1142286
SİVAS;DİVRİĞİ;HACIKUMRU;YAREN SOKAK;sokak;1275127
SİVAS;DİVRİĞİ;HACIKUMRU;YİĞİT SOKAK;sokak;1142288
SİVAS;DİVRİĞİ;HACIKUMRU;ZORLU SOKAK;sokak;1142290
SİVAS;DİVRİĞİ;HACIOSMANMESCİDİ;ATATÜRK CADDE;cadde;1140628
SİVAS;DİVRİĞİ;HACIOSMANMESCİDİ;CAN SOKAK;sokak;1142230
SİVAS;DİVRİĞİ;HACIOSMANMESCİDİ;CEDİT PAŞA CADDE;cadde;1142236
SİVAS;DİVRİĞİ;HACIOSMANMESCİDİ;ÇARŞI SOKAK;sokak;1142260
SİVAS;DİVRİĞİ;HACIOSMANMESCİDİ;İBNİ SİNA CADDE;cadde;1142268
SİVAS;DİVRİĞİ;HACIOSMANMESCİDİ;MAARİF SOKAK;sokak;1142240
SİVAS;DİVRİĞİ;HACIOSMANMESCİDİ;ÖĞRENCİ SOKAK;sokak;1142266
SİVAS;DİVRİĞİ;HACIOSMANMESCİDİ;PROF.DR.MAHİR TEVRÜZ SOKAK;sokak;1142248
SİVAS;DİVRİĞİ;HACIOSMANMESCİDİ;SANCAKTAR SOKAK;sokak;1142252
SİVAS;DİVRİĞİ;HACIOSMANMESCİDİ;TÜNEL SOKAK;sokak;1142256
SİVAS;DİVRİĞİ;HANDERE NA;HANDERE KÜME EVLER;sokak;677280
SİVAS;DİVRİĞİ;HÖBEK NA;HÖBEK KÜME EVLER;sokak;638769
SİVAS;DİVRİĞİ;İKİZBAŞAK NA;İKİZBAŞAK KÜME EVLER;sokak;609419
SİVAS;DİVRİĞİ;İMAMOĞLU;ABDAL BAYIRI SOKAK;sokak;1142514
SİVAS;DİVRİĞİ;İMAMOĞLU;BAĞYOLU SOKAK;sokak;1142510
SİVAS;DİVRİĞİ;İMAMOĞLU;BAHRİYE ÜÇOK CADDE;cadde;1142508
SİVAS;DİVRİĞİ;İMAMOĞLU;DEREBOYU SOKAK;sokak;1142512
SİVAS;DİVRİĞİ;İMAMOĞLU;DERECE SOKAK;sokak;1142516
SİVAS;DİVRİĞİ;İMAMOĞLU;HALK OZANI ALİ KIZILTUĞ CADDE;cadde;1142518
SİVAS;DİVRİĞİ;İMAMOĞLU;HÜRRİYET SOKAK;sokak;1142520
SİVAS;DİVRİĞİ;İMAMOĞLU;IĞIMBAT SOKAK;sokak;1142522
SİVAS;DİVRİĞİ;İMAMOĞLU;KEMENKEŞ SOKAK;sokak;1142524
SİVAS;DİVRİĞİ;İMAMOĞLU;MEZARLIK SOKAK;sokak;1142526
SİVAS;DİVRİĞİ;İMAMOĞLU;NURİ DEMİRAĞ CADDE;cadde;1142528
SİVAS;DİVRİĞİ;İMAMOĞLU;SAATÇİ YOKUŞU SOKAK;sokak;1142530
SİVAS;DİVRİĞİ;İMAMOĞLU;SAİT KOZOĞLU CADDE;cadde;1142532
SİVAS;DİVRİĞİ;İMAMOĞLU;SULTAN SOKAK;sokak;1142534
SİVAS;DİVRİĞİ;İMAMOĞLU;ÜZÜMLÜ SOKAK;sokak;1142538
SİVAS;DİVRİĞİ;İMAMOĞLU;YASEMİN SOKAK;sokak;1142536
SİVAS;DİVRİĞİ;İMİRHAN - TÖTÜK;TÖTÜK KÜME EVLER;sokak;461020
SİVAS;DİVRİĞİ;İMİRHAN NA;İMİRHAN KÜME EVLER;sokak;334163
SİVAS;DİVRİĞİ;İNANLI NA;İNANLI KÜME EVLER;sokak;661250
SİVAS;DİVRİĞİ;İNCİRLİPINAR - AHMETÖREN;AHMETÖREN KÜME EVLER;sokak;671542
SİVAS;DİVRİĞİ;İNCİRLİPINAR NA;İNCİRLİPINAR KÜME EVLER;sokak;158112
SİVAS;DİVRİĞİ;KALE;AHU SOKAK;sokak;1142294
SİVAS;DİVRİĞİ;KALE;AKİK SOKAK;sokak;1155840
SİVAS;DİVRİĞİ;KALE;ALACA SOKAK;sokak;1142296
SİVAS;DİVRİĞİ;KALE;ANTİK SOKAK;sokak;1142298
SİVAS;DİVRİĞİ;KALE;ARI SOKAK;sokak;1275373
SİVAS;DİVRİĞİ;KALE;ATATÜRK CADDE;cadde;1140630
SİVAS;DİVRİĞİ;KALE;BAĞLAR SOKAK;sokak;1275345
SİVAS;DİVRİĞİ;KALE;BAMTELİ SOKAK;sokak;1275365
SİVAS;DİVRİĞİ;KALE;BESTE SOKAK;sokak;1275387
SİVAS;DİVRİĞİ;KALE;BİLGE SOKAK;sokak;1158876
SİVAS;DİVRİĞİ;KALE;BİLGİ SOKAK;sokak;1142300
SİVAS;DİVRİĞİ;KALE;ÇİĞDEM SOKAK;sokak;1142342
SİVAS;DİVRİĞİ;KALE;DALOKAY SOKAK;sokak;1142302
SİVAS;DİVRİĞİ;KALE;DARACIK SOKAK;sokak;1142304
SİVAS;DİVRİĞİ;KALE;DERVİŞ SOKAK;sokak;1142306
SİVAS;DİVRİĞİ;KALE;DEVA SOKAK;sokak;1275361
SİVAS;DİVRİĞİ;KALE;DİZDAR SOKAK;sokak;1142308
SİVAS;DİVRİĞİ;KALE;EMEK SOKAK;sokak;1142310
SİVAS;DİVRİĞİ;KALE;ESİN SOKAK;sokak;1142312
SİVAS;DİVRİĞİ;KALE;FEZA SOKAK;sokak;1275375
SİVAS;DİVRİĞİ;KALE;FİNCAN SOKAK;sokak;1275379
SİVAS;DİVRİĞİ;KALE;GONCAGÜL SOKAK;sokak;1142314
SİVAS;DİVRİĞİ;KALE;GÖLGE SOKAK;sokak;1142316
SİVAS;DİVRİĞİ;KALE;GÜRSU SOKAK;sokak;1275385
SİVAS;DİVRİĞİ;KALE;HAVUZ SOKAK;sokak;1142318
SİVAS;DİVRİĞİ;KALE;HAYBER SOKAK;sokak;1275383
SİVAS;DİVRİĞİ;KALE;HAYRAT SOKAK;sokak;1275371
SİVAS;DİVRİĞİ;KALE;HAZAL SOKAK;sokak;1275369
SİVAS;DİVRİĞİ;KALE;IRGAT SOKAK;sokak;1142320
SİVAS;DİVRİĞİ;KALE;KEKİK SOKAK;sokak;1275363
SİVAS;DİVRİĞİ;KALE;KENGER SOKAK;sokak;1275351
SİVAS;DİVRİĞİ;KALE;KEVEN SOKAK;sokak;1275359
SİVAS;DİVRİĞİ;KALE;METİN ALTIOK CADDE;cadde;1142324
SİVAS;DİVRİĞİ;KALE;NEVRUZ SOKAK;sokak;1142326
SİVAS;DİVRİĞİ;KALE;ÖZGÜRLÜK SOKAK;sokak;1275367
SİVAS;DİVRİĞİ;KALE;REÇBER SOKAK;sokak;1142328
SİVAS;DİVRİĞİ;KALE;SEDİR SOKAK;sokak;1142330
SİVAS;DİVRİĞİ;KALE;TUĞÇE SOKAK;sokak;1275347
SİVAS;DİVRİĞİ;KALE;ULUÇAYIR SOKAK;sokak;1142336
SİVAS;DİVRİĞİ;KALE;UMUT SOKAK;sokak;1275355
SİVAS;DİVRİĞİ;KALE;VİŞNE SOKAK;sokak;1275353
SİVAS;DİVRİĞİ;KALE;YAKAMOZ SOKAK;sokak;1142340
SİVAS;DİVRİĞİ;KALE;ZÜMRÜT SOKAK;sokak;1275357
SİVAS;DİVRİĞİ;KALEALTI;BEDESTEN SOKAK;sokak;1142346
SİVAS;DİVRİĞİ;KALEALTI;BEKİR ÇAVUŞ SOKAK;sokak;1142348
SİVAS;DİVRİĞİ;KALEALTI;CANLAR SOKAK;sokak;1142350
SİVAS;DİVRİĞİ;KALEALTI;KALE YOLU SOKAK;sokak;1142352
SİVAS;DİVRİĞİ;KALEALTI;KILAVUZ SOKAK;sokak;1142354
SİVAS;DİVRİĞİ;KALEALTI;KUBBE DİBİ SOKAK;sokak;1142356
SİVAS;DİVRİĞİ;KALEALTI;NACİ DEMİRAĞ CADDE;cadde;1142358
SİVAS;DİVRİĞİ;KALEALTI;SANTRAL SOKAK;sokak;1142360
SİVAS;DİVRİĞİ;KALEALTI;SİDDİ MELİK SOKAK;sokak;1142362
SİVAS;DİVRİĞİ;KALEALTI;SİNANİYE SOKAK;sokak;1142364
SİVAS;DİVRİĞİ;KALEALTI;ULU CAMİ CADDE;cadde;1142366
SİVAS;DİVRİĞİ;KALEDİBİ - DAM;DAM KÜME EVLER;sokak;671130
SİVAS;DİVRİĞİ;KALEDİBİ - SAĞLIK;SAĞLIK KÜME EVLER;sokak;670884
SİVAS;DİVRİĞİ;KALEDİBİ - SEYFEDAMI;SEYFEDAMI KÜME EVLER;sokak;671349
SİVAS;DİVRİĞİ;KALEDİBİ - TİPİK;TİPİK KÜME EVLER;sokak;671727
SİVAS;DİVRİĞİ;KALEDİBİ NA;KALEDİBİ KÜME EVLER;sokak;667419
SİVAS;DİVRİĞİ;KARAAĞAÇLI NA;KARAAĞAÇLI KÜME EVLER;sokak;683579
SİVAS;DİVRİĞİ;KARAKALE - APSAL;APSAL KÜME EVLER;sokak;336860
SİVAS;DİVRİĞİ;KARAKALE - GÖRGÜREN;GÖRGÜREN KÜME EVLER;sokak;85029
SİVAS;DİVRİĞİ;KARAKALE NA;KARAKALE KÜME EVLER;sokak;632885
SİVAS;DİVRİĞİ;KARAKUZULU - HIDIRLIK;HIDIRLIK KÜME EVLER;sokak;923215
SİVAS;DİVRİĞİ;KARAKUZULU NA;KARAKUZULU KÜME EVLER;sokak;321499
SİVAS;DİVRİĞİ;KARAMAHMUT;ALBÜM SOKAK;sokak;1142368
SİVAS;DİVRİĞİ;KARAMAHMUT;ARHUSU CADDE;cadde;1142370
SİVAS;DİVRİĞİ;KARAMAHMUT;CELDEK SOKAK;sokak;1142372
SİVAS;DİVRİĞİ;KARAMAHMUT;DEMET SOKAK;sokak;1142374
SİVAS;DİVRİĞİ;KARAMAHMUT;SEVGİ SOKAK;sokak;1142378
SİVAS;DİVRİĞİ;KARAMAHMUT;ŞEHİT KUBİLAY CADDE;cadde;1142394
SİVAS;DİVRİĞİ;KARAMAHMUT;TURAN DURSUN CADDE;cadde;1142380
SİVAS;DİVRİĞİ;KARAMAHMUT;YAPRAK SOKAK;sokak;1142384
SİVAS;DİVRİĞİ;KARAMAHMUT;ZERDALİ SOKAK;sokak;1142390
SİVAS;DİVRİĞİ;KARAMAN NA;KARAMAN KÜME EVLER;sokak;328880
SİVAS;DİVRİĞİ;KARASAR - KARASARBELİ;KARASARBELİ KÜME EVLER;sokak;672748
SİVAS;DİVRİĞİ;KARASAR NA;KARASAR KÜME EVLER;sokak;670919
SİVAS;DİVRİĞİ;KARAYUSUF;AİLE SOKAK;sokak;1142396
SİVAS;DİVRİĞİ;KARAYUSUF;DERE ÇAY SOKAK;sokak;1142400
SİVAS;DİVRİĞİ;KARAYUSUF;DERE SOKAK;sokak;1142398
SİVAS;DİVRİĞİ;KARAYUSUF;DERGİ SOKAK;sokak;1142404
SİVAS;DİVRİĞİ;KARAYUSUF;DUYGU SOKAK;sokak;1142408
SİVAS;DİVRİĞİ;KARAYUSUF;GÜL SOKAK;sokak;1142412
SİVAS;DİVRİĞİ;KARAYUSUF;GÜVERCİN SOKAK;sokak;1142416
SİVAS;DİVRİĞİ;KARAYUSUF;HASTAHANE CADDE;cadde;1142420
SİVAS;DİVRİĞİ;KARAYUSUF;İZCİ SOKAK;sokak;1275143
SİVAS;DİVRİĞİ;KARAYUSUF;KÜLTÜR SOKAK;sokak;1142424
SİVAS;DİVRİĞİ;KARAYUSUF;NACİ DEMİRAĞ CADDE;cadde;1142426
SİVAS;DİVRİĞİ;KARAYUSUF;SARAY SOKAK;sokak;1142428
SİVAS;DİVRİĞİ;KARAYUSUF;YONCA SOKAK;sokak;1142430
SİVAS;DİVRİĞİ;KARŞIKONAK NA;KARŞIKONAK KÜME EVLER;sokak;689553
SİVAS;DİVRİĞİ;KAVAKLISU - SÜTLÜCE;SÜTLÜCE KÜME EVLER;sokak;707281
SİVAS;DİVRİĞİ;KAVAKLISU NA;KAVAKLISU KÜME EVLER;sokak;701672
SİVAS;DİVRİĞİ;KAYABURUN NA;KAYABURUN KÜME EVLER;sokak;705378
SİVAS;DİVRİĞİ;KAYACIK;AĞAR KAYACIK KÜME EVLER;sokak;701734
SİVAS;DİVRİĞİ;KAYACIK;KAYACIK KÜME EVLER;sokak;87813
SİVAS;DİVRİĞİ;KAYACIK;ÖZDEMİR KÜME EVLER;sokak;705423
SİVAS;DİVRİĞİ;KEÇİKAYA NA;KEÇİKAYA KÜME EVLER;sokak;608025
SİVAS;DİVRİĞİ;KEKLİKTEPE NA;KEKLİKTEPE KÜME EVLER;sokak;668457
SİVAS;DİVRİĞİ;KEMENKEŞ;ADİL SOKAK;sokak;1142432
SİVAS;DİVRİĞİ;KEMENKEŞ;BAHRİYE ÜÇOK CADDE;cadde;1142434
SİVAS;DİVRİĞİ;KEMENKEŞ;BELTARLA SOKAK;sokak;1142436
SİVAS;DİVRİĞİ;KEMENKEŞ;CANLAR SOKAK;sokak;1142438
SİVAS;DİVRİĞİ;KEMENKEŞ;DANACI SADIK ÖZGÜR CADDE;cadde;1142440
SİVAS;DİVRİĞİ;KEMENKEŞ;IĞIMBAT SOKAK;sokak;1142442
SİVAS;DİVRİĞİ;KEMENKEŞ;KEMENKEŞ SOKAK;sokak;1142444
SİVAS;DİVRİĞİ;KEMENKEŞ;KUMRU SOKAK;sokak;329021810
SİVAS;DİVRİĞİ;KEMENKEŞ;MEZARLIK SOKAK;sokak;1142446
SİVAS;DİVRİĞİ;KEMENKEŞ;SAATÇİ YOKUŞU SOKAK;sokak;1142448
SİVAS;DİVRİĞİ;KEMENKEŞ;SARP SOKAK;sokak;1142450
SİVAS;DİVRİĞİ;KEMENKEŞ;SULTAN SOKAK;sokak;192973811
SİVAS;DİVRİĞİ;KEMENKEŞ;ULU CAMİ CADDE;cadde;1142454
SİVAS;DİVRİĞİ;KEMENKEŞ;YAĞMUR SOKAK;sokak;1142456
SİVAS;DİVRİĞİ;KESME NA;KESME KÜME EVLER;sokak;695456
SİVAS;DİVRİĞİ;KIRKGÖZ - AKAĞIL;AK AĞIL KÜME EVLER;sokak;267372
SİVAS;DİVRİĞİ;KIRKGÖZ NA;KIRKGÖZ KÜME EVLER;sokak;162593
SİVAS;DİVRİĞİ;KIZILCAÖREN - YÜNLÜCE;YÜNLÜCE KÜME EVLER;sokak;657407
SİVAS;DİVRİĞİ;KIZILCAÖREN NA;KIZILCAÖREN KÜME EVLER;sokak;659682
SİVAS;DİVRİĞİ;KOCAPAŞA;ATATÜRK CADDE;cadde;1140632
SİVAS;DİVRİĞİ;KOCAPAŞA;BEHÇET AYSAN SOKAK;sokak;1142460
SİVAS;DİVRİĞİ;KOCAPAŞA;DARACIK SOKAK;sokak;1142462
SİVAS;DİVRİĞİ;KOCAPAŞA;DOLUNAY SOKAK;sokak;1142464
SİVAS;DİVRİĞİ;KOCAPAŞA;ECE SOKAK;sokak;1142466
SİVAS;DİVRİĞİ;KOCAPAŞA;EDİSON SOKAK;sokak;1142468
SİVAS;DİVRİĞİ;KOCAPAŞA;EMNİYET SOKAK;sokak;1142470
SİVAS;DİVRİĞİ;KOCAPAŞA;FEN SOKAK;sokak;1142472
SİVAS;DİVRİĞİ;KOCAPAŞA;GÖLGE SOKAK;sokak;1142474
SİVAS;DİVRİĞİ;KOCAPAŞA;METİN ALTIOK CADDE;cadde;1142476
SİVAS;DİVRİĞİ;KOCAPAŞA;MUHLİS AKARSU SOKAK;sokak;1142478
SİVAS;DİVRİĞİ;KOCAPAŞA;NACİ DEMİRAĞ CADDE;cadde;1142480
SİVAS;DİVRİĞİ;KOCAPAŞA;NESİMİ ÇİMEN SOKAK;sokak;1142482
SİVAS;DİVRİĞİ;KOCAPAŞA;NEVRUZ_1 SOKAK;sokak;1142484
SİVAS;DİVRİĞİ;KOCAPAŞA;SARAY SOKAK;sokak;1142486
SİVAS;DİVRİĞİ;KULUNCAK NA;KULUNCAK KÜME EVLER;sokak;109301
SİVAS;DİVRİĞİ;KÜÇÜK HÜSEYİN;ABA SOKAK;sokak;1142540
SİVAS;DİVRİĞİ;KÜÇÜK HÜSEYİN;ACAR SOKAK;sokak;1142542
SİVAS;DİVRİĞİ;KÜÇÜK HÜSEYİN;AÇELYA SOKAK;sokak;1142550
SİVAS;DİVRİĞİ;KÜÇÜK HÜSEYİN;AHESTE SOKAK;sokak;1142544
SİVAS;DİVRİĞİ;KÜÇÜK HÜSEYİN;AHMET NACİ AKGÜN CADDE;cadde;1142546
SİVAS;DİVRİĞİ;KÜÇÜK HÜSEYİN;ARKI KEBİR SOKAK;sokak;1142548
SİVAS;DİVRİĞİ;KÜÇÜK HÜSEYİN;CEDİT PAŞA CADDE;cadde;1142552
SİVAS;DİVRİĞİ;KÜÇÜK HÜSEYİN;ÇALILIK SOKAK;sokak;1142564
SİVAS;DİVRİĞİ;KÜÇÜK HÜSEYİN;DERE SOKAK;sokak;1142554
SİVAS;DİVRİĞİ;KÜÇÜK HÜSEYİN;DUYGU SOKAK;sokak;1142556
SİVAS;DİVRİĞİ;KÜÇÜK HÜSEYİN;GONCAGÜL SOKAK;sokak;1142558
SİVAS;DİVRİĞİ;KÜÇÜK HÜSEYİN;NACİ DEMİRAĞ CADDE;cadde;1142560
SİVAS;DİVRİĞİ;KÜÇÜK HÜSEYİN;TURAN DURSUN CADDE;cadde;1142562
SİVAS;DİVRİĞİ;KÜLTÜRLÜ;AHESTE SOKAK;sokak;1142488
SİVAS;DİVRİĞİ;KÜLTÜRLÜ;CEDİT PAŞA CADDE;cadde;1142490
SİVAS;DİVRİĞİ;KÜLTÜRLÜ;CELDEK SOKAK;sokak;1142492
SİVAS;DİVRİĞİ;KÜLTÜRLÜ;ÇALILIK SOKAK;sokak;1142506
SİVAS;DİVRİĞİ;KÜLTÜRLÜ;GENÇ SOKAK;sokak;1142494
SİVAS;DİVRİĞİ;KÜLTÜRLÜ;İTİNA SOKAK;sokak;1275135
SİVAS;DİVRİĞİ;KÜLTÜRLÜ;KADEM SOKAK;sokak;1275131
SİVAS;DİVRİĞİ;KÜLTÜRLÜ;KAFES SOKAK;sokak;1275133
SİVAS;DİVRİĞİ;KÜLTÜRLÜ;KÜLTÜR SOKAK;sokak;1142496
SİVAS;DİVRİĞİ;KÜLTÜRLÜ;NACİ DEMİRAĞ CADDE;cadde;1142498
SİVAS;DİVRİĞİ;KÜLTÜRLÜ;SAĞLIK SOKAK;sokak;1142500
SİVAS;DİVRİĞİ;KÜLTÜRLÜ;TURAN DURSUN CADDE;cadde;1142502
SİVAS;DİVRİĞİ;KÜLTÜRLÜ;ZİNDE SOKAK;sokak;1142504
SİVAS;DİVRİĞİ;MADEN;ATATÜRK CADDE;cadde;1140634
SİVAS;DİVRİĞİ;MADENLİ - ÖMERLİ;ÖMERLİ KÜME EVLER;sokak;676731
SİVAS;DİVRİĞİ;MADENLİ NA;MADENLİ KÜME EVLER;sokak;678894
SİVAS;DİVRİĞİ;MALTEPE - KARAALİ;KARAALİ KÜME EVLER;sokak;654016
SİVAS;DİVRİĞİ;MALTEPE - KUTLU;KUTLU KÜME EVLER;sokak;475738
SİVAS;DİVRİĞİ;MALTEPE NA;MALTEPE KÜME EVLER;sokak;644464
SİVAS;DİVRİĞİ;MERCANTEPE;ABDAL BAYIRI SOKAK;sokak;1142572
SİVAS;DİVRİĞİ;MERCANTEPE;AHMET YESEVİ CADDE;cadde;1142576
SİVAS;DİVRİĞİ;MERCANTEPE;AKKİRAZ SOKAK;sokak;1142578
SİVAS;DİVRİĞİ;MERCANTEPE;AŞAĞI HAMAM SOKAK;sokak;1142580
SİVAS;DİVRİĞİ;MERCANTEPE;ATATÜRK CADDE;cadde;1140636
SİVAS;DİVRİĞİ;MERCANTEPE;BOYALI CAMİ SOKAK;sokak;1142582
SİVAS;DİVRİĞİ;MERCANTEPE;CAMİ KEBİR CADDE;cadde;1142586
SİVAS;DİVRİĞİ;MERCANTEPE;CAMİ SOKAK;sokak;1142588
SİVAS;DİVRİĞİ;MERCANTEPE;ÇİMEN SOKAK;sokak;1142638
SİVAS;DİVRİĞİ;MERCANTEPE;DİLEKÇE SOKAK;sokak;1142590
SİVAS;DİVRİĞİ;MERCANTEPE;HUMA HATUN SOKAK;sokak;1142592
SİVAS;DİVRİĞİ;MERCANTEPE;HÜRRİYET SOKAK;sokak;1142594
SİVAS;DİVRİĞİ;MERCANTEPE;KALE YOLU SOKAK;sokak;1142596
SİVAS;DİVRİĞİ;MERCANTEPE;KAR SOKAK;sokak;1142600
SİVAS;DİVRİĞİ;MERCANTEPE;KASAPLAR SOKAK;sokak;1142602
SİVAS;DİVRİĞİ;MERCANTEPE;KIZILAY SOKAK;sokak;1142604
SİVAS;DİVRİĞİ;MERCANTEPE;MANOLYA SOKAK;sokak;1142606
SİVAS;DİVRİĞİ;MERCANTEPE;MERCANTEPE SOKAK;sokak;1142608
SİVAS;DİVRİĞİ;MERCANTEPE;MEYDAN SOKAK;sokak;1142610
SİVAS;DİVRİĞİ;MERCANTEPE;NACİ DEMİRAĞ CADDE;cadde;1142612
SİVAS;DİVRİĞİ;MERCANTEPE;NURİ DEMİRAĞ CADDE;cadde;1142614
SİVAS;DİVRİĞİ;MERCANTEPE;SAATÇİ SOKAK;sokak;1142620
SİVAS;DİVRİĞİ;MERCANTEPE;SAİT KOZOĞLU CADDE;cadde;1142622
SİVAS;DİVRİĞİ;MERCANTEPE;SİDDİ MELİK SOKAK;sokak;1142624
SİVAS;DİVRİĞİ;MERCANTEPE;ŞEMSİ BEZİRGAN SOKAK;sokak;1142642
SİVAS;DİVRİĞİ;MERCANTEPE;TERZİLER SOKAK;sokak;1142626
SİVAS;DİVRİĞİ;MERCANTEPE;TİCARET SOKAK;sokak;1142632
SİVAS;DİVRİĞİ;MERCANTEPE;TÜNEL SOKAK;sokak;1142630
SİVAS;DİVRİĞİ;MERCANTEPE;ULU CAMİ CADDE;cadde;1142634
SİVAS;DİVRİĞİ;MERCANTEPE;VATAN SOKAK;sokak;1142636
SİVAS;DİVRİĞİ;MURSAL - ÇEVİRME;ÇEVİRME KÜME EVLER;sokak;272656
SİVAS;DİVRİĞİ;MURSAL - ÇOKMEŞAT;ÇOKMEŞAT KÜME EVLER;sokak;122205
SİVAS;DİVRİĞİ;MURSAL - DİŞLER;DİŞLER KÜME EVLER;sokak;714443
SİVAS;DİVRİĞİ;MURSAL - KARAKAYA;KARAKAYA KÜME EVLER;sokak;272621
SİVAS;DİVRİĞİ;MURSAL - MİKAİL;MİKAİL KÜME EVLER;sokak;714100
SİVAS;DİVRİĞİ;MURSAL - YUVA;YUVA KÜME EVLER;sokak;272627
SİVAS;DİVRİĞİ;MURSAL NA;ALİ KIZILTUĞ SOKAK;sokak;845943
SİVAS;DİVRİĞİ;MURSAL NA;MURSAL KÜME EVLER;sokak;702061
SİVAS;DİVRİĞİ;OĞULBEY NA;OĞULBEY KÜME EVLER;sokak;75899
SİVAS;DİVRİĞİ;OLUKMAN NA;OLUKMAN KÜME EVLER;sokak;695609
SİVAS;DİVRİĞİ;ORTAKÖY NA;ORTAKÖY KÜME EVLER;sokak;667839
SİVAS;DİVRİĞİ;OVACIK NA;OVACIK KÜME EVLER;sokak;658893
SİVAS;DİVRİĞİ;OYUKTEPE NA;OYUKTEPE KÜME EVLER;sokak;607969
SİVAS;DİVRİĞİ;ÖDEK - TÜRKALİ;TÜRKALİ KÜME EVLER;sokak;695613
SİVAS;DİVRİĞİ;ÖDEK NA;TÜRKALİ-ÖDEK KÜME EVLER;sokak;696968
SİVAS;DİVRİĞİ;ÖLÇEKLİ - ÖZLÜCE;ÖZLÜCE KÜME EVLER;sokak;684834
SİVAS;DİVRİĞİ;ÖLÇEKLİ NA;ÖLÇEKLİ KÜME EVLER;sokak;676917
SİVAS;DİVRİĞİ;ÖZBAĞI NA;GÖLÖREN KÜME EVLER;sokak;214678401
SİVAS;DİVRİĞİ;ÖZBAĞI NA;ÖZBAĞI KÜME EVLER;sokak;104450
SİVAS;DİVRİĞİ;PURUNSUR;PURUNSUR KÜME EVLER;sokak;694516
SİVAS;DİVRİĞİ;SELİMOĞLU NA;SELİMOĞLU KÜME EVLER;sokak;161823
SİVAS;DİVRİĞİ;SIRÇALI NA;SIRÇALI KÜME EVLER;sokak;167321
SİVAS;DİVRİĞİ;SİNCAN - TORTU;TORTU KÜME EVLER;sokak;321620
SİVAS;DİVRİĞİ;SİNCAN NA;SİNCAN KÜME EVLER;sokak;601665
SİVAS;DİVRİĞİ;SOĞUCAK NA;SOĞUCAK KÜME EVLER;sokak;267370
SİVAS;DİVRİĞİ;SUSUZLAR - AHMETLER;AHMETLER KÜME EVLER;sokak;669413
SİVAS;DİVRİĞİ;SUSUZLAR - DEREKAYA;DEREKAYA KÜME EVLER;sokak;92005
SİVAS;DİVRİĞİ;SUSUZLAR - GÜNEŞTEPE;GÜNEŞTEPE KÜME EVLER;sokak;674226
SİVAS;DİVRİĞİ;SUSUZLAR - ILICA;ILICA KÜME EVLER;sokak;461044
SİVAS;DİVRİĞİ;SUSUZLAR - KIMILLAR;KIMILLAR KÜME EVLER;sokak;669410
SİVAS;DİVRİĞİ;SUSUZLAR - TİROLLAR;TİROLLAR KÜME EVLER;sokak;91984
SİVAS;DİVRİĞİ;SUSUZLAR NA;SUSUZLAR KÜME EVLER;sokak;672238
SİVAS;DİVRİĞİ;SUSUZÖREN NA;SUSUZÖREN KÜME EVLER;sokak;672361
SİVAS;DİVRİĞİ;SÜLEYMANAĞA;ADA SOKAK;sokak;1142736
SİVAS;DİVRİĞİ;SÜLEYMANAĞA;ALINTERİ SOKAK;sokak;1275419
SİVAS;DİVRİĞİ;SÜLEYMANAĞA;ARHUSU CADDE;cadde;1142740
SİVAS;DİVRİĞİ;SÜLEYMANAĞA;ASIM BEZİRCİ CADDE;cadde;1142742
SİVAS;DİVRİĞİ;SÜLEYMANAĞA;CESUR SOKAK;sokak;1142744
SİVAS;DİVRİĞİ;SÜLEYMANAĞA;GÜZİDE SOKAK;sokak;1142748
SİVAS;DİVRİĞİ;SÜLEYMANAĞA;HAT SOKAK;sokak;1142752
SİVAS;DİVRİĞİ;SÜLEYMANAĞA;HATMİ SOKAK;sokak;1142831
SİVAS;DİVRİĞİ;SÜLEYMANAĞA;HAZİN SOKAK;sokak;1275405
SİVAS;DİVRİĞİ;SÜLEYMANAĞA;HIZMA SOKAK;sokak;1275407
SİVAS;DİVRİĞİ;SÜLEYMANAĞA;ILIK SOKAK;sokak;1142837
SİVAS;DİVRİĞİ;SÜLEYMANAĞA;İLAYDA SOKAK;sokak;1275409
SİVAS;DİVRİĞİ;SÜLEYMANAĞA;KADAYIF SOKAK;sokak;1275415
SİVAS;DİVRİĞİ;SÜLEYMANAĞA;KAFİYE SOKAK;sokak;1275413
SİVAS;DİVRİĞİ;SÜLEYMANAĞA;KANAL SOKAK;sokak;1275411
SİVAS;DİVRİĞİ;SÜLEYMANAĞA;KANARYA SOKAK;sokak;1142841
SİVAS;DİVRİĞİ;SÜLEYMANAĞA;MEHMET ATAY SOKAK;sokak;1142849
SİVAS;DİVRİĞİ;SÜLEYMANAĞA;MENEKŞE SOKAK;sokak;1142853
SİVAS;DİVRİĞİ;SÜLEYMANAĞA;ÖMÜR SOKAK;sokak;1142869
SİVAS;DİVRİĞİ;SÜLEYMANAĞA;PİR SULTAN CADDE;cadde;1142859
SİVAS;DİVRİĞİ;SÜLEYMANAĞA;SAİT METİN SOKAK;sokak;1142865
SİVAS;DİVRİĞİ;SÜLEYMANAĞA;ŞEHİT KUBİLAY CADDE;cadde;1142879
SİVAS;DİVRİĞİ;ŞAHİNKÖY NA;ŞAHİNKÖY KÜME EVLER;sokak;648156
SİVAS;DİVRİĞİ;TEPEHAN - ACIGÖZ;ACIGÖZ KÜME EVLER;sokak;668560
SİVAS;DİVRİĞİ;TEPEHAN - ACIGÖZ;KIMILLAR KÜME EVLER;sokak;564521390
SİVAS;DİVRİĞİ;TEPEHAN - KARYAĞAN;KARYAĞAN KÜME EVLER;sokak;670516
SİVAS;DİVRİĞİ;TEPEHAN NA;TEPEHAN KÜME EVLER;sokak;87152
SİVAS;DİVRİĞİ;TURABALİ;AFACAN SOKAK;sokak;1142887
SİVAS;DİVRİĞİ;TURABALİ;AĞIT SOKAK;sokak;1142897
SİVAS;DİVRİĞİ;TURABALİ;AHALİ SOKAK;sokak;1142889
SİVAS;DİVRİĞİ;TURABALİ;AHENK SOKAK;sokak;1142891
SİVAS;DİVRİĞİ;TURABALİ;AHİZE SOKAK;sokak;1333359
SİVAS;DİVRİĞİ;TURABALİ;AKARSU SOKAK;sokak;1142893
SİVAS;DİVRİĞİ;TURABALİ;ASALET SOKAK;sokak;1275459
SİVAS;DİVRİĞİ;TURABALİ;ATAK SOKAK;sokak;1142895
SİVAS;DİVRİĞİ;TURABALİ;ATATÜRK CADDE;cadde;1140638
SİVAS;DİVRİĞİ;TURABALİ;BADEMLİK SOKAK;sokak;1142899
SİVAS;DİVRİĞİ;TURABALİ;BAHRİYE ÜÇOK CADDE;cadde;1142901
SİVAS;DİVRİĞİ;TURABALİ;CEREN SOKAK;sokak;1142903
SİVAS;DİVRİĞİ;TURABALİ;DESTAN SOKAK;sokak;1142905
SİVAS;DİVRİĞİ;TURABALİ;DİVRİĞİ ARAPGİR YOLU CADDE;cadde;1142907
SİVAS;DİVRİĞİ;TURABALİ;EDİP ÖNDER CADDE;cadde;1142909
SİVAS;DİVRİĞİ;TURABALİ;FERAH SOKAK;sokak;1142911
SİVAS;DİVRİĞİ;TURABALİ;FİDE SOKAK;sokak;1142913
SİVAS;DİVRİĞİ;TURABALİ;GÜLERYÜZ SOKAK;sokak;1142915
SİVAS;DİVRİĞİ;TURABALİ;GÜLPEMBE SOKAK;sokak;1142917
SİVAS;DİVRİĞİ;TURABALİ;HARİKA SOKAK;sokak;1142919
SİVAS;DİVRİĞİ;TURABALİ;HAYYAM SOKAK;sokak;1142921
SİVAS;DİVRİĞİ;TURABALİ;HELVACI SOKAK;sokak;1142923
SİVAS;DİVRİĞİ;TURABALİ;HEMŞEHRİ SOKAK;sokak;1142925
SİVAS;DİVRİĞİ;TURABALİ;HÜLYA ÖZGÜR CADDE;cadde;1142927
SİVAS;DİVRİĞİ;TURABALİ;IRMAK SOKAK;sokak;1142929
SİVAS;DİVRİĞİ;TURABALİ;İREM SOKAK;sokak;1142983
SİVAS;DİVRİĞİ;TURABALİ;KADER SOKAK;sokak;1275421
SİVAS;DİVRİĞİ;TURABALİ;KADİFE SOKAK;sokak;1275423
SİVAS;DİVRİĞİ;TURABALİ;KADİM SOKAK;sokak;1275425
SİVAS;DİVRİĞİ;TURABALİ;KAFİLE SOKAK;sokak;1275427
SİVAS;DİVRİĞİ;TURABALİ;KAHVE SOKAK;sokak;1142931
SİVAS;DİVRİĞİ;TURABALİ;KAİNAT SOKAK;sokak;1275429
SİVAS;DİVRİĞİ;TURABALİ;KALDIRIM SOKAK;sokak;1275431
SİVAS;DİVRİĞİ;TURABALİ;KALP SOKAK;sokak;1275433
SİVAS;DİVRİĞİ;TURABALİ;KALPAKLI SOKAK;sokak;1275435
SİVAS;DİVRİĞİ;TURABALİ;KALYAN SOKAK;sokak;1275437
SİVAS;DİVRİĞİ;TURABALİ;KAMER SOKAK;sokak;1142937
SİVAS;DİVRİĞİ;TURABALİ;KAMU SOKAK;sokak;1142939
SİVAS;DİVRİĞİ;TURABALİ;KANAAT SOKAK;sokak;1142941
SİVAS;DİVRİĞİ;TURABALİ;KANAT SOKAK;sokak;1142943
SİVAS;DİVRİĞİ;TURABALİ;KAPLICA SOKAK;sokak;1275441
SİVAS;DİVRİĞİ;TURABALİ;KAPTAN SOKAK;sokak;1142945
SİVAS;DİVRİĞİ;TURABALİ;KARADUT SOKAK;sokak;1275443
SİVAS;DİVRİĞİ;TURABALİ;KARAGÜL SOKAK;sokak;1275445
SİVAS;DİVRİĞİ;TURABALİ;KEMAN SOKAK;sokak;1275463
SİVAS;DİVRİĞİ;TURABALİ;KINALI SOKAK;sokak;1142951
SİVAS;DİVRİĞİ;TURABALİ;KURDEŞEN SOKAK;sokak;1142953
SİVAS;DİVRİĞİ;TURABALİ;MECNUN SOKAK;sokak;1142957
SİVAS;DİVRİĞİ;TURABALİ;MEŞALE SOKAK;sokak;1142959
SİVAS;DİVRİĞİ;TURABALİ;MIZIKA SOKAK;sokak;1142961
SİVAS;DİVRİĞİ;TURABALİ;NURİ DEMİRAĞ CADDE;cadde;1142963
SİVAS;DİVRİĞİ;TURABALİ;PULUR SOKAK;sokak;1142965
SİVAS;DİVRİĞİ;TURABALİ;SU PERİSİ SOKAK;sokak;1275449
SİVAS;DİVRİĞİ;TURABALİ;SUSAM SOKAK;sokak;1164369
SİVAS;DİVRİĞİ;TURABALİ;SÜLÜN SOKAK;sokak;1275451
SİVAS;DİVRİĞİ;TURABALİ;SÜS SOKAK;sokak;1275447
SİVAS;DİVRİĞİ;TURABALİ;ŞELALE SOKAK;sokak;1142985
SİVAS;DİVRİĞİ;TURABALİ;ŞULE SOKAK;sokak;1275453
SİVAS;DİVRİĞİ;TURABALİ;TAŞOCAĞI CADDE;cadde;1142967
SİVAS;DİVRİĞİ;TURABALİ;TURNALAR SOKAK;sokak;1275455
SİVAS;DİVRİĞİ;TURABALİ;TÜLİN SOKAK;sokak;1157679
SİVAS;DİVRİĞİ;TURABALİ;TÜRKÜ SOKAK;sokak;1275457
SİVAS;DİVRİĞİ;TURABALİ;UĞUR BÖCEĞİ SOKAK;sokak;1142971
SİVAS;DİVRİĞİ;TURABALİ;ULUS SOKAK;sokak;1142969
SİVAS;DİVRİĞİ;TURABALİ;VİLLA SOKAK;sokak;1142975
SİVAS;DİVRİĞİ;TURABALİ;YENİ SOKAK;sokak;1142977
SİVAS;DİVRİĞİ;TURABALİ;YEŞİLLİK SOKAK;sokak;1142979
SİVAS;DİVRİĞİ;TURABALİ;YÜZÜNCÜ YIL SOKAK;sokak;1142981
SİVAS;DİVRİĞİ;TURABALİ;ZÜLFİKAR SOKAK;sokak;1275465
SİVAS;DİVRİĞİ;ULUCAMİİ;BAHRİYE ÜÇOK CADDE;cadde;1142987
SİVAS;DİVRİĞİ;ULUCAMİİ;BEKİR ÇAVUŞ SOKAK;sokak;1142989
SİVAS;DİVRİĞİ;ULUCAMİİ;CANLAR SOKAK;sokak;1142991
SİVAS;DİVRİĞİ;ULUCAMİİ;DANACI SADIK ÖZGÜR CADDE;cadde;1142993
SİVAS;DİVRİĞİ;ULUCAMİİ;EMEKÇİ SOKAK;sokak;1142995
SİVAS;DİVRİĞİ;ULUCAMİİ;ERDEMLİ SOKAK;sokak;1142997
SİVAS;DİVRİĞİ;ULUCAMİİ;GÜLİŞ SOKAK;sokak;1142999
SİVAS;DİVRİĞİ;ULUCAMİİ;GÜNEY SOKAK;sokak;1143001
SİVAS;DİVRİĞİ;ULUCAMİİ;KALENDER SOKAK;sokak;1143003
SİVAS;DİVRİĞİ;ULUCAMİİ;KAYALIK SOKAK;sokak;1143005
SİVAS;DİVRİĞİ;ULUCAMİİ;KUMRU SOKAK;sokak;1143007
SİVAS;DİVRİĞİ;ULUCAMİİ;SARP SOKAK;sokak;1143011
SİVAS;DİVRİĞİ;ULUCAMİİ;ULU CAMİ CADDE;cadde;1143013
SİVAS;DİVRİĞİ;ULUCAMİİ;YİĞİT SOKAK;sokak;1143015
SİVAS;DİVRİĞİ;ULUÇAYIR NA;ULUÇAYIR KÜME EVLER;sokak;654952
SİVAS;DİVRİĞİ;UZUNBAĞ - DOĞANCIK;DOĞANCIK KÜME EVLER;sokak;275901
SİVAS;DİVRİĞİ;UZUNBAĞ NA;UZUNBAĞ KÜME EVLER;sokak;115421
SİVAS;DİVRİĞİ;UZUNKAYA NA;UZUNKAYA KÜME EVLER;sokak;626492
SİVAS;DİVRİĞİ;ÜÇPINAR - ÇOBANLI;ÇOBANLI KÜME EVLER;sokak;701066
SİVAS;DİVRİĞİ;ÜÇPINAR NA;ÜÇPINAR KÜME EVLER;sokak;355694
SİVAS;DİVRİĞİ;ÜRÜK NA;ÜRÜK KÜME EVLER;sokak;668791
SİVAS;DİVRİĞİ;YAĞBASAN NA;YAĞBASAN KÜME EVLER;sokak;703683
SİVAS;DİVRİĞİ;YALNIZSÖĞÜT - İNANLI;İNANLI KÜME EVLER;sokak;706296
SİVAS;DİVRİĞİ;YALNIZSÖĞÜT NA;YALNIZSÖĞÜT KÜME EVLER;sokak;701236
SİVAS;DİVRİĞİ;YAZI NA;YAZI KÜME EVLER;sokak;395326
SİVAS;DİVRİĞİ;YERLİÇAY NA;YERLİÇAY KÜME EVLER;sokak;677278
SİVAS;DİVRİĞİ;YEŞİLYAYLA NA;YEŞİLYAYLA KÜME EVLER;sokak;609087
SİVAS;DİVRİĞİ;YEŞİLYOL - GÜÇLÜ;GÜÇLÜ KÜME EVLER;sokak;330561
SİVAS;DİVRİĞİ;YEŞİLYOL - HACIBOŞLAR;HACIBOŞLAR KÜME EVLER;sokak;408252
SİVAS;DİVRİĞİ;YEŞİLYOL NA;YEŞİLYOL KÜME EVLER;sokak;677461
SİVAS;DİVRİĞİ;YUSUFŞEYH NA;YUSUFŞEYH KÜME EVLER;sokak;676094
SİVAS;DİVRİĞİ;YUVA - SARPAN;SARPAN KÜME EVLER;sokak;666282
SİVAS;DİVRİĞİ;YUVA NA;YUVA KÜME EVLER;sokak;666477
SİVAS;DİVRİĞİ;ZELİHA HATUN;ASIM BEZİRCİ CADDE;cadde;1143017
SİVAS;DİVRİĞİ;ZELİHA HATUN;CEDİT PAŞA CADDE;cadde;1143019
SİVAS;DİVRİĞİ;ZELİHA HATUN;GÜLSÜM KARABABA SOKAK;sokak;1143021
SİVAS;DİVRİĞİ;ZELİHA HATUN;KANARYA SOKAK;sokak;1143023
SİVAS;DİVRİĞİ;ZELİHA HATUN;KAYNARCA SOKAK;sokak;1143025
SİVAS;DİVRİĞİ;ZELİHA HATUN;MEHMET ATAY SOKAK;sokak;1143029
SİVAS;DİVRİĞİ;ZELİHA HATUN;MEVSİM SOKAK;sokak;1143047
SİVAS;DİVRİĞİ;ZELİHA HATUN;ÖMÜR SOKAK;sokak;1143057
SİVAS;DİVRİĞİ;ZELİHA HATUN;PİR SULTAN CADDE;cadde;1143049
SİVAS;DİVRİĞİ;ZELİHA HATUN;SAİT METİN SOKAK;sokak;1143051
SİVAS;DİVRİĞİ;ZELİHA HATUN;SELÇUK SOKAK;sokak;1143053
SİVAS;DİVRİĞİ;ZELİHA HATUN;SİMGE SOKAK;sokak;1143055
SİVAS;DOĞANŞAR;ALANKÖY NA;ALAN KÜME EVLER;sokak;684425
SİVAS;DOĞANŞAR;ALAZLI NA;ALAZLI KÜME EVLER;sokak;162319
SİVAS;DOĞANŞAR;ARSLANTAŞ NA;ASLANTAŞ KÜME EVLER;sokak;664071
SİVAS;DOĞANŞAR;AVCIÇAYI NA;AVCIÇAYI KÜME EVLER;sokak;682815
SİVAS;DOĞANŞAR;BAŞEKİN - AŞAĞI;AŞAĞI KÜME EVLER;sokak;681910
SİVAS;DOĞANŞAR;BAŞEKİN - KELOSMANGİL;KELOSMANGİL KÜME EVLER;sokak;681989
SİVAS;DOĞANŞAR;BAŞEKİN NA;BAŞEKİN KÜME EVLER;sokak;304974
SİVAS;DOĞANŞAR;BEŞAĞAÇ - BEŞAĞAÇ;BEŞAĞAÇ KÜME EVLER;sokak;120782
SİVAS;DOĞANŞAR;BEŞAĞAÇ - BURUNCUK;BURUNCUK KÜME EVLER;sokak;688327
SİVAS;DOĞANŞAR;BEŞAĞAÇ - KARACAALİ;KARACAALİ KÜME EVLER;sokak;689016
SİVAS;DOĞANŞAR;BOYALI NA;BOYALI KÜME EVLER;sokak;157868
SİVAS;DOĞANŞAR;CAMİKEBİR;AHMET AYIK CADDE;cadde;460092
SİVAS;DOĞANŞAR;CAMİKEBİR;BAĞ YOLU CADDE;cadde;342717
SİVAS;DOĞANŞAR;CAMİKEBİR;C.KEBİR YENİYOL 1 SOKAK;sokak;292880730
SİVAS;DOĞANŞAR;CAMİKEBİR;C.KEBİR YENİYOL 2 SOKAK;sokak;819219260
SİVAS;DOĞANŞAR;CAMİKEBİR;C.KEBİR YENİYOL 3 SOKAK;sokak;898218470
SİVAS;DOĞANŞAR;CAMİKEBİR;C.KEBİR YENİYOL 4 SOKAK;sokak;149262240
SİVAS;DOĞANŞAR;CAMİKEBİR;CAMİKEBİR 1. SOKAK;sokak;342715
SİVAS;DOĞANŞAR;CAMİKEBİR;CAMİKEBİR 2. SOKAK;sokak;342716
SİVAS;DOĞANŞAR;CAMİKEBİR;CAMİKEBİR YENİYOL 5 SOKAK;sokak;630669710
SİVAS;DOĞANŞAR;CAMİKEBİR;CAMİKEBİR YENİYOL 6 SOKAK;sokak;706926290
SİVAS;DOĞANŞAR;CAMİKEBİR;İÇ KALE 2. SOKAK;sokak;295515951
SİVAS;DOĞANŞAR;CAMİKEBİR;KALE YENİYOL 4 SOKAK;sokak;996790370
SİVAS;DOĞANŞAR;CAMİKEBİR;KALE YENİYOL 7 SOKAK;sokak;826570650
SİVAS;DOĞANŞAR;CAMİKEBİR;SADIK ÇEŞME 1. SOKAK;sokak;460093
SİVAS;DOĞANŞAR;CAMİKEBİR;SADIK ÇEŞME 2. SOKAK;sokak;342719
SİVAS;DOĞANŞAR;CAMİKEBİR;SÜLEYMAN KUBUR CADDE;cadde;342718
SİVAS;DOĞANŞAR;CAMİKEBİR;TAŞ KÖPRÜ SOKAK;sokak;342720
SİVAS;DOĞANŞAR;CİNCİ;ABDULLAH GÜLER CADDE;cadde;342724
SİVAS;DOĞANŞAR;CİNCİ;CİNCİ YENİYOL 1 SOKAK;sokak;166859500
SİVAS;DOĞANŞAR;CİNCİ;CİNCİ YENİYOL 2 SOKAK;sokak;687578060
SİVAS;DOĞANŞAR;CİNCİ;CİNCİ YENİYOL 3 SOKAK;sokak;963091170
SİVAS;DOĞANŞAR;CİNCİ;CİNCİ YENİYOL 4 SOKAK;sokak;138867670
SİVAS;DOĞANŞAR;CİNCİ;CİNCİ YENİYOL 5 SOKAK;sokak;972164100
SİVAS;DOĞANŞAR;CİNCİ;CİNCİ YENİYOL1 SOKAK;sokak;834045820
SİVAS;DOĞANŞAR;CİNCİ;HASAN HEVÜKLÜOĞLU CADDE;cadde;342721
SİVAS;DOĞANŞAR;CİNCİ;HASTANE CADDE;cadde;460094
SİVAS;DOĞANŞAR;CİNCİ;MEYDANBAŞI SOKAK;sokak;540135
SİVAS;DOĞANŞAR;CİNCİ;SANAYİ SOKAK;sokak;342722
SİVAS;DOĞANŞAR;CİNCİ;SAYLAR SOKAK;sokak;342723
SİVAS;DOĞANŞAR;ÇALICI NA;ÇALICI KÜME EVLER;sokak;672306
SİVAS;DOĞANŞAR;ÇATPINAR - KÖYÜN KENDİSİ;ÇATPINAR KÜME EVLER;sokak;656483
SİVAS;DOĞANŞAR;ÇAY;ABDULLAH GÜLER CADDE;cadde;342726
SİVAS;DOĞANŞAR;ÇAY;BELEDİYE SOKAK;sokak;460095
SİVAS;DOĞANŞAR;ÇAY;CİNCİ YENİYOL 3 SOKAK;sokak;742736810
SİVAS;DOĞANŞAR;ÇAY;CİNCİ YENİYOL 4 SOKAK;sokak;759474731
SİVAS;DOĞANŞAR;ÇAY;ÇAY YENİYOL1 SOKAK;sokak;509639820
SİVAS;DOĞANŞAR;ÇAY;HAMAM SOKAK;sokak;342725
SİVAS;DOĞANŞAR;ÇAY;İÇ KALE 2. SOKAK;sokak;117589501
SİVAS;DOĞANŞAR;ÇAY;KALE YENİYOL 1 SOKAK;sokak;548533460
SİVAS;DOĞANŞAR;ÇAY;SARIKAYA SOKAK;sokak;460096
SİVAS;DOĞANŞAR;DARIKOL NA;DARIKOL KÜME EVLER;sokak;670229
SİVAS;DOĞANŞAR;DEVRİŞAĞA;ARAP ÇEŞME SOKAK;sokak;342727
SİVAS;DOĞANŞAR;DEVRİŞAĞA;DEVRİŞAĞA YENİYOL 1 SOKAK;sokak;159834970
SİVAS;DOĞANŞAR;DEVRİŞAĞA;DEVRİŞAĞA YENİYOL 2 SOKAK;sokak;152023280
SİVAS;DOĞANŞAR;DEVRİŞAĞA;DEVRİŞAĞA YENİYOL 3 SOKAK;sokak;953414910
SİVAS;DOĞANŞAR;DEVRİŞAĞA;DEVRİŞAĞA YENİYOL 4 SOKAK;sokak;513937910
SİVAS;DOĞANŞAR;DEVRİŞAĞA;DEVRİŞAĞA YENİYOL 5 SOKAK;sokak;396948720
SİVAS;DOĞANŞAR;DEVRİŞAĞA;HASAN HEVÜKLÜOĞLU CADDE;cadde;342728
SİVAS;DOĞANŞAR;DEVRİŞAĞA;HÜSEYİN YUMUŞAK CADDE;cadde;342729
SİVAS;DOĞANŞAR;DEVRİŞAĞA;KALE YENİYOL 2 SOKAK;sokak;848558400
SİVAS;DOĞANŞAR;DEVRİŞAĞA;KALE YENİYOL 6 SOKAK;sokak;686945950
SİVAS;DOĞANŞAR;DEVRİŞAĞA;KALE YENİYOL 7 SOKAK;sokak;515115660
SİVAS;DOĞANŞAR;DEVRİŞAĞA;MECNUN OTYAKMAZ CADDE;cadde;910903401
SİVAS;DOĞANŞAR;DEVRİŞAĞA;OKUL CADDE;cadde;460097
SİVAS;DOĞANŞAR;DÜNDAR NA;DÜNDAR KÜME EVLER;sokak;567939
SİVAS;DOĞANŞAR;EKİNCİLER - BAĞDERESİ MEZRASI;BAĞDERESİ MEZRASI KÜME EVLER;sokak;681036
SİVAS;DOĞANŞAR;EKİNCİLER - DÖNEDERE MEZRASI;DÖNEDERE MEZRASI KÜME EVLER;sokak;686092
SİVAS;DOĞANŞAR;EKİNCİLER NA;EKİNCİLER KÜME EVLER;sokak;104529
SİVAS;DOĞANŞAR;ESKİKÖY NA;ESKİKÖY KÜME EVLER;sokak;676558
SİVAS;DOĞANŞAR;GÖÇÜKÖY NA;GÖÇÜKÖY KÜME EVLER;sokak;667595
SİVAS;DOĞANŞAR;İÇDERE NA;İÇDERE KÜME EVLER;sokak;667285
SİVAS;DOĞANŞAR;KALE;ABDULLAH GÜLER CADDE;cadde;506126210
SİVAS;DOĞANŞAR;KALE;HÜSEYİN YUMUŞAK CADDE;cadde;809308110
SİVAS;DOĞANŞAR;KALE;İÇ KALE 1. SOKAK;sokak;345360
SİVAS;DOĞANŞAR;KALE;İÇ KALE 2. SOKAK;sokak;460098
SİVAS;DOĞANŞAR;KALE;KALE YENİYOL 1 SOKAK;sokak;548533461
SİVAS;DOĞANŞAR;KALE;KALE YENİYOL 2 SOKAK;sokak;570810850
SİVAS;DOĞANŞAR;KALE;KALE YENİYOL 3 SOKAK;sokak;868750280
SİVAS;DOĞANŞAR;KALE;KALE YENİYOL 4 SOKAK;sokak;963450790
SİVAS;DOĞANŞAR;KALE;KALE YENİYOL 5 SOKAK;sokak;307257740
SİVAS;DOĞANŞAR;KALE;KALE YENİYOL 7 SOKAK;sokak;444606650
SİVAS;DOĞANŞAR;KALE;MECNUN OTYAKMAZ CADDE;cadde;345359
SİVAS;DOĞANŞAR;KARKIN - KARACAKAYA 1;KARACAKAYA 1 KÜME EVLER;sokak;684339
SİVAS;DOĞANŞAR;KARKIN - KARACAKAYA 2;KARACAKAYA 2 KÜME EVLER;sokak;683159
SİVAS;DOĞANŞAR;KARKIN - KARKIN;KARKIN KÜME EVLER;sokak;700802
SİVAS;DOĞANŞAR;KIPÇAK NA;KIPCAK KÜME EVLER;sokak;680886
SİVAS;DOĞANŞAR;KOZAĞAÇ NA;KOZAĞAÇ KÜME EVLER;sokak;449060
SİVAS;DOĞANŞAR;KOZLU - DERE;DERE KÜME EVLER;sokak;682833
SİVAS;DOĞANŞAR;KOZLU - HAMAM;HAMAM KÜME EVLER;sokak;681440
SİVAS;DOĞANŞAR;KOZLU NA;KOZLU KÜME EVLER;sokak;676048
SİVAS;DOĞANŞAR;OKÇULU NA;OKCULU KÜME EVLER;sokak;674603
SİVAS;DOĞANŞAR;ORTAKÖY NA;ORTAKÖY KÜME EVLER;sokak;677607
SİVAS;DOĞANŞAR;ÖMERAĞA;ABDULLAH GÜLER CADDE;cadde;345362
SİVAS;DOĞANŞAR;ÖMERAĞA;HÜSEYİN YUMUŞAK CADDE;cadde;345361
SİVAS;DOĞANŞAR;ÖMERAĞA;KALE YENİYOL 2 SOKAK;sokak;244252410
SİVAS;DOĞANŞAR;ÖMERAĞA;ÖMERAĞA YENİYOL3 SOKAK;sokak;412054510
SİVAS;DOĞANŞAR;ÖMERAĞA;YENİ CAMİ 1. SOKAK;sokak;345363
SİVAS;DOĞANŞAR;ÖMERAĞA;YENİ CAMİ 2. SOKAK;sokak;460099
SİVAS;DOĞANŞAR;SARISUVAT NA;SARISUVAT KÜME EVLER;sokak;681335
SİVAS;DOĞANŞAR;SÖBÜLER - DEVECİ MEZRASI;DEVECİ MEZRASI KÜME EVLER;sokak;672275
SİVAS;DOĞANŞAR;SÖBÜLER - ORTA MEZRA;ORTA MEZRA KÜME EVLER;sokak;193111
SİVAS;DOĞANŞAR;SÖBÜLER NA;SÖBÜLER KÜME EVLER;sokak;676875
SİVAS;DOĞANŞAR;TAVZA NA;TAVZA KÜME EVLER;sokak;322226
SİVAS;DOĞANŞAR;ÜTÜK NA;ÜTÜK KÜME EVLER;sokak;679419
SİVAS;DOĞANŞAR;YAVŞANCIK - GÜLŞEHİR MEZRASI;GÜLŞEHİR MEZRASI KÜME EVLER;sokak;673764
SİVAS;DOĞANŞAR;YAVŞANCIK NA;YAVŞANCIK KÜME EVLER;sokak;671945
SİVAS;DOĞANŞAR;YEŞİLÇUKUR NA;YEŞİLÇUKUR KÜME EVLER;sokak;672859
SİVAS;GEMEREK;AKÇAŞAR NA;AKÇAŞAR KÜME EVLER;sokak;315637
SİVAS;GEMEREK;ALİ KEMALİ EFENDİ;201 SOKAK;sokak;709841090
SİVAS;GEMEREK;ALİ KEMALİ EFENDİ;202 SOKAK;sokak;208194540
SİVAS;GEMEREK;ALİ KEMALİ EFENDİ;203 SOKAK;sokak;939719841
SİVAS;GEMEREK;ALİ KEMALİ EFENDİ;205 SOKAK;sokak;562579671
SİVAS;GEMEREK;ALİ KEMALİ EFENDİ;206 SOKAK;sokak;216744600
SİVAS;GEMEREK;ALİ KEMALİ EFENDİ;207 SOKAK;sokak;162087381
SİVAS;GEMEREK;ALİ KEMALİ EFENDİ;208 SOKAK;sokak;550212081
SİVAS;GEMEREK;ALİ KEMALİ EFENDİ;209 SOKAK;sokak;640367421
SİVAS;GEMEREK;ALİ KEMALİ EFENDİ;210 SOKAK;sokak;641040031
SİVAS;GEMEREK;ALİ KEMALİ EFENDİ;211 SOKAK;sokak;716883940
SİVAS;GEMEREK;ALİ KEMALİ EFENDİ;212 SOKAK;sokak;170300240
SİVAS;GEMEREK;ALİ KEMALİ EFENDİ;213 SOKAK;sokak;668361981
SİVAS;GEMEREK;ALİ KEMALİ EFENDİ;214 SOKAK;sokak;417118961
SİVAS;GEMEREK;ALİ KEMALİ EFENDİ;215 SOKAK;sokak;826056760
SİVAS;GEMEREK;ALİ KEMALİ EFENDİ;216 SOKAK;sokak;451078100
SİVAS;GEMEREK;ALİ KEMALİ EFENDİ;217 SOKAK;sokak;303020531
SİVAS;GEMEREK;ALİ KEMALİ EFENDİ;218 SOKAK;sokak;874033171
SİVAS;GEMEREK;ALİ KEMALİ EFENDİ;219 SOKAK;sokak;620163810
SİVAS;GEMEREK;ALİ KEMALİ EFENDİ;220 SOKAK;sokak;635217930
SİVAS;GEMEREK;ALİ KEMALİ EFENDİ;221 SOKAK;sokak;263045430
SİVAS;GEMEREK;ALİ KEMALİ EFENDİ;222 SOKAK;sokak;147811081
SİVAS;GEMEREK;ALİ KEMALİ EFENDİ;223 SOKAK;sokak;730361540
SİVAS;GEMEREK;ALİ KEMALİ EFENDİ;224 SOKAK;sokak;526787780
SİVAS;GEMEREK;ALİ KEMALİ EFENDİ;225 SOKAK;sokak;825556321
SİVAS;GEMEREK;ALİ KEMALİ EFENDİ;226 SOKAK;sokak;633310520
SİVAS;GEMEREK;ALİ KEMALİ EFENDİ;227 SOKAK;sokak;172669740
SİVAS;GEMEREK;ALİ KEMALİ EFENDİ;228 SOKAK;sokak;220052351
SİVAS;GEMEREK;ALİ KEMALİ EFENDİ;229 SOKAK;sokak;267197321
SİVAS;GEMEREK;ALİ KEMALİ EFENDİ;CAVİT BOZBIYIK CADDE;cadde;868422
SİVAS;GEMEREK;ALİ KEMALİ EFENDİ;ÇİĞDEM SOKAK;sokak;339310
SİVAS;GEMEREK;ALİ KEMALİ EFENDİ;DEVLET BAHÇELİ CADDE;cadde;460428
SİVAS;GEMEREK;ALİ KEMALİ EFENDİ;DR.BAHATTİN TANER CADDE;cadde;868665
SİVAS;GEMEREK;ALİ KEMALİ EFENDİ;KAYSERİ-SİVAS BULVAR;sokak;1509085
SİVAS;GEMEREK;ALİ KEMALİ EFENDİ;NERGİZ SOKAK;sokak;869765
SİVAS;GEMEREK;ALİ KEMALİ EFENDİ;NEVZAT YÜCEDAĞ CADDE;cadde;460429
SİVAS;GEMEREK;ALİ KEMALİ EFENDİ;RAGIP ÇATAK SOKAK;sokak;339305
SİVAS;GEMEREK;ALİ KEMALİ EFENDİ;TUĞ-SAN CADDE;cadde;865856
SİVAS;GEMEREK;ALPEREN;101 SOKAK;sokak;631395880
SİVAS;GEMEREK;ALPEREN;102 SOKAK;sokak;455292520
SİVAS;GEMEREK;ALPEREN;103 SOKAK;sokak;368541560
SİVAS;GEMEREK;ALPEREN;104 SOKAK;sokak;154320990
SİVAS;GEMEREK;ALPEREN;105 SOKAK;sokak;344912581
SİVAS;GEMEREK;ALPEREN;106 SOKAK;sokak;422764771
SİVAS;GEMEREK;ALPEREN;BAĞLAR SOKAK;sokak;889408
SİVAS;GEMEREK;ALPEREN;BAHAR SOKAK;sokak;889409
SİVAS;GEMEREK;ALPEREN;CAMİ SOKAK;sokak;889402
SİVAS;GEMEREK;ALPEREN;FATİH SOKAK;sokak;889404
SİVAS;GEMEREK;ALPEREN;GÖKTÜRK CADDE;cadde;889804
SİVAS;GEMEREK;ALPEREN;HAFIZ UĞURLU PETROL KARŞISI KÜME EVLER;sokak;544507
SİVAS;GEMEREK;ALPEREN;HAYVANCILIK BÖLGESİ KÜME EVLER;sokak;1025411
SİVAS;GEMEREK;ALPEREN;İSTASYON SOKAK;sokak;889401
SİVAS;GEMEREK;ALPEREN;KARAGÖL SOKAK;sokak;889406
SİVAS;GEMEREK;ALPEREN;KIZILIRMAK CADDE;cadde;889413
SİVAS;GEMEREK;ALPEREN;KIZIŞAR SOKAK;sokak;889407
SİVAS;GEMEREK;ALPEREN;KÖROĞLU CADDE;cadde;889399
SİVAS;GEMEREK;ALPEREN;MADEN SOKAK;sokak;889411
SİVAS;GEMEREK;ALPEREN;SU DEPOSU KÜME EVLER;sokak;316606
SİVAS;GEMEREK;ALPEREN;TCK İL YOLU BULVAR;sokak;326493860
SİVAS;GEMEREK;ALPEREN;YASEMİN CADDE;cadde;544960
SİVAS;GEMEREK;BAHÇELİ;501 SOKAK;sokak;760429930
SİVAS;GEMEREK;BAHÇELİ;601 SOKAK;sokak;498819720
SİVAS;GEMEREK;BAHÇELİ;602 SOKAK;sokak;425464990
SİVAS;GEMEREK;BAHÇELİ;603 SOKAK;sokak;469675760
SİVAS;GEMEREK;BAHÇELİ;604 SOKAK;sokak;239825980
SİVAS;GEMEREK;BAHÇELİ;605 SOKAK;sokak;295300601
SİVAS;GEMEREK;BAHÇELİ;606 SOKAK;sokak;134118060
SİVAS;GEMEREK;BAHÇELİ;607 SOKAK;sokak;938562430
SİVAS;GEMEREK;BAHÇELİ;608 SOKAK;sokak;710077361
SİVAS;GEMEREK;BAHÇELİ;609 SOKAK;sokak;752215071
SİVAS;GEMEREK;BAHÇELİ;610 SOKAK;sokak;520841421
SİVAS;GEMEREK;BAHÇELİ;611 SOKAK;sokak;519527860
SİVAS;GEMEREK;BAHÇELİ;612 SOKAK;sokak;862885371
SİVAS;GEMEREK;BAHÇELİ;613 SOKAK;sokak;618069800
SİVAS;GEMEREK;BAHÇELİ;614 SOKAK;sokak;610170590
SİVAS;GEMEREK;BAHÇELİ;615 SOKAK;sokak;651367641
SİVAS;GEMEREK;BAHÇELİ;616 SOKAK;sokak;154135110
SİVAS;GEMEREK;BAHÇELİ;ADEM YAVUZ CADDE;cadde;345368
SİVAS;GEMEREK;BAHÇELİ;BADEM 1 SOKAK;sokak;676188
SİVAS;GEMEREK;BAHÇELİ;BADEM 2 SOKAK;sokak;677087
SİVAS;GEMEREK;BAHÇELİ;BADEM SOKAK;sokak;345369
SİVAS;GEMEREK;BAHÇELİ;BADEM3 SOKAK;sokak;757301431
SİVAS;GEMEREK;BAHÇELİ;BADEM4 SOKAK;sokak;740079231
SİVAS;GEMEREK;BAHÇELİ;BAYIR SOKAK;sokak;345370
SİVAS;GEMEREK;BAHÇELİ;CEMİL ÖZCAN CADDE;cadde;460102
SİVAS;GEMEREK;BAHÇELİ;CENGİZ TOPEL CADDE;cadde;345371
SİVAS;GEMEREK;BAHÇELİ;CEVAT BOZBIYIK SOKAK;sokak;345372
SİVAS;GEMEREK;BAHÇELİ;CEVAT BOZBIYIK1 SOKAK;sokak;879943310
SİVAS;GEMEREK;BAHÇELİ;CUMHURİYET1 MEYDAN;sokak;345373
SİVAS;GEMEREK;BAHÇELİ;DEVLET BAHÇELİ CADDE;cadde;460423
SİVAS;GEMEREK;BAHÇELİ;DR.BAHATTİN TANER CADDE;cadde;460103
SİVAS;GEMEREK;BAHÇELİ;EVLİYA SOKAK;sokak;339283
SİVAS;GEMEREK;BAHÇELİ;EVLİYA1 SOKAK;sokak;245854991
SİVAS;GEMEREK;BAHÇELİ;HABİL SOKAK;sokak;339284
SİVAS;GEMEREK;BAHÇELİ;HACI OSMAN EFENDİ SOKAK;sokak;339285
SİVAS;GEMEREK;BAHÇELİ;HARUK KÜME EVLER;sokak;460104
SİVAS;GEMEREK;BAHÇELİ;HİKMET YALÇIN SOKAK;sokak;460105
SİVAS;GEMEREK;BAHÇELİ;HİKMET YALÇIN1 SOKAK;sokak;524244701
SİVAS;GEMEREK;BAHÇELİ;HÜKÜMET 1 SOKAK;sokak;697673
SİVAS;GEMEREK;BAHÇELİ;HÜKÜMET CADDE;cadde;339287
SİVAS;GEMEREK;BAHÇELİ;KAHRİ EFENDİ CADDE;cadde;868948
SİVAS;GEMEREK;BAHÇELİ;KARA ÖZÜ 1 SOKAK;sokak;488877310
SİVAS;GEMEREK;BAHÇELİ;KARA ÖZÜ 2 SOKAK;sokak;279572321
SİVAS;GEMEREK;BAHÇELİ;KARA ÖZÜ CADDE;cadde;339288
SİVAS;GEMEREK;BAHÇELİ;KAYALI SOKAK;sokak;814849
SİVAS;GEMEREK;BAHÇELİ;KÜLEKÇİ KÜME EVLER;sokak;339289
SİVAS;GEMEREK;BAHÇELİ;PAPATYA SOKAK;sokak;460424
SİVAS;GEMEREK;BAHÇELİ;SAĞLIK OCAĞI CADDE;cadde;339291
SİVAS;GEMEREK;BAHÇELİ;SEYRAN SOKAK;sokak;698125
SİVAS;GEMEREK;BAHÇELİ;SEYRANTEPE CADDE;cadde;339292
SİVAS;GEMEREK;BAHÇELİ;TEKKE CADDE;cadde;460100
SİVAS;GEMEREK;BAHÇELİ;TUĞSAN 1 SOKAK;sokak;698126
SİVAS;GEMEREK;BAHÇELİ;UZUN BAYIR SOKAK;sokak;345366
SİVAS;GEMEREK;BAHÇELİ;YAVUZ SELİM CADDE;cadde;345367
SİVAS;GEMEREK;BAŞTEPE NA;BAŞTEPELER KÜME EVLER;sokak;553001
SİVAS;GEMEREK;BULHASAN NA;BULHASAN KÜME EVLER;sokak;552772
SİVAS;GEMEREK;BURHANKÖY NA;BURHAN KÜME EVLER;sokak;634255
SİVAS;GEMEREK;CESURLAR - CEVİZCİK;CEVİZCİK KÜME EVLER;sokak;352714
SİVAS;GEMEREK;CESURLAR - SARIKAYA;SARIKAYA KÜME EVLER;sokak;577759
SİVAS;GEMEREK;CESURLAR NA;CESURLAR KÜME EVLER;sokak;578341
SİVAS;GEMEREK;ÇATKÖY - ADEMİN YAYLASI;ADEMGİLİN YAYLASI KÜME EVLER;sokak;652616
SİVAS;GEMEREK;ÇATKÖY - ALİGİLLERİN YAYLASI;ALİGİLLERİN YAYLASI KÜME EVLER;sokak;646300
SİVAS;GEMEREK;ÇATKÖY - HATABALANI YAYLASI;HATABALANI YAYLASI KÜME EVLER;sokak;648323
SİVAS;GEMEREK;ÇATKÖY - KİLİSEALAN YAYLASI;KİLİSEALAN YAYLASI KÜME EVLER;sokak;653303
SİVAS;GEMEREK;ÇATKÖY - NECİPLERİN YAYLASI;NECİPLERİN YAYLASI KÜME EVLER;sokak;639878
SİVAS;GEMEREK;ÇATKÖY - ÖMERÇAVUŞ YAYLASI;ÖMER ÇAVUŞ YAYLASI KÜME EVLER;sokak;639857
SİVAS;GEMEREK;ÇATKÖY - YAYLA EVİ;YAYLA EVİ KÜME EVLER;sokak;649878
SİVAS;GEMEREK;ÇATKÖY NA;ÇAT KÜME EVLER;sokak;106416
SİVAS;GEMEREK;ÇEPNİ - ALAYBEY;ALAYBEY YENİYOL 1 SOKAK;sokak;244366850
SİVAS;GEMEREK;ÇEPNİ - ALAYBEY;ALAYBEY YENİYOL 2 SOKAK;sokak;839493210
SİVAS;GEMEREK;ÇEPNİ - ALAYBEY;ALAYBEY YENİYOL 3 SOKAK;sokak;873350710
SİVAS;GEMEREK;ÇEPNİ - ALAYBEY;ALAYBEY YENİYOL 4 SOKAK;sokak;405694510
SİVAS;GEMEREK;ÇEPNİ - ALAYBEY;ALAYBEY YENİYOL 5 SOKAK;sokak;324600810
SİVAS;GEMEREK;ÇEPNİ - ALAYBEY;ALAYBEY YENİYOL33 SOKAK;sokak;423076450
SİVAS;GEMEREK;ÇEPNİ - ALAYBEY;ASMALI SOKAK;sokak;339231
SİVAS;GEMEREK;ÇEPNİ - ALAYBEY;BAHÇELİEVLER SOKAK;sokak;339238
SİVAS;GEMEREK;ÇEPNİ - ALAYBEY;ÇAĞLAYAN SOKAK;sokak;339227
SİVAS;GEMEREK;ÇEPNİ - ALAYBEY;ÇIKMAZ SOKAK;sokak;339245
SİVAS;GEMEREK;ÇEPNİ - ALAYBEY;ÇİÇEKLİ SOKAK;sokak;339323
SİVAS;GEMEREK;ÇEPNİ - ALAYBEY;DAĞINIK KÜME EVLER;sokak;339239
SİVAS;GEMEREK;ÇEPNİ - ALAYBEY;DEĞİRMEN SOKAK;sokak;339229
SİVAS;GEMEREK;ÇEPNİ - ALAYBEY;EMEK SOKAK;sokak;340951
SİVAS;GEMEREK;ÇEPNİ - ALAYBEY;ERDAL İNÖNÜ CADDE;cadde;339240
SİVAS;GEMEREK;ÇEPNİ - ALAYBEY;GÜL SOKAK;sokak;339236
SİVAS;GEMEREK;ÇEPNİ - ALAYBEY;GÜNEŞ SOKAK;sokak;339237
SİVAS;GEMEREK;ÇEPNİ - ALAYBEY;HUZUR SOKAK;sokak;339230
SİVAS;GEMEREK;ÇEPNİ - ALAYBEY;IRMAK KÜME EVLER;sokak;339232
SİVAS;GEMEREK;ÇEPNİ - ALAYBEY;KAYIN KÜME EVLER;sokak;339228
SİVAS;GEMEREK;ÇEPNİ - ALAYBEY;MEHMET ALTAY CADDE;cadde;339241
SİVAS;GEMEREK;ÇEPNİ - ALAYBEY;MENEKŞE SOKAK;sokak;339235
SİVAS;GEMEREK;ÇEPNİ - ALAYBEY;MESTAN BEY CADDE;cadde;339242
SİVAS;GEMEREK;ÇEPNİ - ALAYBEY;MEŞE SOKAK;sokak;339324
SİVAS;GEMEREK;ÇEPNİ - ALAYBEY;OKUL CADDE;cadde;339243
SİVAS;GEMEREK;ÇEPNİ - ALAYBEY;SINIR CADDE;cadde;339244
SİVAS;GEMEREK;ÇEPNİ - ALAYBEY;ŞİRİN SOKAK;sokak;339233
SİVAS;GEMEREK;ÇEPNİ - ALAYBEY;ZAFER SOKAK;sokak;339234
SİVAS;GEMEREK;ÇEPNİ - Ş.BİNBAŞI MEHMET ARAS;11 EVLER CADDE;cadde;469448
SİVAS;GEMEREK;ÇEPNİ - Ş.BİNBAŞI MEHMET ARAS;AKASYA SOKAK;sokak;469446
SİVAS;GEMEREK;ÇEPNİ - Ş.BİNBAŞI MEHMET ARAS;ALAYBEY YENİYOL 1 SOKAK;sokak;244366851
SİVAS;GEMEREK;ÇEPNİ - Ş.BİNBAŞI MEHMET ARAS;ALAYBEY YENİYOL 3 SOKAK;sokak;873350711
SİVAS;GEMEREK;ÇEPNİ - Ş.BİNBAŞI MEHMET ARAS;CEYLAN SOKAK;sokak;469447
SİVAS;GEMEREK;ÇEPNİ - Ş.BİNBAŞI MEHMET ARAS;ÇINAR SOKAK;sokak;339266
SİVAS;GEMEREK;ÇEPNİ - Ş.BİNBAŞI MEHMET ARAS;ÇİĞDEM SOKAK;sokak;339247
SİVAS;GEMEREK;ÇEPNİ - Ş.BİNBAŞI MEHMET ARAS;DERE SOKAK;sokak;339263
SİVAS;GEMEREK;ÇEPNİ - Ş.BİNBAŞI MEHMET ARAS;DİKMEN SOKAK;sokak;339261
SİVAS;GEMEREK;ÇEPNİ - Ş.BİNBAŞI MEHMET ARAS;DOĞU CADDE;cadde;339252
SİVAS;GEMEREK;ÇEPNİ - Ş.BİNBAŞI MEHMET ARAS;ERDAL İNÖNÜ CADDE;cadde;469444
SİVAS;GEMEREK;ÇEPNİ - Ş.BİNBAŞI MEHMET ARAS;FİDANLIK CADDE;cadde;339253
SİVAS;GEMEREK;ÇEPNİ - Ş.BİNBAŞI MEHMET ARAS;GÜÇHAN CADDE;cadde;339254
SİVAS;GEMEREK;ÇEPNİ - Ş.BİNBAŞI MEHMET ARAS;KARANFİL SOKAK;sokak;339258
SİVAS;GEMEREK;ÇEPNİ - Ş.BİNBAŞI MEHMET ARAS;KARDELEN SOKAK;sokak;339250
SİVAS;GEMEREK;ÇEPNİ - Ş.BİNBAŞI MEHMET ARAS;KAVAK SOKAK;sokak;339251
SİVAS;GEMEREK;ÇEPNİ - Ş.BİNBAŞI MEHMET ARAS;KUŞBURNU SOKAK;sokak;339259
SİVAS;GEMEREK;ÇEPNİ - Ş.BİNBAŞI MEHMET ARAS;MEVSİM SOKAK;sokak;339262
SİVAS;GEMEREK;ÇEPNİ - Ş.BİNBAŞI MEHMET ARAS;NANELİ SOKAK;sokak;339260
SİVAS;GEMEREK;ÇEPNİ - Ş.BİNBAŞI MEHMET ARAS;PAPATYA SOKAK;sokak;339249
SİVAS;GEMEREK;ÇEPNİ - Ş.BİNBAŞI MEHMET ARAS;PINAR KÜME EVLER;sokak;339257
SİVAS;GEMEREK;ÇEPNİ - Ş.BİNBAŞI MEHMET ARAS;SERİNEVLER CADDE;cadde;469445
SİVAS;GEMEREK;ÇEPNİ - Ş.BİNBAŞI MEHMET ARAS;SINIR CADDE;cadde;339255
SİVAS;GEMEREK;ÇEPNİ - Ş.BİNBAŞI MEHMET ARAS;SÜMBÜL SOKAK;sokak;339248
SİVAS;GEMEREK;ÇEPNİ - Ş.BİNBAŞI MEHMET ARAS;Ş BİNBAŞI YENİYOL 4 SOKAK;sokak;943917780
SİVAS;GEMEREK;ÇEPNİ - Ş.BİNBAŞI MEHMET ARAS;Ş.BİNBAŞI YENİYOL 1 SOKAK;sokak;665339850
SİVAS;GEMEREK;ÇEPNİ - Ş.BİNBAŞI MEHMET ARAS;Ş.BİNBAŞI YENİYOL 2 SOKAK;sokak;653421310
SİVAS;GEMEREK;ÇEPNİ - Ş.BİNBAŞI MEHMET ARAS;Ş.BİNBAŞI YENİYOL 3 SOKAK;sokak;169579610
SİVAS;GEMEREK;ÇEPNİ - Ş.BİNBAŞI MEHMET ARAS;Ş.BİNBAŞI YENİYOL 5 SOKAK;sokak;176180670
SİVAS;GEMEREK;ÇEPNİ - Ş.BİNBAŞI MEHMET ARAS;Ş.BİNBAŞI YENİYOL 6 SOKAK;sokak;608009430
SİVAS;GEMEREK;ÇEPNİ - Ş.BİNBAŞI MEHMET ARAS;Ş.BİNBAŞI YENİYOL 7 SOKAK;sokak;986813070
SİVAS;GEMEREK;ÇEPNİ - Ş.BİNBAŞI MEHMET ARAS;Ş.BİNBAŞI YENİYOL 8 SOKAK;sokak;131068360
SİVAS;GEMEREK;ÇEPNİ - Ş.BİNBAŞI MEHMET ARAS;TATAR SOKAK;sokak;339256
SİVAS;GEMEREK;ÇEPNİ - Ş.BİNBAŞI MEHMET ARAS;YILDIRIM SOKAK;sokak;339264
SİVAS;GEMEREK;ÇEPNİ - Ş.BİNBAŞI MEHMET ARAS;YÜCE SOKAK;sokak;469449
SİVAS;GEMEREK;ÇEPNİ - Ş.BİNBAŞI MEHMET ARAS;ZAKKUM SOKAK;sokak;339265
SİVAS;GEMEREK;ÇEPNİ - Ş.BİNBAŞI MEHMET ARAS;ZÜMRÜT SOKAK;sokak;339246
SİVAS;GEMEREK;ÇEPNİ - UĞUR MUMCU;BAĞLAR SOKAK;sokak;469450
SİVAS;GEMEREK;ÇEPNİ - UĞUR MUMCU;FİDANLIK CADDE;cadde;339267
SİVAS;GEMEREK;ÇEPNİ - UĞUR MUMCU;HAFIZ ÖMER ÖCAL CADDE;cadde;339268
SİVAS;GEMEREK;ÇEPNİ - UĞUR MUMCU;KINALI KAPI CADDE;cadde;469451
SİVAS;GEMEREK;ÇEPNİ - UĞUR MUMCU;Ş BİNBAŞI YENİYOL 4 SOKAK;sokak;233355240
SİVAS;GEMEREK;ÇEPNİ - UĞUR MUMCU;UĞUR MUMCU YENİYOL 1 SOKAK;sokak;481896410
SİVAS;GEMEREK;ÇEPNİ - UĞUR MUMCU;UĞUR MUMCU YENİYOL 2 SOKAK;sokak;565480190
SİVAS;GEMEREK;ÇEPNİ - UĞUR MUMCU;UĞUR MUMCU YENİYOL 3 SOKAK;sokak;229777480
SİVAS;GEMEREK;ÇEPNİ - UĞUR MUMCU;UĞUR MUMCU YENİYOL 4 SOKAK;sokak;306045650
SİVAS;GEMEREK;ÇİÇEKOĞLU NA;ÇİÇEKOĞLU KÜME EVLER;sokak;588034
SİVAS;GEMEREK;DENDİL NA;DENDİL KÜME EVLER;sokak;352012
SİVAS;GEMEREK;DURGUNSU - ÜÇAIL MEZRASI;ÜÇAIL MEZRASI KÜME EVLER;sokak;624253
SİVAS;GEMEREK;DURGUNSU NA;DURGUNSU KÜME EVLER;sokak;85413
SİVAS;GEMEREK;EĞERCİ - BAHÇELİEVLER;ATATÜRK SOKAK;sokak;581957
SİVAS;GEMEREK;EĞERCİ - BAHÇELİEVLER;BEKTAS TEPESI SOKAK;sokak;886084
SİVAS;GEMEREK;EĞERCİ - BAHÇELİEVLER;CUMHURIYET SOKAK;sokak;573746
SİVAS;GEMEREK;EĞERCİ - BAHÇELİEVLER;EĞERCİBABA KÜME EVLER;sokak;581958
SİVAS;GEMEREK;EĞERCİ - BAHÇELİEVLER;FATIH SOKAK;sokak;91607
SİVAS;GEMEREK;EĞERCİ - BAHÇELİEVLER;FEVZI ÇAKMAK SOKAK;sokak;91129
SİVAS;GEMEREK;EĞERCİ - BAHÇELİEVLER;FEVZI ÇAKMAK- SOKAK;sokak;339269
SİVAS;GEMEREK;EĞERCİ - BAHÇELİEVLER;GÜMÜSDERE SOKAK;sokak;575499
SİVAS;GEMEREK;EĞERCİ - BAHÇELİEVLER;GÜRÜZ- SOKAK;sokak;825308
SİVAS;GEMEREK;EĞERCİ - BAHÇELİEVLER;HASAN TAHSIN SOKAK;sokak;584482
SİVAS;GEMEREK;EĞERCİ - BAHÇELİEVLER;İSMET İNÖNÜ SOKAK;sokak;581969
SİVAS;GEMEREK;EĞERCİ - BAHÇELİEVLER;MIMAR SINAN SOKAK;sokak;584486
SİVAS;GEMEREK;EĞERCİ - BAHÇELİEVLER;ÖZELLER SOKAK;sokak;391588
SİVAS;GEMEREK;EĞERCİ - BAHÇELİEVLER;SELÇUKLU SOKAK;sokak;391550
SİVAS;GEMEREK;EĞERCİ - BAHÇELİEVLER;YEŞİLDERE SOKAK;sokak;575792
SİVAS;GEMEREK;EĞERCİ - BAHÇELİEVLER;YILDIRIM BEYAZIT SOKAK;sokak;584485
SİVAS;GEMEREK;EĞERCİ - GÖKSU;AHMET YESEVİ SOKAK;sokak;593350
SİVAS;GEMEREK;EĞERCİ - GÖKSU;ATATÜRK SOKAK;sokak;593749
SİVAS;GEMEREK;EĞERCİ - GÖKSU;CAMİ SOKAK;sokak;598383
SİVAS;GEMEREK;EĞERCİ - GÖKSU;DEVRİM SOKAK;sokak;594178
SİVAS;GEMEREK;EĞERCİ - GÖKSU;EĞERCİ BABA SOKAK;sokak;596222
SİVAS;GEMEREK;EĞERCİ - GÖKSU;EVLİYA SOKAK;sokak;603533
SİVAS;GEMEREK;EĞERCİ - GÖKSU;FATIH SOKAK;sokak;595393
SİVAS;GEMEREK;EĞERCİ - GÖKSU;GEMEREK SOKAK;sokak;592908
SİVAS;GEMEREK;EĞERCİ - GÖKSU;İBNİ SİNA SOKAK;sokak;597127
SİVAS;GEMEREK;EĞERCİ - GÖKSU;KENAN EVREN SOKAK;sokak;598399
SİVAS;GEMEREK;EĞERCİ - KARŞIYAKA;ATATÜRK - SOKAK;sokak;328367
SİVAS;GEMEREK;EĞERCİ - KARŞIYAKA;ATATÜRK SOKAK;sokak;328365
SİVAS;GEMEREK;EĞERCİ - KARŞIYAKA;CENGİZ TOPEL SOKAK;sokak;329154
SİVAS;GEMEREK;EĞERCİ - KARŞIYAKA;GEMEREK SOKAK;sokak;328369
SİVAS;GEMEREK;EĞERCİ - KARŞIYAKA;GEMEREKK SOKAK;sokak;328376
SİVAS;GEMEREK;EĞERCİ - KARŞIYAKA;İSTİKLAL SOKAK;sokak;328373
SİVAS;GEMEREK;EĞERCİ - KARŞIYAKA;KAYSERİ SOKAK;sokak;608701
SİVAS;GEMEREK;EĞERCİ - KARŞIYAKA;KAZIM KARABEKİR SOKAK;sokak;598720
SİVAS;GEMEREK;EĞERCİ - KARŞIYAKA;MEHMET AKİF ERSOY SOKAK;sokak;600928
SİVAS;GEMEREK;EĞERCİ - KARŞIYAKA;MİTHATPAŞA SOKAK;sokak;328371
SİVAS;GEMEREK;EĞERCİ - KARŞIYAKA;TUNA SOKAK;sokak;611756
SİVAS;GEMEREK;EĞERCİ - KARŞIYAKA;TUNA- SOKAK;sokak;611758
SİVAS;GEMEREK;EĞERCİ - KARŞIYAKA;YAVUZ SELİM SOKAK;sokak;328361
SİVAS;GEMEREK;EĞERCİ - KARŞIYAKA;YUNUS EMRE SOKAK;sokak;610887
SİVAS;GEMEREK;EKİZCE NA;EKİZCE KÜME EVLER;sokak;86603
SİVAS;GEMEREK;ESKİÇUBUK NA;EKİZCE KÜME EVLER;sokak;958919170
SİVAS;GEMEREK;ESKİÇUBUK NA;ESKİÇUBUK KÜME EVLER;sokak;560237
SİVAS;GEMEREK;ESKİYURT NA;ESKİYURT KÜME EVLER;sokak;71509
SİVAS;GEMEREK;EŞİKLİ NA;EŞİKLİ KÜME EVLER;sokak;25352
SİVAS;GEMEREK;FEVZİÇAKMAK;301 SOKAK;sokak;683204230
SİVAS;GEMEREK;FEVZİÇAKMAK;302 SOKAK;sokak;437577980
SİVAS;GEMEREK;FEVZİÇAKMAK;303 SOKAK;sokak;487903801
SİVAS;GEMEREK;FEVZİÇAKMAK;304 SOKAK;sokak;314214560
SİVAS;GEMEREK;FEVZİÇAKMAK;305 SOKAK;sokak;599714990
SİVAS;GEMEREK;FEVZİÇAKMAK;AÇELYA SOKAK;sokak;339293
SİVAS;GEMEREK;FEVZİÇAKMAK;BEGONYA SOKAK;sokak;460425
SİVAS;GEMEREK;FEVZİÇAKMAK;CAVİT BOZBIYIK CADDE;cadde;339294
SİVAS;GEMEREK;FEVZİÇAKMAK;DEVLET BAHÇELİ CADDE;cadde;339308
SİVAS;GEMEREK;FEVZİÇAKMAK;DR.BAHATTİN TANER CADDE;cadde;339295
SİVAS;GEMEREK;FEVZİÇAKMAK;EVREN CADDE;cadde;460426
SİVAS;GEMEREK;FEVZİÇAKMAK;FEVZİ ÇAKMAK YENİYOL7 SOKAK;sokak;323258471
SİVAS;GEMEREK;FEVZİÇAKMAK;GÜL SOKAK;sokak;339296
SİVAS;GEMEREK;FEVZİÇAKMAK;GÜNEŞEVLER 1. SOKAK;sokak;339297
SİVAS;GEMEREK;FEVZİÇAKMAK;GÜNEŞEVLER 2. SOKAK;sokak;339298
SİVAS;GEMEREK;FEVZİÇAKMAK;GÜNEŞEVLER 3. SOKAK;sokak;460427
SİVAS;GEMEREK;FEVZİÇAKMAK;HANİFİ DEMİRKOL CADDE;cadde;339299
SİVAS;GEMEREK;FEVZİÇAKMAK;HASAN BEY DERESİ KÜME EVLER;sokak;339286
SİVAS;GEMEREK;FEVZİÇAKMAK;HASTANE 2 SOKAK;sokak;244087421
SİVAS;GEMEREK;FEVZİÇAKMAK;KAYSERİ-SİVAS BULVAR;sokak;791056
SİVAS;GEMEREK;FEVZİÇAKMAK;LALE 1 SOKAK;sokak;689691
SİVAS;GEMEREK;FEVZİÇAKMAK;LALE SOKAK;sokak;339301
SİVAS;GEMEREK;FEVZİÇAKMAK;NERGİZ SOKAK;sokak;339303
SİVAS;GEMEREK;FEVZİÇAKMAK;OKULLAR CADDE;cadde;339304
SİVAS;GEMEREK;FEVZİÇAKMAK;OSB 1 SOKAK;sokak;1508991
SİVAS;GEMEREK;FEVZİÇAKMAK;OSB 2 SOKAK;sokak;1509013
SİVAS;GEMEREK;FEVZİÇAKMAK;OSB 3 SOKAK;sokak;1509015
SİVAS;GEMEREK;FEVZİÇAKMAK;OSB 4 SOKAK;sokak;1509017
SİVAS;GEMEREK;FEVZİÇAKMAK;OSB 5 SOKAK;sokak;1509019
SİVAS;GEMEREK;FEVZİÇAKMAK;OSB 6 SOKAK;sokak;1509021
SİVAS;GEMEREK;FEVZİÇAKMAK;OSB-1 CADDE;cadde;1508987
SİVAS;GEMEREK;FEVZİÇAKMAK;OSB-2 CADDE;cadde;1508981
SİVAS;GEMEREK;FEVZİÇAKMAK;OSB-3 CADDE;cadde;1508983
SİVAS;GEMEREK;FEVZİÇAKMAK;ÖMER SAMİ BOZBEK SOKAK;sokak;339311
SİVAS;GEMEREK;FEVZİÇAKMAK;SAĞLIK OCAĞI CADDE;cadde;339306
SİVAS;GEMEREK;FEVZİÇAKMAK;SUSAM SOKAK;sokak;460430
SİVAS;GEMEREK;FEVZİÇAKMAK;ŞEHİT PİLOT M.ARAS CADDE;cadde;868746
SİVAS;GEMEREK;FEVZİÇAKMAK;TUĞ-SAN CADDE;cadde;339309
SİVAS;GEMEREK;FEVZİÇAKMAK;YENIYOL 58 SOKAK;sokak;786229251
SİVAS;GEMEREK;FEVZİÇAKMAK;YEŞİLÖZ GRUP KÖY YOLU SOKAK;sokak;438556180
SİVAS;GEMEREK;GAZİOSMANPAŞA;401 SOKAK;sokak;622856061
SİVAS;GEMEREK;GAZİOSMANPAŞA;402 SOKAK;sokak;125366110
SİVAS;GEMEREK;GAZİOSMANPAŞA;403 SOKAK;sokak;414065540
SİVAS;GEMEREK;GAZİOSMANPAŞA;404 SOKAK;sokak;111923821
SİVAS;GEMEREK;GAZİOSMANPAŞA;405 SOKAK;sokak;302200080
SİVAS;GEMEREK;GAZİOSMANPAŞA;406 SOKAK;sokak;164245740
SİVAS;GEMEREK;GAZİOSMANPAŞA;407 SOKAK;sokak;424415840
SİVAS;GEMEREK;GAZİOSMANPAŞA;408 SOKAK;sokak;482355351
SİVAS;GEMEREK;GAZİOSMANPAŞA;409 SOKAK;sokak;441043051
SİVAS;GEMEREK;GAZİOSMANPAŞA;410 SOKAK;sokak;172469761
SİVAS;GEMEREK;GAZİOSMANPAŞA;411 SOKAK;sokak;471397790
SİVAS;GEMEREK;GAZİOSMANPAŞA;412 SOKAK;sokak;558694570
SİVAS;GEMEREK;GAZİOSMANPAŞA;413 SOKAK;sokak;227109330
SİVAS;GEMEREK;GAZİOSMANPAŞA;414 SOKAK;sokak;614506641
SİVAS;GEMEREK;GAZİOSMANPAŞA;415 SOKAK;sokak;671281321
SİVAS;GEMEREK;GAZİOSMANPAŞA;416 SOKAK;sokak;801941780
SİVAS;GEMEREK;GAZİOSMANPAŞA;417 SOKAK;sokak;661285471
SİVAS;GEMEREK;GAZİOSMANPAŞA;ALPARSLAN CADDE;cadde;889433
SİVAS;GEMEREK;GAZİOSMANPAŞA;BAYINDIR SOKAK;sokak;554029
SİVAS;GEMEREK;GAZİOSMANPAŞA;CİHANGİR SOKAK;sokak;550224
SİVAS;GEMEREK;GAZİOSMANPAŞA;EKİZCE TALAZOĞLU GRUP KÖY YOLU SOKAK;sokak;767553960
SİVAS;GEMEREK;GAZİOSMANPAŞA;FEVZİ ÇAKMAK CADDE;cadde;555871
SİVAS;GEMEREK;GAZİOSMANPAŞA;GÜLTEPE SOKAK;sokak;889381
SİVAS;GEMEREK;GAZİOSMANPAŞA;İLHANLI SOKAK;sokak;555870
SİVAS;GEMEREK;GAZİOSMANPAŞA;İNÖNÜ CADDE;cadde;556918
SİVAS;GEMEREK;GAZİOSMANPAŞA;KAHRAMANLAR SOKAK;sokak;335520
SİVAS;GEMEREK;GAZİOSMANPAŞA;KERVAN SOKAK;sokak;550227
SİVAS;GEMEREK;GAZİOSMANPAŞA;MEVLANA SOKAK;sokak;550204
SİVAS;GEMEREK;GAZİOSMANPAŞA;MİMARSİNAN SOKAK;sokak;889384
SİVAS;GEMEREK;GAZİOSMANPAŞA;OĞUZELİ CADDE;cadde;563039
SİVAS;GEMEREK;GAZİOSMANPAŞA;OSMANLI CADDE;cadde;550200
SİVAS;GEMEREK;GAZİOSMANPAŞA;ÖZERLER MADENCİLİK KÜME EVLER;sokak;561697
SİVAS;GEMEREK;GAZİOSMANPAŞA;PLEVNE SOKAK;sokak;555867
SİVAS;GEMEREK;GAZİOSMANPAŞA;SELÇUK SOKAK;sokak;889439
SİVAS;GEMEREK;GAZİOSMANPAŞA;SİVAS- CADDE;cadde;562588
SİVAS;GEMEREK;GAZİOSMANPAŞA;SİVAS1 CADDE;cadde;722988471
SİVAS;GEMEREK;GAZİOSMANPAŞA;ŞEHİT GAZİ AKŞAP SOKAK;sokak;550208
SİVAS;GEMEREK;GAZİOSMANPAŞA;YENİ SANAYİ 1 SOKAK;sokak;287349601
SİVAS;GEMEREK;GAZİOSMANPAŞA;YENİ SANAYİ 2 SOKAK;sokak;221811350
SİVAS;GEMEREK;GAZİOSMANPAŞA;YENİ SANAYİ 3 SOKAK;sokak;114330180
SİVAS;GEMEREK;GAZİOSMANPAŞA;YENİ SANAYİ 4 SOKAK;sokak;451129921
SİVAS;GEMEREK;GAZİOSMANPAŞA;YENİ SANAYİ 5 SOKAK;sokak;666702900
SİVAS;GEMEREK;HACIYUSUF NA;HACIYUSUF KÜME EVLER;sokak;180674
SİVAS;GEMEREK;HORUK;HORUK MAHALLE İÇİ KÜME EVLER;sokak;849598
SİVAS;GEMEREK;HORUK;TCK İL YOLU BULVAR;sokak;618125821
SİVAS;GEMEREK;İNKIŞLA - BAĞLARBAŞI;AÇELYA SOKAK;sokak;339271
SİVAS;GEMEREK;İNKIŞLA - BAĞLARBAŞI;AKASYA SOKAK;sokak;469452
SİVAS;GEMEREK;İNKIŞLA - BAĞLARBAŞI;ATATÜRK SOKAK;sokak;339270
SİVAS;GEMEREK;İNKIŞLA - BAĞLARBAŞI;ÇİĞDEM SOKAK;sokak;339282
SİVAS;GEMEREK;İNKIŞLA - BAĞLARBAŞI;GELİNCİK SOKAK;sokak;469453
SİVAS;GEMEREK;İNKIŞLA - BAĞLARBAŞI;GÜL SOKAK;sokak;339272
SİVAS;GEMEREK;İNKIŞLA - BAĞLARBAŞI;İSTİKLAL SOKAK;sokak;339604
SİVAS;GEMEREK;İNKIŞLA - BAĞLARBAŞI;KAKTÜS SOKAK;sokak;339273
SİVAS;GEMEREK;İNKIŞLA - BAĞLARBAŞI;KAMER SOKAK;sokak;591938
SİVAS;GEMEREK;İNKIŞLA - BAĞLARBAŞI;KARANFİL SOKAK;sokak;339274
SİVAS;GEMEREK;İNKIŞLA - BAĞLARBAŞI;KESTANE SOKAK;sokak;600214
SİVAS;GEMEREK;İNKIŞLA - BAĞLARBAŞI;LALE SOKAK;sokak;469454
SİVAS;GEMEREK;İNKIŞLA - BAĞLARBAŞI;LEYLAK SOKAK;sokak;339275
SİVAS;GEMEREK;İNKIŞLA - BAĞLARBAŞI;MANOLYA SOKAK;sokak;339276
SİVAS;GEMEREK;İNKIŞLA - BAĞLARBAŞI;MENEKŞE SOKAK;sokak;469455
SİVAS;GEMEREK;İNKIŞLA - BAĞLARBAŞI;NERGİZ SOKAK;sokak;339277
SİVAS;GEMEREK;İNKIŞLA - BAĞLARBAŞI;NEVRUZ SOKAK;sokak;339278
SİVAS;GEMEREK;İNKIŞLA - BAĞLARBAŞI;REYHAN SOKAK;sokak;469456
SİVAS;GEMEREK;İNKIŞLA - BAĞLARBAŞI;SELVİ SOKAK;sokak;339279
SİVAS;GEMEREK;İNKIŞLA - BAĞLARBAŞI;SUSAM SOKAK;sokak;339280
SİVAS;GEMEREK;İNKIŞLA - BAĞLARBAŞI;SÜMBÜL SOKAK;sokak;339281
SİVAS;GEMEREK;İNKIŞLA - BAĞLARBAŞI;Ş.MUZAFFER AĞBABA SOKAK;sokak;469458
SİVAS;GEMEREK;İNKIŞLA - BAĞLARBAŞI;ZAKKUM SOKAK;sokak;469457
SİVAS;GEMEREK;İNKIŞLA - BAHÇELİEVLER;ATATÜRK SOKAK;sokak;339605
SİVAS;GEMEREK;İNKIŞLA - BAHÇELİEVLER;BADEM SOKAK;sokak;339606
SİVAS;GEMEREK;İNKIŞLA - BAHÇELİEVLER;BEGONYA SOKAK;sokak;339607
SİVAS;GEMEREK;İNKIŞLA - BAHÇELİEVLER;ELVAN SOKAK;sokak;469459
SİVAS;GEMEREK;İNKIŞLA - BAHÇELİEVLER;FİLİZ SOKAK;sokak;339608
SİVAS;GEMEREK;İNKIŞLA - BAHÇELİEVLER;GONCA SOKAK;sokak;339609
SİVAS;GEMEREK;İNKIŞLA - BAHÇELİEVLER;İSTİKLAL SOKAK;sokak;469462
SİVAS;GEMEREK;İNKIŞLA - BAHÇELİEVLER;KAMELYA SOKAK;sokak;469460
SİVAS;GEMEREK;İNKIŞLA - BAHÇELİEVLER;KARDELEN SOKAK;sokak;339610
SİVAS;GEMEREK;İNKIŞLA - BAHÇELİEVLER;LEYLAK SOKAK;sokak;675496000
SİVAS;GEMEREK;İNKIŞLA - BAHÇELİEVLER;NİLÜFER SOKAK;sokak;339611
SİVAS;GEMEREK;İNKIŞLA - BAHÇELİEVLER;PAPATYA SOKAK;sokak;339612
SİVAS;GEMEREK;İNKIŞLA - BAHÇELİEVLER;Ş.MUZAFFER AĞBABA SOKAK;sokak;339615
SİVAS;GEMEREK;İNKIŞLA - BAHÇELİEVLER;YASEMİN SOKAK;sokak;469461
SİVAS;GEMEREK;İNKIŞLA - BAHÇELİEVLER;YAVUZ SOKAK;sokak;591937
SİVAS;GEMEREK;İNKIŞLA - BAHÇELİEVLER;YONCA SOKAK;sokak;339613
SİVAS;GEMEREK;İNKIŞLA - BAHÇELİEVLER;ZAMBAK SOKAK;sokak;339614
SİVAS;GEMEREK;KARAAĞIL NA;KARAAĞIL KÜME EVLER;sokak;561957
SİVAS;GEMEREK;KARACALAR;527 SOKAK;sokak;131224780
SİVAS;GEMEREK;KARACALAR;HASANBEYDERESİ KÜME EVLER;sokak;929324
SİVAS;GEMEREK;KARACALAR;KÜME KÜME EVLER;sokak;469476
SİVAS;GEMEREK;KARACALAR;YESEVİ - CADDE;cadde;894237
SİVAS;GEMEREK;KARACALAR;YESEVİ CADDE;cadde;403833581
SİVAS;GEMEREK;KARAERKEK NA;KARAERKEK KÜME EVLER;sokak;610937
SİVAS;GEMEREK;KARAGÖL NA;EKİZCE KÜME EVLER;sokak;737371730
SİVAS;GEMEREK;KARAGÖL NA;KARAGÖL KÜME EVLER;sokak;625327
SİVAS;GEMEREK;KARTALKAYA NA;KARTALKAYA KÜME EVLER;sokak;594646
SİVAS;GEMEREK;KEKLİCEK NA;KEKLİCEK KÜME EVLER;sokak;642532
SİVAS;GEMEREK;KOCAOĞLU NA;KOCAOĞLU KÜME EVLER;sokak;90153
SİVAS;GEMEREK;KÖSELİ - KABAKTEPE;KABAKTEPE KÜME EVLER;sokak;605815
SİVAS;GEMEREK;KÖSELİ NA;KÖSELİ KÜME EVLER;sokak;607644
SİVAS;GEMEREK;KÜÇÜKTUZHİSAR NA;KÜÇÜKTUZHİSAR KÜME EVLER;sokak;23977
SİVAS;GEMEREK;KÜMEÖREN NA;KÜMEÖREN KÜME EVLER;sokak;568138
SİVAS;GEMEREK;MUHSİN YAZICIOĞLU;2.ETAP TOKİ KÜMEEVLER KÜME EVLER;sokak;1025469
SİVAS;GEMEREK;MUHSİN YAZICIOĞLU;501 SOKAK;sokak;760429931
SİVAS;GEMEREK;MUHSİN YAZICIOĞLU;502 SOKAK;sokak;765965501
SİVAS;GEMEREK;MUHSİN YAZICIOĞLU;503 SOKAK;sokak;626254211
SİVAS;GEMEREK;MUHSİN YAZICIOĞLU;504 SOKAK;sokak;752865420
SİVAS;GEMEREK;MUHSİN YAZICIOĞLU;505 SOKAK;sokak;323355981
SİVAS;GEMEREK;MUHSİN YAZICIOĞLU;506 SOKAK;sokak;295440200
SİVAS;GEMEREK;MUHSİN YAZICIOĞLU;507 SOKAK;sokak;893832510
SİVAS;GEMEREK;MUHSİN YAZICIOĞLU;508 SOKAK;sokak;735146481
SİVAS;GEMEREK;MUHSİN YAZICIOĞLU;509 SOKAK;sokak;256545591
SİVAS;GEMEREK;MUHSİN YAZICIOĞLU;510 SOKAK;sokak;441423700
SİVAS;GEMEREK;MUHSİN YAZICIOĞLU;511 SOKAK;sokak;652826830
SİVAS;GEMEREK;MUHSİN YAZICIOĞLU;512 SOKAK;sokak;723864101
SİVAS;GEMEREK;MUHSİN YAZICIOĞLU;513 SOKAK;sokak;741260531
SİVAS;GEMEREK;MUHSİN YAZICIOĞLU;514 SOKAK;sokak;297580750
SİVAS;GEMEREK;MUHSİN YAZICIOĞLU;515 SOKAK;sokak;774706150
SİVAS;GEMEREK;MUHSİN YAZICIOĞLU;517 SOKAK;sokak;878307901
SİVAS;GEMEREK;MUHSİN YAZICIOĞLU;518 SOKAK;sokak;313656381
SİVAS;GEMEREK;MUHSİN YAZICIOĞLU;519 SOKAK;sokak;840968580
SİVAS;GEMEREK;MUHSİN YAZICIOĞLU;520 SOKAK;sokak;608813561
SİVAS;GEMEREK;MUHSİN YAZICIOĞLU;521 SOKAK;sokak;827643820
SİVAS;GEMEREK;MUHSİN YAZICIOĞLU;522 SOKAK;sokak;222872540
SİVAS;GEMEREK;MUHSİN YAZICIOĞLU;523 SOKAK;sokak;669639350
SİVAS;GEMEREK;MUHSİN YAZICIOĞLU;524 SOKAK;sokak;364961310
SİVAS;GEMEREK;MUHSİN YAZICIOĞLU;525 SOKAK;sokak;647829801
SİVAS;GEMEREK;MUHSİN YAZICIOĞLU;526 SOKAK;sokak;572189271
SİVAS;GEMEREK;MUHSİN YAZICIOĞLU;527 SOKAK;sokak;875695701
SİVAS;GEMEREK;MUHSİN YAZICIOĞLU;528 SOKAK;sokak;431871601
SİVAS;GEMEREK;MUHSİN YAZICIOĞLU;529 SOKAK;sokak;363673991
SİVAS;GEMEREK;MUHSİN YAZICIOĞLU;530 SOKAK;sokak;246093721
SİVAS;GEMEREK;MUHSİN YAZICIOĞLU;ESKİ SANAYİ 1 SOKAK;sokak;835485861
SİVAS;GEMEREK;MUHSİN YAZICIOĞLU;ESKİ SANAYİ 3 SOKAK;sokak;110435511
SİVAS;GEMEREK;MUHSİN YAZICIOĞLU;ESKİ SANAYİ 4 SOKAK;sokak;330820740
SİVAS;GEMEREK;MUHSİN YAZICIOĞLU;ESKİ SANAYİ 5 SOKAK;sokak;37247186
SİVAS;GEMEREK;MUHSİN YAZICIOĞLU;HASTANE 1 SOKAK;sokak;550951600
SİVAS;GEMEREK;MUHSİN YAZICIOĞLU;HASTANE 2 SOKAK;sokak;615980170
SİVAS;GEMEREK;MUHSİN YAZICIOĞLU;KAYSERİ-SİVAS BULVAR;sokak;345365
SİVAS;GEMEREK;MUHSİN YAZICIOĞLU;KÜME EVLER SOKAK;sokak;339290
SİVAS;GEMEREK;MUHSİN YAZICIOĞLU;SEYRANTEPE CADDE;cadde;868424
SİVAS;GEMEREK;MUHSİN YAZICIOĞLU;ŞEHİT AHMET ADIYAMAN SOKAK;sokak;1102834
SİVAS;GEMEREK;MUHSİN YAZICIOĞLU;ŞEHİT PİLOT M.ARAS CADDE;cadde;460101
SİVAS;GEMEREK;MUHSİN YAZICIOĞLU;TATAROĞLU 1 SOKAK;sokak;396052901
SİVAS;GEMEREK;MUHSİN YAZICIOĞLU;TATAROĞLU 2 SOKAK;sokak;375118051
SİVAS;GEMEREK;MUHSİN YAZICIOĞLU;TATAROĞLU 3 SOKAK;sokak;433971320
SİVAS;GEMEREK;MUHSİN YAZICIOĞLU;YAVUZ BÜLENT BAKİLER CADDE;cadde;1102832
SİVAS;GEMEREK;MUHSİN YAZICIOĞLU;YENIYOL 58 SOKAK;sokak;290238500
SİVAS;GEMEREK;OSMANUŞAĞI NA;OSMANUŞAĞI KÜME EVLER;sokak;568423
SİVAS;GEMEREK;ÖRENYURT NA;ÖRENYURT KÜME EVLER;sokak;597390
SİVAS;GEMEREK;ÖZİÇİ - ABDURRAHMANLAR MEZRASI;ABDURRAHMANLAR MEZRASI KÜME EVLER;sokak;611839
SİVAS;GEMEREK;ÖZİÇİ - AŞAĞI KAZAKLI MEZRASI;AŞAĞI KAZAKLI MEZRASI KÜME EVLER;sokak;136686
SİVAS;GEMEREK;ÖZİÇİ - EBİLLER;EBİLLER KÜME EVLER;sokak;89965
SİVAS;GEMEREK;ÖZİÇİ - SIYIRMALI;SIYIRMALI KÜME EVLER;sokak;606604
SİVAS;GEMEREK;ÖZİÇİ - YUKARI KAZAKLI MEZRASI;YUKARI KAZAKLI MEZRASI KÜME EVLER;sokak;609432
SİVAS;GEMEREK;ÖZİÇİ NA;ÖZİÇİ KÜME EVLER;sokak;427504
SİVAS;GEMEREK;SEYDİNALİ NA;SEYDİNALİ KÜME EVLER;sokak;634991
SİVAS;GEMEREK;SIZIR - ARPAÖZÜ;501. SOKAK;sokak;713283630
SİVAS;GEMEREK;SIZIR - ARPAÖZÜ;502. SOKAK;sokak;150199200
SİVAS;GEMEREK;SIZIR - ARPAÖZÜ;503. SOKAK;sokak;187891150
SİVAS;GEMEREK;SIZIR - ARPAÖZÜ;KUZEY SOKAK;sokak;669896
SİVAS;GEMEREK;SIZIR - ARPAÖZÜ;SAZLIK KÜME EVLER;sokak;669898
SİVAS;GEMEREK;SIZIR - ARPAÖZÜ;SUBAŞI SOKAK;sokak;669897
SİVAS;GEMEREK;SIZIR - ARPAÖZÜ;YAMAÇ SOKAK;sokak;669895
SİVAS;GEMEREK;SIZIR - ARPAÖZÜ;YILDIRIM SOKAK;sokak;669893
SİVAS;GEMEREK;SIZIR - KALEBAŞI;101. SOKAK;sokak;934864470
SİVAS;GEMEREK;SIZIR - KALEBAŞI;102. SOKAK;sokak;502187830
SİVAS;GEMEREK;SIZIR - KALEBAŞI;103. SOKAK;sokak;113527700
SİVAS;GEMEREK;SIZIR - KALEBAŞI;104. SOKAK;sokak;416626280
SİVAS;GEMEREK;SIZIR - KALEBAŞI;105. SOKAK;sokak;692168510
SİVAS;GEMEREK;SIZIR - KALEBAŞI;106. SOKAK;sokak;248160920
SİVAS;GEMEREK;SIZIR - KALEBAŞI;107. SOKAK;sokak;568951211
SİVAS;GEMEREK;SIZIR - KALEBAŞI;108. SOKAK;sokak;990457421
SİVAS;GEMEREK;SIZIR - KALEBAŞI;109. SOKAK;sokak;625105241
SİVAS;GEMEREK;SIZIR - KALEBAŞI;110. SOKAK;sokak;501558371
SİVAS;GEMEREK;SIZIR - KALEBAŞI;111. SOKAK;sokak;785549201
SİVAS;GEMEREK;SIZIR - KALEBAŞI;AY YILDIZ SOKAK;sokak;250327641
SİVAS;GEMEREK;SIZIR - KALEBAŞI;AYANÖZÜ SOKAK;sokak;182734660
SİVAS;GEMEREK;SIZIR - KALEBAŞI;BAYRAK SOKAK;sokak;707854801
SİVAS;GEMEREK;SIZIR - KALEBAŞI;CAMİ SOKAK;sokak;339616
SİVAS;GEMEREK;SIZIR - KALEBAŞI;ÇADIR KENT KÜME EVLER;sokak;912846
SİVAS;GEMEREK;SIZIR - KALEBAŞI;GALİP KEKEÇ CADDE;cadde;38297271
SİVAS;GEMEREK;SIZIR - KALEBAŞI;GÜL SOKAK;sokak;469463
SİVAS;GEMEREK;SIZIR - KALEBAŞI;İNÖNÜ CADDE;cadde;469465
SİVAS;GEMEREK;SIZIR - KALEBAŞI;MACİTLER SOKAK;sokak;339618
SİVAS;GEMEREK;SIZIR - KALEBAŞI;MEŞECİLER SOKAK;sokak;469464
SİVAS;GEMEREK;SIZIR - KALEBAŞI;MEYDAN SOKAK;sokak;339619
SİVAS;GEMEREK;SIZIR - KALEBAŞI;NERGİZ SOKAK;sokak;339621
SİVAS;GEMEREK;SIZIR - KALEBAŞI;PAPATYA SOKAK;sokak;339622
SİVAS;GEMEREK;SIZIR - KALEBAŞI;ŞEHİT ASLAN DEMİRCAN CADDE;cadde;339620
SİVAS;GEMEREK;SIZIR - KALEBAŞI;ŞEHİT ŞAHİN KABASAKAL CADDE;cadde;339617
SİVAS;GEMEREK;SIZIR - KÖPRÜBAŞI;201. SOKAK;sokak;339623
SİVAS;GEMEREK;SIZIR - KÖPRÜBAŞI;202. SOKAK;sokak;339624
SİVAS;GEMEREK;SIZIR - KÖPRÜBAŞI;203. SOKAK;sokak;348988660
SİVAS;GEMEREK;SIZIR - KÖPRÜBAŞI;204. SOKAK;sokak;742335600
SİVAS;GEMEREK;SIZIR - KÖPRÜBAŞI;205. SOKAK;sokak;224019960
SİVAS;GEMEREK;SIZIR - KÖPRÜBAŞI;206. SOKAK;sokak;823699350
SİVAS;GEMEREK;SIZIR - KÖPRÜBAŞI;207. SOKAK;sokak;155952180
SİVAS;GEMEREK;SIZIR - KÖPRÜBAŞI;208. SOKAK;sokak;645196300
SİVAS;GEMEREK;SIZIR - KÖPRÜBAŞI;209. SOKAK;sokak;720338890
SİVAS;GEMEREK;SIZIR - KÖPRÜBAŞI;ATATÜRK CADDE;cadde;469466
SİVAS;GEMEREK;SIZIR - KÖPRÜBAŞI;BAHÇELİEVLER SOKAK;sokak;339625
SİVAS;GEMEREK;SIZIR - KÖPRÜBAŞI;ÇAMLIK SOKAK;sokak;339633
SİVAS;GEMEREK;SIZIR - KÖPRÜBAŞI;ELMA OKU SOKAK;sokak;339626
SİVAS;GEMEREK;SIZIR - KÖPRÜBAŞI;FATİH SOKAK;sokak;469467
SİVAS;GEMEREK;SIZIR - KÖPRÜBAŞI;GARAJ SOKAK;sokak;339627
SİVAS;GEMEREK;SIZIR - KÖPRÜBAŞI;GÜRLER SOKAK;sokak;339628
SİVAS;GEMEREK;SIZIR - KÖPRÜBAŞI;İNÖNÜ CADDE;cadde;469470
SİVAS;GEMEREK;SIZIR - KÖPRÜBAŞI;KALE SOKAK;sokak;339629
SİVAS;GEMEREK;SIZIR - KÖPRÜBAŞI;KARACAÖREN SOKAK;sokak;907737480
SİVAS;GEMEREK;SIZIR - KÖPRÜBAŞI;LALE SOKAK;sokak;469468
SİVAS;GEMEREK;SIZIR - KÖPRÜBAŞI;NEJAT UYGUR SOKAK;sokak;339631
SİVAS;GEMEREK;SIZIR - KÖPRÜBAŞI;OBRUK KÜME EVLER;sokak;469469
SİVAS;GEMEREK;SIZIR - KÖPRÜBAŞI;SİVAS CADDE;cadde;339632
SİVAS;GEMEREK;SIZIR - KÖPRÜBAŞI;ŞEHİT ASLAN DEMİRCAN CADDE;cadde;339630
SİVAS;GEMEREK;SIZIR - KÖPRÜBAŞI;ŞEHİT ŞAHİN KABASAKAL CADDE;cadde;319006321
SİVAS;GEMEREK;SIZIR - KÖPRÜBAŞI;TOKİ SOKAK;sokak;176133731
SİVAS;GEMEREK;SIZIR - SUBAŞI;301. SOKAK;sokak;206394560
SİVAS;GEMEREK;SIZIR - SUBAŞI;302. SOKAK;sokak;334664000
SİVAS;GEMEREK;SIZIR - SUBAŞI;303. SOKAK;sokak;360192970
SİVAS;GEMEREK;SIZIR - SUBAŞI;304. SOKAK;sokak;963610430
SİVAS;GEMEREK;SIZIR - SUBAŞI;305. SOKAK;sokak;844171040
SİVAS;GEMEREK;SIZIR - SUBAŞI;306. SOKAK;sokak;551284580
SİVAS;GEMEREK;SIZIR - SUBAŞI;307. SOKAK;sokak;436179760
SİVAS;GEMEREK;SIZIR - SUBAŞI;308. SOKAK;sokak;496773210
SİVAS;GEMEREK;SIZIR - SUBAŞI;309. SOKAK;sokak;336223410
SİVAS;GEMEREK;SIZIR - SUBAŞI;310. SOKAK;sokak;652887220
SİVAS;GEMEREK;SIZIR - SUBAŞI;311. SOKAK;sokak;498729480
SİVAS;GEMEREK;SIZIR - SUBAŞI;312. SOKAK;sokak;671827740
SİVAS;GEMEREK;SIZIR - SUBAŞI;313. SOKAK;sokak;959613550
SİVAS;GEMEREK;SIZIR - SUBAŞI;314. SOKAK;sokak;252697470
SİVAS;GEMEREK;SIZIR - SUBAŞI;315. SOKAK;sokak;685701830
SİVAS;GEMEREK;SIZIR - SUBAŞI;316. SOKAK;sokak;815482240
SİVAS;GEMEREK;SIZIR - SUBAŞI;317. SOKAK;sokak;915556310
SİVAS;GEMEREK;SIZIR - SUBAŞI;318. SOKAK;sokak;619307721
SİVAS;GEMEREK;SIZIR - SUBAŞI;319. SOKAK;sokak;311459981
SİVAS;GEMEREK;SIZIR - SUBAŞI;320. SOKAK;sokak;586501021
SİVAS;GEMEREK;SIZIR - SUBAŞI;321. SOKAK;sokak;496944821
SİVAS;GEMEREK;SIZIR - SUBAŞI;322. SOKAK;sokak;995560781
SİVAS;GEMEREK;SIZIR - SUBAŞI;ARPAÖZÜ SOKAK;sokak;705532920
SİVAS;GEMEREK;SIZIR - SUBAŞI;AY YILDIZ SOKAK;sokak;552483971
SİVAS;GEMEREK;SIZIR - SUBAŞI;BAYRAK SOKAK;sokak;460901481
SİVAS;GEMEREK;SIZIR - SUBAŞI;ÇAYIR ALAN CADDE;cadde;339641
SİVAS;GEMEREK;SIZIR - SUBAŞI;GALİP KEKEÇ CADDE;cadde;339634
SİVAS;GEMEREK;SIZIR - SUBAŞI;GÖKSU CADDE;cadde;469471
SİVAS;GEMEREK;SIZIR - SUBAŞI;GÜN SAZAK SOKAK;sokak;188597100
SİVAS;GEMEREK;SIZIR - SUBAŞI;HAL SOKAK;sokak;339636
SİVAS;GEMEREK;SIZIR - SUBAŞI;KAYNAK SOKAK;sokak;339637
SİVAS;GEMEREK;SIZIR - SUBAŞI;KUMARTAŞ SOKAK;sokak;339638
SİVAS;GEMEREK;SIZIR - SUBAŞI;M.AKİF CADDE;cadde;469472
SİVAS;GEMEREK;SIZIR - SUBAŞI;NAMIK KEMAL CADDE;cadde;339639
SİVAS;GEMEREK;SIZIR - SUBAŞI;OKUL SOKAK;sokak;339640
SİVAS;GEMEREK;SIZIR - SUBAŞI;ÖZBEY SOKAK;sokak;339642
SİVAS;GEMEREK;SIZIR - SUBAŞI;SARIMSA SOKAK;sokak;977921050
SİVAS;GEMEREK;SIZIR - SUBAŞI;SİVAS CADDE;cadde;980229240
SİVAS;GEMEREK;SIZIR - SUBAŞI;ŞEHİT ŞAHİN KABASAKAL CADDE;cadde;339635
SİVAS;GEMEREK;SIZIR - SUBAŞI;YAYLA YOLU CADDE;cadde;469473
SİVAS;GEMEREK;SIZIR - YENİ;401. SOKAK;sokak;960889270
SİVAS;GEMEREK;SIZIR - YENİ;402. SOKAK;sokak;428472850
SİVAS;GEMEREK;SIZIR - YENİ;403. SOKAK;sokak;574440930
SİVAS;GEMEREK;SIZIR - YENİ;404. SOKAK;sokak;312478360
SİVAS;GEMEREK;SIZIR - YENİ;405. SOKAK;sokak;950197740
SİVAS;GEMEREK;SIZIR - YENİ;406. SOKAK;sokak;710098560
SİVAS;GEMEREK;SIZIR - YENİ;407. SOKAK;sokak;527903180
SİVAS;GEMEREK;SIZIR - YENİ;408. SOKAK;sokak;340384550
SİVAS;GEMEREK;SIZIR - YENİ;409. SOKAK;sokak;348450400
SİVAS;GEMEREK;SIZIR - YENİ;410. SOKAK;sokak;247450100
SİVAS;GEMEREK;SIZIR - YENİ;411. SOKAK;sokak;104393470
SİVAS;GEMEREK;SIZIR - YENİ;412. SOKAK;sokak;580727450
SİVAS;GEMEREK;SIZIR - YENİ;413. SOKAK;sokak;364837900
SİVAS;GEMEREK;SIZIR - YENİ;414. SOKAK;sokak;768376570
SİVAS;GEMEREK;SIZIR - YENİ;415. SOKAK;sokak;896071210
SİVAS;GEMEREK;SIZIR - YENİ;416. SOKAK;sokak;614895140
SİVAS;GEMEREK;SIZIR - YENİ;417. SOKAK;sokak;945581520
SİVAS;GEMEREK;SIZIR - YENİ;418. SOKAK;sokak;797437790
SİVAS;GEMEREK;SIZIR - YENİ;419. SOKAK;sokak;229906180
SİVAS;GEMEREK;SIZIR - YENİ;420. SOKAK;sokak;273841140
SİVAS;GEMEREK;SIZIR - YENİ;421. SOKAK;sokak;456507930
SİVAS;GEMEREK;SIZIR - YENİ;422. SOKAK;sokak;281386260
SİVAS;GEMEREK;SIZIR - YENİ;423. SOKAK;sokak;916191890
SİVAS;GEMEREK;SIZIR - YENİ;424. SOKAK;sokak;316963880
SİVAS;GEMEREK;SIZIR - YENİ;425. SOKAK;sokak;170102160
SİVAS;GEMEREK;SIZIR - YENİ;426. SOKAK;sokak;765950650
SİVAS;GEMEREK;SIZIR - YENİ;427. SOKAK;sokak;961860930
SİVAS;GEMEREK;SIZIR - YENİ;428. SOKAK;sokak;75917427
SİVAS;GEMEREK;SIZIR - YENİ;429. SOKAK;sokak;176276470
SİVAS;GEMEREK;SIZIR - YENİ;430. SOKAK;sokak;583313150
SİVAS;GEMEREK;SIZIR - YENİ;431. SOKAK;sokak;517401240
SİVAS;GEMEREK;SIZIR - YENİ;432. SOKAK;sokak;17001496
SİVAS;GEMEREK;SIZIR - YENİ;ATATÜRK CADDE;cadde;469474
SİVAS;GEMEREK;SIZIR - YENİ;AYANÖZÜ SOKAK;sokak;552317571
SİVAS;GEMEREK;SIZIR - YENİ;BARIŞ SOKAK;sokak;339644
SİVAS;GEMEREK;SIZIR - YENİ;ÇAĞIRŞAK KÜME EVLER;sokak;339643
SİVAS;GEMEREK;SIZIR - YENİ;DÜZAĞAÇ SOKAK;sokak;339645
SİVAS;GEMEREK;SIZIR - YENİ;GİRNE CADDE;cadde;339646
SİVAS;GEMEREK;SIZIR - YENİ;İSTİKLAL CADDE;cadde;340950
SİVAS;GEMEREK;SIZIR - YENİ;OSMAN TAMER CADDE;cadde;339647
SİVAS;GEMEREK;SIZIR - YENİ;ŞEHİT FAZLI ALTUNTAŞ CADDE;cadde;367782
SİVAS;GEMEREK;SIZIR - YENİ;ŞEHİT MURAT ŞAHİN CADDE;cadde;469475
SİVAS;GEMEREK;SIZIR - YENİ;Y.SULTAN SELİM CADDE;cadde;367783
SİVAS;GEMEREK;TALAZOĞLU - KUŞKAYASI;KUŞKAYASI KÜME EVLER;sokak;608522
SİVAS;GEMEREK;TALAZOĞLU NA;TALAZOĞLU KÜME EVLER;sokak;603756
SİVAS;GEMEREK;TATLIPINAR NA;TATLIPINAR KÜME EVLER;sokak;567385
SİVAS;GEMEREK;TEKMEN NA;TEKMEN KÜME EVLER;sokak;293344
SİVAS;GEMEREK;YENİDOĞAN;701 SOKAK;sokak;370259470
SİVAS;GEMEREK;YENİDOĞAN;702 SOKAK;sokak;900079640
SİVAS;GEMEREK;YENİDOĞAN;703 SOKAK;sokak;234964661
SİVAS;GEMEREK;YENİDOĞAN;ALPARSLAN CADDE;cadde;561691
SİVAS;GEMEREK;YENİDOĞAN;ANAYURT SOKAK;sokak;478792
SİVAS;GEMEREK;YENİDOĞAN;AVŞAR CADDE;cadde;551900
SİVAS;GEMEREK;YENİDOĞAN;BAĞLAR1 SOKAK;sokak;557783
SİVAS;GEMEREK;YENİDOĞAN;BUHARA SOKAK;sokak;562752
SİVAS;GEMEREK;YENİDOĞAN;CAMİİ SOKAGI SOKAK;sokak;557325
SİVAS;GEMEREK;YENİDOĞAN;CUMHURİYET CADDE;cadde;584570
SİVAS;GEMEREK;YENİDOĞAN;DARGEÇİT CADDE;cadde;555855
SİVAS;GEMEREK;YENİDOĞAN;FATIH1 SOKAK;sokak;563033
SİVAS;GEMEREK;YENİDOĞAN;GÜLTEPE SOKAK;sokak;562751
SİVAS;GEMEREK;YENİDOĞAN;İSTANBUL CADDE;cadde;561686
SİVAS;GEMEREK;YENİDOĞAN;İSTASYON ALTI KÜME EVLER;sokak;605253
SİVAS;GEMEREK;YENİDOĞAN;KARANFİL CADDE;cadde;553729
SİVAS;GEMEREK;YENİDOĞAN;KIZIŞAR1 SOKAK;sokak;560771
SİVAS;GEMEREK;YENİDOĞAN;MERVE CADDE;cadde;556924
SİVAS;GEMEREK;YENİDOĞAN;MİMARSİNAN SOKAK;sokak;550212
SİVAS;GEMEREK;YENİDOĞAN;SELÇUK SOKAK;sokak;335514
SİVAS;GEMEREK;YENİDOĞAN;SİVAS1 CADDE;cadde;200331631
SİVAS;GEMEREK;YENİDOĞAN;SÜMER CADDE;cadde;556920
SİVAS;GEMEREK;YENİDOĞAN;TOKİ 1. ETAP SOKAK;sokak;872238
SİVAS;GEMEREK;YENİDOĞAN;TUNA CADDE;cadde;335892
SİVAS;GEMEREK;YENİDOĞAN;UĞUR SOKAK;sokak;553730
SİVAS;GEMEREK;YENİDOĞAN;ULUĞBEY CADDE;cadde;561696
SİVAS;GEMEREK;YENİDOĞAN;VATAN CADDE;cadde;551192
SİVAS;GEMEREK;YENİDOĞAN;YENİDOĞAN BAĞLAR SOKAK;sokak;698481411
SİVAS;GEMEREK;YENİDOĞAN;YENİDOĞAN BAHAR SOKAK;sokak;410635870
SİVAS;GEMEREK;YENİDOĞAN;YENİDOĞAN FATİH SOKAK;sokak;167872281
SİVAS;GEMEREK;YENİDOĞAN;YENİDOĞAN İSTASYON SOKAK;sokak;815336890
SİVAS;GEMEREK;YENİDOĞAN;YENİDOĞAN KARAGÖL SOKAK;sokak;509533890
SİVAS;GEMEREK;YENİDOĞAN;YENİDOĞAN KIZIŞAR SOKAK;sokak;488669821
SİVAS;GEMEREK;YENİDOĞAN;YENİDOĞAN MADEN SOKAK;sokak;276023580
SİVAS;GEMEREK;YENİDOĞAN;YESEVİ CADDE;cadde;924528120
SİVAS;GEMEREK;YENİHAYAT;ALPEREN YENİYOL SOKAK;sokak;242239760
SİVAS;GEMEREK;YENİHAYAT;ATAKENT KÜME EVLER;sokak;566775
SİVAS;GEMEREK;YENİHAYAT;ATATÜRK CADDE;cadde;556702
SİVAS;GEMEREK;YENİHAYAT;BAĞLAR SOKAK;sokak;549676
SİVAS;GEMEREK;YENİHAYAT;BAHAR SOKAK;sokak;545687
SİVAS;GEMEREK;YENİHAYAT;BOZOK CADDE;cadde;342783
SİVAS;GEMEREK;YENİHAYAT;CAMİ SOKAK;sokak;547908
SİVAS;GEMEREK;YENİHAYAT;FATİH SOKAK;sokak;548813
SİVAS;GEMEREK;YENİHAYAT;GÜRSEL DEVAMI KÜME EVLER;sokak;260978
SİVAS;GEMEREK;YENİHAYAT;İSTANBUL CADDE;cadde;615777221
SİVAS;GEMEREK;YENİHAYAT;İSTASYON SOKAK;sokak;547062
SİVAS;GEMEREK;YENİHAYAT;KARAGÖL SOKAK;sokak;548814
SİVAS;GEMEREK;YENİHAYAT;KIZIŞAR SOKAK;sokak;554695
SİVAS;GEMEREK;YENİHAYAT;KÖROĞLU CADDE;cadde;544958
SİVAS;GEMEREK;YENİHAYAT;MADEN SOKAK;sokak;547525
SİVAS;GEMEREK;YENİHAYAT;MALAZGİRT CADDE;cadde;544957
SİVAS;GEMEREK;YENİHAYAT;VATAN CADDE;cadde;401071610
SİVAS;GEMEREK;YENİHAYAT;YENI YOL 1 SOKAK;sokak;540000540
SİVAS;GEMEREK;YENİHAYAT;YENİDOĞAN İSTASYON SOKAK;sokak;853941791
SİVAS;GEMEREK;YENİHAYAT;YENİHAYAT FATİH SOKAK;sokak;945320251
SİVAS;GEMEREK;YENİHAYAT;YENİHAYAT GÜLTEPE SOKAK;sokak;507577311
SİVAS;GEMEREK;YENİHAYAT;YENİHAYAT İSTASYON ALTI KÜME EVLER;sokak;85294
SİVAS;GEMEREK;YENİHAYAT;YENİHAYAT MİMARSİNAN SOKAK;sokak;828265871
SİVAS;GEMEREK;YENİHAYAT;YENİHAYAT PLEVNE SOKAK;sokak;486661350
SİVAS;GEMEREK;YENİHAYAT;YENİHAYAT SELÇUK SOKAK;sokak;472437200
SİVAS;GEMEREK;YENİHAYAT;YESEVİ CADDE;cadde;886377561
SİVAS;GEMEREK;YENİKÖY NA;YENİKÖY KÜME EVLER;sokak;578765
SİVAS;GEMEREK;YEŞİLÖZ NA;YEŞİLÖZ KÜME EVLER;sokak;594177
SİVAS;GEMEREK;YUKARI;801 SOKAK;sokak;848010180
SİVAS;GEMEREK;YUKARI;802 SOKAK;sokak;889002380
SİVAS;GEMEREK;YUKARI;803 SOKAK;sokak;917569241
SİVAS;GEMEREK;YUKARI;804 SOKAK;sokak;597935130
SİVAS;GEMEREK;YUKARI;805 SOKAK;sokak;369689491
SİVAS;GEMEREK;YUKARI;806 SOKAK;sokak;658875151
SİVAS;GEMEREK;YUKARI;807 SOKAK;sokak;418058131
SİVAS;GEMEREK;YUKARI;808 SOKAK;sokak;430672060
SİVAS;GEMEREK;YUKARI;809 SOKAK;sokak;295893220
SİVAS;GEMEREK;YUKARI;811 SOKAK;sokak;648158890
SİVAS;GEMEREK;YUKARI;812 SOKAK;sokak;140227681
SİVAS;GEMEREK;YUKARI;813 SOKAK;sokak;152191400
SİVAS;GEMEREK;YUKARI;814 SOKAK;sokak;208212521
SİVAS;GEMEREK;YUKARI;815 SOKAK;sokak;152958920
SİVAS;GEMEREK;YUKARI;817 SOKAK;sokak;789040420
SİVAS;GEMEREK;YUKARI;818 SOKAK;sokak;639087271
SİVAS;GEMEREK;YUKARI;819 SOKAK;sokak;757884550
SİVAS;GEMEREK;YUKARI;820 SOKAK;sokak;593367680
SİVAS;GEMEREK;YUKARI;821 SOKAK;sokak;241510600
SİVAS;GEMEREK;YUKARI;822 SOKAK;sokak;312319700
SİVAS;GEMEREK;YUKARI;823 SOKAK;sokak;148804210
SİVAS;GEMEREK;YUKARI;825 SOKAK;sokak;517300751
SİVAS;GEMEREK;YUKARI;827 SOKAK;sokak;276979521
SİVAS;GEMEREK;YUKARI;828 SOKAK;sokak;229354311
SİVAS;GEMEREK;YUKARI;829 SOKAK;sokak;153079601
SİVAS;GEMEREK;YUKARI;830 SOKAK;sokak;209284950
SİVAS;GEMEREK;YUKARI;831 SOKAK;sokak;889159471
SİVAS;GEMEREK;YUKARI;832 SOKAK;sokak;503253230
SİVAS;GEMEREK;YUKARI;CAFERLER SOKAK;sokak;460432
SİVAS;GEMEREK;YUKARI;CAMİ 1. SOKAK;sokak;339312
SİVAS;GEMEREK;YUKARI;CAMİ 2. SOKAK;sokak;339313
SİVAS;GEMEREK;YUKARI;CAMİ 3. SOKAK;sokak;464252861
SİVAS;GEMEREK;YUKARI;CAMİ 4. SOKAK;sokak;258449030
SİVAS;GEMEREK;YUKARI;CUMHURİYET1 MEYDAN;sokak;378267811
SİVAS;GEMEREK;YUKARI;DEVLET BAHÇELİ CADDE;cadde;339319
SİVAS;GEMEREK;YUKARI;GONCA SOKAK;sokak;806928
SİVAS;GEMEREK;YUKARI;HACIVAKİ SOKAK;sokak;460433
SİVAS;GEMEREK;YUKARI;HOCA AHMET EFENDİ SOKAK;sokak;339315
SİVAS;GEMEREK;YUKARI;KAHRİ EFENDİ CADDE;cadde;339316
SİVAS;GEMEREK;YUKARI;KARANFİL1 SOKAK;sokak;339300
SİVAS;GEMEREK;YUKARI;KARAPINAR KÜME EVLER;sokak;460434
SİVAS;GEMEREK;YUKARI;KASIM BEYLİ MEZRASI KÜME EVLER;sokak;339317
SİVAS;GEMEREK;YUKARI;KAYALAR BAŞI SOKAK;sokak;339318
SİVAS;GEMEREK;YUKARI;KÜLEKÇİ KÜME EVLER;sokak;151522830
SİVAS;GEMEREK;YUKARI;KÜMEEVLER KÜME EVLER;sokak;120910
SİVAS;GEMEREK;YUKARI;MANOLYA SOKAK;sokak;339302
SİVAS;GEMEREK;YUKARI;MENEKŞE SOKAK;sokak;460435
SİVAS;GEMEREK;YUKARI;OKULLAR SOKAK SOKAK;sokak;681220
SİVAS;GEMEREK;YUKARI;OKULLAR1 CADDE;cadde;339320
SİVAS;GEMEREK;YUKARI;PEKMEZİN DERESİ KÜME EVLER;sokak;339321
SİVAS;GEMEREK;YUKARI;SOFULAR SOKAK;sokak;339322
SİVAS;GEMEREK;YUKARI;TATLICAK MEZRASI KÜME EVLER;sokak;460436
SİVAS;GEMEREK;YUKARI;TCK DEVLET YOLU BULVAR;sokak;443307850
SİVAS;GEMEREK;YUKARI;YEŞİLÖZ GRUP KÖY YOLU SOKAK;sokak;487665470
SİVAS;GEMEREK;YUKARI;ZAMBAK SOKAK;sokak;366542
SİVAS;GÖLOVA;A.CAMİİ;1. SOKAK;sokak;338579
SİVAS;GÖLOVA;A.CAMİİ;10 SOKAK;sokak;967780221
SİVAS;GÖLOVA;A.CAMİİ;11 SOKAK;sokak;597780351
SİVAS;GÖLOVA;A.CAMİİ;204 SOKAK;sokak;1515409
SİVAS;GÖLOVA;A.CAMİİ;205 SOKAK;sokak;338583
SİVAS;GÖLOVA;A.CAMİİ;208 SOKAK;sokak;1515471
SİVAS;GÖLOVA;A.CAMİİ;AKARCA SOKAK;sokak;338580
SİVAS;GÖLOVA;A.CAMİİ;AKARCA/1 SOKAK;sokak;285272080
SİVAS;GÖLOVA;A.CAMİİ;AŞAĞICAMİİ YENİYOL CADDE;cadde;194754410
SİVAS;GÖLOVA;A.CAMİİ;AYAZLI SOKAK;sokak;338581
SİVAS;GÖLOVA;A.CAMİİ;CUMHURİYET CADDE;cadde;465121
SİVAS;GÖLOVA;A.CAMİİ;CUMHURİYET/1 SOKAK;sokak;650831150
SİVAS;GÖLOVA;A.CAMİİ;CUMHURİYET/2 SOKAK;sokak;928489690
SİVAS;GÖLOVA;A.CAMİİ;CUMHURİYET/3 SOKAK;sokak;137999860
SİVAS;GÖLOVA;A.CAMİİ;HACI SÜLEYMAN SOKAK;sokak;515301
SİVAS;GÖLOVA;A.CAMİİ;KANAL CADDE;cadde;338582
SİVAS;GÖLOVA;A.CAMİİ;NENE HATUN CADDE;cadde;465122
SİVAS;GÖLOVA;AKÇATAŞ NA;AKÇATAŞ KÜME EVLER;sokak;591597
SİVAS;GÖLOVA;ALSANCAK;1. 2. ETAP TOKI SOKAK;sokak;386520871
SİVAS;GÖLOVA;ALSANCAK;1.1 SOKAK;sokak;338585
SİVAS;GÖLOVA;ALSANCAK;2 SOKAK;sokak;205420491
SİVAS;GÖLOVA;ALSANCAK;2/1 SOKAK;sokak;725771091
SİVAS;GÖLOVA;ALSANCAK;2/2 SOKAK;sokak;720786371
SİVAS;GÖLOVA;ALSANCAK;301 SOKAK;sokak;41092255
SİVAS;GÖLOVA;ALSANCAK;302 SOKAK;sokak;1523321
SİVAS;GÖLOVA;ALSANCAK;303 SOKAK;sokak;873693511
SİVAS;GÖLOVA;ALSANCAK;304 SOKAK;sokak;122596691
SİVAS;GÖLOVA;ALSANCAK;305 SOKAK;sokak;111037771
SİVAS;GÖLOVA;ALSANCAK;306 SOKAK;sokak;556423421
SİVAS;GÖLOVA;ALSANCAK;307 SOKAK;sokak;711121551
SİVAS;GÖLOVA;ALSANCAK;308 SOKAK;sokak;568336921
SİVAS;GÖLOVA;ALSANCAK;309 SOKAK;sokak;978004601
SİVAS;GÖLOVA;ALSANCAK;402 SOKAK;sokak;992856111
SİVAS;GÖLOVA;ALSANCAK;ALSANCAK YENİYOL5 SOKAK;sokak;177500840
SİVAS;GÖLOVA;ALSANCAK;ALSANCAK/2 SOKAK;sokak;510924350
SİVAS;GÖLOVA;ALSANCAK;ARICI SOKAK;sokak;338586
SİVAS;GÖLOVA;ALSANCAK;BAYRAM SOKAK;sokak;465123
SİVAS;GÖLOVA;ALSANCAK;CUMHURİYET CADDE;cadde;338587
SİVAS;GÖLOVA;ALSANCAK;ÇINAR SOKAK;sokak;338592
SİVAS;GÖLOVA;ALSANCAK;DİKİLİTAŞ SOKAK;sokak;338589
SİVAS;GÖLOVA;ALSANCAK;DUMLUPINAR CADDE;cadde;338588
SİVAS;GÖLOVA;ALSANCAK;KARAKOL SOKAK;sokak;465124
SİVAS;GÖLOVA;ALSANCAK;KARANFİL SOKAK;sokak;338590
SİVAS;GÖLOVA;ALSANCAK;ŞEHİT HAMİ ÖNGE SOKAK;sokak;338593
SİVAS;GÖLOVA;ALSANCAK;ULU BEY CADDE;cadde;338591
SİVAS;GÖLOVA;ALSANCAK;YAZICI SOKAK;sokak;465125
SİVAS;GÖLOVA;ARSLANCA NA;ARSLANCA KÜME EVLER;sokak;617772
SİVAS;GÖLOVA;AŞAĞITEPECİK NA;AŞAĞITEPECİK KÜME EVLER;sokak;594529
SİVAS;GÖLOVA;AYDOĞDU - KAYAOĞLU;KAYAOĞLU KÜME EVLER;sokak;618298
SİVAS;GÖLOVA;AYDOĞDU NA;AYDOĞDU KÜME EVLER;sokak;378571
SİVAS;GÖLOVA;BOĞAZKÖY NA;BOĞAZKÖY KÜME EVLER;sokak;592157
SİVAS;GÖLOVA;BOZAT NA;BOZAT KÜME EVLER;sokak;610985
SİVAS;GÖLOVA;CANKÖY NA;CANKÖY KÜME EVLER;sokak;619303
SİVAS;GÖLOVA;ÇAKIRŞEYH NA;ÇAKIRŞEYH KÜME EVLER;sokak;610365
SİVAS;GÖLOVA;ÇALKAYA;BELGÜZAR SOKAK;sokak;338594
SİVAS;GÖLOVA;ÇALKAYA;CAMİ SOKAK;sokak;465126
SİVAS;GÖLOVA;ÇALKAYA;ÇALKAYA 1 SOKAK;sokak;867513770
SİVAS;GÖLOVA;ÇALKAYA;HOCA AHMET YESEVİ CADDE;cadde;338595
SİVAS;GÖLOVA;ÇALKAYA;ŞEHİT İBRAHİM SOKAK;sokak;338596
SİVAS;GÖLOVA;ÇALKAYA;YILMAZ SOKAK;sokak;465127
SİVAS;GÖLOVA;ÇATAKLI NA;ÇATAKLI KÜME EVLER;sokak;610080
SİVAS;GÖLOVA;ÇEVRECİK - SARIÇİÇEK;KÖY SOKAGI KÜME EVLER;sokak;1433575
SİVAS;GÖLOVA;ÇEVRECİK NA;ÇEVRECİK. KÜME EVLER;sokak;84212
SİVAS;GÖLOVA;ÇOBANLI NA;ÇOBANLI KÜME EVLER;sokak;618712
SİVAS;GÖLOVA;ÇUKURYURT NA;ÇUKURYURT KÜME EVLER;sokak;618333
SİVAS;GÖLOVA;DEMİRKONAK NA;DEMİRKONAK KÜME EVLER;sokak;615855
SİVAS;GÖLOVA;DİKKÖY - YUKARI DİK;YUKARI DİK KÜME EVLER;sokak;616937
SİVAS;GÖLOVA;DİKKÖY NA;DİKKÖY KÜME EVLER;sokak;618102
SİVAS;GÖLOVA;FEVZİ ÇAKMAK;1.CUMHURİYET SOKAK;sokak;338603
SİVAS;GÖLOVA;FEVZİ ÇAKMAK;2. SOKAK;sokak;338604
SİVAS;GÖLOVA;FEVZİ ÇAKMAK;3. SOKAK;sokak;465130
SİVAS;GÖLOVA;FEVZİ ÇAKMAK;4. SOKAK;sokak;338605
SİVAS;GÖLOVA;FEVZİ ÇAKMAK;5. SOKAK;sokak;338606
SİVAS;GÖLOVA;FEVZİ ÇAKMAK;6. SOKAK;sokak;465131
SİVAS;GÖLOVA;FEVZİ ÇAKMAK;7. SOKAK;sokak;338607
SİVAS;GÖLOVA;FEVZİ ÇAKMAK;8. SOKAK;sokak;1404907
SİVAS;GÖLOVA;FEVZİ ÇAKMAK;9. SOKAK;sokak;245262381
SİVAS;GÖLOVA;FEVZİ ÇAKMAK;CENGİZ TOPEL SOKAK;sokak;338608
SİVAS;GÖLOVA;FEVZİ ÇAKMAK;CUMHURİYET CADDE;cadde;338597
SİVAS;GÖLOVA;FEVZİ ÇAKMAK;ENGİN SOKAK;sokak;338598
SİVAS;GÖLOVA;FEVZİ ÇAKMAK;FEVZİ ÇAKMAK YENİYOL 1 SOKAK;sokak;685218480
SİVAS;GÖLOVA;FEVZİ ÇAKMAK;FEVZİ ÇAKMAK YENİYOL 2 SOKAK;sokak;100693590
SİVAS;GÖLOVA;FEVZİ ÇAKMAK;FEVZİ ÇAKMAK YENİYOL 3 SOKAK;sokak;477965940
SİVAS;GÖLOVA;FEVZİ ÇAKMAK;FEVZİ ÇAKMAK YENİYOL 4 SOKAK;sokak;473928990
SİVAS;GÖLOVA;FEVZİ ÇAKMAK;FEVZİ ÇAKMAK YENİYOL23 SOKAK;sokak;289370010
SİVAS;GÖLOVA;FEVZİ ÇAKMAK;GÖLOVA YAYLA 1.KÜME KÜME EVLER;sokak;465128
SİVAS;GÖLOVA;FEVZİ ÇAKMAK;GÖLOVAYAYLA 2.KÜME KÜME EVLER;sokak;465129
SİVAS;GÖLOVA;FEVZİ ÇAKMAK;İMAR YOLU1 SOKAK;sokak;447740400
SİVAS;GÖLOVA;FEVZİ ÇAKMAK;KANAL CADDE;cadde;338599
SİVAS;GÖLOVA;FEVZİ ÇAKMAK;KEŞAN 1. SOKAK;sokak;573994
SİVAS;GÖLOVA;FEVZİ ÇAKMAK;KEŞAN SOKAK;sokak;338600
SİVAS;GÖLOVA;FEVZİ ÇAKMAK;ULU BEY CADDE;cadde;338601
SİVAS;GÖLOVA;GÖZLÜCE - ÖDEMİŞ;ÖDEMİŞ KÜME EVLER;sokak;617280
SİVAS;GÖLOVA;GÖZLÜCE NA;GÖZLÜCE KÜME EVLER;sokak;607868
SİVAS;GÖLOVA;GÖZÜKÜÇÜK NA;GÖZÜKÜÇÜK KÜME EVLER;sokak;601229
SİVAS;GÖLOVA;GÜNALAN NA;GÜNALAN KÜME EVLER;sokak;606548
SİVAS;GÖLOVA;GÜZÖREN NA;GÜZÖREN KÜME EVLER;sokak;614339
SİVAS;GÖLOVA;İLYASKÖY NA;İLYASKÖY KÜME EVLER;sokak;177318
SİVAS;GÖLOVA;KARACA NA;KARACA KÜME EVLER;sokak;177312
SİVAS;GÖLOVA;KARAYAKUP - ÇUBUK;ÇUBUK KÜME EVLER;sokak;599091
SİVAS;GÖLOVA;KARAYAKUP NA;KARAYAKUP KÜME EVLER;sokak;506761
SİVAS;GÖLOVA;OKÇAÖREN NA;OKÇAÖREN KÜME EVLER;sokak;615287
SİVAS;GÖLOVA;SARIYUSUF NA;SARIYUSUF KÜME EVLER;sokak;605922
SİVAS;GÖLOVA;SOĞUKSU NA;SOĞUKSU KÜME EVLER;sokak;612470
SİVAS;GÖLOVA;SUBAŞI NA;SUBAŞI KÜME EVLER;sokak;579008
SİVAS;GÖLOVA;ULUÇUKUR NA;ULUÇUKURU KÜME EVLER;sokak;614347
SİVAS;GÖLOVA;YAYLAÇAYI - GEDİK;GEDİK KÜME EVLER;sokak;614871
SİVAS;GÖLOVA;YAYLAÇAYI - KOLBAŞI;KOLBAŞI KÜME EVLER;sokak;607889
SİVAS;GÖLOVA;YAYLAÇAYI NA;YAYLAÇAYI KÜME EVLER;sokak;613836
SİVAS;GÖLOVA;YUKARITEPECİK - AŞAGI;AŞAĞI KÜME EVLER;sokak;619365
SİVAS;GÖLOVA;YUKARITEPECİK NA;YUKARITEPECİK KÜME EVLER;sokak;624737
SİVAS;GÖLOVA;YUVACIK - BEZGİN;BEZGİN KÜME EVLER;sokak;618529
SİVAS;GÖLOVA;YUVACIK NA;YUVACIK KÜME EVLER;sokak;615682
SİVAS;GÜRÜN;AKDERE NA;AKDERE KÜME EVLER;sokak;565067
SİVAS;GÜRÜN;AKPINAR NA;AKPINAR KÜME EVLER;sokak;612373
SİVAS;GÜRÜN;AKSU;AHMET CAYMAZ SOKAK;sokak;338609
SİVAS;GÜRÜN;AKSU;EDİP BAŞER CADDE;cadde;465132
SİVAS;GÜRÜN;AKSU;ESGİN SOKAK;sokak;467886421
SİVAS;GÜRÜN;AKSU;GENÇLİK SOKAK;sokak;622461
SİVAS;GÜRÜN;AKSU;KOCABAYLAR SOKAK;sokak;338610
SİVAS;GÜRÜN;AKSU;LÜTFİ EDABALİ CADDE;cadde;338611
SİVAS;GÜRÜN;AKSU;MUSTAFA ÇAVUŞ SOKAK;sokak;465133
SİVAS;GÜRÜN;AKSU;SARIOĞLU SOKAK;sokak;170121470
SİVAS;GÜRÜN;AKSU;SEVKET KARPUZ CADDE;cadde;465134
SİVAS;GÜRÜN;AKSU;SU DEPOSU SOKAK;sokak;338612
SİVAS;GÜRÜN;AKSU;TOHMAÇAYI CADDE;cadde;622457
SİVAS;GÜRÜN;AKSU;TÖNGÜRLER SOKAK;sokak;338613
SİVAS;GÜRÜN;AYVALI NA;AYVALI KÜME EVLER;sokak;85596
SİVAS;GÜRÜN;BAĞLIÇAY NA;BAĞLIÇAY KÜME EVLER;sokak;581241
SİVAS;GÜRÜN;BAHÇEİÇİ NA;BAHÇEİÇİ KÜME EVLER;sokak;33416
SİVAS;GÜRÜN;BAHÇEİÇİ NA;HAMURKESEN KÜME EVLER;sokak;658353
SİVAS;GÜRÜN;BAHÇEİÇİ NA;KIŞLA KÜME EVLER;sokak;660124
SİVAS;GÜRÜN;BAHÇEİÇİ NA;TEPECİK YOLU KÜME EVLER;sokak;657024
SİVAS;GÜRÜN;BAŞÖREN - GELİNCİK MEZRASI;GELİNCİK MEZRASI KÜME EVLER;sokak;585334
SİVAS;GÜRÜN;BAŞÖREN NA;BAŞÖREN KÜME EVLER;sokak;311025
SİVAS;GÜRÜN;BEYPINARI NA;BEYPINAR KÜME EVLER;sokak;624750
SİVAS;GÜRÜN;BOĞAZİÇİ;BOĞAZİÇİ YENİYOL 1 SOKAK;sokak;339042690
SİVAS;GÜRÜN;BOĞAZİÇİ;BOĞAZİÇİ YENİYOL 2 SOKAK;sokak;961410070
SİVAS;GÜRÜN;BOĞAZİÇİ;BOZKURTLAR SOKAK;sokak;658386
SİVAS;GÜRÜN;BOĞAZİÇİ;ÇAĞLAYAN SOKAK;sokak;344288
SİVAS;GÜRÜN;BOĞAZİÇİ;GAZÖREN KÜME EVLER;sokak;467240
SİVAS;GÜRÜN;BOĞAZİÇİ;GÜNGÖRLER SOKAK;sokak;25354937
SİVAS;GÜRÜN;BOĞAZİÇİ;KÜLTÜR SOKAK;sokak;344286
SİVAS;GÜRÜN;BOĞAZİÇİ;SAZCAĞIZSUYU KÜME EVLER;sokak;344287
SİVAS;GÜRÜN;BOZHÜYÜK - ARPAÇUKURU MEZRASI;ARPAÇUKURU MEZRASI KÜME EVLER;sokak;559250
SİVAS;GÜRÜN;BOZHÜYÜK NA;BOZHÜYÜK KÜME EVLER;sokak;643450
SİVAS;GÜRÜN;BÖĞRÜDELİK - SAKALTUTAN MEZRASI;SAKALTUTAN KÜME EVLER;sokak;551986
SİVAS;GÜRÜN;BÖĞRÜDELİK NA;BÖĞRÜDELİK KÜME EVLER;sokak;648752
SİVAS;GÜRÜN;BURÇEVİ;ATATÜRK BULVAR;sokak;338614
SİVAS;GÜRÜN;BURÇEVİ;AYDOĞAR SOKAK;sokak;635524
SİVAS;GÜRÜN;BURÇEVİ;BURÇEVİ SOKAK;sokak;635646
SİVAS;GÜRÜN;BURÇEVİ;ÇALI SOKAK;sokak;635985
SİVAS;GÜRÜN;BURÇEVİ;ÇOBAN YOLU SOKAK;sokak;633927
SİVAS;GÜRÜN;BURÇEVİ;DEVECİLER 1. SOKAK;sokak;638949
SİVAS;GÜRÜN;BURÇEVİ;DEVECİLER 2. SOKAK;sokak;638768
SİVAS;GÜRÜN;BURÇEVİ;DOĞMUŞLAR SOKAK;sokak;633244
SİVAS;GÜRÜN;BURÇEVİ;FEVZİ ÇAKMAK CADDE;cadde;633885
SİVAS;GÜRÜN;BURÇEVİ;HASTANE SOKAK;sokak;631739
SİVAS;GÜRÜN;BURÇEVİ;KARBEYAZ SOKAK;sokak;632590
SİVAS;GÜRÜN;BURÇEVİ;KAZIM KARABEKİR CADDE;cadde;638780
SİVAS;GÜRÜN;BURÇEVİ;KELEKLER SOKAK;sokak;632589
SİVAS;GÜRÜN;BURÇEVİ;KIRMIZI MENEKŞE SOKAK;sokak;639258
SİVAS;GÜRÜN;BURÇEVİ;KISALAR SOKAK;sokak;635521
SİVAS;GÜRÜN;BURÇEVİ;KIVILCIM SOKAK;sokak;192081310
SİVAS;GÜRÜN;BURÇEVİ;MAVIGÜL SOKAK;sokak;971708310
SİVAS;GÜRÜN;BURÇEVİ;MENEKŞE GÜLÜ SOKAK;sokak;636270
SİVAS;GÜRÜN;BURÇEVİ;MESLEK SOKAK;sokak;936644561
SİVAS;GÜRÜN;BURÇEVİ;NARIN SOKAK;sokak;719721371
SİVAS;GÜRÜN;BURÇEVİ;NİSA SOKAK;sokak;636269
SİVAS;GÜRÜN;BURÇEVİ;OLUK DERE SOKAK;sokak;635645
SİVAS;GÜRÜN;BURÇEVİ;SABIR SOKAK;sokak;633933
SİVAS;GÜRÜN;BURÇEVİ;SEVİNÇ SOKAK;sokak;631668
SİVAS;GÜRÜN;BURÇEVİ;TOHMA ÇAYI CADDE;cadde;633647
SİVAS;GÜRÜN;BURÇEVİ;TOPRAK SOKAK;sokak;632605
SİVAS;GÜRÜN;BURÇEVİ;YAĞMUR SOKAK;sokak;631248
SİVAS;GÜRÜN;CAMİLİYURT NA;CAMİLİYURT KÜME EVLER;sokak;573079
SİVAS;GÜRÜN;ÇAMLICA - AĞPINAR MEZRASI;AĞPINAR MEZRASI KÜME EVLER;sokak;709475
SİVAS;GÜRÜN;ÇAMLICA - CIRIKPINARI MEZRASI;CIRIKPINARI MEZRASI KÜME EVLER;sokak;714221
SİVAS;GÜRÜN;ÇAMLICA - CIVCIK MEZRASI;CIVCIK MEZRASI KÜME EVLER;sokak;709845
SİVAS;GÜRÜN;ÇAMLICA - GÜBÜNÖREN MEZRASI;GÜBÜNÖREN MEZRASI KÜME EVLER;sokak;711810
SİVAS;GÜRÜN;ÇAMLICA - KAFİLE ÇAYIRI MEZRASI;KAFİLE ÇAYIRI MEZRASI KÜME EVLER;sokak;448257
SİVAS;GÜRÜN;ÇAMLICA - KALOYAK YAYLASI;KALOYAK YAYLASI KÜME EVLER;sokak;709126
SİVAS;GÜRÜN;ÇAMLICA - KUŞKAYASI MEZRASI;KUŞKAYASI MEZRASI KÜME EVLER;sokak;368985
SİVAS;GÜRÜN;ÇAMLICA - MUDAFAR MEZRASI;MUDAFAR MEZRASI KÜME EVLER;sokak;709123
SİVAS;GÜRÜN;ÇAMLICA - ŞIKLAR YAYLASI;ŞIKLAR YAYLASI KÜME EVLER;sokak;264813
SİVAS;GÜRÜN;ÇAMLICA - TİKEN AĞASI MEZRASI;TİKEN AĞASI MEZRASI KÜME EVLER;sokak;375276
SİVAS;GÜRÜN;ÇAMLICA NA;ÇAMLICA KÜME EVLER;sokak;687658
SİVAS;GÜRÜN;ÇAYBOYU;AFET EVLERİ 1. SOKAK;sokak;468571
SİVAS;GÜRÜN;ÇAYBOYU;AFET EVLERİ 2. SOKAK;sokak;338622
SİVAS;GÜRÜN;ÇAYBOYU;AFET EVLERİ 3. SOKAK;sokak;338623
SİVAS;GÜRÜN;ÇAYBOYU;AFET EVLERİ 5 SOKAK;sokak;664396
SİVAS;GÜRÜN;ÇAYBOYU;AFET EVLERİ 6 SOKAK;sokak;158686
SİVAS;GÜRÜN;ÇAYBOYU;AFET EVLERİ 7 SOKAK;sokak;576765
SİVAS;GÜRÜN;ÇAYBOYU;AFET EVLERİ SOKAK;sokak;338621
SİVAS;GÜRÜN;ÇAYBOYU;APALANLAR SOKAK;sokak;338625
SİVAS;GÜRÜN;ÇAYBOYU;ATATÜRK BULVAR;sokak;338626
SİVAS;GÜRÜN;ÇAYBOYU;BAĞLAR 1 SOKAK;sokak;764603690
SİVAS;GÜRÜN;ÇAYBOYU;BAĞLAR 3 SOKAK;sokak;580628
SİVAS;GÜRÜN;ÇAYBOYU;BAĞLAR 7 SOKAK;sokak;576205
SİVAS;GÜRÜN;ÇAYBOYU;BALLI KAYA SOKAK;sokak;572008
SİVAS;GÜRÜN;ÇAYBOYU;BÜK 1. SOKAK;sokak;572991
SİVAS;GÜRÜN;ÇAYBOYU;CAMİ SOKAK;sokak;468573
SİVAS;GÜRÜN;ÇAYBOYU;CİVELEK SOKAK;sokak;572006
SİVAS;GÜRÜN;ÇAYBOYU;ÇAYBOYU 2. SOKAK;sokak;100428
SİVAS;GÜRÜN;ÇAYBOYU;ÇAYBOYU YENİ YOL 1 SOKAK;sokak;384976400
SİVAS;GÜRÜN;ÇAYBOYU;ÇİFTÇİLER SOKAK;sokak;338620
SİVAS;GÜRÜN;ÇAYBOYU;ÇOLAKLAR SOKAK;sokak;571198
SİVAS;GÜRÜN;ÇAYBOYU;DEĞİRMEN SOKAK;sokak;578711
SİVAS;GÜRÜN;ÇAYBOYU;EBU BEKİR ÇİRLİ SOKAK;sokak;468572
SİVAS;GÜRÜN;ÇAYBOYU;FAZİLE KURT SOKAK;sokak;338627
SİVAS;GÜRÜN;ÇAYBOYU;GEÇİLİ SOKAK;sokak;571202
SİVAS;GÜRÜN;ÇAYBOYU;GÖKPINAR 10 SOKAK;sokak;576835
SİVAS;GÜRÜN;ÇAYBOYU;GÖKPINAR 11 SOKAK;sokak;245438
SİVAS;GÜRÜN;ÇAYBOYU;GÖKPINAR 13 SOKAK;sokak;578881
SİVAS;GÜRÜN;ÇAYBOYU;GÖKPINAR 15 SOKAK;sokak;579285
SİVAS;GÜRÜN;ÇAYBOYU;GÖKPINAR 2 SOKAK;sokak;669437
SİVAS;GÜRÜN;ÇAYBOYU;GÖKPINAR 5 SOKAK;sokak;671318
SİVAS;GÜRÜN;ÇAYBOYU;GÖKPINAR 6 SOKAK;sokak;671312
SİVAS;GÜRÜN;ÇAYBOYU;GÖKPINAR 7 SOKAK;sokak;426933
SİVAS;GÜRÜN;ÇAYBOYU;GÖKPINAR KÜME EVLER;sokak;338629
SİVAS;GÜRÜN;ÇAYBOYU;GÖKPINAR_1 CADDE;cadde;338628
SİVAS;GÜRÜN;ÇAYBOYU;GÖLPINAR SOKAK;sokak;571219
SİVAS;GÜRÜN;ÇAYBOYU;GÜLTEKİNLER SOKAK;sokak;573338
SİVAS;GÜRÜN;ÇAYBOYU;GÜN GÜLÜ SOKAK;sokak;636578290
SİVAS;GÜRÜN;ÇAYBOYU;HÜSEYİN TURAN CADDE;cadde;338615
SİVAS;GÜRÜN;ÇAYBOYU;KAHVECİLER SOKAK;sokak;573238
SİVAS;GÜRÜN;ÇAYBOYU;KARAHİSAR CADDE;cadde;580664
SİVAS;GÜRÜN;ÇAYBOYU;KARAKAYA 4 SOKAK;sokak;578863
SİVAS;GÜRÜN;ÇAYBOYU;KARAKAYA 6 SOKAK;sokak;583884
SİVAS;GÜRÜN;ÇAYBOYU;KARAKAYA CADDE;cadde;338616
SİVAS;GÜRÜN;ÇAYBOYU;KARŞI 1 SOKAK;sokak;579166
SİVAS;GÜRÜN;ÇAYBOYU;KARŞI 4 SOKAK;sokak;44193
SİVAS;GÜRÜN;ÇAYBOYU;KAYADİBİ 2 SOKAK;sokak;579614
SİVAS;GÜRÜN;ÇAYBOYU;KAYADİBİ CADDE;cadde;571535
SİVAS;GÜRÜN;ÇAYBOYU;KÖSELER SOKAK;sokak;575063
SİVAS;GÜRÜN;ÇAYBOYU;MEHMET NAZİ CADDE;cadde;468570
SİVAS;GÜRÜN;ÇAYBOYU;MUHSİN YAZICIOĞLU BULVAR;sokak;821912
SİVAS;GÜRÜN;ÇAYBOYU;ORMAN SOKAK;sokak;575069
SİVAS;GÜRÜN;ÇAYBOYU;PARK SOKAK;sokak;580996
SİVAS;GÜRÜN;ÇAYBOYU;PINAR SOKAK;sokak;571223
SİVAS;GÜRÜN;ÇAYBOYU;SULU YOL 5 SOKAK;sokak;573739
SİVAS;GÜRÜN;ÇAYBOYU;SULU YOL 8 SOKAK;sokak;351641851
SİVAS;GÜRÜN;ÇAYBOYU;SULUYOL 10 SOKAK;sokak;161919910
SİVAS;GÜRÜN;ÇAYBOYU;TABANCALI SOKAK;sokak;338617
SİVAS;GÜRÜN;ÇAYBOYU;TECİRLER SOKAK;sokak;338618
SİVAS;GÜRÜN;ÇAYBOYU;TELEKOM SOKAK;sokak;575434
SİVAS;GÜRÜN;ÇAYBOYU;TEMELLER SOKAK;sokak;338619
SİVAS;GÜRÜN;ÇAYBOYU;TOHMAÇAYI CADDE;cadde;575466
SİVAS;GÜRÜN;ÇAYBOYU;TOKİ 4 SOKAK;sokak;941938441
SİVAS;GÜRÜN;ÇAYBOYU;TOKİ SOKAK;sokak;576820
SİVAS;GÜRÜN;ÇAYBOYU;TOZLUYURT SOKAK;sokak;572834
SİVAS;GÜRÜN;ÇAYBOYU;YÜKSEKOKUL 1. SOKAK;sokak;93276
SİVAS;GÜRÜN;ÇAYBOYU;YÜKSEKOKUL CADDE;cadde;573723
SİVAS;GÜRÜN;ÇİÇEKYURT NA;ÇİÇEKYURT KÜME EVLER;sokak;534191
SİVAS;GÜRÜN;ÇÖRTEN;ASMALI SOKAK;sokak;344289
SİVAS;GÜRÜN;ÇÖRTEN;ÇÖRTEN YENİYOL 1 SOKAK;sokak;923253150
SİVAS;GÜRÜN;ÇÖRTEN;ÇÖRTEN YENİYOL 2 SOKAK;sokak;157264580
SİVAS;GÜRÜN;ÇÖRTEN;ÇÖRTEN/2 SOKAK;sokak;913996420
SİVAS;GÜRÜN;ÇÖRTEN;DOĞAN SOKAK;sokak;467241
SİVAS;GÜRÜN;ÇÖRTEN;KARABAYIR SOKAK;sokak;659589
SİVAS;GÜRÜN;ÇÖRTEN;MALATYA KAYSERİ BULVAR;sokak;184694030
SİVAS;GÜRÜN;ÇÖRTEN;OKUL SOKAK;sokak;344290
SİVAS;GÜRÜN;ÇÖRTEN;OSMAN BOYRAZ SOKAK;sokak;17735754
SİVAS;GÜRÜN;ÇÖRTEN;SU BAŞI SOKAK;sokak;344291
SİVAS;GÜRÜN;ÇÖRTEN;ŞAHİN SOKAK;sokak;344292
SİVAS;GÜRÜN;ÇÖRTEN;ŞEHİT S.SANDIKKAYA CADDE;cadde;273852931
SİVAS;GÜRÜN;ÇÖRTEN;YOKUŞ ARKASI KÜME EVLER;sokak;922254
SİVAS;GÜRÜN;DAVULHÜYÜK NA;DAVULHÜYÜK KÜME EVLER;sokak;570902
SİVAS;GÜRÜN;DAYAKPINAR NA;DAYAKPINAR KÜME EVLER;sokak;550700
SİVAS;GÜRÜN;DEVEÇAYIRI NA;DEVEÇAYIRI KÜME EVLER;sokak;575265
SİVAS;GÜRÜN;DÜRMEPINAR NA;DÜRMEPINAR KÜME EVLER;sokak;78879
SİVAS;GÜRÜN;ERDOĞAN NA;ERDOĞAN KÜME EVLER;sokak;546075
SİVAS;GÜRÜN;ESKİBEKTAŞLI - ORTA ÇATKARA MEZRASI;ORTA ÇATKARA MEZRASI KÜME EVLER;sokak;624749
SİVAS;GÜRÜN;ESKİBEKTAŞLI NA;ESKİBEKTAŞLI KÜME EVLER;sokak;348619
SİVAS;GÜRÜN;ESKİHAMAL - AYRANCA MEZRASI;AYRANCA MEZRASI KÜME EVLER;sokak;550701
SİVAS;GÜRÜN;ESKİHAMAL - DIRIŞLAR MEZRASI;DIRIŞLAR MEZRASI KÜME EVLER;sokak;563154
SİVAS;GÜRÜN;ESKİHAMAL - KOYUNLUKOCA MEZRASI;KOYUNLUKOCA MEZRASI KÜME EVLER;sokak;600407
SİVAS;GÜRÜN;ESKİHAMAL - KOZAKMAĞARA MEZRASI;KOZAKMAĞARA MEZRASI KÜME EVLER;sokak;563156
SİVAS;GÜRÜN;ESKİHAMAL NA;ESKİHAMAL KÜME EVLER;sokak;563157
SİVAS;GÜRÜN;GÖBEKÖREN NA;GÖBEKÖREN KÜME EVLER;sokak;588733
SİVAS;GÜRÜN;GÖKÇEYAZI NA;GÖKÇEYAZI KÜME EVLER;sokak;586383
SİVAS;GÜRÜN;GÖKPINAR;ARK BAŞI SOKAK;sokak;467242
SİVAS;GÜRÜN;GÖKPINAR;ÇARDAK SOKAK;sokak;653412
SİVAS;GÜRÜN;GÖKPINAR;ÇAY SOKAK;sokak;467243
SİVAS;GÜRÜN;GÖKPINAR;DEĞİRMEN_1 SOKAK;sokak;659948
SİVAS;GÜRÜN;GÖKPINAR;ELMALI_1 SOKAK;sokak;410846
SİVAS;GÜRÜN;GÖKPINAR;GÖKPINAR YENİ YOL 1 SOKAK;sokak;872230120
SİVAS;GÜRÜN;GÖKPINAR;GÖKPINAR YENİ YOL 2 SOKAK;sokak;235034850
SİVAS;GÜRÜN;GÖKPINAR;GÖKPINAR/1 SOKAK;sokak;147262690
SİVAS;GÜRÜN;GÖKPINAR;GÜBÜNDERESİ SOKAK;sokak;659982
SİVAS;GÜRÜN;GÖKPINAR;GÜLVEREN CADDE;cadde;1485063
SİVAS;GÜRÜN;GÖKPINAR;KALAYCIK SOKAK;sokak;659961
SİVAS;GÜRÜN;GÖKPINAR;KALE SOKAK;sokak;658393
SİVAS;GÜRÜN;GÖKPINAR;MALATYA KAYSERİ BULVAR;sokak;344699650
SİVAS;GÜRÜN;GÖKPINAR;OSMAN BOYRAZ SOKAK;sokak;68955145
SİVAS;GÜRÜN;GÖKPINAR;ŞEHİT S.SANDIKKAYA CADDE;cadde;344293
SİVAS;GÜRÜN;GÖKPINAR;UYUZPINAR SOKAK;sokak;659974
SİVAS;GÜRÜN;GÜLDEDE NA;GÜLDEDE KÜME EVLER;sokak;326325
SİVAS;GÜRÜN;GÜLLÜBUCAK - GÜLPINAR MEZRASI;GÜLPINAR MEZRASI KÜME EVLER;sokak;94359
SİVAS;GÜRÜN;GÜLLÜBUCAK - SARIÖREN MEZRASI;SARIÖREN MEZRASI KÜME EVLER;sokak;387551
SİVAS;GÜRÜN;GÜLLÜBUCAK NA;GÜLLÜBUCAK KÜME EVLER;sokak;94362
SİVAS;GÜRÜN;GÜNEŞ NA;GÜNEŞ KÜME EVLER;sokak;662721
SİVAS;GÜRÜN;HACILAR;ASLAN SOKAK;sokak;664410
SİVAS;GÜRÜN;HACILAR;ÇAMLIK SOKAK;sokak;664669
SİVAS;GÜRÜN;HACILAR;DERE SOKAK;sokak;660583
SİVAS;GÜRÜN;HACILAR;KANAL YOLU SOKAK;sokak;1376865
SİVAS;GÜRÜN;HACILAR;KUZULAR SOKAK;sokak;85958
SİVAS;GÜRÜN;HACILAR;MENEKŞE SOKAK;sokak;664411
SİVAS;GÜRÜN;HACILAR;PAPATYA._1 SOKAK;sokak;664409
SİVAS;GÜRÜN;HACILAR;SINIRDERESİ SOKAK;sokak;85935
SİVAS;GÜRÜN;HACILAR;SİVAS CADDE;cadde;655782
SİVAS;GÜRÜN;HACILAR;ULUSAL EGEMENLİK CADDE;cadde;344294
SİVAS;GÜRÜN;HÜYÜKLÜYURT NA;HÜYÜKLÜYURT KÜME EVLER;sokak;502676
SİVAS;GÜRÜN;IŞITAN;ÇAĞLA SOKAK;sokak;84491
SİVAS;GÜRÜN;IŞITAN;ÇAKMAKLAR SOKAK;sokak;638805
SİVAS;GÜRÜN;IŞITAN;ÇİÇEK SOKAK;sokak;632171
SİVAS;GÜRÜN;IŞITAN;ÇUKUR KÜME EVLER;sokak;713626
SİVAS;GÜRÜN;IŞITAN;ÇÜRÜKLER SOKAK;sokak;636525
SİVAS;GÜRÜN;IŞITAN;DEĞİRMEN BAŞI SOKAK;sokak;468574
SİVAS;GÜRÜN;IŞITAN;ENGİNAR SOKAK;sokak;626181
SİVAS;GÜRÜN;IŞITAN;ESGİN SOKAK;sokak;631751
SİVAS;GÜRÜN;IŞITAN;GÜN GÜLÜ SOKAK;sokak;631684
SİVAS;GÜRÜN;IŞITAN;HANİFİ YAZAR SOKAK;sokak;634529
SİVAS;GÜRÜN;IŞITAN;HÜSEYİN TURAN CADDE;cadde;338630
SİVAS;GÜRÜN;IŞITAN;IŞITAN SOKAK;sokak;632166
SİVAS;GÜRÜN;IŞITAN;IŞITAN YENİ YOL1 SOKAK;sokak;408430540
SİVAS;GÜRÜN;IŞITAN;İLYAS PAŞA SOKAK;sokak;468576
SİVAS;GÜRÜN;IŞITAN;İNANCILAR SOKAK;sokak;631749
SİVAS;GÜRÜN;IŞITAN;KEÇİ YOKUŞLAR SOKAK;sokak;626180
SİVAS;GÜRÜN;IŞITAN;KENEVİR SOKAK;sokak;627515
SİVAS;GÜRÜN;IŞITAN;LÜTFİ EDABALİ CADDE;cadde;793291240
SİVAS;GÜRÜN;IŞITAN;MEMÜRCÜ BAŞI SOKAK;sokak;13156351
SİVAS;GÜRÜN;IŞITAN;PETUNYA SOKAK;sokak;84489
SİVAS;GÜRÜN;IŞITAN;RAGIP AĞA SOKAK;sokak;631747
SİVAS;GÜRÜN;IŞITAN;SARAY MENEKŞESİ SOKAK;sokak;627521
SİVAS;GÜRÜN;IŞITAN;SARIÇİÇEK SOKAK;sokak;84500
SİVAS;GÜRÜN;IŞITAN;SEHER YILDIZI SOKAK;sokak;84503
SİVAS;GÜRÜN;IŞITAN;SEVKET KARPUZ CADDE;cadde;338632
SİVAS;GÜRÜN;IŞITAN;ŞEHİT HALİS ÇINAR SOKAK;sokak;773053
SİVAS;GÜRÜN;IŞITAN;ŞEKER SOKAK;sokak;633671
SİVAS;GÜRÜN;IŞITAN;TOHMAÇAYI CADDE;cadde;383150
SİVAS;GÜRÜN;IŞITAN;TOPAKLAR SOKAK;sokak;338631
SİVAS;GÜRÜN;IŞITAN;TOZLUYURT SOKAK;sokak;468575
SİVAS;GÜRÜN;IŞITAN;YENİ DÜNYA SOKAK;sokak;405292810
SİVAS;GÜRÜN;İNCESU - KÖTÜKÖY MEZRASI;KÖTÜKÖY MEZRASI KÜME EVLER;sokak;78757
SİVAS;GÜRÜN;İNCESU NA;İNCESU KÜME EVLER;sokak;651900
SİVAS;GÜRÜN;KALEDERE NA;KALEDERE KÜME EVLER;sokak;580904
SİVAS;GÜRÜN;KARADORUK - AŞAĞI ÇATKARA MEZRASI;AŞAĞI ÇATKARA MEZRASI KÜME EVLER;sokak;619223
SİVAS;GÜRÜN;KARADORUK - ÇÖPLÜ MEZRASI;ÇÖPLÜ MEZRASI KÜME EVLER;sokak;624480
SİVAS;GÜRÜN;KARADORUK - DÜĞÜNYURDU MEZRASI;DÜĞÜNYURDU MEZRASI KÜME EVLER;sokak;625681
SİVAS;GÜRÜN;KARADORUK - KUZ MEZRASI;KUZ MEZRASI KÜME EVLER;sokak;614589
SİVAS;GÜRÜN;KARADORUK - SÜMBÜLLÜYURT MEZRASI;SÜMBÜLLÜYURT MEZRASI KÜME EVLER;sokak;622663
SİVAS;GÜRÜN;KARADORUK - YUKARI ÇAKKARA MEZRASI;YUKARI ÇAKKARA MEZRASI KÜME EVLER;sokak;622331
SİVAS;GÜRÜN;KARADORUK NA;KARADORUK KÜME EVLER;sokak;605708
SİVAS;GÜRÜN;KARAHİSAR - BAŞPINAR MEZRASI;BAŞPINAR MEZRASI KÜME EVLER;sokak;596024
SİVAS;GÜRÜN;KARAHİSAR - YEŞİLYURT MEZRASI;YEŞİLYURT MEZRASI KÜME EVLER;sokak;594385
SİVAS;GÜRÜN;KARAHİSAR NA;KARAHİSAR KÜME EVLER;sokak;594374
SİVAS;GÜRÜN;KARAKUYU NA;KARAKUYU KÜME EVLER;sokak;524283
SİVAS;GÜRÜN;KARAÖREN NA;KARAÖREN KÜME EVLER;sokak;265447
SİVAS;GÜRÜN;KARAPINAR NA;KARAPINAR KÜME EVLER;sokak;94346
SİVAS;GÜRÜN;KARATEPE;ADLİYE 1. SOKAK;sokak;630450
SİVAS;GÜRÜN;KARATEPE;ADLİYE SOKAK;sokak;633636
SİVAS;GÜRÜN;KARATEPE;ATATÜRK BULVAR;sokak;338633
SİVAS;GÜRÜN;KARATEPE;BAHÇELİEVLER SOKAK;sokak;338634
SİVAS;GÜRÜN;KARATEPE;BEDRİ BOSTANCI CADDE;cadde;468577
SİVAS;GÜRÜN;KARATEPE;H.YUSUF GÖKALP CADDE;cadde;338635
SİVAS;GÜRÜN;KARATEPE;HARIKBAŞI CADDE;cadde;638928
SİVAS;GÜRÜN;KARATEPE;İSMET YILMAZ CADDE;cadde;631720
SİVAS;GÜRÜN;KARATEPE;KARATEPE SOKAK;sokak;937019511
SİVAS;GÜRÜN;KARATEPE;KOCALAR SOKAK;sokak;633233
SİVAS;GÜRÜN;KARATEPE;MARABA SOKAK;sokak;338637
SİVAS;GÜRÜN;KARATEPE;MEŞE SOKAK;sokak;634941
SİVAS;GÜRÜN;KARATEPE;MUHABBET SOKAK;sokak;633236
SİVAS;GÜRÜN;KARATEPE;MURATLAR SOKAK;sokak;468578
SİVAS;GÜRÜN;KARATEPE;NURİ SOLAK CADDE;cadde;338638
SİVAS;GÜRÜN;KARATEPE;PAVLONYA SOKAK;sokak;631324
SİVAS;GÜRÜN;KARATEPE;Ş.ABBAS KILIÇ SOKAK;sokak;468579
SİVAS;GÜRÜN;KARATEPE;Ş.KEMAL MOĞOLKOÇ SOKAK;sokak;338961
SİVAS;GÜRÜN;KARATEPE;ŞUBE SOKAK;sokak;338962
SİVAS;GÜRÜN;KARAYAR;ATATÜRK BULVAR;sokak;343903
SİVAS;GÜRÜN;KARAYAR;BEDRİ BOSTANCI CADDE;cadde;343905
SİVAS;GÜRÜN;KARAYAR;BEYAZ GÜL SOKAK;sokak;628205
SİVAS;GÜRÜN;KARAYAR;BOZKURT SOKAK;sokak;629356
SİVAS;GÜRÜN;KARAYAR;EMİN BEY SOKAK;sokak;626310
SİVAS;GÜRÜN;KARAYAR;ESENDERE 1. SOKAK;sokak;622397
SİVAS;GÜRÜN;KARAYAR;ESENDERE 2. SOKAK;sokak;628198
SİVAS;GÜRÜN;KARAYAR;ESENDERE 4. SOKAK;sokak;628200
SİVAS;GÜRÜN;KARAYAR;ESENDERE 5. SOKAK;sokak;622398
SİVAS;GÜRÜN;KARAYAR;ESENDERE CADDE;cadde;468580
SİVAS;GÜRÜN;KARAYAR;GONCA GÜL SOKAK;sokak;629360
SİVAS;GÜRÜN;KARAYAR;HANIM ELİ SOKAK;sokak;630591
SİVAS;GÜRÜN;KARAYAR;HÜSREV MOĞOLKOÇ SOKAK;sokak;626308
SİVAS;GÜRÜN;KARAYAR;KANALBOYU CADDE;cadde;629177
SİVAS;GÜRÜN;KARAYAR;KARANFİL SOKAK;sokak;622404
SİVAS;GÜRÜN;KARAYAR;KIRMIZI GÜL SOKAK;sokak;629365
SİVAS;GÜRÜN;KARAYAR;KIRMIZI KARANFİL SOKAK;sokak;631019
SİVAS;GÜRÜN;KARAYAR;KIRMIZI MENEKŞE SOKAK;sokak;631021
SİVAS;GÜRÜN;KARAYAR;KOCALAR SOKAK;sokak;626391
SİVAS;GÜRÜN;KARAYAR;LALE SOKAK;sokak;338963
SİVAS;GÜRÜN;KARAYAR;MENEKŞE ÇİÇEĞİ SOKAK;sokak;629180
SİVAS;GÜRÜN;KARAYAR;MENEKŞE GÜLÜ SOKAK;sokak;626311
SİVAS;GÜRÜN;KARAYAR;MOR MENEKŞE SOKAK;sokak;629182
SİVAS;GÜRÜN;KARAYAR;PAPATYA SOKAK;sokak;338964
SİVAS;GÜRÜN;KARAYAR;PEMBE GÜL SOKAK;sokak;667020
SİVAS;GÜRÜN;KARAYAR;SARAYDERE 1. SOKAK;sokak;626296
SİVAS;GÜRÜN;KARAYAR;SARAYDERE 10. SOKAK;sokak;629355
SİVAS;GÜRÜN;KARAYAR;SARAYDERE 11 SOKAK;sokak;626304
SİVAS;GÜRÜN;KARAYAR;SARAYDERE 2. SOKAK;sokak;626297
SİVAS;GÜRÜN;KARAYAR;SARAYDERE 3. SOKAK;sokak;626298
SİVAS;GÜRÜN;KARAYAR;SARAYDERE 4. SOKAK;sokak;626299
SİVAS;GÜRÜN;KARAYAR;SARAYDERE 5. SOKAK;sokak;626301
SİVAS;GÜRÜN;KARAYAR;SARAYDERE 6. SOKAK;sokak;629352
SİVAS;GÜRÜN;KARAYAR;SARAYDERE 7. SOKAK;sokak;629354
SİVAS;GÜRÜN;KARAYAR;SARAYDERE 8. SOKAK;sokak;626302
SİVAS;GÜRÜN;KARAYAR;SARAYDERE CADDE;cadde;626295
SİVAS;GÜRÜN;KARAYAR;SARI GÜL SOKAK;sokak;629364
SİVAS;GÜRÜN;KARAYAR;TARIM SOKAK;sokak;626307
SİVAS;GÜRÜN;KARAYAR;TAŞDEMİRLER SOKAK;sokak;629362
SİVAS;GÜRÜN;KARAYAR;TOHMA ÇAYI CADDE;cadde;630683
SİVAS;GÜRÜN;KARAYAR;ZEKİ GÖKALP SOKAK;sokak;366550
SİVAS;GÜRÜN;KARŞIYAKA;KARAAĞIL SOKAK;sokak;664223
SİVAS;GÜRÜN;KARŞIYAKA;KARŞIYAKA/1 SOKAK;sokak;125094440
SİVAS;GÜRÜN;KARŞIYAKA;KARŞIYAKA/3 SOKAK;sokak;647645330
SİVAS;GÜRÜN;KARŞIYAKA;KARŞIYAKA/4 SOKAK;sokak;396435800
SİVAS;GÜRÜN;KARŞIYAKA;KARŞIYAKA/6 SOKAK;sokak;838752600
SİVAS;GÜRÜN;KARŞIYAKA;KIBRIS CADDE;cadde;664221
SİVAS;GÜRÜN;KARŞIYAKA;KOZLUK SOKAK;sokak;664510
SİVAS;GÜRÜN;KARŞIYAKA;MALATYA KAYSERİ BULVAR;sokak;464098840
SİVAS;GÜRÜN;KARŞIYAKA;ORAKCILAR SOKAK;sokak;664514
SİVAS;GÜRÜN;KARŞIYAKA;SARIKAYA SOKAK;sokak;664516
SİVAS;GÜRÜN;KARŞIYAKA;TIHMIN SOKAK;sokak;664661
SİVAS;GÜRÜN;KARŞIYAKA;ÜZÜMLÜ SOKAK;sokak;664224
SİVAS;GÜRÜN;KAŞKÖY NA;KAŞKÖY KÜME EVLER;sokak;578673
SİVAS;GÜRÜN;KAVAKKÖY - ERGEÇ MEZRASI;ERGEÇ MEZRASI KÜME EVLER;sokak;679846
SİVAS;GÜRÜN;KAVAKKÖY - KUZULUK MEZRASI;KUZULUK MEZRASI KÜME EVLER;sokak;283999
SİVAS;GÜRÜN;KAVAKKÖY NA;KAVAKKÖY KÜME EVLER;sokak;283996
SİVAS;GÜRÜN;KAYALAR NA;KAYALAR KÜME EVLER;sokak;308374
SİVAS;GÜRÜN;KAYNARCA NA;KAYNARCA KÜME EVLER;sokak;527530
SİVAS;GÜRÜN;KETENÇAYIR;AKTAŞLAR SOKAK;sokak;625717
SİVAS;GÜRÜN;KETENÇAYIR;ATATÜRK BULVAR;sokak;511485830
SİVAS;GÜRÜN;KETENÇAYIR;ATİLLA İLHAN SOKAK;sokak;624993
SİVAS;GÜRÜN;KETENÇAYIR;AY_1 SOKAK;sokak;631646
SİVAS;GÜRÜN;KETENÇAYIR;BARANLAR SOKAK;sokak;45987
SİVAS;GÜRÜN;KETENÇAYIR;BULUT SOKAK;sokak;631645
SİVAS;GÜRÜN;KETENÇAYIR;EDİP BAŞER CADDE;cadde;343906
SİVAS;GÜRÜN;KETENÇAYIR;ELMACIOĞLU SOKAK;sokak;343907
SİVAS;GÜRÜN;KETENÇAYIR;FUAT ORHANOĞLU CADDE;cadde;177099991
SİVAS;GÜRÜN;KETENÇAYIR;HACIOĞLU SOKAK;sokak;93175
SİVAS;GÜRÜN;KETENÇAYIR;HARIKBAŞI CADDE;cadde;626890
SİVAS;GÜRÜN;KETENÇAYIR;IŞITAN YENİ YOL1 SOKAK;sokak;647154691
SİVAS;GÜRÜN;KETENÇAYIR;İSMET YILMAZ CADDE;cadde;626280
SİVAS;GÜRÜN;KETENÇAYIR;KETENÇAYIR 1 SOKAK;sokak;343909
SİVAS;GÜRÜN;KETENÇAYIR;MOROĞLU SOKAK;sokak;628039
SİVAS;GÜRÜN;KETENÇAYIR;ÖZEL İDARE CADDE;cadde;626281
SİVAS;GÜRÜN;KETENÇAYIR;SADETTİN HANÇER SOKAK;sokak;670811821
SİVAS;GÜRÜN;KETENÇAYIR;TAYİP SÖZEN SOKAK;sokak;343914
SİVAS;GÜRÜN;KETENÇAYIR;TERMİNAL SOKAK;sokak;624856
SİVAS;GÜRÜN;KETENÇAYIR;TOHMAÇAYI CADDE;cadde;625722
SİVAS;GÜRÜN;KILIÇDOĞAN NA;KILIÇDOĞAN KÜME EVLER;sokak;567618
SİVAS;GÜRÜN;KINDIRALIK NA;KINDIRALIK KÜME EVLER;sokak;572714
SİVAS;GÜRÜN;KIZILBURUN NA;KIZILBURUN KÜME EVLER;sokak;70990
SİVAS;GÜRÜN;KIZILÖREN NA;KIZILÖREN KÜME EVLER;sokak;624791
SİVAS;GÜRÜN;KIZILPINAR NA;KIZILPINAR KÜME EVLER;sokak;536336
SİVAS;GÜRÜN;KİRAZLIK;AKYOL SOKAK;sokak;352423
SİVAS;GÜRÜN;KİRAZLIK;ASAF ÇOBAN CADDE;cadde;173652
SİVAS;GÜRÜN;KİRAZLIK;ATATÜRK BULVAR;sokak;343917
SİVAS;GÜRÜN;KİRAZLIK;BEY 1. SOKAK;sokak;625909
SİVAS;GÜRÜN;KİRAZLIK;BEY 2 SOKAK;sokak;630620
SİVAS;GÜRÜN;KİRAZLIK;BEY 3. SOKAK;sokak;628856
SİVAS;GÜRÜN;KİRAZLIK;BEY SOKAK;sokak;631846
SİVAS;GÜRÜN;KİRAZLIK;BÜLENT VANCI SOKAK;sokak;343918
SİVAS;GÜRÜN;KİRAZLIK;CUMHURİYET CADDE;cadde;343919
SİVAS;GÜRÜN;KİRAZLIK;EMEK SOKAK;sokak;626081
SİVAS;GÜRÜN;KİRAZLIK;GÜNDOĞAN SOKAK;sokak;619394
SİVAS;GÜRÜN;KİRAZLIK;KİRAZLIK SOKAK;sokak;628859
SİVAS;GÜRÜN;KİRAZLIK;KÖŞKERLER SOKAK;sokak;343920
SİVAS;GÜRÜN;KİRAZLIK;KUMRU SOKAK;sokak;625381
SİVAS;GÜRÜN;KİRAZLIK;KÜÇÜKLER SOKAK;sokak;629278
SİVAS;GÜRÜN;KİRAZLIK;MEYDAN 2 SOKAK;sokak;592941
SİVAS;GÜRÜN;KİRAZLIK;MEYDAN SOKAK;sokak;597325
SİVAS;GÜRÜN;KİRAZLIK;NALBANT SOKAK;sokak;629279
SİVAS;GÜRÜN;KİRAZLIK;NURİ SOLAK CADDE;cadde;307415570
SİVAS;GÜRÜN;KİRAZLIK;PARK 1 SOKAK;sokak;628862
SİVAS;GÜRÜN;KİRAZLIK;PARK 2 SOKAK;sokak;630622
SİVAS;GÜRÜN;KİRAZLIK;Ş. ALİ KÖR SOKAK;sokak;343921
SİVAS;GÜRÜN;KİRAZLIK;Ş. MEHMET KURT_1 BULVAR;sokak;343922
SİVAS;GÜRÜN;KİRAZLIK;Ş.YUSUF ERKÖSE CADDE;cadde;343923
SİVAS;GÜRÜN;KİRAZLIK;ŞİMŞEK SOKAK;sokak;626080
SİVAS;GÜRÜN;KİRAZLIK;TAKÇILAR SOKAK;sokak;629734
SİVAS;GÜRÜN;KİRAZLIK;TOHMA ÇAYI CADDE;cadde;173646
SİVAS;GÜRÜN;KİRAZLIK;TORAMAN SOKAK;sokak;629281
SİVAS;GÜRÜN;KİRAZLIK;YAĞLI KABA 2. SOKAK;sokak;619397
SİVAS;GÜRÜN;KONAKPINAR - BEHRAM MEZRASI;BEHRAM MEZRASI KÜME EVLER;sokak;620076
SİVAS;GÜRÜN;KONAKPINAR - BOZTAŞ MEZRASI;BOZTAŞ MEZRASI KÜME EVLER;sokak;622327
SİVAS;GÜRÜN;KONAKPINAR - ÇEVİRME;ÇEVİRME KÜME EVLER;sokak;173829
SİVAS;GÜRÜN;KONAKPINAR - KARAYOLU ÜZERİ;KARAYOLU ÜZERİ KÜME EVLER;sokak;622657
SİVAS;GÜRÜN;KONAKPINAR NA;KONAKPINAR KÜME EVLER;sokak;611250
SİVAS;GÜRÜN;KOYUNLU - AŞAĞI KÜRKÇÜ MEZRASI;AŞAĞI KÜRKÇÜ KÜME EVLER;sokak;569856
SİVAS;GÜRÜN;KOYUNLU NA;KOYUNLU KÜME EVLER;sokak;40896
SİVAS;GÜRÜN;KURULTAY;ALIÇ SOKAK;sokak;135654031
SİVAS;GÜRÜN;KURULTAY;BAYIRBAĞ SOKAK;sokak;634974
SİVAS;GÜRÜN;KURULTAY;BULUT SOKAK;sokak;546606001
SİVAS;GÜRÜN;KURULTAY;ÇİLEK SOKAK;sokak;626127
SİVAS;GÜRÜN;KURULTAY;DAĞ SOKAK;sokak;1052339
SİVAS;GÜRÜN;KURULTAY;EDİP BAŞER CADDE;cadde;636060
SİVAS;GÜRÜN;KURULTAY;ELMACIOĞLU SOKAK;sokak;173863
SİVAS;GÜRÜN;KURULTAY;ELMALI SOKAK;sokak;633654
SİVAS;GÜRÜN;KURULTAY;FUAT ORHANOĞLU CADDE;cadde;632635
SİVAS;GÜRÜN;KURULTAY;HARIKBAŞI CADDE;cadde;173878
SİVAS;GÜRÜN;KURULTAY;HURMA SOKAK;sokak;173885
SİVAS;GÜRÜN;KURULTAY;İĞDE SOKAK;sokak;634765
SİVAS;GÜRÜN;KURULTAY;NARLI SOKAK;sokak;336869
SİVAS;GÜRÜN;KURULTAY;ÖZEL İDARE CADDE;cadde;632639
SİVAS;GÜRÜN;KURULTAY;SADETTİN HANÇER SOKAK;sokak;634505
SİVAS;GÜRÜN;KURULTAY;SARI SULTAN SOKAK;sokak;633652
SİVAS;GÜRÜN;KURULTAY;SÖZENLER SOKAK;sokak;343928
SİVAS;GÜRÜN;KURULTAY;SU DEPOSU SOKAK;sokak;626130
SİVAS;GÜRÜN;KURULTAY;ŞEVKİ SOLAK SOKAK;sokak;634768
SİVAS;GÜRÜN;KURULTAY;TOHMAÇAYI CADDE;cadde;343915
SİVAS;GÜRÜN;KURULTAY;TÖNGÜRLER SOKAK;sokak;632631
SİVAS;GÜRÜN;KURULTAY;VİŞNE SOKAK;sokak;635817
SİVAS;GÜRÜN;KURULTAY;YENİ DÜNYA SOKAK;sokak;626129
SİVAS;GÜRÜN;KURULTAY;YONGUÇLAR SOKAK;sokak;336862
SİVAS;GÜRÜN;KÜLAHLI NA;KÜLAHLI KÜME EVLER;sokak;624476
SİVAS;GÜRÜN;KÜRKÇÜ NA;KÜRKCÜ KÜME EVLER;sokak;552972
SİVAS;GÜRÜN;MAĞARA NA;MAĞARA KÜME EVLER;sokak;548064
SİVAS;GÜRÜN;MAHKENLİ - ALGIN MEZRASI;ALGIN MEZRASI KÜME EVLER;sokak;663396
SİVAS;GÜRÜN;MAHKENLİ - AVGUN MEZRASI;AVGUN MEZRASI KÜME EVLER;sokak;648751
SİVAS;GÜRÜN;MAHKENLİ - ÇEVİRME MEZRASI;ÇEVİRME MEZRASI KÜME EVLER;sokak;83618
SİVAS;GÜRÜN;MAHKENLİ - KONAKGÖRMEZ MEZRASI;KONAKGÖRMEZ MEZRASI KÜME EVLER;sokak;626553
SİVAS;GÜRÜN;MAHKENLİ NA;MAHKENLİ KÜME EVLER;sokak;611209
SİVAS;GÜRÜN;OSMANDEDE - KIŞLA MEZRASI;KIŞLA MEZRASI KÜME EVLER;sokak;578676
SİVAS;GÜRÜN;OSMANDEDE NA;OSMANDEDE KÜME EVLER;sokak;578675
SİVAS;GÜRÜN;PINARÖNÜ;ATATÜRK BULVAR;sokak;343930
SİVAS;GÜRÜN;PINARÖNÜ;AVUNDUKLAR SOKAK;sokak;343931
SİVAS;GÜRÜN;PINARÖNÜ;BOLBOLCU SOKAK;sokak;589837
SİVAS;GÜRÜN;PINARÖNÜ;BULAK SOKAK;sokak;343932
SİVAS;GÜRÜN;PINARÖNÜ;CUMHURİYET CADDE;cadde;659170
SİVAS;GÜRÜN;PINARÖNÜ;ÇARŞIBAŞI 1 SOKAK;sokak;459638
SİVAS;GÜRÜN;PINARÖNÜ;ÇARŞIBAŞI 4 SOKAK;sokak;591535
SİVAS;GÜRÜN;PINARÖNÜ;ÇARŞIBAŞI CADDE;cadde;582374
SİVAS;GÜRÜN;PINARÖNÜ;ÇEVİK ERSİN TEMEL SOKAK;sokak;343938
SİVAS;GÜRÜN;PINARÖNÜ;DAR SOKAK;sokak;36286
SİVAS;GÜRÜN;PINARÖNÜ;DEMİR SOKAK;sokak;586812
SİVAS;GÜRÜN;PINARÖNÜ;DEMİRCİLER SOKAK;sokak;588241
SİVAS;GÜRÜN;PINARÖNÜ;ESENYURT SOKAK;sokak;467232
SİVAS;GÜRÜN;PINARÖNÜ;HAKKI MOĞOLKOÇ SOKAK;sokak;343934
SİVAS;GÜRÜN;PINARÖNÜ;HALI SAHA SOKAK;sokak;586843
SİVAS;GÜRÜN;PINARÖNÜ;HALİT KÖMÜR SOKAK;sokak;343935
SİVAS;GÜRÜN;PINARÖNÜ;İKLİM SOKAK;sokak;588245
SİVAS;GÜRÜN;PINARÖNÜ;İPEK SOKAK;sokak;586836
SİVAS;GÜRÜN;PINARÖNÜ;KARATAŞ SOKAK;sokak;710214
SİVAS;GÜRÜN;PINARÖNÜ;KAZANLI DERE SOKAK;sokak;590018
SİVAS;GÜRÜN;PINARÖNÜ;KENT SOKAK;sokak;590015
SİVAS;GÜRÜN;PINARÖNÜ;MAĞARA SOKAK;sokak;590624
SİVAS;GÜRÜN;PINARÖNÜ;MAŞATLIK SOKAK;sokak;585502
SİVAS;GÜRÜN;PINARÖNÜ;MEZARLIK YOLU SOKAK;sokak;37472
SİVAS;GÜRÜN;PINARÖNÜ;MUHSİN YAZICIOĞLU BULVAR;sokak;588238
SİVAS;GÜRÜN;PINARÖNÜ;MUSTAFA TUĞUL SOKAK;sokak;590016
SİVAS;GÜRÜN;PINARÖNÜ;NURETTİN SÖZEN CADDE;cadde;343937
SİVAS;GÜRÜN;PINARÖNÜ;ODABAŞI SOKAK;sokak;588236
SİVAS;GÜRÜN;PINARÖNÜ;ÖĞRENCİ YURDU SOKAK;sokak;588234
SİVAS;GÜRÜN;PINARÖNÜ;ÖZTÜRKLER SOKAK;sokak;36289
SİVAS;GÜRÜN;PINARÖNÜ;PINAR ÖNÜ 1 SOKAK;sokak;589982
SİVAS;GÜRÜN;PINARÖNÜ;PINAR ÖNÜ 2 SOKAK;sokak;589828
SİVAS;GÜRÜN;PINARÖNÜ;PINAR ÖNÜ SOKAK;sokak;467234
SİVAS;GÜRÜN;PINARÖNÜ;PINARÖNÜ YENİYOL 2 SOKAK;sokak;334710040
SİVAS;GÜRÜN;PINARÖNÜ;PINARÖNÜ YENİYOL1 SOKAK;sokak;295366380
SİVAS;GÜRÜN;PINARÖNÜ;PTT SOKAK;sokak;91223
SİVAS;GÜRÜN;PINARÖNÜ;PTT1 SOKAK;sokak;731433230
SİVAS;GÜRÜN;PINARÖNÜ;S.ABDULLAH DUMAN SOKAK;sokak;343939
SİVAS;GÜRÜN;PINARÖNÜ;S.SAVAŞ KOYUN SOKAK;sokak;343942
SİVAS;GÜRÜN;PINARÖNÜ;SEVKET KARPUZ CADDE;cadde;588601
SİVAS;GÜRÜN;PINARÖNÜ;SİFA SOKAK;sokak;590014
SİVAS;GÜRÜN;PINARÖNÜ;SİRİN SOKAK;sokak;586847
SİVAS;GÜRÜN;PINARÖNÜ;SPOR- SOKAK;sokak;588608
SİVAS;GÜRÜN;PINARÖNÜ;Ş. MEHMET KURT_1 BULVAR;sokak;343940
SİVAS;GÜRÜN;PINARÖNÜ;Ş.NACİ AVUNDUK CADDE;cadde;343941
SİVAS;GÜRÜN;PINARÖNÜ;ŞAFAK SOKAK;sokak;586830
SİVAS;GÜRÜN;PINARÖNÜ;TALEBE YURDU 4 SOKAK;sokak;590011
SİVAS;GÜRÜN;PINARÖNÜ;TOHMAÇAYI CADDE;cadde;585527
SİVAS;GÜRÜN;REŞADİYE NA;REŞADİYE KÜME EVLER;sokak;621858
SİVAS;GÜRÜN;SARICA - ÇAPAK MEZRASI;ÇAPAK MEZRASI KÜME EVLER;sokak;609635
SİVAS;GÜRÜN;SARICA - TÖKLER MEZRASI;TÖKLER MEZRASI KÜME EVLER;sokak;610448
SİVAS;GÜRÜN;SARICA NA;SARICA KÜME EVLER;sokak;601916
SİVAS;GÜRÜN;SULARBAŞI NA;SULARBAŞI KÜME EVLER;sokak;616560
SİVAS;GÜRÜN;ŞUĞUL;ASLANLAR SOKAK;sokak;637422
SİVAS;GÜRÜN;ŞUĞUL;AŞAĞI BAŞPINAR KÜME EVLER;sokak;343944
SİVAS;GÜRÜN;ŞUĞUL;ATATÜRK BULVAR;sokak;343943
SİVAS;GÜRÜN;ŞUĞUL;ATATÜRK/1 SOKAK;sokak;494128690
SİVAS;GÜRÜN;ŞUĞUL;CANLAR SOKAK;sokak;633913
SİVAS;GÜRÜN;ŞUĞUL;DEMİRLER KÜME EVLER;sokak;467235
SİVAS;GÜRÜN;ŞUĞUL;E.M.LİSESİ CADDE;cadde;631317
SİVAS;GÜRÜN;ŞUĞUL;ELVERDİLER SOKAK;sokak;632584
SİVAS;GÜRÜN;ŞUĞUL;EMİNLER SOKAK;sokak;343945
SİVAS;GÜRÜN;ŞUĞUL;FEVZİ ÇAKMAK CADDE;cadde;343946
SİVAS;GÜRÜN;ŞUĞUL;GÜMÜŞBAŞLAR SOKAK;sokak;636029
SİVAS;GÜRÜN;ŞUĞUL;GÜRGÜRLER SOKAK;sokak;631731
SİVAS;GÜRÜN;ŞUĞUL;GÜZELLER KÜME EVLER;sokak;343947
SİVAS;GÜRÜN;ŞUĞUL;HUYKESEN 2 SOKAK;sokak;103991
SİVAS;GÜRÜN;ŞUĞUL;ILICA SOKAK;sokak;635809
SİVAS;GÜRÜN;ŞUĞUL;İPEK YOLU SOKAK;sokak;636268
SİVAS;GÜRÜN;ŞUĞUL;KARACAÖREN SOKAK;sokak;467236
SİVAS;GÜRÜN;ŞUĞUL;KARPINARLAR SOKAK;sokak;638757
SİVAS;GÜRÜN;ŞUĞUL;KAZIM KARABEKİR CADDE;cadde;343948
SİVAS;GÜRÜN;ŞUĞUL;KIVILCIM SOKAK;sokak;192081311
SİVAS;GÜRÜN;ŞUĞUL;MAZLUM SOKAK;sokak;631723
SİVAS;GÜRÜN;ŞUĞUL;MOĞOLKOÇLAR KÜME EVLER;sokak;633265
SİVAS;GÜRÜN;ŞUĞUL;ÖREN 1 SOKAK;sokak;634960
SİVAS;GÜRÜN;ŞUĞUL;ÖREN 11 SOKAK;sokak;635634
SİVAS;GÜRÜN;ŞUĞUL;ÖREN 13 SOKAK;sokak;638939
SİVAS;GÜRÜN;ŞUĞUL;ÖREN 17 SOKAK;sokak;652428021
SİVAS;GÜRÜN;ŞUĞUL;ÖREN 18 SOKAK;sokak;633175981
SİVAS;GÜRÜN;ŞUĞUL;ÖREN 36 SOKAK;sokak;632588
SİVAS;GÜRÜN;ŞUĞUL;ÖREN SOKAK;sokak;633932
SİVAS;GÜRÜN;ŞUĞUL;SEVİM SOKAK;sokak;34083741
SİVAS;GÜRÜN;ŞUĞUL;SEVİNÇ SOKAK;sokak;635618
SİVAS;GÜRÜN;ŞUĞUL;Ş.YUSUF ERKÖSE CADDE;cadde;634709
SİVAS;GÜRÜN;ŞUĞUL;Ş.YUSUF ERKÖSE/2 SOKAK;sokak;798391140
SİVAS;GÜRÜN;ŞUĞUL;ŞUĞUL 17 SOKAK;sokak;395522
SİVAS;GÜRÜN;ŞUĞUL;ŞUĞUL 25 SOKAK;sokak;634730
SİVAS;GÜRÜN;ŞUĞUL;ŞUĞUL 26 SOKAK;sokak;82582
SİVAS;GÜRÜN;ŞUĞUL;ŞUĞUL 27 SOKAK;sokak;319429
SİVAS;GÜRÜN;ŞUĞUL;ŞUĞUL 28 SOKAK;sokak;631305
SİVAS;GÜRÜN;ŞUĞUL;ŞUĞUL CAD.2 SOKAK;sokak;635803
SİVAS;GÜRÜN;ŞUĞUL;ŞUĞUL CADDE;cadde;634958
SİVAS;GÜRÜN;ŞUĞUL;ŞUĞUL YENİYOL1 SOKAK;sokak;540601990
SİVAS;GÜRÜN;ŞUĞUL;TERZİOĞLU SOKAK;sokak;109440
SİVAS;GÜRÜN;ŞUĞUL;TOHMA ÇAYI CADDE;cadde;103978
SİVAS;GÜRÜN;ŞUĞUL;ÜLGERLER SOKAK;sokak;635474
SİVAS;GÜRÜN;ŞUĞUL;YONCALIK 13 SOKAK;sokak;632140
SİVAS;GÜRÜN;ŞUĞUL;YONCALIK 19 SOKAK;sokak;631669
SİVAS;GÜRÜN;ŞUĞUL;YONCALIK 24 SOKAK;sokak;635816
SİVAS;GÜRÜN;ŞUĞUL;YONCALIK 30 SOKAK;sokak;634767
SİVAS;GÜRÜN;ŞUĞUL;YONCALIK 8 SOKAK;sokak;632614
SİVAS;GÜRÜN;ŞUĞUL;YUKARI BAŞPINAR KÜME EVLER;sokak;467237
SİVAS;GÜRÜN;ŞUĞUL;YUKARI YONCALIK CADDE;cadde;631745
SİVAS;GÜRÜN;TEPECİK - KOVALIPINAR MEZRASI;KOVALIPINAR MEZRASI KÜME EVLER;sokak;620471
SİVAS;GÜRÜN;TEPECİK - ULUPINAR MEZRASI;ULUPINAR MEZRASI KÜME EVLER;sokak;625145
SİVAS;GÜRÜN;TEPECİK NA;TEPECİK KÜME EVLER;sokak;624751
SİVAS;GÜRÜN;YASSICATEPE;AKYOL SOKAK;sokak;639293
SİVAS;GÜRÜN;YASSICATEPE;ASAF ÇOBAN CADDE;cadde;427796031
SİVAS;GÜRÜN;YASSICATEPE;BAĞ 2 SOKAK;sokak;637368
SİVAS;GÜRÜN;YASSICATEPE;BOZKUŞLAR SOKAK;sokak;639222
SİVAS;GÜRÜN;YASSICATEPE;ÇİMEN SOKAK;sokak;637371
SİVAS;GÜRÜN;YASSICATEPE;DEVRAN 5 SOKAK;sokak;109329
SİVAS;GÜRÜN;YASSICATEPE;EMİN BEY SOKAK;sokak;630874
SİVAS;GÜRÜN;YASSICATEPE;FİDAN SOKAK;sokak;631285
SİVAS;GÜRÜN;YASSICATEPE;HANÇERLER SOKAK;sokak;637369
SİVAS;GÜRÜN;YASSICATEPE;Ş.YUSUF ERKÖSE CADDE;cadde;343950
SİVAS;GÜRÜN;YASSICATEPE;ŞİMŞEK SOKAK;sokak;634381
SİVAS;GÜRÜN;YASSICATEPE;TOHMA ÇAYI CADDE;cadde;639213
SİVAS;GÜRÜN;YASSICATEPE;YAPRAK SOKAK;sokak;630875
SİVAS;GÜRÜN;YAYLACIK - AŞAĞI YAYLACIK MEZRASI;AŞAĞI YAYLACIK MEZRASI KÜME EVLER;sokak;561993
SİVAS;GÜRÜN;YAYLACIK NA;YAYLACIK KÜME EVLER;sokak;561994
SİVAS;GÜRÜN;YAZYURDU NA;YAZYURDU KÜME EVLER;sokak;606476
SİVAS;GÜRÜN;YELKEN - FATMADERVİŞ MEZRASI;FATMADERVİŞ MEZRASI KÜME EVLER;sokak;625240
SİVAS;GÜRÜN;YELKEN NA;YELKEN KÜME EVLER;sokak;622572
SİVAS;GÜRÜN;YENİ;AHMET ULUBAS SOKAK;sokak;579491
SİVAS;GÜRÜN;YENİ;ATATÜRK BULVAR;sokak;344282
SİVAS;GÜRÜN;YENİ;AY SOKAK;sokak;318635
SİVAS;GÜRÜN;YENİ;BAĞIRSAK DERE CADDE;cadde;591262
SİVAS;GÜRÜN;YENİ;BERRAK SOKAK;sokak;580321
SİVAS;GÜRÜN;YENİ;CAN SOKAK;sokak;591261
SİVAS;GÜRÜN;YENİ;CEZAEVİ SOKAK;sokak;467239
SİVAS;GÜRÜN;YENİ;DORUKLAR SOKAK;sokak;591268
SİVAS;GÜRÜN;YENİ;ESKİ SOKAK;sokak;580352
SİVAS;GÜRÜN;YENİ;GÜZEL YURT 1 SOKAK;sokak;73991
SİVAS;GÜRÜN;YENİ;GÜZEL YURT 2 SOKAK;sokak;73996
SİVAS;GÜRÜN;YENİ;GÜZEL YURT 3 SOKAK;sokak;589797
SİVAS;GÜRÜN;YENİ;GÜZEL YURT SOKAK;sokak;73653
SİVAS;GÜRÜN;YENİ;HİLAL SOKAK;sokak;580365
SİVAS;GÜRÜN;YENİ;KAMER SOKAK;sokak;589796
SİVAS;GÜRÜN;YENİ;KARAKUŞLAR SOKAK;sokak;344284
SİVAS;GÜRÜN;YENİ;KEREM SOKAK;sokak;1523485
SİVAS;GÜRÜN;YENİ;KOOPERATİF EVLER SOKAK;sokak;591266
SİVAS;GÜRÜN;YENİ;MUHSİN YAZICIOĞLU BULVAR;sokak;580347
SİVAS;GÜRÜN;YENİ;OKUL 1. SOKAK;sokak;343951
SİVAS;GÜRÜN;YENİ;OKUL 2. SOKAK;sokak;467238
SİVAS;GÜRÜN;YENİ;OKUL 3. SOKAK;sokak;343952
SİVAS;GÜRÜN;YENİ;OKUL_1 SOKAK;sokak;344285
SİVAS;GÜRÜN;YENİ;SANAYİ 1. SOKAK;sokak;580354
SİVAS;GÜRÜN;YENİ;SANAYİ 2 SOKAK;sokak;580355
SİVAS;GÜRÜN;YENİ;SANAYİ 3. SOKAK;sokak;591264
SİVAS;GÜRÜN;YENİ;SANAYİ 4 SOKAK;sokak;591265
SİVAS;GÜRÜN;YENİ;SANAYİ 5 SOKAK;sokak;582489
SİVAS;GÜRÜN;YENİ;SANAYİ 6 SOKAK;sokak;582490
SİVAS;GÜRÜN;YENİ;SANAYİ 7 SOKAK;sokak;761483861
SİVAS;GÜRÜN;YENİ;SANAYİ 8 SOKAK;sokak;922155991
SİVAS;GÜRÜN;YENİ;SANAYİ CADDE;cadde;591263
SİVAS;GÜRÜN;YENİ;SEVKET KARPUZ CADDE;cadde;588727
SİVAS;GÜRÜN;YENİ;SİRİN SOKAK;sokak;971925381
SİVAS;GÜRÜN;YENİ;TELEKOM SOKAK;sokak;107677
SİVAS;GÜRÜN;YENİ;TOHMAÇAYI CADDE;cadde;344283
SİVAS;GÜRÜN;YENİ;YAĞMUR._1 SOKAK;sokak;580364
SİVAS;GÜRÜN;YENİ;YAŞAM SOKAK;sokak;340700
SİVAS;GÜRÜN;YENİ;YENİ MEZARLIK SOKAK;sokak;580351
SİVAS;GÜRÜN;YENİ;YÜSUF GÜLDOĞAN SOKAK;sokak;580362
SİVAS;GÜRÜN;YENİBEKTAŞLI NA;YENİBEKTAŞLI KÜME EVLER;sokak;572715
SİVAS;GÜRÜN;YEŞİLDERE NA;YEŞİLDERE KÜME EVLER;sokak;636658
SİVAS;GÜRÜN;YEŞİLYURT;BAHÇECİ KÜME EVLER;sokak;467244
SİVAS;GÜRÜN;YEŞİLYURT;CUMHURİYET._1 MEYDAN;sokak;664935
SİVAS;GÜRÜN;YEŞİLYURT;DEVELİ SOKAK;sokak;654306
SİVAS;GÜRÜN;YEŞİLYURT;KIBRIS CADDE;cadde;816259800
SİVAS;GÜRÜN;YEŞİLYURT;MALATYA KAYSERİ BULVAR;sokak;473333560
SİVAS;GÜRÜN;YEŞİLYURT;MALATYA KAYSERİ. BULVAR;sokak;689732700
SİVAS;GÜRÜN;YEŞİLYURT;MEHTAP SOKAK;sokak;344295
SİVAS;GÜRÜN;YEŞİLYURT;MEHTAP/1 SOKAK;sokak;136789411
SİVAS;GÜRÜN;YEŞİLYURT;ŞAİR MAHMUT KİRAZİ SOKAK;sokak;29873684
SİVAS;GÜRÜN;YEŞİLYURT;TAKCI SOKAK;sokak;654653
SİVAS;GÜRÜN;YEŞİLYURT;TEPEBAŞI SOKAK;sokak;658170
SİVAS;GÜRÜN;YEŞİLYURT;YEŞİLYURT YENİYOL/1 SOKAK;sokak;524948460
SİVAS;GÜRÜN;YEŞİLYURT;YILDIZ SOKAK;sokak;344296
SİVAS;GÜRÜN;YILANHÜYÜK - TAŞLIHÜYÜK MEZRASI;TAŞLIHÜYÜK MEZRASI KÜME EVLER;sokak;589863
SİVAS;GÜRÜN;YILANHÜYÜK NA;YILANHÜYÜK KÜME EVLER;sokak;581031
SİVAS;GÜRÜN;YOLGEÇEN NA;YOLGEÇEN KÜME EVLER;sokak;569564
SİVAS;GÜRÜN;YUVA NA;YUVA KÜME EVLER;sokak;582983
SİVAS;HAFİK;ACIPINAR NA;ACIPINAR KÜME EVLER;sokak;791329
SİVAS;HAFİK;ADAMLI NA;ADAMLI KÜME EVLER;sokak;575779
SİVAS;HAFİK;AKKAYA NA;AKKAYA KÜME EVLER;sokak;673445
SİVAS;HAFİK;AKTAŞ NA;AKTAŞ KÜME EVLER;sokak;682018
SİVAS;HAFİK;ALANYURT NA;ALANYURT KÜME EVLER;sokak;632759
SİVAS;HAFİK;ALÇIÖREN NA;ALÇIÖREN KÜME EVLER;sokak;594170
SİVAS;HAFİK;ALİBEYLİ NA;ALİBEYLİ KÜME EVLER;sokak;685043
SİVAS;HAFİK;AYLIOĞLU NA;AYLİOĞLU KÜME EVLER;sokak;639271
SİVAS;HAFİK;BAHÇECİK NA;BAHÇECİK KÜME EVLER;sokak;665709
SİVAS;HAFİK;BAKIMLI - HOPLAMAZ;HOPLAMAZ KÜME EVLER;sokak;670322
SİVAS;HAFİK;BAKIMLI NA;BAKIMLI KÜME EVLER;sokak;321711
SİVAS;HAFİK;BAYIRALTI - ÇUKURTARLA;ÇUKURTARLA KÜME EVLER;sokak;669707
SİVAS;HAFİK;BAYIRALTI NA;BAYIRALTI KÜME EVLER;sokak;666838
SİVAS;HAFİK;BAYRAMTEPE - ESKİHEZE;ESKİHEZE KÜME EVLER;sokak;684833
SİVAS;HAFİK;BAYRAMTEPE NA;BAYRAMTEPE KÜME EVLER;sokak;97807
SİVAS;HAFİK;BENLİKAYA NA;BENLİKAYA KÜME EVLER;sokak;21187
SİVAS;HAFİK;BESİNLİ - KELEŞ;KELEŞ KÜME EVLER;sokak;683293
SİVAS;HAFİK;BESİNLİ NA;BESİNLİ KÜME EVLER;sokak;683294
SİVAS;HAFİK;BEYDİLİ - KEKLİCEK;KEKLİCEK KÜME EVLER;sokak;676525
SİVAS;HAFİK;BEYDİLİ - YAĞCILAR;YAĞCILAR KÜME EVLER;sokak;675657
SİVAS;HAFİK;BEYDİLİ - YAZLIKYURDU;YAZLIKYURDU KÜME EVLER;sokak;676520
SİVAS;HAFİK;BEYDİLİ NA;BEYDİLİ KÜME EVLER;sokak;92000
SİVAS;HAFİK;BEYKONAĞI - ÇATMA;ÇATMA KÜME EVLER;sokak;683690
SİVAS;HAFİK;BEYKONAĞI - KAVAK;KAVAK KÜME EVLER;sokak;870562
SİVAS;HAFİK;BEYKONAĞI - YUKARIOBA;YUKARIOBA KÜME EVLER;sokak;685023
SİVAS;HAFİK;BEYKONAĞI NA;BEYKONAĞI KÜME EVLER;sokak;683261
SİVAS;HAFİK;CELALLİ - KOZAĞACI;KOZAĞACI KÜME EVLER;sokak;684448
SİVAS;HAFİK;CELALLİ NA;CELALLI KÜME EVLER;sokak;684800
SİVAS;HAFİK;ÇAKMAK NA;ÇAKMAK KÜME EVLER;sokak;637161
SİVAS;HAFİK;ÇALTILI - AŞAĞI ÇALTILI;AŞAĞI ÇALTILI KÜME EVLER;sokak;640296
SİVAS;HAFİK;ÇALTILI NA;ÇALTILI KÜME EVLER;sokak;646528
SİVAS;HAFİK;ÇAY;AĞACUKOĞLU SOKAK;sokak;344297
SİVAS;HAFİK;ÇAY;APULOĞLU- SOKAK;sokak;634424
SİVAS;HAFİK;ÇAY;ATATÜRK CADDE;cadde;467247
SİVAS;HAFİK;ÇAY;CAMİ SOKAK;sokak;467245
SİVAS;HAFİK;ÇAY;ÇAY BOYU CADDE;cadde;338800
SİVAS;HAFİK;ÇAY;ÇAYYENİYOL1 SOKAK;sokak;780344100
SİVAS;HAFİK;ÇAY;ÇAYYENİYOL10 SOKAK;sokak;941189571
SİVAS;HAFİK;ÇAY;ÇAYYENİYOL11 SOKAK;sokak;305241281
SİVAS;HAFİK;ÇAY;ÇAYYENİYOL12 SOKAK;sokak;806816201
SİVAS;HAFİK;ÇAY;ÇAYYENİYOL13 SOKAK;sokak;868857530
SİVAS;HAFİK;ÇAY;ÇAYYENİYOL14 SOKAK;sokak;865197581
SİVAS;HAFİK;ÇAY;ÇAYYENİYOL15 SOKAK;sokak;621454381
SİVAS;HAFİK;ÇAY;ÇAYYENİYOL16 SOKAK;sokak;459126230
SİVAS;HAFİK;ÇAY;ÇAYYENİYOL2 SOKAK;sokak;412843321
SİVAS;HAFİK;ÇAY;ÇAYYENİYOL3 SOKAK;sokak;836584351
SİVAS;HAFİK;ÇAY;ÇAYYENİYOL4 SOKAK;sokak;465335761
SİVAS;HAFİK;ÇAY;ÇAYYENİYOL5 SOKAK;sokak;602839421
SİVAS;HAFİK;ÇAY;ÇAYYENİYOL6 SOKAK;sokak;524952560
SİVAS;HAFİK;ÇAY;ÇAYYENİYOL7 SOKAK;sokak;166955611
SİVAS;HAFİK;ÇAY;ÇAYYENİYOL8 SOKAK;sokak;780958330
SİVAS;HAFİK;ÇAY;ÇAYYENİYOL9 SOKAK;sokak;624010051
SİVAS;HAFİK;ÇAY;D 200 DEVLET YOLU CADDE;cadde;578833400
SİVAS;HAFİK;ÇAY;KAYADİBİ SOKAK;sokak;467246
SİVAS;HAFİK;ÇAY;KIZILÖREN GRUP YOLU SOKAK;sokak;276279001
SİVAS;HAFİK;ÇAY;PINAR SOKAK;sokak;709407
SİVAS;HAFİK;ÇAY;PTT SOKAK;sokak;338798
SİVAS;HAFİK;ÇINARLI NA;ÇINARLI KÜME EVLER;sokak;111035
SİVAS;HAFİK;ÇİMENYENİCE - AHMETUŞAĞI;AHMETUŞAĞI KÜME EVLER;sokak;574832
SİVAS;HAFİK;ÇİMENYENİCE - HIDIRUŞAĞI;HIDIRUŞAĞI KÜME EVLER;sokak;571314
SİVAS;HAFİK;ÇİMENYENİCE NA;ÇİMENYENİCE KÜME EVLER;sokak;565104
SİVAS;HAFİK;ÇÖMLEKLİ NA;ÇÖMLEKLİ KÜME EVLER;sokak;575468
SİVAS;HAFİK;DEĞİRMENBOĞAZI NA;DEĞİRMENBOĞAZI KÜME EVLER;sokak;675107
SİVAS;HAFİK;DEĞİRMENSEKİ NA;DEĞİRMENSEKİ KÜME EVLER;sokak;633645
SİVAS;HAFİK;DEMİRCİKÖY NA;DEMİRCİLİK KÜME EVLER;sokak;671390
SİVAS;HAFİK;DERİNCE NA;DERİNCE KÜME EVLER;sokak;83609
SİVAS;HAFİK;DIŞKAPI NA;DIŞKAPI KÜME EVLER;sokak;23074
SİVAS;HAFİK;DURULMUŞ NA;DURULMUŞ KÜME EVLER;sokak;288125
SİVAS;HAFİK;DÜĞER - ESKİKÖY;ESKİKÖY KÜME EVLER;sokak;83225
SİVAS;HAFİK;DÜĞER - KARAPINAR;KARAPINAR KÜME EVLER;sokak;678165
SİVAS;HAFİK;DÜĞER - KAVAKDERESİ;KAVAKDERESİ KÜME EVLER;sokak;674372
SİVAS;HAFİK;DÜĞER - KOÇALİ;KOÇALİ KÜME EVLER;sokak;674915
SİVAS;HAFİK;DÜĞER - MERCİMEK DERESİ;MERCİMEK DERESİ KÜME EVLER;sokak;674237
SİVAS;HAFİK;DÜĞER - SARIKÖY;SARIKÖY KÜME EVLER;sokak;674109
SİVAS;HAFİK;DÜĞER - UZAMIŞ;UZAMIŞ KÜME EVLER;sokak;676389
SİVAS;HAFİK;DÜĞER - VELİIŞIK;VELİIŞIK KÜME EVLER;sokak;678166
SİVAS;HAFİK;DÜĞER NA;DÜĞER KÜME EVLER;sokak;683576
SİVAS;HAFİK;DÜZYAYLA NA;DÜZYAYLA KÜME EVLER;sokak;608850
SİVAS;HAFİK;EKİNGÖLÜ NA;EKİNGÖLÜ KÜME EVLER;sokak;680934
SİVAS;HAFİK;EMRE NA;EMRE KÜME EVLER;sokak;84247
SİVAS;HAFİK;ESENLİ NA;ESENLİ KÜME EVLER;sokak;653287
SİVAS;HAFİK;ESENTEPE NA;ESENTEPE KÜME EVLER;sokak;652655
SİVAS;HAFİK;EVCİ NA;EVCİ KÜME EVLER;sokak;85448
SİVAS;HAFİK;EYMİR NA;EYMİR KÜME EVLER;sokak;597154
SİVAS;HAFİK;FATİH;ATATÜRK CADDE;cadde;850190
SİVAS;HAFİK;FATİH;BELEDİYE SOKAK;sokak;702102
SİVAS;HAFİK;FATİH;BELEDİYE1 SOKAK;sokak;203158340
SİVAS;HAFİK;FATİH;ÇAYYENİYOL14 SOKAK;sokak;122122881
SİVAS;HAFİK;FATİH;D 200 DEVLET YOLU CADDE;cadde;705055
SİVAS;HAFİK;FATİH;FATİH YENİYOL 1 SOKAK;sokak;492396011
SİVAS;HAFİK;FATİH;FATİH YENİYOL 2 SOKAK;sokak;110460671
SİVAS;HAFİK;FATİH;FATİH YENİYOL 3 SOKAK;sokak;116413210
SİVAS;HAFİK;FATİH;GÜL SOKAK;sokak;688102331
SİVAS;HAFİK;FATİH;GÜRSEL ÖZTÜRK CADDE;cadde;344298
SİVAS;HAFİK;FATİH;HARMAN SOKAK;sokak;344299
SİVAS;HAFİK;FATİH;MUSTAFA SEÇKİN SOKAK;sokak;344300
SİVAS;HAFİK;FATİH;ORTAYOL CADDE;cadde;850200
SİVAS;HAFİK;FATİH;TİGEM CADDE;cadde;338799
SİVAS;HAFİK;FATİH;YENİ1 SOKAK;sokak;731085081
SİVAS;HAFİK;FATİH;YENİYOL1 FATİH SOKAK;sokak;733739791
SİVAS;HAFİK;FATİH;YENİYOL10 FATİH SOKAK;sokak;314642821
SİVAS;HAFİK;FATİH;YENİYOL11 FATİH SOKAK;sokak;863863491
SİVAS;HAFİK;FATİH;YENİYOL12 FATİH SOKAK;sokak;407546161
SİVAS;HAFİK;FATİH;YENİYOL13 FATİH SOKAK;sokak;384110961
SİVAS;HAFİK;FATİH;YENİYOL14 FATİH SOKAK;sokak;374227711
SİVAS;HAFİK;FATİH;YENİYOL15 FATİH SOKAK;sokak;292724400
SİVAS;HAFİK;FATİH;YENİYOL16 FATİH SOKAK;sokak;482666131
SİVAS;HAFİK;FATİH;YENİYOL17 FATİH SOKAK;sokak;318395661
SİVAS;HAFİK;FATİH;YENİYOL19 FATİH SOKAK;sokak;945671951
SİVAS;HAFİK;FATİH;YENİYOL2 FATİH SOKAK;sokak;364734601
SİVAS;HAFİK;FATİH;YENİYOL3 FATİH SOKAK;sokak;372925621
SİVAS;HAFİK;FATİH;YENİYOL4 FATİH SOKAK;sokak;506266050
SİVAS;HAFİK;FATİH;YENİYOL5 FATİH SOKAK;sokak;343645881
SİVAS;HAFİK;FATİH;YENİYOL6 FATİH SOKAK;sokak;185551770
SİVAS;HAFİK;FATİH;YENİYOL7 FATİH SOKAK;sokak;215726490
SİVAS;HAFİK;FATİH;YENİYOL8 FATİH SOKAK;sokak;207821570
SİVAS;HAFİK;FATİH;YENİYOL9 FATİH SOKAK;sokak;658043121
SİVAS;HAFİK;FATİH;ZAMBAK SOKAK;sokak;452995
SİVAS;HAFİK;GEDİKÇAYIRI - TEREKLİ;TEREKLİ KÜME EVLER;sokak;604683
SİVAS;HAFİK;GEDİKÇAYIRI NA;GEDİKÇAYIRI KÜME EVLER;sokak;604679
SİVAS;HAFİK;GÖLCÜK - DOSTUROĞLU;DOSTUROĞLU KÜME EVLER;sokak;165707
SİVAS;HAFİK;GÖLCÜK - KARAPINAR;KARAPINAR KÜME EVLER;sokak;165705
SİVAS;HAFİK;GÖLCÜK NA;GÖLCÜK KÜME EVLER;sokak;669363
SİVAS;HAFİK;GÖYDÜN NA;GÖYDÜN KÜME EVLER;sokak;655073
SİVAS;HAFİK;GÜNYAMAÇ;D 200 DEVLET YOLU CADDE;cadde;410183910
SİVAS;HAFİK;GÜNYAMAÇ;GÜNYAMAÇ KÜME EVLER;sokak;707202
SİVAS;HAFİK;GÜNYAMAÇ - YENİ GÜNYAMAÇ;YENİ GÜNYAMAÇ KÜME EVLER;sokak;655903
SİVAS;HAFİK;GÜNYAMAÇ NA;GÜNYAMAÇ KÜME EVLER;sokak;654099
SİVAS;HAFİK;İNANDIK NA;İNANDIK KÜME EVLER;sokak;597557
SİVAS;HAFİK;İNKÖY NA;İNKÖY KÜME EVLER;sokak;422634
SİVAS;HAFİK;KABALI NA;KABALI KÜME EVLER;sokak;676651
SİVAS;HAFİK;KAMIŞKÖY NA;KAMIŞKÖY KÜME EVLER;sokak;614811
SİVAS;HAFİK;KARAYAPRAK NA;KARAYAPRAK KÜME EVLER;sokak;181122
SİVAS;HAFİK;KARLI - YUVA;YUVA KÜME EVLER;sokak;653524
SİVAS;HAFİK;KARLI NA;0 KÜME EVLER;sokak;653498
SİVAS;HAFİK;KAYTARMIŞ NA;KAYTARMIŞ KÜME EVLER;sokak;618094
SİVAS;HAFİK;KIZILCAÖREN - BARCIN;BARCIN KÜME EVLER;sokak;157888
SİVAS;HAFİK;KIZILCAÖREN - KURTİNİ;KURTİNİ KÜME EVLER;sokak;662735
SİVAS;HAFİK;KIZILCAÖREN - SARAY;SARAY KÜME EVLER;sokak;39520
SİVAS;HAFİK;KIZILCAÖREN - SARIMSAK;MEZRA KÜME EVLER;sokak;937096
SİVAS;HAFİK;KIZILCAÖREN - YELLİCE;YELLİCE KÜME EVLER;sokak;267432
SİVAS;HAFİK;KIZILCAÖREN NA;KIZILCAÖREN KÜME EVLER;sokak;661383
SİVAS;HAFİK;KIZILÖREN - MOLLA;MOLLA KÜME EVLER;sokak;673152
SİVAS;HAFİK;KIZILÖREN NA;KIZILÖREN KÜME EVLER;sokak;670915
SİVAS;HAFİK;KOÇ;1. SOKAK;sokak;693227
SİVAS;HAFİK;KOÇ;2. SOKAK;sokak;691136
SİVAS;HAFİK;KOÇ;3 KOÇ SOKAK;sokak;269796250
SİVAS;HAFİK;KOÇ;3- SOKAK;sokak;348830
SİVAS;HAFİK;KOÇ;4. SOKAK;sokak;700003
SİVAS;HAFİK;KOÇ;5 SOKAK;sokak;700984
SİVAS;HAFİK;KOÇ;ALİ ÇAVUŞ CADDE;cadde;697883
SİVAS;HAFİK;KOÇ;ÇAYYENİYOL14 SOKAK;sokak;473982841
SİVAS;HAFİK;KOÇ;D 200 DEVLET YOLU CADDE;cadde;661672480
SİVAS;HAFİK;KOÇ;HAFİK YENİ YOL 7 SOKAK;sokak;572555230
SİVAS;HAFİK;KOÇ;HALİLBUDAK CADDE;cadde;698644
SİVAS;HAFİK;KOÇ;KİLLİK SOKAK;sokak;699997
SİVAS;HAFİK;KOÇ;ORTAYOL CADDE;cadde;698427
SİVAS;HAFİK;KOÇ;PLAJ CADDE;cadde;338802
SİVAS;HAFİK;KOÇ;SARITAŞ SOKAK;sokak;690350
SİVAS;HAFİK;KOÇ;SETEN SOKAK;sokak;338803
SİVAS;HAFİK;KOÇ;SİVAS CADDE;cadde;689121
SİVAS;HAFİK;KOÇ;TEPE YENI YOL 8 SOKAK;sokak;589508410
SİVAS;HAFİK;KOÇ;VELİ KARTAL SOKAK;sokak;467248
SİVAS;HAFİK;KOÇ;YAMKÖY SOKAK;sokak;694603
SİVAS;HAFİK;KOÇ;YENI YOL KOÇ 1 SOKAK;sokak;645214461
SİVAS;HAFİK;KOÇ;YENI YOL KOÇ 2 SOKAK;sokak;907241960
SİVAS;HAFİK;KOÇ;YENİYOL 1 ÇIKMAZ SOKAK SOKAK;sokak;234511151
SİVAS;HAFİK;KOÇ;YENİYOL 2 SOKAK;sokak;489344911
SİVAS;HAFİK;KOÇ;YENİYOL 3 SOKAK;sokak;478059731
SİVAS;HAFİK;KOÇ;YENİYOL HAFİK 16 SOKAK;sokak;869737651
SİVAS;HAFİK;KOÇ;YENİYOL HAFİK 23 SOKAK;sokak;199659530
SİVAS;HAFİK;KOÇ;YENİYOL HAFİK 24 SOKAK;sokak;765127891
SİVAS;HAFİK;KOÇ;YENİYOL HAFİK 3 SOKAK;sokak;706337711
SİVAS;HAFİK;KOÇ;YENİYOL1 SOKAK;sokak;364473321
SİVAS;HAFİK;KOÇ;YENİYOL4 SOKAK;sokak;829651200
SİVAS;HAFİK;KOŞUTDERE NA;KOŞUTDERE KÜME EVLER;sokak;678699
SİVAS;HAFİK;KURUGÖL NA;KURUGÖL KÜME EVLER;sokak;626951
SİVAS;HAFİK;KÜPECİK NA;KÜPECİK KÜME EVLER;sokak;646657
SİVAS;HAFİK;MADENKÖY NA;MADEN KÜME EVLER;sokak;611879
SİVAS;HAFİK;MANSURLU NA;MANSURLU KÜME EVLER;sokak;664266
SİVAS;HAFİK;OLUKBAŞI NA;OLUKBAŞI KÜME EVLER;sokak;682223
SİVAS;HAFİK;OTMANALAN NA;OTMANALAN KÜME EVLER;sokak;638782
SİVAS;HAFİK;OYMADERE NA;OYMADERE KÜME EVLER;sokak;626498
SİVAS;HAFİK;ÖZEN NA;ÖZEN KÜME EVLER;sokak;575787
SİVAS;HAFİK;PİRHÜSEYİN - İSMAİLHANI;İSMAİLHANI KÜME EVLER;sokak;630916
SİVAS;HAFİK;PİRHÜSEYİN NA;PİRHÜSEYİN KÜME EVLER;sokak;625465
SİVAS;HAFİK;PUSAT NA;PUSAT KÜME EVLER;sokak;686946
SİVAS;HAFİK;SOFULAR NA;SOFULAR KÜME EVLER;sokak;89081
SİVAS;HAFİK;SÜLEYMANİYE NA;SÜLEYMANİYE KÜME EVLER;sokak;87521
SİVAS;HAFİK;ŞAHİNKÖY NA;ŞAHİN KÜME EVLER;sokak;672509
SİVAS;HAFİK;TAVŞANLI NA;TAVŞANLI KÜME EVLER;sokak;550645
SİVAS;HAFİK;TEPE;1 SOKAK;sokak;685872
SİVAS;HAFİK;TEPE;2 SOKAK;sokak;371926
SİVAS;HAFİK;TEPE;3 SOKAK;sokak;681418
SİVAS;HAFİK;TEPE;4 SOKAK;sokak;687156
SİVAS;HAFİK;TEPE;6 SOKAK;sokak;680774
SİVAS;HAFİK;TEPE;ÇAYYENİYOL14 SOKAK;sokak;335872470
SİVAS;HAFİK;TEPE;GEDİK SOKAK;sokak;338804
SİVAS;HAFİK;TEPE;KAYADİBİ SOKAK;sokak;687586
SİVAS;HAFİK;TEPE;KIZILÖREN GRUP YOLU SOKAK;sokak;180377541
SİVAS;HAFİK;TEPE;KİLLİK SOKAK;sokak;690528
SİVAS;HAFİK;TEPE;SETEN SOKAK;sokak;395839
SİVAS;HAFİK;TEPE;TEPE YENI YOL 1 SOKAK;sokak;152958350
SİVAS;HAFİK;TEPE;TEPE YENI YOL 4 SOKAK;sokak;182543340
SİVAS;HAFİK;TEPE;TEPE YENI YOL 5 SOKAK;sokak;259391090
SİVAS;HAFİK;TEPE;TEPE YENI YOL 6 SOKAK;sokak;307825281
SİVAS;HAFİK;TEPE;TEPE YENI YOL 8 SOKAK;sokak;589508411
SİVAS;HAFİK;TEPE;TEPE YENI YOL 9 SOKAK;sokak;868255690
SİVAS;HAFİK;TEPE;TEPE YENİYOL5 SOKAK;sokak;264259671
SİVAS;HAFİK;TEPE;YENİYOL HAFİK 10 SOKAK;sokak;386958620
SİVAS;HAFİK;TEPE;YENİYOL HAFİK 22 SOKAK;sokak;314708181
SİVAS;HAFİK;TEPE;YENİYOL HAFİK 7 SOKAK;sokak;913323461
SİVAS;HAFİK;TOPÇUYENİKÖY NA;TOPÇUYENİKÖY KÜME EVLER;sokak;415858
SİVAS;HAFİK;TUZHİSAR - SOĞUK PINAR;SOĞUK PINAR KÜME EVLER;sokak;557550
SİVAS;HAFİK;TUZHİSAR NA;TUZHİSAR KÜME EVLER;sokak;565822
SİVAS;HAFİK;ÜREĞİL NA;ÖREĞİL KÜME EVLER;sokak;635873
SİVAS;HAFİK;ÜZEYİR NA;ÜZEYİR KÜME EVLER;sokak;647735
SİVAS;HAFİK;YAKABOYU NA;YAKABOYU KÜME EVLER;sokak;638875
SİVAS;HAFİK;YALINCAK NA;YALINCAK KÜME EVLER;sokak;647086
SİVAS;HAFİK;YALNIZAĞIL NA;YALNIZAĞIL KÜME EVLER;sokak;606289
SİVAS;HAFİK;YARHİSAR - EMRAHINAĞILI;EMRAHINAĞILI KÜME EVLER;sokak;666420
SİVAS;HAFİK;YARHİSAR NA;YARHİSAR KÜME EVLER;sokak;163575
SİVAS;HAFİK;YENİ;1 NOLU SOKAK;sokak;948874
SİVAS;HAFİK;YENİ;10 SOKAK;sokak;944908
SİVAS;HAFİK;YENİ;11 NOLU SOKAK;sokak;944916
SİVAS;HAFİK;YENİ;12 NOLU SOKAK;sokak;944918
SİVAS;HAFİK;YENİ;13 NOLU SOKAK;sokak;944920
SİVAS;HAFİK;YENİ;14 NOLU SOKAK;sokak;944922
SİVAS;HAFİK;YENİ;15 NOLU SOKAK;sokak;944926
SİVAS;HAFİK;YENİ;16 NOLU SOKAK;sokak;944928
SİVAS;HAFİK;YENİ;17 NOLU SOKAK;sokak;944930
SİVAS;HAFİK;YENİ;18 NOLU SOKAK;sokak;944932
SİVAS;HAFİK;YENİ;19 NOLU SOKAK;sokak;944934
SİVAS;HAFİK;YENİ;2 NOLU SOKAK;sokak;944824
SİVAS;HAFİK;YENİ;20 NOLU SOKAK;sokak;944936
SİVAS;HAFİK;YENİ;21 NOLU SOKAK;sokak;944938
SİVAS;HAFİK;YENİ;22 NOLU SOKAK;sokak;944942
SİVAS;HAFİK;YENİ;3 NOLU SOKAK;sokak;944826
SİVAS;HAFİK;YENİ;4 NOLU SOKAK;sokak;944828
SİVAS;HAFİK;YENİ;5 NOLU SOKAK;sokak;944830
SİVAS;HAFİK;YENİ;6 NOLU SOKAK;sokak;944832
SİVAS;HAFİK;YENİ;7 NOLU SOKAK;sokak;944834
SİVAS;HAFİK;YENİ;8 NOLU SOKAK;sokak;648142051
SİVAS;HAFİK;YENİ;9 SOKAK;sokak;944904
SİVAS;HAFİK;YENİ;ALTUN TEPE CADDE;cadde;944790
SİVAS;HAFİK;YENİ;AYŞE GÜLTAY CADDE;cadde;949827
SİVAS;HAFİK;YENİ;ÇORAK SOKAK;sokak;467250
SİVAS;HAFİK;YENİ;D 200 DEVLET YOLU CADDE;cadde;935656121
SİVAS;HAFİK;YENİ;DEĞİRMEN SOKAK;sokak;338805
SİVAS;HAFİK;YENİ;DÜZ YAYLA CADDE;cadde;467249
SİVAS;HAFİK;YENİ;KIZILÖREN GRUP YOLU SOKAK;sokak;276279000
SİVAS;HAFİK;YENİ;OKUL SOKAK;sokak;338806
SİVAS;HAFİK;YENİ;PLAJ CADDE;cadde;683832
SİVAS;HAFİK;YENİ;SİVAS 1 SOKAK;sokak;825671810
SİVAS;HAFİK;YENİ;SİVAS CADDE;cadde;681735
SİVAS;HAFİK;YENİ;STAD SOKAK;sokak;100057
SİVAS;HAFİK;YENİ;YAHYA KAYIŞ CADDE;cadde;944794
SİVAS;HAFİK;YENİ;YENI YOL YENI 10 SOKAK;sokak;503075600
SİVAS;HAFİK;YENİ;YENI YOL YENI 58 SOKAK;sokak;181024751
SİVAS;HAFİK;YENİ;YENI YOL YENI 9 SOKAK;sokak;627690701
SİVAS;HAFİK;YENİ;YENIYOL YENI 7 SOKAK;sokak;282736131
SİVAS;HAFİK;YENİ;YENIYOL YENI 8 SOKAK;sokak;476391330
SİVAS;HAFİK;YENİ;YENİ YENİYOL10 SOKAK;sokak;103477061
SİVAS;HAFİK;YENİ;YENİYOL HAFİK 1 SOKAK;sokak;590941440
SİVAS;HAFİK;YENİ;YENİYOL HAFİK 13 SOKAK;sokak;330804580
SİVAS;HAFİK;YENİ;YENİYOL HAFİK 18 SOKAK;sokak;815424820
SİVAS;HAFİK;YENİ;YENİYOL HAFİK 19 SOKAK;sokak;190640961
SİVAS;HAFİK;YENİ;YENİYOL HAFİK 20 SOKAK;sokak;731791031
SİVAS;HAFİK;YENİ;YENİYOL HAFİK 8 SOKAK;sokak;637470420
SİVAS;HAFİK;YENİ;YENİYOL HAFİK 9 SOKAK;sokak;351873190
SİVAS;HAFİK;YENİ;YENİYOL1 YENİ SOKAK;sokak;641655901
SİVAS;HAFİK;YENİ;YENİYOL2 YENİ SOKAK;sokak;821543290
SİVAS;HAFİK;YENİ;YENİYOL3 YENİ SOKAK;sokak;366264551
SİVAS;HAFİK;YENİ;YENİYOL4 YENİ SOKAK;sokak;352383771
SİVAS;HAFİK;YENİ;YENİYOL5 YENİ SOKAK;sokak;507125381
SİVAS;HAFİK;YENİ;YENİYOL6 YENİ SOKAK;sokak;205424291
SİVAS;HAFİK;YENİKÖY NA;YENİKÖY KÜME EVLER;sokak;90089
SİVAS;İMRANLI;AKÇAKALE NA;AKÇAKALE KÜME EVLER;sokak;464195
SİVAS;İMRANLI;AKKAYA NA;AKKAYA KÜME EVLER;sokak;689327
SİVAS;İMRANLI;ALACAHACI NA;ALACAHACI KÜME EVLER;sokak;451195
SİVAS;İMRANLI;ALTINCA NA;ALTINCA KÜME EVLER;sokak;701907
SİVAS;İMRANLI;ARDIÇALAN NA;ARDIÇALAN KÜME EVLER;sokak;712741
SİVAS;İMRANLI;ARIK - BANDIRA;BANDIRA KÜME EVLER;sokak;700512
SİVAS;İMRANLI;ARIK NA;ARIK KÜME EVLER;sokak;678253
SİVAS;İMRANLI;AŞAĞIBOĞAZ NA;AŞAĞIBOĞAZ KÜME EVLER;sokak;706810
SİVAS;İMRANLI;AŞAĞIÇULHA NA;AŞAĞIÇULHA KÜME EVLER;sokak;91299
SİVAS;İMRANLI;AŞAĞIŞEYHLİ NA;AŞAĞIŞEYHLİ KÜME EVLER;sokak;678237
SİVAS;İMRANLI;ATLICA - SIDDIKLAR;SIDDIKLAR KÜME EVLER;sokak;704156
SİVAS;İMRANLI;ATLICA NA;KÖYÜN KENDİSİ KÜME EVLER;sokak;702757
SİVAS;İMRANLI;AVŞAR NA;AVŞAR KÜME EVLER;sokak;679508
SİVAS;İMRANLI;AYDIN NA;AYDIN KÜME EVLER;sokak;695592
SİVAS;İMRANLI;AYDOĞAN NA;AYDOĞAN KÜME EVLER;sokak;675418
SİVAS;İMRANLI;BAĞYAZI NA;BAĞYAZI KÜME EVLER;sokak;692627
SİVAS;İMRANLI;BAHADUN NA;BAHADUN KÜME EVLER;sokak;395412
SİVAS;İMRANLI;BAHTİYAR NA;BAHTİYAR KÜME EVLER;sokak;697104
SİVAS;İMRANLI;BARDAKLI NA;BARDAKLI KÜME EVLER;sokak;697103
SİVAS;İMRANLI;BAŞLICA NA;BAŞLICA KÜME EVLER;sokak;692798
SİVAS;İMRANLI;BECEK NA;BECEK KÜME EVLER;sokak;695154
SİVAS;İMRANLI;BEĞENDİK NA;BEĞENDİK KÜME EVLER;sokak;696966
SİVAS;İMRANLI;BOĞANAK NA;BOĞANAK KÜME EVLER;sokak;688137
SİVAS;İMRANLI;BOĞAZÖREN NA;BOĞAZÖREN KÜME EVLER;sokak;703640
SİVAS;İMRANLI;BORULAR NA;BORULAR KÜME EVLER;sokak;87810
SİVAS;İMRANLI;BULGURLUK - KELEK;KELEK KÜME EVLER;sokak;272928
SİVAS;İMRANLI;BULGURLUK NA;BULGURLUK KÜME EVLER;sokak;272927
SİVAS;İMRANLI;CELALDAMI NA;CELALDAMI KÜME EVLER;sokak;688031
SİVAS;İMRANLI;CERİT - MELEKLER;MELEKLER KÜME EVLER;sokak;691894
SİVAS;İMRANLI;CERİT NA;CERİT KÜME EVLER;sokak;692332
SİVAS;İMRANLI;ÇALIYURT - KIZILOLUK;KIZILOLUK KÜME EVLER;sokak;267355
SİVAS;İMRANLI;ÇALIYURT NA;ÇALIYURT KÜME EVLER;sokak;704022
SİVAS;İMRANLI;ÇARŞIBAŞI;BAĞDAT MEYDAN;sokak;683192
SİVAS;İMRANLI;ÇARŞIBAŞI;BAYIR SOKAK;sokak;675032
SİVAS;İMRANLI;ÇARŞIBAŞI;CAMİLİ/1 SOKAK;sokak;91965
SİVAS;İMRANLI;ÇARŞIBAŞI;CUMHURİYET MEYDAN;sokak;170090
SİVAS;İMRANLI;ÇARŞIBAŞI;DEĞİRMEN SOKAK;sokak;680583
SİVAS;İMRANLI;ÇARŞIBAŞI;DİKMEN SOKAK;sokak;100141
SİVAS;İMRANLI;ÇARŞIBAŞI;EGEMENLİK CADDE;cadde;678100
SİVAS;İMRANLI;ÇARŞIBAŞI;EMNİYET CADDE;cadde;259412950
SİVAS;İMRANLI;ÇARŞIBAŞI;ERGENEKON CADDE;cadde;675893
SİVAS;İMRANLI;ÇARŞIBAŞI;EROĞLU SOKAK;sokak;91635
SİVAS;İMRANLI;ÇARŞIBAŞI;GAZİ MUSTAFA TURAN CADDE;cadde;91967
SİVAS;İMRANLI;ÇARŞIBAŞI;GİRGİN SOKAK;sokak;678105
SİVAS;İMRANLI;ÇARŞIBAŞI;HAMİTABAT CADDE;cadde;667916
SİVAS;İMRANLI;ÇARŞIBAŞI;HÜNKAR SOKAK;sokak;675035
SİVAS;İMRANLI;ÇARŞIBAŞI;KARANFİL SOKAK;sokak;675895
SİVAS;İMRANLI;ÇARŞIBAŞI;MALAZGİRT CADDE;cadde;91969
SİVAS;İMRANLI;ÇARŞIBAŞI;MESUT SOKAK;sokak;675891
SİVAS;İMRANLI;ÇARŞIBAŞI;MEVLANA MEYDAN;sokak;685052
SİVAS;İMRANLI;ÇARŞIBAŞI;MEZARLIK SOKAK;sokak;679724
SİVAS;İMRANLI;ÇARŞIBAŞI;NEVRUZ SOKAK;sokak;675034
SİVAS;İMRANLI;ÇARŞIBAŞI;NURİ ATEŞ CADDE;cadde;969961030
SİVAS;İMRANLI;ÇARŞIBAŞI;SULTAN SOKAK;sokak;680587
SİVAS;İMRANLI;ÇARŞIBAŞI;ŞEHİT ERHAN ÜLKÜ SOKAK;sokak;675900
SİVAS;İMRANLI;ÇARŞIBAŞI;YAVUZ SELİM SOKAK;sokak;678106
SİVAS;İMRANLI;ÇARŞIBAŞI;YOKUŞ SOKAK;sokak;675033
SİVAS;İMRANLI;ÇARŞIBAŞI;YUSUF ÇAVUŞ SOKAK;sokak;678967
SİVAS;İMRANLI;ÇUKURYURT NA;ÇUKURYURT KÜME EVLER;sokak;706062
SİVAS;İMRANLI;DAĞYURDU NA;DAĞYURDU KÜME EVLER;sokak;714105
SİVAS;İMRANLI;DARISEKİ NA;DARISEKİ KÜME EVLER;sokak;390827
SİVAS;İMRANLI;DELİCE NA;DELİCE KÜME EVLER;sokak;91814
SİVAS;İMRANLI;DEMİRTAŞ - HASKÖY;HASKÖY KÜME EVLER;sokak;707161
SİVAS;İMRANLI;DEMİRTAŞ - KÖRHEMO;KÖRHEMO KÜME EVLER;sokak;704344
SİVAS;İMRANLI;DEMİRTAŞ NA;DEMİRTAŞ KÜME EVLER;sokak;131672
SİVAS;İMRANLI;DEREKÖY NA;DEREKÖY KÜME EVLER;sokak;405855
SİVAS;İMRANLI;DOĞANÇAL NA;DOĞANÇAL KÜME EVLER;sokak;697102
SİVAS;İMRANLI;DURCAN;ACISU CADDE;cadde;650170
SİVAS;İMRANLI;DURCAN;AKINCI SOKAK;sokak;647519
SİVAS;İMRANLI;DURCAN;AKSU SOKAK;sokak;650169
SİVAS;İMRANLI;DURCAN;ALPEREN SOKAK;sokak;653216
SİVAS;İMRANLI;DURCAN;ALTAY SOKAK;sokak;647144
SİVAS;İMRANLI;DURCAN;ALTINTEPE CADDE;cadde;652700
SİVAS;İMRANLI;DURCAN;BABSU SOKAK;sokak;650179
SİVAS;İMRANLI;DURCAN;BADEM SOKAK;sokak;653219
SİVAS;İMRANLI;DURCAN;BALKAN SOKAK;sokak;650814
SİVAS;İMRANLI;DURCAN;BATTAL SOKAK;sokak;653128
SİVAS;İMRANLI;DURCAN;BESTE SOKAK;sokak;652224
SİVAS;İMRANLI;DURCAN;ÇAĞRI SOKAK;sokak;646263
SİVAS;İMRANLI;DURCAN;ÇAY SOKAK;sokak;646825
SİVAS;İMRANLI;DURCAN;ÇEŞME SOKAK;sokak;650714
SİVAS;İMRANLI;DURCAN;DOĞUŞ SOKAK;sokak;650832
SİVAS;İMRANLI;DURCAN;DURCAN BABA CADDE;cadde;649135
SİVAS;İMRANLI;DURCAN;DURCAN MEZARLIĞI CADDE;cadde;647139
SİVAS;İMRANLI;DURCAN;EKİNCİK CADDE;cadde;646813
SİVAS;İMRANLI;DURCAN;GÖKÇE SOKAK;sokak;647093
SİVAS;İMRANLI;DURCAN;GÖKTÜRK CADDE;cadde;650807
SİVAS;İMRANLI;DURCAN;GÜZEL SOKAK;sokak;652574
SİVAS;İMRANLI;DURCAN;HAYAT SOKAK;sokak;652695
SİVAS;İMRANLI;DURCAN;HİKMET AYAN 1 SOKAK;sokak;569616590
SİVAS;İMRANLI;DURCAN;HİKMET AYAN CADDE;cadde;652222
SİVAS;İMRANLI;DURCAN;HİSAR SOKAK;sokak;652209
SİVAS;İMRANLI;DURCAN;HOŞGÖR SOKAK;sokak;650744
SİVAS;İMRANLI;DURCAN;HÖYÜK SOKAK;sokak;647531
SİVAS;İMRANLI;DURCAN;İLHAM SOKAK;sokak;650843
SİVAS;İMRANLI;DURCAN;KAPLAN SOKAK;sokak;646822
SİVAS;İMRANLI;DURCAN;KEREM SOKAK;sokak;649139
SİVAS;İMRANLI;DURCAN;KERVAN SOKAK;sokak;647520
SİVAS;İMRANLI;DURCAN;KÖROĞLU SOKAK;sokak;647543
SİVAS;İMRANLI;DURCAN;KUZULUK SOKAK;sokak;650841
SİVAS;İMRANLI;DURCAN;MECNUN SOKAK;sokak;650167
SİVAS;İMRANLI;DURCAN;MERİÇ SOKAK;sokak;652777
SİVAS;İMRANLI;DURCAN;MICIR SOKAK;sokak;650178
SİVAS;İMRANLI;DURCAN;NAZAR SOKAK;sokak;653205
SİVAS;İMRANLI;DURCAN;OĞUZ KAĞAN CADDE;cadde;650723
SİVAS;İMRANLI;DURCAN;ORTA SOKAK;sokak;649300
SİVAS;İMRANLI;DURCAN;OSMAN AĞA SOKAK;sokak;653056
SİVAS;İMRANLI;DURCAN;OSMANLI CADDE;cadde;33018
SİVAS;İMRANLI;DURCAN;PATİKA SOKAK;sokak;646576
SİVAS;İMRANLI;DURCAN;PEÇENEK SOKAK;sokak;653139
SİVAS;İMRANLI;DURCAN;SELÇUKLU CADDE;cadde;646631
SİVAS;İMRANLI;DURCAN;SERİN SOKAK;sokak;652697
SİVAS;İMRANLI;DURCAN;SİVAS ERZİNCAN BULVAR;sokak;652802
SİVAS;İMRANLI;DURCAN;ŞEKER AĞA SOKAK;sokak;646629
SİVAS;İMRANLI;DURCAN;TUNA CADDE;cadde;650472
SİVAS;İMRANLI;DURCAN;URAL SOKAK;sokak;647147
SİVAS;İMRANLI;DURCAN;UYGUR CADDE;cadde;653112
SİVAS;İMRANLI;DURCAN;ÜSTAD SOKAK;sokak;650182
SİVAS;İMRANLI;DURCAN;YEMEN SOKAK;sokak;647168
SİVAS;İMRANLI;DURCAN;YILDIZ SOKAK;sokak;647525
SİVAS;İMRANLI;EKİNCİK NA;EKİNCİK KÜME EVLER;sokak;706383
SİVAS;İMRANLI;ERDEMŞAH NA;ERDEMŞAH KÜME EVLER;sokak;34836
SİVAS;İMRANLI;ESKİDERE - ALANYURT;ALANYURT KÜME EVLER;sokak;74545
SİVAS;İMRANLI;ESKİDERE - KEPEZ;KEPEZ KÜME EVLER;sokak;706471
SİVAS;İMRANLI;ESKİDERE NA;AFET KONUTLARI KÜME EVLER;sokak;1494381
SİVAS;İMRANLI;ESKİDERE NA;ESKİDERE KÜME EVLER;sokak;706384
SİVAS;İMRANLI;ESKİKAPUMAHMUT NA;ESKİKAPIMAHMUT KÜME EVLER;sokak;706385
SİVAS;İMRANLI;ESKİKEŞLİK NA;ESKİKEŞLİK KÜME EVLER;sokak;706382
SİVAS;İMRANLI;GELENLİ - PÜR;PÜR KÜME EVLER;sokak;706469
SİVAS;İMRANLI;GELENLİ - SÖĞÜTLÜ-GELENLİ;SÖĞÜTLÜGELENLİ KÜME EVLER;sokak;706468
SİVAS;İMRANLI;GELENLİ NA;GELENLİ KÜME EVLER;sokak;706470
SİVAS;İMRANLI;GELİNTARLA - PALANGA;PALANGA KÜME EVLER;sokak;688170
SİVAS;İMRANLI;GELİNTARLA NA;GELİNTARLA KÜME EVLER;sokak;698442
SİVAS;İMRANLI;GÖKÇEBEL - DELİ MAHMUT;DELİ MAHMUT KÜME EVLER;sokak;705739
SİVAS;İMRANLI;GÖKÇEBEL NA;GÖKÇEBEL KÜME EVLER;sokak;700640
SİVAS;İMRANLI;GÖKÇEBEL NA;SÜVARİLER KÜME EVLER;sokak;678299
SİVAS;İMRANLI;GÖKDERE NA;GÖKDERE KÜME EVLER;sokak;690214
SİVAS;İMRANLI;GÖRÜNMEZKALE NA;GÖRÜNMEZKALE KÜME EVLER;sokak;399535
SİVAS;İMRANLI;GÜVEN NA;GÜVEN KÜME EVLER;sokak;683905
SİVAS;İMRANLI;HALİLLER - PUR;PUR KÜME EVLER;sokak;88260
SİVAS;İMRANLI;HALİLLER NA;HALİLLER KÜME EVLER;sokak;705672
SİVAS;İMRANLI;KAPUKAYA - HÜSEYİN ONBAŞI;HÜSEYİN ONBAŞI KÜME EVLER;sokak;352962
SİVAS;İMRANLI;KAPUKAYA NA;KAPIKAYA KÜME EVLER;sokak;459497
SİVAS;İMRANLI;KAPUMAHMUT - KAVAKLIDERE;KAVAKLIDERE KÜME EVLER;sokak;25801
SİVAS;İMRANLI;KAPUMAHMUT - MELEKLER MEZRASI;MELEKLER MEZRASI KÜME EVLER;sokak;689620
SİVAS;İMRANLI;KAPUMAHMUT NA;KAPUMAHMUT KÜME EVLER;sokak;290348
SİVAS;İMRANLI;KARABOĞAZ NA;KARABOĞAZ KÜME EVLER;sokak;676559
SİVAS;İMRANLI;KARACAHİSAR NA;KARACAHİSAR KÜME EVLER;sokak;674616
SİVAS;İMRANLI;KARACAÖREN NA;KARACAÖREN KÜME EVLER;sokak;668313
SİVAS;İMRANLI;KARAÇAYIR NA;KARAÇAYIR KÜME EVLER;sokak;676556
SİVAS;İMRANLI;KARAHÜSEYİN NA;KARAHÜSEYİN KÜME EVLER;sokak;679161
SİVAS;İMRANLI;KARAPINAR NA;KARAPINAR KÜME EVLER;sokak;60560
SİVAS;İMRANLI;KARAPINAR NA;YENİMAHALLE KÜME EVLER;sokak;136568
SİVAS;İMRANLI;KARATAŞ - YAYLA EVLERİ;YAYLA EVLERİ KÜME EVLER;sokak;471769
SİVAS;İMRANLI;KARATAŞ NA;KARATAŞ KÜME EVLER;sokak;692822
SİVAS;İMRANLI;KARATEKİN;ALAN SOKAK;sokak;645729
SİVAS;İMRANLI;KARATEKİN;BAYIR SOKAK;sokak;643306
SİVAS;İMRANLI;KARATEKİN;ÇİLOĞULLARI 1 SOKAK;sokak;767047090
SİVAS;İMRANLI;KARATEKİN;ÇİLOĞULLARI SOKAK;sokak;643827
SİVAS;İMRANLI;KARATEKİN;DEĞİRMEN SOKAK;sokak;644837
SİVAS;İMRANLI;KARATEKİN;EGEMENLİK CADDE;cadde;639527
SİVAS;İMRANLI;KARATEKİN;ERGENEKON CADDE;cadde;644693
SİVAS;İMRANLI;KARATEKİN;HÜSEYİN GAZİ SOKAK;sokak;639580
SİVAS;İMRANLI;KARATEKİN;İNCEDERE SOKAK;sokak;644519
SİVAS;İMRANLI;KARATEKİN;KARATEKİN YENİYOL1 SOKAK;sokak;576664550
SİVAS;İMRANLI;KARATEKİN;KAYA SOKAK;sokak;639582
SİVAS;İMRANLI;KARATEKİN;MEZARLIK SOKAK;sokak;642795
SİVAS;İMRANLI;KARATEKİN;NURİ ATEŞ CADDE;cadde;644838
SİVAS;İMRANLI;KARATEKİN;ÖZÇELİK SOKAK;sokak;642395
SİVAS;İMRANLI;KARATEKİN;SAİT BABA SOKAK;sokak;642796
SİVAS;İMRANLI;KARATEKİN;SELANİK CADDE;cadde;644133
SİVAS;İMRANLI;KARATEKİN;ŞEHİT ERHAN ÜLKÜ SOKAK;sokak;639579
SİVAS;İMRANLI;KARATEKİN;YUSUF ÇAVUŞ SOKAK;sokak;643826
SİVAS;İMRANLI;KARATEKİN;YÜCEL SOKAK;sokak;643302
SİVAS;İMRANLI;KARLIK NA;KARLIK KÜME EVLER;sokak;681700
SİVAS;İMRANLI;KARŞIYAKA;ANADOLU CADDE;cadde;162399
SİVAS;İMRANLI;KARŞIYAKA;ANAFARTALAR CADDE;cadde;83589
SİVAS;İMRANLI;KARŞIYAKA;ATATÜRK CADDE;cadde;647845
SİVAS;İMRANLI;KARŞIYAKA;BAĞLARBAŞI CADDE;cadde;653910
SİVAS;İMRANLI;KARŞIYAKA;BAHAR SOKAK;sokak;658484
SİVAS;İMRANLI;KARŞIYAKA;BANDALAR CADDE;cadde;656673
SİVAS;İMRANLI;KARŞIYAKA;BATI SOKAK;sokak;166932
SİVAS;İMRANLI;KARŞIYAKA;BEGONYA SOKAK;sokak;654257
SİVAS;İMRANLI;KARŞIYAKA;BEREKET SOKAK;sokak;664036
SİVAS;İMRANLI;KARŞIYAKA;BOZKIR SOKAK;sokak;175534
SİVAS;İMRANLI;KARŞIYAKA;BUĞDAY SOKAK;sokak;173911
SİVAS;İMRANLI;KARŞIYAKA;CAMİLİ SOKAK;sokak;660038
SİVAS;İMRANLI;KARŞIYAKA;CUMHURİYET/1 CADDE;cadde;672875
SİVAS;İMRANLI;KARŞIYAKA;ÇAĞDAŞ SOKAK;sokak;163513
SİVAS;İMRANLI;KARŞIYAKA;ÇAKIR SOKAK;sokak;664961
SİVAS;İMRANLI;KARŞIYAKA;ÇETİN SOKAK;sokak;655025
SİVAS;İMRANLI;KARŞIYAKA;ÇINAR SOKAK;sokak;656316
SİVAS;İMRANLI;KARŞIYAKA;ÇİÇEK SOKAK;sokak;24052
SİVAS;İMRANLI;KARŞIYAKA;ÇÖKELEK SOKAK;sokak;661380
SİVAS;İMRANLI;KARŞIYAKA;ÇÖMLEK SOKAK;sokak;661375
SİVAS;İMRANLI;KARŞIYAKA;DANIŞ SOKAK;sokak;633087
SİVAS;İMRANLI;KARŞIYAKA;DEFNE SOKAK;sokak;659748
SİVAS;İMRANLI;KARŞIYAKA;DEMİRER SOKAK;sokak;660756
SİVAS;İMRANLI;KARŞIYAKA;DÖRT EYLÜL CADDE;cadde;664704
SİVAS;İMRANLI;KARŞIYAKA;EMEK SOKAK;sokak;655718
SİVAS;İMRANLI;KARŞIYAKA;EMNİYET CADDE;cadde;267411
SİVAS;İMRANLI;KARŞIYAKA;ENERJİ SOKAK;sokak;221090
SİVAS;İMRANLI;KARŞIYAKA;ERDOĞAN SOKAK;sokak;656087
SİVAS;İMRANLI;KARŞIYAKA;FATİH SULTAN MEHMET 1 SOKAK;sokak;120920370
SİVAS;İMRANLI;KARŞIYAKA;FATİH SULTAN MEHMET 2 SOKAK;sokak;946947260
SİVAS;İMRANLI;KARŞIYAKA;FATİH SULTAN MEHMET 3 SOKAK;sokak;644545310
SİVAS;İMRANLI;KARŞIYAKA;FATİH SULTAN MEHMET CADDE;cadde;642803
SİVAS;İMRANLI;KARŞIYAKA;FETİH SOKAK;sokak;393575
SİVAS;İMRANLI;KARŞIYAKA;GAZEL SOKAK;sokak;644059
SİVAS;İMRANLI;KARŞIYAKA;GELİNCİK SOKAK;sokak;24066
SİVAS;İMRANLI;KARŞIYAKA;GENİŞ SOKAK;sokak;665883
SİVAS;İMRANLI;KARŞIYAKA;GONCA SOKAK;sokak;648078
SİVAS;İMRANLI;KARŞIYAKA;GÖZCÜ SOKAK;sokak;655024
SİVAS;İMRANLI;KARŞIYAKA;GÜNDÜZ SOKAK;sokak;663273
SİVAS;İMRANLI;KARŞIYAKA;GÜVEN SOKAK;sokak;161883
SİVAS;İMRANLI;KARŞIYAKA;HARMAN SOKAK;sokak;656928
SİVAS;İMRANLI;KARŞIYAKA;HASTANE CADDE;cadde;644236
SİVAS;İMRANLI;KARŞIYAKA;HİLAL 1 SOKAK;sokak;147815200
SİVAS;İMRANLI;KARŞIYAKA;HİLAL SOKAK;sokak;658859
SİVAS;İMRANLI;KARŞIYAKA;HÜSEYİN AĞIRMAN CADDE;cadde;671723
SİVAS;İMRANLI;KARŞIYAKA;IHLAMUR SOKAK;sokak;162261
SİVAS;İMRANLI;KARŞIYAKA;IŞIK SOKAK;sokak;92785
SİVAS;İMRANLI;KARŞIYAKA;İNCİ SOKAK;sokak;656908
SİVAS;İMRANLI;KARŞIYAKA;İPEKYOLU CADDE;cadde;641645
SİVAS;İMRANLI;KARŞIYAKA;İREM SOKAK;sokak;644782
SİVAS;İMRANLI;KARŞIYAKA;KADER SOKAK;sokak;657899
SİVAS;İMRANLI;KARŞIYAKA;KAMELYA SOKAK;sokak;655968
SİVAS;İMRANLI;KARŞIYAKA;KANAAT SOKAK;sokak;260052
SİVAS;İMRANLI;KARŞIYAKA;KANDİL SOKAK;sokak;642667
SİVAS;İMRANLI;KARŞIYAKA;KARACA SOKAK;sokak;666424
SİVAS;İMRANLI;KARŞIYAKA;KARŞIYAKA 1 SOKAK;sokak;672755600
SİVAS;İMRANLI;KARŞIYAKA;KARŞIYAKA YENİYOL 1 SOKAK;sokak;273485640
SİVAS;İMRANLI;KARŞIYAKA;KARŞIYAKA YENİYOL1 SOKAK;sokak;870955190
SİVAS;İMRANLI;KARŞIYAKA;KATMER SOKAK;sokak;664962
SİVAS;İMRANLI;KARŞIYAKA;KAYNAK SOKAK;sokak;656550
SİVAS;İMRANLI;KARŞIYAKA;KEKİK SOKAK;sokak;661083
SİVAS;İMRANLI;KARŞIYAKA;KESKİN SOKAK;sokak;162517
SİVAS;İMRANLI;KARŞIYAKA;KIRLANGIÇ SOKAK;sokak;162311
SİVAS;İMRANLI;KARŞIYAKA;KUŞBURNU SOKAK;sokak;90217
SİVAS;İMRANLI;KARŞIYAKA;KUTUP SOKAK;sokak;666845
SİVAS;İMRANLI;KARŞIYAKA;KUZEY SOKAK;sokak;661266
SİVAS;İMRANLI;KARŞIYAKA;MEHTER SOKAK;sokak;652194
SİVAS;İMRANLI;KARŞIYAKA;MELİKE SOKAK;sokak;658246
SİVAS;İMRANLI;KARŞIYAKA;MENEKŞE SOKAK;sokak;173955
SİVAS;İMRANLI;KARŞIYAKA;MERA SOKAK;sokak;449045
SİVAS;İMRANLI;KARŞIYAKA;MERCAN SOKAK;sokak;649240
SİVAS;İMRANLI;KARŞIYAKA;MİLLET 1 SOKAK;sokak;348890480
SİVAS;İMRANLI;KARŞIYAKA;MİLLET CADDE;cadde;635313
SİVAS;İMRANLI;KARŞIYAKA;NERGİS SOKAK;sokak;24083
SİVAS;İMRANLI;KARŞIYAKA;OKUL SOKAK;sokak;671172
SİVAS;İMRANLI;KARŞIYAKA;ONUR SOKAK;sokak;661092
SİVAS;İMRANLI;KARŞIYAKA;PAPATYA SOKAK;sokak;368806
SİVAS;İMRANLI;KARŞIYAKA;PETEK SOKAK;sokak;176475
SİVAS;İMRANLI;KARŞIYAKA;POLAT SOKAK;sokak;657911
SİVAS;İMRANLI;KARŞIYAKA;RÜZGAR SOKAK;sokak;640506
SİVAS;İMRANLI;KARŞIYAKA;SAKARYA CADDE;cadde;659290
SİVAS;İMRANLI;KARŞIYAKA;SANAYİ SOKAK;sokak;665872
SİVAS;İMRANLI;KARŞIYAKA;SARMAŞIK SOKAK;sokak;655240
SİVAS;İMRANLI;KARŞIYAKA;SEFA SOKAK;sokak;645460
SİVAS;İMRANLI;KARŞIYAKA;SIRMASAÇ SOKAK;sokak;422604
SİVAS;İMRANLI;KARŞIYAKA;SİVAS ERZİNCAN BULVAR;sokak;159952
SİVAS;İMRANLI;KARŞIYAKA;STADYUM SOKAK;sokak;662744
SİVAS;İMRANLI;KARŞIYAKA;ŞELALE SOKAK;sokak;260390
SİVAS;İMRANLI;KARŞIYAKA;TOSUN SOKAK;sokak;160542
SİVAS;İMRANLI;KARŞIYAKA;UFUK SOKAK;sokak;659330
SİVAS;İMRANLI;KARŞIYAKA;UĞUR SOKAK;sokak;635296
SİVAS;İMRANLI;KARŞIYAKA;VARİNLİ CADDE;cadde;587759820
SİVAS;İMRANLI;KARŞIYAKA;VEFA SOKAK;sokak;642231
SİVAS;İMRANLI;KARŞIYAKA;YAYLIM SOKAK;sokak;162404
SİVAS;İMRANLI;KARŞIYAKA;YEGANE SOKAK;sokak;449047
SİVAS;İMRANLI;KARŞIYAKA;YENİCE SOKAK;sokak;658953
SİVAS;İMRANLI;KARŞIYAKA;YONCA SOKAK;sokak;656692
SİVAS;İMRANLI;KARŞIYAKA;YURTTAŞ SOKAK;sokak;666488
SİVAS;İMRANLI;KASAPLAR NA;KASAPLAR KÜME EVLER;sokak;687512
SİVAS;İMRANLI;KAVALCIK NA;KAVALCIK KÜME EVLER;sokak;683329
SİVAS;İMRANLI;KEMRELİ NA;KEMRELİ KÜME EVLER;sokak;685580
SİVAS;İMRANLI;KERİMOĞLU NA;KERİMOĞLU KÜME EVLER;sokak;685579
SİVAS;İMRANLI;KEVENLİ NA;KEVENLİ KÜME EVLER;sokak;690968
SİVAS;İMRANLI;KILIÇKÖY - HANKÖY;HANKÖY KÜME EVLER;sokak;697659
SİVAS;İMRANLI;KILIÇKÖY NA;KILIÇKÖY KÜME EVLER;sokak;699751
SİVAS;İMRANLI;KILIÇLAR NA;KILIÇLAR KÜME EVLER;sokak;608278
SİVAS;İMRANLI;KIZILIRMAK;AKASYA SOKAK;sokak;675356
SİVAS;İMRANLI;KIZILIRMAK;ALTUNCA CADDE;cadde;400142
SİVAS;İMRANLI;KIZILIRMAK;BARDIZ SOKAK;sokak;157330
SİVAS;İMRANLI;KIZILIRMAK;BARIŞ CADDE;cadde;678028
SİVAS;İMRANLI;KIZILIRMAK;BEREN SOKAK;sokak;676193
SİVAS;İMRANLI;KIZILIRMAK;CEVHER SOKAK;sokak;674087
SİVAS;İMRANLI;KIZILIRMAK;ÇAKMAK SOKAK;sokak;677332
SİVAS;İMRANLI;KIZILIRMAK;ÇAMLIK SOKAK;sokak;674156
SİVAS;İMRANLI;KIZILIRMAK;ÇİLAZİZ SOKAK;sokak;676913
SİVAS;İMRANLI;KIZILIRMAK;ÇİPAR SOKAK;sokak;674065
SİVAS;İMRANLI;KIZILIRMAK;ÇİT SOKAK;sokak;678029
SİVAS;İMRANLI;KIZILIRMAK;DÜŞ SOKAK;sokak;674999
SİVAS;İMRANLI;KIZILIRMAK;EYLÜL SOKAK;sokak;679385
SİVAS;İMRANLI;KIZILIRMAK;FENER 1 SOKAK;sokak;401174180
SİVAS;İMRANLI;KIZILIRMAK;FENER SOKAK;sokak;674072
SİVAS;İMRANLI;KIZILIRMAK;FİDAN SOKAK;sokak;675512
SİVAS;İMRANLI;KIZILIRMAK;GAZİ MUSTAFA TURAN 1 SOKAK;sokak;162068310
SİVAS;İMRANLI;KIZILIRMAK;GAZİ MUSTAFA TURAN CADDE;cadde;174144
SİVAS;İMRANLI;KIZILIRMAK;GÜLPARE SOKAK;sokak;684899
SİVAS;İMRANLI;KIZILIRMAK;GÜLPARE/1 SOKAK;sokak;158749770
SİVAS;İMRANLI;KIZILIRMAK;HACILAR SOKAK;sokak;333802
SİVAS;İMRANLI;KIZILIRMAK;HAFIZ SOKAK;sokak;676581
SİVAS;İMRANLI;KIZILIRMAK;HAKVERDİ SOKAK;sokak;676027
SİVAS;İMRANLI;KIZILIRMAK;HAMİTABAT CADDE;cadde;679291
SİVAS;İMRANLI;KIZILIRMAK;HUZUR SOKAK;sokak;680531
SİVAS;İMRANLI;KIZILIRMAK;KARAAZİZ SOKAK;sokak;674052
SİVAS;İMRANLI;KIZILIRMAK;KARTAL SOKAK;sokak;682388
SİVAS;İMRANLI;KIZILIRMAK;KIZILIRMAK 2 SOKAK;sokak;404684310
SİVAS;İMRANLI;KIZILIRMAK;KIZILIRMAK 3 SOKAK;sokak;679837670
SİVAS;İMRANLI;KIZILIRMAK;LOJMAN SOKAK;sokak;675755
SİVAS;İMRANLI;KIZILIRMAK;NAMIK KEMAL SOKAK;sokak;675425
SİVAS;İMRANLI;KIZILIRMAK;PEHLİVAN SOKAK;sokak;333796
SİVAS;İMRANLI;KIZILIRMAK;SARIÇİÇEK SOKAK;sokak;680985
SİVAS;İMRANLI;KIZILIRMAK;ŞAFAK SOKAK;sokak;676255
SİVAS;İMRANLI;KIZILIRMAK;ŞERİF SOKAK;sokak;680429
SİVAS;İMRANLI;KIZILIRMAK;ŞÜKÜR SOKAK;sokak;680424
SİVAS;İMRANLI;KIZILIRMAK;TANYERİ SOKAK;sokak;391413
SİVAS;İMRANLI;KIZILIRMAK;TAŞLI SOKAK;sokak;675485
SİVAS;İMRANLI;KIZILIRMAK;TEBER/1 SOKAK;sokak;677366
SİVAS;İMRANLI;KIZILIRMAK;YILDIRIM SOKAK;sokak;678574
SİVAS;İMRANLI;KIZILIRMAK;ZÜMRÜT SOKAK;sokak;684389
SİVAS;İMRANLI;KIZILMEZRAA NA;KIZILMEZRA KÜME EVLER;sokak;685576
SİVAS;İMRANLI;KIZILTEPE NA;KIZILTEPE KÜME EVLER;sokak;675797
SİVAS;İMRANLI;KOÇGEDİĞİ NA;KOÇGEDİĞİ KÜME EVLER;sokak;693063
SİVAS;İMRANLI;KORUKÖY - ÇATMA;ÇATMA KÜME EVLER;sokak;692820
SİVAS;İMRANLI;KORUKÖY - ÇAVUŞDERE;ÇAVUŞDERE KÜME EVLER;sokak;689689
SİVAS;İMRANLI;KORUKÖY - GÜRGEN;GÜRGEN KÜME EVLER;sokak;692815
SİVAS;İMRANLI;KORUKÖY - KARŞİKİ;KARŞİKİ KÜME EVLER;sokak;687887
SİVAS;İMRANLI;KORUKÖY - ŞAHBAZ;ŞAHBAZ KÜME EVLER;sokak;687889
SİVAS;İMRANLI;KORUKÖY - ŞIHLAR;ŞIHLAR KÜME EVLER;sokak;687890
SİVAS;İMRANLI;KORUKÖY NA;KÖRHEMO KÜME EVLER;sokak;686069
SİVAS;İMRANLI;KOYUNKAYA - GÜL MUSTAFA MEZRASI;GÜL MUSTAFA MEZRASI KÜME EVLER;sokak;691564
SİVAS;İMRANLI;KOYUNKAYA NA;KOYUNKAYA KÜME EVLER;sokak;685575
SİVAS;İMRANLI;KÖRABBAS NA;KÖRABBAS KÜME EVLER;sokak;675751
SİVAS;İMRANLI;KUZKÖY NA;KUZKÖY KÜME EVLER;sokak;674700
SİVAS;İMRANLI;MADENKÖY - MADEN MEZRASI;MADEN MEZRASI KÜME EVLER;sokak;688468
SİVAS;İMRANLI;MADENKÖY NA;MADEN KÜME EVLER;sokak;685758
SİVAS;İMRANLI;ORTAKDARACIK NA;ORTAKDARACIK KÜME EVLER;sokak;690103
SİVAS;İMRANLI;ORTAKÖY - DEĞİRMENDERE;DEĞİRMENDERE KÜME EVLER;sokak;691005
SİVAS;İMRANLI;ORTAKÖY NA;ORTAKÖY KÜME EVLER;sokak;680043
SİVAS;İMRANLI;PİREDEDE NA;PİREDEDE KÜME EVLER;sokak;678693
SİVAS;İMRANLI;REFİK NA;REFİK KÜME EVLER;sokak;334225
SİVAS;İMRANLI;SANDAL NA;SANDAL KÜME EVLER;sokak;276489
SİVAS;İMRANLI;SİNEK NA;SİNEK KÜME EVLER;sokak;675625
SİVAS;İMRANLI;SÖĞÜTLÜ NA;SÖĞÜTLÜ KÜME EVLER;sokak;395386
SİVAS;İMRANLI;TAŞDELEN NA;TAŞDELEN KÜME EVLER;sokak;399494
SİVAS;İMRANLI;TAŞDELEN NA;TEMOLAR MEZRASI KÜME EVLER;sokak;1494761
SİVAS;İMRANLI;TAŞLICA - ARAPLAR;ARAPLAR KÜME EVLER;sokak;699568
SİVAS;İMRANLI;TAŞLICA NA;TAŞLICA KÜME EVLER;sokak;697890
SİVAS;İMRANLI;TOKLUCAK NA;TOKLUCAK KÜME EVLER;sokak;681436
SİVAS;İMRANLI;TOPALLAR NA;TOPALLAR KÜME EVLER;sokak;672694
SİVAS;İMRANLI;TOPTAŞ NA;TOPTAŞ KÜME EVLER;sokak;679158
SİVAS;İMRANLI;TUZÖZÜ NA;TUZÖZÜ KÜME EVLER;sokak;672656
SİVAS;İMRANLI;TÜRKKEŞLİK NA;TÜRKKEŞLİK KÜME EVLER;sokak;467596
SİVAS;İMRANLI;TÜRKYENİCE NA;TÜRKYENİCE KÜME EVLER;sokak;680891
SİVAS;İMRANLI;UYANIK NA;UYANIK KÜME EVLER;sokak;698537
SİVAS;İMRANLI;UZUNTEMÜR NA;UZUNTEMUR KÜME EVLER;sokak;672379
SİVAS;İMRANLI;VALİTUNCEL;ADALET SOKAK;sokak;406134
SİVAS;İMRANLI;VALİTUNCEL;ALBAYRAK CADDE;cadde;162278
SİVAS;İMRANLI;VALİTUNCEL;ARI SOKAK;sokak;406126
SİVAS;İMRANLI;VALİTUNCEL;ATATÜRK CADDE;cadde;201227
SİVAS;İMRANLI;VALİTUNCEL;BALLI SOKAK;sokak;400105
SİVAS;İMRANLI;VALİTUNCEL;BAŞAK SOKAK;sokak;664352
SİVAS;İMRANLI;VALİTUNCEL;BULUT SOKAK;sokak;355334
SİVAS;İMRANLI;VALİTUNCEL;CEM SOKAK;sokak;353299
SİVAS;İMRANLI;VALİTUNCEL;CEZAEVİ SOKAK;sokak;201309
SİVAS;İMRANLI;VALİTUNCEL;CUMHURİYET/1 CADDE;cadde;243231720
SİVAS;İMRANLI;VALİTUNCEL;DENİZ SOKAK;sokak;176401
SİVAS;İMRANLI;VALİTUNCEL;DERMAN SOKAK;sokak;425875
SİVAS;İMRANLI;VALİTUNCEL;DOLUNAY SOKAK;sokak;665517
SİVAS;İMRANLI;VALİTUNCEL;DOSTLAR SOKAK;sokak;201296
SİVAS;İMRANLI;VALİTUNCEL;DURCAN BABA CADDE;cadde;176399
SİVAS;İMRANLI;VALİTUNCEL;ESENLİK SOKAK;sokak;353302
SİVAS;İMRANLI;VALİTUNCEL;GAZEL SOKAK;sokak;406121
SİVAS;İMRANLI;VALİTUNCEL;GÜLERYÜZ SOKAK;sokak;176409
SİVAS;İMRANLI;VALİTUNCEL;GÜNEŞ SOKAK;sokak;425882
SİVAS;İMRANLI;VALİTUNCEL;HASTANE CADDE;cadde;406119
SİVAS;İMRANLI;VALİTUNCEL;HAZAN SOKAK;sokak;355283
SİVAS;İMRANLI;VALİTUNCEL;HIZIR SOKAK;sokak;201308
SİVAS;İMRANLI;VALİTUNCEL;İPEKYOLU CADDE;cadde;406111
SİVAS;İMRANLI;VALİTUNCEL;KAFKAS SOKAK;sokak;176403
SİVAS;İMRANLI;VALİTUNCEL;KANDİL SOKAK;sokak;201226
SİVAS;İMRANLI;VALİTUNCEL;KILIÇ SOKAK;sokak;400164
SİVAS;İMRANLI;VALİTUNCEL;KURTULUŞ CADDE;cadde;664357
SİVAS;İMRANLI;VALİTUNCEL;LİSE 1 SOKAK;sokak;535529800
SİVAS;İMRANLI;VALİTUNCEL;MADIMAK SOKAK;sokak;406131
SİVAS;İMRANLI;VALİTUNCEL;MENEKŞE SOKAK;sokak;201295
SİVAS;İMRANLI;VALİTUNCEL;MERAL SOKAK;sokak;665519
SİVAS;İMRANLI;VALİTUNCEL;MERT SOKAK;sokak;665518
SİVAS;İMRANLI;VALİTUNCEL;PİR SOKAK;sokak;176392
SİVAS;İMRANLI;VALİTUNCEL;SELVİ SOKAK;sokak;201228
SİVAS;İMRANLI;VALİTUNCEL;SEMAH SOKAK;sokak;201305
SİVAS;İMRANLI;VALİTUNCEL;SIRMA SOKAK;sokak;159951
SİVAS;İMRANLI;VALİTUNCEL;SİVAS ERZİNCAN BULVAR;sokak;406108
SİVAS;İMRANLI;VALİTUNCEL;SOYLU SOKAK;sokak;406124
SİVAS;İMRANLI;VALİTUNCEL;ŞEHİT İMAM ALİ ACAR CADDE;cadde;364261
SİVAS;İMRANLI;VALİTUNCEL;ŞİFA SOKAK;sokak;425874
SİVAS;İMRANLI;VALİTUNCEL;ŞİRİN SOKAK;sokak;353303
SİVAS;İMRANLI;VALİTUNCEL;TARIM SOKAK;sokak;425871
SİVAS;İMRANLI;VALİTUNCEL;TATLI SOKAK;sokak;355354
SİVAS;İMRANLI;VALİTUNCEL;TEPE SOKAK;sokak;406133
SİVAS;İMRANLI;VALİTUNCEL;TUNA/1 SOKAK;sokak;407372
SİVAS;İMRANLI;VALİTUNCEL;ULUBATLI SOKAK;sokak;355273
SİVAS;İMRANLI;VALİTUNCEL;ULUS SOKAK;sokak;176405
SİVAS;İMRANLI;VALİTUNCEL;VALİTUNCEL YENİYOL1 SOKAK;sokak;570001840
SİVAS;İMRANLI;VALİTUNCEL;VARİNLİ CADDE;cadde;21398
SİVAS;İMRANLI;VALİTUNCEL;VATAN CADDE;cadde;201306
SİVAS;İMRANLI;VALİTUNCEL;YAĞMUR SOKAK;sokak;355353
SİVAS;İMRANLI;VALİTUNCEL;YURT SOKAK;sokak;353671
SİVAS;İMRANLI;VALİTUNCEL;ZİRVE SOKAK;sokak;159953
SİVAS;İMRANLI;YAKAYERİ NA;YAKAYERİ KÜME EVLER;sokak;211429
SİVAS;İMRANLI;YAPRAKLIPINAR NA;YAPRAKLIPINAR KÜME EVLER;sokak;685197
SİVAS;İMRANLI;YAYLACIK;ATMACA SOKAK;sokak;674922
SİVAS;İMRANLI;YAYLACIK;DİNÇER SOKAK;sokak;677958
SİVAS;İMRANLI;YAYLACIK;DURSUN SOKAK;sokak;677423
SİVAS;İMRANLI;YAYLACIK;SERŞAN SOKAK;sokak;678500
SİVAS;İMRANLI;YAYLACIK;SİVAS-ERZİNCAN BULVAR;sokak;501544260
SİVAS;İMRANLI;YAYLACIK;TEBER SOKAK;sokak;677959
SİVAS;İMRANLI;YAYLACIK;YAMAN ALİ CADDE;cadde;677030
SİVAS;İMRANLI;YAYLACIK;YAMAN ALİ/1 SOKAK;sokak;469973340
SİVAS;İMRANLI;YAYLACIK;YAMAN ALİ/2 SOKAK;sokak;754823230
SİVAS;İMRANLI;YAYLACIK;YAMAN ALİ/3 SOKAK;sokak;982654240
SİVAS;İMRANLI;YAYLACIK;YAMAN ALİ/4 SOKAK;sokak;321556400
SİVAS;İMRANLI;YAZIKAVAK - HEMOLAR;HEMOLAR KÜME EVLER;sokak;703531
SİVAS;İMRANLI;YAZIKAVAK NA;YAZIKAVAK KÜME EVLER;sokak;709035
SİVAS;İMRANLI;YAZILI NA;YAZILI KÜME EVLER;sokak;681539
SİVAS;İMRANLI;YENİ;DURCAN BABA CADDE;cadde;647316
SİVAS;İMRANLI;YENİ;EĞİTİM SOKAK;sokak;652339
SİVAS;İMRANLI;YENİ;KARACAOĞLAN CADDE;cadde;652664
SİVAS;İMRANLI;YENİ;OVA SOKAK;sokak;652340
SİVAS;İMRANLI;YENİ;ÖMÜR SOKAK;sokak;648669
SİVAS;İMRANLI;YENİ;SAVA GÜLO MEYDAN;sokak;652665
SİVAS;İMRANLI;YENİ;TELLİ PINAR SOKAK;sokak;647318
SİVAS;İMRANLI;YENİDOĞAN;FİDAN/1 SOKAK;sokak;647927
SİVAS;İMRANLI;YENİDOĞAN;GAZİ KAYA CADDE;cadde;648462
SİVAS;İMRANLI;YENİDOĞAN;IRMAK SOKAK;sokak;462520
SİVAS;İMRANLI;YENİDOĞAN;KARAKAYA SOKAK;sokak;919715
SİVAS;İMRANLI;YENİDOĞAN;KEREM/1 SOKAK;sokak;652074
SİVAS;İMRANLI;YENİDOĞAN;KIZILDAĞ SOKAK;sokak;652073
SİVAS;İMRANLI;YENİDOĞAN;KURTULUŞ CADDE;cadde;462502
SİVAS;İMRANLI;YENİDOĞAN;ORAK SOKAK;sokak;647932
SİVAS;İMRANLI;YENİDOĞAN;SİVAS ERZİNCAN BULVAR;sokak;462495
SİVAS;İMRANLI;YENİDOĞAN;YUNUS EMRE CADDE;cadde;462514
SİVAS;İMRANLI;YENİKENT NA;YENİKENT KÜME EVLER;sokak;680948
SİVAS;İMRANLI;YENİKÖY NA;YENİKÖY KÜME EVLER;sokak;690115
SİVAS;İMRANLI;YONCABAYIRI - ÇALIYURDU;ÇALIYURDU KÜME EVLER;sokak;448089
SİVAS;İMRANLI;YONCABAYIRI - ÇİMEN;ÇİMEN KÜME EVLER;sokak;700064
SİVAS;İMRANLI;YONCABAYIRI - PERÇEMLİ;PERÇEMLİ KÜME EVLER;sokak;291927
SİVAS;İMRANLI;YONCABAYIRI NA;YONCABAYIRI KÜME EVLER;sokak;695176
SİVAS;İMRANLI;YOZYATAĞI - BALKAYA;BALKAYA KÜME EVLER;sokak;673473
SİVAS;İMRANLI;YOZYATAĞI - GÖLAĞIL;GÖLAĞIL KÜME EVLER;sokak;671753
SİVAS;İMRANLI;YOZYATAĞI - HANDERE;HANDERE KÜME EVLER;sokak;670904
SİVAS;İMRANLI;YOZYATAĞI - ORTAKÖY;ORTAKÖY KÜME EVLER;sokak;668142
SİVAS;İMRANLI;YOZYATAĞI NA;YOZYATAĞI KÜME EVLER;sokak;662769
SİVAS;İMRANLI;YUKARIBOĞAZ NA;YUKARIBOĞAZ KÜME EVLER;sokak;681166
SİVAS;İMRANLI;YUKARIÇULHA NA;YUKARICULHA KÜME EVLER;sokak;696191
SİVAS;İMRANLI;YÜNÖREN - ELMASEKİ;ELMASEKİ KÜME EVLER;sokak;88214
SİVAS;İMRANLI;YÜNÖREN - HALLAS;HALLAS KÜME EVLER;sokak;700615
SİVAS;İMRANLI;YÜNÖREN NA;YÜNÖREN KÜME EVLER;sokak;75906
SİVAS;İMRANLI;YÜREKTAŞI - AYRANCI;AYRANCI KÜME EVLER;sokak;705531
SİVAS;İMRANLI;YÜREKTAŞI - TAŞLICA;TAŞLICA KÜME EVLER;sokak;702149
SİVAS;İMRANLI;YÜREKTAŞI NA;YÜREKTAŞI KÜME EVLER;sokak;705356
SİVAS;KANGAL;AKÇAKALE - KEŞPINAR;KEŞPINAR KÜME EVLER;sokak;203399
SİVAS;KANGAL;AKÇAKALE - SATIÖREN;SATÖREN KÜME EVLER;sokak;735436
SİVAS;KANGAL;AKÇAKALE NA;AKÇAKALE KÜME EVLER;sokak;437301
SİVAS;KANGAL;AKÇAMAĞARA - KARAABDİ;KARAABDİ KÜME EVLER;sokak;262734
SİVAS;KANGAL;AKÇAMAĞARA NA;AKÇAMAĞARA KÜME EVLER;sokak;380129
SİVAS;KANGAL;AKÇAŞEHİR NA;AKÇAŞEHİR KÜME EVLER;sokak;260487
SİVAS;KANGAL;AKDERE NA;AKDERE KÜME EVLER;sokak;26321
SİVAS;KANGAL;AKGEDİK NA;AKGEDİK KÜME EVLER;sokak;47346
SİVAS;KANGAL;AKPINAR NA;AKPINAR KÜME EVLER;sokak;752831
SİVAS;KANGAL;AKTEPE NA;AKTEPE KÜME EVLER;sokak;734037
SİVAS;KANGAL;ALACAHAN - CUMHURİYET;BAHTİYAR SOKAK;sokak;328645
SİVAS;KANGAL;ALACAHAN - CUMHURİYET;ÇAY KENARI SOKAK;sokak;883409301
SİVAS;KANGAL;ALACAHAN - CUMHURİYET;DARACIK SOKAK;sokak;328646
SİVAS;KANGAL;ALACAHAN - CUMHURİYET;KALE BAŞI SOKAK;sokak;328647
SİVAS;KANGAL;ALACAHAN - CUMHURİYET;KARANFİL SOKAK;sokak;328648
SİVAS;KANGAL;ALACAHAN - CUMHURİYET;KERVANSARAY SOKAK;sokak;714849680
SİVAS;KANGAL;ALACAHAN - CUMHURİYET;KÜME EVLER 5 SOKAK;sokak;328650
SİVAS;KANGAL;ALACAHAN - CUMHURİYET;KÜME EVLER 6 SOKAK;sokak;328651
SİVAS;KANGAL;ALACAHAN - CUMHURİYET;KÜME EVLER 7 SOKAK;sokak;328649
SİVAS;KANGAL;ALACAHAN - ÇARŞIBAŞI;BULVAR SOKAK;sokak;328652
SİVAS;KANGAL;ALACAHAN - ÇARŞIBAŞI;DARACIK SOKAK;sokak;110626270
SİVAS;KANGAL;ALACAHAN - ÇARŞIBAŞI;ELVAN SOKAK;sokak;328653
SİVAS;KANGAL;ALACAHAN - ÇARŞIBAŞI;FATİH SOKAK;sokak;328654
SİVAS;KANGAL;ALACAHAN - ÇARŞIBAŞI;KÜME EVLER 9 SOKAK;sokak;633948
SİVAS;KANGAL;ALACAHAN - ÇARŞIBAŞI;KÜME EVLER8 SOKAK;sokak;328655
SİVAS;KANGAL;ALACAHAN - ÇARŞIBAŞI;LOJMAN 1. SOKAK;sokak;328656
SİVAS;KANGAL;ALACAHAN - ÇARŞIBAŞI;LOJMAN 2. SOKAK;sokak;328657
SİVAS;KANGAL;ALACAHAN - ÇARŞIBAŞI;SELÇUK SOKAK;sokak;328659
SİVAS;KANGAL;ALACAHAN - ÇARŞIBAŞI;SÜMBÜL SOKAK;sokak;328660
SİVAS;KANGAL;ALACAHAN - ÇARŞIBAŞI;ŞENCAN SOKAK;sokak;328662
SİVAS;KANGAL;ALACAHAN - ÇARŞIBAŞI;ZAFER SOKAK;sokak;285619001
SİVAS;KANGAL;ALACAHAN - ÇARŞIBAŞI;ZAMBAK SOKAK;sokak;328661
SİVAS;KANGAL;ALACAHAN - HÜRRİYET;AFET EVLER SOKAK;sokak;328663
SİVAS;KANGAL;ALACAHAN - HÜRRİYET;BULVAR SOKAK;sokak;328664
SİVAS;KANGAL;ALACAHAN - HÜRRİYET;DÖRTYOL SOKAK;sokak;328665
SİVAS;KANGAL;ALACAHAN - HÜRRİYET;HASAN GENÇ CADDESİ SOKAK;cadde;459276
SİVAS;KANGAL;ALACAHAN - HÜRRİYET;KÜME EVLER 1. SOKAK;sokak;459275
SİVAS;KANGAL;ALACAHAN - HÜRRİYET;KÜME EVLER 2. SOKAK;sokak;328666
SİVAS;KANGAL;ALACAHAN - HÜRRİYET;KÜME EVLER 3. SOKAK;sokak;328667
SİVAS;KANGAL;ALACAHAN - HÜRRİYET;KÜME EVLER 4. SOKAK;sokak;328668
SİVAS;KANGAL;ALACAHAN - KERVANSARAY;AŞAĞI PINAR SOKAK;sokak;328669
SİVAS;KANGAL;ALACAHAN - KERVANSARAY;BULVAR SOKAK;sokak;297326091
SİVAS;KANGAL;ALACAHAN - KERVANSARAY;ÇAY KENARI SOKAK;sokak;328672
SİVAS;KANGAL;ALACAHAN - KERVANSARAY;DARACIK SOKAK;sokak;289565550
SİVAS;KANGAL;ALACAHAN - KERVANSARAY;KERVANSARAY SOKAK;sokak;328670
SİVAS;KANGAL;ALACAHAN - KERVANSARAY;MENEKSE SOKAK;sokak;459277
SİVAS;KANGAL;ALACAHAN - KERVANSARAY;NERGİZ SOKAK;sokak;328671
SİVAS;KANGAL;ALACAHAN - KERVANSARAY;ZAFER SOKAK;sokak;602247
SİVAS;KANGAL;ALACAHAN YENİKÖY NA;YENİKÖY KÜME EVLER;sokak;427089
SİVAS;KANGAL;ARMAĞAN NA;ARMAĞAN KÜME EVLER;sokak;208342
SİVAS;KANGAL;ARPALI - ÇUKURÇAYIR;ÇUKURÇAYIR KÜME EVLER;sokak;749267
SİVAS;KANGAL;ARPALI - ÇUKURÇAYIR;SİVAS-MALATYA ÇEVRE YOLU CADDE;cadde;103129161
SİVAS;KANGAL;ARPALI NA;32 KÜME EVLER;sokak;1411037
SİVAS;KANGAL;ARPALI NA;ARPALI KÜME EVLER;sokak;312736
SİVAS;KANGAL;AŞAĞIHÜYÜK NA;AŞAĞIHÜYÜK KÜME EVLER;sokak;750779
SİVAS;KANGAL;AVŞARÖREN NA;AVŞARÖREN KÜME EVLER;sokak;755896
SİVAS;KANGAL;AVŞARÖREN NA;SAKALTUTAN KÜME EVLER;sokak;974914
SİVAS;KANGAL;BAHÇELİYURT NA;BAHÇELİYURT KÜME EVLER;sokak;729530
SİVAS;KANGAL;BEKTAŞKÖY - DEĞİRMEN DERE;DEĞİRMEN DERE KÜME EVLER;sokak;59705
SİVAS;KANGAL;BEKTAŞKÖY - GELİNCİK KAYASI;GELİNCİK KAYASI KÜME EVLER;sokak;225223
SİVAS;KANGAL;BEKTAŞKÖY - KABAKYAZI;KABAKYAZI KÜME EVLER;sokak;59707
SİVAS;KANGAL;BEKTAŞKÖY NA;BEKTAŞKÖY KÜME EVLER;sokak;737351
SİVAS;KANGAL;BEYYURDU NA;BEYYURDU KÜME EVLER;sokak;745848
SİVAS;KANGAL;BOĞAZ NA;BOĞAZ KÜME EVLER;sokak;728089
SİVAS;KANGAL;BOZARMUT NA;BOZARMUT KÜME EVLER;sokak;202765
SİVAS;KANGAL;BULAK NA;BULAK KÜME EVLER;sokak;85321
SİVAS;KANGAL;CEVİZKÖY - ORTAKÖY;ORTAKÖY KÜME EVLER;sokak;303440
SİVAS;KANGAL;CEVİZKÖY NA;CEVİZKÖY KÜME EVLER;sokak;371787
SİVAS;KANGAL;ÇAĞLICAÖREN - KEÇECİ;KEÇECİ KÜME EVLER;sokak;739672
SİVAS;KANGAL;ÇAĞLICAÖREN NA;ÇAĞLICAÖREN KÜME EVLER;sokak;737209
SİVAS;KANGAL;ÇAMURLU NA;ÇAMURLU KÜME EVLER;sokak;189257
SİVAS;KANGAL;ÇATKÖY NA;ÇATKÖY KÜME EVLER;sokak;237915
SİVAS;KANGAL;ÇAYIROVA NA;ÇAYIROVA KÜME EVLER;sokak;521723
SİVAS;KANGAL;ÇAYIROVA NA;DOYMUŞ KÜME EVLER;sokak;746312
SİVAS;KANGAL;ÇETİNKAYA - CUMHURİYET;1 SOKAK;sokak;908831
SİVAS;KANGAL;ÇETİNKAYA - CUMHURİYET;16 SOKAK;sokak;926736
SİVAS;KANGAL;ÇETİNKAYA - CUMHURİYET;17 SOKAK;sokak;926737
SİVAS;KANGAL;ÇETİNKAYA - CUMHURİYET;2 SOKAK;sokak;908834
SİVAS;KANGAL;ÇETİNKAYA - CUMHURİYET;3 SOKAK;sokak;908835
SİVAS;KANGAL;ÇETİNKAYA - CUMHURİYET;4 SOKAK;sokak;908836
SİVAS;KANGAL;ÇETİNKAYA - CUMHURİYET;5 SOKAK;sokak;908837
SİVAS;KANGAL;ÇETİNKAYA - CUMHURİYET;6 SOKAK;sokak;926726
SİVAS;KANGAL;ÇETİNKAYA - CUMHURİYET;7 SOKAK;sokak;926727
SİVAS;KANGAL;ÇETİNKAYA - CUMHURİYET;8 SOKAK;sokak;926728
SİVAS;KANGAL;ÇETİNKAYA - CUMHURİYET;9 SOKAK;sokak;926729
SİVAS;KANGAL;ÇETİNKAYA - DABANÖZÜ;DABANÖZÜ KÜME EVLER;sokak;328673
SİVAS;KANGAL;ÇETİNKAYA - FATİH;AYDIN SOKAK;sokak;459278
SİVAS;KANGAL;ÇETİNKAYA - FATİH;CUMHURİYET SOKAK;sokak;319434340
SİVAS;KANGAL;ÇETİNKAYA - FATİH;ÇAĞLAYAN SOKAK;sokak;328678
SİVAS;KANGAL;ÇETİNKAYA - FATİH;ÇAY SOKAK;sokak;328677
SİVAS;KANGAL;ÇETİNKAYA - FATİH;HÜRRİYET SOKAK;sokak;328674
SİVAS;KANGAL;ÇETİNKAYA - FATİH;İNÖNÜ SOKAK;sokak;160996650
SİVAS;KANGAL;ÇETİNKAYA - FATİH;İSTASYON SOKAK;sokak;497047941
SİVAS;KANGAL;ÇETİNKAYA - FATİH;İŞBİLİR SOKAK;sokak;459598
SİVAS;KANGAL;ÇETİNKAYA - FATİH;OKUL SOKAK;sokak;328675
SİVAS;KANGAL;ÇETİNKAYA - FATİH;ŞENER SOKAK;sokak;328679
SİVAS;KANGAL;ÇETİNKAYA - FATİH;TAPUCUOĞLU SOKAK;sokak;459597
SİVAS;KANGAL;ÇETİNKAYA - FATİH;TUR SOKAK;sokak;328676
SİVAS;KANGAL;ÇETİNKAYA - GÜRSEL;AKDOĞAN SOKAK;sokak;328680
SİVAS;KANGAL;ÇETİNKAYA - GÜRSEL;ARSLANTAŞ SOKAK;sokak;459599
SİVAS;KANGAL;ÇETİNKAYA - GÜRSEL;ATATÜRK SOKAK;sokak;328681
SİVAS;KANGAL;ÇETİNKAYA - GÜRSEL;CANTAŞ SOKAK;sokak;328682
SİVAS;KANGAL;ÇETİNKAYA - GÜRSEL;CUMHURİYET SOKAK;sokak;328683
SİVAS;KANGAL;ÇETİNKAYA - GÜRSEL;İNÖNÜ SOKAK;sokak;328686
SİVAS;KANGAL;ÇETİNKAYA - GÜRSEL;İSTASYON SOKAK;sokak;459601
SİVAS;KANGAL;ÇETİNKAYA - GÜRSEL;KARAÖMEROĞLU SOKAK;sokak;459600
SİVAS;KANGAL;ÇETİNKAYA - GÜRSEL;KARŞIYAKA KÜME EVLER;sokak;151847240
SİVAS;KANGAL;ÇETİNKAYA - GÜRSEL;KOCAOĞLU SOKAK;sokak;328684
SİVAS;KANGAL;ÇETİNKAYA - GÜRSEL;OKUL SOKAK;sokak;473795321
SİVAS;KANGAL;ÇETİNKAYA - GÜRSEL;TCDD LOJMANLARI SOKAK;sokak;328685
SİVAS;KANGAL;ÇETİNKAYA - KARŞIYAKA;KARŞIYAKA KÜME EVLER;sokak;328687
SİVAS;KANGAL;ÇİFTLİKÖREN - KÖYÜN KENDİSİ;ÇİFTLİKÖREN KÜME EVLER;sokak;754310
SİVAS;KANGAL;ÇİPİL - İLYASIN AĞILI;İLYASIN AĞILI KÜME EVLER;sokak;760174
SİVAS;KANGAL;ÇİPİL NA;ÇİPİL KÜME EVLER;sokak;753983
SİVAS;KANGAL;DAĞÖNÜ NA;DAĞÖNÜ KÜME EVLER;sokak;747935
SİVAS;KANGAL;DAVULBAZ NA;DAVULBAZ KÜME EVLER;sokak;209023
SİVAS;KANGAL;DAVULBAZ NA;KOY KÜME EVLER;sokak;315660030
SİVAS;KANGAL;DAYILI NA;DAYILI KÜME EVLER;sokak;435782
SİVAS;KANGAL;DELİGAZİLİ NA;DELİGAZİLİ KÜME EVLER;sokak;312735
SİVAS;KANGAL;DELİKTAŞ NA;DELİKTAŞ KÜME EVLER;sokak;731453
SİVAS;KANGAL;DELİOĞLANDERESİ NA;DELİOĞLANDERESİ KÜME EVLER;sokak;749045
SİVAS;KANGAL;DEREKÖY - ÇAMLIK;ÇAMLIK KÜME EVLER;sokak;26341
SİVAS;KANGAL;DEREKÖY NA;DEREKÖY KÜME EVLER;sokak;26329
SİVAS;KANGAL;DIŞLIK NA;DIŞLIK KÜME EVLER;sokak;729905
SİVAS;KANGAL;DÜZCE NA;DÜZCE MAHALLESİ KÜME EVLER;sokak;192093
SİVAS;KANGAL;EĞRİCEK NA;EĞRİCEK KÜME EVLER;sokak;738826
SİVAS;KANGAL;ELALİBEY - GÜNLİCE;GÜNLİCE KÜME EVLER;sokak;747914
SİVAS;KANGAL;ELALİBEY - KIRLANGIÇ;KIRLANGIÇ KÜME EVLER;sokak;435789
SİVAS;KANGAL;ELALİBEY NA;ELALİBEY KÜME EVLER;sokak;744158
SİVAS;KANGAL;ELKONDU NA;ELKONDU KÜME EVLER;sokak;368236
SİVAS;KANGAL;ETYEMEZ NA;ETYEMEZ KÜME EVLER;sokak;202600
SİVAS;KANGAL;EYMİR - ZAAL;SİVAS MALATYA BULVAR;sokak;594807560
SİVAS;KANGAL;EYMİR - ZAAL;ZAAL KÜME EVLER;sokak;226034
SİVAS;KANGAL;EYMİR NA;EYMİR KÜME EVLER;sokak;198368
SİVAS;KANGAL;GEBELİKATRAN - YAKINGEBELİ;YAKINGEBELİ KÜME EVLER;sokak;202597
SİVAS;KANGAL;GEBELİKATRAN NA;GEBELİKATRAN KÜME EVLER;sokak;270332
SİVAS;KANGAL;GENÇALİ NA;GENÇALİ KÜME EVLER;sokak;746151
SİVAS;KANGAL;GÖZE;AKSU KÜME EVLER;sokak;23576
SİVAS;KANGAL;GÖZE;AKSU KÜME EVLERİ MERCAN SOKAK;sokak;674137730
SİVAS;KANGAL;GÖZE;ANKA 1.KÜME EVLERİ 1. SOKAK;sokak;1429089
SİVAS;KANGAL;GÖZE;ANKA 1.KÜME EVLERİ 2. SOKAK;sokak;1429099
SİVAS;KANGAL;GÖZE;ANKA KÜME EVLERİ ŞANLI ASKER SOKAK;sokak;1429301
SİVAS;KANGAL;GÖZE;ANKA_1 SOKAK;sokak;313798780
SİVAS;KANGAL;GÖZE;ANKA-1 KÜME EVLER;sokak;21410
SİVAS;KANGAL;GÖZE;ANKA1. KÜME EVLERİ 5. SOKAK;sokak;1431375
SİVAS;KANGAL;GÖZE;ANKA1. KÜME EVLERİ 6. SOKAK;sokak;1431377
SİVAS;KANGAL;GÖZE;ANKA1. KÜME EVLERİ 7. SOKAK;sokak;1431379
SİVAS;KANGAL;GÖZE;ANKA1.KÜME EVLERİ 3. SOKAK;sokak;1429069
SİVAS;KANGAL;GÖZE;ANKA1.KÜME EVLERİ 4. SOKAK;sokak;1429103
SİVAS;KANGAL;GÖZE;ESKİ SİVAS CADDE;cadde;21411
SİVAS;KANGAL;GÖZE;GÖZE YENİYOL 1 SOKAK;sokak;920417550
SİVAS;KANGAL;GÖZE;İBNİ SİNA CADDE;cadde;1429207
SİVAS;KANGAL;GÖZE;MEZARLIK CADDE;cadde;1432573
SİVAS;KANGAL;GÜNEYPINAR NA;GÜNEYPINAR KÜME EVLER;sokak;364501
SİVAS;KANGAL;GÜRSEL;A.RUHSATİ SOKAK;sokak;21419
SİVAS;KANGAL;GÜRSEL;AHMET ÖZTEKİN SOKAK;sokak;21412
SİVAS;KANGAL;GÜRSEL;AHMET YESEVİ SOKAK;sokak;21975
SİVAS;KANGAL;GÜRSEL;BATTAL GAZİ SOKAK;sokak;21413
SİVAS;KANGAL;GÜRSEL;ÇARŞI İÇİ CADDE;cadde;331105
SİVAS;KANGAL;GÜRSEL;DİVRİĞİ AKŞEMSETTİN SOKAK;sokak;21976
SİVAS;KANGAL;GÜRSEL;DİVRİĞİ CADDE;cadde;21414
SİVAS;KANGAL;GÜRSEL;GÜRSEL/10 SOKAK;sokak;294426960
SİVAS;KANGAL;GÜRSEL;GÜRSEL/15 SOKAK;sokak;588540270
SİVAS;KANGAL;GÜRSEL;GÜRSEL/2 SOKAK;sokak;426930690
SİVAS;KANGAL;GÜRSEL;GÜRSEL/20 SOKAK;sokak;534120030
SİVAS;KANGAL;GÜRSEL;GÜRSEL/21 SOKAK;sokak;461565190
SİVAS;KANGAL;GÜRSEL;GÜRSEL/23 SOKAK;sokak;607497020
SİVAS;KANGAL;GÜRSEL;GÜRSEL/24 SOKAK;sokak;423530030
SİVAS;KANGAL;GÜRSEL;GÜRSEL/27 SOKAK;sokak;614891260
SİVAS;KANGAL;GÜRSEL;GÜRSEL/3 SOKAK;sokak;680188860
SİVAS;KANGAL;GÜRSEL;GÜRSEL/4 SOKAK;sokak;308666770
SİVAS;KANGAL;GÜRSEL;İSTASYON CADDE;cadde;21422
SİVAS;KANGAL;GÜRSEL;İSTASYON/1 SOKAK;sokak;600510910
SİVAS;KANGAL;GÜRSEL;KANGAN YENİYOL 16 SOKAK;sokak;151196880
SİVAS;KANGAL;GÜRSEL;MALATYA CADDE;cadde;21415
SİVAS;KANGAL;GÜRSEL;MEHMET AKİF ERSOY SOKAK;sokak;21416
SİVAS;KANGAL;GÜRSEL;MEHMET AKİF ERSOY/1 SOKAK;sokak;370569180
SİVAS;KANGAL;GÜRSEL;MEHMET AKİF ERSOY/2 SOKAK;sokak;531705280
SİVAS;KANGAL;GÜRSEL;MEHMET AKİF ERSOY/3 SOKAK;sokak;367197890
SİVAS;KANGAL;GÜRSEL;MESLEK YÜKSEK OKULU BULVAR;sokak;21417
SİVAS;KANGAL;GÜRSEL;MEVLANA SOKAK;sokak;25367
SİVAS;KANGAL;GÜRSEL;R.MEVLÜT YILDIRIM SOKAK;sokak;21418
SİVAS;KANGAL;GÜRSEL;SAMIT BABA SOKAK;sokak;21420
SİVAS;KANGAL;GÜRSEL;SİVAS-MALATYA ÇEVRE YOLU CADDE;cadde;103129160
SİVAS;KANGAL;GÜRSEL;SPOR SOKAK;sokak;25368
SİVAS;KANGAL;GÜRSEL;ŞEHİT ERDAL BUDAK SOKAK;sokak;23623
SİVAS;KANGAL;GÜRSEL;ŞEHİT ŞERAFETTİN KORKMAZ SOKAK;sokak;21423
SİVAS;KANGAL;GÜRSEL;ŞEYH ŞAMİL CADDE;cadde;21424
SİVAS;KANGAL;GÜRSEL;YENİ YOL/21 SOKAK;sokak;258614280
SİVAS;KANGAL;GÜRSEL;YENİ YOL/8 SOKAK;sokak;678728870
SİVAS;KANGAL;GÜRSEL;YUNUS EMRE SOKAK;sokak;21421
SİVAS;KANGAL;GÜRÜKBEKİR NA;GÜRÜKBEKİR KÜME EVLER;sokak;749047
SİVAS;KANGAL;HAMAL - TERSEKAN;TERSEKAN KÜME EVLER;sokak;436070
SİVAS;KANGAL;HAMAL NA;HAMAL KÜME EVLER;sokak;208351
SİVAS;KANGAL;HAMZABEY NA;HAMZABEY KÜME EVLER;sokak;316481
SİVAS;KANGAL;HATUNÇAYIRI - ÇAKIRAĞA;ÇAKIRKÖY KÜME EVLER;sokak;187062
SİVAS;KANGAL;HATUNÇAYIRI NA;ÇAKIRINKÖYÜ KÜME EVLER;sokak;746319
SİVAS;KANGAL;HAVUZ - ATATÜRK;ANI SOKAK;sokak;21463
SİVAS;KANGAL;HAVUZ - ATATÜRK;ARI SOKAK;sokak;945903460
SİVAS;KANGAL;HAVUZ - ATATÜRK;ATATÜRK SOKAK;sokak;21464
SİVAS;KANGAL;HAVUZ - ATATÜRK;CAMİİ SOKAK;sokak;21465
SİVAS;KANGAL;HAVUZ - ATATÜRK;CUMHURİYET SOKAK;sokak;25586
SİVAS;KANGAL;HAVUZ - ATATÜRK;ÇEŞME SOKAK;sokak;21466
SİVAS;KANGAL;HAVUZ - ATATÜRK;FATİH SOKAK;sokak;966713341
SİVAS;KANGAL;HAVUZ - ATATÜRK;ŞAHAN SOKAK;sokak;21467
SİVAS;KANGAL;HAVUZ - ATATÜRK;ŞEHİT BATTAL KARADAĞ SOKAK;sokak;368394
SİVAS;KANGAL;HAVUZ - ATATÜRK;ŞİRİN SOKAK;sokak;190909
SİVAS;KANGAL;HAVUZ - CUMHURİYET;ATATÜRK SOKAK;sokak;21468
SİVAS;KANGAL;HAVUZ - CUMHURİYET;CUMHURİYET SOKAK;sokak;21469
SİVAS;KANGAL;HAVUZ - CUMHURİYET;ÇIKMAZ SOKAK;sokak;21473
SİVAS;KANGAL;HAVUZ - CUMHURİYET;ÇİÇEKLİ SOKAK;sokak;368396
SİVAS;KANGAL;HAVUZ - CUMHURİYET;DERE SOKAK;sokak;21470
SİVAS;KANGAL;HAVUZ - CUMHURİYET;MENEKŞE SOKAK;sokak;21471
SİVAS;KANGAL;HAVUZ - CUMHURİYET;ŞAHAN SOKAK;sokak;912346090
SİVAS;KANGAL;HAVUZ - CUMHURİYET;TAŞLI SOKAK;sokak;368395
SİVAS;KANGAL;HAVUZ - CUMHURİYET;YILDIRIM SOKAK;sokak;21472
SİVAS;KANGAL;HAVUZ - FATİH;ARA SOKAK;sokak;21474
SİVAS;KANGAL;HAVUZ - FATİH;AŞAĞI SOKAK;sokak;21475
SİVAS;KANGAL;HAVUZ - FATİH;EMEK SOKAK;sokak;368397
SİVAS;KANGAL;HAVUZ - FATİH;FATİH SOKAK;sokak;21476
SİVAS;KANGAL;HAVUZ - FATİH;GÜLEN SOKAK;sokak;24870
SİVAS;KANGAL;HAVUZ - FATİH;HARMAN SOKAK;sokak;24871
SİVAS;KANGAL;HAVUZ - FATİH;KANUNİ SOKAK;sokak;368398
SİVAS;KANGAL;HAVUZ - FATİH;SIVAS SOKAK;sokak;23172
SİVAS;KANGAL;HAVUZ - FATİH;ŞAHİNLER SOKAK;sokak;24874
SİVAS;KANGAL;HAVUZ - FATİH;TEPE SOKAK;sokak;24872
SİVAS;KANGAL;HAVUZ - FATİH;YAVUZ SOKAK;sokak;24873
SİVAS;KANGAL;HAVUZ - FATİH;YENİ SOKAK;sokak;368399
SİVAS;KANGAL;HAVUZ - FATİH;YENİ YERLEŞİM SOKAK;sokak;368405
SİVAS;KANGAL;HAVUZ - ZAFER;AKKUŞ SOKAK;sokak;368400
SİVAS;KANGAL;HAVUZ - ZAFER;ARI SOKAK;sokak;328641
SİVAS;KANGAL;HAVUZ - ZAFER;ATATÜRK SOKAK;sokak;328642
SİVAS;KANGAL;HAVUZ - ZAFER;SIVAS SOKAK;sokak;328643
SİVAS;KANGAL;HAVUZ - ZAFER;ZAFER SOKAK;sokak;328644
SİVAS;KANGAL;HUMARLI NA;HUMARLI KÜME EVLER;sokak;723218
SİVAS;KANGAL;HÜRRİYET;AKSU KÜME EVLER;sokak;382353620
SİVAS;KANGAL;HÜRRİYET;AKSU KÜME EVLERİ GÜVEN SOKAK;sokak;1429291
SİVAS;KANGAL;HÜRRİYET;AKSU KÜME EVLERİ KARANFİL SOKAK;sokak;1429319
SİVAS;KANGAL;HÜRRİYET;AKSU KÜME EVLERİ MERCAN SOKAK;sokak;1429293
SİVAS;KANGAL;HÜRRİYET;AZİZİYE SOKAK;sokak;23624
SİVAS;KANGAL;HÜRRİYET;ÇATAL ÇIKMAZI SOKAK;sokak;1429331
SİVAS;KANGAL;HÜRRİYET;ESKİ SİVAS CADDE;cadde;21425
SİVAS;KANGAL;HÜRRİYET;HÜR SOKAK;sokak;1429325
SİVAS;KANGAL;HÜRRİYET;HÜRRİYET ÇIKMAZ SOKAK;sokak;957958370
SİVAS;KANGAL;HÜRRİYET;HÜRRİYET YENİYOL 1 SOKAK;sokak;405139050
SİVAS;KANGAL;HÜRRİYET;HÜRRİYET YENİYOL 4 SOKAK;sokak;301967290
SİVAS;KANGAL;HÜRRİYET;HÜRRİYET YENİYOL 8 SOKAK;sokak;726687830
SİVAS;KANGAL;HÜRRİYET;HÜRRİYET YENİYOLU 2 SOKAK;sokak;587682350
SİVAS;KANGAL;HÜRRİYET;HÜRRÜYET YENİYOL 6 SOKAK;sokak;241325160
SİVAS;KANGAL;HÜRRİYET;KUDRET SOKAK;sokak;1429327
SİVAS;KANGAL;HÜRRİYET;MEZARLIK CADDE;cadde;1429317
SİVAS;KANGAL;HÜRRİYET;R.AHMET KOÇKÖPRÜ CADDE;cadde;21426
SİVAS;KANGAL;HÜRRİYET;R.İSMAİL AĞA SOKAK;sokak;26686
SİVAS;KANGAL;HÜRRİYET;REŞADİYE YENİYOL1 SOKAK;sokak;224074230
SİVAS;KANGAL;HÜRRİYET;SELİM SOKAK;sokak;21427
SİVAS;KANGAL;HÜRRİYET;ŞEHİT HASAN TORUN CADDE;cadde;1429323
SİVAS;KANGAL;HÜRRİYET;ŞEHİT ÜZEYİR GENÇDOĞMUŞ SOKAK;sokak;21428
SİVAS;KANGAL;HÜRRİYET;YAN SOKAK;sokak;1432575
SİVAS;KANGAL;HÜYÜKLÜYURT NA;HÜKÜMLÜYURT KÜME EVLER;sokak;751193
SİVAS;KANGAL;IRMAÇ NA;IRMAÇ KÜME EVLER;sokak;753493
SİVAS;KANGAL;İĞDELİ NA;İĞDELİ KÜME EVLER;sokak;760022
SİVAS;KANGAL;İĞDELİDERE NA;İGDELİDERE KÜME EVLER;sokak;371638
SİVAS;KANGAL;İMAMINKÖYÜ NA;İMAMINKÖYÜ KÜME EVLER;sokak;26342
SİVAS;KANGAL;KABAKÇEVLİĞİ NA;KABAKÇEVLİĞİ KÜME EVLER;sokak;728170
SİVAS;KANGAL;KALKIM - KAYAPINAR;KAYAPINAR KÜME EVLER;sokak;434428
SİVAS;KANGAL;KALKIM - KINALAR;KINALAR KÜME EVLER;sokak;219029
SİVAS;KANGAL;KALKIM NA;KALKIM KÜME EVLER;sokak;681567
SİVAS;KANGAL;KANGALTEKKESİ NA;KANGALTEKKESİ KÜME EVLER;sokak;202034
SİVAS;KANGAL;KARACAÖREN - GÖKTAŞ;GÖKTAŞ KÜME EVLER;sokak;236209
SİVAS;KANGAL;KARACAÖREN NA;KARACAÖREN KÜME EVLER;sokak;202699
SİVAS;KANGAL;KARAGÜCÜK NA;43 KÜME EVLER;sokak;180125420
SİVAS;KANGAL;KARAGÜCÜK NA;43- KÖY SOKAĞI;sokak;1406799
SİVAS;KANGAL;KARAGÜCÜK NA;KARAGÜCÜK KÜME EVLER;sokak;739593
SİVAS;KANGAL;KARAMEHMETLİ NA;KARAMEHMETLİ KÜME EVLER;sokak;760987
SİVAS;KANGAL;KARANLIK NA;KARANLIK KÜME EVLER;sokak;750269
SİVAS;KANGAL;KARASÜVER NA;KARASÜVER KÜME EVLER;sokak;202112
SİVAS;KANGAL;KARŞIYAKA;1.ÇEVRE YOLU KÜME EVLER;sokak;26687
SİVAS;KANGAL;KARŞIYAKA;1.ÇEVRE YOLU MALAZGİRT CADDE;cadde;1429305
SİVAS;KANGAL;KARŞIYAKA;2.ÇEVRE YOLU KÜME EVLER;sokak;21430
SİVAS;KANGAL;KARŞIYAKA;3.ÇEVRE YOLU BARBAROS CADDE;cadde;1429287
SİVAS;KANGAL;KARŞIYAKA;3.ÇEVRE YOLU KÜME EVLER;sokak;21431
SİVAS;KANGAL;KARŞIYAKA;4.ÇEVRE YOLU HASAN KEYF CADDE;cadde;1429289
SİVAS;KANGAL;KARŞIYAKA;4.ÇEVRE YOLU KÜME EVLER;sokak;21432
SİVAS;KANGAL;KARŞIYAKA;AKASYA SOKAK;sokak;1429211
SİVAS;KANGAL;KARŞIYAKA;AYVAZ SOKAK;sokak;1431689
SİVAS;KANGAL;KARŞIYAKA;BEKİR AKSOY SOKAK;sokak;1515553
SİVAS;KANGAL;KARŞIYAKA;ÇAĞLAYAN SOKAK;sokak;1515129
SİVAS;KANGAL;KARŞIYAKA;ÇAMLIK SOKAK;sokak;1429267
SİVAS;KANGAL;KARŞIYAKA;ÇIKMAZ SOKAK;sokak;1429197
SİVAS;KANGAL;KARŞIYAKA;DEĞİRMENBAHÇE CADDE;cadde;1429263
SİVAS;KANGAL;KARŞIYAKA;DELİGAZİLİ CADDE;cadde;1429309
SİVAS;KANGAL;KARŞIYAKA;DERE SOKAK;sokak;1429213
SİVAS;KANGAL;KARŞIYAKA;DERE/1 SOKAK;sokak;421434460
SİVAS;KANGAL;KARŞIYAKA;GAMA SOKAK;sokak;1429173
SİVAS;KANGAL;KARŞIYAKA;GAZİ HACI EMİN TOPTAŞ SOKAK;sokak;1429191
SİVAS;KANGAL;KARŞIYAKA;GAZİ MUHİTTİN KAYA SOKAK;sokak;1429187
SİVAS;KANGAL;KARŞIYAKA;GÖKAYLAR CADDE;cadde;1040259
SİVAS;KANGAL;KARŞIYAKA;GÖKTÜRK SOKAK;sokak;1429209
SİVAS;KANGAL;KARŞIYAKA;HİLMİ BİLGİN CADDE;cadde;1515555
SİVAS;KANGAL;KARŞIYAKA;İMREN SOKAK;sokak;1429217
SİVAS;KANGAL;KARŞIYAKA;KARAKOL SOKAK;sokak;1429227
SİVAS;KANGAL;KARŞIYAKA;KORU SOKAK;sokak;1429169
SİVAS;KANGAL;KARŞIYAKA;KUMLAR SOKAK;sokak;1474795
SİVAS;KANGAL;KARŞIYAKA;MEHMET BAŞER SOKAK;sokak;1515545
SİVAS;KANGAL;KARŞIYAKA;MELEK REŞİT HANIM SOKAK;sokak;1515131
SİVAS;KANGAL;KARŞIYAKA;MUHLİS AKARSU SOKAK;sokak;1515139
SİVAS;KANGAL;KARŞIYAKA;ÖMER SEYFETTİN SOKAK;sokak;1429195
SİVAS;KANGAL;KARŞIYAKA;ÖZGEN SOKAK;sokak;1429193
SİVAS;KANGAL;KARŞIYAKA;SALKIM SOKAK;sokak;1429337
SİVAS;KANGAL;KARŞIYAKA;SANAYİ SİTESİ 1 SOKAK;sokak;1429233
SİVAS;KANGAL;KARŞIYAKA;SANAYİ SİTESİ 2 SOKAK;sokak;1429243
SİVAS;KANGAL;KARŞIYAKA;SANAYİ SİTESİ 3 SOKAK;sokak;1429235
SİVAS;KANGAL;KARŞIYAKA;SANAYİ SİTESİ 4 SOKAK;sokak;1429257
SİVAS;KANGAL;KARŞIYAKA;SANAYİ SİTESİ 5 SOKAK;sokak;1431691
SİVAS;KANGAL;KARŞIYAKA;SANAYİ SOKAK;sokak;1429231
SİVAS;KANGAL;KARŞIYAKA;SİVAS MALATYA BULVAR;sokak;149045281
SİVAS;KANGAL;KARŞIYAKA;SİVAS-MALATYA ÇEVRE YOLU CADDE;cadde;1429315
SİVAS;KANGAL;KARŞIYAKA;SONEVLER 1 SOKAK;sokak;1429199
SİVAS;KANGAL;KARŞIYAKA;SONEVLER2 SOKAK;sokak;1429201
SİVAS;KANGAL;KARŞIYAKA;SONEVLER3 SOKAK;sokak;1429203
SİVAS;KANGAL;KARŞIYAKA;ŞEHİT BEDRİ KARATEPE SOKAK;sokak;1429171
SİVAS;KANGAL;KARŞIYAKA;ŞEHİT HALİL KAMIŞ CADDE;cadde;1429311
SİVAS;KANGAL;KARŞIYAKA;ŞEHİT HAYRİ KOÇAK CADDE;cadde;1429307
SİVAS;KANGAL;KARŞIYAKA;ŞEHİT İLHAN YALÇIN CADDE;cadde;1429265
SİVAS;KANGAL;KARŞIYAKA;ŞİMŞEK SOKAK;sokak;1439917
SİVAS;KANGAL;KARŞIYAKA;TAN SOKAK;sokak;1431735
SİVAS;KANGAL;KARŞIYAKA;TERMİNAL SOKAK;sokak;1429313
SİVAS;KANGAL;KARŞIYAKA;TOPYOLU SOKAK;sokak;1438821
SİVAS;KANGAL;KARŞIYAKA;UĞUR KOÇKÖPRÜ SOKAK;sokak;1515547
SİVAS;KANGAL;KARŞIYAKA;YAHYA KEMAL SOKAK;sokak;1429205
SİVAS;KANGAL;KARŞIYAKA;YAMAÇ SOKAK;sokak;1429167
SİVAS;KANGAL;KARŞIYAKA;YEŞİLYURT SOKAK;sokak;1429241
SİVAS;KANGAL;KARŞIYAKA;YILDIRIM SOKAK;sokak;1429189
SİVAS;KANGAL;KARŞIYAKA;YONCA SOKAK;sokak;1429219
SİVAS;KANGAL;KARŞIYAKA;YÜKSEL SOKAK;sokak;1429239
SİVAS;KANGAL;KARŞIYAKA;ZÜMRÜT SOKAK;sokak;1429237
SİVAS;KANGAL;KAVAK - DELİ HACI;DELİ HACI KÜME EVLER;sokak;453448
SİVAS;KANGAL;KAVAK - GEMALMAZ;GEMALMAZ KÜME EVLER;sokak;436499
SİVAS;KANGAL;KAVAK - TEMURUN KÖYÜ;TEMURUN KÖYÜ KÜME EVLER;sokak;436928
SİVAS;KANGAL;KAVAK MESCİT - KAPÇIL;KAPÇIL KÜME EVLER;sokak;437427
SİVAS;KANGAL;KAVAK MESCİT NA;KAVAKLI MESCİT KÜME EVLER;sokak;742424
SİVAS;KANGAL;KAVAK NA;EROL ÖZCAN- KÖY SOKAĞI;sokak;1432499
SİVAS;KANGAL;KAVAK NA;KAVAK KÜME EVLER;sokak;312734
SİVAS;KANGAL;KAVAK NA;KAVAK MÜCAVİR KÜME EVLER;sokak;1047603
SİVAS;KANGAL;KIRKPINAR NA;KIRKPINAR KÜME EVLER;sokak;209025
SİVAS;KANGAL;KIZILDİKME NA;KIZILDIKME KÜME EVLER;sokak;270238
SİVAS;KANGAL;KIZILİNİŞ NA;KIZILENİŞ KÜME EVLER;sokak;292804
SİVAS;KANGAL;KİLLİK - DİPOĞLU;DİPOĞLU KÜME EVLER;sokak;1308079
SİVAS;KANGAL;KİLLİK - KÖYÜN KENDİSİ;KİLLİK KÜME EVLER;sokak;1504991
SİVAS;KANGAL;KİLLİK - SÜLÜKGÖLÜ;SÜLÜKGÖLÜ KÜME EVLER;sokak;760021
SİVAS;KANGAL;KİLLİK - ŞIHLAR;ŞIHLAR KÜME EVLER;sokak;760986
SİVAS;KANGAL;KOCAKURT NA;121 KÜME EVLER;sokak;1414873
SİVAS;KANGAL;KOCAKURT NA;KANGAL GÜRÜN BULVAR;sokak;547261200
SİVAS;KANGAL;KOCAKURT NA;KOCAKURT KÜME EVLER;sokak;292185
SİVAS;KANGAL;KOCAKURT NA;SİVAS MALATYA BULVAR;sokak;192314630
SİVAS;KANGAL;KOÇKÖPRÜ NA;KOÇKÖPRÜ KÜME EVLER;sokak;749225
SİVAS;KANGAL;KURUAYŞE NA;KANGAL GÜRÜN BULVAR;sokak;255999290
SİVAS;KANGAL;KURUAYŞE NA;KURUAYŞE KÜME EVLER;sokak;209024
SİVAS;KANGAL;KURUAYŞE NA;SİVAS MALATYA BULVAR;sokak;145748180
SİVAS;KANGAL;KUŞKAYASI - ÇALÖZÜ;ÇALÖZÜ KÜME EVLER;sokak;756684
SİVAS;KANGAL;KUŞKAYASI - KARGAKALESİ;KARGAKALESİ KÜME EVLER;sokak;213382
SİVAS;KANGAL;KUŞKAYASI NA;KUŞKAYASI KÜME EVLER;sokak;430550
SİVAS;KANGAL;KÜLEKLİ - EKİZCE;EKİZCE KÜME EVLER;sokak;202608
SİVAS;KANGAL;KÜLEKLİ - GÖLLER;GÖLLER KÜME EVLER;sokak;738199
SİVAS;KANGAL;KÜLEKLİ NA;KÜLEKLİ KÜME EVLER;sokak;209064
SİVAS;KANGAL;KÜRKÇÜ NA;KÜRKÇÜ KÜME EVLER;sokak;745820
SİVAS;KANGAL;MAKSUTLU NA;MAKSUTLU KÜME EVLER;sokak;229989
SİVAS;KANGAL;MANCILIK NA;MANCILIK KÜME EVLER;sokak;740790
SİVAS;KANGAL;MESCİT NA;MESCİT KÜME EVLER;sokak;738855
SİVAS;KANGAL;MISIRÖREN NA;MISIRÖREN KÜME EVLER;sokak;737915
SİVAS;KANGAL;MİNAREKAYA NA;MİNAREKAYA KÜME EVLER;sokak;728872
SİVAS;KANGAL;MÜHÜRKULAK - ÇAKIRIN KÖYÜ;ÇAKIRINKÖYÜ KÜME EVLER;sokak;749266
SİVAS;KANGAL;MÜHÜRKULAK NA;MÜHÜRKULAK KÜME EVLER;sokak;42344
SİVAS;KANGAL;MÜRSEL NA;KANGAL DİVRİĞİ BULVAR;sokak;623037140
SİVAS;KANGAL;MÜRSEL NA;MÜRSEL KÜME EVLER;sokak;752097
SİVAS;KANGAL;OĞLAKLI NA;OĞLAKLI KÜME EVLER;sokak;735444
SİVAS;KANGAL;ONARAN - ÇATALAĞIL;ÇATALAĞIL KÜME EVLER;sokak;737817
SİVAS;KANGAL;ONARAN - KILIÇDERE;KILIÇDERE KÜME EVLER;sokak;737810
SİVAS;KANGAL;ONARAN NA;ONARAN KÜME EVLER;sokak;736156
SİVAS;KANGAL;ÖRENCİK NA;ÖRENCİK KÜME EVLER;sokak;475275
SİVAS;KANGAL;PAŞAMÇAYIRI NA;PAŞAMÇAYIRI KÜME EVLER;sokak;197129
SİVAS;KANGAL;PINARGÖZÜ - DAVUTOĞLU;DAVUTOĞLU KÜME EVLER;sokak;749064
SİVAS;KANGAL;PINARGÖZÜ - TAŞGEÇİT;TAŞGEÇİT KÜME EVLER;sokak;754037
SİVAS;KANGAL;PINARGÖZÜ NA;PINARÖZÜ KÜME EVLER;sokak;754036
SİVAS;KANGAL;REŞADİYE;ALİBAZ DURGUN SOKAK;sokak;21433
SİVAS;KANGAL;REŞADİYE;ALİBAZ DURGUN/1 SOKAK;sokak;243553230
SİVAS;KANGAL;REŞADİYE;AZİZİYE SOKAK;sokak;21434
SİVAS;KANGAL;REŞADİYE;CUMHURİYET CADDE;cadde;21435
SİVAS;KANGAL;REŞADİYE;ÇARŞI İÇİ CADDE;cadde;21437
SİVAS;KANGAL;REŞADİYE;ÇARŞI İÇİ/1 SOKAK;sokak;886850290
SİVAS;KANGAL;REŞADİYE;DİVRİĞİ CADDE;cadde;623312771
SİVAS;KANGAL;REŞADİYE;ESKİ SİVAS CADDE;cadde;21436
SİVAS;KANGAL;REŞADİYE;HAL SOKAK;sokak;27092
SİVAS;KANGAL;REŞADİYE;İSTASYON CADDE;cadde;404500821
SİVAS;KANGAL;REŞADİYE;MEZARLIK CADDE;cadde;993760060
SİVAS;KANGAL;REŞADİYE;PAŞA PINARI SOKAK;sokak;21438
SİVAS;KANGAL;REŞADİYE;REŞADİYE YENİ YOL 2 SOKAK;sokak;838828520
SİVAS;KANGAL;REŞADİYE;REŞADİYE YENİYOL 10 SOKAK;sokak;277389130
SİVAS;KANGAL;REŞADİYE;REŞADİYE YENİYOL1 SOKAK;sokak;224074231
SİVAS;KANGAL;REŞADİYE;REŞADİYE YENİYOL11 SOKAK;sokak;335389840
SİVAS;KANGAL;REŞADİYE;REŞADİYE YENİYOL12 SOKAK;sokak;751551010
SİVAS;KANGAL;REŞADİYE;REŞADİYE YENİYOL13 SOKAK;sokak;331818010
SİVAS;KANGAL;REŞADİYE;REŞADİYE YENİYOL14 SOKAK;sokak;515491370
SİVAS;KANGAL;REŞADİYE;REŞADİYE YENİYOL18 SOKAK;sokak;276661220
SİVAS;KANGAL;REŞADİYE;REŞADİYE YENİYOL27 SOKAK;sokak;909431500
SİVAS;KANGAL;REŞADİYE;REŞADİYE YENİYOL4 SOKAK;sokak;148985630
SİVAS;KANGAL;REŞADİYE;REŞADİYE YENİYOL5 SOKAK;sokak;552447430
SİVAS;KANGAL;REŞADİYE;SİVAS MALATYA BULVAR;sokak;149045280
SİVAS;KANGAL;REŞADİYE;SİVAS-MALATYA ÇEVRE YOLU CADDE;cadde;146523900
SİVAS;KANGAL;REŞADİYE;ŞEHİT HASAN TORUN CADDE;cadde;1432579
SİVAS;KANGAL;REŞADİYE;TEK SOSYAL TES. KÜME EVLER;sokak;22448
SİVAS;KANGAL;REŞADİYE;YENİ SİVAS CADDE;cadde;21439
SİVAS;KANGAL;REŞADİYE;YENİ SİVAS/1 SOKAK;sokak;874932920
SİVAS;KANGAL;REŞADİYE;YENİ YOL/3 SOKAK;sokak;756096440
SİVAS;KANGAL;REŞADİYE;YENİ YOL/9 SOKAK;sokak;688866880
SİVAS;KANGAL;SAÇAYAĞI NA;SACAYAĞI KÜME EVLER;sokak;741140
SİVAS;KANGAL;SARIKADI NA;SARIKADI KÜME EVLER;sokak;735479
SİVAS;KANGAL;SARIPINAR - SEKİLİYURT;SEKİLİYURT KÜME EVLER;sokak;227616
SİVAS;KANGAL;SARIPINAR NA;SARIPINAR KÜME EVLER;sokak;292802
SİVAS;KANGAL;SEÇENYURDU NA;SEÇENYURDU KÜME EVLER;sokak;745530
SİVAS;KANGAL;SEÇENYURDU NA;SİVAS MALATYA BULVAR;sokak;613986810
SİVAS;KANGAL;SİPAHİ - SİPAHİ;SİPAHİ KÜME EVLER;sokak;736358
SİVAS;KANGAL;SOĞUKPINAR NA;SOĞUKPINAR KÜME EVLER;sokak;200607
SİVAS;KANGAL;SULARBAŞI;AŞIK EMSALİ SOKAK;sokak;21442
SİVAS;KANGAL;SULARBAŞI;AŞIK MESLEKİ SOKAK;sokak;21443
SİVAS;KANGAL;SULARBAŞI;AŞIK MİNHACI SOKAK;sokak;21444
SİVAS;KANGAL;SULARBAŞI;DELİ GAZİLİ CADDE;cadde;26932
SİVAS;KANGAL;SULARBAŞI;DUMLUPINAR SOKAK;sokak;1429253
SİVAS;KANGAL;SULARBAŞI;FATİH SULTAN MEHMET SOKAK;sokak;21445
SİVAS;KANGAL;SULARBAŞI;KAZIM KARABEKİR SOKAK;sokak;21446
SİVAS;KANGAL;SULARBAŞI;MALATYA CADDE;cadde;21447
SİVAS;KANGAL;SULARBAŞI;MİMAR SİNAN SOKAK;sokak;21578
SİVAS;KANGAL;SULARBAŞI;OSMAN GAZİ SOKAK;sokak;21448
SİVAS;KANGAL;SULARBAŞI;ÖMER HULUSİ EFENDİ SOKAK;sokak;21440
SİVAS;KANGAL;SULARBAŞI;PANCAR BÖLGE ARKASI 1. KÜME EVLER;sokak;21449
SİVAS;KANGAL;SULARBAŞI;SİVAS-MALATYA ÇEVRE YOLU CADDE;cadde;136997230
SİVAS;KANGAL;SULARBAŞI;SULABAŞI YENİYOL11 SOKAK;sokak;140205640
SİVAS;KANGAL;SULARBAŞI;SULARBAŞI YENİYOL 22 SOKAK;sokak;685005600
SİVAS;KANGAL;SULARBAŞI;SULARBAŞI YENİYOL12 SOKAK;sokak;120135950
SİVAS;KANGAL;SULARBAŞI;SULARBAŞI YENİYOL18 SOKAK;sokak;548955370
SİVAS;KANGAL;SULARBAŞI;SULARBAŞI YENİYOL19 SOKAK;sokak;630558750
SİVAS;KANGAL;SULARBAŞI;SULARBAŞI YENİYOL23 SOKAK;sokak;716577950
SİVAS;KANGAL;SULARBAŞI;SULARBAŞI YENİYOL5 SOKAK;sokak;892009500
SİVAS;KANGAL;SULARBAŞI;ŞEHİT ÖZGÜR ÇEVİK SOKAK;sokak;1429251
SİVAS;KANGAL;SULARBAŞI;ŞEHİT.AST.NAZİF ÖZDEMİR SOKAK;sokak;21441
SİVAS;KANGAL;SULARBAŞI;ŞÜKRÜ KOÇAK SOKAK;sokak;25527
SİVAS;KANGAL;SULARBAŞI;YENİ SİVAS CADDE;cadde;21450
SİVAS;KANGAL;SULARBAŞI;YENİ YOL/11 SOKAK;sokak;720491090
SİVAS;KANGAL;SULARBAŞI;YENİ YOL/12 SOKAK;sokak;436196670
SİVAS;KANGAL;SULARBAŞI;YENİ YOL/13 SOKAK;sokak;138188850
SİVAS;KANGAL;SULARBAŞI;YENİ YOL/14 SOKAK;sokak;952621190
SİVAS;KANGAL;SULARBAŞI;YENİ YOL/17 SOKAK;sokak;402805130
SİVAS;KANGAL;SULARBAŞI;YENİ YOL/4 SOKAK;sokak;380965250
SİVAS;KANGAL;SULTANPINARI - BAYINDIR;BAYINDIR KÜME EVLER;sokak;745819
SİVAS;KANGAL;SULTANPINARI NA;SULTANPINARI KÜME EVLER;sokak;744151
SİVAS;KANGAL;SUTAŞI NA;SUTAŞI KÜME EVLER;sokak;758810
SİVAS;KANGAL;ŞEKERPINAR NA;ŞEKERPINAR KÜME EVLER;sokak;198163
SİVAS;KANGAL;TAHTALI NA;SİVAS MALATYA BULVAR;sokak;113543540
SİVAS;KANGAL;TAHTALI NA;TAHTALI KÜME EVLER;sokak;743514
SİVAS;KANGAL;TAŞLI NA;TAŞLI KÜME EVLER;sokak;715379
SİVAS;KANGAL;TAŞLIK NA;TAŞLIK KÜME EVLER;sokak;23927
SİVAS;KANGAL;TATLIPINAR NA;TATLIPINAR KÜME EVLER;sokak;362201
SİVAS;KANGAL;TİLKİHÜYÜK NA;TİLKİHÜYÜK KÜME EVLER;sokak;362202
SİVAS;KANGAL;TOPARDIÇ NA;TOPARDIÇ KÜME EVLER;sokak;185660
SİVAS;KANGAL;TURNALI NA;TURNALI KÜME EVLER;sokak;208343
SİVAS;KANGAL;YARHİSAR NA;YARHİSAR KÜME EVLER;sokak;190610
SİVAS;KANGAL;YAYLACIK NA;YAYLACIK KÜME EVLER;sokak;293175
SİVAS;KANGAL;YELLİCE - UFACIKÖREN;UFACIKÖREN KÜME EVLER;sokak;752518
SİVAS;KANGAL;YELLİCE NA;YELLİCE KÜME EVLER;sokak;561501
SİVAS;KANGAL;YENİ;AŞIK DERDİMENT SOKAK;sokak;60444
SİVAS;KANGAL;YENİ;ESKİ SİVAS CADDE;cadde;21451
SİVAS;KANGAL;YENİ;HASTANE CADDE;cadde;21452
SİVAS;KANGAL;YENİ;HASTANE2 SOKAK;sokak;284350220
SİVAS;KANGAL;YENİ;KANGAL YENİYOL 5 SOKAK;sokak;361648530
SİVAS;KANGAL;YENİ;KARAYOLLARI 165.ŞUBE ŞEF. KÜME EVLER;sokak;60445
SİVAS;KANGAL;YENİ;KARAYOLLARI SOKAK;sokak;21453
SİVAS;KANGAL;YENİ;M.SALİH ŞİRİN İLKÖĞ.OKULU SOKAK;sokak;21454
SİVAS;KANGAL;YENİ;MÜFTÜ ABDULLAH EFENDİ SOKAK;sokak;21455
SİVAS;KANGAL;YENİ;MÜFTÜ ABDULLAH EFENDİ/1 SOKAK;sokak;136164200
SİVAS;KANGAL;YENİ;NECİP FAZIL KISAKÜREK SOKAK;sokak;21456
SİVAS;KANGAL;YENİ;ŞEHİT MURAT ÇALIŞKAN SOKAK;sokak;60446
SİVAS;KANGAL;YENİ;TMO İSTASYON(TCDD) KÜME EVLER;sokak;21429
SİVAS;KANGAL;YENİ;YENIYOL22 SOKAK;sokak;816023930
SİVAS;KANGAL;YENİ;YENİ YENİYOL1 SOKAK;sokak;272051370
SİVAS;KANGAL;YENİ;YENİ YENİYOL12 SOKAK;sokak;250520100
SİVAS;KANGAL;YENİ;YENİ YENİYOL14 SOKAK;sokak;465367770
SİVAS;KANGAL;YENİ;YENİ YENİYOL2 SOKAK;sokak;955429240
SİVAS;KANGAL;YENİ;YENİ YENİYOL3 SOKAK;sokak;753410240
SİVAS;KANGAL;YENİ;YENİ YOL /2 SOKAK;sokak;844885500
SİVAS;KANGAL;YENİ;YENİ YOL/1 SOKAK;sokak;749855080
SİVAS;KANGAL;YENİ;YENİ YOL/18 SOKAK;sokak;321533060
SİVAS;KANGAL;YENİ;YENİ YOL/19 SOKAK;sokak;513994420
SİVAS;KANGAL;YENİ;YENİ YOL/5 SOKAK;sokak;559840170
SİVAS;KANGAL;YENİ;YENİ YOL/6 SOKAK;sokak;773274680
SİVAS;KANGAL;YENİ;YENİ/1 SOKAK;sokak;237101630
SİVAS;KANGAL;YENİ;YENİYENİYOL1 SOKAK;sokak;716388520
SİVAS;KANGAL;YENİ;ZAFER YENİYOL21 SOKAK;sokak;684010580
SİVAS;KANGAL;YEŞİLDERE - HACI HASANLAR;HACIHASANLAR KÜME EVLER;sokak;229008
SİVAS;KANGAL;YEŞİLDERE - HACI HASANLAR;SİVAS MALATYA BULVAR;sokak;108226410
SİVAS;KANGAL;YEŞİLDERE NA;SİVAS MALATYA BULVAR;sokak;154671370
SİVAS;KANGAL;YEŞİLDERE NA;YEŞİLDERE KÜME EVLER;sokak;734602
SİVAS;KANGAL;YEŞİLKALE - AKGEDİK;AKGEDİK KÜME EVLER;sokak;732749
SİVAS;KANGAL;YEŞİLKALE - BAYINDIR;BAYINDIR KÜME EVLER;sokak;292589
SİVAS;KANGAL;YEŞİLKALE NA;YEŞİLKALE KÜME EVLER;sokak;264191
SİVAS;KANGAL;YEŞİLVADİ NA;YEŞİLVADİ KÜME EVLER;sokak;735788
SİVAS;KANGAL;YEŞİLYURT NA;YEŞİLYURT KÜME EVLER;sokak;23928
SİVAS;KANGAL;YUKARIHÜYÜK NA;YUKARIHÜYÜK KÜME EVLER;sokak;757098
SİVAS;KANGAL;ZAFER;ESKİ SİVAS CADDE;cadde;21457
SİVAS;KANGAL;ZAFER;HASTANE CADDE;cadde;21458
SİVAS;KANGAL;ZAFER;HASTANE2 SOKAK;sokak;284350221
SİVAS;KANGAL;ZAFER;HASTANE3 CADDE;cadde;912484010
SİVAS;KANGAL;ZAFER;HÜYÜK SOKAK;sokak;21459
SİVAS;KANGAL;ZAFER;HÜYÜK1 SOKAK;sokak;990054720
SİVAS;KANGAL;ZAFER;HÜYÜK2 SOKAK;sokak;872753920
SİVAS;KANGAL;ZAFER;İSTASYON CADDE;cadde;21462
SİVAS;KANGAL;ZAFER;KANGAL YENİYOL 14 SOKAK;sokak;988555390
SİVAS;KANGAL;ZAFER;MÜFTÜ ABDULLAH EFENDİ SOKAK;sokak;21460
SİVAS;KANGAL;ZAFER;ULUĞ BEY SOKAK;sokak;60447
SİVAS;KANGAL;ZAFER;ULUĞ BEY1 SOKAK;sokak;698988230
SİVAS;KANGAL;ZAFER;YONCALIK SOKAK;sokak;21461
SİVAS;KANGAL;ZAFER;ZAFER YENİYOL17 SOKAK;sokak;679010410
SİVAS;KANGAL;ZAFER;ZAFER YENİYOL21 SOKAK;sokak;684010581
SİVAS;KANGAL;ZAFER;ZAFER YENİYOL212 SOKAK;sokak;666112110
SİVAS;KANGAL;ZAFER;ZAFER YENİYOL3 SOKAK;sokak;981087720
SİVAS;KANGAL;ZAFER;ZAFER YENİYOL4 SOKAK;sokak;207753670
SİVAS;KANGAL;ZAFER;ZAFER YENİYOL5 SOKAK;sokak;146737190
SİVAS;KANGAL;ZAFER;ZAFER YENİYOL6 SOKAK;sokak;344122700
SİVAS;KANGAL;ZAFER;ZAFER YENİYOL8 SOKAK;sokak;382913400
SİVAS;KANGAL;ZERK NA;ZERK KÜME EVLER;sokak;452675
SİVAS;KOYULHİSAR;AKSEKİ - DÜZPELİT;DÜZPELİT KÜME EVLER;sokak;364228
SİVAS;KOYULHİSAR;AKSEKİ - KARAKUM;KARAKUM KÜME EVLER;sokak;907089
SİVAS;KOYULHİSAR;AKSEKİ - SOĞANLI;SOĞANLI KÜME EVLER;sokak;201212
SİVAS;KOYULHİSAR;AKSEKİ - YUKARI;AKPINAR KÜME EVLER;sokak;201211
SİVAS;KOYULHİSAR;AKSEKİ - YUKARI AĞILLAR;YUKARI AĞILLAR KÜME EVLER;sokak;464466
SİVAS;KOYULHİSAR;AKSEKİ NA;AKSEKİ KÜME EVLER;sokak;641615
SİVAS;KOYULHİSAR;AKSU - BAŞ;BAŞ KÜME EVLER;sokak;276727
SİVAS;KOYULHİSAR;AKSU - ECEK;ECEK KÜME EVLER;sokak;286422
SİVAS;KOYULHİSAR;AKSU - ESKİ KÖY;ESKİ KÖY KÜME EVLER;sokak;687946
SİVAS;KOYULHİSAR;AKSU - EVELİKLİ;EVELİKLİ KÜME EVLER;sokak;691014
SİVAS;KOYULHİSAR;AKSU - KABAOĞLU;KABAOĞLU KÜME EVLER;sokak;693385
SİVAS;KOYULHİSAR;AKSU - PINARLIYURT;PINARLIYURT KÜME EVLER;sokak;690753
SİVAS;KOYULHİSAR;AKSU - YAĞLICA;YAĞLICA KÜME EVLER;sokak;282561
SİVAS;KOYULHİSAR;AKSU NA;AKSU KÜME EVLER;sokak;105538
SİVAS;KOYULHİSAR;AŞAĞIKALE;AŞAĞIKALE YENİ YOL6 SOKAK;sokak;155219410
SİVAS;KOYULHİSAR;AŞAĞIKALE;AŞAĞIKALE YENİYOL/2 SOKAK;sokak;549134390
SİVAS;KOYULHİSAR;AŞAĞIKALE;AŞAĞIKALE YENİYOL/3 SOKAK;sokak;268727390
SİVAS;KOYULHİSAR;AŞAĞIKALE;AŞAĞIKALE YENİYOL/4 SOKAK;sokak;528394040
SİVAS;KOYULHİSAR;AŞAĞIKALE;BÜKEBAĞI KÜME EVLER;sokak;328688
SİVAS;KOYULHİSAR;AŞAĞIKALE;KALE DİBİ SOKAK;sokak;459602
SİVAS;KOYULHİSAR;AŞAĞIKALE;MELETLİOĞLU 1 SOKAK SOKAK;sokak;970842140
SİVAS;KOYULHİSAR;AŞAĞIKALE;MELETLİOĞLU SOKAK;sokak;328689
SİVAS;KOYULHİSAR;AŞAĞIKALE;SARIKAYA SOKAK;sokak;286765
SİVAS;KOYULHİSAR;AŞAĞIKALE;ŞEHİT ÖMER COŞKUN SOKAK;sokak;651575
SİVAS;KOYULHİSAR;AŞAĞIKALE;TOKAT CADDE;cadde;713201
SİVAS;KOYULHİSAR;AYDINLAR - KÖRCE TUZLA;KÖRCE TUZLA KÜME EVLER;sokak;97794
SİVAS;KOYULHİSAR;AYDINLAR - KÖSEDAĞ;KÖSEDAĞ KÜME EVLER;sokak;242625
SİVAS;KOYULHİSAR;AYDINLAR - ÖKÜZ UÇURAN;ÖKÜZ UÇURAN KÜME EVLER;sokak;687278
SİVAS;KOYULHİSAR;AYDINLAR NA;MERKEZ KÜME EVLER;sokak;342012
SİVAS;KOYULHİSAR;AYDINLAR NA;TOKİ KONUTLARI KÜME EVLER;sokak;1415949
SİVAS;KOYULHİSAR;BAHÇEKÖY - KARAÇAY;KARAÇAY KÜME EVLER;sokak;638297
SİVAS;KOYULHİSAR;BAHÇEKÖY - KOZALAĞAN;KOZALAĞAN KÜME EVLER;sokak;81878
SİVAS;KOYULHİSAR;BAHÇEKÖY - ÜÇMEREK;ÜÇMEREK KÜME EVLER;sokak;647383
SİVAS;KOYULHİSAR;BAHÇEKÖY NA;BAHÇE KÜME EVLER;sokak;646860
SİVAS;KOYULHİSAR;BALLICA - BALLICA BAŞYAYLA;BALLICA YAYLASI KÜME EVLER;sokak;688326
SİVAS;KOYULHİSAR;BALLICA - BALLICA BÜYÜKDÜZ;BALLICA BÜYÜKDÜZ KÜME EVLER;sokak;691904
SİVAS;KOYULHİSAR;BALLICA - BALLICA EVELİKLİ;BALLICA EVELİKLİ KÜME EVLER;sokak;157481
SİVAS;KOYULHİSAR;BALLICA - ÇULHASAMANLIĞI;ÇULHASAMANLIĞI KÜME EVLER;sokak;689743
SİVAS;KOYULHİSAR;BALLICA - DERE TARLA;DERE TARLA KÜME EVLER;sokak;689053
SİVAS;KOYULHİSAR;BALLICA - DOLUCA;DOLUCA KÜME EVLER;sokak;694226
SİVAS;KOYULHİSAR;BALLICA - GESTELİÇ;GESTELİÇ KÜME EVLER;sokak;691671
SİVAS;KOYULHİSAR;BALLICA - GÜMÜŞCEK;GÜMÜŞCEK KÜME EVLER;sokak;692580
SİVAS;KOYULHİSAR;BALLICA - KARŞI;KARŞI KÜME EVLER;sokak;687716
SİVAS;KOYULHİSAR;BALLICA - YANIKAĞIL;YANIKAĞIL KÜME EVLER;sokak;692531
SİVAS;KOYULHİSAR;BALLICA NA;BALLICA KÜME EVLER;sokak;688804
SİVAS;KOYULHİSAR;BOYALI - FINDIKLI;FINDIKLI KÜME EVLER;sokak;675722
SİVAS;KOYULHİSAR;BOYALI - KARACA ALİ;KARACA ALİ KÜME EVLER;sokak;678877
SİVAS;KOYULHİSAR;BOYALI - KOÇA BAHÇESİ ÇİFLİĞİ;KOÇA BAHÇESİ ÇİFTLİĞİ KÜME EVLER;sokak;679348
SİVAS;KOYULHİSAR;BOYALI - SARIÇİÇEK YAYLASI;SARIÇİÇEK YAYLASI KÜME EVLER;sokak;675431
SİVAS;KOYULHİSAR;BOYALI NA;AŞAĞIKALE YENİYOL/2 SOKAK;sokak;675952640
SİVAS;KOYULHİSAR;BOYALI NA;BOYALI KÜME EVLER;sokak;668338
SİVAS;KOYULHİSAR;BOZKUŞ - BOZKUŞ;BOZKUŞ KÜME EVLER;sokak;38124
SİVAS;KOYULHİSAR;BOZKUŞ - BOZKUŞ TEKİRALAN;BOZKUŞ TEKİRALAN KÜME EVLER;sokak;632702
SİVAS;KOYULHİSAR;BOZKUŞ NA;KÖYÜN KENDİSİ KÜME EVLER;sokak;632282
SİVAS;KOYULHİSAR;CAMİİKEBİR;1. S SOKAK;sokak;893968
SİVAS;KOYULHİSAR;CAMİİKEBİR;15.S SOKAK;sokak;970584
SİVAS;KOYULHİSAR;CAMİİKEBİR;16. S SOKAK;sokak;985938
SİVAS;KOYULHİSAR;CAMİİKEBİR;17.S SOKAK;sokak;1025943
SİVAS;KOYULHİSAR;CAMİİKEBİR;2. S SOKAK;sokak;1100526
SİVAS;KOYULHİSAR;CAMİİKEBİR;3. S SOKAK;sokak;894790
SİVAS;KOYULHİSAR;CAMİİKEBİR;5. S SOKAK;sokak;894763
SİVAS;KOYULHİSAR;CAMİİKEBİR;6.S SOKAK;sokak;1115051
SİVAS;KOYULHİSAR;CAMİİKEBİR;AKBULUT SOKAK;sokak;1248713
SİVAS;KOYULHİSAR;CAMİİKEBİR;ATATÜRK 1 SOKAK;sokak;609432971
SİVAS;KOYULHİSAR;CAMİİKEBİR;ATATÜRK CADDE;cadde;843037
SİVAS;KOYULHİSAR;CAMİİKEBİR;AYINDON CADDE;cadde;459603
SİVAS;KOYULHİSAR;CAMİİKEBİR;BİLAL BÜLENT ACAR CADDE;cadde;329918
SİVAS;KOYULHİSAR;CAMİİKEBİR;BÜRÜKİÇİ SOKAK;sokak;329917
SİVAS;KOYULHİSAR;CAMİİKEBİR;CAMİİKEBİR YENİYOL 8 SOKAK;sokak;760612900
SİVAS;KOYULHİSAR;CAMİİKEBİR;CAMİİKEBİR YENİYOL 9 SOKAK;sokak;287085760
SİVAS;KOYULHİSAR;CAMİİKEBİR;CAMİİKEBİR YENİYOL1 SOKAK;sokak;725114390
SİVAS;KOYULHİSAR;CAMİİKEBİR;CAMİİKEBİR YENİYOL10 SOKAK;sokak;526144350
SİVAS;KOYULHİSAR;CAMİİKEBİR;CAMİİKEBİR YENİYOL11 SOKAK;sokak;386477720
SİVAS;KOYULHİSAR;CAMİİKEBİR;CAMİİKEBİR YENİYOL12 SOKAK;sokak;431442450
SİVAS;KOYULHİSAR;CAMİİKEBİR;CAMİİKEBİR YENİYOL13 SOKAK;sokak;307541130
SİVAS;KOYULHİSAR;CAMİİKEBİR;CAMİİKEBİR YENİYOL2 SOKAK;sokak;815299760
SİVAS;KOYULHİSAR;CAMİİKEBİR;CAMİİKEBİR YENİYOL3 SOKAK;sokak;285909250
SİVAS;KOYULHİSAR;CAMİİKEBİR;CAMİİKEBİR YENİYOL4 SOKAK;sokak;156997620
SİVAS;KOYULHİSAR;CAMİİKEBİR;CAMİİKEBİR YENİYOL5 SOKAK;sokak;462820590
SİVAS;KOYULHİSAR;CAMİİKEBİR;CAMİİKEBİR YENİYOL7 SOKAK;sokak;991492620
SİVAS;KOYULHİSAR;CAMİİKEBİR;CAMİİKEBİR YENİYOL9 SOKAK;sokak;982537270
SİVAS;KOYULHİSAR;CAMİİKEBİR;CAMİKEBİR YENİYOL6 SOKAK;sokak;466458590
SİVAS;KOYULHİSAR;CAMİİKEBİR;CAMİKEBİR YENİYOL8 SOKAK;sokak;826378020
SİVAS;KOYULHİSAR;CAMİİKEBİR;CENGİZHAN SOKAK;sokak;329919
SİVAS;KOYULHİSAR;CAMİİKEBİR;CUMHURİYET CADDE;cadde;329920
SİVAS;KOYULHİSAR;CAMİİKEBİR;ÇETİN SOKAK;sokak;329930
SİVAS;KOYULHİSAR;CAMİİKEBİR;DEDE KORKUT CADDE;cadde;637643
SİVAS;KOYULHİSAR;CAMİİKEBİR;DÜNDARLI 1 SOKAK;sokak;283241270
SİVAS;KOYULHİSAR;CAMİİKEBİR;DÜNDARLI SOKAK;sokak;459604
SİVAS;KOYULHİSAR;CAMİİKEBİR;EĞRİÇİMEN YOLU CADDE;cadde;892584
SİVAS;KOYULHİSAR;CAMİİKEBİR;ERDEM SOKAK;sokak;329921
SİVAS;KOYULHİSAR;CAMİİKEBİR;FATİH CADDE;cadde;329922
SİVAS;KOYULHİSAR;CAMİİKEBİR;GÜLEÇ SOKAK;sokak;634707
SİVAS;KOYULHİSAR;CAMİİKEBİR;HAMDİ HELVA SOKAK;sokak;635059
SİVAS;KOYULHİSAR;CAMİİKEBİR;HELVALI SOKAK;sokak;329923
SİVAS;KOYULHİSAR;CAMİİKEBİR;HÜKÜMET MEYDAN;sokak;459605
SİVAS;KOYULHİSAR;CAMİİKEBİR;KARAKOLLUKÇU SOKAK;sokak;329924
SİVAS;KOYULHİSAR;CAMİİKEBİR;KELTEK SOKAK;sokak;329925
SİVAS;KOYULHİSAR;CAMİİKEBİR;KÖKSAL SOKAK;sokak;177762530
SİVAS;KOYULHİSAR;CAMİİKEBİR;MUHSİN YAZICIOĞLU CADDE;cadde;892631
SİVAS;KOYULHİSAR;CAMİİKEBİR;NENE HATUN SOKAK;sokak;1517173
SİVAS;KOYULHİSAR;CAMİİKEBİR;ORDU CADDE;cadde;633300
SİVAS;KOYULHİSAR;CAMİİKEBİR;ÖĞRETMEN BEDRETTİN GÜNGÖR CADDE;cadde;329931
SİVAS;KOYULHİSAR;CAMİİKEBİR;ÖĞRETMEN TURHAN ARSLAN SOKAK;sokak;1223255
SİVAS;KOYULHİSAR;CAMİİKEBİR;ÖMÜR SOKAK;sokak;1522329
SİVAS;KOYULHİSAR;CAMİİKEBİR;PİRİ REİS SOKAK;sokak;1514601
SİVAS;KOYULHİSAR;CAMİİKEBİR;S 6 SOKAK;sokak;893934
SİVAS;KOYULHİSAR;CAMİİKEBİR;S3 SOKAK;sokak;1045881
SİVAS;KOYULHİSAR;CAMİİKEBİR;SAĞLIK KÜME EVLER;sokak;459606
SİVAS;KOYULHİSAR;CAMİİKEBİR;SAKARYA CADDE;cadde;632934
SİVAS;KOYULHİSAR;CAMİİKEBİR;SANAYİ SOKAK;sokak;329926
SİVAS;KOYULHİSAR;CAMİİKEBİR;SİVAS ORDU BULVAR;sokak;110273490
SİVAS;KOYULHİSAR;CAMİİKEBİR;ŞEHIT HASAN KOÇER SOKAK;sokak;1403533
SİVAS;KOYULHİSAR;CAMİİKEBİR;ŞEHİTLİK SOKAK;sokak;635049
SİVAS;KOYULHİSAR;CAMİİKEBİR;USTAGİL KÜME EVLER;sokak;952952340
SİVAS;KOYULHİSAR;CAMİİKEBİR;YAZI TARLA 1. SOKAK;sokak;329928
SİVAS;KOYULHİSAR;CAMİİKEBİR;YAZI TARLA 2. SOKAK;sokak;459607
SİVAS;KOYULHİSAR;CAMİİKEBİR;YAZI TARLA 3. SOKAK;sokak;329929
SİVAS;KOYULHİSAR;CAMİİKEBİR;YILDIRIM SOKAK;sokak;329927
SİVAS;KOYULHİSAR;CAMİİKEBİR;YURT CADDE;cadde;1028072
SİVAS;KOYULHİSAR;CAMİİKEBİR;ZİYA GÖKALP KÜME EVLER;sokak;632965
SİVAS;KOYULHİSAR;ÇANDIR - GÖDÜK DERESİ;GÖDÜK DERESİ KÜME EVLER;sokak;668013
SİVAS;KOYULHİSAR;ÇANDIR - HALAÇKAŞI;HALAÇKAŞI KÜME EVLER;sokak;193109
SİVAS;KOYULHİSAR;ÇANDIR - HASAN TAMI;HASAN TAMI KÜME EVLER;sokak;669325
SİVAS;KOYULHİSAR;ÇANDIR - HAVZUL;HAVZUL KÜME EVLER;sokak;669324
SİVAS;KOYULHİSAR;ÇANDIR - İLYASLI;İLYASLI KÜME EVLER;sokak;671505
SİVAS;KOYULHİSAR;ÇANDIR - KARANLICA YAYLASI;KARANLICA YAYLASI KÜME EVLER;sokak;193110
SİVAS;KOYULHİSAR;ÇANDIR - KIR YAYLA;KIR YAYLA KÜME EVLER;sokak;668344
SİVAS;KOYULHİSAR;ÇANDIR - KIZIL KAYA;KIZIL KAYA KÜME EVLER;sokak;671507
SİVAS;KOYULHİSAR;ÇANDIR - LEYKÜN;LEYKÜN KÜME EVLER;sokak;668788
SİVAS;KOYULHİSAR;ÇANDIR - MADEN FABRİKASI;MADEN FABRİKASI KÜME EVLER;sokak;671508
SİVAS;KOYULHİSAR;ÇANDIR - MEDRESE;MEDRESE KÜME EVLER;sokak;668015
SİVAS;KOYULHİSAR;ÇANDIR - TORUNLAR;TORUNLAR KÜME EVLER;sokak;88177
SİVAS;KOYULHİSAR;ÇANDIR NA;ÇANDIR KÜME EVLER;sokak;157865
SİVAS;KOYULHİSAR;ÇAYLI - ÇAYLI İLEFOLU;ÇAYLI ILEFOLU KÜME EVLER;sokak;338819
SİVAS;KOYULHİSAR;ÇAYLI NA;ÇAYLI KÜME EVLER;sokak;88919
SİVAS;KOYULHİSAR;ÇİÇEKÖZÜ - DİPSİZGÖL;DİPSİZGÖL KÜME EVLER;sokak;686209
SİVAS;KOYULHİSAR;ÇİÇEKÖZÜ NA;ÇİÇEKÖZÜ KÜME EVLER;sokak;681715
SİVAS;KOYULHİSAR;ÇUKUROBA - BAYRAMCA;BAYRAMCA KÜME EVLER;sokak;184653021
SİVAS;KOYULHİSAR;ÇUKUROBA - KÖYÜN KENDİSİ;ÇUKUROBA KÜME EVLER;sokak;681092
SİVAS;KOYULHİSAR;DEĞİRMENTAŞ NA;DEĞİRMENTAŞ KÜME EVLER;sokak;334346
SİVAS;KOYULHİSAR;DİLEKLİ - AĞILYAZI;AĞILYAZI KÜME EVLER;sokak;277161
SİVAS;KOYULHİSAR;DİLEKLİ - YOKUŞDİBİ;YOKUŞDİBİ KÜME EVLER;sokak;682789
SİVAS;KOYULHİSAR;DİLEKLİ NA;DİLEKLİ KÜME EVLER;sokak;682385
SİVAS;KOYULHİSAR;EKİNÖZÜ - BEŞOLUK;BEŞOLUK KÜME EVLER;sokak;588737
SİVAS;KOYULHİSAR;EKİNÖZÜ - KÖSEDAĞ (ESKİYAYLA);KÖSEDAĞ(ESKİYAYLA) KÜME EVLER;sokak;683209
SİVAS;KOYULHİSAR;EKİNÖZÜ NA;EKİNÖZÜ KÜME EVLER;sokak;553717
SİVAS;KOYULHİSAR;GÖKDERE - AYDINLI;AYDINLI KÜME EVLER;sokak;689745
SİVAS;KOYULHİSAR;GÖKDERE NA;GÖKDERE KÜME EVLER;sokak;680862
SİVAS;KOYULHİSAR;GÖLCÜK - GÖLCÜK HANDÜZÜ;GÖLCÜK HANDÜZÜ KÜME EVLER;sokak;681179
SİVAS;KOYULHİSAR;GÖLCÜK - GÖLCÜK SAZAK;GÖLCÜK SAZAK KÜME EVLER;sokak;336807
SİVAS;KOYULHİSAR;GÖLCÜK NA;GÖLCÜK KÜME EVLER;sokak;681903
SİVAS;KOYULHİSAR;GÜMÜŞLÜ - ALAÇAM;ALAÇAM KÜME EVLER;sokak;689176
SİVAS;KOYULHİSAR;GÜMÜŞLÜ - DANIŞMANLI;DANIŞMANLI KÜME EVLER;sokak;689165
SİVAS;KOYULHİSAR;GÜMÜŞLÜ - DEREKIYISI;DEREKIYISI KÜME EVLER;sokak;392542
SİVAS;KOYULHİSAR;GÜMÜŞLÜ - ESKİ;ESKİ KÜME EVLER;sokak;106119
SİVAS;KOYULHİSAR;GÜMÜŞLÜ - GÜMÜŞLÜ ÇAKMAKLI;GÜMÜŞLÜ ÇAKMAKLI KÜME EVLER;sokak;689180
SİVAS;KOYULHİSAR;GÜMÜŞLÜ - GÜMÜŞLÜ ŞABDAŞ;GÜMÜŞLÜ ŞABDAS KÜME EVLER;sokak;693224
SİVAS;KOYULHİSAR;GÜMÜŞLÜ - SULUPARA;SULUPARA KÜME EVLER;sokak;693755
SİVAS;KOYULHİSAR;GÜMÜŞLÜ - ŞAPKAMA;ŞAPKAMA KÜME EVLER;sokak;102418
SİVAS;KOYULHİSAR;GÜMÜŞLÜ - YENİ;YENİ KÜME EVLER;sokak;111027
SİVAS;KOYULHİSAR;GÜMÜŞLÜ NA;GÜMÜŞLÜ KÜME EVLER;sokak;389292
SİVAS;KOYULHİSAR;GÜNIŞIK - GÜNIŞIK KARABAYIR;GÜNIŞIK KARABAYIR KÜME EVLER;sokak;652712
SİVAS;KOYULHİSAR;GÜNIŞIK - GÜNIŞIK SULTAN YAZISI;GÜNIŞIK SULTAN YAZISI KÜME EVLER;sokak;650971
SİVAS;KOYULHİSAR;GÜNIŞIK NA;GÜNIŞIK KÜME EVLER;sokak;644556
SİVAS;KOYULHİSAR;GÜZELYURT - ACIDERE;ACIDERE KÜME EVLER;sokak;662552
SİVAS;KOYULHİSAR;GÜZELYURT - AKÇABEL YAYLASI;AKÇABEL YAYLASI KÜME EVLER;sokak;666560
SİVAS;KOYULHİSAR;GÜZELYURT - BAĞLICA;BAĞLICA KÜME EVLER;sokak;665828
SİVAS;KOYULHİSAR;GÜZELYURT - BAŞALAN YAYLASI;BAŞALAN YAYLASI KÜME EVLER;sokak;246361
SİVAS;KOYULHİSAR;GÜZELYURT - BUDAMA;BUDAMA KÜME EVLER;sokak;664609
SİVAS;KOYULHİSAR;GÜZELYURT - ELMAALAN;ELMALAN KÜME EVLER;sokak;661223
SİVAS;KOYULHİSAR;GÜZELYURT - KECİNİ;KECİNİ KÜME EVLER;sokak;661226
SİVAS;KOYULHİSAR;GÜZELYURT - MERKEZ;GÜZELYURT KÜME EVLER;sokak;661785
SİVAS;KOYULHİSAR;GÜZELYURT - SAYDERESİ;SAYDERESİ KÜME EVLER;sokak;682518
SİVAS;KOYULHİSAR;GÜZELYURT - SULUDERE;SULUDERE KÜME EVLER;sokak;664607
SİVAS;KOYULHİSAR;HACIİLYAS - HACIİLYAS ARPACIK;HACIİLYAS ARPACIK KÜME EVLER;sokak;651269
SİVAS;KOYULHİSAR;HACIİLYAS NA;HACIİLYAS KÜME EVLER;sokak;649213
SİVAS;KOYULHİSAR;İKİZYAKA - İKİZYAKA KENGERCİK;İKİZYAKA KENGERCİK KÜME EVLER;sokak;652478
SİVAS;KOYULHİSAR;İKİZYAKA NA;İKİZYAKA KÜME EVLER;sokak;651276
SİVAS;KOYULHİSAR;İSKENDERŞEYH - ELMALI;ELMALI KÜME EVLER;sokak;667329
SİVAS;KOYULHİSAR;İSKENDERŞEYH - SIRGANLI;SIRDANLI KÜME EVLER;sokak;673224
SİVAS;KOYULHİSAR;İSKENDERŞEYH NA;İSKENDERŞEYH KÜME EVLER;sokak;661778
SİVAS;KOYULHİSAR;KADİFE - A.SÖĞÜTLÜ;A.SÖĞÜTLÜ KÜME EVLER;sokak;156521
SİVAS;KOYULHİSAR;KADİFE - AKBULUT;AKBULUT KÜME EVLER;sokak;682841
SİVAS;KOYULHİSAR;KADİFE - ÇALIŞKANLAR;ÇALIŞKANLAR KÜME EVLER;sokak;687357
SİVAS;KOYULHİSAR;KADİFE - ÇİCEK KAYASI;ÇİÇEK KAYASI KÜME EVLER;sokak;680826
SİVAS;KOYULHİSAR;KADİFE - DERE;DERE KÜME EVLER;sokak;685914
SİVAS;KOYULHİSAR;KADİFE - ELMALI;ELMALI KÜME EVLER;sokak;681862
SİVAS;KOYULHİSAR;KADİFE - GÜVENDİK;GÜVENDİK KÜME EVLER;sokak;683890
SİVAS;KOYULHİSAR;KADİFE - KURUSEKİ;KURUSEKİ KÜME EVLER;sokak;677615
SİVAS;KOYULHİSAR;KADİFE - MERKEZ;MERKEZ KÜME EVLER;sokak;678593
SİVAS;KOYULHİSAR;KADİFE - TARLABAŞI;TARLABAŞI KÜME EVLER;sokak;460552
SİVAS;KOYULHİSAR;KADİFE - Y.SÖĞÜTLÜ;Y.SÖĞÜTLÜ KÜME EVLER;sokak;157228
SİVAS;KOYULHİSAR;KADİFE - YAZI;YAZI KÜME EVLER;sokak;687209
SİVAS;KOYULHİSAR;KALEBAŞI - AĞCAHİSAR;AĞCAHİSAR KÜME EVLER;sokak;664729
SİVAS;KOYULHİSAR;KALEBAŞI - ARDIÇALAN;ARDIÇALAN KÜME EVLER;sokak;665971
SİVAS;KOYULHİSAR;KALEBAŞI - ARDIÇALAN MEVKİİ;ARDIÇALAN MEVKİİ KÜME EVLER;sokak;663444
SİVAS;KOYULHİSAR;KALEBAŞI - AŞAĞI;AŞAĞI KÜME EVLER;sokak;377159
SİVAS;KOYULHİSAR;KALEBAŞI - KIZILCALAR ÇİFTLİĞİ;KIZILCALAR ÇİFTLİĞİ KÜME EVLER;sokak;664723
SİVAS;KOYULHİSAR;KALEBAŞI - KIZILÇUKUR;KIZILÇUKUR KÜME EVLER;sokak;364224
SİVAS;KOYULHİSAR;KALEBAŞI - KÖLE TARLASI;KÖLE TARLASI KÜME EVLER;sokak;664731
SİVAS;KOYULHİSAR;KALEBAŞI - MİMLİ;MİMLİ KÜME EVLER;sokak;663443
SİVAS;KOYULHİSAR;KALEBAŞI - PAŞAPINAR;PAŞAPINAR KÜME EVLER;sokak;664727
SİVAS;KOYULHİSAR;KALEBAŞI - YANIKYURT;YANIKYURT KÜME EVLER;sokak;364222
SİVAS;KOYULHİSAR;KALEBAŞI - YUKARI;YUKARI KÜME EVLER;sokak;22395
SİVAS;KOYULHİSAR;KALEBAŞI NA;KALEBAŞI KÜME EVLER;sokak;654628
SİVAS;KOYULHİSAR;KARAÇAM - AĞCA TAŞ;AĞCATAŞ KÜME EVLER;sokak;685851
SİVAS;KOYULHİSAR;KARAÇAM - BEYDERESİ;BEYDERESİ KÜME EVLER;sokak;675068
SİVAS;KOYULHİSAR;KARAÇAM - FINDIKLI;FINDIKLI KÜME EVLER;sokak;666811
SİVAS;KOYULHİSAR;KARAÇAM NA;KARAÇAM KÜME EVLER;sokak;686896
SİVAS;KOYULHİSAR;KAVACIK - ESKİKÖY;ESKİKÖY KÜME EVLER;sokak;94596
SİVAS;KOYULHİSAR;KAVACIK - SEYFETTİN YAYLASI;SEYFETTİN YAYLASI KÜME EVLER;sokak;321726
SİVAS;KOYULHİSAR;KAVACIK NA;KAVACIK KÜME EVLER;sokak;655262
SİVAS;KOYULHİSAR;KAYAÖREN - CEVİZLİ;CEVİZLİ KÜME EVLER;sokak;157237
SİVAS;KOYULHİSAR;KAYAÖREN - KALIN PINAR;KALINPINAR KÜME EVLER;sokak;663142
SİVAS;KOYULHİSAR;KAYAÖREN NA;KAYAÖREN KÜME EVLER;sokak;666638
SİVAS;KOYULHİSAR;KILIÇPINARI NA;KILIÇPINARI KÜME EVLER;sokak;568934
SİVAS;KOYULHİSAR;KIZILELMA - ASARCIK;ASARCIK KÜME EVLER;sokak;651326
SİVAS;KOYULHİSAR;KIZILELMA - ÇALOVA YAYLASI;ÇALOVA YAYLASI KÜME EVLER;sokak;654161
SİVAS;KOYULHİSAR;KIZILELMA - HOŞGADEM YAYLASI;HOŞGADEM YAYLASI KÜME EVLER;sokak;653500
SİVAS;KOYULHİSAR;KIZILELMA - KIZILELMA;KIZILELMA KÜME EVLER;sokak;659601
SİVAS;KOYULHİSAR;KIZILELMA - YENİ YAYLA;YENİ YAYLA KÜME EVLER;sokak;647622
SİVAS;KOYULHİSAR;KURŞUNLU - KURŞUNLU ÇAKMAKLI;KURŞUNLU ÇAKMAKLI KÜME EVLER;sokak;101519
SİVAS;KOYULHİSAR;KURŞUNLU - KURŞUNLU MADEN;KURŞUNLU MADEN KÜME EVLER;sokak;84758
SİVAS;KOYULHİSAR;KURŞUNLU - KURŞUNLU ŞABTAŞ;KURŞUNLU ŞABDAŞ KÜME EVLER;sokak;683179
SİVAS;KOYULHİSAR;KURŞUNLU NA;KURŞUNLU KÜME EVLER;sokak;419510
SİVAS;KOYULHİSAR;KÜPLÜCE NA;KÜPLÜCE KÜME EVLER;sokak;389329
SİVAS;KOYULHİSAR;ORTA;AĞCALI SOKAK;sokak;329932
SİVAS;KOYULHİSAR;ORTA;ATATÜRK 1 SOKAK;sokak;332345920
SİVAS;KOYULHİSAR;ORTA;ATATÜRK CADDE;cadde;328690
SİVAS;KOYULHİSAR;ORTA;BAHÇELER MEVKİİ SOKAK;sokak;641423
SİVAS;KOYULHİSAR;ORTA;CAMİ YANI CADDE;cadde;635186
SİVAS;KOYULHİSAR;ORTA;ÇAMLIYAKA CADDE;cadde;640945
SİVAS;KOYULHİSAR;ORTA;DEMİRTAŞ SOKAK;sokak;641421
SİVAS;KOYULHİSAR;ORTA;DR.MEHMET ERGİN SOKAK;sokak;329933
SİVAS;KOYULHİSAR;ORTA;EMİNLER KÜME EVLER;sokak;459608
SİVAS;KOYULHİSAR;ORTA;EREN KÜME EVLER;sokak;330270
SİVAS;KOYULHİSAR;ORTA;HASAN SİS CADDE;cadde;641411
SİVAS;KOYULHİSAR;ORTA;HASAN SİS/1 SOKAK;sokak;990468490
SİVAS;KOYULHİSAR;ORTA;KENAN ARICAN CADDE;cadde;330271
SİVAS;KOYULHİSAR;ORTA;KİRAZ SOKAK;sokak;641414
SİVAS;KOYULHİSAR;ORTA;KUŞKUŞLAR SOKAK;sokak;86539
SİVAS;KOYULHİSAR;ORTA;KÜLAHLI SOKAK;sokak;459609
SİVAS;KOYULHİSAR;ORTA;KÜLAHLI/1 SOKAK;sokak;359345200
SİVAS;KOYULHİSAR;ORTA;ORTA YENİYOL/1 SOKAK;sokak;561576960
SİVAS;KOYULHİSAR;ORTA;ORTA YENİYOL/2 SOKAK;sokak;364672230
SİVAS;KOYULHİSAR;ORTA;ŞÜKRÜ BAYSAL CADDE;cadde;639701
SİVAS;KOYULHİSAR;ORTA;TUĞLADAĞI YENİYOL2 SOKAK;sokak;153665860
SİVAS;KOYULHİSAR;ORTA;ZABUNLAR CADDE;cadde;640950
SİVAS;KOYULHİSAR;ORTAKÖY - ÇİFTLİK (ESKİKÖY);ÇİFTLİK KÜME EVLER;sokak;679182
SİVAS;KOYULHİSAR;ORTAKÖY - ÇİĞSELİ;ÇİĞSELİ KÜME EVLER;sokak;157328
SİVAS;KOYULHİSAR;ORTAKÖY - DAMATLAR;DAMATLAR KÜME EVLER;sokak;674763
SİVAS;KOYULHİSAR;ORTAKÖY - DEMİRASAR;DEMİRASAR KÜME EVLER;sokak;674504
SİVAS;KOYULHİSAR;ORTAKÖY - HOROZALAN;HOROZALAN KÜME EVLER;sokak;679560
SİVAS;KOYULHİSAR;ORTAKÖY - ORTA;ORTA KÜME EVLER;sokak;674084
SİVAS;KOYULHİSAR;ORTAKÖY - SARIALAN;SARIALAN KÜME EVLER;sokak;677825
SİVAS;KOYULHİSAR;ORTAKÖY - YETİMLER;YETİMLER KÜME EVLER;sokak;676378
SİVAS;KOYULHİSAR;ORTAKÖY NA;ORTAKÖY KÜME EVLER;sokak;677505
SİVAS;KOYULHİSAR;ORTASEKİ - BAĞLIYURT;BAĞLIYURT KÜME EVLER;sokak;679486
SİVAS;KOYULHİSAR;ORTASEKİ - BOSTANDERESİ;BOSTANDERESİ KÜME EVLER;sokak;675110
SİVAS;KOYULHİSAR;ORTASEKİ - ÇİMENLİ;KOÇALİ KÜME EVLER;sokak;685237
SİVAS;KOYULHİSAR;ORTASEKİ - DİREKLİ;DİREKLİ KÜME EVLER;sokak;680618
SİVAS;KOYULHİSAR;ORTASEKİ - DİREKLİ MH.;DİREKLİ MH. KÜME EVLER;sokak;680114
SİVAS;KOYULHİSAR;ORTASEKİ - KOÇALI;KOÇALI KÜME EVLER;sokak;685245
SİVAS;KOYULHİSAR;ORTASEKİ - KONCALAN;KONCALAN KÜME EVLER;sokak;679507
SİVAS;KOYULHİSAR;ORTASEKİ - MEKAN;MEKAN KÜME EVLER;sokak;680112
SİVAS;KOYULHİSAR;ORTASEKİ - SARI ÇİÇEK;SARI ÇİÇEK KÜME EVLER;sokak;60548
SİVAS;KOYULHİSAR;ORTASEKİ - TOPALAĞAN;TOPALAĞAN KÜME EVLER;sokak;676415
SİVAS;KOYULHİSAR;ORTASEKİ NA;ORTASEKİ KÜME EVLER;sokak;674380
SİVAS;KOYULHİSAR;SARIHARMAN - DERYAPINARI;DERYAPINARI KÜME EVLER;sokak;691401
SİVAS;KOYULHİSAR;SARIHARMAN - TEREKEME;TEREKEME KÜME EVLER;sokak;686298
SİVAS;KOYULHİSAR;SARIHARMAN NA;SARIHARMAN KÜME EVLER;sokak;683704
SİVAS;KOYULHİSAR;SARIKAYA - SARIKAYA YAYLASI;SARIKAYA YAYLASI KÜME EVLER;sokak;639688
SİVAS;KOYULHİSAR;SARIKAYA NA;SARIKAYA KÜME EVLER;sokak;643961
SİVAS;KOYULHİSAR;SUBAŞI;ÇAKIL KÜME EVLER;sokak;330274
SİVAS;KOYULHİSAR;SUBAŞI;EĞRİÇİMEN 1 SOKAK;sokak;381411
SİVAS;KOYULHİSAR;SUBAŞI;EĞRİÇİMEN 10 SOKAK;sokak;651212
SİVAS;KOYULHİSAR;SUBAŞI;EĞRİÇİMEN 11 SOKAK;sokak;649506
SİVAS;KOYULHİSAR;SUBAŞI;EĞRİÇİMEN 12 SOKAK;sokak;649507
SİVAS;KOYULHİSAR;SUBAŞI;EĞRİÇİMEN 13 SOKAK;sokak;649508
SİVAS;KOYULHİSAR;SUBAŞI;EĞRİÇİMEN 14 SOKAK;sokak;647104
SİVAS;KOYULHİSAR;SUBAŞI;EĞRİÇİMEN 15 SOKAK;sokak;648010
SİVAS;KOYULHİSAR;SUBAŞI;EĞRİÇİMEN 16 KÜME EVLER;sokak;648011
SİVAS;KOYULHİSAR;SUBAŞI;EĞRİÇİMEN 17 SOKAK;sokak;480249
SİVAS;KOYULHİSAR;SUBAŞI;EĞRİÇİMEN 2 SOKAK;sokak;648008
SİVAS;KOYULHİSAR;SUBAŞI;EĞRİÇİMEN 3 SOKAK;sokak;648192
SİVAS;KOYULHİSAR;SUBAŞI;EĞRİÇİMEN 4 SOKAK;sokak;648823
SİVAS;KOYULHİSAR;SUBAŞI;EĞRİÇİMEN 5 SOKAK;sokak;648193
SİVAS;KOYULHİSAR;SUBAŞI;EĞRİÇİMEN 6 KÜME EVLER;sokak;825563
SİVAS;KOYULHİSAR;SUBAŞI;EĞRİÇİMEN 7 SOKAK;sokak;649335
SİVAS;KOYULHİSAR;SUBAŞI;EĞRİÇİMEN 8 SOKAK;sokak;649505
SİVAS;KOYULHİSAR;SUBAŞI;EĞRİÇİMEN 9 SOKAK;sokak;648009
SİVAS;KOYULHİSAR;SUBAŞI;EĞRİÇİMEN-I CADDE;cadde;639584
SİVAS;KOYULHİSAR;SUBAŞI;EĞRİÇİMEN-II CADDE;cadde;639588
SİVAS;KOYULHİSAR;SUBAŞI;EĞRİÇİMEN-II/1 CADDE;cadde;392854240
SİVAS;KOYULHİSAR;SUBAŞI;EĞRİÇİMEN-III CADDE;cadde;645730
SİVAS;KOYULHİSAR;SUBAŞI;KAVACIK KÜME EVLER;sokak;330272
SİVAS;KOYULHİSAR;SUBAŞI;MÜSERİ KÜME EVLER;sokak;330273
SİVAS;KOYULHİSAR;SUBAŞI;SABRİ DEMİRTAŞ SOSYAL TESİSLER KÜME EVLER;sokak;640958
SİVAS;KOYULHİSAR;SUBAŞI;SİVAS ORDU BULVAR;sokak;136479380
SİVAS;KOYULHİSAR;SUBAŞI;ŞÜKRÜ BAYSAL CADDE;cadde;504961990
SİVAS;KOYULHİSAR;SUGÖZÜ - DAĞÖNÜ;DAĞÖNÜ KÜME EVLER;sokak;679599
SİVAS;KOYULHİSAR;SUGÖZÜ - SORHUN;SORHUN KÜME EVLER;sokak;678351
SİVAS;KOYULHİSAR;SUGÖZÜ NA;SUGÖZÜ KÜME EVLER;sokak;87153
SİVAS;KOYULHİSAR;SÜTLÜCE - SÜTLÜCE YAYLASI;SÜTLÜCE YAYLASI KÜME EVLER;sokak;109447
SİVAS;KOYULHİSAR;SÜTLÜCE NA;SÜTLÜCE KÜME EVLER;sokak;635544
SİVAS;KOYULHİSAR;ŞEYHLER;FURTANA 1 KÜME EVLER;sokak;330275
SİVAS;KOYULHİSAR;ŞEYHLER;FURTANA 2 SOKAK;sokak;459610
SİVAS;KOYULHİSAR;ŞEYHLER;KAPICI KÜME EVLER;sokak;330276
SİVAS;KOYULHİSAR;ŞEYHLER;ŞÜKRÜ BAYSAL CADDE;cadde;239753110
SİVAS;KOYULHİSAR;ŞEYHLER;TOKAT CADDE;cadde;330277
SİVAS;KOYULHİSAR;TAŞPINAR - TAŞPINAR ARPACIK;TAŞPINAR ARPACIK KÜME EVLER;sokak;635220
SİVAS;KOYULHİSAR;TAŞPINAR - TAŞPINAR KOŞOLUK;TAŞPINAR KOŞOLUK KÜME EVLER;sokak;644273
SİVAS;KOYULHİSAR;TAŞPINAR NA;TAŞPINAR KÜME EVLER;sokak;624111
SİVAS;KOYULHİSAR;TUĞLADAĞI;1. SOKAK;sokak;641999
SİVAS;KOYULHİSAR;TUĞLADAĞI;10. SOKAK;sokak;641567
SİVAS;KOYULHİSAR;TUĞLADAĞI;12. SOKAK;sokak;642918
SİVAS;KOYULHİSAR;TUĞLADAĞI;13. SOKAK;sokak;642780
SİVAS;KOYULHİSAR;TUĞLADAĞI;14. SOKAK;sokak;644515
SİVAS;KOYULHİSAR;TUĞLADAĞI;15. SOKAK;sokak;642781
SİVAS;KOYULHİSAR;TUĞLADAĞI;16. SOKAK;sokak;641570
SİVAS;KOYULHİSAR;TUĞLADAĞI;17. SOKAK;sokak;641571
SİVAS;KOYULHİSAR;TUĞLADAĞI;18. SOKAK;sokak;641467
SİVAS;KOYULHİSAR;TUĞLADAĞI;19. SOKAK;sokak;641796
SİVAS;KOYULHİSAR;TUĞLADAĞI;2. SOKAK;sokak;643127
SİVAS;KOYULHİSAR;TUĞLADAĞI;20. SOKAK;sokak;644518
SİVAS;KOYULHİSAR;TUĞLADAĞI;21. SOKAK;sokak;641797
SİVAS;KOYULHİSAR;TUĞLADAĞI;22. SOKAK;sokak;644879
SİVAS;KOYULHİSAR;TUĞLADAĞI;23. SOKAK;sokak;639655
SİVAS;KOYULHİSAR;TUĞLADAĞI;24. SOKAK;sokak;639656
SİVAS;KOYULHİSAR;TUĞLADAĞI;25. SOKAK;sokak;639657
SİVAS;KOYULHİSAR;TUĞLADAĞI;26 SOKAK;sokak;639658
SİVAS;KOYULHİSAR;TUĞLADAĞI;27. SOKAK;sokak;644167
SİVAS;KOYULHİSAR;TUĞLADAĞI;28. SOKAK;sokak;644168
SİVAS;KOYULHİSAR;TUĞLADAĞI;29. SOKAK;sokak;639659
SİVAS;KOYULHİSAR;TUĞLADAĞI;30 SOKAK;sokak;644169
SİVAS;KOYULHİSAR;TUĞLADAĞI;31. SOKAK;sokak;637848
SİVAS;KOYULHİSAR;TUĞLADAĞI;32. SOKAK;sokak;644170
SİVAS;KOYULHİSAR;TUĞLADAĞI;33. SOKAK;sokak;637849
SİVAS;KOYULHİSAR;TUĞLADAĞI;34. SOKAK;sokak;639661
SİVAS;KOYULHİSAR;TUĞLADAĞI;35. SOKAK;sokak;637855
SİVAS;KOYULHİSAR;TUĞLADAĞI;36. SOKAK;sokak;637857
SİVAS;KOYULHİSAR;TUĞLADAĞI;37. SOKAK;sokak;637859
SİVAS;KOYULHİSAR;TUĞLADAĞI;38. SOKAK;sokak;637861
SİVAS;KOYULHİSAR;TUĞLADAĞI;39. SOKAK;sokak;637863
SİVAS;KOYULHİSAR;TUĞLADAĞI;40. SOKAK;sokak;644171
SİVAS;KOYULHİSAR;TUĞLADAĞI;41. SOKAK;sokak;637866
SİVAS;KOYULHİSAR;TUĞLADAĞI;42. SOKAK;sokak;637867
SİVAS;KOYULHİSAR;TUĞLADAĞI;43. SOKAK;sokak;637868
SİVAS;KOYULHİSAR;TUĞLADAĞI;44. SOKAK;sokak;1512113
SİVAS;KOYULHİSAR;TUĞLADAĞI;6. SOKAK;sokak;645458
SİVAS;KOYULHİSAR;TUĞLADAĞI;8. SOKAK;sokak;642915
SİVAS;KOYULHİSAR;TUĞLADAĞI;9. SOKAK;sokak;642778
SİVAS;KOYULHİSAR;TUĞLADAĞI;AYDOĞDU 1 SOKAK;sokak;532274010
SİVAS;KOYULHİSAR;TUĞLADAĞI;AYDOĞDU CADDE;cadde;86535
SİVAS;KOYULHİSAR;TUĞLADAĞI;BAHÇELİ EVLER CADDE;cadde;642495
SİVAS;KOYULHİSAR;TUĞLADAĞI;BASMAZLI SOKAK;sokak;330278
SİVAS;KOYULHİSAR;TUĞLADAĞI;BATMAZ KÜME EVLER;sokak;45143
SİVAS;KOYULHİSAR;TUĞLADAĞI;CAFARLAR KÜME EVLER;sokak;644875
SİVAS;KOYULHİSAR;TUĞLADAĞI;CEMİL ODYAKMAZ CADDE;cadde;641405
SİVAS;KOYULHİSAR;TUĞLADAĞI;CENNET SOKAK;sokak;645720
SİVAS;KOYULHİSAR;TUĞLADAĞI;ELVESİ KÜME EVLER;sokak;330279
SİVAS;KOYULHİSAR;TUĞLADAĞI;ESENKENT 1 CADDE;cadde;82343
SİVAS;KOYULHİSAR;TUĞLADAĞI;ESENKENT 2 CADDE;cadde;643120
SİVAS;KOYULHİSAR;TUĞLADAĞI;ESENKENT 3 CADDE;cadde;82351
SİVAS;KOYULHİSAR;TUĞLADAĞI;ESENKENT 4 CADDE;cadde;1511533
SİVAS;KOYULHİSAR;TUĞLADAĞI;ESENKENT 5 CADDE;cadde;1511535
SİVAS;KOYULHİSAR;TUĞLADAĞI;ESENKENT CADDE;cadde;82335
SİVAS;KOYULHİSAR;TUĞLADAĞI;MEHMET AKİF ERSOY SOKAK;sokak;330280
SİVAS;KOYULHİSAR;TUĞLADAĞI;ÖMER FİKRİ YILDIRIM SOKAK;sokak;1496847
SİVAS;KOYULHİSAR;TUĞLADAĞI;RECEPLİ SOKAK;sokak;330281
SİVAS;KOYULHİSAR;TUĞLADAĞI;SİVAS ORDU BULVAR;sokak;107865490
SİVAS;KOYULHİSAR;TUĞLADAĞI;SUBAŞI SOKAK;sokak;709638
SİVAS;KOYULHİSAR;TUĞLADAĞI;ŞEHİT ASKER ERGİN KELEŞ SOKAK;sokak;645454
SİVAS;KOYULHİSAR;TUĞLADAĞI;ŞEHİT ASKER SEDAİ ÖZER SOKAK;sokak;641566
SİVAS;KOYULHİSAR;TUĞLADAĞI;ŞEHİT JANDARMA ASTSUBAY BAŞÇAVUŞ SIDDIK ULUOCAK SOKAK;sokak;643129
SİVAS;KOYULHİSAR;TUĞLADAĞI;ŞEHİT JANDARMA ER NUH KAYA SOKAK;sokak;645724
SİVAS;KOYULHİSAR;TUĞLADAĞI;TOKAT ERZİNCAN BULVAR;sokak;832099400
SİVAS;KOYULHİSAR;TUĞLADAĞI;TUĞLADAĞI YENİYOL1 SOKAK;sokak;953353110
SİVAS;KOYULHİSAR;TUĞLADAĞI;TUĞLADAĞI YENİYOL2 SOKAK;sokak;485476991
SİVAS;KOYULHİSAR;TUĞLADAĞI;TUĞLADAĞI YENİYOL3 SOKAK;sokak;291062420
SİVAS;KOYULHİSAR;TUĞLADAĞI;TUĞLADAĞI YENİYOL4 SOKAK;sokak;980816310
SİVAS;KOYULHİSAR;TUĞLADAĞI;TUĞLADAĞI YENİYOL5 SOKAK;sokak;409191280
SİVAS;KOYULHİSAR;TUĞLADAĞI;TUĞLADAĞI YENİYOL6 SOKAK;sokak;157334880
SİVAS;KOYULHİSAR;TUĞLADAĞI;TUĞLADAĞI YENİYOL8 SOKAK;sokak;284405350
SİVAS;KOYULHİSAR;TUĞLADAĞI;USTAGİL KÜME EVLER;sokak;645721
SİVAS;KOYULHİSAR;YAĞCILAR - YAĞCILAR YAYLASI;YAĞCILAR YAYLASI KÜME EVLER;sokak;620702
SİVAS;KOYULHİSAR;YAĞCILAR NA;YAĞCILAR KÜME EVLER;sokak;609902
SİVAS;KOYULHİSAR;YALNIZTEPE - KALINPINAR;KALINPINAR KÜME EVLER;sokak;261699
SİVAS;KOYULHİSAR;YALNIZTEPE - KARTALLI;KARTALLI KÜME EVLER;sokak;665979
SİVAS;KOYULHİSAR;YALNIZTEPE - YAĞMURLU;YAĞMURLU KÜME EVLER;sokak;176896
SİVAS;KOYULHİSAR;YALNIZTEPE - YEMİŞLİ;YEMİŞLİ KÜME EVLER;sokak;658140
SİVAS;KOYULHİSAR;YALNIZTEPE NA;YALNIZTEPE KÜME EVLER;sokak;637375
SİVAS;KOYULHİSAR;YENİARSLAN - YENİASLAN YAYLASI;YENİASLAN YAYLASI KÜME EVLER;sokak;619885
SİVAS;KOYULHİSAR;YENİARSLAN NA;YENİARSLAN KÜME EVLER;sokak;616159
SİVAS;KOYULHİSAR;YENİCE - YENİCE YAYLASI;YENİCE YAYLASI KÜME EVLER;sokak;660306
SİVAS;KOYULHİSAR;YENİCE NA;YENİCE KÜME EVLER;sokak;651513
SİVAS;KOYULHİSAR;YEŞİLYURT - KÜMBET;KÜMBET KÜME EVLER;sokak;625430
SİVAS;KOYULHİSAR;YEŞİLYURT NA;YEŞİLYURT KÜME EVLER;sokak;86472
SİVAS;KOYULHİSAR;YOLÜSTÜ - YAPI MH.;YAPI MH. KÜME EVLER;sokak;341270
SİVAS;KOYULHİSAR;YOLÜSTÜ NA;YOLÜSTÜ KÜME EVLER;sokak;106120
SİVAS;KOYULHİSAR;YUKARIKALE;BİNEKTAŞI SOKAK;sokak;686664
SİVAS;KOYULHİSAR;YUKARIKALE;İNCİRLİ TARLA SOKAK;sokak;83443
SİVAS;KOYULHİSAR;YUKARIKALE;KALINPINAR YAYLASI SOKAK;sokak;686667
SİVAS;KOYULHİSAR;YUKARIKALE;KÖPRÜ BAŞI SOKAK;sokak;684223
SİVAS;KOYULHİSAR;YUKARIKALE;MERKEZ SOKAK;sokak;83458
SİVAS;KOYULHİSAR;YUKARIKALE;TOKAT ERZİNCAN BULVAR;sokak;210807830
SİVAS;KOYULHİSAR;YUKARIKALE;TOPÇULU SOKAK;sokak;686005
SİVAS;KOYULHİSAR;YUKARIKALE;YUKARIKALE YOLU 1 SOKAK;sokak;239378320
SİVAS;KOYULHİSAR;YUKARIKALE;YUKARIKALE YOLU 10 SOKAK;sokak;322175980
SİVAS;KOYULHİSAR;YUKARIKALE;YUKARIKALE YOLU 11 SOKAK;sokak;308872360
SİVAS;KOYULHİSAR;YUKARIKALE;YUKARIKALE YOLU 12 SOKAK;sokak;487764620
SİVAS;KOYULHİSAR;YUKARIKALE;YUKARIKALE YOLU 13 SOKAK;sokak;531890560
SİVAS;KOYULHİSAR;YUKARIKALE;YUKARIKALE YOLU 14 SOKAK;sokak;136543550
SİVAS;KOYULHİSAR;YUKARIKALE;YUKARIKALE YOLU 15 SOKAK;sokak;323746050
SİVAS;KOYULHİSAR;YUKARIKALE;YUKARIKALE YOLU 16 SOKAK;sokak;117323850
SİVAS;KOYULHİSAR;YUKARIKALE;YUKARIKALE YOLU 17 SOKAK;sokak;173676650
SİVAS;KOYULHİSAR;YUKARIKALE;YUKARIKALE YOLU 18 SOKAK;sokak;254741640
SİVAS;KOYULHİSAR;YUKARIKALE;YUKARIKALE YOLU 19 SOKAK;sokak;560608330
SİVAS;KOYULHİSAR;YUKARIKALE;YUKARIKALE YOLU 2 SOKAK;sokak;777507500
SİVAS;KOYULHİSAR;YUKARIKALE;YUKARIKALE YOLU 20 SOKAK;sokak;727574790
SİVAS;KOYULHİSAR;YUKARIKALE;YUKARIKALE YOLU 21 SOKAK;sokak;521088830
SİVAS;KOYULHİSAR;YUKARIKALE;YUKARIKALE YOLU 3 SOKAK;sokak;277582590
SİVAS;KOYULHİSAR;YUKARIKALE;YUKARIKALE YOLU 5 SOKAK;sokak;387915700
SİVAS;KOYULHİSAR;YUKARIKALE;YUKARIKALE YOLU 6 SOKAK;sokak;427953360
SİVAS;KOYULHİSAR;YUKARIKALE;YUKARIKALE YOLU 7 SOKAK;sokak;343719550
SİVAS;KOYULHİSAR;YUKARIKALE;YUKARIKALE YOLU 9 SOKAK;sokak;532624810
SİVAS;KOYULHİSAR;YUKARIKALE;YUKARIKALE YOLU8 SOKAK;sokak;999327090
SİVAS;MERKEZ;ABDULVAHABİGAZİ;44-1. SOKAK;sokak;335556
SİVAS;MERKEZ;ABDULVAHABİGAZİ;44-10. SOKAK;sokak;335557
SİVAS;MERKEZ;ABDULVAHABİGAZİ;44-11. SOKAK;sokak;749420
SİVAS;MERKEZ;ABDULVAHABİGAZİ;44-12. SOKAK;sokak;335558
SİVAS;MERKEZ;ABDULVAHABİGAZİ;44-13. SOKAK;sokak;335559
SİVAS;MERKEZ;ABDULVAHABİGAZİ;44-14. SOKAK;sokak;936402
SİVAS;MERKEZ;ABDULVAHABİGAZİ;44-15. SOKAK;sokak;472197
SİVAS;MERKEZ;ABDULVAHABİGAZİ;44-16. SOKAK;sokak;335561
SİVAS;MERKEZ;ABDULVAHABİGAZİ;44-17. SOKAK;sokak;335562
SİVAS;MERKEZ;ABDULVAHABİGAZİ;44-18. SOKAK;sokak;472198
SİVAS;MERKEZ;ABDULVAHABİGAZİ;44-19. SOKAK;sokak;335563
SİVAS;MERKEZ;ABDULVAHABİGAZİ;44-2. SOKAK;sokak;335564
SİVAS;MERKEZ;ABDULVAHABİGAZİ;44-3. SOKAK;sokak;335565
SİVAS;MERKEZ;ABDULVAHABİGAZİ;44-4. SOKAK;sokak;472199
SİVAS;MERKEZ;ABDULVAHABİGAZİ;44-5. SOKAK;sokak;335566
SİVAS;MERKEZ;ABDULVAHABİGAZİ;44-6. SOKAK;sokak;335567
SİVAS;MERKEZ;ABDULVAHABİGAZİ;44-7. SOKAK;sokak;472200
SİVAS;MERKEZ;ABDULVAHABİGAZİ;44-9. SOKAK;sokak;335569
SİVAS;MERKEZ;ABDULVAHABİGAZİ;ABDULVAHAB GAZİ CADDE;cadde;472201
SİVAS;MERKEZ;ABDULVAHABİGAZİ;AŞIK VEYSEL BULVAR;sokak;472202
SİVAS;MERKEZ;ABDULVAHABİGAZİ;BAHADIR SOKAK;sokak;335560
SİVAS;MERKEZ;ABDULVAHABİGAZİ;ÇAĞLAYAN SOKAK;sokak;335572
SİVAS;MERKEZ;ABDULVAHABİGAZİ;GAZİ SOKAK;sokak;335570
SİVAS;MERKEZ;ABDULVAHABİGAZİ;KIYI SOKAK;sokak;714997
SİVAS;MERKEZ;ABDULVAHABİGAZİ;SEYİT ONBAŞI SOKAK;sokak;335573
SİVAS;MERKEZ;ABDULVAHABİGAZİ;ŞEHİT SOKAK;sokak;335571
SİVAS;MERKEZ;ACIDERE NA;ACIDERE KÜME EVLER;sokak;658365
SİVAS;MERKEZ;ACIPINAR NA;ACIPINAR KÜME EVLER;sokak;105515
SİVAS;MERKEZ;AĞILKAYA NA;AĞILKAYA KÜME EVLER;sokak;652521
SİVAS;MERKEZ;AHMET TURANGAZİ;74-1. SOKAK;sokak;211200
SİVAS;MERKEZ;AHMET TURANGAZİ;74-10. SOKAK;sokak;50188
SİVAS;MERKEZ;AHMET TURANGAZİ;74-11. SOKAK;sokak;50153
SİVAS;MERKEZ;AHMET TURANGAZİ;74-12. SOKAK;sokak;995392
SİVAS;MERKEZ;AHMET TURANGAZİ;74-13. SOKAK;sokak;995251
SİVAS;MERKEZ;AHMET TURANGAZİ;74-14. SOKAK;sokak;995255
SİVAS;MERKEZ;AHMET TURANGAZİ;74-15. SOKAK;sokak;939005
SİVAS;MERKEZ;AHMET TURANGAZİ;74-16. SOKAK;sokak;211206
SİVAS;MERKEZ;AHMET TURANGAZİ;74-17. SOKAK;sokak;343086
SİVAS;MERKEZ;AHMET TURANGAZİ;74-18. SOKAK;sokak;995257
SİVAS;MERKEZ;AHMET TURANGAZİ;74-19. SOKAK;sokak;995259
SİVAS;MERKEZ;AHMET TURANGAZİ;74-2. SOKAK;sokak;211201
SİVAS;MERKEZ;AHMET TURANGAZİ;74-20. SOKAK;sokak;939162
SİVAS;MERKEZ;AHMET TURANGAZİ;74-21. SOKAK;sokak;186037
SİVAS;MERKEZ;AHMET TURANGAZİ;74-22. SOKAK;sokak;911496
SİVAS;MERKEZ;AHMET TURANGAZİ;74-23. SOKAK;sokak;186040
SİVAS;MERKEZ;AHMET TURANGAZİ;74-24. SOKAK;sokak;211203
SİVAS;MERKEZ;AHMET TURANGAZİ;74-25. SOKAK;sokak;186039
SİVAS;MERKEZ;AHMET TURANGAZİ;74-26. SOKAK;sokak;186042
SİVAS;MERKEZ;AHMET TURANGAZİ;74-27. SOKAK;sokak;186044
SİVAS;MERKEZ;AHMET TURANGAZİ;74-28. SOKAK;sokak;211208
SİVAS;MERKEZ;AHMET TURANGAZİ;74-29. SOKAK;sokak;722696
SİVAS;MERKEZ;AHMET TURANGAZİ;74-3. SOKAK;sokak;186034
SİVAS;MERKEZ;AHMET TURANGAZİ;74-30. SOKAK;sokak;78475
SİVAS;MERKEZ;AHMET TURANGAZİ;74-31. SOKAK;sokak;185261
SİVAS;MERKEZ;AHMET TURANGAZİ;74-32. SOKAK;sokak;917294
SİVAS;MERKEZ;AHMET TURANGAZİ;74-33. SOKAK;sokak;917295
SİVAS;MERKEZ;AHMET TURANGAZİ;74-34. SOKAK;sokak;917292
SİVAS;MERKEZ;AHMET TURANGAZİ;74-35. SOKAK;sokak;852066
SİVAS;MERKEZ;AHMET TURANGAZİ;74-36. SOKAK;sokak;945212
SİVAS;MERKEZ;AHMET TURANGAZİ;74-37. SOKAK;sokak;894775
SİVAS;MERKEZ;AHMET TURANGAZİ;74-38. SOKAK;sokak;911497
SİVAS;MERKEZ;AHMET TURANGAZİ;74-39. SOKAK;sokak;939161
SİVAS;MERKEZ;AHMET TURANGAZİ;74-4. SOKAK;sokak;995245
SİVAS;MERKEZ;AHMET TURANGAZİ;74-40. SOKAK;sokak;911498
SİVAS;MERKEZ;AHMET TURANGAZİ;74-41. SOKAK;sokak;211207
SİVAS;MERKEZ;AHMET TURANGAZİ;74-42. SOKAK;sokak;938968
SİVAS;MERKEZ;AHMET TURANGAZİ;74-43. SOKAK;sokak;938966
SİVAS;MERKEZ;AHMET TURANGAZİ;74-44. SOKAK;sokak;211170
SİVAS;MERKEZ;AHMET TURANGAZİ;74-45. SOKAK;sokak;211204
SİVAS;MERKEZ;AHMET TURANGAZİ;74-46. SOKAK;sokak;724368
SİVAS;MERKEZ;AHMET TURANGAZİ;74-47. SOKAK;sokak;186035
SİVAS;MERKEZ;AHMET TURANGAZİ;74-48. SOKAK;sokak;386274
SİVAS;MERKEZ;AHMET TURANGAZİ;74-49. SOKAK;sokak;186043
SİVAS;MERKEZ;AHMET TURANGAZİ;74-5. SOKAK;sokak;995247
SİVAS;MERKEZ;AHMET TURANGAZİ;74-50. SOKAK;sokak;722699
SİVAS;MERKEZ;AHMET TURANGAZİ;74-51. SOKAK;sokak;725067
SİVAS;MERKEZ;AHMET TURANGAZİ;74-52. SOKAK;sokak;185262
SİVAS;MERKEZ;AHMET TURANGAZİ;74-53. SOKAK;sokak;298670
SİVAS;MERKEZ;AHMET TURANGAZİ;74-54. SOKAK;sokak;728257
SİVAS;MERKEZ;AHMET TURANGAZİ;74-55. SOKAK;sokak;732903
SİVAS;MERKEZ;AHMET TURANGAZİ;74-56. SOKAK;sokak;917297
SİVAS;MERKEZ;AHMET TURANGAZİ;74-57. SOKAK;sokak;909409
SİVAS;MERKEZ;AHMET TURANGAZİ;74-58. SOKAK;sokak;938964
SİVAS;MERKEZ;AHMET TURANGAZİ;74-59. SOKAK;sokak;938963
SİVAS;MERKEZ;AHMET TURANGAZİ;74-6. SOKAK;sokak;724784
SİVAS;MERKEZ;AHMET TURANGAZİ;74-60. SOKAK;sokak;938962
SİVAS;MERKEZ;AHMET TURANGAZİ;74-61. SOKAK;sokak;1432441
SİVAS;MERKEZ;AHMET TURANGAZİ;74-62. SOKAK;sokak;1432463
SİVAS;MERKEZ;AHMET TURANGAZİ;74-63. SOKAK;sokak;1432445
SİVAS;MERKEZ;AHMET TURANGAZİ;74-68. SOKAK;sokak;888094391
SİVAS;MERKEZ;AHMET TURANGAZİ;74-69. SOKAK;sokak;260676781
SİVAS;MERKEZ;AHMET TURANGAZİ;74-7. SOKAK;sokak;730020
SİVAS;MERKEZ;AHMET TURANGAZİ;74-70.SK SOKAK;sokak;461504541
SİVAS;MERKEZ;AHMET TURANGAZİ;74-77. SOKAK;sokak;1432447
SİVAS;MERKEZ;AHMET TURANGAZİ;74-78. SOKAK;sokak;1432449
SİVAS;MERKEZ;AHMET TURANGAZİ;74-79. SOKAK;sokak;1432451
SİVAS;MERKEZ;AHMET TURANGAZİ;74-8. SOKAK;sokak;730017
SİVAS;MERKEZ;AHMET TURANGAZİ;74-81. SOKAK;sokak;313185950
SİVAS;MERKEZ;AHMET TURANGAZİ;74-9. SOKAK;sokak;995249
SİVAS;MERKEZ;AHMET TURANGAZİ;AHMET TURAN CADDE;cadde;909418
SİVAS;MERKEZ;AHMET TURANGAZİ;AKYOKUŞ CADDE;cadde;186041
SİVAS;MERKEZ;AHMET TURANGAZİ;ALPEREN CADDE;cadde;186036
SİVAS;MERKEZ;AHMET TURANGAZİ;ASİLZADE CADDE;cadde;211205
SİVAS;MERKEZ;AHMET TURANGAZİ;BİLGE KAĞAN CADDE;cadde;995267
SİVAS;MERKEZ;AHMET TURANGAZİ;DOĞU CADDE;cadde;938967
SİVAS;MERKEZ;AHMET TURANGAZİ;HANZADE CADDE;cadde;186038
SİVAS;MERKEZ;AHMET TURANGAZİ;HÜDAYİ CADDE;cadde;186045
SİVAS;MERKEZ;AHMET TURANGAZİ;MENZİL CADDE;cadde;938965
SİVAS;MERKEZ;AHMET TURANGAZİ;NECMETTİN ERBAKAN CADDE;cadde;941224
SİVAS;MERKEZ;AHMET TURANGAZİ;SEHERYELİ CADDE;cadde;723394
SİVAS;MERKEZ;AHMET TURANGAZİ;SÖĞÜTDALI SOKAK;sokak;1000205
SİVAS;MERKEZ;AHMET TURANGAZİ;SULTAN ŞEHİR BULVAR;sokak;925217
SİVAS;MERKEZ;AHMET TURANGAZİ;ŞEHİT AHMET EYCE CADDE;cadde;211178
SİVAS;MERKEZ;AHMET TURANGAZİ;ŞEHİT SONER MÜŞTERİ CADDE;cadde;995261
SİVAS;MERKEZ;AHMETTURANGAZİ OSB;OSB 4_1 CADDE;cadde;916658
SİVAS;MERKEZ;AHMETTURANGAZİ OSB;OSB 5_1 CADDE;cadde;916616
SİVAS;MERKEZ;AHMETTURANGAZİ OSB;OSB 6_1 CADDE;cadde;916614
SİVAS;MERKEZ;AHMETTURANGAZİ OSB;OSB 7 CADDE;cadde;916659
SİVAS;MERKEZ;AHMETTURANGAZİ OSB;OSB-10 SOKAK;sokak;916663
SİVAS;MERKEZ;AHMETTURANGAZİ OSB;OSB-11 SOKAK;sokak;916664
SİVAS;MERKEZ;AHMETTURANGAZİ OSB;OSB-12 SOKAK;sokak;916666
SİVAS;MERKEZ;AHMETTURANGAZİ OSB;OSB-13 SOKAK;sokak;916667
SİVAS;MERKEZ;AHMETTURANGAZİ OSB;OSB-14 SOKAK;sokak;916668
SİVAS;MERKEZ;AHMETTURANGAZİ OSB;OSB-15 SOKAK;sokak;916669
SİVAS;MERKEZ;AHMETTURANGAZİ OSB;OSB-16 SOKAK;sokak;916670
SİVAS;MERKEZ;AHMETTURANGAZİ OSB;OSB-17 SOKAK;sokak;916671
SİVAS;MERKEZ;AHMETTURANGAZİ OSB;OSB-18 SOKAK;sokak;916672
SİVAS;MERKEZ;AHMETTURANGAZİ OSB;OSB-19 SOKAK;sokak;916673
SİVAS;MERKEZ;AHMETTURANGAZİ OSB;OSB-20 SOKAK;sokak;916675
SİVAS;MERKEZ;AHMETTURANGAZİ OSB;OSB-21 SOKAK;sokak;916676
SİVAS;MERKEZ;AHMETTURANGAZİ OSB;OSB-22 SOKAK;sokak;916677
SİVAS;MERKEZ;AHMETTURANGAZİ OSB;OSB-7 SOKAK;sokak;916660
SİVAS;MERKEZ;AHMETTURANGAZİ OSB;OSB-8 SOKAK;sokak;916661
SİVAS;MERKEZ;AHMETTURANGAZİ OSB;OSB-9 SOKAK;sokak;916662
SİVAS;MERKEZ;AKÇAHAN - SARIHASAN;SARIHASAN KÜME EVLER;sokak;753886
SİVAS;MERKEZ;AKÇAHAN NA;AKÇAHAN KÜME EVLER;sokak;678760
SİVAS;MERKEZ;AKÇAİNİŞ NA;AKÇAİNİŞ KÜME EVLER;sokak;689099
SİVAS;MERKEZ;AKÇAMESCİT NA;AKÇAMESCİT KÜME EVLER;sokak;149625
SİVAS;MERKEZ;AKDEĞİRMEN;18-1 KÜME EVLER;sokak;966364
SİVAS;MERKEZ;AKDEĞİRMEN;18-1. SOKAK;sokak;472207
SİVAS;MERKEZ;AKDEĞİRMEN;18-10. SOKAK;sokak;335584
SİVAS;MERKEZ;AKDEĞİRMEN;18-11. SOKAK;sokak;335585
SİVAS;MERKEZ;AKDEĞİRMEN;18-12. SOKAK;sokak;472208
SİVAS;MERKEZ;AKDEĞİRMEN;18-13. SOKAK;sokak;335586
SİVAS;MERKEZ;AKDEĞİRMEN;18-14. SOKAK;sokak;335587
SİVAS;MERKEZ;AKDEĞİRMEN;18-15. SOKAK;sokak;472209
SİVAS;MERKEZ;AKDEĞİRMEN;18-16. SOKAK;sokak;335588
SİVAS;MERKEZ;AKDEĞİRMEN;18-17. SOKAK;sokak;335589
SİVAS;MERKEZ;AKDEĞİRMEN;18-18. SOKAK;sokak;472210
SİVAS;MERKEZ;AKDEĞİRMEN;18-19. SOKAK;sokak;335590
SİVAS;MERKEZ;AKDEĞİRMEN;18-2. SOKAK;sokak;335591
SİVAS;MERKEZ;AKDEĞİRMEN;18-20. SOKAK;sokak;335592
SİVAS;MERKEZ;AKDEĞİRMEN;18-21. SOKAK;sokak;472211
SİVAS;MERKEZ;AKDEĞİRMEN;18-22. SOKAK;sokak;335593
SİVAS;MERKEZ;AKDEĞİRMEN;18-23. SOKAK;sokak;472212
SİVAS;MERKEZ;AKDEĞİRMEN;18-24. SOKAK;sokak;335594
SİVAS;MERKEZ;AKDEĞİRMEN;18-25. SOKAK;sokak;335595
SİVAS;MERKEZ;AKDEĞİRMEN;18-26. SOKAK;sokak;472213
SİVAS;MERKEZ;AKDEĞİRMEN;18-3. SOKAK;sokak;335596
SİVAS;MERKEZ;AKDEĞİRMEN;18-4. SOKAK;sokak;335597
SİVAS;MERKEZ;AKDEĞİRMEN;18-5. SOKAK;sokak;335598
SİVAS;MERKEZ;AKDEĞİRMEN;18-6. SOKAK;sokak;335599
SİVAS;MERKEZ;AKDEĞİRMEN;18-7. SOKAK;sokak;335600
SİVAS;MERKEZ;AKDEĞİRMEN;18-8. SOKAK;sokak;472215
SİVAS;MERKEZ;AKDEĞİRMEN;18-9. SOKAK;sokak;335601
SİVAS;MERKEZ;AKDEĞİRMEN;AKDEĞİRMEN CADDE;cadde;335574
SİVAS;MERKEZ;AKDEĞİRMEN;BEKTAŞLAR KÜME EVLER;sokak;472203
SİVAS;MERKEZ;AKDEĞİRMEN;BEZİRCİ CADDE;cadde;335575
SİVAS;MERKEZ;AKDEĞİRMEN;ÇAĞATAY CADDE;cadde;957638
SİVAS;MERKEZ;AKDEĞİRMEN;ÇAĞLAYAN YOLU SOKAK;sokak;917226
SİVAS;MERKEZ;AKDEĞİRMEN;DİSPANSER SOKAK;sokak;472204
SİVAS;MERKEZ;AKDEĞİRMEN;ETEMBEY SOKAK;sokak;939278
SİVAS;MERKEZ;AKDEĞİRMEN;FİDANLIK CADDE;cadde;939012
SİVAS;MERKEZ;AKDEĞİRMEN;HALİS BEY SOKAK;sokak;335577
SİVAS;MERKEZ;AKDEĞİRMEN;HİKMET BORAN CADDE;cadde;939270
SİVAS;MERKEZ;AKDEĞİRMEN;HÖLLÜKLÜK CADDE;cadde;335578
SİVAS;MERKEZ;AKDEĞİRMEN;KEPENEK CADDE;cadde;472205
SİVAS;MERKEZ;AKDEĞİRMEN;MEHMET AKİF ERSOY CADDE;cadde;335579
SİVAS;MERKEZ;AKDEĞİRMEN;NİKSAR CADDE;cadde;335580
SİVAS;MERKEZ;AKDEĞİRMEN;ŞEHİT ÖMER HALİSDEMİR CADDE;cadde;1223375
SİVAS;MERKEZ;AKDEĞİRMEN;ŞİRİN SOKAK;sokak;472214
SİVAS;MERKEZ;AKDEĞİRMEN;TAVRA DERESİ KÜME EVLER;sokak;335581
SİVAS;MERKEZ;AKDEĞİRMEN;TÜRKOĞLU SOKAK;sokak;472206
SİVAS;MERKEZ;AKDEĞİRMEN;UĞUR SOKAK;sokak;221585
SİVAS;MERKEZ;AKDEĞİRMEN;VALİ KONAĞI SOKAK;sokak;335582
SİVAS;MERKEZ;AKDEĞİRMEN;VALİ VARİNLİ CADDE;cadde;335583
SİVAS;MERKEZ;AKKOÇ - HÜSEYİN AĞA;HÜSEYİN AĞA KÜME EVLER;sokak;656672
SİVAS;MERKEZ;AKKOÇ - KÖR İSMAİL;KÖR İSMAİL KÜME EVLER;sokak;658780
SİVAS;MERKEZ;AKKOÇ - KÖRHASAN;KÖRHASAN KÜME EVLER;sokak;655530
SİVAS;MERKEZ;AKKOÇ NA;AKKOÇ KÜME EVLER;sokak;659302
SİVAS;MERKEZ;AKKUZULU NA;AKKUZULU KÜME EVLER;sokak;693756
SİVAS;MERKEZ;AKÖREN NA;AKÖREN KÜME EVLER;sokak;603474
SİVAS;MERKEZ;AKPINAR - ÇEVRİM ÇAYIR;ÇEVRİM ÇAYIR KÜME EVLER;sokak;660104
SİVAS;MERKEZ;AKPINAR - DERVENT;DERVENT KÜME EVLER;sokak;659533
SİVAS;MERKEZ;AKPINAR - GÖĞÜSAĞILI;GÖĞÜSSAĞILI KÜME EVLER;sokak;659253
SİVAS;MERKEZ;AKPINAR - YENİKÖY;YENİKÖY KÜME EVLER;sokak;659779
SİVAS;MERKEZ;AKPINAR NA;AKPINAR KÜME EVLER;sokak;655486
SİVAS;MERKEZ;ALAHACI NA;ALAHACI KÜME EVLER;sokak;685546
SİVAS;MERKEZ;ALİBABA;42-1. SOKAK;sokak;472216
SİVAS;MERKEZ;ALİBABA;42-10. SOKAK;sokak;335604
SİVAS;MERKEZ;ALİBABA;42-100. SOKAK;sokak;648102
SİVAS;MERKEZ;ALİBABA;42-101. SOKAK;sokak;472217
SİVAS;MERKEZ;ALİBABA;42-102. SOKAK;sokak;171666
SİVAS;MERKEZ;ALİBABA;42-103. SOKAK;sokak;335605
SİVAS;MERKEZ;ALİBABA;42-104. SOKAK;sokak;335606
SİVAS;MERKEZ;ALİBABA;42-105. SOKAK;sokak;176910
SİVAS;MERKEZ;ALİBABA;42-106. SOKAK;sokak;472218
SİVAS;MERKEZ;ALİBABA;42-107. SOKAK;sokak;335607
SİVAS;MERKEZ;ALİBABA;42-108. SOKAK;sokak;335608
SİVAS;MERKEZ;ALİBABA;42-109. SOKAK;sokak;69027
SİVAS;MERKEZ;ALİBABA;42-110. SOKAK;sokak;173934
SİVAS;MERKEZ;ALİBABA;42-111. SOKAK;sokak;173935
SİVAS;MERKEZ;ALİBABA;42-112. SOKAK;sokak;173951
SİVAS;MERKEZ;ALİBABA;42-113. SOKAK;sokak;173965
SİVAS;MERKEZ;ALİBABA;42-114. SOKAK;sokak;260388
SİVAS;MERKEZ;ALİBABA;42-115. SOKAK;sokak;216019
SİVAS;MERKEZ;ALİBABA;42-116. SOKAK;sokak;666035
SİVAS;MERKEZ;ALİBABA;42-117. SOKAK;sokak;91088
SİVAS;MERKEZ;ALİBABA;42-118. SOKAK;sokak;398045
SİVAS;MERKEZ;ALİBABA;42-119. SOKAK;sokak;91093
SİVAS;MERKEZ;ALİBABA;42-12. SOKAK;sokak;335609
SİVAS;MERKEZ;ALİBABA;42-120. SOKAK;sokak;91094
SİVAS;MERKEZ;ALİBABA;42-121. SOKAK;sokak;157368
SİVAS;MERKEZ;ALİBABA;42-122. SOKAK;sokak;162889
SİVAS;MERKEZ;ALİBABA;42-123. SOKAK;sokak;162890
SİVAS;MERKEZ;ALİBABA;42-124. SOKAK;sokak;91419
SİVAS;MERKEZ;ALİBABA;42-125. SOKAK;sokak;475687
SİVAS;MERKEZ;ALİBABA;42-126. SOKAK;sokak;422650
SİVAS;MERKEZ;ALİBABA;42-127. SOKAK;sokak;422651
SİVAS;MERKEZ;ALİBABA;42-128. SOKAK;sokak;423335
SİVAS;MERKEZ;ALİBABA;42-129. SOKAK;sokak;157906
SİVAS;MERKEZ;ALİBABA;42-13. SOKAK;sokak;335610
SİVAS;MERKEZ;ALİBABA;42-131. SOKAK;sokak;665114
SİVAS;MERKEZ;ALİBABA;42-132. SOKAK;sokak;665115
SİVAS;MERKEZ;ALİBABA;42-133. SOKAK;sokak;663399
SİVAS;MERKEZ;ALİBABA;42-134. SOKAK;sokak;816205
SİVAS;MERKEZ;ALİBABA;42-14. SOKAK;sokak;472220
SİVAS;MERKEZ;ALİBABA;42-15. SOKAK;sokak;335611
SİVAS;MERKEZ;ALİBABA;42-16. SOKAK;sokak;335612
SİVAS;MERKEZ;ALİBABA;42-17. SOKAK;sokak;472221
SİVAS;MERKEZ;ALİBABA;42-18. SOKAK;sokak;335614
SİVAS;MERKEZ;ALİBABA;42-19. SOKAK;sokak;335615
SİVAS;MERKEZ;ALİBABA;42-2. SOKAK;sokak;472222
SİVAS;MERKEZ;ALİBABA;42-20. SOKAK;sokak;343861
SİVAS;MERKEZ;ALİBABA;42-21. SOKAK;sokak;343862
SİVAS;MERKEZ;ALİBABA;42-22. SOKAK;sokak;472223
SİVAS;MERKEZ;ALİBABA;42-23. SOKAK;sokak;343863
SİVAS;MERKEZ;ALİBABA;42-24. SOKAK;sokak;343864
SİVAS;MERKEZ;ALİBABA;42-25. SOKAK;sokak;472224
SİVAS;MERKEZ;ALİBABA;42-26. SOKAK;sokak;343865
SİVAS;MERKEZ;ALİBABA;42-27. SOKAK;sokak;343866
SİVAS;MERKEZ;ALİBABA;42-28. SOKAK;sokak;472225
SİVAS;MERKEZ;ALİBABA;42-29. SOKAK;sokak;343867
SİVAS;MERKEZ;ALİBABA;42-30. SOKAK;sokak;472226
SİVAS;MERKEZ;ALİBABA;42-31. SOKAK;sokak;343869
SİVAS;MERKEZ;ALİBABA;42-32. SOKAK;sokak;343870
SİVAS;MERKEZ;ALİBABA;42-33. SOKAK;sokak;343871
SİVAS;MERKEZ;ALİBABA;42-34. SOKAK;sokak;472227
SİVAS;MERKEZ;ALİBABA;42-35. SOKAK;sokak;343872
SİVAS;MERKEZ;ALİBABA;42-36. SOKAK;sokak;472228
SİVAS;MERKEZ;ALİBABA;42-37. SOKAK;sokak;343873
SİVAS;MERKEZ;ALİBABA;42-39. SOKAK;sokak;472229
SİVAS;MERKEZ;ALİBABA;42-4. SOKAK;sokak;343875
SİVAS;MERKEZ;ALİBABA;42-40. SOKAK;sokak;343876
SİVAS;MERKEZ;ALİBABA;42-41. SOKAK;sokak;343877
SİVAS;MERKEZ;ALİBABA;42-42. SOKAK;sokak;472230
SİVAS;MERKEZ;ALİBABA;42-43. SOKAK;sokak;343878
SİVAS;MERKEZ;ALİBABA;42-44. SOKAK;sokak;343879
SİVAS;MERKEZ;ALİBABA;42-45. SOKAK;sokak;472231
SİVAS;MERKEZ;ALİBABA;42-46. SOKAK;sokak;343880
SİVAS;MERKEZ;ALİBABA;42-47. SOKAK;sokak;343881
SİVAS;MERKEZ;ALİBABA;42-48. SOKAK;sokak;266625
SİVAS;MERKEZ;ALİBABA;42-49. SOKAK;sokak;472232
SİVAS;MERKEZ;ALİBABA;42-5. SOKAK;sokak;343882
SİVAS;MERKEZ;ALİBABA;42-50. SOKAK;sokak;343883
SİVAS;MERKEZ;ALİBABA;42-51 SOKAK;sokak;1527289
SİVAS;MERKEZ;ALİBABA;42-52. SOKAK;sokak;472233
SİVAS;MERKEZ;ALİBABA;42-53. SOKAK;sokak;649266
SİVAS;MERKEZ;ALİBABA;42-54. SOKAK;sokak;755856
SİVAS;MERKEZ;ALİBABA;42-55. SOKAK;sokak;343884
SİVAS;MERKEZ;ALİBABA;42-56. SOKAK;sokak;419423
SİVAS;MERKEZ;ALİBABA;42-57. SOKAK;sokak;416654
SİVAS;MERKEZ;ALİBABA;42-58. SOKAK;sokak;752103
SİVAS;MERKEZ;ALİBABA;42-59. SOKAK;sokak;343885
SİVAS;MERKEZ;ALİBABA;42-6. SOKAK;sokak;472234
SİVAS;MERKEZ;ALİBABA;42-60. SOKAK;sokak;760591
SİVAS;MERKEZ;ALİBABA;42-61. SOKAK;sokak;752104
SİVAS;MERKEZ;ALİBABA;42-62. SOKAK;sokak;266627
SİVAS;MERKEZ;ALİBABA;42-63. SOKAK;sokak;648253
SİVAS;MERKEZ;ALİBABA;42-64. SOKAK;sokak;84607
SİVAS;MERKEZ;ALİBABA;42-65. SOKAK;sokak;343886
SİVAS;MERKEZ;ALİBABA;42-66. SOKAK;sokak;343887
SİVAS;MERKEZ;ALİBABA;42-67. SOKAK;sokak;472235
SİVAS;MERKEZ;ALİBABA;42-68. SOKAK;sokak;650614
SİVAS;MERKEZ;ALİBABA;42-69. SOKAK;sokak;343888
SİVAS;MERKEZ;ALİBABA;42-7. SOKAK;sokak;343889
SİVAS;MERKEZ;ALİBABA;42-70. SOKAK;sokak;472236
SİVAS;MERKEZ;ALİBABA;42-71. SOKAK;sokak;656212
SİVAS;MERKEZ;ALİBABA;42-72. SOKAK;sokak;656368
SİVAS;MERKEZ;ALİBABA;42-73. SOKAK;sokak;343890
SİVAS;MERKEZ;ALİBABA;42-74. SOKAK;sokak;657924
SİVAS;MERKEZ;ALİBABA;42-75. SOKAK;sokak;659429
SİVAS;MERKEZ;ALİBABA;42-76. SOKAK;sokak;266630
SİVAS;MERKEZ;ALİBABA;42-77. SOKAK;sokak;654349
SİVAS;MERKEZ;ALİBABA;42-78. SOKAK;sokak;658749
SİVAS;MERKEZ;ALİBABA;42-79. SOKAK;sokak;656897
SİVAS;MERKEZ;ALİBABA;42-8. SOKAK;sokak;343891
SİVAS;MERKEZ;ALİBABA;42-80. SOKAK;sokak;467230
SİVAS;MERKEZ;ALİBABA;42-81. SOKAK;sokak;657965
SİVAS;MERKEZ;ALİBABA;42-82. SOKAK;sokak;656387
SİVAS;MERKEZ;ALİBABA;42-83. SOKAK;sokak;655602
SİVAS;MERKEZ;ALİBABA;42-84. SOKAK;sokak;330126
SİVAS;MERKEZ;ALİBABA;42-85. SOKAK;sokak;330128
SİVAS;MERKEZ;ALİBABA;42-86. SOKAK;sokak;657803
SİVAS;MERKEZ;ALİBABA;42-87. SOKAK;sokak;655537
SİVAS;MERKEZ;ALİBABA;42-88. SOKAK;sokak;648938
SİVAS;MERKEZ;ALİBABA;42-89. SOKAK;sokak;659714
SİVAS;MERKEZ;ALİBABA;42-9. SOKAK;sokak;343892
SİVAS;MERKEZ;ALİBABA;42-90. SOKAK;sokak;659721
SİVAS;MERKEZ;ALİBABA;42-91. SOKAK;sokak;48304
SİVAS;MERKEZ;ALİBABA;42-92. SOKAK;sokak;659284
SİVAS;MERKEZ;ALİBABA;42-93. SOKAK;sokak;48305
SİVAS;MERKEZ;ALİBABA;42-94. SOKAK;sokak;381223
SİVAS;MERKEZ;ALİBABA;42-95. SOKAK;sokak;767385740
SİVAS;MERKEZ;ALİBABA;42-96. SOKAK;sokak;582609020
SİVAS;MERKEZ;ALİBABA;42-97. SOKAK;sokak;648097
SİVAS;MERKEZ;ALİBABA;42-98. SOKAK;sokak;659281
SİVAS;MERKEZ;ALİBABA;42-99. SOKAK;sokak;648098
SİVAS;MERKEZ;ALİBABA;ALİ BABA CADDE;cadde;343893
SİVAS;MERKEZ;ALİBABA;AŞIK VEYSEL BULVAR;sokak;344415
SİVAS;MERKEZ;ALİBABA;AYAZLI SOKAK;sokak;90206
SİVAS;MERKEZ;ALİBABA;CANLAR SOKAK;sokak;942698
SİVAS;MERKEZ;ALİBABA;CEM SOKAK;sokak;335613
SİVAS;MERKEZ;ALİBABA;EYVAN SOKAK;sokak;1045054
SİVAS;MERKEZ;ALİBABA;GÜMÜLCİNE SOKAK;sokak;343609
SİVAS;MERKEZ;ALİBABA;GÜMÜŞDERE SOKAK;sokak;663026
SİVAS;MERKEZ;ALİBABA;GÜRPINAR SOKAK;sokak;661300
SİVAS;MERKEZ;ALİBABA;İPEK SOKAK;sokak;343608
SİVAS;MERKEZ;ALİBABA;KADİM SOKAK;sokak;467231
SİVAS;MERKEZ;ALİBABA;KARACA SOKAK;sokak;938004
SİVAS;MERKEZ;ALİBABA;KERİME SOKAK;sokak;942722
SİVAS;MERKEZ;ALİBABA;KERKÜK CADDE;cadde;335602
SİVAS;MERKEZ;ALİBABA;KONAK SOKAK;sokak;937338
SİVAS;MERKEZ;ALİBABA;KÜME EVLER KÜME EVLER;sokak;157867
SİVAS;MERKEZ;ALİBABA;MEHMET AKİF ERSOY CADDE;cadde;343894
SİVAS;MERKEZ;ALİBABA;MUSUL CADDE;cadde;653676
SİVAS;MERKEZ;ALİBABA;OZANLAR SOKAK;sokak;636933
SİVAS;MERKEZ;ALİBABA;PAPATYA SOKAK;sokak;344412
SİVAS;MERKEZ;ALİBABA;RUHSATİ BABA CADDE;cadde;344413
SİVAS;MERKEZ;ALİBABA;SERAP SOKAK;sokak;754634
SİVAS;MERKEZ;ALİBABA;SERGİ SOKAK;sokak;211537
SİVAS;MERKEZ;ALİBABA;SEYRANTEPE CADDE;cadde;344414
SİVAS;MERKEZ;ALİBABA;TATLIPINAR SOKAK;sokak;666860
SİVAS;MERKEZ;ALİBABA;TURNA SOKAK;sokak;646720
SİVAS;MERKEZ;ALİBABA;TÜRKMEN CADDE;cadde;655482
SİVAS;MERKEZ;ALİBABA;YAHYA KEMAL BEYATLI CADDE;cadde;69026
SİVAS;MERKEZ;ALİBABA;YALNIZ SOKAK;sokak;662943
SİVAS;MERKEZ;ALİBABA;YAREN SOKAK;sokak;335603
SİVAS;MERKEZ;ALİBABA;YOSUN SOKAK;sokak;661294
SİVAS;MERKEZ;ALTUNTABAK;4 EYLÜL CADDE;cadde;344431
SİVAS;MERKEZ;ALTUNTABAK;56-1. SOKAK;sokak;344416
SİVAS;MERKEZ;ALTUNTABAK;56-10. SOKAK;sokak;939580
SİVAS;MERKEZ;ALTUNTABAK;56-11. SOKAK;sokak;344418
SİVAS;MERKEZ;ALTUNTABAK;56-12. SOKAK;sokak;344419
SİVAS;MERKEZ;ALTUNTABAK;56-13. SOKAK;sokak;344420
SİVAS;MERKEZ;ALTUNTABAK;56-14. SOKAK;sokak;344421
SİVAS;MERKEZ;ALTUNTABAK;56-15. SOKAK;sokak;344422
SİVAS;MERKEZ;ALTUNTABAK;56-16. SOKAK;sokak;344423
SİVAS;MERKEZ;ALTUNTABAK;56-17. SOKAK;sokak;344424
SİVAS;MERKEZ;ALTUNTABAK;56-18. SOKAK;sokak;344425
SİVAS;MERKEZ;ALTUNTABAK;56-19. SOKAK;sokak;344426
SİVAS;MERKEZ;ALTUNTABAK;56-2. SOKAK;sokak;344427
SİVAS;MERKEZ;ALTUNTABAK;56-20. SOKAK;sokak;344428
SİVAS;MERKEZ;ALTUNTABAK;56-21. SOKAK;sokak;344429
SİVAS;MERKEZ;ALTUNTABAK;56-3. SOKAK;sokak;344430
SİVAS;MERKEZ;ALTUNTABAK;56-4. SOKAK;sokak;344432
SİVAS;MERKEZ;ALTUNTABAK;56-5. SOKAK;sokak;344433
SİVAS;MERKEZ;ALTUNTABAK;56-6. SOKAK;sokak;344434
SİVAS;MERKEZ;ALTUNTABAK;56-7. SOKAK;sokak;344435
SİVAS;MERKEZ;ALTUNTABAK;56-8. SOKAK;sokak;344436
SİVAS;MERKEZ;ALTUNTABAK;56-9. SOKAK;sokak;344437
SİVAS;MERKEZ;ALTUNTABAK;ALTUNTABAK CADDE;cadde;344438
SİVAS;MERKEZ;ALTUNTABAK;BURÇ SOKAK;sokak;945190
SİVAS;MERKEZ;ALTUNTABAK;ÇİÇEKLİ CADDE;cadde;470174
SİVAS;MERKEZ;ALTUNTABAK;HALİL RIFATPAŞA CADDE;cadde;344439
SİVAS;MERKEZ;ALTUNTABAK;KÜTÜKLÜ SOKAK;sokak;344440
SİVAS;MERKEZ;ALTUNTABAK;NECİP FAZIL KISAKÜREK CADDE;cadde;344441
SİVAS;MERKEZ;ALTUNTABAK;PALMİYE SOKAK;sokak;944888
SİVAS;MERKEZ;ALTUNTABAK;RIZA ÇALIMBAY SOKAK;sokak;344417
SİVAS;MERKEZ;ALTUNTABAK;ŞEHİT H.İBRAHİM KOÇYİĞİT SOKAK;sokak;708907
SİVAS;MERKEZ;ALTUNTABAK;ŞENLİK SOKAK;sokak;919210
SİVAS;MERKEZ;APA NA;APA KÜME EVLER;sokak;456202
SİVAS;MERKEZ;ARMUTLU NA;ARMUTLU KÜME EVLER;sokak;650594
SİVAS;MERKEZ;ARPAYAZI NA;ARPAYAZI KÜME EVLER;sokak;91425
SİVAS;MERKEZ;ASARCIK NA;ASARCIK KÜME EVLER;sokak;636830
SİVAS;MERKEZ;AŞAĞIYILDIZLI - TEPE;TEPE KÜME EVLER;sokak;676343
SİVAS;MERKEZ;AŞAĞIYILDIZLI NA;AŞAĞIYILDIZLI KÜME EVLER;sokak;621796
SİVAS;MERKEZ;AYDOĞAN;39-1. SOKAK;sokak;344442
SİVAS;MERKEZ;AYDOĞAN;39-10. SOKAK;sokak;344443
SİVAS;MERKEZ;AYDOĞAN;39-11. SOKAK;sokak;470175
SİVAS;MERKEZ;AYDOĞAN;39-12. SOKAK;sokak;344444
SİVAS;MERKEZ;AYDOĞAN;39-13. SOKAK;sokak;344445
SİVAS;MERKEZ;AYDOĞAN;39-14. SOKAK;sokak;470176
SİVAS;MERKEZ;AYDOĞAN;39-15. SOKAK;sokak;344447
SİVAS;MERKEZ;AYDOĞAN;39-16. SOKAK;sokak;470177
SİVAS;MERKEZ;AYDOĞAN;39-17. SOKAK;sokak;344448
SİVAS;MERKEZ;AYDOĞAN;39-18. SOKAK;sokak;344449
SİVAS;MERKEZ;AYDOĞAN;39-2. SOKAK;sokak;470178
SİVAS;MERKEZ;AYDOĞAN;39-20. SOKAK;sokak;344451
SİVAS;MERKEZ;AYDOĞAN;39-21. SOKAK;sokak;344452
SİVAS;MERKEZ;AYDOĞAN;39-22. SOKAK;sokak;470179
SİVAS;MERKEZ;AYDOĞAN;39-23. SOKAK;sokak;344453
SİVAS;MERKEZ;AYDOĞAN;39-24. SOKAK;sokak;344454
SİVAS;MERKEZ;AYDOĞAN;39-25. SOKAK;sokak;470180
SİVAS;MERKEZ;AYDOĞAN;39-26. SOKAK;sokak;344455
SİVAS;MERKEZ;AYDOĞAN;39-27. SOKAK;sokak;344456
SİVAS;MERKEZ;AYDOĞAN;39-3. SOKAK;sokak;470181
SİVAS;MERKEZ;AYDOĞAN;39-4. SOKAK;sokak;344457
SİVAS;MERKEZ;AYDOĞAN;39-5. SOKAK;sokak;344458
SİVAS;MERKEZ;AYDOĞAN;39-6. SOKAK;sokak;218061
SİVAS;MERKEZ;AYDOĞAN;39-7. SOKAK;sokak;344459
SİVAS;MERKEZ;AYDOĞAN;39-8. SOKAK;sokak;618730
SİVAS;MERKEZ;AYDOĞAN;39-9. SOKAK;sokak;344460
SİVAS;MERKEZ;AYDOĞAN;ACAR SOKAK;sokak;922231
SİVAS;MERKEZ;AYDOĞAN;ARALIK SOKAK;sokak;922230
SİVAS;MERKEZ;AYDOĞAN;AYDOĞAN CADDE;cadde;470182
SİVAS;MERKEZ;AYDOĞAN;AYIŞIĞI SOKAK;sokak;919976
SİVAS;MERKEZ;AYDOĞAN;BEHRAM CADDE;cadde;344461
SİVAS;MERKEZ;AYDOĞAN;ESKİ MEZAR SOKAK;sokak;184063
SİVAS;MERKEZ;AYDOĞAN;HAYRİ SIĞIRCI BULVAR;sokak;344462
SİVAS;MERKEZ;AYDOĞAN;KARABAĞ CADDE;cadde;629534
SİVAS;MERKEZ;AYDOĞAN;NARİN SOKAK;sokak;673936
SİVAS;MERKEZ;AYDOĞAN;PÜNZÜRÜK CADDE;cadde;344463
SİVAS;MERKEZ;AYDOĞAN;SARAYBOSNA CADDE;cadde;619466
SİVAS;MERKEZ;AYDOĞAN;ŞEHİT METİN CADDE;cadde;344464
SİVAS;MERKEZ;AYDOĞAN;ŞEHİT ÜMİT ERDOĞAN SOKAK;sokak;344446
SİVAS;MERKEZ;AYDOĞAN;YENİDOĞAN CADDE;cadde;470183
SİVAS;MERKEZ;AYDOĞMUŞ NA;AYDOĞMUŞ KÜME EVLER;sokak;608244
SİVAS;MERKEZ;AYLI NA;AYLI KÜME EVLER;sokak;689400
SİVAS;MERKEZ;BADEMKAYA NA;BADEMKAYA KÜME EVLER;sokak;624781
SİVAS;MERKEZ;BAHTİYARBOSTAN;24-1. SOKAK;sokak;344477
SİVAS;MERKEZ;BAHTİYARBOSTAN;24-10. SOKAK;sokak;344465
SİVAS;MERKEZ;BAHTİYARBOSTAN;24-11. SOKAK;sokak;760592
SİVAS;MERKEZ;BAHTİYARBOSTAN;24-12. SOKAK;sokak;470184
SİVAS;MERKEZ;BAHTİYARBOSTAN;24-13. SOKAK;sokak;344466
SİVAS;MERKEZ;BAHTİYARBOSTAN;24-2. SOKAK;sokak;470185
SİVAS;MERKEZ;BAHTİYARBOSTAN;24-3. SOKAK;sokak;344468
SİVAS;MERKEZ;BAHTİYARBOSTAN;24-4. SOKAK;sokak;344469
SİVAS;MERKEZ;BAHTİYARBOSTAN;24-5. SOKAK;sokak;749725
SİVAS;MERKEZ;BAHTİYARBOSTAN;24-6. SOKAK;sokak;470186
SİVAS;MERKEZ;BAHTİYARBOSTAN;24-7. SOKAK;sokak;344470
SİVAS;MERKEZ;BAHTİYARBOSTAN;24-9. SOKAK;sokak;470187
SİVAS;MERKEZ;BAHTİYARBOSTAN;ALİ BABA CADDE;cadde;344472
SİVAS;MERKEZ;BAHTİYARBOSTAN;ÇARŞIBAŞI CADDE;cadde;470189
SİVAS;MERKEZ;BAHTİYARBOSTAN;KAZANCILAR CADDE;cadde;344473
SİVAS;MERKEZ;BAHTİYARBOSTAN;KÜÇÜK KAZANCILAR SOKAK;sokak;344474
SİVAS;MERKEZ;BAHTİYARBOSTAN;MÜZE SOKAK;sokak;470188
SİVAS;MERKEZ;BAHTİYARBOSTAN;PAŞABOSTAN CADDE;cadde;344475
SİVAS;MERKEZ;BAHTİYARBOSTAN;VİŞNELİ CAMİİ SOKAK;sokak;344476
SİVAS;MERKEZ;BARCIN - KÖYÜN KENDİSİ;BARCIN KÜME EVLER;sokak;627293
SİVAS;MERKEZ;BAŞIBÜYÜK NA;BAŞIBÜYÜK KÜME EVLER;sokak;91110
SİVAS;MERKEZ;BAŞSÖĞÜT NA;BAŞSÖĞÜT KÜME EVLER;sokak;398357
SİVAS;MERKEZ;BEDİRLİ NA;BEDİRLİ KÜME EVLER;sokak;622965
SİVAS;MERKEZ;BEŞPINAR - KÖYÜN KENDİSİ;BEŞPINAR KÜME EVLER;sokak;30520
SİVAS;MERKEZ;BEŞPINAR - YÜCEYAYLA;YÜCEYAYLA KÜME EVLER;sokak;31863
SİVAS;MERKEZ;BEŞTEPE NA;BEŞTEPE KÖYÜ KÜME EVLER;sokak;584547
SİVAS;MERKEZ;BEYPINARI NA;BEYPINARI KÖY SOKAĞI KÜME EVLER;sokak;634237
SİVAS;MERKEZ;BEYPINARI NA;GÜNDOĞDU CADDE;cadde;977494
SİVAS;MERKEZ;BEYPINARI NA;PAŞAPINARI CADDE;cadde;977480
SİVAS;MERKEZ;BEYPINARI NA;SİVAS-ERZİNCAN KARAYOLU BULVAR;sokak;917888
SİVAS;MERKEZ;BEYPINARI NA;SOĞUK ÇERMİK 1 SOKAK;sokak;1477427
SİVAS;MERKEZ;BİNGÖL NA;BİNGÖL KÖY SOKAĞI KÜME EVLER;sokak;411191
SİVAS;MERKEZ;BİNGÖL NA;SİVAS-DİVRİĞİ KARAYOLU CADDE;cadde;922446
SİVAS;MERKEZ;BOSTANCIK NA;BOSTANCIK KÜME EVLER;sokak;628424
SİVAS;MERKEZ;BUDAKLI NA;BUDAKLI KÖY SOKAĞI KÜME EVLER;sokak;610909
SİVAS;MERKEZ;BUDAKLI NA;DEMİRÇELİK CADDESİ SOKAK;cadde;922447
SİVAS;MERKEZ;CAMİ-İ KEBİR;35-1. SOKAK;sokak;336055
SİVAS;MERKEZ;CAMİ-İ KEBİR;35-2. SOKAK;sokak;459243
SİVAS;MERKEZ;CAMİ-İ KEBİR;35-3. SOKAK;sokak;336056
SİVAS;MERKEZ;CAMİ-İ KEBİR;35-4. SOKAK;sokak;336057
SİVAS;MERKEZ;CAMİ-İ KEBİR;35-6. SOKAK;sokak;336058
SİVAS;MERKEZ;CAMİ-İ KEBİR;35-7. SOKAK;sokak;336059
SİVAS;MERKEZ;CAMİ-İ KEBİR;DEMİRKAPI SOKAK;sokak;459245
SİVAS;MERKEZ;CAMİ-İ KEBİR;ESKİ PAŞA HAMAM SOKAK;sokak;336060
SİVAS;MERKEZ;CAMİ-İ KEBİR;HAKKI HAFIZ SOKAK;sokak;459246
SİVAS;MERKEZ;CAMİ-İ KEBİR;HOCA AHMET YESEVİ CADDE;cadde;336062
SİVAS;MERKEZ;CAMİ-İ KEBİR;KALE YOLU SOKAK;sokak;336063
SİVAS;MERKEZ;CAMİ-İ KEBİR;MAHKEME ÇARŞISI CADDE;cadde;336061
SİVAS;MERKEZ;CAMİ-İ KEBİR;MEDRESE SOKAK;sokak;459244
SİVAS;MERKEZ;CAMİ-İ KEBİR;MEHMET AKYOL SOKAK;sokak;459240
SİVAS;MERKEZ;CAMİ-İ KEBİR;OSMAN PAŞA CADDE;cadde;336048
SİVAS;MERKEZ;CAMİ-İ KEBİR;SARAY YOLU SOKAK;sokak;336049
SİVAS;MERKEZ;CAMİ-İ KEBİR;SELÇUKLU SOKAK;sokak;336050
SİVAS;MERKEZ;CAMİ-İ KEBİR;ŞİFAİYE SOKAK;sokak;336054
SİVAS;MERKEZ;CAMİ-İ KEBİR;ULU CAMİİ SOKAK;sokak;459241
SİVAS;MERKEZ;CAMİ-İ KEBİR;ULU ÇARŞI SOKAK;sokak;336051
SİVAS;MERKEZ;CAMİ-İ KEBİR;ULUCAMİ PARK SOKAK;sokak;336052
SİVAS;MERKEZ;CAMİ-İ KEBİR;UZUNYOL CADDE;cadde;459242
SİVAS;MERKEZ;CAMİ-İ KEBİR;ZİYARET SOKAK;sokak;336053
SİVAS;MERKEZ;ÇALLI NA;ÇALLI KÜME EVLER;sokak;706760
SİVAS;MERKEZ;ÇARŞIBAŞI;12-1. SOKAK;sokak;344478
SİVAS;MERKEZ;ÇARŞIBAŞI;12-2. SOKAK;sokak;344479
SİVAS;MERKEZ;ÇARŞIBAŞI;12-3. SOKAK;sokak;470190
SİVAS;MERKEZ;ÇARŞIBAŞI;12-4. SOKAK;sokak;344480
SİVAS;MERKEZ;ÇARŞIBAŞI;12-5. SOKAK;sokak;470191
SİVAS;MERKEZ;ÇARŞIBAŞI;12-6. SOKAK;sokak;344481
SİVAS;MERKEZ;ÇARŞIBAŞI;12-7. SOKAK;sokak;344482
SİVAS;MERKEZ;ÇARŞIBAŞI;12-8. SOKAK;sokak;470192
SİVAS;MERKEZ;ÇARŞIBAŞI;12-9. SOKAK;sokak;344483
SİVAS;MERKEZ;ÇARŞIBAŞI;AFYON SOKAK;sokak;344484
SİVAS;MERKEZ;ÇARŞIBAŞI;ATATÜRK CADDE;cadde;344485
SİVAS;MERKEZ;ÇARŞIBAŞI;AVLU SOKAK;sokak;756750
SİVAS;MERKEZ;ÇARŞIBAŞI;BEDRETTİN DOĞRUYOL SOKAK;sokak;470193
SİVAS;MERKEZ;ÇARŞIBAŞI;ÇARŞIBAŞI CADDE;cadde;341868
SİVAS;MERKEZ;ÇARŞIBAŞI;GARİPLER SOKAK;sokak;341861
SİVAS;MERKEZ;ÇARŞIBAŞI;HAYDARLI SOKAK;sokak;341862
SİVAS;MERKEZ;ÇARŞIBAŞI;HİKMET IŞIK CADDE;cadde;341863
SİVAS;MERKEZ;ÇARŞIBAŞI;İMAM HATİP SOKAK;sokak;470196
SİVAS;MERKEZ;ÇARŞIBAŞI;KEPENEK CADDE;cadde;470194
SİVAS;MERKEZ;ÇARŞIBAŞI;MÜFTÜLÜK SOKAK;sokak;939328
SİVAS;MERKEZ;ÇARŞIBAŞI;NALBANTLARBAŞI CADDE;cadde;341864
SİVAS;MERKEZ;ÇARŞIBAŞI;PAŞA CAMİİ SOKAK;sokak;341865
SİVAS;MERKEZ;ÇARŞIBAŞI;SARRAFLAR SOKAK;sokak;470195
SİVAS;MERKEZ;ÇARŞIBAŞI;ŞEMSİ SİVASİ CADDE;cadde;341869
SİVAS;MERKEZ;ÇARŞIBAŞI;VİŞNELİ CAMİİ SOKAK;sokak;341866
SİVAS;MERKEZ;ÇARŞIBAŞI;ZİYABEY SOKAK;sokak;341867
SİVAS;MERKEZ;ÇATALKAYA - GÖZPINAR;GÖZPINAR KÜME EVLER;sokak;87165
SİVAS;MERKEZ;ÇATALKAYA - HARMANYERİ;HARMANYERİ KÜME EVLER;sokak;667790
SİVAS;MERKEZ;ÇATALKAYA - KARATAŞ;KARATAŞ KÜME EVLER;sokak;343925
SİVAS;MERKEZ;ÇATALKAYA NA;ÇATALKAYA KÜME EVLER;sokak;626538
SİVAS;MERKEZ;ÇAYBOYU;72-1 KÜME EVLER;sokak;966392
SİVAS;MERKEZ;ÇAYBOYU;72-1. SOKAK;sokak;341870
SİVAS;MERKEZ;ÇAYBOYU;72-1.ÇIKMAZ SOKAK;sokak;470197
SİVAS;MERKEZ;ÇAYBOYU;72-10. SOKAK;sokak;435882
SİVAS;MERKEZ;ÇAYBOYU;72-11. SOKAK;sokak;341871
SİVAS;MERKEZ;ÇAYBOYU;72-2 KÜME EVLER;sokak;966533
SİVAS;MERKEZ;ÇAYBOYU;72-2. SOKAK;sokak;470198
SİVAS;MERKEZ;ÇAYBOYU;72-2.ÇIKMAZ SOKAK;sokak;341872
SİVAS;MERKEZ;ÇAYBOYU;72-3. SOKAK;sokak;760593
SİVAS;MERKEZ;ÇAYBOYU;72-4. SOKAK;sokak;341873
SİVAS;MERKEZ;ÇAYBOYU;72-5. SOKAK;sokak;341874
SİVAS;MERKEZ;ÇAYBOYU;72-6. SOKAK;sokak;470199
SİVAS;MERKEZ;ÇAYBOYU;72-7. SOKAK;sokak;341875
SİVAS;MERKEZ;ÇAYBOYU;72-8. SOKAK;sokak;742977
SİVAS;MERKEZ;ÇAYBOYU;72-9. SOKAK;sokak;470200
SİVAS;MERKEZ;ÇAYBOYU;72-KÜME EVLER KÜME EVLER;sokak;886908
SİVAS;MERKEZ;ÇAYBOYU;74-18. SOKAK;sokak;828108700
SİVAS;MERKEZ;ÇAYBOYU;74-70.SK SOKAK;sokak;119483530
SİVAS;MERKEZ;ÇAYBOYU;ANADOLU CADDE;cadde;856343
SİVAS;MERKEZ;ÇAYBOYU;AŞIK VEYSEL BULVAR;sokak;128503191
SİVAS;MERKEZ;ÇAYBOYU;BARAJYOLU CADDE;cadde;341877
SİVAS;MERKEZ;ÇAYBOYU;DOĞU CADDE;cadde;976258590
SİVAS;MERKEZ;ÇAYBOYU;EMİR SOKAK;sokak;932856
SİVAS;MERKEZ;ÇAYBOYU;GÜLAÇ SOKAK;sokak;341876
SİVAS;MERKEZ;ÇAYBOYU;KÜME EVLER KÜME EVLER;sokak;228924830
SİVAS;MERKEZ;ÇAYBOYU;SİVAS CADDE;cadde;341878
SİVAS;MERKEZ;ÇAYBOYU;SULTAN MURAT CADDE;cadde;470201
SİVAS;MERKEZ;ÇAYBOYU;TUNA CADDE;cadde;341879
SİVAS;MERKEZ;ÇAYBOYU;ULUS CADDE;cadde;921089
SİVAS;MERKEZ;ÇAYGÖREN NA;ÇAYGÖREN KÜME EVLER;sokak;176414
SİVAS;MERKEZ;ÇAYPINAR NA;ÇAYPINAR KÜME EVLER;sokak;555849
SİVAS;MERKEZ;ÇAYYURT;17-1. SOKAK;sokak;341880
SİVAS;MERKEZ;ÇAYYURT;17-10. SOKAK;sokak;470202
SİVAS;MERKEZ;ÇAYYURT;17-11. SOKAK;sokak;341881
SİVAS;MERKEZ;ÇAYYURT;17-12. SOKAK;sokak;470203
SİVAS;MERKEZ;ÇAYYURT;17-13. SOKAK;sokak;341882
SİVAS;MERKEZ;ÇAYYURT;17-14. SOKAK;sokak;341883
SİVAS;MERKEZ;ÇAYYURT;17-15. SOKAK;sokak;523208
SİVAS;MERKEZ;ÇAYYURT;17-16. SOKAK;sokak;957109
SİVAS;MERKEZ;ÇAYYURT;17-17. SOKAK;sokak;957111
SİVAS;MERKEZ;ÇAYYURT;17-18. SOKAK;sokak;957113
SİVAS;MERKEZ;ÇAYYURT;17-2. SOKAK;sokak;341884
SİVAS;MERKEZ;ÇAYYURT;17-3. SOKAK;sokak;521162
SİVAS;MERKEZ;ÇAYYURT;17-4. SOKAK;sokak;470204
SİVAS;MERKEZ;ÇAYYURT;17-5. SOKAK;sokak;520445
SİVAS;MERKEZ;ÇAYYURT;17-6. SOKAK;sokak;341885
SİVAS;MERKEZ;ÇAYYURT;17-7. SOKAK;sokak;341886
SİVAS;MERKEZ;ÇAYYURT;17-8. SOKAK;sokak;470205
SİVAS;MERKEZ;ÇAYYURT;17-9. SOKAK;sokak;341887
SİVAS;MERKEZ;ÇAYYURT;AKDEĞİRMEN CADDE;cadde;341888
SİVAS;MERKEZ;ÇAYYURT;CEMRE SOKAK;sokak;521161
SİVAS;MERKEZ;ÇAYYURT;ETEMBEY SOKAK;sokak;515380
SİVAS;MERKEZ;ÇAYYURT;HİKMET BORAN CADDE;cadde;939275
SİVAS;MERKEZ;ÇAYYURT;MEVLANA CADDE;cadde;470533
SİVAS;MERKEZ;ÇAYYURT;NİSA SOKAK;sokak;513885
SİVAS;MERKEZ;ÇAYYURT;ONUR SOKAK;sokak;521157
SİVAS;MERKEZ;ÇAYYURT;ÖZEN SOKAK;sokak;512647
SİVAS;MERKEZ;ÇAYYURT;SULARBAŞI CADDE;cadde;341889
SİVAS;MERKEZ;ÇAYYURT;ŞAKİRPAŞA SOKAK;sokak;341892
SİVAS;MERKEZ;ÇAYYURT;ŞEHİT İHSAN BAHÇİVAN SOKAK;sokak;839146
SİVAS;MERKEZ;ÇAYYURT;TAVŞAN BAYIRI SOKAK;sokak;341890
SİVAS;MERKEZ;ÇAYYURT;TEK MEZAR CADDE;cadde;470534
SİVAS;MERKEZ;ÇAYYURT;YOKUŞ SOKAK;sokak;839147
SİVAS;MERKEZ;ÇELEBİLER - HUYKESEN;HUYKESEN KÖY SOKAĞI KÜME EVLER;sokak;251777
SİVAS;MERKEZ;ÇELEBİLER NA;ÇELEBİLER KÖY SOKAĞI KÜME EVLER;sokak;678600
SİVAS;MERKEZ;ÇELEBİLER NA;KATİP ÇELEBİ CADDE;cadde;1506797
SİVAS;MERKEZ;ÇELEBİLER NA;NURİ DEMİRAĞ SOKAK;sokak;988430
SİVAS;MERKEZ;ÇELEBİLER NA;SİVAS-YOZGAT KARAYOLU CADDESİ SOKAK;cadde;918527
SİVAS;MERKEZ;ÇELTEK NA;ÇELTEK KÜME EVLER;sokak;670491
SİVAS;MERKEZ;ÇERÇİDERESİ NA;ÇERÇİDERESİ KÖY SOKAĞI KÜME EVLER;sokak;82103
SİVAS;MERKEZ;ÇİÇEKLİ;57-10. SOKAK;sokak;342653
SİVAS;MERKEZ;ÇİÇEKLİ;57-11. SOKAK;sokak;470541
SİVAS;MERKEZ;ÇİÇEKLİ;57-12. SOKAK;sokak;342654
SİVAS;MERKEZ;ÇİÇEKLİ;57-13. SOKAK;sokak;342655
SİVAS;MERKEZ;ÇİÇEKLİ;57-14. SOKAK;sokak;470542
SİVAS;MERKEZ;ÇİÇEKLİ;57-15. SOKAK;sokak;342656
SİVAS;MERKEZ;ÇİÇEKLİ;57-17. SOKAK;sokak;342657
SİVAS;MERKEZ;ÇİÇEKLİ;57-18. SOKAK;sokak;470543
SİVAS;MERKEZ;ÇİÇEKLİ;57-19. SOKAK;sokak;342658
SİVAS;MERKEZ;ÇİÇEKLİ;57-2. SOKAK;sokak;341893
SİVAS;MERKEZ;ÇİÇEKLİ;57-3. SOKAK;sokak;470536
SİVAS;MERKEZ;ÇİÇEKLİ;57-4. SOKAK;sokak;341896
SİVAS;MERKEZ;ÇİÇEKLİ;57-5. SOKAK;sokak;341897
SİVAS;MERKEZ;ÇİÇEKLİ;57-6. SOKAK;sokak;470537
SİVAS;MERKEZ;ÇİÇEKLİ;57-7. SOKAK;sokak;341899
SİVAS;MERKEZ;ÇİÇEKLİ;57-8. SOKAK;sokak;470538
SİVAS;MERKEZ;ÇİÇEKLİ;57-9. SOKAK;sokak;342647
SİVAS;MERKEZ;ÇİÇEKLİ;ALTUNTABAK CADDE;cadde;470539
SİVAS;MERKEZ;ÇİÇEKLİ;BATTALGAZİ CADDE;cadde;342649
SİVAS;MERKEZ;ÇİÇEKLİ;ÇİÇEKLİ CADDE;cadde;470540
SİVAS;MERKEZ;ÇİÇEKLİ;KAVACIK SOKAK;sokak;342651
SİVAS;MERKEZ;ÇİÇEKLİ;LALEZAR SOKAK;sokak;922229
SİVAS;MERKEZ;ÇİÇEKLİ;LEYLAK SOKAK;sokak;924371
SİVAS;MERKEZ;ÇİÇEKLİ;ŞEHİT İTFAİYE ERİ HÜSEYİN DEMİR SOKAK SOKAK;sokak;342652
SİVAS;MERKEZ;ÇİÇEKLİ;ŞEHİT MANSUR ARTUÇ SOKAK;sokak;341895
SİVAS;MERKEZ;ÇİÇEKLİ;YANKI SOKAK;sokak;342659
SİVAS;MERKEZ;ÇONGAR NA;ÇONGAR KÜME EVLER;sokak;692334
SİVAS;MERKEZ;ÇUKURBELEN NA;ÇUKURBELEN KÜME EVLER;sokak;650653
SİVAS;MERKEZ;ÇUKURBELEN NA;SİVAS-ERZİNCAN KARAYOLU CADDESİ- SOKAK;cadde;922440
SİVAS;MERKEZ;DAMILI NA;DAMILI KÜME EVLER;sokak;155644
SİVAS;MERKEZ;DAMLACIK - KALIN İSTASYONU;KALIN İSTASYONU KÜME EVLER;sokak;698845
SİVAS;MERKEZ;DAMLACIK NA;DAMLACIK KÜME EVLER;sokak;690586
SİVAS;MERKEZ;DANİŞMENTGAZİ;68-1 KÜME EVLER;sokak;965510
SİVAS;MERKEZ;DANİŞMENTGAZİ;69-1. SOKAK;sokak;918907
SİVAS;MERKEZ;DANİŞMENTGAZİ;69-1.KÜME EVLER KÜME EVLER;sokak;814905
SİVAS;MERKEZ;DANİŞMENTGAZİ;69-10. SOKAK;sokak;918916
SİVAS;MERKEZ;DANİŞMENTGAZİ;69-109. SOKAK;sokak;938723
SİVAS;MERKEZ;DANİŞMENTGAZİ;69-11. SOKAK;sokak;918917
SİVAS;MERKEZ;DANİŞMENTGAZİ;69-119. SOKAK;sokak;939113
SİVAS;MERKEZ;DANİŞMENTGAZİ;69-12. SOKAK;sokak;918918
SİVAS;MERKEZ;DANİŞMENTGAZİ;69-13. SOKAK;sokak;918919
SİVAS;MERKEZ;DANİŞMENTGAZİ;69-135. SOKAK;sokak;939102
SİVAS;MERKEZ;DANİŞMENTGAZİ;69-14. SOKAK;sokak;918920
SİVAS;MERKEZ;DANİŞMENTGAZİ;69-145. SOKAK;sokak;939092
SİVAS;MERKEZ;DANİŞMENTGAZİ;69-146. SOKAK;sokak;939091
SİVAS;MERKEZ;DANİŞMENTGAZİ;69-147. SOKAK;sokak;939090
SİVAS;MERKEZ;DANİŞMENTGAZİ;69-148. SOKAK;sokak;939089
SİVAS;MERKEZ;DANİŞMENTGAZİ;69-149. SOKAK;sokak;939088
SİVAS;MERKEZ;DANİŞMENTGAZİ;69-15. SOKAK;sokak;918921
SİVAS;MERKEZ;DANİŞMENTGAZİ;69-150. SOKAK;sokak;939087
SİVAS;MERKEZ;DANİŞMENTGAZİ;69-151. SOKAK;sokak;939086
SİVAS;MERKEZ;DANİŞMENTGAZİ;69-152. SOKAK;sokak;939085
SİVAS;MERKEZ;DANİŞMENTGAZİ;69-153. SOKAK;sokak;939084
SİVAS;MERKEZ;DANİŞMENTGAZİ;69-154. SOKAK;sokak;939083
SİVAS;MERKEZ;DANİŞMENTGAZİ;69-155. SOKAK;sokak;939081
SİVAS;MERKEZ;DANİŞMENTGAZİ;69-156. SOKAK;sokak;939080
SİVAS;MERKEZ;DANİŞMENTGAZİ;69-157. SOKAK;sokak;939079
SİVAS;MERKEZ;DANİŞMENTGAZİ;69-158. SOKAK;sokak;939078
SİVAS;MERKEZ;DANİŞMENTGAZİ;69-159. SOKAK;sokak;939077
SİVAS;MERKEZ;DANİŞMENTGAZİ;69-16. SOKAK;sokak;918922
SİVAS;MERKEZ;DANİŞMENTGAZİ;69-160. SOKAK;sokak;939076
SİVAS;MERKEZ;DANİŞMENTGAZİ;69-161. SOKAK;sokak;939075
SİVAS;MERKEZ;DANİŞMENTGAZİ;69-162. SOKAK;sokak;939074
SİVAS;MERKEZ;DANİŞMENTGAZİ;69-163. SOKAK;sokak;939073
SİVAS;MERKEZ;DANİŞMENTGAZİ;69-168. SOKAK;sokak;939067
SİVAS;MERKEZ;DANİŞMENTGAZİ;69-17. SOKAK;sokak;918923
SİVAS;MERKEZ;DANİŞMENTGAZİ;69-176. SOKAK;sokak;939058
SİVAS;MERKEZ;DANİŞMENTGAZİ;69-178. SOKAK;sokak;939056
SİVAS;MERKEZ;DANİŞMENTGAZİ;69-18. SOKAK;sokak;918925
SİVAS;MERKEZ;DANİŞMENTGAZİ;69-181. SOKAK;sokak;939053
SİVAS;MERKEZ;DANİŞMENTGAZİ;69-184. SOKAK;sokak;939049
SİVAS;MERKEZ;DANİŞMENTGAZİ;69-185. SOKAK;sokak;939048
SİVAS;MERKEZ;DANİŞMENTGAZİ;69-186. SOKAK;sokak;939047
SİVAS;MERKEZ;DANİŞMENTGAZİ;69-187. SOKAK;sokak;939046
SİVAS;MERKEZ;DANİŞMENTGAZİ;69-189. SOKAK;sokak;939044
SİVAS;MERKEZ;DANİŞMENTGAZİ;69-19. SOKAK;sokak;918926
SİVAS;MERKEZ;DANİŞMENTGAZİ;69-190. SOKAK;sokak;939043
SİVAS;MERKEZ;DANİŞMENTGAZİ;69-191. SOKAK;sokak;939042
SİVAS;MERKEZ;DANİŞMENTGAZİ;69-192. SOKAK;sokak;939041
SİVAS;MERKEZ;DANİŞMENTGAZİ;69-193. SOKAK;sokak;758140871
SİVAS;MERKEZ;DANİŞMENTGAZİ;69-2. SOKAK;sokak;918908
SİVAS;MERKEZ;DANİŞMENTGAZİ;69-2.KÜMEEVLER KÜME EVLER;sokak;964812
SİVAS;MERKEZ;DANİŞMENTGAZİ;69-20. SOKAK;sokak;918927
SİVAS;MERKEZ;DANİŞMENTGAZİ;69-201. SOKAK;sokak;469374471
SİVAS;MERKEZ;DANİŞMENTGAZİ;69-21. SOKAK;sokak;918928
SİVAS;MERKEZ;DANİŞMENTGAZİ;69-22. SOKAK;sokak;918929
SİVAS;MERKEZ;DANİŞMENTGAZİ;69-23. SOKAK;sokak;918930
SİVAS;MERKEZ;DANİŞMENTGAZİ;69-24. SOKAK;sokak;918931
SİVAS;MERKEZ;DANİŞMENTGAZİ;69-25. SOKAK;sokak;918932
SİVAS;MERKEZ;DANİŞMENTGAZİ;69-26. SOKAK;sokak;918933
SİVAS;MERKEZ;DANİŞMENTGAZİ;69-27. SOKAK;sokak;918934
SİVAS;MERKEZ;DANİŞMENTGAZİ;69-28. SOKAK;sokak;918935
SİVAS;MERKEZ;DANİŞMENTGAZİ;69-29. SOKAK;sokak;918936
SİVAS;MERKEZ;DANİŞMENTGAZİ;69-3. SOKAK;sokak;918909
SİVAS;MERKEZ;DANİŞMENTGAZİ;69-3.KÜMEEVLER KELKİT KÜME EVLER;sokak;814906
SİVAS;MERKEZ;DANİŞMENTGAZİ;69-30. SOKAK;sokak;918937
SİVAS;MERKEZ;DANİŞMENTGAZİ;69-31. SOKAK;sokak;918939
SİVAS;MERKEZ;DANİŞMENTGAZİ;69-32. SOKAK;sokak;918949
SİVAS;MERKEZ;DANİŞMENTGAZİ;69-33. SOKAK;sokak;918950
SİVAS;MERKEZ;DANİŞMENTGAZİ;69-34. SOKAK;sokak;918951
SİVAS;MERKEZ;DANİŞMENTGAZİ;69-35. SOKAK;sokak;918952
SİVAS;MERKEZ;DANİŞMENTGAZİ;69-36. SOKAK;sokak;918953
SİVAS;MERKEZ;DANİŞMENTGAZİ;69-37. SOKAK;sokak;918954
SİVAS;MERKEZ;DANİŞMENTGAZİ;69-38. SOKAK;sokak;1009281
SİVAS;MERKEZ;DANİŞMENTGAZİ;69-39. SOKAK;sokak;918956
SİVAS;MERKEZ;DANİŞMENTGAZİ;69-4. SOKAK;sokak;918910
SİVAS;MERKEZ;DANİŞMENTGAZİ;69-4.KÜMEEVLER KÜME EVLER;sokak;976380
SİVAS;MERKEZ;DANİŞMENTGAZİ;69-40. SOKAK;sokak;918957
SİVAS;MERKEZ;DANİŞMENTGAZİ;69-41. SOKAK;sokak;918958
SİVAS;MERKEZ;DANİŞMENTGAZİ;69-42. SOKAK;sokak;918959
SİVAS;MERKEZ;DANİŞMENTGAZİ;69-43. SOKAK;sokak;918960
SİVAS;MERKEZ;DANİŞMENTGAZİ;69-44. SOKAK;sokak;918961
SİVAS;MERKEZ;DANİŞMENTGAZİ;69-45. SOKAK;sokak;918962
SİVAS;MERKEZ;DANİŞMENTGAZİ;69-46. SOKAK;sokak;1399415
SİVAS;MERKEZ;DANİŞMENTGAZİ;69-47. SOKAK;sokak;918964
SİVAS;MERKEZ;DANİŞMENTGAZİ;69-48. SOKAK;sokak;918965
SİVAS;MERKEZ;DANİŞMENTGAZİ;69-49. SOKAK;sokak;918966
SİVAS;MERKEZ;DANİŞMENTGAZİ;69-5. SOKAK;sokak;918911
SİVAS;MERKEZ;DANİŞMENTGAZİ;69-50. SOKAK;sokak;1399425
SİVAS;MERKEZ;DANİŞMENTGAZİ;69-51. SOKAK;sokak;1399431
SİVAS;MERKEZ;DANİŞMENTGAZİ;69-52. SOKAK;sokak;1399455
SİVAS;MERKEZ;DANİŞMENTGAZİ;69-53. SOKAK;sokak;1399443
SİVAS;MERKEZ;DANİŞMENTGAZİ;69-54. SOKAK;sokak;1399445
SİVAS;MERKEZ;DANİŞMENTGAZİ;69-55. SOKAK;sokak;1399447
SİVAS;MERKEZ;DANİŞMENTGAZİ;69-56. SOKAK;sokak;1406217
SİVAS;MERKEZ;DANİŞMENTGAZİ;69-57. SOKAK;sokak;1525953
SİVAS;MERKEZ;DANİŞMENTGAZİ;69-58. SOKAK;sokak;1525955
SİVAS;MERKEZ;DANİŞMENTGAZİ;69-59. SOKAK;sokak;1525957
SİVAS;MERKEZ;DANİŞMENTGAZİ;69-6. SOKAK;sokak;918912
SİVAS;MERKEZ;DANİŞMENTGAZİ;69-60. SOKAK;sokak;1525959
SİVAS;MERKEZ;DANİŞMENTGAZİ;69-61. SOKAK;sokak;1525963
SİVAS;MERKEZ;DANİŞMENTGAZİ;69-62. SOKAK;sokak;1525965
SİVAS;MERKEZ;DANİŞMENTGAZİ;69-63. SOKAK;sokak;1525967
SİVAS;MERKEZ;DANİŞMENTGAZİ;69-64. SOKAK;sokak;1525969
SİVAS;MERKEZ;DANİŞMENTGAZİ;69-65. SOKAK;sokak;1525971
SİVAS;MERKEZ;DANİŞMENTGAZİ;69-66. SOKAK;sokak;1525993
SİVAS;MERKEZ;DANİŞMENTGAZİ;69-67. SOKAK;sokak;1525995
SİVAS;MERKEZ;DANİŞMENTGAZİ;69-68. SOKAK;sokak;1525997
SİVAS;MERKEZ;DANİŞMENTGAZİ;69-69. SOKAK;sokak;1525999
SİVAS;MERKEZ;DANİŞMENTGAZİ;69-7. SOKAK;sokak;918913
SİVAS;MERKEZ;DANİŞMENTGAZİ;69-70. SOKAK;sokak;1526001
SİVAS;MERKEZ;DANİŞMENTGAZİ;69-71. SOKAK;sokak;1527309
SİVAS;MERKEZ;DANİŞMENTGAZİ;69-8. SOKAK;sokak;918914
SİVAS;MERKEZ;DANİŞMENTGAZİ;69-9. SOKAK;sokak;918915
SİVAS;MERKEZ;DANİŞMENTGAZİ;AHMETGAZİ CADDE;cadde;925146
SİVAS;MERKEZ;DANİŞMENTGAZİ;ALTIN BAŞAK CADDE;cadde;1007817
SİVAS;MERKEZ;DANİŞMENTGAZİ;ANKARA BULVAR;sokak;342662
SİVAS;MERKEZ;DANİŞMENTGAZİ;BAŞKENT CADDE;cadde;926265
SİVAS;MERKEZ;DANİŞMENTGAZİ;BEREKET SOKAK;sokak;630333
SİVAS;MERKEZ;DANİŞMENTGAZİ;BEYAZGÜL SOKAK;sokak;945186
SİVAS;MERKEZ;DANİŞMENTGAZİ;BEYLİK CADDE;cadde;925164
SİVAS;MERKEZ;DANİŞMENTGAZİ;BİTKİ SOKAK;sokak;939185
SİVAS;MERKEZ;DANİŞMENTGAZİ;ÇELEBİ MEHMET CADDE;cadde;1076772
SİVAS;MERKEZ;DANİŞMENTGAZİ;DANİŞMENTLİLER CADDE;cadde;939970
SİVAS;MERKEZ;DANİŞMENTGAZİ;DOĞA SOKAK;sokak;865055
SİVAS;MERKEZ;DANİŞMENTGAZİ;HIZMALI SOKAK;sokak;630335
SİVAS;MERKEZ;DANİŞMENTGAZİ;KARATREN SOKAK;sokak;949482
SİVAS;MERKEZ;DANİŞMENTGAZİ;KARÇİÇEĞİ SOKAK;sokak;877035
SİVAS;MERKEZ;DANİŞMENTGAZİ;KATİP ÇELEBİ CADDE;cadde;925166
SİVAS;MERKEZ;DANİŞMENTGAZİ;KESİKKÖPRÜ CADDE;cadde;944316
SİVAS;MERKEZ;DANİŞMENTGAZİ;KEYKAVUS CADDE;cadde;1007815
SİVAS;MERKEZ;DANİŞMENTGAZİ;KİREÇOCAĞI YANI KÜME EVLERİ KÜME EVLER;sokak;812477
SİVAS;MERKEZ;DANİŞMENTGAZİ;MAKAS SOKAK;sokak;949480
SİVAS;MERKEZ;DANİŞMENTGAZİ;MALAZGİRT CADDE;cadde;925162
SİVAS;MERKEZ;DANİŞMENTGAZİ;MELİKGAZİ CADDE;cadde;925153
SİVAS;MERKEZ;DANİŞMENTGAZİ;MENGÜCEKGAZİ CADDE;cadde;925157
SİVAS;MERKEZ;DANİŞMENTGAZİ;MEZBAHA SOKAK;sokak;629735
SİVAS;MERKEZ;DANİŞMENTGAZİ;MİLLİ MÜCADELE CADDE;cadde;1356463
SİVAS;MERKEZ;DANİŞMENTGAZİ;MİSAK-I MİLLİ CADDE;cadde;1076748
SİVAS;MERKEZ;DANİŞMENTGAZİ;MUCUR SOKAK;sokak;629737
SİVAS;MERKEZ;DANİŞMENTGAZİ;NURİ DEMİRAĞ SOKAK;sokak;342663
SİVAS;MERKEZ;DANİŞMENTGAZİ;PLEVNE CADDE;cadde;918963
SİVAS;MERKEZ;DANİŞMENTGAZİ;SARP SOKAK;sokak;625804
SİVAS;MERKEZ;DANİŞMENTGAZİ;UYGUR CADDE;cadde;925163
SİVAS;MERKEZ;DANİŞMENTGAZİ;UZUNOLUK SOKAK;sokak;628560
SİVAS;MERKEZ;DANİŞMENTGAZİ;YÖRÜK SOKAK;sokak;628558
SİVAS;MERKEZ;DANİŞMENTGAZİ;ZARİF SOKAK;sokak;628559
SİVAS;MERKEZ;DEDEBALI;22-1. SOKAK;sokak;344153
SİVAS;MERKEZ;DEDEBALI;22-10. SOKAK;sokak;344154
SİVAS;MERKEZ;DEDEBALI;22-11. SOKAK;sokak;344155
SİVAS;MERKEZ;DEDEBALI;22-12. SOKAK;sokak;344156
SİVAS;MERKEZ;DEDEBALI;22-2. SOKAK;sokak;344157
SİVAS;MERKEZ;DEDEBALI;22-3. SOKAK;sokak;344158
SİVAS;MERKEZ;DEDEBALI;22-4. SOKAK;sokak;344159
SİVAS;MERKEZ;DEDEBALI;22-5. SOKAK;sokak;344160
SİVAS;MERKEZ;DEDEBALI;22-6. SOKAK;sokak;344161
SİVAS;MERKEZ;DEDEBALI;22-7. SOKAK;sokak;344162
SİVAS;MERKEZ;DEDEBALI;22-8. SOKAK;sokak;344163
SİVAS;MERKEZ;DEDEBALI;22-9. SOKAK;sokak;344164
SİVAS;MERKEZ;DEDEBALI;ABDULVAHAB GAZİ CADDE;cadde;344165
SİVAS;MERKEZ;DEDEBALI;DEDEBALI CADDE;cadde;344166
SİVAS;MERKEZ;DEDEBALI;MISMILIRMAK CADDE;cadde;344167
SİVAS;MERKEZ;DEDEBALI;VALİ MUAMMER BEY CADDE;cadde;344168
SİVAS;MERKEZ;DEMİRCİLERARDI;27-1. SOKAK;sokak;344169
SİVAS;MERKEZ;DEMİRCİLERARDI;27-10. SOKAK;sokak;344170
SİVAS;MERKEZ;DEMİRCİLERARDI;27-11. SOKAK;sokak;344502
SİVAS;MERKEZ;DEMİRCİLERARDI;27-12. SOKAK;sokak;344503
SİVAS;MERKEZ;DEMİRCİLERARDI;27-13. SOKAK;sokak;344504
SİVAS;MERKEZ;DEMİRCİLERARDI;27-14. SOKAK;sokak;344505
SİVAS;MERKEZ;DEMİRCİLERARDI;27-15. SOKAK;sokak;344506
SİVAS;MERKEZ;DEMİRCİLERARDI;27-16. SOKAK;sokak;344507
SİVAS;MERKEZ;DEMİRCİLERARDI;27-17. SOKAK;sokak;344508
SİVAS;MERKEZ;DEMİRCİLERARDI;27-19. SOKAK;sokak;344510
SİVAS;MERKEZ;DEMİRCİLERARDI;27-2. SOKAK;sokak;344511
SİVAS;MERKEZ;DEMİRCİLERARDI;27-20. SOKAK;sokak;344512
SİVAS;MERKEZ;DEMİRCİLERARDI;27-21. SOKAK;sokak;344513
SİVAS;MERKEZ;DEMİRCİLERARDI;27-22. SOKAK;sokak;463840
SİVAS;MERKEZ;DEMİRCİLERARDI;27-23. SOKAK;sokak;344514
SİVAS;MERKEZ;DEMİRCİLERARDI;27-24. SOKAK;sokak;344515
SİVAS;MERKEZ;DEMİRCİLERARDI;27-25. SOKAK;sokak;903575261
SİVAS;MERKEZ;DEMİRCİLERARDI;27-3. SOKAK;sokak;344519
SİVAS;MERKEZ;DEMİRCİLERARDI;27-35. SOKAK;sokak;344523
SİVAS;MERKEZ;DEMİRCİLERARDI;27-4. SOKAK;sokak;463846
SİVAS;MERKEZ;DEMİRCİLERARDI;27-42. SOKAK;sokak;463847
SİVAS;MERKEZ;DEMİRCİLERARDI;27-43. SOKAK;sokak;344529
SİVAS;MERKEZ;DEMİRCİLERARDI;27-44. SOKAK;sokak;342343
SİVAS;MERKEZ;DEMİRCİLERARDI;27-45. SOKAK;sokak;463848
SİVAS;MERKEZ;DEMİRCİLERARDI;27-46. SOKAK;sokak;342344
SİVAS;MERKEZ;DEMİRCİLERARDI;27-47. SOKAK;sokak;342345
SİVAS;MERKEZ;DEMİRCİLERARDI;27-48. SOKAK;sokak;463849
SİVAS;MERKEZ;DEMİRCİLERARDI;27-49. SOKAK;sokak;342346
SİVAS;MERKEZ;DEMİRCİLERARDI;27-5. SOKAK;sokak;342347
SİVAS;MERKEZ;DEMİRCİLERARDI;27-50. SOKAK;sokak;342348
SİVAS;MERKEZ;DEMİRCİLERARDI;27-51. SOKAK;sokak;463850
SİVAS;MERKEZ;DEMİRCİLERARDI;27-52. SOKAK;sokak;342349
SİVAS;MERKEZ;DEMİRCİLERARDI;27-53. SOKAK;sokak;342350
SİVAS;MERKEZ;DEMİRCİLERARDI;27-54. SOKAK;sokak;463851
SİVAS;MERKEZ;DEMİRCİLERARDI;27-55. SOKAK;sokak;342351
SİVAS;MERKEZ;DEMİRCİLERARDI;27-8. SOKAK;sokak;342354
SİVAS;MERKEZ;DEMİRCİLERARDI;27-9. SOKAK;sokak;463853
SİVAS;MERKEZ;DEMİRCİLERARDI;AĞABABA CADDE;cadde;342356
SİVAS;MERKEZ;DEMİRCİLERARDI;ATATÜRK CADDE;cadde;342355
SİVAS;MERKEZ;DEMİRCİLERARDI;BUĞDAY PAZARI SOKAK;sokak;463854
SİVAS;MERKEZ;DEMİRCİLERARDI;CAHİT ZARİFOĞLU CADDE;cadde;47265830
SİVAS;MERKEZ;DEMİRCİLERARDI;CELAL BAYAR CADDE;cadde;342357
SİVAS;MERKEZ;DEMİRCİLERARDI;DEMİRCİLER CADDE;cadde;342358
SİVAS;MERKEZ;DEMİRCİLERARDI;KARAAĞAÇ CADDE;cadde;342362
SİVAS;MERKEZ;DEMİRCİLERARDI;KAYIRCIK SOKAK;sokak;342359
SİVAS;MERKEZ;DEMİRCİLERARDI;MUAMMER BEY SOKAK;sokak;463855
SİVAS;MERKEZ;DEMİRCİLERARDI;MÜFTÜLÜK SOKAK;sokak;342360
SİVAS;MERKEZ;DEMİRCİLERARDI;SAİT PAŞA CADDE;cadde;463856
SİVAS;MERKEZ;DEMİRCİLERARDI;SALİH EFENDİ SOKAK;sokak;342361
SİVAS;MERKEZ;DEMİRCİLERARDI;ŞEHİT İSMET AKSÖZ SOKAK;sokak;342353
SİVAS;MERKEZ;DEMİRCİLERARDI;ŞEHİTLER CADDE;cadde;342363
SİVAS;MERKEZ;DEMİRCİLERARDI;ŞEMSİ SİVASİ CADDE;cadde;342364
SİVAS;MERKEZ;DEMİRYAZI - BATTALAĞILI;BATTALAĞILI KÜME EVLER;sokak;656197
SİVAS;MERKEZ;DEMİRYAZI NA;DEMİRYAZI KÜME EVLER;sokak;655995
SİVAS;MERKEZ;DİKMENCİK NA;DİKMENCİK KÜME EVLER;sokak;176430
SİVAS;MERKEZ;DİKMENCİK NA;ULUKAPI KÜME EVLER;sokak;375310351
SİVAS;MERKEZ;DİRİLİŞ;4.KÜME EVLER KÜME EVLER;sokak;327528
SİVAS;MERKEZ;DİRİLİŞ;68-1. SOKAK;sokak;465096
SİVAS;MERKEZ;DİRİLİŞ;68-10. SOKAK;sokak;342377
SİVAS;MERKEZ;DİRİLİŞ;68-100. SOKAK;sokak;938647
SİVAS;MERKEZ;DİRİLİŞ;68-101. SOKAK;sokak;938648
SİVAS;MERKEZ;DİRİLİŞ;68-104. SOKAK;sokak;938651
SİVAS;MERKEZ;DİRİLİŞ;68-105. SOKAK;sokak;938652
SİVAS;MERKEZ;DİRİLİŞ;68-106. SOKAK;sokak;938721
SİVAS;MERKEZ;DİRİLİŞ;68-107. SOKAK;sokak;939121
SİVAS;MERKEZ;DİRİLİŞ;68-108. SOKAK;sokak;938722
SİVAS;MERKEZ;DİRİLİŞ;68-11. SOKAK;sokak;342378
SİVAS;MERKEZ;DİRİLİŞ;68-110. SOKAK;sokak;938724
SİVAS;MERKEZ;DİRİLİŞ;68-111. SOKAK;sokak;939120
SİVAS;MERKEZ;DİRİLİŞ;68-12. SOKAK;sokak;342379
SİVAS;MERKEZ;DİRİLİŞ;68-125. SOKAK;sokak;939107
SİVAS;MERKEZ;DİRİLİŞ;68-126. SOKAK;sokak;938649
SİVAS;MERKEZ;DİRİLİŞ;68-127. SOKAK;sokak;938650
SİVAS;MERKEZ;DİRİLİŞ;68-128. SOKAK;sokak;938653
SİVAS;MERKEZ;DİRİLİŞ;68-129. SOKAK;sokak;938654
SİVAS;MERKEZ;DİRİLİŞ;68-13. SOKAK;sokak;465097
SİVAS;MERKEZ;DİRİLİŞ;68-14. SOKAK;sokak;342380
SİVAS;MERKEZ;DİRİLİŞ;68-15. SOKAK;sokak;342381
SİVAS;MERKEZ;DİRİLİŞ;68-17. SOKAK;sokak;342382
SİVAS;MERKEZ;DİRİLİŞ;68-18. SOKAK;sokak;342383
SİVAS;MERKEZ;DİRİLİŞ;68-19. SOKAK;sokak;465099
SİVAS;MERKEZ;DİRİLİŞ;68-2. SOKAK;sokak;342384
SİVAS;MERKEZ;DİRİLİŞ;68-20. SOKAK;sokak;342385
SİVAS;MERKEZ;DİRİLİŞ;68-21. SOKAK;sokak;465100
SİVAS;MERKEZ;DİRİLİŞ;68-23. SOKAK;sokak;342387
SİVAS;MERKEZ;DİRİLİŞ;68-24. SOKAK;sokak;465101
SİVAS;MERKEZ;DİRİLİŞ;68-25. SOKAK;sokak;342388
SİVAS;MERKEZ;DİRİLİŞ;68-26. SOKAK;sokak;342389
SİVAS;MERKEZ;DİRİLİŞ;68-27. SOKAK;sokak;465102
SİVAS;MERKEZ;DİRİLİŞ;68-28. SOKAK;sokak;342390
SİVAS;MERKEZ;DİRİLİŞ;68-29. SOKAK;sokak;342391
SİVAS;MERKEZ;DİRİLİŞ;68-3. SOKAK;sokak;465103
SİVAS;MERKEZ;DİRİLİŞ;68-30. SOKAK;sokak;342392
SİVAS;MERKEZ;DİRİLİŞ;68-31. SOKAK;sokak;342393
SİVAS;MERKEZ;DİRİLİŞ;68-32. SOKAK;sokak;465104
SİVAS;MERKEZ;DİRİLİŞ;68-33. SOKAK;sokak;342394
SİVAS;MERKEZ;DİRİLİŞ;68-34. SOKAK;sokak;342395
SİVAS;MERKEZ;DİRİLİŞ;68-35. SOKAK;sokak;465105
SİVAS;MERKEZ;DİRİLİŞ;68-36. SOKAK;sokak;342396
SİVAS;MERKEZ;DİRİLİŞ;68-37. SOKAK;sokak;342397
SİVAS;MERKEZ;DİRİLİŞ;68-38. SOKAK;sokak;465106
SİVAS;MERKEZ;DİRİLİŞ;68-39. SOKAK;sokak;342398
SİVAS;MERKEZ;DİRİLİŞ;68-4. SOKAK;sokak;342399
SİVAS;MERKEZ;DİRİLİŞ;68-40. SOKAK;sokak;465107
SİVAS;MERKEZ;DİRİLİŞ;68-41. SOKAK;sokak;342400
SİVAS;MERKEZ;DİRİLİŞ;68-42. SOKAK;sokak;342401
SİVAS;MERKEZ;DİRİLİŞ;68-43. SOKAK;sokak;342402
SİVAS;MERKEZ;DİRİLİŞ;68-44. SOKAK;sokak;465108
SİVAS;MERKEZ;DİRİLİŞ;68-45. SOKAK;sokak;342403
SİVAS;MERKEZ;DİRİLİŞ;68-46. SOKAK;sokak;342404
SİVAS;MERKEZ;DİRİLİŞ;68-47. SOKAK;sokak;465109
SİVAS;MERKEZ;DİRİLİŞ;68-48. SOKAK;sokak;342405
SİVAS;MERKEZ;DİRİLİŞ;68-49. SOKAK;sokak;342406
SİVAS;MERKEZ;DİRİLİŞ;68-5. SOKAK;sokak;465110
SİVAS;MERKEZ;DİRİLİŞ;68-50. SOKAK;sokak;342408
SİVAS;MERKEZ;DİRİLİŞ;68-51. SOKAK;sokak;342409
SİVAS;MERKEZ;DİRİLİŞ;68-52. SOKAK;sokak;342410
SİVAS;MERKEZ;DİRİLİŞ;68-53. SOKAK;sokak;463857
SİVAS;MERKEZ;DİRİLİŞ;68-54. SOKAK;sokak;342365
SİVAS;MERKEZ;DİRİLİŞ;68-55. SOKAK;sokak;342366
SİVAS;MERKEZ;DİRİLİŞ;68-56. SOKAK;sokak;342367
SİVAS;MERKEZ;DİRİLİŞ;68-57. SOKAK;sokak;463858
SİVAS;MERKEZ;DİRİLİŞ;68-58. SOKAK;sokak;764014
SİVAS;MERKEZ;DİRİLİŞ;68-59. SOKAK;sokak;764015
SİVAS;MERKEZ;DİRİLİŞ;68-6. SOKAK;sokak;342368
SİVAS;MERKEZ;DİRİLİŞ;68-60. SOKAK;sokak;764016
SİVAS;MERKEZ;DİRİLİŞ;68-61. SOKAK;sokak;203048
SİVAS;MERKEZ;DİRİLİŞ;68-62. SOKAK;sokak;203049
SİVAS;MERKEZ;DİRİLİŞ;68-63. SOKAK;sokak;764017
SİVAS;MERKEZ;DİRİLİŞ;68-64. SOKAK;sokak;764018
SİVAS;MERKEZ;DİRİLİŞ;68-65. SOKAK;sokak;202479
SİVAS;MERKEZ;DİRİLİŞ;68-66. SOKAK;sokak;516079
SİVAS;MERKEZ;DİRİLİŞ;68-67. SOKAK;sokak;55766
SİVAS;MERKEZ;DİRİLİŞ;68-68. SOKAK;sokak;764020
SİVAS;MERKEZ;DİRİLİŞ;68-69. SOKAK;sokak;763064
SİVAS;MERKEZ;DİRİLİŞ;68-7. SOKAK;sokak;465093
SİVAS;MERKEZ;DİRİLİŞ;68-70. SOKAK;sokak;1047872
SİVAS;MERKEZ;DİRİLİŞ;68-71. SOKAK;sokak;56135
SİVAS;MERKEZ;DİRİLİŞ;68-72. SOKAK;sokak;763065
SİVAS;MERKEZ;DİRİLİŞ;68-73. SOKAK;sokak;938728
SİVAS;MERKEZ;DİRİLİŞ;68-74. SOKAK;sokak;938712
SİVAS;MERKEZ;DİRİLİŞ;68-75. SOKAK;sokak;938713
SİVAS;MERKEZ;DİRİLİŞ;68-76. SOKAK;sokak;938714
SİVAS;MERKEZ;DİRİLİŞ;68-77. SOKAK;sokak;938715
SİVAS;MERKEZ;DİRİLİŞ;68-78. SOKAK;sokak;938727
SİVAS;MERKEZ;DİRİLİŞ;68-79. SOKAK;sokak;938716
SİVAS;MERKEZ;DİRİLİŞ;68-8. SOKAK;sokak;342369
SİVAS;MERKEZ;DİRİLİŞ;68-80. SOKAK;sokak;938717
SİVAS;MERKEZ;DİRİLİŞ;68-81. SOKAK;sokak;938718
SİVAS;MERKEZ;DİRİLİŞ;68-85. SOKAK;sokak;940379
SİVAS;MERKEZ;DİRİLİŞ;68-86. SOKAK;sokak;939108
SİVAS;MERKEZ;DİRİLİŞ;68-87. SOKAK;sokak;939109
SİVAS;MERKEZ;DİRİLİŞ;68-88. SOKAK;sokak;939110
SİVAS;MERKEZ;DİRİLİŞ;68-89. SOKAK;sokak;939111
SİVAS;MERKEZ;DİRİLİŞ;68-9. SOKAK;sokak;342370
SİVAS;MERKEZ;DİRİLİŞ;68-90. SOKAK;sokak;939112
SİVAS;MERKEZ;DİRİLİŞ;68-91. SOKAK;sokak;939114
SİVAS;MERKEZ;DİRİLİŞ;68-92. SOKAK;sokak;939115
SİVAS;MERKEZ;DİRİLİŞ;68-93. SOKAK;sokak;939116
SİVAS;MERKEZ;DİRİLİŞ;68-94. SOKAK;sokak;939117
SİVAS;MERKEZ;DİRİLİŞ;68-95. SOKAK;sokak;939118
SİVAS;MERKEZ;DİRİLİŞ;68-96. SOKAK;sokak;939119
SİVAS;MERKEZ;DİRİLİŞ;68-97. SOKAK;sokak;938725
SİVAS;MERKEZ;DİRİLİŞ;ASIRLIK SOKAK;sokak;944924
SİVAS;MERKEZ;DİRİLİŞ;ATAKENT CADDE;cadde;465094
SİVAS;MERKEZ;DİRİLİŞ;BUHARA CADDE;cadde;342371
SİVAS;MERKEZ;DİRİLİŞ;DERYA SOKAK;sokak;342372
SİVAS;MERKEZ;DİRİLİŞ;GELİNCİK SOKAK;sokak;399065
SİVAS;MERKEZ;DİRİLİŞ;GÜLENDAM SOKAK;sokak;922435
SİVAS;MERKEZ;DİRİLİŞ;İHSAN ÖĞER CADDE;cadde;342375
SİVAS;MERKEZ;DİRİLİŞ;MİLLİ MÜCADELE CADDE;cadde;1048303
SİVAS;MERKEZ;DİRİLİŞ;MİSAK-I MİLLİ CADDE;cadde;926179
SİVAS;MERKEZ;DİRİLİŞ;PAZAR SOKAK;sokak;342373
SİVAS;MERKEZ;DİRİLİŞ;PLEVNE CADDE;cadde;56134
SİVAS;MERKEZ;DİRİLİŞ;RÜZGARLI SOKAK;sokak;465095
SİVAS;MERKEZ;DİRİLİŞ;SALKIM SOKAK;sokak;933655
SİVAS;MERKEZ;DİRİLİŞ;SEVİNÇ SOKAK;sokak;944940
SİVAS;MERKEZ;DİRİLİŞ;SILA CADDE;cadde;557400
SİVAS;MERKEZ;DİRİLİŞ;ŞEHİT AKİF ÇİFTÇİ SOKAK;sokak;342407
SİVAS;MERKEZ;DİRİLİŞ;ŞEHİT HARUN DEVECİ SOKAK;sokak;465112
SİVAS;MERKEZ;DİRİLİŞ;ŞEHİT HASAN ÇAKIR SOKAK;sokak;83629
SİVAS;MERKEZ;DİRİLİŞ;ŞEHİT KENAN ARDIÇ CADDE;cadde;342374
SİVAS;MERKEZ;DİRİLİŞ;ŞEHİT SELAMİ ÇAYLAK SOKAK;sokak;465111
SİVAS;MERKEZ;DİRİLİŞ;ŞEYH ŞAMİL CADDE;cadde;342376
SİVAS;MERKEZ;DİRİLİŞ;TUZLUGÖL CADDE;cadde;925131
SİVAS;MERKEZ;DİRİLİŞ;ZAFER CADDE;cadde;944058
SİVAS;MERKEZ;DOĞANCA - TAHDİT.;TAHDİT KÖY SOKAĞI KÜME EVLER;sokak;81696
SİVAS;MERKEZ;DOĞANCA NA;1 SOKAK;sokak;485359000
SİVAS;MERKEZ;DOĞANCA NA;10 SOKAK;sokak;421181820
SİVAS;MERKEZ;DOĞANCA NA;11 SOKAK;sokak;476549750
SİVAS;MERKEZ;DOĞANCA NA;12 SOKAK;sokak;386907490
SİVAS;MERKEZ;DOĞANCA NA;13 SOKAK;sokak;116733730
SİVAS;MERKEZ;DOĞANCA NA;14 SOKAK;sokak;507692070
SİVAS;MERKEZ;DOĞANCA NA;15 SOKAK;sokak;989629130
SİVAS;MERKEZ;DOĞANCA NA;16 SOKAK;sokak;724759400
SİVAS;MERKEZ;DOĞANCA NA;2. SOKAK;sokak;164980650
SİVAS;MERKEZ;DOĞANCA NA;3 SK SOKAK;sokak;210018210
SİVAS;MERKEZ;DOĞANCA NA;3. SOKAK;sokak;175514820
SİVAS;MERKEZ;DOĞANCA NA;4 SOKAK;sokak;534106500
SİVAS;MERKEZ;DOĞANCA NA;5 SOKAK;sokak;410694850
SİVAS;MERKEZ;DOĞANCA NA;6 SOKAK;sokak;276612140
SİVAS;MERKEZ;DOĞANCA NA;7 SOKAK;sokak;528268720
SİVAS;MERKEZ;DOĞANCA NA;8 SOKAK;sokak;442419660
SİVAS;MERKEZ;DOĞANCA NA;9 SOKAK;sokak;370948360
SİVAS;MERKEZ;DOĞANCA NA;DOĞANCA KÖY SOKAĞI KÜME EVLER;sokak;273971
SİVAS;MERKEZ;DÖRTEYLÜL;4 EYLÜL CADDE;cadde;342427
SİVAS;MERKEZ;DÖRTEYLÜL;55-1. SOKAK;sokak;342411
SİVAS;MERKEZ;DÖRTEYLÜL;55-10. SOKAK;sokak;465113
SİVAS;MERKEZ;DÖRTEYLÜL;55-11. SOKAK;sokak;342413
SİVAS;MERKEZ;DÖRTEYLÜL;55-12. SOKAK;sokak;342414
SİVAS;MERKEZ;DÖRTEYLÜL;55-13. SOKAK;sokak;342415
SİVAS;MERKEZ;DÖRTEYLÜL;55-14. SOKAK;sokak;465115
SİVAS;MERKEZ;DÖRTEYLÜL;55-15. SOKAK;sokak;342418
SİVAS;MERKEZ;DÖRTEYLÜL;55-16. SOKAK;sokak;465116
SİVAS;MERKEZ;DÖRTEYLÜL;55-17. SOKAK;sokak;342419
SİVAS;MERKEZ;DÖRTEYLÜL;55-18. SOKAK;sokak;342420
SİVAS;MERKEZ;DÖRTEYLÜL;55-19. SOKAK;sokak;342421
SİVAS;MERKEZ;DÖRTEYLÜL;55-2. SOKAK;sokak;465117
SİVAS;MERKEZ;DÖRTEYLÜL;55-20. SOKAK;sokak;342423
SİVAS;MERKEZ;DÖRTEYLÜL;55-21. SOKAK;sokak;465118
SİVAS;MERKEZ;DÖRTEYLÜL;55-22. SOKAK;sokak;366547
SİVAS;MERKEZ;DÖRTEYLÜL;55-23. SOKAK;sokak;342424
SİVAS;MERKEZ;DÖRTEYLÜL;55-24. SOKAK;sokak;342425
SİVAS;MERKEZ;DÖRTEYLÜL;55-25. SOKAK;sokak;465119
SİVAS;MERKEZ;DÖRTEYLÜL;55-26. SOKAK;sokak;366548
SİVAS;MERKEZ;DÖRTEYLÜL;55-27. SOKAK;sokak;342426
SİVAS;MERKEZ;DÖRTEYLÜL;55-3. SOKAK;sokak;766476
SİVAS;MERKEZ;DÖRTEYLÜL;55-4. SOKAK;sokak;465120
SİVAS;MERKEZ;DÖRTEYLÜL;55-5. SOKAK;sokak;366549
SİVAS;MERKEZ;DÖRTEYLÜL;55-7. SOKAK;sokak;344229
SİVAS;MERKEZ;DÖRTEYLÜL;55-8. SOKAK;sokak;344230
SİVAS;MERKEZ;DÖRTEYLÜL;55-9. SOKAK;sokak;344231
SİVAS;MERKEZ;DÖRTEYLÜL;56-18. SOKAK;sokak;762172720
SİVAS;MERKEZ;DÖRTEYLÜL;BURÇ SOKAK;sokak;344228
SİVAS;MERKEZ;DÖRTEYLÜL;CUMAPAZARI CADDE;cadde;344233
SİVAS;MERKEZ;DÖRTEYLÜL;DİKİMEVİ CADDE;cadde;344234
SİVAS;MERKEZ;DÖRTEYLÜL;FATİH CADDE;cadde;344235
SİVAS;MERKEZ;DÖRTEYLÜL;HATİP SOKAK;sokak;342412
SİVAS;MERKEZ;DÖRTEYLÜL;KOSOVA SOKAK;sokak;342416
SİVAS;MERKEZ;DÖRTEYLÜL;KÜTÜKLÜ SOKAK;sokak;344236
SİVAS;MERKEZ;DÖRTEYLÜL;MOSTAR SOKAK;sokak;342417
SİVAS;MERKEZ;DÖRTEYLÜL;MUHSİN YAZICIOĞLU BULVAR;sokak;344232
SİVAS;MERKEZ;DÖRTEYLÜL;NECİP FAZIL KISAKÜREK CADDE;cadde;344237
SİVAS;MERKEZ;DÖRTEYLÜL;RECEP AYAN SOKAK;sokak;344238
SİVAS;MERKEZ;DÖRTEYLÜL;ŞİRİNEVLER SOKAK;sokak;344239
SİVAS;MERKEZ;DÖRTEYLÜL;TRAKYA SOKAK;sokak;342422
SİVAS;MERKEZ;DÖRTEYLÜL;ÜSKÜP SOKAK;sokak;465114
SİVAS;MERKEZ;DÖRTEYLÜL;YABANGÜLÜ SOKAK;sokak;921612
SİVAS;MERKEZ;DÖRTEYLÜL NA;BARAJYOLU CADDE;cadde;921091
SİVAS;MERKEZ;DÖRTEYLÜL NA;DÖRTEYLÜL KÖY SOKAĞI KÜME EVLER;sokak;599158
SİVAS;MERKEZ;DURDULU NA;DURDULU KÜME EVLER;sokak;691116
SİVAS;MERKEZ;DÜZOVA NA;DÜZOVA KÜME EVLER;sokak;82093
SİVAS;MERKEZ;EBUHAN NA;EBUHAN KÖY SOKAGI KÜME EVLER;sokak;550884
SİVAS;MERKEZ;ECE;38-1. SOKAK;sokak;344240
SİVAS;MERKEZ;ECE;38-10. SOKAK;sokak;344241
SİVAS;MERKEZ;ECE;38-13. SOKAK;sokak;344244
SİVAS;MERKEZ;ECE;38-14. SOKAK;sokak;344245
SİVAS;MERKEZ;ECE;38-15. SOKAK;sokak;344246
SİVAS;MERKEZ;ECE;38-16. SOKAK;sokak;344247
SİVAS;MERKEZ;ECE;38-17. SOKAK;sokak;344248
SİVAS;MERKEZ;ECE;38-2. SOKAK;sokak;344249
SİVAS;MERKEZ;ECE;38-21. SOKAK;sokak;341894
SİVAS;MERKEZ;ECE;38-3. SOKAK;sokak;344250
SİVAS;MERKEZ;ECE;38-4. SOKAK;sokak;344251
SİVAS;MERKEZ;ECE;38-5. SOKAK;sokak;342057
SİVAS;MERKEZ;ECE;38-6. SOKAK;sokak;342058
SİVAS;MERKEZ;ECE;38-7. SOKAK;sokak;342059
SİVAS;MERKEZ;ECE;38-8. SOKAK;sokak;342060
SİVAS;MERKEZ;ECE;38-9. SOKAK;sokak;342061
SİVAS;MERKEZ;ECE;ACEMLER SOKAK;sokak;342062
SİVAS;MERKEZ;ECE;ALTUNTABAK CADDE;cadde;1373705
SİVAS;MERKEZ;ECE;ARAP EVLİYASI SOKAK;sokak;342063
SİVAS;MERKEZ;ECE;AVŞAR SOKAK;sokak;823929
SİVAS;MERKEZ;ECE;BATTALGAZİ CADDE;cadde;342064
SİVAS;MERKEZ;ECE;CEVHER SOKAK;sokak;342065
SİVAS;MERKEZ;ECE;ÇİÇEKLİ CADDE;cadde;29957016
SİVAS;MERKEZ;ECE;HALİL RIFATPAŞA CADDE;cadde;470215
SİVAS;MERKEZ;ECE;HAYRİ SIĞIRCI BULVAR;sokak;342066
SİVAS;MERKEZ;ECE;İLHAM SOKAK;sokak;925486
SİVAS;MERKEZ;EĞRİBUCAK NA;EĞRİBUCAK KÜME EVLER;sokak;682093
SİVAS;MERKEZ;EĞRİKÖPRÜ;75-1. SOKAK;sokak;995781
SİVAS;MERKEZ;EĞRİKÖPRÜ;75-10. SOKAK;sokak;995805
SİVAS;MERKEZ;EĞRİKÖPRÜ;75-100. SOKAK;sokak;1095843
SİVAS;MERKEZ;EĞRİKÖPRÜ;75-101. SOKAK;sokak;1095875
SİVAS;MERKEZ;EĞRİKÖPRÜ;75-102. SOKAK;sokak;1113517
SİVAS;MERKEZ;EĞRİKÖPRÜ;75-103. SOKAK;sokak;1113519
SİVAS;MERKEZ;EĞRİKÖPRÜ;75-104. SOKAK;sokak;1170113
SİVAS;MERKEZ;EĞRİKÖPRÜ;75-105. SOKAK;sokak;1524441
SİVAS;MERKEZ;EĞRİKÖPRÜ;75-106. SOKAK;sokak;840744001
SİVAS;MERKEZ;EĞRİKÖPRÜ;75-107. SOKAK;sokak;272488481
SİVAS;MERKEZ;EĞRİKÖPRÜ;75-108. SOKAK;sokak;973093971
SİVAS;MERKEZ;EĞRİKÖPRÜ;75-109. SOKAK;sokak;513010591
SİVAS;MERKEZ;EĞRİKÖPRÜ;75-11. SOKAK;sokak;995807
SİVAS;MERKEZ;EĞRİKÖPRÜ;75-110. SOKAK;sokak;294342551
SİVAS;MERKEZ;EĞRİKÖPRÜ;75-111. SOKAK;sokak;475255301
SİVAS;MERKEZ;EĞRİKÖPRÜ;75-112. SOKAK;sokak;275086211
SİVAS;MERKEZ;EĞRİKÖPRÜ;75-113. SOKAK;sokak;352440451
SİVAS;MERKEZ;EĞRİKÖPRÜ;75-114. SOKAK;sokak;425066261
SİVAS;MERKEZ;EĞRİKÖPRÜ;75-115. SOKAK;sokak;201577721
SİVAS;MERKEZ;EĞRİKÖPRÜ;75-116. SOKAK;sokak;691515041
SİVAS;MERKEZ;EĞRİKÖPRÜ;75-117. SOKAK;sokak;644565441
SİVAS;MERKEZ;EĞRİKÖPRÜ;75-118. SOKAK;sokak;653727161
SİVAS;MERKEZ;EĞRİKÖPRÜ;75-119. SOKAK;sokak;999871901
SİVAS;MERKEZ;EĞRİKÖPRÜ;75-12. SOKAK;sokak;995809
SİVAS;MERKEZ;EĞRİKÖPRÜ;75-120. SOKAK;sokak;374664891
SİVAS;MERKEZ;EĞRİKÖPRÜ;75-121. SOKAK;sokak;759505841
SİVAS;MERKEZ;EĞRİKÖPRÜ;75-122. SOKAK;sokak;723232801
SİVAS;MERKEZ;EĞRİKÖPRÜ;75-123. SOKAK;sokak;994858311
SİVAS;MERKEZ;EĞRİKÖPRÜ;75-124. SOKAK;sokak;497445191
SİVAS;MERKEZ;EĞRİKÖPRÜ;75-125. SOKAK;sokak;353282021
SİVAS;MERKEZ;EĞRİKÖPRÜ;75-126. SOKAK;sokak;700116221
SİVAS;MERKEZ;EĞRİKÖPRÜ;75-127. SOKAK;sokak;575121391
SİVAS;MERKEZ;EĞRİKÖPRÜ;75-128. SOKAK;sokak;325549661
SİVAS;MERKEZ;EĞRİKÖPRÜ;75-129. SOKAK;sokak;135563111
SİVAS;MERKEZ;EĞRİKÖPRÜ;75-13. SOKAK;sokak;995811
SİVAS;MERKEZ;EĞRİKÖPRÜ;75-130. SOKAK;sokak;237986711
SİVAS;MERKEZ;EĞRİKÖPRÜ;75-131. SOKAK;sokak;931614871
SİVAS;MERKEZ;EĞRİKÖPRÜ;75-132. SOKAK;sokak;989695121
SİVAS;MERKEZ;EĞRİKÖPRÜ;75-133. SOKAK;sokak;552351471
SİVAS;MERKEZ;EĞRİKÖPRÜ;75-134. SOKAK;sokak;711062561
SİVAS;MERKEZ;EĞRİKÖPRÜ;75-135. SOKAK;sokak;252617851
SİVAS;MERKEZ;EĞRİKÖPRÜ;75-136. SOKAK;sokak;869203521
SİVAS;MERKEZ;EĞRİKÖPRÜ;75-137. SOKAK;sokak;941317521
SİVAS;MERKEZ;EĞRİKÖPRÜ;75-138. SOKAK;sokak;501871601
SİVAS;MERKEZ;EĞRİKÖPRÜ;75-139. SOKAK;sokak;207969591
SİVAS;MERKEZ;EĞRİKÖPRÜ;75-14. SOKAK;sokak;995813
SİVAS;MERKEZ;EĞRİKÖPRÜ;75-15. SOKAK;sokak;995815
SİVAS;MERKEZ;EĞRİKÖPRÜ;75-16. SOKAK;sokak;995817
SİVAS;MERKEZ;EĞRİKÖPRÜ;75-17. SOKAK;sokak;196895
SİVAS;MERKEZ;EĞRİKÖPRÜ;75-18. SOKAK;sokak;196897
SİVAS;MERKEZ;EĞRİKÖPRÜ;75-19. SOKAK;sokak;356737
SİVAS;MERKEZ;EĞRİKÖPRÜ;75-2. SOKAK;sokak;995785
SİVAS;MERKEZ;EĞRİKÖPRÜ;75-20. SOKAK;sokak;196898
SİVAS;MERKEZ;EĞRİKÖPRÜ;75-21. SOKAK;sokak;882664
SİVAS;MERKEZ;EĞRİKÖPRÜ;75-22. SOKAK;sokak;942694
SİVAS;MERKEZ;EĞRİKÖPRÜ;75-23. SOKAK;sokak;356738
SİVAS;MERKEZ;EĞRİKÖPRÜ;75-24. SOKAK;sokak;437961
SİVAS;MERKEZ;EĞRİKÖPRÜ;75-25. SOKAK;sokak;356739
SİVAS;MERKEZ;EĞRİKÖPRÜ;75-26. SOKAK;sokak;420540
SİVAS;MERKEZ;EĞRİKÖPRÜ;75-27. SOKAK;sokak;197094
SİVAS;MERKEZ;EĞRİKÖPRÜ;75-28. SOKAK;sokak;356740
SİVAS;MERKEZ;EĞRİKÖPRÜ;75-29. SOKAK;sokak;882679
SİVAS;MERKEZ;EĞRİKÖPRÜ;75-3. SOKAK;sokak;995789
SİVAS;MERKEZ;EĞRİKÖPRÜ;75-30. SOKAK;sokak;995819
SİVAS;MERKEZ;EĞRİKÖPRÜ;75-31. SOKAK;sokak;995821
SİVAS;MERKEZ;EĞRİKÖPRÜ;75-32. SOKAK;sokak;995823
SİVAS;MERKEZ;EĞRİKÖPRÜ;75-33. SOKAK;sokak;995829
SİVAS;MERKEZ;EĞRİKÖPRÜ;75-34. SOKAK;sokak;995833
SİVAS;MERKEZ;EĞRİKÖPRÜ;75-35. SOKAK;sokak;995831
SİVAS;MERKEZ;EĞRİKÖPRÜ;75-36. SOKAK;sokak;995835
SİVAS;MERKEZ;EĞRİKÖPRÜ;75-37. SOKAK;sokak;995837
SİVAS;MERKEZ;EĞRİKÖPRÜ;75-38. SOKAK;sokak;995839
SİVAS;MERKEZ;EĞRİKÖPRÜ;75-39. SOKAK;sokak;995841
SİVAS;MERKEZ;EĞRİKÖPRÜ;75-4. SOKAK;sokak;995791
SİVAS;MERKEZ;EĞRİKÖPRÜ;75-41. SOKAK;sokak;882668
SİVAS;MERKEZ;EĞRİKÖPRÜ;75-42. SOKAK;sokak;882671
SİVAS;MERKEZ;EĞRİKÖPRÜ;75-43. SOKAK;sokak;882670
SİVAS;MERKEZ;EĞRİKÖPRÜ;75-44. SOKAK;sokak;882677
SİVAS;MERKEZ;EĞRİKÖPRÜ;75-45. SOKAK;sokak;882678
SİVAS;MERKEZ;EĞRİKÖPRÜ;75-46. SOKAK;sokak;882680
SİVAS;MERKEZ;EĞRİKÖPRÜ;75-47. SOKAK;sokak;882681
SİVAS;MERKEZ;EĞRİKÖPRÜ;75-48. SOKAK;sokak;882682
SİVAS;MERKEZ;EĞRİKÖPRÜ;75-49. SOKAK;sokak;882669
SİVAS;MERKEZ;EĞRİKÖPRÜ;75-5. SOKAK;sokak;995795
SİVAS;MERKEZ;EĞRİKÖPRÜ;75-50. SOKAK;sokak;196894
SİVAS;MERKEZ;EĞRİKÖPRÜ;75-51. SOKAK;sokak;1094032
SİVAS;MERKEZ;EĞRİKÖPRÜ;75-52. SOKAK;sokak;1094034
SİVAS;MERKEZ;EĞRİKÖPRÜ;75-53. SOKAK;sokak;1094036
SİVAS;MERKEZ;EĞRİKÖPRÜ;75-54. SOKAK;sokak;1094038
SİVAS;MERKEZ;EĞRİKÖPRÜ;75-57. SOKAK;sokak;1094050
SİVAS;MERKEZ;EĞRİKÖPRÜ;75-58. SOKAK;sokak;1094054
SİVAS;MERKEZ;EĞRİKÖPRÜ;75-59. SOKAK;sokak;1094058
SİVAS;MERKEZ;EĞRİKÖPRÜ;75-6. SOKAK;sokak;995797
SİVAS;MERKEZ;EĞRİKÖPRÜ;75-60. SOKAK;sokak;1094060
SİVAS;MERKEZ;EĞRİKÖPRÜ;75-61. SOKAK;sokak;1094108
SİVAS;MERKEZ;EĞRİKÖPRÜ;75-62. SOKAK;sokak;1094112
SİVAS;MERKEZ;EĞRİKÖPRÜ;75-63. SOKAK;sokak;1094114
SİVAS;MERKEZ;EĞRİKÖPRÜ;75-64. SOKAK;sokak;1094118
SİVAS;MERKEZ;EĞRİKÖPRÜ;75-65. SOKAK;sokak;1094122
SİVAS;MERKEZ;EĞRİKÖPRÜ;75-66. SOKAK;sokak;1094124
SİVAS;MERKEZ;EĞRİKÖPRÜ;75-67. SOKAK;sokak;1094126
SİVAS;MERKEZ;EĞRİKÖPRÜ;75-68. SOKAK;sokak;1094128
SİVAS;MERKEZ;EĞRİKÖPRÜ;75-69. SOKAK;sokak;1094158
SİVAS;MERKEZ;EĞRİKÖPRÜ;75-7. SOKAK;sokak;995799
SİVAS;MERKEZ;EĞRİKÖPRÜ;75-70. SOKAK;sokak;1094160
SİVAS;MERKEZ;EĞRİKÖPRÜ;75-71. SOKAK;sokak;1094341
SİVAS;MERKEZ;EĞRİKÖPRÜ;75-72. SOKAK;sokak;1094343
SİVAS;MERKEZ;EĞRİKÖPRÜ;75-73. SOKAK;sokak;1094345
SİVAS;MERKEZ;EĞRİKÖPRÜ;75-74. SOKAK;sokak;1094347
SİVAS;MERKEZ;EĞRİKÖPRÜ;75-75. SOKAK;sokak;1094349
SİVAS;MERKEZ;EĞRİKÖPRÜ;75-76. SOKAK;sokak;1094351
SİVAS;MERKEZ;EĞRİKÖPRÜ;75-77. SOKAK;sokak;1094355
SİVAS;MERKEZ;EĞRİKÖPRÜ;75-78. SOKAK;sokak;1094359
SİVAS;MERKEZ;EĞRİKÖPRÜ;75-79. SOKAK;sokak;1094361
SİVAS;MERKEZ;EĞRİKÖPRÜ;75-8. SOKAK;sokak;995801
SİVAS;MERKEZ;EĞRİKÖPRÜ;75-80. SOKAK;sokak;1094363
SİVAS;MERKEZ;EĞRİKÖPRÜ;75-81. SOKAK;sokak;1094958
SİVAS;MERKEZ;EĞRİKÖPRÜ;75-82. SOKAK;sokak;143305591
SİVAS;MERKEZ;EĞRİKÖPRÜ;75-83. SOKAK;sokak;1094962
SİVAS;MERKEZ;EĞRİKÖPRÜ;75-84. SOKAK;sokak;1094964
SİVAS;MERKEZ;EĞRİKÖPRÜ;75-85. SOKAK;sokak;1094966
SİVAS;MERKEZ;EĞRİKÖPRÜ;75-86. SOKAK;sokak;1094968
SİVAS;MERKEZ;EĞRİKÖPRÜ;75-87. SOKAK;sokak;1094970
SİVAS;MERKEZ;EĞRİKÖPRÜ;75-88. SOKAK;sokak;1094972
SİVAS;MERKEZ;EĞRİKÖPRÜ;75-89. SOKAK;sokak;1094974
SİVAS;MERKEZ;EĞRİKÖPRÜ;75-9. SOKAK;sokak;995803
SİVAS;MERKEZ;EĞRİKÖPRÜ;75-90. SOKAK;sokak;1094976
SİVAS;MERKEZ;EĞRİKÖPRÜ;75-91. SOKAK;sokak;1095825
SİVAS;MERKEZ;EĞRİKÖPRÜ;75-92. SOKAK;sokak;1095827
SİVAS;MERKEZ;EĞRİKÖPRÜ;75-93. SOKAK;sokak;1095829
SİVAS;MERKEZ;EĞRİKÖPRÜ;75-94. SOKAK;sokak;1095831
SİVAS;MERKEZ;EĞRİKÖPRÜ;75-95. SOKAK;sokak;1095833
SİVAS;MERKEZ;EĞRİKÖPRÜ;75-96. SOKAK;sokak;1095835
SİVAS;MERKEZ;EĞRİKÖPRÜ;75-97. SOKAK;sokak;1095837
SİVAS;MERKEZ;EĞRİKÖPRÜ;75-98. SOKAK;sokak;1095839
SİVAS;MERKEZ;EĞRİKÖPRÜ;75-99. SOKAK;sokak;1095841
SİVAS;MERKEZ;EĞRİKÖPRÜ;AKADEMİSYENLER CADDE;cadde;882665
SİVAS;MERKEZ;EĞRİKÖPRÜ;BAĞDAT CADDE;cadde;262877300
SİVAS;MERKEZ;EĞRİKÖPRÜ;BARIŞ SOKAK;sokak;938420
SİVAS;MERKEZ;EĞRİKÖPRÜ;CİVAN SOKAK;sokak;938409
SİVAS;MERKEZ;EĞRİKÖPRÜ;DEFNE SOKAK;sokak;938416
SİVAS;MERKEZ;EĞRİKÖPRÜ;ERHAN ÜSTÜNDAĞ CADDE;cadde;882688
SİVAS;MERKEZ;EĞRİKÖPRÜ;FADLUM CADDE;cadde;1134358
SİVAS;MERKEZ;EĞRİKÖPRÜ;GÜLBAHÇE SOKAK;sokak;882701
SİVAS;MERKEZ;EĞRİKÖPRÜ;HIDIR AĞA CADDE;cadde;1478991
SİVAS;MERKEZ;EĞRİKÖPRÜ;IRMAK SOKAK;sokak;882702
SİVAS;MERKEZ;EĞRİKÖPRÜ;İSMAİL GÜNEŞ CADDE;cadde;827265
SİVAS;MERKEZ;EĞRİKÖPRÜ;İSMET YILMAZ BULVAR;sokak;1049625
SİVAS;MERKEZ;EĞRİKÖPRÜ;İŞHAN CADDE;cadde;1049613
SİVAS;MERKEZ;EĞRİKÖPRÜ;MAHMUT ÖZDEMİR CADDE;cadde;882695
SİVAS;MERKEZ;EĞRİKÖPRÜ;PİLOT KAYA İSTEKTEPE CADDE;cadde;882693
SİVAS;MERKEZ;EĞRİKÖPRÜ;ŞEHİT MELİH ÇİMEN CADDE;cadde;833181
SİVAS;MERKEZ;EĞRİKÖPRÜ;ÜNLÜ SOKAK;sokak;938415
SİVAS;MERKEZ;EĞRİKÖPRÜ;YAMAÇLI SOKAK;sokak;942690
SİVAS;MERKEZ;EĞRİKÖPRÜ;YAY SOKAK;sokak;942696
SİVAS;MERKEZ;EĞRİKÖPRÜ;YÜKSEL YANCI CADDE;cadde;882694
SİVAS;MERKEZ;EMEK;64-1. SOKAK;sokak;470216
SİVAS;MERKEZ;EMEK;64-10. SOKAK;sokak;342068
SİVAS;MERKEZ;EMEK;64-11. SOKAK;sokak;342069
SİVAS;MERKEZ;EMEK;64-12. SOKAK;sokak;342070
SİVAS;MERKEZ;EMEK;64-13. SOKAK;sokak;470217
SİVAS;MERKEZ;EMEK;64-14. SOKAK;sokak;342071
SİVAS;MERKEZ;EMEK;64-15. SOKAK;sokak;342072
SİVAS;MERKEZ;EMEK;64-16. SOKAK;sokak;470218
SİVAS;MERKEZ;EMEK;64-17. SOKAK;sokak;342073
SİVAS;MERKEZ;EMEK;64-18. SOKAK;sokak;342074
SİVAS;MERKEZ;EMEK;64-19. SOKAK;sokak;342075
SİVAS;MERKEZ;EMEK;64-2. SOKAK;sokak;342076
SİVAS;MERKEZ;EMEK;64-20. SOKAK;sokak;467020
SİVAS;MERKEZ;EMEK;64-21. SOKAK;sokak;342077
SİVAS;MERKEZ;EMEK;64-22. SOKAK;sokak;342078
SİVAS;MERKEZ;EMEK;64-23. SOKAK;sokak;467021
SİVAS;MERKEZ;EMEK;64-24. SOKAK;sokak;342079
SİVAS;MERKEZ;EMEK;64-25. SOKAK;sokak;342080
SİVAS;MERKEZ;EMEK;64-26. SOKAK;sokak;467022
SİVAS;MERKEZ;EMEK;64-27. SOKAK;sokak;342081
SİVAS;MERKEZ;EMEK;64-28. SOKAK;sokak;342082
SİVAS;MERKEZ;EMEK;64-29. SOKAK;sokak;342083
SİVAS;MERKEZ;EMEK;64-3. SOKAK;sokak;467023
SİVAS;MERKEZ;EMEK;64-30. SOKAK;sokak;342084
SİVAS;MERKEZ;EMEK;64-31. SOKAK;sokak;342085
SİVAS;MERKEZ;EMEK;64-32. SOKAK;sokak;467024
SİVAS;MERKEZ;EMEK;64-33. SOKAK;sokak;342086
SİVAS;MERKEZ;EMEK;64-34. SOKAK;sokak;946058
SİVAS;MERKEZ;EMEK;64-35. SOKAK;sokak;1526613
SİVAS;MERKEZ;EMEK;64-36. SOKAK;sokak;334702
SİVAS;MERKEZ;EMEK;64-4. SOKAK;sokak;342087
SİVAS;MERKEZ;EMEK;64-5. SOKAK;sokak;467025
SİVAS;MERKEZ;EMEK;64-6. SOKAK;sokak;342088
SİVAS;MERKEZ;EMEK;64-7. SOKAK;sokak;229487
SİVAS;MERKEZ;EMEK;64-8. SOKAK;sokak;467026
SİVAS;MERKEZ;EMEK;64-9. SOKAK;sokak;342089
SİVAS;MERKEZ;EMEK;AKIM SOKAK;sokak;939331
SİVAS;MERKEZ;EMEK;ALACALI SOKAK;sokak;942718
SİVAS;MERKEZ;EMEK;ANIT SOKAK;sokak;944906
SİVAS;MERKEZ;EMEK;AŞIK YUNUS SOKAK;sokak;742674
SİVAS;MERKEZ;EMEK;BAŞARI SOKAK;sokak;470219
SİVAS;MERKEZ;EMEK;BUHARA CADDE;cadde;342090
SİVAS;MERKEZ;EMEK;ÇAKIR SOKAK;sokak;944914
SİVAS;MERKEZ;EMEK;HAZAL SOKAK;sokak;460415
SİVAS;MERKEZ;EMEK;HEKİM SOKAK;sokak;342091
SİVAS;MERKEZ;EMEK;İLKE SOKAK;sokak;939330
SİVAS;MERKEZ;EMEK;OTOPARK SOKAK;sokak;940425
SİVAS;MERKEZ;EMEK;PLEVNE CADDE;cadde;467028
SİVAS;MERKEZ;EMEK;SILA CADDE;cadde;342092
SİVAS;MERKEZ;EMEK;SİMGE SOKAK;sokak;939329
SİVAS;MERKEZ;EMEK;ŞEHİT KENAN ARDIÇ CADDE;cadde;940385
SİVAS;MERKEZ;EMEK;YAVUZ BÜLENT BAKİLER CADDE;cadde;467027
SİVAS;MERKEZ;EMEK;YUMURTA TEPE CADDE;cadde;342093
SİVAS;MERKEZ;EMEK;ZAFER CADDE;cadde;342094
SİVAS;MERKEZ;EMEK;ZÜBEYDE HANIM CADDE;cadde;764790
SİVAS;MERKEZ;EMİRHAN - IRMAK ÜSTÜ;ESKİKÖYYERİ KÜME EVLER;sokak;662645
SİVAS;MERKEZ;EMİRHAN - IRMAK ÜSTÜ;IRMAK ÜSTÜ KÜME EVLER;sokak;662649
SİVAS;MERKEZ;ESENTEPE;61-1. SOKAK;sokak;342450
SİVAS;MERKEZ;ESENTEPE;61-10. SOKAK;sokak;342451
SİVAS;MERKEZ;ESENTEPE;61-11. SOKAK;sokak;467045
SİVAS;MERKEZ;ESENTEPE;61-12. SOKAK;sokak;739539
SİVAS;MERKEZ;ESENTEPE;61-13. SOKAK;sokak;342452
SİVAS;MERKEZ;ESENTEPE;61-14. SOKAK;sokak;467046
SİVAS;MERKEZ;ESENTEPE;61-15. SOKAK;sokak;342453
SİVAS;MERKEZ;ESENTEPE;61-16. SOKAK;sokak;342454
SİVAS;MERKEZ;ESENTEPE;61-17. SOKAK;sokak;467047
SİVAS;MERKEZ;ESENTEPE;61-18. SOKAK;sokak;342455
SİVAS;MERKEZ;ESENTEPE;61-19. SOKAK;sokak;342456
SİVAS;MERKEZ;ESENTEPE;61-2. SOKAK;sokak;681613
SİVAS;MERKEZ;ESENTEPE;61-20. SOKAK;sokak;467029
SİVAS;MERKEZ;ESENTEPE;61-21. SOKAK;sokak;342095
SİVAS;MERKEZ;ESENTEPE;61-22. SOKAK;sokak;342096
SİVAS;MERKEZ;ESENTEPE;61-23. SOKAK;sokak;467030
SİVAS;MERKEZ;ESENTEPE;61-24. SOKAK;sokak;342097
SİVAS;MERKEZ;ESENTEPE;61-25. SOKAK;sokak;342098
SİVAS;MERKEZ;ESENTEPE;61-26. SOKAK;sokak;467031
SİVAS;MERKEZ;ESENTEPE;61-27. SOKAK;sokak;342099
SİVAS;MERKEZ;ESENTEPE;61-28. SOKAK;sokak;439709
SİVAS;MERKEZ;ESENTEPE;61-29. SOKAK;sokak;467032
SİVAS;MERKEZ;ESENTEPE;61-3. SOKAK;sokak;342100
SİVAS;MERKEZ;ESENTEPE;61-30. SOKAK;sokak;342101
SİVAS;MERKEZ;ESENTEPE;61-31. SOKAK;sokak;342102
SİVAS;MERKEZ;ESENTEPE;61-32. SOKAK;sokak;467033
SİVAS;MERKEZ;ESENTEPE;61-33. SOKAK;sokak;342103
SİVAS;MERKEZ;ESENTEPE;61-34. SOKAK;sokak;342104
SİVAS;MERKEZ;ESENTEPE;61-35. SOKAK;sokak;228221
SİVAS;MERKEZ;ESENTEPE;61-36. SOKAK;sokak;342108
SİVAS;MERKEZ;ESENTEPE;61-37. SOKAK;sokak;467035
SİVAS;MERKEZ;ESENTEPE;61-38. SOKAK;sokak;342106
SİVAS;MERKEZ;ESENTEPE;61-4. SOKAK;sokak;467036
SİVAS;MERKEZ;ESENTEPE;61-43. SOKAK;sokak;467037
SİVAS;MERKEZ;ESENTEPE;61-44. SOKAK;sokak;681614
SİVAS;MERKEZ;ESENTEPE;61-46. SOKAK;sokak;342436
SİVAS;MERKEZ;ESENTEPE;61-47. SOKAK;sokak;467038
SİVAS;MERKEZ;ESENTEPE;61-48. SOKAK;sokak;342437
SİVAS;MERKEZ;ESENTEPE;61-49. SOKAK;sokak;342438
SİVAS;MERKEZ;ESENTEPE;61-5. SOKAK;sokak;342439
SİVAS;MERKEZ;ESENTEPE;61-50. SOKAK;sokak;467039
SİVAS;MERKEZ;ESENTEPE;61-51. SOKAK;sokak;342440
SİVAS;MERKEZ;ESENTEPE;61-52. SOKAK;sokak;219028
SİVAS;MERKEZ;ESENTEPE;61-6. SOKAK;sokak;342441
SİVAS;MERKEZ;ESENTEPE;61-7. SOKAK;sokak;342442
SİVAS;MERKEZ;ESENTEPE;61-8. SOKAK;sokak;342444
SİVAS;MERKEZ;ESENTEPE;61-9. SOKAK;sokak;342445
SİVAS;MERKEZ;ESENTEPE;DUMAN SOKAK;sokak;467041
SİVAS;MERKEZ;ESENTEPE;ESENTEPE CADDE;cadde;342446
SİVAS;MERKEZ;ESENTEPE;FUZULİ CADDE;cadde;467040
SİVAS;MERKEZ;ESENTEPE;KOMŞU SOKAK;sokak;342443
SİVAS;MERKEZ;ESENTEPE;KONUK SOKAK;sokak;467042
SİVAS;MERKEZ;ESENTEPE;MENDERES CADDE;cadde;342447
SİVAS;MERKEZ;ESENTEPE;ŞEHİT ENGİN BIYIK SOKAK;sokak;467034
SİVAS;MERKEZ;ESENTEPE;TARIK SOKAK;sokak;342448
SİVAS;MERKEZ;ESENTEPE;TUĞRA SOKAK;sokak;467044
SİVAS;MERKEZ;ESENTEPE;YILDIRIM SOKAK;sokak;759753
SİVAS;MERKEZ;ESENTEPE;YUNUS EMRE CADDE;cadde;342449
SİVAS;MERKEZ;ESENYURT;71-1. SOKAK;sokak;725096
SİVAS;MERKEZ;ESENYURT;71-1.KÜME EVLER KÜME EVLER;sokak;986502
SİVAS;MERKEZ;ESENYURT;71-10. SOKAK;sokak;722312
SİVAS;MERKEZ;ESENYURT;71-100. SOKAK;sokak;1140201
SİVAS;MERKEZ;ESENYURT;71-101. SOKAK;sokak;1140243
SİVAS;MERKEZ;ESENYURT;71-102. SOKAK;sokak;1140245
SİVAS;MERKEZ;ESENYURT;71-103. SOKAK;sokak;336564
SİVAS;MERKEZ;ESENYURT;71-104. SOKAK;sokak;939123
SİVAS;MERKEZ;ESENYURT;71-105. SOKAK;sokak;335355
SİVAS;MERKEZ;ESENYURT;71-106. SOKAK;sokak;726326
SİVAS;MERKEZ;ESENYURT;71-107. SOKAK;sokak;1265583
SİVAS;MERKEZ;ESENYURT;71-108. SOKAK;sokak;1430779
SİVAS;MERKEZ;ESENYURT;71-109. SOKAK;sokak;1529509
SİVAS;MERKEZ;ESENYURT;71-11. SOKAK;sokak;725100
SİVAS;MERKEZ;ESENYURT;71-110. SOKAK;sokak;1529511
SİVAS;MERKEZ;ESENYURT;71-111. SOKAK;sokak;1529513
SİVAS;MERKEZ;ESENYURT;71-112. SOKAK;sokak;1529515
SİVAS;MERKEZ;ESENYURT;71-113. SOKAK;sokak;1529517
SİVAS;MERKEZ;ESENYURT;71-114. SOKAK;sokak;1529519
SİVAS;MERKEZ;ESENYURT;71-115. SOKAK;sokak;1529521
SİVAS;MERKEZ;ESENYURT;71-116. SOKAK;sokak;1529523
SİVAS;MERKEZ;ESENYURT;71-117. SOKAK;sokak;1529525
SİVAS;MERKEZ;ESENYURT;71-12. SOKAK;sokak;725102
SİVAS;MERKEZ;ESENYURT;71-125. SOKAK;sokak;1529561
SİVAS;MERKEZ;ESENYURT;71-126. SOKAK;sokak;1529563
SİVAS;MERKEZ;ESENYURT;71-127. SOKAK;sokak;1529565
SİVAS;MERKEZ;ESENYURT;71-128. SOKAK;sokak;1529567
SİVAS;MERKEZ;ESENYURT;71-129. SOKAK;sokak;1529569
SİVAS;MERKEZ;ESENYURT;71-13. SOKAK;sokak;725103
SİVAS;MERKEZ;ESENYURT;71-130. SOKAK;sokak;1529571
SİVAS;MERKEZ;ESENYURT;71-131. SOKAK;sokak;1529573
SİVAS;MERKEZ;ESENYURT;71-132. SOKAK;sokak;1529575
SİVAS;MERKEZ;ESENYURT;71-133. SOKAK;sokak;1529577
SİVAS;MERKEZ;ESENYURT;71-134. SOKAK;sokak;1529579
SİVAS;MERKEZ;ESENYURT;71-135. SOKAK;sokak;1529581
SİVAS;MERKEZ;ESENYURT;71-136. SOKAK;sokak;1529583
SİVAS;MERKEZ;ESENYURT;71-137. SOKAK;sokak;1529585
SİVAS;MERKEZ;ESENYURT;71-138 SOKAK;sokak;1529587
SİVAS;MERKEZ;ESENYURT;71-139. SOKAK;sokak;1529589
SİVAS;MERKEZ;ESENYURT;71-14. SOKAK;sokak;731214
SİVAS;MERKEZ;ESENYURT;71-140. SOKAK;sokak;1529591
SİVAS;MERKEZ;ESENYURT;71-141. SOKAK;sokak;1529593
SİVAS;MERKEZ;ESENYURT;71-142. SOKAK;sokak;1529595
SİVAS;MERKEZ;ESENYURT;71-143. SOKAK;sokak;1529597
SİVAS;MERKEZ;ESENYURT;71-144. SOKAK;sokak;1529599
SİVAS;MERKEZ;ESENYURT;71-145. SOKAK;sokak;1529601
SİVAS;MERKEZ;ESENYURT;71-146. SOKAK;sokak;1529603
SİVAS;MERKEZ;ESENYURT;71-147. SOKAK;sokak;1529605
SİVAS;MERKEZ;ESENYURT;71-148. SOKAK;sokak;1529607
SİVAS;MERKEZ;ESENYURT;71-149. SOKAK;sokak;1529609
SİVAS;MERKEZ;ESENYURT;71-15. SOKAK;sokak;725523
SİVAS;MERKEZ;ESENYURT;71-150. SOKAK;sokak;1529611
SİVAS;MERKEZ;ESENYURT;71-151. SOKAK;sokak;1529613
SİVAS;MERKEZ;ESENYURT;71-153. SOKAK;sokak;862893110
SİVAS;MERKEZ;ESENYURT;71-154. SOKAK;sokak;975069191
SİVAS;MERKEZ;ESENYURT;71-155. SOKAK;sokak;868460371
SİVAS;MERKEZ;ESENYURT;71-156. SOKAK;sokak;212364841
SİVAS;MERKEZ;ESENYURT;71-16. SOKAK;sokak;342457
SİVAS;MERKEZ;ESENYURT;71-17. SOKAK;sokak;342458
SİVAS;MERKEZ;ESENYURT;71-18. SOKAK;sokak;725104
SİVAS;MERKEZ;ESENYURT;71-19. SOKAK;sokak;251110
SİVAS;MERKEZ;ESENYURT;71-2. SOKAK;sokak;725097
SİVAS;MERKEZ;ESENYURT;71-20. SOKAK;sokak;731215
SİVAS;MERKEZ;ESENYURT;71-200. SOKAK;sokak;1521189
SİVAS;MERKEZ;ESENYURT;71-201. SOKAK;sokak;1521191
SİVAS;MERKEZ;ESENYURT;71-202. SOKAK;sokak;1521185
SİVAS;MERKEZ;ESENYURT;71-203. SOKAK;sokak;1521187
SİVAS;MERKEZ;ESENYURT;71-204. SOKAK;sokak;388381731
SİVAS;MERKEZ;ESENYURT;71-205. SOKAK;sokak;734145341
SİVAS;MERKEZ;ESENYURT;71-206. SOKAK;sokak;250842371
SİVAS;MERKEZ;ESENYURT;71-21. SOKAK;sokak;467049
SİVAS;MERKEZ;ESENYURT;71-22. SOKAK;sokak;467050
SİVAS;MERKEZ;ESENYURT;71-23. SOKAK;sokak;717875
SİVAS;MERKEZ;ESENYURT;71-24. SOKAK;sokak;725423
SİVAS;MERKEZ;ESENYURT;71-25. SOKAK;sokak;725424
SİVAS;MERKEZ;ESENYURT;71-26. SOKAK;sokak;342461
SİVAS;MERKEZ;ESENYURT;71-27. SOKAK;sokak;342464
SİVAS;MERKEZ;ESENYURT;71-28. SOKAK;sokak;467052
SİVAS;MERKEZ;ESENYURT;71-29. SOKAK;sokak;342465
SİVAS;MERKEZ;ESENYURT;71-3. SOKAK;sokak;722306
SİVAS;MERKEZ;ESENYURT;71-30. SOKAK;sokak;342468
SİVAS;MERKEZ;ESENYURT;71-31. SOKAK;sokak;342469
SİVAS;MERKEZ;ESENYURT;71-32. SOKAK;sokak;245359
SİVAS;MERKEZ;ESENYURT;71-33. SOKAK;sokak;718065
SİVAS;MERKEZ;ESENYURT;71-34. SOKAK;sokak;390266
SİVAS;MERKEZ;ESENYURT;71-35. SOKAK;sokak;718066
SİVAS;MERKEZ;ESENYURT;71-36. SOKAK;sokak;342470
SİVAS;MERKEZ;ESENYURT;71-37. SOKAK;sokak;722305
SİVAS;MERKEZ;ESENYURT;71-38. SOKAK;sokak;722304
SİVAS;MERKEZ;ESENYURT;71-39. SOKAK;sokak;725095
SİVAS;MERKEZ;ESENYURT;71-4. SOKAK;sokak;722307
SİVAS;MERKEZ;ESENYURT;71-40. SOKAK;sokak;722303
SİVAS;MERKEZ;ESENYURT;71-41. SOKAK;sokak;725094
SİVAS;MERKEZ;ESENYURT;71-42. SOKAK;sokak;722302
SİVAS;MERKEZ;ESENYURT;71-43. SOKAK;sokak;726328
SİVAS;MERKEZ;ESENYURT;71-44 SOKAK;sokak;1529425
SİVAS;MERKEZ;ESENYURT;71-45. SOKAK;sokak;722301
SİVAS;MERKEZ;ESENYURT;71-46. SOKAK;sokak;726325
SİVAS;MERKEZ;ESENYURT;71-47. SOKAK;sokak;722300
SİVAS;MERKEZ;ESENYURT;71-48. SOKAK;sokak;726324
SİVAS;MERKEZ;ESENYURT;71-49. SOKAK;sokak;726323
SİVAS;MERKEZ;ESENYURT;71-5. SOKAK;sokak;722308
SİVAS;MERKEZ;ESENYURT;71-50. SOKAK;sokak;725093
SİVAS;MERKEZ;ESENYURT;71-51. SOKAK;sokak;726322
SİVAS;MERKEZ;ESENYURT;71-52. SOKAK;sokak;726321
SİVAS;MERKEZ;ESENYURT;71-53. SOKAK;sokak;722299
SİVAS;MERKEZ;ESENYURT;71-54. SOKAK;sokak;725092
SİVAS;MERKEZ;ESENYURT;71-55. SOKAK;sokak;722298
SİVAS;MERKEZ;ESENYURT;71-56. SOKAK;sokak;722297
SİVAS;MERKEZ;ESENYURT;71-57. SOKAK;sokak;725091
SİVAS;MERKEZ;ESENYURT;71-58. SOKAK;sokak;725089
SİVAS;MERKEZ;ESENYURT;71-59. SOKAK;sokak;940187
SİVAS;MERKEZ;ESENYURT;71-6. SOKAK;sokak;722309
SİVAS;MERKEZ;ESENYURT;71-60. SOKAK;sokak;940189
SİVAS;MERKEZ;ESENYURT;71-61. SOKAK;sokak;940190
SİVAS;MERKEZ;ESENYURT;71-62. SOKAK;sokak;940191
SİVAS;MERKEZ;ESENYURT;71-63. SOKAK;sokak;722296
SİVAS;MERKEZ;ESENYURT;71-64. SOKAK;sokak;922195
SİVAS;MERKEZ;ESENYURT;71-65. SOKAK;sokak;940193
SİVAS;MERKEZ;ESENYURT;71-66. SOKAK;sokak;726317
SİVAS;MERKEZ;ESENYURT;71-67. SOKAK;sokak;722293
SİVAS;MERKEZ;ESENYURT;71-68. SOKAK;sokak;726316
SİVAS;MERKEZ;ESENYURT;71-69. SOKAK;sokak;728704
SİVAS;MERKEZ;ESENYURT;71-7. SOKAK;sokak;722310
SİVAS;MERKEZ;ESENYURT;71-70. SOKAK;sokak;729587
SİVAS;MERKEZ;ESENYURT;71-71. SOKAK;sokak;725512
SİVAS;MERKEZ;ESENYURT;71-72. SOKAK;sokak;729586
SİVAS;MERKEZ;ESENYURT;71-73. SOKAK;sokak;729585
SİVAS;MERKEZ;ESENYURT;71-74. SOKAK;sokak;728699
SİVAS;MERKEZ;ESENYURT;71-75. SOKAK;sokak;729583
SİVAS;MERKEZ;ESENYURT;71-76. SOKAK;sokak;874213921
SİVAS;MERKEZ;ESENYURT;71-77. SOKAK;sokak;729584
SİVAS;MERKEZ;ESENYURT;71-78. SOKAK;sokak;1088765
SİVAS;MERKEZ;ESENYURT;71-79. SOKAK;sokak;1088767
SİVAS;MERKEZ;ESENYURT;71-8. SOKAK;sokak;722311
SİVAS;MERKEZ;ESENYURT;71-80. SOKAK;sokak;1088771
SİVAS;MERKEZ;ESENYURT;71-81. SOKAK;sokak;1088773
SİVAS;MERKEZ;ESENYURT;71-82. SOKAK;sokak;1088777
SİVAS;MERKEZ;ESENYURT;71-83. SOKAK;sokak;1088779
SİVAS;MERKEZ;ESENYURT;71-84. SOKAK;sokak;1088783
SİVAS;MERKEZ;ESENYURT;71-85. SOKAK;sokak;1088781
SİVAS;MERKEZ;ESENYURT;71-86. SOKAK;sokak;1088787
SİVAS;MERKEZ;ESENYURT;71-87. SOKAK;sokak;1088791
SİVAS;MERKEZ;ESENYURT;71-88. SOKAK;sokak;1088793
SİVAS;MERKEZ;ESENYURT;71-89. SOKAK;sokak;1088775
SİVAS;MERKEZ;ESENYURT;71-9. SOKAK;sokak;725098
SİVAS;MERKEZ;ESENYURT;71-90. SOKAK;sokak;1123581
SİVAS;MERKEZ;ESENYURT;71-91. SOKAK;sokak;1123583
SİVAS;MERKEZ;ESENYURT;71-92. SOKAK;sokak;1123585
SİVAS;MERKEZ;ESENYURT;71-93. SOKAK;sokak;1123589
SİVAS;MERKEZ;ESENYURT;71-94. SOKAK;sokak;1123597
SİVAS;MERKEZ;ESENYURT;71-95. SOKAK;sokak;721369220
SİVAS;MERKEZ;ESENYURT;71-96. SOKAK;sokak;1090584
SİVAS;MERKEZ;ESENYURT;71-97. SOKAK;sokak;939287
SİVAS;MERKEZ;ESENYURT;71-98. SOKAK;sokak;1140187
SİVAS;MERKEZ;ESENYURT;71-99. SOKAK;sokak;1140195
SİVAS;MERKEZ;ESENYURT;ALEYNA SOKAK;sokak;342473
SİVAS;MERKEZ;ESENYURT;ALPARSLAN TÜRKEŞ BULVAR;sokak;941254
SİVAS;MERKEZ;ESENYURT;AŞİYAN CADDE;cadde;1034094
SİVAS;MERKEZ;ESENYURT;BAĞCI SOKAK;sokak;725507
SİVAS;MERKEZ;ESENYURT;BAHÇELİEVLER CADDE;cadde;1250497
SİVAS;MERKEZ;ESENYURT;BALÖZÜ SOKAK;sokak;945180
SİVAS;MERKEZ;ESENYURT;BERCESTE SOKAK;sokak;768319
SİVAS;MERKEZ;ESENYURT;CANSU SOKAK;sokak;467371
SİVAS;MERKEZ;ESENYURT;CEVAHİR SOKAK;sokak;923694
SİVAS;MERKEZ;ESENYURT;ÇAMLIK SOKAK;sokak;342477
SİVAS;MERKEZ;ESENYURT;ÇARDAK SOKAK;sokak;922220
SİVAS;MERKEZ;ESENYURT;ÇAYIR SOKAK;sokak;342478
SİVAS;MERKEZ;ESENYURT;DEDE KORKUT SOKAK;sokak;342475
SİVAS;MERKEZ;ESENYURT;DEREBOYU SOKAK;sokak;772072
SİVAS;MERKEZ;ESENYURT;DİLARA SOKAK;sokak;342471
SİVAS;MERKEZ;ESENYURT;DOLUNAY SOKAK;sokak;768320
SİVAS;MERKEZ;ESENYURT;ERTUĞRUL GAZİ CADDE;cadde;1133156
SİVAS;MERKEZ;ESENYURT;ESENYURT CADDE;cadde;366555
SİVAS;MERKEZ;ESENYURT;GÜLBAHAR SOKAK;sokak;727387
SİVAS;MERKEZ;ESENYURT;GÜZİDE SOKAK;sokak;153423
SİVAS;MERKEZ;ESENYURT;İMARET CADDE;cadde;1277315
SİVAS;MERKEZ;ESENYURT;KARDEŞLER CADDE;cadde;702197461
SİVAS;MERKEZ;ESENYURT;KAYSERİ BULVAR;sokak;950603
SİVAS;MERKEZ;ESENYURT;KESİKKÖPRÜ CADDE;cadde;1090282
SİVAS;MERKEZ;ESENYURT;KÖKNAR/1 SOKAK;sokak;1438203
SİVAS;MERKEZ;ESENYURT;LODOS SOKAK;sokak;342463
SİVAS;MERKEZ;ESENYURT;MELTEM SOKAK;sokak;342462
SİVAS;MERKEZ;ESENYURT;NAZLI SOKAK;sokak;922221
SİVAS;MERKEZ;ESENYURT;POYRAZ SOKAK;sokak;467051
SİVAS;MERKEZ;ESENYURT;SAFİR SOKAK;sokak;957630
SİVAS;MERKEZ;ESENYURT;SAMYELİ SOKAK;sokak;957632
SİVAS;MERKEZ;ESENYURT;ŞEHİT ADEM KOÇ SOKAK;sokak;767024
SİVAS;MERKEZ;ESENYURT;ŞEHİT ERDAL BULAK SOKAK;sokak;467373
SİVAS;MERKEZ;ESENYURT;ŞEHİT İSKENDER BOYRAZ SOKAK;sokak;342460
SİVAS;MERKEZ;ESENYURT;ŞEHİT MURAT DOĞAN SOKAK;sokak;766833
SİVAS;MERKEZ;ESENYURT;ŞEHİT MÜCAHİT IRMAK CADDE;cadde;342459
SİVAS;MERKEZ;ESENYURT;ŞEHİT SEFER KANAL SOKAK;sokak;342467
SİVAS;MERKEZ;ESENYURT;ŞEHİT ÜMİT MERAL SOKAK;sokak;342466
SİVAS;MERKEZ;ESENYURT;ŞEYH EDEBALİ CADDE;cadde;1057179
SİVAS;MERKEZ;ESENYURT;VİLLA 1. SOKAK;sokak;720584
SİVAS;MERKEZ;ESENYURT;VİLLA 2. SOKAK;sokak;151072
SİVAS;MERKEZ;ESENYURT;VİLLA 3. SOKAK;sokak;467367
SİVAS;MERKEZ;ESENYURT;VİLLA 4. SOKAK;sokak;467369
SİVAS;MERKEZ;ESENYURT;VİLLA 5. SOKAK;sokak;467370
SİVAS;MERKEZ;ESENYURT;VİLLA 6. SOKAK;sokak;342474
SİVAS;MERKEZ;ESENYURT;VİLLA 7. SOKAK;sokak;342476
SİVAS;MERKEZ;ESENYURT;VİLLA KENT CADDE;cadde;467372
SİVAS;MERKEZ;ESKİAPARDI NA;ESKİAPARDI KÜME EVLER;sokak;153474
SİVAS;MERKEZ;ESKİBOĞAZKESEN - DAYI DERESİ;DAYI DERESİ KÜME EVLER;sokak;653479
SİVAS;MERKEZ;ESKİBOĞAZKESEN NA;ESKİBOĞAZKESEN KÜME EVLER;sokak;660085
SİVAS;MERKEZ;ESKİKALE;13-1. SOKAK;sokak;344313
SİVAS;MERKEZ;ESKİKALE;13-10. SOKAK;sokak;344314
SİVAS;MERKEZ;ESKİKALE;13-2. SOKAK;sokak;344315
SİVAS;MERKEZ;ESKİKALE;13-3. SOKAK;sokak;344316
SİVAS;MERKEZ;ESKİKALE;13-4. SOKAK;sokak;344317
SİVAS;MERKEZ;ESKİKALE;13-5. SOKAK;sokak;344318
SİVAS;MERKEZ;ESKİKALE;13-6. SOKAK;sokak;342479
SİVAS;MERKEZ;ESKİKALE;13-7. SOKAK;sokak;342480
SİVAS;MERKEZ;ESKİKALE;13-8. SOKAK;sokak;342481
SİVAS;MERKEZ;ESKİKALE;13-9. SOKAK;sokak;467374
SİVAS;MERKEZ;ESKİKALE;ATATÜRK CADDE;cadde;367773
SİVAS;MERKEZ;ESKİKALE;BANKALAR CADDE;cadde;342482
SİVAS;MERKEZ;ESKİKALE;ÇİFTE MİNARE SOKAK;sokak;344310
SİVAS;MERKEZ;ESKİKALE;ELİF SOKAK;sokak;366556
SİVAS;MERKEZ;ESKİKALE;HAKKI HAFIZ SOKAK;sokak;342484
SİVAS;MERKEZ;ESKİKALE;HOCA İMAM SOKAK;sokak;344302
SİVAS;MERKEZ;ESKİKALE;IŞIK SOKAK;sokak;711273
SİVAS;MERKEZ;ESKİKALE;İHRAMCIZADE SOKAK;sokak;342483
SİVAS;MERKEZ;ESKİKALE;İNÖNÜ BULVAR;sokak;344311
SİVAS;MERKEZ;ESKİKALE;KONGRE CADDE;cadde;944912
SİVAS;MERKEZ;ESKİKALE;MAHKEME ÇARŞISI CADDE;cadde;467375
SİVAS;MERKEZ;ESKİKALE;MEHMET AKYOL SOKAK;sokak;344303
SİVAS;MERKEZ;ESKİKALE;OSMAN PAŞA CADDE;cadde;344304
SİVAS;MERKEZ;ESKİKALE;SARAY YOLU SOKAK;sokak;344305
SİVAS;MERKEZ;ESKİKALE;SELÇUKLU SOKAK;sokak;344306
SİVAS;MERKEZ;ESKİKALE;SİRER CADDE;cadde;344307
SİVAS;MERKEZ;ESKİKALE;ŞİFAİYE SOKAK;sokak;344312
SİVAS;MERKEZ;ESKİKALE;TAŞHAN SOKAK;sokak;711272
SİVAS;MERKEZ;ESKİKALE;ULU CAMİİ SOKAK;sokak;344308
SİVAS;MERKEZ;ESKİKALE;ULU ÇARŞI SOKAK;sokak;344309
SİVAS;MERKEZ;ESKİKÖY NA;ESKİKÖY KÜME EVLER;sokak;701633
SİVAS;MERKEZ;FATİH;60-1. SOKAK;sokak;344338
SİVAS;MERKEZ;FATİH;60-10. SOKAK;sokak;344339
SİVAS;MERKEZ;FATİH;60-100. SOKAK;sokak;730938
SİVAS;MERKEZ;FATİH;60-101. SOKAK;sokak;211575
SİVAS;MERKEZ;FATİH;60-102. SOKAK;sokak;942686
SİVAS;MERKEZ;FATİH;60-103. SOKAK;sokak;1137415
SİVAS;MERKEZ;FATİH;60-104. SOKAK;sokak;1137419
SİVAS;MERKEZ;FATİH;60-105. SOKAK;sokak;1137421
SİVAS;MERKEZ;FATİH;60-106. SOKAK;sokak;1137423
SİVAS;MERKEZ;FATİH;60-107. SOKAK;sokak;1137425
SİVAS;MERKEZ;FATİH;60-108. SOKAK;sokak;1137427
SİVAS;MERKEZ;FATİH;60-109. SOKAK;sokak;1137429
SİVAS;MERKEZ;FATİH;60-110. SOKAK;sokak;1137431
SİVAS;MERKEZ;FATİH;60-111. SOKAK;sokak;1137433
SİVAS;MERKEZ;FATİH;60-12. SOKAK;sokak;344340
SİVAS;MERKEZ;FATİH;60-13. SOKAK;sokak;344341
SİVAS;MERKEZ;FATİH;60-14. SOKAK;sokak;468786
SİVAS;MERKEZ;FATİH;60-146. SOKAK;sokak;1137761
SİVAS;MERKEZ;FATİH;60-147. SOKAK;sokak;939314
SİVAS;MERKEZ;FATİH;60-148. SOKAK;sokak;939320
SİVAS;MERKEZ;FATİH;60-149. SOKAK;sokak;939319
SİVAS;MERKEZ;FATİH;60-15. SOKAK;sokak;344342
SİVAS;MERKEZ;FATİH;60-150. SOKAK;sokak;939318
SİVAS;MERKEZ;FATİH;60-151. SOKAK;sokak;939317
SİVAS;MERKEZ;FATİH;60-152. SOKAK;sokak;939315
SİVAS;MERKEZ;FATİH;60-153. SOKAK;sokak;939316
SİVAS;MERKEZ;FATİH;60-154. SOKAK;sokak;940200
SİVAS;MERKEZ;FATİH;60-155. SOKAK;sokak;939302
SİVAS;MERKEZ;FATİH;60-156. SOKAK;sokak;939303
SİVAS;MERKEZ;FATİH;60-157. SOKAK;sokak;942900
SİVAS;MERKEZ;FATİH;60-158. SOKAK;sokak;939304
SİVAS;MERKEZ;FATİH;60-159. SOKAK;sokak;939305
SİVAS;MERKEZ;FATİH;60-16. SOKAK;sokak;344343
SİVAS;MERKEZ;FATİH;60-160. SOKAK;sokak;939306
SİVAS;MERKEZ;FATİH;60-161. SOKAK;sokak;223747631
SİVAS;MERKEZ;FATİH;60-162. SOKAK;sokak;758954171
SİVAS;MERKEZ;FATİH;60-163. SOKAK;sokak;369398331
SİVAS;MERKEZ;FATİH;60-164. SOKAK;sokak;806106111
SİVAS;MERKEZ;FATİH;60-165. SOKAK;sokak;279846081
SİVAS;MERKEZ;FATİH;60-166. SOKAK;sokak;382577131
SİVAS;MERKEZ;FATİH;60-167. SOKAK;sokak;937920911
SİVAS;MERKEZ;FATİH;60-168. SOKAK;sokak;787687931
SİVAS;MERKEZ;FATİH;60-169. SOKAK;sokak;479301441
SİVAS;MERKEZ;FATİH;60-17. SOKAK;sokak;468787
SİVAS;MERKEZ;FATİH;60-19. SOKAK;sokak;344345
SİVAS;MERKEZ;FATİH;60-2. SOKAK;sokak;344346
SİVAS;MERKEZ;FATİH;60-20. SOKAK;sokak;468788
SİVAS;MERKEZ;FATİH;60-21. SOKAK;sokak;344347
SİVAS;MERKEZ;FATİH;60-22. SOKAK;sokak;344348
SİVAS;MERKEZ;FATİH;60-23. SOKAK;sokak;468789
SİVAS;MERKEZ;FATİH;60-24. SOKAK;sokak;344349
SİVAS;MERKEZ;FATİH;60-25. SOKAK;sokak;344350
SİVAS;MERKEZ;FATİH;60-26. SOKAK;sokak;468790
SİVAS;MERKEZ;FATİH;60-27. SOKAK;sokak;344351
SİVAS;MERKEZ;FATİH;60-28. SOKAK;sokak;760589
SİVAS;MERKEZ;FATİH;60-29. SOKAK;sokak;344352
SİVAS;MERKEZ;FATİH;60-3. SOKAK;sokak;468791
SİVAS;MERKEZ;FATİH;60-31. SOKAK;sokak;344353
SİVAS;MERKEZ;FATİH;60-32. SOKAK;sokak;344354
SİVAS;MERKEZ;FATİH;60-33. SOKAK;sokak;749721
SİVAS;MERKEZ;FATİH;60-35. SOKAK;sokak;344355
SİVAS;MERKEZ;FATİH;60-36. SOKAK;sokak;468793
SİVAS;MERKEZ;FATİH;60-37. SOKAK;sokak;344357
SİVAS;MERKEZ;FATİH;60-38. SOKAK;sokak;344358
SİVAS;MERKEZ;FATİH;60-4. SOKAK;sokak;344360
SİVAS;MERKEZ;FATİH;60-40. SOKAK;sokak;463807
SİVAS;MERKEZ;FATİH;60-41. SOKAK;sokak;344362
SİVAS;MERKEZ;FATİH;60-42. SOKAK;sokak;344363
SİVAS;MERKEZ;FATİH;60-43. SOKAK;sokak;469411
SİVAS;MERKEZ;FATİH;60-44. SOKAK;sokak;721762
SİVAS;MERKEZ;FATİH;60-45. SOKAK;sokak;344364
SİVAS;MERKEZ;FATİH;60-46. SOKAK;sokak;469412
SİVAS;MERKEZ;FATİH;60-47. SOKAK;sokak;344366
SİVAS;MERKEZ;FATİH;60-48. SOKAK;sokak;469413
SİVAS;MERKEZ;FATİH;60-49. SOKAK;sokak;344367
SİVAS;MERKEZ;FATİH;60-5. SOKAK;sokak;344368
SİVAS;MERKEZ;FATİH;60-50. SOKAK;sokak;344369
SİVAS;MERKEZ;FATİH;60-51. SOKAK;sokak;469414
SİVAS;MERKEZ;FATİH;60-52. SOKAK;sokak;721763
SİVAS;MERKEZ;FATİH;60-53. SOKAK;sokak;344370
SİVAS;MERKEZ;FATİH;60-54. SOKAK;sokak;469415
SİVAS;MERKEZ;FATİH;60-55. SOKAK;sokak;344371
SİVAS;MERKEZ;FATİH;60-56. SOKAK;sokak;749411
SİVAS;MERKEZ;FATİH;60-58. SOKAK;sokak;344373
SİVAS;MERKEZ;FATİH;60-59. SOKAK;sokak;749723
SİVAS;MERKEZ;FATİH;60-6. SOKAK;sokak;344374
SİVAS;MERKEZ;FATİH;60-60. SOKAK;sokak;469417
SİVAS;MERKEZ;FATİH;60-61. SOKAK;sokak;344375
SİVAS;MERKEZ;FATİH;60-62. SOKAK;sokak;749724
SİVAS;MERKEZ;FATİH;60-63. SOKAK;sokak;760590
SİVAS;MERKEZ;FATİH;60-64. SOKAK;sokak;344376
SİVAS;MERKEZ;FATİH;60-65. SOKAK;sokak;469418
SİVAS;MERKEZ;FATİH;60-66. SOKAK;sokak;344377
SİVAS;MERKEZ;FATİH;60-67. SOKAK;sokak;721764
SİVAS;MERKEZ;FATİH;60-68. SOKAK;sokak;344378
SİVAS;MERKEZ;FATİH;60-7. SOKAK;sokak;344379
SİVAS;MERKEZ;FATİH;60-70. SOKAK;sokak;721755
SİVAS;MERKEZ;FATİH;60-71. SOKAK;sokak;749414
SİVAS;MERKEZ;FATİH;60-72. SOKAK;sokak;344380
SİVAS;MERKEZ;FATİH;60-73. SOKAK;sokak;469420
SİVAS;MERKEZ;FATİH;60-74. SOKAK;sokak;344381
SİVAS;MERKEZ;FATİH;60-75. SOKAK;sokak;344382
SİVAS;MERKEZ;FATİH;60-76. SOKAK;sokak;469421
SİVAS;MERKEZ;FATİH;60-77. SOKAK;sokak;419579
SİVAS;MERKEZ;FATİH;60-78. SOKAK;sokak;721765
SİVAS;MERKEZ;FATİH;60-79. SOKAK;sokak;344383
SİVAS;MERKEZ;FATİH;60-8. SOKAK;sokak;469422
SİVAS;MERKEZ;FATİH;60-80. SOKAK;sokak;344319
SİVAS;MERKEZ;FATİH;60-81. SOKAK;sokak;344320
SİVAS;MERKEZ;FATİH;60-82. SOKAK;sokak;344321
SİVAS;MERKEZ;FATİH;60-83. SOKAK;sokak;344322
SİVAS;MERKEZ;FATİH;60-84. SOKAK;sokak;721766
SİVAS;MERKEZ;FATİH;60-86. SOKAK;sokak;344324
SİVAS;MERKEZ;FATİH;60-87. SOKAK;sokak;749415
SİVAS;MERKEZ;FATİH;60-88. SOKAK;sokak;344325
SİVAS;MERKEZ;FATİH;60-89. SOKAK;sokak;344326
SİVAS;MERKEZ;FATİH;60-9. SOKAK;sokak;344327
SİVAS;MERKEZ;FATİH;60-90. SOKAK;sokak;721767
SİVAS;MERKEZ;FATİH;60-91. SOKAK;sokak;344328
SİVAS;MERKEZ;FATİH;60-92. SOKAK;sokak;334475
SİVAS;MERKEZ;FATİH;60-93. SOKAK;sokak;749416
SİVAS;MERKEZ;FATİH;60-95. SOKAK;sokak;344329
SİVAS;MERKEZ;FATİH;60-96. SOKAK;sokak;759755
SİVAS;MERKEZ;FATİH;60-97. SOKAK;sokak;749417
SİVAS;MERKEZ;FATİH;60-98. SOKAK;sokak;730939
SİVAS;MERKEZ;FATİH;60-99. SOKAK;sokak;730940
SİVAS;MERKEZ;FATİH;ABDULHAMİT HAN CADDE;cadde;344331
SİVAS;MERKEZ;FATİH;AKÇAY SOKAK;sokak;764051
SİVAS;MERKEZ;FATİH;AKŞEMSEDDİN CADDE;cadde;344330
SİVAS;MERKEZ;FATİH;ALİZE SOKAK;sokak;344372
SİVAS;MERKEZ;FATİH;ALSANCAK CADDE;cadde;468781
SİVAS;MERKEZ;FATİH;ANIL SOKAK;sokak;26226
SİVAS;MERKEZ;FATİH;ARDA SOKAK;sokak;764058
SİVAS;MERKEZ;FATİH;ATAKAN SOKAK;sokak;764056
SİVAS;MERKEZ;FATİH;AYCAN SOKAK;sokak;764055
SİVAS;MERKEZ;FATİH;AZERİ SOKAK;sokak;344365
SİVAS;MERKEZ;FATİH;BAYIRBUCAK CADDE;cadde;730942
SİVAS;MERKEZ;FATİH;ÇAKIL SOKAK;sokak;945448
SİVAS;MERKEZ;FATİH;DAHİ SOKAK;sokak;957584
SİVAS;MERKEZ;FATİH;EŞREF BİTLİS CADDE;cadde;1107721
SİVAS;MERKEZ;FATİH;FETİH CADDE;cadde;344332
SİVAS;MERKEZ;FATİH;GAZNELİ SOKAK;sokak;344333
SİVAS;MERKEZ;FATİH;GÜVEN CADDE;cadde;938847
SİVAS;MERKEZ;FATİH;HAYRİ SIĞIRCI BULVAR;sokak;730907
SİVAS;MERKEZ;FATİH;HÜMA HATUN SOKAK;sokak;922166
SİVAS;MERKEZ;FATİH;HÜNKAR SOKAK;sokak;939307
SİVAS;MERKEZ;FATİH;IŞIL SOKAK;sokak;932851
SİVAS;MERKEZ;FATİH;KIRÇİÇEĞİ SOKAK;sokak;764057
SİVAS;MERKEZ;FATİH;KÜÇÜK SOKAK;sokak;925267
SİVAS;MERKEZ;FATİH;MERAKUM CADDE;cadde;468782
SİVAS;MERKEZ;FATİH;MİNE SOKAK;sokak;344356
SİVAS;MERKEZ;FATİH;MUKADDES SOKAK;sokak;430110
SİVAS;MERKEZ;FATİH;SEBAT SOKAK;sokak;939959
SİVAS;MERKEZ;FATİH;SEFA SOKAK;sokak;939961
SİVAS;MERKEZ;FATİH;SULTAN MEHMET CADDE;cadde;469419
SİVAS;MERKEZ;FATİH;ŞAFAK CADDE;cadde;468784
SİVAS;MERKEZ;FATİH;ŞEHİT AHMET BAYIR SOKAK;sokak;763174
SİVAS;MERKEZ;FATİH;ŞEHİT CÜNEYT ERKAN SOKAK;sokak;430109
SİVAS;MERKEZ;FATİH;ŞEHİT HİKMET DUMAN SOKAK;sokak;725759
SİVAS;MERKEZ;FATİH;ŞEHİT MEFTUNİ DUMAN SOKAK;sokak;463806
SİVAS;MERKEZ;FATİH;ŞEHİT MURAT CANPOLAT CADDE;cadde;727398
SİVAS;MERKEZ;FATİH;ŞEHİT NURULLAH ÇAKIR SOKAK;sokak;344323
SİVAS;MERKEZ;FATİH;TAPTUK EMRE CADDE;cadde;344361
SİVAS;MERKEZ;FATİH;TAŞKENT CADDE;cadde;344334
SİVAS;MERKEZ;FATİH;TEKİN SOKAK;sokak;228528
SİVAS;MERKEZ;FATİH;TEMELTEPE CADDE;cadde;764053
SİVAS;MERKEZ;FATİH;TOPRAK SOKAK;sokak;422372
SİVAS;MERKEZ;FATİH;UFUK CADDE;cadde;344335
SİVAS;MERKEZ;FATİH;ULUBATLI CADDE;cadde;468783
SİVAS;MERKEZ;FATİH;YAVUZ SULTAN SELİM CADDE;cadde;344336
SİVAS;MERKEZ;FATİH;YENİÇAĞ SOKAK;sokak;924053
SİVAS;MERKEZ;FATİH;YEŞİLAY CADDE;cadde;344337
SİVAS;MERKEZ;FATİH;ZERAFET SOKAK;sokak;944892
SİVAS;MERKEZ;FERHATBOSTAN;26-1. SOKAK;sokak;344384
SİVAS;MERKEZ;FERHATBOSTAN;26-10. SOKAK;sokak;344385
SİVAS;MERKEZ;FERHATBOSTAN;26-11. SOKAK;sokak;469423
SİVAS;MERKEZ;FERHATBOSTAN;26-12. SOKAK;sokak;344386
SİVAS;MERKEZ;FERHATBOSTAN;26-13. SOKAK;sokak;765110
SİVAS;MERKEZ;FERHATBOSTAN;26-14. SOKAK;sokak;344387
SİVAS;MERKEZ;FERHATBOSTAN;26-15. SOKAK;sokak;469424
SİVAS;MERKEZ;FERHATBOSTAN;26-16. SOKAK;sokak;344389
SİVAS;MERKEZ;FERHATBOSTAN;26-17. SOKAK;sokak;469425
SİVAS;MERKEZ;FERHATBOSTAN;26-18. SOKAK;sokak;344390
SİVAS;MERKEZ;FERHATBOSTAN;26-2. SOKAK;sokak;344391
SİVAS;MERKEZ;FERHATBOSTAN;26-3. SOKAK;sokak;469426
SİVAS;MERKEZ;FERHATBOSTAN;26-4. SOKAK;sokak;344718
SİVAS;MERKEZ;FERHATBOSTAN;26-5. SOKAK;sokak;344719
SİVAS;MERKEZ;FERHATBOSTAN;26-6. SOKAK;sokak;469427
SİVAS;MERKEZ;FERHATBOSTAN;26-7. SOKAK;sokak;344720
SİVAS;MERKEZ;FERHATBOSTAN;26-8. SOKAK;sokak;344721
SİVAS;MERKEZ;FERHATBOSTAN;ARİF EFENDİ SOKAK;sokak;344722
SİVAS;MERKEZ;FERHATBOSTAN;CAHİT ZARİFOĞLU CADDE;cadde;344723
SİVAS;MERKEZ;FERHATBOSTAN;DEDEBALI CADDE;cadde;469429
SİVAS;MERKEZ;FERHATBOSTAN;ELÇİ SOKAK;sokak;344724
SİVAS;MERKEZ;FERHATBOSTAN;FERHAT SOKAK;sokak;921097
SİVAS;MERKEZ;FERHATBOSTAN;FERHATBOSTAN CADDE;cadde;344725
SİVAS;MERKEZ;FERHATBOSTAN;FERMAN SOKAK;sokak;957586
SİVAS;MERKEZ;FERHATBOSTAN;PIRLANTA SOKAK;sokak;81523
SİVAS;MERKEZ;FERHATBOSTAN;SABRİ HAFIZ CADDE;cadde;765108
SİVAS;MERKEZ;FERHATBOSTAN;SAİT PAŞA CADDE;cadde;469430
SİVAS;MERKEZ;FERHATBOSTAN;ŞEHİTLER CADDE;cadde;939188
SİVAS;MERKEZ;FERHATBOSTAN;VALİ MUAMMER BEY CADDE;cadde;344726
SİVAS;MERKEZ;GAZİBEY - OĞUZLAR;OĞUZLAR KÜME EVLER;sokak;446795
SİVAS;MERKEZ;GAZİBEY NA;GAZİBEY KÜME EVLER;sokak;696189
SİVAS;MERKEZ;GAZİKÖY NA;GAZİKÖY KÜME EVLER;sokak;677919
SİVAS;MERKEZ;GÖKÇEBOSTAN;19-1. SOKAK;sokak;469438
SİVAS;MERKEZ;GÖKÇEBOSTAN;19-11. SOKAK;sokak;344743
SİVAS;MERKEZ;GÖKÇEBOSTAN;19-13. SOKAK;sokak;469440
SİVAS;MERKEZ;GÖKÇEBOSTAN;19-14. SOKAK;sokak;344745
SİVAS;MERKEZ;GÖKÇEBOSTAN;19-15. SOKAK;sokak;344746
SİVAS;MERKEZ;GÖKÇEBOSTAN;19-16. SOKAK;sokak;469441
SİVAS;MERKEZ;GÖKÇEBOSTAN;19-17. SOKAK;sokak;367780
SİVAS;MERKEZ;GÖKÇEBOSTAN;19-18. SOKAK;sokak;344727
SİVAS;MERKEZ;GÖKÇEBOSTAN;19-2. SOKAK;sokak;344728
SİVAS;MERKEZ;GÖKÇEBOSTAN;19-3. SOKAK;sokak;728330
SİVAS;MERKEZ;GÖKÇEBOSTAN;19-4. SOKAK;sokak;469432
SİVAS;MERKEZ;GÖKÇEBOSTAN;19-5. SOKAK;sokak;344729
SİVAS;MERKEZ;GÖKÇEBOSTAN;19-6. SOKAK;sokak;344730
SİVAS;MERKEZ;GÖKÇEBOSTAN;19-7. SOKAK;sokak;469433
SİVAS;MERKEZ;GÖKÇEBOSTAN;19-8. SOKAK;sokak;344731
SİVAS;MERKEZ;GÖKÇEBOSTAN;19-9. SOKAK;sokak;344732
SİVAS;MERKEZ;GÖKÇEBOSTAN;ALİ BABA CADDE;cadde;344733
SİVAS;MERKEZ;GÖKÇEBOSTAN;AY SOKAK;sokak;1100728
SİVAS;MERKEZ;GÖKÇEBOSTAN;BOSTAN SOKAK;sokak;469435
SİVAS;MERKEZ;GÖKÇEBOSTAN;BUĞDAY SOKAK;sokak;344744
SİVAS;MERKEZ;GÖKÇEBOSTAN;ÇİMENTEPE SOKAK;sokak;339223
SİVAS;MERKEZ;GÖKÇEBOSTAN;DORUK SOKAK;sokak;939269
SİVAS;MERKEZ;GÖKÇEBOSTAN;DOSTLAR SOKAK;sokak;344734
SİVAS;MERKEZ;GÖKÇEBOSTAN;GÖKÇE SOKAK;sokak;344735
SİVAS;MERKEZ;GÖKÇEBOSTAN;GÖNÜL SOKAK;sokak;344736
SİVAS;MERKEZ;GÖKÇEBOSTAN;GÜLSÜM SOKAK;sokak;469434
SİVAS;MERKEZ;GÖKÇEBOSTAN;H.İBRAHİM KAYMAK SOKAK;sokak;469431
SİVAS;MERKEZ;GÖKÇEBOSTAN;HAFIZ HAMİ SOKAK;sokak;469436
SİVAS;MERKEZ;GÖKÇEBOSTAN;HÖLLÜKLÜK CADDE;cadde;344737
SİVAS;MERKEZ;GÖKÇEBOSTAN;MEHMET AKİF ERSOY CADDE;cadde;344738
SİVAS;MERKEZ;GÖKÇEBOSTAN;PAPATYA SOKAK;sokak;469437
SİVAS;MERKEZ;GÖKÇEBOSTAN;RUHSATİ BABA CADDE;cadde;344740
SİVAS;MERKEZ;GÖKÇEBOSTAN;ÜLKÜ SOKAK;sokak;344741
SİVAS;MERKEZ;GÖKMEDRESE;34-10. SOKAK;sokak;469442
SİVAS;MERKEZ;GÖKMEDRESE;34-11. SOKAK;sokak;339225
SİVAS;MERKEZ;GÖKMEDRESE;34-12. SOKAK;sokak;367781
SİVAS;MERKEZ;GÖKMEDRESE;34-13. SOKAK;sokak;339226
SİVAS;MERKEZ;GÖKMEDRESE;34-14. SOKAK;sokak;202482
SİVAS;MERKEZ;GÖKMEDRESE;34-9. SOKAK;sokak;342737
SİVAS;MERKEZ;GÖKMEDRESE;ARAPŞEYH CADDE;cadde;342738
SİVAS;MERKEZ;GÖKMEDRESE;FEVZİ ÇAKMAK CADDE;cadde;342739
SİVAS;MERKEZ;GÖKMEDRESE;GÖKMEDRESE CADDE;cadde;342740
SİVAS;MERKEZ;GÖKMEDRESE;KALE PARKI SOKAK;sokak;342742
SİVAS;MERKEZ;GÖKMEDRESE;KALEARDI SOKAK;sokak;342741
SİVAS;MERKEZ;GÖKMEDRESE;MEDRESE SOKAK;sokak;342743
SİVAS;MERKEZ;GÖKMEDRESE;ÖRTMELİ SOKAK;sokak;342748
SİVAS;MERKEZ;GÖKMEDRESE;SAHUR SOKAK;sokak;942706
SİVAS;MERKEZ;GÖKMEDRESE;SEĞMEN SOKAK;sokak;342745
SİVAS;MERKEZ;GÖKMEDRESE;SERÇELİ SOKAK;sokak;342744
SİVAS;MERKEZ;GÖKMEDRESE;SEVAP SOKAK;sokak;942704
SİVAS;MERKEZ;GÖKMEDRESE;SEYHAN SOKAK;sokak;942702
SİVAS;MERKEZ;GÖKMEDRESE;UZUNYOL CADDE;cadde;342746
SİVAS;MERKEZ;GÖKMEDRESE;YAHYA BEY CADDE;cadde;342747
SİVAS;MERKEZ;GÖZMEN NA;GÖZMEN KÜME EVLER;sokak;688574
SİVAS;MERKEZ;GÜLLÜCE NA;GÜLLÜCE KÖY SOKAĞI KÜME EVLER;sokak;345728
SİVAS;MERKEZ;GÜLLÜK NA;GÜLLÜK KÖY SOKAGI KÜME EVLER;sokak;682611
SİVAS;MERKEZ;GÜLPINAR NA;GÜLPINAR KÜME EVLER;sokak;631079
SİVAS;MERKEZ;GÜLTEPE;1.SANAYİ SOKAK;sokak;342240
SİVAS;MERKEZ;GÜLTEPE;1.TOPTANCILAR SOKAK;sokak;342229
SİVAS;MERKEZ;GÜLTEPE;10.SANAYİ SOKAK;sokak;355393
SİVAS;MERKEZ;GÜLTEPE;10.TOPTANCILAR SOKAK;sokak;460886
SİVAS;MERKEZ;GÜLTEPE;11.SANAYİ SOKAK;sokak;342242
SİVAS;MERKEZ;GÜLTEPE;11.TOPTANCILAR SOKAK;sokak;342230
SİVAS;MERKEZ;GÜLTEPE;12.SANAYİ SOKAK;sokak;427944
SİVAS;MERKEZ;GÜLTEPE;12.TOPTANCILAR SOKAK;sokak;342231
SİVAS;MERKEZ;GÜLTEPE;13.SANAYİ SOKAK;sokak;460887
SİVAS;MERKEZ;GÜLTEPE;13.TOPTANCILAR SOKAK;sokak;342244
SİVAS;MERKEZ;GÜLTEPE;14.SANAYİ SOKAK;sokak;1033151
SİVAS;MERKEZ;GÜLTEPE;14.TOPTANCILAR SOKAK;sokak;342232
SİVAS;MERKEZ;GÜLTEPE;15.SANAYİ SOKAK;sokak;466622
SİVAS;MERKEZ;GÜLTEPE;15.TOPTANCILAR SOKAK;sokak;342247
SİVAS;MERKEZ;GÜLTEPE;16.SANAYİ SOKAK;sokak;1033153
SİVAS;MERKEZ;GÜLTEPE;16.TOPTANCILAR SOKAK;sokak;342233
SİVAS;MERKEZ;GÜLTEPE;17.SANAYİ SOKAK;sokak;342249
SİVAS;MERKEZ;GÜLTEPE;17.TOPTANCILAR SOKAK;sokak;460888
SİVAS;MERKEZ;GÜLTEPE;18.SANAYİ SOKAK;sokak;1033155
SİVAS;MERKEZ;GÜLTEPE;18.TOPTANCILAR SOKAK;sokak;342234
SİVAS;MERKEZ;GÜLTEPE;19.SANAYİ SOKAK;sokak;466624
SİVAS;MERKEZ;GÜLTEPE;19.TOPTANCILAR SOKAK;sokak;342235
SİVAS;MERKEZ;GÜLTEPE;2.SANAYİ SOKAK;sokak;466625
SİVAS;MERKEZ;GÜLTEPE;2.TOPTANCILAR SOKAK;sokak;460889
SİVAS;MERKEZ;GÜLTEPE;20.SANAYİ SOKAK;sokak;1033159
SİVAS;MERKEZ;GÜLTEPE;20.TOPTANCILAR SOKAK;sokak;696314
SİVAS;MERKEZ;GÜLTEPE;21.SANAYİ SOKAK;sokak;466626
SİVAS;MERKEZ;GÜLTEPE;21.TOPTANCILAR SOKAK;sokak;342237
SİVAS;MERKEZ;GÜLTEPE;22.SANAYİ SOKAK;sokak;1033161
SİVAS;MERKEZ;GÜLTEPE;23.SANAYİ SOKAK;sokak;467429
SİVAS;MERKEZ;GÜLTEPE;23.TOPTANCILAR SOKAK;sokak;209631
SİVAS;MERKEZ;GÜLTEPE;24.SANAYİ SOKAK;sokak;1033163
SİVAS;MERKEZ;GÜLTEPE;24.TOPTANCILAR SOKAK;sokak;209632
SİVAS;MERKEZ;GÜLTEPE;25.SANAYİ SOKAK;sokak;342259
SİVAS;MERKEZ;GÜLTEPE;25.TOPTANCILAR SOKAK;sokak;355394
SİVAS;MERKEZ;GÜLTEPE;26.SANAYİ SOKAK;sokak;1033165
SİVAS;MERKEZ;GÜLTEPE;26.TOPTANCILAR SOKAK;sokak;355419
SİVAS;MERKEZ;GÜLTEPE;27.SANAYİ SOKAK;sokak;467431
SİVAS;MERKEZ;GÜLTEPE;28.SANAYİ SOKAK;sokak;1033167
SİVAS;MERKEZ;GÜLTEPE;28.TOPTANCILAR SOKAK;sokak;209633
SİVAS;MERKEZ;GÜLTEPE;29.SANAYİ SOKAK;sokak;467432
SİVAS;MERKEZ;GÜLTEPE;3.SANAYİ SOKAK;sokak;342265
SİVAS;MERKEZ;GÜLTEPE;3.TOPTANCILAR SOKAK;sokak;342238
SİVAS;MERKEZ;GÜLTEPE;30.TOPTANCILAR SOKAK;sokak;209634
SİVAS;MERKEZ;GÜLTEPE;31.SANAYİ SOKAK;sokak;342267
SİVAS;MERKEZ;GÜLTEPE;32.SANAYİ SOKAK;sokak;1033171
SİVAS;MERKEZ;GÜLTEPE;32.TOPTANCILAR SOKAK;sokak;439042
SİVAS;MERKEZ;GÜLTEPE;33.SANAYİ SOKAK;sokak;342269
SİVAS;MERKEZ;GÜLTEPE;34.SANAYİ SOKAK;sokak;1033173
SİVAS;MERKEZ;GÜLTEPE;35.SANAYİ SOKAK;sokak;342271
SİVAS;MERKEZ;GÜLTEPE;35.TOPTANCILAR SOKAK;sokak;946542
SİVAS;MERKEZ;GÜLTEPE;36. SANAYİ SOKAK;sokak;453926851
SİVAS;MERKEZ;GÜLTEPE;37.SANAYİ SOKAK;sokak;342273
SİVAS;MERKEZ;GÜLTEPE;38.SANAYİ SOKAK;sokak;940207
SİVAS;MERKEZ;GÜLTEPE;39.SANAYİ SOKAK;sokak;342275
SİVAS;MERKEZ;GÜLTEPE;4.SANAYİ SOKAK;sokak;460891
SİVAS;MERKEZ;GÜLTEPE;4.TOPTANCILAR SOKAK;sokak;342277
SİVAS;MERKEZ;GÜLTEPE;40.SANAYİ SOKAK;sokak;940208
SİVAS;MERKEZ;GÜLTEPE;40.TOPTANCILAR SOKAK;sokak;946586
SİVAS;MERKEZ;GÜLTEPE;41.SANAYİ SOKAK;sokak;342278
SİVAS;MERKEZ;GÜLTEPE;41.TOPTANCILAR SOKAK;sokak;946590
SİVAS;MERKEZ;GÜLTEPE;42.SANAYİ SOKAK;sokak;925187
SİVAS;MERKEZ;GÜLTEPE;42.TOPTANCILAR SOKAK;sokak;946592
SİVAS;MERKEZ;GÜLTEPE;43.SANAYİ SOKAK;sokak;342280
SİVAS;MERKEZ;GÜLTEPE;43.TOPTANCILAR SOKAK;sokak;946594
SİVAS;MERKEZ;GÜLTEPE;44.SANAYİ SOKAK;sokak;925186
SİVAS;MERKEZ;GÜLTEPE;45.SANAYİ SOKAK;sokak;342281
SİVAS;MERKEZ;GÜLTEPE;46.SANAYİ SOKAK;sokak;1033177
SİVAS;MERKEZ;GÜLTEPE;47.SANAYİ SOKAK;sokak;342749
SİVAS;MERKEZ;GÜLTEPE;48.SANAYİ SOKAK;sokak;1033179
SİVAS;MERKEZ;GÜLTEPE;49.SANAYİ SOKAK;sokak;342750
SİVAS;MERKEZ;GÜLTEPE;49.TOPTANCILAR SOKAK;sokak;955896
SİVAS;MERKEZ;GÜLTEPE;5.SANAYİ SOKAK;sokak;342239
SİVAS;MERKEZ;GÜLTEPE;5.TOPTANCILAR SOKAK;sokak;434124
SİVAS;MERKEZ;GÜLTEPE;51.SANAYİ SOKAK;sokak;342753
SİVAS;MERKEZ;GÜLTEPE;53-1 KÜME EVLER;sokak;965508
SİVAS;MERKEZ;GÜLTEPE;53-1. SOKAK;sokak;460893
SİVAS;MERKEZ;GÜLTEPE;53-10. SOKAK;sokak;342241
SİVAS;MERKEZ;GÜLTEPE;53-11. SOKAK;sokak;466620
SİVAS;MERKEZ;GÜLTEPE;53-12. SOKAK;sokak;342243
SİVAS;MERKEZ;GÜLTEPE;53-13. SOKAK;sokak;466621
SİVAS;MERKEZ;GÜLTEPE;53-14. SOKAK;sokak;342246
SİVAS;MERKEZ;GÜLTEPE;53-15. SOKAK;sokak;342248
SİVAS;MERKEZ;GÜLTEPE;53-16. SOKAK;sokak;466623
SİVAS;MERKEZ;GÜLTEPE;53-18. SOKAK;sokak;342251
SİVAS;MERKEZ;GÜLTEPE;53-19. SOKAK;sokak;342252
SİVAS;MERKEZ;GÜLTEPE;53-2. SOKAK;sokak;436532
SİVAS;MERKEZ;GÜLTEPE;53-20. SOKAK;sokak;342254
SİVAS;MERKEZ;GÜLTEPE;53-22. SOKAK;sokak;342256
SİVAS;MERKEZ;GÜLTEPE;53-23. SOKAK;sokak;342257
SİVAS;MERKEZ;GÜLTEPE;53-24. SOKAK;sokak;342258
SİVAS;MERKEZ;GÜLTEPE;53-25. SOKAK;sokak;342260
SİVAS;MERKEZ;GÜLTEPE;53-26. SOKAK;sokak;342261
SİVAS;MERKEZ;GÜLTEPE;53-27. SOKAK;sokak;342262
SİVAS;MERKEZ;GÜLTEPE;53-28. SOKAK;sokak;342263
SİVAS;MERKEZ;GÜLTEPE;53-29. SOKAK;sokak;342264
SİVAS;MERKEZ;GÜLTEPE;53-3. SOKAK;sokak;467433
SİVAS;MERKEZ;GÜLTEPE;53-31. SOKAK;sokak;467434
SİVAS;MERKEZ;GÜLTEPE;53-32. SOKAK;sokak;342268
SİVAS;MERKEZ;GÜLTEPE;53-33. SOKAK;sokak;467435
SİVAS;MERKEZ;GÜLTEPE;53-34. SOKAK;sokak;342270
SİVAS;MERKEZ;GÜLTEPE;53-35. SOKAK;sokak;342272
SİVAS;MERKEZ;GÜLTEPE;53-36. SOKAK;sokak;467436
SİVAS;MERKEZ;GÜLTEPE;53-37. SOKAK;sokak;342274
SİVAS;MERKEZ;GÜLTEPE;53-38. SOKAK;sokak;467437
SİVAS;MERKEZ;GÜLTEPE;53-39. SOKAK;sokak;342276
SİVAS;MERKEZ;GÜLTEPE;53-4. SOKAK;sokak;434123
SİVAS;MERKEZ;GÜLTEPE;53-41. SOKAK;sokak;467439
SİVAS;MERKEZ;GÜLTEPE;53-42. SOKAK;sokak;342279
SİVAS;MERKEZ;GÜLTEPE;53-43. SOKAK;sokak;467440
SİVAS;MERKEZ;GÜLTEPE;53-44. SOKAK;sokak;221227
SİVAS;MERKEZ;GÜLTEPE;53-5. SOKAK;sokak;342752
SİVAS;MERKEZ;GÜLTEPE;53-6. SOKAK;sokak;342754
SİVAS;MERKEZ;GÜLTEPE;53-7. SOKAK;sokak;342757
SİVAS;MERKEZ;GÜLTEPE;53-8. SOKAK;sokak;342219
SİVAS;MERKEZ;GÜLTEPE;53-9. SOKAK;sokak;460882
SİVAS;MERKEZ;GÜLTEPE;55.SANAYİ SOKAK;sokak;1035964
SİVAS;MERKEZ;GÜLTEPE;56.SANAYİ SOKAK;sokak;940209
SİVAS;MERKEZ;GÜLTEPE;57.SANAYİ SOKAK;sokak;940210
SİVAS;MERKEZ;GÜLTEPE;6.SANAYİ SOKAK;sokak;355392
SİVAS;MERKEZ;GÜLTEPE;6.TOPTANCILAR SOKAK;sokak;370463
SİVAS;MERKEZ;GÜLTEPE;61.SANAYİ SOKAK;sokak;1034084
SİVAS;MERKEZ;GÜLTEPE;65.SANAYİ SOKAK;sokak;1034088
SİVAS;MERKEZ;GÜLTEPE;67.SANAYİ SOKAK;sokak;1232613
SİVAS;MERKEZ;GÜLTEPE;69.SANAYİ SOKAK;sokak;1232615
SİVAS;MERKEZ;GÜLTEPE;7.SANAYİ SOKAK;sokak;342756
SİVAS;MERKEZ;GÜLTEPE;7.TOPTANCILAR SOKAK;sokak;370464
SİVAS;MERKEZ;GÜLTEPE;71.SANAYİ SOKAK;sokak;1232617
SİVAS;MERKEZ;GÜLTEPE;73.SANAYİ SOKAK;sokak;1232619
SİVAS;MERKEZ;GÜLTEPE;75.SANAYİ SOKAK;sokak;1232621
SİVAS;MERKEZ;GÜLTEPE;77.SANAYİ SOKAK;sokak;1232623
SİVAS;MERKEZ;GÜLTEPE;79. SANAYİ SOKAK;sokak;432300771
SİVAS;MERKEZ;GÜLTEPE;8.SANAYİ SOKAK;sokak;427943
SİVAS;MERKEZ;GÜLTEPE;8.TOPTANCILAR SOKAK;sokak;436533
SİVAS;MERKEZ;GÜLTEPE;81. SANAYİ SOKAK;sokak;548636911
SİVAS;MERKEZ;GÜLTEPE;83. SANAYİ SOKAK;sokak;283035271
SİVAS;MERKEZ;GÜLTEPE;85. SANAYİ SOKAK;sokak;894026971
SİVAS;MERKEZ;GÜLTEPE;87. SANAYİ SOKAK;sokak;201090881
SİVAS;MERKEZ;GÜLTEPE;9.SANAYİ SOKAK;sokak;342220
SİVAS;MERKEZ;GÜLTEPE;9.TOPTANCILAR SOKAK;sokak;460892
SİVAS;MERKEZ;GÜLTEPE;ADALET CADDE;cadde;926114
SİVAS;MERKEZ;GÜLTEPE;AKINCILAR CADDE;cadde;370462
SİVAS;MERKEZ;GÜLTEPE;ALAYBEY SOKAK;sokak;944898
SİVAS;MERKEZ;GÜLTEPE;ALPARSLAN TÜRKEŞ BULVAR;sokak;941244
SİVAS;MERKEZ;GÜLTEPE;ALTINYAYLA CADDE;cadde;699186
SİVAS;MERKEZ;GÜLTEPE;ASMALI SOKAK;sokak;942720
SİVAS;MERKEZ;GÜLTEPE;BARBAROS CADDE;cadde;1057187
SİVAS;MERKEZ;GÜLTEPE;DOĞANŞAR CADDE;cadde;1033175
SİVAS;MERKEZ;GÜLTEPE;FARABİ CADDE;cadde;460883
SİVAS;MERKEZ;GÜLTEPE;GALERİCİLER CADDE;cadde;221226
SİVAS;MERKEZ;GÜLTEPE;GÖLOVA CADDE;cadde;932178
SİVAS;MERKEZ;GÜLTEPE;GÜLTEPE CADDE;cadde;342223
SİVAS;MERKEZ;GÜLTEPE;HAFİK CADDE;cadde;342253
SİVAS;MERKEZ;GÜLTEPE;HAL SOKAK;sokak;342245
SİVAS;MERKEZ;GÜLTEPE;İMRANLI CADDE;cadde;342751
SİVAS;MERKEZ;GÜLTEPE;İMREN SOKAK;sokak;949434
SİVAS;MERKEZ;GÜLTEPE;KARDELEN CADDE;cadde;342224
SİVAS;MERKEZ;GÜLTEPE;KAYRA SOKAK;sokak;1041438
SİVAS;MERKEZ;GÜLTEPE;KAYSERİ BULVAR;sokak;342225
SİVAS;MERKEZ;GÜLTEPE;KERESTECİLER CADDE;cadde;211657
SİVAS;MERKEZ;GÜLTEPE;KESİKKÖPRÜ CADDE;cadde;944318
SİVAS;MERKEZ;GÜLTEPE;KIZILIRMAK CADDE;cadde;1033181
SİVAS;MERKEZ;GÜLTEPE;KOYULHİSAR CADDE;cadde;221235
SİVAS;MERKEZ;GÜLTEPE;KOZA SOKAK;sokak;467430
SİVAS;MERKEZ;GÜLTEPE;KÜÇÜK SANAYİ CADDE;cadde;949430
SİVAS;MERKEZ;GÜLTEPE;LALE SOKAK;sokak;460884
SİVAS;MERKEZ;GÜLTEPE;MECNUN OTYAKMAZ CADDE;cadde;260250
SİVAS;MERKEZ;GÜLTEPE;METANET SOKAK;sokak;944896
SİVAS;MERKEZ;GÜLTEPE;MUHSİN YAZICIOĞLU BULVAR;sokak;926334
SİVAS;MERKEZ;GÜLTEPE;NERGİZ SOKAK;sokak;342226
SİVAS;MERKEZ;GÜLTEPE;RAYLI SOKAK;sokak;342221
SİVAS;MERKEZ;GÜLTEPE;REVAK SOKAK;sokak;1033183
SİVAS;MERKEZ;GÜLTEPE;SELEN SOKAK;sokak;342218
SİVAS;MERKEZ;GÜLTEPE;SİVASSPOR CADDE;cadde;427942
SİVAS;MERKEZ;GÜLTEPE;SULTAN ŞEHİR BULVAR;sokak;342222
SİVAS;MERKEZ;GÜLTEPE;TOKAT BULVAR;sokak;972360201
SİVAS;MERKEZ;GÜLTEPE;TOPTANCILAR CADDE;cadde;342227
SİVAS;MERKEZ;GÜLTEPE;TRAFO SOKAK;sokak;460885
SİVAS;MERKEZ;GÜLTEPE;ULAŞ CADDE;cadde;467438
SİVAS;MERKEZ;GÜLTEPE;ÜÇYILDIZ CADDE;cadde;949488
SİVAS;MERKEZ;GÜLTEPE;ZAMBAK SOKAK;sokak;342228
SİVAS;MERKEZ;GÜLYURT;45-1. SOKAK;sokak;467441
SİVAS;MERKEZ;GÜLYURT;45-11. SOKAK;sokak;342283
SİVAS;MERKEZ;GÜLYURT;45-12. SOKAK;sokak;467442
SİVAS;MERKEZ;GÜLYURT;45-13. SOKAK;sokak;342284
SİVAS;MERKEZ;GÜLYURT;45-14. SOKAK;sokak;342285
SİVAS;MERKEZ;GÜLYURT;45-16. SOKAK;sokak;342286
SİVAS;MERKEZ;GÜLYURT;45-17. SOKAK;sokak;342287
SİVAS;MERKEZ;GÜLYURT;45-18. SOKAK;sokak;467444
SİVAS;MERKEZ;GÜLYURT;45-19. SOKAK;sokak;342288
SİVAS;MERKEZ;GÜLYURT;45-2. SOKAK;sokak;342289
SİVAS;MERKEZ;GÜLYURT;45-20. SOKAK;sokak;467445
SİVAS;MERKEZ;GÜLYURT;45-3. SOKAK;sokak;342290
SİVAS;MERKEZ;GÜLYURT;45-4. SOKAK;sokak;342291
SİVAS;MERKEZ;GÜLYURT;45-5. SOKAK;sokak;467446
SİVAS;MERKEZ;GÜLYURT;45-6. SOKAK;sokak;342292
SİVAS;MERKEZ;GÜLYURT;45-7. SOKAK;sokak;342293
SİVAS;MERKEZ;GÜLYURT;45-8. SOKAK;sokak;342294
SİVAS;MERKEZ;GÜLYURT;45-9. SOKAK;sokak;467447
SİVAS;MERKEZ;GÜLYURT;ABDULVAHAB GAZİ CADDE;cadde;342295
SİVAS;MERKEZ;GÜLYURT;İSTİKLAL CADDE;cadde;344486
SİVAS;MERKEZ;GÜMÜŞDERE - GÜMÜŞOVA;1-BAŞAK SOKAK;sokak;470797
SİVAS;MERKEZ;GÜMÜŞDERE - GÜMÜŞOVA;1-FATİH SULTAN MEHMET SOKAK;sokak;336669
SİVAS;MERKEZ;GÜMÜŞDERE - GÜMÜŞOVA;1-FEVZİ ÇAKMAK SOKAK;sokak;336670
SİVAS;MERKEZ;GÜMÜŞDERE - GÜMÜŞOVA;1-FIRAT SOKAK;sokak;470798
SİVAS;MERKEZ;GÜMÜŞDERE - GÜMÜŞOVA;1-HİLAL SOKAK;sokak;336671
SİVAS;MERKEZ;GÜMÜŞDERE - GÜMÜŞOVA;1-KAZIM KARABEKİR SOKAK;sokak;336672
SİVAS;MERKEZ;GÜMÜŞDERE - GÜMÜŞOVA;1-TEKKE YOLU SOKAK;sokak;336673
SİVAS;MERKEZ;GÜMÜŞDERE - GÜMÜŞOVA;1-YOKUŞ DİBİ SOKAK;sokak;470799
SİVAS;MERKEZ;GÜMÜŞDERE - GÜMÜŞOVA;3-FATİH SULTAN MEHMET SOKAK;sokak;714726410
SİVAS;MERKEZ;GÜMÜŞDERE - GÜMÜŞOVA;3-YAVUZ SULTAN SELİM SOKAK;sokak;206863740
SİVAS;MERKEZ;GÜMÜŞDERE - KARŞIYAKA;2-OĞUZ KAĞAN SOKAK;sokak;336674
SİVAS;MERKEZ;GÜMÜŞDERE - KARŞIYAKA;2-SIRIN SOKAK;sokak;336676
SİVAS;MERKEZ;GÜMÜŞDERE - KARŞIYAKA;2-SİVAS SOKAK;sokak;336675
SİVAS;MERKEZ;GÜMÜŞDERE - KARŞIYAKA;2-YILDIRIM BEYAZIT SOKAK;sokak;470800
SİVAS;MERKEZ;GÜMÜŞDERE - KARŞIYAKA;3-YAVUZ SULTAN SELİM SOKAK;sokak;544381711
SİVAS;MERKEZ;GÜMÜŞDERE - ŞEHİTLER;1-FATİH SULTAN MEHMET SOKAK;sokak;312828411
SİVAS;MERKEZ;GÜMÜŞDERE - ŞEHİTLER;3-CAMİ SOKAK;sokak;336677
SİVAS;MERKEZ;GÜMÜŞDERE - ŞEHİTLER;3-FATİH SULTAN MEHMET SOKAK;sokak;336678
SİVAS;MERKEZ;GÜMÜŞDERE - ŞEHİTLER;3-KARANFİL SOKAK;sokak;470801
SİVAS;MERKEZ;GÜMÜŞDERE - ŞEHİTLER;3-KAYA DİBİ SOKAK;sokak;336679
SİVAS;MERKEZ;GÜMÜŞDERE - ŞEHİTLER;3-OĞUZ KAĞAN SOKAK;sokak;336681
SİVAS;MERKEZ;GÜMÜŞDERE - ŞEHİTLER;3-OSMAN GAZİ SOKAK;sokak;336680
SİVAS;MERKEZ;GÜMÜŞDERE - ŞEHİTLER;3-ÖMÜR SOKAK;sokak;336684
SİVAS;MERKEZ;GÜMÜŞDERE - ŞEHİTLER;3-SEFA SOKAK;sokak;470802
SİVAS;MERKEZ;GÜMÜŞDERE - ŞEHİTLER;3-SELÇUKLU SOKAK;sokak;336682
SİVAS;MERKEZ;GÜMÜŞDERE - ŞEHİTLER;3-SEVGİ SOKAK;sokak;336683
SİVAS;MERKEZ;GÜMÜŞDERE - ŞEHİTLER;3-SIRIN SOKAK;sokak;336685
SİVAS;MERKEZ;GÜMÜŞDERE - ŞEHİTLER;3-YAVUZ SULTAN SELİM SOKAK;sokak;470803
SİVAS;MERKEZ;GÜNDÜZKÖY NA;GÜNDÜZKÖY KÜME EVLER;sokak;647623
SİVAS;MERKEZ;GÜNECE NA;GÜNECE KÜME EVLER;sokak;648784
SİVAS;MERKEZ;GÜNELİ - KÖYÜN KENDİSİ;GÜNELİ KÜME EVLER;sokak;590908
SİVAS;MERKEZ;GÜNELİ - KUZKÖY;KUZKÖY KÜME EVLER;sokak;590912
SİVAS;MERKEZ;GÜNEY - SIRIKLI;SIRIKLI KÜME EVLER;sokak;690731
SİVAS;MERKEZ;GÜNEY NA;GÜNEY KÜME EVLER;sokak;699917
SİVAS;MERKEZ;GÜNÖREN NA;GÜNGÖREN KÜME EVLER;sokak;604053
SİVAS;MERKEZ;HACIALİ - KÖYÜN KENDİSİ;HACIALİ KÜME EVLER;sokak;643092
SİVAS;MERKEZ;HALİL RIFATPAŞA;37-1. SOKAK;sokak;467449
SİVAS;MERKEZ;HALİL RIFATPAŞA;37-2. SOKAK;sokak;344489
SİVAS;MERKEZ;HALİL RIFATPAŞA;37-3. SOKAK;sokak;344490
SİVAS;MERKEZ;HALİL RIFATPAŞA;37-4. SOKAK;sokak;467450
SİVAS;MERKEZ;HALİL RIFATPAŞA;37-5. SOKAK;sokak;344491
SİVAS;MERKEZ;HALİL RIFATPAŞA;37-6. SOKAK;sokak;344492
SİVAS;MERKEZ;HALİL RIFATPAŞA;37-7. SOKAK;sokak;467451
SİVAS;MERKEZ;HALİL RIFATPAŞA;ATÖLYE CAMİİ SOKAK;sokak;344493
SİVAS;MERKEZ;HALİL RIFATPAŞA;DEMİRYOLU CADDE;cadde;344494
SİVAS;MERKEZ;HALİL RIFATPAŞA;HALİL RIFATPAŞA CADDE;cadde;467452
SİVAS;MERKEZ;HALİL RIFATPAŞA;İNÖNÜ BULVAR;sokak;344487
SİVAS;MERKEZ;HALİL RIFATPAŞA;KAHİROĞULLARI SOKAK;sokak;344495
SİVAS;MERKEZ;HALİL RIFATPAŞA;KURTCEBE NOYAN CADDE;cadde;344496
SİVAS;MERKEZ;HALİL RIFATPAŞA;KÜLTÜR SOKAK;sokak;344497
SİVAS;MERKEZ;HALİL RIFATPAŞA;MUM BABA CADDE;cadde;467453
SİVAS;MERKEZ;HALİL RIFATPAŞA;MUSLULAR SOKAK;sokak;1494801
SİVAS;MERKEZ;HALİL RIFATPAŞA;ŞEHİT HAKAN ŞAHBAZ SOKAK;sokak;344488
SİVAS;MERKEZ;HALİL RIFATPAŞA;TAŞLI SOKAK;sokak;467448
SİVAS;MERKEZ;HANLI NA;HANLI KÜME EVLER;sokak;697651
SİVAS;MERKEZ;HARMANCIK NA;HARMANCIK KÜME EVLER;sokak;320706
SİVAS;MERKEZ;HARMANCIK NA;HARMANCIK/1 KÜME EVLER;sokak;727763621
SİVAS;MERKEZ;HASBEY NA;HASBEY KÜME EVLER;sokak;684639
SİVAS;MERKEZ;HAYDARLI NA;HAYDARLI KÜME EVLER;sokak;692955
SİVAS;MERKEZ;HAYIRBEY NA;HAYIRBEY KÜME EVLER;sokak;287884
SİVAS;MERKEZ;HAYRANLI NA;HAYRANLI KÜME EVLER;sokak;333809
SİVAS;MERKEZ;HEREKLİ NA;HEREKLİ KÜME EVLER;sokak;705262
SİVAS;MERKEZ;HIDIRNALI NA;HIDIRNALI KÜME EVLER;sokak;418266
SİVAS;MERKEZ;HİMMETFAKI NA;HİMMETFAKI KÜME EVLER;sokak;697400
SİVAS;MERKEZ;HOCABEY NA;HOCABEY KÜME EVLER;sokak;702852
SİVAS;MERKEZ;HUZUR;48-1. SOKAK;sokak;344498
SİVAS;MERKEZ;HUZUR;48-10. SOKAK;sokak;344499
SİVAS;MERKEZ;HUZUR;48-11. SOKAK;sokak;467454
SİVAS;MERKEZ;HUZUR;48-12. SOKAK;sokak;344500
SİVAS;MERKEZ;HUZUR;48-13. SOKAK;sokak;344501
SİVAS;MERKEZ;HUZUR;48-14. SOKAK;sokak;467455
SİVAS;MERKEZ;HUZUR;48-15. SOKAK;sokak;343953
SİVAS;MERKEZ;HUZUR;48-16. SOKAK;sokak;343954
SİVAS;MERKEZ;HUZUR;48-17. SOKAK;sokak;343955
SİVAS;MERKEZ;HUZUR;48-18. SOKAK;sokak;467456
SİVAS;MERKEZ;HUZUR;48-19. SOKAK;sokak;343956
SİVAS;MERKEZ;HUZUR;48-2. SOKAK;sokak;455790
SİVAS;MERKEZ;HUZUR;48-20. SOKAK;sokak;343957
SİVAS;MERKEZ;HUZUR;48-21. SOKAK;sokak;467457
SİVAS;MERKEZ;HUZUR;48-22. SOKAK;sokak;367794
SİVAS;MERKEZ;HUZUR;48-23. SOKAK;sokak;343958
SİVAS;MERKEZ;HUZUR;48-24. SOKAK;sokak;343959
SİVAS;MERKEZ;HUZUR;48-25. SOKAK;sokak;467458
SİVAS;MERKEZ;HUZUR;48-26. SOKAK;sokak;343960
SİVAS;MERKEZ;HUZUR;48-27. SOKAK;sokak;426719
SİVAS;MERKEZ;HUZUR;48-28. SOKAK;sokak;344558
SİVAS;MERKEZ;HUZUR;48-29. SOKAK;sokak;342821
SİVAS;MERKEZ;HUZUR;48-3. SOKAK;sokak;342822
SİVAS;MERKEZ;HUZUR;48-30. SOKAK;sokak;342823
SİVAS;MERKEZ;HUZUR;48-31. SOKAK;sokak;342824
SİVAS;MERKEZ;HUZUR;48-32. SOKAK;sokak;342825
SİVAS;MERKEZ;HUZUR;48-33. SOKAK;sokak;342826
SİVAS;MERKEZ;HUZUR;48-34. SOKAK;sokak;342827
SİVAS;MERKEZ;HUZUR;48-35. SOKAK;sokak;342828
SİVAS;MERKEZ;HUZUR;48-36. SOKAK;sokak;342829
SİVAS;MERKEZ;HUZUR;48-37. SOKAK;sokak;342830
SİVAS;MERKEZ;HUZUR;48-38. SOKAK;sokak;342831
SİVAS;MERKEZ;HUZUR;48-39. SOKAK;sokak;342832
SİVAS;MERKEZ;HUZUR;48-4. SOKAK;sokak;426720
SİVAS;MERKEZ;HUZUR;48-40. SOKAK;sokak;342833
SİVAS;MERKEZ;HUZUR;48-41. SOKAK;sokak;342834
SİVAS;MERKEZ;HUZUR;48-42. SOKAK;sokak;342835
SİVAS;MERKEZ;HUZUR;48-43. SOKAK;sokak;342837
SİVAS;MERKEZ;HUZUR;48-44. SOKAK;sokak;342838
SİVAS;MERKEZ;HUZUR;48-45. SOKAK;sokak;342839
SİVAS;MERKEZ;HUZUR;48-46. SOKAK;sokak;342840
SİVAS;MERKEZ;HUZUR;48-47. SOKAK;sokak;342841
SİVAS;MERKEZ;HUZUR;48-48. SOKAK;sokak;342842
SİVAS;MERKEZ;HUZUR;48-49. SOKAK;sokak;342843
SİVAS;MERKEZ;HUZUR;48-5. SOKAK;sokak;342844
SİVAS;MERKEZ;HUZUR;48-50. SOKAK;sokak;342845
SİVAS;MERKEZ;HUZUR;48-6. SOKAK;sokak;342846
SİVAS;MERKEZ;HUZUR;48-7. SOKAK;sokak;342847
SİVAS;MERKEZ;HUZUR;48-8. SOKAK;sokak;455791
SİVAS;MERKEZ;HUZUR;48-9. SOKAK;sokak;342848
SİVAS;MERKEZ;HUZUR;EMİRPAŞA CADDE;cadde;342850
SİVAS;MERKEZ;HUZUR;GELİŞİM SOKAK;sokak;1000207
SİVAS;MERKEZ;HUZUR;HACILAR SOKAK;sokak;709170
SİVAS;MERKEZ;HUZUR;İSTİKLAL CADDE;cadde;342854
SİVAS;MERKEZ;HUZUR;KAZIM KARABEKİR BULVAR;sokak;472074
SİVAS;MERKEZ;HUZUR;KUMRU SOKAK;sokak;945182
SİVAS;MERKEZ;HUZUR;KUTLU SOKAK;sokak;342851
SİVAS;MERKEZ;HUZUR;MUHAMMED İKBAL CADDE;cadde;342852
SİVAS;MERKEZ;HUZUR;MUTLU CADDE;cadde;472075
SİVAS;MERKEZ;HUZUR;OCAK SOKAK;sokak;342836
SİVAS;MERKEZ;HUZUR;ŞANTİYE SOKAK;sokak;342855
SİVAS;MERKEZ;HUZUR;ŞEHİT ABDULKADİR KOÇ SOKAK;sokak;716289
SİVAS;MERKEZ;HUZUR;ŞEHİT OSMAN YURT CADDE;cadde;342853
SİVAS;MERKEZ;HUZUR;ŞEHİT YUNUS KARATAŞ SOKAK;sokak;716286
SİVAS;MERKEZ;HUZUR;TENHA SOKAK;sokak;939276
SİVAS;MERKEZ;HUZUR;TÜRKİSTAN CADDE;cadde;342849
SİVAS;MERKEZ;İLKİNDİ NA;İLKİNDİ KÜME EVLER;sokak;163821
SİVAS;MERKEZ;İNCEAĞA NA;BOĞAZ KÖPRÜSÜ CADDE;cadde;1412163
SİVAS;MERKEZ;İNCEAĞA NA;GÜNDOĞDU CADDE;cadde;977498
SİVAS;MERKEZ;İNCEAĞA NA;İNCEAĞA KÖY SOKAĞI KÜME EVLER;sokak;607444
SİVAS;MERKEZ;İNCEAĞA NA;UĞURLU SOKAK;sokak;690597981
SİVAS;MERKEZ;İNCEYOL NA;İNCEYOL KÜME EVLER;sokak;175346
SİVAS;MERKEZ;İNÖNÜ;20-1. SOKAK;sokak;343199
SİVAS;MERKEZ;İNÖNÜ;20-10. SOKAK;sokak;464247
SİVAS;MERKEZ;İNÖNÜ;20-11. SOKAK;sokak;343200
SİVAS;MERKEZ;İNÖNÜ;20-12. SOKAK;sokak;343201
SİVAS;MERKEZ;İNÖNÜ;20-13. SOKAK;sokak;343202
SİVAS;MERKEZ;İNÖNÜ;20-14. SOKAK;sokak;464248
SİVAS;MERKEZ;İNÖNÜ;20-15. SOKAK;sokak;343203
SİVAS;MERKEZ;İNÖNÜ;20-16. SOKAK;sokak;343204
SİVAS;MERKEZ;İNÖNÜ;20-17. SOKAK;sokak;464249
SİVAS;MERKEZ;İNÖNÜ;20-19. SOKAK;sokak;464250
SİVAS;MERKEZ;İNÖNÜ;20-2. SOKAK;sokak;343206
SİVAS;MERKEZ;İNÖNÜ;20-20. SOKAK;sokak;343207
SİVAS;MERKEZ;İNÖNÜ;20-21. SOKAK;sokak;464251
SİVAS;MERKEZ;İNÖNÜ;20-22. SOKAK;sokak;343208
SİVAS;MERKEZ;İNÖNÜ;20-3. SOKAK;sokak;472076
SİVAS;MERKEZ;İNÖNÜ;20-4. SOKAK;sokak;342857
SİVAS;MERKEZ;İNÖNÜ;20-5. SOKAK;sokak;472077
SİVAS;MERKEZ;İNÖNÜ;20-6. SOKAK;sokak;342858
SİVAS;MERKEZ;İNÖNÜ;20-7. SOKAK;sokak;472078
SİVAS;MERKEZ;İNÖNÜ;20-8. SOKAK;sokak;342860
SİVAS;MERKEZ;İNÖNÜ;20-9. SOKAK;sokak;342861
SİVAS;MERKEZ;İNÖNÜ;ABDULVAHAB GAZİ CADDE;cadde;464244
SİVAS;MERKEZ;İNÖNÜ;ALİ BABA CADDE;cadde;342862
SİVAS;MERKEZ;İNÖNÜ;BAŞAK SOKAK;sokak;49966
SİVAS;MERKEZ;İNÖNÜ;GÜL SOKAK;sokak;755697
SİVAS;MERKEZ;İNÖNÜ;HUZUR PARKI SOKAK;sokak;342863
SİVAS;MERKEZ;İNÖNÜ;KARANFİL SOKAK;sokak;342864
SİVAS;MERKEZ;İNÖNÜ;KAZANCILAR CADDE;cadde;464245
SİVAS;MERKEZ;İNÖNÜ;MORMENEKŞE SOKAK;sokak;342865
SİVAS;MERKEZ;İNÖNÜ;OZAN SOKAK;sokak;731542
SİVAS;MERKEZ;İNÖNÜ;SAKİN SOKAK;sokak;342866
SİVAS;MERKEZ;İNÖNÜ;SEDEF SOKAK;sokak;464246
SİVAS;MERKEZ;İNÖNÜ;ŞEHİT FAİK AKTAŞ SOKAK;sokak;343205
SİVAS;MERKEZ;İNÖNÜ;VALİ MUAMMER BEY CADDE;cadde;342867
SİVAS;MERKEZ;İNÖNÜ;YAYLA SOKAK;sokak;753460
SİVAS;MERKEZ;İSMAİLBEYÇİFTLİĞİ NA;İSMAİLBEYÇİFTLİĞİ KÜME EVLER;sokak;678128
SİVAS;MERKEZ;İSTİKLAL;4 EYLÜL CADDE;cadde;464263
SİVAS;MERKEZ;İSTİKLAL;62-1. SOKAK;sokak;343209
SİVAS;MERKEZ;İSTİKLAL;62-10. SOKAK;sokak;464252
SİVAS;MERKEZ;İSTİKLAL;62-11. SOKAK;sokak;343210
SİVAS;MERKEZ;İSTİKLAL;62-12. SOKAK;sokak;343211
SİVAS;MERKEZ;İSTİKLAL;62-13. SOKAK;sokak;343212
SİVAS;MERKEZ;İSTİKLAL;62-16. SOKAK;sokak;464254
SİVAS;MERKEZ;İSTİKLAL;62-18. SOKAK;sokak;343216
SİVAS;MERKEZ;İSTİKLAL;62-19. SOKAK;sokak;464255
SİVAS;MERKEZ;İSTİKLAL;62-2. SOKAK;sokak;343217
SİVAS;MERKEZ;İSTİKLAL;62-20. SOKAK;sokak;343218
SİVAS;MERKEZ;İSTİKLAL;62-22. SOKAK;sokak;343219
SİVAS;MERKEZ;İSTİKLAL;62-23. SOKAK;sokak;343220
SİVAS;MERKEZ;İSTİKLAL;62-24. SOKAK;sokak;464257
SİVAS;MERKEZ;İSTİKLAL;62-25. SOKAK;sokak;343221
SİVAS;MERKEZ;İSTİKLAL;62-26. SOKAK;sokak;343222
SİVAS;MERKEZ;İSTİKLAL;62-27. SOKAK;sokak;464258
SİVAS;MERKEZ;İSTİKLAL;62-28. SOKAK;sokak;343224
SİVAS;MERKEZ;İSTİKLAL;62-29. SOKAK;sokak;343225
SİVAS;MERKEZ;İSTİKLAL;62-3. SOKAK;sokak;464259
SİVAS;MERKEZ;İSTİKLAL;62-30. SOKAK;sokak;343226
SİVAS;MERKEZ;İSTİKLAL;62-31. SOKAK;sokak;343227
SİVAS;MERKEZ;İSTİKLAL;62-32. SOKAK;sokak;464260
SİVAS;MERKEZ;İSTİKLAL;62-33. SOKAK;sokak;343228
SİVAS;MERKEZ;İSTİKLAL;62-34. SOKAK;sokak;343229
SİVAS;MERKEZ;İSTİKLAL;62-35. SOKAK;sokak;818150
SİVAS;MERKEZ;İSTİKLAL;62-36. SOKAK;sokak;343230
SİVAS;MERKEZ;İSTİKLAL;62-37. SOKAK;sokak;464262
SİVAS;MERKEZ;İSTİKLAL;62-38. SOKAK;sokak;109822620
SİVAS;MERKEZ;İSTİKLAL;62-39. SOKAK;sokak;343233
SİVAS;MERKEZ;İSTİKLAL;62-4. SOKAK;sokak;343234
SİVAS;MERKEZ;İSTİKLAL;62-40. SOKAK;sokak;256096
SİVAS;MERKEZ;İSTİKLAL;62-5. SOKAK;sokak;343235
SİVAS;MERKEZ;İSTİKLAL;62-6. SOKAK;sokak;464264
SİVAS;MERKEZ;İSTİKLAL;62-7. SOKAK;sokak;343236
SİVAS;MERKEZ;İSTİKLAL;62-8. SOKAK;sokak;343237
SİVAS;MERKEZ;İSTİKLAL;62-9. SOKAK;sokak;60862
SİVAS;MERKEZ;İSTİKLAL;ESENTEPE CADDE;cadde;343238
SİVAS;MERKEZ;İSTİKLAL;IŞIKLI SOKAK;sokak;940169
SİVAS;MERKEZ;İSTİKLAL;KANİJE SOKAK;sokak;464265
SİVAS;MERKEZ;İSTİKLAL;KURTULUŞ CADDE;cadde;344530
SİVAS;MERKEZ;İSTİKLAL;MANOLYA SOKAK;sokak;464261
SİVAS;MERKEZ;İSTİKLAL;MEHMET EMİN SOKAK;sokak;343213
SİVAS;MERKEZ;İSTİKLAL;NEŞE SOKAK;sokak;925189
SİVAS;MERKEZ;İSTİKLAL;ÖMER MUHTAR SOKAK;sokak;344532
SİVAS;MERKEZ;İSTİKLAL;PELİT SOKAK;sokak;951929
SİVAS;MERKEZ;İSTİKLAL;PIRILTI SOKAK;sokak;343223
SİVAS;MERKEZ;İSTİKLAL;SEHER SOKAK;sokak;464266
SİVAS;MERKEZ;İSTİKLAL;ŞEHİT ÖMER DAŞDAN SOKAK;sokak;344531
SİVAS;MERKEZ;İSTİKLAL;TABİP SOKAK;sokak;940429
SİVAS;MERKEZ;İSTİKLAL;YAKUT SOKAK;sokak;343231
SİVAS;MERKEZ;İŞHANI - ŞEHRİSTAN;FADLUM TUZLA CADDE;cadde;58338666
SİVAS;MERKEZ;İŞHANI - ŞEHRİSTAN;ŞEHRİSTAN KÜME EVLER;sokak;1480985
SİVAS;MERKEZ;İŞHANI NA;FADLUM TUZLA CADDE;cadde;1444563
SİVAS;MERKEZ;İŞHANI NA;HIDIR AĞA CADDE;cadde;1478997
SİVAS;MERKEZ;İŞHANI NA;İŞHAN CADDESİ SOKAK;cadde;1049615
SİVAS;MERKEZ;İŞHANI NA;İŞHANI KÖY SOKAĞI KÜME EVLER;sokak;162755
SİVAS;MERKEZ;KABASAKAL NA;KABASAKAL KÜME EVLER;sokak;710589
SİVAS;MERKEZ;KADI BURHANETTİN;23.TOPTANCILAR SOKAK;sokak;1077022
SİVAS;MERKEZ;KADI BURHANETTİN;4 İŞLETME SOKAK;sokak;464267
SİVAS;MERKEZ;KADI BURHANETTİN;54-1. SOKAK;sokak;344533
SİVAS;MERKEZ;KADI BURHANETTİN;54-3. SOKAK;sokak;344534
SİVAS;MERKEZ;KADI BURHANETTİN;54-4. SOKAK;sokak;344535
SİVAS;MERKEZ;KADI BURHANETTİN;54-5. SOKAK;sokak;344536
SİVAS;MERKEZ;KADI BURHANETTİN;ALTUNTABAK CADDE;cadde;735442
SİVAS;MERKEZ;KADI BURHANETTİN;ATÖLYE CAMİİ SOKAK;sokak;344537
SİVAS;MERKEZ;KADI BURHANETTİN;DEMİRYOLU CADDE;cadde;344538
SİVAS;MERKEZ;KADI BURHANETTİN;FABRİKA CADDE;cadde;729537
SİVAS;MERKEZ;KADI BURHANETTİN;HALİL RIFATPAŞA CADDE;cadde;344539
SİVAS;MERKEZ;KADI BURHANETTİN;İNÖNÜ BULVAR;sokak;344544
SİVAS;MERKEZ;KADI BURHANETTİN;KAYSERİ BULVAR;sokak;940049
SİVAS;MERKEZ;KADI BURHANETTİN;LOJMANLAR SOKAK;sokak;464269
SİVAS;MERKEZ;KADI BURHANETTİN;MUHSİN YAZICIOĞLU BULVAR;sokak;464268
SİVAS;MERKEZ;KADI BURHANETTİN;MUM BABA CADDE;cadde;940433
SİVAS;MERKEZ;KADI BURHANETTİN;MUSLULAR SOKAK;sokak;1494805
SİVAS;MERKEZ;KADI BURHANETTİN;NECİP FAZIL KISAKÜREK CADDE;cadde;344540
SİVAS;MERKEZ;KADI BURHANETTİN;RAY SOKAK;sokak;344541
SİVAS;MERKEZ;KADI BURHANETTİN;STADYUM SOKAK;sokak;728964
SİVAS;MERKEZ;KADI BURHANETTİN;TOPTANCILAR CADDE;cadde;943682
SİVAS;MERKEZ;KADI BURHANETTİN;TURGUT ÖZAL BULVAR;sokak;344543
SİVAS;MERKEZ;KADI BURHANETTİN;TÜRBE SOKAK;sokak;464271
SİVAS;MERKEZ;KAHYALI NA;KAHYALI KÜME EVLER;sokak;693828
SİVAS;MERKEZ;KALEARDI;33-10. SOKAK;sokak;344561
SİVAS;MERKEZ;KALEARDI;33-12. SOKAK;sokak;464279
SİVAS;MERKEZ;KALEARDI;33-13. SOKAK;sokak;344563
SİVAS;MERKEZ;KALEARDI;33-14. SOKAK;sokak;344564
SİVAS;MERKEZ;KALEARDI;33-16. SOKAK;sokak;344565
SİVAS;MERKEZ;KALEARDI;33-17. SOKAK;sokak;344566
SİVAS;MERKEZ;KALEARDI;33-18. SOKAK;sokak;464281
SİVAS;MERKEZ;KALEARDI;33-19. SOKAK;sokak;344545
SİVAS;MERKEZ;KALEARDI;33-5. SOKAK;sokak;344548
SİVAS;MERKEZ;KALEARDI;33-6. SOKAK;sokak;293184
SİVAS;MERKEZ;KALEARDI;33-7. SOKAK;sokak;344549
SİVAS;MERKEZ;KALEARDI;33-9. SOKAK;sokak;344550
SİVAS;MERKEZ;KALEARDI;ÇEKİÇ SOKAK;sokak;344560
SİVAS;MERKEZ;KALEARDI;FEVZİ ÇAKMAK CADDE;cadde;464274
SİVAS;MERKEZ;KALEARDI;GEZGİN SOKAK;sokak;344551
SİVAS;MERKEZ;KALEARDI;GÖKMEDRESE CADDE;cadde;344552
SİVAS;MERKEZ;KALEARDI;GÖZ EVLİYASI SOKAK;sokak;344562
SİVAS;MERKEZ;KALEARDI;KALE PARKI SOKAK;sokak;464275
SİVAS;MERKEZ;KALEARDI;KALEARDI SOKAK;sokak;344553
SİVAS;MERKEZ;KALEARDI;KEMALEDDİN İBNİ HÜMAM BULVAR;sokak;618202620
SİVAS;MERKEZ;KALEARDI;KILIÇARSLAN SOKAK;sokak;344554
SİVAS;MERKEZ;KALEARDI;KIRKLAR PINAR SOKAK;sokak;344555
SİVAS;MERKEZ;KALEARDI;MUM BABA CADDE;cadde;344556
SİVAS;MERKEZ;KALEARDI;SOFU NURİ SOKAK;sokak;464276
SİVAS;MERKEZ;KALEARDI;ŞEYH ÇOBAN CADDE;cadde;464278
SİVAS;MERKEZ;KALEARDI;TURGUT ÖZAL BULVAR;sokak;344557
SİVAS;MERKEZ;KALEARDI;UZUNYOL CADDE;cadde;219702
SİVAS;MERKEZ;KALEARDI;ZİHNİ TAŞTAN SOKAK;sokak;464273
SİVAS;MERKEZ;KALEARDI;ZÜMRÜT SOKAK;sokak;344559
SİVAS;MERKEZ;KARABALCIK - KÖPRÜBAŞI;KÖPRÜBAŞI KÜME EVLER;sokak;635205
SİVAS;MERKEZ;KARABALCIK NA;KARABALÇIK KÜME EVLER;sokak;631711
SİVAS;MERKEZ;KARACAÖREN NA;KARACAÖREN KÜME EVLER;sokak;649245
SİVAS;MERKEZ;KARAÇAYIR - PINARLI;PINARLI KÜME EVLER;sokak;231797
SİVAS;MERKEZ;KARAÇAYIR NA;KARAÇAYIR KÜME EVLER;sokak;684760
SİVAS;MERKEZ;KARAGÖMLEK NA;KARAGÖMLEK KÜME EVLER;sokak;85858
SİVAS;MERKEZ;KARALAR NA;KARALAR KÜME EVLER;sokak;355753
SİVAS;MERKEZ;KARALI NA;KARALI KÜME EVLER;sokak;91300
SİVAS;MERKEZ;KARAMEHMETOĞLU NA;KARAMEHMET KÜME EVLER;sokak;675964
SİVAS;MERKEZ;KARAPINAR NA;KARAPINAR KÜME EVLER;sokak;701910
SİVAS;MERKEZ;KARAYÜN - ABDALLAR;- KÖY SOKAĞI;sokak;669034
SİVAS;MERKEZ;KARAYÜN - BOYNUZÖZÜ;BOYNUZÖZÜ KÜME EVLER;sokak;83624
SİVAS;MERKEZ;KARAYÜN - TATLICAK;TATLICAK KÜME EVLER;sokak;670497
SİVAS;MERKEZ;KARAYÜN NA;KARAYÜN KÜME EVLER;sokak;620549
SİVAS;MERKEZ;KARDEŞLER;51-1. SOKAK;sokak;344567
SİVAS;MERKEZ;KARDEŞLER;51-10. SOKAK;sokak;344568
SİVAS;MERKEZ;KARDEŞLER;51-11. SOKAK;sokak;344569
SİVAS;MERKEZ;KARDEŞLER;51-12. SOKAK;sokak;464282
SİVAS;MERKEZ;KARDEŞLER;51-13. SOKAK;sokak;367804
SİVAS;MERKEZ;KARDEŞLER;51-15. SOKAK;sokak;464283
SİVAS;MERKEZ;KARDEŞLER;51-16. SOKAK;sokak;344571
SİVAS;MERKEZ;KARDEŞLER;51-17. SOKAK;sokak;733865
SİVAS;MERKEZ;KARDEŞLER;51-18. SOKAK;sokak;342885
SİVAS;MERKEZ;KARDEŞLER;51-19. SOKAK;sokak;391538
SİVAS;MERKEZ;KARDEŞLER;51-2. SOKAK;sokak;342887
SİVAS;MERKEZ;KARDEŞLER;51-20. SOKAK;sokak;764311
SİVAS;MERKEZ;KARDEŞLER;51-21. SOKAK;sokak;342888
SİVAS;MERKEZ;KARDEŞLER;51-22. SOKAK;sokak;342889
SİVAS;MERKEZ;KARDEŞLER;51-23. SOKAK;sokak;342890
SİVAS;MERKEZ;KARDEŞLER;51-24. SOKAK;sokak;342891
SİVAS;MERKEZ;KARDEŞLER;51-25. SOKAK;sokak;342892
SİVAS;MERKEZ;KARDEŞLER;51-26. SOKAK;sokak;342893
SİVAS;MERKEZ;KARDEŞLER;51-27. SOKAK;sokak;342894
SİVAS;MERKEZ;KARDEŞLER;51-28. SOKAK;sokak;342895
SİVAS;MERKEZ;KARDEŞLER;51-29. SOKAK;sokak;342896
SİVAS;MERKEZ;KARDEŞLER;51-3. SOKAK;sokak;342897
SİVAS;MERKEZ;KARDEŞLER;51-30. SOKAK;sokak;342898
SİVAS;MERKEZ;KARDEŞLER;51-31. SOKAK;sokak;342899
SİVAS;MERKEZ;KARDEŞLER;51-32. SOKAK;sokak;342901
SİVAS;MERKEZ;KARDEŞLER;51-33. SOKAK;sokak;342902
SİVAS;MERKEZ;KARDEŞLER;51-34. SOKAK;sokak;78827
SİVAS;MERKEZ;KARDEŞLER;51-35. SOKAK;sokak;342903
SİVAS;MERKEZ;KARDEŞLER;51-36. SOKAK;sokak;342904
SİVAS;MERKEZ;KARDEŞLER;51-37. SOKAK;sokak;765427
SİVAS;MERKEZ;KARDEŞLER;51-38. SOKAK;sokak;78828
SİVAS;MERKEZ;KARDEŞLER;51-39. SOKAK;sokak;78829
SİVAS;MERKEZ;KARDEŞLER;51-4. SOKAK;sokak;342905
SİVAS;MERKEZ;KARDEŞLER;51-41. SOKAK;sokak;342906
SİVAS;MERKEZ;KARDEŞLER;51-42. SOKAK;sokak;342907
SİVAS;MERKEZ;KARDEŞLER;51-45. SOKAK;sokak;342911
SİVAS;MERKEZ;KARDEŞLER;51-46. SOKAK;sokak;342912
SİVAS;MERKEZ;KARDEŞLER;51-48. SOKAK;sokak;342913
SİVAS;MERKEZ;KARDEŞLER;51-49. SOKAK;sokak;342914
SİVAS;MERKEZ;KARDEŞLER;51-5. SOKAK;sokak;342915
SİVAS;MERKEZ;KARDEŞLER;51-50. SOKAK;sokak;342916
SİVAS;MERKEZ;KARDEŞLER;51-52. SOKAK;sokak;342917
SİVAS;MERKEZ;KARDEŞLER;51-53. SOKAK;sokak;342918
SİVAS;MERKEZ;KARDEŞLER;51-54. SOKAK;sokak;465825
SİVAS;MERKEZ;KARDEŞLER;51-55. SOKAK;sokak;342919
SİVAS;MERKEZ;KARDEŞLER;51-56. SOKAK;sokak;612418
SİVAS;MERKEZ;KARDEŞLER;51-57. SOKAK;sokak;342920
SİVAS;MERKEZ;KARDEŞLER;51-58. SOKAK;sokak;765255
SİVAS;MERKEZ;KARDEŞLER;51-59. SOKAK;sokak;765256
SİVAS;MERKEZ;KARDEŞLER;51-6. SOKAK;sokak;620166
SİVAS;MERKEZ;KARDEŞLER;51-60. SOKAK;sokak;765257
SİVAS;MERKEZ;KARDEŞLER;51-61. SOKAK;sokak;955126
SİVAS;MERKEZ;KARDEŞLER;51-62. SOKAK;sokak;465826
SİVAS;MERKEZ;KARDEŞLER;51-63. SOKAK;sokak;78830
SİVAS;MERKEZ;KARDEŞLER;51-64. SOKAK;sokak;78831
SİVAS;MERKEZ;KARDEŞLER;51-65. SOKAK;sokak;342921
SİVAS;MERKEZ;KARDEŞLER;51-66. SOKAK;sokak;342922
SİVAS;MERKEZ;KARDEŞLER;51-67. SOKAK;sokak;291434
SİVAS;MERKEZ;KARDEŞLER;51-68. SOKAK;sokak;465827
SİVAS;MERKEZ;KARDEŞLER;51-69. SOKAK;sokak;968830041
SİVAS;MERKEZ;KARDEŞLER;51-7. SOKAK;sokak;465828
SİVAS;MERKEZ;KARDEŞLER;51-70. SOKAK;sokak;342925
SİVAS;MERKEZ;KARDEŞLER;51-71. SOKAK;sokak;342926
SİVAS;MERKEZ;KARDEŞLER;51-72. SOKAK;sokak;465829
SİVAS;MERKEZ;KARDEŞLER;51-73. SOKAK;sokak;342927
SİVAS;MERKEZ;KARDEŞLER;51-74. SOKAK;sokak;765432
SİVAS;MERKEZ;KARDEŞLER;51-75. SOKAK;sokak;342928
SİVAS;MERKEZ;KARDEŞLER;51-76. SOKAK;sokak;765434
SİVAS;MERKEZ;KARDEŞLER;51-77. SOKAK;sokak;1057277
SİVAS;MERKEZ;KARDEŞLER;51-78. SOKAK;sokak;1090508
SİVAS;MERKEZ;KARDEŞLER;51-79. SOKAK;sokak;1090510
SİVAS;MERKEZ;KARDEŞLER;51-8. SOKAK;sokak;764310
SİVAS;MERKEZ;KARDEŞLER;51-80. SOKAK;sokak;1090512
SİVAS;MERKEZ;KARDEŞLER;51-81. SOKAK;sokak;1090514
SİVAS;MERKEZ;KARDEŞLER;51-82. SOKAK;sokak;1090516
SİVAS;MERKEZ;KARDEŞLER;51-83. SOKAK;sokak;1090518
SİVAS;MERKEZ;KARDEŞLER;BAĞDAT CADDE;cadde;465830
SİVAS;MERKEZ;KARDEŞLER;BİRLİK CADDE;cadde;342930
SİVAS;MERKEZ;KARDEŞLER;ÇAYIRAĞZI CADDE;cadde;342932
SİVAS;MERKEZ;KARDEŞLER;DESEN SOKAK;sokak;922432
SİVAS;MERKEZ;KARDEŞLER;ERVA CADDE;cadde;765254
SİVAS;MERKEZ;KARDEŞLER;GÜNEY SOKAK;sokak;342909
SİVAS;MERKEZ;KARDEŞLER;KEKİK SOKAK;sokak;78794
SİVAS;MERKEZ;KARDEŞLER;LOKMAN HEKİM CADDE;cadde;765433
SİVAS;MERKEZ;KARDEŞLER;NEHİR SOKAK;sokak;342923
SİVAS;MERKEZ;KARDEŞLER;PURUTÇULAR SOKAK;sokak;465831
SİVAS;MERKEZ;KARDEŞLER;REYHAN SOKAK;sokak;342886
SİVAS;MERKEZ;KARDEŞLER;SARIÇİÇEK SOKAK;sokak;765425
SİVAS;MERKEZ;KARDEŞLER;SARIÖNDER SOKAK;sokak;1045084
SİVAS;MERKEZ;KARDEŞLER;SARMAŞIK SOKAK;sokak;682075
SİVAS;MERKEZ;KARDEŞLER;SIHHİYE CADDE;cadde;342910
SİVAS;MERKEZ;KARDEŞLER;SULTAN ŞEHİR BULVAR;sokak;765424
SİVAS;MERKEZ;KARDEŞLER;SUNA SOKAK;sokak;78797
SİVAS;MERKEZ;KARDEŞLER;ZARA CADDE;cadde;385431461
SİVAS;MERKEZ;KARDEŞLER;ZEHRAVİ CADDE;cadde;342924
SİVAS;MERKEZ;KARŞIYAKA;70-1. SOKAK;sokak;343083
SİVAS;MERKEZ;KARŞIYAKA;70-1.ÇAMLIK SOKAK;sokak;465847
SİVAS;MERKEZ;KARŞIYAKA;70-1.KÜME EVLER KÜME EVLER;sokak;971621
SİVAS;MERKEZ;KARŞIYAKA;70-10. SOKAK;sokak;344270
SİVAS;MERKEZ;KARŞIYAKA;70-100. SOKAK;sokak;344271
SİVAS;MERKEZ;KARŞIYAKA;70-101. SOKAK;sokak;465848
SİVAS;MERKEZ;KARŞIYAKA;70-102. SOKAK;sokak;344272
SİVAS;MERKEZ;KARŞIYAKA;70-103. SOKAK;sokak;344273
SİVAS;MERKEZ;KARŞIYAKA;70-104. SOKAK;sokak;470091
SİVAS;MERKEZ;KARŞIYAKA;70-105. SOKAK;sokak;344274
SİVAS;MERKEZ;KARŞIYAKA;70-106. SOKAK;sokak;344275
SİVAS;MERKEZ;KARŞIYAKA;70-107. SOKAK;sokak;344276
SİVAS;MERKEZ;KARŞIYAKA;70-108. SOKAK;sokak;470092
SİVAS;MERKEZ;KARŞIYAKA;70-109. SOKAK;sokak;344277
SİVAS;MERKEZ;KARŞIYAKA;70-11. SOKAK;sokak;677874
SİVAS;MERKEZ;KARŞIYAKA;70-110. SOKAK;sokak;470093
SİVAS;MERKEZ;KARŞIYAKA;70-111. SOKAK;sokak;344278
SİVAS;MERKEZ;KARŞIYAKA;70-112. SOKAK;sokak;344279
SİVAS;MERKEZ;KARŞIYAKA;70-113. SOKAK;sokak;470094
SİVAS;MERKEZ;KARŞIYAKA;70-114. SOKAK;sokak;344280
SİVAS;MERKEZ;KARŞIYAKA;70-115. SOKAK;sokak;344281
SİVAS;MERKEZ;KARŞIYAKA;70-116. SOKAK;sokak;344609
SİVAS;MERKEZ;KARŞIYAKA;70-117. SOKAK;sokak;470095
SİVAS;MERKEZ;KARŞIYAKA;70-118. SOKAK;sokak;344610
SİVAS;MERKEZ;KARŞIYAKA;70-119. SOKAK;sokak;344611
SİVAS;MERKEZ;KARŞIYAKA;70-12. SOKAK;sokak;470096
SİVAS;MERKEZ;KARŞIYAKA;70-120. SOKAK;sokak;344612
SİVAS;MERKEZ;KARŞIYAKA;70-121. SOKAK;sokak;694507
SİVAS;MERKEZ;KARŞIYAKA;70-122. SOKAK;sokak;344613
SİVAS;MERKEZ;KARŞIYAKA;70-123. SOKAK;sokak;470097
SİVAS;MERKEZ;KARŞIYAKA;70-124. SOKAK;sokak;344614
SİVAS;MERKEZ;KARŞIYAKA;70-125. SOKAK;sokak;90887
SİVAS;MERKEZ;KARŞIYAKA;70-127. SOKAK;sokak;470098
SİVAS;MERKEZ;KARŞIYAKA;70-128. SOKAK;sokak;344615
SİVAS;MERKEZ;KARŞIYAKA;70-129. SOKAK;sokak;344616
SİVAS;MERKEZ;KARŞIYAKA;70-13. SOKAK;sokak;470099
SİVAS;MERKEZ;KARŞIYAKA;70-130. SOKAK;sokak;120708
SİVAS;MERKEZ;KARŞIYAKA;70-131. SOKAK;sokak;344617
SİVAS;MERKEZ;KARŞIYAKA;70-132. SOKAK;sokak;835371
SİVAS;MERKEZ;KARŞIYAKA;70-133. SOKAK;sokak;939219
SİVAS;MERKEZ;KARŞIYAKA;70-134. SOKAK;sokak;894230
SİVAS;MERKEZ;KARŞIYAKA;70-135. SOKAK;sokak;918149
SİVAS;MERKEZ;KARŞIYAKA;70-136. SOKAK;sokak;860288
SİVAS;MERKEZ;KARŞIYAKA;70-137. SOKAK;sokak;930150
SİVAS;MERKEZ;KARŞIYAKA;70-138. SOKAK;sokak;939218
SİVAS;MERKEZ;KARŞIYAKA;70-139. SOKAK;sokak;895018
SİVAS;MERKEZ;KARŞIYAKA;70-14. SOKAK;sokak;344618
SİVAS;MERKEZ;KARŞIYAKA;70-140. SOKAK;sokak;1093782
SİVAS;MERKEZ;KARŞIYAKA;70-141. SOKAK;sokak;1093784
SİVAS;MERKEZ;KARŞIYAKA;70-142. SOKAK;sokak;1093786
SİVAS;MERKEZ;KARŞIYAKA;70-143. SOKAK;sokak;1093788
SİVAS;MERKEZ;KARŞIYAKA;70-144. SOKAK;sokak;1093790
SİVAS;MERKEZ;KARŞIYAKA;70-145. SOKAK;sokak;1093792
SİVAS;MERKEZ;KARŞIYAKA;70-146. SOKAK;sokak;1093794
SİVAS;MERKEZ;KARŞIYAKA;70-147. SOKAK;sokak;1093796
SİVAS;MERKEZ;KARŞIYAKA;70-148. SOKAK;sokak;1093800
SİVAS;MERKEZ;KARŞIYAKA;70-149. SOKAK;sokak;1093802
SİVAS;MERKEZ;KARŞIYAKA;70-15. SOKAK;sokak;470100
SİVAS;MERKEZ;KARŞIYAKA;70-150. SOKAK;sokak;1094690
SİVAS;MERKEZ;KARŞIYAKA;70-151. SOKAK;sokak;1094692
SİVAS;MERKEZ;KARŞIYAKA;70-152. SOKAK;sokak;1094694
SİVAS;MERKEZ;KARŞIYAKA;70-153. SOKAK;sokak;938726
SİVAS;MERKEZ;KARŞIYAKA;70-154. SOKAK;sokak;1526473
SİVAS;MERKEZ;KARŞIYAKA;70-155. SOKAK;sokak;1526475
SİVAS;MERKEZ;KARŞIYAKA;70-156. SOKAK;sokak;1526503
SİVAS;MERKEZ;KARŞIYAKA;70-157. SOKAK;sokak;1526505
SİVAS;MERKEZ;KARŞIYAKA;70-158. SOKAK;sokak;1526477
SİVAS;MERKEZ;KARŞIYAKA;70-159. SOKAK;sokak;1526519
SİVAS;MERKEZ;KARŞIYAKA;70-16. SOKAK;sokak;344619
SİVAS;MERKEZ;KARŞIYAKA;70-160. SOKAK;sokak;1526521
SİVAS;MERKEZ;KARŞIYAKA;70-17. SOKAK;sokak;668912
SİVAS;MERKEZ;KARŞIYAKA;70-18. SOKAK;sokak;344620
SİVAS;MERKEZ;KARŞIYAKA;70-19. SOKAK;sokak;470423
SİVAS;MERKEZ;KARŞIYAKA;70-2. SOKAK;sokak;271712
SİVAS;MERKEZ;KARŞIYAKA;70-20. SOKAK;sokak;344622
SİVAS;MERKEZ;KARŞIYAKA;70-21. SOKAK;sokak;470424
SİVAS;MERKEZ;KARŞIYAKA;70-22. SOKAK;sokak;344623
SİVAS;MERKEZ;KARŞIYAKA;70-23. SOKAK;sokak;344624
SİVAS;MERKEZ;KARŞIYAKA;70-24. SOKAK;sokak;470425
SİVAS;MERKEZ;KARŞIYAKA;70-25. SOKAK;sokak;668916
SİVAS;MERKEZ;KARŞIYAKA;70-26. SOKAK;sokak;344625
SİVAS;MERKEZ;KARŞIYAKA;70-27. SOKAK;sokak;470426
SİVAS;MERKEZ;KARŞIYAKA;70-28. SOKAK;sokak;344626
SİVAS;MERKEZ;KARŞIYAKA;70-29. SOKAK;sokak;344627
SİVAS;MERKEZ;KARŞIYAKA;70-3. SOKAK;sokak;344628
SİVAS;MERKEZ;KARŞIYAKA;70-30. SOKAK;sokak;470427
SİVAS;MERKEZ;KARŞIYAKA;70-31. SOKAK;sokak;344629
SİVAS;MERKEZ;KARŞIYAKA;70-32. SOKAK;sokak;668923
SİVAS;MERKEZ;KARŞIYAKA;70-33. SOKAK;sokak;470428
SİVAS;MERKEZ;KARŞIYAKA;70-34. SOKAK;sokak;344630
SİVAS;MERKEZ;KARŞIYAKA;70-35. SOKAK;sokak;344631
SİVAS;MERKEZ;KARŞIYAKA;70-36. SOKAK;sokak;470429
SİVAS;MERKEZ;KARŞIYAKA;70-37. SOKAK;sokak;344632
SİVAS;MERKEZ;KARŞIYAKA;70-38. SOKAK;sokak;470430
SİVAS;MERKEZ;KARŞIYAKA;70-39. SOKAK;sokak;344633
SİVAS;MERKEZ;KARŞIYAKA;70-4. SOKAK;sokak;344634
SİVAS;MERKEZ;KARŞIYAKA;70-40. SOKAK;sokak;470431
SİVAS;MERKEZ;KARŞIYAKA;70-41. SOKAK;sokak;668929
SİVAS;MERKEZ;KARŞIYAKA;70-42. SOKAK;sokak;344635
SİVAS;MERKEZ;KARŞIYAKA;70-43. SOKAK;sokak;368129
SİVAS;MERKEZ;KARŞIYAKA;70-44. SOKAK;sokak;470432
SİVAS;MERKEZ;KARŞIYAKA;70-45. SOKAK;sokak;344636
SİVAS;MERKEZ;KARŞIYAKA;70-46. SOKAK;sokak;344637
SİVAS;MERKEZ;KARŞIYAKA;70-47. SOKAK;sokak;470433
SİVAS;MERKEZ;KARŞIYAKA;70-48. SOKAK;sokak;368130
SİVAS;MERKEZ;KARŞIYAKA;70-49. SOKAK;sokak;344638
SİVAS;MERKEZ;KARŞIYAKA;70-5. SOKAK;sokak;344639
SİVAS;MERKEZ;KARŞIYAKA;70-50. SOKAK;sokak;470434
SİVAS;MERKEZ;KARŞIYAKA;70-51. SOKAK;sokak;668930
SİVAS;MERKEZ;KARŞIYAKA;70-52. SOKAK;sokak;368131
SİVAS;MERKEZ;KARŞIYAKA;70-54. SOKAK;sokak;470435
SİVAS;MERKEZ;KARŞIYAKA;70-55. SOKAK;sokak;344641
SİVAS;MERKEZ;KARŞIYAKA;70-56. SOKAK;sokak;368132
SİVAS;MERKEZ;KARŞIYAKA;70-57. SOKAK;sokak;344822
SİVAS;MERKEZ;KARŞIYAKA;70-58. SOKAK;sokak;343074
SİVAS;MERKEZ;KARŞIYAKA;70-59. SOKAK;sokak;343075
SİVAS;MERKEZ;KARŞIYAKA;70-6. SOKAK;sokak;343076
SİVAS;MERKEZ;KARŞIYAKA;70-60. SOKAK;sokak;343077
SİVAS;MERKEZ;KARŞIYAKA;70-61. SOKAK;sokak;343078
SİVAS;MERKEZ;KARŞIYAKA;70-62. SOKAK;sokak;343079
SİVAS;MERKEZ;KARŞIYAKA;70-63. SOKAK;sokak;343080
SİVAS;MERKEZ;KARŞIYAKA;70-64. SOKAK;sokak;343081
SİVAS;MERKEZ;KARŞIYAKA;70-65. SOKAK;sokak;343082
SİVAS;MERKEZ;KARŞIYAKA;70-66. SOKAK;sokak;342933
SİVAS;MERKEZ;KARŞIYAKA;70-67. SOKAK;sokak;342934
SİVAS;MERKEZ;KARŞIYAKA;70-68. SOKAK;sokak;465832
SİVAS;MERKEZ;KARŞIYAKA;70-69. SOKAK;sokak;342935
SİVAS;MERKEZ;KARŞIYAKA;70-7. SOKAK;sokak;465833
SİVAS;MERKEZ;KARŞIYAKA;70-70. SOKAK;sokak;342936
SİVAS;MERKEZ;KARŞIYAKA;70-71. SOKAK;sokak;342937
SİVAS;MERKEZ;KARŞIYAKA;70-72. SOKAK;sokak;465834
SİVAS;MERKEZ;KARŞIYAKA;70-73. SOKAK;sokak;342938
SİVAS;MERKEZ;KARŞIYAKA;70-74. SOKAK;sokak;342939
SİVAS;MERKEZ;KARŞIYAKA;70-75. SOKAK;sokak;342940
SİVAS;MERKEZ;KARŞIYAKA;70-76. SOKAK;sokak;465835
SİVAS;MERKEZ;KARŞIYAKA;70-77. SOKAK;sokak;342941
SİVAS;MERKEZ;KARŞIYAKA;70-78. SOKAK;sokak;465836
SİVAS;MERKEZ;KARŞIYAKA;70-79. SOKAK;sokak;342942
SİVAS;MERKEZ;KARŞIYAKA;70-8. SOKAK;sokak;342943
SİVAS;MERKEZ;KARŞIYAKA;70-80. SOKAK;sokak;342944
SİVAS;MERKEZ;KARŞIYAKA;70-81. SOKAK;sokak;465837
SİVAS;MERKEZ;KARŞIYAKA;70-83. SOKAK;sokak;344252
SİVAS;MERKEZ;KARŞIYAKA;70-84. SOKAK;sokak;465838
SİVAS;MERKEZ;KARŞIYAKA;70-85. SOKAK;sokak;344253
SİVAS;MERKEZ;KARŞIYAKA;70-86. SOKAK;sokak;668274
SİVAS;MERKEZ;KARŞIYAKA;70-87. SOKAK;sokak;465839
SİVAS;MERKEZ;KARŞIYAKA;70-88. SOKAK;sokak;344254
SİVAS;MERKEZ;KARŞIYAKA;70-89. SOKAK;sokak;344255
SİVAS;MERKEZ;KARŞIYAKA;70-9. SOKAK;sokak;465840
SİVAS;MERKEZ;KARŞIYAKA;70-90. SOKAK;sokak;344256
SİVAS;MERKEZ;KARŞIYAKA;70-91. SOKAK;sokak;344257
SİVAS;MERKEZ;KARŞIYAKA;70-92. SOKAK;sokak;465841
SİVAS;MERKEZ;KARŞIYAKA;70-93. SOKAK;sokak;689435
SİVAS;MERKEZ;KARŞIYAKA;70-94. SOKAK;sokak;671965
SİVAS;MERKEZ;KARŞIYAKA;70-95. SOKAK;sokak;465842
SİVAS;MERKEZ;KARŞIYAKA;70-96. SOKAK;sokak;344258
SİVAS;MERKEZ;KARŞIYAKA;70-97. SOKAK;sokak;344259
SİVAS;MERKEZ;KARŞIYAKA;70-98. SOKAK;sokak;344261
SİVAS;MERKEZ;KARŞIYAKA;70-99. SOKAK;sokak;465844
SİVAS;MERKEZ;KARŞIYAKA;71-2. SOKAK;sokak;546929261
SİVAS;MERKEZ;KARŞIYAKA;ALPARSLAN TÜRKEŞ BULVAR;sokak;1361197
SİVAS;MERKEZ;KARŞIYAKA;ARIBURNU CADDE;cadde;149565
SİVAS;MERKEZ;KARŞIYAKA;AŞİYAN CADDE;cadde;1034096
SİVAS;MERKEZ;KARŞIYAKA;AYDINLIK CADDE;cadde;344262
SİVAS;MERKEZ;KARŞIYAKA;BADEM SOKAK;sokak;939208
SİVAS;MERKEZ;KARŞIYAKA;BULUT SOKAK;sokak;344263
SİVAS;MERKEZ;KARŞIYAKA;CANAN SOKAK;sokak;939210
SİVAS;MERKEZ;KARŞIYAKA;CELAL KAYACAN CADDE;cadde;465845
SİVAS;MERKEZ;KARŞIYAKA;CEYHAN SOKAK;sokak;939213
SİVAS;MERKEZ;KARŞIYAKA;COŞKU SOKAK;sokak;939211
SİVAS;MERKEZ;KARŞIYAKA;ÇANAKKALE CADDE;cadde;149573
SİVAS;MERKEZ;KARŞIYAKA;ÇEVRE SOKAK;sokak;945028
SİVAS;MERKEZ;KARŞIYAKA;ÇİSE SOKAK;sokak;344260
SİVAS;MERKEZ;KARŞIYAKA;DALGIÇ SOKAK;sokak;939209
SİVAS;MERKEZ;KARŞIYAKA;EDALI SOKAK;sokak;939212
SİVAS;MERKEZ;KARŞIYAKA;EMEK SOKAK;sokak;344264
SİVAS;MERKEZ;KARŞIYAKA;ESENYURT CADDE;cadde;344265
SİVAS;MERKEZ;KARŞIYAKA;FEYZA SOKAK;sokak;939216
SİVAS;MERKEZ;KARŞIYAKA;GELİBOLU CADDE;cadde;149569
SİVAS;MERKEZ;KARŞIYAKA;GÖLET CADDE;cadde;344266
SİVAS;MERKEZ;KARŞIYAKA;HASRET SOKAK;sokak;465846
SİVAS;MERKEZ;KARŞIYAKA;KESİKKÖPRÜ CADDE;cadde;344267
SİVAS;MERKEZ;KARŞIYAKA;KÖKNAR SOKAK;sokak;957594
SİVAS;MERKEZ;KARŞIYAKA;SEDİR SOKAK;sokak;949452
SİVAS;MERKEZ;KARŞIYAKA;SEFİL SELİMİ SOKAK;sokak;465843
SİVAS;MERKEZ;KARŞIYAKA;SERPİNCİK KÖY SOKAĞI KÜME EVLER;sokak;826866350
SİVAS;MERKEZ;KARŞIYAKA;ŞİMŞEK SOKAK;sokak;344269
SİVAS;MERKEZ;KARŞIYAKA;TOMURCUK SOKAK;sokak;945452
SİVAS;MERKEZ;KARŞIYAKA;YAĞMUR SOKAK;sokak;344268
SİVAS;MERKEZ;KARŞIYAKA;YAHYA ÇAVUŞ CADDE;cadde;949498
SİVAS;MERKEZ;KARTALCA NA;KARTALCA KÜME EVLER;sokak;275672
SİVAS;MERKEZ;KAVLAK NA;KAVLAK KÜME EVLER;sokak;707230
SİVAS;MERKEZ;KAYADİBİ NA;KAYADİBİ KÜME EVLER;sokak;596335
SİVAS;MERKEZ;KEÇİLİ NA;KEÇİLİ KÜME EVLER;sokak;704348
SİVAS;MERKEZ;KERVANSARAY - KAÇAK;KAÇAK KÜME EVLER;sokak;657078
SİVAS;MERKEZ;KERVANSARAY NA;KERVANSARAY KÜME EVLER;sokak;652208
SİVAS;MERKEZ;KILAVUZ;43-39. SOKAK;sokak;121709080
SİVAS;MERKEZ;KILAVUZ;43-43. SOKAK;sokak;402589151
SİVAS;MERKEZ;KILAVUZ;46-1. SOKAK;sokak;343419
SİVAS;MERKEZ;KILAVUZ;46-10. SOKAK;sokak;343421
SİVAS;MERKEZ;KILAVUZ;46-11. SOKAK;sokak;343422
SİVAS;MERKEZ;KILAVUZ;46-12. SOKAK;sokak;343423
SİVAS;MERKEZ;KILAVUZ;46-13. SOKAK;sokak;343424
SİVAS;MERKEZ;KILAVUZ;46-16. SOKAK;sokak;343426
SİVAS;MERKEZ;KILAVUZ;46-17. SOKAK;sokak;466433
SİVAS;MERKEZ;KILAVUZ;46-18. SOKAK;sokak;343427
SİVAS;MERKEZ;KILAVUZ;46-19. SOKAK;sokak;343428
SİVAS;MERKEZ;KILAVUZ;46-2. SOKAK;sokak;343429
SİVAS;MERKEZ;KILAVUZ;46-22. SOKAK;sokak;343431
SİVAS;MERKEZ;KILAVUZ;46-24. SOKAK;sokak;343432
SİVAS;MERKEZ;KILAVUZ;46-25. SOKAK;sokak;343433
SİVAS;MERKEZ;KILAVUZ;46-26. SOKAK;sokak;466436
SİVAS;MERKEZ;KILAVUZ;46-27. SOKAK;sokak;344747
SİVAS;MERKEZ;KILAVUZ;46-28. SOKAK;sokak;344748
SİVAS;MERKEZ;KILAVUZ;46-29. SOKAK;sokak;344749
SİVAS;MERKEZ;KILAVUZ;46-3. SOKAK;sokak;344750
SİVAS;MERKEZ;KILAVUZ;46-30. SOKAK;sokak;344751
SİVAS;MERKEZ;KILAVUZ;46-31. SOKAK;sokak;466748
SİVAS;MERKEZ;KILAVUZ;46-32. SOKAK;sokak;344752
SİVAS;MERKEZ;KILAVUZ;46-33. SOKAK;sokak;344753
SİVAS;MERKEZ;KILAVUZ;46-34. SOKAK;sokak;466749
SİVAS;MERKEZ;KILAVUZ;46-35. SOKAK;sokak;344754
SİVAS;MERKEZ;KILAVUZ;46-36. SOKAK;sokak;344755
SİVAS;MERKEZ;KILAVUZ;46-39. SOKAK;sokak;344757
SİVAS;MERKEZ;KILAVUZ;46-4. SOKAK;sokak;344758
SİVAS;MERKEZ;KILAVUZ;46-40. SOKAK;sokak;775811
SİVAS;MERKEZ;KILAVUZ;46-41. SOKAK;sokak;344759
SİVAS;MERKEZ;KILAVUZ;46-42. SOKAK;sokak;466752
SİVAS;MERKEZ;KILAVUZ;46-43. SOKAK;sokak;440733
SİVAS;MERKEZ;KILAVUZ;46-44. SOKAK;sokak;297478
SİVAS;MERKEZ;KILAVUZ;46-45. SOKAK;sokak;344756
SİVAS;MERKEZ;KILAVUZ;46-46. SOKAK;sokak;440735
SİVAS;MERKEZ;KILAVUZ;46-47. SOKAK;sokak;440737
SİVAS;MERKEZ;KILAVUZ;46-48. SOKAK;sokak;433629
SİVAS;MERKEZ;KILAVUZ;46-49. SOKAK;sokak;256354
SİVAS;MERKEZ;KILAVUZ;46-50. SOKAK;sokak;211181
SİVAS;MERKEZ;KILAVUZ;46-51. SOKAK;sokak;425388
SİVAS;MERKEZ;KILAVUZ;46-52. SOKAK;sokak;725054
SİVAS;MERKEZ;KILAVUZ;46-53. SOKAK;sokak;955104
SİVAS;MERKEZ;KILAVUZ;46-54. SOKAK;sokak;475771
SİVAS;MERKEZ;KILAVUZ;46-55. SOKAK;sokak;425387
SİVAS;MERKEZ;KILAVUZ;46-56. SOKAK;sokak;475755
SİVAS;MERKEZ;KILAVUZ;46-57. SOKAK;sokak;185263
SİVAS;MERKEZ;KILAVUZ;46-58. SOKAK;sokak;211179
SİVAS;MERKEZ;KILAVUZ;46-59. SOKAK;sokak;211180
SİVAS;MERKEZ;KILAVUZ;46-60. SOKAK;sokak;185301
SİVAS;MERKEZ;KILAVUZ;46-62. SOKAK;sokak;211187
SİVAS;MERKEZ;KILAVUZ;46-63. SOKAK;sokak;186013
SİVAS;MERKEZ;KILAVUZ;46-64. SOKAK;sokak;186014
SİVAS;MERKEZ;KILAVUZ;46-65. SOKAK;sokak;186015
SİVAS;MERKEZ;KILAVUZ;46-66. SOKAK;sokak;211188
SİVAS;MERKEZ;KILAVUZ;46-67. SOKAK;sokak;186016
SİVAS;MERKEZ;KILAVUZ;46-68. SOKAK;sokak;211189
SİVAS;MERKEZ;KILAVUZ;46-69. SOKAK;sokak;211190
SİVAS;MERKEZ;KILAVUZ;46-7. SOKAK;sokak;298669
SİVAS;MERKEZ;KILAVUZ;46-70. SOKAK;sokak;186017
SİVAS;MERKEZ;KILAVUZ;46-71. SOKAK;sokak;186018
SİVAS;MERKEZ;KILAVUZ;46-72. SOKAK;sokak;186019
SİVAS;MERKEZ;KILAVUZ;46-73. SOKAK;sokak;186020
SİVAS;MERKEZ;KILAVUZ;46-74. SOKAK;sokak;186021
SİVAS;MERKEZ;KILAVUZ;46-75. SOKAK;sokak;211099
SİVAS;MERKEZ;KILAVUZ;46-76. SOKAK;sokak;211100
SİVAS;MERKEZ;KILAVUZ;46-77. SOKAK;sokak;211101
SİVAS;MERKEZ;KILAVUZ;46-78. SOKAK;sokak;211102
SİVAS;MERKEZ;KILAVUZ;46-79. SOKAK;sokak;211103
SİVAS;MERKEZ;KILAVUZ;46-8. SOKAK;sokak;294788
SİVAS;MERKEZ;KILAVUZ;46-80. SOKAK;sokak;718595
SİVAS;MERKEZ;KILAVUZ;46-81. SOKAK;sokak;186022
SİVAS;MERKEZ;KILAVUZ;46-82. SOKAK;sokak;211191
SİVAS;MERKEZ;KILAVUZ;46-83. SOKAK;sokak;1440025
SİVAS;MERKEZ;KILAVUZ;46-84. SOKAK;sokak;499972161
SİVAS;MERKEZ;KILAVUZ;46-85. SOKAK;sokak;801132441
SİVAS;MERKEZ;KILAVUZ;ABDULVAHAB GAZİ CADDE;cadde;343085
SİVAS;MERKEZ;KILAVUZ;AÇELYA SOKAK;sokak;258161091
SİVAS;MERKEZ;KILAVUZ;ATACAN SOKAK;sokak;92320
SİVAS;MERKEZ;KILAVUZ;AYYILDIZ CADDE;cadde;731469951
SİVAS;MERKEZ;KILAVUZ;BAŞAR SOKAK;sokak;945184
SİVAS;MERKEZ;KILAVUZ;BEDREDDİNEFENDİ CADDE;cadde;918158
SİVAS;MERKEZ;KILAVUZ;BİLGE KAĞAN CADDE;cadde;939001
SİVAS;MERKEZ;KILAVUZ;CENNET CADDE;cadde;513349101
SİVAS;MERKEZ;KILAVUZ;ÇAVUŞLAR SOKAK;sokak;75759
SİVAS;MERKEZ;KILAVUZ;DURU SOKAK;sokak;727102
SİVAS;MERKEZ;KILAVUZ;EMİRPAŞA CADDE;cadde;343087
SİVAS;MERKEZ;KILAVUZ;ERGUN GÖZE CADDE;cadde;922437
SİVAS;MERKEZ;KILAVUZ;HACI FEVZİ BAYSOY CADDE;cadde;343088
SİVAS;MERKEZ;KILAVUZ;HACI FEVZİ BAYSOY CADDESİ CADDE;cadde;211186
SİVAS;MERKEZ;KILAVUZ;HAFIZ ALBAY ŞEVKİ ÖNDER CADDE;cadde;617618131
SİVAS;MERKEZ;KILAVUZ;HANIMELİ SOKAK;sokak;696548461
SİVAS;MERKEZ;KILAVUZ;HAZAN SOKAK;sokak;727182
SİVAS;MERKEZ;KILAVUZ;HİCRAN SOKAK;sokak;724786
SİVAS;MERKEZ;KILAVUZ;İSTİKLAL CADDE;cadde;343417
SİVAS;MERKEZ;KILAVUZ;KADİFE SOKAK;sokak;701840561
SİVAS;MERKEZ;KILAVUZ;KAHYALI SOKAK;sokak;726418
SİVAS;MERKEZ;KILAVUZ;KELKİT SOKAK;sokak;343089
SİVAS;MERKEZ;KILAVUZ;LADİN SOKAK;sokak;996659451
SİVAS;MERKEZ;KILAVUZ;MEŞE SOKAK;sokak;583981651
SİVAS;MERKEZ;KILAVUZ;NİLÜFER SOKAK;sokak;953785191
SİVAS;MERKEZ;KILAVUZ;ORKİDE SOKAK;sokak;628266721
SİVAS;MERKEZ;KILAVUZ;ORTANCA SOKAK;sokak;951823581
SİVAS;MERKEZ;KILAVUZ;REYYAN SOKAK;sokak;599413101
SİVAS;MERKEZ;KILAVUZ;SAĞLIK SOKAK;sokak;343414
SİVAS;MERKEZ;KILAVUZ;SARDUNYA SOKAK;sokak;978872281
SİVAS;MERKEZ;KILAVUZ;SELVİLİ SOKAK;sokak;412083641
SİVAS;MERKEZ;KILAVUZ;SONSUZLUK CADDE;cadde;816820641
SİVAS;MERKEZ;KILAVUZ;SULTAN SOKAK;sokak;726417
SİVAS;MERKEZ;KILAVUZ;SÜMBÜL SOKAK;sokak;674242911
SİVAS;MERKEZ;KILAVUZ;ŞAHBAZOĞLU SOKAK;sokak;343418
SİVAS;MERKEZ;KILAVUZ;ŞEHİT ALİ ŞENER SOKAK;sokak;726421
SİVAS;MERKEZ;KILAVUZ;ŞEHİT BAHADDİN ERTURHAN CADDE;cadde;918376
SİVAS;MERKEZ;KILAVUZ;ŞEHİT EMİN ALACAHAN CADDE;cadde;727096
SİVAS;MERKEZ;KILAVUZ;ŞEHİT FARUK AYDOĞDU SOKAK;sokak;466751
SİVAS;MERKEZ;KILAVUZ;ŞEHİT NUSRET KAYA SOKAK;sokak;725625
SİVAS;MERKEZ;KILAVUZ;ŞEHİT SONER MÜŞTERİ CADDE;cadde;726414
SİVAS;MERKEZ;KILAVUZ;ŞEHİTLİK CADDE;cadde;359820651
SİVAS;MERKEZ;KILAVUZ;ŞEHZADE SOKAK;sokak;91958
SİVAS;MERKEZ;KILAVUZ;ŞEYH NUMAN EFENDİ CADDE;cadde;778598171
SİVAS;MERKEZ;KILAVUZ;TEKKE CADDE;cadde;343415
SİVAS;MERKEZ;KILAVUZ;TEKKEÖNÜ SOKAK;sokak;922436
SİVAS;MERKEZ;KILAVUZ;VALİDE SOKAK;sokak;466437
SİVAS;MERKEZ;KILAVUZ;VEZİR SOKAK;sokak;957620
SİVAS;MERKEZ;KILAVUZ;VUSLAT CADDE;cadde;760676771
SİVAS;MERKEZ;KILAVUZ;YARPUZ SOKAK;sokak;727064921
SİVAS;MERKEZ;KILAVUZ;YASEMİN SOKAK;sokak;343420
SİVAS;MERKEZ;KILAVUZ;YOLCU CADDE;cadde;343416
SİVAS;MERKEZ;KIZILALAN NA;KIZILALAN KÜME EVLER;sokak;631008
SİVAS;MERKEZ;KIZILCA - SOĞUK ÇERMİK;SOĞUK ÇERMİK KÜME EVLER;sokak;646879
SİVAS;MERKEZ;KIZILCA NA;KIZILCA KÜME EVLER;sokak;635851
SİVAS;MERKEZ;KIZILCAKIŞLA NA;KIZILCAKIŞLA KÜME EVLER;sokak;160528
SİVAS;MERKEZ;KIZILIRMAK;30-1. SOKAK;sokak;344761
SİVAS;MERKEZ;KIZILIRMAK;30-10. SOKAK;sokak;344762
SİVAS;MERKEZ;KIZILIRMAK;30-11. SOKAK;sokak;344763
SİVAS;MERKEZ;KIZILIRMAK;30-12. SOKAK;sokak;466754
SİVAS;MERKEZ;KIZILIRMAK;30-13. SOKAK;sokak;344764
SİVAS;MERKEZ;KIZILIRMAK;30-14. SOKAK;sokak;722807
SİVAS;MERKEZ;KIZILIRMAK;30-15. SOKAK;sokak;466755
SİVAS;MERKEZ;KIZILIRMAK;30-16. SOKAK;sokak;752136
SİVAS;MERKEZ;KIZILIRMAK;30-17. SOKAK;sokak;755309
SİVAS;MERKEZ;KIZILIRMAK;30-18. SOKAK;sokak;216661
SİVAS;MERKEZ;KIZILIRMAK;30-19. SOKAK;sokak;755310
SİVAS;MERKEZ;KIZILIRMAK;30-2. SOKAK;sokak;722809
SİVAS;MERKEZ;KIZILIRMAK;30-20. SOKAK;sokak;752137
SİVAS;MERKEZ;KIZILIRMAK;30-21. SOKAK;sokak;939950
SİVAS;MERKEZ;KIZILIRMAK;30-22. SOKAK;sokak;939951
SİVAS;MERKEZ;KIZILIRMAK;30-23. SOKAK;sokak;939952
SİVAS;MERKEZ;KIZILIRMAK;30-24. SOKAK;sokak;1259271
SİVAS;MERKEZ;KIZILIRMAK;30-25. SOKAK;sokak;1259273
SİVAS;MERKEZ;KIZILIRMAK;30-27. SOKAK;sokak;1259283
SİVAS;MERKEZ;KIZILIRMAK;30-28. SOKAK;sokak;1259311
SİVAS;MERKEZ;KIZILIRMAK;30-29. SOKAK;sokak;737733011
SİVAS;MERKEZ;KIZILIRMAK;30-4. SOKAK;sokak;466756
SİVAS;MERKEZ;KIZILIRMAK;30-5. SOKAK;sokak;344766
SİVAS;MERKEZ;KIZILIRMAK;30-6. SOKAK;sokak;344767
SİVAS;MERKEZ;KIZILIRMAK;30-7. SOKAK;sokak;466757
SİVAS;MERKEZ;KIZILIRMAK;30-9. SOKAK;sokak;344769
SİVAS;MERKEZ;KIZILIRMAK;AZİZ BABA SOKAK;sokak;466758
SİVAS;MERKEZ;KIZILIRMAK;ÇUKURPINAR SOKAK;sokak;344774
SİVAS;MERKEZ;KIZILIRMAK;KEMALEDDİN İBNİ HÜMAM BULVAR;sokak;344771
SİVAS;MERKEZ;KIZILIRMAK;MOR ALİ BABA CADDE;cadde;466759
SİVAS;MERKEZ;KIZILIRMAK;PINAR SOKAK;sokak;921100
SİVAS;MERKEZ;KIZILIRMAK;PULUR CADDE;cadde;133922610
SİVAS;MERKEZ;KIZILIRMAK;RECEP TAYYİP ERDOĞAN BULVAR;sokak;948088
SİVAS;MERKEZ;KIZILIRMAK;REŞİT AKİF PAŞA SOKAK;sokak;864478
SİVAS;MERKEZ;KIZILIRMAK;SULTAN ŞEHİR BULVAR;sokak;344770
SİVAS;MERKEZ;KIZILIRMAK;ŞEHİT FETHİ AKYÜZ CADDE;cadde;463757
SİVAS;MERKEZ;KIZILIRMAK;TERMİNAL CADDE;cadde;894254171
SİVAS;MERKEZ;KIZILIRMAK;VATAN CADDE;cadde;1305509
SİVAS;MERKEZ;KIZILIRMAK;YAHYA BEY CADDE;cadde;344773
SİVAS;MERKEZ;KIZILIRMAK;YAŞAM SOKAK;sokak;847384
SİVAS;MERKEZ;KIZILKAVRAZ NA;KIZILKAVRAZ KÜME EVLER;sokak;607975
SİVAS;MERKEZ;KIZILOVA NA;KIZILOVA KÜME EVLER;sokak;688343
SİVAS;MERKEZ;KIZILÖZ NA;KIZILÖZ KÜME EVLER;sokak;688432
SİVAS;MERKEZ;KIZKAPAN NA;KIZKAPAN KÜME EVLER;sokak;592028
SİVAS;MERKEZ;KOLLUCA NA;KOLLUCA KÖY SOKAĞI KÜME EVLER;sokak;641613
SİVAS;MERKEZ;KOYUNCU NA;KOYUNCU KÜME EVLER;sokak;710650
SİVAS;MERKEZ;KÖKLÜCE - ÇİFTLİK;ÇİFTLİK KÜME EVLER;sokak;251774
SİVAS;MERKEZ;KÖKLÜCE - İNCESU;İNCESUU KÜME EVLER;sokak;683619
SİVAS;MERKEZ;KÖKLÜCE NA;KÖKLÜCE KÖY SOKAĞI KÜME EVLER;sokak;676226
SİVAS;MERKEZ;KÖKLÜCE NA;SİVAS-YOZGAT BULVAR;sokak;994064
SİVAS;MERKEZ;KÖRTUZLA NA;DEMİRÇELİK CADDESİ SOKAK;cadde;982037
SİVAS;MERKEZ;KÖRTUZLA NA;KÖRTUZLA KÖY SOKAĞI KÜME EVLER;sokak;24253
SİVAS;MERKEZ;KULYUSUF NA;DEMİRYAZI KÜME EVLER;sokak;101691831
SİVAS;MERKEZ;KULYUSUF NA;KULYUSUF/1 KÜME EVLER;sokak;648583
SİVAS;MERKEZ;KUMYURT - ÇÖKEN;ÇÖKEN KÖY SOKAĞI KÜME EVLER;sokak;697751
SİVAS;MERKEZ;KUMYURT - GÖKKUŞAĞI;GÖKKUŞAĞI KÖY SOKAĞI KÜME EVLER;sokak;704856
SİVAS;MERKEZ;KUMYURT NA;KUMYURT KÜME EVLER;sokak;607530
SİVAS;MERKEZ;KURTLAPA - BAHÇELİEVLER;1-KÜME EVLER KÜME EVLER;sokak;336686
SİVAS;MERKEZ;KURTLAPA - BAHÇELİEVLER;1-MEHMET AKİF ERSOY SOKAK;sokak;470804
SİVAS;MERKEZ;KURTLAPA - BAHÇELİEVLER;1-MEVLANA SOKAK;sokak;336687
SİVAS;MERKEZ;KURTLAPA - BAHÇELİEVLER;1-SİVAS SOKAK;sokak;336688
SİVAS;MERKEZ;KURTLAPA - BAHÇELİEVLER;1-TUNA SOKAK;sokak;336689
SİVAS;MERKEZ;KURTLAPA - KARŞIYAKA;2-2.KÜME EVLER SOKAK;sokak;336690
SİVAS;MERKEZ;KURTLAPA - KARŞIYAKA;2-BAYBURT SOKAK;sokak;470805
SİVAS;MERKEZ;KURTLAPA - KARŞIYAKA;2-ÇAMLIDAĞ SOKAK;sokak;336696
SİVAS;MERKEZ;KURTLAPA - KARŞIYAKA;2-ÇAY SOKAK;sokak;336697
SİVAS;MERKEZ;KURTLAPA - KARŞIYAKA;2-ÇIKMAZ SOKAK;sokak;470808
SİVAS;MERKEZ;KURTLAPA - KARŞIYAKA;2-DERYA SOKAK;sokak;336691
SİVAS;MERKEZ;KURTLAPA - KARŞIYAKA;2-FATİH SOKAK;sokak;336692
SİVAS;MERKEZ;KURTLAPA - KARŞIYAKA;2-GÜL SOKAK;sokak;470806
SİVAS;MERKEZ;KURTLAPA - KARŞIYAKA;2-İNCİRLİK SOKAK;sokak;336698
SİVAS;MERKEZ;KURTLAPA - KARŞIYAKA;2-MENDERES SOKAK;sokak;336693
SİVAS;MERKEZ;KURTLAPA - KARŞIYAKA;2-MEVLANA SOKAK;sokak;336694
SİVAS;MERKEZ;KURTLAPA - KARŞIYAKA;2-YILDIRIM SOKAK;sokak;470807
SİVAS;MERKEZ;KURTLAPA - KARŞIYAKA;2-YUNUS EMRE SOKAK;sokak;336695
SİVAS;MERKEZ;KUŞLU NA;KUŞLU KÜME EVLER;sokak;651803
SİVAS;MERKEZ;KUZÖREN NA;KUZÖREN KÜME EVLER;sokak;675219
SİVAS;MERKEZ;KÜÇÜKMİNARE;25-1. SOKAK;sokak;344780
SİVAS;MERKEZ;KÜÇÜKMİNARE;25-2. SOKAK;sokak;344781
SİVAS;MERKEZ;KÜÇÜKMİNARE;25-3. SOKAK;sokak;466763
SİVAS;MERKEZ;KÜÇÜKMİNARE;25-4. SOKAK;sokak;344782
SİVAS;MERKEZ;KÜÇÜKMİNARE;25-5. SOKAK;sokak;344783
SİVAS;MERKEZ;KÜÇÜKMİNARE;25-6. SOKAK;sokak;466764
SİVAS;MERKEZ;KÜÇÜKMİNARE;25-7. SOKAK;sokak;344784
SİVAS;MERKEZ;KÜÇÜKMİNARE;25-8. SOKAK;sokak;344785
SİVAS;MERKEZ;KÜÇÜKMİNARE;CAHİT ZARİFOĞLU CADDE;cadde;466765
SİVAS;MERKEZ;KÜÇÜKMİNARE;ÇARŞIBAŞI CADDE;cadde;466762
SİVAS;MERKEZ;KÜÇÜKMİNARE;DİKİLİTAŞ CADDE;cadde;344786
SİVAS;MERKEZ;KÜÇÜKMİNARE;GÜDÜK MİNARE SOKAK;sokak;344787
SİVAS;MERKEZ;KÜÇÜKMİNARE;HİDAYET SOKAK;sokak;924778
SİVAS;MERKEZ;KÜÇÜKMİNARE;HİKMET IŞIK CADDE;cadde;344775
SİVAS;MERKEZ;KÜÇÜKMİNARE;PAŞABOSTAN CADDE;cadde;344776
SİVAS;MERKEZ;KÜÇÜKMİNARE;RECEP HANDAN SOKAK;sokak;466761
SİVAS;MERKEZ;KÜÇÜKMİNARE;SAİT PAŞA CADDE;cadde;344777
SİVAS;MERKEZ;KÜÇÜKMİNARE;VAİZ AHMET YILMAZ SOKAK;sokak;344778
SİVAS;MERKEZ;KÜÇÜKMİNARE;ZİNCİRLİ MİNARE SOKAK;sokak;344779
SİVAS;MERKEZ;KÜMBET;65-1. SOKAK;sokak;344788
SİVAS;MERKEZ;KÜMBET;65-10. SOKAK;sokak;466102
SİVAS;MERKEZ;KÜMBET;65-11. SOKAK;sokak;344789
SİVAS;MERKEZ;KÜMBET;65-12. SOKAK;sokak;344790
SİVAS;MERKEZ;KÜMBET;65-13. SOKAK;sokak;466103
SİVAS;MERKEZ;KÜMBET;65-14. SOKAK;sokak;344791
SİVAS;MERKEZ;KÜMBET;65-15. SOKAK;sokak;344792
SİVAS;MERKEZ;KÜMBET;65-16. SOKAK;sokak;344793
SİVAS;MERKEZ;KÜMBET;65-17. SOKAK;sokak;466104
SİVAS;MERKEZ;KÜMBET;65-18. SOKAK;sokak;344794
SİVAS;MERKEZ;KÜMBET;65-19. SOKAK;sokak;344795
SİVAS;MERKEZ;KÜMBET;65-2. SOKAK;sokak;472709
SİVAS;MERKEZ;KÜMBET;65-20. SOKAK;sokak;344796
SİVAS;MERKEZ;KÜMBET;65-21. SOKAK;sokak;344797
SİVAS;MERKEZ;KÜMBET;65-22. SOKAK;sokak;344798
SİVAS;MERKEZ;KÜMBET;65-23. SOKAK;sokak;344799
SİVAS;MERKEZ;KÜMBET;65-24. SOKAK;sokak;476531
SİVAS;MERKEZ;KÜMBET;65-25. SOKAK;sokak;344800
SİVAS;MERKEZ;KÜMBET;65-26. SOKAK;sokak;476532
SİVAS;MERKEZ;KÜMBET;65-27. SOKAK;sokak;344801
SİVAS;MERKEZ;KÜMBET;65-28. SOKAK;sokak;344802
SİVAS;MERKEZ;KÜMBET;65-29. SOKAK;sokak;344803
SİVAS;MERKEZ;KÜMBET;65-3. SOKAK;sokak;476533
SİVAS;MERKEZ;KÜMBET;65-30. SOKAK;sokak;344804
SİVAS;MERKEZ;KÜMBET;65-31. SOKAK;sokak;945556
SİVAS;MERKEZ;KÜMBET;65-32. SOKAK;sokak;945558
SİVAS;MERKEZ;KÜMBET;65-33. SOKAK;sokak;1333977
SİVAS;MERKEZ;KÜMBET;65-4. SOKAK;sokak;344805
SİVAS;MERKEZ;KÜMBET;65-5. SOKAK;sokak;751033
SİVAS;MERKEZ;KÜMBET;65-6. SOKAK;sokak;476534
SİVAS;MERKEZ;KÜMBET;65-7. SOKAK;sokak;720604
SİVAS;MERKEZ;KÜMBET;65-8. SOKAK;sokak;344806
SİVAS;MERKEZ;KÜMBET;65-9. SOKAK;sokak;476535
SİVAS;MERKEZ;KÜMBET;AKGÜL SOKAK;sokak;751032
SİVAS;MERKEZ;KÜMBET;BARBAROS CADDE;cadde;1057183
SİVAS;MERKEZ;KÜMBET;BAŞBAĞLAR CADDE;cadde;344808
SİVAS;MERKEZ;KÜMBET;BUHARA CADDE;cadde;476536
SİVAS;MERKEZ;KÜMBET;CEYLAN SOKAK;sokak;476530
SİVAS;MERKEZ;KÜMBET;CUMAPAZARI CADDE;cadde;344809
SİVAS;MERKEZ;KÜMBET;DİKİMEVİ CADDE;cadde;344810
SİVAS;MERKEZ;KÜMBET;EVGÜ SOKAK;sokak;756657
SİVAS;MERKEZ;KÜMBET;FATİH CADDE;cadde;476537
SİVAS;MERKEZ;KÜMBET;KÜMBET SOKAK;sokak;344811
SİVAS;MERKEZ;KÜMBET;MEHMETÇİK CADDE;cadde;78247681
SİVAS;MERKEZ;KÜMBET;MUHSİN YAZICIOĞLU BULVAR;sokak;344807
SİVAS;MERKEZ;KÜMBET;REHBER SOKAK;sokak;949472
SİVAS;MERKEZ;KÜMBET;SANCAK SOKAK;sokak;344812
SİVAS;MERKEZ;KÜMBET;SIRRI TEMEL SOKAK;sokak;344813
SİVAS;MERKEZ;KÜMBET;TOPTANCILAR CADDE;cadde;943684
SİVAS;MERKEZ;KÜMBET;ZÜBEYDE HANIM CADDE;cadde;476538
SİVAS;MERKEZ;MEHMET AKİF ERSOY;49-1. SOKAK;sokak;733861
SİVAS;MERKEZ;MEHMET AKİF ERSOY;49-10. SOKAK;sokak;476546
SİVAS;MERKEZ;MEHMET AKİF ERSOY;49-11. SOKAK;sokak;368140
SİVAS;MERKEZ;MEHMET AKİF ERSOY;49-12. SOKAK;sokak;345160
SİVAS;MERKEZ;MEHMET AKİF ERSOY;49-13. SOKAK;sokak;345161
SİVAS;MERKEZ;MEHMET AKİF ERSOY;49-14. SOKAK;sokak;476547
SİVAS;MERKEZ;MEHMET AKİF ERSOY;49-15. SOKAK;sokak;345162
SİVAS;MERKEZ;MEHMET AKİF ERSOY;49-16. SOKAK;sokak;345163
SİVAS;MERKEZ;MEHMET AKİF ERSOY;49-17. SOKAK;sokak;343165
SİVAS;MERKEZ;MEHMET AKİF ERSOY;49-18. SOKAK;sokak;343166
SİVAS;MERKEZ;MEHMET AKİF ERSOY;49-19. SOKAK;sokak;343167
SİVAS;MERKEZ;MEHMET AKİF ERSOY;49-2. SOKAK;sokak;343168
SİVAS;MERKEZ;MEHMET AKİF ERSOY;49-20. SOKAK;sokak;343169
SİVAS;MERKEZ;MEHMET AKİF ERSOY;49-22. SOKAK;sokak;343172
SİVAS;MERKEZ;MEHMET AKİF ERSOY;49-23. SOKAK;sokak;343173
SİVAS;MERKEZ;MEHMET AKİF ERSOY;49-24. SOKAK;sokak;343174
SİVAS;MERKEZ;MEHMET AKİF ERSOY;49-25. SOKAK;sokak;343175
SİVAS;MERKEZ;MEHMET AKİF ERSOY;49-26. SOKAK;sokak;343176
SİVAS;MERKEZ;MEHMET AKİF ERSOY;49-27. SOKAK;sokak;343177
SİVAS;MERKEZ;MEHMET AKİF ERSOY;49-28. SOKAK;sokak;343178
SİVAS;MERKEZ;MEHMET AKİF ERSOY;49-29. SOKAK;sokak;341406
SİVAS;MERKEZ;MEHMET AKİF ERSOY;49-3. SOKAK;sokak;341407
SİVAS;MERKEZ;MEHMET AKİF ERSOY;49-30. SOKAK;sokak;733862
SİVAS;MERKEZ;MEHMET AKİF ERSOY;49-31. SOKAK;sokak;341410
SİVAS;MERKEZ;MEHMET AKİF ERSOY;49-32. SOKAK;sokak;341412
SİVAS;MERKEZ;MEHMET AKİF ERSOY;49-33. SOKAK;sokak;341414
SİVAS;MERKEZ;MEHMET AKİF ERSOY;49-34. SOKAK;sokak;341416
SİVAS;MERKEZ;MEHMET AKİF ERSOY;49-35. SOKAK;sokak;341417
SİVAS;MERKEZ;MEHMET AKİF ERSOY;49-36. SOKAK;sokak;733863
SİVAS;MERKEZ;MEHMET AKİF ERSOY;49-37. SOKAK;sokak;341419
SİVAS;MERKEZ;MEHMET AKİF ERSOY;49-38. SOKAK;sokak;341420
SİVAS;MERKEZ;MEHMET AKİF ERSOY;49-4. SOKAK;sokak;341421
SİVAS;MERKEZ;MEHMET AKİF ERSOY;49-40. SOKAK;sokak;341422
SİVAS;MERKEZ;MEHMET AKİF ERSOY;49-41. SOKAK;sokak;341423
SİVAS;MERKEZ;MEHMET AKİF ERSOY;49-42. SOKAK;sokak;474452
SİVAS;MERKEZ;MEHMET AKİF ERSOY;49-44. SOKAK;sokak;474453
SİVAS;MERKEZ;MEHMET AKİF ERSOY;49-45. SOKAK;sokak;341425
SİVAS;MERKEZ;MEHMET AKİF ERSOY;49-46. SOKAK;sokak;341426
SİVAS;MERKEZ;MEHMET AKİF ERSOY;49-47. SOKAK;sokak;474454
SİVAS;MERKEZ;MEHMET AKİF ERSOY;49-48. SOKAK;sokak;341427
SİVAS;MERKEZ;MEHMET AKİF ERSOY;49-5. SOKAK;sokak;474455
SİVAS;MERKEZ;MEHMET AKİF ERSOY;49-50. SOKAK;sokak;341429
SİVAS;MERKEZ;MEHMET AKİF ERSOY;49-51. SOKAK;sokak;474456
SİVAS;MERKEZ;MEHMET AKİF ERSOY;49-52. SOKAK;sokak;745675
SİVAS;MERKEZ;MEHMET AKİF ERSOY;49-53. SOKAK;sokak;474457
SİVAS;MERKEZ;MEHMET AKİF ERSOY;49-54. SOKAK;sokak;341431
SİVAS;MERKEZ;MEHMET AKİF ERSOY;49-55. SOKAK;sokak;341432
SİVAS;MERKEZ;MEHMET AKİF ERSOY;49-56. SOKAK;sokak;474458
SİVAS;MERKEZ;MEHMET AKİF ERSOY;49-57. SOKAK;sokak;341434
SİVAS;MERKEZ;MEHMET AKİF ERSOY;49-58. SOKAK;sokak;341435
SİVAS;MERKEZ;MEHMET AKİF ERSOY;49-59. SOKAK;sokak;474459
SİVAS;MERKEZ;MEHMET AKİF ERSOY;49-6. SOKAK;sokak;341436
SİVAS;MERKEZ;MEHMET AKİF ERSOY;49-60. SOKAK;sokak;325747
SİVAS;MERKEZ;MEHMET AKİF ERSOY;49-61. SOKAK;sokak;474460
SİVAS;MERKEZ;MEHMET AKİF ERSOY;49-62. SOKAK;sokak;341437
SİVAS;MERKEZ;MEHMET AKİF ERSOY;49-63. SOKAK;sokak;341438
SİVAS;MERKEZ;MEHMET AKİF ERSOY;49-66. SOKAK;sokak;474462
SİVAS;MERKEZ;MEHMET AKİF ERSOY;49-67. SOKAK;sokak;344814
SİVAS;MERKEZ;MEHMET AKİF ERSOY;49-68. SOKAK;sokak;344815
SİVAS;MERKEZ;MEHMET AKİF ERSOY;49-69. SOKAK;sokak;476539
SİVAS;MERKEZ;MEHMET AKİF ERSOY;49-7. SOKAK;sokak;344816
SİVAS;MERKEZ;MEHMET AKİF ERSOY;49-70. SOKAK;sokak;344817
SİVAS;MERKEZ;MEHMET AKİF ERSOY;49-71. SOKAK;sokak;476540
SİVAS;MERKEZ;MEHMET AKİF ERSOY;49-72. SOKAK;sokak;344818
SİVAS;MERKEZ;MEHMET AKİF ERSOY;49-73. SOKAK;sokak;344819
SİVAS;MERKEZ;MEHMET AKİF ERSOY;49-74. SOKAK;sokak;476541
SİVAS;MERKEZ;MEHMET AKİF ERSOY;49-75. SOKAK;sokak;344820
SİVAS;MERKEZ;MEHMET AKİF ERSOY;49-8. SOKAK;sokak;344821
SİVAS;MERKEZ;MEHMET AKİF ERSOY;49-9. SOKAK;sokak;476542
SİVAS;MERKEZ;MEHMET AKİF ERSOY;ALIN TERİ SOKAK;sokak;341418
SİVAS;MERKEZ;MEHMET AKİF ERSOY;AZİM SOKAK;sokak;922249
SİVAS;MERKEZ;MEHMET AKİF ERSOY;BEYAZIT SOKAK;sokak;1096224
SİVAS;MERKEZ;MEHMET AKİF ERSOY;CAN SOKAK;sokak;939965
SİVAS;MERKEZ;MEHMET AKİF ERSOY;ÇIRAK SOKAK;sokak;341411
SİVAS;MERKEZ;MEHMET AKİF ERSOY;EBRAR SOKAK;sokak;1096267
SİVAS;MERKEZ;MEHMET AKİF ERSOY;EMANET SOKAK;sokak;1067921
SİVAS;MERKEZ;MEHMET AKİF ERSOY;EVİN SOKAK;sokak;211666
SİVAS;MERKEZ;MEHMET AKİF ERSOY;FİKİR SOKAK;sokak;925254
SİVAS;MERKEZ;MEHMET AKİF ERSOY;GÖKÇEKLER CADDE;cadde;344823
SİVAS;MERKEZ;MEHMET AKİF ERSOY;HALFELİK CADDE;cadde;345154
SİVAS;MERKEZ;MEHMET AKİF ERSOY;HATIRA SOKAK;sokak;925264
SİVAS;MERKEZ;MEHMET AKİF ERSOY;İSTİKLAL CADDE;cadde;345157
SİVAS;MERKEZ;MEHMET AKİF ERSOY;KALFA SOKAK;sokak;341409
SİVAS;MERKEZ;MEHMET AKİF ERSOY;KARAAĞAÇ CADDE;cadde;476543
SİVAS;MERKEZ;MEHMET AKİF ERSOY;MUHAMMED İKBAL CADDE;cadde;345155
SİVAS;MERKEZ;MEHMET AKİF ERSOY;NAMIK KEMAL CADDE;cadde;345156
SİVAS;MERKEZ;MEHMET AKİF ERSOY;ÖZDE SOKAK;sokak;341433
SİVAS;MERKEZ;MEHMET AKİF ERSOY;SAFAHAT SOKAK;sokak;922248
SİVAS;MERKEZ;MEHMET AKİF ERSOY;SULTAN ŞEHİR BULVAR;sokak;733859
SİVAS;MERKEZ;MEHMET AKİF ERSOY;ŞEHİT FETHİ AKYÜZ CADDE;cadde;476545
SİVAS;MERKEZ;MEHMET AKİF ERSOY;ŞEHİT HACI AVCI SOKAK;sokak;343171
SİVAS;MERKEZ;MEHMET AKİF ERSOY;ŞEHİT OSMAN YURT CADDE;cadde;476544
SİVAS;MERKEZ;MEHMET AKİF ERSOY;USTA SOKAK;sokak;341408
SİVAS;MERKEZ;MEHMET AKİF ERSOY;USTABAŞI SOKAK;sokak;341413
SİVAS;MERKEZ;MEHMET AKİF ERSOY;VEFAKAR SOKAK;sokak;341415
SİVAS;MERKEZ;MEHMETPAŞA;14-1. SOKAK;sokak;341440
SİVAS;MERKEZ;MEHMETPAŞA;14-10. SOKAK;sokak;341441
SİVAS;MERKEZ;MEHMETPAŞA;14-11. SOKAK;sokak;474463
SİVAS;MERKEZ;MEHMETPAŞA;14-12. SOKAK;sokak;341442
SİVAS;MERKEZ;MEHMETPAŞA;14-13. SOKAK;sokak;341443
SİVAS;MERKEZ;MEHMETPAŞA;14-14. SOKAK;sokak;474464
SİVAS;MERKEZ;MEHMETPAŞA;14-15. SOKAK;sokak;341444
SİVAS;MERKEZ;MEHMETPAŞA;14-16. SOKAK;sokak;341445
SİVAS;MERKEZ;MEHMETPAŞA;14-17. SOKAK;sokak;474465
SİVAS;MERKEZ;MEHMETPAŞA;14-18. SOKAK;sokak;341446
SİVAS;MERKEZ;MEHMETPAŞA;14-19. SOKAK;sokak;341447
SİVAS;MERKEZ;MEHMETPAŞA;14-2. SOKAK;sokak;474466
SİVAS;MERKEZ;MEHMETPAŞA;14-20. SOKAK;sokak;341448
SİVAS;MERKEZ;MEHMETPAŞA;14-3. SOKAK;sokak;341449
SİVAS;MERKEZ;MEHMETPAŞA;14-4. SOKAK;sokak;474467
SİVAS;MERKEZ;MEHMETPAŞA;14-5. SOKAK;sokak;341450
SİVAS;MERKEZ;MEHMETPAŞA;14-6. SOKAK;sokak;341451
SİVAS;MERKEZ;MEHMETPAŞA;14-7. SOKAK;sokak;474468
SİVAS;MERKEZ;MEHMETPAŞA;14-8. SOKAK;sokak;341452
SİVAS;MERKEZ;MEHMETPAŞA;14-9. SOKAK;sokak;341453
SİVAS;MERKEZ;MEHMETPAŞA;BEHRAM CADDE;cadde;474469
SİVAS;MERKEZ;MEHMETPAŞA;BEKİR SAMİ KUNDUK CADDE;cadde;341454
SİVAS;MERKEZ;MEHMETPAŞA;DİNÇER SOKAK;sokak;341793
SİVAS;MERKEZ;MEHMETPAŞA;EMİN SOKAK;sokak;923985
SİVAS;MERKEZ;MEHMETPAŞA;HASTANE CADDE;cadde;341455
SİVAS;MERKEZ;MEHMETPAŞA;HERSEK SOKAK;sokak;341456
SİVAS;MERKEZ;MEHMETPAŞA;İBNİ SİNA CADDE;cadde;474472
SİVAS;MERKEZ;MEHMETPAŞA;İHRAMCIZADE SOKAK;sokak;341457
SİVAS;MERKEZ;MEHMETPAŞA;KARABAĞ CADDE;cadde;474470
SİVAS;MERKEZ;MEHMETPAŞA;KONGRE CADDE;cadde;341794
SİVAS;MERKEZ;MEHMETPAŞA;MEVLANA CADDE;cadde;341791
SİVAS;MERKEZ;MEHMETPAŞA;NUMUNE SOKAK;sokak;341458
SİVAS;MERKEZ;MEHMETPAŞA;PÜNZÜRÜK CADDE;cadde;474471
SİVAS;MERKEZ;MEHMETPAŞA;SARAYBOSNA CADDE;cadde;341792
SİVAS;MERKEZ;MEHMETPAŞA;ŞEHİT İSMAİL ŞİRİN CADDE;cadde;341795
SİVAS;MERKEZ;MENŞURLU NA;MENŞURLU KÜME EVLER;sokak;713614
SİVAS;MERKEZ;MERAKÜM;61-162. SOKAK;sokak;938808
SİVAS;MERKEZ;MERAKÜM;61-163. SOKAK;sokak;938809
SİVAS;MERKEZ;MERAKÜM;61-164. SOKAK;sokak;938810
SİVAS;MERKEZ;MERAKÜM;61-167. SOKAK;sokak;938813
SİVAS;MERKEZ;MERAKÜM;61-170. SOKAK;sokak;938816
SİVAS;MERKEZ;MERAKÜM;61-171. SOKAK;sokak;938817
SİVAS;MERKEZ;MERAKÜM;61-173. SOKAK;sokak;938819
SİVAS;MERKEZ;MERAKÜM;61-174. SOKAK;sokak;938820
SİVAS;MERKEZ;MERAKÜM;61-176. SOKAK;sokak;938822
SİVAS;MERKEZ;MERAKÜM;61-177. SOKAK;sokak;938823
SİVAS;MERKEZ;MERAKÜM;61-179. SOKAK;sokak;938825
SİVAS;MERKEZ;MERAKÜM;61-180. SOKAK;sokak;942786
SİVAS;MERKEZ;MERAKÜM;61-183. SOKAK;sokak;938826
SİVAS;MERKEZ;MERAKÜM;61-185. SOKAK;sokak;938828
SİVAS;MERKEZ;MERAKÜM;61-186. SOKAK;sokak;938830
SİVAS;MERKEZ;MERAKÜM;61-187. SOKAK;sokak;938831
SİVAS;MERKEZ;MERAKÜM;61-188. SOKAK;sokak;938833
SİVAS;MERKEZ;MERAKÜM;61-189. SOKAK;sokak;938834
SİVAS;MERKEZ;MERAKÜM;61-191. SOKAK;sokak;938844
SİVAS;MERKEZ;MERAKÜM;61-192. SOKAK;sokak;938845
SİVAS;MERKEZ;MERAKÜM;61-193. SOKAK;sokak;938846
SİVAS;MERKEZ;MERAKÜM;61-194. SOKAK;sokak;939039
SİVAS;MERKEZ;MERAKÜM;61-195. SOKAK;sokak;939038
SİVAS;MERKEZ;MERAKÜM;61-196. SOKAK;sokak;939036
SİVAS;MERKEZ;MERAKÜM;61-197. SOKAK;sokak;939034
SİVAS;MERKEZ;MERAKÜM;61-198. SOKAK;sokak;939033
SİVAS;MERKEZ;MERAKÜM;61-199. SOKAK;sokak;939024
SİVAS;MERKEZ;MERAKÜM;61-200. SOKAK;sokak;939032
SİVAS;MERKEZ;MERAKÜM;61-201. SOKAK;sokak;939031
SİVAS;MERKEZ;MERAKÜM;61-202. SOKAK;sokak;939030
SİVAS;MERKEZ;MERAKÜM;61-203. SOKAK;sokak;939029
SİVAS;MERKEZ;MERAKÜM;61-204. SOKAK;sokak;939028
SİVAS;MERKEZ;MERAKÜM;61-205. SOKAK;sokak;939027
SİVAS;MERKEZ;MERAKÜM;61-206. SOKAK;sokak;939026
SİVAS;MERKEZ;MERAKÜM;61-207. SOKAK;sokak;939025
SİVAS;MERKEZ;MERAKÜM;61-208. SOKAK;sokak;954567
SİVAS;MERKEZ;MERAKÜM;61-209. SOKAK;sokak;939040
SİVAS;MERKEZ;MERAKÜM;61-76. SOKAK;sokak;1219153
SİVAS;MERKEZ;MERAKÜM;61-77. SOKAK;sokak;1219155
SİVAS;MERKEZ;MERAKÜM;61-78. SOKAK;sokak;942788
SİVAS;MERKEZ;MERAKÜM;61-79. SOKAK;sokak;1219157
SİVAS;MERKEZ;MERAKÜM;61-80. SOKAK;sokak;336963
SİVAS;MERKEZ;MERAKÜM;61-81. SOKAK;sokak;1229633
SİVAS;MERKEZ;MERAKÜM;61-82. SOKAK;sokak;1229635
SİVAS;MERKEZ;MERAKÜM;76-1. SOKAK;sokak;911490
SİVAS;MERKEZ;MERAKÜM;76-10. SOKAK;sokak;911489
SİVAS;MERKEZ;MERAKÜM;76-11. SOKAK;sokak;954067
SİVAS;MERKEZ;MERAKÜM;76-12. SOKAK;sokak;1219083
SİVAS;MERKEZ;MERAKÜM;76-13. SOKAK;sokak;1219105
SİVAS;MERKEZ;MERAKÜM;76-14. SOKAK;sokak;1219119
SİVAS;MERKEZ;MERAKÜM;76-15. SOKAK;sokak;1219121
SİVAS;MERKEZ;MERAKÜM;76-16. SOKAK;sokak;1219117
SİVAS;MERKEZ;MERAKÜM;76-17. SOKAK;sokak;1219123
SİVAS;MERKEZ;MERAKÜM;76-18. SOKAK;sokak;1219125
SİVAS;MERKEZ;MERAKÜM;76-19. SOKAK;sokak;1219127
SİVAS;MERKEZ;MERAKÜM;76-2. SOKAK;sokak;911492
SİVAS;MERKEZ;MERAKÜM;76-20. SOKAK;sokak;1219129
SİVAS;MERKEZ;MERAKÜM;76-21. SOKAK;sokak;1219131
SİVAS;MERKEZ;MERAKÜM;76-3. SOKAK;sokak;911491
SİVAS;MERKEZ;MERAKÜM;76-4. SOKAK;sokak;938646
SİVAS;MERKEZ;MERAKÜM;76-5. SOKAK;sokak;911494
SİVAS;MERKEZ;MERAKÜM;76-6. SOKAK;sokak;895036
SİVAS;MERKEZ;MERAKÜM;76-7. SOKAK;sokak;939584
SİVAS;MERKEZ;MERAKÜM;76-8. SOKAK;sokak;911471
SİVAS;MERKEZ;MERAKÜM;76-9. SOKAK;sokak;939583
SİVAS;MERKEZ;MERAKÜM;FUZULİ CADDE;cadde;1505733
SİVAS;MERKEZ;MERAKÜM;GÜVEN CADDE;cadde;939586
SİVAS;MERKEZ;MERAKÜM;HAKİMİYET CADDE;cadde;946792
SİVAS;MERKEZ;MERAKÜM;HAYRİ SIĞIRCI BULVAR;sokak;1505715
SİVAS;MERKEZ;MERAKÜM;HÜNKAR SOKAK;sokak;925263
SİVAS;MERKEZ;MERAKÜM;İRADEYİ MİLLİYE CADDE;cadde;939037
SİVAS;MERKEZ;MERAKÜM;MİLLET CADDE;cadde;938842
SİVAS;MERKEZ;MERAKÜM;MİLLİ MÜCADELE CADDE;cadde;926172
SİVAS;MERKEZ;MERAKÜM;MÜDAFA CADDE;cadde;938818
SİVAS;MERKEZ;MERAKÜM;SÜLEYMAN ŞAH CADDE;cadde;911493
SİVAS;MERKEZ;MERMER NA;MERMER KÜME EVLER;sokak;631000
SİVAS;MERKEZ;MESCİTLİ - TAŞLIDERE;TAŞLIDERE KÖY SOKAĞI KÜME EVLER;sokak;918605
SİVAS;MERKEZ;MESCİTLİ NA;MESCİTLİ KÖY SOKAĞI KÜME EVLER;sokak;584489
SİVAS;MERKEZ;MESCİTLİ NA;SİVAS-KAYSERİ SOKAK;sokak;918623
SİVAS;MERKEZ;MESCİTLİ NA;TAŞLIDERE KÖY SOKAĞI KÜME EVLER;sokak;962313451
SİVAS;MERKEZ;MEVLANA;16-1. SOKAK;sokak;341802
SİVAS;MERKEZ;MEVLANA;16-10. SOKAK;sokak;474476
SİVAS;MERKEZ;MEVLANA;16-12. SOKAK;sokak;341804
SİVAS;MERKEZ;MEVLANA;16-13. SOKAK;sokak;341808
SİVAS;MERKEZ;MEVLANA;16-14. SOKAK;sokak;341809
SİVAS;MERKEZ;MEVLANA;16-15. SOKAK;sokak;474479
SİVAS;MERKEZ;MEVLANA;16-16. SOKAK;sokak;341810
SİVAS;MERKEZ;MEVLANA;16-17. SOKAK;sokak;341811
SİVAS;MERKEZ;MEVLANA;16-18. SOKAK;sokak;474480
SİVAS;MERKEZ;MEVLANA;16-19. SOKAK;sokak;341812
SİVAS;MERKEZ;MEVLANA;16-21. SOKAK;sokak;341814
SİVAS;MERKEZ;MEVLANA;16-22. SOKAK;sokak;341815
SİVAS;MERKEZ;MEVLANA;16-23. SOKAK;sokak;474482
SİVAS;MERKEZ;MEVLANA;16-24. SOKAK;sokak;341816
SİVAS;MERKEZ;MEVLANA;16-25. SOKAK;sokak;341817
SİVAS;MERKEZ;MEVLANA;16-26. SOKAK;sokak;341818
SİVAS;MERKEZ;MEVLANA;16-27. SOKAK;sokak;474483
SİVAS;MERKEZ;MEVLANA;16-28. SOKAK;sokak;341819
SİVAS;MERKEZ;MEVLANA;16-29. SOKAK;sokak;341821
SİVAS;MERKEZ;MEVLANA;16-3. SOKAK;sokak;474484
SİVAS;MERKEZ;MEVLANA;16-4. SOKAK;sokak;468040
SİVAS;MERKEZ;MEVLANA;16-5. SOKAK;sokak;341822
SİVAS;MERKEZ;MEVLANA;16-6. SOKAK;sokak;341823
SİVAS;MERKEZ;MEVLANA;16-7. SOKAK;sokak;341824
SİVAS;MERKEZ;MEVLANA;16-8. SOKAK;sokak;474473
SİVAS;MERKEZ;MEVLANA;16-9. SOKAK;sokak;341796
SİVAS;MERKEZ;MEVLANA;BAHAR SOKAK;sokak;341806
SİVAS;MERKEZ;MEVLANA;ÇINAR SOKAK;sokak;1088653
SİVAS;MERKEZ;MEVLANA;ÇİMEN- SOKAK;sokak;591651
SİVAS;MERKEZ;MEVLANA;DERMAN SOKAK;sokak;580238
SİVAS;MERKEZ;MEVLANA;DEVA SOKAK;sokak;578471
SİVAS;MERKEZ;MEVLANA;ERDEMLİ SOKAK;sokak;922218
SİVAS;MERKEZ;MEVLANA;FAHREDDİN PAŞA CADDE;cadde;341803
SİVAS;MERKEZ;MEVLANA;FİDAN SOKAK;sokak;387953
SİVAS;MERKEZ;MEVLANA;HİKMET BORAN CADDE;cadde;341797
SİVAS;MERKEZ;MEVLANA;HOŞGÖRÜ SOKAK;sokak;922217
SİVAS;MERKEZ;MEVLANA;HUZURLU SOKAK;sokak;591627
SİVAS;MERKEZ;MEVLANA;IHLAMUR SOKAK;sokak;387956
SİVAS;MERKEZ;MEVLANA;KAMELYA SOKAK;sokak;578561
SİVAS;MERKEZ;MEVLANA;KAVAKLI SOKAK;sokak;341807
SİVAS;MERKEZ;MEVLANA;KUMLU TARLA CADDE;cadde;474474
SİVAS;MERKEZ;MEVLANA;MEVLANA CADDE;cadde;341798
SİVAS;MERKEZ;MEVLANA;MEVLEVİ SOKAK;sokak;917532
SİVAS;MERKEZ;MEVLANA;MISRA SOKAK;sokak;877108
SİVAS;MERKEZ;MEVLANA;PORSUK CADDE;cadde;341799
SİVAS;MERKEZ;MEVLANA;RAHMİ GÜNAY CADDE;cadde;341800
SİVAS;MERKEZ;MEVLANA;RÜYA SOKAK;sokak;578559
SİVAS;MERKEZ;MEVLANA;SALİH AŞIK SOKAK;sokak;474475
SİVAS;MERKEZ;MEVLANA;SAYGI SOKAK;sokak;474477
SİVAS;MERKEZ;MEVLANA;SELAHATTİN ERORHAN CADDE;cadde;13491634
SİVAS;MERKEZ;MEVLANA;SELVİ SOKAK;sokak;474478
SİVAS;MERKEZ;MEVLANA;SÖĞÜT SOKAK;sokak;341805
SİVAS;MERKEZ;MEVLANA;ŞEHİT MUHAMMED DEMİR SOKAK;sokak;474481
SİVAS;MERKEZ;MEVLANA;ŞEHİT ÖMER HALİSDEMİR CADDE;cadde;949649
SİVAS;MERKEZ;MEVLANA;TÜRKOĞLU SOKAK;sokak;949655
SİVAS;MERKEZ;MEVLANA;YAHYA YERLİKAYA SOKAK;sokak;341801
SİVAS;MERKEZ;MEVLANA;YONCA SOKAK;sokak;578475
SİVAS;MERKEZ;MISMILIRMAK;21-1. SOKAK;sokak;341825
SİVAS;MERKEZ;MISMILIRMAK;21-10. SOKAK;sokak;341826
SİVAS;MERKEZ;MISMILIRMAK;21-11. SOKAK;sokak;468042
SİVAS;MERKEZ;MISMILIRMAK;21-12. SOKAK;sokak;341827
SİVAS;MERKEZ;MISMILIRMAK;21-13. SOKAK;sokak;468043
SİVAS;MERKEZ;MISMILIRMAK;21-14. SOKAK;sokak;341829
SİVAS;MERKEZ;MISMILIRMAK;21-2. SOKAK;sokak;468044
SİVAS;MERKEZ;MISMILIRMAK;21-3. SOKAK;sokak;341831
SİVAS;MERKEZ;MISMILIRMAK;21-4. SOKAK;sokak;341832
SİVAS;MERKEZ;MISMILIRMAK;21-5. SOKAK;sokak;468045
SİVAS;MERKEZ;MISMILIRMAK;21-6. SOKAK;sokak;341833
SİVAS;MERKEZ;MISMILIRMAK;21-7. SOKAK;sokak;341834
SİVAS;MERKEZ;MISMILIRMAK;21-8. SOKAK;sokak;715372
SİVAS;MERKEZ;MISMILIRMAK;21-9. SOKAK;sokak;468047
SİVAS;MERKEZ;MISMILIRMAK;ABDULVAHAB GAZİ CADDE;cadde;341837
SİVAS;MERKEZ;MISMILIRMAK;ÇİĞDEM SOKAK;sokak;468046
SİVAS;MERKEZ;MISMILIRMAK;GEÇİT SOKAK;sokak;732501
SİVAS;MERKEZ;MISMILIRMAK;MERCAN SOKAK;sokak;341836
SİVAS;MERKEZ;MISMILIRMAK;MISMILIRMAK CADDE;cadde;341839
SİVAS;MERKEZ;MISMILIRMAK;MORMENEKŞE SOKAK;sokak;468048
SİVAS;MERKEZ;MISMILIRMAK;NADİDE SOKAK;sokak;341828
SİVAS;MERKEZ;MISMILIRMAK;VALİ MUAMMER BEY CADDE;cadde;341840
SİVAS;MERKEZ;MISMILIRMAK;YİĞİTLER CADDE;cadde;28327682
SİVAS;MERKEZ;MİMAR SİNAN;67-1. SOKAK;sokak;468049
SİVAS;MERKEZ;MİMAR SİNAN;67-10. SOKAK;sokak;341841
SİVAS;MERKEZ;MİMAR SİNAN;67-11. SOKAK;sokak;341842
SİVAS;MERKEZ;MİMAR SİNAN;67-12. SOKAK;sokak;468050
SİVAS;MERKEZ;MİMAR SİNAN;67-13. SOKAK;sokak;341843
SİVAS;MERKEZ;MİMAR SİNAN;67-14. SOKAK;sokak;341844
SİVAS;MERKEZ;MİMAR SİNAN;67-15. SOKAK;sokak;468051
SİVAS;MERKEZ;MİMAR SİNAN;67-16. SOKAK;sokak;341845
SİVAS;MERKEZ;MİMAR SİNAN;67-17. SOKAK;sokak;341846
SİVAS;MERKEZ;MİMAR SİNAN;67-18. SOKAK;sokak;468052
SİVAS;MERKEZ;MİMAR SİNAN;67-19. SOKAK;sokak;851407
SİVAS;MERKEZ;MİMAR SİNAN;67-2. SOKAK;sokak;471482
SİVAS;MERKEZ;MİMAR SİNAN;67-20. SOKAK;sokak;939284
SİVAS;MERKEZ;MİMAR SİNAN;67-21. SOKAK;sokak;939285
SİVAS;MERKEZ;MİMAR SİNAN;67-23. SOKAK;sokak;939286
SİVAS;MERKEZ;MİMAR SİNAN;67-24 SOKAK;sokak;1398005
SİVAS;MERKEZ;MİMAR SİNAN;67-25. SOKAK;sokak;939289
SİVAS;MERKEZ;MİMAR SİNAN;67-26. SOKAK;sokak;946984
SİVAS;MERKEZ;MİMAR SİNAN;67-27. SOKAK;sokak;972846
SİVAS;MERKEZ;MİMAR SİNAN;67-28. SOKAK;sokak;939182
SİVAS;MERKEZ;MİMAR SİNAN;67-29. SOKAK;sokak;939183
SİVAS;MERKEZ;MİMAR SİNAN;67-3. SOKAK;sokak;56121
SİVAS;MERKEZ;MİMAR SİNAN;67-30. SOKAK;sokak;939184
SİVAS;MERKEZ;MİMAR SİNAN;67-31. SOKAK;sokak;918967
SİVAS;MERKEZ;MİMAR SİNAN;67-32. SOKAK;sokak;939180
SİVAS;MERKEZ;MİMAR SİNAN;67-4. SOKAK;sokak;341847
SİVAS;MERKEZ;MİMAR SİNAN;67-5. SOKAK;sokak;341848
SİVAS;MERKEZ;MİMAR SİNAN;67-6. SOKAK;sokak;468053
SİVAS;MERKEZ;MİMAR SİNAN;67-7. SOKAK;sokak;368147
SİVAS;MERKEZ;MİMAR SİNAN;67-8. SOKAK;sokak;341849
SİVAS;MERKEZ;MİMAR SİNAN;67-9. SOKAK;sokak;341850
SİVAS;MERKEZ;MİMAR SİNAN;ALTIN BAŞAK CADDE;cadde;1076723
SİVAS;MERKEZ;MİMAR SİNAN;ANKARA BULVAR;sokak;955246
SİVAS;MERKEZ;MİMAR SİNAN;BADE SOKAK;sokak;957656
SİVAS;MERKEZ;MİMAR SİNAN;BAŞKENT CADDE;cadde;926266
SİVAS;MERKEZ;MİMAR SİNAN;BAŞMİMAR SOKAK;sokak;922246
SİVAS;MERKEZ;MİMAR SİNAN;İHSAN ÖĞER CADDE;cadde;339879
SİVAS;MERKEZ;MİMAR SİNAN;İLLER CADDE;cadde;925183
SİVAS;MERKEZ;MİMAR SİNAN;MELİKGAZİ CADDE;cadde;925154
SİVAS;MERKEZ;MİMAR SİNAN;MENGÜCEKGAZİ CADDE;cadde;929986
SİVAS;MERKEZ;MİMAR SİNAN;MİMAR SİNAN CADDE;cadde;468054
SİVAS;MERKEZ;MİMAR SİNAN;MİSAK-I MİLLİ CADDE;cadde;1076637
SİVAS;MERKEZ;MİMAR SİNAN;MUHSİN YAZICIOĞLU BULVAR;sokak;341851
SİVAS;MERKEZ;MİMAR SİNAN;POLİS LOJMANLARI KÜME EVLER;sokak;339877
SİVAS;MERKEZ;MİMAR SİNAN;SELİMİYE CADDE;cadde;339878
SİVAS;MERKEZ;MİMAR SİNAN;SERVET SOKAK;sokak;957650
SİVAS;MERKEZ;MİMAR SİNAN;SÜLEYMANİYE CADDE;cadde;925155
SİVAS;MERKEZ;MİMAR SİNAN;ŞEHİT MUAMMER ŞAFAK SOKAK;sokak;414564
SİVAS;MERKEZ;MİMAR SİNAN;ŞEYH ŞAMİL CADDE;cadde;339880
SİVAS;MERKEZ;MİMAR SİNAN;TOKAT BULVAR;sokak;53606430
SİVAS;MERKEZ;OLUKMAN NA;OLUKMAN KÜME EVLER;sokak;666335
SİVAS;MERKEZ;ONBAŞILAR NA;ONBAŞILAR KÜME EVLER;sokak;372219
SİVAS;MERKEZ;ORHANGAZİ;43-1. SOKAK;sokak;339881
SİVAS;MERKEZ;ORHANGAZİ;43-10. SOKAK;sokak;339882
SİVAS;MERKEZ;ORHANGAZİ;43-11. SOKAK;sokak;339883
SİVAS;MERKEZ;ORHANGAZİ;43-12. SOKAK;sokak;763071
SİVAS;MERKEZ;ORHANGAZİ;43-13. SOKAK;sokak;763074
SİVAS;MERKEZ;ORHANGAZİ;43-14. SOKAK;sokak;339884
SİVAS;MERKEZ;ORHANGAZİ;43-15. SOKAK;sokak;763075
SİVAS;MERKEZ;ORHANGAZİ;43-16. SOKAK;sokak;339885
SİVAS;MERKEZ;ORHANGAZİ;43-17. SOKAK;sokak;339886
SİVAS;MERKEZ;ORHANGAZİ;43-18. SOKAK;sokak;339887
SİVAS;MERKEZ;ORHANGAZİ;43-19. SOKAK;sokak;339888
SİVAS;MERKEZ;ORHANGAZİ;43-20. SOKAK;sokak;339890
SİVAS;MERKEZ;ORHANGAZİ;43-21. SOKAK;sokak;339891
SİVAS;MERKEZ;ORHANGAZİ;43-22. SOKAK;sokak;764022
SİVAS;MERKEZ;ORHANGAZİ;43-23. SOKAK;sokak;940182
SİVAS;MERKEZ;ORHANGAZİ;43-24. SOKAK;sokak;940183
SİVAS;MERKEZ;ORHANGAZİ;43-25. SOKAK;sokak;924607321
SİVAS;MERKEZ;ORHANGAZİ;43-26. SOKAK;sokak;707180101
SİVAS;MERKEZ;ORHANGAZİ;43-27. SOKAK;sokak;225737111
SİVAS;MERKEZ;ORHANGAZİ;43-28. SOKAK;sokak;816398821
SİVAS;MERKEZ;ORHANGAZİ;43-29. SOKAK;sokak;372563691
SİVAS;MERKEZ;ORHANGAZİ;43-3. SOKAK;sokak;339892
SİVAS;MERKEZ;ORHANGAZİ;43-30 SOKAK;sokak;141370381
SİVAS;MERKEZ;ORHANGAZİ;43-31. SOKAK;sokak;207066691
SİVAS;MERKEZ;ORHANGAZİ;43-32. SOKAK;sokak;756307981
SİVAS;MERKEZ;ORHANGAZİ;43-33. SOKAK;sokak;222388851
SİVAS;MERKEZ;ORHANGAZİ;43-34. SOKAK;sokak;567903301
SİVAS;MERKEZ;ORHANGAZİ;43-35 SOKAK;sokak;340218731
SİVAS;MERKEZ;ORHANGAZİ;43-36. SOKAK;sokak;968334131
SİVAS;MERKEZ;ORHANGAZİ;43-37. SOKAK;sokak;732015921
SİVAS;MERKEZ;ORHANGAZİ;43-38. SOKAK;sokak;777103251
SİVAS;MERKEZ;ORHANGAZİ;43-39. SOKAK;sokak;576736341
SİVAS;MERKEZ;ORHANGAZİ;43-4. SOKAK;sokak;339894
SİVAS;MERKEZ;ORHANGAZİ;43-40. SOKAK;sokak;474843081
SİVAS;MERKEZ;ORHANGAZİ;43-41. SOKAK;sokak;510933341
SİVAS;MERKEZ;ORHANGAZİ;43-42. SOKAK;sokak;854702841
SİVAS;MERKEZ;ORHANGAZİ;43-43. SOKAK;sokak;709251851
SİVAS;MERKEZ;ORHANGAZİ;43-44 SOKAK;sokak;987038531
SİVAS;MERKEZ;ORHANGAZİ;43-45. SOKAK;sokak;331364411
SİVAS;MERKEZ;ORHANGAZİ;43-46. SOKAK;sokak;170901191
SİVAS;MERKEZ;ORHANGAZİ;43-47. SOKAK;sokak;269488281
SİVAS;MERKEZ;ORHANGAZİ;43-48. SOKAK;sokak;403103021
SİVAS;MERKEZ;ORHANGAZİ;43-49. SOKAK;sokak;122367901
SİVAS;MERKEZ;ORHANGAZİ;43-5. SOKAK;sokak;763073
SİVAS;MERKEZ;ORHANGAZİ;43-50. SOKAK;sokak;992392041
SİVAS;MERKEZ;ORHANGAZİ;43-51. SOKAK;sokak;954613641
SİVAS;MERKEZ;ORHANGAZİ;43-52. SOKAK;sokak;641549661
SİVAS;MERKEZ;ORHANGAZİ;43-53. SOKAK;sokak;270495191
SİVAS;MERKEZ;ORHANGAZİ;43-54. SOKAK;sokak;223097101
SİVAS;MERKEZ;ORHANGAZİ;43-55. SOKAK;sokak;628493691
SİVAS;MERKEZ;ORHANGAZİ;43-56. SOKAK;sokak;674128661
SİVAS;MERKEZ;ORHANGAZİ;43-57. SOKAK;sokak;922149561
SİVAS;MERKEZ;ORHANGAZİ;43-58. SOKAK;sokak;710430041
SİVAS;MERKEZ;ORHANGAZİ;43-59. SOKAK;sokak;268226191
SİVAS;MERKEZ;ORHANGAZİ;43-6. SOKAK;sokak;339895
SİVAS;MERKEZ;ORHANGAZİ;43-60. SOKAK;sokak;847564771
SİVAS;MERKEZ;ORHANGAZİ;43-61. SOKAK;sokak;981541641
SİVAS;MERKEZ;ORHANGAZİ;43-62. SOKAK;sokak;656869821
SİVAS;MERKEZ;ORHANGAZİ;43-63. SOKAK;sokak;527206461
SİVAS;MERKEZ;ORHANGAZİ;43-64. SOKAK;sokak;410888731
SİVAS;MERKEZ;ORHANGAZİ;43-65. SOKAK;sokak;974615861
SİVAS;MERKEZ;ORHANGAZİ;43-66. SOKAK;sokak;203704411
SİVAS;MERKEZ;ORHANGAZİ;43-67. SOKAK;sokak;430320281
SİVAS;MERKEZ;ORHANGAZİ;43-68. CADDE;cadde;562780471
SİVAS;MERKEZ;ORHANGAZİ;43-69. CADDE;cadde;788515731
SİVAS;MERKEZ;ORHANGAZİ;43-7. SOKAK;sokak;339896
SİVAS;MERKEZ;ORHANGAZİ;43-70. CADDE;cadde;542381591
SİVAS;MERKEZ;ORHANGAZİ;43-8. SOKAK;sokak;339897
SİVAS;MERKEZ;ORHANGAZİ;43-9. SOKAK;sokak;339898
SİVAS;MERKEZ;ORHANGAZİ;74-69. SOKAK;sokak;921247000
SİVAS;MERKEZ;ORHANGAZİ;74-70.SK SOKAK;sokak;461504540
SİVAS;MERKEZ;ORHANGAZİ;AŞIK VEYSEL BULVAR;sokak;339901
SİVAS;MERKEZ;ORHANGAZİ;BİLGE KAĞAN CADDE;cadde;939000
SİVAS;MERKEZ;ORHANGAZİ;ÇAĞLAYAN SOKAK;sokak;360358
SİVAS;MERKEZ;ORHANGAZİ;GÖKSU SOKAK;sokak;942726
SİVAS;MERKEZ;ORHANGAZİ;GÖZÜPEK SOKAK;sokak;942724
SİVAS;MERKEZ;ORHANGAZİ;KIZILCA/1 SOKAK;sokak;339893
SİVAS;MERKEZ;ORHANGAZİ;MEVSİM SOKAK;sokak;339899
SİVAS;MERKEZ;ORHANGAZİ;MUHTAR MEHMET YILDIZ SOKAK;sokak;339889
SİVAS;MERKEZ;ORHANGAZİ;SEYİT ONBAŞI SOKAK;sokak;339900
SİVAS;MERKEZ;ORHANGAZİ;SULTAN MURAT CADDE;cadde;715597360
SİVAS;MERKEZ;ORHANGAZİ;TEKKEÖNÜ SOKAK;sokak;278911751
SİVAS;MERKEZ;OVACIK NA;OVACIK KÜME EVLER;sokak;251760
SİVAS;MERKEZ;OZMUŞ NA;OZMUŞ KÜME EVLER;sokak;678447
SİVAS;MERKEZ;ÖRENCİK - DURSUNOĞLU;DURSUNOĞLU KÜME EVLER;sokak;664710
SİVAS;MERKEZ;ÖRENCİK - KÖYÜN KENDİSİ;ÖRENCİK KÜME EVLER;sokak;665102
SİVAS;MERKEZ;ÖRTÜLÜPINAR;36-1. SOKAK;sokak;339902
SİVAS;MERKEZ;ÖRTÜLÜPINAR;36-10. SOKAK;sokak;339903
SİVAS;MERKEZ;ÖRTÜLÜPINAR;36-11. SOKAK;sokak;339904
SİVAS;MERKEZ;ÖRTÜLÜPINAR;36-2. SOKAK;sokak;339905
SİVAS;MERKEZ;ÖRTÜLÜPINAR;36-3. SOKAK;sokak;339906
SİVAS;MERKEZ;ÖRTÜLÜPINAR;36-4. SOKAK;sokak;339907
SİVAS;MERKEZ;ÖRTÜLÜPINAR;36-5. SOKAK;sokak;339908
SİVAS;MERKEZ;ÖRTÜLÜPINAR;36-6. SOKAK;sokak;339909
SİVAS;MERKEZ;ÖRTÜLÜPINAR;36-7. SOKAK;sokak;339910
SİVAS;MERKEZ;ÖRTÜLÜPINAR;36-8. SOKAK;sokak;339911
SİVAS;MERKEZ;ÖRTÜLÜPINAR;36-9. SOKAK;sokak;339912
SİVAS;MERKEZ;ÖRTÜLÜPINAR;AĞCABÖLGE SOKAK;sokak;339913
SİVAS;MERKEZ;ÖRTÜLÜPINAR;AKASYA SOKAK;sokak;949392
SİVAS;MERKEZ;ÖRTÜLÜPINAR;DEMİRKAPI SOKAK;sokak;339914
SİVAS;MERKEZ;ÖRTÜLÜPINAR;ESEN SOKAK;sokak;339915
SİVAS;MERKEZ;ÖRTÜLÜPINAR;EVLİYA CADDE;cadde;466037
SİVAS;MERKEZ;ÖRTÜLÜPINAR;HALİL RIFATPAŞA CADDE;cadde;339916
SİVAS;MERKEZ;ÖRTÜLÜPINAR;HASANLI SOKAK;sokak;339917
SİVAS;MERKEZ;ÖRTÜLÜPINAR;HOCA AHMET YESEVİ CADDE;cadde;466038
SİVAS;MERKEZ;ÖRTÜLÜPINAR;İHRAMCIZADE SOKAK;sokak;466036
SİVAS;MERKEZ;ÖRTÜLÜPINAR;İNÖNÜ BULVAR;sokak;339926
SİVAS;MERKEZ;ÖRTÜLÜPINAR;KAHİROĞULLARI SOKAK;sokak;339918
SİVAS;MERKEZ;ÖRTÜLÜPINAR;KONGRE CADDE;cadde;339925
SİVAS;MERKEZ;ÖRTÜLÜPINAR;MUM BABA CADDE;cadde;339919
SİVAS;MERKEZ;ÖRTÜLÜPINAR;REŞAT ŞEMSETTİN SOKAK;sokak;339920
SİVAS;MERKEZ;ÖRTÜLÜPINAR;SARAYBOSNA CADDE;cadde;940854
SİVAS;MERKEZ;ÖRTÜLÜPINAR;SELÇUKLU SOKAK;sokak;339921
SİVAS;MERKEZ;ÖRTÜLÜPINAR;SİGORTA SOKAK;sokak;466039
SİVAS;MERKEZ;ÖRTÜLÜPINAR;ŞEHİT HAKAN ŞAHBAZ SOKAK;sokak;466041
SİVAS;MERKEZ;ÖRTÜLÜPINAR;ŞEHİT MUSTAFA ERDEM SOKAK;sokak;340261
SİVAS;MERKEZ;ÖRTÜLÜPINAR;ŞİFAİYE SOKAK;sokak;340262
SİVAS;MERKEZ;ÖRTÜLÜPINAR;TAŞLI SOKAK;sokak;339922
SİVAS;MERKEZ;ÖRTÜLÜPINAR;TEKEL SOKAK;sokak;339923
SİVAS;MERKEZ;ÖRTÜLÜPINAR;UZUN HACI SOKAK;sokak;466040
SİVAS;MERKEZ;ÖRTÜLÜPINAR;UZUNYOL CADDE;cadde;339924
SİVAS;MERKEZ;PAŞABEY;28-1. SOKAK;sokak;340268
SİVAS;MERKEZ;PAŞABEY;28-2. SOKAK;sokak;466044
SİVAS;MERKEZ;PAŞABEY;28-3. SOKAK;sokak;340269
SİVAS;MERKEZ;PAŞABEY;28-4. SOKAK;sokak;340270
SİVAS;MERKEZ;PAŞABEY;28-5. SOKAK;sokak;466045
SİVAS;MERKEZ;PAŞABEY;28-6. SOKAK;sokak;340271
SİVAS;MERKEZ;PAŞABEY;ARAPŞEYH CADDE;cadde;340272
SİVAS;MERKEZ;PAŞABEY;ATATÜRK CADDE;cadde;466046
SİVAS;MERKEZ;PAŞABEY;BEZAZLAR SOKAK;sokak;340273
SİVAS;MERKEZ;PAŞABEY;ÇARŞI SOKAK;sokak;340267
SİVAS;MERKEZ;PAŞABEY;HAYRAT SOKAK;sokak;466047
SİVAS;MERKEZ;PAŞABEY;KATİP SOKAK;sokak;340265
SİVAS;MERKEZ;PAŞABEY;KERİM ÇAVUŞ CADDE;cadde;340263
SİVAS;MERKEZ;PAŞABEY;KUNDURACILAR SOKAK;sokak;466042
SİVAS;MERKEZ;PAŞABEY;KURŞUNLU SOKAK;sokak;340264
SİVAS;MERKEZ;PAŞABEY;MAHKEME ÇARŞISI CADDE;cadde;340274
SİVAS;MERKEZ;PAŞABEY;TOKMAKKAPI SOKAK;sokak;466043
SİVAS;MERKEZ;PAŞABEY;VAKIF SOKAK;sokak;340266
SİVAS;MERKEZ;PINARCA NA;PINARCA KÜME EVLER;sokak;552543
SİVAS;MERKEZ;PORSUK - KÖSRELİK;KÖSRELIK KÜME EVLER;sokak;687470
SİVAS;MERKEZ;PORSUK NA;MÜCAVİR DIŞI SOKAK;sokak;1518021
SİVAS;MERKEZ;PORSUK NA;PORSUK KÜME EVLER;sokak;677625
SİVAS;MERKEZ;PULUR;29-1. SOKAK;sokak;340275
SİVAS;MERKEZ;PULUR;29-10. SOKAK;sokak;340276
SİVAS;MERKEZ;PULUR;29-11. SOKAK;sokak;340277
SİVAS;MERKEZ;PULUR;29-12. SOKAK;sokak;466048
SİVAS;MERKEZ;PULUR;29-13. SOKAK;sokak;340278
SİVAS;MERKEZ;PULUR;29-14. SOKAK;sokak;340279
SİVAS;MERKEZ;PULUR;29-15. SOKAK;sokak;340280
SİVAS;MERKEZ;PULUR;29-16. SOKAK;sokak;340281
SİVAS;MERKEZ;PULUR;29-2. SOKAK;sokak;466050
SİVAS;MERKEZ;PULUR;29-3. SOKAK;sokak;340282
SİVAS;MERKEZ;PULUR;29-4. SOKAK;sokak;466051
SİVAS;MERKEZ;PULUR;29-5. SOKAK;sokak;340284
SİVAS;MERKEZ;PULUR;29-6. SOKAK;sokak;340285
SİVAS;MERKEZ;PULUR;29-8. SOKAK;sokak;340287
SİVAS;MERKEZ;PULUR;29-9. SOKAK;sokak;340288
SİVAS;MERKEZ;PULUR;AHİ EMİR CADDE;cadde;466053
SİVAS;MERKEZ;PULUR;ARAPŞEYH CADDE;cadde;340289
SİVAS;MERKEZ;PULUR;ATATÜRK CADDE;cadde;340290
SİVAS;MERKEZ;PULUR;BİLLUR SOKAK;sokak;466054
SİVAS;MERKEZ;PULUR;ESKİ GARAJLAR SOKAK;sokak;340294
SİVAS;MERKEZ;PULUR;GÜNEŞLİ SOKAK;sokak;340291
SİVAS;MERKEZ;PULUR;HACI AVNİ BEY SOKAK;sokak;921096
SİVAS;MERKEZ;PULUR;HİLAL SOKAK;sokak;340292
SİVAS;MERKEZ;PULUR;İTFAİYE SOKAK;sokak;340299
SİVAS;MERKEZ;PULUR;KARAKOL SOKAK;sokak;466055
SİVAS;MERKEZ;PULUR;KARLI SOKAK;sokak;466052
SİVAS;MERKEZ;PULUR;KEMALEDDİN İBNİ HÜMAM BULVAR;sokak;340293
SİVAS;MERKEZ;PULUR;KULE EVLER SOKAK;sokak;977504
SİVAS;MERKEZ;PULUR;KURBANİ SOKAK;sokak;340283
SİVAS;MERKEZ;PULUR;M.EMİN AĞA SOKAK;sokak;466057
SİVAS;MERKEZ;PULUR;MOR ALİ BABA CADDE;cadde;340295
SİVAS;MERKEZ;PULUR;ÖĞRETMENLER CADDE;cadde;340298
SİVAS;MERKEZ;PULUR;PULUR CADDE;cadde;466056
SİVAS;MERKEZ;PULUR;REŞİT AKİF PAŞA SOKAK;sokak;340296
SİVAS;MERKEZ;PULUR;TARHANA CADDE;cadde;340297
SİVAS;MERKEZ;SAKLI NA;SAKLI KÜME EVLER;sokak;78755
SİVAS;MERKEZ;SARIDEMİR NA;SARIDEMİR KÜME EVLER;sokak;704701
SİVAS;MERKEZ;SAVCUN NA;SAVCUN KÜME EVLER;sokak;561789
SİVAS;MERKEZ;SELÇUKLU;66-1. SOKAK;sokak;466058
SİVAS;MERKEZ;SELÇUKLU;66-10. SOKAK;sokak;340300
SİVAS;MERKEZ;SELÇUKLU;66-11. SOKAK;sokak;340301
SİVAS;MERKEZ;SELÇUKLU;66-12. SOKAK;sokak;340302
SİVAS;MERKEZ;SELÇUKLU;66-13. SOKAK;sokak;466059
SİVAS;MERKEZ;SELÇUKLU;66-14. SOKAK;sokak;340303
SİVAS;MERKEZ;SELÇUKLU;66-15. SOKAK;sokak;340304
SİVAS;MERKEZ;SELÇUKLU;66-16. SOKAK;sokak;466060
SİVAS;MERKEZ;SELÇUKLU;66-17. SOKAK;sokak;340305
SİVAS;MERKEZ;SELÇUKLU;66-18. SOKAK;sokak;466061
SİVAS;MERKEZ;SELÇUKLU;66-19. SOKAK;sokak;823567670
SİVAS;MERKEZ;SELÇUKLU;66-2. SOKAK;sokak;340308
SİVAS;MERKEZ;SELÇUKLU;66-20. SOKAK;sokak;340309
SİVAS;MERKEZ;SELÇUKLU;66-21. SOKAK;sokak;340310
SİVAS;MERKEZ;SELÇUKLU;66-22. SOKAK;sokak;340311
SİVAS;MERKEZ;SELÇUKLU;66-23. SOKAK;sokak;475220
SİVAS;MERKEZ;SELÇUKLU;66-24. SOKAK;sokak;340312
SİVAS;MERKEZ;SELÇUKLU;66-25. SOKAK;sokak;340313
SİVAS;MERKEZ;SELÇUKLU;66-26. SOKAK;sokak;475221
SİVAS;MERKEZ;SELÇUKLU;66-27. SOKAK;sokak;340314
SİVAS;MERKEZ;SELÇUKLU;66-28. SOKAK;sokak;340315
SİVAS;MERKEZ;SELÇUKLU;66-29. SOKAK;sokak;475222
SİVAS;MERKEZ;SELÇUKLU;66-3. SOKAK;sokak;340316
SİVAS;MERKEZ;SELÇUKLU;66-30. SOKAK;sokak;957732
SİVAS;MERKEZ;SELÇUKLU;66-31. SOKAK;sokak;957734
SİVAS;MERKEZ;SELÇUKLU;66-4. SOKAK;sokak;340317
SİVAS;MERKEZ;SELÇUKLU;66-5. SOKAK;sokak;475223
SİVAS;MERKEZ;SELÇUKLU;66-6. SOKAK;sokak;340318
SİVAS;MERKEZ;SELÇUKLU;66-7. SOKAK;sokak;340319
SİVAS;MERKEZ;SELÇUKLU;66-8. SOKAK;sokak;475224
SİVAS;MERKEZ;SELÇUKLU;66-9. SOKAK;sokak;340320
SİVAS;MERKEZ;SELÇUKLU;ASLI SOKAK;sokak;949468
SİVAS;MERKEZ;SELÇUKLU;BALCI SOKAK;sokak;473578
SİVAS;MERKEZ;SELÇUKLU;BARBAROS CADDE;cadde;1057185
SİVAS;MERKEZ;SELÇUKLU;BUHARA CADDE;cadde;475225
SİVAS;MERKEZ;SELÇUKLU;EZEL SOKAK;sokak;942734
SİVAS;MERKEZ;SELÇUKLU;KÜMBET SOKAK;sokak;340322
SİVAS;MERKEZ;SELÇUKLU;LİSE SOKAK;sokak;327946
SİVAS;MERKEZ;SELÇUKLU;MAKET SOKAK;sokak;340306
SİVAS;MERKEZ;SELÇUKLU;MEHMETÇİK CADDE;cadde;475226
SİVAS;MERKEZ;SELÇUKLU;MENEKŞE SOKAK;sokak;340324
SİVAS;MERKEZ;SELÇUKLU;MİMAR SİNAN CADDE;cadde;340325
SİVAS;MERKEZ;SELÇUKLU;MUHSİN YAZICIOĞLU BULVAR;sokak;340321
SİVAS;MERKEZ;SELÇUKLU;REHBER SOKAK;sokak;949476
SİVAS;MERKEZ;SELÇUKLU;SANCAK SOKAK;sokak;475227
SİVAS;MERKEZ;SELÇUKLU;SİVASSPOR CADDE;cadde;765822611
SİVAS;MERKEZ;SELÇUKLU;ŞAHİN SOKAK;sokak;939976
SİVAS;MERKEZ;SELÇUKLU;ŞEHİT CELAL KARABULUT SOKAK;sokak;885676
SİVAS;MERKEZ;SELÇUKLU;ŞEHİT YILMAZ DEMİR SOKAK;sokak;340326
SİVAS;MERKEZ;SERPİNCİK NA;ÇERÇİDERESİ KÖY SOKAĞI KÜME EVLER;sokak;906769901
SİVAS;MERKEZ;SERPİNCİK NA;KESİKKÖPRÜ CADDE;cadde;1090280
SİVAS;MERKEZ;SERPİNCİK NA;SERPİNCİK KÖY SOKAĞI KÜME EVLER;sokak;620324
SİVAS;MERKEZ;SEYRANTEPE;41-1. SOKAK;sokak;334675
SİVAS;MERKEZ;SEYRANTEPE;41-10. SOKAK;sokak;334677
SİVAS;MERKEZ;SEYRANTEPE;41-11. SOKAK;sokak;334678
SİVAS;MERKEZ;SEYRANTEPE;41-12. SOKAK;sokak;334679
SİVAS;MERKEZ;SEYRANTEPE;41-13. SOKAK;sokak;334680
SİVAS;MERKEZ;SEYRANTEPE;41-14. SOKAK;sokak;340327
SİVAS;MERKEZ;SEYRANTEPE;41-15. SOKAK;sokak;340328
SİVAS;MERKEZ;SEYRANTEPE;41-16. SOKAK;sokak;475228
SİVAS;MERKEZ;SEYRANTEPE;41-17. SOKAK;sokak;340329
SİVAS;MERKEZ;SEYRANTEPE;41-18. SOKAK;sokak;341620
SİVAS;MERKEZ;SEYRANTEPE;41-19. SOKAK;sokak;475229
SİVAS;MERKEZ;SEYRANTEPE;41-2. SOKAK;sokak;341621
SİVAS;MERKEZ;SEYRANTEPE;41-20. SOKAK;sokak;341622
SİVAS;MERKEZ;SEYRANTEPE;41-21. SOKAK;sokak;341623
SİVAS;MERKEZ;SEYRANTEPE;41-22. SOKAK;sokak;475230
SİVAS;MERKEZ;SEYRANTEPE;41-23. SOKAK;sokak;341624
SİVAS;MERKEZ;SEYRANTEPE;41-24. SOKAK;sokak;341625
SİVAS;MERKEZ;SEYRANTEPE;41-25. SOKAK;sokak;475231
SİVAS;MERKEZ;SEYRANTEPE;41-26. SOKAK;sokak;341626
SİVAS;MERKEZ;SEYRANTEPE;41-27. SOKAK;sokak;475232
SİVAS;MERKEZ;SEYRANTEPE;41-3. SOKAK;sokak;341627
SİVAS;MERKEZ;SEYRANTEPE;41-5. SOKAK;sokak;341628
SİVAS;MERKEZ;SEYRANTEPE;41-6. SOKAK;sokak;341629
SİVAS;MERKEZ;SEYRANTEPE;41-7. SOKAK;sokak;475234
SİVAS;MERKEZ;SEYRANTEPE;41-8. SOKAK;sokak;341630
SİVAS;MERKEZ;SEYRANTEPE;41-9. SOKAK;sokak;341631
SİVAS;MERKEZ;SEYRANTEPE;ALIÇ SOKAK;sokak;944900
SİVAS;MERKEZ;SEYRANTEPE;BAHÇE SOKAK;sokak;475235
SİVAS;MERKEZ;SEYRANTEPE;BEŞTEPE SOKAK;sokak;341632
SİVAS;MERKEZ;SEYRANTEPE;CAMİİ SOKAK;sokak;341633
SİVAS;MERKEZ;SEYRANTEPE;DERVİŞLER SOKAK;sokak;1031436
SİVAS;MERKEZ;SEYRANTEPE;DEYİŞ SOKAK;sokak;921094
SİVAS;MERKEZ;SEYRANTEPE;FİDANLIK CADDE;cadde;475236
SİVAS;MERKEZ;SEYRANTEPE;HACI BEKTAŞİ VELİ SOKAK;sokak;334671
SİVAS;MERKEZ;SEYRANTEPE;MEHMET AKİF ERSOY CADDE;cadde;334668
SİVAS;MERKEZ;SEYRANTEPE;ÖMER SEYFETTİN CADDE;cadde;334673
SİVAS;MERKEZ;SEYRANTEPE;PETEK SOKAK;sokak;944902
SİVAS;MERKEZ;SEYRANTEPE;SEYRAN SOKAK;sokak;334669
SİVAS;MERKEZ;SEYRANTEPE;SEYRANTEPE CADDE;cadde;334670
SİVAS;MERKEZ;SEYRANTEPE;ŞEHİT ZEYNEL DÖRTYOL SOKAK;sokak;86341
SİVAS;MERKEZ;SEYRANTEPE;ÜÇTEPE SOKAK;sokak;334674
SİVAS;MERKEZ;SEYRANTEPE;YEDİTEPE CADDE;cadde;334672
SİVAS;MERKEZ;SEYRANTEPE;YILDIZTEPE SOKAK;sokak;79059
SİVAS;MERKEZ;SEYRANTEPE;YÜCETEPE SOKAK;sokak;718615
SİVAS;MERKEZ;SİVRİTEPE NA;SİVRİTEPE KÜME EVLER;sokak;659517
SİVAS;MERKEZ;SORKUNCUK NA;SORKUNCUK KÜME EVLER;sokak;696459
SİVAS;MERKEZ;SÖĞÜTÇÜK NA;SÖĞÜTCÜK KÜME EVLER;sokak;700812
SİVAS;MERKEZ;SULARBAŞI;11-1. SOKAK;sokak;335016
SİVAS;MERKEZ;SULARBAŞI;11-10. SOKAK;sokak;335017
SİVAS;MERKEZ;SULARBAŞI;11-11. SOKAK;sokak;335018
SİVAS;MERKEZ;SULARBAŞI;11-12. SOKAK;sokak;335019
SİVAS;MERKEZ;SULARBAŞI;11-13. SOKAK;sokak;335020
SİVAS;MERKEZ;SULARBAŞI;11-14. SOKAK;sokak;335021
SİVAS;MERKEZ;SULARBAŞI;11-15. SOKAK;sokak;335022
SİVAS;MERKEZ;SULARBAŞI;11-16. SOKAK;sokak;335023
SİVAS;MERKEZ;SULARBAŞI;11-2. SOKAK;sokak;335024
SİVAS;MERKEZ;SULARBAŞI;11-3. SOKAK;sokak;335025
SİVAS;MERKEZ;SULARBAŞI;11-4. SOKAK;sokak;335026
SİVAS;MERKEZ;SULARBAŞI;11-6. SOKAK;sokak;335028
SİVAS;MERKEZ;SULARBAŞI;11-7. SOKAK;sokak;335029
SİVAS;MERKEZ;SULARBAŞI;11-8. SOKAK;sokak;335030
SİVAS;MERKEZ;SULARBAŞI;11-9. SOKAK;sokak;335031
SİVAS;MERKEZ;SULARBAŞI;AFYON SOKAK;sokak;470405
SİVAS;MERKEZ;SULARBAŞI;AKDEĞİRMEN CADDE;cadde;335032
SİVAS;MERKEZ;SULARBAŞI;ALİ AĞA CAMİSİ SOKAK;sokak;335033
SİVAS;MERKEZ;SULARBAŞI;ATATÜRK CADDE;cadde;470406
SİVAS;MERKEZ;SULARBAŞI;BELEDİYE SOKAK;sokak;335034
SİVAS;MERKEZ;SULARBAŞI;HAYDARLI SOKAK;sokak;335035
SİVAS;MERKEZ;SULARBAŞI;HİKMET IŞIK CADDE;cadde;470407
SİVAS;MERKEZ;SULARBAŞI;İMAM HATİP SOKAK;sokak;335042
SİVAS;MERKEZ;SULARBAŞI;KEPENEK CADDE;cadde;335036
SİVAS;MERKEZ;SULARBAŞI;KIZILAY SOKAK;sokak;335037
SİVAS;MERKEZ;SULARBAŞI;MADIMAK SOKAK;sokak;470408
SİVAS;MERKEZ;SULARBAŞI;MEVLANA CADDE;cadde;335038
SİVAS;MERKEZ;SULARBAŞI;NALBANTLARBAŞI CADDE;cadde;940868
SİVAS;MERKEZ;SULARBAŞI;PEKMEZ SOKAK;sokak;335039
SİVAS;MERKEZ;SULARBAŞI;SULARBAŞI CADDE;cadde;335040
SİVAS;MERKEZ;SULARBAŞI;ŞAMDAN SOKAK;sokak;944882
SİVAS;MERKEZ;SULARBAŞI;TAVŞAN BAYIRI SOKAK;sokak;470409
SİVAS;MERKEZ;SULARBAŞI;VALİ VARİNLİ CADDE;cadde;335041
SİVAS;MERKEZ;ŞABANKÖY NA;ŞABAN KÜME EVLER;sokak;608139
SİVAS;MERKEZ;ŞAHBEY NA;ŞAHBEY KÜME EVLER;sokak;573715
SİVAS;MERKEZ;ŞEYH ŞAMİL;47-1. SOKAK;sokak;336368
SİVAS;MERKEZ;ŞEYH ŞAMİL;47-10. SOKAK;sokak;336369
SİVAS;MERKEZ;ŞEYH ŞAMİL;47-100. SOKAK;sokak;213524
SİVAS;MERKEZ;ŞEYH ŞAMİL;47-101. SOKAK;sokak;765514
SİVAS;MERKEZ;ŞEYH ŞAMİL;47-102. SOKAK;sokak;214015
SİVAS;MERKEZ;ŞEYH ŞAMİL;47-103. SOKAK;sokak;765515
SİVAS;MERKEZ;ŞEYH ŞAMİL;47-104. SOKAK;sokak;765516
SİVAS;MERKEZ;ŞEYH ŞAMİL;47-105. SOKAK;sokak;765517
SİVAS;MERKEZ;ŞEYH ŞAMİL;47-106. SOKAK;sokak;327115
SİVAS;MERKEZ;ŞEYH ŞAMİL;47-107. SOKAK;sokak;767169
SİVAS;MERKEZ;ŞEYH ŞAMİL;47-108. SOKAK;sokak;954065
SİVAS;MERKEZ;ŞEYH ŞAMİL;47-109. SOKAK;sokak;214362
SİVAS;MERKEZ;ŞEYH ŞAMİL;47-11. SOKAK;sokak;336370
SİVAS;MERKEZ;ŞEYH ŞAMİL;47-110. SOKAK;sokak;215612
SİVAS;MERKEZ;ŞEYH ŞAMİL;47-111. SOKAK;sokak;435726
SİVAS;MERKEZ;ŞEYH ŞAMİL;47-112. SOKAK;sokak;748940
SİVAS;MERKEZ;ŞEYH ŞAMİL;47-113. SOKAK;sokak;767170
SİVAS;MERKEZ;ŞEYH ŞAMİL;47-114. SOKAK;sokak;939873
SİVAS;MERKEZ;ŞEYH ŞAMİL;47-115. SOKAK;sokak;939874
SİVAS;MERKEZ;ŞEYH ŞAMİL;47-116. SOKAK;sokak;939875
SİVAS;MERKEZ;ŞEYH ŞAMİL;47-117. SOKAK;sokak;939876
SİVAS;MERKEZ;ŞEYH ŞAMİL;47-118. SOKAK;sokak;939877
SİVAS;MERKEZ;ŞEYH ŞAMİL;47-119. SOKAK;sokak;939878
SİVAS;MERKEZ;ŞEYH ŞAMİL;47-12. SOKAK;sokak;467116
SİVAS;MERKEZ;ŞEYH ŞAMİL;47-120. SOKAK;sokak;939879
SİVAS;MERKEZ;ŞEYH ŞAMİL;47-121. SOKAK;sokak;939881
SİVAS;MERKEZ;ŞEYH ŞAMİL;47-122. SOKAK;sokak;939882
SİVAS;MERKEZ;ŞEYH ŞAMİL;47-123. SOKAK;sokak;939883
SİVAS;MERKEZ;ŞEYH ŞAMİL;47-124. SOKAK;sokak;939884
SİVAS;MERKEZ;ŞEYH ŞAMİL;47-125. SOKAK;sokak;939885
SİVAS;MERKEZ;ŞEYH ŞAMİL;47-126. SOKAK;sokak;939886
SİVAS;MERKEZ;ŞEYH ŞAMİL;47-127. SOKAK;sokak;939887
SİVAS;MERKEZ;ŞEYH ŞAMİL;47-129. SOKAK;sokak;939889
SİVAS;MERKEZ;ŞEYH ŞAMİL;47-13. SOKAK;sokak;336371
SİVAS;MERKEZ;ŞEYH ŞAMİL;47-130. SOKAK;sokak;939890
SİVAS;MERKEZ;ŞEYH ŞAMİL;47-131. SOKAK;sokak;939891
SİVAS;MERKEZ;ŞEYH ŞAMİL;47-132. SOKAK;sokak;939892
SİVAS;MERKEZ;ŞEYH ŞAMİL;47-133. SOKAK;sokak;939893
SİVAS;MERKEZ;ŞEYH ŞAMİL;47-134. SOKAK;sokak;939894
SİVAS;MERKEZ;ŞEYH ŞAMİL;47-135. SOKAK;sokak;939895
SİVAS;MERKEZ;ŞEYH ŞAMİL;47-136. SOKAK;sokak;939896
SİVAS;MERKEZ;ŞEYH ŞAMİL;47-137. SOKAK;sokak;936340
SİVAS;MERKEZ;ŞEYH ŞAMİL;47-138. SOKAK;sokak;939897
SİVAS;MERKEZ;ŞEYH ŞAMİL;47-139. SOKAK;sokak;939898
SİVAS;MERKEZ;ŞEYH ŞAMİL;47-14. SOKAK;sokak;336372
SİVAS;MERKEZ;ŞEYH ŞAMİL;47-140. SOKAK;sokak;939899
SİVAS;MERKEZ;ŞEYH ŞAMİL;47-141. SOKAK;sokak;939900
SİVAS;MERKEZ;ŞEYH ŞAMİL;47-142. SOKAK;sokak;939901
SİVAS;MERKEZ;ŞEYH ŞAMİL;47-143. SOKAK;sokak;939902
SİVAS;MERKEZ;ŞEYH ŞAMİL;47-144. SOKAK;sokak;939903
SİVAS;MERKEZ;ŞEYH ŞAMİL;47-145. SOKAK;sokak;939904
SİVAS;MERKEZ;ŞEYH ŞAMİL;47-146. SOKAK;sokak;939924
SİVAS;MERKEZ;ŞEYH ŞAMİL;47-147. SOKAK;sokak;939906
SİVAS;MERKEZ;ŞEYH ŞAMİL;47-148. SOKAK;sokak;939907
SİVAS;MERKEZ;ŞEYH ŞAMİL;47-149. SOKAK;sokak;939908
SİVAS;MERKEZ;ŞEYH ŞAMİL;47-15. SOKAK;sokak;467117
SİVAS;MERKEZ;ŞEYH ŞAMİL;47-150. SOKAK;sokak;939909
SİVAS;MERKEZ;ŞEYH ŞAMİL;47-151. SOKAK;sokak;954340
SİVAS;MERKEZ;ŞEYH ŞAMİL;47-152. SOKAK;sokak;953120
SİVAS;MERKEZ;ŞEYH ŞAMİL;47-153. SOKAK;sokak;946750
SİVAS;MERKEZ;ŞEYH ŞAMİL;47-154. SOKAK;sokak;946748
SİVAS;MERKEZ;ŞEYH ŞAMİL;47-155. SOKAK;sokak;939914
SİVAS;MERKEZ;ŞEYH ŞAMİL;47-156. SOKAK;sokak;939915
SİVAS;MERKEZ;ŞEYH ŞAMİL;47-157. SOKAK;sokak;939916
SİVAS;MERKEZ;ŞEYH ŞAMİL;47-158. SOKAK;sokak;939917
SİVAS;MERKEZ;ŞEYH ŞAMİL;47-159. SOKAK;sokak;939918
SİVAS;MERKEZ;ŞEYH ŞAMİL;47-160. SOKAK;sokak;946744
SİVAS;MERKEZ;ŞEYH ŞAMİL;47-161. SOKAK;sokak;534958751
SİVAS;MERKEZ;ŞEYH ŞAMİL;47-162. SOKAK;sokak;467585531
SİVAS;MERKEZ;ŞEYH ŞAMİL;47-163. SOKAK;sokak;999355611
SİVAS;MERKEZ;ŞEYH ŞAMİL;47-164. SOKAK;sokak;884187281
SİVAS;MERKEZ;ŞEYH ŞAMİL;47-165. SOKAK;sokak;482900761
SİVAS;MERKEZ;ŞEYH ŞAMİL;47-166. SOKAK;sokak;587072901
SİVAS;MERKEZ;ŞEYH ŞAMİL;47-168. SOKAK;sokak;690026401
SİVAS;MERKEZ;ŞEYH ŞAMİL;47-169. SOKAK;sokak;989861361
SİVAS;MERKEZ;ŞEYH ŞAMİL;47-17. SOKAK;sokak;336374
SİVAS;MERKEZ;ŞEYH ŞAMİL;47-170. SOKAK;sokak;851887041
SİVAS;MERKEZ;ŞEYH ŞAMİL;47-171. SOKAK;sokak;261598481
SİVAS;MERKEZ;ŞEYH ŞAMİL;47-172. SOKAK;sokak;297864491
SİVAS;MERKEZ;ŞEYH ŞAMİL;47-173. SOKAK;sokak;397272681
SİVAS;MERKEZ;ŞEYH ŞAMİL;47-174. SOKAK;sokak;300728471
SİVAS;MERKEZ;ŞEYH ŞAMİL;47-175. SOKAK;sokak;660656161
SİVAS;MERKEZ;ŞEYH ŞAMİL;47-18. SOKAK;sokak;467118
SİVAS;MERKEZ;ŞEYH ŞAMİL;47-19. SOKAK;sokak;336375
SİVAS;MERKEZ;ŞEYH ŞAMİL;47-2. SOKAK;sokak;467119
SİVAS;MERKEZ;ŞEYH ŞAMİL;47-20. SOKAK;sokak;336376
SİVAS;MERKEZ;ŞEYH ŞAMİL;47-21. SOKAK;sokak;336377
SİVAS;MERKEZ;ŞEYH ŞAMİL;47-22. SOKAK;sokak;336378
SİVAS;MERKEZ;ŞEYH ŞAMİL;47-23. SOKAK;sokak;467120
SİVAS;MERKEZ;ŞEYH ŞAMİL;47-24. SOKAK;sokak;336379
SİVAS;MERKEZ;ŞEYH ŞAMİL;47-26. SOKAK;sokak;767172
SİVAS;MERKEZ;ŞEYH ŞAMİL;47-27. SOKAK;sokak;467121
SİVAS;MERKEZ;ŞEYH ŞAMİL;47-28. SOKAK;sokak;336381
SİVAS;MERKEZ;ŞEYH ŞAMİL;47-29. SOKAK;sokak;336382
SİVAS;MERKEZ;ŞEYH ŞAMİL;47-3. SOKAK;sokak;336383
SİVAS;MERKEZ;ŞEYH ŞAMİL;47-30. SOKAK;sokak;336384
SİVAS;MERKEZ;ŞEYH ŞAMİL;47-31. SOKAK;sokak;467123
SİVAS;MERKEZ;ŞEYH ŞAMİL;47-32. SOKAK;sokak;336385
SİVAS;MERKEZ;ŞEYH ŞAMİL;47-33. SOKAK;sokak;335044
SİVAS;MERKEZ;ŞEYH ŞAMİL;47-34. SOKAK;sokak;335045
SİVAS;MERKEZ;ŞEYH ŞAMİL;47-35. SOKAK;sokak;335046
SİVAS;MERKEZ;ŞEYH ŞAMİL;47-36. SOKAK;sokak;470411
SİVAS;MERKEZ;ŞEYH ŞAMİL;47-37. SOKAK;sokak;335047
SİVAS;MERKEZ;ŞEYH ŞAMİL;47-38. SOKAK;sokak;335048
SİVAS;MERKEZ;ŞEYH ŞAMİL;47-39. SOKAK;sokak;470412
SİVAS;MERKEZ;ŞEYH ŞAMİL;47-4. SOKAK;sokak;335050
SİVAS;MERKEZ;ŞEYH ŞAMİL;47-40. SOKAK;sokak;470413
SİVAS;MERKEZ;ŞEYH ŞAMİL;47-41. SOKAK;sokak;335051
SİVAS;MERKEZ;ŞEYH ŞAMİL;47-42. SOKAK;sokak;335052
SİVAS;MERKEZ;ŞEYH ŞAMİL;47-43. SOKAK;sokak;470414
SİVAS;MERKEZ;ŞEYH ŞAMİL;47-44. SOKAK;sokak;335053
SİVAS;MERKEZ;ŞEYH ŞAMİL;47-45. SOKAK;sokak;435727
SİVAS;MERKEZ;ŞEYH ŞAMİL;47-46. SOKAK;sokak;335054
SİVAS;MERKEZ;ŞEYH ŞAMİL;47-47. SOKAK;sokak;470415
SİVAS;MERKEZ;ŞEYH ŞAMİL;47-48. SOKAK;sokak;767173
SİVAS;MERKEZ;ŞEYH ŞAMİL;47-49. SOKAK;sokak;335055
SİVAS;MERKEZ;ŞEYH ŞAMİL;47-5. SOKAK;sokak;470416
SİVAS;MERKEZ;ŞEYH ŞAMİL;47-50. SOKAK;sokak;335057
SİVAS;MERKEZ;ŞEYH ŞAMİL;47-51. SOKAK;sokak;335058
SİVAS;MERKEZ;ŞEYH ŞAMİL;47-52. SOKAK;sokak;470417
SİVAS;MERKEZ;ŞEYH ŞAMİL;47-53. SOKAK;sokak;435759
SİVAS;MERKEZ;ŞEYH ŞAMİL;47-54. SOKAK;sokak;335059
SİVAS;MERKEZ;ŞEYH ŞAMİL;47-55. SOKAK;sokak;335060
SİVAS;MERKEZ;ŞEYH ŞAMİL;47-56. SOKAK;sokak;1345079
SİVAS;MERKEZ;ŞEYH ŞAMİL;47-57. SOKAK;sokak;470418
SİVAS;MERKEZ;ŞEYH ŞAMİL;47-58. SOKAK;sokak;335061
SİVAS;MERKEZ;ŞEYH ŞAMİL;47-59. SOKAK;sokak;335062
SİVAS;MERKEZ;ŞEYH ŞAMİL;47-6. SOKAK;sokak;335063
SİVAS;MERKEZ;ŞEYH ŞAMİL;47-60. SOKAK;sokak;335064
SİVAS;MERKEZ;ŞEYH ŞAMİL;47-61. SOKAK;sokak;470420
SİVAS;MERKEZ;ŞEYH ŞAMİL;47-62. SOKAK;sokak;335065
SİVAS;MERKEZ;ŞEYH ŞAMİL;47-63. SOKAK;sokak;335066
SİVAS;MERKEZ;ŞEYH ŞAMİL;47-64. SOKAK;sokak;467101
SİVAS;MERKEZ;ŞEYH ŞAMİL;47-65. SOKAK;sokak;767174
SİVAS;MERKEZ;ŞEYH ŞAMİL;47-66. SOKAK;sokak;335067
SİVAS;MERKEZ;ŞEYH ŞAMİL;47-67. SOKAK;sokak;335068
SİVAS;MERKEZ;ŞEYH ŞAMİL;47-68. SOKAK;sokak;467102
SİVAS;MERKEZ;ŞEYH ŞAMİL;47-69. SOKAK;sokak;335069
SİVAS;MERKEZ;ŞEYH ŞAMİL;47-7. SOKAK;sokak;335071
SİVAS;MERKEZ;ŞEYH ŞAMİL;47-70. SOKAK;sokak;467103
SİVAS;MERKEZ;ŞEYH ŞAMİL;47-71. SOKAK;sokak;335072
SİVAS;MERKEZ;ŞEYH ŞAMİL;47-72. SOKAK;sokak;335073
SİVAS;MERKEZ;ŞEYH ŞAMİL;47-73. SOKAK;sokak;467104
SİVAS;MERKEZ;ŞEYH ŞAMİL;47-74. SOKAK;sokak;767175
SİVAS;MERKEZ;ŞEYH ŞAMİL;47-75. SOKAK;sokak;767176
SİVAS;MERKEZ;ŞEYH ŞAMİL;47-76. SOKAK;sokak;677285
SİVAS;MERKEZ;ŞEYH ŞAMİL;47-77. SOKAK;sokak;335074
SİVAS;MERKEZ;ŞEYH ŞAMİL;47-78. SOKAK;sokak;335075
SİVAS;MERKEZ;ŞEYH ŞAMİL;47-79. SOKAK;sokak;467105
SİVAS;MERKEZ;ŞEYH ŞAMİL;47-8. SOKAK;sokak;335076
SİVAS;MERKEZ;ŞEYH ŞAMİL;47-80. SOKAK;sokak;335077
SİVAS;MERKEZ;ŞEYH ŞAMİL;47-81. SOKAK;sokak;467106
SİVAS;MERKEZ;ŞEYH ŞAMİL;47-82. SOKAK;sokak;335078
SİVAS;MERKEZ;ŞEYH ŞAMİL;47-83. SOKAK;sokak;335079
SİVAS;MERKEZ;ŞEYH ŞAMİL;47-84. SOKAK;sokak;467107
SİVAS;MERKEZ;ŞEYH ŞAMİL;47-85. SOKAK;sokak;335080
SİVAS;MERKEZ;ŞEYH ŞAMİL;47-86. SOKAK;sokak;767178
SİVAS;MERKEZ;ŞEYH ŞAMİL;47-87. SOKAK;sokak;335081
SİVAS;MERKEZ;ŞEYH ŞAMİL;47-88. SOKAK;sokak;335082
SİVAS;MERKEZ;ŞEYH ŞAMİL;47-89. SOKAK;sokak;467108
SİVAS;MERKEZ;ŞEYH ŞAMİL;47-9. SOKAK;sokak;335083
SİVAS;MERKEZ;ŞEYH ŞAMİL;47-90. SOKAK;sokak;335084
SİVAS;MERKEZ;ŞEYH ŞAMİL;47-91. SOKAK;sokak;467109
SİVAS;MERKEZ;ŞEYH ŞAMİL;47-92. SOKAK;sokak;451406
SİVAS;MERKEZ;ŞEYH ŞAMİL;47-93. SOKAK;sokak;335085
SİVAS;MERKEZ;ŞEYH ŞAMİL;47-94. SOKAK;sokak;767179
SİVAS;MERKEZ;ŞEYH ŞAMİL;47-95. SOKAK;sokak;215613
SİVAS;MERKEZ;ŞEYH ŞAMİL;47-96. SOKAK;sokak;335086
SİVAS;MERKEZ;ŞEYH ŞAMİL;47-97. SOKAK;sokak;467110
SİVAS;MERKEZ;ŞEYH ŞAMİL;47-98. SOKAK;sokak;335087
SİVAS;MERKEZ;ŞEYH ŞAMİL;47-99. SOKAK;sokak;335088
SİVAS;MERKEZ;ŞEYH ŞAMİL;A.RAUF SARISÖZEN CADDE;cadde;335049
SİVAS;MERKEZ;ŞEYH ŞAMİL;AYAZ SOKAK;sokak;922244
SİVAS;MERKEZ;ŞEYH ŞAMİL;BAYRAK CADDE;cadde;939945
SİVAS;MERKEZ;ŞEYH ŞAMİL;DOĞUKENT CADDE;cadde;467111
SİVAS;MERKEZ;ŞEYH ŞAMİL;DURSUN GENCER CADDE;cadde;354626
SİVAS;MERKEZ;ŞEYH ŞAMİL;EFSANE SOKAK;sokak;939972
SİVAS;MERKEZ;ŞEYH ŞAMİL;EMİRPAŞA CADDE;cadde;336359
SİVAS;MERKEZ;ŞEYH ŞAMİL;ESİNTİ SOKAK;sokak;922240
SİVAS;MERKEZ;ŞEYH ŞAMİL;FEZA SOKAK;sokak;677273
SİVAS;MERKEZ;ŞEYH ŞAMİL;FİRUZE SOKAK;sokak;395397
SİVAS;MERKEZ;ŞEYH ŞAMİL;GÖKTÜRK CADDE;cadde;939943
SİVAS;MERKEZ;ŞEYH ŞAMİL;GÜLSEVER SOKAK;sokak;922242
SİVAS;MERKEZ;ŞEYH ŞAMİL;GÜZGÜLÜ SOKAK;sokak;921716
SİVAS;MERKEZ;ŞEYH ŞAMİL;HALİS VERMEZOĞLU CADDE;cadde;1163499
SİVAS;MERKEZ;ŞEYH ŞAMİL;HAMZA YERLİKAYA CADDE;cadde;467112
SİVAS;MERKEZ;ŞEYH ŞAMİL;İPEKYOLU CADDE;cadde;939944
SİVAS;MERKEZ;ŞEYH ŞAMİL;KAFKAS SOKAK;sokak;922241
SİVAS;MERKEZ;ŞEYH ŞAMİL;KAHRAMAN SOKAK;sokak;354700
SİVAS;MERKEZ;ŞEYH ŞAMİL;KARAMAN SOKAK;sokak;354625
SİVAS;MERKEZ;ŞEYH ŞAMİL;KARTOPU SOKAK;sokak;922239
SİVAS;MERKEZ;ŞEYH ŞAMİL;KAZIM KARABEKİR BULVAR;sokak;336360
SİVAS;MERKEZ;ŞEYH ŞAMİL;KIVILCIM SOKAK;sokak;180211
SİVAS;MERKEZ;ŞEYH ŞAMİL;KÖSEDAĞ CADDE;cadde;939947
SİVAS;MERKEZ;ŞEYH ŞAMİL;M.FEYZULLAH MORAL CADDE;cadde;335070
SİVAS;MERKEZ;ŞEYH ŞAMİL;MELEK REŞİTHANIM CADDE;cadde;467122
SİVAS;MERKEZ;ŞEYH ŞAMİL;NECMETTİN ERBAKAN CADDE;cadde;941204
SİVAS;MERKEZ;ŞEYH ŞAMİL;ÖZGÜRLÜK CADDE;cadde;939946
SİVAS;MERKEZ;ŞEYH ŞAMİL;RASİM BAŞARA CADDE;cadde;335056
SİVAS;MERKEZ;ŞEYH ŞAMİL;SULTAN ŞEHİR BULVAR;sokak;838257
SİVAS;MERKEZ;ŞEYH ŞAMİL;ŞEHİT FEVZİ DELİBAŞ SOKAK;sokak;335043
SİVAS;MERKEZ;ŞEYH ŞAMİL;ŞEHİT HAMİT KANDUR CADDE;cadde;470410
SİVAS;MERKEZ;ŞEYH ŞAMİL;ŞEHİT NECMİ GÜLTEPE SOKAK;sokak;336380
SİVAS;MERKEZ;ŞEYH ŞAMİL;ŞELALE SOKAK;sokak;830080
SİVAS;MERKEZ;ŞEYH ŞAMİL;TÜRKİSTAN CADDE;cadde;336373
SİVAS;MERKEZ;ŞEYH ŞAMİL;Y.ZİYA BAŞARA CADDE;cadde;470419
SİVAS;MERKEZ;ŞEYH ŞAMİL;YENİ NESİL SOKAK;sokak;375208
SİVAS;MERKEZ;ŞEYH ŞAMİL OSB;HALİS VERMEZOĞLU CADDE;cadde;916652
SİVAS;MERKEZ;ŞEYH ŞAMİL OSB;NECMETTİN ERBAKAN CADDE;cadde;916657
SİVAS;MERKEZ;ŞEYH ŞAMİL OSB;OSB 1 SOKAK;sokak;916617
SİVAS;MERKEZ;ŞEYH ŞAMİL OSB;OSB 2 SOKAK;sokak;916647
SİVAS;MERKEZ;ŞEYH ŞAMİL OSB;OSB 3 SOKAK;sokak;916648
SİVAS;MERKEZ;ŞEYH ŞAMİL OSB;OSB 4 SOKAK;sokak;916649
SİVAS;MERKEZ;ŞEYH ŞAMİL OSB;OSB 5 SOKAK;sokak;916650
SİVAS;MERKEZ;ŞEYH ŞAMİL OSB;OSB 6 SOKAK;sokak;916651
SİVAS;MERKEZ;ŞEYH ŞAMİL OSB;OSB-1 CADDE;cadde;916654
SİVAS;MERKEZ;ŞEYH ŞAMİL OSB;OSB-3 CADDE;cadde;916653
SİVAS;MERKEZ;TAHTAKEMENT NA;TAHTIKEMENT KÜME EVLER;sokak;646906
SİVAS;MERKEZ;TATLICAK NA;TATLICAK KÜME EVLER;sokak;131666
SİVAS;MERKEZ;TEPEÖNÜ NA;TEPEÖNÜ KÜME EVLER;sokak;648137
SİVAS;MERKEZ;TOKUŞ - ARABINYAZISI;ARABINYAZISI KÜME EVLER;sokak;646604
SİVAS;MERKEZ;TOKUŞ - PİNTİPINAR;PİTİPINAR KÜME EVLER;sokak;649803
SİVAS;MERKEZ;TOKUŞ - YUKARI;YUKARI KÜME EVLER;sokak;636453
SİVAS;MERKEZ;TOKUŞ NA;TOKUŞ KÜME EVLER;sokak;651854
SİVAS;MERKEZ;TÖRNÜK NA;ARMUTLU KÜME EVLER;sokak;670572990
SİVAS;MERKEZ;TÖRNÜK NA;TÖRNÜK KÜME EVLER;sokak;687115
SİVAS;MERKEZ;TUTMAÇ NA;TUTMAÇ KÜME EVLER;sokak;657801
SİVAS;MERKEZ;TUZLUGÖL;62-33. SOKAK;sokak;860345350
SİVAS;MERKEZ;TUZLUGÖL;63-1. SOKAK;sokak;334737
SİVAS;MERKEZ;TUZLUGÖL;63-10. SOKAK;sokak;459234
SİVAS;MERKEZ;TUZLUGÖL;63-11. SOKAK;sokak;334739
SİVAS;MERKEZ;TUZLUGÖL;63-12. SOKAK;sokak;334740
SİVAS;MERKEZ;TUZLUGÖL;63-13. SOKAK;sokak;459235
SİVAS;MERKEZ;TUZLUGÖL;63-14. SOKAK;sokak;334741
SİVAS;MERKEZ;TUZLUGÖL;63-15. SOKAK;sokak;334742
SİVAS;MERKEZ;TUZLUGÖL;63-16. SOKAK;sokak;459236
SİVAS;MERKEZ;TUZLUGÖL;63-18. SOKAK;sokak;334744
SİVAS;MERKEZ;TUZLUGÖL;63-19. SOKAK;sokak;459237
SİVAS;MERKEZ;TUZLUGÖL;63-2. SOKAK;sokak;334745
SİVAS;MERKEZ;TUZLUGÖL;63-20. SOKAK;sokak;728966
SİVAS;MERKEZ;TUZLUGÖL;63-21. SOKAK;sokak;336044
SİVAS;MERKEZ;TUZLUGÖL;63-22. SOKAK;sokak;336045
SİVAS;MERKEZ;TUZLUGÖL;63-23. SOKAK;sokak;459239
SİVAS;MERKEZ;TUZLUGÖL;63-24. SOKAK;sokak;336046
SİVAS;MERKEZ;TUZLUGÖL;63-26. SOKAK;sokak;467124
SİVAS;MERKEZ;TUZLUGÖL;63-27. SOKAK;sokak;336387
SİVAS;MERKEZ;TUZLUGÖL;63-28. SOKAK;sokak;336388
SİVAS;MERKEZ;TUZLUGÖL;63-29. SOKAK;sokak;467125
SİVAS;MERKEZ;TUZLUGÖL;63-31. SOKAK;sokak;336391
SİVAS;MERKEZ;TUZLUGÖL;63-32. SOKAK;sokak;467127
SİVAS;MERKEZ;TUZLUGÖL;63-33. SOKAK;sokak;336392
SİVAS;MERKEZ;TUZLUGÖL;63-34. SOKAK;sokak;336710
SİVAS;MERKEZ;TUZLUGÖL;63-36. SOKAK;sokak;327523
SİVAS;MERKEZ;TUZLUGÖL;63-37. SOKAK;sokak;327524
SİVAS;MERKEZ;TUZLUGÖL;63-38. SOKAK;sokak;327525
SİVAS;MERKEZ;TUZLUGÖL;63-4. SOKAK;sokak;327527
SİVAS;MERKEZ;TUZLUGÖL;63-41. SOKAK;sokak;334684
SİVAS;MERKEZ;TUZLUGÖL;63-42. SOKAK;sokak;334685
SİVAS;MERKEZ;TUZLUGÖL;63-43. SOKAK;sokak;334686
SİVAS;MERKEZ;TUZLUGÖL;63-44. SOKAK;sokak;334687
SİVAS;MERKEZ;TUZLUGÖL;63-45. SOKAK;sokak;336390
SİVAS;MERKEZ;TUZLUGÖL;63-46. SOKAK;sokak;334689
SİVAS;MERKEZ;TUZLUGÖL;63-47. SOKAK;sokak;334690
SİVAS;MERKEZ;TUZLUGÖL;63-49. SOKAK;sokak;334692
SİVAS;MERKEZ;TUZLUGÖL;63-5. SOKAK;sokak;334693
SİVAS;MERKEZ;TUZLUGÖL;63-50. SOKAK;sokak;334695
SİVAS;MERKEZ;TUZLUGÖL;63-51. SOKAK;sokak;334696
SİVAS;MERKEZ;TUZLUGÖL;63-52. SOKAK;sokak;334697
SİVAS;MERKEZ;TUZLUGÖL;63-53. SOKAK;sokak;334698
SİVAS;MERKEZ;TUZLUGÖL;63-54. SOKAK;sokak;334699
SİVAS;MERKEZ;TUZLUGÖL;63-55. SOKAK;sokak;334700
SİVAS;MERKEZ;TUZLUGÖL;63-58. SOKAK;sokak;334703
SİVAS;MERKEZ;TUZLUGÖL;63-59. SOKAK;sokak;334704
SİVAS;MERKEZ;TUZLUGÖL;63-6. SOKAK;sokak;334705
SİVAS;MERKEZ;TUZLUGÖL;63-60. SOKAK;sokak;334706
SİVAS;MERKEZ;TUZLUGÖL;63-61. SOKAK;sokak;334707
SİVAS;MERKEZ;TUZLUGÖL;63-62. SOKAK;sokak;334708
SİVAS;MERKEZ;TUZLUGÖL;63-63. SOKAK;sokak;754554
SİVAS;MERKEZ;TUZLUGÖL;63-64. SOKAK;sokak;334709
SİVAS;MERKEZ;TUZLUGÖL;63-65. SOKAK;sokak;37656
SİVAS;MERKEZ;TUZLUGÖL;63-66. SOKAK;sokak;334710
SİVAS;MERKEZ;TUZLUGÖL;63-67. SOKAK;sokak;334711
SİVAS;MERKEZ;TUZLUGÖL;63-68. SOKAK;sokak;334712
SİVAS;MERKEZ;TUZLUGÖL;63-69. SOKAK;sokak;334713
SİVAS;MERKEZ;TUZLUGÖL;63-70. SOKAK;sokak;334715
SİVAS;MERKEZ;TUZLUGÖL;63-71. SOKAK;sokak;334716
SİVAS;MERKEZ;TUZLUGÖL;63-72. SOKAK;sokak;334717
SİVAS;MERKEZ;TUZLUGÖL;63-73. SOKAK;sokak;334718
SİVAS;MERKEZ;TUZLUGÖL;63-74. SOKAK;sokak;334719
SİVAS;MERKEZ;TUZLUGÖL;63-75. SOKAK;sokak;336047
SİVAS;MERKEZ;TUZLUGÖL;63-76. SOKAK;sokak;334721
SİVAS;MERKEZ;TUZLUGÖL;63-77. SOKAK;sokak;334722
SİVAS;MERKEZ;TUZLUGÖL;63-78. SOKAK;sokak;334723
SİVAS;MERKEZ;TUZLUGÖL;63-79. SOKAK;sokak;334724
SİVAS;MERKEZ;TUZLUGÖL;63-8. SOKAK;sokak;334725
SİVAS;MERKEZ;TUZLUGÖL;63-80. SOKAK;sokak;334726
SİVAS;MERKEZ;TUZLUGÖL;63-81. SOKAK;sokak;334727
SİVAS;MERKEZ;TUZLUGÖL;63-82. SOKAK;sokak;445906
SİVAS;MERKEZ;TUZLUGÖL;63-83. SOKAK;sokak;458745
SİVAS;MERKEZ;TUZLUGÖL;63-84. SOKAK;sokak;445905
SİVAS;MERKEZ;TUZLUGÖL;63-85. SOKAK;sokak;754191
SİVAS;MERKEZ;TUZLUGÖL;63-86. SOKAK;sokak;940380
SİVAS;MERKEZ;TUZLUGÖL;63-87. SOKAK;sokak;939122
SİVAS;MERKEZ;TUZLUGÖL;63-9. SOKAK;sokak;334728
SİVAS;MERKEZ;TUZLUGÖL;AYÇA SOKAK;sokak;336386
SİVAS;MERKEZ;TUZLUGÖL;BİLGİN SOKAK;sokak;922063
SİVAS;MERKEZ;TUZLUGÖL;BİNNUR SOKAK;sokak;942732
SİVAS;MERKEZ;TUZLUGÖL;ELA SOKAK;sokak;942730
SİVAS;MERKEZ;TUZLUGÖL;ESENTEPE CADDE;cadde;489569240
SİVAS;MERKEZ;TUZLUGÖL;GÜVEN CADDE;cadde;926175
SİVAS;MERKEZ;TUZLUGÖL;GÜVERCİN SOKAK;sokak;334729
SİVAS;MERKEZ;TUZLUGÖL;HAYAT CADDE;cadde;926177
SİVAS;MERKEZ;TUZLUGÖL;HEKİM SOKAK;sokak;459230
SİVAS;MERKEZ;TUZLUGÖL;HUZUR SOKAK;sokak;334731
SİVAS;MERKEZ;TUZLUGÖL;KIRLANGIÇ SOKAK;sokak;334732
SİVAS;MERKEZ;TUZLUGÖL;KURTULUŞ CADDE;cadde;459231
SİVAS;MERKEZ;TUZLUGÖL;MANOLYA SOKAK;sokak;327522
SİVAS;MERKEZ;TUZLUGÖL;MİLLİ MÜCADELE CADDE;cadde;926174
SİVAS;MERKEZ;TUZLUGÖL;OTOPARK SOKAK;sokak;334733
SİVAS;MERKEZ;TUZLUGÖL;PLEVNE CADDE;cadde;334734
SİVAS;MERKEZ;TUZLUGÖL;SEHER SOKAK;sokak;459232
SİVAS;MERKEZ;TUZLUGÖL;SİNEM SOKAK;sokak;334735
SİVAS;MERKEZ;TUZLUGÖL;ŞEHİT ERCAN PINAR SOKAK;sokak;458741
SİVAS;MERKEZ;TUZLUGÖL;ŞEHİT SACETTİN AKTAŞ SOKAK;sokak;458740
SİVAS;MERKEZ;TUZLUGÖL;TABİP SOKAK;sokak;334736
SİVAS;MERKEZ;TUZLUGÖL;TUZLUGÖL CADDE;cadde;925130
SİVAS;MERKEZ;TUZLUGÖL;YAVUZ BÜLENT BAKİLER CADDE;cadde;334730
SİVAS;MERKEZ;TUZLUGÖL;YAYA SOKAK;sokak;942728
SİVAS;MERKEZ;TUZLUGÖL;ZÜBEYDE HANIM CADDE;cadde;459233
SİVAS;MERKEZ;ULUKAPI NA;ULUKAPI KÜME EVLER;sokak;171668
SİVAS;MERKEZ;UZUNTEPE NA;DERE KÜME EVLER;sokak;701141
SİVAS;MERKEZ;UZUNTEPE NA;UZUNTEPE CADDE;cadde;949458
SİVAS;MERKEZ;ÜÇLERBEY;32-1.ÇIKMAZ SOKAK;sokak;336064
SİVAS;MERKEZ;ÜÇLERBEY;32-2. SOKAK;sokak;336066
SİVAS;MERKEZ;ÜÇLERBEY;32-3. SOKAK;sokak;336067
SİVAS;MERKEZ;ÜÇLERBEY;32-4. SOKAK;sokak;775504
SİVAS;MERKEZ;ÜÇLERBEY;32-5. SOKAK;sokak;459249
SİVAS;MERKEZ;ÜÇLERBEY;32-6. SOKAK;sokak;336069
SİVAS;MERKEZ;ÜÇLERBEY;32-7. SOKAK;sokak;151772
SİVAS;MERKEZ;ÜÇLERBEY;BİLGE SOKAK;sokak;922236
SİVAS;MERKEZ;ÜÇLERBEY;EMNİYET SOKAK;sokak;459250
SİVAS;MERKEZ;ÜÇLERBEY;GEZGİN SOKAK;sokak;336070
SİVAS;MERKEZ;ÜÇLERBEY;GÖKMEDRESE CADDE;cadde;336071
SİVAS;MERKEZ;ÜÇLERBEY;HARMAN SOKAK;sokak;922238
SİVAS;MERKEZ;ÜÇLERBEY;HEKİMPINAR SOKAK;sokak;459251
SİVAS;MERKEZ;ÜÇLERBEY;KAVAK SOKAK;sokak;336065
SİVAS;MERKEZ;ÜÇLERBEY;KEMALEDDİN İBNİ HÜMAM BULVAR;sokak;336072
SİVAS;MERKEZ;ÜÇLERBEY;KIRKLAR PINAR SOKAK;sokak;336073
SİVAS;MERKEZ;ÜÇLERBEY;KÖY AĞASI SOKAK;sokak;459247
SİVAS;MERKEZ;ÜÇLERBEY;KURUÇAY SOKAK;sokak;879272
SİVAS;MERKEZ;ÜÇLERBEY;SERÇELİ SOKAK;sokak;459252
SİVAS;MERKEZ;ÜÇLERBEY;SETEN SOKAK;sokak;922237
SİVAS;MERKEZ;ÜÇLERBEY;SIRMA SOKAK;sokak;921947
SİVAS;MERKEZ;ÜÇLERBEY;ŞEHİT CENGİZ ÇİL SOKAK;sokak;459248
SİVAS;MERKEZ;ÜÇLERBEY;ŞEHİT FUAT TOPAL SOKAK;sokak;336068
SİVAS;MERKEZ;ÜÇLERBEY;ŞEYH ÇOBAN CADDE;cadde;459253
SİVAS;MERKEZ;ÜÇLERBEY;YAHYA BEY CADDE;cadde;336074
SİVAS;MERKEZ;ÜÇLERBEY;YEDİLER SOKAK;sokak;336075
SİVAS;MERKEZ;ÜÇLERBEY;ZÜMRÜT SOKAK;sokak;336076
SİVAS;MERKEZ;ÜÇTEPE NA;ÜÇTEPE KÜME EVLER KÜME EVLER;sokak;601300
SİVAS;MERKEZ;YAĞMURLUSEKİ - AKSEKİ;AKSEKİ KÜME EVLER;sokak;683760
SİVAS;MERKEZ;YAĞMURLUSEKİ NA;YAĞMURLUSEKİ KÜME EVLER;sokak;682340
SİVAS;MERKEZ;YAHYABEY;31-1. SOKAK;sokak;336077
SİVAS;MERKEZ;YAHYABEY;31-2. SOKAK;sokak;336078
SİVAS;MERKEZ;YAHYABEY;31-3. SOKAK;sokak;459254
SİVAS;MERKEZ;YAHYABEY;31-4. SOKAK;sokak;336079
SİVAS;MERKEZ;YAHYABEY;31-5. SOKAK;sokak;407895
SİVAS;MERKEZ;YAHYABEY;31-6. SOKAK;sokak;336080
SİVAS;MERKEZ;YAHYABEY;31-7. SOKAK;sokak;336081
SİVAS;MERKEZ;YAHYABEY;31-8. SOKAK;sokak;336082
SİVAS;MERKEZ;YAHYABEY;BAĞDADIN KADİR SOKAK;sokak;463861
SİVAS;MERKEZ;YAHYABEY;BİLLUR SOKAK;sokak;336083
SİVAS;MERKEZ;YAHYABEY;ÇUKURPINAR SOKAK;sokak;336398
SİVAS;MERKEZ;YAHYABEY;DİLEK SOKAK;sokak;463860
SİVAS;MERKEZ;YAHYABEY;HACI AVNİ BEY SOKAK;sokak;336393
SİVAS;MERKEZ;YAHYABEY;HEKİMPINAR SOKAK;sokak;336394
SİVAS;MERKEZ;YAHYABEY;MÜDERRİS SOKAK;sokak;336395
SİVAS;MERKEZ;YAHYABEY;NEZİH SOKAK;sokak;942714
SİVAS;MERKEZ;YAHYABEY;PULUR CADDE;cadde;420066270
SİVAS;MERKEZ;YAHYABEY;RÜZGAR SOKAK;sokak;460484
SİVAS;MERKEZ;YAHYABEY;SAHUR SOKAK;sokak;942708
SİVAS;MERKEZ;YAHYABEY;SEĞMEN SOKAK;sokak;729808
SİVAS;MERKEZ;YAHYABEY;SERÇELİ SOKAK;sokak;729809
SİVAS;MERKEZ;YAHYABEY;SEVAP SOKAK;sokak;801822801
SİVAS;MERKEZ;YAHYABEY;SEVAP- SOKAK;sokak;942712
SİVAS;MERKEZ;YAHYABEY;SIRRI BEY SOKAK;sokak;336396
SİVAS;MERKEZ;YAHYABEY;TARHANA CADDE;cadde;336397
SİVAS;MERKEZ;YAHYABEY;YAHYA BEY CADDE;cadde;463863
SİVAS;MERKEZ;YAKUPOĞLAN - CUMHURİYET;1 SOKAK;sokak;682803
SİVAS;MERKEZ;YAKUPOĞLAN - CUMHURİYET;2 SOKAK;sokak;682807
SİVAS;MERKEZ;YAKUPOĞLAN - CUMHURİYET;3 SOKAK;sokak;685948
SİVAS;MERKEZ;YAKUPOĞLAN - CUMHURİYET;4 SOKAK;sokak;682808
SİVAS;MERKEZ;YAKUPOĞLAN - CUMHURİYET;5 SOKAK;sokak;683864
SİVAS;MERKEZ;YAKUPOĞLAN - CUMHURİYET;6 SOKAK;sokak;683865
SİVAS;MERKEZ;YAKUPOĞLAN - CUMHURİYET;7 SOKAK;sokak;683866
SİVAS;MERKEZ;YAKUPOĞLAN - CUMHURİYET;ATATÜRK SOKAK;sokak;111739450
SİVAS;MERKEZ;YAKUPOĞLAN - CUMHURİYET;CUMHURİYET SOKAK;sokak;684067
SİVAS;MERKEZ;YAKUPOĞLAN - CUMHURİYET;MEYDAN SOKAK;sokak;685949
SİVAS;MERKEZ;YAKUPOĞLAN - CUMHURİYET;MİMAR SİNAN SOKAK;sokak;685891
SİVAS;MERKEZ;YAKUPOĞLAN - FATİH;10 SOKAK;sokak;345653
SİVAS;MERKEZ;YAKUPOĞLAN - FATİH;11 SOKAK;sokak;687310
SİVAS;MERKEZ;YAKUPOĞLAN - FATİH;12 SOKAK;sokak;99230
SİVAS;MERKEZ;YAKUPOĞLAN - FATİH;13 SOKAK;sokak;687312
SİVAS;MERKEZ;YAKUPOĞLAN - FATİH;14 SOKAK;sokak;99232
SİVAS;MERKEZ;YAKUPOĞLAN - FATİH;34 SOKAK;sokak;1043202
SİVAS;MERKEZ;YAKUPOĞLAN - FATİH;9 SOKAK;sokak;698924
SİVAS;MERKEZ;YAKUPOĞLAN - FATİH;İSMET YILMAZ SOKAK;sokak;1043204
SİVAS;MERKEZ;YAKUPOĞLAN - FATİH;MEVLANA SOKAK;sokak;985356441
SİVAS;MERKEZ;YAKUPOĞLAN - FATİH;MİMAR SİNAN SOKAK;sokak;699856
SİVAS;MERKEZ;YAKUPOĞLAN - FATİH;YAKUPOĞLAN MEYDANI SOKAK;sokak;345709
SİVAS;MERKEZ;YAKUPOĞLAN - FATİH;YUKARI BOSTAN SOKAK;sokak;345651
SİVAS;MERKEZ;YAKUPOĞLAN - YENİ;15 SOKAK;sokak;687314
SİVAS;MERKEZ;YAKUPOĞLAN - YENİ;16 SOKAK;sokak;345706
SİVAS;MERKEZ;YAKUPOĞLAN - YENİ;17 SOKAK;sokak;687316
SİVAS;MERKEZ;YAKUPOĞLAN - YENİ;18 SOKAK;sokak;687317
SİVAS;MERKEZ;YAKUPOĞLAN - YENİ;19 SOKAK;sokak;687318
SİVAS;MERKEZ;YAKUPOĞLAN - YENİ;20 SOKAK;sokak;345708
SİVAS;MERKEZ;YAKUPOĞLAN - YENİ;21 SOKAK;sokak;345711
SİVAS;MERKEZ;YAKUPOĞLAN - YENİ;22 SOKAK;sokak;100030
SİVAS;MERKEZ;YAKUPOĞLAN - YENİ;23 SOKAK;sokak;687320
SİVAS;MERKEZ;YAKUPOĞLAN - YENİ;24 SOKAK;sokak;687321
SİVAS;MERKEZ;YAKUPOĞLAN - YENİ;25 SOKAK;sokak;687322
SİVAS;MERKEZ;YAKUPOĞLAN - YENİ;ATATÜRK SOKAK;sokak;687319
SİVAS;MERKEZ;YAKUPOĞLAN - YENİ;EYDAN SOKAK;sokak;700235
SİVAS;MERKEZ;YAKUPOĞLAN - YENİ;MEVLANA SOKAK;sokak;417090
SİVAS;MERKEZ;YANALAK NA;YANALAK KÜME EVLER;sokak;691883
SİVAS;MERKEZ;YARAMIŞ NA;YARAMIŞ KÜME EVLER;sokak;692696
SİVAS;MERKEZ;YASSICABEL - AĞILLAR;AĞILLAR KÖY SOKAĞI KÜME EVLER;sokak;692565
SİVAS;MERKEZ;YASSICABEL NA;YASSICABEL KÖY SOKAĞI KÜME EVLER;sokak;699331
SİVAS;MERKEZ;YAVU - BAHÇELİ;BAHÇELİ KÜME EVLER;sokak;647210
SİVAS;MERKEZ;YAVU NA;YAVU KÜME EVLER;sokak;648520
SİVAS;MERKEZ;YAZIBAŞI NA;NURI DEMIRAĞ CADDESI SOKAK;cadde;703304
SİVAS;MERKEZ;YAZIBAŞI NA;YAZIBAŞI KÜME EVLER;sokak;674636
SİVAS;MERKEZ;YENİ;58-1. SOKAK;sokak;890385
SİVAS;MERKEZ;YENİ;58-10. SOKAK;sokak;336400
SİVAS;MERKEZ;YENİ;58-11. SOKAK;sokak;463864
SİVAS;MERKEZ;YENİ;58-12. SOKAK;sokak;336402
SİVAS;MERKEZ;YENİ;58-13. SOKAK;sokak;463865
SİVAS;MERKEZ;YENİ;58-14. SOKAK;sokak;336403
SİVAS;MERKEZ;YENİ;58-16. SOKAK;sokak;463866
SİVAS;MERKEZ;YENİ;58-17. SOKAK;sokak;336405
SİVAS;MERKEZ;YENİ;58-18. SOKAK;sokak;336406
SİVAS;MERKEZ;YENİ;58-19. SOKAK;sokak;336407
SİVAS;MERKEZ;YENİ;58-2. SOKAK;sokak;463867
SİVAS;MERKEZ;YENİ;58-20. SOKAK;sokak;336408
SİVAS;MERKEZ;YENİ;58-21. SOKAK;sokak;463868
SİVAS;MERKEZ;YENİ;58-22. SOKAK;sokak;336410
SİVAS;MERKEZ;YENİ;58-23. SOKAK;sokak;336411
SİVAS;MERKEZ;YENİ;58-24. SOKAK;sokak;463869
SİVAS;MERKEZ;YENİ;58-25. SOKAK;sokak;336412
SİVAS;MERKEZ;YENİ;58-26. SOKAK;sokak;336413
SİVAS;MERKEZ;YENİ;58-27. SOKAK;sokak;463870
SİVAS;MERKEZ;YENİ;58-28. SOKAK;sokak;336414
SİVAS;MERKEZ;YENİ;58-29. SOKAK;sokak;336415
SİVAS;MERKEZ;YENİ;58-3. SOKAK;sokak;463871
SİVAS;MERKEZ;YENİ;58-30. SOKAK;sokak;336416
SİVAS;MERKEZ;YENİ;58-31. SOKAK;sokak;336417
SİVAS;MERKEZ;YENİ;58-32. SOKAK;sokak;335260
SİVAS;MERKEZ;YENİ;58-33. SOKAK;sokak;335261
SİVAS;MERKEZ;YENİ;58-4. SOKAK;sokak;335263
SİVAS;MERKEZ;YENİ;58-5. SOKAK;sokak;335264
SİVAS;MERKEZ;YENİ;58-7. SOKAK;sokak;335266
SİVAS;MERKEZ;YENİ;58-8. SOKAK;sokak;335267
SİVAS;MERKEZ;YENİ;58-9. SOKAK;sokak;335268
SİVAS;MERKEZ;YENİ;BATTALGAZİ CADDE;cadde;335269
SİVAS;MERKEZ;YENİ;BURÇAK SOKAK;sokak;336401
SİVAS;MERKEZ;YENİ;ÇEDENE SOKAK;sokak;335262
SİVAS;MERKEZ;YENİ;ÇİÇEK SOKAK;sokak;336409
SİVAS;MERKEZ;YENİ;ÇİÇEKLİ CADDE;cadde;335274
SİVAS;MERKEZ;YENİ;DANİŞMENT GAZİ CADDE;cadde;335270
SİVAS;MERKEZ;YENİ;HAYRİ SIĞIRCI BULVAR;sokak;335271
SİVAS;MERKEZ;YENİ;İNCİ SOKAK;sokak;939969
SİVAS;MERKEZ;YENİ;MENDERES CADDE;cadde;335272
SİVAS;MERKEZ;YENİ;ÖMER ŞAN SOKAK;sokak;336399
SİVAS;MERKEZ;YENİ;POSTACI SOKAK;sokak;335273
SİVAS;MERKEZ;YENİAPARDI NA;YENİAPARDI KÜME EVLER;sokak;696052
SİVAS;MERKEZ;YENİBOĞAZKESEN NA;YENİBOĞAZKESEN KÜME EVLER;sokak;659318
SİVAS;MERKEZ;YENİCE NA;YENİCE KÖY SOKAĞI KÜME EVLER;sokak;548850
SİVAS;MERKEZ;YENİDOĞAN;40-1. SOKAK;sokak;336562
SİVAS;MERKEZ;YENİDOĞAN;40-10. SOKAK;sokak;336563
SİVAS;MERKEZ;YENİDOĞAN;40-11. SOKAK;sokak;460628
SİVAS;MERKEZ;YENİDOĞAN;40-13. SOKAK;sokak;336565
SİVAS;MERKEZ;YENİDOĞAN;40-14. SOKAK;sokak;336566
SİVAS;MERKEZ;YENİDOĞAN;40-15. SOKAK;sokak;460629
SİVAS;MERKEZ;YENİDOĞAN;40-18. SOKAK;sokak;460630
SİVAS;MERKEZ;YENİDOĞAN;40-19. SOKAK;sokak;336569
SİVAS;MERKEZ;YENİDOĞAN;40-2. SOKAK;sokak;336570
SİVAS;MERKEZ;YENİDOĞAN;40-20. SOKAK;sokak;460631
SİVAS;MERKEZ;YENİDOĞAN;40-21. SOKAK;sokak;336571
SİVAS;MERKEZ;YENİDOĞAN;40-22. SOKAK;sokak;336572
SİVAS;MERKEZ;YENİDOĞAN;40-23. SOKAK;sokak;460632
SİVAS;MERKEZ;YENİDOĞAN;40-24. SOKAK;sokak;336573
SİVAS;MERKEZ;YENİDOĞAN;40-25. SOKAK;sokak;335275
SİVAS;MERKEZ;YENİDOĞAN;40-26. SOKAK;sokak;335276
SİVAS;MERKEZ;YENİDOĞAN;40-27. SOKAK;sokak;335277
SİVAS;MERKEZ;YENİDOĞAN;40-28. SOKAK;sokak;335278
SİVAS;MERKEZ;YENİDOĞAN;40-29. SOKAK;sokak;335279
SİVAS;MERKEZ;YENİDOĞAN;40-3. SOKAK;sokak;335280
SİVAS;MERKEZ;YENİDOĞAN;40-30. SOKAK;sokak;335281
SİVAS;MERKEZ;YENİDOĞAN;40-33. SOKAK;sokak;335284
SİVAS;MERKEZ;YENİDOĞAN;40-34. SOKAK;sokak;335285
SİVAS;MERKEZ;YENİDOĞAN;40-35. SOKAK;sokak;335286
SİVAS;MERKEZ;YENİDOĞAN;40-36. SOKAK;sokak;335287
SİVAS;MERKEZ;YENİDOĞAN;40-37. SOKAK;sokak;335288
SİVAS;MERKEZ;YENİDOĞAN;40-38. SOKAK;sokak;335289
SİVAS;MERKEZ;YENİDOĞAN;40-39. SOKAK;sokak;335290
SİVAS;MERKEZ;YENİDOĞAN;40-4. SOKAK;sokak;460621
SİVAS;MERKEZ;YENİDOĞAN;40-40. SOKAK;sokak;335291
SİVAS;MERKEZ;YENİDOĞAN;40-41. SOKAK;sokak;335292
SİVAS;MERKEZ;YENİDOĞAN;40-42. SOKAK;sokak;460622
SİVAS;MERKEZ;YENİDOĞAN;40-43. SOKAK;sokak;335293
SİVAS;MERKEZ;YENİDOĞAN;40-5. SOKAK;sokak;335294
SİVAS;MERKEZ;YENİDOĞAN;40-6. SOKAK;sokak;335295
SİVAS;MERKEZ;YENİDOĞAN;40-7. SOKAK;sokak;460623
SİVAS;MERKEZ;YENİDOĞAN;40-8. SOKAK;sokak;335296
SİVAS;MERKEZ;YENİDOĞAN;40-9. SOKAK;sokak;336556
SİVAS;MERKEZ;YENİDOĞAN;ABDULHAMİT HAN CADDE;cadde;336557
SİVAS;MERKEZ;YENİDOĞAN;ESER CADDE;cadde;460624
SİVAS;MERKEZ;YENİDOĞAN;FAHREDDİN PAŞA CADDE;cadde;336559
SİVAS;MERKEZ;YENİDOĞAN;HAYRİ SIĞIRCI BULVAR;sokak;460627
SİVAS;MERKEZ;YENİDOĞAN;MERAKUM CADDE;cadde;460626
SİVAS;MERKEZ;YENİDOĞAN;ŞEHİT BEDRETTİN ERBİL SOKAK;sokak;669267
SİVAS;MERKEZ;YENİDOĞAN;ŞEHİT MÜNİR MURAT ERTEKİN SOKAK;sokak;336568
SİVAS;MERKEZ;YENİDOĞAN;ŞÜKÜR SOKAK;sokak;957634
SİVAS;MERKEZ;YENİDOĞAN;YAVUZ SULTAN SELİM CADDE;cadde;336560
SİVAS;MERKEZ;YENİDOĞAN;YENİDOĞAN CADDE;cadde;336561
SİVAS;MERKEZ;YENİKERVANSARAY NA;YENİKERVANSARAY KÜME EVLER;sokak;392770
SİVAS;MERKEZ;YENİKIZILCAKIŞLA NA;YENİKIZILCAKIŞLA KÜME EVLER;sokak;712302
SİVAS;MERKEZ;YENİŞEHİR;52-1. SOKAK;sokak;336574
SİVAS;MERKEZ;YENİŞEHİR;52-10. SOKAK;sokak;1233973
SİVAS;MERKEZ;YENİŞEHİR;52-100. SOKAK;sokak;860022190
SİVAS;MERKEZ;YENİŞEHİR;52-101. SOKAK;sokak;570496031
SİVAS;MERKEZ;YENİŞEHİR;52-11. SOKAK;sokak;1528895
SİVAS;MERKEZ;YENİŞEHİR;52-12. SOKAK;sokak;1528897
SİVAS;MERKEZ;YENİŞEHİR;52-13. SOKAK;sokak;767863340
SİVAS;MERKEZ;YENİŞEHİR;52-14 SOKAK;sokak;397823880
SİVAS;MERKEZ;YENİŞEHİR;52-15. SOKAK;sokak;262396400
SİVAS;MERKEZ;YENİŞEHİR;52-16. SOKAK;sokak;359290170
SİVAS;MERKEZ;YENİŞEHİR;52-17. SOKAK;sokak;481990790
SİVAS;MERKEZ;YENİŞEHİR;52-18. SOKAK;sokak;587503240
SİVAS;MERKEZ;YENİŞEHİR;52-19. SOKAK;sokak;479757270
SİVAS;MERKEZ;YENİŞEHİR;52-2. SOKAK;sokak;460633
SİVAS;MERKEZ;YENİŞEHİR;52-20. SOKAK;sokak;745904720
SİVAS;MERKEZ;YENİŞEHİR;52-21. SOKAK;sokak;859601280
SİVAS;MERKEZ;YENİŞEHİR;52-22. SOKAK;sokak;215494150
SİVAS;MERKEZ;YENİŞEHİR;52-23. SOKAK;sokak;192316460
SİVAS;MERKEZ;YENİŞEHİR;52-24. SOKAK;sokak;334429710
SİVAS;MERKEZ;YENİŞEHİR;52-25. SOKAK;sokak;202473670
SİVAS;MERKEZ;YENİŞEHİR;52-26. SOKAK;sokak;261887970
SİVAS;MERKEZ;YENİŞEHİR;52-27. SOKAK;sokak;127857620
SİVAS;MERKEZ;YENİŞEHİR;52-28. SOKAK;sokak;399130740
SİVAS;MERKEZ;YENİŞEHİR;52-29. SOKAK;sokak;609345770
SİVAS;MERKEZ;YENİŞEHİR;52-3. SOKAK;sokak;336575
SİVAS;MERKEZ;YENİŞEHİR;52-30 SOKAK;sokak;745459300
SİVAS;MERKEZ;YENİŞEHİR;52-31. SOKAK;sokak;449299580
SİVAS;MERKEZ;YENİŞEHİR;52-32. SOKAK;sokak;480284190
SİVAS;MERKEZ;YENİŞEHİR;52-33. SOKAK;sokak;578843060
SİVAS;MERKEZ;YENİŞEHİR;52-34 SOKAK;sokak;460894130
SİVAS;MERKEZ;YENİŞEHİR;52-35. SOKAK;sokak;204959740
SİVAS;MERKEZ;YENİŞEHİR;52-36. SOKAK;sokak;541988660
SİVAS;MERKEZ;YENİŞEHİR;52-37. SOKAK;sokak;559384840
SİVAS;MERKEZ;YENİŞEHİR;52-38. SOKAK;sokak;745072290
SİVAS;MERKEZ;YENİŞEHİR;52-39. SOKAK;sokak;863478120
SİVAS;MERKEZ;YENİŞEHİR;52-4. SOKAK;sokak;336576
SİVAS;MERKEZ;YENİŞEHİR;52-40. SOKAK;sokak;814409350
SİVAS;MERKEZ;YENİŞEHİR;52-42. SOKAK;sokak;813175700
SİVAS;MERKEZ;YENİŞEHİR;52-43. SOKAK;sokak;448289520
SİVAS;MERKEZ;YENİŞEHİR;52-44. SOKAK;sokak;238854110
SİVAS;MERKEZ;YENİŞEHİR;52-45. SOKAK;sokak;160459400
SİVAS;MERKEZ;YENİŞEHİR;52-46. SOKAK;sokak;485072970
SİVAS;MERKEZ;YENİŞEHİR;52-47. SOKAK;sokak;160778280
SİVAS;MERKEZ;YENİŞEHİR;52-48. SOKAK;sokak;297344490
SİVAS;MERKEZ;YENİŞEHİR;52-49. SOKAK;sokak;396786440
SİVAS;MERKEZ;YENİŞEHİR;52-5. SOKAK;sokak;460634
SİVAS;MERKEZ;YENİŞEHİR;52-50 SOKAK;sokak;746027800
SİVAS;MERKEZ;YENİŞEHİR;52-51. SOKAK;sokak;568737630
SİVAS;MERKEZ;YENİŞEHİR;52-52. SOKAK;sokak;129452260
SİVAS;MERKEZ;YENİŞEHİR;52-53. SOKAK;sokak;335553190
SİVAS;MERKEZ;YENİŞEHİR;52-54. SOKAK;sokak;160871240
SİVAS;MERKEZ;YENİŞEHİR;52-55. SOKAK;sokak;398027230
SİVAS;MERKEZ;YENİŞEHİR;52-56. SOKAK;sokak;541960270
SİVAS;MERKEZ;YENİŞEHİR;52-57. SOKAK;sokak;628613560
SİVAS;MERKEZ;YENİŞEHİR;52-58. SOKAK;sokak;283122540
SİVAS;MERKEZ;YENİŞEHİR;52-59. SOKAK;sokak;721989060
SİVAS;MERKEZ;YENİŞEHİR;52-6. SOKAK;sokak;763782
SİVAS;MERKEZ;YENİŞEHİR;52-60. SOKAK;sokak;380115080
SİVAS;MERKEZ;YENİŞEHİR;52-61. SOKAK;sokak;791920840
SİVAS;MERKEZ;YENİŞEHİR;52-62. SOKAK;sokak;525004510
SİVAS;MERKEZ;YENİŞEHİR;52-63. SOKAK;sokak;449500380
SİVAS;MERKEZ;YENİŞEHİR;52-64. SOKAK;sokak;629517360
SİVAS;MERKEZ;YENİŞEHİR;52-65. SOKAK;sokak;110487740
SİVAS;MERKEZ;YENİŞEHİR;52-66 SOKAK;sokak;558848520
SİVAS;MERKEZ;YENİŞEHİR;52-67. SOKAK;sokak;227302200
SİVAS;MERKEZ;YENİŞEHİR;52-68. SOKAK;sokak;204029700
SİVAS;MERKEZ;YENİŞEHİR;52-69. SOKAK;sokak;336138290
SİVAS;MERKEZ;YENİŞEHİR;52-7. SOKAK;sokak;1093707
SİVAS;MERKEZ;YENİŞEHİR;52-70. SOKAK;sokak;396019350
SİVAS;MERKEZ;YENİŞEHİR;52-71. SOKAK;sokak;609613490
SİVAS;MERKEZ;YENİŞEHİR;52-72. SOKAK;sokak;721952900
SİVAS;MERKEZ;YENİŞEHİR;52-73. SOKAK;sokak;746354260
SİVAS;MERKEZ;YENİŞEHİR;52-74. SOKAK;sokak;838055150
SİVAS;MERKEZ;YENİŞEHİR;52-75. SOKAK;sokak;191800660
SİVAS;MERKEZ;YENİŞEHİR;52-76. SOKAK;sokak;768665080
SİVAS;MERKEZ;YENİŞEHİR;52-77. SOKAK;sokak;177692170
SİVAS;MERKEZ;YENİŞEHİR;52-78. SOKAK;sokak;649994020
SİVAS;MERKEZ;YENİŞEHİR;52-79. SOKAK;sokak;160575490
SİVAS;MERKEZ;YENİŞEHİR;52-80. SOKAK;sokak;207868690
SİVAS;MERKEZ;YENİŞEHİR;52-81. SOKAK;sokak;320612690
SİVAS;MERKEZ;YENİŞEHİR;52-82. SOKAK;sokak;203532640
SİVAS;MERKEZ;YENİŞEHİR;52-83. SOKAK;sokak;334771830
SİVAS;MERKEZ;YENİŞEHİR;52-84. SOKAK;sokak;417211350
SİVAS;MERKEZ;YENİŞEHİR;52-85. SOKAK;sokak;359281590
SİVAS;MERKEZ;YENİŞEHİR;52-86. SOKAK;sokak;609464490
SİVAS;MERKEZ;YENİŞEHİR;52-87. SOKAK;sokak;578541430
SİVAS;MERKEZ;YENİŞEHİR;52-88. SOKAK;sokak;792063890
SİVAS;MERKEZ;YENİŞEHİR;52-89. SOKAK;sokak;360445840
SİVAS;MERKEZ;YENİŞEHİR;52-9. SOKAK;sokak;460961
SİVAS;MERKEZ;YENİŞEHİR;52-90. SOKAK;sokak;283398930
SİVAS;MERKEZ;YENİŞEHİR;52-91. SOKAK;sokak;398559860
SİVAS;MERKEZ;YENİŞEHİR;52-92. SOKAK;sokak;698159000
SİVAS;MERKEZ;YENİŞEHİR;52-93. SOKAK;sokak;450203850
SİVAS;MERKEZ;YENİŞEHİR;52-94. SOKAK;sokak;746454580
SİVAS;MERKEZ;YENİŞEHİR;52-95. SOKAK;sokak;172983160
SİVAS;MERKEZ;YENİŞEHİR;52-96. SOKAK;sokak;402220100
SİVAS;MERKEZ;YENİŞEHİR;52-97. SOKAK;sokak;106714100
SİVAS;MERKEZ;YENİŞEHİR;52-98. SOKAK;sokak;792787500
SİVAS;MERKEZ;YENİŞEHİR;52-99. SOKAK;sokak;227514650
SİVAS;MERKEZ;YENİŞEHİR;53-102. SOKAK;sokak;799057091
SİVAS;MERKEZ;YENİŞEHİR;57-41. SOKAK;sokak;493976230
SİVAS;MERKEZ;YENİŞEHİR;CUMHURİYET ÜNİVERSİTESİ YERLEŞKESİ SOKAK;sokak;163790751
SİVAS;MERKEZ;YENİŞEHİR;ÇAYIRAĞZI CADDE;cadde;1047722
SİVAS;MERKEZ;YENİŞEHİR;DİVRİĞİ CADDE;cadde;542399670
SİVAS;MERKEZ;YENİŞEHİR;DR.RAHMİ KARAHASANOĞLU CADDE;cadde;1097156
SİVAS;MERKEZ;YENİŞEHİR;ESNAFLAR SOKAK;sokak;460962
SİVAS;MERKEZ;YENİŞEHİR;GEMEREK CADDE;cadde;608967190
SİVAS;MERKEZ;YENİŞEHİR;GÜRÜN CADDE;cadde;147991830
SİVAS;MERKEZ;YENİŞEHİR;İSMET YILMAZ BULVAR;sokak;1049619
SİVAS;MERKEZ;YENİŞEHİR;KANGAL CADDE;cadde;552340330
SİVAS;MERKEZ;YENİŞEHİR;KARDEŞLER CADDE;cadde;966394
SİVAS;MERKEZ;YENİŞEHİR;KAYSERİ BULVAR;sokak;336578
SİVAS;MERKEZ;YENİŞEHİR;KEMALEDDİN İBNİ HÜMAM BULVAR;sokak;764069
SİVAS;MERKEZ;YENİŞEHİR;MERVE CADDE;cadde;886192
SİVAS;MERKEZ;YENİŞEHİR;RECEP TAYYİP ERDOĞAN BULVAR;sokak;460963
SİVAS;MERKEZ;YENİŞEHİR;SAFA CADDE;cadde;733948
SİVAS;MERKEZ;YENİŞEHİR;SULTAN ŞEHİR BULVAR;sokak;895035
SİVAS;MERKEZ;YENİŞEHİR;SUŞEHRİ CADDE;cadde;397985170
SİVAS;MERKEZ;YENİŞEHİR;ŞARKIŞLA CADDE;cadde;397981780
SİVAS;MERKEZ;YENİŞEHİR;ŞEYH ERZURUMİ CADDE;cadde;262169
SİVAS;MERKEZ;YENİŞEHİR;TERMİNAL CADDE;cadde;336579
SİVAS;MERKEZ;YENİŞEHİR;ÜSTAD SOKAK;sokak;1097154
SİVAS;MERKEZ;YENİŞEHİR;YENİŞEHİR CADDE;cadde;267572
SİVAS;MERKEZ;YENİŞEHİR;YILDIZELİ CADDE;cadde;509773880
SİVAS;MERKEZ;YENİŞEHİR;ZARA CADDE;cadde;610763780
SİVAS;MERKEZ;YEŞİLYURT;50-1. SOKAK;sokak;336580
SİVAS;MERKEZ;YEŞİLYURT;50-10. SOKAK;sokak;611483
SİVAS;MERKEZ;YEŞİLYURT;50-11. SOKAK;sokak;138667
SİVAS;MERKEZ;YEŞİLYURT;50-12. SOKAK;sokak;336582
SİVAS;MERKEZ;YEŞİLYURT;50-13. SOKAK;sokak;460964
SİVAS;MERKEZ;YEŞİLYURT;50-14. SOKAK;sokak;336583
SİVAS;MERKEZ;YEŞİLYURT;50-15. SOKAK;sokak;469372
SİVAS;MERKEZ;YEŞİLYURT;50-16. SOKAK;sokak;733849
SİVAS;MERKEZ;YEŞİLYURT;50-17. SOKAK;sokak;336584
SİVAS;MERKEZ;YEŞİLYURT;50-18. SOKAK;sokak;336585
SİVAS;MERKEZ;YEŞİLYURT;50-19. SOKAK;sokak;469373
SİVAS;MERKEZ;YEŞİLYURT;50-2. SOKAK;sokak;222789
SİVAS;MERKEZ;YEŞİLYURT;50-20. SOKAK;sokak;336587
SİVAS;MERKEZ;YEŞİLYURT;50-21. SOKAK;sokak;469374
SİVAS;MERKEZ;YEŞİLYURT;50-22. SOKAK;sokak;336588
SİVAS;MERKEZ;YEŞİLYURT;50-23. SOKAK;sokak;336589
SİVAS;MERKEZ;YEŞİLYURT;50-24. SOKAK;sokak;733850
SİVAS;MERKEZ;YEŞİLYURT;50-25. SOKAK;sokak;336590
SİVAS;MERKEZ;YEŞİLYURT;50-26. SOKAK;sokak;469376
SİVAS;MERKEZ;YEŞİLYURT;50-27. SOKAK;sokak;336591
SİVAS;MERKEZ;YEŞİLYURT;50-28. SOKAK;sokak;336592
SİVAS;MERKEZ;YEŞİLYURT;50-29. SOKAK;sokak;469377
SİVAS;MERKEZ;YEŞİLYURT;50-3. SOKAK;sokak;336593
SİVAS;MERKEZ;YEŞİLYURT;50-30. SOKAK;sokak;336594
SİVAS;MERKEZ;YEŞİLYURT;50-31. SOKAK;sokak;469378
SİVAS;MERKEZ;YEŞİLYURT;50-32. SOKAK;sokak;733851
SİVAS;MERKEZ;YEŞİLYURT;50-33. SOKAK;sokak;336595
SİVAS;MERKEZ;YEŞİLYURT;50-34. SOKAK;sokak;469379
SİVAS;MERKEZ;YEŞİLYURT;50-35. SOKAK;sokak;336596
SİVAS;MERKEZ;YEŞİLYURT;50-36. SOKAK;sokak;336597
SİVAS;MERKEZ;YEŞİLYURT;50-37. SOKAK;sokak;469380
SİVAS;MERKEZ;YEŞİLYURT;50-38. SOKAK;sokak;336598
SİVAS;MERKEZ;YEŞİLYURT;50-39. SOKAK;sokak;336599
SİVAS;MERKEZ;YEŞİLYURT;50-4. SOKAK;sokak;469381
SİVAS;MERKEZ;YEŞİLYURT;50-40. SOKAK;sokak;733852
SİVAS;MERKEZ;YEŞİLYURT;50-42. SOKAK;sokak;469382
SİVAS;MERKEZ;YEŞİLYURT;50-43. SOKAK;sokak;1090524
SİVAS;MERKEZ;YEŞİLYURT;50-44. SOKAK;sokak;1090526
SİVAS;MERKEZ;YEŞİLYURT;50-45. SOKAK;sokak;1090530
SİVAS;MERKEZ;YEŞİLYURT;50-46. SOKAK;sokak;1090532
SİVAS;MERKEZ;YEŞİLYURT;50-47. SOKAK;sokak;1090534
SİVAS;MERKEZ;YEŞİLYURT;50-48. SOKAK;sokak;1090536
SİVAS;MERKEZ;YEŞİLYURT;50-49. SOKAK;sokak;1090538
SİVAS;MERKEZ;YEŞİLYURT;50-5. SOKAK;sokak;336601
SİVAS;MERKEZ;YEŞİLYURT;50-50. SOKAK;sokak;1090540
SİVAS;MERKEZ;YEŞİLYURT;50-51. SOKAK;sokak;1090542
SİVAS;MERKEZ;YEŞİLYURT;50-52. SOKAK;sokak;1090544
SİVAS;MERKEZ;YEŞİLYURT;50-53. SOKAK;sokak;1090546
SİVAS;MERKEZ;YEŞİLYURT;50-54. SOKAK;sokak;1090548
SİVAS;MERKEZ;YEŞİLYURT;50-55. SOKAK;sokak;1090550
SİVAS;MERKEZ;YEŞİLYURT;50-56. SOKAK;sokak;1090552
SİVAS;MERKEZ;YEŞİLYURT;50-57. SOKAK;sokak;1090554
SİVAS;MERKEZ;YEŞİLYURT;50-58. SOKAK;sokak;1090556
SİVAS;MERKEZ;YEŞİLYURT;50-59. SOKAK;sokak;1090558
SİVAS;MERKEZ;YEŞİLYURT;50-6. SOKAK;sokak;336924
SİVAS;MERKEZ;YEŞİLYURT;50-60. SOKAK;sokak;1090560
SİVAS;MERKEZ;YEŞİLYURT;50-61. SOKAK;sokak;1090562
SİVAS;MERKEZ;YEŞİLYURT;50-62. SOKAK;sokak;1090564
SİVAS;MERKEZ;YEŞİLYURT;50-63. SOKAK;sokak;1090566
SİVAS;MERKEZ;YEŞİLYURT;50-64. SOKAK;sokak;1090568
SİVAS;MERKEZ;YEŞİLYURT;50-65. SOKAK;sokak;1090570
SİVAS;MERKEZ;YEŞİLYURT;50-66. SOKAK;sokak;1090572
SİVAS;MERKEZ;YEŞİLYURT;50-67. SOKAK;sokak;1090574
SİVAS;MERKEZ;YEŞİLYURT;50-68. SOKAK;sokak;1090576
SİVAS;MERKEZ;YEŞİLYURT;50-69. SOKAK;sokak;1090578
SİVAS;MERKEZ;YEŞİLYURT;50-7. SOKAK;sokak;469384
SİVAS;MERKEZ;YEŞİLYURT;50-70. SOKAK;sokak;1090580
SİVAS;MERKEZ;YEŞİLYURT;50-71. SOKAK;sokak;1090582
SİVAS;MERKEZ;YEŞİLYURT;50-72. SOKAK;sokak;679185651
SİVAS;MERKEZ;YEŞİLYURT;50-73. SOKAK;sokak;687778121
SİVAS;MERKEZ;YEŞİLYURT;50-74. SOKAK;sokak;428509581
SİVAS;MERKEZ;YEŞİLYURT;50-75. SOKAK;sokak;937155711
SİVAS;MERKEZ;YEŞİLYURT;50-76. SOKAK;sokak;762369181
SİVAS;MERKEZ;YEŞİLYURT;50-77. SOKAK;sokak;851087931
SİVAS;MERKEZ;YEŞİLYURT;50-78. SOKAK;sokak;533559881
SİVAS;MERKEZ;YEŞİLYURT;50-79. SOKAK;sokak;595607061
SİVAS;MERKEZ;YEŞİLYURT;50-8. SOKAK;sokak;336927
SİVAS;MERKEZ;YEŞİLYURT;50-80. SOKAK;sokak;830924861
SİVAS;MERKEZ;YEŞİLYURT;50-81. SOKAK;sokak;998551991
SİVAS;MERKEZ;YEŞİLYURT;50-82. SOKAK;sokak;570804831
SİVAS;MERKEZ;YEŞİLYURT;50-83. SOKAK;sokak;302403031
SİVAS;MERKEZ;YEŞİLYURT;50-84. SOKAK;sokak;584030231
SİVAS;MERKEZ;YEŞİLYURT;50-86. SOKAK;sokak;504685031
SİVAS;MERKEZ;YEŞİLYURT;50-87. SOKAK;sokak;536004411
SİVAS;MERKEZ;YEŞİLYURT;50-88. SOKAK;sokak;155951011
SİVAS;MERKEZ;YEŞİLYURT;50-89. SOKAK;sokak;494108971
SİVAS;MERKEZ;YEŞİLYURT;50-9. SOKAK;sokak;469385
SİVAS;MERKEZ;YEŞİLYURT;50-90. SOKAK;sokak;587245011
SİVAS;MERKEZ;YEŞİLYURT;50-91. SOKAK;sokak;466572841
SİVAS;MERKEZ;YEŞİLYURT;50-92. SOKAK;sokak;293593121
SİVAS;MERKEZ;YEŞİLYURT;50-93. SOKAK;sokak;799492361
SİVAS;MERKEZ;YEŞİLYURT;50-95. CADDE;cadde;990526641
SİVAS;MERKEZ;YEŞİLYURT;50-96. CADDE;cadde;940937391
SİVAS;MERKEZ;YEŞİLYURT;73-1 KÜME EVLER;sokak;959115
SİVAS;MERKEZ;YEŞİLYURT;80-85. SOKAK;sokak;528896981
SİVAS;MERKEZ;YEŞİLYURT;AĞILLAR KÜME EVLER;sokak;697753
SİVAS;MERKEZ;YEŞİLYURT;ALTINOLUK CADDE;cadde;1099771
SİVAS;MERKEZ;YEŞİLYURT;ANA YOL SOKAK;sokak;336923
SİVAS;MERKEZ;YEŞİLYURT;BALA SOKAK;sokak;957672
SİVAS;MERKEZ;YEŞİLYURT;BOĞAZ KÖPRÜSÜ CADDE;cadde;958880
SİVAS;MERKEZ;YEŞİLYURT;CENGİZ TOPEL CADDE;cadde;917027121
SİVAS;MERKEZ;YEŞİLYURT;ÇETİN KÜME EVLER;sokak;1101067
SİVAS;MERKEZ;YEŞİLYURT;ÇİFTLİK CADDE;cadde;336931
SİVAS;MERKEZ;YEŞİLYURT;ECDAT SOKAK;sokak;848823
SİVAS;MERKEZ;YEŞİLYURT;ERVA CADDE;cadde;989728
SİVAS;MERKEZ;YEŞİLYURT;HÖYÜK CADDE;cadde;1099783
SİVAS;MERKEZ;YEŞİLYURT;LOKMAN HEKİM CADDE;cadde;1046030
SİVAS;MERKEZ;YEŞİLYURT;M.FEYZULLAH MORAL CADDE;cadde;1096676
SİVAS;MERKEZ;YEŞİLYURT;OBA SOKAK;sokak;336929
SİVAS;MERKEZ;YEŞİLYURT;PAŞAPINARI CADDE;cadde;977488
SİVAS;MERKEZ;YEŞİLYURT;SARIKAMIŞ CADDE;cadde;1458307
SİVAS;MERKEZ;YEŞİLYURT;SARIÖNDER SOKAK;sokak;1045086
SİVAS;MERKEZ;YEŞİLYURT;SIHHİYE CADDE;cadde;978398
SİVAS;MERKEZ;YEŞİLYURT;SULTAN ŞEHİR BULVAR;sokak;336928
SİVAS;MERKEZ;YEŞİLYURT;ŞİFA CADDE;cadde;336600
SİVAS;MERKEZ;YEŞİLYURT;UZUNTEPE CADDE;cadde;949456
SİVAS;MERKEZ;YEŞİLYURT;VEFA SOKAK;sokak;336926
SİVAS;MERKEZ;YEŞİLYURT;YEŞİLYURT CADDE;cadde;138669
SİVAS;MERKEZ;YEŞİLYURT;YURT SOKAK;sokak;469386
SİVAS;MERKEZ;YEŞİLYURT;YUVA SOKAK;sokak;469375
SİVAS;MERKEZ;YEŞİLYURT;ZİRAAT SOKAK;sokak;336930
SİVAS;MERKEZ;YILDIZ - FATİH;AYDIN SOKAK;sokak;322664050
SİVAS;MERKEZ;YILDIZ - FATİH;CUMHURİYET CADDE;cadde;336702
SİVAS;MERKEZ;YILDIZ - FATİH;DEPO SOKAK;sokak;341928801
SİVAS;MERKEZ;YILDIZ - FATİH;ELMAS SOKAK;sokak;141069670
SİVAS;MERKEZ;YILDIZ - FATİH;İSMET YILMAZ CADDE;cadde;336704
SİVAS;MERKEZ;YILDIZ - FATİH;KASIMOĞLU SOKAK;sokak;642557630
SİVAS;MERKEZ;YILDIZ - FATİH;KEPENEK SOKAK;sokak;105412251
SİVAS;MERKEZ;YILDIZ - FATİH;KIZILIRMAK CADDE;cadde;336703
SİVAS;MERKEZ;YILDIZ - FATİH;MEHMET AKİF ERSOY SOKAK;sokak;470809
SİVAS;MERKEZ;YILDIZ - FATİH;MEVLANA SOKAK;sokak;336705
SİVAS;MERKEZ;YILDIZ - FATİH;MUHTARLAR SOKAK;sokak;463715141
SİVAS;MERKEZ;YILDIZ - FATİH;PROF.DR.ALI AKAR SOKAK;sokak;137081440
SİVAS;MERKEZ;YILDIZ - FATİH;ŞAHİN SOKAK;sokak;485936281
SİVAS;MERKEZ;YILDIZ - FATİH;YAZGANLAR SOKAK;sokak;226239381
SİVAS;MERKEZ;YILDIZ - FEVZİÇAKMAK;ABDULLAH TÜRK SOKAK;sokak;336706
SİVAS;MERKEZ;YILDIZ - FEVZİÇAKMAK;AKÖREN KÖY YOLU SOKAK;sokak;770048360
SİVAS;MERKEZ;YILDIZ - FEVZİÇAKMAK;AKTAŞ SOKAK;sokak;287645121
SİVAS;MERKEZ;YILDIZ - FEVZİÇAKMAK;AŞIK ALİ SOKAK;sokak;187285840
SİVAS;MERKEZ;YILDIZ - FEVZİÇAKMAK;ATATÜRK BULVAR;sokak;336707
SİVAS;MERKEZ;YILDIZ - FEVZİÇAKMAK;ÇAKMAK SOKAK;sokak;753136681
SİVAS;MERKEZ;YILDIZ - FEVZİÇAKMAK;ÇAKMAKLI SOKAK;sokak;940002390
SİVAS;MERKEZ;YILDIZ - FEVZİÇAKMAK;ELİF SOKAK;sokak;243335280
SİVAS;MERKEZ;YILDIZ - FEVZİÇAKMAK;EMİR MAHMUT ÇELEBİ SOKAK;sokak;241242321
SİVAS;MERKEZ;YILDIZ - FEVZİÇAKMAK;FIRIN SOKAK;sokak;424808890
SİVAS;MERKEZ;YILDIZ - FEVZİÇAKMAK;GAZİ ASLAN SOKAK;sokak;470810
SİVAS;MERKEZ;YILDIZ - FEVZİÇAKMAK;GAZİ SOKAK;sokak;739199380
SİVAS;MERKEZ;YILDIZ - FEVZİÇAKMAK;GÖKTEPE SOKAK;sokak;482561501
SİVAS;MERKEZ;YILDIZ - FEVZİÇAKMAK;HIDIROĞLU SOKAK;sokak;753568240
SİVAS;MERKEZ;YILDIZ - FEVZİÇAKMAK;HUZUR CADDE;cadde;693961
SİVAS;MERKEZ;YILDIZ - FEVZİÇAKMAK;İSMET YILMAZ CADDE;cadde;336708
SİVAS;MERKEZ;YILDIZ - FEVZİÇAKMAK;KANAL YOLU SOKAK;sokak;626849231
SİVAS;MERKEZ;YILDIZ - FEVZİÇAKMAK;KOVABAŞI SOKAK;sokak;544908341
SİVAS;MERKEZ;YILDIZ - FEVZİÇAKMAK;LİSE SOKAK;sokak;724470970
SİVAS;MERKEZ;YILDIZ - FEVZİÇAKMAK;MADENCİ SOKAK;sokak;255904490
SİVAS;MERKEZ;YILDIZ - FEVZİÇAKMAK;MEYDAN SOKAK;sokak;116704521
SİVAS;MERKEZ;YILDIZ - FEVZİÇAKMAK;MUSTAFA TÜRK SOKAK;sokak;676635000
SİVAS;MERKEZ;YILDIZ - FEVZİÇAKMAK;OKUL SOKAK;sokak;874786650
SİVAS;MERKEZ;YILDIZ - FEVZİÇAKMAK;ORHAN GAZİ CADDE;cadde;693962
SİVAS;MERKEZ;YILDIZ - FEVZİÇAKMAK;ORTAYOL SOKAK;sokak;115361171
SİVAS;MERKEZ;YILDIZ - FEVZİÇAKMAK;ÖMER ÖZTÜRK SOKAK;sokak;205358290
SİVAS;MERKEZ;YILDIZ - FEVZİÇAKMAK;ÖZEN SOKAK;sokak;364521180
SİVAS;MERKEZ;YILDIZ - FEVZİÇAKMAK;ÖZLER SOKAK;sokak;821592781
SİVAS;MERKEZ;YILDIZ - FEVZİÇAKMAK;SİVAS CADDE;cadde;336709
SİVAS;MERKEZ;YILDIZ - FEVZİÇAKMAK;ŞAHİN SOKAK;sokak;786240460
SİVAS;MERKEZ;YILDIZ - FEVZİÇAKMAK;ŞAHİNKAYA SOKAK;sokak;573104500
SİVAS;MERKEZ;YILDIZ - FEVZİÇAKMAK;ŞEHİT TURAN AKTAŞ SOKAK;sokak;585505261
SİVAS;MERKEZ;YILDIZ - FEVZİÇAKMAK;ŞELALE SOKAK;sokak;316147040
SİVAS;MERKEZ;YILDIZ - FEVZİÇAKMAK;TEPE ARDI SOKAK;sokak;937292001
SİVAS;MERKEZ;YILDIZ - FEVZİÇAKMAK;TURGUT ÖZAL CADDE;cadde;337031
SİVAS;MERKEZ;YILDIZ - FEVZİÇAKMAK;TÜRK SOKAK;sokak;662708360
SİVAS;MERKEZ;YILDIZ - FEVZİÇAKMAK;TÜRKMENOĞLU SOKAK;sokak;435456150
SİVAS;MERKEZ;YILDIZ - FEVZİÇAKMAK;YILDIZ CADDE;cadde;693963
SİVAS;MERKEZ;YILDIZ - ŞEHİTÖMERYILDIRIM;ATATÜRK BULVAR;sokak;470811
SİVAS;MERKEZ;YILDIZ - ŞEHİTÖMERYILDIRIM;AYDIN SOKAK;sokak;585675871
SİVAS;MERKEZ;YILDIZ - ŞEHİTÖMERYILDIRIM;AYHAN SOKAK;sokak;421166241
SİVAS;MERKEZ;YILDIZ - ŞEHİTÖMERYILDIRIM;BURAK DÜLEK SOKAK;sokak;353014641
SİVAS;MERKEZ;YILDIZ - ŞEHİTÖMERYILDIRIM;CALAL SOKAK;sokak;752841330
SİVAS;MERKEZ;YILDIZ - ŞEHİTÖMERYILDIRIM;CUMHURİYET CADDE;cadde;337032
SİVAS;MERKEZ;YILDIZ - ŞEHİTÖMERYILDIRIM;ÇINAR SOKAK;sokak;547556810
SİVAS;MERKEZ;YILDIZ - ŞEHİTÖMERYILDIRIM;DARGEÇİT SOKAK;sokak;356990080
SİVAS;MERKEZ;YILDIZ - ŞEHİTÖMERYILDIRIM;GAZİ OSMAN PAŞA SOKAK;sokak;337033
SİVAS;MERKEZ;YILDIZ - ŞEHİTÖMERYILDIRIM;GÖKBAYIR SOKAK;sokak;692411070
SİVAS;MERKEZ;YILDIZ - ŞEHİTÖMERYILDIRIM;GÜLLER SOKAK;sokak;657002390
SİVAS;MERKEZ;YILDIZ - ŞEHİTÖMERYILDIRIM;HACI İBRAHİM OĞLU SOKAK;sokak;565521021
SİVAS;MERKEZ;YILDIZ - ŞEHİTÖMERYILDIRIM;HARMAN SOKAK;sokak;863060571
SİVAS;MERKEZ;YILDIZ - ŞEHİTÖMERYILDIRIM;KELCELER SOKAK;sokak;210646880
SİVAS;MERKEZ;YILDIZ - ŞEHİTÖMERYILDIRIM;KIZILIRMAK CADDE;cadde;470812
SİVAS;MERKEZ;YILDIZ - ŞEHİTÖMERYILDIRIM;MEHMET AKİF ERSOY SOKAK;sokak;337035
SİVAS;MERKEZ;YILDIZ - ŞEHİTÖMERYILDIRIM;MEHMET GÜLEN SOKAK;sokak;306222450
SİVAS;MERKEZ;YILDIZ - ŞEHİTÖMERYILDIRIM;MEVLANA SOKAK;sokak;337036
SİVAS;MERKEZ;YILDIZ - ŞEHİTÖMERYILDIRIM;MEZARLIK SOKAK;sokak;206964310
SİVAS;MERKEZ;YILDIZ - ŞEHİTÖMERYILDIRIM;OKUL SOKAK;sokak;326435870
SİVAS;MERKEZ;YILDIZ - ŞEHİTÖMERYILDIRIM;OSMAN USTA SOKAK;sokak;304366461
SİVAS;MERKEZ;YILDIZ - ŞEHİTÖMERYILDIRIM;PROF.DR.ALI AKAR SOKAK;sokak;137081441
SİVAS;MERKEZ;YILDIZ - ŞEHİTÖMERYILDIRIM;SOYLU SOKAK;sokak;460814511
SİVAS;MERKEZ;YILDIZ - ŞEHİTÖMERYILDIRIM;VEYSEL KARANİ SOKAK;sokak;470813
SİVAS;MERKEZ;YILDIZ - ŞEHİTÖMERYILDIRIM;YAVŞANLI SOKAK;sokak;608448261
SİVAS;MERKEZ;YILDIZ - ŞEHİTÖMERYILDIRIM;YEMEN SOKAK;sokak;456964731
SİVAS;MERKEZ;YILDIZ - ŞEHİTÖMERYILDIRIM;YENİYOL10 ŞEHİTÖMERYILDIRIM SOKAK;sokak;897367481
SİVAS;MERKEZ;YILDIZ - ŞEHİTÖMERYILDIRIM;YUNUS EMRE CADDE;cadde;337037
SİVAS;MERKEZ;YİĞİTLER;23-1. SOKAK;sokak;336932
SİVAS;MERKEZ;YİĞİTLER;23-10. SOKAK;sokak;469387
SİVAS;MERKEZ;YİĞİTLER;23-11. SOKAK;sokak;752015
SİVAS;MERKEZ;YİĞİTLER;23-12. SOKAK;sokak;956330
SİVAS;MERKEZ;YİĞİTLER;23-2. SOKAK;sokak;752112
SİVAS;MERKEZ;YİĞİTLER;23-3. SOKAK;sokak;336933
SİVAS;MERKEZ;YİĞİTLER;23-4. SOKAK;sokak;336934
SİVAS;MERKEZ;YİĞİTLER;23-5. SOKAK;sokak;469388
SİVAS;MERKEZ;YİĞİTLER;23-6. SOKAK;sokak;469389
SİVAS;MERKEZ;YİĞİTLER;23-7. SOKAK;sokak;751864
SİVAS;MERKEZ;YİĞİTLER;23-8. SOKAK;sokak;751865
SİVAS;MERKEZ;YİĞİTLER;23-9. SOKAK;sokak;336936
SİVAS;MERKEZ;YİĞİTLER;CAHİT ZARİFOĞLU CADDE;cadde;939207
SİVAS;MERKEZ;YİĞİTLER;EFE SOKAK;sokak;156172
SİVAS;MERKEZ;YİĞİTLER;FERHATBOSTAN CADDE;cadde;336937
SİVAS;MERKEZ;YİĞİTLER;KARANFİL SOKAK;sokak;469390
SİVAS;MERKEZ;YİĞİTLER;KAZANCILAR CADDE;cadde;336938
SİVAS;MERKEZ;YİĞİTLER;SÜNNETÇİ SOKAK;sokak;336939
SİVAS;MERKEZ;YİĞİTLER;VALİ MUAMMER BEY CADDE;cadde;336940
SİVAS;MERKEZ;YİĞİTLER;YİĞİT SOKAK;sokak;336935
SİVAS;MERKEZ;YİĞİTLER;YİĞİTLER CADDE;cadde;469391
SİVAS;MERKEZ;YUKARIYILDIZLI NA;YUKARIYILDIZLI KÜME EVLER;sokak;616485
SİVAS;MERKEZ;YUNUSEMRE;59-1. SOKAK;sokak;336941
SİVAS;MERKEZ;YUNUSEMRE;59-10. SOKAK;sokak;336942
SİVAS;MERKEZ;YUNUSEMRE;59-11. SOKAK;sokak;469392
SİVAS;MERKEZ;YUNUSEMRE;59-12. SOKAK;sokak;274164
SİVAS;MERKEZ;YUNUSEMRE;59-13. SOKAK;sokak;336943
SİVAS;MERKEZ;YUNUSEMRE;59-14. SOKAK;sokak;336944
SİVAS;MERKEZ;YUNUSEMRE;59-15. SOKAK;sokak;469393
SİVAS;MERKEZ;YUNUSEMRE;59-16. SOKAK;sokak;336945
SİVAS;MERKEZ;YUNUSEMRE;59-17. SOKAK;sokak;36422
SİVAS;MERKEZ;YUNUSEMRE;59-18. SOKAK;sokak;336946
SİVAS;MERKEZ;YUNUSEMRE;59-19. SOKAK;sokak;336947
SİVAS;MERKEZ;YUNUSEMRE;59-2. SOKAK;sokak;469394
SİVAS;MERKEZ;YUNUSEMRE;59-20. SOKAK;sokak;336948
SİVAS;MERKEZ;YUNUSEMRE;59-21. SOKAK;sokak;531347
SİVAS;MERKEZ;YUNUSEMRE;59-22. SOKAK;sokak;336949
SİVAS;MERKEZ;YUNUSEMRE;59-23. SOKAK;sokak;469395
SİVAS;MERKEZ;YUNUSEMRE;59-24. SOKAK;sokak;336950
SİVAS;MERKEZ;YUNUSEMRE;59-26. SOKAK;sokak;469396
SİVAS;MERKEZ;YUNUSEMRE;59-27. SOKAK;sokak;336952
SİVAS;MERKEZ;YUNUSEMRE;59-3. SOKAK;sokak;336953
SİVAS;MERKEZ;YUNUSEMRE;59-4. SOKAK;sokak;469397
SİVAS;MERKEZ;YUNUSEMRE;59-5. SOKAK;sokak;336954
SİVAS;MERKEZ;YUNUSEMRE;59-6. SOKAK;sokak;336955
SİVAS;MERKEZ;YUNUSEMRE;59-7. SOKAK;sokak;469398
SİVAS;MERKEZ;YUNUSEMRE;59-8. SOKAK;sokak;336956
SİVAS;MERKEZ;YUNUSEMRE;59-9. SOKAK;sokak;336957
SİVAS;MERKEZ;YUNUSEMRE;BÜLBÜLLER SOKAK;sokak;469399
SİVAS;MERKEZ;YUNUSEMRE;FUZULİ CADDE;cadde;1075818
SİVAS;MERKEZ;YUNUSEMRE;HAYRİ SIĞIRCI BULVAR;sokak;336961
SİVAS;MERKEZ;YUNUSEMRE;HÜNKAR SOKAK;sokak;1075828
SİVAS;MERKEZ;YUNUSEMRE;İKRAM SOKAK;sokak;939594
SİVAS;MERKEZ;YUNUSEMRE;KANARYA SOKAK;sokak;336958
SİVAS;MERKEZ;YUNUSEMRE;KISMET SOKAK;sokak;925246
SİVAS;MERKEZ;YUNUSEMRE;MENDERES CADDE;cadde;336959
SİVAS;MERKEZ;YUNUSEMRE;ÖMÜR SOKAK;sokak;921083
SİVAS;MERKEZ;YUNUSEMRE;SAKA SOKAK;sokak;336960
SİVAS;MERKEZ;YUNUSEMRE;ŞEHİT EBUBEKİR EKİNCİ SOKAK;sokak;370207
SİVAS;MERKEZ;YUNUSEMRE;TAPTUK EMRE CADDE;cadde;924985
SİVAS;MERKEZ;YUNUSEMRE;YUNUS EMRE CADDE;cadde;469400
SİVAS;MERKEZ;YÜCEYURT;15-1. SOKAK;sokak;336962
SİVAS;MERKEZ;YÜCEYURT;15-10. SOKAK;sokak;469401
SİVAS;MERKEZ;YÜCEYURT;15-12. SOKAK;sokak;336964
SİVAS;MERKEZ;YÜCEYURT;15-13. SOKAK;sokak;370209
SİVAS;MERKEZ;YÜCEYURT;15-14. SOKAK;sokak;336965
SİVAS;MERKEZ;YÜCEYURT;15-16. SOKAK;sokak;335352
SİVAS;MERKEZ;YÜCEYURT;15-17. SOKAK;sokak;335353
SİVAS;MERKEZ;YÜCEYURT;15-18. SOKAK;sokak;335354
SİVAS;MERKEZ;YÜCEYURT;15-2. SOKAK;sokak;335356
SİVAS;MERKEZ;YÜCEYURT;15-20. SOKAK;sokak;335357
SİVAS;MERKEZ;YÜCEYURT;15-21. SOKAK;sokak;335358
SİVAS;MERKEZ;YÜCEYURT;15-22. SOKAK;sokak;335359
SİVAS;MERKEZ;YÜCEYURT;15-23. SOKAK;sokak;335360
SİVAS;MERKEZ;YÜCEYURT;15-24. SOKAK;sokak;335361
SİVAS;MERKEZ;YÜCEYURT;15-25. SOKAK;sokak;335362
SİVAS;MERKEZ;YÜCEYURT;15-26. SOKAK;sokak;335363
SİVAS;MERKEZ;YÜCEYURT;15-28. SOKAK;sokak;335365
SİVAS;MERKEZ;YÜCEYURT;15-29. SOKAK;sokak;336644
SİVAS;MERKEZ;YÜCEYURT;15-3. SOKAK;sokak;336645
SİVAS;MERKEZ;YÜCEYURT;15-30. SOKAK;sokak;336646
SİVAS;MERKEZ;YÜCEYURT;15-31. SOKAK;sokak;336647
SİVAS;MERKEZ;YÜCEYURT;15-32. SOKAK;sokak;336648
SİVAS;MERKEZ;YÜCEYURT;15-36. SOKAK;sokak;336652
SİVAS;MERKEZ;YÜCEYURT;15-37. SOKAK;sokak;336653
SİVAS;MERKEZ;YÜCEYURT;15-38. SOKAK;sokak;336655
SİVAS;MERKEZ;YÜCEYURT;15-4. SOKAK;sokak;336657
SİVAS;MERKEZ;YÜCEYURT;15-40. SOKAK;sokak;470792
SİVAS;MERKEZ;YÜCEYURT;15-41. SOKAK;sokak;336658
SİVAS;MERKEZ;YÜCEYURT;15-42. SOKAK;sokak;401712741
SİVAS;MERKEZ;YÜCEYURT;15-43. SOKAK;sokak;256705971
SİVAS;MERKEZ;YÜCEYURT;15-44. SOKAK;sokak;824805181
SİVAS;MERKEZ;YÜCEYURT;15-45. SOKAK;sokak;459534521
SİVAS;MERKEZ;YÜCEYURT;15-46. SOKAK;sokak;999896261
SİVAS;MERKEZ;YÜCEYURT;15-47. SOKAK;sokak;893389661
SİVAS;MERKEZ;YÜCEYURT;15-48. SOKAK;sokak;462522681
SİVAS;MERKEZ;YÜCEYURT;15-49. SOKAK;sokak;345259231
SİVAS;MERKEZ;YÜCEYURT;15-5. SOKAK;sokak;203523
SİVAS;MERKEZ;YÜCEYURT;15-50. SOKAK;sokak;885137421
SİVAS;MERKEZ;YÜCEYURT;15-6. SOKAK;sokak;470793
SİVAS;MERKEZ;YÜCEYURT;15-8. SOKAK;sokak;336661
SİVAS;MERKEZ;YÜCEYURT;15-9. SOKAK;sokak;763998
SİVAS;MERKEZ;YÜCEYURT;15-KÜME EVLER KÜME EVLER;sokak;733848
SİVAS;MERKEZ;YÜCEYURT;ABDULHAMİT HAN CADDE;cadde;47613757
SİVAS;MERKEZ;YÜCEYURT;ÇAVUŞBAŞI CADDE;cadde;957636
SİVAS;MERKEZ;YÜCEYURT;DERMAN SOKAK;sokak;939300
SİVAS;MERKEZ;YÜCEYURT;FAHREDDİN PAŞA CADDE;cadde;470795
SİVAS;MERKEZ;YÜCEYURT;HASTANE CADDE;cadde;336662
SİVAS;MERKEZ;YÜCEYURT;KARABAĞ CADDE;cadde;336663
SİVAS;MERKEZ;YÜCEYURT;MERAKUM CADDE;cadde;336664
SİVAS;MERKEZ;YÜCEYURT;MERT SOKAK;sokak;336654
SİVAS;MERKEZ;YÜCEYURT;NUMUNE SOKAK;sokak;336665
SİVAS;MERKEZ;YÜCEYURT;RAHMİ GÜNAY CADDE;cadde;470796
SİVAS;MERKEZ;YÜCEYURT;SAHRA SOKAK;sokak;949418
SİVAS;MERKEZ;YÜCEYURT;SELAHATTİN ERORHAN CADDE;cadde;336667
SİVAS;MERKEZ;YÜCEYURT;ŞEHİT AKGÜN SEZGİNER CADDE;cadde;336659
SİVAS;MERKEZ;YÜCEYURT;ŞEHİT BAKİ KAYA SOKAK;sokak;336660
SİVAS;MERKEZ;YÜCEYURT;ŞEHİT İSMAİL ŞİRİN CADDE;cadde;336668
SİVAS;MERKEZ;YÜCEYURT;ŞEHİT MESUT ÇİMEN CADDE;cadde;833743
SİVAS;MERKEZ;YÜCEYURT;TEMELTEPE CADDE;cadde;336666
SİVAS;MERKEZ;ZENGİ - KADİROĞULLARI;KADİROĞULLARI KÜME EVLER;sokak;328888
SİVAS;MERKEZ;ZENGİ - YEŞİLVADİ;ZENGİ KÜME EVLER;sokak;940040900
SİVAS;MERKEZ;ZENGİ NA;ZENGİ KÜME EVLER;sokak;670149
SİVAS;SUŞEHRİ;AKÇAAĞIL NA;AKÇAAĞIL KÜME EVLER;sokak;522052
SİVAS;SUŞEHRİ;AKINCI NA;AKINCI KÜME EVLER;sokak;545817
SİVAS;SUŞEHRİ;AKSU NA;AKSU KÜME EVLER;sokak;535260
SİVAS;SUŞEHRİ;AKSU NA;ELMASEKİ KÜME EVLER;sokak;964186030
SİVAS;SUŞEHRİ;AKŞAR NA;AKŞAR KÜME EVLER;sokak;532480
SİVAS;SUŞEHRİ;ARPACI NA;ARPACI KÜME EVLER;sokak;303498
SİVAS;SUŞEHRİ;ARPAYAZI NA;ARPAYAZI KÜME EVLER;sokak;468019
SİVAS;SUŞEHRİ;AŞAĞIAKÖREN NA;AŞAĞIAKÖREN KÜME EVLER;sokak;511122
SİVAS;SUŞEHRİ;AŞAĞISARICA NA;AŞAĞISARICA KÜME EVLER;sokak;504646
SİVAS;SUŞEHRİ;AVCULU;AKAR SOKAK;sokak;887082
SİVAS;SUŞEHRİ;AVCULU;AKARSU SOKAK;sokak;887086
SİVAS;SUŞEHRİ;AVCULU;AKÇAY SOKAK;sokak;887083
SİVAS;SUŞEHRİ;AVCULU;AKDENİZ SOKAK;sokak;887096
SİVAS;SUŞEHRİ;AVCULU;AKIN SOKAK;sokak;887084
SİVAS;SUŞEHRİ;AVCULU;AKTUĞ SOKAK;sokak;887094
SİVAS;SUŞEHRİ;AVCULU;ALEMDAR SOKAK;sokak;887092
SİVAS;SUŞEHRİ;AVCULU;ALPER SOKAK;sokak;887081
SİVAS;SUŞEHRİ;AVCULU;ALTIN SOKAK;sokak;887089
SİVAS;SUŞEHRİ;AVCULU;ALTINAY SOKAK;sokak;887090
SİVAS;SUŞEHRİ;AVCULU;ALTINTEPE SOKAK;sokak;887095
SİVAS;SUŞEHRİ;AVCULU;ANADOLU SOKAK;sokak;887091
SİVAS;SUŞEHRİ;AVCULU;ANIT SOKAK;sokak;887085
SİVAS;SUŞEHRİ;AVCULU;ARDIÇ. SOKAK;sokak;887093
SİVAS;SUŞEHRİ;AVCULU;ATA SOKAK;sokak;887087
SİVAS;SUŞEHRİ;AVCULU;ATAY SOKAK;sokak;887088
SİVAS;SUŞEHRİ;AVCULU;AVCULU YENİ YOL 1 SOKAK;sokak;101566440
SİVAS;SUŞEHRİ;AVCULU;AVCULU YENİ YOL 2 SOKAK;sokak;239372380
SİVAS;SUŞEHRİ;AVCULU;AVCULU YENİ YOL 3 SOKAK;sokak;730120560
SİVAS;SUŞEHRİ;AVCULU;AVCULU YOLU CADDE;cadde;887080
SİVAS;SUŞEHRİ;AVCULU;TOKAT-ERZİNCAN CADDE;cadde;732357310
SİVAS;SUŞEHRİ;BALKARA - BEDİLLİ;BEDİLLİ KÜME EVLER;sokak;287457
SİVAS;SUŞEHRİ;BALKARA NA;BALKARA KÜME EVLER;sokak;89553
SİVAS;SUŞEHRİ;BEYDEĞİRMENİ NA;BEYDEĞİRMENİ KÜME EVLER;sokak;519284
SİVAS;SUŞEHRİ;BOSTANCIK NA;BOSTANCIK KÜME EVLER;sokak;513557
SİVAS;SUŞEHRİ;BOYALICA NA;BOYALICA KÜME EVLER;sokak;509403
SİVAS;SUŞEHRİ;BÜYÜKGÜZEL NA;BÜYÜKGÜZEL KÜME EVLER;sokak;503225
SİVAS;SUŞEHRİ;CAMİİORTA;BAĞLAR- SOKAK;sokak;886950
SİVAS;SUŞEHRİ;CAMİİORTA;BAĞLAR/1 SOKAK;sokak;663522870
SİVAS;SUŞEHRİ;CAMİİORTA;BALHATUN SOKAK;sokak;330283
SİVAS;SUŞEHRİ;CAMİİORTA;CAMİİORTA YENİ YOL 1 SOKAK;sokak;649783310
SİVAS;SUŞEHRİ;CAMİİORTA;CAMİİORTA YENİ YOL 2 SOKAK;sokak;769401130
SİVAS;SUŞEHRİ;CAMİİORTA;CAMİİORTA YENİ YOL 3 SOKAK;sokak;729617740
SİVAS;SUŞEHRİ;CAMİİORTA;EMİN BEY SOKAK;sokak;886952
SİVAS;SUŞEHRİ;CAMİİORTA;GÖKBAYIR SOKAK;sokak;886947
SİVAS;SUŞEHRİ;CAMİİORTA;KARANFİL SOKAK;sokak;867208
SİVAS;SUŞEHRİ;CAMİİORTA;KÖY HARKI SOKAK;sokak;886948
SİVAS;SUŞEHRİ;CAMİİORTA;MEHMET AKİF SOKAK;sokak;330284
SİVAS;SUŞEHRİ;CAMİİORTA;NANE SOKAK;sokak;867207
SİVAS;SUŞEHRİ;CAMİİORTA;NİHAL ATSIZ SOKAK;sokak;886946
SİVAS;SUŞEHRİ;CAMİİORTA;SİVAS CADDE;cadde;330285
SİVAS;SUŞEHRİ;CAMİİORTA;VARİNLİ SOKAK;sokak;330286
SİVAS;SUŞEHRİ;CAMİİORTA;YAHYA KEMAL SOKAK;sokak;459613
SİVAS;SUŞEHRİ;CAMİİORTA;YUNUS EMRE SOKAK;sokak;330287
SİVAS;SUŞEHRİ;CAMİLİ - SELİMLER;SELİMLER KÜME EVLER;sokak;521924
SİVAS;SUŞEHRİ;CAMİLİ NA;CAMİLİ KÜME EVLER;sokak;521443
SİVAS;SUŞEHRİ;CEVİZLİ NA;CEVİZLİ KÜME EVLER;sokak;503933
SİVAS;SUŞEHRİ;CUMHURİYET;15 TEMMUZ DEMOKRASİ ŞEHİTLERİ SOKAK;sokak;548014
SİVAS;SUŞEHRİ;CUMHURİYET;AK SOKAK;sokak;546863
SİVAS;SUŞEHRİ;CUMHURİYET;ALİ FUAT CEBESOY SOKAK;sokak;546855
SİVAS;SUŞEHRİ;CUMHURİYET;CELAL BAYAR SOKAK;sokak;330288
SİVAS;SUŞEHRİ;CUMHURİYET;CEYHAN SOKAK;sokak;886713
SİVAS;SUŞEHRİ;CUMHURİYET;CUMHURİYET YENİ YOL 1 SOKAK;sokak;195765860
SİVAS;SUŞEHRİ;CUMHURİYET;CUMHURİYET YENİ YOL 2 SOKAK;sokak;610578650
SİVAS;SUŞEHRİ;CUMHURİYET;CUMHURİYET YENİ YOL 3 SOKAK;sokak;346731940
SİVAS;SUŞEHRİ;CUMHURİYET;CUMHURİYET YENİ YOL 4 SOKAK;sokak;932126290
SİVAS;SUŞEHRİ;CUMHURİYET;DİCLE SOKAK;sokak;459614
SİVAS;SUŞEHRİ;CUMHURİYET;ERZİNCAN CADDE;cadde;546838
SİVAS;SUŞEHRİ;CUMHURİYET;GEDİZ SOKAK;sokak;886711
SİVAS;SUŞEHRİ;CUMHURİYET;GÖKSU SOKAK;sokak;532618
SİVAS;SUŞEHRİ;CUMHURİYET;İSTANBUL SOKAK;sokak;459617
SİVAS;SUŞEHRİ;CUMHURİYET;KELKİT SOKAK;sokak;459615
SİVAS;SUŞEHRİ;CUMHURİYET;KIZILIRMAK SOKAK;sokak;330289
SİVAS;SUŞEHRİ;CUMHURİYET;KÜÇÜK MENDERES- SOKAK;sokak;886715
SİVAS;SUŞEHRİ;CUMHURİYET;MURAT NEHRİ SOKAK;sokak;260617
SİVAS;SUŞEHRİ;CUMHURİYET;MÜŞTAK MUTLU SOKAK;sokak;549854
SİVAS;SUŞEHRİ;CUMHURİYET;ORDU CADDE;cadde;542767
SİVAS;SUŞEHRİ;CUMHURİYET;SAKARYA SOKAK;sokak;459616
SİVAS;SUŞEHRİ;CUMHURİYET;SEYHAN SOKAK;sokak;886712
SİVAS;SUŞEHRİ;CUMHURİYET;SİVAS CADDE;cadde;330290
SİVAS;SUŞEHRİ;CUMHURİYET;ŞEHİT POLİS ADEM BAŞAR CADDE;cadde;537376
SİVAS;SUŞEHRİ;CUMHURİYET;ŞEHİT YÜZBAŞI F. FAZLI TAŞKIN SOKAK;sokak;532982
SİVAS;SUŞEHRİ;CUMHURİYET;TÜRKMENİSTAN SOKAK;sokak;530298
SİVAS;SUŞEHRİ;CUMHURİYET;YEŞİLIRMAK SOKAK;sokak;330291
SİVAS;SUŞEHRİ;ÇAKIRLI NA;ÇAKIRLI KÜME EVLER;sokak;521604
SİVAS;SUŞEHRİ;ÇAMLIDERE NA;ÇAMLIDERE KÜME EVLER;sokak;515514
SİVAS;SUŞEHRİ;ÇATALOLUK - BAKACAK;KÖSEDAĞ KÜME EVLER;sokak;328745
SİVAS;SUŞEHRİ;ÇATALOLUK - KILIÇLAR;BAHÇELER SOKAK;sokak;469176
SİVAS;SUŞEHRİ;ÇATALOLUK - KILIÇLAR;CAMİ SOKAK;sokak;328746
SİVAS;SUŞEHRİ;ÇATALOLUK - KILIÇLAR;FEVZİ ÇAKMAK SOKAK;sokak;328747
SİVAS;SUŞEHRİ;ÇATALOLUK - KILIÇLAR;KÖSEDAĞ_1 SOKAK;sokak;469177
SİVAS;SUŞEHRİ;ÇATALOLUK - MERKEZ;AYHAN SOKAK;sokak;328748
SİVAS;SUŞEHRİ;ÇATALOLUK - MERKEZ;ESENTEPE SOKAK;sokak;328749
SİVAS;SUŞEHRİ;ÇATALOLUK - MERKEZ;HOCA SOKAK;sokak;328750
SİVAS;SUŞEHRİ;ÇATALOLUK - MERKEZ;KARŞIBAĞ SOKAK;sokak;469178
SİVAS;SUŞEHRİ;ÇATALOLUK - MERKEZ;KAYIKÇI SOKAK;sokak;328751
SİVAS;SUŞEHRİ;ÇATALOLUK - MERKEZ;KÖSEDAĞ_2 SOKAK;sokak;328752
SİVAS;SUŞEHRİ;ÇATALOLUK - MERKEZ;PINAR SOKAK;sokak;469179
SİVAS;SUŞEHRİ;ÇATALOLUK - MERKEZ;ŞEVKİ SOKAK;sokak;328754
SİVAS;SUŞEHRİ;ÇATALOLUK - MERKEZ;YÜCE SOKAK;sokak;328753
SİVAS;SUŞEHRİ;ÇATALOLUK - SELPİNTİ;BAĞLAR SOKAK;sokak;328755
SİVAS;SUŞEHRİ;ÇATALOLUK - SELPİNTİ;HOCA AHMET YESEVİ SOKAK;sokak;469180
SİVAS;SUŞEHRİ;ÇATALOLUK - SELPİNTİ;KAMİL SOKAK;sokak;328756
SİVAS;SUŞEHRİ;ÇİTLİCE - AŞAĞIÇİTLİCE;AŞAĞI ÇİTLİCE KÜME EVLER;sokak;503078
SİVAS;SUŞEHRİ;ÇİTLİCE NA;ÇİTLİCE KÜME EVLER;sokak;502885
SİVAS;SUŞEHRİ;ÇOKRAK NA;ÇOKRAK KÜME EVLER;sokak;514916
SİVAS;SUŞEHRİ;ELMASEKİ - OYUK;OYUK KÜME EVLER;sokak;517356
SİVAS;SUŞEHRİ;ELMASEKİ - TANDIRCIK;TANDIRCIK KÜME EVLER;sokak;517793
SİVAS;SUŞEHRİ;ELMASEKİ NA;ELMASEKİ KÜME EVLER;sokak;527689
SİVAS;SUŞEHRİ;ERENCE NA;ERENCE KÜME EVLER;sokak;527033
SİVAS;SUŞEHRİ;ESENYAKA NA;ESENYAKA KÜME EVLER;sokak;501916
SİVAS;SUŞEHRİ;ESKİMEŞE NA;ESKİMEŞE KÜME EVLER;sokak;535585
SİVAS;SUŞEHRİ;ESKİŞAR NA;ESKİŞAR KÜME EVLER;sokak;521939
SİVAS;SUŞEHRİ;ESKİTOPRAK - BAYIR;BAYIR KÜME EVLER;sokak;525011
SİVAS;SUŞEHRİ;ESKİTOPRAK NA;ESKİTOPRAK KÜME EVLER;sokak;85492
SİVAS;SUŞEHRİ;GELENGEÇ NA;GELENGEÇ KÜME EVLER;sokak;526109
SİVAS;SUŞEHRİ;GÖKÇEKAŞ NA;GÖKÇEKAŞ KÜME EVLER;sokak;510055
SİVAS;SUŞEHRİ;GÖKÇEKENT KARAAĞAÇ NA;GÖKÇEKENT KARAAĞAÇ KÜME EVLER;sokak;125546
SİVAS;SUŞEHRİ;GÖKÇEKENT NA;GÖKÇEKENT KÜME EVLER;sokak;509072
SİVAS;SUŞEHRİ;GÖLLÜKÖY;BAL SOKAK;sokak;886919
SİVAS;SUŞEHRİ;GÖLLÜKÖY;BAŞAK SOKAK;sokak;886923
SİVAS;SUŞEHRİ;GÖLLÜKÖY;BUĞDAY SOKAK;sokak;886922
SİVAS;SUŞEHRİ;GÖLLÜKÖY;CAN SOKAK;sokak;886925
SİVAS;SUŞEHRİ;GÖLLÜKÖY;EKİN SOKAK;sokak;886921
SİVAS;SUŞEHRİ;GÖLLÜKÖY;GÖLLÜKÖY SOKAK;sokak;886920
SİVAS;SUŞEHRİ;GÖLLÜKÖY;GÖLLÜKÖY YENİ YOL 1 SOKAK;sokak;399993210
SİVAS;SUŞEHRİ;GÖLLÜKÖY;GÖLLÜKÖY YENİ YOL 2 SOKAK;sokak;366489470
SİVAS;SUŞEHRİ;GÖLLÜKÖY;GÖLLÜKÖY YENİ YOL 3 SOKAK;sokak;334624170
SİVAS;SUŞEHRİ;GÖLLÜKÖY;GÖLLÜKÖY YENİ YOL 4 SOKAK;sokak;272703620
SİVAS;SUŞEHRİ;GÖLLÜKÖY;GÖLLÜKÖY YENİ YOL 5 SOKAK;sokak;600964190
SİVAS;SUŞEHRİ;GÖLLÜKÖY;GÖLLÜKÖY YENİ YOL 6 SOKAK;sokak;247301370
SİVAS;SUŞEHRİ;GÖLLÜKÖY;GÖLLÜKÖY YENİ YOL 7 SOKAK;sokak;987898600
SİVAS;SUŞEHRİ;GÖLLÜKÖY;GÖLLÜKÖY YENİ YOL 8 SOKAK;sokak;872698410
SİVAS;SUŞEHRİ;GÖLLÜKÖY;ÖZ SOKAK;sokak;886924
SİVAS;SUŞEHRİ;GÖLLÜKÖY;YAZICIOĞLU SOKAK;sokak;886918
SİVAS;SUŞEHRİ;GÖLLÜKÖY;YONCA SOKAK;sokak;886926
SİVAS;SUŞEHRİ;GÖNÜLOĞLU;1. ÇAMLIGÖZE SOKAK;sokak;886665
SİVAS;SUŞEHRİ;GÖNÜLOĞLU;15 TEMMUZ DEMOKRASİ ŞEHİTLERİ SOKAK;sokak;330295
SİVAS;SUŞEHRİ;GÖNÜLOĞLU;2. ÇAMLIGÖZE SOKAK;sokak;886671
SİVAS;SUŞEHRİ;GÖNÜLOĞLU;3. ÇAMLIGÖZE SOKAK;sokak;886676
SİVAS;SUŞEHRİ;GÖNÜLOĞLU;5858 SOKAK;sokak;556910
SİVAS;SUŞEHRİ;GÖNÜLOĞLU;ARAS SOKAK;sokak;886603
SİVAS;SUŞEHRİ;GÖNÜLOĞLU;ATATÜRK SOKAK;sokak;330293
SİVAS;SUŞEHRİ;GÖNÜLOĞLU;BİRİNCİ CADDE;cadde;886679
SİVAS;SUŞEHRİ;GÖNÜLOĞLU;CENGİZ TOPEL SOKAK;sokak;459618
SİVAS;SUŞEHRİ;GÖNÜLOĞLU;ÇANAKKALE SOKAK;sokak;886971
SİVAS;SUŞEHRİ;GÖNÜLOĞLU;ÇEÇENİSTAN SOKAK;sokak;69805
SİVAS;SUŞEHRİ;GÖNÜLOĞLU;DADALOĞLU SOKAK;sokak;886997
SİVAS;SUŞEHRİ;GÖNÜLOĞLU;ERCİYES DAĞI SOKAK;sokak;557333
SİVAS;SUŞEHRİ;GÖNÜLOĞLU;FEVZİ ÇAKMAK CADDE;cadde;330294
SİVAS;SUŞEHRİ;GÖNÜLOĞLU;GELİBOLU SOKAK;sokak;544245
SİVAS;SUŞEHRİ;GÖNÜLOĞLU;GÖNÜLOĞLU YENİ YOL 1 SOKAK;sokak;320901770
SİVAS;SUŞEHRİ;GÖNÜLOĞLU;GÖNÜLOĞLU YENİ YOL 2 SOKAK;sokak;408554700
SİVAS;SUŞEHRİ;GÖNÜLOĞLU;GÖNÜLOĞLU YENİ YOL 3 SOKAK;sokak;812793410
SİVAS;SUŞEHRİ;GÖNÜLOĞLU;GÖNÜLOĞLU YENİ YOL 4 SOKAK;sokak;962823480
SİVAS;SUŞEHRİ;GÖNÜLOĞLU;H.AHMET YESEVİ SOKAK;sokak;557912
SİVAS;SUŞEHRİ;GÖNÜLOĞLU;HARZEMŞAH SOKAK;sokak;887006
SİVAS;SUŞEHRİ;GÖNÜLOĞLU;İNCESU SOKAK;sokak;886972
SİVAS;SUŞEHRİ;GÖNÜLOĞLU;İNÖNÜ SOKAK;sokak;330298
SİVAS;SUŞEHRİ;GÖNÜLOĞLU;KAZIM KARABEKİR CADDE;cadde;330296
SİVAS;SUŞEHRİ;GÖNÜLOĞLU;KIRGIZİSTAN SOKAK;sokak;562589
SİVAS;SUŞEHRİ;GÖNÜLOĞLU;KIRIM SOKAK;sokak;886698
SİVAS;SUŞEHRİ;GÖNÜLOĞLU;KIZILDAĞ SOKAK;sokak;828329
SİVAS;SUŞEHRİ;GÖNÜLOĞLU;MALAZGİRT SOKAK;sokak;550420
SİVAS;SUŞEHRİ;GÖNÜLOĞLU;MALKOÇOĞLU SOKAK;sokak;887005
SİVAS;SUŞEHRİ;GÖNÜLOĞLU;ORDU CADDE;cadde;420545930
SİVAS;SUŞEHRİ;GÖNÜLOĞLU;OSMAN BEY SOKAK;sokak;886973
SİVAS;SUŞEHRİ;GÖNÜLOĞLU;OSMANCIK SOKAK;sokak;886969
SİVAS;SUŞEHRİ;GÖNÜLOĞLU;ÖMER EFENDİ SOKAK;sokak;330297
SİVAS;SUŞEHRİ;GÖNÜLOĞLU;ÖMER SEYFETTİN SOKAK;sokak;557482
SİVAS;SUŞEHRİ;GÖNÜLOĞLU;ÖTÜKEN SOKAK;sokak;560948
SİVAS;SUŞEHRİ;GÖNÜLOĞLU;PİRİ REİS SOKAK;sokak;886996
SİVAS;SUŞEHRİ;GÖNÜLOĞLU;SAKARYA SOKAK;sokak;562302
SİVAS;SUŞEHRİ;GÖNÜLOĞLU;SARAYBOSNA SOKAK;sokak;554086
SİVAS;SUŞEHRİ;GÖNÜLOĞLU;SİVAS CADDE;cadde;366896
SİVAS;SUŞEHRİ;GÖNÜLOĞLU;SU SOKAK;sokak;34948
SİVAS;SUŞEHRİ;GÖNÜLOĞLU;ŞEHİT POLİS ADEM BAŞAR CADDE;cadde;563971
SİVAS;SUŞEHRİ;GÖNÜLOĞLU;ŞEHİT POLİS İRFAN TURAN SOKAK;sokak;553518
SİVAS;SUŞEHRİ;GÖNÜLOĞLU;TÜRKİSTAN SOKAK;sokak;886988
SİVAS;SUŞEHRİ;GÖNÜLOĞLU;YURT SOKAK;sokak;562316
SİVAS;SUŞEHRİ;GÖZKÖY NA;GÖZKÖY KÜME EVLER;sokak;530932
SİVAS;SUŞEHRİ;GÜDELİ NA;KONUT KÜME EVLER;sokak;352484
SİVAS;SUŞEHRİ;GÜMÜŞTAŞ NA;GÜMÜŞTAŞ KÜME EVLER;sokak;504955
SİVAS;SUŞEHRİ;GÜNEYLİ NA;GÜNEYLİ KÜME EVLER;sokak;502252
SİVAS;SUŞEHRİ;GÜNGÖREN NA;GÜNGÖREN KÜME EVLER;sokak;307608
SİVAS;SUŞEHRİ;GÜNLÜCE NA;GÜNLÜCE KÜME EVLER;sokak;537401
SİVAS;SUŞEHRİ;HÖDÜCEK - BAĞLAR;BAĞLAR KÜME EVLER;sokak;525735
SİVAS;SUŞEHRİ;HÖDÜCEK NA;HÖDÜCEK KÜME EVLER;sokak;523518
SİVAS;SUŞEHRİ;KALEKÖY - ÇAVUŞLU;ÇAVUŞLU KÜME EVLER;sokak;563469
SİVAS;SUŞEHRİ;KALEKÖY - GÖYNÜK;GÖYNÜK KÜME EVLER;sokak;79388
SİVAS;SUŞEHRİ;KALEKÖY - İSAKLI;İSAKLI KÜME EVLER;sokak;71068
SİVAS;SUŞEHRİ;KALEKÖY - MENEKŞELİ;MENEKŞELİ KÜME EVLER;sokak;309047
SİVAS;SUŞEHRİ;KALEKÖY NA;KALE KÜME EVLER;sokak;372123
SİVAS;SUŞEHRİ;KARAAĞAÇ - TEPE;TEPE KÜME EVLER;sokak;357207
SİVAS;SUŞEHRİ;KARAAĞAÇ NA;KARAAĞAÇ KÜME EVLER;sokak;508633
SİVAS;SUŞEHRİ;KARACAÖREN - KARATAŞ;KARATAŞ KÜME EVLER;sokak;525520
SİVAS;SUŞEHRİ;KARACAÖREN NA;BİNA KÜME EVLER;sokak;521409
SİVAS;SUŞEHRİ;KARALAR - AYDINLAR;AYDINLAR KÜME EVLER;sokak;521055
SİVAS;SUŞEHRİ;KARALAR - ÇAMLICA;ÇAMLICA KÜME EVLER;sokak;517950
SİVAS;SUŞEHRİ;KARALAR - ÇORAKLIK;ÇORAKLIK KÜME EVLER;sokak;513946
SİVAS;SUŞEHRİ;KARALAR - DİKİLİTAŞ;DİKİLİTAŞ KÜME EVLER;sokak;521436
SİVAS;SUŞEHRİ;KARALAR - KONAK;KONAK KÜME EVLER;sokak;517976
SİVAS;SUŞEHRİ;KARALAR NA;KARALAR KÜME EVLER;sokak;521606
SİVAS;SUŞEHRİ;KARŞIYAKA;3. SELİM SOKAK;sokak;888048
SİVAS;SUŞEHRİ;KARŞIYAKA;4. MURAT SOKAK;sokak;888053
SİVAS;SUŞEHRİ;KARŞIYAKA;ABDULMECİD- SOKAK;sokak;888051
SİVAS;SUŞEHRİ;KARŞIYAKA;ABDÜLHAMİT SOKAK;sokak;888049
SİVAS;SUŞEHRİ;KARŞIYAKA;ALAYBEY SOKAK;sokak;888077
SİVAS;SUŞEHRİ;KARŞIYAKA;ALİ KUŞÇU SOKAK;sokak;888057
SİVAS;SUŞEHRİ;KARŞIYAKA;ALPARSLAN SOKAK;sokak;330299
SİVAS;SUŞEHRİ;KARŞIYAKA;BARBAROS SOKAK;sokak;471463
SİVAS;SUŞEHRİ;KARŞIYAKA;BAŞKIŞLA KÜME EVLER;sokak;833396891
SİVAS;SUŞEHRİ;KARŞIYAKA;CENGİZ HAN SOKAK;sokak;888067
SİVAS;SUŞEHRİ;KARŞIYAKA;ENVER PAŞA- SOKAK;sokak;888076
SİVAS;SUŞEHRİ;KARŞIYAKA;FATİH SOKAK;sokak;459620
SİVAS;SUŞEHRİ;KARŞIYAKA;GAZİ HAN SOKAK;sokak;888081
SİVAS;SUŞEHRİ;KARŞIYAKA;GAZİ OSMAN PAŞA CADDE;cadde;330300
SİVAS;SUŞEHRİ;KARŞIYAKA;GAZİ POLİS ADEM ŞİMŞEK SOKAK;sokak;531704
SİVAS;SUŞEHRİ;KARŞIYAKA;GENÇ OSMAN SOKAK;sokak;888054
SİVAS;SUŞEHRİ;KARŞIYAKA;HEZARFEN AHMET ÇELEBİ SOKAK;sokak;888056
SİVAS;SUŞEHRİ;KARŞIYAKA;KANUNİ SOKAK;sokak;330301
SİVAS;SUŞEHRİ;KARŞIYAKA;KARA MURAT SOKAK;sokak;888069
SİVAS;SUŞEHRİ;KARŞIYAKA;KARŞIBAĞLAR SOKAK;sokak;888123
SİVAS;SUŞEHRİ;KARŞIYAKA;KARŞIYAKA YENİ YOL 1 SOKAK;sokak;353367000
SİVAS;SUŞEHRİ;KARŞIYAKA;KARŞIYAKA YENİ YOL 2 SOKAK;sokak;970268500
SİVAS;SUŞEHRİ;KARŞIYAKA;KARŞIYAKA YENİ YOL 3 SOKAK;sokak;244312310
SİVAS;SUŞEHRİ;KARŞIYAKA;KARŞIYAKA YENİYOL5 SOKAK;sokak;521234030
SİVAS;SUŞEHRİ;KARŞIYAKA;OĞUZHAN SOKAK;sokak;888059
SİVAS;SUŞEHRİ;KARŞIYAKA;SELAHADDİN EYYUBİ SOKAK;sokak;888068
SİVAS;SUŞEHRİ;KARŞIYAKA;SULTAN MURAT SOKAK;sokak;459621
SİVAS;SUŞEHRİ;KARŞIYAKA;SULTAN REŞAT SOKAK;sokak;888461
SİVAS;SUŞEHRİ;KARŞIYAKA;SÜLEYMAN HAN- SOKAK;sokak;888075
SİVAS;SUŞEHRİ;KARŞIYAKA;TİRYAKİ HASAN PAŞA SOKAK;sokak;540411
SİVAS;SUŞEHRİ;KARŞIYAKA;VAHDETTİN SOKAK;sokak;888050
SİVAS;SUŞEHRİ;KARŞIYAKA;YAVUZ SULTAN SELİM SOKAK;sokak;330302
SİVAS;SUŞEHRİ;KARŞIYAKA;YILDIRIM BEYAZIT CADDE;cadde;366897
SİVAS;SUŞEHRİ;KAVŞIT NA;KAVŞUT KÜME EVLER;sokak;519652
SİVAS;SUŞEHRİ;KAYADELEN NA;KAYADELEN KÜME EVLER;sokak;520896
SİVAS;SUŞEHRİ;KEKEÇ - ABDİLER;ABDİLER KÜME EVLER;sokak;510287
SİVAS;SUŞEHRİ;KEKEÇ - HAMAM;HAMAM KÜME EVLER;sokak;519318
SİVAS;SUŞEHRİ;KEKEÇ NA;KEKEÇ KÜME EVLER;sokak;510079
SİVAS;SUŞEHRİ;KEMALLİ NA;KEMALLI KÜME EVLER;sokak;525157
SİVAS;SUŞEHRİ;KEMALPAŞA;1. LİMON SOKAK;sokak;888451
SİVAS;SUŞEHRİ;KEMALPAŞA;2. LİMON SOKAK;sokak;888452
SİVAS;SUŞEHRİ;KEMALPAŞA;3. LİMON SOKAK;sokak;888454
SİVAS;SUŞEHRİ;KEMALPAŞA;7.SANAYİ SOKAK;sokak;202756810
SİVAS;SUŞEHRİ;KEMALPAŞA;AÇELYA SOKAK;sokak;886879
SİVAS;SUŞEHRİ;KEMALPAŞA;ADNAN MENDERES SOKAK;sokak;330303
SİVAS;SUŞEHRİ;KEMALPAŞA;AKASYA SOKAK;sokak;330304
SİVAS;SUŞEHRİ;KEMALPAŞA;AKŞEMSETTİN SOKAK;sokak;446591
SİVAS;SUŞEHRİ;KEMALPAŞA;ALGÜL SOKAK;sokak;886886
SİVAS;SUŞEHRİ;KEMALPAŞA;ARDIÇ SOKAK;sokak;886862
SİVAS;SUŞEHRİ;KEMALPAŞA;ARİF NİHAT ASYA SOKAK;sokak;325298
SİVAS;SUŞEHRİ;KEMALPAŞA;ATATÜRK ÇİÇEĞİ SOKAK;sokak;886819
SİVAS;SUŞEHRİ;KEMALPAŞA;AVCULU YOLU CADDE;cadde;886887
SİVAS;SUŞEHRİ;KEMALPAŞA;AZERBAYCAN SOKAK;sokak;459622
SİVAS;SUŞEHRİ;KEMALPAŞA;BATTALGAZİ SOKAK;sokak;309036
SİVAS;SUŞEHRİ;KEMALPAŞA;BİLGE KAĞAN SOKAK;sokak;581080
SİVAS;SUŞEHRİ;KEMALPAŞA;ÇAM SOKAK;sokak;327895
SİVAS;SUŞEHRİ;KEMALPAŞA;ÇAVUŞBAŞI SOKAK;sokak;896925
SİVAS;SUŞEHRİ;KEMALPAŞA;ÇINAR SOKAK;sokak;327896
SİVAS;SUŞEHRİ;KEMALPAŞA;ÇİĞDEM SOKAK;sokak;327897
SİVAS;SUŞEHRİ;KEMALPAŞA;DEFNE SOKAK;sokak;886843
SİVAS;SUŞEHRİ;KEMALPAŞA;EKREM ERDEM BULVAR;sokak;886866
SİVAS;SUŞEHRİ;KEMALPAŞA;ELMA ÇİÇEĞİ SOKAK;sokak;886857
SİVAS;SUŞEHRİ;KEMALPAŞA;ERGENEKON SOKAK;sokak;330305
SİVAS;SUŞEHRİ;KEMALPAŞA;ERZİNCAN CADDE;cadde;366898
SİVAS;SUŞEHRİ;KEMALPAŞA;FARABİ SOKAK;sokak;114712
SİVAS;SUŞEHRİ;KEMALPAŞA;FESLEĞEN SOKAK;sokak;886874
SİVAS;SUŞEHRİ;KEMALPAŞA;FUZULİ SOKAK;sokak;91575
SİVAS;SUŞEHRİ;KEMALPAŞA;GAZİ ABDULKERİM KIRCA SOKAK;sokak;549904
SİVAS;SUŞEHRİ;KEMALPAŞA;GELİNCİK SOKAK;sokak;886883
SİVAS;SUŞEHRİ;KEMALPAŞA;GONCA SOKAK;sokak;327880
SİVAS;SUŞEHRİ;KEMALPAŞA;GONCAGÜL SOKAK;sokak;896179
SİVAS;SUŞEHRİ;KEMALPAŞA;GÜL SOKAK;sokak;327881
SİVAS;SUŞEHRİ;KEMALPAŞA;GÜLİSTAN SOKAK;sokak;888446
SİVAS;SUŞEHRİ;KEMALPAŞA;GÜNEBAKAN SOKAK;sokak;886885
SİVAS;SUŞEHRİ;KEMALPAŞA;IHLAMUR SOKAK;sokak;327882
SİVAS;SUŞEHRİ;KEMALPAŞA;İĞDE SOKAK;sokak;886898
SİVAS;SUŞEHRİ;KEMALPAŞA;KAMELYA SOKAK;sokak;886867
SİVAS;SUŞEHRİ;KEMALPAŞA;KARANFİL SOKAK;sokak;327883
SİVAS;SUŞEHRİ;KEMALPAŞA;KARÇİÇEĞİ SOKAK;sokak;888445
SİVAS;SUŞEHRİ;KEMALPAŞA;KARDELEN SOKAK;sokak;91601
SİVAS;SUŞEHRİ;KEMALPAŞA;KAYALAR SOKAK;sokak;122850
SİVAS;SUŞEHRİ;KEMALPAŞA;KEDERE SOKAK;sokak;886851
SİVAS;SUŞEHRİ;KEMALPAŞA;KEMALPAŞA YENİ YOL 1 SOKAK;sokak;797712910
SİVAS;SUŞEHRİ;KEMALPAŞA;KEMALPAŞA YENİ YOL 2 SOKAK;sokak;410847400
SİVAS;SUŞEHRİ;KEMALPAŞA;KEMALPAŞA YENİ YOL 3 SOKAK;sokak;825120050
SİVAS;SUŞEHRİ;KEMALPAŞA;KEMALPAŞA YENİ YOL 4 SOKAK;sokak;333967970
SİVAS;SUŞEHRİ;KEMALPAŞA;KEMALPAŞA YENİ YOL 5 SOKAK;sokak;979020270
SİVAS;SUŞEHRİ;KEMALPAŞA;KEMALPAŞA YENİ YOL 6 SOKAK;sokak;976515740
SİVAS;SUŞEHRİ;KEMALPAŞA;KIRÇİÇEĞİ SOKAK;sokak;886856
SİVAS;SUŞEHRİ;KEMALPAŞA;KIZILCIK SOKAK;sokak;888460
SİVAS;SUŞEHRİ;KEMALPAŞA;KİRAZ SOKAK;sokak;327884
SİVAS;SUŞEHRİ;KEMALPAŞA;KÖPRÜBAŞI SOKAK;sokak;543849
SİVAS;SUŞEHRİ;KEMALPAŞA;KUŞBURNU SOKAK;sokak;888448
SİVAS;SUŞEHRİ;KEMALPAŞA;LADİN SOKAK;sokak;886827
SİVAS;SUŞEHRİ;KEMALPAŞA;LALE SOKAK;sokak;327885
SİVAS;SUŞEHRİ;KEMALPAŞA;LEYLAK SOKAK;sokak;886884
SİVAS;SUŞEHRİ;KEMALPAŞA;MANOLYA SOKAK;sokak;327886
SİVAS;SUŞEHRİ;KEMALPAŞA;MELİH GAZİ SOKAK;sokak;299777
SİVAS;SUŞEHRİ;KEMALPAŞA;MELİH ŞAH SOKAK;sokak;577688
SİVAS;SUŞEHRİ;KEMALPAŞA;MENEKŞE SOKAK;sokak;327887
SİVAS;SUŞEHRİ;KEMALPAŞA;MERCAN SOKAK;sokak;579132
SİVAS;SUŞEHRİ;KEMALPAŞA;MOLLA GÜRANİ SOKAK;sokak;546880
SİVAS;SUŞEHRİ;KEMALPAŞA;MORGÜL SOKAK;sokak;888450
SİVAS;SUŞEHRİ;KEMALPAŞA;NANE SOKAK;sokak;327888
SİVAS;SUŞEHRİ;KEMALPAŞA;NAR ÇİÇEĞİ SOKAK;sokak;886860
SİVAS;SUŞEHRİ;KEMALPAŞA;NENE HATUN SOKAK;sokak;545015
SİVAS;SUŞEHRİ;KEMALPAŞA;NERGİZ SOKAK;sokak;886878
SİVAS;SUŞEHRİ;KEMALPAŞA;NEVRUZ SOKAK;sokak;327889
SİVAS;SUŞEHRİ;KEMALPAŞA;NİLÜFER- SOKAK;sokak;896936
SİVAS;SUŞEHRİ;KEMALPAŞA;ORDU CADDE;cadde;327890
SİVAS;SUŞEHRİ;KEMALPAŞA;ORHAN GAZİ SOKAK;sokak;263468
SİVAS;SUŞEHRİ;KEMALPAŞA;ORKİDE SOKAK;sokak;886889
SİVAS;SUŞEHRİ;KEMALPAŞA;ORTANCA SOKAK;sokak;886858
SİVAS;SUŞEHRİ;KEMALPAŞA;PALMİYE SOKAK;sokak;886888
SİVAS;SUŞEHRİ;KEMALPAŞA;PAPATYA SOKAK;sokak;327891
SİVAS;SUŞEHRİ;KEMALPAŞA;PORTAKAL ÇİÇEĞİ SOKAK;sokak;886963
SİVAS;SUŞEHRİ;KEMALPAŞA;SARAY SOKAK;sokak;886881
SİVAS;SUŞEHRİ;KEMALPAŞA;SARMAŞIK SOKAK;sokak;886838
SİVAS;SUŞEHRİ;KEMALPAŞA;SELANİK- SOKAK;sokak;886882
SİVAS;SUŞEHRİ;KEMALPAŞA;SÜMBÜL SOKAK;sokak;327892
SİVAS;SUŞEHRİ;KEMALPAŞA;SÜMBÜL.1 SOKAK;sokak;979648780
SİVAS;SUŞEHRİ;KEMALPAŞA;ŞAİR BAKİ SOKAK;sokak;593831
SİVAS;SUŞEHRİ;KEMALPAŞA;ŞEHİT POLİS KAYA DEMİRELLİ SOKAK;sokak;542806
SİVAS;SUŞEHRİ;KEMALPAŞA;ŞEYH EDEBALİ SOKAK;sokak;595888
SİVAS;SUŞEHRİ;KEMALPAŞA;TARIM SOKAK;sokak;886875
SİVAS;SUŞEHRİ;KEMALPAŞA;TOKAT-ERZİNCAN CADDE;cadde;886853
SİVAS;SUŞEHRİ;KEMALPAŞA;VİŞNE SOKAK;sokak;886847
SİVAS;SUŞEHRİ;KEMALPAŞA;YAKUP KADRİ KARAOSMANOĞLU SOKAK;sokak;160272
SİVAS;SUŞEHRİ;KEMALPAŞA;YASEMİN SOKAK;sokak;327893
SİVAS;SUŞEHRİ;KEMALPAŞA;YILDIZ ÇİÇEĞİ SOKAK;sokak;886861
SİVAS;SUŞEHRİ;KEMALPAŞA;ZAKKUM 1 SOKAK;sokak;886859
SİVAS;SUŞEHRİ;KEMALPAŞA;ZAKKUM 2 SOKAK;sokak;886869
SİVAS;SUŞEHRİ;KEMALPAŞA;ZAKKUM 3 SOKAK;sokak;886871
SİVAS;SUŞEHRİ;KEMALPAŞA;ZAKKUM 4 SOKAK;sokak;886872
SİVAS;SUŞEHRİ;KEMALPAŞA;ZAKKUM 5 SOKAK;sokak;886873
SİVAS;SUŞEHRİ;KEMALPAŞA;ZAMBAK SOKAK;sokak;327894
SİVAS;SUŞEHRİ;KEMALPAŞA;ZİRAAT SOKAK;sokak;886876
SİVAS;SUŞEHRİ;KESİKKAŞ - BÜYÜKAĞIL;87 KÜME EVLER;sokak;1447319
SİVAS;SUŞEHRİ;KESİKKAŞ NA;BİNA KÜME EVLER;sokak;514950
SİVAS;SUŞEHRİ;KIŞLALAR;AŞAĞI KIŞLA KÜME EVLER;sokak;327898
SİVAS;SUŞEHRİ;KIŞLALAR;BAŞKIŞLA KÜME EVLER;sokak;327899
SİVAS;SUŞEHRİ;KIŞLALAR;SOYMAOĞLU KÜME EVLER;sokak;327900
SİVAS;SUŞEHRİ;KIZILTAŞ - BİLEĞLİ;BİLEĞLİ KÜME EVLER;sokak;439458
SİVAS;SUŞEHRİ;KIZILTAŞ NA;KIZILTAŞ KÜME EVLER;sokak;514285
SİVAS;SUŞEHRİ;KİZİRYURDU - BUĞDAYLIK;BUĞDAYLIK KÜME EVLER;sokak;527672
SİVAS;SUŞEHRİ;KİZİRYURDU NA;KİZİRYURDU KÜME EVLER;sokak;297110
SİVAS;SUŞEHRİ;KOZÇUKUR - SÜLÜKLÜ;SÜLÜKLÜ KÜME EVLER;sokak;515968
SİVAS;SUŞEHRİ;KOZÇUKUR NA;KOZÇUKUR KÜME EVLER;sokak;517388
SİVAS;SUŞEHRİ;KURUGÖL NA;KURUGÖL KÜME EVLER;sokak;521810
SİVAS;SUŞEHRİ;KUZDERE NA;KUZDERE KÜME EVLER;sokak;549887
SİVAS;SUŞEHRİ;KÜÇÜKGÜZEL NA;KÜÇÜKGÜZEL KÜME EVLER;sokak;537271
SİVAS;SUŞEHRİ;OLUCAK NA;OLUCAK KÜME EVLER;sokak;502251
SİVAS;SUŞEHRİ;ÖKSÜLÜ;1. BİLGE SOKAK;sokak;887354
SİVAS;SUŞEHRİ;ÖKSÜLÜ;1. BOZTEPE SOKAK;sokak;887346
SİVAS;SUŞEHRİ;ÖKSÜLÜ;1. BULUT SOKAK;sokak;887359
SİVAS;SUŞEHRİ;ÖKSÜLÜ;1. ÖNDER SOKAK;sokak;887384
SİVAS;SUŞEHRİ;ÖKSÜLÜ;2. BİLGE SOKAK;sokak;887355
SİVAS;SUŞEHRİ;ÖKSÜLÜ;2. BOZTEPE SOKAK;sokak;887347
SİVAS;SUŞEHRİ;ÖKSÜLÜ;2. BULUT SOKAK;sokak;887360
SİVAS;SUŞEHRİ;ÖKSÜLÜ;2. ÖNDER SOKAK;sokak;887385
SİVAS;SUŞEHRİ;ÖKSÜLÜ;3. BİLGE SOKAK;sokak;887356
SİVAS;SUŞEHRİ;ÖKSÜLÜ;3. BOZTEPE SOKAK;sokak;887348
SİVAS;SUŞEHRİ;ÖKSÜLÜ;3. BULUT SOKAK;sokak;887361
SİVAS;SUŞEHRİ;ÖKSÜLÜ;3. ÖNDER SOKAK;sokak;887388
SİVAS;SUŞEHRİ;ÖKSÜLÜ;4. BİLGE SOKAK;sokak;887357
SİVAS;SUŞEHRİ;ÖKSÜLÜ;4. BOZTEPE CADDE;cadde;887349
SİVAS;SUŞEHRİ;ÖKSÜLÜ;4. BULUT SOKAK;sokak;887363
SİVAS;SUŞEHRİ;ÖKSÜLÜ;4. ÖNDER SOKAK;sokak;887391
SİVAS;SUŞEHRİ;ÖKSÜLÜ;5. BİLGE SOKAK;sokak;887358
SİVAS;SUŞEHRİ;ÖKSÜLÜ;5. BULUT SOKAK;sokak;887364
SİVAS;SUŞEHRİ;ÖKSÜLÜ;5. ÖNDER SOKAK;sokak;887395
SİVAS;SUŞEHRİ;ÖKSÜLÜ;6. BİLGE SOKAK;sokak;897076
SİVAS;SUŞEHRİ;ÖKSÜLÜ;7. BİLGE SOKAK;sokak;898381
SİVAS;SUŞEHRİ;ÖKSÜLÜ;BAHAR SOKAK;sokak;887353
SİVAS;SUŞEHRİ;ÖKSÜLÜ;BİLİM SOKAK;sokak;887341
SİVAS;SUŞEHRİ;ÖKSÜLÜ;BULUŞ SOKAK;sokak;887416
SİVAS;SUŞEHRİ;ÖKSÜLÜ;BURÇ SOKAK;sokak;887403
SİVAS;SUŞEHRİ;ÖKSÜLÜ;COŞAR SOKAK;sokak;887409
SİVAS;SUŞEHRİ;ÖKSÜLÜ;ÇİFTÇİ SOKAK;sokak;887399
SİVAS;SUŞEHRİ;ÖKSÜLÜ;EKREM ERDEM BULVAR;sokak;896766
SİVAS;SUŞEHRİ;ÖKSÜLÜ;ENGİN SOKAK;sokak;887340
SİVAS;SUŞEHRİ;ÖKSÜLÜ;KEÇELİ SOKAK;sokak;887342
SİVAS;SUŞEHRİ;ÖKSÜLÜ;KOÇER SOKAK;sokak;887427
SİVAS;SUŞEHRİ;ÖKSÜLÜ;OKUL SOKAK;sokak;887413
SİVAS;SUŞEHRİ;ÖKSÜLÜ;ÖKSÜLÜ CADDE;cadde;887338
SİVAS;SUŞEHRİ;ÖKSÜLÜ;ÖKSÜLÜ YENİ YOL 1 SOKAK;sokak;313080260
SİVAS;SUŞEHRİ;ÖKSÜLÜ;ÖMÜR SOKAK;sokak;887382
SİVAS;SUŞEHRİ;ÖKSÜLÜ;ÖZBEK SOKAK;sokak;887426
SİVAS;SUŞEHRİ;ÖKSÜLÜ;ÖZGÜR SOKAK;sokak;887420
SİVAS;SUŞEHRİ;ÖKSÜLÜ;PAK SOKAK;sokak;887339
SİVAS;SUŞEHRİ;ÖKSÜLÜ;POLAT SOKAK;sokak;887424
SİVAS;SUŞEHRİ;ÖKSÜLÜ;TİMUR KARABAL SOKAK;sokak;525913
SİVAS;SUŞEHRİ;ÖKSÜLÜ;TOKİ CADDE;cadde;111087921
SİVAS;SUŞEHRİ;ÖKSÜLÜ;TUNÇ SOKAK;sokak;887428
SİVAS;SUŞEHRİ;ÖKSÜLÜ;ÜNİVERSİTE CADDE;cadde;887337
SİVAS;SUŞEHRİ;ÖKSÜLÜ;YEĞİN SOKAK;sokak;887429
SİVAS;SUŞEHRİ;ÖKSÜLÜ;ZENGİN SOKAK;sokak;887423
SİVAS;SUŞEHRİ;POLAT NA;POLAT KÜME EVLER;sokak;515921
SİVAS;SUŞEHRİ;SAĞPAZAR NA;SAĞPAZAR KÜME EVLER;sokak;506289
SİVAS;SUŞEHRİ;SARAYCIK NA;SARAYCIK KÜME EVLER;sokak;507815
SİVAS;SUŞEHRİ;SOLAK - YENİKÖY;YENİKÖY KÜME EVLER;sokak;512597
SİVAS;SUŞEHRİ;SOLAK NA;SOLAK KÜME EVLER;sokak;520147
SİVAS;SUŞEHRİ;SÖKÜN - BAĞDERESİ;BAĞDERESİ KÜME EVLER;sokak;453617
SİVAS;SUŞEHRİ;SÖKÜN - KARGIN;KARGIN KÜME EVLER;sokak;308898
SİVAS;SUŞEHRİ;SÖKÜN - MOLLA OSMAN;MOLLA OSMAN KÜME EVLER;sokak;35421
SİVAS;SUŞEHRİ;SÖKÜN NA;SÖKÜN KÜME EVLER;sokak;543796
SİVAS;SUŞEHRİ;ŞARKÖY NA;ŞARKÖY KÜME EVLER;sokak;517443
SİVAS;SUŞEHRİ;TAKLAK - AĞIL;AĞIL KÜME EVLER;sokak;530175
SİVAS;SUŞEHRİ;TAKLAK - ESKİKÖY;ESKİKÖY KÜME EVLER;sokak;541644
SİVAS;SUŞEHRİ;TAKLAK - PEÇENE;PEÇENE KÜME EVLER;sokak;530819
SİVAS;SUŞEHRİ;TAKLAK NA;TAKLAK KÜME EVLER;sokak;531239
SİVAS;SUŞEHRİ;TAŞBAYIR NA;TAŞBAYIR KÜME EVLER;sokak;557420
SİVAS;SUŞEHRİ;TAŞKÖPRÜ;1. BAŞKAYA SOKAK;sokak;890644
SİVAS;SUŞEHRİ;TAŞKÖPRÜ;1. DİKMEN SOKAK;sokak;890770
SİVAS;SUŞEHRİ;TAŞKÖPRÜ;1. EMİRGAN SOKAK;sokak;890755
SİVAS;SUŞEHRİ;TAŞKÖPRÜ;1. ERİŞİM SOKAK;sokak;890746
SİVAS;SUŞEHRİ;TAŞKÖPRÜ;1. EVİM SOKAK;sokak;890751
SİVAS;SUŞEHRİ;TAŞKÖPRÜ;1. FİKİR SOKAK;sokak;890705
SİVAS;SUŞEHRİ;TAŞKÖPRÜ;1. FİKİRTEPE SOKAK;sokak;890726
SİVAS;SUŞEHRİ;TAŞKÖPRÜ;1. GÖKÇE SOKAK;sokak;890665
SİVAS;SUŞEHRİ;TAŞKÖPRÜ;1. GÖKKUŞAGI SOKAK;sokak;890666
SİVAS;SUŞEHRİ;TAŞKÖPRÜ;1. GÜNDÜZ SOKAK;sokak;890667
SİVAS;SUŞEHRİ;TAŞKÖPRÜ;1. GÜNEŞ SOKAK;sokak;890719
SİVAS;SUŞEHRİ;TAŞKÖPRÜ;1. HATIRA SOKAK;sokak;890683
SİVAS;SUŞEHRİ;TAŞKÖPRÜ;1. HAYRİ EFENDİ SOKAK;sokak;674908
SİVAS;SUŞEHRİ;TAŞKÖPRÜ;1. KAPTAN SOKAK;sokak;890718
SİVAS;SUŞEHRİ;TAŞKÖPRÜ;1. KARTALTEPE SOKAK;sokak;890738
SİVAS;SUŞEHRİ;TAŞKÖPRÜ;1. KEVSER SOKAK;sokak;890782
SİVAS;SUŞEHRİ;TAŞKÖPRÜ;1. MARTI SOKAK;sokak;890791
SİVAS;SUŞEHRİ;TAŞKÖPRÜ;1. MEHTER SOKAK;sokak;890788
SİVAS;SUŞEHRİ;TAŞKÖPRÜ;1. MEVLANA SOKAK;sokak;163716
SİVAS;SUŞEHRİ;TAŞKÖPRÜ;1. ÖZMEN SOKAK;sokak;890774
SİVAS;SUŞEHRİ;TAŞKÖPRÜ;1. TURAN SOKAK;sokak;890737
SİVAS;SUŞEHRİ;TAŞKÖPRÜ;1. ÜLKÜ SOKAK;sokak;890720
SİVAS;SUŞEHRİ;TAŞKÖPRÜ;2. BAŞKAYA SOKAK;sokak;890645
SİVAS;SUŞEHRİ;TAŞKÖPRÜ;2. DİKMEN SOKAK;sokak;890771
SİVAS;SUŞEHRİ;TAŞKÖPRÜ;2. EMİRGAN SOKAK;sokak;890756
SİVAS;SUŞEHRİ;TAŞKÖPRÜ;2. ERİŞİM SOKAK;sokak;890747
SİVAS;SUŞEHRİ;TAŞKÖPRÜ;2. EVİM SOKAK;sokak;890752
SİVAS;SUŞEHRİ;TAŞKÖPRÜ;2. FİKİR SOKAK;sokak;890731
SİVAS;SUŞEHRİ;TAŞKÖPRÜ;2. FİKİRTEPE SOKAK;sokak;890727
SİVAS;SUŞEHRİ;TAŞKÖPRÜ;2. GÖKÇE SOKAK;sokak;891073
SİVAS;SUŞEHRİ;TAŞKÖPRÜ;2. GÖKKUŞAGI SOKAK;sokak;890701
SİVAS;SUŞEHRİ;TAŞKÖPRÜ;2. GÜNDÜZ SOKAK;sokak;890690
SİVAS;SUŞEHRİ;TAŞKÖPRÜ;2. GÜNEŞ SOKAK;sokak;890686
SİVAS;SUŞEHRİ;TAŞKÖPRÜ;2. HATIRA SOKAK;sokak;890684
SİVAS;SUŞEHRİ;TAŞKÖPRÜ;2. HAYRİ EFENDİ SOKAK;sokak;680095
SİVAS;SUŞEHRİ;TAŞKÖPRÜ;2. İLKER SOKAK;sokak;890735
SİVAS;SUŞEHRİ;TAŞKÖPRÜ;2. KAPTAN SOKAK;sokak;890668
SİVAS;SUŞEHRİ;TAŞKÖPRÜ;2. KARTALTEPE SOKAK;sokak;890739
SİVAS;SUŞEHRİ;TAŞKÖPRÜ;2. KEVSER SOKAK;sokak;890802
SİVAS;SUŞEHRİ;TAŞKÖPRÜ;2. MARTI SOKAK;sokak;890792
SİVAS;SUŞEHRİ;TAŞKÖPRÜ;2. MEHTER SOKAK;sokak;890789
SİVAS;SUŞEHRİ;TAŞKÖPRÜ;2. MEVLANA SOKAK;sokak;432207
SİVAS;SUŞEHRİ;TAŞKÖPRÜ;2. ÖZMEN SOKAK;sokak;890775
SİVAS;SUŞEHRİ;TAŞKÖPRÜ;2. TURAN SOKAK;sokak;890736
SİVAS;SUŞEHRİ;TAŞKÖPRÜ;2. ÜLKÜ SOKAK;sokak;890695
SİVAS;SUŞEHRİ;TAŞKÖPRÜ;2.EMİRGAN- SOKAK;sokak;675557
SİVAS;SUŞEHRİ;TAŞKÖPRÜ;3. BAŞKAYA SOKAK;sokak;890646
SİVAS;SUŞEHRİ;TAŞKÖPRÜ;3. EMİRGAN SOKAK;sokak;890757
SİVAS;SUŞEHRİ;TAŞKÖPRÜ;3. ERİŞİM SOKAK;sokak;890748
SİVAS;SUŞEHRİ;TAŞKÖPRÜ;3. EVİM SOKAK;sokak;890753
SİVAS;SUŞEHRİ;TAŞKÖPRÜ;3. FİKİR SOKAK;sokak;890732
SİVAS;SUŞEHRİ;TAŞKÖPRÜ;3. FİKİRTEPE SOKAK;sokak;890728
SİVAS;SUŞEHRİ;TAŞKÖPRÜ;3. GÖKÇE SOKAK;sokak;890692
SİVAS;SUŞEHRİ;TAŞKÖPRÜ;3. GÜNDÜZ SOKAK;sokak;890682
SİVAS;SUŞEHRİ;TAŞKÖPRÜ;3. GÜNEŞ SOKAK;sokak;890687
SİVAS;SUŞEHRİ;TAŞKÖPRÜ;3. HATIRA SOKAK;sokak;890691
SİVAS;SUŞEHRİ;TAŞKÖPRÜ;3. HAYRİ EFENDİ SOKAK;sokak;891140
SİVAS;SUŞEHRİ;TAŞKÖPRÜ;3. KARTALTEPE SOKAK;sokak;890740
SİVAS;SUŞEHRİ;TAŞKÖPRÜ;3. KEVSER SOKAK;sokak;890803
SİVAS;SUŞEHRİ;TAŞKÖPRÜ;3. MARTI SOKAK;sokak;890793
SİVAS;SUŞEHRİ;TAŞKÖPRÜ;3. MEVLANA SOKAK;sokak;666030
SİVAS;SUŞEHRİ;TAŞKÖPRÜ;3. ÖZMEN SOKAK;sokak;890776
SİVAS;SUŞEHRİ;TAŞKÖPRÜ;3. TURAN SOKAK;sokak;890663
SİVAS;SUŞEHRİ;TAŞKÖPRÜ;3. ÜLKÜ SOKAK;sokak;890696
SİVAS;SUŞEHRİ;TAŞKÖPRÜ;4. EMİRGAN SOKAK;sokak;890758
SİVAS;SUŞEHRİ;TAŞKÖPRÜ;4. ERİŞİM SOKAK;sokak;890750
SİVAS;SUŞEHRİ;TAŞKÖPRÜ;4. EVİM SOKAK;sokak;890754
SİVAS;SUŞEHRİ;TAŞKÖPRÜ;4. FİKİR SOKAK;sokak;890733
SİVAS;SUŞEHRİ;TAŞKÖPRÜ;4. GÖKÇE SOKAK;sokak;890693
SİVAS;SUŞEHRİ;TAŞKÖPRÜ;4. GÜNEŞ SOKAK;sokak;890700
SİVAS;SUŞEHRİ;TAŞKÖPRÜ;4. KARTALTEPE SOKAK;sokak;890741
SİVAS;SUŞEHRİ;TAŞKÖPRÜ;4. MARTI SOKAK;sokak;890794
SİVAS;SUŞEHRİ;TAŞKÖPRÜ;4. MEVLANA SOKAK;sokak;660726
SİVAS;SUŞEHRİ;TAŞKÖPRÜ;4. ÖZMEN SOKAK;sokak;890777
SİVAS;SUŞEHRİ;TAŞKÖPRÜ;4. TURAN SOKAK;sokak;890744
SİVAS;SUŞEHRİ;TAŞKÖPRÜ;4. ÜLKÜ SOKAK;sokak;890688
SİVAS;SUŞEHRİ;TAŞKÖPRÜ;5. GÜNEŞ SOKAK;sokak;890689
SİVAS;SUŞEHRİ;TAŞKÖPRÜ;5. KARTALTEPE SOKAK;sokak;890742
SİVAS;SUŞEHRİ;TAŞKÖPRÜ;5. MEVLANA SOKAK;sokak;662924
SİVAS;SUŞEHRİ;TAŞKÖPRÜ;5. ÖZMEN SOKAK;sokak;890796
SİVAS;SUŞEHRİ;TAŞKÖPRÜ;5. ÜLKÜ SOKAK;sokak;890698
SİVAS;SUŞEHRİ;TAŞKÖPRÜ;6. KARTALTEPE SOKAK;sokak;890743
SİVAS;SUŞEHRİ;TAŞKÖPRÜ;6. MEVLANA SOKAK;sokak;915057
SİVAS;SUŞEHRİ;TAŞKÖPRÜ;6. ÖZMEN SOKAK;sokak;890778
SİVAS;SUŞEHRİ;TAŞKÖPRÜ;6. ÜLKÜ SOKAK;sokak;890699
SİVAS;SUŞEHRİ;TAŞKÖPRÜ;7. ÖZMEN SOKAK;sokak;890779
SİVAS;SUŞEHRİ;TAŞKÖPRÜ;8. ÖZMEN SOKAK;sokak;890780
SİVAS;SUŞEHRİ;TAŞKÖPRÜ;AKÇA SOKAK;sokak;890800
SİVAS;SUŞEHRİ;TAŞKÖPRÜ;AKINCI SOKAK;sokak;890649
SİVAS;SUŞEHRİ;TAŞKÖPRÜ;BAĞLAR SOKAK;sokak;890812
SİVAS;SUŞEHRİ;TAŞKÖPRÜ;BELDE SOKAK;sokak;890648
SİVAS;SUŞEHRİ;TAŞKÖPRÜ;BORA SOKAK;sokak;890706
SİVAS;SUŞEHRİ;TAŞKÖPRÜ;BURSA SOKAK;sokak;890807
SİVAS;SUŞEHRİ;TAŞKÖPRÜ;BUZLUKGEDİĞİ SOKAK;sokak;890672
SİVAS;SUŞEHRİ;TAŞKÖPRÜ;CANİK DAĞI SOKAK;sokak;890827
SİVAS;SUŞEHRİ;TAŞKÖPRÜ;CELAL DOĞRUYOL SOKAK;sokak;667421
SİVAS;SUŞEHRİ;TAŞKÖPRÜ;CONK BAYIRI SOKAK;sokak;890714
SİVAS;SUŞEHRİ;TAŞKÖPRÜ;COŞKUN SOKAK;sokak;890655
SİVAS;SUŞEHRİ;TAŞKÖPRÜ;ÇAĞDAŞ SOKAK;sokak;890781
SİVAS;SUŞEHRİ;TAŞKÖPRÜ;ÇEVRE SOKAK;sokak;890710
SİVAS;SUŞEHRİ;TAŞKÖPRÜ;DAMLA SOKAK;sokak;890798
SİVAS;SUŞEHRİ;TAŞKÖPRÜ;DESTAN SOKAK;sokak;890651
SİVAS;SUŞEHRİ;TAŞKÖPRÜ;DEVA SOKAK;sokak;891129
SİVAS;SUŞEHRİ;TAŞKÖPRÜ;DİLEK SOKAK;sokak;890772
SİVAS;SUŞEHRİ;TAŞKÖPRÜ;DİYAR SOKAK;sokak;890658
SİVAS;SUŞEHRİ;TAŞKÖPRÜ;DOĞA SOKAK;sokak;890708
SİVAS;SUŞEHRİ;TAŞKÖPRÜ;DOĞUŞ SOKAK;sokak;890662
SİVAS;SUŞEHRİ;TAŞKÖPRÜ;DOLUNAY SOKAK;sokak;890713
SİVAS;SUŞEHRİ;TAŞKÖPRÜ;DOST SOKAK;sokak;890760
SİVAS;SUŞEHRİ;TAŞKÖPRÜ;DR. KENAN BEY SOKAK;sokak;656141
SİVAS;SUŞEHRİ;TAŞKÖPRÜ;DUMLUPINAR SOKAK;sokak;890712
SİVAS;SUŞEHRİ;TAŞKÖPRÜ;DURU SOKAK;sokak;890709
SİVAS;SUŞEHRİ;TAŞKÖPRÜ;DUYARLI SOKAK;sokak;890652
SİVAS;SUŞEHRİ;TAŞKÖPRÜ;DUYGU SOKAK;sokak;890790
SİVAS;SUŞEHRİ;TAŞKÖPRÜ;DÜZTEPE SOKAK;sokak;890707
SİVAS;SUŞEHRİ;TAŞKÖPRÜ;EBUBEKİR SOKAK;sokak;668028
SİVAS;SUŞEHRİ;TAŞKÖPRÜ;EKREM ERDEM BULVAR;sokak;1507025
SİVAS;SUŞEHRİ;TAŞKÖPRÜ;ELİF SOKAK;sokak;898356
SİVAS;SUŞEHRİ;TAŞKÖPRÜ;EMİN SOKAK;sokak;890729
SİVAS;SUŞEHRİ;TAŞKÖPRÜ;EMSAL SOKAK;sokak;890773
SİVAS;SUŞEHRİ;TAŞKÖPRÜ;ENSARİ SOKAK;sokak;890656
SİVAS;SUŞEHRİ;TAŞKÖPRÜ;ERDEM SOKAK;sokak;890814
SİVAS;SUŞEHRİ;TAŞKÖPRÜ;ERSOY SOKAK;sokak;890745
SİVAS;SUŞEHRİ;TAŞKÖPRÜ;ERTUĞRUL GAZİ SOKAK;sokak;676539
SİVAS;SUŞEHRİ;TAŞKÖPRÜ;ESENTEPE SOKAK;sokak;890723
SİVAS;SUŞEHRİ;TAŞKÖPRÜ;ESTERGON SOKAK;sokak;890783
SİVAS;SUŞEHRİ;TAŞKÖPRÜ;FEDAKAR SOKAK;sokak;890673
SİVAS;SUŞEHRİ;TAŞKÖPRÜ;FEZA SOKAK;sokak;890724
SİVAS;SUŞEHRİ;TAŞKÖPRÜ;GAZİLER SOKAK;sokak;890722
SİVAS;SUŞEHRİ;TAŞKÖPRÜ;GEÇİT SOKAK;sokak;890725
SİVAS;SUŞEHRİ;TAŞKÖPRÜ;GÖZDAĞI SOKAK;sokak;890660
SİVAS;SUŞEHRİ;TAŞKÖPRÜ;HAYAT SOKAK;sokak;890674
SİVAS;SUŞEHRİ;TAŞKÖPRÜ;HERGÜL SOKAK;sokak;890670
SİVAS;SUŞEHRİ;TAŞKÖPRÜ;HİLAL SOKAK;sokak;890715
SİVAS;SUŞEHRİ;TAŞKÖPRÜ;HÜRRİYET SOKAK;sokak;890671
SİVAS;SUŞEHRİ;TAŞKÖPRÜ;HÜSNÜ DEMİRGÜZ SOKAK;sokak;664734
SİVAS;SUŞEHRİ;TAŞKÖPRÜ;IĞDIR DAĞI SOKAK;sokak;327904
SİVAS;SUŞEHRİ;TAŞKÖPRÜ;İDEAL SOKAK;sokak;890717
SİVAS;SUŞEHRİ;TAŞKÖPRÜ;İKRAM SOKAK;sokak;890675
SİVAS;SUŞEHRİ;TAŞKÖPRÜ;İLKE SOKAK;sokak;890681
SİVAS;SUŞEHRİ;TAŞKÖPRÜ;İMAR SOKAK;sokak;890669
SİVAS;SUŞEHRİ;TAŞKÖPRÜ;KAMİL DOĞRUYOL SOKAK;sokak;159981
SİVAS;SUŞEHRİ;TAŞKÖPRÜ;KARACA SOKAK;sokak;890795
SİVAS;SUŞEHRİ;TAŞKÖPRÜ;KARAGÖL DAĞI SOKAK;sokak;327905
SİVAS;SUŞEHRİ;TAŞKÖPRÜ;KAZIM HOCA SOKAK;sokak;890759
SİVAS;SUŞEHRİ;TAŞKÖPRÜ;KIBRIS SOKAK;sokak;890787
SİVAS;SUŞEHRİ;TAŞKÖPRÜ;KILIÇKAYA SOKAK;sokak;674906
SİVAS;SUŞEHRİ;TAŞKÖPRÜ;KISA SOKAK;sokak;890711
SİVAS;SUŞEHRİ;TAŞKÖPRÜ;KIŞLA SOKAK;sokak;890797
SİVAS;SUŞEHRİ;TAŞKÖPRÜ;KOMİSER KAYA ÖZKAN SOKAK;sokak;890734
SİVAS;SUŞEHRİ;TAŞKÖPRÜ;KÖSEDAĞ CADDE;cadde;327906
SİVAS;SUŞEHRİ;TAŞKÖPRÜ;KÖŞEM SOKAK;sokak;890785
SİVAS;SUŞEHRİ;TAŞKÖPRÜ;KUMLU SOKAK;sokak;890680
SİVAS;SUŞEHRİ;TAŞKÖPRÜ;KUMRU SOKAK;sokak;890679
SİVAS;SUŞEHRİ;TAŞKÖPRÜ;KÜLTÜR SOKAK;sokak;890784
SİVAS;SUŞEHRİ;TAŞKÖPRÜ;LOJMANLAR SOKAK;sokak;469168
SİVAS;SUŞEHRİ;TAŞKÖPRÜ;MEŞE SOKAK;sokak;890661
SİVAS;SUŞEHRİ;TAŞKÖPRÜ;NEMRUT DAĞI SOKAK;sokak;891128
SİVAS;SUŞEHRİ;TAŞKÖPRÜ;NEVRUZ DAĞI SOKAK;sokak;327907
SİVAS;SUŞEHRİ;TAŞKÖPRÜ;ORTA SOKAK;sokak;420911990
SİVAS;SUŞEHRİ;TAŞKÖPRÜ;ORTA- SOKAK;sokak;890834
SİVAS;SUŞEHRİ;TAŞKÖPRÜ;OSMANLI SOKAK;sokak;327908
SİVAS;SUŞEHRİ;TAŞKÖPRÜ;ÖZER SOKAK;sokak;890654
SİVAS;SUŞEHRİ;TAŞKÖPRÜ;PEYAMİ SAFA SOKAK;sokak;221105
SİVAS;SUŞEHRİ;TAŞKÖPRÜ;PINAR SOKAK;sokak;890730
SİVAS;SUŞEHRİ;TAŞKÖPRÜ;RABİYE SOKAK;sokak;890836
SİVAS;SUŞEHRİ;TAŞKÖPRÜ;SABIR SOKAK;sokak;890678
SİVAS;SUŞEHRİ;TAŞKÖPRÜ;SABRİ MUTLU SOKAK;sokak;469169
SİVAS;SUŞEHRİ;TAŞKÖPRÜ;SAHRA SOKAK;sokak;890704
SİVAS;SUŞEHRİ;TAŞKÖPRÜ;SALKIM SOKAK;sokak;890799
SİVAS;SUŞEHRİ;TAŞKÖPRÜ;SANCAK TEPE SOKAK;sokak;890659
SİVAS;SUŞEHRİ;TAŞKÖPRÜ;SANTRAL SOKAK;sokak;896748
SİVAS;SUŞEHRİ;TAŞKÖPRÜ;SEDA SOKAK;sokak;890813
SİVAS;SUŞEHRİ;TAŞKÖPRÜ;SILA SOKAK;sokak;890653
SİVAS;SUŞEHRİ;TAŞKÖPRÜ;SİVAS CADDE;cadde;327910
SİVAS;SUŞEHRİ;TAŞKÖPRÜ;SUDEM SOKAK;sokak;890983
SİVAS;SUŞEHRİ;TAŞKÖPRÜ;SÜPHAN DAĞI SOKAK;sokak;327909
SİVAS;SUŞEHRİ;TAŞKÖPRÜ;ŞAFAKTEPE SOKAK;sokak;890650
SİVAS;SUŞEHRİ;TAŞKÖPRÜ;ŞAHBAZIN ÖMER SOKAK;sokak;355693
SİVAS;SUŞEHRİ;TAŞKÖPRÜ;ŞAHİN BEY SOKAK;sokak;162346
SİVAS;SUŞEHRİ;TAŞKÖPRÜ;TAŞKÖPRÜ YENİ YOL 1 SOKAK;sokak;163082720
SİVAS;SUŞEHRİ;TAŞKÖPRÜ;TAŞKÖPRÜ YENİ YOL 10 SOKAK;sokak;192547700
SİVAS;SUŞEHRİ;TAŞKÖPRÜ;TAŞKÖPRÜ YENİ YOL 11 SOKAK;sokak;579879430
SİVAS;SUŞEHRİ;TAŞKÖPRÜ;TAŞKÖPRÜ YENİ YOL 12 SOKAK;sokak;561665560
SİVAS;SUŞEHRİ;TAŞKÖPRÜ;TAŞKÖPRÜ YENİ YOL 13 SOKAK;sokak;406944810
SİVAS;SUŞEHRİ;TAŞKÖPRÜ;TAŞKÖPRÜ YENİ YOL 15 SOKAK;sokak;716992010
SİVAS;SUŞEHRİ;TAŞKÖPRÜ;TAŞKÖPRÜ YENİ YOL 16 SOKAK;sokak;272907740
SİVAS;SUŞEHRİ;TAŞKÖPRÜ;TAŞKÖPRÜ YENİ YOL 19 SOKAK;sokak;989963170
SİVAS;SUŞEHRİ;TAŞKÖPRÜ;TAŞKÖPRÜ YENİ YOL 2 SOKAK;sokak;464274230
SİVAS;SUŞEHRİ;TAŞKÖPRÜ;TAŞKÖPRÜ YENİ YOL 4 SOKAK;sokak;401677930
SİVAS;SUŞEHRİ;TAŞKÖPRÜ;TAŞKÖPRÜ YENİ YOL 5 SOKAK;sokak;400693200
SİVAS;SUŞEHRİ;TAŞKÖPRÜ;TAŞKÖPRÜ YENİ YOL 6 SOKAK;sokak;366246330
SİVAS;SUŞEHRİ;TAŞKÖPRÜ;TAŞKÖPRÜ YENİ YOL 7 SOKAK;sokak;352157710
SİVAS;SUŞEHRİ;TAŞKÖPRÜ;TAŞKÖPRÜ YENİ YOL 8 SOKAK;sokak;156121790
SİVAS;SUŞEHRİ;TAŞKÖPRÜ;TAŞKÖPRÜ YENİ YOL 9 SOKAK;sokak;974969880
SİVAS;SUŞEHRİ;TAŞKÖPRÜ;TAŞKÖPRÜ YENİYOL22 SOKAK;sokak;889917160
SİVAS;SUŞEHRİ;TAŞKÖPRÜ;TOKİ CADDE;cadde;890664
SİVAS;SUŞEHRİ;TAŞKÖPRÜ;YILDIZ DAĞI SOKAK;sokak;890642
SİVAS;SUŞEHRİ;TATARKÖY - ÇİFTÇİLİ;ÇİFTÇİLİ KÜME EVLER;sokak;94221
SİVAS;SUŞEHRİ;TATARKÖY - IŞIKLAR;IŞIKLAR KÜME EVLER;sokak;339058
SİVAS;SUŞEHRİ;TATARKÖY - KATIRCI;KATIRCI KÜME EVLER;sokak;546479
SİVAS;SUŞEHRİ;TATARKÖY NA;TATAR KÜME EVLER;sokak;536181
SİVAS;SUŞEHRİ;TEPEARDI;ABDURAHMAN DOĞRUYOL SOKAK;sokak;524776
SİVAS;SUŞEHRİ;TEPEARDI;AMASYA - SOKAK;sokak;886785
SİVAS;SUŞEHRİ;TEPEARDI;ANKARA SOKAK;sokak;327913
SİVAS;SUŞEHRİ;TEPEARDI;BAĞLAR SOKAK;sokak;886787
SİVAS;SUŞEHRİ;TEPEARDI;BURSA SOKAK;sokak;327914
SİVAS;SUŞEHRİ;TEPEARDI;ERZURUM SOKAK;sokak;886786
SİVAS;SUŞEHRİ;TEPEARDI;EVLİYA ÇELEBİ- SOKAK;sokak;886750
SİVAS;SUŞEHRİ;TEPEARDI;İZMİR SOKAK;sokak;327912
SİVAS;SUŞEHRİ;TEPEARDI;KARAGÖZE SOKAK;sokak;522580
SİVAS;SUŞEHRİ;TEPEARDI;KÖSEDAĞ CADDE;cadde;519978
SİVAS;SUŞEHRİ;TEPEARDI;RİZE SOKAK;sokak;886788
SİVAS;SUŞEHRİ;TEPEARDI;SAMSUN SOKAK;sokak;469170
SİVAS;SUŞEHRİ;TEPEARDI;SİVAS CADDE;cadde;327911
SİVAS;SUŞEHRİ;TEPEARDI;TEPEARDI YENİ YOL 1 SOKAK;sokak;921531050
SİVAS;SUŞEHRİ;TEPEARDI;TEPEARDI YENİ YOL 2 SOKAK;sokak;554877550
SİVAS;SUŞEHRİ;TEPEARDI;TOKAT SOKAK;sokak;886752
SİVAS;SUŞEHRİ;TEPEARDI;YOZGAT SOKAK;sokak;886754
SİVAS;SUŞEHRİ;TEPEARDI;ZİYA GÖKALP SOKAK;sokak;530194
SİVAS;SUŞEHRİ;TÜRKMENLER - ABBAS;ABBAS KÜME EVLER;sokak;879693
SİVAS;SUŞEHRİ;TÜRKMENLER - TAPANÇİFLİĞİ;TAPANÇİFTLİĞİ SOKAK;sokak;520775
SİVAS;SUŞEHRİ;TÜRKMENLER NA;TÜRKMENLER KÜME EVLER;sokak;528215
SİVAS;SUŞEHRİ;ÜZÜMLÜ NA;ÜZÜMLÜ KÜME EVLER;sokak;525626
SİVAS;SUŞEHRİ;YALNIZBAĞLAR;1. ATILGAN SOKAK;sokak;890168
SİVAS;SUŞEHRİ;YALNIZBAĞLAR;1. BAHADIR SOKAK;sokak;890171
SİVAS;SUŞEHRİ;YALNIZBAĞLAR;1. ÇELİKTEPE SOKAK;sokak;889223
SİVAS;SUŞEHRİ;YALNIZBAĞLAR;1. GÖKTÜRK SOKAK;sokak;469171
SİVAS;SUŞEHRİ;YALNIZBAĞLAR;1.AKAY SOKAK;sokak;890103
SİVAS;SUŞEHRİ;YALNIZBAĞLAR;1.AKIM SOKAK;sokak;890114
SİVAS;SUŞEHRİ;YALNIZBAĞLAR;1.AKINCI SOKAK;sokak;890013
SİVAS;SUŞEHRİ;YALNIZBAĞLAR;1.AKSU SOKAK;sokak;890108
SİVAS;SUŞEHRİ;YALNIZBAĞLAR;1.AKTÜRK SOKAK;sokak;890116
SİVAS;SUŞEHRİ;YALNIZBAĞLAR;1.ALAY SOKAK;sokak;890148
SİVAS;SUŞEHRİ;YALNIZBAĞLAR;1.AVCI SOKAK;sokak;890014
SİVAS;SUŞEHRİ;YALNIZBAĞLAR;1.AYDIN SOKAK;sokak;890071
SİVAS;SUŞEHRİ;YALNIZBAĞLAR;1.AZİZ BEY SOKAK;sokak;583486
SİVAS;SUŞEHRİ;YALNIZBAĞLAR;1.BAYRAK SOKAK;sokak;890060
SİVAS;SUŞEHRİ;YALNIZBAĞLAR;1.ÇAĞLA SOKAK;sokak;890019
SİVAS;SUŞEHRİ;YALNIZBAĞLAR;1.ÇELİK SOKAK;sokak;889999
SİVAS;SUŞEHRİ;YALNIZBAĞLAR;1.ÇİFTLİK SOKAK;sokak;890132
SİVAS;SUŞEHRİ;YALNIZBAĞLAR;1.DEMİRCİ SOKAK;sokak;889998
SİVAS;SUŞEHRİ;YALNIZBAĞLAR;1.DESTAN SOKAK;sokak;890006
SİVAS;SUŞEHRİ;YALNIZBAĞLAR;1.ESEN SOKAK;sokak;890046
SİVAS;SUŞEHRİ;YALNIZBAĞLAR;1.GÖKTAŞ SOKAK;sokak;890036
SİVAS;SUŞEHRİ;YALNIZBAĞLAR;1.GÜZİDE SOKAK;sokak;890024
SİVAS;SUŞEHRİ;YALNIZBAĞLAR;1.HIZIR SOKAK;sokak;890143
SİVAS;SUŞEHRİ;YALNIZBAĞLAR;1.HUZUR SOKAK;sokak;890027
SİVAS;SUŞEHRİ;YALNIZBAĞLAR;1.SANAYİ SOKAK;sokak;890050
SİVAS;SUŞEHRİ;YALNIZBAĞLAR;1.TİCARET SOKAK;sokak;890058
SİVAS;SUŞEHRİ;YALNIZBAĞLAR;1.YAMAÇ SOKAK;sokak;435322660
SİVAS;SUŞEHRİ;YALNIZBAĞLAR;10.BAYRAK SOKAK;sokak;889997
SİVAS;SUŞEHRİ;YALNIZBAĞLAR;2. ATILGAN SOKAK;sokak;890169
SİVAS;SUŞEHRİ;YALNIZBAĞLAR;2. BAYRAK SOKAK;sokak;889229
SİVAS;SUŞEHRİ;YALNIZBAĞLAR;2. ÇELİKTEPE SOKAK;sokak;889224
SİVAS;SUŞEHRİ;YALNIZBAĞLAR;2.AKAY SOKAK;sokak;890102
SİVAS;SUŞEHRİ;YALNIZBAĞLAR;2.AKIM SOKAK;sokak;890115
SİVAS;SUŞEHRİ;YALNIZBAĞLAR;2.AKINCI SOKAK;sokak;890015
SİVAS;SUŞEHRİ;YALNIZBAĞLAR;2.AKSU SOKAK;sokak;890109
SİVAS;SUŞEHRİ;YALNIZBAĞLAR;2.AKTÜRK SOKAK;sokak;890145
SİVAS;SUŞEHRİ;YALNIZBAĞLAR;2.ALAY SOKAK;sokak;890149
SİVAS;SUŞEHRİ;YALNIZBAĞLAR;2.AVCI SOKAK;sokak;890016
SİVAS;SUŞEHRİ;YALNIZBAĞLAR;2.AYDIN SOKAK;sokak;890072
SİVAS;SUŞEHRİ;YALNIZBAĞLAR;2.AZİZ BEY SOKAK;sokak;890018
SİVAS;SUŞEHRİ;YALNIZBAĞLAR;2.ÇAĞLA SOKAK;sokak;890020
SİVAS;SUŞEHRİ;YALNIZBAĞLAR;2.ÇELİK SOKAK;sokak;890000
SİVAS;SUŞEHRİ;YALNIZBAĞLAR;2.ÇİFTLİK SOKAK;sokak;890134
SİVAS;SUŞEHRİ;YALNIZBAĞLAR;2.DEMİRCİ SOKAK;sokak;890003
SİVAS;SUŞEHRİ;YALNIZBAĞLAR;2.DESTAN SOKAK;sokak;890007
SİVAS;SUŞEHRİ;YALNIZBAĞLAR;2.ESEN SOKAK;sokak;890037
SİVAS;SUŞEHRİ;YALNIZBAĞLAR;2.GÖKTAŞ SOKAK;sokak;890032
SİVAS;SUŞEHRİ;YALNIZBAĞLAR;2.GÖKTÜRK SOKAK;sokak;890163
SİVAS;SUŞEHRİ;YALNIZBAĞLAR;2.GÜZİDE SOKAK;sokak;890023
SİVAS;SUŞEHRİ;YALNIZBAĞLAR;2.HIZIR SOKAK;sokak;890098
SİVAS;SUŞEHRİ;YALNIZBAĞLAR;2.HUZUR SOKAK;sokak;890026
SİVAS;SUŞEHRİ;YALNIZBAĞLAR;2.SANAYİ SOKAK;sokak;890052
SİVAS;SUŞEHRİ;YALNIZBAĞLAR;2.TİCARET SOKAK;sokak;890059
SİVAS;SUŞEHRİ;YALNIZBAĞLAR;2.YAMAÇ SOKAK;sokak;890057
SİVAS;SUŞEHRİ;YALNIZBAĞLAR;3. AKIM SOKAK;sokak;890167
SİVAS;SUŞEHRİ;YALNIZBAĞLAR;3. ATILGAN SOKAK;sokak;890170
SİVAS;SUŞEHRİ;YALNIZBAĞLAR;3. BAYRAK SOKAK;sokak;889230
SİVAS;SUŞEHRİ;YALNIZBAĞLAR;3. ÇELİKTEPE SOKAK;sokak;889225
SİVAS;SUŞEHRİ;YALNIZBAĞLAR;3. ÇİFTLİK SOKAK;sokak;893922
SİVAS;SUŞEHRİ;YALNIZBAĞLAR;3.AKAY SOKAK;sokak;890104
SİVAS;SUŞEHRİ;YALNIZBAĞLAR;3.AKSU SOKAK;sokak;890110
SİVAS;SUŞEHRİ;YALNIZBAĞLAR;3.AKTÜRK SOKAK;sokak;890146
SİVAS;SUŞEHRİ;YALNIZBAĞLAR;3.AVCI SOKAK;sokak;890017
SİVAS;SUŞEHRİ;YALNIZBAĞLAR;3.ÇAĞLA SOKAK;sokak;890021
SİVAS;SUŞEHRİ;YALNIZBAĞLAR;3.DEMİRCİ SOKAK;sokak;890004
SİVAS;SUŞEHRİ;YALNIZBAĞLAR;3.ESEN SOKAK;sokak;890068
SİVAS;SUŞEHRİ;YALNIZBAĞLAR;3.GÖKTAŞ SOKAK;sokak;890038
SİVAS;SUŞEHRİ;YALNIZBAĞLAR;3.GÜZİDE SOKAK;sokak;890042
SİVAS;SUŞEHRİ;YALNIZBAĞLAR;3.HIZIR SOKAK;sokak;890144
SİVAS;SUŞEHRİ;YALNIZBAĞLAR;3.HUZUR SOKAK;sokak;890065
SİVAS;SUŞEHRİ;YALNIZBAĞLAR;3.SANAYİ SOKAK;sokak;890053
SİVAS;SUŞEHRİ;YALNIZBAĞLAR;3.YAMAÇ SOKAK;sokak;890056
SİVAS;SUŞEHRİ;YALNIZBAĞLAR;4. BAYRAK SOKAK;sokak;889228
SİVAS;SUŞEHRİ;YALNIZBAĞLAR;4. ÇELİKTEPE SOKAK;sokak;889226
SİVAS;SUŞEHRİ;YALNIZBAĞLAR;4.AKAY SOKAK;sokak;890105
SİVAS;SUŞEHRİ;YALNIZBAĞLAR;4.AKSU SOKAK;sokak;890111
SİVAS;SUŞEHRİ;YALNIZBAĞLAR;4.AKTÜRK SOKAK;sokak;890147
SİVAS;SUŞEHRİ;YALNIZBAĞLAR;4.ATILGAN SOKAK;sokak;890150
SİVAS;SUŞEHRİ;YALNIZBAĞLAR;4.ÇAĞLA SOKAK;sokak;890022
SİVAS;SUŞEHRİ;YALNIZBAĞLAR;4.ÇİFTLİK SOKAK;sokak;890136
SİVAS;SUŞEHRİ;YALNIZBAĞLAR;4.DEMİRCİ SOKAK;sokak;890005
SİVAS;SUŞEHRİ;YALNIZBAĞLAR;4.ESEN SOKAK;sokak;890067
SİVAS;SUŞEHRİ;YALNIZBAĞLAR;4.GÖKTAŞ SOKAK;sokak;890039
SİVAS;SUŞEHRİ;YALNIZBAĞLAR;4.GÜZİDE SOKAK;sokak;890044
SİVAS;SUŞEHRİ;YALNIZBAĞLAR;4.SANAYİ SOKAK;sokak;890048
SİVAS;SUŞEHRİ;YALNIZBAĞLAR;5. ATILGAN SOKAK;sokak;893893
SİVAS;SUŞEHRİ;YALNIZBAĞLAR;5. BAYRAK SOKAK;sokak;889231
SİVAS;SUŞEHRİ;YALNIZBAĞLAR;5. ÇELİKTEPE SOKAK;sokak;889227
SİVAS;SUŞEHRİ;YALNIZBAĞLAR;5.AKAY SOKAK;sokak;890106
SİVAS;SUŞEHRİ;YALNIZBAĞLAR;5.AKSU SOKAK;sokak;890112
SİVAS;SUŞEHRİ;YALNIZBAĞLAR;5.ÇİFTLİK SOKAK;sokak;890137
SİVAS;SUŞEHRİ;YALNIZBAĞLAR;5.ESEN SOKAK;sokak;890066
SİVAS;SUŞEHRİ;YALNIZBAĞLAR;5.GÖKTAŞ SOKAK;sokak;890041
SİVAS;SUŞEHRİ;YALNIZBAĞLAR;5.GÜZİDE SOKAK;sokak;890099
SİVAS;SUŞEHRİ;YALNIZBAĞLAR;5.SANAYİ SOKAK;sokak;890054
SİVAS;SUŞEHRİ;YALNIZBAĞLAR;6. BAYRAK SOKAK;sokak;890061
SİVAS;SUŞEHRİ;YALNIZBAĞLAR;6.AKAY SOKAK;sokak;890107
SİVAS;SUŞEHRİ;YALNIZBAĞLAR;6.AKSU SOKAK;sokak;890113
SİVAS;SUŞEHRİ;YALNIZBAĞLAR;6.ÇİFTLİK SOKAK;sokak;890139
SİVAS;SUŞEHRİ;YALNIZBAĞLAR;6.GÖKTAŞ SOKAK;sokak;890040
SİVAS;SUŞEHRİ;YALNIZBAĞLAR;6.GÜZİDE SOKAK;sokak;890100
SİVAS;SUŞEHRİ;YALNIZBAĞLAR;6.SANAYİ SOKAK;sokak;890055
SİVAS;SUŞEHRİ;YALNIZBAĞLAR;7. BAYRAK SOKAK;sokak;889232
SİVAS;SUŞEHRİ;YALNIZBAĞLAR;7. ÇİFTLİK SOKAK;sokak;890166
SİVAS;SUŞEHRİ;YALNIZBAĞLAR;7.SANAYİ SOKAK;sokak;890049
SİVAS;SUŞEHRİ;YALNIZBAĞLAR;8. BAYRAK SOKAK;sokak;889991
SİVAS;SUŞEHRİ;YALNIZBAĞLAR;9.BAYRAK SOKAK;sokak;889993
SİVAS;SUŞEHRİ;YALNIZBAĞLAR;ABDUL VAHAP GAZİ SOKAK;sokak;601686
SİVAS;SUŞEHRİ;YALNIZBAĞLAR;ADALET SOKAK;sokak;890028
SİVAS;SUŞEHRİ;YALNIZBAĞLAR;ADATEPE SOKAK;sokak;890101
SİVAS;SUŞEHRİ;YALNIZBAĞLAR;AHMET AYIK SOKAK;sokak;601667
SİVAS;SUŞEHRİ;YALNIZBAĞLAR;AK BAYIR SOKAK;sokak;890154
SİVAS;SUŞEHRİ;YALNIZBAĞLAR;ARZU SOKAK;sokak;890033
SİVAS;SUŞEHRİ;YALNIZBAĞLAR;AŞINA SOKAK;sokak;890095
SİVAS;SUŞEHRİ;YALNIZBAĞLAR;ATAK SOKAK;sokak;890035
SİVAS;SUŞEHRİ;YALNIZBAĞLAR;ATILIM SOKAK;sokak;889221
SİVAS;SUŞEHRİ;YALNIZBAĞLAR;ATMACA SOKAK;sokak;890070
SİVAS;SUŞEHRİ;YALNIZBAĞLAR;AYIŞIĞI SOKAK;sokak;890097
SİVAS;SUŞEHRİ;YALNIZBAĞLAR;BAHÇE SOKAK;sokak;890151
SİVAS;SUŞEHRİ;YALNIZBAĞLAR;BAHÇESARAY SOKAK;sokak;893895
SİVAS;SUŞEHRİ;YALNIZBAĞLAR;BALLICA SOKAK;sokak;890173
SİVAS;SUŞEHRİ;YALNIZBAĞLAR;BARIŞ SOKAK;sokak;890155
SİVAS;SUŞEHRİ;YALNIZBAĞLAR;BAYINDIR SOKAK;sokak;890157
SİVAS;SUŞEHRİ;YALNIZBAĞLAR;BEREKET SOKAK;sokak;890051
SİVAS;SUŞEHRİ;YALNIZBAĞLAR;BİRİNCİ CADDE;cadde;365258061
SİVAS;SUŞEHRİ;YALNIZBAĞLAR;BURÇ SOKAK;sokak;890164
SİVAS;SUŞEHRİ;YALNIZBAĞLAR;BUZLU SOKAK;sokak;890159
SİVAS;SUŞEHRİ;YALNIZBAĞLAR;ÇAMLIBEL SOKAK;sokak;469173
SİVAS;SUŞEHRİ;YALNIZBAĞLAR;ÇAMLIDERE SOKAK;sokak;328737
SİVAS;SUŞEHRİ;YALNIZBAĞLAR;ÇARDAK SOKAK;sokak;890010
SİVAS;SUŞEHRİ;YALNIZBAĞLAR;DAĞISTAN SOKAK;sokak;651893
SİVAS;SUŞEHRİ;YALNIZBAĞLAR;DAĞISTAN1 SOKAK;sokak;290831280
SİVAS;SUŞEHRİ;YALNIZBAĞLAR;DEMET SOKAK;sokak;890009
SİVAS;SUŞEHRİ;YALNIZBAĞLAR;DERYA SOKAK;sokak;890008
SİVAS;SUŞEHRİ;YALNIZBAĞLAR;DR.MEHMET BEY SOKAK;sokak;606372
SİVAS;SUŞEHRİ;YALNIZBAĞLAR;EKREM ERDEM BULVAR;sokak;327915
SİVAS;SUŞEHRİ;YALNIZBAĞLAR;EMEK SOKAK;sokak;890047
SİVAS;SUŞEHRİ;YALNIZBAĞLAR;EMİN EFENDİ SOKAK;sokak;618375
SİVAS;SUŞEHRİ;YALNIZBAĞLAR;ERCİYES DAĞI SOKAK;sokak;328730
SİVAS;SUŞEHRİ;YALNIZBAĞLAR;EREN SOKAK;sokak;890063
SİVAS;SUŞEHRİ;YALNIZBAĞLAR;EYÜP SULTAN SOKAK;sokak;611858
SİVAS;SUŞEHRİ;YALNIZBAĞLAR;GAZİ ERHAN AKTAŞ SOKAK;sokak;890152
SİVAS;SUŞEHRİ;YALNIZBAĞLAR;GENÇ SOKAK;sokak;890153
SİVAS;SUŞEHRİ;YALNIZBAĞLAR;GURBET SOKAK;sokak;890030
SİVAS;SUŞEHRİ;YALNIZBAĞLAR;GÜLER SOKAK;sokak;890031
SİVAS;SUŞEHRİ;YALNIZBAĞLAR;HACI BEKTAŞ VELİ SOKAK;sokak;608573
SİVAS;SUŞEHRİ;YALNIZBAĞLAR;HEKİM CADDE;cadde;328731
SİVAS;SUŞEHRİ;YALNIZBAĞLAR;HİSAR SOKAK;sokak;890034
SİVAS;SUŞEHRİ;YALNIZBAĞLAR;İBNİ SİNA CADDE;cadde;328739
SİVAS;SUŞEHRİ;YALNIZBAĞLAR;İMAM GAZALİ SOKAK;sokak;247961
SİVAS;SUŞEHRİ;YALNIZBAĞLAR;KARABAYIR SOKAK;sokak;328732
SİVAS;SUŞEHRİ;YALNIZBAĞLAR;KARLI SOKAK;sokak;889222
SİVAS;SUŞEHRİ;YALNIZBAĞLAR;KARLIDAĞI SOKAK;sokak;893890
SİVAS;SUŞEHRİ;YALNIZBAĞLAR;KAZIM KARABEKİR CADDE;cadde;889219
SİVAS;SUŞEHRİ;YALNIZBAĞLAR;KAZİM AYAN SOKAK;sokak;890162
SİVAS;SUŞEHRİ;YALNIZBAĞLAR;KERVAN SOKAK;sokak;890011
SİVAS;SUŞEHRİ;YALNIZBAĞLAR;KIZILDAĞ SOKAK;sokak;590057
SİVAS;SUŞEHRİ;YALNIZBAĞLAR;KOÇ SOKAK;sokak;890073
SİVAS;SUŞEHRİ;YALNIZBAĞLAR;KÖSE SÜLEYMAN SOKAK;sokak;469172
SİVAS;SUŞEHRİ;YALNIZBAĞLAR;MESUT SOKAK;sokak;890045
SİVAS;SUŞEHRİ;YALNIZBAĞLAR;NECİP FAZIL SOKAK;sokak;617631
SİVAS;SUŞEHRİ;YALNIZBAĞLAR;ORDU CADDE;cadde;202264780
SİVAS;SUŞEHRİ;YALNIZBAĞLAR;ORDU- CADDE;cadde;260022
SİVAS;SUŞEHRİ;YALNIZBAĞLAR;ÖMER BEY SOKAK;sokak;328733
SİVAS;SUŞEHRİ;YALNIZBAĞLAR;ÖZBEKİSTAN SOKAK;sokak;889220
SİVAS;SUŞEHRİ;YALNIZBAĞLAR;SARAYBOSNA SOKAK;sokak;328734
SİVAS;SUŞEHRİ;YALNIZBAĞLAR;SARAYBURNU SOKAK;sokak;892986
SİVAS;SUŞEHRİ;YALNIZBAĞLAR;SİVAS CADDE;cadde;328735
SİVAS;SUŞEHRİ;YALNIZBAĞLAR;SPOR SOKAK;sokak;890062
SİVAS;SUŞEHRİ;YALNIZBAĞLAR;SUAK SOKAK;sokak;890130
SİVAS;SUŞEHRİ;YALNIZBAĞLAR;SUAK/1 SOKAK;sokak;363434240
SİVAS;SUŞEHRİ;YALNIZBAĞLAR;SÜMER SOKAK;sokak;890064
SİVAS;SUŞEHRİ;YALNIZBAĞLAR;ŞEHİT ALİ EREN SOKAK;sokak;602089
SİVAS;SUŞEHRİ;YALNIZBAĞLAR;ŞEHİT JANDARMA ER BAYRAM YÜCE SOKAK;sokak;890142
SİVAS;SUŞEHRİ;YALNIZBAĞLAR;ŞEHİT JANDARMA UZMAN ÇAVUŞ ONUR ALKAN SOKAK;sokak;890140
SİVAS;SUŞEHRİ;YALNIZBAĞLAR;ŞEHİT ÖMER HALİS DEMİR SOKAK;sokak;890002
SİVAS;SUŞEHRİ;YALNIZBAĞLAR;ŞEHİT POLİS HASAN KOÇER SOKAK;sokak;890161
SİVAS;SUŞEHRİ;YALNIZBAĞLAR;ŞEHİT POLİS HASAN KOÇER1 SOKAK;sokak;268242270
SİVAS;SUŞEHRİ;YALNIZBAĞLAR;ŞEHİT SADİ KUZPINAR SOKAK;sokak;469174
SİVAS;SUŞEHRİ;YALNIZBAĞLAR;ŞEHİT SADİ KUZPINAR/1 SOKAK;sokak;113292240
SİVAS;SUŞEHRİ;YALNIZBAĞLAR;TERKEŞLİ YUSUF SOKAK;sokak;611507
SİVAS;SUŞEHRİ;YALNIZBAĞLAR;TOKAT-ERZİNCAN CADDE;cadde;890124
SİVAS;SUŞEHRİ;YALNIZBAĞLAR;TOKİ CADDE;cadde;111087920
SİVAS;SUŞEHRİ;YALNIZBAĞLAR;TOROS DAĞI SOKAK;sokak;328736
SİVAS;SUŞEHRİ;YALNIZBAĞLAR;ULUBATLI HASAN SOKAK;sokak;607719
SİVAS;SUŞEHRİ;YALNIZBAĞLAR;VEYSEL KARANİ SOKAK;sokak;646766
SİVAS;SUŞEHRİ;YALNIZBAĞLAR;YALNIZBAĞLAR YENİ YOL 1 SOKAK;sokak;373773140
SİVAS;SUŞEHRİ;YALNIZBAĞLAR;YALNIZBAĞLAR YENİ YOL/12 SOKAK;sokak;532706170
SİVAS;SUŞEHRİ;YALNIZBAĞLAR;YALNIZBAĞLAR YENİ YOL/13 SOKAK;sokak;540568740
SİVAS;SUŞEHRİ;YALNIZBAĞLAR;YALNIZBAĞLAR YENİ YOL/19 SOKAK;sokak;966380850
SİVAS;SUŞEHRİ;YALNIZBAĞLAR;YALNIZBAĞLAR YENİ YOL/2 SOKAK;sokak;728127870
SİVAS;SUŞEHRİ;YALNIZBAĞLAR;YALNIZBAĞLAR YENİ YOL/24 SOKAK;sokak;921652810
SİVAS;SUŞEHRİ;YALNIZBAĞLAR;YALNIZBAĞLAR YENİ YOL/27 SOKAK;sokak;770142230
SİVAS;SUŞEHRİ;YALNIZBAĞLAR;YALNIZBAĞLAR YENİ YOL/3 SOKAK;sokak;294115350
SİVAS;SUŞEHRİ;YALNIZBAĞLAR;YALNIZBAĞLAR YENİ YOL/31 SOKAK;sokak;599786680
SİVAS;SUŞEHRİ;YALNIZBAĞLAR;YALNIZBAĞLAR YENİ YOL/33 SOKAK;sokak;249401160
SİVAS;SUŞEHRİ;YALNIZBAĞLAR;YALNIZBAĞLAR YENİ YOL/5 SOKAK;sokak;221888580
SİVAS;SUŞEHRİ;YALNIZBAĞLAR;YALNIZBAĞLAR YENİ YOL/6 SOKAK;sokak;944891010
SİVAS;SUŞEHRİ;YALNIZBAĞLAR;YALNIZBAĞLAR YENİ YOL/8 SOKAK;sokak;149698440
SİVAS;SUŞEHRİ;YALNIZBAĞLAR;YALNIZBAĞLAR YENİ YOL/9 SOKAK;sokak;527926520
SİVAS;SUŞEHRİ;YALNIZBAĞLAR;YALNIZBAĞLAR YENİYOL1 SOKAK;sokak;309929940
SİVAS;SUŞEHRİ;YALNIZBAĞLAR;YALNIZBAĞLAR YENİYOL2 SOKAK;sokak;588279240
SİVAS;SUŞEHRİ;YALNIZBAĞLAR;YAŞAR DOĞU SOKAK;sokak;615762
SİVAS;SUŞEHRİ;YALNIZBAĞLAR;YILDIZ SOKAK;sokak;890156
SİVAS;SUŞEHRİ;YAMAÇ NA;YAMAÇ KÜME EVLER;sokak;523171
SİVAS;SUŞEHRİ;YAYGINSÖĞÜT NA;YAYGINSÖĞÜT KÜME EVLER;sokak;549351
SİVAS;SUŞEHRİ;YELKESEN - MAFADAR;MAFADAR KÜME EVLER;sokak;532160
SİVAS;SUŞEHRİ;YELKESEN NA;YELKESEN KÜME EVLER;sokak;533886
SİVAS;SUŞEHRİ;YENİ;ANKARA SOKAK;sokak;909838
SİVAS;SUŞEHRİ;YENİ;AŞIK VEYSEL SOKAK;sokak;328740
SİVAS;SUŞEHRİ;YENİ;BAĞLAR SOKAK;sokak;724711390
SİVAS;SUŞEHRİ;YENİ;BAĞLAR- SOKAK;sokak;888108
SİVAS;SUŞEHRİ;YENİ;BALHATUN SOKAK;sokak;867206
SİVAS;SUŞEHRİ;YENİ;EMRAH SOKAK;sokak;531622
SİVAS;SUŞEHRİ;YENİ;EVLİYA ÇELEBİ SOKAK;sokak;886945
SİVAS;SUŞEHRİ;YENİ;KARACAOĞLAN SOKAK;sokak;328741
SİVAS;SUŞEHRİ;YENİ;KÖROĞLU SOKAK;sokak;328742
SİVAS;SUŞEHRİ;YENİ;MEHMET AKİF SOKAK;sokak;867205
SİVAS;SUŞEHRİ;YENİ;NAMIK KEMAL SOKAK;sokak;469175
SİVAS;SUŞEHRİ;YENİ;SEZAİ KARAKOÇ SOKAK;sokak;886527
SİVAS;SUŞEHRİ;YENİ;SEZAİ KARAKOÇ/1 SOKAK;sokak;338012910
SİVAS;SUŞEHRİ;YENİ;SİVAS CADDE;cadde;328743
SİVAS;SUŞEHRİ;YENİ;YENİ YOL 1 SOKAK;sokak;174677700
SİVAS;SUŞEHRİ;YENİ;ZİYA GÖKALP SOKAK;sokak;328744
SİVAS;SUŞEHRİ;YEŞİLYAYLA NA;YEŞİLYAYLA KÜME EVLER;sokak;515863
SİVAS;SUŞEHRİ;YONCALI NA;YONCALI KÜME EVLER;sokak;493814
SİVAS;SUŞEHRİ;YUKARIAKÖREN NA;YUKARIAKÖREN KÜME EVLER;sokak;522357
SİVAS;SUŞEHRİ;YÜREKLİ NA;YÜREKLİ KÜME EVLER;sokak;530267
SİVAS;ŞARKIŞLA;ABDALLI NA;ABDALLI KÜME EVLER;sokak;634417
SİVAS;ŞARKIŞLA;AHMETLİ NA;AHMETLİ KÜME EVLER;sokak;573736
SİVAS;ŞARKIŞLA;AKÇAKIŞLA - İSMETPAŞA;1. SOKAK;sokak;328975
SİVAS;ŞARKIŞLA;AKÇAKIŞLA - İSMETPAŞA;2. SOKAK;sokak;328976
SİVAS;ŞARKIŞLA;AKÇAKIŞLA - İSMETPAŞA;3 SOKAK;sokak;466875
SİVAS;ŞARKIŞLA;AKÇAKIŞLA - İSMETPAŞA;ATATÜRK SOKAK;sokak;328977
SİVAS;ŞARKIŞLA;AKÇAKIŞLA - İSMETPAŞA;BAĞDAT SOKAK;sokak;328978
SİVAS;ŞARKIŞLA;AKÇAKIŞLA - İSMETPAŞA;KÜME SOKAK;sokak;650305
SİVAS;ŞARKIŞLA;AKÇAKIŞLA - İSMETPAŞA;SALİH AĞA SOKAK;sokak;466876
SİVAS;ŞARKIŞLA;AKÇAKIŞLA - KARŞIYAKA;1. KÜME SOKAK;sokak;645840
SİVAS;ŞARKIŞLA;AKÇAKIŞLA - KARŞIYAKA;1.ÇIKMAZ SOKAK;sokak;328979
SİVAS;ŞARKIŞLA;AKÇAKIŞLA - KARŞIYAKA;2.KÜME SOKAK;sokak;645841
SİVAS;ŞARKIŞLA;AKÇAKIŞLA - KARŞIYAKA;3.KÜME SOKAK;sokak;645861
SİVAS;ŞARKIŞLA;AKÇAKIŞLA - KARŞIYAKA;ATATÜRK SOKAK;sokak;466877
SİVAS;ŞARKIŞLA;AKÇAKIŞLA - KARŞIYAKA;DEĞİRMEN SOKAK;sokak;328980
SİVAS;ŞARKIŞLA;AKÇAKIŞLA - KARŞIYAKA;SİVAS SOKAK;sokak;328982
SİVAS;ŞARKIŞLA;AKÇAKIŞLA - KARŞIYAKA;ŞEHİT YILDIRIM KUZUCULAR SOKAK;sokak;328981
SİVAS;ŞARKIŞLA;AKÇAKIŞLA - MENDERES;1 SOKAK;sokak;466878
SİVAS;ŞARKIŞLA;AKÇAKIŞLA - MENDERES;2 SOKAK;sokak;328983
SİVAS;ŞARKIŞLA;AKÇAKIŞLA - MENDERES;3. SOKAK;sokak;328984
SİVAS;ŞARKIŞLA;AKÇAKIŞLA - MENDERES;4. SOKAK;sokak;466879
SİVAS;ŞARKIŞLA;AKÇAKIŞLA - MENDERES;ATATÜRK SOKAK;sokak;328985
SİVAS;ŞARKIŞLA;AKÇAKIŞLA - MENDERES;BAĞDAT SOKAK;sokak;328986
SİVAS;ŞARKIŞLA;AKÇAKIŞLA - MENDERES;BİRİNCİ SOKAK;sokak;577721
SİVAS;ŞARKIŞLA;AKÇAKIŞLA - MENDERES;CAMİ SOKAK;sokak;565313
SİVAS;ŞARKIŞLA;AKÇAKIŞLA - MENDERES;CELEPOĞLU SOKAK;sokak;466880
SİVAS;ŞARKIŞLA;AKÇASU NA;AKÇASU KÜME EVLER;sokak;680664
SİVAS;ŞARKIŞLA;ALAÇAYIR NA;ALAÇAYIR KÜME EVLER;sokak;642205
SİVAS;ŞARKIŞLA;ALAMAN NA;NEDİM MUTLU KÜME EVLER;sokak;678951
SİVAS;ŞARKIŞLA;ALIKÖREN NA;ALIKÖREN KÜME EVLER;sokak;572847
SİVAS;ŞARKIŞLA;ARIKLAR NA;ARIKLAR KÜME EVLER;sokak;525972
SİVAS;ŞARKIŞLA;BAĞLARARASI NA;BAĞLARARASI KÜME EVLER;sokak;660069
SİVAS;ŞARKIŞLA;BAHÇEALAN - ADAMKAYA;ADAMKAYA KÜME EVLER;sokak;701007
SİVAS;ŞARKIŞLA;BAHÇEALAN NA;BAHÇEALAN KÜME EVLER;sokak;712605
SİVAS;ŞARKIŞLA;BALTALAR NA;BALTALAR KÜME EVLER;sokak;606696
SİVAS;ŞARKIŞLA;BAŞAĞAÇ NA;BAŞAĞAÇ KÜME EVLER;sokak;408640
SİVAS;ŞARKIŞLA;BAŞÖREN NA;BAŞÖREN KÜME EVLER;sokak;663277
SİVAS;ŞARKIŞLA;BENLİHASAN NA;BENLİHASAN KÜME EVLER;sokak;648951
SİVAS;ŞARKIŞLA;BEYYURDU NA;BEYYURDU KÜME EVLER;sokak;578192
SİVAS;ŞARKIŞLA;BOZKURT NA;BOZKURT KÜME EVLER;sokak;91308
SİVAS;ŞARKIŞLA;BURNUKARA NA;BURNUKARA KÜME EVLER;sokak;450748
SİVAS;ŞARKIŞLA;BÜYÜKTOPAÇ NA;BÜYÜKTOPAÇ KÜME EVLER;sokak;158687
SİVAS;ŞARKIŞLA;BÜYÜKYÜREĞİL NA;BÜYÜKYÜREĞİL KÜME EVLER;sokak;711602
SİVAS;ŞARKIŞLA;CANABDAL - GÜDÜL;GÜDÜL KÜME EVLER;sokak;701656
SİVAS;ŞARKIŞLA;CANABDAL NA;CANABDAL KÜME EVLER;sokak;324262
SİVAS;ŞARKIŞLA;CEMEL - BAHÇELİEVLER;ATATÜRK CADDE;cadde;826479001
SİVAS;ŞARKIŞLA;CEMEL - BAHÇELİEVLER;AVCI SOKAK;sokak;595311600
SİVAS;ŞARKIŞLA;CEMEL - BAHÇELİEVLER;AYDEMİR SOKAK;sokak;153279921
SİVAS;ŞARKIŞLA;CEMEL - BAHÇELİEVLER;BAHÇELİEVLER FATİH SOKAK;sokak;235920821
SİVAS;ŞARKIŞLA;CEMEL - BAHÇELİEVLER;BARIŞ SOKAK;sokak;416119480
SİVAS;ŞARKIŞLA;CEMEL - BAHÇELİEVLER;CAMİİ SOKAK;sokak;328921
SİVAS;ŞARKIŞLA;CEMEL - BAHÇELİEVLER;CEVİZLİ SOKAK;sokak;372476081
SİVAS;ŞARKIŞLA;CEMEL - BAHÇELİEVLER;CUMHURİYET CADDE;cadde;328922
SİVAS;ŞARKIŞLA;CEMEL - BAHÇELİEVLER;ÇİĞDEM SOKAK;sokak;328920
SİVAS;ŞARKIŞLA;CEMEL - BAHÇELİEVLER;ÇİLEK SOKAK;sokak;219836060
SİVAS;ŞARKIŞLA;CEMEL - BAHÇELİEVLER;DAMLA SOKAK;sokak;328923
SİVAS;ŞARKIŞLA;CEMEL - BAHÇELİEVLER;DOĞU SOKAK;sokak;328924
SİVAS;ŞARKIŞLA;CEMEL - BAHÇELİEVLER;EKİCİ SOKAK;sokak;861264710
SİVAS;ŞARKIŞLA;CEMEL - BAHÇELİEVLER;EMIR TIMUR SOKAK;sokak;383407171
SİVAS;ŞARKIŞLA;CEMEL - BAHÇELİEVLER;ERDEM SOKAK;sokak;271190310
SİVAS;ŞARKIŞLA;CEMEL - BAHÇELİEVLER;EREN SOKAK;sokak;328929
SİVAS;ŞARKIŞLA;CEMEL - BAHÇELİEVLER;GONCA SOKAK;sokak;759164860
SİVAS;ŞARKIŞLA;CEMEL - BAHÇELİEVLER;GÜLERYÜZ SOKAK;sokak;835436520
SİVAS;ŞARKIŞLA;CEMEL - BAHÇELİEVLER;GÜVEN SOKAK;sokak;295915261
SİVAS;ŞARKIŞLA;CEMEL - BAHÇELİEVLER;HARMAN SOKAK;sokak;202064130
SİVAS;ŞARKIŞLA;CEMEL - BAHÇELİEVLER;HASBEY SOKAK;sokak;105172821
SİVAS;ŞARKIŞLA;CEMEL - BAHÇELİEVLER;İNCE SOKAK;sokak;328931
SİVAS;ŞARKIŞLA;CEMEL - BAHÇELİEVLER;KALAYCI SOKAK;sokak;602974131
SİVAS;ŞARKIŞLA;CEMEL - BAHÇELİEVLER;KAPAKLACA SOKAK;sokak;328930
SİVAS;ŞARKIŞLA;CEMEL - BAHÇELİEVLER;KARAMAN SOKAK;sokak;316217250
SİVAS;ŞARKIŞLA;CEMEL - BAHÇELİEVLER;KARANFİL SOKAK;sokak;502321070
SİVAS;ŞARKIŞLA;CEMEL - BAHÇELİEVLER;MENEKŞE SOKAK;sokak;273086670
SİVAS;ŞARKIŞLA;CEMEL - BAHÇELİEVLER;MEVLANA CADDE;cadde;328925
SİVAS;ŞARKIŞLA;CEMEL - BAHÇELİEVLER;NEVRUZ CADDE;cadde;127252
SİVAS;ŞARKIŞLA;CEMEL - BAHÇELİEVLER;OKUL CADDE;cadde;328926
SİVAS;ŞARKIŞLA;CEMEL - BAHÇELİEVLER;ÖZKUL SOKAK;sokak;778860340
SİVAS;ŞARKIŞLA;CEMEL - BAHÇELİEVLER;ÖZTÜRK SOKAK;sokak;274764230
SİVAS;ŞARKIŞLA;CEMEL - BAHÇELİEVLER;PETEK SOKAK;sokak;914919850
SİVAS;ŞARKIŞLA;CEMEL - BAHÇELİEVLER;PINAR SOKAK;sokak;880802881
SİVAS;ŞARKIŞLA;CEMEL - BAHÇELİEVLER;RADAR CADDE;cadde;328928
SİVAS;ŞARKIŞLA;CEMEL - BAHÇELİEVLER;SAĞLIK SOKAK;sokak;328927
SİVAS;ŞARKIŞLA;CEMEL - BAHÇELİEVLER;SEVGİ SOKAK;sokak;393937980
SİVAS;ŞARKIŞLA;CEMEL - BAHÇELİEVLER;ÜLKÜ SOKAK;sokak;700526910
SİVAS;ŞARKIŞLA;CEMEL - BAHÇELİEVLER;YENİYOL8 BAHÇELİEVLER SOKAK;sokak;365134140
SİVAS;ŞARKIŞLA;CEMEL - KARŞIYAKA;212. SOKAK;sokak;641821651
SİVAS;ŞARKIŞLA;CEMEL - KARŞIYAKA;213. SOKAK;sokak;480262311
SİVAS;ŞARKIŞLA;CEMEL - KARŞIYAKA;214 SOKAK;sokak;324276191
SİVAS;ŞARKIŞLA;CEMEL - KARŞIYAKA;215. SOKAK;sokak;899333601
SİVAS;ŞARKIŞLA;CEMEL - KARŞIYAKA;218. SOKAK;sokak;719891641
SİVAS;ŞARKIŞLA;CEMEL - KARŞIYAKA;220. SOKAK;sokak;800953671
SİVAS;ŞARKIŞLA;CEMEL - KARŞIYAKA;221 SOKAK;sokak;247360011
SİVAS;ŞARKIŞLA;CEMEL - KARŞIYAKA;222 SOKAK;sokak;468405591
SİVAS;ŞARKIŞLA;CEMEL - KARŞIYAKA;223 SOKAK;sokak;502668651
SİVAS;ŞARKIŞLA;CEMEL - KARŞIYAKA;224 SOKAK;sokak;211583571
SİVAS;ŞARKIŞLA;CEMEL - KARŞIYAKA;225 SOKAK;sokak;816432561
SİVAS;ŞARKIŞLA;CEMEL - KARŞIYAKA;226 SOKAK;sokak;166857291
SİVAS;ŞARKIŞLA;CEMEL - KARŞIYAKA;227 SOKAK;sokak;664562781
SİVAS;ŞARKIŞLA;CEMEL - KARŞIYAKA;228 SOKAK;sokak;344215111
SİVAS;ŞARKIŞLA;CEMEL - KARŞIYAKA;229 SOKAK;sokak;690005941
SİVAS;ŞARKIŞLA;CEMEL - KARŞIYAKA;230 SOKAK;sokak;122719871
SİVAS;ŞARKIŞLA;CEMEL - KARŞIYAKA;231 SOKAK;sokak;456934621
SİVAS;ŞARKIŞLA;CEMEL - KARŞIYAKA;232 SOKAK;sokak;217918351
SİVAS;ŞARKIŞLA;CEMEL - KARŞIYAKA;233 SOKAK;sokak;642674611
SİVAS;ŞARKIŞLA;CEMEL - KARŞIYAKA;234 SOKAK;sokak;800755421
SİVAS;ŞARKIŞLA;CEMEL - KARŞIYAKA;235 SOKAK;sokak;362458191
SİVAS;ŞARKIŞLA;CEMEL - KARŞIYAKA;236 SOKAK;sokak;793543951
SİVAS;ŞARKIŞLA;CEMEL - KARŞIYAKA;237. SOKAK;sokak;756185461
SİVAS;ŞARKIŞLA;CEMEL - KARŞIYAKA;CUMHURİYET CADDE;cadde;328933
SİVAS;ŞARKIŞLA;CEMEL - KARŞIYAKA;ÇIKMAZ SOKAK;sokak;328936
SİVAS;ŞARKIŞLA;CEMEL - KARŞIYAKA;FATİH CADDE;cadde;328934
SİVAS;ŞARKIŞLA;CEMEL - KARŞIYAKA;GÜL SOKAK;sokak;889770041
SİVAS;ŞARKIŞLA;CEMEL - KARŞIYAKA;HİLAL SOKAK;sokak;548220770
SİVAS;ŞARKIŞLA;CEMEL - KARŞIYAKA;HUZUR SOKAK;sokak;466860
SİVAS;ŞARKIŞLA;CEMEL - KARŞIYAKA;KÜÇÜK SOKAK;sokak;328935
SİVAS;ŞARKIŞLA;CEMEL - KARŞIYAKA;METİN SOKAK;sokak;416977720
SİVAS;ŞARKIŞLA;CEMEL - KARŞIYAKA;ÖĞLEGEÇEN SOKAK;sokak;328932
SİVAS;ŞARKIŞLA;CEMEL - KARŞIYAKA;SANCAK SOKAK;sokak;766661140
SİVAS;ŞARKIŞLA;CEMEL - KARŞIYAKA;SÜMBÜL SOKAK;sokak;604074
SİVAS;ŞARKIŞLA;CEMEL - KARŞIYAKA;ŞIK SOKAK;sokak;328937
SİVAS;ŞARKIŞLA;CEMEL - KARŞIYAKA;TCK DEVLET YOLU BULVAR;sokak;922579221
SİVAS;ŞARKIŞLA;CEMEL - KARŞIYAKA;ÜNAL SOKAK;sokak;256948600
SİVAS;ŞARKIŞLA;CEMEL - KARŞIYAKA;YILDIRIM SOKAK;sokak;466861
SİVAS;ŞARKIŞLA;CEMEL - YENİ;101 SOKAK;sokak;183321551
SİVAS;ŞARKIŞLA;CEMEL - YENİ;102 SOKAK;sokak;667375521
SİVAS;ŞARKIŞLA;CEMEL - YENİ;103 SOKAK;sokak;334285581
SİVAS;ŞARKIŞLA;CEMEL - YENİ;104 SOKAK;sokak;539112281
SİVAS;ŞARKIŞLA;CEMEL - YENİ;105 SOKAK;sokak;957662591
SİVAS;ŞARKIŞLA;CEMEL - YENİ;AKDAĞ SOKAK;sokak;360662491
SİVAS;ŞARKIŞLA;CEMEL - YENİ;AKINCI SOKAK;sokak;592106170
SİVAS;ŞARKIŞLA;CEMEL - YENİ;AKİF SOKAK;sokak;589437391
SİVAS;ŞARKIŞLA;CEMEL - YENİ;ALACA SOKAK;sokak;673135280
SİVAS;ŞARKIŞLA;CEMEL - YENİ;BELDE SOKAK;sokak;604835
SİVAS;ŞARKIŞLA;CEMEL - YENİ;BÖLÜK SOKAK;sokak;481902760
SİVAS;ŞARKIŞLA;CEMEL - YENİ;BULUT SOKAK;sokak;241585451
SİVAS;ŞARKIŞLA;CEMEL - YENİ;CAMİİ SOKAK;sokak;328938
SİVAS;ŞARKIŞLA;CEMEL - YENİ;ÇAYIR SOKAK;sokak;490088570
SİVAS;ŞARKIŞLA;CEMEL - YENİ;ÇINAR SOKAK;sokak;604082340
SİVAS;ŞARKIŞLA;CEMEL - YENİ;ÇİÇEK SOKAK;sokak;328942
SİVAS;ŞARKIŞLA;CEMEL - YENİ;ÇİMEN SOKAK;sokak;870982240
SİVAS;ŞARKIŞLA;CEMEL - YENİ;DARICI SOKAK;sokak;557326061
SİVAS;ŞARKIŞLA;CEMEL - YENİ;DEMİRCİ SOKAK;sokak;328939
SİVAS;ŞARKIŞLA;CEMEL - YENİ;DERE SOKAK;sokak;603488
SİVAS;ŞARKIŞLA;CEMEL - YENİ;FATİH CADDE;cadde;328940
SİVAS;ŞARKIŞLA;CEMEL - YENİ;GÜMÜŞ SOKAK;sokak;453937171
SİVAS;ŞARKIŞLA;CEMEL - YENİ;GÜNEŞ SOKAK;sokak;420790200
SİVAS;ŞARKIŞLA;CEMEL - YENİ;IHLAMUR SOKAK;sokak;105526441
SİVAS;ŞARKIŞLA;CEMEL - YENİ;IŞIK SOKAK;sokak;581190170
SİVAS;ŞARKIŞLA;CEMEL - YENİ;İNÖNÜ SOKAK;sokak;713101550
SİVAS;ŞARKIŞLA;CEMEL - YENİ;KENAR SOKAK;sokak;328941
SİVAS;ŞARKIŞLA;CEMEL - YENİ;KILIÇ SOKAK;sokak;232626781
SİVAS;ŞARKIŞLA;CEMEL - YENİ;KIVRIM SOKAK;sokak;466863
SİVAS;ŞARKIŞLA;CEMEL - YENİ;KÜME SOKAK;sokak;263137671
SİVAS;ŞARKIŞLA;CEMEL - YENİ;LALE SOKAK;sokak;345305430
SİVAS;ŞARKIŞLA;CEMEL - YENİ;MAŞATLAR SOKAK;sokak;397591210
SİVAS;ŞARKIŞLA;CEMEL - YENİ;NERGİZ SOKAK;sokak;576797970
SİVAS;ŞARKIŞLA;CEMEL - YENİ;NURİ ÇINAR SOKAK;sokak;912226121
SİVAS;ŞARKIŞLA;CEMEL - YENİ;ÖZDEMİR SOKAK;sokak;259499421
SİVAS;ŞARKIŞLA;CEMEL - YENİ;ÖZEL SOKAK;sokak;621689351
SİVAS;ŞARKIŞLA;CEMEL - YENİ;ÖZKAN SOKAK;sokak;574932721
SİVAS;ŞARKIŞLA;CEMEL - YENİ;ÖZKARA SOKAK;sokak;346866180
SİVAS;ŞARKIŞLA;CEMEL - YENİ;ÖZMEN SOKAK;sokak;904625401
SİVAS;ŞARKIŞLA;CEMEL - YENİ;PAŞA SOKAK;sokak;410512021
SİVAS;ŞARKIŞLA;CEMEL - YENİ;ŞAHİN SOKAK;sokak;379716940
SİVAS;ŞARKIŞLA;CEMEL - YENİ;TAŞTEPE SOKAK;sokak;669971310
SİVAS;ŞARKIŞLA;CEMEL - YENİ;TCK DEVLET YOLU BULVAR;sokak;584822250
SİVAS;ŞARKIŞLA;CEMEL - YENİ;TCK İL YOLU BULVAR;sokak;806643600
SİVAS;ŞARKIŞLA;CEMEL - YENİ;TECER SOKAK;sokak;630583410
SİVAS;ŞARKIŞLA;CEMEL - YENİ;UZUN SOKAK;sokak;476200181
SİVAS;ŞARKIŞLA;CEMEL - YENİ;VEYSEL SOKAK;sokak;658799910
SİVAS;ŞARKIŞLA;CEMEL - YENİ;YALIN SOKAK;sokak;651903401
SİVAS;ŞARKIŞLA;CEMEL - YENİ;YENİ CUMHURİYET CADDE;cadde;260685930
SİVAS;ŞARKIŞLA;CEMEL - YENİ;YENİ YENİ YOL 11 SOKAK;sokak;688511531
SİVAS;ŞARKIŞLA;CEMEL - YENİ;YENİ YENİ YOL 28 SOKAK;sokak;310708160
SİVAS;ŞARKIŞLA;CEMEL - YENİ;YENİ YENİ YOL 29 SOKAK;sokak;256709511
SİVAS;ŞARKIŞLA;CEMEL - YENİ;YENİ YENİ YOL 30 SOKAK;sokak;421650680
SİVAS;ŞARKIŞLA;CEMEL - YENİ;YENİ YENİ YOL 31 SOKAK;sokak;258953501
SİVAS;ŞARKIŞLA;CEMEL - YENİ;YENİ YENİ YOL 39 SOKAK;sokak;925667510
SİVAS;ŞARKIŞLA;CEMEL - YENİ;YENİ YENİ YOL 4 SOKAK;sokak;398636261
SİVAS;ŞARKIŞLA;CEMEL - YENİ;YENİ YENİ YOL 40 SOKAK;sokak;108905720
SİVAS;ŞARKIŞLA;CEMEL - YENİ;YILDIZ SOKAK;sokak;493291701
SİVAS;ŞARKIŞLA;CEMEL - YENİ;YONCA SOKAK;sokak;185777180
SİVAS;ŞARKIŞLA;CEMEL - YENİ;ZAFER SOKAK;sokak;393380900
SİVAS;ŞARKIŞLA;CEMEL - YENİ;ZAMBAK SOKAK;sokak;599003990
SİVAS;ŞARKIŞLA;ÇAMLICA NA;ÇAMLICA KÜME EVLER;sokak;574874
SİVAS;ŞARKIŞLA;ÇANAKÇI NA;ÇANAKÇI KÜME EVLER;sokak;678664
SİVAS;ŞARKIŞLA;ÇATALYOL NA;ÇATALYOL KÜME EVLER;sokak;535183
SİVAS;ŞARKIŞLA;ÇEKEM NA;ÇEKEM KÜME EVLER;sokak;160149
SİVAS;ŞARKIŞLA;ÇİÇEKLİYURT NA;ÇİÇEKLİYURT KÜME EVLER;sokak;665990
SİVAS;ŞARKIŞLA;DAMLACA;10-1 SOKAK;sokak;593812
SİVAS;ŞARKIŞLA;DAMLACA;10-10 SOKAK;sokak;480756750
SİVAS;ŞARKIŞLA;DAMLACA;10-11 SOKAK;sokak;174326670
SİVAS;ŞARKIŞLA;DAMLACA;10-12 SOKAK;sokak;644359850
SİVAS;ŞARKIŞLA;DAMLACA;10-13 SOKAK;sokak;260232590
SİVAS;ŞARKIŞLA;DAMLACA;10-14 SOKAK;sokak;532100190
SİVAS;ŞARKIŞLA;DAMLACA;10-15 SOKAK;sokak;414765400
SİVAS;ŞARKIŞLA;DAMLACA;10-16 SOKAK;sokak;808363980
SİVAS;ŞARKIŞLA;DAMLACA;10-17 SOKAK;sokak;935350030
SİVAS;ŞARKIŞLA;DAMLACA;10-18 SOKAK;sokak;377465590
SİVAS;ŞARKIŞLA;DAMLACA;10-19 SOKAK;sokak;360623130
SİVAS;ŞARKIŞLA;DAMLACA;10-2 SOKAK;sokak;593811
SİVAS;ŞARKIŞLA;DAMLACA;10-20 SOKAK;sokak;131542650
SİVAS;ŞARKIŞLA;DAMLACA;10-21 SOKAK;sokak;539761480
SİVAS;ŞARKIŞLA;DAMLACA;10-3 SOKAK;sokak;593810
SİVAS;ŞARKIŞLA;DAMLACA;10-4 SOKAK;sokak;593809
SİVAS;ŞARKIŞLA;DAMLACA;10-5 SOKAK;sokak;593808
SİVAS;ŞARKIŞLA;DAMLACA;10-6 SOKAK;sokak;593813
SİVAS;ŞARKIŞLA;DAMLACA;10-7 SOKAK;sokak;101893630
SİVAS;ŞARKIŞLA;DAMLACA;10-8 SOKAK;sokak;525345590
SİVAS;ŞARKIŞLA;DAMLACA;10-9 SOKAK;sokak;428573590
SİVAS;ŞARKIŞLA;DAMLACA;ACISU KENARI SOKAK;sokak;858964
SİVAS;ŞARKIŞLA;DAMLACA;AYTAÇ SOKAK;sokak;593815
SİVAS;ŞARKIŞLA;DAMLACA;BADEM SOKAK;sokak;328758
SİVAS;ŞARKIŞLA;DAMLACA;BAYINDIR SOKAK;sokak;871785
SİVAS;ŞARKIŞLA;DAMLACA;CAMİİ SOKAK;sokak;469181
SİVAS;ŞARKIŞLA;DAMLACA;ÇELEBİ SOKAK;sokak;593818
SİVAS;ŞARKIŞLA;DAMLACA;ÇINAR SOKAK;sokak;593805
SİVAS;ŞARKIŞLA;DAMLACA;DDY LOJMANLARI SOKAK;sokak;336084
SİVAS;ŞARKIŞLA;DAMLACA;EREN SOKAK;sokak;593806
SİVAS;ŞARKIŞLA;DAMLACA;HİCRET SOKAK;sokak;328759
SİVAS;ŞARKIŞLA;DAMLACA;İRİÇ SOKAK;sokak;586786
SİVAS;ŞARKIŞLA;DAMLACA;İSTASYON CADDE;cadde;328769
SİVAS;ŞARKIŞLA;DAMLACA;KARAKAVAK SOKAK;sokak;593819
SİVAS;ŞARKIŞLA;DAMLACA;KARAMAN SOKAK;sokak;593814
SİVAS;ŞARKIŞLA;DAMLACA;KAŞGARLI MAHMUD SOKAK;sokak;865367
SİVAS;ŞARKIŞLA;DAMLACA;KAYMAK YOLU SOKAK;sokak;328760
SİVAS;ŞARKIŞLA;DAMLACA;KISIM ŞEFLİĞİ SOKAK;sokak;469182
SİVAS;ŞARKIŞLA;DAMLACA;KOSOVA SOKAK;sokak;979435
SİVAS;ŞARKIŞLA;DAMLACA;KÜRKÇÜ SOKAK;sokak;328761
SİVAS;ŞARKIŞLA;DAMLACA;LEYLAK SOKAK;sokak;328762
SİVAS;ŞARKIŞLA;DAMLACA;OSMANLI SOKAK;sokak;1108173
SİVAS;ŞARKIŞLA;DAMLACA;ÖZLEM SOKAK;sokak;469185
SİVAS;ŞARKIŞLA;DAMLACA;SAZAK SOKAK;sokak;469183
SİVAS;ŞARKIŞLA;DAMLACA;SEHER SOKAK;sokak;328763
SİVAS;ŞARKIŞLA;DAMLACA;SELENAY SOKAK;sokak;328764
SİVAS;ŞARKIŞLA;DAMLACA;SEVİM SOKAK;sokak;593816
SİVAS;ŞARKIŞLA;DAMLACA;SİVAS ÇEVRE YOLU CADDE;cadde;469184
SİVAS;ŞARKIŞLA;DAMLACA;ŞEHİT DOĞAN KAYA SOKAK;sokak;1275987
SİVAS;ŞARKIŞLA;DAMLACA;ŞEHİT YILDIRIM KUZUCULAR CADDE;cadde;328757
SİVAS;ŞARKIŞLA;DAMLACA;TUĞRA SOKAK;sokak;593817
SİVAS;ŞARKIŞLA;DAMLACA;ÜMİT SOKAK;sokak;328768
SİVAS;ŞARKIŞLA;DAMLACA;YENER SOKAK;sokak;842607
SİVAS;ŞARKIŞLA;DAMLACA;YILDIZ SOKAK;sokak;328765
SİVAS;ŞARKIŞLA;DAMLACA;YILMAZ SOKAK;sokak;593807
SİVAS;ŞARKIŞLA;DAMLACA;ZAMBAK SOKAK;sokak;328766
SİVAS;ŞARKIŞLA;DAMLACA;ZÜMRÜT SOKAK;sokak;328767
SİVAS;ŞARKIŞLA;DEMİRBOĞA NA;DEMİRBOĞA KÜME EVLER;sokak;656598
SİVAS;ŞARKIŞLA;DEMİRKÖPRÜ NA;DEMİRKÖPRÜ KÜME EVLER;sokak;107147
SİVAS;ŞARKIŞLA;DİKİLİ NA;DİKİLİ KÜME EVLER;sokak;522365
SİVAS;ŞARKIŞLA;DÖKMETAŞ - AŞAĞI;AŞAĞI KÜME EVLER;sokak;417071
SİVAS;ŞARKIŞLA;DÖKMETAŞ - YUKARI;YUKARI KÜME EVLER;sokak;280956
SİVAS;ŞARKIŞLA;DÖLLÜK NA;DÖLLÜK KÜME EVLER;sokak;395389
SİVAS;ŞARKIŞLA;ELMALI NA;ELMALI KÜME EVLER;sokak;658019
SİVAS;ŞARKIŞLA;EMLAKKARACAÖREN NA;KÖYÜN KENDİSİ KÜME EVLER;sokak;694805
SİVAS;ŞARKIŞLA;ESENTEPE;4-1 SOKAK;sokak;592591760
SİVAS;ŞARKIŞLA;ESENTEPE;4-10 SOKAK;sokak;1505215
SİVAS;ŞARKIŞLA;ESENTEPE;4-11 SOKAK;sokak;1516959
SİVAS;ŞARKIŞLA;ESENTEPE;4-12 SOKAK;sokak;249227000
SİVAS;ŞARKIŞLA;ESENTEPE;4-13 SOKAK;sokak;538998450
SİVAS;ŞARKIŞLA;ESENTEPE;4-14 SOKAK;sokak;652380990
SİVAS;ŞARKIŞLA;ESENTEPE;4-15 SOKAK;sokak;115498130
SİVAS;ŞARKIŞLA;ESENTEPE;4-16 SOKAK;sokak;180951410
SİVAS;ŞARKIŞLA;ESENTEPE;4-17 SOKAK;sokak;214319600
SİVAS;ŞARKIŞLA;ESENTEPE;4-18 SOKAK;sokak;220499100
SİVAS;ŞARKIŞLA;ESENTEPE;4-19 SOKAK;sokak;434464830
SİVAS;ŞARKIŞLA;ESENTEPE;4-2 SOKAK;sokak;999203990
SİVAS;ŞARKIŞLA;ESENTEPE;4-20 SOKAK;sokak;779166900
SİVAS;ŞARKIŞLA;ESENTEPE;4-21 SOKAK;sokak;428082040
SİVAS;ŞARKIŞLA;ESENTEPE;4-22 SOKAK;sokak;580169570
SİVAS;ŞARKIŞLA;ESENTEPE;4-23 SOKAK;sokak;839794680
SİVAS;ŞARKIŞLA;ESENTEPE;4-24 SOKAK;sokak;592173560
SİVAS;ŞARKIŞLA;ESENTEPE;4-25 SOKAK;sokak;418666410
SİVAS;ŞARKIŞLA;ESENTEPE;4-26 SOKAK;sokak;201815740
SİVAS;ŞARKIŞLA;ESENTEPE;4-27 SOKAK;sokak;378517140
SİVAS;ŞARKIŞLA;ESENTEPE;4-28 SOKAK;sokak;215609250
SİVAS;ŞARKIŞLA;ESENTEPE;4-29 SOKAK;sokak;401000260
SİVAS;ŞARKIŞLA;ESENTEPE;4-3 SOKAK;sokak;600402
SİVAS;ŞARKIŞLA;ESENTEPE;4-30 SOKAK;sokak;937408350
SİVAS;ŞARKIŞLA;ESENTEPE;4-31 SOKAK;sokak;909061400
SİVAS;ŞARKIŞLA;ESENTEPE;4-32 SOKAK;sokak;511056090
SİVAS;ŞARKIŞLA;ESENTEPE;4-33 SOKAK;sokak;560040540
SİVAS;ŞARKIŞLA;ESENTEPE;4-34 SOKAK;sokak;429877010
SİVAS;ŞARKIŞLA;ESENTEPE;4-35 SOKAK;sokak;464039520
SİVAS;ŞARKIŞLA;ESENTEPE;4-36 SOKAK;sokak;948697320
SİVAS;ŞARKIŞLA;ESENTEPE;4-37 SOKAK;sokak;631508331
SİVAS;ŞARKIŞLA;ESENTEPE;4-38 SOKAK;sokak;513911911
SİVAS;ŞARKIŞLA;ESENTEPE;4-39 SOKAK;sokak;174215381
SİVAS;ŞARKIŞLA;ESENTEPE;4-4 SOKAK;sokak;469186
SİVAS;ŞARKIŞLA;ESENTEPE;4-40 SOKAK;sokak;679985671
SİVAS;ŞARKIŞLA;ESENTEPE;4-5 SOKAK;sokak;823824
SİVAS;ŞARKIŞLA;ESENTEPE;4-6 SOKAK;sokak;118854310
SİVAS;ŞARKIŞLA;ESENTEPE;4-7 SOKAK;sokak;346438090
SİVAS;ŞARKIŞLA;ESENTEPE;4-8 SOKAK;sokak;839060
SİVAS;ŞARKIŞLA;ESENTEPE;4-9 SOKAK;sokak;1495193
SİVAS;ŞARKIŞLA;ESENTEPE;ACAR SOKAK;sokak;328770
SİVAS;ŞARKIŞLA;ESENTEPE;AHU SOKAK;sokak;328771
SİVAS;ŞARKIŞLA;ESENTEPE;AKKUŞ SOKAK;sokak;609371
SİVAS;ŞARKIŞLA;ESENTEPE;AKSU SOKAK;sokak;469187
SİVAS;ŞARKIŞLA;ESENTEPE;ALICI SOKAK;sokak;608945
SİVAS;ŞARKIŞLA;ESENTEPE;ALPARSLAN SOKAK;sokak;611764
SİVAS;ŞARKIŞLA;ESENTEPE;ALPEREN SOKAK;sokak;328772
SİVAS;ŞARKIŞLA;ESENTEPE;ALTUN SOKAK;sokak;328773
SİVAS;ŞARKIŞLA;ESENTEPE;ASENA SOKAK;sokak;328774
SİVAS;ŞARKIŞLA;ESENTEPE;BARAJ YANI SOKAK;sokak;469188
SİVAS;ŞARKIŞLA;ESENTEPE;BARAJ YOLU SOKAK;sokak;93738
SİVAS;ŞARKIŞLA;ESENTEPE;BAŞBAĞLAR SOKAK;sokak;328775
SİVAS;ŞARKIŞLA;ESENTEPE;BOSTANCI SOKAK;sokak;600968
SİVAS;ŞARKIŞLA;ESENTEPE;BOYLU SOKAK;sokak;600971
SİVAS;ŞARKIŞLA;ESENTEPE;CAHAR DUDAYEV SOKAK;sokak;1416605
SİVAS;ŞARKIŞLA;ESENTEPE;CANPOLAT SOKAK;sokak;328776
SİVAS;ŞARKIŞLA;ESENTEPE;CEYLAN SOKAK;sokak;469189
SİVAS;ŞARKIŞLA;ESENTEPE;CİHANGİR SOKAK;sokak;328777
SİVAS;ŞARKIŞLA;ESENTEPE;ÇAĞLAYAN SOKAK;sokak;469200
SİVAS;ŞARKIŞLA;ESENTEPE;ÇAKMAK SOKAK;sokak;329525
SİVAS;ŞARKIŞLA;ESENTEPE;ÇELİK SOKAK;sokak;329526
SİVAS;ŞARKIŞLA;ESENTEPE;ÇETİNALP SOKAK;sokak;600970
SİVAS;ŞARKIŞLA;ESENTEPE;ÇİSEM SOKAK;sokak;329527
SİVAS;ŞARKIŞLA;ESENTEPE;DİKİLİTAŞ SOKAK;sokak;328779
SİVAS;ŞARKIŞLA;ESENTEPE;DİRİLİŞ SOKAK;sokak;1292805
SİVAS;ŞARKIŞLA;ESENTEPE;DR.SADIK AHMET CADDE;cadde;328778
SİVAS;ŞARKIŞLA;ESENTEPE;EKİN SOKAK;sokak;611762
SİVAS;ŞARKIŞLA;ESENTEPE;ERBAY SOKAK;sokak;600403
SİVAS;ŞARKIŞLA;ESENTEPE;ERSOY SOKAK;sokak;328780
SİVAS;ŞARKIŞLA;ESENTEPE;ERTUĞRUL GAZİ SOKAK;sokak;469190
SİVAS;ŞARKIŞLA;ESENTEPE;GARİPLER SOKAK;sokak;328781
SİVAS;ŞARKIŞLA;ESENTEPE;GÜMÜŞ SOKAK;sokak;600841
SİVAS;ŞARKIŞLA;ESENTEPE;GÜRAY SOKAK;sokak;328782
SİVAS;ŞARKIŞLA;ESENTEPE;KABRİSTAN YANI SOKAK;sokak;328783
SİVAS;ŞARKIŞLA;ESENTEPE;KARAAĞAÇ SOKAK;sokak;469192
SİVAS;ŞARKIŞLA;ESENTEPE;KARABAĞ SOKAK;sokak;328784
SİVAS;ŞARKIŞLA;ESENTEPE;KARACA SOKAK;sokak;329508
SİVAS;ŞARKIŞLA;ESENTEPE;KEPENEK SOKAK;sokak;329509
SİVAS;ŞARKIŞLA;ESENTEPE;KEVİOĞLU SOKAK;sokak;1084346
SİVAS;ŞARKIŞLA;ESENTEPE;KILIÇ CADDE;cadde;469193
SİVAS;ŞARKIŞLA;ESENTEPE;KINALI SOKAK;sokak;329510
SİVAS;ŞARKIŞLA;ESENTEPE;KIŞLA SOKAK;sokak;469194
SİVAS;ŞARKIŞLA;ESENTEPE;KIZILIRMAK SOKAK;sokak;329511
SİVAS;ŞARKIŞLA;ESENTEPE;KÖPRÜ BAŞI SOKAK;sokak;329513
SİVAS;ŞARKIŞLA;ESENTEPE;KUM OCAĞI YOLU KÜME EVLER;sokak;632347
SİVAS;ŞARKIŞLA;ESENTEPE;KUTHAN SOKAK;sokak;329512
SİVAS;ŞARKIŞLA;ESENTEPE;KÜMBET ÖNÜ SOKAK;sokak;329514
SİVAS;ŞARKIŞLA;ESENTEPE;MİLLİ İRADE SOKAK;sokak;1269037
SİVAS;ŞARKIŞLA;ESENTEPE;NUR SOKAK;sokak;469195
SİVAS;ŞARKIŞLA;ESENTEPE;ONBAŞI SOKAK;sokak;1223723
SİVAS;ŞARKIŞLA;ESENTEPE;OSMAN FAZIL POLAT CADDE;cadde;329515
SİVAS;ŞARKIŞLA;ESENTEPE;OZAN SULTAN ARDUÇ SOKAK;sokak;1026570
SİVAS;ŞARKIŞLA;ESENTEPE;ÖMER SEYFETTİN SOKAK;sokak;1441205
SİVAS;ŞARKIŞLA;ESENTEPE;ÖZKUL SOKAK;sokak;608508
SİVAS;ŞARKIŞLA;ESENTEPE;PAPATYA SOKAK;sokak;610591
SİVAS;ŞARKIŞLA;ESENTEPE;PELİT SOKAK;sokak;600400
SİVAS;ŞARKIŞLA;ESENTEPE;PINAR SOKAK;sokak;569863
SİVAS;ŞARKIŞLA;ESENTEPE;PINARBAŞI YOLU CADDE;cadde;469196
SİVAS;ŞARKIŞLA;ESENTEPE;SADE SOKAK;sokak;329517
SİVAS;ŞARKIŞLA;ESENTEPE;SAFİYE SOKAK;sokak;607625
SİVAS;ŞARKIŞLA;ESENTEPE;SAMUR SOKAK;sokak;329518
SİVAS;ŞARKIŞLA;ESENTEPE;SARICA SOKAK;sokak;469197
SİVAS;ŞARKIŞLA;ESENTEPE;SEBAT SOKAK;sokak;606038
SİVAS;ŞARKIŞLA;ESENTEPE;SEVAL SOKAK;sokak;329520
SİVAS;ŞARKIŞLA;ESENTEPE;SEYİT SOKAK;sokak;469198
SİVAS;ŞARKIŞLA;ESENTEPE;SİVAS ÇEVRE YOLU CADDE;cadde;150767220
SİVAS;ŞARKIŞLA;ESENTEPE;SİVAS-KAYSERİ YOLU KÜME EVLER;sokak;936605
SİVAS;ŞARKIŞLA;ESENTEPE;SÜRMELİ SOKAK;sokak;329521
SİVAS;ŞARKIŞLA;ESENTEPE;ŞAHİN SOKAK;sokak;329528
SİVAS;ŞARKIŞLA;ESENTEPE;ŞEHİT OĞUZ BALIKÇI 1 SOKAK;sokak;126751200
SİVAS;ŞARKIŞLA;ESENTEPE;ŞEHİT OĞUZ BALIKÇI SOKAK;sokak;608507
SİVAS;ŞARKIŞLA;ESENTEPE;ŞEHİT OĞUZ YORULMAZ SOKAK;sokak;612003
SİVAS;ŞARKIŞLA;ESENTEPE;ŞEHİT RIFAT ÇELİK CADDE;cadde;469201
SİVAS;ŞARKIŞLA;ESENTEPE;ŞEHİT TUNCER ÇELİKER SOKAK;sokak;329529
SİVAS;ŞARKIŞLA;ESENTEPE;ŞEHİT YILDIRIM KUZUCULAR 1 SOKAK;sokak;939546
SİVAS;ŞARKIŞLA;ESENTEPE;ŞEHİTLER PARKI SOKAK;sokak;609831
SİVAS;ŞARKIŞLA;ESENTEPE;ŞENER SOKAK;sokak;605949
SİVAS;ŞARKIŞLA;ESENTEPE;TUNA SOKAK;sokak;329523
SİVAS;ŞARKIŞLA;ESENTEPE;TÜRKMENELİ SOKAK;sokak;886702
SİVAS;ŞARKIŞLA;ESENTEPE;YAPALTIN YOLU SOKAK;sokak;469191
SİVAS;ŞARKIŞLA;ESENTEPE;YAPALTIN YOLU/1 SOKAK;sokak;609175230
SİVAS;ŞARKIŞLA;ESENTEPE;YELKENLİ SOKAK;sokak;469199
SİVAS;ŞARKIŞLA;ESENTEPE;YENİ SANAYİ 1. SOKAK;sokak;323191
SİVAS;ŞARKIŞLA;ESENTEPE;YENİ SANAYİ 10 SOKAK;sokak;140098640
SİVAS;ŞARKIŞLA;ESENTEPE;YENİ SANAYİ 11 SOKAK;sokak;272429080
SİVAS;ŞARKIŞLA;ESENTEPE;YENİ SANAYİ 2. SOKAK;sokak;323192
SİVAS;ŞARKIŞLA;ESENTEPE;YENİ SANAYİ 3. SOKAK;sokak;323194
SİVAS;ŞARKIŞLA;ESENTEPE;YENİ SANAYİ 4. SOKAK;sokak;323197
SİVAS;ŞARKIŞLA;ESENTEPE;YENİ SANAYİ 5. SOKAK;sokak;613494
SİVAS;ŞARKIŞLA;ESENTEPE;YENİ SANAYİ 6. SOKAK;sokak;1312543
SİVAS;ŞARKIŞLA;ESENTEPE;YENİ SANAYİ 7. SOKAK;sokak;1436069
SİVAS;ŞARKIŞLA;ESENTEPE;YENİ SANAYİ 8 SOKAK;sokak;226363510
SİVAS;ŞARKIŞLA;ESENTEPE;YENİ SANAYİ 9 SOKAK;sokak;100481480
SİVAS;ŞARKIŞLA;ESENTEPE;YENİ SANAYİ SOSYAL TESİSLERİ SOKAK;sokak;607834
SİVAS;ŞARKIŞLA;ESENTEPE;YENİYOL2 DOĞU SOKAK;sokak;102764180
SİVAS;ŞARKIŞLA;ESENTEPE;YERLİ SOKAK;sokak;329524
SİVAS;ŞARKIŞLA;ESENTEPE;YONCA SOKAK;sokak;605598
SİVAS;ŞARKIŞLA;ESENTEPE;ZEYTİN DALI SOKAK;sokak;1389633
SİVAS;ŞARKIŞLA;FAKILI NA;FAKILI KÜME EVLER;sokak;505627
SİVAS;ŞARKIŞLA;FARAŞDERESİ NA;FARASDERESI- SOKAK;sokak;843529
SİVAS;ŞARKIŞLA;FARAŞDERESİ NA;FARAŞDERESİ KÜME EVLER;sokak;590036
SİVAS;ŞARKIŞLA;GAZİKÖY NA;GAZİKÖY KÜME EVLER;sokak;545773
SİVAS;ŞARKIŞLA;GÜCÜK NA;GÜCÜK KÜME EVLER;sokak;684178
SİVAS;ŞARKIŞLA;GÜLÖREN NA;GÜLÖREN KÜME EVLER;sokak;591018
SİVAS;ŞARKIŞLA;GÜLTEKİN;2-1 SOKAK;sokak;863695
SİVAS;ŞARKIŞLA;GÜLTEKİN;2-10 SOKAK;sokak;280121361
SİVAS;ŞARKIŞLA;GÜLTEKİN;2-2 SOKAK;sokak;329533
SİVAS;ŞARKIŞLA;GÜLTEKİN;2-3 SOKAK;sokak;881890480
SİVAS;ŞARKIŞLA;GÜLTEKİN;2-4 SOKAK;sokak;984712460
SİVAS;ŞARKIŞLA;GÜLTEKİN;2-5 SOKAK;sokak;723275050
SİVAS;ŞARKIŞLA;GÜLTEKİN;2-6 SOKAK;sokak;241790610
SİVAS;ŞARKIŞLA;GÜLTEKİN;2-7 SOKAK;sokak;289246290
SİVAS;ŞARKIŞLA;GÜLTEKİN;2-8 SOKAK;sokak;954526450
SİVAS;ŞARKIŞLA;GÜLTEKİN;2-9 SOKAK;sokak;689599641
SİVAS;ŞARKIŞLA;GÜLTEKİN;AŞIK RUHSATİ SOKAK;sokak;889938
SİVAS;ŞARKIŞLA;GÜLTEKİN;AŞIK SEFİL SELİMİ SOKAK;sokak;327972
SİVAS;ŞARKIŞLA;GÜLTEKİN;AŞIK ŞEVKİ ESEN SOKAK;sokak;624994
SİVAS;ŞARKIŞLA;GÜLTEKİN;BARBAROS SOKAK;sokak;369910
SİVAS;ŞARKIŞLA;GÜLTEKİN;BAYIR SOKAK;sokak;329530
SİVAS;ŞARKIŞLA;GÜLTEKİN;BEREKET SOKAK;sokak;1321189
SİVAS;ŞARKIŞLA;GÜLTEKİN;CAHİT TUNCER SOKAK;sokak;329531
SİVAS;ŞARKIŞLA;GÜLTEKİN;CELAL BAYAR SOKAK;sokak;469202
SİVAS;ŞARKIŞLA;GÜLTEKİN;CEVHER SOKAK;sokak;369911
SİVAS;ŞARKIŞLA;GÜLTEKİN;EFRAİM EFENDİ SOKAK;sokak;329534
SİVAS;ŞARKIŞLA;GÜLTEKİN;FATİH SOKAK;sokak;329535
SİVAS;ŞARKIŞLA;GÜLTEKİN;GÖLBAŞI CADDE;cadde;327976
SİVAS;ŞARKIŞLA;GÜLTEKİN;HACI HİMMETLİ SOKAK;sokak;309966560
SİVAS;ŞARKIŞLA;GÜLTEKİN;HAFIZ ÖMER SOKAK;sokak;621743
SİVAS;ŞARKIŞLA;GÜLTEKİN;İBRAHİM GÖKER CADDE;cadde;469203
SİVAS;ŞARKIŞLA;GÜLTEKİN;KALE YÜZÜ SOKAK;sokak;630537
SİVAS;ŞARKIŞLA;GÜLTEKİN;KARASOKU SOKAK;sokak;329536
SİVAS;ŞARKIŞLA;GÜLTEKİN;KÜRŞAD SOKAK;sokak;1513715
SİVAS;ŞARKIŞLA;GÜLTEKİN;MADIMAK SOKAK;sokak;477892
SİVAS;ŞARKIŞLA;GÜLTEKİN;MİMAR SİNAN SOKAK;sokak;327970
SİVAS;ŞARKIŞLA;GÜLTEKİN;MUHSİN YAZICIOĞLU BULVAR;sokak;329532
SİVAS;ŞARKIŞLA;GÜLTEKİN;MURAT CAMİİ SOKAK;sokak;329537
SİVAS;ŞARKIŞLA;GÜLTEKİN;MUSTAFA ALP SOKAK;sokak;327969
SİVAS;ŞARKIŞLA;GÜLTEKİN;ÖTÜKEN SOKAK;sokak;878294
SİVAS;ŞARKIŞLA;GÜLTEKİN;PLEVNE SOKAK;sokak;327971
SİVAS;ŞARKIŞLA;GÜLTEKİN;SANCAK SOKAK;sokak;864862
SİVAS;ŞARKIŞLA;GÜLTEKİN;SU DEPOSU 1. SOKAK;sokak;327973
SİVAS;ŞARKIŞLA;GÜLTEKİN;SU DEPOSU 3. SOKAK;sokak;619902
SİVAS;ŞARKIŞLA;GÜLTEKİN;SU DEPOSU2. SOKAK;sokak;327974
SİVAS;ŞARKIŞLA;GÜLTEKİN;SU KUYUSU YOLU KÜME EVLER;sokak;327975
SİVAS;ŞARKIŞLA;GÜLTEKİN;ŞEHİT BAŞAR DOĞAN SOKAK;sokak;625699
SİVAS;ŞARKIŞLA;GÜLTEKİN;ŞEHİT MUSTAFA BEDİRHAN KARAKAYA SOKAK;sokak;1417721
SİVAS;ŞARKIŞLA;GÜLTEKİN;TCK DEVLET YOLU BULVAR;sokak;128107760
SİVAS;ŞARKIŞLA;GÜLTEKİN;YUNUS EMRE SOKAK;sokak;1034958
SİVAS;ŞARKIŞLA;GÜMÜŞTEPE - MUHACİR;MUHACİR KÜME EVLER;sokak;700281
SİVAS;ŞARKIŞLA;GÜMÜŞTEPE - YERLİ;YERLİ KÜME EVLER;sokak;700733
SİVAS;ŞARKIŞLA;GÜRÇAYIR - ÇİÇEKLİ;AKINCI SOKAK;sokak;190613731
SİVAS;ŞARKIŞLA;GÜRÇAYIR - ÇİÇEKLİ;ALİ İHSAN PAŞA SOKAK;sokak;466864
SİVAS;ŞARKIŞLA;GÜRÇAYIR - ÇİÇEKLİ;ALTAY SOKAK;sokak;755240171
SİVAS;ŞARKIŞLA;GÜRÇAYIR - ÇİÇEKLİ;BAYRAKTAR SOKAK;sokak;547904231
SİVAS;ŞARKIŞLA;GÜRÇAYIR - ÇİÇEKLİ;FİDANLIK SOKAK;sokak;328943
SİVAS;ŞARKIŞLA;GÜRÇAYIR - ÇİÇEKLİ;GÜLERYÜZ SOKAK;sokak;622564
SİVAS;ŞARKIŞLA;GÜRÇAYIR - ÇİÇEKLİ;İSTİKLAL CADDE;cadde;572882
SİVAS;ŞARKIŞLA;GÜRÇAYIR - ÇİÇEKLİ;İSTİKLAL1 SOKAK;sokak;188093431
SİVAS;ŞARKIŞLA;GÜRÇAYIR - ÇİÇEKLİ;KAZIM PAŞA SOKAK;sokak;328944
SİVAS;ŞARKIŞLA;GÜRÇAYIR - ÇİÇEKLİ;KURTULŞ SOKAK;sokak;584005
SİVAS;ŞARKIŞLA;GÜRÇAYIR - ÇİÇEKLİ;MENDERES SOKAK;sokak;328945
SİVAS;ŞARKIŞLA;GÜRÇAYIR - ÇİÇEKLİ;MUHSİN YAZICIOĞLU CADDE;cadde;328946
SİVAS;ŞARKIŞLA;GÜRÇAYIR - ÇİÇEKLİ;OSMAN PAŞA CADDE;cadde;466865
SİVAS;ŞARKIŞLA;GÜRÇAYIR - ÇİÇEKLİ;SİVAS-KAYSERİ CADDE;cadde;385838941
SİVAS;ŞARKIŞLA;GÜRÇAYIR - ÇİÇEKLİ;TCK İL YOLU BULVAR;sokak;616447611
SİVAS;ŞARKIŞLA;GÜRÇAYIR - ÇİÇEKLİ;YENİ YOL 30 ÇİÇEKLİ SOKAK;sokak;214871780
SİVAS;ŞARKIŞLA;GÜRÇAYIR - ÇİÇEKLİ;YENİYOL 4 ÇİÇEKLİ SOKAK;sokak;743312321
SİVAS;ŞARKIŞLA;GÜRÇAYIR - ÇİÇEKLİ;YENİYOL 5 ÇİÇEKLİ SOKAK;sokak;569677971
SİVAS;ŞARKIŞLA;GÜRÇAYIR - ÇİÇEKLİ;YENİYOL1 ÇİÇEKLİ SOKAK;sokak;941255071
SİVAS;ŞARKIŞLA;GÜRÇAYIR - ÇİÇEKLİ;YENİYOL13 ÇİÇEKLİ SOKAK;sokak;466375420
SİVAS;ŞARKIŞLA;GÜRÇAYIR - ÇİÇEKLİ;YENİYOL14 ÇİÇEKLİ SOKAK;sokak;779477861
SİVAS;ŞARKIŞLA;GÜRÇAYIR - ÇİÇEKLİ;YENİYOL2 ÇİÇEKLİ SOKAK;sokak;367323110
SİVAS;ŞARKIŞLA;GÜRÇAYIR - ÇİÇEKLİ;YENİYOL21 ÇİÇEKLİ SOKAK;sokak;722413751
SİVAS;ŞARKIŞLA;GÜRÇAYIR - ÇİÇEKLİ;YENİYOL22 ÇİÇEKLİ SOKAK;sokak;740908951
SİVAS;ŞARKIŞLA;GÜRÇAYIR - ÇİÇEKLİ;YENİYOL26 ÇİÇEKLİ SOKAK;sokak;211107620
SİVAS;ŞARKIŞLA;GÜRÇAYIR - ÇİÇEKLİ;YENİYOL27 ÇİÇEKLİ SOKAK;sokak;631951271
SİVAS;ŞARKIŞLA;GÜRÇAYIR - ÇİÇEKLİ;YENİYOL29 ÇİÇEKLİ SOKAK;sokak;729122721
SİVAS;ŞARKIŞLA;GÜRÇAYIR - ÇİÇEKLİ;YENİYOL3 ÇİÇEKLİ SOKAK;sokak;407704221
SİVAS;ŞARKIŞLA;GÜRÇAYIR - ÇİÇEKLİ;YENİYOL30 ÇİÇEKLİ SOKAK;sokak;526994771
SİVAS;ŞARKIŞLA;GÜRÇAYIR - ÇİÇEKLİ;YENİYOL31 ÇİÇEKLİ SOKAK;sokak;386237400
SİVAS;ŞARKIŞLA;GÜRÇAYIR - ÇİÇEKLİ;YENİYOL32 ÇİÇEKLİ SOKAK;sokak;802789300
SİVAS;ŞARKIŞLA;GÜRÇAYIR - ÇİÇEKLİ;YENİYOL33 ÇİÇEKLİ SOKAK;sokak;715281601
SİVAS;ŞARKIŞLA;GÜRÇAYIR - ÇİÇEKLİ;YENİYOL34 ÇİÇEKLİ SOKAK;sokak;190246371
SİVAS;ŞARKIŞLA;GÜRÇAYIR - ÇİÇEKLİ;YENİYOL8 ÇİÇEKLİ SOKAK;sokak;650935690
SİVAS;ŞARKIŞLA;GÜRÇAYIR - ÇİÇEKLİ;YENİYOL9 ÇİÇEKLİ SOKAK;sokak;917096000
SİVAS;ŞARKIŞLA;GÜRÇAYIR - DOĞU;AKSUNGUR SOKAK;sokak;493953381
SİVAS;ŞARKIŞLA;GÜRÇAYIR - DOĞU;ERTUĞRUL SOKAK;sokak;552083181
SİVAS;ŞARKIŞLA;GÜRÇAYIR - DOĞU;FATİH MEHMET SOKAK;sokak;328951
SİVAS;ŞARKIŞLA;GÜRÇAYIR - DOĞU;FEVZİ PAŞA CADDE;cadde;328947
SİVAS;ŞARKIŞLA;GÜRÇAYIR - DOĞU;GÜLER SOKAK;sokak;328948
SİVAS;ŞARKIŞLA;GÜRÇAYIR - DOĞU;GÜLMEZ SOKAK;sokak;466866
SİVAS;ŞARKIŞLA;GÜRÇAYIR - DOĞU;MUHSİN YAZICIOĞLU CADDE;cadde;466867
SİVAS;ŞARKIŞLA;GÜRÇAYIR - DOĞU;SİVAS-KAYSERİ CADDE;cadde;328949
SİVAS;ŞARKIŞLA;GÜRÇAYIR - DOĞU;YAPALTIN YOLU SOKAK;sokak;328950
SİVAS;ŞARKIŞLA;GÜRÇAYIR - DOĞU;YENİYOL1 DOĞU SOKAK;sokak;574433841
SİVAS;ŞARKIŞLA;GÜRÇAYIR - DOĞU;YENİYOL11 DOĞU SOKAK;sokak;889193521
SİVAS;ŞARKIŞLA;GÜRÇAYIR - DOĞU;YENİYOL13 DOĞU SOKAK;sokak;202798811
SİVAS;ŞARKIŞLA;GÜRÇAYIR - DOĞU;YENİYOL15 DOĞU SOKAK;sokak;676187441
SİVAS;ŞARKIŞLA;GÜRÇAYIR - DOĞU;YENİYOL16 DOĞU SOKAK;sokak;684000760
SİVAS;ŞARKIŞLA;GÜRÇAYIR - DOĞU;YENİYOL17 DOĞU SOKAK;sokak;294746240
SİVAS;ŞARKIŞLA;GÜRÇAYIR - DOĞU;YENİYOL18 DOĞU SOKAK;sokak;943066280
SİVAS;ŞARKIŞLA;GÜRÇAYIR - DOĞU;YENİYOL2 DOĞU SOKAK;sokak;871338560
SİVAS;ŞARKIŞLA;GÜRÇAYIR - DOĞU;YENİYOL21 DOĞU SOKAK;sokak;128893821
SİVAS;ŞARKIŞLA;GÜRÇAYIR - DOĞU;YENİYOL32 DOĞU SOKAK;sokak;479682190
SİVAS;ŞARKIŞLA;GÜRÇAYIR - YENİ;1. SOKAK;sokak;1040750
SİVAS;ŞARKIŞLA;GÜRÇAYIR - YENİ;2. SOKAK;sokak;1040752
SİVAS;ŞARKIŞLA;GÜRÇAYIR - YENİ;3. SOKAK;sokak;1040754
SİVAS;ŞARKIŞLA;GÜRÇAYIR - YENİ;4. SOKAK;sokak;1040756
SİVAS;ŞARKIŞLA;GÜRÇAYIR - YENİ;5. SOKAK;sokak;1040758
SİVAS;ŞARKIŞLA;GÜRÇAYIR - YENİ;ALİ İHSAN PAŞA SOKAK;sokak;328957
SİVAS;ŞARKIŞLA;GÜRÇAYIR - YENİ;ALPARSLAN SOKAK;sokak;495371941
SİVAS;ŞARKIŞLA;GÜRÇAYIR - YENİ;BARBAROS HAYRETTİN PAŞA SOKAK;sokak;328958
SİVAS;ŞARKIŞLA;GÜRÇAYIR - YENİ;BELEDİYE SOKAK;sokak;328959
SİVAS;ŞARKIŞLA;GÜRÇAYIR - YENİ;CUMHURİYET CADDE;cadde;90079
SİVAS;ŞARKIŞLA;GÜRÇAYIR - YENİ;ESENLER SOKAK;sokak;392703
SİVAS;ŞARKIŞLA;GÜRÇAYIR - YENİ;FEVZİ PAŞA CADDE;cadde;466870
SİVAS;ŞARKIŞLA;GÜRÇAYIR - YENİ;GÜLTEPE SOKAK;sokak;90082
SİVAS;ŞARKIŞLA;GÜRÇAYIR - YENİ;İMARYOLU 1 SOKAK;sokak;422862291
SİVAS;ŞARKIŞLA;GÜRÇAYIR - YENİ;İMARYOLU 2 SOKAK;sokak;438804751
SİVAS;ŞARKIŞLA;GÜRÇAYIR - YENİ;İMARYOLU 3 SOKAK;sokak;600259051
SİVAS;ŞARKIŞLA;GÜRÇAYIR - YENİ;İMARYOLU 4 SOKAK;sokak;104865530
SİVAS;ŞARKIŞLA;GÜRÇAYIR - YENİ;İMARYOLU 5 SOKAK;sokak;287312061
SİVAS;ŞARKIŞLA;GÜRÇAYIR - YENİ;İMARYOLU 6 SOKAK;sokak;778351891
SİVAS;ŞARKIŞLA;GÜRÇAYIR - YENİ;KALELER ÇIKMAZI SOKAK;sokak;328960
SİVAS;ŞARKIŞLA;GÜRÇAYIR - YENİ;KARANFİL SOKAK;sokak;90084
SİVAS;ŞARKIŞLA;GÜRÇAYIR - YENİ;KAZIM PAŞA SOKAK;sokak;328952
SİVAS;ŞARKIŞLA;GÜRÇAYIR - YENİ;KEMAL PAŞA SOKAK;sokak;328953
SİVAS;ŞARKIŞLA;GÜRÇAYIR - YENİ;KIZILCA KIŞLA CADDE;cadde;466868
SİVAS;ŞARKIŞLA;GÜRÇAYIR - YENİ;MENEKŞE SOKAK;sokak;90087
SİVAS;ŞARKIŞLA;GÜRÇAYIR - YENİ;RIFAT PAŞA SOKAK;sokak;328954
SİVAS;ŞARKIŞLA;GÜRÇAYIR - YENİ;SİVAS-KAYSERİ CADDE;cadde;328955
SİVAS;ŞARKIŞLA;GÜRÇAYIR - YENİ;YENİ YOL 32 SOKAK;sokak;895898160
SİVAS;ŞARKIŞLA;GÜRÇAYIR - YENİ;YENİ YOL 34 SOKAK;sokak;356784990
SİVAS;ŞARKIŞLA;GÜRÇAYIR - YENİ;YENİ YOL 35 SOKAK;sokak;558805381
SİVAS;ŞARKIŞLA;GÜRÇAYIR - YENİ;YENİCE SOKAK;sokak;328956
SİVAS;ŞARKIŞLA;GÜRÇAYIR - YENİ;YENİYOL 2 ÇİÇEKLİ SOKAK;sokak;786279401
SİVAS;ŞARKIŞLA;GÜRÇAYIR - YENİ;YENİYOL 3 YENİ SOKAK;sokak;874097360
SİVAS;ŞARKIŞLA;GÜRÇAYIR - YENİ;YENİYOL12 YENİ SOKAK;sokak;382594950
SİVAS;ŞARKIŞLA;GÜRÇAYIR - YENİ;YENİYOL13 YENİ SOKAK;sokak;367865801
SİVAS;ŞARKIŞLA;GÜRÇAYIR - YENİ;YENİYOL15 YENİ SOKAK;sokak;887237541
SİVAS;ŞARKIŞLA;GÜRÇAYIR - YENİ;YENİYOL16 YENİ SOKAK;sokak;747212340
SİVAS;ŞARKIŞLA;GÜRÇAYIR - YENİ;YENİYOL17 YENİ SOKAK;sokak;915294870
SİVAS;ŞARKIŞLA;GÜRÇAYIR - YENİ;YENİYOL18 YENİ SOKAK;sokak;746556220
SİVAS;ŞARKIŞLA;GÜRÇAYIR - YENİ;YENİYOL2 YENİ SOKAK;sokak;576767361
SİVAS;ŞARKIŞLA;GÜRÇAYIR - YENİ;YENİYOL20 YENİ SOKAK;sokak;642373650
SİVAS;ŞARKIŞLA;GÜRÇAYIR - YENİ;YENİYOL21 SOKAK;sokak;444371190
SİVAS;ŞARKIŞLA;GÜRÇAYIR - YENİ;YENİYOL23 YENİ SOKAK;sokak;550091120
SİVAS;ŞARKIŞLA;GÜRÇAYIR - YENİ;YENİYOL25 YENİ SOKAK;sokak;406251540
SİVAS;ŞARKIŞLA;GÜRÇAYIR - YENİ;YENİYOL26 YENİ SOKAK;sokak;417515460
SİVAS;ŞARKIŞLA;GÜRÇAYIR - YENİ;YENİYOL3 SOKAK;sokak;346622210
SİVAS;ŞARKIŞLA;GÜRÇAYIR - YENİ;YENİYOL34 YENİ SOKAK;sokak;202430441
SİVAS;ŞARKIŞLA;GÜRÇAYIR - YENİ;YENİYOL35 YENİ SOKAK;sokak;582426370
SİVAS;ŞARKIŞLA;GÜRÇAYIR - YENİ;YILDIRIM BEYAZIT SOKAK;sokak;466869
SİVAS;ŞARKIŞLA;GÜRÇAYIR - YENİ;YILDIZ SOKAK;sokak;392707
SİVAS;ŞARKIŞLA;HARDAL NA;HARDAL KÜME EVLER;sokak;661775
SİVAS;ŞARKIŞLA;HARUNKÖY NA;HARUNKÖY KÜME EVLER;sokak;537806
SİVAS;ŞARKIŞLA;HOCABEY NA;HOCABEY KÜME EVLER;sokak;672925
SİVAS;ŞARKIŞLA;HÜYÜKKÖY NA;HÜYÜKKÖY KÜME EVLER;sokak;642204
SİVAS;ŞARKIŞLA;İĞDECİK NA;İĞDECİK KÜME EVLER;sokak;537750
SİVAS;ŞARKIŞLA;İĞDELİÖREN NA;İĞDELİÖREN KÜME EVLER;sokak;655552
SİVAS;ŞARKIŞLA;İĞECİK NA;İĞECİK KÜME EVLER;sokak;657677
SİVAS;ŞARKIŞLA;İLYASHACI NA;İLYASHACI KÜME EVLER;sokak;644180
SİVAS;ŞARKIŞLA;İSTİKLAL;11-1 SOKAK;sokak;890714270
SİVAS;ŞARKIŞLA;İSTİKLAL;11-10 KÜME EVLER;sokak;327977
SİVAS;ŞARKIŞLA;İSTİKLAL;11-11 KÜME EVLER;sokak;327978
SİVAS;ŞARKIŞLA;İSTİKLAL;11-12 SOKAK;sokak;522654770
SİVAS;ŞARKIŞLA;İSTİKLAL;11-2 SOKAK;sokak;379552260
SİVAS;ŞARKIŞLA;İSTİKLAL;11-3 SOKAK;sokak;465973570
SİVAS;ŞARKIŞLA;İSTİKLAL;11-4 SOKAK;sokak;760349740
SİVAS;ŞARKIŞLA;İSTİKLAL;11-5 SOKAK;sokak;596174150
SİVAS;ŞARKIŞLA;İSTİKLAL;11-6 SOKAK;sokak;771639390
SİVAS;ŞARKIŞLA;İSTİKLAL;11-7 SOKAK;sokak;881687290
SİVAS;ŞARKIŞLA;İSTİKLAL;11-8 SOKAK;sokak;552152220
SİVAS;ŞARKIŞLA;İSTİKLAL;11-9 SOKAK;sokak;109175080
SİVAS;ŞARKIŞLA;İSTİKLAL;AHMET KARABULUT SOKAK;sokak;327985
SİVAS;ŞARKIŞLA;İSTİKLAL;ALEMDAR SOKAK;sokak;595693
SİVAS;ŞARKIŞLA;İSTİKLAL;ALTAN SOKAK;sokak;30136
SİVAS;ŞARKIŞLA;İSTİKLAL;ARZ SOKAK;sokak;30138
SİVAS;ŞARKIŞLA;İSTİKLAL;BAHAR SOKAK;sokak;327979
SİVAS;ŞARKIŞLA;İSTİKLAL;BERKLER SOKAK;sokak;470580
SİVAS;ŞARKIŞLA;İSTİKLAL;CAMİİ ARKASI SOKAK;sokak;327980
SİVAS;ŞARKIŞLA;İSTİKLAL;ÇEVRE YOLU SOKAK;sokak;329224
SİVAS;ŞARKIŞLA;İSTİKLAL;ÇİĞDEM SOKAK;sokak;329225
SİVAS;ŞARKIŞLA;İSTİKLAL;ÇOBAN MEHMET CAN CADDE;cadde;924780
SİVAS;ŞARKIŞLA;İSTİKLAL;DEMET SOKAK;sokak;327981
SİVAS;ŞARKIŞLA;İSTİKLAL;DERYA SOKAK;sokak;1108175
SİVAS;ŞARKIŞLA;İSTİKLAL;ENES SOKAK;sokak;845618
SİVAS;ŞARKIŞLA;İSTİKLAL;GURBET SOKAK;sokak;471088
SİVAS;ŞARKIŞLA;İSTİKLAL;GÜL SOKAK;sokak;327983
SİVAS;ŞARKIŞLA;İSTİKLAL;GÜNER SOKAK;sokak;30137
SİVAS;ŞARKIŞLA;İSTİKLAL;HAZAR SOKAK;sokak;935318
SİVAS;ŞARKIŞLA;İSTİKLAL;İLBEY SOKAK;sokak;369475
SİVAS;ŞARKIŞLA;İSTİKLAL;KALENDER SOKAK;sokak;595690
SİVAS;ŞARKIŞLA;İSTİKLAL;KEVSER SOKAK;sokak;30464
SİVAS;ŞARKIŞLA;İSTİKLAL;LALE SOKAK;sokak;327984
SİVAS;ŞARKIŞLA;İSTİKLAL;POLAT SOKAK;sokak;30463
SİVAS;ŞARKIŞLA;İSTİKLAL;SAĞIR YOLU CADDE;cadde;327986
SİVAS;ŞARKIŞLA;İSTİKLAL;SEMA SOKAK;sokak;595691
SİVAS;ŞARKIŞLA;İSTİKLAL;SILA SOKAK;sokak;369817
SİVAS;ŞARKIŞLA;İSTİKLAL;SİVAS ÇEVRE YOLU CADDE;cadde;128418540
SİVAS;ŞARKIŞLA;İSTİKLAL;ŞAKİR ALTAN SOKAK;sokak;327982
SİVAS;ŞARKIŞLA;İSTİKLAL;ŞEHİT ADEM UZUNDAL SOKAK;sokak;595692
SİVAS;ŞARKIŞLA;İSTİKLAL;ŞEHİT ERDAL ERDOĞMUŞ SOKAK;sokak;369490
SİVAS;ŞARKIŞLA;İSTİKLAL;ŞEHİT KÖKSAL SİS SOKAK;sokak;329226
SİVAS;ŞARKIŞLA;İSTİKLAL;ŞEMSEDDİN SİVASİ SOKAK;sokak;875669
SİVAS;ŞARKIŞLA;İSTİKLAL;TOPUK YOLU SOKAK;sokak;329223
SİVAS;ŞARKIŞLA;İSTİKLAL;YAVUZ SOKAK;sokak;594749
SİVAS;ŞARKIŞLA;İSTİKLAL;YURT SOKAK;sokak;30460
SİVAS;ŞARKIŞLA;KAHVEPINAR NA;KAHVEPINAR KÜME EVLER;sokak;89272
SİVAS;ŞARKIŞLA;KALE;8-1 SOKAK;sokak;295077380
SİVAS;ŞARKIŞLA;KALE;8-10 SOKAK;sokak;309764430
SİVAS;ŞARKIŞLA;KALE;8-11 SOKAK;sokak;594980630
SİVAS;ŞARKIŞLA;KALE;8-2 SOKAK;sokak;392715640
SİVAS;ŞARKIŞLA;KALE;8-3 SOKAK;sokak;110383380
SİVAS;ŞARKIŞLA;KALE;8-4 SOKAK;sokak;793392710
SİVAS;ŞARKIŞLA;KALE;8-5 SOKAK;sokak;153792580
SİVAS;ŞARKIŞLA;KALE;8-6 SOKAK;sokak;554218610
SİVAS;ŞARKIŞLA;KALE;8-7 SOKAK;sokak;809267360
SİVAS;ŞARKIŞLA;KALE;8-8 SOKAK;sokak;143325220
SİVAS;ŞARKIŞLA;KALE;8-9 SOKAK;sokak;143598480
SİVAS;ŞARKIŞLA;KALE;AHIRLAR KÜME EVLER;sokak;470453
SİVAS;ŞARKIŞLA;KALE;AHMET YESEVİ SOKAK;sokak;875671
SİVAS;ŞARKIŞLA;KALE;ARI SOKAK;sokak;329239
SİVAS;ŞARKIŞLA;KALE;AŞIK AHMET AYDIN SOKAK;sokak;633858
SİVAS;ŞARKIŞLA;KALE;BULUT SOKAK;sokak;329240
SİVAS;ŞARKIŞLA;KALE;ÇIKMAZ SOKAK;sokak;465900
SİVAS;ŞARKIŞLA;KALE;DOLAYI CAMİİ SOKAK;sokak;470454
SİVAS;ŞARKIŞLA;KALE;EMEK SOKAK;sokak;329241
SİVAS;ŞARKIŞLA;KALE;ER SOKAK;sokak;634803
SİVAS;ŞARKIŞLA;KALE;ESKİ T.O.K.İ SOKAK;sokak;637411
SİVAS;ŞARKIŞLA;KALE;GÖK SOKAK;sokak;634742
SİVAS;ŞARKIŞLA;KALE;GÜNEŞ SOKAK;sokak;329242
SİVAS;ŞARKIŞLA;KALE;GÜVEN SOKAK;sokak;329243
SİVAS;ŞARKIŞLA;KALE;HABİB SOLUK BULVAR;sokak;1107562
SİVAS;ŞARKIŞLA;KALE;HASTANE ARKASI SOKAK;sokak;329244
SİVAS;ŞARKIŞLA;KALE;HOLDUROĞLU SOKAK;sokak;329245
SİVAS;ŞARKIŞLA;KALE;İTİMAT SOKAK;sokak;329235
SİVAS;ŞARKIŞLA;KALE;KALE CAMİ SOKAK;sokak;637409
SİVAS;ŞARKIŞLA;KALE;KAYIKÇI SOKAK;sokak;470456
SİVAS;ŞARKIŞLA;KALE;KIZILYAZI SOKAK;sokak;329246
SİVAS;ŞARKIŞLA;KALE;KÖSE SOKAK;sokak;637763
SİVAS;ŞARKIŞLA;KALE;KURUDERE SOKAK;sokak;329247
SİVAS;ŞARKIŞLA;KALE;MENEKŞE SOKAK;sokak;329248
SİVAS;ŞARKIŞLA;KALE;OSMAN BEY SOKAK;sokak;470457
SİVAS;ŞARKIŞLA;KALE;ÖĞRENCİ SOKAK;sokak;329234
SİVAS;ŞARKIŞLA;KALE;ÖZTOPRAK SOKAK;sokak;329233
SİVAS;ŞARKIŞLA;KALE;PINARBAŞI SOKAK;sokak;329227
SİVAS;ŞARKIŞLA;KALE;POYRAZ SOKAK;sokak;329228
SİVAS;ŞARKIŞLA;KALE;RIFAT ÖÇTEN SOKAK;sokak;329229
SİVAS;ŞARKIŞLA;KALE;SİVAS ÇEVRE YOLU CADDE;cadde;1000016
SİVAS;ŞARKIŞLA;KALE;SON SOKAK;sokak;329230
SİVAS;ŞARKIŞLA;KALE;SULTANLI SOKAK;sokak;629998
SİVAS;ŞARKIŞLA;KALE;ŞADİ TEKMEN CADDE;cadde;873234
SİVAS;ŞARKIŞLA;KALE;ŞEHİT AYDIN ÇELİK SOKAK;sokak;810831
SİVAS;ŞARKIŞLA;KALE;ŞEHİT ENGİN BIYIK SOKAK;sokak;637584
SİVAS;ŞARKIŞLA;KALE;ŞEHİT İHSAN BAĞCİVAN SOKAK;sokak;634802
SİVAS;ŞARKIŞLA;KALE;ŞEHİT MUHARREM ÖZKAN SOKAK;sokak;465901
SİVAS;ŞARKIŞLA;KALE;ŞEHİT RAMAZAN ERGİN SOKAK;sokak;329236
SİVAS;ŞARKIŞLA;KALE;ŞEHİT SADETTİN DOĞAN SOKAK;sokak;329237
SİVAS;ŞARKIŞLA;KALE;ŞEHİT ZEYNEL KAVUN SOKAK;sokak;630000
SİVAS;ŞARKIŞLA;KALE;ŞENOL SOKAK;sokak;329238
SİVAS;ŞARKIŞLA;KALE;TUĞGENERAL İSA BAYDİLLİ CADDE;cadde;470455
SİVAS;ŞARKIŞLA;KALE;UĞUR SOKAK;sokak;465899
SİVAS;ŞARKIŞLA;KALE;ULUĞBEY SOKAK;sokak;870980
SİVAS;ŞARKIŞLA;KALE;YAĞMUR SOKAK;sokak;329231
SİVAS;ŞARKIŞLA;KALE;YILDIRIM SOKAK;sokak;329232
SİVAS;ŞARKIŞLA;KALECİK NA;KALECİK KÜME EVLER;sokak;681359
SİVAS;ŞARKIŞLA;KALEKÖY NA;KALEKÖY KÜME EVLER;sokak;686526
SİVAS;ŞARKIŞLA;KANDEMİR;7-1 SOKAK;sokak;365157080
SİVAS;ŞARKIŞLA;KANDEMİR;7-2 SOKAK;sokak;270058340
SİVAS;ŞARKIŞLA;KANDEMİR;7-3 SOKAK;sokak;375144520
SİVAS;ŞARKIŞLA;KANDEMİR;7-4 SOKAK;sokak;737264080
SİVAS;ŞARKIŞLA;KANDEMİR;7-5 SOKAK;sokak;927779600
SİVAS;ŞARKIŞLA;KANDEMİR;7-6 SOKAK;sokak;132053560
SİVAS;ŞARKIŞLA;KANDEMİR;ALTAY SOKAK;sokak;591928
SİVAS;ŞARKIŞLA;KANDEMİR;ARSLANTÜRK SOKAK;sokak;329249
SİVAS;ŞARKIŞLA;KANDEMİR;BEŞPINAR SOKAK;sokak;850165
SİVAS;ŞARKIŞLA;KANDEMİR;BOZYER SOKAK;sokak;329250
SİVAS;ŞARKIŞLA;KANDEMİR;CAHİT KOCA SOKAK;sokak;470458
SİVAS;ŞARKIŞLA;KANDEMİR;ÇINARLAR SOKAK;sokak;592260
SİVAS;ŞARKIŞLA;KANDEMİR;DEMİR SOKAK;sokak;642025
SİVAS;ŞARKIŞLA;KANDEMİR;DEMİRCİLER SOKAK;sokak;329251
SİVAS;ŞARKIŞLA;KANDEMİR;ELMALI SOKAK;sokak;605367
SİVAS;ŞARKIŞLA;KANDEMİR;GAZETECİ BURAK ERDOĞMUŞ CADDE;cadde;1108177
SİVAS;ŞARKIŞLA;KANDEMİR;GOKAY SOKAK;sokak;592809
SİVAS;ŞARKIŞLA;KANDEMİR;HAFIZ AHMET SOKAK;sokak;329252
SİVAS;ŞARKIŞLA;KANDEMİR;HUZUR SOKAK;sokak;329253
SİVAS;ŞARKIŞLA;KANDEMİR;İMAM HATİP SOKAK;sokak;876932
SİVAS;ŞARKIŞLA;KANDEMİR;İSTASYON CADDE;cadde;329256
SİVAS;ŞARKIŞLA;KANDEMİR;KARAKUŞ SOKAK;sokak;605366
SİVAS;ŞARKIŞLA;KANDEMİR;KIZILYAZI SOKAK;sokak;329254
SİVAS;ŞARKIŞLA;KANDEMİR;LİSE ARKASI SOKAK;sokak;605365
SİVAS;ŞARKIŞLA;KANDEMİR;MEHTER SOKAK;sokak;470460
SİVAS;ŞARKIŞLA;KANDEMİR;ÖZTÜRKLER SOKAK;sokak;592807
SİVAS;ŞARKIŞLA;KANDEMİR;SİVAS ÇEVRE YOLU CADDE;cadde;602037
SİVAS;ŞARKIŞLA;KANDEMİR;SİVAS ÇEVRE YOLU/1 SOKAK;sokak;273807810
SİVAS;ŞARKIŞLA;KANDEMİR;ŞEHİT SADETTİN DOĞAN SOKAK;sokak;470461
SİVAS;ŞARKIŞLA;KANDEMİR;ŞEHİT ŞEMSETTİN KÖŞKEROĞLU SOKAK;sokak;329257
SİVAS;ŞARKIŞLA;KANDEMİR;TUĞGENERAL İSA BAYDİLLİ CADDE;cadde;470459
SİVAS;ŞARKIŞLA;KANDEMİR;ULU CAMİİ CADDE;cadde;329255
SİVAS;ŞARKIŞLA;KAPAKLIPINAR NA;KAPAKLIPINAR KÜME EVLER;sokak;687708
SİVAS;ŞARKIŞLA;KARACAÖREN NA;KARACAÖREN KÜME EVLER;sokak;216027
SİVAS;ŞARKIŞLA;KARAKUZ - KÜÇÜK KARAKUZ;KÜÇÜK KARAKUZ KÜME EVLER;sokak;707299
SİVAS;ŞARKIŞLA;KARAKUZ NA;KARAKUZ KÜME EVLER;sokak;512794
SİVAS;ŞARKIŞLA;KAVAKKÖY NA;KAVAK KÜME EVLER;sokak;28771
SİVAS;ŞARKIŞLA;KAYALIYOKUŞ;3-1 SOKAK;sokak;149305720
SİVAS;ŞARKIŞLA;KAYALIYOKUŞ;3-2 SOKAK;sokak;143236040
SİVAS;ŞARKIŞLA;KAYALIYOKUŞ;3-3 SOKAK;sokak;564232470
SİVAS;ŞARKIŞLA;KAYALIYOKUŞ;AĞIRMAN SOKAK;sokak;329258
SİVAS;ŞARKIŞLA;KAYALIYOKUŞ;AŞIK SEFİL SELİMİ SOKAK;sokak;329268
SİVAS;ŞARKIŞLA;KAYALIYOKUŞ;CUMHURİYET CADDE;cadde;470462
SİVAS;ŞARKIŞLA;KAYALIYOKUŞ;ÇİMEN SOKAK;sokak;470467
SİVAS;ŞARKIŞLA;KAYALIYOKUŞ;ESEN SOKAK;sokak;606324
SİVAS;ŞARKIŞLA;KAYALIYOKUŞ;GÖLBAŞI CADDE;cadde;329270
SİVAS;ŞARKIŞLA;KAYALIYOKUŞ;HAL CADDE;cadde;329267
SİVAS;ŞARKIŞLA;KAYALIYOKUŞ;HAMDİ TEKMEN SOKAK;sokak;329261
SİVAS;ŞARKIŞLA;KAYALIYOKUŞ;İBRAHİM GÖKER CADDE;cadde;470463
SİVAS;ŞARKIŞLA;KAYALIYOKUŞ;İSTASYON CADDE;cadde;329272
SİVAS;ŞARKIŞLA;KAYALIYOKUŞ;KAVAKLI PINAR SOKAK;sokak;329262
SİVAS;ŞARKIŞLA;KAYALIYOKUŞ;KIVRIM SOKAK;sokak;329263
SİVAS;ŞARKIŞLA;KAYALIYOKUŞ;KÖŞKEROĞLU SOKAK;sokak;470464
SİVAS;ŞARKIŞLA;KAYALIYOKUŞ;MEHMETÇİK SOKAK;sokak;329264
SİVAS;ŞARKIŞLA;KAYALIYOKUŞ;MEVLANA SOKAK;sokak;329265
SİVAS;ŞARKIŞLA;KAYALIYOKUŞ;OSMAN FAZIL POLAT CADDE;cadde;329266
SİVAS;ŞARKIŞLA;KAYALIYOKUŞ;ÖZDAL SOKAK;sokak;329271
SİVAS;ŞARKIŞLA;KAYALIYOKUŞ;PINARBAŞI SOKAK;sokak;470465
SİVAS;ŞARKIŞLA;KAYALIYOKUŞ;SEBZE HALİ SOKAK;sokak;329260
SİVAS;ŞARKIŞLA;KAYALIYOKUŞ;SÖNMEZ SOKAK;sokak;597933
SİVAS;ŞARKIŞLA;KAYALIYOKUŞ;TEVFİK ÇİLEK SOKAK;sokak;817024
SİVAS;ŞARKIŞLA;KAYALIYOKUŞ;YENİ GÜL SOKAK;sokak;470466
SİVAS;ŞARKIŞLA;KAYALIYOKUŞ;ZAFER SOKAK;sokak;329269
SİVAS;ŞARKIŞLA;KAYAPINAR - GÖÇMEN;GÖÇMEN KÜME EVLER;sokak;801071
SİVAS;ŞARKIŞLA;KAYAPINAR NA;KAYAPINAR KÜME EVLER;sokak;366791
SİVAS;ŞARKIŞLA;KAYMAK NA;KAYMAK KÜME EVLER;sokak;497723
SİVAS;ŞARKIŞLA;KAZANCIK - ALIÇLI;ALIÇLI KÜME EVLER;sokak;84629
SİVAS;ŞARKIŞLA;KAZANCIK - ZİHNİ;ZİHNİ KÜME EVLER;sokak;323477
SİVAS;ŞARKIŞLA;KAZANCIK NA;KAZANCIK KÜME EVLER;sokak;84617
SİVAS;ŞARKIŞLA;KEVENLİ NA;KEVENLİK KÜME EVLER;sokak;712380
SİVAS;ŞARKIŞLA;KILIÇÇI NA;KILIÇÇI KÜME EVLER;sokak;507315
SİVAS;ŞARKIŞLA;KIŞLAKÖY NA;KIŞLAKÖY KÜME EVLER;sokak;173925
SİVAS;ŞARKIŞLA;KIZILCAKIŞLA - FATİH;AĞAÇLI SOKAK;sokak;590936
SİVAS;ŞARKIŞLA;KIZILCAKIŞLA - FATİH;ATATÜRK SOKAK;sokak;328961
SİVAS;ŞARKIŞLA;KIZILCAKIŞLA - FATİH;BULUT SOKAK;sokak;640429631
SİVAS;ŞARKIŞLA;KIZILCAKIŞLA - FATİH;CEYLAN SOKAK;sokak;328962
SİVAS;ŞARKIŞLA;KIZILCAKIŞLA - FATİH;CUMHURİYET SOKAK;sokak;594378
SİVAS;ŞARKIŞLA;KIZILCAKIŞLA - FATİH;ÖMER AĞA SOKAK;sokak;536134931
SİVAS;ŞARKIŞLA;KIZILCAKIŞLA - FATİH;PINAR SOKAK;sokak;597883
SİVAS;ŞARKIŞLA;KIZILCAKIŞLA - FATİH;TÜRBE SOKAK;sokak;328963
SİVAS;ŞARKIŞLA;KIZILCAKIŞLA - FATİH;YAVUZLAR SOKAK;sokak;328964
SİVAS;ŞARKIŞLA;KIZILCAKIŞLA - KADILI;CAN SOKAK;sokak;602240
SİVAS;ŞARKIŞLA;KIZILCAKIŞLA - KADILI;KARAAĞAÇ SOKAK;sokak;597525
SİVAS;ŞARKIŞLA;KIZILCAKIŞLA - OSMANFAZILPOLAT;1. SOKAK;sokak;328971
SİVAS;ŞARKIŞLA;KIZILCAKIŞLA - OSMANFAZILPOLAT;3. SOKAK;sokak;581323
SİVAS;ŞARKIŞLA;KIZILCAKIŞLA - OSMANFAZILPOLAT;AĞAÇLI SOKAK;sokak;466871
SİVAS;ŞARKIŞLA;KIZILCAKIŞLA - OSMANFAZILPOLAT;AHMET AĞA SOKAK;sokak;328965
SİVAS;ŞARKIŞLA;KIZILCAKIŞLA - OSMANFAZILPOLAT;AKŞEMSEDDİN SOKAK;sokak;577535
SİVAS;ŞARKIŞLA;KIZILCAKIŞLA - OSMANFAZILPOLAT;ATATÜRK SOKAK;sokak;328966
SİVAS;ŞARKIŞLA;KIZILCAKIŞLA - OSMANFAZILPOLAT;BAKÜ SOKAK;sokak;592666
SİVAS;ŞARKIŞLA;KIZILCAKIŞLA - OSMANFAZILPOLAT;BAYIR SOKAK;sokak;328968
SİVAS;ŞARKIŞLA;KIZILCAKIŞLA - OSMANFAZILPOLAT;BOTAŞ SOKAK;sokak;328967
SİVAS;ŞARKIŞLA;KIZILCAKIŞLA - OSMANFAZILPOLAT;BULUT SOKAK;sokak;466872
SİVAS;ŞARKIŞLA;KIZILCAKIŞLA - OSMANFAZILPOLAT;CUMHURİYET SOKAK;sokak;328969
SİVAS;ŞARKIŞLA;KIZILCAKIŞLA - OSMANFAZILPOLAT;FEVZİ ÇAKMAK SOKAK;sokak;466873
SİVAS;ŞARKIŞLA;KIZILCAKIŞLA - OSMANFAZILPOLAT;HAYDARLI SOKAK;sokak;328970
SİVAS;ŞARKIŞLA;KIZILCAKIŞLA - OSMANFAZILPOLAT;KARDELEN SOKAK;sokak;580948
SİVAS;ŞARKIŞLA;KIZILCAKIŞLA - OSMANFAZILPOLAT;MEZARLIK SOKAK;sokak;328972
SİVAS;ŞARKIŞLA;KIZILCAKIŞLA - OSMANFAZILPOLAT;MUHAMMED İKBAL SOKAK;sokak;574163
SİVAS;ŞARKIŞLA;KIZILCAKIŞLA - OSMANFAZILPOLAT;ÖMER AĞA SOKAK;sokak;328974
SİVAS;ŞARKIŞLA;KIZILCAKIŞLA - OSMANFAZILPOLAT;SAĞLIK SOKAK;sokak;466874
SİVAS;ŞARKIŞLA;KONAKYAZI NA;KONAKYAZI KÜME EVLER;sokak;687550
SİVAS;ŞARKIŞLA;KONALGA NA;KONALGA KÜME EVLER;sokak;251909
SİVAS;ŞARKIŞLA;KÖMÜRKAYA NA;KÖMÜRKAYA KÜME EVLER;sokak;26766
SİVAS;ŞARKIŞLA;KÜÇÜKTOPAÇ NA;KÜÇÜKTOPAÇ KÜME EVLER;sokak;322250
SİVAS;ŞARKIŞLA;KÜÇÜKYÜREĞİL NA;KÜÇÜKYÜREĞİL KÜME EVLER;sokak;201219
SİVAS;ŞARKIŞLA;KÜMBET NA;KÜMBET KÜME EVLER;sokak;535220
SİVAS;ŞARKIŞLA;MAKSUTLU NA;MAKSUTLU KÜME EVLER;sokak;160291
SİVAS;ŞARKIŞLA;MENGENSOFULAR - ÇAYKARA;ÇAYKARA KÜME EVLER;sokak;707323
SİVAS;ŞARKIŞLA;MENGENSOFULAR NA;MENGENSOFULAR KÜME EVLER;sokak;679009
SİVAS;ŞARKIŞLA;MESCİT NA;MESCİTLİ KÜME EVLER;sokak;21309
SİVAS;ŞARKIŞLA;MEZRAA NA;MEZRAA KÜME EVLER;sokak;648525
SİVAS;ŞARKIŞLA;OLUKTAŞ NA;OLUKTAŞ KÜME EVLER;sokak;330885
SİVAS;ŞARKIŞLA;ORTAKÖY NA;ORTAKÖY KÜME EVLER;sokak;690300
SİVAS;ŞARKIŞLA;ORTATOPAÇ NA;ORTATOPAÇ KÜME EVLER;sokak;618378
SİVAS;ŞARKIŞLA;OSMANPINARI NA;OSMANPINARI KÜME EVLER;sokak;370453
SİVAS;ŞARKIŞLA;OTLUK NA;OTLUK KÜME EVLER;sokak;592494
SİVAS;ŞARKIŞLA;ÖRTÜLÜ NA;ÖRTÜLÜ KÜME EVLER;sokak;587057
SİVAS;ŞARKIŞLA;PINARÖNÜ;15 TEMMUZ SOKAK;sokak;1225431
SİVAS;ŞARKIŞLA;PINARÖNÜ;5-1 SOKAK;sokak;827128030
SİVAS;ŞARKIŞLA;PINARÖNÜ;5-11 SOKAK;sokak;932537220
SİVAS;ŞARKIŞLA;PINARÖNÜ;5-12 SOKAK;sokak;782913170
SİVAS;ŞARKIŞLA;PINARÖNÜ;5-13 SOKAK;sokak;289132000
SİVAS;ŞARKIŞLA;PINARÖNÜ;5-14 SOKAK;sokak;425528020
SİVAS;ŞARKIŞLA;PINARÖNÜ;5-15 SOKAK;sokak;344208020
SİVAS;ŞARKIŞLA;PINARÖNÜ;5-16 SOKAK;sokak;197671360
SİVAS;ŞARKIŞLA;PINARÖNÜ;5-17 SOKAK;sokak;717173000
SİVAS;ŞARKIŞLA;PINARÖNÜ;5-18 SOKAK;sokak;311589590
SİVAS;ŞARKIŞLA;PINARÖNÜ;5-19 SOKAK;sokak;298334230
SİVAS;ŞARKIŞLA;PINARÖNÜ;5-2 SOKAK;sokak;329278
SİVAS;ŞARKIŞLA;PINARÖNÜ;5-20 SOKAK;sokak;215860110
SİVAS;ŞARKIŞLA;PINARÖNÜ;5-3 SOKAK;sokak;329279
SİVAS;ŞARKIŞLA;PINARÖNÜ;5-4 SOKAK;sokak;624714
SİVAS;ŞARKIŞLA;PINARÖNÜ;5-5 SOKAK;sokak;950493590
SİVAS;ŞARKIŞLA;PINARÖNÜ;5-6 SOKAK;sokak;296170400
SİVAS;ŞARKIŞLA;PINARÖNÜ;5-7 SOKAK;sokak;871069020
SİVAS;ŞARKIŞLA;PINARÖNÜ;5-8 SOKAK;sokak;333810960
SİVAS;ŞARKIŞLA;PINARÖNÜ;5-9 SOKAK;sokak;757002520
SİVAS;ŞARKIŞLA;PINARÖNÜ;AHMET İMAMGİLLER SOKAK;sokak;470471
SİVAS;ŞARKIŞLA;PINARÖNÜ;AVCI SOKAK;sokak;1034484
SİVAS;ŞARKIŞLA;PINARÖNÜ;BAĞ-KUR DÜKKANLARI SOKAK;sokak;621493
SİVAS;ŞARKIŞLA;PINARÖNÜ;BAHÇE SOKAK;sokak;329280
SİVAS;ŞARKIŞLA;PINARÖNÜ;BAKIRCILAR SOKAK;sokak;329281
SİVAS;ŞARKIŞLA;PINARÖNÜ;BAYRAKTAR SOKAK;sokak;1511121
SİVAS;ŞARKIŞLA;PINARÖNÜ;BİZİM SOKAK;sokak;329282
SİVAS;ŞARKIŞLA;PINARÖNÜ;BOZKURT SOKAK;sokak;1516243
SİVAS;ŞARKIŞLA;PINARÖNÜ;CAN SOKAK;sokak;624387
SİVAS;ŞARKIŞLA;PINARÖNÜ;CİHAN EYİOL SOKAK;sokak;329284
SİVAS;ŞARKIŞLA;PINARÖNÜ;COŞKUN SOKAK;sokak;470472
SİVAS;ŞARKIŞLA;PINARÖNÜ;CUMHURİYET CADDE;cadde;329283
SİVAS;ŞARKIŞLA;PINARÖNÜ;DAR ÇARŞI SOKAK;sokak;470473
SİVAS;ŞARKIŞLA;PINARÖNÜ;DEĞİRMEN SOKAK;sokak;329285
SİVAS;ŞARKIŞLA;PINARÖNÜ;DEĞİRMENCİLER SOKAK;sokak;619572
SİVAS;ŞARKIŞLA;PINARÖNÜ;DINÇER SOKAK;sokak;146289290
SİVAS;ŞARKIŞLA;PINARÖNÜ;DR.SADIK AHMET CADDE;cadde;329286
SİVAS;ŞARKIŞLA;PINARÖNÜ;ESKİ HAMAM SOKAK;sokak;329287
SİVAS;ŞARKIŞLA;PINARÖNÜ;FEVZİ PAŞA CADDE;cadde;470474
SİVAS;ŞARKIŞLA;PINARÖNÜ;HAFIZ AHMET SOKAK;sokak;329288
SİVAS;ŞARKIŞLA;PINARÖNÜ;HAMZAOĞLU SOKAK;sokak;329289
SİVAS;ŞARKIŞLA;PINARÖNÜ;İBNİ SİNA SOKAK;sokak;470470
SİVAS;ŞARKIŞLA;PINARÖNÜ;İMAM SOKAK;sokak;925491
SİVAS;ŞARKIŞLA;PINARÖNÜ;İSTASYON CADDE;cadde;329277
SİVAS;ŞARKIŞLA;PINARÖNÜ;KADER SOKAK;sokak;329613
SİVAS;ŞARKIŞLA;PINARÖNÜ;KALKAN SOKAK;sokak;470475
SİVAS;ŞARKIŞLA;PINARÖNÜ;KANAK KENARI SOKAK;sokak;329614
SİVAS;ŞARKIŞLA;PINARÖNÜ;KARABULUT SOKAK;sokak;624454
SİVAS;ŞARKIŞLA;PINARÖNÜ;KIZILAY SOKAK;sokak;329615
SİVAS;ŞARKIŞLA;PINARÖNÜ;KÖSEOĞLU SOKAK;sokak;329618
SİVAS;ŞARKIŞLA;PINARÖNÜ;LAÇİN SOKAK;sokak;624857
SİVAS;ŞARKIŞLA;PINARÖNÜ;LADİN SOKAK;sokak;618016
SİVAS;ŞARKIŞLA;PINARÖNÜ;MAKBER SOKAK;sokak;470476
SİVAS;ŞARKIŞLA;PINARÖNÜ;MALAZGİRT SOKAK;sokak;875670
SİVAS;ŞARKIŞLA;PINARÖNÜ;MEHMET AKİF SOKAK;sokak;329616
SİVAS;ŞARKIŞLA;PINARÖNÜ;NALBANTLAR SOKAK;sokak;329617
SİVAS;ŞARKIŞLA;PINARÖNÜ;NİYAZİ KILIÇKAYA SOKAK;sokak;470477
SİVAS;ŞARKIŞLA;PINARÖNÜ;SANAYİ CAMİ CADDE;cadde;329620
SİVAS;ŞARKIŞLA;PINARÖNÜ;SEDEF SOKAK;sokak;329621
SİVAS;ŞARKIŞLA;PINARÖNÜ;SEYMENLER SOKAK;sokak;470478
SİVAS;ŞARKIŞLA;PINARÖNÜ;SİVAS ÇEVRE YOLU CADDE;cadde;309059390
SİVAS;ŞARKIŞLA;PINARÖNÜ;SULTAN SOKAK;sokak;470468
SİVAS;ŞARKIŞLA;PINARÖNÜ;ULU CAMİİ CADDE;cadde;329274
SİVAS;ŞARKIŞLA;PINARÖNÜ;YEŞİL FIRIN SOKAK;sokak;329275
SİVAS;ŞARKIŞLA;PINARÖNÜ;YİĞİTLER SOKAK;sokak;329276
SİVAS;ŞARKIŞLA;PINARÖNÜ;YOLCU SOKAK;sokak;470469
SİVAS;ŞARKIŞLA;POLATPAŞA NA;POLATPAŞA KÜME EVLER;sokak;328860
SİVAS;ŞARKIŞLA;SAĞIR;KÜME KÜME EVLER;sokak;329622
SİVAS;ŞARKIŞLA;SAĞIR;ORGANİZE SANAYİ KÜME EVLER;sokak;916679
SİVAS;ŞARKIŞLA;SAĞIROSB;1. CADDE;cadde;921070
SİVAS;ŞARKIŞLA;SAĞIROSB;1.CADDE 1. SOKAK;cadde;945412
SİVAS;ŞARKIŞLA;SAĞIROSB;2 CADDE;cadde;945414
SİVAS;ŞARKIŞLA;SAĞIROSB;3 CADDE;cadde;945416
SİVAS;ŞARKIŞLA;SAĞIROSB;3. CADDE 1. SOKAK;cadde;945418
SİVAS;ŞARKIŞLA;SAĞIROSB;4. CADDE;cadde;945420
SİVAS;ŞARKIŞLA;SAĞIROSB;5. CADDE;cadde;945422
SİVAS;ŞARKIŞLA;SAĞIROSB;OSBGİRİŞ CADDE;cadde;945400
SİVAS;ŞARKIŞLA;SAMANKAYA - BAĞLAMA;BAĞLAMA KÜME EVLER;sokak;716760
SİVAS;ŞARKIŞLA;SAMANKAYA - KÖSELİ BELİ;KÖSELİ BELİ KÜME EVLER;sokak;716762
SİVAS;ŞARKIŞLA;SAMANKAYA NA;SAMANKAYA KÜME EVLER;sokak;712625
SİVAS;ŞARKIŞLA;SARAÇ NA;SARAÇ KÜME EVLER;sokak;617843
SİVAS;ŞARKIŞLA;SARIÇİÇEK - AŞAĞI;AŞAĞI KÜME EVLER;sokak;396590
SİVAS;ŞARKIŞLA;SARIÇİÇEK - YUKARI;YUKARI KÜME EVLER;sokak;396597
SİVAS;ŞARKIŞLA;SARIKAVAK NA;SARIKAVAK KÜME EVLER;sokak;494708
SİVAS;ŞARKIŞLA;SARIKAYA NA;SARIKAYA KÜME EVLER;sokak;66625
SİVAS;ŞARKIŞLA;SARITEKKE NA;SARITEKKE KÜME EVLER;sokak;537591
SİVAS;ŞARKIŞLA;SİVRİALAN NA;SİVRİALAN KÜME EVLER;sokak;676522
SİVAS;ŞARKIŞLA;SULTANKÖY NA;SULTAN KÜME EVLER;sokak;700761
SİVAS;ŞARKIŞLA;TAVLADERE NA;TAVLADERE KÜME EVLER;sokak;387985
SİVAS;ŞARKIŞLA;TEMECİK NA;TEMECİK KÜME EVLER;sokak;464139
SİVAS;ŞARKIŞLA;UÇUK NA;UÇUK KÜME EVLER;sokak;611791
SİVAS;ŞARKIŞLA;ÜYÜK NA;ÜYÜK KÜME EVLER;sokak;667343
SİVAS;ŞARKIŞLA;YAHYALI - AKKAYA;AKKAYA KÜME EVLER;sokak;168298
SİVAS;ŞARKIŞLA;YAHYALI NA;YAHYALI KÜME EVLER;sokak;692228
SİVAS;ŞARKIŞLA;YALANI NA;YALANI KÜME EVLER;sokak;553935
SİVAS;ŞARKIŞLA;YAPRACIK NA;YAPRACIK KÜME EVLER;sokak;34785
SİVAS;ŞARKIŞLA;YENİ;6-1 SOKAK;sokak;681537580
SİVAS;ŞARKIŞLA;YENİ;6-2 SOKAK;sokak;240804180
SİVAS;ŞARKIŞLA;YENİ;6-3 SOKAK;sokak;979738870
SİVAS;ŞARKIŞLA;YENİ;6-4 SOKAK;sokak;633279440
SİVAS;ŞARKIŞLA;YENİ;6-5 SOKAK;sokak;185968900
SİVAS;ŞARKIŞLA;YENİ;BEŞPINAR SOKAK;sokak;329623
SİVAS;ŞARKIŞLA;YENİ;BOZYER SOKAK;sokak;470479
SİVAS;ŞARKIŞLA;YENİ;DEĞİRMEN SOKAK;sokak;329624
SİVAS;ŞARKIŞLA;YENİ;ELİF SOKAK;sokak;572391
SİVAS;ŞARKIŞLA;YENİ;GAZETECİ BURAK ERDOĞMUŞ CADDE;cadde;572386
SİVAS;ŞARKIŞLA;YENİ;HAKKI EFENDİ SOKAK;sokak;329625
SİVAS;ŞARKIŞLA;YENİ;HAMZAOĞLU SOKAK;sokak;468847
SİVAS;ŞARKIŞLA;YENİ;İRŞADİ SOKAK;sokak;578825
SİVAS;ŞARKIŞLA;YENİ;KAYA SOKAK;sokak;572379
SİVAS;ŞARKIŞLA;YENİ;KUYUMCULAR SOKAK;sokak;329626
SİVAS;ŞARKIŞLA;YENİ;SİVAS ÇEVRE YOLU CADDE;cadde;577560
SİVAS;ŞARKIŞLA;YENİ;TİMURKAYNAK SOKAK;sokak;329627
SİVAS;ŞARKIŞLA;YENİ;TOPAÇ SOKAK;sokak;1206181
SİVAS;ŞARKIŞLA;YENİ;UĞURLU SOKAK;sokak;341086621
SİVAS;ŞARKIŞLA;YENİ;ULU CAMİİ CADDE;cadde;329628
SİVAS;ŞARKIŞLA;YENİYAPAN NA;YENİYAPAN KÜME EVLER;sokak;526842
SİVAS;ŞARKIŞLA;YILDIRIM;1-1 SOKAK;sokak;468848
SİVAS;ŞARKIŞLA;YILDIRIM;1-10 SOKAK;sokak;831007840
SİVAS;ŞARKIŞLA;YILDIRIM;1-11 SOKAK;sokak;149805510
SİVAS;ŞARKIŞLA;YILDIRIM;1-12 SOKAK;sokak;164324110
SİVAS;ŞARKIŞLA;YILDIRIM;1-13 SOKAK;sokak;211007300
SİVAS;ŞARKIŞLA;YILDIRIM;1-14 SOKAK;sokak;131188230
SİVAS;ŞARKIŞLA;YILDIRIM;1-15 SOKAK;sokak;686425290
SİVAS;ŞARKIŞLA;YILDIRIM;1-16 SOKAK;sokak;162784830
SİVAS;ŞARKIŞLA;YILDIRIM;1-17 SOKAK;sokak;887091670
SİVAS;ŞARKIŞLA;YILDIRIM;1-18 SOKAK;sokak;102649430
SİVAS;ŞARKIŞLA;YILDIRIM;1-19 SOKAK;sokak;144955680
SİVAS;ŞARKIŞLA;YILDIRIM;1-20 SOKAK;sokak;160527140
SİVAS;ŞARKIŞLA;YILDIRIM;1-21 SOKAK;sokak;117179310
SİVAS;ŞARKIŞLA;YILDIRIM;1-22 SOKAK;sokak;236356180
SİVAS;ŞARKIŞLA;YILDIRIM;1-23 SOKAK;sokak;362078680
SİVAS;ŞARKIŞLA;YILDIRIM;1-24 SOKAK;sokak;961891880
SİVAS;ŞARKIŞLA;YILDIRIM;1-25 SOKAK;sokak;712982280
SİVAS;ŞARKIŞLA;YILDIRIM;1-26 SOKAK;sokak;1511075
SİVAS;ŞARKIŞLA;YILDIRIM;1-27 SOKAK;sokak;378743770
SİVAS;ŞARKIŞLA;YILDIRIM;1-28 SOKAK;sokak;969437820
SİVAS;ŞARKIŞLA;YILDIRIM;1-29 SOKAK;sokak;423287570
SİVAS;ŞARKIŞLA;YILDIRIM;1-3 SOKAK;sokak;1504879
SİVAS;ŞARKIŞLA;YILDIRIM;1-30 SOKAK;sokak;614899440
SİVAS;ŞARKIŞLA;YILDIRIM;1-31 SOKAK;sokak;293168090
SİVAS;ŞARKIŞLA;YILDIRIM;1-32 SOKAK;sokak;310449280
SİVAS;ŞARKIŞLA;YILDIRIM;1-33 SOKAK;sokak;920930790
SİVAS;ŞARKIŞLA;YILDIRIM;1-34 SOKAK;sokak;218841190
SİVAS;ŞARKIŞLA;YILDIRIM;1-35 SOKAK;sokak;767446890
SİVAS;ŞARKIŞLA;YILDIRIM;1-36 SOKAK;sokak;680007510
SİVAS;ŞARKIŞLA;YILDIRIM;1-37 SOKAK;sokak;817454730
SİVAS;ŞARKIŞLA;YILDIRIM;1-38 SOKAK;sokak;350818010
SİVAS;ŞARKIŞLA;YILDIRIM;1-39 SOKAK;sokak;229393340
SİVAS;ŞARKIŞLA;YILDIRIM;1-4 SOKAK;sokak;1504881
SİVAS;ŞARKIŞLA;YILDIRIM;1-41 SOKAK;sokak;266460420
SİVAS;ŞARKIŞLA;YILDIRIM;1-42 SOKAK;sokak;466924140
SİVAS;ŞARKIŞLA;YILDIRIM;1-43 SOKAK;sokak;577597480
SİVAS;ŞARKIŞLA;YILDIRIM;1-44 SOKAK;sokak;379912470
SİVAS;ŞARKIŞLA;YILDIRIM;1-45 SOKAK;sokak;103915971
SİVAS;ŞARKIŞLA;YILDIRIM;1-47 SOKAK;sokak;141659301
SİVAS;ŞARKIŞLA;YILDIRIM;1-5 SOKAK;sokak;1504949
SİVAS;ŞARKIŞLA;YILDIRIM;1-50 SOKAK;sokak;667302011
SİVAS;ŞARKIŞLA;YILDIRIM;1-51 SOKAK;sokak;465373791
SİVAS;ŞARKIŞLA;YILDIRIM;1-52 SOKAK;sokak;659545621
SİVAS;ŞARKIŞLA;YILDIRIM;1-61 SOKAK;sokak;615179831
SİVAS;ŞARKIŞLA;YILDIRIM;1-62 SOKAK;sokak;108463191
SİVAS;ŞARKIŞLA;YILDIRIM;1-63 SOKAK;sokak;128914041
SİVAS;ŞARKIŞLA;YILDIRIM;1-7 SOKAK;sokak;1523161
SİVAS;ŞARKIŞLA;YILDIRIM;1-8 SOKAK;sokak;377339120
SİVAS;ŞARKIŞLA;YILDIRIM;1-9 SOKAK;sokak;573879790
SİVAS;ŞARKIŞLA;YILDIRIM;2. SOKAK;sokak;796733
SİVAS;ŞARKIŞLA;YILDIRIM;6 SOKAK;sokak;1523159
SİVAS;ŞARKIŞLA;YILDIRIM;9-10 SOKAK;sokak;684340340
SİVAS;ŞARKIŞLA;YILDIRIM;A BLOKLAR SOKAK;sokak;825504
SİVAS;ŞARKIŞLA;YILDIRIM;ABDUREHİM HEYİT SOKAK;sokak;1472501
SİVAS;ŞARKIŞLA;YILDIRIM;ALPARSLAN TÜRKEŞ BULVAR;sokak;172254420
SİVAS;ŞARKIŞLA;YILDIRIM;ALPER TUNGA CADDE;cadde;929777
SİVAS;ŞARKIŞLA;YILDIRIM;AŞIK HÜROĞLU SOKAK;sokak;1010412
SİVAS;ŞARKIŞLA;YILDIRIM;AYDINLIK SOKAK;sokak;468849
SİVAS;ŞARKIŞLA;YILDIRIM;AZİM SOKAK;sokak;82551
SİVAS;ŞARKIŞLA;YILDIRIM;B BLOKLAR SOKAK;sokak;119393
SİVAS;ŞARKIŞLA;YILDIRIM;BELKENT CADDE;cadde;329629
SİVAS;ŞARKIŞLA;YILDIRIM;BOZTOPRAK SOKAK;sokak;629013
SİVAS;ŞARKIŞLA;YILDIRIM;C BLOKLAR SOKAK;sokak;628031
SİVAS;ŞARKIŞLA;YILDIRIM;D BLOKLAR SOKAK;sokak;627482
SİVAS;ŞARKIŞLA;YILDIRIM;DÖLLÜK YOLU KÜME EVLER;sokak;54619
SİVAS;ŞARKIŞLA;YILDIRIM;E BLOKLAR SOKAK;sokak;754513
SİVAS;ŞARKIŞLA;YILDIRIM;EMİRCAN SOKAK;sokak;630202
SİVAS;ŞARKIŞLA;YILDIRIM;ERSİN SOKAK;sokak;857026
SİVAS;ŞARKIŞLA;YILDIRIM;F BLOKLAR SOKAK;sokak;446967
SİVAS;ŞARKIŞLA;YILDIRIM;G BLOKLAR SOKAK;sokak;754514
SİVAS;ŞARKIŞLA;YILDIRIM;GAYE SOKAK;sokak;468850
SİVAS;ŞARKIŞLA;YILDIRIM;GÖKALP SOKAK;sokak;106378251
SİVAS;ŞARKIŞLA;YILDIRIM;GÖKTÜRK SOKAK;sokak;982828
SİVAS;ŞARKIŞLA;YILDIRIM;HABİB SOLUK BULVAR;sokak;1107568
SİVAS;ŞARKIŞLA;YILDIRIM;HÜYÜK YOLU KÜME EVLER;sokak;37618
SİVAS;ŞARKIŞLA;YILDIRIM;İBRAHİM GÖKER CADDE;cadde;329631
SİVAS;ŞARKIŞLA;YILDIRIM;İSMAİL AĞIRMAN SOKAK;sokak;989759
SİVAS;ŞARKIŞLA;YILDIRIM;İSTİKLAL CADDE;cadde;112112810
SİVAS;ŞARKIŞLA;YILDIRIM;KALE YÜZÜ SOKAK;sokak;987450290
SİVAS;ŞARKIŞLA;YILDIRIM;KALEMDAR SOKAK;sokak;498216551
SİVAS;ŞARKIŞLA;YILDIRIM;KARANFİL SOKAK;sokak;329632
SİVAS;ŞARKIŞLA;YILDIRIM;KILIÇARSLAN SOKAK;sokak;929307
SİVAS;ŞARKIŞLA;YILDIRIM;KÜLTÜR SOKAK;sokak;329633
SİVAS;ŞARKIŞLA;YILDIRIM;MADEN ŞEHİTLERİ SOKAK;sokak;1032298
SİVAS;ŞARKIŞLA;YILDIRIM;MEHMET GÖNEN SOKAK;sokak;629029
SİVAS;ŞARKIŞLA;YILDIRIM;METEHAN SOKAK;sokak;970586
SİVAS;ŞARKIŞLA;YILDIRIM;MEZARLIK YANI SOKAK;sokak;329634
SİVAS;ŞARKIŞLA;YILDIRIM;MUHSİN YAZICIOĞLU BULVAR;sokak;329630
SİVAS;ŞARKIŞLA;YILDIRIM;MUSTAFA PEHLİVANOĞLU SOKAK;sokak;982850
SİVAS;ŞARKIŞLA;YILDIRIM;OSMAN GAZİ SOKAK;sokak;1035815
SİVAS;ŞARKIŞLA;YILDIRIM;OZAN ARİF CADDE;cadde;1096316
SİVAS;ŞARKIŞLA;YILDIRIM;ÖĞRETMEN REMZİYE ÖZEN SOKAK;sokak;920574
SİVAS;ŞARKIŞLA;YILDIRIM;ÖZDEMİR SOKAK;sokak;859379
SİVAS;ŞARKIŞLA;YILDIRIM;ÖZTÜRK SOKAK;sokak;855097
SİVAS;ŞARKIŞLA;YILDIRIM;PARK SOKAK;sokak;1060241
SİVAS;ŞARKIŞLA;YILDIRIM;RAVZA SOKAK;sokak;372217
SİVAS;ŞARKIŞLA;YILDIRIM;SALİH AKKUŞ CADDE;cadde;1142147
SİVAS;ŞARKIŞLA;YILDIRIM;SAMYELİ SOKAK;sokak;459768001
SİVAS;ŞARKIŞLA;YILDIRIM;SEVGİ SOKAK;sokak;179370381
SİVAS;ŞARKIŞLA;YILDIRIM;STADYUM SOKAK;sokak;329635
SİVAS;ŞARKIŞLA;YILDIRIM;ŞEHİT A.TURAN TORUN SOKAK;sokak;627199
SİVAS;ŞARKIŞLA;YILDIRIM;ŞEHİT BAKİ TEKE SOKAK;sokak;628597
SİVAS;ŞARKIŞLA;YILDIRIM;ŞEHİT BEKİR TAŞTAN SOKAK;sokak;615343
SİVAS;ŞARKIŞLA;YILDIRIM;ŞEHİT DAVUT TOY SOKAK;sokak;829334
SİVAS;ŞARKIŞLA;YILDIRIM;ŞEHİT DURAN SAYAN SOKAK;sokak;626786
SİVAS;ŞARKIŞLA;YILDIRIM;ŞEHİT ERDOĞAN TAMER SOKAK;sokak;628460
SİVAS;ŞARKIŞLA;YILDIRIM;ŞEHİT İSKENDER ÖZTÜRK SOKAK;sokak;627543
SİVAS;ŞARKIŞLA;YILDIRIM;ŞEHİT MUHSİN CANPOLAT SOKAK;sokak;625015
SİVAS;ŞARKIŞLA;YILDIRIM;ŞEHİT ÖMER GÜVENÇ SOKAK;sokak;468851
SİVAS;ŞARKIŞLA;YILDIRIM;ŞEHİT SÜLEYMAN SOLAK SOKAK;sokak;627590
SİVAS;ŞARKIŞLA;YILDIRIM;TUĞGENERAL İSA BAYDİLLİ CADDE;cadde;411622071
SİVAS;ŞARKIŞLA;YILDIRIM;UYGAR SOKAK;sokak;960824171
SİVAS;ŞARKIŞLA;YILDIRIM;ÜLKÜ SOKAK;sokak;329636
SİVAS;ŞARKIŞLA;YILDIRIM;VATAN CADDE;cadde;1502193
SİVAS;ŞARKIŞLA;YILDIRIM;VİLLALAR SOKAK;sokak;91278
SİVAS;ŞARKIŞLA;YILDIRIM;YILDIRIM TEPESİ SOKAK;sokak;913698
SİVAS;ŞARKIŞLA;YUKARI;2. SOKAK;sokak;624398
SİVAS;ŞARKIŞLA;YUKARI;3. SOKAK;sokak;612904
SİVAS;ŞARKIŞLA;YUKARI;4 SOKAK;sokak;625251
SİVAS;ŞARKIŞLA;YUKARI;5 SOKAK;sokak;619708
SİVAS;ŞARKIŞLA;YUKARI;6 SOKAK;sokak;624395
SİVAS;ŞARKIŞLA;YUKARI;9-1 SOKAK;sokak;960432520
SİVAS;ŞARKIŞLA;YUKARI;9-10 SOKAK;sokak;125597460
SİVAS;ŞARKIŞLA;YUKARI;9-11 SOKAK;sokak;968332560
SİVAS;ŞARKIŞLA;YUKARI;9-12 SOKAK;sokak;741056770
SİVAS;ŞARKIŞLA;YUKARI;9-2 SOKAK;sokak;359530330
SİVAS;ŞARKIŞLA;YUKARI;9-3 SOKAK;sokak;949613490
SİVAS;ŞARKIŞLA;YUKARI;9-4 SOKAK;sokak;249350900
SİVAS;ŞARKIŞLA;YUKARI;9-5 SOKAK;sokak;623391890
SİVAS;ŞARKIŞLA;YUKARI;9-6 SOKAK;sokak;686752710
SİVAS;ŞARKIŞLA;YUKARI;9-7 SOKAK;sokak;807874270
SİVAS;ŞARKIŞLA;YUKARI;9-8 SOKAK;sokak;619705
SİVAS;ŞARKIŞLA;YUKARI;9-9 SOKAK;sokak;821730710
SİVAS;ŞARKIŞLA;YUKARI;BERBERLER SOKAK;sokak;370245
SİVAS;ŞARKIŞLA;YUKARI;BEŞİKKALE ÖNÜ SOKAK;sokak;329637
SİVAS;ŞARKIŞLA;YUKARI;BEYZA SOKAK;sokak;20181400
SİVAS;ŞARKIŞLA;YUKARI;DERTLİOĞLU SOKAK;sokak;328914
SİVAS;ŞARKIŞLA;YUKARI;ELVAN SOKAK;sokak;468852
SİVAS;ŞARKIŞLA;YUKARI;ESEN SOKAK;sokak;612902
SİVAS;ŞARKIŞLA;YUKARI;GAZİ SOKAK;sokak;329638
SİVAS;ŞARKIŞLA;YUKARI;GÜLŞEN SOKAK;sokak;329639
SİVAS;ŞARKIŞLA;YUKARI;HASTANE ÖNÜ SOKAK;sokak;370246
SİVAS;ŞARKIŞLA;YUKARI;HİLAL SOKAK;sokak;329641
SİVAS;ŞARKIŞLA;YUKARI;HOLDUROĞLU SOKAK;sokak;329640
SİVAS;ŞARKIŞLA;YUKARI;İSMAİL GASPIRALI SOKAK;sokak;889942
SİVAS;ŞARKIŞLA;YUKARI;İSTASYON CADDE;cadde;328919
SİVAS;ŞARKIŞLA;YUKARI;KALEYÜZÜ 1 SOKAK;sokak;1509359
SİVAS;ŞARKIŞLA;YUKARI;KALEYÜZÜ 2 SOKAK;sokak;1509361
SİVAS;ŞARKIŞLA;YUKARI;KALEYÜZÜ 3 SOKAK;sokak;855978130
SİVAS;ŞARKIŞLA;YUKARI;KALEYÜZÜ 4 SOKAK;sokak;1509365
SİVAS;ŞARKIŞLA;YUKARI;KALEYÜZÜ 5 SOKAK;sokak;1509387
SİVAS;ŞARKIŞLA;YUKARI;KALEYÜZÜ 6 SOKAK;sokak;1509389
SİVAS;ŞARKIŞLA;YUKARI;KALEYÜZÜ 7 SOKAK;sokak;1509363
SİVAS;ŞARKIŞLA;YUKARI;KIZILYAZI SOKAK;sokak;468854
SİVAS;ŞARKIŞLA;YUKARI;MERVE SOKAK;sokak;328909
SİVAS;ŞARKIŞLA;YUKARI;OSMAN BEY SOKAK;sokak;328910
SİVAS;ŞARKIŞLA;YUKARI;ÖZDAL SOKAK;sokak;328918
SİVAS;ŞARKIŞLA;YUKARI;PINARBAŞI SOKAK;sokak;328911
SİVAS;ŞARKIŞLA;YUKARI;SAFA SOKAK;sokak;328912
SİVAS;ŞARKIŞLA;YUKARI;SEDEF-1 SOKAK;sokak;612900
SİVAS;ŞARKIŞLA;YUKARI;SERDARİ SOKAK;sokak;328913
SİVAS;ŞARKIŞLA;YUKARI;SEYRAN SOKAK;sokak;328915
SİVAS;ŞARKIŞLA;YUKARI;SİNAN AYDIN SOKAK;sokak;328908
SİVAS;ŞARKIŞLA;YUKARI;SÖNMEZ SOKAK;sokak;623791
SİVAS;ŞARKIŞLA;YUKARI;ŞEHİT AYDIN ÇELİK SOKAK;sokak;623793
SİVAS;ŞARKIŞLA;YUKARI;ŞEHİT MUAMMER AKMAN SOKAK;sokak;625247
SİVAS;ŞARKIŞLA;YUKARI;ŞEHİT ÜNAL CANBEK SOKAK;sokak;619194
SİVAS;ŞARKIŞLA;YUKARI;ŞEKER SOKAK;sokak;619704
SİVAS;ŞARKIŞLA;YUKARI;ŞİMŞEK SOKAK;sokak;816535
SİVAS;ŞARKIŞLA;YUKARI;TEPE SOKAK;sokak;328917
SİVAS;ŞARKIŞLA;YUKARI;TEVFİK ÇİLEK SOKAK;sokak;328916
SİVAS;ŞARKIŞLA;YUKARI;TUĞGENERAL İSA BAYDİLLİ CADDE;cadde;468853
SİVAS;ŞARKIŞLA;YUKARI;UYGUR SOKAK;sokak;865549
SİVAS;ŞARKIŞLA;YUNUSÖREN NA;YUNUSÖREN KÜME EVLER;sokak;671358
SİVAS;ŞARKIŞLA;YÜKSELEN NA;YÜKSELEN KÜME EVLER;sokak;641244
SİVAS;ULAŞ;ACIYURT NA;ACIYURT KÜME EVLER;sokak;600337
SİVAS;ULAŞ;ACIYURT NA;KONAK KÜME EVLER;sokak;1300297
SİVAS;ULAŞ;AKKAYA - ÇİFTEAĞIL;ÇİFTEAĞIL KÜME EVLER;sokak;723984
SİVAS;ULAŞ;AKKAYA NA;AKKAYA KÜME EVLER;sokak;668950
SİVAS;ULAŞ;AKKAYA NA;KARSIYAKA KÜME EVLER;sokak;81414
SİVAS;ULAŞ;AŞAĞIADA NA;AŞAĞIADA KÜME EVLER;sokak;624425
SİVAS;ULAŞ;BAHARÖZÜ - FATİH;1. SOKAK;sokak;330608
SİVAS;ULAŞ;BAHARÖZÜ - FATİH;2. SOKAK;sokak;370263
SİVAS;ULAŞ;BAHARÖZÜ - FATİH;25. SOKAK;sokak;330609
SİVAS;ULAŞ;BAHARÖZÜ - FATİH;26. SOKAK;sokak;460472
SİVAS;ULAŞ;BAHARÖZÜ - FATİH;27. SOKAK;sokak;329014
SİVAS;ULAŞ;BAHARÖZÜ - FATİH;28. SOKAK;sokak;329016
SİVAS;ULAŞ;BAHARÖZÜ - FATİH;29. SOKAK;sokak;329018
SİVAS;ULAŞ;BAHARÖZÜ - FATİH;3. SOKAK;sokak;330610
SİVAS;ULAŞ;BAHARÖZÜ - FATİH;30. SOKAK;sokak;329020
SİVAS;ULAŞ;BAHARÖZÜ - FATİH;4. SOKAK;sokak;329015
SİVAS;ULAŞ;BAHARÖZÜ - FATİH;5. SOKAK;sokak;329017
SİVAS;ULAŞ;BAHARÖZÜ - FATİH;6. SOKAK;sokak;329019
SİVAS;ULAŞ;BAHARÖZÜ - FATİH;7. SOKAK;sokak;329021
SİVAS;ULAŞ;BAHARÖZÜ - FATİH;8. SOKAK;sokak;587869
SİVAS;ULAŞ;BAHARÖZÜ - FATİH;FATİH SULTAN MEHMET SOKAK;sokak;329022
SİVAS;ULAŞ;BAHARÖZÜ - YENİ;51. SOKAK;sokak;329023
SİVAS;ULAŞ;BAHARÖZÜ - YENİ;52. SOKAK;sokak;329025
SİVAS;ULAŞ;BAHARÖZÜ - YENİ;53. SOKAK;sokak;329027
SİVAS;ULAŞ;BAHARÖZÜ - YENİ;57. SOKAK;sokak;329030
SİVAS;ULAŞ;BAHARÖZÜ - YENİ;64. SOKAK;sokak;329024
SİVAS;ULAŞ;BAHARÖZÜ - YENİ;76. SOKAK;sokak;599216
SİVAS;ULAŞ;BAHARÖZÜ - YENİ;77. SOKAK;sokak;329026
SİVAS;ULAŞ;BAHARÖZÜ - YENİ;78. SOKAK;sokak;329028
SİVAS;ULAŞ;BAHARÖZÜ - YENİ;79. SOKAK;sokak;329029
SİVAS;ULAŞ;BAHARÖZÜ - YENİ;MEHMET AKİF ERSOY SOKAK;sokak;329031
SİVAS;ULAŞ;BAHARÖZÜ - YENİ;YUNUS EMRE SOKAK;sokak;329032
SİVAS;ULAŞ;BAŞÇAYIR - HALİLAĞA ÇİFTLİĞİ;HALİLAĞA ÇİFTLİĞİ KÜME EVLER;sokak;147571
SİVAS;ULAŞ;BAŞÇAYIR - PAŞAÇİFTLİĞİ;PAŞAÇİFTLİĞİ KÜME EVLER;sokak;382293
SİVAS;ULAŞ;BAŞÇAYIR NA;BAŞÇAYIR KÜME EVLER;sokak;290465
SİVAS;ULAŞ;BOĞAZDERE NA;BOĞAZDERE KÜME EVLER;sokak;668505
SİVAS;ULAŞ;BOSTANKAYA NA;BOSTANKAYA İSTASYONU KÜME EVLER;sokak;726273
SİVAS;ULAŞ;BOSTANKAYA NA;BOSTANKAYA KÜME EVLER;sokak;621572
SİVAS;ULAŞ;ÇAVDAR NA;ÇAVDAR KÜME EVLER;sokak;647228
SİVAS;ULAŞ;ÇEVİRME NA;ÇEVİRME KÜME EVLER;sokak;658269
SİVAS;ULAŞ;DEMİRCİLİK - AŞAĞI DEMİRCİLİK;AŞAĞI DEMİRCİLİK KÜME EVLER;sokak;731325
SİVAS;ULAŞ;DEMİRCİLİK NA;DEMİRCİLİK KÜME EVLER;sokak;655125
SİVAS;ULAŞ;EKİNCİOĞLU NA;EKİNCİOĞLU KÜME EVLER;sokak;656097
SİVAS;ULAŞ;ESENTEPE;58-1 SOKAK;sokak;110760151
SİVAS;ULAŞ;ESENTEPE;58-10 SOKAK;sokak;674534231
SİVAS;ULAŞ;ESENTEPE;58-11 SOKAK;sokak;979096911
SİVAS;ULAŞ;ESENTEPE;58-2 SOKAK;sokak;780373891
SİVAS;ULAŞ;ESENTEPE;58-23 SOKAK;sokak;325619041
SİVAS;ULAŞ;ESENTEPE;58-24 SOKAK;sokak;892515081
SİVAS;ULAŞ;ESENTEPE;58-3 SOKAK;sokak;747464701
SİVAS;ULAŞ;ESENTEPE;58-4 SOKAK;sokak;765122271
SİVAS;ULAŞ;ESENTEPE;58-5 SOKAK;sokak;876325501
SİVAS;ULAŞ;ESENTEPE;58-6 SOKAK;sokak;341110131
SİVAS;ULAŞ;ESENTEPE;58-7 SOKAK;sokak;467717391
SİVAS;ULAŞ;ESENTEPE;58-8 SOKAK;sokak;461871831
SİVAS;ULAŞ;ESENTEPE;58-9 SOKAK;sokak;190546831
SİVAS;ULAŞ;ESENTEPE;ABDİ İPEKÇİ CADDE;cadde;328999
SİVAS;ULAŞ;ESENTEPE;ATATÜRK CADDE;cadde;427986030
SİVAS;ULAŞ;ESENTEPE;AYDIN SOKAK;sokak;377844100
SİVAS;ULAŞ;ESENTEPE;BAHAR SOKAK;sokak;329001
SİVAS;ULAŞ;ESENTEPE;BEKTAŞ SOKAK;sokak;706606000
SİVAS;ULAŞ;ESENTEPE;BÜLBÜL SOKAK;sokak;328997
SİVAS;ULAŞ;ESENTEPE;CUMHURİYET CADDE;cadde;460462
SİVAS;ULAŞ;ESENTEPE;ÇİÇEK SOKAK;sokak;588835
SİVAS;ULAŞ;ESENTEPE;DEĞİRMEN SOKAK;sokak;329004
SİVAS;ULAŞ;ESENTEPE;DEMİRCİLİK_1 CADDE;cadde;329003
SİVAS;ULAŞ;ESENTEPE;DEVLET BAHÇELİ CADDE;cadde;329002
SİVAS;ULAŞ;ESENTEPE;DOLUNAY SOKAK;sokak;843186
SİVAS;ULAŞ;ESENTEPE;ESEN SOKAK;sokak;572529180
SİVAS;ULAŞ;ESENTEPE;ESENTEPE YENİYOL 8 SOKAK;sokak;740189530
SİVAS;ULAŞ;ESENTEPE;GÖL SOKAK;sokak;328987
SİVAS;ULAŞ;ESENTEPE;GÜLVEREN SOKAK;sokak;328988
SİVAS;ULAŞ;ESENTEPE;GÜNDÜZ SOKAK;sokak;322366221
SİVAS;ULAŞ;ESENTEPE;KANARYA SOKAK;sokak;328995
SİVAS;ULAŞ;ESENTEPE;KARDELEN SOKAK;sokak;328996
SİVAS;ULAŞ;ESENTEPE;KAZIM KARABEKİR SOKAK;sokak;328989
SİVAS;ULAŞ;ESENTEPE;KEKLİK SOKAK;sokak;460460
SİVAS;ULAŞ;ESENTEPE;KIZILTUĞ SOKAK;sokak;135668070
SİVAS;ULAŞ;ESENTEPE;MENEKŞE SOKAK;sokak;465135
SİVAS;ULAŞ;ESENTEPE;NAVRUZ SOKAK;sokak;589915140
SİVAS;ULAŞ;ESENTEPE;OĞUZ SOKAK;sokak;852501240
SİVAS;ULAŞ;ESENTEPE;ORHAN VELİ SOKAK;sokak;328990
SİVAS;ULAŞ;ESENTEPE;ÖZDEMİR SOKAK;sokak;328994
SİVAS;ULAŞ;ESENTEPE;ÖZGÜR SOKAK;sokak;843180
SİVAS;ULAŞ;ESENTEPE;SÜMBÜL SOKAK;sokak;112212720
SİVAS;ULAŞ;ESENTEPE;ŞEHİT HAKAN TOPÇU SOKAK;sokak;460459
SİVAS;ULAŞ;ESENTEPE;ŞEHİT MEFDUNİ DUMAN SOKAK;sokak;460463
SİVAS;ULAŞ;ESENTEPE;ŞEHİT TEĞMEN ŞAFAK EVRAN SOKAK;sokak;329000
SİVAS;ULAŞ;ESENTEPE;TARIM SOKAK;sokak;328991
SİVAS;ULAŞ;ESENTEPE;TECER_1 SOKAK;sokak;460458
SİVAS;ULAŞ;ESENTEPE;TOPRAK MAHSULLERİ OFİSİ CADDE;cadde;1328103
SİVAS;ULAŞ;ESENTEPE;TURNA SOKAK;sokak;328998
SİVAS;ULAŞ;ESENTEPE;UĞUR MUMCU CADDE;cadde;328992
SİVAS;ULAŞ;ESENTEPE;YAYLA SOKAK;sokak;32199
SİVAS;ULAŞ;ESENTEPE;YILDIZ/1 SOKAK;sokak;843182
SİVAS;ULAŞ;ESENTEPE;ZENCEFİL SOKAK;sokak;328993
SİVAS;ULAŞ;ESKİKARAHİSAR - KADİR AĞA;KADİR AĞA KÜME EVLER;sokak;43333
SİVAS;ULAŞ;ESKİKARAHİSAR - YEŞİLYURT;YEŞİLYURT KÜME EVLER;sokak;154578
SİVAS;ULAŞ;ESKİKARAHİSAR NA;ESKİKARAHİSAR KÜME EVLER;sokak;660733
SİVAS;ULAŞ;ESKİKÖY NA;İSTASYON A KÜME EVLER;sokak;726587
SİVAS;ULAŞ;ESKİKÖY NA;İSTASYON B KÜME EVLER;sokak;726594
SİVAS;ULAŞ;ESKİKÖY NA;KERTME KARACAÖREN KÜME EVLER;sokak;697208
SİVAS;ULAŞ;ESKİKÖY NA;ŞANTİYE KÜME EVLER;sokak;175358
SİVAS;ULAŞ;EZENTERE NA;EZENTERE KÜME EVLER;sokak;668503
SİVAS;ULAŞ;GÜMÜŞPINAR NA;GÜMÜŞPINAR KÜME EVLER;sokak;389256
SİVAS;ULAŞ;GÜNEŞLİ NA;GÜNEŞLİ KÜME EVLER;sokak;100059
SİVAS;ULAŞ;GÜRPINAR NA;GÜRPINAR KÜME EVLER;sokak;693054
SİVAS;ULAŞ;HACIMİRZA NA;HACIMİRZA KÜME EVLER;sokak;692285
SİVAS;ULAŞ;HÜRRİYET;58/13 SOKAK;sokak;433345721
SİVAS;ULAŞ;HÜRRİYET;ATATÜRK CADDE;cadde;329007
SİVAS;ULAŞ;HÜRRİYET;BELEDİYE SOKAK;sokak;460464
SİVAS;ULAŞ;HÜRRİYET;BOSTANKAYA SOKAK;sokak;887098
SİVAS;ULAŞ;HÜRRİYET;DEMOKRASİ MEYDAN;sokak;329010
SİVAS;ULAŞ;HÜRRİYET;DEVLET BAHÇELİ CADDE;cadde;329008
SİVAS;ULAŞ;HÜRRİYET;ERGENEKON SOKAK;sokak;595664
SİVAS;ULAŞ;HÜRRİYET;GÖL SOKAK;sokak;329009
SİVAS;ULAŞ;HÜRRİYET;GÜL SOKAK;sokak;329006
SİVAS;ULAŞ;HÜRRİYET;HAN SOKAK;sokak;460465
SİVAS;ULAŞ;HÜRRİYET;HARMAN SOKAK;sokak;597732
SİVAS;ULAŞ;HÜRRİYET;HARMANCIK KÜME EVLER;sokak;1472339
SİVAS;ULAŞ;HÜRRİYET;İNÖNÜ CADDE;cadde;329326
SİVAS;ULAŞ;HÜRRİYET;İRFAN SOKAK;sokak;1395069
SİVAS;ULAŞ;HÜRRİYET;KANDİL SOKAK;sokak;876326750
SİVAS;ULAŞ;HÜRRİYET;KARANFİL SOKAK;sokak;329011
SİVAS;ULAŞ;HÜRRİYET;KEPENEK SOKAK;sokak;664345230
SİVAS;ULAŞ;HÜRRİYET;KİRAZ SOKAK;sokak;551021640
SİVAS;ULAŞ;HÜRRİYET;KONGRE SOKAK;sokak;329013
SİVAS;ULAŞ;HÜRRİYET;KÖPRÜBAŞI SOKAK;sokak;460466
SİVAS;ULAŞ;HÜRRİYET;KULYUSUF SOKAK;sokak;1236307
SİVAS;ULAŞ;HÜRRİYET;KUVA-İ MİLLİYE SOKAK;sokak;329012
SİVAS;ULAŞ;HÜRRİYET;OVA SOKAK;sokak;322141160
SİVAS;ULAŞ;HÜRRİYET;ÖZLEM SOKAK;sokak;460467
SİVAS;ULAŞ;HÜRRİYET;PAZAR SOKAK;sokak;1057253
SİVAS;ULAŞ;HÜRRİYET;PINAR BAŞI SOKAK;sokak;329325
SİVAS;ULAŞ;HÜRRİYET;RÜZGAR SOKAK;sokak;353061250
SİVAS;ULAŞ;HÜRRİYET;SAĞLIK SOKAK;sokak;1516245
SİVAS;ULAŞ;HÜRRİYET;ŞAHİN SOKAK;sokak;597747
SİVAS;ULAŞ;HÜRRİYET;ŞEHİT HACI AVCI SOKAK;sokak;905049
SİVAS;ULAŞ;HÜRRİYET;ŞEHİT KUBİLAY SOKAK;sokak;329327
SİVAS;ULAŞ;HÜRRİYET;ŞEHİT MUHAMMET ONUR DEMİR SOKAK;sokak;329005
SİVAS;ULAŞ;HÜRRİYET;ŞEHİT MURAT DOĞAN SOKAK;sokak;596059
SİVAS;ULAŞ;HÜRRİYET;ÜLKÜ SOKAK;sokak;880914420
SİVAS;ULAŞ;HÜRRİYET;VADİ SOKAK;sokak;914339610
SİVAS;ULAŞ;KAPUKAYA - YEŞİLDİYAR;YEŞİLDİYAR KÜME EVLER;sokak;49922
SİVAS;ULAŞ;KAPUKAYA NA;KAPUKAYA KÜME EVLER;sokak;676703
SİVAS;ULAŞ;KARACALAR - ÖREN;ÖREN KÜME EVLER;sokak;154561
SİVAS;ULAŞ;KARACALAR NA;KARACALAR KÜME EVLER;sokak;686525
SİVAS;ULAŞ;KARAGÖL NA;KARAGÖL KÜME EVLER;sokak;686326
SİVAS;ULAŞ;KARAŞAR - AĞIL;KÖY SOKAĞI KÜME EVLER;sokak;349442
SİVAS;ULAŞ;KARAŞAR - GÜLBAHÇE;KÖY SOKAĞI_1 KÜME EVLER;sokak;724694
SİVAS;ULAŞ;KARAŞAR NA;KARAŞAR KÜME EVLER;sokak;459168
SİVAS;ULAŞ;KARATAŞ - ÜÇ EVLER;ÜÇ EVLER KÜME EVLER;sokak;725338
SİVAS;ULAŞ;KARATAŞ NA;KARATAŞ KÜME EVLER;sokak;260275
SİVAS;ULAŞ;KAYAPINAR - ÖMER AĞA;ÖMERAĞA KÜME EVLER;sokak;172958
SİVAS;ULAŞ;KAYAPINAR - TAŞ OCAĞI;TAŞ OCAĞI KÜME EVLER KÜME EVLER;sokak;81110
SİVAS;ULAŞ;KAYAPINAR - TAŞ OCAĞI A;TAŞOCAĞI A KÜME EVLER;sokak;81111
SİVAS;ULAŞ;KAYAPINAR - TAŞ OCAĞI B;TAŞ OCAĞI B KÜME EVLER;sokak;81112
SİVAS;ULAŞ;KAYAPINAR NA;KAYAPINAR KÜME EVLER;sokak;690913
SİVAS;ULAŞ;KAZANPINAR NA;KAZANPINAR KÜME EVLER;sokak;681601
SİVAS;ULAŞ;KORUBAŞI NA;KORUBAŞI KÜME EVLER;sokak;700432
SİVAS;ULAŞ;KOVALI NA;KOVALI KÜME EVLER;sokak;694297
SİVAS;ULAŞ;KOVALI NA;MALATYA CAD. SOKAK;sokak;986546
SİVAS;ULAŞ;KURTLUKAYA NA;KURTLUKAYA KÜME EVLER;sokak;672473
SİVAS;ULAŞ;KURTOĞLU - KÖTÜYURT;KÖTÜYURT KÜME EVLER;sokak;729134
SİVAS;ULAŞ;KURTOĞLU NA;KURTOĞLU KÜME EVLER;sokak;705322
SİVAS;ULAŞ;KÜPELİ NA;KÖYÜN KENDİSİ KÜME EVLER;sokak;676312
SİVAS;ULAŞ;OVACIK - ÇAKILPINAR;ÇAKILPINAR KÜME EVLER;sokak;724604
SİVAS;ULAŞ;OVACIK NA;OVACIK KÜME EVLER;sokak;673449
SİVAS;ULAŞ;ÖRENLİCE - BEŞEVLER;BEŞEVLER KÜME EVLER;sokak;81685
SİVAS;ULAŞ;ÖRENLİCE NA;ÖRENLİCE KÜME EVLER;sokak;701018
SİVAS;ULAŞ;ŞENYURT NA;ŞENYURT KÜME EVLER;sokak;706391
SİVAS;ULAŞ;TECER NA;MADEN OCAKLARI KÜME EVLER;sokak;1458785
SİVAS;ULAŞ;TECER NA;TECER KÜME EVLER;sokak;483991
SİVAS;ULAŞ;YAĞDONDURAN NA;YAGDONDURAN KÜME EVLER;sokak;679240
SİVAS;ULAŞ;YAĞDONDURAN NA;YAĞDONDURAN KÜME EVLER;sokak;264980710
SİVAS;ULAŞ;YAPALI - KÜÇÜKYAPALI;KÜÇÜK YAPALI KÜME EVLER;sokak;241263
SİVAS;ULAŞ;YAPALI NA;YAPALI KÜME EVLER;sokak;705313
SİVAS;ULAŞ;YAZICIK NA;YAZICIK KÜME EVLER;sokak;669923
SİVAS;ULAŞ;YENİKARAHİSAR;ADNAN MENDERES CADDE;cadde;329044
SİVAS;ULAŞ;YENİKARAHİSAR;ATATÜRK_1 CADDE;cadde;329042
SİVAS;ULAŞ;YENİKARAHİSAR;BÜYÜK PINAR KÜME EVLER;sokak;329033
SİVAS;ULAŞ;YENİKARAHİSAR;CUMHURİYET_1 CADDE;cadde;465480
SİVAS;ULAŞ;YENİKARAHİSAR;ÇAYIR SOKAK;sokak;329034
SİVAS;ULAŞ;YENİKARAHİSAR;DÜZOVA SOKAK;sokak;465483
SİVAS;ULAŞ;YENİKARAHİSAR;ESENLER SOKAK;sokak;651636020
SİVAS;ULAŞ;YENİKARAHİSAR;FATİH CADDE;cadde;329037
SİVAS;ULAŞ;YENİKARAHİSAR;FEVZİ ÇAKMAK CADDE;cadde;329038
SİVAS;ULAŞ;YENİKARAHİSAR;GEVEN SOKAK;sokak;329035
SİVAS;ULAŞ;YENİKARAHİSAR;GÜMÜŞPINAR SOKAK;sokak;702555
SİVAS;ULAŞ;YENİKARAHİSAR;HİLAL CADDE;cadde;329046
SİVAS;ULAŞ;YENİKARAHİSAR;HİSAR CADDE;cadde;465481
SİVAS;ULAŞ;YENİKARAHİSAR;HUZUR MEYDAN;sokak;244742720
SİVAS;ULAŞ;YENİKARAHİSAR;HÜRRİYET SOKAK;sokak;724680770
SİVAS;ULAŞ;YENİKARAHİSAR;İBNİ SİNA CADDE;cadde;465482
SİVAS;ULAŞ;YENİKARAHİSAR;İSTİKLAL CADDE;cadde;465485
SİVAS;ULAŞ;YENİKARAHİSAR;KALE SOKAK;sokak;695518
SİVAS;ULAŞ;YENİKARAHİSAR;KARACA SOKAK;sokak;329036
SİVAS;ULAŞ;YENİKARAHİSAR;KARŞIYAKA SOKAK;sokak;329040
SİVAS;ULAŞ;YENİKARAHİSAR;KILIÇ SOKAK;sokak;329039
SİVAS;ULAŞ;YENİKARAHİSAR;KULMAÇ SOKAK;sokak;329047
SİVAS;ULAŞ;YENİKARAHİSAR;MİMAR SİNAN CADDE;cadde;329045
SİVAS;ULAŞ;YENİKARAHİSAR;NİLÜFER SOKAK;sokak;329617400
SİVAS;ULAŞ;YENİKARAHİSAR;POYRAZ SOKAK;sokak;272204740
SİVAS;ULAŞ;YENİKARAHİSAR;SİVAS MALATYA BULVAR;sokak;123076090
SİVAS;ULAŞ;YENİKARAHİSAR;TANSU ÇİLLER CADDE;cadde;465484
SİVAS;ULAŞ;YENİKARAHİSAR;UĞUR SOKAK;sokak;697889
SİVAS;ULAŞ;YENİKARAHİSAR;YAVUZ SELİM CADDE;cadde;329043
SİVAS;ULAŞ;YENİKARAHİSAR;YILDIZ CADDE;cadde;329041
SİVAS;ULAŞ;YEŞİLYURT;58-19 SOKAK;sokak;419178401
SİVAS;ULAŞ;YEŞİLYURT;58-20 SOKAK;sokak;992339341
SİVAS;ULAŞ;YEŞİLYURT;BAHÇE SOKAK;sokak;596907
SİVAS;ULAŞ;YEŞİLYURT;BOZKURT SOKAK;sokak;849183
SİVAS;ULAŞ;YEŞİLYURT;CAMİ SOKAK;sokak;329329
SİVAS;ULAŞ;YEŞİLYURT;ÇAY SOKAK;sokak;1056847
SİVAS;ULAŞ;YEŞİLYURT;DEVLET BAHÇELİ CADDE;cadde;370261
SİVAS;ULAŞ;YEŞİLYURT;DİRİLİŞ SOKAK;sokak;460469
SİVAS;ULAŞ;YEŞİLYURT;EKİNCİ SOKAK;sokak;890831
SİVAS;ULAŞ;YEŞİLYURT;FİDAN SOKAK;sokak;460470
SİVAS;ULAŞ;YEŞİLYURT;GÖKÇE SOKAK;sokak;586347
SİVAS;ULAŞ;YEŞİLYURT;GÜNEŞ SOKAK;sokak;857171550
SİVAS;ULAŞ;YEŞİLYURT;IRMAK SOKAK;sokak;31866
SİVAS;ULAŞ;YEŞİLYURT;KÜLTÜR SOKAK;sokak;329330
SİVAS;ULAŞ;YEŞİLYURT;LOZAN SOKAK;sokak;329332
SİVAS;ULAŞ;YEŞİLYURT;MUHSİN YAZICIOĞLU CADDE;cadde;330607
SİVAS;ULAŞ;YEŞİLYURT;OKUL SOKAK;sokak;329333
SİVAS;ULAŞ;YEŞİLYURT;ÖZTÜRK SOKAK;sokak;203136070
SİVAS;ULAŞ;YEŞİLYURT;PINAR SOKAK;sokak;126350170
SİVAS;ULAŞ;YEŞİLYURT;SİVAS CADDE;cadde;955565
SİVAS;ULAŞ;YEŞİLYURT;SİVAS MALATYA BULVAR;sokak;127105960
SİVAS;ULAŞ;YEŞİLYURT;ŞARKIŞLA ALTINYAYLA BULVAR;sokak;540277680
SİVAS;ULAŞ;YEŞİLYURT;ŞEHİT AHMET KOÇAK SOKAK;sokak;329328
SİVAS;ULAŞ;YEŞİLYURT;ŞEHİT HİKMET DUMAN SOKAK;sokak;460471
SİVAS;ULAŞ;YEŞİLYURT;ŞEHİT MUSA TOPALOĞLU SOKAK;sokak;460468
SİVAS;ULAŞ;YEŞİLYURT;ŞEHİT ZEYNEL DÖRTYOL CADDE;cadde;329331
SİVAS;ULAŞ;YEŞİLYURT;TÜRKMEN SOKAK;sokak;370262
SİVAS;ULAŞ;YEŞİLYURT;ULAŞ SOKAK;sokak;997929700
SİVAS;ULAŞ;YEŞİLYURT;YONCA SOKAK;sokak;373709880
SİVAS;ULAŞ;YEŞİLYURT;ZIRAAT SOKAK;sokak;591287
SİVAS;ULAŞ;YUKARIADA NA;YUKARIADA KÜME EVLER;sokak;469861
SİVAS;YILDIZELİ;AKÇAKALE NA;AKÇAKALE KÜME EVLER;sokak;618756
SİVAS;YILDIZELİ;AKÇALI NA;AKÇALI KÜME EVLER;sokak;630659
SİVAS;YILDIZELİ;AKKOCA NA;AKKOCA KÜME EVLER;sokak;81639
SİVAS;YILDIZELİ;AKÖREN NA;AKÖREN KÜME EVLER;sokak;627418
SİVAS;YILDIZELİ;AKPINAR NA;AKPINAR KÜME EVLER;sokak;620589
SİVAS;YILDIZELİ;AKPINARBELENİ NA;AKPINARBELENİ KÜME EVLER;sokak;617730
SİVAS;YILDIZELİ;ALACA NA;ALACA KÜME EVLER;sokak;607248
SİVAS;YILDIZELİ;ALTINOLUK NA;ALTINOLUK KÜME EVLER;sokak;616067
SİVAS;YILDIZELİ;ARSLANDOĞMUŞ NA;ARSLANDOĞMUŞ KÜME EVLER;sokak;635439
SİVAS;YILDIZELİ;AŞAĞIÇAKMAK NA;AŞAĞIÇAKMAK KÜME EVLER;sokak;639538
SİVAS;YILDIZELİ;AŞAĞIEKECİK NA;AŞAĞIEKECİK KÜME EVLER;sokak;627389
SİVAS;YILDIZELİ;AVCIPINARI NA;AVCIPINARI KÜME EVLER;sokak;616172
SİVAS;YILDIZELİ;BAKIRCIOĞLU NA;BAKIRCIOĞLU KÜME EVLER;sokak;659630
SİVAS;YILDIZELİ;BANAZ NA;BANAZ KÜME EVLER;sokak;616068
SİVAS;YILDIZELİ;BAŞKÖY NA;BAŞKÖY KÜME EVLER;sokak;643183
SİVAS;YILDIZELİ;BAYAT NA;BAYAT KÜME EVLER;sokak;117934
SİVAS;YILDIZELİ;BEDEL NA;BEDEL KÜME EVLER;sokak;629454
SİVAS;YILDIZELİ;BELCİK NA;BELCİK KÜME EVLER;sokak;646379
SİVAS;YILDIZELİ;BUĞDAYÖREN - ERİKLİ;ERİKLİ KÜME EVLER;sokak;625792
SİVAS;YILDIZELİ;BUĞDAYÖREN NA;BUĞDAYÖREN KÜME EVLER;sokak;619334
SİVAS;YILDIZELİ;BÜYÜKAKÖREN NA;BÜYÜKAKÖREN KÜME EVLER;sokak;607295
SİVAS;YILDIZELİ;CAMİİ;ABDULKADİR SELVİ 1 SOKAK;sokak;964280321
SİVAS;YILDIZELİ;CAMİİ;ABDULKADİR SELVİ 2 SOKAK;sokak;749019351
SİVAS;YILDIZELİ;CAMİİ;AKÇA SOKAK;sokak;329048
SİVAS;YILDIZELİ;CAMİİ;CAMİİ YENİYOL 9 SOKAK;sokak;821368960
SİVAS;YILDIZELİ;CAMİİ;CAMİİ YENİYOL/4 SOKAK;sokak;617483980
SİVAS;YILDIZELİ;CAMİİ;CAMİİ YENİYOL1 SOKAK;sokak;866316940
SİVAS;YILDIZELİ;CAMİİ;CAMİİ YENİYOL10 SOKAK;sokak;590634610
SİVAS;YILDIZELİ;CAMİİ;CAMİİ YENİYOL11 SOKAK;sokak;477255690
SİVAS;YILDIZELİ;CAMİİ;CAMİİ YENİYOL12 SOKAK;sokak;387348280
SİVAS;YILDIZELİ;CAMİİ;CAMİİ YENİYOL13 SOKAK;sokak;827774260
SİVAS;YILDIZELİ;CAMİİ;CAMİİ YENİYOL14 SOKAK;sokak;440118980
SİVAS;YILDIZELİ;CAMİİ;CAMİİ YENİYOL2 SOKAK;sokak;987217490
SİVAS;YILDIZELİ;CAMİİ;CAMİİ YENİYOL3 SOKAK;sokak;987156670
SİVAS;YILDIZELİ;CAMİİ;CAMİİ YENİYOL5 SOKAK;sokak;174125860
SİVAS;YILDIZELİ;CAMİİ;CAMİİ YENİYOL6 SOKAK;sokak;205821850
SİVAS;YILDIZELİ;CAMİİ;CAMİİ YENİYOL7 SOKAK;sokak;807525790
SİVAS;YILDIZELİ;CAMİİ;CUMHURİYET CADDE;cadde;465486
SİVAS;YILDIZELİ;CAMİİ;DERE SOKAK;sokak;329049
SİVAS;YILDIZELİ;CAMİİ;DİKTEPE SOKAK;sokak;329050
SİVAS;YILDIZELİ;CAMİİ;ERGENEKON SOKAK;sokak;465487
SİVAS;YILDIZELİ;CAMİİ;GAZATECI YAZAR ABDULKADIR SELVI SOKAK;sokak;448284
SİVAS;YILDIZELİ;CAMİİ;GAZETECİ YAZAR ABDULKADİR SELVİ CADDE;cadde;58705328
SİVAS;YILDIZELİ;CAMİİ;HAMAM SOKAK;sokak;329051
SİVAS;YILDIZELİ;CAMİİ;KAĞNI SOKAK;sokak;329052
SİVAS;YILDIZELİ;CAMİİ;KEMENKEŞ KARA MUSTAFA PAŞA CADDE;cadde;329053
SİVAS;YILDIZELİ;CAMİİ;KESİK SOKAK;sokak;465488
SİVAS;YILDIZELİ;CAMİİ;MUSTAFA ARDA SOKAK;sokak;670178
SİVAS;YILDIZELİ;CAMİİ;NAL DÖKEN SOKAK;sokak;329054
SİVAS;YILDIZELİ;CAMİİ;ULUS SOKAK;sokak;329055
SİVAS;YILDIZELİ;CAMİİ;ZİYA GÖKALP SOKAK;sokak;465489
SİVAS;YILDIZELİ;CİZÖZÜ NA;CİZÖZÜ KÜME EVLER;sokak;119406
SİVAS;YILDIZELİ;CUMHURİYET;ANADOLU SOKAK;sokak;329056
SİVAS;YILDIZELİ;CUMHURİYET;ARA SOKAK;sokak;329057
SİVAS;YILDIZELİ;CUMHURİYET;ATATÜRK CADDE;cadde;329058
SİVAS;YILDIZELİ;CUMHURİYET;BADEM SOKAK;sokak;460122
SİVAS;YILDIZELİ;CUMHURİYET;CUMHURİYET YENİYOL/1 SOKAK;sokak;542294220
SİVAS;YILDIZELİ;CUMHURİYET;CUMHURİYET YENİYOL/2 SOKAK;sokak;598533660
SİVAS;YILDIZELİ;CUMHURİYET;CUMHURİYET YENİYOL/3 SOKAK;sokak;542838410
SİVAS;YILDIZELİ;CUMHURİYET;CUMHURİYET YENİYOL/4 SOKAK;sokak;666125570
SİVAS;YILDIZELİ;CUMHURİYET;CUMHURİYET YENİYOL/5 SOKAK;sokak;631871990
SİVAS;YILDIZELİ;CUMHURİYET;CUMHURİYET YENİYOL/6 SOKAK;sokak;128578270
SİVAS;YILDIZELİ;CUMHURİYET;CUMHURİYET YENİYOL/7 SOKAK;sokak;146548910
SİVAS;YILDIZELİ;CUMHURİYET;DEDE KORKUT SOKAK;sokak;329059
SİVAS;YILDIZELİ;CUMHURİYET;DEĞİRMEN SOKAK;sokak;595998860
SİVAS;YILDIZELİ;CUMHURİYET;ETİ SOKAK;sokak;329060
SİVAS;YILDIZELİ;CUMHURİYET;FATİH SULTAN MEHMET CADDE;cadde;329061
SİVAS;YILDIZELİ;CUMHURİYET;GEÇİT SOKAK;sokak;460123
SİVAS;YILDIZELİ;CUMHURİYET;KIZILCIK SOKAK;sokak;329062
SİVAS;YILDIZELİ;CUMHURİYET;SÜMBÜL SOKAK;sokak;329063
SİVAS;YILDIZELİ;CUMHURİYET;TAŞLI SOKAK;sokak;460124
SİVAS;YILDIZELİ;CUMHURİYET NA;CUMHURİYET KÜME EVLER;sokak;613562
SİVAS;YILDIZELİ;ÇAĞLAYAN NA;ÇAĞLAYAN KÜME EVLER;sokak;613357
SİVAS;YILDIZELİ;ÇAMLIBEL;ABDURRAHMAN AĞILI KÜME EVLER;sokak;329064
SİVAS;YILDIZELİ;ÇAMLIBEL;AŞUHBEKİRLERİN AĞILI KÜME EVLER;sokak;329065
SİVAS;YILDIZELİ;ÇAMLIBEL;BENLİLERİN AĞILI KÜME EVLER;sokak;460125
SİVAS;YILDIZELİ;ÇAMLIBEL;ÇAMLIBEL YENİYOL 1 KÜME EVLER;sokak;205833810
SİVAS;YILDIZELİ;ÇAMLIBEL;HAKSIZLARIN AĞILI KÜME EVLER;sokak;329066
SİVAS;YILDIZELİ;ÇAMLIBEL;HAYDARLARIN AĞILI KÜME EVLER;sokak;329067
SİVAS;YILDIZELİ;ÇAMLIBEL;KARAAHMETLER AĞILI KÜME EVLER;sokak;460126
SİVAS;YILDIZELİ;ÇAMLIBEL;KELEŞ VE BUDALA AĞILI KÜME EVLER;sokak;329068
SİVAS;YILDIZELİ;ÇAMLIBEL;NUFLARIN AĞILI KÜME EVLER;sokak;329069
SİVAS;YILDIZELİ;ÇAMLIBEL;PİŞTİCİOĞLU KÜME EVLER;sokak;329070
SİVAS;YILDIZELİ;ÇAMLIBEL;SİVAS TOKAT BULVAR;sokak;645919770
SİVAS;YILDIZELİ;ÇAMLIBEL;SÜRÜTLERİN AĞILI KÜME EVLER;sokak;460127
SİVAS;YILDIZELİ;ÇIRÇIR NA;ÇIRÇIR KÜME EVLER;sokak;370836
SİVAS;YILDIZELİ;ÇOBANSARAY NA;ÇOBANSARAY KÜME EVLER;sokak;640451
SİVAS;YILDIZELİ;ÇÖTE NA;ÇÖTE KÜME EVLER;sokak;648611
SİVAS;YILDIZELİ;ÇUBUK NA;ÇUBUK KÜME EVLER;sokak;616789
SİVAS;YILDIZELİ;ÇUKURSARAY NA;ÇUKURSARAY KÜME EVLER;sokak;615089
SİVAS;YILDIZELİ;DANAÖREN NA;DANAÖREN KÜME EVLER;sokak;618770
SİVAS;YILDIZELİ;DANİŞMENT NA;DANİŞMENT KÜME EVLER;sokak;623230
SİVAS;YILDIZELİ;DAVULALAN NA;DAVULALAN KÜME EVLER;sokak;627052
SİVAS;YILDIZELİ;DELİKKAYA NA;DELİKKAYA KÜME EVLER;sokak;617803
SİVAS;YILDIZELİ;DEMİRCİLİK NA;DEMİRCİLİK KÜME EVLER;sokak;651403
SİVAS;YILDIZELİ;DEMİROLUK NA;DEMİROLUK KÜME EVLER;sokak;617822
SİVAS;YILDIZELİ;DEMİRÖZÜ NA;DEMİRÖZÜ KÜME EVLER;sokak;641326
SİVAS;YILDIZELİ;DEREKÖY NA;DEREKÖY KÜME EVLER;sokak;617468
SİVAS;YILDIZELİ;DİKİLİTAŞ NA;DİKİLİTAŞ KÜME EVLER;sokak;506816
SİVAS;YILDIZELİ;DİREKLİ NA;DİREKLİ KÜME EVLER;sokak;645930
SİVAS;YILDIZELİ;DİREKLİ SARIKAYA NA;DİREKLİ SARIKAYA KÜME EVLER;sokak;408956
SİVAS;YILDIZELİ;DOĞANLI NA;DOĞANLI KÜME EVLER;sokak;633980
SİVAS;YILDIZELİ;EMİRLER NA;EMİRLER KÜME EVLER;sokak;626954
SİVAS;YILDIZELİ;ERENLER NA;ERENLER KÜME EVLER;sokak;609391
SİVAS;YILDIZELİ;ESENÇAY NA;ESENÇAY KÜME EVLER;sokak;74410
SİVAS;YILDIZELİ;EŞMEBAŞI NA;ESMEBAŞI KÜME EVLER;sokak;659304
SİVAS;YILDIZELİ;FATİHSULTANMEHMET;CEMAL ÇEVİK CADDE;cadde;329071
SİVAS;YILDIZELİ;FATİHSULTANMEHMET;CUMHURİYET CADDE;cadde;329072
SİVAS;YILDIZELİ;FATİHSULTANMEHMET;FSM YENİYOL 2 SOKAK;sokak;273660040
SİVAS;YILDIZELİ;FATİHSULTANMEHMET;FSM YENİYOL 3 SOKAK;sokak;268713350
SİVAS;YILDIZELİ;FATİHSULTANMEHMET;FSM YENİYOL 5 SOKAK;sokak;143627500
SİVAS;YILDIZELİ;FATİHSULTANMEHMET;HALİL YASAK SOKAK;sokak;539987610
SİVAS;YILDIZELİ;FATİHSULTANMEHMET;NAZMİ YARAŞ CADDE;cadde;329073
SİVAS;YILDIZELİ;FATİHSULTANMEHMET;SITKI GÜLÜM SOKAK;sokak;329074
SİVAS;YILDIZELİ;FATİHSULTANMEHMET;ŞEHİT İSMAİL AKAY SOKAK;sokak;329076
SİVAS;YILDIZELİ;FATİHSULTANMEHMET;ŞEHİT KADİR ATEŞOĞLU SOKAK;sokak;460128
SİVAS;YILDIZELİ;FATİHSULTANMEHMET;ŞEHİT NADİR BEKAR SOKAK;sokak;329075
SİVAS;YILDIZELİ;FEVZİ ÇAKMAK;BEKİR KAHYALAR AĞILI KÜME EVLER;sokak;460129
SİVAS;YILDIZELİ;FEVZİ ÇAKMAK;CUMHURİYET CADDE;cadde;329078
SİVAS;YILDIZELİ;FEVZİ ÇAKMAK;EZVACILAR 1 SOKAK;sokak;643389990
SİVAS;YILDIZELİ;FEVZİ ÇAKMAK;EZVACILAR KÜME EVLER;sokak;329079
SİVAS;YILDIZELİ;FEVZİ ÇAKMAK;FEVZİ ÇAKMAK YENİYOL/1 SOKAK;sokak;239223540
SİVAS;YILDIZELİ;FEVZİ ÇAKMAK;FEVZİ ÇAKMAK YENİYOL/10 SOKAK;sokak;314844050
SİVAS;YILDIZELİ;FEVZİ ÇAKMAK;FEVZİ ÇAKMAK YENİYOL/11 SOKAK;sokak;981024600
SİVAS;YILDIZELİ;FEVZİ ÇAKMAK;FEVZİ ÇAKMAK YENİYOL/12 SOKAK;sokak;148648960
SİVAS;YILDIZELİ;FEVZİ ÇAKMAK;FEVZİ ÇAKMAK YENİYOL/13 SOKAK;sokak;420857950
SİVAS;YILDIZELİ;FEVZİ ÇAKMAK;FEVZİ ÇAKMAK YENİYOL/14 SOKAK;sokak;306545290
SİVAS;YILDIZELİ;FEVZİ ÇAKMAK;FEVZİ ÇAKMAK YENİYOL/15 SOKAK;sokak;691599290
SİVAS;YILDIZELİ;FEVZİ ÇAKMAK;FEVZİ ÇAKMAK YENİYOL/16 SOKAK;sokak;254041610
SİVAS;YILDIZELİ;FEVZİ ÇAKMAK;FEVZİ ÇAKMAK YENİYOL/17 SOKAK;sokak;114934420
SİVAS;YILDIZELİ;FEVZİ ÇAKMAK;FEVZİ ÇAKMAK YENİYOL/18 SOKAK;sokak;186639220
SİVAS;YILDIZELİ;FEVZİ ÇAKMAK;FEVZİ ÇAKMAK YENİYOL/19 SOKAK;sokak;423285910
SİVAS;YILDIZELİ;FEVZİ ÇAKMAK;FEVZİ ÇAKMAK YENİYOL/2 SOKAK;sokak;417843720
SİVAS;YILDIZELİ;FEVZİ ÇAKMAK;FEVZİ ÇAKMAK YENİYOL/21 SOKAK;sokak;591218630
SİVAS;YILDIZELİ;FEVZİ ÇAKMAK;FEVZİ ÇAKMAK YENİYOL/22 SOKAK;sokak;650411210
SİVAS;YILDIZELİ;FEVZİ ÇAKMAK;FEVZİ ÇAKMAK YENİYOL/28 SOKAK;sokak;935875250
SİVAS;YILDIZELİ;FEVZİ ÇAKMAK;FEVZİ ÇAKMAK YENİYOL/3 SOKAK;sokak;162783190
SİVAS;YILDIZELİ;FEVZİ ÇAKMAK;FEVZİ ÇAKMAK YENİYOL/30 SOKAK;sokak;940302360
SİVAS;YILDIZELİ;FEVZİ ÇAKMAK;FEVZİ ÇAKMAK YENİYOL/31 SOKAK;sokak;323037370
SİVAS;YILDIZELİ;FEVZİ ÇAKMAK;FEVZİ ÇAKMAK YENİYOL/4 SOKAK;sokak;950134130
SİVAS;YILDIZELİ;FEVZİ ÇAKMAK;FEVZİ ÇAKMAK YENİYOL/5 SOKAK;sokak;292250750
SİVAS;YILDIZELİ;FEVZİ ÇAKMAK;KANUNİ SULTAN SÜLEYMAN SOKAK;sokak;329080
SİVAS;YILDIZELİ;FEVZİ ÇAKMAK;MEHMET YAĞMUR SOKAK;sokak;460130
SİVAS;YILDIZELİ;FEVZİ ÇAKMAK;NAZMİ YARAŞ CADDE;cadde;329081
SİVAS;YILDIZELİ;FEVZİ ÇAKMAK;RECEP TAYYİP ERDOĞAN CADDE;cadde;329077
SİVAS;YILDIZELİ;FEVZİ ÇAKMAK;SELİM KOÇEKER SOKAK;sokak;329082
SİVAS;YILDIZELİ;FEVZİ ÇAKMAK;TAŞBAŞLAR AĞILI KÜME EVLER;sokak;460131
SİVAS;YILDIZELİ;FEVZİ ÇAKMAK;YAVUZ SULTAN SELİM SOKAK;sokak;329083
SİVAS;YILDIZELİ;FEVZİ ÇAKMAK;YENİ YOL FEVZİÇAKMAK/6 SOKAK;sokak;416614140
SİVAS;YILDIZELİ;FINDICAK NA;FINDICAK KÜME EVLER;sokak;635228
SİVAS;YILDIZELİ;GEYNİK NA;GEYNİK KÜME EVLER;sokak;638012
SİVAS;YILDIZELİ;GÖKÇELİ NA;GÖKÇELİ KÜME EVLER;sokak;626680
SİVAS;YILDIZELİ;GÖKKAYA NA;GÖKKAYA KÜME EVLER;sokak;636123
SİVAS;YILDIZELİ;GÜNEYKAYA - AYDIN;ADNAN MENDERES BULVAR;sokak;329941
SİVAS;YILDIZELİ;GÜNEYKAYA - AYDIN;ARMUTLU SOKAK;sokak;329942
SİVAS;YILDIZELİ;GÜNEYKAYA - AYDIN;ATATÜRK CADDE;cadde;329943
SİVAS;YILDIZELİ;GÜNEYKAYA - AYDIN;AYYILDIZ SOKAK;sokak;876817970
SİVAS;YILDIZELİ;GÜNEYKAYA - AYDIN;BAYRAM PEHLİVAN SOKAK;sokak;329944
SİVAS;YILDIZELİ;GÜNEYKAYA - AYDIN;DERE SOKAK;sokak;428934610
SİVAS;YILDIZELİ;GÜNEYKAYA - AYDIN;GARİPLER SOKAK;sokak;329945
SİVAS;YILDIZELİ;GÜNEYKAYA - AYDIN;GAZİ SOKAK;sokak;329946
SİVAS;YILDIZELİ;GÜNEYKAYA - AYDIN;GÖKDERE SOKAK;sokak;329947
SİVAS;YILDIZELİ;GÜNEYKAYA - AYDIN;GÜL SOKAK;sokak;329948
SİVAS;YILDIZELİ;GÜNEYKAYA - AYDIN;GÜNEŞ SOKAK;sokak;499015981
SİVAS;YILDIZELİ;GÜNEYKAYA - AYDIN;KİLLİK SOKAK;sokak;387027750
SİVAS;YILDIZELİ;GÜNEYKAYA - AYDIN;KORELİK SOKAK;sokak;468694
SİVAS;YILDIZELİ;GÜNEYKAYA - AYDIN;LALE SOKAK;sokak;646817
SİVAS;YILDIZELİ;GÜNEYKAYA - AYDIN;MECLÜN SOKAK;sokak;329949
SİVAS;YILDIZELİ;GÜNEYKAYA - AYDIN;MEHMET AKİF ERSOY SOKAK;sokak;329950
SİVAS;YILDIZELİ;GÜNEYKAYA - AYDIN;MENEKŞE SOKAK;sokak;931684171
SİVAS;YILDIZELİ;GÜNEYKAYA - AYDIN;MUHSİN YAZICIOĞLU CADDE;cadde;656375891
SİVAS;YILDIZELİ;GÜNEYKAYA - AYDIN;POLAT SOKAK;sokak;468695
SİVAS;YILDIZELİ;GÜNEYKAYA - AYDIN;SELVİ SOKAK;sokak;329951
SİVAS;YILDIZELİ;GÜNEYKAYA - AYDIN;ÜLKÜ SOKAK;sokak;300317931
SİVAS;YILDIZELİ;GÜNEYKAYA - KARGIN;15 TEMMUZ CADDE;cadde;638261
SİVAS;YILDIZELİ;GÜNEYKAYA - KARGIN;BAHÇELİEVLER SOKAK;sokak;864983000
SİVAS;YILDIZELİ;GÜNEYKAYA - KARGIN;CAMİ SOKAK;sokak;371055090
SİVAS;YILDIZELİ;GÜNEYKAYA - KARGIN;ÇAY SOKAK;sokak;420401960
SİVAS;YILDIZELİ;GÜNEYKAYA - KARGIN;ÇAYIRLAR SOKAK;sokak;786338491
SİVAS;YILDIZELİ;GÜNEYKAYA - KARGIN;ÇİÇEK SOKAK;sokak;386041791
SİVAS;YILDIZELİ;GÜNEYKAYA - KARGIN;DEVLET BAHÇELİ CADDE;cadde;593413390
SİVAS;YILDIZELİ;GÜNEYKAYA - KARGIN;ERTUĞRUL GAZİ SOKAK;sokak;873327140
SİVAS;YILDIZELİ;GÜNEYKAYA - KARGIN;ESKİ CAMİ SOKAK;sokak;554612300
SİVAS;YILDIZELİ;GÜNEYKAYA - KARGIN;FATİH SULTAN MEHMET CADDE;cadde;572692921
SİVAS;YILDIZELİ;GÜNEYKAYA - KARGIN;HİLAL SOKAK;sokak;102644481
SİVAS;YILDIZELİ;GÜNEYKAYA - KARGIN;HÜRKUŞ SOKAK;sokak;652807291
SİVAS;YILDIZELİ;GÜNEYKAYA - KARGIN;İSTİKLAL SOKAK;sokak;376210000
SİVAS;YILDIZELİ;GÜNEYKAYA - KARGIN;KARGIN YENİ YOL 12 SOKAK;sokak;707772970
SİVAS;YILDIZELİ;GÜNEYKAYA - KARGIN;KARGIN YENİ YOL 13 SOKAK;sokak;745368220
SİVAS;YILDIZELİ;GÜNEYKAYA - KARGIN;KARGIN YENİ YOL 2 SOKAK;sokak;499005580
SİVAS;YILDIZELİ;GÜNEYKAYA - KARGIN;KARGIN YENİ YOL 24 SOKAK;sokak;467696831
SİVAS;YILDIZELİ;GÜNEYKAYA - KARGIN;KARGIN YENİ YOL 25 SOKAK;sokak;634337181
SİVAS;YILDIZELİ;GÜNEYKAYA - KARGIN;KARGIN YENİ YOL 34 SOKAK;sokak;227067250
SİVAS;YILDIZELİ;GÜNEYKAYA - KARGIN;KARGIN YENİ YOL 35 SOKAK;sokak;431907430
SİVAS;YILDIZELİ;GÜNEYKAYA - KARGIN;KARGIN YENİ YOL 36 SOKAK;sokak;915748971
SİVAS;YILDIZELİ;GÜNEYKAYA - KARGIN;KARGIN YENİ YOL1 SOKAK;sokak;399326520
SİVAS;YILDIZELİ;GÜNEYKAYA - KARGIN;KARŞIYAKA SOKAK;sokak;739240941
SİVAS;YILDIZELİ;GÜNEYKAYA - KARGIN;KAYALAR SOKAK;sokak;511636811
SİVAS;YILDIZELİ;GÜNEYKAYA - KARGIN;MEDRESE SOKAK;sokak;708236611
SİVAS;YILDIZELİ;GÜNEYKAYA - KARGIN;METEHAN SOKAK;sokak;372549841
SİVAS;YILDIZELİ;GÜNEYKAYA - KARGIN;MOLLA HÜSREV SOKAK;sokak;894010610
SİVAS;YILDIZELİ;GÜNEYKAYA - KARGIN;OĞUZ KAĞAN SOKAK;sokak;570647350
SİVAS;YILDIZELİ;GÜNEYKAYA - KARGIN;OSMAN GAZİ SOKAK;sokak;410073371
SİVAS;YILDIZELİ;GÜNEYKAYA - KARGIN;RECEP TAYİP ERDOĞAN CADDE;cadde;427420230
SİVAS;YILDIZELİ;GÜNEYKAYA - KARGIN;SANCAK SOKAK;sokak;115834571
SİVAS;YILDIZELİ;GÜNEYKAYA - KARGIN;SELÇUKLU SOKAK;sokak;704699520
SİVAS;YILDIZELİ;GÜNEYKAYA - KARGIN;SULTAN ABDÜLHAMİT SOKAK;sokak;529812140
SİVAS;YILDIZELİ;GÜNEYKAYA - KARGIN;SÜMBÜL SOKAK;sokak;292590331
SİVAS;YILDIZELİ;GÜNEYKAYA - KARGIN;YAVUZ SULTAN SELİM SOKAK;sokak;314686480
SİVAS;YILDIZELİ;GÜNEYKAYA - KARGIN;YILDIRIM BEYAZİD SOKAK;sokak;156718110
SİVAS;YILDIZELİ;GÜNEYKAYA - YENİCAMİİ;ABDULLAH GÜLER BULVAR;sokak;20013025
SİVAS;YILDIZELİ;GÜNEYKAYA - YENİCAMİİ;ADNAN MENDERES BULVAR;sokak;329952
SİVAS;YILDIZELİ;GÜNEYKAYA - YENİCAMİİ;AHMET YESEVİ SOKAK;sokak;908579130
SİVAS;YILDIZELİ;GÜNEYKAYA - YENİCAMİİ;ALBAYRAK SOKAK;sokak;626650051
SİVAS;YILDIZELİ;GÜNEYKAYA - YENİCAMİİ;ALPARSLAN SOKAK;sokak;468696
SİVAS;YILDIZELİ;GÜNEYKAYA - YENİCAMİİ;ANADOLU SOKAK;sokak;690735671
SİVAS;YILDIZELİ;GÜNEYKAYA - YENİCAMİİ;ATATÜRK CADDE;cadde;329953
SİVAS;YILDIZELİ;GÜNEYKAYA - YENİCAMİİ;BOZKIR SOKAK;sokak;609593430
SİVAS;YILDIZELİ;GÜNEYKAYA - YENİCAMİİ;CUMHURİYET SOKAK;sokak;752265221
SİVAS;YILDIZELİ;GÜNEYKAYA - YENİCAMİİ;DEĞİRMEN SOKAK;sokak;232548161
SİVAS;YILDIZELİ;GÜNEYKAYA - YENİCAMİİ;ELMALI SOKAK;sokak;329954
SİVAS;YILDIZELİ;GÜNEYKAYA - YENİCAMİİ;GARİPLER SOKAK;sokak;329955
SİVAS;YILDIZELİ;GÜNEYKAYA - YENİCAMİİ;GÖKTÜRK SOKAK;sokak;806884760
SİVAS;YILDIZELİ;GÜNEYKAYA - YENİCAMİİ;GÜNEY SOKAK;sokak;378106520
SİVAS;YILDIZELİ;GÜNEYKAYA - YENİCAMİİ;KARANFİL SOKAK;sokak;468697
SİVAS;YILDIZELİ;GÜNEYKAYA - YENİCAMİİ;KEPEZ SOKAK;sokak;919840540
SİVAS;YILDIZELİ;GÜNEYKAYA - YENİCAMİİ;KİLLİK- SOKAK;sokak;329957
SİVAS;YILDIZELİ;GÜNEYKAYA - YENİCAMİİ;KORELİK SOKAK;sokak;329956
SİVAS;YILDIZELİ;GÜNEYKAYA - YENİCAMİİ;MEYDAN SOKAK;sokak;468698
SİVAS;YILDIZELİ;GÜNEYKAYA - YENİCAMİİ;MUHSİN YAZICIOĞLU CADDE;cadde;672069460
SİVAS;YILDIZELİ;GÜNEYKAYA - YENİCAMİİ;RENÇBER SOKAK;sokak;504591061
SİVAS;YILDIZELİ;GÜNEYKAYA - YENİCAMİİ;SARIYAR GÜNEYKAYA YOLU SOKAK;sokak;858347290
SİVAS;YILDIZELİ;GÜNEYKAYA - YENİCAMİİ;ŞEHİT FETHİ SEKİN SOKAK;sokak;119400201
SİVAS;YILDIZELİ;GÜNEYKAYA - YENİCAMİİ;ŞEHİT ÖMER HALİSDEMİR SOKAK;sokak;689843190
SİVAS;YILDIZELİ;GÜNEYKAYA - YENİCAMİİ;TEPE SOKAK;sokak;234397551
SİVAS;YILDIZELİ;GÜNEYKAYA - YENİCAMİİ;YENİCAMİİ YENİYOL13 SOKAK;sokak;502808821
SİVAS;YILDIZELİ;GÜNEYKAYA - YENİCAMİİ;YENİCAMİİ YENİYOL14 SOKAK;sokak;205250770
SİVAS;YILDIZELİ;GÜNEYKAYA - YENİCAMİİ;YENİCAMİİ YENİYOL8 SOKAK;sokak;241895401
SİVAS;YILDIZELİ;GÜNEYKAYA - YENİCAMİİ;YEŞİLYURT YENİYOL16 SOKAK;sokak;326220521
SİVAS;YILDIZELİ;GÜNEYKAYA - YENİCAMİİ;YEŞİLYURT YENİYOL17 SOKAK;sokak;682071171
SİVAS;YILDIZELİ;GÜNEYKAYA - YENİCAMİİ;YILDIZ SOKAK;sokak;690874760
SİVAS;YILDIZELİ;GÜNEYKAYA - YENİCAMİİ;YUNUS EMRE SOKAK;sokak;482231841
SİVAS;YILDIZELİ;GÜNEYKAYA - YEŞİLYURT;ABDULKADİR SOKAK;sokak;700669071
SİVAS;YILDIZELİ;GÜNEYKAYA - YEŞİLYURT;AKTAŞ SOKAK;sokak;329959
SİVAS;YILDIZELİ;GÜNEYKAYA - YEŞİLYURT;ATATÜRK CADDE;cadde;329960
SİVAS;YILDIZELİ;GÜNEYKAYA - YEŞİLYURT;AYAZMA SOKAK;sokak;770999271
SİVAS;YILDIZELİ;GÜNEYKAYA - YEŞİLYURT;ÇEŞME SOKAK;sokak;329965
SİVAS;YILDIZELİ;GÜNEYKAYA - YEŞİLYURT;LALE SOKAK;sokak;468699
SİVAS;YILDIZELİ;GÜNEYKAYA - YEŞİLYURT;MEHMET AKİF ERSOY SOKAK;sokak;329961
SİVAS;YILDIZELİ;GÜNEYKAYA - YEŞİLYURT;MEVLANA SOKAK;sokak;329962
SİVAS;YILDIZELİ;GÜNEYKAYA - YEŞİLYURT;MOLLA SOKAK;sokak;216788831
SİVAS;YILDIZELİ;GÜNEYKAYA - YEŞİLYURT;NENE HATUN SOKAK;sokak;339657400
SİVAS;YILDIZELİ;GÜNEYKAYA - YEŞİLYURT;PINAR SOKAK;sokak;468700
SİVAS;YILDIZELİ;GÜNEYKAYA - YEŞİLYURT;POLAT SOKAK;sokak;329963
SİVAS;YILDIZELİ;GÜNEYKAYA - YEŞİLYURT;SELVİ SOKAK;sokak;670944
SİVAS;YILDIZELİ;GÜNEYKAYA - YEŞİLYURT;VİŞNE SOKAK;sokak;329964
SİVAS;YILDIZELİ;GÜNEYKAYA - YEŞİLYURT;VİŞNE1 SOKAK;sokak;488335940
SİVAS;YILDIZELİ;GÜNEYKAYA - YEŞİLYURT;YEŞİLTAŞ SOKAK;sokak;468701
SİVAS;YILDIZELİ;GÜNEYKAYA - YEŞİLYURT;YEŞİLYURT YENİYOL1 SOKAK;sokak;792982381
SİVAS;YILDIZELİ;GÜNEYKAYA - YEŞİLYURT;YEŞİLYURT YENİYOL7 SOKAK;sokak;431184471
SİVAS;YILDIZELİ;HALKAÇAYIR NA;HALKAÇAYIR KÜME EVLER;sokak;611670
SİVAS;YILDIZELİ;HAMZAŞEYH NA;HAMZAŞEYH KÜME EVLER;sokak;348611
SİVAS;YILDIZELİ;ILICAKÖY NA;ILICA KÜME EVLER;sokak;641337
SİVAS;YILDIZELİ;İĞDECİKLER NA;İĞDECİKLER KÜME EVLER;sokak;607482
SİVAS;YILDIZELİ;İĞNEBEY NA;İĞNEBEY KÜME EVLER;sokak;641787
SİVAS;YILDIZELİ;İNCETAŞ NA;İNCETAŞ KÜME EVLER;sokak;639096
SİVAS;YILDIZELİ;İSLİM NA;İSLİM KÜME EVLER;sokak;617281
SİVAS;YILDIZELİ;KADIKÖY NA;KADIKÖY KÜME EVLER;sokak;642134
SİVAS;YILDIZELİ;KADILI NA;KADILI KÜME EVLER;sokak;617804
SİVAS;YILDIZELİ;KALEKÖY NA;KALEKÖY KÜME EVLER;sokak;617729
SİVAS;YILDIZELİ;KALIN - CAMİİ;1 SOKAK;sokak;468704
SİVAS;YILDIZELİ;KALIN - CAMİİ;10 SOKAK;sokak;329971
SİVAS;YILDIZELİ;KALIN - CAMİİ;11 SOKAK;sokak;329972
SİVAS;YILDIZELİ;KALIN - CAMİİ;2_1 SOKAK;sokak;468705
SİVAS;YILDIZELİ;KALIN - CAMİİ;3. SOKAK;sokak;329973
SİVAS;YILDIZELİ;KALIN - CAMİİ;4_2 SOKAK;sokak;329974
SİVAS;YILDIZELİ;KALIN - CAMİİ;5. SOKAK;sokak;468706
SİVAS;YILDIZELİ;KALIN - CAMİİ;6 SOKAK;sokak;329975
SİVAS;YILDIZELİ;KALIN - CAMİİ;7_2 SOKAK;sokak;329966
SİVAS;YILDIZELİ;KALIN - CAMİİ;8 SOKAK;sokak;329967
SİVAS;YILDIZELİ;KALIN - CAMİİ;9. SOKAK;sokak;468702
SİVAS;YILDIZELİ;KALIN - CAMİİ;MEVLANA SOKAK;sokak;468703
SİVAS;YILDIZELİ;KALIN - CAMİİ;OSMAN ÇAVUŞ SOKAK;sokak;655596
SİVAS;YILDIZELİ;KALIN - CAMİİ;YUNUS EMRE SOKAK;sokak;329970
SİVAS;YILDIZELİ;KALIN - ŞEHİTOSMAN;1. SOKAK;sokak;329976
SİVAS;YILDIZELİ;KALIN - ŞEHİTOSMAN;10_1 SOKAK;sokak;468707
SİVAS;YILDIZELİ;KALIN - ŞEHİTOSMAN;2 SOKAK;sokak;468708
SİVAS;YILDIZELİ;KALIN - ŞEHİTOSMAN;3_1 SOKAK;sokak;329979
SİVAS;YILDIZELİ;KALIN - ŞEHİTOSMAN;4. SOKAK;sokak;329980
SİVAS;YILDIZELİ;KALIN - ŞEHİTOSMAN;5_1 SOKAK;sokak;468709
SİVAS;YILDIZELİ;KALIN - ŞEHİTOSMAN;6. SOKAK;sokak;329981
SİVAS;YILDIZELİ;KALIN - ŞEHİTOSMAN;7 SOKAK;sokak;329982
SİVAS;YILDIZELİ;KALIN - ŞEHİTOSMAN;75.YIL SOKAK;sokak;468710
SİVAS;YILDIZELİ;KALIN - ŞEHİTOSMAN;8. SOKAK;sokak;329983
SİVAS;YILDIZELİ;KALIN - ŞEHİTOSMAN;9 SOKAK;sokak;329984
SİVAS;YILDIZELİ;KALIN - ŞEHİTOSMAN;DEVECİLER SOKAK;sokak;468711
SİVAS;YILDIZELİ;KALIN - ŞEHİTOSMAN;KALKAN PINARI SOKAK;sokak;825392
SİVAS;YILDIZELİ;KALIN - ŞEHİTOSMAN;KAYAARDI SOKAK;sokak;825388
SİVAS;YILDIZELİ;KALIN - ŞEHİTOSMAN;KUZUCULAR SOKAK;sokak;463384
SİVAS;YILDIZELİ;KALIN - ŞEHİTOSMAN;OKUL SOKAK;sokak;329987
SİVAS;YILDIZELİ;KALIN - ŞEHİTOSMAN;OSMAN ÇAVUŞ SOKAK;sokak;468712
SİVAS;YILDIZELİ;KALIN - ZAFER;1_1 SOKAK;sokak;468713
SİVAS;YILDIZELİ;KALIN - ZAFER;10. SOKAK;sokak;329988
SİVAS;YILDIZELİ;KALIN - ZAFER;11. SOKAK;sokak;329989
SİVAS;YILDIZELİ;KALIN - ZAFER;12. SOKAK;sokak;468714
SİVAS;YILDIZELİ;KALIN - ZAFER;13. SOKAK;sokak;329990
SİVAS;YILDIZELİ;KALIN - ZAFER;14. SOKAK;sokak;329991
SİVAS;YILDIZELİ;KALIN - ZAFER;15. SOKAK;sokak;609060
SİVAS;YILDIZELİ;KALIN - ZAFER;16 SOKAK;sokak;85789
SİVAS;YILDIZELİ;KALIN - ZAFER;17 SOKAK;sokak;85792
SİVAS;YILDIZELİ;KALIN - ZAFER;2_2 SOKAK;sokak;328336
SİVAS;YILDIZELİ;KALIN - ZAFER;3 SOKAK;sokak;468715
SİVAS;YILDIZELİ;KALIN - ZAFER;4 SOKAK;sokak;328337
SİVAS;YILDIZELİ;KALIN - ZAFER;5 SOKAK;sokak;468716
SİVAS;YILDIZELİ;KALIN - ZAFER;6_1 SOKAK;sokak;328338
SİVAS;YILDIZELİ;KALIN - ZAFER;7_1 SOKAK;sokak;328339
SİVAS;YILDIZELİ;KALIN - ZAFER;75.YIL SOKAK;sokak;463808
SİVAS;YILDIZELİ;KALIN - ZAFER;8_1 SOKAK;sokak;328340
SİVAS;YILDIZELİ;KALIN - ZAFER;9 SOKAK;sokak;328341
SİVAS;YILDIZELİ;KALIN - ZAFER;KAŞIN BAŞI SOKAK;sokak;825329
SİVAS;YILDIZELİ;KALIN - ZAFER;MEVLANA SOKAK;sokak;472079
SİVAS;YILDIZELİ;KALIN - ZAFER;TATLISU SOKAK;sokak;328342
SİVAS;YILDIZELİ;KALIN NA;1_2 SOKAK;sokak;624338
SİVAS;YILDIZELİ;KALIN NA;2. SOKAK;sokak;624231
SİVAS;YILDIZELİ;KALIN NA;4_1 SOKAK;sokak;624238
SİVAS;YILDIZELİ;KALIN NA;5-. SOKAK;sokak;623058
SİVAS;YILDIZELİ;KALIN NA;6_2 SOKAK;sokak;606976
SİVAS;YILDIZELİ;KALIN NA;7. SOKAK;sokak;876277
SİVAS;YILDIZELİ;KALIN NA;ABDULHAMİT SOKAK;sokak;762887
SİVAS;YILDIZELİ;KALIN NA;ANKARA ASFALTI SOKAK;sokak;620546
SİVAS;YILDIZELİ;KALIN NA;DEMOKRASİ SOKAK;sokak;624213
SİVAS;YILDIZELİ;KALIN NA;GAZİ MUSTAFA KEMAL SOKAK;sokak;623053
SİVAS;YILDIZELİ;KAMAN NA;KAMAN KÜME EVLER;sokak;645473
SİVAS;YILDIZELİ;KAPAKLIKAYA NA;KAPAKLIKAYA KÜME EVLER;sokak;641400
SİVAS;YILDIZELİ;KAPI NA;KAPI KÜME EVLER;sokak;295210
SİVAS;YILDIZELİ;KARACAÖREN NA;KARACAÖREN KÜME EVLER;sokak;628213
SİVAS;YILDIZELİ;KARAKAYA NA;KARAKAYA KÜME EVLER;sokak;643305
SİVAS;YILDIZELİ;KARAKOÇ NA;KARAKOÇ KÜME EVLER;sokak;618589
SİVAS;YILDIZELİ;KARALAR NA;KARALAR KÜME EVLER;sokak;651953
SİVAS;YILDIZELİ;KARALEYLEK NA;KARALEYLEK KÜME EVLER;sokak;617731
SİVAS;YILDIZELİ;KARŞIYAKA;AHMETLER-MUSA EFENDİ KÜME EVLER;sokak;329085
SİVAS;YILDIZELİ;KARŞIYAKA;AKŞEMSETTİN 1 SOKAK;sokak;605403900
SİVAS;YILDIZELİ;KARŞIYAKA;AKŞEMSETTİN SOKAK;sokak;470220
SİVAS;YILDIZELİ;KARŞIYAKA;ÇAĞLAYANLAR AĞILI KÜME EVLER;sokak;470222
SİVAS;YILDIZELİ;KARŞIYAKA;GENÇ OSMAN SOKAK;sokak;329086
SİVAS;YILDIZELİ;KARŞIYAKA;HASAN AĞA AĞILI KÜME EVLER;sokak;329087
SİVAS;YILDIZELİ;KARŞIYAKA;İMARYOLU SOKAK;sokak;330758050
SİVAS;YILDIZELİ;KARŞIYAKA;İSMET YILMAZ CADDE;cadde;470221
SİVAS;YILDIZELİ;KARŞIYAKA;KARŞIYAKA 19 SOKAK;sokak;416929480
SİVAS;YILDIZELİ;KARŞIYAKA;KARŞIYAKA 30 SOKAK;sokak;953350710
SİVAS;YILDIZELİ;KARŞIYAKA;KARŞIYAKA/1 SOKAK;sokak;865734250
SİVAS;YILDIZELİ;KARŞIYAKA;KARŞIYAKA/10 SOKAK;sokak;870721610
SİVAS;YILDIZELİ;KARŞIYAKA;KARŞIYAKA/11 SOKAK;sokak;176246360
SİVAS;YILDIZELİ;KARŞIYAKA;KARŞIYAKA/12 SOKAK;sokak;629751640
SİVAS;YILDIZELİ;KARŞIYAKA;KARŞIYAKA/14 SOKAK;sokak;401511440
SİVAS;YILDIZELİ;KARŞIYAKA;KARŞIYAKA/15 SOKAK;sokak;199930210
SİVAS;YILDIZELİ;KARŞIYAKA;KARŞIYAKA/16 SOKAK;sokak;177770200
SİVAS;YILDIZELİ;KARŞIYAKA;KARŞIYAKA/17 SOKAK;sokak;569542330
SİVAS;YILDIZELİ;KARŞIYAKA;KARŞIYAKA/18 SOKAK;sokak;248286750
SİVAS;YILDIZELİ;KARŞIYAKA;KARŞIYAKA/19 SOKAK;sokak;509221520
SİVAS;YILDIZELİ;KARŞIYAKA;KARŞIYAKA/2 SOKAK;sokak;361231720
SİVAS;YILDIZELİ;KARŞIYAKA;KARŞIYAKA/2. SOKAK;sokak;811441490
SİVAS;YILDIZELİ;KARŞIYAKA;KARŞIYAKA/20 SOKAK;sokak;756245770
SİVAS;YILDIZELİ;KARŞIYAKA;KARŞIYAKA/21 SOKAK;sokak;233311760
SİVAS;YILDIZELİ;KARŞIYAKA;KARŞIYAKA/22 SOKAK;sokak;581805220
SİVAS;YILDIZELİ;KARŞIYAKA;KARŞIYAKA/23 SOKAK;sokak;343011010
SİVAS;YILDIZELİ;KARŞIYAKA;KARŞIYAKA/24 SOKAK;sokak;355465550
SİVAS;YILDIZELİ;KARŞIYAKA;KARŞIYAKA/25 SOKAK;sokak;104200730
SİVAS;YILDIZELİ;KARŞIYAKA;KARŞIYAKA/26 SOKAK;sokak;691357050
SİVAS;YILDIZELİ;KARŞIYAKA;KARŞIYAKA/27 SOKAK;sokak;156562180
SİVAS;YILDIZELİ;KARŞIYAKA;KARŞIYAKA/28 SOKAK;sokak;669726960
SİVAS;YILDIZELİ;KARŞIYAKA;KARŞIYAKA/29 SOKAK;sokak;803993550
SİVAS;YILDIZELİ;KARŞIYAKA;KARŞIYAKA/3 SOKAK;sokak;883723960
SİVAS;YILDIZELİ;KARŞIYAKA;KARŞIYAKA/31 SOKAK;sokak;754123461
SİVAS;YILDIZELİ;KARŞIYAKA;KARŞIYAKA/4 SOKAK;sokak;737453740
SİVAS;YILDIZELİ;KARŞIYAKA;KARŞIYAKA/5 SOKAK;sokak;498539550
SİVAS;YILDIZELİ;KARŞIYAKA;KARŞIYAKA/6 SOKAK;sokak;825378530
SİVAS;YILDIZELİ;KARŞIYAKA;KARŞIYAKA/7 SOKAK;sokak;765549630
SİVAS;YILDIZELİ;KARŞIYAKA;KARŞIYAKA/8 SOKAK;sokak;367098480
SİVAS;YILDIZELİ;KARŞIYAKA;KARŞIYAKA/9 SOKAK;sokak;860408540
SİVAS;YILDIZELİ;KARŞIYAKA;NAZMİ YARAŞ CADDE;cadde;329089
SİVAS;YILDIZELİ;KARŞIYAKA;NURİ ÇAMLIBEL SOKAK;sokak;329090
SİVAS;YILDIZELİ;KARŞIYAKA;RECEP TAYYİP ERDOĞAN CADDE;cadde;329084
SİVAS;YILDIZELİ;KARŞIYAKA;SİVAS TOKAT BULVAR;sokak;111446230
SİVAS;YILDIZELİ;KARŞIYAKA;ŞEHİT MUSTAFA KARAPINAR SOKAK;sokak;329092
SİVAS;YILDIZELİ;KARŞIYAKA;TAHA AKGÜL CADDE;cadde;329088
SİVAS;YILDIZELİ;KARŞIYAKA;ULUBATLI HASAN SOKAK;sokak;329091
SİVAS;YILDIZELİ;KAVAK - FATİH;AYDINLIK SOKAK;sokak;678527
SİVAS;YILDIZELİ;KAVAK - FATİH;AYDOĞAN SOKAK;sokak;678531
SİVAS;YILDIZELİ;KAVAK - FATİH;BELEDİYE SOKAK;sokak;671832
SİVAS;YILDIZELİ;KAVAK - FATİH;ÇAY SOKAK;sokak;678528
SİVAS;YILDIZELİ;KAVAK - FATİH;ÇİĞDEM SOKAK;sokak;673707
SİVAS;YILDIZELİ;KAVAK - FATİH;DEĞİRMEN SOKAK;sokak;678530
SİVAS;YILDIZELİ;KAVAK - FATİH;GÖKTÜRK SOKAK;sokak;370271
SİVAS;YILDIZELİ;KAVAK - FATİH;KÜME EVLER SOKAK;sokak;671833
SİVAS;YILDIZELİ;KAVAK - FATİH;LOJMAN SOKAK;sokak;671831
SİVAS;YILDIZELİ;KAVAK - FATİH;MEVLANA SOKAK;sokak;330371
SİVAS;YILDIZELİ;KAVAK - MEHMETAKİFERSOY;ATATÜRK SOKAK;sokak;667843
SİVAS;YILDIZELİ;KAVAK - MEHMETAKİFERSOY;DANIŞIK SOKAK;sokak;680340
SİVAS;YILDIZELİ;KAVAK - MEHMETAKİFERSOY;GÖKTÜRK SOKAK;sokak;329601
SİVAS;YILDIZELİ;KAVAK - MEHMETAKİFERSOY;HUZUR SOKAK;sokak;678199
SİVAS;YILDIZELİ;KAVAK - MEHMETAKİFERSOY;MEVLANA SOKAK;sokak;911071930
SİVAS;YILDIZELİ;KAVAK - ŞEHİTNADİRBEKAR;ALPARSLAN TÜRKEŞ SOKAK;sokak;329602
SİVAS;YILDIZELİ;KAVAK - ŞEHİTNADİRBEKAR;GÖKTÜRK SOKAK;sokak;329603
SİVAS;YILDIZELİ;KAVAK - ŞEHİTNADİRBEKAR;HASANCIK SOKAK;sokak;680328
SİVAS;YILDIZELİ;KAVAK - ŞEHİTNADİRBEKAR;LALE SOKAK;sokak;680332
SİVAS;YILDIZELİ;KAVAK - ŞEHİTNADİRBEKAR;MENEKŞE SOKAK;sokak;680331
SİVAS;YILDIZELİ;KAVAK - ŞEHİTNADİRBEKAR;NAVRUZ SOKAK;sokak;680329
SİVAS;YILDIZELİ;KAVAKDERE NA;KAVAKDERE KÜME EVLER;sokak;639985
SİVAS;YILDIZELİ;KAYALIPINAR NA;KAYALIPINAR KÜME EVLER;sokak;641517
SİVAS;YILDIZELİ;KERİMMÜMİN NA;KERİMMÜMİN KÜME EVLER;sokak;25699
SİVAS;YILDIZELİ;KILDIR NA;KILDIR KÜME EVLER;sokak;617245
SİVAS;YILDIZELİ;KIRKPINAR NA;KIRK PINAR KÜME EVLER;sokak;617800
SİVAS;YILDIZELİ;KIVŞAK NA;KIVŞAK KÜME EVLER;sokak;639983
SİVAS;YILDIZELİ;KIZILKÖY NA;KIZILKÖY KÜME EVLER;sokak;639098
SİVAS;YILDIZELİ;KİLLİK NA;KİLLİK KÜME EVLER;sokak;623564
SİVAS;YILDIZELİ;KİREMİTLİ NA;KİREMİTLİ KÜME EVLER;sokak;616061
SİVAS;YILDIZELİ;KONAKÖZÜ NA;KONAKÖZÜ KÜME EVLER;sokak;28260
SİVAS;YILDIZELİ;KÜÇÜKAKÖREN NA;KÜÇÜKAKÖREN KÜME EVLER;sokak;268746
SİVAS;YILDIZELİ;KÜMBET - CUMHURİYET;ATATÜRK SOKAK;sokak;659101
SİVAS;YILDIZELİ;KÜMBET - CUMHURİYET;CAMİİ SOKAK;sokak;657692
SİVAS;YILDIZELİ;KÜMBET - CUMHURİYET;ÇAMLI SOKAK;sokak;131895270
SİVAS;YILDIZELİ;KÜMBET - CUMHURİYET;EVLİYA SOKAK;sokak;659114
SİVAS;YILDIZELİ;KÜMBET - CUMHURİYET;GÜLTEPE SOKAK;sokak;659117
SİVAS;YILDIZELİ;KÜMBET - CUMHURİYET;KARDELEN SOKAK;sokak;659116
SİVAS;YILDIZELİ;KÜMBET - CUMHURİYET;LALE SOKAK;sokak;657693
SİVAS;YILDIZELİ;KÜMBET - CUMHURİYET;SÜMBÜL SOKAK;sokak;659115
SİVAS;YILDIZELİ;KÜMBET - CUMHURİYET;YILDIZ SOKAK;sokak;287237161
SİVAS;YILDIZELİ;KÜMBET - FATİH;ATATÜRK SOKAK;sokak;390220
SİVAS;YILDIZELİ;KÜMBET - FATİH;BÜLBÜL SOKAK;sokak;659622
SİVAS;YILDIZELİ;KÜMBET - FATİH;CAMİİ SOKAK;sokak;403887380
SİVAS;YILDIZELİ;KÜMBET - FATİH;ÇAMLI SOKAK;sokak;648534
SİVAS;YILDIZELİ;KÜMBET - FATİH;DEMET SOKAK;sokak;648532
SİVAS;YILDIZELİ;KÜMBET - FATİH;EVLİYA SOKAK;sokak;659110
SİVAS;YILDIZELİ;KÜMBET - FATİH;GÜL SOKAK;sokak;659617
SİVAS;YILDIZELİ;KÜMBET - FATİH;KANARYA SOKAK;sokak;659614
SİVAS;YILDIZELİ;KÜMBET - FATİH;MENEKŞE SOKAK;sokak;659618
SİVAS;YILDIZELİ;KÜMBET - FATİH;TAŞLI SOKAK;sokak;659620
SİVAS;YILDIZELİ;KÜMBET - FATİH;ZÜMRÜT SOKAK;sokak;390231
SİVAS;YILDIZELİ;KÜMBET - KALE;ATATÜRK SOKAK;sokak;659173
SİVAS;YILDIZELİ;KÜMBET - KALE;ÇIKMAZ SOKAK;sokak;656882
SİVAS;YILDIZELİ;KÜMBET - KALE;EVLİYA SOKAK;sokak;656879
SİVAS;YILDIZELİ;KÜMBET - KALE;GÜLİSTAN SOKAK;sokak;659626
SİVAS;YILDIZELİ;KÜMBET - KALE;KIRLANGIÇ SOKAK;sokak;658444
SİVAS;YILDIZELİ;KÜMBET - KALE;PAPATYA SOKAK;sokak;658441
SİVAS;YILDIZELİ;KÜMBET - KALE;SELVİ SOKAK;sokak;656886
SİVAS;YILDIZELİ;KÜMBET - KALE;TÜRKMEN SOKAK;sokak;658733
SİVAS;YILDIZELİ;KÜMBET - KALE;YILDIZ SOKAK;sokak;658734
SİVAS;YILDIZELİ;MEHMETAKİFERSOY;4.MURAT SOKAK;sokak;329093
SİVAS;YILDIZELİ;MEHMETAKİFERSOY;CUMHURİYET CADDE;cadde;329094
SİVAS;YILDIZELİ;MEHMETAKİFERSOY;ERTUĞRUL GAZİ SOKAK;sokak;470223
SİVAS;YILDIZELİ;MEHMETAKİFERSOY;MEHMET AKİF ERSOY YENİ YOL 2 SOKAK;sokak;217866370
SİVAS;YILDIZELİ;MEHMETAKİFERSOY;MEHMET AKİF ERSOY YENİ YOL 4 SOKAK;sokak;136195230
SİVAS;YILDIZELİ;MEHMETAKİFERSOY;MEHMET AKİF ERSOY YENİ YOL 5 SOKAK;sokak;523626620
SİVAS;YILDIZELİ;MEHMETAKİFERSOY;MUZAFFER BÜKE SOKAK;sokak;329095
SİVAS;YILDIZELİ;MEHMETAKİFERSOY;NAZMİ YARAŞ CADDE;cadde;821054460
SİVAS;YILDIZELİ;MEHMETAKİFERSOY;NECMİ YARAŞ SOKAK;sokak;329096
SİVAS;YILDIZELİ;MEHMETAKİFERSOY;OSMAN BEY SOKAK;sokak;329097
SİVAS;YILDIZELİ;MEHMETAKİFERSOY;SÖĞÜTLÜ SOKAK;sokak;470224
SİVAS;YILDIZELİ;MEHMETAKİFERSOY;ŞEHİT CAHİT KAYA SOKAK;sokak;330347
SİVAS;YILDIZELİ;MEHMETAKİFERSOY;UZUN SOKAK;sokak;329098
SİVAS;YILDIZELİ;MEHMETAKİFERSOY;YILDIRIM BEYAZIT SOKAK;sokak;329099
SİVAS;YILDIZELİ;MEHMETAKİFERSOY;YUNUS EMRE SOKAK;sokak;470225
SİVAS;YILDIZELİ;MENTEŞE - TAHTAKÖPRÜ;TAHTAKÖPRÜ KÜME EVLER;sokak;658969
SİVAS;YILDIZELİ;MENTEŞE NA;MENTEŞE KÜME EVLER;sokak;655716
SİVAS;YILDIZELİ;MERKEZ SARIKAYA NA;MERKEZ SARIKAYA KÜME EVLER;sokak;619161
SİVAS;YILDIZELİ;MERKEZYENİKÖY NA;MERKEZYENİKÖY KÜME EVLER;sokak;616066
SİVAS;YILDIZELİ;MUMCUÇİFTLİĞİ NA;MUMCUÇİFTLİĞİ KÜME EVLER;sokak;620503
SİVAS;YILDIZELİ;NALLI NA;NALLI KÜME EVLER;sokak;623160
SİVAS;YILDIZELİ;NEVRUZ - AŞAĞI NAVRUZ;AŞAĞI NAVRUZ KÜME EVLER;sokak;649635
SİVAS;YILDIZELİ;NEVRUZ NA;NEVRUZ KÜME EVLER;sokak;644934
SİVAS;YILDIZELİ;NEVRUZYAYLASI NA;NEVRUZYAYLASI KÜME EVLER;sokak;617802
SİVAS;YILDIZELİ;ORTAÇAKMAK NA;ORTAÇAKMAK KÜME EVLER;sokak;609196
SİVAS;YILDIZELİ;ORTAKLAR NA;ORTAKLAR KÜME EVLER;sokak;314392
SİVAS;YILDIZELİ;REŞADİYE;ALPARSLAN SOKAK;sokak;470227
SİVAS;YILDIZELİ;REŞADİYE;ATATÜRK CADDE;cadde;330352
SİVAS;YILDIZELİ;REŞADİYE;CUMHURİYET CADDE;cadde;330353
SİVAS;YILDIZELİ;REŞADİYE;CUMHURİYET YENİYOL/4 SOKAK;sokak;389527920
SİVAS;YILDIZELİ;REŞADİYE;DEĞİRMEN SOKAK;sokak;330354
SİVAS;YILDIZELİ;REŞADİYE;FATİH SULTAN MEHMET CADDE;cadde;470228
SİVAS;YILDIZELİ;REŞADİYE;HAMAM SOKAK;sokak;330355
SİVAS;YILDIZELİ;REŞADİYE;İSKİT SOKAK;sokak;330351
SİVAS;YILDIZELİ;REŞADİYE;KARANFİL SOKAK;sokak;330356
SİVAS;YILDIZELİ;REŞADİYE;KIRGIZ SOKAK;sokak;330357
SİVAS;YILDIZELİ;REŞADİYE;KUMRU SOKAK;sokak;330348
SİVAS;YILDIZELİ;REŞADİYE;REŞADİYE YENİYOL1 SOKAK;sokak;855866750
SİVAS;YILDIZELİ;REŞADİYE;REŞADİYE YENİYOL3 SOKAK;sokak;441609350
SİVAS;YILDIZELİ;REŞADİYE;REŞADİYE YENİYOL4 SOKAK;sokak;428293410
SİVAS;YILDIZELİ;REŞADİYE;REŞADİYE YENİYOL7 SOKAK;sokak;416514230
SİVAS;YILDIZELİ;REŞADİYE;SARI GÜL KÜME EVLER KÜME EVLER;sokak;330349
SİVAS;YILDIZELİ;REŞADİYE;TAŞLI SOKAK;sokak;470226
SİVAS;YILDIZELİ;REŞADİYE;UYGAR SOKAK;sokak;330350
SİVAS;YILDIZELİ;SALİHİYE;AKSU SOKAK;sokak;470229
SİVAS;YILDIZELİ;SALİHİYE;ATATÜRK CADDE;cadde;330358
SİVAS;YILDIZELİ;SALİHİYE;BADEM/1 SOKAK;sokak;330359
SİVAS;YILDIZELİ;SALİHİYE;CENGİZ TOPEL SOKAK;sokak;470230
SİVAS;YILDIZELİ;SALİHİYE;ÇEŞME SOKAK;sokak;330369
SİVAS;YILDIZELİ;SALİHİYE;ÇITIRLAR AĞILI KÜME EVLER;sokak;330370
SİVAS;YILDIZELİ;SALİHİYE;EYÜP AYGÜL AĞILI KÜME EVLER;sokak;330360
SİVAS;YILDIZELİ;SALİHİYE;FATİH SULTAN MEHMET CADDE;cadde;330361
SİVAS;YILDIZELİ;SALİHİYE;GÖKTEPE KÜME EVLER;sokak;330362
SİVAS;YILDIZELİ;SALİHİYE;KIZILCIK SOKAK;sokak;470231
SİVAS;YILDIZELİ;SALİHİYE;LALELİ SOKAK;sokak;330363
SİVAS;YILDIZELİ;SALİHİYE;MENEKŞE SOKAK;sokak;330364
SİVAS;YILDIZELİ;SALİHİYE;ÖMER SAĞLAM AĞILI KÜME EVLER;sokak;470233
SİVAS;YILDIZELİ;SALİHİYE;PINAR SOKAK;sokak;330365
SİVAS;YILDIZELİ;SALİHİYE;SALİHİYE/1 SOKAK;sokak;193102180
SİVAS;YILDIZELİ;SALİHİYE;SALİHİYE/2 SOKAK;sokak;972071040
SİVAS;YILDIZELİ;SALİHİYE;SALİHİYE/3 SOKAK;sokak;212583710
SİVAS;YILDIZELİ;SALİHİYE;SALİHİYE/4 SOKAK;sokak;568265890
SİVAS;YILDIZELİ;SALİHİYE;SALİHİYE/5 SOKAK;sokak;249620600
SİVAS;YILDIZELİ;SALİHİYE;SALİHİYE/6 SOKAK;sokak;270147600
SİVAS;YILDIZELİ;SALİHİYE;SALİHİYE/7 SOKAK;sokak;403812380
SİVAS;YILDIZELİ;SALİHİYE;SEYFETTİN BEY KÜME EVLER;sokak;330366
SİVAS;YILDIZELİ;SALİHİYE;SİVAS-YOZGAT BULVAR;sokak;106491430
SİVAS;YILDIZELİ;SALİHİYE;SÖKÜNLER AĞILI KÜME EVLER;sokak;330367
SİVAS;YILDIZELİ;SALİHİYE;TATARLAR AĞILI KÜME EVLER;sokak;470232
SİVAS;YILDIZELİ;SALİHİYE;YILDIZ SOKAK;sokak;330368
SİVAS;YILDIZELİ;SANDAL NA;SANDAL KÜME EVLER;sokak;628367
SİVAS;YILDIZELİ;SARIÇAL NA;SARIÇAL KÜME EVLER;sokak;633501
SİVAS;YILDIZELİ;SARIYAR NA;SARIYAR KÜME EVLER;sokak;391646
SİVAS;YILDIZELİ;SELAMET;NAZMİ YARAŞ CADDE;cadde;111946100
SİVAS;YILDIZELİ;SELAMET;SELAMET KÜMEEVLER KÜME EVLER;sokak;611677
SİVAS;YILDIZELİ;SEREN NA;SEREN KÜME EVLER;sokak;609304
SİVAS;YILDIZELİ;SÖĞÜTPINAR NA;SÖĞÜTPINAR KÜME EVLER;sokak;615300
SİVAS;YILDIZELİ;SUBAŞI NA;SUBAŞI KÜME EVLER;sokak;643062
SİVAS;YILDIZELİ;ŞEYHHALİL - FATİH;1 SOKAK;sokak;292158861
SİVAS;YILDIZELİ;ŞEYHHALİL - FATİH;1_1 SOKAK;sokak;609605
SİVAS;YILDIZELİ;ŞEYHHALİL - FATİH;1-. SOKAK;sokak;611755
SİVAS;YILDIZELİ;ŞEYHHALİL - FATİH;1. SOKAK;sokak;611342
SİVAS;YILDIZELİ;ŞEYHHALİL - FATİH;2 SOKAK;sokak;600451
SİVAS;YILDIZELİ;ŞEYHHALİL - FATİH;3.- SOKAK;sokak;607110
SİVAS;YILDIZELİ;ŞEYHHALİL - FATİH;4_1 SOKAK;sokak;607111
SİVAS;YILDIZELİ;ŞEYHHALİL - FATİH;5. SOKAK;sokak;600931
SİVAS;YILDIZELİ;ŞEYHHALİL - FATİH;6 SOKAK;sokak;600932
SİVAS;YILDIZELİ;ŞEYHHALİL - FATİH;7. SOKAK;sokak;600937
SİVAS;YILDIZELİ;ŞEYHHALİL - FATİH;8 SOKAK;sokak;607574
SİVAS;YILDIZELİ;ŞEYHHALİL - FATİH;9 SOKAK;sokak;599677
SİVAS;YILDIZELİ;ŞEYHHALİL - FATİH;KALE SOKAK;sokak;600934
SİVAS;YILDIZELİ;ŞEYHHALİL - FATİH;PR.DR NECMETTİN ERBAKAN SOKAK;sokak;600924
SİVAS;YILDIZELİ;ŞEYHHALİL - FATİH;R.TAYYİP ERDOĞAN SOKAK;sokak;697207610
SİVAS;YILDIZELİ;ŞEYHHALİL - FATİH;TAYYİP SOKAK;sokak;607568
SİVAS;YILDIZELİ;ŞEYHHALİL - SELÇUKLU;1 SOKAK;sokak;610893
SİVAS;YILDIZELİ;ŞEYHHALİL - SELÇUKLU;1.ÇIKMAZ SOKAK;sokak;606672
SİVAS;YILDIZELİ;ŞEYHHALİL - SELÇUKLU;10. SOKAK;sokak;607579
SİVAS;YILDIZELİ;ŞEYHHALİL - SELÇUKLU;11. SOKAK;sokak;598729
SİVAS;YILDIZELİ;ŞEYHHALİL - SELÇUKLU;12. SOKAK;sokak;611354
SİVAS;YILDIZELİ;ŞEYHHALİL - SELÇUKLU;14. SOKAK;sokak;598731
SİVAS;YILDIZELİ;ŞEYHHALİL - SELÇUKLU;2. SOKAK;sokak;604300
SİVAS;YILDIZELİ;ŞEYHHALİL - SELÇUKLU;4 SOKAK;sokak;608446
SİVAS;YILDIZELİ;ŞEYHHALİL - SELÇUKLU;6. SOKAK;sokak;600010
SİVAS;YILDIZELİ;ŞEYHHALİL - SELÇUKLU;7 SOKAK;sokak;610894
SİVAS;YILDIZELİ;ŞEYHHALİL - SELÇUKLU;8. SOKAK;sokak;607578
SİVAS;YILDIZELİ;ŞEYHHALİL - SELÇUKLU;9. SOKAK;sokak;611353
SİVAS;YILDIZELİ;ŞEYHHALİL - SELÇUKLU;ABDULLATİF ŞENER SOKAK;sokak;608720
SİVAS;YILDIZELİ;ŞEYHHALİL - SELÇUKLU;CAMİİ SOKAK;sokak;548984811
SİVAS;YILDIZELİ;ŞEYHHALİL - SELÇUKLU;İSTİKLAL SOKAK;sokak;599195
SİVAS;YILDIZELİ;ŞEYHHALİL - SELÇUKLU;OKUL SOKAK;sokak;599607
SİVAS;YILDIZELİ;ŞEYHHALİL - SELÇUKLU;PR.DR NECMETTİN ERBAKAN SOKAK;sokak;599680
SİVAS;YILDIZELİ;ŞEYHHALİL - SELÇUKLU;R.TAYYİP ERDOĞAN SOKAK;sokak;598727
SİVAS;YILDIZELİ;ŞEYHHALİL - SELÇUKLU;TAYYİP SOKAK;sokak;175517301
SİVAS;YILDIZELİ;ŞEYHHALİL - SELÇUKLU;YAVUZ SULTAN SELİM SOKAK;sokak;751427110
SİVAS;YILDIZELİ;ŞEYHHALİL - ŞEHİTLER;1. SOKAK;sokak;598741
SİVAS;YILDIZELİ;ŞEYHHALİL - ŞEHİTLER;2.ÇIKMAZ SOKAK;sokak;386058
SİVAS;YILDIZELİ;ŞEYHHALİL - ŞEHİTLER;3. SOKAK;sokak;610053
SİVAS;YILDIZELİ;ŞEYHHALİL - ŞEHİTLER;4. SOKAK;sokak;610054
SİVAS;YILDIZELİ;ŞEYHHALİL - ŞEHİTLER;5.- SOKAK;sokak;608458
SİVAS;YILDIZELİ;ŞEYHHALİL - ŞEHİTLER;ABDULLATİF ŞENER SOKAK;sokak;608728
SİVAS;YILDIZELİ;ŞEYHHALİL - ŞEHİTLER;ATATÜRK SOKAK;sokak;605109
SİVAS;YILDIZELİ;ŞEYHHALİL - ŞEHİTLER;CAMİİ SOKAK;sokak;610052
SİVAS;YILDIZELİ;ŞEYHHALİL - ŞEHİTLER;İSTİKLAL SOKAK;sokak;530080171
SİVAS;YILDIZELİ;ŞEYHHALİL - ŞEHİTLER;OKUL SOKAK;sokak;600015
SİVAS;YILDIZELİ;ŞEYHHALİL - ŞEHİTLER;PR.DR NECMETTİN ERBAKAN SOKAK;sokak;386056
SİVAS;YILDIZELİ;ŞEYHHALİL - ŞEHİTLER;YAHYA-İ HACİP SOKAK;sokak;607140
SİVAS;YILDIZELİ;ŞEYHHALİL - ŞEHİTLER;YAVUZ SULTAN SELİM SOKAK;sokak;608455
SİVAS;YILDIZELİ;TATKÖY NA;TATKÖY KÜME EVLER;sokak;643071
SİVAS;YILDIZELİ;TAYALAN NA;TAYALAN KÜME EVLER;sokak;617734
SİVAS;YILDIZELİ;TOPULYURDU NA;TOPULYURDU KÜME EVLER;sokak;642359
SİVAS;YILDIZELİ;TÖNGEL NA;TÖNGEL KÜME EVLER;sokak;641523
SİVAS;YILDIZELİ;ÜYÜK NA;ÜYÜK KÜME EVLER;sokak;626979
SİVAS;YILDIZELİ;ÜYÜKYAYLASI NA;ÜYÜKYAYLASI KÜME EVLER;sokak;626936
SİVAS;YILDIZELİ;YAĞLIDERE NA;YAĞLIDERE KÜME EVLER;sokak;651414
SİVAS;YILDIZELİ;YAKACIK ÇAVUŞLU NA;YAKACIKÇAVUŞLU KÜME EVLER;sokak;609467
SİVAS;YILDIZELİ;YAKUPKÖY NA;YAKUPKÖY KÜME EVLER;sokak;629169
SİVAS;YILDIZELİ;YASSIKARA NA;YASSIKARA KÜME EVLER;sokak;615026
SİVAS;YILDIZELİ;YAVU - CAMİİ;1 SOKAK;sokak;328343
SİVAS;YILDIZELİ;YAVU - CAMİİ;2 SOKAK;sokak;328344
SİVAS;YILDIZELİ;YAVU - CAMİİ;2_1 SOKAK;sokak;104994321
SİVAS;YILDIZELİ;YAVU - CAMİİ;3 SOKAK;sokak;413793550
SİVAS;YILDIZELİ;YAVU - CAMİİ;3.. SOKAK;sokak;472080
SİVAS;YILDIZELİ;YAVU - CAMİİ;4 SOKAK;sokak;328345
SİVAS;YILDIZELİ;YAVU - CAMİİ;4_1 SOKAK;sokak;886301240
SİVAS;YILDIZELİ;YAVU - CAMİİ;5. SOKAK;sokak;328346
SİVAS;YILDIZELİ;YAVU - CAMİİ;6 SOKAK;sokak;472081
SİVAS;YILDIZELİ;YAVU - CAMİİ;DAĞISTAN SOKAK;sokak;328347
SİVAS;YILDIZELİ;YAVU - CAMİİ;MEHMET HABİP SOLUK SOKAK;sokak;158558511
SİVAS;YILDIZELİ;YAVU - CAMİİ;ŞEHİT ERDAL KAVALLI SOKAK;sokak;599738
SİVAS;YILDIZELİ;YAVU - FATİHSULTANMEHMET;1. SOKAK;sokak;472083
SİVAS;YILDIZELİ;YAVU - FATİHSULTANMEHMET;10. SOKAK;sokak;328348
SİVAS;YILDIZELİ;YAVU - FATİHSULTANMEHMET;11. SOKAK;sokak;328349
SİVAS;YILDIZELİ;YAVU - FATİHSULTANMEHMET;13. SOKAK;sokak;599710
SİVAS;YILDIZELİ;YAVU - FATİHSULTANMEHMET;14. SOKAK;sokak;603211
SİVAS;YILDIZELİ;YAVU - FATİHSULTANMEHMET;15. SOKAK;sokak;602337
SİVAS;YILDIZELİ;YAVU - FATİHSULTANMEHMET;16. SOKAK;sokak;602339
SİVAS;YILDIZELİ;YAVU - FATİHSULTANMEHMET;17. SOKAK;sokak;599272
SİVAS;YILDIZELİ;YAVU - FATİHSULTANMEHMET;2_1 SOKAK;sokak;328350
SİVAS;YILDIZELİ;YAVU - FATİHSULTANMEHMET;3 SOKAK;sokak;328351
SİVAS;YILDIZELİ;YAVU - FATİHSULTANMEHMET;3. SOKAK;sokak;186031671
SİVAS;YILDIZELİ;YAVU - FATİHSULTANMEHMET;4 SOKAK;sokak;867625490
SİVAS;YILDIZELİ;YAVU - FATİHSULTANMEHMET;4_1 SOKAK;sokak;472085
SİVAS;YILDIZELİ;YAVU - FATİHSULTANMEHMET;5._2 SOKAK;sokak;328352
SİVAS;YILDIZELİ;YAVU - FATİHSULTANMEHMET;6. SOKAK;sokak;328353
SİVAS;YILDIZELİ;YAVU - FATİHSULTANMEHMET;7. SOKAK;sokak;472086
SİVAS;YILDIZELİ;YAVU - FATİHSULTANMEHMET;8. SOKAK;sokak;328354
SİVAS;YILDIZELİ;YAVU - FATİHSULTANMEHMET;9. SOKAK;sokak;328355
SİVAS;YILDIZELİ;YAVU - FATİHSULTANMEHMET;MEHMET HABİP SOLUK SOKAK;sokak;472087
SİVAS;YILDIZELİ;YAVU - FATİHSULTANMEHMET;ŞEHİT ERDAL KAVALLI SOKAK;sokak;578146591
SİVAS;YILDIZELİ;YAVU - YENİ;1 SOKAK;sokak;328356
SİVAS;YILDIZELİ;YAVU - YENİ;2. SOKAK;sokak;328357
SİVAS;YILDIZELİ;YAVU - YENİ;3. SOKAK;sokak;328358
SİVAS;YILDIZELİ;YAVU - YENİ;4. SOKAK;sokak;472088
SİVAS;YILDIZELİ;YAVU - YENİ;5 SOKAK;sokak;328359
SİVAS;YILDIZELİ;YAVU - YENİ;6_1 SOKAK;sokak;328360
SİVAS;YILDIZELİ;YAVU - YENİ;FAHRETTİN ARAR SOKAK;sokak;472089
SİVAS;YILDIZELİ;YAYLAGÖZE NA;YAYLAGÖZE KÜME EVLER;sokak;624222
SİVAS;YILDIZELİ;YENİYAPAN NA;YENİYAPAN KÜME EVLER;sokak;635429
SİVAS;YILDIZELİ;YEŞİLALAN NA;YEŞİLALAN KÜME EVLER;sokak;620916
SİVAS;YILDIZELİ;YILANLIKAYA NA;YILANLIKAYA KÜME EVLER;sokak;618769
SİVAS;YILDIZELİ;YİĞİTLER NA;YİĞİTLER KÜME EVLER;sokak;325561
SİVAS;YILDIZELİ;YOLKAYA NA;YOLKAYA KÜME EVLER;sokak;109310
SİVAS;YILDIZELİ;YUKARIÇAKMAK NA;YUKARIÇAKMAK KÜME EVLER;sokak;643087
SİVAS;YILDIZELİ;YUKARIEKECİK NA;YUKARIEKECİK KÜME EVLER;sokak;644427
SİVAS;YILDIZELİ;YUSUFOĞLAN NA;YUSUFOĞLAN KÜME EVLER;sokak;640490
SİVAS;YILDIZELİ;YUVALIÇAYIR NA;YUVALIÇAYIR KÜME EVLER;sokak;613368
SİVAS;YILDIZELİ;YÜCEBACA NA;YÜCEBACA KÜME EVLER;sokak;104668
SİVAS;ZARA;ADAMFAKI - AŞAĞI ADAMFAKI;AŞAĞI ADAMFAKI KÜME EVLER;sokak;617947
SİVAS;ZARA;ADAMFAKI NA;ADAMFAKI KÜME EVLER;sokak;607712
SİVAS;ZARA;AĞLIKÇAY - BAŞYURT;BAŞYURT KÜME EVLER;sokak;677129
SİVAS;ZARA;AĞLIKÇAY - BEYGELEN;BEYGELEN KÜME EVLER;sokak;677130
SİVAS;ZARA;AĞLIKÇAY - DERVİŞ;DERVİŞ KÜME EVLER;sokak;679446
SİVAS;ZARA;AĞLIKÇAY - GEÇİBELİ;GEÇİBELİ KÜME EVLER;sokak;676095
SİVAS;ZARA;AĞLIKÇAY - MIHLIAĞAÇ;MIHLIAĞAÇ KÜME EVLER;sokak;683592
SİVAS;ZARA;AĞLIKÇAY - OKUL;OKUL KÜME EVLER;sokak;683595
SİVAS;ZARA;AĞLIKÇAY - SOLMAZLAR;SOLMAZLAR KÜME EVLER;sokak;679750
SİVAS;ZARA;AĞLIKÇAY NA;AĞLIKÇAY KÜME EVLER;sokak;674595
SİVAS;ZARA;AHMETBAŞYURT;10 SOKAK;sokak;913098
SİVAS;ZARA;AHMETBAŞYURT;11 SOKAK;sokak;913099
SİVAS;ZARA;AHMETBAŞYURT;12 SOKAK;sokak;913100
SİVAS;ZARA;AHMETBAŞYURT;13 SOKAK;sokak;913101
SİVAS;ZARA;AHMETBAŞYURT;14 SOKAK;sokak;913102
SİVAS;ZARA;AHMETBAŞYURT;15 SOKAK;sokak;913103
SİVAS;ZARA;AHMETBAŞYURT;16 SOKAK;sokak;913104
SİVAS;ZARA;AHMETBAŞYURT;17 SOKAK;sokak;913105
SİVAS;ZARA;AHMETBAŞYURT;18 SOKAK;sokak;913106
SİVAS;ZARA;AHMETBAŞYURT;2 SOKAK;sokak;913086
SİVAS;ZARA;AHMETBAŞYURT;21 SOKAK;sokak;913109
SİVAS;ZARA;AHMETBAŞYURT;24 SOKAK;sokak;913112
SİVAS;ZARA;AHMETBAŞYURT;25 SOKAK;sokak;911239
SİVAS;ZARA;AHMETBAŞYURT;26 SOKAK;sokak;913113
SİVAS;ZARA;AHMETBAŞYURT;27 SOKAK;sokak;913114
SİVAS;ZARA;AHMETBAŞYURT;28 SOKAK;sokak;913115
SİVAS;ZARA;AHMETBAŞYURT;29 SOKAK;sokak;913116
SİVAS;ZARA;AHMETBAŞYURT;3 SOKAK;sokak;913087
SİVAS;ZARA;AHMETBAŞYURT;30 SOKAK;sokak;913117
SİVAS;ZARA;AHMETBAŞYURT;32 SOKAK;sokak;913119
SİVAS;ZARA;AHMETBAŞYURT;321 SOKAK;sokak;966540
SİVAS;ZARA;AHMETBAŞYURT;326 SOKAK;sokak;974741
SİVAS;ZARA;AHMETBAŞYURT;327 SOKAK;sokak;1070670
SİVAS;ZARA;AHMETBAŞYURT;328 SOKAK;sokak;1003967
SİVAS;ZARA;AHMETBAŞYURT;33 SOKAK;sokak;913120
SİVAS;ZARA;AHMETBAŞYURT;330 SOKAK;sokak;1002550
SİVAS;ZARA;AHMETBAŞYURT;334 SOKAK;sokak;1088696
SİVAS;ZARA;AHMETBAŞYURT;335 SOKAK;sokak;482996060
SİVAS;ZARA;AHMETBAŞYURT;338 SOKAK;sokak;172277940
SİVAS;ZARA;AHMETBAŞYURT;34 SOKAK;sokak;913121
SİVAS;ZARA;AHMETBAŞYURT;35 SOKAK;sokak;913122
SİVAS;ZARA;AHMETBAŞYURT;36 SOKAK;sokak;913123
SİVAS;ZARA;AHMETBAŞYURT;37 SOKAK;sokak;913124
SİVAS;ZARA;AHMETBAŞYURT;38 SOKAK;sokak;913125
SİVAS;ZARA;AHMETBAŞYURT;39 SOKAK;sokak;913126
SİVAS;ZARA;AHMETBAŞYURT;40 SOKAK;sokak;913127
SİVAS;ZARA;AHMETBAŞYURT;40/1 SOKAK;sokak;607956890
SİVAS;ZARA;AHMETBAŞYURT;41 SOKAK;sokak;913128
SİVAS;ZARA;AHMETBAŞYURT;42 SOKAK;sokak;913129
SİVAS;ZARA;AHMETBAŞYURT;43 SOKAK;sokak;913794
SİVAS;ZARA;AHMETBAŞYURT;44 SOKAK;sokak;913131
SİVAS;ZARA;AHMETBAŞYURT;45 SOKAK;sokak;913132
SİVAS;ZARA;AHMETBAŞYURT;46 SOKAK;sokak;913795
SİVAS;ZARA;AHMETBAŞYURT;47 SOKAK;sokak;913134
SİVAS;ZARA;AHMETBAŞYURT;48 SOKAK;sokak;913135
SİVAS;ZARA;AHMETBAŞYURT;49 SOKAK;sokak;913136
SİVAS;ZARA;AHMETBAŞYURT;50 SOKAK;sokak;913137
SİVAS;ZARA;AHMETBAŞYURT;51 SOKAK;sokak;913138
SİVAS;ZARA;AHMETBAŞYURT;52 SOKAK;sokak;913139
SİVAS;ZARA;AHMETBAŞYURT;53 SOKAK;sokak;913140
SİVAS;ZARA;AHMETBAŞYURT;54 SOKAK;sokak;913141
SİVAS;ZARA;AHMETBAŞYURT;55 SOKAK;sokak;913142
SİVAS;ZARA;AHMETBAŞYURT;56 SOKAK;sokak;913143
SİVAS;ZARA;AHMETBAŞYURT;57 SOKAK;sokak;913144
SİVAS;ZARA;AHMETBAŞYURT;58 SOKAK;sokak;913145
SİVAS;ZARA;AHMETBAŞYURT;59 SOKAK;sokak;913146
SİVAS;ZARA;AHMETBAŞYURT;6 SOKAK;sokak;913093
SİVAS;ZARA;AHMETBAŞYURT;60 SOKAK;sokak;913147
SİVAS;ZARA;AHMETBAŞYURT;61 SOKAK;sokak;913148
SİVAS;ZARA;AHMETBAŞYURT;66 SOKAK;sokak;913153
SİVAS;ZARA;AHMETBAŞYURT;67 SOKAK;sokak;913154
SİVAS;ZARA;AHMETBAŞYURT;68 SOKAK;sokak;913155
SİVAS;ZARA;AHMETBAŞYURT;69 SOKAK;sokak;913156
SİVAS;ZARA;AHMETBAŞYURT;7 SOKAK;sokak;913095
SİVAS;ZARA;AHMETBAŞYURT;70 SOKAK;sokak;913796
SİVAS;ZARA;AHMETBAŞYURT;71 SOKAK;sokak;913158
SİVAS;ZARA;AHMETBAŞYURT;72/1 SOKAK;sokak;639611300
SİVAS;ZARA;AHMETBAŞYURT;73 SOKAK;sokak;913160
SİVAS;ZARA;AHMETBAŞYURT;74 SOKAK;sokak;913161
SİVAS;ZARA;AHMETBAŞYURT;75 SOKAK;sokak;913162
SİVAS;ZARA;AHMETBAŞYURT;76 SOKAK;sokak;913163
SİVAS;ZARA;AHMETBAŞYURT;77 SOKAK;sokak;913164
SİVAS;ZARA;AHMETBAŞYURT;78 SOKAK;sokak;913799
SİVAS;ZARA;AHMETBAŞYURT;79 SOKAK;sokak;913166
SİVAS;ZARA;AHMETBAŞYURT;8 SOKAK;sokak;913096
SİVAS;ZARA;AHMETBAŞYURT;A.VAHAP SÜMBÜLOĞLU CADDE;cadde;729409
SİVAS;ZARA;AHMETBAŞYURT;ABDULLAH POLAT CADDE;cadde;913151
SİVAS;ZARA;AHMETBAŞYURT;AHMET BAŞYURT YENİYOL 10 SOKAK;sokak;215314470
SİVAS;ZARA;AHMETBAŞYURT;AHMET BAŞYURT YENİYOL 11 SOKAK;sokak;123332410
SİVAS;ZARA;AHMETBAŞYURT;AHMET BAŞYURT YENİYOL 12 SOKAK;sokak;249993850
SİVAS;ZARA;AHMETBAŞYURT;AHMET BAŞYURT YENİYOL 14 SOKAK;sokak;326473230
SİVAS;ZARA;AHMETBAŞYURT;AHMET BAŞYURT YENİYOL 15 SOKAK;sokak;241654820
SİVAS;ZARA;AHMETBAŞYURT;AHMET BAŞYURT YENİYOL 16 SOKAK;sokak;106913190
SİVAS;ZARA;AHMETBAŞYURT;AHMET BAŞYURT YENİYOL 18 SOKAK;sokak;606744700
SİVAS;ZARA;AHMETBAŞYURT;AHMET BAŞYURT YENİYOL 19 SOKAK;sokak;172090400
SİVAS;ZARA;AHMETBAŞYURT;AHMET BAŞYURT YENİYOL 2 SOKAK;sokak;566437940
SİVAS;ZARA;AHMETBAŞYURT;AHMET BAŞYURT YENİYOL 20 SOKAK;sokak;840364740
SİVAS;ZARA;AHMETBAŞYURT;AHMET BAŞYURT YENİYOL 21 SOKAK;sokak;410193990
SİVAS;ZARA;AHMETBAŞYURT;AHMET BAŞYURT YENİYOL 22 SOKAK;sokak;430779990
SİVAS;ZARA;AHMETBAŞYURT;AHMET BAŞYURT YENİYOL 24 SOKAK;sokak;314338320
SİVAS;ZARA;AHMETBAŞYURT;AHMET BAŞYURT YENİYOL 25 SOKAK;sokak;492131840
SİVAS;ZARA;AHMETBAŞYURT;AHMET BAŞYURT YENİYOL 26 SOKAK;sokak;591285040
SİVAS;ZARA;AHMETBAŞYURT;AHMET BAŞYURT YENİYOL 27 SOKAK;sokak;882961240
SİVAS;ZARA;AHMETBAŞYURT;AHMET BAŞYURT YENİYOL 28 SOKAK;sokak;177647880
SİVAS;ZARA;AHMETBAŞYURT;AHMET BAŞYURT YENİYOL 29 SOKAK;sokak;592702150
SİVAS;ZARA;AHMETBAŞYURT;AHMET BAŞYURT YENİYOL 30 SOKAK;sokak;961056060
SİVAS;ZARA;AHMETBAŞYURT;AHMET BAŞYURT YENİYOL 31 SOKAK;sokak;807808360
SİVAS;ZARA;AHMETBAŞYURT;AHMET BAŞYURT YENİYOL 32 SOKAK;sokak;779687330
SİVAS;ZARA;AHMETBAŞYURT;AHMET BAŞYURT YENİYOL 33 SOKAK;sokak;952602380
SİVAS;ZARA;AHMETBAŞYURT;AHMET BAŞYURT YENİYOL 34 SOKAK;sokak;183352570
SİVAS;ZARA;AHMETBAŞYURT;AHMET BAŞYURT YENİYOL 35 SOKAK;sokak;279669360
SİVAS;ZARA;AHMETBAŞYURT;AHMET BAŞYURT YENİYOL 36 SOKAK;sokak;143726010
SİVAS;ZARA;AHMETBAŞYURT;AHMET BAŞYURT YENİYOL 37 SOKAK;sokak;177386260
SİVAS;ZARA;AHMETBAŞYURT;AHMET BAŞYURT YENİYOL 38 SOKAK;sokak;575749310
SİVAS;ZARA;AHMETBAŞYURT;AHMET BAŞYURT YENİYOL 39 SOKAK;sokak;710749670
SİVAS;ZARA;AHMETBAŞYURT;AHMET BAŞYURT YENİYOL 40 SOKAK;sokak;142998530
SİVAS;ZARA;AHMETBAŞYURT;AHMET BAŞYURT YENİYOL 41 SOKAK;sokak;810612690
SİVAS;ZARA;AHMETBAŞYURT;AHMET BAŞYURT YENİYOL 42 SOKAK;sokak;480092030
SİVAS;ZARA;AHMETBAŞYURT;AHMET BAŞYURT YENİYOL 43 SOKAK;sokak;433021810
SİVAS;ZARA;AHMETBAŞYURT;AHMET BAŞYURT YENİYOL 45 SOKAK;sokak;116081710
SİVAS;ZARA;AHMETBAŞYURT;AHMET BAŞYURT YENİYOL 50 SOKAK;sokak;268289130
SİVAS;ZARA;AHMETBAŞYURT;AHMET BAŞYURT YENİYOL 51 SOKAK;sokak;104733530
SİVAS;ZARA;AHMETBAŞYURT;AHMET BAŞYURT YENİYOL 6 SOKAK;sokak;510154930
SİVAS;ZARA;AHMETBAŞYURT;AHMET BAŞYURT YENİYOL 8 SOKAK;sokak;188639280
SİVAS;ZARA;AHMETBAŞYURT;AHMET BAŞYURT YENİYOL1 SOKAK;sokak;390179180
SİVAS;ZARA;AHMETBAŞYURT;AHMET BAŞYURT YENİYOL23 SOKAK;sokak;218664390
SİVAS;ZARA;AHMETBAŞYURT;ALİ ERDAL BAŞEĞMEZ CADDE;cadde;913150
SİVAS;ZARA;AHMETBAŞYURT;ANADOLU BULVAR;sokak;1120250
SİVAS;ZARA;AHMETBAŞYURT;BAHÇELİ EVLER SOKAK;sokak;329117
SİVAS;ZARA;AHMETBAŞYURT;BEDİR SORGULU CADDE;cadde;936409
SİVAS;ZARA;AHMETBAŞYURT;BÖLÜK BAŞI AĞILI KÜME EVLER;sokak;321600
SİVAS;ZARA;AHMETBAŞYURT;CANLAR SOKAK;sokak;728859
SİVAS;ZARA;AHMETBAŞYURT;ÇAĞLAYAN SOKAK;sokak;640274850
SİVAS;ZARA;AHMETBAŞYURT;ÇINAR SOKAK;sokak;1120234
SİVAS;ZARA;AHMETBAŞYURT;DURMUŞ EKİCİ CADDE;cadde;913085
SİVAS;ZARA;AHMETBAŞYURT;FİDAN SOKAK;sokak;1097989
SİVAS;ZARA;AHMETBAŞYURT;GAZİ CADDE;cadde;914044
SİVAS;ZARA;AHMETBAŞYURT;HALİL SÖYLER CADDE;cadde;911240
SİVAS;ZARA;AHMETBAŞYURT;HİLAL SOKAK;sokak;1120228
SİVAS;ZARA;AHMETBAŞYURT;IHLAMUR SOKAK;sokak;1120232
SİVAS;ZARA;AHMETBAŞYURT;İSMAİL YILMAZ AĞILI SOKAK;sokak;321602
SİVAS;ZARA;AHMETBAŞYURT;İSMET PAŞA CADDE;cadde;321926
SİVAS;ZARA;AHMETBAŞYURT;İSTİKBAL SOKAK;sokak;1120226
SİVAS;ZARA;AHMETBAŞYURT;KANLICAYIR KÜMESİ KÜME EVLER;sokak;229089
SİVAS;ZARA;AHMETBAŞYURT;KAPLAN SOKAK;sokak;730684
SİVAS;ZARA;AHMETBAŞYURT;MEHMET BAĞCA CADDE;cadde;909917
SİVAS;ZARA;AHMETBAŞYURT;MEHMETÇİK SOKAK;sokak;1114269
SİVAS;ZARA;AHMETBAŞYURT;MEŞE SOKAK;sokak;1120236
SİVAS;ZARA;AHMETBAŞYURT;METİN SOKAK;sokak;1492037
SİVAS;ZARA;AHMETBAŞYURT;MİLLİ EGEMENLİK CADDE;cadde;909918
SİVAS;ZARA;AHMETBAŞYURT;MİMAR SİNAN CADDE;cadde;1120238
SİVAS;ZARA;AHMETBAŞYURT;MUSTAFA TÜRKSOY CADDE;cadde;141926370
SİVAS;ZARA;AHMETBAŞYURT;NECDET KAPLAN SOKAK;sokak;1513175
SİVAS;ZARA;AHMETBAŞYURT;NECDET KARAKEBEN CADDE;cadde;913110
SİVAS;ZARA;AHMETBAŞYURT;NERGİS SOKAK;sokak;1120242
SİVAS;ZARA;AHMETBAŞYURT;NİLÜFER SOKAK;sokak;1120244
SİVAS;ZARA;AHMETBAŞYURT;OCAK SOKAK;sokak;161177
SİVAS;ZARA;AHMETBAŞYURT;OCAK-1 SOKAK;sokak;892369
SİVAS;ZARA;AHMETBAŞYURT;OPERATÖR DOKTOR NAMIK KEMAL KURT CADDE;cadde;1515343
SİVAS;ZARA;AHMETBAŞYURT;ORGENERAL KURTCEBE NOYAN CADDE;cadde;329116
SİVAS;ZARA;AHMETBAŞYURT;ORHAN GAZİ CADDE;cadde;728862
SİVAS;ZARA;AHMETBAŞYURT;ORKİDE SOKAK;sokak;1120256
SİVAS;ZARA;AHMETBAŞYURT;PAZAR YOLU SOKAK;sokak;1518827
SİVAS;ZARA;AHMETBAŞYURT;PR.DR.MUSTAFA ZENGİN CADDE;cadde;948426
SİVAS;ZARA;AHMETBAŞYURT;SAÇLILAR AĞILI SOKAK;sokak;321601
SİVAS;ZARA;AHMETBAŞYURT;SARDUNYA SOKAK;sokak;1120240
SİVAS;ZARA;AHMETBAŞYURT;SİVAS ERZİNCAN ÇEVRE YOLU-1 CADDE;cadde;1382025
SİVAS;ZARA;AHMETBAŞYURT;SİVAS ERZİNCAN ÇEVRE YOLU-2 CADDE;cadde;1502695
SİVAS;ZARA;AHMETBAŞYURT;SİVAS-ERZİNCAN BULVAR;sokak;192914340
SİVAS;ZARA;AHMETBAŞYURT;ŞAFAK SOKAK;sokak;1385205
SİVAS;ZARA;AHMETBAŞYURT;ŞEHİT ALİ POLAT CADDE;cadde;914037
SİVAS;ZARA;AHMETBAŞYURT;ŞEHİT CAFER ÖĞRETMEN CADDE;cadde;914039
SİVAS;ZARA;AHMETBAŞYURT;ŞEHİT CÜNEYT ERKAN CADDE;cadde;914042
SİVAS;ZARA;AHMETBAŞYURT;ŞEHİT HACI ALKAN CADDE;cadde;1347417
SİVAS;ZARA;AHMETBAŞYURT;ŞEHİT İBRAHİM TURAN CADDE;cadde;914038
SİVAS;ZARA;AHMETBAŞYURT;ŞEHİT İLHAN SONKAYA CADDE;cadde;914036
SİVAS;ZARA;AHMETBAŞYURT;ŞEHİT KÜRŞAT KARAPINAR CADDE;cadde;1127749
SİVAS;ZARA;AHMETBAŞYURT;ŞEHİT MURAT TAYLAN ÖNCEL SOKAK;sokak;1514749
SİVAS;ZARA;AHMETBAŞYURT;ŞEHİT MUSTAFA ÖZEL CADDE;cadde;914045
SİVAS;ZARA;AHMETBAŞYURT;ŞEHİT RAMAZAN PINARBAŞI CADDE;cadde;107614680
SİVAS;ZARA;AHMETBAŞYURT;ŞEHİT SACETTİN AKTAŞ CADDE;cadde;914043
SİVAS;ZARA;AHMETBAŞYURT;ŞEHİT SELAHATTİN YALÇIN CADDE;cadde;914041
SİVAS;ZARA;AHMETBAŞYURT;ŞEHİT SERDAR ŞİMŞEK CADDE;cadde;914035
SİVAS;ZARA;AHMETBAŞYURT;ŞEHİT SÜLEYMAN ÖZKAN CADDE;cadde;914046
SİVAS;ZARA;AHMETBAŞYURT;ŞEHİT YÜZBAŞI AKGÜN SEZGİNER CADDE;cadde;914034
SİVAS;ZARA;AHMETBAŞYURT;ŞEHİT YÜZBAŞI AKGÜN SEZGİNER/1 SOKAK;sokak;475419170
SİVAS;ZARA;AHMETBAŞYURT;ŞERİF MEHMET AĞILI KÜME EVLER;sokak;321927
SİVAS;ZARA;AHMETBAŞYURT;VATAN CADDE;cadde;1120230
SİVAS;ZARA;AHMETBAŞYURT;VATAN1 SOKAK;sokak;846480210
SİVAS;ZARA;AHMETBAŞYURT;VATAN2 SOKAK;sokak;246766600
SİVAS;ZARA;AHMETBAŞYURT;YENİ SANAYİİ SİTESİ 1 SOKAK;sokak;515141720
SİVAS;ZARA;AHMETBAŞYURT;YENİ SANAYİİ SİTESİ 2 SOKAK;sokak;823515030
SİVAS;ZARA;AHMETBAŞYURT;YENİ SANAYİİ SİTESİ 3 SOKAK;sokak;130619650
SİVAS;ZARA;AHMETBAŞYURT;YENİ SANAYİİ SİTESİ 4 SOKAK;sokak;289847480
SİVAS;ZARA;AHMETBAŞYURT;YENİ SANAYİİ SİTESİ SOKAK;sokak;876945
SİVAS;ZARA;AHMETBAŞYURT;YUSUF YILDIRIM CADDE;cadde;728499
SİVAS;ZARA;AHMETHACI - TAŞLIK;TAŞLIK KÜME EVLER;sokak;604000
SİVAS;ZARA;AHMETHACI - TAŞLIKAYAĞI;TAŞLIKAYAĞI KÜME EVLER;sokak;604020
SİVAS;ZARA;AHMETHACI NA;AHMETHACI KÜME EVLER;sokak;602795
SİVAS;ZARA;AKDEDE NA;AKDEDE KÜME EVLER;sokak;675725
SİVAS;ZARA;AKDEĞİRMEN NA;AKDEĞİRMEN KÜME EVLER;sokak;672429
SİVAS;ZARA;AKÖREN NA;AKÖREN KÜME EVLER;sokak;602223
SİVAS;ZARA;AKYAZI NA;AKYAZI KÜME EVLER;sokak;687264
SİVAS;ZARA;ALIÇBEL - ALİEFENDİ;ALİEFENDİ KÜME EVLER;sokak;698416
SİVAS;ZARA;ALIÇBEL - ASIMBEY;ASIMBEY KÜME EVLER;sokak;698425
SİVAS;ZARA;ALIÇBEL - ÇELİKLER;ÇELİKLER KÜME EVLER;sokak;698420
SİVAS;ZARA;ALIÇBEL - KALACIK;KALACIK KÜME EVLER;sokak;698417
SİVAS;ZARA;ALIÇBEL - KOCAALİ;KOCAALİ KÜME EVLER;sokak;698414
SİVAS;ZARA;ALIÇBEL - MURTAZAOĞLU;MURTAZAOĞLU KÜME EVLER;sokak;698418
SİVAS;ZARA;ALIÇBEL NA;ALUÇLUBEL KÜME EVLER;sokak;698413
SİVAS;ZARA;ALIÇLISEKİ - GÜLABİLER;GÜLABİLER KÜME EVLER;sokak;334187
SİVAS;ZARA;ALIÇLISEKİ - HANDERESİ;HANDERESİ KÜME EVLER;sokak;677395
SİVAS;ZARA;ALIÇLISEKİ NA;ALUÇLUSEKİ KÜME EVLER;sokak;677940
SİVAS;ZARA;ALİŞANAĞILI - BARHANA;BARHANA KÜME EVLER;sokak;272043
SİVAS;ZARA;ALİŞANAĞILI NA;ALİŞANAĞILI KÜME EVLER;sokak;272792
SİVAS;ZARA;ALİŞİR NA;ATATÜRK SOKAK;sokak;640794
SİVAS;ZARA;ALİŞİR NA;ATEŞ SOKAK;sokak;649975
SİVAS;ZARA;ALİŞİR NA;CEM SOKAK;sokak;642115
SİVAS;ZARA;ALİŞİR NA;EREN SOKAK;sokak;642114
SİVAS;ZARA;ALİŞİR NA;EVLİYA SOKAK;sokak;642112
SİVAS;ZARA;ALİŞİR NA;KİLİSE SOKAK;sokak;640795
SİVAS;ZARA;ALİŞİR NA;MANASTIR SOKAK;sokak;642117
SİVAS;ZARA;ARMUTÇAYIRI NA;ARMUTÇAYIRI KÜME EVLER;sokak;273440
SİVAS;ZARA;AŞAĞIÇAMÖZÜ - KARAOLUK;KARAOLUK KÜME EVLER;sokak;697405
SİVAS;ZARA;AŞAĞIÇAMÖZÜ - YAĞLILAR;YAĞLILAR KÜME EVLER;sokak;697402
SİVAS;ZARA;AŞAĞIÇAMÖZÜ NA;AŞAĞIÇAMÖZÜ KÜME EVLER;sokak;696335
SİVAS;ZARA;AŞAĞIÇAMURCU - GİLGİL;KÖY SOKAĞI KÜME EVLER;sokak;920748
SİVAS;ZARA;AŞAĞIÇAMURCU - YEĞER;KÖY KÜME EVLER;sokak;874282
SİVAS;ZARA;AŞAĞIÇAMURCU NA;AŞAĞIÇAMURCU KÜME EVLER;sokak;679299
SİVAS;ZARA;AŞAĞIKOVACIK NA;AŞAĞIKOVACIK KÜME EVLER;sokak;276822
SİVAS;ZARA;AŞAĞIMESCİT - BOĞAZ;BOĞAZ KÜME EVLER;sokak;680510
SİVAS;ZARA;AŞAĞIMESCİT - TEMOLAR;TEMOLAR KÜME EVLER;sokak;675930
SİVAS;ZARA;AŞAĞIMESCİT NA;AŞAĞIMESCİT KÜME EVLER;sokak;678613
SİVAS;ZARA;ATALAN - ÇORAĞINDERE;ÇORAĞINDERE KÜME EVLER;sokak;691940
SİVAS;ZARA;ATALAN NA;ATALAN KÜME EVLER;sokak;689690
SİVAS;ZARA;ATGEÇMEZ NA;ATGEÇMEZ KÜME EVLER;sokak;355510
SİVAS;ZARA;ATKIRAN - ARKAN;ARKAN KÜME EVLER;sokak;681186
SİVAS;ZARA;ATKIRAN - BOZO;BOZO KÜME EVLER;sokak;469926
SİVAS;ZARA;ATKIRAN - ÇEVİRME;ÇEVİRME KÜME EVLER;sokak;333788
SİVAS;ZARA;ATKIRAN - GÜLLER;GÜLLER KÜME EVLER;sokak;275900
SİVAS;ZARA;ATKIRAN - MAHMUTÇAVUŞ;MAHMUTÇAVUŞ KÜME EVLER;sokak;469924
SİVAS;ZARA;ATKIRAN - ÖZCAN;ÖZCAN KÜME EVLER;sokak;321203
SİVAS;ZARA;ATKIRAN NA;ATKIRAN KÜME EVLER;sokak;341296
SİVAS;ZARA;AVŞAR - ARAPÇA;ARAPÇA KÜME EVLER;sokak;709762
SİVAS;ZARA;AVŞAR - BUĞDAYLI (ŞAHİN ÇAVUŞLAR);BUĞDAYLI ŞAHİN ÇAVUŞLAR KÜME EVLER;sokak;720055
SİVAS;ZARA;AVŞAR - HARAMİ;HARAMİ KÜME EVLER;sokak;713867
SİVAS;ZARA;AVŞAR - KIRAÇ;KIRAÇ KÜME EVLER;sokak;719134
SİVAS;ZARA;AVŞAR NA;AVŞAR KÜME EVLER;sokak;709305
SİVAS;ZARA;BAĞLAMA - HÜSEYİN;HÜSEYİN KÜME EVLER;sokak;157862
SİVAS;ZARA;BAĞLAMA - ÜÇOLUK;ÜÇOLUK KÜME EVLER;sokak;671204
SİVAS;ZARA;BAĞLAMA NA;BAĞLAMA KÜME EVLER;sokak;669645
SİVAS;ZARA;BAHARŞEYH - BAŞYURT ÇİFTLİĞİ;BAŞYURT ÇİFTLİĞİ KÜME EVLER;sokak;593704
SİVAS;ZARA;BAHARŞEYH - ZAZALAR;ZAZALAR KÜME EVLER;sokak;288121
SİVAS;ZARA;BAHARŞEYH NA;BAHARŞEYH KÜME EVLER;sokak;597142
SİVAS;ZARA;BALLIKLAR NA;BALLIKLAR KÜME EVLER;sokak;280445
SİVAS;ZARA;BECEKLİ NA;BECEKLİ KÜME EVLER;sokak;611625
SİVAS;ZARA;BEDİRÖREN NA;BEDİRÖREN KÜME EVLER;sokak;683276
SİVAS;ZARA;BEKTAŞKÖY - HIDIR;HIDIR KÜME EVLER;sokak;637775
SİVAS;ZARA;BEKTAŞKÖY - MAİL;MAİL KÜME EVLER;sokak;636052
SİVAS;ZARA;BEKTAŞKÖY NA;BEKTAŞ KÜME EVLER;sokak;638603
SİVAS;ZARA;BELENTARLA - DAVUT;DAVUT KÜME EVLER;sokak;685166
SİVAS;ZARA;BELENTARLA - PALABIYIK;PALABIYIK KÜME EVLER;sokak;685168
SİVAS;ZARA;BELENTARLA NA;BELENTARLA KÜME EVLER;sokak;392923
SİVAS;ZARA;BEYPINARI - AKTAŞ;AKTAŞ KÜME EVLER;sokak;242794
SİVAS;ZARA;BEYPINARI - BECEKLİ;BECEKLİ KÜME EVLER;sokak;691628
SİVAS;ZARA;BEYPINARI - ÇUKUR (YEŞİLOVO);ÇUKUR (YEŞİLOVO) KÜME EVLER;sokak;689142
SİVAS;ZARA;BEYPINARI - GENCİKLER;GENCİKLER KÜME EVLER;sokak;699701
SİVAS;ZARA;BEYPINARI - GENÇALİ;GENÇALİ KÜME EVLER;sokak;689158
SİVAS;ZARA;BEYPINARI - GÖKDERE;GÖKDERE KÜME EVLER;sokak;688931
SİVAS;ZARA;BEYPINARI - GÖLLER;GÖLLER KÜME EVLER;sokak;699705
SİVAS;ZARA;BEYPINARI - GÜRGEN;GÜRGEN KÜME EVLER;sokak;111134
SİVAS;ZARA;BEYPINARI - KANLIDERE;KANLIDERE KÜME EVLER;sokak;267709
SİVAS;ZARA;BEYPINARI - KARAMAN;KARAMAN (HASAN YILDIZ) KÜME EVLER;sokak;687923
SİVAS;ZARA;BEYPINARI - KUŞKAYA;KUŞKAYA KÜME EVLER;sokak;699707
SİVAS;ZARA;BEYPINARI - MARABALİ (ŞENYURT);MARABALİ ŞENYURT KÜME EVLER;sokak;242777
SİVAS;ZARA;BEYPINARI - MEHMET ÇAVUŞ (ŞIH);MEHMET ÇAVUŞ ŞIH KÜME EVLER;sokak;111142
SİVAS;ZARA;BEYPINARI - MEHMETAĞA;MEHMETAĞA KÜME EVLER;sokak;694086
SİVAS;ZARA;BEYPINARI - MOLLA SÜLEYMAN;MOLLA SÜLEYMAN KÜME EVLER;sokak;693344
SİVAS;ZARA;BEYPINARI - MUHTARALİ;MUHTARALİ KÜME EVLER;sokak;692406
SİVAS;ZARA;BEYPINARI - SÖĞÜTLÜ;SÖĞÜTLÜ KÜME EVLER;sokak;688913
SİVAS;ZARA;BEYPINARI - ZİYARET;ZİYARET KÜME EVLER;sokak;265749
SİVAS;ZARA;BEYPINARI NA;BEYPINARI KÜME EVLER;sokak;697984
SİVAS;ZARA;BOLUCAN - ÇOĞU;ÇOĞU KÜME EVLER;sokak;697652
SİVAS;ZARA;BOLUCAN NA;BOLUCAN KÜME EVLER;sokak;700426
SİVAS;ZARA;BOZKIR - BAHÇE;BAHÇE KÜME EVLER;sokak;598606
SİVAS;ZARA;BOZKIR - GÜCÜKBURUN;GÜCÜKBURUN KÜME EVLER;sokak;1428881
SİVAS;ZARA;BOZKIR - SÜLÜKGÖLÜ;SÜLÜKGÖLÜ KÜME EVLER;sokak;349176
SİVAS;ZARA;BOZKIR NA;BOZKIR KÜME EVLER;sokak;587676
SİVAS;ZARA;BURHANİYE NA;BURHANİYE KÜME EVLER;sokak;674280
SİVAS;ZARA;BÜYÜKGÜNEY - UZUNGÖZE;UZUNGÖZE KÜME EVLER;sokak;693791
SİVAS;ZARA;BÜYÜKGÜNEY NA;BÜYÜKGÜNEY KÜME EVLER;sokak;688680
SİVAS;ZARA;BÜYÜKKAYA - ARAPLAR;ARAPLAR KÜME EVLER;sokak;159505
SİVAS;ZARA;BÜYÜKKAYA NA;BÜYÜKKAYA KÜME EVLER;sokak;158088
SİVAS;ZARA;BÜYÜKKÖY - GEYİKBABA;GEYİKBABA KÜME EVLER;sokak;698408
SİVAS;ZARA;BÜYÜKKÖY - MOLOKLAR;MOLOKLAR KÜME EVLER;sokak;698404
SİVAS;ZARA;BÜYÜKKÖY - SOĞUKPINAR;SOĞUKPINAR KÜME EVLER;sokak;698406
SİVAS;ZARA;BÜYÜKKÖY - ŞİROLAR;ŞİROLAR KÜME EVLER;sokak;698402
SİVAS;ZARA;BÜYÜKKÖY - TUZLA;TUZLA KÜME EVLER;sokak;698400
SİVAS;ZARA;BÜYÜKKÖY - TÜRKOĞLU;TÜRKOĞLU KÜME EVLER;sokak;698399
SİVAS;ZARA;BÜYÜKKÖY NA;BÜYÜKKÖY KÜME EVLER;sokak;698411
SİVAS;ZARA;CANOVA NA;CANOVA KÜME EVLER;sokak;448972
SİVAS;ZARA;CEMALKÖY - ARDUÇLU;ARDUÇLU KÜME EVLER;sokak;668566
SİVAS;ZARA;CEMALKÖY NA;CEMAL KÜME EVLER;sokak;668565
SİVAS;ZARA;ÇANDIR NA;ÇANDIR KÜME EVLER;sokak;701924
SİVAS;ZARA;ÇARŞIBAŞI;AKŞEMSEDDİN SOKAK;sokak;723182
SİVAS;ZARA;ÇARŞIBAŞI;ÇARŞIBAŞI YENİYOL 1 SOKAK;sokak;580038800
SİVAS;ZARA;ÇARŞIBAŞI;ÇARŞIBAŞI YENİYOL 2 SOKAK;sokak;348490420
SİVAS;ZARA;ÇARŞIBAŞI;ÇARŞIBAŞI YENİYOL 3 SOKAK;sokak;341396830
SİVAS;ZARA;ÇARŞIBAŞI;ÇARŞIBAŞI YENİYOL 4 SOKAK;sokak;893123910
SİVAS;ZARA;ÇARŞIBAŞI;ÇARŞIBAŞI YENİYOL 5 SOKAK;sokak;594586790
SİVAS;ZARA;ÇARŞIBAŞI;ÇARŞIBAŞI YENİYOL 6 SOKAK;sokak;368362290
SİVAS;ZARA;ÇARŞIBAŞI;ÇARŞIBAŞI YENİYOL 7 SOKAK;sokak;641095800
SİVAS;ZARA;ÇARŞIBAŞI;ÇARŞIBAŞI YENİYOL 8 SOKAK;sokak;330777510
SİVAS;ZARA;ÇARŞIBAŞI;ENGİN SOKAK;sokak;727637
SİVAS;ZARA;ÇARŞIBAŞI;İSMET PAŞA CADDE;cadde;321935
SİVAS;ZARA;ÇARŞIBAŞI;MERCAN SOKAK;sokak;321928
SİVAS;ZARA;ÇARŞIBAŞI;MIZRAK SOKAK;sokak;321929
SİVAS;ZARA;ÇARŞIBAŞI;PİREK SOKAK;sokak;321930
SİVAS;ZARA;ÇARŞIBAŞI;RÜŞANLAR SOKAK;sokak;321931
SİVAS;ZARA;ÇARŞIBAŞI;TURAN SOKAK;sokak;321932
SİVAS;ZARA;ÇARŞIBAŞI;TURAN_1 KÜME EVLER;sokak;321933
SİVAS;ZARA;ÇARŞIBAŞI;YILDIRIM SOKAK;sokak;321934
SİVAS;ZARA;ÇATÖREN NA;ÇATÖREN KÜME EVLER;sokak;672585
SİVAS;ZARA;ÇAYLI NA;ÇAYLI KÜME EVLER;sokak;609715
SİVAS;ZARA;ÇAYLICA - AŞAĞI;AŞAĞI KÜME EVLER;sokak;692007
SİVAS;ZARA;ÇAYLICA - İBO;İBO KÜME EVLER;sokak;692001
SİVAS;ZARA;ÇAYLICA - KİSOLAR;KİSOLAR KÜME EVLER;sokak;692002
SİVAS;ZARA;ÇAYLICA - ORTA;ORTA KÜME EVLER;sokak;692012
SİVAS;ZARA;ÇAYLICA - YUKARI;YUKARI KÜME EVLER;sokak;692009
SİVAS;ZARA;ÇAYLICA NA;ÇAYLICA KÜME EVLER;sokak;692016
SİVAS;ZARA;ÇAYPINAR NA;ÇAYPINAR KÜME EVLER;sokak;692665
SİVAS;ZARA;ÇEVİRMEHAN - ÇAMLIKALE;ÇAMLIKALE KÜME EVLER;sokak;686921
SİVAS;ZARA;ÇEVİRMEHAN NA;ÇEVİRMEHAN KÜME EVLER;sokak;682395
SİVAS;ZARA;ÇORAK NA;ÇORAK KÜME EVLER;sokak;668818
SİVAS;ZARA;ÇULHAALİ NA;CULHALI KÜME EVLER;sokak;613993
SİVAS;ZARA;DANIŞIK NA;DANIŞIK KÜME EVLER;sokak;318086
SİVAS;ZARA;DERBENT NA;DERBENT KÜME EVLER;sokak;395226
SİVAS;ZARA;DEREDAM NA;DEREDAM KÜME EVLER;sokak;444321
SİVAS;ZARA;DEREKÖY NA;DEREKÖY KÜME EVLER;sokak;619301
SİVAS;ZARA;DİLEKPINARI - BAYTARLAR;BAYTARLAR KÜME EVLER;sokak;715113
SİVAS;ZARA;DİLEKPINARI NA;DİLEKPINARI KÜME EVLER;sokak;721168
SİVAS;ZARA;DİPSİZGÖL - ŞENGÜLLER;ŞENGÜLLER KÜME EVLER;sokak;668817
SİVAS;ZARA;DİPSİZGÖL NA;DİPSİZGÖL KÜME EVLER;sokak;669379
SİVAS;ZARA;DÜZCELİ - GÖZEL;GÖZEL KÜME EVLER;sokak;672622
SİVAS;ZARA;DÜZCELİ NA;DÜZCELİ KÜME EVLER;sokak;672526
SİVAS;ZARA;EKİNLİ - AŞAĞIEKİNLİ;AŞAĞIEKİNLİ KÜME EVLER;sokak;633500
SİVAS;ZARA;EKİNLİ NA;EKİNLİ KÜME EVLER;sokak;38111
SİVAS;ZARA;EMİRHAN NA;EMİRHAN KÜME EVLER;sokak;693101
SİVAS;ZARA;ESENLER NA;ESENLER KÜME EVLER;sokak;676400
SİVAS;ZARA;EVRENCİK - HÜZOL;HÜZOL KÜME EVLER;sokak;293328
SİVAS;ZARA;EVRENCİK - KÖRGETUZLA;KÖRGETUZLA KÜME EVLER;sokak;636507
SİVAS;ZARA;EVRENCİK - YUVACA;YUVACA KÜME EVLER;sokak;635101
SİVAS;ZARA;EVRENCİK NA;EVRENCİK KÜME EVLER;sokak;635632
SİVAS;ZARA;EYMİR NA;EYMİR KÜME EVLER;sokak;691942
SİVAS;ZARA;GİRİT - BAHÇELİ;BAHÇELİ KÜME EVLER;sokak;691957
SİVAS;ZARA;GİRİT - KARAALİ;KARAALİ KÜME EVLER;sokak;471774
SİVAS;ZARA;GİRİT NA;GİRİT KÜME EVLER;sokak;691954
SİVAS;ZARA;GÖHERTAŞ - KARATAŞ;KARATAŞ KÜME EVLER;sokak;721029
SİVAS;ZARA;GÖHERTAŞ NA;GÖHERTAŞ KÜME EVLER;sokak;80981
SİVAS;ZARA;GÖKTEPE NA;GÖKTEPE KÜME EVLER;sokak;685464
SİVAS;ZARA;GÖLBAŞI - KARAÇAM;KARAÇAM KÜME EVLER;sokak;672028
SİVAS;ZARA;GÖLBAŞI NA;GÖLBAŞI KÜME EVLER;sokak;667834
SİVAS;ZARA;GÜLLÜALİ NA;GÜLLÜALİ KÜME EVLER;sokak;680368
SİVAS;ZARA;GÜMÜŞÇEVRE - AYLAYÜZ;AYLAYÜZ KÜME EVLER;sokak;709546
SİVAS;ZARA;GÜMÜŞÇEVRE - ÇATAK;ÇATAK KÜME EVLER;sokak;710227
SİVAS;ZARA;GÜMÜŞÇEVRE - GÜNÇALDI;GÜNÇALDI KÜME EVLER;sokak;713918
SİVAS;ZARA;GÜMÜŞÇEVRE - KARAKAYA;KARAKAYA KÜME EVLER;sokak;710745
SİVAS;ZARA;GÜMÜŞÇEVRE - KARAKUŞ;KARAKUŞ KÜME EVLER;sokak;718007
SİVAS;ZARA;GÜMÜŞÇEVRE - ÜÇARMUT;ÜÇARMUT KÜME EVLER;sokak;80927
SİVAS;ZARA;GÜMÜŞÇEVRE - YANIK;YANIK KÜME EVLER;sokak;709455
SİVAS;ZARA;GÜMÜŞÇEVRE - YANYAYLA;YANYAYLA KÜME EVLER;sokak;709452
SİVAS;ZARA;GÜMÜŞÇEVRE NA;GÜMÜŞÇEVRE KÜME EVLER;sokak;709467
SİVAS;ZARA;HATİP;AHMET YESEVİ SOKAK;sokak;730915
SİVAS;ZARA;HATİP;AKÇİN SOKAK;sokak;321937
SİVAS;ZARA;HATİP;AKTEPE SOKAK;sokak;321936
SİVAS;ZARA;HATİP;COŞKUNALP SOKAK;sokak;321938
SİVAS;ZARA;HATİP;ÇENGÜRE KÜME EVLER;sokak;321947
SİVAS;ZARA;HATİP;ER SOKAK;sokak;321939
SİVAS;ZARA;HATİP;HATİP YENİYOL 4 SOKAK;sokak;909189390
SİVAS;ZARA;HATİP;HATİP/1 SOKAK;sokak;883058670
SİVAS;ZARA;HATİP;HATİP/2 SOKAK;sokak;513028340
SİVAS;ZARA;HATİP;HATİP/3 SOKAK;sokak;602831810
SİVAS;ZARA;HATİP;HATİP/5 SOKAK;sokak;100789210
SİVAS;ZARA;HATİP;HATİP/9 SOKAK;sokak;229331620
SİVAS;ZARA;HATİP;İSMET PAŞA CADDE;cadde;465394
SİVAS;ZARA;HATİP;KALKAN ÇİFTLİĞİ KÜME EVLER;sokak;321941
SİVAS;ZARA;HATİP;MUSLU AĞILI KÜME EVLER;sokak;321942
SİVAS;ZARA;HATİP;MUSTAFABEY KÜME EVLER;sokak;321943
SİVAS;ZARA;HATİP;SARI IŞIK KÜME EVLER;sokak;321944
SİVAS;ZARA;HATİP;TERZİ AHMET OKUR SOKAK;sokak;926495651
SİVAS;ZARA;HATİP;TÜRKOĞLU SOKAK;sokak;321945
SİVAS;ZARA;HATİP;YILDIRIM SOKAK;sokak;321946
SİVAS;ZARA;HATİP;YILDIRIM-1 SOKAK;sokak;918198
SİVAS;ZARA;HATİP;ZARA DİVRİĞİ BULVAR;sokak;922124060
SİVAS;ZARA;ILICA - EPSİLEYURDU;EPSİLEYURDU KÜME EVLER;sokak;691766
SİVAS;ZARA;ILICA - KARAÇAMURLUK;KARAÇAMURLUK KÜME EVLER;sokak;122164
SİVAS;ZARA;ILICA - KAZIKLIÇAYIR;KAZIKLIÇAYIR KÜME EVLER;sokak;682809
SİVAS;ZARA;ILICA - KÜTÜKLÜ;KÜTÜKLÜ KÜME EVLER;sokak;681337
SİVAS;ZARA;ILICA - TAŞYAYLA;TAŞYAYLA KÜME EVLER;sokak;687042
SİVAS;ZARA;ILICA - ULAŞOĞLU;ULAŞOĞLU KÜME EVLER;sokak;691324
SİVAS;ZARA;ILICA - URMUTLUYURT;URMUTLUYURT KÜME EVLER;sokak;687486
SİVAS;ZARA;ILICA - YOLARASI;YOLARASI KÜME EVLER;sokak;251797
SİVAS;ZARA;ILICA NA;ILICA KÜME EVLER;sokak;687097
SİVAS;ZARA;İĞDELİ - AŞAĞI;AŞAĞI KÜME EVLER;sokak;676466
SİVAS;ZARA;İĞDELİ - YUKARI;YUKARI KÜME EVLER;sokak;674118
SİVAS;ZARA;İĞDİR - AKKOGİL;AKKOGİL KÜME EVLER;sokak;636517
SİVAS;ZARA;İĞDİR - ALİPINAR;ALİPINAR KÜME EVLER;sokak;633894
SİVAS;ZARA;İĞDİR - HORUNDERE;HORUNDERE KÜME EVLER;sokak;982988
SİVAS;ZARA;İĞDİR - SAÇLI;SAÇLI MEZRASI KÜME EVLER;sokak;634817
SİVAS;ZARA;İĞDİR NA;İĞDİR KÜME EVLER;sokak;632147
SİVAS;ZARA;İKİDEĞİRMEN - SÖĞÜTBELİ;SÖĞÜT BELİ KÜME EVLER;sokak;910524
SİVAS;ZARA;İKİDEĞİRMEN NA;İKİDEĞİRMEN KÜME EVLER;sokak;674522
SİVAS;ZARA;KABAKTEPELER NA;KABAKTEPELERR KÜME EVLER;sokak;675965
SİVAS;ZARA;KADRİYE NA;KADRİYE KÜME EVLER;sokak;671237
SİVAS;ZARA;KANLIÇAYIR NA;KANLIÇAYIR KÜME EVLER;sokak;330943
SİVAS;ZARA;KAPLAN - AKMAŞAD;AKMAŞAD KÜME EVLER;sokak;708354
SİVAS;ZARA;KAPLAN - ÇOTUKLAR;ÇOTUKLAR KÜME EVLER;sokak;708193
SİVAS;ZARA;KAPLAN - DELİKTAŞ;DELİKTAŞ KÜME EVLER;sokak;708353
SİVAS;ZARA;KAPLAN - DEREKÖY;DEREKÖY KÜME EVLER;sokak;306516
SİVAS;ZARA;KAPLAN - KÖPRÜBAŞI;KÖPRÜBAŞI KÜME EVLER;sokak;717870
SİVAS;ZARA;KAPLAN - KÖRPINAR;KÖRPINAR KÜME EVLER;sokak;708352
SİVAS;ZARA;KAPLAN - ÖMERİNYURDU;ÖMERİN YURDU KÜME EVLER;sokak;707988
SİVAS;ZARA;KAPLAN - YESALİ;YESALİ KÜME EVLER;sokak;707973
SİVAS;ZARA;KAPLAN NA;KAPLAN KÜME EVLER;sokak;715038
SİVAS;ZARA;KARACAHİSAR - ÇIRIKLI;ÇIRIKLI KÜME EVLER;sokak;724099
SİVAS;ZARA;KARACAHİSAR - DEREKÖY;DEREKÖY KÜME EVLER;sokak;715255
SİVAS;ZARA;KARACAHİSAR - ELMABELİ;ELMABELİ KÜME EVLER;sokak;718856
SİVAS;ZARA;KARACAHİSAR - KARAGÖZ;KARAGÖZ KÜME EVLER;sokak;715265
SİVAS;ZARA;KARACAHİSAR - KIZILTARLA;- KÖY SOKAĞI;sokak;718855
SİVAS;ZARA;KARACAHİSAR - SUGÖZÜ;SU GÖZÜ KÜME EVLER;sokak;715263
SİVAS;ZARA;KARACAHİSAR - YANALAK;YANALAK KÜME EVLER;sokak;718854
SİVAS;ZARA;KARACAHİSAR NA;AKÖREN KÜME EVLER;sokak;527129990
SİVAS;ZARA;KARACAHİSAR NA;KARACAHİSAR KÜME EVLER;sokak;715266
SİVAS;ZARA;KARAÇAYIR - KIZILDERE;KIZILDERE KÜME EVLER;sokak;671241
SİVAS;ZARA;KARAÇAYIR NA;KARAÇAYIR KÜME EVLER;sokak;670258
SİVAS;ZARA;KARAHASAN NA;KARAHASAN KÜME EVLER;sokak;632608
SİVAS;ZARA;KARAMAN - ŞAHİN;ŞAHİN KÜME EVLER;sokak;700603
SİVAS;ZARA;KARAMAN - YEŞİLDERE;YEŞİLDERE KÜME EVLER;sokak;700747
SİVAS;ZARA;KARAMAN - YILDIZ;YILDIZ KÜME EVLER;sokak;700746
SİVAS;ZARA;KARAMAN NA;KARAMAN KÜME EVLER;sokak;695741
SİVAS;ZARA;KARDERE - ARMUTLU;ARMUTLU KÜME EVLER;sokak;637765
SİVAS;ZARA;KARDERE - HAMO TUZLASI;HAMO TUZLASI KÜME EVLER;sokak;638210
SİVAS;ZARA;KARDERE - HASAĞIL;HASAĞIL KÜME EVLER;sokak;638203
SİVAS;ZARA;KARDERE NA;KARDERE KÜME EVLER;sokak;633861
SİVAS;ZARA;KARSLILAR - KOÇ;KOÇ KÜME EVLER;sokak;679695
SİVAS;ZARA;KARSLILAR - KOVALOĞLU;KOVALOĞLU KÜME EVLER;sokak;676299
SİVAS;ZARA;KARSLILAR - NUZLA;NUZLA KÜME EVLER;sokak;679696
SİVAS;ZARA;KARSLILAR - VEYSELAĞA;VEYSELAĞA KÜME EVLER;sokak;675209
SİVAS;ZARA;KARSLILAR NA;KARSLILAR KÜME EVLER;sokak;674287
SİVAS;ZARA;KARŞIYAKA;189 SOKAK;sokak;913646
SİVAS;ZARA;KARŞIYAKA;191 SOKAK;sokak;913648
SİVAS;ZARA;KARŞIYAKA;194 SOKAK;sokak;913653
SİVAS;ZARA;KARŞIYAKA;195 SOKAK;sokak;913655
SİVAS;ZARA;KARŞIYAKA;198 SOKAK;sokak;913658
SİVAS;ZARA;KARŞIYAKA;205 SOKAK;sokak;913787
SİVAS;ZARA;KARŞIYAKA;206 SOKAK;sokak;913667
SİVAS;ZARA;KARŞIYAKA;207 SOKAK;sokak;913668
SİVAS;ZARA;KARŞIYAKA;208 SOKAK;sokak;913669
SİVAS;ZARA;KARŞIYAKA;209 SOKAK;sokak;913670
SİVAS;ZARA;KARŞIYAKA;210 SOKAK;sokak;913671
SİVAS;ZARA;KARŞIYAKA;212 SOKAK;sokak;913673
SİVAS;ZARA;KARŞIYAKA;213 SOKAK;sokak;913674
SİVAS;ZARA;KARŞIYAKA;215 SOKAK;sokak;913676
SİVAS;ZARA;KARŞIYAKA;217 SOKAK;sokak;913680
SİVAS;ZARA;KARŞIYAKA;218 SOKAK;sokak;913681
SİVAS;ZARA;KARŞIYAKA;230 SOKAK;sokak;1527379
SİVAS;ZARA;KARŞIYAKA;231 SOKAK;sokak;913695
SİVAS;ZARA;KARŞIYAKA;232 SOKAK;sokak;913696
SİVAS;ZARA;KARŞIYAKA;237 SOKAK;sokak;913705
SİVAS;ZARA;KARŞIYAKA;238 SOKAK;sokak;913706
SİVAS;ZARA;KARŞIYAKA;239 SOKAK;sokak;913707
SİVAS;ZARA;KARŞIYAKA;240 SOKAK;sokak;913708
SİVAS;ZARA;KARŞIYAKA;241 SOKAK;sokak;913709
SİVAS;ZARA;KARŞIYAKA;242 SOKAK;sokak;913710
SİVAS;ZARA;KARŞIYAKA;243 SOKAK;sokak;913711
SİVAS;ZARA;KARŞIYAKA;244 SOKAK;sokak;913712
SİVAS;ZARA;KARŞIYAKA;249 SOKAK;sokak;913717
SİVAS;ZARA;KARŞIYAKA;253 SOKAK;sokak;913721
SİVAS;ZARA;KARŞIYAKA;254 SOKAK;sokak;913722
SİVAS;ZARA;KARŞIYAKA;255 SOKAK;sokak;913723
SİVAS;ZARA;KARŞIYAKA;257 SOKAK;sokak;913725
SİVAS;ZARA;KARŞIYAKA;258 SOKAK;sokak;913726
SİVAS;ZARA;KARŞIYAKA;264 SOKAK;sokak;913732
SİVAS;ZARA;KARŞIYAKA;265 SOKAK;sokak;913733
SİVAS;ZARA;KARŞIYAKA;268 SOKAK;sokak;913736
SİVAS;ZARA;KARŞIYAKA;268_1 SOKAK;sokak;208712570
SİVAS;ZARA;KARŞIYAKA;276 SOKAK;sokak;913789
SİVAS;ZARA;KARŞIYAKA;276/1 SOKAK;sokak;663408520
SİVAS;ZARA;KARŞIYAKA;280 SOKAK;sokak;913790
SİVAS;ZARA;KARŞIYAKA;290 SOKAK;sokak;913762
SİVAS;ZARA;KARŞIYAKA;291 SOKAK;sokak;913763
SİVAS;ZARA;KARŞIYAKA;292 SOKAK;sokak;913764
SİVAS;ZARA;KARŞIYAKA;305 SOKAK;sokak;913779
SİVAS;ZARA;KARŞIYAKA;306 SOKAK;sokak;913793
SİVAS;ZARA;KARŞIYAKA;AHMET HAMDİ MAHMUTOĞLU CADDE;cadde;913731
SİVAS;ZARA;KARŞIYAKA;AKKOYUN SOKAK;sokak;851785
SİVAS;ZARA;KARŞIYAKA;ALTINŞEHİR CADDE;cadde;1427115
SİVAS;ZARA;KARŞIYAKA;ASAF CANTÜRK SOKAK;sokak;914033
SİVAS;ZARA;KARŞIYAKA;ASMALI SOKAK;sokak;710695791
SİVAS;ZARA;KARŞIYAKA;ATMACA SOKAK;sokak;736722
SİVAS;ZARA;KARŞIYAKA;BAHÇE_1 SOKAK;sokak;737198
SİVAS;ZARA;KARŞIYAKA;BAŞAK SOKAK;sokak;1521913
SİVAS;ZARA;KARŞIYAKA;BEKTAŞ SOKAK;sokak;851784
SİVAS;ZARA;KARŞIYAKA;BOZTÜRK SOKAK;sokak;851789
SİVAS;ZARA;KARŞIYAKA;CAN SOKAK;sokak;851766
SİVAS;ZARA;KARŞIYAKA;CANDAN SOKAK;sokak;110285781
SİVAS;ZARA;KARŞIYAKA;CUMHURİYET CADDE;cadde;748066541
SİVAS;ZARA;KARŞIYAKA;ÇAMLICA CADDE;cadde;1513681
SİVAS;ZARA;KARŞIYAKA;ÇAYGÖZ AĞILI KÜME EVLER;sokak;515091490
SİVAS;ZARA;KARŞIYAKA;ÇİMEN SOKAK;sokak;851783
SİVAS;ZARA;KARŞIYAKA;DEVA SOKAK;sokak;350573141
SİVAS;ZARA;KARŞIYAKA;DUMAN SOKAK;sokak;101278921
SİVAS;ZARA;KARŞIYAKA;ECE SOKAK;sokak;851762
SİVAS;ZARA;KARŞIYAKA;EMEK CADDE;cadde;1131216
SİVAS;ZARA;KARŞIYAKA;ESENLER SOKAK;sokak;737184
SİVAS;ZARA;KARŞIYAKA;ESENYURT SOKAK;sokak;1518111
SİVAS;ZARA;KARŞIYAKA;FETİ ARAS CADDE;cadde;914028
SİVAS;ZARA;KARŞIYAKA;GAZİPAŞA CADDE;cadde;492078061
SİVAS;ZARA;KARŞIYAKA;GELİNCİK SOKAK;sokak;1135697
SİVAS;ZARA;KARŞIYAKA;GURBET SOKAK;sokak;620672281
SİVAS;ZARA;KARŞIYAKA;GÜL SOKAK;sokak;359295
SİVAS;ZARA;KARŞIYAKA;GÜLER SOKAK;sokak;736725
SİVAS;ZARA;KARŞIYAKA;GÜLPINAR SOKAK;sokak;851786
SİVAS;ZARA;KARŞIYAKA;GÜNGÖREN SOKAK;sokak;932280471
SİVAS;ZARA;KARŞIYAKA;GÜVEN SOKAK;sokak;851764
SİVAS;ZARA;KARŞIYAKA;HAMAL İBO SOKAK;sokak;736288
SİVAS;ZARA;KARŞIYAKA;HAMDİ EFENDİ AĞILI KÜME EVLER;sokak;465395
SİVAS;ZARA;KARŞIYAKA;HAMDİ EFENDİ CADDE;cadde;208430
SİVAS;ZARA;KARŞIYAKA;HARMAN SOKAK;sokak;1325569
SİVAS;ZARA;KARŞIYAKA;HASRET SOKAK;sokak;196502251
SİVAS;ZARA;KARŞIYAKA;HEBOLAR SOKAK;sokak;734087
SİVAS;ZARA;KARŞIYAKA;HIZIR SOKAK;sokak;1434481
SİVAS;ZARA;KARŞIYAKA;HUZUR SOKAK;sokak;851765
SİVAS;ZARA;KARŞIYAKA;İMDAT SOKAK;sokak;735092
SİVAS;ZARA;KARŞIYAKA;KAÇAK SOKAK;sokak;729828
SİVAS;ZARA;KARŞIYAKA;KANARYA SOKAK;sokak;733311
SİVAS;ZARA;KARŞIYAKA;KARADAĞ SOKAK;sokak;735089
SİVAS;ZARA;KARŞIYAKA;KARANFİL SOKAK;sokak;359268
SİVAS;ZARA;KARŞIYAKA;KARŞIYAKA İMAR 1 SOKAK;sokak;778428470
SİVAS;ZARA;KARŞIYAKA;KARŞIYAKA İMAR 2 SOKAK;sokak;336053950
SİVAS;ZARA;KARŞIYAKA;KARŞIYAKA SOKAK;sokak;442346720
SİVAS;ZARA;KARŞIYAKA;KARŞIYAKA YENİ 16 SOKAK;sokak;635157040
SİVAS;ZARA;KARŞIYAKA;KARŞIYAKA YENİ 19 SOKAK;sokak;279621820
SİVAS;ZARA;KARŞIYAKA;KARŞIYAKA YENİ 22 SOKAK;sokak;142545360
SİVAS;ZARA;KARŞIYAKA;KARŞIYAKA YENİ 26 SOKAK;sokak;979557770
SİVAS;ZARA;KARŞIYAKA;KARŞIYAKA YENİ 3 SOKAK;sokak;668230710
SİVAS;ZARA;KARŞIYAKA;KARŞIYAKA YENİ 36 SOKAK;sokak;475747770
SİVAS;ZARA;KARŞIYAKA;KARŞIYAKA YENİ 38 SOKAK;sokak;962818860
SİVAS;ZARA;KARŞIYAKA;KARŞIYAKA YENİ 4 SOKAK;sokak;688287970
SİVAS;ZARA;KARŞIYAKA;KARŞIYAKA YENİ 41 SOKAK;sokak;982901660
SİVAS;ZARA;KARŞIYAKA;KARŞIYAKA YENİ 6 SOKAK;sokak;999377320
SİVAS;ZARA;KARŞIYAKA;KARŞIYAKA YENİ 7 SOKAK;sokak;424959370
SİVAS;ZARA;KARŞIYAKA;KATIKCILAR KÜME EVLER;sokak;110593180
SİVAS;ZARA;KARŞIYAKA;KEBEN SOKAK;sokak;359266
SİVAS;ZARA;KARŞIYAKA;KURTARANGİL SOKAK;sokak;851761
SİVAS;ZARA;KARŞIYAKA;LALE SOKAK;sokak;359265
SİVAS;ZARA;KARŞIYAKA;MEDAR SOKAK;sokak;359264
SİVAS;ZARA;KARŞIYAKA;MEHMET AKİF ERSOY CADDE;cadde;203151
SİVAS;ZARA;KARŞIYAKA;MEHMET AKİF ERSOY/1 SOKAK;sokak;207190270
SİVAS;ZARA;KARŞIYAKA;MEHMET HABİP SOLUK CADDE;cadde;914026
SİVAS;ZARA;KARŞIYAKA;MEHMET VEFA CANTÜRK SOKAK;sokak;914031
SİVAS;ZARA;KARŞIYAKA;MUSLU ÇİFTLİĞİ_1 KÜME EVLER;sokak;850729
SİVAS;ZARA;KARŞIYAKA;MUSTAFA BEY ÇİFTLİĞİ KÜME EVLER;sokak;132748240
SİVAS;ZARA;KARŞIYAKA;MUTLU SOKAK;sokak;851788
SİVAS;ZARA;KARŞIYAKA;NEFES AĞILI KÜME EVLER;sokak;671366140
SİVAS;ZARA;KARŞIYAKA;NENE HATUN SOKAK;sokak;851791
SİVAS;ZARA;KARŞIYAKA;NEVRUZ SOKAK;sokak;202707
SİVAS;ZARA;KARŞIYAKA;NUH EFENDİ CADDE;cadde;914027
SİVAS;ZARA;KARŞIYAKA;ÖMÜR SOKAK;sokak;1511991
SİVAS;ZARA;KARŞIYAKA;ÖZENLER SOKAK;sokak;736287
SİVAS;ZARA;KARŞIYAKA;SALKIM SOKAK;sokak;1120827
SİVAS;ZARA;KARŞIYAKA;SARTAKLI KÜME EVLER;sokak;1507671
SİVAS;ZARA;KARŞIYAKA;SEYFETTİN CANTÜRK SOKAK;sokak;622536950
SİVAS;ZARA;KARŞIYAKA;SITKI CANTÜRK CADDE;cadde;920806
SİVAS;ZARA;KARŞIYAKA;SİVAS-ERZİNCAN BULVAR;sokak;110429000
SİVAS;ZARA;KARŞIYAKA;SÖĞÜT SOKAK;sokak;1327937
SİVAS;ZARA;KARŞIYAKA;SUSAM SOKAK;sokak;990903751
SİVAS;ZARA;KARŞIYAKA;SÜRMELI SOKAK;sokak;621818471
SİVAS;ZARA;KARŞIYAKA;ŞAHİN SOKAK;sokak;418557
SİVAS;ZARA;KARŞIYAKA;ŞENOL SOKAK;sokak;733025
SİVAS;ZARA;KARŞIYAKA;ŞENOL/1 SOKAK;sokak;461852860
SİVAS;ZARA;KARŞIYAKA;ŞİMŞEK SOKAK;sokak;851792
SİVAS;ZARA;KARŞIYAKA;TAŞLIK SOKAK;sokak;1521195
SİVAS;ZARA;KARŞIYAKA;TEKERCİLER SOKAK;sokak;517830170
SİVAS;ZARA;KARŞIYAKA;TEKKE YOLU CADDE;cadde;130105
SİVAS;ZARA;KARŞIYAKA;TEPECİK SOKAK;sokak;1513679
SİVAS;ZARA;KARŞIYAKA;UYSAL SOKAK;sokak;851787
SİVAS;ZARA;KARŞIYAKA;VARİNLİ_1 CADDE;cadde;321951
SİVAS;ZARA;KARŞIYAKA;VUSLAT SOKAK;sokak;259163391
SİVAS;ZARA;KARŞIYAKA;YAKAMOZ SOKAK;sokak;988380631
SİVAS;ZARA;KARŞIYAKA;YAŞAM CADDE;cadde;921009321
SİVAS;ZARA;KARŞIYAKA;YİĞİT SOKAK;sokak;733673
SİVAS;ZARA;KARŞIYAKA;ZAMBAK SOKAK;sokak;1120831
SİVAS;ZARA;KARŞIYAKA;ZÜHTÜ CANTÜRK SOKAK;sokak;914030
SİVAS;ZARA;KAVASBAŞI NA;KAVASBAŞI KÜME EVLER;sokak;676110
SİVAS;ZARA;KAYABAŞI NA;CELEP ÇİFTLİĞİ SOKAK;sokak;630371
SİVAS;ZARA;KAYABAŞI NA;ÇEVİRME SOKAK;sokak;465418
SİVAS;ZARA;KAYABAŞI NA;NEVRUZ SOKAK;sokak;322000
SİVAS;ZARA;KAYABAŞI NA;POLAT SOKAK;sokak;465417
SİVAS;ZARA;KAYABAŞI NA;VALİ BEKİR AKSOY SOKAK;sokak;322001
SİVAS;ZARA;KAYABAŞI NA;YILDIZ SOKAK;sokak;322002
SİVAS;ZARA;KAYABAŞI NA;YILMAZ SOKAK;sokak;322003
SİVAS;ZARA;KAYADİBİ NA;KAYADİBİ KÜME EVLER;sokak;689014
SİVAS;ZARA;KAYILIKAYA NA;KAYLUKAYA KÜME EVLER;sokak;637635
SİVAS;ZARA;KEÇEYURDU NA;ÇİÇEK SOKAK;sokak;649346
SİVAS;ZARA;KEÇEYURDU NA;GÜL SOKAK;sokak;652279
SİVAS;ZARA;KEÇEYURDU NA;KADIOĞLU SOKAK;sokak;343258
SİVAS;ZARA;KEÇEYURDU NA;KARANFİL SOKAK;sokak;646230
SİVAS;ZARA;KEÇEYURDU NA;ZÜLALOĞLU SOKAK;sokak;642870
SİVAS;ZARA;KELHASAN NA;KELHASAN KÜME EVLER;sokak;173883
SİVAS;ZARA;KEVENLİ - YUKARI KEVENLİ;YUKARI KEVENLİ KÜME EVLER;sokak;672294
SİVAS;ZARA;KEVENLİ NA;KEVENLİ KÜME EVLER;sokak;672293
SİVAS;ZARA;KISIK NA;KISIK KÜME EVLER;sokak;668567
SİVAS;ZARA;KIZIK - GÖLYAYLA;GÖLYAYLA KÜME EVLER;sokak;710218
SİVAS;ZARA;KIZIK NA;KIZIK KÜME EVLER;sokak;715013
SİVAS;ZARA;KIZILIRMAK;ABDÜLMUTTALİP GÖKÇE CADDE;cadde;321952
SİVAS;ZARA;KIZILIRMAK;ADLİYE SOKAK;sokak;266966
SİVAS;ZARA;KIZILIRMAK;AHMET ÇUHADAROĞLU CADDE;cadde;736845
SİVAS;ZARA;KIZILIRMAK;AKASYA SOKAK;sokak;703504
SİVAS;ZARA;KIZILIRMAK;ARKA SOKAK;sokak;1367265
SİVAS;ZARA;KIZILIRMAK;ATATÜRK CADDE;cadde;520596
SİVAS;ZARA;KIZILIRMAK;AYDINLAR CADDE;cadde;321953
SİVAS;ZARA;KIZILIRMAK;BAŞ SOKAK;sokak;321954
SİVAS;ZARA;KIZILIRMAK;ÇAMCILAR SOKAK;sokak;465399
SİVAS;ZARA;KIZILIRMAK;ÇARŞI İÇİ MEYDAN;sokak;330865
SİVAS;ZARA;KIZILIRMAK;EMNİYET SOKAK;sokak;322483
SİVAS;ZARA;KIZILIRMAK;ERKANLAR SOKAK;sokak;710747
SİVAS;ZARA;KIZILIRMAK;FATİH SOKAK;sokak;710624
SİVAS;ZARA;KIZILIRMAK;GAMSIZLAR SOKAK;sokak;465396
SİVAS;ZARA;KIZILIRMAK;GÖKALP ÇIKMAZ SOKAK;sokak;465397
SİVAS;ZARA;KIZILIRMAK;HALÜZERİ MEYDAN;sokak;321956
SİVAS;ZARA;KIZILIRMAK;İSMET PAŞA CADDE;cadde;321962
SİVAS;ZARA;KIZILIRMAK;KIZILIRMAK YENİYOL2 SOKAK;sokak;673175370
SİVAS;ZARA;KIZILIRMAK;KIZILIRMAK YENİYOL4 SOKAK;sokak;262236930
SİVAS;ZARA;KIZILIRMAK;KIZILIRMAK YENİYOL5 SOKAK;sokak;499599350
SİVAS;ZARA;KIZILIRMAK;KIZILIRMAK YENİYOL6 SOKAK;sokak;923109860
SİVAS;ZARA;KIZILIRMAK;KIZILIRMAK YENİYOL8 SOKAK;sokak;408349700
SİVAS;ZARA;KIZILIRMAK;KIZILIRMAK YENİYOL9 SOKAK;sokak;970377660
SİVAS;ZARA;KIZILIRMAK;MAMALI SOKAK;sokak;321957
SİVAS;ZARA;KIZILIRMAK;MEHMET HABİP SOLUK CADDE;cadde;928737
SİVAS;ZARA;KIZILIRMAK;OĞUZHANLAR SOKAK;sokak;225529
SİVAS;ZARA;KIZILIRMAK;OKÇUOĞLU SOKAK;sokak;707560
SİVAS;ZARA;KIZILIRMAK;ÖMER ÇAYGÖZ SOKAK;sokak;321955
SİVAS;ZARA;KIZILIRMAK;REŞİT PAŞA CADDE;cadde;321958
SİVAS;ZARA;KIZILIRMAK;RÜŞTÜYE HOCASI ÇIKMAZI SOKAK;sokak;321959
SİVAS;ZARA;KIZILIRMAK;RÜŞTÜYE HOCASI SOKAK;sokak;465398
SİVAS;ZARA;KIZILIRMAK;SARMAŞIK SOKAK;sokak;107963991
SİVAS;ZARA;KIZILIRMAK;VARİNLİ CADDE;cadde;321960
SİVAS;ZARA;KIZILIRMAK;VEYSEL DURSUN CADDE;cadde;321961
SİVAS;ZARA;KIZILKALE - TOPDORUK;TOPDORUK KÜME EVLER;sokak;283136
SİVAS;ZARA;KIZILKALE NA;KIZILKALE KÜME EVLER;sokak;699645
SİVAS;ZARA;KORKUT - AĞILÖNÜ;AĞILÖNÜ KÜME EVLER;sokak;707584
SİVAS;ZARA;KORKUT - AYANOĞLU;AYANOĞLU KÜME EVLER;sokak;702731
SİVAS;ZARA;KORKUT - BOZOK;BOZOK KÜME EVLER;sokak;701188
SİVAS;ZARA;KORKUT - DİKİLİTAŞ;DİKİLİTAŞ KÜME EVLER;sokak;703745
SİVAS;ZARA;KORKUT - KIRDAĞ;KIRDAĞ KÜME EVLER;sokak;91762
SİVAS;ZARA;KORKUT - KOÇÇUKURU;KOÇÇUKURU KÜME EVLER;sokak;91794
SİVAS;ZARA;KORKUT - SIRIMLI;SIRIMLI KÜME EVLER;sokak;703333
SİVAS;ZARA;KORKUT - TUZLA;TUZLA KÜME EVLER;sokak;702690
SİVAS;ZARA;KORKUT - UZUNOĞLAN;UZUNOĞLAN KÜME EVLER;sokak;711090
SİVAS;ZARA;KORKUT NA;KORKUT KÜME EVLER;sokak;447737
SİVAS;ZARA;KÖRPINAR NA;KÖRPINAR KÜME EVLER;sokak;637323
SİVAS;ZARA;KUMOĞLU NA;KUMOĞLU KÜME EVLER;sokak;121084
SİVAS;ZARA;KURUCAABAT NA;KURUCAABAT KÜME EVLER;sokak;705490
SİVAS;ZARA;KURUKÖPRÜ NA;KURUKÖPRÜ KÜME EVLER;sokak;677221
SİVAS;ZARA;KUŞÇU NA;KUŞCU KÜME EVLER;sokak;615623
SİVAS;ZARA;KÜMBET NA;KÜMBET KÜME EVLER;sokak;404824
SİVAS;ZARA;KÜRÜNLÜ - AŞAĞIKÜRÜNLÜ;AŞAĞIKÜRÜNLÜ KÜME EVLER;sokak;591840
SİVAS;ZARA;KÜRÜNLÜ - KASAPOĞLU;KASAPOĞLU KÜME EVLER;sokak;598368
SİVAS;ZARA;KÜRÜNLÜ - MESTANLAR;MESTANLAR KÜME EVLER;sokak;591860
SİVAS;ZARA;KÜRÜNLÜ - TAHİRAĞA;TAHİRAĞA KÜME EVLER;sokak;591829
SİVAS;ZARA;KÜRÜNLÜ NA;KIRKGÖZ AĞILI (ALAÇIK) KÜME EVLER;sokak;321976
SİVAS;ZARA;KÜRÜNLÜ NA;KÜRÜNLÜ KÜME EVLER;sokak;607599
SİVAS;ZARA;MAHMUTAĞAÇİFTLİĞİ - CANBERKLİ;CANBERKLİ KÜME EVLER;sokak;304963
SİVAS;ZARA;MAHMUTAĞAÇİFTLİĞİ NA;MAHMUTAĞAÇİFTLİĞİ KÜME EVLER;sokak;687558
SİVAS;ZARA;MÜSLÜMABAT - ALİBAZAĞILI;ALİBAZAĞILI KÜME EVLER;sokak;625105
SİVAS;ZARA;MÜSLÜMABAT - HASANAĞILI;HASANAĞILI KÜME EVLER;sokak;623519
SİVAS;ZARA;MÜSLÜMABAT - TEKKEBUYU (HAYDOS);TEKKEBUYU HAYDOS KÜME EVLER;sokak;956368
SİVAS;ZARA;MÜSLÜMABAT - YAYLA;YAYLA KÜME EVLER;sokak;319798
SİVAS;ZARA;MÜSLÜMABAT NA;MÜSLÜMABAT KÜME EVLER;sokak;616295
SİVAS;ZARA;NASIRKÖY - ÇAYKÖY;ÇAYKÖY KÜME EVLER;sokak;476840
SİVAS;ZARA;NASIRKÖY - ÇEKEMLER;ÇEKEM SOKAK;sokak;162518861
SİVAS;ZARA;NASIRKÖY - DERENİN AĞILLARI;DERENİN AĞILLARI KÜME EVLER;sokak;476845
SİVAS;ZARA;NASIRKÖY - ESENYURT;KÖTÜKÖY KÜME EVLER;sokak;660123
SİVAS;ZARA;NASIRKÖY - ORTAYURT;ORTAYURT KÜME EVLER;sokak;115695
SİVAS;ZARA;NASIRKÖY NA;NASIR KÜME EVLER;sokak;441114
SİVAS;ZARA;OSMANİYE NA;OSMANİYE KÜME EVLER;sokak;608044
SİVAS;ZARA;PAZARBELENİ NA;PAZARBELENİ KÜME EVLER;sokak;691468
SİVAS;ZARA;PAZARCIK - KELOŞ;KELOŞ KÜME EVLER;sokak;464708
SİVAS;ZARA;PAZARCIK NA;PAZARCIK KÜME EVLER;sokak;366165
SİVAS;ZARA;REŞİTPAŞA;101 SOKAK;sokak;913872
SİVAS;ZARA;REŞİTPAŞA;102 SOKAK;sokak;913873
SİVAS;ZARA;REŞİTPAŞA;103 SOKAK;sokak;913875
SİVAS;ZARA;REŞİTPAŞA;104 SOKAK;sokak;913877
SİVAS;ZARA;REŞİTPAŞA;105 SOKAK;sokak;913878
SİVAS;ZARA;REŞİTPAŞA;106 SOKAK;sokak;913879
SİVAS;ZARA;REŞİTPAŞA;107 SOKAK;sokak;913880
SİVAS;ZARA;REŞİTPAŞA;108 SOKAK;sokak;913881
SİVAS;ZARA;REŞİTPAŞA;82 SOKAK;sokak;970544800
SİVAS;ZARA;REŞİTPAŞA;84 SOKAK;sokak;1493881
SİVAS;ZARA;REŞİTPAŞA;85 SOKAK;sokak;1518133
SİVAS;ZARA;REŞİTPAŞA;87 SOKAK;sokak;744356110
SİVAS;ZARA;REŞİTPAŞA;88 SOKAK;sokak;485352310
SİVAS;ZARA;REŞİTPAŞA;90 SOKAK;sokak;1517861
SİVAS;ZARA;REŞİTPAŞA;91 SOKAK;sokak;580917520
SİVAS;ZARA;REŞİTPAŞA;92 SOKAK;sokak;570922640
SİVAS;ZARA;REŞİTPAŞA;93 SOKAK;sokak;401951250
SİVAS;ZARA;REŞİTPAŞA;ALPARSLAN ÖNDER CADDE;cadde;722629
SİVAS;ZARA;REŞİTPAŞA;ALTAN SOKAK;sokak;317911
SİVAS;ZARA;REŞİTPAŞA;AYDIN CADDE;cadde;321963
SİVAS;ZARA;REŞİTPAŞA;AYDINLAR -1 SOKAK;sokak;892630
SİVAS;ZARA;REŞİTPAŞA;AYDINLAR CADDE;cadde;465400
SİVAS;ZARA;REŞİTPAŞA;AYVAZLAR SOKAK;sokak;66832
SİVAS;ZARA;REŞİTPAŞA;BELDE SOKAK;sokak;1447203
SİVAS;ZARA;REŞİTPAŞA;BOZALİOĞLU CADDE;cadde;928665
SİVAS;ZARA;REŞİTPAŞA;BURAK SOKAK;sokak;722784
SİVAS;ZARA;REŞİTPAŞA;CANTÜRK SOKAK;sokak;473317
SİVAS;ZARA;REŞİTPAŞA;ÇAMLI CADDE;cadde;113028330
SİVAS;ZARA;REŞİTPAŞA;DİSPANSER SOKAK;sokak;321964
SİVAS;ZARA;REŞİTPAŞA;DUYMAZ SOKAK;sokak;726210
SİVAS;ZARA;REŞİTPAŞA;EKİCİLER SOKAK;sokak;163733831
SİVAS;ZARA;REŞİTPAŞA;GAMSIZLAR SOKAK;sokak;465401
SİVAS;ZARA;REŞİTPAŞA;GAZİ MUSTAFA KEMAL CADDE;cadde;145705351
SİVAS;ZARA;REŞİTPAŞA;GÖKKUŞLAR SOKAK;sokak;321965
SİVAS;ZARA;REŞİTPAŞA;GÖKTUĞ SOKAK;sokak;1053698
SİVAS;ZARA;REŞİTPAŞA;İSMET PAŞA CADDE;cadde;321967
SİVAS;ZARA;REŞİTPAŞA;KOCABEY SOKAK;sokak;91894
SİVAS;ZARA;REŞİTPAŞA;KÖSEDAĞ SOKAK;sokak;721487
SİVAS;ZARA;REŞİTPAŞA;LÜTFULLAHOĞLU SOKAK;sokak;948406
SİVAS;ZARA;REŞİTPAŞA;LÜTVİ GÖNÜLLER SOKAK;sokak;321966
SİVAS;ZARA;REŞİTPAŞA;OĞUZHANLAR SOKAK;sokak;225531
SİVAS;ZARA;REŞİTPAŞA;OSMANGAZİ CADDE;cadde;722791
SİVAS;ZARA;REŞİTPAŞA;ÖNDER SOKAK;sokak;817821041
SİVAS;ZARA;REŞİTPAŞA;ÖZTÜRK SOKAK;sokak;725055
SİVAS;ZARA;REŞİTPAŞA;PAZARYOLU SOKAK;sokak;843313390
SİVAS;ZARA;REŞİTPAŞA;REŞİT PAŞA CADDE;cadde;465402
SİVAS;ZARA;REŞİTPAŞA;REŞİTPAŞA YENİ YOL 16 SOKAK;sokak;238564380
SİVAS;ZARA;REŞİTPAŞA;REŞİTPAŞA YENİYOL 14 SOKAK;sokak;664799810
SİVAS;ZARA;REŞİTPAŞA;REŞİTPAŞA YENİYOL 15 SOKAK;sokak;640985440
SİVAS;ZARA;REŞİTPAŞA;REŞİTPAŞA YENİYOL 4 SOKAK;sokak;338375350
SİVAS;ZARA;REŞİTPAŞA;REŞİTPAŞA YENİYOL 5 SOKAK;sokak;834239210
SİVAS;ZARA;REŞİTPAŞA;REŞİTPAŞA YENİYOL 7 SOKAK;sokak;982023100
SİVAS;ZARA;REŞİTPAŞA;REŞİTPAŞA/1 SOKAK;sokak;298403370
SİVAS;ZARA;REŞİTPAŞA;SAHİL YOLU CADDE;cadde;1313993
SİVAS;ZARA;REŞİTPAŞA;SITKI CANTÜRK CADDE;cadde;619684000
SİVAS;ZARA;REŞİTPAŞA;ŞEHİT SEDAT BAKACAK CADDE;cadde;117897990
SİVAS;ZARA;SANCAKKALE - BÖLÜKLER;BÖLÜKLER KÜME EVLER;sokak;675320
SİVAS;ZARA;SANCAKKALE NA;SANCAKKALE KÜME EVLER;sokak;677546
SİVAS;ZARA;SARIYUSUF NA;SARIYUSUF KÜME EVLER;sokak;683965
SİVAS;ZARA;SEDİLLE - AŞAĞI SEDİLLE;AŞAĞI SEDİLLE KÜME EVLER;sokak;473955
SİVAS;ZARA;SEDİLLE - SALMAHAN;SALMAHAN KÜME EVLER;sokak;475858
SİVAS;ZARA;SEDİLLE - TEKELİ;TEKELİ KÜME EVLER;sokak;478971
SİVAS;ZARA;SEDİLLE NA;SEDİLLE KÜME EVLER;sokak;450803
SİVAS;ZARA;SELİMİYE NA;SELİMİYE KÜME EVLER;sokak;675195
SİVAS;ZARA;SETEN - YUKARI SETEN;YUKARI SETEN KÜME EVLER;sokak;668810
SİVAS;ZARA;SETEN NA;SETEN KÜME EVLER;sokak;669376
SİVAS;ZARA;SORKUN - KÜÇÜK SORHUN;KÜÇÜK SORHUN KÜME EVLER;sokak;669006
SİVAS;ZARA;SORKUN NA;SORKUN KÜME EVLER;sokak;329658
SİVAS;ZARA;SÖĞÜTLÜ NA;SÖĞÜTLÜ KÜME EVLER;sokak;293335
SİVAS;ZARA;SÖĞÜTLÜAĞIL - ARAPLAR;ARAPLAR KÜME EVLER;sokak;671236
SİVAS;ZARA;SÖĞÜTLÜAĞIL NA;SÖĞÜTLÜAĞIL KÜME EVLER;sokak;672425
SİVAS;ZARA;SÖĞÜTÖZÜ - YANIK;YANIK KÜME EVLER;sokak;700430
SİVAS;ZARA;SÖĞÜTÖZÜ NA;SÖĞÜTÖZÜ KÜME EVLER;sokak;697655
SİVAS;ZARA;SUCAK NA;SUCAK KÜME EVLER;sokak;630082
SİVAS;ZARA;ŞAFAKLI - HAÇYURT;HAÇYURT KÜME EVLER;sokak;671217
SİVAS;ZARA;ŞAFAKLI NA;ŞAFAKLI KÜME EVLER;sokak;672290
SİVAS;ZARA;ŞEHİTLER;72 SOKAK;sokak;1521525
SİVAS;ZARA;ŞEHİTLER;80 SOKAK;sokak;913835
SİVAS;ZARA;ŞEHİTLER;82 SOKAK;sokak;913837
SİVAS;ZARA;ŞEHİTLER;ALPARSLAN ÖNDER CADDE;cadde;713703
SİVAS;ZARA;ŞEHİTLER;AVŞAR SOKAK;sokak;707912
SİVAS;ZARA;ŞEHİTLER;AYVAZLAR SOKAK;sokak;164885381
SİVAS;ZARA;ŞEHİTLER;AYYILDIZ SOKAK;sokak;715441
SİVAS;ZARA;ŞEHİTLER;BAĞ SOKAK;sokak;712036
SİVAS;ZARA;ŞEHİTLER;BAYRAK SOKAK;sokak;717979
SİVAS;ZARA;ŞEHİTLER;ÇİĞDEM SOKAK;sokak;710267
SİVAS;ZARA;ŞEHİTLER;EKİCİLER SOKAK;sokak;713058
SİVAS;ZARA;ŞEHİTLER;GÖKYOKUŞLAR SOKAK;sokak;81599
SİVAS;ZARA;ŞEHİTLER;GÜL AHMET SOKAK;sokak;485131
SİVAS;ZARA;ŞEHİTLER;HASTANE CADDE;cadde;136710
SİVAS;ZARA;ŞEHİTLER;İNCİ SOKAK;sokak;155094330
SİVAS;ZARA;ŞEHİTLER;İSMET PAŞA CADDE;cadde;465404
SİVAS;ZARA;ŞEHİTLER;KARDELEN SOKAK;sokak;136713
SİVAS;ZARA;ŞEHİTLER;KORKMAZ SOKAK;sokak;707913
SİVAS;ZARA;ŞEHİTLER;ORHAN GAZİ CADDE;cadde;716754
SİVAS;ZARA;ŞEHİTLER;REŞİT PAŞA CADDE;cadde;321968
SİVAS;ZARA;ŞEHİTLER;SAÇLI SOKAK;sokak;474001
SİVAS;ZARA;ŞEHİTLER;SANCAK SOKAK;sokak;717616
SİVAS;ZARA;ŞEHİTLER;SANTRAL SOKAK;sokak;719227
SİVAS;ZARA;ŞEHİTLER;SELİMLER SOKAK;sokak;715408
SİVAS;ZARA;ŞEHİTLER;ŞEHİT SEDAT BAKACAK CADDE;cadde;914048
SİVAS;ZARA;ŞEHİTLER;ŞEHİTLER İMARYOLU 1 SOKAK;sokak;635635890
SİVAS;ZARA;ŞEHİTLER;ŞEHİTLER YENİ YOL 12 SOKAK;sokak;252807850
SİVAS;ZARA;ŞEHİTLER;ŞEHİTLER YENİ YOL 14 SOKAK;sokak;997402010
SİVAS;ZARA;ŞEHİTLER;ŞEHİTLER YENİ YOL 16 SOKAK;sokak;832979520
SİVAS;ZARA;ŞEHİTLER;ŞEHİTLER YENİ YOL 17 SOKAK;sokak;334250590
SİVAS;ZARA;ŞEHİTLER;ŞEHİTLER YENİ YOL 19 SOKAK;sokak;380521890
SİVAS;ZARA;ŞEHİTLER;ŞEHİTLER YENİ YOL 2 SOKAK;sokak;448900510
SİVAS;ZARA;ŞEHİTLER;ŞEHİTLER YENİ YOL 21 SOKAK;sokak;806240180
SİVAS;ZARA;ŞEHİTLER;ŞEHİTLER YENİ YOL 27 SOKAK;sokak;574513380
SİVAS;ZARA;ŞEHİTLER;ŞEHİTLER YENİ YOL 29 SOKAK;sokak;767455040
SİVAS;ZARA;ŞEHİTLER;ŞEHİTLER YENİ YOL 3 SOKAK;sokak;187409100
SİVAS;ZARA;ŞEHİTLER;ŞEHİTLER YENİ YOL 4 SOKAK;sokak;950150790
SİVAS;ZARA;ŞEHİTLER;ŞEHİTLER YENİ YOL 6 SOKAK;sokak;926396320
SİVAS;ZARA;ŞEHİTLER;ŞENER SOKAK;sokak;707915
SİVAS;ZARA;ŞEHİTLER;ÜNAL SOKAK;sokak;717117
SİVAS;ZARA;ŞEHİTLER;YILDIZLAR SOKAK;sokak;716757
SİVAS;ZARA;ŞEHİTLER;YUSUF YILDIRIM CADDE;cadde;707070
SİVAS;ZARA;ŞENYAYLA NA;ŞENYAYLA KÜME EVLER;sokak;678651
SİVAS;ZARA;ŞEREFİYE - ATATÜRK;CAMİİ SOKAK;sokak;321990
SİVAS;ZARA;ŞEREFİYE - ATATÜRK;IHLAMUR SOKAK;sokak;321991
SİVAS;ZARA;ŞEREFİYE - ATATÜRK;KÖSEDAĞ SOKAK;sokak;465413
SİVAS;ZARA;ŞEREFİYE - ATATÜRK;ŞİRİN SOKAK;sokak;465412
SİVAS;ZARA;ŞEREFİYE - ATATÜRK;ÜÇGÜL SOKAK;sokak;321989
SİVAS;ZARA;ŞEREFİYE - ATATÜRK;VALİ HALİL RIFAT PAŞA SOKAK;sokak;321987
SİVAS;ZARA;ŞEREFİYE - ATATÜRK;YILDIRIM SOKAK;sokak;321988
SİVAS;ZARA;ŞEREFİYE - FATİH;ÇİMEN SOKAK;sokak;321996
SİVAS;ZARA;ŞEREFİYE - FATİH;İSMET PAŞA SOKAK;sokak;321997
SİVAS;ZARA;ŞEREFİYE - FATİH;OKUL SOKAK;sokak;321992
SİVAS;ZARA;ŞEREFİYE - FATİH;SANAYİ SOKAK;sokak;321993
SİVAS;ZARA;ŞEREFİYE - FATİH;STADYUM SOKAK;sokak;321994
SİVAS;ZARA;ŞEREFİYE - FATİH;VALİ HALİL RIFAT PAŞA SOKAK;sokak;465414
SİVAS;ZARA;ŞEREFİYE - FATİH;YEŞİLIRMAK SOKAK;sokak;321995
SİVAS;ZARA;ŞEREFİYE - KARŞIYAKA;DEĞİRMEN SOKAK;sokak;465415
SİVAS;ZARA;ŞEREFİYE - KARŞIYAKA;KANDİLLİ SOKAK;sokak;321998
SİVAS;ZARA;ŞEREFİYE - KARŞIYAKA;VALİ HALİL RIFAT PAŞA SOKAK;sokak;321999
SİVAS;ZARA;ŞEREFİYE - KARŞIYAKA;YEŞİL SOKAK;sokak;465416
SİVAS;ZARA;ŞEYHMERZUBAN;ADAYANI SOKAK;sokak;916980
SİVAS;ZARA;ŞEYHMERZUBAN;AHMET ÇAVUŞ SOKAK;sokak;916933
SİVAS;ZARA;ŞEYHMERZUBAN;AHMET EFENDİ SOKAK;sokak;916923
SİVAS;ZARA;ŞEYHMERZUBAN;ALAATTİN KEYKUBAT SOKAK;sokak;321969
SİVAS;ZARA;ŞEYHMERZUBAN;ATEŞLER SOKAK;sokak;916928
SİVAS;ZARA;ŞEYHMERZUBAN;AY SOKAK;sokak;916960
SİVAS;ZARA;ŞEYHMERZUBAN;BAĞLAMA CADDE;cadde;916916
SİVAS;ZARA;ŞEYHMERZUBAN;BAHCE SOKAK;sokak;916982
SİVAS;ZARA;ŞEYHMERZUBAN;BEKİR EFENDİ SOKAK;sokak;916934
SİVAS;ZARA;ŞEYHMERZUBAN;BEKİR OBA SOKAK;sokak;916961
SİVAS;ZARA;ŞEYHMERZUBAN;BEKİRAĞA SOKAK;sokak;916968
SİVAS;ZARA;ŞEYHMERZUBAN;CAMİ SOKAK;sokak;916956
SİVAS;ZARA;ŞEYHMERZUBAN;ÇATMA KAYA SOKAK;sokak;916917
SİVAS;ZARA;ŞEYHMERZUBAN;ÇİLE SOKAK;sokak;321971
SİVAS;ZARA;ŞEYHMERZUBAN;DELİCE SOKAK;sokak;916772
SİVAS;ZARA;ŞEYHMERZUBAN;DEMİRKIRAN SOKAK;sokak;916947
SİVAS;ZARA;ŞEYHMERZUBAN;FEYZULLAH ÇAVUŞ SOKAK;sokak;916943
SİVAS;ZARA;ŞEYHMERZUBAN;GÛL SOKAK;sokak;916984
SİVAS;ZARA;ŞEYHMERZUBAN;GÜVEN. SOKAK;sokak;916977
SİVAS;ZARA;ŞEYHMERZUBAN;HACI OBA SOKAK;sokak;916962
SİVAS;ZARA;ŞEYHMERZUBAN;HACI ÖMER SOKAK;sokak;916918
SİVAS;ZARA;ŞEYHMERZUBAN;HALİL ÇAVUŞ SOKAK;sokak;916926
SİVAS;ZARA;ŞEYHMERZUBAN;HİKMET YILDIZ SOKAK;sokak;916971
SİVAS;ZARA;ŞEYHMERZUBAN;HİMMET MEHMET SOKAK;sokak;916966
SİVAS;ZARA;ŞEYHMERZUBAN;İBOŞ SOKAK;sokak;916991
SİVAS;ZARA;ŞEYHMERZUBAN;İBRAHİM EL AZİZ CADDE;cadde;916915
SİVAS;ZARA;ŞEYHMERZUBAN;İBRAHİM EL AZİZ/1 SOKAK;sokak;310815080
SİVAS;ZARA;ŞEYHMERZUBAN;İBRAHİM SOKAK;sokak;916986
SİVAS;ZARA;ŞEYHMERZUBAN;İMAM HASAN SOKAK;sokak;916939
SİVAS;ZARA;ŞEYHMERZUBAN;İMAM SOKAK;sokak;916992
SİVAS;ZARA;ŞEYHMERZUBAN;İMAMOĞLU SOKAK;sokak;916952
SİVAS;ZARA;ŞEYHMERZUBAN;KALE CADDE;cadde;321970
SİVAS;ZARA;ŞEYHMERZUBAN;KALKAN ÇİFLİĞİ KÜME EVLERİ - 2 KÜME EVLER;sokak;1523087
SİVAS;ZARA;ŞEYHMERZUBAN;KASIMOĞLU SOKAK;sokak;916924
SİVAS;ZARA;ŞEYHMERZUBAN;KAYADİBİ SOKAK;sokak;916969
SİVAS;ZARA;ŞEYHMERZUBAN;KAYALI SOKAK;sokak;916967
SİVAS;ZARA;ŞEYHMERZUBAN;KIRIŞ SOKAK;sokak;916987
SİVAS;ZARA;ŞEYHMERZUBAN;KUZGUNLAR SOKAK;sokak;916931
SİVAS;ZARA;ŞEYHMERZUBAN;KÜLLÜK SOKAK;sokak;916965
SİVAS;ZARA;ŞEYHMERZUBAN;KÜNBET CADDE;cadde;916914
SİVAS;ZARA;ŞEYHMERZUBAN;LAFÇILAR SOKAK;sokak;916989
SİVAS;ZARA;ŞEYHMERZUBAN;MAİSOĞLU SOKAK;sokak;916942
SİVAS;ZARA;ŞEYHMERZUBAN;MAKSUTOĞLU SOKAK;sokak;916937
SİVAS;ZARA;ŞEYHMERZUBAN;MAMURHAN SOKAK;sokak;916950
SİVAS;ZARA;ŞEYHMERZUBAN;MEVLÜT SOKAK;sokak;916954
SİVAS;ZARA;ŞEYHMERZUBAN;NUR SOKAK;sokak;916978
SİVAS;ZARA;ŞEYHMERZUBAN;OKUL SOKAK;sokak;916963
SİVAS;ZARA;ŞEYHMERZUBAN;ORTA CADDE;cadde;916935
SİVAS;ZARA;ŞEYHMERZUBAN;ÖRĞÜN SOKAK;sokak;916957
SİVAS;ZARA;ŞEYHMERZUBAN;PAPATYA SOKAK;sokak;916979
SİVAS;ZARA;ŞEYHMERZUBAN;PARK SOKAK;sokak;916983
SİVAS;ZARA;ŞEYHMERZUBAN;SAHİL SOKAK;sokak;916988
SİVAS;ZARA;ŞEYHMERZUBAN;SİVAS-ERZİNCAN BULVAR;sokak;243145020
SİVAS;ZARA;ŞEYHMERZUBAN;ŞEYH AHMET SOKAK;sokak;916936
SİVAS;ZARA;ŞEYHMERZUBAN;ŞEYHMERZUBAN YENİYOL5 SOKAK;sokak;365666510
SİVAS;ZARA;ŞEYHMERZUBAN;ŞİMŞEK. SOKAK;sokak;916938
SİVAS;ZARA;ŞEYHMERZUBAN;TEKİNLER SOKAK;sokak;916940
SİVAS;ZARA;ŞEYHMERZUBAN;TEPE SOKAK;sokak;916994
SİVAS;ZARA;ŞEYHMERZUBAN;TİRİT SOKAK;sokak;916964
SİVAS;ZARA;ŞEYHMERZUBAN;TOPALOĞLU SOKAK;sokak;916929
SİVAS;ZARA;ŞEYHMERZUBAN;TÜRBE SOKAK;sokak;916974
SİVAS;ZARA;ŞEYHMERZUBAN;YAZI TARLA SOKAK;sokak;916941
SİVAS;ZARA;ŞEYHMERZUBAN;YUSUFAĞA SOKAK;sokak;916972
SİVAS;ZARA;ŞEYHMERZUBAN;ZARA DİVRİĞİ BULVAR;sokak;202902760
SİVAS;ZARA;TAŞGÖZE - AZİZAĞA;AZİZAĞA KÜME EVLER;sokak;608577
SİVAS;ZARA;TAŞGÖZE - ETOLAR;ETOLARR KÜME EVLER;sokak;601712
SİVAS;ZARA;TAŞGÖZE - HASANAĞA;HASANAĞA KÜME EVLER;sokak;600509
SİVAS;ZARA;TAŞGÖZE - KARATAŞ;KARATAŞ KÜME EVLER;sokak;601683
SİVAS;ZARA;TAŞGÖZE - KÖNDÜL;KÖNDÜL KÜME EVLER;sokak;606809
SİVAS;ZARA;TAŞGÖZE - KÜLLÜK;KÜLLÜK KÜME EVLER;sokak;600340
SİVAS;ZARA;TAŞGÖZE - TEMOLAR;TEMOLAR KÜME EVLER KÜME EVLER;sokak;601730
SİVAS;ZARA;TAŞGÖZE NA;TAŞGÖZEE KÜME EVLER;sokak;608110
SİVAS;ZARA;TEPEKÖY - AŞAĞI;AŞAĞI KÜME EVLER;sokak;608016
SİVAS;ZARA;TEPEKÖY - ORTA;ORTA KÜME EVLER;sokak;605882
SİVAS;ZARA;TEPEKÖY - YUKARI;YUKARI KÜME EVLER;sokak;609000
SİVAS;ZARA;TOPAKTAŞ NA;TOPAKTAŞ KÜME EVLER;sokak;683571
SİVAS;ZARA;TÖDÜRGE - KIRIKLI;KIRIKLI KÜME EVLER;sokak;193075
SİVAS;ZARA;TÖDÜRGE - TÖDÜRGE GÖLÜ;TÖDÜRGE GÖLÜ KÜME EVLER;sokak;193076
SİVAS;ZARA;TÖDÜRGE NA;TÖDÜRGE KÜME EVLER;sokak;193062
SİVAS;ZARA;TUZLAGÖZÜ - BAYRAMLI;BAYRAMLI KÜME EVLER;sokak;718919
SİVAS;ZARA;TUZLAGÖZÜ - ÇORAK;ÇORAK KÜME EVLER;sokak;719805
SİVAS;ZARA;TUZLAGÖZÜ - DOKTORUNAĞILI;DOKTORUNAĞILI KÜME EVLER;sokak;719808
SİVAS;ZARA;TUZLAGÖZÜ - İMİRHAN;İMİRHAN KÜME EVLER;sokak;726063
SİVAS;ZARA;TUZLAGÖZÜ - İNÖNÜ;İNÖNÜ KÜME EVLER;sokak;714809
SİVAS;ZARA;TUZLAGÖZÜ - KARACAOVA;KARACAOVA KÜME EVLER;sokak;719806
SİVAS;ZARA;TUZLAGÖZÜ - KEMKİNE;KEMKİNE KÜME EVLER;sokak;878000
SİVAS;ZARA;TUZLAGÖZÜ - LALUKLAR;LALUKLAR KÜME EVLER;sokak;726061
SİVAS;ZARA;TUZLAGÖZÜ - PALANGA;PALANGA KÜME EVLER;sokak;719807
SİVAS;ZARA;TUZLAGÖZÜ - YUVA;YUVA KÜME EVLER;sokak;715535
SİVAS;ZARA;TUZLAGÖZÜ NA;TUZLAGÖZÜ KÜME EVLER;sokak;722007
SİVAS;ZARA;ÜNGÜR NA;ÜNGÜR KÜME EVLER;sokak;683964
SİVAS;ZARA;ÜTÜK - GÜCÜKALİ;GÜCÜKALİ KÜME EVLER;sokak;684194
SİVAS;ZARA;ÜTÜK - KAVAK;KAVAK KÜME EVLER;sokak;682436
SİVAS;ZARA;ÜTÜK NA;ÜTÜK KÜME EVLER;sokak;99729
SİVAS;ZARA;ÜTÜKYURDU - EVELİKLİ;EVELİKLİ KÜME EVLER;sokak;85382
SİVAS;ZARA;ÜTÜKYURDU - KABALAKLI;KABALAKLI KÜME EVLER;sokak;610796
SİVAS;ZARA;ÜTÜKYURDU - KAZELÖREN;KAZELÖREN KÜME EVLER;sokak;721115
SİVAS;ZARA;ÜTÜKYURDU - KÖSEDAĞ;KÖSEDAĞ KÜME EVLER;sokak;348576
SİVAS;ZARA;ÜTÜKYURDU NA;ÜTÜKYURDU KÜME EVLER;sokak;617383
SİVAS;ZARA;YAPAK - AĞKAYA;AĞKAYA KÜME EVLER;sokak;701117
SİVAS;ZARA;YAPAK - ARMUTLU;ARMUTLU KÜME EVLER;sokak;334817
SİVAS;ZARA;YAPAK - ÇAMLIKAYAK;ÇAMLIKAYAK KÜME EVLER;sokak;698123
SİVAS;ZARA;YAPAK - ÇATAK;ÇATAK KÜME EVLER;sokak;701016
SİVAS;ZARA;YAPAK - KARINDİBİ;- KÖY SOKAĞI;sokak;280953
SİVAS;ZARA;YAPAK - KARŞIYURT;KARŞIYURT KÜME EVLER;sokak;696837
SİVAS;ZARA;YAPAK - KIZILDİKME;KIZILDİKME KÜME EVLER;sokak;696378
SİVAS;ZARA;YAPAK - KURNASLI;KURNASLI KÜME EVLER;sokak;695867
SİVAS;ZARA;YAPAK - KUŞCAPINAR;KUŞCAPINAR KÜME EVLER;sokak;120896
SİVAS;ZARA;YAPAK - KÜÇÜKÇAT;KÜÇÜKÇAT KÜME EVLER;sokak;280942
SİVAS;ZARA;YAPAK - SUNGUR;SUNGUR KÜME EVLER;sokak;697323
SİVAS;ZARA;YAPAK NA;YAPAK KÜME EVLER;sokak;417078
SİVAS;ZARA;YARAĞIL - ALUÇ;ALUÇ KÜME EVLER;sokak;593245
SİVAS;ZARA;YARAĞIL NA;YARAĞIL KÜME EVLER;sokak;601371
SİVAS;ZARA;YARIMKAYA NA;YARIMKAYA KÜME EVLER;sokak;672427
SİVAS;ZARA;YAYIKÖZÜ - AŞAĞIPEYNİK;AŞAĞIPEYNİK KÜME EVLER;sokak;628904
SİVAS;ZARA;YAYIKÖZÜ - OSMAN HOCA;OSMAN HOCA KÜME EVLER;sokak;622386
SİVAS;ZARA;YAYIKÖZÜ NA;YAYIKÖZÜ KÜME EVLER;sokak;619230
SİVAS;ZARA;YENİCAMİİ;113 SOKAK;sokak;913175
SİVAS;ZARA;YENİCAMİİ;114 SOKAK;sokak;913176
SİVAS;ZARA;YENİCAMİİ;115 SOKAK;sokak;913177
SİVAS;ZARA;YENİCAMİİ;116 SOKAK;sokak;913178
SİVAS;ZARA;YENİCAMİİ;117 SOKAK;sokak;913179
SİVAS;ZARA;YENİCAMİİ;118 SOKAK;sokak;913180
SİVAS;ZARA;YENİCAMİİ;119 SOKAK;sokak;913181
SİVAS;ZARA;YENİCAMİİ;120 SOKAK;sokak;913182
SİVAS;ZARA;YENİCAMİİ;121 SOKAK;sokak;913183
SİVAS;ZARA;YENİCAMİİ;129 SOKAK;sokak;913191
SİVAS;ZARA;YENİCAMİİ;130 SOKAK;sokak;913192
SİVAS;ZARA;YENİCAMİİ;132 SOKAK;sokak;913194
SİVAS;ZARA;YENİCAMİİ;133 SOKAK;sokak;913195
SİVAS;ZARA;YENİCAMİİ;134 SOKAK;sokak;913805
SİVAS;ZARA;YENİCAMİİ;135 SOKAK;sokak;913197
SİVAS;ZARA;YENİCAMİİ;136 SOKAK;sokak;913198
SİVAS;ZARA;YENİCAMİİ;137 SOKAK;sokak;913809
SİVAS;ZARA;YENİCAMİİ;138 SOKAK;sokak;913200
SİVAS;ZARA;YENİCAMİİ;139 SOKAK;sokak;913812
SİVAS;ZARA;YENİCAMİİ;141 SOKAK;sokak;913203
SİVAS;ZARA;YENİCAMİİ;142 SOKAK;sokak;913204
SİVAS;ZARA;YENİCAMİİ;143 SOKAK;sokak;913205
SİVAS;ZARA;YENİCAMİİ;145 SOKAK;sokak;913207
SİVAS;ZARA;YENİCAMİİ;146 SOKAK;sokak;913208
SİVAS;ZARA;YENİCAMİİ;156 SOKAK;sokak;913219
SİVAS;ZARA;YENİCAMİİ;158 SOKAK;sokak;913221
SİVAS;ZARA;YENİCAMİİ;160 SOKAK;sokak;913228
SİVAS;ZARA;YENİCAMİİ;161 SOKAK;sokak;913224
SİVAS;ZARA;YENİCAMİİ;162 SOKAK;sokak;913225
SİVAS;ZARA;YENİCAMİİ;163 SOKAK;sokak;913229
SİVAS;ZARA;YENİCAMİİ;165 SOKAK;sokak;913231
SİVAS;ZARA;YENİCAMİİ;166 SOKAK;sokak;913232
SİVAS;ZARA;YENİCAMİİ;167 SOKAK;sokak;913233
SİVAS;ZARA;YENİCAMİİ;168 SOKAK;sokak;913234
SİVAS;ZARA;YENİCAMİİ;169 SOKAK;sokak;913235
SİVAS;ZARA;YENİCAMİİ;170 SOKAK;sokak;913236
SİVAS;ZARA;YENİCAMİİ;171 SOKAK;sokak;913237
SİVAS;ZARA;YENİCAMİİ;173 SOKAK;sokak;913239
SİVAS;ZARA;YENİCAMİİ;174 SOKAK;sokak;913821
SİVAS;ZARA;YENİCAMİİ;175 SOKAK;sokak;913241
SİVAS;ZARA;YENİCAMİİ;176 SOKAK;sokak;913242
SİVAS;ZARA;YENİCAMİİ;178 SOKAK;sokak;913244
SİVAS;ZARA;YENİCAMİİ;180 SOKAK;sokak;913246
SİVAS;ZARA;YENİCAMİİ;181 SOKAK;sokak;913247
SİVAS;ZARA;YENİCAMİİ;ADNAN SOKAK;sokak;914022
SİVAS;ZARA;YENİCAMİİ;AĞIL KAPISI KÜME EVLER;sokak;321973
SİVAS;ZARA;YENİCAMİİ;AĞILKAPISI CADDE;cadde;914007
SİVAS;ZARA;YENİCAMİİ;AHMET AĞA ÇİFTLİĞİ KÜME EVLER;sokak;465405
SİVAS;ZARA;YENİCAMİİ;AKARSU SOKAK;sokak;1434693
SİVAS;ZARA;YENİCAMİİ;AKIN SOKAK;sokak;914021
SİVAS;ZARA;YENİCAMİİ;AKINLAR SOKAK;sokak;321972
SİVAS;ZARA;YENİCAMİİ;BÜKLÜM SOKAK;sokak;101417371
SİVAS;ZARA;YENİCAMİİ;ÇAĞDAŞ SOKAK;sokak;302468391
SİVAS;ZARA;YENİCAMİİ;ÇAKIR AĞILI- KÜME EVLER;sokak;719308
SİVAS;ZARA;YENİCAMİİ;ÇAYGÖZ AĞILI- KÜME EVLER;sokak;465410
SİVAS;ZARA;YENİCAMİİ;ÇORAK ÇİFTLİĞİ KÜME EVLER;sokak;321984
SİVAS;ZARA;YENİCAMİİ;DÖNMEZLER KÜME EVLER;sokak;1439279
SİVAS;ZARA;YENİCAMİİ;EFE SOKAK;sokak;186602251
SİVAS;ZARA;YENİCAMİİ;ELVAN SOKAK;sokak;914024
SİVAS;ZARA;YENİCAMİİ;GÖKÇE SOKAK;sokak;465406
SİVAS;ZARA;YENİCAMİİ;GÜNEŞ SOKAK;sokak;401030
SİVAS;ZARA;YENİCAMİİ;HAMAM SOKAK;sokak;321974
SİVAS;ZARA;YENİCAMİİ;HATİP/1 SOKAK;sokak;959132400
SİVAS;ZARA;YENİCAMİİ;HAYAT SOKAK;sokak;128384391
SİVAS;ZARA;YENİCAMİİ;HÜSEYİN KAPLAN CADDE;cadde;913184
SİVAS;ZARA;YENİCAMİİ;İBRAHİM KURT KÜME EVLER;sokak;321985
SİVAS;ZARA;YENİCAMİİ;İSMET PAŞA CADDE;cadde;321986
SİVAS;ZARA;YENİCAMİİ;KARA İBRAHİM AĞILI KÜME EVLER;sokak;465407
SİVAS;ZARA;YENİCAMİİ;KARCILAR SOKAK;sokak;321975
SİVAS;ZARA;YENİCAMİİ;KATIKCILAR- KÜME EVLER;sokak;719073
SİVAS;ZARA;YENİCAMİİ;KÖPRÜ BAŞI KÜME EVLER;sokak;465408
SİVAS;ZARA;YENİCAMİİ;KURTLAR SOKAK;sokak;321978
SİVAS;ZARA;YENİCAMİİ;MAHMUTOĞULLARI SOKAK;sokak;720152
SİVAS;ZARA;YENİCAMİİ;MEHMET HABİP SOLUK CADDE;cadde;928738
SİVAS;ZARA;YENİCAMİİ;MIMOZA SOKAK;sokak;808118391
SİVAS;ZARA;YENİCAMİİ;OYUKLU ÇİFTLİĞİ KÜME EVLER;sokak;465409
SİVAS;ZARA;YENİCAMİİ;REŞİT PAŞA CADDE;cadde;321981
SİVAS;ZARA;YENİCAMİİ;SUKUT SOKAK;sokak;914023
SİVAS;ZARA;YENİCAMİİ;ŞENYURT SOKAK;sokak;465411
SİVAS;ZARA;YENİCAMİİ;VARİNLİ CADDE;cadde;321982
SİVAS;ZARA;YENİCAMİİ;YENİCAMİ YENİ YOL 1 SOKAK;sokak;952383740
SİVAS;ZARA;YENİCAMİİ;YENİCAMİİ İMAR 2 SOKAK;sokak;646342800
SİVAS;ZARA;YENİCAMİİ;YENİCAMİİ İMAR 3 SOKAK;sokak;965141380
SİVAS;ZARA;YENİCAMİİ;YENİCAMİİ YENİYOL 11 SOKAK;sokak;230004410
SİVAS;ZARA;YENİCAMİİ;YENİCAMİİ YENİYOL 12 SOKAK;sokak;442463460
SİVAS;ZARA;YENİCAMİİ;YENİCAMİİ YENİYOL 20 SOKAK;sokak;579093840
SİVAS;ZARA;YENİCAMİİ;YENİCAMİİ YENİYOL 24 SOKAK;sokak;966270470
SİVAS;ZARA;YENİCAMİİ;YENİCAMİİ YENİYOL 3 SOKAK;sokak;599654750
SİVAS;ZARA;YENİCAMİİ;YENİCAMİİ YENİYOL 4 SOKAK;sokak;975771670
SİVAS;ZARA;YENİCAMİİ;YENİCAMİİ YENİYOL 5 SOKAK;sokak;848343810
SİVAS;ZARA;YENİCAMİİ;YENİCAMİİ YENİYOL 6 SOKAK;sokak;803975730
SİVAS;ZARA;YENİCAMİİ;YENİCAMİİ YENİYOL 7 SOKAK;sokak;679292810
SİVAS;ZARA;YENİCAMİİ;YENİCAMİİ YENİYOL 8 SOKAK;sokak;563642350
SİVAS;ZARA;YENİCAMİİ;YENİCAMİİ YENİYOL 9 SOKAK;sokak;478404340
SİVAS;ZARA;YENİCAMİİ;ZARA SUŞEHRİ BULVAR;sokak;128790290
SİVAS;ZARA;YEŞİLDERE - MUDOLAR;MUDOLAR KÜME EVLER;sokak;699819
SİVAS;ZARA;YEŞİLDERE NA;YEŞİLDERE KÜME EVLER;sokak;283148
SİVAS;ZARA;YEŞİLKÖY - İNÖNÜ;İNÖNÜ KÜME EVLER;sokak;690915
SİVAS;ZARA;YEŞİLKÖY NA;YEŞİLKÖY KÜME EVLER;sokak;682349
SİVAS;ZARA;YEŞİMLİ - GÜRLEVİK;GÜRLEVİK KÜME EVLER;sokak;280447
SİVAS;ZARA;YEŞİMLİ NA;YEŞİMLİ KÜME EVLER;sokak;459494
SİVAS;ZARA;YIKILGAN - AKTAŞ;AKTAŞ KÜME EVLER;sokak;157335
SİVAS;ZARA;YIKILGAN NA;YIKILGAN KÜME EVLER;sokak;679578
SİVAS;ZARA;YOĞUNPELİT - ALINPINAR;ALINPINAR KÜME EVLER;sokak;675451
SİVAS;ZARA;YOĞUNPELİT - PUROLAR;PUROLAR KÜME EVLER;sokak;680576
SİVAS;ZARA;YOĞUNPELİT - VEYİSLER;VEYİSLERR KÜME EVLER;sokak;680577
SİVAS;ZARA;YOĞUNPELİT NA;YOĞUNPELİT KÜME EVLER;sokak;677506
SİVAS;ZARA;YOLÖREN - KARAPINAR;KARAPINAR KÜME EVLER;sokak;701524
SİVAS;ZARA;YOLÖREN NA;YOLÖREN KÜME EVLER;sokak;700843
SİVAS;ZARA;YUKARIÇAMÖZÜ - CEFOLAR;CEFOLAR KÜME EVLER;sokak;703932
SİVAS;ZARA;YUKARIÇAMÖZÜ - GÜLABİ;GÜLABİ KÜME EVLER;sokak;695682
SİVAS;ZARA;YUKARIÇAMÖZÜ NA;YUKARIÇAMÖZÜ KÜME EVLER;sokak;695684
SİVAS;ZARA;YUKARIÇAMURCU - GÖLLER;GÖLLER KÜME EVLER;sokak;358273
SİVAS;ZARA;YUKARIÇAMURCU - KELENTER;KELENTER KÜME EVLER;sokak;696340
SİVAS;ZARA;YUKARIÇAMURCU - KELEŞLER;KELEŞLER KÜME EVLER;sokak;698557
SİVAS;ZARA;YUKARIÇAMURCU - KULAKSIZ;KULAKSIZ KÜME EVLER;sokak;699942
SİVAS;ZARA;YUKARIÇAMURCU - YUKARI;YUKARI KÜME EVLER;sokak;700713
SİVAS;ZARA;YUKARIÇAMURCU NA;YUKARIÇAMURCU KÜME EVLER;sokak;694459
SİVAS;ZARA;YUKARIMESCİT - AKSU;AKSU KÜME EVLER;sokak;678865
SİVAS;ZARA;YUKARIMESCİT - GÜLABİ;GÜLABİ KÜME EVLER;sokak;271985
SİVAS;ZARA;YUKARIMESCİT NA;YUKARIMESCİT KÜME EVLER;sokak;674853
SİVAS;ZARA;ZOĞALLI - BOZBEL;BOZBEL KÜME EVLER;sokak;681041
SİVAS;ZARA;ZOĞALLI NA;ZOĞALLI KÜME EVLER;sokak;99518
